281 5 1243 1082 11 557 38736 548 3 14 8 604 312 3150 3019 1799 19 1716 1355 11 1077 56151 471 121072 842 1035 112930 277009 816 359 0 33914 3509043 63270 118675 951 9 633 2462 24 658 513 1572 1 18 14402 373 2 940 1229 1222 2253 5 23 20 8 10 1531 862 1202 6 735 389 4 206 40883 876 130858 205 582 14 1395 840 64790 530 59769 304 1084 6 191 618 18 10 11 17 3 88 404 4 7 11 0 294 7 12865 274 17435 600 387 0 660 680 385 5 720 0 144 361 327 2 8 15 9 465 397 4 253 223 0 7 1 3 6 4 2 6 204 161 219 
22 3 332 54 13 493 220 98 2 1 1 11 12 1782 552 182 37 735 151 12 357 13355 460 1603 1184 1616 8711 4293 1771 134 0 48930 1358 39095 441 1727 12 32 1714 6 162 45 36 2 76 156 53 1 21 57 236 8 19 4 7 1 14 0 236 13 13 20 32 1 87 1876 246 144 662 46 3 22 617 2585 69 198 480 61 2 10 484 0 1 1 0 0 8 1 0 0 0 0 12 2 21 28 37 3 40 1 0 8 40 0 4 0 9 18 2 0 0 0 1 0 8 2 5 1 0 0 0 0 0 0 0 0 1 1 0 
0 7 0 0 35 1470 0 0 9 0 14 0 0 0 0 0 89 0 0 63 0 0 2625 0 2821 2945 0 0 4066 0 4 174515 0 0 0 6196 68 0 0 0 0 0 0 27 352 0 0 5 0 0 0 0 26 0 0 0 0 0 0 0 24 0 0 12 0 0 2368 0 1740 0 39 0 0 0 1932 0 1397 0 30 0 0 0 0 0 0 2 0 0 0 0 0 5 0 0 0 1067 0 0 0 19 0 0 0 21 0 9 0 0 0 0 0 0 0 0 0 15 0 0 3 0 0 0 0 0 0 10 0 0 0 
27 8 80 185 39 1317 347 101 19 1 11 4 30 75 375 806 80 264 454 102 340 8109 4680 2183 2299 4523 29119 1746 4066 126 14 134841 2831 3155 2060 5858 68 379 155 0 105 78 14 48 603 205 176 17 0 160 61 19 34 4 2 4 0 0 45 212 37 9 58 36 48 5908 2072 88 1557 142 42 22 5 319 1066 619 1608 7 16 126 5 1 1 0 0 7 38 0 0 0 0 4 1 4 75 497 6 51 34 20 0 4 19 12 3 7 22 1 2 0 0 0 2 0 2 16 23 0 0 1 0 0 0 1 0 1 2 6 0 
0 6 0 0 23 1299 0 0 4 0 12 0 0 0 0 0 67 0 0 27 0 0 1175 0 2746 2296 0 0 3681 0 1 152864 0 0 0 4196 32 0 0 0 0 0 0 3 169 0 0 1 0 0 0 0 27 0 0 0 0 0 0 0 14 0 0 2 0 0 1992 0 1626 0 25 0 0 0 1665 0 1122 0 20 0 0 0 0 0 0 2 0 0 0 0 0 4 0 0 0 878 0 0 0 17 0 0 0 15 0 3 0 0 0 0 0 0 0 0 0 11 0 0 4 0 0 0 0 0 0 8 0 0 0 
0 9 0 0 31 1742 0 0 18 0 20 0 0 0 0 0 90 0 0 74 0 0 4902 0 3250 3832 0 0 4506 0 10 184828 0 0 0 4698 29 0 0 0 0 0 0 35 827 0 0 12 0 0 0 0 29 0 0 0 0 0 0 0 18 0 0 32 0 0 3374 0 1846 0 30 0 0 0 2712 0 1501 0 37 0 0 0 0 0 0 12 0 0 0 0 0 10 0 0 0 1080 0 0 0 18 0 0 0 17 0 27 0 0 0 0 0 0 0 0 0 25 0 0 0 0 0 0 0 0 0 8 0 0 0 
61 1 402 29 5 248 1806 238 0 0 0 25 32 2517 74 123 11 1280 51 0 931 37317 0 11494 465 535 7127 21068 963 271 0 30204 34658 20708 403 957 3 0 1418 0 26 22 160 0 0 1242 39 0 82 0 0 0 9 0 0 0 14 202 206 0 8 60 52 0 213 7799 0 1294 424 120 0 3 422 2676 0 918 274 79 0 0 368 0 5 0 0 0 46 5 0 0 0 0 30 0 485 0 77 0 91 0 13 0 0 0 0 0 38 23 5 0 0 1 0 32 6 0 0 0 0 0 0 0 0 0 0 0 11 0 2 
0 2 0 0 5 339 0 0 0 0 1 0 0 0 0 0 11 0 0 0 0 0 0 0 786 557 0 0 1616 0 0 39955 0 0 0 1072 3 0 0 0 0 0 0 0 0 0 0 0 0 0 0 0 14 0 0 0 0 0 0 0 8 0 0 0 0 0 248 0 597 0 5 0 0 0 29 0 312 0 0 0 0 0 0 0 0 0 0 0 0 0 0 0 0 0 0 31 0 0 0 0 0 0 0 0 0 0 0 0 0 0 0 0 0 0 0 0 0 0 0 0 0 0 0 0 0 0 0 0 0 
0 5 0 0 22 958 0 0 5 0 6 0 0 0 0 0 65 0 0 33 0 0 1341 0 2101 2378 0 0 3090 0 1 107060 0 0 0 3668 32 0 0 0 0 0 0 5 178 0 0 2 0 0 0 0 27 0 0 0 0 0 0 0 22 0 0 6 0 0 960 0 1202 0 15 0 0 0 743 0 1006 0 10 0 0 0 0 0 0 0 0 0 0 0 0 1 0 0 0 435 0 0 0 10 0 0 0 12 0 1 0 0 0 0 0 0 0 0 0 5 0 0 1 0 0 0 0 0 0 3 0 0 0 
0 5 0 0 19 1121 0 0 4 0 10 0 0 0 0 0 54 0 0 15 0 0 1289 0 2580 2110 0 0 3692 0 0 126567 0 0 0 3242 22 0 0 0 0 0 0 15 241 0 0 0 0 0 0 0 30 0 0 0 0 0 0 0 18 0 0 5 0 0 1435 0 1440 0 22 0 0 0 1476 0 909 0 21 0 0 0 0 0 0 4 0 0 0 0 0 4 0 0 0 741 0 0 0 13 0 0 0 14 0 9 0 0 0 0 0 0 0 0 0 7 0 0 1 0 0 0 0 0 0 3 0 0 0 
0 3 0 0 17 596 0 0 2 0 1 0 0 0 0 0 48 0 0 13 0 0 601 0 1426 1332 0 0 2559 0 0 68193 0 0 0 3049 30 0 0 0 0 0 0 12 111 0 0 2 0 0 0 0 33 0 0 0 0 0 0 0 21 0 0 1 0 0 241 0 1104 0 3 0 0 0 47 0 661 0 1 0 0 0 0 0 0 0 0 0 0 0 0 0 0 0 0 36 0 0 0 2 0 0 0 2 0 0 0 0 0 0 0 0 0 0 0 0 0 0 0 0 0 0 0 0 0 0 0 0 0 
0 2 0 0 7 516 0 0 0 0 1 0 0 0 0 0 20 0 0 0 0 0 0 0 1281 771 0 0 2020 0 0 65746 0 0 0 1368 3 0 0 0 0 0 0 0 0 0 0 0 0 0 0 0 17 0 0 0 0 0 0 0 9 0 0 0 0 0 198 0 1002 0 4 0 0 0 155 0 487 0 2 0 0 0 0 0 0 0 0 0 0 0 0 0 0 0 0 81 0 0 0 0 0 0 0 1 0 0 0 0 0 0 0 0 0 0 0 0 0 0 0 0 0 0 0 0 0 0 0 0 0 
0 8 0 0 34 1465 0 0 12 0 20 0 0 0 0 0 78 0 0 61 0 0 3234 0 2906 3947 0 0 4429 0 2 165368 0 0 0 5164 52 0 0 0 0 0 0 25 359 0 0 10 0 0 0 0 20 0 0 0 0 0 0 0 27 0 0 27 0 0 3257 0 1544 0 59 0 0 0 2358 0 1374 0 44 0 0 0 0 0 0 9 0 0 0 0 0 7 0 0 0 1072 0 0 0 18 0 0 0 22 0 18 0 0 0 0 0 0 0 0 0 18 0 0 4 0 0 0 0 0 0 14 0 0 0 
0 4 0 0 16 569 0 0 4 0 2 0 0 0 0 0 65 0 0 28 0 0 870 0 1447 2252 0 0 2332 0 1 66360 0 0 0 1595 12 0 0 0 0 0 0 1 23 0 0 2 0 0 0 0 18 0 0 0 0 0 0 0 18 0 0 2 0 0 423 0 998 0 5 0 0 0 184 0 536 0 5 0 0 0 0 0 0 0 0 0 0 0 0 0 0 0 0 90 0 0 0 2 0 0 0 1 0 1 0 0 0 0 0 0 0 0 0 1 0 0 0 0 0 0 0 0 0 0 0 0 0 
0 2 0 0 7 516 0 0 0 0 1 0 0 0 0 0 20 0 0 0 0 0 0 0 1281 771 0 0 2020 0 0 65746 0 0 0 1368 3 0 0 0 0 0 0 0 0 0 0 0 0 0 0 0 17 0 0 0 0 0 0 0 9 0 0 0 0 0 198 0 1002 0 4 0 0 0 155 0 487 0 2 0 0 0 0 0 0 0 0 0 0 0 0 0 0 0 0 81 0 0 0 0 0 0 0 1 0 0 0 0 0 0 0 0 0 0 0 0 0 0 0 0 0 0 0 0 0 0 0 0 0 
0 8 0 0 28 1697 0 0 11 0 21 0 0 0 0 0 86 0 0 52 0 0 3239 0 3385 2531 0 0 4229 0 2 193987 0 0 0 4996 36 0 0 0 0 0 0 15 430 0 0 7 0 0 0 0 21 0 0 0 0 0 0 0 12 0 0 23 0 0 3213 0 1647 0 44 0 0 0 3043 0 1041 0 41 0 0 0 0 0 0 8 0 0 0 0 0 8 0 0 0 1637 0 0 0 26 0 0 0 26 0 16 0 0 0 0 0 0 0 0 0 12 0 0 8 0 0 0 0 0 0 19 0 0 0 
0 4 0 0 24 648 0 0 4 0 2 0 0 0 0 0 70 0 0 27 0 0 888 0 1590 3315 0 0 2450 0 1 66497 0 0 0 2888 32 0 0 0 0 0 0 9 80 0 0 9 0 0 0 0 18 0 0 0 0 0 0 0 32 0 0 2 0 0 427 0 903 0 5 0 0 0 200 0 800 0 6 0 0 0 0 0 0 1 0 0 0 0 0 0 0 0 0 127 0 0 0 2 0 0 0 4 0 0 0 0 0 0 0 0 0 0 0 4 0 0 0 0 0 0 0 0 0 0 0 0 0 
0 2 0 0 10 328 0 0 1 0 0 0 0 0 0 0 35 0 0 4 0 0 297 0 718 1215 0 0 1520 0 0 39571 0 0 0 1277 9 0 0 0 0 0 0 3 14 0 0 2 0 0 0 0 16 0 0 0 0 0 0 0 12 0 0 0 0 0 0 0 617 0 0 0 0 0 0 0 350 0 0 0 0 0 0 0 0 0 0 0 0 0 0 0 0 0 0 0 0 0 0 0 0 0 0 0 0 0 0 0 0 0 0 0 0 0 0 0 0 0 0 0 0 0 0 0 0 0 0 0 0 
0 1 0 0 5 280 0 0 0 0 0 0 0 0 0 0 11 0 0 0 0 0 0 0 548 557 0 0 1243 0 0 38456 0 0 0 1077 3 0 0 0 0 0 0 0 0 0 0 0 0 0 0 0 14 0 0 0 0 0 0 0 8 0 0 0 0 0 0 0 604 0 0 0 0 0 0 0 312 0 0 0 0 0 0 0 0 0 0 0 0 0 0 0 0 0 0 0 0 0 0 0 0 0 0 0 0 0 0 0 0 0 0 0 0 0 0 0 0 0 0 0 0 0 0 0 0 0 0 0 0 
0 2 0 0 7 499 0 0 0 0 1 0 0 0 0 0 17 0 0 0 0 0 0 0 1328 603 0 0 1944 0 0 61962 0 0 0 1495 4 0 0 0 0 0 0 0 0 0 0 0 0 0 0 0 14 0 0 0 0 0 0 0 8 0 0 0 0 0 211 0 912 0 3 0 0 0 151 0 329 0 2 0 0 0 0 0 0 0 0 0 0 0 0 0 0 0 0 68 0 0 0 0 0 0 0 2 0 0 0 0 0 0 0 0 0 0 0 0 0 0 0 0 0 0 0 0 0 0 0 0 0 
0 4 0 0 22 807 0 0 3 0 4 0 0 0 0 0 47 0 0 20 0 0 806 0 1534 2671 0 0 3367 0 0 97848 0 0 0 3498 37 0 0 0 0 0 0 10 51 0 0 2 0 0 0 0 30 0 0 0 0 0 0 0 27 0 0 4 0 0 654 0 1216 0 11 0 0 0 533 0 1011 0 5 0 0 0 0 0 0 0 0 0 0 0 0 0 0 0 0 382 0 0 0 9 0 0 0 11 0 0 0 0 0 0 0 0 0 0 0 5 0 0 0 0 0 0 0 0 0 2 0 0 0 
0 11 0 0 39 2008 0 0 31 0 28 0 0 0 0 0 90 0 0 141 0 0 8219 0 3275 4116 0 0 4640 0 29 201701 0 0 0 5740 45 0 0 0 0 0 0 45 1211 0 0 22 0 0 0 0 35 0 0 0 0 0 0 0 31 0 0 81 0 0 4194 0 1537 0 75 0 0 0 3592 0 1508 0 55 0 0 0 0 0 0 16 0 0 0 0 0 14 0 0 0 1642 0 0 0 27 0 0 0 19 0 39 0 0 0 0 0 0 0 0 0 14 0 0 7 0 0 0 0 0 0 18 0 0 0 
0 11 0 0 33 2069 0 0 34 0 23 0 0 0 0 0 79 0 0 134 0 0 9065 0 3472 3345 0 0 5575 0 46 218641 0 0 0 5116 43 0 0 0 0 0 0 56 1167 0 0 10 0 0 0 0 36 0 0 0 0 0 0 0 16 0 0 69 0 0 3788 0 1906 0 41 0 0 0 3056 0 1308 0 40 0 0 0 0 0 0 12 0 0 0 0 0 7 0 0 0 1608 0 0 0 21 0 0 0 17 0 28 0 0 0 0 0 0 0 0 0 15 0 0 5 0 0 0 0 0 0 17 0 0 0 
0 9 0 0 31 1728 0 0 19 0 19 0 0 0 0 0 71 0 0 88 0 0 5097 0 3287 3017 0 0 4655 0 13 194624 0 0 0 5311 35 0 0 0 0 0 0 25 660 0 0 8 0 0 0 0 23 0 0 0 0 0 0 0 26 0 0 35 0 0 2988 0 1784 0 41 0 0 0 2738 0 1210 0 39 0 0 0 0 0 0 5 0 0 0 0 0 8 0 0 0 1237 0 0 0 17 0 0 0 23 0 24 0 0 0 0 0 0 0 0 0 10 0 0 2 0 0 0 0 0 0 12 0 0 0 
0 5 0 0 25 1208 0 0 4 0 6 0 0 0 0 0 57 0 0 23 0 0 1316 0 2546 2206 0 0 3566 0 0 152324 0 0 0 5309 41 0 0 0 0 0 0 14 262 0 0 1 0 0 0 0 26 0 0 0 0 0 0 0 29 0 0 3 0 0 1122 0 1764 0 19 0 0 0 823 0 1072 0 17 0 0 0 0 0 0 1 0 0 0 0 0 0 0 0 0 514 0 0 0 9 0 0 0 10 0 5 0 0 0 0 0 0 0 0 0 4 0 0 0 0 0 0 0 0 0 1 0 0 0 
0 7 0 0 31 1561 0 0 7 0 17 0 0 0 0 0 74 0 0 45 0 0 1998 0 2954 3000 0 0 4078 0 1 193504 0 0 0 5386 49 0 0 0 0 0 0 17 314 0 0 2 0 0 0 0 27 0 0 0 0 0 0 0 18 0 0 9 0 0 2925 0 1877 0 43 0 0 0 2463 0 1315 0 44 0 0 0 0 0 0 7 0 0 0 0 0 6 0 0 0 1315 0 0 0 19 0 0 0 21 0 14 0 0 0 0 0 0 0 0 0 19 0 0 3 0 0 0 0 0 0 11 0 0 0 
0 7 0 0 21 1469 0 0 8 0 15 0 0 0 0 0 53 0 0 27 0 0 2231 0 3063 2267 0 0 4352 0 3 169642 0 0 0 4080 28 0 0 0 0 0 0 11 279 0 0 1 0 0 0 0 28 0 0 0 0 0 0 0 14 0 0 10 0 0 2504 0 1659 0 32 0 0 0 2038 0 1091 0 24 0 0 0 0 0 0 3 0 0 0 0 0 3 0 0 0 1144 0 0 0 15 0 0 0 16 0 10 0 0 0 0 0 0 0 0 0 10 0 0 4 0 0 0 0 0 0 13 0 0 0 
0 8 0 0 42 1727 0 0 18 0 11 0 0 0 0 0 74 0 0 109 0 0 5344 0 2949 3194 0 0 5268 0 17 201117 0 0 0 7674 82 0 0 0 0 0 0 70 991 0 0 14 0 0 0 0 39 0 0 0 0 0 0 0 33 0 0 21 0 0 1625 0 2388 0 30 0 0 0 1851 0 1351 0 28 0 0 0 0 0 0 1 0 0 0 0 0 8 0 0 0 853 0 0 0 21 0 0 0 19 0 11 0 0 0 0 0 0 0 0 0 9 0 0 2 0 0 0 0 0 0 2 0 0 0 
0 8 0 0 32 1720 0 0 10 0 20 0 0 0 0 0 68 0 0 49 0 0 3043 0 3374 2880 0 0 4393 0 4 201382 0 0 0 5976 45 0 0 0 0 0 0 23 393 0 0 6 0 0 0 0 26 0 0 0 0 0 0 0 20 0 0 14 0 0 3523 0 1738 0 51 0 0 0 2658 0 1276 0 48 0 0 0 0 0 0 12 0 0 0 0 0 3 0 0 0 1488 0 0 0 19 0 0 0 23 0 12 0 0 0 0 0 0 0 0 0 14 0 0 3 0 0 0 0 0 0 20 0 0 0 
0 8 0 0 28 1887 0 0 10 0 20 0 0 0 0 0 67 0 0 40 0 0 3097 0 3362 2315 0 0 4771 0 1 227797 0 0 0 5685 35 0 0 0 0 0 0 20 670 0 0 7 0 0 0 0 29 0 0 0 0 0 0 0 17 0 0 18 0 0 3303 0 2030 0 45 0 0 0 3020 0 1123 0 45 0 0 0 0 0 0 5 0 0 0 0 0 7 0 0 0 1700 0 0 0 17 0 0 0 23 0 16 0 0 0 0 0 0 0 0 0 14 0 0 4 0 0 0 0 0 0 17 0 0 0 
0 5 0 0 22 1172 0 0 4 0 7 0 0 0 0 0 55 0 0 17 0 0 1293 0 2777 1838 0 0 3966 0 0 139020 0 0 0 4336 32 0 0 0 0 0 0 15 286 0 0 1 0 0 0 0 22 0 0 0 0 0 0 0 14 0 0 4 0 0 1059 0 1746 0 14 0 0 0 1158 0 935 0 20 0 0 0 0 0 0 2 0 0 0 0 0 1 0 0 0 488 0 0 0 11 0 0 0 10 0 4 0 0 0 0 0 0 0 0 0 8 0 0 1 0 0 0 0 0 0 1 0 0 0 
0 5 0 0 25 1133 0 0 2 0 9 0 0 0 0 0 68 0 0 13 0 0 501 0 2223 3083 0 0 3379 0 0 135034 0 0 0 4424 39 0 0 0 0 0 0 2 99 0 0 3 0 0 0 0 30 0 0 0 0 0 0 0 22 0 0 1 0 0 1628 0 1429 0 25 0 0 0 1163 0 1356 0 17 0 0 0 0 0 0 3 0 0 0 0 0 0 0 0 0 738 0 0 0 16 0 0 0 13 0 2 0 0 0 0 0 0 0 0 0 14 0 0 2 0 0 0 0 0 0 5 0 0 0 
0 8 0 0 32 1514 0 0 15 0 15 0 0 0 0 0 82 0 0 80 0 0 4157 0 3193 3638 0 0 4333 0 9 157729 0 0 0 4870 36 0 0 0 0 0 0 30 575 0 0 11 0 0 0 0 29 0 0 0 0 0 0 0 30 0 0 23 0 0 2485 0 1529 0 32 0 0 0 1898 0 1335 0 34 0 0 0 0 0 0 9 0 0 0 0 0 5 0 0 0 852 0 0 0 15 0 0 0 10 0 15 0 0 0 0 0 0 0 0 0 10 0 0 2 0 0 0 0 0 0 6 0 0 0 
0 11 0 0 47 1946 0 0 42 0 15 0 0 0 0 0 72 0 0 222 0 0 11207 0 3124 3825 0 0 6502 0 72 197823 0 0 0 7376 74 0 0 0 0 0 0 114 1579 0 0 23 0 0 0 0 43 0 0 0 0 0 0 0 32 0 0 81 0 0 2143 0 2442 0 37 0 0 0 1999 0 1458 0 33 0 0 0 0 0 0 4 0 0 0 0 0 9 0 0 0 762 0 0 0 21 0 0 0 17 0 15 0 0 0 0 0 0 0 0 0 10 0 0 1 0 0 0 0 0 0 1 0 0 0 
0 7 0 0 29 1178 0 0 14 0 9 0 0 0 0 0 76 0 0 81 0 0 3565 0 2472 2728 0 0 4315 0 10 122311 0 0 0 4400 36 0 0 0 0 0 0 23 430 0 0 8 0 0 0 0 27 0 0 0 0 0 0 0 23 0 0 21 0 0 1355 0 1480 0 19 0 0 0 1066 0 1058 0 17 0 0 0 0 0 0 2 0 0 0 0 0 4 0 0 0 457 0 0 0 12 0 0 0 15 0 5 0 0 0 0 0 0 0 0 0 8 0 0 1 0 0 0 0 0 0 3 0 0 0 
0 5 0 0 25 885 0 0 5 0 5 0 0 0 0 0 82 0 0 24 0 0 1454 0 2024 3165 0 0 3757 0 1 94478 0 0 0 3004 35 0 0 0 0 0 0 23 176 0 0 5 0 0 0 0 27 0 0 0 0 0 0 0 23 0 0 3 0 0 582 0 1450 0 10 0 0 0 747 0 1135 0 15 0 0 0 0 0 0 2 0 0 0 0 0 1 0 0 0 190 0 0 0 7 0 0 0 8 0 3 0 0 0 0 0 0 0 0 0 7 0 0 0 0 0 0 0 0 0 0 0 0 0 
0 2 0 0 14 513 0 0 1 0 0 0 0 0 0 0 37 0 0 5 0 0 345 0 1101 1257 0 0 2356 0 0 64972 0 0 0 2811 27 0 0 0 0 0 0 9 82 0 0 1 0 0 0 0 34 0 0 0 0 0 0 0 21 0 0 0 0 0 0 0 1118 0 0 0 0 0 0 0 651 0 0 0 0 0 0 0 0 0 0 0 0 0 0 0 0 0 0 0 0 0 0 0 0 0 0 0 0 0 0 0 0 0 0 0 0 0 0 0 0 0 0 0 0 0 0 0 0 0 0 0 0 
0 4 0 0 18 847 0 0 1 0 6 0 0 0 0 0 57 0 0 5 0 0 345 0 2168 1909 0 0 3229 0 0 96530 0 0 0 3147 25 0 0 0 0 0 0 8 80 0 0 1 0 0 0 0 32 0 0 0 0 0 0 0 21 0 0 0 0 0 1102 0 1288 0 20 0 0 0 623 0 705 0 15 0 0 0 0 0 0 0 0 0 0 0 0 2 0 0 0 382 0 0 0 5 0 0 0 6 0 1 0 0 0 0 0 0 0 0 0 2 0 0 0 0 0 0 0 0 0 3 0 0 0 
0 1 0 0 5 280 0 0 0 0 0 0 0 0 0 0 11 0 0 0 0 0 0 0 548 557 0 0 1243 0 0 38456 0 0 0 1077 3 0 0 0 0 0 0 0 0 0 0 0 0 0 0 0 14 0 0 0 0 0 0 0 8 0 0 0 0 0 0 0 604 0 0 0 0 0 0 0 312 0 0 0 0 0 0 0 0 0 0 0 0 0 0 0 0 0 0 0 0 0 0 0 0 0 0 0 0 0 0 0 0 0 0 0 0 0 0 0 0 0 0 0 0 0 0 0 0 0 0 0 0 
57 7 312 264 23 1603 1571 217 5 4 18 25 131 574 478 706 60 636 636 20 668 23433 1447 9630 2975 1797 59454 11911 3633 267 0 185164 28086 35091 4841 4504 25 133 1473 1 261 139 50 9 417 1129 324 2 15 596 569 98 25 9 15 2 2 6 409 436 15 55 282 5 130 30096 2774 973 1686 390 37 44 280 5452 2536 4824 982 114 42 121 211 4 0 1 0 2 138 1 0 4 0 6 16 25 1173 1457 200 229 203 14 0 48 262 17 61 11 60 23 16 2 2 0 5 0 27 12 234 17 4 4 0 0 3 1 0 17 23 110 0 
0 2 0 0 10 328 0 0 1 0 0 0 0 0 0 0 35 0 0 4 0 0 297 0 718 1215 0 0 1520 0 0 39571 0 0 0 1277 9 0 0 0 0 0 0 3 14 0 0 2 0 0 0 0 16 0 0 0 0 0 0 0 12 0 0 0 0 0 0 0 617 0 0 0 0 0 0 0 350 0 0 0 0 0 0 0 0 0 0 0 0 0 0 0 0 0 0 0 0 0 0 0 0 0 0 0 0 0 0 0 0 0 0 0 0 0 0 0 0 0 0 0 0 0 0 0 0 0 0 0 0 
0 1 0 0 5 280 0 0 0 0 0 0 0 0 0 0 11 0 0 0 0 0 0 0 548 557 0 0 1243 0 0 38456 0 0 0 1077 3 0 0 0 0 0 0 0 0 0 0 0 0 0 0 0 14 0 0 0 0 0 0 0 8 0 0 0 0 0 0 0 604 0 0 0 0 0 0 0 312 0 0 0 0 0 0 0 0 0 0 0 0 0 0 0 0 0 0 0 0 0 0 0 0 0 0 0 0 0 0 0 0 0 0 0 0 0 0 0 0 0 0 0 0 0 0 0 0 0 0 0 0 
0 9 0 0 37 1789 0 0 22 0 16 0 0 0 0 0 72 0 0 120 0 0 6174 0 3067 3041 0 0 5559 0 16 192237 0 0 0 6520 60 0 0 0 0 0 0 62 1155 0 0 8 0 0 0 0 38 0 0 0 0 0 0 0 28 0 0 53 0 0 2636 0 2116 0 50 0 0 0 2016 0 1389 0 28 0 0 0 0 0 0 6 0 0 0 0 0 5 0 0 0 987 0 0 0 19 0 0 0 16 0 9 0 0 0 0 0 0 0 0 0 10 0 0 2 0 0 0 0 0 0 7 0 0 0 
0 5 0 0 19 1057 0 0 7 0 3 0 0 0 0 0 44 0 0 30 0 0 2076 0 2167 1823 0 0 4110 0 4 126279 0 0 0 3795 32 0 0 0 0 0 0 25 406 0 0 2 0 0 0 0 28 0 0 0 0 0 0 0 20 0 0 3 0 0 574 0 1828 0 8 0 0 0 397 0 1120 0 3 0 0 0 0 0 0 1 0 0 0 0 0 0 0 0 0 177 0 0 0 2 0 0 0 3 0 2 0 0 0 0 0 0 0 0 0 2 0 0 0 0 0 0 0 0 0 0 0 0 0 
185 8 985 960 21 1327 16718 402 15 16 15 304 505 1939 3075 2153 42 1676 1414 54 899 39090 3292 60950 1862 1297 152628 138374 2543 277 10 116544 990577 59707 58977 3028 22 1314 1878 27 1090 256 469 21 664 5661 518 4 442 2273 1172 1573 8 33 17 32 8 1501 1317 1011 4 442 598 24 131 87875 1843 40367 1030 1228 19 905 659 39707 1705 54396 609 562 24 1177 359 18 9 10 16 3 368 118 3 9 7 5 99 231 18262 923 7034 636 517 11 409 346 476 14 817 18 185 195 330 19 6 7 12 235 313 10 678 167 1 12 0 6 6 11 7 8 238 399 81 
0 2 0 0 11 366 0 0 1 0 0 0 0 0 0 0 29 0 0 7 0 0 332 0 821 1317 0 0 1687 0 0 42034 0 0 0 1467 13 0 0 0 0 0 0 2 16 0 0 1 0 0 0 0 17 0 0 0 0 0 0 0 13 0 0 0 0 0 0 0 682 0 0 0 0 0 0 0 435 0 0 0 0 0 0 0 0 0 0 0 0 0 0 0 0 0 0 0 0 0 0 0 0 0 0 0 0 0 0 0 0 0 0 0 0 0 0 0 0 0 0 0 0 0 0 0 0 0 0 0 0 
0 6 0 0 29 1411 0 0 6 0 10 0 0 0 0 0 65 0 0 26 0 0 1891 0 2567 3055 0 0 4268 0 0 172735 0 0 0 5577 51 0 0 0 0 0 0 21 385 0 0 6 0 0 0 0 29 0 0 0 0 0 0 0 26 0 0 8 0 0 1805 0 1889 0 27 0 0 0 1374 0 1471 0 18 0 0 0 0 0 0 4 0 0 0 0 0 3 0 0 0 819 0 0 0 17 0 0 0 17 0 5 0 0 0 0 0 0 0 0 0 13 0 0 1 0 0 0 0 0 0 3 0 0 0 
0 2 0 0 8 412 0 0 0 0 1 0 0 0 0 0 24 0 0 0 0 0 0 0 1029 1197 0 0 1744 0 0 46970 0 0 0 1234 3 0 0 0 0 0 0 0 0 0 0 0 0 0 0 0 18 0 0 0 0 0 0 0 13 0 0 0 0 0 91 0 738 0 0 0 0 0 238 0 400 0 1 0 0 0 0 0 0 0 0 0 0 0 0 0 0 0 0 41 0 0 0 0 0 0 0 2 0 0 0 0 0 0 0 0 0 0 0 3 0 0 0 0 0 0 0 0 0 0 0 0 0 
0 2 0 0 8 363 0 0 0 0 1 0 0 0 0 0 25 0 0 0 0 0 0 0 933 634 0 0 1449 0 0 41677 0 0 0 1315 6 0 0 0 0 0 0 0 0 0 0 0 0 0 0 0 13 0 0 0 0 0 0 0 8 0 0 0 0 0 241 0 590 0 3 0 0 0 47 0 322 0 1 0 0 0 0 0 0 0 0 0 0 0 0 0 0 0 0 36 0 0 0 2 0 0 0 2 0 0 0 0 0 0 0 0 0 0 0 0 0 0 0 0 0 0 0 0 0 0 0 0 0 
0 4 0 0 17 766 0 0 3 0 3 0 0 0 0 0 67 0 0 19 0 0 848 0 1986 2250 0 0 2790 0 0 78018 0 0 0 2367 13 0 0 0 0 0 0 4 133 0 0 2 0 0 0 0 23 0 0 0 0 0 0 0 18 0 0 2 0 0 485 0 1009 0 8 0 0 0 406 0 832 0 5 0 0 0 0 0 0 0 0 0 0 0 0 1 0 0 0 143 0 0 0 4 0 0 0 2 0 1 0 0 0 0 0 0 0 0 0 4 0 0 0 0 0 0 0 0 0 0 0 0 0 
0 2 0 0 12 572 0 0 0 0 1 0 0 0 0 0 27 0 0 0 0 0 0 0 1043 1271 0 0 2053 0 0 80411 0 0 0 2715 21 0 0 0 0 0 0 0 0 0 0 0 0 0 0 0 25 0 0 0 0 0 0 0 19 0 0 0 0 0 169 0 1138 0 4 0 0 0 157 0 722 0 0 0 0 0 0 0 0 0 0 0 0 0 0 0 0 0 0 120 0 0 0 4 0 0 0 4 0 0 0 0 0 0 0 0 0 0 0 0 0 0 0 0 0 0 0 0 0 0 0 0 0 
0 8 0 0 32 1693 0 0 14 0 16 0 0 0 0 0 80 0 0 73 0 0 3964 0 3238 3057 0 0 4324 0 7 192595 0 0 0 5947 46 0 0 0 0 0 0 27 686 0 0 5 0 0 0 0 24 0 0 0 0 0 0 0 29 0 0 25 0 0 2801 0 1680 0 44 0 0 0 2081 0 1236 0 32 0 0 0 0 0 0 6 0 0 0 0 0 4 0 0 0 1212 0 0 0 16 0 0 0 20 0 13 0 0 0 0 0 0 0 0 0 11 0 0 2 0 0 0 0 0 0 12 0 0 0 
0 5 0 0 22 1104 0 0 3 0 8 0 0 0 0 0 54 0 0 17 0 0 833 0 2353 2532 0 0 3360 0 0 128333 0 0 0 3990 31 0 0 0 0 0 0 7 171 0 0 1 0 0 0 0 26 0 0 0 0 0 0 0 25 0 0 2 0 0 1488 0 1374 0 23 0 0 0 977 0 1034 0 14 0 0 0 0 0 0 3 0 0 0 0 0 1 0 0 0 605 0 0 0 11 0 0 0 12 0 2 0 0 0 0 0 0 0 0 0 7 0 0 1 0 0 0 0 0 0 4 0 0 0 
68 10 308 564 31 1842 2250 221 24 6 25 28 113 749 1326 1658 44 559 1225 94 482 14251 6004 10801 2553 2483 99693 15817 3523 257 21 199598 48463 26765 15994 4827 40 1166 1541 10 495 159 95 44 827 1862 474 8 32 685 777 244 14 11 20 19 4 0 492 1130 11 24 218 53 90 23773 3992 1458 1434 228 54 160 162 4629 3101 5245 901 86 44 438 88 8 1 5 0 15 117 4 4 8 0 9 65 13 1105 1681 191 246 239 18 0 72 376 22 62 34 41 31 13 5 4 0 10 0 37 14 237 24 4 4 0 0 6 4 0 18 25 75 0 
0 6 0 0 31 1229 0 0 8 0 8 0 0 0 0 0 87 0 0 49 0 0 2207 0 2395 3286 0 0 4008 0 3 139361 0 0 0 4955 59 0 0 0 0 0 0 22 319 0 0 5 0 0 0 0 35 0 0 0 0 0 0 0 21 0 0 11 0 0 1337 0 1617 0 22 0 0 0 1092 0 1402 0 16 0 0 0 0 0 0 1 0 0 0 0 0 0 0 0 0 646 0 0 0 18 0 0 0 13 0 3 0 0 0 0 0 0 0 0 0 12 0 0 2 0 0 0 0 0 0 4 0 0 0 
0 2 0 0 13 339 0 0 1 0 0 0 0 0 0 0 40 0 0 9 0 0 320 0 724 1849 0 0 1626 0 0 40128 0 0 0 1453 18 0 0 0 0 0 0 3 8 0 0 1 0 0 0 0 17 0 0 0 0 0 0 0 22 0 0 0 0 0 0 0 643 0 0 0 0 0 0 0 405 0 0 0 0 0 0 0 0 0 0 0 0 0 0 0 0 0 0 0 0 0 0 0 0 0 0 0 0 0 0 0 0 0 0 0 0 0 0 0 0 0 0 0 0 0 0 0 0 0 0 0 0 
0 3 0 0 12 747 0 0 0 0 3 0 0 0 0 0 32 0 0 0 0 0 0 0 1829 1232 0 0 2668 0 0 92197 0 0 0 2356 11 0 0 0 0 0 0 0 0 0 0 0 0 0 0 0 23 0 0 0 0 0 0 0 13 0 0 0 0 0 534 0 1307 0 8 0 0 0 479 0 706 0 8 0 0 0 0 0 0 0 0 0 0 0 0 0 0 0 0 238 0 0 0 4 0 0 0 4 0 0 0 0 0 0 0 0 0 0 0 0 0 0 0 0 0 0 0 0 0 1 0 0 0 
0 5 0 0 20 1039 0 0 3 0 7 0 0 0 0 0 53 0 0 14 0 0 843 0 2395 2421 0 0 3543 0 0 123389 0 0 0 3483 25 0 0 0 0 0 0 7 164 0 0 1 0 0 0 0 23 0 0 0 0 0 0 0 22 0 0 2 0 0 1430 0 1544 0 20 0 0 0 731 0 899 0 6 0 0 0 0 0 0 1 0 0 0 0 0 1 0 0 0 402 0 0 0 14 0 0 0 12 0 3 0 0 0 0 0 0 0 0 0 6 0 0 0 0 0 0 0 0 0 3 0 0 0 
0 8 0 0 38 1515 0 0 15 0 16 0 0 0 0 0 71 0 0 88 0 0 3865 0 3026 3774 0 0 4122 0 10 176615 0 0 0 5999 51 0 0 0 0 0 0 23 316 0 0 17 0 0 0 0 32 0 0 0 0 0 0 0 30 0 0 28 0 0 2830 0 1803 0 55 0 0 0 2379 0 1354 0 49 0 0 0 0 0 0 6 0 0 0 0 0 4 0 0 0 1128 0 0 0 19 0 0 0 14 0 12 0 0 0 0 0 0 0 0 0 13 0 0 5 0 0 0 0 0 0 10 0 0 0 
0 4 0 0 19 673 0 0 3 0 3 0 0 0 0 0 53 0 0 18 0 0 755 0 1633 2146 0 0 3142 0 0 71188 0 0 0 3173 34 0 0 0 0 0 0 10 103 0 0 1 0 0 0 0 37 0 0 0 0 0 0 0 24 0 0 2 0 0 699 0 1137 0 15 0 0 0 179 0 781 0 5 0 0 0 0 0 0 1 0 0 0 0 0 1 0 0 0 86 0 0 0 3 0 0 0 1 0 0 0 0 0 0 0 0 0 0 0 3 0 0 0 0 0 0 0 0 0 0 0 0 0 
0 4 0 0 21 1000 0 0 0 0 7 0 0 0 0 0 55 0 0 0 0 0 0 0 1940 2539 0 0 3237 0 0 126496 0 0 0 3999 37 0 0 0 0 0 0 0 0 0 0 0 0 0 0 0 30 0 0 0 0 0 0 0 17 0 0 0 0 0 1180 0 1489 0 17 0 0 0 1010 0 1251 0 12 0 0 0 0 0 0 0 0 0 0 0 0 0 0 0 0 624 0 0 0 15 0 0 0 13 0 0 0 0 0 0 0 0 0 0 0 12 0 0 2 0 0 0 0 0 0 4 0 0 0 
0 8 0 0 28 1429 0 0 16 0 13 0 0 0 0 0 72 0 0 70 0 0 4097 0 2991 2906 0 0 4683 0 8 149211 0 0 0 4570 32 0 0 0 0 0 0 26 667 0 0 6 0 0 0 0 31 0 0 0 0 0 0 0 22 0 0 30 0 0 2047 0 1803 0 38 0 0 0 1701 0 1208 0 33 0 0 0 0 0 0 4 0 0 0 0 0 6 0 0 0 589 0 0 0 9 0 0 0 10 0 9 0 0 0 0 0 0 0 0 0 10 0 0 1 0 0 0 0 0 0 4 0 0 0 
67 8 306 428 34 1379 2179 263 18 3 10 32 105 1021 1267 1460 77 637 1020 93 814 24331 4289 12748 2367 3577 70803 15148 3755 346 16 135451 46069 26760 11345 4520 51 778 1879 16 433 305 88 45 613 2115 432 15 32 396 450 112 26 8 9 9 11 0 139 407 17 33 151 25 154 20032 1686 1592 1480 366 24 165 342 4860 1220 5032 1299 142 13 376 248 3 2 6 0 2 163 4 1 7 0 1 82 38 905 591 240 141 74 13 0 36 190 12 38 7 120 36 27 1 6 0 3 0 6 13 92 12 1 1 0 0 2 0 0 4 10 24 0 
0 5 0 0 21 841 0 0 7 0 3 0 0 0 0 0 49 0 0 39 0 0 1931 0 1598 2389 0 0 3823 0 3 95295 0 0 0 3462 30 0 0 0 0 0 0 17 200 0 0 6 0 0 0 0 35 0 0 0 0 0 0 0 28 0 0 5 0 0 472 0 1363 0 8 0 0 0 234 0 962 0 3 0 0 0 0 0 0 0 0 0 0 0 0 0 0 0 0 155 0 0 0 5 0 0 0 4 0 2 0 0 0 0 0 0 0 0 0 0 0 0 0 0 0 0 0 0 0 0 0 0 0 
0 10 0 0 38 2047 0 0 21 0 27 0 0 0 0 0 68 0 0 102 0 0 6013 0 3662 3083 0 0 4486 0 11 228002 0 0 0 6622 45 0 0 0 0 0 0 43 946 0 0 9 0 0 0 0 26 0 0 0 0 0 0 0 26 0 0 49 0 0 4307 0 1735 0 71 0 0 0 3851 0 1218 0 73 0 0 0 0 0 0 11 0 0 0 0 0 11 0 0 0 1886 0 0 0 25 0 0 0 24 0 34 0 0 0 0 0 0 0 0 0 13 0 0 6 0 0 0 0 0 0 22 0 0 0 
0 3 0 0 17 753 0 0 0 0 4 0 0 0 0 0 41 0 0 0 0 0 0 0 1440 2113 0 0 2662 0 0 96463 0 0 0 3287 31 0 0 0 0 0 0 0 0 0 0 0 0 0 0 0 27 0 0 0 0 0 0 0 22 0 0 0 0 0 654 0 1170 0 11 0 0 0 533 0 955 0 5 0 0 0 0 0 0 0 0 0 0 0 0 0 0 0 0 382 0 0 0 9 0 0 0 11 0 0 0 0 0 0 0 0 0 0 0 5 0 0 0 0 0 0 0 0 0 2 0 0 0 
0 7 0 0 33 1622 0 0 11 0 11 0 0 0 0 0 67 0 0 50 0 0 3321 0 3007 2680 0 0 4667 0 5 197808 0 0 0 6167 60 0 0 0 0 0 0 52 606 0 0 8 0 0 0 0 31 0 0 0 0 0 0 0 26 0 0 17 0 0 1798 0 2144 0 26 0 0 0 1829 0 1240 0 29 0 0 0 0 0 0 0 0 0 0 0 0 1 0 0 0 1028 0 0 0 14 0 0 0 17 0 10 0 0 0 0 0 0 0 0 0 9 0 0 1 0 0 0 0 0 0 6 0 0 0 
0 4 0 0 19 713 0 0 2 0 5 0 0 0 0 0 66 0 0 14 0 0 528 0 1662 2805 0 0 2657 0 0 81602 0 0 0 2095 25 0 0 0 0 0 0 5 44 0 0 3 0 0 0 0 23 0 0 0 0 0 0 0 22 0 0 1 0 0 1014 0 1146 0 10 0 0 0 496 0 850 0 13 0 0 0 0 0 0 2 0 0 0 0 0 0 0 0 0 228 0 0 0 8 0 0 0 6 0 2 0 0 0 0 0 0 0 0 0 6 0 0 0 0 0 0 0 0 0 1 0 0 0 
0 5 0 0 27 982 0 0 6 0 5 0 0 0 0 0 80 0 0 39 0 0 1632 0 2043 2862 0 0 3440 0 2 109328 0 0 0 4242 53 0 0 0 0 0 0 15 247 0 0 4 0 0 0 0 32 0 0 0 0 0 0 0 26 0 0 6 0 0 811 0 1298 0 17 0 0 0 616 0 1106 0 9 0 0 0 0 0 0 1 0 0 0 0 0 0 0 0 0 404 0 0 0 12 0 0 0 11 0 2 0 0 0 0 0 0 0 0 0 5 0 0 0 0 0 0 0 0 0 2 0 0 0 
0 9 0 0 35 1634 0 0 18 0 23 0 0 0 0 0 77 0 0 101 0 0 4688 0 3263 4056 0 0 4840 0 13 168781 0 0 0 4656 45 0 0 0 0 0 0 33 551 0 0 15 0 0 0 0 23 0 0 0 0 0 0 0 18 0 0 32 0 0 3541 0 1669 0 49 0 0 0 3109 0 1370 0 41 0 0 0 0 0 0 15 0 0 0 0 0 14 0 0 0 1325 0 0 0 26 0 0 0 23 0 26 0 0 0 0 0 0 0 0 0 17 0 0 7 0 0 0 0 0 0 19 0 0 0 
0 3 0 0 17 609 0 0 1 0 2 0 0 0 0 0 46 0 0 8 0 0 228 0 1504 2033 0 0 2430 0 0 65757 0 0 0 2672 21 0 0 0 0 0 0 3 50 0 0 1 0 0 0 0 18 0 0 0 0 0 0 0 22 0 0 0 0 0 427 0 902 0 5 0 0 0 200 0 743 0 6 0 0 0 0 0 0 1 0 0 0 0 0 0 0 0 0 127 0 0 0 2 0 0 0 4 0 0 0 0 0 0 0 0 0 0 0 4 0 0 0 0 0 0 0 0 0 0 0 0 0 
0 8 0 0 23 1560 0 0 15 0 16 0 0 0 0 0 53 0 0 47 0 0 4157 0 3108 2048 0 0 5166 0 9 177931 0 0 0 4316 25 0 0 0 0 0 0 28 609 0 0 3 0 0 0 0 30 0 0 0 0 0 0 0 16 0 0 27 0 0 2586 0 2024 0 37 0 0 0 2055 0 909 0 30 0 0 0 0 0 0 6 0 0 0 0 0 7 0 0 0 979 0 0 0 19 0 0 0 18 0 17 0 0 0 0 0 0 0 0 0 7 0 0 3 0 0 0 0 0 0 7 0 0 0 
0 7 0 0 34 1597 0 0 11 0 12 0 0 0 0 0 73 0 0 76 0 0 3242 0 2814 2420 0 0 4762 0 5 194981 0 0 0 6792 61 0 0 0 0 0 0 31 681 0 0 5 0 0 0 0 33 0 0 0 0 0 0 0 27 0 0 18 0 0 1970 0 2179 0 33 0 0 0 1855 0 1214 0 29 0 0 0 0 0 0 3 0 0 0 0 0 5 0 0 0 1032 0 0 0 22 0 0 0 20 0 7 0 0 0 0 0 0 0 0 0 8 0 0 3 0 0 0 0 0 0 4 0 0 0 
0 5 0 0 21 1232 0 0 3 0 8 0 0 0 0 0 60 0 0 12 0 0 959 0 2765 1875 0 0 3875 0 0 152363 0 0 0 4288 32 0 0 0 0 0 0 14 201 0 0 2 0 0 0 0 33 0 0 0 0 0 0 0 19 0 0 3 0 0 1230 0 1786 0 20 0 0 0 1280 0 929 0 17 0 0 0 0 0 0 0 0 0 0 0 0 1 0 0 0 751 0 0 0 14 0 0 0 14 0 5 0 0 0 0 0 0 0 0 0 5 0 0 1 0 0 0 0 0 0 3 0 0 0 
0 8 0 0 31 1657 0 0 15 0 16 0 0 0 0 0 66 0 0 74 0 0 4425 0 3085 3161 0 0 4737 0 9 181347 0 0 0 5228 41 0 0 0 0 0 0 35 691 0 0 10 0 0 0 0 34 0 0 0 0 0 0 0 27 0 0 27 0 0 2422 0 1848 0 35 0 0 0 2396 0 1252 0 28 0 0 0 0 0 0 3 0 0 0 0 0 8 0 0 0 1083 0 0 0 19 0 0 0 21 0 17 0 0 0 0 0 0 0 0 0 10 0 0 3 0 0 0 0 0 0 10 0 0 0 
0 6 0 0 29 1341 0 0 7 0 10 0 0 0 0 0 64 0 0 33 0 0 2198 0 2523 3124 0 0 4211 0 1 155476 0 0 0 5272 47 0 0 0 0 0 0 26 398 0 0 8 0 0 0 0 34 0 0 0 0 0 0 0 26 0 0 11 0 0 1652 0 1788 0 23 0 0 0 1420 0 1285 0 20 0 0 0 0 0 0 2 0 0 0 0 0 3 0 0 0 731 0 0 0 20 0 0 0 18 0 6 0 0 0 0 0 0 0 0 0 10 0 0 2 0 0 0 0 0 0 4 0 0 0 
0 1 0 0 5 280 0 0 0 0 0 0 0 0 0 0 11 0 0 0 0 0 0 0 548 557 0 0 1243 0 0 38456 0 0 0 1077 3 0 0 0 0 0 0 0 0 0 0 0 0 0 0 0 14 0 0 0 0 0 0 0 8 0 0 0 0 0 0 0 604 0 0 0 0 0 0 0 312 0 0 0 0 0 0 0 0 0 0 0 0 0 0 0 0 0 0 0 0 0 0 0 0 0 0 0 0 0 0 0 0 0 0 0 0 0 0 0 0 0 0 0 0 0 0 0 0 0 0 0 0 
0 10 0 0 43 1605 0 0 28 0 20 0 0 0 0 0 104 0 0 156 0 0 6692 0 3027 4795 0 0 4340 0 32 156831 0 0 0 5808 55 0 0 0 0 0 0 48 823 0 0 23 0 0 0 0 36 0 0 0 0 0 0 0 37 0 0 55 0 0 3007 0 1511 0 61 0 0 0 2404 0 1521 0 52 0 0 0 0 0 0 14 0 0 0 0 0 7 0 0 0 881 0 0 0 24 0 0 0 19 0 26 0 0 0 0 0 0 0 0 0 13 0 0 3 0 0 0 0 0 0 9 0 0 0 
0 8 0 0 33 1419 0 0 18 0 11 0 0 0 0 0 92 0 0 100 0 0 4711 0 3029 3489 0 0 4669 0 14 137868 0 0 0 4415 41 0 0 0 0 0 0 38 578 0 0 5 0 0 0 0 34 0 0 0 0 0 0 0 19 0 0 32 0 0 1832 0 1571 0 25 0 0 0 1404 0 1322 0 29 0 0 0 0 0 0 3 0 0 0 0 0 1 0 0 0 620 0 0 0 17 0 0 0 9 0 5 0 0 0 0 0 0 0 0 0 10 0 0 2 0 0 0 0 0 0 5 0 0 0 
0 7 0 0 33 1403 0 0 9 0 14 0 0 0 0 0 65 0 0 48 0 0 2382 0 2958 3173 0 0 3939 0 4 166441 0 0 0 5647 46 0 0 0 0 0 0 17 326 0 0 8 0 0 0 0 26 0 0 0 0 0 0 0 28 0 0 8 0 0 2666 0 1790 0 50 0 0 0 1821 0 1067 0 42 0 0 0 0 0 0 8 0 0 0 0 0 4 0 0 0 864 0 0 0 21 0 0 0 14 0 13 0 0 0 0 0 0 0 0 0 10 0 0 3 0 0 0 0 0 0 5 0 0 0 
0 7 0 0 36 1631 0 0 10 0 12 0 0 0 0 0 62 0 0 66 0 0 3108 0 2967 2823 0 0 4797 0 3 196605 0 0 0 7281 64 0 0 0 0 0 0 37 681 0 0 3 0 0 0 0 36 0 0 0 0 0 0 0 30 0 0 14 0 0 2100 0 2201 0 40 0 0 0 1778 0 1309 0 31 0 0 0 0 0 0 4 0 0 0 0 0 4 0 0 0 940 0 0 0 22 0 0 0 18 0 9 0 0 0 0 0 0 0 0 0 11 0 0 2 0 0 0 0 0 0 4 0 0 0 
0 6 0 0 25 1154 0 0 7 0 9 0 0 0 0 0 66 0 0 31 0 0 1855 0 2775 3143 0 0 3572 0 2 124454 0 0 0 3902 25 0 0 0 0 0 0 17 265 0 0 5 0 0 0 0 25 0 0 0 0 0 0 0 25 0 0 5 0 0 1429 0 1426 0 21 0 0 0 1341 0 927 0 25 0 0 0 0 0 0 3 0 0 0 0 0 4 0 0 0 487 0 0 0 11 0 0 0 9 0 9 0 0 0 0 0 0 0 0 0 8 0 0 0 0 0 0 0 0 0 1 0 0 0 
0 7 0 0 28 1215 0 0 12 0 10 0 0 0 0 0 81 0 0 71 0 0 3048 0 3107 2741 0 0 3967 0 7 117172 0 0 0 3636 37 0 0 0 0 0 0 26 353 0 0 2 0 0 0 0 19 0 0 0 0 0 0 0 21 0 0 15 0 0 1568 0 1346 0 28 0 0 0 1329 0 908 0 20 0 0 0 0 0 0 3 0 0 0 0 0 3 0 0 0 497 0 0 0 12 0 0 0 10 0 8 0 0 0 0 0 0 0 0 0 6 0 0 2 0 0 0 0 0 0 2 0 0 0 
0 3 0 0 15 442 0 0 3 0 0 0 0 0 0 0 55 0 0 21 0 0 743 0 1204 2106 0 0 1657 0 1 46636 0 0 0 1600 17 0 0 0 0 0 0 3 69 0 0 3 0 0 0 0 16 0 0 0 0 0 0 0 18 0 0 0 0 0 0 0 669 0 0 0 0 0 0 0 429 0 0 0 0 0 0 0 0 0 0 0 0 0 0 0 0 0 0 0 0 0 0 0 0 0 0 0 0 0 0 0 0 0 0 0 0 0 0 0 0 0 0 0 0 0 0 0 0 0 0 0 0 
0 5 0 0 24 895 0 0 5 0 5 0 0 0 0 0 66 0 0 22 0 0 1477 0 1933 2786 0 0 3400 0 1 100057 0 0 0 4126 36 0 0 0 0 0 0 18 211 0 0 3 0 0 0 0 29 0 0 0 0 0 0 0 27 0 0 5 0 0 983 0 1342 0 26 0 0 0 337 0 1049 0 9 0 0 0 0 0 0 2 0 0 0 0 0 0 0 0 0 172 0 0 0 4 0 0 0 3 0 0 0 0 0 0 0 0 0 0 0 6 0 0 0 0 0 0 0 0 0 2 0 0 0 
0 8 0 0 33 1098 0 0 22 0 6 0 0 0 0 0 91 0 0 117 0 0 4771 0 2293 4706 0 0 3670 0 24 106966 0 0 0 4204 40 0 0 0 0 0 0 26 445 0 0 19 0 0 0 0 32 0 0 0 0 0 0 0 43 0 0 29 0 0 1158 0 1274 0 24 0 0 0 380 0 1254 0 5 0 0 0 0 0 0 1 0 0 0 0 0 0 0 0 0 225 0 0 0 9 0 0 0 6 0 1 0 0 0 0 0 0 0 0 0 6 0 0 0 0 0 0 0 0 0 1 0 0 0 
0 5 0 0 25 1190 0 0 3 0 9 0 0 0 0 0 61 0 0 22 0 0 972 0 2617 2144 0 0 3912 0 0 143395 0 0 0 4926 44 0 0 0 0 0 0 15 193 0 0 2 0 0 0 0 30 0 0 0 0 0 0 0 23 0 0 4 0 0 1452 0 1725 0 25 0 0 0 1403 0 1061 0 20 0 0 0 0 0 0 0 0 0 0 0 0 1 0 0 0 697 0 0 0 16 0 0 0 16 0 3 0 0 0 0 0 0 0 0 0 6 0 0 3 0 0 0 0 0 0 6 0 0 0 
0 5 0 0 24 971 0 0 6 0 4 0 0 0 0 0 68 0 0 32 0 0 1825 0 2481 2369 0 0 3374 0 1 111185 0 0 0 4042 37 0 0 0 0 0 0 21 255 0 0 4 0 0 0 0 28 0 0 0 0 0 0 0 23 0 0 6 0 0 702 0 1472 0 11 0 0 0 443 0 808 0 16 0 0 0 0 0 0 1 0 0 0 0 0 1 0 0 0 193 0 0 0 4 0 0 0 2 0 1 0 0 0 0 0 0 0 0 0 2 0 0 0 0 0 0 0 0 0 0 0 0 0 
136 6 299 592 25 1004 9122 490 7 0 9 58 224 1247 1257 1950 60 818 1363 41 1468 62357 1607 50739 1826 1997 91470 35228 2609 451 3 97346 402791 10775 29581 3636 36 514 1053 11 393 403 242 17 197 7384 543 6 61 0 0 0 35 0 0 0 8 68 109 641 26 155 394 5 430 43810 1147 6726 1145 857 24 250 149 4647 1023 20164 730 199 18 392 186 0 0 0 0 3 304 15 0 0 0 2 33 46 4987 607 492 232 26 13 16 0 0 12 0 6 183 33 81 0 0 1 0 13 13 3 227 0 2 0 0 0 0 0 0 3 4 124 0 
0 5 0 0 23 1190 0 0 5 0 6 0 0 0 0 0 56 0 0 24 0 0 1568 0 2452 2119 0 0 4217 0 1 142916 0 0 0 4390 36 0 0 0 0 0 0 20 427 0 0 1 0 0 0 0 25 0 0 0 0 0 0 0 17 0 0 5 0 0 933 0 1945 0 13 0 0 0 983 0 1200 0 16 0 0 0 0 0 0 2 0 0 0 0 0 0 0 0 0 395 0 0 0 9 0 0 0 9 0 3 0 0 0 0 0 0 0 0 0 8 0 0 1 0 0 0 0 0 0 1 0 0 0 
0 9 0 0 26 1936 0 0 15 0 23 0 0 0 0 0 77 0 0 51 0 0 4561 0 3441 2991 0 0 4913 0 4 216114 0 0 0 4469 26 0 0 0 0 0 0 22 792 0 0 13 0 0 0 0 32 0 0 0 0 0 0 0 15 0 0 33 0 0 3607 0 1878 0 39 0 0 0 3226 0 1246 0 34 0 0 0 0 0 0 6 0 0 0 0 0 10 0 0 0 1651 0 0 0 18 0 0 0 20 0 23 0 0 0 0 0 0 0 0 0 16 0 0 5 0 0 0 0 0 0 18 0 0 0 
0 4 0 0 22 1052 0 0 2 0 4 0 0 0 0 0 53 0 0 8 0 0 684 0 2152 1949 0 0 3495 0 0 139072 0 0 0 4852 45 0 0 0 0 0 0 13 178 0 0 2 0 0 0 0 24 0 0 0 0 0 0 0 24 0 0 1 0 0 673 0 1765 0 13 0 0 0 657 0 1150 0 6 0 0 0 0 0 0 0 0 0 0 0 0 0 0 0 0 385 0 0 0 9 0 0 0 12 0 2 0 0 0 0 0 0 0 0 0 4 0 0 0 0 0 0 0 0 0 1 0 0 0 
0 8 0 0 29 1278 0 0 13 0 17 0 0 0 0 0 85 0 0 67 0 0 3201 0 2938 3404 0 0 3906 0 4 127410 0 0 0 4289 28 0 0 0 0 0 0 17 401 0 0 5 0 0 0 0 27 0 0 0 0 0 0 0 24 0 0 23 0 0 2450 0 1438 0 42 0 0 0 1978 0 1144 0 45 0 0 0 0 0 0 7 0 0 0 0 0 9 0 0 0 569 0 0 0 13 0 0 0 11 0 15 0 0 0 0 0 0 0 0 0 13 0 0 1 0 0 0 0 0 0 9 0 0 0 
0 6 0 0 21 1130 0 0 7 0 10 0 0 0 0 0 61 0 0 33 0 0 1799 0 2618 2194 0 0 3325 0 2 124876 0 0 0 3645 25 0 0 0 0 0 0 10 190 0 0 4 0 0 0 0 20 0 0 0 0 0 0 0 23 0 0 11 0 0 1610 0 1321 0 27 0 0 0 1416 0 934 0 20 0 0 0 0 0 0 0 0 0 0 0 0 2 0 0 0 647 0 0 0 12 0 0 0 12 0 4 0 0 0 0 0 0 0 0 0 2 0 0 3 0 0 0 0 0 0 7 0 0 0 
0 6 0 0 23 1398 0 0 6 0 10 0 0 0 0 0 62 0 0 29 0 0 1819 0 2936 2078 0 0 3935 0 0 167644 0 0 0 4504 26 0 0 0 0 0 0 17 431 0 0 2 0 0 0 0 31 0 0 0 0 0 0 0 20 0 0 9 0 0 1723 0 1848 0 26 0 0 0 1470 0 1036 0 26 0 0 0 0 0 0 4 0 0 0 0 0 3 0 0 0 816 0 0 0 8 0 0 0 7 0 3 0 0 0 0 0 0 0 0 0 6 0 0 0 0 0 0 0 0 0 5 0 0 0 
0 7 0 0 28 1485 0 0 10 0 12 0 0 0 0 0 75 0 0 60 0 0 2839 0 2963 2634 0 0 4388 0 4 170893 0 0 0 4697 32 0 0 0 0 0 0 12 380 0 0 7 0 0 0 0 33 0 0 0 0 0 0 0 23 0 0 16 0 0 1992 0 1924 0 32 0 0 0 1883 0 1255 0 28 0 0 0 0 0 0 4 0 0 0 0 0 3 0 0 0 946 0 0 0 16 0 0 0 14 0 4 0 0 0 0 0 0 0 0 0 8 0 0 4 0 0 0 0 0 0 5 0 0 0 
0 5 0 0 18 1164 0 0 2 0 10 0 0 0 0 0 47 0 0 9 0 0 613 0 2592 1967 0 0 3566 0 0 138230 0 0 0 3523 24 0 0 0 0 0 0 5 153 0 0 0 0 0 0 0 25 0 0 0 0 0 0 0 20 0 0 1 0 0 1612 0 1442 0 26 0 0 0 1383 0 889 0 16 0 0 0 0 0 0 0 0 0 0 0 0 2 0 0 0 779 0 0 0 9 0 0 0 14 0 3 0 0 0 0 0 0 0 0 0 4 0 0 2 0 0 0 0 0 0 9 0 0 0 
0 4 0 0 16 764 0 0 2 0 4 0 0 0 0 0 40 0 0 10 0 0 485 0 1702 1821 0 0 2568 0 0 90446 0 0 0 3134 23 0 0 0 0 0 0 2 30 0 0 0 0 0 0 0 25 0 0 0 0 0 0 0 24 0 0 1 0 0 869 0 1071 0 18 0 0 0 340 0 827 0 5 0 0 0 0 0 0 1 0 0 0 0 0 0 0 0 0 265 0 0 0 5 0 0 0 4 0 1 0 0 0 0 0 0 0 0 0 2 0 0 0 0 0 0 0 0 0 1 0 0 0 
0 8 0 0 40 1517 0 0 17 0 13 0 0 0 0 0 95 0 0 101 0 0 4498 0 2982 3462 0 0 4550 0 15 168466 0 0 0 6199 73 0 0 0 0 0 0 49 549 0 0 18 0 0 0 0 32 0 0 0 0 0 0 0 24 0 0 24 0 0 2073 0 1934 0 38 0 0 0 2023 0 1346 0 26 0 0 0 0 0 0 2 0 0 0 0 0 8 0 0 0 908 0 0 0 27 0 0 0 22 0 11 0 0 0 0 0 0 0 0 0 12 0 0 3 0 0 0 0 0 0 5 0 0 0 
0 5 0 0 28 1067 0 0 6 0 5 0 0 0 0 0 63 0 0 28 0 0 1817 0 2013 2861 0 0 4101 0 2 133406 0 0 0 5070 50 0 0 0 0 0 0 21 252 0 0 9 0 0 0 0 32 0 0 0 0 0 0 0 31 0 0 5 0 0 849 0 1770 0 20 0 0 0 719 0 1224 0 12 0 0 0 0 0 0 2 0 0 0 0 0 1 0 0 0 346 0 0 0 11 0 0 0 12 0 3 0 0 0 0 0 0 0 0 0 5 0 0 0 0 0 0 0 0 0 0 0 0 0 
0 8 0 0 31 1018 0 0 21 0 7 0 0 0 0 0 110 0 0 120 0 0 3831 0 2653 3817 0 0 3696 0 27 78176 0 0 0 3269 37 0 0 0 0 0 0 23 446 0 0 9 0 0 0 0 27 0 0 0 0 0 0 0 33 0 0 16 0 0 1267 0 886 0 21 0 0 0 653 0 868 0 17 0 0 0 0 0 0 7 0 0 0 0 0 0 0 0 0 231 0 0 0 4 0 0 0 4 0 6 0 0 0 0 0 0 0 0 0 6 0 0 0 0 0 0 0 0 0 0 0 0 0 
0 7 0 0 32 1115 0 0 14 0 8 0 0 0 0 0 85 0 0 106 0 0 3274 0 2619 3509 0 0 4381 0 12 115255 0 0 0 4448 40 0 0 0 0 0 0 24 350 0 0 7 0 0 0 0 38 0 0 0 0 0 0 0 38 0 0 14 0 0 1576 0 1557 0 19 0 0 0 670 0 992 0 17 0 0 0 0 0 0 8 0 0 0 0 0 1 0 0 0 451 0 0 0 12 0 0 0 10 0 4 0 0 0 0 0 0 0 0 0 5 0 0 0 0 0 0 0 0 0 1 0 0 0 
0 6 0 0 21 1407 0 0 7 0 10 0 0 0 0 0 55 0 0 24 0 0 2129 0 2961 1883 0 0 4537 0 2 164199 0 0 0 3993 25 0 0 0 0 0 0 27 492 0 0 3 0 0 0 0 29 0 0 0 0 0 0 0 14 0 0 10 0 0 1544 0 1951 0 20 0 0 0 1541 0 909 0 19 0 0 0 0 0 0 1 0 0 0 0 0 4 0 0 0 873 0 0 0 13 0 0 0 15 0 6 0 0 0 0 0 0 0 0 0 4 0 0 1 0 0 0 0 0 0 5 0 0 0 
49 8 346 311 33 1181 1152 185 21 2 7 24 78 1016 1495 975 85 749 775 114 652 28801 4673 6828 2503 3734 42797 10593 3576 187 22 105353 17529 36252 5922 4296 40 668 1934 8 246 235 51 43 609 873 180 7 6 170 263 64 28 6 10 9 11 73 361 206 37 44 167 26 167 14006 1019 662 1244 309 22 100 482 5822 797 2735 1191 137 18 297 444 0 2 2 1 3 80 0 0 0 0 0 29 47 461 261 231 68 66 5 2 17 64 4 8 5 70 37 20 3 4 0 1 10 21 8 49 6 0 0 0 0 0 0 0 0 5 17 0 
0 6 0 0 29 1347 0 0 7 0 8 0 0 0 0 0 65 0 0 34 0 0 2208 0 2725 2877 0 0 3882 0 0 161713 0 0 0 5712 44 0 0 0 0 0 0 21 374 0 0 6 0 0 0 0 27 0 0 0 0 0 0 0 32 0 0 10 0 0 1509 0 1743 0 26 0 0 0 993 0 1224 0 21 0 0 0 0 0 0 2 0 0 0 0 0 0 0 0 0 624 0 0 0 12 0 0 0 11 0 6 0 0 0 0 0 0 0 0 0 6 0 0 0 0 0 0 0 0 0 2 0 0 0 
0 5 0 0 20 1233 0 0 3 0 7 0 0 0 0 0 51 0 0 12 0 0 920 0 2565 2024 0 0 3871 0 0 152683 0 0 0 4013 28 0 0 0 0 0 0 9 222 0 0 1 0 0 0 0 29 0 0 0 0 0 0 0 15 0 0 2 0 0 1178 0 1879 0 15 0 0 0 1139 0 1104 0 12 0 0 0 0 0 0 0 0 0 0 0 0 0 0 0 0 616 0 0 0 13 0 0 0 12 0 5 0 0 0 0 0 0 0 0 0 7 0 0 1 0 0 0 0 0 0 2 0 0 0 
221 3 852 574 9 257 23936 782 3 4 0 377 86 2736 1785 1362 23 1825 1417 14 2251 87929 482 131043 372 890 41034 136390 669 779 1 22572 1706214 48495 55047 584 3 489 2541 15 183 348 1048 2 15 18764 278 1 187 418 302 626 6 6 8 5 17 1358 213 0 6 786 139 0 583 14821 0 55479 285 185 0 817 691 47724 0 13812 184 1155 0 166 739 0 3 2 6 0 81 70 1 3 1 0 335 2 2362 0 12773 0 118 0 502 87 75 0 135 0 71 339 85 2 5 13 0 446 102 0 0 23 0 0 3 1 0 0 1 0 54 0 247 
0 2 0 0 7 499 0 0 0 0 1 0 0 0 0 0 17 0 0 0 0 0 0 0 1328 603 0 0 1944 0 0 61962 0 0 0 1495 4 0 0 0 0 0 0 0 0 0 0 0 0 0 0 0 14 0 0 0 0 0 0 0 8 0 0 0 0 0 211 0 912 0 3 0 0 0 151 0 329 0 2 0 0 0 0 0 0 0 0 0 0 0 0 0 0 0 0 68 0 0 0 0 0 0 0 2 0 0 0 0 0 0 0 0 0 0 0 0 0 0 0 0 0 0 0 0 0 0 0 0 0 
0 4 0 0 26 954 0 0 4 0 2 0 0 0 0 0 59 0 0 24 0 0 1307 0 1854 2123 0 0 3954 0 1 116805 0 0 0 5326 56 0 0 0 0 0 0 27 356 0 0 4 0 0 0 0 44 0 0 0 0 0 0 0 33 0 0 2 0 0 382 0 1768 0 14 0 0 0 180 0 1148 0 3 0 0 0 0 0 0 0 0 0 0 0 0 1 0 0 0 133 0 0 0 3 0 0 0 3 0 0 0 0 0 0 0 0 0 0 0 1 0 0 0 0 0 0 0 0 0 0 0 0 0 
0 9 0 0 33 1494 0 0 16 0 23 0 0 0 0 0 87 0 0 87 0 0 3893 0 3258 3156 0 0 4085 0 7 160366 0 0 0 4900 47 0 0 0 0 0 0 31 529 0 0 8 0 0 0 0 21 0 0 0 0 0 0 0 24 0 0 32 0 0 3098 0 1685 0 58 0 0 0 3122 0 1088 0 47 0 0 0 0 0 0 6 0 0 0 0 0 14 0 0 0 893 0 0 0 15 0 0 0 14 0 19 0 0 0 0 0 0 0 0 0 9 0 0 8 0 0 0 0 0 0 22 0 0 0 
0 2 0 0 12 572 0 0 0 0 1 0 0 0 0 0 27 0 0 0 0 0 0 0 1043 1271 0 0 2053 0 0 80411 0 0 0 2715 21 0 0 0 0 0 0 0 0 0 0 0 0 0 0 0 25 0 0 0 0 0 0 0 19 0 0 0 0 0 169 0 1138 0 4 0 0 0 157 0 722 0 0 0 0 0 0 0 0 0 0 0 0 0 0 0 0 0 0 120 0 0 0 4 0 0 0 4 0 0 0 0 0 0 0 0 0 0 0 0 0 0 0 0 0 0 0 0 0 0 0 0 0 
0 5 0 0 24 930 0 0 5 0 6 0 0 0 0 0 53 0 0 34 0 0 1413 0 1907 2780 0 0 3590 0 0 105334 0 0 0 3528 31 0 0 0 0 0 0 10 101 0 0 2 0 0 0 0 31 0 0 0 0 0 0 0 29 0 0 8 0 0 803 0 1304 0 16 0 0 0 919 0 1055 0 15 0 0 0 0 0 0 0 0 0 0 0 0 0 0 0 0 410 0 0 0 9 0 0 0 12 0 3 0 0 0 0 0 0 0 0 0 5 0 0 0 0 0 0 0 0 0 2 0 0 0 
0 6 0 0 34 1187 0 0 11 0 4 0 0 0 0 0 68 0 0 68 0 0 3184 0 2179 3564 0 0 4752 0 7 134805 0 0 0 5513 60 0 0 0 0 0 0 53 573 0 0 10 0 0 0 0 47 0 0 0 0 0 0 0 37 0 0 10 0 0 493 0 1974 0 11 0 0 0 723 0 1486 0 10 0 0 0 0 0 0 0 0 0 0 0 0 0 0 0 0 177 0 0 0 5 0 0 0 4 0 3 0 0 0 0 0 0 0 0 0 8 0 0 0 0 0 0 0 0 0 0 0 0 0 
0 9 0 0 25 1783 0 0 16 0 21 0 0 0 0 0 60 0 0 49 0 0 4433 0 3422 2392 0 0 4739 0 8 210465 0 0 0 4777 24 0 0 0 0 0 0 24 639 0 0 4 0 0 0 0 30 0 0 0 0 0 0 0 15 0 0 28 0 0 3352 0 2133 0 44 0 0 0 3030 0 1007 0 42 0 0 0 0 0 0 9 0 0 0 0 0 11 0 0 0 1337 0 0 0 18 0 0 0 15 0 18 0 0 0 0 0 0 0 0 0 13 0 0 5 0 0 0 0 0 0 12 0 0 0 
0 10 0 0 38 1986 0 0 25 0 24 0 0 0 0 0 60 0 0 115 0 0 7169 0 3252 3460 0 0 5808 0 16 215948 0 0 0 6463 49 0 0 0 0 0 0 65 1217 0 0 12 0 0 0 0 30 0 0 0 0 0 0 0 22 0 0 66 0 0 3708 0 2175 0 62 0 0 0 3303 0 1361 0 47 0 0 0 0 0 0 15 0 0 0 0 0 16 0 0 0 1431 0 0 0 28 0 0 0 28 0 27 0 0 0 0 0 0 0 0 0 17 0 0 2 0 0 0 0 0 0 12 0 0 0 
0 3 0 0 15 695 0 0 2 0 1 0 0 0 0 0 40 0 0 12 0 0 611 0 1483 1526 0 0 2440 0 0 87851 0 0 0 3022 24 0 0 0 0 0 0 4 102 0 0 1 0 0 0 0 27 0 0 0 0 0 0 0 19 0 0 1 0 0 169 0 1202 0 4 0 0 0 157 0 782 0 0 0 0 0 0 0 0 0 0 0 0 0 0 0 0 0 0 120 0 0 0 4 0 0 0 4 0 0 0 0 0 0 0 0 0 0 0 0 0 0 0 0 0 0 0 0 0 0 0 0 0 
0 4 0 0 17 849 0 0 1 0 8 0 0 0 0 0 48 0 0 6 0 0 299 0 2124 2168 0 0 3053 0 0 91571 0 0 0 2591 20 0 0 0 0 0 0 5 37 0 0 1 0 0 0 0 22 0 0 0 0 0 0 0 16 0 0 0 0 0 1168 0 1042 0 14 0 0 0 1168 0 872 0 17 0 0 0 0 0 0 2 0 0 0 0 0 1 0 0 0 521 0 0 0 9 0 0 0 10 0 3 0 0 0 0 0 0 0 0 0 9 0 0 2 0 0 0 0 0 0 4 0 0 0 
0 5 0 0 27 1322 0 0 4 0 7 0 0 0 0 0 61 0 0 24 0 0 1253 0 2400 2099 0 0 4132 0 1 173668 0 0 0 6011 56 0 0 0 0 0 0 26 424 0 0 3 0 0 0 0 36 0 0 0 0 0 0 0 28 0 0 3 0 0 1080 0 2133 0 19 0 0 0 1150 0 1171 0 15 0 0 0 0 0 0 0 0 0 0 0 0 3 0 0 0 698 0 0 0 13 0 0 0 14 0 3 0 0 0 0 0 0 0 0 0 5 0 0 1 0 0 0 0 0 0 2 0 0 0 
0 4 0 0 17 902 0 0 2 0 5 0 0 0 0 0 53 0 0 11 0 0 667 0 2246 1584 0 0 3369 0 0 103812 0 0 0 3168 25 0 0 0 0 0 0 10 136 0 0 2 0 0 0 0 31 0 0 0 0 0 0 0 22 0 0 1 0 0 706 0 1355 0 19 0 0 0 666 0 666 0 8 0 0 0 0 0 0 0 0 0 0 0 0 2 0 0 0 425 0 0 0 4 0 0 0 6 0 1 0 0 0 0 0 0 0 0 0 0 0 0 1 0 0 0 0 0 0 1 0 0 0 
0 6 0 0 24 1381 0 0 6 0 12 0 0 0 0 0 62 0 0 29 0 0 1889 0 2972 2238 0 0 4491 0 0 158933 0 0 0 4339 32 0 0 0 0 0 0 22 380 0 0 2 0 0 0 0 26 0 0 0 0 0 0 0 17 0 0 13 0 0 1835 0 1869 0 27 0 0 0 1831 0 1086 0 26 0 0 0 0 0 0 2 0 0 0 0 0 4 0 0 0 943 0 0 0 16 0 0 0 19 0 6 0 0 0 0 0 0 0 0 0 8 0 0 2 0 0 0 0 0 0 6 0 0 0 
0 7 0 0 29 1284 0 0 13 0 9 0 0 0 0 0 83 0 0 77 0 0 3540 0 3018 2435 0 0 3934 0 8 134807 0 0 0 4674 38 0 0 0 0 0 0 21 400 0 0 4 0 0 0 0 27 0 0 0 0 0 0 0 21 0 0 19 0 0 1567 0 1509 0 23 0 0 0 1176 0 1052 0 21 0 0 0 0 0 0 2 0 0 0 0 0 3 0 0 0 524 0 0 0 12 0 0 0 9 0 3 0 0 0 0 0 0 0 0 0 8 0 0 2 0 0 0 0 0 0 3 0 0 0 
0 6 0 0 21 1208 0 0 3 0 14 0 0 0 0 0 64 0 0 18 0 0 695 0 2869 2708 0 0 3349 0 0 131378 0 0 0 3513 26 0 0 0 0 0 0 1 108 0 0 1 0 0 0 0 21 0 0 0 0 0 0 0 27 0 0 4 0 0 2339 0 1159 0 42 0 0 0 1790 0 1015 0 21 0 0 0 0 0 0 4 0 0 0 0 0 0 0 0 0 909 0 0 0 8 0 0 0 18 0 3 0 0 0 0 0 0 0 0 0 8 0 0 2 0 0 0 0 0 0 16 0 0 0 
0 5 0 0 26 987 0 0 3 0 8 0 0 0 0 0 70 0 0 17 0 0 679 0 2104 3491 0 0 3226 0 1 109671 0 0 0 4092 42 0 0 0 0 0 0 5 79 0 0 6 0 0 0 0 30 0 0 0 0 0 0 0 29 0 0 0 0 0 1598 0 1126 0 27 0 0 0 825 0 1178 0 14 0 0 0 0 0 0 6 0 0 0 0 0 0 0 0 0 561 0 0 0 12 0 0 0 12 0 2 0 0 0 0 0 0 0 0 0 11 0 0 0 0 0 0 0 0 0 4 0 0 0 
0 8 0 0 32 1485 0 0 14 0 16 0 0 0 0 0 95 0 0 76 0 0 3551 0 3006 4028 0 0 3973 0 7 161079 0 0 0 4740 39 0 0 0 0 0 0 14 434 0 0 10 0 0 0 0 31 0 0 0 0 0 0 0 28 0 0 27 0 0 2767 0 1457 0 45 0 0 0 1876 0 1385 0 33 0 0 0 0 0 0 9 0 0 0 0 0 1 0 0 0 1067 0 0 0 15 0 0 0 15 0 10 0 0 0 0 0 0 0 0 0 16 0 0 3 0 0 0 0 0 0 12 0 0 0 
0 6 0 0 28 1293 0 0 5 0 11 0 0 0 0 0 70 0 0 34 0 0 1366 0 2782 2943 0 0 3914 0 1 156548 0 0 0 4304 40 0 0 0 0 0 0 11 108 0 0 6 0 0 0 0 33 0 0 0 0 0 0 0 23 0 0 6 0 0 1925 0 1821 0 32 0 0 0 1704 0 1187 0 32 0 0 0 0 0 0 4 0 0 0 0 0 2 0 0 0 857 0 0 0 16 0 0 0 10 0 2 0 0 0 0 0 0 0 0 0 8 0 0 4 0 0 0 0 0 0 5 0 0 0 
0 6 0 0 29 1325 0 0 4 0 13 0 0 0 0 0 63 0 0 26 0 0 1027 0 2601 3310 0 0 3820 0 1 153108 0 0 0 4985 40 0 0 0 0 0 0 9 187 0 0 4 0 0 0 0 28 0 0 0 0 0 0 0 25 0 0 2 0 0 2294 0 1509 0 37 0 0 0 1802 0 1408 0 33 0 0 0 0 0 0 7 0 0 0 0 0 0 0 0 0 1018 0 0 0 20 0 0 0 17 0 6 0 0 0 0 0 0 0 0 0 15 0 0 4 0 0 0 0 0 0 8 0 0 0 
46 6 577 227 25 1099 1003 229 10 3 5 32 45 1637 1420 731 52 999 737 53 609 28124 2656 7309 2045 2080 39361 18019 3606 336 4 117229 13991 64416 4136 4615 43 315 2693 10 415 153 118 28 454 1298 340 4 62 330 554 75 29 1 12 6 19 185 402 159 27 66 104 12 193 9386 760 974 1489 166 17 86 811 7290 657 1587 943 118 9 120 588 1 9 8 2 1 68 5 0 6 0 1 60 12 173 247 193 36 225 6 13 36 212 5 13 2 69 53 10 3 1 4 1 88 27 4 19 9 0 0 0 0 1 1 0 0 11 11 4 
0 4 0 0 26 978 0 0 3 0 5 0 0 0 0 0 59 0 0 19 0 0 986 0 1831 2371 0 0 3634 0 1 120829 0 0 0 5131 56 0 0 0 0 0 0 21 298 0 0 2 0 0 0 0 35 0 0 0 0 0 0 0 27 0 0 0 0 0 840 0 1692 0 13 0 0 0 738 0 1278 0 10 0 0 0 0 0 0 1 0 0 0 0 0 3 0 0 0 309 0 0 0 12 0 0 0 12 0 4 0 0 0 0 0 0 0 0 0 8 0 0 0 0 0 0 0 0 0 0 0 0 0 
0 4 0 0 14 684 0 0 3 0 3 0 0 0 0 0 40 0 0 17 0 0 836 0 1882 1692 0 0 3122 0 0 71750 0 0 0 1827 7 0 0 0 0 0 0 3 60 0 0 0 0 0 0 0 19 0 0 0 0 0 0 0 16 0 0 2 0 0 413 0 1071 0 5 0 0 0 423 0 452 0 6 0 0 0 0 0 0 1 0 0 0 0 0 0 0 0 0 128 0 0 0 1 0 0 0 5 0 1 0 0 0 0 0 0 0 0 0 4 0 0 0 0 0 0 0 0 0 0 0 0 0 
0 3 0 0 16 510 0 0 3 0 0 0 0 0 0 0 65 0 0 19 0 0 741 0 1381 1467 0 0 2113 0 1 51478 0 0 0 2122 29 0 0 0 0 0 0 8 137 0 0 3 0 0 0 0 19 0 0 0 0 0 0 0 15 0 0 0 0 0 0 0 758 0 0 0 0 0 0 0 486 0 0 0 0 0 0 0 0 0 0 0 0 0 0 0 0 0 0 0 0 0 0 0 0 0 0 0 0 0 0 0 0 0 0 0 0 0 0 0 0 0 0 0 0 0 0 0 0 0 0 0 0 
0 9 0 0 40 1790 0 0 18 0 22 0 0 0 0 0 77 0 0 101 0 0 5064 0 3193 3588 0 0 4564 0 9 197918 0 0 0 7174 63 0 0 0 0 0 0 40 848 0 0 11 0 0 0 0 25 0 0 0 0 0 0 0 23 0 0 40 0 0 3636 0 1833 0 63 0 0 0 2921 0 1463 0 52 0 0 0 0 0 0 11 0 0 0 0 0 11 0 0 0 1332 0 0 0 33 0 0 0 31 0 27 0 0 0 0 0 0 0 0 0 21 0 0 4 0 0 0 0 0 0 11 0 0 0 
0 4 0 0 19 660 0 0 2 0 5 0 0 0 0 0 53 0 0 12 0 0 364 0 1736 2988 0 0 2739 0 0 66521 0 0 0 2296 17 0 0 0 0 0 0 4 36 0 0 3 0 0 0 0 21 0 0 0 0 0 0 0 25 0 0 2 0 0 798 0 954 0 7 0 0 0 641 0 691 0 9 0 0 0 0 0 0 1 0 0 0 0 0 0 0 0 0 208 0 0 0 8 0 0 0 7 0 1 0 0 0 0 0 0 0 0 0 11 0 0 1 0 0 0 0 0 0 1 0 0 0 
0 8 0 0 34 1496 0 0 15 0 13 0 0 0 0 0 97 0 0 78 0 0 3980 0 3046 3768 0 0 4119 0 6 157519 0 0 0 5039 49 0 0 0 0 0 0 34 533 0 0 11 0 0 0 0 30 0 0 0 0 0 0 0 31 0 0 28 0 0 2209 0 1712 0 40 0 0 0 1675 0 1467 0 24 0 0 0 0 0 0 4 0 0 0 0 0 1 0 0 0 750 0 0 0 17 0 0 0 16 0 11 0 0 0 0 0 0 0 0 0 14 0 0 1 0 0 0 0 0 0 5 0 0 0 
0 5 0 0 21 1007 0 0 5 0 5 0 0 0 0 0 55 0 0 30 0 0 1354 0 2279 1942 0 0 3097 0 2 115676 0 0 0 3796 27 0 0 0 0 0 0 7 202 0 0 1 0 0 0 0 24 0 0 0 0 0 0 0 24 0 0 2 0 0 1069 0 1372 0 18 0 0 0 508 0 854 0 8 0 0 0 0 0 0 3 0 0 0 0 0 0 0 0 0 338 0 0 0 7 0 0 0 8 0 2 0 0 0 0 0 0 0 0 0 2 0 0 0 0 0 0 0 0 0 1 0 0 0 
0 7 0 0 32 836 0 0 14 0 7 0 0 0 0 0 93 0 0 90 0 0 2550 0 2088 4529 0 0 3822 0 11 66752 0 0 0 2856 34 0 0 0 0 0 0 25 212 0 0 10 0 0 0 0 26 0 0 0 0 0 0 0 33 0 0 14 0 0 1202 0 887 0 20 0 0 0 505 0 914 0 19 0 0 0 0 0 0 5 0 0 0 0 0 2 0 0 0 154 0 0 0 7 0 0 0 6 0 2 0 0 0 0 0 0 0 0 0 7 0 0 0 0 0 0 0 0 0 1 0 0 0 
0 7 0 0 33 1148 0 0 12 0 10 0 0 0 0 0 73 0 0 66 0 0 2968 0 2391 3487 0 0 4254 0 5 122956 0 0 0 5379 57 0 0 0 0 0 0 32 435 0 0 10 0 0 0 0 41 0 0 0 0 0 0 0 38 0 0 19 0 0 1890 0 1668 0 51 0 0 0 861 0 1219 0 23 0 0 0 0 0 0 2 0 0 0 0 0 4 0 0 0 326 0 0 0 10 0 0 0 7 0 6 0 0 0 0 0 0 0 0 0 4 0 0 0 0 0 0 0 0 0 4 0 0 0 
0 5 0 0 21 1007 0 0 4 0 7 0 0 0 0 0 51 0 0 25 0 0 1112 0 2140 2390 0 0 3312 0 0 120243 0 0 0 3652 31 0 0 0 0 0 0 7 127 0 0 2 0 0 0 0 26 0 0 0 0 0 0 0 21 0 0 5 0 0 1248 0 1434 0 16 0 0 0 852 0 952 0 10 0 0 0 0 0 0 1 0 0 0 0 0 1 0 0 0 498 0 0 0 12 0 0 0 12 0 2 0 0 0 0 0 0 0 0 0 5 0 0 1 0 0 0 0 0 0 3 0 0 0 
0 9 0 0 37 1857 0 0 18 0 19 0 0 0 0 0 82 0 0 93 0 0 5276 0 3281 3220 0 0 4621 0 9 208690 0 0 0 6998 64 0 0 0 0 0 0 50 918 0 0 12 0 0 0 0 37 0 0 0 0 0 0 0 32 0 0 38 0 0 3284 0 1903 0 67 0 0 0 2314 0 1371 0 27 0 0 0 0 0 0 10 0 0 0 0 0 9 0 0 0 1276 0 0 0 20 0 0 0 18 0 10 0 0 0 0 0 0 0 0 0 12 0 0 2 0 0 0 0 0 0 13 0 0 0 
0 5 0 0 26 1102 0 0 5 0 6 0 0 0 0 0 66 0 0 29 0 0 1607 0 2240 2659 0 0 3593 0 0 129122 0 0 0 4762 37 0 0 0 0 0 0 16 293 0 0 5 0 0 0 0 37 0 0 0 0 0 0 0 29 0 0 6 0 0 1094 0 1580 0 25 0 0 0 778 0 1277 0 17 0 0 0 0 0 0 2 0 0 0 0 0 2 0 0 0 429 0 0 0 7 0 0 0 3 0 3 0 0 0 0 0 0 0 0 0 7 0 0 0 0 0 0 0 0 0 0 0 0 0 
0 6 0 0 29 849 0 0 10 0 5 0 0 0 0 0 92 0 0 71 0 0 2109 0 2251 3550 0 0 3225 0 7 76039 0 0 0 3448 35 0 0 0 0 0 0 16 215 0 0 8 0 0 0 0 20 0 0 0 0 0 0 0 31 0 0 7 0 0 971 0 940 0 16 0 0 0 364 0 912 0 12 0 0 0 0 0 0 5 0 0 0 0 0 0 0 0 0 173 0 0 0 4 0 0 0 7 0 0 0 0 0 0 0 0 0 0 0 5 0 0 0 0 0 0 0 0 0 1 0 0 0 
0 5 0 0 31 1140 0 0 8 0 3 0 0 0 0 0 78 0 0 53 0 0 2428 0 2098 2495 0 0 4383 0 5 137757 0 0 0 5706 71 0 0 0 0 0 0 45 562 0 0 10 0 0 0 0 43 0 0 0 0 0 0 0 37 0 0 6 0 0 446 0 1979 0 10 0 0 0 402 0 1164 0 7 0 0 0 0 0 0 0 0 0 0 0 0 1 0 0 0 299 0 0 0 3 0 0 0 4 0 1 0 0 0 0 0 0 0 0 0 0 0 0 0 0 0 0 0 0 0 0 0 0 0 
0 4 0 0 21 806 0 0 0 0 7 0 0 0 0 0 53 0 0 0 0 0 0 0 1654 3024 0 0 2863 0 0 97289 0 0 0 3425 33 0 0 0 0 0 0 0 0 0 0 0 0 0 0 0 27 0 0 0 0 0 0 0 27 0 0 0 0 0 1346 0 1134 0 22 0 0 0 644 0 1022 0 8 0 0 0 0 0 0 0 0 0 0 0 0 0 0 0 0 433 0 0 0 12 0 0 0 13 0 0 0 0 0 0 0 0 0 0 0 11 0 0 0 0 0 0 0 0 0 6 0 0 0 
0 9 0 0 35 1776 0 0 17 0 23 0 0 0 0 0 71 0 0 89 0 0 4629 0 3520 3117 0 0 4181 0 10 203670 0 0 0 5715 40 0 0 0 0 0 0 24 609 0 0 9 0 0 0 0 31 0 0 0 0 0 0 0 22 0 0 30 0 0 3800 0 1836 0 63 0 0 0 3321 0 1082 0 62 0 0 0 0 0 0 14 0 0 0 0 0 16 0 0 0 1459 0 0 0 22 0 0 0 17 0 27 0 0 0 0 0 0 0 0 0 14 0 0 5 0 0 0 0 0 0 13 0 0 0 
0 4 0 0 23 711 0 0 3 0 3 0 0 0 0 0 65 0 0 19 0 0 653 0 1736 3116 0 0 2915 0 1 70678 0 0 0 3121 31 0 0 0 0 0 0 8 104 0 0 6 0 0 0 0 23 0 0 0 0 0 0 0 28 0 0 0 0 0 672 0 957 0 8 0 0 0 274 0 901 0 9 0 0 0 0 0 0 3 0 0 0 0 0 0 0 0 0 156 0 0 0 3 0 0 0 4 0 0 0 0 0 0 0 0 0 0 0 6 0 0 0 0 0 0 0 0 0 0 0 0 0 
0 4 0 0 21 1092 0 0 2 0 4 0 0 0 0 0 49 0 0 10 0 0 629 0 2091 1787 0 0 3472 0 0 147535 0 0 0 4729 40 0 0 0 0 0 0 12 226 0 0 1 0 0 0 0 30 0 0 0 0 0 0 0 24 0 0 1 0 0 694 0 1936 0 12 0 0 0 704 0 1146 0 9 0 0 0 0 0 0 0 0 0 0 0 0 1 0 0 0 391 0 0 0 8 0 0 0 7 0 1 0 0 0 0 0 0 0 0 0 3 0 0 1 0 0 0 0 0 0 0 0 0 0 
0 3 0 0 14 791 0 0 1 0 2 0 0 0 0 0 29 0 0 6 0 0 327 0 1639 1317 0 0 2750 0 0 103917 0 0 0 3134 22 0 0 0 0 0 0 4 91 0 0 0 0 0 0 0 25 0 0 0 0 0 0 0 19 0 0 0 0 0 380 0 1446 0 6 0 0 0 307 0 739 0 2 0 0 0 0 0 0 0 0 0 0 0 0 0 0 0 0 188 0 0 0 4 0 0 0 6 0 1 0 0 0 0 0 0 0 0 0 0 0 0 0 0 0 0 0 0 0 0 0 0 0 
0 9 0 0 39 1503 0 0 24 0 16 0 0 0 0 0 96 0 0 127 0 0 6137 0 3118 4258 0 0 4890 0 22 145862 0 0 0 5064 52 0 0 0 0 0 0 48 790 0 0 18 0 0 0 0 33 0 0 0 0 0 0 0 34 0 0 53 0 0 2262 0 1671 0 50 0 0 0 2013 0 1291 0 42 0 0 0 0 0 0 13 0 0 0 0 0 9 0 0 0 783 0 0 0 22 0 0 0 22 0 19 0 0 0 0 0 0 0 0 0 10 0 0 0 0 0 0 0 0 0 0 0 0 0 
0 6 0 0 27 929 0 0 6 0 10 0 0 0 0 0 73 0 0 36 0 0 1085 0 2021 3858 0 0 3433 0 2 100371 0 0 0 3732 45 0 0 0 0 0 0 5 58 0 0 3 0 0 0 0 28 0 0 0 0 0 0 0 30 0 0 5 0 0 2119 0 1126 0 33 0 0 0 774 0 1096 0 14 0 0 0 0 0 0 7 0 0 0 0 0 0 0 0 0 490 0 0 0 16 0 0 0 14 0 3 0 0 0 0 0 0 0 0 0 13 0 0 0 0 0 0 0 0 0 7 0 0 0 
0 3 0 0 16 510 0 0 3 0 0 0 0 0 0 0 65 0 0 19 0 0 741 0 1381 1467 0 0 2113 0 1 51478 0 0 0 2122 29 0 0 0 0 0 0 8 137 0 0 3 0 0 0 0 19 0 0 0 0 0 0 0 15 0 0 0 0 0 0 0 758 0 0 0 0 0 0 0 486 0 0 0 0 0 0 0 0 0 0 0 0 0 0 0 0 0 0 0 0 0 0 0 0 0 0 0 0 0 0 0 0 0 0 0 0 0 0 0 0 0 0 0 0 0 0 0 0 0 0 0 0 
0 4 0 0 20 499 0 0 5 0 1 0 0 0 0 0 65 0 0 37 0 0 1212 0 1201 2980 0 0 2344 0 2 48336 0 0 0 1886 23 0 0 0 0 0 0 11 59 0 0 4 0 0 0 0 20 0 0 0 0 0 0 0 28 0 0 2 0 0 19 0 781 0 3 0 0 0 108 0 483 0 1 0 0 0 0 0 0 0 0 0 0 0 0 0 0 0 0 16 0 0 0 1 0 0 0 1 0 0 0 0 0 0 0 0 0 0 0 1 0 0 0 0 0 0 0 0 0 0 0 0 0 
0 4 0 0 22 849 0 0 3 0 5 0 0 0 0 0 64 0 0 18 0 0 953 0 1855 2415 0 0 3375 0 0 92777 0 0 0 3627 35 0 0 0 0 0 0 9 163 0 0 2 0 0 0 0 31 0 0 0 0 0 0 0 23 0 0 3 0 0 786 0 1288 0 15 0 0 0 712 0 1025 0 12 0 0 0 0 0 0 2 0 0 0 0 0 1 0 0 0 309 0 0 0 12 0 0 0 13 0 3 0 0 0 0 0 0 0 0 0 6 0 0 0 0 0 0 0 0 0 0 0 0 0 
0 8 0 0 28 1779 0 0 14 0 17 0 0 0 0 0 64 0 0 63 0 0 4177 0 3246 2356 0 0 5038 0 5 205069 0 0 0 5442 37 0 0 0 0 0 0 36 879 0 0 4 0 0 0 0 34 0 0 0 0 0 0 0 22 0 0 27 0 0 2491 0 2063 0 37 0 0 0 2644 0 870 0 31 0 0 0 0 0 0 5 0 0 0 0 0 11 0 0 0 1406 0 0 0 17 0 0 0 20 0 18 0 0 0 0 0 0 0 0 0 9 0 0 2 0 0 0 0 0 0 8 0 0 0 
0 5 0 0 27 1020 0 0 5 0 7 0 0 0 0 0 68 0 0 31 0 0 1374 0 2066 2974 0 0 3385 0 1 123188 0 0 0 4620 47 0 0 0 0 0 0 12 129 0 0 5 0 0 0 0 32 0 0 0 0 0 0 0 24 0 0 7 0 0 1103 0 1494 0 19 0 0 0 1043 0 1128 0 15 0 0 0 0 0 0 1 0 0 0 0 0 1 0 0 0 570 0 0 0 17 0 0 0 17 0 3 0 0 0 0 0 0 0 0 0 10 0 0 1 0 0 0 0 0 0 3 0 0 0 
0 11 0 0 37 2134 0 0 27 0 33 0 0 0 0 0 79 0 0 119 0 0 7460 0 3527 3072 0 0 4763 0 19 230722 0 0 0 6389 61 0 0 0 0 0 0 59 1240 0 0 12 0 0 0 0 24 0 0 0 0 0 0 0 21 0 0 75 0 0 5331 0 1853 0 80 0 0 0 4271 0 1230 0 55 0 0 0 0 0 0 19 0 0 0 0 0 19 0 0 0 1901 0 0 0 30 0 0 0 31 0 45 0 0 0 0 0 0 0 0 0 16 0 0 7 0 0 0 0 0 0 30 0 0 0 
0 10 0 0 38 1646 0 0 26 0 21 0 0 0 0 0 89 0 0 141 0 0 6374 0 3140 4624 0 0 4397 0 26 167509 0 0 0 5033 37 0 0 0 0 0 0 31 617 0 0 23 0 0 0 0 32 0 0 0 0 0 0 0 34 0 0 51 0 0 3624 0 1577 0 49 0 0 0 2326 0 1480 0 43 0 0 0 0 0 0 19 0 0 0 0 0 7 0 0 0 1070 0 0 0 22 0 0 0 17 0 21 0 0 0 0 0 0 0 0 0 17 0 0 2 0 0 0 0 0 0 10 0 0 0 
0 5 0 0 27 1027 0 0 5 0 6 0 0 0 0 0 69 0 0 27 0 0 1379 0 1948 3713 0 0 3290 0 1 114775 0 0 0 4290 40 0 0 0 0 0 0 10 190 0 0 10 0 0 0 0 30 0 0 0 0 0 0 0 36 0 0 6 0 0 1104 0 1205 0 20 0 0 0 687 0 1327 0 10 0 0 0 0 0 0 2 0 0 0 0 0 0 0 0 0 496 0 0 0 10 0 0 0 11 0 1 0 0 0 0 0 0 0 0 0 7 0 0 0 0 0 0 0 0 0 3 0 0 0 
0 10 0 0 38 1709 0 0 27 0 21 0 0 0 0 0 94 0 0 156 0 0 6876 0 3452 4033 0 0 5195 0 23 176845 0 0 0 5066 47 0 0 0 0 0 0 38 725 0 0 13 0 0 0 0 30 0 0 0 0 0 0 0 21 0 0 68 0 0 3324 0 1882 0 48 0 0 0 2528 0 1131 0 38 0 0 0 0 0 0 13 0 0 0 0 0 11 0 0 0 1164 0 0 0 23 0 0 0 19 0 17 0 0 0 0 0 0 0 0 0 17 0 0 2 0 0 0 0 0 0 11 0 0 0 
0 7 0 0 25 1547 0 0 9 0 14 0 0 0 0 0 51 0 0 43 0 0 2698 0 3206 2128 0 0 4372 0 3 178008 0 0 0 4438 24 0 0 0 0 0 0 16 412 0 0 1 0 0 0 0 28 0 0 0 0 0 0 0 18 0 0 15 0 0 2231 0 1945 0 36 0 0 0 2330 0 1100 0 34 0 0 0 0 0 0 2 0 0 0 0 0 3 0 0 0 1021 0 0 0 17 0 0 0 14 0 9 0 0 0 0 0 0 0 0 0 6 0 0 5 0 0 0 0 0 0 9 0 0 0 
0 5 0 0 25 1113 0 0 3 0 8 0 0 0 0 0 74 0 0 20 0 0 867 0 2193 2987 0 0 3296 0 0 132693 0 0 0 4355 40 0 0 0 0 0 0 3 112 0 0 2 0 0 0 0 32 0 0 0 0 0 0 0 21 0 0 4 0 0 1390 0 1486 0 22 0 0 0 1089 0 1343 0 15 0 0 0 0 0 0 2 0 0 0 0 0 0 0 0 0 658 0 0 0 16 0 0 0 13 0 1 0 0 0 0 0 0 0 0 0 13 0 0 2 0 0 0 0 0 0 4 0 0 0 
0 4 0 0 14 826 0 0 2 0 4 0 0 0 0 0 37 0 0 8 0 0 540 0 1904 1499 0 0 3016 0 0 100588 0 0 0 2917 22 0 0 0 0 0 0 3 33 0 0 0 0 0 0 0 23 0 0 0 0 0 0 0 17 0 0 1 0 0 744 0 1271 0 14 0 0 0 501 0 815 0 2 0 0 0 0 0 0 0 0 0 0 0 0 0 0 0 0 310 0 0 0 7 0 0 0 8 0 2 0 0 0 0 0 0 0 0 0 2 0 0 0 0 0 0 0 0 0 1 0 0 0 
0 5 0 0 21 828 0 0 5 0 6 0 0 0 0 0 56 0 0 29 0 0 1164 0 2147 2636 0 0 3051 0 1 78101 0 0 0 2785 20 0 0 0 0 0 0 11 117 0 0 0 0 0 0 0 17 0 0 0 0 0 0 0 20 0 0 5 0 0 939 0 996 0 12 0 0 0 755 0 823 0 12 0 0 0 0 0 0 2 0 0 0 0 0 0 0 0 0 260 0 0 0 8 0 0 0 10 0 3 0 0 0 0 0 0 0 0 0 9 0 0 1 0 0 0 0 0 0 1 0 0 0 
238 3 932 452 13 412 27724 735 2 5 1 480 257 2166 700 1604 33 1919 975 10 2319 75737 459 130206 749 838 61299 159134 867 647 0 30732 2124274 53697 34019 1508 17 198 2823 9 199 279 817 6 74 20067 298 2 293 444 399 510 14 10 17 2 18 1235 1021 90 9 887 497 1 446 35198 87 75994 338 1020 5 326 704 58210 57 37154 275 1577 2 208 596 1 10 10 3 0 139 143 0 5 0 0 405 64 11186 35 17643 81 300 1 523 237 179 1 306 0 154 307 154 4 3 15 0 428 378 0 36 121 0 1 2 2 0 1 4 0 210 28 293 
0 7 0 0 29 1157 0 0 14 0 7 0 0 0 0 0 91 0 0 70 0 0 3543 0 2710 3758 0 0 4106 0 12 121304 0 0 0 3123 31 0 0 0 0 0 0 30 259 0 0 14 0 0 0 0 28 0 0 0 0 0 0 0 27 0 0 13 0 0 1033 0 1633 0 14 0 0 0 1061 0 1148 0 19 0 0 0 0 0 0 2 0 0 0 0 0 1 0 0 0 375 0 0 0 7 0 0 0 9 0 5 0 0 0 0 0 0 0 0 0 4 0 0 1 0 0 0 0 0 0 1 0 0 0 
0 6 0 0 31 924 0 0 13 0 2 0 0 0 0 0 98 0 0 93 0 0 3275 0 2143 3509 0 0 4056 0 12 92710 0 0 0 3866 45 0 0 0 0 0 0 35 339 0 0 10 0 0 0 0 41 0 0 0 0 0 0 0 34 0 0 8 0 0 175 0 1438 0 4 0 0 0 321 0 1053 0 3 0 0 0 0 0 0 0 0 0 0 0 0 0 0 0 0 72 0 0 0 3 0 0 0 3 0 0 0 0 0 0 0 0 0 0 0 3 0 0 0 0 0 0 0 0 0 0 0 0 0 
0 11 0 0 39 1833 0 0 32 0 26 0 0 0 0 0 92 0 0 155 0 0 7472 0 3281 4002 0 0 4716 0 35 201690 0 0 0 5420 43 0 0 0 0 0 0 44 878 0 0 18 0 0 0 0 36 0 0 0 0 0 0 0 20 0 0 73 0 0 4473 0 1961 0 68 0 0 0 3203 0 1325 0 60 0 0 0 0 0 0 23 0 0 0 0 0 16 0 0 0 1301 0 0 0 19 0 0 0 14 0 31 0 0 0 0 0 0 0 0 0 23 0 0 5 0 0 0 0 0 0 12 0 0 0 
0 3 0 0 17 615 0 0 1 0 2 0 0 0 0 0 39 0 0 5 0 0 323 0 1435 2167 0 0 2598 0 0 66610 0 0 0 2638 21 0 0 0 0 0 0 5 46 0 0 0 0 0 0 0 19 0 0 0 0 0 0 0 22 0 0 0 0 0 363 0 957 0 7 0 0 0 224 0 806 0 6 0 0 0 0 0 0 0 0 0 0 0 0 0 0 0 0 108 0 0 0 3 0 0 0 5 0 1 0 0 0 0 0 0 0 0 0 3 0 0 0 0 0 0 0 0 0 0 0 0 0 
0 10 0 0 31 1712 0 0 25 0 23 0 0 0 0 0 76 0 0 111 0 0 6384 0 3326 3166 0 0 4699 0 20 179668 0 0 0 4773 34 0 0 0 0 0 0 27 592 0 0 6 0 0 0 0 26 0 0 0 0 0 0 0 15 0 0 61 0 0 3465 0 1682 0 42 0 0 0 2956 0 1256 0 42 0 0 0 0 0 0 15 0 0 0 0 0 9 0 0 0 1274 0 0 0 23 0 0 0 21 0 20 0 0 0 0 0 0 0 0 0 20 0 0 6 0 0 0 0 0 0 14 0 0 0 
0 9 0 0 39 1654 0 0 21 0 18 0 0 0 0 0 79 0 0 118 0 0 5256 0 3072 3931 0 0 4595 0 20 182584 0 0 0 6440 63 0 0 0 0 0 0 42 721 0 0 11 0 0 0 0 30 0 0 0 0 0 0 0 24 0 0 40 0 0 3081 0 1903 0 53 0 0 0 2532 0 1443 0 36 0 0 0 0 0 0 8 0 0 0 0 0 8 0 0 0 1054 0 0 0 28 0 0 0 24 0 15 0 0 0 0 0 0 0 0 0 20 0 0 5 0 0 0 0 0 0 10 0 0 0 
0 10 0 0 36 1452 0 0 25 0 21 0 0 0 0 0 104 0 0 118 0 0 4737 0 3136 4643 0 0 4129 0 24 151558 0 0 0 4194 42 0 0 0 0 0 0 29 302 0 0 13 0 0 0 0 28 0 0 0 0 0 0 0 26 0 0 51 0 0 3960 0 1536 0 50 0 0 0 2177 0 1238 0 52 0 0 0 0 0 0 20 0 0 0 0 0 3 0 0 0 940 0 0 0 27 0 0 0 15 0 12 0 0 0 0 0 0 0 0 0 18 0 0 3 0 0 0 0 0 0 15 0 0 0 
0 4 0 0 17 523 0 0 5 0 1 0 0 0 0 0 48 0 0 36 0 0 1108 0 1341 2105 0 0 2605 0 2 49260 0 0 0 1870 22 0 0 0 0 0 0 9 58 0 0 2 0 0 0 0 20 0 0 0 0 0 0 0 24 0 0 2 0 0 248 0 754 0 5 0 0 0 29 0 479 0 0 0 0 0 0 0 0 0 0 0 0 0 0 0 0 0 0 31 0 0 0 0 0 0 0 0 0 0 0 0 0 0 0 0 0 0 0 0 0 0 0 0 0 0 0 0 0 0 0 0 0 
0 11 0 0 43 2182 0 0 37 0 20 0 0 0 0 0 64 0 0 169 0 0 10547 0 3013 3259 0 0 5995 0 51 237962 0 0 0 7560 70 0 0 0 0 0 0 108 1727 0 0 20 0 0 0 0 37 0 0 0 0 0 0 0 33 0 0 80 0 0 2988 0 2391 0 49 0 0 0 2773 0 1289 0 37 0 0 0 0 0 0 11 0 0 0 0 0 13 0 0 0 1349 0 0 0 23 0 0 0 23 0 20 0 0 0 0 0 0 0 0 0 9 0 0 2 0 0 0 0 0 0 6 0 0 0 
0 8 0 0 33 1287 0 0 15 0 15 0 0 0 0 0 88 0 0 78 0 0 3084 0 2927 4223 0 0 3540 0 11 127561 0 0 0 4323 39 0 0 0 0 0 0 18 371 0 0 14 0 0 0 0 21 0 0 0 0 0 0 0 33 0 0 21 0 0 2698 0 1231 0 45 0 0 0 1752 0 1062 0 31 0 0 0 0 0 0 13 0 0 0 0 0 3 0 0 0 749 0 0 0 16 0 0 0 15 0 10 0 0 0 0 0 0 0 0 0 13 0 0 3 0 0 0 0 0 0 8 0 0 0 
0 6 0 0 34 1146 0 0 11 0 4 0 0 0 0 0 100 0 0 66 0 0 3178 0 2357 3219 0 0 3771 0 6 126054 0 0 0 5539 69 0 0 0 0 0 0 38 487 0 0 15 0 0 0 0 42 0 0 0 0 0 0 0 36 0 0 12 0 0 475 0 1690 0 16 0 0 0 541 0 1215 0 8 0 0 0 0 0 0 0 0 0 0 0 0 0 0 0 0 261 0 0 0 9 0 0 0 9 0 2 0 0 0 0 0 0 0 0 0 4 0 0 0 0 0 0 0 0 0 0 0 0 0 
0 3 0 0 17 589 0 0 2 0 1 0 0 0 0 0 50 0 0 13 0 0 569 0 1473 1918 0 0 2352 0 0 63401 0 0 0 2611 23 0 0 0 0 0 0 6 64 0 0 2 0 0 0 0 20 0 0 0 0 0 0 0 21 0 0 1 0 0 204 0 932 0 1 0 0 0 118 0 702 0 3 0 0 0 0 0 0 0 0 0 0 0 0 0 0 0 0 74 0 0 0 1 0 0 0 4 0 0 0 0 0 0 0 0 0 0 0 3 0 0 0 0 0 0 0 0 0 0 0 0 0 
0 5 0 0 17 938 0 0 6 0 5 0 0 0 0 0 47 0 0 27 0 0 1657 0 2342 1861 0 0 3754 0 2 102030 0 0 0 3004 21 0 0 0 0 0 0 14 179 0 0 2 0 0 0 0 35 0 0 0 0 0 0 0 24 0 0 6 0 0 783 0 1420 0 13 0 0 0 667 0 694 0 8 0 0 0 0 0 0 1 0 0 0 0 0 1 0 0 0 371 0 0 0 3 0 0 0 6 0 3 0 0 0 0 0 0 0 0 0 3 0 0 0 0 0 0 0 0 0 0 0 0 0 
0 7 0 0 34 1597 0 0 11 0 12 0 0 0 0 0 73 0 0 76 0 0 3242 0 2814 2420 0 0 4762 0 5 194981 0 0 0 6792 61 0 0 0 0 0 0 31 681 0 0 5 0 0 0 0 33 0 0 0 0 0 0 0 27 0 0 18 0 0 1970 0 2179 0 33 0 0 0 1855 0 1214 0 29 0 0 0 0 0 0 3 0 0 0 0 0 5 0 0 0 1032 0 0 0 22 0 0 0 20 0 7 0 0 0 0 0 0 0 0 0 8 0 0 3 0 0 0 0 0 0 4 0 0 0 
0 7 0 0 25 1352 0 0 9 0 12 0 0 0 0 0 62 0 0 35 0 0 2471 0 2836 2802 0 0 4503 0 3 157009 0 0 0 4322 33 0 0 0 0 0 0 17 298 0 0 5 0 0 0 0 31 0 0 0 0 0 0 0 17 0 0 11 0 0 2219 0 1876 0 31 0 0 0 1390 0 1204 0 22 0 0 0 0 0 0 4 0 0 0 0 0 0 0 0 0 706 0 0 0 14 0 0 0 14 0 10 0 0 0 0 0 0 0 0 0 10 0 0 1 0 0 0 0 0 0 6 0 0 0 
0 1 0 0 5 280 0 0 0 0 0 0 0 0 0 0 11 0 0 0 0 0 0 0 548 557 0 0 1243 0 0 38456 0 0 0 1077 3 0 0 0 0 0 0 0 0 0 0 0 0 0 0 0 14 0 0 0 0 0 0 0 8 0 0 0 0 0 0 0 604 0 0 0 0 0 0 0 312 0 0 0 0 0 0 0 0 0 0 0 0 0 0 0 0 0 0 0 0 0 0 0 0 0 0 0 0 0 0 0 0 0 0 0 0 0 0 0 0 0 0 0 0 0 0 0 0 0 0 0 0 
0 6 0 0 26 1039 0 0 7 0 10 0 0 0 0 0 68 0 0 42 0 0 1723 0 2344 2878 0 0 3796 0 0 111704 0 0 0 3953 36 0 0 0 0 0 0 12 214 0 0 3 0 0 0 0 24 0 0 0 0 0 0 0 20 0 0 12 0 0 1614 0 1318 0 24 0 0 0 1158 0 977 0 20 0 0 0 0 0 0 3 0 0 0 0 0 4 0 0 0 486 0 0 0 12 0 0 0 14 0 5 0 0 0 0 0 0 0 0 0 12 0 0 1 0 0 0 0 0 0 4 0 0 0 
0 6 0 0 24 1411 0 0 7 0 9 0 0 0 0 0 58 0 0 28 0 0 2195 0 2801 2052 0 0 4458 0 1 168989 0 0 0 4818 36 0 0 0 0 0 0 24 487 0 0 4 0 0 0 0 35 0 0 0 0 0 0 0 24 0 0 10 0 0 1370 0 2016 0 26 0 0 0 1379 0 913 0 18 0 0 0 0 0 0 2 0 0 0 0 0 2 0 0 0 786 0 0 0 12 0 0 0 14 0 4 0 0 0 0 0 0 0 0 0 3 0 0 2 0 0 0 0 0 0 3 0 0 0 
0 6 0 0 31 1066 0 0 8 0 8 0 0 0 0 0 80 0 0 56 0 0 1802 0 2295 3920 0 0 3210 0 4 114561 0 0 0 4517 37 0 0 0 0 0 0 13 240 0 0 7 0 0 0 0 26 0 0 0 0 0 0 0 41 0 0 8 0 0 1670 0 1224 0 30 0 0 0 829 0 1147 0 19 0 0 0 0 0 0 6 0 0 0 0 0 0 0 0 0 500 0 0 0 15 0 0 0 11 0 2 0 0 0 0 0 0 0 0 0 8 0 0 1 0 0 0 0 0 0 3 0 0 0 
0 6 0 0 26 1502 0 0 6 0 10 0 0 0 0 0 53 0 0 31 0 0 1866 0 2846 1968 0 0 4420 0 1 189021 0 0 0 5509 37 0 0 0 0 0 0 14 510 0 0 1 0 0 0 0 28 0 0 0 0 0 0 0 21 0 0 6 0 0 1667 0 2195 0 28 0 0 0 1692 0 1089 0 30 0 0 0 0 0 0 3 0 0 0 0 0 3 0 0 0 863 0 0 0 17 0 0 0 13 0 6 0 0 0 0 0 0 0 0 0 6 0 0 3 0 0 0 0 0 0 2 0 0 0 
0 2 0 0 9 405 0 0 1 0 0 0 0 0 0 0 23 0 0 7 0 0 351 0 981 815 0 0 1853 0 0 46089 0 0 0 1499 7 0 0 0 0 0 0 2 26 0 0 0 0 0 0 0 17 0 0 0 0 0 0 0 10 0 0 0 0 0 0 0 722 0 0 0 0 0 0 0 386 0 0 0 0 0 0 0 0 0 0 0 0 0 0 0 0 0 0 0 0 0 0 0 0 0 0 0 0 0 0 0 0 0 0 0 0 0 0 0 0 0 0 0 0 0 0 0 0 0 0 0 0 
0 7 0 0 30 1314 0 0 10 0 11 0 0 0 0 0 77 0 0 63 0 0 2615 0 2912 3575 0 0 4210 0 4 135523 0 0 0 4136 33 0 0 0 0 0 0 17 307 0 0 6 0 0 0 0 28 0 0 0 0 0 0 0 26 0 0 12 0 0 2061 0 1610 0 30 0 0 0 1324 0 1425 0 24 0 0 0 0 0 0 6 0 0 0 0 0 2 0 0 0 621 0 0 0 11 0 0 0 11 0 6 0 0 0 0 0 0 0 0 0 11 0 0 0 0 0 0 0 0 0 5 0 0 0 
0 4 0 0 19 835 0 0 1 0 6 0 0 0 0 0 53 0 0 9 0 0 304 0 1747 2123 0 0 2704 0 0 99620 0 0 0 3361 29 0 0 0 0 0 0 0 35 0 0 1 0 0 0 0 25 0 0 0 0 0 0 0 22 0 0 0 0 0 960 0 1138 0 15 0 0 0 743 0 946 0 10 0 0 0 0 0 0 0 0 0 0 0 0 1 0 0 0 435 0 0 0 10 0 0 0 12 0 1 0 0 0 0 0 0 0 0 0 5 0 0 1 0 0 0 0 0 0 3 0 0 0 
0 5 0 0 32 869 0 0 5 0 6 0 0 0 0 0 87 0 0 31 0 0 1293 0 1843 3936 0 0 3374 0 0 97710 0 0 0 4356 63 0 0 0 0 0 0 19 159 0 0 10 0 0 0 0 29 0 0 0 0 0 0 0 33 0 0 6 0 0 1228 0 1307 0 19 0 0 0 571 0 1191 0 14 0 0 0 0 0 0 2 0 0 0 0 0 1 0 0 0 249 0 0 0 12 0 0 0 8 0 3 0 0 0 0 0 0 0 0 0 12 0 0 0 0 0 0 0 0 0 1 0 0 0 
0 4 0 0 16 690 0 0 3 0 3 0 0 0 0 0 48 0 0 21 0 0 779 0 1656 1829 0 0 3149 0 0 70499 0 0 0 2571 18 0 0 0 0 0 0 4 111 0 0 1 0 0 0 0 25 0 0 0 0 0 0 0 19 0 0 3 0 0 500 0 1072 0 6 0 0 0 332 0 751 0 8 0 0 0 0 0 0 0 0 0 0 0 0 0 0 0 0 115 0 0 0 1 0 0 0 4 0 0 0 0 0 0 0 0 0 0 0 3 0 0 0 0 0 0 0 0 0 1 0 0 0 
0 4 0 0 19 759 0 0 4 0 2 0 0 0 0 0 56 0 0 26 0 0 1081 0 1844 2126 0 0 3265 0 1 85399 0 0 0 2662 23 0 0 0 0 0 0 8 100 0 0 3 0 0 0 0 23 0 0 0 0 0 0 0 20 0 0 2 0 0 400 0 1310 0 5 0 0 0 273 0 787 0 5 0 0 0 0 0 0 1 0 0 0 0 0 0 0 0 0 155 0 0 0 1 0 0 0 5 0 0 0 0 0 0 0 0 0 0 0 3 0 0 0 0 0 0 0 0 0 0 0 0 0 
0 7 0 0 33 1115 0 0 17 0 4 0 0 0 0 0 84 0 0 98 0 0 4110 0 2449 3301 0 0 4087 0 17 111663 0 0 0 4818 48 0 0 0 0 0 0 46 508 0 0 8 0 0 0 0 32 0 0 0 0 0 0 0 29 0 0 17 0 0 801 0 1382 0 19 0 0 0 324 0 1151 0 8 0 0 0 0 0 0 0 0 0 0 0 0 0 0 0 0 197 0 0 0 5 0 0 0 4 0 0 0 0 0 0 0 0 0 0 0 4 0 0 0 0 0 0 0 0 0 1 0 0 0 
0 7 0 0 24 1154 0 0 8 0 15 0 0 0 0 0 74 0 0 42 0 0 1666 0 2865 3447 0 0 3553 0 2 124037 0 0 0 3078 26 0 0 0 0 0 0 8 65 0 0 6 0 0 0 0 22 0 0 0 0 0 0 0 24 0 0 17 0 0 2311 0 1224 0 37 0 0 0 1980 0 950 0 27 0 0 0 0 0 0 1 0 0 0 0 0 0 0 0 0 825 0 0 0 10 0 0 0 16 0 6 0 0 0 0 0 0 0 0 0 8 0 0 4 0 0 0 0 0 0 16 0 0 0 
0 6 0 0 25 1231 0 0 9 0 8 0 0 0 0 0 76 0 0 55 0 0 2710 0 2838 2244 0 0 3979 0 5 135770 0 0 0 4196 30 0 0 0 0 0 0 19 301 0 0 4 0 0 0 0 32 0 0 0 0 0 0 0 22 0 0 11 0 0 1293 0 1617 0 21 0 0 0 1100 0 964 0 20 0 0 0 0 0 0 1 0 0 0 0 0 2 0 0 0 681 0 0 0 11 0 0 0 11 0 5 0 0 0 0 0 0 0 0 0 3 0 0 1 0 0 0 0 0 0 4 0 0 0 
0 6 0 0 31 1306 0 0 8 0 8 0 0 0 0 0 66 0 0 38 0 0 2354 0 2392 2779 0 0 4150 0 3 162959 0 0 0 5791 52 0 0 0 0 0 0 29 316 0 0 7 0 0 0 0 39 0 0 0 0 0 0 0 27 0 0 9 0 0 1509 0 1927 0 32 0 0 0 1154 0 1359 0 20 0 0 0 0 0 0 3 0 0 0 0 0 1 0 0 0 685 0 0 0 14 0 0 0 11 0 5 0 0 0 0 0 0 0 0 0 10 0 0 1 0 0 0 0 0 0 2 0 0 0 
0 4 0 0 20 763 0 0 5 0 1 0 0 0 0 0 70 0 0 34 0 0 1421 0 1959 1879 0 0 3164 0 2 79598 0 0 0 2822 33 0 0 0 0 0 0 16 178 0 0 3 0 0 0 0 24 0 0 0 0 0 0 0 20 0 0 2 0 0 211 0 1194 0 3 0 0 0 151 0 632 0 2 0 0 0 0 0 0 0 0 0 0 0 0 0 0 0 0 68 0 0 0 0 0 0 0 2 0 0 0 0 0 0 0 0 0 0 0 0 0 0 0 0 0 0 0 0 0 0 0 0 0 
0 6 0 0 22 779 0 0 12 0 3 0 0 0 0 0 74 0 0 69 0 0 2585 0 1982 2282 0 0 2709 0 10 79987 0 0 0 2684 23 0 0 0 0 0 0 11 155 0 0 4 0 0 0 0 24 0 0 0 0 0 0 0 15 0 0 8 0 0 452 0 1145 0 9 0 0 0 302 0 858 0 5 0 0 0 0 0 0 1 0 0 0 0 0 1 0 0 0 114 0 0 0 5 0 0 0 4 0 0 0 0 0 0 0 0 0 0 0 0 0 0 0 0 0 0 0 0 0 0 0 0 0 
0 7 0 0 24 1265 0 0 10 0 13 0 0 0 0 0 63 0 0 40 0 0 2520 0 3069 2744 0 0 3952 0 5 134692 0 0 0 3939 25 0 0 0 0 0 0 13 308 0 0 5 0 0 0 0 21 0 0 0 0 0 0 0 18 0 0 11 0 0 1903 0 1568 0 26 0 0 0 1962 0 871 0 32 0 0 0 0 0 0 6 0 0 0 0 0 7 0 0 0 637 0 0 0 13 0 0 0 14 0 11 0 0 0 0 0 0 0 0 0 12 0 0 1 0 0 0 0 0 0 4 0 0 0 
18 8 0 128 38 1533 153 82 18 0 13 0 16 0 0 515 75 0 365 115 255 7320 5007 1142 2775 3133 24318 0 5170 121 13 167045 816 0 967 6165 67 252 0 0 0 87 0 48 826 126 159 11 0 0 0 0 41 0 0 0 0 0 0 188 34 0 45 37 69 3098 1993 0 2088 70 45 0 0 0 1605 242 1250 0 30 68 0 0 0 0 0 5 19 0 0 0 0 7 0 4 15 746 0 22 0 14 0 0 0 14 0 10 12 0 0 0 0 0 0 0 0 9 22 0 1 0 0 0 0 0 0 1 0 2 0 
0 5 0 0 28 855 0 0 4 0 6 0 0 0 0 0 75 0 0 37 0 0 1165 0 2041 2852 0 0 3613 0 1 88443 0 0 0 4141 47 0 0 0 0 0 0 13 180 0 0 2 0 0 0 0 37 0 0 0 0 0 0 0 32 0 0 2 0 0 989 0 1387 0 24 0 0 0 614 0 963 0 18 0 0 0 0 0 0 1 0 0 0 0 0 3 0 0 0 138 0 0 0 7 0 0 0 6 0 1 0 0 0 0 0 0 0 0 0 5 0 0 2 0 0 0 0 0 0 0 0 0 0 
0 5 0 0 23 776 0 0 8 0 2 0 0 0 0 0 69 0 0 47 0 0 1962 0 1821 2366 0 0 3652 0 4 79473 0 0 0 3497 37 0 0 0 0 0 0 22 199 0 0 5 0 0 0 0 37 0 0 0 0 0 0 0 28 0 0 6 0 0 416 0 1250 0 11 0 0 0 122 0 814 0 2 0 0 0 0 0 0 0 0 0 0 0 0 0 0 0 0 94 0 0 0 2 0 0 0 3 0 0 0 0 0 0 0 0 0 0 0 0 0 0 0 0 0 0 0 0 0 0 0 0 0 
0 8 0 0 35 1694 0 0 19 0 11 0 0 0 0 0 68 0 0 103 0 0 5641 0 2983 2697 0 0 5260 0 19 190595 0 0 0 6407 54 0 0 0 0 0 0 61 975 0 0 8 0 0 0 0 43 0 0 0 0 0 0 0 24 0 0 27 0 0 1861 0 2231 0 26 0 0 0 1647 0 1307 0 25 0 0 0 0 0 0 2 0 0 0 0 0 4 0 0 0 857 0 0 0 15 0 0 0 14 0 12 0 0 0 0 0 0 0 0 0 10 0 0 0 0 0 0 0 0 0 5 0 0 0 
0 7 0 0 29 1719 0 0 7 0 17 0 0 0 0 0 69 0 0 36 0 0 2205 0 3088 2085 0 0 4439 0 1 214706 0 0 0 6282 52 0 0 0 0 0 0 26 582 0 0 4 0 0 0 0 27 0 0 0 0 0 0 0 19 0 0 8 0 0 2657 0 2028 0 45 0 0 0 2634 0 1041 0 32 0 0 0 0 0 0 5 0 0 0 0 0 9 0 0 0 1540 0 0 0 20 0 0 0 24 0 13 0 0 0 0 0 0 0 0 0 12 0 0 4 0 0 0 0 0 0 12 0 0 0 
0 2 0 0 11 421 0 0 1 0 0 0 0 0 0 0 28 0 0 5 0 0 323 0 867 1627 0 0 1731 0 0 48231 0 0 0 1656 10 0 0 0 0 0 0 6 46 0 0 0 0 0 0 0 17 0 0 0 0 0 0 0 17 0 0 0 0 0 0 0 699 0 0 0 0 0 0 0 579 0 0 0 0 0 0 0 0 0 0 0 0 0 0 0 0 0 0 0 0 0 0 0 0 0 0 0 0 0 0 0 0 0 0 0 0 0 0 0 0 0 0 0 0 0 0 0 0 0 0 0 0 
0 5 0 0 21 807 0 0 5 0 5 0 0 0 0 0 56 0 0 27 0 0 1139 0 1969 2892 0 0 2999 0 1 76827 0 0 0 2951 20 0 0 0 0 0 0 9 135 0 0 3 0 0 0 0 19 0 0 0 0 0 0 0 28 0 0 4 0 0 880 0 941 0 15 0 0 0 519 0 963 0 14 0 0 0 0 0 0 2 0 0 0 0 0 0 0 0 0 202 0 0 0 4 0 0 0 5 0 2 0 0 0 0 0 0 0 0 0 4 0 0 0 0 0 0 0 0 0 1 0 0 0 
0 6 0 0 27 1385 0 0 6 0 9 0 0 0 0 0 64 0 0 25 0 0 1946 0 2615 2628 0 0 4160 0 0 168530 0 0 0 5340 44 0 0 0 0 0 0 23 427 0 0 6 0 0 0 0 32 0 0 0 0 0 0 0 28 0 0 7 0 0 1530 0 1944 0 30 0 0 0 1245 0 1321 0 16 0 0 0 0 0 0 3 0 0 0 0 0 3 0 0 0 660 0 0 0 11 0 0 0 11 0 4 0 0 0 0 0 0 0 0 0 8 0 0 1 0 0 0 0 0 0 2 0 0 0 
0 2 0 0 10 334 0 0 1 0 0 0 0 0 0 0 25 0 0 6 0 0 293 0 708 1117 0 0 1956 0 0 39841 0 0 0 1288 9 0 0 0 0 0 0 2 20 0 0 1 0 0 0 0 17 0 0 0 0 0 0 0 13 0 0 0 0 0 0 0 650 0 0 0 0 0 0 0 368 0 0 0 0 0 0 0 0 0 0 0 0 0 0 0 0 0 0 0 0 0 0 0 0 0 0 0 0 0 0 0 0 0 0 0 0 0 0 0 0 0 0 0 0 0 0 0 0 0 0 0 0 
0 7 0 0 31 1631 0 0 7 0 17 0 0 0 0 0 69 0 0 43 0 0 2141 0 3011 2567 0 0 4252 0 1 197340 0 0 0 6366 58 0 0 0 0 0 0 25 549 0 0 2 0 0 0 0 27 0 0 0 0 0 0 0 22 0 0 9 0 0 2933 0 1864 0 47 0 0 0 2304 0 1273 0 30 0 0 0 0 0 0 6 0 0 0 0 0 8 0 0 0 1297 0 0 0 25 0 0 0 25 0 14 0 0 0 0 0 0 0 0 0 13 0 0 2 0 0 0 0 0 0 12 0 0 0 
0 3 0 0 18 638 0 0 0 0 3 0 0 0 0 0 50 0 0 0 0 0 0 0 1242 2291 0 0 2251 0 0 82320 0 0 0 2838 34 0 0 0 0 0 0 0 0 0 0 0 0 0 0 0 25 0 0 0 0 0 0 0 25 0 0 0 0 0 516 0 1149 0 13 0 0 0 491 0 780 0 7 0 0 0 0 0 0 0 0 0 0 0 0 0 0 0 0 130 0 0 0 4 0 0 0 7 0 0 0 0 0 0 0 0 0 0 0 3 0 0 0 0 0 0 0 0 0 1 0 0 0 
0 7 0 0 30 1450 0 0 8 0 16 0 0 0 0 0 66 0 0 43 0 0 2336 0 2958 2895 0 0 4108 0 3 167850 0 0 0 5525 43 0 0 0 0 0 0 34 474 0 0 6 0 0 0 0 34 0 0 0 0 0 0 0 24 0 0 10 0 0 2853 0 1789 0 39 0 0 0 1968 0 1141 0 34 0 0 0 0 0 0 6 0 0 0 0 0 5 0 0 0 945 0 0 0 18 0 0 0 15 0 12 0 0 0 0 0 0 0 0 0 12 0 0 1 0 0 0 0 0 0 15 0 0 0 
0 4 0 0 23 809 0 0 4 0 2 0 0 0 0 0 63 0 0 23 0 0 1290 0 1763 2654 0 0 3386 0 1 86513 0 0 0 3772 35 0 0 0 0 0 0 21 218 0 0 4 0 0 0 0 36 0 0 0 0 0 0 0 31 0 0 2 0 0 290 0 1304 0 8 0 0 0 200 0 1008 0 5 0 0 0 0 0 0 0 0 0 0 0 0 0 0 0 0 96 0 0 0 3 0 0 0 4 0 1 0 0 0 0 0 0 0 0 0 1 0 0 0 0 0 0 0 0 0 0 0 0 0 
0 6 0 0 25 1073 0 0 8 0 7 0 0 0 0 0 74 0 0 44 0 0 2018 0 2624 3245 0 0 3920 0 2 105787 0 0 0 3361 24 0 0 0 0 0 0 16 301 0 0 4 0 0 0 0 25 0 0 0 0 0 0 0 23 0 0 9 0 0 1282 0 1355 0 16 0 0 0 776 0 1081 0 19 0 0 0 0 0 0 3 0 0 0 0 0 2 0 0 0 330 0 0 0 7 0 0 0 8 0 3 0 0 0 0 0 0 0 0 0 7 0 0 0 0 0 0 0 0 0 1 0 0 0 
0 6 0 0 24 1115 0 0 6 0 11 0 0 0 0 0 68 0 0 32 0 0 1475 0 2528 3229 0 0 3148 0 0 124066 0 0 0 3656 28 0 0 0 0 0 0 6 127 0 0 5 0 0 0 0 26 0 0 0 0 0 0 0 29 0 0 12 0 0 1701 0 1118 0 36 0 0 0 1374 0 1040 0 19 0 0 0 0 0 0 3 0 0 0 0 0 2 0 0 0 793 0 0 0 9 0 0 0 13 0 2 0 0 0 0 0 0 0 0 0 7 0 0 1 0 0 0 0 0 0 9 0 0 0 
0 7 0 0 32 1386 0 0 12 0 12 0 0 0 0 0 71 0 0 66 0 0 3316 0 2717 3350 0 0 4956 0 6 154242 0 0 0 5164 49 0 0 0 0 0 0 34 412 0 0 7 0 0 0 0 35 0 0 0 0 0 0 0 29 0 0 23 0 0 1837 0 1664 0 35 0 0 0 1694 0 1238 0 24 0 0 0 0 0 0 4 0 0 0 0 0 2 0 0 0 921 0 0 0 18 0 0 0 22 0 7 0 0 0 0 0 0 0 0 0 9 0 0 2 0 0 0 0 0 0 9 0 0 0 
0 9 0 0 32 1556 0 0 23 0 15 0 0 0 0 0 81 0 0 112 0 0 5778 0 3210 3535 0 0 4788 0 24 158537 0 0 0 4661 27 0 0 0 0 0 0 37 826 0 0 8 0 0 0 0 27 0 0 0 0 0 0 0 24 0 0 38 0 0 2816 0 1776 0 37 0 0 0 1610 0 1160 0 31 0 0 0 0 0 0 10 0 0 0 0 0 9 0 0 0 630 0 0 0 18 0 0 0 11 0 12 0 0 0 0 0 0 0 0 0 10 0 0 0 0 0 0 0 0 0 6 0 0 0 
0 8 0 0 35 1418 0 0 11 0 18 0 0 0 0 0 98 0 0 65 0 0 2674 0 3111 3937 0 0 3779 0 3 154346 0 0 0 5432 48 0 0 0 0 0 0 15 353 0 0 6 0 0 0 0 30 0 0 0 0 0 0 0 22 0 0 17 0 0 3368 0 1608 0 59 0 0 0 1885 0 1342 0 38 0 0 0 0 0 0 10 0 0 0 0 0 5 0 0 0 861 0 0 0 30 0 0 0 18 0 13 0 0 0 0 0 0 0 0 0 20 0 0 3 0 0 0 0 0 0 11 0 0 0 
0 8 0 0 38 1206 0 0 20 0 9 0 0 0 0 0 119 0 0 123 0 0 4835 0 2750 4551 0 0 4196 0 18 106351 0 0 0 4546 64 0 0 0 0 0 0 42 636 0 0 18 0 0 0 0 38 0 0 0 0 0 0 0 44 0 0 32 0 0 969 0 1491 0 39 0 0 0 1162 0 1142 0 20 0 0 0 0 0 0 3 0 0 0 0 0 2 0 0 0 190 0 0 0 5 0 0 0 12 0 5 0 0 0 0 0 0 0 0 0 6 0 0 0 0 0 0 0 0 0 2 0 0 0 
0 9 0 0 37 1767 0 0 23 0 16 0 0 0 0 0 70 0 0 129 0 0 6329 0 3168 2863 0 0 5241 0 24 198674 0 0 0 6417 56 0 0 0 0 0 0 56 958 0 0 9 0 0 0 0 32 0 0 0 0 0 0 0 20 0 0 44 0 0 2596 0 2205 0 35 0 0 0 2385 0 1248 0 34 0 0 0 0 0 0 9 0 0 0 0 0 7 0 0 0 1123 0 0 0 23 0 0 0 23 0 14 0 0 0 0 0 0 0 0 0 12 0 0 1 0 0 0 0 0 0 7 0 0 0 
0 7 0 0 36 967 0 0 8 0 15 0 0 0 0 0 106 0 0 51 0 0 1397 0 2134 5605 0 0 3616 0 2 91810 0 0 0 3665 52 0 0 0 0 0 0 8 106 0 0 11 0 0 0 0 26 0 0 0 0 0 0 0 30 0 0 14 0 0 2688 0 1115 0 40 0 0 0 1104 0 1289 0 32 0 0 0 0 0 0 11 0 0 0 0 0 1 0 0 0 483 0 0 0 25 0 0 0 15 0 4 0 0 0 0 0 0 0 0 0 28 0 0 1 0 0 0 0 0 0 12 0 0 0 
0 10 0 0 48 1291 0 0 26 0 25 0 0 0 0 0 120 0 0 153 0 0 5293 0 2658 6634 0 0 4053 0 21 115855 0 0 0 5203 69 0 0 0 0 0 0 35 540 0 0 34 0 0 0 0 34 0 0 0 0 0 0 0 41 0 0 75 0 0 3580 0 1322 0 82 0 0 0 2020 0 1415 0 56 0 0 0 0 0 0 15 0 0 0 0 0 19 0 0 0 526 0 0 0 26 0 0 0 12 0 24 0 0 0 0 0 0 0 0 0 33 0 0 2 0 0 0 0 0 0 15 0 0 0 
0 8 0 0 35 1043 0 0 16 0 14 0 0 0 0 0 111 0 0 103 0 0 3237 0 2460 4129 0 0 3249 0 10 107365 0 0 0 4194 52 0 0 0 0 0 0 20 150 0 0 13 0 0 0 0 27 0 0 0 0 0 0 0 37 0 0 29 0 0 2127 0 1274 0 46 0 0 0 1298 0 968 0 43 0 0 0 0 0 0 9 0 0 0 0 0 6 0 0 0 477 0 0 0 16 0 0 0 11 0 9 0 0 0 0 0 0 0 0 0 5 0 0 1 0 0 0 0 0 0 4 0 0 0 
0 5 0 0 21 872 0 0 5 0 5 0 0 0 0 0 65 0 0 26 0 0 1233 0 2035 2362 0 0 3249 0 1 98809 0 0 0 3371 23 0 0 0 0 0 0 10 189 0 0 2 0 0 0 0 29 0 0 0 0 0 0 0 22 0 0 3 0 0 667 0 1394 0 12 0 0 0 847 0 904 0 15 0 0 0 0 0 0 1 0 0 0 0 0 1 0 0 0 175 0 0 0 5 0 0 0 5 0 4 0 0 0 0 0 0 0 0 0 6 0 0 0 0 0 0 0 0 0 0 0 0 0 
0 8 0 0 39 1329 0 0 18 0 11 0 0 0 0 0 93 0 0 119 0 0 4317 0 2656 5116 0 0 4520 0 18 126728 0 0 0 4938 47 0 0 0 0 0 0 33 498 0 0 17 0 0 0 0 33 0 0 0 0 0 0 0 37 0 0 23 0 0 2104 0 1494 0 28 0 0 0 1177 0 1671 0 23 0 0 0 0 0 0 8 0 0 0 0 0 0 0 0 0 557 0 0 0 17 0 0 0 14 0 6 0 0 0 0 0 0 0 0 0 19 0 0 1 0 0 0 0 0 0 6 0 0 0 
0 6 0 0 26 800 0 0 9 0 7 0 0 0 0 0 82 0 0 59 0 0 2012 0 2198 3497 0 0 3078 0 2 67381 0 0 0 2561 24 0 0 0 0 0 0 11 130 0 0 4 0 0 0 0 26 0 0 0 0 0 0 0 26 0 0 18 0 0 988 0 875 0 22 0 0 0 595 0 760 0 21 0 0 0 0 0 0 0 0 0 0 0 0 1 0 0 0 169 0 0 0 5 0 0 0 2 0 1 0 0 0 0 0 0 0 0 0 6 0 0 0 0 0 0 0 0 0 2 0 0 0 
0 4 0 0 22 879 0 0 3 0 4 0 0 0 0 0 56 0 0 18 0 0 876 0 1861 2298 0 0 2831 0 0 105028 0 0 0 3912 32 0 0 0 0 0 0 7 112 0 0 4 0 0 0 0 24 0 0 0 0 0 0 0 28 0 0 4 0 0 703 0 1306 0 14 0 0 0 605 0 957 0 12 0 0 0 0 0 0 0 0 0 0 0 0 0 0 0 0 347 0 0 0 9 0 0 0 10 0 0 0 0 0 0 0 0 0 0 0 2 0 0 1 0 0 0 0 0 0 1 0 0 0 
0 6 0 0 31 972 0 0 11 0 4 0 0 0 0 0 75 0 0 74 0 0 2848 0 2213 3988 0 0 4127 0 7 93108 0 0 0 4119 40 0 0 0 0 0 0 33 305 0 0 9 0 0 0 0 42 0 0 0 0 0 0 0 41 0 0 10 0 0 618 0 1333 0 14 0 0 0 451 0 1170 0 7 0 0 0 0 0 0 1 0 0 0 0 0 1 0 0 0 151 0 0 0 5 0 0 0 3 0 1 0 0 0 0 0 0 0 0 0 6 0 0 0 0 0 0 0 0 0 0 0 0 0 
0 8 0 0 31 1713 0 0 17 0 11 0 0 0 0 0 63 0 0 78 0 0 4876 0 2924 2775 0 0 5492 0 12 202707 0 0 0 5441 40 0 0 0 0 0 0 40 890 0 0 8 0 0 0 0 34 0 0 0 0 0 0 0 24 0 0 24 0 0 1685 0 2360 0 27 0 0 0 1870 0 1239 0 25 0 0 0 0 0 0 2 0 0 0 0 0 3 0 0 0 872 0 0 0 15 0 0 0 15 0 13 0 0 0 0 0 0 0 0 0 9 0 0 1 0 0 0 0 0 0 1 0 0 0 
0 9 0 0 39 1643 0 0 25 0 13 0 0 0 0 0 86 0 0 130 0 0 6709 0 2971 3557 0 0 5045 0 25 175142 0 0 0 6257 64 0 0 0 0 0 0 76 1161 0 0 17 0 0 0 0 41 0 0 0 0 0 0 0 37 0 0 52 0 0 2147 0 2100 0 40 0 0 0 1398 0 1197 0 27 0 0 0 0 0 0 3 0 0 0 0 0 5 0 0 0 650 0 0 0 16 0 0 0 11 0 9 0 0 0 0 0 0 0 0 0 7 0 0 0 0 0 0 0 0 0 4 0 0 0 
0 5 0 0 18 900 0 0 4 0 8 0 0 0 0 0 71 0 0 23 0 0 984 0 2340 2734 0 0 2795 0 0 87915 0 0 0 2164 15 0 0 0 0 0 0 6 126 0 0 2 0 0 0 0 26 0 0 0 0 0 0 0 21 0 0 8 0 0 1098 0 968 0 16 0 0 0 1218 0 876 0 13 0 0 0 0 0 0 0 0 0 0 0 0 0 0 0 0 435 0 0 0 4 0 0 0 7 0 0 0 0 0 0 0 0 0 0 0 9 0 0 2 0 0 0 0 0 0 7 0 0 0 
0 8 0 0 34 1110 0 0 16 0 14 0 0 0 0 0 102 0 0 96 0 0 3153 0 2640 3966 0 0 3406 0 10 112930 0 0 0 4133 46 0 0 0 0 0 0 17 285 0 0 11 0 0 0 0 19 0 0 0 0 0 0 0 25 0 0 29 0 0 2103 0 1354 0 40 0 0 0 1666 0 993 0 35 0 0 0 0 0 0 7 0 0 0 0 0 6 0 0 0 474 0 0 0 18 0 0 0 15 0 11 0 0 0 0 0 0 0 0 0 13 0 0 1 0 0 0 0 0 0 4 0 0 0 
85 4 253 291 17 318 3545 386 4 3 2 25 47 915 557 992 67 604 947 21 1598 62350 381 24287 768 2099 17394 17705 1357 484 1 29623 96873 15462 10831 842 21 281 1077 4 35 281 103 2 13 3919 142 6 11 428 317 145 7 6 10 4 13 0 122 90 10 43 96 2 427 9069 470 1719 439 128 4 53 222 3405 53 2534 255 104 7 53 444 3 2 3 0 1 63 0 0 4 1 0 46 3 670 9 178 69 65 3 0 29 72 1 64 0 32 17 3 0 5 0 0 0 12 1 4 13 0 1 0 0 1 0 0 0 9 4 0 
0 6 0 0 30 1018 0 0 7 0 10 0 0 0 0 0 80 0 0 39 0 0 1929 0 2308 3884 0 0 3622 0 1 107612 0 0 0 4083 47 0 0 0 0 0 0 16 182 0 0 7 0 0 0 0 29 0 0 0 0 0 0 0 26 0 0 12 0 0 1398 0 1385 0 26 0 0 0 1203 0 1193 0 21 0 0 0 0 0 0 3 0 0 0 0 0 3 0 0 0 386 0 0 0 14 0 0 0 9 0 5 0 0 0 0 0 0 0 0 0 19 0 0 2 0 0 0 0 0 0 2 0 0 0 
0 8 0 0 23 1429 0 0 19 0 10 0 0 0 0 0 66 0 0 72 0 0 5087 0 3019 2854 0 0 5162 0 17 144080 0 0 0 3227 16 0 0 0 0 0 0 31 575 0 0 5 0 0 0 0 30 0 0 0 0 0 0 0 19 0 0 31 0 0 1466 0 1899 0 15 0 0 0 1438 0 1230 0 15 0 0 0 0 0 0 3 0 0 0 0 0 1 0 0 0 553 0 0 0 8 0 0 0 13 0 8 0 0 0 0 0 0 0 0 0 9 0 0 0 0 0 0 0 0 0 2 0 0 0 
0 7 0 0 37 1116 0 0 14 0 8 0 0 0 0 0 84 0 0 88 0 0 3450 0 2457 3839 0 0 4194 0 11 115596 0 0 0 4999 54 0 0 0 0 0 0 33 334 0 0 14 0 0 0 0 30 0 0 0 0 0 0 0 31 0 0 17 0 0 1393 0 1504 0 34 0 0 0 881 0 1235 0 28 0 0 0 0 0 0 1 0 0 0 0 0 3 0 0 0 298 0 0 0 9 0 0 0 6 0 5 0 0 0 0 0 0 0 0 0 10 0 0 1 0 0 0 0 0 0 2 0 0 0 
0 6 0 0 30 1325 0 0 9 0 9 0 0 0 0 0 71 0 0 51 0 0 2681 0 2420 2762 0 0 4225 0 3 154048 0 0 0 5540 56 0 0 0 0 0 0 33 603 0 0 4 0 0 0 0 34 0 0 0 0 0 0 0 26 0 0 14 0 0 1517 0 1851 0 26 0 0 0 1205 0 1311 0 16 0 0 0 0 0 0 4 0 0 0 0 0 5 0 0 0 654 0 0 0 17 0 0 0 16 0 8 0 0 0 0 0 0 0 0 0 11 0 0 0 0 0 0 0 0 0 0 0 0 0 
0 4 0 0 17 812 0 0 2 0 5 0 0 0 0 0 39 0 0 12 0 0 533 0 1614 2113 0 0 3033 0 0 97963 0 0 0 3284 31 0 0 0 0 0 0 2 30 0 0 0 0 0 0 0 27 0 0 0 0 0 0 0 22 0 0 1 0 0 900 0 1163 0 14 0 0 0 560 0 955 0 5 0 0 0 0 0 0 1 0 0 0 0 0 0 0 0 0 413 0 0 0 9 0 0 0 11 0 2 0 0 0 0 0 0 0 0 0 5 0 0 0 0 0 0 0 0 0 2 0 0 0 
0 9 0 0 34 1518 0 0 21 0 17 0 0 0 0 0 85 0 0 111 0 0 5660 0 3172 3512 0 0 4888 0 12 148375 0 0 0 5346 44 0 0 0 0 0 0 34 675 0 0 9 0 0 0 0 30 0 0 0 0 0 0 0 26 0 0 50 0 0 2610 0 1797 0 52 0 0 0 1844 0 1386 0 28 0 0 0 0 0 0 7 0 0 0 0 0 7 0 0 0 690 0 0 0 21 0 0 0 20 0 15 0 0 0 0 0 0 0 0 0 11 0 0 1 0 0 0 0 0 0 6 0 0 0 
0 6 0 0 34 1238 0 0 8 0 8 0 0 0 0 0 82 0 0 60 0 0 2293 0 2566 2620 0 0 3843 0 3 147209 0 0 0 5989 66 0 0 0 0 0 0 25 319 0 0 5 0 0 0 0 26 0 0 0 0 0 0 0 31 0 0 9 0 0 1319 0 1732 0 29 0 0 0 1215 0 1186 0 24 0 0 0 0 0 0 1 0 0 0 0 0 2 0 0 0 587 0 0 0 16 0 0 0 14 0 5 0 0 0 0 0 0 0 0 0 5 0 0 2 0 0 0 0 0 0 2 0 0 0 
0 6 0 0 29 1113 0 0 9 0 8 0 0 0 0 0 64 0 0 51 0 0 2540 0 2121 3383 0 0 4203 0 4 121345 0 0 0 4418 39 0 0 0 0 0 0 21 302 0 0 8 0 0 0 0 29 0 0 0 0 0 0 0 28 0 0 11 0 0 1193 0 1499 0 21 0 0 0 1029 0 1229 0 15 0 0 0 0 0 0 3 0 0 0 0 0 3 0 0 0 446 0 0 0 13 0 0 0 13 0 6 0 0 0 0 0 0 0 0 0 11 0 0 1 0 0 0 0 0 0 1 0 0 0 
251 7 1052 1199 20 952 30806 507 13 13 10 572 550 1982 2621 3078 24 1469 1673 55 823 37964 2492 106099 1260 946 155304 188774 1432 384 6 72524 2483121 64297 103333 2547 21 1528 2190 18 882 394 787 13 493 8782 524 4 433 1321 1054 1712 7 19 20 22 9 1886 2204 1185 9 646 687 24 115 80021 1017 101067 493 1325 17 1349 619 69858 821 87395 377 1284 20 1392 316 11 13 10 20 5 254 271 5 4 7 4 156 312 23407 416 19051 510 833 4 1036 579 348 5 682 7 181 301 538 26 2 7 12 557 1126 4 521 222 0 5 8 9 3 7 13 0 504 266 318 
0 3 0 0 15 374 0 0 2 0 1 0 0 0 0 0 54 0 0 15 0 0 367 0 933 2024 0 0 1494 0 0 40712 0 0 0 1525 21 0 0 0 0 0 0 2 17 0 0 1 0 0 0 0 17 0 0 0 0 0 0 0 14 0 0 1 0 0 264 0 620 0 3 0 0 0 53 0 405 0 3 0 0 0 0 0 0 0 0 0 0 0 0 0 0 0 0 13 0 0 0 2 0 0 0 0 0 0 0 0 0 0 0 0 0 0 0 2 0 0 0 0 0 0 0 0 0 0 0 0 0 
0 4 0 0 17 648 0 0 3 0 3 0 0 0 0 0 61 0 0 17 0 0 719 0 1788 2313 0 0 2502 0 0 67961 0 0 0 1934 19 0 0 0 0 0 0 4 38 0 0 4 0 0 0 0 17 0 0 0 0 0 0 0 18 0 0 2 0 0 495 0 969 0 9 0 0 0 433 0 514 0 5 0 0 0 0 0 0 1 0 0 0 0 0 1 0 0 0 107 0 0 0 1 0 0 0 4 0 0 0 0 0 0 0 0 0 0 0 2 0 0 0 0 0 0 0 0 0 0 0 0 0 
0 6 0 0 26 981 0 0 9 0 7 0 0 0 0 0 71 0 0 55 0 0 2148 0 2427 3732 0 0 3909 0 4 97169 0 0 0 2933 24 0 0 0 0 0 0 13 202 0 0 8 0 0 0 0 27 0 0 0 0 0 0 0 29 0 0 13 0 0 1216 0 1416 0 12 0 0 0 839 0 976 0 14 0 0 0 0 0 0 2 0 0 0 0 0 0 0 0 0 300 0 0 0 9 0 0 0 8 0 2 0 0 0 0 0 0 0 0 0 11 0 0 1 0 0 0 0 0 0 2 0 0 0 
0 8 0 0 37 1464 0 0 22 0 8 0 0 0 0 0 92 0 0 109 0 0 6071 0 2791 3391 0 0 5392 0 25 146114 0 0 0 5475 59 0 0 0 0 0 0 72 872 0 0 18 0 0 0 0 34 0 0 0 0 0 0 0 25 0 0 34 0 0 1132 0 1991 0 17 0 0 0 1097 0 1437 0 18 0 0 0 0 0 0 2 0 0 0 0 0 2 0 0 0 443 0 0 0 17 0 0 0 17 0 5 0 0 0 0 0 0 0 0 0 7 0 0 0 0 0 0 0 0 0 0 0 0 0 
0 6 0 0 31 845 0 0 6 0 9 0 0 0 0 0 104 0 0 48 0 0 1118 0 1904 4136 0 0 2792 0 1 90162 0 0 0 3463 53 0 0 0 0 0 0 5 71 0 0 8 0 0 0 0 27 0 0 0 0 0 0 0 34 0 0 6 0 0 1626 0 1139 0 32 0 0 0 837 0 923 0 23 0 0 0 0 0 0 3 0 0 0 0 0 1 0 0 0 241 0 0 0 10 0 0 0 9 0 5 0 0 0 0 0 0 0 0 0 8 0 0 1 0 0 0 0 0 0 3 0 0 0 
197 8 1091 1220 18 903 18936 574 17 12 11 371 340 2381 4491 2237 40 1787 2655 60 1403 57844 2986 89597 1477 1273 124323 151156 2113 499 11 65644 1193546 85965 93300 1848 31 2070 3030 28 800 399 755 21 326 9968 605 6 308 1329 1232 1190 9 10 27 35 17 1484 936 1254 13 646 586 28 327 49319 1196 50797 729 727 21 1454 931 58690 799 46797 453 1019 0 1079 799 13 6 7 14 1 274 101 2 11 3 6 235 145 9082 332 9913 435 254 5 535 428 502 8 526 6 124 290 283 4 6 9 6 629 321 3 310 166 0 5 1 7 4 2 3 4 98 124 192 
0 7 0 0 37 1017 0 0 17 0 5 0 0 0 0 0 106 0 0 121 0 0 3900 0 2354 3896 0 0 3659 0 17 99326 0 0 0 4681 61 0 0 0 0 0 0 39 474 0 0 10 0 0 0 0 26 0 0 0 0 0 0 0 32 0 0 20 0 0 869 0 1364 0 17 0 0 0 480 0 1116 0 13 0 0 0 0 0 0 1 0 0 0 0 0 1 0 0 0 102 0 0 0 11 0 0 0 6 0 1 0 0 0 0 0 0 0 0 0 8 0 0 0 0 0 0 0 0 0 0 0 0 0 
0 6 0 0 29 990 0 0 7 0 9 0 0 0 0 0 93 0 0 48 0 0 1518 0 2233 3825 0 0 3152 0 3 98426 0 0 0 3524 36 0 0 0 0 0 0 10 162 0 0 7 0 0 0 0 25 0 0 0 0 0 0 0 26 0 0 5 0 0 1682 0 1127 0 23 0 0 0 974 0 1280 0 23 0 0 0 0 0 0 8 0 0 0 0 0 1 0 0 0 441 0 0 0 15 0 0 0 9 0 2 0 0 0 0 0 0 0 0 0 10 0 0 2 0 0 0 0 0 0 3 0 0 0 
0 8 0 0 32 1370 0 0 18 0 10 0 0 0 0 0 82 0 0 88 0 0 4924 0 2804 4024 0 0 5001 0 13 143971 0 0 0 3970 39 0 0 0 0 0 0 43 633 0 0 13 0 0 0 0 26 0 0 0 0 0 0 0 26 0 0 28 0 0 1017 0 1995 0 16 0 0 0 1678 0 1250 0 25 0 0 0 0 0 0 3 0 0 0 0 0 2 0 0 0 333 0 0 0 9 0 0 0 14 0 8 0 0 0 0 0 0 0 0 0 12 0 0 0 0 0 0 0 0 0 2 0 0 0 
0 7 0 0 30 1550 0 0 6 0 17 0 0 0 0 0 68 0 0 35 0 0 1792 0 3101 2384 0 0 4048 0 1 185775 0 0 0 6144 51 0 0 0 0 0 0 26 475 0 0 3 0 0 0 0 34 0 0 0 0 0 0 0 27 0 0 8 0 0 3133 0 1876 0 60 0 0 0 2093 0 1186 0 35 0 0 0 0 0 0 4 0 0 0 0 0 8 0 0 0 1072 0 0 0 17 0 0 0 16 0 7 0 0 0 0 0 0 0 0 0 7 0 0 2 0 0 0 0 0 0 15 0 0 0 
0 3 0 0 13 526 0 0 2 0 1 0 0 0 0 0 48 0 0 14 0 0 542 0 1417 1863 0 0 1882 0 0 53378 0 0 0 1674 9 0 0 0 0 0 0 4 47 0 0 0 0 0 0 0 20 0 0 0 0 0 0 0 19 0 0 1 0 0 91 0 771 0 0 0 0 0 238 0 528 0 1 0 0 0 0 0 0 0 0 0 0 0 0 0 0 0 0 41 0 0 0 0 0 0 0 2 0 0 0 0 0 0 0 0 0 0 0 3 0 0 0 0 0 0 0 0 0 0 0 0 0 
0 8 0 0 40 1289 0 0 18 0 13 0 0 0 0 0 92 0 0 118 0 0 4276 0 2528 4388 0 0 4748 0 17 138980 0 0 0 5492 57 0 0 0 0 0 0 39 402 0 0 15 0 0 0 0 33 0 0 0 0 0 0 0 35 0 0 26 0 0 2226 0 1771 0 43 0 0 0 1516 0 1261 0 34 0 0 0 0 0 0 11 0 0 0 0 0 3 0 0 0 622 0 0 0 25 0 0 0 21 0 13 0 0 0 0 0 0 0 0 0 10 0 0 2 0 0 0 0 0 0 4 0 0 0 
0 6 0 0 27 1409 0 0 6 0 12 0 0 0 0 0 66 0 0 37 0 0 1874 0 2714 2225 0 0 4030 0 1 170148 0 0 0 5496 47 0 0 0 0 0 0 27 509 0 0 2 0 0 0 0 34 0 0 0 0 0 0 0 22 0 0 8 0 0 2021 0 1820 0 34 0 0 0 1631 0 1129 0 23 0 0 0 0 0 0 4 0 0 0 0 0 6 0 0 0 970 0 0 0 15 0 0 0 12 0 7 0 0 0 0 0 0 0 0 0 8 0 0 1 0 0 0 0 0 0 7 0 0 0 
0 7 0 0 30 1419 0 0 12 0 9 0 0 0 0 0 80 0 0 71 0 0 3461 0 2979 2672 0 0 4644 0 6 155710 0 0 0 4982 51 0 0 0 0 0 0 41 614 0 0 4 0 0 0 0 31 0 0 0 0 0 0 0 28 0 0 16 0 0 1527 0 1841 0 29 0 0 0 1114 0 1078 0 16 0 0 0 0 0 0 1 0 0 0 0 0 4 0 0 0 575 0 0 0 6 0 0 0 7 0 5 0 0 0 0 0 0 0 0 0 4 0 0 0 0 0 0 0 0 0 3 0 0 0 
0 8 0 0 30 1544 0 0 20 0 8 0 0 0 0 0 78 0 0 98 0 0 5584 0 2853 3301 0 0 5207 0 19 169449 0 0 0 4385 34 0 0 0 0 0 0 38 784 0 0 11 0 0 0 0 33 0 0 0 0 0 0 0 28 0 0 28 0 0 1190 0 2094 0 20 0 0 0 1260 0 1219 0 12 0 0 0 0 0 0 1 0 0 0 0 0 1 0 0 0 583 0 0 0 10 0 0 0 12 0 5 0 0 0 0 0 0 0 0 0 5 0 0 1 0 0 0 0 0 0 1 0 0 0 
0 6 0 0 21 1262 0 0 8 0 9 0 0 0 0 0 67 0 0 36 0 0 2350 0 2811 2665 0 0 4146 0 3 138097 0 0 0 3144 18 0 0 0 0 0 0 14 343 0 0 3 0 0 0 0 32 0 0 0 0 0 0 0 14 0 0 12 0 0 1387 0 1630 0 16 0 0 0 1348 0 1243 0 20 0 0 0 0 0 0 1 0 0 0 0 0 1 0 0 0 675 0 0 0 10 0 0 0 9 0 5 0 0 0 0 0 0 0 0 0 9 0 0 2 0 0 0 0 0 0 5 0 0 0 
0 7 0 0 25 1552 0 0 9 0 13 0 0 0 0 0 69 0 0 42 0 0 2737 0 3169 2261 0 0 4314 0 0 179266 0 0 0 4718 27 0 0 0 0 0 0 19 574 0 0 4 0 0 0 0 34 0 0 0 0 0 0 0 21 0 0 16 0 0 2157 0 1877 0 36 0 0 0 1833 0 1061 0 29 0 0 0 0 0 0 5 0 0 0 0 0 5 0 0 0 974 0 0 0 9 0 0 0 9 0 8 0 0 0 0 0 0 0 0 0 8 0 0 0 0 0 0 0 0 0 6 0 0 0 
0 6 0 0 23 1285 0 0 6 0 10 0 0 0 0 0 70 0 0 29 0 0 1690 0 2864 2666 0 0 4047 0 1 141533 0 0 0 3564 21 0 0 0 0 0 0 12 324 0 0 3 0 0 0 0 23 0 0 0 0 0 0 0 17 0 0 8 0 0 1701 0 1721 0 21 0 0 0 1464 0 1273 0 23 0 0 0 0 0 0 5 0 0 0 0 0 1 0 0 0 643 0 0 0 12 0 0 0 12 0 4 0 0 0 0 0 0 0 0 0 10 0 0 1 0 0 0 0 0 0 4 0 0 0 
0 8 0 0 30 1432 0 0 19 0 10 0 0 0 0 0 80 0 0 87 0 0 5061 0 2994 3326 0 0 4701 0 16 141792 0 0 0 4562 34 0 0 0 0 0 0 43 766 0 0 6 0 0 0 0 28 0 0 0 0 0 0 0 21 0 0 32 0 0 1340 0 1680 0 20 0 0 0 1432 0 1264 0 19 0 0 0 0 0 0 2 0 0 0 0 0 1 0 0 0 447 0 0 0 11 0 0 0 12 0 9 0 0 0 0 0 0 0 0 0 13 0 0 0 0 0 0 0 0 0 2 0 0 0 
0 7 0 0 27 1577 0 0 10 0 14 0 0 0 0 0 64 0 0 41 0 0 3068 0 2854 2798 0 0 4828 0 2 182021 0 0 0 4823 36 0 0 0 0 0 0 29 643 0 0 7 0 0 0 0 36 0 0 0 0 0 0 0 20 0 0 19 0 0 2239 0 1946 0 34 0 0 0 2049 0 1404 0 27 0 0 0 0 0 0 3 0 0 0 0 0 6 0 0 0 1074 0 0 0 12 0 0 0 14 0 12 0 0 0 0 0 0 0 0 0 15 0 0 2 0 0 0 0 0 0 7 0 0 0 
0 10 0 0 34 1865 0 0 27 0 20 0 0 0 0 0 79 0 0 134 0 0 7335 0 3581 3387 0 0 5374 0 26 192893 0 0 0 5105 43 0 0 0 0 0 0 54 983 0 0 10 0 0 0 0 26 0 0 0 0 0 0 0 26 0 0 59 0 0 2976 0 1927 0 47 0 0 0 2761 0 1093 0 25 0 0 0 0 0 0 6 0 0 0 0 0 16 0 0 0 1307 0 0 0 17 0 0 0 25 0 17 0 0 0 0 0 0 0 0 0 7 0 0 2 0 0 0 0 0 0 11 0 0 0 
0 6 0 0 38 936 0 0 9 0 7 0 0 0 0 0 95 0 0 60 0 0 1972 0 2155 4912 0 0 3590 0 4 101251 0 0 0 4676 64 0 0 0 0 0 0 26 190 0 0 20 0 0 0 0 29 0 0 0 0 0 0 0 41 0 0 9 0 0 1407 0 1417 0 22 0 0 0 764 0 1176 0 19 0 0 0 0 0 0 4 0 0 0 0 0 2 0 0 0 227 0 0 0 16 0 0 0 8 0 5 0 0 0 0 0 0 0 0 0 15 0 0 0 0 0 0 0 0 0 0 0 0 0 
0 6 0 0 30 1258 0 0 9 0 8 0 0 0 0 0 71 0 0 56 0 0 2615 0 2452 2638 0 0 4097 0 4 146518 0 0 0 5471 52 0 0 0 0 0 0 34 464 0 0 4 0 0 0 0 35 0 0 0 0 0 0 0 24 0 0 11 0 0 1239 0 1884 0 14 0 0 0 1318 0 1226 0 16 0 0 0 0 0 0 3 0 0 0 0 0 4 0 0 0 579 0 0 0 16 0 0 0 16 0 7 0 0 0 0 0 0 0 0 0 12 0 0 0 0 0 0 0 0 0 0 0 0 0 
0 7 0 0 33 1411 0 0 13 0 8 0 0 0 0 0 85 0 0 70 0 0 3537 0 2853 3003 0 0 4415 0 9 160122 0 0 0 5628 66 0 0 0 0 0 0 49 611 0 0 8 0 0 0 0 24 0 0 0 0 0 0 0 26 0 0 17 0 0 1252 0 1920 0 19 0 0 0 1317 0 1282 0 12 0 0 0 0 0 0 1 0 0 0 0 0 0 0 0 0 548 0 0 0 14 0 0 0 17 0 3 0 0 0 0 0 0 0 0 0 9 0 0 1 0 0 0 0 0 0 4 0 0 0 
0 8 0 0 40 1274 0 0 19 0 10 0 0 0 0 0 93 0 0 128 0 0 4496 0 2670 4239 0 0 4193 0 16 136299 0 0 0 5570 57 0 0 0 0 0 0 47 576 0 0 16 0 0 0 0 37 0 0 0 0 0 0 0 40 0 0 31 0 0 1847 0 1862 0 29 0 0 0 1055 0 1191 0 29 0 0 0 0 0 0 5 0 0 0 0 0 1 0 0 0 328 0 0 0 17 0 0 0 10 0 6 0 0 0 0 0 0 0 0 0 7 0 0 0 0 0 0 0 0 0 3 0 0 0 
0 5 0 0 19 594 0 0 8 0 2 0 0 0 0 0 57 0 0 47 0 0 1462 0 1287 2184 0 0 2512 0 5 69264 0 0 0 2253 20 0 0 0 0 0 0 8 40 0 0 2 0 0 0 0 24 0 0 0 0 0 0 0 15 0 0 4 0 0 472 0 1103 0 8 0 0 0 190 0 798 0 4 0 0 0 0 0 0 1 0 0 0 0 0 0 0 0 0 80 0 0 0 4 0 0 0 2 0 0 0 0 0 0 0 0 0 0 0 0 0 0 0 0 0 0 0 0 0 0 0 0 0 
0 8 0 0 43 1118 0 0 16 0 15 0 0 0 0 0 121 0 0 115 0 0 3577 0 2426 4892 0 0 4023 0 9 109991 0 0 0 5143 71 0 0 0 0 0 0 32 360 0 0 14 0 0 0 0 30 0 0 0 0 0 0 0 36 0 0 31 0 0 2486 0 1395 0 61 0 0 0 1079 0 1289 0 44 0 0 0 0 0 0 8 0 0 0 0 0 9 0 0 0 351 0 0 0 20 0 0 0 11 0 12 0 0 0 0 0 0 0 0 0 16 0 0 0 0 0 0 0 0 0 6 0 0 0 
0 7 0 0 36 1149 0 0 7 0 17 0 0 0 0 0 106 0 0 47 0 0 1393 0 2480 4685 0 0 3305 0 2 117143 0 0 0 4144 55 0 0 0 0 0 0 11 207 0 0 9 0 0 0 0 21 0 0 0 0 0 0 0 24 0 0 7 0 0 2802 0 1352 0 46 0 0 0 2137 0 1272 0 45 0 0 0 0 0 0 8 0 0 0 0 0 7 0 0 0 723 0 0 0 27 0 0 0 18 0 9 0 0 0 0 0 0 0 0 0 22 0 0 6 0 0 0 0 0 0 13 0 0 0 
0 5 0 0 23 1015 0 0 6 0 4 0 0 0 0 0 74 0 0 34 0 0 1741 0 2150 2993 0 0 3660 0 2 108377 0 0 0 3386 23 0 0 0 0 0 0 14 300 0 0 7 0 0 0 0 32 0 0 0 0 0 0 0 25 0 0 4 0 0 682 0 1500 0 10 0 0 0 577 0 1304 0 8 0 0 0 0 0 0 1 0 0 0 0 0 1 0 0 0 220 0 0 0 7 0 0 0 4 0 2 0 0 0 0 0 0 0 0 0 4 0 0 0 0 0 0 0 0 0 0 0 0 0 
0 7 0 0 35 1122 0 0 8 0 13 0 0 0 0 0 101 0 0 54 0 0 1516 0 2452 4567 0 0 3595 0 2 121512 0 0 0 4599 54 0 0 0 0 0 0 10 199 0 0 5 0 0 0 0 34 0 0 0 0 0 0 0 32 0 0 11 0 0 2878 0 1472 0 45 0 0 0 974 0 1299 0 27 0 0 0 0 0 0 9 0 0 0 0 0 3 0 0 0 463 0 0 0 27 0 0 0 12 0 0 0 0 0 0 0 0 0 0 0 18 0 0 1 0 0 0 0 0 0 9 0 0 0 
0 8 0 0 39 1093 0 0 18 0 11 0 0 0 0 0 108 0 0 113 0 0 3472 0 2356 4949 0 0 3932 0 18 119475 0 0 0 4278 63 0 0 0 0 0 0 33 247 0 0 21 0 0 0 0 30 0 0 0 0 0 0 0 36 0 0 20 0 0 1955 0 1564 0 34 0 0 0 1378 0 1149 0 28 0 0 0 0 0 0 7 0 0 0 0 0 5 0 0 0 418 0 0 0 15 0 0 0 12 0 10 0 0 0 0 0 0 0 0 0 10 0 0 0 0 0 0 0 0 0 2 0 0 0 
0 8 0 0 34 1408 0 0 12 0 18 0 0 0 0 0 84 0 0 57 0 0 3094 0 2766 3903 0 0 4427 0 4 156116 0 0 0 5036 49 0 0 0 0 0 0 23 379 0 0 11 0 0 0 0 31 0 0 0 0 0 0 0 22 0 0 22 0 0 3440 0 1775 0 50 0 0 0 1774 0 1404 0 41 0 0 0 0 0 0 8 0 0 0 0 0 6 0 0 0 868 0 0 0 23 0 0 0 17 0 11 0 0 0 0 0 0 0 0 0 20 0 0 1 0 0 0 0 0 0 16 0 0 0 
0 6 0 0 26 1108 0 0 7 0 8 0 0 0 0 0 73 0 0 29 0 0 1930 0 2395 3277 0 0 3563 0 0 123818 0 0 0 3925 34 0 0 0 0 0 0 22 341 0 0 5 0 0 0 0 27 0 0 0 0 0 0 0 24 0 0 10 0 0 1410 0 1632 0 20 0 0 0 891 0 1149 0 15 0 0 0 0 0 0 1 0 0 0 0 0 2 0 0 0 300 0 0 0 10 0 0 0 6 0 5 0 0 0 0 0 0 0 0 0 11 0 0 0 0 0 0 0 0 0 2 0 0 0 
0 5 0 0 19 756 0 0 4 0 6 0 0 0 0 0 76 0 0 21 0 0 846 0 2192 2756 0 0 2740 0 0 71022 0 0 0 1813 20 0 0 0 0 0 0 5 52 0 0 5 0 0 0 0 18 0 0 0 0 0 0 0 18 0 0 4 0 0 762 0 936 0 10 0 0 0 930 0 622 0 9 0 0 0 0 0 0 0 0 0 0 0 0 2 0 0 0 186 0 0 0 5 0 0 0 8 0 2 0 0 0 0 0 0 0 0 0 8 0 0 1 0 0 0 0 0 0 1 0 0 0 
27 6 0 146 24 1108 351 107 8 0 8 0 16 0 0 496 70 0 367 43 439 9710 2181 2380 2684 2329 27180 0 3548 148 2 113937 2925 0 1713 3723 29 175 0 0 0 86 0 25 294 201 156 4 0 0 0 0 31 0 0 0 0 0 0 177 28 0 22 11 68 2556 1242 0 1315 58 24 0 0 0 891 370 854 0 15 39 0 0 0 0 0 2 24 0 0 0 0 2 0 2 23 535 0 13 0 7 0 0 0 9 0 4 8 0 0 0 0 0 0 0 0 1 23 0 1 0 0 0 0 0 0 2 0 3 0 
0 5 0 0 29 1227 0 0 6 0 5 0 0 0 0 0 60 0 0 42 0 0 1880 0 2245 2428 0 0 4670 0 1 150593 0 0 0 5845 57 0 0 0 0 0 0 30 541 0 0 3 0 0 0 0 42 0 0 0 0 0 0 0 32 0 0 8 0 0 769 0 2108 0 15 0 0 0 733 0 1237 0 15 0 0 0 0 0 0 1 0 0 0 0 0 1 0 0 0 445 0 0 0 7 0 0 0 9 0 2 0 0 0 0 0 0 0 0 0 5 0 0 0 0 0 0 0 0 0 0 0 0 0 
0 3 0 0 18 561 0 0 2 0 1 0 0 0 0 0 43 0 0 16 0 0 572 0 1352 2014 0 0 2657 0 0 60571 0 0 0 2561 27 0 0 0 0 0 0 5 35 0 0 2 0 0 0 0 21 0 0 0 0 0 0 0 20 0 0 1 0 0 204 0 977 0 1 0 0 0 118 0 697 0 3 0 0 0 0 0 0 0 0 0 0 0 0 0 0 0 0 74 0 0 0 1 0 0 0 4 0 0 0 0 0 0 0 0 0 0 0 3 0 0 0 0 0 0 0 0 0 0 0 0 0 
0 4 0 0 26 515 0 0 2 0 5 0 0 0 0 0 92 0 0 17 0 0 365 0 1319 3699 0 0 1991 0 0 47610 0 0 0 2419 44 0 0 0 0 0 0 2 74 0 0 4 0 0 0 0 24 0 0 0 0 0 0 0 38 0 0 0 0 0 728 0 684 0 24 0 0 0 348 0 574 0 22 0 0 0 0 0 0 1 0 0 0 0 0 2 0 0 0 59 0 0 0 6 0 0 0 1 0 3 0 0 0 0 0 0 0 0 0 6 0 0 0 0 0 0 0 0 0 0 0 0 0 
104 7 564 532 27 1342 5270 347 13 5 9 86 190 1322 1825 1629 59 1084 1121 60 886 36943 3315 28436 2009 2085 94416 43367 3588 372 10 147290 174484 46019 20204 4678 37 795 2071 15 722 319 160 34 549 3255 494 8 37 749 394 321 28 16 11 14 8 376 386 473 25 169 295 16 182 42355 1241 6487 1637 669 19 296 448 13841 1298 13206 986 320 15 444 472 5 2 2 3 0 227 6 0 4 0 3 84 89 2989 738 1055 166 200 15 53 51 166 15 109 7 150 58 113 5 4 0 4 108 41 7 165 30 1 1 0 0 0 2 0 3 26 119 19 
0 6 0 0 20 1180 0 0 5 0 13 0 0 0 0 0 54 0 0 27 0 0 1465 0 2706 2077 0 0 3886 0 0 134840 0 0 0 3329 20 0 0 0 0 0 0 3 145 0 0 0 0 0 0 0 24 0 0 0 0 0 0 0 15 0 0 8 0 0 1965 0 1593 0 27 0 0 0 1791 0 886 0 24 0 0 0 0 0 0 3 0 0 0 0 0 3 0 0 0 709 0 0 0 12 0 0 0 11 0 7 0 0 0 0 0 0 0 0 0 12 0 0 5 0 0 0 0 0 0 9 0 0 0 
0 8 0 0 37 1538 0 0 17 0 12 0 0 0 0 0 82 0 0 101 0 0 4726 0 3159 3450 0 0 4954 0 15 158912 0 0 0 5665 62 0 0 0 0 0 0 53 712 0 0 12 0 0 0 0 35 0 0 0 0 0 0 0 28 0 0 22 0 0 1879 0 1934 0 32 0 0 0 1714 0 1323 0 23 0 0 0 0 0 0 2 0 0 0 0 0 8 0 0 0 720 0 0 0 17 0 0 0 18 0 11 0 0 0 0 0 0 0 0 0 9 0 0 0 0 0 0 0 0 0 4 0 0 0 
0 4 0 0 13 795 0 0 3 0 4 0 0 0 0 0 46 0 0 16 0 0 976 0 2070 1333 0 0 2981 0 0 85120 0 0 0 1979 8 0 0 0 0 0 0 4 109 0 0 1 0 0 0 0 19 0 0 0 0 0 0 0 13 0 0 3 0 0 513 0 1189 0 11 0 0 0 550 0 628 0 6 0 0 0 0 0 0 1 0 0 0 0 0 1 0 0 0 199 0 0 0 2 0 0 0 5 0 1 0 0 0 0 0 0 0 0 0 1 0 0 0 0 0 0 0 0 0 0 0 0 0 
0 4 0 0 23 809 0 0 4 0 2 0 0 0 0 0 63 0 0 23 0 0 1290 0 1763 2654 0 0 3386 0 1 86513 0 0 0 3772 35 0 0 0 0 0 0 21 218 0 0 4 0 0 0 0 36 0 0 0 0 0 0 0 31 0 0 2 0 0 290 0 1304 0 8 0 0 0 200 0 1008 0 5 0 0 0 0 0 0 0 0 0 0 0 0 0 0 0 0 96 0 0 0 3 0 0 0 4 0 1 0 0 0 0 0 0 0 0 0 1 0 0 0 0 0 0 0 0 0 0 0 0 0 
0 4 0 0 25 930 0 0 4 0 2 0 0 0 0 0 60 0 0 26 0 0 1290 0 1855 2447 0 0 3654 0 1 113570 0 0 0 4855 49 0 0 0 0 0 0 28 330 0 0 3 0 0 0 0 43 0 0 0 0 0 0 0 33 0 0 2 0 0 166 0 1791 0 1 0 0 0 469 0 1128 0 6 0 0 0 0 0 0 1 0 0 0 0 0 0 0 0 0 94 0 0 0 3 0 0 0 4 0 0 0 0 0 0 0 0 0 0 0 4 0 0 0 0 0 0 0 0 0 0 0 0 0 
0 10 0 0 36 2023 0 0 24 0 27 0 0 0 0 0 65 0 0 115 0 0 6679 0 3291 3043 0 0 5301 0 20 226522 0 0 0 5869 51 0 0 0 0 0 0 55 1216 0 0 10 0 0 0 0 28 0 0 0 0 0 0 0 18 0 0 57 0 0 4389 0 2144 0 63 0 0 0 3770 0 1079 0 49 0 0 0 0 0 0 20 0 0 0 0 0 26 0 0 0 1717 0 0 0 26 0 0 0 28 0 33 0 0 0 0 0 0 0 0 0 15 0 0 2 0 0 0 0 0 0 15 0 0 0 
0 6 0 0 29 472 0 0 13 0 2 0 0 0 0 0 102 0 0 93 0 0 1589 0 1367 3645 0 0 2147 0 13 44473 0 0 0 2421 49 0 0 0 0 0 0 13 57 0 0 9 0 0 0 0 17 0 0 0 0 0 0 0 23 0 0 6 0 0 50 0 654 0 5 0 0 0 549 0 565 0 11 0 0 0 0 0 0 0 0 0 0 0 0 1 0 0 0 22 0 0 0 1 0 0 0 1 0 0 0 0 0 0 0 0 0 0 0 3 0 0 0 0 0 0 0 0 0 0 0 0 0 
0 5 0 0 23 519 0 0 7 0 3 0 0 0 0 0 86 0 0 43 0 0 1158 0 1647 4040 0 0 2870 0 3 34799 0 0 0 1759 34 0 0 0 0 0 0 10 81 0 0 8 0 0 0 0 22 0 0 0 0 0 0 0 24 0 0 5 0 0 430 0 536 0 8 0 0 0 196 0 598 0 5 0 0 0 0 0 0 1 0 0 0 0 0 0 0 0 0 60 0 0 0 3 0 0 0 2 0 1 0 0 0 0 0 0 0 0 0 5 0 0 0 0 0 0 0 0 0 0 0 0 0 
0 9 0 0 45 840 0 0 25 0 13 0 0 0 0 0 149 0 0 171 0 0 3432 0 2180 6828 0 0 3075 0 31 71373 0 0 0 3438 69 0 0 0 0 0 0 29 192 0 0 28 0 0 0 0 28 0 0 0 0 0 0 0 53 0 0 37 0 0 1838 0 923 0 47 0 0 0 1032 0 976 0 42 0 0 0 0 0 0 7 0 0 0 0 0 7 0 0 0 252 0 0 0 15 0 0 0 7 0 12 0 0 0 0 0 0 0 0 0 12 0 0 1 0 0 0 0 0 0 3 0 0 0 
0 7 0 0 36 530 0 0 15 0 6 0 0 0 0 0 137 0 0 103 0 0 1910 0 1763 6712 0 0 2224 0 12 25838 0 0 0 2058 47 0 0 0 0 0 0 15 135 0 0 24 0 0 0 0 15 0 0 0 0 0 0 0 50 0 0 16 0 0 695 0 284 0 24 0 0 0 240 0 758 0 16 0 0 0 0 0 0 3 0 0 0 0 0 4 0 0 0 25 0 0 0 2 0 0 0 2 0 0 0 0 0 0 0 0 0 0 0 6 0 0 0 0 0 0 0 0 0 0 0 0 0 
0 10 0 0 42 929 0 0 31 0 17 0 0 0 0 0 136 0 0 174 0 0 4665 0 2520 7175 0 0 3680 0 38 61714 0 0 0 2919 46 0 0 0 0 0 0 33 257 0 0 30 0 0 0 0 16 0 0 0 0 0 0 0 43 0 0 66 0 0 1874 0 697 0 48 0 0 0 1297 0 890 0 43 0 0 0 0 0 0 12 0 0 0 0 0 9 0 0 0 350 0 0 0 11 0 0 0 10 0 15 0 0 0 0 0 0 0 0 0 17 0 0 1 0 0 0 0 0 0 4 0 0 0 
0 4 0 0 24 691 0 0 4 0 3 0 0 0 0 0 46 0 0 25 0 0 1001 0 1448 3090 0 0 2965 0 1 77094 0 0 0 3607 41 0 0 0 0 0 0 13 51 0 0 5 0 0 0 0 34 0 0 0 0 0 0 0 32 0 0 3 0 0 504 0 1065 0 12 0 0 0 396 0 1112 0 11 0 0 0 0 0 0 1 0 0 0 0 0 0 0 0 0 270 0 0 0 7 0 0 0 7 0 1 0 0 0 0 0 0 0 0 0 3 0 0 0 0 0 0 0 0 0 0 0 0 0 
0 8 0 0 34 1498 0 0 18 0 13 0 0 0 0 0 99 0 0 95 0 0 4639 0 3165 2966 0 0 4537 0 15 164548 0 0 0 5428 60 0 0 0 0 0 0 44 685 0 0 13 0 0 0 0 32 0 0 0 0 0 0 0 21 0 0 32 0 0 1731 0 1704 0 35 0 0 0 1981 0 868 0 33 0 0 0 0 0 0 3 0 0 0 0 0 7 0 0 0 1096 0 0 0 13 0 0 0 12 0 11 0 0 0 0 0 0 0 0 0 8 0 0 2 0 0 0 0 0 0 6 0 0 0 
0 5 0 0 29 643 0 0 6 0 5 0 0 0 0 0 84 0 0 46 0 0 1181 0 1807 3559 0 0 2651 0 2 63845 0 0 0 3491 51 0 0 0 0 0 0 8 56 0 0 8 0 0 0 0 22 0 0 0 0 0 0 0 26 0 0 6 0 0 508 0 953 0 18 0 0 0 640 0 868 0 18 0 0 0 0 0 0 0 0 0 0 0 0 2 0 0 0 130 0 0 0 7 0 0 0 3 0 3 0 0 0 0 0 0 0 0 0 9 0 0 0 0 0 0 0 0 0 0 0 0 0 
0 6 0 0 20 938 0 0 12 0 3 0 0 0 0 0 69 0 0 58 0 0 2892 0 2462 2579 0 0 3777 0 11 87360 0 0 0 2252 14 0 0 0 0 0 0 13 358 0 0 5 0 0 0 0 20 0 0 0 0 0 0 0 12 0 0 6 0 0 456 0 1244 0 8 0 0 0 340 0 812 0 6 0 0 0 0 0 0 0 0 0 0 0 0 1 0 0 0 136 0 0 0 3 0 0 0 1 0 2 0 0 0 0 0 0 0 0 0 2 0 0 0 0 0 0 0 0 0 0 0 0 0 
0 8 0 0 33 1407 0 0 18 0 12 0 0 0 0 0 87 0 0 88 0 0 4475 0 2734 3338 0 0 4109 0 15 163199 0 0 0 5260 42 0 0 0 0 0 0 29 700 0 0 11 0 0 0 0 32 0 0 0 0 0 0 0 25 0 0 31 0 0 1429 0 2009 0 37 0 0 0 1935 0 1080 0 42 0 0 0 0 0 0 3 0 0 0 0 0 6 0 0 0 657 0 0 0 11 0 0 0 16 0 9 0 0 0 0 0 0 0 0 0 7 0 0 0 0 0 0 0 0 0 5 0 0 0 
57 6 838 231 22 1038 1516 188 9 7 8 81 104 2431 1852 677 53 1541 467 43 602 24154 2178 8080 2072 2289 35576 28221 3245 220 5 105174 25790 86978 4406 3290 28 251 3293 11 439 130 140 18 272 840 182 2 143 880 1074 149 26 12 19 10 19 637 746 201 8 126 202 10 100 21037 1139 2588 1164 346 22 156 1000 17336 985 3460 784 309 17 208 860 4 6 10 2 1 103 9 0 9 0 4 82 40 1016 522 831 104 311 8 59 106 543 8 68 5 57 100 50 3 10 9 4 319 66 5 79 57 1 4 0 6 7 3 2 3 37 51 38 
0 7 0 0 35 1157 0 0 13 0 9 0 0 0 0 0 96 0 0 86 0 0 2948 0 2632 4019 0 0 3324 0 13 128858 0 0 0 4889 56 0 0 0 0 0 0 21 265 0 0 10 0 0 0 0 29 0 0 0 0 0 0 0 30 0 0 6 0 0 1389 0 1455 0 27 0 0 0 1316 0 1234 0 32 0 0 0 0 0 0 5 0 0 0 0 0 4 0 0 0 527 0 0 0 11 0 0 0 12 0 10 0 0 0 0 0 0 0 0 0 12 0 0 0 0 0 0 0 0 0 2 0 0 0 
0 5 0 0 19 661 0 0 9 0 1 0 0 0 0 0 65 0 0 54 0 0 1946 0 1762 2334 0 0 2777 0 7 66153 0 0 0 2054 20 0 0 0 0 0 0 8 103 0 0 3 0 0 0 0 20 0 0 0 0 0 0 0 11 0 0 3 0 0 129 0 1072 0 1 0 0 0 143 0 787 0 4 0 0 0 0 0 0 0 0 0 0 0 0 0 0 0 0 107 0 0 0 1 0 0 0 1 0 0 0 0 0 0 0 0 0 0 0 2 0 0 0 0 0 0 0 0 0 0 0 0 0 
0 8 0 0 46 619 0 0 23 0 6 0 0 0 0 0 156 0 0 179 0 0 2779 0 1745 7142 0 0 2157 0 32 50166 0 0 0 3278 82 0 0 0 0 0 0 26 123 0 0 31 0 0 0 0 18 0 0 0 0 0 0 0 51 0 0 22 0 0 781 0 639 0 28 0 0 0 675 0 761 0 28 0 0 0 0 0 0 3 0 0 0 0 0 0 0 0 0 103 0 0 0 4 0 0 0 2 0 3 0 0 0 0 0 0 0 0 0 4 0 0 1 0 0 0 0 0 0 1 0 0 0 
0 4 0 0 13 202 0 0 4 0 2 0 0 0 0 0 68 0 0 25 0 0 382 0 834 1539 0 0 1271 0 1 7482 0 0 0 824 25 0 0 0 0 0 0 1 13 0 0 1 0 0 0 0 4 0 0 0 0 0 0 0 8 0 0 2 0 0 165 0 126 0 9 0 0 0 32 0 158 0 2 0 0 0 0 0 0 0 0 0 0 0 0 1 0 0 0 0 0 0 0 0 0 0 0 0 0 0 0 0 0 0 0 0 0 0 0 0 0 0 0 0 0 0 0 0 0 0 0 0 0 
0 4 0 0 21 651 0 0 2 0 5 0 0 0 0 0 65 0 0 15 0 0 596 0 1482 2542 0 0 2370 0 0 83446 0 0 0 3374 35 0 0 0 0 0 0 4 26 0 0 1 0 0 0 0 18 0 0 0 0 0 0 0 24 0 0 0 0 0 499 0 1171 0 13 0 0 0 807 0 916 0 19 0 0 0 0 0 0 1 0 0 0 0 0 2 0 0 0 165 0 0 0 6 0 0 0 9 0 3 0 0 0 0 0 0 0 0 0 5 0 0 0 0 0 0 0 0 0 0 0 0 0 
287 9 1047 2127 30 631 40445 780 27 9 11 596 444 2308 5473 5365 40 1494 3912 112 1408 74959 3114 162569 996 2493 134704 232285 785 581 31 30605 3750018 50965 252800 1791 31 5355 2742 35 683 1617 1491 10 208 28000 392 31 476 324 1105 1577 10 11 25 34 17 1426 1411 2014 16 810 744 54 401 44101 864 128134 194 1192 20 2953 705 61969 598 92573 453 1385 19 2152 673 7 17 8 9 4 140 288 6 1 0 1 547 172 16057 198 19543 615 456 4 672 663 158 3 222 4 365 385 487 10 8 21 4 468 768 14 377 88 1 5 0 4 2 2 2 4 308 129 240 
0 6 0 0 27 768 0 0 12 0 3 0 0 0 0 0 75 0 0 68 0 0 2589 0 1893 4395 0 0 3406 0 9 61316 0 0 0 2901 36 0 0 0 0 0 0 27 287 0 0 11 0 0 0 0 30 0 0 0 0 0 0 0 31 0 0 10 0 0 428 0 956 0 11 0 0 0 139 0 1160 0 2 0 0 0 0 0 0 0 0 0 0 0 0 1 0 0 0 44 0 0 0 1 0 0 0 1 0 0 0 0 0 0 0 0 0 0 0 5 0 0 0 0 0 0 0 0 0 0 0 0 0 
0 6 0 0 36 641 0 0 10 0 5 0 0 0 0 0 118 0 0 88 0 0 1598 0 1876 4415 0 0 2251 0 5 62590 0 0 0 3663 68 0 0 0 0 0 0 5 97 0 0 9 0 0 0 0 21 0 0 0 0 0 0 0 37 0 0 11 0 0 887 0 905 0 32 0 0 0 339 0 810 0 20 0 0 0 0 0 0 1 0 0 0 0 0 0 0 0 0 87 0 0 0 8 0 0 0 2 0 2 0 0 0 0 0 0 0 0 0 5 0 0 0 0 0 0 0 0 0 1 0 0 0 
0 4 0 0 25 216 0 0 5 0 1 0 0 0 0 0 115 0 0 42 0 0 454 0 722 3934 0 0 1129 0 2 10932 0 0 0 979 44 0 0 0 0 0 0 2 13 0 0 10 0 0 0 0 7 0 0 0 0 0 0 0 25 0 0 2 0 0 133 0 123 0 5 0 0 0 20 0 338 0 5 0 0 0 0 0 0 0 0 0 0 0 0 0 0 0 0 6 0 0 0 1 0 0 0 0 0 0 0 0 0 0 0 0 0 0 0 1 0 0 0 0 0 0 0 0 0 0 0 0 0 
0 9 0 0 44 827 0 0 26 0 11 0 0 0 0 0 153 0 0 173 0 0 3811 0 2260 7201 0 0 2744 0 32 64483 0 0 0 3490 51 0 0 0 0 0 0 18 180 0 0 30 0 0 0 0 16 0 0 0 0 0 0 0 51 0 0 37 0 0 1505 0 802 0 39 0 0 0 847 0 981 0 32 0 0 0 0 0 0 8 0 0 0 0 0 2 0 0 0 197 0 0 0 14 0 0 0 8 0 11 0 0 0 0 0 0 0 0 0 14 0 0 0 0 0 0 0 0 0 1 0 0 0 
0 6 0 0 42 372 0 0 12 0 3 0 0 0 0 0 147 0 0 92 0 0 1183 0 1077 7762 0 0 1475 0 11 15397 0 0 0 1982 66 0 0 0 0 0 0 13 70 0 0 36 0 0 0 0 17 0 0 0 0 0 0 0 78 0 0 6 0 0 394 0 168 0 12 0 0 0 92 0 622 0 12 0 0 0 0 0 0 3 0 0 0 0 0 0 0 0 0 19 0 0 0 1 0 0 0 0 0 0 0 0 0 0 0 0 0 0 0 6 0 0 0 0 0 0 0 0 0 0 0 0 0 
0 5 0 0 29 356 0 0 9 0 1 0 0 0 0 0 122 0 0 82 0 0 1116 0 1165 4152 0 0 1904 0 7 18717 0 0 0 1430 52 0 0 0 0 0 0 8 54 0 0 8 0 0 0 0 16 0 0 0 0 0 0 0 30 0 0 3 0 0 106 0 302 0 3 0 0 0 51 0 296 0 5 0 0 0 0 0 0 0 0 0 0 0 0 0 0 0 0 17 0 0 0 2 0 0 0 1 0 0 0 0 0 0 0 0 0 0 0 1 0 0 0 0 0 0 0 0 0 0 0 0 0 
0 7 0 0 34 489 0 0 17 0 5 0 0 0 0 0 135 0 0 112 0 0 1956 0 1405 5012 0 0 2498 0 18 32510 0 0 0 2045 52 0 0 0 0 0 0 11 106 0 0 23 0 0 0 0 17 0 0 0 0 0 0 0 33 0 0 18 0 0 552 0 556 0 16 0 0 0 362 0 610 0 15 0 0 0 0 0 0 1 0 0 0 0 0 0 0 0 0 81 0 0 0 4 0 0 0 5 0 3 0 0 0 0 0 0 0 0 0 6 0 0 0 0 0 0 0 0 0 0 0 0 0 
0 7 0 0 37 342 0 0 20 0 1 0 0 0 0 0 140 0 0 138 0 0 1662 0 1122 6097 0 0 1955 0 30 12864 0 0 0 1486 61 0 0 0 0 0 0 19 97 0 0 31 0 0 0 0 16 0 0 0 0 0 0 0 40 0 0 5 0 0 123 0 228 0 3 0 0 0 37 0 296 0 3 0 0 0 0 0 0 0 0 0 0 0 0 0 0 0 0 7 0 0 0 2 0 0 0 1 0 0 0 0 0 0 0 0 0 0 0 0 0 0 0 0 0 0 0 0 0 0 0 0 0 
0 5 0 0 32 340 0 0 7 0 3 0 0 0 0 0 134 0 0 62 0 0 780 0 966 5310 0 0 1580 0 2 17166 0 0 0 1678 59 0 0 0 0 0 0 8 47 0 0 11 0 0 0 0 13 0 0 0 0 0 0 0 35 0 0 7 0 0 363 0 189 0 14 0 0 0 82 0 541 0 13 0 0 0 0 0 0 1 0 0 0 0 0 0 0 0 0 16 0 0 0 1 0 0 0 1 0 0 0 0 0 0 0 0 0 0 0 5 0 0 0 0 0 0 0 0 0 0 0 0 0 
0 6 0 0 33 650 0 0 10 0 5 0 0 0 0 0 116 0 0 71 0 0 1643 0 1937 4245 0 0 2294 0 5 66405 0 0 0 3258 60 0 0 0 0 0 0 12 56 0 0 11 0 0 0 0 18 0 0 0 0 0 0 0 31 0 0 11 0 0 907 0 861 0 25 0 0 0 312 0 556 0 23 0 0 0 0 0 0 1 0 0 0 0 0 0 0 0 0 129 0 0 0 8 0 0 0 1 0 2 0 0 0 0 0 0 0 0 0 2 0 0 0 0 0 0 0 0 0 1 0 0 0 
0 5 0 0 32 527 0 0 7 0 3 0 0 0 0 0 114 0 0 63 0 0 956 0 1562 4444 0 0 1949 0 4 50464 0 0 0 2897 58 0 0 0 0 0 0 7 38 0 0 8 0 0 0 0 17 0 0 0 0 0 0 0 40 0 0 3 0 0 619 0 730 0 15 0 0 0 294 0 637 0 12 0 0 0 0 0 0 1 0 0 0 0 0 0 0 0 0 73 0 0 0 9 0 0 0 2 0 2 0 0 0 0 0 0 0 0 0 3 0 0 0 0 0 0 0 0 0 0 0 0 0 
0 4 0 0 21 285 0 0 4 0 2 0 0 0 0 0 95 0 0 28 0 0 555 0 1021 3745 0 0 1033 0 1 12978 0 0 0 1159 34 0 0 0 0 0 0 4 26 0 0 6 0 0 0 0 4 0 0 0 0 0 0 0 27 0 0 2 0 0 191 0 115 0 4 0 0 0 50 0 384 0 9 0 0 0 0 0 0 0 0 0 0 0 0 1 0 0 0 2 0 0 0 0 0 0 0 0 0 0 0 0 0 0 0 0 0 0 0 3 0 0 0 0 0 0 0 0 0 0 0 0 0 
0 5 0 0 30 759 0 0 3 0 8 0 0 0 0 0 96 0 0 22 0 0 612 0 1871 4486 0 0 2638 0 0 78746 0 0 0 3383 54 0 0 0 0 0 0 6 6 0 0 5 0 0 0 0 32 0 0 0 0 0 0 0 41 0 0 3 0 0 1424 0 904 0 27 0 0 0 604 0 1037 0 25 0 0 0 0 0 0 2 0 0 0 0 0 0 0 0 0 372 0 0 0 10 0 0 0 8 0 2 0 0 0 0 0 0 0 0 0 13 0 0 0 0 0 0 0 0 0 6 0 0 0 
0 4 0 0 29 285 0 0 5 0 1 0 0 0 0 0 116 0 0 44 0 0 589 0 933 4839 0 0 1036 0 2 12961 0 0 0 1531 54 0 0 0 0 0 0 10 50 0 0 11 0 0 0 0 7 0 0 0 0 0 0 0 42 0 0 2 0 0 133 0 131 0 4 0 0 0 25 0 448 0 5 0 0 0 0 0 0 0 0 0 0 0 0 0 0 0 0 1 0 0 0 0 0 0 0 0 0 0 0 0 0 0 0 0 0 0 0 2 0 0 0 0 0 0 0 0 0 0 0 0 0 
0 7 0 0 35 622 0 0 16 0 5 0 0 0 0 0 136 0 0 101 0 0 2292 0 1831 6340 0 0 2602 0 17 40224 0 0 0 2034 46 0 0 0 0 0 0 19 114 0 0 22 0 0 0 0 20 0 0 0 0 0 0 0 43 0 0 11 0 0 650 0 542 0 17 0 0 0 355 0 692 0 14 0 0 0 0 0 0 6 0 0 0 0 0 0 0 0 0 92 0 0 0 3 0 0 0 3 0 1 0 0 0 0 0 0 0 0 0 10 0 0 0 0 0 0 0 0 0 0 0 0 0 
0 4 0 0 23 256 0 0 5 0 1 0 0 0 0 0 110 0 0 44 0 0 581 0 1024 3406 0 0 1031 0 2 12840 0 0 0 1028 44 0 0 0 0 0 0 2 39 0 0 6 0 0 0 0 8 0 0 0 0 0 0 0 21 0 0 2 0 0 99 0 150 0 6 0 0 0 2 0 279 0 4 0 0 0 0 0 0 0 0 0 0 0 0 0 0 0 0 3 0 0 0 0 0 0 0 0 0 0 0 0 0 0 0 0 0 0 0 1 0 0 0 0 0 0 0 0 0 0 0 0 0 
0 3 0 0 19 126 0 0 2 0 1 0 0 0 0 0 88 0 0 19 0 0 139 0 559 3138 0 0 253 0 0 3897 0 0 0 499 39 0 0 0 0 0 0 0 2 0 0 4 0 0 0 0 2 0 0 0 0 0 0 0 25 0 0 1 0 0 22 0 25 0 6 0 0 0 80 0 88 0 2 0 0 0 0 0 0 0 0 0 0 0 0 0 0 0 0 3 0 0 0 0 0 0 0 1 0 0 0 0 0 0 0 0 0 0 0 1 0 0 0 0 0 0 0 0 0 0 0 0 0 
0 6 0 0 40 748 0 0 9 0 6 0 0 0 0 0 124 0 0 85 0 0 1615 0 1683 5829 0 0 2814 0 5 69407 0 0 0 3754 74 0 0 0 0 0 0 11 89 0 0 12 0 0 0 0 36 0 0 0 0 0 0 0 54 0 0 7 0 0 1062 0 955 0 18 0 0 0 509 0 1144 0 21 0 0 0 0 0 0 3 0 0 0 0 0 0 0 0 0 179 0 0 0 11 0 0 0 6 0 4 0 0 0 0 0 0 0 0 0 16 0 0 0 0 0 0 0 0 0 1 0 0 0 
0 5 0 0 32 539 0 0 5 0 5 0 0 0 0 0 117 0 0 40 0 0 829 0 1339 5141 0 0 2255 0 2 43747 0 0 0 2499 58 0 0 0 0 0 0 11 28 0 0 10 0 0 0 0 22 0 0 0 0 0 0 0 36 0 0 2 0 0 833 0 650 0 16 0 0 0 276 0 923 0 16 0 0 0 0 0 0 3 0 0 0 0 0 0 0 0 0 73 0 0 0 5 0 0 0 2 0 2 0 0 0 0 0 0 0 0 0 12 0 0 0 0 0 0 0 0 0 1 0 0 0 
0 7 0 0 38 679 0 0 14 0 8 0 0 0 0 0 147 0 0 107 0 0 2179 0 1991 4575 0 0 2620 0 9 55971 0 0 0 3647 69 0 0 0 0 0 0 19 140 0 0 14 0 0 0 0 17 0 0 0 0 0 0 0 35 0 0 20 0 0 1108 0 792 0 38 0 0 0 470 0 711 0 25 0 0 0 0 0 0 4 0 0 0 0 0 2 0 0 0 87 0 0 0 11 0 0 0 3 0 5 0 0 0 0 0 0 0 0 0 9 0 0 0 0 0 0 0 0 0 0 0 0 0 
234 9 1122 1743 35 702 26749 719 24 20 13 514 339 2453 4940 5148 79 2024 3323 117 2026 84395 2611 122931 1165 3800 122564 191274 1332 655 31 35850 2008916 64629 171190 1967 39 4131 2712 38 604 1846 1031 18 269 20456 590 28 431 1012 2229 2780 9 47 38 56 20 1976 1243 1916 20 908 540 32 445 38133 1319 80347 403 782 26 2070 778 65163 695 54216 637 1011 31 1244 878 12 8 19 26 10 171 182 16 1 6 3 433 132 11384 274 18083 704 311 11 802 1193 431 2 423 9 283 327 256 18 25 12 9 588 481 21 238 194 1 8 4 12 8 5 8 5 194 129 314 
0 1 0 0 9 233 0 0 0 0 0 0 0 0 0 0 35 0 0 0 0 0 0 0 719 702 0 0 1122 0 0 26516 0 0 0 1734 24 0 0 0 0 0 0 0 0 0 0 0 0 0 0 0 20 0 0 0 0 0 0 0 13 0 0 0 0 0 0 0 514 0 0 0 0 0 0 0 339 0 0 0 0 0 0 0 0 0 0 0 0 0 0 0 0 0 0 0 0 0 0 0 0 0 0 0 0 0 0 0 0 0 0 0 0 0 0 0 0 0 0 0 0 0 0 0 0 0 0 0 0 
0 3 0 0 16 700 0 0 1 0 3 0 0 0 0 0 53 0 0 7 0 0 299 0 1848 1480 0 0 2559 0 0 80360 0 0 0 3031 33 0 0 0 0 0 0 4 75 0 0 0 0 0 0 0 23 0 0 0 0 0 0 0 9 0 0 0 0 0 431 0 1189 0 6 0 0 0 462 0 705 0 6 0 0 0 0 0 0 0 0 0 0 0 0 1 0 0 0 262 0 0 0 9 0 0 0 7 0 1 0 0 0 0 0 0 0 0 0 5 0 0 0 0 0 0 0 0 0 0 0 0 0 
0 4 0 0 21 736 0 0 5 0 2 0 0 0 0 0 72 0 0 36 0 0 1329 0 2000 2298 0 0 2993 0 2 78577 0 0 0 2804 43 0 0 0 0 0 0 11 202 0 0 3 0 0 0 0 25 0 0 0 0 0 0 0 18 0 0 4 0 0 248 0 1172 0 7 0 0 0 248 0 540 0 7 0 0 0 0 0 0 0 0 0 0 0 0 0 0 0 0 218 0 0 0 3 0 0 0 3 0 0 0 0 0 0 0 0 0 0 0 0 0 0 0 0 0 0 0 0 0 0 0 0 0 
0 7 0 0 37 955 0 0 11 0 12 0 0 0 0 0 114 0 0 81 0 0 1816 0 2431 5267 0 0 3103 0 7 87940 0 0 0 3507 59 0 0 0 0 0 0 12 262 0 0 15 0 0 0 0 19 0 0 0 0 0 0 0 36 0 0 11 0 0 1688 0 1159 0 39 0 0 0 1539 0 891 0 35 0 0 0 0 0 0 4 0 0 0 0 0 8 0 0 0 442 0 0 0 16 0 0 0 12 0 9 0 0 0 0 0 0 0 0 0 12 0 0 3 0 0 0 0 0 0 4 0 0 0 
0 6 0 0 28 1227 0 0 8 0 9 0 0 0 0 0 82 0 0 53 0 0 2224 0 2964 2533 0 0 3581 0 4 134568 0 0 0 5082 46 0 0 0 0 0 0 21 372 0 0 2 0 0 0 0 36 0 0 0 0 0 0 0 20 0 0 7 0 0 1398 0 1540 0 24 0 0 0 1344 0 956 0 24 0 0 0 0 0 0 2 0 0 0 0 0 4 0 0 0 701 0 0 0 14 0 0 0 10 0 8 0 0 0 0 0 0 0 0 0 10 0 0 0 0 0 0 0 0 0 4 0 0 0 
0 8 0 0 32 1654 0 0 12 0 19 0 0 0 0 0 83 0 0 62 0 0 3495 0 3320 3401 0 0 4468 0 3 181010 0 0 0 5444 47 0 0 0 0 0 0 21 584 0 0 11 0 0 0 0 29 0 0 0 0 0 0 0 16 0 0 24 0 0 3080 0 1779 0 50 0 0 0 2574 0 1195 0 40 0 0 0 0 0 0 9 0 0 0 0 0 10 0 0 0 1317 0 0 0 23 0 0 0 23 0 11 0 0 0 0 0 0 0 0 0 13 0 0 2 0 0 0 0 0 0 16 0 0 0 
0 7 0 0 43 728 0 0 12 0 12 0 0 0 0 0 131 0 0 95 0 0 1462 0 1866 7123 0 0 2478 0 10 52342 0 0 0 2979 72 0 0 0 0 0 0 15 194 0 0 28 0 0 0 0 18 0 0 0 0 0 0 0 55 0 0 11 0 0 1222 0 768 0 43 0 0 0 1628 0 1054 0 31 0 0 0 0 0 0 2 0 0 0 0 0 13 0 0 0 234 0 0 0 9 0 0 0 15 0 9 0 0 0 0 0 0 0 0 0 19 0 0 2 0 0 0 0 0 0 4 0 0 0 
0 3 0 0 13 688 0 0 2 0 2 0 0 0 0 0 45 0 0 9 0 0 580 0 1899 1121 0 0 2653 0 0 77473 0 0 0 2501 22 0 0 0 0 0 0 5 163 0 0 1 0 0 0 0 23 0 0 0 0 0 0 0 11 0 0 2 0 0 248 0 1148 0 7 0 0 0 248 0 462 0 7 0 0 0 0 0 0 0 0 0 0 0 0 0 0 0 0 218 0 0 0 3 0 0 0 3 0 0 0 0 0 0 0 0 0 0 0 0 0 0 0 0 0 0 0 0 0 0 0 0 0 
0 5 0 0 30 1188 0 0 3 0 9 0 0 0 0 0 88 0 0 26 0 0 904 0 2550 2648 0 0 3097 0 0 146832 0 0 0 6024 64 0 0 0 0 0 0 7 204 0 0 2 0 0 0 0 23 0 0 0 0 0 0 0 21 0 0 3 0 0 1516 0 1607 0 30 0 0 0 1378 0 1294 0 23 0 0 0 0 0 0 2 0 0 0 0 0 2 0 0 0 763 0 0 0 15 0 0 0 19 0 5 0 0 0 0 0 0 0 0 0 17 0 0 0 0 0 0 0 0 0 5 0 0 0 
0 7 0 0 32 1145 0 0 9 0 14 0 0 0 0 0 107 0 0 55 0 0 1879 0 2829 4260 0 0 3282 0 4 114140 0 0 0 3563 46 0 0 0 0 0 0 11 316 0 0 10 0 0 0 0 19 0 0 0 0 0 0 0 28 0 0 10 0 0 2020 0 1274 0 36 0 0 0 1717 0 771 0 41 0 0 0 0 0 0 3 0 0 0 0 0 7 0 0 0 768 0 0 0 16 0 0 0 10 0 8 0 0 0 0 0 0 0 0 0 11 0 0 5 0 0 0 0 0 0 9 0 0 0 
0 9 0 0 36 1737 0 0 19 0 21 0 0 0 0 0 89 0 0 97 0 0 5024 0 3133 3427 0 0 4529 0 10 189945 0 0 0 6215 52 0 0 0 0 0 0 36 918 0 0 9 0 0 0 0 28 0 0 0 0 0 0 0 20 0 0 47 0 0 3457 0 1831 0 60 0 0 0 2601 0 1358 0 48 0 0 0 0 0 0 9 0 0 0 0 0 11 0 0 0 1207 0 0 0 26 0 0 0 21 0 18 0 0 0 0 0 0 0 0 0 15 0 0 4 0 0 0 0 0 0 17 0 0 0 
0 4 0 0 24 877 0 0 2 0 6 0 0 0 0 0 81 0 0 21 0 0 543 0 2154 1863 0 0 2572 0 0 102559 0 0 0 4682 53 0 0 0 0 0 0 6 158 0 0 0 0 0 0 0 28 0 0 0 0 0 0 0 19 0 0 1 0 0 1084 0 1248 0 23 0 0 0 782 0 993 0 16 0 0 0 0 0 0 2 0 0 0 0 0 1 0 0 0 450 0 0 0 9 0 0 0 8 0 3 0 0 0 0 0 0 0 0 0 10 0 0 0 0 0 0 0 0 0 2 0 0 0 
0 6 0 0 35 1132 0 0 6 0 11 0 0 0 0 0 100 0 0 49 0 0 1520 0 2445 4227 0 0 3356 0 0 124028 0 0 0 5136 67 0 0 0 0 0 0 12 155 0 0 8 0 0 0 0 28 0 0 0 0 0 0 0 22 0 0 11 0 0 1800 0 1352 0 37 0 0 0 1398 0 1451 0 31 0 0 0 0 0 0 3 0 0 0 0 0 0 0 0 0 739 0 0 0 21 0 0 0 18 0 5 0 0 0 0 0 0 0 0 0 18 0 0 2 0 0 0 0 0 0 8 0 0 0 
0 5 0 0 32 685 0 0 8 0 3 0 0 0 0 0 102 0 0 71 0 0 1788 0 1885 3568 0 0 3700 0 4 59419 0 0 0 3735 69 0 0 0 0 0 0 15 153 0 0 10 0 0 0 0 36 0 0 0 0 0 0 0 30 0 0 9 0 0 383 0 1046 0 9 0 0 0 308 0 896 0 5 0 0 0 0 0 0 0 0 0 0 0 0 0 0 0 0 95 0 0 0 3 0 0 0 4 0 0 0 0 0 0 0 0 0 0 0 8 0 0 0 0 0 0 0 0 0 0 0 0 0 
0 7 0 0 30 1331 0 0 8 0 15 0 0 0 0 0 87 0 0 53 0 0 2000 0 3016 2741 0 0 3616 0 2 151720 0 0 0 5414 49 0 0 0 0 0 0 15 357 0 0 5 0 0 0 0 28 0 0 0 0 0 0 0 27 0 0 12 0 0 2452 0 1613 0 55 0 0 0 1869 0 1064 0 39 0 0 0 0 0 0 5 0 0 0 0 0 5 0 0 0 885 0 0 0 13 0 0 0 14 0 7 0 0 0 0 0 0 0 0 0 6 0 0 3 0 0 0 0 0 0 11 0 0 0 
0 8 0 0 36 1331 0 0 16 0 13 0 0 0 0 0 92 0 0 98 0 0 4142 0 3077 4040 0 0 4359 0 8 130643 0 0 0 5036 46 0 0 0 0 0 0 42 600 0 0 10 0 0 0 0 40 0 0 0 0 0 0 0 31 0 0 30 0 0 1821 0 1684 0 38 0 0 0 1544 0 1250 0 46 0 0 0 0 0 0 4 0 0 0 0 0 4 0 0 0 451 0 0 0 13 0 0 0 6 0 11 0 0 0 0 0 0 0 0 0 9 0 0 1 0 0 0 0 0 0 4 0 0 0 
0 7 0 0 34 1425 0 0 10 0 15 0 0 0 0 0 88 0 0 65 0 0 2732 0 2929 3546 0 0 3997 0 2 155255 0 0 0 5692 56 0 0 0 0 0 0 20 574 0 0 10 0 0 0 0 31 0 0 0 0 0 0 0 25 0 0 19 0 0 2364 0 1613 0 49 0 0 0 2079 0 1288 0 39 0 0 0 0 0 0 8 0 0 0 0 0 8 0 0 0 1021 0 0 0 19 0 0 0 15 0 11 0 0 0 0 0 0 0 0 0 11 0 0 1 0 0 0 0 0 0 9 0 0 0 
0 5 0 0 24 929 0 0 4 0 8 0 0 0 0 0 65 0 0 21 0 0 1079 0 2225 2590 0 0 3125 0 0 101520 0 0 0 3949 36 0 0 0 0 0 0 11 207 0 0 1 0 0 0 0 31 0 0 0 0 0 0 0 22 0 0 4 0 0 1288 0 1365 0 31 0 0 0 938 0 965 0 23 0 0 0 0 0 0 2 0 0 0 0 0 2 0 0 0 300 0 0 0 12 0 0 0 8 0 4 0 0 0 0 0 0 0 0 0 7 0 0 1 0 0 0 0 0 0 4 0 0 0 
0 5 0 0 30 1062 0 0 7 0 4 0 0 0 0 0 85 0 0 55 0 0 1949 0 2325 2698 0 0 3783 0 2 118708 0 0 0 5410 63 0 0 0 0 0 0 21 471 0 0 5 0 0 0 0 40 0 0 0 0 0 0 0 29 0 0 10 0 0 606 0 1646 0 17 0 0 0 529 0 1163 0 13 0 0 0 0 0 0 0 0 0 0 0 0 0 0 0 0 336 0 0 0 8 0 0 0 4 0 1 0 0 0 0 0 0 0 0 0 5 0 0 0 0 0 0 0 0 0 0 0 0 0 
0 4 0 0 24 818 0 0 2 0 7 0 0 0 0 0 75 0 0 17 0 0 578 0 1889 2407 0 0 2946 0 0 97787 0 0 0 4148 48 0 0 0 0 0 0 7 137 0 0 2 0 0 0 0 24 0 0 0 0 0 0 0 21 0 0 2 0 0 910 0 1309 0 22 0 0 0 1103 0 983 0 23 0 0 0 0 0 0 1 0 0 0 0 0 2 0 0 0 435 0 0 0 9 0 0 0 11 0 3 0 0 0 0 0 0 0 0 0 9 0 0 1 0 0 0 0 0 0 3 0 0 0 
0 6 0 0 32 1309 0 0 9 0 8 0 0 0 0 0 83 0 0 60 0 0 2500 0 2541 2943 0 0 3928 0 3 159999 0 0 0 5645 61 0 0 0 0 0 0 28 550 0 0 4 0 0 0 0 33 0 0 0 0 0 0 0 26 0 0 16 0 0 1113 0 1983 0 26 0 0 0 1307 0 1073 0 31 0 0 0 0 0 0 1 0 0 0 0 0 3 0 0 0 645 0 0 0 12 0 0 0 13 0 3 0 0 0 0 0 0 0 0 0 7 0 0 0 0 0 0 0 0 0 2 0 0 0 
0 8 0 0 31 1720 0 0 13 0 18 0 0 0 0 0 82 0 0 65 0 0 3802 0 3359 2645 0 0 4324 0 4 200086 0 0 0 5820 43 0 0 0 0 0 0 26 679 0 0 5 0 0 0 0 26 0 0 0 0 0 0 0 12 0 0 27 0 0 2667 0 1975 0 37 0 0 0 2792 0 995 0 46 0 0 0 0 0 0 4 0 0 0 0 0 9 0 0 0 1422 0 0 0 23 0 0 0 23 0 15 0 0 0 0 0 0 0 0 0 14 0 0 3 0 0 0 0 0 0 14 0 0 0 
0 5 0 0 29 1106 0 0 6 0 7 0 0 0 0 0 94 0 0 41 0 0 1697 0 2421 2328 0 0 3585 0 2 129294 0 0 0 5191 66 0 0 0 0 0 0 27 374 0 0 7 0 0 0 0 29 0 0 0 0 0 0 0 23 0 0 9 0 0 1012 0 1539 0 19 0 0 0 1025 0 993 0 21 0 0 0 0 0 0 1 0 0 0 0 0 2 0 0 0 694 0 0 0 9 0 0 0 9 0 3 0 0 0 0 0 0 0 0 0 7 0 0 1 0 0 0 0 0 0 3 0 0 0 
0 4 0 0 23 878 0 0 3 0 3 0 0 0 0 0 61 0 0 15 0 0 912 0 2075 2286 0 0 2858 0 0 100787 0 0 0 4306 45 0 0 0 0 0 0 12 199 0 0 1 0 0 0 0 35 0 0 0 0 0 0 0 23 0 0 3 0 0 558 0 1407 0 16 0 0 0 370 0 980 0 7 0 0 0 0 0 0 0 0 0 0 0 0 0 0 0 0 190 0 0 0 7 0 0 0 4 0 0 0 0 0 0 0 0 0 0 0 6 0 0 0 0 0 0 0 0 0 1 0 0 0 
0 7 0 0 32 1609 0 0 9 0 17 0 0 0 0 0 67 0 0 52 0 0 2739 0 3065 2806 0 0 4512 0 3 187985 0 0 0 6244 54 0 0 0 0 0 0 26 628 0 0 4 0 0 0 0 28 0 0 0 0 0 0 0 24 0 0 17 0 0 2589 0 1852 0 47 0 0 0 2499 0 1310 0 43 0 0 0 0 0 0 5 0 0 0 0 0 9 0 0 0 1325 0 0 0 25 0 0 0 25 0 17 0 0 0 0 0 0 0 0 0 11 0 0 3 0 0 0 0 0 0 10 0 0 0 
69 8 532 472 32 1367 2322 206 20 6 10 24 74 1505 1902 1690 65 900 933 112 622 18022 5202 12016 2292 2589 80622 31425 3718 217 20 130986 50889 52944 13672 4905 43 1018 1021 15 572 203 129 31 709 871 345 10 135 624 943 304 28 12 10 20 5 0 350 493 28 36 134 30 88 11601 1308 1402 1572 245 28 97 545 4336 1338 4175 1092 43 20 312 308 5 7 6 0 4 54 3 4 4 1 7 13 22 374 489 100 92 201 15 0 40 267 13 50 7 29 16 11 5 3 0 3 0 23 5 75 12 0 1 0 0 0 1 0 0 9 17 0 
0 6 0 0 27 1165 0 0 10 0 7 0 0 0 0 0 90 0 0 48 0 0 2869 0 2844 2305 0 0 4084 0 4 120582 0 0 0 4153 46 0 0 0 0 0 0 29 403 0 0 10 0 0 0 0 27 0 0 0 0 0 0 0 14 0 0 18 0 0 915 0 1530 0 16 0 0 0 943 0 805 0 21 0 0 0 0 0 0 0 0 0 0 0 0 2 0 0 0 600 0 0 0 11 0 0 0 9 0 1 0 0 0 0 0 0 0 0 0 5 0 0 1 0 0 0 0 0 0 3 0 0 0 
0 7 0 0 36 1581 0 0 7 0 18 0 0 0 0 0 77 0 0 52 0 0 2085 0 3176 3054 0 0 4251 0 1 183747 0 0 0 6804 63 0 0 0 0 0 0 16 378 0 0 3 0 0 0 0 26 0 0 0 0 0 0 0 22 0 0 10 0 0 2945 0 1739 0 63 0 0 0 2734 0 1435 0 51 0 0 0 0 0 0 8 0 0 0 0 0 6 0 0 0 1411 0 0 0 24 0 0 0 29 0 12 0 0 0 0 0 0 0 0 0 18 0 0 4 0 0 0 0 0 0 16 0 0 0 
0 9 0 0 41 1150 0 0 15 0 27 0 0 0 0 0 123 0 0 101 0 0 2768 0 2768 5972 0 0 2911 0 7 93239 0 0 0 3932 54 0 0 0 0 0 0 13 326 0 0 16 0 0 0 0 18 0 0 0 0 0 0 0 36 0 0 30 0 0 3139 0 1007 0 93 0 0 0 2757 0 1240 0 69 0 0 0 0 0 0 16 0 0 0 0 0 23 0 0 0 701 0 0 0 17 0 0 0 14 0 23 0 0 0 0 0 0 0 0 0 25 0 0 8 0 0 0 0 0 0 23 0 0 0 
0 8 0 0 32 1630 0 0 13 0 19 0 0 0 0 0 84 0 0 69 0 0 3640 0 3104 2751 0 0 4266 0 6 187040 0 0 0 5944 48 0 0 0 0 0 0 33 729 0 0 4 0 0 0 0 28 0 0 0 0 0 0 0 16 0 0 24 0 0 2915 0 1900 0 49 0 0 0 2613 0 1204 0 46 0 0 0 0 0 0 5 0 0 0 0 0 9 0 0 0 1183 0 0 0 18 0 0 0 20 0 18 0 0 0 0 0 0 0 0 0 16 0 0 4 0 0 0 0 0 0 17 0 0 0 
0 6 0 0 28 1069 0 0 9 0 7 0 0 0 0 0 82 0 0 63 0 0 2467 0 2385 3020 0 0 3846 0 4 120885 0 0 0 4215 40 0 0 0 0 0 0 18 328 0 0 2 0 0 0 0 35 0 0 0 0 0 0 0 26 0 0 12 0 0 1088 0 1644 0 21 0 0 0 748 0 898 0 22 0 0 0 0 0 0 1 0 0 0 0 0 2 0 0 0 413 0 0 0 10 0 0 0 8 0 2 0 0 0 0 0 0 0 0 0 5 0 0 0 0 0 0 0 0 0 3 0 0 0 
0 7 0 0 32 1194 0 0 15 0 8 0 0 0 0 0 89 0 0 96 0 0 3774 0 2602 3038 0 0 4475 0 13 125323 0 0 0 4774 48 0 0 0 0 0 0 29 615 0 0 8 0 0 0 0 35 0 0 0 0 0 0 0 24 0 0 19 0 0 1058 0 1706 0 22 0 0 0 980 0 963 0 27 0 0 0 0 0 0 4 0 0 0 0 0 4 0 0 0 425 0 0 0 12 0 0 0 8 0 6 0 0 0 0 0 0 0 0 0 4 0 0 0 0 0 0 0 0 0 0 0 0 0 
0 6 0 0 27 1228 0 0 10 0 7 0 0 0 0 0 74 0 0 60 0 0 2938 0 2690 2224 0 0 4515 0 7 131913 0 0 0 4997 51 0 0 0 0 0 0 33 610 0 0 5 0 0 0 0 33 0 0 0 0 0 0 0 27 0 0 11 0 0 945 0 1722 0 25 0 0 0 820 0 1083 0 12 0 0 0 0 0 0 1 0 0 0 0 0 3 0 0 0 468 0 0 0 7 0 0 0 7 0 4 0 0 0 0 0 0 0 0 0 1 0 0 1 0 0 0 0 0 0 1 0 0 0 
0 7 0 0 36 1424 0 0 10 0 14 0 0 0 0 0 88 0 0 70 0 0 2688 0 2920 3564 0 0 4140 0 3 163814 0 0 0 5925 66 0 0 0 0 0 0 27 428 0 0 5 0 0 0 0 30 0 0 0 0 0 0 0 30 0 0 18 0 0 2169 0 1721 0 51 0 0 0 1971 0 1301 0 42 0 0 0 0 0 0 8 0 0 0 0 0 5 0 0 0 1010 0 0 0 19 0 0 0 21 0 10 0 0 0 0 0 0 0 0 0 13 0 0 2 0 0 0 0 0 0 5 0 0 0 
0 3 0 0 19 754 0 0 2 0 2 0 0 0 0 0 60 0 0 17 0 0 549 0 1735 1495 0 0 2842 0 0 93916 0 0 0 4048 46 0 0 0 0 0 0 11 244 0 0 1 0 0 0 0 28 0 0 0 0 0 0 0 22 0 0 2 0 0 248 0 1367 0 7 0 0 0 248 0 820 0 7 0 0 0 0 0 0 0 0 0 0 0 0 0 0 0 0 218 0 0 0 3 0 0 0 3 0 0 0 0 0 0 0 0 0 0 0 0 0 0 0 0 0 0 0 0 0 0 0 0 0 
158 5 749 594 24 623 12211 532 6 7 5 192 189 2056 1912 2178 68 1841 1277 41 1580 75194 1238 63477 1274 2153 66516 94081 1838 453 1 46274 618666 36301 35994 2872 36 523 1607 13 387 464 437 8 157 9292 347 6 248 633 515 678 22 23 12 10 10 501 588 445 24 403 379 8 468 30171 629 22667 570 948 23 459 375 21698 398 19178 591 323 19 345 423 7 3 4 2 1 172 41 0 3 3 2 98 64 4967 101 3442 210 223 5 101 156 165 3 209 1 161 111 133 5 5 0 4 135 120 0 95 46 0 1 0 1 1 0 1 0 69 28 39 
0 4 0 0 21 693 0 0 5 0 1 0 0 0 0 0 71 0 0 33 0 0 1345 0 2081 2477 0 0 2741 0 2 62634 0 0 0 2986 35 0 0 0 0 0 0 19 191 0 0 3 0 0 0 0 29 0 0 0 0 0 0 0 25 0 0 2 0 0 101 0 938 0 5 0 0 0 157 0 882 0 2 0 0 0 0 0 0 0 0 0 0 0 0 0 0 0 0 39 0 0 0 0 0 0 0 1 0 0 0 0 0 0 0 0 0 0 0 1 0 0 0 0 0 0 0 0 0 0 0 0 0 
0 6 0 0 27 1209 0 0 8 0 10 0 0 0 0 0 76 0 0 37 0 0 2242 0 2691 3249 0 0 3828 0 3 123791 0 0 0 4174 38 0 0 0 0 0 0 20 428 0 0 7 0 0 0 0 26 0 0 0 0 0 0 0 17 0 0 10 0 0 1528 0 1459 0 26 0 0 0 1364 0 1298 0 22 0 0 0 0 0 0 3 0 0 0 0 0 5 0 0 0 638 0 0 0 19 0 0 0 15 0 8 0 0 0 0 0 0 0 0 0 11 0 0 1 0 0 0 0 0 0 4 0 0 0 
0 5 0 0 28 994 0 0 3 0 8 0 0 0 0 0 80 0 0 18 0 0 835 0 2345 3186 0 0 3163 0 0 104881 0 0 0 4677 48 0 0 0 0 0 0 6 132 0 0 4 0 0 0 0 37 0 0 0 0 0 0 0 29 0 0 2 0 0 1337 0 1211 0 37 0 0 0 951 0 1277 0 21 0 0 0 0 0 0 4 0 0 0 0 0 1 0 0 0 490 0 0 0 15 0 0 0 11 0 2 0 0 0 0 0 0 0 0 0 10 0 0 1 0 0 0 0 0 0 3 0 0 0 
0 7 0 0 35 1214 0 0 11 0 14 0 0 0 0 0 99 0 0 79 0 0 2733 0 2623 3900 0 0 3621 0 6 125639 0 0 0 5106 54 0 0 0 0 0 0 17 388 0 0 10 0 0 0 0 22 0 0 0 0 0 0 0 26 0 0 18 0 0 2044 0 1387 0 44 0 0 0 1948 0 1451 0 39 0 0 0 0 0 0 4 0 0 0 0 0 6 0 0 0 722 0 0 0 16 0 0 0 17 0 10 0 0 0 0 0 0 0 0 0 15 0 0 4 0 0 0 0 0 0 11 0 0 0 
0 6 0 0 33 1297 0 0 7 0 10 0 0 0 0 0 92 0 0 49 0 0 1925 0 2694 3051 0 0 3854 0 2 149053 0 0 0 6242 66 0 0 0 0 0 0 19 419 0 0 5 0 0 0 0 35 0 0 0 0 0 0 0 29 0 0 9 0 0 1697 0 1636 0 37 0 0 0 1294 0 1430 0 23 0 0 0 0 0 0 3 0 0 0 0 0 4 0 0 0 745 0 0 0 16 0 0 0 17 0 6 0 0 0 0 0 0 0 0 0 15 0 0 1 0 0 0 0 0 0 4 0 0 0 
0 6 0 0 31 1248 0 0 6 0 13 0 0 0 0 0 76 0 0 46 0 0 1761 0 2731 2745 0 0 4068 0 1 146058 0 0 0 5700 57 0 0 0 0 0 0 20 331 0 0 4 0 0 0 0 29 0 0 0 0 0 0 0 25 0 0 9 0 0 1953 0 1759 0 40 0 0 0 1878 0 1259 0 36 0 0 0 0 0 0 3 0 0 0 0 0 5 0 0 0 726 0 0 0 20 0 0 0 16 0 9 0 0 0 0 0 0 0 0 0 9 0 0 4 0 0 0 0 0 0 8 0 0 0 
0 8 0 0 31 1319 0 0 18 0 11 0 0 0 0 0 108 0 0 89 0 0 4399 0 2974 3532 0 0 4079 0 16 134257 0 0 0 4616 41 0 0 0 0 0 0 28 505 0 0 11 0 0 0 0 32 0 0 0 0 0 0 0 29 0 0 28 0 0 1829 0 1536 0 33 0 0 0 1137 0 1122 0 26 0 0 0 0 0 0 2 0 0 0 0 0 3 0 0 0 644 0 0 0 12 0 0 0 12 0 6 0 0 0 0 0 0 0 0 0 7 0 0 1 0 0 0 0 0 0 6 0 0 0 
0 4 0 0 19 631 0 0 4 0 3 0 0 0 0 0 59 0 0 28 0 0 1042 0 1869 1812 0 0 3136 0 1 58887 0 0 0 2665 28 0 0 0 0 0 0 9 143 0 0 1 0 0 0 0 28 0 0 0 0 0 0 0 17 0 0 3 0 0 441 0 1020 0 11 0 0 0 278 0 535 0 11 0 0 0 0 0 0 0 0 0 0 0 0 1 0 0 0 63 0 0 0 4 0 0 0 3 0 1 0 0 0 0 0 0 0 0 0 2 0 0 0 0 0 0 0 0 0 0 0 0 0 
0 6 0 0 28 1156 0 0 8 0 9 0 0 0 0 0 78 0 0 45 0 0 2072 0 2503 2967 0 0 3546 0 3 138054 0 0 0 5150 48 0 0 0 0 0 0 19 317 0 0 5 0 0 0 0 28 0 0 0 0 0 0 0 29 0 0 13 0 0 1500 0 1705 0 26 0 0 0 1214 0 1143 0 25 0 0 0 0 0 0 1 0 0 0 0 0 3 0 0 0 567 0 0 0 14 0 0 0 13 0 3 0 0 0 0 0 0 0 0 0 11 0 0 1 0 0 0 0 0 0 4 0 0 0 
0 7 0 0 38 1239 0 0 17 0 4 0 0 0 0 0 100 0 0 113 0 0 4328 0 2880 3702 0 0 4490 0 19 121217 0 0 0 5852 74 0 0 0 0 0 0 60 680 0 0 13 0 0 0 0 43 0 0 0 0 0 0 0 36 0 0 13 0 0 579 0 1630 0 11 0 0 0 581 0 1166 0 13 0 0 0 0 0 0 0 0 0 0 0 0 1 0 0 0 269 0 0 0 8 0 0 0 3 0 1 0 0 0 0 0 0 0 0 0 3 0 0 0 0 0 0 0 0 0 1 0 0 0 
0 6 0 0 30 872 0 0 7 0 10 0 0 0 0 0 109 0 0 48 0 0 1196 0 2337 4208 0 0 2478 0 2 87851 0 0 0 3178 45 0 0 0 0 0 0 7 108 0 0 6 0 0 0 0 15 0 0 0 0 0 0 0 32 0 0 11 0 0 1419 0 991 0 29 0 0 0 1233 0 735 0 37 0 0 0 0 0 0 1 0 0 0 0 0 2 0 0 0 607 0 0 0 11 0 0 0 10 0 2 0 0 0 0 0 0 0 0 0 9 0 0 4 0 0 0 0 0 0 7 0 0 0 
0 3 0 0 19 535 0 0 2 0 2 0 0 0 0 0 64 0 0 21 0 0 544 0 1375 1907 0 0 2580 0 0 58152 0 0 0 2827 38 0 0 0 0 0 0 2 22 0 0 1 0 0 0 0 22 0 0 0 0 0 0 0 17 0 0 2 0 0 307 0 955 0 5 0 0 0 307 0 771 0 5 0 0 0 0 0 0 0 0 0 0 0 0 0 0 0 0 168 0 0 0 7 0 0 0 7 0 0 0 0 0 0 0 0 0 0 0 4 0 0 0 0 0 0 0 0 0 0 0 0 0 
0 9 0 0 41 1190 0 0 23 0 16 0 0 0 0 0 134 0 0 141 0 0 4024 0 2762 5944 0 0 3543 0 27 113335 0 0 0 3604 59 0 0 0 0 0 0 22 470 0 0 27 0 0 0 0 20 0 0 0 0 0 0 0 34 0 0 35 0 0 2283 0 1283 0 42 0 0 0 1955 0 810 0 41 0 0 0 0 0 0 5 0 0 0 0 0 12 0 0 0 744 0 0 0 22 0 0 0 11 0 15 0 0 0 0 0 0 0 0 0 13 0 0 5 0 0 0 0 0 0 9 0 0 0 
0 8 0 0 35 1665 0 0 14 0 17 0 0 0 0 0 85 0 0 75 0 0 4144 0 3146 2998 0 0 4480 0 7 185186 0 0 0 6489 64 0 0 0 0 0 0 35 703 0 0 8 0 0 0 0 22 0 0 0 0 0 0 0 19 0 0 24 0 0 2640 0 1870 0 49 0 0 0 2421 0 1467 0 28 0 0 0 0 0 0 10 0 0 0 0 0 10 0 0 0 1137 0 0 0 20 0 0 0 29 0 17 0 0 0 0 0 0 0 0 0 23 0 0 0 0 0 0 0 0 0 7 0 0 0 
0 7 0 0 34 1088 0 0 17 0 4 0 0 0 0 0 113 0 0 117 0 0 4008 0 2678 3329 0 0 3603 0 18 105375 0 0 0 4848 57 0 0 0 0 0 0 31 455 0 0 9 0 0 0 0 40 0 0 0 0 0 0 0 30 0 0 14 0 0 694 0 1373 0 18 0 0 0 429 0 1164 0 7 0 0 0 0 0 0 1 0 0 0 0 0 0 0 0 0 227 0 0 0 9 0 0 0 7 0 2 0 0 0 0 0 0 0 0 0 5 0 0 0 0 0 0 0 0 0 0 0 0 0 
0 9 0 0 34 1939 0 0 18 0 21 0 0 0 0 0 65 0 0 85 0 0 5413 0 3293 2827 0 0 5180 0 9 216408 0 0 0 6591 54 0 0 0 0 0 0 43 1165 0 0 8 0 0 0 0 31 0 0 0 0 0 0 0 23 0 0 43 0 0 3179 0 2053 0 66 0 0 0 2923 0 1192 0 40 0 0 0 0 0 0 7 0 0 0 0 0 13 0 0 0 1477 0 0 0 26 0 0 0 21 0 18 0 0 0 0 0 0 0 0 0 8 0 0 4 0 0 0 0 0 0 12 0 0 0 
0 1 0 0 9 233 0 0 0 0 0 0 0 0 0 0 35 0 0 0 0 0 0 0 719 702 0 0 1122 0 0 26516 0 0 0 1734 24 0 0 0 0 0 0 0 0 0 0 0 0 0 0 0 20 0 0 0 0 0 0 0 13 0 0 0 0 0 0 0 514 0 0 0 0 0 0 0 339 0 0 0 0 0 0 0 0 0 0 0 0 0 0 0 0 0 0 0 0 0 0 0 0 0 0 0 0 0 0 0 0 0 0 0 0 0 0 0 0 0 0 0 0 0 0 0 0 0 0 0 0 
0 7 0 0 33 1456 0 0 11 0 13 0 0 0 0 0 99 0 0 78 0 0 3077 0 2974 2741 0 0 3724 0 6 171989 0 0 0 5873 56 0 0 0 0 0 0 18 443 0 0 6 0 0 0 0 24 0 0 0 0 0 0 0 18 0 0 18 0 0 1901 0 1768 0 31 0 0 0 2070 0 1135 0 37 0 0 0 0 0 0 3 0 0 0 0 0 5 0 0 0 1118 0 0 0 14 0 0 0 21 0 7 0 0 0 0 0 0 0 0 0 14 0 0 2 0 0 0 0 0 0 11 0 0 0 
0 9 0 0 36 1838 0 0 16 0 26 0 0 0 0 0 72 0 0 84 0 0 4455 0 3396 3380 0 0 4495 0 8 200399 0 0 0 6461 52 0 0 0 0 0 0 32 860 0 0 9 0 0 0 0 26 0 0 0 0 0 0 0 23 0 0 36 0 0 4325 0 1656 0 76 0 0 0 3361 0 1387 0 59 0 0 0 0 0 0 18 0 0 0 0 0 15 0 0 0 1640 0 0 0 31 0 0 0 27 0 29 0 0 0 0 0 0 0 0 0 14 0 0 4 0 0 0 0 0 0 20 0 0 0 
0 2 0 0 12 453 0 0 1 0 0 0 0 0 0 0 39 0 0 7 0 0 299 0 1347 959 0 0 1969 0 0 50232 0 0 0 2305 27 0 0 0 0 0 0 5 76 0 0 0 0 0 0 0 24 0 0 0 0 0 0 0 13 0 0 0 0 0 0 0 891 0 0 0 0 0 0 0 425 0 0 0 0 0 0 0 0 0 0 0 0 0 0 0 0 0 0 0 0 0 0 0 0 0 0 0 0 0 0 0 0 0 0 0 0 0 0 0 0 0 0 0 0 0 0 0 0 0 0 0 0 
0 5 0 0 27 843 0 0 2 0 10 0 0 0 0 0 98 0 0 12 0 0 317 0 2290 3858 0 0 2481 0 0 87445 0 0 0 3095 42 0 0 0 0 0 0 4 55 0 0 4 0 0 0 0 15 0 0 0 0 0 0 0 32 0 0 1 0 0 1419 0 991 0 29 0 0 0 1233 0 731 0 37 0 0 0 0 0 0 1 0 0 0 0 0 2 0 0 0 607 0 0 0 11 0 0 0 10 0 2 0 0 0 0 0 0 0 0 0 9 0 0 4 0 0 0 0 0 0 7 0 0 0 
0 9 0 0 42 1542 0 0 23 0 16 0 0 0 0 0 104 0 0 139 0 0 5856 0 3125 4829 0 0 4291 0 21 149697 0 0 0 5909 61 0 0 0 0 0 0 46 860 0 0 17 0 0 0 0 37 0 0 0 0 0 0 0 34 0 0 46 0 0 2512 0 1535 0 57 0 0 0 1843 0 1562 0 43 0 0 0 0 0 0 9 0 0 0 0 0 9 0 0 0 731 0 0 0 21 0 0 0 11 0 17 0 0 0 0 0 0 0 0 0 16 0 0 1 0 0 0 0 0 0 3 0 0 0 
0 7 0 0 31 1550 0 0 9 0 15 0 0 0 0 0 90 0 0 58 0 0 2636 0 3129 2548 0 0 3844 0 3 181920 0 0 0 5907 53 0 0 0 0 0 0 21 469 0 0 5 0 0 0 0 25 0 0 0 0 0 0 0 18 0 0 15 0 0 2338 0 1762 0 39 0 0 0 2356 0 1186 0 33 0 0 0 0 0 0 6 0 0 0 0 0 9 0 0 0 1231 0 0 0 13 0 0 0 22 0 5 0 0 0 0 0 0 0 0 0 17 0 0 1 0 0 0 0 0 0 13 0 0 0 
0 6 0 0 24 1354 0 0 5 0 13 0 0 0 0 0 75 0 0 30 0 0 1426 0 3014 1982 0 0 3750 0 0 156185 0 0 0 4888 40 0 0 0 0 0 0 15 435 0 0 1 0 0 0 0 31 0 0 0 0 0 0 0 13 0 0 8 0 0 2034 0 1518 0 34 0 0 0 1728 0 830 0 30 0 0 0 0 0 0 3 0 0 0 0 0 6 0 0 0 1081 0 0 0 12 0 0 0 10 0 6 0 0 0 0 0 0 0 0 0 9 0 0 1 0 0 0 0 0 0 10 0 0 0 
0 8 0 0 37 1244 0 0 17 0 13 0 0 0 0 0 106 0 0 114 0 0 3935 0 3045 3920 0 0 3515 0 14 116857 0 0 0 5171 59 0 0 0 0 0 0 23 468 0 0 16 0 0 0 0 33 0 0 0 0 0 0 0 35 0 0 24 0 0 1801 0 1339 0 44 0 0 0 1669 0 1178 0 29 0 0 0 0 0 0 3 0 0 0 0 0 8 0 0 0 568 0 0 0 18 0 0 0 14 0 15 0 0 0 0 0 0 0 0 0 9 0 0 1 0 0 0 0 0 0 4 0 0 0 
0 6 0 0 30 1347 0 0 10 0 6 0 0 0 0 0 81 0 0 61 0 0 2832 0 2562 2365 0 0 4126 0 5 162642 0 0 0 5926 55 0 0 0 0 0 0 26 645 0 0 6 0 0 0 0 36 0 0 0 0 0 0 0 24 0 0 14 0 0 826 0 2029 0 16 0 0 0 1020 0 1088 0 21 0 0 0 0 0 0 0 0 0 0 0 0 2 0 0 0 603 0 0 0 11 0 0 0 12 0 1 0 0 0 0 0 0 0 0 0 5 0 0 0 0 0 0 0 0 0 2 0 0 0 
0 5 0 0 28 1144 0 0 7 0 5 0 0 0 0 0 70 0 0 46 0 0 2113 0 2360 2544 0 0 4327 0 2 131258 0 0 0 5283 56 0 0 0 0 0 0 29 556 0 0 3 0 0 0 0 36 0 0 0 0 0 0 0 26 0 0 12 0 0 651 0 1857 0 16 0 0 0 745 0 1234 0 17 0 0 0 0 0 0 1 0 0 0 0 0 0 0 0 0 394 0 0 0 10 0 0 0 8 0 1 0 0 0 0 0 0 0 0 0 4 0 0 0 0 0 0 0 0 0 0 0 0 0 
0 4 0 0 23 808 0 0 4 0 4 0 0 0 0 0 69 0 0 29 0 0 1099 0 1830 2285 0 0 3432 0 1 95135 0 0 0 4024 47 0 0 0 0 0 0 15 284 0 0 3 0 0 0 0 29 0 0 0 0 0 0 0 25 0 0 4 0 0 490 0 1401 0 14 0 0 0 490 0 878 0 14 0 0 0 0 0 0 1 0 0 0 0 0 1 0 0 0 260 0 0 0 6 0 0 0 6 0 2 0 0 0 0 0 0 0 0 0 2 0 0 0 0 0 0 0 0 0 0 0 0 0 
0 4 0 0 25 731 0 0 2 0 5 0 0 0 0 0 83 0 0 21 0 0 543 0 1992 2506 0 0 2322 0 0 77424 0 0 0 4248 51 0 0 0 0 0 0 7 158 0 0 2 0 0 0 0 28 0 0 0 0 0 0 0 29 0 0 1 0 0 831 0 1051 0 28 0 0 0 544 0 925 0 18 0 0 0 0 0 0 0 0 0 0 0 0 1 0 0 0 166 0 0 0 5 0 0 0 4 0 2 0 0 0 0 0 0 0 0 0 3 0 0 0 0 0 0 0 0 0 2 0 0 0 
0 6 0 0 30 1411 0 0 5 0 12 0 0 0 0 0 83 0 0 32 0 0 1549 0 2931 2553 0 0 3694 0 0 170925 0 0 0 6150 58 0 0 0 0 0 0 17 359 0 0 3 0 0 0 0 28 0 0 0 0 0 0 0 16 0 0 6 0 0 1928 0 1769 0 31 0 0 0 1817 0 1171 0 31 0 0 0 0 0 0 4 0 0 0 0 0 3 0 0 0 1007 0 0 0 15 0 0 0 20 0 6 0 0 0 0 0 0 0 0 0 17 0 0 0 0 0 0 0 0 0 10 0 0 0 
0 8 0 0 37 1218 0 0 20 0 9 0 0 0 0 0 103 0 0 122 0 0 4909 0 2896 4407 0 0 4791 0 17 107532 0 0 0 4504 52 0 0 0 0 0 0 49 554 0 0 11 0 0 0 0 36 0 0 0 0 0 0 0 26 0 0 35 0 0 1330 0 1553 0 26 0 0 0 911 0 1362 0 27 0 0 0 0 0 0 2 0 0 0 0 0 2 0 0 0 347 0 0 0 15 0 0 0 11 0 4 0 0 0 0 0 0 0 0 0 10 0 0 1 0 0 0 0 0 0 1 0 0 0 
0 7 0 0 31 1445 0 0 8 0 17 0 0 0 0 0 82 0 0 58 0 0 2254 0 3099 3006 0 0 4162 0 0 158153 0 0 0 5395 50 0 0 0 0 0 0 12 509 0 0 5 0 0 0 0 32 0 0 0 0 0 0 0 25 0 0 14 0 0 2537 0 1608 0 58 0 0 0 2368 0 1112 0 43 0 0 0 0 0 0 6 0 0 0 0 0 9 0 0 0 1160 0 0 0 15 0 0 0 15 0 15 0 0 0 0 0 0 0 0 0 9 0 0 3 0 0 0 0 0 0 11 0 0 0 
0 7 0 0 33 1105 0 0 11 0 13 0 0 0 0 0 107 0 0 58 0 0 2248 0 2686 4809 0 0 3488 0 7 111745 0 0 0 3474 46 0 0 0 0 0 0 15 346 0 0 17 0 0 0 0 20 0 0 0 0 0 0 0 33 0 0 13 0 0 1794 0 1280 0 34 0 0 0 1635 0 744 0 40 0 0 0 0 0 0 3 0 0 0 0 0 8 0 0 0 721 0 0 0 14 0 0 0 11 0 11 0 0 0 0 0 0 0 0 0 10 0 0 4 0 0 0 0 0 0 7 0 0 0 
0 6 0 0 31 1117 0 0 7 0 12 0 0 0 0 0 74 0 0 48 0 0 1875 0 2635 3555 0 0 3496 0 1 121347 0 0 0 4768 49 0 0 0 0 0 0 14 152 0 0 6 0 0 0 0 33 0 0 0 0 0 0 0 32 0 0 14 0 0 1901 0 1328 0 42 0 0 0 1557 0 1173 0 33 0 0 0 0 0 0 5 0 0 0 0 0 3 0 0 0 788 0 0 0 19 0 0 0 17 0 8 0 0 0 0 0 0 0 0 0 9 0 0 2 0 0 0 0 0 0 6 0 0 0 
0 6 0 0 24 1362 0 0 5 0 12 0 0 0 0 0 81 0 0 24 0 0 1550 0 2949 2461 0 0 3666 0 0 158380 0 0 0 4571 34 0 0 0 0 0 0 12 328 0 0 3 0 0 0 0 29 0 0 0 0 0 0 0 11 0 0 7 0 0 1801 0 1674 0 23 0 0 0 1737 0 1010 0 30 0 0 0 0 0 0 4 0 0 0 0 0 3 0 0 0 986 0 0 0 15 0 0 0 16 0 4 0 0 0 0 0 0 0 0 0 12 0 0 1 0 0 0 0 0 0 10 0 0 0 
0 5 0 0 35 776 0 0 7 0 3 0 0 0 0 0 122 0 0 66 0 0 1628 0 2064 3342 0 0 2609 0 3 78815 0 0 0 5036 86 0 0 0 0 0 0 24 259 0 0 10 0 0 0 0 34 0 0 0 0 0 0 0 37 0 0 5 0 0 592 0 1149 0 22 0 0 0 191 0 999 0 4 0 0 0 0 0 0 1 0 0 0 0 0 1 0 0 0 76 0 0 0 6 0 0 0 0 0 0 0 0 0 0 0 0 0 0 0 4 0 0 0 0 0 0 0 0 0 0 0 0 0 
0 6 0 0 32 683 0 0 12 0 4 0 0 0 0 0 126 0 0 91 0 0 2215 0 1992 4287 0 0 2982 0 10 54637 0 0 0 3021 44 0 0 0 0 0 0 23 204 0 0 12 0 0 0 0 29 0 0 0 0 0 0 0 35 0 0 11 0 0 608 0 872 0 12 0 0 0 312 0 846 0 14 0 0 0 0 0 0 1 0 0 0 0 0 1 0 0 0 67 0 0 0 4 0 0 0 4 0 1 0 0 0 0 0 0 0 0 0 6 0 0 0 0 0 0 0 0 0 0 0 0 0 
0 6 0 0 37 1100 0 0 10 0 6 0 0 0 0 0 90 0 0 79 0 0 2746 0 2359 3921 0 0 4353 0 5 117904 0 0 0 5559 74 0 0 0 0 0 0 29 457 0 0 9 0 0 0 0 39 0 0 0 0 0 0 0 35 0 0 12 0 0 834 0 1717 0 26 0 0 0 785 0 1237 0 24 0 0 0 0 0 0 2 0 0 0 0 0 2 0 0 0 329 0 0 0 11 0 0 0 8 0 3 0 0 0 0 0 0 0 0 0 5 0 0 0 0 0 0 0 0 0 0 0 0 0 
0 7 0 0 29 1220 0 0 7 0 19 0 0 0 0 0 85 0 0 36 0 0 1689 0 2779 3705 0 0 3460 0 1 133695 0 0 0 4126 35 0 0 0 0 0 0 10 131 0 0 7 0 0 0 0 26 0 0 0 0 0 0 0 19 0 0 14 0 0 2836 0 1383 0 57 0 0 0 2394 0 1251 0 52 0 0 0 0 0 0 5 0 0 0 0 0 3 0 0 0 994 0 0 0 16 0 0 0 14 0 10 0 0 0 0 0 0 0 0 0 15 0 0 9 0 0 0 0 0 0 23 0 0 0 
0 9 0 0 36 1710 0 0 19 0 21 0 0 0 0 0 97 0 0 105 0 0 5071 0 3243 3423 0 0 4276 0 14 183496 0 0 0 6171 51 0 0 0 0 0 0 29 844 0 0 11 0 0 0 0 27 0 0 0 0 0 0 0 26 0 0 39 0 0 3375 0 1681 0 63 0 0 0 2595 0 1383 0 46 0 0 0 0 0 0 8 0 0 0 0 0 15 0 0 0 1265 0 0 0 21 0 0 0 26 0 22 0 0 0 0 0 0 0 0 0 15 0 0 2 0 0 0 0 0 0 14 0 0 0 
0 6 0 0 30 889 0 0 5 0 13 0 0 0 0 0 107 0 0 38 0 0 814 0 2384 4513 0 0 2909 0 2 88176 0 0 0 2786 43 0 0 0 0 0 0 5 60 0 0 7 0 0 0 0 15 0 0 0 0 0 0 0 33 0 0 2 0 0 1709 0 1032 0 33 0 0 0 1716 0 776 0 38 0 0 0 0 0 0 2 0 0 0 0 0 6 0 0 0 644 0 0 0 15 0 0 0 12 0 8 0 0 0 0 0 0 0 0 0 13 0 0 5 0 0 0 0 0 0 10 0 0 0 
0 7 0 0 33 1454 0 0 12 0 10 0 0 0 0 0 86 0 0 76 0 0 3351 0 2798 3060 0 0 4539 0 5 169731 0 0 0 5884 54 0 0 0 0 0 0 30 633 0 0 7 0 0 0 0 37 0 0 0 0 0 0 0 25 0 0 20 0 0 1437 0 1966 0 26 0 0 0 1556 0 1185 0 28 0 0 0 0 0 0 3 0 0 0 0 0 5 0 0 0 772 0 0 0 16 0 0 0 13 0 4 0 0 0 0 0 0 0 0 0 10 0 0 0 0 0 0 0 0 0 3 0 0 0 
0 8 0 0 38 1460 0 0 15 0 18 0 0 0 0 0 99 0 0 87 0 0 4096 0 3008 3937 0 0 4299 0 6 153931 0 0 0 5471 61 0 0 0 0 0 0 38 582 0 0 11 0 0 0 0 29 0 0 0 0 0 0 0 26 0 0 38 0 0 2622 0 1639 0 54 0 0 0 2354 0 1311 0 57 0 0 0 0 0 0 7 0 0 0 0 0 8 0 0 0 1067 0 0 0 22 0 0 0 19 0 19 0 0 0 0 0 0 0 0 0 14 0 0 3 0 0 0 0 0 0 10 0 0 0 
0 7 0 0 30 1367 0 0 10 0 13 0 0 0 0 0 99 0 0 55 0 0 2623 0 3024 3514 0 0 3825 0 5 151380 0 0 0 4788 37 0 0 0 0 0 0 21 388 0 0 6 0 0 0 0 26 0 0 0 0 0 0 0 23 0 0 15 0 0 2235 0 1606 0 31 0 0 0 1583 0 1214 0 34 0 0 0 0 0 0 6 0 0 0 0 0 0 0 0 0 940 0 0 0 18 0 0 0 20 0 8 0 0 0 0 0 0 0 0 0 15 0 0 1 0 0 0 0 0 0 11 0 0 0 
0 6 0 0 31 1173 0 0 7 0 9 0 0 0 0 0 104 0 0 42 0 0 1908 0 2609 3289 0 0 3170 0 1 125133 0 0 0 5163 53 0 0 0 0 0 0 10 292 0 0 8 0 0 0 0 27 0 0 0 0 0 0 0 23 0 0 9 0 0 1515 0 1422 0 34 0 0 0 1147 0 1358 0 20 0 0 0 0 0 0 5 0 0 0 0 0 1 0 0 0 576 0 0 0 17 0 0 0 17 0 4 0 0 0 0 0 0 0 0 0 14 0 0 0 0 0 0 0 0 0 4 0 0 0 
0 8 0 0 35 1044 0 0 21 0 8 0 0 0 0 0 126 0 0 128 0 0 4411 0 2883 4677 0 0 4255 0 21 81070 0 0 0 3788 42 0 0 0 0 0 0 35 477 0 0 13 0 0 0 0 34 0 0 0 0 0 0 0 34 0 0 32 0 0 1159 0 1145 0 25 0 0 0 624 0 1046 0 19 0 0 0 0 0 0 4 0 0 0 0 0 2 0 0 0 203 0 0 0 10 0 0 0 9 0 3 0 0 0 0 0 0 0 0 0 10 0 0 0 0 0 0 0 0 0 0 0 0 0 
0 8 0 0 43 1071 0 0 17 0 13 0 0 0 0 0 127 0 0 93 0 0 3681 0 2722 6263 0 0 3250 0 13 88415 0 0 0 4085 61 0 0 0 0 0 0 36 503 0 0 27 0 0 0 0 21 0 0 0 0 0 0 0 51 0 0 22 0 0 1365 0 1237 0 50 0 0 0 1366 0 1122 0 45 0 0 0 0 0 0 5 0 0 0 0 0 11 0 0 0 179 0 0 0 14 0 0 0 12 0 18 0 0 0 0 0 0 0 0 0 17 0 0 0 0 0 0 0 0 0 0 0 0 0 
0 8 0 0 37 1419 0 0 19 0 11 0 0 0 0 0 85 0 0 117 0 0 4940 0 2995 3384 0 0 4321 0 17 152184 0 0 0 6192 60 0 0 0 0 0 0 42 708 0 0 7 0 0 0 0 37 0 0 0 0 0 0 0 29 0 0 31 0 0 1686 0 1807 0 39 0 0 0 1397 0 1275 0 31 0 0 0 0 0 0 3 0 0 0 0 0 4 0 0 0 536 0 0 0 16 0 0 0 12 0 9 0 0 0 0 0 0 0 0 0 9 0 0 1 0 0 0 0 0 0 4 0 0 0 
0 13 0 0 37 2118 0 0 45 0 39 0 0 0 0 0 96 0 0 181 0 0 10657 0 3788 3996 0 0 4015 0 55 211855 0 0 0 5500 36 0 0 0 0 0 0 38 1300 0 0 15 0 0 0 0 17 0 0 0 0 0 0 0 20 0 0 145 0 0 5767 0 1461 0 98 0 0 0 4858 0 1127 0 74 0 0 0 0 0 0 34 0 0 0 0 0 22 0 0 0 1960 0 0 0 24 0 0 0 28 0 57 0 0 0 0 0 0 0 0 0 17 0 0 8 0 0 0 0 0 0 37 0 0 0 
0 4 0 0 27 755 0 0 5 0 1 0 0 0 0 0 94 0 0 31 0 0 1322 0 1912 2345 0 0 2746 0 2 81524 0 0 0 4376 65 0 0 0 0 0 0 21 201 0 0 9 0 0 0 0 36 0 0 0 0 0 0 0 27 0 0 2 0 0 138 0 1231 0 2 0 0 0 200 0 948 0 3 0 0 0 0 0 0 0 0 0 0 0 0 0 0 0 0 91 0 0 0 4 0 0 0 4 0 0 0 0 0 0 0 0 0 0 0 4 0 0 0 0 0 0 0 0 0 0 0 0 0 
0 6 0 0 37 761 0 0 11 0 5 0 0 0 0 0 108 0 0 70 0 0 2061 0 2162 5695 0 0 2664 0 10 63933 0 0 0 3287 63 0 0 0 0 0 0 21 247 0 0 21 0 0 0 0 18 0 0 0 0 0 0 0 53 0 0 5 0 0 544 0 943 0 25 0 0 0 774 0 813 0 20 0 0 0 0 0 0 1 0 0 0 0 0 3 0 0 0 89 0 0 0 4 0 0 0 9 0 5 0 0 0 0 0 0 0 0 0 5 0 0 0 0 0 0 0 0 0 0 0 0 0 
0 5 0 0 20 876 0 0 5 0 7 0 0 0 0 0 75 0 0 20 0 0 1254 0 2361 2555 0 0 3222 0 1 90390 0 0 0 3071 29 0 0 0 0 0 0 5 76 0 0 5 0 0 0 0 20 0 0 0 0 0 0 0 14 0 0 7 0 0 1087 0 1110 0 19 0 0 0 844 0 807 0 23 0 0 0 0 0 0 2 0 0 0 0 0 0 0 0 0 545 0 0 0 10 0 0 0 10 0 1 0 0 0 0 0 0 0 0 0 4 0 0 1 0 0 0 0 0 0 5 0 0 0 
0 6 0 0 28 1115 0 0 7 0 10 0 0 0 0 0 108 0 0 45 0 0 1885 0 2917 2934 0 0 3545 0 2 110517 0 0 0 3997 50 0 0 0 0 0 0 22 207 0 0 9 0 0 0 0 23 0 0 0 0 0 0 0 22 0 0 10 0 0 1460 0 1187 0 25 0 0 0 1264 0 963 0 24 0 0 0 0 0 0 3 0 0 0 0 0 1 0 0 0 730 0 0 0 10 0 0 0 11 0 5 0 0 0 0 0 0 0 0 0 7 0 0 2 0 0 0 0 0 0 6 0 0 0 
0 6 0 0 34 1380 0 0 5 0 13 0 0 0 0 0 84 0 0 45 0 0 1453 0 2902 2958 0 0 3447 0 0 164986 0 0 0 6484 65 0 0 0 0 0 0 9 304 0 0 3 0 0 0 0 27 0 0 0 0 0 0 0 24 0 0 7 0 0 2105 0 1688 0 47 0 0 0 2114 0 1350 0 37 0 0 0 0 0 0 3 0 0 0 0 0 4 0 0 0 1040 0 0 0 20 0 0 0 20 0 8 0 0 0 0 0 0 0 0 0 16 0 0 2 0 0 0 0 0 0 9 0 0 0 
0 4 0 0 23 951 0 0 5 0 2 0 0 0 0 0 64 0 0 31 0 0 1489 0 2030 2046 0 0 3736 0 2 112919 0 0 0 4575 49 0 0 0 0 0 0 27 441 0 0 3 0 0 0 0 34 0 0 0 0 0 0 0 26 0 0 4 0 0 248 0 1672 0 7 0 0 0 248 0 1077 0 7 0 0 0 0 0 0 0 0 0 0 0 0 0 0 0 0 218 0 0 0 3 0 0 0 3 0 0 0 0 0 0 0 0 0 0 0 0 0 0 0 0 0 0 0 0 0 0 0 0 0 
0 7 0 0 35 1227 0 0 16 0 6 0 0 0 0 0 108 0 0 100 0 0 4165 0 2837 3306 0 0 4080 0 14 121472 0 0 0 5430 69 0 0 0 0 0 0 47 714 0 0 11 0 0 0 0 37 0 0 0 0 0 0 0 33 0 0 22 0 0 730 0 1571 0 23 0 0 0 730 0 1098 0 16 0 0 0 0 0 0 0 0 0 0 0 0 1 0 0 0 367 0 0 0 9 0 0 0 6 0 3 0 0 0 0 0 0 0 0 0 4 0 0 0 0 0 0 0 0 0 0 0 0 0 
0 9 0 0 38 1524 0 0 17 0 22 0 0 0 0 0 115 0 0 79 0 0 3670 0 3253 5048 0 0 3494 0 14 161235 0 0 0 4594 49 0 0 0 0 0 0 22 537 0 0 23 0 0 0 0 21 0 0 0 0 0 0 0 26 0 0 26 0 0 3416 0 1532 0 54 0 0 0 2878 0 1035 0 60 0 0 0 0 0 0 10 0 0 0 0 0 10 0 0 0 1154 0 0 0 23 0 0 0 17 0 21 0 0 0 0 0 0 0 0 0 18 0 0 6 0 0 0 0 0 0 21 0 0 0 
0 6 0 0 25 1183 0 0 7 0 10 0 0 0 0 0 85 0 0 31 0 0 1988 0 2863 3107 0 0 3534 0 1 120761 0 0 0 3796 32 0 0 0 0 0 0 20 329 0 0 5 0 0 0 0 26 0 0 0 0 0 0 0 17 0 0 11 0 0 1568 0 1317 0 26 0 0 0 1250 0 1190 0 24 0 0 0 0 0 0 5 0 0 0 0 0 0 0 0 0 678 0 0 0 13 0 0 0 9 0 5 0 0 0 0 0 0 0 0 0 10 0 0 1 0 0 0 0 0 0 6 0 0 0 
0 7 0 0 32 1464 0 0 9 0 14 0 0 0 0 0 90 0 0 44 0 0 2746 0 2911 3571 0 0 4319 0 1 159070 0 0 0 5514 52 0 0 0 0 0 0 21 441 0 0 9 0 0 0 0 28 0 0 0 0 0 0 0 14 0 0 15 0 0 2211 0 1713 0 34 0 0 0 1874 0 1471 0 29 0 0 0 0 0 0 7 0 0 0 0 0 5 0 0 0 953 0 0 0 24 0 0 0 24 0 7 0 0 0 0 0 0 0 0 0 20 0 0 2 0 0 0 0 0 0 9 0 0 0 
0 6 0 0 32 988 0 0 11 0 4 0 0 0 0 0 100 0 0 82 0 0 2591 0 2433 3479 0 0 3041 0 8 95293 0 0 0 4759 53 0 0 0 0 0 0 17 298 0 0 7 0 0 0 0 38 0 0 0 0 0 0 0 35 0 0 9 0 0 809 0 1223 0 20 0 0 0 463 0 1163 0 7 0 0 0 0 0 0 1 0 0 0 0 0 0 0 0 0 227 0 0 0 10 0 0 0 7 0 1 0 0 0 0 0 0 0 0 0 7 0 0 0 0 0 0 0 0 0 1 0 0 0 
0 6 0 0 28 1107 0 0 6 0 9 0 0 0 0 0 84 0 0 30 0 0 1598 0 2737 3192 0 0 4081 0 0 111843 0 0 0 4587 49 0 0 0 0 0 0 16 252 0 0 4 0 0 0 0 33 0 0 0 0 0 0 0 23 0 0 8 0 0 1630 0 1491 0 35 0 0 0 950 0 1201 0 15 0 0 0 0 0 0 3 0 0 0 0 0 1 0 0 0 413 0 0 0 15 0 0 0 16 0 4 0 0 0 0 0 0 0 0 0 12 0 0 0 0 0 0 0 0 0 4 0 0 0 
0 8 0 0 38 1264 0 0 19 0 10 0 0 0 0 0 112 0 0 112 0 0 4448 0 2973 3892 0 0 4334 0 18 113599 0 0 0 5231 65 0 0 0 0 0 0 43 567 0 0 14 0 0 0 0 35 0 0 0 0 0 0 0 32 0 0 26 0 0 1525 0 1512 0 32 0 0 0 1246 0 1248 0 24 0 0 0 0 0 0 5 0 0 0 0 0 3 0 0 0 360 0 0 0 15 0 0 0 16 0 8 0 0 0 0 0 0 0 0 0 10 0 0 0 0 0 0 0 0 0 2 0 0 0 
0 6 0 0 29 1394 0 0 7 0 9 0 0 0 0 0 76 0 0 37 0 0 2081 0 2838 2414 0 0 4404 0 2 165969 0 0 0 5898 57 0 0 0 0 0 0 29 539 0 0 4 0 0 0 0 31 0 0 0 0 0 0 0 26 0 0 8 0 0 1380 0 1933 0 32 0 0 0 1289 0 1210 0 20 0 0 0 0 0 0 2 0 0 0 0 0 3 0 0 0 788 0 0 0 13 0 0 0 16 0 5 0 0 0 0 0 0 0 0 0 7 0 0 1 0 0 0 0 0 0 3 0 0 0 
0 3 0 0 24 573 0 0 2 0 1 0 0 0 0 0 80 0 0 25 0 0 553 0 1330 2626 0 0 2229 0 0 69606 0 0 0 3634 60 0 0 0 0 0 0 6 31 0 0 1 0 0 0 0 33 0 0 0 0 0 0 0 27 0 0 1 0 0 138 0 1101 0 2 0 0 0 200 0 852 0 3 0 0 0 0 0 0 0 0 0 0 0 0 0 0 0 0 91 0 0 0 4 0 0 0 4 0 0 0 0 0 0 0 0 0 0 0 4 0 0 0 0 0 0 0 0 0 0 0 0 0 
0 5 0 0 28 904 0 0 7 0 4 0 0 0 0 0 90 0 0 55 0 0 1838 0 2271 3106 0 0 3547 0 3 93352 0 0 0 3826 58 0 0 0 0 0 0 18 215 0 0 5 0 0 0 0 26 0 0 0 0 0 0 0 19 0 0 6 0 0 597 0 1339 0 11 0 0 0 554 0 908 0 8 0 0 0 0 0 0 1 0 0 0 0 0 1 0 0 0 325 0 0 0 11 0 0 0 10 0 2 0 0 0 0 0 0 0 0 0 5 0 0 0 0 0 0 0 0 0 0 0 0 0 
0 5 0 0 34 552 0 0 4 0 7 0 0 0 0 0 122 0 0 34 0 0 545 0 1708 4888 0 0 1694 0 1 39548 0 0 0 2836 62 0 0 0 0 0 0 4 108 0 0 11 0 0 0 0 11 0 0 0 0 0 0 0 48 0 0 0 0 0 428 0 630 0 36 0 0 0 968 0 676 0 31 0 0 0 0 0 0 3 0 0 0 0 0 6 0 0 0 102 0 0 0 3 0 0 0 12 0 3 0 0 0 0 0 0 0 0 0 9 0 0 0 0 0 0 0 0 0 0 0 0 0 
37 4 222 125 22 898 629 101 2 2 6 38 22 811 465 632 67 692 188 16 396 10538 569 3006 1973 1673 27816 4796 2745 106 0 103433 6735 9073 1808 4361 46 54 410 3 170 56 25 6 163 211 125 0 6 333 133 36 24 7 3 2 4 139 125 165 16 86 23 0 54 4814 992 790 1250 102 23 87 94 3106 788 637 939 79 13 16 79 1 1 2 2 3 21 4 0 0 0 2 7 3 50 497 246 21 54 10 20 27 45 10 4 4 13 13 17 0 1 0 2 40 27 9 25 5 0 1 0 0 0 1 0 0 5 8 10 
6 6 0 32 35 601 15 20 13 0 2 0 4 0 0 184 131 0 84 99 91 1417 2289 70 1876 4919 3188 0 2974 20 12 40990 20 0 76 3331 65 62 0 0 0 2 0 20 133 15 22 20 0 0 0 0 30 0 0 0 0 0 0 8 46 0 12 8 7 396 255 0 715 23 11 0 0 0 115 8 808 0 6 16 0 0 0 0 0 0 0 0 0 0 0 0 0 0 6 30 0 0 0 2 0 0 0 2 0 0 1 0 0 0 0 0 0 0 0 3 4 0 0 0 0 0 0 0 0 0 0 0 0 
0 5 0 0 31 993 0 0 5 0 6 0 0 0 0 0 87 0 0 43 0 0 1297 0 2237 2791 0 0 3110 0 1 116355 0 0 0 5608 64 0 0 0 0 0 0 12 228 0 0 4 0 0 0 0 35 0 0 0 0 0 0 0 30 0 0 6 0 0 1077 0 1524 0 29 0 0 0 830 0 1197 0 20 0 0 0 0 0 0 0 0 0 0 0 0 2 0 0 0 338 0 0 0 10 0 0 0 9 0 1 0 0 0 0 0 0 0 0 0 8 0 0 1 0 0 0 0 0 0 2 0 0 0 
0 3 0 0 20 738 0 0 2 0 1 0 0 0 0 0 59 0 0 17 0 0 579 0 1883 1475 0 0 2829 0 0 90279 0 0 0 4241 48 0 0 0 0 0 0 12 194 0 0 1 0 0 0 0 33 0 0 0 0 0 0 0 22 0 0 1 0 0 113 0 1378 0 3 0 0 0 180 0 762 0 6 0 0 0 0 0 0 0 0 0 0 0 0 0 0 0 0 106 0 0 0 2 0 0 0 0 0 0 0 0 0 0 0 0 0 0 0 0 0 0 0 0 0 0 0 0 0 0 0 0 0 
0 9 0 0 30 1817 0 0 16 0 24 0 0 0 0 0 81 0 0 73 0 0 4552 0 3660 2934 0 0 4723 0 5 191674 0 0 0 5320 36 0 0 0 0 0 0 25 792 0 0 4 0 0 0 0 27 0 0 0 0 0 0 0 16 0 0 37 0 0 3739 0 1596 0 58 0 0 0 3200 0 1068 0 48 0 0 0 0 0 0 12 0 0 0 0 0 14 0 0 0 1644 0 0 0 22 0 0 0 23 0 24 0 0 0 0 0 0 0 0 0 14 0 0 4 0 0 0 0 0 0 20 0 0 0 
0 4 0 0 26 949 0 0 4 0 3 0 0 0 0 0 70 0 0 36 0 0 1177 0 2070 2275 0 0 3716 0 0 112536 0 0 0 5042 58 0 0 0 0 0 0 14 359 0 0 2 0 0 0 0 38 0 0 0 0 0 0 0 28 0 0 6 0 0 369 0 1662 0 12 0 0 0 462 0 1085 0 12 0 0 0 0 0 0 0 0 0 0 0 0 0 0 0 0 290 0 0 0 6 0 0 0 4 0 0 0 0 0 0 0 0 0 0 0 2 0 0 0 0 0 0 0 0 0 0 0 0 0 
0 7 0 0 40 635 0 0 12 0 12 0 0 0 0 0 145 0 0 95 0 0 1398 0 1863 6222 0 0 1609 0 8 41337 0 0 0 2812 62 0 0 0 0 0 0 5 190 0 0 20 0 0 0 0 9 0 0 0 0 0 0 0 53 0 0 16 0 0 720 0 599 0 54 0 0 0 1434 0 695 0 45 0 0 0 0 0 0 5 0 0 0 0 0 10 0 0 0 164 0 0 0 1 0 0 0 13 0 7 0 0 0 0 0 0 0 0 0 15 0 0 1 0 0 0 0 0 0 5 0 0 0 
0 11 0 0 47 1873 0 0 41 0 15 0 0 0 0 0 97 0 0 235 0 0 10407 0 3174 4431 0 0 5636 0 71 188269 0 0 0 7240 72 0 0 0 0 0 0 85 1442 0 0 16 0 0 0 0 43 0 0 0 0 0 0 0 29 0 0 68 0 0 2327 0 2135 0 46 0 0 0 1779 0 1469 0 38 0 0 0 0 0 0 7 0 0 0 0 0 6 0 0 0 789 0 0 0 23 0 0 0 18 0 18 0 0 0 0 0 0 0 0 0 16 0 0 1 0 0 0 0 0 0 3 0 0 0 
0 7 0 0 33 1052 0 0 13 0 11 0 0 0 0 0 104 0 0 80 0 0 3199 0 2719 3872 0 0 4516 0 3 92081 0 0 0 4126 55 0 0 0 0 0 0 24 373 0 0 14 0 0 0 0 35 0 0 0 0 0 0 0 30 0 0 37 0 0 1411 0 1310 0 38 0 0 0 1109 0 975 0 29 0 0 0 0 0 0 0 0 0 0 0 0 2 0 0 0 427 0 0 0 8 0 0 0 9 0 1 0 0 0 0 0 0 0 0 0 9 0 0 1 0 0 0 0 0 0 7 0 0 0 
0 8 0 0 34 1437 0 0 18 0 13 0 0 0 0 0 85 0 0 101 0 0 4867 0 3111 3118 0 0 4866 0 15 144865 0 0 0 5438 52 0 0 0 0 0 0 42 703 0 0 7 0 0 0 0 34 0 0 0 0 0 0 0 28 0 0 31 0 0 1873 0 1740 0 39 0 0 0 1635 0 1262 0 28 0 0 0 0 0 0 5 0 0 0 0 0 8 0 0 0 648 0 0 0 17 0 0 0 15 0 14 0 0 0 0 0 0 0 0 0 8 0 0 1 0 0 0 0 0 0 1 0 0 0 
0 5 0 0 25 809 0 0 5 0 5 0 0 0 0 0 86 0 0 29 0 0 1295 0 2324 3062 0 0 3064 0 0 70293 0 0 0 3166 32 0 0 0 0 0 0 15 157 0 0 6 0 0 0 0 25 0 0 0 0 0 0 0 28 0 0 5 0 0 638 0 1007 0 16 0 0 0 637 0 998 0 18 0 0 0 0 0 0 0 0 0 0 0 0 0 0 0 0 168 0 0 0 4 0 0 0 7 0 5 0 0 0 0 0 0 0 0 0 4 0 0 0 0 0 0 0 0 0 0 0 0 0 
0 8 0 0 32 1586 0 0 19 0 12 0 0 0 0 0 83 0 0 102 0 0 5312 0 3233 2816 0 0 4716 0 19 169314 0 0 0 5559 43 0 0 0 0 0 0 39 832 0 0 7 0 0 0 0 39 0 0 0 0 0 0 0 20 0 0 31 0 0 1775 0 1809 0 30 0 0 0 1733 0 960 0 31 0 0 0 0 0 0 2 0 0 0 0 0 6 0 0 0 1023 0 0 0 15 0 0 0 11 0 10 0 0 0 0 0 0 0 0 0 9 0 0 1 0 0 0 0 0 0 7 0 0 0 
0 5 0 0 26 746 0 0 8 0 2 0 0 0 0 0 82 0 0 56 0 0 1905 0 2135 3144 0 0 3135 0 5 60122 0 0 0 3376 37 0 0 0 0 0 0 21 188 0 0 5 0 0 0 0 33 0 0 0 0 0 0 0 33 0 0 4 0 0 290 0 901 0 8 0 0 0 200 0 876 0 5 0 0 0 0 0 0 0 0 0 0 0 0 0 0 0 0 96 0 0 0 3 0 0 0 4 0 1 0 0 0 0 0 0 0 0 0 1 0 0 0 0 0 0 0 0 0 0 0 0 0 
0 9 0 0 43 1395 0 0 26 0 11 0 0 0 0 0 119 0 0 163 0 0 6424 0 3165 5105 0 0 4849 0 28 124179 0 0 0 5121 60 0 0 0 0 0 0 51 781 0 0 25 0 0 0 0 39 0 0 0 0 0 0 0 43 0 0 47 0 0 1424 0 1664 0 37 0 0 0 1225 0 1221 0 34 0 0 0 0 0 0 4 0 0 0 0 0 2 0 0 0 468 0 0 0 16 0 0 0 9 0 8 0 0 0 0 0 0 0 0 0 6 0 0 1 0 0 0 0 0 0 1 0 0 0 
0 9 0 0 41 1852 0 0 23 0 16 0 0 0 0 0 78 0 0 110 0 0 6683 0 3126 3145 0 0 5302 0 22 205019 0 0 0 7250 74 0 0 0 0 0 0 82 1117 0 0 14 0 0 0 0 30 0 0 0 0 0 0 0 22 0 0 45 0 0 2331 0 2194 0 41 0 0 0 2398 0 1360 0 38 0 0 0 0 0 0 8 0 0 0 0 0 9 0 0 0 1185 0 0 0 22 0 0 0 27 0 16 0 0 0 0 0 0 0 0 0 17 0 0 0 0 0 0 0 0 0 6 0 0 0 
294 8 967 1806 20 883 42416 495 18 19 15 659 531 1451 3948 4026 23 1417 2076 69 654 36674 2931 119454 986 939 184571 219673 1239 271 16 58904 4028060 41689 205173 1909 15 3360 1412 24 952 501 740 14 387 11416 494 9 427 1873 1295 3013 4 36 19 56 4 1984 902 2308 7 797 567 33 94 71376 1246 138023 429 1093 26 2656 288 59731 1309 108971 335 873 19 1640 213 27 6 9 35 6 204 283 6 2 11 12 144 236 21909 565 25415 823 416 6 1145 1007 437 4 1185 16 201 170 585 8 4 9 27 499 650 4 873 300 2 8 6 11 10 8 11 8 257 347 483 
0 6 0 0 37 898 0 0 8 0 7 0 0 0 0 0 97 0 0 70 0 0 1892 0 2121 4131 0 0 3765 0 1 90733 0 0 0 5336 76 0 0 0 0 0 0 21 262 0 0 8 0 0 0 0 41 0 0 0 0 0 0 0 35 0 0 11 0 0 1112 0 1468 0 36 0 0 0 671 0 1194 0 22 0 0 0 0 0 0 2 0 0 0 0 0 2 0 0 0 133 0 0 0 13 0 0 0 4 0 3 0 0 0 0 0 0 0 0 0 8 0 0 1 0 0 0 0 0 0 0 0 0 0 
0 5 0 0 22 1103 0 0 6 0 5 0 0 0 0 0 62 0 0 30 0 0 1788 0 2504 1871 0 0 3546 0 2 126845 0 0 0 4041 31 0 0 0 0 0 0 15 340 0 0 3 0 0 0 0 35 0 0 0 0 0 0 0 19 0 0 7 0 0 635 0 1718 0 14 0 0 0 924 0 861 0 18 0 0 0 0 0 0 0 0 0 0 0 0 2 0 0 0 416 0 0 0 7 0 0 0 8 0 0 0 0 0 0 0 0 0 0 0 3 0 0 0 0 0 0 0 0 0 2 0 0 0 
0 8 0 0 44 1394 0 0 19 0 11 0 0 0 0 0 103 0 0 127 0 0 4976 0 2792 4293 0 0 4685 0 17 140923 0 0 0 6455 82 0 0 0 0 0 0 52 745 0 0 17 0 0 0 0 45 0 0 0 0 0 0 0 37 0 0 31 0 0 1623 0 1794 0 50 0 0 0 1337 0 1569 0 35 0 0 0 0 0 0 6 0 0 0 0 0 3 0 0 0 575 0 0 0 21 0 0 0 12 0 12 0 0 0 0 0 0 0 0 0 10 0 0 0 0 0 0 0 0 0 0 0 0 0 
0 7 0 0 37 1311 0 0 9 0 15 0 0 0 0 0 95 0 0 69 0 0 2239 0 2733 4412 0 0 3751 0 5 139809 0 0 0 5651 59 0 0 0 0 0 0 15 304 0 0 9 0 0 0 0 29 0 0 0 0 0 0 0 27 0 0 11 0 0 2590 0 1497 0 44 0 0 0 1894 0 1543 0 37 0 0 0 0 0 0 8 0 0 0 0 0 2 0 0 0 930 0 0 0 25 0 0 0 24 0 11 0 0 0 0 0 0 0 0 0 25 0 0 3 0 0 0 0 0 0 11 0 0 0 
0 5 0 0 32 878 0 0 6 0 5 0 0 0 0 0 90 0 0 60 0 0 1463 0 2047 3617 0 0 3170 0 2 93189 0 0 0 4348 62 0 0 0 0 0 0 14 104 0 0 4 0 0 0 0 41 0 0 0 0 0 0 0 33 0 0 7 0 0 726 0 1274 0 18 0 0 0 847 0 1184 0 19 0 0 0 0 0 0 0 0 0 0 0 0 1 0 0 0 329 0 0 0 10 0 0 0 8 0 1 0 0 0 0 0 0 0 0 0 8 0 0 1 0 0 0 0 0 0 1 0 0 0 
0 9 0 0 40 1617 0 0 22 0 19 0 0 0 0 0 88 0 0 124 0 0 5859 0 3014 4377 0 0 4785 0 19 160736 0 0 0 5908 55 0 0 0 0 0 0 46 956 0 0 18 0 0 0 0 32 0 0 0 0 0 0 0 30 0 0 46 0 0 2863 0 1782 0 50 0 0 0 2380 0 1607 0 49 0 0 0 0 0 0 12 0 0 0 0 0 13 0 0 0 937 0 0 0 25 0 0 0 23 0 28 0 0 0 0 0 0 0 0 0 16 0 0 0 0 0 0 0 0 0 4 0 0 0 
0 4 0 0 18 739 0 0 1 0 7 0 0 0 0 0 70 0 0 6 0 0 270 0 2042 2027 0 0 2358 0 0 83748 0 0 0 2755 27 0 0 0 0 0 0 1 2 0 0 1 0 0 0 0 19 0 0 0 0 0 0 0 12 0 0 0 0 0 1141 0 1053 0 20 0 0 0 746 0 654 0 20 0 0 0 0 0 0 2 0 0 0 0 0 0 0 0 0 491 0 0 0 10 0 0 0 8 0 1 0 0 0 0 0 0 0 0 0 5 0 0 1 0 0 0 0 0 0 5 0 0 0 
0 10 0 0 45 1676 0 0 31 0 18 0 0 0 0 0 110 0 0 164 0 0 7721 0 3123 5236 0 0 4722 0 33 160454 0 0 0 6132 65 0 0 0 0 0 0 71 1201 0 0 30 0 0 0 0 36 0 0 0 0 0 0 0 37 0 0 85 0 0 2560 0 1816 0 53 0 0 0 2272 0 1545 0 44 0 0 0 0 0 0 5 0 0 0 0 0 6 0 0 0 780 0 0 0 27 0 0 0 15 0 16 0 0 0 0 0 0 0 0 0 17 0 0 1 0 0 0 0 0 0 7 0 0 0 
0 6 0 0 33 1108 0 0 9 0 8 0 0 0 0 0 85 0 0 70 0 0 2526 0 2697 3421 0 0 3974 0 5 117880 0 0 0 5115 60 0 0 0 0 0 0 24 385 0 0 8 0 0 0 0 39 0 0 0 0 0 0 0 30 0 0 11 0 0 966 0 1679 0 26 0 0 0 1196 0 1047 0 29 0 0 0 0 0 0 1 0 0 0 0 0 4 0 0 0 356 0 0 0 11 0 0 0 8 0 3 0 0 0 0 0 0 0 0 0 5 0 0 0 0 0 0 0 0 0 4 0 0 0 
0 7 0 0 34 1128 0 0 15 0 9 0 0 0 0 0 94 0 0 100 0 0 3623 0 2546 4098 0 0 4069 0 14 105154 0 0 0 4232 46 0 0 0 0 0 0 27 397 0 0 11 0 0 0 0 28 0 0 0 0 0 0 0 28 0 0 19 0 0 1294 0 1275 0 26 0 0 0 1233 0 1434 0 21 0 0 0 0 0 0 3 0 0 0 0 0 5 0 0 0 521 0 0 0 16 0 0 0 15 0 7 0 0 0 0 0 0 0 0 0 11 0 0 1 0 0 0 0 0 0 3 0 0 0 
0 4 0 0 22 886 0 0 4 0 3 0 0 0 0 0 67 0 0 27 0 0 1155 0 2086 2147 0 0 3345 0 0 102444 0 0 0 4211 42 0 0 0 0 0 0 16 305 0 0 2 0 0 0 0 32 0 0 0 0 0 0 0 26 0 0 6 0 0 325 0 1486 0 8 0 0 0 479 0 898 0 12 0 0 0 0 0 0 0 0 0 0 0 0 0 0 0 0 271 0 0 0 6 0 0 0 5 0 0 0 0 0 0 0 0 0 0 0 1 0 0 0 0 0 0 0 0 0 0 0 0 0 
0 9 0 0 41 1628 0 0 22 0 19 0 0 0 0 0 84 0 0 124 0 0 6198 0 3122 4146 0 0 5056 0 18 163113 0 0 0 6489 67 0 0 0 0 0 0 50 880 0 0 14 0 0 0 0 31 0 0 0 0 0 0 0 28 0 0 53 0 0 2795 0 1796 0 66 0 0 0 2290 0 1548 0 44 0 0 0 0 0 0 13 0 0 0 0 0 10 0 0 0 902 0 0 0 25 0 0 0 21 0 18 0 0 0 0 0 0 0 0 0 14 0 0 1 0 0 0 0 0 0 8 0 0 0 
0 7 0 0 35 1287 0 0 17 0 4 0 0 0 0 0 95 0 0 112 0 0 4478 0 2848 3006 0 0 4602 0 19 130590 0 0 0 5821 62 0 0 0 0 0 0 45 743 0 0 7 0 0 0 0 45 0 0 0 0 0 0 0 30 0 0 12 0 0 730 0 1746 0 21 0 0 0 426 0 1197 0 10 0 0 0 0 0 0 1 0 0 0 0 0 1 0 0 0 285 0 0 0 7 0 0 0 3 0 2 0 0 0 0 0 0 0 0 0 4 0 0 0 0 0 0 0 0 0 0 0 0 0 
0 6 0 0 28 899 0 0 6 0 11 0 0 0 0 0 100 0 0 44 0 0 1110 0 2490 3623 0 0 2710 0 1 89334 0 0 0 3144 38 0 0 0 0 0 0 2 67 0 0 5 0 0 0 0 17 0 0 0 0 0 0 0 27 0 0 8 0 0 1649 0 1025 0 29 0 0 0 1271 0 759 0 36 0 0 0 0 0 0 4 0 0 0 0 0 2 0 0 0 626 0 0 0 13 0 0 0 9 0 3 0 0 0 0 0 0 0 0 0 10 0 0 4 0 0 0 0 0 0 7 0 0 0 
0 6 0 0 39 884 0 0 9 0 6 0 0 0 0 0 119 0 0 73 0 0 1966 0 2277 4735 0 0 3285 0 3 93792 0 0 0 4853 79 0 0 0 0 0 0 25 252 0 0 12 0 0 0 0 34 0 0 0 0 0 0 0 44 0 0 10 0 0 1106 0 1392 0 31 0 0 0 546 0 918 0 29 0 0 0 0 0 0 2 0 0 0 0 0 2 0 0 0 136 0 0 0 9 0 0 0 4 0 3 0 0 0 0 0 0 0 0 0 4 0 0 0 0 0 0 0 0 0 0 0 0 0 
0 8 0 0 34 1480 0 0 17 0 13 0 0 0 0 0 92 0 0 99 0 0 4332 0 2897 2920 0 0 4244 0 11 167079 0 0 0 5978 52 0 0 0 0 0 0 27 726 0 0 11 0 0 0 0 34 0 0 0 0 0 0 0 24 0 0 34 0 0 2215 0 1918 0 42 0 0 0 1587 0 1107 0 36 0 0 0 0 0 0 4 0 0 0 0 0 6 0 0 0 792 0 0 0 17 0 0 0 14 0 5 0 0 0 0 0 0 0 0 0 6 0 0 1 0 0 0 0 0 0 7 0 0 0 
0 7 0 0 27 1407 0 0 7 0 19 0 0 0 0 0 73 0 0 36 0 0 2095 0 3047 2631 0 0 4296 0 2 155141 0 0 0 4803 36 0 0 0 0 0 0 22 471 0 0 3 0 0 0 0 25 0 0 0 0 0 0 0 17 0 0 10 0 0 2819 0 1622 0 47 0 0 0 2473 0 1161 0 46 0 0 0 0 0 0 3 0 0 0 0 0 12 0 0 0 1075 0 0 0 14 0 0 0 19 0 15 0 0 0 0 0 0 0 0 0 11 0 0 4 0 0 0 0 0 0 19 0 0 0 
0 8 0 0 38 1344 0 0 16 0 13 0 0 0 0 0 107 0 0 101 0 0 3951 0 2862 4691 0 0 3927 0 11 140295 0 0 0 5274 58 0 0 0 0 0 0 29 423 0 0 17 0 0 0 0 32 0 0 0 0 0 0 0 23 0 0 24 0 0 2286 0 1681 0 27 0 0 0 1470 0 1352 0 22 0 0 0 0 0 0 6 0 0 0 0 0 5 0 0 0 639 0 0 0 23 0 0 0 17 0 11 0 0 0 0 0 0 0 0 0 26 0 0 0 0 0 0 0 0 0 5 0 0 0 
0 8 0 0 38 1598 0 0 17 0 13 0 0 0 0 0 100 0 0 96 0 0 4748 0 3061 3770 0 0 4363 0 10 174307 0 0 0 6668 66 0 0 0 0 0 0 38 771 0 0 11 0 0 0 0 33 0 0 0 0 0 0 0 28 0 0 35 0 0 2140 0 1755 0 43 0 0 0 1673 0 1545 0 31 0 0 0 0 0 0 8 0 0 0 0 0 5 0 0 0 952 0 0 0 21 0 0 0 20 0 6 0 0 0 0 0 0 0 0 0 17 0 0 1 0 0 0 0 0 0 4 0 0 0 
0 7 0 0 33 1424 0 0 9 0 14 0 0 0 0 0 82 0 0 52 0 0 2478 0 2970 2885 0 0 4290 0 2 163661 0 0 0 6036 60 0 0 0 0 0 0 25 416 0 0 4 0 0 0 0 30 0 0 0 0 0 0 0 26 0 0 13 0 0 2335 0 1730 0 51 0 0 0 1755 0 1285 0 33 0 0 0 0 0 0 6 0 0 0 0 0 5 0 0 0 987 0 0 0 21 0 0 0 21 0 12 0 0 0 0 0 0 0 0 0 11 0 0 2 0 0 0 0 0 0 6 0 0 0 
0 6 0 0 32 1137 0 0 8 0 10 0 0 0 0 0 89 0 0 55 0 0 2042 0 2587 3110 0 0 3705 0 3 124759 0 0 0 5310 57 0 0 0 0 0 0 12 245 0 0 7 0 0 0 0 26 0 0 0 0 0 0 0 24 0 0 11 0 0 1721 0 1428 0 38 0 0 0 1358 0 1302 0 28 0 0 0 0 0 0 5 0 0 0 0 0 3 0 0 0 729 0 0 0 16 0 0 0 18 0 6 0 0 0 0 0 0 0 0 0 12 0 0 1 0 0 0 0 0 0 5 0 0 0 
0 7 0 0 29 1003 0 0 9 0 14 0 0 0 0 0 91 0 0 57 0 0 2032 0 2614 3812 0 0 3155 0 3 92945 0 0 0 3511 45 0 0 0 0 0 0 11 226 0 0 6 0 0 0 0 22 0 0 0 0 0 0 0 25 0 0 13 0 0 1841 0 1232 0 39 0 0 0 1438 0 816 0 30 0 0 0 0 0 0 3 0 0 0 0 0 5 0 0 0 456 0 0 0 15 0 0 0 10 0 10 0 0 0 0 0 0 0 0 0 13 0 0 3 0 0 0 0 0 0 8 0 0 0 
0 6 0 0 28 1115 0 0 11 0 5 0 0 0 0 0 82 0 0 70 0 0 2865 0 2761 2213 0 0 3865 0 8 116400 0 0 0 4867 54 0 0 0 0 0 0 30 502 0 0 4 0 0 0 0 33 0 0 0 0 0 0 0 25 0 0 12 0 0 722 0 1446 0 23 0 0 0 598 0 915 0 11 0 0 0 0 0 0 0 0 0 0 0 0 1 0 0 0 414 0 0 0 5 0 0 0 5 0 1 0 0 0 0 0 0 0 0 0 1 0 0 1 0 0 0 0 0 0 1 0 0 0 
0 6 0 0 28 1017 0 0 7 0 10 0 0 0 0 0 95 0 0 55 0 0 1750 0 2521 2946 0 0 3268 0 0 105767 0 0 0 4206 44 0 0 0 0 0 0 11 348 0 0 2 0 0 0 0 26 0 0 0 0 0 0 0 26 0 0 14 0 0 1365 0 1298 0 38 0 0 0 1238 0 961 0 30 0 0 0 0 0 0 0 0 0 0 0 0 4 0 0 0 433 0 0 0 9 0 0 0 9 0 5 0 0 0 0 0 0 0 0 0 5 0 0 0 0 0 0 0 0 0 5 0 0 0 
0 4 0 0 22 900 0 0 1 0 7 0 0 0 0 0 64 0 0 6 0 0 306 0 2169 2398 0 0 3053 0 0 103115 0 0 0 4066 39 0 0 0 0 0 0 4 59 0 0 0 0 0 0 0 36 0 0 0 0 0 0 0 24 0 0 0 0 0 1067 0 1230 0 25 0 0 0 924 0 1082 0 20 0 0 0 0 0 0 1 0 0 0 0 0 1 0 0 0 531 0 0 0 11 0 0 0 11 0 3 0 0 0 0 0 0 0 0 0 9 0 0 1 0 0 0 0 0 0 3 0 0 0 
0 8 0 0 31 1295 0 0 16 0 14 0 0 0 0 0 96 0 0 89 0 0 4020 0 3465 3533 0 0 4140 0 9 112096 0 0 0 4200 41 0 0 0 0 0 0 25 499 0 0 11 0 0 0 0 32 0 0 0 0 0 0 0 27 0 0 34 0 0 1938 0 1233 0 43 0 0 0 1586 0 1032 0 33 0 0 0 0 0 0 4 0 0 0 0 0 2 0 0 0 616 0 0 0 12 0 0 0 8 0 9 0 0 0 0 0 0 0 0 0 3 0 0 2 0 0 0 0 0 0 8 0 0 0 
0 7 0 0 37 1305 0 0 19 0 3 0 0 0 0 0 95 0 0 115 0 0 5285 0 2678 3091 0 0 5093 0 25 133468 0 0 0 5951 73 0 0 0 0 0 0 70 900 0 0 14 0 0 0 0 40 0 0 0 0 0 0 0 33 0 0 15 0 0 355 0 1926 0 9 0 0 0 338 0 1307 0 13 0 0 0 0 0 0 0 0 0 0 0 0 0 0 0 0 234 0 0 0 4 0 0 0 4 0 0 0 0 0 0 0 0 0 0 0 1 0 0 0 0 0 0 0 0 0 0 0 0 0 
0 5 0 0 28 1074 0 0 6 0 6 0 0 0 0 0 81 0 0 39 0 0 1704 0 2351 2412 0 0 3462 0 2 121562 0 0 0 5209 56 0 0 0 0 0 0 26 403 0 0 3 0 0 0 0 34 0 0 0 0 0 0 0 23 0 0 7 0 0 1084 0 1553 0 23 0 0 0 782 0 1250 0 16 0 0 0 0 0 0 2 0 0 0 0 0 1 0 0 0 450 0 0 0 9 0 0 0 8 0 3 0 0 0 0 0 0 0 0 0 10 0 0 0 0 0 0 0 0 0 2 0 0 0 
0 7 0 0 30 1621 0 0 6 0 19 0 0 0 0 0 85 0 0 36 0 0 1798 0 3268 2537 0 0 4066 0 0 192467 0 0 0 6021 50 0 0 0 0 0 0 11 414 0 0 2 0 0 0 0 19 0 0 0 0 0 0 0 17 0 0 7 0 0 2973 0 1661 0 53 0 0 0 2763 0 1161 0 48 0 0 0 0 0 0 8 0 0 0 0 0 7 0 0 0 1600 0 0 0 18 0 0 0 29 0 14 0 0 0 0 0 0 0 0 0 16 0 0 4 0 0 0 0 0 0 19 0 0 0 
0 8 0 0 38 1303 0 0 16 0 15 0 0 0 0 0 136 0 0 100 0 0 3624 0 3021 4427 0 0 3221 0 9 138187 0 0 0 4703 57 0 0 0 0 0 0 27 340 0 0 20 0 0 0 0 24 0 0 0 0 0 0 0 30 0 0 35 0 0 2192 0 1472 0 43 0 0 0 2047 0 1116 0 45 0 0 0 0 0 0 6 0 0 0 0 0 5 0 0 0 868 0 0 0 15 0 0 0 19 0 10 0 0 0 0 0 0 0 0 0 11 0 0 1 0 0 0 0 0 0 11 0 0 0 
108 8 487 746 45 659 5689 465 23 3 7 90 114 2183 3122 3032 89 1162 1873 155 1230 73297 3109 35484 1220 6670 59393 42794 2505 576 31 32343 195580 22685 33980 2727 64 1900 1819 38 422 1120 391 34 274 6588 451 40 95 218 116 264 27 10 10 15 16 301 101 574 60 184 217 29 431 10545 675 7798 408 504 18 542 384 8501 352 10293 1011 327 14 473 498 2 1 1 1 4 75 26 0 0 0 2 129 87 851 98 805 96 32 5 47 19 19 5 33 3 155 70 106 2 4 3 3 39 22 18 57 5 0 0 0 0 0 0 0 0 9 23 6 
0 7 0 0 35 1111 0 0 15 0 6 0 0 0 0 0 115 0 0 96 0 0 3899 0 2932 3517 0 0 3999 0 11 103903 0 0 0 4720 61 0 0 0 0 0 0 39 456 0 0 8 0 0 0 0 27 0 0 0 0 0 0 0 26 0 0 18 0 0 856 0 1317 0 22 0 0 0 542 0 955 0 23 0 0 0 0 0 0 2 0 0 0 0 0 2 0 0 0 211 0 0 0 9 0 0 0 3 0 2 0 0 0 0 0 0 0 0 0 5 0 0 0 0 0 0 0 0 0 0 0 0 0 
0 6 0 0 32 1136 0 0 7 0 10 0 0 0 0 0 81 0 0 41 0 0 1850 0 2551 3670 0 0 3626 0 2 119578 0 0 0 4548 57 0 0 0 0 0 0 26 243 0 0 9 0 0 0 0 32 0 0 0 0 0 0 0 30 0 0 7 0 0 1600 0 1469 0 35 0 0 0 1411 0 1373 0 28 0 0 0 0 0 0 3 0 0 0 0 0 2 0 0 0 586 0 0 0 13 0 0 0 10 0 8 0 0 0 0 0 0 0 0 0 8 0 0 2 0 0 0 0 0 0 5 0 0 0 
0 7 0 0 31 1336 0 0 10 0 13 0 0 0 0 0 68 0 0 50 0 0 2947 0 2924 2981 0 0 4052 0 3 141336 0 0 0 4679 47 0 0 0 0 0 0 31 418 0 0 6 0 0 0 0 32 0 0 0 0 0 0 0 21 0 0 15 0 0 1972 0 1723 0 40 0 0 0 1709 0 1282 0 35 0 0 0 0 0 0 3 0 0 0 0 0 5 0 0 0 693 0 0 0 18 0 0 0 11 0 13 0 0 0 0 0 0 0 0 0 8 0 0 2 0 0 0 0 0 0 5 0 0 0 
0 6 0 0 28 719 0 0 11 0 4 0 0 0 0 0 108 0 0 73 0 0 2222 0 2348 3220 0 0 2591 0 8 50568 0 0 0 2562 43 0 0 0 0 0 0 20 244 0 0 4 0 0 0 0 13 0 0 0 0 0 0 0 20 0 0 8 0 0 514 0 598 0 15 0 0 0 211 0 574 0 15 0 0 0 0 0 0 0 0 0 0 0 0 3 0 0 0 71 0 0 0 2 0 0 0 2 0 1 0 0 0 0 0 0 0 0 0 3 0 0 0 0 0 0 0 0 0 0 0 0 0 
0 7 0 0 32 1042 0 0 12 0 10 0 0 0 0 0 101 0 0 63 0 0 2863 0 2505 4533 0 0 3894 0 5 88336 0 0 0 3461 40 0 0 0 0 0 0 28 415 0 0 10 0 0 0 0 28 0 0 0 0 0 0 0 30 0 0 20 0 0 1233 0 1133 0 36 0 0 0 1035 0 1469 0 30 0 0 0 0 0 0 3 0 0 0 0 0 3 0 0 0 320 0 0 0 8 0 0 0 8 0 5 0 0 0 0 0 0 0 0 0 12 0 0 1 0 0 0 0 0 0 3 0 0 0 
0 5 0 0 22 441 0 0 8 0 2 0 0 0 0 0 107 0 0 58 0 0 1105 0 1768 2954 0 0 1256 0 5 21750 0 0 0 1534 38 0 0 0 0 0 0 6 100 0 0 3 0 0 0 0 5 0 0 0 0 0 0 0 22 0 0 4 0 0 168 0 160 0 11 0 0 0 185 0 339 0 5 0 0 0 0 0 0 0 0 0 0 0 0 0 0 0 0 50 0 0 0 1 0 0 0 1 0 1 0 0 0 0 0 0 0 0 0 0 0 0 0 0 0 0 0 0 0 0 0 0 0 
0 7 0 0 33 733 0 0 11 0 13 0 0 0 0 0 104 0 0 71 0 0 1849 0 2466 5030 0 0 2805 0 5 44795 0 0 0 2587 45 0 0 0 0 0 0 16 156 0 0 17 0 0 0 0 20 0 0 0 0 0 0 0 49 0 0 18 0 0 1261 0 542 0 46 0 0 0 1208 0 652 0 39 0 0 0 0 0 0 4 0 0 0 0 0 8 0 0 0 242 0 0 0 3 0 0 0 7 0 8 0 0 0 0 0 0 0 0 0 7 0 0 1 0 0 0 0 0 0 7 0 0 0 
17 3 83 49 15 306 134 71 3 0 0 2 2 242 215 225 68 346 140 26 312 7806 542 850 1005 1957 4952 1152 1278 90 1 16940 651 3378 370 1336 30 48 205 1 33 20 10 4 34 130 52 0 0 0 0 0 6 0 0 0 3 0 0 0 16 7 2 0 50 165 0 28 208 9 0 6 25 166 0 32 413 3 0 2 42 0 0 0 0 0 0 0 0 0 0 0 3 1 0 0 1 0 0 0 0 0 0 0 0 0 0 0 0 0 0 0 0 0 0 0 0 0 0 0 0 0 0 0 0 0 0 0 0 
0 7 0 0 38 831 0 0 10 0 14 0 0 0 0 0 122 0 0 66 0 0 1659 0 2088 5644 0 0 3058 0 4 72186 0 0 0 3472 57 0 0 0 0 0 0 16 176 0 0 17 0 0 0 0 28 0 0 0 0 0 0 0 48 0 0 13 0 0 1956 0 926 0 52 0 0 0 1114 0 1009 0 45 0 0 0 0 0 0 8 0 0 0 0 0 8 0 0 0 275 0 0 0 16 0 0 0 8 0 14 0 0 0 0 0 0 0 0 0 16 0 0 1 0 0 0 0 0 0 3 0 0 0 
0 6 0 0 33 846 0 0 7 0 10 0 0 0 0 0 112 0 0 49 0 0 1717 0 2348 4249 0 0 2875 0 1 76992 0 0 0 3991 56 0 0 0 0 0 0 21 203 0 0 7 0 0 0 0 21 0 0 0 0 0 0 0 32 0 0 10 0 0 1319 0 953 0 43 0 0 0 726 0 1069 0 32 0 0 0 0 0 0 3 0 0 0 0 0 5 0 0 0 185 0 0 0 7 0 0 0 3 0 8 0 0 0 0 0 0 0 0 0 14 0 0 0 0 0 0 0 0 0 2 0 0 0 
0 8 0 0 35 900 0 0 19 0 9 0 0 0 0 0 108 0 0 114 0 0 3829 0 2470 5225 0 0 4465 0 18 62805 0 0 0 3105 53 0 0 0 0 0 0 27 280 0 0 18 0 0 0 0 27 0 0 0 0 0 0 0 34 0 0 22 0 0 1038 0 981 0 28 0 0 0 592 0 1052 0 23 0 0 0 0 0 0 4 0 0 0 0 0 6 0 0 0 127 0 0 0 11 0 0 0 7 0 6 0 0 0 0 0 0 0 0 0 6 0 0 0 0 0 0 0 0 0 0 0 0 0 
0 7 0 0 39 677 0 0 10 0 14 0 0 0 0 0 129 0 0 78 0 0 1146 0 1697 6416 0 0 2741 0 7 45691 0 0 0 2783 59 0 0 0 0 0 0 8 182 0 0 18 0 0 0 0 19 0 0 0 0 0 0 0 47 0 0 6 0 0 1460 0 645 0 52 0 0 0 1059 0 922 0 42 0 0 0 0 0 0 7 0 0 0 0 0 11 0 0 0 245 0 0 0 11 0 0 0 8 0 15 0 0 0 0 0 0 0 0 0 16 0 0 1 0 0 0 0 0 0 5 0 0 0 
0 9 0 0 39 1274 0 0 24 0 14 0 0 0 0 0 113 0 0 144 0 0 5018 0 2948 4772 0 0 3295 0 25 104576 0 0 0 4639 54 0 0 0 0 0 0 29 666 0 0 17 0 0 0 0 25 0 0 0 0 0 0 0 40 0 0 41 0 0 1943 0 995 0 53 0 0 0 1594 0 1208 0 31 0 0 0 0 0 0 7 0 0 0 0 0 7 0 0 0 534 0 0 0 16 0 0 0 13 0 15 0 0 0 0 0 0 0 0 0 8 0 0 1 0 0 0 0 0 0 3 0 0 0 
0 6 0 0 32 980 0 0 9 0 7 0 0 0 0 0 87 0 0 64 0 0 2199 0 2363 3439 0 0 3183 0 4 92994 0 0 0 4301 51 0 0 0 0 0 0 18 278 0 0 7 0 0 0 0 35 0 0 0 0 0 0 0 34 0 0 9 0 0 892 0 1120 0 27 0 0 0 967 0 1212 0 25 0 0 0 0 0 0 1 0 0 0 0 0 4 0 0 0 374 0 0 0 12 0 0 0 10 0 6 0 0 0 0 0 0 0 0 0 4 0 0 0 0 0 0 0 0 0 0 0 0 0 
55 5 715 216 16 562 1439 202 6 3 5 46 56 2148 1546 564 69 1869 620 32 724 33495 899 8244 1698 1983 23086 29270 1504 171 4 34840 24106 65303 4569 1436 18 226 2276 6 258 124 142 3 126 1109 88 2 135 250 324 107 10 9 4 5 15 289 1120 153 12 118 136 0 187 6819 432 1824 331 131 9 80 835 8342 694 2139 417 140 9 80 633 2 6 3 1 0 33 8 0 1 0 6 38 18 355 127 272 28 237 3 21 21 78 4 25 3 39 46 14 4 3 1 0 127 82 5 63 8 0 0 0 0 0 0 0 0 24 24 4 
0 7 0 0 32 1041 0 0 13 0 9 0 0 0 0 0 104 0 0 80 0 0 3107 0 2924 3058 0 0 3347 0 7 94171 0 0 0 4161 48 0 0 0 0 0 0 29 382 0 0 4 0 0 0 0 19 0 0 0 0 0 0 0 21 0 0 19 0 0 1247 0 1055 0 33 0 0 0 848 0 813 0 34 0 0 0 0 0 0 0 0 0 0 0 0 6 0 0 0 292 0 0 0 6 0 0 0 2 0 5 0 0 0 0 0 0 0 0 0 7 0 0 1 0 0 0 0 0 0 2 0 0 0 
0 4 0 0 28 473 0 0 6 0 0 0 0 0 0 0 106 0 0 51 0 0 1265 0 1228 3624 0 0 2333 0 4 39507 0 0 0 2594 62 0 0 0 0 0 0 18 69 0 0 8 0 0 0 0 24 0 0 0 0 0 0 0 31 0 0 0 0 0 0 0 699 0 0 0 0 0 0 0 776 0 0 0 0 0 0 0 0 0 0 0 0 0 0 0 0 0 0 0 0 0 0 0 0 0 0 0 0 0 0 0 0 0 0 0 0 0 0 0 0 0 0 0 0 0 0 0 0 0 0 0 0 
0 6 0 0 41 632 0 0 13 0 2 0 0 0 0 0 147 0 0 122 0 0 2319 0 1773 4999 0 0 2667 0 12 53084 0 0 0 3990 90 0 0 0 0 0 0 25 152 0 0 17 0 0 0 0 21 0 0 0 0 0 0 0 39 0 0 8 0 0 346 0 775 0 12 0 0 0 126 0 825 0 7 0 0 0 0 0 0 0 0 0 0 0 0 0 0 0 0 20 0 0 0 5 0 0 0 1 0 0 0 0 0 0 0 0 0 0 0 3 0 0 0 0 0 0 0 0 0 0 0 0 0 
0 7 0 0 32 930 0 0 12 0 10 0 0 0 0 0 119 0 0 81 0 0 2535 0 2870 4301 0 0 2678 0 7 67339 0 0 0 3083 47 0 0 0 0 0 0 15 316 0 0 11 0 0 0 0 16 0 0 0 0 0 0 0 35 0 0 14 0 0 1082 0 652 0 42 0 0 0 1150 0 910 0 26 0 0 0 0 0 0 3 0 0 0 0 0 6 0 0 0 274 0 0 0 9 0 0 0 6 0 9 0 0 0 0 0 0 0 0 0 3 0 0 1 0 0 0 0 0 0 0 0 0 0 
0 9 0 0 37 1186 0 0 25 0 13 0 0 0 0 0 138 0 0 138 0 0 5053 0 3099 5086 0 0 3954 0 26 85104 0 0 0 3529 42 0 0 0 0 0 0 30 621 0 0 22 0 0 0 0 26 0 0 0 0 0 0 0 31 0 0 47 0 0 1596 0 948 0 36 0 0 0 1514 0 1139 0 32 0 0 0 0 0 0 5 0 0 0 0 0 5 0 0 0 379 0 0 0 12 0 0 0 8 0 12 0 0 0 0 0 0 0 0 0 11 0 0 1 0 0 0 0 0 0 3 0 0 0 
0 8 0 0 37 1215 0 0 19 0 11 0 0 0 0 0 112 0 0 122 0 0 4202 0 2999 4335 0 0 3568 0 20 110569 0 0 0 4687 54 0 0 0 0 0 0 35 523 0 0 11 0 0 0 0 35 0 0 0 0 0 0 0 37 0 0 24 0 0 1755 0 1211 0 43 0 0 0 1306 0 1209 0 26 0 0 0 0 0 0 5 0 0 0 0 0 4 0 0 0 511 0 0 0 10 0 0 0 5 0 10 0 0 0 0 0 0 0 0 0 13 0 0 1 0 0 0 0 0 0 5 0 0 0 
0 6 0 0 35 1063 0 0 8 0 7 0 0 0 0 0 92 0 0 50 0 0 1998 0 2228 4537 0 0 4040 0 4 107245 0 0 0 4853 71 0 0 0 0 0 0 25 221 0 0 13 0 0 0 0 36 0 0 0 0 0 0 0 32 0 0 6 0 0 1325 0 1468 0 24 0 0 0 724 0 1602 0 12 0 0 0 0 0 0 3 0 0 0 0 0 0 0 0 0 396 0 0 0 14 0 0 0 14 0 5 0 0 0 0 0 0 0 0 0 16 0 0 0 0 0 0 0 0 0 2 0 0 0 
0 5 0 0 22 781 0 0 10 0 0 0 0 0 0 0 80 0 0 63 0 0 2515 0 2236 2369 0 0 3246 0 10 68850 0 0 0 2439 33 0 0 0 0 0 0 17 297 0 0 4 0 0 0 0 23 0 0 0 0 0 0 0 18 0 0 0 0 0 0 0 1148 0 0 0 0 0 0 0 637 0 0 0 0 0 0 0 0 0 0 0 0 0 0 0 0 0 0 0 0 0 0 0 0 0 0 0 0 0 0 0 0 0 0 0 0 0 0 0 0 0 0 0 0 0 0 0 0 0 0 0 0 
0 5 0 0 28 814 0 0 6 0 4 0 0 0 0 0 106 0 0 50 0 0 1519 0 2379 3104 0 0 2791 0 1 74852 0 0 0 3895 46 0 0 0 0 0 0 12 170 0 0 3 0 0 0 0 23 0 0 0 0 0 0 0 32 0 0 6 0 0 538 0 938 0 16 0 0 0 515 0 932 0 18 0 0 0 0 0 0 0 0 0 0 0 0 0 0 0 0 165 0 0 0 5 0 0 0 2 0 3 0 0 0 0 0 0 0 0 0 3 0 0 0 0 0 0 0 0 0 0 0 0 0 
0 8 0 0 41 1370 0 0 21 0 9 0 0 0 0 0 102 0 0 138 0 0 5009 0 2751 4204 0 0 4049 0 26 141560 0 0 0 5936 72 0 0 0 0 0 0 50 642 0 0 13 0 0 0 0 36 0 0 0 0 0 0 0 34 0 0 27 0 0 1539 0 1631 0 31 0 0 0 1395 0 1431 0 27 0 0 0 0 0 0 2 0 0 0 0 0 3 0 0 0 613 0 0 0 12 0 0 0 10 0 6 0 0 0 0 0 0 0 0 0 13 0 0 2 0 0 0 0 0 0 3 0 0 0 
0 7 0 0 33 1001 0 0 14 0 8 0 0 0 0 0 108 0 0 94 0 0 3130 0 2863 3225 0 0 3077 0 11 90105 0 0 0 4116 54 0 0 0 0 0 0 30 364 0 0 4 0 0 0 0 21 0 0 0 0 0 0 0 23 0 0 16 0 0 1140 0 980 0 32 0 0 0 759 0 804 0 28 0 0 0 0 0 0 0 0 0 0 0 0 6 0 0 0 276 0 0 0 5 0 0 0 1 0 4 0 0 0 0 0 0 0 0 0 6 0 0 1 0 0 0 0 0 0 2 0 0 0 
0 8 0 0 37 1253 0 0 20 0 9 0 0 0 0 0 105 0 0 115 0 0 4885 0 2728 4824 0 0 4206 0 18 104294 0 0 0 4295 49 0 0 0 0 0 0 41 654 0 0 15 0 0 0 0 34 0 0 0 0 0 0 0 35 0 0 31 0 0 1222 0 1230 0 34 0 0 0 978 0 1672 0 21 0 0 0 0 0 0 3 0 0 0 0 0 5 0 0 0 358 0 0 0 9 0 0 0 6 0 5 0 0 0 0 0 0 0 0 0 12 0 0 0 0 0 0 0 0 0 0 0 0 0 
0 3 0 0 20 505 0 0 1 0 2 0 0 0 0 0 83 0 0 11 0 0 309 0 1647 1634 0 0 1508 0 0 51829 0 0 0 3122 53 0 0 0 0 0 0 6 39 0 0 0 0 0 0 0 14 0 0 0 0 0 0 0 18 0 0 0 0 0 322 0 648 0 14 0 0 0 162 0 615 0 2 0 0 0 0 0 0 0 0 0 0 0 0 1 0 0 0 66 0 0 0 3 0 0 0 0 0 0 0 0 0 0 0 0 0 0 0 3 0 0 0 0 0 0 0 0 0 0 0 0 0 
0 6 0 0 28 1299 0 0 10 0 5 0 0 0 0 0 77 0 0 47 0 0 2921 0 2608 2958 0 0 4361 0 6 147724 0 0 0 4472 48 0 0 0 0 0 0 39 518 0 0 6 0 0 0 0 36 0 0 0 0 0 0 0 19 0 0 9 0 0 748 0 1991 0 8 0 0 0 797 0 1302 0 13 0 0 0 0 0 0 0 0 0 0 0 0 1 0 0 0 478 0 0 0 8 0 0 0 7 0 3 0 0 0 0 0 0 0 0 0 9 0 0 0 0 0 0 0 0 0 1 0 0 0 
0 10 0 0 44 1351 0 0 25 0 26 0 0 0 0 0 117 0 0 150 0 0 5411 0 2974 5580 0 0 4179 0 18 123280 0 0 0 5187 62 0 0 0 0 0 0 42 526 0 0 20 0 0 0 0 32 0 0 0 0 0 0 0 35 0 0 66 0 0 3694 0 1302 0 84 0 0 0 1979 0 1442 0 62 0 0 0 0 0 0 18 0 0 0 0 0 22 0 0 0 774 0 0 0 17 0 0 0 12 0 31 0 0 0 0 0 0 0 0 0 24 0 0 1 0 0 0 0 0 0 15 0 0 0 
60 8 386 384 32 1294 1731 194 15 3 14 39 93 1263 1357 1355 84 825 817 85 692 16995 3492 9055 2896 2958 61755 18394 2907 206 9 120556 32263 31492 9027 4453 42 604 1546 14 495 152 96 27 401 1018 288 3 33 357 380 112 21 9 6 7 10 295 782 512 15 80 184 26 71 14552 2253 1660 1010 308 44 138 452 3848 1462 4100 1075 98 41 250 238 3 4 4 1 9 90 3 0 4 0 1 56 32 598 758 275 126 212 10 11 21 134 8 31 6 78 26 37 3 3 1 5 24 60 9 158 10 0 1 0 0 1 2 1 11 24 38 8 
0 2 0 0 14 248 0 0 1 0 0 0 0 0 0 0 65 0 0 11 0 0 211 0 840 1729 0 0 978 0 0 15357 0 0 0 1317 30 0 0 0 0 0 0 3 18 0 0 0 0 0 0 0 6 0 0 0 0 0 0 0 16 0 0 0 0 0 0 0 185 0 0 0 0 0 0 0 381 0 0 0 0 0 0 0 0 0 0 0 0 0 0 0 0 0 0 0 0 0 0 0 0 0 0 0 0 0 0 0 0 0 0 0 0 0 0 0 0 0 0 0 0 0 0 0 0 0 0 0 0 
0 7 0 0 41 725 0 0 15 0 8 0 0 0 0 0 144 0 0 105 0 0 2475 0 2081 6554 0 0 2679 0 12 53500 0 0 0 2738 68 0 0 0 0 0 0 26 275 0 0 25 0 0 0 0 21 0 0 0 0 0 0 0 54 0 0 20 0 0 911 0 765 0 32 0 0 0 537 0 679 0 31 0 0 0 0 0 0 2 0 0 0 0 0 5 0 0 0 88 0 0 0 10 0 0 0 2 0 7 0 0 0 0 0 0 0 0 0 9 0 0 0 0 0 0 0 0 0 0 0 0 0 
0 9 0 0 45 1198 0 0 26 0 10 0 0 0 0 0 123 0 0 168 0 0 5339 0 3018 6546 0 0 3754 0 32 98555 0 0 0 4318 67 0 0 0 0 0 0 49 538 0 0 35 0 0 0 0 33 0 0 0 0 0 0 0 49 0 0 35 0 0 1317 0 1245 0 36 0 0 0 1105 0 1287 0 22 0 0 0 0 0 0 2 0 0 0 0 0 5 0 0 0 350 0 0 0 13 0 0 0 6 0 9 0 0 0 0 0 0 0 0 0 8 0 0 0 0 0 0 0 0 0 1 0 0 0 
115 5 142 445 28 666 6522 486 6 2 6 33 128 484 423 1947 80 568 1141 46 1796 71532 1249 41204 1488 2745 53755 13228 2108 511 2 58072 243642 4663 19935 3046 48 432 247 8 160 488 61 15 110 6961 326 5 3 122 99 173 23 7 3 4 1 6 15 366 30 128 296 6 559 22088 653 2797 817 619 24 95 49 2875 805 10428 880 57 22 225 27 2 0 1 0 1 131 0 0 0 0 3 10 28 2050 247 465 119 0 5 1 30 8 4 24 5 150 12 39 1 0 0 2 0 0 6 145 1 0 0 0 0 0 0 0 0 0 56 0 
0 3 0 0 15 477 0 0 1 0 2 0 0 0 0 0 76 0 0 9 0 0 298 0 1637 1756 0 0 1523 0 0 41739 0 0 0 1576 25 0 0 0 0 0 0 1 22 0 0 0 0 0 0 0 8 0 0 0 0 0 0 0 11 0 0 0 0 0 319 0 575 0 5 0 0 0 193 0 542 0 7 0 0 0 0 0 0 0 0 0 0 0 0 0 0 0 0 48 0 0 0 3 0 0 0 0 0 1 0 0 0 0 0 0 0 0 0 3 0 0 0 0 0 0 0 0 0 0 0 0 0 
16 3 317 44 18 412 113 71 1 1 2 7 3 1295 692 223 59 903 142 5 313 9452 227 746 1271 1943 5726 3305 1387 90 0 29994 477 27722 285 2001 35 12 766 7 152 34 17 4 38 125 22 1 21 97 84 14 16 2 5 1 8 0 0 28 20 27 13 0 62 575 162 68 436 16 16 18 437 1384 260 37 511 18 8 3 268 0 0 1 0 1 4 0 0 0 0 0 0 0 3 47 15 0 0 2 0 1 17 0 0 0 5 8 2 0 1 0 1 0 0 0 3 0 0 0 0 0 0 0 0 0 0 0 0 
0 7 0 0 33 1051 0 0 13 0 8 0 0 0 0 0 97 0 0 84 0 0 2830 0 2538 3895 0 0 3316 0 8 91471 0 0 0 4249 49 0 0 0 0 0 0 20 390 0 0 6 0 0 0 0 33 0 0 0 0 0 0 0 38 0 0 15 0 0 1264 0 1044 0 36 0 0 0 780 0 1283 0 20 0 0 0 0 0 0 4 0 0 0 0 0 2 0 0 0 314 0 0 0 9 0 0 0 9 0 5 0 0 0 0 0 0 0 0 0 8 0 0 0 0 0 0 0 0 0 1 0 0 0 
0 4 0 0 24 676 0 0 4 0 3 0 0 0 0 0 76 0 0 26 0 0 1259 0 1602 2736 0 0 2482 0 1 72747 0 0 0 3281 48 0 0 0 0 0 0 17 157 0 0 4 0 0 0 0 27 0 0 0 0 0 0 0 26 0 0 3 0 0 349 0 1127 0 12 0 0 0 192 0 788 0 10 0 0 0 0 0 0 0 0 0 0 0 0 1 0 0 0 29 0 0 0 6 0 0 0 1 0 1 0 0 0 0 0 0 0 0 0 4 0 0 0 0 0 0 0 0 0 0 0 0 0 
0 2 0 0 11 231 0 0 0 0 1 0 0 0 0 0 57 0 0 0 0 0 0 0 946 810 0 0 1009 0 0 13109 0 0 0 1069 21 0 0 0 0 0 0 0 0 0 0 0 0 0 0 0 4 0 0 0 0 0 0 0 7 0 0 0 0 0 107 0 190 0 2 0 0 0 90 0 170 0 6 0 0 0 0 0 0 0 0 0 0 0 0 0 0 0 0 16 0 0 0 1 0 0 0 1 0 0 0 0 0 0 0 0 0 0 0 1 0 0 0 0 0 0 0 0 0 0 0 0 0 
0 7 0 0 42 849 0 0 14 0 9 0 0 0 0 0 119 0 0 100 0 0 2642 0 2147 6175 0 0 3358 0 12 67558 0 0 0 3900 61 0 0 0 0 0 0 27 250 0 0 26 0 0 0 0 29 0 0 0 0 0 0 0 49 0 0 13 0 0 1055 0 977 0 41 0 0 0 801 0 1255 0 37 0 0 0 0 0 0 4 0 0 0 0 0 5 0 0 0 199 0 0 0 9 0 0 0 4 0 12 0 0 0 0 0 0 0 0 0 8 0 0 0 0 0 0 0 0 0 0 0 0 0 
0 6 0 0 32 1090 0 0 11 0 4 0 0 0 0 0 96 0 0 76 0 0 2963 0 2581 3160 0 0 3891 0 7 116453 0 0 0 4504 60 0 0 0 0 0 0 27 457 0 0 7 0 0 0 0 29 0 0 0 0 0 0 0 26 0 0 10 0 0 350 0 1702 0 17 0 0 0 769 0 1058 0 17 0 0 0 0 0 0 0 0 0 0 0 0 1 0 0 0 215 0 0 0 6 0 0 0 3 0 2 0 0 0 0 0 0 0 0 0 2 0 0 0 0 0 0 0 0 0 0 0 0 0 
0 4 0 0 26 484 0 0 5 0 1 0 0 0 0 0 72 0 0 31 0 0 960 0 1406 4229 0 0 2605 0 2 34482 0 0 0 2424 44 0 0 0 0 0 0 14 72 0 0 13 0 0 0 0 21 0 0 0 0 0 0 0 32 0 0 2 0 0 159 0 547 0 7 0 0 0 107 0 807 0 3 0 0 0 0 0 0 0 0 0 0 0 0 0 0 0 0 34 0 0 0 2 0 0 0 1 0 0 0 0 0 0 0 0 0 0 0 0 0 0 0 0 0 0 0 0 0 0 0 0 0 
0 6 0 0 28 862 0 0 11 0 4 0 0 0 0 0 96 0 0 66 0 0 2301 0 2221 4231 0 0 3436 0 8 85443 0 0 0 2507 40 0 0 0 0 0 0 21 230 0 0 12 0 0 0 0 22 0 0 0 0 0 0 0 21 0 0 8 0 0 506 0 1255 0 8 0 0 0 539 0 831 0 11 0 0 0 0 0 0 0 0 0 0 0 0 1 0 0 0 242 0 0 0 5 0 0 0 4 0 3 0 0 0 0 0 0 0 0 0 4 0 0 0 0 0 0 0 0 0 0 0 0 0 
0 6 0 0 27 829 0 0 10 0 5 0 0 0 0 0 95 0 0 56 0 0 1909 0 2081 4263 0 0 3437 0 5 84320 0 0 0 2437 36 0 0 0 0 0 0 12 213 0 0 14 0 0 0 0 26 0 0 0 0 0 0 0 28 0 0 11 0 0 683 0 1219 0 7 0 0 0 587 0 777 0 16 0 0 0 0 0 0 0 0 0 0 0 0 1 0 0 0 264 0 0 0 7 0 0 0 3 0 2 0 0 0 0 0 0 0 0 0 7 0 0 0 0 0 0 0 0 0 1 0 0 0 
0 7 0 0 25 1001 0 0 16 0 5 0 0 0 0 0 104 0 0 82 0 0 3737 0 2848 3721 0 0 3980 0 13 81350 0 0 0 2481 23 0 0 0 0 0 0 22 459 0 0 6 0 0 0 0 21 0 0 0 0 0 0 0 19 0 0 19 0 0 608 0 1133 0 13 0 0 0 437 0 918 0 7 0 0 0 0 0 0 1 0 0 0 0 0 1 0 0 0 140 0 0 0 4 0 0 0 6 0 1 0 0 0 0 0 0 0 0 0 6 0 0 0 0 0 0 0 0 0 0 0 0 0 
0 3 0 0 16 311 0 0 3 0 0 0 0 0 0 0 56 0 0 23 0 0 554 0 735 2349 0 0 1708 0 1 31632 0 0 0 1459 26 0 0 0 0 0 0 4 33 0 0 4 0 0 0 0 16 0 0 0 0 0 0 0 15 0 0 0 0 0 0 0 606 0 0 0 0 0 0 0 597 0 0 0 0 0 0 0 0 0 0 0 0 0 0 0 0 0 0 0 0 0 0 0 0 0 0 0 0 0 0 0 0 0 0 0 0 0 0 0 0 0 0 0 0 0 0 0 0 0 0 0 0 
0 6 0 0 31 873 0 0 9 0 7 0 0 0 0 0 94 0 0 54 0 0 2022 0 2244 4135 0 0 3148 0 3 82452 0 0 0 3620 42 0 0 0 0 0 0 19 223 0 0 12 0 0 0 0 26 0 0 0 0 0 0 0 31 0 0 11 0 0 981 0 1102 0 20 0 0 0 909 0 1027 0 27 0 0 0 0 0 0 2 0 0 0 0 0 3 0 0 0 231 0 0 0 10 0 0 0 10 0 5 0 0 0 0 0 0 0 0 0 5 0 0 0 0 0 0 0 0 0 0 0 0 0 
0 7 0 0 32 1197 0 0 13 0 9 0 0 0 0 0 97 0 0 77 0 0 3137 0 2622 4450 0 0 3836 0 7 121764 0 0 0 4253 46 0 0 0 0 0 0 22 395 0 0 10 0 0 0 0 33 0 0 0 0 0 0 0 28 0 0 21 0 0 1265 0 1359 0 27 0 0 0 1161 0 1460 0 20 0 0 0 0 0 0 2 0 0 0 0 0 2 0 0 0 589 0 0 0 9 0 0 0 14 0 5 0 0 0 0 0 0 0 0 0 15 0 0 0 0 0 0 0 0 0 3 0 0 0 
0 10 0 0 37 1418 0 0 26 0 22 0 0 0 0 0 98 0 0 138 0 0 5556 0 3086 4902 0 0 4438 0 20 130789 0 0 0 4428 46 0 0 0 0 0 0 30 515 0 0 16 0 0 0 0 29 0 0 0 0 0 0 0 23 0 0 63 0 0 3084 0 1393 0 50 0 0 0 2444 0 1509 0 41 0 0 0 0 0 0 12 0 0 0 0 0 8 0 0 0 821 0 0 0 22 0 0 0 18 0 27 0 0 0 0 0 0 0 0 0 22 0 0 5 0 0 0 0 0 0 12 0 0 0 
0 7 0 0 40 1095 0 0 15 0 6 0 0 0 0 0 92 0 0 94 0 0 3365 0 2392 4939 0 0 4265 0 16 109689 0 0 0 5088 71 0 0 0 0 0 0 39 459 0 0 24 0 0 0 0 41 0 0 0 0 0 0 0 36 0 0 8 0 0 1337 0 1588 0 30 0 0 0 492 0 1550 0 16 0 0 0 0 0 0 6 0 0 0 0 0 1 0 0 0 210 0 0 0 13 0 0 0 3 0 4 0 0 0 0 0 0 0 0 0 10 0 0 0 0 0 0 0 0 0 0 0 0 0 
0 8 0 0 34 1250 0 0 19 0 11 0 0 0 0 0 88 0 0 120 0 0 4373 0 2823 4190 0 0 3830 0 20 130093 0 0 0 3924 43 0 0 0 0 0 0 21 296 0 0 16 0 0 0 0 33 0 0 0 0 0 0 0 23 0 0 26 0 0 1397 0 1668 0 28 0 0 0 1819 0 1282 0 24 0 0 0 0 0 0 2 0 0 0 0 0 10 0 0 0 617 0 0 0 12 0 0 0 11 0 7 0 0 0 0 0 0 0 0 0 12 0 0 1 0 0 0 0 0 0 2 0 0 0 
0 10 0 0 41 1374 0 0 30 0 18 0 0 0 0 0 103 0 0 156 0 0 5938 0 2776 5741 0 0 5000 0 39 134930 0 0 0 3950 53 0 0 0 0 0 0 48 678 0 0 28 0 0 0 0 28 0 0 0 0 0 0 0 34 0 0 52 0 0 2955 0 1706 0 36 0 0 0 2027 0 1187 0 43 0 0 0 0 0 0 14 0 0 0 0 0 9 0 0 0 615 0 0 0 26 0 0 0 16 0 23 0 0 0 0 0 0 0 0 0 14 0 0 2 0 0 0 0 0 0 7 0 0 0 
0 8 0 0 40 1150 0 0 17 0 11 0 0 0 0 0 122 0 0 107 0 0 3447 0 2398 6062 0 0 3416 0 13 108819 0 0 0 4558 55 0 0 0 0 0 0 18 377 0 0 25 0 0 0 0 30 0 0 0 0 0 0 0 37 0 0 24 0 0 1728 0 1211 0 33 0 0 0 1147 0 1649 0 20 0 0 0 0 0 0 6 0 0 0 0 0 3 0 0 0 470 0 0 0 12 0 0 0 15 0 6 0 0 0 0 0 0 0 0 0 27 0 0 0 0 0 0 0 0 0 4 0 0 0 
0 9 0 0 39 1377 0 0 22 0 16 0 0 0 0 0 103 0 0 120 0 0 4737 0 3182 4807 0 0 3944 0 21 134979 0 0 0 4796 49 0 0 0 0 0 0 31 586 0 0 25 0 0 0 0 31 0 0 0 0 0 0 0 29 0 0 33 0 0 2681 0 1463 0 53 0 0 0 1826 0 1301 0 46 0 0 0 0 0 0 11 0 0 0 0 0 7 0 0 0 735 0 0 0 15 0 0 0 10 0 21 0 0 0 0 0 0 0 0 0 13 0 0 0 0 0 0 0 0 0 6 0 0 0 
0 4 0 0 18 571 0 0 4 0 2 0 0 0 0 0 60 0 0 26 0 0 904 0 1330 2611 0 0 2216 0 0 66861 0 0 0 2138 25 0 0 0 0 0 0 7 116 0 0 2 0 0 0 0 23 0 0 0 0 0 0 0 19 0 0 4 0 0 36 0 1051 0 5 0 0 0 490 0 640 0 7 0 0 0 0 0 0 0 0 0 0 0 0 0 0 0 0 21 0 0 0 1 0 0 0 2 0 0 0 0 0 0 0 0 0 0 0 2 0 0 0 0 0 0 0 0 0 0 0 0 0 
0 7 0 0 34 894 0 0 15 0 6 0 0 0 0 0 114 0 0 90 0 0 2626 0 2146 5412 0 0 3698 0 13 86219 0 0 0 2820 50 0 0 0 0 0 0 22 305 0 0 21 0 0 0 0 27 0 0 0 0 0 0 0 35 0 0 15 0 0 897 0 1217 0 10 0 0 0 620 0 849 0 20 0 0 0 0 0 0 1 0 0 0 0 0 1 0 0 0 295 0 0 0 9 0 0 0 4 0 4 0 0 0 0 0 0 0 0 0 8 0 0 0 0 0 0 0 0 0 1 0 0 0 
0 10 0 0 36 1269 0 0 31 0 16 0 0 0 0 0 115 0 0 172 0 0 6178 0 3526 4068 0 0 4409 0 38 105746 0 0 0 3860 39 0 0 0 0 0 0 31 471 0 0 11 0 0 0 0 21 0 0 0 0 0 0 0 22 0 0 63 0 0 2075 0 1096 0 41 0 0 0 1705 0 870 0 36 0 0 0 0 0 0 8 0 0 0 0 0 7 0 0 0 484 0 0 0 12 0 0 0 9 0 18 0 0 0 0 0 0 0 0 0 9 0 0 0 0 0 0 0 0 0 3 0 0 0 
0 8 0 0 39 963 0 0 21 0 7 0 0 0 0 0 120 0 0 129 0 0 3496 0 2244 6157 0 0 4164 0 26 87769 0 0 0 3042 56 0 0 0 0 0 0 32 387 0 0 29 0 0 0 0 27 0 0 0 0 0 0 0 38 0 0 20 0 0 1116 0 1249 0 11 0 0 0 664 0 912 0 24 0 0 0 0 0 0 1 0 0 0 0 0 2 0 0 0 334 0 0 0 10 0 0 0 7 0 5 0 0 0 0 0 0 0 0 0 9 0 0 0 0 0 0 0 0 0 2 0 0 0 
0 8 0 0 38 1197 0 0 18 0 10 0 0 0 0 0 118 0 0 107 0 0 3511 0 2456 5372 0 0 3783 0 18 127788 0 0 0 4092 57 0 0 0 0 0 0 23 433 0 0 20 0 0 0 0 29 0 0 0 0 0 0 0 28 0 0 21 0 0 1762 0 1637 0 18 0 0 0 1181 0 1149 0 31 0 0 0 0 0 0 2 0 0 0 0 0 3 0 0 0 511 0 0 0 17 0 0 0 12 0 7 0 0 0 0 0 0 0 0 0 16 0 0 0 0 0 0 0 0 0 5 0 0 0 
0 7 0 0 30 858 0 0 16 0 5 0 0 0 0 0 106 0 0 92 0 0 2811 0 2134 4611 0 0 3434 0 15 84726 0 0 0 2520 39 0 0 0 0 0 0 15 262 0 0 17 0 0 0 0 26 0 0 0 0 0 0 0 28 0 0 16 0 0 683 0 1219 0 7 0 0 0 587 0 781 0 16 0 0 0 0 0 0 0 0 0 0 0 0 1 0 0 0 264 0 0 0 7 0 0 0 3 0 2 0 0 0 0 0 0 0 0 0 7 0 0 0 0 0 0 0 0 0 1 0 0 0 
0 7 0 0 30 1298 0 0 8 0 14 0 0 0 0 0 79 0 0 47 0 0 2007 0 3029 3315 0 0 4220 0 1 137391 0 0 0 4607 45 0 0 0 0 0 0 11 341 0 0 9 0 0 0 0 32 0 0 0 0 0 0 0 24 0 0 11 0 0 2347 0 1524 0 56 0 0 0 1704 0 1270 0 31 0 0 0 0 0 0 5 0 0 0 0 0 6 0 0 0 785 0 0 0 5 0 0 0 10 0 7 0 0 0 0 0 0 0 0 0 13 0 0 0 0 0 0 0 0 0 10 0 0 0 
0 9 0 0 32 1666 0 0 18 0 21 0 0 0 0 0 82 0 0 71 0 0 4519 0 3184 3830 0 0 4789 0 11 187356 0 0 0 4683 35 0 0 0 0 0 0 33 729 0 0 19 0 0 0 0 28 0 0 0 0 0 0 0 14 0 0 32 0 0 3287 0 1945 0 47 0 0 0 2893 0 1220 0 46 0 0 0 0 0 0 7 0 0 0 0 0 17 0 0 0 1192 0 0 0 18 0 0 0 17 0 24 0 0 0 0 0 0 0 0 0 19 0 0 3 0 0 0 0 0 0 12 0 0 0 
0 6 0 0 28 815 0 0 13 0 2 0 0 0 0 0 82 0 0 84 0 0 2875 0 2122 4016 0 0 3701 0 12 64635 0 0 0 2971 34 0 0 0 0 0 0 24 307 0 0 9 0 0 0 0 30 0 0 0 0 0 0 0 27 0 0 8 0 0 333 0 1007 0 6 0 0 0 140 0 1078 0 4 0 0 0 0 0 0 0 0 0 0 0 0 0 0 0 0 45 0 0 0 3 0 0 0 1 0 0 0 0 0 0 0 0 0 0 0 4 0 0 0 0 0 0 0 0 0 0 0 0 0 
0 5 0 0 26 309 0 0 8 0 2 0 0 0 0 0 102 0 0 61 0 0 784 0 1249 4119 0 0 1782 0 5 12258 0 0 0 1229 42 0 0 0 0 0 0 9 37 0 0 9 0 0 0 0 12 0 0 0 0 0 0 0 29 0 0 4 0 0 186 0 156 0 9 0 0 0 177 0 269 0 9 0 0 0 0 0 0 0 0 0 0 0 0 0 0 0 0 3 0 0 0 0 0 0 0 1 0 1 0 0 0 0 0 0 0 0 0 0 0 0 0 0 0 0 0 0 0 0 0 0 0 
0 10 0 0 45 1199 0 0 32 0 13 0 0 0 0 0 132 0 0 179 0 0 5488 0 2537 7054 0 0 5287 0 46 107154 0 0 0 3437 58 0 0 0 0 0 0 60 619 0 0 37 0 0 0 0 33 0 0 0 0 0 0 0 37 0 0 47 0 0 2098 0 1517 0 21 0 0 0 1120 0 1184 0 34 0 0 0 0 0 0 7 0 0 0 0 0 6 0 0 0 397 0 0 0 23 0 0 0 9 0 11 0 0 0 0 0 0 0 0 0 16 0 0 0 0 0 0 0 0 0 3 0 0 0 
30 3 0 86 14 354 435 163 3 0 0 0 4 0 0 333 51 0 340 20 792 19556 599 3639 998 2163 10143 0 1375 242 1 24281 4060 0 1190 1409 21 82 0 0 0 72 0 3 53 544 65 3 0 0 0 0 18 0 0 0 0 0 0 0 21 0 16 0 180 410 0 0 356 11 0 0 0 0 0 114 661 0 0 8 0 0 0 0 0 0 2 0 0 0 0 0 0 0 1 0 0 0 0 0 0 0 0 0 0 0 4 0 0 0 0 0 0 0 0 0 0 0 0 0 0 0 0 0 0 0 0 0 0 
0 3 0 0 13 244 0 0 3 0 0 0 0 0 0 0 47 0 0 22 0 0 439 0 865 1798 0 0 1396 0 1 11051 0 0 0 826 19 0 0 0 0 0 0 4 24 0 0 1 0 0 0 0 6 0 0 0 0 0 0 0 16 0 0 0 0 0 0 0 182 0 0 0 0 0 0 0 199 0 0 0 0 0 0 0 0 0 0 0 0 0 0 0 0 0 0 0 0 0 0 0 0 0 0 0 0 0 0 0 0 0 0 0 0 0 0 0 0 0 0 0 0 0 0 0 0 0 0 0 0 
0 4 0 0 21 692 0 0 4 0 3 0 0 0 0 0 58 0 0 25 0 0 1029 0 1564 2326 0 0 2768 0 1 85021 0 0 0 3684 44 0 0 0 0 0 0 8 59 0 0 2 0 0 0 0 19 0 0 0 0 0 0 0 24 0 0 3 0 0 470 0 1196 0 10 0 0 0 477 0 948 0 9 0 0 0 0 0 0 0 0 0 0 0 0 1 0 0 0 156 0 0 0 6 0 0 0 8 0 1 0 0 0 0 0 0 0 0 0 4 0 0 0 0 0 0 0 0 0 0 0 0 0 
0 3 0 0 12 216 0 0 2 0 1 0 0 0 0 0 46 0 0 16 0 0 273 0 734 2095 0 0 1630 0 0 8244 0 0 0 714 16 0 0 0 0 0 0 1 23 0 0 1 0 0 0 0 8 0 0 0 0 0 0 0 13 0 0 1 0 0 55 0 151 0 1 0 0 0 50 0 273 0 3 0 0 0 0 0 0 0 0 0 0 0 0 0 0 0 0 4 0 0 0 1 0 0 0 0 0 0 0 0 0 0 0 0 0 0 0 0 0 0 0 0 0 0 0 0 0 0 0 0 0 
0 2 0 0 8 163 0 0 1 0 0 0 0 0 0 0 32 0 0 6 0 0 139 0 559 1588 0 0 966 0 0 6913 0 0 0 553 13 0 0 0 0 0 0 0 12 0 0 1 0 0 0 0 5 0 0 0 0 0 0 0 9 0 0 0 0 0 0 0 111 0 0 0 0 0 0 0 222 0 0 0 0 0 0 0 0 0 0 0 0 0 0 0 0 0 0 0 0 0 0 0 0 0 0 0 0 0 0 0 0 0 0 0 0 0 0 0 0 0 0 0 0 0 0 0 0 0 0 0 0 
0 6 0 0 21 630 0 0 12 0 3 0 0 0 0 0 101 0 0 64 0 0 2099 0 2184 3613 0 0 2353 0 10 40017 0 0 0 1669 18 0 0 0 0 0 0 6 149 0 0 5 0 0 0 0 13 0 0 0 0 0 0 0 21 0 0 8 0 0 343 0 480 0 10 0 0 0 270 0 618 0 9 0 0 0 0 0 0 0 0 0 0 0 0 0 0 0 0 66 0 0 0 2 0 0 0 2 0 2 0 0 0 0 0 0 0 0 0 2 0 0 0 0 0 0 0 0 0 0 0 0 0 
0 4 0 0 13 405 0 0 3 0 5 0 0 0 0 0 58 0 0 12 0 0 484 0 1403 1966 0 0 1817 0 0 23162 0 0 0 1019 14 0 0 0 0 0 0 3 19 0 0 0 0 0 0 0 9 0 0 0 0 0 0 0 9 0 0 5 0 0 530 0 258 0 14 0 0 0 475 0 269 0 16 0 0 0 0 0 0 0 0 0 0 0 0 0 0 0 0 90 0 0 0 3 0 0 0 2 0 0 0 0 0 0 0 0 0 0 0 2 0 0 1 0 0 0 0 0 0 3 0 0 0 
0 7 0 0 27 1089 0 0 17 0 4 0 0 0 0 0 69 0 0 81 0 0 3972 0 2453 3470 0 0 4074 0 19 109374 0 0 0 3871 38 0 0 0 0 0 0 28 381 0 0 9 0 0 0 0 30 0 0 0 0 0 0 0 22 0 0 13 0 0 758 0 1533 0 11 0 0 0 483 0 1315 0 3 0 0 0 0 0 0 0 0 0 0 0 0 0 0 0 0 265 0 0 0 8 0 0 0 9 0 2 0 0 0 0 0 0 0 0 0 9 0 0 0 0 0 0 0 0 0 1 0 0 0 
0 2 0 0 4 280 0 0 1 0 0 0 0 0 0 0 14 0 0 2 0 0 262 0 1000 503 0 0 1254 0 0 25462 0 0 0 599 3 0 0 0 0 0 0 0 9 0 0 1 0 0 0 0 4 0 0 0 0 0 0 0 0 0 0 0 0 0 0 0 402 0 0 0 0 0 0 0 118 0 0 0 0 0 0 0 0 0 0 0 0 0 0 0 0 0 0 0 0 0 0 0 0 0 0 0 0 0 0 0 0 0 0 0 0 0 0 0 0 0 0 0 0 0 0 0 0 0 0 0 0 
0 5 0 0 20 953 0 0 8 0 3 0 0 0 0 0 60 0 0 40 0 0 2208 0 2305 2037 0 0 3336 0 5 106932 0 0 0 3615 33 0 0 0 0 0 0 15 287 0 0 2 0 0 0 0 25 0 0 0 0 0 0 0 14 0 0 6 0 0 459 0 1421 0 9 0 0 0 472 0 1023 0 11 0 0 0 0 0 0 0 0 0 0 0 0 1 0 0 0 311 0 0 0 2 0 0 0 2 0 1 0 0 0 0 0 0 0 0 0 6 0 0 0 0 0 0 0 0 0 0 0 0 0 
0 6 0 0 27 900 0 0 14 0 1 0 0 0 0 0 74 0 0 64 0 0 3362 0 2163 4366 0 0 3729 0 16 78653 0 0 0 3139 34 0 0 0 0 0 0 23 326 0 0 22 0 0 0 0 30 0 0 0 0 0 0 0 33 0 0 4 0 0 124 0 1197 0 2 0 0 0 156 0 1119 0 3 0 0 0 0 0 0 0 0 0 0 0 0 0 0 0 0 94 0 0 0 2 0 0 0 0 0 0 0 0 0 0 0 0 0 0 0 1 0 0 0 0 0 0 0 0 0 0 0 0 0 
0 7 0 0 24 1256 0 0 13 0 10 0 0 0 0 0 76 0 0 56 0 0 3430 0 2906 2855 0 0 4332 0 7 126560 0 0 0 3790 30 0 0 0 0 0 0 20 538 0 0 2 0 0 0 0 22 0 0 0 0 0 0 0 12 0 0 22 0 0 1242 0 1637 0 19 0 0 0 1510 0 1147 0 24 0 0 0 0 0 0 1 0 0 0 0 0 2 0 0 0 480 0 0 0 13 0 0 0 11 0 8 0 0 0 0 0 0 0 0 0 10 0 0 1 0 0 0 0 0 0 5 0 0 0 
0 9 0 0 40 1123 0 0 27 0 10 0 0 0 0 0 91 0 0 158 0 0 5236 0 2294 6011 0 0 4234 0 34 100901 0 0 0 4578 48 0 0 0 0 0 0 37 415 0 0 22 0 0 0 0 41 0 0 0 0 0 0 0 49 0 0 40 0 0 1556 0 1213 0 35 0 0 0 971 0 1544 0 20 0 0 0 0 0 0 6 0 0 0 0 0 4 0 0 0 415 0 0 0 12 0 0 0 9 0 6 0 0 0 0 0 0 0 0 0 16 0 0 0 0 0 0 0 0 0 1 0 0 0 
0 8 0 0 29 1482 0 0 16 0 15 0 0 0 0 0 71 0 0 75 0 0 4213 0 3122 2876 0 0 4203 0 13 159734 0 0 0 4755 34 0 0 0 0 0 0 22 568 0 0 7 0 0 0 0 26 0 0 0 0 0 0 0 19 0 0 23 0 0 2336 0 1787 0 39 0 0 0 2285 0 1283 0 39 0 0 0 0 0 0 3 0 0 0 0 0 11 0 0 0 812 0 0 0 19 0 0 0 12 0 15 0 0 0 0 0 0 0 0 0 8 0 0 3 0 0 0 0 0 0 7 0 0 0 
0 3 0 0 14 430 0 0 3 0 0 0 0 0 0 0 44 0 0 18 0 0 737 0 1282 1195 0 0 1694 0 1 45366 0 0 0 2433 31 0 0 0 0 0 0 8 58 0 0 1 0 0 0 0 12 0 0 0 0 0 0 0 13 0 0 0 0 0 0 0 646 0 0 0 0 0 0 0 523 0 0 0 0 0 0 0 0 0 0 0 0 0 0 0 0 0 0 0 0 0 0 0 0 0 0 0 0 0 0 0 0 0 0 0 0 0 0 0 0 0 0 0 0 0 0 0 0 0 0 0 0 
0 8 0 0 30 1469 0 0 19 0 9 0 0 0 0 0 79 0 0 84 0 0 5026 0 2946 2973 0 0 4460 0 19 159086 0 0 0 5194 42 0 0 0 0 0 0 30 674 0 0 11 0 0 0 0 32 0 0 0 0 0 0 0 23 0 0 23 0 0 1441 0 1811 0 28 0 0 0 1202 0 1218 0 21 0 0 0 0 0 0 3 0 0 0 0 0 4 0 0 0 616 0 0 0 10 0 0 0 9 0 4 0 0 0 0 0 0 0 0 0 7 0 0 0 0 0 0 0 0 0 3 0 0 0 
0 5 0 0 19 403 0 0 7 0 4 0 0 0 0 0 81 0 0 39 0 0 898 0 1432 3004 0 0 1506 0 4 21982 0 0 0 1108 19 0 0 0 0 0 0 3 30 0 0 4 0 0 0 0 6 0 0 0 0 0 0 0 17 0 0 4 0 0 517 0 262 0 11 0 0 0 278 0 298 0 10 0 0 0 0 0 0 3 0 0 0 0 0 0 0 0 0 64 0 0 0 6 0 0 0 2 0 2 0 0 0 0 0 0 0 0 0 2 0 0 0 0 0 0 0 0 0 0 0 0 0 
0 4 0 0 15 410 0 0 6 0 0 0 0 0 0 0 51 0 0 34 0 0 1092 0 1382 1890 0 0 1753 0 4 22615 0 0 0 1316 15 0 0 0 0 0 0 8 65 0 0 2 0 0 0 0 9 0 0 0 0 0 0 0 13 0 0 0 0 0 0 0 263 0 0 0 0 0 0 0 420 0 0 0 0 0 0 0 0 0 0 0 0 0 0 0 0 0 0 0 0 0 0 0 0 0 0 0 0 0 0 0 0 0 0 0 0 0 0 0 0 0 0 0 0 0 0 0 0 0 0 0 0 
0 3 0 0 17 529 0 0 2 0 1 0 0 0 0 0 47 0 0 13 0 0 536 0 1362 1984 0 0 2310 0 0 58220 0 0 0 2974 38 0 0 0 0 0 0 4 25 0 0 1 0 0 0 0 21 0 0 0 0 0 0 0 22 0 0 1 0 0 220 0 859 0 5 0 0 0 120 0 915 0 4 0 0 0 0 0 0 0 0 0 0 0 0 0 0 0 0 63 0 0 0 2 0 0 0 2 0 0 0 0 0 0 0 0 0 0 0 2 0 0 0 0 0 0 0 0 0 0 0 0 0 
0 4 0 0 22 618 0 0 5 0 2 0 0 0 0 0 78 0 0 31 0 0 1209 0 1394 2901 0 0 2394 0 2 61754 0 0 0 2754 32 0 0 0 0 0 0 9 145 0 0 8 0 0 0 0 27 0 0 0 0 0 0 0 28 0 0 4 0 0 293 0 909 0 7 0 0 0 293 0 898 0 7 0 0 0 0 0 0 0 0 0 0 0 0 0 0 0 0 50 0 0 0 4 0 0 0 4 0 0 0 0 0 0 0 0 0 0 0 2 0 0 0 0 0 0 0 0 0 0 0 0 0 
0 5 0 0 28 870 0 0 9 0 1 0 0 0 0 0 77 0 0 62 0 0 2432 0 2126 3577 0 0 3657 0 7 77278 0 0 0 3624 43 0 0 0 0 0 0 22 314 0 0 12 0 0 0 0 37 0 0 0 0 0 0 0 34 0 0 3 0 0 175 0 1232 0 1 0 0 0 140 0 1204 0 4 0 0 0 0 0 0 0 0 0 0 0 0 0 0 0 0 42 0 0 0 2 0 0 0 2 0 0 0 0 0 0 0 0 0 0 0 1 0 0 0 0 0 0 0 0 0 0 0 0 0 
0 7 0 0 34 1169 0 0 13 0 11 0 0 0 0 0 93 0 0 75 0 0 3195 0 2438 4372 0 0 3726 0 9 113772 0 0 0 4589 45 0 0 0 0 0 0 25 419 0 0 18 0 0 0 0 37 0 0 0 0 0 0 0 42 0 0 21 0 0 1835 0 1214 0 37 0 0 0 1113 0 1360 0 28 0 0 0 0 0 0 6 0 0 0 0 0 3 0 0 0 623 0 0 0 11 0 0 0 11 0 6 0 0 0 0 0 0 0 0 0 7 0 0 1 0 0 0 0 0 0 6 0 0 0 
0 4 0 0 21 687 0 0 4 0 4 0 0 0 0 0 63 0 0 24 0 0 974 0 1829 2910 0 0 2587 0 1 60161 0 0 0 2596 30 0 0 0 0 0 0 12 154 0 0 6 0 0 0 0 26 0 0 0 0 0 0 0 27 0 0 4 0 0 527 0 766 0 10 0 0 0 527 0 984 0 10 0 0 0 0 0 0 1 0 0 0 0 0 1 0 0 0 238 0 0 0 5 0 0 0 5 0 2 0 0 0 0 0 0 0 0 0 4 0 0 0 0 0 0 0 0 0 0 0 0 0 
0 4 0 0 21 628 0 0 5 0 2 0 0 0 0 0 81 0 0 37 0 0 1125 0 1682 3295 0 0 2085 0 2 50689 0 0 0 2255 24 0 0 0 0 0 0 6 187 0 0 6 0 0 0 0 22 0 0 0 0 0 0 0 31 0 0 4 0 0 245 0 563 0 7 0 0 0 245 0 976 0 7 0 0 0 0 0 0 0 0 0 0 0 0 0 0 0 0 134 0 0 0 1 0 0 0 1 0 0 0 0 0 0 0 0 0 0 0 2 0 0 0 0 0 0 0 0 0 0 0 0 0 
0 7 0 0 32 1075 0 0 11 0 13 0 0 0 0 0 84 0 0 64 0 0 2434 0 2460 4410 0 0 3452 0 5 103290 0 0 0 4130 40 0 0 0 0 0 0 16 278 0 0 10 0 0 0 0 28 0 0 0 0 0 0 0 42 0 0 21 0 0 2153 0 1021 0 50 0 0 0 1212 0 1243 0 29 0 0 0 0 0 0 8 0 0 0 0 0 1 0 0 0 655 0 0 0 12 0 0 0 15 0 7 0 0 0 0 0 0 0 0 0 10 0 0 1 0 0 0 0 0 0 9 0 0 0 
0 7 0 0 29 1381 0 0 13 0 10 0 0 0 0 0 79 0 0 65 0 0 3681 0 2893 3155 0 0 4237 0 8 145962 0 0 0 4770 40 0 0 0 0 0 0 30 651 0 0 4 0 0 0 0 35 0 0 0 0 0 0 0 22 0 0 21 0 0 1633 0 1651 0 33 0 0 0 1185 0 1491 0 26 0 0 0 0 0 0 2 0 0 0 0 0 3 0 0 0 682 0 0 0 7 0 0 0 9 0 7 0 0 0 0 0 0 0 0 0 14 0 0 0 0 0 0 0 0 0 4 0 0 0 
0 3 0 0 20 590 0 0 2 0 1 0 0 0 0 0 63 0 0 15 0 0 530 0 1205 2692 0 0 2025 0 0 64890 0 0 0 3120 37 0 0 0 0 0 0 2 86 0 0 4 0 0 0 0 33 0 0 0 0 0 0 0 31 0 0 1 0 0 176 0 877 0 4 0 0 0 67 0 1044 0 2 0 0 0 0 0 0 0 0 0 0 0 0 0 0 0 0 116 0 0 0 2 0 0 0 2 0 0 0 0 0 0 0 0 0 0 0 3 0 0 0 0 0 0 0 0 0 0 0 0 0 
0 8 0 0 34 1266 0 0 13 0 17 0 0 0 0 0 96 0 0 68 0 0 2981 0 2778 4753 0 0 4114 0 5 122114 0 0 0 4246 43 0 0 0 0 0 0 20 288 0 0 14 0 0 0 0 33 0 0 0 0 0 0 0 24 0 0 23 0 0 2720 0 1319 0 50 0 0 0 1758 0 1582 0 41 0 0 0 0 0 0 12 0 0 0 0 0 3 0 0 0 757 0 0 0 16 0 0 0 13 0 12 0 0 0 0 0 0 0 0 0 23 0 0 4 0 0 0 0 0 0 9 0 0 0 
124 3 391 310 17 257 7563 648 3 2 0 64 60 2286 786 1290 62 1068 1029 26 2382 93277 465 57555 753 2308 25894 40237 486 884 1 11384 303225 17567 15949 1119 26 258 1734 12 123 497 497 3 23 10603 127 3 69 127 182 167 5 7 6 4 19 187 39 0 20 170 208 0 770 5554 0 6202 30 213 0 110 384 7116 0 5769 316 246 0 100 463 0 0 3 2 0 16 6 0 1 0 0 114 10 771 0 769 0 9 0 32 44 19 0 33 0 89 80 26 0 2 1 0 23 8 0 0 2 0 0 0 0 0 0 0 0 0 0 12 
0 2 0 0 13 182 0 0 1 0 0 0 0 0 0 0 60 0 0 13 0 0 172 0 680 2033 0 0 674 0 0 8662 0 0 0 904 26 0 0 0 0 0 0 0 5 0 0 0 0 0 0 0 8 0 0 0 0 0 0 0 16 0 0 0 0 0 0 0 57 0 0 0 0 0 0 0 202 0 0 0 0 0 0 0 0 0 0 0 0 0 0 0 0 0 0 0 0 0 0 0 0 0 0 0 0 0 0 0 0 0 0 0 0 0 0 0 0 0 0 0 0 0 0 0 0 0 0 0 0 
0 4 0 0 21 496 0 0 4 0 3 0 0 0 0 0 72 0 0 30 0 0 830 0 1503 2869 0 0 1917 0 1 35264 0 0 0 2126 31 0 0 0 0 0 0 9 118 0 0 3 0 0 0 0 13 0 0 0 0 0 0 0 20 0 0 3 0 0 258 0 464 0 5 0 0 0 320 0 697 0 5 0 0 0 0 0 0 1 0 0 0 0 0 0 0 0 0 39 0 0 0 2 0 0 0 2 0 1 0 0 0 0 0 0 0 0 0 9 0 0 0 0 0 0 0 0 0 0 0 0 0 
0 1 0 0 5 114 0 0 0 0 0 0 0 0 0 0 28 0 0 0 0 0 0 0 486 666 0 0 142 0 0 6408 0 0 0 440 6 0 0 0 0 0 0 0 0 0 0 0 0 0 0 0 2 0 0 0 0 0 0 0 6 0 0 0 0 0 0 0 33 0 0 0 0 0 0 0 128 0 0 0 0 0 0 0 0 0 0 0 0 0 0 0 0 0 0 0 0 0 0 0 0 0 0 0 0 0 0 0 0 0 0 0 0 0 0 0 0 0 0 0 0 0 0 0 0 0 0 0 0 
0 8 0 0 34 1492 0 0 18 0 11 0 0 0 0 0 93 0 0 108 0 0 4769 0 3139 3177 0 0 4205 0 17 157346 0 0 0 5553 46 0 0 0 0 0 0 24 648 0 0 7 0 0 0 0 32 0 0 0 0 0 0 0 29 0 0 23 0 0 1700 0 1644 0 34 0 0 0 1531 0 1299 0 26 0 0 0 0 0 0 2 0 0 0 0 0 8 0 0 0 747 0 0 0 11 0 0 0 15 0 8 0 0 0 0 0 0 0 0 0 11 0 0 0 0 0 0 0 0 0 4 0 0 0 
7 5 0 32 19 796 21 28 7 0 4 0 3 0 0 108 68 0 96 36 135 3054 1791 140 2379 2536 5112 0 2731 27 3 67834 35 0 87 2286 18 42 0 0 0 11 0 11 254 14 23 3 0 0 0 0 17 0 0 0 0 0 0 22 17 0 10 7 24 436 413 0 968 14 8 0 0 0 493 18 767 0 10 6 0 0 0 0 0 0 1 0 0 0 0 1 0 1 0 143 0 3 0 5 0 0 0 6 0 2 0 0 0 0 0 0 0 0 0 4 3 0 0 0 0 0 0 0 0 0 0 0 0 
0 6 0 0 27 1056 0 0 12 0 3 0 0 0 0 0 89 0 0 74 0 0 3208 0 2569 3421 0 0 3659 0 10 96971 0 0 0 3458 37 0 0 0 0 0 0 21 501 0 0 10 0 0 0 0 26 0 0 0 0 0 0 0 24 0 0 9 0 0 424 0 1385 0 7 0 0 0 385 0 1097 0 4 0 0 0 0 0 0 0 0 0 0 0 0 0 0 0 0 119 0 0 0 3 0 0 0 2 0 0 0 0 0 0 0 0 0 0 0 4 0 0 0 0 0 0 0 0 0 1 0 0 0 
0 7 0 0 36 948 0 0 14 0 8 0 0 0 0 0 107 0 0 99 0 0 2649 0 2373 5195 0 0 2401 0 11 84584 0 0 0 3982 44 0 0 0 0 0 0 16 318 0 0 18 0 0 0 0 23 0 0 0 0 0 0 0 52 0 0 14 0 0 1371 0 851 0 31 0 0 0 804 0 1114 0 21 0 0 0 0 0 0 6 0 0 0 0 0 2 0 0 0 342 0 0 0 10 0 0 0 8 0 7 0 0 0 0 0 0 0 0 0 7 0 0 0 0 0 0 0 0 0 0 0 0 0 
0 4 0 0 23 937 0 0 1 0 6 0 0 0 0 0 71 0 0 8 0 0 310 0 2151 2026 0 0 2353 0 0 118148 0 0 0 4674 45 0 0 0 0 0 0 1 48 0 0 0 0 0 0 0 27 0 0 0 0 0 0 0 23 0 0 0 0 0 1102 0 1361 0 26 0 0 0 854 0 1147 0 19 0 0 0 0 0 0 2 0 0 0 0 0 0 0 0 0 485 0 0 0 4 0 0 0 8 0 0 0 0 0 0 0 0 0 0 0 11 0 0 0 0 0 0 0 0 0 4 0 0 0 
0 8 0 0 31 1254 0 0 15 0 13 0 0 0 0 0 106 0 0 89 0 0 3563 0 2994 4250 0 0 3471 0 8 112709 0 0 0 3741 34 0 0 0 0 0 0 15 434 0 0 14 0 0 0 0 30 0 0 0 0 0 0 0 29 0 0 24 0 0 1962 0 1298 0 37 0 0 0 1391 0 1468 0 22 0 0 0 0 0 0 5 0 0 0 0 0 5 0 0 0 487 0 0 0 7 0 0 0 6 0 8 0 0 0 0 0 0 0 0 0 12 0 0 0 0 0 0 0 0 0 6 0 0 0 
0 4 0 0 19 433 0 0 5 0 1 0 0 0 0 0 73 0 0 33 0 0 893 0 1504 2966 0 0 1594 0 2 23556 0 0 0 1545 21 0 0 0 0 0 0 7 92 0 0 3 0 0 0 0 16 0 0 0 0 0 0 0 23 0 0 2 0 0 85 0 302 0 5 0 0 0 97 0 480 0 3 0 0 0 0 0 0 0 0 0 0 0 0 0 0 0 0 16 0 0 0 1 0 0 0 1 0 0 0 0 0 0 0 0 0 0 0 1 0 0 0 0 0 0 0 0 0 0 0 0 0 
0 9 0 0 39 1423 0 0 23 0 16 0 0 0 0 0 102 0 0 125 0 0 5307 0 2953 5776 0 0 3780 0 20 128117 0 0 0 4832 44 0 0 0 0 0 0 24 689 0 0 29 0 0 0 0 30 0 0 0 0 0 0 0 54 0 0 48 0 0 2414 0 1018 0 55 0 0 0 1773 0 1549 0 31 0 0 0 0 0 0 10 0 0 0 0 0 6 0 0 0 859 0 0 0 14 0 0 0 14 0 14 0 0 0 0 0 0 0 0 0 12 0 0 2 0 0 0 0 0 0 7 0 0 0 
0 6 0 0 27 1195 0 0 9 0 9 0 0 0 0 0 61 0 0 44 0 0 2491 0 2536 3168 0 0 3756 0 4 125128 0 0 0 4313 37 0 0 0 0 0 0 23 426 0 0 8 0 0 0 0 30 0 0 0 0 0 0 0 31 0 0 15 0 0 1403 0 1384 0 28 0 0 0 1164 0 1189 0 22 0 0 0 0 0 0 2 0 0 0 0 0 3 0 0 0 640 0 0 0 11 0 0 0 13 0 4 0 0 0 0 0 0 0 0 0 4 0 0 1 0 0 0 0 0 0 5 0 0 0 
0 4 0 0 23 795 0 0 3 0 3 0 0 0 0 0 79 0 0 21 0 0 896 0 1691 2989 0 0 2279 0 1 88296 0 0 0 3628 38 0 0 0 0 0 0 2 99 0 0 5 0 0 0 0 31 0 0 0 0 0 0 0 26 0 0 0 0 0 566 0 1181 0 10 0 0 0 374 0 1292 0 6 0 0 0 0 0 0 3 0 0 0 0 0 0 0 0 0 171 0 0 0 4 0 0 0 3 0 0 0 0 0 0 0 0 0 0 0 10 0 0 0 0 0 0 0 0 0 0 0 0 0 
0 8 0 0 35 1367 0 0 17 0 13 0 0 0 0 0 103 0 0 115 0 0 4019 0 3044 3862 0 0 3899 0 15 138174 0 0 0 4848 43 0 0 0 0 0 0 13 549 0 0 11 0 0 0 0 38 0 0 0 0 0 0 0 30 0 0 22 0 0 2214 0 1548 0 43 0 0 0 1652 0 1334 0 33 0 0 0 0 0 0 5 0 0 0 0 0 4 0 0 0 715 0 0 0 10 0 0 0 7 0 14 0 0 0 0 0 0 0 0 0 16 0 0 1 0 0 0 0 0 0 8 0 0 0 
0 7 0 0 31 1231 0 0 9 0 14 0 0 0 0 0 95 0 0 52 0 0 2115 0 3027 3936 0 0 3077 0 3 125409 0 0 0 4484 33 0 0 0 0 0 0 12 288 0 0 10 0 0 0 0 26 0 0 0 0 0 0 0 31 0 0 17 0 0 2476 0 1195 0 46 0 0 0 1597 0 1293 0 43 0 0 0 0 0 0 4 0 0 0 0 0 0 0 0 0 731 0 0 0 8 0 0 0 8 0 3 0 0 0 0 0 0 0 0 0 13 0 0 2 0 0 0 0 0 0 17 0 0 0 
0 5 0 0 32 822 0 0 7 0 4 0 0 0 0 0 80 0 0 48 0 0 1605 0 1701 4265 0 0 2770 0 4 83768 0 0 0 4182 53 0 0 0 0 0 0 18 190 0 0 14 0 0 0 0 35 0 0 0 0 0 0 0 44 0 0 4 0 0 778 0 1073 0 17 0 0 0 421 0 1269 0 14 0 0 0 0 0 0 3 0 0 0 0 0 0 0 0 0 283 0 0 0 8 0 0 0 7 0 2 0 0 0 0 0 0 0 0 0 5 0 0 0 0 0 0 0 0 0 0 0 0 0 
0 8 0 0 29 1260 0 0 18 0 12 0 0 0 0 0 99 0 0 85 0 0 4173 0 3148 4055 0 0 3535 0 15 118687 0 0 0 3619 23 0 0 0 0 0 0 19 624 0 0 10 0 0 0 0 17 0 0 0 0 0 0 0 24 0 0 26 0 0 1818 0 1380 0 29 0 0 0 1412 0 979 0 29 0 0 0 0 0 0 3 0 0 0 0 0 8 0 0 0 425 0 0 0 16 0 0 0 11 0 13 0 0 0 0 0 0 0 0 0 9 0 0 0 0 0 0 0 0 0 4 0 0 0 
0 4 0 0 23 529 0 0 4 0 3 0 0 0 0 0 87 0 0 35 0 0 733 0 1694 2266 0 0 1428 0 1 50610 0 0 0 2777 45 0 0 0 0 0 0 3 61 0 0 2 0 0 0 0 14 0 0 0 0 0 0 0 18 0 0 3 0 0 524 0 584 0 17 0 0 0 356 0 601 0 13 0 0 0 0 0 0 1 0 0 0 0 0 0 0 0 0 88 0 0 0 3 0 0 0 1 0 1 0 0 0 0 0 0 0 0 0 5 0 0 0 0 0 0 0 0 0 0 0 0 0 
0 8 0 0 30 1488 0 0 12 0 19 0 0 0 0 0 72 0 0 49 0 0 3203 0 3573 3367 0 0 3604 0 3 150563 0 0 0 4586 32 0 0 0 0 0 0 18 461 0 0 11 0 0 0 0 31 0 0 0 0 0 0 0 24 0 0 23 0 0 2973 0 1351 0 67 0 0 0 2512 0 1181 0 49 0 0 0 0 0 0 7 0 0 0 0 0 8 0 0 0 1038 0 0 0 12 0 0 0 10 0 18 0 0 0 0 0 0 0 0 0 9 0 0 1 0 0 0 0 0 0 15 0 0 0 
0 6 0 0 22 1151 0 0 5 0 12 0 0 0 0 0 78 0 0 27 0 0 1246 0 2888 2425 0 0 2960 0 1 127761 0 0 0 3631 21 0 0 0 0 0 0 4 285 0 0 1 0 0 0 0 26 0 0 0 0 0 0 0 16 0 0 4 0 0 2090 0 1383 0 35 0 0 0 1367 0 895 0 31 0 0 0 0 0 0 2 0 0 0 0 0 4 0 0 0 668 0 0 0 9 0 0 0 4 0 6 0 0 0 0 0 0 0 0 0 10 0 0 1 0 0 0 0 0 0 11 0 0 0 
0 4 0 0 16 584 0 0 5 0 1 0 0 0 0 0 60 0 0 29 0 0 1262 0 1837 1993 0 0 2503 0 2 50468 0 0 0 1641 16 0 0 0 0 0 0 10 158 0 0 1 0 0 0 0 13 0 0 0 0 0 0 0 13 0 0 2 0 0 45 0 752 0 3 0 0 0 106 0 518 0 2 0 0 0 0 0 0 0 0 0 0 0 0 0 0 0 0 7 0 0 0 1 0 0 0 1 0 0 0 0 0 0 0 0 0 0 0 1 0 0 0 0 0 0 0 0 0 0 0 0 0 
0 7 0 0 27 1112 0 0 15 0 7 0 0 0 0 0 90 0 0 77 0 0 3748 0 2659 3369 0 0 4372 0 11 99871 0 0 0 3200 23 0 0 0 0 0 0 27 483 0 0 7 0 0 0 0 30 0 0 0 0 0 0 0 22 0 0 24 0 0 966 0 1417 0 17 0 0 0 753 0 1129 0 20 0 0 0 0 0 0 0 0 0 0 0 0 1 0 0 0 246 0 0 0 7 0 0 0 6 0 3 0 0 0 0 0 0 0 0 0 5 0 0 0 0 0 0 0 0 0 1 0 0 0 
0 5 0 0 29 275 0 0 9 0 1 0 0 0 0 0 119 0 0 78 0 0 897 0 1061 4462 0 0 838 0 7 9803 0 0 0 1309 51 0 0 0 0 0 0 7 27 0 0 14 0 0 0 0 7 0 0 0 0 0 0 0 35 0 0 3 0 0 113 0 95 0 5 0 0 0 29 0 318 0 2 0 0 0 0 0 0 0 0 0 0 0 0 0 0 0 0 0 0 0 0 0 0 0 0 0 0 0 0 0 0 0 0 0 0 0 0 0 0 0 0 0 0 0 0 0 0 0 0 0 0 
0 5 0 0 25 1009 0 0 6 0 4 0 0 0 0 0 80 0 0 37 0 0 1736 0 2492 2294 0 0 2995 0 1 114444 0 0 0 4729 49 0 0 0 0 0 0 15 296 0 0 2 0 0 0 0 24 0 0 0 0 0 0 0 24 0 0 6 0 0 692 0 1370 0 18 0 0 0 445 0 1133 0 8 0 0 0 0 0 0 1 0 0 0 0 0 0 0 0 0 277 0 0 0 6 0 0 0 7 0 2 0 0 0 0 0 0 0 0 0 6 0 0 0 0 0 0 0 0 0 0 0 0 0 
0 9 0 0 35 1394 0 0 19 0 20 0 0 0 0 0 91 0 0 107 0 0 4300 0 3158 4289 0 0 3691 0 13 140775 0 0 0 4322 38 0 0 0 0 0 0 19 353 0 0 13 0 0 0 0 24 0 0 0 0 0 0 0 28 0 0 36 0 0 2732 0 1476 0 57 0 0 0 2943 0 1317 0 46 0 0 0 0 0 0 8 0 0 0 0 0 13 0 0 0 844 0 0 0 17 0 0 0 18 0 23 0 0 0 0 0 0 0 0 0 19 0 0 3 0 0 0 0 0 0 10 0 0 0 
0 7 0 0 32 1297 0 0 13 0 8 0 0 0 0 0 95 0 0 77 0 0 3571 0 2994 3230 0 0 3664 0 7 134809 0 0 0 5519 54 0 0 0 0 0 0 25 544 0 0 6 0 0 0 0 31 0 0 0 0 0 0 0 31 0 0 16 0 0 1369 0 1432 0 38 0 0 0 810 0 1357 0 14 0 0 0 0 0 0 4 0 0 0 0 0 2 0 0 0 458 0 0 0 9 0 0 0 7 0 6 0 0 0 0 0 0 0 0 0 10 0 0 0 0 0 0 0 0 0 0 0 0 0 
0 6 0 0 29 1051 0 0 8 0 7 0 0 0 0 0 85 0 0 52 0 0 1985 0 2274 3669 0 0 3305 0 3 106497 0 0 0 4226 43 0 0 0 0 0 0 10 226 0 0 5 0 0 0 0 31 0 0 0 0 0 0 0 29 0 0 8 0 0 1194 0 1361 0 21 0 0 0 820 0 1481 0 12 0 0 0 0 0 0 2 0 0 0 0 0 2 0 0 0 389 0 0 0 10 0 0 0 15 0 3 0 0 0 0 0 0 0 0 0 15 0 0 0 0 0 0 0 0 0 2 0 0 0 
0 6 0 0 21 765 0 0 9 0 6 0 0 0 0 0 99 0 0 51 0 0 1767 0 2558 3143 0 0 2300 0 3 58447 0 0 0 1819 20 0 0 0 0 0 0 6 173 0 0 2 0 0 0 0 12 0 0 0 0 0 0 0 13 0 0 11 0 0 769 0 687 0 16 0 0 0 595 0 676 0 13 0 0 0 0 0 0 2 0 0 0 0 0 0 0 0 0 167 0 0 0 5 0 0 0 3 0 3 0 0 0 0 0 0 0 0 0 6 0 0 1 0 0 0 0 0 0 0 0 0 0 
0 4 0 0 20 686 0 0 4 0 2 0 0 0 0 0 66 0 0 25 0 0 1057 0 1912 2692 0 0 2449 0 1 62063 0 0 0 2470 27 0 0 0 0 0 0 7 141 0 0 5 0 0 0 0 20 0 0 0 0 0 0 0 23 0 0 2 0 0 349 0 895 0 9 0 0 0 203 0 910 0 4 0 0 0 0 0 0 0 0 0 0 0 0 1 0 0 0 79 0 0 0 3 0 0 0 1 0 0 0 0 0 0 0 0 0 0 0 1 0 0 0 0 0 0 0 0 0 0 0 0 0 
0 6 0 0 31 584 0 0 11 0 5 0 0 0 0 0 115 0 0 91 0 0 1814 0 1696 4319 0 0 2518 0 7 39906 0 0 0 2651 48 0 0 0 0 0 0 11 146 0 0 6 0 0 0 0 21 0 0 0 0 0 0 0 27 0 0 13 0 0 684 0 588 0 21 0 0 0 264 0 726 0 12 0 0 0 0 0 0 1 0 0 0 0 0 2 0 0 0 34 0 0 0 6 0 0 0 4 0 1 0 0 0 0 0 0 0 0 0 7 0 0 0 0 0 0 0 0 0 0 0 0 0 
0 5 0 0 24 1039 0 0 5 0 6 0 0 0 0 0 68 0 0 26 0 0 1501 0 2334 3005 0 0 3653 0 1 111985 0 0 0 3911 40 0 0 0 0 0 0 15 332 0 0 5 0 0 0 0 29 0 0 0 0 0 0 0 25 0 0 4 0 0 978 0 1428 0 20 0 0 0 696 0 1375 0 11 0 0 0 0 0 0 1 0 0 0 0 0 3 0 0 0 340 0 0 0 6 0 0 0 5 0 4 0 0 0 0 0 0 0 0 0 9 0 0 0 0 0 0 0 0 0 0 0 0 0 
0 7 0 0 33 1129 0 0 13 0 10 0 0 0 0 0 93 0 0 83 0 0 3151 0 2551 4383 0 0 3714 0 7 106026 0 0 0 4022 44 0 0 0 0 0 0 23 339 0 0 11 0 0 0 0 39 0 0 0 0 0 0 0 38 0 0 24 0 0 1418 0 1123 0 34 0 0 0 1124 0 1322 0 29 0 0 0 0 0 0 4 0 0 0 0 0 1 0 0 0 516 0 0 0 9 0 0 0 7 0 7 0 0 0 0 0 0 0 0 0 8 0 0 0 0 0 0 0 0 0 2 0 0 0 
0 5 0 0 26 781 0 0 6 0 5 0 0 0 0 0 73 0 0 41 0 0 1461 0 1795 3590 0 0 3147 0 2 67317 0 0 0 3092 39 0 0 0 0 0 0 9 149 0 0 6 0 0 0 0 30 0 0 0 0 0 0 0 24 0 0 6 0 0 761 0 971 0 15 0 0 0 432 0 1318 0 9 0 0 0 0 0 0 3 0 0 0 0 0 1 0 0 0 185 0 0 0 6 0 0 0 4 0 1 0 0 0 0 0 0 0 0 0 11 0 0 0 0 0 0 0 0 0 0 0 0 0 
0 3 0 0 17 695 0 0 1 0 2 0 0 0 0 0 40 0 0 6 0 0 327 0 1491 2116 0 0 2592 0 0 82024 0 0 0 3111 31 0 0 0 0 0 0 5 90 0 0 0 0 0 0 0 31 0 0 0 0 0 0 0 22 0 0 0 0 0 351 0 1176 0 5 0 0 0 207 0 958 0 4 0 0 0 0 0 0 0 0 0 0 0 0 1 0 0 0 158 0 0 0 4 0 0 0 4 0 0 0 0 0 0 0 0 0 0 0 4 0 0 0 0 0 0 0 0 0 0 0 0 0 
0 8 0 0 31 1669 0 0 15 0 14 0 0 0 0 0 76 0 0 73 0 0 4359 0 3112 3141 0 0 4836 0 9 184216 0 0 0 5453 40 0 0 0 0 0 0 24 799 0 0 10 0 0 0 0 33 0 0 0 0 0 0 0 25 0 0 22 0 0 2224 0 1939 0 38 0 0 0 1927 0 1429 0 29 0 0 0 0 0 0 4 0 0 0 0 0 10 0 0 0 961 0 0 0 15 0 0 0 16 0 12 0 0 0 0 0 0 0 0 0 12 0 0 0 0 0 0 0 0 0 5 0 0 0 
0 3 0 0 16 670 0 0 0 0 4 0 0 0 0 0 44 0 0 0 0 0 0 0 1582 2147 0 0 2448 0 0 77046 0 0 0 2850 26 0 0 0 0 0 0 0 0 0 0 0 0 0 0 0 31 0 0 0 0 0 0 0 25 0 0 0 0 0 618 0 916 0 17 0 0 0 414 0 940 0 10 0 0 0 0 0 0 0 0 0 0 0 0 0 0 0 0 343 0 0 0 3 0 0 0 5 0 0 0 0 0 0 0 0 0 0 0 4 0 0 0 0 0 0 0 0 0 2 0 0 0 
198 4 910 531 20 555 19200 695 3 6 4 305 257 3218 1314 1903 35 1855 979 15 1953 84686 633 103027 937 2014 70511 138829 1117 742 0 40588 1222186 53987 35417 2127 22 267 2229 19 266 696 1085 3 68 15532 305 6 327 657 600 574 9 19 11 3 20 1029 988 338 26 618 443 2 513 37772 471 44913 310 1010 15 390 772 37302 351 32041 698 745 13 279 573 4 21 11 4 2 118 96 2 1 1 0 190 42 8797 201 6937 192 424 4 345 200 235 3 307 2 301 280 109 3 1 10 1 334 274 3 152 91 0 3 2 1 0 3 5 0 201 103 109 
0 4 0 0 18 889 0 0 2 0 5 0 0 0 0 0 45 0 0 9 0 0 613 0 2050 2229 0 0 3153 0 0 100588 0 0 0 3282 27 0 0 0 0 0 0 7 153 0 0 0 0 0 0 0 31 0 0 0 0 0 0 0 22 0 0 1 0 0 793 0 1248 0 17 0 0 0 553 0 982 0 10 0 0 0 0 0 0 0 0 0 0 0 0 2 0 0 0 385 0 0 0 5 0 0 0 7 0 1 0 0 0 0 0 0 0 0 0 5 0 0 0 0 0 0 0 0 0 2 0 0 0 
0 7 0 0 31 1519 0 0 10 0 14 0 0 0 0 0 61 0 0 49 0 0 2996 0 3154 2917 0 0 4623 0 4 170096 0 0 0 5781 44 0 0 0 0 0 0 24 518 0 0 5 0 0 0 0 33 0 0 0 0 0 0 0 27 0 0 17 0 0 2242 0 1710 0 46 0 0 0 1943 0 1268 0 40 0 0 0 0 0 0 5 0 0 0 0 0 5 0 0 0 1054 0 0 0 18 0 0 0 17 0 11 0 0 0 0 0 0 0 0 0 8 0 0 2 0 0 0 0 0 0 8 0 0 0 
0 5 0 0 26 858 0 0 6 0 5 0 0 0 0 0 63 0 0 41 0 0 1383 0 1986 3476 0 0 3373 0 2 87192 0 0 0 3569 37 0 0 0 0 0 0 16 137 0 0 4 0 0 0 0 34 0 0 0 0 0 0 0 36 0 0 7 0 0 843 0 956 0 23 0 0 0 487 0 1155 0 12 0 0 0 0 0 0 2 0 0 0 0 0 0 0 0 0 405 0 0 0 4 0 0 0 5 0 0 0 0 0 0 0 0 0 0 0 6 0 0 0 0 0 0 0 0 0 2 0 0 0 
0 4 0 0 21 810 0 0 2 0 5 0 0 0 0 0 61 0 0 12 0 0 613 0 1849 3102 0 0 2784 0 0 86721 0 0 0 3269 33 0 0 0 0 0 0 1 70 0 0 7 0 0 0 0 32 0 0 0 0 0 0 0 33 0 0 1 0 0 719 0 971 0 21 0 0 0 570 0 1166 0 8 0 0 0 0 0 0 0 0 0 0 0 0 2 0 0 0 382 0 0 0 3 0 0 0 6 0 1 0 0 0 0 0 0 0 0 0 5 0 0 0 0 0 0 0 0 0 2 0 0 0 
0 7 0 0 34 997 0 0 13 0 10 0 0 0 0 0 94 0 0 80 0 0 2973 0 2291 4951 0 0 3991 0 10 88181 0 0 0 3483 50 0 0 0 0 0 0 26 274 0 0 13 0 0 0 0 28 0 0 0 0 0 0 0 27 0 0 17 0 0 1397 0 1250 0 26 0 0 0 694 0 1329 0 24 0 0 0 0 0 0 5 0 0 0 0 0 3 0 0 0 349 0 0 0 11 0 0 0 9 0 8 0 0 0 0 0 0 0 0 0 16 0 0 0 0 0 0 0 0 0 3 0 0 0 
0 8 0 0 29 1657 0 0 8 0 25 0 0 0 0 0 56 0 0 31 0 0 2288 0 3545 2986 0 0 3902 0 0 188259 0 0 0 5283 31 0 0 0 0 0 0 16 406 0 0 3 0 0 0 0 25 0 0 0 0 0 0 0 22 0 0 18 0 0 4105 0 1544 0 71 0 0 0 3280 0 1178 0 61 0 0 0 0 0 0 7 0 0 0 0 0 9 0 0 0 1594 0 0 0 15 0 0 0 20 0 18 0 0 0 0 0 0 0 0 0 16 0 0 6 0 0 0 0 0 0 31 0 0 0 
0 3 0 0 16 670 0 0 0 0 4 0 0 0 0 0 44 0 0 0 0 0 0 0 1582 2147 0 0 2448 0 0 77046 0 0 0 2850 26 0 0 0 0 0 0 0 0 0 0 0 0 0 0 0 31 0 0 0 0 0 0 0 25 0 0 0 0 0 618 0 916 0 17 0 0 0 414 0 940 0 10 0 0 0 0 0 0 0 0 0 0 0 0 0 0 0 0 343 0 0 0 3 0 0 0 5 0 0 0 0 0 0 0 0 0 0 0 4 0 0 0 0 0 0 0 0 0 2 0 0 0 
0 6 0 0 38 581 0 0 11 0 6 0 0 0 0 0 116 0 0 87 0 0 1623 0 1397 6214 0 0 2659 0 7 33117 0 0 0 2737 69 0 0 0 0 0 0 17 218 0 0 22 0 0 0 0 28 0 0 0 0 0 0 0 52 0 0 15 0 0 600 0 477 0 16 0 0 0 364 0 882 0 15 0 0 0 0 0 0 2 0 0 0 0 0 2 0 0 0 111 0 0 0 5 0 0 0 3 0 3 0 0 0 0 0 0 0 0 0 14 0 0 0 0 0 0 0 0 0 0 0 0 0 
0 2 0 0 16 232 0 0 1 0 0 0 0 0 0 0 50 0 0 10 0 0 202 0 559 2504 0 0 1327 0 0 17638 0 0 0 1255 36 0 0 0 0 0 0 4 13 0 0 2 0 0 0 0 18 0 0 0 0 0 0 0 22 0 0 0 0 0 0 0 328 0 0 0 0 0 0 0 583 0 0 0 0 0 0 0 0 0 0 0 0 0 0 0 0 0 0 0 0 0 0 0 0 0 0 0 0 0 0 0 0 0 0 0 0 0 0 0 0 0 0 0 0 0 0 0 0 0 0 0 0 
0 4 0 0 24 855 0 0 1 0 6 0 0 0 0 0 69 0 0 7 0 0 267 0 2025 2815 0 0 2828 0 0 95869 0 0 0 4074 45 0 0 0 0 0 0 1 29 0 0 1 0 0 0 0 27 0 0 0 0 0 0 0 23 0 0 0 0 0 1159 0 1124 0 24 0 0 0 749 0 1315 0 17 0 0 0 0 0 0 2 0 0 0 0 0 0 0 0 0 428 0 0 0 5 0 0 0 7 0 0 0 0 0 0 0 0 0 0 0 13 0 0 0 0 0 0 0 0 0 4 0 0 0 
0 4 0 0 26 804 0 0 3 0 4 0 0 0 0 0 54 0 0 22 0 0 746 0 1668 3372 0 0 2861 0 1 85656 0 0 0 4065 44 0 0 0 0 0 0 11 137 0 0 5 0 0 0 0 33 0 0 0 0 0 0 0 37 0 0 0 0 0 729 0 1048 0 17 0 0 0 468 0 1259 0 13 0 0 0 0 0 0 3 0 0 0 0 0 0 0 0 0 332 0 0 0 8 0 0 0 7 0 2 0 0 0 0 0 0 0 0 0 5 0 0 0 0 0 0 0 0 0 0 0 0 0 
0 6 0 0 25 768 0 0 7 0 8 0 0 0 0 0 84 0 0 34 0 0 1510 0 2216 4468 0 0 2796 0 2 59385 0 0 0 2279 22 0 0 0 0 0 0 7 163 0 0 10 0 0 0 0 20 0 0 0 0 0 0 0 35 0 0 8 0 0 1092 0 819 0 25 0 0 0 662 0 978 0 13 0 0 0 0 0 0 2 0 0 0 0 0 2 0 0 0 118 0 0 0 6 0 0 0 4 0 2 0 0 0 0 0 0 0 0 0 11 0 0 2 0 0 0 0 0 0 2 0 0 0 
0 8 0 0 28 1179 0 0 19 0 9 0 0 0 0 0 103 0 0 90 0 0 4545 0 3070 3720 0 0 3643 0 15 99690 0 0 0 2848 25 0 0 0 0 0 0 20 522 0 0 13 0 0 0 0 24 0 0 0 0 0 0 0 21 0 0 30 0 0 1112 0 1271 0 24 0 0 0 1072 0 1162 0 19 0 0 0 0 0 0 1 0 0 0 0 0 2 0 0 0 226 0 0 0 6 0 0 0 6 0 6 0 0 0 0 0 0 0 0 0 8 0 0 1 0 0 0 0 0 0 1 0 0 0 
0 4 0 0 25 917 0 0 1 0 6 0 0 0 0 0 51 0 0 6 0 0 299 0 1881 3088 0 0 3192 0 0 106987 0 0 0 4243 44 0 0 0 0 0 0 6 38 0 0 2 0 0 0 0 35 0 0 0 0 0 0 0 27 0 0 0 0 0 971 0 1397 0 20 0 0 0 895 0 1417 0 19 0 0 0 0 0 0 1 0 0 0 0 0 0 0 0 0 490 0 0 0 11 0 0 0 11 0 2 0 0 0 0 0 0 0 0 0 11 0 0 1 0 0 0 0 0 0 2 0 0 0 
0 8 0 0 41 1243 0 0 14 0 17 0 0 0 0 0 91 0 0 81 0 0 3159 0 2958 5243 0 0 4127 0 8 119295 0 0 0 5122 65 0 0 0 0 0 0 29 234 0 0 25 0 0 0 0 28 0 0 0 0 0 0 0 32 0 0 26 0 0 2670 0 1381 0 53 0 0 0 1881 0 1504 0 47 0 0 0 0 0 0 8 0 0 0 0 0 4 0 0 0 739 0 0 0 19 0 0 0 18 0 15 0 0 0 0 0 0 0 0 0 21 0 0 1 0 0 0 0 0 0 12 0 0 0 
134 4 739 398 13 731 8737 482 1 8 8 176 133 2231 569 1050 28 1627 979 5 1479 52792 250 51473 1571 1231 71836 66941 1428 549 0 69272 372644 67847 19558 1991 12 78 1938 5 195 245 424 2 33 5564 267 0 115 1138 895 561 12 17 13 1 9 979 880 597 11 368 296 0 299 24197 1032 16112 466 330 21 174 798 29591 848 12734 540 469 18 49 326 9 7 9 7 2 74 39 1 4 3 1 105 4 2195 518 3256 198 409 2 236 228 416 5 194 3 86 160 49 2 7 2 5 211 207 2 178 66 1 6 0 2 2 5 4 5 69 81 61 
0 6 0 0 28 1012 0 0 8 0 8 0 0 0 0 0 79 0 0 40 0 0 2046 0 2342 4020 0 0 3887 0 4 97932 0 0 0 3197 37 0 0 0 0 0 0 23 262 0 0 7 0 0 0 0 32 0 0 0 0 0 0 0 22 0 0 5 0 0 1341 0 1358 0 20 0 0 0 715 0 1383 0 21 0 0 0 0 0 0 6 0 0 0 0 0 3 0 0 0 394 0 0 0 11 0 0 0 7 0 6 0 0 0 0 0 0 0 0 0 12 0 0 0 0 0 0 0 0 0 0 0 0 0 
0 7 0 0 32 1064 0 0 15 0 9 0 0 0 0 0 81 0 0 83 0 0 3501 0 2594 4801 0 0 4096 0 14 83406 0 0 0 3537 41 0 0 0 0 0 0 33 416 0 0 22 0 0 0 0 29 0 0 0 0 0 0 0 36 0 0 21 0 0 1267 0 1013 0 19 0 0 0 1066 0 1317 0 17 0 0 0 0 0 0 4 0 0 0 0 0 2 0 0 0 383 0 0 0 8 0 0 0 9 0 5 0 0 0 0 0 0 0 0 0 9 0 0 1 0 0 0 0 0 0 5 0 0 0 
0 5 0 0 28 693 0 0 4 0 6 0 0 0 0 0 85 0 0 32 0 0 668 0 1590 3898 0 0 2269 0 1 68245 0 0 0 3438 45 0 0 0 0 0 0 3 64 0 0 6 0 0 0 0 31 0 0 0 0 0 0 0 38 0 0 2 0 0 1256 0 808 0 35 0 0 0 285 0 1127 0 11 0 0 0 0 0 0 4 0 0 0 0 0 1 0 0 0 213 0 0 0 6 0 0 0 3 0 0 0 0 0 0 0 0 0 0 0 7 0 0 0 0 0 0 0 0 0 2 0 0 0 
0 5 0 0 30 740 0 0 6 0 4 0 0 0 0 0 88 0 0 49 0 0 1328 0 1660 4102 0 0 2494 0 1 71619 0 0 0 3569 52 0 0 0 0 0 0 11 136 0 0 8 0 0 0 0 32 0 0 0 0 0 0 0 36 0 0 6 0 0 593 0 858 0 16 0 0 0 344 0 1171 0 12 0 0 0 0 0 0 1 0 0 0 0 0 1 0 0 0 203 0 0 0 5 0 0 0 4 0 1 0 0 0 0 0 0 0 0 0 7 0 0 0 0 0 0 0 0 0 0 0 0 0 
0 7 0 0 34 1136 0 0 12 0 9 0 0 0 0 0 90 0 0 77 0 0 2754 0 2430 4378 0 0 3776 0 8 121138 0 0 0 4374 53 0 0 0 0 0 0 19 196 0 0 9 0 0 0 0 33 0 0 0 0 0 0 0 24 0 0 12 0 0 1663 0 1552 0 26 0 0 0 886 0 1501 0 26 0 0 0 0 0 0 5 0 0 0 0 0 0 0 0 0 547 0 0 0 14 0 0 0 13 0 7 0 0 0 0 0 0 0 0 0 15 0 0 0 0 0 0 0 0 0 3 0 0 0 
0 3 0 0 20 610 0 0 1 0 2 0 0 0 0 0 54 0 0 8 0 0 219 0 1283 2805 0 0 2109 0 0 67242 0 0 0 3188 36 0 0 0 0 0 0 2 49 0 0 2 0 0 0 0 31 0 0 0 0 0 0 0 31 0 0 0 0 0 403 0 838 0 10 0 0 0 140 0 1075 0 4 0 0 0 0 0 0 1 0 0 0 0 0 0 0 0 0 178 0 0 0 3 0 0 0 2 0 0 0 0 0 0 0 0 0 0 0 5 0 0 0 0 0 0 0 0 0 0 0 0 0 
49 5 280 205 27 662 1163 200 6 2 4 13 38 915 699 830 78 789 517 30 793 29857 1099 7769 1316 4222 25794 10915 2117 255 2 62721 17869 23363 4086 3135 37 216 739 8 140 250 59 5 66 841 129 14 23 167 357 63 28 4 2 4 5 0 112 133 39 38 81 5 168 6089 801 499 760 176 18 35 327 2407 199 1509 1075 33 4 67 160 0 2 4 0 2 37 0 0 1 0 0 3 7 146 203 56 35 25 5 0 18 56 4 11 0 47 13 4 0 2 0 2 0 4 11 14 4 0 0 0 0 1 0 0 1 0 11 0 
0 6 0 0 26 1101 0 0 6 0 10 0 0 0 0 0 60 0 0 34 0 0 1623 0 2433 3366 0 0 4292 0 1 116581 0 0 0 3999 39 0 0 0 0 0 0 17 160 0 0 5 0 0 0 0 29 0 0 0 0 0 0 0 25 0 0 8 0 0 1634 0 1420 0 26 0 0 0 1052 0 1385 0 16 0 0 0 0 0 0 0 0 0 0 0 0 1 0 0 0 615 0 0 0 10 0 0 0 18 0 7 0 0 0 0 0 0 0 0 0 15 0 0 0 0 0 0 0 0 0 7 0 0 0 
0 6 0 0 29 1052 0 0 8 0 7 0 0 0 0 0 84 0 0 55 0 0 1996 0 2499 3513 0 0 3972 0 3 106303 0 0 0 3944 43 0 0 0 0 0 0 14 264 0 0 6 0 0 0 0 31 0 0 0 0 0 0 0 29 0 0 8 0 0 1096 0 1352 0 25 0 0 0 932 0 1354 0 19 0 0 0 0 0 0 2 0 0 0 0 0 1 0 0 0 346 0 0 0 6 0 0 0 6 0 4 0 0 0 0 0 0 0 0 0 9 0 0 0 0 0 0 0 0 0 2 0 0 0 
0 7 0 0 28 1277 0 0 6 0 17 0 0 0 0 0 85 0 0 34 0 0 1523 0 3255 3489 0 0 3564 0 0 131367 0 0 0 4299 28 0 0 0 0 0 0 6 158 0 0 3 0 0 0 0 30 0 0 0 0 0 0 0 24 0 0 9 0 0 2950 0 1215 0 55 0 0 0 1917 0 1220 0 46 0 0 0 0 0 0 9 0 0 0 0 0 2 0 0 0 900 0 0 0 9 0 0 0 10 0 4 0 0 0 0 0 0 0 0 0 15 0 0 2 0 0 0 0 0 0 20 0 0 0 
0 6 0 0 36 543 0 0 12 0 3 0 0 0 0 0 112 0 0 98 0 0 1836 0 1477 6138 0 0 2293 0 9 32058 0 0 0 2391 52 0 0 0 0 0 0 14 139 0 0 20 0 0 0 0 23 0 0 0 0 0 0 0 47 0 0 10 0 0 319 0 462 0 10 0 0 0 206 0 1051 0 9 0 0 0 0 0 0 0 0 0 0 0 0 0 0 0 0 31 0 0 0 3 0 0 0 1 0 1 0 0 0 0 0 0 0 0 0 7 0 0 0 0 0 0 0 0 0 0 0 0 0 
0 5 0 0 24 799 0 0 8 0 3 0 0 0 0 0 70 0 0 49 0 0 2122 0 2043 3422 0 0 3516 0 5 71919 0 0 0 2429 29 0 0 0 0 0 0 19 222 0 0 5 0 0 0 0 29 0 0 0 0 0 0 0 29 0 0 6 0 0 412 0 1093 0 10 0 0 0 289 0 1030 0 10 0 0 0 0 0 0 1 0 0 0 0 0 0 0 0 0 148 0 0 0 2 0 0 0 2 0 1 0 0 0 0 0 0 0 0 0 5 0 0 0 0 0 0 0 0 0 0 0 0 0 
0 4 0 0 29 735 0 0 2 0 5 0 0 0 0 0 60 0 0 14 0 0 546 0 1586 3996 0 0 2833 0 0 78636 0 0 0 3997 58 0 0 0 0 0 0 11 43 0 0 4 0 0 0 0 35 0 0 0 0 0 0 0 42 0 0 1 0 0 947 0 1051 0 17 0 0 0 505 0 1181 0 16 0 0 0 0 0 0 2 0 0 0 0 0 0 0 0 0 292 0 0 0 13 0 0 0 9 0 2 0 0 0 0 0 0 0 0 0 10 0 0 0 0 0 0 0 0 0 1 0 0 0 
0 7 0 0 30 1371 0 0 9 0 14 0 0 0 0 0 81 0 0 53 0 0 2568 0 2987 3258 0 0 3928 0 3 148975 0 0 0 4909 42 0 0 0 0 0 0 13 362 0 0 8 0 0 0 0 34 0 0 0 0 0 0 0 28 0 0 11 0 0 2190 0 1665 0 43 0 0 0 1903 0 1421 0 37 0 0 0 0 0 0 6 0 0 0 0 0 6 0 0 0 738 0 0 0 13 0 0 0 12 0 12 0 0 0 0 0 0 0 0 0 12 0 0 2 0 0 0 0 0 0 5 0 0 0 
0 8 0 0 30 1614 0 0 14 0 16 0 0 0 0 0 72 0 0 57 0 0 4035 0 3017 3110 0 0 5338 0 5 179959 0 0 0 5289 39 0 0 0 0 0 0 30 756 0 0 10 0 0 0 0 31 0 0 0 0 0 0 0 22 0 0 28 0 0 2590 0 1982 0 44 0 0 0 1899 0 1363 0 36 0 0 0 0 0 0 3 0 0 0 0 0 8 0 0 0 972 0 0 0 15 0 0 0 18 0 13 0 0 0 0 0 0 0 0 0 13 0 0 2 0 0 0 0 0 0 9 0 0 0 
0 7 0 0 38 1059 0 0 13 0 8 0 0 0 0 0 92 0 0 89 0 0 2856 0 2130 5130 0 0 4206 0 10 104313 0 0 0 4810 64 0 0 0 0 0 0 27 236 0 0 18 0 0 0 0 38 0 0 0 0 0 0 0 37 0 0 13 0 0 1558 0 1313 0 33 0 0 0 625 0 1664 0 13 0 0 0 0 0 0 4 0 0 0 0 0 1 0 0 0 403 0 0 0 11 0 0 0 10 0 4 0 0 0 0 0 0 0 0 0 16 0 0 0 0 0 0 0 0 0 3 0 0 0 
0 5 0 0 30 998 0 0 5 0 5 0 0 0 0 0 87 0 0 30 0 0 1341 0 1900 4270 0 0 3243 0 1 107041 0 0 0 4549 51 0 0 0 0 0 0 6 194 0 0 12 0 0 0 0 35 0 0 0 0 0 0 0 32 0 0 4 0 0 936 0 1292 0 15 0 0 0 547 0 1672 0 9 0 0 0 0 0 0 3 0 0 0 0 0 0 0 0 0 382 0 0 0 8 0 0 0 8 0 1 0 0 0 0 0 0 0 0 0 17 0 0 0 0 0 0 0 0 0 1 0 0 0 
0 6 0 0 24 1124 0 0 5 0 14 0 0 0 0 0 56 0 0 28 0 0 1218 0 2709 3110 0 0 3327 0 1 111726 0 0 0 3783 32 0 0 0 0 0 0 10 194 0 0 4 0 0 0 0 22 0 0 0 0 0 0 0 32 0 0 8 0 0 2273 0 1017 0 46 0 0 0 1649 0 1139 0 27 0 0 0 0 0 0 6 0 0 0 0 0 2 0 0 0 817 0 0 0 10 0 0 0 15 0 5 0 0 0 0 0 0 0 0 0 5 0 0 3 0 0 0 0 0 0 15 0 0 0 
0 4 0 0 22 847 0 0 1 0 6 0 0 0 0 0 60 0 0 5 0 0 307 0 2078 2670 0 0 2912 0 0 94890 0 0 0 3735 36 0 0 0 0 0 0 3 35 0 0 1 0 0 0 0 29 0 0 0 0 0 0 0 23 0 0 0 0 0 969 0 1227 0 19 0 0 0 906 0 1208 0 19 0 0 0 0 0 0 0 0 0 0 0 0 1 0 0 0 405 0 0 0 8 0 0 0 7 0 2 0 0 0 0 0 0 0 0 0 11 0 0 1 0 0 0 0 0 0 2 0 0 0 
0 5 0 0 17 869 0 0 9 0 1 0 0 0 0 0 61 0 0 46 0 0 2385 0 2472 2184 0 0 3480 0 7 79210 0 0 0 2137 14 0 0 0 0 0 0 12 344 0 0 2 0 0 0 0 22 0 0 0 0 0 0 0 13 0 0 3 0 0 92 0 1224 0 3 0 0 0 171 0 659 0 1 0 0 0 0 0 0 0 0 0 0 0 0 0 0 0 0 64 0 0 0 0 0 0 0 2 0 0 0 0 0 0 0 0 0 0 0 1 0 0 0 0 0 0 0 0 0 0 0 0 0 
0 5 0 0 24 1084 0 0 5 0 5 0 0 0 0 0 63 0 0 26 0 0 1477 0 2553 2287 0 0 3565 0 2 125828 0 0 0 4680 38 0 0 0 0 0 0 12 245 0 0 2 0 0 0 0 32 0 0 0 0 0 0 0 23 0 0 2 0 0 832 0 1612 0 18 0 0 0 774 0 1001 0 16 0 0 0 0 0 0 1 0 0 0 0 0 1 0 0 0 372 0 0 0 11 0 0 0 6 0 3 0 0 0 0 0 0 0 0 0 5 0 0 1 0 0 0 0 0 0 0 0 0 0 
0 7 0 0 34 1345 0 0 13 0 9 0 0 0 0 0 90 0 0 89 0 0 3587 0 2896 3250 0 0 3659 0 8 151053 0 0 0 5684 51 0 0 0 0 0 0 18 397 0 0 9 0 0 0 0 33 0 0 0 0 0 0 0 28 0 0 19 0 0 1533 0 1628 0 28 0 0 0 1234 0 1267 0 31 0 0 0 0 0 0 3 0 0 0 0 0 0 0 0 0 714 0 0 0 9 0 0 0 9 0 5 0 0 0 0 0 0 0 0 0 10 0 0 0 0 0 0 0 0 0 5 0 0 0 
0 6 0 0 32 1190 0 0 9 0 7 0 0 0 0 0 72 0 0 46 0 0 2441 0 2412 4083 0 0 3797 0 5 128075 0 0 0 4857 51 0 0 0 0 0 0 18 372 0 0 17 0 0 0 0 36 0 0 0 0 0 0 0 30 0 0 8 0 0 1218 0 1603 0 24 0 0 0 1005 0 1402 0 19 0 0 0 0 0 0 3 0 0 0 0 0 1 0 0 0 500 0 0 0 12 0 0 0 7 0 5 0 0 0 0 0 0 0 0 0 11 0 0 1 0 0 0 0 0 0 1 0 0 0 
0 3 0 0 14 468 0 0 2 0 2 0 0 0 0 0 39 0 0 14 0 0 575 0 1439 1505 0 0 2442 0 0 43628 0 0 0 1778 23 0 0 0 0 0 0 1 56 0 0 1 0 0 0 0 17 0 0 0 0 0 0 0 7 0 0 2 0 0 215 0 759 0 3 0 0 0 215 0 440 0 3 0 0 0 0 0 0 0 0 0 0 0 0 0 0 0 0 32 0 0 0 1 0 0 0 1 0 0 0 0 0 0 0 0 0 0 0 8 0 0 0 0 0 0 0 0 0 0 0 0 0 
0 9 0 0 34 1531 0 0 26 0 10 0 0 0 0 0 94 0 0 115 0 0 6723 0 3111 4876 0 0 5304 0 32 139285 0 0 0 4140 33 0 0 0 0 0 0 50 876 0 0 23 0 0 0 0 39 0 0 0 0 0 0 0 21 0 0 36 0 0 1647 0 1752 0 15 0 0 0 1095 0 1520 0 17 0 0 0 0 0 0 6 0 0 0 0 0 3 0 0 0 490 0 0 0 13 0 0 0 4 0 5 0 0 0 0 0 0 0 0 0 16 0 0 0 0 0 0 0 0 0 2 0 0 0 
0 7 0 0 25 1208 0 0 11 0 11 0 0 0 0 0 71 0 0 51 0 0 2885 0 2839 3141 0 0 4178 0 4 131168 0 0 0 3659 26 0 0 0 0 0 0 19 380 0 0 7 0 0 0 0 32 0 0 0 0 0 0 0 20 0 0 16 0 0 1476 0 1640 0 29 0 0 0 1386 0 956 0 24 0 0 0 0 0 0 5 0 0 0 0 0 8 0 0 0 627 0 0 0 10 0 0 0 7 0 3 0 0 0 0 0 0 0 0 0 7 0 0 0 0 0 0 0 0 0 4 0 0 0 
0 8 0 0 35 1205 0 0 16 0 13 0 0 0 0 0 109 0 0 93 0 0 3100 0 2517 4831 0 0 3770 0 13 127801 0 0 0 3815 47 0 0 0 0 0 0 19 379 0 0 13 0 0 0 0 26 0 0 0 0 0 0 0 26 0 0 22 0 0 2252 0 1601 0 24 0 0 0 1455 0 1126 0 39 0 0 0 0 0 0 4 0 0 0 0 0 4 0 0 0 588 0 0 0 20 0 0 0 14 0 11 0 0 0 0 0 0 0 0 0 16 0 0 1 0 0 0 0 0 0 7 0 0 0 
142 6 494 585 23 1070 9916 413 7 3 9 95 267 1767 1629 1841 47 1020 1023 41 1140 52799 1648 46708 1907 1885 102183 60400 2495 357 2 97269 454886 19268 28179 3247 29 492 1258 15 501 397 351 5 346 5339 431 4 138 432 184 256 26 9 8 5 9 99 614 601 13 176 460 6 239 48413 1000 11289 1080 847 26 320 283 8445 1208 25273 829 244 21 401 333 5 7 2 0 1 213 38 0 2 0 5 52 101 6044 614 950 261 204 7 16 41 71 6 110 6 161 50 99 2 4 0 4 18 115 8 262 16 0 0 0 0 0 0 0 4 36 154 1 
0 3 0 0 14 482 0 0 2 0 1 0 0 0 0 0 56 0 0 10 0 0 532 0 1567 2006 0 0 2008 0 0 44650 0 0 0 1462 21 0 0 0 0 0 0 5 83 0 0 1 0 0 0 0 13 0 0 0 0 0 0 0 10 0 0 1 0 0 183 0 700 0 2 0 0 0 55 0 434 0 3 0 0 0 0 0 0 0 0 0 0 0 0 0 0 0 0 11 0 0 0 2 0 0 0 0 0 0 0 0 0 0 0 0 0 0 0 2 0 0 0 0 0 0 0 0 0 0 0 0 0 
0 2 0 0 7 256 0 0 1 0 0 0 0 0 0 0 28 0 0 4 0 0 243 0 871 1155 0 0 1071 0 0 24309 0 0 0 692 5 0 0 0 0 0 0 3 5 0 0 0 0 0 0 0 6 0 0 0 0 0 0 0 6 0 0 0 0 0 0 0 415 0 0 0 0 0 0 0 108 0 0 0 0 0 0 0 0 0 0 0 0 0 0 0 0 0 0 0 0 0 0 0 0 0 0 0 0 0 0 0 0 0 0 0 0 0 0 0 0 0 0 0 0 0 0 0 0 0 0 0 0 
0 2 0 0 9 355 0 0 1 0 0 0 0 0 0 0 32 0 0 5 0 0 289 0 1206 1259 0 0 1149 0 0 32703 0 0 0 1157 10 0 0 0 0 0 0 2 32 0 0 1 0 0 0 0 4 0 0 0 0 0 0 0 9 0 0 0 0 0 0 0 435 0 0 0 0 0 0 0 310 0 0 0 0 0 0 0 0 0 0 0 0 0 0 0 0 0 0 0 0 0 0 0 0 0 0 0 0 0 0 0 0 0 0 0 0 0 0 0 0 0 0 0 0 0 0 0 0 0 0 0 0 
0 6 0 0 28 1267 0 0 7 0 10 0 0 0 0 0 70 0 0 40 0 0 2014 0 2832 2762 0 0 3404 0 2 147816 0 0 0 4923 38 0 0 0 0 0 0 10 254 0 0 6 0 0 0 0 34 0 0 0 0 0 0 0 24 0 0 9 0 0 1547 0 1639 0 33 0 0 0 1673 0 1104 0 36 0 0 0 0 0 0 1 0 0 0 0 0 4 0 0 0 746 0 0 0 8 0 0 0 8 0 7 0 0 0 0 0 0 0 0 0 10 0 0 1 0 0 0 0 0 0 5 0 0 0 
0 7 0 0 31 560 0 0 18 0 3 0 0 0 0 0 113 0 0 114 0 0 2680 0 1797 5279 0 0 2280 0 21 40755 0 0 0 1662 33 0 0 0 0 0 0 17 113 0 0 16 0 0 0 0 15 0 0 0 0 0 0 0 35 0 0 13 0 0 270 0 684 0 8 0 0 0 127 0 325 0 10 0 0 0 0 0 0 0 0 0 0 0 0 0 0 0 0 19 0 0 0 3 0 0 0 1 0 1 0 0 0 0 0 0 0 0 0 3 0 0 0 0 0 0 0 0 0 0 0 0 0 
0 9 0 0 37 1195 0 0 23 0 13 0 0 0 0 0 115 0 0 129 0 0 4324 0 2681 5257 0 0 4594 0 25 108261 0 0 0 3382 43 0 0 0 0 0 0 34 542 0 0 15 0 0 0 0 29 0 0 0 0 0 0 0 27 0 0 30 0 0 2244 0 1487 0 26 0 0 0 1008 0 1136 0 34 0 0 0 0 0 0 10 0 0 0 0 0 8 0 0 0 432 0 0 0 18 0 0 0 9 0 8 0 0 0 0 0 0 0 0 0 15 0 0 0 0 0 0 0 0 0 3 0 0 0 
0 4 0 0 19 770 0 0 2 0 4 0 0 0 0 0 65 0 0 9 0 0 522 0 2009 2783 0 0 2768 0 0 83272 0 0 0 2391 27 0 0 0 0 0 0 2 108 0 0 3 0 0 0 0 22 0 0 0 0 0 0 0 21 0 0 1 0 0 674 0 1186 0 5 0 0 0 373 0 735 0 14 0 0 0 0 0 0 0 0 0 0 0 0 1 0 0 0 259 0 0 0 7 0 0 0 3 0 1 0 0 0 0 0 0 0 0 0 7 0 0 0 0 0 0 0 0 0 1 0 0 0 
0 5 0 0 20 831 0 0 5 0 5 0 0 0 0 0 61 0 0 32 0 0 1393 0 2113 2157 0 0 3480 0 1 92690 0 0 0 3164 31 0 0 0 0 0 0 11 267 0 0 3 0 0 0 0 25 0 0 0 0 0 0 0 17 0 0 4 0 0 791 0 1385 0 17 0 0 0 304 0 768 0 11 0 0 0 0 0 0 2 0 0 0 0 0 2 0 0 0 148 0 0 0 5 0 0 0 0 0 0 0 0 0 0 0 0 0 0 0 0 0 0 0 0 0 0 0 0 0 1 0 0 0 
0 7 0 0 29 1358 0 0 11 0 13 0 0 0 0 0 67 0 0 54 0 0 2990 0 3164 3009 0 0 3725 0 4 150638 0 0 0 4940 34 0 0 0 0 0 0 22 479 0 0 3 0 0 0 0 21 0 0 0 0 0 0 0 24 0 0 21 0 0 2068 0 1613 0 40 0 0 0 1815 0 1077 0 37 0 0 0 0 0 0 3 0 0 0 0 0 5 0 0 0 744 0 0 0 20 0 0 0 13 0 8 0 0 0 0 0 0 0 0 0 8 0 0 3 0 0 0 0 0 0 7 0 0 0 
0 9 0 0 34 1699 0 0 22 0 16 0 0 0 0 0 73 0 0 107 0 0 6019 0 3399 3393 0 0 4632 0 19 179151 0 0 0 5499 41 0 0 0 0 0 0 36 858 0 0 10 0 0 0 0 28 0 0 0 0 0 0 0 19 0 0 43 0 0 2481 0 1922 0 44 0 0 0 2281 0 1286 0 37 0 0 0 0 0 0 6 0 0 0 0 0 10 0 0 0 924 0 0 0 26 0 0 0 14 0 10 0 0 0 0 0 0 0 0 0 7 0 0 3 0 0 0 0 0 0 8 0 0 0 
0 4 0 0 19 770 0 0 2 0 4 0 0 0 0 0 65 0 0 9 0 0 522 0 2009 2783 0 0 2768 0 0 83272 0 0 0 2391 27 0 0 0 0 0 0 2 108 0 0 3 0 0 0 0 22 0 0 0 0 0 0 0 21 0 0 1 0 0 674 0 1186 0 5 0 0 0 373 0 735 0 14 0 0 0 0 0 0 0 0 0 0 0 0 1 0 0 0 259 0 0 0 7 0 0 0 3 0 1 0 0 0 0 0 0 0 0 0 7 0 0 0 0 0 0 0 0 0 1 0 0 0 
0 3 0 0 16 664 0 0 1 0 2 0 0 0 0 0 38 0 0 8 0 0 325 0 1766 1846 0 0 2643 0 0 72750 0 0 0 2618 27 0 0 0 0 0 0 1 44 0 0 1 0 0 0 0 27 0 0 0 0 0 0 0 16 0 0 0 0 0 264 0 1166 0 8 0 0 0 351 0 823 0 5 0 0 0 0 0 0 0 0 0 0 0 0 1 0 0 0 149 0 0 0 3 0 0 0 1 0 0 0 0 0 0 0 0 0 0 0 2 0 0 0 0 0 0 0 0 0 0 0 0 0 
0 6 0 0 24 958 0 0 6 0 10 0 0 0 0 0 84 0 0 35 0 0 1493 0 2796 2517 0 0 2910 0 1 92473 0 0 0 3603 32 0 0 0 0 0 0 4 155 0 0 2 0 0 0 0 18 0 0 0 0 0 0 0 16 0 0 8 0 0 1612 0 962 0 36 0 0 0 860 0 706 0 24 0 0 0 0 0 0 2 0 0 0 0 0 2 0 0 0 391 0 0 0 11 0 0 0 4 0 6 0 0 0 0 0 0 0 0 0 5 0 0 0 0 0 0 0 0 0 5 0 0 0 
0 6 0 0 23 1187 0 0 9 0 9 0 0 0 0 0 51 0 0 40 0 0 2607 0 2643 2472 0 0 4129 0 4 122777 0 0 0 3914 29 0 0 0 0 0 0 23 440 0 0 4 0 0 0 0 27 0 0 0 0 0 0 0 22 0 0 18 0 0 1472 0 1560 0 30 0 0 0 1156 0 1025 0 19 0 0 0 0 0 0 0 0 0 0 0 0 0 0 0 0 491 0 0 0 10 0 0 0 10 0 0 0 0 0 0 0 0 0 0 0 1 0 0 3 0 0 0 0 0 0 10 0 0 0 
0 6 0 0 23 1217 0 0 6 0 10 0 0 0 0 0 65 0 0 21 0 0 1736 0 3029 2684 0 0 3650 0 0 130319 0 0 0 3940 26 0 0 0 0 0 0 18 294 0 0 4 0 0 0 0 31 0 0 0 0 0 0 0 16 0 0 9 0 0 1504 0 1422 0 25 0 0 0 1419 0 1036 0 26 0 0 0 0 0 0 0 0 0 0 0 0 2 0 0 0 674 0 0 0 9 0 0 0 6 0 7 0 0 0 0 0 0 0 0 0 11 0 0 0 0 0 0 0 0 0 6 0 0 0 
0 4 0 0 17 743 0 0 3 0 3 0 0 0 0 0 62 0 0 18 0 0 790 0 1954 2437 0 0 2528 0 0 82025 0 0 0 2097 20 0 0 0 0 0 0 5 103 0 0 2 0 0 0 0 20 0 0 0 0 0 0 0 12 0 0 2 0 0 476 0 1212 0 5 0 0 0 329 0 733 0 8 0 0 0 0 0 0 1 0 0 0 0 0 1 0 0 0 210 0 0 0 5 0 0 0 1 0 0 0 0 0 0 0 0 0 0 0 4 0 0 0 0 0 0 0 0 0 0 0 0 0 
0 7 0 0 26 1368 0 0 11 0 11 0 0 0 0 0 77 0 0 50 0 0 2999 0 2996 2904 0 0 3994 0 6 150199 0 0 0 4075 31 0 0 0 0 0 0 29 530 0 0 6 0 0 0 0 30 0 0 0 0 0 0 0 18 0 0 15 0 0 1623 0 1668 0 28 0 0 0 1536 0 1125 0 26 0 0 0 0 0 0 0 0 0 0 0 0 4 0 0 0 747 0 0 0 5 0 0 0 6 0 8 0 0 0 0 0 0 0 0 0 9 0 0 0 0 0 0 0 0 0 7 0 0 0 
0 5 0 0 21 1005 0 0 6 0 4 0 0 0 0 0 67 0 0 35 0 0 1667 0 2488 1928 0 0 3481 0 2 108082 0 0 0 3683 32 0 0 0 0 0 0 9 342 0 0 4 0 0 0 0 22 0 0 0 0 0 0 0 13 0 0 5 0 0 692 0 1394 0 13 0 0 0 447 0 859 0 9 0 0 0 0 0 0 0 0 0 0 0 0 2 0 0 0 261 0 0 0 6 0 0 0 1 0 0 0 0 0 0 0 0 0 0 0 3 0 0 0 0 0 0 0 0 0 1 0 0 0 
0 5 0 0 21 1072 0 0 6 0 5 0 0 0 0 0 69 0 0 36 0 0 1664 0 2524 1866 0 0 3322 0 2 124688 0 0 0 3799 29 0 0 0 0 0 0 5 316 0 0 4 0 0 0 0 30 0 0 0 0 0 0 0 13 0 0 6 0 0 696 0 1530 0 14 0 0 0 808 0 863 0 18 0 0 0 0 0 0 0 0 0 0 0 0 2 0 0 0 509 0 0 0 4 0 0 0 2 0 1 0 0 0 0 0 0 0 0 0 5 0 0 0 0 0 0 0 0 0 2 0 0 0 
0 5 0 0 17 760 0 0 9 0 1 0 0 0 0 0 66 0 0 43 0 0 2222 0 2285 2274 0 0 2976 0 7 68326 0 0 0 1711 13 0 0 0 0 0 0 10 271 0 0 4 0 0 0 0 17 0 0 0 0 0 0 0 13 0 0 3 0 0 37 0 1099 0 3 0 0 0 208 0 563 0 2 0 0 0 0 0 0 0 0 0 0 0 0 0 0 0 0 10 0 0 0 0 0 0 0 2 0 0 0 0 0 0 0 0 0 0 0 0 0 0 0 0 0 0 0 0 0 0 0 0 0 
0 7 0 0 37 695 0 0 15 0 6 0 0 0 0 0 138 0 0 105 0 0 2213 0 2019 5461 0 0 2380 0 13 67357 0 0 0 3183 61 0 0 0 0 0 0 17 93 0 0 23 0 0 0 0 17 0 0 0 0 0 0 0 42 0 0 14 0 0 945 0 899 0 21 0 0 0 530 0 551 0 23 0 0 0 0 0 0 2 0 0 0 0 0 0 0 0 0 136 0 0 0 7 0 0 0 3 0 6 0 0 0 0 0 0 0 0 0 3 0 0 0 0 0 0 0 0 0 0 0 0 0 
0 6 0 0 25 1433 0 0 6 0 10 0 0 0 0 0 73 0 0 29 0 0 1807 0 2886 2273 0 0 3937 0 1 174630 0 0 0 5052 35 0 0 0 0 0 0 11 448 0 0 4 0 0 0 0 33 0 0 0 0 0 0 0 17 0 0 5 0 0 1473 0 1924 0 24 0 0 0 1643 0 1101 0 31 0 0 0 0 0 0 2 0 0 0 0 0 3 0 0 0 929 0 0 0 8 0 0 0 12 0 8 0 0 0 0 0 0 0 0 0 12 0 0 0 0 0 0 0 0 0 5 0 0 0 
38 4 126 121 15 620 693 187 3 0 3 10 31 287 314 343 53 383 384 16 767 31123 687 5140 1735 2100 17611 3391 2537 233 0 56106 8121 7821 1777 1522 12 72 335 1 63 121 11 5 103 836 129 2 0 0 0 0 19 0 0 0 0 0 98 75 13 39 81 2 254 5682 526 270 798 77 8 25 54 1256 211 862 564 27 8 36 169 0 0 0 0 1 47 0 0 0 0 1 13 6 133 112 45 24 28 4 0 0 0 0 0 0 28 4 5 0 0 0 0 0 6 1 9 0 0 0 0 0 0 0 0 0 4 6 0 
0 3 0 0 15 523 0 0 2 0 1 0 0 0 0 0 50 0 0 9 0 0 522 0 1511 2297 0 0 2048 0 0 53179 0 0 0 1534 24 0 0 0 0 0 0 3 109 0 0 3 0 0 0 0 13 0 0 0 0 0 0 0 22 0 0 1 0 0 208 0 856 0 0 0 0 0 41 0 427 0 5 0 0 0 0 0 0 0 0 0 0 0 0 0 0 0 0 26 0 0 0 2 0 0 0 1 0 0 0 0 0 0 0 0 0 0 0 2 0 0 0 0 0 0 0 0 0 0 0 0 0 
0 5 0 0 26 745 0 0 7 0 3 0 0 0 0 0 68 0 0 47 0 0 1657 0 2083 3731 0 0 3327 0 3 62161 0 0 0 2932 34 0 0 0 0 0 0 16 170 0 0 10 0 0 0 0 24 0 0 0 0 0 0 0 32 0 0 5 0 0 519 0 867 0 13 0 0 0 231 0 911 0 8 0 0 0 0 0 0 1 0 0 0 0 0 1 0 0 0 107 0 0 0 5 0 0 0 1 0 0 0 0 0 0 0 0 0 0 0 0 0 0 0 0 0 0 0 0 0 0 0 0 0 
0 5 0 0 22 1278 0 0 3 0 8 0 0 0 0 0 65 0 0 16 0 0 878 0 2658 1962 0 0 3451 0 0 162878 0 0 0 4725 33 0 0 0 0 0 0 6 301 0 0 1 0 0 0 0 30 0 0 0 0 0 0 0 15 0 0 2 0 0 1171 0 1869 0 18 0 0 0 1390 0 1050 0 27 0 0 0 0 0 0 0 0 0 0 0 0 3 0 0 0 795 0 0 0 7 0 0 0 10 0 3 0 0 0 0 0 0 0 0 0 10 0 0 0 0 0 0 0 0 0 5 0 0 0 
0 5 0 0 22 1278 0 0 3 0 8 0 0 0 0 0 65 0 0 16 0 0 878 0 2658 1962 0 0 3451 0 0 162878 0 0 0 4725 33 0 0 0 0 0 0 6 301 0 0 1 0 0 0 0 30 0 0 0 0 0 0 0 15 0 0 2 0 0 1171 0 1869 0 18 0 0 0 1390 0 1050 0 27 0 0 0 0 0 0 0 0 0 0 0 0 3 0 0 0 795 0 0 0 7 0 0 0 10 0 3 0 0 0 0 0 0 0 0 0 10 0 0 0 0 0 0 0 0 0 5 0 0 0 
0 4 0 0 21 846 0 0 3 0 4 0 0 0 0 0 45 0 0 17 0 0 996 0 1887 2451 0 0 2872 0 0 93705 0 0 0 3620 31 0 0 0 0 0 0 6 178 0 0 4 0 0 0 0 26 0 0 0 0 0 0 0 26 0 0 3 0 0 652 0 1249 0 18 0 0 0 525 0 980 0 13 0 0 0 0 0 0 1 0 0 0 0 0 1 0 0 0 240 0 0 0 9 0 0 0 6 0 1 0 0 0 0 0 0 0 0 0 0 0 0 0 0 0 0 0 0 0 0 0 0 0 
0 6 0 0 29 1120 0 0 11 0 6 0 0 0 0 0 73 0 0 67 0 0 2966 0 2602 2966 0 0 3837 0 8 121322 0 0 0 4161 43 0 0 0 0 0 0 27 391 0 0 6 0 0 0 0 33 0 0 0 0 0 0 0 23 0 0 13 0 0 854 0 1536 0 23 0 0 0 952 0 1032 0 26 0 0 0 0 0 0 1 0 0 0 0 0 2 0 0 0 444 0 0 0 4 0 0 0 2 0 3 0 0 0 0 0 0 0 0 0 5 0 0 0 0 0 0 0 0 0 2 0 0 0 
0 8 0 0 29 1373 0 0 18 0 10 0 0 0 0 0 95 0 0 92 0 0 4574 0 3385 2998 0 0 3865 0 14 131529 0 0 0 4338 37 0 0 0 0 0 0 26 660 0 0 6 0 0 0 0 25 0 0 0 0 0 0 0 17 0 0 28 0 0 1558 0 1359 0 32 0 0 0 1121 0 1048 0 19 0 0 0 0 0 0 2 0 0 0 0 0 3 0 0 0 505 0 0 0 9 0 0 0 4 0 5 0 0 0 0 0 0 0 0 0 7 0 0 0 0 0 0 0 0 0 4 0 0 0 
87 6 446 396 20 762 3664 307 10 3 5 78 123 1667 1179 1099 61 1165 953 46 1242 38101 2060 21468 1685 2586 48955 28791 2392 311 5 65336 100272 31768 12782 2109 18 510 1790 7 352 201 158 13 233 2122 284 4 67 193 432 154 17 7 11 6 13 408 665 231 10 179 255 11 236 16307 739 4972 942 332 14 212 528 8886 305 7724 702 243 6 313 294 1 5 3 2 1 121 14 0 3 0 0 73 37 1288 110 760 87 122 9 46 36 82 1 46 2 93 48 57 2 3 2 3 33 96 4 88 18 0 1 0 0 1 1 1 1 34 24 16 
0 9 0 0 37 1410 0 0 26 0 11 0 0 0 0 0 94 0 0 157 0 0 6412 0 3283 4049 0 0 4349 0 33 130605 0 0 0 5093 46 0 0 0 0 0 0 34 714 0 0 14 0 0 0 0 27 0 0 0 0 0 0 0 27 0 0 41 0 0 1533 0 1444 0 36 0 0 0 1294 0 1265 0 27 0 0 0 0 0 0 3 0 0 0 0 0 2 0 0 0 483 0 0 0 13 0 0 0 5 0 7 0 0 0 0 0 0 0 0 0 7 0 0 1 0 0 0 0 0 0 4 0 0 0 
0 3 0 0 17 326 0 0 2 0 1 0 0 0 0 0 66 0 0 16 0 0 332 0 1100 2704 0 0 1346 0 0 26499 0 0 0 1189 28 0 0 0 0 0 0 3 15 0 0 3 0 0 0 0 8 0 0 0 0 0 0 0 19 0 0 1 0 0 212 0 394 0 2 0 0 0 61 0 210 0 6 0 0 0 0 0 0 0 0 0 0 0 0 0 0 0 0 6 0 0 0 1 0 0 0 1 0 0 0 0 0 0 0 0 0 0 0 0 0 0 0 0 0 0 0 0 0 0 0 0 0 
0 8 0 0 41 1081 0 0 23 0 5 0 0 0 0 0 108 0 0 130 0 0 4753 0 2429 6467 0 0 3957 0 31 97346 0 0 0 4218 62 0 0 0 0 0 0 43 492 0 0 35 0 0 0 0 33 0 0 0 0 0 0 0 52 0 0 20 0 0 1131 0 1300 0 19 0 0 0 319 0 1236 0 5 0 0 0 0 0 0 4 0 0 0 0 0 1 0 0 0 165 0 0 0 12 0 0 0 6 0 0 0 0 0 0 0 0 0 0 0 8 0 0 0 0 0 0 0 0 0 0 0 0 0 
0 5 0 0 25 446 0 0 7 0 3 0 0 0 0 0 96 0 0 50 0 0 957 0 1416 4130 0 0 1867 0 3 30451 0 0 0 1557 35 0 0 0 0 0 0 10 53 0 0 9 0 0 0 0 11 0 0 0 0 0 0 0 26 0 0 5 0 0 432 0 474 0 7 0 0 0 201 0 321 0 10 0 0 0 0 0 0 1 0 0 0 0 0 1 0 0 0 37 0 0 0 4 0 0 0 2 0 0 0 0 0 0 0 0 0 0 0 1 0 0 0 0 0 0 0 0 0 0 0 0 0 
0 7 0 0 25 968 0 0 15 0 7 0 0 0 0 0 69 0 0 83 0 0 3337 0 2835 3088 0 0 3624 0 12 75570 0 0 0 2926 22 0 0 0 0 0 0 17 345 0 0 3 0 0 0 0 20 0 0 0 0 0 0 0 17 0 0 20 0 0 1000 0 983 0 19 0 0 0 660 0 768 0 14 0 0 0 0 0 0 1 0 0 0 0 0 2 0 0 0 210 0 0 0 10 0 0 0 6 0 4 0 0 0 0 0 0 0 0 0 5 0 0 0 0 0 0 0 0 0 1 0 0 0 
0 7 0 0 38 940 0 0 12 0 11 0 0 0 0 0 116 0 0 87 0 0 2044 0 2524 5424 0 0 2699 0 8 98277 0 0 0 3945 57 0 0 0 0 0 0 9 105 0 0 20 0 0 0 0 26 0 0 0 0 0 0 0 44 0 0 17 0 0 1986 0 1056 0 36 0 0 0 1164 0 862 0 40 0 0 0 0 0 0 5 0 0 0 0 0 0 0 0 0 539 0 0 0 14 0 0 0 5 0 5 0 0 0 0 0 0 0 0 0 10 0 0 1 0 0 0 0 0 0 10 0 0 0 
0 5 0 0 29 661 0 0 7 0 3 0 0 0 0 0 82 0 0 55 0 0 1385 0 1507 3872 0 0 2549 0 3 69623 0 0 0 3246 57 0 0 0 0 0 0 14 121 0 0 4 0 0 0 0 31 0 0 0 0 0 0 0 38 0 0 5 0 0 773 0 1059 0 11 0 0 0 179 0 775 0 10 0 0 0 0 0 0 1 0 0 0 0 0 1 0 0 0 22 0 0 0 6 0 0 0 2 0 0 0 0 0 0 0 0 0 0 0 6 0 0 0 0 0 0 0 0 0 0 0 0 0 
0 5 0 0 34 465 0 0 8 0 2 0 0 0 0 0 110 0 0 79 0 0 1026 0 1308 4668 0 0 1625 0 5 44203 0 0 0 3150 70 0 0 0 0 0 0 7 67 0 0 8 0 0 0 0 18 0 0 0 0 0 0 0 46 0 0 4 0 0 543 0 636 0 14 0 0 0 109 0 647 0 7 0 0 0 0 0 0 1 0 0 0 0 0 0 0 0 0 17 0 0 0 8 0 0 0 0 0 0 0 0 0 0 0 0 0 0 0 4 0 0 0 0 0 0 0 0 0 0 0 0 0 
0 7 0 0 35 609 0 0 18 0 3 0 0 0 0 0 119 0 0 133 0 0 2509 0 1773 4799 0 0 2560 0 22 53026 0 0 0 2914 54 0 0 0 0 0 0 18 94 0 0 16 0 0 0 0 20 0 0 0 0 0 0 0 34 0 0 12 0 0 228 0 751 0 7 0 0 0 538 0 637 0 14 0 0 0 0 0 0 0 0 0 0 0 0 0 0 0 0 85 0 0 0 4 0 0 0 3 0 0 0 0 0 0 0 0 0 0 0 3 0 0 0 0 0 0 0 0 0 1 0 0 0 
0 4 0 0 18 248 0 0 5 0 1 0 0 0 0 0 74 0 0 36 0 0 521 0 872 2777 0 0 1107 0 2 10286 0 0 0 892 23 0 0 0 0 0 0 5 31 0 0 4 0 0 0 0 6 0 0 0 0 0 0 0 20 0 0 2 0 0 19 0 177 0 3 0 0 0 108 0 175 0 1 0 0 0 0 0 0 0 0 0 0 0 0 0 0 0 0 16 0 0 0 1 0 0 0 1 0 0 0 0 0 0 0 0 0 0 0 1 0 0 0 0 0 0 0 0 0 0 0 0 0 
0 3 0 0 17 455 0 0 2 0 1 0 0 0 0 0 60 0 0 18 0 0 474 0 1343 1831 0 0 1457 0 0 50117 0 0 0 2694 36 0 0 0 0 0 0 2 4 0 0 0 0 0 0 0 10 0 0 0 0 0 0 0 15 0 0 1 0 0 224 0 629 0 5 0 0 0 82 0 652 0 1 0 0 0 0 0 0 0 0 0 0 0 0 0 0 0 0 59 0 0 0 2 0 0 0 1 0 0 0 0 0 0 0 0 0 0 0 3 0 0 0 0 0 0 0 0 0 0 0 0 0 
0 5 0 0 29 230 0 0 9 0 1 0 0 0 0 0 120 0 0 75 0 0 740 0 753 4649 0 0 1088 0 7 8064 0 0 0 1231 53 0 0 0 0 0 0 6 34 0 0 12 0 0 0 0 11 0 0 0 0 0 0 0 28 0 0 3 0 0 99 0 106 0 6 0 0 0 2 0 283 0 4 0 0 0 0 0 0 0 0 0 0 0 0 0 0 0 0 3 0 0 0 0 0 0 0 0 0 0 0 0 0 0 0 0 0 0 0 1 0 0 0 0 0 0 0 0 0 0 0 0 0 
0 6 0 0 26 750 0 0 10 0 5 0 0 0 0 0 102 0 0 65 0 0 1808 0 1968 3789 0 0 2896 0 6 71993 0 0 0 2450 29 0 0 0 0 0 0 8 110 0 0 5 0 0 0 0 20 0 0 0 0 0 0 0 29 0 0 10 0 0 796 0 1038 0 9 0 0 0 453 0 873 0 19 0 0 0 0 0 0 0 0 0 0 0 0 1 0 0 0 229 0 0 0 5 0 0 0 6 0 1 0 0 0 0 0 0 0 0 0 7 0 0 0 0 0 0 0 0 0 2 0 0 0 
0 5 0 0 33 209 0 0 10 0 0 0 0 0 0 0 127 0 0 99 0 0 720 0 713 5613 0 0 817 0 10 5053 0 0 0 1250 63 0 0 0 0 0 0 3 57 0 0 15 0 0 0 0 9 0 0 0 0 0 0 0 55 0 0 0 0 0 0 0 77 0 0 0 0 0 0 0 257 0 0 0 0 0 0 0 0 0 0 0 0 0 0 0 0 0 0 0 0 0 0 0 0 0 0 0 0 0 0 0 0 0 0 0 0 0 0 0 0 0 0 0 0 0 0 0 0 0 0 0 0 
0 6 0 0 31 772 0 0 11 0 4 0 0 0 0 0 110 0 0 79 0 0 2050 0 1996 4599 0 0 2631 0 8 70449 0 0 0 2776 48 0 0 0 0 0 0 18 162 0 0 9 0 0 0 0 18 0 0 0 0 0 0 0 26 0 0 8 0 0 774 0 983 0 8 0 0 0 324 0 1037 0 10 0 0 0 0 0 0 2 0 0 0 0 0 0 0 0 0 184 0 0 0 10 0 0 0 3 0 2 0 0 0 0 0 0 0 0 0 8 0 0 0 0 0 0 0 0 0 0 0 0 0 
0 7 0 0 41 308 0 0 19 0 2 0 0 0 0 0 159 0 0 158 0 0 1457 0 915 7082 0 0 1442 0 25 8331 0 0 0 1527 74 0 0 0 0 0 0 16 95 0 0 27 0 0 0 0 11 0 0 0 0 0 0 0 44 0 0 10 0 0 67 0 146 0 8 0 0 0 88 0 314 0 8 0 0 0 0 0 0 0 0 0 0 0 0 0 0 0 0 14 0 0 0 2 0 0 0 1 0 0 0 0 0 0 0 0 0 0 0 3 0 0 0 0 0 0 0 0 0 0 0 0 0 
0 5 0 0 24 870 0 0 8 0 2 0 0 0 0 0 74 0 0 50 0 0 2086 0 2386 2440 0 0 3195 0 5 83687 0 0 0 3707 41 0 0 0 0 0 0 20 309 0 0 3 0 0 0 0 19 0 0 0 0 0 0 0 20 0 0 4 0 0 325 0 1076 0 9 0 0 0 238 0 998 0 3 0 0 0 0 0 0 0 0 0 0 0 0 0 0 0 0 98 0 0 0 2 0 0 0 2 0 1 0 0 0 0 0 0 0 0 0 4 0 0 0 0 0 0 0 0 0 0 0 0 0 
0 8 0 0 26 1123 0 0 17 0 14 0 0 0 0 0 89 0 0 79 0 0 3726 0 3061 4181 0 0 4078 0 10 92075 0 0 0 2436 14 0 0 0 0 0 0 18 418 0 0 10 0 0 0 0 22 0 0 0 0 0 0 0 25 0 0 36 0 0 1884 0 1098 0 26 0 0 0 1478 0 1035 0 25 0 0 0 0 0 0 4 0 0 0 0 0 5 0 0 0 431 0 0 0 10 0 0 0 6 0 10 0 0 0 0 0 0 0 0 0 12 0 0 3 0 0 0 0 0 0 9 0 0 0 
0 2 0 0 10 266 0 0 1 0 0 0 0 0 0 0 36 0 0 8 0 0 205 0 838 1326 0 0 1105 0 0 17408 0 0 0 1001 11 0 0 0 0 0 0 1 30 0 0 1 0 0 0 0 6 0 0 0 0 0 0 0 11 0 0 0 0 0 0 0 213 0 0 0 0 0 0 0 341 0 0 0 0 0 0 0 0 0 0 0 0 0 0 0 0 0 0 0 0 0 0 0 0 0 0 0 0 0 0 0 0 0 0 0 0 0 0 0 0 0 0 0 0 0 0 0 0 0 0 0 0 
0 3 0 0 11 532 0 0 0 0 3 0 0 0 0 0 52 0 0 0 0 0 0 0 1673 1701 0 0 1800 0 0 48915 0 0 0 1237 8 0 0 0 0 0 0 0 0 0 0 0 0 0 0 0 9 0 0 0 0 0 0 0 11 0 0 0 0 0 404 0 621 0 8 0 0 0 375 0 566 0 7 0 0 0 0 0 0 0 0 0 0 0 0 0 0 0 0 141 0 0 0 1 0 0 0 3 0 0 0 0 0 0 0 0 0 0 0 2 0 0 0 0 0 0 0 0 0 1 0 0 0 
0 7 0 0 37 835 0 0 10 0 11 0 0 0 0 0 133 0 0 71 0 0 1458 0 2128 5995 0 0 2809 0 5 72100 0 0 0 3041 51 0 0 0 0 0 0 14 128 0 0 15 0 0 0 0 23 0 0 0 0 0 0 0 41 0 0 10 0 0 2012 0 910 0 25 0 0 0 650 0 1058 0 36 0 0 0 0 0 0 10 0 0 0 0 0 0 0 0 0 308 0 0 0 12 0 0 0 5 0 5 0 0 0 0 0 0 0 0 0 19 0 0 0 0 0 0 0 0 0 5 0 0 0 
0 4 0 0 23 517 0 0 5 0 1 0 0 0 0 0 59 0 0 40 0 0 1064 0 1505 3100 0 0 2917 0 2 37450 0 0 0 2325 34 0 0 0 0 0 0 11 72 0 0 5 0 0 0 0 23 0 0 0 0 0 0 0 28 0 0 2 0 0 159 0 628 0 7 0 0 0 107 0 750 0 3 0 0 0 0 0 0 0 0 0 0 0 0 0 0 0 0 34 0 0 0 2 0 0 0 1 0 0 0 0 0 0 0 0 0 0 0 0 0 0 0 0 0 0 0 0 0 0 0 0 0 
0 6 0 0 34 427 0 0 10 0 5 0 0 0 0 0 126 0 0 80 0 0 1103 0 1354 6151 0 0 1638 0 7 19083 0 0 0 1915 48 0 0 0 0 0 0 10 60 0 0 13 0 0 0 0 12 0 0 0 0 0 0 0 41 0 0 6 0 0 624 0 231 0 19 0 0 0 228 0 661 0 15 0 0 0 0 0 0 6 0 0 0 0 0 1 0 0 0 25 0 0 0 1 0 0 0 1 0 0 0 0 0 0 0 0 0 0 0 11 0 0 0 0 0 0 0 0 0 0 0 0 0 
0 4 0 0 20 785 0 0 3 0 3 0 0 0 0 0 66 0 0 14 0 0 941 0 1837 2697 0 0 2746 0 0 82538 0 0 0 3116 29 0 0 0 0 0 0 7 143 0 0 7 0 0 0 0 27 0 0 0 0 0 0 0 27 0 0 2 0 0 420 0 1078 0 13 0 0 0 366 0 1071 0 4 0 0 0 0 0 0 0 0 0 0 0 0 1 0 0 0 167 0 0 0 3 0 0 0 4 0 1 0 0 0 0 0 0 0 0 0 3 0 0 0 0 0 0 0 0 0 0 0 0 0 
0 6 0 0 32 352 0 0 12 0 3 0 0 0 0 0 127 0 0 89 0 0 1256 0 1029 6146 0 0 1686 0 9 15056 0 0 0 1494 38 0 0 0 0 0 0 8 51 0 0 18 0 0 0 0 13 0 0 0 0 0 0 0 46 0 0 10 0 0 214 0 176 0 11 0 0 0 146 0 511 0 8 0 0 0 0 0 0 0 0 0 0 0 0 1 0 0 0 16 0 0 0 0 0 0 0 2 0 0 0 0 0 0 0 0 0 0 0 5 0 0 0 0 0 0 0 0 0 0 0 0 0 
0 8 0 0 31 1651 0 0 11 0 20 0 0 0 0 0 79 0 0 56 0 0 3040 0 3391 3259 0 0 3673 0 2 183144 0 0 0 5357 38 0 0 0 0 0 0 14 501 0 0 5 0 0 0 0 25 0 0 0 0 0 0 0 19 0 0 22 0 0 3297 0 1652 0 57 0 0 0 2922 0 1392 0 47 0 0 0 0 0 0 10 0 0 0 0 0 7 0 0 0 1298 0 0 0 19 0 0 0 16 0 12 0 0 0 0 0 0 0 0 0 18 0 0 4 0 0 0 0 0 0 18 0 0 0 
40 7 26 223 30 1298 779 152 11 0 10 1 57 79 124 764 83 92 538 60 504 21109 2854 4841 2733 3044 39343 987 3862 170 5 138012 9842 321 3485 4575 43 290 116 0 6 171 1 23 457 539 200 8 0 0 0 0 28 0 0 0 1 0 37 241 26 3 118 12 105 12287 1425 38 1602 208 30 5 4 26 1391 1716 1313 5 23 135 13 0 0 0 0 3 69 0 0 0 0 3 0 15 252 589 0 74 15 10 0 0 0 12 0 10 57 0 0 0 0 0 0 0 1 12 67 0 0 0 0 0 0 0 0 2 1 18 0 
0 8 0 0 44 846 0 0 21 0 8 0 0 0 0 0 117 0 0 137 0 0 3856 0 2180 7244 0 0 3353 0 22 52972 0 0 0 3697 66 0 0 0 0 0 0 39 275 0 0 40 0 0 0 0 21 0 0 0 0 0 0 0 63 0 0 32 0 0 778 0 649 0 27 0 0 0 610 0 1075 0 23 0 0 0 0 0 0 1 0 0 0 0 0 2 0 0 0 145 0 0 0 5 0 0 0 7 0 2 0 0 0 0 0 0 0 0 0 6 0 0 0 0 0 0 0 0 0 3 0 0 0 
0 3 0 0 21 481 0 0 2 0 1 0 0 0 0 0 66 0 0 16 0 0 651 0 965 2992 0 0 1763 0 0 52871 0 0 0 2637 40 0 0 0 0 0 0 5 59 0 0 5 0 0 0 0 22 0 0 0 0 0 0 0 30 0 0 1 0 0 132 0 769 0 5 0 0 0 39 0 866 0 6 0 0 0 0 0 0 0 0 0 0 0 0 0 0 0 0 8 0 0 0 0 0 0 0 1 0 0 0 0 0 0 0 0 0 0 0 1 0 0 0 0 0 0 0 0 0 0 0 0 0 
0 8 0 0 38 906 0 0 16 0 15 0 0 0 0 0 127 0 0 102 0 0 2903 0 2527 6127 0 0 3354 0 9 65291 0 0 0 2995 49 0 0 0 0 0 0 23 196 0 0 17 0 0 0 0 20 0 0 0 0 0 0 0 36 0 0 34 0 0 1926 0 766 0 46 0 0 0 1220 0 1013 0 42 0 0 0 0 0 0 10 0 0 0 0 0 5 0 0 0 308 0 0 0 12 0 0 0 7 0 11 0 0 0 0 0 0 0 0 0 20 0 0 2 0 0 0 0 0 0 3 0 0 0 
0 3 0 0 13 421 0 0 2 0 1 0 0 0 0 0 51 0 0 13 0 0 444 0 1430 1842 0 0 1496 0 0 32139 0 0 0 1232 12 0 0 0 0 0 0 4 29 0 0 0 0 0 0 0 10 0 0 0 0 0 0 0 14 0 0 1 0 0 101 0 385 0 5 0 0 0 157 0 530 0 2 0 0 0 0 0 0 0 0 0 0 0 0 0 0 0 0 39 0 0 0 0 0 0 0 1 0 0 0 0 0 0 0 0 0 0 0 1 0 0 0 0 0 0 0 0 0 0 0 0 0 
0 6 0 0 32 906 0 0 7 0 9 0 0 0 0 0 90 0 0 44 0 0 1672 0 2622 4320 0 0 2826 0 1 82162 0 0 0 4085 46 0 0 0 0 0 0 17 173 0 0 9 0 0 0 0 20 0 0 0 0 0 0 0 31 0 0 8 0 0 1238 0 930 0 35 0 0 0 1043 0 1094 0 35 0 0 0 0 0 0 3 0 0 0 0 0 4 0 0 0 294 0 0 0 10 0 0 0 7 0 7 0 0 0 0 0 0 0 0 0 8 0 0 0 0 0 0 0 0 0 1 0 0 0 
0 6 0 0 40 392 0 0 12 0 4 0 0 0 0 0 142 0 0 97 0 0 1246 0 1088 7179 0 0 1445 0 10 17302 0 0 0 1973 69 0 0 0 0 0 0 12 99 0 0 29 0 0 0 0 13 0 0 0 0 0 0 0 64 0 0 11 0 0 370 0 184 0 13 0 0 0 176 0 564 0 12 0 0 0 0 0 0 1 0 0 0 0 0 1 0 0 0 51 0 0 0 1 0 0 0 1 0 1 0 0 0 0 0 0 0 0 0 9 0 0 0 0 0 0 0 0 0 0 0 0 0 
0 7 0 0 27 1304 0 0 12 0 11 0 0 0 0 0 73 0 0 60 0 0 3313 0 3014 2986 0 0 4285 0 7 129850 0 0 0 4167 35 0 0 0 0 0 0 23 550 0 0 5 0 0 0 0 22 0 0 0 0 0 0 0 15 0 0 19 0 0 1560 0 1599 0 28 0 0 0 1510 0 1234 0 24 0 0 0 0 0 0 2 0 0 0 0 0 2 0 0 0 510 0 0 0 14 0 0 0 9 0 7 0 0 0 0 0 0 0 0 0 10 0 0 2 0 0 0 0 0 0 7 0 0 0 
0 7 0 0 28 1134 0 0 13 0 8 0 0 0 0 0 101 0 0 74 0 0 3031 0 2815 3622 0 0 3703 0 9 110575 0 0 0 3548 34 0 0 0 0 0 0 16 336 0 0 6 0 0 0 0 30 0 0 0 0 0 0 0 21 0 0 14 0 0 1539 0 1321 0 26 0 0 0 815 0 1222 0 16 0 0 0 0 0 0 4 0 0 0 0 0 2 0 0 0 360 0 0 0 11 0 0 0 6 0 4 0 0 0 0 0 0 0 0 0 8 0 0 0 0 0 0 0 0 0 2 0 0 0 
0 3 0 0 19 402 0 0 0 0 3 0 0 0 0 0 58 0 0 0 0 0 0 0 1181 2867 0 0 1896 0 0 30299 0 0 0 2022 32 0 0 0 0 0 0 0 0 0 0 0 0 0 0 0 13 0 0 0 0 0 0 0 23 0 0 0 0 0 473 0 431 0 15 0 0 0 221 0 622 0 12 0 0 0 0 0 0 0 0 0 0 0 0 0 0 0 0 52 0 0 0 3 0 0 0 4 0 0 0 0 0 0 0 0 0 0 0 3 0 0 0 0 0 0 0 0 0 1 0 0 0 
0 3 0 0 17 355 0 0 1 0 2 0 0 0 0 0 72 0 0 9 0 0 208 0 1124 2731 0 0 1469 0 0 23249 0 0 0 1382 21 0 0 0 0 0 0 1 3 0 0 1 0 0 0 0 11 0 0 0 0 0 0 0 23 0 0 0 0 0 254 0 282 0 5 0 0 0 158 0 502 0 7 0 0 0 0 0 0 0 0 0 0 0 0 0 0 0 0 41 0 0 0 1 0 0 0 1 0 1 0 0 0 0 0 0 0 0 0 4 0 0 0 0 0 0 0 0 0 0 0 0 0 
0 1 0 0 6 141 0 0 0 0 0 0 0 0 0 0 23 0 0 0 0 0 0 0 413 1070 0 0 494 0 0 9775 0 0 0 579 7 0 0 0 0 0 0 0 0 0 0 0 0 0 0 0 3 0 0 0 0 0 0 0 9 0 0 0 0 0 0 0 95 0 0 0 0 0 0 0 267 0 0 0 0 0 0 0 0 0 0 0 0 0 0 0 0 0 0 0 0 0 0 0 0 0 0 0 0 0 0 0 0 0 0 0 0 0 0 0 0 0 0 0 0 0 0 0 0 0 0 0 0 
0 3 0 0 15 173 0 0 3 0 0 0 0 0 0 0 57 0 0 25 0 0 310 0 578 2206 0 0 1361 0 1 6670 0 0 0 782 22 0 0 0 0 0 0 1 18 0 0 2 0 0 0 0 8 0 0 0 0 0 0 0 14 0 0 0 0 0 0 0 134 0 0 0 0 0 0 0 248 0 0 0 0 0 0 0 0 0 0 0 0 0 0 0 0 0 0 0 0 0 0 0 0 0 0 0 0 0 0 0 0 0 0 0 0 0 0 0 0 0 0 0 0 0 0 0 0 0 0 0 0 
0 4 0 0 18 305 0 0 5 0 1 0 0 0 0 0 65 0 0 35 0 0 612 0 973 2820 0 0 2063 0 2 15162 0 0 0 1139 20 0 0 0 0 0 0 3 58 0 0 4 0 0 0 0 14 0 0 0 0 0 0 0 20 0 0 2 0 0 113 0 289 0 3 0 0 0 35 0 360 0 3 0 0 0 0 0 0 0 0 0 0 0 0 0 0 0 0 19 0 0 0 1 0 0 0 1 0 0 0 0 0 0 0 0 0 0 0 1 0 0 0 0 0 0 0 0 0 0 0 0 0 
0 4 0 0 19 270 0 0 5 0 1 0 0 0 0 0 68 0 0 34 0 0 553 0 882 2841 0 0 2029 0 2 12249 0 0 0 1078 27 0 0 0 0 0 0 5 33 0 0 6 0 0 0 0 15 0 0 0 0 0 0 0 21 0 0 2 0 0 113 0 227 0 3 0 0 0 35 0 244 0 3 0 0 0 0 0 0 0 0 0 0 0 0 0 0 0 0 19 0 0 0 1 0 0 0 1 0 0 0 0 0 0 0 0 0 0 0 1 0 0 0 0 0 0 0 0 0 0 0 0 0 
0 2 0 0 14 353 0 0 1 0 0 0 0 0 0 0 43 0 0 5 0 0 289 0 790 2286 0 0 1612 0 0 35723 0 0 0 1717 26 0 0 0 0 0 0 4 31 0 0 4 0 0 0 0 18 0 0 0 0 0 0 0 19 0 0 0 0 0 0 0 658 0 0 0 0 0 0 0 740 0 0 0 0 0 0 0 0 0 0 0 0 0 0 0 0 0 0 0 0 0 0 0 0 0 0 0 0 0 0 0 0 0 0 0 0 0 0 0 0 0 0 0 0 0 0 0 0 0 0 0 0 
0 2 0 0 10 299 0 0 0 0 1 0 0 0 0 0 44 0 0 0 0 0 0 0 1038 1722 0 0 1391 0 0 23996 0 0 0 967 12 0 0 0 0 0 0 0 0 0 0 0 0 0 0 0 11 0 0 0 0 0 0 0 11 0 0 0 0 0 175 0 369 0 3 0 0 0 83 0 425 0 4 0 0 0 0 0 0 0 0 0 0 0 0 0 0 0 0 20 0 0 0 1 0 0 0 0 0 0 0 0 0 0 0 0 0 0 0 1 0 0 0 0 0 0 0 0 0 0 0 0 0 
0 2 0 0 11 236 0 0 1 0 0 0 0 0 0 0 38 0 0 5 0 0 167 0 759 2069 0 0 1301 0 0 13771 0 0 0 919 14 0 0 0 0 0 0 2 34 0 0 2 0 0 0 0 13 0 0 0 0 0 0 0 17 0 0 0 0 0 0 0 262 0 0 0 0 0 0 0 323 0 0 0 0 0 0 0 0 0 0 0 0 0 0 0 0 0 0 0 0 0 0 0 0 0 0 0 0 0 0 0 0 0 0 0 0 0 0 0 0 0 0 0 0 0 0 0 0 0 0 0 0 
0 6 0 0 31 930 0 0 9 0 8 0 0 0 0 0 73 0 0 50 0 0 1917 0 2116 4621 0 0 3489 0 4 86776 0 0 0 3841 43 0 0 0 0 0 0 20 248 0 0 12 0 0 0 0 28 0 0 0 0 0 0 0 39 0 0 13 0 0 1430 0 1148 0 29 0 0 0 910 0 1157 0 17 0 0 0 0 0 0 5 0 0 0 0 0 0 0 0 0 336 0 0 0 14 0 0 0 12 0 3 0 0 0 0 0 0 0 0 0 10 0 0 1 0 0 0 0 0 0 3 0 0 0 
0 6 0 0 29 1100 0 0 8 0 9 0 0 0 0 0 76 0 0 51 0 0 1965 0 2479 3392 0 0 3519 0 2 121328 0 0 0 4309 41 0 0 0 0 0 0 11 298 0 0 9 0 0 0 0 30 0 0 0 0 0 0 0 25 0 0 11 0 0 1442 0 1535 0 31 0 0 0 1277 0 1232 0 29 0 0 0 0 0 0 4 0 0 0 0 0 5 0 0 0 560 0 0 0 9 0 0 0 7 0 5 0 0 0 0 0 0 0 0 0 9 0 0 0 0 0 0 0 0 0 2 0 0 0 
0 2 0 0 11 236 0 0 1 0 0 0 0 0 0 0 38 0 0 5 0 0 167 0 759 2069 0 0 1301 0 0 13771 0 0 0 919 14 0 0 0 0 0 0 2 34 0 0 2 0 0 0 0 13 0 0 0 0 0 0 0 17 0 0 0 0 0 0 0 262 0 0 0 0 0 0 0 323 0 0 0 0 0 0 0 0 0 0 0 0 0 0 0 0 0 0 0 0 0 0 0 0 0 0 0 0 0 0 0 0 0 0 0 0 0 0 0 0 0 0 0 0 0 0 0 0 0 0 0 0 
0 6 0 0 35 869 0 0 12 0 4 0 0 0 0 0 86 0 0 63 0 0 2579 0 1911 5861 0 0 3552 0 10 72960 0 0 0 3681 48 0 0 0 0 0 0 27 337 0 0 30 0 0 0 0 30 0 0 0 0 0 0 0 48 0 0 11 0 0 612 0 1124 0 11 0 0 0 476 0 1403 0 8 0 0 0 0 0 0 1 0 0 0 0 0 0 0 0 0 152 0 0 0 8 0 0 0 6 0 2 0 0 0 0 0 0 0 0 0 9 0 0 0 0 0 0 0 0 0 0 0 0 0 
0 4 0 0 26 263 0 0 6 0 0 0 0 0 0 0 91 0 0 58 0 0 717 0 810 4253 0 0 1535 0 4 11014 0 0 0 1406 50 0 0 0 0 0 0 7 33 0 0 7 0 0 0 0 14 0 0 0 0 0 0 0 28 0 0 0 0 0 0 0 188 0 0 0 0 0 0 0 390 0 0 0 0 0 0 0 0 0 0 0 0 0 0 0 0 0 0 0 0 0 0 0 0 0 0 0 0 0 0 0 0 0 0 0 0 0 0 0 0 0 0 0 0 0 0 0 0 0 0 0 0 
0 5 0 0 31 544 0 0 7 0 4 0 0 0 0 0 96 0 0 50 0 0 1174 0 1538 4945 0 0 2919 0 3 35326 0 0 0 2552 58 0 0 0 0 0 0 14 114 0 0 15 0 0 0 0 21 0 0 0 0 0 0 0 32 0 0 6 0 0 545 0 570 0 11 0 0 0 337 0 707 0 14 0 0 0 0 0 0 2 0 0 0 0 0 0 0 0 0 99 0 0 0 8 0 0 0 6 0 2 0 0 0 0 0 0 0 0 0 5 0 0 0 0 0 0 0 0 0 0 0 0 0 
0 7 0 0 43 679 0 0 17 0 6 0 0 0 0 0 119 0 0 140 0 0 2865 0 1865 6502 0 0 3570 0 18 39603 0 0 0 3309 79 0 0 0 0 0 0 36 189 0 0 26 0 0 0 0 26 0 0 0 0 0 0 0 45 0 0 21 0 0 549 0 614 0 18 0 0 0 368 0 843 0 19 0 0 0 0 0 0 2 0 0 0 0 0 2 0 0 0 115 0 0 0 5 0 0 0 4 0 3 0 0 0 0 0 0 0 0 0 8 0 0 0 0 0 0 0 0 0 0 0 0 0 
0 5 0 0 27 465 0 0 8 0 2 0 0 0 0 0 102 0 0 51 0 0 1349 0 1459 4712 0 0 2058 0 5 24511 0 0 0 1956 40 0 0 0 0 0 0 12 75 0 0 16 0 0 0 0 12 0 0 0 0 0 0 0 31 0 0 4 0 0 125 0 286 0 5 0 0 0 158 0 547 0 6 0 0 0 0 0 0 0 0 0 0 0 0 0 0 0 0 33 0 0 0 3 0 0 0 2 0 1 0 0 0 0 0 0 0 0 0 2 0 0 0 0 0 0 0 0 0 0 0 0 0 
0 5 0 0 23 608 0 0 6 0 5 0 0 0 0 0 99 0 0 40 0 0 1115 0 1898 3814 0 0 2462 0 2 47501 0 0 0 1637 36 0 0 0 0 0 0 11 49 0 0 5 0 0 0 0 16 0 0 0 0 0 0 0 15 0 0 6 0 0 580 0 655 0 11 0 0 0 582 0 604 0 10 0 0 0 0 0 0 1 0 0 0 0 0 1 0 0 0 130 0 0 0 5 0 0 0 3 0 2 0 0 0 0 0 0 0 0 0 9 0 0 1 0 0 0 0 0 0 0 0 0 0 
0 3 0 0 17 553 0 0 0 0 3 0 0 0 0 0 60 0 0 0 0 0 0 0 1446 2162 0 0 1975 0 0 62587 0 0 0 2526 32 0 0 0 0 0 0 0 0 0 0 0 0 0 0 0 22 0 0 0 0 0 0 0 19 0 0 0 0 0 655 0 867 0 14 0 0 0 208 0 767 0 7 0 0 0 0 0 0 0 0 0 0 0 0 0 0 0 0 119 0 0 0 6 0 0 0 3 0 0 0 0 0 0 0 0 0 0 0 3 0 0 0 0 0 0 0 0 0 1 0 0 0 
0 5 0 0 24 1051 0 0 8 0 3 0 0 0 0 0 68 0 0 47 0 0 2321 0 2226 2401 0 0 3699 0 5 120210 0 0 0 4094 37 0 0 0 0 0 0 22 424 0 0 4 0 0 0 0 32 0 0 0 0 0 0 0 20 0 0 6 0 0 459 0 1662 0 9 0 0 0 472 0 1235 0 11 0 0 0 0 0 0 0 0 0 0 0 0 1 0 0 0 311 0 0 0 2 0 0 0 2 0 1 0 0 0 0 0 0 0 0 0 6 0 0 0 0 0 0 0 0 0 0 0 0 0 
0 7 0 0 29 1072 0 0 15 0 8 0 0 0 0 0 76 0 0 84 0 0 3517 0 2769 4102 0 0 4061 0 13 92358 0 0 0 3286 29 0 0 0 0 0 0 28 396 0 0 7 0 0 0 0 27 0 0 0 0 0 0 0 27 0 0 19 0 0 1139 0 1283 0 15 0 0 0 1012 0 1198 0 15 0 0 0 0 0 0 2 0 0 0 0 0 2 0 0 0 325 0 0 0 12 0 0 0 9 0 6 0 0 0 0 0 0 0 0 0 11 0 0 1 0 0 0 0 0 0 3 0 0 0 
0 2 0 0 12 265 0 0 1 0 0 0 0 0 0 0 51 0 0 6 0 0 240 0 875 1916 0 0 1441 0 0 21257 0 0 0 991 23 0 0 0 0 0 0 1 12 0 0 3 0 0 0 0 12 0 0 0 0 0 0 0 14 0 0 0 0 0 0 0 329 0 0 0 0 0 0 0 331 0 0 0 0 0 0 0 0 0 0 0 0 0 0 0 0 0 0 0 0 0 0 0 0 0 0 0 0 0 0 0 0 0 0 0 0 0 0 0 0 0 0 0 0 0 0 0 0 0 0 0 0 
0 4 0 0 17 527 0 0 4 0 4 0 0 0 0 0 60 0 0 27 0 0 834 0 1733 1837 0 0 2467 0 1 42095 0 0 0 1736 23 0 0 0 0 0 0 3 54 0 0 1 0 0 0 0 14 0 0 0 0 0 0 0 7 0 0 4 0 0 497 0 602 0 6 0 0 0 497 0 550 0 6 0 0 0 0 0 0 1 0 0 0 0 0 1 0 0 0 136 0 0 0 5 0 0 0 5 0 2 0 0 0 0 0 0 0 0 0 10 0 0 0 0 0 0 0 0 0 0 0 0 0 
0 4 0 0 20 563 0 0 3 0 3 0 0 0 0 0 69 0 0 17 0 0 583 0 1463 2680 0 0 1865 0 0 61859 0 0 0 2485 27 0 0 0 0 0 0 2 26 0 0 5 0 0 0 0 21 0 0 0 0 0 0 0 25 0 0 3 0 0 666 0 857 0 14 0 0 0 162 0 756 0 8 0 0 0 0 0 0 0 0 0 0 0 0 0 0 0 0 112 0 0 0 2 0 0 0 2 0 0 0 0 0 0 0 0 0 0 0 4 0 0 0 0 0 0 0 0 0 1 0 0 0 
0 3 0 0 17 350 0 0 2 0 1 0 0 0 0 0 65 0 0 14 0 0 359 0 1143 2490 0 0 1811 0 0 24652 0 0 0 1304 28 0 0 0 0 0 0 3 28 0 0 5 0 0 0 0 15 0 0 0 0 0 0 0 19 0 0 1 0 0 184 0 394 0 4 0 0 0 74 0 441 0 5 0 0 0 0 0 0 0 0 0 0 0 0 0 0 0 0 12 0 0 0 0 0 0 0 0 0 0 0 0 0 0 0 0 0 0 0 0 0 0 0 0 0 0 0 0 0 0 0 0 0 
0 4 0 0 18 666 0 0 2 0 4 0 0 0 0 0 64 0 0 11 0 0 542 0 1955 2087 0 0 2768 0 0 68767 0 0 0 2612 23 0 0 0 0 0 0 7 93 0 0 2 0 0 0 0 18 0 0 0 0 0 0 0 15 0 0 1 0 0 388 0 992 0 6 0 0 0 634 0 759 0 14 0 0 0 0 0 0 0 0 0 0 0 0 0 0 0 0 120 0 0 0 6 0 0 0 4 0 2 0 0 0 0 0 0 0 0 0 6 0 0 0 0 0 0 0 0 0 1 0 0 0 
0 4 0 0 24 435 0 0 4 0 2 0 0 0 0 0 84 0 0 34 0 0 800 0 1445 3600 0 0 2044 0 1 29693 0 0 0 1676 40 0 0 0 0 0 0 7 61 0 0 2 0 0 0 0 15 0 0 0 0 0 0 0 31 0 0 2 0 0 232 0 462 0 7 0 0 0 125 0 508 0 11 0 0 0 0 0 0 0 0 0 0 0 0 1 0 0 0 8 0 0 0 3 0 0 0 1 0 0 0 0 0 0 0 0 0 0 0 4 0 0 0 0 0 0 0 0 0 0 0 0 0 
0 6 0 0 26 1245 0 0 11 0 5 0 0 0 0 0 72 0 0 57 0 0 3155 0 2662 2657 0 0 4319 0 8 135940 0 0 0 4439 38 0 0 0 0 0 0 31 598 0 0 4 0 0 0 0 34 0 0 0 0 0 0 0 20 0 0 10 0 0 763 0 1756 0 17 0 0 0 727 0 1299 0 15 0 0 0 0 0 0 1 0 0 0 0 0 1 0 0 0 445 0 0 0 3 0 0 0 4 0 4 0 0 0 0 0 0 0 0 0 8 0 0 0 0 0 0 0 0 0 0 0 0 0 
0 9 0 0 36 1431 0 0 23 0 17 0 0 0 0 0 94 0 0 114 0 0 5374 0 2878 4753 0 0 4164 0 18 146058 0 0 0 4361 37 0 0 0 0 0 0 35 705 0 0 17 0 0 0 0 29 0 0 0 0 0 0 0 23 0 0 60 0 0 2439 0 1719 0 40 0 0 0 2274 0 1536 0 39 0 0 0 0 0 0 8 0 0 0 0 0 7 0 0 0 703 0 0 0 15 0 0 0 10 0 11 0 0 0 0 0 0 0 0 0 25 0 0 1 0 0 0 0 0 0 9 0 0 0 
0 7 0 0 33 942 0 0 15 0 8 0 0 0 0 0 95 0 0 91 0 0 2959 0 2325 5097 0 0 2965 0 13 90295 0 0 0 3646 34 0 0 0 0 0 0 14 191 0 0 17 0 0 0 0 22 0 0 0 0 0 0 0 46 0 0 21 0 0 1325 0 1001 0 32 0 0 0 946 0 1076 0 20 0 0 0 0 0 0 5 0 0 0 0 0 1 0 0 0 443 0 0 0 11 0 0 0 9 0 2 0 0 0 0 0 0 0 0 0 6 0 0 1 0 0 0 0 0 0 3 0 0 0 
0 7 0 0 30 1131 0 0 13 0 9 0 0 0 0 0 77 0 0 69 0 0 3195 0 2341 3950 0 0 4866 0 8 113826 0 0 0 3851 36 0 0 0 0 0 0 31 357 0 0 12 0 0 0 0 33 0 0 0 0 0 0 0 25 0 0 19 0 0 1366 0 1630 0 21 0 0 0 1067 0 1418 0 20 0 0 0 0 0 0 2 0 0 0 0 0 0 0 0 0 376 0 0 0 13 0 0 0 12 0 6 0 0 0 0 0 0 0 0 0 14 0 0 2 0 0 0 0 0 0 3 0 0 0 
0 5 0 0 29 775 0 0 5 0 5 0 0 0 0 0 77 0 0 36 0 0 1141 0 1710 4321 0 0 3012 0 0 82893 0 0 0 3543 50 0 0 0 0 0 0 14 79 0 0 7 0 0 0 0 30 0 0 0 0 0 0 0 34 0 0 6 0 0 1013 0 1250 0 16 0 0 0 388 0 1216 0 8 0 0 0 0 0 0 1 0 0 0 0 0 0 0 0 0 189 0 0 0 11 0 0 0 8 0 2 0 0 0 0 0 0 0 0 0 12 0 0 0 0 0 0 0 0 0 1 0 0 0 
0 5 0 0 33 677 0 0 5 0 5 0 0 0 0 0 101 0 0 43 0 0 745 0 1409 4708 0 0 2264 0 1 75869 0 0 0 3612 65 0 0 0 0 0 0 4 40 0 0 8 0 0 0 0 27 0 0 0 0 0 0 0 39 0 0 5 0 0 1124 0 1085 0 19 0 0 0 365 0 1097 0 15 0 0 0 0 0 0 2 0 0 0 0 0 0 0 0 0 187 0 0 0 12 0 0 0 7 0 0 0 0 0 0 0 0 0 0 0 11 0 0 0 0 0 0 0 0 0 2 0 0 0 
0 2 0 0 12 347 0 0 0 0 2 0 0 0 0 0 35 0 0 0 0 0 0 0 676 1628 0 0 1512 0 0 43292 0 0 0 1725 20 0 0 0 0 0 0 0 0 0 0 0 0 0 0 0 18 0 0 0 0 0 0 0 17 0 0 0 0 0 293 0 684 0 7 0 0 0 293 0 581 0 7 0 0 0 0 0 0 0 0 0 0 0 0 0 0 0 0 50 0 0 0 4 0 0 0 4 0 0 0 0 0 0 0 0 0 0 0 2 0 0 0 0 0 0 0 0 0 0 0 0 0 
0 3 0 0 14 452 0 0 1 0 2 0 0 0 0 0 49 0 0 5 0 0 324 0 1069 1915 0 0 1425 0 0 50233 0 0 0 1961 16 0 0 0 0 0 0 0 2 0 0 3 0 0 0 0 22 0 0 0 0 0 0 0 21 0 0 0 0 0 118 0 771 0 6 0 0 0 375 0 583 0 8 0 0 0 0 0 0 0 0 0 0 0 0 0 0 0 0 41 0 0 0 1 0 0 0 1 0 1 0 0 0 0 0 0 0 0 0 1 0 0 0 0 0 0 0 0 0 0 0 0 0 
0 2 0 0 11 417 0 0 0 0 1 0 0 0 0 0 30 0 0 0 0 0 0 0 975 1042 0 0 1311 0 0 49658 0 0 0 1949 15 0 0 0 0 0 0 0 0 0 0 0 0 0 0 0 22 0 0 0 0 0 0 0 17 0 0 0 0 0 99 0 751 0 4 0 0 0 268 0 579 0 7 0 0 0 0 0 0 0 0 0 0 0 0 0 0 0 0 25 0 0 0 0 0 0 0 0 0 0 0 0 0 0 0 0 0 0 0 0 0 0 0 0 0 0 0 0 0 0 0 0 0 
0 5 0 0 29 1043 0 0 6 0 5 0 0 0 0 0 85 0 0 47 0 0 1689 0 2227 2892 0 0 2832 0 2 124407 0 0 0 5189 52 0 0 0 0 0 0 7 201 0 0 6 0 0 0 0 28 0 0 0 0 0 0 0 30 0 0 7 0 0 884 0 1430 0 18 0 0 0 777 0 1309 0 17 0 0 0 0 0 0 0 0 0 0 0 0 0 0 0 0 469 0 0 0 4 0 0 0 8 0 2 0 0 0 0 0 0 0 0 0 11 0 0 0 0 0 0 0 0 0 2 0 0 0 
0 6 0 0 22 1071 0 0 8 0 7 0 0 0 0 0 76 0 0 39 0 0 2081 0 2767 2736 0 0 3207 0 3 105537 0 0 0 3251 25 0 0 0 0 0 0 11 293 0 0 4 0 0 0 0 29 0 0 0 0 0 0 0 21 0 0 8 0 0 1164 0 1287 0 20 0 0 0 854 0 1053 0 11 0 0 0 0 0 0 1 0 0 0 0 0 1 0 0 0 325 0 0 0 8 0 0 0 6 0 5 0 0 0 0 0 0 0 0 0 7 0 0 0 0 0 0 0 0 0 2 0 0 0 
0 4 0 0 23 782 0 0 2 0 5 0 0 0 0 0 57 0 0 17 0 0 493 0 1714 2504 0 0 2633 0 0 91644 0 0 0 3632 38 0 0 0 0 0 0 4 21 0 0 0 0 0 0 0 31 0 0 0 0 0 0 0 24 0 0 1 0 0 894 0 1281 0 22 0 0 0 751 0 1130 0 16 0 0 0 0 0 0 1 0 0 0 0 0 0 0 0 0 318 0 0 0 10 0 0 0 6 0 2 0 0 0 0 0 0 0 0 0 5 0 0 1 0 0 0 0 0 0 1 0 0 0 
0 5 0 0 24 1126 0 0 4 0 7 0 0 0 0 0 66 0 0 24 0 0 1204 0 2388 2772 0 0 3545 0 0 129978 0 0 0 3991 33 0 0 0 0 0 0 8 211 0 0 6 0 0 0 0 33 0 0 0 0 0 0 0 23 0 0 5 0 0 989 0 1695 0 18 0 0 0 1235 0 1289 0 21 0 0 0 0 0 0 0 0 0 0 0 0 2 0 0 0 561 0 0 0 9 0 0 0 10 0 3 0 0 0 0 0 0 0 0 0 8 0 0 1 0 0 0 0 0 0 2 0 0 0 
0 4 0 0 23 948 0 0 3 0 4 0 0 0 0 0 63 0 0 19 0 0 918 0 2141 2068 0 0 2741 0 0 119627 0 0 0 4699 46 0 0 0 0 0 0 10 134 0 0 0 0 0 0 0 27 0 0 0 0 0 0 0 22 0 0 4 0 0 655 0 1475 0 14 0 0 0 706 0 1163 0 15 0 0 0 0 0 0 0 0 0 0 0 0 0 0 0 0 407 0 0 0 3 0 0 0 8 0 0 0 0 0 0 0 0 0 0 0 9 0 0 0 0 0 0 0 0 0 2 0 0 0 
0 2 0 0 14 319 0 0 1 0 0 0 0 0 0 0 43 0 0 9 0 0 314 0 596 1987 0 0 966 0 0 42448 0 0 0 1938 26 0 0 0 0 0 0 1 2 0 0 2 0 0 0 0 19 0 0 0 0 0 0 0 23 0 0 0 0 0 0 0 659 0 0 0 0 0 0 0 547 0 0 0 0 0 0 0 0 0 0 0 0 0 0 0 0 0 0 0 0 0 0 0 0 0 0 0 0 0 0 0 0 0 0 0 0 0 0 0 0 0 0 0 0 0 0 0 0 0 0 0 0 
0 2 0 0 12 347 0 0 0 0 2 0 0 0 0 0 35 0 0 0 0 0 0 0 676 1628 0 0 1512 0 0 43292 0 0 0 1725 20 0 0 0 0 0 0 0 0 0 0 0 0 0 0 0 18 0 0 0 0 0 0 0 17 0 0 0 0 0 293 0 684 0 7 0 0 0 293 0 581 0 7 0 0 0 0 0 0 0 0 0 0 0 0 0 0 0 0 50 0 0 0 4 0 0 0 4 0 0 0 0 0 0 0 0 0 0 0 2 0 0 0 0 0 0 0 0 0 0 0 0 0 
0 5 0 0 26 1131 0 0 5 0 6 0 0 0 0 0 63 0 0 36 0 0 1483 0 2481 2202 0 0 3435 0 2 135271 0 0 0 4779 43 0 0 0 0 0 0 9 275 0 0 4 0 0 0 0 29 0 0 0 0 0 0 0 24 0 0 2 0 0 877 0 1766 0 21 0 0 0 1203 0 1195 0 20 0 0 0 0 0 0 0 0 0 0 0 0 5 0 0 0 440 0 0 0 11 0 0 0 8 0 2 0 0 0 0 0 0 0 0 0 4 0 0 1 0 0 0 0 0 0 1 0 0 0 
0 2 0 0 15 360 0 0 0 0 1 0 0 0 0 0 47 0 0 0 0 0 0 0 697 1963 0 0 1435 0 0 44091 0 0 0 2194 34 0 0 0 0 0 0 0 0 0 0 0 0 0 0 0 25 0 0 0 0 0 0 0 21 0 0 0 0 0 287 0 677 0 5 0 0 0 64 0 597 0 4 0 0 0 0 0 0 0 0 0 0 0 0 0 0 0 0 4 0 0 0 1 0 0 0 0 0 0 0 0 0 0 0 0 0 0 0 3 0 0 0 0 0 0 0 0 0 0 0 0 0 
0 4 0 0 24 236 0 0 5 0 1 0 0 0 0 0 96 0 0 43 0 0 527 0 857 3991 0 0 1457 0 2 9850 0 0 0 967 36 0 0 0 0 0 0 5 18 0 0 8 0 0 0 0 10 0 0 0 0 0 0 0 31 0 0 2 0 0 120 0 195 0 3 0 0 0 14 0 246 0 6 0 0 0 0 0 0 0 0 0 0 0 0 0 0 0 0 3 0 0 0 1 0 0 0 0 0 0 0 0 0 0 0 0 0 0 0 1 0 0 0 0 0 0 0 0 0 0 0 0 0 
0 6 0 0 28 572 0 0 11 0 6 0 0 0 0 0 104 0 0 68 0 0 1771 0 1810 4607 0 0 2977 0 8 32077 0 0 0 1794 32 0 0 0 0 0 0 13 98 0 0 16 0 0 0 0 24 0 0 0 0 0 0 0 32 0 0 13 0 0 672 0 480 0 16 0 0 0 504 0 521 0 19 0 0 0 0 0 0 2 0 0 0 0 0 0 0 0 0 98 0 0 0 5 0 0 0 2 0 2 0 0 0 0 0 0 0 0 0 3 0 0 1 0 0 0 0 0 0 3 0 0 0 
0 1 0 0 6 56 0 0 0 0 0 0 0 0 0 0 22 0 0 0 0 0 0 0 188 1038 0 0 838 0 0 1460 0 0 0 225 9 0 0 0 0 0 0 0 0 0 0 0 0 0 0 0 7 0 0 0 0 0 0 0 8 0 0 0 0 0 0 0 81 0 0 0 0 0 0 0 104 0 0 0 0 0 0 0 0 0 0 0 0 0 0 0 0 0 0 0 0 0 0 0 0 0 0 0 0 0 0 0 0 0 0 0 0 0 0 0 0 0 0 0 0 0 0 0 0 0 0 0 0 
0 3 0 0 17 248 0 0 2 0 1 0 0 0 0 0 62 0 0 16 0 0 284 0 854 2551 0 0 1928 0 0 11242 0 0 0 1058 28 0 0 0 0 0 0 3 9 0 0 3 0 0 0 0 14 0 0 0 0 0 0 0 17 0 0 1 0 0 106 0 203 0 3 0 0 0 51 0 233 0 5 0 0 0 0 0 0 0 0 0 0 0 0 0 0 0 0 17 0 0 0 2 0 0 0 1 0 0 0 0 0 0 0 0 0 0 0 1 0 0 0 0 0 0 0 0 0 0 0 0 0 
0 4 0 0 20 566 0 0 3 0 3 0 0 0 0 0 75 0 0 21 0 0 551 0 1473 3066 0 0 2388 0 0 59777 0 0 0 2017 27 0 0 0 0 0 0 3 21 0 0 1 0 0 0 0 19 0 0 0 0 0 0 0 26 0 0 3 0 0 550 0 913 0 4 0 0 0 218 0 748 0 13 0 0 0 0 0 0 0 0 0 0 0 0 0 0 0 0 165 0 0 0 5 0 0 0 3 0 0 0 0 0 0 0 0 0 0 0 6 0 0 0 0 0 0 0 0 0 1 0 0 0 
0 5 0 0 23 527 0 0 8 0 3 0 0 0 0 0 81 0 0 57 0 0 1392 0 1598 3309 0 0 2404 0 4 40613 0 0 0 1651 30 0 0 0 0 0 0 9 98 0 0 4 0 0 0 0 16 0 0 0 0 0 0 0 29 0 0 9 0 0 369 0 632 0 6 0 0 0 202 0 489 0 11 0 0 0 0 0 0 0 0 0 0 0 0 0 0 0 0 74 0 0 0 2 0 0 0 1 0 0 0 0 0 0 0 0 0 0 0 4 0 0 0 0 0 0 0 0 0 0 0 0 0 
0 6 0 0 30 1079 0 0 7 0 11 0 0 0 0 0 82 0 0 45 0 0 1896 0 2648 3687 0 0 3641 0 2 110873 0 0 0 4386 46 0 0 0 0 0 0 11 189 0 0 5 0 0 0 0 29 0 0 0 0 0 0 0 24 0 0 10 0 0 1500 0 1343 0 36 0 0 0 1550 0 1141 0 35 0 0 0 0 0 0 5 0 0 0 0 0 3 0 0 0 560 0 0 0 13 0 0 0 13 0 8 0 0 0 0 0 0 0 0 0 14 0 0 0 0 0 0 0 0 0 4 0 0 0 
0 3 0 0 17 349 0 0 3 0 0 0 0 0 0 0 67 0 0 23 0 0 657 0 1011 1701 0 0 1636 0 1 41372 0 0 0 2359 34 0 0 0 0 0 0 8 17 0 0 2 0 0 0 0 12 0 0 0 0 0 0 0 17 0 0 0 0 0 0 0 616 0 0 0 0 0 0 0 485 0 0 0 0 0 0 0 0 0 0 0 0 0 0 0 0 0 0 0 0 0 0 0 0 0 0 0 0 0 0 0 0 0 0 0 0 0 0 0 0 0 0 0 0 0 0 0 0 0 0 0 0 
0 3 0 0 24 412 0 0 2 0 1 0 0 0 0 0 82 0 0 19 0 0 430 0 1127 3014 0 0 1913 0 0 43816 0 0 0 2905 59 0 0 0 0 0 0 5 23 0 0 4 0 0 0 0 18 0 0 0 0 0 0 0 30 0 0 1 0 0 270 0 643 0 7 0 0 0 47 0 596 0 3 0 0 0 0 0 0 0 0 0 0 0 0 0 0 0 0 12 0 0 0 3 0 0 0 0 0 0 0 0 0 0 0 0 0 0 0 2 0 0 0 0 0 0 0 0 0 0 0 0 0 
0 6 0 0 37 584 0 0 10 0 5 0 0 0 0 0 125 0 0 84 0 0 1644 0 1553 5491 0 0 2322 0 6 49099 0 0 0 3515 69 0 0 0 0 0 0 15 140 0 0 17 0 0 0 0 23 0 0 0 0 0 0 0 47 0 0 8 0 0 645 0 741 0 21 0 0 0 269 0 803 0 17 0 0 0 0 0 0 2 0 0 0 0 0 1 0 0 0 31 0 0 0 8 0 0 0 1 0 3 0 0 0 0 0 0 0 0 0 6 0 0 0 0 0 0 0 0 0 0 0 0 0 
0 4 0 0 21 694 0 0 5 0 2 0 0 0 0 0 63 0 0 31 0 0 1305 0 1869 2122 0 0 2276 0 2 78483 0 0 0 3397 37 0 0 0 0 0 0 10 117 0 0 4 0 0 0 0 22 0 0 0 0 0 0 0 19 0 0 4 0 0 330 0 1035 0 9 0 0 0 330 0 875 0 9 0 0 0 0 0 0 0 0 0 0 0 0 0 0 0 0 204 0 0 0 1 0 0 0 1 0 0 0 0 0 0 0 0 0 0 0 4 0 0 0 0 0 0 0 0 0 0 0 0 0 
0 6 0 0 27 974 0 0 9 0 9 0 0 0 0 0 75 0 0 55 0 0 2292 0 2698 2850 0 0 3503 0 2 89732 0 0 0 3944 39 0 0 0 0 0 0 15 209 0 0 6 0 0 0 0 24 0 0 0 0 0 0 0 21 0 0 21 0 0 1044 0 1138 0 24 0 0 0 1161 0 913 0 24 0 0 0 0 0 0 1 0 0 0 0 0 2 0 0 0 371 0 0 0 11 0 0 0 9 0 5 0 0 0 0 0 0 0 0 0 8 0 0 0 0 0 0 0 0 0 2 0 0 0 
0 4 0 0 27 684 0 0 2 0 5 0 0 0 0 0 75 0 0 20 0 0 422 0 1692 3148 0 0 2370 0 0 75448 0 0 0 3755 55 0 0 0 0 0 0 2 50 0 0 2 0 0 0 0 25 0 0 0 0 0 0 0 32 0 0 1 0 0 1031 0 987 0 23 0 0 0 480 0 944 0 19 0 0 0 0 0 0 2 0 0 0 0 0 0 0 0 0 271 0 0 0 9 0 0 0 3 0 1 0 0 0 0 0 0 0 0 0 8 0 0 0 0 0 0 0 0 0 2 0 0 0 
0 2 0 0 16 481 0 0 0 0 1 0 0 0 0 0 43 0 0 0 0 0 0 0 1349 1413 0 0 1924 0 0 58779 0 0 0 3112 39 0 0 0 0 0 0 0 0 0 0 0 0 0 0 0 19 0 0 0 0 0 0 0 17 0 0 0 0 0 121 0 891 0 5 0 0 0 214 0 709 0 5 0 0 0 0 0 0 0 0 0 0 0 0 0 0 0 0 72 0 0 0 3 0 0 0 1 0 0 0 0 0 0 0 0 0 0 0 2 0 0 0 0 0 0 0 0 0 0 0 0 0 
0 4 0 0 29 426 0 0 5 0 2 0 0 0 0 0 98 0 0 46 0 0 864 0 1182 3980 0 0 1627 0 2 43555 0 0 0 2726 64 0 0 0 0 0 0 9 37 0 0 9 0 0 0 0 15 0 0 0 0 0 0 0 33 0 0 4 0 0 289 0 599 0 12 0 0 0 289 0 566 0 12 0 0 0 0 0 0 0 0 0 0 0 0 0 0 0 0 42 0 0 0 1 0 0 0 1 0 0 0 0 0 0 0 0 0 0 0 2 0 0 0 0 0 0 0 0 0 0 0 0 0 
0 1 0 0 9 286 0 0 0 0 0 0 0 0 0 0 30 0 0 0 0 0 0 0 780 631 0 0 1047 0 0 40159 0 0 0 2118 27 0 0 0 0 0 0 0 0 0 0 0 0 0 0 0 9 0 0 0 0 0 0 0 11 0 0 0 0 0 0 0 596 0 0 0 0 0 0 0 444 0 0 0 0 0 0 0 0 0 0 0 0 0 0 0 0 0 0 0 0 0 0 0 0 0 0 0 0 0 0 0 0 0 0 0 0 0 0 0 0 0 0 0 0 0 0 0 0 0 0 0 0 
0 5 0 0 34 243 0 0 9 0 1 0 0 0 0 0 131 0 0 85 0 0 744 0 784 5829 0 0 962 0 7 7292 0 0 0 1336 59 0 0 0 0 0 0 6 54 0 0 16 0 0 0 0 11 0 0 0 0 0 0 0 53 0 0 3 0 0 46 0 117 0 3 0 0 0 66 0 302 0 7 0 0 0 0 0 0 0 0 0 0 0 0 0 0 0 0 1 0 0 0 0 0 0 0 0 0 0 0 0 0 0 0 0 0 0 0 2 0 0 0 0 0 0 0 0 0 0 0 0 0 
0 2 0 0 18 133 0 0 1 0 0 0 0 0 0 0 64 0 0 9 0 0 59 0 408 3213 0 0 613 0 0 4296 0 0 0 974 42 0 0 0 0 0 0 1 37 0 0 4 0 0 0 0 9 0 0 0 0 0 0 0 35 0 0 0 0 0 0 0 60 0 0 0 0 0 0 0 218 0 0 0 0 0 0 0 0 0 0 0 0 0 0 0 0 0 0 0 0 0 0 0 0 0 0 0 0 0 0 0 0 0 0 0 0 0 0 0 0 0 0 0 0 0 0 0 0 0 0 0 0 
0 4 0 0 30 276 0 0 6 0 0 0 0 0 0 0 103 0 0 52 0 0 736 0 885 5372 0 0 1422 0 4 12595 0 0 0 1444 58 0 0 0 0 0 0 11 41 0 0 14 0 0 0 0 17 0 0 0 0 0 0 0 60 0 0 0 0 0 0 0 243 0 0 0 0 0 0 0 355 0 0 0 0 0 0 0 0 0 0 0 0 0 0 0 0 0 0 0 0 0 0 0 0 0 0 0 0 0 0 0 0 0 0 0 0 0 0 0 0 0 0 0 0 0 0 0 0 0 0 0 0 
0 3 0 0 18 276 0 0 2 0 2 0 0 0 0 0 57 0 0 21 0 0 275 0 939 2695 0 0 1203 0 0 13235 0 0 0 1201 32 0 0 0 0 0 0 2 33 0 0 3 0 0 0 0 12 0 0 0 0 0 0 0 30 0 0 2 0 0 161 0 174 0 6 0 0 0 161 0 258 0 6 0 0 0 0 0 0 0 0 0 0 0 0 0 0 0 0 48 0 0 0 0 0 0 0 0 0 0 0 0 0 0 0 0 0 0 0 2 0 0 0 0 0 0 0 0 0 0 0 0 0 
0 3 0 0 22 210 0 0 2 0 2 0 0 0 0 0 75 0 0 21 0 0 183 0 617 3783 0 0 1034 0 0 7330 0 0 0 1210 42 0 0 0 0 0 0 1 47 0 0 5 0 0 0 0 10 0 0 0 0 0 0 0 39 0 0 2 0 0 105 0 104 0 7 0 0 0 105 0 285 0 7 0 0 0 0 0 0 0 0 0 0 0 0 0 0 0 0 38 0 0 0 1 0 0 0 1 0 0 0 0 0 0 0 0 0 0 0 4 0 0 0 0 0 0 0 0 0 0 0 0 0 
0 4 0 0 24 550 0 0 4 0 3 0 0 0 0 0 68 0 0 27 0 0 934 0 1634 3685 0 0 2563 0 0 41182 0 0 0 2432 37 0 0 0 0 0 0 11 78 0 0 6 0 0 0 0 23 0 0 0 0 0 0 0 39 0 0 6 0 0 402 0 682 0 7 0 0 0 313 0 690 0 11 0 0 0 0 0 0 0 0 0 0 0 0 0 0 0 0 77 0 0 0 5 0 0 0 5 0 0 0 0 0 0 0 0 0 0 0 5 0 0 0 0 0 0 0 0 0 0 0 0 0 
0 3 0 0 26 322 0 0 3 0 0 0 0 0 0 0 71 0 0 29 0 0 563 0 911 4023 0 0 1775 0 1 22595 0 0 0 2142 56 0 0 0 0 0 0 10 36 0 0 8 0 0 0 0 21 0 0 0 0 0 0 0 50 0 0 0 0 0 0 0 438 0 0 0 0 0 0 0 546 0 0 0 0 0 0 0 0 0 0 0 0 0 0 0 0 0 0 0 0 0 0 0 0 0 0 0 0 0 0 0 0 0 0 0 0 0 0 0 0 0 0 0 0 0 0 0 0 0 0 0 0 
0 3 0 0 19 258 0 0 2 0 1 0 0 0 0 0 72 0 0 18 0 0 302 0 929 2894 0 0 1394 0 0 11895 0 0 0 1253 37 0 0 0 0 0 0 5 9 0 0 2 0 0 0 0 10 0 0 0 0 0 0 0 19 0 0 1 0 0 106 0 154 0 3 0 0 0 51 0 234 0 5 0 0 0 0 0 0 0 0 0 0 0 0 0 0 0 0 17 0 0 0 2 0 0 0 1 0 0 0 0 0 0 0 0 0 0 0 1 0 0 0 0 0 0 0 0 0 0 0 0 0 
126 4 612 426 14 258 7758 487 4 3 2 118 74 2165 1676 1191 55 1405 1211 26 1839 70680 512 48587 763 2017 26285 61131 1244 582 1 11157 312356 50267 22376 642 8 366 2611 6 144 303 361 3 16 5463 190 0 137 180 253 270 7 6 10 5 29 305 190 171 14 283 175 2 533 5571 135 11872 197 193 2 270 844 14463 67 7448 238 457 4 126 747 2 2 1 3 0 37 28 0 1 0 0 124 4 807 12 1285 36 25 0 70 54 16 1 40 1 57 91 38 1 3 2 0 28 50 3 34 8 0 0 0 0 0 0 0 0 13 8 13 
0 4 0 0 20 479 0 0 3 0 3 0 0 0 0 0 79 0 0 20 0 0 647 0 1167 3222 0 0 1950 0 0 43408 0 0 0 2017 28 0 0 0 0 0 0 6 57 0 0 5 0 0 0 0 20 0 0 0 0 0 0 0 22 0 0 2 0 0 537 0 778 0 11 0 0 0 93 0 792 0 3 0 0 0 0 0 0 1 0 0 0 0 0 1 0 0 0 18 0 0 0 4 0 0 0 1 0 0 0 0 0 0 0 0 0 0 0 5 0 0 0 0 0 0 0 0 0 0 0 0 0 
0 3 0 0 18 473 0 0 2 0 2 0 0 0 0 0 63 0 0 11 0 0 604 0 1123 2733 0 0 2127 0 0 44667 0 0 0 2042 33 0 0 0 0 0 0 7 56 0 0 5 0 0 0 0 22 0 0 0 0 0 0 0 19 0 0 2 0 0 199 0 762 0 6 0 0 0 199 0 785 0 6 0 0 0 0 0 0 0 0 0 0 0 0 0 0 0 0 22 0 0 0 2 0 0 0 2 0 0 0 0 0 0 0 0 0 0 0 4 0 0 0 0 0 0 0 0 0 0 0 0 0 
0 3 0 0 19 465 0 0 2 0 1 0 0 0 0 0 67 0 0 15 0 0 511 0 1121 2632 0 0 2138 0 0 44052 0 0 0 2110 32 0 0 0 0 0 0 5 53 0 0 3 0 0 0 0 21 0 0 0 0 0 0 0 23 0 0 1 0 0 231 0 783 0 4 0 0 0 44 0 814 0 2 0 0 0 0 0 0 0 0 0 0 0 0 0 0 0 0 15 0 0 0 4 0 0 0 1 0 0 0 0 0 0 0 0 0 0 0 2 0 0 0 0 0 0 0 0 0 0 0 0 0 
0 3 0 0 14 458 0 0 1 0 3 0 0 0 0 0 42 0 0 9 0 0 310 0 1229 1594 0 0 1893 0 0 41392 0 0 0 1781 20 0 0 0 0 0 0 1 31 0 0 0 0 0 0 0 17 0 0 0 0 0 0 0 12 0 0 0 0 0 378 0 684 0 10 0 0 0 215 0 662 0 6 0 0 0 0 0 0 0 0 0 0 0 0 1 0 0 0 79 0 0 0 2 0 0 0 1 0 1 0 0 0 0 0 0 0 0 0 3 0 0 0 0 0 0 0 0 0 0 0 0 0 
0 6 0 0 26 479 0 0 9 0 7 0 0 0 0 0 107 0 0 67 0 0 1205 0 1743 4227 0 0 1990 0 2 22124 0 0 0 1444 37 0 0 0 0 0 0 8 75 0 0 5 0 0 0 0 10 0 0 0 0 0 0 0 22 0 0 15 0 0 484 0 232 0 19 0 0 0 547 0 315 0 23 0 0 0 0 0 0 1 0 0 0 0 0 0 0 0 0 103 0 0 0 2 0 0 0 4 0 4 0 0 0 0 0 0 0 0 0 4 0 0 0 0 0 0 0 0 0 2 0 0 0 
0 4 0 0 20 404 0 0 3 0 5 0 0 0 0 0 81 0 0 23 0 0 464 0 1343 3004 0 0 1797 0 0 23088 0 0 0 1367 29 0 0 0 0 0 0 7 27 0 0 4 0 0 0 0 12 0 0 0 0 0 0 0 23 0 0 5 0 0 530 0 272 0 14 0 0 0 475 0 330 0 16 0 0 0 0 0 0 0 0 0 0 0 0 0 0 0 0 90 0 0 0 3 0 0 0 2 0 0 0 0 0 0 0 0 0 0 0 2 0 0 1 0 0 0 0 0 0 3 0 0 0 
0 4 0 0 21 302 0 0 4 0 3 0 0 0 0 0 76 0 0 30 0 0 442 0 1028 3216 0 0 1373 0 1 13527 0 0 0 1199 31 0 0 0 0 0 0 5 30 0 0 6 0 0 0 0 10 0 0 0 0 0 0 0 20 0 0 3 0 0 265 0 150 0 8 0 0 0 211 0 216 0 11 0 0 0 0 0 0 1 0 0 0 0 0 0 0 0 0 65 0 0 0 2 0 0 0 1 0 1 0 0 0 0 0 0 0 0 0 3 0 0 0 0 0 0 0 0 0 0 0 0 0 
0 3 0 0 21 193 0 0 3 0 0 0 0 0 0 0 79 0 0 29 0 0 333 0 609 3415 0 0 1001 0 1 6572 0 0 0 1070 41 0 0 0 0 0 0 3 25 0 0 6 0 0 0 0 9 0 0 0 0 0 0 0 25 0 0 0 0 0 0 0 103 0 0 0 0 0 0 0 254 0 0 0 0 0 0 0 0 0 0 0 0 0 0 0 0 0 0 0 0 0 0 0 0 0 0 0 0 0 0 0 0 0 0 0 0 0 0 0 0 0 0 0 0 0 0 0 0 0 0 0 0 
0 5 0 0 23 390 0 0 6 0 5 0 0 0 0 0 102 0 0 43 0 0 818 0 1198 3902 0 0 1877 0 2 19201 0 0 0 1415 30 0 0 0 0 0 0 9 61 0 0 5 0 0 0 0 12 0 0 0 0 0 0 0 20 0 0 6 0 0 396 0 290 0 11 0 0 0 340 0 387 0 14 0 0 0 0 0 0 2 0 0 0 0 0 0 0 0 0 47 0 0 0 3 0 0 0 4 0 3 0 0 0 0 0 0 0 0 0 7 0 0 0 0 0 0 0 0 0 0 0 0 0 
0 5 0 0 26 261 0 0 8 0 3 0 0 0 0 0 103 0 0 56 0 0 685 0 769 4587 0 0 1715 0 5 8072 0 0 0 1211 39 0 0 0 0 0 0 12 42 0 0 10 0 0 0 0 11 0 0 0 0 0 0 0 30 0 0 6 0 0 126 0 129 0 8 0 0 0 175 0 255 0 8 0 0 0 0 0 0 0 0 0 0 0 0 1 0 0 0 52 0 0 0 2 0 0 0 2 0 1 0 0 0 0 0 0 0 0 0 5 0 0 0 0 0 0 0 0 0 0 0 0 0 
0 3 0 0 16 198 0 0 2 0 1 0 0 0 0 0 61 0 0 18 0 0 195 0 704 2313 0 0 1092 0 0 9797 0 0 0 860 26 0 0 0 0 0 0 1 4 0 0 1 0 0 0 0 7 0 0 0 0 0 0 0 13 0 0 1 0 0 106 0 122 0 3 0 0 0 51 0 132 0 5 0 0 0 0 0 0 0 0 0 0 0 0 0 0 0 0 17 0 0 0 2 0 0 0 1 0 0 0 0 0 0 0 0 0 0 0 1 0 0 0 0 0 0 0 0 0 0 0 0 0 
0 3 0 0 17 189 0 0 2 0 1 0 0 0 0 0 68 0 0 15 0 0 195 0 549 2998 0 0 1125 0 0 6405 0 0 0 903 29 0 0 0 0 0 0 4 29 0 0 4 0 0 0 0 9 0 0 0 0 0 0 0 19 0 0 1 0 0 21 0 124 0 2 0 0 0 71 0 203 0 3 0 0 0 0 0 0 0 0 0 0 0 0 0 0 0 0 14 0 0 0 1 0 0 0 1 0 0 0 0 0 0 0 0 0 0 0 1 0 0 0 0 0 0 0 0 0 0 0 0 0 
0 4 0 0 14 379 0 0 1 0 7 0 0 0 0 0 73 0 0 7 0 0 76 0 1280 2445 0 0 1502 0 0 21843 0 0 0 973 14 0 0 0 0 0 0 0 13 0 0 1 0 0 0 0 10 0 0 0 0 0 0 0 12 0 0 0 0 0 697 0 247 0 17 0 0 0 611 0 233 0 18 0 0 0 0 0 0 1 0 0 0 0 0 0 0 0 0 111 0 0 0 3 0 0 0 1 0 2 0 0 0 0 0 0 0 0 0 4 0 0 2 0 0 0 0 0 0 4 0 0 0 
0 3 0 0 18 487 0 0 2 0 1 0 0 0 0 0 58 0 0 18 0 0 495 0 1405 2396 0 0 2024 0 0 39652 0 0 0 2274 27 0 0 0 0 0 0 5 92 0 0 2 0 0 0 0 19 0 0 0 0 0 0 0 23 0 0 1 0 0 130 0 594 0 4 0 0 0 110 0 726 0 3 0 0 0 0 0 0 0 0 0 0 0 0 0 0 0 0 25 0 0 0 1 0 0 0 0 0 0 0 0 0 0 0 0 0 0 0 1 0 0 0 0 0 0 0 0 0 0 0 0 0 
0 3 0 0 22 390 0 0 3 0 0 0 0 0 0 0 65 0 0 28 0 0 645 0 1126 3193 0 0 1766 0 1 29399 0 0 0 2174 39 0 0 0 0 0 0 10 63 0 0 4 0 0 0 0 15 0 0 0 0 0 0 0 34 0 0 0 0 0 0 0 468 0 0 0 0 0 0 0 657 0 0 0 0 0 0 0 0 0 0 0 0 0 0 0 0 0 0 0 0 0 0 0 0 0 0 0 0 0 0 0 0 0 0 0 0 0 0 0 0 0 0 0 0 0 0 0 0 0 0 0 0 
0 4 0 0 21 391 0 0 4 0 3 0 0 0 0 0 76 0 0 36 0 0 697 0 1371 2917 0 0 1496 0 0 21019 0 0 0 1491 32 0 0 0 0 0 0 5 40 0 0 1 0 0 0 0 8 0 0 0 0 0 0 0 18 0 0 6 0 0 286 0 218 0 11 0 0 0 202 0 438 0 10 0 0 0 0 0 0 0 0 0 0 0 0 0 0 0 0 55 0 0 0 2 0 0 0 0 0 0 0 0 0 0 0 0 0 0 0 3 0 0 0 0 0 0 0 0 0 0 0 0 0 
0 3 0 0 9 314 0 0 0 0 4 0 0 0 0 0 50 0 0 0 0 0 0 0 1113 1385 0 0 1220 0 0 19890 0 0 0 763 5 0 0 0 0 0 0 0 0 0 0 0 0 0 0 0 7 0 0 0 0 0 0 0 8 0 0 0 0 0 394 0 266 0 10 0 0 0 363 0 203 0 7 0 0 0 0 0 0 0 0 0 0 0 0 0 0 0 0 75 0 0 0 2 0 0 0 1 0 0 0 0 0 0 0 0 0 0 0 2 0 0 1 0 0 0 0 0 0 1 0 0 0 
0 1 0 0 4 125 0 0 0 0 0 0 0 0 0 0 14 0 0 0 0 0 0 0 487 258 0 0 612 0 0 7633 0 0 0 422 4 0 0 0 0 0 0 0 0 0 0 0 0 0 0 0 3 0 0 0 0 0 0 0 2 0 0 0 0 0 0 0 118 0 0 0 0 0 0 0 74 0 0 0 0 0 0 0 0 0 0 0 0 0 0 0 0 0 0 0 0 0 0 0 0 0 0 0 0 0 0 0 0 0 0 0 0 0 0 0 0 0 0 0 0 0 0 0 0 0 0 0 0 
0 2 0 0 7 160 0 0 0 0 1 0 0 0 0 0 33 0 0 0 0 0 0 0 587 1137 0 0 726 0 0 8208 0 0 0 433 5 0 0 0 0 0 0 0 0 0 0 0 0 0 0 0 3 0 0 0 0 0 0 0 6 0 0 0 0 0 19 0 138 0 3 0 0 0 108 0 78 0 1 0 0 0 0 0 0 0 0 0 0 0 0 0 0 0 0 16 0 0 0 1 0 0 0 1 0 0 0 0 0 0 0 0 0 0 0 1 0 0 0 0 0 0 0 0 0 0 0 0 0 
0 2 0 0 7 160 0 0 0 0 1 0 0 0 0 0 33 0 0 0 0 0 0 0 587 1137 0 0 726 0 0 8208 0 0 0 433 5 0 0 0 0 0 0 0 0 0 0 0 0 0 0 0 3 0 0 0 0 0 0 0 6 0 0 0 0 0 19 0 138 0 3 0 0 0 108 0 78 0 1 0 0 0 0 0 0 0 0 0 0 0 0 0 0 0 0 16 0 0 0 1 0 0 0 1 0 0 0 0 0 0 0 0 0 0 0 1 0 0 0 0 0 0 0 0 0 0 0 0 0 
0 2 0 0 8 209 0 0 0 0 2 0 0 0 0 0 28 0 0 0 0 0 0 0 788 859 0 0 897 0 0 11052 0 0 0 647 8 0 0 0 0 0 0 0 0 0 0 0 0 0 0 0 6 0 0 0 0 0 0 0 5 0 0 0 0 0 161 0 146 0 6 0 0 0 161 0 145 0 6 0 0 0 0 0 0 0 0 0 0 0 0 0 0 0 0 48 0 0 0 0 0 0 0 0 0 0 0 0 0 0 0 0 0 0 0 2 0 0 0 0 0 0 0 0 0 0 0 0 0 
0 3 0 0 10 243 0 0 0 0 4 0 0 0 0 0 45 0 0 0 0 0 0 0 885 1717 0 0 940 0 0 11607 0 0 0 586 6 0 0 0 0 0 0 0 0 0 0 0 0 0 0 0 4 0 0 0 0 0 0 0 9 0 0 0 0 0 201 0 152 0 11 0 0 0 340 0 135 0 10 0 0 0 0 0 0 0 0 0 0 0 0 0 0 0 0 76 0 0 0 0 0 0 0 2 0 0 0 0 0 0 0 0 0 0 0 2 0 0 0 0 0 0 0 0 0 2 0 0 0 
0 1 0 0 4 125 0 0 0 0 0 0 0 0 0 0 14 0 0 0 0 0 0 0 487 258 0 0 612 0 0 7633 0 0 0 422 4 0 0 0 0 0 0 0 0 0 0 0 0 0 0 0 3 0 0 0 0 0 0 0 2 0 0 0 0 0 0 0 118 0 0 0 0 0 0 0 74 0 0 0 0 0 0 0 0 0 0 0 0 0 0 0 0 0 0 0 0 0 0 0 0 0 0 0 0 0 0 0 0 0 0 0 0 0 0 0 0 0 0 0 0 0 0 0 0 0 0 0 0 
0 1 0 0 4 125 0 0 0 0 0 0 0 0 0 0 14 0 0 0 0 0 0 0 487 258 0 0 612 0 0 7633 0 0 0 422 4 0 0 0 0 0 0 0 0 0 0 0 0 0 0 0 3 0 0 0 0 0 0 0 2 0 0 0 0 0 0 0 118 0 0 0 0 0 0 0 74 0 0 0 0 0 0 0 0 0 0 0 0 0 0 0 0 0 0 0 0 0 0 0 0 0 0 0 0 0 0 0 0 0 0 0 0 0 0 0 0 0 0 0 0 0 0 0 0 0 0 0 0 
0 2 0 0 8 209 0 0 0 0 2 0 0 0 0 0 28 0 0 0 0 0 0 0 788 859 0 0 897 0 0 11052 0 0 0 647 8 0 0 0 0 0 0 0 0 0 0 0 0 0 0 0 6 0 0 0 0 0 0 0 5 0 0 0 0 0 161 0 146 0 6 0 0 0 161 0 145 0 6 0 0 0 0 0 0 0 0 0 0 0 0 0 0 0 0 48 0 0 0 0 0 0 0 0 0 0 0 0 0 0 0 0 0 0 0 2 0 0 0 0 0 0 0 0 0 0 0 0 0 
0 1 0 0 4 125 0 0 0 0 0 0 0 0 0 0 14 0 0 0 0 0 0 0 487 258 0 0 612 0 0 7633 0 0 0 422 4 0 0 0 0 0 0 0 0 0 0 0 0 0 0 0 3 0 0 0 0 0 0 0 2 0 0 0 0 0 0 0 118 0 0 0 0 0 0 0 74 0 0 0 0 0 0 0 0 0 0 0 0 0 0 0 0 0 0 0 0 0 0 0 0 0 0 0 0 0 0 0 0 0 0 0 0 0 0 0 0 0 0 0 0 0 0 0 0 0 0 0 0 
0 1 0 0 4 125 0 0 0 0 0 0 0 0 0 0 14 0 0 0 0 0 0 0 487 258 0 0 612 0 0 7633 0 0 0 422 4 0 0 0 0 0 0 0 0 0 0 0 0 0 0 0 3 0 0 0 0 0 0 0 2 0 0 0 0 0 0 0 118 0 0 0 0 0 0 0 74 0 0 0 0 0 0 0 0 0 0 0 0 0 0 0 0 0 0 0 0 0 0 0 0 0 0 0 0 0 0 0 0 0 0 0 0 0 0 0 0 0 0 0 0 0 0 0 0 0 0 0 0 
0 2 0 0 8 209 0 0 0 0 2 0 0 0 0 0 28 0 0 0 0 0 0 0 788 859 0 0 897 0 0 11052 0 0 0 647 8 0 0 0 0 0 0 0 0 0 0 0 0 0 0 0 6 0 0 0 0 0 0 0 5 0 0 0 0 0 161 0 146 0 6 0 0 0 161 0 145 0 6 0 0 0 0 0 0 0 0 0 0 0 0 0 0 0 0 48 0 0 0 0 0 0 0 0 0 0 0 0 0 0 0 0 0 0 0 2 0 0 0 0 0 0 0 0 0 0 0 0 0 
0 3 0 0 13 265 0 0 1 0 2 0 0 0 0 0 56 0 0 7 0 0 208 0 987 1815 0 0 951 0 0 15608 0 0 0 962 13 0 0 0 0 0 0 2 15 0 0 0 0 0 0 0 10 0 0 0 0 0 0 0 11 0 0 0 0 0 234 0 210 0 7 0 0 0 49 0 245 0 4 0 0 0 0 0 0 0 0 0 0 0 0 1 0 0 0 3 0 0 0 2 0 0 0 0 0 0 0 0 0 0 0 0 0 0 0 2 0 0 0 0 0 0 0 0 0 0 0 0 0 
0 4 0 0 17 302 0 0 4 0 2 0 0 0 0 0 69 0 0 26 0 0 552 0 1138 2431 0 0 1075 0 1 16264 0 0 0 1079 16 0 0 0 0 0 0 4 30 0 0 2 0 0 0 0 10 0 0 0 0 0 0 0 14 0 0 2 0 0 234 0 220 0 7 0 0 0 49 0 276 0 4 0 0 0 0 0 0 0 0 0 0 0 0 1 0 0 0 3 0 0 0 2 0 0 0 0 0 0 0 0 0 0 0 0 0 0 0 2 0 0 0 0 0 0 0 0 0 0 0 0 0 
0 1 0 0 5 157 0 0 0 0 0 0 0 0 0 0 24 0 0 0 0 0 0 0 532 623 0 0 749 0 0 12054 0 0 0 589 6 0 0 0 0 0 0 0 0 0 0 0 0 0 0 0 7 0 0 0 0 0 0 0 5 0 0 0 0 0 0 0 192 0 0 0 0 0 0 0 189 0 0 0 0 0 0 0 0 0 0 0 0 0 0 0 0 0 0 0 0 0 0 0 0 0 0 0 0 0 0 0 0 0 0 0 0 0 0 0 0 0 0 0 0 0 0 0 0 0 0 0 0 
0 2 0 0 10 327 0 0 0 0 2 0 0 0 0 0 27 0 0 0 0 0 0 0 1052 1386 0 0 1582 0 0 27098 0 0 0 1356 14 0 0 0 0 0 0 0 0 0 0 0 0 0 0 0 12 0 0 0 0 0 0 0 11 0 0 0 0 0 248 0 465 0 4 0 0 0 248 0 391 0 4 0 0 0 0 0 0 0 0 0 0 0 0 0 0 0 0 76 0 0 0 4 0 0 0 4 0 0 0 0 0 0 0 0 0 0 0 4 0 0 0 0 0 0 0 0 0 0 0 0 0 
0 2 0 0 14 74 0 0 1 0 0 0 0 0 0 0 57 0 0 10 0 0 68 0 284 2285 0 0 346 0 0 1429 0 0 0 443 29 0 0 0 0 0 0 0 3 0 0 2 0 0 0 0 2 0 0 0 0 0 0 0 15 0 0 0 0 0 0 0 24 0 0 0 0 0 0 0 94 0 0 0 0 0 0 0 0 0 0 0 0 0 0 0 0 0 0 0 0 0 0 0 0 0 0 0 0 0 0 0 0 0 0 0 0 0 0 0 0 0 0 0 0 0 0 0 0 0 0 0 0 
0 1 0 0 6 86 0 0 0 0 0 0 0 0 0 0 20 0 0 0 0 0 0 0 307 762 0 0 446 0 0 3578 0 0 0 390 10 0 0 0 0 0 0 0 0 0 0 0 0 0 0 0 3 0 0 0 0 0 0 0 5 0 0 0 0 0 0 0 78 0 0 0 0 0 0 0 123 0 0 0 0 0 0 0 0 0 0 0 0 0 0 0 0 0 0 0 0 0 0 0 0 0 0 0 0 0 0 0 0 0 0 0 0 0 0 0 0 0 0 0 0 0 0 0 0 0 0 0 0 
0 1 0 0 4 84 0 0 0 0 0 0 0 0 0 0 17 0 0 0 0 0 0 0 386 318 0 0 253 0 0 3461 0 0 0 287 4 0 0 0 0 0 0 0 0 0 0 0 0 0 0 0 3 0 0 0 0 0 0 0 2 0 0 0 0 0 0 0 25 0 0 0 0 0 0 0 47 0 0 0 0 0 0 0 0 0 0 0 0 0 0 0 0 0 0 0 0 0 0 0 0 0 0 0 0 0 0 0 0 0 0 0 0 0 0 0 0 0 0 0 0 0 0 0 0 0 0 0 0 
0 1 0 0 4 37 0 0 0 0 0 0 0 0 0 0 15 0 0 0 0 0 0 0 187 620 0 0 126 0 0 656 0 0 0 117 3 0 0 0 0 0 0 0 0 0 0 0 0 0 0 0 0 0 0 0 0 0 0 0 3 0 0 0 0 0 0 0 10 0 0 0 0 0 0 0 31 0 0 0 0 0 0 0 0 0 0 0 0 0 0 0 0 0 0 0 0 0 0 0 0 0 0 0 0 0 0 0 0 0 0 0 0 0 0 0 0 0 0 0 0 0 0 0 0 0 0 0 0 
0 1 0 0 4 36 0 0 0 0 0 0 0 0 0 0 22 0 0 0 0 0 0 0 101 898 0 0 222 0 0 593 0 0 0 121 2 0 0 0 0 0 0 0 0 0 0 0 0 0 0 0 2 0 0 0 0 0 0 0 6 0 0 0 0 0 0 0 38 0 0 0 0 0 0 0 22 0 0 0 0 0 0 0 0 0 0 0 0 0 0 0 0 0 0 0 0 0 0 0 0 0 0 0 0 0 0 0 0 0 0 0 0 0 0 0 0 0 0 0 0 0 0 0 0 0 0 0 0 
0 2 0 0 13 107 0 0 1 0 0 0 0 0 0 0 58 0 0 10 0 0 104 0 390 1954 0 0 665 0 0 2787 0 0 0 576 21 0 0 0 0 0 0 1 1 0 0 1 0 0 0 0 5 0 0 0 0 0 0 0 18 0 0 0 0 0 0 0 52 0 0 0 0 0 0 0 131 0 0 0 0 0 0 0 0 0 0 0 0 0 0 0 0 0 0 0 0 0 0 0 0 0 0 0 0 0 0 0 0 0 0 0 0 0 0 0 0 0 0 0 0 0 0 0 0 0 0 0 0 
0 1 0 0 5 48 0 0 0 0 0 0 0 0 0 0 27 0 0 0 0 0 0 0 200 662 0 0 280 0 0 1115 0 0 0 200 6 0 0 0 0 0 0 0 0 0 0 0 0 0 0 0 2 0 0 0 0 0 0 0 4 0 0 0 0 0 0 0 13 0 0 0 0 0 0 0 38 0 0 0 0 0 0 0 0 0 0 0 0 0 0 0 0 0 0 0 0 0 0 0 0 0 0 0 0 0 0 0 0 0 0 0 0 0 0 0 0 0 0 0 0 0 0 0 0 0 0 0 0 
