261 6 1299 1182 14 704 33362 652 6 14 11 569 373 3497 3693 2099 23 1948 1834 13 1320 87946 1045 123594 1206 1415 127755 263014 1563 546 0 48142 2799319 79365 117535 1161 11 915 3066 31 807 622 1598 6 135 20878 652 5 973 1340 1371 2046 5 21 24 15 19 1564 1258 1622 3 759 561 9 262 52623 1191 113216 449 669 18 1608 1042 68423 726 65976 415 1251 18 575 948 19 12 11 16 5 216 365 4 6 14 4 406 56 14472 380 15780 670 486 6 658 595 419 4 738 7 203 404 427 4 10 14 20 517 489 3 358 216 0 6 1 3 3 2 4 4 229 185 210 
21 5 316 77 19 1066 201 94 6 0 4 9 28 2015 869 249 57 799 212 28 333 14539 1708 1446 2653 1747 15365 4057 3725 124 2 125352 1187 35939 553 3505 26 75 1193 14 384 39 43 10 309 155 87 4 22 0 0 0 28 0 0 0 13 0 239 34 13 26 73 4 93 6430 768 115 1573 76 11 27 532 2161 595 367 950 34 10 46 374 0 0 0 0 2 47 0 0 0 0 0 11 5 85 279 28 32 77 8 0 0 0 3 0 2 24 17 9 0 0 0 0 0 4 0 12 0 0 0 0 0 0 0 0 0 5 6 0 
0 8 0 0 39 1633 0 0 13 0 17 0 0 0 0 0 113 0 0 81 0 0 3626 0 4098 4012 0 0 4382 0 7 192207 0 0 0 6676 63 0 0 0 0 0 0 34 484 0 0 9 0 0 0 0 26 0 0 0 0 0 0 0 28 0 0 20 0 0 2862 0 1750 0 51 0 0 0 2485 0 1798 0 39 0 0 0 0 0 0 4 0 0 0 0 0 7 0 0 0 1209 0 0 0 19 0 0 0 19 0 14 0 0 0 0 0 0 0 0 0 22 0 0 4 0 0 0 0 0 0 12 0 0 0 
20 9 77 153 41 1765 187 58 22 1 17 3 26 54 376 649 104 262 268 118 244 5199 5921 953 3733 5129 30001 1227 4972 54 19 202749 1089 2922 1222 6795 53 310 147 0 163 50 5 49 994 65 135 18 0 153 63 13 34 4 2 4 0 0 48 251 34 6 41 39 24 4781 3089 48 1927 103 55 19 4 230 2230 406 1959 5 38 122 7 2 1 0 0 13 25 0 0 0 0 10 1 4 39 1095 3 38 28 21 0 3 14 15 3 22 13 1 2 0 0 0 2 0 1 21 38 0 0 1 0 0 0 1 0 3 2 7 0 
0 8 0 0 34 1897 0 0 13 0 16 0 0 0 0 0 92 0 0 81 0 0 4264 0 4201 3226 0 0 4752 0 6 246508 0 0 0 6972 50 0 0 0 0 0 0 21 896 0 0 8 0 0 0 0 36 0 0 0 0 0 0 0 27 0 0 20 0 0 2632 0 2338 0 42 0 0 0 2512 0 1798 0 36 0 0 0 0 0 0 4 0 0 0 0 0 8 0 0 0 1236 0 0 0 20 0 0 0 17 0 11 0 0 0 0 0 0 0 0 0 14 0 0 5 0 0 0 0 0 0 8 0 0 0 
0 9 0 0 43 2001 0 0 21 0 16 0 0 0 0 0 109 0 0 106 0 0 6402 0 3744 5013 0 0 5239 0 16 242937 0 0 0 7660 66 0 0 0 0 0 0 64 1432 0 0 26 0 0 0 0 35 0 0 0 0 0 0 0 29 0 0 39 0 0 3130 0 2425 0 46 0 0 0 2121 0 2497 0 33 0 0 0 0 0 0 6 0 0 0 0 0 9 0 0 0 986 0 0 0 18 0 0 0 18 0 16 0 0 0 0 0 0 0 0 0 21 0 0 0 0 0 0 0 0 0 5 0 0 0 
57 2 370 50 5 399 1572 239 0 1 1 25 64 2157 236 107 13 1184 118 0 1013 45917 0 10298 1088 560 9776 17777 2308 329 0 39592 28014 23323 589 864 4 0 1368 0 70 13 115 0 0 1402 75 0 63 166 16 26 10 0 4 0 10 209 314 9 8 61 138 0 268 12606 116 1215 769 122 0 12 438 2656 174 1580 262 91 2 0 391 1 4 0 0 0 101 3 0 1 0 0 23 0 975 53 69 15 116 3 12 0 5 0 28 0 41 15 11 0 0 1 0 32 9 0 17 2 0 0 0 0 0 0 0 0 18 16 2 
0 3 0 0 6 517 0 0 0 0 3 0 0 0 0 0 17 0 0 0 0 0 0 0 1546 589 0 0 3076 0 0 54228 0 0 0 1174 4 0 0 0 0 0 0 0 0 0 0 0 0 0 0 0 15 0 0 0 0 0 0 0 8 0 0 0 0 0 530 0 1029 0 6 0 0 0 241 0 310 0 2 0 0 0 0 0 0 0 0 0 0 0 0 0 0 0 0 130 0 0 0 3 0 0 0 1 0 0 0 0 0 0 0 0 0 0 0 0 0 0 0 0 0 0 0 0 0 1 0 0 0 
0 6 0 0 31 1101 0 0 9 0 7 0 0 0 0 0 100 0 0 58 0 0 2413 0 2850 3943 0 0 4093 0 5 117982 0 0 0 4813 51 0 0 0 0 0 0 23 346 0 0 7 0 0 0 0 36 0 0 0 0 0 0 0 37 0 0 9 0 0 1140 0 1438 0 21 0 0 0 816 0 1489 0 17 0 0 0 0 0 0 1 0 0 0 0 0 1 0 0 0 419 0 0 0 10 0 0 0 12 0 4 0 0 0 0 0 0 0 0 0 8 0 0 1 0 0 0 0 0 0 3 0 0 0 
0 6 0 0 25 1306 0 0 6 0 14 0 0 0 0 0 81 0 0 27 0 0 1923 0 3619 3169 0 0 4519 0 0 145121 0 0 0 4090 25 0 0 0 0 0 0 23 338 0 0 2 0 0 0 0 31 0 0 0 0 0 0 0 21 0 0 11 0 0 2022 0 1783 0 35 0 0 0 2098 0 1272 0 36 0 0 0 0 0 0 6 0 0 0 0 0 7 0 0 0 932 0 0 0 12 0 0 0 13 0 14 0 0 0 0 0 0 0 0 0 11 0 0 2 0 0 0 0 0 0 5 0 0 0 
0 4 0 0 25 738 0 0 5 0 1 0 0 0 0 0 90 0 0 32 0 0 1398 0 2127 2709 0 0 3542 0 2 78812 0 0 0 3912 47 0 0 0 0 0 0 28 230 0 0 6 0 0 0 0 39 0 0 0 0 0 0 0 31 0 0 2 0 0 227 0 1394 0 4 0 0 0 49 0 1033 0 1 0 0 0 0 0 0 0 0 0 0 0 0 0 0 0 0 30 0 0 0 2 0 0 0 2 0 0 0 0 0 0 0 0 0 0 0 0 0 0 0 0 0 0 0 0 0 0 0 0 0 
0 2 0 0 10 522 0 0 0 0 1 0 0 0 0 0 28 0 0 0 0 0 0 0 1543 1140 0 0 2140 0 0 66799 0 0 0 1908 11 0 0 0 0 0 0 0 0 0 0 0 0 0 0 0 19 0 0 0 0 0 0 0 12 0 0 0 0 0 186 0 1067 0 3 0 0 0 188 0 683 0 3 0 0 0 0 0 0 0 0 0 0 0 0 0 0 0 0 73 0 0 0 0 0 0 0 2 0 0 0 0 0 0 0 0 0 0 0 1 0 0 0 0 0 0 0 0 0 0 0 0 0 
0 11 0 0 48 2083 0 0 33 0 27 0 0 0 0 0 108 0 0 173 0 0 8820 0 3972 5735 0 0 6402 0 38 246091 0 0 0 7261 60 0 0 0 0 0 0 71 1527 0 0 30 0 0 0 0 30 0 0 0 0 0 0 0 35 0 0 82 0 0 4607 0 2211 0 73 0 0 0 3416 0 2012 0 69 0 0 0 0 0 0 19 0 0 0 0 0 13 0 0 0 1399 0 0 0 27 0 0 0 28 0 38 0 0 0 0 0 0 0 0 0 24 0 0 4 0 0 0 0 0 0 18 0 0 0 
0 2 0 0 10 522 0 0 0 0 1 0 0 0 0 0 28 0 0 0 0 0 0 0 1543 1140 0 0 2140 0 0 66799 0 0 0 1908 11 0 0 0 0 0 0 0 0 0 0 0 0 0 0 0 19 0 0 0 0 0 0 0 12 0 0 0 0 0 186 0 1067 0 3 0 0 0 188 0 683 0 3 0 0 0 0 0 0 0 0 0 0 0 0 0 0 0 0 73 0 0 0 0 0 0 0 2 0 0 0 0 0 0 0 0 0 0 0 1 0 0 0 0 0 0 0 0 0 0 0 0 0 
0 2 0 0 10 522 0 0 0 0 1 0 0 0 0 0 28 0 0 0 0 0 0 0 1543 1140 0 0 2140 0 0 66799 0 0 0 1908 11 0 0 0 0 0 0 0 0 0 0 0 0 0 0 0 19 0 0 0 0 0 0 0 12 0 0 0 0 0 186 0 1067 0 3 0 0 0 188 0 683 0 3 0 0 0 0 0 0 0 0 0 0 0 0 0 0 0 0 73 0 0 0 0 0 0 0 2 0 0 0 0 0 0 0 0 0 0 0 1 0 0 0 0 0 0 0 0 0 0 0 0 0 
0 9 0 0 38 2107 0 0 16 0 24 0 0 0 0 0 114 0 0 82 0 0 5114 0 4517 3350 0 0 4303 0 6 272747 0 0 0 7660 52 0 0 0 0 0 0 27 959 0 0 14 0 0 0 0 23 0 0 0 0 0 0 0 18 0 0 36 0 0 3959 0 2149 0 62 0 0 0 3762 0 1769 0 62 0 0 0 0 0 0 11 0 0 0 0 0 10 0 0 0 1972 0 0 0 28 0 0 0 30 0 25 0 0 0 0 0 0 0 0 0 17 0 0 8 0 0 0 0 0 0 20 0 0 0 
0 4 0 0 26 788 0 0 3 0 3 0 0 0 0 0 84 0 0 28 0 0 777 0 2182 3737 0 0 3296 0 1 79770 0 0 0 3751 45 0 0 0 0 0 0 8 139 0 0 5 0 0 0 0 25 0 0 0 0 0 0 0 31 0 0 0 0 0 488 0 1129 0 10 0 0 0 410 0 1223 0 11 0 0 0 0 0 0 1 0 0 0 0 0 0 0 0 0 199 0 0 0 4 0 0 0 4 0 2 0 0 0 0 0 0 0 0 0 5 0 0 0 0 0 0 0 0 0 0 0 0 0 
0 1 0 0 6 260 0 0 0 0 0 0 0 0 0 0 14 0 0 0 0 0 0 0 652 704 0 0 1299 0 0 33102 0 0 0 1176 6 0 0 0 0 0 0 0 0 0 0 0 0 0 0 0 14 0 0 0 0 0 0 0 11 0 0 0 0 0 0 0 569 0 0 0 0 0 0 0 373 0 0 0 0 0 0 0 0 0 0 0 0 0 0 0 0 0 0 0 0 0 0 0 0 0 0 0 0 0 0 0 0 0 0 0 0 0 0 0 0 0 0 0 0 0 0 0 0 0 0 0 0 
0 2 0 0 6 463 0 0 0 0 1 0 0 0 0 0 17 0 0 0 0 0 0 0 1307 589 0 0 2756 0 0 53109 0 0 0 1179 4 0 0 0 0 0 0 0 0 0 0 0 0 0 0 0 16 0 0 0 0 0 0 0 8 0 0 0 0 0 131 0 1068 0 1 0 0 0 191 0 310 0 2 0 0 0 0 0 0 0 0 0 0 0 0 0 0 0 0 69 0 0 0 3 0 0 0 0 0 0 0 0 0 0 0 0 0 0 0 0 0 0 0 0 0 0 0 0 0 0 0 0 0 
0 3 0 0 8 696 0 0 1 0 2 0 0 0 0 0 26 0 0 2 0 0 320 0 2132 865 0 0 3431 0 0 79741 0 0 0 1499 4 0 0 0 0 0 0 1 58 0 0 0 0 0 0 0 16 0 0 0 0 0 0 0 9 0 0 0 0 0 323 0 1439 0 4 0 0 0 356 0 452 0 3 0 0 0 0 0 0 0 0 0 0 0 0 0 0 0 0 136 0 0 0 4 0 0 0 2 0 1 0 0 0 0 0 0 0 0 0 0 0 0 0 0 0 0 0 0 0 0 0 0 0 
0 5 0 0 24 991 0 0 4 0 7 0 0 0 0 0 64 0 0 32 0 0 1096 0 2512 3047 0 0 4557 0 0 116996 0 0 0 3693 39 0 0 0 0 0 0 10 74 0 0 1 0 0 0 0 30 0 0 0 0 0 0 0 31 0 0 5 0 0 1141 0 1629 0 14 0 0 0 962 0 1071 0 16 0 0 0 0 0 0 2 0 0 0 0 0 1 0 0 0 510 0 0 0 15 0 0 0 11 0 2 0 0 0 0 0 0 0 0 0 5 0 0 0 0 0 0 0 0 0 3 0 0 0 
0 10 0 0 37 1981 0 0 23 0 26 0 0 0 0 0 98 0 0 104 0 0 6442 0 4374 4273 0 0 5353 0 20 214970 0 0 0 6018 46 0 0 0 0 0 0 43 959 0 0 9 0 0 0 0 33 0 0 0 0 0 0 0 30 0 0 44 0 0 4011 0 1886 0 71 0 0 0 3667 0 1648 0 63 0 0 0 0 0 0 13 0 0 0 0 0 14 0 0 0 1712 0 0 0 26 0 0 0 16 0 38 0 0 0 0 0 0 0 0 0 15 0 0 7 0 0 0 0 0 0 19 0 0 0 
0 12 0 0 42 2438 0 0 41 0 27 0 0 0 0 0 94 0 0 174 0 0 11680 0 4330 4462 0 0 5877 0 58 290075 0 0 0 7596 58 0 0 0 0 0 0 69 1854 0 0 24 0 0 0 0 38 0 0 0 0 0 0 0 21 0 0 96 0 0 4818 0 2420 0 72 0 0 0 3552 0 2224 0 54 0 0 0 0 0 0 17 0 0 0 0 0 10 0 0 0 1883 0 0 0 25 0 0 0 19 0 36 0 0 0 0 0 0 0 0 0 21 0 0 6 0 0 0 0 0 0 18 0 0 0 
0 9 0 0 34 1904 0 0 16 0 22 0 0 0 0 0 91 0 0 80 0 0 4628 0 4308 4065 0 0 4809 0 6 239501 0 0 0 6381 44 0 0 0 0 0 0 23 948 0 0 13 0 0 0 0 30 0 0 0 0 0 0 0 28 0 0 28 0 0 3855 0 2047 0 59 0 0 0 2820 0 1791 0 42 0 0 0 0 0 0 9 0 0 0 0 0 10 0 0 0 1389 0 0 0 19 0 0 0 17 0 30 0 0 0 0 0 0 0 0 0 16 0 0 3 0 0 0 0 0 0 13 0 0 0 
0 7 0 0 29 1765 0 0 9 0 12 0 0 0 0 0 89 0 0 52 0 0 2973 0 4148 2797 0 0 4817 0 2 233176 0 0 0 6274 42 0 0 0 0 0 0 19 768 0 0 3 0 0 0 0 32 0 0 0 0 0 0 0 29 0 0 9 0 0 2137 0 2367 0 26 0 0 0 1933 0 1499 0 29 0 0 0 0 0 0 6 0 0 0 0 0 4 0 0 0 990 0 0 0 21 0 0 0 13 0 11 0 0 0 0 0 0 0 0 0 7 0 0 0 0 0 0 0 0 0 3 0 0 0 
0 7 0 0 35 1688 0 0 6 0 17 0 0 0 0 0 92 0 0 33 0 0 1888 0 4070 3922 0 0 4648 0 1 212982 0 0 0 6623 54 0 0 0 0 0 0 18 419 0 0 6 0 0 0 0 34 0 0 0 0 0 0 0 27 0 0 5 0 0 2934 0 1979 0 48 0 0 0 2651 0 1829 0 48 0 0 0 0 0 0 4 0 0 0 0 0 5 0 0 0 1379 0 0 0 18 0 0 0 21 0 14 0 0 0 0 0 0 0 0 0 24 0 0 4 0 0 0 0 0 0 12 0 0 0 
0 9 0 0 34 2055 0 0 19 0 19 0 0 0 0 0 75 0 0 92 0 0 5913 0 4268 3471 0 0 5495 0 13 261092 0 0 0 7012 47 0 0 0 0 0 0 30 1146 0 0 12 0 0 0 0 38 0 0 0 0 0 0 0 26 0 0 37 0 0 3144 0 2382 0 50 0 0 0 2850 0 1855 0 43 0 0 0 0 0 0 6 0 0 0 0 0 7 0 0 0 1493 0 0 0 18 0 0 0 18 0 18 0 0 0 0 0 0 0 0 0 15 0 0 5 0 0 0 0 0 0 13 0 0 0 
0 11 0 0 51 2426 0 0 37 0 21 0 0 0 0 0 94 0 0 184 0 0 11083 0 4119 4778 0 0 6178 0 53 295234 0 0 0 9250 81 0 0 0 0 0 0 116 2189 0 0 37 0 0 0 0 38 0 0 0 0 0 0 0 33 0 0 74 0 0 3433 0 2672 0 58 0 0 0 3377 0 1986 0 51 0 0 0 0 0 0 12 0 0 0 0 0 15 0 0 0 1697 0 0 0 30 0 0 0 25 0 35 0 0 0 0 0 0 0 0 0 18 0 0 2 0 0 0 0 0 0 2 0 0 0 
0 8 0 0 34 1983 0 0 9 0 21 0 0 0 0 0 86 0 0 46 0 0 2997 0 4336 3505 0 0 4398 0 1 261866 0 0 0 7346 51 0 0 0 0 0 0 19 827 0 0 11 0 0 0 0 34 0 0 0 0 0 0 0 27 0 0 15 0 0 3891 0 2085 0 62 0 0 0 2998 0 1917 0 49 0 0 0 0 0 0 6 0 0 0 0 0 6 0 0 0 1641 0 0 0 18 0 0 0 18 0 16 0 0 0 0 0 0 0 0 0 18 0 0 4 0 0 0 0 0 0 20 0 0 0 
0 10 0 0 32 2470 0 0 18 0 29 0 0 0 0 0 84 0 0 71 0 0 5833 0 4693 2639 0 0 5359 0 5 318515 0 0 0 6831 38 0 0 0 0 0 0 34 1473 0 0 8 0 0 0 0 32 0 0 0 0 0 0 0 13 0 0 39 0 0 4862 0 2582 0 53 0 0 0 4816 0 1572 0 62 0 0 0 0 0 0 14 0 0 0 0 0 16 0 0 0 2345 0 0 0 32 0 0 0 25 0 34 0 0 0 0 0 0 0 0 0 15 0 0 6 0 0 0 0 0 0 22 0 0 0 
0 7 0 0 36 1589 0 0 12 0 10 0 0 0 0 0 93 0 0 72 0 0 3936 0 3882 3935 0 0 4537 0 5 196553 0 0 0 6243 62 0 0 0 0 0 0 40 791 0 0 12 0 0 0 0 27 0 0 0 0 0 0 0 29 0 0 18 0 0 1690 0 2157 0 31 0 0 0 1409 0 1725 0 29 0 0 0 0 0 0 4 0 0 0 0 0 3 0 0 0 633 0 0 0 15 0 0 0 9 0 8 0 0 0 0 0 0 0 0 0 10 0 0 1 0 0 0 0 0 0 1 0 0 0 
0 7 0 0 40 1655 0 0 9 0 13 0 0 0 0 0 103 0 0 56 0 0 2790 0 3423 4589 0 0 4350 0 2 213317 0 0 0 7637 74 0 0 0 0 0 0 22 625 0 0 13 0 0 0 0 40 0 0 0 0 0 0 0 36 0 0 12 0 0 2618 0 2022 0 48 0 0 0 1696 0 2324 0 32 0 0 0 0 0 0 8 0 0 0 0 0 3 0 0 0 979 0 0 0 22 0 0 0 19 0 8 0 0 0 0 0 0 0 0 0 21 0 0 2 0 0 0 0 0 0 5 0 0 0 
0 7 0 0 30 1373 0 0 10 0 13 0 0 0 0 0 114 0 0 57 0 0 2788 0 3806 4684 0 0 4355 0 3 142657 0 0 0 4251 29 0 0 0 0 0 0 21 471 0 0 9 0 0 0 0 28 0 0 0 0 0 0 0 34 0 0 15 0 0 2081 0 1519 0 30 0 0 0 1697 0 1542 0 32 0 0 0 0 0 0 4 0 0 0 0 0 4 0 0 0 741 0 0 0 12 0 0 0 7 0 12 0 0 0 0 0 0 0 0 0 12 0 0 2 0 0 0 0 0 0 6 0 0 0 
0 10 0 0 48 2018 0 0 32 0 14 0 0 0 0 0 118 0 0 187 0 0 9110 0 4237 4828 0 0 6013 0 43 239846 0 0 0 7678 79 0 0 0 0 0 0 95 1634 0 0 28 0 0 0 0 41 0 0 0 0 0 0 0 33 0 0 56 0 0 2388 0 2692 0 42 0 0 0 1941 0 1894 0 33 0 0 0 0 0 0 5 0 0 0 0 0 7 0 0 0 884 0 0 0 21 0 0 0 12 0 14 0 0 0 0 0 0 0 0 0 11 0 0 1 0 0 0 0 0 0 2 0 0 0 
0 8 0 0 37 1563 0 0 17 0 14 0 0 0 0 0 99 0 0 107 0 0 4753 0 3494 3705 0 0 4434 0 10 190233 0 0 0 6462 58 0 0 0 0 0 0 27 830 0 0 15 0 0 0 0 31 0 0 0 0 0 0 0 29 0 0 37 0 0 2443 0 1822 0 44 0 0 0 1715 0 1697 0 36 0 0 0 0 0 0 5 0 0 0 0 0 6 0 0 0 810 0 0 0 15 0 0 0 15 0 12 0 0 0 0 0 0 0 0 0 12 0 0 1 0 0 0 0 0 0 4 0 0 0 
0 7 0 0 37 1425 0 0 14 0 7 0 0 0 0 0 106 0 0 77 0 0 4310 0 3439 4313 0 0 5257 0 9 176022 0 0 0 5731 55 0 0 0 0 0 0 48 730 0 0 19 0 0 0 0 34 0 0 0 0 0 0 0 30 0 0 17 0 0 802 0 2245 0 17 0 0 0 1239 0 1813 0 26 0 0 0 0 0 0 3 0 0 0 0 0 3 0 0 0 348 0 0 0 9 0 0 0 12 0 3 0 0 0 0 0 0 0 0 0 9 0 0 0 0 0 0 0 0 0 0 0 0 0 
0 4 0 0 19 1070 0 0 3 0 3 0 0 0 0 0 63 0 0 15 0 0 1067 0 2869 1611 0 0 4219 0 0 145712 0 0 0 4270 31 0 0 0 0 0 0 15 259 0 0 3 0 0 0 0 36 0 0 0 0 0 0 0 19 0 0 2 0 0 387 0 2141 0 7 0 0 0 676 0 1021 0 10 0 0 0 0 0 0 1 0 0 0 0 0 1 0 0 0 275 0 0 0 5 0 0 0 2 0 0 0 0 0 0 0 0 0 0 0 1 0 0 0 0 0 0 0 0 0 0 0 0 0 
0 4 0 0 21 928 0 0 3 0 4 0 0 0 0 0 75 0 0 17 0 0 980 0 2788 2267 0 0 3380 0 1 110713 0 0 0 3803 30 0 0 0 0 0 0 16 170 0 0 4 0 0 0 0 32 0 0 0 0 0 0 0 24 0 0 0 0 0 525 0 1522 0 13 0 0 0 641 0 950 0 9 0 0 0 0 0 0 0 0 0 0 0 0 3 0 0 0 401 0 0 0 3 0 0 0 7 0 2 0 0 0 0 0 0 0 0 0 1 0 0 0 0 0 0 0 0 0 0 0 0 0 
0 4 0 0 14 592 0 0 3 0 3 0 0 0 0 0 44 0 0 12 0 0 806 0 1782 1986 0 0 3452 0 0 56990 0 0 0 1599 17 0 0 0 0 0 0 4 22 0 0 0 0 0 0 0 22 0 0 0 0 0 0 0 17 0 0 2 0 0 436 0 1123 0 11 0 0 0 295 0 433 0 7 0 0 0 0 0 0 0 0 0 0 0 0 0 0 0 0 94 0 0 0 5 0 0 0 1 0 2 0 0 0 0 0 0 0 0 0 2 0 0 0 0 0 0 0 0 0 0 0 0 0 
57 10 288 423 31 1995 1572 199 22 4 25 24 144 437 971 1040 88 812 984 92 662 29639 5855 8712 4450 3036 78908 11392 5192 186 16 225358 28106 31851 8867 4927 30 781 805 2 323 239 25 30 825 1124 367 6 11 735 521 96 32 12 10 8 0 8 568 690 19 52 282 47 149 33008 3818 989 2080 385 48 95 162 4665 3813 5582 1346 69 56 408 104 5 1 2 0 7 150 2 0 3 1 12 12 55 1157 1836 162 284 259 23 0 46 260 18 68 27 90 14 25 3 2 0 8 1 45 16 314 13 5 5 0 0 3 1 0 22 21 121 1 
0 1 0 0 6 260 0 0 0 0 0 0 0 0 0 0 14 0 0 0 0 0 0 0 652 704 0 0 1299 0 0 33102 0 0 0 1176 6 0 0 0 0 0 0 0 0 0 0 0 0 0 0 0 14 0 0 0 0 0 0 0 11 0 0 0 0 0 0 0 569 0 0 0 0 0 0 0 373 0 0 0 0 0 0 0 0 0 0 0 0 0 0 0 0 0 0 0 0 0 0 0 0 0 0 0 0 0 0 0 0 0 0 0 0 0 0 0 0 0 0 0 0 0 0 0 0 0 0 0 0 
0 3 0 0 12 808 0 0 1 0 2 0 0 0 0 0 38 0 0 7 0 0 376 0 2166 1097 0 0 3305 0 0 112035 0 0 0 2776 17 0 0 0 0 0 0 2 114 0 0 2 0 0 0 0 23 0 0 0 0 0 0 0 11 0 0 0 0 0 249 0 1626 0 1 0 0 0 454 0 782 0 7 0 0 0 0 0 0 1 0 0 0 0 0 0 0 0 0 152 0 0 0 4 0 0 0 1 0 0 0 0 0 0 0 0 0 0 0 0 0 0 0 0 0 0 0 0 0 0 0 0 0 
0 8 0 0 39 1667 0 0 18 0 12 0 0 0 0 0 118 0 0 111 0 0 5202 0 3879 4042 0 0 5391 0 14 187360 0 0 0 6733 53 0 0 0 0 0 0 54 1038 0 0 9 0 0 0 0 37 0 0 0 0 0 0 0 31 0 0 35 0 0 2017 0 2181 0 41 0 0 0 1590 0 1699 0 37 0 0 0 0 0 0 6 0 0 0 0 0 2 0 0 0 825 0 0 0 15 0 0 0 13 0 6 0 0 0 0 0 0 0 0 0 10 0 0 1 0 0 0 0 0 0 4 0 0 0 
0 8 0 0 24 1747 0 0 14 0 16 0 0 0 0 0 71 0 0 60 0 0 4324 0 4059 2313 0 0 5605 0 11 213658 0 0 0 4736 25 0 0 0 0 0 0 31 934 0 0 5 0 0 0 0 32 0 0 0 0 0 0 0 16 0 0 16 0 0 2517 0 2462 0 30 0 0 0 2474 0 1427 0 33 0 0 0 0 0 0 12 0 0 0 0 0 8 0 0 0 943 0 0 0 10 0 0 0 8 0 12 0 0 0 0 0 0 0 0 0 3 0 0 1 0 0 0 0 0 0 9 0 0 0 
174 8 1217 910 25 1415 14684 401 15 14 15 370 469 3052 4107 2237 58 2050 1357 58 885 50085 3501 54627 2483 1934 152571 147798 2153 265 10 133456 809818 94814 52641 3636 21 1258 3067 36 1654 382 670 20 691 6129 447 6 658 2091 1148 1237 7 30 28 29 15 1899 1452 948 12 471 605 24 145 88327 1978 43526 1001 1392 26 1189 1024 58485 1867 47333 977 1008 32 1087 819 14 11 10 16 3 300 211 2 6 6 5 186 217 15868 992 9263 607 632 13 488 350 508 14 650 18 267 285 549 18 8 8 10 407 375 14 651 149 1 10 1 5 6 10 7 8 230 362 133 
0 1 0 0 6 260 0 0 0 0 0 0 0 0 0 0 14 0 0 0 0 0 0 0 652 704 0 0 1299 0 0 33102 0 0 0 1176 6 0 0 0 0 0 0 0 0 0 0 0 0 0 0 0 14 0 0 0 0 0 0 0 11 0 0 0 0 0 0 0 569 0 0 0 0 0 0 0 373 0 0 0 0 0 0 0 0 0 0 0 0 0 0 0 0 0 0 0 0 0 0 0 0 0 0 0 0 0 0 0 0 0 0 0 0 0 0 0 0 0 0 0 0 0 0 0 0 0 0 0 0 
0 7 0 0 36 1738 0 0 10 0 12 0 0 0 0 0 85 0 0 49 0 0 3246 0 3504 4083 0 0 4877 0 2 231272 0 0 0 7284 57 0 0 0 0 0 0 29 904 0 0 15 0 0 0 0 37 0 0 0 0 0 0 0 31 0 0 15 0 0 2236 0 2366 0 37 0 0 0 1694 0 2131 0 28 0 0 0 0 0 0 5 0 0 0 0 0 5 0 0 0 914 0 0 0 17 0 0 0 16 0 9 0 0 0 0 0 0 0 0 0 17 0 0 1 0 0 0 0 0 0 3 0 0 0 
0 5 0 0 21 1114 0 0 4 0 8 0 0 0 0 0 72 0 0 21 0 0 1181 0 3042 2524 0 0 4251 0 0 135177 0 0 0 3424 32 0 0 0 0 0 0 11 227 0 0 5 0 0 0 0 29 0 0 0 0 0 0 0 15 0 0 5 0 0 1198 0 1689 0 19 0 0 0 1465 0 983 0 24 0 0 0 0 0 0 3 0 0 0 0 0 2 0 0 0 566 0 0 0 11 0 0 0 6 0 4 0 0 0 0 0 0 0 0 0 3 0 0 0 0 0 0 0 0 0 3 0 0 0 
0 2 0 0 9 339 0 0 0 0 1 0 0 0 0 0 35 0 0 0 0 0 0 0 1090 800 0 0 1467 0 0 36017 0 0 0 1400 9 0 0 0 0 0 0 0 0 0 0 0 0 0 0 0 13 0 0 0 0 0 0 0 11 0 0 0 0 0 227 0 555 0 4 0 0 0 49 0 384 0 1 0 0 0 0 0 0 0 0 0 0 0 0 0 0 0 0 30 0 0 0 2 0 0 0 2 0 0 0 0 0 0 0 0 0 0 0 0 0 0 0 0 0 0 0 0 0 0 0 0 0 
0 4 0 0 25 754 0 0 6 0 0 0 0 0 0 0 74 0 0 50 0 0 1857 0 1878 3146 0 0 2368 0 4 97751 0 0 0 3836 52 0 0 0 0 0 0 13 196 0 0 8 0 0 0 0 24 0 0 0 0 0 0 0 35 0 0 0 0 0 0 0 1234 0 0 0 0 0 0 0 1135 0 0 0 0 0 0 0 0 0 0 0 0 0 0 0 0 0 0 0 0 0 0 0 0 0 0 0 0 0 0 0 0 0 0 0 0 0 0 0 0 0 0 0 0 0 0 0 0 0 0 0 0 
0 8 0 0 36 1322 0 0 15 0 16 0 0 0 0 0 134 0 0 85 0 0 3841 0 3800 5433 0 0 4832 0 8 118463 0 0 0 4217 36 0 0 0 0 0 0 26 576 0 0 15 0 0 0 0 25 0 0 0 0 0 0 0 32 0 0 25 0 0 2198 0 1459 0 47 0 0 0 1913 0 1499 0 47 0 0 0 0 0 0 7 0 0 0 0 0 12 0 0 0 510 0 0 0 17 0 0 0 18 0 19 0 0 0 0 0 0 0 0 0 12 0 0 0 0 0 0 0 0 0 3 0 0 0 
0 3 0 0 16 635 0 0 2 0 1 0 0 0 0 0 42 0 0 17 0 0 677 0 1681 1741 0 0 2201 0 0 84064 0 0 0 3300 27 0 0 0 0 0 0 1 8 0 0 0 0 0 0 0 25 0 0 0 0 0 0 0 28 0 0 1 0 0 197 0 1090 0 3 0 0 0 140 0 939 0 1 0 0 0 0 0 0 0 0 0 0 0 0 0 0 0 0 117 0 0 0 3 0 0 0 5 0 0 0 0 0 0 0 0 0 0 0 1 0 0 0 0 0 0 0 0 0 0 0 0 0 
0 8 0 0 35 1913 0 0 12 0 18 0 0 0 0 0 98 0 0 71 0 0 3779 0 4211 3795 0 0 4816 0 4 243195 0 0 0 7070 50 0 0 0 0 0 0 24 989 0 0 9 0 0 0 0 31 0 0 0 0 0 0 0 34 0 0 18 0 0 3217 0 2079 0 53 0 0 0 2435 0 1864 0 40 0 0 0 0 0 0 7 0 0 0 0 0 7 0 0 0 1365 0 0 0 18 0 0 0 18 0 18 0 0 0 0 0 0 0 0 0 15 0 0 3 0 0 0 0 0 0 12 0 0 0 
0 6 0 0 32 1294 0 0 7 0 9 0 0 0 0 0 85 0 0 41 0 0 1996 0 3127 4483 0 0 4360 0 3 147437 0 0 0 5245 52 0 0 0 0 0 0 23 394 0 0 11 0 0 0 0 30 0 0 0 0 0 0 0 43 0 0 5 0 0 1648 0 1718 0 28 0 0 0 1161 0 1731 0 18 0 0 0 0 0 0 3 0 0 0 0 0 3 0 0 0 635 0 0 0 12 0 0 0 14 0 5 0 0 0 0 0 0 0 0 0 10 0 0 1 0 0 0 0 0 0 4 0 0 0 
79 10 444 630 34 2273 3032 258 22 7 27 49 156 744 1765 1903 51 893 1196 83 602 19883 6566 15218 2859 2675 139457 26653 3721 322 15 272163 75716 39476 20186 6680 35 1161 1516 16 883 284 119 49 1816 2255 666 15 82 1031 894 289 17 16 16 17 1 0 667 1302 16 75 293 51 78 37051 4008 2953 1823 398 55 275 198 7652 3943 7878 1352 102 55 517 130 9 2 3 0 9 162 12 4 8 1 15 74 43 2020 1975 398 343 383 15 0 92 559 25 126 36 73 44 34 6 3 0 15 0 69 18 379 38 5 6 0 0 7 5 0 22 36 90 0 
0 10 0 0 49 1971 0 0 26 0 22 0 0 0 0 0 121 0 0 153 0 0 7233 0 3812 5743 0 0 5409 0 24 231864 0 0 0 7754 85 0 0 0 0 0 0 55 1185 0 0 28 0 0 0 0 41 0 0 0 0 0 0 0 31 0 0 56 0 0 3826 0 2135 0 74 0 0 0 2985 0 2321 0 57 0 0 0 0 0 0 15 0 0 0 0 0 8 0 0 0 1331 0 0 0 28 0 0 0 23 0 27 0 0 0 0 0 0 0 0 0 25 0 0 3 0 0 0 0 0 0 12 0 0 0 
0 5 0 0 23 1337 0 0 4 0 6 0 0 0 0 0 62 0 0 22 0 0 1396 0 3626 2190 0 0 3921 0 0 181042 0 0 0 5052 32 0 0 0 0 0 0 11 378 0 0 6 0 0 0 0 32 0 0 0 0 0 0 0 24 0 0 3 0 0 976 0 2039 0 18 0 0 0 1107 0 1339 0 18 0 0 0 0 0 0 1 0 0 0 0 0 3 0 0 0 550 0 0 0 7 0 0 0 8 0 2 0 0 0 0 0 0 0 0 0 1 0 0 0 0 0 0 0 0 0 1 0 0 0 
0 6 0 0 32 1179 0 0 6 0 9 0 0 0 0 0 93 0 0 34 0 0 1788 0 3255 4324 0 0 4265 0 1 134861 0 0 0 4776 54 0 0 0 0 0 0 22 303 0 0 6 0 0 0 0 33 0 0 0 0 0 0 0 37 0 0 5 0 0 1751 0 1700 0 28 0 0 0 856 0 1521 0 20 0 0 0 0 0 0 2 0 0 0 0 0 4 0 0 0 430 0 0 0 17 0 0 0 13 0 5 0 0 0 0 0 0 0 0 0 14 0 0 0 0 0 0 0 0 0 3 0 0 0 
0 9 0 0 40 2077 0 0 16 0 23 0 0 0 0 0 83 0 0 87 0 0 4958 0 4214 4032 0 0 4881 0 4 271399 0 0 0 7151 59 0 0 0 0 0 0 37 1016 0 0 19 0 0 0 0 43 0 0 0 0 0 0 0 29 0 0 42 0 0 3798 0 2388 0 60 0 0 0 3926 0 1711 0 71 0 0 0 0 0 0 13 0 0 0 0 0 8 0 0 0 1718 0 0 0 29 0 0 0 13 0 16 0 0 0 0 0 0 0 0 0 13 0 0 5 0 0 0 0 0 0 17 0 0 0 
0 7 0 0 27 1488 0 0 14 0 7 0 0 0 0 0 79 0 0 68 0 0 4243 0 3850 2192 0 0 5843 0 10 180634 0 0 0 5415 40 0 0 0 0 0 0 39 711 0 0 8 0 0 0 0 41 0 0 0 0 0 0 0 22 0 0 16 0 0 1164 0 2411 0 16 0 0 0 1034 0 1115 0 14 0 0 0 0 0 0 2 0 0 0 0 0 3 0 0 0 517 0 0 0 8 0 0 0 7 0 3 0 0 0 0 0 0 0 0 0 1 0 0 0 0 0 0 0 0 0 1 0 0 0 
0 5 0 0 31 1371 0 0 3 0 8 0 0 0 0 0 76 0 0 21 0 0 1090 0 2788 3570 0 0 3874 0 0 194073 0 0 0 6632 63 0 0 0 0 0 0 6 399 0 0 7 0 0 0 0 38 0 0 0 0 0 0 0 30 0 0 3 0 0 1354 0 2102 0 26 0 0 0 1277 0 2066 0 21 0 0 0 0 0 0 1 0 0 0 0 0 0 0 0 0 684 0 0 0 15 0 0 0 14 0 3 0 0 0 0 0 0 0 0 0 15 0 0 2 0 0 0 0 0 0 4 0 0 0 
0 7 0 0 28 1419 0 0 14 0 7 0 0 0 0 0 78 0 0 75 0 0 4146 0 3792 2858 0 0 5155 0 13 159771 0 0 0 5057 31 0 0 0 0 0 0 26 761 0 0 5 0 0 0 0 30 0 0 0 0 0 0 0 22 0 0 10 0 0 1034 0 2089 0 19 0 0 0 1067 0 1337 0 19 0 0 0 0 0 0 2 0 0 0 0 0 5 0 0 0 362 0 0 0 4 0 0 0 8 0 4 0 0 0 0 0 0 0 0 0 5 0 0 0 0 0 0 0 0 0 1 0 0 0 
69 8 316 439 33 1477 2312 309 19 2 9 34 111 925 1452 1409 92 868 1189 85 1091 33081 4823 15637 3146 3691 77692 15780 4206 431 19 154258 50393 31780 12025 4799 48 850 1569 16 505 294 106 50 717 2502 559 12 29 347 290 63 22 8 2 7 5 0 162 359 17 51 231 23 227 22546 1352 1724 1821 435 19 189 423 5497 1384 5282 1459 118 14 409 245 3 2 5 0 1 171 4 0 6 0 3 70 42 1087 646 273 120 80 17 0 22 194 12 37 7 117 47 31 0 5 0 2 0 6 13 113 14 1 1 0 0 1 0 0 2 12 25 0 
0 6 0 0 23 1218 0 0 6 0 9 0 0 0 0 0 66 0 0 44 0 0 1986 0 2875 2273 0 0 4512 0 1 162667 0 0 0 4687 37 0 0 0 0 0 0 10 354 0 0 4 0 0 0 0 34 0 0 0 0 0 0 0 26 0 0 6 0 0 1517 0 1992 0 15 0 0 0 974 0 1289 0 21 0 0 0 0 0 0 6 0 0 0 0 0 1 0 0 0 444 0 0 0 13 0 0 0 7 0 2 0 0 0 0 0 0 0 0 0 1 0 0 0 0 0 0 0 0 0 4 0 0 0 
0 10 0 0 40 2098 0 0 21 0 27 0 0 0 0 0 112 0 0 107 0 0 6179 0 4914 4301 0 0 4316 0 11 241195 0 0 0 6922 41 0 0 0 0 0 0 34 968 0 0 12 0 0 0 0 27 0 0 0 0 0 0 0 36 0 0 49 0 0 4419 0 1712 0 81 0 0 0 3969 0 1711 0 78 0 0 0 0 0 0 11 0 0 0 0 0 11 0 0 0 1916 0 0 0 23 0 0 0 21 0 34 0 0 0 0 0 0 0 0 0 16 0 0 6 0 0 0 0 0 0 22 0 0 0 
0 4 0 0 15 605 0 0 2 0 4 0 0 0 0 0 54 0 0 18 0 0 462 0 1811 1970 0 0 3057 0 0 57968 0 0 0 1817 26 0 0 0 0 0 0 3 14 0 0 1 0 0 0 0 15 0 0 0 0 0 0 0 23 0 0 1 0 0 699 0 1004 0 7 0 0 0 303 0 467 0 8 0 0 0 0 0 0 2 0 0 0 0 0 0 0 0 0 157 0 0 0 6 0 0 0 1 0 0 0 0 0 0 0 0 0 0 0 0 0 0 0 0 0 0 0 0 0 1 0 0 0 
0 4 0 0 25 1091 0 0 2 0 5 0 0 0 0 0 64 0 0 16 0 0 717 0 2400 2908 0 0 3377 0 0 155327 0 0 0 5323 49 0 0 0 0 0 0 2 274 0 0 4 0 0 0 0 33 0 0 0 0 0 0 0 31 0 0 1 0 0 797 0 1765 0 17 0 0 0 770 0 1621 0 12 0 0 0 0 0 0 1 0 0 0 0 0 0 0 0 0 427 0 0 0 9 0 0 0 12 0 2 0 0 0 0 0 0 0 0 0 7 0 0 0 0 0 0 0 0 0 2 0 0 0 
0 11 0 0 42 2535 0 0 35 0 21 0 0 0 0 0 83 0 0 151 0 0 10694 0 4341 3229 0 0 6614 0 45 315676 0 0 0 8116 58 0 0 0 0 0 0 103 2177 0 0 19 0 0 0 0 36 0 0 0 0 0 0 0 23 0 0 72 0 0 3538 0 2909 0 39 0 0 0 3609 0 1707 0 47 0 0 0 0 0 0 9 0 0 0 0 0 12 0 0 0 1807 0 0 0 29 0 0 0 25 0 26 0 0 0 0 0 0 0 0 0 12 0 0 1 0 0 0 0 0 0 9 0 0 0 
0 7 0 0 37 1717 0 0 10 0 13 0 0 0 0 0 81 0 0 57 0 0 3285 0 3763 3502 0 0 4558 0 2 223489 0 0 0 7550 59 0 0 0 0 0 0 29 851 0 0 12 0 0 0 0 34 0 0 0 0 0 0 0 31 0 0 18 0 0 2309 0 2084 0 49 0 0 0 1963 0 1875 0 41 0 0 0 0 0 0 4 0 0 0 0 0 4 0 0 0 1021 0 0 0 17 0 0 0 14 0 11 0 0 0 0 0 0 0 0 0 11 0 0 3 0 0 0 0 0 0 3 0 0 0 
0 7 0 0 35 1196 0 0 11 0 11 0 0 0 0 0 108 0 0 68 0 0 3015 0 3210 5155 0 0 5053 0 5 122928 0 0 0 4149 49 0 0 0 0 0 0 32 449 0 0 9 0 0 0 0 34 0 0 0 0 0 0 0 33 0 0 15 0 0 1772 0 1812 0 34 0 0 0 1136 0 1413 0 30 0 0 0 0 0 0 3 0 0 0 0 0 7 0 0 0 369 0 0 0 10 0 0 0 14 0 7 0 0 0 0 0 0 0 0 0 13 0 0 0 0 0 0 0 0 0 3 0 0 0 
0 6 0 0 32 1319 0 0 9 0 7 0 0 0 0 0 99 0 0 60 0 0 2718 0 3081 3365 0 0 3972 0 4 168584 0 0 0 5938 60 0 0 0 0 0 0 19 559 0 0 7 0 0 0 0 34 0 0 0 0 0 0 0 31 0 0 10 0 0 1227 0 1833 0 29 0 0 0 917 0 1715 0 15 0 0 0 0 0 0 3 0 0 0 0 0 0 0 0 0 507 0 0 0 13 0 0 0 12 0 5 0 0 0 0 0 0 0 0 0 7 0 0 0 0 0 0 0 0 0 2 0 0 0 
0 9 0 0 41 1798 0 0 16 0 25 0 0 0 0 0 104 0 0 97 0 0 4525 0 4162 5542 0 0 5329 0 8 199086 0 0 0 5915 55 0 0 0 0 0 0 42 669 0 0 17 0 0 0 0 27 0 0 0 0 0 0 0 25 0 0 31 0 0 3826 0 2012 0 66 0 0 0 3792 0 1874 0 63 0 0 0 0 0 0 17 0 0 0 0 0 15 0 0 0 1526 0 0 0 23 0 0 0 23 0 27 0 0 0 0 0 0 0 0 0 23 0 0 7 0 0 0 0 0 0 21 0 0 0 
0 6 0 0 30 1094 0 0 9 0 7 0 0 0 0 0 98 0 0 48 0 0 2509 0 2860 4176 0 0 4998 0 4 103683 0 0 0 4052 44 0 0 0 0 0 0 26 353 0 0 8 0 0 0 0 29 0 0 0 0 0 0 0 31 0 0 9 0 0 1027 0 1629 0 22 0 0 0 834 0 1285 0 24 0 0 0 0 0 0 1 0 0 0 0 0 4 0 0 0 315 0 0 0 10 0 0 0 10 0 6 0 0 0 0 0 0 0 0 0 7 0 0 0 0 0 0 0 0 0 0 0 0 0 
0 11 0 0 28 2322 0 0 28 0 32 0 0 0 0 0 72 0 0 85 0 0 8471 0 4659 2484 0 0 6288 0 24 285754 0 0 0 5624 25 0 0 0 0 0 0 47 1544 0 0 8 0 0 0 0 30 0 0 0 0 0 0 0 14 0 0 68 0 0 4998 0 2669 0 58 0 0 0 4624 0 1291 0 58 0 0 0 0 0 0 28 0 0 0 0 0 24 0 0 0 2019 0 0 0 26 0 0 0 24 0 43 0 0 0 0 0 0 0 0 0 9 0 0 5 0 0 0 0 0 0 21 0 0 0 
0 7 0 0 35 1656 0 0 11 0 12 0 0 0 0 0 103 0 0 73 0 0 3319 0 4040 2869 0 0 4607 0 5 210065 0 0 0 7147 51 0 0 0 0 0 0 29 721 0 0 6 0 0 0 0 31 0 0 0 0 0 0 0 28 0 0 18 0 0 1984 0 2109 0 37 0 0 0 1921 0 1416 0 36 0 0 0 0 0 0 3 0 0 0 0 0 5 0 0 0 1140 0 0 0 18 0 0 0 18 0 7 0 0 0 0 0 0 0 0 0 10 0 0 3 0 0 0 0 0 0 4 0 0 0 
0 7 0 0 35 1757 0 0 10 0 13 0 0 0 0 0 100 0 0 46 0 0 3328 0 3993 3503 0 0 4798 0 2 233018 0 0 0 7064 57 0 0 0 0 0 0 40 844 0 0 14 0 0 0 0 37 0 0 0 0 0 0 0 24 0 0 17 0 0 1997 0 2354 0 34 0 0 0 2159 0 1735 0 37 0 0 0 0 0 0 4 0 0 0 0 0 5 0 0 0 1162 0 0 0 18 0 0 0 22 0 13 0 0 0 0 0 0 0 0 0 15 0 0 1 0 0 0 0 0 0 3 0 0 0 
0 7 0 0 32 1373 0 0 13 0 10 0 0 0 0 0 100 0 0 68 0 0 3619 0 3461 3872 0 0 4709 0 8 162951 0 0 0 5511 47 0 0 0 0 0 0 32 428 0 0 9 0 0 0 0 26 0 0 0 0 0 0 0 30 0 0 21 0 0 1752 0 1979 0 23 0 0 0 1406 0 1612 0 21 0 0 0 0 0 0 2 0 0 0 0 0 3 0 0 0 707 0 0 0 19 0 0 0 18 0 6 0 0 0 0 0 0 0 0 0 12 0 0 2 0 0 0 0 0 0 4 0 0 0 
0 1 0 0 6 260 0 0 0 0 0 0 0 0 0 0 14 0 0 0 0 0 0 0 652 704 0 0 1299 0 0 33102 0 0 0 1176 6 0 0 0 0 0 0 0 0 0 0 0 0 0 0 0 14 0 0 0 0 0 0 0 11 0 0 0 0 0 0 0 569 0 0 0 0 0 0 0 373 0 0 0 0 0 0 0 0 0 0 0 0 0 0 0 0 0 0 0 0 0 0 0 0 0 0 0 0 0 0 0 0 0 0 0 0 0 0 0 0 0 0 0 0 0 0 0 0 0 0 0 0 
0 10 0 0 46 1629 0 0 28 0 20 0 0 0 0 0 147 0 0 159 0 0 6736 0 4084 6076 0 0 4465 0 32 163514 0 0 0 6188 57 0 0 0 0 0 0 55 820 0 0 22 0 0 0 0 30 0 0 0 0 0 0 0 44 0 0 55 0 0 3137 0 1632 0 71 0 0 0 2444 0 1813 0 59 0 0 0 0 0 0 14 0 0 0 0 0 7 0 0 0 905 0 0 0 21 0 0 0 18 0 26 0 0 0 0 0 0 0 0 0 17 0 0 3 0 0 0 0 0 0 9 0 0 0 
0 7 0 0 33 1681 0 0 11 0 11 0 0 0 0 0 71 0 0 63 0 0 3509 0 4165 3183 0 0 5261 0 6 205076 0 0 0 6545 43 0 0 0 0 0 0 30 814 0 0 7 0 0 0 0 30 0 0 0 0 0 0 0 31 0 0 12 0 0 1809 0 2187 0 33 0 0 0 1801 0 1448 0 35 0 0 0 0 0 0 2 0 0 0 0 0 4 0 0 0 917 0 0 0 15 0 0 0 14 0 12 0 0 0 0 0 0 0 0 0 8 0 0 2 0 0 0 0 0 0 2 0 0 0 
0 9 0 0 39 2064 0 0 19 0 18 0 0 0 0 0 94 0 0 101 0 0 5885 0 4409 4011 0 0 6252 0 14 244199 0 0 0 7383 55 0 0 0 0 0 0 58 1223 0 0 12 0 0 0 0 37 0 0 0 0 0 0 0 30 0 0 31 0 0 2969 0 2605 0 45 0 0 0 2848 0 1595 0 46 0 0 0 0 0 0 7 0 0 0 0 0 9 0 0 0 1414 0 0 0 32 0 0 0 18 0 20 0 0 0 0 0 0 0 0 0 10 0 0 2 0 0 0 0 0 0 8 0 0 0 
0 9 0 0 39 1693 0 0 17 0 21 0 0 0 0 0 116 0 0 95 0 0 4677 0 4487 4834 0 0 4336 0 7 190553 0 0 0 5909 52 0 0 0 0 0 0 38 717 0 0 14 0 0 0 0 30 0 0 0 0 0 0 0 33 0 0 32 0 0 3863 0 1583 0 63 0 0 0 2194 0 1547 0 56 0 0 0 0 0 0 14 0 0 0 0 0 8 0 0 0 1068 0 0 0 17 0 0 0 10 0 24 0 0 0 0 0 0 0 0 0 13 0 0 1 0 0 0 0 0 0 12 0 0 0 
0 5 0 0 27 1167 0 0 5 0 6 0 0 0 0 0 72 0 0 25 0 0 1604 0 3050 3309 0 0 3769 0 1 149602 0 0 0 5114 39 0 0 0 0 0 0 20 400 0 0 5 0 0 0 0 28 0 0 0 0 0 0 0 26 0 0 3 0 0 1152 0 1606 0 25 0 0 0 765 0 1466 0 18 0 0 0 0 0 0 3 0 0 0 0 0 2 0 0 0 421 0 0 0 5 0 0 0 3 0 4 0 0 0 0 0 0 0 0 0 8 0 0 0 0 0 0 0 0 0 0 0 0 0 
0 10 0 0 43 1646 0 0 28 0 18 0 0 0 0 0 110 0 0 147 0 0 6858 0 3579 5829 0 0 5576 0 27 187447 0 0 0 5960 67 0 0 0 0 0 0 50 906 0 0 25 0 0 0 0 39 0 0 0 0 0 0 0 46 0 0 61 0 0 3463 0 2042 0 51 0 0 0 1620 0 1746 0 45 0 0 0 0 0 0 17 0 0 0 0 0 7 0 0 0 732 0 0 0 28 0 0 0 14 0 7 0 0 0 0 0 0 0 0 0 12 0 0 0 0 0 0 0 0 0 9 0 0 0 
0 5 0 0 27 1228 0 0 3 0 9 0 0 0 0 0 86 0 0 22 0 0 1019 0 3490 2449 0 0 3863 0 0 153595 0 0 0 5581 44 0 0 0 0 0 0 14 207 0 0 2 0 0 0 0 28 0 0 0 0 0 0 0 25 0 0 4 0 0 1487 0 1748 0 30 0 0 0 1380 0 1311 0 29 0 0 0 0 0 0 0 0 0 0 0 0 1 0 0 0 753 0 0 0 13 0 0 0 14 0 3 0 0 0 0 0 0 0 0 0 7 0 0 3 0 0 0 0 0 0 6 0 0 0 
0 5 0 0 23 973 0 0 6 0 4 0 0 0 0 0 81 0 0 29 0 0 1830 0 3187 3041 0 0 3416 0 1 108053 0 0 0 3500 27 0 0 0 0 0 0 17 258 0 0 5 0 0 0 0 22 0 0 0 0 0 0 0 25 0 0 6 0 0 701 0 1405 0 12 0 0 0 453 0 962 0 13 0 0 0 0 0 0 1 0 0 0 0 0 1 0 0 0 188 0 0 0 4 0 0 0 2 0 1 0 0 0 0 0 0 0 0 0 3 0 0 0 0 0 0 0 0 0 0 0 0 0 
144 8 354 818 39 1489 10217 515 15 4 15 79 331 948 1518 3199 90 927 1653 83 1617 70489 3804 56274 2829 3197 141229 42561 3438 454 6 161522 477106 14885 42371 5774 53 1041 1109 13 607 724 185 45 869 8323 752 18 97 666 234 351 36 14 12 9 6 23 233 1142 36 175 605 30 431 70978 2079 9258 1668 1360 40 338 157 7611 1707 30994 1241 232 42 932 241 2 0 0 1 5 351 19 1 6 0 9 57 178 8020 935 959 447 145 16 2 61 117 19 140 11 310 36 146 2 3 0 7 7 52 14 376 19 1 1 0 0 2 1 0 6 18 184 0 
0 7 0 0 29 1733 0 0 12 0 10 0 0 0 0 0 72 0 0 56 0 0 3988 0 3630 2813 0 0 5867 0 6 220096 0 0 0 5722 42 0 0 0 0 0 0 43 1070 0 0 7 0 0 0 0 34 0 0 0 0 0 0 0 14 0 0 18 0 0 1430 0 2826 0 19 0 0 0 1869 0 1695 0 29 0 0 0 0 0 0 7 0 0 0 0 0 2 0 0 0 662 0 0 0 14 0 0 0 9 0 4 0 0 0 0 0 0 0 0 0 7 0 0 1 0 0 0 0 0 0 2 0 0 0 
0 10 0 0 36 2285 0 0 18 0 30 0 0 0 0 0 91 0 0 73 0 0 5687 0 4436 4156 0 0 5064 0 6 283567 0 0 0 6891 46 0 0 0 0 0 0 30 1312 0 0 19 0 0 0 0 38 0 0 0 0 0 0 0 20 0 0 37 0 0 5109 0 2251 0 74 0 0 0 4219 0 2077 0 68 0 0 0 0 0 0 15 0 0 0 0 0 14 0 0 0 2065 0 0 0 24 0 0 0 22 0 43 0 0 0 0 0 0 0 0 0 23 0 0 7 0 0 0 0 0 0 23 0 0 0 
0 9 0 0 44 1939 0 0 22 0 16 0 0 0 0 0 105 0 0 116 0 0 6678 0 3915 4468 0 0 5917 0 16 237834 0 0 0 7945 69 0 0 0 0 0 0 68 1434 0 0 22 0 0 0 0 35 0 0 0 0 0 0 0 33 0 0 49 0 0 2820 0 2433 0 49 0 0 0 2059 0 2032 0 42 0 0 0 0 0 0 5 0 0 0 0 0 8 0 0 0 890 0 0 0 22 0 0 0 21 0 13 0 0 0 0 0 0 0 0 0 15 0 0 3 0 0 0 0 0 0 4 0 0 0 
0 7 0 0 28 1313 0 0 10 0 11 0 0 0 0 0 88 0 0 62 0 0 2718 0 3601 3634 0 0 5223 0 4 136902 0 0 0 4444 38 0 0 0 0 0 0 21 390 0 0 5 0 0 0 0 27 0 0 0 0 0 0 0 27 0 0 11 0 0 1677 0 1770 0 22 0 0 0 1482 0 1254 0 30 0 0 0 0 0 0 5 0 0 0 0 0 1 0 0 0 597 0 0 0 14 0 0 0 7 0 10 0 0 0 0 0 0 0 0 0 5 0 0 0 0 0 0 0 0 0 4 0 0 0 
0 5 0 0 20 1020 0 0 2 0 10 0 0 0 0 0 55 0 0 10 0 0 554 0 3090 2068 0 0 3071 0 0 121170 0 0 0 3879 26 0 0 0 0 0 0 1 26 0 0 1 0 0 0 0 22 0 0 0 0 0 0 0 22 0 0 1 0 0 1615 0 1209 0 34 0 0 0 1405 0 1086 0 28 0 0 0 0 0 0 0 0 0 0 0 0 2 0 0 0 679 0 0 0 9 0 0 0 10 0 4 0 0 0 0 0 0 0 0 0 4 0 0 3 0 0 0 0 0 0 7 0 0 0 
0 8 0 0 35 1721 0 0 13 0 17 0 0 0 0 0 114 0 0 64 0 0 3899 0 4202 4589 0 0 4480 0 4 196627 0 0 0 5611 37 0 0 0 0 0 0 32 762 0 0 13 0 0 0 0 30 0 0 0 0 0 0 0 36 0 0 25 0 0 2645 0 1923 0 48 0 0 0 2525 0 1751 0 50 0 0 0 0 0 0 7 0 0 0 0 0 9 0 0 0 1116 0 0 0 14 0 0 0 17 0 14 0 0 0 0 0 0 0 0 0 12 0 0 2 0 0 0 0 0 0 7 0 0 0 
0 7 0 0 35 1537 0 0 8 0 14 0 0 0 0 0 101 0 0 57 0 0 2329 0 3997 3613 0 0 4119 0 2 187452 0 0 0 6178 52 0 0 0 0 0 0 12 287 0 0 3 0 0 0 0 37 0 0 0 0 0 0 0 30 0 0 11 0 0 2399 0 1858 0 49 0 0 0 2238 0 1727 0 49 0 0 0 0 0 0 6 0 0 0 0 0 3 0 0 0 1088 0 0 0 17 0 0 0 15 0 7 0 0 0 0 0 0 0 0 0 13 0 0 5 0 0 0 0 0 0 6 0 0 0 
0 5 0 0 21 1159 0 0 2 0 10 0 0 0 0 0 65 0 0 12 0 0 650 0 3259 2568 0 0 3784 0 0 138953 0 0 0 3998 28 0 0 0 0 0 0 4 155 0 0 0 0 0 0 0 24 0 0 0 0 0 0 0 28 0 0 1 0 0 1676 0 1562 0 31 0 0 0 1332 0 1275 0 21 0 0 0 0 0 0 0 0 0 0 0 0 2 0 0 0 717 0 0 0 8 0 0 0 14 0 3 0 0 0 0 0 0 0 0 0 6 0 0 2 0 0 0 0 0 0 9 0 0 0 
0 7 0 0 27 1489 0 0 9 0 13 0 0 0 0 0 83 0 0 51 0 0 2630 0 3573 3001 0 0 4512 0 3 186154 0 0 0 5325 41 0 0 0 0 0 0 12 485 0 0 6 0 0 0 0 33 0 0 0 0 0 0 0 28 0 0 11 0 0 2292 0 1901 0 31 0 0 0 1790 0 1441 0 31 0 0 0 0 0 0 9 0 0 0 0 0 3 0 0 0 871 0 0 0 17 0 0 0 11 0 8 0 0 0 0 0 0 0 0 0 6 0 0 0 0 0 0 0 0 0 6 0 0 0 
0 9 0 0 40 1928 0 0 21 0 17 0 0 0 0 0 111 0 0 104 0 0 6165 0 4224 3969 0 0 5567 0 18 224104 0 0 0 6899 67 0 0 0 0 0 0 63 1012 0 0 19 0 0 0 0 29 0 0 0 0 0 0 0 17 0 0 39 0 0 2495 0 2485 0 40 0 0 0 3106 0 1673 0 37 0 0 0 0 0 0 1 0 0 0 0 0 14 0 0 0 1311 0 0 0 32 0 0 0 22 0 15 0 0 0 0 0 0 0 0 0 16 0 0 3 0 0 0 0 0 0 8 0 0 0 
0 7 0 0 34 1376 0 0 12 0 10 0 0 0 0 0 93 0 0 57 0 0 3321 0 3492 4063 0 0 5768 0 7 158298 0 0 0 5183 51 0 0 0 0 0 0 42 472 0 0 14 0 0 0 0 38 0 0 0 0 0 0 0 36 0 0 15 0 0 1630 0 2070 0 20 0 0 0 1539 0 1457 0 32 0 0 0 0 0 0 6 0 0 0 0 0 1 0 0 0 562 0 0 0 18 0 0 0 15 0 7 0 0 0 0 0 0 0 0 0 6 0 0 0 0 0 0 0 0 0 4 0 0 0 
0 8 0 0 33 1281 0 0 19 0 10 0 0 0 0 0 126 0 0 110 0 0 4405 0 3698 3626 0 0 3760 0 18 133768 0 0 0 4742 45 0 0 0 0 0 0 20 534 0 0 9 0 0 0 0 27 0 0 0 0 0 0 0 26 0 0 26 0 0 1905 0 1246 0 44 0 0 0 1043 0 1346 0 25 0 0 0 0 0 0 7 0 0 0 0 0 1 0 0 0 518 0 0 0 8 0 0 0 5 0 9 0 0 0 0 0 0 0 0 0 9 0 0 0 0 0 0 0 0 0 1 0 0 0 
0 7 0 0 29 1697 0 0 12 0 11 0 0 0 0 0 80 0 0 53 0 0 3771 0 4157 2803 0 0 5387 0 8 205695 0 0 0 5641 33 0 0 0 0 0 0 44 888 0 0 6 0 0 0 0 34 0 0 0 0 0 0 0 19 0 0 16 0 0 1700 0 2420 0 27 0 0 0 1911 0 1345 0 27 0 0 0 0 0 0 1 0 0 0 0 0 8 0 0 0 1023 0 0 0 14 0 0 0 16 0 7 0 0 0 0 0 0 0 0 0 7 0 0 1 0 0 0 0 0 0 5 0 0 0 
0 9 0 0 40 2041 0 0 20 0 16 0 0 0 0 0 98 0 0 105 0 0 6055 0 4391 3882 0 0 5292 0 12 252869 0 0 0 8057 55 0 0 0 0 0 0 53 1364 0 0 13 0 0 0 0 37 0 0 0 0 0 0 0 40 0 0 37 0 0 3322 0 2182 0 55 0 0 0 1841 0 1846 0 35 0 0 0 0 0 0 10 0 0 0 0 0 8 0 0 0 1163 0 0 0 18 0 0 0 17 0 12 0 0 0 0 0 0 0 0 0 11 0 0 0 0 0 0 0 0 0 5 0 0 0 
0 7 0 0 33 1835 0 0 11 0 10 0 0 0 0 0 79 0 0 60 0 0 3668 0 3933 3126 0 0 5035 0 3 246520 0 0 0 7204 53 0 0 0 0 0 0 30 1014 0 0 12 0 0 0 0 37 0 0 0 0 0 0 0 29 0 0 17 0 0 1685 0 2570 0 26 0 0 0 1733 0 1907 0 26 0 0 0 0 0 0 1 0 0 0 0 0 3 0 0 0 933 0 0 0 15 0 0 0 17 0 8 0 0 0 0 0 0 0 0 0 10 0 0 1 0 0 0 0 0 0 2 0 0 0 
235 3 842 491 14 468 27057 944 1 4 2 440 210 3268 1268 1631 24 1897 1077 6 2733 116033 269 161952 795 1197 67324 140698 1131 1109 0 44484 2049742 47434 41625 1753 22 86 2724 22 384 547 1427 1 74 27214 479 2 239 543 201 599 12 10 8 1 25 1195 398 247 6 988 392 0 774 40844 382 69698 504 799 5 670 719 52658 65 29174 563 1368 3 107 795 3 6 3 7 0 208 172 1 5 1 1 458 40 9517 34 15572 173 224 2 516 51 112 2 238 0 277 419 242 1 7 12 1 357 196 4 32 38 0 1 3 0 0 0 1 0 132 12 209 
0 5 0 0 25 1342 0 0 6 0 4 0 0 0 0 0 71 0 0 32 0 0 2030 0 3208 2154 0 0 4996 0 2 182245 0 0 0 5599 41 0 0 0 0 0 0 34 615 0 0 4 0 0 0 0 41 0 0 0 0 0 0 0 25 0 0 4 0 0 517 0 2534 0 8 0 0 0 882 0 1323 0 13 0 0 0 0 0 0 3 0 0 0 0 0 1 0 0 0 342 0 0 0 8 0 0 0 2 0 0 0 0 0 0 0 0 0 0 0 1 0 0 0 0 0 0 0 0 0 0 0 0 0 
0 10 0 0 37 1756 0 0 22 0 25 0 0 0 0 0 117 0 0 110 0 0 5624 0 4540 4287 0 0 5308 0 11 189524 0 0 0 5114 42 0 0 0 0 0 0 41 774 0 0 14 0 0 0 0 27 0 0 0 0 0 0 0 22 0 0 55 0 0 3562 0 1953 0 62 0 0 0 3513 0 1293 0 66 0 0 0 0 0 0 9 0 0 0 0 0 16 0 0 0 1139 0 0 0 24 0 0 0 13 0 23 0 0 0 0 0 0 0 0 0 7 0 0 3 0 0 0 0 0 0 20 0 0 0 
0 7 0 0 41 1625 0 0 14 0 9 0 0 0 0 0 83 0 0 90 0 0 4499 0 3435 4730 0 0 4412 0 10 207846 0 0 0 7126 83 0 0 0 0 0 0 43 814 0 0 25 0 0 0 0 31 0 0 0 0 0 0 0 49 0 0 23 0 0 1582 0 2146 0 35 0 0 0 1425 0 1895 0 25 0 0 0 0 0 0 3 0 0 0 0 0 2 0 0 0 803 0 0 0 12 0 0 0 14 0 5 0 0 0 0 0 0 0 0 0 6 0 0 1 0 0 0 0 0 0 1 0 0 0 
0 4 0 0 19 1123 0 0 2 0 4 0 0 0 0 0 55 0 0 16 0 0 717 0 2656 1743 0 0 3748 0 0 161185 0 0 0 4568 34 0 0 0 0 0 0 4 274 0 0 3 0 0 0 0 33 0 0 0 0 0 0 0 23 0 0 1 0 0 563 0 2046 0 5 0 0 0 830 0 1246 0 12 0 0 0 0 0 0 2 0 0 0 0 0 0 0 0 0 349 0 0 0 10 0 0 0 6 0 0 0 0 0 0 0 0 0 0 0 0 0 0 0 0 0 0 0 0 0 1 0 0 0 
0 7 0 0 35 1406 0 0 11 0 11 0 0 0 0 0 120 0 0 74 0 0 3072 0 3831 3520 0 0 3898 0 5 159546 0 0 0 6362 51 0 0 0 0 0 0 23 491 0 0 5 0 0 0 0 30 0 0 0 0 0 0 0 36 0 0 14 0 0 1947 0 1620 0 40 0 0 0 1385 0 1459 0 33 0 0 0 0 0 0 4 0 0 0 0 0 4 0 0 0 769 0 0 0 17 0 0 0 17 0 9 0 0 0 0 0 0 0 0 0 9 0 0 1 0 0 0 0 0 0 3 0 0 0 
0 4 0 0 26 790 0 0 3 0 4 0 0 0 0 0 64 0 0 27 0 0 788 0 1931 3464 0 0 3367 0 0 97291 0 0 0 3954 48 0 0 0 0 0 0 9 42 0 0 3 0 0 0 0 28 0 0 0 0 0 0 0 39 0 0 4 0 0 708 0 1232 0 13 0 0 0 507 0 1230 0 8 0 0 0 0 0 0 0 0 0 0 0 0 0 0 0 0 347 0 0 0 7 0 0 0 11 0 0 0 0 0 0 0 0 0 0 0 6 0 0 0 0 0 0 0 0 0 2 0 0 0 
0 11 0 0 33 2417 0 0 26 0 30 0 0 0 0 0 86 0 0 90 0 0 8081 0 4589 3074 0 0 5522 0 16 307521 0 0 0 6682 41 0 0 0 0 0 0 44 1587 0 0 17 0 0 0 0 32 0 0 0 0 0 0 0 16 0 0 62 0 0 4871 0 2654 0 56 0 0 0 4543 0 1607 0 63 0 0 0 0 0 0 23 0 0 0 0 0 18 0 0 0 1995 0 0 0 28 0 0 0 23 0 31 0 0 0 0 0 0 0 0 0 11 0 0 4 0 0 0 0 0 0 20 0 0 0 
0 13 0 0 52 2498 0 0 47 0 36 0 0 0 0 0 96 0 0 232 0 0 13244 0 4611 6085 0 0 6121 0 65 267264 0 0 0 7528 54 0 0 0 0 0 0 115 2117 0 0 37 0 0 0 0 34 0 0 0 0 0 0 0 38 0 0 134 0 0 5553 0 2362 0 87 0 0 0 5125 0 1959 0 82 0 0 0 0 0 0 27 0 0 0 0 0 38 0 0 0 1920 0 0 0 33 0 0 0 27 0 56 0 0 0 0 0 0 0 0 0 23 0 0 4 0 0 0 0 0 0 20 0 0 0 
0 5 0 0 29 1133 0 0 6 0 4 0 0 0 0 0 88 0 0 47 0 0 1883 0 2771 3106 0 0 3615 0 1 152983 0 0 0 5641 59 0 0 0 0 0 0 10 417 0 0 7 0 0 0 0 37 0 0 0 0 0 0 0 32 0 0 6 0 0 1036 0 1766 0 17 0 0 0 320 0 1587 0 6 0 0 0 0 0 0 1 0 0 0 0 0 1 0 0 0 221 0 0 0 9 0 0 0 7 0 1 0 0 0 0 0 0 0 0 0 5 0 0 0 0 0 0 0 0 0 0 0 0 0 
0 6 0 0 23 1548 0 0 8 0 8 0 0 0 0 0 70 0 0 36 0 0 2686 0 3969 1680 0 0 5424 0 2 202645 0 0 0 5122 27 0 0 0 0 0 0 26 678 0 0 5 0 0 0 0 39 0 0 0 0 0 0 0 19 0 0 10 0 0 1083 0 2549 0 19 0 0 0 1563 0 941 0 23 0 0 0 0 0 0 3 0 0 0 0 0 5 0 0 0 777 0 0 0 7 0 0 0 8 0 3 0 0 0 0 0 0 0 0 0 1 0 0 0 0 0 0 0 0 0 1 0 0 0 
0 6 0 0 29 1454 0 0 6 0 12 0 0 0 0 0 88 0 0 32 0 0 1994 0 3805 2967 0 0 4453 0 0 176956 0 0 0 5539 41 0 0 0 0 0 0 25 402 0 0 3 0 0 0 0 29 0 0 0 0 0 0 0 18 0 0 13 0 0 1846 0 2022 0 34 0 0 0 1993 0 1467 0 38 0 0 0 0 0 0 2 0 0 0 0 0 4 0 0 0 1026 0 0 0 14 0 0 0 17 0 6 0 0 0 0 0 0 0 0 0 11 0 0 2 0 0 0 0 0 0 6 0 0 0 
0 5 0 0 31 1062 0 0 4 0 7 0 0 0 0 0 85 0 0 27 0 0 1056 0 2578 4405 0 0 3827 0 1 120997 0 0 0 5058 55 0 0 0 0 0 0 14 202 0 0 9 0 0 0 0 31 0 0 0 0 0 0 0 44 0 0 2 0 0 1264 0 1386 0 25 0 0 0 863 0 1627 0 15 0 0 0 0 0 0 2 0 0 0 0 0 2 0 0 0 532 0 0 0 10 0 0 0 13 0 3 0 0 0 0 0 0 0 0 0 10 0 0 0 0 0 0 0 0 0 3 0 0 0 
0 7 0 0 32 1597 0 0 8 0 14 0 0 0 0 0 82 0 0 50 0 0 2417 0 4021 3529 0 0 4920 0 3 198022 0 0 0 5504 47 0 0 0 0 0 0 19 280 0 0 8 0 0 0 0 41 0 0 0 0 0 0 0 29 0 0 10 0 0 2335 0 2231 0 35 0 0 0 2491 0 1495 0 47 0 0 0 0 0 0 4 0 0 0 0 0 4 0 0 0 1133 0 0 0 19 0 0 0 12 0 7 0 0 0 0 0 0 0 0 0 9 0 0 4 0 0 0 0 0 0 8 0 0 0 
0 5 0 0 28 725 0 0 6 0 5 0 0 0 0 0 69 0 0 54 0 0 1256 0 1922 4306 0 0 3464 0 2 70752 0 0 0 2948 49 0 0 0 0 0 0 13 78 0 0 6 0 0 0 0 29 0 0 0 0 0 0 0 37 0 0 6 0 0 751 0 1112 0 12 0 0 0 658 0 1105 0 14 0 0 0 0 0 0 2 0 0 0 0 0 0 0 0 0 243 0 0 0 5 0 0 0 7 0 2 0 0 0 0 0 0 0 0 0 7 0 0 0 0 0 0 0 0 0 1 0 0 0 
0 7 0 0 40 1719 0 0 8 0 15 0 0 0 0 0 92 0 0 51 0 0 2563 0 3407 4557 0 0 4313 0 1 224722 0 0 0 7774 69 0 0 0 0 0 0 20 669 0 0 14 0 0 0 0 38 0 0 0 0 0 0 0 36 0 0 12 0 0 2753 0 2064 0 53 0 0 0 2218 0 2271 0 49 0 0 0 0 0 0 8 0 0 0 0 0 2 0 0 0 1177 0 0 0 21 0 0 0 18 0 10 0 0 0 0 0 0 0 0 0 21 0 0 4 0 0 0 0 0 0 8 0 0 0 
66 8 744 439 32 1496 2083 307 21 3 7 62 85 1803 3104 1349 61 1360 1157 103 738 42769 5665 13865 2678 3025 78842 34572 5694 446 25 154738 42350 83801 11612 5374 47 964 3073 23 1072 338 183 71 1072 2685 767 14 134 368 380 110 35 8 6 11 22 270 644 346 29 147 166 23 250 16835 1059 2863 2155 287 13 293 994 12682 840 4408 1171 211 11 340 758 2 8 4 3 3 128 10 1 7 0 0 94 61 462 360 499 59 321 9 27 52 167 3 25 2 96 84 62 2 2 5 3 151 43 1 31 5 0 1 0 0 0 0 0 3 20 20 11 
0 5 0 0 29 1308 0 0 5 0 7 0 0 0 0 0 81 0 0 29 0 0 1702 0 3083 3004 0 0 4226 0 2 176074 0 0 0 5946 47 0 0 0 0 0 0 24 545 0 0 5 0 0 0 0 33 0 0 0 0 0 0 0 27 0 0 2 0 0 1066 0 2178 0 23 0 0 0 1225 0 1628 0 20 0 0 0 0 0 0 2 0 0 0 0 0 3 0 0 0 487 0 0 0 12 0 0 0 12 0 6 0 0 0 0 0 0 0 0 0 8 0 0 0 0 0 0 0 0 0 2 0 0 0 
0 5 0 0 18 1082 0 0 4 0 6 0 0 0 0 0 57 0 0 22 0 0 1220 0 3086 1730 0 0 4354 0 0 138853 0 0 0 3140 23 0 0 0 0 0 0 5 198 0 0 2 0 0 0 0 23 0 0 0 0 0 0 0 15 0 0 3 0 0 1175 0 1866 0 15 0 0 0 788 0 852 0 14 0 0 0 0 0 0 3 0 0 0 0 0 1 0 0 0 369 0 0 0 9 0 0 0 4 0 2 0 0 0 0 0 0 0 0 0 1 0 0 0 0 0 0 0 0 0 1 0 0 0 
0 5 0 0 26 980 0 0 8 0 2 0 0 0 0 0 108 0 0 53 0 0 2216 0 2880 2482 0 0 3267 0 5 115719 0 0 0 4281 45 0 0 0 0 0 0 15 358 0 0 9 0 0 0 0 28 0 0 0 0 0 0 0 20 0 0 4 0 0 551 0 1376 0 12 0 0 0 155 0 1204 0 3 0 0 0 0 0 0 1 0 0 0 0 0 0 0 0 0 133 0 0 0 4 0 0 0 2 0 0 0 0 0 0 0 0 0 0 0 0 0 0 0 0 0 0 0 0 0 0 0 0 0 
0 8 0 0 40 1800 0 0 15 0 16 0 0 0 0 0 96 0 0 86 0 0 4559 0 4125 4253 0 0 5441 0 9 211964 0 0 0 7506 60 0 0 0 0 0 0 51 896 0 0 12 0 0 0 0 25 0 0 0 0 0 0 0 28 0 0 26 0 0 2599 0 2153 0 43 0 0 0 2470 0 1769 0 42 0 0 0 0 0 0 5 0 0 0 0 0 9 0 0 0 1249 0 0 0 26 0 0 0 25 0 17 0 0 0 0 0 0 0 0 0 19 0 0 3 0 0 0 0 0 0 6 0 0 0 
0 4 0 0 29 872 0 0 4 0 2 0 0 0 0 0 76 0 0 34 0 0 1348 0 2140 3821 0 0 3268 0 1 115222 0 0 0 4575 60 0 0 0 0 0 0 11 238 0 0 9 0 0 0 0 31 0 0 0 0 0 0 0 37 0 0 2 0 0 415 0 1526 0 6 0 0 0 169 0 1354 0 7 0 0 0 0 0 0 1 0 0 0 0 0 0 0 0 0 96 0 0 0 5 0 0 0 3 0 0 0 0 0 0 0 0 0 0 0 5 0 0 0 0 0 0 0 0 0 0 0 0 0 
0 5 0 0 28 1069 0 0 5 0 6 0 0 0 0 0 93 0 0 33 0 0 1525 0 2851 3833 0 0 3806 0 1 121793 0 0 0 4403 41 0 0 0 0 0 0 19 371 0 0 6 0 0 0 0 30 0 0 0 0 0 0 0 34 0 0 6 0 0 916 0 1603 0 24 0 0 0 812 0 1463 0 19 0 0 0 0 0 0 0 0 0 0 0 0 2 0 0 0 267 0 0 0 5 0 0 0 5 0 1 0 0 0 0 0 0 0 0 0 6 0 0 1 0 0 0 0 0 0 2 0 0 0 
0 7 0 0 41 1613 0 0 12 0 9 0 0 0 0 0 116 0 0 74 0 0 3813 0 3343 4381 0 0 4370 0 7 209726 0 0 0 7711 76 0 0 0 0 0 0 41 809 0 0 20 0 0 0 0 39 0 0 0 0 0 0 0 40 0 0 14 0 0 1753 0 2209 0 33 0 0 0 1157 0 2348 0 25 0 0 0 0 0 0 2 0 0 0 0 0 2 0 0 0 649 0 0 0 14 0 0 0 13 0 7 0 0 0 0 0 0 0 0 0 15 0 0 1 0 0 0 0 0 0 2 0 0 0 
0 7 0 0 34 1546 0 0 12 0 10 0 0 0 0 0 96 0 0 75 0 0 3555 0 3600 3645 0 0 4081 0 8 194736 0 0 0 6377 57 0 0 0 0 0 0 23 717 0 0 10 0 0 0 0 31 0 0 0 0 0 0 0 36 0 0 12 0 0 2020 0 1897 0 37 0 0 0 1251 0 1748 0 19 0 0 0 0 0 0 7 0 0 0 0 0 4 0 0 0 749 0 0 0 13 0 0 0 14 0 8 0 0 0 0 0 0 0 0 0 10 0 0 0 0 0 0 0 0 0 1 0 0 0 
0 6 0 0 32 990 0 0 11 0 4 0 0 0 0 0 103 0 0 78 0 0 2634 0 2747 3795 0 0 3635 0 7 112378 0 0 0 4393 49 0 0 0 0 0 0 23 309 0 0 8 0 0 0 0 29 0 0 0 0 0 0 0 29 0 0 10 0 0 1100 0 1283 0 21 0 0 0 207 0 1362 0 10 0 0 0 0 0 0 3 0 0 0 0 0 0 0 0 0 180 0 0 0 8 0 0 0 4 0 0 0 0 0 0 0 0 0 0 0 2 0 0 0 0 0 0 0 0 0 0 0 0 0 
0 6 0 0 31 1415 0 0 12 0 3 0 0 0 0 0 72 0 0 68 0 0 3846 0 3369 2721 0 0 5180 0 9 187409 0 0 0 6670 50 0 0 0 0 0 0 45 859 0 0 10 0 0 0 0 44 0 0 0 0 0 0 0 33 0 0 10 0 0 478 0 2422 0 13 0 0 0 486 0 1504 0 9 0 0 0 0 0 0 0 0 0 0 0 0 1 0 0 0 261 0 0 0 1 0 0 0 3 0 0 0 0 0 0 0 0 0 0 0 2 0 0 0 0 0 0 0 0 0 0 0 0 0 
0 7 0 0 42 1126 0 0 14 0 7 0 0 0 0 0 135 0 0 101 0 0 3411 0 3105 5083 0 0 3905 0 7 138367 0 0 0 5497 75 0 0 0 0 0 0 34 401 0 0 20 0 0 0 0 43 0 0 0 0 0 0 0 40 0 0 22 0 0 1608 0 1758 0 32 0 0 0 394 0 1395 0 23 0 0 0 0 0 0 2 0 0 0 0 0 1 0 0 0 249 0 0 0 14 0 0 0 5 0 2 0 0 0 0 0 0 0 0 0 8 0 0 0 0 0 0 0 0 0 1 0 0 0 
0 7 0 0 29 1426 0 0 11 0 11 0 0 0 0 0 74 0 0 65 0 0 3351 0 3523 3375 0 0 5788 0 3 166224 0 0 0 4641 40 0 0 0 0 0 0 24 546 0 0 3 0 0 0 0 33 0 0 0 0 0 0 0 32 0 0 19 0 0 1961 0 2271 0 20 0 0 0 1291 0 1192 0 25 0 0 0 0 0 0 3 0 0 0 0 0 5 0 0 0 624 0 0 0 22 0 0 0 14 0 5 0 0 0 0 0 0 0 0 0 6 0 0 1 0 0 0 0 0 0 4 0 0 0 
0 8 0 0 33 1824 0 0 12 0 17 0 0 0 0 0 106 0 0 60 0 0 3615 0 4514 3493 0 0 5127 0 4 221028 0 0 0 6390 38 0 0 0 0 0 0 40 726 0 0 6 0 0 0 0 35 0 0 0 0 0 0 0 31 0 0 20 0 0 2954 0 2206 0 41 0 0 0 2550 0 1383 0 45 0 0 0 0 0 0 6 0 0 0 0 0 7 0 0 0 1333 0 0 0 22 0 0 0 16 0 12 0 0 0 0 0 0 0 0 0 9 0 0 1 0 0 0 0 0 0 12 0 0 0 
0 6 0 0 34 1471 0 0 7 0 10 0 0 0 0 0 95 0 0 45 0 0 2322 0 3350 4015 0 0 3854 0 1 191491 0 0 0 6441 52 0 0 0 0 0 0 19 595 0 0 10 0 0 0 0 37 0 0 0 0 0 0 0 34 0 0 10 0 0 1805 0 1898 0 35 0 0 0 1614 0 1926 0 34 0 0 0 0 0 0 4 0 0 0 0 0 3 0 0 0 734 0 0 0 10 0 0 0 6 0 7 0 0 0 0 0 0 0 0 0 15 0 0 1 0 0 0 0 0 0 2 0 0 0 
0 8 0 0 40 1402 0 0 15 0 16 0 0 0 0 0 121 0 0 93 0 0 4044 0 3606 5226 0 0 4613 0 8 150774 0 0 0 5682 62 0 0 0 0 0 0 28 561 0 0 18 0 0 0 0 26 0 0 0 0 0 0 0 29 0 0 27 0 0 2671 0 1520 0 57 0 0 0 1787 0 1659 0 50 0 0 0 0 0 0 11 0 0 0 0 0 7 0 0 0 703 0 0 0 14 0 0 0 15 0 17 0 0 0 0 0 0 0 0 0 15 0 0 1 0 0 0 0 0 0 5 0 0 0 
0 7 0 0 37 1660 0 0 14 0 9 0 0 0 0 0 108 0 0 81 0 0 4385 0 3704 3402 0 0 5160 0 11 213950 0 0 0 7087 57 0 0 0 0 0 0 51 1030 0 0 18 0 0 0 0 42 0 0 0 0 0 0 0 31 0 0 17 0 0 1437 0 2401 0 30 0 0 0 1424 0 1629 0 27 0 0 0 0 0 0 3 0 0 0 0 0 5 0 0 0 826 0 0 0 6 0 0 0 6 0 8 0 0 0 0 0 0 0 0 0 9 0 0 1 0 0 0 0 0 0 0 0 0 0 
0 9 0 0 32 2250 0 0 17 0 21 0 0 0 0 0 75 0 0 72 0 0 5659 0 4602 2588 0 0 5095 0 6 293017 0 0 0 7063 41 0 0 0 0 0 0 32 1306 0 0 8 0 0 0 0 36 0 0 0 0 0 0 0 22 0 0 38 0 0 3423 0 2560 0 52 0 0 0 3763 0 1545 0 54 0 0 0 0 0 0 6 0 0 0 0 0 11 0 0 0 1786 0 0 0 26 0 0 0 16 0 20 0 0 0 0 0 0 0 0 0 7 0 0 4 0 0 0 0 0 0 13 0 0 0 
0 4 0 0 26 788 0 0 3 0 3 0 0 0 0 0 84 0 0 28 0 0 777 0 2182 3737 0 0 3296 0 1 79770 0 0 0 3751 45 0 0 0 0 0 0 8 139 0 0 5 0 0 0 0 25 0 0 0 0 0 0 0 31 0 0 0 0 0 488 0 1129 0 10 0 0 0 410 0 1223 0 11 0 0 0 0 0 0 1 0 0 0 0 0 0 0 0 0 199 0 0 0 4 0 0 0 4 0 2 0 0 0 0 0 0 0 0 0 5 0 0 0 0 0 0 0 0 0 0 0 0 0 
0 9 0 0 40 1847 0 0 20 0 16 0 0 0 0 0 115 0 0 109 0 0 6015 0 4644 4465 0 0 4460 0 11 213406 0 0 0 6686 50 0 0 0 0 0 0 41 924 0 0 18 0 0 0 0 39 0 0 0 0 0 0 0 44 0 0 38 0 0 2952 0 1895 0 56 0 0 0 1916 0 1716 0 50 0 0 0 0 0 0 9 0 0 0 0 0 8 0 0 0 998 0 0 0 18 0 0 0 11 0 14 0 0 0 0 0 0 0 0 0 6 0 0 0 0 0 0 0 0 0 4 0 0 0 
0 7 0 0 31 1688 0 0 11 0 11 0 0 0 0 0 74 0 0 60 0 0 3524 0 3964 2838 0 0 4809 0 5 215732 0 0 0 6421 48 0 0 0 0 0 0 27 894 0 0 10 0 0 0 0 35 0 0 0 0 0 0 0 30 0 0 13 0 0 1994 0 2182 0 35 0 0 0 1584 0 1542 0 23 0 0 0 0 0 0 3 0 0 0 0 0 5 0 0 0 861 0 0 0 11 0 0 0 14 0 11 0 0 0 0 0 0 0 0 0 6 0 0 1 0 0 0 0 0 0 2 0 0 0 
0 11 0 0 47 1869 0 0 35 0 25 0 0 0 0 0 119 0 0 186 0 0 9094 0 4357 5746 0 0 6667 0 46 184481 0 0 0 6115 53 0 0 0 0 0 0 77 1271 0 0 22 0 0 0 0 32 0 0 0 0 0 0 0 34 0 0 74 0 0 3719 0 2248 0 75 0 0 0 3076 0 1580 0 68 0 0 0 0 0 0 27 0 0 0 0 0 25 0 0 0 1073 0 0 0 27 0 0 0 29 0 42 0 0 0 0 0 0 0 0 0 17 0 0 0 0 0 0 0 0 0 0 0 0 0 
33 8 302 206 42 1309 517 145 15 4 13 11 53 508 648 855 134 514 622 108 580 23390 3651 3601 3255 5502 30866 6328 3164 188 7 152906 5170 45069 2574 5515 76 312 1780 1 257 202 14 15 536 445 102 20 0 258 1005 68 29 11 18 7 11 0 0 249 51 22 123 25 144 11147 2420 231 1461 244 55 25 384 3308 1090 1259 1700 71 29 148 626 3 0 4 0 7 62 0 3 5 0 5 17 22 198 449 55 99 0 13 0 38 200 10 16 7 52 14 8 0 10 0 2 0 0 17 58 6 1 0 0 0 3 0 0 4 0 11 0 
0 6 0 0 33 920 0 0 6 0 10 0 0 0 0 0 89 0 0 39 0 0 1091 0 2480 4775 0 0 3555 0 2 100204 0 0 0 4365 61 0 0 0 0 0 0 5 51 0 0 7 0 0 0 0 25 0 0 0 0 0 0 0 41 0 0 5 0 0 2151 0 1163 0 34 0 0 0 748 0 1334 0 23 0 0 0 0 0 0 7 0 0 0 0 0 0 0 0 0 455 0 0 0 13 0 0 0 15 0 3 0 0 0 0 0 0 0 0 0 19 0 0 0 0 0 0 0 0 0 7 0 0 0 
0 6 0 0 24 1087 0 0 12 0 3 0 0 0 0 0 94 0 0 63 0 0 3142 0 3242 2484 0 0 5262 0 10 105388 0 0 0 3340 33 0 0 0 0 0 0 27 502 0 0 6 0 0 0 0 26 0 0 0 0 0 0 0 13 0 0 9 0 0 391 0 1742 0 6 0 0 0 513 0 755 0 6 0 0 0 0 0 0 0 0 0 0 0 0 0 0 0 0 181 0 0 0 8 0 0 0 1 0 0 0 0 0 0 0 0 0 0 0 1 0 0 0 0 0 0 0 0 0 1 0 0 0 
0 4 0 0 27 468 0 0 5 0 1 0 0 0 0 0 97 0 0 45 0 0 1102 0 1358 4755 0 0 2624 0 2 44608 0 0 0 2103 46 0 0 0 0 0 0 14 63 0 0 7 0 0 0 0 26 0 0 0 0 0 0 0 41 0 0 2 0 0 12 0 747 0 5 0 0 0 139 0 687 0 4 0 0 0 0 0 0 0 0 0 0 0 0 0 0 0 0 6 0 0 0 0 0 0 0 1 0 0 0 0 0 0 0 0 0 0 0 1 0 0 0 0 0 0 0 0 0 0 0 0 0 
0 8 0 0 36 1796 0 0 14 0 16 0 0 0 0 0 94 0 0 84 0 0 4345 0 4074 3532 0 0 5685 0 4 231615 0 0 0 6509 54 0 0 0 0 0 0 36 831 0 0 7 0 0 0 0 35 0 0 0 0 0 0 0 28 0 0 31 0 0 2606 0 2591 0 37 0 0 0 2499 0 1381 0 42 0 0 0 0 0 0 7 0 0 0 0 0 9 0 0 0 1131 0 0 0 29 0 0 0 23 0 9 0 0 0 0 0 0 0 0 0 11 0 0 1 0 0 0 0 0 0 8 0 0 0 
0 11 0 0 43 2459 0 0 30 0 31 0 0 0 0 0 100 0 0 133 0 0 9120 0 4459 3737 0 0 5454 0 30 301574 0 0 0 8167 60 0 0 0 0 0 0 77 1902 0 0 23 0 0 0 0 25 0 0 0 0 0 0 0 21 0 0 71 0 0 4946 0 2304 0 74 0 0 0 4604 0 1765 0 57 0 0 0 0 0 0 22 0 0 0 0 0 26 0 0 0 2306 0 0 0 29 0 0 0 31 0 52 0 0 0 0 0 0 0 0 0 21 0 0 6 0 0 0 0 0 0 18 0 0 0 
0 9 0 0 45 1840 0 0 17 0 21 0 0 0 0 0 101 0 0 104 0 0 4952 0 3735 5640 0 0 4739 0 5 225277 0 0 0 7290 70 0 0 0 0 0 0 35 897 0 0 22 0 0 0 0 35 0 0 0 0 0 0 0 37 0 0 39 0 0 4012 0 2058 0 69 0 0 0 2420 0 2220 0 54 0 0 0 0 0 0 14 0 0 0 0 0 10 0 0 0 1216 0 0 0 24 0 0 0 22 0 18 0 0 0 0 0 0 0 0 0 26 0 0 2 0 0 0 0 0 0 10 0 0 0 
0 7 0 0 33 1426 0 0 13 0 9 0 0 0 0 0 87 0 0 69 0 0 3711 0 3379 4468 0 0 5600 0 9 156283 0 0 0 5302 46 0 0 0 0 0 0 34 568 0 0 10 0 0 0 0 37 0 0 0 0 0 0 0 42 0 0 17 0 0 1590 0 1952 0 25 0 0 0 1204 0 1478 0 22 0 0 0 0 0 0 2 0 0 0 0 0 3 0 0 0 649 0 0 0 16 0 0 0 12 0 5 0 0 0 0 0 0 0 0 0 7 0 0 0 0 0 0 0 0 0 4 0 0 0 
0 9 0 0 40 1816 0 0 18 0 22 0 0 0 0 0 114 0 0 101 0 0 5305 0 4347 4977 0 0 5183 0 10 205459 0 0 0 6194 53 0 0 0 0 0 0 37 768 0 0 14 0 0 0 0 34 0 0 0 0 0 0 0 29 0 0 41 0 0 3420 0 2065 0 72 0 0 0 2990 0 1673 0 57 0 0 0 0 0 0 12 0 0 0 0 0 15 0 0 0 1404 0 0 0 21 0 0 0 19 0 19 0 0 0 0 0 0 0 0 0 19 0 0 4 0 0 0 0 0 0 12 0 0 0 
0 10 0 0 39 2120 0 0 24 0 25 0 0 0 0 0 97 0 0 120 0 0 7044 0 4228 3865 0 0 5588 0 19 265110 0 0 0 6547 57 0 0 0 0 0 0 44 1182 0 0 18 0 0 0 0 35 0 0 0 0 0 0 0 25 0 0 61 0 0 4437 0 2618 0 64 0 0 0 3651 0 1804 0 63 0 0 0 0 0 0 15 0 0 0 0 0 11 0 0 0 1537 0 0 0 33 0 0 0 19 0 27 0 0 0 0 0 0 0 0 0 13 0 0 6 0 0 0 0 0 0 15 0 0 0 
0 6 0 0 33 1589 0 0 6 0 10 0 0 0 0 0 81 0 0 42 0 0 2094 0 3452 3466 0 0 4496 0 0 217563 0 0 0 7009 57 0 0 0 0 0 0 12 595 0 0 6 0 0 0 0 38 0 0 0 0 0 0 0 30 0 0 9 0 0 1609 0 2265 0 29 0 0 0 1724 0 1927 0 30 0 0 0 0 0 0 2 0 0 0 0 0 2 0 0 0 864 0 0 0 16 0 0 0 17 0 5 0 0 0 0 0 0 0 0 0 15 0 0 2 0 0 0 0 0 0 4 0 0 0 
0 4 0 0 18 814 0 0 2 0 4 0 0 0 0 0 50 0 0 10 0 0 554 0 2427 1986 0 0 2973 0 0 100033 0 0 0 3544 30 0 0 0 0 0 0 3 28 0 0 1 0 0 0 0 23 0 0 0 0 0 0 0 23 0 0 1 0 0 772 0 1211 0 14 0 0 0 456 0 1093 0 5 0 0 0 0 0 0 0 0 0 0 0 0 0 0 0 0 299 0 0 0 6 0 0 0 9 0 2 0 0 0 0 0 0 0 0 0 5 0 0 0 0 0 0 0 0 0 1 0 0 0 
0 7 0 0 38 1057 0 0 14 0 7 0 0 0 0 0 125 0 0 101 0 0 3201 0 3041 5427 0 0 4406 0 10 91884 0 0 0 4418 57 0 0 0 0 0 0 27 329 0 0 15 0 0 0 0 30 0 0 0 0 0 0 0 34 0 0 16 0 0 1203 0 1279 0 28 0 0 0 714 0 1489 0 24 0 0 0 0 0 0 3 0 0 0 0 0 0 0 0 0 263 0 0 0 10 0 0 0 9 0 5 0 0 0 0 0 0 0 0 0 6 0 0 0 0 0 0 0 0 0 1 0 0 0 
264 5 1029 927 17 622 34145 894 8 9 2 572 385 2076 1841 2429 40 2040 1936 28 2388 106338 1523 164521 1174 1257 113148 192348 1538 913 4 41913 2908210 65462 86741 1613 18 998 3472 21 469 575 1016 23 228 32809 815 5 420 764 824 1213 14 19 29 11 16 1381 1407 303 11 1162 800 6 524 48049 167 98056 602 1185 2 1052 740 74003 193 65826 344 2019 6 899 873 2 10 9 10 0 328 195 3 7 4 0 563 191 16643 66 24620 85 452 1 695 416 265 2 537 0 246 386 359 13 8 16 2 467 599 1 107 176 0 2 2 2 0 1 4 0 264 27 348 
0 4 0 0 18 872 0 0 2 0 5 0 0 0 0 0 66 0 0 15 0 0 627 0 2921 1715 0 0 3586 0 0 94787 0 0 0 3134 21 0 0 0 0 0 0 2 126 0 0 0 0 0 0 0 21 0 0 0 0 0 0 0 11 0 0 1 0 0 758 0 1305 0 13 0 0 0 778 0 796 0 16 0 0 0 0 0 0 0 0 0 0 0 0 2 0 0 0 293 0 0 0 5 0 0 0 6 0 1 0 0 0 0 0 0 0 0 0 6 0 0 1 0 0 0 0 0 0 1 0 0 0 
0 10 0 0 48 1833 0 0 28 0 21 0 0 0 0 0 130 0 0 182 0 0 7204 0 4020 5552 0 0 4874 0 27 209384 0 0 0 6932 77 0 0 0 0 0 0 50 1134 0 0 30 0 0 0 0 31 0 0 0 0 0 0 0 44 0 0 71 0 0 3727 0 1825 0 71 0 0 0 2632 0 1834 0 53 0 0 0 0 0 0 11 0 0 0 0 0 12 0 0 0 1191 0 0 0 23 0 0 0 18 0 19 0 0 0 0 0 0 0 0 0 13 0 0 3 0 0 0 0 0 0 12 0 0 0 
0 3 0 0 20 613 0 0 1 0 2 0 0 0 0 0 66 0 0 7 0 0 252 0 1742 2732 0 0 2478 0 0 64771 0 0 0 3062 33 0 0 0 0 0 0 4 50 0 0 2 0 0 0 0 22 0 0 0 0 0 0 0 28 0 0 0 0 0 380 0 903 0 8 0 0 0 218 0 949 0 9 0 0 0 0 0 0 1 0 0 0 0 0 0 0 0 0 134 0 0 0 2 0 0 0 3 0 0 0 0 0 0 0 0 0 0 0 3 0 0 0 0 0 0 0 0 0 0 0 0 0 
0 12 0 0 37 2351 0 0 36 0 34 0 0 0 0 0 80 0 0 158 0 0 10293 0 4326 3884 0 0 5878 0 35 279722 0 0 0 6395 49 0 0 0 0 0 0 48 1427 0 0 13 0 0 0 0 34 0 0 0 0 0 0 0 13 0 0 104 0 0 5321 0 2412 0 61 0 0 0 4875 0 1751 0 67 0 0 0 0 0 0 27 0 0 0 0 0 21 0 0 0 2080 0 0 0 35 0 0 0 22 0 45 0 0 0 0 0 0 0 0 0 22 0 0 7 0 0 0 0 0 0 22 0 0 0 
0 11 0 0 52 1868 0 0 33 0 23 0 0 0 0 0 123 0 0 167 0 0 7842 0 3866 6814 0 0 4961 0 39 228366 0 0 0 7630 81 0 0 0 0 0 0 50 889 0 0 49 0 0 0 0 32 0 0 0 0 0 0 0 37 0 0 74 0 0 4707 0 2153 0 68 0 0 0 2503 0 2334 0 59 0 0 0 0 0 0 21 0 0 0 0 0 10 0 0 0 1068 0 0 0 28 0 0 0 24 0 12 0 0 0 0 0 0 0 0 0 35 0 0 3 0 0 0 0 0 0 15 0 0 0 
0 11 0 0 48 2309 0 0 41 0 15 0 0 0 0 0 103 0 0 198 0 0 11792 0 4118 4667 0 0 6692 0 74 265891 0 0 0 8531 64 0 0 0 0 0 0 131 2258 0 0 27 0 0 0 0 43 0 0 0 0 0 0 0 35 0 0 65 0 0 2567 0 2743 0 35 0 0 0 2132 0 1799 0 33 0 0 0 0 0 0 7 0 0 0 0 0 8 0 0 0 1248 0 0 0 19 0 0 0 17 0 15 0 0 0 0 0 0 0 0 0 14 0 0 2 0 0 0 0 0 0 3 0 0 0 
0 7 0 0 37 1357 0 0 15 0 6 0 0 0 0 0 129 0 0 87 0 0 4334 0 3523 3868 0 0 4767 0 12 153230 0 0 0 5834 64 0 0 0 0 0 0 54 560 0 0 16 0 0 0 0 34 0 0 0 0 0 0 0 41 0 0 17 0 0 887 0 2122 0 9 0 0 0 903 0 1336 0 22 0 0 0 0 0 0 2 0 0 0 0 0 2 0 0 0 422 0 0 0 16 0 0 0 9 0 1 0 0 0 0 0 0 0 0 0 4 0 0 0 0 0 0 0 0 0 1 0 0 0 
0 8 0 0 37 1637 0 0 8 0 25 0 0 0 0 0 86 0 0 52 0 0 2139 0 4084 4786 0 0 4272 0 2 187490 0 0 0 5884 56 0 0 0 0 0 0 14 315 0 0 8 0 0 0 0 25 0 0 0 0 0 0 0 32 0 0 11 0 0 4216 0 1539 0 72 0 0 0 3330 0 1745 0 66 0 0 0 0 0 0 11 0 0 0 0 0 8 0 0 0 1571 0 0 0 20 0 0 0 21 0 25 0 0 0 0 0 0 0 0 0 24 0 0 7 0 0 0 0 0 0 27 0 0 0 
0 3 0 0 20 817 0 0 2 0 1 0 0 0 0 0 54 0 0 16 0 0 764 0 2028 2073 0 0 3024 0 0 113941 0 0 0 4202 41 0 0 0 0 0 0 5 198 0 0 4 0 0 0 0 27 0 0 0 0 0 0 0 19 0 0 1 0 0 180 0 1525 0 3 0 0 0 131 0 1232 0 4 0 0 0 0 0 0 0 0 0 0 0 0 0 0 0 0 78 0 0 0 1 0 0 0 3 0 0 0 0 0 0 0 0 0 0 0 2 0 0 0 0 0 0 0 0 0 0 0 0 0 
0 9 0 0 45 2023 0 0 20 0 20 0 0 0 0 0 100 0 0 119 0 0 5910 0 3909 4426 0 0 4998 0 14 262333 0 0 0 7981 66 0 0 0 0 0 0 53 1294 0 0 19 0 0 0 0 38 0 0 0 0 0 0 0 37 0 0 42 0 0 3566 0 2349 0 59 0 0 0 3218 0 1996 0 56 0 0 0 0 0 0 10 0 0 0 0 0 14 0 0 0 1358 0 0 0 25 0 0 0 21 0 25 0 0 0 0 0 0 0 0 0 22 0 0 3 0 0 0 0 0 0 5 0 0 0 
0 7 0 0 23 1602 0 0 12 0 10 0 0 0 0 0 69 0 0 52 0 0 3869 0 4076 1680 0 0 5743 0 5 203767 0 0 0 5117 27 0 0 0 0 0 0 27 740 0 0 5 0 0 0 0 38 0 0 0 0 0 0 0 19 0 0 19 0 0 1476 0 2510 0 24 0 0 0 1613 0 941 0 23 0 0 0 0 0 0 6 0 0 0 0 0 5 0 0 0 838 0 0 0 7 0 0 0 9 0 3 0 0 0 0 0 0 0 0 0 1 0 0 0 0 0 0 0 0 0 2 0 0 0 
0 7 0 0 35 1656 0 0 11 0 12 0 0 0 0 0 103 0 0 73 0 0 3319 0 4040 2869 0 0 4607 0 5 210065 0 0 0 7147 51 0 0 0 0 0 0 29 721 0 0 6 0 0 0 0 31 0 0 0 0 0 0 0 28 0 0 18 0 0 1984 0 2109 0 37 0 0 0 1921 0 1416 0 36 0 0 0 0 0 0 3 0 0 0 0 0 5 0 0 0 1140 0 0 0 18 0 0 0 18 0 7 0 0 0 0 0 0 0 0 0 10 0 0 3 0 0 0 0 0 0 4 0 0 0 
0 8 0 0 36 1853 0 0 16 0 12 0 0 0 0 0 81 0 0 90 0 0 4936 0 3959 3598 0 0 5315 0 9 246114 0 0 0 7240 56 0 0 0 0 0 0 36 1041 0 0 13 0 0 0 0 37 0 0 0 0 0 0 0 29 0 0 25 0 0 2271 0 2565 0 34 0 0 0 1760 0 1921 0 28 0 0 0 0 0 0 4 0 0 0 0 0 4 0 0 0 943 0 0 0 17 0 0 0 17 0 11 0 0 0 0 0 0 0 0 0 12 0 0 1 0 0 0 0 0 0 2 0 0 0 
0 7 0 0 28 1313 0 0 11 0 12 0 0 0 0 0 89 0 0 63 0 0 3071 0 3510 3073 0 0 4746 0 4 144095 0 0 0 4426 36 0 0 0 0 0 0 17 380 0 0 3 0 0 0 0 30 0 0 0 0 0 0 0 24 0 0 16 0 0 1861 0 1725 0 28 0 0 0 1579 0 1143 0 31 0 0 0 0 0 0 5 0 0 0 0 0 7 0 0 0 672 0 0 0 17 0 0 0 12 0 9 0 0 0 0 0 0 0 0 0 7 0 0 1 0 0 0 0 0 0 4 0 0 0 
0 7 0 0 33 1702 0 0 10 0 13 0 0 0 0 0 94 0 0 52 0 0 3190 0 3921 2933 0 0 4356 0 2 234226 0 0 0 6629 47 0 0 0 0 0 0 28 780 0 0 7 0 0 0 0 33 0 0 0 0 0 0 0 30 0 0 17 0 0 2394 0 2452 0 46 0 0 0 1863 0 1568 0 35 0 0 0 0 0 0 6 0 0 0 0 0 6 0 0 0 1013 0 0 0 20 0 0 0 18 0 9 0 0 0 0 0 0 0 0 0 8 0 0 2 0 0 0 0 0 0 3 0 0 0 
0 6 0 0 41 1267 0 0 12 0 3 0 0 0 0 0 106 0 0 65 0 0 3550 0 2869 5546 0 0 5070 0 10 146855 0 0 0 6652 82 0 0 0 0 0 0 62 576 0 0 28 0 0 0 0 46 0 0 0 0 0 0 0 49 0 0 8 0 0 449 0 2087 0 7 0 0 0 533 0 1981 0 5 0 0 0 0 0 0 0 0 0 0 0 0 1 0 0 0 297 0 0 0 9 0 0 0 10 0 1 0 0 0 0 0 0 0 0 0 7 0 0 0 0 0 0 0 0 0 0 0 0 0 
0 5 0 0 24 891 0 0 6 0 4 0 0 0 0 0 74 0 0 41 0 0 1637 0 2209 3039 0 0 3703 0 2 97421 0 0 0 3475 41 0 0 0 0 0 0 8 128 0 0 2 0 0 0 0 28 0 0 0 0 0 0 0 31 0 0 4 0 0 726 0 1545 0 10 0 0 0 511 0 1087 0 15 0 0 0 0 0 0 1 0 0 0 0 0 1 0 0 0 207 0 0 0 12 0 0 0 2 0 2 0 0 0 0 0 0 0 0 0 3 0 0 0 0 0 0 0 0 0 0 0 0 0 
0 8 0 0 36 2112 0 0 16 0 13 0 0 0 0 0 75 0 0 87 0 0 5341 0 4007 2924 0 0 5615 0 8 282516 0 0 0 7973 49 0 0 0 0 0 0 37 1566 0 0 12 0 0 0 0 36 0 0 0 0 0 0 0 29 0 0 29 0 0 2189 0 2851 0 38 0 0 0 2269 0 1791 0 39 0 0 0 0 0 0 4 0 0 0 0 0 6 0 0 0 1171 0 0 0 16 0 0 0 16 0 10 0 0 0 0 0 0 0 0 0 8 0 0 3 0 0 0 0 0 0 2 0 0 0 
0 6 0 0 37 826 0 0 9 0 7 0 0 0 0 0 126 0 0 66 0 0 1898 0 2322 5320 0 0 3830 0 4 86216 0 0 0 3883 63 0 0 0 0 0 0 21 154 0 0 14 0 0 0 0 26 0 0 0 0 0 0 0 40 0 0 9 0 0 1335 0 1219 0 23 0 0 0 542 0 1159 0 21 0 0 0 0 0 0 4 0 0 0 0 0 1 0 0 0 223 0 0 0 11 0 0 0 6 0 5 0 0 0 0 0 0 0 0 0 14 0 0 0 0 0 0 0 0 0 1 0 0 0 
0 4 0 0 12 727 0 0 1 0 5 0 0 0 0 0 36 0 0 5 0 0 310 0 2117 1289 0 0 3788 0 0 75979 0 0 0 2141 16 0 0 0 0 0 0 2 52 0 0 0 0 0 0 0 19 0 0 0 0 0 0 0 11 0 0 0 0 0 755 0 1331 0 8 0 0 0 572 0 602 0 11 0 0 0 0 0 0 0 0 0 0 0 0 0 0 0 0 217 0 0 0 4 0 0 0 4 0 2 0 0 0 0 0 0 0 0 0 2 0 0 0 0 0 0 0 0 0 2 0 0 0 
0 5 0 0 27 1407 0 0 4 0 8 0 0 0 0 0 78 0 0 19 0 0 1472 0 3376 2572 0 0 3902 0 0 197903 0 0 0 6101 42 0 0 0 0 0 0 16 437 0 0 8 0 0 0 0 35 0 0 0 0 0 0 0 23 0 0 4 0 0 1245 0 2161 0 26 0 0 0 1378 0 1530 0 29 0 0 0 0 0 0 2 0 0 0 0 0 2 0 0 0 846 0 0 0 10 0 0 0 12 0 4 0 0 0 0 0 0 0 0 0 5 0 0 1 0 0 0 0 0 0 4 0 0 0 
0 8 0 0 35 2035 0 0 15 0 14 0 0 0 0 0 79 0 0 72 0 0 4881 0 4047 2806 0 0 5550 0 7 269541 0 0 0 7569 52 0 0 0 0 0 0 46 1238 0 0 8 0 0 0 0 40 0 0 0 0 0 0 0 25 0 0 26 0 0 2357 0 2734 0 29 0 0 0 2625 0 1735 0 38 0 0 0 0 0 0 6 0 0 0 0 0 7 0 0 0 1198 0 0 0 24 0 0 0 18 0 11 0 0 0 0 0 0 0 0 0 11 0 0 1 0 0 0 0 0 0 4 0 0 0 
0 7 0 0 32 1147 0 0 14 0 9 0 0 0 0 0 125 0 0 79 0 0 3579 0 3512 4003 0 0 4576 0 11 108069 0 0 0 3749 42 0 0 0 0 0 0 38 502 0 0 11 0 0 0 0 26 0 0 0 0 0 0 0 31 0 0 17 0 0 1280 0 1548 0 21 0 0 0 1029 0 1074 0 27 0 0 0 0 0 0 4 0 0 0 0 0 3 0 0 0 268 0 0 0 4 0 0 0 12 0 9 0 0 0 0 0 0 0 0 0 6 0 0 0 0 0 0 0 0 0 2 0 0 0 
0 6 0 0 30 812 0 0 12 0 3 0 0 0 0 0 104 0 0 90 0 0 2735 0 2389 3969 0 0 2880 0 10 85631 0 0 0 3498 48 0 0 0 0 0 0 12 166 0 0 10 0 0 0 0 27 0 0 0 0 0 0 0 31 0 0 8 0 0 427 0 1182 0 14 0 0 0 335 0 1142 0 6 0 0 0 0 0 0 1 0 0 0 0 0 1 0 0 0 106 0 0 0 5 0 0 0 4 0 0 0 0 0 0 0 0 0 0 0 1 0 0 0 0 0 0 0 0 0 0 0 0 0 
0 10 0 0 30 2106 0 0 25 0 21 0 0 0 0 0 77 0 0 101 0 0 7478 0 4822 2571 0 0 6471 0 18 245249 0 0 0 5766 29 0 0 0 0 0 0 44 1345 0 0 6 0 0 0 0 29 0 0 0 0 0 0 0 16 0 0 53 0 0 3306 0 2439 0 40 0 0 0 3137 0 1142 0 48 0 0 0 0 0 0 12 0 0 0 0 0 11 0 0 0 1408 0 0 0 19 0 0 0 16 0 25 0 0 0 0 0 0 0 0 0 4 0 0 1 0 0 0 0 0 0 8 0 0 0 
10 9 90 70 39 1972 45 46 22 0 15 0 20 41 369 251 83 223 205 117 150 5580 6545 333 3883 3791 15083 807 7309 61 19 220805 120 3999 245 6871 57 136 347 2 80 60 3 78 1511 39 93 14 0 0 0 0 50 0 0 0 0 0 278 90 30 0 48 40 46 4361 2217 0 2830 65 36 0 6 0 2359 140 1454 0 40 73 103 0 0 0 0 5 21 0 0 0 0 8 0 11 20 1052 0 31 82 16 0 0 0 12 0 14 12 0 0 0 0 0 0 0 0 7 20 0 1 0 0 0 0 0 0 4 0 9 0 
0 6 0 0 35 1185 0 0 8 0 7 0 0 0 0 0 113 0 0 58 0 0 2689 0 3027 3874 0 0 4189 0 2 150429 0 0 0 5797 67 0 0 0 0 0 0 24 440 0 0 9 0 0 0 0 38 0 0 0 0 0 0 0 27 0 0 10 0 0 1104 0 2015 0 30 0 0 0 732 0 1511 0 26 0 0 0 0 0 0 2 0 0 0 0 0 3 0 0 0 247 0 0 0 7 0 0 0 6 0 1 0 0 0 0 0 0 0 0 0 8 0 0 2 0 0 0 0 0 0 0 0 0 0 
0 5 0 0 22 916 0 0 7 0 3 0 0 0 0 0 70 0 0 41 0 0 2008 0 2431 2500 0 0 5149 0 3 97023 0 0 0 3686 42 0 0 0 0 0 0 30 304 0 0 5 0 0 0 0 41 0 0 0 0 0 0 0 28 0 0 6 0 0 530 0 1868 0 6 0 0 0 241 0 959 0 2 0 0 0 0 0 0 0 0 0 0 0 0 0 0 0 0 130 0 0 0 3 0 0 0 1 0 0 0 0 0 0 0 0 0 0 0 0 0 0 0 0 0 0 0 0 0 1 0 0 0 
0 8 0 0 38 1965 0 0 16 0 15 0 0 0 0 0 88 0 0 69 0 0 5139 0 4001 3705 0 0 5415 0 10 251888 0 0 0 7459 60 0 0 0 0 0 0 69 1301 0 0 18 0 0 0 0 39 0 0 0 0 0 0 0 23 0 0 27 0 0 2569 0 2602 0 38 0 0 0 2509 0 1922 0 37 0 0 0 0 0 0 6 0 0 0 0 0 9 0 0 0 1218 0 0 0 23 0 0 0 20 0 20 0 0 0 0 0 0 0 0 0 16 0 0 0 0 0 0 0 0 0 3 0 0 0 
0 7 0 0 33 1864 0 0 9 0 15 0 0 0 0 0 92 0 0 53 0 0 2863 0 4379 2535 0 0 4652 0 5 247529 0 0 0 7450 46 0 0 0 0 0 0 30 846 0 0 4 0 0 0 0 27 0 0 0 0 0 0 0 22 0 0 10 0 0 2454 0 2253 0 35 0 0 0 2693 0 1347 0 38 0 0 0 0 0 0 1 0 0 0 0 0 11 0 0 0 1525 0 0 0 18 0 0 0 24 0 11 0 0 0 0 0 0 0 0 0 16 0 0 3 0 0 0 0 0 0 11 0 0 0 
0 8 0 0 38 1310 0 0 18 0 11 0 0 0 0 0 108 0 0 109 0 0 4309 0 3446 5674 0 0 5188 0 17 119660 0 0 0 4941 49 0 0 0 0 0 0 38 610 0 0 18 0 0 0 0 32 0 0 0 0 0 0 0 37 0 0 22 0 0 1679 0 1505 0 36 0 0 0 1306 0 1618 0 34 0 0 0 0 0 0 4 0 0 0 0 0 6 0 0 0 443 0 0 0 13 0 0 0 10 0 12 0 0 0 0 0 0 0 0 0 9 0 0 0 0 0 0 0 0 0 1 0 0 0 
0 6 0 0 31 1445 0 0 9 0 6 0 0 0 0 0 80 0 0 54 0 0 2799 0 3531 3306 0 0 4727 0 4 182549 0 0 0 6168 45 0 0 0 0 0 0 29 691 0 0 4 0 0 0 0 36 0 0 0 0 0 0 0 31 0 0 9 0 0 1145 0 2144 0 17 0 0 0 897 0 1593 0 15 0 0 0 0 0 0 2 0 0 0 0 0 2 0 0 0 486 0 0 0 9 0 0 0 8 0 2 0 0 0 0 0 0 0 0 0 10 0 0 1 0 0 0 0 0 0 0 0 0 0 
0 6 0 0 29 1418 0 0 3 0 15 0 0 0 0 0 74 0 0 18 0 0 931 0 3756 3285 0 0 3626 0 0 173346 0 0 0 5432 43 0 0 0 0 0 0 7 198 0 0 4 0 0 0 0 29 0 0 0 0 0 0 0 27 0 0 2 0 0 2331 0 1657 0 51 0 0 0 2494 0 1651 0 46 0 0 0 0 0 0 3 0 0 0 0 0 4 0 0 0 1091 0 0 0 14 0 0 0 13 0 9 0 0 0 0 0 0 0 0 0 11 0 0 5 0 0 0 0 0 0 11 0 0 0 
0 8 0 0 38 1807 0 0 11 0 21 0 0 0 0 0 111 0 0 65 0 0 3346 0 4219 4294 0 0 4875 0 4 217038 0 0 0 7075 54 0 0 0 0 0 0 35 764 0 0 9 0 0 0 0 29 0 0 0 0 0 0 0 31 0 0 15 0 0 3466 0 1955 0 58 0 0 0 2890 0 1682 0 49 0 0 0 0 0 0 8 0 0 0 0 0 14 0 0 0 1504 0 0 0 26 0 0 0 27 0 25 0 0 0 0 0 0 0 0 0 21 0 0 3 0 0 0 0 0 0 13 0 0 0 
0 8 0 0 35 1739 0 0 12 0 19 0 0 0 0 0 103 0 0 54 0 0 3558 0 4358 4481 0 0 4759 0 6 198070 0 0 0 5722 44 0 0 0 0 0 0 40 665 0 0 14 0 0 0 0 37 0 0 0 0 0 0 0 28 0 0 17 0 0 3023 0 1995 0 59 0 0 0 2836 0 1607 0 49 0 0 0 0 0 0 8 0 0 0 0 0 12 0 0 0 1354 0 0 0 19 0 0 0 14 0 17 0 0 0 0 0 0 0 0 0 14 0 0 4 0 0 0 0 0 0 11 0 0 0 
0 5 0 0 22 1025 0 0 3 0 7 0 0 0 0 0 71 0 0 19 0 0 997 0 2816 2410 0 0 4367 0 0 125719 0 0 0 3685 37 0 0 0 0 0 0 5 217 0 0 0 0 0 0 0 29 0 0 0 0 0 0 0 22 0 0 3 0 0 1187 0 1817 0 17 0 0 0 892 0 840 0 23 0 0 0 0 0 0 0 0 0 0 0 0 2 0 0 0 287 0 0 0 10 0 0 0 9 0 1 0 0 0 0 0 0 0 0 0 3 0 0 0 0 0 0 0 0 0 4 0 0 0 
0 6 0 0 33 1349 0 0 11 0 4 0 0 0 0 0 94 0 0 64 0 0 3314 0 3559 3475 0 0 4690 0 10 166175 0 0 0 6061 49 0 0 0 0 0 0 44 639 0 0 12 0 0 0 0 43 0 0 0 0 0 0 0 33 0 0 4 0 0 803 0 2045 0 16 0 0 0 590 0 1464 0 15 0 0 0 0 0 0 1 0 0 0 0 0 1 0 0 0 361 0 0 0 5 0 0 0 5 0 4 0 0 0 0 0 0 0 0 0 1 0 0 0 0 0 0 0 0 0 0 0 0 0 
0 5 0 0 23 990 0 0 5 0 5 0 0 0 0 0 79 0 0 30 0 0 1466 0 2983 3157 0 0 3573 0 1 104858 0 0 0 3518 27 0 0 0 0 0 0 9 218 0 0 2 0 0 0 0 21 0 0 0 0 0 0 0 21 0 0 3 0 0 857 0 1417 0 17 0 0 0 645 0 1218 0 16 0 0 0 0 0 0 1 0 0 0 0 0 2 0 0 0 269 0 0 0 5 0 0 0 7 0 3 0 0 0 0 0 0 0 0 0 3 0 0 0 0 0 0 0 0 0 0 0 0 0 
0 8 0 0 39 1445 0 0 13 0 18 0 0 0 0 0 106 0 0 84 0 0 3580 0 3727 5497 0 0 4922 0 2 154219 0 0 0 5519 53 0 0 0 0 0 0 29 527 0 0 10 0 0 0 0 37 0 0 0 0 0 0 0 47 0 0 31 0 0 2786 0 1554 0 63 0 0 0 1907 0 1591 0 48 0 0 0 0 0 0 5 0 0 0 0 0 10 0 0 0 899 0 0 0 15 0 0 0 18 0 12 0 0 0 0 0 0 0 0 0 16 0 0 2 0 0 0 0 0 0 13 0 0 0 
0 10 0 0 43 1592 0 0 25 0 21 0 0 0 0 0 162 0 0 141 0 0 6099 0 4231 6238 0 0 4325 0 17 159959 0 0 0 4958 46 0 0 0 0 0 0 37 826 0 0 19 0 0 0 0 26 0 0 0 0 0 0 0 37 0 0 56 0 0 3620 0 1658 0 53 0 0 0 1845 0 1566 0 52 0 0 0 0 0 0 13 0 0 0 0 0 15 0 0 0 686 0 0 0 23 0 0 0 12 0 18 0 0 0 0 0 0 0 0 0 25 0 0 0 0 0 0 0 0 0 9 0 0 0 
0 7 0 0 35 989 0 0 10 0 13 0 0 0 0 0 126 0 0 63 0 0 2203 0 3039 5541 0 0 4147 0 3 85173 0 0 0 3819 48 0 0 0 0 0 0 13 237 0 0 14 0 0 0 0 22 0 0 0 0 0 0 0 33 0 0 13 0 0 1819 0 1031 0 44 0 0 0 1200 0 1236 0 44 0 0 0 0 0 0 7 0 0 0 0 0 6 0 0 0 367 0 0 0 9 0 0 0 10 0 12 0 0 0 0 0 0 0 0 0 15 0 0 1 0 0 0 0 0 0 3 0 0 0 
0 9 0 0 47 1646 0 0 16 0 22 0 0 0 0 0 136 0 0 104 0 0 4199 0 4164 6016 0 0 4205 0 7 184292 0 0 0 7228 73 0 0 0 0 0 0 33 566 0 0 14 0 0 0 0 31 0 0 0 0 0 0 0 41 0 0 29 0 0 4127 0 1755 0 81 0 0 0 2359 0 1965 0 63 0 0 0 0 0 0 15 0 0 0 0 0 11 0 0 0 1050 0 0 0 31 0 0 0 23 0 21 0 0 0 0 0 0 0 0 0 31 0 0 3 0 0 0 0 0 0 12 0 0 0 
0 7 0 0 32 1326 0 0 13 0 8 0 0 0 0 0 117 0 0 66 0 0 3725 0 3573 3462 0 0 4854 0 9 159072 0 0 0 4725 58 0 0 0 0 0 0 38 563 0 0 13 0 0 0 0 34 0 0 0 0 0 0 0 25 0 0 13 0 0 1169 0 2221 0 29 0 0 0 1195 0 1166 0 24 0 0 0 0 0 0 4 0 0 0 0 0 3 0 0 0 352 0 0 0 8 0 0 0 6 0 5 0 0 0 0 0 0 0 0 0 3 0 0 0 0 0 0 0 0 0 1 0 0 0 
0 10 0 0 45 1974 0 0 28 0 21 0 0 0 0 0 115 0 0 172 0 0 7721 0 4506 5004 0 0 5317 0 33 223699 0 0 0 6633 64 0 0 0 0 0 0 65 1164 0 0 21 0 0 0 0 29 0 0 0 0 0 0 0 33 0 0 60 0 0 3352 0 2274 0 51 0 0 0 3322 0 1719 0 52 0 0 0 0 0 0 11 0 0 0 0 0 12 0 0 0 1405 0 0 0 23 0 0 0 23 0 25 0 0 0 0 0 0 0 0 0 16 0 0 2 0 0 0 0 0 0 11 0 0 0 
0 6 0 0 40 882 0 0 4 0 12 0 0 0 0 0 119 0 0 35 0 0 587 0 2226 6722 0 0 3856 0 1 89915 0 0 0 4272 76 0 0 0 0 0 0 6 32 0 0 8 0 0 0 0 28 0 0 0 0 0 0 0 44 0 0 2 0 0 2394 0 1194 0 39 0 0 0 957 0 1476 0 33 0 0 0 0 0 0 8 0 0 0 0 0 0 0 0 0 399 0 0 0 26 0 0 0 13 0 2 0 0 0 0 0 0 0 0 0 29 0 0 1 0 0 0 0 0 0 10 0 0 0 
0 8 0 0 45 1021 0 0 13 0 19 0 0 0 0 0 143 0 0 87 0 0 2387 0 2899 7525 0 0 3950 0 5 92736 0 0 0 4299 66 0 0 0 0 0 0 18 278 0 0 23 0 0 0 0 30 0 0 0 0 0 0 0 51 0 0 25 0 0 2951 0 1162 0 68 0 0 0 1479 0 1337 0 55 0 0 0 0 0 0 14 0 0 0 0 0 9 0 0 0 379 0 0 0 24 0 0 0 8 0 17 0 0 0 0 0 0 0 0 0 30 0 0 1 0 0 0 0 0 0 10 0 0 0 
0 8 0 0 38 1033 0 0 16 0 14 0 0 0 0 0 128 0 0 103 0 0 3219 0 3056 5181 0 0 2932 0 10 110531 0 0 0 4459 54 0 0 0 0 0 0 18 139 0 0 19 0 0 0 0 25 0 0 0 0 0 0 0 43 0 0 29 0 0 2061 0 1174 0 47 0 0 0 1305 0 1185 0 46 0 0 0 0 0 0 9 0 0 0 0 0 6 0 0 0 506 0 0 0 12 0 0 0 10 0 9 0 0 0 0 0 0 0 0 0 10 0 0 1 0 0 0 0 0 0 4 0 0 0 
0 6 0 0 31 1192 0 0 9 0 7 0 0 0 0 0 73 0 0 57 0 0 2696 0 2620 3632 0 0 4084 0 3 157908 0 0 0 5577 56 0 0 0 0 0 0 15 464 0 0 15 0 0 0 0 37 0 0 0 0 0 0 0 33 0 0 12 0 0 1247 0 1756 0 22 0 0 0 762 0 1654 0 15 0 0 0 0 0 0 2 0 0 0 0 0 2 0 0 0 412 0 0 0 9 0 0 0 7 0 5 0 0 0 0 0 0 0 0 0 9 0 0 0 0 0 0 0 0 0 0 0 0 0 
0 7 0 0 29 1487 0 0 10 0 13 0 0 0 0 0 94 0 0 56 0 0 2946 0 4079 3295 0 0 4462 0 4 180123 0 0 0 4999 42 0 0 0 0 0 0 18 540 0 0 7 0 0 0 0 32 0 0 0 0 0 0 0 22 0 0 14 0 0 2435 0 1883 0 38 0 0 0 1696 0 1442 0 28 0 0 0 0 0 0 6 0 0 0 0 0 3 0 0 0 731 0 0 0 15 0 0 0 8 0 10 0 0 0 0 0 0 0 0 0 10 0 0 2 0 0 0 0 0 0 6 0 0 0 
0 7 0 0 46 1188 0 0 11 0 11 0 0 0 0 0 122 0 0 85 0 0 2542 0 2743 7010 0 0 4543 0 8 120865 0 0 0 5613 82 0 0 0 0 0 0 31 298 0 0 26 0 0 0 0 41 0 0 0 0 0 0 0 54 0 0 9 0 0 2101 0 1549 0 36 0 0 0 1219 0 1985 0 38 0 0 0 0 0 0 11 0 0 0 0 0 0 0 0 0 524 0 0 0 18 0 0 0 12 0 5 0 0 0 0 0 0 0 0 0 21 0 0 1 0 0 0 0 0 0 6 0 0 0 
0 4 0 0 25 607 0 0 2 0 4 0 0 0 0 0 100 0 0 20 0 0 439 0 1838 3918 0 0 2635 0 0 58074 0 0 0 2723 38 0 0 0 0 0 0 3 41 0 0 3 0 0 0 0 21 0 0 0 0 0 0 0 32 0 0 1 0 0 697 0 812 0 16 0 0 0 331 0 957 0 12 0 0 0 0 0 0 0 0 0 0 0 0 0 0 0 0 130 0 0 0 6 0 0 0 3 0 2 0 0 0 0 0 0 0 0 0 7 0 0 0 0 0 0 0 0 0 1 0 0 0 
0 7 0 0 29 1722 0 0 10 0 13 0 0 0 0 0 71 0 0 57 0 0 3277 0 3896 2525 0 0 5330 0 1 220614 0 0 0 6021 39 0 0 0 0 0 0 22 818 0 0 6 0 0 0 0 33 0 0 0 0 0 0 0 24 0 0 21 0 0 1964 0 2357 0 32 0 0 0 2364 0 1299 0 41 0 0 0 0 0 0 5 0 0 0 0 0 6 0 0 0 1050 0 0 0 18 0 0 0 15 0 6 0 0 0 0 0 0 0 0 0 2 0 0 1 0 0 0 0 0 0 5 0 0 0 
0 8 0 0 47 1353 0 0 22 0 7 0 0 0 0 0 117 0 0 143 0 0 5705 0 3252 6712 0 0 6003 0 28 131533 0 0 0 6117 75 0 0 0 0 0 0 80 829 0 0 30 0 0 0 0 46 0 0 0 0 0 0 0 51 0 0 22 0 0 1048 0 1938 0 30 0 0 0 734 0 1801 0 18 0 0 0 0 0 0 1 0 0 0 0 0 6 0 0 0 265 0 0 0 12 0 0 0 6 0 5 0 0 0 0 0 0 0 0 0 8 0 0 0 0 0 0 0 0 0 0 0 0 0 
0 12 0 0 48 2266 0 0 49 0 19 0 0 0 0 0 100 0 0 222 0 0 13489 0 3912 5266 0 0 7977 0 98 239878 0 0 0 6970 63 0 0 0 0 0 0 149 2388 0 0 37 0 0 0 0 45 0 0 0 0 0 0 0 41 0 0 93 0 0 2921 0 3086 0 41 0 0 0 2471 0 1559 0 37 0 0 0 0 0 0 6 0 0 0 0 0 17 0 0 0 994 0 0 0 19 0 0 0 17 0 15 0 0 0 0 0 0 0 0 0 8 0 0 0 0 0 0 0 0 0 11 0 0 0 
0 5 0 0 24 1090 0 0 3 0 10 0 0 0 0 0 83 0 0 16 0 0 998 0 2872 3306 0 0 3651 0 0 130973 0 0 0 3754 31 0 0 0 0 0 0 8 261 0 0 3 0 0 0 0 35 0 0 0 0 0 0 0 19 0 0 3 0 0 1391 0 1494 0 33 0 0 0 1565 0 1396 0 34 0 0 0 0 0 0 4 0 0 0 0 0 1 0 0 0 562 0 0 0 9 0 0 0 8 0 4 0 0 0 0 0 0 0 0 0 9 0 0 1 0 0 0 0 0 0 7 0 0 0 
0 6 0 0 34 860 0 0 8 0 7 0 0 0 0 0 107 0 0 62 0 0 1907 0 2616 4426 0 0 3336 0 2 94205 0 0 0 3981 62 0 0 0 0 0 0 15 164 0 0 10 0 0 0 0 21 0 0 0 0 0 0 0 36 0 0 9 0 0 1093 0 1247 0 35 0 0 0 562 0 1005 0 17 0 0 0 0 0 0 2 0 0 0 0 0 3 0 0 0 192 0 0 0 10 0 0 0 7 0 3 0 0 0 0 0 0 0 0 0 5 0 0 0 0 0 0 0 0 0 1 0 0 0 
81 4 217 280 25 323 3221 439 4 3 2 19 42 1285 467 1345 89 553 961 28 1890 83102 414 24623 936 3820 18247 14806 1736 659 1 27237 83916 12957 9918 1201 49 269 884 5 22 464 159 4 11 5107 172 12 3 406 281 154 9 7 9 4 12 25 122 93 23 35 100 2 582 7361 443 1307 456 160 4 40 292 2331 66 2346 370 78 8 49 432 3 2 3 0 1 55 0 0 4 1 0 40 3 477 8 95 57 65 3 2 21 60 1 54 0 41 22 3 0 7 1 0 5 9 3 5 10 0 1 0 0 1 0 0 0 7 4 0 
0 5 0 0 29 753 0 0 5 0 6 0 0 0 0 0 95 0 0 37 0 0 1114 0 2094 4233 0 0 3596 0 1 84045 0 0 0 3472 43 0 0 0 0 0 0 13 104 0 0 2 0 0 0 0 24 0 0 0 0 0 0 0 34 0 0 5 0 0 1191 0 1201 0 22 0 0 0 485 0 1061 0 16 0 0 0 0 0 0 3 0 0 0 0 0 1 0 0 0 209 0 0 0 12 0 0 0 6 0 2 0 0 0 0 0 0 0 0 0 11 0 0 0 0 0 0 0 0 0 1 0 0 0 
0 8 0 0 39 2103 0 0 15 0 16 0 0 0 0 0 86 0 0 78 0 0 5005 0 3962 3318 0 0 5380 0 8 282158 0 0 0 8597 57 0 0 0 0 0 0 54 1468 0 0 15 0 0 0 0 37 0 0 0 0 0 0 0 26 0 0 32 0 0 2517 0 2669 0 49 0 0 0 2659 0 1865 0 51 0 0 0 0 0 0 4 0 0 0 0 0 5 0 0 0 1495 0 0 0 19 0 0 0 18 0 12 0 0 0 0 0 0 0 0 0 12 0 0 5 0 0 0 0 0 0 9 0 0 0 
0 9 0 0 38 1730 0 0 21 0 17 0 0 0 0 0 111 0 0 117 0 0 5751 0 3930 4520 0 0 4897 0 19 206650 0 0 0 5722 49 0 0 0 0 0 0 35 826 0 0 17 0 0 0 0 35 0 0 0 0 0 0 0 27 0 0 35 0 0 2947 0 2173 0 46 0 0 0 2394 0 2029 0 46 0 0 0 0 0 0 11 0 0 0 0 0 6 0 0 0 957 0 0 0 15 0 0 0 15 0 19 0 0 0 0 0 0 0 0 0 13 0 0 2 0 0 0 0 0 0 7 0 0 0 
0 7 0 0 34 1787 0 0 13 0 11 0 0 0 0 0 77 0 0 67 0 0 4240 0 3680 3217 0 0 5628 0 8 233155 0 0 0 7009 46 0 0 0 0 0 0 47 1214 0 0 9 0 0 0 0 36 0 0 0 0 0 0 0 27 0 0 19 0 0 1612 0 2641 0 32 0 0 0 1901 0 1602 0 30 0 0 0 0 0 0 5 0 0 0 0 0 7 0 0 0 936 0 0 0 14 0 0 0 18 0 11 0 0 0 0 0 0 0 0 0 9 0 0 0 0 0 0 0 0 0 2 0 0 0 
0 8 0 0 42 1571 0 0 16 0 14 0 0 0 0 0 133 0 0 98 0 0 4718 0 3823 5242 0 0 4871 0 11 165386 0 0 0 6666 64 0 0 0 0 0 0 42 729 0 0 18 0 0 0 0 36 0 0 0 0 0 0 0 37 0 0 22 0 0 2222 0 1953 0 48 0 0 0 1872 0 2009 0 40 0 0 0 0 0 0 5 0 0 0 0 0 11 0 0 0 739 0 0 0 20 0 0 0 21 0 17 0 0 0 0 0 0 0 0 0 15 0 0 0 0 0 0 0 0 0 2 0 0 0 
0 8 0 0 40 1586 0 0 19 0 10 0 0 0 0 0 111 0 0 124 0 0 5311 0 4156 3280 0 0 4797 0 20 180567 0 0 0 6824 57 0 0 0 0 0 0 50 799 0 0 9 0 0 0 0 34 0 0 0 0 0 0 0 35 0 0 21 0 0 1733 0 1887 0 37 0 0 0 1503 0 1462 0 31 0 0 0 0 0 0 3 0 0 0 0 0 5 0 0 0 713 0 0 0 14 0 0 0 13 0 9 0 0 0 0 0 0 0 0 0 6 0 0 2 0 0 0 0 0 0 2 0 0 0 
0 7 0 0 33 1442 0 0 13 0 8 0 0 0 0 0 104 0 0 73 0 0 3764 0 3821 4031 0 0 4963 0 9 158207 0 0 0 5126 43 0 0 0 0 0 0 32 629 0 0 10 0 0 0 0 35 0 0 0 0 0 0 0 32 0 0 15 0 0 1164 0 1985 0 26 0 0 0 1360 0 1580 0 26 0 0 0 0 0 0 0 0 0 0 0 0 5 0 0 0 533 0 0 0 6 0 0 0 13 0 3 0 0 0 0 0 0 0 0 0 5 0 0 1 0 0 0 0 0 0 2 0 0 0 
0 6 0 0 35 1078 0 0 8 0 9 0 0 0 0 0 93 0 0 54 0 0 2207 0 2719 4863 0 0 4022 0 4 119875 0 0 0 5032 58 0 0 0 0 0 0 21 251 0 0 11 0 0 0 0 30 0 0 0 0 0 0 0 40 0 0 6 0 0 1403 0 1373 0 33 0 0 0 1043 0 1542 0 30 0 0 0 0 0 0 5 0 0 0 0 0 2 0 0 0 486 0 0 0 12 0 0 0 11 0 8 0 0 0 0 0 0 0 0 0 10 0 0 2 0 0 0 0 0 0 2 0 0 0 
284 9 1009 1832 26 1225 39583 649 23 15 15 605 715 1682 3612 4591 31 1520 2689 85 1050 65555 4338 144254 1803 1664 240239 206617 1790 468 20 91094 3630674 65447 187115 2912 19 3361 2184 27 1402 851 937 29 966 17913 978 11 413 1538 1229 2344 10 27 25 43 10 1830 2172 2237 11 838 992 46 210 102765 1430 124174 687 1548 27 2201 581 74497 1370 135959 569 1363 32 2577 430 18 8 6 27 7 353 247 6 5 5 8 254 547 31254 604 21473 846 864 5 1165 734 433 5 840 17 347 299 801 32 7 3 17 520 1294 10 775 274 1 5 7 7 3 7 12 0 523 368 308 
0 9 0 0 39 2161 0 0 21 0 16 0 0 0 0 0 85 0 0 100 0 0 6560 0 4159 3670 0 0 6379 0 17 275372 0 0 0 7995 56 0 0 0 0 0 0 75 1587 0 0 14 0 0 0 0 41 0 0 0 0 0 0 0 28 0 0 35 0 0 2542 0 2840 0 36 0 0 0 2787 0 1610 0 38 0 0 0 0 0 0 11 0 0 0 0 0 10 0 0 0 1336 0 0 0 24 0 0 0 18 0 12 0 0 0 0 0 0 0 0 0 11 0 0 0 0 0 0 0 0 0 6 0 0 0 
0 7 0 0 36 1834 0 0 10 0 13 0 0 0 0 0 78 0 0 56 0 0 3356 0 3683 3385 0 0 4805 0 3 247020 0 0 0 7623 56 0 0 0 0 0 0 28 1036 0 0 14 0 0 0 0 38 0 0 0 0 0 0 0 27 0 0 17 0 0 2224 0 2444 0 41 0 0 0 2186 0 1957 0 40 0 0 0 0 0 0 4 0 0 0 0 0 6 0 0 0 1087 0 0 0 15 0 0 0 11 0 9 0 0 0 0 0 0 0 0 0 15 0 0 4 0 0 0 0 0 0 2 0 0 0 
0 7 0 0 39 792 0 0 16 0 5 0 0 0 0 0 150 0 0 123 0 0 2929 0 2225 5626 0 0 2837 0 14 96226 0 0 0 3924 65 0 0 0 0 0 0 16 180 0 0 21 0 0 0 0 28 0 0 0 0 0 0 0 35 0 0 17 0 0 1146 0 1243 0 21 0 0 0 173 0 1130 0 15 0 0 0 0 0 0 2 0 0 0 0 0 1 0 0 0 61 0 0 0 7 0 0 0 2 0 1 0 0 0 0 0 0 0 0 0 8 0 0 0 0 0 0 0 0 0 0 0 0 0 
0 4 0 0 21 937 0 0 4 0 2 0 0 0 0 0 65 0 0 27 0 0 1340 0 2451 1986 0 0 4803 0 1 108718 0 0 0 4068 39 0 0 0 0 0 0 18 266 0 0 1 0 0 0 0 35 0 0 0 0 0 0 0 22 0 0 2 0 0 311 0 2021 0 3 0 0 0 321 0 977 0 6 0 0 0 0 0 0 0 0 0 0 0 0 0 0 0 0 147 0 0 0 4 0 0 0 3 0 1 0 0 0 0 0 0 0 0 0 2 0 0 0 0 0 0 0 0 0 0 0 0 0 
0 9 0 0 35 1747 0 0 26 0 11 0 0 0 0 0 96 0 0 103 0 0 7464 0 4129 4388 0 0 6639 0 30 178296 0 0 0 5315 36 0 0 0 0 0 0 71 1276 0 0 17 0 0 0 0 39 0 0 0 0 0 0 0 33 0 0 41 0 0 1590 0 2322 0 29 0 0 0 1445 0 1365 0 31 0 0 0 0 0 0 4 0 0 0 0 0 5 0 0 0 564 0 0 0 15 0 0 0 8 0 11 0 0 0 0 0 0 0 0 0 6 0 0 0 0 0 0 0 0 0 0 0 0 0 
0 6 0 0 27 1161 0 0 5 0 10 0 0 0 0 0 82 0 0 40 0 0 1355 0 3262 3580 0 0 5016 0 1 123936 0 0 0 3584 39 0 0 0 0 0 0 14 204 0 0 3 0 0 0 0 33 0 0 0 0 0 0 0 24 0 0 5 0 0 1787 0 1925 0 18 0 0 0 1294 0 1144 0 32 0 0 0 0 0 0 4 0 0 0 0 0 0 0 0 0 468 0 0 0 15 0 0 0 4 0 3 0 0 0 0 0 0 0 0 0 7 0 0 1 0 0 0 0 0 0 6 0 0 0 
0 6 0 0 38 836 0 0 8 0 7 0 0 0 0 0 130 0 0 69 0 0 1810 0 2186 5651 0 0 3179 0 3 94209 0 0 0 4171 81 0 0 0 0 0 0 20 164 0 0 14 0 0 0 0 31 0 0 0 0 0 0 0 50 0 0 9 0 0 1106 0 1251 0 25 0 0 0 585 0 1266 0 21 0 0 0 0 0 0 0 0 0 0 0 0 1 0 0 0 161 0 0 0 7 0 0 0 10 0 4 0 0 0 0 0 0 0 0 0 8 0 0 1 0 0 0 0 0 0 2 0 0 0 
213 8 1047 1308 25 925 22186 686 21 10 7 393 384 2577 4692 3202 54 2042 3039 93 2087 93291 3910 110172 1865 2105 135698 155093 2345 524 22 69772 1517953 85285 107633 2595 26 2632 3446 33 1011 689 765 30 491 15886 665 8 319 1130 842 1138 16 19 26 41 26 1258 815 893 16 732 713 27 546 57399 740 57619 837 1115 16 1727 907 63212 397 56159 672 1320 7 1577 1101 8 4 7 13 0 282 108 1 11 2 3 349 209 11810 212 11815 296 241 4 512 301 392 5 491 3 248 302 392 6 10 8 5 560 283 6 172 161 0 2 0 4 1 1 1 1 93 106 190 
0 3 0 0 18 796 0 0 2 0 1 0 0 0 0 0 45 0 0 17 0 0 693 0 2219 1622 0 0 3052 0 0 106113 0 0 0 4031 32 0 0 0 0 0 0 5 160 0 0 0 0 0 0 0 30 0 0 0 0 0 0 0 27 0 0 1 0 0 197 0 1420 0 3 0 0 0 140 0 961 0 1 0 0 0 0 0 0 0 0 0 0 0 0 0 0 0 0 117 0 0 0 3 0 0 0 5 0 0 0 0 0 0 0 0 0 0 0 1 0 0 0 0 0 0 0 0 0 0 0 0 0 
0 6 0 0 34 998 0 0 7 0 9 0 0 0 0 0 116 0 0 55 0 0 1591 0 2601 4937 0 0 3405 0 3 100709 0 0 0 4402 53 0 0 0 0 0 0 13 160 0 0 8 0 0 0 0 30 0 0 0 0 0 0 0 39 0 0 5 0 0 1664 0 1239 0 31 0 0 0 992 0 1605 0 28 0 0 0 0 0 0 8 0 0 0 0 0 1 0 0 0 412 0 0 0 13 0 0 0 8 0 2 0 0 0 0 0 0 0 0 0 12 0 0 2 0 0 0 0 0 0 3 0 0 0 
0 7 0 0 29 1708 0 0 7 0 15 0 0 0 0 0 98 0 0 38 0 0 2188 0 4400 2599 0 0 4858 0 1 214628 0 0 0 6090 35 0 0 0 0 0 0 27 565 0 0 2 0 0 0 0 34 0 0 0 0 0 0 0 28 0 0 10 0 0 2521 0 2233 0 36 0 0 0 2409 0 1219 0 41 0 0 0 0 0 0 2 0 0 0 0 0 6 0 0 0 1242 0 0 0 20 0 0 0 16 0 8 0 0 0 0 0 0 0 0 0 6 0 0 1 0 0 0 0 0 0 12 0 0 0 
0 7 0 0 32 1638 0 0 10 0 14 0 0 0 0 0 83 0 0 56 0 0 3308 0 3716 3013 0 0 5467 0 3 216548 0 0 0 6286 48 0 0 0 0 0 0 30 659 0 0 8 0 0 0 0 34 0 0 0 0 0 0 0 24 0 0 17 0 0 2133 0 2548 0 34 0 0 0 2342 0 1490 0 44 0 0 0 0 0 0 8 0 0 0 0 0 6 0 0 0 936 0 0 0 23 0 0 0 19 0 9 0 0 0 0 0 0 0 0 0 7 0 0 2 0 0 0 0 0 0 7 0 0 0 
0 6 0 0 36 1113 0 0 5 0 12 0 0 0 0 0 110 0 0 29 0 0 1275 0 3031 5433 0 0 3913 0 0 124296 0 0 0 4893 61 0 0 0 0 0 0 15 201 0 0 12 0 0 0 0 26 0 0 0 0 0 0 0 36 0 0 4 0 0 2006 0 1693 0 41 0 0 0 1723 0 1506 0 37 0 0 0 0 0 0 4 0 0 0 0 0 6 0 0 0 493 0 0 0 17 0 0 0 15 0 10 0 0 0 0 0 0 0 0 0 20 0 0 1 0 0 0 0 0 0 4 0 0 0 
0 8 0 0 38 1819 0 0 14 0 15 0 0 0 0 0 110 0 0 77 0 0 4379 0 3896 4113 0 0 4708 0 4 236413 0 0 0 6866 55 0 0 0 0 0 0 35 989 0 0 15 0 0 0 0 34 0 0 0 0 0 0 0 32 0 0 29 0 0 2967 0 2336 0 52 0 0 0 1902 0 1950 0 37 0 0 0 0 0 0 9 0 0 0 0 0 7 0 0 0 1007 0 0 0 18 0 0 0 15 0 6 0 0 0 0 0 0 0 0 0 14 0 0 0 0 0 0 0 0 0 7 0 0 0 
0 6 0 0 28 1195 0 0 12 0 3 0 0 0 0 0 88 0 0 64 0 0 3437 0 3379 3551 0 0 4710 0 10 126549 0 0 0 4503 34 0 0 0 0 0 0 39 689 0 0 4 0 0 0 0 27 0 0 0 0 0 0 0 24 0 0 8 0 0 437 0 1702 0 8 0 0 0 426 0 1296 0 7 0 0 0 0 0 0 0 0 0 0 0 0 0 0 0 0 134 0 0 0 3 0 0 0 3 0 2 0 0 0 0 0 0 0 0 0 7 0 0 0 0 0 0 0 0 0 0 0 0 0 
0 8 0 0 45 1558 0 0 20 0 8 0 0 0 0 0 121 0 0 131 0 0 5871 0 3846 5349 0 0 5460 0 19 164952 0 0 0 7122 69 0 0 0 0 0 0 69 1037 0 0 20 0 0 0 0 46 0 0 0 0 0 0 0 53 0 0 26 0 0 1387 0 2131 0 34 0 0 0 836 0 1743 0 28 0 0 0 0 0 0 1 0 0 0 0 0 4 0 0 0 342 0 0 0 11 0 0 0 2 0 6 0 0 0 0 0 0 0 0 0 8 0 0 0 0 0 0 0 0 0 0 0 0 0 
0 9 0 0 36 1903 0 0 20 0 18 0 0 0 0 0 118 0 0 108 0 0 6028 0 4575 4227 0 0 5125 0 16 213169 0 0 0 6191 44 0 0 0 0 0 0 41 982 0 0 10 0 0 0 0 30 0 0 0 0 0 0 0 25 0 0 36 0 0 2926 0 2137 0 47 0 0 0 2609 0 1632 0 40 0 0 0 0 0 0 7 0 0 0 0 0 13 0 0 0 1349 0 0 0 17 0 0 0 22 0 17 0 0 0 0 0 0 0 0 0 10 0 0 1 0 0 0 0 0 0 9 0 0 0 
0 6 0 0 27 1560 0 0 5 0 12 0 0 0 0 0 68 0 0 24 0 0 1728 0 3932 2822 0 0 3897 0 1 208061 0 0 0 5670 36 0 0 0 0 0 0 15 519 0 0 6 0 0 0 0 33 0 0 0 0 0 0 0 24 0 0 3 0 0 1987 0 1970 0 37 0 0 0 2059 0 1522 0 35 0 0 0 0 0 0 3 0 0 0 0 0 4 0 0 0 1018 0 0 0 10 0 0 0 8 0 11 0 0 0 0 0 0 0 0 0 9 0 0 1 0 0 0 0 0 0 5 0 0 0 
0 9 0 0 33 1892 0 0 23 0 14 0 0 0 0 0 84 0 0 99 0 0 6681 0 4483 3211 0 0 5743 0 23 226665 0 0 0 6321 37 0 0 0 0 0 0 51 1190 0 0 15 0 0 0 0 37 0 0 0 0 0 0 0 28 0 0 36 0 0 2538 0 2299 0 43 0 0 0 1759 0 1344 0 30 0 0 0 0 0 0 7 0 0 0 0 0 7 0 0 0 1126 0 0 0 11 0 0 0 15 0 16 0 0 0 0 0 0 0 0 0 3 0 0 0 0 0 0 0 0 0 2 0 0 0 
0 7 0 0 44 913 0 0 13 0 9 0 0 0 0 0 127 0 0 103 0 0 2519 0 2699 6699 0 0 3736 0 8 94799 0 0 0 4426 81 0 0 0 0 0 0 28 185 0 0 23 0 0 0 0 24 0 0 0 0 0 0 0 48 0 0 16 0 0 1661 0 1259 0 34 0 0 0 759 0 1205 0 24 0 0 0 0 0 0 5 0 0 0 0 0 2 0 0 0 224 0 0 0 16 0 0 0 7 0 7 0 0 0 0 0 0 0 0 0 18 0 0 0 0 0 0 0 0 0 2 0 0 0 
0 5 0 0 24 1380 0 0 4 0 6 0 0 0 0 0 63 0 0 19 0 0 1403 0 3286 2590 0 0 3977 0 0 191115 0 0 0 5250 39 0 0 0 0 0 0 11 460 0 0 9 0 0 0 0 33 0 0 0 0 0 0 0 22 0 0 4 0 0 1041 0 2247 0 19 0 0 0 1004 0 1661 0 15 0 0 0 0 0 0 1 0 0 0 0 0 2 0 0 0 567 0 0 0 7 0 0 0 9 0 1 0 0 0 0 0 0 0 0 0 3 0 0 0 0 0 0 0 0 0 2 0 0 0 
0 9 0 0 40 1686 0 0 24 0 13 0 0 0 0 0 123 0 0 132 0 0 6570 0 4231 5229 0 0 5330 0 27 167516 0 0 0 5901 44 0 0 0 0 0 0 55 1131 0 0 17 0 0 0 0 35 0 0 0 0 0 0 0 35 0 0 35 0 0 1961 0 1788 0 39 0 0 0 1740 0 1715 0 37 0 0 0 0 0 0 3 0 0 0 0 0 6 0 0 0 647 0 0 0 12 0 0 0 7 0 15 0 0 0 0 0 0 0 0 0 11 0 0 2 0 0 0 0 0 0 3 0 0 0 
0 8 0 0 33 1580 0 0 19 0 10 0 0 0 0 0 86 0 0 93 0 0 5492 0 3867 3222 0 0 6258 0 19 177204 0 0 0 5418 41 0 0 0 0 0 0 64 1046 0 0 9 0 0 0 0 39 0 0 0 0 0 0 0 31 0 0 27 0 0 1744 0 2635 0 22 0 0 0 1196 0 1129 0 25 0 0 0 0 0 0 3 0 0 0 0 0 3 0 0 0 404 0 0 0 19 0 0 0 7 0 4 0 0 0 0 0 0 0 0 0 4 0 0 0 0 0 0 0 0 0 6 0 0 0 
0 6 0 0 30 1402 0 0 9 0 6 0 0 0 0 0 84 0 0 51 0 0 2786 0 3307 3079 0 0 4578 0 4 188695 0 0 0 5476 47 0 0 0 0 0 0 27 724 0 0 10 0 0 0 0 33 0 0 0 0 0 0 0 29 0 0 8 0 0 1307 0 2304 0 25 0 0 0 681 0 1558 0 12 0 0 0 0 0 0 4 0 0 0 0 0 2 0 0 0 380 0 0 0 9 0 0 0 6 0 2 0 0 0 0 0 0 0 0 0 3 0 0 0 0 0 0 0 0 0 0 0 0 0 
0 5 0 0 29 611 0 0 8 0 2 0 0 0 0 0 83 0 0 63 0 0 1527 0 1532 4275 0 0 2662 0 5 72743 0 0 0 3077 48 0 0 0 0 0 0 11 44 0 0 11 0 0 0 0 27 0 0 0 0 0 0 0 33 0 0 4 0 0 436 0 1110 0 8 0 0 0 225 0 1064 0 7 0 0 0 0 0 0 1 0 0 0 0 0 0 0 0 0 77 0 0 0 3 0 0 0 2 0 0 0 0 0 0 0 0 0 0 0 2 0 0 0 0 0 0 0 0 0 0 0 0 0 
0 7 0 0 39 911 0 0 10 0 14 0 0 0 0 0 134 0 0 68 0 0 2018 0 2652 5784 0 0 3908 0 2 89163 0 0 0 4032 57 0 0 0 0 0 0 21 213 0 0 12 0 0 0 0 25 0 0 0 0 0 0 0 41 0 0 19 0 0 2223 0 1188 0 57 0 0 0 870 0 1168 0 45 0 0 0 0 0 0 8 0 0 0 0 0 6 0 0 0 298 0 0 0 18 0 0 0 7 0 10 0 0 0 0 0 0 0 0 0 15 0 0 0 0 0 0 0 0 0 6 0 0 0 
0 9 0 0 42 1943 0 0 17 0 23 0 0 0 0 0 102 0 0 110 0 0 5061 0 4314 4301 0 0 5511 0 13 229107 0 0 0 7168 57 0 0 0 0 0 0 45 1138 0 0 10 0 0 0 0 36 0 0 0 0 0 0 0 32 0 0 27 0 0 3885 0 2286 0 65 0 0 0 3270 0 1536 0 60 0 0 0 0 0 0 8 0 0 0 0 0 19 0 0 0 1466 0 0 0 20 0 0 0 22 0 28 0 0 0 0 0 0 0 0 0 21 0 0 3 0 0 0 0 0 0 17 0 0 0 
73 8 584 446 34 1432 2561 297 18 7 11 68 131 1899 2107 1624 83 1663 1115 107 1080 44459 4504 16559 3472 3433 72563 30402 4502 325 18 160470 58060 49012 12254 4658 48 810 936 19 708 318 201 35 714 2112 487 16 157 754 815 313 31 21 15 22 6 239 360 421 30 183 322 18 254 29539 1997 3566 1863 396 27 252 650 11038 1229 6567 1081 107 25 419 185 7 3 4 2 6 164 24 1 5 4 5 31 58 1305 652 589 190 236 10 20 97 191 7 63 13 98 72 82 1 3 0 9 16 43 7 117 23 0 3 0 0 3 0 0 2 25 57 8 
0 7 0 0 39 1124 0 0 8 0 16 0 0 0 0 0 139 0 0 60 0 0 1606 0 2979 5821 0 0 3366 0 2 123263 0 0 0 4657 63 0 0 0 0 0 0 12 149 0 0 8 0 0 0 0 22 0 0 0 0 0 0 0 34 0 0 11 0 0 2775 0 1531 0 54 0 0 0 2046 0 1463 0 47 0 0 0 0 0 0 8 0 0 0 0 0 4 0 0 0 685 0 0 0 23 0 0 0 15 0 10 0 0 0 0 0 0 0 0 0 24 0 0 5 0 0 0 0 0 0 12 0 0 0 
0 7 0 0 29 1460 0 0 11 0 11 0 0 0 0 0 93 0 0 58 0 0 3292 0 3762 3759 0 0 5488 0 5 156571 0 0 0 4481 33 0 0 0 0 0 0 24 565 0 0 6 0 0 0 0 36 0 0 0 0 0 0 0 27 0 0 15 0 0 1620 0 2128 0 27 0 0 0 1827 0 1484 0 32 0 0 0 0 0 0 3 0 0 0 0 0 5 0 0 0 607 0 0 0 16 0 0 0 8 0 8 0 0 0 0 0 0 0 0 0 6 0 0 0 0 0 0 0 0 0 4 0 0 0 
0 5 0 0 25 990 0 0 5 0 5 0 0 0 0 0 79 0 0 35 0 0 1371 0 2671 3470 0 0 4618 0 2 99626 0 0 0 3628 41 0 0 0 0 0 0 15 219 0 0 5 0 0 0 0 27 0 0 0 0 0 0 0 25 0 0 2 0 0 771 0 1576 0 10 0 0 0 727 0 1112 0 15 0 0 0 0 0 0 1 0 0 0 0 0 0 0 0 0 315 0 0 0 10 0 0 0 4 0 4 0 0 0 0 0 0 0 0 0 4 0 0 0 0 0 0 0 0 0 1 0 0 0 
0 9 0 0 50 1351 0 0 16 0 21 0 0 0 0 0 150 0 0 119 0 0 3312 0 3446 7323 0 0 4205 0 6 143717 0 0 0 6258 83 0 0 0 0 0 0 23 371 0 0 16 0 0 0 0 37 0 0 0 0 0 0 0 52 0 0 32 0 0 4249 0 1564 0 84 0 0 0 1626 0 1943 0 57 0 0 0 0 0 0 18 0 0 0 0 0 11 0 0 0 582 0 0 0 30 0 0 0 16 0 7 0 0 0 0 0 0 0 0 0 34 0 0 3 0 0 0 0 0 0 14 0 0 0 
0 6 0 0 31 1316 0 0 3 0 14 0 0 0 0 0 88 0 0 15 0 0 958 0 3334 4182 0 0 4258 0 0 157698 0 0 0 5221 43 0 0 0 0 0 0 11 262 0 0 3 0 0 0 0 27 0 0 0 0 0 0 0 27 0 0 2 0 0 2728 0 1789 0 40 0 0 0 1726 0 1627 0 38 0 0 0 0 0 0 1 0 0 0 0 0 6 0 0 0 794 0 0 0 19 0 0 0 17 0 5 0 0 0 0 0 0 0 0 0 20 0 0 1 0 0 0 0 0 0 13 0 0 0 
0 8 0 0 40 1925 0 0 16 0 14 0 0 0 0 0 96 0 0 96 0 0 5180 0 3903 3893 0 0 5684 0 9 241812 0 0 0 7822 62 0 0 0 0 0 0 53 1312 0 0 17 0 0 0 0 41 0 0 0 0 0 0 0 30 0 0 28 0 0 2220 0 2559 0 44 0 0 0 2166 0 1844 0 38 0 0 0 0 0 0 4 0 0 0 0 0 8 0 0 0 1137 0 0 0 12 0 0 0 14 0 15 0 0 0 0 0 0 0 0 0 11 0 0 2 0 0 0 0 0 0 2 0 0 0 
0 7 0 0 39 1634 0 0 13 0 9 0 0 0 0 0 94 0 0 66 0 0 4066 0 3290 4286 0 0 4959 0 6 213147 0 0 0 7077 69 0 0 0 0 0 0 47 950 0 0 23 0 0 0 0 37 0 0 0 0 0 0 0 30 0 0 22 0 0 1776 0 2412 0 28 0 0 0 1289 0 2110 0 23 0 0 0 0 0 0 3 0 0 0 0 0 4 0 0 0 633 0 0 0 15 0 0 0 15 0 4 0 0 0 0 0 0 0 0 0 11 0 0 0 0 0 0 0 0 0 1 0 0 0 
0 4 0 0 25 489 0 0 2 0 5 0 0 0 0 0 97 0 0 16 0 0 347 0 1555 4232 0 0 2063 0 0 41390 0 0 0 2323 38 0 0 0 0 0 0 2 70 0 0 4 0 0 0 0 23 0 0 0 0 0 0 0 39 0 0 0 0 0 683 0 643 0 24 0 0 0 325 0 651 0 19 0 0 0 0 0 0 1 0 0 0 0 0 2 0 0 0 60 0 0 0 4 0 0 0 0 0 3 0 0 0 0 0 0 0 0 0 7 0 0 0 0 0 0 0 0 0 0 0 0 0 
0 6 0 0 33 1158 0 0 7 0 10 0 0 0 0 0 92 0 0 57 0 0 2087 0 3110 4153 0 0 3951 0 1 140269 0 0 0 4840 51 0 0 0 0 0 0 8 170 0 0 7 0 0 0 0 32 0 0 0 0 0 0 0 34 0 0 10 0 0 1565 0 1639 0 31 0 0 0 1361 0 1402 0 33 0 0 0 0 0 0 5 0 0 0 0 0 4 0 0 0 594 0 0 0 11 0 0 0 12 0 6 0 0 0 0 0 0 0 0 0 13 0 0 2 0 0 0 0 0 0 1 0 0 0 
0 8 0 0 38 1810 0 0 21 0 8 0 0 0 0 0 100 0 0 119 0 0 6292 0 3989 3175 0 0 5701 0 25 222405 0 0 0 7691 54 0 0 0 0 0 0 65 1323 0 0 8 0 0 0 0 38 0 0 0 0 0 0 0 31 0 0 26 0 0 1330 0 2499 0 20 0 0 0 1252 0 1507 0 21 0 0 0 0 0 0 1 0 0 0 0 0 3 0 0 0 808 0 0 0 13 0 0 0 16 0 4 0 0 0 0 0 0 0 0 0 9 0 0 1 0 0 0 0 0 0 2 0 0 0 
0 9 0 0 43 1722 0 0 23 0 14 0 0 0 0 0 130 0 0 123 0 0 6330 0 4178 5081 0 0 5380 0 28 182179 0 0 0 6455 65 0 0 0 0 0 0 70 940 0 0 23 0 0 0 0 35 0 0 0 0 0 0 0 31 0 0 28 0 0 2346 0 2197 0 42 0 0 0 2022 0 1903 0 38 0 0 0 0 0 0 5 0 0 0 0 0 8 0 0 0 833 0 0 0 19 0 0 0 18 0 17 0 0 0 0 0 0 0 0 0 12 0 0 0 0 0 0 0 0 0 5 0 0 0 
0 6 0 0 24 1223 0 0 9 0 6 0 0 0 0 0 78 0 0 44 0 0 2598 0 3380 2823 0 0 5441 0 4 129541 0 0 0 3435 33 0 0 0 0 0 0 27 483 0 0 5 0 0 0 0 30 0 0 0 0 0 0 0 23 0 0 10 0 0 747 0 2060 0 16 0 0 0 1101 0 982 0 12 0 0 0 0 0 0 0 0 0 0 0 0 4 0 0 0 336 0 0 0 3 0 0 0 10 0 0 0 0 0 0 0 0 0 0 0 1 0 0 0 0 0 0 0 0 0 2 0 0 0 
0 7 0 0 40 1335 0 0 12 0 11 0 0 0 0 0 105 0 0 74 0 0 3591 0 3636 5021 0 0 4931 0 6 160398 0 0 0 5831 60 0 0 0 0 0 0 41 557 0 0 20 0 0 0 0 46 0 0 0 0 0 0 0 48 0 0 15 0 0 1826 0 2015 0 45 0 0 0 1345 0 1382 0 40 0 0 0 0 0 0 6 0 0 0 0 0 10 0 0 0 447 0 0 0 10 0 0 0 8 0 8 0 0 0 0 0 0 0 0 0 10 0 0 0 0 0 0 0 0 0 0 0 0 0 
0 8 0 0 34 1812 0 0 15 0 14 0 0 0 0 0 83 0 0 84 0 0 4470 0 4277 3582 0 0 5232 0 8 229531 0 0 0 5804 43 0 0 0 0 0 0 28 865 0 0 12 0 0 0 0 35 0 0 0 0 0 0 0 23 0 0 23 0 0 2396 0 2360 0 39 0 0 0 2362 0 1571 0 36 0 0 0 0 0 0 7 0 0 0 0 0 9 0 0 0 1106 0 0 0 12 0 0 0 13 0 10 0 0 0 0 0 0 0 0 0 12 0 0 1 0 0 0 0 0 0 4 0 0 0 
0 7 0 0 31 613 0 0 13 0 9 0 0 0 0 0 126 0 0 97 0 0 1376 0 2165 5170 0 0 3162 0 13 57813 0 0 0 1444 53 0 0 0 0 0 0 11 40 0 0 15 0 0 0 0 12 0 0 0 0 0 0 0 23 0 0 6 0 0 1132 0 941 0 13 0 0 0 1028 0 430 0 27 0 0 0 0 0 0 13 0 0 0 0 0 1 0 0 0 129 0 0 0 12 0 0 0 2 0 5 0 0 0 0 0 0 0 0 0 1 0 0 0 0 0 0 0 0 0 2 0 0 0 
0 10 0 0 45 1027 0 0 28 0 19 0 0 0 0 0 156 0 0 179 0 0 4133 0 3177 7762 0 0 4554 0 32 94044 0 0 0 3513 64 0 0 0 0 0 0 37 262 0 0 28 0 0 0 0 28 0 0 0 0 0 0 0 49 0 0 51 0 0 2952 0 1328 0 54 0 0 0 1376 0 1095 0 53 0 0 0 0 0 0 19 0 0 0 0 0 10 0 0 0 357 0 0 0 25 0 0 0 7 0 16 0 0 0 0 0 0 0 0 0 12 0 0 1 0 0 0 0 0 0 7 0 0 0 
0 6 0 0 37 419 0 0 11 0 4 0 0 0 0 0 154 0 0 93 0 0 1255 0 1688 7528 0 0 1684 0 7 20368 0 0 0 1670 59 0 0 0 0 0 0 8 73 0 0 22 0 0 0 0 9 0 0 0 0 0 0 0 59 0 0 10 0 0 496 0 212 0 14 0 0 0 160 0 639 0 19 0 0 0 0 0 0 2 0 0 0 0 0 1 0 0 0 15 0 0 0 1 0 0 0 0 0 0 0 0 0 0 0 0 0 0 0 4 0 0 0 0 0 0 0 0 0 0 0 0 0 
0 2 0 0 12 39 0 0 1 0 0 0 0 0 0 0 52 0 0 8 0 0 35 0 163 2785 0 0 666 0 0 340 0 0 0 182 19 0 0 0 0 0 0 2 1 0 0 1 0 0 0 0 3 0 0 0 0 0 0 0 14 0 0 0 0 0 0 0 21 0 0 0 0 0 0 0 47 0 0 0 0 0 0 0 0 0 0 0 0 0 0 0 0 0 0 0 0 0 0 0 0 0 0 0 0 0 0 0 0 0 0 0 0 0 0 0 0 0 0 0 0 0 0 0 0 0 0 0 0 
0 14 0 0 42 2608 0 0 55 0 40 0 0 0 0 0 113 0 0 216 0 0 14568 0 4761 3965 0 0 5062 0 86 317910 0 0 0 7131 47 0 0 0 0 0 0 74 1967 0 0 18 0 0 0 0 27 0 0 0 0 0 0 0 15 0 0 165 0 0 6391 0 2238 0 80 0 0 0 5766 0 1375 0 86 0 0 0 0 0 0 37 0 0 0 0 0 35 0 0 0 2611 0 0 0 38 0 0 0 30 0 58 0 0 0 0 0 0 0 0 0 17 0 0 4 0 0 0 0 0 0 29 0 0 0 
0 11 0 0 37 2345 0 0 34 0 25 0 0 0 0 0 103 0 0 142 0 0 9721 0 4718 3106 0 0 5997 0 43 288544 0 0 0 6581 42 0 0 0 0 0 0 77 1855 0 0 19 0 0 0 0 32 0 0 0 0 0 0 0 14 0 0 75 0 0 3931 0 2578 0 50 0 0 0 4130 0 1048 0 52 0 0 0 0 0 0 14 0 0 0 0 0 24 0 0 0 2008 0 0 0 21 0 0 0 16 0 32 0 0 0 0 0 0 0 0 0 9 0 0 2 0 0 0 0 0 0 13 0 0 0 
0 5 0 0 32 1063 0 0 6 0 5 0 0 0 0 0 71 0 0 45 0 0 1747 0 2462 4008 0 0 3516 0 1 144203 0 0 0 5600 64 0 0 0 0 0 0 16 300 0 0 9 0 0 0 0 39 0 0 0 0 0 0 0 34 0 0 8 0 0 974 0 1648 0 25 0 0 0 680 0 1713 0 18 0 0 0 0 0 0 1 0 0 0 0 0 0 0 0 0 378 0 0 0 10 0 0 0 7 0 3 0 0 0 0 0 0 0 0 0 5 0 0 0 0 0 0 0 0 0 0 0 0 0 
0 9 0 0 39 1209 0 0 20 0 18 0 0 0 0 0 127 0 0 117 0 0 4196 0 3695 5801 0 0 4797 0 12 115511 0 0 0 3878 48 0 0 0 0 0 0 30 454 0 0 14 0 0 0 0 26 0 0 0 0 0 0 0 37 0 0 43 0 0 2627 0 1621 0 56 0 0 0 1765 0 995 0 60 0 0 0 0 0 0 7 0 0 0 0 0 9 0 0 0 312 0 0 0 19 0 0 0 4 0 22 0 0 0 0 0 0 0 0 0 9 0 0 1 0 0 0 0 0 0 5 0 0 0 
0 5 0 0 32 804 0 0 7 0 3 0 0 0 0 0 90 0 0 44 0 0 1653 0 2116 5183 0 0 3578 0 4 89530 0 0 0 3850 60 0 0 0 0 0 0 17 103 0 0 15 0 0 0 0 28 0 0 0 0 0 0 0 31 0 0 3 0 0 590 0 1351 0 11 0 0 0 290 0 1469 0 11 0 0 0 0 0 0 1 0 0 0 0 0 0 0 0 0 229 0 0 0 7 0 0 0 6 0 2 0 0 0 0 0 0 0 0 0 7 0 0 0 0 0 0 0 0 0 0 0 0 0 
0 11 0 0 47 2196 0 0 37 0 21 0 0 0 0 0 104 0 0 177 0 0 10315 0 4142 5165 0 0 5600 0 52 274696 0 0 0 7763 56 0 0 0 0 0 0 80 1960 0 0 32 0 0 0 0 43 0 0 0 0 0 0 0 34 0 0 77 0 0 3067 0 2653 0 65 0 0 0 3254 0 1666 0 65 0 0 0 0 0 0 13 0 0 0 0 0 15 0 0 0 1325 0 0 0 16 0 0 0 21 0 31 0 0 0 0 0 0 0 0 0 15 0 0 0 0 0 0 0 0 0 5 0 0 0 
51 7 1070 244 23 1283 1191 202 13 8 10 85 106 2804 2950 596 61 2255 543 53 613 33481 3471 6804 2780 2711 39711 32115 4377 276 8 137282 17568 121522 4116 3441 24 313 3909 20 829 173 168 25 477 1230 276 3 300 1004 1364 156 20 14 24 16 21 911 1284 240 9 148 231 20 118 22341 1518 2444 1683 287 22 221 1229 19238 1206 3147 924 302 20 279 1194 5 6 9 5 2 144 19 0 9 1 5 105 53 886 622 734 116 528 13 66 108 640 8 68 7 67 109 74 6 10 9 8 427 88 5 82 52 1 4 0 6 7 3 2 3 51 48 43 
0 6 0 0 32 1041 0 0 8 0 8 0 0 0 0 0 105 0 0 50 0 0 1860 0 3141 4643 0 0 3212 0 3 126902 0 0 0 4074 41 0 0 0 0 0 0 15 135 0 0 12 0 0 0 0 25 0 0 0 0 0 0 0 40 0 0 10 0 0 1232 0 1452 0 26 0 0 0 1268 0 1330 0 28 0 0 0 0 0 0 1 0 0 0 0 0 3 0 0 0 446 0 0 0 12 0 0 0 11 0 5 0 0 0 0 0 0 0 0 0 8 0 0 0 0 0 0 0 0 0 2 0 0 0 
0 6 0 0 24 937 0 0 9 0 6 0 0 0 0 0 85 0 0 56 0 0 2247 0 2622 3433 0 0 3930 0 4 103396 0 0 0 3117 36 0 0 0 0 0 0 15 199 0 0 4 0 0 0 0 24 0 0 0 0 0 0 0 17 0 0 8 0 0 893 0 1640 0 11 0 0 0 617 0 1121 0 13 0 0 0 0 0 0 4 0 0 0 0 0 2 0 0 0 253 0 0 0 8 0 0 0 5 0 2 0 0 0 0 0 0 0 0 0 3 0 0 0 0 0 0 0 0 0 0 0 0 0 
0 5 0 0 15 385 0 0 5 0 6 0 0 0 0 0 85 0 0 29 0 0 576 0 1478 2379 0 0 2647 0 1 25139 0 0 0 604 19 0 0 0 0 0 0 3 38 0 0 2 0 0 0 0 0 0 0 0 0 0 0 0 9 0 0 4 0 0 712 0 613 0 10 0 0 0 290 0 139 0 13 0 0 0 0 0 0 2 0 0 0 0 0 2 0 0 0 51 0 0 0 4 0 0 0 1 0 2 0 0 0 0 0 0 0 0 0 0 0 0 1 0 0 0 0 0 0 1 0 0 0 
274 7 1002 1542 28 679 36937 1060 13 5 9 464 370 2846 3599 4613 53 1807 3887 70 2383 122911 2016 195465 1301 2417 132939 207172 1113 1149 6 45738 3282498 60209 172569 2066 37 2352 3510 33 529 1591 1921 12 169 44566 671 12 383 302 669 752 12 11 15 11 25 1263 1413 1556 16 861 816 22 845 50525 974 91033 448 1025 18 1541 829 61058 536 70450 603 1349 21 1077 875 2 14 7 3 4 260 138 1 1 0 4 587 115 14362 181 16667 560 597 9 499 380 139 1 152 3 388 468 241 4 6 17 6 454 687 12 245 67 0 5 0 3 0 1 1 1 326 88 189 
0 6 0 0 28 876 0 0 10 0 5 0 0 0 0 0 96 0 0 70 0 0 2232 0 2594 3486 0 0 4045 0 6 103028 0 0 0 3602 57 0 0 0 0 0 0 14 182 0 0 11 0 0 0 0 22 0 0 0 0 0 0 0 14 0 0 9 0 0 1150 0 1536 0 10 0 0 0 349 0 978 0 10 0 0 0 0 0 0 3 0 0 0 0 0 0 0 0 0 133 0 0 0 10 0 0 0 3 0 1 0 0 0 0 0 0 0 0 0 3 0 0 0 0 0 0 0 0 0 1 0 0 0 
0 7 0 0 36 1163 0 0 11 0 11 0 0 0 0 0 114 0 0 62 0 0 2694 0 3287 5101 0 0 2998 0 3 132078 0 0 0 5051 60 0 0 0 0 0 0 20 315 0 0 16 0 0 0 0 27 0 0 0 0 0 0 0 32 0 0 17 0 0 2220 0 1251 0 45 0 0 0 1030 0 1706 0 36 0 0 0 0 0 0 7 0 0 0 0 0 3 0 0 0 446 0 0 0 9 0 0 0 2 0 8 0 0 0 0 0 0 0 0 0 14 0 0 0 0 0 0 0 0 0 2 0 0 0 
0 6 0 0 27 1084 0 0 10 0 5 0 0 0 0 0 105 0 0 61 0 0 2600 0 3615 2532 0 0 3324 0 6 132440 0 0 0 4436 40 0 0 0 0 0 0 27 470 0 0 4 0 0 0 0 17 0 0 0 0 0 0 0 17 0 0 9 0 0 885 0 1428 0 17 0 0 0 616 0 985 0 16 0 0 0 0 0 0 0 0 0 0 0 0 0 0 0 0 180 0 0 0 2 0 0 0 2 0 4 0 0 0 0 0 0 0 0 0 2 0 0 0 0 0 0 0 0 0 1 0 0 0 
0 6 0 0 41 617 0 0 10 0 5 0 0 0 0 0 148 0 0 100 0 0 1526 0 2189 6368 0 0 2325 0 5 61492 0 0 0 3175 83 0 0 0 0 0 0 6 93 0 0 16 0 0 0 0 19 0 0 0 0 0 0 0 53 0 0 11 0 0 892 0 793 0 29 0 0 0 304 0 820 0 20 0 0 0 0 0 0 1 0 0 0 0 0 0 0 0 0 82 0 0 0 7 0 0 0 2 0 2 0 0 0 0 0 0 0 0 0 5 0 0 0 0 0 0 0 0 0 1 0 0 0 
0 3 0 0 22 201 0 0 2 0 1 0 0 0 0 0 98 0 0 18 0 0 255 0 797 4480 0 0 1233 0 0 8910 0 0 0 1006 45 0 0 0 0 0 0 1 5 0 0 6 0 0 0 0 5 0 0 0 0 0 0 0 30 0 0 1 0 0 112 0 127 0 4 0 0 0 14 0 363 0 6 0 0 0 0 0 0 0 0 0 0 0 0 0 0 0 0 5 0 0 0 0 0 0 0 0 0 0 0 0 0 0 0 0 0 0 0 2 0 0 0 0 0 0 0 0 0 0 0 0 0 
0 4 0 0 27 461 0 0 2 0 5 0 0 0 0 0 108 0 0 20 0 0 222 0 1721 4885 0 0 1408 0 0 44303 0 0 0 2139 45 0 0 0 0 0 0 0 12 0 0 5 0 0 0 0 5 0 0 0 0 0 0 0 42 0 0 1 0 0 883 0 454 0 20 0 0 0 384 0 691 0 20 0 0 0 0 0 0 2 0 0 0 0 0 0 0 0 0 93 0 0 0 6 0 0 0 3 0 2 0 0 0 0 0 0 0 0 0 10 0 0 0 0 0 0 0 0 0 1 0 0 0 
0 6 0 0 44 372 0 0 13 0 2 0 0 0 0 0 160 0 0 118 0 0 1430 0 1212 8889 0 0 1953 0 13 13868 0 0 0 1985 85 0 0 0 0 0 0 14 62 0 0 34 0 0 0 0 17 0 0 0 0 0 0 0 89 0 0 6 0 0 223 0 173 0 7 0 0 0 55 0 661 0 10 0 0 0 0 0 0 1 0 0 0 0 0 0 0 0 0 8 0 0 0 1 0 0 0 0 0 0 0 0 0 0 0 0 0 0 0 5 0 0 0 0 0 0 0 0 0 0 0 0 0 
0 4 0 0 29 263 0 0 6 0 0 0 0 0 0 0 117 0 0 58 0 0 758 0 839 4913 0 0 1407 0 4 22420 0 0 0 1625 64 0 0 0 0 0 0 5 13 0 0 12 0 0 0 0 13 0 0 0 0 0 0 0 37 0 0 0 0 0 0 0 407 0 0 0 0 0 0 0 432 0 0 0 0 0 0 0 0 0 0 0 0 0 0 0 0 0 0 0 0 0 0 0 0 0 0 0 0 0 0 0 0 0 0 0 0 0 0 0 0 0 0 0 0 0 0 0 0 0 0 0 0 
0 5 0 0 37 165 0 0 10 0 0 0 0 0 0 0 142 0 0 78 0 0 573 0 599 6699 0 0 1504 0 10 3234 0 0 0 1033 92 0 0 0 0 0 0 11 38 0 0 32 0 0 0 0 11 0 0 0 0 0 0 0 40 0 0 0 0 0 0 0 86 0 0 0 0 0 0 0 194 0 0 0 0 0 0 0 0 0 0 0 0 0 0 0 0 0 0 0 0 0 0 0 0 0 0 0 0 0 0 0 0 0 0 0 0 0 0 0 0 0 0 0 0 0 0 0 0 0 0 0 0 
0 3 0 0 22 166 0 0 1 0 2 0 0 0 0 0 98 0 0 10 0 0 40 0 570 4641 0 0 881 0 0 7234 0 0 0 766 47 0 0 0 0 0 0 2 4 0 0 2 0 0 0 0 7 0 0 0 0 0 0 0 29 0 0 0 0 0 223 0 72 0 8 0 0 0 41 0 325 0 12 0 0 0 0 0 0 1 0 0 0 0 0 0 0 0 0 9 0 0 0 0 0 0 0 0 0 0 0 0 0 0 0 0 0 0 0 4 0 0 0 0 0 0 0 0 0 0 0 0 0 
0 7 0 0 41 819 0 0 13 0 9 0 0 0 0 0 148 0 0 94 0 0 2255 0 2887 6736 0 0 3515 0 9 80376 0 0 0 3152 73 0 0 0 0 0 0 21 99 0 0 25 0 0 0 0 23 0 0 0 0 0 0 0 41 0 0 15 0 0 1574 0 1027 0 31 0 0 0 672 0 887 0 38 0 0 0 0 0 0 6 0 0 0 0 0 2 0 0 0 243 0 0 0 10 0 0 0 3 0 7 0 0 0 0 0 0 0 0 0 8 0 0 0 0 0 0 0 0 0 1 0 0 0 
0 4 0 0 25 284 0 0 4 0 2 0 0 0 0 0 108 0 0 33 0 0 566 0 1053 4921 0 0 1077 0 1 13809 0 0 0 1393 45 0 0 0 0 0 0 4 24 0 0 7 0 0 0 0 8 0 0 0 0 0 0 0 38 0 0 2 0 0 195 0 137 0 6 0 0 0 36 0 524 0 10 0 0 0 0 0 0 0 0 0 0 0 0 1 0 0 0 2 0 0 0 0 0 0 0 0 0 0 0 0 0 0 0 0 0 0 0 4 0 0 0 0 0 0 0 0 0 0 0 0 0 
0 7 0 0 36 1139 0 0 10 0 13 0 0 0 0 0 104 0 0 50 0 0 2523 0 3107 6051 0 0 4889 0 2 116910 0 0 0 4255 60 0 0 0 0 0 0 26 213 0 0 13 0 0 0 0 37 0 0 0 0 0 0 0 45 0 0 16 0 0 2156 0 1597 0 38 0 0 0 1240 0 1355 0 38 0 0 0 0 0 0 6 0 0 0 0 0 4 0 0 0 576 0 0 0 23 0 0 0 9 0 12 0 0 0 0 0 0 0 0 0 15 0 0 0 0 0 0 0 0 0 6 0 0 0 
0 6 0 0 46 354 0 0 14 0 1 0 0 0 0 0 189 0 0 139 0 0 1416 0 1181 8594 0 0 1873 0 16 15791 0 0 0 2163 95 0 0 0 0 0 0 18 91 0 0 32 0 0 0 0 17 0 0 0 0 0 0 0 72 0 0 4 0 0 141 0 208 0 5 0 0 0 18 0 670 0 5 0 0 0 0 0 0 0 0 0 0 0 0 0 0 0 0 1 0 0 0 0 0 0 0 0 0 0 0 0 0 0 0 0 0 0 0 3 0 0 0 0 0 0 0 0 0 0 0 0 0 
0 2 0 0 12 161 0 0 1 0 0 0 0 0 0 0 63 0 0 8 0 0 159 0 819 2187 0 0 505 0 0 10086 0 0 0 476 24 0 0 0 0 0 0 0 1 0 0 2 0 0 0 0 2 0 0 0 0 0 0 0 18 0 0 0 0 0 0 0 97 0 0 0 0 0 0 0 119 0 0 0 0 0 0 0 0 0 0 0 0 0 0 0 0 0 0 0 0 0 0 0 0 0 0 0 0 0 0 0 0 0 0 0 0 0 0 0 0 0 0 0 0 0 0 0 0 0 0 0 0 
0 6 0 0 44 969 0 0 7 0 8 0 0 0 0 0 135 0 0 66 0 0 1620 0 2368 6813 0 0 3344 0 3 125331 0 0 0 5418 93 0 0 0 0 0 0 14 195 0 0 14 0 0 0 0 38 0 0 0 0 0 0 0 58 0 0 5 0 0 1734 0 1440 0 30 0 0 0 576 0 1660 0 26 0 0 0 0 0 0 5 0 0 0 0 0 1 0 0 0 248 0 0 0 16 0 0 0 8 0 3 0 0 0 0 0 0 0 0 0 21 0 0 0 0 0 0 0 0 0 3 0 0 0 
0 7 0 0 50 536 0 0 15 0 6 0 0 0 0 0 205 0 0 144 0 0 1894 0 1499 8885 0 0 2557 0 13 47402 0 0 0 2993 107 0 0 0 0 0 0 18 42 0 0 30 0 0 0 0 23 0 0 0 0 0 0 0 60 0 0 15 0 0 869 0 648 0 25 0 0 0 221 0 1106 0 22 0 0 0 0 0 0 3 0 0 0 0 0 0 0 0 0 61 0 0 0 7 0 0 0 3 0 3 0 0 0 0 0 0 0 0 0 15 0 0 0 0 0 0 0 0 0 1 0 0 0 
264 8 1149 1729 44 654 34077 1002 18 15 10 640 364 3151 4040 7075 79 2151 3586 116 2365 112877 1897 190884 1156 4488 125150 198635 1555 1236 19 37070 2896737 83410 191035 2754 72 3435 4375 61 681 2578 1622 24 226 33113 857 35 571 747 1999 2196 11 39 43 25 30 1601 1333 1569 32 1213 650 18 648 43762 1120 103285 430 1376 28 2222 1121 97728 567 62999 754 2270 27 1131 1258 7 12 22 16 7 235 318 11 4 5 2 751 119 15233 254 30685 686 357 14 773 1227 391 4 303 6 437 573 368 15 27 18 6 557 663 21 220 165 1 8 3 10 5 5 7 3 233 122 325 
0 3 0 0 24 697 0 0 2 0 1 0 0 0 0 0 94 0 0 21 0 0 678 0 2290 2696 0 0 1779 0 0 96631 0 0 0 4058 59 0 0 0 0 0 0 8 50 0 0 4 0 0 0 0 22 0 0 0 0 0 0 0 30 0 0 1 0 0 138 0 1164 0 6 0 0 0 222 0 980 0 5 0 0 0 0 0 0 0 0 0 0 0 0 0 0 0 0 123 0 0 0 1 0 0 0 1 0 0 0 0 0 0 0 0 0 0 0 1 0 0 0 0 0 0 0 0 0 0 0 0 0 
0 4 0 0 20 996 0 0 3 0 4 0 0 0 0 0 74 0 0 13 0 0 925 0 3147 1873 0 0 3326 0 1 123064 0 0 0 4116 31 0 0 0 0 0 0 14 249 0 0 2 0 0 0 0 26 0 0 0 0 0 0 0 14 0 0 0 0 0 621 0 1650 0 10 0 0 0 735 0 955 0 13 0 0 0 0 0 0 0 0 0 0 0 0 3 0 0 0 368 0 0 0 9 0 0 0 7 0 2 0 0 0 0 0 0 0 0 0 5 0 0 0 0 0 0 0 0 0 0 0 0 0 
0 5 0 0 22 1321 0 0 6 0 5 0 0 0 0 0 72 0 0 24 0 0 1884 0 3854 1787 0 0 4063 0 2 176583 0 0 0 4973 30 0 0 0 0 0 0 19 561 0 0 5 0 0 0 0 31 0 0 0 0 0 0 0 14 0 0 6 0 0 728 0 2014 0 20 0 0 0 826 0 934 0 19 0 0 0 0 0 0 1 0 0 0 0 0 1 0 0 0 618 0 0 0 4 0 0 0 6 0 3 0 0 0 0 0 0 0 0 0 1 0 0 0 0 0 0 0 0 0 0 0 0 0 
0 7 0 0 42 1051 0 0 12 0 12 0 0 0 0 0 142 0 0 81 0 0 2235 0 3012 7110 0 0 3384 0 8 107798 0 0 0 4234 76 0 0 0 0 0 0 18 339 0 0 27 0 0 0 0 27 0 0 0 0 0 0 0 49 0 0 15 0 0 1851 0 1370 0 44 0 0 0 1673 0 1242 0 40 0 0 0 0 0 0 5 0 0 0 0 0 6 0 0 0 500 0 0 0 14 0 0 0 10 0 13 0 0 0 0 0 0 0 0 0 16 0 0 2 0 0 0 0 0 0 2 0 0 0 
0 5 0 0 21 1250 0 0 5 0 7 0 0 0 0 0 76 0 0 21 0 0 1593 0 3467 1929 0 0 4355 0 1 155633 0 0 0 4475 32 0 0 0 0 0 0 19 404 0 0 0 0 0 0 0 25 0 0 0 0 0 0 0 14 0 0 5 0 0 1111 0 2056 0 17 0 0 0 1272 0 1007 0 19 0 0 0 0 0 0 1 0 0 0 0 0 4 0 0 0 643 0 0 0 13 0 0 0 8 0 4 0 0 0 0 0 0 0 0 0 7 0 0 0 0 0 0 0 0 0 2 0 0 0 
0 10 0 0 40 2102 0 0 24 0 26 0 0 0 0 0 124 0 0 125 0 0 7007 0 4774 4315 0 0 4744 0 16 244546 0 0 0 6969 48 0 0 0 0 0 0 39 1245 0 0 16 0 0 0 0 34 0 0 0 0 0 0 0 23 0 0 63 0 0 4223 0 2060 0 66 0 0 0 3733 0 1551 0 67 0 0 0 0 0 0 17 0 0 0 0 0 19 0 0 0 1782 0 0 0 26 0 0 0 26 0 31 0 0 0 0 0 0 0 0 0 18 0 0 3 0 0 0 0 0 0 13 0 0 0 
0 9 0 0 55 848 0 0 25 0 13 0 0 0 0 0 202 0 0 206 0 0 3431 0 2553 10206 0 0 3243 0 28 65695 0 0 0 3397 93 0 0 0 0 0 0 31 255 0 0 41 0 0 0 0 18 0 0 0 0 0 0 0 74 0 0 41 0 0 1349 0 1068 0 61 0 0 0 1727 0 1237 0 39 0 0 0 0 0 0 7 0 0 0 0 0 10 0 0 0 238 0 0 0 9 0 0 0 14 0 9 0 0 0 0 0 0 0 0 0 17 0 0 2 0 0 0 0 0 0 2 0 0 0 
0 5 0 0 22 1245 0 0 4 0 7 0 0 0 0 0 88 0 0 16 0 0 1276 0 3783 2048 0 0 3443 0 0 162869 0 0 0 4665 32 0 0 0 0 0 0 10 360 0 0 5 0 0 0 0 27 0 0 0 0 0 0 0 14 0 0 4 0 0 1136 0 1720 0 25 0 0 0 937 0 1031 0 22 0 0 0 0 0 0 1 0 0 0 0 0 1 0 0 0 709 0 0 0 7 0 0 0 9 0 6 0 0 0 0 0 0 0 0 0 1 0 0 0 0 0 0 0 0 0 1 0 0 0 
0 7 0 0 38 1831 0 0 9 0 14 0 0 0 0 0 119 0 0 61 0 0 2930 0 4312 3265 0 0 3834 0 1 249606 0 0 0 8348 62 0 0 0 0 0 0 26 911 0 0 6 0 0 0 0 28 0 0 0 0 0 0 0 27 0 0 15 0 0 2505 0 2153 0 45 0 0 0 2357 0 1792 0 44 0 0 0 0 0 0 6 0 0 0 0 0 8 0 0 0 1210 0 0 0 19 0 0 0 23 0 9 0 0 0 0 0 0 0 0 0 20 0 0 0 0 0 0 0 0 0 7 0 0 0 
0 5 0 0 26 900 0 0 6 0 6 0 0 0 0 0 112 0 0 38 0 0 1609 0 2928 3789 0 0 3311 0 1 84163 0 0 0 3597 37 0 0 0 0 0 0 15 253 0 0 3 0 0 0 0 28 0 0 0 0 0 0 0 30 0 0 9 0 0 878 0 1164 0 26 0 0 0 762 0 1241 0 19 0 0 0 0 0 0 2 0 0 0 0 0 1 0 0 0 305 0 0 0 9 0 0 0 6 0 4 0 0 0 0 0 0 0 0 0 6 0 0 0 0 0 0 0 0 0 0 0 0 0 
0 7 0 0 37 1247 0 0 10 0 14 0 0 0 0 0 130 0 0 57 0 0 2263 0 3522 5934 0 0 3510 0 4 139341 0 0 0 4567 57 0 0 0 0 0 0 17 377 0 0 17 0 0 0 0 27 0 0 0 0 0 0 0 39 0 0 16 0 0 2175 0 1481 0 44 0 0 0 1835 0 1145 0 47 0 0 0 0 0 0 4 0 0 0 0 0 5 0 0 0 891 0 0 0 15 0 0 0 10 0 11 0 0 0 0 0 0 0 0 0 15 0 0 4 0 0 0 0 0 0 7 0 0 0 
0 8 0 0 35 1696 0 0 12 0 20 0 0 0 0 0 118 0 0 65 0 0 3382 0 4194 4112 0 0 4833 0 2 202957 0 0 0 6122 39 0 0 0 0 0 0 23 770 0 0 10 0 0 0 0 27 0 0 0 0 0 0 0 26 0 0 26 0 0 3428 0 1976 0 55 0 0 0 2611 0 1606 0 55 0 0 0 0 0 0 7 0 0 0 0 0 11 0 0 0 1240 0 0 0 23 0 0 0 20 0 17 0 0 0 0 0 0 0 0 0 16 0 0 4 0 0 0 0 0 0 17 0 0 0 
0 4 0 0 26 1160 0 0 3 0 5 0 0 0 0 0 87 0 0 20 0 0 991 0 3001 2320 0 0 3013 0 0 167965 0 0 0 5977 53 0 0 0 0 0 0 13 389 0 0 3 0 0 0 0 26 0 0 0 0 0 0 0 20 0 0 3 0 0 860 0 1849 0 18 0 0 0 945 0 1502 0 18 0 0 0 0 0 0 2 0 0 0 0 0 1 0 0 0 489 0 0 0 9 0 0 0 9 0 3 0 0 0 0 0 0 0 0 0 9 0 0 0 0 0 0 0 0 0 0 0 0 0 
0 5 0 0 32 1169 0 0 2 0 10 0 0 0 0 0 112 0 0 14 0 0 544 0 3154 3869 0 0 3127 0 0 145305 0 0 0 5979 59 0 0 0 0 0 0 4 96 0 0 4 0 0 0 0 26 0 0 0 0 0 0 0 31 0 0 1 0 0 1864 0 1484 0 38 0 0 0 1416 0 1708 0 34 0 0 0 0 0 0 3 0 0 0 0 0 0 0 0 0 800 0 0 0 18 0 0 0 18 0 3 0 0 0 0 0 0 0 0 0 17 0 0 2 0 0 0 0 0 0 8 0 0 0 
0 6 0 0 37 1483 0 0 8 0 8 0 0 0 0 0 114 0 0 62 0 0 2445 0 3518 3723 0 0 3864 0 2 211840 0 0 0 7248 70 0 0 0 0 0 0 22 713 0 0 11 0 0 0 0 40 0 0 0 0 0 0 0 30 0 0 10 0 0 1428 0 2193 0 23 0 0 0 1130 0 1649 0 27 0 0 0 0 0 0 4 0 0 0 0 0 3 0 0 0 737 0 0 0 14 0 0 0 11 0 3 0 0 0 0 0 0 0 0 0 14 0 0 0 0 0 0 0 0 0 2 0 0 0 
0 8 0 0 36 1759 0 0 14 0 18 0 0 0 0 0 110 0 0 78 0 0 4242 0 4107 4039 0 0 5368 0 5 202027 0 0 0 6266 57 0 0 0 0 0 0 36 880 0 0 7 0 0 0 0 36 0 0 0 0 0 0 0 24 0 0 30 0 0 2810 0 2191 0 60 0 0 0 2772 0 1517 0 49 0 0 0 0 0 0 7 0 0 0 0 0 12 0 0 0 1284 0 0 0 22 0 0 0 13 0 16 0 0 0 0 0 0 0 0 0 13 0 0 3 0 0 0 0 0 0 9 0 0 0 
0 7 0 0 29 1543 0 0 9 0 14 0 0 0 0 0 99 0 0 44 0 0 2747 0 4022 3020 0 0 4731 0 2 198035 0 0 0 5506 39 0 0 0 0 0 0 20 568 0 0 2 0 0 0 0 33 0 0 0 0 0 0 0 23 0 0 11 0 0 2468 0 2242 0 40 0 0 0 1936 0 1405 0 41 0 0 0 0 0 0 7 0 0 0 0 0 7 0 0 0 802 0 0 0 20 0 0 0 13 0 11 0 0 0 0 0 0 0 0 0 10 0 0 1 0 0 0 0 0 0 7 0 0 0 
0 6 0 0 29 1554 0 0 9 0 7 0 0 0 0 0 88 0 0 59 0 0 2947 0 3634 2591 0 0 5307 0 3 204597 0 0 0 6165 52 0 0 0 0 0 0 30 856 0 0 4 0 0 0 0 40 0 0 0 0 0 0 0 20 0 0 12 0 0 921 0 2596 0 21 0 0 0 1350 0 1386 0 23 0 0 0 0 0 0 4 0 0 0 0 0 3 0 0 0 671 0 0 0 10 0 0 0 5 0 2 0 0 0 0 0 0 0 0 0 2 0 0 0 0 0 0 0 0 0 0 0 0 0 
0 6 0 0 33 987 0 0 12 0 3 0 0 0 0 0 142 0 0 69 0 0 3069 0 3137 4817 0 0 4063 0 10 86355 0 0 0 4178 52 0 0 0 0 0 0 40 467 0 0 17 0 0 0 0 34 0 0 0 0 0 0 0 32 0 0 8 0 0 352 0 1354 0 10 0 0 0 360 0 1438 0 12 0 0 0 0 0 0 0 0 0 0 0 0 1 0 0 0 92 0 0 0 2 0 0 0 4 0 1 0 0 0 0 0 0 0 0 0 4 0 0 0 0 0 0 0 0 0 0 0 0 0 
0 6 0 0 33 1180 0 0 7 0 11 0 0 0 0 0 109 0 0 40 0 0 1964 0 3334 4268 0 0 3890 0 2 134982 0 0 0 4914 51 0 0 0 0 0 0 24 372 0 0 10 0 0 0 0 24 0 0 0 0 0 0 0 27 0 0 11 0 0 1488 0 1619 0 39 0 0 0 1888 0 1509 0 34 0 0 0 0 0 0 2 0 0 0 0 0 6 0 0 0 592 0 0 0 10 0 0 0 13 0 6 0 0 0 0 0 0 0 0 0 14 0 0 2 0 0 0 0 0 0 5 0 0 0 
0 6 0 0 31 1518 0 0 8 0 8 0 0 0 0 0 96 0 0 39 0 0 2435 0 3802 3224 0 0 4545 0 2 194495 0 0 0 6425 44 0 0 0 0 0 0 32 744 0 0 7 0 0 0 0 34 0 0 0 0 0 0 0 27 0 0 11 0 0 1262 0 2207 0 21 0 0 0 1279 0 1506 0 29 0 0 0 0 0 0 3 0 0 0 0 0 3 0 0 0 809 0 0 0 10 0 0 0 12 0 3 0 0 0 0 0 0 0 0 0 10 0 0 0 0 0 0 0 0 0 2 0 0 0 
0 7 0 0 32 1793 0 0 8 0 16 0 0 0 0 0 103 0 0 39 0 0 2435 0 4431 3184 0 0 4080 0 2 232537 0 0 0 6756 41 0 0 0 0 0 0 25 738 0 0 6 0 0 0 0 27 0 0 0 0 0 0 0 20 0 0 11 0 0 2527 0 2029 0 40 0 0 0 2753 0 1434 0 49 0 0 0 0 0 0 4 0 0 0 0 0 9 0 0 0 1569 0 0 0 13 0 0 0 20 0 10 0 0 0 0 0 0 0 0 0 17 0 0 2 0 0 0 0 0 0 14 0 0 0 
0 7 0 0 32 1700 0 0 16 0 6 0 0 0 0 0 89 0 0 78 0 0 4933 0 3953 3120 0 0 5309 0 15 215839 0 0 0 6610 47 0 0 0 0 0 0 55 1269 0 0 10 0 0 0 0 41 0 0 0 0 0 0 0 24 0 0 19 0 0 1030 0 2469 0 27 0 0 0 840 0 1600 0 20 0 0 0 0 0 0 2 0 0 0 0 0 0 0 0 0 672 0 0 0 7 0 0 0 4 0 4 0 0 0 0 0 0 0 0 0 1 0 0 0 0 0 0 0 0 0 0 0 0 0 
0 5 0 0 28 1163 0 0 6 0 7 0 0 0 0 0 112 0 0 36 0 0 1733 0 3323 2522 0 0 3365 0 2 146322 0 0 0 5292 47 0 0 0 0 0 0 22 372 0 0 7 0 0 0 0 23 0 0 0 0 0 0 0 20 0 0 9 0 0 1113 0 1564 0 23 0 0 0 1133 0 1142 0 25 0 0 0 0 0 0 1 0 0 0 0 0 2 0 0 0 758 0 0 0 9 0 0 0 9 0 3 0 0 0 0 0 0 0 0 0 7 0 0 1 0 0 0 0 0 0 3 0 0 0 
0 9 0 0 41 1871 0 0 21 0 17 0 0 0 0 0 123 0 0 122 0 0 6204 0 4575 4311 0 0 4972 0 16 226498 0 0 0 6872 70 0 0 0 0 0 0 55 1011 0 0 12 0 0 0 0 36 0 0 0 0 0 0 0 38 0 0 44 0 0 3007 0 2390 0 49 0 0 0 2297 0 1474 0 45 0 0 0 0 0 0 10 0 0 0 0 0 10 0 0 0 982 0 0 0 24 0 0 0 14 0 11 0 0 0 0 0 0 0 0 0 11 0 0 1 0 0 0 0 0 0 7 0 0 0 
0 8 0 0 38 2013 0 0 14 0 19 0 0 0 0 0 91 0 0 78 0 0 4558 0 4095 3662 0 0 4978 0 7 263199 0 0 0 7979 54 0 0 0 0 0 0 39 1269 0 0 11 0 0 0 0 35 0 0 0 0 0 0 0 24 0 0 30 0 0 2884 0 2310 0 61 0 0 0 2985 0 1804 0 59 0 0 0 0 0 0 8 0 0 0 0 0 9 0 0 0 1646 0 0 0 22 0 0 0 22 0 21 0 0 0 0 0 0 0 0 0 12 0 0 3 0 0 0 0 0 0 12 0 0 0 
0 6 0 0 37 1174 0 0 11 0 5 0 0 0 0 0 115 0 0 84 0 0 2934 0 3636 4971 0 0 3874 0 10 139184 0 0 0 5272 64 0 0 0 0 0 0 31 382 0 0 21 0 0 0 0 32 0 0 0 0 0 0 0 49 0 0 5 0 0 879 0 1545 0 19 0 0 0 861 0 1239 0 18 0 0 0 0 0 0 1 0 0 0 0 0 3 0 0 0 462 0 0 0 3 0 0 0 4 0 5 0 0 0 0 0 0 0 0 0 3 0 0 0 0 0 0 0 0 0 0 0 0 0 
0 7 0 0 34 1721 0 0 10 0 14 0 0 0 0 0 98 0 0 61 0 0 3155 0 4101 3440 0 0 4851 0 3 214876 0 0 0 6780 48 0 0 0 0 0 0 26 812 0 0 8 0 0 0 0 33 0 0 0 0 0 0 0 23 0 0 19 0 0 2267 0 2213 0 42 0 0 0 2220 0 1565 0 41 0 0 0 0 0 0 2 0 0 0 0 0 9 0 0 0 1249 0 0 0 23 0 0 0 19 0 10 0 0 0 0 0 0 0 0 0 12 0 0 2 0 0 0 0 0 0 6 0 0 0 
32 9 420 230 37 1762 484 82 29 5 8 12 54 1120 1531 871 77 882 379 137 303 8645 8160 2193 3050 3829 44361 11156 5974 67 43 189326 4633 41546 2809 6084 52 606 648 12 531 88 36 76 1439 129 158 20 47 786 691 107 31 12 6 15 2 37 548 152 25 18 75 36 21 10317 1239 294 2451 179 16 53 413 1660 1188 1274 1498 24 17 271 217 5 4 5 1 2 48 2 3 5 1 5 5 29 167 540 21 48 261 19 10 18 232 9 22 5 18 3 13 9 1 0 6 17 20 5 36 4 0 1 0 0 0 1 1 0 5 11 0 
0 9 0 0 38 1975 0 0 23 0 15 0 0 0 0 0 117 0 0 116 0 0 6933 0 4558 3363 0 0 5510 0 23 242041 0 0 0 6590 56 0 0 0 0 0 0 65 1225 0 0 14 0 0 0 0 31 0 0 0 0 0 0 0 21 0 0 39 0 0 2390 0 2511 0 34 0 0 0 2359 0 1188 0 47 0 0 0 0 0 0 7 0 0 0 0 0 10 0 0 0 1332 0 0 0 21 0 0 0 13 0 14 0 0 0 0 0 0 0 0 0 8 0 0 1 0 0 0 0 0 0 5 0 0 0 
0 10 0 0 47 2165 0 0 25 0 23 0 0 0 0 0 126 0 0 149 0 0 7242 0 4278 4879 0 0 4797 0 18 265318 0 0 0 8652 66 0 0 0 0 0 0 49 1470 0 0 23 0 0 0 0 34 0 0 0 0 0 0 0 30 0 0 61 0 0 4093 0 2108 0 83 0 0 0 3210 0 2069 0 60 0 0 0 0 0 0 14 0 0 0 0 0 16 0 0 0 1701 0 0 0 29 0 0 0 25 0 21 0 0 0 0 0 0 0 0 0 19 0 0 2 0 0 0 0 0 0 13 0 0 0 
0 9 0 0 37 2267 0 0 16 0 24 0 0 0 0 0 86 0 0 83 0 0 5205 0 4674 2847 0 0 5241 0 5 294877 0 0 0 7788 50 0 0 0 0 0 0 41 1316 0 0 4 0 0 0 0 26 0 0 0 0 0 0 0 17 0 0 37 0 0 3790 0 2580 0 65 0 0 0 4480 0 1504 0 67 0 0 0 0 0 0 8 0 0 0 0 0 18 0 0 0 2008 0 0 0 27 0 0 0 29 0 22 0 0 0 0 0 0 0 0 0 16 0 0 4 0 0 0 0 0 0 20 0 0 0 
0 7 0 0 39 978 0 0 6 0 19 0 0 0 0 0 138 0 0 41 0 0 1004 0 2903 6478 0 0 2930 0 1 94994 0 0 0 4100 65 0 0 0 0 0 0 6 152 0 0 12 0 0 0 0 16 0 0 0 0 0 0 0 41 0 0 4 0 0 2529 0 1150 0 86 0 0 0 2084 0 1332 0 55 0 0 0 0 0 0 10 0 0 0 0 0 10 0 0 0 581 0 0 0 19 0 0 0 11 0 13 0 0 0 0 0 0 0 0 0 22 0 0 6 0 0 0 0 0 0 13 0 0 0 
0 10 0 0 36 2275 0 0 23 0 26 0 0 0 0 0 93 0 0 91 0 0 7110 0 4474 3127 0 0 5802 0 17 289299 0 0 0 7256 46 0 0 0 0 0 0 63 1596 0 0 12 0 0 0 0 30 0 0 0 0 0 0 0 13 0 0 50 0 0 4255 0 2634 0 55 0 0 0 3964 0 1650 0 60 0 0 0 0 0 0 14 0 0 0 0 0 19 0 0 0 1816 0 0 0 30 0 0 0 25 0 32 0 0 0 0 0 0 0 0 0 16 0 0 4 0 0 0 0 0 0 19 0 0 0 
0 7 0 0 34 1529 0 0 14 0 10 0 0 0 0 0 107 0 0 84 0 0 4113 0 3920 3205 0 0 4422 0 10 202839 0 0 0 6266 46 0 0 0 0 0 0 29 765 0 0 10 0 0 0 0 37 0 0 0 0 0 0 0 24 0 0 24 0 0 1396 0 2121 0 30 0 0 0 1721 0 1353 0 39 0 0 0 0 0 0 4 0 0 0 0 0 3 0 0 0 784 0 0 0 11 0 0 0 15 0 5 0 0 0 0 0 0 0 0 0 8 0 0 1 0 0 0 0 0 0 5 0 0 0 
0 7 0 0 40 1426 0 0 15 0 7 0 0 0 0 0 108 0 0 88 0 0 4411 0 3462 5168 0 0 5263 0 13 168019 0 0 0 6148 68 0 0 0 0 0 0 56 712 0 0 21 0 0 0 0 40 0 0 0 0 0 0 0 41 0 0 17 0 0 973 0 2190 0 19 0 0 0 1034 0 1723 0 27 0 0 0 0 0 0 3 0 0 0 0 0 1 0 0 0 592 0 0 0 7 0 0 0 13 0 4 0 0 0 0 0 0 0 0 0 9 0 0 0 0 0 0 0 0 0 2 0 0 0 
0 8 0 0 36 1644 0 0 19 0 11 0 0 0 0 0 116 0 0 101 0 0 5301 0 4042 3699 0 0 5233 0 18 203216 0 0 0 6242 46 0 0 0 0 0 0 43 1057 0 0 18 0 0 0 0 37 0 0 0 0 0 0 0 27 0 0 29 0 0 1734 0 2111 0 34 0 0 0 1397 0 1376 0 36 0 0 0 0 0 0 6 0 0 0 0 0 3 0 0 0 876 0 0 0 13 0 0 0 12 0 12 0 0 0 0 0 0 0 0 0 3 0 0 0 0 0 0 0 0 0 1 0 0 0 
0 4 0 0 23 982 0 0 5 0 2 0 0 0 0 0 83 0 0 31 0 0 1504 0 2815 2387 0 0 3847 0 2 120829 0 0 0 4536 37 0 0 0 0 0 0 24 453 0 0 4 0 0 0 0 31 0 0 0 0 0 0 0 23 0 0 4 0 0 253 0 1703 0 9 0 0 0 253 0 1148 0 9 0 0 0 0 0 0 0 0 0 0 0 0 0 0 0 0 270 0 0 0 2 0 0 0 2 0 0 0 0 0 0 0 0 0 0 0 0 0 0 0 0 0 0 0 0 0 0 0 0 0 
0 7 0 0 34 1666 0 0 9 0 14 0 0 0 0 0 100 0 0 58 0 0 2932 0 4096 3272 0 0 4628 0 2 221055 0 0 0 6605 55 0 0 0 0 0 0 25 721 0 0 8 0 0 0 0 39 0 0 0 0 0 0 0 23 0 0 14 0 0 2068 0 2457 0 47 0 0 0 2565 0 1501 0 49 0 0 0 0 0 0 5 0 0 0 0 0 9 0 0 0 902 0 0 0 20 0 0 0 11 0 7 0 0 0 0 0 0 0 0 0 6 0 0 1 0 0 0 0 0 0 7 0 0 0 
0 5 0 0 28 1280 0 0 3 0 9 0 0 0 0 0 96 0 0 20 0 0 889 0 3530 2860 0 0 3824 0 0 166876 0 0 0 5848 44 0 0 0 0 0 0 10 301 0 0 3 0 0 0 0 30 0 0 0 0 0 0 0 24 0 0 3 0 0 1466 0 1788 0 27 0 0 0 1380 0 1371 0 28 0 0 0 0 0 0 1 0 0 0 0 0 4 0 0 0 856 0 0 0 15 0 0 0 15 0 4 0 0 0 0 0 0 0 0 0 12 0 0 1 0 0 0 0 0 0 4 0 0 0 
0 6 0 0 25 1562 0 0 9 0 7 0 0 0 0 0 82 0 0 47 0 0 2799 0 3913 1842 0 0 5295 0 4 206390 0 0 0 5655 35 0 0 0 0 0 0 31 910 0 0 3 0 0 0 0 34 0 0 0 0 0 0 0 17 0 0 10 0 0 898 0 2519 0 17 0 0 0 1391 0 1014 0 23 0 0 0 0 0 0 4 0 0 0 0 0 4 0 0 0 703 0 0 0 8 0 0 0 6 0 2 0 0 0 0 0 0 0 0 0 1 0 0 0 0 0 0 0 0 0 0 0 0 0 
0 7 0 0 27 1424 0 0 13 0 10 0 0 0 0 0 98 0 0 59 0 0 3670 0 4110 3185 0 0 4868 0 10 159906 0 0 0 4510 34 0 0 0 0 0 0 34 602 0 0 8 0 0 0 0 29 0 0 0 0 0 0 0 22 0 0 13 0 0 1674 0 1930 0 32 0 0 0 1512 0 1247 0 28 0 0 0 0 0 0 4 0 0 0 0 0 5 0 0 0 662 0 0 0 8 0 0 0 5 0 12 0 0 0 0 0 0 0 0 0 2 0 0 0 0 0 0 0 0 0 2 0 0 0 
0 6 0 0 28 1620 0 0 5 0 13 0 0 0 0 0 100 0 0 27 0 0 1507 0 4220 2607 0 0 3535 0 0 217959 0 0 0 6335 37 0 0 0 0 0 0 13 541 0 0 2 0 0 0 0 25 0 0 0 0 0 0 0 18 0 0 8 0 0 1999 0 1911 0 33 0 0 0 2298 0 1273 0 42 0 0 0 0 0 0 1 0 0 0 0 0 6 0 0 0 1397 0 0 0 14 0 0 0 20 0 6 0 0 0 0 0 0 0 0 0 13 0 0 1 0 0 0 0 0 0 12 0 0 0 
0 6 0 0 34 1345 0 0 6 0 11 0 0 0 0 0 111 0 0 47 0 0 1779 0 3613 3865 0 0 4022 0 0 174142 0 0 0 6180 59 0 0 0 0 0 0 13 365 0 0 5 0 0 0 0 38 0 0 0 0 0 0 0 30 0 0 9 0 0 1905 0 1824 0 45 0 0 0 1487 0 1666 0 38 0 0 0 0 0 0 5 0 0 0 0 0 1 0 0 0 791 0 0 0 16 0 0 0 15 0 7 0 0 0 0 0 0 0 0 0 11 0 0 1 0 0 0 0 0 0 6 0 0 0 
0 10 0 0 36 2203 0 0 26 0 24 0 0 0 0 0 88 0 0 100 0 0 7829 0 4565 3991 0 0 6104 0 25 255466 0 0 0 6192 40 0 0 0 0 0 0 65 1515 0 0 13 0 0 0 0 30 0 0 0 0 0 0 0 19 0 0 57 0 0 3817 0 2526 0 57 0 0 0 3867 0 1588 0 54 0 0 0 0 0 0 14 0 0 0 0 0 22 0 0 0 1701 0 0 0 29 0 0 0 22 0 34 0 0 0 0 0 0 0 0 0 15 0 0 2 0 0 0 0 0 0 10 0 0 0 
0 5 0 0 31 1233 0 0 2 0 9 0 0 0 0 0 108 0 0 18 0 0 557 0 3375 3493 0 0 3014 0 0 165261 0 0 0 6093 55 0 0 0 0 0 0 3 208 0 0 2 0 0 0 0 35 0 0 0 0 0 0 0 31 0 0 0 0 0 1651 0 1636 0 40 0 0 0 1335 0 1665 0 32 0 0 0 0 0 0 3 0 0 0 0 0 1 0 0 0 693 0 0 0 15 0 0 0 12 0 3 0 0 0 0 0 0 0 0 0 12 0 0 1 0 0 0 0 0 0 5 0 0 0 
0 8 0 0 36 1453 0 0 16 0 16 0 0 0 0 0 124 0 0 91 0 0 4271 0 3599 4534 0 0 5306 0 11 156277 0 0 0 5144 48 0 0 0 0 0 0 33 616 0 0 12 0 0 0 0 22 0 0 0 0 0 0 0 28 0 0 30 0 0 2516 0 1980 0 43 0 0 0 2313 0 1557 0 44 0 0 0 0 0 0 5 0 0 0 0 0 9 0 0 0 805 0 0 0 22 0 0 0 16 0 14 0 0 0 0 0 0 0 0 0 15 0 0 4 0 0 0 0 0 0 11 0 0 0 
0 9 0 0 37 1967 0 0 26 0 12 0 0 0 0 0 105 0 0 107 0 0 7705 0 4286 3688 0 0 6034 0 35 232015 0 0 0 6610 51 0 0 0 0 0 0 83 1315 0 0 14 0 0 0 0 33 0 0 0 0 0 0 0 19 0 0 41 0 0 1823 0 2631 0 26 0 0 0 2079 0 1551 0 37 0 0 0 0 0 0 0 0 0 0 0 0 5 0 0 0 1240 0 0 0 18 0 0 0 18 0 8 0 0 0 0 0 0 0 0 0 10 0 0 1 0 0 0 0 0 0 9 0 0 0 
0 7 0 0 35 1717 0 0 9 0 16 0 0 0 0 0 98 0 0 51 0 0 2830 0 4052 3597 0 0 4503 0 2 222804 0 0 0 7219 54 0 0 0 0 0 0 27 824 0 0 9 0 0 0 0 33 0 0 0 0 0 0 0 29 0 0 13 0 0 2527 0 2048 0 53 0 0 0 2415 0 1777 0 42 0 0 0 0 0 0 7 0 0 0 0 0 11 0 0 0 1251 0 0 0 17 0 0 0 19 0 18 0 0 0 0 0 0 0 0 0 16 0 0 1 0 0 0 0 0 0 6 0 0 0 
0 7 0 0 29 1488 0 0 9 0 16 0 0 0 0 0 94 0 0 51 0 0 2703 0 4105 2737 0 0 5251 0 3 177464 0 0 0 5341 41 0 0 0 0 0 0 24 511 0 0 4 0 0 0 0 28 0 0 0 0 0 0 0 17 0 0 14 0 0 2461 0 2083 0 44 0 0 0 2394 0 1213 0 43 0 0 0 0 0 0 4 0 0 0 0 0 10 0 0 0 948 0 0 0 23 0 0 0 13 0 12 0 0 0 0 0 0 0 0 0 8 0 0 4 0 0 0 0 0 0 11 0 0 0 
0 7 0 0 34 1556 0 0 13 0 10 0 0 0 0 0 104 0 0 65 0 0 3965 0 3888 3716 0 0 4413 0 8 201944 0 0 0 6475 55 0 0 0 0 0 0 34 690 0 0 13 0 0 0 0 39 0 0 0 0 0 0 0 23 0 0 19 0 0 1483 0 2057 0 30 0 0 0 1624 0 1673 0 35 0 0 0 0 0 0 3 0 0 0 0 0 3 0 0 0 923 0 0 0 14 0 0 0 16 0 10 0 0 0 0 0 0 0 0 0 11 0 0 0 0 0 0 0 0 0 2 0 0 0 
0 4 0 0 20 888 0 0 2 0 5 0 0 0 0 0 74 0 0 10 0 0 660 0 2992 2192 0 0 3238 0 0 119987 0 0 0 3659 31 0 0 0 0 0 0 6 113 0 0 2 0 0 0 0 26 0 0 0 0 0 0 0 17 0 0 0 0 0 839 0 1490 0 20 0 0 0 627 0 921 0 18 0 0 0 0 0 0 1 0 0 0 0 0 1 0 0 0 307 0 0 0 6 0 0 0 5 0 4 0 0 0 0 0 0 0 0 0 3 0 0 0 0 0 0 0 0 0 0 0 0 0 
0 7 0 0 36 1448 0 0 12 0 11 0 0 0 0 0 113 0 0 79 0 0 3325 0 4201 3784 0 0 3961 0 8 179312 0 0 0 5902 59 0 0 0 0 0 0 26 531 0 0 12 0 0 0 0 29 0 0 0 0 0 0 0 26 0 0 12 0 0 2015 0 1801 0 34 0 0 0 1699 0 1357 0 36 0 0 0 0 0 0 7 0 0 0 0 0 6 0 0 0 803 0 0 0 15 0 0 0 13 0 11 0 0 0 0 0 0 0 0 0 12 0 0 0 0 0 0 0 0 0 1 0 0 0 
347 7 814 1866 23 632 59390 1094 18 9 4 643 556 2326 3354 4674 43 1621 3395 70 2812 125538 2528 262979 976 1570 157134 229333 2324 682 21 32533 6705643 27456 249403 1649 26 3717 1655 40 815 1234 1653 32 324 55247 1659 10 471 759 409 1977 17 22 12 30 11 1199 787 740 17 1264 854 17 992 58240 342 175303 779 1527 11 2637 440 47916 293 138502 514 1173 9 2185 528 3 3 4 14 1 641 355 2 9 4 0 453 311 25895 91 21799 280 203 8 968 335 107 4 700 1 478 397 771 13 3 7 5 257 463 4 271 78 0 1 5 0 0 1 5 0 139 87 182 
0 3 0 0 22 859 0 0 0 0 4 0 0 0 0 0 82 0 0 0 0 0 0 0 2454 2180 0 0 2226 0 0 121918 0 0 0 4954 49 0 0 0 0 0 0 0 0 0 0 0 0 0 0 0 24 0 0 0 0 0 0 0 21 0 0 0 0 0 663 0 1442 0 11 0 0 0 753 0 1313 0 14 0 0 0 0 0 0 0 0 0 0 0 0 0 0 0 0 413 0 0 0 10 0 0 0 13 0 0 0 0 0 0 0 0 0 0 0 11 0 0 0 0 0 0 0 0 0 2 0 0 0 
0 5 0 0 28 1331 0 0 6 0 5 0 0 0 0 0 92 0 0 40 0 0 1812 0 3576 2342 0 0 4177 0 2 176850 0 0 0 6287 46 0 0 0 0 0 0 22 619 0 0 3 0 0 0 0 35 0 0 0 0 0 0 0 24 0 0 7 0 0 722 0 2045 0 14 0 0 0 879 0 1224 0 18 0 0 0 0 0 0 0 0 0 0 0 0 2 0 0 0 588 0 0 0 8 0 0 0 10 0 0 0 0 0 0 0 0 0 0 0 7 0 0 0 0 0 0 0 0 0 2 0 0 0 
0 6 0 0 30 1416 0 0 9 0 8 0 0 0 0 0 95 0 0 51 0 0 2788 0 3835 2925 0 0 4848 0 4 171473 0 0 0 5967 43 0 0 0 0 0 0 29 655 0 0 6 0 0 0 0 37 0 0 0 0 0 0 0 25 0 0 13 0 0 1262 0 2050 0 24 0 0 0 1154 0 1372 0 29 0 0 0 0 0 0 2 0 0 0 0 0 2 0 0 0 710 0 0 0 9 0 0 0 12 0 5 0 0 0 0 0 0 0 0 0 7 0 0 0 0 0 0 0 0 0 2 0 0 0 
0 6 0 0 34 972 0 0 7 0 10 0 0 0 0 0 123 0 0 51 0 0 1316 0 2986 5266 0 0 2582 0 2 110998 0 0 0 4223 54 0 0 0 0 0 0 6 115 0 0 10 0 0 0 0 18 0 0 0 0 0 0 0 37 0 0 11 0 0 1556 0 1152 0 39 0 0 0 1357 0 998 0 38 0 0 0 0 0 0 1 0 0 0 0 0 2 0 0 0 720 0 0 0 11 0 0 0 9 0 2 0 0 0 0 0 0 0 0 0 10 0 0 4 0 0 0 0 0 0 7 0 0 0 
0 5 0 0 24 1138 0 0 4 0 8 0 0 0 0 0 80 0 0 18 0 0 1397 0 2999 2711 0 0 4274 0 0 152354 0 0 0 4418 39 0 0 0 0 0 0 14 281 0 0 3 0 0 0 0 24 0 0 0 0 0 0 0 18 0 0 4 0 0 1087 0 2055 0 22 0 0 0 1398 0 1264 0 31 0 0 0 0 0 0 3 0 0 0 0 0 2 0 0 0 467 0 0 0 12 0 0 0 11 0 4 0 0 0 0 0 0 0 0 0 6 0 0 1 0 0 0 0 0 0 3 0 0 0 
0 11 0 0 55 1520 0 0 36 0 23 0 0 0 0 0 171 0 0 231 0 0 6729 0 3853 9129 0 0 4203 0 52 151914 0 0 0 4886 86 0 0 0 0 0 0 45 786 0 0 55 0 0 0 0 25 0 0 0 0 0 0 0 53 0 0 74 0 0 3327 0 1480 0 70 0 0 0 2964 0 1313 0 62 0 0 0 0 0 0 15 0 0 0 0 0 17 0 0 0 1108 0 0 0 23 0 0 0 15 0 31 0 0 0 0 0 0 0 0 0 21 0 0 6 0 0 0 0 0 0 9 0 0 0 
0 7 0 0 31 1531 0 0 15 0 6 0 0 0 0 0 105 0 0 80 0 0 4372 0 3953 2674 0 0 4891 0 13 191223 0 0 0 6069 52 0 0 0 0 0 0 41 777 0 0 6 0 0 0 0 40 0 0 0 0 0 0 0 21 0 0 14 0 0 1018 0 2315 0 18 0 0 0 1085 0 1454 0 17 0 0 0 0 0 0 2 0 0 0 0 0 2 0 0 0 561 0 0 0 13 0 0 0 8 0 4 0 0 0 0 0 0 0 0 0 6 0 0 0 0 0 0 0 0 0 0 0 0 0 
0 7 0 0 41 1306 0 0 12 0 11 0 0 0 0 0 125 0 0 84 0 0 3259 0 3408 5186 0 0 4121 0 3 166458 0 0 0 5813 68 0 0 0 0 0 0 26 614 0 0 19 0 0 0 0 33 0 0 0 0 0 0 0 38 0 0 26 0 0 1877 0 1899 0 43 0 0 0 1258 0 1492 0 39 0 0 0 0 0 0 4 0 0 0 0 0 3 0 0 0 512 0 0 0 14 0 0 0 9 0 7 0 0 0 0 0 0 0 0 0 16 0 0 0 0 0 0 0 0 0 2 0 0 0 
0 4 0 0 17 884 0 0 3 0 4 0 0 0 0 0 73 0 0 16 0 0 993 0 3179 1200 0 0 2537 0 0 117797 0 0 0 3782 29 0 0 0 0 0 0 9 103 0 0 1 0 0 0 0 23 0 0 0 0 0 0 0 12 0 0 3 0 0 503 0 1388 0 9 0 0 0 715 0 726 0 11 0 0 0 0 0 0 1 0 0 0 0 0 1 0 0 0 251 0 0 0 2 0 0 0 4 0 1 0 0 0 0 0 0 0 0 0 3 0 0 0 0 0 0 0 0 0 0 0 0 0 
0 8 0 0 41 1775 0 0 15 0 16 0 0 0 0 0 127 0 0 93 0 0 4224 0 4344 4233 0 0 4443 0 11 217782 0 0 0 7383 63 0 0 0 0 0 0 44 775 0 0 14 0 0 0 0 34 0 0 0 0 0 0 0 30 0 0 24 0 0 2578 0 1914 0 45 0 0 0 2698 0 1654 0 52 0 0 0 0 0 0 7 0 0 0 0 0 7 0 0 0 1465 0 0 0 12 0 0 0 20 0 12 0 0 0 0 0 0 0 0 0 20 0 0 3 0 0 0 0 0 0 12 0 0 0 
0 10 0 0 42 2157 0 0 23 0 28 0 0 0 0 0 107 0 0 124 0 0 6850 0 4558 4367 0 0 5737 0 15 245400 0 0 0 7739 49 0 0 0 0 0 0 54 1509 0 0 12 0 0 0 0 36 0 0 0 0 0 0 0 26 0 0 59 0 0 4442 0 2034 0 82 0 0 0 3763 0 1653 0 73 0 0 0 0 0 0 13 0 0 0 0 0 22 0 0 0 1879 0 0 0 30 0 0 0 26 0 40 0 0 0 0 0 0 0 0 0 17 0 0 4 0 0 0 0 0 0 19 0 0 0 
0 3 0 0 18 797 0 0 2 0 2 0 0 0 0 0 72 0 0 15 0 0 550 0 2425 1698 0 0 2919 0 0 104109 0 0 0 3918 30 0 0 0 0 0 0 8 259 0 0 2 0 0 0 0 25 0 0 0 0 0 0 0 19 0 0 2 0 0 253 0 1402 0 9 0 0 0 253 0 847 0 9 0 0 0 0 0 0 0 0 0 0 0 0 0 0 0 0 270 0 0 0 2 0 0 0 2 0 0 0 0 0 0 0 0 0 0 0 0 0 0 0 0 0 0 0 0 0 0 0 0 0 
0 4 0 0 17 846 0 0 5 0 1 0 0 0 0 0 71 0 0 20 0 0 1537 0 2580 1786 0 0 4100 0 2 91043 0 0 0 2957 25 0 0 0 0 0 0 20 305 0 0 2 0 0 0 0 29 0 0 0 0 0 0 0 16 0 0 2 0 0 168 0 1735 0 2 0 0 0 81 0 748 0 4 0 0 0 0 0 0 0 0 0 0 0 0 0 0 0 0 65 0 0 0 0 0 0 0 0 0 0 0 0 0 0 0 0 0 0 0 1 0 0 0 0 0 0 0 0 0 0 0 0 0 
0 9 0 0 34 2075 0 0 20 0 19 0 0 0 0 0 81 0 0 83 0 0 6369 0 4420 3224 0 0 6056 0 13 252456 0 0 0 6645 40 0 0 0 0 0 0 57 1376 0 0 8 0 0 0 0 35 0 0 0 0 0 0 0 19 0 0 44 0 0 3005 0 2666 0 55 0 0 0 3012 0 1548 0 55 0 0 0 0 0 0 8 0 0 0 0 0 13 0 0 0 1432 0 0 0 16 0 0 0 16 0 19 0 0 0 0 0 0 0 0 0 9 0 0 2 0 0 0 0 0 0 7 0 0 0 
0 4 0 0 24 1142 0 0 4 0 3 0 0 0 0 0 81 0 0 25 0 0 1252 0 2992 2186 0 0 3503 0 1 163017 0 0 0 5551 43 0 0 0 0 0 0 16 518 0 0 5 0 0 0 0 32 0 0 0 0 0 0 0 21 0 0 3 0 0 389 0 1920 0 14 0 0 0 474 0 1278 0 14 0 0 0 0 0 0 1 0 0 0 0 0 0 0 0 0 393 0 0 0 3 0 0 0 3 0 1 0 0 0 0 0 0 0 0 0 1 0 0 0 0 0 0 0 0 0 0 0 0 0 
0 10 0 0 42 2155 0 0 26 0 22 0 0 0 0 0 105 0 0 128 0 0 7809 0 4596 4022 0 0 5645 0 22 254014 0 0 0 7887 57 0 0 0 0 0 0 69 1612 0 0 21 0 0 0 0 39 0 0 0 0 0 0 0 30 0 0 57 0 0 3831 0 2274 0 70 0 0 0 2895 0 1783 0 58 0 0 0 0 0 0 11 0 0 0 0 0 15 0 0 0 1478 0 0 0 22 0 0 0 21 0 28 0 0 0 0 0 0 0 0 0 9 0 0 3 0 0 0 0 0 0 9 0 0 0 
0 6 0 0 32 1163 0 0 5 0 12 0 0 0 0 0 114 0 0 33 0 0 1238 0 3649 4475 0 0 3374 0 1 134036 0 0 0 4671 44 0 0 0 0 0 0 8 236 0 0 6 0 0 0 0 22 0 0 0 0 0 0 0 34 0 0 5 0 0 1913 0 1416 0 43 0 0 0 1637 0 948 0 46 0 0 0 0 0 0 1 0 0 0 0 0 5 0 0 0 797 0 0 0 13 0 0 0 10 0 5 0 0 0 0 0 0 0 0 0 9 0 0 4 0 0 0 0 0 0 8 0 0 0 
0 4 0 0 32 1013 0 0 4 0 2 0 0 0 0 0 112 0 0 39 0 0 1391 0 2747 3506 0 0 2396 0 1 145952 0 0 0 6028 77 0 0 0 0 0 0 12 226 0 0 9 0 0 0 0 34 0 0 0 0 0 0 0 41 0 0 2 0 0 280 0 1670 0 7 0 0 0 422 0 1524 0 9 0 0 0 0 0 0 1 0 0 0 0 0 0 0 0 0 238 0 0 0 5 0 0 0 5 0 0 0 0 0 0 0 0 0 0 0 5 0 0 0 0 0 0 0 0 0 0 0 0 0 
0 10 0 0 39 2065 0 0 27 0 20 0 0 0 0 0 118 0 0 121 0 0 7680 0 4602 4661 0 0 6156 0 29 231575 0 0 0 6443 45 0 0 0 0 0 0 68 1392 0 0 16 0 0 0 0 37 0 0 0 0 0 0 0 28 0 0 51 0 0 3490 0 2355 0 53 0 0 0 2709 0 1744 0 50 0 0 0 0 0 0 13 0 0 0 0 0 10 0 0 0 1319 0 0 0 25 0 0 0 14 0 26 0 0 0 0 0 0 0 0 0 12 0 0 1 0 0 0 0 0 0 7 0 0 0 
0 11 0 0 41 2491 0 0 27 0 31 0 0 0 0 0 114 0 0 129 0 0 8310 0 4738 3256 0 0 4925 0 20 311898 0 0 0 8201 53 0 0 0 0 0 0 61 1842 0 0 11 0 0 0 0 28 0 0 0 0 0 0 0 15 0 0 62 0 0 5340 0 2338 0 72 0 0 0 4562 0 1444 0 72 0 0 0 0 0 0 22 0 0 0 0 0 28 0 0 0 2265 0 0 0 33 0 0 0 28 0 36 0 0 0 0 0 0 0 0 0 19 0 0 2 0 0 0 0 0 0 24 0 0 0 
0 7 0 0 28 1640 0 0 10 0 14 0 0 0 0 0 95 0 0 49 0 0 2909 0 4264 2743 0 0 4509 0 5 198688 0 0 0 5741 32 0 0 0 0 0 0 30 869 0 0 4 0 0 0 0 32 0 0 0 0 0 0 0 16 0 0 14 0 0 2385 0 1897 0 41 0 0 0 1987 0 1112 0 34 0 0 0 0 0 0 3 0 0 0 0 0 10 0 0 0 1202 0 0 0 12 0 0 0 10 0 9 0 0 0 0 0 0 0 0 0 9 0 0 1 0 0 0 0 0 0 10 0 0 0 
20 7 352 117 35 1721 178 73 13 3 10 12 19 983 1040 520 87 1075 240 75 261 8287 4096 974 3638 3441 27977 4527 5189 98 6 217520 957 31912 890 6781 50 173 1008 7 503 78 31 39 1127 152 140 11 46 593 352 31 35 13 7 9 6 0 64 152 28 24 37 24 37 4679 1414 150 2417 64 36 49 257 2023 1755 274 1614 32 38 69 178 2 2 1 0 3 29 2 1 3 0 4 11 3 28 860 31 18 75 12 0 14 212 12 9 7 13 15 6 1 0 0 3 0 6 5 20 3 0 0 0 0 0 0 0 2 1 3 0 
0 8 0 0 45 1702 0 0 16 0 14 0 0 0 0 0 130 0 0 105 0 0 4514 0 4158 5209 0 0 3985 0 7 212912 0 0 0 7835 78 0 0 0 0 0 0 40 918 0 0 21 0 0 0 0 34 0 0 0 0 0 0 0 46 0 0 36 0 0 2695 0 1918 0 56 0 0 0 1837 0 1910 0 42 0 0 0 0 0 0 6 0 0 0 0 0 4 0 0 0 912 0 0 0 16 0 0 0 13 0 10 0 0 0 0 0 0 0 0 0 24 0 0 1 0 0 0 0 0 0 4 0 0 0 
0 7 0 0 41 1184 0 0 12 0 10 0 0 0 0 0 147 0 0 97 0 0 3032 0 3582 5171 0 0 2933 0 8 128065 0 0 0 5555 73 0 0 0 0 0 0 25 382 0 0 16 0 0 0 0 32 0 0 0 0 0 0 0 46 0 0 11 0 0 1352 0 1337 0 41 0 0 0 1367 0 1428 0 32 0 0 0 0 0 0 2 0 0 0 0 0 6 0 0 0 540 0 0 0 13 0 0 0 11 0 12 0 0 0 0 0 0 0 0 0 11 0 0 0 0 0 0 0 0 0 1 0 0 0 
0 8 0 0 44 1614 0 0 20 0 8 0 0 0 0 0 135 0 0 127 0 0 5679 0 4051 4537 0 0 5144 0 22 181182 0 0 0 7726 72 0 0 0 0 0 0 67 1119 0 0 18 0 0 0 0 40 0 0 0 0 0 0 0 42 0 0 21 0 0 1376 0 2088 0 34 0 0 0 963 0 1775 0 26 0 0 0 0 0 0 2 0 0 0 0 0 3 0 0 0 495 0 0 0 11 0 0 0 8 0 7 0 0 0 0 0 0 0 0 0 11 0 0 0 0 0 0 0 0 0 1 0 0 0 
0 9 0 0 41 1960 0 0 25 0 12 0 0 0 0 0 112 0 0 131 0 0 7227 0 4151 3858 0 0 5832 0 30 231181 0 0 0 7629 52 0 0 0 0 0 0 72 1603 0 0 17 0 0 0 0 42 0 0 0 0 0 0 0 30 0 0 38 0 0 1900 0 2519 0 31 0 0 0 1802 0 1623 0 37 0 0 0 0 0 0 4 0 0 0 0 0 6 0 0 0 1004 0 0 0 12 0 0 0 15 0 9 0 0 0 0 0 0 0 0 0 12 0 0 1 0 0 0 0 0 0 3 0 0 0 
0 5 0 0 30 795 0 0 9 0 2 0 0 0 0 0 120 0 0 69 0 0 2273 0 2163 3719 0 0 3725 0 7 93488 0 0 0 3654 60 0 0 0 0 0 0 28 171 0 0 5 0 0 0 0 24 0 0 0 0 0 0 0 34 0 0 6 0 0 355 0 1636 0 7 0 0 0 355 0 961 0 7 0 0 0 0 0 0 0 0 0 0 0 0 0 0 0 0 184 0 0 0 6 0 0 0 6 0 0 0 0 0 0 0 0 0 0 0 4 0 0 0 0 0 0 0 0 0 0 0 0 0 
0 7 0 0 37 1326 0 0 11 0 13 0 0 0 0 0 139 0 0 72 0 0 3081 0 3611 4632 0 0 4441 0 5 139773 0 0 0 5518 56 0 0 0 0 0 0 31 598 0 0 12 0 0 0 0 33 0 0 0 0 0 0 0 31 0 0 15 0 0 1929 0 1659 0 52 0 0 0 1552 0 1572 0 39 0 0 0 0 0 0 6 0 0 0 0 0 6 0 0 0 689 0 0 0 20 0 0 0 11 0 15 0 0 0 0 0 0 0 0 0 10 0 0 1 0 0 0 0 0 0 3 0 0 0 
0 5 0 0 29 1190 0 0 7 0 5 0 0 0 0 0 88 0 0 40 0 0 2142 0 3045 3191 0 0 4300 0 4 163896 0 0 0 5518 48 0 0 0 0 0 0 23 585 0 0 11 0 0 0 0 34 0 0 0 0 0 0 0 26 0 0 5 0 0 651 0 1956 0 20 0 0 0 737 0 1336 0 21 0 0 0 0 0 0 3 0 0 0 0 0 1 0 0 0 437 0 0 0 6 0 0 0 6 0 4 0 0 0 0 0 0 0 0 0 3 0 0 0 0 0 0 0 0 0 0 0 0 0 
0 7 0 0 32 1503 0 0 12 0 11 0 0 0 0 0 103 0 0 61 0 0 3521 0 4051 3101 0 0 5441 0 7 183172 0 0 0 5601 52 0 0 0 0 0 0 45 784 0 0 8 0 0 0 0 31 0 0 0 0 0 0 0 25 0 0 17 0 0 1710 0 2298 0 33 0 0 0 1735 0 1131 0 33 0 0 0 0 0 0 2 0 0 0 0 0 7 0 0 0 607 0 0 0 13 0 0 0 9 0 7 0 0 0 0 0 0 0 0 0 4 0 0 2 0 0 0 0 0 0 3 0 0 0 
0 7 0 0 29 1534 0 0 15 0 8 0 0 0 0 0 95 0 0 76 0 0 4561 0 3860 2967 0 0 5893 0 11 172077 0 0 0 5300 40 0 0 0 0 0 0 46 963 0 0 3 0 0 0 0 34 0 0 0 0 0 0 0 18 0 0 25 0 0 1038 0 2389 0 22 0 0 0 1304 0 1266 0 26 0 0 0 0 0 0 2 0 0 0 0 0 3 0 0 0 627 0 0 0 12 0 0 0 7 0 4 0 0 0 0 0 0 0 0 0 3 0 0 0 0 0 0 0 0 0 0 0 0 0 
0 7 0 0 36 1818 0 0 12 0 10 0 0 0 0 0 105 0 0 68 0 0 3720 0 4100 2904 0 0 4700 0 6 245463 0 0 0 7936 58 0 0 0 0 0 0 40 1189 0 0 11 0 0 0 0 37 0 0 0 0 0 0 0 25 0 0 17 0 0 1592 0 2419 0 30 0 0 0 1707 0 1600 0 31 0 0 0 0 0 0 2 0 0 0 0 0 5 0 0 0 995 0 0 0 14 0 0 0 16 0 7 0 0 0 0 0 0 0 0 0 9 0 0 1 0 0 0 0 0 0 2 0 0 0 
0 6 0 0 38 1105 0 0 11 0 5 0 0 0 0 0 128 0 0 82 0 0 2805 0 3145 4343 0 0 4282 0 8 140587 0 0 0 5586 66 0 0 0 0 0 0 36 458 0 0 15 0 0 0 0 37 0 0 0 0 0 0 0 39 0 0 11 0 0 1000 0 1726 0 24 0 0 0 578 0 1423 0 21 0 0 0 0 0 0 2 0 0 0 0 0 0 0 0 0 252 0 0 0 9 0 0 0 6 0 3 0 0 0 0 0 0 0 0 0 3 0 0 0 0 0 0 0 0 0 0 0 0 0 
0 10 0 0 41 2351 0 0 23 0 25 0 0 0 0 0 103 0 0 111 0 0 6959 0 4742 3529 0 0 4840 0 18 296776 0 0 0 8534 56 0 0 0 0 0 0 60 1718 0 0 16 0 0 0 0 34 0 0 0 0 0 0 0 20 0 0 42 0 0 4462 0 2188 0 63 0 0 0 3784 0 1667 0 58 0 0 0 0 0 0 16 0 0 0 0 0 18 0 0 0 2027 0 0 0 21 0 0 0 24 0 35 0 0 0 0 0 0 0 0 0 25 0 0 2 0 0 0 0 0 0 14 0 0 0 
0 6 0 0 34 1630 0 0 8 0 10 0 0 0 0 0 97 0 0 55 0 0 2681 0 3606 3182 0 0 4248 0 2 223152 0 0 0 7354 62 0 0 0 0 0 0 23 860 0 0 8 0 0 0 0 36 0 0 0 0 0 0 0 22 0 0 13 0 0 1533 0 2277 0 37 0 0 0 1773 0 1736 0 35 0 0 0 0 0 0 3 0 0 0 0 0 4 0 0 0 1014 0 0 0 11 0 0 0 12 0 6 0 0 0 0 0 0 0 0 0 9 0 0 1 0 0 0 0 0 0 5 0 0 0 
0 7 0 0 38 1241 0 0 11 0 13 0 0 0 0 0 124 0 0 59 0 0 2421 0 3412 6197 0 0 3690 0 7 139079 0 0 0 4579 59 0 0 0 0 0 0 19 434 0 0 23 0 0 0 0 25 0 0 0 0 0 0 0 41 0 0 13 0 0 1966 0 1505 0 46 0 0 0 1813 0 1131 0 45 0 0 0 0 0 0 3 0 0 0 0 0 8 0 0 0 864 0 0 0 13 0 0 0 9 0 11 0 0 0 0 0 0 0 0 0 11 0 0 4 0 0 0 0 0 0 7 0 0 0 
0 5 0 0 27 1139 0 0 3 0 11 0 0 0 0 0 89 0 0 24 0 0 952 0 3304 2900 0 0 3640 0 0 134747 0 0 0 5152 44 0 0 0 0 0 0 8 169 0 0 1 0 0 0 0 29 0 0 0 0 0 0 0 26 0 0 4 0 0 1743 0 1460 0 40 0 0 0 1523 0 1319 0 36 0 0 0 0 0 0 3 0 0 0 0 0 3 0 0 0 838 0 0 0 15 0 0 0 15 0 7 0 0 0 0 0 0 0 0 0 8 0 0 2 0 0 0 0 0 0 6 0 0 0 
0 10 0 0 39 2224 0 0 22 0 28 0 0 0 0 0 113 0 0 102 0 0 6615 0 4675 4044 0 0 4654 0 14 279739 0 0 0 7439 50 0 0 0 0 0 0 45 1451 0 0 13 0 0 0 0 31 0 0 0 0 0 0 0 21 0 0 48 0 0 4640 0 2169 0 69 0 0 0 3968 0 1580 0 74 0 0 0 0 0 0 24 0 0 0 0 0 17 0 0 0 1969 0 0 0 25 0 0 0 27 0 39 0 0 0 0 0 0 0 0 0 20 0 0 4 0 0 0 0 0 0 16 0 0 0 
0 9 0 0 41 1649 0 0 24 0 13 0 0 0 0 0 119 0 0 120 0 0 6607 0 4320 5173 0 0 5710 0 23 166525 0 0 0 6226 46 0 0 0 0 0 0 67 1232 0 0 20 0 0 0 0 42 0 0 0 0 0 0 0 39 0 0 42 0 0 2081 0 2081 0 54 0 0 0 1385 0 1588 0 45 0 0 0 0 0 0 4 0 0 0 0 0 8 0 0 0 463 0 0 0 10 0 0 0 3 0 12 0 0 0 0 0 0 0 0 0 7 0 0 1 0 0 0 0 0 0 1 0 0 0 
0 8 0 0 35 1629 0 0 22 0 7 0 0 0 0 0 107 0 0 118 0 0 6230 0 3888 3814 0 0 5826 0 28 180534 0 0 0 6023 42 0 0 0 0 0 0 66 1347 0 0 11 0 0 0 0 43 0 0 0 0 0 0 0 26 0 0 26 0 0 1095 0 2297 0 24 0 0 0 791 0 1425 0 20 0 0 0 0 0 0 1 0 0 0 0 0 2 0 0 0 538 0 0 0 7 0 0 0 3 0 4 0 0 0 0 0 0 0 0 0 4 0 0 0 0 0 0 0 0 0 1 0 0 0 
0 10 0 0 38 2026 0 0 28 0 21 0 0 0 0 0 117 0 0 149 0 0 8085 0 4426 3366 0 0 5560 0 27 244048 0 0 0 6751 48 0 0 0 0 0 0 51 1285 0 0 13 0 0 0 0 40 0 0 0 0 0 0 0 19 0 0 71 0 0 3358 0 2385 0 46 0 0 0 3085 0 1437 0 59 0 0 0 0 0 0 13 0 0 0 0 0 13 0 0 0 1442 0 0 0 22 0 0 0 18 0 19 0 0 0 0 0 0 0 0 0 10 0 0 0 0 0 0 0 0 0 10 0 0 0 
0 7 0 0 31 1674 0 0 9 0 13 0 0 0 0 0 109 0 0 46 0 0 2812 0 4290 3068 0 0 3946 0 1 217901 0 0 0 6534 44 0 0 0 0 0 0 19 725 0 0 10 0 0 0 0 37 0 0 0 0 0 0 0 25 0 0 13 0 0 2403 0 2007 0 44 0 0 0 1669 0 1551 0 36 0 0 0 0 0 0 6 0 0 0 0 0 5 0 0 0 1099 0 0 0 15 0 0 0 13 0 10 0 0 0 0 0 0 0 0 0 6 0 0 1 0 0 0 0 0 0 4 0 0 0 
0 6 0 0 32 1627 0 0 9 0 8 0 0 0 0 0 92 0 0 59 0 0 3064 0 3708 2981 0 0 4329 0 3 223740 0 0 0 7085 55 0 0 0 0 0 0 20 838 0 0 7 0 0 0 0 39 0 0 0 0 0 0 0 25 0 0 15 0 0 1266 0 2392 0 30 0 0 0 1349 0 1648 0 31 0 0 0 0 0 0 2 0 0 0 0 0 2 0 0 0 900 0 0 0 12 0 0 0 14 0 4 0 0 0 0 0 0 0 0 0 5 0 0 0 0 0 0 0 0 0 2 0 0 0 
0 9 0 0 39 2055 0 0 20 0 21 0 0 0 0 0 105 0 0 105 0 0 6060 0 4223 3831 0 0 4967 0 16 259135 0 0 0 7658 51 0 0 0 0 0 0 48 1382 0 0 14 0 0 0 0 31 0 0 0 0 0 0 0 26 0 0 38 0 0 3220 0 2209 0 56 0 0 0 3165 0 1773 0 48 0 0 0 0 0 0 11 0 0 0 0 0 20 0 0 0 1672 0 0 0 19 0 0 0 26 0 29 0 0 0 0 0 0 0 0 0 19 0 0 1 0 0 0 0 0 0 8 0 0 0 
0 6 0 0 30 1311 0 0 9 0 9 0 0 0 0 0 107 0 0 59 0 0 2665 0 3778 2772 0 0 3812 0 4 157606 0 0 0 5607 44 0 0 0 0 0 0 18 394 0 0 6 0 0 0 0 32 0 0 0 0 0 0 0 23 0 0 17 0 0 1397 0 1653 0 32 0 0 0 1373 0 1250 0 34 0 0 0 0 0 0 0 0 0 0 0 0 2 0 0 0 872 0 0 0 12 0 0 0 14 0 4 0 0 0 0 0 0 0 0 0 4 0 0 1 0 0 0 0 0 0 5 0 0 0 
0 6 0 0 35 968 0 0 5 0 13 0 0 0 0 0 121 0 0 43 0 0 825 0 2996 5720 0 0 3367 0 2 110173 0 0 0 3725 58 0 0 0 0 0 0 7 59 0 0 9 0 0 0 0 16 0 0 0 0 0 0 0 41 0 0 2 0 0 1851 0 1185 0 44 0 0 0 1883 0 1006 0 41 0 0 0 0 0 0 2 0 0 0 0 0 6 0 0 0 752 0 0 0 15 0 0 0 13 0 8 0 0 0 0 0 0 0 0 0 14 0 0 5 0 0 0 0 0 0 10 0 0 0 
0 5 0 0 29 1262 0 0 5 0 6 0 0 0 0 0 96 0 0 30 0 0 1579 0 3552 2657 0 0 3935 0 1 162025 0 0 0 6102 53 0 0 0 0 0 0 19 371 0 0 4 0 0 0 0 30 0 0 0 0 0 0 0 22 0 0 5 0 0 1022 0 1909 0 17 0 0 0 1042 0 1479 0 21 0 0 0 0 0 0 0 0 0 0 0 0 1 0 0 0 588 0 0 0 13 0 0 0 16 0 4 0 0 0 0 0 0 0 0 0 12 0 0 0 0 0 0 0 0 0 2 0 0 0 
0 8 0 0 39 1743 0 0 16 0 14 0 0 0 0 0 112 0 0 83 0 0 4858 0 4194 4480 0 0 4469 0 9 220943 0 0 0 6854 63 0 0 0 0 0 0 44 970 0 0 14 0 0 0 0 39 0 0 0 0 0 0 0 35 0 0 28 0 0 2504 0 2182 0 44 0 0 0 1799 0 1647 0 42 0 0 0 0 0 0 8 0 0 0 0 0 6 0 0 0 1020 0 0 0 18 0 0 0 17 0 13 0 0 0 0 0 0 0 0 0 16 0 0 0 0 0 0 0 0 0 4 0 0 0 
0 7 0 0 44 1124 0 0 13 0 10 0 0 0 0 0 148 0 0 82 0 0 2792 0 3124 7451 0 0 3373 0 11 115676 0 0 0 4830 78 0 0 0 0 0 0 22 394 0 0 33 0 0 0 0 26 0 0 0 0 0 0 0 55 0 0 11 0 0 1557 0 1391 0 41 0 0 0 1452 0 1456 0 36 0 0 0 0 0 0 4 0 0 0 0 0 5 0 0 0 491 0 0 0 15 0 0 0 9 0 11 0 0 0 0 0 0 0 0 0 13 0 0 2 0 0 0 0 0 0 2 0 0 0 
0 9 0 0 45 1932 0 0 19 0 22 0 0 0 0 0 132 0 0 115 0 0 5622 0 4363 4488 0 0 4348 0 12 236192 0 0 0 7524 71 0 0 0 0 0 0 47 1020 0 0 20 0 0 0 0 27 0 0 0 0 0 0 0 24 0 0 42 0 0 3815 0 1961 0 71 0 0 0 3196 0 1780 0 67 0 0 0 0 0 0 15 0 0 0 0 0 11 0 0 0 1632 0 0 0 24 0 0 0 18 0 25 0 0 0 0 0 0 0 0 0 20 0 0 3 0 0 0 0 0 0 15 0 0 0 
0 8 0 0 42 1830 0 0 12 0 19 0 0 0 0 0 115 0 0 64 0 0 3851 0 4160 4718 0 0 4377 0 4 239447 0 0 0 7687 68 0 0 0 0 0 0 39 842 0 0 16 0 0 0 0 33 0 0 0 0 0 0 0 28 0 0 21 0 0 3282 0 2108 0 57 0 0 0 2573 0 1910 0 64 0 0 0 0 0 0 10 0 0 0 0 0 6 0 0 0 1447 0 0 0 23 0 0 0 25 0 19 0 0 0 0 0 0 0 0 0 25 0 0 2 0 0 0 0 0 0 13 0 0 0 
0 7 0 0 36 1506 0 0 10 0 14 0 0 0 0 0 98 0 0 61 0 0 2982 0 3779 3954 0 0 4848 0 5 180436 0 0 0 6184 66 0 0 0 0 0 0 30 471 0 0 6 0 0 0 0 26 0 0 0 0 0 0 0 26 0 0 15 0 0 2498 0 2111 0 41 0 0 0 2017 0 1539 0 41 0 0 0 0 0 0 4 0 0 0 0 0 6 0 0 0 1000 0 0 0 28 0 0 0 20 0 11 0 0 0 0 0 0 0 0 0 18 0 0 2 0 0 0 0 0 0 8 0 0 0 
0 7 0 0 35 1847 0 0 11 0 13 0 0 0 0 0 97 0 0 69 0 0 3593 0 4125 2909 0 0 4706 0 4 246475 0 0 0 7568 51 0 0 0 0 0 0 31 1125 0 0 7 0 0 0 0 34 0 0 0 0 0 0 0 23 0 0 19 0 0 1955 0 2390 0 42 0 0 0 2381 0 1547 0 47 0 0 0 0 0 0 5 0 0 0 0 0 8 0 0 0 1243 0 0 0 11 0 0 0 16 0 9 0 0 0 0 0 0 0 0 0 8 0 0 1 0 0 0 0 0 0 6 0 0 0 
0 4 0 0 28 1000 0 0 1 0 6 0 0 0 0 0 107 0 0 7 0 0 330 0 2865 3206 0 0 2410 0 0 131538 0 0 0 5586 56 0 0 0 0 0 0 1 47 0 0 3 0 0 0 0 26 0 0 0 0 0 0 0 30 0 0 0 0 0 1118 0 1399 0 22 0 0 0 920 0 1523 0 22 0 0 0 0 0 0 1 0 0 0 0 0 0 0 0 0 529 0 0 0 13 0 0 0 14 0 2 0 0 0 0 0 0 0 0 0 13 0 0 0 0 0 0 0 0 0 3 0 0 0 
0 6 0 0 30 1439 0 0 9 0 9 0 0 0 0 0 100 0 0 52 0 0 2661 0 3776 2792 0 0 4251 0 5 176505 0 0 0 5901 44 0 0 0 0 0 0 30 724 0 0 7 0 0 0 0 29 0 0 0 0 0 0 0 21 0 0 11 0 0 1343 0 1863 0 25 0 0 0 1540 0 1202 0 27 0 0 0 0 0 0 1 0 0 0 0 0 6 0 0 0 890 0 0 0 11 0 0 0 13 0 7 0 0 0 0 0 0 0 0 0 7 0 0 1 0 0 0 0 0 0 3 0 0 0 
0 5 0 0 28 886 0 0 9 0 1 0 0 0 0 0 110 0 0 79 0 0 2432 0 2778 2707 0 0 3423 0 7 97153 0 0 0 4724 52 0 0 0 0 0 0 15 310 0 0 4 0 0 0 0 32 0 0 0 0 0 0 0 27 0 0 3 0 0 136 0 1455 0 6 0 0 0 199 0 1105 0 4 0 0 0 0 0 0 0 0 0 0 0 0 0 0 0 0 74 0 0 0 2 0 0 0 1 0 0 0 0 0 0 0 0 0 0 0 1 0 0 0 0 0 0 0 0 0 0 0 0 0 
0 9 0 0 48 1234 0 0 23 0 15 0 0 0 0 0 177 0 0 137 0 0 5099 0 3651 8233 0 0 3878 0 21 106203 0 0 0 4456 66 0 0 0 0 0 0 44 660 0 0 36 0 0 0 0 27 0 0 0 0 0 0 0 63 0 0 39 0 0 1560 0 1474 0 63 0 0 0 1568 0 1551 0 47 0 0 0 0 0 0 8 0 0 0 0 0 12 0 0 0 276 0 0 0 11 0 0 0 11 0 19 0 0 0 0 0 0 0 0 0 17 0 0 0 0 0 0 0 0 0 0 0 0 0 
0 10 0 0 43 2051 0 0 30 0 17 0 0 0 0 0 114 0 0 160 0 0 8421 0 4618 4004 0 0 5375 0 36 250813 0 0 0 7883 56 0 0 0 0 0 0 68 1586 0 0 14 0 0 0 0 40 0 0 0 0 0 0 0 32 0 0 61 0 0 3023 0 2325 0 58 0 0 0 2314 0 1674 0 47 0 0 0 0 0 0 7 0 0 0 0 0 8 0 0 0 1067 0 0 0 20 0 0 0 16 0 17 0 0 0 0 0 0 0 0 0 14 0 0 1 0 0 0 0 0 0 7 0 0 0 
0 10 0 0 47 1970 0 0 26 0 23 0 0 0 0 0 115 0 0 145 0 0 7199 0 4438 5382 0 0 5479 0 20 225869 0 0 0 7374 66 0 0 0 0 0 0 68 1308 0 0 26 0 0 0 0 34 0 0 0 0 0 0 0 34 0 0 66 0 0 4137 0 2081 0 76 0 0 0 2789 0 1722 0 62 0 0 0 0 0 0 16 0 0 0 0 0 17 0 0 0 1334 0 0 0 25 0 0 0 17 0 25 0 0 0 0 0 0 0 0 0 18 0 0 1 0 0 0 0 0 0 8 0 0 0 
0 9 0 0 42 1740 0 0 18 0 23 0 0 0 0 0 138 0 0 117 0 0 4988 0 4522 5467 0 0 3660 0 11 211209 0 0 0 6314 57 0 0 0 0 0 0 24 691 0 0 13 0 0 0 0 21 0 0 0 0 0 0 0 32 0 0 42 0 0 3455 0 1636 0 66 0 0 0 3361 0 1552 0 66 0 0 0 0 0 0 12 0 0 0 0 0 12 0 0 0 1476 0 0 0 17 0 0 0 24 0 21 0 0 0 0 0 0 0 0 0 26 0 0 4 0 0 0 0 0 0 22 0 0 0 
0 8 0 0 41 1596 0 0 19 0 11 0 0 0 0 0 118 0 0 118 0 0 5140 0 4079 5123 0 0 5520 0 23 180494 0 0 0 5841 64 0 0 0 0 0 0 65 836 0 0 19 0 0 0 0 43 0 0 0 0 0 0 0 35 0 0 19 0 0 1650 0 2114 0 31 0 0 0 1783 0 1405 0 31 0 0 0 0 0 0 2 0 0 0 0 0 9 0 0 0 967 0 0 0 11 0 0 0 10 0 10 0 0 0 0 0 0 0 0 0 10 0 0 2 0 0 0 0 0 0 4 0 0 0 
0 6 0 0 34 1640 0 0 9 0 7 0 0 0 0 0 99 0 0 53 0 0 2879 0 3670 3149 0 0 4538 0 5 228521 0 0 0 7624 59 0 0 0 0 0 0 36 967 0 0 10 0 0 0 0 38 0 0 0 0 0 0 0 26 0 0 9 0 0 1071 0 2414 0 23 0 0 0 1181 0 1810 0 25 0 0 0 0 0 0 2 0 0 0 0 0 2 0 0 0 812 0 0 0 11 0 0 0 13 0 4 0 0 0 0 0 0 0 0 0 9 0 0 0 0 0 0 0 0 0 2 0 0 0 
0 7 0 0 44 1131 0 0 15 0 7 0 0 0 0 0 146 0 0 117 0 0 3689 0 3245 6377 0 0 4127 0 13 111339 0 0 0 5351 81 0 0 0 0 0 0 34 417 0 0 22 0 0 0 0 35 0 0 0 0 0 0 0 46 0 0 16 0 0 1244 0 1532 0 28 0 0 0 869 0 1683 0 24 0 0 0 0 0 0 3 0 0 0 0 0 2 0 0 0 320 0 0 0 15 0 0 0 10 0 6 0 0 0 0 0 0 0 0 0 13 0 0 0 0 0 0 0 0 0 0 0 0 0 
0 7 0 0 43 1188 0 0 13 0 9 0 0 0 0 0 144 0 0 84 0 0 2949 0 3676 6846 0 0 3291 0 11 135400 0 0 0 4978 74 0 0 0 0 0 0 24 342 0 0 29 0 0 0 0 25 0 0 0 0 0 0 0 55 0 0 11 0 0 1575 0 1493 0 43 0 0 0 1340 0 1355 0 37 0 0 0 0 0 0 5 0 0 0 0 0 3 0 0 0 437 0 0 0 7 0 0 0 8 0 8 0 0 0 0 0 0 0 0 0 11 0 0 1 0 0 0 0 0 0 1 0 0 0 
0 7 0 0 41 1822 0 0 9 0 15 0 0 0 0 0 119 0 0 65 0 0 2947 0 4061 3844 0 0 3604 0 0 247649 0 0 0 8605 73 0 0 0 0 0 0 22 841 0 0 10 0 0 0 0 32 0 0 0 0 0 0 0 29 0 0 20 0 0 2694 0 2094 0 58 0 0 0 2561 0 2028 0 52 0 0 0 0 0 0 5 0 0 0 0 0 5 0 0 0 1311 0 0 0 20 0 0 0 20 0 9 0 0 0 0 0 0 0 0 0 20 0 0 2 0 0 0 0 0 0 10 0 0 0 
0 10 0 0 42 2254 0 0 22 0 25 0 0 0 0 0 124 0 0 119 0 0 6831 0 4797 4008 0 0 4378 0 14 282896 0 0 0 8207 55 0 0 0 0 0 0 45 1445 0 0 16 0 0 0 0 33 0 0 0 0 0 0 0 24 0 0 44 0 0 4365 0 2094 0 64 0 0 0 3321 0 1623 0 72 0 0 0 0 0 0 15 0 0 0 0 0 14 0 0 0 1934 0 0 0 26 0 0 0 24 0 32 0 0 0 0 0 0 0 0 0 18 0 0 2 0 0 0 0 0 0 16 0 0 0 
0 11 0 0 49 2174 0 0 26 0 32 0 0 0 0 0 139 0 0 127 0 0 6837 0 4806 6391 0 0 3723 0 20 264460 0 0 0 7517 71 0 0 0 0 0 0 37 1202 0 0 41 0 0 0 0 25 0 0 0 0 0 0 0 35 0 0 57 0 0 5601 0 1855 0 102 0 0 0 4286 0 1765 0 84 0 0 0 0 0 0 23 0 0 0 0 0 22 0 0 0 1960 0 0 0 26 0 0 0 22 0 38 0 0 0 0 0 0 0 0 0 28 0 0 9 0 0 0 0 0 0 26 0 0 0 
0 11 0 0 39 2121 0 0 31 0 30 0 0 0 0 0 125 0 0 150 0 0 8145 0 4884 4379 0 0 4634 0 35 242819 0 0 0 6197 40 0 0 0 0 0 0 46 1311 0 0 16 0 0 0 0 33 0 0 0 0 0 0 0 18 0 0 65 0 0 4834 0 1798 0 76 0 0 0 4440 0 1635 0 66 0 0 0 0 0 0 24 0 0 0 0 0 31 0 0 0 1888 0 0 0 24 0 0 0 18 0 51 0 0 0 0 0 0 0 0 0 21 0 0 4 0 0 0 0 0 0 13 0 0 0 
0 8 0 0 33 1920 0 0 12 0 18 0 0 0 0 0 96 0 0 49 0 0 3829 0 4289 3555 0 0 5018 0 3 246804 0 0 0 6693 52 0 0 0 0 0 0 29 821 0 0 7 0 0 0 0 31 0 0 0 0 0 0 0 15 0 0 22 0 0 3134 0 2464 0 50 0 0 0 2866 0 1753 0 45 0 0 0 0 0 0 7 0 0 0 0 0 8 0 0 0 1443 0 0 0 27 0 0 0 20 0 14 0 0 0 0 0 0 0 0 0 19 0 0 3 0 0 0 0 0 0 12 0 0 0 
0 5 0 0 33 976 0 0 7 0 3 0 0 0 0 0 122 0 0 50 0 0 1849 0 2771 3926 0 0 3167 0 3 111000 0 0 0 5481 61 0 0 0 0 0 0 21 300 0 0 11 0 0 0 0 37 0 0 0 0 0 0 0 39 0 0 6 0 0 601 0 1416 0 14 0 0 0 369 0 1502 0 12 0 0 0 0 0 0 0 0 0 0 0 0 0 0 0 0 231 0 0 0 7 0 0 0 5 0 0 0 0 0 0 0 0 0 0 0 6 0 0 0 0 0 0 0 0 0 1 0 0 0 
0 8 0 0 37 1556 0 0 17 0 13 0 0 0 0 0 116 0 0 100 0 0 4915 0 4113 4162 0 0 4843 0 13 186609 0 0 0 6040 61 0 0 0 0 0 0 43 752 0 0 13 0 0 0 0 35 0 0 0 0 0 0 0 24 0 0 29 0 0 2425 0 2073 0 44 0 0 0 1419 0 1711 0 35 0 0 0 0 0 0 6 0 0 0 0 0 4 0 0 0 712 0 0 0 15 0 0 0 12 0 11 0 0 0 0 0 0 0 0 0 12 0 0 0 0 0 0 0 0 0 5 0 0 0 
0 6 0 0 38 1368 0 0 9 0 8 0 0 0 0 0 119 0 0 58 0 0 2910 0 3492 4290 0 0 3560 0 3 176782 0 0 0 6735 74 0 0 0 0 0 0 29 539 0 0 21 0 0 0 0 37 0 0 0 0 0 0 0 43 0 0 13 0 0 1280 0 1882 0 29 0 0 0 1194 0 1785 0 30 0 0 0 0 0 0 3 0 0 0 0 0 3 0 0 0 610 0 0 0 10 0 0 0 9 0 7 0 0 0 0 0 0 0 0 0 9 0 0 0 0 0 0 0 0 0 0 0 0 0 
0 3 0 0 20 749 0 0 0 0 3 0 0 0 0 0 89 0 0 0 0 0 0 0 2599 2141 0 0 1916 0 0 102301 0 0 0 3975 39 0 0 0 0 0 0 0 0 0 0 0 0 0 0 0 24 0 0 0 0 0 0 0 19 0 0 0 0 0 634 0 1124 0 17 0 0 0 401 0 1014 0 12 0 0 0 0 0 0 0 0 0 0 0 0 0 0 0 0 229 0 0 0 5 0 0 0 2 0 0 0 0 0 0 0 0 0 0 0 4 0 0 0 0 0 0 0 0 0 1 0 0 0 
0 6 0 0 26 1496 0 0 7 0 9 0 0 0 0 0 94 0 0 37 0 0 2133 0 4046 2284 0 0 4954 0 3 189352 0 0 0 5536 38 0 0 0 0 0 0 25 560 0 0 3 0 0 0 0 33 0 0 0 0 0 0 0 18 0 0 7 0 0 1336 0 2257 0 19 0 0 0 1609 0 1183 0 26 0 0 0 0 0 0 1 0 0 0 0 0 4 0 0 0 889 0 0 0 16 0 0 0 12 0 5 0 0 0 0 0 0 0 0 0 6 0 0 0 0 0 0 0 0 0 4 0 0 0 
0 5 0 0 30 1317 0 0 6 0 5 0 0 0 0 0 93 0 0 41 0 0 1903 0 3490 2766 0 0 3851 0 2 180439 0 0 0 6445 56 0 0 0 0 0 0 21 543 0 0 8 0 0 0 0 39 0 0 0 0 0 0 0 28 0 0 5 0 0 736 0 2018 0 16 0 0 0 1003 0 1437 0 18 0 0 0 0 0 0 1 0 0 0 0 0 3 0 0 0 520 0 0 0 6 0 0 0 8 0 2 0 0 0 0 0 0 0 0 0 7 0 0 0 0 0 0 0 0 0 0 0 0 0 
0 8 0 0 39 1802 0 0 13 0 18 0 0 0 0 0 119 0 0 79 0 0 4007 0 4260 3835 0 0 4212 0 4 233724 0 0 0 7253 56 0 0 0 0 0 0 33 1026 0 0 12 0 0 0 0 30 0 0 0 0 0 0 0 25 0 0 28 0 0 3203 0 2043 0 58 0 0 0 2383 0 1522 0 53 0 0 0 0 0 0 10 0 0 0 0 0 12 0 0 0 1267 0 0 0 19 0 0 0 17 0 10 0 0 0 0 0 0 0 0 0 17 0 0 1 0 0 0 0 0 0 11 0 0 0 
0 7 0 0 40 1159 0 0 12 0 12 0 0 0 0 0 120 0 0 74 0 0 2769 0 3357 5858 0 0 4048 0 8 127114 0 0 0 4561 69 0 0 0 0 0 0 35 340 0 0 22 0 0 0 0 28 0 0 0 0 0 0 0 36 0 0 15 0 0 1795 0 1515 0 49 0 0 0 1661 0 1309 0 40 0 0 0 0 0 0 3 0 0 0 0 0 8 0 0 0 694 0 0 0 12 0 0 0 8 0 11 0 0 0 0 0 0 0 0 0 10 0 0 3 0 0 0 0 0 0 5 0 0 0 
0 9 0 0 41 1846 0 0 22 0 16 0 0 0 0 0 114 0 0 110 0 0 6304 0 4153 4971 0 0 5888 0 15 200227 0 0 0 6867 56 0 0 0 0 0 0 65 1436 0 0 21 0 0 0 0 44 0 0 0 0 0 0 0 31 0 0 51 0 0 2575 0 2240 0 63 0 0 0 1918 0 1683 0 42 0 0 0 0 0 0 5 0 0 0 0 0 11 0 0 0 920 0 0 0 20 0 0 0 9 0 10 0 0 0 0 0 0 0 0 0 8 0 0 1 0 0 0 0 0 0 5 0 0 0 
0 8 0 0 37 1660 0 0 15 0 16 0 0 0 0 0 104 0 0 75 0 0 4380 0 4216 4340 0 0 5497 0 10 188124 0 0 0 5943 45 0 0 0 0 0 0 35 865 0 0 17 0 0 0 0 43 0 0 0 0 0 0 0 30 0 0 23 0 0 2422 0 2155 0 57 0 0 0 2302 0 1374 0 58 0 0 0 0 0 0 6 0 0 0 0 0 14 0 0 0 1069 0 0 0 12 0 0 0 12 0 17 0 0 0 0 0 0 0 0 0 7 0 0 2 0 0 0 0 0 0 5 0 0 0 
0 7 0 0 42 1050 0 0 11 0 11 0 0 0 0 0 164 0 0 85 0 0 2354 0 3521 6087 0 0 2930 0 4 113125 0 0 0 4847 70 0 0 0 0 0 0 17 236 0 0 15 0 0 0 0 21 0 0 0 0 0 0 0 47 0 0 18 0 0 1630 0 1264 0 56 0 0 0 1249 0 1252 0 45 0 0 0 0 0 0 6 0 0 0 0 0 2 0 0 0 358 0 0 0 8 0 0 0 12 0 7 0 0 0 0 0 0 0 0 0 12 0 0 1 0 0 0 0 0 0 2 0 0 0 
0 9 0 0 46 1609 0 0 20 0 20 0 0 0 0 0 156 0 0 141 0 0 4996 0 4273 5467 0 0 3724 0 18 174315 0 0 0 6316 68 0 0 0 0 0 0 35 688 0 0 19 0 0 0 0 25 0 0 0 0 0 0 0 35 0 0 38 0 0 3460 0 1535 0 60 0 0 0 2541 0 1541 0 62 0 0 0 0 0 0 14 0 0 0 0 0 10 0 0 0 1183 0 0 0 21 0 0 0 15 0 18 0 0 0 0 0 0 0 0 0 23 0 0 3 0 0 0 0 0 0 14 0 0 0 
0 6 0 0 31 840 0 0 12 0 3 0 0 0 0 0 127 0 0 90 0 0 2734 0 2635 4109 0 0 4578 0 11 75349 0 0 0 3503 59 0 0 0 0 0 0 26 279 0 0 15 0 0 0 0 25 0 0 0 0 0 0 0 37 0 0 6 0 0 509 0 1516 0 2 0 0 0 201 0 914 0 7 0 0 0 0 0 0 3 0 0 0 0 0 0 0 0 0 87 0 0 0 9 0 0 0 1 0 0 0 0 0 0 0 0 0 0 0 0 0 0 0 0 0 0 0 0 0 0 0 0 0 
0 6 0 0 29 1353 0 0 11 0 4 0 0 0 0 0 98 0 0 64 0 0 3234 0 3661 2222 0 0 5032 0 8 166412 0 0 0 5875 49 0 0 0 0 0 0 36 676 0 0 5 0 0 0 0 39 0 0 0 0 0 0 0 22 0 0 9 0 0 555 0 2276 0 6 0 0 0 846 0 1105 0 11 0 0 0 0 0 0 0 0 0 0 0 0 2 0 0 0 374 0 0 0 12 0 0 0 6 0 0 0 0 0 0 0 0 0 0 0 6 0 0 0 0 0 0 0 0 0 1 0 0 0 
0 8 0 0 40 1397 0 0 17 0 14 0 0 0 0 0 151 0 0 91 0 0 4652 0 3854 5374 0 0 4588 0 11 139920 0 0 0 5203 59 0 0 0 0 0 0 36 699 0 0 25 0 0 0 0 37 0 0 0 0 0 0 0 34 0 0 34 0 0 1896 0 1805 0 55 0 0 0 1654 0 1530 0 48 0 0 0 0 0 0 4 0 0 0 0 0 6 0 0 0 616 0 0 0 13 0 0 0 10 0 15 0 0 0 0 0 0 0 0 0 10 0 0 1 0 0 0 0 0 0 3 0 0 0 
0 11 0 0 34 2405 0 0 26 0 34 0 0 0 0 0 100 0 0 91 0 0 7677 0 4864 3343 0 0 5587 0 17 284707 0 0 0 6260 35 0 0 0 0 0 0 51 1609 0 0 10 0 0 0 0 26 0 0 0 0 0 0 0 15 0 0 64 0 0 5730 0 2187 0 78 0 0 0 4963 0 1335 0 73 0 0 0 0 0 0 24 0 0 0 0 0 26 0 0 0 2448 0 0 0 27 0 0 0 26 0 52 0 0 0 0 0 0 0 0 0 12 0 0 5 0 0 0 0 0 0 26 0 0 0 
0 11 0 0 45 2275 0 0 37 0 20 0 0 0 0 0 110 0 0 177 0 0 10516 0 4570 4288 0 0 6192 0 55 262183 0 0 0 7809 62 0 0 0 0 0 0 99 2128 0 0 27 0 0 0 0 39 0 0 0 0 0 0 0 27 0 0 69 0 0 3274 0 2455 0 65 0 0 0 2783 0 1582 0 48 0 0 0 0 0 0 11 0 0 0 0 0 16 0 0 0 1421 0 0 0 20 0 0 0 16 0 29 0 0 0 0 0 0 0 0 0 7 0 0 0 0 0 0 0 0 0 3 0 0 0 
0 6 0 0 37 560 0 0 9 0 8 0 0 0 0 0 153 0 0 74 0 0 1102 0 2066 6520 0 0 1750 0 5 43618 0 0 0 2545 60 0 0 0 0 0 0 5 139 0 0 18 0 0 0 0 9 0 0 0 0 0 0 0 58 0 0 8 0 0 440 0 699 0 44 0 0 0 1046 0 680 0 30 0 0 0 0 0 0 4 0 0 0 0 0 6 0 0 0 100 0 0 0 0 0 0 0 9 0 6 0 0 0 0 0 0 0 0 0 9 0 0 0 0 0 0 0 0 0 0 0 0 0 
0 6 0 0 31 1484 0 0 7 0 9 0 0 0 0 0 114 0 0 41 0 0 2120 0 3920 3327 0 0 3847 0 0 189190 0 0 0 6294 43 0 0 0 0 0 0 19 631 0 0 5 0 0 0 0 33 0 0 0 0 0 0 0 29 0 0 14 0 0 1539 0 1960 0 30 0 0 0 1329 0 1467 0 32 0 0 0 0 0 0 0 0 0 0 0 0 2 0 0 0 833 0 0 0 13 0 0 0 12 0 2 0 0 0 0 0 0 0 0 0 9 0 0 0 0 0 0 0 0 0 6 0 0 0 
0 6 0 0 34 1260 0 0 12 0 3 0 0 0 0 0 109 0 0 71 0 0 3485 0 3527 3631 0 0 4937 0 10 142137 0 0 0 6068 63 0 0 0 0 0 0 51 693 0 0 9 0 0 0 0 47 0 0 0 0 0 0 0 30 0 0 8 0 0 506 0 1944 0 9 0 0 0 383 0 1489 0 11 0 0 0 0 0 0 0 0 0 0 0 0 0 0 0 0 251 0 0 0 8 0 0 0 6 0 2 0 0 0 0 0 0 0 0 0 7 0 0 0 0 0 0 0 0 0 0 0 0 0 
0 9 0 0 37 2034 0 0 26 0 10 0 0 0 0 0 102 0 0 127 0 0 7735 0 4357 3166 0 0 6008 0 33 254067 0 0 0 7393 56 0 0 0 0 0 0 73 1560 0 0 9 0 0 0 0 43 0 0 0 0 0 0 0 22 0 0 33 0 0 1663 0 2808 0 26 0 0 0 1775 0 1628 0 25 0 0 0 0 0 0 4 0 0 0 0 0 4 0 0 0 960 0 0 0 20 0 0 0 11 0 9 0 0 0 0 0 0 0 0 0 8 0 0 0 0 0 0 0 0 0 1 0 0 0 
0 6 0 0 34 1431 0 0 7 0 10 0 0 0 0 0 107 0 0 52 0 0 2183 0 3929 2991 0 0 3859 0 2 177004 0 0 0 6667 56 0 0 0 0 0 0 18 420 0 0 5 0 0 0 0 35 0 0 0 0 0 0 0 26 0 0 8 0 0 1736 0 1907 0 32 0 0 0 1780 0 1555 0 39 0 0 0 0 0 0 1 0 0 0 0 0 4 0 0 0 823 0 0 0 15 0 0 0 18 0 8 0 0 0 0 0 0 0 0 0 12 0 0 1 0 0 0 0 0 0 4 0 0 0 
0 3 0 0 22 859 0 0 0 0 4 0 0 0 0 0 82 0 0 0 0 0 0 0 2454 2180 0 0 2226 0 0 121918 0 0 0 4954 49 0 0 0 0 0 0 0 0 0 0 0 0 0 0 0 24 0 0 0 0 0 0 0 21 0 0 0 0 0 663 0 1442 0 11 0 0 0 753 0 1313 0 14 0 0 0 0 0 0 0 0 0 0 0 0 0 0 0 0 413 0 0 0 10 0 0 0 13 0 0 0 0 0 0 0 0 0 0 0 11 0 0 0 0 0 0 0 0 0 2 0 0 0 
0 6 0 0 29 1266 0 0 9 0 8 0 0 0 0 0 108 0 0 49 0 0 2674 0 3624 3452 0 0 4620 0 5 137714 0 0 0 4827 37 0 0 0 0 0 0 35 559 0 0 6 0 0 0 0 34 0 0 0 0 0 0 0 26 0 0 9 0 0 1259 0 1857 0 20 0 0 0 1055 0 1445 0 22 0 0 0 0 0 0 3 0 0 0 0 0 5 0 0 0 487 0 0 0 11 0 0 0 9 0 6 0 0 0 0 0 0 0 0 0 7 0 0 0 0 0 0 0 0 0 1 0 0 0 
0 9 0 0 29 2164 0 0 16 0 24 0 0 0 0 0 95 0 0 61 0 0 5017 0 4761 2423 0 0 5109 0 6 271441 0 0 0 6112 31 0 0 0 0 0 0 38 1320 0 0 6 0 0 0 0 29 0 0 0 0 0 0 0 12 0 0 32 0 0 3778 0 2292 0 50 0 0 0 3894 0 1108 0 56 0 0 0 0 0 0 11 0 0 0 0 0 18 0 0 0 2029 0 0 0 20 0 0 0 17 0 30 0 0 0 0 0 0 0 0 0 8 0 0 3 0 0 0 0 0 0 14 0 0 0 
0 9 0 0 44 1765 0 0 27 0 12 0 0 0 0 0 122 0 0 152 0 0 7283 0 4023 4708 0 0 5885 0 37 209194 0 0 0 6863 64 0 0 0 0 0 0 74 1372 0 0 27 0 0 0 0 35 0 0 0 0 0 0 0 35 0 0 44 0 0 1661 0 2206 0 38 0 0 0 1903 0 1480 0 39 0 0 0 0 0 0 4 0 0 0 0 0 6 0 0 0 886 0 0 0 11 0 0 0 18 0 12 0 0 0 0 0 0 0 0 0 5 0 0 1 0 0 0 0 0 0 2 0 0 0 
0 3 0 0 20 411 0 0 3 0 0 0 0 0 0 0 89 0 0 33 0 0 739 0 1454 2476 0 0 1412 0 1 39419 0 0 0 2522 46 0 0 0 0 0 0 5 39 0 0 2 0 0 0 0 16 0 0 0 0 0 0 0 30 0 0 0 0 0 0 0 662 0 0 0 0 0 0 0 570 0 0 0 0 0 0 0 0 0 0 0 0 0 0 0 0 0 0 0 0 0 0 0 0 0 0 0 0 0 0 0 0 0 0 0 0 0 0 0 0 0 0 0 0 0 0 0 0 0 0 0 0 
0 7 0 0 40 1180 0 0 15 0 8 0 0 0 0 0 145 0 0 112 0 0 3883 0 3351 5251 0 0 4402 0 10 122998 0 0 0 4869 68 0 0 0 0 0 0 34 555 0 0 18 0 0 0 0 43 0 0 0 0 0 0 0 42 0 0 26 0 0 1274 0 1794 0 27 0 0 0 833 0 1300 0 30 0 0 0 0 0 0 3 0 0 0 0 0 2 0 0 0 385 0 0 0 10 0 0 0 3 0 4 0 0 0 0 0 0 0 0 0 8 0 0 0 0 0 0 0 0 0 0 0 0 0 
0 8 0 0 36 1835 0 0 18 0 12 0 0 0 0 0 103 0 0 76 0 0 5419 0 4314 3233 0 0 5479 0 17 224790 0 0 0 6780 59 0 0 0 0 0 0 72 1011 0 0 12 0 0 0 0 29 0 0 0 0 0 0 0 18 0 0 27 0 0 1911 0 2504 0 26 0 0 0 2188 0 1517 0 30 0 0 0 0 0 0 1 0 0 0 0 0 7 0 0 0 1163 0 0 0 22 0 0 0 19 0 10 0 0 0 0 0 0 0 0 0 15 0 0 0 0 0 0 0 0 0 7 0 0 0 
318 9 821 2179 23 964 49780 817 22 20 19 626 664 1614 3571 4627 50 1311 3638 89 1698 82653 3360 190542 1583 1380 211275 201197 1485 594 20 64853 5139202 34541 267748 1899 22 4335 1925 24 917 1025 1035 13 440 32174 921 8 376 1745 1273 3650 5 33 37 63 8 1340 852 3107 4 950 1106 45 458 90965 1682 143662 576 1306 32 2676 394 55479 1718 143779 381 1324 31 2250 429 24 5 10 28 11 351 248 10 5 11 17 336 316 31807 674 25670 1206 388 11 900 1123 390 3 1213 22 281 314 682 21 9 8 28 348 676 5 1198 292 2 10 3 9 8 8 8 9 271 468 381 
0 7 0 0 45 1160 0 0 14 0 7 0 0 0 0 0 145 0 0 118 0 0 3681 0 3329 5545 0 0 5340 0 12 124951 0 0 0 6004 85 0 0 0 0 0 0 48 580 0 0 14 0 0 0 0 44 0 0 0 0 0 0 0 43 0 0 12 0 0 1168 0 1869 0 33 0 0 0 558 0 1361 0 34 0 0 0 0 0 0 3 0 0 0 0 0 2 0 0 0 179 0 0 0 9 0 0 0 6 0 5 0 0 0 0 0 0 0 0 0 5 0 0 0 0 0 0 0 0 0 1 0 0 0 
0 7 0 0 36 1646 0 0 10 0 12 0 0 0 0 0 120 0 0 64 0 0 3268 0 4163 3625 0 0 3649 0 3 215321 0 0 0 6887 62 0 0 0 0 0 0 25 713 0 0 12 0 0 0 0 36 0 0 0 0 0 0 0 32 0 0 14 0 0 2059 0 2031 0 37 0 0 0 1578 0 1561 0 40 0 0 0 0 0 0 4 0 0 0 0 0 3 0 0 0 1013 0 0 0 16 0 0 0 13 0 11 0 0 0 0 0 0 0 0 0 8 0 0 1 0 0 0 0 0 0 4 0 0 0 
0 10 0 0 47 2065 0 0 28 0 21 0 0 0 0 0 112 0 0 161 0 0 8180 0 4334 4680 0 0 6187 0 25 241662 0 0 0 7771 64 0 0 0 0 0 0 73 1577 0 0 27 0 0 0 0 39 0 0 0 0 0 0 0 30 0 0 71 0 0 3346 0 2495 0 72 0 0 0 2983 0 1785 0 64 0 0 0 0 0 0 10 0 0 0 0 0 14 0 0 0 1305 0 0 0 23 0 0 0 19 0 26 0 0 0 0 0 0 0 0 0 10 0 0 1 0 0 0 0 0 0 6 0 0 0 
0 7 0 0 45 1361 0 0 9 0 15 0 0 0 0 0 126 0 0 82 0 0 2344 0 3515 5726 0 0 4120 0 3 160235 0 0 0 6752 85 0 0 0 0 0 0 18 231 0 0 15 0 0 0 0 30 0 0 0 0 0 0 0 40 0 0 14 0 0 2840 0 1677 0 53 0 0 0 1966 0 1821 0 52 0 0 0 0 0 0 7 0 0 0 0 0 2 0 0 0 998 0 0 0 25 0 0 0 23 0 11 0 0 0 0 0 0 0 0 0 26 0 0 3 0 0 0 0 0 0 11 0 0 0 
0 8 0 0 40 1787 0 0 17 0 14 0 0 0 0 0 122 0 0 108 0 0 5046 0 3852 4020 0 0 4358 0 9 232642 0 0 0 7554 65 0 0 0 0 0 0 33 1029 0 0 14 0 0 0 0 36 0 0 0 0 0 0 0 25 0 0 39 0 0 2266 0 2211 0 50 0 0 0 2403 0 1922 0 46 0 0 0 0 0 0 5 0 0 0 0 0 6 0 0 0 1153 0 0 0 16 0 0 0 14 0 8 0 0 0 0 0 0 0 0 0 13 0 0 1 0 0 0 0 0 0 8 0 0 0 
0 9 0 0 43 1902 0 0 20 0 21 0 0 0 0 0 108 0 0 112 0 0 6062 0 3994 5116 0 0 5724 0 14 224950 0 0 0 7077 64 0 0 0 0 0 0 56 1301 0 0 21 0 0 0 0 37 0 0 0 0 0 0 0 27 0 0 45 0 0 3139 0 2306 0 70 0 0 0 2932 0 1910 0 61 0 0 0 0 0 0 11 0 0 0 0 0 13 0 0 0 1291 0 0 0 22 0 0 0 23 0 28 0 0 0 0 0 0 0 0 0 13 0 0 1 0 0 0 0 0 0 10 0 0 0 
0 5 0 0 24 1093 0 0 3 0 9 0 0 0 0 0 94 0 0 19 0 0 996 0 3167 2532 0 0 3720 0 0 129513 0 0 0 4197 41 0 0 0 0 0 0 9 147 0 0 0 0 0 0 0 24 0 0 0 0 0 0 0 19 0 0 3 0 0 1537 0 1649 0 25 0 0 0 1148 0 919 0 34 0 0 0 0 0 0 2 0 0 0 0 0 2 0 0 0 717 0 0 0 15 0 0 0 7 0 4 0 0 0 0 0 0 0 0 0 6 0 0 1 0 0 0 0 0 0 5 0 0 0 
0 9 0 0 50 1815 0 0 25 0 14 0 0 0 0 0 141 0 0 153 0 0 7227 0 3847 5839 0 0 5056 0 24 215224 0 0 0 7751 82 0 0 0 0 0 0 74 1392 0 0 35 0 0 0 0 38 0 0 0 0 0 0 0 40 0 0 59 0 0 2243 0 2333 0 53 0 0 0 1820 0 2077 0 48 0 0 0 0 0 0 4 0 0 0 0 0 4 0 0 0 807 0 0 0 19 0 0 0 12 0 11 0 0 0 0 0 0 0 0 0 17 0 0 0 0 0 0 0 0 0 3 0 0 0 
0 6 0 0 33 1497 0 0 9 0 7 0 0 0 0 0 95 0 0 67 0 0 2891 0 3920 3289 0 0 4687 0 4 192259 0 0 0 6613 60 0 0 0 0 0 0 30 722 0 0 7 0 0 0 0 38 0 0 0 0 0 0 0 27 0 0 9 0 0 1172 0 2194 0 28 0 0 0 1146 0 1548 0 22 0 0 0 0 0 0 1 0 0 0 0 0 3 0 0 0 666 0 0 0 7 0 0 0 5 0 7 0 0 0 0 0 0 0 0 0 5 0 0 0 0 0 0 0 0 0 0 0 0 0 
0 7 0 0 36 1690 0 0 16 0 6 0 0 0 0 0 100 0 0 88 0 0 4868 0 3805 3364 0 0 5528 0 16 213454 0 0 0 7116 56 0 0 0 0 0 0 61 1324 0 0 15 0 0 0 0 38 0 0 0 0 0 0 0 27 0 0 16 0 0 855 0 2470 0 20 0 0 0 983 0 1614 0 21 0 0 0 0 0 0 1 0 0 0 0 0 2 0 0 0 632 0 0 0 7 0 0 0 10 0 5 0 0 0 0 0 0 0 0 0 1 0 0 0 0 0 0 0 0 0 0 0 0 0 
0 8 0 0 34 1635 0 0 18 0 12 0 0 0 0 0 99 0 0 85 0 0 5238 0 4120 3802 0 0 6053 0 16 176395 0 0 0 6004 46 0 0 0 0 0 0 47 909 0 0 2 0 0 0 0 41 0 0 0 0 0 0 0 29 0 0 30 0 0 1994 0 2188 0 44 0 0 0 1528 0 1440 0 34 0 0 0 0 0 0 4 0 0 0 0 0 4 0 0 0 804 0 0 0 20 0 0 0 12 0 10 0 0 0 0 0 0 0 0 0 12 0 0 1 0 0 0 0 0 0 4 0 0 0 
0 8 0 0 39 1803 0 0 22 0 7 0 0 0 0 0 92 0 0 114 0 0 6613 0 4009 4008 0 0 6164 0 28 211140 0 0 0 7525 57 0 0 0 0 0 0 80 1495 0 0 13 0 0 0 0 42 0 0 0 0 0 0 0 33 0 0 24 0 0 1118 0 2599 0 22 0 0 0 1029 0 1783 0 22 0 0 0 0 0 0 1 0 0 0 0 0 3 0 0 0 588 0 0 0 11 0 0 0 10 0 6 0 0 0 0 0 0 0 0 0 9 0 0 0 0 0 0 0 0 0 0 0 0 0 
0 6 0 0 38 922 0 0 8 0 9 0 0 0 0 0 143 0 0 72 0 0 1604 0 2884 5746 0 0 2718 0 3 108948 0 0 0 4230 67 0 0 0 0 0 0 14 35 0 0 11 0 0 0 0 23 0 0 0 0 0 0 0 47 0 0 13 0 0 1510 0 1172 0 29 0 0 0 1102 0 999 0 36 0 0 0 0 0 0 3 0 0 0 0 0 0 0 0 0 677 0 0 0 11 0 0 0 9 0 1 0 0 0 0 0 0 0 0 0 12 0 0 3 0 0 0 0 0 0 6 0 0 0 
0 8 0 0 38 1244 0 0 14 0 14 0 0 0 0 0 134 0 0 79 0 0 3377 0 3634 5514 0 0 5400 0 6 132695 0 0 0 4461 53 0 0 0 0 0 0 40 495 0 0 14 0 0 0 0 30 0 0 0 0 0 0 0 34 0 0 21 0 0 2587 0 2082 0 45 0 0 0 1037 0 1117 0 54 0 0 0 0 0 0 9 0 0 0 0 0 9 0 0 0 338 0 0 0 17 0 0 0 4 0 6 0 0 0 0 0 0 0 0 0 4 0 0 0 0 0 0 0 0 0 5 0 0 0 
0 9 0 0 38 1824 0 0 22 0 15 0 0 0 0 0 120 0 0 118 0 0 6105 0 4251 3956 0 0 5747 0 20 216965 0 0 0 6242 49 0 0 0 0 0 0 56 1104 0 0 15 0 0 0 0 41 0 0 0 0 0 0 0 27 0 0 39 0 0 2465 0 2513 0 27 0 0 0 2120 0 1347 0 44 0 0 0 0 0 0 12 0 0 0 0 0 8 0 0 0 1077 0 0 0 24 0 0 0 13 0 5 0 0 0 0 0 0 0 0 0 9 0 0 0 0 0 0 0 0 0 7 0 0 0 
0 10 0 0 37 2134 0 0 22 0 29 0 0 0 0 0 98 0 0 98 0 0 6537 0 4692 3865 0 0 5718 0 18 256211 0 0 0 6454 36 0 0 0 0 0 0 55 1430 0 0 14 0 0 0 0 26 0 0 0 0 0 0 0 20 0 0 46 0 0 4546 0 2223 0 71 0 0 0 4264 0 1557 0 74 0 0 0 0 0 0 14 0 0 0 0 0 23 0 0 0 1794 0 0 0 21 0 0 0 26 0 41 0 0 0 0 0 0 0 0 0 13 0 0 5 0 0 0 0 0 0 26 0 0 0 
0 7 0 0 39 1604 0 0 9 0 13 0 0 0 0 0 121 0 0 58 0 0 2815 0 3903 4610 0 0 3735 0 1 214174 0 0 0 7300 73 0 0 0 0 0 0 20 597 0 0 15 0 0 0 0 32 0 0 0 0 0 0 0 31 0 0 13 0 0 2627 0 2055 0 40 0 0 0 1585 0 1922 0 36 0 0 0 0 0 0 7 0 0 0 0 0 3 0 0 0 949 0 0 0 23 0 0 0 18 0 10 0 0 0 0 0 0 0 0 0 23 0 0 0 0 0 0 0 0 0 6 0 0 0 
0 10 0 0 44 2154 0 0 25 0 23 0 0 0 0 0 122 0 0 120 0 0 7177 0 4520 4753 0 0 5045 0 21 259565 0 0 0 7966 61 0 0 0 0 0 0 57 1468 0 0 24 0 0 0 0 34 0 0 0 0 0 0 0 29 0 0 53 0 0 3991 0 2087 0 72 0 0 0 3270 0 1950 0 61 0 0 0 0 0 0 15 0 0 0 0 0 12 0 0 0 1679 0 0 0 26 0 0 0 25 0 31 0 0 0 0 0 0 0 0 0 18 0 0 3 0 0 0 0 0 0 10 0 0 0 
0 7 0 0 38 1634 0 0 12 0 11 0 0 0 0 0 105 0 0 72 0 0 3635 0 3863 4048 0 0 5512 0 7 199388 0 0 0 7155 63 0 0 0 0 0 0 45 912 0 0 10 0 0 0 0 43 0 0 0 0 0 0 0 30 0 0 17 0 0 1680 0 2239 0 32 0 0 0 1682 0 1604 0 33 0 0 0 0 0 0 2 0 0 0 0 0 5 0 0 0 946 0 0 0 17 0 0 0 17 0 10 0 0 0 0 0 0 0 0 0 15 0 0 1 0 0 0 0 0 0 4 0 0 0 
0 9 0 0 42 1736 0 0 24 0 15 0 0 0 0 0 129 0 0 141 0 0 6481 0 4276 4488 0 0 5180 0 28 200432 0 0 0 6763 61 0 0 0 0 0 0 56 1147 0 0 18 0 0 0 0 36 0 0 0 0 0 0 0 31 0 0 37 0 0 2614 0 1956 0 53 0 0 0 1937 0 1532 0 46 0 0 0 0 0 0 8 0 0 0 0 0 8 0 0 0 1007 0 0 0 11 0 0 0 13 0 20 0 0 0 0 0 0 0 0 0 10 0 0 1 0 0 0 0 0 0 4 0 0 0 
0 9 0 0 43 1900 0 0 28 0 10 0 0 0 0 0 126 0 0 166 0 0 8219 0 4034 4199 0 0 5649 0 38 224069 0 0 0 7701 66 0 0 0 0 0 0 71 1599 0 0 19 0 0 0 0 40 0 0 0 0 0 0 0 26 0 0 46 0 0 1531 0 2431 0 36 0 0 0 1463 0 1895 0 33 0 0 0 0 0 0 3 0 0 0 0 0 2 0 0 0 820 0 0 0 14 0 0 0 13 0 9 0 0 0 0 0 0 0 0 0 4 0 0 0 0 0 0 0 0 0 0 0 0 0 
0 7 0 0 31 1527 0 0 13 0 11 0 0 0 0 0 87 0 0 63 0 0 3985 0 3733 3324 0 0 6286 0 8 171835 0 0 0 5748 47 0 0 0 0 0 0 38 781 0 0 7 0 0 0 0 41 0 0 0 0 0 0 0 24 0 0 23 0 0 1668 0 2357 0 31 0 0 0 1539 0 1409 0 29 0 0 0 0 0 0 3 0 0 0 0 0 5 0 0 0 758 0 0 0 20 0 0 0 12 0 9 0 0 0 0 0 0 0 0 0 9 0 0 1 0 0 0 0 0 0 3 0 0 0 
0 8 0 0 39 1842 0 0 19 0 9 0 0 0 0 0 111 0 0 111 0 0 5671 0 4237 3583 0 0 4937 0 17 237934 0 0 0 7951 60 0 0 0 0 0 0 58 1288 0 0 13 0 0 0 0 43 0 0 0 0 0 0 0 31 0 0 26 0 0 1601 0 2397 0 28 0 0 0 1348 0 1662 0 26 0 0 0 0 0 0 2 0 0 0 0 0 3 0 0 0 826 0 0 0 12 0 0 0 10 0 6 0 0 0 0 0 0 0 0 0 10 0 0 0 0 0 0 0 0 0 2 0 0 0 
0 7 0 0 31 1365 0 0 14 0 8 0 0 0 0 0 116 0 0 76 0 0 4088 0 3822 3803 0 0 5039 0 10 139114 0 0 0 4756 49 0 0 0 0 0 0 35 621 0 0 10 0 0 0 0 35 0 0 0 0 0 0 0 26 0 0 18 0 0 1129 0 1941 0 24 0 0 0 1136 0 1246 0 22 0 0 0 0 0 0 0 0 0 0 0 0 3 0 0 0 539 0 0 0 9 0 0 0 7 0 7 0 0 0 0 0 0 0 0 0 3 0 0 0 0 0 0 0 0 0 2 0 0 0 
0 9 0 0 36 2162 0 0 16 0 27 0 0 0 0 0 93 0 0 85 0 0 4973 0 4848 2944 0 0 4966 0 9 265734 0 0 0 7477 39 0 0 0 0 0 0 33 1188 0 0 6 0 0 0 0 22 0 0 0 0 0 0 0 19 0 0 38 0 0 4358 0 1955 0 72 0 0 0 4263 0 1338 0 74 0 0 0 0 0 0 7 0 0 0 0 0 19 0 0 0 2287 0 0 0 20 0 0 0 30 0 33 0 0 0 0 0 0 0 0 0 15 0 0 6 0 0 0 0 0 0 28 0 0 0 
0 10 0 0 52 1769 0 0 38 0 9 0 0 0 0 0 149 0 0 238 0 0 9892 0 3944 6026 0 0 7025 0 72 181797 0 0 0 7168 79 0 0 0 0 0 0 124 1649 0 0 34 0 0 0 0 48 0 0 0 0 0 0 0 46 0 0 51 0 0 1293 0 2391 0 26 0 0 0 1079 0 1725 0 31 0 0 0 0 0 0 2 0 0 0 0 0 4 0 0 0 576 0 0 0 5 0 0 0 7 0 7 0 0 0 0 0 0 0 0 0 9 0 0 0 0 0 0 0 0 0 0 0 0 0 
0 10 0 0 41 2161 0 0 25 0 24 0 0 0 0 0 116 0 0 118 0 0 7456 0 4644 3939 0 0 5357 0 23 270677 0 0 0 6991 56 0 0 0 0 0 0 67 1347 0 0 21 0 0 0 0 32 0 0 0 0 0 0 0 23 0 0 49 0 0 3481 0 2534 0 59 0 0 0 4128 0 1406 0 67 0 0 0 0 0 0 18 0 0 0 0 0 24 0 0 0 1732 0 0 0 23 0 0 0 26 0 27 0 0 0 0 0 0 0 0 0 13 0 0 2 0 0 0 0 0 0 12 0 0 0 
0 5 0 0 33 700 0 0 7 0 4 0 0 0 0 0 131 0 0 65 0 0 1773 0 2324 4530 0 0 2589 0 3 75207 0 0 0 3782 56 0 0 0 0 0 0 21 245 0 0 6 0 0 0 0 23 0 0 0 0 0 0 0 46 0 0 7 0 0 416 0 1111 0 17 0 0 0 347 0 921 0 15 0 0 0 0 0 0 1 0 0 0 0 0 1 0 0 0 39 0 0 0 4 0 0 0 4 0 1 0 0 0 0 0 0 0 0 0 9 0 0 0 0 0 0 0 0 0 0 0 0 0 
89 6 334 449 45 471 3857 503 12 0 3 60 83 2084 1633 2245 120 945 1332 96 1665 91637 1439 30327 1122 7715 33488 22497 2942 835 11 23368 109006 19581 16429 2620 83 794 1585 33 226 1088 269 26 153 6560 419 34 32 0 0 0 28 0 0 0 16 195 22 178 73 128 147 6 629 7619 412 4044 442 483 9 249 367 6473 116 5939 1015 276 8 211 446 0 1 0 0 3 73 16 0 0 0 0 106 54 625 27 555 61 11 6 26 0 0 5 0 0 154 59 73 0 0 1 0 30 7 12 20 0 0 0 0 0 0 0 0 0 4 7 4 
0 6 0 0 36 1423 0 0 9 0 8 0 0 0 0 0 95 0 0 58 0 0 2962 0 3151 3677 0 0 3627 0 5 189072 0 0 0 6880 71 0 0 0 0 0 0 35 665 0 0 13 0 0 0 0 40 0 0 0 0 0 0 0 33 0 0 10 0 0 1205 0 2008 0 34 0 0 0 1302 0 2086 0 30 0 0 0 0 0 0 1 0 0 0 0 0 2 0 0 0 599 0 0 0 9 0 0 0 7 0 5 0 0 0 0 0 0 0 0 0 6 0 0 2 0 0 0 0 0 0 4 0 0 0 
0 7 0 0 37 1655 0 0 13 0 10 0 0 0 0 0 93 0 0 74 0 0 4225 0 3627 3795 0 0 4174 0 7 215549 0 0 0 7077 67 0 0 0 0 0 0 43 892 0 0 14 0 0 0 0 42 0 0 0 0 0 0 0 31 0 0 22 0 0 1553 0 2214 0 40 0 0 0 1587 0 2064 0 34 0 0 0 0 0 0 1 0 0 0 0 0 3 0 0 0 828 0 0 0 12 0 0 0 8 0 7 0 0 0 0 0 0 0 0 0 7 0 0 2 0 0 0 0 0 0 4 0 0 0 
0 9 0 0 41 1567 0 0 20 0 19 0 0 0 0 0 124 0 0 110 0 0 5349 0 3776 6048 0 0 4700 0 11 166944 0 0 0 5409 59 0 0 0 0 0 0 39 827 0 0 17 0 0 0 0 32 0 0 0 0 0 0 0 33 0 0 46 0 0 2645 0 1669 0 71 0 0 0 2425 0 2127 0 53 0 0 0 0 0 0 13 0 0 0 0 0 7 0 0 0 823 0 0 0 14 0 0 0 12 0 22 0 0 0 0 0 0 0 0 0 21 0 0 2 0 0 0 0 0 0 6 0 0 0 
0 5 0 0 17 664 0 0 8 0 2 0 0 0 0 0 91 0 0 44 0 0 1626 0 2382 2101 0 0 3632 0 5 50125 0 0 0 1748 26 0 0 0 0 0 0 10 194 0 0 3 0 0 0 0 7 0 0 0 0 0 0 0 7 0 0 4 0 0 322 0 960 0 1 0 0 0 154 0 509 0 2 0 0 0 0 0 0 1 0 0 0 0 0 0 0 0 0 78 0 0 0 5 0 0 0 1 0 0 0 0 0 0 0 0 0 0 0 0 0 0 0 0 0 0 0 0 0 0 0 0 0 
0 7 0 0 34 840 0 0 11 0 12 0 0 0 0 0 125 0 0 66 0 0 2218 0 3317 5489 0 0 3027 0 4 64242 0 0 0 2998 37 0 0 0 0 0 0 21 176 0 0 16 0 0 0 0 22 0 0 0 0 0 0 0 46 0 0 17 0 0 1287 0 768 0 45 0 0 0 1136 0 717 0 50 0 0 0 0 0 0 5 0 0 0 0 0 7 0 0 0 216 0 0 0 3 0 0 0 3 0 8 0 0 0 0 0 0 0 0 0 4 0 0 0 0 0 0 0 0 0 4 0 0 0 
0 6 0 0 34 1019 0 0 6 0 12 0 0 0 0 0 102 0 0 48 0 0 1396 0 3044 4526 0 0 3311 0 1 106041 0 0 0 4484 58 0 0 0 0 0 0 15 145 0 0 3 0 0 0 0 27 0 0 0 0 0 0 0 42 0 0 6 0 0 1917 0 1034 0 49 0 0 0 1315 0 1308 0 38 0 0 0 0 0 0 7 0 0 0 0 0 3 0 0 0 708 0 0 0 14 0 0 0 12 0 10 0 0 0 0 0 0 0 0 0 11 0 0 1 0 0 0 0 0 0 6 0 0 0 
0 6 0 0 25 845 0 0 7 0 8 0 0 0 0 0 109 0 0 44 0 0 1339 0 2959 2612 0 0 3452 0 2 92545 0 0 0 2710 41 0 0 0 0 0 0 10 151 0 0 4 0 0 0 0 16 0 0 0 0 0 0 0 15 0 0 7 0 0 1644 0 1175 0 25 0 0 0 511 0 672 0 21 0 0 0 0 0 0 3 0 0 0 0 0 4 0 0 0 207 0 0 0 12 0 0 0 1 0 1 0 0 0 0 0 0 0 0 0 3 0 0 0 0 0 0 0 0 0 3 0 0 0 
24 7 274 150 27 1147 267 88 16 2 6 9 15 1511 1087 553 111 819 367 92 344 9872 3740 1648 3498 3158 23685 4711 4343 115 17 120157 1848 21547 1516 3437 43 317 198 7 240 49 42 27 422 148 164 7 13 285 279 30 16 3 0 5 3 0 0 106 19 13 21 13 48 2824 1019 154 1457 33 12 40 451 1507 925 279 878 3 17 54 37 2 0 2 0 2 25 0 1 0 0 3 3 3 26 401 22 19 0 6 0 11 110 5 2 5 1 16 2 0 0 0 2 0 0 2 10 3 0 0 0 0 0 0 0 0 0 3 0 
0 4 0 0 21 651 0 0 3 0 3 0 0 0 0 0 102 0 0 24 0 0 696 0 2377 2165 0 0 2683 0 0 63926 0 0 0 2535 39 0 0 0 0 0 0 9 63 0 0 0 0 0 0 0 7 0 0 0 0 0 0 0 20 0 0 3 0 0 557 0 978 0 7 0 0 0 338 0 528 0 14 0 0 0 0 0 0 0 0 0 0 0 0 0 0 0 0 112 0 0 0 8 0 0 0 0 0 0 0 0 0 0 0 0 0 0 0 1 0 0 0 0 0 0 0 0 0 1 0 0 0 
0 7 0 0 40 816 0 0 10 0 14 0 0 0 0 0 134 0 0 73 0 0 1592 0 2616 6667 0 0 3399 0 4 75241 0 0 0 3722 65 0 0 0 0 0 0 16 175 0 0 18 0 0 0 0 29 0 0 0 0 0 0 0 55 0 0 13 0 0 1978 0 885 0 57 0 0 0 1064 0 1192 0 43 0 0 0 0 0 0 8 0 0 0 0 0 8 0 0 0 264 0 0 0 13 0 0 0 7 0 14 0 0 0 0 0 0 0 0 0 17 0 0 1 0 0 0 0 0 0 3 0 0 0 
0 6 0 0 31 766 0 0 7 0 10 0 0 0 0 0 134 0 0 45 0 0 1590 0 2868 4989 0 0 2919 0 1 65971 0 0 0 3118 41 0 0 0 0 0 0 17 177 0 0 7 0 0 0 0 15 0 0 0 0 0 0 0 29 0 0 10 0 0 1190 0 776 0 40 0 0 0 643 0 1013 0 34 0 0 0 0 0 0 3 0 0 0 0 0 5 0 0 0 157 0 0 0 6 0 0 0 1 0 8 0 0 0 0 0 0 0 0 0 12 0 0 0 0 0 0 0 0 0 2 0 0 0 
0 6 0 0 39 601 0 0 7 0 10 0 0 0 0 0 132 0 0 60 0 0 802 0 1771 7120 0 0 2979 0 4 49232 0 0 0 3093 74 0 0 0 0 0 0 8 132 0 0 16 0 0 0 0 21 0 0 0 0 0 0 0 54 0 0 0 0 0 1103 0 654 0 45 0 0 0 738 0 1035 0 28 0 0 0 0 0 0 5 0 0 0 0 0 8 0 0 0 181 0 0 0 12 0 0 0 7 0 12 0 0 0 0 0 0 0 0 0 14 0 0 0 0 0 0 0 0 0 0 0 0 0 
0 8 0 0 41 1493 0 0 19 0 11 0 0 0 0 0 131 0 0 128 0 0 5072 0 3633 4413 0 0 3526 0 18 170602 0 0 0 6568 66 0 0 0 0 0 0 37 863 0 0 17 0 0 0 0 36 0 0 0 0 0 0 0 40 0 0 30 0 0 1894 0 1531 0 49 0 0 0 1457 0 1821 0 38 0 0 0 0 0 0 4 0 0 0 0 0 4 0 0 0 655 0 0 0 10 0 0 0 8 0 11 0 0 0 0 0 0 0 0 0 7 0 0 0 0 0 0 0 0 0 1 0 0 0 
45 7 546 229 24 1095 963 159 13 2 9 27 83 2074 1690 664 104 1503 572 65 595 28993 2985 5258 3048 2630 32420 18394 3373 141 8 108321 13195 56154 3670 3058 33 329 1728 8 468 113 98 14 379 729 149 6 35 199 210 49 16 8 8 5 14 206 957 188 11 61 178 16 130 15475 1213 830 1209 221 21 65 744 5073 1271 2443 947 83 25 212 574 1 3 2 0 2 81 3 0 1 1 5 32 34 535 389 156 82 243 7 5 17 50 5 16 9 60 28 19 3 1 1 2 78 51 4 95 4 0 1 0 0 0 1 0 0 16 31 1 
0 8 0 0 31 1531 0 0 19 0 10 0 0 0 0 0 119 0 0 87 0 0 4942 0 4430 3340 0 0 5010 0 20 170245 0 0 0 4680 47 0 0 0 0 0 0 48 741 0 0 10 0 0 0 0 23 0 0 0 0 0 0 0 18 0 0 22 0 0 1930 0 1809 0 29 0 0 0 1382 0 1142 0 24 0 0 0 0 0 0 6 0 0 0 0 0 3 0 0 0 706 0 0 0 13 0 0 0 5 0 9 0 0 0 0 0 0 0 0 0 4 0 0 0 0 0 0 0 0 0 2 0 0 0 
0 6 0 0 26 982 0 0 8 0 8 0 0 0 0 0 121 0 0 45 0 0 1909 0 3625 3124 0 0 3087 0 4 85188 0 0 0 3227 31 0 0 0 0 0 0 16 325 0 0 5 0 0 0 0 17 0 0 0 0 0 0 0 21 0 0 5 0 0 1017 0 939 0 30 0 0 0 1074 0 905 0 25 0 0 0 0 0 0 2 0 0 0 0 0 6 0 0 0 319 0 0 0 7 0 0 0 5 0 7 0 0 0 0 0 0 0 0 0 3 0 0 0 0 0 0 0 0 0 0 0 0 0 
0 6 0 0 32 1166 0 0 12 0 4 0 0 0 0 0 125 0 0 72 0 0 3239 0 3395 3361 0 0 3900 0 10 134318 0 0 0 5031 59 0 0 0 0 0 0 41 639 0 0 12 0 0 0 0 26 0 0 0 0 0 0 0 21 0 0 10 0 0 781 0 1530 0 16 0 0 0 533 0 1459 0 12 0 0 0 0 0 0 1 0 0 0 0 0 1 0 0 0 221 0 0 0 6 0 0 0 3 0 2 0 0 0 0 0 0 0 0 0 4 0 0 0 0 0 0 0 0 0 0 0 0 0 
0 6 0 0 38 1375 0 0 8 0 8 0 0 0 0 0 106 0 0 55 0 0 2523 0 2992 4515 0 0 3922 0 3 179918 0 0 0 6792 79 0 0 0 0 0 0 23 527 0 0 13 0 0 0 0 41 0 0 0 0 0 0 0 32 0 0 9 0 0 1281 0 1952 0 31 0 0 0 1258 0 2179 0 24 0 0 0 0 0 0 2 0 0 0 0 0 1 0 0 0 624 0 0 0 13 0 0 0 11 0 8 0 0 0 0 0 0 0 0 0 17 0 0 0 0 0 0 0 0 0 1 0 0 0 
0 6 0 0 35 1381 0 0 9 0 7 0 0 0 0 0 105 0 0 66 0 0 2894 0 3218 3526 0 0 3232 0 4 182378 0 0 0 6709 69 0 0 0 0 0 0 25 623 0 0 10 0 0 0 0 40 0 0 0 0 0 0 0 33 0 0 10 0 0 1097 0 1915 0 29 0 0 0 1191 0 1992 0 26 0 0 0 0 0 0 0 0 0 0 0 0 3 0 0 0 489 0 0 0 9 0 0 0 6 0 5 0 0 0 0 0 0 0 0 0 6 0 0 1 0 0 0 0 0 0 1 0 0 0 
0 10 0 0 46 1858 0 0 32 0 14 0 0 0 0 0 133 0 0 190 0 0 8577 0 4409 4546 0 0 5377 0 48 202819 0 0 0 7022 66 0 0 0 0 0 0 78 1177 0 0 15 0 0 0 0 40 0 0 0 0 0 0 0 35 0 0 49 0 0 2340 0 2149 0 38 0 0 0 2136 0 1615 0 49 0 0 0 0 0 0 7 0 0 0 0 0 8 0 0 0 895 0 0 0 20 0 0 0 7 0 7 0 0 0 0 0 0 0 0 0 12 0 0 1 0 0 0 0 0 0 8 0 0 0 
0 8 0 0 38 1328 0 0 21 0 8 0 0 0 0 0 115 0 0 103 0 0 5463 0 3146 5881 0 0 5479 0 22 120110 0 0 0 4714 63 0 0 0 0 0 0 58 758 0 0 16 0 0 0 0 33 0 0 0 0 0 0 0 41 0 0 29 0 0 1159 0 1810 0 40 0 0 0 819 0 1916 0 16 0 0 0 0 0 0 3 0 0 0 0 0 3 0 0 0 323 0 0 0 8 0 0 0 5 0 5 0 0 0 0 0 0 0 0 0 12 0 0 0 0 0 0 0 0 0 0 0 0 0 
0 10 0 0 47 2059 0 0 31 0 16 0 0 0 0 0 114 0 0 188 0 0 8853 0 4128 4351 0 0 5412 0 39 252796 0 0 0 7949 70 0 0 0 0 0 0 75 1771 0 0 21 0 0 0 0 38 0 0 0 0 0 0 0 32 0 0 58 0 0 2790 0 2471 0 49 0 0 0 2198 0 1922 0 46 0 0 0 0 0 0 5 0 0 0 0 0 13 0 0 0 997 0 0 0 19 0 0 0 13 0 15 0 0 0 0 0 0 0 0 0 10 0 0 2 0 0 0 0 0 0 5 0 0 0 
0 9 0 0 42 2070 0 0 24 0 12 0 0 0 0 0 108 0 0 129 0 0 7333 0 4185 3928 0 0 5510 0 25 261118 0 0 0 7915 65 0 0 0 0 0 0 71 1541 0 0 20 0 0 0 0 42 0 0 0 0 0 0 0 27 0 0 37 0 0 2072 0 2628 0 32 0 0 0 1840 0 2081 0 36 0 0 0 0 0 0 3 0 0 0 0 0 5 0 0 0 1085 0 0 0 15 0 0 0 16 0 11 0 0 0 0 0 0 0 0 0 11 0 0 1 0 0 0 0 0 0 2 0 0 0 
0 8 0 0 44 1106 0 0 15 0 17 0 0 0 0 0 138 0 0 94 0 0 3080 0 3245 6652 0 0 4133 0 8 111423 0 0 0 4780 72 0 0 0 0 0 0 37 290 0 0 23 0 0 0 0 23 0 0 0 0 0 0 0 43 0 0 30 0 0 2750 0 1230 0 68 0 0 0 1290 0 1507 0 51 0 0 0 0 0 0 10 0 0 0 0 0 9 0 0 0 587 0 0 0 16 0 0 0 11 0 16 0 0 0 0 0 0 0 0 0 19 0 0 0 0 0 0 0 0 0 8 0 0 0 
45 9 564 333 36 1536 966 172 21 3 16 24 69 2214 2990 1121 113 1483 848 113 665 18125 5189 5752 3958 4196 54506 20663 3512 218 18 149877 13247 57475 5986 4811 34 663 1970 32 967 166 130 37 718 763 290 6 153 471 511 74 19 10 7 8 10 0 429 448 26 42 145 39 91 12571 2788 854 1265 227 48 148 782 3689 1716 2247 1313 50 50 249 257 8 3 4 0 5 87 3 0 4 1 5 45 17 350 819 86 115 155 12 0 11 209 7 38 10 65 31 22 0 2 0 7 0 15 12 120 8 0 1 0 0 1 1 0 14 10 29 0 
0 6 0 0 31 941 0 0 14 0 1 0 0 0 0 0 116 0 0 86 0 0 3371 0 2856 4187 0 0 5285 0 16 78421 0 0 0 3459 57 0 0 0 0 0 0 43 465 0 0 14 0 0 0 0 25 0 0 0 0 0 0 0 25 0 0 4 0 0 152 0 1486 0 1 0 0 0 128 0 971 0 2 0 0 0 0 0 0 0 0 0 0 0 0 0 0 0 0 48 0 0 0 4 0 0 0 0 0 0 0 0 0 0 0 0 0 0 0 0 0 0 0 0 0 0 0 0 0 0 0 0 0 
0 9 0 0 45 1044 0 0 26 0 12 0 0 0 0 0 164 0 0 161 0 0 4977 0 3142 8181 0 0 4944 0 28 82571 0 0 0 3033 66 0 0 0 0 0 0 48 512 0 0 29 0 0 0 0 28 0 0 0 0 0 0 0 57 0 0 49 0 0 1477 0 1426 0 42 0 0 0 743 0 992 0 40 0 0 0 0 0 0 5 0 0 0 0 0 8 0 0 0 177 0 0 0 14 0 0 0 2 0 9 0 0 0 0 0 0 0 0 0 10 0 0 0 0 0 0 0 0 0 0 0 0 0 
0 8 0 0 39 1295 0 0 18 0 12 0 0 0 0 0 146 0 0 124 0 0 4267 0 4044 5338 0 0 3878 0 14 127825 0 0 0 4344 56 0 0 0 0 0 0 28 492 0 0 15 0 0 0 0 29 0 0 0 0 0 0 0 38 0 0 32 0 0 1715 0 1519 0 29 0 0 0 1693 0 1297 0 42 0 0 0 0 0 0 5 0 0 0 0 0 6 0 0 0 482 0 0 0 15 0 0 0 9 0 10 0 0 0 0 0 0 0 0 0 10 0 0 0 0 0 0 0 0 0 2 0 0 0 
0 6 0 0 33 1181 0 0 9 0 7 0 0 0 0 0 106 0 0 58 0 0 2476 0 3116 4003 0 0 3977 0 5 132508 0 0 0 5516 63 0 0 0 0 0 0 27 383 0 0 5 0 0 0 0 34 0 0 0 0 0 0 0 32 0 0 9 0 0 1179 0 1502 0 30 0 0 0 744 0 1769 0 17 0 0 0 0 0 0 1 0 0 0 0 0 1 0 0 0 534 0 0 0 10 0 0 0 11 0 5 0 0 0 0 0 0 0 0 0 12 0 0 0 0 0 0 0 0 0 3 0 0 0 
0 6 0 0 32 937 0 0 9 0 6 0 0 0 0 0 124 0 0 63 0 0 2104 0 2798 4169 0 0 2803 0 4 89975 0 0 0 4358 52 0 0 0 0 0 0 19 302 0 0 5 0 0 0 0 32 0 0 0 0 0 0 0 42 0 0 8 0 0 905 0 981 0 32 0 0 0 545 0 1414 0 16 0 0 0 0 0 0 2 0 0 0 0 0 2 0 0 0 255 0 0 0 6 0 0 0 5 0 4 0 0 0 0 0 0 0 0 0 7 0 0 0 0 0 0 0 0 0 0 0 0 0 
0 9 0 0 59 1125 0 0 25 0 13 0 0 0 0 0 180 0 0 194 0 0 5160 0 3036 9323 0 0 3872 0 27 93099 0 0 0 5798 112 0 0 0 0 0 0 49 447 0 0 53 0 0 0 0 33 0 0 0 0 0 0 0 68 0 0 43 0 0 1556 0 1097 0 63 0 0 0 1039 0 1882 0 51 0 0 0 0 0 0 5 0 0 0 0 0 7 0 0 0 288 0 0 0 13 0 0 0 6 0 16 0 0 0 0 0 0 0 0 0 13 0 0 0 0 0 0 0 0 0 1 0 0 0 
0 3 0 0 21 394 0 0 2 0 1 0 0 0 0 0 77 0 0 18 0 0 421 0 1402 3579 0 0 2129 0 0 30651 0 0 0 2087 47 0 0 0 0 0 0 3 18 0 0 4 0 0 0 0 12 0 0 0 0 0 0 0 20 0 0 1 0 0 177 0 488 0 7 0 0 0 86 0 696 0 3 0 0 0 0 0 0 0 0 0 0 0 0 0 0 0 0 32 0 0 0 2 0 0 0 1 0 0 0 0 0 0 0 0 0 0 0 0 0 0 0 0 0 0 0 0 0 0 0 0 0 
0 8 0 0 45 1125 0 0 21 0 8 0 0 0 0 0 142 0 0 142 0 0 4347 0 2922 7172 0 0 3969 0 23 111070 0 0 0 4526 93 0 0 0 0 0 0 33 473 0 0 36 0 0 0 0 31 0 0 0 0 0 0 0 39 0 0 29 0 0 1296 0 1399 0 26 0 0 0 785 0 1439 0 24 0 0 0 0 0 0 3 0 0 0 0 0 1 0 0 0 382 0 0 0 13 0 0 0 5 0 5 0 0 0 0 0 0 0 0 0 13 0 0 0 0 0 0 0 0 0 1 0 0 0 
0 8 0 0 47 1083 0 0 21 0 7 0 0 0 0 0 151 0 0 139 0 0 3952 0 2735 8098 0 0 4115 0 26 109302 0 0 0 4646 87 0 0 0 0 0 0 36 427 0 0 41 0 0 0 0 30 0 0 0 0 0 0 0 53 0 0 20 0 0 1441 0 1361 0 19 0 0 0 535 0 1377 0 28 0 0 0 0 0 0 5 0 0 0 0 0 1 0 0 0 377 0 0 0 15 0 0 0 6 0 2 0 0 0 0 0 0 0 0 0 13 0 0 0 0 0 0 0 0 0 2 0 0 0 
0 6 0 0 38 984 0 0 11 0 4 0 0 0 0 0 114 0 0 82 0 0 2897 0 2449 5285 0 0 3062 0 8 115737 0 0 0 5221 84 0 0 0 0 0 0 24 349 0 0 22 0 0 0 0 28 0 0 0 0 0 0 0 40 0 0 8 0 0 670 0 1311 0 22 0 0 0 309 0 1633 0 14 0 0 0 0 0 0 0 0 0 0 0 0 2 0 0 0 157 0 0 0 9 0 0 0 4 0 2 0 0 0 0 0 0 0 0 0 2 0 0 0 0 0 0 0 0 0 0 0 0 0 
0 6 0 0 38 986 0 0 10 0 5 0 0 0 0 0 119 0 0 60 0 0 2110 0 2616 6549 0 0 3924 0 7 106265 0 0 0 4268 74 0 0 0 0 0 0 21 352 0 0 25 0 0 0 0 28 0 0 0 0 0 0 0 41 0 0 7 0 0 960 0 1397 0 13 0 0 0 436 0 1299 0 19 0 0 0 0 0 0 1 0 0 0 0 0 1 0 0 0 348 0 0 0 11 0 0 0 6 0 3 0 0 0 0 0 0 0 0 0 9 0 0 0 0 0 0 0 0 0 1 0 0 0 
0 7 0 0 43 973 0 0 15 0 6 0 0 0 0 0 122 0 0 93 0 0 3049 0 2520 7249 0 0 4327 0 13 100780 0 0 0 4801 84 0 0 0 0 0 0 34 262 0 0 36 0 0 0 0 32 0 0 0 0 0 0 0 48 0 0 15 0 0 1205 0 1423 0 21 0 0 0 485 0 1478 0 22 0 0 0 0 0 0 3 0 0 0 0 0 2 0 0 0 269 0 0 0 10 0 0 0 8 0 1 0 0 0 0 0 0 0 0 0 11 0 0 0 0 0 0 0 0 0 1 0 0 0 
0 7 0 0 27 1419 0 0 15 0 6 0 0 0 0 0 90 0 0 71 0 0 4370 0 4009 2953 0 0 5746 0 13 164412 0 0 0 4274 38 0 0 0 0 0 0 36 756 0 0 11 0 0 0 0 30 0 0 0 0 0 0 0 12 0 0 14 0 0 1053 0 2252 0 13 0 0 0 900 0 1139 0 21 0 0 0 0 0 0 4 0 0 0 0 0 2 0 0 0 325 0 0 0 7 0 0 0 3 0 2 0 0 0 0 0 0 0 0 0 0 0 0 0 0 0 0 0 0 0 0 0 0 0 
0 8 0 0 50 484 0 0 24 0 4 0 0 0 0 0 202 0 0 226 0 0 2356 0 1638 9015 0 0 2385 0 35 20825 0 0 0 2242 103 0 0 0 0 0 0 22 139 0 0 36 0 0 0 0 16 0 0 0 0 0 0 0 59 0 0 18 0 0 235 0 254 0 22 0 0 0 375 0 636 0 13 0 0 0 0 0 0 0 0 0 0 0 0 1 0 0 0 60 0 0 0 4 0 0 0 4 0 2 0 0 0 0 0 0 0 0 0 2 0 0 0 0 0 0 0 0 0 0 0 0 0 
0 7 0 0 39 1007 0 0 16 0 5 0 0 0 0 0 130 0 0 106 0 0 3276 0 2660 6313 0 0 3756 0 16 106803 0 0 0 4105 72 0 0 0 0 0 0 28 344 0 0 27 0 0 0 0 29 0 0 0 0 0 0 0 37 0 0 14 0 0 987 0 1397 0 15 0 0 0 459 0 1306 0 21 0 0 0 0 0 0 2 0 0 0 0 0 1 0 0 0 300 0 0 0 10 0 0 0 3 0 1 0 0 0 0 0 0 0 0 0 8 0 0 0 0 0 0 0 0 0 1 0 0 0 
0 5 0 0 27 447 0 0 9 0 1 0 0 0 0 0 91 0 0 74 0 0 1518 0 1176 4155 0 0 2620 0 7 43350 0 0 0 2508 60 0 0 0 0 0 0 12 92 0 0 13 0 0 0 0 21 0 0 0 0 0 0 0 30 0 0 3 0 0 55 0 694 0 2 0 0 0 15 0 837 0 1 0 0 0 0 0 0 0 0 0 0 0 0 0 0 0 0 3 0 0 0 0 0 0 0 0 0 0 0 0 0 0 0 0 0 0 0 0 0 0 0 0 0 0 0 0 0 0 0 0 0 
0 8 0 0 47 1373 0 0 17 0 12 0 0 0 0 0 141 0 0 127 0 0 4561 0 3706 6207 0 0 3312 0 12 156999 0 0 0 6390 89 0 0 0 0 0 0 29 542 0 0 31 0 0 0 0 29 0 0 0 0 0 0 0 49 0 0 25 0 0 2013 0 1476 0 49 0 0 0 1426 0 1791 0 46 0 0 0 0 0 0 7 0 0 0 0 0 6 0 0 0 503 0 0 0 15 0 0 0 12 0 11 0 0 0 0 0 0 0 0 0 5 0 0 0 0 0 0 0 0 0 1 0 0 0 
0 6 0 0 24 1104 0 0 11 0 4 0 0 0 0 0 77 0 0 49 0 0 2946 0 2878 3478 0 0 4883 0 7 123267 0 0 0 3361 38 0 0 0 0 0 0 19 384 0 0 13 0 0 0 0 30 0 0 0 0 0 0 0 16 0 0 10 0 0 591 0 1953 0 5 0 0 0 591 0 1115 0 14 0 0 0 0 0 0 1 0 0 0 0 0 1 0 0 0 301 0 0 0 9 0 0 0 2 0 1 0 0 0 0 0 0 0 0 0 3 0 0 0 0 0 0 0 0 0 0 0 0 0 
0 11 0 0 41 2219 0 0 31 0 28 0 0 0 0 0 94 0 0 143 0 0 8959 0 4358 4974 0 0 6507 0 31 254596 0 0 0 6686 55 0 0 0 0 0 0 56 1571 0 0 18 0 0 0 0 40 0 0 0 0 0 0 0 22 0 0 68 0 0 4354 0 2394 0 64 0 0 0 4060 0 1849 0 68 0 0 0 0 0 0 20 0 0 0 0 0 24 0 0 0 1650 0 0 0 28 0 0 0 26 0 49 0 0 0 0 0 0 0 0 0 21 0 0 0 0 0 0 0 0 0 12 0 0 0 
0 9 0 0 48 1740 0 0 21 0 18 0 0 0 0 0 103 0 0 129 0 0 5833 0 3637 6336 0 0 4951 0 12 209384 0 0 0 7242 87 0 0 0 0 0 0 46 877 0 0 33 0 0 0 0 42 0 0 0 0 0 0 0 31 0 0 50 0 0 2879 0 2038 0 54 0 0 0 2622 0 2305 0 55 0 0 0 0 0 0 8 0 0 0 0 0 7 0 0 0 1034 0 0 0 19 0 0 0 17 0 23 0 0 0 0 0 0 0 0 0 29 0 0 1 0 0 0 0 0 0 5 0 0 0 
0 9 0 0 44 1285 0 0 24 0 13 0 0 0 0 0 152 0 0 150 0 0 5351 0 3525 7287 0 0 4288 0 26 124104 0 0 0 4206 74 0 0 0 0 0 0 30 556 0 0 31 0 0 0 0 29 0 0 0 0 0 0 0 57 0 0 39 0 0 1807 0 1623 0 35 0 0 0 1480 0 1276 0 41 0 0 0 0 0 0 5 0 0 0 0 0 7 0 0 0 350 0 0 0 18 0 0 0 9 0 11 0 0 0 0 0 0 0 0 0 7 0 0 0 0 0 0 0 0 0 3 0 0 0 
0 9 0 0 39 1544 0 0 19 0 18 0 0 0 0 0 117 0 0 111 0 0 4608 0 3865 4812 0 0 4738 0 11 179370 0 0 0 5320 66 0 0 0 0 0 0 30 451 0 0 17 0 0 0 0 35 0 0 0 0 0 0 0 16 0 0 38 0 0 2974 0 2168 0 48 0 0 0 2533 0 1661 0 50 0 0 0 0 0 0 10 0 0 0 0 0 8 0 0 0 904 0 0 0 24 0 0 0 13 0 13 0 0 0 0 0 0 0 0 0 15 0 0 1 0 0 0 0 0 0 10 0 0 0 
0 11 0 0 50 1656 0 0 37 0 21 0 0 0 0 0 128 0 0 213 0 0 8220 0 4080 7670 0 0 5460 0 58 165847 0 0 0 5385 74 0 0 0 0 0 0 56 899 0 0 40 0 0 0 0 30 0 0 0 0 0 0 0 42 0 0 69 0 0 3507 0 1810 0 60 0 0 0 2501 0 1743 0 57 0 0 0 0 0 0 17 0 0 0 0 0 13 0 0 0 864 0 0 0 23 0 0 0 18 0 24 0 0 0 0 0 0 0 0 0 20 0 0 4 0 0 0 0 0 0 9 0 0 0 
0 8 0 0 51 1451 0 0 16 0 12 0 0 0 0 0 139 0 0 108 0 0 4249 0 3158 7366 0 0 3995 0 10 176992 0 0 0 7216 105 0 0 0 0 0 0 32 596 0 0 41 0 0 0 0 36 0 0 0 0 0 0 0 49 0 0 24 0 0 2083 0 1815 0 43 0 0 0 1427 0 2378 0 31 0 0 0 0 0 0 4 0 0 0 0 0 4 0 0 0 580 0 0 0 17 0 0 0 18 0 10 0 0 0 0 0 0 0 0 0 32 0 0 0 0 0 0 0 0 0 4 0 0 0 
0 4 0 0 21 421 0 0 4 0 2 0 0 0 0 0 98 0 0 30 0 0 758 0 1843 3324 0 0 2208 0 1 23876 0 0 0 1690 38 0 0 0 0 0 0 6 78 0 0 2 0 0 0 0 16 0 0 0 0 0 0 0 19 0 0 2 0 0 184 0 357 0 13 0 0 0 128 0 487 0 9 0 0 0 0 0 0 0 0 0 0 0 0 0 0 0 0 15 0 0 0 0 0 0 0 1 0 1 0 0 0 0 0 0 0 0 0 1 0 0 0 0 0 0 0 0 0 0 0 0 0 
0 7 0 0 26 1281 0 0 15 0 6 0 0 0 0 0 80 0 0 63 0 0 3961 0 3436 3108 0 0 5866 0 12 145115 0 0 0 3856 33 0 0 0 0 0 0 27 566 0 0 12 0 0 0 0 33 0 0 0 0 0 0 0 14 0 0 16 0 0 940 0 2200 0 12 0 0 0 853 0 1054 0 22 0 0 0 0 0 0 2 0 0 0 0 0 4 0 0 0 387 0 0 0 10 0 0 0 3 0 1 0 0 0 0 0 0 0 0 0 3 0 0 0 0 0 0 0 0 0 0 0 0 0 
0 7 0 0 32 1266 0 0 12 0 9 0 0 0 0 0 104 0 0 71 0 0 3417 0 3489 4126 0 0 4645 0 7 135213 0 0 0 4365 48 0 0 0 0 0 0 25 574 0 0 8 0 0 0 0 35 0 0 0 0 0 0 0 33 0 0 13 0 0 1325 0 1872 0 25 0 0 0 1063 0 1110 0 35 0 0 0 0 0 0 2 0 0 0 0 0 4 0 0 0 304 0 0 0 14 0 0 0 4 0 7 0 0 0 0 0 0 0 0 0 3 0 0 0 0 0 0 0 0 0 2 0 0 0 
0 4 0 0 24 537 0 0 3 0 3 0 0 0 0 0 83 0 0 21 0 0 753 0 1559 3961 0 0 2865 0 0 51404 0 0 0 2876 48 0 0 0 0 0 0 5 59 0 0 6 0 0 0 0 26 0 0 0 0 0 0 0 29 0 0 2 0 0 414 0 830 0 13 0 0 0 206 0 1086 0 15 0 0 0 0 0 0 0 0 0 0 0 0 1 0 0 0 57 0 0 0 1 0 0 0 2 0 1 0 0 0 0 0 0 0 0 0 3 0 0 0 0 0 0 0 0 0 0 0 0 0 
147 6 562 642 31 820 10582 601 10 8 5 149 234 1681 1594 2469 80 1383 1366 48 1974 86475 1851 66269 1549 4113 73215 60274 2139 721 5 87570 500058 38601 35495 3269 46 835 1809 13 473 939 352 20 275 9950 468 19 50 771 971 631 23 32 20 15 6 394 167 329 34 352 511 10 514 45518 990 15640 998 864 14 396 480 20544 439 21002 950 493 12 518 615 7 1 5 4 3 224 12 5 4 2 1 173 99 6380 122 2801 239 158 5 123 248 249 5 220 1 238 135 174 2 11 5 4 125 33 10 106 61 0 1 0 1 2 0 0 0 32 53 31 
0 5 0 0 31 779 0 0 8 0 2 0 0 0 0 0 112 0 0 69 0 0 1861 0 2585 4735 0 0 3124 0 5 80350 0 0 0 3599 63 0 0 0 0 0 0 15 181 0 0 8 0 0 0 0 31 0 0 0 0 0 0 0 35 0 0 4 0 0 260 0 1027 0 10 0 0 0 381 0 1149 0 7 0 0 0 0 0 0 0 0 0 0 0 0 0 0 0 0 119 0 0 0 3 0 0 0 3 0 1 0 0 0 0 0 0 0 0 0 4 0 0 0 0 0 0 0 0 0 0 0 0 0 
0 8 0 0 50 1372 0 0 19 0 9 0 0 0 0 0 141 0 0 119 0 0 4489 0 3219 7241 0 0 4447 0 17 166105 0 0 0 6259 106 0 0 0 0 0 0 42 623 0 0 47 0 0 0 0 33 0 0 0 0 0 0 0 43 0 0 26 0 0 2074 0 1842 0 28 0 0 0 710 0 1763 0 28 0 0 0 0 0 0 5 0 0 0 0 0 3 0 0 0 515 0 0 0 18 0 0 0 8 0 3 0 0 0 0 0 0 0 0 0 18 0 0 0 0 0 0 0 0 0 2 0 0 0 
0 10 0 0 53 1616 0 0 30 0 15 0 0 0 0 0 152 0 0 187 0 0 6978 0 3679 8005 0 0 4591 0 40 179601 0 0 0 6587 99 0 0 0 0 0 0 46 897 0 0 54 0 0 0 0 27 0 0 0 0 0 0 0 48 0 0 46 0 0 2714 0 1725 0 48 0 0 0 1377 0 1813 0 43 0 0 0 0 0 0 6 0 0 0 0 0 8 0 0 0 809 0 0 0 22 0 0 0 14 0 14 0 0 0 0 0 0 0 0 0 16 0 0 1 0 0 0 0 0 0 5 0 0 0 
0 8 0 0 35 798 0 0 20 0 9 0 0 0 0 0 160 0 0 131 0 0 3428 0 3141 5236 0 0 2626 0 17 53857 0 0 0 2663 45 0 0 0 0 0 0 17 267 0 0 9 0 0 0 0 16 0 0 0 0 0 0 0 35 0 0 36 0 0 1027 0 576 0 32 0 0 0 648 0 592 0 35 0 0 0 0 0 0 2 0 0 0 0 0 1 0 0 0 101 0 0 0 5 0 0 0 3 0 5 0 0 0 0 0 0 0 0 0 6 0 0 0 0 0 0 0 0 0 1 0 0 0 
0 9 0 0 53 1131 0 0 28 0 9 0 0 0 0 0 150 0 0 181 0 0 4881 0 2811 9290 0 0 4997 0 42 109755 0 0 0 4486 96 0 0 0 0 0 0 53 559 0 0 60 0 0 0 0 35 0 0 0 0 0 0 0 55 0 0 35 0 0 1453 0 1457 0 19 0 0 0 981 0 1455 0 31 0 0 0 0 0 0 3 0 0 0 0 0 2 0 0 0 433 0 0 0 14 0 0 0 10 0 7 0 0 0 0 0 0 0 0 0 14 0 0 0 0 0 0 0 0 0 2 0 0 0 
0 8 0 0 46 1325 0 0 18 0 10 0 0 0 0 0 135 0 0 114 0 0 3795 0 3220 7117 0 0 3907 0 18 155110 0 0 0 5688 83 0 0 0 0 0 0 25 521 0 0 32 0 0 0 0 32 0 0 0 0 0 0 0 41 0 0 21 0 0 1933 0 1757 0 28 0 0 0 1266 0 1706 0 34 0 0 0 0 0 0 2 0 0 0 0 0 3 0 0 0 599 0 0 0 17 0 0 0 14 0 7 0 0 0 0 0 0 0 0 0 20 0 0 0 0 0 0 0 0 0 5 0 0 0 
0 6 0 0 36 856 0 0 9 0 6 0 0 0 0 0 120 0 0 59 0 0 1820 0 2455 6204 0 0 3087 0 4 88162 0 0 0 3826 67 0 0 0 0 0 0 14 187 0 0 20 0 0 0 0 21 0 0 0 0 0 0 0 39 0 0 10 0 0 785 0 1124 0 19 0 0 0 684 0 1276 0 20 0 0 0 0 0 0 0 0 0 0 0 0 1 0 0 0 297 0 0 0 9 0 0 0 9 0 3 0 0 0 0 0 0 0 0 0 9 0 0 1 0 0 0 0 0 0 1 0 0 0 
0 7 0 0 43 1033 0 0 15 0 6 0 0 0 0 0 140 0 0 103 0 0 2984 0 2734 6979 0 0 3569 0 14 108052 0 0 0 4550 83 0 0 0 0 0 0 22 363 0 0 30 0 0 0 0 28 0 0 0 0 0 0 0 45 0 0 14 0 0 1190 0 1339 0 16 0 0 0 521 0 1357 0 23 0 0 0 0 0 0 2 0 0 0 0 0 1 0 0 0 373 0 0 0 14 0 0 0 5 0 2 0 0 0 0 0 0 0 0 0 12 0 0 0 0 0 0 0 0 0 2 0 0 0 
0 10 0 0 38 1925 0 0 21 0 25 0 0 0 0 0 98 0 0 98 0 0 5669 0 4689 4445 0 0 6609 0 10 204310 0 0 0 5801 46 0 0 0 0 0 0 43 1036 0 0 14 0 0 0 0 37 0 0 0 0 0 0 0 23 0 0 43 0 0 4342 0 2277 0 78 0 0 0 3277 0 1581 0 68 0 0 0 0 0 0 14 0 0 0 0 0 19 0 0 0 1242 0 0 0 15 0 0 0 12 0 24 0 0 0 0 0 0 0 0 0 12 0 0 2 0 0 0 0 0 0 16 0 0 0 
0 4 0 0 21 640 0 0 5 0 1 0 0 0 0 0 71 0 0 32 0 0 1180 0 1900 3319 0 0 2636 0 2 69715 0 0 0 2664 40 0 0 0 0 0 0 8 109 0 0 9 0 0 0 0 23 0 0 0 0 0 0 0 23 0 0 2 0 0 122 0 1010 0 2 0 0 0 173 0 919 0 5 0 0 0 0 0 0 0 0 0 0 0 0 0 0 0 0 110 0 0 0 2 0 0 0 0 0 0 0 0 0 0 0 0 0 0 0 1 0 0 0 0 0 0 0 0 0 0 0 0 0 
0 10 0 0 41 2166 0 0 23 0 26 0 0 0 0 0 90 0 0 96 0 0 6890 0 4146 5033 0 0 5252 0 19 276121 0 0 0 6945 56 0 0 0 0 0 0 51 1538 0 0 35 0 0 0 0 34 0 0 0 0 0 0 0 20 0 0 43 0 0 4054 0 2411 0 60 0 0 0 3950 0 2042 0 61 0 0 0 0 0 0 12 0 0 0 0 0 23 0 0 0 1624 0 0 0 17 0 0 0 19 0 38 0 0 0 0 0 0 0 0 0 28 0 0 4 0 0 0 0 0 0 14 0 0 0 
0 6 0 0 26 759 0 0 11 0 4 0 0 0 0 0 102 0 0 67 0 0 2105 0 2885 3537 0 0 3100 0 8 75837 0 0 0 2769 34 0 0 0 0 0 0 13 125 0 0 5 0 0 0 0 16 0 0 0 0 0 0 0 19 0 0 8 0 0 605 0 920 0 15 0 0 0 433 0 719 0 15 0 0 0 0 0 0 1 0 0 0 0 0 1 0 0 0 193 0 0 0 4 0 0 0 2 0 2 0 0 0 0 0 0 0 0 0 2 0 0 0 0 0 0 0 0 0 0 0 0 0 
0 5 0 0 29 694 0 0 5 0 5 0 0 0 0 0 100 0 0 29 0 0 1107 0 2417 5600 0 0 3060 0 2 56790 0 0 0 2511 52 0 0 0 0 0 0 15 144 0 0 12 0 0 0 0 16 0 0 0 0 0 0 0 39 0 0 2 0 0 552 0 847 0 20 0 0 0 531 0 877 0 13 0 0 0 0 0 0 0 0 0 0 0 0 3 0 0 0 139 0 0 0 3 0 0 0 4 0 2 0 0 0 0 0 0 0 0 0 6 0 0 1 0 0 0 0 0 0 0 0 0 0 
0 14 0 0 58 2080 0 0 62 0 33 0 0 0 0 0 127 0 0 306 0 0 13632 0 4223 8793 0 0 6694 0 117 218041 0 0 0 6299 84 0 0 0 0 0 0 113 1674 0 0 73 0 0 0 0 28 0 0 0 0 0 0 0 43 0 0 179 0 0 5369 0 2158 0 70 0 0 0 3369 0 1899 0 80 0 0 0 0 0 0 35 0 0 0 0 0 22 0 0 0 1154 0 0 0 35 0 0 0 24 0 45 0 0 0 0 0 0 0 0 0 23 0 0 4 0 0 0 0 0 0 14 0 0 0 
0 4 0 0 29 452 0 0 4 0 2 0 0 0 0 0 105 0 0 30 0 0 795 0 1559 4736 0 0 2615 0 0 34636 0 0 0 2432 72 0 0 0 0 0 0 10 50 0 0 10 0 0 0 0 18 0 0 0 0 0 0 0 22 0 0 4 0 0 247 0 586 0 10 0 0 0 148 0 728 0 9 0 0 0 0 0 0 0 0 0 0 0 0 0 0 0 0 25 0 0 0 3 0 0 0 4 0 0 0 0 0 0 0 0 0 0 0 2 0 0 0 0 0 0 0 0 0 0 0 0 0 
0 5 0 0 36 749 0 0 8 0 2 0 0 0 0 0 109 0 0 53 0 0 1718 0 2065 5822 0 0 3469 0 5 79555 0 0 0 3850 80 0 0 0 0 0 0 24 183 0 0 25 0 0 0 0 30 0 0 0 0 0 0 0 37 0 0 4 0 0 380 0 1174 0 8 0 0 0 188 0 1261 0 9 0 0 0 0 0 0 0 0 0 0 0 0 0 0 0 0 161 0 0 0 4 0 0 0 3 0 1 0 0 0 0 0 0 0 0 0 3 0 0 0 0 0 0 0 0 0 0 0 0 0 
28 4 0 98 16 593 378 160 4 0 2 0 14 0 0 324 48 0 329 25 745 23173 976 3194 1685 2536 14237 0 3816 236 1 48769 3276 0 1158 1844 27 90 0 0 0 83 0 11 90 563 172 3 0 0 0 0 20 0 0 0 0 0 0 40 18 0 44 2 201 2170 313 0 1137 31 1 0 0 0 150 330 792 0 2 21 0 0 0 0 0 1 25 0 0 0 0 0 0 1 24 75 0 9 0 5 0 0 0 1 0 0 10 0 0 0 0 0 0 0 0 0 4 0 0 0 0 0 0 0 0 0 0 3 0 
0 3 0 0 11 303 0 0 2 0 1 0 0 0 0 0 43 0 0 18 0 0 333 0 1052 1779 0 0 2554 0 0 22404 0 0 0 541 21 0 0 0 0 0 0 2 6 0 0 0 0 0 0 0 4 0 0 0 0 0 0 0 16 0 0 1 0 0 172 0 589 0 0 0 0 0 26 0 109 0 0 0 0 0 0 0 0 0 0 0 0 0 0 0 0 0 0 30 0 0 0 1 0 0 0 1 0 0 0 0 0 0 0 0 0 0 0 0 0 0 0 0 0 0 0 0 0 0 0 0 0 
0 6 0 0 23 1113 0 0 9 0 7 0 0 0 0 0 71 0 0 51 0 0 2459 0 3358 2393 0 0 4941 0 5 131581 0 0 0 3974 32 0 0 0 0 0 0 15 326 0 0 2 0 0 0 0 28 0 0 0 0 0 0 0 20 0 0 10 0 0 1087 0 1757 0 12 0 0 0 1031 0 902 0 20 0 0 0 0 0 0 4 0 0 0 0 0 1 0 0 0 338 0 0 0 13 0 0 0 7 0 1 0 0 0 0 0 0 0 0 0 4 0 0 0 0 0 0 0 0 0 3 0 0 0 
0 5 0 0 19 581 0 0 5 0 5 0 0 0 0 0 86 0 0 31 0 0 1072 0 1947 2939 0 0 3835 0 0 41338 0 0 0 1649 27 0 0 0 0 0 0 7 93 0 0 1 0 0 0 0 12 0 0 0 0 0 0 0 17 0 0 6 0 0 656 0 882 0 9 0 0 0 237 0 584 0 14 0 0 0 0 0 0 0 0 0 0 0 0 2 0 0 0 80 0 0 0 4 0 0 0 6 0 1 0 0 0 0 0 0 0 0 0 3 0 0 0 0 0 0 0 0 0 1 0 0 0 
0 4 0 0 19 629 0 0 3 0 3 0 0 0 0 0 62 0 0 21 0 0 802 0 1671 2606 0 0 2926 0 0 64279 0 0 0 2624 41 0 0 0 0 0 0 6 80 0 0 1 0 0 0 0 16 0 0 0 0 0 0 0 25 0 0 2 0 0 586 0 1105 0 8 0 0 0 141 0 873 0 9 0 0 0 0 0 0 1 0 0 0 0 0 1 0 0 0 93 0 0 0 7 0 0 0 1 0 0 0 0 0 0 0 0 0 0 0 2 0 0 0 0 0 0 0 0 0 0 0 0 0 
0 9 0 0 26 1386 0 0 24 0 14 0 0 0 0 0 84 0 0 92 0 0 5745 0 4199 3564 0 0 4836 0 23 149056 0 0 0 3529 24 0 0 0 0 0 0 28 497 0 0 10 0 0 0 0 19 0 0 0 0 0 0 0 28 0 0 49 0 0 2319 0 1743 0 26 0 0 0 1560 0 776 0 37 0 0 0 0 0 0 9 0 0 0 0 0 3 0 0 0 614 0 0 0 9 0 0 0 8 0 9 0 0 0 0 0 0 0 0 0 4 0 0 0 0 0 0 0 0 0 5 0 0 0 
0 9 0 0 44 1702 0 0 25 0 12 0 0 0 0 0 106 0 0 148 0 0 6798 0 3803 5028 0 0 5160 0 28 206785 0 0 0 7219 72 0 0 0 0 0 0 51 1075 0 0 22 0 0 0 0 43 0 0 0 0 0 0 0 39 0 0 39 0 0 2305 0 2125 0 40 0 0 0 1399 0 2072 0 41 0 0 0 0 0 0 5 0 0 0 0 0 5 0 0 0 692 0 0 0 16 0 0 0 15 0 11 0 0 0 0 0 0 0 0 0 13 0 0 0 0 0 0 0 0 0 3 0 0 0 
0 3 0 0 15 379 0 0 3 0 0 0 0 0 0 0 56 0 0 22 0 0 664 0 1390 2419 0 0 1254 0 1 32249 0 0 0 1241 29 0 0 0 0 0 0 4 45 0 0 2 0 0 0 0 5 0 0 0 0 0 0 0 21 0 0 0 0 0 0 0 471 0 0 0 0 0 0 0 459 0 0 0 0 0 0 0 0 0 0 0 0 0 0 0 0 0 0 0 0 0 0 0 0 0 0 0 0 0 0 0 0 0 0 0 0 0 0 0 0 0 0 0 0 0 0 0 0 0 0 0 0 
0 7 0 0 24 1434 0 0 15 0 7 0 0 0 0 0 80 0 0 73 0 0 4387 0 3875 2409 0 0 5362 0 13 164066 0 0 0 4499 29 0 0 0 0 0 0 23 704 0 0 2 0 0 0 0 27 0 0 0 0 0 0 0 13 0 0 16 0 0 1099 0 2129 0 11 0 0 0 1174 0 1132 0 18 0 0 0 0 0 0 3 0 0 0 0 0 4 0 0 0 532 0 0 0 10 0 0 0 6 0 4 0 0 0 0 0 0 0 0 0 6 0 0 0 0 0 0 0 0 0 0 0 0 0 
0 5 0 0 21 918 0 0 8 0 2 0 0 0 0 0 69 0 0 37 0 0 2350 0 2451 3285 0 0 4007 0 4 97558 0 0 0 3164 34 0 0 0 0 0 0 17 266 0 0 9 0 0 0 0 24 0 0 0 0 0 0 0 29 0 0 6 0 0 294 0 1576 0 2 0 0 0 199 0 1184 0 5 0 0 0 0 0 0 0 0 0 0 0 0 0 0 0 0 140 0 0 0 3 0 0 0 1 0 0 0 0 0 0 0 0 0 0 0 1 0 0 0 0 0 0 0 0 0 0 0 0 0 
0 5 0 0 27 1078 0 0 7 0 4 0 0 0 0 0 73 0 0 44 0 0 2303 0 2577 3385 0 0 3464 0 4 138088 0 0 0 4942 53 0 0 0 0 0 0 20 422 0 0 9 0 0 0 0 33 0 0 0 0 0 0 0 21 0 0 4 0 0 469 0 1771 0 10 0 0 0 697 0 1824 0 15 0 0 0 0 0 0 1 0 0 0 0 0 1 0 0 0 187 0 0 0 5 0 0 0 4 0 3 0 0 0 0 0 0 0 0 0 5 0 0 0 0 0 0 0 0 0 0 0 0 0 
0 1 0 0 2 56 0 0 0 0 0 0 0 0 0 0 5 0 0 0 0 0 0 0 239 399 0 0 370 0 0 1516 0 0 0 48 0 0 0 0 0 0 0 0 0 0 0 0 0 0 0 0 1 0 0 0 0 0 0 0 1 0 0 0 0 0 0 0 25 0 0 0 0 0 0 0 64 0 0 0 0 0 0 0 0 0 0 0 0 0 0 0 0 0 0 0 0 0 0 0 0 0 0 0 0 0 0 0 0 0 0 0 0 0 0 0 0 0 0 0 0 0 0 0 0 0 0 0 0 
0 5 0 0 26 889 0 0 9 0 2 0 0 0 0 0 89 0 0 57 0 0 2403 0 2659 2938 0 0 2984 0 7 108998 0 0 0 4153 47 0 0 0 0 0 0 23 326 0 0 6 0 0 0 0 23 0 0 0 0 0 0 0 21 0 0 6 0 0 350 0 1217 0 8 0 0 0 350 0 1185 0 8 0 0 0 0 0 0 0 0 0 0 0 0 0 0 0 0 128 0 0 0 3 0 0 0 3 0 0 0 0 0 0 0 0 0 0 0 2 0 0 0 0 0 0 0 0 0 0 0 0 0 
0 6 0 0 25 458 0 0 11 0 5 0 0 0 0 0 115 0 0 86 0 0 1318 0 1508 4075 0 0 2535 0 8 27384 0 0 0 1064 44 0 0 0 0 0 0 7 60 0 0 6 0 0 0 0 5 0 0 0 0 0 0 0 34 0 0 11 0 0 606 0 559 0 5 0 0 0 319 0 270 0 15 0 0 0 0 0 0 2 0 0 0 0 0 0 0 0 0 69 0 0 0 5 0 0 0 1 0 1 0 0 0 0 0 0 0 0 0 0 0 0 1 0 0 0 0 0 0 1 0 0 0 
0 4 0 0 22 846 0 0 4 0 2 0 0 0 0 0 64 0 0 25 0 0 1204 0 2412 2818 0 0 3020 0 1 111438 0 0 0 3961 38 0 0 0 0 0 0 7 183 0 0 4 0 0 0 0 25 0 0 0 0 0 0 0 22 0 0 2 0 0 299 0 1354 0 9 0 0 0 375 0 1312 0 8 0 0 0 0 0 0 0 0 0 0 0 0 0 0 0 0 142 0 0 0 4 0 0 0 2 0 1 0 0 0 0 0 0 0 0 0 3 0 0 0 0 0 0 0 0 0 0 0 0 0 
205 1 1648 195 4 16 20341 657 0 2 0 572 7 4650 1306 638 18 3206 486 0 1819 88358 0 101436 31 418 3074 236775 66 676 0 118 1316504 138112 18485 63 6 0 4376 4 33 139 1355 0 0 13940 13 0 1187 30 285 279 0 5 3 0 35 3339 0 0 0 1001 8 0 424 112 0 81926 2 26 0 432 1794 91060 0 1349 1 1456 0 0 1446 0 0 2 2 0 0 437 0 0 1 0 467 0 21 0 15201 0 0 0 1126 110 2 0 11 0 2 484 16 0 2 21 0 864 0 0 0 3 0 0 4 0 0 0 0 0 0 0 321 
0 3 0 0 9 504 0 0 3 0 0 0 0 0 0 0 39 0 0 11 0 0 823 0 1985 488 0 0 2936 0 1 47022 0 0 0 1297 9 0 0 0 0 0 0 6 90 0 0 1 0 0 0 0 11 0 0 0 0 0 0 0 3 0 0 0 0 0 0 0 937 0 0 0 0 0 0 0 92 0 0 0 0 0 0 0 0 0 0 0 0 0 0 0 0 0 0 0 0 0 0 0 0 0 0 0 0 0 0 0 0 0 0 0 0 0 0 0 0 0 0 0 0 0 0 0 0 0 0 0 0 
0 6 0 0 27 1362 0 0 7 0 9 0 0 0 0 0 81 0 0 37 0 0 2096 0 3470 3010 0 0 4676 0 2 168800 0 0 0 5039 44 0 0 0 0 0 0 13 420 0 0 3 0 0 0 0 39 0 0 0 0 0 0 0 25 0 0 7 0 0 1516 0 1943 0 32 0 0 0 1310 0 1521 0 26 0 0 0 0 0 0 4 0 0 0 0 0 2 0 0 0 693 0 0 0 14 0 0 0 10 0 7 0 0 0 0 0 0 0 0 0 6 0 0 0 0 0 0 0 0 0 2 0 0 0 
0 8 0 0 31 1682 0 0 14 0 16 0 0 0 0 0 99 0 0 61 0 0 4147 0 3959 4185 0 0 5600 0 6 194337 0 0 0 4839 38 0 0 0 0 0 0 31 900 0 0 11 0 0 0 0 37 0 0 0 0 0 0 0 20 0 0 21 0 0 2446 0 2255 0 42 0 0 0 2383 0 1703 0 42 0 0 0 0 0 0 7 0 0 0 0 0 9 0 0 0 898 0 0 0 16 0 0 0 10 0 21 0 0 0 0 0 0 0 0 0 12 0 0 0 0 0 0 0 0 0 4 0 0 0 
0 5 0 0 24 1101 0 0 3 0 8 0 0 0 0 0 72 0 0 16 0 0 935 0 3091 3056 0 0 4632 0 0 124331 0 0 0 4073 38 0 0 0 0 0 0 10 133 0 0 1 0 0 0 0 28 0 0 0 0 0 0 0 21 0 0 2 0 0 1394 0 1732 0 23 0 0 0 1246 0 1331 0 26 0 0 0 0 0 0 1 0 0 0 0 0 1 0 0 0 550 0 0 0 11 0 0 0 5 0 4 0 0 0 0 0 0 0 0 0 10 0 0 1 0 0 0 0 0 0 4 0 0 0 
0 8 0 0 30 1929 0 0 13 0 16 0 0 0 0 0 91 0 0 65 0 0 3996 0 4410 2383 0 0 5135 0 5 245891 0 0 0 6205 38 0 0 0 0 0 0 32 1162 0 0 6 0 0 0 0 34 0 0 0 0 0 0 0 19 0 0 21 0 0 2594 0 2489 0 36 0 0 0 2793 0 1436 0 42 0 0 0 0 0 0 7 0 0 0 0 0 10 0 0 0 1137 0 0 0 16 0 0 0 12 0 9 0 0 0 0 0 0 0 0 0 4 0 0 2 0 0 0 0 0 0 8 0 0 0 
0 5 0 0 27 1018 0 0 6 0 4 0 0 0 0 0 76 0 0 35 0 0 1845 0 2666 3496 0 0 4063 0 2 111460 0 0 0 3991 54 0 0 0 0 0 0 19 270 0 0 3 0 0 0 0 29 0 0 0 0 0 0 0 28 0 0 4 0 0 688 0 1769 0 13 0 0 0 508 0 1258 0 17 0 0 0 0 0 0 0 0 0 0 0 0 2 0 0 0 234 0 0 0 9 0 0 0 1 0 2 0 0 0 0 0 0 0 0 0 5 0 0 0 0 0 0 0 0 0 0 0 0 0 
0 3 0 0 15 612 0 0 2 0 1 0 0 0 0 0 64 0 0 14 0 0 571 0 2041 1824 0 0 3392 0 0 65649 0 0 0 2314 30 0 0 0 0 0 0 6 87 0 0 2 0 0 0 0 18 0 0 0 0 0 0 0 16 0 0 1 0 0 134 0 1164 0 1 0 0 0 206 0 594 0 3 0 0 0 0 0 0 0 0 0 0 0 0 0 0 0 0 67 0 0 0 3 0 0 0 0 0 0 0 0 0 0 0 0 0 0 0 0 0 0 0 0 0 0 0 0 0 0 0 0 0 
0 5 0 0 27 1177 0 0 4 0 6 0 0 0 0 0 83 0 0 28 0 0 1152 0 2918 3433 0 0 3851 0 1 152160 0 0 0 4930 50 0 0 0 0 0 0 9 268 0 0 3 0 0 0 0 37 0 0 0 0 0 0 0 32 0 0 0 0 0 1073 0 1800 0 17 0 0 0 989 0 1540 0 18 0 0 0 0 0 0 2 0 0 0 0 0 2 0 0 0 472 0 0 0 12 0 0 0 6 0 5 0 0 0 0 0 0 0 0 0 9 0 0 0 0 0 0 0 0 0 0 0 0 0 
0 5 0 0 24 1046 0 0 6 0 5 0 0 0 0 0 82 0 0 31 0 0 1700 0 2853 3501 0 0 4109 0 2 119758 0 0 0 3523 36 0 0 0 0 0 0 18 283 0 0 5 0 0 0 0 27 0 0 0 0 0 0 0 26 0 0 6 0 0 732 0 1614 0 15 0 0 0 847 0 1313 0 18 0 0 0 0 0 0 1 0 0 0 0 0 1 0 0 0 340 0 0 0 6 0 0 0 4 0 3 0 0 0 0 0 0 0 0 0 6 0 0 0 0 0 0 0 0 0 0 0 0 0 
0 10 0 0 38 1994 0 0 18 0 32 0 0 0 0 0 93 0 0 88 0 0 5205 0 4896 4301 0 0 4749 0 8 225448 0 0 0 6011 45 0 0 0 0 0 0 33 720 0 0 8 0 0 0 0 30 0 0 0 0 0 0 0 29 0 0 42 0 0 5585 0 1835 0 87 0 0 0 4051 0 1494 0 86 0 0 0 0 0 0 17 0 0 0 0 0 21 0 0 0 1867 0 0 0 29 0 0 0 16 0 31 0 0 0 0 0 0 0 0 0 18 0 0 6 0 0 0 0 0 0 38 0 0 0 
0 5 0 0 24 865 0 0 7 0 4 0 0 0 0 0 73 0 0 39 0 0 2001 0 2473 3737 0 0 4907 0 2 85638 0 0 0 2480 36 0 0 0 0 0 0 23 203 0 0 3 0 0 0 0 30 0 0 0 0 0 0 0 29 0 0 9 0 0 537 0 1641 0 12 0 0 0 471 0 1031 0 15 0 0 0 0 0 0 1 0 0 0 0 0 0 0 0 0 191 0 0 0 3 0 0 0 2 0 1 0 0 0 0 0 0 0 0 0 5 0 0 0 0 0 0 0 0 0 0 0 0 0 
0 8 0 0 37 1874 0 0 13 0 17 0 0 0 0 0 78 0 0 71 0 0 4181 0 4018 3854 0 0 5607 0 4 234448 0 0 0 6883 57 0 0 0 0 0 0 33 881 0 0 6 0 0 0 0 42 0 0 0 0 0 0 0 29 0 0 22 0 0 2717 0 2465 0 53 0 0 0 2930 0 1841 0 56 0 0 0 0 0 0 6 0 0 0 0 0 11 0 0 0 1244 0 0 0 21 0 0 0 21 0 17 0 0 0 0 0 0 0 0 0 14 0 0 1 0 0 0 0 0 0 7 0 0 0 
0 5 0 0 28 706 0 0 9 0 1 0 0 0 0 0 94 0 0 66 0 0 2120 0 1978 4065 0 0 3232 0 7 57618 0 0 0 3043 58 0 0 0 0 0 0 23 196 0 0 9 0 0 0 0 17 0 0 0 0 0 0 0 39 0 0 3 0 0 173 0 1035 0 1 0 0 0 62 0 900 0 6 0 0 0 0 0 0 0 0 0 0 0 0 0 0 0 0 27 0 0 0 3 0 0 0 0 0 0 0 0 0 0 0 0 0 0 0 0 0 0 0 0 0 0 0 0 0 0 0 0 0 
177 7 1016 891 26 1119 15282 624 14 5 7 294 342 3360 3286 2537 56 1569 1863 59 1608 84230 3149 79803 2081 2258 130161 119902 3027 688 10 102951 866246 89415 57366 3094 31 1274 2945 39 1118 717 918 34 668 13620 830 13 482 471 654 484 16 11 12 15 24 682 1224 652 16 432 629 15 352 64319 831 33304 1251 998 10 913 1278 55675 797 38784 974 865 17 975 1038 2 11 6 4 6 353 138 0 4 1 2 290 204 10114 281 8679 271 408 10 187 202 213 6 125 2 292 371 358 6 4 10 4 153 311 2 222 63 0 1 0 0 0 0 0 0 131 85 46 
0 3 0 0 15 865 0 0 1 0 2 0 0 0 0 0 47 0 0 10 0 0 342 0 2237 1371 0 0 2782 0 0 128408 0 0 0 3725 31 0 0 0 0 0 0 2 160 0 0 1 0 0 0 0 29 0 0 0 0 0 0 0 18 0 0 0 0 0 237 0 1670 0 1 0 0 0 499 0 1061 0 9 0 0 0 0 0 0 1 0 0 0 0 0 0 0 0 0 164 0 0 0 5 0 0 0 1 0 0 0 0 0 0 0 0 0 0 0 0 0 0 0 0 0 0 0 0 0 0 0 0 0 
0 9 0 0 35 1430 0 0 24 0 14 0 0 0 0 0 113 0 0 127 0 0 5951 0 3997 5097 0 0 5893 0 22 133519 0 0 0 3759 38 0 0 0 0 0 0 41 785 0 0 12 0 0 0 0 28 0 0 0 0 0 0 0 30 0 0 48 0 0 2135 0 1918 0 31 0 0 0 1489 0 1226 0 40 0 0 0 0 0 0 5 0 0 0 0 0 8 0 0 0 447 0 0 0 14 0 0 0 5 0 11 0 0 0 0 0 0 0 0 0 9 0 0 1 0 0 0 0 0 0 4 0 0 0 
0 7 0 0 31 1370 0 0 12 0 9 0 0 0 0 0 95 0 0 63 0 0 3444 0 3360 4242 0 0 4544 0 7 165860 0 0 0 4981 50 0 0 0 0 0 0 24 484 0 0 9 0 0 0 0 26 0 0 0 0 0 0 0 29 0 0 14 0 0 1596 0 2071 0 18 0 0 0 1153 0 1541 0 28 0 0 0 0 0 0 1 0 0 0 0 0 3 0 0 0 511 0 0 0 13 0 0 0 11 0 7 0 0 0 0 0 0 0 0 0 11 0 0 1 0 0 0 0 0 0 2 0 0 0 
0 8 0 0 35 1531 0 0 14 0 16 0 0 0 0 0 109 0 0 92 0 0 3700 0 4055 4138 0 0 4866 0 8 168992 0 0 0 4956 53 0 0 0 0 0 0 23 532 0 0 9 0 0 0 0 33 0 0 0 0 0 0 0 23 0 0 23 0 0 2740 0 2050 0 40 0 0 0 2357 0 1497 0 43 0 0 0 0 0 0 4 0 0 0 0 0 9 0 0 0 848 0 0 0 16 0 0 0 7 0 10 0 0 0 0 0 0 0 0 0 15 0 0 2 0 0 0 0 0 0 13 0 0 0 
0 4 0 0 17 726 0 0 5 0 1 0 0 0 0 0 72 0 0 21 0 0 1406 0 2323 2617 0 0 3311 0 2 67303 0 0 0 2046 22 0 0 0 0 0 0 14 190 0 0 4 0 0 0 0 18 0 0 0 0 0 0 0 21 0 0 2 0 0 168 0 1174 0 2 0 0 0 81 0 715 0 4 0 0 0 0 0 0 0 0 0 0 0 0 0 0 0 0 65 0 0 0 0 0 0 0 0 0 0 0 0 0 0 0 0 0 0 0 1 0 0 0 0 0 0 0 0 0 0 0 0 0 
0 6 0 0 36 720 0 0 10 0 5 0 0 0 0 0 132 0 0 77 0 0 1658 0 2240 6550 0 0 3688 0 7 62503 0 0 0 2598 67 0 0 0 0 0 0 25 100 0 0 17 0 0 0 0 22 0 0 0 0 0 0 0 53 0 0 7 0 0 1030 0 1119 0 6 0 0 0 388 0 727 0 22 0 0 0 0 0 0 3 0 0 0 0 0 0 0 0 0 145 0 0 0 9 0 0 0 3 0 2 0 0 0 0 0 0 0 0 0 5 0 0 0 0 0 0 0 0 0 1 0 0 0 
0 7 0 0 35 1541 0 0 11 0 11 0 0 0 0 0 78 0 0 67 0 0 3369 0 3246 4145 0 0 5462 0 3 198233 0 0 0 6264 64 0 0 0 0 0 0 34 628 0 0 10 0 0 0 0 42 0 0 0 0 0 0 0 31 0 0 19 0 0 1869 0 2325 0 32 0 0 0 1495 0 1979 0 31 0 0 0 0 0 0 3 0 0 0 0 0 3 0 0 0 787 0 0 0 17 0 0 0 13 0 8 0 0 0 0 0 0 0 0 0 14 0 0 0 0 0 0 0 0 0 4 0 0 0 
0 5 0 0 29 852 0 0 6 0 4 0 0 0 0 0 93 0 0 33 0 0 1505 0 2202 4838 0 0 3980 0 2 93602 0 0 0 3778 52 0 0 0 0 0 0 15 118 0 0 10 0 0 0 0 37 0 0 0 0 0 0 0 43 0 0 4 0 0 745 0 1392 0 15 0 0 0 394 0 1225 0 13 0 0 0 0 0 0 1 0 0 0 0 0 0 0 0 0 254 0 0 0 9 0 0 0 3 0 3 0 0 0 0 0 0 0 0 0 7 0 0 0 0 0 0 0 0 0 0 0 0 0 
0 8 0 0 30 1960 0 0 11 0 19 0 0 0 0 0 84 0 0 48 0 0 3576 0 4516 2733 0 0 4551 0 2 253820 0 0 0 6427 40 0 0 0 0 0 0 27 919 0 0 5 0 0 0 0 40 0 0 0 0 0 0 0 20 0 0 17 0 0 3164 0 2219 0 45 0 0 0 3117 0 1532 0 52 0 0 0 0 0 0 8 0 0 0 0 0 9 0 0 0 1525 0 0 0 19 0 0 0 11 0 19 0 0 0 0 0 0 0 0 0 11 0 0 2 0 0 0 0 0 0 11 0 0 0 
0 4 0 0 25 489 0 0 4 0 2 0 0 0 0 0 83 0 0 29 0 0 849 0 1448 3836 0 0 3624 0 1 43097 0 0 0 1995 61 0 0 0 0 0 0 14 65 0 0 6 0 0 0 0 16 0 0 0 0 0 0 0 25 0 0 2 0 0 391 0 976 0 5 0 0 0 41 0 491 0 9 0 0 0 0 0 0 0 0 0 0 0 0 1 0 0 0 19 0 0 0 4 0 0 0 2 0 0 0 0 0 0 0 0 0 0 0 2 0 0 0 0 0 0 0 0 0 0 0 0 0 
0 7 0 0 32 1164 0 0 10 0 13 0 0 0 0 0 127 0 0 61 0 0 2607 0 3523 4482 0 0 3964 0 4 123738 0 0 0 3624 49 0 0 0 0 0 0 16 269 0 0 13 0 0 0 0 24 0 0 0 0 0 0 0 26 0 0 11 0 0 2072 0 1371 0 36 0 0 0 1460 0 1087 0 50 0 0 0 0 0 0 9 0 0 0 0 0 7 0 0 0 574 0 0 0 15 0 0 0 4 0 10 0 0 0 0 0 0 0 0 0 1 0 0 1 0 0 0 0 0 0 4 0 0 0 
0 5 0 0 24 699 0 0 5 0 5 0 0 0 0 0 105 0 0 34 0 0 1114 0 2273 3744 0 0 3258 0 0 60892 0 0 0 1988 40 0 0 0 0 0 0 10 137 0 0 2 0 0 0 0 17 0 0 0 0 0 0 0 24 0 0 5 0 0 870 0 1031 0 11 0 0 0 249 0 549 0 26 0 0 0 0 0 0 2 0 0 0 0 0 2 0 0 0 135 0 0 0 8 0 0 0 1 0 1 0 0 0 0 0 0 0 0 0 1 0 0 0 0 0 0 0 0 0 0 0 0 0 
0 5 0 0 21 1042 0 0 7 0 3 0 0 0 0 0 69 0 0 39 0 0 2081 0 3116 2125 0 0 4773 0 2 109773 0 0 0 3302 32 0 0 0 0 0 0 17 385 0 0 3 0 0 0 0 27 0 0 0 0 0 0 0 13 0 0 7 0 0 403 0 1865 0 7 0 0 0 573 0 888 0 11 0 0 0 0 0 0 0 0 0 0 0 0 1 0 0 0 162 0 0 0 2 0 0 0 4 0 0 0 0 0 0 0 0 0 0 0 0 0 0 0 0 0 0 0 0 0 0 0 0 0 
0 9 0 0 36 1937 0 0 17 0 21 0 0 0 0 0 105 0 0 73 0 0 5135 0 4579 4638 0 0 5401 0 7 229754 0 0 0 5762 48 0 0 0 0 0 0 42 876 0 0 16 0 0 0 0 42 0 0 0 0 0 0 0 24 0 0 35 0 0 3102 0 2358 0 42 0 0 0 3440 0 1627 0 60 0 0 0 0 0 0 10 0 0 0 0 0 11 0 0 0 1430 0 0 0 20 0 0 0 15 0 22 0 0 0 0 0 0 0 0 0 20 0 0 2 0 0 0 0 0 0 11 0 0 0 
0 9 0 0 33 1774 0 0 21 0 16 0 0 0 0 0 110 0 0 91 0 0 5967 0 4795 3293 0 0 5282 0 19 196973 0 0 0 5303 38 0 0 0 0 0 0 51 1048 0 0 7 0 0 0 0 25 0 0 0 0 0 0 0 21 0 0 30 0 0 2692 0 1956 0 40 0 0 0 2023 0 1041 0 47 0 0 0 0 0 0 8 0 0 0 0 0 12 0 0 0 917 0 0 0 20 0 0 0 9 0 17 0 0 0 0 0 0 0 0 0 5 0 0 1 0 0 0 0 0 0 4 0 0 0 
0 5 0 0 24 669 0 0 5 0 6 0 0 0 0 0 89 0 0 36 0 0 1089 0 2312 3601 0 0 4265 0 0 59392 0 0 0 1983 39 0 0 0 0 0 0 8 128 0 0 3 0 0 0 0 19 0 0 0 0 0 0 0 24 0 0 8 0 0 975 0 1157 0 21 0 0 0 451 0 431 0 28 0 0 0 0 0 0 1 0 0 0 0 0 2 0 0 0 77 0 0 0 7 0 0 0 1 0 1 0 0 0 0 0 0 0 0 0 0 0 0 0 0 0 0 0 0 0 1 0 0 0 
0 5 0 0 21 598 0 0 6 0 5 0 0 0 0 0 94 0 0 45 0 0 1102 0 2079 2923 0 0 3046 0 1 49116 0 0 0 1679 42 0 0 0 0 0 0 5 119 0 0 1 0 0 0 0 12 0 0 0 0 0 0 0 20 0 0 8 0 0 826 0 875 0 7 0 0 0 361 0 238 0 19 0 0 0 0 0 0 2 0 0 0 0 0 1 0 0 0 65 0 0 0 7 0 0 0 1 0 1 0 0 0 0 0 0 0 0 0 2 0 0 0 0 0 0 0 0 0 0 0 0 0 
0 3 0 0 14 512 0 0 2 0 1 0 0 0 0 0 56 0 0 14 0 0 574 0 1869 1550 0 0 2705 0 0 47619 0 0 0 1664 27 0 0 0 0 0 0 4 78 0 0 0 0 0 0 0 8 0 0 0 0 0 0 0 16 0 0 1 0 0 173 0 893 0 1 0 0 0 62 0 207 0 6 0 0 0 0 0 0 0 0 0 0 0 0 0 0 0 0 27 0 0 0 3 0 0 0 0 0 0 0 0 0 0 0 0 0 0 0 0 0 0 0 0 0 0 0 0 0 0 0 0 0 
0 7 0 0 31 1461 0 0 14 0 10 0 0 0 0 0 80 0 0 66 0 0 4148 0 3494 4026 0 0 5220 0 11 158685 0 0 0 5024 45 0 0 0 0 0 0 36 733 0 0 11 0 0 0 0 32 0 0 0 0 0 0 0 33 0 0 21 0 0 1618 0 2000 0 34 0 0 0 1408 0 1548 0 31 0 0 0 0 0 0 4 0 0 0 0 0 4 0 0 0 676 0 0 0 16 0 0 0 8 0 8 0 0 0 0 0 0 0 0 0 2 0 0 1 0 0 0 0 0 0 3 0 0 0 
0 5 0 0 26 1179 0 0 4 0 6 0 0 0 0 0 81 0 0 22 0 0 1449 0 2872 2986 0 0 3722 0 0 155228 0 0 0 4690 51 0 0 0 0 0 0 17 345 0 0 6 0 0 0 0 29 0 0 0 0 0 0 0 21 0 0 4 0 0 1049 0 2030 0 12 0 0 0 806 0 1486 0 25 0 0 0 0 0 0 2 0 0 0 0 0 1 0 0 0 349 0 0 0 11 0 0 0 3 0 1 0 0 0 0 0 0 0 0 0 5 0 0 0 0 0 0 0 0 0 2 0 0 0 
0 6 0 0 26 1244 0 0 7 0 9 0 0 0 0 0 84 0 0 32 0 0 2123 0 3309 3397 0 0 5008 0 1 153959 0 0 0 4066 40 0 0 0 0 0 0 15 345 0 0 8 0 0 0 0 31 0 0 0 0 0 0 0 23 0 0 8 0 0 1474 0 1980 0 21 0 0 0 1305 0 1322 0 32 0 0 0 0 0 0 2 0 0 0 0 0 3 0 0 0 542 0 0 0 12 0 0 0 9 0 9 0 0 0 0 0 0 0 0 0 5 0 0 0 0 0 0 0 0 0 1 0 0 0 
90 10 46 715 41 1556 3999 303 28 0 18 6 185 518 239 2434 135 137 1529 133 1097 45872 6445 21916 3675 5451 105340 3913 4688 323 31 143746 116958 845 25779 4689 55 1604 142 3 39 483 43 59 977 2494 406 23 0 0 0 0 31 0 0 0 1 0 151 1020 27 20 387 52 208 34065 2731 516 1797 586 47 34 22 136 1867 11986 1634 19 47 802 36 0 2 0 0 7 162 0 0 0 0 11 2 114 2225 716 6 338 28 16 0 0 0 11 0 19 184 2 5 0 0 0 0 0 18 19 170 0 1 0 0 0 0 0 0 7 3 92 0 
0 2 0 0 7 549 0 0 0 0 1 0 0 0 0 0 27 0 0 0 0 0 0 0 1746 528 0 0 2199 0 0 79062 0 0 0 1791 13 0 0 0 0 0 0 0 0 0 0 0 0 0 0 0 9 0 0 0 0 0 0 0 3 0 0 0 0 0 120 0 1130 0 0 0 0 0 263 0 479 0 5 0 0 0 0 0 0 0 0 0 0 0 0 0 0 0 0 83 0 0 0 1 0 0 0 1 0 0 0 0 0 0 0 0 0 0 0 0 0 0 0 0 0 0 0 0 0 0 0 0 0 
0 9 0 0 47 1482 0 0 22 0 16 0 0 0 0 0 133 0 0 147 0 0 5294 0 3482 6670 0 0 4683 0 22 174964 0 0 0 5670 88 0 0 0 0 0 0 48 637 0 0 31 0 0 0 0 37 0 0 0 0 0 0 0 55 0 0 34 0 0 3167 0 2006 0 36 0 0 0 1582 0 1555 0 57 0 0 0 0 0 0 19 0 0 0 0 0 5 0 0 0 603 0 0 0 21 0 0 0 7 0 12 0 0 0 0 0 0 0 0 0 10 0 0 1 0 0 0 0 0 0 5 0 0 0 
0 3 0 0 12 268 0 0 1 0 3 0 0 0 0 0 50 0 0 4 0 0 56 0 884 1852 0 0 2227 0 0 20906 0 0 0 317 21 0 0 0 0 0 0 0 5 0 0 4 0 0 0 0 2 0 0 0 0 0 0 0 11 0 0 0 0 0 396 0 575 0 4 0 0 0 240 0 76 0 8 0 0 0 0 0 0 1 0 0 0 0 0 0 0 0 0 26 0 0 0 4 0 0 0 2 0 1 0 0 0 0 0 0 0 0 0 0 0 0 0 0 0 0 0 0 0 0 0 0 0 
0 4 0 0 18 402 0 0 2 0 5 0 0 0 0 0 76 0 0 11 0 0 328 0 1314 2863 0 0 3125 0 0 29632 0 0 0 1044 34 0 0 0 0 0 0 1 37 0 0 3 0 0 0 0 9 0 0 0 0 0 0 0 16 0 0 0 0 0 652 0 760 0 15 0 0 0 294 0 346 0 13 0 0 0 0 0 0 2 0 0 0 0 0 2 0 0 0 36 0 0 0 6 0 0 0 4 0 2 0 0 0 0 0 0 0 0 0 3 0 0 0 0 0 0 0 0 0 0 0 0 0 
0 9 0 0 39 1902 0 0 26 0 11 0 0 0 0 0 100 0 0 137 0 0 7556 0 3995 3778 0 0 5994 0 32 228570 0 0 0 7018 62 0 0 0 0 0 0 64 1346 0 0 13 0 0 0 0 47 0 0 0 0 0 0 0 28 0 0 36 0 0 1885 0 2549 0 29 0 0 0 1842 0 1856 0 32 0 0 0 0 0 0 4 0 0 0 0 0 7 0 0 0 828 0 0 0 17 0 0 0 13 0 12 0 0 0 0 0 0 0 0 0 11 0 0 0 0 0 0 0 0 0 0 0 0 0 
0 5 0 0 33 451 0 0 8 0 2 0 0 0 0 0 121 0 0 57 0 0 1279 0 1425 6796 0 0 3109 0 4 30578 0 0 0 1599 65 0 0 0 0 0 0 18 68 0 0 18 0 0 0 0 13 0 0 0 0 0 0 0 58 0 0 6 0 0 308 0 699 0 4 0 0 0 46 0 500 0 8 0 0 0 0 0 0 0 0 0 0 0 0 0 0 0 0 7 0 0 0 5 0 0 0 0 0 0 0 0 0 0 0 0 0 0 0 3 0 0 0 0 0 0 0 0 0 0 0 0 0 
0 6 0 0 28 1349 0 0 7 0 8 0 0 0 0 0 78 0 0 35 0 0 2208 0 3318 3451 0 0 4990 0 2 159224 0 0 0 5111 47 0 0 0 0 0 0 20 355 0 0 0 0 0 0 0 41 0 0 0 0 0 0 0 26 0 0 6 0 0 1451 0 2110 0 21 0 0 0 1085 0 1647 0 21 0 0 0 0 0 0 3 0 0 0 0 0 3 0 0 0 628 0 0 0 14 0 0 0 11 0 4 0 0 0 0 0 0 0 0 0 14 0 0 0 0 0 0 0 0 0 2 0 0 0 
0 7 0 0 34 861 0 0 15 0 6 0 0 0 0 0 123 0 0 108 0 0 2884 0 2431 5029 0 0 4018 0 12 80890 0 0 0 3086 67 0 0 0 0 0 0 25 207 0 0 9 0 0 0 0 23 0 0 0 0 0 0 0 27 0 0 17 0 0 1198 0 1428 0 13 0 0 0 382 0 906 0 23 0 0 0 0 0 0 3 0 0 0 0 0 1 0 0 0 126 0 0 0 12 0 0 0 2 0 1 0 0 0 0 0 0 0 0 0 4 0 0 0 0 0 0 0 0 0 1 0 0 0 
0 7 0 0 36 977 0 0 15 0 6 0 0 0 0 0 129 0 0 97 0 0 3473 0 2979 5698 0 0 4179 0 14 74914 0 0 0 3512 57 0 0 0 0 0 0 36 358 0 0 14 0 0 0 0 25 0 0 0 0 0 0 0 38 0 0 12 0 0 790 0 1177 0 20 0 0 0 525 0 1127 0 24 0 0 0 0 0 0 1 0 0 0 0 0 6 0 0 0 158 0 0 0 9 0 0 0 2 0 2 0 0 0 0 0 0 0 0 0 3 0 0 0 0 0 0 0 0 0 0 0 0 0 
0 4 0 0 19 839 0 0 4 0 2 0 0 0 0 0 59 0 0 21 0 0 1265 0 2340 2347 0 0 3734 0 1 91086 0 0 0 3258 35 0 0 0 0 0 0 11 199 0 0 0 0 0 0 0 24 0 0 0 0 0 0 0 19 0 0 2 0 0 245 0 1553 0 6 0 0 0 386 0 1088 0 11 0 0 0 0 0 0 0 0 0 0 0 0 0 0 0 0 107 0 0 0 2 0 0 0 2 0 1 0 0 0 0 0 0 0 0 0 2 0 0 0 0 0 0 0 0 0 0 0 0 0 
0 7 0 0 32 1040 0 0 12 0 9 0 0 0 0 0 125 0 0 65 0 0 2887 0 3535 4809 0 0 4200 0 5 96928 0 0 0 3483 43 0 0 0 0 0 0 30 238 0 0 12 0 0 0 0 19 0 0 0 0 0 0 0 28 0 0 16 0 0 1334 0 1327 0 24 0 0 0 935 0 973 0 31 0 0 0 0 0 0 4 0 0 0 0 0 4 0 0 0 288 0 0 0 11 0 0 0 3 0 5 0 0 0 0 0 0 0 0 0 7 0 0 0 0 0 0 0 0 0 1 0 0 0 
0 9 0 0 29 1391 0 0 24 0 16 0 0 0 0 0 114 0 0 107 0 0 5728 0 4197 4310 0 0 4930 0 23 150545 0 0 0 3210 41 0 0 0 0 0 0 35 588 0 0 8 0 0 0 0 19 0 0 0 0 0 0 0 18 0 0 57 0 0 2518 0 1929 0 33 0 0 0 1821 0 898 0 35 0 0 0 0 0 0 8 0 0 0 0 0 5 0 0 0 470 0 0 0 10 0 0 0 6 0 13 0 0 0 0 0 0 0 0 0 8 0 0 3 0 0 0 0 0 0 7 0 0 0 
0 7 0 0 40 841 0 0 17 0 4 0 0 0 0 0 123 0 0 108 0 0 3577 0 2345 7341 0 0 4369 0 19 63445 0 0 0 3523 77 0 0 0 0 0 0 39 242 0 0 28 0 0 0 0 24 0 0 0 0 0 0 0 58 0 0 13 0 0 681 0 1125 0 16 0 0 0 154 0 1151 0 16 0 0 0 0 0 0 0 0 0 0 0 0 2 0 0 0 54 0 0 0 5 0 0 0 3 0 0 0 0 0 0 0 0 0 0 0 3 0 0 0 0 0 0 0 0 0 1 0 0 0 
0 8 0 0 47 1310 0 0 17 0 11 0 0 0 0 0 141 0 0 116 0 0 3741 0 2951 6811 0 0 4349 0 11 170650 0 0 0 6198 91 0 0 0 0 0 0 35 430 0 0 28 0 0 0 0 38 0 0 0 0 0 0 0 52 0 0 27 0 0 2670 0 2093 0 36 0 0 0 1016 0 1788 0 33 0 0 0 0 0 0 7 0 0 0 0 0 4 0 0 0 413 0 0 0 21 0 0 0 10 0 4 0 0 0 0 0 0 0 0 0 19 0 0 0 0 0 0 0 0 0 3 0 0 0 
30 9 204 198 27 1630 426 126 21 4 16 9 71 293 837 450 93 567 552 78 459 24599 5236 2493 4108 3383 32514 4737 5321 111 18 172402 3837 11333 2137 3472 20 360 459 0 183 153 12 33 884 543 180 11 9 603 258 78 21 10 13 14 1 0 541 228 21 22 183 32 151 15614 2629 194 1738 165 31 39 58 1146 2012 1335 1000 18 42 228 222 4 1 1 0 10 73 1 3 1 1 8 10 37 334 906 28 121 206 10 0 10 84 10 26 18 37 3 6 5 1 0 2 0 24 2 91 1 1 3 0 0 0 4 0 4 11 36 0 
0 9 0 0 41 1229 0 0 29 0 8 0 0 0 0 0 144 0 0 183 0 0 6229 0 3274 4952 0 0 4624 0 44 141990 0 0 0 4666 60 0 0 0 0 0 0 49 475 0 0 13 0 0 0 0 32 0 0 0 0 0 0 0 40 0 0 34 0 0 1330 0 1936 0 21 0 0 0 1003 0 1280 0 26 0 0 0 0 0 0 2 0 0 0 0 0 4 0 0 0 300 0 0 0 16 0 0 0 8 0 7 0 0 0 0 0 0 0 0 0 10 0 0 0 0 0 0 0 0 0 0 0 0 0 
0 8 0 0 37 1677 0 0 14 0 19 0 0 0 0 0 100 0 0 81 0 0 4022 0 3968 4641 0 0 4607 0 6 194609 0 0 0 6256 52 0 0 0 0 0 0 31 870 0 0 14 0 0 0 0 42 0 0 0 0 0 0 0 39 0 0 28 0 0 3045 0 1650 0 65 0 0 0 2537 0 1785 0 49 0 0 0 0 0 0 8 0 0 0 0 0 15 0 0 0 1165 0 0 0 14 0 0 0 15 0 22 0 0 0 0 0 0 0 0 0 12 0 0 1 0 0 0 0 0 0 10 0 0 0 
0 5 0 0 34 792 0 0 3 0 7 0 0 0 0 0 118 0 0 21 0 0 677 0 2158 5481 0 0 3048 0 0 72234 0 0 0 4041 69 0 0 0 0 0 0 6 60 0 0 6 0 0 0 0 33 0 0 0 0 0 0 0 37 0 0 2 0 0 1307 0 1003 0 36 0 0 0 598 0 1663 0 24 0 0 0 0 0 0 3 0 0 0 0 0 1 0 0 0 225 0 0 0 10 0 0 0 4 0 1 0 0 0 0 0 0 0 0 0 16 0 0 0 0 0 0 0 0 0 3 0 0 0 
0 6 0 0 32 1268 0 0 8 0 9 0 0 0 0 0 80 0 0 48 0 0 2417 0 3443 4288 0 0 4450 0 3 144935 0 0 0 4788 58 0 0 0 0 0 0 30 380 0 0 11 0 0 0 0 38 0 0 0 0 0 0 0 25 0 0 9 0 0 1510 0 1711 0 35 0 0 0 1403 0 1622 0 27 0 0 0 0 0 0 3 0 0 0 0 0 4 0 0 0 606 0 0 0 11 0 0 0 6 0 7 0 0 0 0 0 0 0 0 0 7 0 0 1 0 0 0 0 0 0 2 0 0 0 
0 5 0 0 24 1112 0 0 4 0 9 0 0 0 0 0 65 0 0 23 0 0 1289 0 3100 2992 0 0 3727 0 0 128033 0 0 0 4318 35 0 0 0 0 0 0 10 245 0 0 2 0 0 0 0 29 0 0 0 0 0 0 0 29 0 0 6 0 0 1465 0 1446 0 35 0 0 0 1130 0 1349 0 28 0 0 0 0 0 0 2 0 0 0 0 0 3 0 0 0 661 0 0 0 9 0 0 0 11 0 4 0 0 0 0 0 0 0 0 0 4 0 0 1 0 0 0 0 0 0 5 0 0 0 
0 7 0 0 34 1283 0 0 9 0 17 0 0 0 0 0 102 0 0 61 0 0 2486 0 3542 4908 0 0 4292 0 2 136297 0 0 0 4488 54 0 0 0 0 0 0 21 380 0 0 11 0 0 0 0 33 0 0 0 0 0 0 0 25 0 0 15 0 0 2537 0 1368 0 58 0 0 0 2245 0 1572 0 47 0 0 0 0 0 0 8 0 0 0 0 0 12 0 0 0 860 0 0 0 14 0 0 0 13 0 18 0 0 0 0 0 0 0 0 0 10 0 0 1 0 0 0 0 0 0 9 0 0 0 
0 6 0 0 37 1204 0 0 7 0 9 0 0 0 0 0 99 0 0 57 0 0 2102 0 3066 4874 0 0 4578 0 3 141536 0 0 0 5797 68 0 0 0 0 0 0 15 312 0 0 8 0 0 0 0 38 0 0 0 0 0 0 0 40 0 0 7 0 0 1518 0 1785 0 31 0 0 0 1104 0 1816 0 30 0 0 0 0 0 0 1 0 0 0 0 0 2 0 0 0 456 0 0 0 12 0 0 0 11 0 7 0 0 0 0 0 0 0 0 0 18 0 0 1 0 0 0 0 0 0 3 0 0 0 
0 7 0 0 32 1597 0 0 11 0 11 0 0 0 0 0 97 0 0 70 0 0 3428 0 3956 3429 0 0 4295 0 7 204647 0 0 0 6285 48 0 0 0 0 0 0 23 761 0 0 7 0 0 0 0 36 0 0 0 0 0 0 0 29 0 0 10 0 0 1729 0 1984 0 35 0 0 0 1529 0 1735 0 25 0 0 0 0 0 0 1 0 0 0 0 0 7 0 0 0 852 0 0 0 12 0 0 0 11 0 10 0 0 0 0 0 0 0 0 0 10 0 0 1 0 0 0 0 0 0 4 0 0 0 
0 11 0 0 42 2081 0 0 33 0 24 0 0 0 0 0 118 0 0 168 0 0 8463 0 4423 4712 0 0 5134 0 38 250760 0 0 0 6584 47 0 0 0 0 0 0 49 1359 0 0 20 0 0 0 0 36 0 0 0 0 0 0 0 32 0 0 71 0 0 4257 0 2161 0 72 0 0 0 3143 0 2030 0 55 0 0 0 0 0 0 17 0 0 0 0 0 16 0 0 0 1431 0 0 0 27 0 0 0 19 0 32 0 0 0 0 0 0 0 0 0 15 0 0 2 0 0 0 0 0 0 7 0 0 0 
186 5 944 623 27 693 16905 784 7 6 4 301 301 3861 1949 2272 57 2140 1366 37 2313 122578 1406 99950 1461 3205 80814 133136 1807 963 3 52055 1007187 59780 39211 2846 35 599 3130 26 468 989 1152 12 214 20835 474 13 312 698 569 538 15 22 18 7 27 1076 1049 276 33 661 612 6 698 45756 519 41069 514 1272 19 584 938 38012 349 34414 1035 1017 15 589 1005 3 19 10 5 2 203 107 3 1 1 0 316 96 10087 209 6657 206 428 4 313 165 209 3 312 2 421 342 191 6 3 10 1 312 259 3 142 86 0 2 0 0 0 2 2 0 174 113 91 
0 3 0 0 22 834 0 0 1 0 2 0 0 0 0 0 59 0 0 10 0 0 342 0 1984 2708 0 0 2522 0 0 122721 0 0 0 4594 49 0 0 0 0 0 0 1 160 0 0 2 0 0 0 0 37 0 0 0 0 0 0 0 30 0 0 0 0 0 299 0 1445 0 10 0 0 0 328 0 1495 0 6 0 0 0 0 0 0 0 0 0 0 0 0 0 0 0 0 188 0 0 0 4 0 0 0 3 0 1 0 0 0 0 0 0 0 0 0 4 0 0 0 0 0 0 0 0 0 0 0 0 0 
0 6 0 0 30 1272 0 0 8 0 11 0 0 0 0 0 71 0 0 54 0 0 2389 0 3407 3539 0 0 4667 0 3 139817 0 0 0 5238 44 0 0 0 0 0 0 21 459 0 0 6 0 0 0 0 36 0 0 0 0 0 0 0 37 0 0 11 0 0 1708 0 1546 0 40 0 0 0 1424 0 1424 0 34 0 0 0 0 0 0 4 0 0 0 0 0 6 0 0 0 760 0 0 0 8 0 0 0 11 0 10 0 0 0 0 0 0 0 0 0 3 0 0 1 0 0 0 0 0 0 5 0 0 0 
16 6 0 84 39 880 120 77 11 0 6 0 12 0 0 484 111 0 286 89 392 10030 2321 959 2182 5876 11742 0 3127 107 8 93696 560 0 553 4656 69 137 0 0 0 61 0 26 178 98 57 15 0 0 0 0 34 0 0 0 0 0 0 67 53 0 38 12 68 2267 998 0 1070 63 24 0 0 0 689 154 1518 0 21 38 0 0 0 0 0 4 14 0 0 0 0 1 0 1 13 385 0 15 0 8 0 0 0 8 0 4 16 0 0 0 0 0 0 0 0 11 12 0 0 0 0 0 0 0 0 0 0 2 0 
0 5 0 0 27 1008 0 0 6 0 5 0 0 0 0 0 83 0 0 40 0 0 1755 0 2876 3811 0 0 3940 0 2 110537 0 0 0 4413 44 0 0 0 0 0 0 13 313 0 0 7 0 0 0 0 35 0 0 0 0 0 0 0 37 0 0 6 0 0 741 0 1339 0 24 0 0 0 532 0 1363 0 11 0 0 0 0 0 0 0 0 0 0 0 0 2 0 0 0 362 0 0 0 3 0 0 0 6 0 1 0 0 0 0 0 0 0 0 0 5 0 0 0 0 0 0 0 0 0 2 0 0 0 
0 4 0 0 26 743 0 0 3 0 4 0 0 0 0 0 82 0 0 29 0 0 786 0 2187 3837 0 0 3177 0 0 82530 0 0 0 3730 50 0 0 0 0 0 0 7 47 0 0 5 0 0 0 0 37 0 0 0 0 0 0 0 40 0 0 4 0 0 657 0 1027 0 20 0 0 0 382 0 1226 0 12 0 0 0 0 0 0 0 0 0 0 0 0 0 0 0 0 329 0 0 0 3 0 0 0 5 0 0 0 0 0 0 0 0 0 0 0 4 0 0 0 0 0 0 0 0 0 2 0 0 0 
0 6 0 0 42 898 0 0 10 0 5 0 0 0 0 0 116 0 0 76 0 0 2179 0 2279 6649 0 0 4337 0 7 92343 0 0 0 4477 87 0 0 0 0 0 0 33 203 0 0 23 0 0 0 0 32 0 0 0 0 0 0 0 44 0 0 7 0 0 1008 0 1398 0 19 0 0 0 346 0 1604 0 17 0 0 0 0 0 0 2 0 0 0 0 0 0 0 0 0 258 0 0 0 11 0 0 0 9 0 3 0 0 0 0 0 0 0 0 0 12 0 0 0 0 0 0 0 0 0 1 0 0 0 
0 6 0 0 36 1278 0 0 7 0 11 0 0 0 0 0 84 0 0 51 0 0 2151 0 3059 4792 0 0 3773 0 2 161432 0 0 0 5890 66 0 0 0 0 0 0 19 434 0 0 9 0 0 0 0 34 0 0 0 0 0 0 0 44 0 0 10 0 0 1800 0 1589 0 44 0 0 0 1332 0 1750 0 38 0 0 0 0 0 0 7 0 0 0 0 0 1 0 0 0 739 0 0 0 12 0 0 0 13 0 7 0 0 0 0 0 0 0 0 0 12 0 0 1 0 0 0 0 0 0 6 0 0 0 
0 5 0 0 32 1194 0 0 5 0 5 0 0 0 0 0 93 0 0 43 0 0 1705 0 2615 3804 0 0 3281 0 2 164723 0 0 0 6230 67 0 0 0 0 0 0 9 379 0 0 7 0 0 0 0 39 0 0 0 0 0 0 0 33 0 0 2 0 0 741 0 1865 0 17 0 0 0 785 0 2043 0 13 0 0 0 0 0 0 0 0 0 0 0 0 2 0 0 0 384 0 0 0 8 0 0 0 11 0 3 0 0 0 0 0 0 0 0 0 13 0 0 0 0 0 0 0 0 0 1 0 0 0 
0 5 0 0 41 433 0 0 8 0 2 0 0 0 0 0 135 0 0 74 0 0 971 0 1131 7771 0 0 3008 0 5 22809 0 0 0 2615 89 0 0 0 0 0 0 21 142 0 0 24 0 0 0 0 29 0 0 0 0 0 0 0 65 0 0 4 0 0 312 0 512 0 6 0 0 0 96 0 900 0 6 0 0 0 0 0 0 1 0 0 0 0 0 0 0 0 0 26 0 0 0 5 0 0 0 2 0 0 0 0 0 0 0 0 0 0 0 8 0 0 0 0 0 0 0 0 0 0 0 0 0 
0 5 0 0 27 1060 0 0 4 0 7 0 0 0 0 0 87 0 0 26 0 0 1087 0 3187 3406 0 0 3774 0 1 119658 0 0 0 4569 41 0 0 0 0 0 0 10 209 0 0 1 0 0 0 0 27 0 0 0 0 0 0 0 25 0 0 2 0 0 1401 0 1372 0 25 0 0 0 945 0 1369 0 22 0 0 0 0 0 0 2 0 0 0 0 0 1 0 0 0 464 0 0 0 6 0 0 0 7 0 3 0 0 0 0 0 0 0 0 0 13 0 0 0 0 0 0 0 0 0 4 0 0 0 
0 8 0 0 42 1331 0 0 16 0 15 0 0 0 0 0 125 0 0 104 0 0 3752 0 3542 6766 0 0 3836 0 9 128596 0 0 0 5284 64 0 0 0 0 0 0 25 496 0 0 22 0 0 0 0 28 0 0 0 0 0 0 0 60 0 0 30 0 0 2420 0 1055 0 59 0 0 0 1652 0 1745 0 43 0 0 0 0 0 0 10 0 0 0 0 0 5 0 0 0 865 0 0 0 13 0 0 0 13 0 13 0 0 0 0 0 0 0 0 0 14 0 0 2 0 0 0 0 0 0 7 0 0 0 
0 5 0 0 36 1017 0 0 7 0 4 0 0 0 0 0 86 0 0 50 0 0 1884 0 2316 5082 0 0 3941 0 4 110335 0 0 0 5566 70 0 0 0 0 0 0 30 348 0 0 15 0 0 0 0 39 0 0 0 0 0 0 0 51 0 0 4 0 0 794 0 1396 0 20 0 0 0 482 0 1826 0 17 0 0 0 0 0 0 3 0 0 0 0 0 0 0 0 0 355 0 0 0 7 0 0 0 7 0 2 0 0 0 0 0 0 0 0 0 5 0 0 0 0 0 0 0 0 0 0 0 0 0 
0 5 0 0 30 946 0 0 4 0 6 0 0 0 0 0 104 0 0 28 0 0 1047 0 2889 4803 0 0 2824 0 0 110802 0 0 0 3773 51 0 0 0 0 0 0 6 118 0 0 11 0 0 0 0 26 0 0 0 0 0 0 0 39 0 0 4 0 0 1170 0 1221 0 20 0 0 0 683 0 1376 0 20 0 0 0 0 0 0 2 0 0 0 0 0 0 0 0 0 317 0 0 0 11 0 0 0 3 0 2 0 0 0 0 0 0 0 0 0 10 0 0 1 0 0 0 0 0 0 1 0 0 0 
0 6 0 0 33 1150 0 0 5 0 12 0 0 0 0 0 114 0 0 33 0 0 1328 0 3328 5084 0 0 3229 0 0 126739 0 0 0 4471 45 0 0 0 0 0 0 10 193 0 0 13 0 0 0 0 26 0 0 0 0 0 0 0 43 0 0 12 0 0 2161 0 1318 0 39 0 0 0 1473 0 1572 0 44 0 0 0 0 0 0 0 0 0 0 0 0 0 0 0 0 627 0 0 0 10 0 0 0 7 0 0 0 0 0 0 0 0 0 0 0 13 0 0 2 0 0 0 0 0 0 15 0 0 0 
0 6 0 0 39 1043 0 0 6 0 10 0 0 0 0 0 105 0 0 38 0 0 1380 0 3019 5220 0 0 4004 0 2 113627 0 0 0 5152 76 0 0 0 0 0 0 20 105 0 0 18 0 0 0 0 25 0 0 0 0 0 0 0 36 0 0 5 0 0 1995 0 1346 0 42 0 0 0 1125 0 1573 0 36 0 0 0 0 0 0 3 0 0 0 0 0 0 0 0 0 513 0 0 0 13 0 0 0 12 0 6 0 0 0 0 0 0 0 0 0 14 0 0 0 0 0 0 0 0 0 8 0 0 0 
0 6 0 0 37 1038 0 0 10 0 6 0 0 0 0 0 102 0 0 62 0 0 2589 0 2671 5827 0 0 4481 0 6 108157 0 0 0 4538 69 0 0 0 0 0 0 36 310 0 0 20 0 0 0 0 39 0 0 0 0 0 0 0 36 0 0 10 0 0 993 0 1572 0 20 0 0 0 578 0 1732 0 19 0 0 0 0 0 0 2 0 0 0 0 0 2 0 0 0 363 0 0 0 9 0 0 0 7 0 4 0 0 0 0 0 0 0 0 0 11 0 0 0 0 0 0 0 0 0 0 0 0 0 
0 3 0 0 22 699 0 0 1 0 3 0 0 0 0 0 51 0 0 7 0 0 296 0 1805 2750 0 0 2673 0 0 85402 0 0 0 3954 45 0 0 0 0 0 0 6 42 0 0 2 0 0 0 0 32 0 0 0 0 0 0 0 32 0 0 0 0 0 548 0 1090 0 15 0 0 0 405 0 1221 0 13 0 0 0 0 0 0 1 0 0 0 0 0 0 0 0 0 290 0 0 0 6 0 0 0 6 0 1 0 0 0 0 0 0 0 0 0 3 0 0 0 0 0 0 0 0 0 0 0 0 0 
0 11 0 0 44 2398 0 0 33 0 25 0 0 0 0 0 91 0 0 153 0 0 9750 0 4295 4791 0 0 5914 0 36 283857 0 0 0 7911 57 0 0 0 0 0 0 75 2120 0 0 24 0 0 0 0 43 0 0 0 0 0 0 0 30 0 0 75 0 0 4363 0 2426 0 69 0 0 0 3528 0 2047 0 59 0 0 0 0 0 0 15 0 0 0 0 0 17 0 0 0 1643 0 0 0 22 0 0 0 18 0 37 0 0 0 0 0 0 0 0 0 22 0 0 3 0 0 0 0 0 0 11 0 0 0 
0 8 0 0 37 1863 0 0 15 0 16 0 0 0 0 0 91 0 0 76 0 0 4719 0 3891 4199 0 0 5464 0 10 230409 0 0 0 6707 50 0 0 0 0 0 0 44 1236 0 0 14 0 0 0 0 40 0 0 0 0 0 0 0 23 0 0 24 0 0 2449 0 2352 0 48 0 0 0 2520 0 1974 0 49 0 0 0 0 0 0 4 0 0 0 0 0 10 0 0 0 1111 0 0 0 14 0 0 0 16 0 18 0 0 0 0 0 0 0 0 0 16 0 0 1 0 0 0 0 0 0 7 0 0 0 
0 9 0 0 39 1969 0 0 23 0 14 0 0 0 0 0 108 0 0 111 0 0 6798 0 4230 4509 0 0 5846 0 20 229497 0 0 0 6640 47 0 0 0 0 0 0 62 1521 0 0 20 0 0 0 0 38 0 0 0 0 0 0 0 26 0 0 45 0 0 2410 0 2388 0 38 0 0 0 1921 0 1931 0 40 0 0 0 0 0 0 5 0 0 0 0 0 5 0 0 0 941 0 0 0 18 0 0 0 12 0 12 0 0 0 0 0 0 0 0 0 10 0 0 1 0 0 0 0 0 0 3 0 0 0 
0 4 0 0 25 1053 0 0 3 0 3 0 0 0 0 0 67 0 0 27 0 0 1005 0 2789 2746 0 0 3353 0 0 146353 0 0 0 5180 49 0 0 0 0 0 0 7 290 0 0 2 0 0 0 0 39 0 0 0 0 0 0 0 31 0 0 2 0 0 412 0 1684 0 12 0 0 0 568 0 1431 0 10 0 0 0 0 0 0 0 0 0 0 0 0 1 0 0 0 294 0 0 0 4 0 0 0 5 0 1 0 0 0 0 0 0 0 0 0 4 0 0 0 0 0 0 0 0 0 0 0 0 0 
0 6 0 0 35 1123 0 0 7 0 8 0 0 0 0 0 93 0 0 46 0 0 1764 0 2925 4673 0 0 3525 0 2 138158 0 0 0 5464 64 0 0 0 0 0 0 11 132 0 0 10 0 0 0 0 32 0 0 0 0 0 0 0 31 0 0 7 0 0 1599 0 1627 0 30 0 0 0 850 0 1774 0 27 0 0 0 0 0 0 2 0 0 0 0 0 0 0 0 0 557 0 0 0 12 0 0 0 14 0 6 0 0 0 0 0 0 0 0 0 16 0 0 0 0 0 0 0 0 0 3 0 0 0 
0 6 0 0 33 1342 0 0 5 0 12 0 0 0 0 0 82 0 0 27 0 0 1715 0 2950 4390 0 0 4255 0 1 178391 0 0 0 5976 60 0 0 0 0 0 0 17 474 0 0 10 0 0 0 0 36 0 0 0 0 0 0 0 26 0 0 6 0 0 1798 0 1925 0 42 0 0 0 1597 0 2099 0 37 0 0 0 0 0 0 2 0 0 0 0 0 1 0 0 0 672 0 0 0 13 0 0 0 12 0 6 0 0 0 0 0 0 0 0 0 20 0 0 4 0 0 0 0 0 0 8 0 0 0 
137 8 954 799 39 1267 9117 505 20 11 10 199 285 2512 3361 2677 78 1892 1492 93 1166 82392 4531 47134 2098 4828 117981 91978 2924 633 20 115871 396944 75131 39558 4691 63 1525 3209 33 983 1150 532 42 680 9796 632 39 320 968 1164 906 24 27 32 41 9 638 1015 667 21 333 455 31 249 51838 1485 17722 1130 1010 29 671 657 35355 1052 26516 1750 593 24 984 973 3 9 9 2 6 245 61 6 6 4 2 266 168 5683 496 4366 338 393 13 92 281 316 11 216 10 425 182 250 12 16 3 4 211 171 16 242 69 0 4 0 5 0 0 1 0 59 110 35 
0 6 0 0 41 886 0 0 8 0 7 0 0 0 0 0 131 0 0 63 0 0 1728 0 2639 6652 0 0 2786 0 2 94698 0 0 0 4150 80 0 0 0 0 0 0 14 130 0 0 20 0 0 0 0 31 0 0 0 0 0 0 0 49 0 0 10 0 0 1285 0 1004 0 27 0 0 0 635 0 1532 0 21 0 0 0 0 0 0 2 0 0 0 0 0 0 0 0 0 248 0 0 0 13 0 0 0 6 0 4 0 0 0 0 0 0 0 0 0 16 0 0 0 0 0 0 0 0 0 2 0 0 0 
0 6 0 0 38 1250 0 0 5 0 12 0 0 0 0 0 96 0 0 33 0 0 1633 0 3020 5244 0 0 3792 0 0 154728 0 0 0 6119 73 0 0 0 0 0 0 18 341 0 0 9 0 0 0 0 41 0 0 0 0 0 0 0 40 0 0 7 0 0 2208 0 1637 0 48 0 0 0 1480 0 1872 0 41 0 0 0 0 0 0 3 0 0 0 0 0 4 0 0 0 606 0 0 0 18 0 0 0 15 0 7 0 0 0 0 0 0 0 0 0 17 0 0 0 0 0 0 0 0 0 7 0 0 0 
0 7 0 0 35 1656 0 0 14 0 9 0 0 0 0 0 86 0 0 75 0 0 4454 0 3483 4126 0 0 5075 0 10 208511 0 0 0 6644 57 0 0 0 0 0 0 43 1052 0 0 14 0 0 0 0 39 0 0 0 0 0 0 0 24 0 0 21 0 0 1536 0 2332 0 31 0 0 0 1317 0 2170 0 26 0 0 0 0 0 0 1 0 0 0 0 0 3 0 0 0 695 0 0 0 11 0 0 0 10 0 8 0 0 0 0 0 0 0 0 0 13 0 0 0 0 0 0 0 0 0 2 0 0 0 
0 6 0 0 33 1239 0 0 7 0 9 0 0 0 0 0 89 0 0 43 0 0 2145 0 3153 4665 0 0 4222 0 2 143726 0 0 0 4942 60 0 0 0 0 0 0 20 415 0 0 13 0 0 0 0 38 0 0 0 0 0 0 0 28 0 0 5 0 0 1507 0 1760 0 43 0 0 0 1239 0 1860 0 25 0 0 0 0 0 0 3 0 0 0 0 0 5 0 0 0 463 0 0 0 11 0 0 0 8 0 7 0 0 0 0 0 0 0 0 0 5 0 0 0 0 0 0 0 0 0 2 0 0 0 
0 5 0 0 33 1026 0 0 7 0 3 0 0 0 0 0 89 0 0 52 0 0 1992 0 2617 4476 0 0 4208 0 3 112260 0 0 0 5329 61 0 0 0 0 0 0 25 395 0 0 10 0 0 0 0 43 0 0 0 0 0 0 0 47 0 0 5 0 0 640 0 1501 0 15 0 0 0 252 0 1635 0 9 0 0 0 0 0 0 1 0 0 0 0 0 1 0 0 0 206 0 0 0 5 0 0 0 3 0 0 0 0 0 0 0 0 0 0 0 5 0 0 0 0 0 0 0 0 0 0 0 0 0 
0 5 0 0 37 956 0 0 6 0 4 0 0 0 0 0 100 0 0 53 0 0 1542 0 2246 5332 0 0 3485 0 2 113438 0 0 0 5471 77 0 0 0 0 0 0 19 136 0 0 11 0 0 0 0 37 0 0 0 0 0 0 0 52 0 0 5 0 0 832 0 1339 0 17 0 0 0 442 0 1888 0 11 0 0 0 0 0 0 1 0 0 0 0 0 0 0 0 0 356 0 0 0 7 0 0 0 9 0 1 0 0 0 0 0 0 0 0 0 13 0 0 0 0 0 0 0 0 0 1 0 0 0 
0 6 0 0 35 1541 0 0 6 0 10 0 0 0 0 0 80 0 0 45 0 0 2059 0 3583 3707 0 0 4164 0 0 206456 0 0 0 7051 59 0 0 0 0 0 0 16 540 0 0 6 0 0 0 0 41 0 0 0 0 0 0 0 34 0 0 8 0 0 1587 0 2116 0 35 0 0 0 1798 0 1964 0 43 0 0 0 0 0 0 3 0 0 0 0 0 2 0 0 0 842 0 0 0 12 0 0 0 15 0 7 0 0 0 0 0 0 0 0 0 12 0 0 1 0 0 0 0 0 0 3 0 0 0 
0 6 0 0 37 1247 0 0 8 0 7 0 0 0 0 0 112 0 0 55 0 0 2232 0 3127 5151 0 0 4039 0 3 142526 0 0 0 6112 65 0 0 0 0 0 0 17 371 0 0 12 0 0 0 0 40 0 0 0 0 0 0 0 44 0 0 7 0 0 1404 0 1581 0 26 0 0 0 845 0 1963 0 22 0 0 0 0 0 0 4 0 0 0 0 0 1 0 0 0 494 0 0 0 11 0 0 0 10 0 4 0 0 0 0 0 0 0 0 0 17 0 0 0 0 0 0 0 0 0 1 0 0 0 
0 7 0 0 37 1537 0 0 11 0 15 0 0 0 0 0 88 0 0 67 0 0 3191 0 3408 4689 0 0 4139 0 4 184397 0 0 0 6456 60 0 0 0 0 0 0 28 716 0 0 14 0 0 0 0 37 0 0 0 0 0 0 0 41 0 0 22 0 0 2500 0 1586 0 56 0 0 0 2030 0 1930 0 45 0 0 0 0 0 0 10 0 0 0 0 0 7 0 0 0 1086 0 0 0 14 0 0 0 14 0 16 0 0 0 0 0 0 0 0 0 11 0 0 1 0 0 0 0 0 0 5 0 0 0 
0 4 0 0 16 983 0 0 4 0 2 0 0 0 0 0 56 0 0 17 0 0 1289 0 3097 1628 0 0 2908 0 1 129158 0 0 0 3392 27 0 0 0 0 0 0 7 295 0 0 4 0 0 0 0 21 0 0 0 0 0 0 0 7 0 0 2 0 0 510 0 1568 0 13 0 0 0 198 0 1065 0 2 0 0 0 0 0 0 1 0 0 0 0 0 0 0 0 0 177 0 0 0 2 0 0 0 1 0 0 0 0 0 0 0 0 0 0 0 0 0 0 0 0 0 0 0 0 0 0 0 0 0 
0 4 0 0 23 997 0 0 3 0 3 0 0 0 0 0 67 0 0 15 0 0 970 0 2954 2733 0 0 3189 0 1 127571 0 0 0 4592 37 0 0 0 0 0 0 13 236 0 0 4 0 0 0 0 28 0 0 0 0 0 0 0 29 0 0 0 0 0 487 0 1531 0 9 0 0 0 477 0 1293 0 13 0 0 0 0 0 0 1 0 0 0 0 0 0 0 0 0 286 0 0 0 4 0 0 0 3 0 2 0 0 0 0 0 0 0 0 0 4 0 0 0 0 0 0 0 0 0 0 0 0 0 
0 6 0 0 33 1323 0 0 9 0 7 0 0 0 0 0 120 0 0 66 0 0 2661 0 3642 3932 0 0 3040 0 4 164276 0 0 0 5893 50 0 0 0 0 0 0 10 368 0 0 10 0 0 0 0 35 0 0 0 0 0 0 0 40 0 0 12 0 0 1196 0 1532 0 21 0 0 0 1191 0 1627 0 28 0 0 0 0 0 0 0 0 0 0 0 0 0 0 0 0 683 0 0 0 7 0 0 0 8 0 4 0 0 0 0 0 0 0 0 0 11 0 0 0 0 0 0 0 0 0 4 0 0 0 
0 6 0 0 35 1315 0 0 7 0 10 0 0 0 0 0 100 0 0 40 0 0 2210 0 3322 4658 0 0 3587 0 2 154970 0 0 0 5926 58 0 0 0 0 0 0 16 366 0 0 11 0 0 0 0 39 0 0 0 0 0 0 0 40 0 0 8 0 0 1652 0 1650 0 42 0 0 0 1416 0 1899 0 40 0 0 0 0 0 0 3 0 0 0 0 0 4 0 0 0 666 0 0 0 14 0 0 0 11 0 8 0 0 0 0 0 0 0 0 0 12 0 0 1 0 0 0 0 0 0 2 0 0 0 
0 4 0 0 21 832 0 0 3 0 4 0 0 0 0 0 66 0 0 23 0 0 992 0 2583 2344 0 0 2885 0 0 107993 0 0 0 3496 44 0 0 0 0 0 0 3 142 0 0 2 0 0 0 0 21 0 0 0 0 0 0 0 10 0 0 3 0 0 770 0 1326 0 16 0 0 0 360 0 1052 0 8 0 0 0 0 0 0 1 0 0 0 0 0 1 0 0 0 169 0 0 0 4 0 0 0 2 0 1 0 0 0 0 0 0 0 0 0 8 0 0 0 0 0 0 0 0 0 0 0 0 0 
0 6 0 0 27 1243 0 0 6 0 10 0 0 0 0 0 106 0 0 29 0 0 1621 0 3929 3239 0 0 3483 0 0 146840 0 0 0 4632 38 0 0 0 0 0 0 19 341 0 0 6 0 0 0 0 23 0 0 0 0 0 0 0 21 0 0 9 0 0 1948 0 1280 0 36 0 0 0 1095 0 1237 0 31 0 0 0 0 0 0 5 0 0 0 0 0 1 0 0 0 660 0 0 0 9 0 0 0 6 0 4 0 0 0 0 0 0 0 0 0 4 0 0 1 0 0 0 0 0 0 4 0 0 0 
0 9 0 0 37 1938 0 0 16 0 22 0 0 0 0 0 97 0 0 86 0 0 4969 0 4804 3834 0 0 4224 0 7 231225 0 0 0 6610 44 0 0 0 0 0 0 39 1060 0 0 11 0 0 0 0 31 0 0 0 0 0 0 0 30 0 0 32 0 0 3806 0 1917 0 70 0 0 0 2921 0 1677 0 69 0 0 0 0 0 0 5 0 0 0 0 0 11 0 0 0 1298 0 0 0 11 0 0 0 11 0 24 0 0 0 0 0 0 0 0 0 9 0 0 1 0 0 0 0 0 0 18 0 0 0 
0 9 0 0 37 1853 0 0 17 0 21 0 0 0 0 0 96 0 0 87 0 0 4999 0 4393 4326 0 0 5243 0 9 232687 0 0 0 5941 45 0 0 0 0 0 0 32 1073 0 0 18 0 0 0 0 32 0 0 0 0 0 0 0 23 0 0 27 0 0 3423 0 2153 0 56 0 0 0 2772 0 1489 0 47 0 0 0 0 0 0 12 0 0 0 0 0 24 0 0 0 1260 0 0 0 15 0 0 0 15 0 16 0 0 0 0 0 0 0 0 0 19 0 0 1 0 0 0 0 0 0 9 0 0 0 
0 9 0 0 45 1479 0 0 20 0 17 0 0 0 0 0 120 0 0 112 0 0 4361 0 3613 6971 0 0 4385 0 17 168292 0 0 0 5512 66 0 0 0 0 0 0 31 569 0 0 28 0 0 0 0 27 0 0 0 0 0 0 0 37 0 0 32 0 0 2981 0 1886 0 43 0 0 0 2113 0 1877 0 54 0 0 0 0 0 0 8 0 0 0 0 0 6 0 0 0 773 0 0 0 20 0 0 0 20 0 18 0 0 0 0 0 0 0 0 0 27 0 0 1 0 0 0 0 0 0 9 0 0 0 
119 6 427 454 30 1343 6953 452 8 1 8 68 260 2111 1259 1765 58 958 863 47 1325 66320 2293 39571 2542 2636 99549 42897 2774 538 3 152204 266559 18068 17021 5359 52 384 1405 22 527 494 383 19 662 6504 487 12 84 125 99 60 27 5 2 3 12 161 518 413 19 149 489 9 292 58745 1061 6566 1518 992 27 194 269 6688 1202 18963 1475 227 22 417 416 2 9 1 0 0 281 10 0 1 0 5 52 151 5734 643 665 211 234 8 17 26 51 7 24 3 299 43 95 0 1 0 0 24 84 6 202 8 0 0 0 0 0 0 0 4 35 126 2 
0 2 0 0 9 579 0 0 0 0 1 0 0 0 0 0 31 0 0 0 0 0 0 0 2037 874 0 0 1542 0 0 85642 0 0 0 2228 18 0 0 0 0 0 0 0 0 0 0 0 0 0 0 0 11 0 0 0 0 0 0 0 5 0 0 0 0 0 226 0 962 0 6 0 0 0 114 0 646 0 1 0 0 0 0 0 0 0 0 0 0 0 0 0 0 0 0 119 0 0 0 1 0 0 0 1 0 0 0 0 0 0 0 0 0 0 0 0 0 0 0 0 0 0 0 0 0 0 0 0 0 
0 4 0 0 21 1131 0 0 2 0 5 0 0 0 0 0 64 0 0 12 0 0 714 0 3201 2146 0 0 2830 0 0 160986 0 0 0 4864 37 0 0 0 0 0 0 8 262 0 0 4 0 0 0 0 27 0 0 0 0 0 0 0 20 0 0 2 0 0 850 0 1629 0 17 0 0 0 827 0 1330 0 18 0 0 0 0 0 0 0 0 0 0 0 0 0 0 0 0 511 0 0 0 5 0 0 0 3 0 2 0 0 0 0 0 0 0 0 0 3 0 0 0 0 0 0 0 0 0 2 0 0 0 
0 8 0 0 37 1492 0 0 13 0 17 0 0 0 0 0 109 0 0 70 0 0 3705 0 3914 5158 0 0 4164 0 4 169898 0 0 0 5107 48 0 0 0 0 0 0 31 593 0 0 15 0 0 0 0 33 0 0 0 0 0 0 0 33 0 0 21 0 0 2590 0 1635 0 52 0 0 0 2089 0 1764 0 57 0 0 0 0 0 0 9 0 0 0 0 0 9 0 0 0 851 0 0 0 15 0 0 0 8 0 19 0 0 0 0 0 0 0 0 0 12 0 0 2 0 0 0 0 0 0 5 0 0 0 
0 6 0 0 36 1285 0 0 7 0 8 0 0 0 0 0 109 0 0 42 0 0 2026 0 3184 5007 0 0 3472 0 1 164181 0 0 0 5708 71 0 0 0 0 0 0 19 456 0 0 13 0 0 0 0 30 0 0 0 0 0 0 0 35 0 0 8 0 0 1737 0 1776 0 24 0 0 0 690 0 1669 0 26 0 0 0 0 0 0 3 0 0 0 0 0 3 0 0 0 513 0 0 0 16 0 0 0 7 0 3 0 0 0 0 0 0 0 0 0 15 0 0 0 0 0 0 0 0 0 2 0 0 0 
0 5 0 0 26 997 0 0 3 0 7 0 0 0 0 0 98 0 0 19 0 0 867 0 2955 4372 0 0 3067 0 0 112373 0 0 0 3665 39 0 0 0 0 0 0 4 179 0 0 3 0 0 0 0 26 0 0 0 0 0 0 0 29 0 0 1 0 0 1028 0 1343 0 16 0 0 0 811 0 1227 0 23 0 0 0 0 0 0 1 0 0 0 0 0 2 0 0 0 454 0 0 0 10 0 0 0 7 0 4 0 0 0 0 0 0 0 0 0 11 0 0 1 0 0 0 0 0 0 1 0 0 0 
0 8 0 0 41 1178 0 0 18 0 10 0 0 0 0 0 124 0 0 102 0 0 3753 0 3106 6877 0 0 4732 0 16 121720 0 0 0 4333 59 0 0 0 0 0 0 36 507 0 0 24 0 0 0 0 29 0 0 0 0 0 0 0 35 0 0 22 0 0 1701 0 1629 0 24 0 0 0 880 0 1543 0 32 0 0 0 0 0 0 4 0 0 0 0 0 6 0 0 0 427 0 0 0 18 0 0 0 11 0 6 0 0 0 0 0 0 0 0 0 16 0 0 0 0 0 0 0 0 0 2 0 0 0 
0 5 0 0 28 1028 0 0 4 0 6 0 0 0 0 0 89 0 0 18 0 0 1063 0 2946 4641 0 0 3565 0 1 117020 0 0 0 3968 45 0 0 0 0 0 0 13 195 0 0 7 0 0 0 0 26 0 0 0 0 0 0 0 30 0 0 2 0 0 1050 0 1530 0 13 0 0 0 760 0 1375 0 21 0 0 0 0 0 0 1 0 0 0 0 0 2 0 0 0 413 0 0 0 9 0 0 0 7 0 2 0 0 0 0 0 0 0 0 0 12 0 0 0 0 0 0 0 0 0 2 0 0 0 
0 8 0 0 46 1347 0 0 18 0 11 0 0 0 0 0 140 0 0 118 0 0 4737 0 3727 6831 0 0 3982 0 14 142172 0 0 0 5640 83 0 0 0 0 0 0 43 585 0 0 31 0 0 0 0 28 0 0 0 0 0 0 0 50 0 0 29 0 0 1937 0 1519 0 38 0 0 0 983 0 1643 0 40 0 0 0 0 0 0 7 0 0 0 0 0 3 0 0 0 470 0 0 0 13 0 0 0 9 0 7 0 0 0 0 0 0 0 0 0 11 0 0 0 0 0 0 0 0 0 2 0 0 0 
0 6 0 0 29 1063 0 0 9 0 6 0 0 0 0 0 89 0 0 58 0 0 2545 0 3149 3748 0 0 4920 0 5 121590 0 0 0 3902 36 0 0 0 0 0 0 19 552 0 0 8 0 0 0 0 32 0 0 0 0 0 0 0 27 0 0 7 0 0 1065 0 1749 0 17 0 0 0 285 0 1020 0 20 0 0 0 0 0 0 2 0 0 0 0 0 5 0 0 0 153 0 0 0 7 0 0 0 2 0 0 0 0 0 0 0 0 0 0 0 5 0 0 0 0 0 0 0 0 0 1 0 0 0 
0 10 0 0 41 2063 0 0 26 0 24 0 0 0 0 0 96 0 0 129 0 0 7429 0 4647 4388 0 0 4596 0 19 243405 0 0 0 7061 53 0 0 0 0 0 0 48 1392 0 0 17 0 0 0 0 30 0 0 0 0 0 0 0 35 0 0 73 0 0 4267 0 1852 0 78 0 0 0 3092 0 1731 0 63 0 0 0 0 0 0 16 0 0 0 0 0 14 0 0 0 1519 0 0 0 24 0 0 0 15 0 28 0 0 0 0 0 0 0 0 0 15 0 0 4 0 0 0 0 0 0 9 0 0 0 
0 10 0 0 39 2281 0 0 27 0 20 0 0 0 0 0 84 0 0 130 0 0 8228 0 4369 3625 0 0 5603 0 26 279812 0 0 0 7877 47 0 0 0 0 0 0 55 1953 0 0 15 0 0 0 0 37 0 0 0 0 0 0 0 26 0 0 53 0 0 3648 0 2441 0 63 0 0 0 2823 0 1816 0 48 0 0 0 0 0 0 13 0 0 0 0 0 17 0 0 0 1456 0 0 0 19 0 0 0 15 0 22 0 0 0 0 0 0 0 0 0 11 0 0 1 0 0 0 0 0 0 4 0 0 0 
0 7 0 0 25 1504 0 0 13 0 9 0 0 0 0 0 81 0 0 58 0 0 3839 0 4029 2509 0 0 4328 0 7 187057 0 0 0 5097 32 0 0 0 0 0 0 25 836 0 0 8 0 0 0 0 27 0 0 0 0 0 0 0 15 0 0 22 0 0 1638 0 1993 0 27 0 0 0 1056 0 1292 0 17 0 0 0 0 0 0 1 0 0 0 0 0 4 0 0 0 538 0 0 0 7 0 0 0 4 0 4 0 0 0 0 0 0 0 0 0 4 0 0 0 0 0 0 0 0 0 2 0 0 0 
0 7 0 0 38 1344 0 0 13 0 8 0 0 0 0 0 112 0 0 80 0 0 3483 0 3229 5269 0 0 3688 0 8 165876 0 0 0 5804 71 0 0 0 0 0 0 25 544 0 0 17 0 0 0 0 31 0 0 0 0 0 0 0 37 0 0 16 0 0 1737 0 1792 0 24 0 0 0 690 0 1690 0 26 0 0 0 0 0 0 3 0 0 0 0 0 3 0 0 0 513 0 0 0 16 0 0 0 7 0 3 0 0 0 0 0 0 0 0 0 15 0 0 0 0 0 0 0 0 0 2 0 0 0 
0 4 0 0 23 854 0 0 2 0 4 0 0 0 0 0 79 0 0 10 0 0 538 0 2460 3864 0 0 2914 0 0 102245 0 0 0 3442 38 0 0 0 0 0 0 3 132 0 0 3 0 0 0 0 25 0 0 0 0 0 0 0 28 0 0 1 0 0 718 0 1340 0 8 0 0 0 406 0 1141 0 15 0 0 0 0 0 0 0 0 0 0 0 0 1 0 0 0 312 0 0 0 9 0 0 0 5 0 1 0 0 0 0 0 0 0 0 0 8 0 0 0 0 0 0 0 0 0 1 0 0 0 
0 6 0 0 25 1358 0 0 7 0 9 0 0 0 0 0 79 0 0 34 0 0 1986 0 4212 2678 0 0 3983 0 2 166520 0 0 0 4845 29 0 0 0 0 0 0 20 495 0 0 3 0 0 0 0 20 0 0 0 0 0 0 0 18 0 0 6 0 0 1702 0 1514 0 30 0 0 0 1167 0 1041 0 27 0 0 0 0 0 0 3 0 0 0 0 0 3 0 0 0 724 0 0 0 6 0 0 0 5 0 8 0 0 0 0 0 0 0 0 0 5 0 0 0 0 0 0 0 0 0 2 0 0 0 
0 5 0 0 26 1077 0 0 5 0 7 0 0 0 0 0 77 0 0 26 0 0 1630 0 3110 3158 0 0 3690 0 1 122818 0 0 0 4441 41 0 0 0 0 0 0 17 293 0 0 4 0 0 0 0 34 0 0 0 0 0 0 0 28 0 0 7 0 0 1149 0 1472 0 32 0 0 0 899 0 1364 0 30 0 0 0 0 0 0 1 0 0 0 0 0 0 0 0 0 467 0 0 0 8 0 0 0 7 0 2 0 0 0 0 0 0 0 0 0 1 0 0 1 0 0 0 0 0 0 5 0 0 0 
0 6 0 0 27 1429 0 0 6 0 10 0 0 0 0 0 82 0 0 29 0 0 1982 0 3831 3143 0 0 3744 0 2 183517 0 0 0 5475 42 0 0 0 0 0 0 24 555 0 0 9 0 0 0 0 32 0 0 0 0 0 0 0 23 0 0 7 0 0 1879 0 1778 0 36 0 0 0 1264 0 1667 0 26 0 0 0 0 0 0 0 0 0 0 0 0 2 0 0 0 721 0 0 0 5 0 0 0 4 0 6 0 0 0 0 0 0 0 0 0 7 0 0 0 0 0 0 0 0 0 7 0 0 0 
0 5 0 0 29 924 0 0 5 0 6 0 0 0 0 0 100 0 0 26 0 0 1235 0 2621 5017 0 0 3228 0 0 104476 0 0 0 3618 52 0 0 0 0 0 0 12 195 0 0 12 0 0 0 0 30 0 0 0 0 0 0 0 34 0 0 8 0 0 977 0 1363 0 11 0 0 0 666 0 1224 0 19 0 0 0 0 0 0 1 0 0 0 0 0 1 0 0 0 354 0 0 0 10 0 0 0 6 0 2 0 0 0 0 0 0 0 0 0 12 0 0 0 0 0 0 0 0 0 1 0 0 0 
0 6 0 0 28 725 0 0 10 0 8 0 0 0 0 0 114 0 0 70 0 0 1914 0 2730 4392 0 0 3089 0 6 62280 0 0 0 2029 41 0 0 0 0 0 0 12 186 0 0 6 0 0 0 0 15 0 0 0 0 0 0 0 28 0 0 12 0 0 1033 0 951 0 21 0 0 0 912 0 630 0 25 0 0 0 0 0 0 5 0 0 0 0 0 3 0 0 0 109 0 0 0 9 0 0 0 8 0 8 0 0 0 0 0 0 0 0 0 5 0 0 0 0 0 0 0 0 0 0 0 0 0 
0 8 0 0 31 1838 0 0 15 0 15 0 0 0 0 0 90 0 0 67 0 0 4614 0 4390 3383 0 0 4893 0 9 222749 0 0 0 5673 33 0 0 0 0 0 0 37 1091 0 0 10 0 0 0 0 31 0 0 0 0 0 0 0 18 0 0 22 0 0 2315 0 2201 0 36 0 0 0 2346 0 1639 0 43 0 0 0 0 0 0 6 0 0 0 0 0 10 0 0 0 1120 0 0 0 10 0 0 0 14 0 17 0 0 0 0 0 0 0 0 0 8 0 0 1 0 0 0 0 0 0 4 0 0 0 
0 6 0 0 26 1197 0 0 9 0 6 0 0 0 0 0 97 0 0 54 0 0 2511 0 3635 3048 0 0 3129 0 4 143710 0 0 0 4610 43 0 0 0 0 0 0 14 338 0 0 5 0 0 0 0 31 0 0 0 0 0 0 0 20 0 0 10 0 0 1355 0 1439 0 28 0 0 0 593 0 1448 0 12 0 0 0 0 0 0 2 0 0 0 0 0 1 0 0 0 416 0 0 0 6 0 0 0 1 0 1 0 0 0 0 0 0 0 0 0 4 0 0 0 0 0 0 0 0 0 2 0 0 0 
0 5 0 0 21 1034 0 0 9 0 1 0 0 0 0 0 71 0 0 45 0 0 2622 0 3218 2561 0 0 4242 0 7 109259 0 0 0 3324 26 0 0 0 0 0 0 22 531 0 0 5 0 0 0 0 23 0 0 0 0 0 0 0 11 0 0 3 0 0 215 0 1698 0 2 0 0 0 128 0 1023 0 4 0 0 0 0 0 0 0 0 0 0 0 0 0 0 0 0 47 0 0 0 0 0 0 0 1 0 0 0 0 0 0 0 0 0 0 0 2 0 0 0 0 0 0 0 0 0 0 0 0 0 
0 4 0 0 20 796 0 0 3 0 4 0 0 0 0 0 60 0 0 19 0 0 741 0 2642 2418 0 0 2728 0 1 101005 0 0 0 2956 33 0 0 0 0 0 0 7 80 0 0 1 0 0 0 0 16 0 0 0 0 0 0 0 14 0 0 0 0 0 888 0 1083 0 18 0 0 0 481 0 870 0 13 0 0 0 0 0 0 3 0 0 0 0 0 0 0 0 0 313 0 0 0 4 0 0 0 2 0 2 0 0 0 0 0 0 0 0 0 4 0 0 0 0 0 0 0 0 0 0 0 0 0 
0 6 0 0 33 821 0 0 7 0 8 0 0 0 0 0 134 0 0 50 0 0 1350 0 2641 6280 0 0 2538 0 4 77021 0 0 0 2738 51 0 0 0 0 0 0 10 192 0 0 13 0 0 0 0 19 0 0 0 0 0 0 0 46 0 0 3 0 0 1148 0 971 0 24 0 0 0 723 0 931 0 28 0 0 0 0 0 0 3 0 0 0 0 0 3 0 0 0 240 0 0 0 8 0 0 0 3 0 4 0 0 0 0 0 0 0 0 0 9 0 0 2 0 0 0 0 0 0 1 0 0 0 
0 6 0 0 30 1170 0 0 12 0 3 0 0 0 0 0 89 0 0 72 0 0 3417 0 3215 3271 0 0 4175 0 11 128162 0 0 0 4946 46 0 0 0 0 0 0 33 625 0 0 10 0 0 0 0 40 0 0 0 0 0 0 0 31 0 0 6 0 0 554 0 1731 0 11 0 0 0 325 0 1391 0 9 0 0 0 0 0 0 0 0 0 0 0 0 1 0 0 0 138 0 0 0 2 0 0 0 3 0 2 0 0 0 0 0 0 0 0 0 3 0 0 0 0 0 0 0 0 0 0 0 0 0 
0 7 0 0 36 1117 0 0 15 0 6 0 0 0 0 0 123 0 0 100 0 0 3624 0 3493 5346 0 0 4802 0 11 99940 0 0 0 4189 48 0 0 0 0 0 0 34 463 0 0 18 0 0 0 0 37 0 0 0 0 0 0 0 39 0 0 18 0 0 1089 0 1303 0 20 0 0 0 542 0 1316 0 24 0 0 0 0 0 0 4 0 0 0 0 0 1 0 0 0 244 0 0 0 7 0 0 0 2 0 1 0 0 0 0 0 0 0 0 0 2 0 0 0 0 0 0 0 0 0 0 0 0 0 
0 7 0 0 33 1925 0 0 11 0 11 0 0 0 0 0 87 0 0 61 0 0 3589 0 4029 2987 0 0 4508 0 4 267200 0 0 0 7551 48 0 0 0 0 0 0 27 1217 0 0 11 0 0 0 0 38 0 0 0 0 0 0 0 24 0 0 16 0 0 1730 0 2535 0 25 0 0 0 2051 0 1781 0 36 0 0 0 0 0 0 1 0 0 0 0 0 6 0 0 0 1134 0 0 0 11 0 0 0 15 0 8 0 0 0 0 0 0 0 0 0 12 0 0 0 0 0 0 0 0 0 5 0 0 0 
0 7 0 0 30 1629 0 0 10 0 14 0 0 0 0 0 84 0 0 46 0 0 3158 0 4189 3287 0 0 4082 0 4 201778 0 0 0 5740 37 0 0 0 0 0 0 34 746 0 0 7 0 0 0 0 36 0 0 0 0 0 0 0 24 0 0 15 0 0 2323 0 1803 0 44 0 0 0 2060 0 1636 0 43 0 0 0 0 0 0 6 0 0 0 0 0 6 0 0 0 1065 0 0 0 9 0 0 0 5 0 13 0 0 0 0 0 0 0 0 0 8 0 0 2 0 0 0 0 0 0 5 0 0 0 
0 9 0 0 43 1407 0 0 24 0 13 0 0 0 0 0 163 0 0 162 0 0 5954 0 4094 6454 0 0 4252 0 25 131206 0 0 0 4959 58 0 0 0 0 0 0 34 710 0 0 20 0 0 0 0 32 0 0 0 0 0 0 0 37 0 0 44 0 0 1866 0 1359 0 41 0 0 0 1305 0 1638 0 39 0 0 0 0 0 0 5 0 0 0 0 0 3 0 0 0 533 0 0 0 12 0 0 0 5 0 8 0 0 0 0 0 0 0 0 0 14 0 0 1 0 0 0 0 0 0 5 0 0 0 
0 5 0 0 23 1182 0 0 7 0 3 0 0 0 0 0 71 0 0 36 0 0 2133 0 3297 2749 0 0 4340 0 4 140070 0 0 0 4135 30 0 0 0 0 0 0 22 509 0 0 4 0 0 0 0 34 0 0 0 0 0 0 0 16 0 0 3 0 0 402 0 1947 0 7 0 0 0 539 0 1339 0 11 0 0 0 0 0 0 0 0 0 0 0 0 3 0 0 0 309 0 0 0 5 0 0 0 3 0 0 0 0 0 0 0 0 0 0 0 3 0 0 0 0 0 0 0 0 0 0 0 0 0 
0 6 0 0 37 873 0 0 12 0 3 0 0 0 0 0 133 0 0 89 0 0 2728 0 2577 6426 0 0 2729 0 10 93899 0 0 0 3758 68 0 0 0 0 0 0 18 306 0 0 23 0 0 0 0 26 0 0 0 0 0 0 0 57 0 0 8 0 0 694 0 1162 0 8 0 0 0 149 0 1302 0 8 0 0 0 0 0 0 1 0 0 0 0 0 1 0 0 0 80 0 0 0 7 0 0 0 2 0 0 0 0 0 0 0 0 0 0 0 6 0 0 0 0 0 0 0 0 0 0 0 0 0 
0 7 0 0 34 1049 0 0 13 0 8 0 0 0 0 0 128 0 0 76 0 0 3188 0 3354 5476 0 0 3879 0 6 90280 0 0 0 3638 47 0 0 0 0 0 0 22 393 0 0 18 0 0 0 0 23 0 0 0 0 0 0 0 28 0 0 20 0 0 1215 0 1201 0 22 0 0 0 622 0 1350 0 28 0 0 0 0 0 0 2 0 0 0 0 0 2 0 0 0 227 0 0 0 9 0 0 0 5 0 3 0 0 0 0 0 0 0 0 0 7 0 0 0 0 0 0 0 0 0 2 0 0 0 
0 6 0 0 30 1444 0 0 6 0 11 0 0 0 0 0 88 0 0 30 0 0 1999 0 3525 3596 0 0 3573 0 1 195241 0 0 0 5622 48 0 0 0 0 0 0 14 631 0 0 13 0 0 0 0 31 0 0 0 0 0 0 0 24 0 0 9 0 0 1999 0 2006 0 32 0 0 0 1392 0 1638 0 33 0 0 0 0 0 0 0 0 0 0 0 0 4 0 0 0 710 0 0 0 12 0 0 0 6 0 5 0 0 0 0 0 0 0 0 0 12 0 0 1 0 0 0 0 0 0 9 0 0 0 
0 9 0 0 41 2079 0 0 19 0 20 0 0 0 0 0 86 0 0 101 0 0 5908 0 4478 3864 0 0 4699 0 7 270688 0 0 0 7751 51 0 0 0 0 0 0 46 1316 0 0 17 0 0 0 0 38 0 0 0 0 0 0 0 36 0 0 53 0 0 3453 0 2247 0 63 0 0 0 3001 0 1743 0 73 0 0 0 0 0 0 8 0 0 0 0 0 7 0 0 0 1528 0 0 0 18 0 0 0 16 0 14 0 0 0 0 0 0 0 0 0 9 0 0 3 0 0 0 0 0 0 14 0 0 0 
0 6 0 0 26 1173 0 0 12 0 3 0 0 0 0 0 87 0 0 66 0 0 3484 0 3497 3130 0 0 4429 0 10 131656 0 0 0 3849 31 0 0 0 0 0 0 24 682 0 0 7 0 0 0 0 27 0 0 0 0 0 0 0 17 0 0 8 0 0 297 0 1817 0 9 0 0 0 470 0 1059 0 10 0 0 0 0 0 0 0 0 0 0 0 0 1 0 0 0 119 0 0 0 4 0 0 0 0 0 1 0 0 0 0 0 0 0 0 0 3 0 0 0 0 0 0 0 0 0 0 0 0 0 
0 5 0 0 31 527 0 0 7 0 3 0 0 0 0 0 107 0 0 57 0 0 1188 0 1928 4733 0 0 2549 0 4 52281 0 0 0 2712 62 0 0 0 0 0 0 10 29 0 0 13 0 0 0 0 15 0 0 0 0 0 0 0 29 0 0 3 0 0 539 0 695 0 15 0 0 0 151 0 708 0 14 0 0 0 0 0 0 1 0 0 0 0 0 0 0 0 0 81 0 0 0 0 0 0 0 1 0 2 0 0 0 0 0 0 0 0 0 3 0 0 0 0 0 0 0 0 0 0 0 0 0 
0 6 0 0 39 543 0 0 14 0 1 0 0 0 0 0 136 0 0 113 0 0 2167 0 1908 6007 0 0 2514 0 16 49031 0 0 0 2579 81 0 0 0 0 0 0 22 105 0 0 26 0 0 0 0 22 0 0 0 0 0 0 0 36 0 0 4 0 0 37 0 654 0 5 0 0 0 268 0 762 0 4 0 0 0 0 0 0 0 0 0 0 0 0 0 0 0 0 5 0 0 0 1 0 0 0 0 0 0 0 0 0 0 0 0 0 0 0 2 0 0 0 0 0 0 0 0 0 0 0 0 0 
0 5 0 0 33 735 0 0 5 0 5 0 0 0 0 0 115 0 0 44 0 0 870 0 2124 5183 0 0 2175 0 1 79332 0 0 0 3803 65 0 0 0 0 0 0 3 55 0 0 7 0 0 0 0 21 0 0 0 0 0 0 0 39 0 0 5 0 0 1068 0 950 0 16 0 0 0 350 0 1174 0 20 0 0 0 0 0 0 2 0 0 0 0 0 0 0 0 0 263 0 0 0 12 0 0 0 5 0 0 0 0 0 0 0 0 0 0 0 11 0 0 0 0 0 0 0 0 0 2 0 0 0 
0 9 0 0 50 1235 0 0 29 0 7 0 0 0 0 0 149 0 0 212 0 0 6112 0 2988 7111 0 0 3841 0 44 145795 0 0 0 5942 94 0 0 0 0 0 0 48 502 0 0 35 0 0 0 0 29 0 0 0 0 0 0 0 43 0 0 31 0 0 1753 0 1689 0 29 0 0 0 431 0 1926 0 17 0 0 0 0 0 0 5 0 0 0 0 0 2 0 0 0 263 0 0 0 16 0 0 0 7 0 2 0 0 0 0 0 0 0 0 0 13 0 0 0 0 0 0 0 0 0 0 0 0 0 
0 2 0 0 10 338 0 0 1 0 0 0 0 0 0 0 42 0 0 6 0 0 235 0 1425 1494 0 0 1500 0 0 30579 0 0 0 1275 13 0 0 0 0 0 0 4 50 0 0 0 0 0 0 0 7 0 0 0 0 0 0 0 9 0 0 0 0 0 0 0 414 0 0 0 0 0 0 0 303 0 0 0 0 0 0 0 0 0 0 0 0 0 0 0 0 0 0 0 0 0 0 0 0 0 0 0 0 0 0 0 0 0 0 0 0 0 0 0 0 0 0 0 0 0 0 0 0 0 0 0 0 
0 8 0 0 41 1537 0 0 18 0 12 0 0 0 0 0 114 0 0 120 0 0 4715 0 3798 5082 0 0 4510 0 15 179563 0 0 0 6350 61 0 0 0 0 0 0 36 819 0 0 21 0 0 0 0 35 0 0 0 0 0 0 0 45 0 0 27 0 0 2346 0 1631 0 47 0 0 0 1442 0 1828 0 34 0 0 0 0 0 0 8 0 0 0 0 0 7 0 0 0 729 0 0 0 11 0 0 0 9 0 11 0 0 0 0 0 0 0 0 0 10 0 0 0 0 0 0 0 0 0 1 0 0 0 
0 9 0 0 47 1534 0 0 24 0 14 0 0 0 0 0 136 0 0 159 0 0 6216 0 4005 6838 0 0 5014 0 22 159968 0 0 0 6202 67 0 0 0 0 0 0 45 837 0 0 30 0 0 0 0 32 0 0 0 0 0 0 0 53 0 0 47 0 0 2053 0 1629 0 52 0 0 0 1698 0 1881 0 40 0 0 0 0 0 0 7 0 0 0 0 0 8 0 0 0 615 0 0 0 15 0 0 0 12 0 14 0 0 0 0 0 0 0 0 0 15 0 0 0 0 0 0 0 0 0 0 0 0 0 
0 5 0 0 31 1023 0 0 5 0 5 0 0 0 0 0 95 0 0 40 0 0 1709 0 2754 4037 0 0 2980 0 2 124627 0 0 0 4851 67 0 0 0 0 0 0 17 323 0 0 9 0 0 0 0 27 0 0 0 0 0 0 0 26 0 0 2 0 0 1023 0 1504 0 22 0 0 0 364 0 1594 0 13 0 0 0 0 0 0 0 0 0 0 0 0 3 0 0 0 165 0 0 0 7 0 0 0 1 0 2 0 0 0 0 0 0 0 0 0 5 0 0 0 0 0 0 0 0 0 1 0 0 0 
0 5 0 0 24 1077 0 0 5 0 6 0 0 0 0 0 86 0 0 27 0 0 1339 0 3303 2959 0 0 3358 0 1 131448 0 0 0 3900 36 0 0 0 0 0 0 12 341 0 0 5 0 0 0 0 22 0 0 0 0 0 0 0 17 0 0 3 0 0 1042 0 1426 0 22 0 0 0 926 0 1129 0 21 0 0 0 0 0 0 2 0 0 0 0 0 2 0 0 0 391 0 0 0 5 0 0 0 7 0 5 0 0 0 0 0 0 0 0 0 3 0 0 0 0 0 0 0 0 0 0 0 0 0 
0 5 0 0 32 1234 0 0 5 0 6 0 0 0 0 0 88 0 0 29 0 0 1624 0 2733 4094 0 0 3159 0 1 168594 0 0 0 6250 65 0 0 0 0 0 0 12 436 0 0 13 0 0 0 0 40 0 0 0 0 0 0 0 33 0 0 4 0 0 1157 0 1789 0 24 0 0 0 912 0 2082 0 19 0 0 0 0 0 0 3 0 0 0 0 0 1 0 0 0 435 0 0 0 6 0 0 0 5 0 4 0 0 0 0 0 0 0 0 0 14 0 0 0 0 0 0 0 0 0 0 0 0 0 
0 8 0 0 36 1258 0 0 22 0 8 0 0 0 0 0 128 0 0 131 0 0 5265 0 3941 4961 0 0 4751 0 27 113444 0 0 0 4436 43 0 0 0 0 0 0 44 740 0 0 11 0 0 0 0 22 0 0 0 0 0 0 0 30 0 0 30 0 0 1179 0 1343 0 30 0 0 0 894 0 1272 0 25 0 0 0 0 0 0 2 0 0 0 0 0 3 0 0 0 296 0 0 0 7 0 0 0 6 0 6 0 0 0 0 0 0 0 0 0 6 0 0 0 0 0 0 0 0 0 0 0 0 0 
0 5 0 0 28 942 0 0 6 0 4 0 0 0 0 0 83 0 0 47 0 0 1609 0 3111 3576 0 0 3871 0 2 111997 0 0 0 4109 46 0 0 0 0 0 0 15 183 0 0 6 0 0 0 0 26 0 0 0 0 0 0 0 27 0 0 4 0 0 744 0 1283 0 17 0 0 0 547 0 1100 0 18 0 0 0 0 0 0 1 0 0 0 0 0 1 0 0 0 245 0 0 0 3 0 0 0 4 0 2 0 0 0 0 0 0 0 0 0 0 0 0 0 0 0 0 0 0 0 0 0 0 0 
0 6 0 0 33 1414 0 0 9 0 6 0 0 0 0 0 97 0 0 55 0 0 2674 0 3636 3256 0 0 3934 0 3 184879 0 0 0 6713 57 0 0 0 0 0 0 26 712 0 0 9 0 0 0 0 35 0 0 0 0 0 0 0 31 0 0 10 0 0 1311 0 1836 0 25 0 0 0 740 0 1668 0 17 0 0 0 0 0 0 2 0 0 0 0 0 2 0 0 0 446 0 0 0 8 0 0 0 7 0 3 0 0 0 0 0 0 0 0 0 7 0 0 0 0 0 0 0 0 0 0 0 0 0 
0 5 0 0 28 1127 0 0 5 0 6 0 0 0 0 0 95 0 0 32 0 0 1505 0 3241 3468 0 0 2749 0 1 141025 0 0 0 5364 50 0 0 0 0 0 0 11 237 0 0 3 0 0 0 0 28 0 0 0 0 0 0 0 29 0 0 6 0 0 1159 0 1355 0 23 0 0 0 927 0 1589 0 18 0 0 0 0 0 0 2 0 0 0 0 0 0 0 0 0 488 0 0 0 4 0 0 0 7 0 0 0 0 0 0 0 0 0 0 0 15 0 0 0 0 0 0 0 0 0 4 0 0 0 
0 5 0 0 37 240 0 0 7 0 3 0 0 0 0 0 155 0 0 69 0 0 620 0 839 7432 0 0 1352 0 3 9119 0 0 0 1220 72 0 0 0 0 0 0 4 20 0 0 16 0 0 0 0 10 0 0 0 0 0 0 0 57 0 0 5 0 0 188 0 98 0 18 0 0 0 80 0 496 0 12 0 0 0 0 0 0 0 0 0 0 0 0 1 0 0 0 12 0 0 0 2 0 0 0 2 0 1 0 0 0 0 0 0 0 0 0 6 0 0 0 0 0 0 0 0 0 0 0 0 0 
0 5 0 0 27 1052 0 0 5 0 6 0 0 0 0 0 103 0 0 29 0 0 1478 0 3093 3510 0 0 3394 0 1 127163 0 0 0 4505 46 0 0 0 0 0 0 17 385 0 0 8 0 0 0 0 24 0 0 0 0 0 0 0 20 0 0 4 0 0 1086 0 1358 0 22 0 0 0 725 0 1454 0 18 0 0 0 0 0 0 1 0 0 0 0 0 2 0 0 0 304 0 0 0 7 0 0 0 4 0 5 0 0 0 0 0 0 0 0 0 8 0 0 0 0 0 0 0 0 0 0 0 0 0 
0 7 0 0 34 1575 0 0 12 0 10 0 0 0 0 0 104 0 0 69 0 0 3646 0 3741 3985 0 0 4549 0 6 197023 0 0 0 6126 52 0 0 0 0 0 0 28 908 0 0 14 0 0 0 0 38 0 0 0 0 0 0 0 28 0 0 14 0 0 1653 0 2081 0 30 0 0 0 1476 0 1822 0 32 0 0 0 0 0 0 3 0 0 0 0 0 4 0 0 0 653 0 0 0 11 0 0 0 12 0 13 0 0 0 0 0 0 0 0 0 9 0 0 0 0 0 0 0 0 0 0 0 0 0 
0 7 0 0 32 1396 0 0 11 0 11 0 0 0 0 0 106 0 0 65 0 0 3100 0 3875 3992 0 0 5035 0 6 147138 0 0 0 4992 42 0 0 0 0 0 0 25 758 0 0 6 0 0 0 0 31 0 0 0 0 0 0 0 21 0 0 12 0 0 1670 0 1794 0 40 0 0 0 1409 0 1481 0 37 0 0 0 0 0 0 3 0 0 0 0 0 3 0 0 0 525 0 0 0 9 0 0 0 7 0 11 0 0 0 0 0 0 0 0 0 7 0 0 1 0 0 0 0 0 0 4 0 0 0 
0 7 0 0 31 1337 0 0 12 0 10 0 0 0 0 0 114 0 0 62 0 0 3266 0 3864 4315 0 0 3825 0 7 140728 0 0 0 4602 39 0 0 0 0 0 0 19 506 0 0 13 0 0 0 0 27 0 0 0 0 0 0 0 30 0 0 14 0 0 1638 0 1555 0 35 0 0 0 1375 0 1731 0 27 0 0 0 0 0 0 4 0 0 0 0 0 5 0 0 0 530 0 0 0 8 0 0 0 10 0 8 0 0 0 0 0 0 0 0 0 7 0 0 1 0 0 0 0 0 0 1 0 0 0 
0 6 0 0 36 478 0 0 10 0 5 0 0 0 0 0 150 0 0 97 0 0 1168 0 1588 5753 0 0 2104 0 6 32629 0 0 0 2540 76 0 0 0 0 0 0 9 36 0 0 4 0 0 0 0 10 0 0 0 0 0 0 0 32 0 0 9 0 0 797 0 417 0 23 0 0 0 224 0 830 0 22 0 0 0 0 0 0 3 0 0 0 0 0 0 0 0 0 56 0 0 0 6 0 0 0 3 0 1 0 0 0 0 0 0 0 0 0 8 0 0 0 0 0 0 0 0 0 1 0 0 0 
0 3 0 0 21 317 0 0 3 0 0 0 0 0 0 0 72 0 0 22 0 0 609 0 1042 3517 0 0 1714 0 1 34579 0 0 0 1286 53 0 0 0 0 0 0 9 8 0 0 7 0 0 0 0 16 0 0 0 0 0 0 0 16 0 0 0 0 0 0 0 593 0 0 0 0 0 0 0 454 0 0 0 0 0 0 0 0 0 0 0 0 0 0 0 0 0 0 0 0 0 0 0 0 0 0 0 0 0 0 0 0 0 0 0 0 0 0 0 0 0 0 0 0 0 0 0 0 0 0 0 0 
0 3 0 0 20 201 0 0 1 0 2 0 0 0 0 0 77 0 0 4 0 0 56 0 731 3243 0 0 1718 0 0 9889 0 0 0 1091 40 0 0 0 0 0 0 1 5 0 0 4 0 0 0 0 11 0 0 0 0 0 0 0 20 0 0 0 0 0 256 0 221 0 12 0 0 0 55 0 368 0 9 0 0 0 0 0 0 1 0 0 0 0 0 0 0 0 0 10 0 0 0 2 0 0 0 2 0 0 0 0 0 0 0 0 0 0 0 3 0 0 0 0 0 0 0 0 0 0 0 0 0 
0 5 0 0 27 550 0 0 9 0 1 0 0 0 0 0 96 0 0 73 0 0 1824 0 1690 4014 0 0 2437 0 7 51948 0 0 0 2583 50 0 0 0 0 0 0 10 91 0 0 10 0 0 0 0 21 0 0 0 0 0 0 0 31 0 0 3 0 0 129 0 737 0 2 0 0 0 32 0 913 0 4 0 0 0 0 0 0 0 0 0 0 0 0 0 0 0 0 12 0 0 0 1 0 0 0 0 0 0 0 0 0 0 0 0 0 0 0 1 0 0 0 0 0 0 0 0 0 0 0 0 0 
0 5 0 0 27 603 0 0 7 0 3 0 0 0 0 0 109 0 0 59 0 0 1093 0 2056 3231 0 0 2054 0 4 70969 0 0 0 2806 50 0 0 0 0 0 0 7 41 0 0 3 0 0 0 0 18 0 0 0 0 0 0 0 20 0 0 3 0 0 935 0 731 0 16 0 0 0 113 0 786 0 9 0 0 0 0 0 0 3 0 0 0 0 0 0 0 0 0 87 0 0 0 7 0 0 0 3 0 0 0 0 0 0 0 0 0 0 0 3 0 0 0 0 0 0 0 0 0 0 0 0 0 
0 3 0 0 15 703 0 0 1 0 4 0 0 0 0 0 55 0 0 6 0 0 335 0 2290 1827 0 0 2156 0 0 90260 0 0 0 2734 22 0 0 0 0 0 0 3 96 0 0 1 0 0 0 0 16 0 0 0 0 0 0 0 11 0 0 0 0 0 613 0 970 0 16 0 0 0 613 0 931 0 16 0 0 0 0 0 0 1 0 0 0 0 0 1 0 0 0 262 0 0 0 2 0 0 0 2 0 2 0 0 0 0 0 0 0 0 0 2 0 0 0 0 0 0 0 0 0 0 0 0 0 
0 4 0 0 29 870 0 0 2 0 4 0 0 0 0 0 89 0 0 14 0 0 698 0 2366 3632 0 0 2398 0 0 108602 0 0 0 4886 64 0 0 0 0 0 0 7 83 0 0 5 0 0 0 0 31 0 0 0 0 0 0 0 39 0 0 0 0 0 794 0 1264 0 19 0 0 0 413 0 1590 0 15 0 0 0 0 0 0 1 0 0 0 0 0 1 0 0 0 262 0 0 0 8 0 0 0 5 0 2 0 0 0 0 0 0 0 0 0 9 0 0 0 0 0 0 0 0 0 0 0 0 0 
0 9 0 0 38 1717 0 0 18 0 22 0 0 0 0 0 130 0 0 99 0 0 4954 0 4523 4637 0 0 4246 0 11 188718 0 0 0 5816 50 0 0 0 0 0 0 28 858 0 0 21 0 0 0 0 26 0 0 0 0 0 0 0 30 0 0 33 0 0 3535 0 1677 0 67 0 0 0 2911 0 1797 0 63 0 0 0 0 0 0 13 0 0 0 0 0 16 0 0 0 1000 0 0 0 18 0 0 0 17 0 26 0 0 0 0 0 0 0 0 0 9 0 0 3 0 0 0 0 0 0 11 0 0 0 
0 6 0 0 28 1080 0 0 10 0 7 0 0 0 0 0 101 0 0 72 0 0 2672 0 3496 2709 0 0 3704 0 6 124447 0 0 0 4167 43 0 0 0 0 0 0 16 346 0 0 3 0 0 0 0 22 0 0 0 0 0 0 0 11 0 0 11 0 0 1100 0 1394 0 17 0 0 0 919 0 1070 0 21 0 0 0 0 0 0 2 0 0 0 0 0 4 0 0 0 322 0 0 0 6 0 0 0 7 0 6 0 0 0 0 0 0 0 0 0 10 0 0 0 0 0 0 0 0 0 0 0 0 0 
0 2 0 0 11 395 0 0 0 0 2 0 0 0 0 0 45 0 0 0 0 0 0 0 1463 1342 0 0 1715 0 0 38420 0 0 0 1637 21 0 0 0 0 0 0 0 0 0 0 0 0 0 0 0 10 0 0 0 0 0 0 0 6 0 0 0 0 0 276 0 573 0 7 0 0 0 276 0 565 0 7 0 0 0 0 0 0 0 0 0 0 0 0 0 0 0 0 116 0 0 0 3 0 0 0 3 0 0 0 0 0 0 0 0 0 0 0 2 0 0 0 0 0 0 0 0 0 0 0 0 0 
0 4 0 0 22 895 0 0 4 0 3 0 0 0 0 0 66 0 0 28 0 0 1228 0 2689 2432 0 0 3492 0 1 104549 0 0 0 4131 38 0 0 0 0 0 0 10 296 0 0 4 0 0 0 0 31 0 0 0 0 0 0 0 27 0 0 3 0 0 487 0 1374 0 15 0 0 0 355 0 1159 0 9 0 0 0 0 0 0 0 0 0 0 0 0 1 0 0 0 187 0 0 0 3 0 0 0 3 0 1 0 0 0 0 0 0 0 0 0 1 0 0 0 0 0 0 0 0 0 0 0 0 0 
0 5 0 0 24 1010 0 0 5 0 6 0 0 0 0 0 90 0 0 31 0 0 1488 0 3243 2816 0 0 4202 0 1 104469 0 0 0 3605 35 0 0 0 0 0 0 10 332 0 0 2 0 0 0 0 28 0 0 0 0 0 0 0 13 0 0 5 0 0 838 0 1501 0 20 0 0 0 835 0 1089 0 25 0 0 0 0 0 0 0 0 0 0 0 0 1 0 0 0 297 0 0 0 5 0 0 0 7 0 4 0 0 0 0 0 0 0 0 0 4 0 0 0 0 0 0 0 0 0 2 0 0 0 
0 8 0 0 42 1390 0 0 16 0 13 0 0 0 0 0 150 0 0 113 0 0 4242 0 3746 5498 0 0 4303 0 11 147622 0 0 0 5519 65 0 0 0 0 0 0 41 632 0 0 13 0 0 0 0 40 0 0 0 0 0 0 0 35 0 0 27 0 0 2249 0 1662 0 48 0 0 0 1367 0 1792 0 39 0 0 0 0 0 0 2 0 0 0 0 0 12 0 0 0 558 0 0 0 13 0 0 0 4 0 3 0 0 0 0 0 0 0 0 0 18 0 0 1 0 0 0 0 0 0 6 0 0 0 
0 8 0 0 52 1348 0 0 18 0 12 0 0 0 0 0 134 0 0 136 0 0 4448 0 3262 7341 0 0 3859 0 11 159347 0 0 0 6597 106 0 0 0 0 0 0 39 590 0 0 35 0 0 0 0 29 0 0 0 0 0 0 0 59 0 0 41 0 0 2335 0 1519 0 54 0 0 0 1156 0 1955 0 36 0 0 0 0 0 0 7 0 0 0 0 0 2 0 0 0 590 0 0 0 17 0 0 0 16 0 2 0 0 0 0 0 0 0 0 0 20 0 0 1 0 0 0 0 0 0 5 0 0 0 
0 5 0 0 28 1056 0 0 6 0 4 0 0 0 0 0 103 0 0 47 0 0 1765 0 3294 3515 0 0 3059 0 2 122110 0 0 0 4972 48 0 0 0 0 0 0 13 312 0 0 1 0 0 0 0 26 0 0 0 0 0 0 0 36 0 0 4 0 0 732 0 1246 0 20 0 0 0 474 0 1439 0 11 0 0 0 0 0 0 1 0 0 0 0 0 0 0 0 0 309 0 0 0 5 0 0 0 5 0 3 0 0 0 0 0 0 0 0 0 7 0 0 0 0 0 0 0 0 0 0 0 0 0 
0 4 0 0 22 915 0 0 4 0 2 0 0 0 0 0 78 0 0 26 0 0 1187 0 2950 2387 0 0 2895 0 1 112394 0 0 0 4360 38 0 0 0 0 0 0 12 231 0 0 1 0 0 0 0 24 0 0 0 0 0 0 0 25 0 0 2 0 0 373 0 1266 0 9 0 0 0 287 0 1209 0 6 0 0 0 0 0 0 0 0 0 0 0 0 0 0 0 0 213 0 0 0 4 0 0 0 4 0 1 0 0 0 0 0 0 0 0 0 4 0 0 0 0 0 0 0 0 0 0 0 0 0 
0 6 0 0 32 1518 0 0 8 0 9 0 0 0 0 0 83 0 0 49 0 0 2599 0 3501 3396 0 0 4087 0 2 202020 0 0 0 6589 53 0 0 0 0 0 0 21 743 0 0 9 0 0 0 0 39 0 0 0 0 0 0 0 31 0 0 10 0 0 1362 0 2084 0 28 0 0 0 1564 0 1887 0 32 0 0 0 0 0 0 4 0 0 0 0 0 4 0 0 0 714 0 0 0 8 0 0 0 11 0 9 0 0 0 0 0 0 0 0 0 11 0 0 0 0 0 0 0 0 0 0 0 0 0 
0 3 0 0 25 653 0 0 0 0 3 0 0 0 0 0 68 0 0 0 0 0 0 0 1657 3470 0 0 1852 0 0 89568 0 0 0 4131 59 0 0 0 0 0 0 0 0 0 0 0 0 0 0 0 27 0 0 0 0 0 0 0 39 0 0 0 0 0 714 0 1086 0 12 0 0 0 266 0 1349 0 8 0 0 0 0 0 0 0 0 0 0 0 0 0 0 0 0 158 0 0 0 7 0 0 0 6 0 0 0 0 0 0 0 0 0 0 0 12 0 0 0 0 0 0 0 0 0 1 0 0 0 
0 5 0 0 32 864 0 0 5 0 6 0 0 0 0 0 102 0 0 46 0 0 1141 0 2623 4698 0 0 2202 0 1 91865 0 0 0 4278 58 0 0 0 0 0 0 8 162 0 0 6 0 0 0 0 23 0 0 0 0 0 0 0 52 0 0 3 0 0 1083 0 855 0 25 0 0 0 723 0 1256 0 23 0 0 0 0 0 0 3 0 0 0 0 0 1 0 0 0 347 0 0 0 8 0 0 0 8 0 5 0 0 0 0 0 0 0 0 0 7 0 0 0 0 0 0 0 0 0 0 0 0 0 
10 5 14 43 29 1100 43 45 5 0 7 2 7 0 63 221 88 59 129 31 254 5173 1529 294 2973 3705 9158 98 3147 61 1 143142 105 91 156 4652 50 35 61 0 7 27 0 12 414 45 39 10 0 0 0 0 20 0 0 0 0 0 0 55 27 10 21 5 31 1788 1282 14 1627 39 21 9 0 28 900 56 1431 9 21 14 9 0 0 0 0 2 8 0 0 0 0 4 1 1 3 340 1 9 0 6 0 0 0 6 0 4 3 0 1 0 0 0 0 0 0 14 4 0 0 0 0 0 0 0 0 0 0 2 0 
0 4 0 0 33 399 0 0 3 0 3 0 0 0 0 0 110 0 0 28 0 0 678 0 1031 5939 0 0 1923 0 0 41423 0 0 0 2549 80 0 0 0 0 0 0 6 14 0 0 9 0 0 0 0 22 0 0 0 0 0 0 0 47 0 0 2 0 0 334 0 615 0 19 0 0 0 89 0 927 0 8 0 0 0 0 0 0 0 0 0 0 0 0 1 0 0 0 28 0 0 0 6 0 0 0 3 0 1 0 0 0 0 0 0 0 0 0 8 0 0 0 0 0 0 0 0 0 0 0 0 0 
0 6 0 0 33 1605 0 0 7 0 10 0 0 0 0 0 85 0 0 44 0 0 2300 0 3763 3144 0 0 3823 0 1 221722 0 0 0 7181 53 0 0 0 0 0 0 20 748 0 0 7 0 0 0 0 37 0 0 0 0 0 0 0 31 0 0 10 0 0 1606 0 2069 0 31 0 0 0 1890 0 1772 0 38 0 0 0 0 0 0 3 0 0 0 0 0 4 0 0 0 890 0 0 0 6 0 0 0 10 0 6 0 0 0 0 0 0 0 0 0 15 0 0 1 0 0 0 0 0 0 3 0 0 0 
0 4 0 0 23 829 0 0 4 0 3 0 0 0 0 0 77 0 0 32 0 0 1163 0 2515 2554 0 0 2675 0 1 107087 0 0 0 3564 35 0 0 0 0 0 0 9 196 0 0 1 0 0 0 0 27 0 0 0 0 0 0 0 27 0 0 3 0 0 490 0 1433 0 11 0 0 0 544 0 1027 0 14 0 0 0 0 0 0 0 0 0 0 0 0 1 0 0 0 113 0 0 0 6 0 0 0 6 0 1 0 0 0 0 0 0 0 0 0 2 0 0 0 0 0 0 0 0 0 0 0 0 0 
0 4 0 0 28 531 0 0 4 0 4 0 0 0 0 0 98 0 0 37 0 0 739 0 1509 4165 0 0 2490 0 1 59429 0 0 0 2738 53 0 0 0 0 0 0 11 67 0 0 6 0 0 0 0 27 0 0 0 0 0 0 0 40 0 0 4 0 0 644 0 851 0 16 0 0 0 644 0 1042 0 16 0 0 0 0 0 0 1 0 0 0 0 0 1 0 0 0 58 0 0 0 8 0 0 0 8 0 2 0 0 0 0 0 0 0 0 0 4 0 0 0 0 0 0 0 0 0 0 0 0 0 
0 9 0 0 50 1005 0 0 27 0 9 0 0 0 0 0 178 0 0 226 0 0 4647 0 2656 7249 0 0 3043 0 34 105759 0 0 0 5378 97 0 0 0 0 0 0 19 211 0 0 24 0 0 0 0 35 0 0 0 0 0 0 0 57 0 0 38 0 0 1704 0 1145 0 47 0 0 0 660 0 1659 0 28 0 0 0 0 0 0 5 0 0 0 0 0 2 0 0 0 285 0 0 0 14 0 0 0 7 0 4 0 0 0 0 0 0 0 0 0 12 0 0 0 0 0 0 0 0 0 1 0 0 0 
0 6 0 0 27 911 0 0 9 0 7 0 0 0 0 0 101 0 0 68 0 0 2027 0 2530 2827 0 0 2243 0 3 120019 0 0 0 4096 40 0 0 0 0 0 0 4 208 0 0 3 0 0 0 0 28 0 0 0 0 0 0 0 32 0 0 12 0 0 1256 0 1276 0 29 0 0 0 867 0 1367 0 24 0 0 0 0 0 0 2 0 0 0 0 0 2 0 0 0 158 0 0 0 10 0 0 0 7 0 5 0 0 0 0 0 0 0 0 0 1 0 0 0 0 0 0 0 0 0 0 0 0 0 
0 6 0 0 38 1436 0 0 10 0 6 0 0 0 0 0 118 0 0 77 0 0 3146 0 3198 4054 0 0 3256 0 5 196460 0 0 0 7518 74 0 0 0 0 0 0 22 667 0 0 13 0 0 0 0 38 0 0 0 0 0 0 0 40 0 0 14 0 0 1232 0 1893 0 22 0 0 0 937 0 2127 0 20 0 0 0 0 0 0 0 0 0 0 0 0 1 0 0 0 528 0 0 0 7 0 0 0 9 0 2 0 0 0 0 0 0 0 0 0 15 0 0 0 0 0 0 0 0 0 2 0 0 0 
0 7 0 0 35 1835 0 0 13 0 9 0 0 0 0 0 91 0 0 75 0 0 4206 0 3915 3142 0 0 4460 0 6 250486 0 0 0 7767 56 0 0 0 0 0 0 35 1187 0 0 9 0 0 0 0 37 0 0 0 0 0 0 0 26 0 0 22 0 0 1537 0 2466 0 25 0 0 0 1681 0 1938 0 31 0 0 0 0 0 0 1 0 0 0 0 0 4 0 0 0 863 0 0 0 9 0 0 0 14 0 4 0 0 0 0 0 0 0 0 0 13 0 0 0 0 0 0 0 0 0 3 0 0 0 
0 6 0 0 35 1546 0 0 6 0 11 0 0 0 0 0 89 0 0 39 0 0 2139 0 3367 3827 0 0 3778 0 1 210868 0 0 0 6955 66 0 0 0 0 0 0 16 608 0 0 9 0 0 0 0 42 0 0 0 0 0 0 0 27 0 0 8 0 0 1784 0 2164 0 41 0 0 0 1873 0 2116 0 42 0 0 0 0 0 0 3 0 0 0 0 0 4 0 0 0 846 0 0 0 14 0 0 0 13 0 7 0 0 0 0 0 0 0 0 0 13 0 0 2 0 0 0 0 0 0 3 0 0 0 
0 2 0 0 11 376 0 0 1 0 0 0 0 0 0 0 32 0 0 11 0 0 366 0 1038 1234 0 0 1043 0 0 51158 0 0 0 2266 22 0 0 0 0 0 0 0 5 0 0 0 0 0 0 0 21 0 0 0 0 0 0 0 21 0 0 0 0 0 0 0 642 0 0 0 0 0 0 0 685 0 0 0 0 0 0 0 0 0 0 0 0 0 0 0 0 0 0 0 0 0 0 0 0 0 0 0 0 0 0 0 0 0 0 0 0 0 0 0 0 0 0 0 0 0 0 0 0 0 0 0 0 
0 1 0 0 9 317 0 0 0 0 0 0 0 0 0 0 23 0 0 0 0 0 0 0 817 964 0 0 821 0 0 49463 0 0 0 2170 22 0 0 0 0 0 0 0 0 0 0 0 0 0 0 0 20 0 0 0 0 0 0 0 19 0 0 0 0 0 0 0 626 0 0 0 0 0 0 0 664 0 0 0 0 0 0 0 0 0 0 0 0 0 0 0 0 0 0 0 0 0 0 0 0 0 0 0 0 0 0 0 0 0 0 0 0 0 0 0 0 0 0 0 0 0 0 0 0 0 0 0 0 
0 6 0 0 35 1489 0 0 9 0 8 0 0 0 0 0 94 0 0 54 0 0 2864 0 3403 3611 0 0 3701 0 2 201817 0 0 0 7189 70 0 0 0 0 0 0 31 720 0 0 9 0 0 0 0 39 0 0 0 0 0 0 0 34 0 0 17 0 0 1558 0 1972 0 33 0 0 0 1293 0 2020 0 27 0 0 0 0 0 0 3 0 0 0 0 0 1 0 0 0 640 0 0 0 9 0 0 0 11 0 3 0 0 0 0 0 0 0 0 0 13 0 0 0 0 0 0 0 0 0 2 0 0 0 
0 7 0 0 37 1680 0 0 10 0 13 0 0 0 0 0 102 0 0 62 0 0 3261 0 3799 3744 0 0 4104 0 2 218318 0 0 0 7079 63 0 0 0 0 0 0 26 892 0 0 11 0 0 0 0 33 0 0 0 0 0 0 0 27 0 0 18 0 0 2135 0 2127 0 48 0 0 0 2089 0 1967 0 44 0 0 0 0 0 0 4 0 0 0 0 0 5 0 0 0 886 0 0 0 17 0 0 0 15 0 10 0 0 0 0 0 0 0 0 0 9 0 0 3 0 0 0 0 0 0 3 0 0 0 
0 2 0 0 11 376 0 0 1 0 0 0 0 0 0 0 32 0 0 11 0 0 366 0 1038 1234 0 0 1043 0 0 51158 0 0 0 2266 22 0 0 0 0 0 0 0 5 0 0 0 0 0 0 0 21 0 0 0 0 0 0 0 21 0 0 0 0 0 0 0 642 0 0 0 0 0 0 0 685 0 0 0 0 0 0 0 0 0 0 0 0 0 0 0 0 0 0 0 0 0 0 0 0 0 0 0 0 0 0 0 0 0 0 0 0 0 0 0 0 0 0 0 0 0 0 0 0 0 0 0 0 
0 7 0 0 40 1499 0 0 10 0 15 0 0 0 0 0 91 0 0 66 0 0 3102 0 3209 4654 0 0 4032 0 2 192264 0 0 0 6860 74 0 0 0 0 0 0 26 621 0 0 14 0 0 0 0 42 0 0 0 0 0 0 0 31 0 0 21 0 0 2531 0 1897 0 55 0 0 0 2135 0 2132 0 51 0 0 0 0 0 0 7 0 0 0 0 0 6 0 0 0 856 0 0 0 14 0 0 0 12 0 14 0 0 0 0 0 0 0 0 0 21 0 0 2 0 0 0 0 0 0 5 0 0 0 
0 6 0 0 38 679 0 0 11 0 4 0 0 0 0 0 153 0 0 108 0 0 1987 0 2039 6297 0 0 2255 0 7 57528 0 0 0 3575 71 0 0 0 0 0 0 7 136 0 0 11 0 0 0 0 26 0 0 0 0 0 0 0 60 0 0 10 0 0 736 0 671 0 14 0 0 0 189 0 1111 0 18 0 0 0 0 0 0 2 0 0 0 0 0 1 0 0 0 99 0 0 0 7 0 0 0 1 0 0 0 0 0 0 0 0 0 0 0 9 0 0 0 0 0 0 0 0 0 0 0 0 0 
0 6 0 0 35 432 0 0 11 0 5 0 0 0 0 0 153 0 0 104 0 0 1323 0 1682 5697 0 0 1745 0 6 29730 0 0 0 1758 73 0 0 0 0 0 0 10 74 0 0 8 0 0 0 0 12 0 0 0 0 0 0 0 42 0 0 15 0 0 576 0 350 0 18 0 0 0 310 0 318 0 15 0 0 0 0 0 0 1 0 0 0 0 0 0 0 0 0 32 0 0 0 4 0 0 0 2 0 2 0 0 0 0 0 0 0 0 0 7 0 0 0 0 0 0 0 0 0 0 0 0 0 
0 4 0 0 27 205 0 0 4 0 2 0 0 0 0 0 136 0 0 48 0 0 386 0 876 4262 0 0 530 0 0 7390 0 0 0 1172 50 0 0 0 0 0 0 0 12 0 0 3 0 0 0 0 7 0 0 0 0 0 0 0 39 0 0 4 0 0 163 0 30 0 10 0 0 0 35 0 277 0 8 0 0 0 0 0 0 0 0 0 0 0 0 0 0 0 0 3 0 0 0 1 0 0 0 0 0 0 0 0 0 0 0 0 0 0 0 4 0 0 0 0 0 0 0 0 0 0 0 0 0 
0 2 0 0 9 109 0 0 1 0 0 0 0 0 0 0 32 0 0 9 0 0 105 0 429 1553 0 0 1292 0 0 2836 0 0 0 333 13 0 0 0 0 0 0 0 2 0 0 0 0 0 0 0 9 0 0 0 0 0 0 0 12 0 0 0 0 0 0 0 101 0 0 0 0 0 0 0 127 0 0 0 0 0 0 0 0 0 0 0 0 0 0 0 0 0 0 0 0 0 0 0 0 0 0 0 0 0 0 0 0 0 0 0 0 0 0 0 0 0 0 0 0 0 0 0 0 0 0 0 0 
0 4 0 0 29 693 0 0 3 0 3 0 0 0 0 0 94 0 0 20 0 0 701 0 1954 4936 0 0 2822 0 0 78032 0 0 0 3565 59 0 0 0 0 0 0 10 63 0 0 10 0 0 0 0 28 0 0 0 0 0 0 0 40 0 0 3 0 0 596 0 1081 0 7 0 0 0 234 0 1174 0 12 0 0 0 0 0 0 0 0 0 0 0 0 0 0 0 0 202 0 0 0 7 0 0 0 5 0 0 0 0 0 0 0 0 0 0 0 7 0 0 0 0 0 0 0 0 0 1 0 0 0 
0 5 0 0 32 832 0 0 4 0 6 0 0 0 0 0 112 0 0 31 0 0 859 0 2431 5419 0 0 2761 0 0 87839 0 0 0 3825 60 0 0 0 0 0 0 6 125 0 0 7 0 0 0 0 22 0 0 0 0 0 0 0 37 0 0 4 0 0 982 0 1077 0 20 0 0 0 590 0 1269 0 22 0 0 0 0 0 0 1 0 0 0 0 0 0 0 0 0 315 0 0 0 10 0 0 0 8 0 3 0 0 0 0 0 0 0 0 0 10 0 0 1 0 0 0 0 0 0 1 0 0 0 
0 5 0 0 24 984 0 0 8 0 2 0 0 0 0 0 76 0 0 54 0 0 2220 0 2992 2162 0 0 4180 0 5 116108 0 0 0 4248 37 0 0 0 0 0 0 12 399 0 0 4 0 0 0 0 26 0 0 0 0 0 0 0 16 0 0 4 0 0 305 0 1653 0 8 0 0 0 360 0 1060 0 11 0 0 0 0 0 0 0 0 0 0 0 0 0 0 0 0 124 0 0 0 2 0 0 0 2 0 1 0 0 0 0 0 0 0 0 0 1 0 0 0 0 0 0 0 0 0 0 0 0 0 
0 6 0 0 37 1106 0 0 6 0 10 0 0 0 0 0 127 0 0 48 0 0 1600 0 3140 5033 0 0 3406 0 1 123511 0 0 0 4976 70 0 0 0 0 0 0 12 256 0 0 11 0 0 0 0 30 0 0 0 0 0 0 0 35 0 0 8 0 0 1724 0 1378 0 42 0 0 0 1202 0 1532 0 36 0 0 0 0 0 0 1 0 0 0 0 0 4 0 0 0 510 0 0 0 11 0 0 0 7 0 4 0 0 0 0 0 0 0 0 0 14 0 0 1 0 0 0 0 0 0 5 0 0 0 
7 7 0 43 38 1243 21 29 11 0 11 0 6 0 0 209 135 0 115 84 115 3252 3070 142 3532 4977 7787 0 3521 36 5 137510 35 0 115 5014 73 59 0 0 0 26 0 20 460 16 38 12 0 0 0 0 26 0 0 0 0 0 0 59 25 0 24 12 26 873 1817 0 1521 29 35 0 0 0 1258 28 1574 0 38 18 0 0 0 0 0 5 3 0 0 0 0 4 0 0 4 417 0 6 0 14 0 0 0 9 0 11 2 0 0 0 0 0 0 0 0 12 11 0 1 0 0 0 0 0 0 2 0 1 0 
0 5 0 0 28 1006 0 0 7 0 5 0 0 0 0 0 96 0 0 47 0 0 1909 0 3038 3117 0 0 3183 0 3 122049 0 0 0 4534 49 0 0 0 0 0 0 23 324 0 0 5 0 0 0 0 23 0 0 0 0 0 0 0 23 0 0 8 0 0 891 0 1234 0 19 0 0 0 794 0 1209 0 18 0 0 0 0 0 0 1 0 0 0 0 0 2 0 0 0 376 0 0 0 4 0 0 0 5 0 3 0 0 0 0 0 0 0 0 0 5 0 0 0 0 0 0 0 0 0 0 0 0 0 
0 5 0 0 37 650 0 0 6 0 4 0 0 0 0 0 136 0 0 49 0 0 1149 0 2218 6081 0 0 2030 0 2 55523 0 0 0 3578 72 0 0 0 0 0 0 8 140 0 0 17 0 0 0 0 18 0 0 0 0 0 0 0 55 0 0 4 0 0 688 0 622 0 21 0 0 0 330 0 979 0 19 0 0 0 0 0 0 1 0 0 0 0 0 1 0 0 0 68 0 0 0 8 0 0 0 2 0 2 0 0 0 0 0 0 0 0 0 5 0 0 0 0 0 0 0 0 0 0 0 0 0 
0 3 0 0 18 363 0 0 3 0 0 0 0 0 0 0 70 0 0 25 0 0 692 0 1339 2703 0 0 1640 0 1 38812 0 0 0 1852 42 0 0 0 0 0 0 4 15 0 0 4 0 0 0 0 11 0 0 0 0 0 0 0 19 0 0 0 0 0 0 0 492 0 0 0 0 0 0 0 445 0 0 0 0 0 0 0 0 0 0 0 0 0 0 0 0 0 0 0 0 0 0 0 0 0 0 0 0 0 0 0 0 0 0 0 0 0 0 0 0 0 0 0 0 0 0 0 0 0 0 0 0 
0 3 0 0 16 543 0 0 2 0 1 0 0 0 0 0 55 0 0 16 0 0 577 0 1947 1736 0 0 2071 0 0 60198 0 0 0 2727 30 0 0 0 0 0 0 1 12 0 0 1 0 0 0 0 14 0 0 0 0 0 0 0 15 0 0 1 0 0 136 0 796 0 6 0 0 0 199 0 699 0 4 0 0 0 0 0 0 0 0 0 0 0 0 0 0 0 0 74 0 0 0 2 0 0 0 1 0 0 0 0 0 0 0 0 0 0 0 1 0 0 0 0 0 0 0 0 0 0 0 0 0 
0 2 0 0 9 291 0 0 1 0 0 0 0 0 0 0 37 0 0 7 0 0 278 0 1148 777 0 0 1398 0 0 36811 0 0 0 1566 14 0 0 0 0 0 0 2 6 0 0 0 0 0 0 0 5 0 0 0 0 0 0 0 9 0 0 0 0 0 0 0 470 0 0 0 0 0 0 0 375 0 0 0 0 0 0 0 0 0 0 0 0 0 0 0 0 0 0 0 0 0 0 0 0 0 0 0 0 0 0 0 0 0 0 0 0 0 0 0 0 0 0 0 0 0 0 0 0 0 0 0 0 
0 2 0 0 9 332 0 0 1 0 0 0 0 0 0 0 37 0 0 9 0 0 324 0 1283 949 0 0 1224 0 0 38359 0 0 0 1631 13 0 0 0 0 0 0 0 4 0 0 0 0 0 0 0 6 0 0 0 0 0 0 0 11 0 0 0 0 0 0 0 480 0 0 0 0 0 0 0 391 0 0 0 0 0 0 0 0 0 0 0 0 0 0 0 0 0 0 0 0 0 0 0 0 0 0 0 0 0 0 0 0 0 0 0 0 0 0 0 0 0 0 0 0 0 0 0 0 0 0 0 0 
0 3 0 0 24 491 0 0 2 0 1 0 0 0 0 0 83 0 0 18 0 0 454 0 1549 4049 0 0 1514 0 0 63920 0 0 0 2852 53 0 0 0 0 0 0 4 51 0 0 5 0 0 0 0 16 0 0 0 0 0 0 0 36 0 0 1 0 0 323 0 703 0 3 0 0 0 56 0 798 0 6 0 0 0 0 0 0 0 0 0 0 0 0 0 0 0 0 21 0 0 0 1 0 0 0 1 0 0 0 0 0 0 0 0 0 0 0 3 0 0 0 0 0 0 0 0 0 0 0 0 0 
0 3 0 0 22 438 0 0 2 0 1 0 0 0 0 0 90 0 0 19 0 0 438 0 1407 3456 0 0 1199 0 0 61781 0 0 0 2499 45 0 0 0 0 0 0 3 6 0 0 3 0 0 0 0 14 0 0 0 0 0 0 0 33 0 0 1 0 0 323 0 669 0 3 0 0 0 56 0 699 0 6 0 0 0 0 0 0 0 0 0 0 0 0 0 0 0 0 21 0 0 0 1 0 0 0 1 0 0 0 0 0 0 0 0 0 0 0 3 0 0 0 0 0 0 0 0 0 0 0 0 0 
0 4 0 0 31 686 0 0 4 0 3 0 0 0 0 0 100 0 0 27 0 0 967 0 2118 4884 0 0 1909 0 1 80352 0 0 0 3661 67 0 0 0 0 0 0 12 69 0 0 15 0 0 0 0 17 0 0 0 0 0 0 0 49 0 0 3 0 0 664 0 790 0 11 0 0 0 398 0 1034 0 15 0 0 0 0 0 0 1 0 0 0 0 0 0 0 0 0 197 0 0 0 2 0 0 0 2 0 1 0 0 0 0 0 0 0 0 0 5 0 0 0 0 0 0 0 0 0 0 0 0 0 
0 4 0 0 25 483 0 0 3 0 3 0 0 0 0 0 83 0 0 26 0 0 548 0 1557 4149 0 0 1798 0 0 62692 0 0 0 2410 49 0 0 0 0 0 0 7 25 0 0 6 0 0 0 0 17 0 0 0 0 0 0 0 43 0 0 2 0 0 378 0 692 0 12 0 0 0 413 0 754 0 13 0 0 0 0 0 0 0 0 0 0 0 0 0 0 0 0 26 0 0 0 1 0 0 0 1 0 2 0 0 0 0 0 0 0 0 0 3 0 0 0 0 0 0 0 0 0 0 0 0 0 
0 6 0 0 47 763 0 0 12 0 3 0 0 0 0 0 152 0 0 96 0 0 2423 0 2001 8149 0 0 3296 0 10 65623 0 0 0 4452 102 0 0 0 0 0 0 33 230 0 0 35 0 0 0 0 34 0 0 0 0 0 0 0 72 0 0 8 0 0 554 0 886 0 14 0 0 0 187 0 1547 0 7 0 0 0 0 0 0 1 0 0 0 0 0 0 0 0 0 77 0 0 0 8 0 0 0 5 0 1 0 0 0 0 0 0 0 0 0 9 0 0 0 0 0 0 0 0 0 0 0 0 0 
0 3 0 0 20 508 0 0 1 0 2 0 0 0 0 0 62 0 0 6 0 0 270 0 1989 2961 0 0 2326 0 0 48293 0 0 0 2506 34 0 0 0 0 0 0 6 7 0 0 3 0 0 0 0 21 0 0 0 0 0 0 0 33 0 0 0 0 0 380 0 730 0 7 0 0 0 236 0 527 0 14 0 0 0 0 0 0 1 0 0 0 0 0 0 0 0 0 54 0 0 0 2 0 0 0 1 0 0 0 0 0 0 0 0 0 0 0 0 0 0 0 0 0 0 0 0 0 0 0 0 0 
0 7 0 0 46 1010 0 0 15 0 7 0 0 0 0 0 144 0 0 126 0 0 3360 0 2981 6820 0 0 3657 0 11 109236 0 0 0 4924 90 0 0 0 0 0 0 37 237 0 0 26 0 0 0 0 29 0 0 0 0 0 0 0 56 0 0 23 0 0 1311 0 1217 0 31 0 0 0 751 0 1416 0 27 0 0 0 0 0 0 1 0 0 0 0 0 0 0 0 0 320 0 0 0 6 0 0 0 5 0 2 0 0 0 0 0 0 0 0 0 8 0 0 1 0 0 0 0 0 0 2 0 0 0 
0 3 0 0 21 355 0 0 2 0 1 0 0 0 0 0 76 0 0 14 0 0 437 0 1192 3346 0 0 2475 0 0 24882 0 0 0 1860 43 0 0 0 0 0 0 8 44 0 0 5 0 0 0 0 14 0 0 0 0 0 0 0 23 0 0 1 0 0 125 0 509 0 5 0 0 0 33 0 698 0 4 0 0 0 0 0 0 0 0 0 0 0 0 0 0 0 0 9 0 0 0 1 0 0 0 2 0 0 0 0 0 0 0 0 0 0 0 2 0 0 0 0 0 0 0 0 0 0 0 0 0 
0 2 0 0 15 388 0 0 1 0 0 0 0 0 0 0 47 0 0 11 0 0 282 0 1204 2042 0 0 2059 0 0 37080 0 0 0 2184 35 0 0 0 0 0 0 4 52 0 0 1 0 0 0 0 15 0 0 0 0 0 0 0 14 0 0 0 0 0 0 0 687 0 0 0 0 0 0 0 726 0 0 0 0 0 0 0 0 0 0 0 0 0 0 0 0 0 0 0 0 0 0 0 0 0 0 0 0 0 0 0 0 0 0 0 0 0 0 0 0 0 0 0 0 0 0 0 0 0 0 0 0 
0 5 0 0 27 994 0 0 6 0 6 0 0 0 0 0 84 0 0 37 0 0 1717 0 2689 3452 0 0 2995 0 2 123087 0 0 0 4427 51 0 0 0 0 0 0 11 189 0 0 7 0 0 0 0 29 0 0 0 0 0 0 0 24 0 0 6 0 0 1043 0 1340 0 23 0 0 0 1004 0 1500 0 22 0 0 0 0 0 0 2 0 0 0 0 0 2 0 0 0 405 0 0 0 6 0 0 0 6 0 5 0 0 0 0 0 0 0 0 0 8 0 0 0 0 0 0 0 0 0 0 0 0 0 
0 2 0 0 9 235 0 0 1 0 0 0 0 0 0 0 34 0 0 8 0 0 230 0 851 1389 0 0 1237 0 0 16801 0 0 0 980 14 0 0 0 0 0 0 1 2 0 0 0 0 0 0 0 6 0 0 0 0 0 0 0 9 0 0 0 0 0 0 0 310 0 0 0 0 0 0 0 363 0 0 0 0 0 0 0 0 0 0 0 0 0 0 0 0 0 0 0 0 0 0 0 0 0 0 0 0 0 0 0 0 0 0 0 0 0 0 0 0 0 0 0 0 0 0 0 0 0 0 0 0 
0 5 0 0 21 948 0 0 4 0 8 0 0 0 0 0 82 0 0 24 0 0 973 0 3514 2298 0 0 2899 0 1 108849 0 0 0 3303 30 0 0 0 0 0 0 5 152 0 0 0 0 0 0 0 15 0 0 0 0 0 0 0 10 0 0 3 0 0 1458 0 1006 0 30 0 0 0 1011 0 731 0 25 0 0 0 0 0 0 2 0 0 0 0 0 2 0 0 0 420 0 0 0 8 0 0 0 5 0 4 0 0 0 0 0 0 0 0 0 3 0 0 1 0 0 0 0 0 0 3 0 0 0 
0 6 0 0 42 962 0 0 9 0 8 0 0 0 0 0 135 0 0 77 0 0 2434 0 2809 6126 0 0 2865 0 4 103668 0 0 0 4879 91 0 0 0 0 0 0 29 207 0 0 16 0 0 0 0 24 0 0 0 0 0 0 0 46 0 0 11 0 0 1243 0 1048 0 33 0 0 0 879 0 1511 0 30 0 0 0 0 0 0 2 0 0 0 0 0 2 0 0 0 276 0 0 0 9 0 0 0 5 0 6 0 0 0 0 0 0 0 0 0 12 0 0 1 0 0 0 0 0 0 3 0 0 0 
0 2 0 0 16 629 0 0 1 0 0 0 0 0 0 0 44 0 0 7 0 0 375 0 1491 1851 0 0 1818 0 0 98344 0 0 0 3682 41 0 0 0 0 0 0 5 125 0 0 3 0 0 0 0 24 0 0 0 0 0 0 0 19 0 0 0 0 0 0 0 1248 0 0 0 0 0 0 0 1271 0 0 0 0 0 0 0 0 0 0 0 0 0 0 0 0 0 0 0 0 0 0 0 0 0 0 0 0 0 0 0 0 0 0 0 0 0 0 0 0 0 0 0 0 0 0 0 0 0 0 0 0 
0 3 0 0 19 378 0 0 3 0 0 0 0 0 0 0 87 0 0 31 0 0 699 0 1105 2424 0 0 1223 0 1 42546 0 0 0 2177 38 0 0 0 0 0 0 3 27 0 0 2 0 0 0 0 18 0 0 0 0 0 0 0 23 0 0 0 0 0 0 0 624 0 0 0 0 0 0 0 769 0 0 0 0 0 0 0 0 0 0 0 0 0 0 0 0 0 0 0 0 0 0 0 0 0 0 0 0 0 0 0 0 0 0 0 0 0 0 0 0 0 0 0 0 0 0 0 0 0 0 0 0 
0 3 0 0 12 359 0 0 2 0 1 0 0 0 0 0 42 0 0 18 0 0 584 0 923 1536 0 0 1612 0 0 41088 0 0 0 1934 23 0 0 0 0 0 0 2 28 0 0 1 0 0 0 0 16 0 0 0 0 0 0 0 17 0 0 1 0 0 55 0 623 0 2 0 0 0 15 0 737 0 1 0 0 0 0 0 0 0 0 0 0 0 0 0 0 0 0 3 0 0 0 0 0 0 0 0 0 0 0 0 0 0 0 0 0 0 0 0 0 0 0 0 0 0 0 0 0 0 0 0 0 
0 6 0 0 31 733 0 0 9 0 9 0 0 0 0 0 119 0 0 77 0 0 1626 0 2344 5152 0 0 2239 0 4 70132 0 0 0 2941 61 0 0 0 0 0 0 9 120 0 0 12 0 0 0 0 19 0 0 0 0 0 0 0 44 0 0 12 0 0 1169 0 848 0 25 0 0 0 1034 0 915 0 24 0 0 0 0 0 0 5 0 0 0 0 0 2 0 0 0 185 0 0 0 8 0 0 0 5 0 8 0 0 0 0 0 0 0 0 0 2 0 0 1 0 0 0 0 0 0 3 0 0 0 
0 3 0 0 12 559 0 0 1 0 3 0 0 0 0 0 46 0 0 9 0 0 301 0 1906 1248 0 0 1845 0 0 64345 0 0 0 2282 19 0 0 0 0 0 0 0 20 0 0 0 0 0 0 0 18 0 0 0 0 0 0 0 14 0 0 0 0 0 396 0 866 0 4 0 0 0 462 0 678 0 9 0 0 0 0 0 0 1 0 0 0 0 0 0 0 0 0 96 0 0 0 2 0 0 0 2 0 1 0 0 0 0 0 0 0 0 0 2 0 0 0 0 0 0 0 0 0 0 0 0 0 
143 3 428 335 22 426 10060 765 2 1 1 94 93 2227 777 1812 74 1198 970 13 2910 118676 443 78238 1169 2714 39986 49986 815 1135 0 46838 465409 19807 19168 2291 54 192 2111 13 198 664 601 4 4 14524 223 7 81 20 155 93 12 5 3 2 15 228 91 61 18 259 262 1 872 20337 239 10551 429 487 4 154 364 9863 65 8716 708 411 3 89 587 0 2 2 1 0 107 17 0 1 0 0 149 3 2201 46 1293 50 40 2 45 47 8 1 2 0 166 90 41 0 2 1 0 23 32 3 23 0 0 0 0 0 0 0 0 0 7 9 17 
0 4 0 0 17 426 0 0 4 0 2 0 0 0 0 0 85 0 0 24 0 0 670 0 1716 2196 0 0 1518 0 1 33393 0 0 0 1624 25 0 0 0 0 0 0 2 14 0 0 2 0 0 0 0 10 0 0 0 0 0 0 0 11 0 0 2 0 0 301 0 449 0 7 0 0 0 176 0 457 0 9 0 0 0 0 0 0 0 0 0 0 0 0 0 0 0 0 49 0 0 0 3 0 0 0 1 0 1 0 0 0 0 0 0 0 0 0 2 0 0 0 0 0 0 0 0 0 0 0 0 0 
60 2 222 98 9 270 1754 233 0 1 2 16 21 1283 24 410 42 1116 261 0 1302 34278 0 11286 1297 1248 12847 10451 1225 322 0 22947 33364 21129 2348 736 14 0 417 1 5 40 93 0 0 1141 90 0 5 47 189 43 7 5 2 0 3 0 189 86 9 46 65 0 205 3013 236 784 327 75 7 8 297 2524 236 1015 110 24 7 0 7 0 2 2 0 0 22 0 0 0 0 0 4 0 98 32 72 12 16 2 0 8 16 2 4 0 10 20 0 0 0 0 0 0 8 0 12 4 0 0 0 0 0 0 0 0 4 8 0 
0 2 0 0 12 148 0 0 1 0 0 0 0 0 0 0 50 0 0 12 0 0 106 0 492 1826 0 0 268 0 0 5605 0 0 0 801 28 0 0 0 0 0 0 0 21 0 0 0 0 0 0 0 1 0 0 0 0 0 0 0 20 0 0 0 0 0 0 0 22 0 0 0 0 0 0 0 206 0 0 0 0 0 0 0 0 0 0 0 0 0 0 0 0 0 0 0 0 0 0 0 0 0 0 0 0 0 0 0 0 0 0 0 0 0 0 0 0 0 0 0 0 0 0 0 0 0 0 0 0 
0 2 0 0 4 277 0 0 0 0 2 0 0 0 0 0 23 0 0 0 0 0 0 0 1306 167 0 0 1045 0 0 25187 0 0 0 669 3 0 0 0 0 0 0 0 0 0 0 0 0 0 0 0 5 0 0 0 0 0 0 0 0 0 0 0 0 0 254 0 337 0 2 0 0 0 254 0 38 0 2 0 0 0 0 0 0 0 0 0 0 0 0 0 0 0 0 22 0 0 0 1 0 0 0 1 0 0 0 0 0 0 0 0 0 0 0 2 0 0 0 0 0 0 0 0 0 0 0 0 0 
221 4 1077 831 16 151 23964 1075 5 6 1 346 43 3714 2937 2405 50 2289 2984 33 3041 144579 320 164618 359 1997 30590 176433 556 1476 2 3138 1709997 76376 85104 478 23 995 5067 23 232 914 1757 3 16 33475 284 4 608 170 869 890 3 12 28 13 37 643 43 189 16 793 113 2 1129 1878 47 53555 50 128 5 892 1161 55966 43 8687 102 1555 0 76 1453 2 0 8 3 0 18 159 1 4 1 0 543 10 292 4 10679 16 4 0 177 348 44 0 51 0 32 492 61 0 7 12 0 221 8 0 8 18 0 0 0 1 0 0 0 0 4 4 63 
0 4 0 0 23 310 0 0 5 0 1 0 0 0 0 0 93 0 0 46 0 0 645 0 991 3849 0 0 1678 0 2 23955 0 0 0 1630 50 0 0 0 0 0 0 3 20 0 0 3 0 0 0 0 12 0 0 0 0 0 0 0 20 0 0 2 0 0 202 0 413 0 4 0 0 0 22 0 456 0 5 0 0 0 0 0 0 0 0 0 0 0 0 0 0 0 0 7 0 0 0 2 0 0 0 2 0 0 0 0 0 0 0 0 0 0 0 2 0 0 0 0 0 0 0 0 0 0 0 0 0 
0 2 0 0 12 148 0 0 1 0 0 0 0 0 0 0 50 0 0 12 0 0 106 0 492 1826 0 0 268 0 0 5605 0 0 0 801 28 0 0 0 0 0 0 0 21 0 0 0 0 0 0 0 1 0 0 0 0 0 0 0 20 0 0 0 0 0 0 0 22 0 0 0 0 0 0 0 206 0 0 0 0 0 0 0 0 0 0 0 0 0 0 0 0 0 0 0 0 0 0 0 0 0 0 0 0 0 0 0 0 0 0 0 0 0 0 0 0 0 0 0 0 0 0 0 0 0 0 0 0 
0 2 0 0 9 130 0 0 0 0 1 0 0 0 0 0 36 0 0 0 0 0 0 0 530 1639 0 0 755 0 0 4122 0 0 0 477 18 0 0 0 0 0 0 0 0 0 0 0 0 0 0 0 6 0 0 0 0 0 0 0 11 0 0 0 0 0 63 0 74 0 7 0 0 0 51 0 142 0 0 0 0 0 0 0 0 0 0 0 0 0 0 0 0 0 0 8 0 0 0 1 0 0 0 1 0 0 0 0 0 0 0 0 0 0 0 1 0 0 0 0 0 0 0 0 0 0 0 0 0 
19 2 398 33 11 98 165 102 1 0 0 6 5 1074 767 144 38 1209 140 9 443 17849 90 1380 354 1760 1560 5055 736 177 0 2353 882 58917 248 403 21 14 1864 5 24 44 23 2 4 182 15 1 20 0 0 0 4 0 0 0 13 0 0 0 18 18 15 0 157 263 0 72 35 17 0 10 651 2030 0 76 90 27 0 5 685 0 0 0 0 0 0 0 0 0 0 0 9 0 6 0 15 0 0 0 0 0 0 0 0 0 0 16 2 0 0 0 0 0 0 0 0 0 0 0 0 0 0 0 0 0 0 0 0 
0 6 0 0 26 650 0 0 9 0 9 0 0 0 0 0 122 0 0 53 0 0 1555 0 2507 4869 0 0 2112 0 4 47624 0 0 0 1873 38 0 0 0 0 0 0 10 122 0 0 13 0 0 0 0 16 0 0 0 0 0 0 0 34 0 0 11 0 0 976 0 538 0 24 0 0 0 1021 0 652 0 21 0 0 0 0 0 0 6 0 0 0 0 0 2 0 0 0 114 0 0 0 6 0 0 0 5 0 8 0 0 0 0 0 0 0 0 0 1 0 0 1 0 0 0 0 0 0 3 0 0 0 
0 2 0 0 12 148 0 0 1 0 0 0 0 0 0 0 50 0 0 12 0 0 106 0 492 1826 0 0 268 0 0 5605 0 0 0 801 28 0 0 0 0 0 0 0 21 0 0 0 0 0 0 0 1 0 0 0 0 0 0 0 20 0 0 0 0 0 0 0 22 0 0 0 0 0 0 0 206 0 0 0 0 0 0 0 0 0 0 0 0 0 0 0 0 0 0 0 0 0 0 0 0 0 0 0 0 0 0 0 0 0 0 0 0 0 0 0 0 0 0 0 0 0 0 0 0 0 0 0 0 
0 4 0 0 20 627 0 0 5 0 1 0 0 0 0 0 84 0 0 34 0 0 1241 0 2124 2419 0 0 1511 0 2 73666 0 0 0 2950 34 0 0 0 0 0 0 8 72 0 0 3 0 0 0 0 15 0 0 0 0 0 0 0 18 0 0 2 0 0 289 0 699 0 4 0 0 0 88 0 891 0 3 0 0 0 0 0 0 0 0 0 0 0 0 0 0 0 0 55 0 0 0 2 0 0 0 1 0 0 0 0 0 0 0 0 0 0 0 3 0 0 0 0 0 0 0 0 0 0 0 0 0 
0 3 0 0 22 700 0 0 2 0 1 0 0 0 0 0 76 0 0 16 0 0 640 0 2020 2749 0 0 2120 0 0 90804 0 0 0 3878 51 0 0 0 0 0 0 7 134 0 0 4 0 0 0 0 21 0 0 0 0 0 0 0 21 0 0 1 0 0 289 0 1057 0 4 0 0 0 88 0 1212 0 3 0 0 0 0 0 0 0 0 0 0 0 0 0 0 0 0 55 0 0 0 2 0 0 0 1 0 0 0 0 0 0 0 0 0 0 0 3 0 0 0 0 0 0 0 0 0 0 0 0 0 
0 5 0 0 33 807 0 0 5 0 5 0 0 0 0 0 115 0 0 48 0 0 1394 0 2381 4694 0 0 2506 0 1 94584 0 0 0 4289 71 0 0 0 0 0 0 13 173 0 0 8 0 0 0 0 20 0 0 0 0 0 0 0 34 0 0 4 0 0 944 0 1079 0 24 0 0 0 299 0 1255 0 18 0 0 0 0 0 0 0 0 0 0 0 0 1 0 0 0 113 0 0 0 5 0 0 0 5 0 3 0 0 0 0 0 0 0 0 0 4 0 0 0 0 0 0 0 0 0 1 0 0 0 
0 2 0 0 12 491 0 0 0 0 1 0 0 0 0 0 49 0 0 0 0 0 0 0 1693 1185 0 0 1305 0 0 69214 0 0 0 2420 26 0 0 0 0 0 0 0 0 0 0 0 0 0 0 0 13 0 0 0 0 0 0 0 6 0 0 0 0 0 267 0 713 0 5 0 0 0 71 0 714 0 2 0 0 0 0 0 0 0 0 0 0 0 0 0 0 0 0 75 0 0 0 3 0 0 0 2 0 0 0 0 0 0 0 0 0 0 0 0 0 0 0 0 0 0 0 0 0 0 0 0 0 
0 2 0 0 14 309 0 0 1 0 0 0 0 0 0 0 54 0 0 11 0 0 269 0 1338 1707 0 0 1120 0 0 27654 0 0 0 1532 33 0 0 0 0 0 0 3 19 0 0 0 0 0 0 0 6 0 0 0 0 0 0 0 19 0 0 0 0 0 0 0 352 0 0 0 0 0 0 0 228 0 0 0 0 0 0 0 0 0 0 0 0 0 0 0 0 0 0 0 0 0 0 0 0 0 0 0 0 0 0 0 0 0 0 0 0 0 0 0 0 0 0 0 0 0 0 0 0 0 0 0 0 
0 2 0 0 9 237 0 0 0 0 2 0 0 0 0 0 44 0 0 0 0 0 0 0 1141 1645 0 0 1202 0 0 23678 0 0 0 705 11 0 0 0 0 0 0 0 0 0 0 0 0 0 0 0 5 0 0 0 0 0 0 0 9 0 0 0 0 0 227 0 346 0 7 0 0 0 227 0 52 0 7 0 0 0 0 0 0 0 0 0 0 0 0 0 0 0 0 8 0 0 0 2 0 0 0 2 0 0 0 0 0 0 0 0 0 0 0 0 0 0 0 0 0 0 0 0 0 0 0 0 0 
0 2 0 0 15 234 0 0 0 0 1 0 0 0 0 0 66 0 0 0 0 0 0 0 897 2261 0 0 547 0 0 14232 0 0 0 1275 31 0 0 0 0 0 0 0 0 0 0 0 0 0 0 0 8 0 0 0 0 0 0 0 21 0 0 0 0 0 115 0 124 0 6 0 0 0 61 0 390 0 7 0 0 0 0 0 0 0 0 0 0 0 0 0 0 0 0 28 0 0 0 2 0 0 0 0 0 0 0 0 0 0 0 0 0 0 0 0 0 0 0 0 0 0 0 0 0 0 0 0 0 
0 2 0 0 6 98 0 0 1 0 0 0 0 0 0 0 36 0 0 6 0 0 98 0 539 421 0 0 615 0 0 3288 0 0 0 307 5 0 0 0 0 0 0 0 0 0 0 0 0 0 0 0 3 0 0 0 0 0 0 0 2 0 0 0 0 0 0 0 25 0 0 0 0 0 0 0 47 0 0 0 0 0 0 0 0 0 0 0 0 0 0 0 0 0 0 0 0 0 0 0 0 0 0 0 0 0 0 0 0 0 0 0 0 0 0 0 0 0 0 0 0 0 0 0 0 0 0 0 0 
0 1 0 0 10 89 0 0 0 0 0 0 0 0 0 0 41 0 0 0 0 0 0 0 303 1556 0 0 46 0 0 3910 0 0 0 705 28 0 0 0 0 0 0 0 0 0 0 0 0 0 0 0 0 0 0 0 0 0 0 0 18 0 0 0 0 0 0 0 6 0 0 0 0 0 0 0 185 0 0 0 0 0 0 0 0 0 0 0 0 0 0 0 0 0 0 0 0 0 0 0 0 0 0 0 0 0 0 0 0 0 0 0 0 0 0 0 0 0 0 0 0 0 0 0 0 0 0 0 0 
0 1 0 0 10 89 0 0 0 0 0 0 0 0 0 0 41 0 0 0 0 0 0 0 303 1556 0 0 46 0 0 3910 0 0 0 705 28 0 0 0 0 0 0 0 0 0 0 0 0 0 0 0 0 0 0 0 0 0 0 0 18 0 0 0 0 0 0 0 6 0 0 0 0 0 0 0 185 0 0 0 0 0 0 0 0 0 0 0 0 0 0 0 0 0 0 0 0 0 0 0 0 0 0 0 0 0 0 0 0 0 0 0 0 0 0 0 0 0 0 0 0 0 0 0 0 0 0 0 0 
0 1 0 0 10 89 0 0 0 0 0 0 0 0 0 0 41 0 0 0 0 0 0 0 303 1556 0 0 46 0 0 3910 0 0 0 705 28 0 0 0 0 0 0 0 0 0 0 0 0 0 0 0 0 0 0 0 0 0 0 0 18 0 0 0 0 0 0 0 6 0 0 0 0 0 0 0 185 0 0 0 0 0 0 0 0 0 0 0 0 0 0 0 0 0 0 0 0 0 0 0 0 0 0 0 0 0 0 0 0 0 0 0 0 0 0 0 0 0 0 0 0 0 0 0 0 0 0 0 0 
0 2 0 0 14 25 0 0 1 0 0 0 0 0 0 0 73 0 0 8 0 0 23 0 98 2958 0 0 352 0 0 174 0 0 0 146 24 0 0 0 0 0 0 0 1 0 0 3 0 0 0 0 3 0 0 0 0 0 0 0 21 0 0 0 0 0 0 0 12 0 0 0 0 0 0 0 25 0 0 0 0 0 0 0 0 0 0 0 0 0 0 0 0 0 0 0 0 0 0 0 0 0 0 0 0 0 0 0 0 0 0 0 0 0 0 0 0 0 0 0 0 0 0 0 0 0 0 0 0 
