274 4 1190 735 8 705 36905 637 2 7 5 496 354 3131 2061 1059 8 1714 1033 7 1136 93493 494 130366 1050 779 124961 255955 1397 443 0 66115 3270964 77356 67706 1191 4 269 2456 9 764 299 1115 1 119 20191 422 0 855 991 551 963 6 12 11 3 13 823 632 647 4 635 518 2 312 65325 620 105291 450 614 6 838 727 64636 428 61813 392 880 5 231 734 10 8 3 5 0 182 290 0 2 7 0 322 43 16631 295 14037 308 285 0 359 209 228 4 582 2 190 289 349 0 3 6 7 178 209 2 225 136 0 1 1 0 0 0 3 2 153 172 82 
30 4 375 92 9 1096 422 97 2 0 5 13 28 1611 995 176 18 758 188 7 258 13083 703 2327 2295 949 23851 7135 2347 96 0 161903 3762 46281 987 2039 2 36 1297 6 501 21 42 2 168 175 103 1 34 0 0 0 12 0 0 0 7 0 0 92 7 24 47 1 61 8398 1151 232 1209 55 10 38 460 3613 714 604 625 43 5 21 273 0 0 0 0 1 29 0 0 0 0 1 10 3 97 483 66 30 0 4 0 0 0 3 0 2 14 18 14 0 0 0 0 0 0 0 16 0 0 0 0 0 0 0 0 1 0 12 0 
0 6 0 0 24 1303 0 0 7 0 9 0 0 0 0 0 69 0 0 40 0 0 2246 0 3117 2177 0 0 3426 0 3 167026 0 0 0 4512 37 0 0 0 0 0 0 17 277 0 0 2 0 0 0 0 12 0 0 0 0 0 0 0 8 0 0 5 0 0 1653 0 1241 0 22 0 0 0 1208 0 940 0 16 0 0 0 0 0 0 1 0 0 0 0 0 3 0 0 0 648 0 0 0 10 0 0 0 11 0 7 0 0 0 0 0 0 0 0 0 5 0 0 1 0 0 0 0 0 0 4 0 0 0 
21 8 84 144 28 1758 206 54 16 1 14 4 23 103 349 456 44 260 224 73 163 5987 5067 925 2929 3500 30984 1343 4089 36 9 223634 1260 3484 1218 4833 34 242 160 0 155 54 1 28 807 69 105 5 0 174 64 13 19 3 2 3 0 0 53 218 13 6 33 28 22 5428 2620 64 1855 67 31 22 2 335 2191 379 1214 7 23 87 8 2 0 0 0 6 21 0 0 0 0 5 1 4 35 832 6 34 31 20 0 4 20 10 3 17 8 1 2 0 0 0 2 0 2 13 30 0 0 1 0 0 0 1 0 4 2 6 0 
0 6 0 0 17 1479 0 0 6 0 10 0 0 0 0 0 42 0 0 26 0 0 2140 0 2884 1963 0 0 3716 0 2 207186 0 0 0 3476 25 0 0 0 0 0 0 8 474 0 0 2 0 0 0 0 15 0 0 0 0 0 0 0 7 0 0 4 0 0 1800 0 1650 0 20 0 0 0 1463 0 1015 0 9 0 0 0 0 0 0 2 0 0 0 0 0 4 0 0 0 748 0 0 0 8 0 0 0 8 0 5 0 0 0 0 0 0 0 0 0 6 0 0 3 0 0 0 0 0 0 4 0 0 0 
0 7 0 0 22 1897 0 0 14 0 8 0 0 0 0 0 43 0 0 50 0 0 5058 0 3025 2444 0 0 4652 0 11 268567 0 0 0 4572 17 0 0 0 0 0 0 34 1288 0 0 6 0 0 0 0 19 0 0 0 0 0 0 0 13 0 0 15 0 0 1681 0 2192 0 8 0 0 0 1382 0 1306 0 12 0 0 0 0 0 0 3 0 0 0 0 0 4 0 0 0 625 0 0 0 9 0 0 0 6 0 6 0 0 0 0 0 0 0 0 0 8 0 0 0 0 0 0 0 0 0 1 0 0 0 
67 2 137 73 5 540 2200 231 0 1 2 11 61 1057 99 148 8 370 150 0 767 44218 0 12409 1453 674 19908 8460 1378 253 0 73091 47207 2944 1309 909 0 0 473 0 38 30 62 0 0 1350 61 0 17 269 24 39 7 1 1 0 2 0 88 34 5 24 126 0 182 16062 381 681 628 113 4 7 58 485 381 2177 402 35 4 0 110 1 1 0 0 0 63 0 0 2 0 0 13 0 914 158 17 39 48 1 0 2 32 1 21 0 43 1 4 0 1 0 1 0 5 0 39 4 0 0 0 0 0 0 0 0 6 22 0 
0 2 0 0 5 338 0 0 0 0 1 0 0 0 0 0 10 0 0 0 0 0 0 0 868 1008 0 0 1295 0 0 38530 0 0 0 768 2 0 0 0 0 0 0 0 0 0 0 0 0 0 0 0 8 0 0 0 0 0 0 0 5 0 0 0 0 0 237 0 471 0 3 0 0 0 32 0 379 0 0 0 0 0 0 0 0 0 0 0 0 0 0 0 0 0 0 34 0 0 0 1 0 0 0 0 0 0 0 0 0 0 0 0 0 0 0 1 0 0 0 0 0 0 0 0 0 0 0 0 0 
0 8 0 0 27 1643 0 0 18 0 12 0 0 0 0 0 54 0 0 84 0 0 5400 0 3183 3759 0 0 4342 0 16 197774 0 0 0 4392 28 0 0 0 0 0 0 19 649 0 0 12 0 0 0 0 18 0 0 0 0 0 0 0 15 0 0 26 0 0 2337 0 1311 0 22 0 0 0 1646 0 1312 0 24 0 0 0 0 0 0 8 0 0 0 0 0 3 0 0 0 928 0 0 0 8 0 0 0 12 0 10 0 0 0 0 0 0 0 0 0 7 0 0 2 0 0 0 0 0 0 4 0 0 0 
0 6 0 0 18 1226 0 0 9 0 10 0 0 0 0 0 44 0 0 33 0 0 2772 0 2848 2544 0 0 4042 0 4 132996 0 0 0 2746 19 0 0 0 0 0 0 22 302 0 0 1 0 0 0 0 16 0 0 0 0 0 0 0 5 0 0 15 0 0 1498 0 1302 0 16 0 0 0 1536 0 814 0 18 0 0 0 0 0 0 4 0 0 0 0 0 4 0 0 0 728 0 0 0 8 0 0 0 9 0 9 0 0 0 0 0 0 0 0 0 5 0 0 1 0 0 0 0 0 0 3 0 0 0 
0 4 0 0 20 745 0 0 5 0 1 0 0 0 0 0 45 0 0 24 0 0 1414 0 1706 2443 0 0 3663 0 2 79156 0 0 0 2983 32 0 0 0 0 0 0 23 224 0 0 6 0 0 0 0 24 0 0 0 0 0 0 0 15 0 0 2 0 0 237 0 1255 0 3 0 0 0 55 0 897 0 1 0 0 0 0 0 0 0 0 0 0 0 0 0 0 0 0 33 0 0 0 2 0 0 0 1 0 0 0 0 0 0 0 0 0 0 0 0 0 0 0 0 0 0 0 0 0 0 0 0 0 
0 3 0 0 16 590 0 0 1 0 2 0 0 0 0 0 45 0 0 6 0 0 347 0 1471 2561 0 0 1966 0 0 66274 0 0 0 1930 29 0 0 0 0 0 0 3 5 0 0 3 0 0 0 0 10 0 0 0 0 0 0 0 18 0 0 0 0 0 429 0 745 0 5 0 0 0 245 0 630 0 10 0 0 0 0 0 0 0 0 0 0 0 0 0 0 0 0 71 0 0 0 2 0 0 0 2 0 1 0 0 0 0 0 0 0 0 0 0 0 0 0 0 0 0 0 0 0 0 0 0 0 
0 9 0 0 24 1901 0 0 18 0 23 0 0 0 0 0 48 0 0 58 0 0 5454 0 3237 3101 0 0 4915 0 12 256128 0 0 0 3777 25 0 0 0 0 0 0 28 951 0 0 9 0 0 0 0 11 0 0 0 0 0 0 0 8 0 0 37 0 0 4249 0 1813 0 40 0 0 0 3135 0 1013 0 39 0 0 0 0 0 0 15 0 0 0 0 0 8 0 0 0 1273 0 0 0 15 0 0 0 15 0 27 0 0 0 0 0 0 0 0 0 8 0 0 4 0 0 0 0 0 0 18 0 0 0 
0 2 0 0 7 503 0 0 0 0 1 0 0 0 0 0 18 0 0 0 0 0 0 0 1386 1065 0 0 1869 0 0 62680 0 0 0 1199 3 0 0 0 0 0 0 0 0 0 0 0 0 0 0 0 10 0 0 0 0 0 0 0 7 0 0 0 0 0 205 0 741 0 3 0 0 0 163 0 572 0 3 0 0 0 0 0 0 0 0 0 0 0 0 0 0 0 0 67 0 0 0 0 0 0 0 1 0 0 0 0 0 0 0 0 0 0 0 0 0 0 0 0 0 0 0 0 0 0 0 0 0 
0 3 0 0 16 590 0 0 1 0 2 0 0 0 0 0 45 0 0 6 0 0 347 0 1471 2561 0 0 1966 0 0 66274 0 0 0 1930 29 0 0 0 0 0 0 3 5 0 0 3 0 0 0 0 10 0 0 0 0 0 0 0 18 0 0 0 0 0 429 0 745 0 5 0 0 0 245 0 630 0 10 0 0 0 0 0 0 0 0 0 0 0 0 0 0 0 0 71 0 0 0 2 0 0 0 2 0 1 0 0 0 0 0 0 0 0 0 0 0 0 0 0 0 0 0 0 0 0 0 0 0 
0 9 0 0 27 2062 0 0 20 0 19 0 0 0 0 0 54 0 0 74 0 0 6684 0 3352 2889 0 0 4525 0 13 266793 0 0 0 4890 32 0 0 0 0 0 0 33 1036 0 0 8 0 0 0 0 10 0 0 0 0 0 0 0 7 0 0 41 0 0 3199 0 1855 0 35 0 0 0 3044 0 1032 0 33 0 0 0 0 0 0 12 0 0 0 0 0 7 0 0 0 1407 0 0 0 19 0 0 0 19 0 21 0 0 0 0 0 0 0 0 0 8 0 0 4 0 0 0 0 0 0 9 0 0 0 
0 3 0 0 13 794 0 0 1 0 3 0 0 0 0 0 25 0 0 6 0 0 356 0 1928 1958 0 0 2038 0 0 108369 0 0 0 2345 10 0 0 0 0 0 0 2 83 0 0 1 0 0 0 0 15 0 0 0 0 0 0 0 20 0 0 0 0 0 636 0 893 0 7 0 0 0 560 0 799 0 10 0 0 0 0 0 0 1 0 0 0 0 0 0 0 0 0 233 0 0 0 2 0 0 0 1 0 1 0 0 0 0 0 0 0 0 0 1 0 0 0 0 0 0 0 0 0 0 0 0 0 
0 1 0 0 4 273 0 0 0 0 0 0 0 0 0 0 8 0 0 0 0 0 0 0 637 705 0 0 1190 0 0 36632 0 0 0 731 2 0 0 0 0 0 0 0 0 0 0 0 0 0 0 0 7 0 0 0 0 0 0 0 5 0 0 0 0 0 0 0 496 0 0 0 0 0 0 0 354 0 0 0 0 0 0 0 0 0 0 0 0 0 0 0 0 0 0 0 0 0 0 0 0 0 0 0 0 0 0 0 0 0 0 0 0 0 0 0 0 0 0 0 0 0 0 0 0 0 0 0 0 
0 1 0 0 4 273 0 0 0 0 0 0 0 0 0 0 8 0 0 0 0 0 0 0 637 705 0 0 1190 0 0 36632 0 0 0 731 2 0 0 0 0 0 0 0 0 0 0 0 0 0 0 0 7 0 0 0 0 0 0 0 5 0 0 0 0 0 0 0 496 0 0 0 0 0 0 0 354 0 0 0 0 0 0 0 0 0 0 0 0 0 0 0 0 0 0 0 0 0 0 0 0 0 0 0 0 0 0 0 0 0 0 0 0 0 0 0 0 0 0 0 0 0 0 0 0 0 0 0 0 
0 3 0 0 15 572 0 0 2 0 1 0 0 0 0 0 36 0 0 14 0 0 635 0 1446 2688 0 0 1850 0 0 62396 0 0 0 1640 35 0 0 0 0 0 0 7 9 0 0 3 0 0 0 0 9 0 0 0 0 0 0 0 18 0 0 1 0 0 210 0 655 0 3 0 0 0 150 0 531 0 1 0 0 0 0 0 0 0 0 0 0 0 0 0 0 0 0 62 0 0 0 0 0 0 0 1 0 0 0 0 0 0 0 0 0 0 0 0 0 0 0 0 0 0 0 0 0 0 0 0 0 
0 4 0 0 20 870 0 0 3 0 4 0 0 0 0 0 35 0 0 22 0 0 891 0 1785 2984 0 0 3411 0 0 113966 0 0 0 3265 36 0 0 0 0 0 0 9 48 0 0 2 0 0 0 0 17 0 0 0 0 0 0 0 15 0 0 4 0 0 746 0 1101 0 10 0 0 0 540 0 987 0 5 0 0 0 0 0 0 0 0 0 0 0 0 0 0 0 0 395 0 0 0 5 0 0 0 9 0 0 0 0 0 0 0 0 0 0 0 5 0 0 0 0 0 0 0 0 0 2 0 0 0 
0 8 0 0 26 1634 0 0 16 0 14 0 0 0 0 0 59 0 0 61 0 0 4835 0 3224 3699 0 0 4070 0 11 182372 0 0 0 4326 33 0 0 0 0 0 0 23 645 0 0 8 0 0 0 0 21 0 0 0 0 0 0 0 19 0 0 28 0 0 2498 0 1154 0 40 0 0 0 1786 0 1319 0 25 0 0 0 0 0 0 6 0 0 0 0 0 3 0 0 0 929 0 0 0 8 0 0 0 10 0 11 0 0 0 0 0 0 0 0 0 7 0 0 1 0 0 0 0 0 0 9 0 0 0 
0 10 0 0 23 2128 0 0 30 0 17 0 0 0 0 0 46 0 0 88 0 0 9161 0 3389 2974 0 0 4748 0 39 265062 0 0 0 3935 28 0 0 0 0 0 0 37 1361 0 0 10 0 0 0 0 21 0 0 0 0 0 0 0 7 0 0 53 0 0 3175 0 1770 0 30 0 0 0 2395 0 1247 0 20 0 0 0 0 0 0 11 0 0 0 0 0 3 0 0 0 1257 0 0 0 11 0 0 0 7 0 18 0 0 0 0 0 0 0 0 0 6 0 0 4 0 0 0 0 0 0 9 0 0 0 
0 9 0 0 19 2040 0 0 16 0 22 0 0 0 0 0 40 0 0 51 0 0 5120 0 3680 2439 0 0 4016 0 6 274934 0 0 0 3763 17 0 0 0 0 0 0 12 942 0 0 4 0 0 0 0 14 0 0 0 0 0 0 0 12 0 0 28 0 0 4079 0 1667 0 30 0 0 0 3254 0 839 0 29 0 0 0 0 0 0 9 0 0 0 0 0 10 0 0 0 1408 0 0 0 12 0 0 0 10 0 30 0 0 0 0 0 0 0 0 0 5 0 0 3 0 0 0 0 0 0 13 0 0 0 
0 6 0 0 21 1694 0 0 7 0 8 0 0 0 0 0 46 0 0 30 0 0 2634 0 3188 2234 0 0 3757 0 1 249078 0 0 0 5017 24 0 0 0 0 0 0 16 712 0 0 2 0 0 0 0 16 0 0 0 0 0 0 0 19 0 0 7 0 0 1762 0 1792 0 16 0 0 0 1198 0 1118 0 16 0 0 0 0 0 0 2 0 0 0 0 0 3 0 0 0 716 0 0 0 8 0 0 0 9 0 6 0 0 0 0 0 0 0 0 0 5 0 0 0 0 0 0 0 0 0 1 0 0 0 
0 8 0 0 31 1701 0 0 16 0 13 0 0 0 0 0 51 0 0 78 0 0 5044 0 3260 4559 0 0 4383 0 10 205772 0 0 0 5019 38 0 0 0 0 0 0 30 626 0 0 12 0 0 0 0 20 0 0 0 0 0 0 0 14 0 0 26 0 0 2174 0 1509 0 29 0 0 0 2065 0 1365 0 30 0 0 0 0 0 0 3 0 0 0 0 0 3 0 0 0 901 0 0 0 12 0 0 0 11 0 15 0 0 0 0 0 0 0 0 0 12 0 0 1 0 0 0 0 0 0 4 0 0 0 
0 8 0 0 17 1739 0 0 16 0 14 0 0 0 0 0 39 0 0 48 0 0 4905 0 3227 2380 0 0 4071 0 10 227160 0 0 0 3339 24 0 0 0 0 0 0 15 712 0 0 3 0 0 0 0 16 0 0 0 0 0 0 0 7 0 0 29 0 0 2697 0 1595 0 26 0 0 0 1881 0 955 0 12 0 0 0 0 0 0 5 0 0 0 0 0 3 0 0 0 1050 0 0 0 6 0 0 0 8 0 10 0 0 0 0 0 0 0 0 0 5 0 0 3 0 0 0 0 0 0 9 0 0 0 
0 9 0 0 33 2137 0 0 27 0 10 0 0 0 0 0 44 0 0 97 0 0 8678 0 2980 3509 0 0 5291 0 36 285698 0 0 0 6069 56 0 0 0 0 0 0 84 1643 0 0 22 0 0 0 0 20 0 0 0 0 0 0 0 12 0 0 37 0 0 1920 0 2270 0 15 0 0 0 1757 0 1333 0 10 0 0 0 0 0 0 4 0 0 0 0 0 3 0 0 0 946 0 0 0 13 0 0 0 14 0 11 0 0 0 0 0 0 0 0 0 7 0 0 0 0 0 0 0 0 0 0 0 0 0 
0 8 0 0 21 2152 0 0 12 0 18 0 0 0 0 0 35 0 0 42 0 0 4499 0 3760 2023 0 0 3854 0 2 310670 0 0 0 4674 20 0 0 0 0 0 0 17 998 0 0 5 0 0 0 0 16 0 0 0 0 0 0 0 12 0 0 23 0 0 3471 0 1757 0 26 0 0 0 3044 0 828 0 32 0 0 0 0 0 0 6 0 0 0 0 0 6 0 0 0 1547 0 0 0 13 0 0 0 11 0 21 0 0 0 0 0 0 0 0 0 5 0 0 3 0 0 0 0 0 0 8 0 0 0 
0 8 0 0 20 2119 0 0 14 0 15 0 0 0 0 0 44 0 0 37 0 0 5076 0 3374 2035 0 0 4753 0 5 294010 0 0 0 4527 21 0 0 0 0 0 0 21 1220 0 0 7 0 0 0 0 20 0 0 0 0 0 0 0 4 0 0 25 0 0 2737 0 1987 0 26 0 0 0 2487 0 1086 0 22 0 0 0 0 0 0 5 0 0 0 0 0 5 0 0 0 1266 0 0 0 12 0 0 0 11 0 14 0 0 0 0 0 0 0 0 0 7 0 0 3 0 0 0 0 0 0 5 0 0 0 
0 7 0 0 13 1723 0 0 12 0 11 0 0 0 0 0 34 0 0 22 0 0 4040 0 3442 1532 0 0 4011 0 5 246075 0 0 0 2837 7 0 0 0 0 0 0 18 903 0 0 5 0 0 0 0 13 0 0 0 0 0 0 0 5 0 0 19 0 0 2339 0 1866 0 15 0 0 0 1647 0 789 0 6 0 0 0 0 0 0 4 0 0 0 0 0 6 0 0 0 727 0 0 0 7 0 0 0 6 0 10 0 0 0 0 0 0 0 0 0 2 0 0 0 0 0 0 0 0 0 2 0 0 0 
0 6 0 0 25 1512 0 0 8 0 8 0 0 0 0 0 53 0 0 37 0 0 2766 0 2543 3588 0 0 3840 0 3 209259 0 0 0 4777 35 0 0 0 0 0 0 8 520 0 0 11 0 0 0 0 18 0 0 0 0 0 0 0 18 0 0 9 0 0 1628 0 1650 0 19 0 0 0 1201 0 1358 0 14 0 0 0 0 0 0 3 0 0 0 0 0 2 0 0 0 687 0 0 0 10 0 0 0 12 0 4 0 0 0 0 0 0 0 0 0 10 0 0 0 0 0 0 0 0 0 3 0 0 0 
0 6 0 0 18 1369 0 0 7 0 10 0 0 0 0 0 47 0 0 30 0 0 2297 0 3117 2839 0 0 3901 0 2 160047 0 0 0 3078 17 0 0 0 0 0 0 13 424 0 0 4 0 0 0 0 17 0 0 0 0 0 0 0 16 0 0 8 0 0 1656 0 1250 0 11 0 0 0 1577 0 1024 0 18 0 0 0 0 0 0 2 0 0 0 0 0 3 0 0 0 654 0 0 0 5 0 0 0 3 0 7 0 0 0 0 0 0 0 0 0 6 0 0 2 0 0 0 0 0 0 5 0 0 0 
0 10 0 0 30 2082 0 0 35 0 10 0 0 0 0 0 53 0 0 121 0 0 10507 0 3202 3204 0 0 5791 0 56 256980 0 0 0 4886 39 0 0 0 0 0 0 82 1696 0 0 17 0 0 0 0 23 0 0 0 0 0 0 0 12 0 0 49 0 0 2104 0 2220 0 19 0 0 0 1289 0 1194 0 9 0 0 0 0 0 0 4 0 0 0 0 0 2 0 0 0 689 0 0 0 9 0 0 0 7 0 8 0 0 0 0 0 0 0 0 0 4 0 0 0 0 0 0 0 0 0 1 0 0 0 
0 7 0 0 25 1478 0 0 16 0 5 0 0 0 0 0 62 0 0 74 0 0 5088 0 2490 3069 0 0 4382 0 13 197675 0 0 0 4328 30 0 0 0 0 0 0 27 810 0 0 10 0 0 0 0 24 0 0 0 0 0 0 0 15 0 0 20 0 0 1220 0 1775 0 11 0 0 0 346 0 1350 0 6 0 0 0 0 0 0 0 0 0 0 0 0 0 0 0 0 282 0 0 0 8 0 0 0 6 0 1 0 0 0 0 0 0 0 0 0 3 0 0 0 0 0 0 0 0 0 1 0 0 0 
0 6 0 0 21 1160 0 0 11 0 4 0 0 0 0 0 70 0 0 43 0 0 3598 0 2540 3281 0 0 3571 0 8 142237 0 0 0 2632 17 0 0 0 0 0 0 21 472 0 0 11 0 0 0 0 15 0 0 0 0 0 0 0 15 0 0 8 0 0 531 0 1504 0 6 0 0 0 476 0 1005 0 11 0 0 0 0 0 0 3 0 0 0 0 0 0 0 0 0 116 0 0 0 2 0 0 0 2 0 1 0 0 0 0 0 0 0 0 0 5 0 0 0 0 0 0 0 0 0 0 0 0 0 
0 4 0 0 14 1222 0 0 3 0 4 0 0 0 0 0 33 0 0 15 0 0 1167 0 2748 1175 0 0 3347 0 0 189388 0 0 0 3198 18 0 0 0 0 0 0 8 284 0 0 2 0 0 0 0 23 0 0 0 0 0 0 0 9 0 0 3 0 0 763 0 1816 0 10 0 0 0 847 0 716 0 5 0 0 0 0 0 0 0 0 0 0 0 0 1 0 0 0 457 0 0 0 4 0 0 0 3 0 2 0 0 0 0 0 0 0 0 0 1 0 0 0 0 0 0 0 0 0 0 0 0 0 
0 3 0 0 12 747 0 0 1 0 3 0 0 0 0 0 32 0 0 4 0 0 368 0 1946 1301 0 0 2875 0 0 92008 0 0 0 2416 14 0 0 0 0 0 0 6 73 0 0 1 0 0 0 0 18 0 0 0 0 0 0 0 9 0 0 0 0 0 454 0 1074 0 9 0 0 0 411 0 583 0 8 0 0 0 0 0 0 0 0 0 0 0 0 1 0 0 0 291 0 0 0 2 0 0 0 3 0 1 0 0 0 0 0 0 0 0 0 0 0 0 0 0 0 0 0 0 0 0 0 0 0 
0 1 0 0 4 273 0 0 0 0 0 0 0 0 0 0 8 0 0 0 0 0 0 0 637 705 0 0 1190 0 0 36632 0 0 0 731 2 0 0 0 0 0 0 0 0 0 0 0 0 0 0 0 7 0 0 0 0 0 0 0 5 0 0 0 0 0 0 0 496 0 0 0 0 0 0 0 354 0 0 0 0 0 0 0 0 0 0 0 0 0 0 0 0 0 0 0 0 0 0 0 0 0 0 0 0 0 0 0 0 0 0 0 0 0 0 0 0 0 0 0 0 0 0 0 0 0 0 0 0 
51 8 303 297 23 1718 1257 175 15 4 14 18 107 383 674 650 40 781 668 50 400 30725 4559 6406 3257 3236 60802 10223 4131 170 8 198284 20079 41026 5454 3652 20 429 844 2 281 195 16 19 732 1104 254 13 8 712 646 92 17 12 12 8 0 0 223 348 9 49 210 24 115 25171 2347 610 1314 249 26 44 135 4884 2048 3690 1181 50 26 282 81 4 0 2 0 5 97 0 2 1 1 4 5 42 780 1011 136 164 96 10 0 41 229 8 55 14 64 11 13 2 0 0 4 0 10 7 141 11 2 1 0 0 1 1 0 5 9 50 0 
0 2 0 0 11 405 0 0 1 0 0 0 0 0 0 0 22 0 0 6 0 0 356 0 901 2012 0 0 1502 0 0 45226 0 0 0 1480 14 0 0 0 0 0 0 3 23 0 0 1 0 0 0 0 7 0 0 0 0 0 0 0 16 0 0 0 0 0 0 0 548 0 0 0 0 0 0 0 529 0 0 0 0 0 0 0 0 0 0 0 0 0 0 0 0 0 0 0 0 0 0 0 0 0 0 0 0 0 0 0 0 0 0 0 0 0 0 0 0 0 0 0 0 0 0 0 0 0 0 0 0 
0 3 0 0 8 977 0 0 1 0 3 0 0 0 0 0 18 0 0 4 0 0 399 0 2358 819 0 0 2354 0 0 159941 0 0 0 1992 2 0 0 0 0 0 0 1 124 0 0 1 0 0 0 0 13 0 0 0 0 0 0 0 7 0 0 0 0 0 634 0 1372 0 6 0 0 0 587 0 596 0 4 0 0 0 0 0 0 0 0 0 0 0 0 1 0 0 0 342 0 0 0 3 0 0 0 2 0 1 0 0 0 0 0 0 0 0 0 0 0 0 0 0 0 0 0 0 0 0 0 0 0 
0 8 0 0 25 1715 0 0 17 0 12 0 0 0 0 0 62 0 0 68 0 0 5279 0 3509 2534 0 0 4783 0 12 196325 0 0 0 4588 27 0 0 0 0 0 0 40 921 0 0 4 0 0 0 0 21 0 0 0 0 0 0 0 12 0 0 30 0 0 2110 0 1578 0 28 0 0 0 1683 0 1032 0 19 0 0 0 0 0 0 2 0 0 0 0 0 5 0 0 0 762 0 0 0 11 0 0 0 8 0 6 0 0 0 0 0 0 0 0 0 4 0 0 1 0 0 0 0 0 0 6 0 0 0 
0 7 0 0 17 1770 0 0 15 0 7 0 0 0 0 0 31 0 0 46 0 0 5286 0 3044 1712 0 0 4567 0 14 252294 0 0 0 3814 11 0 0 0 0 0 0 29 1158 0 0 5 0 0 0 0 18 0 0 0 0 0 0 0 9 0 0 14 0 0 1509 0 2167 0 9 0 0 0 1033 0 1101 0 6 0 0 0 0 0 0 2 0 0 0 0 0 2 0 0 0 524 0 0 0 4 0 0 0 5 0 6 0 0 0 0 0 0 0 0 0 2 0 0 0 0 0 0 0 0 0 2 0 0 0 
201 7 1385 949 13 1206 19688 355 13 11 8 415 447 2524 4511 1454 22 1598 1184 34 532 50465 3121 55895 1655 866 154379 206029 1724 179 9 112880 1263317 106096 65540 2085 13 1327 1934 25 1510 163 616 10 567 6689 398 2 726 1581 921 1213 4 21 10 25 7 2060 1550 609 0 396 479 13 101 83622 1098 58507 695 810 9 1223 990 66407 972 53864 410 435 9 1036 447 8 5 3 14 1 228 242 1 4 4 1 102 208 16810 448 11147 387 490 5 525 301 339 5 536 10 140 280 522 16 3 4 3 461 347 3 361 122 0 4 1 3 1 4 4 1 217 232 158 
0 2 0 0 14 361 0 0 1 0 0 0 0 0 0 0 37 0 0 6 0 0 347 0 729 2425 0 0 1369 0 0 40449 0 0 0 1546 35 0 0 0 0 0 0 4 5 0 0 3 0 0 0 0 9 0 0 0 0 0 0 0 18 0 0 0 0 0 0 0 507 0 0 0 0 0 0 0 417 0 0 0 0 0 0 0 0 0 0 0 0 0 0 0 0 0 0 0 0 0 0 0 0 0 0 0 0 0 0 0 0 0 0 0 0 0 0 0 0 0 0 0 0 0 0 0 0 0 0 0 0 
0 6 0 0 21 1718 0 0 7 0 9 0 0 0 0 0 39 0 0 23 0 0 2604 0 2937 2212 0 0 4374 0 2 254216 0 0 0 4769 25 0 0 0 0 0 0 18 787 0 0 4 0 0 0 0 19 0 0 0 0 0 0 0 8 0 0 7 0 0 1630 0 2064 0 20 0 0 0 1595 0 1197 0 18 0 0 0 0 0 0 2 0 0 0 0 0 2 0 0 0 815 0 0 0 9 0 0 0 11 0 7 0 0 0 0 0 0 0 0 0 7 0 0 1 0 0 0 0 0 0 3 0 0 0 
0 4 0 0 11 1113 0 0 2 0 6 0 0 0 0 0 27 0 0 5 0 0 711 0 2638 1380 0 0 2922 0 0 168697 0 0 0 2089 5 0 0 0 0 0 0 3 172 0 0 3 0 0 0 0 13 0 0 0 0 0 0 0 9 0 0 2 0 0 1260 0 1365 0 10 0 0 0 1023 0 670 0 11 0 0 0 0 0 0 1 0 0 0 0 0 1 0 0 0 555 0 0 0 4 0 0 0 3 0 2 0 0 0 0 0 0 0 0 0 2 0 0 1 0 0 0 0 0 0 1 0 0 0 
0 2 0 0 7 360 0 0 0 0 1 0 0 0 0 0 25 0 0 0 0 0 0 0 1064 775 0 0 1418 0 0 40201 0 0 0 978 5 0 0 0 0 0 0 0 0 0 0 0 0 0 0 0 7 0 0 0 0 0 0 0 5 0 0 0 0 0 237 0 483 0 3 0 0 0 55 0 367 0 1 0 0 0 0 0 0 0 0 0 0 0 0 0 0 0 0 33 0 0 0 2 0 0 0 1 0 0 0 0 0 0 0 0 0 0 0 0 0 0 0 0 0 0 0 0 0 0 0 0 0 
0 2 0 0 7 650 0 0 1 0 0 0 0 0 0 0 18 0 0 4 0 0 399 0 1373 1008 0 0 2106 0 0 106780 0 0 0 1580 3 0 0 0 0 0 0 2 125 0 0 1 0 0 0 0 11 0 0 0 0 0 0 0 8 0 0 0 0 0 0 0 1227 0 0 0 0 0 0 0 632 0 0 0 0 0 0 0 0 0 0 0 0 0 0 0 0 0 0 0 0 0 0 0 0 0 0 0 0 0 0 0 0 0 0 0 0 0 0 0 0 0 0 0 0 0 0 0 0 0 0 0 0 
0 4 0 0 21 880 0 0 5 0 1 0 0 0 0 0 44 0 0 33 0 0 1711 0 1786 3372 0 0 2338 0 2 111052 0 0 0 3630 35 0 0 0 0 0 0 8 155 0 0 6 0 0 0 0 15 0 0 0 0 0 0 0 22 0 0 2 0 0 210 0 992 0 3 0 0 0 143 0 1014 0 0 0 0 0 0 0 0 0 0 0 0 0 0 0 0 0 0 127 0 0 0 2 0 0 0 4 0 0 0 0 0 0 0 0 0 0 0 1 0 0 0 0 0 0 0 0 0 0 0 0 0 
0 8 0 0 20 2077 0 0 12 0 18 0 0 0 0 0 43 0 0 40 0 0 4191 0 3556 2127 0 0 4429 0 4 285161 0 0 0 4631 23 0 0 0 0 0 0 17 1048 0 0 2 0 0 0 0 14 0 0 0 0 0 0 0 14 0 0 18 0 0 3442 0 1705 0 29 0 0 0 2734 0 965 0 26 0 0 0 0 0 0 7 0 0 0 0 0 7 0 0 0 1455 0 0 0 9 0 0 0 12 0 18 0 0 0 0 0 0 0 0 0 7 0 0 3 0 0 0 0 0 0 12 0 0 0 
0 6 0 0 21 1537 0 0 6 0 11 0 0 0 0 0 35 0 0 29 0 0 2098 0 3042 2817 0 0 3655 0 2 205186 0 0 0 4233 23 0 0 0 0 0 0 8 415 0 0 4 0 0 0 0 18 0 0 0 0 0 0 0 21 0 0 4 0 0 2215 0 1349 0 19 0 0 0 1731 0 1188 0 26 0 0 0 0 0 0 6 0 0 0 0 0 2 0 0 0 930 0 0 0 6 0 0 0 10 0 8 0 0 0 0 0 0 0 0 0 6 0 0 2 0 0 0 0 0 0 5 0 0 0 
69 9 319 517 15 2132 2317 179 18 5 21 29 101 444 1141 800 23 562 790 30 300 12960 6111 8701 2613 1465 120785 16493 3781 175 9 273769 50663 29331 14759 3255 16 866 1210 2 514 106 68 23 1395 1633 452 2 27 824 689 193 8 5 14 8 0 0 374 1009 2 23 169 39 31 24230 3355 1519 1574 106 28 147 110 5045 3053 5125 606 65 19 333 62 7 0 2 0 8 94 4 6 5 0 9 51 32 819 1513 208 172 169 7 0 74 430 14 57 25 16 32 13 4 2 0 8 0 33 2 222 16 2 2 0 0 4 2 0 14 14 35 0 
0 8 0 0 24 1896 0 0 15 0 16 0 0 0 0 0 49 0 0 59 0 0 4866 0 3443 2646 0 0 4162 0 9 259403 0 0 0 4306 33 0 0 0 0 0 0 24 822 0 0 6 0 0 0 0 16 0 0 0 0 0 0 0 9 0 0 26 0 0 3192 0 1574 0 31 0 0 0 2389 0 1060 0 24 0 0 0 0 0 0 12 0 0 0 0 0 3 0 0 0 1363 0 0 0 14 0 0 0 13 0 16 0 0 0 0 0 0 0 0 0 6 0 0 2 0 0 0 0 0 0 7 0 0 0 
0 3 0 0 20 398 0 0 3 0 0 0 0 0 0 0 56 0 0 25 0 0 758 0 815 3476 0 0 1700 0 1 41097 0 0 0 1725 43 0 0 0 0 0 0 6 16 0 0 6 0 0 0 0 10 0 0 0 0 0 0 0 25 0 0 0 0 0 0 0 525 0 0 0 0 0 0 0 459 0 0 0 0 0 0 0 0 0 0 0 0 0 0 0 0 0 0 0 0 0 0 0 0 0 0 0 0 0 0 0 0 0 0 0 0 0 0 0 0 0 0 0 0 0 0 0 0 0 0 0 0 
0 7 0 0 21 1375 0 0 10 0 16 0 0 0 0 0 41 0 0 47 0 0 2931 0 2781 3778 0 0 4160 0 4 155370 0 0 0 2602 20 0 0 0 0 0 0 12 446 0 0 5 0 0 0 0 14 0 0 0 0 0 0 0 14 0 0 17 0 0 2618 0 1183 0 20 0 0 0 2243 0 1162 0 23 0 0 0 0 0 0 8 0 0 0 0 0 9 0 0 0 852 0 0 0 11 0 0 0 9 0 17 0 0 0 0 0 0 0 0 0 14 0 0 2 0 0 0 0 0 0 6 0 0 0 
0 3 0 0 7 860 0 0 1 0 2 0 0 0 0 0 18 0 0 4 0 0 399 0 2101 1008 0 0 2492 0 0 128465 0 0 0 1575 3 0 0 0 0 0 0 2 124 0 0 1 0 0 0 0 9 0 0 0 0 0 0 0 8 0 0 0 0 0 473 0 1261 0 5 0 0 0 248 0 632 0 0 0 0 0 0 0 0 0 0 0 0 0 0 1 0 0 0 175 0 0 0 0 0 0 0 2 0 0 0 0 0 0 0 0 0 0 0 0 0 0 0 0 0 0 0 0 0 0 0 0 0 
0 6 0 0 20 1197 0 0 6 0 9 0 0 0 0 0 40 0 0 20 0 0 1834 0 2752 3389 0 0 3892 0 1 142563 0 0 0 3049 28 0 0 0 0 0 0 14 289 0 0 5 0 0 0 0 16 0 0 0 0 0 0 0 13 0 0 5 0 0 1838 0 1280 0 20 0 0 0 841 0 1117 0 13 0 0 0 0 0 0 2 0 0 0 0 0 4 0 0 0 437 0 0 0 10 0 0 0 9 0 5 0 0 0 0 0 0 0 0 0 7 0 0 0 0 0 0 0 0 0 3 0 0 0 
0 5 0 0 14 1286 0 0 5 0 6 0 0 0 0 0 32 0 0 23 0 0 1841 0 2899 1175 0 0 3410 0 0 190984 0 0 0 3194 18 0 0 0 0 0 0 9 322 0 0 2 0 0 0 0 22 0 0 0 0 0 0 0 9 0 0 7 0 0 1303 0 1766 0 14 0 0 0 919 0 716 0 5 0 0 0 0 0 0 0 0 0 0 0 0 1 0 0 0 514 0 0 0 4 0 0 0 4 0 3 0 0 0 0 0 0 0 0 0 1 0 0 0 0 0 0 0 0 0 2 0 0 0 
0 4 0 0 16 1184 0 0 2 0 5 0 0 0 0 0 32 0 0 8 0 0 790 0 2124 2130 0 0 3441 0 0 182164 0 0 0 3565 28 0 0 0 0 0 0 3 286 0 0 1 0 0 0 0 16 0 0 0 0 0 0 0 8 0 0 1 0 0 857 0 1692 0 13 0 0 0 829 0 1066 0 5 0 0 0 0 0 0 1 0 0 0 0 0 0 0 0 0 480 0 0 0 7 0 0 0 10 0 2 0 0 0 0 0 0 0 0 0 6 0 0 0 0 0 0 0 0 0 2 0 0 0 
0 8 0 0 19 1678 0 0 19 0 10 0 0 0 0 0 49 0 0 65 0 0 5955 0 3496 2334 0 0 3845 0 13 202211 0 0 0 3645 12 0 0 0 0 0 0 20 889 0 0 3 0 0 0 0 14 0 0 0 0 0 0 0 9 0 0 37 0 0 2177 0 1346 0 22 0 0 0 1195 0 1077 0 12 0 0 0 0 0 0 5 0 0 0 0 0 1 0 0 0 607 0 0 0 3 0 0 0 8 0 3 0 0 0 0 0 0 0 0 0 3 0 0 0 0 0 0 0 0 0 3 0 0 0 
62 5 321 250 17 998 1861 223 7 1 3 30 58 1041 950 676 47 770 497 27 754 25028 1919 9559 2271 2160 49048 14638 2270 235 3 115486 36234 30127 6056 2680 23 289 1590 7 329 156 74 15 265 1882 300 6 27 224 130 35 8 3 1 2 8 0 0 118 6 28 82 6 122 11708 560 1372 958 153 7 98 443 4783 429 2826 833 102 1 120 233 2 0 3 0 0 83 4 0 3 0 0 63 19 331 269 210 29 0 3 0 13 99 6 11 0 55 32 22 0 3 0 0 0 0 2 29 2 0 0 0 0 0 0 0 1 0 8 0 
0 7 0 0 24 1444 0 0 16 0 5 0 0 0 0 0 59 0 0 73 0 0 5343 0 2284 3613 0 0 4096 0 13 194525 0 0 0 4247 29 0 0 0 0 0 0 19 732 0 0 12 0 0 0 0 24 0 0 0 0 0 0 0 15 0 0 19 0 0 1010 0 1796 0 7 0 0 0 362 0 1348 0 5 0 0 0 0 0 0 0 0 0 0 0 0 1 0 0 0 231 0 0 0 6 0 0 0 6 0 2 0 0 0 0 0 0 0 0 0 6 0 0 0 0 0 0 0 0 0 0 0 0 0 
0 9 0 0 31 1901 0 0 22 0 15 0 0 0 0 0 61 0 0 96 0 0 6826 0 3593 4033 0 0 4056 0 19 222986 0 0 0 5461 35 0 0 0 0 0 0 30 919 0 0 12 0 0 0 0 15 0 0 0 0 0 0 0 20 0 0 39 0 0 2884 0 1253 0 39 0 0 0 2018 0 1377 0 34 0 0 0 0 0 0 7 0 0 0 0 0 3 0 0 0 1037 0 0 0 12 0 0 0 13 0 16 0 0 0 0 0 0 0 0 0 7 0 0 1 0 0 0 0 0 0 6 0 0 0 
0 2 0 0 5 338 0 0 0 0 1 0 0 0 0 0 10 0 0 0 0 0 0 0 868 1008 0 0 1295 0 0 38530 0 0 0 768 2 0 0 0 0 0 0 0 0 0 0 0 0 0 0 0 8 0 0 0 0 0 0 0 5 0 0 0 0 0 237 0 471 0 3 0 0 0 32 0 379 0 0 0 0 0 0 0 0 0 0 0 0 0 0 0 0 0 0 34 0 0 0 1 0 0 0 0 0 0 0 0 0 0 0 0 0 0 0 1 0 0 0 0 0 0 0 0 0 0 0 0 0 
0 7 0 0 16 1765 0 0 10 0 14 0 0 0 0 0 38 0 0 35 0 0 3405 0 3351 2340 0 0 4034 0 5 236476 0 0 0 2839 12 0 0 0 0 0 0 9 745 0 0 3 0 0 0 0 19 0 0 0 0 0 0 0 12 0 0 10 0 0 2593 0 1607 0 14 0 0 0 2317 0 961 0 17 0 0 0 0 0 0 10 0 0 0 0 0 6 0 0 0 1112 0 0 0 10 0 0 0 4 0 14 0 0 0 0 0 0 0 0 0 9 0 0 3 0 0 0 0 0 0 4 0 0 0 
0 4 0 0 16 1184 0 0 2 0 5 0 0 0 0 0 32 0 0 8 0 0 790 0 2124 2130 0 0 3441 0 0 182164 0 0 0 3565 28 0 0 0 0 0 0 3 286 0 0 1 0 0 0 0 16 0 0 0 0 0 0 0 8 0 0 1 0 0 857 0 1692 0 13 0 0 0 829 0 1066 0 5 0 0 0 0 0 0 1 0 0 0 0 0 0 0 0 0 480 0 0 0 7 0 0 0 10 0 2 0 0 0 0 0 0 0 0 0 6 0 0 0 0 0 0 0 0 0 2 0 0 0 
0 7 0 0 22 1799 0 0 14 0 7 0 0 0 0 0 49 0 0 46 0 0 4853 0 3233 2094 0 0 4193 0 10 254589 0 0 0 4661 32 0 0 0 0 0 0 40 1041 0 0 7 0 0 0 0 14 0 0 0 0 0 0 0 12 0 0 16 0 0 1370 0 2002 0 13 0 0 0 1138 0 1060 0 8 0 0 0 0 0 0 0 0 0 0 0 0 1 0 0 0 659 0 0 0 6 0 0 0 9 0 7 0 0 0 0 0 0 0 0 0 2 0 0 0 0 0 0 0 0 0 1 0 0 0 
0 7 0 0 27 1710 0 0 15 0 6 0 0 0 0 0 56 0 0 66 0 0 5189 0 2752 3195 0 0 3919 0 11 240352 0 0 0 5379 34 0 0 0 0 0 0 32 940 0 0 8 0 0 0 0 23 0 0 0 0 0 0 0 18 0 0 18 0 0 1358 0 1927 0 19 0 0 0 869 0 1246 0 13 0 0 0 0 0 0 2 0 0 0 0 0 0 0 0 0 463 0 0 0 9 0 0 0 5 0 4 0 0 0 0 0 0 0 0 0 3 0 0 0 0 0 0 0 0 0 0 0 0 0 
0 4 0 0 16 838 0 0 2 0 5 0 0 0 0 0 29 0 0 8 0 0 656 0 1934 2889 0 0 3653 0 0 90985 0 0 0 2067 19 0 0 0 0 0 0 5 90 0 0 3 0 0 0 0 18 0 0 0 0 0 0 0 10 0 0 0 0 0 770 0 1123 0 13 0 0 0 763 0 1067 0 9 0 0 0 0 0 0 2 0 0 0 0 0 1 0 0 0 302 0 0 0 5 0 0 0 5 0 3 0 0 0 0 0 0 0 0 0 6 0 0 0 0 0 0 0 0 0 0 0 0 0 
0 7 0 0 22 1761 0 0 11 0 12 0 0 0 0 0 52 0 0 49 0 0 3739 0 3350 2249 0 0 3703 0 4 250803 0 0 0 4314 32 0 0 0 0 0 0 16 685 0 0 3 0 0 0 0 16 0 0 0 0 0 0 0 8 0 0 17 0 0 2414 0 1618 0 24 0 0 0 1853 0 1022 0 16 0 0 0 0 0 0 6 0 0 0 0 0 2 0 0 0 1116 0 0 0 13 0 0 0 12 0 12 0 0 0 0 0 0 0 0 0 5 0 0 1 0 0 0 0 0 0 4 0 0 0 
0 6 0 0 23 1210 0 0 6 0 13 0 0 0 0 0 46 0 0 26 0 0 1791 0 2709 3320 0 0 4156 0 0 131365 0 0 0 3429 25 0 0 0 0 0 0 14 227 0 0 4 0 0 0 0 16 0 0 0 0 0 0 0 12 0 0 8 0 0 2170 0 1249 0 29 0 0 0 1854 0 1057 0 29 0 0 0 0 0 0 8 0 0 0 0 0 5 0 0 0 721 0 0 0 15 0 0 0 12 0 12 0 0 0 0 0 0 0 0 0 10 0 0 1 0 0 0 0 0 0 6 0 0 0 
0 4 0 0 16 930 0 0 2 0 6 0 0 0 0 0 33 0 0 9 0 0 670 0 2209 2616 0 0 2705 0 0 117222 0 0 0 2538 12 0 0 0 0 0 0 2 129 0 0 3 0 0 0 0 10 0 0 0 0 0 0 0 18 0 0 0 0 0 1165 0 972 0 12 0 0 0 897 0 958 0 16 0 0 0 0 0 0 2 0 0 0 0 0 2 0 0 0 359 0 0 0 5 0 0 0 6 0 4 0 0 0 0 0 0 0 0 0 6 0 0 0 0 0 0 0 0 0 0 0 0 0 
0 9 0 0 19 1998 0 0 21 0 18 0 0 0 0 0 36 0 0 44 0 0 6680 0 3408 2149 0 0 4701 0 16 261782 0 0 0 3798 15 0 0 0 0 0 0 28 1135 0 0 8 0 0 0 0 14 0 0 0 0 0 0 0 5 0 0 43 0 0 3147 0 1955 0 31 0 0 0 2632 0 901 0 28 0 0 0 0 0 0 9 0 0 0 0 0 8 0 0 0 1211 0 0 0 12 0 0 0 14 0 21 0 0 0 0 0 0 0 0 0 8 0 0 3 0 0 0 0 0 0 7 0 0 0 
0 8 0 0 27 1862 0 0 17 0 13 0 0 0 0 0 60 0 0 84 0 0 5430 0 3599 2136 0 0 3988 0 14 252656 0 0 0 5535 28 0 0 0 0 0 0 34 937 0 0 5 0 0 0 0 21 0 0 0 0 0 0 0 12 0 0 28 0 0 2556 0 1720 0 27 0 0 0 2041 0 870 0 27 0 0 0 0 0 0 6 0 0 0 0 0 6 0 0 0 1083 0 0 0 10 0 0 0 11 0 7 0 0 0 0 0 0 0 0 0 4 0 0 2 0 0 0 0 0 0 5 0 0 0 
0 8 0 0 22 1920 0 0 15 0 15 0 0 0 0 0 45 0 0 38 0 0 5216 0 3319 2745 0 0 4525 0 7 253871 0 0 0 4236 27 0 0 0 0 0 0 27 982 0 0 11 0 0 0 0 18 0 0 0 0 0 0 0 6 0 0 27 0 0 2427 0 1957 0 29 0 0 0 2471 0 1039 0 22 0 0 0 0 0 0 9 0 0 0 0 0 6 0 0 0 1158 0 0 0 12 0 0 0 15 0 15 0 0 0 0 0 0 0 0 0 9 0 0 1 0 0 0 0 0 0 3 0 0 0 
0 5 0 0 18 1261 0 0 3 0 9 0 0 0 0 0 39 0 0 13 0 0 1035 0 2655 2037 0 0 3818 0 0 163001 0 0 0 3838 32 0 0 0 0 0 0 9 239 0 0 0 0 0 0 0 12 0 0 0 0 0 0 0 2 0 0 2 0 0 1607 0 1507 0 17 0 0 0 1420 0 979 0 15 0 0 0 0 0 0 1 0 0 0 0 0 3 0 0 0 696 0 0 0 11 0 0 0 14 0 5 0 0 0 0 0 0 0 0 0 7 0 0 2 0 0 0 0 0 0 4 0 0 0 
0 9 0 0 32 1625 0 0 19 0 20 0 0 0 0 0 68 0 0 88 0 0 5031 0 3312 4017 0 0 3817 0 13 179191 0 0 0 4768 36 0 0 0 0 0 0 27 600 0 0 10 0 0 0 0 14 0 0 0 0 0 0 0 13 0 0 35 0 0 3283 0 1294 0 54 0 0 0 2717 0 1277 0 48 0 0 0 0 0 0 14 0 0 0 0 0 7 0 0 0 960 0 0 0 19 0 0 0 15 0 26 0 0 0 0 0 0 0 0 0 10 0 0 3 0 0 0 0 0 0 9 0 0 0 
0 4 0 0 14 1127 0 0 2 0 4 0 0 0 0 0 35 0 0 10 0 0 762 0 2804 1523 0 0 2747 0 0 161383 0 0 0 3468 20 0 0 0 0 0 0 4 182 0 0 0 0 0 0 0 14 0 0 0 0 0 0 0 8 0 0 0 0 0 728 0 1247 0 8 0 0 0 728 0 796 0 8 0 0 0 0 0 0 0 0 0 0 0 0 0 0 0 0 396 0 0 0 5 0 0 0 6 0 4 0 0 0 0 0 0 0 0 0 1 0 0 0 0 0 0 0 0 0 0 0 0 0 
0 7 0 0 29 1692 0 0 10 0 11 0 0 0 0 0 53 0 0 52 0 0 3498 0 3356 3510 0 0 3766 0 2 216892 0 0 0 5740 41 0 0 0 0 0 0 25 639 0 0 5 0 0 0 0 20 0 0 0 0 0 0 0 19 0 0 14 0 0 1973 0 1609 0 26 0 0 0 1832 0 1187 0 27 0 0 0 0 0 0 1 0 0 0 0 0 3 0 0 0 771 0 0 0 13 0 0 0 11 0 12 0 0 0 0 0 0 0 0 0 10 0 0 0 0 0 0 0 0 0 3 0 0 0 
0 2 0 0 7 422 0 0 1 0 0 0 0 0 0 0 18 0 0 4 0 0 326 0 1137 1403 0 0 1521 0 0 47607 0 0 0 979 3 0 0 0 0 0 0 2 47 0 0 1 0 0 0 0 8 0 0 0 0 0 0 0 7 0 0 0 0 0 0 0 547 0 0 0 0 0 0 0 553 0 0 0 0 0 0 0 0 0 0 0 0 0 0 0 0 0 0 0 0 0 0 0 0 0 0 0 0 0 0 0 0 0 0 0 0 0 0 0 0 0 0 0 0 0 0 0 0 0 0 0 0 
0 5 0 0 19 1281 0 0 7 0 3 0 0 0 0 0 43 0 0 28 0 0 2549 0 2490 2453 0 0 3476 0 3 180062 0 0 0 3624 19 0 0 0 0 0 0 18 558 0 0 3 0 0 0 0 19 0 0 0 0 0 0 0 15 0 0 5 0 0 627 0 1665 0 11 0 0 0 451 0 978 0 6 0 0 0 0 0 0 0 0 0 0 0 0 0 0 0 0 181 0 0 0 5 0 0 0 0 0 2 0 0 0 0 0 0 0 0 0 2 0 0 0 0 0 0 0 0 0 0 0 0 0 
0 11 0 0 37 1679 0 0 40 0 16 0 0 0 0 0 69 0 0 162 0 0 9251 0 2786 6275 0 0 4577 0 62 197658 0 0 0 4674 45 0 0 0 0 0 0 45 880 0 0 35 0 0 0 0 18 0 0 0 0 0 0 0 20 0 0 78 0 0 3851 0 1517 0 41 0 0 0 1182 0 1497 0 23 0 0 0 0 0 0 19 0 0 0 0 0 4 0 0 0 596 0 0 0 20 0 0 0 10 0 5 0 0 0 0 0 0 0 0 0 13 0 0 0 0 0 0 0 0 0 6 0 0 0 
0 4 0 0 16 1047 0 0 2 0 4 0 0 0 0 0 41 0 0 6 0 0 689 0 2520 1608 0 0 3363 0 0 140498 0 0 0 3607 32 0 0 0 0 0 0 11 131 0 0 2 0 0 0 0 15 0 0 0 0 0 0 0 5 0 0 1 0 0 732 0 1472 0 8 0 0 0 693 0 846 0 4 0 0 0 0 0 0 0 0 0 0 0 0 0 0 0 0 377 0 0 0 6 0 0 0 10 0 2 0 0 0 0 0 0 0 0 0 5 0 0 0 0 0 0 0 0 0 1 0 0 0 
0 5 0 0 15 998 0 0 6 0 4 0 0 0 0 0 43 0 0 24 0 0 1947 0 2757 2439 0 0 2875 0 1 117407 0 0 0 2340 11 0 0 0 0 0 0 10 248 0 0 2 0 0 0 0 12 0 0 0 0 0 0 0 8 0 0 6 0 0 729 0 1012 0 9 0 0 0 469 0 797 0 7 0 0 0 0 0 0 1 0 0 0 0 0 1 0 0 0 171 0 0 0 2 0 0 0 1 0 1 0 0 0 0 0 0 0 0 0 2 0 0 0 0 0 0 0 0 0 0 0 0 0 
195 8 576 1184 21 1448 18773 480 14 4 16 142 373 810 2632 2395 42 905 1858 43 947 68804 3693 70496 1910 1969 199506 97225 2236 335 6 155013 1191566 24542 88435 3055 21 1514 1199 11 726 625 177 23 707 10885 603 10 145 670 218 510 13 6 8 8 3 279 634 1884 10 234 473 24 222 80611 2138 23203 998 823 30 649 126 13677 1850 50689 731 264 22 1049 314 2 0 0 1 7 292 40 1 2 0 7 83 159 10574 899 2007 558 294 8 38 73 111 12 169 15 238 25 188 4 1 0 5 37 138 6 461 23 2 2 0 0 2 1 0 7 65 205 11 
0 7 0 0 21 1642 0 0 13 0 8 0 0 0 0 0 48 0 0 44 0 0 4600 0 3001 2804 0 0 4014 0 8 214217 0 0 0 3793 12 0 0 0 0 0 0 24 937 0 0 7 0 0 0 0 17 0 0 0 0 0 0 0 13 0 0 14 0 0 1540 0 1928 0 16 0 0 0 1136 0 1224 0 15 0 0 0 0 0 0 3 0 0 0 0 0 4 0 0 0 338 0 0 0 8 0 0 0 3 0 6 0 0 0 0 0 0 0 0 0 5 0 0 0 0 0 0 0 0 0 0 0 0 0 
0 9 0 0 17 2138 0 0 18 0 21 0 0 0 0 0 40 0 0 34 0 0 6239 0 3329 2509 0 0 4984 0 8 274307 0 0 0 3202 18 0 0 0 0 0 0 17 1238 0 0 10 0 0 0 0 19 0 0 0 0 0 0 0 6 0 0 41 0 0 3523 0 1817 0 31 0 0 0 3218 0 1112 0 23 0 0 0 0 0 0 8 0 0 0 0 0 9 0 0 0 1495 0 0 0 7 0 0 0 12 0 22 0 0 0 0 0 0 0 0 0 6 0 0 4 0 0 0 0 0 0 14 0 0 0 
0 7 0 0 19 1946 0 0 11 0 12 0 0 0 0 0 33 0 0 27 0 0 4000 0 3336 1688 0 0 4392 0 4 289156 0 0 0 4537 18 0 0 0 0 0 0 29 1070 0 0 5 0 0 0 0 17 0 0 0 0 0 0 0 11 0 0 19 0 0 2394 0 2005 0 19 0 0 0 2015 0 936 0 19 0 0 0 0 0 0 3 0 0 0 0 0 5 0 0 0 1107 0 0 0 8 0 0 0 9 0 9 0 0 0 0 0 0 0 0 0 4 0 0 2 0 0 0 0 0 0 3 0 0 0 
0 5 0 0 18 1031 0 0 6 0 4 0 0 0 0 0 50 0 0 34 0 0 1952 0 2539 2636 0 0 2986 0 1 121838 0 0 0 3293 17 0 0 0 0 0 0 8 238 0 0 0 0 0 0 0 20 0 0 0 0 0 0 0 18 0 0 6 0 0 822 0 999 0 12 0 0 0 432 0 922 0 8 0 0 0 0 0 0 1 0 0 0 0 0 1 0 0 0 216 0 0 0 5 0 0 0 0 0 1 0 0 0 0 0 0 0 0 0 3 0 0 0 0 0 0 0 0 0 0 0 0 0 
0 5 0 0 11 1193 0 0 3 0 8 0 0 0 0 0 24 0 0 10 0 0 935 0 3033 1085 0 0 2610 0 0 165829 0 0 0 2732 12 0 0 0 0 0 0 1 122 0 0 0 0 0 0 0 13 0 0 0 0 0 0 0 9 0 0 2 0 0 1755 0 1154 0 17 0 0 0 1165 0 719 0 10 0 0 0 0 0 0 1 0 0 0 0 0 1 0 0 0 634 0 0 0 3 0 0 0 7 0 4 0 0 0 0 0 0 0 0 0 1 0 0 1 0 0 0 0 0 0 4 0 0 0 
0 7 0 0 26 1388 0 0 12 0 9 0 0 0 0 0 59 0 0 59 0 0 3695 0 2962 3807 0 0 3751 0 6 158665 0 0 0 3943 31 0 0 0 0 0 0 23 415 0 0 8 0 0 0 0 21 0 0 0 0 0 0 0 17 0 0 16 0 0 1496 0 1298 0 19 0 0 0 1286 0 1294 0 18 0 0 0 0 0 0 2 0 0 0 0 0 2 0 0 0 495 0 0 0 9 0 0 0 7 0 6 0 0 0 0 0 0 0 0 0 6 0 0 1 0 0 0 0 0 0 2 0 0 0 
0 5 0 0 12 1207 0 0 2 0 10 0 0 0 0 0 28 0 0 7 0 0 646 0 2837 1777 0 0 3408 0 0 151546 0 0 0 2597 20 0 0 0 0 0 0 2 151 0 0 0 0 0 0 0 12 0 0 0 0 0 0 0 7 0 0 1 0 0 1759 0 1126 0 20 0 0 0 1414 0 820 0 11 0 0 0 0 0 0 0 0 0 0 0 0 2 0 0 0 778 0 0 0 2 0 0 0 9 0 3 0 0 0 0 0 0 0 0 0 3 0 0 2 0 0 0 0 0 0 9 0 0 0 
0 6 0 0 18 1569 0 0 6 0 10 0 0 0 0 0 39 0 0 27 0 0 2131 0 3165 1847 0 0 3037 0 1 235681 0 0 0 4307 16 0 0 0 0 0 0 5 424 0 0 2 0 0 0 0 17 0 0 0 0 0 0 0 20 0 0 5 0 0 2359 0 1543 0 19 0 0 0 1390 0 984 0 19 0 0 0 0 0 0 4 0 0 0 0 0 3 0 0 0 853 0 0 0 7 0 0 0 8 0 6 0 0 0 0 0 0 0 0 0 4 0 0 1 0 0 0 0 0 0 4 0 0 0 
0 5 0 0 25 1110 0 0 8 0 2 0 0 0 0 0 66 0 0 35 0 0 2489 0 2390 2837 0 0 3297 0 5 139007 0 0 0 4486 46 0 0 0 0 0 0 30 368 0 0 11 0 0 0 0 18 0 0 0 0 0 0 0 12 0 0 4 0 0 353 0 1451 0 3 0 0 0 379 0 1129 0 3 0 0 0 0 0 0 0 0 0 0 0 0 0 0 0 0 227 0 0 0 5 0 0 0 8 0 1 0 0 0 0 0 0 0 0 0 4 0 0 0 0 0 0 0 0 0 0 0 0 0 
0 8 0 0 28 1744 0 0 19 0 11 0 0 0 0 0 50 0 0 74 0 0 6152 0 3321 3582 0 0 4453 0 15 227066 0 0 0 4819 26 0 0 0 0 0 0 36 815 0 0 14 0 0 0 0 21 0 0 0 0 0 0 0 20 0 0 35 0 0 2080 0 1584 0 30 0 0 0 1719 0 1163 0 27 0 0 0 0 0 0 5 0 0 0 0 0 4 0 0 0 799 0 0 0 8 0 0 0 10 0 7 0 0 0 0 0 0 0 0 0 3 0 0 1 0 0 0 0 0 0 1 0 0 0 
0 7 0 0 23 1245 0 0 14 0 7 0 0 0 0 0 67 0 0 59 0 0 3658 0 2876 2924 0 0 2945 0 10 146095 0 0 0 3283 19 0 0 0 0 0 0 19 456 0 0 5 0 0 0 0 15 0 0 0 0 0 0 0 21 0 0 16 0 0 1608 0 1142 0 25 0 0 0 611 0 1062 0 14 0 0 0 0 0 0 4 0 0 0 0 0 1 0 0 0 330 0 0 0 7 0 0 0 2 0 3 0 0 0 0 0 0 0 0 0 4 0 0 0 0 0 0 0 0 0 1 0 0 0 
0 6 0 0 16 1478 0 0 10 0 7 0 0 0 0 0 29 0 0 32 0 0 3437 0 3075 1828 0 0 4379 0 7 185469 0 0 0 3104 13 0 0 0 0 0 0 22 711 0 0 3 0 0 0 0 22 0 0 0 0 0 0 0 8 0 0 10 0 0 1212 0 1731 0 12 0 0 0 1191 0 925 0 13 0 0 0 0 0 0 3 0 0 0 0 0 2 0 0 0 591 0 0 0 4 0 0 0 6 0 6 0 0 0 0 0 0 0 0 0 2 0 0 0 0 0 0 0 0 0 0 0 0 0 
0 6 0 0 21 1694 0 0 7 0 8 0 0 0 0 0 46 0 0 30 0 0 2634 0 3188 2234 0 0 3757 0 1 249078 0 0 0 5017 24 0 0 0 0 0 0 16 712 0 0 2 0 0 0 0 16 0 0 0 0 0 0 0 19 0 0 7 0 0 1762 0 1792 0 16 0 0 0 1198 0 1118 0 16 0 0 0 0 0 0 2 0 0 0 0 0 3 0 0 0 716 0 0 0 8 0 0 0 9 0 6 0 0 0 0 0 0 0 0 0 5 0 0 0 0 0 0 0 0 0 1 0 0 0 
0 5 0 0 13 1389 0 0 5 0 5 0 0 0 0 0 28 0 0 13 0 0 1793 0 2694 1567 0 0 3644 0 0 202898 0 0 0 3218 19 0 0 0 0 0 0 10 542 0 0 3 0 0 0 0 13 0 0 0 0 0 0 0 10 0 0 6 0 0 1062 0 1780 0 12 0 0 0 704 0 991 0 1 0 0 0 0 0 0 0 0 0 0 0 0 1 0 0 0 452 0 0 0 3 0 0 0 8 0 2 0 0 0 0 0 0 0 0 0 2 0 0 0 0 0 0 0 0 0 1 0 0 0 
213 2 634 248 5 473 22368 728 1 2 0 211 177 2233 537 445 8 1405 359 4 1880 103824 305 115280 742 575 56654 101164 1216 694 0 55716 1549825 43316 15756 813 2 77 1688 4 245 199 672 1 84 18637 375 0 85 353 189 201 7 1 4 0 7 696 217 0 2 471 274 0 519 42889 0 32177 685 283 0 173 468 31512 0 20461 336 513 0 94 386 0 1 3 2 0 214 27 1 1 0 0 149 41 8352 0 5871 0 109 0 235 45 119 0 133 0 134 151 112 1 3 5 0 148 50 0 0 43 0 0 1 0 0 0 0 0 42 0 61 
0 2 0 0 5 484 0 0 0 0 1 0 0 0 0 0 10 0 0 0 0 0 0 0 1364 968 0 0 1674 0 0 58579 0 0 0 825 2 0 0 0 0 0 0 0 0 0 0 0 0 0 0 0 7 0 0 0 0 0 0 0 5 0 0 0 0 0 210 0 644 0 3 0 0 0 150 0 468 0 1 0 0 0 0 0 0 0 0 0 0 0 0 0 0 0 0 62 0 0 0 0 0 0 0 1 0 0 0 0 0 0 0 0 0 0 0 0 0 0 0 0 0 0 0 0 0 0 0 0 0 
0 6 0 0 22 1487 0 0 11 0 4 0 0 0 0 0 55 0 0 48 0 0 3800 0 2741 2114 0 0 4411 0 7 205087 0 0 0 4547 30 0 0 0 0 0 0 32 792 0 0 3 0 0 0 0 23 0 0 0 0 0 0 0 12 0 0 10 0 0 854 0 2050 0 16 0 0 0 544 0 982 0 4 0 0 0 0 0 0 1 0 0 0 0 0 1 0 0 0 313 0 0 0 3 0 0 0 4 0 1 0 0 0 0 0 0 0 0 0 1 0 0 0 0 0 0 0 0 0 0 0 0 0 
0 7 0 0 29 1278 0 0 13 0 8 0 0 0 0 0 72 0 0 68 0 0 3676 0 2928 3955 0 0 3363 0 6 158165 0 0 0 4065 33 0 0 0 0 0 0 28 458 0 0 9 0 0 0 0 17 0 0 0 0 0 0 0 20 0 0 20 0 0 1273 0 1294 0 26 0 0 0 1166 0 1151 0 25 0 0 0 0 0 0 0 0 0 0 0 0 2 0 0 0 306 0 0 0 5 0 0 0 5 0 5 0 0 0 0 0 0 0 0 0 4 0 0 1 0 0 0 0 0 0 1 0 0 0 
0 5 0 0 13 1524 0 0 4 0 7 0 0 0 0 0 26 0 0 14 0 0 1552 0 3151 1174 0 0 3157 0 0 237961 0 0 0 3508 13 0 0 0 0 0 0 5 447 0 0 2 0 0 0 0 16 0 0 0 0 0 0 0 12 0 0 3 0 0 1521 0 1699 0 13 0 0 0 1193 0 826 0 10 0 0 0 0 0 0 2 0 0 0 0 0 2 0 0 0 764 0 0 0 4 0 0 0 7 0 4 0 0 0 0 0 0 0 0 0 0 0 0 1 0 0 0 0 0 0 1 0 0 0 
0 7 0 0 23 1564 0 0 12 0 11 0 0 0 0 0 54 0 0 51 0 0 4066 0 3094 3238 0 0 3864 0 4 190885 0 0 0 4148 16 0 0 0 0 0 0 17 731 0 0 7 0 0 0 0 16 0 0 0 0 0 0 0 18 0 0 24 0 0 2103 0 1321 0 24 0 0 0 1447 0 1195 0 24 0 0 0 0 0 0 4 0 0 0 0 0 4 0 0 0 605 0 0 0 7 0 0 0 8 0 6 0 0 0 0 0 0 0 0 0 6 0 0 0 0 0 0 0 0 0 3 0 0 0 
0 4 0 0 13 1314 0 0 2 0 5 0 0 0 0 0 28 0 0 8 0 0 790 0 2753 1174 0 0 2773 0 0 216274 0 0 0 3511 13 0 0 0 0 0 0 3 285 0 0 2 0 0 0 0 18 0 0 0 0 0 0 0 12 0 0 1 0 0 1052 0 1665 0 10 0 0 0 947 0 826 0 10 0 0 0 0 0 0 0 0 0 0 0 0 1 0 0 0 589 0 0 0 4 0 0 0 5 0 2 0 0 0 0 0 0 0 0 0 0 0 0 1 0 0 0 0 0 0 1 0 0 0 
0 7 0 0 26 1608 0 0 11 0 11 0 0 0 0 0 57 0 0 57 0 0 3477 0 3413 2577 0 0 3596 0 5 207841 0 0 0 5152 33 0 0 0 0 0 0 18 553 0 0 4 0 0 0 0 21 0 0 0 0 0 0 0 17 0 0 14 0 0 2272 0 1420 0 27 0 0 0 1637 0 1113 0 23 0 0 0 0 0 0 5 0 0 0 0 0 3 0 0 0 865 0 0 0 11 0 0 0 11 0 9 0 0 0 0 0 0 0 0 0 7 0 0 1 0 0 0 0 0 0 3 0 0 0 
0 5 0 0 23 911 0 0 6 0 5 0 0 0 0 0 39 0 0 34 0 0 1501 0 1877 3941 0 0 3777 0 2 114487 0 0 0 3338 38 0 0 0 0 0 0 15 71 0 0 6 0 0 0 0 16 0 0 0 0 0 0 0 16 0 0 7 0 0 1063 0 1105 0 15 0 0 0 564 0 1032 0 6 0 0 0 0 0 0 2 0 0 0 0 0 0 0 0 0 412 0 0 0 5 0 0 0 10 0 0 0 0 0 0 0 0 0 0 0 7 0 0 0 0 0 0 0 0 0 2 0 0 0 
0 7 0 0 22 1779 0 0 14 0 9 0 0 0 0 0 40 0 0 55 0 0 4808 0 2996 2059 0 0 4784 0 9 255239 0 0 0 4172 27 0 0 0 0 0 0 37 1133 0 0 4 0 0 0 0 23 0 0 0 0 0 0 0 9 0 0 22 0 0 1594 0 2339 0 15 0 0 0 1691 0 989 0 11 0 0 0 0 0 0 2 0 0 0 0 0 3 0 0 0 634 0 0 0 9 0 0 0 7 0 8 0 0 0 0 0 0 0 0 0 4 0 0 0 0 0 0 0 0 0 2 0 0 0 
0 8 0 0 21 1844 0 0 16 0 12 0 0 0 0 0 44 0 0 44 0 0 5353 0 3162 2585 0 0 4260 0 10 259665 0 0 0 4267 16 0 0 0 0 0 0 24 1064 0 0 10 0 0 0 0 22 0 0 0 0 0 0 0 11 0 0 24 0 0 2221 0 1993 0 26 0 0 0 1724 0 1122 0 23 0 0 0 0 0 0 5 0 0 0 0 0 5 0 0 0 729 0 0 0 8 0 0 0 5 0 8 0 0 0 0 0 0 0 0 0 4 0 0 2 0 0 0 0 0 0 2 0 0 0 
0 8 0 0 25 1687 0 0 17 0 12 0 0 0 0 0 54 0 0 59 0 0 5428 0 3375 3288 0 0 5119 0 9 191489 0 0 0 4302 25 0 0 0 0 0 0 38 897 0 0 8 0 0 0 0 23 0 0 0 0 0 0 0 14 0 0 31 0 0 2046 0 1699 0 25 0 0 0 1636 0 1154 0 22 0 0 0 0 0 0 5 0 0 0 0 0 6 0 0 0 595 0 0 0 14 0 0 0 8 0 10 0 0 0 0 0 0 0 0 0 8 0 0 0 0 0 0 0 0 0 1 0 0 0 
0 6 0 0 18 1598 0 0 9 0 7 0 0 0 0 0 44 0 0 40 0 0 3251 0 3178 2122 0 0 3160 0 4 235990 0 0 0 4026 17 0 0 0 0 0 0 7 579 0 0 6 0 0 0 0 19 0 0 0 0 0 0 0 14 0 0 11 0 0 1597 0 1589 0 14 0 0 0 1090 0 1003 0 11 0 0 0 0 0 0 2 0 0 0 0 0 1 0 0 0 742 0 0 0 5 0 0 0 6 0 3 0 0 0 0 0 0 0 0 0 0 0 0 1 0 0 0 0 0 0 2 0 0 0 
0 4 0 0 16 973 0 0 3 0 4 0 0 0 0 0 32 0 0 17 0 0 949 0 2383 2072 0 0 2355 0 0 146922 0 0 0 2962 18 0 0 0 0 0 0 4 45 0 0 3 0 0 0 0 17 0 0 0 0 0 0 0 16 0 0 4 0 0 838 0 1111 0 10 0 0 0 781 0 753 0 11 0 0 0 0 0 0 0 0 0 0 0 0 0 0 0 0 427 0 0 0 2 0 0 0 4 0 0 0 0 0 0 0 0 0 0 0 0 0 0 1 0 0 0 0 0 0 1 0 0 0 
0 5 0 0 12 1172 0 0 3 0 10 0 0 0 0 0 34 0 0 6 0 0 1071 0 2502 2286 0 0 3687 0 0 152434 0 0 0 1626 9 0 0 0 0 0 0 3 276 0 0 1 0 0 0 0 16 0 0 0 0 0 0 0 5 0 0 3 0 0 1490 0 1444 0 18 0 0 0 1642 0 865 0 16 0 0 0 0 0 0 4 0 0 0 0 0 1 0 0 0 646 0 0 0 5 0 0 0 5 0 4 0 0 0 0 0 0 0 0 0 6 0 0 1 0 0 0 0 0 0 7 0 0 0 
0 6 0 0 21 1716 0 0 7 0 10 0 0 0 0 0 44 0 0 33 0 0 2552 0 3484 1504 0 0 3861 0 3 247814 0 0 0 5146 24 0 0 0 0 0 0 21 688 0 0 2 0 0 0 0 21 0 0 0 0 0 0 0 10 0 0 9 0 0 1765 0 1770 0 23 0 0 0 1901 0 819 0 22 0 0 0 0 0 0 1 0 0 0 0 0 6 0 0 0 1018 0 0 0 7 0 0 0 10 0 4 0 0 0 0 0 0 0 0 0 2 0 0 2 0 0 0 0 0 0 3 0 0 0 
0 5 0 0 15 1316 0 0 5 0 6 0 0 0 0 0 46 0 0 17 0 0 1911 0 2775 1627 0 0 3875 0 1 180459 0 0 0 3109 14 0 0 0 0 0 0 10 446 0 0 3 0 0 0 0 18 0 0 0 0 0 0 0 10 0 0 4 0 0 894 0 1737 0 18 0 0 0 971 0 790 0 10 0 0 0 0 0 0 2 0 0 0 0 0 2 0 0 0 528 0 0 0 3 0 0 0 6 0 2 0 0 0 0 0 0 0 0 0 1 0 0 1 0 0 0 0 0 0 1 0 0 0 
0 4 0 0 13 939 0 0 3 0 4 0 0 0 0 0 34 0 0 7 0 0 1016 0 2448 1542 0 0 3488 0 0 110145 0 0 0 2426 13 0 0 0 0 0 0 14 176 0 0 2 0 0 0 0 18 0 0 0 0 0 0 0 7 0 0 3 0 0 588 0 1273 0 8 0 0 0 625 0 684 0 9 0 0 0 0 0 0 0 0 0 0 0 0 1 0 0 0 349 0 0 0 3 0 0 0 4 0 2 0 0 0 0 0 0 0 0 0 2 0 0 0 0 0 0 0 0 0 0 0 0 0 
0 7 0 0 16 1774 0 0 10 0 13 0 0 0 0 0 40 0 0 33 0 0 3634 0 3646 1371 0 0 3925 0 4 250244 0 0 0 3233 12 0 0 0 0 0 0 15 761 0 0 1 0 0 0 0 16 0 0 0 0 0 0 0 3 0 0 12 0 0 2354 0 1740 0 18 0 0 0 2170 0 774 0 15 0 0 0 0 0 0 6 0 0 0 0 0 6 0 0 0 1003 0 0 0 11 0 0 0 5 0 12 0 0 0 0 0 0 0 0 0 5 0 0 3 0 0 0 0 0 0 3 0 0 0 
0 5 0 0 18 1189 0 0 2 0 10 0 0 0 0 0 38 0 0 11 0 0 561 0 2673 2651 0 0 3397 0 0 147873 0 0 0 3571 27 0 0 0 0 0 0 4 107 0 0 1 0 0 0 0 15 0 0 0 0 0 0 0 20 0 0 2 0 0 1852 0 1029 0 25 0 0 0 1366 0 987 0 19 0 0 0 0 0 0 3 0 0 0 0 0 0 0 0 0 805 0 0 0 3 0 0 0 10 0 2 0 0 0 0 0 0 0 0 0 5 0 0 1 0 0 0 0 0 0 9 0 0 0 
0 5 0 0 21 1327 0 0 3 0 9 0 0 0 0 0 36 0 0 20 0 0 1013 0 2729 2725 0 0 3329 0 1 183403 0 0 0 4291 26 0 0 0 0 0 0 5 213 0 0 2 0 0 0 0 19 0 0 0 0 0 0 0 22 0 0 0 0 0 1842 0 1245 0 18 0 0 0 1428 0 1118 0 23 0 0 0 0 0 0 4 0 0 0 0 0 1 0 0 0 826 0 0 0 6 0 0 0 10 0 6 0 0 0 0 0 0 0 0 0 6 0 0 1 0 0 0 0 0 0 4 0 0 0 
0 7 0 0 20 1711 0 0 9 0 14 0 0 0 0 0 41 0 0 29 0 0 2969 0 3138 2785 0 0 4050 0 0 228137 0 0 0 4070 26 0 0 0 0 0 0 9 657 0 0 4 0 0 0 0 16 0 0 0 0 0 0 0 16 0 0 19 0 0 2713 0 1527 0 34 0 0 0 1952 0 1182 0 20 0 0 0 0 0 0 5 0 0 0 0 0 2 0 0 0 1079 0 0 0 8 0 0 0 12 0 9 0 0 0 0 0 0 0 0 0 8 0 0 1 0 0 0 0 0 0 10 0 0 0 
0 3 0 0 12 840 0 0 0 0 3 0 0 0 0 0 30 0 0 0 0 0 0 0 2106 1488 0 0 2257 0 0 119079 0 0 0 2684 15 0 0 0 0 0 0 0 0 0 0 0 0 0 0 0 17 0 0 0 0 0 0 0 9 0 0 0 0 0 557 0 1066 0 8 0 0 0 557 0 834 0 8 0 0 0 0 0 0 0 0 0 0 0 0 0 0 0 0 281 0 0 0 3 0 0 0 3 0 0 0 0 0 0 0 0 0 0 0 2 0 0 1 0 0 0 0 0 0 0 0 0 0 
0 4 0 0 15 571 0 0 4 0 3 0 0 0 0 0 30 0 0 25 0 0 833 0 1283 2885 0 0 2690 0 1 58286 0 0 0 1525 18 0 0 0 0 0 0 5 34 0 0 1 0 0 0 0 14 0 0 0 0 0 0 0 11 0 0 3 0 0 553 0 743 0 5 0 0 0 349 0 712 0 3 0 0 0 0 0 0 1 0 0 0 0 0 0 0 0 0 184 0 0 0 4 0 0 0 3 0 1 0 0 0 0 0 0 0 0 0 5 0 0 0 0 0 0 0 0 0 0 0 0 0 
0 7 0 0 28 1786 0 0 8 0 15 0 0 0 0 0 56 0 0 46 0 0 2856 0 3185 3276 0 0 3595 0 2 255905 0 0 0 5122 42 0 0 0 0 0 0 11 515 0 0 4 0 0 0 0 19 0 0 0 0 0 0 0 20 0 0 6 0 0 3304 0 1638 0 28 0 0 0 2248 0 1110 0 37 0 0 0 0 0 0 11 0 0 0 0 0 5 0 0 0 1159 0 0 0 14 0 0 0 13 0 15 0 0 0 0 0 0 0 0 0 14 0 0 1 0 0 0 0 0 0 6 0 0 0 
52 6 636 262 21 1175 1289 204 11 2 4 37 47 1664 1810 711 39 1152 583 50 393 30176 3260 7228 2188 2498 48916 22887 3605 269 7 131732 20504 81130 5525 3669 27 404 2397 11 487 155 110 25 523 1385 359 6 71 257 360 62 17 1 5 4 11 223 485 154 13 84 102 10 120 10370 749 1345 1268 153 12 118 760 8826 347 1901 873 114 5 138 430 2 6 2 1 0 48 6 0 5 0 1 45 20 200 228 229 33 241 3 13 26 193 2 9 2 49 53 20 2 1 4 1 98 29 1 12 4 0 0 0 0 0 0 0 0 10 5 3 
0 5 0 0 19 1396 0 0 5 0 7 0 0 0 0 0 40 0 0 21 0 0 1868 0 2663 1860 0 0 4268 0 2 201281 0 0 0 3980 28 0 0 0 0 0 0 17 548 0 0 0 0 0 0 0 17 0 0 0 0 0 0 0 6 0 0 2 0 0 1137 0 2073 0 18 0 0 0 1340 0 975 0 10 0 0 0 0 0 0 2 0 0 0 0 0 3 0 0 0 513 0 0 0 9 0 0 0 10 0 6 0 0 0 0 0 0 0 0 0 5 0 0 0 0 0 0 0 0 0 2 0 0 0 
0 7 0 0 17 1377 0 0 10 0 14 0 0 0 0 0 42 0 0 36 0 0 3062 0 2990 2907 0 0 4165 0 3 155541 0 0 0 2335 10 0 0 0 0 0 0 9 422 0 0 3 0 0 0 0 23 0 0 0 0 0 0 0 8 0 0 17 0 0 2600 0 1284 0 27 0 0 0 1719 0 1047 0 18 0 0 0 0 0 0 7 0 0 0 0 0 8 0 0 0 735 0 0 0 6 0 0 0 5 0 7 0 0 0 0 0 0 0 0 0 7 0 0 1 0 0 0 0 0 0 9 0 0 0 
0 4 0 0 12 921 0 0 3 0 3 0 0 0 0 0 29 0 0 15 0 0 945 0 2210 1717 0 0 3067 0 0 129969 0 0 0 1805 10 0 0 0 0 0 0 5 154 0 0 2 0 0 0 0 12 0 0 0 0 0 0 0 11 0 0 2 0 0 808 0 1272 0 7 0 0 0 273 0 705 0 2 0 0 0 0 0 0 1 0 0 0 0 0 1 0 0 0 212 0 0 0 3 0 0 0 2 0 0 0 0 0 0 0 0 0 0 0 1 0 0 0 0 0 0 0 0 0 0 0 0 0 
0 4 0 0 15 903 0 0 5 0 1 0 0 0 0 0 53 0 0 21 0 0 1576 0 2083 1943 0 0 2493 0 2 122881 0 0 0 2285 16 0 0 0 0 0 0 12 300 0 0 5 0 0 0 0 12 0 0 0 0 0 0 0 11 0 0 2 0 0 302 0 1236 0 3 0 0 0 77 0 850 0 0 0 0 0 0 0 0 0 0 0 0 0 0 0 0 0 0 72 0 0 0 2 0 0 0 0 0 0 0 0 0 0 0 0 0 0 0 0 0 0 0 0 0 0 0 0 0 0 0 0 0 
0 7 0 0 24 1831 0 0 11 0 13 0 0 0 0 0 43 0 0 49 0 0 3872 0 3472 2079 0 0 4455 0 5 251263 0 0 0 5427 32 0 0 0 0 0 0 26 788 0 0 1 0 0 0 0 14 0 0 0 0 0 0 0 6 0 0 19 0 0 2527 0 1776 0 25 0 0 0 2172 0 1032 0 23 0 0 0 0 0 0 4 0 0 0 0 0 7 0 0 0 1155 0 0 0 12 0 0 0 17 0 10 0 0 0 0 0 0 0 0 0 7 0 0 2 0 0 0 0 0 0 5 0 0 0 
0 3 0 0 14 699 0 0 2 0 1 0 0 0 0 0 37 0 0 9 0 0 785 0 1505 2466 0 0 2370 0 0 107732 0 0 0 1831 15 0 0 0 0 0 0 4 144 0 0 3 0 0 0 0 15 0 0 0 0 0 0 0 17 0 0 1 0 0 256 0 1228 0 2 0 0 0 37 0 723 0 3 0 0 0 0 0 0 0 0 0 0 0 0 0 0 0 0 13 0 0 0 3 0 0 0 0 0 0 0 0 0 0 0 0 0 0 0 2 0 0 0 0 0 0 0 0 0 0 0 0 0 
0 7 0 0 21 1656 0 0 10 0 13 0 0 0 0 0 48 0 0 41 0 0 3558 0 3292 2794 0 0 4013 0 3 207642 0 0 0 3880 14 0 0 0 0 0 0 19 792 0 0 4 0 0 0 0 16 0 0 0 0 0 0 0 14 0 0 17 0 0 2315 0 1481 0 25 0 0 0 1933 0 1223 0 24 0 0 0 0 0 0 3 0 0 0 0 0 6 0 0 0 723 0 0 0 7 0 0 0 8 0 9 0 0 0 0 0 0 0 0 0 7 0 0 1 0 0 0 0 0 0 6 0 0 0 
0 6 0 0 23 1474 0 0 8 0 7 0 0 0 0 0 59 0 0 29 0 0 2758 0 2842 2605 0 0 3507 0 3 204277 0 0 0 4467 29 0 0 0 0 0 0 20 569 0 0 7 0 0 0 0 15 0 0 0 0 0 0 0 21 0 0 8 0 0 1534 0 1685 0 21 0 0 0 912 0 1219 0 15 0 0 0 0 0 0 1 0 0 0 0 0 2 0 0 0 505 0 0 0 6 0 0 0 8 0 4 0 0 0 0 0 0 0 0 0 6 0 0 0 0 0 0 0 0 0 2 0 0 0 
0 7 0 0 23 1567 0 0 12 0 9 0 0 0 0 0 58 0 0 54 0 0 3824 0 3046 2511 0 0 3513 0 6 210148 0 0 0 4521 27 0 0 0 0 0 0 16 610 0 0 4 0 0 0 0 15 0 0 0 0 0 0 0 20 0 0 15 0 0 2196 0 1538 0 25 0 0 0 945 0 1169 0 14 0 0 0 0 0 0 5 0 0 0 0 0 3 0 0 0 598 0 0 0 7 0 0 0 9 0 4 0 0 0 0 0 0 0 0 0 5 0 0 0 0 0 0 0 0 0 2 0 0 0 
0 6 0 0 15 1162 0 0 8 0 10 0 0 0 0 0 49 0 0 35 0 0 2051 0 2841 1876 0 0 2876 0 2 164854 0 0 0 1899 10 0 0 0 0 0 0 7 244 0 0 2 0 0 0 0 9 0 0 0 0 0 0 0 8 0 0 12 0 0 2206 0 1262 0 13 0 0 0 1334 0 618 0 9 0 0 0 0 0 0 5 0 0 0 0 0 4 0 0 0 532 0 0 0 9 0 0 0 7 0 8 0 0 0 0 0 0 0 0 0 1 0 0 0 0 0 0 0 0 0 4 0 0 0 
0 7 0 0 20 1786 0 0 14 0 8 0 0 0 0 0 40 0 0 52 0 0 5016 0 3123 1548 0 0 4683 0 7 255907 0 0 0 4712 26 0 0 0 0 0 0 29 1044 0 0 3 0 0 0 0 24 0 0 0 0 0 0 0 11 0 0 25 0 0 1693 0 2180 0 23 0 0 0 1150 0 913 0 6 0 0 0 0 0 0 1 0 0 0 0 0 2 0 0 0 672 0 0 0 5 0 0 0 7 0 3 0 0 0 0 0 0 0 0 0 1 0 0 0 0 0 0 0 0 0 2 0 0 0 
0 6 0 0 22 1074 0 0 9 0 6 0 0 0 0 0 59 0 0 46 0 0 2462 0 2447 2554 0 0 3487 0 3 141219 0 0 0 3229 27 0 0 0 0 0 0 21 321 0 0 6 0 0 0 0 22 0 0 0 0 0 0 0 12 0 0 11 0 0 1359 0 1604 0 16 0 0 0 475 0 818 0 6 0 0 0 0 0 0 1 0 0 0 0 0 2 0 0 0 204 0 0 0 8 0 0 0 2 0 2 0 0 0 0 0 0 0 0 0 5 0 0 0 0 0 0 0 0 0 1 0 0 0 
0 5 0 0 18 1052 0 0 4 0 7 0 0 0 0 0 37 0 0 23 0 0 1189 0 2300 2818 0 0 3442 0 0 134288 0 0 0 3054 28 0 0 0 0 0 0 7 132 0 0 2 0 0 0 0 14 0 0 0 0 0 0 0 10 0 0 5 0 0 1326 0 1158 0 12 0 0 0 873 0 980 0 10 0 0 0 0 0 0 1 0 0 0 0 0 1 0 0 0 504 0 0 0 6 0 0 0 9 0 2 0 0 0 0 0 0 0 0 0 6 0 0 1 0 0 0 0 0 0 3 0 0 0 
0 10 0 0 31 2318 0 0 25 0 22 0 0 0 0 0 56 0 0 112 0 0 8508 0 3785 3247 0 0 3802 0 24 295837 0 0 0 6092 30 0 0 0 0 0 0 37 1361 0 0 9 0 0 0 0 19 0 0 0 0 0 0 0 17 0 0 52 0 0 3934 0 1552 0 47 0 0 0 3555 0 1019 0 44 0 0 0 0 0 0 7 0 0 0 0 0 11 0 0 0 1583 0 0 0 13 0 0 0 14 0 26 0 0 0 0 0 0 0 0 0 8 0 0 3 0 0 0 0 0 0 13 0 0 0 
0 6 0 0 20 1669 0 0 9 0 7 0 0 0 0 0 46 0 0 36 0 0 3406 0 3047 2144 0 0 3916 0 3 242952 0 0 0 4400 15 0 0 0 0 0 0 20 849 0 0 3 0 0 0 0 23 0 0 0 0 0 0 0 16 0 0 12 0 0 1516 0 1821 0 15 0 0 0 1104 0 1060 0 12 0 0 0 0 0 0 2 0 0 0 0 0 4 0 0 0 600 0 0 0 9 0 0 0 3 0 3 0 0 0 0 0 0 0 0 0 4 0 0 0 0 0 0 0 0 0 0 0 0 0 
0 6 0 0 21 1112 0 0 7 0 10 0 0 0 0 0 56 0 0 24 0 0 2125 0 2529 3297 0 0 3485 0 0 137974 0 0 0 2724 16 0 0 0 0 0 0 13 275 0 0 7 0 0 0 0 11 0 0 0 0 0 0 0 18 0 0 13 0 0 1814 0 1229 0 25 0 0 0 1108 0 981 0 23 0 0 0 0 0 0 4 0 0 0 0 0 3 0 0 0 390 0 0 0 7 0 0 0 5 0 4 0 0 0 0 0 0 0 0 0 7 0 0 1 0 0 0 0 0 0 4 0 0 0 
0 6 0 0 18 1651 0 0 9 0 6 0 0 0 0 0 38 0 0 30 0 0 3273 0 3133 1955 0 0 3807 0 3 241944 0 0 0 4388 22 0 0 0 0 0 0 20 802 0 0 4 0 0 0 0 17 0 0 0 0 0 0 0 11 0 0 10 0 0 1291 0 1840 0 12 0 0 0 902 0 1086 0 7 0 0 0 0 0 0 1 0 0 0 0 0 1 0 0 0 581 0 0 0 7 0 0 0 7 0 5 0 0 0 0 0 0 0 0 0 1 0 0 0 0 0 0 0 0 0 0 0 0 0 
0 3 0 0 15 603 0 0 2 0 1 0 0 0 0 0 39 0 0 13 0 0 608 0 1408 2734 0 0 1827 0 0 64280 0 0 0 2177 15 0 0 0 0 0 0 0 66 0 0 3 0 0 0 0 13 0 0 0 0 0 0 0 21 0 0 1 0 0 218 0 613 0 3 0 0 0 141 0 806 0 5 0 0 0 0 0 0 0 0 0 0 0 0 0 0 0 0 53 0 0 0 1 0 0 0 0 0 0 0 0 0 0 0 0 0 0 0 1 0 0 0 0 0 0 0 0 0 0 0 0 0 
0 7 0 0 25 1739 0 0 12 0 10 0 0 0 0 0 45 0 0 54 0 0 4238 0 3520 2969 0 0 3153 0 5 235971 0 0 0 4868 21 0 0 0 0 0 0 18 680 0 0 8 0 0 0 0 21 0 0 0 0 0 0 0 21 0 0 20 0 0 1911 0 1493 0 26 0 0 0 1866 0 1091 0 27 0 0 0 0 0 0 3 0 0 0 0 0 3 0 0 0 819 0 0 0 6 0 0 0 5 0 6 0 0 0 0 0 0 0 0 0 3 0 0 2 0 0 0 0 0 0 1 0 0 0 
0 7 0 0 19 1418 0 0 9 0 12 0 0 0 0 0 51 0 0 32 0 0 2725 0 3388 2881 0 0 2818 0 3 168610 0 0 0 3038 11 0 0 0 0 0 0 6 315 0 0 3 0 0 0 0 12 0 0 0 0 0 0 0 20 0 0 10 0 0 2749 0 1086 0 34 0 0 0 1233 0 1026 0 21 0 0 0 0 0 0 8 0 0 0 0 0 4 0 0 0 580 0 0 0 6 0 0 0 3 0 4 0 0 0 0 0 0 0 0 0 6 0 0 0 0 0 0 0 0 0 6 0 0 0 
0 5 0 0 16 1257 0 0 5 0 5 0 0 0 0 0 36 0 0 21 0 0 1762 0 2461 2096 0 0 3040 0 1 186234 0 0 0 3458 23 0 0 0 0 0 0 10 406 0 0 3 0 0 0 0 15 0 0 0 0 0 0 0 12 0 0 3 0 0 1284 0 1630 0 10 0 0 0 472 0 1015 0 1 0 0 0 0 0 0 2 0 0 0 0 0 2 0 0 0 341 0 0 0 6 0 0 0 6 0 2 0 0 0 0 0 0 0 0 0 4 0 0 0 0 0 0 0 0 0 0 0 0 0 
0 9 0 0 32 1516 0 0 25 0 15 0 0 0 0 0 60 0 0 105 0 0 6633 0 3040 4911 0 0 5050 0 31 145858 0 0 0 3828 36 0 0 0 0 0 0 36 705 0 0 22 0 0 0 0 19 0 0 0 0 0 0 0 12 0 0 36 0 0 2394 0 1407 0 40 0 0 0 1888 0 1359 0 28 0 0 0 0 0 0 16 0 0 0 0 0 10 0 0 0 708 0 0 0 17 0 0 0 13 0 23 0 0 0 0 0 0 0 0 0 7 0 0 0 0 0 0 0 0 0 0 0 0 0 
18 7 328 97 27 1436 145 62 12 3 9 8 25 481 730 309 67 441 213 62 163 10372 3450 797 2778 3631 17430 2944 3398 56 5 188581 716 53339 643 4241 29 140 1505 1 253 60 8 13 564 85 60 9 0 280 760 26 18 6 11 6 7 0 0 91 26 14 50 18 48 7242 2186 72 1411 75 27 17 290 2614 808 269 1273 39 17 52 458 2 0 3 0 4 29 0 1 4 0 2 9 14 67 509 28 49 0 12 0 18 222 6 1 3 21 10 7 0 5 0 1 0 0 8 7 6 0 0 0 0 2 0 0 3 0 7 0 
0 6 0 0 23 979 0 0 6 0 10 0 0 0 0 0 49 0 0 33 0 0 1160 0 2201 3617 0 0 3345 0 2 115706 0 0 0 3374 37 0 0 0 0 0 0 4 58 0 0 2 0 0 0 0 12 0 0 0 0 0 0 0 11 0 0 5 0 0 2307 0 991 0 27 0 0 0 766 0 983 0 17 0 0 0 0 0 0 7 0 0 0 0 0 0 0 0 0 496 0 0 0 10 0 0 0 13 0 3 0 0 0 0 0 0 0 0 0 11 0 0 0 0 0 0 0 0 0 7 0 0 0 
0 5 0 0 18 991 0 0 8 0 3 0 0 0 0 0 60 0 0 48 0 0 2299 0 2520 2527 0 0 2206 0 5 115449 0 0 0 2441 17 0 0 0 0 0 0 8 292 0 0 3 0 0 0 0 12 0 0 0 0 0 0 0 12 0 0 6 0 0 665 0 837 0 6 0 0 0 486 0 822 0 6 0 0 0 0 0 0 1 0 0 0 0 0 0 0 0 0 262 0 0 0 1 0 0 0 2 0 1 0 0 0 0 0 0 0 0 0 1 0 0 0 0 0 0 0 0 0 0 0 0 0 
0 3 0 0 14 403 0 0 3 0 0 0 0 0 0 0 46 0 0 24 0 0 749 0 1013 2472 0 0 1615 0 1 41551 0 0 0 1208 15 0 0 0 0 0 0 3 27 0 0 1 0 0 0 0 8 0 0 0 0 0 0 0 13 0 0 0 0 0 0 0 521 0 0 0 0 0 0 0 470 0 0 0 0 0 0 0 0 0 0 0 0 0 0 0 0 0 0 0 0 0 0 0 0 0 0 0 0 0 0 0 0 0 0 0 0 0 0 0 0 0 0 0 0 0 0 0 0 0 0 0 0 
0 6 0 0 20 1372 0 0 9 0 9 0 0 0 0 0 45 0 0 39 0 0 3229 0 2724 2465 0 0 4081 0 2 165884 0 0 0 3530 23 0 0 0 0 0 0 11 482 0 0 4 0 0 0 0 19 0 0 0 0 0 0 0 8 0 0 19 0 0 1636 0 1604 0 21 0 0 0 1422 0 1090 0 17 0 0 0 0 0 0 4 0 0 0 0 0 2 0 0 0 547 0 0 0 8 0 0 0 12 0 6 0 0 0 0 0 0 0 0 0 5 0 0 0 0 0 0 0 0 0 1 0 0 0 
0 8 0 0 20 1966 0 0 16 0 14 0 0 0 0 0 39 0 0 44 0 0 5410 0 3248 2173 0 0 5154 0 8 257164 0 0 0 4021 25 0 0 0 0 0 0 37 1293 0 0 6 0 0 0 0 18 0 0 0 0 0 0 0 10 0 0 30 0 0 2300 0 1951 0 28 0 0 0 2171 0 840 0 12 0 0 0 0 0 0 5 0 0 0 0 0 8 0 0 0 1123 0 0 0 8 0 0 0 11 0 14 0 0 0 0 0 0 0 0 0 3 0 0 1 0 0 0 0 0 0 2 0 0 0 
0 6 0 0 19 1516 0 0 5 0 13 0 0 0 0 0 35 0 0 26 0 0 1641 0 3159 2466 0 0 3592 0 2 201042 0 0 0 3939 22 0 0 0 0 0 0 6 350 0 0 2 0 0 0 0 18 0 0 0 0 0 0 0 22 0 0 4 0 0 2476 0 1218 0 25 0 0 0 1997 0 993 0 26 0 0 0 0 0 0 5 0 0 0 0 0 2 0 0 0 1105 0 0 0 3 0 0 0 10 0 9 0 0 0 0 0 0 0 0 0 4 0 0 2 0 0 0 0 0 0 10 0 0 0 
0 6 0 0 23 1460 0 0 7 0 10 0 0 0 0 0 47 0 0 31 0 0 2237 0 2708 2626 0 0 4163 0 1 211355 0 0 0 4301 38 0 0 0 0 0 0 14 409 0 0 5 0 0 0 0 14 0 0 0 0 0 0 0 5 0 0 11 0 0 1827 0 1925 0 24 0 0 0 1685 0 1010 0 17 0 0 0 0 0 0 3 0 0 0 0 0 1 0 0 0 805 0 0 0 14 0 0 0 16 0 7 0 0 0 0 0 0 0 0 0 8 0 0 1 0 0 0 0 0 0 5 0 0 0 
0 9 0 0 25 2251 0 0 20 0 20 0 0 0 0 0 44 0 0 60 0 0 6866 0 3415 1941 0 0 4836 0 19 305833 0 0 0 5246 35 0 0 0 0 0 0 48 1472 0 0 6 0 0 0 0 11 0 0 0 0 0 0 0 3 0 0 31 0 0 3286 0 2058 0 37 0 0 0 3320 0 837 0 30 0 0 0 0 0 0 12 0 0 0 0 0 9 0 0 0 1647 0 0 0 14 0 0 0 19 0 28 0 0 0 0 0 0 0 0 0 4 0 0 3 0 0 0 0 0 0 14 0 0 0 
0 9 0 0 27 1783 0 0 17 0 20 0 0 0 0 0 60 0 0 73 0 0 4951 0 3200 3695 0 0 3765 0 6 230439 0 0 0 4510 28 0 0 0 0 0 0 16 664 0 0 10 0 0 0 0 17 0 0 0 0 0 0 0 11 0 0 36 0 0 4102 0 1617 0 43 0 0 0 2324 0 1364 0 30 0 0 0 0 0 0 11 0 0 0 0 0 9 0 0 0 997 0 0 0 14 0 0 0 13 0 16 0 0 0 0 0 0 0 0 0 17 0 0 1 0 0 0 0 0 0 12 0 0 0 
0 5 0 0 21 1327 0 0 3 0 9 0 0 0 0 0 36 0 0 20 0 0 1013 0 2729 2725 0 0 3329 0 1 183403 0 0 0 4291 26 0 0 0 0 0 0 5 213 0 0 2 0 0 0 0 19 0 0 0 0 0 0 0 22 0 0 0 0 0 1842 0 1245 0 18 0 0 0 1428 0 1118 0 23 0 0 0 0 0 0 4 0 0 0 0 0 1 0 0 0 826 0 0 0 6 0 0 0 10 0 6 0 0 0 0 0 0 0 0 0 6 0 0 1 0 0 0 0 0 0 4 0 0 0 
0 8 0 0 29 1482 0 0 18 0 12 0 0 0 0 0 48 0 0 79 0 0 5123 0 3049 4723 0 0 4666 0 14 151746 0 0 0 3814 34 0 0 0 0 0 0 28 593 0 0 15 0 0 0 0 23 0 0 0 0 0 0 0 18 0 0 31 0 0 1959 0 1361 0 37 0 0 0 1615 0 1313 0 21 0 0 0 0 0 0 6 0 0 0 0 0 6 0 0 0 628 0 0 0 11 0 0 0 7 0 6 0 0 0 0 0 0 0 0 0 9 0 0 1 0 0 0 0 0 0 4 0 0 0 
0 6 0 0 16 1402 0 0 7 0 9 0 0 0 0 0 40 0 0 20 0 0 2212 0 2727 2034 0 0 3613 0 1 202064 0 0 0 2941 18 0 0 0 0 0 0 10 547 0 0 3 0 0 0 0 11 0 0 0 0 0 0 0 11 0 0 9 0 0 2025 0 1752 0 24 0 0 0 1060 0 987 0 12 0 0 0 0 0 0 3 0 0 0 0 0 3 0 0 0 476 0 0 0 10 0 0 0 9 0 5 0 0 0 0 0 0 0 0 0 2 0 0 1 0 0 0 0 0 0 2 0 0 0 
0 5 0 0 18 1242 0 0 3 0 8 0 0 0 0 0 38 0 0 15 0 0 1147 0 2289 2465 0 0 3304 0 0 183202 0 0 0 3652 29 0 0 0 0 0 0 3 305 0 0 2 0 0 0 0 16 0 0 0 0 0 0 0 8 0 0 2 0 0 1652 0 1640 0 21 0 0 0 964 0 1092 0 8 0 0 0 0 0 0 1 0 0 0 0 0 1 0 0 0 523 0 0 0 10 0 0 0 10 0 4 0 0 0 0 0 0 0 0 0 7 0 0 0 0 0 0 0 0 0 5 0 0 0 
0 5 0 0 11 1193 0 0 3 0 8 0 0 0 0 0 24 0 0 10 0 0 935 0 3033 1085 0 0 2610 0 0 165829 0 0 0 2732 12 0 0 0 0 0 0 1 122 0 0 0 0 0 0 0 13 0 0 0 0 0 0 0 9 0 0 2 0 0 1755 0 1154 0 17 0 0 0 1165 0 719 0 10 0 0 0 0 0 0 1 0 0 0 0 0 1 0 0 0 634 0 0 0 3 0 0 0 7 0 4 0 0 0 0 0 0 0 0 0 1 0 0 1 0 0 0 0 0 0 4 0 0 0 
0 3 0 0 9 688 0 0 1 0 3 0 0 0 0 0 25 0 0 5 0 0 336 0 1966 800 0 0 1832 0 0 93576 0 0 0 1559 4 0 0 0 0 0 0 1 40 0 0 0 0 0 0 0 11 0 0 0 0 0 0 0 6 0 0 0 0 0 655 0 793 0 7 0 0 0 474 0 494 0 6 0 0 0 0 0 0 1 0 0 0 0 0 0 0 0 0 213 0 0 0 3 0 0 0 2 0 1 0 0 0 0 0 0 0 0 0 0 0 0 0 0 0 0 0 0 0 0 0 0 0 
232 4 842 637 13 565 26483 752 4 5 2 313 286 1574 1263 1513 27 1475 1312 14 1433 110605 922 123946 1026 1442 88646 145470 1478 748 1 42591 1994304 63783 51306 1335 13 434 2947 8 232 459 550 9 135 23509 507 5 132 519 486 618 7 8 13 4 7 1001 1002 229 8 632 569 2 418 40490 203 48227 472 805 5 379 475 46561 160 42622 424 1134 5 388 526 2 3 2 5 0 233 57 0 8 1 0 226 97 11207 68 11404 126 229 0 263 189 179 1 258 1 217 214 158 5 4 8 1 220 250 0 62 79 0 1 1 0 0 1 3 0 109 42 104 
0 3 0 0 7 793 0 0 1 0 3 0 0 0 0 0 18 0 0 4 0 0 340 0 2151 973 0 0 2225 0 0 108143 0 0 0 1321 1 0 0 0 0 0 0 1 90 0 0 0 0 0 0 0 11 0 0 0 0 0 0 0 4 0 0 0 0 0 554 0 1005 0 4 0 0 0 634 0 582 0 4 0 0 0 0 0 0 0 0 0 0 0 0 1 0 0 0 238 0 0 0 2 0 0 0 2 0 1 0 0 0 0 0 0 0 0 0 2 0 0 0 0 0 0 0 0 0 0 0 0 0 
0 9 0 0 26 1843 0 0 23 0 15 0 0 0 0 0 66 0 0 90 0 0 6386 0 3450 3270 0 0 3850 0 22 250504 0 0 0 3997 33 0 0 0 0 0 0 33 959 0 0 13 0 0 0 0 15 0 0 0 0 0 0 0 19 0 0 43 0 0 3540 0 1620 0 29 0 0 0 1840 0 1023 0 18 0 0 0 0 0 0 10 0 0 0 0 0 4 0 0 0 996 0 0 0 9 0 0 0 9 0 11 0 0 0 0 0 0 0 0 0 5 0 0 2 0 0 0 0 0 0 7 0 0 0 
0 10 0 0 26 2269 0 0 28 0 18 0 0 0 0 0 49 0 0 83 0 0 9046 0 3450 2545 0 0 4839 0 23 317854 0 0 0 4960 19 0 0 0 0 0 0 43 1583 0 0 14 0 0 0 0 23 0 0 0 0 0 0 0 10 0 0 67 0 0 3835 0 2005 0 38 0 0 0 2500 0 1112 0 27 0 0 0 0 0 0 10 0 0 0 0 0 10 0 0 0 1212 0 0 0 13 0 0 0 8 0 11 0 0 0 0 0 0 0 0 0 6 0 0 3 0 0 0 0 0 0 4 0 0 0 
0 2 0 0 11 466 0 0 0 0 1 0 0 0 0 0 26 0 0 0 0 0 0 0 1112 1935 0 0 1625 0 0 54994 0 0 0 1764 11 0 0 0 0 0 0 0 0 0 0 0 0 0 0 0 11 0 0 0 0 0 0 0 19 0 0 0 0 0 218 0 583 0 3 0 0 0 141 0 672 0 5 0 0 0 0 0 0 0 0 0 0 0 0 0 0 0 0 53 0 0 0 1 0 0 0 0 0 0 0 0 0 0 0 0 0 0 0 1 0 0 0 0 0 0 0 0 0 0 0 0 0 
0 9 0 0 19 1927 0 0 19 0 20 0 0 0 0 0 42 0 0 66 0 0 5914 0 3610 1900 0 0 4007 0 11 262876 0 0 0 3535 21 0 0 0 0 0 0 15 785 0 0 2 0 0 0 0 13 0 0 0 0 0 0 0 7 0 0 39 0 0 3874 0 1557 0 24 0 0 0 2724 0 853 0 22 0 0 0 0 0 0 13 0 0 0 0 0 8 0 0 0 1376 0 0 0 13 0 0 0 11 0 21 0 0 0 0 0 0 0 0 0 6 0 0 5 0 0 0 0 0 0 10 0 0 0 
0 8 0 0 28 1913 0 0 17 0 13 0 0 0 0 0 49 0 0 72 0 0 5455 0 3175 2888 0 0 4918 0 13 268174 0 0 0 5459 41 0 0 0 0 0 0 35 1004 0 0 8 0 0 0 0 14 0 0 0 0 0 0 0 5 0 0 28 0 0 2555 0 2117 0 28 0 0 0 2113 0 1138 0 20 0 0 0 0 0 0 4 0 0 0 0 0 4 0 0 0 1058 0 0 0 17 0 0 0 18 0 13 0 0 0 0 0 0 0 0 0 8 0 0 1 0 0 0 0 0 0 6 0 0 0 
0 9 0 0 32 1672 0 0 21 0 16 0 0 0 0 0 57 0 0 86 0 0 5469 0 3100 4685 0 0 4050 0 21 213728 0 0 0 4652 29 0 0 0 0 0 0 31 649 0 0 17 0 0 0 0 16 0 0 0 0 0 0 0 25 0 0 31 0 0 3818 0 1644 0 32 0 0 0 1779 0 1369 0 36 0 0 0 0 0 0 17 0 0 0 0 0 7 0 0 0 690 0 0 0 16 0 0 0 13 0 7 0 0 0 0 0 0 0 0 0 19 0 0 1 0 0 0 0 0 0 7 0 0 0 
0 4 0 0 17 394 0 0 5 0 1 0 0 0 0 0 56 0 0 31 0 0 812 0 1001 3194 0 0 1622 0 2 39349 0 0 0 1046 17 0 0 0 0 0 0 6 13 0 0 6 0 0 0 0 9 0 0 0 0 0 0 0 21 0 0 2 0 0 237 0 489 0 3 0 0 0 32 0 436 0 0 0 0 0 0 0 0 0 0 0 0 0 0 0 0 0 0 34 0 0 0 1 0 0 0 0 0 0 0 0 0 0 0 0 0 0 0 1 0 0 0 0 0 0 0 0 0 0 0 0 0 
0 10 0 0 33 2138 0 0 34 0 12 0 0 0 0 0 66 0 0 132 0 0 10433 0 3516 3693 0 0 4690 0 54 255366 0 0 0 5748 44 0 0 0 0 0 0 74 1512 0 0 19 0 0 0 0 17 0 0 0 0 0 0 0 11 0 0 52 0 0 1992 0 1683 0 26 0 0 0 2029 0 1155 0 20 0 0 0 0 0 0 3 0 0 0 0 0 5 0 0 0 1083 0 0 0 10 0 0 0 13 0 9 0 0 0 0 0 0 0 0 0 3 0 0 2 0 0 0 0 0 0 3 0 0 0 
0 2 0 0 5 338 0 0 0 0 1 0 0 0 0 0 10 0 0 0 0 0 0 0 868 1008 0 0 1295 0 0 38530 0 0 0 768 2 0 0 0 0 0 0 0 0 0 0 0 0 0 0 0 8 0 0 0 0 0 0 0 5 0 0 0 0 0 237 0 471 0 3 0 0 0 32 0 379 0 0 0 0 0 0 0 0 0 0 0 0 0 0 0 0 0 0 34 0 0 0 1 0 0 0 0 0 0 0 0 0 0 0 0 0 0 0 1 0 0 0 0 0 0 0 0 0 0 0 0 0 
0 5 0 0 18 1162 0 0 6 0 5 0 0 0 0 0 48 0 0 34 0 0 1967 0 2741 1954 0 0 2453 0 2 159195 0 0 0 3491 19 0 0 0 0 0 0 3 223 0 0 4 0 0 0 0 18 0 0 0 0 0 0 0 13 0 0 6 0 0 1073 0 1116 0 11 0 0 0 834 0 858 0 12 0 0 0 0 0 0 1 0 0 0 0 0 0 0 0 0 460 0 0 0 4 0 0 0 5 0 2 0 0 0 0 0 0 0 0 0 0 0 0 1 0 0 0 0 0 0 1 0 0 0 
0 8 0 0 29 1766 0 0 17 0 13 0 0 0 0 0 53 0 0 61 0 0 5513 0 2743 3830 0 0 4270 0 8 244327 0 0 0 4815 33 0 0 0 0 0 0 37 993 0 0 14 0 0 0 0 22 0 0 0 0 0 0 0 16 0 0 38 0 0 2626 0 1931 0 33 0 0 0 1746 0 1289 0 27 0 0 0 0 0 0 3 0 0 0 0 0 4 0 0 0 651 0 0 0 19 0 0 0 8 0 11 0 0 0 0 0 0 0 0 0 6 0 0 1 0 0 0 0 0 0 3 0 0 0 
0 5 0 0 15 1188 0 0 6 0 5 0 0 0 0 0 36 0 0 20 0 0 2111 0 2598 1776 0 0 3632 0 1 163928 0 0 0 3038 14 0 0 0 0 0 0 11 351 0 0 3 0 0 0 0 21 0 0 0 0 0 0 0 10 0 0 7 0 0 816 0 1663 0 16 0 0 0 703 0 769 0 9 0 0 0 0 0 0 2 0 0 0 0 0 1 0 0 0 440 0 0 0 4 0 0 0 4 0 2 0 0 0 0 0 0 0 0 0 2 0 0 0 0 0 0 0 0 0 0 0 0 0 
0 5 0 0 20 1210 0 0 3 0 8 0 0 0 0 0 38 0 0 16 0 0 957 0 2516 3004 0 0 3460 0 0 152016 0 0 0 3866 29 0 0 0 0 0 0 6 192 0 0 2 0 0 0 0 15 0 0 0 0 0 0 0 19 0 0 2 0 0 1593 0 1160 0 18 0 0 0 1099 0 1182 0 17 0 0 0 0 0 0 3 0 0 0 0 0 1 0 0 0 630 0 0 0 6 0 0 0 10 0 2 0 0 0 0 0 0 0 0 0 7 0 0 1 0 0 0 0 0 0 4 0 0 0 
0 7 0 0 24 1803 0 0 12 0 11 0 0 0 0 0 54 0 0 57 0 0 4086 0 3557 1570 0 0 4082 0 8 251385 0 0 0 5395 27 0 0 0 0 0 0 28 860 0 0 4 0 0 0 0 21 0 0 0 0 0 0 0 10 0 0 17 0 0 1998 0 1757 0 24 0 0 0 1954 0 832 0 23 0 0 0 0 0 0 3 0 0 0 0 0 6 0 0 0 1051 0 0 0 9 0 0 0 11 0 6 0 0 0 0 0 0 0 0 0 2 0 0 2 0 0 0 0 0 0 3 0 0 0 
0 7 0 0 18 1508 0 0 13 0 8 0 0 0 0 0 39 0 0 42 0 0 3920 0 2902 2406 0 0 4009 0 7 206604 0 0 0 3504 22 0 0 0 0 0 0 19 638 0 0 5 0 0 0 0 13 0 0 0 0 0 0 0 11 0 0 17 0 0 2019 0 1738 0 19 0 0 0 798 0 1034 0 4 0 0 0 0 0 0 4 0 0 0 0 0 2 0 0 0 507 0 0 0 7 0 0 0 8 0 4 0 0 0 0 0 0 0 0 0 3 0 0 0 0 0 0 0 0 0 1 0 0 0 
0 6 0 0 22 1276 0 0 8 0 9 0 0 0 0 0 47 0 0 44 0 0 2650 0 2896 3308 0 0 2722 0 2 166931 0 0 0 3542 24 0 0 0 0 0 0 12 250 0 0 5 0 0 0 0 13 0 0 0 0 0 0 0 22 0 0 12 0 0 1654 0 1061 0 12 0 0 0 1319 0 1000 0 20 0 0 0 0 0 0 5 0 0 0 0 0 1 0 0 0 612 0 0 0 4 0 0 0 6 0 5 0 0 0 0 0 0 0 0 0 6 0 0 2 0 0 0 0 0 0 2 0 0 0 
0 9 0 0 24 2010 0 0 21 0 17 0 0 0 0 0 58 0 0 67 0 0 6826 0 3318 2786 0 0 4344 0 13 266475 0 0 0 4267 25 0 0 0 0 0 0 27 1118 0 0 6 0 0 0 0 13 0 0 0 0 0 0 0 9 0 0 47 0 0 3198 0 1943 0 42 0 0 0 2422 0 1026 0 28 0 0 0 0 0 0 12 0 0 0 0 0 7 0 0 0 1089 0 0 0 14 0 0 0 16 0 11 0 0 0 0 0 0 0 0 0 5 0 0 3 0 0 0 0 0 0 5 0 0 0 
0 7 0 0 26 1573 0 0 12 0 10 0 0 0 0 0 53 0 0 52 0 0 3894 0 3090 3051 0 0 4290 0 4 204576 0 0 0 4848 31 0 0 0 0 0 0 29 559 0 0 8 0 0 0 0 20 0 0 0 0 0 0 0 16 0 0 21 0 0 2129 0 1726 0 20 0 0 0 1399 0 1168 0 24 0 0 0 0 0 0 5 0 0 0 0 0 2 0 0 0 733 0 0 0 7 0 0 0 13 0 4 0 0 0 0 0 0 0 0 0 6 0 0 1 0 0 0 0 0 0 3 0 0 0 
0 7 0 0 24 1591 0 0 9 0 14 0 0 0 0 0 56 0 0 44 0 0 2657 0 3192 3261 0 0 3225 0 2 234563 0 0 0 4250 24 0 0 0 0 0 0 9 446 0 0 7 0 0 0 0 18 0 0 0 0 0 0 0 26 0 0 13 0 0 3387 0 1516 0 29 0 0 0 1758 0 1038 0 27 0 0 0 0 0 0 10 0 0 0 0 0 5 0 0 0 900 0 0 0 10 0 0 0 8 0 8 0 0 0 0 0 0 0 0 0 8 0 0 2 0 0 0 0 0 0 6 0 0 0 
0 1 0 0 4 273 0 0 0 0 0 0 0 0 0 0 8 0 0 0 0 0 0 0 637 705 0 0 1190 0 0 36632 0 0 0 731 2 0 0 0 0 0 0 0 0 0 0 0 0 0 0 0 7 0 0 0 0 0 0 0 5 0 0 0 0 0 0 0 496 0 0 0 0 0 0 0 354 0 0 0 0 0 0 0 0 0 0 0 0 0 0 0 0 0 0 0 0 0 0 0 0 0 0 0 0 0 0 0 0 0 0 0 0 0 0 0 0 0 0 0 0 0 0 0 0 0 0 0 0 
0 7 0 0 21 1868 0 0 13 0 8 0 0 0 0 0 46 0 0 44 0 0 4692 0 3153 2316 0 0 4095 0 7 266211 0 0 0 4760 20 0 0 0 0 0 0 20 1077 0 0 9 0 0 0 0 20 0 0 0 0 0 0 0 12 0 0 17 0 0 1588 0 1997 0 17 0 0 0 1324 0 1171 0 15 0 0 0 0 0 0 2 0 0 0 0 0 2 0 0 0 714 0 0 0 7 0 0 0 7 0 6 0 0 0 0 0 0 0 0 0 2 0 0 1 0 0 0 0 0 0 0 0 0 0 
0 2 0 0 8 333 0 0 0 0 1 0 0 0 0 0 22 0 0 0 0 0 0 0 845 1579 0 0 1141 0 0 38205 0 0 0 910 5 0 0 0 0 0 0 0 0 0 0 0 0 0 0 0 7 0 0 0 0 0 0 0 8 0 0 0 0 0 258 0 481 0 2 0 0 0 49 0 415 0 2 0 0 0 0 0 0 0 0 0 0 0 0 0 0 0 0 12 0 0 0 2 0 0 0 0 0 0 0 0 0 0 0 0 0 0 0 2 0 0 0 0 0 0 0 0 0 0 0 0 0 
0 6 0 0 26 890 0 0 9 0 7 0 0 0 0 0 75 0 0 50 0 0 2044 0 2138 3896 0 0 3523 0 4 103827 0 0 0 2964 30 0 0 0 0 0 0 15 151 0 0 8 0 0 0 0 13 0 0 0 0 0 0 0 16 0 0 9 0 0 1485 0 1093 0 16 0 0 0 563 0 830 0 14 0 0 0 0 0 0 4 0 0 0 0 0 1 0 0 0 253 0 0 0 6 0 0 0 5 0 5 0 0 0 0 0 0 0 0 0 11 0 0 0 0 0 0 0 0 0 1 0 0 0 
0 3 0 0 8 533 0 0 2 0 1 0 0 0 0 0 26 0 0 11 0 0 594 0 1329 1477 0 0 1942 0 0 57272 0 0 0 1179 4 0 0 0 0 0 0 0 67 0 0 0 0 0 0 0 13 0 0 0 0 0 0 0 6 0 0 1 0 0 237 0 645 0 3 0 0 0 32 0 550 0 0 0 0 0 0 0 0 0 0 0 0 0 0 0 0 0 0 34 0 0 0 1 0 0 0 0 0 0 0 0 0 0 0 0 0 0 0 1 0 0 0 0 0 0 0 0 0 0 0 0 0 
0 2 0 0 7 503 0 0 0 0 1 0 0 0 0 0 18 0 0 0 0 0 0 0 1386 1065 0 0 1869 0 0 62680 0 0 0 1199 3 0 0 0 0 0 0 0 0 0 0 0 0 0 0 0 10 0 0 0 0 0 0 0 7 0 0 0 0 0 205 0 741 0 3 0 0 0 163 0 572 0 3 0 0 0 0 0 0 0 0 0 0 0 0 0 0 0 0 67 0 0 0 0 0 0 0 1 0 0 0 0 0 0 0 0 0 0 0 0 0 0 0 0 0 0 0 0 0 0 0 0 0 
0 6 0 0 18 1337 0 0 11 0 5 0 0 0 0 0 49 0 0 46 0 0 3523 0 3099 1802 0 0 3498 0 6 169403 0 0 0 3386 13 0 0 0 0 0 0 19 605 0 0 1 0 0 0 0 18 0 0 0 0 0 0 0 9 0 0 14 0 0 1116 0 1245 0 13 0 0 0 646 0 876 0 8 0 0 0 0 0 0 2 0 0 0 0 0 0 0 0 0 384 0 0 0 4 0 0 0 3 0 2 0 0 0 0 0 0 0 0 0 1 0 0 0 0 0 0 0 0 0 0 0 0 0 
0 5 0 0 17 1215 0 0 6 0 5 0 0 0 0 0 48 0 0 24 0 0 2069 0 2675 1848 0 0 3566 0 1 165966 0 0 0 3245 17 0 0 0 0 0 0 14 358 0 0 4 0 0 0 0 20 0 0 0 0 0 0 0 10 0 0 7 0 0 916 0 1653 0 15 0 0 0 723 0 777 0 11 0 0 0 0 0 0 1 0 0 0 0 0 1 0 0 0 446 0 0 0 4 0 0 0 4 0 3 0 0 0 0 0 0 0 0 0 1 0 0 0 0 0 0 0 0 0 0 0 0 0 
0 6 0 0 19 1814 0 0 9 0 7 0 0 0 0 0 39 0 0 27 0 0 3470 0 3130 1529 0 0 3950 0 3 281183 0 0 0 4931 18 0 0 0 0 0 0 20 931 0 0 5 0 0 0 0 24 0 0 0 0 0 0 0 13 0 0 13 0 0 1456 0 2032 0 18 0 0 0 1276 0 977 0 14 0 0 0 0 0 0 1 0 0 0 0 0 2 0 0 0 793 0 0 0 6 0 0 0 6 0 3 0 0 0 0 0 0 0 0 0 0 0 0 1 0 0 0 0 0 0 1 0 0 0 
0 5 0 0 19 562 0 0 8 0 2 0 0 0 0 0 57 0 0 40 0 0 1585 0 1627 3828 0 0 2139 0 5 52070 0 0 0 1300 17 0 0 0 0 0 0 8 99 0 0 10 0 0 0 0 9 0 0 0 0 0 0 0 16 0 0 4 0 0 247 0 556 0 9 0 0 0 142 0 636 0 2 0 0 0 0 0 0 0 0 0 0 0 0 1 0 0 0 34 0 0 0 2 0 0 0 1 0 0 0 0 0 0 0 0 0 0 0 0 0 0 0 0 0 0 0 0 0 0 0 0 0 
0 7 0 0 15 1649 0 0 13 0 9 0 0 0 0 0 39 0 0 41 0 0 4382 0 3531 1374 0 0 3493 0 7 233617 0 0 0 3358 11 0 0 0 0 0 0 16 709 0 0 2 0 0 0 0 13 0 0 0 0 0 0 0 7 0 0 19 0 0 2090 0 1627 0 17 0 0 0 1172 0 722 0 8 0 0 0 0 0 0 5 0 0 0 0 0 2 0 0 0 706 0 0 0 6 0 0 0 5 0 5 0 0 0 0 0 0 0 0 0 0 0 0 0 0 0 0 0 0 0 2 0 0 0 
0 5 0 0 17 1309 0 0 6 0 5 0 0 0 0 0 43 0 0 27 0 0 2143 0 2939 1243 0 0 3568 0 1 192958 0 0 0 3446 21 0 0 0 0 0 0 15 399 0 0 3 0 0 0 0 23 0 0 0 0 0 0 0 9 0 0 7 0 0 998 0 1803 0 12 0 0 0 901 0 729 0 6 0 0 0 0 0 0 1 0 0 0 0 0 1 0 0 0 490 0 0 0 6 0 0 0 4 0 3 0 0 0 0 0 0 0 0 0 1 0 0 0 0 0 0 0 0 0 0 0 0 0 
0 2 0 0 10 285 0 0 1 0 0 0 0 0 0 0 25 0 0 7 0 0 273 0 664 1800 0 0 1275 0 0 36696 0 0 0 796 12 0 0 0 0 0 0 2 5 0 0 1 0 0 0 0 7 0 0 0 0 0 0 0 11 0 0 0 0 0 0 0 498 0 0 0 0 0 0 0 361 0 0 0 0 0 0 0 0 0 0 0 0 0 0 0 0 0 0 0 0 0 0 0 0 0 0 0 0 0 0 0 0 0 0 0 0 0 0 0 0 0 0 0 0 0 0 0 0 0 0 0 0 
0 5 0 0 19 916 0 0 7 0 3 0 0 0 0 0 45 0 0 31 0 0 2017 0 2017 2816 0 0 3970 0 2 95900 0 0 0 2957 25 0 0 0 0 0 0 17 265 0 0 6 0 0 0 0 24 0 0 0 0 0 0 0 15 0 0 7 0 0 566 0 1304 0 9 0 0 0 254 0 968 0 6 0 0 0 0 0 0 0 0 0 0 0 0 0 0 0 0 144 0 0 0 2 0 0 0 3 0 1 0 0 0 0 0 0 0 0 0 1 0 0 0 0 0 0 0 0 0 0 0 0 0 
0 8 0 0 21 2065 0 0 18 0 12 0 0 0 0 0 28 0 0 50 0 0 6188 0 3224 2002 0 0 5443 0 14 284273 0 0 0 4338 26 0 0 0 0 0 0 52 1481 0 0 7 0 0 0 0 24 0 0 0 0 0 0 0 7 0 0 29 0 0 2257 0 2306 0 13 0 0 0 2051 0 942 0 11 0 0 0 0 0 0 5 0 0 0 0 0 6 0 0 0 1035 0 0 0 9 0 0 0 7 0 12 0 0 0 0 0 0 0 0 0 6 0 0 1 0 0 0 0 0 0 1 0 0 0 
0 6 0 0 20 1581 0 0 6 0 10 0 0 0 0 0 55 0 0 26 0 0 2125 0 3441 1627 0 0 3909 0 1 212862 0 0 0 4784 28 0 0 0 0 0 0 17 519 0 0 1 0 0 0 0 16 0 0 0 0 0 0 0 7 0 0 6 0 0 1666 0 1539 0 25 0 0 0 1668 0 769 0 17 0 0 0 0 0 0 2 0 0 0 0 0 5 0 0 0 929 0 0 0 8 0 0 0 12 0 5 0 0 0 0 0 0 0 0 0 3 0 0 2 0 0 0 0 0 0 3 0 0 0 
0 4 0 0 16 668 0 0 3 0 4 0 0 0 0 0 36 0 0 14 0 0 734 0 1580 3157 0 0 2469 0 0 66009 0 0 0 2067 16 0 0 0 0 0 0 2 68 0 0 4 0 0 0 0 11 0 0 0 0 0 0 0 18 0 0 3 0 0 719 0 702 0 11 0 0 0 438 0 922 0 9 0 0 0 0 0 0 1 0 0 0 0 0 1 0 0 0 149 0 0 0 5 0 0 0 3 0 1 0 0 0 0 0 0 0 0 0 6 0 0 0 0 0 0 0 0 0 0 0 0 0 
0 8 0 0 28 1664 0 0 17 0 11 0 0 0 0 0 70 0 0 89 0 0 5234 0 3432 3974 0 0 3165 0 11 202603 0 0 0 4709 29 0 0 0 0 0 0 18 632 0 0 8 0 0 0 0 17 0 0 0 0 0 0 0 19 0 0 26 0 0 2058 0 1288 0 23 0 0 0 1662 0 1141 0 23 0 0 0 0 0 0 5 0 0 0 0 0 2 0 0 0 701 0 0 0 9 0 0 0 8 0 10 0 0 0 0 0 0 0 0 0 8 0 0 1 0 0 0 0 0 0 1 0 0 0 
0 6 0 0 18 1066 0 0 7 0 10 0 0 0 0 0 41 0 0 27 0 0 2070 0 2633 2681 0 0 4039 0 1 116581 0 0 0 2570 13 0 0 0 0 0 0 14 284 0 0 4 0 0 0 0 19 0 0 0 0 0 0 0 14 0 0 9 0 0 1627 0 1223 0 23 0 0 0 980 0 760 0 21 0 0 0 0 0 0 4 0 0 0 0 0 5 0 0 0 431 0 0 0 5 0 0 0 6 0 9 0 0 0 0 0 0 0 0 0 4 0 0 0 0 0 0 0 0 0 1 0 0 0 
0 4 0 0 16 1184 0 0 2 0 5 0 0 0 0 0 32 0 0 8 0 0 790 0 2124 2130 0 0 3441 0 0 182164 0 0 0 3565 28 0 0 0 0 0 0 3 286 0 0 1 0 0 0 0 16 0 0 0 0 0 0 0 8 0 0 1 0 0 857 0 1692 0 13 0 0 0 829 0 1066 0 5 0 0 0 0 0 0 1 0 0 0 0 0 0 0 0 0 480 0 0 0 7 0 0 0 10 0 2 0 0 0 0 0 0 0 0 0 6 0 0 0 0 0 0 0 0 0 2 0 0 0 
0 9 0 0 29 2043 0 0 17 0 23 0 0 0 0 0 43 0 0 65 0 0 5439 0 3573 3353 0 0 4641 0 8 248437 0 0 0 5646 36 0 0 0 0 0 0 28 948 0 0 9 0 0 0 0 12 0 0 0 0 0 0 0 4 0 0 34 0 0 4083 0 1479 0 51 0 0 0 3426 0 1165 0 38 0 0 0 0 0 0 14 0 0 0 0 0 15 0 0 0 1576 0 0 0 22 0 0 0 21 0 27 0 0 0 0 0 0 0 0 0 13 0 0 3 0 0 0 0 0 0 13 0 0 0 
0 3 0 0 14 704 0 0 2 0 1 0 0 0 0 0 39 0 0 14 0 0 702 0 1590 1980 0 0 1921 0 0 97443 0 0 0 2766 24 0 0 0 0 0 0 3 46 0 0 1 0 0 0 0 13 0 0 0 0 0 0 0 10 0 0 1 0 0 210 0 917 0 3 0 0 0 143 0 779 0 0 0 0 0 0 0 0 0 0 0 0 0 0 0 0 0 0 127 0 0 0 2 0 0 0 4 0 0 0 0 0 0 0 0 0 0 0 1 0 0 0 0 0 0 0 0 0 0 0 0 0 
0 4 0 0 15 1089 0 0 4 0 2 0 0 0 0 0 44 0 0 16 0 0 1515 0 2240 1657 0 0 3620 0 1 154795 0 0 0 3068 19 0 0 0 0 0 0 10 344 0 0 2 0 0 0 0 20 0 0 0 0 0 0 0 11 0 0 2 0 0 303 0 1775 0 9 0 0 0 386 0 853 0 3 0 0 0 0 0 0 1 0 0 0 0 0 0 0 0 0 184 0 0 0 1 0 0 0 4 0 0 0 0 0 0 0 0 0 0 0 1 0 0 0 0 0 0 0 0 0 0 0 0 0 
0 4 0 0 14 712 0 0 4 0 2 0 0 0 0 0 40 0 0 18 0 0 1098 0 1982 2633 0 0 2149 0 1 75229 0 0 0 1626 7 0 0 0 0 0 0 4 100 0 0 3 0 0 0 0 11 0 0 0 0 0 0 0 12 0 0 2 0 0 461 0 777 0 5 0 0 0 212 0 832 0 5 0 0 0 0 0 0 1 0 0 0 0 0 0 0 0 0 79 0 0 0 2 0 0 0 1 0 0 0 0 0 0 0 0 0 0 0 2 0 0 0 0 0 0 0 0 0 0 0 0 0 
0 8 0 0 23 1683 0 0 12 0 20 0 0 0 0 0 40 0 0 51 0 0 3693 0 3348 3637 0 0 4166 0 4 210011 0 0 0 3844 24 0 0 0 0 0 0 11 499 0 0 6 0 0 0 0 13 0 0 0 0 0 0 0 17 0 0 21 0 0 3473 0 1218 0 34 0 0 0 2746 0 1102 0 31 0 0 0 0 0 0 9 0 0 0 0 0 11 0 0 0 1313 0 0 0 8 0 0 0 14 0 21 0 0 0 0 0 0 0 0 0 12 0 0 3 0 0 0 0 0 0 13 0 0 0 
0 8 0 0 33 1436 0 0 14 0 15 0 0 0 0 0 59 0 0 69 0 0 3712 0 2945 5091 0 0 4108 0 7 162015 0 0 0 4910 44 0 0 0 0 0 0 26 458 0 0 14 0 0 0 0 19 0 0 0 0 0 0 0 19 0 0 20 0 0 2889 0 1417 0 42 0 0 0 1625 0 1467 0 31 0 0 0 0 0 0 8 0 0 0 0 0 8 0 0 0 599 0 0 0 18 0 0 0 13 0 14 0 0 0 0 0 0 0 0 0 16 0 0 1 0 0 0 0 0 0 4 0 0 0 
0 8 0 0 26 1760 0 0 21 0 8 0 0 0 0 0 75 0 0 87 0 0 6553 0 3354 2517 0 0 4211 0 24 227751 0 0 0 4364 33 0 0 0 0 0 0 38 956 0 0 14 0 0 0 0 21 0 0 0 0 0 0 0 13 0 0 27 0 0 1815 0 1812 0 19 0 0 0 1166 0 985 0 10 0 0 0 0 0 0 4 0 0 0 0 0 1 0 0 0 719 0 0 0 6 0 0 0 7 0 5 0 0 0 0 0 0 0 0 0 1 0 0 0 0 0 0 0 0 0 1 0 0 0 
0 5 0 0 27 621 0 0 4 0 7 0 0 0 0 0 61 0 0 28 0 0 550 0 1370 5413 0 0 2993 0 1 58845 0 0 0 2109 40 0 0 0 0 0 0 4 32 0 0 7 0 0 0 0 16 0 0 0 0 0 0 0 25 0 0 2 0 0 1381 0 751 0 14 0 0 0 532 0 822 0 16 0 0 0 0 0 0 5 0 0 0 0 0 0 0 0 0 203 0 0 0 11 0 0 0 6 0 1 0 0 0 0 0 0 0 0 0 15 0 0 0 0 0 0 0 0 0 4 0 0 0 
0 8 0 0 31 1082 0 0 13 0 19 0 0 0 0 0 79 0 0 69 0 0 2491 0 2597 5347 0 0 3299 0 5 110762 0 0 0 3184 34 0 0 0 0 0 0 9 281 0 0 10 0 0 0 0 15 0 0 0 0 0 0 0 18 0 0 25 0 0 3264 0 994 0 49 0 0 0 1544 0 938 0 40 0 0 0 0 0 0 14 0 0 0 0 0 9 0 0 0 401 0 0 0 16 0 0 0 7 0 17 0 0 0 0 0 0 0 0 0 19 0 0 1 0 0 0 0 0 0 10 0 0 0 
331 4 835 1007 6 445 54122 989 4 6 2 493 309 2063 1644 1053 19 1313 2182 9 2596 112772 670 252000 688 538 93066 215148 1046 911 1 39379 5846191 50817 131447 622 0 825 2402 4 346 357 1133 2 93 35270 554 1 303 352 548 1222 5 4 15 9 16 543 340 314 4 853 555 2 664 52440 408 124410 461 426 4 874 632 57496 29 65026 214 1168 2 419 505 1 0 2 1 1 221 205 1 4 3 0 279 63 17948 20 18311 287 157 0 229 366 143 0 268 0 137 301 223 1 2 3 2 163 159 0 20 112 0 2 0 0 1 0 0 0 151 35 99 
0 6 0 0 24 856 0 0 8 0 8 0 0 0 0 0 73 0 0 46 0 0 1853 0 2095 3812 0 0 2202 0 2 101443 0 0 0 3144 33 0 0 0 0 0 0 11 104 0 0 7 0 0 0 0 14 0 0 0 0 0 0 0 22 0 0 12 0 0 1491 0 885 0 23 0 0 0 438 0 837 0 19 0 0 0 0 0 0 2 0 0 0 0 0 2 0 0 0 217 0 0 0 6 0 0 0 5 0 4 0 0 0 0 0 0 0 0 0 4 0 0 0 0 0 0 0 0 0 2 0 0 0 
0 7 0 0 18 1704 0 0 8 0 17 0 0 0 0 0 39 0 0 28 0 0 2838 0 3689 1754 0 0 4091 0 3 231377 0 0 0 3887 19 0 0 0 0 0 0 11 519 0 0 3 0 0 0 0 13 0 0 0 0 0 0 0 8 0 0 11 0 0 3141 0 1407 0 30 0 0 0 2571 0 769 0 27 0 0 0 0 0 0 4 0 0 0 0 0 7 0 0 0 1242 0 0 0 5 0 0 0 11 0 14 0 0 0 0 0 0 0 0 0 6 0 0 4 0 0 0 0 0 0 14 0 0 0 
0 6 0 0 22 1250 0 0 11 0 4 0 0 0 0 0 49 0 0 57 0 0 3717 0 2148 3316 0 0 3563 0 7 175948 0 0 0 3943 28 0 0 0 0 0 0 13 506 0 0 9 0 0 0 0 21 0 0 0 0 0 0 0 16 0 0 10 0 0 844 0 1651 0 7 0 0 0 254 0 1208 0 4 0 0 0 0 0 0 0 0 0 0 0 0 1 0 0 0 203 0 0 0 6 0 0 0 5 0 2 0 0 0 0 0 0 0 0 0 4 0 0 0 0 0 0 0 0 0 0 0 0 0 
0 7 0 0 17 1638 0 0 11 0 12 0 0 0 0 0 38 0 0 32 0 0 3685 0 3106 1902 0 0 4240 0 3 233073 0 0 0 3360 8 0 0 0 0 0 0 18 816 0 0 5 0 0 0 0 21 0 0 0 0 0 0 0 10 0 0 21 0 0 2593 0 1781 0 23 0 0 0 1582 0 887 0 17 0 0 0 0 0 0 3 0 0 0 0 0 4 0 0 0 714 0 0 0 8 0 0 0 3 0 9 0 0 0 0 0 0 0 0 0 2 0 0 1 0 0 0 0 0 0 4 0 0 0 
0 3 0 0 13 988 0 0 2 0 1 0 0 0 0 0 29 0 0 8 0 0 790 0 1774 1571 0 0 2742 0 0 163320 0 0 0 3317 20 0 0 0 0 0 0 5 286 0 0 2 0 0 0 0 17 0 0 0 0 0 0 0 12 0 0 1 0 0 210 0 1641 0 3 0 0 0 143 0 983 0 0 0 0 0 0 0 0 0 0 0 0 0 0 0 0 0 0 127 0 0 0 2 0 0 0 4 0 0 0 0 0 0 0 0 0 0 0 1 0 0 0 0 0 0 0 0 0 0 0 0 0 
0 6 0 0 25 1234 0 0 8 0 10 0 0 0 0 0 45 0 0 43 0 0 2513 0 2572 3512 0 0 4041 0 2 148009 0 0 0 3749 32 0 0 0 0 0 0 20 382 0 0 6 0 0 0 0 20 0 0 0 0 0 0 0 17 0 0 12 0 0 1794 0 1442 0 21 0 0 0 1403 0 1167 0 19 0 0 0 0 0 0 4 0 0 0 0 0 5 0 0 0 490 0 0 0 12 0 0 0 7 0 8 0 0 0 0 0 0 0 0 0 10 0 0 1 0 0 0 0 0 0 1 0 0 0 
0 10 0 0 33 2026 0 0 32 0 16 0 0 0 0 0 48 0 0 123 0 0 9641 0 3156 4163 0 0 5352 0 44 239066 0 0 0 5026 36 0 0 0 0 0 0 75 1636 0 0 21 0 0 0 0 21 0 0 0 0 0 0 0 19 0 0 64 0 0 2908 0 1866 0 30 0 0 0 1982 0 1322 0 29 0 0 0 0 0 0 8 0 0 0 0 0 9 0 0 0 891 0 0 0 10 0 0 0 12 0 14 0 0 0 0 0 0 0 0 0 6 0 0 0 0 0 0 0 0 0 5 0 0 0 
0 6 0 0 12 1498 0 0 5 0 14 0 0 0 0 0 31 0 0 14 0 0 1794 0 3163 1834 0 0 3860 0 0 205333 0 0 0 1968 8 0 0 0 0 0 0 3 433 0 0 0 0 0 0 0 17 0 0 0 0 0 0 0 4 0 0 6 0 0 2385 0 1525 0 21 0 0 0 2298 0 764 0 16 0 0 0 0 0 0 6 0 0 0 0 0 6 0 0 0 1051 0 0 0 7 0 0 0 6 0 10 0 0 0 0 0 0 0 0 0 6 0 0 2 0 0 0 0 0 0 8 0 0 0 
0 5 0 0 22 695 0 0 5 0 5 0 0 0 0 0 66 0 0 35 0 0 1324 0 1953 3332 0 0 2257 0 1 86435 0 0 0 2309 28 0 0 0 0 0 0 8 135 0 0 3 0 0 0 0 9 0 0 0 0 0 0 0 21 0 0 4 0 0 827 0 869 0 21 0 0 0 255 0 563 0 9 0 0 0 0 0 0 0 0 0 0 0 0 3 0 0 0 46 0 0 0 5 0 0 0 2 0 1 0 0 0 0 0 0 0 0 0 2 0 0 0 0 0 0 0 0 0 1 0 0 0 
89 4 283 308 20 307 3893 428 4 2 2 23 47 1429 736 1152 56 440 980 26 1209 85380 360 26264 756 3431 18687 20805 1338 600 1 28731 111759 19422 11985 788 27 295 1280 6 15 444 163 3 12 5542 157 8 6 183 286 108 3 4 5 3 11 83 123 103 17 46 113 2 460 8332 462 1609 346 130 5 48 320 3806 50 2939 294 83 8 56 382 1 2 3 0 1 46 0 0 1 0 0 41 3 580 9 193 63 72 3 3 31 69 1 28 0 43 29 4 0 4 0 0 3 11 0 7 9 0 1 0 0 1 0 0 0 9 4 0 
0 5 0 0 23 850 0 0 4 0 7 0 0 0 0 0 62 0 0 22 0 0 1064 0 2082 3653 0 0 3221 0 1 102596 0 0 0 2892 28 0 0 0 0 0 0 7 102 0 0 3 0 0 0 0 12 0 0 0 0 0 0 0 17 0 0 2 0 0 1521 0 1070 0 20 0 0 0 570 0 803 0 17 0 0 0 0 0 0 4 0 0 0 0 0 1 0 0 0 247 0 0 0 8 0 0 0 5 0 3 0 0 0 0 0 0 0 0 0 9 0 0 0 0 0 0 0 0 0 2 0 0 0 
0 7 0 0 26 1508 0 0 13 0 9 0 0 0 0 0 61 0 0 57 0 0 4362 0 2831 3380 0 0 3638 0 7 200911 0 0 0 4248 32 0 0 0 0 0 0 28 628 0 0 12 0 0 0 0 13 0 0 0 0 0 0 0 22 0 0 19 0 0 1805 0 1668 0 17 0 0 0 1088 0 1194 0 20 0 0 0 0 0 0 3 0 0 0 0 0 2 0 0 0 457 0 0 0 9 0 0 0 9 0 8 0 0 0 0 0 0 0 0 0 5 0 0 0 0 0 0 0 0 0 1 0 0 0 
0 7 0 0 19 1346 0 0 15 0 6 0 0 0 0 0 63 0 0 57 0 0 4407 0 2687 3038 0 0 4276 0 13 170968 0 0 0 2397 12 0 0 0 0 0 0 15 627 0 0 6 0 0 0 0 17 0 0 0 0 0 0 0 10 0 0 14 0 0 1341 0 1754 0 10 0 0 0 604 0 1102 0 7 0 0 0 0 0 0 3 0 0 0 0 0 2 0 0 0 224 0 0 0 8 0 0 0 5 0 3 0 0 0 0 0 0 0 0 0 5 0 0 0 0 0 0 0 0 0 0 0 0 0 
0 7 0 0 22 1759 0 0 12 0 12 0 0 0 0 0 39 0 0 41 0 0 4266 0 3041 2293 0 0 4694 0 6 235902 0 0 0 4405 25 0 0 0 0 0 0 23 937 0 0 4 0 0 0 0 16 0 0 0 0 0 0 0 6 0 0 16 0 0 2052 0 2042 0 32 0 0 0 1945 0 1025 0 18 0 0 0 0 0 0 9 0 0 0 0 0 6 0 0 0 878 0 0 0 13 0 0 0 14 0 13 0 0 0 0 0 0 0 0 0 5 0 0 0 0 0 0 0 0 0 2 0 0 0 
0 5 0 0 15 1116 0 0 5 0 6 0 0 0 0 0 33 0 0 18 0 0 1601 0 2886 2374 0 0 3295 0 1 135815 0 0 0 2238 7 0 0 0 0 0 0 6 224 0 0 4 0 0 0 0 12 0 0 0 0 0 0 0 13 0 0 3 0 0 1218 0 1115 0 12 0 0 0 902 0 990 0 13 0 0 0 0 0 0 4 0 0 0 0 0 1 0 0 0 442 0 0 0 1 0 0 0 6 0 4 0 0 0 0 0 0 0 0 0 3 0 0 0 0 0 0 0 0 0 0 0 0 0 
0 4 0 0 19 383 0 0 5 0 1 0 0 0 0 0 48 0 0 18 0 0 802 0 948 4715 0 0 1943 0 2 38375 0 0 0 1175 20 0 0 0 0 0 0 10 19 0 0 14 0 0 0 0 8 0 0 0 0 0 0 0 25 0 0 2 0 0 266 0 528 0 3 0 0 0 24 0 479 0 2 0 0 0 0 0 0 0 0 0 0 0 0 0 0 0 0 5 0 0 0 1 0 0 0 0 0 0 0 0 0 0 0 0 0 0 0 1 0 0 0 0 0 0 0 0 0 0 0 0 0 
0 6 0 0 29 1136 0 0 11 0 4 0 0 0 0 0 51 0 0 61 0 0 3512 0 2066 4866 0 0 4110 0 7 131332 0 0 0 4149 43 0 0 0 0 0 0 26 368 0 0 12 0 0 0 0 24 0 0 0 0 0 0 0 24 0 0 10 0 0 607 0 1324 0 11 0 0 0 406 0 1381 0 9 0 0 0 0 0 0 1 0 0 0 0 0 0 0 0 0 194 0 0 0 7 0 0 0 5 0 2 0 0 0 0 0 0 0 0 0 6 0 0 0 0 0 0 0 0 0 0 0 0 0 
0 7 0 0 20 2042 0 0 12 0 10 0 0 0 0 0 42 0 0 35 0 0 4567 0 3275 1604 0 0 4199 0 5 306953 0 0 0 4975 16 0 0 0 0 0 0 24 1227 0 0 7 0 0 0 0 24 0 0 0 0 0 0 0 11 0 0 19 0 0 1940 0 2132 0 21 0 0 0 1862 0 1050 0 17 0 0 0 0 0 0 2 0 0 0 0 0 5 0 0 0 1001 0 0 0 8 0 0 0 7 0 6 0 0 0 0 0 0 0 0 0 2 0 0 2 0 0 0 0 0 0 1 0 0 0 
0 3 0 0 12 957 0 0 3 0 0 0 0 0 0 0 29 0 0 11 0 0 1187 0 1991 1306 0 0 2973 0 1 153350 0 0 0 2925 11 0 0 0 0 0 0 12 359 0 0 1 0 0 0 0 14 0 0 0 0 0 0 0 10 0 0 0 0 0 0 0 1628 0 0 0 0 0 0 0 818 0 0 0 0 0 0 0 0 0 0 0 0 0 0 0 0 0 0 0 0 0 0 0 0 0 0 0 0 0 0 0 0 0 0 0 0 0 0 0 0 0 0 0 0 0 0 0 0 0 0 0 0 
0 9 0 0 18 2355 0 0 17 0 23 0 0 0 0 0 33 0 0 38 0 0 5867 0 3509 1297 0 0 4815 0 9 321980 0 0 0 4428 22 0 0 0 0 0 0 28 1553 0 0 1 0 0 0 0 11 0 0 0 0 0 0 0 1 0 0 33 0 0 3874 0 1946 0 34 0 0 0 3851 0 631 0 28 0 0 0 0 0 0 9 0 0 0 0 0 13 0 0 0 1934 0 0 0 12 0 0 0 17 0 31 0 0 0 0 0 0 0 0 0 3 0 0 5 0 0 0 0 0 0 16 0 0 0 
0 3 0 0 7 860 0 0 1 0 2 0 0 0 0 0 18 0 0 4 0 0 399 0 2101 1008 0 0 2492 0 0 128465 0 0 0 1575 3 0 0 0 0 0 0 2 124 0 0 1 0 0 0 0 9 0 0 0 0 0 0 0 8 0 0 0 0 0 473 0 1261 0 5 0 0 0 248 0 632 0 0 0 0 0 0 0 0 0 0 0 0 0 0 1 0 0 0 175 0 0 0 0 0 0 0 2 0 0 0 0 0 0 0 0 0 0 0 0 0 0 0 0 0 0 0 0 0 0 0 0 0 
0 7 0 0 25 1243 0 0 16 0 5 0 0 0 0 0 61 0 0 79 0 0 4344 0 2875 3218 0 0 3941 0 16 142562 0 0 0 3734 30 0 0 0 0 0 0 34 551 0 0 6 0 0 0 0 22 0 0 0 0 0 0 0 13 0 0 13 0 0 842 0 1499 0 13 0 0 0 738 0 894 0 8 0 0 0 0 0 0 3 0 0 0 0 0 1 0 0 0 203 0 0 0 5 0 0 0 2 0 2 0 0 0 0 0 0 0 0 0 1 0 0 0 0 0 0 0 0 0 0 0 0 0 
0 4 0 0 16 687 0 0 2 0 4 0 0 0 0 0 46 0 0 9 0 0 656 0 1860 2973 0 0 2249 0 0 72567 0 0 0 1773 11 0 0 0 0 0 0 1 58 0 0 3 0 0 0 0 14 0 0 0 0 0 0 0 15 0 0 1 0 0 814 0 758 0 10 0 0 0 287 0 781 0 12 0 0 0 0 0 0 0 0 0 0 0 0 2 0 0 0 91 0 0 0 3 0 0 0 2 0 0 0 0 0 0 0 0 0 0 0 4 0 0 0 0 0 0 0 0 0 1 0 0 0 
0 7 0 0 24 1534 0 0 17 0 4 0 0 0 0 0 66 0 0 59 0 0 5314 0 2870 2819 0 0 4605 0 17 189033 0 0 0 3783 31 0 0 0 0 0 0 43 906 0 0 14 0 0 0 0 21 0 0 0 0 0 0 0 12 0 0 16 0 0 739 0 1983 0 11 0 0 0 677 0 1172 0 4 0 0 0 0 0 0 1 0 0 0 0 0 0 0 0 0 314 0 0 0 4 0 0 0 5 0 1 0 0 0 0 0 0 0 0 0 3 0 0 0 0 0 0 0 0 0 0 0 0 0 
0 8 0 0 27 2019 0 0 22 0 7 0 0 0 0 0 54 0 0 80 0 0 7607 0 2994 2316 0 0 5349 0 25 277875 0 0 0 5262 38 0 0 0 0 0 0 61 1577 0 0 13 0 0 0 0 25 0 0 0 0 0 0 0 12 0 0 30 0 0 1287 0 2462 0 18 0 0 0 1292 0 1106 0 5 0 0 0 0 0 0 1 0 0 0 0 0 3 0 0 0 673 0 0 0 6 0 0 0 7 0 3 0 0 0 0 0 0 0 0 0 3 0 0 0 0 0 0 0 0 0 0 0 0 0 
0 5 0 0 25 855 0 0 6 0 4 0 0 0 0 0 57 0 0 33 0 0 1723 0 1892 3991 0 0 3032 0 2 106029 0 0 0 3282 42 0 0 0 0 0 0 17 159 0 0 10 0 0 0 0 17 0 0 0 0 0 0 0 25 0 0 5 0 0 727 0 1100 0 13 0 0 0 295 0 1023 0 7 0 0 0 0 0 0 0 0 0 0 0 0 0 0 0 0 167 0 0 0 6 0 0 0 6 0 2 0 0 0 0 0 0 0 0 0 2 0 0 0 0 0 0 0 0 0 1 0 0 0 
62 5 0 234 16 1132 1891 210 5 0 7 0 76 0 0 652 31 0 495 26 646 37583 1502 10214 2458 2078 48268 0 3040 223 1 156895 37820 0 5562 2279 17 196 0 0 0 148 0 6 220 1298 164 1 0 0 0 0 17 0 0 0 0 0 0 234 7 0 161 5 153 21667 1330 0 1377 158 11 0 0 0 1132 3150 791 0 7 100 0 0 0 0 0 3 85 0 0 0 0 2 0 14 743 559 0 88 0 10 0 0 0 6 0 6 34 0 0 0 0 0 0 0 0 6 79 0 0 0 0 0 0 0 0 0 0 33 0 
0 6 0 0 24 1138 0 0 9 0 8 0 0 0 0 0 50 0 0 53 0 0 2570 0 2461 3576 0 0 3411 0 7 132592 0 0 0 3236 24 0 0 0 0 0 0 17 306 0 0 6 0 0 0 0 20 0 0 0 0 0 0 0 22 0 0 3 0 0 1503 0 1138 0 11 0 0 0 1155 0 1126 0 19 0 0 0 0 0 0 9 0 0 0 0 0 1 0 0 0 446 0 0 0 6 0 0 0 4 0 7 0 0 0 0 0 0 0 0 0 7 0 0 1 0 0 0 0 0 0 1 0 0 0 
0 7 0 0 25 1906 0 0 9 0 14 0 0 0 0 0 49 0 0 44 0 0 3277 0 3659 2087 0 0 3872 0 4 265535 0 0 0 5754 26 0 0 0 0 0 0 24 832 0 0 3 0 0 0 0 21 0 0 0 0 0 0 0 15 0 0 14 0 0 2626 0 1692 0 33 0 0 0 2460 0 973 0 33 0 0 0 0 0 0 2 0 0 0 0 0 7 0 0 0 1225 0 0 0 10 0 0 0 12 0 7 0 0 0 0 0 0 0 0 0 4 0 0 2 0 0 0 0 0 0 9 0 0 0 
0 3 0 0 8 977 0 0 1 0 3 0 0 0 0 0 18 0 0 4 0 0 399 0 2358 819 0 0 2354 0 0 159941 0 0 0 1992 2 0 0 0 0 0 0 1 124 0 0 1 0 0 0 0 13 0 0 0 0 0 0 0 7 0 0 0 0 0 634 0 1372 0 6 0 0 0 587 0 596 0 4 0 0 0 0 0 0 0 0 0 0 0 0 1 0 0 0 342 0 0 0 3 0 0 0 2 0 1 0 0 0 0 0 0 0 0 0 0 0 0 0 0 0 0 0 0 0 0 0 0 0 
0 7 0 0 22 1827 0 0 12 0 12 0 0 0 0 0 48 0 0 40 0 0 4359 0 3227 2138 0 0 4184 0 6 266521 0 0 0 4477 22 0 0 0 0 0 0 20 822 0 0 6 0 0 0 0 16 0 0 0 0 0 0 0 11 0 0 22 0 0 2127 0 2084 0 29 0 0 0 2203 0 952 0 27 0 0 0 0 0 0 6 0 0 0 0 0 3 0 0 0 966 0 0 0 10 0 0 0 15 0 8 0 0 0 0 0 0 0 0 0 5 0 0 2 0 0 0 0 0 0 4 0 0 0 
0 4 0 0 21 633 0 0 2 0 5 0 0 0 0 0 47 0 0 9 0 0 448 0 1527 3647 0 0 2805 0 0 68856 0 0 0 2360 28 0 0 0 0 0 0 6 91 0 0 4 0 0 0 0 12 0 0 0 0 0 0 0 25 0 0 0 0 0 842 0 1056 0 15 0 0 0 592 0 671 0 18 0 0 0 0 0 0 1 0 0 0 0 0 2 0 0 0 58 0 0 0 4 0 0 0 7 0 3 0 0 0 0 0 0 0 0 0 5 0 0 0 0 0 0 0 0 0 0 0 0 0 
0 6 0 0 19 1244 0 0 10 0 5 0 0 0 0 0 52 0 0 41 0 0 3246 0 2957 3122 0 0 3374 0 5 139055 0 0 0 2895 12 0 0 0 0 0 0 18 478 0 0 1 0 0 0 0 16 0 0 0 0 0 0 0 14 0 0 10 0 0 732 0 1192 0 11 0 0 0 803 0 1004 0 12 0 0 0 0 0 0 1 0 0 0 0 0 1 0 0 0 233 0 0 0 3 0 0 0 1 0 3 0 0 0 0 0 0 0 0 0 5 0 0 0 0 0 0 0 0 0 0 0 0 0 
0 5 0 0 12 1493 0 0 5 0 6 0 0 0 0 0 26 0 0 14 0 0 1955 0 3294 997 0 0 3391 0 1 228081 0 0 0 3119 8 0 0 0 0 0 0 12 559 0 0 2 0 0 0 0 14 0 0 0 0 0 0 0 7 0 0 4 0 0 1221 0 1712 0 10 0 0 0 1047 0 689 0 6 0 0 0 0 0 0 2 0 0 0 0 0 2 0 0 0 609 0 0 0 5 0 0 0 4 0 4 0 0 0 0 0 0 0 0 0 0 0 0 0 0 0 0 0 0 0 0 0 0 0 
0 7 0 0 15 1724 0 0 12 0 11 0 0 0 0 0 31 0 0 35 0 0 4160 0 3509 1284 0 0 4222 0 5 238477 0 0 0 3408 13 0 0 0 0 0 0 13 744 0 0 3 0 0 0 0 19 0 0 0 0 0 0 0 9 0 0 20 0 0 2216 0 1817 0 24 0 0 0 1574 0 708 0 13 0 0 0 0 0 0 7 0 0 0 0 0 3 0 0 0 980 0 0 0 6 0 0 0 9 0 8 0 0 0 0 0 0 0 0 0 1 0 0 0 0 0 0 0 0 0 2 0 0 0 
0 5 0 0 23 723 0 0 6 0 5 0 0 0 0 0 68 0 0 37 0 0 1268 0 1942 3631 0 0 2580 0 1 85731 0 0 0 2348 28 0 0 0 0 0 0 9 135 0 0 6 0 0 0 0 10 0 0 0 0 0 0 0 16 0 0 7 0 0 1129 0 886 0 11 0 0 0 433 0 669 0 11 0 0 0 0 0 0 2 0 0 0 0 0 1 0 0 0 65 0 0 0 7 0 0 0 3 0 2 0 0 0 0 0 0 0 0 0 8 0 0 0 0 0 0 0 0 0 0 0 0 0 
0 3 0 0 10 738 0 0 2 0 2 0 0 0 0 0 22 0 0 12 0 0 717 0 1891 1533 0 0 1807 0 0 99292 0 0 0 1724 5 0 0 0 0 0 0 0 79 0 0 1 0 0 0 0 13 0 0 0 0 0 0 0 8 0 0 2 0 0 420 0 836 0 5 0 0 0 420 0 615 0 5 0 0 0 0 0 0 0 0 0 0 0 0 0 0 0 0 180 0 0 0 1 0 0 0 1 0 0 0 0 0 0 0 0 0 0 0 0 0 0 0 0 0 0 0 0 0 0 0 0 0 
0 4 0 0 10 1090 0 0 3 0 3 0 0 0 0 0 26 0 0 9 0 0 1076 0 2476 1364 0 0 3169 0 0 154514 0 0 0 2043 4 0 0 0 0 0 0 4 309 0 0 3 0 0 0 0 12 0 0 0 0 0 0 0 10 0 0 2 0 0 676 0 1506 0 8 0 0 0 411 0 850 0 3 0 0 0 0 0 0 1 0 0 0 0 0 1 0 0 0 242 0 0 0 0 0 0 0 3 0 0 0 0 0 0 0 0 0 0 0 0 0 0 0 0 0 0 0 0 0 0 0 0 0 
0 3 0 0 13 313 0 0 2 0 1 0 0 0 0 0 31 0 0 12 0 0 309 0 753 2626 0 0 1626 0 0 36824 0 0 0 858 12 0 0 0 0 0 0 2 7 0 0 3 0 0 0 0 7 0 0 0 0 0 0 0 14 0 0 1 0 0 266 0 504 0 3 0 0 0 24 0 382 0 2 0 0 0 0 0 0 0 0 0 0 0 0 0 0 0 0 5 0 0 0 1 0 0 0 0 0 0 0 0 0 0 0 0 0 0 0 1 0 0 0 0 0 0 0 0 0 0 0 0 0 
0 8 0 0 33 1027 0 0 15 0 16 0 0 0 0 0 98 0 0 79 0 0 2822 0 2496 5484 0 0 3324 0 8 108580 0 0 0 3356 35 0 0 0 0 0 0 16 242 0 0 14 0 0 0 0 12 0 0 0 0 0 0 0 23 0 0 29 0 0 2949 0 1028 0 48 0 0 0 996 0 868 0 40 0 0 0 0 0 0 14 0 0 0 0 0 6 0 0 0 337 0 0 0 13 0 0 0 6 0 11 0 0 0 0 0 0 0 0 0 13 0 0 0 0 0 0 0 0 0 7 0 0 0 
0 6 0 0 28 857 0 0 7 0 10 0 0 0 0 0 71 0 0 41 0 0 1340 0 1850 4993 0 0 3166 0 2 88271 0 0 0 2683 35 0 0 0 0 0 0 10 135 0 0 8 0 0 0 0 11 0 0 0 0 0 0 0 23 0 0 6 0 0 1648 0 1199 0 22 0 0 0 1292 0 878 0 26 0 0 0 0 0 0 6 0 0 0 0 0 3 0 0 0 308 0 0 0 11 0 0 0 11 0 8 0 0 0 0 0 0 0 0 0 13 0 0 1 0 0 0 0 0 0 3 0 0 0 
0 6 0 0 18 1315 0 0 9 0 7 0 0 0 0 0 57 0 0 44 0 0 3002 0 2815 2988 0 0 3134 0 3 154056 0 0 0 2808 10 0 0 0 0 0 0 5 499 0 0 3 0 0 0 0 20 0 0 0 0 0 0 0 16 0 0 12 0 0 1249 0 1195 0 9 0 0 0 1144 0 1103 0 13 0 0 0 0 0 0 3 0 0 0 0 0 3 0 0 0 387 0 0 0 5 0 0 0 3 0 3 0 0 0 0 0 0 0 0 0 6 0 0 0 0 0 0 0 0 0 0 0 0 0 
0 5 0 0 16 1216 0 0 4 0 7 0 0 0 0 0 46 0 0 19 0 0 1498 0 2864 2298 0 0 2870 0 0 152674 0 0 0 2733 9 0 0 0 0 0 0 4 283 0 0 1 0 0 0 0 17 0 0 0 0 0 0 0 13 0 0 5 0 0 1328 0 1181 0 12 0 0 0 1214 0 1057 0 15 0 0 0 0 0 0 2 0 0 0 0 0 2 0 0 0 422 0 0 0 6 0 0 0 5 0 2 0 0 0 0 0 0 0 0 0 5 0 0 0 0 0 0 0 0 0 2 0 0 0 
0 8 0 0 21 1824 0 0 16 0 14 0 0 0 0 0 54 0 0 53 0 0 5410 0 3209 2710 0 0 4263 0 12 238339 0 0 0 3807 20 0 0 0 0 0 0 15 881 0 0 12 0 0 0 0 20 0 0 0 0 0 0 0 10 0 0 24 0 0 2299 0 1790 0 24 0 0 0 2147 0 1168 0 23 0 0 0 0 0 0 6 0 0 0 0 0 2 0 0 0 992 0 0 0 6 0 0 0 9 0 13 0 0 0 0 0 0 0 0 0 5 0 0 3 0 0 0 0 0 0 9 0 0 0 
0 7 0 0 21 1323 0 0 15 0 8 0 0 0 0 0 50 0 0 58 0 0 4329 0 2744 3524 0 0 4084 0 12 181993 0 0 0 2582 14 0 0 0 0 0 0 21 491 0 0 11 0 0 0 0 22 0 0 0 0 0 0 0 18 0 0 23 0 0 1752 0 1577 0 17 0 0 0 993 0 904 0 10 0 0 0 0 0 0 3 0 0 0 0 0 3 0 0 0 413 0 0 0 5 0 0 0 3 0 3 0 0 0 0 0 0 0 0 0 2 0 0 0 0 0 0 0 0 0 2 0 0 0 
0 8 0 0 34 1081 0 0 14 0 15 0 0 0 0 0 67 0 0 74 0 0 2725 0 2308 6473 0 0 3607 0 6 115999 0 0 0 3537 43 0 0 0 0 0 0 17 299 0 0 18 0 0 0 0 20 0 0 0 0 0 0 0 28 0 0 23 0 0 3124 0 1110 0 47 0 0 0 955 0 1341 0 30 0 0 0 0 0 0 12 0 0 0 0 0 9 0 0 0 239 0 0 0 17 0 0 0 7 0 4 0 0 0 0 0 0 0 0 0 16 0 0 2 0 0 0 0 0 0 6 0 0 0 
0 6 0 0 26 986 0 0 9 0 7 0 0 0 0 0 67 0 0 53 0 0 2182 0 2463 3595 0 0 3153 0 3 136627 0 0 0 2980 29 0 0 0 0 0 0 13 254 0 0 8 0 0 0 0 15 0 0 0 0 0 0 0 21 0 0 11 0 0 1857 0 1207 0 20 0 0 0 540 0 706 0 20 0 0 0 0 0 0 5 0 0 0 0 0 2 0 0 0 210 0 0 0 9 0 0 0 2 0 3 0 0 0 0 0 0 0 0 0 3 0 0 0 0 0 0 0 0 0 0 0 0 0 
0 6 0 0 26 1201 0 0 6 0 10 0 0 0 0 0 46 0 0 27 0 0 1866 0 2693 4208 0 0 3713 0 0 137804 0 0 0 3698 29 0 0 0 0 0 0 15 294 0 0 7 0 0 0 0 17 0 0 0 0 0 0 0 21 0 0 8 0 0 1989 0 1276 0 20 0 0 0 1194 0 1117 0 24 0 0 0 0 0 0 2 0 0 0 0 0 4 0 0 0 405 0 0 0 11 0 0 0 7 0 6 0 0 0 0 0 0 0 0 0 13 0 0 0 0 0 0 0 0 0 4 0 0 0 
0 3 0 0 15 646 0 0 2 0 1 0 0 0 0 0 34 0 0 14 0 0 618 0 1437 2257 0 0 2159 0 0 93755 0 0 0 2601 25 0 0 0 0 0 0 3 30 0 0 2 0 0 0 0 14 0 0 0 0 0 0 0 14 0 0 1 0 0 210 0 922 0 3 0 0 0 143 0 747 0 0 0 0 0 0 0 0 0 0 0 0 0 0 0 0 0 0 127 0 0 0 2 0 0 0 4 0 0 0 0 0 0 0 0 0 0 0 1 0 0 0 0 0 0 0 0 0 0 0 0 0 
0 9 0 0 25 2306 0 0 22 0 15 0 0 0 0 0 47 0 0 73 0 0 7633 0 3302 1783 0 0 4964 0 16 329132 0 0 0 5788 33 0 0 0 0 0 0 43 1645 0 0 7 0 0 0 0 18 0 0 0 0 0 0 0 7 0 0 45 0 0 3186 0 2341 0 31 0 0 0 2327 0 941 0 16 0 0 0 0 0 0 5 0 0 0 0 0 7 0 0 0 1285 0 0 0 13 0 0 0 16 0 12 0 0 0 0 0 0 0 0 0 7 0 0 1 0 0 0 0 0 0 5 0 0 0 
0 4 0 0 19 502 0 0 2 0 5 0 0 0 0 0 54 0 0 12 0 0 368 0 1356 3658 0 0 1628 0 0 45398 0 0 0 1667 22 0 0 0 0 0 0 2 66 0 0 3 0 0 0 0 13 0 0 0 0 0 0 0 24 0 0 0 0 0 714 0 524 0 17 0 0 0 338 0 537 0 15 0 0 0 0 0 0 1 0 0 0 0 0 2 0 0 0 57 0 0 0 2 0 0 0 0 0 3 0 0 0 0 0 0 0 0 0 6 0 0 0 0 0 0 0 0 0 0 0 0 0 
0 8 0 0 34 1672 0 0 22 0 6 0 0 0 0 0 55 0 0 106 0 0 6631 0 2935 3983 0 0 5019 0 27 201725 0 0 0 6056 52 0 0 0 0 0 0 57 1008 0 0 16 0 0 0 0 24 0 0 0 0 0 0 0 16 0 0 22 0 0 1251 0 1852 0 19 0 0 0 856 0 1471 0 9 0 0 0 0 0 0 2 0 0 0 0 0 2 0 0 0 449 0 0 0 10 0 0 0 11 0 3 0 0 0 0 0 0 0 0 0 4 0 0 0 0 0 0 0 0 0 0 0 0 0 
0 8 0 0 26 1817 0 0 18 0 11 0 0 0 0 0 63 0 0 75 0 0 5688 0 3564 2389 0 0 4449 0 15 227407 0 0 0 5280 32 0 0 0 0 0 0 38 957 0 0 5 0 0 0 0 17 0 0 0 0 0 0 0 9 0 0 28 0 0 1901 0 1577 0 27 0 0 0 1722 0 981 0 18 0 0 0 0 0 0 3 0 0 0 0 0 5 0 0 0 962 0 0 0 10 0 0 0 13 0 6 0 0 0 0 0 0 0 0 0 3 0 0 2 0 0 0 0 0 0 3 0 0 0 
0 7 0 0 18 1254 0 0 14 0 9 0 0 0 0 0 60 0 0 60 0 0 3758 0 2966 3054 0 0 3281 0 10 140277 0 0 0 1947 8 0 0 0 0 0 0 9 454 0 0 3 0 0 0 0 13 0 0 0 0 0 0 0 9 0 0 20 0 0 1808 0 1073 0 9 0 0 0 1148 0 928 0 13 0 0 0 0 0 0 4 0 0 0 0 0 2 0 0 0 435 0 0 0 5 0 0 0 4 0 6 0 0 0 0 0 0 0 0 0 8 0 0 1 0 0 0 0 0 0 3 0 0 0 
0 1 0 0 4 273 0 0 0 0 0 0 0 0 0 0 8 0 0 0 0 0 0 0 637 705 0 0 1190 0 0 36632 0 0 0 731 2 0 0 0 0 0 0 0 0 0 0 0 0 0 0 0 7 0 0 0 0 0 0 0 5 0 0 0 0 0 0 0 496 0 0 0 0 0 0 0 354 0 0 0 0 0 0 0 0 0 0 0 0 0 0 0 0 0 0 0 0 0 0 0 0 0 0 0 0 0 0 0 0 0 0 0 0 0 0 0 0 0 0 0 0 0 0 0 0 0 0 0 0 
0 4 0 0 18 851 0 0 4 0 2 0 0 0 0 0 44 0 0 17 0 0 1310 0 1858 2515 0 0 3866 0 1 94002 0 0 0 2920 25 0 0 0 0 0 0 16 232 0 0 5 0 0 0 0 23 0 0 0 0 0 0 0 15 0 0 2 0 0 329 0 1329 0 6 0 0 0 222 0 943 0 6 0 0 0 0 0 0 0 0 0 0 0 0 0 0 0 0 110 0 0 0 1 0 0 0 3 0 1 0 0 0 0 0 0 0 0 0 0 0 0 0 0 0 0 0 0 0 0 0 0 0 
0 8 0 0 18 1728 0 0 17 0 13 0 0 0 0 0 52 0 0 57 0 0 5253 0 3452 2116 0 0 4018 0 11 228399 0 0 0 2712 11 0 0 0 0 0 0 13 785 0 0 5 0 0 0 0 12 0 0 0 0 0 0 0 8 0 0 31 0 0 2994 0 1641 0 21 0 0 0 1632 0 940 0 12 0 0 0 0 0 0 11 0 0 0 0 0 5 0 0 0 801 0 0 0 10 0 0 0 10 0 6 0 0 0 0 0 0 0 0 0 4 0 0 0 0 0 0 0 0 0 5 0 0 0 
0 8 0 0 28 1929 0 0 18 0 12 0 0 0 0 0 38 0 0 70 0 0 6216 0 3159 3126 0 0 4612 0 12 261595 0 0 0 5127 36 0 0 0 0 0 0 43 1164 0 0 12 0 0 0 0 26 0 0 0 0 0 0 0 14 0 0 37 0 0 2391 0 2099 0 30 0 0 0 1941 0 1096 0 19 0 0 0 0 0 0 3 0 0 0 0 0 3 0 0 0 849 0 0 0 12 0 0 0 5 0 9 0 0 0 0 0 0 0 0 0 6 0 0 1 0 0 0 0 0 0 3 0 0 0 
0 9 0 0 21 1810 0 0 22 0 16 0 0 0 0 0 60 0 0 86 0 0 6771 0 3461 2565 0 0 3331 0 17 242397 0 0 0 3989 18 0 0 0 0 0 0 13 781 0 0 8 0 0 0 0 17 0 0 0 0 0 0 0 14 0 0 47 0 0 3436 0 1417 0 27 0 0 0 1742 0 1009 0 20 0 0 0 0 0 0 9 0 0 0 0 0 5 0 0 0 966 0 0 0 7 0 0 0 6 0 9 0 0 0 0 0 0 0 0 0 1 0 0 3 0 0 0 0 0 0 9 0 0 0 
0 3 0 0 9 600 0 0 2 0 1 0 0 0 0 0 32 0 0 8 0 0 616 0 1501 1504 0 0 1919 0 0 88920 0 0 0 1327 4 0 0 0 0 0 0 2 89 0 0 1 0 0 0 0 9 0 0 0 0 0 0 0 7 0 0 1 0 0 364 0 905 0 3 0 0 0 19 0 466 0 1 0 0 0 0 0 0 0 0 0 0 0 0 0 0 0 0 10 0 0 0 2 0 0 0 0 0 0 0 0 0 0 0 0 0 0 0 0 0 0 0 0 0 0 0 0 0 0 0 0 0 
0 5 0 0 19 734 0 0 5 0 6 0 0 0 0 0 52 0 0 25 0 0 875 0 2089 2943 0 0 1837 0 1 101641 0 0 0 1810 21 0 0 0 0 0 0 1 139 0 0 7 0 0 0 0 6 0 0 0 0 0 0 0 10 0 0 3 0 0 1019 0 845 0 14 0 0 0 935 0 528 0 11 0 0 0 0 0 0 4 0 0 0 0 0 1 0 0 0 103 0 0 0 7 0 0 0 3 0 4 0 0 0 0 0 0 0 0 0 5 0 0 0 0 0 0 0 0 0 0 0 0 0 
0 7 0 0 26 861 0 0 10 0 13 0 0 0 0 0 64 0 0 52 0 0 1774 0 2365 4941 0 0 2415 0 4 85843 0 0 0 2684 29 0 0 0 0 0 0 9 128 0 0 8 0 0 0 0 15 0 0 0 0 0 0 0 26 0 0 11 0 0 2055 0 700 0 38 0 0 0 1120 0 749 0 29 0 0 0 0 0 0 7 0 0 0 0 0 7 0 0 0 258 0 0 0 11 0 0 0 4 0 12 0 0 0 0 0 0 0 0 0 8 0 0 1 0 0 0 0 0 0 3 0 0 0 
0 6 0 0 31 614 0 0 9 0 6 0 0 0 0 0 109 0 0 67 0 0 1202 0 1781 5949 0 0 1070 0 4 60006 0 0 0 2447 45 0 0 0 0 0 0 3 38 0 0 12 0 0 0 0 3 0 0 0 0 0 0 0 33 0 0 9 0 0 1011 0 348 0 20 0 0 0 576 0 357 0 24 0 0 0 0 0 0 2 0 0 0 0 0 0 0 0 0 97 0 0 0 7 0 0 0 2 0 4 0 0 0 0 0 0 0 0 0 4 0 0 0 0 0 0 0 0 0 1 0 0 0 
0 6 0 0 22 1202 0 0 11 0 4 0 0 0 0 0 57 0 0 50 0 0 3435 0 2393 3265 0 0 2789 0 6 166133 0 0 0 3745 23 0 0 0 0 0 0 15 446 0 0 11 0 0 0 0 23 0 0 0 0 0 0 0 15 0 0 12 0 0 969 0 1487 0 12 0 0 0 410 0 1132 0 9 0 0 0 0 0 0 1 0 0 0 0 0 1 0 0 0 143 0 0 0 4 0 0 0 1 0 0 0 0 0 0 0 0 0 0 0 1 0 0 0 0 0 0 0 0 0 0 0 0 0 
0 5 0 0 26 307 0 0 8 0 2 0 0 0 0 0 80 0 0 63 0 0 770 0 1054 5958 0 0 1329 0 5 14276 0 0 0 922 36 0 0 0 0 0 0 5 35 0 0 12 0 0 0 0 7 0 0 0 0 0 0 0 36 0 0 4 0 0 286 0 106 0 4 0 0 0 82 0 403 0 5 0 0 0 0 0 0 1 0 0 0 0 0 0 0 0 0 8 0 0 0 0 0 0 0 0 0 0 0 0 0 0 0 0 0 0 0 2 0 0 0 0 0 0 0 0 0 0 0 0 0 
0 3 0 0 16 183 0 0 3 0 0 0 0 0 0 0 46 0 0 23 0 0 353 0 414 3354 0 0 694 0 1 6344 0 0 0 974 35 0 0 0 0 0 0 1 6 0 0 4 0 0 0 0 3 0 0 0 0 0 0 0 20 0 0 0 0 0 0 0 35 0 0 0 0 0 0 0 152 0 0 0 0 0 0 0 0 0 0 0 0 0 0 0 0 0 0 0 0 0 0 0 0 0 0 0 0 0 0 0 0 0 0 0 0 0 0 0 0 0 0 0 0 0 0 0 0 0 0 0 0 
0 9 0 0 27 1933 0 0 25 0 13 0 0 0 0 0 47 0 0 83 0 0 7390 0 3179 3639 0 0 4397 0 27 261309 0 0 0 4713 31 0 0 0 0 0 0 41 1224 0 0 13 0 0 0 0 20 0 0 0 0 0 0 0 11 0 0 45 0 0 2055 0 1905 0 24 0 0 0 2382 0 941 0 24 0 0 0 0 0 0 6 0 0 0 0 0 5 0 0 0 1064 0 0 0 12 0 0 0 13 0 13 0 0 0 0 0 0 0 0 0 6 0 0 0 0 0 0 0 0 0 2 0 0 0 
0 3 0 0 12 302 0 0 3 0 0 0 0 0 0 0 34 0 0 16 0 0 567 0 954 2941 0 0 1610 0 1 27484 0 0 0 822 9 0 0 0 0 0 0 3 17 0 0 3 0 0 0 0 6 0 0 0 0 0 0 0 10 0 0 0 0 0 0 0 348 0 0 0 0 0 0 0 379 0 0 0 0 0 0 0 0 0 0 0 0 0 0 0 0 0 0 0 0 0 0 0 0 0 0 0 0 0 0 0 0 0 0 0 0 0 0 0 0 0 0 0 0 0 0 0 0 0 0 0 0 
0 4 0 0 25 198 0 0 5 0 1 0 0 0 0 0 79 0 0 30 0 0 421 0 411 5964 0 0 878 0 2 5788 0 0 0 1199 47 0 0 0 0 0 0 6 19 0 0 14 0 0 0 0 3 0 0 0 0 0 0 0 31 0 0 2 0 0 38 0 46 0 1 0 0 0 86 0 189 0 6 0 0 0 0 0 0 0 0 0 0 0 0 0 0 0 0 2 0 0 0 1 0 0 0 0 0 0 0 0 0 0 0 0 0 0 0 3 0 0 0 0 0 0 0 0 0 0 0 0 0 
0 5 0 0 27 560 0 0 9 0 1 0 0 0 0 0 58 0 0 52 0 0 1736 0 1273 5563 0 0 2884 0 7 48516 0 0 0 2148 38 0 0 0 0 0 0 18 126 0 0 15 0 0 0 0 17 0 0 0 0 0 0 0 28 0 0 3 0 0 194 0 769 0 5 0 0 0 37 0 852 0 3 0 0 0 0 0 0 0 0 0 0 0 0 0 0 0 0 3 0 0 0 2 0 0 0 0 0 0 0 0 0 0 0 0 0 0 0 2 0 0 0 0 0 0 0 0 0 0 0 0 0 
0 12 0 0 28 2363 0 0 42 0 28 0 0 0 0 0 44 0 0 122 0 0 11696 0 3431 3216 0 0 4745 0 57 315790 0 0 0 4639 22 0 0 0 0 0 0 49 1827 0 0 16 0 0 0 0 18 0 0 0 0 0 0 0 8 0 0 112 0 0 5113 0 1958 0 49 0 0 0 4012 0 836 0 43 0 0 0 0 0 0 22 0 0 0 0 0 17 0 0 0 1550 0 0 0 13 0 0 0 16 0 40 0 0 0 0 0 0 0 0 0 8 0 0 2 0 0 0 0 0 0 11 0 0 0 
80 6 782 365 19 1103 3083 275 9 4 8 77 110 1758 2114 894 37 1628 727 35 676 53403 2322 15482 2199 2666 61974 45383 3258 283 5 120457 76904 80929 10965 2883 23 450 2941 6 467 261 162 14 271 2744 286 4 151 511 731 163 16 7 13 6 14 245 560 350 8 155 205 10 169 24042 1246 4515 1144 261 18 210 671 15424 1062 6104 803 276 13 224 624 2 2 3 1 1 110 12 0 4 0 4 71 35 1166 540 696 126 171 7 24 70 331 7 51 5 80 65 49 1 3 2 3 98 55 4 106 28 1 1 0 1 3 2 1 3 17 45 9 
0 6 0 0 24 1096 0 0 8 0 8 0 0 0 0 0 55 0 0 35 0 0 1932 0 2767 3975 0 0 2931 0 3 144208 0 0 0 3141 26 0 0 0 0 0 0 11 122 0 0 12 0 0 0 0 15 0 0 0 0 0 0 0 19 0 0 10 0 0 1283 0 1114 0 21 0 0 0 1434 0 871 0 24 0 0 0 0 0 0 1 0 0 0 0 0 3 0 0 0 460 0 0 0 8 0 0 0 9 0 5 0 0 0 0 0 0 0 0 0 2 0 0 0 0 0 0 0 0 0 2 0 0 0 
0 7 0 0 19 1539 0 0 13 0 8 0 0 0 0 0 46 0 0 39 0 0 3925 0 3240 2342 0 0 3572 0 8 219204 0 0 0 3493 14 0 0 0 0 0 0 17 788 0 0 11 0 0 0 0 16 0 0 0 0 0 0 0 7 0 0 16 0 0 1940 0 1702 0 16 0 0 0 889 0 886 0 10 0 0 0 0 0 0 5 0 0 0 0 0 1 0 0 0 441 0 0 0 9 0 0 0 2 0 3 0 0 0 0 0 0 0 0 0 3 0 0 0 0 0 0 0 0 0 2 0 0 0 
0 3 0 0 11 589 0 0 2 0 1 0 0 0 0 0 24 0 0 10 0 0 658 0 1674 1781 0 0 2027 0 0 80117 0 0 0 1700 10 0 0 0 0 0 0 2 80 0 0 2 0 0 0 0 11 0 0 0 0 0 0 0 5 0 0 1 0 0 321 0 810 0 2 0 0 0 23 0 614 0 0 0 0 0 0 0 0 0 0 0 0 0 0 0 0 0 0 6 0 0 0 2 0 0 0 0 0 0 0 0 0 0 0 0 0 0 0 2 0 0 0 0 0 0 0 0 0 0 0 0 0 
0 7 0 0 15 1343 0 0 11 0 11 0 0 0 0 0 51 0 0 36 0 0 2997 0 3368 2377 0 0 3475 0 2 169724 0 0 0 2327 6 0 0 0 0 0 0 6 396 0 0 4 0 0 0 0 11 0 0 0 0 0 0 0 6 0 0 22 0 0 2526 0 1154 0 18 0 0 0 1022 0 771 0 14 0 0 0 0 0 0 5 0 0 0 0 0 2 0 0 0 612 0 0 0 6 0 0 0 3 0 3 0 0 0 0 0 0 0 0 0 4 0 0 1 0 0 0 0 0 0 5 0 0 0 
0 4 0 0 20 415 0 0 4 0 2 0 0 0 0 0 65 0 0 29 0 0 545 0 1409 3823 0 0 1344 0 1 48634 0 0 0 1498 24 0 0 0 0 0 0 2 19 0 0 5 0 0 0 0 5 0 0 0 0 0 0 0 22 0 0 2 0 0 317 0 429 0 7 0 0 0 310 0 276 0 9 0 0 0 0 0 0 0 0 0 0 0 0 0 0 0 0 16 0 0 0 1 0 0 0 0 0 1 0 0 0 0 0 0 0 0 0 1 0 0 0 0 0 0 0 0 0 0 0 0 0 
0 5 0 0 19 302 0 0 7 0 3 0 0 0 0 0 77 0 0 39 0 0 851 0 1078 3715 0 0 797 0 4 12031 0 0 0 1015 19 0 0 0 0 0 0 2 29 0 0 7 0 0 0 0 1 0 0 0 0 0 0 0 15 0 0 3 0 0 261 0 63 0 10 0 0 0 36 0 257 0 7 0 0 0 0 0 0 0 0 0 0 0 0 3 0 0 0 0 0 0 0 0 0 0 0 0 0 0 0 0 0 0 0 0 0 0 0 2 0 0 0 0 0 0 0 0 0 0 0 0 0 
0 4 0 0 20 483 0 0 4 0 2 0 0 0 0 0 60 0 0 26 0 0 818 0 1277 3842 0 0 1446 0 1 39408 0 0 0 1793 30 0 0 0 0 0 0 3 43 0 0 4 0 0 0 0 5 0 0 0 0 0 0 0 18 0 0 2 0 0 342 0 341 0 5 0 0 0 153 0 487 0 12 0 0 0 0 0 0 0 0 0 0 0 0 1 0 0 0 21 0 0 0 3 0 0 0 2 0 0 0 0 0 0 0 0 0 0 0 1 0 0 0 0 0 0 0 0 0 0 0 0 0 
308 5 877 1350 21 298 46877 1090 8 3 2 401 186 2065 3350 4084 32 1278 3026 41 2032 140342 789 233852 504 2634 74639 213854 286 1046 5 12004 4714887 50388 182433 898 20 1975 2708 22 299 1686 1430 1 25 48567 206 15 248 67 408 637 3 5 8 9 13 1094 202 387 24 755 415 4 891 16456 221 92325 47 452 2 1462 589 51520 101 45254 281 940 7 462 550 0 2 3 2 1 20 110 0 1 2 0 373 15 5731 15 14551 159 35 0 390 222 32 0 41 0 216 371 179 0 2 12 2 237 79 2 41 10 0 1 1 1 0 0 0 0 30 25 92 
0 6 0 0 33 613 0 0 10 0 5 0 0 0 0 0 106 0 0 79 0 0 1256 0 1789 6270 0 0 1411 0 7 59998 0 0 0 2456 51 0 0 0 0 0 0 6 36 0 0 17 0 0 0 0 6 0 0 0 0 0 0 0 37 0 0 7 0 0 975 0 360 0 17 0 0 0 561 0 375 0 23 0 0 0 0 0 0 2 0 0 0 0 0 0 0 0 0 94 0 0 0 7 0 0 0 2 0 3 0 0 0 0 0 0 0 0 0 0 0 0 0 0 0 0 0 0 0 1 0 0 0 
0 4 0 0 8 879 0 0 0 0 6 0 0 0 0 0 26 0 0 0 0 0 0 0 2666 953 0 0 2081 0 0 133721 0 0 0 1801 4 0 0 0 0 0 0 0 0 0 0 0 0 0 0 0 7 0 0 0 0 0 0 0 3 0 0 0 0 0 1593 0 943 0 13 0 0 0 380 0 472 0 4 0 0 0 0 0 0 0 0 0 0 0 0 0 0 0 0 331 0 0 0 4 0 0 0 2 0 0 0 0 0 0 0 0 0 0 0 1 0 0 0 0 0 0 0 0 0 4 0 0 0 
0 6 0 0 21 1023 0 0 10 0 5 0 0 0 0 0 77 0 0 50 0 0 2464 0 2658 2889 0 0 2176 0 6 134175 0 0 0 2837 22 0 0 0 0 0 0 16 384 0 0 6 0 0 0 0 8 0 0 0 0 0 0 0 14 0 0 9 0 0 1171 0 1096 0 11 0 0 0 450 0 729 0 7 0 0 0 0 0 0 2 0 0 0 0 0 0 0 0 0 122 0 0 0 5 0 0 0 0 0 2 0 0 0 0 0 0 0 0 0 2 0 0 0 0 0 0 0 0 0 1 0 0 0 
0 5 0 0 24 778 0 0 8 0 2 0 0 0 0 0 70 0 0 53 0 0 2185 0 2191 3469 0 0 2303 0 5 104622 0 0 0 2815 31 0 0 0 0 0 0 10 243 0 0 7 0 0 0 0 11 0 0 0 0 0 0 0 22 0 0 4 0 0 316 0 922 0 9 0 0 0 98 0 595 0 7 0 0 0 0 0 0 0 0 0 0 0 0 0 0 0 0 8 0 0 0 1 0 0 0 1 0 1 0 0 0 0 0 0 0 0 0 2 0 0 0 0 0 0 0 0 0 0 0 0 0 
0 2 0 0 14 71 0 0 1 0 0 0 0 0 0 0 48 0 0 6 0 0 64 0 250 2925 0 0 719 0 0 1424 0 0 0 392 27 0 0 0 0 0 0 1 3 0 0 4 0 0 0 0 3 0 0 0 0 0 0 0 18 0 0 0 0 0 0 0 41 0 0 0 0 0 0 0 70 0 0 0 0 0 0 0 0 0 0 0 0 0 0 0 0 0 0 0 0 0 0 0 0 0 0 0 0 0 0 0 0 0 0 0 0 0 0 0 0 0 0 0 0 0 0 0 0 0 0 0 0 
0 5 0 0 41 263 0 0 10 0 0 0 0 0 0 0 111 0 0 91 0 0 954 0 514 8323 0 0 1213 0 10 8107 0 0 0 1927 90 0 0 0 0 0 0 9 45 0 0 34 0 0 0 0 13 0 0 0 0 0 0 0 69 0 0 0 0 0 0 0 80 0 0 0 0 0 0 0 336 0 0 0 0 0 0 0 0 0 0 0 0 0 0 0 0 0 0 0 0 0 0 0 0 0 0 0 0 0 0 0 0 0 0 0 0 0 0 0 0 0 0 0 0 0 0 0 0 0 0 0 0 
0 3 0 0 20 83 0 0 3 0 0 0 0 0 0 0 67 0 0 24 0 0 145 0 271 4014 0 0 806 0 1 1488 0 0 0 457 37 0 0 0 0 0 0 1 10 0 0 8 0 0 0 0 3 0 0 0 0 0 0 0 24 0 0 0 0 0 0 0 43 0 0 0 0 0 0 0 77 0 0 0 0 0 0 0 0 0 0 0 0 0 0 0 0 0 0 0 0 0 0 0 0 0 0 0 0 0 0 0 0 0 0 0 0 0 0 0 0 0 0 0 0 0 0 0 0 0 0 0 0 
0 5 0 0 28 378 0 0 7 0 3 0 0 0 0 0 84 0 0 49 0 0 906 0 1006 6199 0 0 1054 0 3 23034 0 0 0 1824 40 0 0 0 0 0 0 4 37 0 0 11 0 0 0 0 7 0 0 0 0 0 0 0 41 0 0 5 0 0 443 0 182 0 12 0 0 0 76 0 541 0 11 0 0 0 0 0 0 1 0 0 0 0 0 1 0 0 0 4 0 0 0 2 0 0 0 0 0 0 0 0 0 0 0 0 0 0 0 6 0 0 0 0 0 0 0 0 0 0 0 0 0 
0 5 0 0 25 812 0 0 3 0 8 0 0 0 0 0 55 0 0 19 0 0 632 0 1984 4638 0 0 2778 0 0 95352 0 0 0 3055 46 0 0 0 0 0 0 5 9 0 0 5 0 0 0 0 19 0 0 0 0 0 0 0 25 0 0 3 0 0 1596 0 850 0 21 0 0 0 621 0 814 0 18 0 0 0 0 0 0 2 0 0 0 0 0 0 0 0 0 376 0 0 0 11 0 0 0 7 0 2 0 0 0 0 0 0 0 0 0 9 0 0 0 0 0 0 0 0 0 6 0 0 0 
0 7 0 0 29 1278 0 0 14 0 7 0 0 0 0 0 79 0 0 65 0 0 3834 0 2477 4491 0 0 3253 0 10 168618 0 0 0 3895 41 0 0 0 0 0 0 24 527 0 0 15 0 0 0 0 23 0 0 0 0 0 0 0 27 0 0 16 0 0 2001 0 1558 0 15 0 0 0 404 0 1103 0 13 0 0 0 0 0 0 3 0 0 0 0 0 5 0 0 0 170 0 0 0 12 0 0 0 4 0 0 0 0 0 0 0 0 0 0 0 8 0 0 0 0 0 0 0 0 0 1 0 0 0 
0 5 0 0 30 641 0 0 9 0 1 0 0 0 0 0 68 0 0 64 0 0 2076 0 1577 5489 0 0 2110 0 7 74815 0 0 0 2716 46 0 0 0 0 0 0 20 130 0 0 13 0 0 0 0 13 0 0 0 0 0 0 0 38 0 0 3 0 0 191 0 684 0 5 0 0 0 19 0 800 0 3 0 0 0 0 0 0 0 0 0 0 0 0 0 0 0 0 1 0 0 0 1 0 0 0 0 0 0 0 0 0 0 0 0 0 0 0 3 0 0 0 0 0 0 0 0 0 0 0 0 0 
0 3 0 0 15 343 0 0 1 0 2 0 0 0 0 0 46 0 0 6 0 0 206 0 1064 3140 0 0 1100 0 0 26750 0 0 0 971 19 0 0 0 0 0 0 2 2 0 0 1 0 0 0 0 3 0 0 0 0 0 0 0 22 0 0 0 0 0 302 0 292 0 6 0 0 0 132 0 337 0 9 0 0 0 0 0 0 0 0 0 0 0 0 0 0 0 0 19 0 0 0 2 0 0 0 0 0 1 0 0 0 0 0 0 0 0 0 2 0 0 0 0 0 0 0 0 0 0 0 0 0 
0 3 0 0 14 498 0 0 2 0 1 0 0 0 0 0 41 0 0 12 0 0 507 0 1626 2648 0 0 1182 0 0 64707 0 0 0 1319 20 0 0 0 0 0 0 3 4 0 0 4 0 0 0 0 6 0 0 0 0 0 0 0 17 0 0 1 0 0 247 0 465 0 2 0 0 0 67 0 447 0 1 0 0 0 0 0 0 0 0 0 0 0 0 0 0 0 0 82 0 0 0 0 0 0 0 1 0 0 0 0 0 0 0 0 0 0 0 1 0 0 0 0 0 0 0 0 0 0 0 0 0 
0 5 0 0 29 254 0 0 7 0 3 0 0 0 0 0 114 0 0 59 0 0 576 0 730 6058 0 0 688 0 3 8683 0 0 0 1192 48 0 0 0 0 0 0 2 14 0 0 11 0 0 0 0 4 0 0 0 0 0 0 0 35 0 0 5 0 0 138 0 48 0 10 0 0 0 255 0 199 0 14 0 0 0 0 0 0 0 0 0 0 0 0 1 0 0 0 7 0 0 0 2 0 0 0 1 0 1 0 0 0 0 0 0 0 0 0 4 0 0 0 0 0 0 0 0 0 0 0 0 0 
0 6 0 0 32 1033 0 0 7 0 8 0 0 0 0 0 71 0 0 45 0 0 1711 0 1994 5265 0 0 3216 0 3 147531 0 0 0 3891 53 0 0 0 0 0 0 12 192 0 0 9 0 0 0 0 20 0 0 0 0 0 0 0 27 0 0 5 0 0 1940 0 1458 0 20 0 0 0 590 0 1088 0 19 0 0 0 0 0 0 5 0 0 0 0 0 1 0 0 0 257 0 0 0 15 0 0 0 8 0 3 0 0 0 0 0 0 0 0 0 15 0 0 0 0 0 0 0 0 0 3 0 0 0 
0 5 0 0 25 594 0 0 4 0 7 0 0 0 0 0 88 0 0 29 0 0 700 0 1890 3902 0 0 1269 0 0 60377 0 0 0 2446 34 0 0 0 0 0 0 4 59 0 0 4 0 0 0 0 5 0 0 0 0 0 0 0 25 0 0 5 0 0 1053 0 415 0 29 0 0 0 475 0 419 0 20 0 0 0 0 0 0 2 0 0 0 0 0 2 0 0 0 82 0 0 0 2 0 0 0 0 0 2 0 0 0 0 0 0 0 0 0 8 0 0 0 0 0 0 0 0 0 2 0 0 0 
247 7 1261 1477 27 487 29821 715 17 12 4 561 237 2592 4867 4342 39 1872 2592 78 1365 96673 1784 128031 687 3135 94228 210842 1193 682 19 22454 2368560 105403 157241 1448 30 3145 2534 26 477 1495 827 15 190 22088 405 21 602 510 1898 1694 4 20 21 30 12 1659 1029 669 12 970 385 12 331 23879 504 88264 254 574 8 2083 1032 94610 136 40906 380 993 5 895 713 1 6 16 10 3 96 309 9 1 6 1 357 97 8021 53 23360 242 159 5 635 895 234 0 240 0 178 415 254 9 14 10 4 472 383 9 44 88 0 2 1 5 3 1 2 0 106 18 231 
0 3 0 0 15 753 0 0 1 0 2 0 0 0 0 0 46 0 0 9 0 0 318 0 1954 1642 0 0 2142 0 0 107862 0 0 0 2715 27 0 0 0 0 0 0 3 28 0 0 1 0 0 0 0 14 0 0 0 0 0 0 0 11 0 0 0 0 0 457 0 1178 0 6 0 0 0 348 0 527 0 3 0 0 0 0 0 0 0 0 0 0 0 0 0 0 0 0 159 0 0 0 5 0 0 0 1 0 1 0 0 0 0 0 0 0 0 0 2 0 0 0 0 0 0 0 0 0 0 0 0 0 
0 2 0 0 9 458 0 0 1 0 0 0 0 0 0 0 28 0 0 5 0 0 306 0 1291 960 0 0 1891 0 0 51731 0 0 0 1716 18 0 0 0 0 0 0 4 75 0 0 0 0 0 0 0 14 0 0 0 0 0 0 0 4 0 0 0 0 0 0 0 772 0 0 0 0 0 0 0 414 0 0 0 0 0 0 0 0 0 0 0 0 0 0 0 0 0 0 0 0 0 0 0 0 0 0 0 0 0 0 0 0 0 0 0 0 0 0 0 0 0 0 0 0 0 0 0 0 0 0 0 0 
0 4 0 0 12 1062 0 0 3 0 4 0 0 0 0 0 39 0 0 9 0 0 982 0 2648 1185 0 0 3043 0 0 147495 0 0 0 2582 14 0 0 0 0 0 0 4 260 0 0 2 0 0 0 0 15 0 0 0 0 0 0 0 5 0 0 3 0 0 639 0 1357 0 12 0 0 0 606 0 521 0 9 0 0 0 0 0 0 1 0 0 0 0 0 0 0 0 0 452 0 0 0 3 0 0 0 4 0 2 0 0 0 0 0 0 0 0 0 1 0 0 0 0 0 0 0 0 0 0 0 0 0 
0 5 0 0 25 634 0 0 7 0 4 0 0 0 0 0 57 0 0 35 0 0 1193 0 1591 4877 0 0 2438 0 4 56658 0 0 0 1990 37 0 0 0 0 0 0 10 212 0 0 12 0 0 0 0 8 0 0 0 0 0 0 0 29 0 0 4 0 0 364 0 806 0 16 0 0 0 721 0 557 0 14 0 0 0 0 0 0 0 0 0 0 0 0 3 0 0 0 57 0 0 0 1 0 0 0 7 0 2 0 0 0 0 0 0 0 0 0 2 0 0 0 0 0 0 0 0 0 0 0 0 0 
0 5 0 0 19 1229 0 0 7 0 3 0 0 0 0 0 46 0 0 38 0 0 2486 0 2854 1909 0 0 3381 0 3 160789 0 0 0 4053 29 0 0 0 0 0 0 13 540 0 0 3 0 0 0 0 23 0 0 0 0 0 0 0 6 0 0 5 0 0 593 0 1523 0 12 0 0 0 414 0 874 0 4 0 0 0 0 0 0 0 0 0 0 0 0 1 0 0 0 166 0 0 0 4 0 0 0 1 0 1 0 0 0 0 0 0 0 0 0 0 0 0 0 0 0 0 0 0 0 0 0 0 0 
0 7 0 0 23 1757 0 0 13 0 10 0 0 0 0 0 48 0 0 51 0 0 4510 0 3253 2302 0 0 4419 0 6 243233 0 0 0 4734 29 0 0 0 0 0 0 26 1025 0 0 6 0 0 0 0 20 0 0 0 0 0 0 0 8 0 0 23 0 0 1776 0 1884 0 27 0 0 0 1490 0 871 0 16 0 0 0 0 0 0 4 0 0 0 0 0 3 0 0 0 837 0 0 0 8 0 0 0 7 0 7 0 0 0 0 0 0 0 0 0 4 0 0 1 0 0 0 0 0 0 1 0 0 0 
0 4 0 0 16 1024 0 0 3 0 4 0 0 0 0 0 45 0 0 11 0 0 946 0 2401 1764 0 0 2775 0 0 134202 0 0 0 3488 24 0 0 0 0 0 0 7 249 0 0 1 0 0 0 0 19 0 0 0 0 0 0 0 5 0 0 4 0 0 534 0 1210 0 10 0 0 0 737 0 763 0 15 0 0 0 0 0 0 0 0 0 0 0 0 0 0 0 0 409 0 0 0 4 0 0 0 7 0 0 0 0 0 0 0 0 0 0 0 2 0 0 0 0 0 0 0 0 0 2 0 0 0 
0 8 0 0 45 759 0 0 19 0 11 0 0 0 0 0 108 0 0 152 0 0 2367 0 1555 8367 0 0 2927 0 22 57507 0 0 0 2998 76 0 0 0 0 0 0 23 155 0 0 28 0 0 0 0 12 0 0 0 0 0 0 0 47 0 0 18 0 0 1481 0 891 0 39 0 0 0 1480 0 798 0 30 0 0 0 0 0 0 9 0 0 0 0 0 8 0 0 0 188 0 0 0 9 0 0 0 8 0 8 0 0 0 0 0 0 0 0 0 11 0 0 2 0 0 0 0 0 0 2 0 0 0 
0 5 0 0 22 805 0 0 9 0 1 0 0 0 0 0 59 0 0 46 0 0 2318 0 2107 3049 0 0 2735 0 7 76060 0 0 0 3119 33 0 0 0 0 0 0 13 227 0 0 8 0 0 0 0 21 0 0 0 0 0 0 0 19 0 0 3 0 0 190 0 892 0 6 0 0 0 143 0 842 0 3 0 0 0 0 0 0 0 0 0 0 0 0 0 0 0 0 51 0 0 0 4 0 0 0 0 0 0 0 0 0 0 0 0 0 0 0 1 0 0 0 0 0 0 0 0 0 0 0 0 0 
0 5 0 0 15 1391 0 0 6 0 5 0 0 0 0 0 40 0 0 23 0 0 2196 0 3172 1412 0 0 3707 0 2 201075 0 0 0 3417 17 0 0 0 0 0 0 7 489 0 0 4 0 0 0 0 19 0 0 0 0 0 0 0 5 0 0 6 0 0 851 0 1685 0 13 0 0 0 773 0 667 0 10 0 0 0 0 0 0 2 0 0 0 0 0 0 0 0 0 614 0 0 0 5 0 0 0 5 0 3 0 0 0 0 0 0 0 0 0 1 0 0 0 0 0 0 0 0 0 0 0 0 0 
0 5 0 0 22 813 0 0 6 0 5 0 0 0 0 0 54 0 0 25 0 0 1342 0 2046 4096 0 0 2628 0 2 81494 0 0 0 2352 28 0 0 0 0 0 0 8 259 0 0 8 0 0 0 0 10 0 0 0 0 0 0 0 23 0 0 6 0 0 543 0 851 0 14 0 0 0 740 0 564 0 17 0 0 0 0 0 0 0 0 0 0 0 0 2 0 0 0 285 0 0 0 2 0 0 0 6 0 1 0 0 0 0 0 0 0 0 0 4 0 0 1 0 0 0 0 0 0 1 0 0 0 
0 10 0 0 31 2208 0 0 26 0 23 0 0 0 0 0 51 0 0 108 0 0 8494 0 3392 3562 0 0 4586 0 24 276548 0 0 0 5880 29 0 0 0 0 0 0 35 1455 0 0 15 0 0 0 0 17 0 0 0 0 0 0 0 10 0 0 59 0 0 3902 0 1743 0 49 0 0 0 3421 0 1267 0 47 0 0 0 0 0 0 9 0 0 0 0 0 16 0 0 0 1365 0 0 0 16 0 0 0 16 0 27 0 0 0 0 0 0 0 0 0 7 0 0 4 0 0 0 0 0 0 17 0 0 0 
0 3 0 0 14 929 0 0 2 0 1 0 0 0 0 0 46 0 0 10 0 0 703 0 2262 961 0 0 2786 0 0 146165 0 0 0 3399 25 0 0 0 0 0 0 9 263 0 0 0 0 0 0 0 17 0 0 0 0 0 0 0 7 0 0 1 0 0 129 0 1576 0 5 0 0 0 261 0 584 0 1 0 0 0 0 0 0 0 0 0 0 0 0 0 0 0 0 115 0 0 0 1 0 0 0 1 0 0 0 0 0 0 0 0 0 0 0 1 0 0 0 0 0 0 0 0 0 0 0 0 0 
0 6 0 0 32 1433 0 0 8 0 8 0 0 0 0 0 51 0 0 52 0 0 2790 0 2688 4122 0 0 3888 0 3 185257 0 0 0 5959 50 0 0 0 0 0 0 20 422 0 0 9 0 0 0 0 24 0 0 0 0 0 0 0 23 0 0 10 0 0 1526 0 1595 0 25 0 0 0 1241 0 1414 0 26 0 0 0 0 0 0 2 0 0 0 0 0 1 0 0 0 588 0 0 0 14 0 0 0 10 0 5 0 0 0 0 0 0 0 0 0 9 0 0 1 0 0 0 0 0 0 2 0 0 0 
0 8 0 0 27 1848 0 0 15 0 14 0 0 0 0 0 66 0 0 65 0 0 4821 0 3363 2607 0 0 3819 0 8 254658 0 0 0 5325 33 0 0 0 0 0 0 27 944 0 0 6 0 0 0 0 19 0 0 0 0 0 0 0 10 0 0 21 0 0 2558 0 1767 0 32 0 0 0 2116 0 840 0 29 0 0 0 0 0 0 11 0 0 0 0 0 5 0 0 0 990 0 0 0 14 0 0 0 11 0 13 0 0 0 0 0 0 0 0 0 8 0 0 1 0 0 0 0 0 0 3 0 0 0 
0 6 0 0 26 1439 0 0 9 0 8 0 0 0 0 0 52 0 0 48 0 0 3109 0 2798 3170 0 0 4294 0 4 182900 0 0 0 5072 37 0 0 0 0 0 0 27 786 0 0 5 0 0 0 0 20 0 0 0 0 0 0 0 12 0 0 13 0 0 1256 0 1624 0 21 0 0 0 1073 0 1188 0 17 0 0 0 0 0 0 0 0 0 0 0 0 3 0 0 0 477 0 0 0 9 0 0 0 6 0 4 0 0 0 0 0 0 0 0 0 8 0 0 1 0 0 0 0 0 0 3 0 0 0 
0 5 0 0 24 1287 0 0 8 0 2 0 0 0 0 0 52 0 0 45 0 0 2845 0 2649 2829 0 0 3805 0 4 170366 0 0 0 4876 39 0 0 0 0 0 0 20 666 0 0 7 0 0 0 0 27 0 0 0 0 0 0 0 17 0 0 6 0 0 308 0 1657 0 8 0 0 0 358 0 1136 0 5 0 0 0 0 0 0 0 0 0 0 0 0 0 0 0 0 143 0 0 0 6 0 0 0 0 0 0 0 0 0 0 0 0 0 0 0 1 0 0 0 0 0 0 0 0 0 0 0 0 0 
0 6 0 0 22 1436 0 0 6 0 11 0 0 0 0 0 55 0 0 25 0 0 1987 0 3018 2477 0 0 3274 0 0 198117 0 0 0 4295 27 0 0 0 0 0 0 10 423 0 0 2 0 0 0 0 17 0 0 0 0 0 0 0 13 0 0 8 0 0 2100 0 1592 0 29 0 0 0 1662 0 985 0 29 0 0 0 0 0 0 5 0 0 0 0 0 3 0 0 0 646 0 0 0 12 0 0 0 10 0 7 0 0 0 0 0 0 0 0 0 8 0 0 1 0 0 0 0 0 0 5 0 0 0 
0 4 0 0 16 1158 0 0 4 0 3 0 0 0 0 0 48 0 0 17 0 0 1391 0 2551 1275 0 0 3375 0 1 172171 0 0 0 3779 22 0 0 0 0 0 0 13 489 0 0 1 0 0 0 0 18 0 0 0 0 0 0 0 7 0 0 3 0 0 376 0 1661 0 11 0 0 0 509 0 644 0 8 0 0 0 0 0 0 1 0 0 0 0 0 0 0 0 0 339 0 0 0 3 0 0 0 3 0 1 0 0 0 0 0 0 0 0 0 1 0 0 0 0 0 0 0 0 0 0 0 0 0 
0 3 0 0 14 782 0 0 2 0 2 0 0 0 0 0 47 0 0 12 0 0 605 0 2066 1101 0 0 2724 0 0 102150 0 0 0 3194 22 0 0 0 0 0 0 7 240 0 0 0 0 0 0 0 16 0 0 0 0 0 0 0 6 0 0 2 0 0 249 0 1047 0 7 0 0 0 249 0 483 0 7 0 0 0 0 0 0 0 0 0 0 0 0 0 0 0 0 224 0 0 0 2 0 0 0 2 0 0 0 0 0 0 0 0 0 0 0 0 0 0 0 0 0 0 0 0 0 0 0 0 0 
0 6 0 0 20 1247 0 0 10 0 5 0 0 0 0 0 52 0 0 42 0 0 3101 0 2890 2671 0 0 4433 0 5 139748 0 0 0 3421 22 0 0 0 0 0 0 23 536 0 0 4 0 0 0 0 19 0 0 0 0 0 0 0 11 0 0 10 0 0 990 0 1446 0 11 0 0 0 462 0 1067 0 9 0 0 0 0 0 0 1 0 0 0 0 0 3 0 0 0 296 0 0 0 2 0 0 0 6 0 1 0 0 0 0 0 0 0 0 0 3 0 0 0 0 0 0 0 0 0 0 0 0 0 
0 3 0 0 16 630 0 0 2 0 2 0 0 0 0 0 53 0 0 11 0 0 632 0 1766 1602 0 0 2632 0 0 78869 0 0 0 2886 26 0 0 0 0 0 0 6 151 0 0 2 0 0 0 0 15 0 0 0 0 0 0 0 10 0 0 2 0 0 282 0 995 0 8 0 0 0 282 0 489 0 8 0 0 0 0 0 0 0 0 0 0 0 0 0 0 0 0 40 0 0 0 2 0 0 0 2 0 0 0 0 0 0 0 0 0 0 0 2 0 0 0 0 0 0 0 0 0 0 0 0 0 
0 5 0 0 19 1329 0 0 5 0 6 0 0 0 0 0 54 0 0 21 0 0 1549 0 3004 1754 0 0 3207 0 0 180466 0 0 0 4391 27 0 0 0 0 0 0 13 487 0 0 1 0 0 0 0 20 0 0 0 0 0 0 0 4 0 0 8 0 0 842 0 1399 0 15 0 0 0 1175 0 740 0 18 0 0 0 0 0 0 0 0 0 0 0 0 2 0 0 0 616 0 0 0 7 0 0 0 8 0 1 0 0 0 0 0 0 0 0 0 2 0 0 0 0 0 0 0 0 0 2 0 0 0 
0 5 0 0 19 1329 0 0 5 0 6 0 0 0 0 0 54 0 0 21 0 0 1549 0 3004 1754 0 0 3207 0 0 180466 0 0 0 4391 27 0 0 0 0 0 0 13 487 0 0 1 0 0 0 0 20 0 0 0 0 0 0 0 4 0 0 8 0 0 842 0 1399 0 15 0 0 0 1175 0 740 0 18 0 0 0 0 0 0 0 0 0 0 0 0 2 0 0 0 616 0 0 0 7 0 0 0 8 0 1 0 0 0 0 0 0 0 0 0 2 0 0 0 0 0 0 0 0 0 2 0 0 0 
0 4 0 0 20 887 0 0 5 0 2 0 0 0 0 0 72 0 0 27 0 0 1512 0 2352 1636 0 0 2854 0 2 107577 0 0 0 3730 34 0 0 0 0 0 0 18 330 0 0 5 0 0 0 0 16 0 0 0 0 0 0 0 9 0 0 4 0 0 249 0 1080 0 7 0 0 0 249 0 575 0 7 0 0 0 0 0 0 0 0 0 0 0 0 0 0 0 0 224 0 0 0 2 0 0 0 2 0 0 0 0 0 0 0 0 0 0 0 0 0 0 0 0 0 0 0 0 0 0 0 0 0 
0 7 0 0 23 1728 0 0 10 0 12 0 0 0 0 0 56 0 0 45 0 0 3275 0 3479 2497 0 0 3650 0 4 249141 0 0 0 4972 31 0 0 0 0 0 0 13 621 0 0 3 0 0 0 0 20 0 0 0 0 0 0 0 12 0 0 14 0 0 2702 0 1794 0 28 0 0 0 1733 0 1011 0 23 0 0 0 0 0 0 7 0 0 0 0 0 3 0 0 0 883 0 0 0 10 0 0 0 10 0 6 0 0 0 0 0 0 0 0 0 8 0 0 1 0 0 0 0 0 0 5 0 0 0 
0 7 0 0 21 1879 0 0 10 0 14 0 0 0 0 0 42 0 0 29 0 0 3487 0 3353 1742 0 0 4454 0 5 264804 0 0 0 4898 27 0 0 0 0 0 0 22 963 0 0 2 0 0 0 0 16 0 0 0 0 0 0 0 5 0 0 13 0 0 2257 0 1961 0 35 0 0 0 2411 0 821 0 27 0 0 0 0 0 0 5 0 0 0 0 0 6 0 0 0 1230 0 0 0 11 0 0 0 16 0 14 0 0 0 0 0 0 0 0 0 3 0 0 1 0 0 0 0 0 0 8 0 0 0 
0 5 0 0 18 1167 0 0 7 0 4 0 0 0 0 0 63 0 0 25 0 0 2233 0 2892 1718 0 0 3172 0 3 152922 0 0 0 3118 26 0 0 0 0 0 0 16 370 0 0 8 0 0 0 0 15 0 0 0 0 0 0 0 8 0 0 7 0 0 639 0 1390 0 12 0 0 0 606 0 613 0 9 0 0 0 0 0 0 1 0 0 0 0 0 0 0 0 0 452 0 0 0 3 0 0 0 4 0 2 0 0 0 0 0 0 0 0 0 1 0 0 0 0 0 0 0 0 0 0 0 0 0 
0 8 0 0 29 1966 0 0 14 0 16 0 0 0 0 0 64 0 0 63 0 0 4562 0 3441 2600 0 0 4110 0 7 268410 0 0 0 5791 35 0 0 0 0 0 0 28 1006 0 0 7 0 0 0 0 14 0 0 0 0 0 0 0 9 0 0 24 0 0 2767 0 1832 0 40 0 0 0 2774 0 1044 0 34 0 0 0 0 0 0 5 0 0 0 0 0 9 0 0 0 1255 0 0 0 16 0 0 0 19 0 12 0 0 0 0 0 0 0 0 0 8 0 0 1 0 0 0 0 0 0 11 0 0 0 
0 7 0 0 25 1746 0 0 11 0 11 0 0 0 0 0 60 0 0 46 0 0 3728 0 3316 2147 0 0 4089 0 4 243459 0 0 0 5320 38 0 0 0 0 0 0 24 715 0 0 2 0 0 0 0 18 0 0 0 0 0 0 0 6 0 0 16 0 0 2089 0 1912 0 36 0 0 0 1846 0 960 0 22 0 0 0 0 0 0 6 0 0 0 0 0 3 0 0 0 894 0 0 0 12 0 0 0 14 0 6 0 0 0 0 0 0 0 0 0 4 0 0 1 0 0 0 0 0 0 4 0 0 0 
0 6 0 0 27 704 0 0 5 0 13 0 0 0 0 0 66 0 0 28 0 0 693 0 1770 5082 0 0 2206 0 1 57881 0 0 0 2293 33 0 0 0 0 0 0 4 113 0 0 9 0 0 0 0 10 0 0 0 0 0 0 0 27 0 0 2 0 0 1313 0 825 0 50 0 0 0 1541 0 716 0 34 0 0 0 0 0 0 6 0 0 0 0 0 8 0 0 0 236 0 0 0 7 0 0 0 7 0 9 0 0 0 0 0 0 0 0 0 7 0 0 2 0 0 0 0 0 0 5 0 0 0 
0 7 0 0 20 1741 0 0 11 0 12 0 0 0 0 0 48 0 0 30 0 0 3776 0 3288 1724 0 0 4175 0 4 244401 0 0 0 4471 25 0 0 0 0 0 0 26 945 0 0 4 0 0 0 0 19 0 0 0 0 0 0 0 4 0 0 16 0 0 2080 0 1995 0 26 0 0 0 1878 0 846 0 22 0 0 0 0 0 0 3 0 0 0 0 0 6 0 0 0 762 0 0 0 11 0 0 0 8 0 11 0 0 0 0 0 0 0 0 0 6 0 0 2 0 0 0 0 0 0 4 0 0 0 
0 5 0 0 24 1136 0 0 9 0 1 0 0 0 0 0 73 0 0 54 0 0 2842 0 2639 2214 0 0 3353 0 7 146093 0 0 0 4534 41 0 0 0 0 0 0 27 602 0 0 7 0 0 0 0 20 0 0 0 0 0 0 0 12 0 0 3 0 0 247 0 1456 0 2 0 0 0 67 0 939 0 1 0 0 0 0 0 0 0 0 0 0 0 0 0 0 0 0 82 0 0 0 0 0 0 0 1 0 0 0 0 0 0 0 0 0 0 0 1 0 0 0 0 0 0 0 0 0 0 0 0 0 
0 7 0 0 26 1549 0 0 13 0 10 0 0 0 0 0 51 0 0 60 0 0 4239 0 3078 3433 0 0 4362 0 7 198217 0 0 0 4436 32 0 0 0 0 0 0 24 666 0 0 7 0 0 0 0 18 0 0 0 0 0 0 0 11 0 0 24 0 0 1533 0 1642 0 21 0 0 0 1574 0 1151 0 27 0 0 0 0 0 0 3 0 0 0 0 0 3 0 0 0 723 0 0 0 7 0 0 0 13 0 4 0 0 0 0 0 0 0 0 0 7 0 0 1 0 0 0 0 0 0 3 0 0 0 
0 7 0 0 23 1532 0 0 15 0 8 0 0 0 0 0 64 0 0 62 0 0 4586 0 3141 2294 0 0 4407 0 13 200292 0 0 0 4033 23 0 0 0 0 0 0 27 891 0 0 7 0 0 0 0 20 0 0 0 0 0 0 0 10 0 0 19 0 0 1222 0 1696 0 18 0 0 0 1155 0 705 0 19 0 0 0 0 0 0 4 0 0 0 0 0 2 0 0 0 605 0 0 0 8 0 0 0 6 0 8 0 0 0 0 0 0 0 0 0 3 0 0 0 0 0 0 0 0 0 0 0 0 0 
0 6 0 0 20 1260 0 0 11 0 5 0 0 0 0 0 61 0 0 46 0 0 3322 0 3040 2124 0 0 3874 0 8 142905 0 0 0 3714 26 0 0 0 0 0 0 29 560 0 0 2 0 0 0 0 16 0 0 0 0 0 0 0 7 0 0 12 0 0 780 0 1271 0 16 0 0 0 654 0 675 0 9 0 0 0 0 0 0 0 0 0 0 0 0 1 0 0 0 435 0 0 0 3 0 0 0 4 0 1 0 0 0 0 0 0 0 0 0 0 0 0 1 0 0 0 0 0 0 1 0 0 0 
0 7 0 0 26 1636 0 0 9 0 14 0 0 0 0 0 57 0 0 46 0 0 2944 0 3519 2761 0 0 3801 0 2 203649 0 0 0 5122 33 0 0 0 0 0 0 19 483 0 0 3 0 0 0 0 16 0 0 0 0 0 0 0 13 0 0 12 0 0 2328 0 1339 0 35 0 0 0 2276 0 868 0 35 0 0 0 0 0 0 7 0 0 0 0 0 5 0 0 0 1090 0 0 0 12 0 0 0 14 0 13 0 0 0 0 0 0 0 0 0 5 0 0 2 0 0 0 0 0 0 5 0 0 0 
0 5 0 0 20 1287 0 0 5 0 6 0 0 0 0 0 54 0 0 25 0 0 1708 0 2798 1968 0 0 3235 0 1 180153 0 0 0 4069 26 0 0 0 0 0 0 13 516 0 0 1 0 0 0 0 18 0 0 0 0 0 0 0 10 0 0 4 0 0 990 0 1589 0 18 0 0 0 960 0 697 0 15 0 0 0 0 0 0 2 0 0 0 0 0 1 0 0 0 455 0 0 0 8 0 0 0 3 0 5 0 0 0 0 0 0 0 0 0 4 0 0 0 0 0 0 0 0 0 0 0 0 0 
196 3 647 414 16 469 18937 599 2 5 1 174 171 1660 667 2014 47 1424 822 15 1369 105753 480 87502 969 1384 58610 101420 1059 523 0 41164 1205927 40389 29803 2063 28 189 1231 10 214 287 413 4 81 13982 164 1 128 541 429 622 7 22 7 3 5 615 499 96 10 362 376 1 451 32268 205 26302 383 750 5 167 309 23334 69 20104 251 312 4 160 475 0 1 3 4 0 134 23 1 3 3 0 126 39 6410 8 3536 87 205 3 140 115 138 0 199 0 56 95 101 4 1 2 1 141 99 0 9 30 0 1 1 1 0 0 1 0 65 2 45 
0 5 0 0 15 1291 0 0 6 0 4 0 0 0 0 0 42 0 0 25 0 0 2002 0 3158 1418 0 0 3597 0 2 181872 0 0 0 3214 20 0 0 0 0 0 0 13 414 0 0 2 0 0 0 0 19 0 0 0 0 0 0 0 6 0 0 5 0 0 892 0 1656 0 10 0 0 0 571 0 749 0 3 0 0 0 0 0 0 0 0 0 0 0 0 0 0 0 0 430 0 0 0 4 0 0 0 3 0 2 0 0 0 0 0 0 0 0 0 1 0 0 0 0 0 0 0 0 0 1 0 0 0 
0 6 0 0 22 1658 0 0 9 0 7 0 0 0 0 0 51 0 0 39 0 0 3133 0 3263 1983 0 0 3817 0 4 234051 0 0 0 5175 28 0 0 0 0 0 0 20 845 0 0 5 0 0 0 0 22 0 0 0 0 0 0 0 6 0 0 12 0 0 1050 0 1770 0 17 0 0 0 1393 0 927 0 18 0 0 0 0 0 0 0 0 0 0 0 0 5 0 0 0 737 0 0 0 7 0 0 0 10 0 1 0 0 0 0 0 0 0 0 0 2 0 0 0 0 0 0 0 0 0 2 0 0 0 
0 7 0 0 22 1741 0 0 12 0 11 0 0 0 0 0 39 0 0 44 0 0 4032 0 3236 2752 0 0 4589 0 8 230050 0 0 0 4063 27 0 0 0 0 0 0 22 841 0 0 7 0 0 0 0 20 0 0 0 0 0 0 0 12 0 0 15 0 0 1963 0 1910 0 23 0 0 0 1824 0 1090 0 20 0 0 0 0 0 0 6 0 0 0 0 0 3 0 0 0 874 0 0 0 14 0 0 0 9 0 10 0 0 0 0 0 0 0 0 0 5 0 0 1 0 0 0 0 0 0 3 0 0 0 
0 7 0 0 29 1670 0 0 9 0 13 0 0 0 0 0 57 0 0 43 0 0 3055 0 3099 3465 0 0 3800 0 3 219374 0 0 0 5389 44 0 0 0 0 0 0 19 511 0 0 7 0 0 0 0 19 0 0 0 0 0 0 0 13 0 0 11 0 0 2508 0 1688 0 38 0 0 0 2056 0 1240 0 29 0 0 0 0 0 0 6 0 0 0 0 0 3 0 0 0 891 0 0 0 20 0 0 0 14 0 9 0 0 0 0 0 0 0 0 0 10 0 0 1 0 0 0 0 0 0 7 0 0 0 
0 6 0 0 29 1106 0 0 9 0 8 0 0 0 0 0 74 0 0 62 0 0 2460 0 2504 3530 0 0 4003 0 5 119726 0 0 0 4436 39 0 0 0 0 0 0 17 396 0 0 7 0 0 0 0 17 0 0 0 0 0 0 0 21 0 0 9 0 0 1301 0 1312 0 24 0 0 0 1138 0 1097 0 23 0 0 0 0 0 0 2 0 0 0 0 0 3 0 0 0 286 0 0 0 10 0 0 0 8 0 6 0 0 0 0 0 0 0 0 0 6 0 0 1 0 0 0 0 0 0 3 0 0 0 
0 5 0 0 23 1157 0 0 5 0 6 0 0 0 0 0 57 0 0 31 0 0 1671 0 2370 2704 0 0 3619 0 0 166600 0 0 0 4049 43 0 0 0 0 0 0 16 298 0 0 3 0 0 0 0 22 0 0 0 0 0 0 0 10 0 0 7 0 0 1096 0 1672 0 13 0 0 0 934 0 974 0 10 0 0 0 0 0 0 1 0 0 0 0 0 1 0 0 0 411 0 0 0 8 0 0 0 8 0 2 0 0 0 0 0 0 0 0 0 7 0 0 0 0 0 0 0 0 0 2 0 0 0 
0 6 0 0 20 1410 0 0 8 0 8 0 0 0 0 0 62 0 0 37 0 0 2574 0 3075 1875 0 0 3901 0 1 191843 0 0 0 3713 24 0 0 0 0 0 0 13 605 0 0 2 0 0 0 0 19 0 0 0 0 0 0 0 9 0 0 13 0 0 1289 0 1615 0 25 0 0 0 1229 0 658 0 16 0 0 0 0 0 0 2 0 0 0 0 0 1 0 0 0 601 0 0 0 7 0 0 0 5 0 5 0 0 0 0 0 0 0 0 0 2 0 0 1 0 0 0 0 0 0 1 0 0 0 
0 8 0 0 21 2016 0 0 13 0 18 0 0 0 0 0 43 0 0 46 0 0 4321 0 3546 1568 0 0 4546 0 6 291848 0 0 0 5065 30 0 0 0 0 0 0 18 1053 0 0 2 0 0 0 0 17 0 0 0 0 0 0 0 5 0 0 24 0 0 3595 0 2108 0 42 0 0 0 2708 0 853 0 24 0 0 0 0 0 0 6 0 0 0 0 0 9 0 0 0 1279 0 0 0 11 0 0 0 15 0 18 0 0 0 0 0 0 0 0 0 4 0 0 2 0 0 0 0 0 0 10 0 0 0 
0 5 0 0 19 1156 0 0 4 0 8 0 0 0 0 0 57 0 0 17 0 0 1313 0 2936 1647 0 0 3270 0 1 152789 0 0 0 4008 28 0 0 0 0 0 0 11 274 0 0 3 0 0 0 0 17 0 0 0 0 0 0 0 6 0 0 3 0 0 1387 0 1402 0 22 0 0 0 1253 0 737 0 20 0 0 0 0 0 0 0 0 0 0 0 0 3 0 0 0 421 0 0 0 7 0 0 0 6 0 4 0 0 0 0 0 0 0 0 0 5 0 0 2 0 0 0 0 0 0 4 0 0 0 
0 5 0 0 26 926 0 0 9 0 1 0 0 0 0 0 86 0 0 52 0 0 2455 0 2269 2651 0 0 2538 0 7 106389 0 0 0 4203 48 0 0 0 0 0 0 25 323 0 0 10 0 0 0 0 21 0 0 0 0 0 0 0 12 0 0 3 0 0 143 0 1108 0 1 0 0 0 237 0 951 0 3 0 0 0 0 0 0 0 0 0 0 0 0 0 0 0 0 100 0 0 0 3 0 0 0 4 0 0 0 0 0 0 0 0 0 0 0 3 0 0 0 0 0 0 0 0 0 0 0 0 0 
0 4 0 0 13 909 0 0 2 0 5 0 0 0 0 0 43 0 0 8 0 0 687 0 2468 1503 0 0 2893 0 0 124026 0 0 0 2217 15 0 0 0 0 0 0 3 110 0 0 1 0 0 0 0 14 0 0 0 0 0 0 0 8 0 0 0 0 0 861 0 1282 0 13 0 0 0 695 0 505 0 12 0 0 0 0 0 0 1 0 0 0 0 0 1 0 0 0 289 0 0 0 4 0 0 0 4 0 4 0 0 0 0 0 0 0 0 0 3 0 0 0 0 0 0 0 0 0 0 0 0 0 
0 5 0 0 17 1132 0 0 5 0 5 0 0 0 0 0 51 0 0 32 0 0 1465 0 3088 1673 0 0 3080 0 2 163829 0 0 0 3104 24 0 0 0 0 0 0 7 162 0 0 2 0 0 0 0 18 0 0 0 0 0 0 0 7 0 0 2 0 0 1247 0 1391 0 11 0 0 0 590 0 612 0 5 0 0 0 0 0 0 2 0 0 0 0 0 0 0 0 0 445 0 0 0 6 0 0 0 3 0 3 0 0 0 0 0 0 0 0 0 2 0 0 0 0 0 0 0 0 0 1 0 0 0 
378 3 918 852 12 305 70525 988 1 4 3 731 278 1918 1361 2700 16 1522 1127 4 1682 115734 141 268011 363 790 84465 274664 937 638 0 16207 8689177 39270 119903 1014 16 212 1509 15 341 647 1262 3 25 50146 648 0 403 282 356 863 8 10 6 1 3 1469 552 632 5 1376 336 0 565 29074 286 209558 332 868 11 1076 316 67597 237 77434 312 912 8 135 377 2 1 1 2 1 290 362 0 5 1 0 317 28 13099 66 31122 218 106 4 992 288 81 3 274 1 293 283 352 2 3 4 3 284 318 1 209 78 0 1 3 0 0 1 2 0 76 68 291 
0 4 0 0 22 951 0 0 2 0 4 0 0 0 0 0 64 0 0 17 0 0 677 0 2353 2623 0 0 2365 0 0 139894 0 0 0 4107 39 0 0 0 0 0 0 5 88 0 0 2 0 0 0 0 20 0 0 0 0 0 0 0 13 0 0 1 0 0 1002 0 1359 0 9 0 0 0 523 0 823 0 13 0 0 0 0 0 0 0 0 0 0 0 0 1 0 0 0 231 0 0 0 7 0 0 0 6 0 1 0 0 0 0 0 0 0 0 0 6 0 0 0 0 0 0 0 0 0 1 0 0 0 
0 4 0 0 18 1118 0 0 2 0 5 0 0 0 0 0 57 0 0 12 0 0 605 0 2782 1401 0 0 2794 0 0 158427 0 0 0 4360 28 0 0 0 0 0 0 7 238 0 0 0 0 0 0 0 18 0 0 0 0 0 0 0 6 0 0 2 0 0 724 0 1283 0 14 0 0 0 961 0 656 0 16 0 0 0 0 0 0 0 0 0 0 0 0 2 0 0 0 524 0 0 0 5 0 0 0 8 0 0 0 0 0 0 0 0 0 0 0 2 0 0 0 0 0 0 0 0 0 2 0 0 0 
0 8 0 0 27 1692 0 0 16 0 14 0 0 0 0 0 61 0 0 74 0 0 4989 0 3530 2924 0 0 3367 0 9 222889 0 0 0 5230 29 0 0 0 0 0 0 20 749 0 0 7 0 0 0 0 17 0 0 0 0 0 0 0 12 0 0 32 0 0 2685 0 1532 0 38 0 0 0 1846 0 965 0 31 0 0 0 0 0 0 5 0 0 0 0 0 9 0 0 0 809 0 0 0 11 0 0 0 12 0 6 0 0 0 0 0 0 0 0 0 7 0 0 2 0 0 0 0 0 0 5 0 0 0 
0 5 0 0 22 1018 0 0 9 0 1 0 0 0 0 0 70 0 0 43 0 0 2603 0 2651 2371 0 0 3002 0 7 114586 0 0 0 3629 37 0 0 0 0 0 0 29 465 0 0 7 0 0 0 0 18 0 0 0 0 0 0 0 9 0 0 3 0 0 118 0 1162 0 2 0 0 0 215 0 798 0 2 0 0 0 0 0 0 0 0 0 0 0 0 0 0 0 0 92 0 0 0 2 0 0 0 0 0 0 0 0 0 0 0 0 0 0 0 0 0 0 0 0 0 0 0 0 0 0 0 0 0 
0 5 0 0 28 641 0 0 6 0 5 0 0 0 0 0 77 0 0 42 0 0 963 0 1749 5537 0 0 2009 0 2 60114 0 0 0 2387 42 0 0 0 0 0 0 9 103 0 0 12 0 0 0 0 8 0 0 0 0 0 0 0 37 0 0 6 0 0 543 0 644 0 14 0 0 0 740 0 426 0 17 0 0 0 0 0 0 0 0 0 0 0 0 2 0 0 0 285 0 0 0 2 0 0 0 6 0 1 0 0 0 0 0 0 0 0 0 4 0 0 1 0 0 0 0 0 0 1 0 0 0 
0 3 0 0 14 683 0 0 1 0 2 0 0 0 0 0 48 0 0 12 0 0 283 0 1849 1374 0 0 2496 0 0 101098 0 0 0 2285 24 0 0 0 0 0 0 0 12 0 0 0 0 0 0 0 17 0 0 0 0 0 0 0 8 0 0 0 0 0 466 0 1186 0 6 0 0 0 285 0 471 0 3 0 0 0 0 0 0 0 0 0 0 0 0 0 0 0 0 152 0 0 0 4 0 0 0 1 0 1 0 0 0 0 0 0 0 0 0 2 0 0 0 0 0 0 0 0 0 0 0 0 0 
0 8 0 0 38 937 0 0 21 0 9 0 0 0 0 0 91 0 0 121 0 0 3431 0 2048 7692 0 0 3054 0 26 83657 0 0 0 2520 52 0 0 0 0 0 0 25 452 0 0 35 0 0 0 0 9 0 0 0 0 0 0 0 43 0 0 23 0 0 1045 0 868 0 24 0 0 0 1275 0 653 0 20 0 0 0 0 0 0 1 0 0 0 0 0 9 0 0 0 319 0 0 0 6 0 0 0 8 0 8 0 0 0 0 0 0 0 0 0 5 0 0 1 0 0 0 0 0 0 1 0 0 0 
0 7 0 0 26 1592 0 0 13 0 11 0 0 0 0 0 62 0 0 64 0 0 4201 0 3118 3016 0 0 3941 0 5 227563 0 0 0 4156 32 0 0 0 0 0 0 23 856 0 0 8 0 0 0 0 17 0 0 0 0 0 0 0 13 0 0 30 0 0 1828 0 1883 0 25 0 0 0 1667 0 836 0 24 0 0 0 0 0 0 3 0 0 0 0 0 2 0 0 0 660 0 0 0 13 0 0 0 10 0 8 0 0 0 0 0 0 0 0 0 6 0 0 0 0 0 0 0 0 0 2 0 0 0 
0 3 0 0 13 682 0 0 1 0 2 0 0 0 0 0 47 0 0 9 0 0 277 0 1881 1446 0 0 1883 0 0 101079 0 0 0 2249 21 0 0 0 0 0 0 1 14 0 0 1 0 0 0 0 14 0 0 0 0 0 0 0 9 0 0 0 0 0 476 0 1145 0 6 0 0 0 294 0 445 0 2 0 0 0 0 0 0 0 0 0 0 0 0 0 0 0 0 142 0 0 0 3 0 0 0 1 0 1 0 0 0 0 0 0 0 0 0 2 0 0 0 0 0 0 0 0 0 0 0 0 0 
0 6 0 0 27 1344 0 0 10 0 6 0 0 0 0 0 64 0 0 54 0 0 2966 0 2957 2802 0 0 3877 0 6 171524 0 0 0 5016 41 0 0 0 0 0 0 32 548 0 0 5 0 0 0 0 23 0 0 0 0 0 0 0 13 0 0 11 0 0 813 0 1467 0 16 0 0 0 1141 0 945 0 16 0 0 0 0 0 0 0 0 0 0 0 0 3 0 0 0 573 0 0 0 5 0 0 0 9 0 2 0 0 0 0 0 0 0 0 0 3 0 0 0 0 0 0 0 0 0 2 0 0 0 
0 8 0 0 26 1829 0 0 12 0 20 0 0 0 0 0 46 0 0 47 0 0 3845 0 3576 3005 0 0 4596 0 4 221551 0 0 0 5240 33 0 0 0 0 0 0 26 777 0 0 3 0 0 0 0 16 0 0 0 0 0 0 0 6 0 0 22 0 0 3326 0 1424 0 42 0 0 0 2920 0 1049 0 39 0 0 0 0 0 0 6 0 0 0 0 0 11 0 0 0 1372 0 0 0 17 0 0 0 17 0 24 0 0 0 0 0 0 0 0 0 10 0 0 2 0 0 0 0 0 0 13 0 0 0 
0 3 0 0 14 519 0 0 3 0 0 0 0 0 0 0 40 0 0 15 0 0 836 0 1451 2086 0 0 1887 0 1 53561 0 0 0 1945 23 0 0 0 0 0 0 8 98 0 0 3 0 0 0 0 14 0 0 0 0 0 0 0 11 0 0 0 0 0 0 0 772 0 0 0 0 0 0 0 490 0 0 0 0 0 0 0 0 0 0 0 0 0 0 0 0 0 0 0 0 0 0 0 0 0 0 0 0 0 0 0 0 0 0 0 0 0 0 0 0 0 0 0 0 0 0 0 0 0 0 0 0 
0 7 0 0 22 1733 0 0 14 0 8 0 0 0 0 0 44 0 0 53 0 0 4593 0 3288 2124 0 0 4916 0 11 237049 0 0 0 4559 30 0 0 0 0 0 0 42 1073 0 0 5 0 0 0 0 22 0 0 0 0 0 0 0 8 0 0 16 0 0 1667 0 2008 0 13 0 0 0 1104 0 967 0 8 0 0 0 0 0 0 2 0 0 0 0 0 3 0 0 0 683 0 0 0 6 0 0 0 4 0 5 0 0 0 0 0 0 0 0 0 4 0 0 1 0 0 0 0 0 0 2 0 0 0 
0 6 0 0 19 1442 0 0 9 0 7 0 0 0 0 0 63 0 0 35 0 0 2927 0 3092 1588 0 0 3650 0 3 194323 0 0 0 4022 24 0 0 0 0 0 0 21 672 0 0 2 0 0 0 0 16 0 0 0 0 0 0 0 6 0 0 13 0 0 1240 0 1584 0 22 0 0 0 966 0 633 0 12 0 0 0 0 0 0 2 0 0 0 0 0 1 0 0 0 590 0 0 0 5 0 0 0 5 0 3 0 0 0 0 0 0 0 0 0 1 0 0 1 0 0 0 0 0 0 1 0 0 0 
0 7 0 0 21 1692 0 0 13 0 9 0 0 0 0 0 47 0 0 37 0 0 4401 0 3005 2446 0 0 4673 0 7 223410 0 0 0 4227 34 0 0 0 0 0 0 31 902 0 0 5 0 0 0 0 20 0 0 0 0 0 0 0 6 0 0 17 0 0 1615 0 1952 0 17 0 0 0 1373 0 1061 0 10 0 0 0 0 0 0 4 0 0 0 0 0 4 0 0 0 721 0 0 0 9 0 0 0 12 0 8 0 0 0 0 0 0 0 0 0 7 0 0 0 0 0 0 0 0 0 0 0 0 0 
0 4 0 0 20 601 0 0 2 0 5 0 0 0 0 0 55 0 0 11 0 0 299 0 1728 3631 0 0 2000 0 0 59338 0 0 0 2106 27 0 0 0 0 0 0 2 58 0 0 4 0 0 0 0 8 0 0 0 0 0 0 0 23 0 0 1 0 0 543 0 640 0 14 0 0 0 740 0 387 0 17 0 0 0 0 0 0 0 0 0 0 0 0 2 0 0 0 285 0 0 0 2 0 0 0 6 0 1 0 0 0 0 0 0 0 0 0 4 0 0 1 0 0 0 0 0 0 1 0 0 0 
0 4 0 0 17 1154 0 0 3 0 3 0 0 0 0 0 55 0 0 11 0 0 1191 0 2389 1586 0 0 2978 0 1 174772 0 0 0 3982 31 0 0 0 0 0 0 7 313 0 0 1 0 0 0 0 19 0 0 0 0 0 0 0 7 0 0 0 0 0 442 0 1719 0 10 0 0 0 623 0 875 0 6 0 0 0 0 0 0 3 0 0 0 0 0 0 0 0 0 284 0 0 0 4 0 0 0 8 0 0 0 0 0 0 0 0 0 0 0 4 0 0 0 0 0 0 0 0 0 0 0 0 0 
0 7 0 0 22 1717 0 0 11 0 12 0 0 0 0 0 49 0 0 40 0 0 3584 0 3352 2469 0 0 4449 0 5 222685 0 0 0 4225 28 0 0 0 0 0 0 24 832 0 0 4 0 0 0 0 17 0 0 0 0 0 0 0 11 0 0 15 0 0 2109 0 1820 0 24 0 0 0 2002 0 969 0 21 0 0 0 0 0 0 4 0 0 0 0 0 5 0 0 0 870 0 0 0 14 0 0 0 9 0 12 0 0 0 0 0 0 0 0 0 5 0 0 1 0 0 0 0 0 0 4 0 0 0 
0 5 0 0 20 1494 0 0 5 0 6 0 0 0 0 0 55 0 0 20 0 0 1781 0 2943 1575 0 0 3442 0 1 228449 0 0 0 4945 28 0 0 0 0 0 0 16 648 0 0 1 0 0 0 0 20 0 0 0 0 0 0 0 7 0 0 5 0 0 849 0 1897 0 18 0 0 0 1221 0 817 0 17 0 0 0 0 0 0 2 0 0 0 0 0 2 0 0 0 639 0 0 0 6 0 0 0 9 0 1 0 0 0 0 0 0 0 0 0 3 0 0 0 0 0 0 0 0 0 2 0 0 0 
0 5 0 0 20 1054 0 0 8 0 3 0 0 0 0 0 56 0 0 39 0 0 2299 0 2558 2578 0 0 3133 0 4 126019 0 0 0 3453 26 0 0 0 0 0 0 17 456 0 0 5 0 0 0 0 18 0 0 0 0 0 0 0 11 0 0 9 0 0 367 0 1163 0 9 0 0 0 464 0 643 0 9 0 0 0 0 0 0 0 0 0 0 0 0 0 0 0 0 316 0 0 0 4 0 0 0 2 0 0 0 0 0 0 0 0 0 0 0 0 0 0 0 0 0 0 0 0 0 0 0 0 0 
0 4 0 0 15 917 0 0 5 0 1 0 0 0 0 0 40 0 0 26 0 0 1644 0 2382 1760 0 0 3185 0 2 112366 0 0 0 2876 21 0 0 0 0 0 0 13 310 0 0 1 0 0 0 0 19 0 0 0 0 0 0 0 8 0 0 2 0 0 247 0 1281 0 2 0 0 0 67 0 823 0 1 0 0 0 0 0 0 0 0 0 0 0 0 0 0 0 0 82 0 0 0 0 0 0 0 1 0 0 0 0 0 0 0 0 0 0 0 1 0 0 0 0 0 0 0 0 0 0 0 0 0 
0 8 0 0 24 1749 0 0 17 0 13 0 0 0 0 0 60 0 0 66 0 0 5317 0 3437 2656 0 0 4461 0 14 219947 0 0 0 4088 26 0 0 0 0 0 0 33 895 0 0 8 0 0 0 0 20 0 0 0 0 0 0 0 12 0 0 25 0 0 2355 0 1701 0 27 0 0 0 1861 0 982 0 16 0 0 0 0 0 0 2 0 0 0 0 0 10 0 0 0 862 0 0 0 10 0 0 0 7 0 8 0 0 0 0 0 0 0 0 0 5 0 0 2 0 0 0 0 0 0 8 0 0 0 
0 9 0 0 31 2170 0 0 20 0 17 0 0 0 0 0 58 0 0 84 0 0 6613 0 3694 3117 0 0 4028 0 11 302854 0 0 0 6179 42 0 0 0 0 0 0 39 1289 0 0 10 0 0 0 0 16 0 0 0 0 0 0 0 17 0 0 45 0 0 3492 0 1811 0 46 0 0 0 2453 0 1044 0 29 0 0 0 0 0 0 8 0 0 0 0 0 8 0 0 0 1263 0 0 0 18 0 0 0 17 0 12 0 0 0 0 0 0 0 0 0 10 0 0 1 0 0 0 0 0 0 6 0 0 0 
0 7 0 0 34 1463 0 0 12 0 9 0 0 0 0 0 79 0 0 71 0 0 3745 0 3188 4059 0 0 2863 0 7 174995 0 0 0 5991 52 0 0 0 0 0 0 30 574 0 0 9 0 0 0 0 22 0 0 0 0 0 0 0 23 0 0 13 0 0 1481 0 1269 0 32 0 0 0 1382 0 1225 0 28 0 0 0 0 0 0 2 0 0 0 0 0 1 0 0 0 495 0 0 0 9 0 0 0 6 0 10 0 0 0 0 0 0 0 0 0 11 0 0 0 0 0 0 0 0 0 2 0 0 0 
138 4 202 417 13 805 9423 432 4 2 2 30 134 25 506 1242 42 399 804 15 1334 80058 1101 46853 2057 1009 82374 25493 2498 405 1 82549 424658 7144 21694 2371 22 314 856 0 117 118 3 13 250 6040 351 1 7 393 91 174 11 3 9 3 1 64 94 162 6 57 358 2 395 27944 338 3676 956 373 8 66 2 2088 194 13472 507 163 0 206 165 1 0 0 1 0 117 0 0 3 0 1 14 31 2408 137 184 54 21 0 18 19 24 3 76 0 61 0 12 0 1 0 1 6 17 0 37 4 0 1 0 0 0 0 0 0 6 21 0 
0 5 0 0 22 1213 0 0 8 0 2 0 0 0 0 0 46 0 0 41 0 0 2705 0 2538 2378 0 0 4612 0 5 157173 0 0 0 4402 32 0 0 0 0 0 0 31 665 0 0 3 0 0 0 0 24 0 0 0 0 0 0 0 12 0 0 4 0 0 416 0 1818 0 3 0 0 0 173 0 1079 0 6 0 0 0 0 0 0 0 0 0 0 0 0 1 0 0 0 104 0 0 0 1 0 0 0 2 0 0 0 0 0 0 0 0 0 0 0 2 0 0 0 0 0 0 0 0 0 0 0 0 0 
0 8 0 0 37 1142 0 0 20 0 9 0 0 0 0 0 98 0 0 130 0 0 4406 0 2938 6113 0 0 2858 0 22 99319 0 0 0 4046 47 0 0 0 0 0 0 20 332 0 0 21 0 0 0 0 22 0 0 0 0 0 0 0 35 0 0 26 0 0 1503 0 722 0 26 0 0 0 1030 0 1061 0 24 0 0 0 0 0 0 4 0 0 0 0 0 1 0 0 0 416 0 0 0 9 0 0 0 3 0 5 0 0 0 0 0 0 0 0 0 10 0 0 0 0 0 0 0 0 0 4 0 0 0 
0 6 0 0 23 1564 0 0 11 0 6 0 0 0 0 0 51 0 0 51 0 0 3881 0 2968 2317 0 0 4530 0 8 228476 0 0 0 4688 27 0 0 0 0 0 0 25 901 0 0 6 0 0 0 0 22 0 0 0 0 0 0 0 11 0 0 12 0 0 868 0 2022 0 17 0 0 0 955 0 856 0 15 0 0 0 0 0 0 3 0 0 0 0 0 1 0 0 0 541 0 0 0 7 0 0 0 6 0 5 0 0 0 0 0 0 0 0 0 3 0 0 0 0 0 0 0 0 0 0 0 0 0 
0 6 0 0 27 1351 0 0 11 0 5 0 0 0 0 0 67 0 0 67 0 0 3510 0 2893 3067 0 0 4252 0 8 202231 0 0 0 4384 37 0 0 0 0 0 0 27 595 0 0 7 0 0 0 0 24 0 0 0 0 0 0 0 18 0 0 11 0 0 989 0 1936 0 15 0 0 0 719 0 814 0 14 0 0 0 0 0 0 2 0 0 0 0 0 0 0 0 0 323 0 0 0 7 0 0 0 4 0 3 0 0 0 0 0 0 0 0 0 3 0 0 0 0 0 0 0 0 0 0 0 0 0 
0 3 0 0 20 402 0 0 3 0 0 0 0 0 0 0 57 0 0 24 0 0 678 0 1038 3110 0 0 2583 0 1 39083 0 0 0 2095 39 0 0 0 0 0 0 13 59 0 0 3 0 0 0 0 20 0 0 0 0 0 0 0 19 0 0 0 0 0 0 0 780 0 0 0 0 0 0 0 555 0 0 0 0 0 0 0 0 0 0 0 0 0 0 0 0 0 0 0 0 0 0 0 0 0 0 0 0 0 0 0 0 0 0 0 0 0 0 0 0 0 0 0 0 0 0 0 0 0 0 0 0 
0 5 0 0 16 1350 0 0 5 0 6 0 0 0 0 0 54 0 0 18 0 0 1785 0 2970 1213 0 0 3616 0 1 190386 0 0 0 3778 21 0 0 0 0 0 0 13 576 0 0 1 0 0 0 0 16 0 0 0 0 0 0 0 6 0 0 5 0 0 905 0 1619 0 20 0 0 0 914 0 600 0 10 0 0 0 0 0 0 2 0 0 0 0 0 1 0 0 0 550 0 0 0 4 0 0 0 5 0 2 0 0 0 0 0 0 0 0 0 1 0 0 1 0 0 0 0 0 0 1 0 0 0 
0 6 0 0 26 862 0 0 10 0 7 0 0 0 0 0 62 0 0 41 0 0 1942 0 2068 4985 0 0 2993 0 7 82467 0 0 0 2336 32 0 0 0 0 0 0 11 341 0 0 17 0 0 0 0 10 0 0 0 0 0 0 0 26 0 0 9 0 0 809 0 859 0 20 0 0 0 1004 0 583 0 21 0 0 0 0 0 0 1 0 0 0 0 0 5 0 0 0 311 0 0 0 3 0 0 0 7 0 5 0 0 0 0 0 0 0 0 0 4 0 0 1 0 0 0 0 0 0 1 0 0 0 
0 4 0 0 16 971 0 0 1 0 7 0 0 0 0 0 41 0 0 3 0 0 322 0 2377 1639 0 0 3245 0 0 122884 0 0 0 3488 31 0 0 0 0 0 0 3 56 0 0 0 0 0 0 0 18 0 0 0 0 0 0 0 5 0 0 0 0 0 1204 0 1219 0 20 0 0 0 1013 0 770 0 15 0 0 0 0 0 0 1 0 0 0 0 0 1 0 0 0 542 0 0 0 8 0 0 0 9 0 3 0 0 0 0 0 0 0 0 0 4 0 0 1 0 0 0 0 0 0 3 0 0 0 
0 7 0 0 21 1862 0 0 11 0 12 0 0 0 0 0 46 0 0 39 0 0 3875 0 3479 2170 0 0 4158 0 4 266005 0 0 0 4509 25 0 0 0 0 0 0 20 874 0 0 4 0 0 0 0 17 0 0 0 0 0 0 0 7 0 0 17 0 0 2053 0 1859 0 20 0 0 0 2091 0 857 0 25 0 0 0 0 0 0 6 0 0 0 0 0 4 0 0 0 1182 0 0 0 8 0 0 0 14 0 10 0 0 0 0 0 0 0 0 0 6 0 0 1 0 0 0 0 0 0 3 0 0 0 
0 7 0 0 28 1482 0 0 15 0 7 0 0 0 0 0 51 0 0 67 0 0 4759 0 3067 3731 0 0 4281 0 10 181624 0 0 0 4882 37 0 0 0 0 0 0 30 842 0 0 13 0 0 0 0 26 0 0 0 0 0 0 0 19 0 0 23 0 0 1267 0 1578 0 28 0 0 0 837 0 1215 0 17 0 0 0 0 0 0 1 0 0 0 0 0 2 0 0 0 303 0 0 0 8 0 0 0 2 0 4 0 0 0 0 0 0 0 0 0 3 0 0 0 0 0 0 0 0 0 0 0 0 0 
0 8 0 0 30 1544 0 0 20 0 9 0 0 0 0 0 84 0 0 105 0 0 5606 0 3189 3510 0 0 3815 0 19 199403 0 0 0 4680 36 0 0 0 0 0 0 26 669 0 0 13 0 0 0 0 23 0 0 0 0 0 0 0 14 0 0 32 0 0 1775 0 1579 0 19 0 0 0 1177 0 1024 0 22 0 0 0 0 0 0 4 0 0 0 0 0 0 0 0 0 673 0 0 0 11 0 0 0 9 0 4 0 0 0 0 0 0 0 0 0 6 0 0 0 0 0 0 0 0 0 3 0 0 0 
0 5 0 0 15 1119 0 0 6 0 4 0 0 0 0 0 54 0 0 21 0 0 1848 0 2830 1541 0 0 3006 0 2 143995 0 0 0 2729 20 0 0 0 0 0 0 12 253 0 0 1 0 0 0 0 13 0 0 0 0 0 0 0 6 0 0 4 0 0 899 0 1341 0 12 0 0 0 535 0 595 0 6 0 0 0 0 0 0 2 0 0 0 0 0 0 0 0 0 337 0 0 0 2 0 0 0 5 0 2 0 0 0 0 0 0 0 0 0 1 0 0 0 0 0 0 0 0 0 0 0 0 0 
0 10 0 0 27 2428 0 0 28 0 20 0 0 0 0 0 44 0 0 99 0 0 9518 0 3405 2154 0 0 4882 0 33 330571 0 0 0 5743 30 0 0 0 0 0 0 40 1834 0 0 10 0 0 0 0 14 0 0 0 0 0 0 0 6 0 0 50 0 0 3372 0 2093 0 42 0 0 0 3273 0 900 0 26 0 0 0 0 0 0 12 0 0 0 0 0 16 0 0 0 1634 0 0 0 15 0 0 0 22 0 26 0 0 0 0 0 0 0 0 0 4 0 0 1 0 0 0 0 0 0 8 0 0 0 
0 6 0 0 32 693 0 0 9 0 8 0 0 0 0 0 85 0 0 64 0 0 1473 0 1915 6352 0 0 2473 0 4 61630 0 0 0 2347 43 0 0 0 0 0 0 11 93 0 0 15 0 0 0 0 8 0 0 0 0 0 0 0 41 0 0 10 0 0 880 0 669 0 22 0 0 0 1063 0 478 0 23 0 0 0 0 0 0 2 0 0 0 0 0 5 0 0 0 319 0 0 0 5 0 0 0 8 0 6 0 0 0 0 0 0 0 0 0 9 0 0 1 0 0 0 0 0 0 1 0 0 0 
0 6 0 0 32 827 0 0 11 0 5 0 0 0 0 0 66 0 0 54 0 0 2232 0 1940 6109 0 0 2865 0 10 75049 0 0 0 3021 48 0 0 0 0 0 0 16 272 0 0 25 0 0 0 0 12 0 0 0 0 0 0 0 40 0 0 5 0 0 552 0 892 0 19 0 0 0 861 0 877 0 17 0 0 0 0 0 0 1 0 0 0 0 0 3 0 0 0 108 0 0 0 5 0 0 0 7 0 5 0 0 0 0 0 0 0 0 0 3 0 0 0 0 0 0 0 0 0 0 0 0 0 
0 7 0 0 27 1787 0 0 14 0 9 0 0 0 0 0 57 0 0 65 0 0 4943 0 3174 2371 0 0 4696 0 11 249803 0 0 0 5230 38 0 0 0 0 0 0 34 1068 0 0 9 0 0 0 0 21 0 0 0 0 0 0 0 8 0 0 18 0 0 1454 0 2153 0 28 0 0 0 1520 0 1053 0 19 0 0 0 0 0 0 4 0 0 0 0 0 2 0 0 0 770 0 0 0 13 0 0 0 10 0 9 0 0 0 0 0 0 0 0 0 1 0 0 0 0 0 0 0 0 0 2 0 0 0 
0 8 0 0 25 1889 0 0 14 0 16 0 0 0 0 0 52 0 0 51 0 0 4788 0 3598 2990 0 0 4448 0 7 262537 0 0 0 4564 27 0 0 0 0 0 0 26 884 0 0 8 0 0 0 0 17 0 0 0 0 0 0 0 12 0 0 21 0 0 2845 0 1856 0 26 0 0 0 2290 0 880 0 34 0 0 0 0 0 0 7 0 0 0 0 0 7 0 0 0 1241 0 0 0 12 0 0 0 16 0 20 0 0 0 0 0 0 0 0 0 10 0 0 1 0 0 0 0 0 0 5 0 0 0 
0 4 0 0 18 992 0 0 2 0 5 0 0 0 0 0 43 0 0 10 0 0 668 0 2170 2070 0 0 3242 0 0 127102 0 0 0 3719 33 0 0 0 0 0 0 6 166 0 0 0 0 0 0 0 18 0 0 0 0 0 0 0 4 0 0 1 0 0 871 0 1356 0 12 0 0 0 813 0 970 0 13 0 0 0 0 0 0 0 0 0 0 0 0 2 0 0 0 360 0 0 0 9 0 0 0 9 0 1 0 0 0 0 0 0 0 0 0 5 0 0 1 0 0 0 0 0 0 1 0 0 0 
0 4 0 0 16 1158 0 0 4 0 3 0 0 0 0 0 48 0 0 17 0 0 1391 0 2551 1275 0 0 3375 0 1 172171 0 0 0 3779 22 0 0 0 0 0 0 13 489 0 0 1 0 0 0 0 18 0 0 0 0 0 0 0 7 0 0 3 0 0 376 0 1661 0 11 0 0 0 509 0 644 0 8 0 0 0 0 0 0 1 0 0 0 0 0 0 0 0 0 339 0 0 0 3 0 0 0 3 0 1 0 0 0 0 0 0 0 0 0 1 0 0 0 0 0 0 0 0 0 0 0 0 0 
0 4 0 0 20 969 0 0 1 0 5 0 0 0 0 0 61 0 0 3 0 0 403 0 2375 2257 0 0 2489 0 0 122731 0 0 0 4153 35 0 0 0 0 0 0 3 63 0 0 1 0 0 0 0 19 0 0 0 0 0 0 0 13 0 0 0 0 0 918 0 1069 0 17 0 0 0 774 0 912 0 14 0 0 0 0 0 0 1 0 0 0 0 0 1 0 0 0 337 0 0 0 8 0 0 0 8 0 0 0 0 0 0 0 0 0 0 0 5 0 0 0 0 0 0 0 0 0 2 0 0 0 
0 8 0 0 24 1777 0 0 16 0 15 0 0 0 0 0 62 0 0 68 0 0 4832 0 3575 2537 0 0 3915 0 10 247747 0 0 0 4382 27 0 0 0 0 0 0 25 741 0 0 6 0 0 0 0 19 0 0 0 0 0 0 0 9 0 0 32 0 0 2802 0 1733 0 26 0 0 0 2371 0 830 0 28 0 0 0 0 0 0 6 0 0 0 0 0 5 0 0 0 1137 0 0 0 7 0 0 0 12 0 13 0 0 0 0 0 0 0 0 0 7 0 0 2 0 0 0 0 0 0 6 0 0 0 
0 8 0 0 32 1103 0 0 17 0 13 0 0 0 0 0 71 0 0 68 0 0 3873 0 2558 6103 0 0 2980 0 13 97356 0 0 0 3144 36 0 0 0 0 0 0 26 489 0 0 24 0 0 0 0 13 0 0 0 0 0 0 0 34 0 0 22 0 0 1356 0 1069 0 37 0 0 0 1397 0 1029 0 30 0 0 0 0 0 0 5 0 0 0 0 0 11 0 0 0 190 0 0 0 11 0 0 0 7 0 18 0 0 0 0 0 0 0 0 0 10 0 0 0 0 0 0 0 0 0 0 0 0 0 
0 10 0 0 32 2103 0 0 27 0 20 0 0 0 0 0 64 0 0 113 0 0 8109 0 3664 3418 0 0 3753 0 24 266418 0 0 0 5634 32 0 0 0 0 0 0 40 1280 0 0 11 0 0 0 0 21 0 0 0 0 0 0 0 16 0 0 65 0 0 3749 0 1625 0 46 0 0 0 2947 0 1100 0 45 0 0 0 0 0 0 8 0 0 0 0 0 7 0 0 0 1120 0 0 0 17 0 0 0 11 0 21 0 0 0 0 0 0 0 0 0 11 0 0 1 0 0 0 0 0 0 11 0 0 0 
0 9 0 0 28 1755 0 0 19 0 20 0 0 0 0 0 72 0 0 88 0 0 5511 0 3803 3659 0 0 3479 0 14 207892 0 0 0 4697 27 0 0 0 0 0 0 21 734 0 0 5 0 0 0 0 13 0 0 0 0 0 0 0 13 0 0 36 0 0 3147 0 1150 0 47 0 0 0 2912 0 960 0 40 0 0 0 0 0 0 10 0 0 0 0 0 11 0 0 0 1081 0 0 0 11 0 0 0 15 0 21 0 0 0 0 0 0 0 0 0 10 0 0 2 0 0 0 0 0 0 13 0 0 0 
0 9 0 0 22 1916 0 0 22 0 16 0 0 0 0 0 52 0 0 73 0 0 6917 0 3703 2482 0 0 4710 0 20 238414 0 0 0 3828 18 0 0 0 0 0 0 30 1091 0 0 8 0 0 0 0 18 0 0 0 0 0 0 0 8 0 0 46 0 0 3195 0 1674 0 28 0 0 0 1829 0 893 0 23 0 0 0 0 0 0 8 0 0 0 0 0 8 0 0 0 1014 0 0 0 12 0 0 0 7 0 8 0 0 0 0 0 0 0 0 0 5 0 0 1 0 0 0 0 0 0 7 0 0 0 
0 2 0 0 14 439 0 0 0 0 1 0 0 0 0 0 42 0 0 0 0 0 0 0 1192 1745 0 0 1694 0 0 47965 0 0 0 2498 28 0 0 0 0 0 0 0 0 0 0 0 0 0 0 0 16 0 0 0 0 0 0 0 15 0 0 0 0 0 190 0 647 0 6 0 0 0 143 0 557 0 3 0 0 0 0 0 0 0 0 0 0 0 0 0 0 0 0 51 0 0 0 4 0 0 0 0 0 0 0 0 0 0 0 0 0 0 0 1 0 0 0 0 0 0 0 0 0 0 0 0 0 
0 7 0 0 25 1568 0 0 14 0 8 0 0 0 0 0 46 0 0 66 0 0 4755 0 3061 2927 0 0 4099 0 10 191001 0 0 0 4779 27 0 0 0 0 0 0 30 944 0 0 5 0 0 0 0 24 0 0 0 0 0 0 0 16 0 0 18 0 0 1343 0 1679 0 26 0 0 0 1034 0 1063 0 18 0 0 0 0 0 0 3 0 0 0 0 0 4 0 0 0 416 0 0 0 6 0 0 0 3 0 5 0 0 0 0 0 0 0 0 0 2 0 0 0 0 0 0 0 0 0 0 0 0 0 
0 7 0 0 30 1458 0 0 19 0 3 0 0 0 0 0 85 0 0 103 0 0 5844 0 2974 3228 0 0 4027 0 25 176369 0 0 0 5211 43 0 0 0 0 0 0 41 959 0 0 14 0 0 0 0 21 0 0 0 0 0 0 0 13 0 0 15 0 0 496 0 1548 0 9 0 0 0 316 0 1073 0 8 0 0 0 0 0 0 0 0 0 0 0 0 0 0 0 0 306 0 0 0 2 0 0 0 3 0 0 0 0 0 0 0 0 0 0 0 1 0 0 0 0 0 0 0 0 0 0 0 0 0 
0 9 0 0 32 1760 0 0 19 0 19 0 0 0 0 0 68 0 0 65 0 0 4932 0 3336 4834 0 0 3394 0 16 225303 0 0 0 4367 32 0 0 0 0 0 0 21 776 0 0 25 0 0 0 0 13 0 0 0 0 0 0 0 20 0 0 30 0 0 3450 0 1548 0 43 0 0 0 2858 0 988 0 48 0 0 0 0 0 0 12 0 0 0 0 0 10 0 0 0 1005 0 0 0 15 0 0 0 12 0 16 0 0 0 0 0 0 0 0 0 14 0 0 4 0 0 0 0 0 0 11 0 0 0 
0 6 0 0 18 1368 0 0 6 0 12 0 0 0 0 0 52 0 0 15 0 0 1971 0 3180 2434 0 0 3582 0 1 170285 0 0 0 3029 21 0 0 0 0 0 0 14 405 0 0 4 0 0 0 0 16 0 0 0 0 0 0 0 5 0 0 7 0 0 1929 0 1397 0 25 0 0 0 1836 0 811 0 19 0 0 0 0 0 0 2 0 0 0 0 0 6 0 0 0 790 0 0 0 11 0 0 0 5 0 8 0 0 0 0 0 0 0 0 0 9 0 0 2 0 0 0 0 0 0 7 0 0 0 
0 7 0 0 25 1690 0 0 11 0 11 0 0 0 0 0 49 0 0 45 0 0 3791 0 3070 2949 0 0 4133 0 4 223403 0 0 0 4751 37 0 0 0 0 0 0 26 651 0 0 5 0 0 0 0 18 0 0 0 0 0 0 0 11 0 0 17 0 0 2055 0 1851 0 26 0 0 0 1777 0 1135 0 24 0 0 0 0 0 0 5 0 0 0 0 0 2 0 0 0 809 0 0 0 13 0 0 0 12 0 6 0 0 0 0 0 0 0 0 0 6 0 0 2 0 0 0 0 0 0 4 0 0 0 
0 7 0 0 18 1560 0 0 13 0 9 0 0 0 0 0 48 0 0 50 0 0 4039 0 3490 1886 0 0 4340 0 10 204824 0 0 0 3228 21 0 0 0 0 0 0 20 688 0 0 3 0 0 0 0 17 0 0 0 0 0 0 0 6 0 0 17 0 0 1937 0 1678 0 16 0 0 0 1056 0 798 0 12 0 0 0 0 0 0 3 0 0 0 0 0 0 0 0 0 660 0 0 0 6 0 0 0 5 0 4 0 0 0 0 0 0 0 0 0 2 0 0 1 0 0 0 0 0 0 5 0 0 0 
0 7 0 0 23 1766 0 0 14 0 7 0 0 0 0 0 60 0 0 54 0 0 4819 0 3258 2110 0 0 4187 0 10 250108 0 0 0 4963 32 0 0 0 0 0 0 25 876 0 0 5 0 0 0 0 19 0 0 0 0 0 0 0 7 0 0 15 0 0 1442 0 2054 0 18 0 0 0 1157 0 1000 0 13 0 0 0 0 0 0 4 0 0 0 0 0 1 0 0 0 700 0 0 0 8 0 0 0 12 0 5 0 0 0 0 0 0 0 0 0 4 0 0 0 0 0 0 0 0 0 0 0 0 0 
0 7 0 0 28 1495 0 0 15 0 6 0 0 0 0 0 83 0 0 78 0 0 4735 0 3145 3047 0 0 3304 0 11 183394 0 0 0 5084 43 0 0 0 0 0 0 28 669 0 0 9 0 0 0 0 18 0 0 0 0 0 0 0 12 0 0 19 0 0 1155 0 1454 0 16 0 0 0 869 0 1188 0 13 0 0 0 0 0 0 3 0 0 0 0 0 1 0 0 0 422 0 0 0 3 0 0 0 11 0 0 0 0 0 0 0 0 0 0 0 5 0 0 0 0 0 0 0 0 0 1 0 0 0 
0 6 0 0 19 1502 0 0 7 0 9 0 0 0 0 0 57 0 0 24 0 0 2325 0 3534 1469 0 0 3761 0 2 194669 0 0 0 4481 27 0 0 0 0 0 0 17 511 0 0 1 0 0 0 0 16 0 0 0 0 0 0 0 5 0 0 8 0 0 1496 0 1405 0 25 0 0 0 1462 0 680 0 18 0 0 0 0 0 0 2 0 0 0 0 0 3 0 0 0 828 0 0 0 7 0 0 0 11 0 5 0 0 0 0 0 0 0 0 0 2 0 0 1 0 0 0 0 0 0 3 0 0 0 
0 4 0 0 21 1091 0 0 3 0 3 0 0 0 0 0 56 0 0 21 0 0 1096 0 2270 2272 0 0 2681 0 0 164470 0 0 0 4360 41 0 0 0 0 0 0 9 229 0 0 2 0 0 0 0 20 0 0 0 0 0 0 0 12 0 0 2 0 0 598 0 1618 0 7 0 0 0 585 0 903 0 6 0 0 0 0 0 0 1 0 0 0 0 0 0 0 0 0 259 0 0 0 8 0 0 0 5 0 1 0 0 0 0 0 0 0 0 0 5 0 0 0 0 0 0 0 0 0 0 0 0 0 
0 6 0 0 22 1202 0 0 10 0 7 0 0 0 0 0 43 0 0 37 0 0 3147 0 2664 3315 0 0 4380 0 6 141399 0 0 0 3310 23 0 0 0 0 0 0 17 531 0 0 10 0 0 0 0 20 0 0 0 0 0 0 0 12 0 0 12 0 0 999 0 1447 0 22 0 0 0 812 0 970 0 21 0 0 0 0 0 0 2 0 0 0 0 0 3 0 0 0 369 0 0 0 3 0 0 0 6 0 6 0 0 0 0 0 0 0 0 0 3 0 0 0 0 0 0 0 0 0 0 0 0 0 
0 5 0 0 23 850 0 0 4 0 7 0 0 0 0 0 71 0 0 16 0 0 1149 0 2305 3673 0 0 1953 0 0 108428 0 0 0 2588 27 0 0 0 0 0 0 6 117 0 0 7 0 0 0 0 9 0 0 0 0 0 0 0 26 0 0 4 0 0 776 0 1178 0 26 0 0 0 997 0 556 0 26 0 0 0 0 0 0 2 0 0 0 0 0 2 0 0 0 197 0 0 0 2 0 0 0 5 0 4 0 0 0 0 0 0 0 0 0 6 0 0 1 0 0 0 0 0 0 0 0 0 0 
0 6 0 0 33 928 0 0 14 0 1 0 0 0 0 0 89 0 0 113 0 0 3600 0 2240 4709 0 0 2928 0 16 100427 0 0 0 4076 60 0 0 0 0 0 0 23 313 0 0 16 0 0 0 0 21 0 0 0 0 0 0 0 34 0 0 4 0 0 303 0 1141 0 2 0 0 0 41 0 954 0 0 0 0 0 0 0 0 0 0 0 0 0 0 0 0 0 0 25 0 0 0 1 0 0 0 1 0 0 0 0 0 0 0 0 0 0 0 1 0 0 0 0 0 0 0 0 0 0 0 0 0 
0 7 0 0 26 1559 0 0 7 0 17 0 0 0 0 0 66 0 0 32 0 0 2292 0 3335 3495 0 0 3220 0 0 208929 0 0 0 4356 34 0 0 0 0 0 0 13 410 0 0 5 0 0 0 0 16 0 0 0 0 0 0 0 13 0 0 10 0 0 2970 0 1426 0 39 0 0 0 2445 0 960 0 37 0 0 0 0 0 0 8 0 0 0 0 0 7 0 0 0 1051 0 0 0 13 0 0 0 13 0 11 0 0 0 0 0 0 0 0 0 13 0 0 2 0 0 0 0 0 0 13 0 0 0 
0 5 0 0 27 1109 0 0 7 0 3 0 0 0 0 0 73 0 0 52 0 0 2142 0 2631 2752 0 0 2780 0 3 144880 0 0 0 5023 48 0 0 0 0 0 0 18 307 0 0 4 0 0 0 0 21 0 0 0 0 0 0 0 18 0 0 5 0 0 416 0 1311 0 10 0 0 0 719 0 855 0 9 0 0 0 0 0 0 0 0 0 0 0 0 1 0 0 0 263 0 0 0 4 0 0 0 5 0 1 0 0 0 0 0 0 0 0 0 4 0 0 0 0 0 0 0 0 0 0 0 0 0 
0 4 0 0 19 828 0 0 3 0 5 0 0 0 0 0 44 0 0 13 0 0 882 0 1916 2722 0 0 3306 0 0 85129 0 0 0 3058 30 0 0 0 0 0 0 9 163 0 0 3 0 0 0 0 19 0 0 0 0 0 0 0 17 0 0 3 0 0 786 0 1080 0 15 0 0 0 740 0 928 0 13 0 0 0 0 0 0 2 0 0 0 0 0 1 0 0 0 283 0 0 0 9 0 0 0 5 0 3 0 0 0 0 0 0 0 0 0 3 0 0 0 0 0 0 0 0 0 0 0 0 0 
0 8 0 0 33 1675 0 0 17 0 11 0 0 0 0 0 73 0 0 92 0 0 5215 0 3433 4485 0 0 3270 0 12 200926 0 0 0 5694 46 0 0 0 0 0 0 27 679 0 0 12 0 0 0 0 22 0 0 0 0 0 0 0 23 0 0 25 0 0 1878 0 1331 0 30 0 0 0 1785 0 1125 0 26 0 0 0 0 0 0 2 0 0 0 0 0 4 0 0 0 727 0 0 0 13 0 0 0 9 0 10 0 0 0 0 0 0 0 0 0 9 0 0 0 0 0 0 0 0 0 3 0 0 0 
0 9 0 0 21 2217 0 0 19 0 20 0 0 0 0 0 39 0 0 56 0 0 6610 0 3581 2032 0 0 5239 0 10 292735 0 0 0 4278 22 0 0 0 0 0 0 28 1467 0 0 6 0 0 0 0 16 0 0 0 0 0 0 0 4 0 0 41 0 0 3379 0 1925 0 37 0 0 0 3114 0 811 0 28 0 0 0 0 0 0 9 0 0 0 0 0 10 0 0 0 1543 0 0 0 14 0 0 0 14 0 25 0 0 0 0 0 0 0 0 0 2 0 0 3 0 0 0 0 0 0 8 0 0 0 
0 10 0 0 27 2275 0 0 31 0 16 0 0 0 0 0 59 0 0 100 0 0 9847 0 3560 2527 0 0 5177 0 38 290118 0 0 0 5005 35 0 0 0 0 0 0 60 1831 0 0 15 0 0 0 0 17 0 0 0 0 0 0 0 8 0 0 63 0 0 2907 0 1777 0 29 0 0 0 2242 0 833 0 20 0 0 0 0 0 0 8 0 0 0 0 0 5 0 0 0 1372 0 0 0 10 0 0 0 10 0 16 0 0 0 0 0 0 0 0 0 3 0 0 2 0 0 0 0 0 0 4 0 0 0 
0 4 0 0 18 1112 0 0 5 0 2 0 0 0 0 0 47 0 0 30 0 0 1790 0 2467 1542 0 0 3553 0 2 155942 0 0 0 4197 26 0 0 0 0 0 0 13 531 0 0 2 0 0 0 0 22 0 0 0 0 0 0 0 8 0 0 4 0 0 249 0 1540 0 7 0 0 0 249 0 792 0 7 0 0 0 0 0 0 0 0 0 0 0 0 0 0 0 0 224 0 0 0 2 0 0 0 2 0 0 0 0 0 0 0 0 0 0 0 0 0 0 0 0 0 0 0 0 0 0 0 0 0 
0 5 0 0 25 509 0 0 4 0 8 0 0 0 0 0 75 0 0 26 0 0 468 0 1459 4765 0 0 1328 0 1 39273 0 0 0 1870 32 0 0 0 0 0 0 3 99 0 0 8 0 0 0 0 5 0 0 0 0 0 0 0 32 0 0 0 0 0 430 0 567 0 32 0 0 0 1038 0 420 0 24 0 0 0 0 0 0 4 0 0 0 0 0 6 0 0 0 96 0 0 0 0 0 0 0 7 0 6 0 0 0 0 0 0 0 0 0 6 0 0 0 0 0 0 0 0 0 0 0 0 0 
0 5 0 0 22 969 0 0 7 0 5 0 0 0 0 0 71 0 0 42 0 0 2297 0 2536 2410 0 0 3047 0 2 116224 0 0 0 3264 32 0 0 0 0 0 0 11 269 0 0 7 0 0 0 0 16 0 0 0 0 0 0 0 11 0 0 12 0 0 666 0 1144 0 15 0 0 0 623 0 731 0 13 0 0 0 0 0 0 0 0 0 0 0 0 1 0 0 0 298 0 0 0 5 0 0 0 5 0 1 0 0 0 0 0 0 0 0 0 2 0 0 0 0 0 0 0 0 0 0 0 0 0 
0 7 0 0 22 1376 0 0 11 0 12 0 0 0 0 0 66 0 0 46 0 0 2964 0 3337 2719 0 0 3295 0 6 159037 0 0 0 3262 25 0 0 0 0 0 0 18 402 0 0 4 0 0 0 0 16 0 0 0 0 0 0 0 13 0 0 15 0 0 2176 0 1154 0 31 0 0 0 1703 0 864 0 20 0 0 0 0 0 0 3 0 0 0 0 0 4 0 0 0 710 0 0 0 9 0 0 0 7 0 9 0 0 0 0 0 0 0 0 0 4 0 0 1 0 0 0 0 0 0 8 0 0 0 
0 4 0 0 17 913 0 0 2 0 4 0 0 0 0 0 57 0 0 8 0 0 783 0 2237 1826 0 0 2304 0 0 113652 0 0 0 3584 32 0 0 0 0 0 0 4 111 0 0 2 0 0 0 0 17 0 0 0 0 0 0 0 6 0 0 1 0 0 702 0 1082 0 12 0 0 0 584 0 794 0 8 0 0 0 0 0 0 2 0 0 0 0 0 0 0 0 0 219 0 0 0 3 0 0 0 8 0 0 0 0 0 0 0 0 0 0 0 4 0 0 0 0 0 0 0 0 0 1 0 0 0 
0 5 0 0 21 984 0 0 6 0 5 0 0 0 0 0 57 0 0 36 0 0 1832 0 2395 2815 0 0 3943 0 1 113623 0 0 0 3189 25 0 0 0 0 0 0 10 269 0 0 3 0 0 0 0 18 0 0 0 0 0 0 0 15 0 0 8 0 0 874 0 1294 0 15 0 0 0 577 0 898 0 16 0 0 0 0 0 0 1 0 0 0 0 0 1 0 0 0 214 0 0 0 3 0 0 0 7 0 2 0 0 0 0 0 0 0 0 0 3 0 0 0 0 0 0 0 0 0 0 0 0 0 
0 2 0 0 13 584 0 0 0 0 1 0 0 0 0 0 43 0 0 0 0 0 0 0 1437 1119 0 0 1806 0 0 86182 0 0 0 3115 31 0 0 0 0 0 0 0 0 0 0 0 0 0 0 0 18 0 0 0 0 0 0 0 5 0 0 0 0 0 143 0 1001 0 1 0 0 0 237 0 613 0 3 0 0 0 0 0 0 0 0 0 0 0 0 0 0 0 0 100 0 0 0 3 0 0 0 4 0 0 0 0 0 0 0 0 0 0 0 3 0 0 0 0 0 0 0 0 0 0 0 0 0 
0 6 0 0 17 1344 0 0 8 0 9 0 0 0 0 0 52 0 0 28 0 0 2584 0 3231 1795 0 0 4292 0 3 153298 0 0 0 3294 22 0 0 0 0 0 0 14 464 0 0 0 0 0 0 0 13 0 0 0 0 0 0 0 3 0 0 8 0 0 1509 0 1411 0 18 0 0 0 1326 0 776 0 13 0 0 0 0 0 0 3 0 0 0 0 0 6 0 0 0 591 0 0 0 9 0 0 0 11 0 8 0 0 0 0 0 0 0 0 0 3 0 0 0 0 0 0 0 0 0 1 0 0 0 
0 11 0 0 35 1939 0 0 37 0 20 0 0 0 0 0 66 0 0 163 0 0 9860 0 3410 5124 0 0 4271 0 48 206577 0 0 0 5312 40 0 0 0 0 0 0 47 1320 0 0 17 0 0 0 0 17 0 0 0 0 0 0 0 17 0 0 88 0 0 3571 0 1338 0 49 0 0 0 2392 0 1365 0 31 0 0 0 0 0 0 9 0 0 0 0 0 8 0 0 0 782 0 0 0 12 0 0 0 12 0 22 0 0 0 0 0 0 0 0 0 14 0 0 0 0 0 0 0 0 0 8 0 0 0 
0 5 0 0 18 1287 0 0 5 0 5 0 0 0 0 0 48 0 0 18 0 0 1887 0 2738 1841 0 0 3168 0 1 183134 0 0 0 4002 31 0 0 0 0 0 0 10 408 0 0 3 0 0 0 0 22 0 0 0 0 0 0 0 7 0 0 3 0 0 896 0 1755 0 19 0 0 0 819 0 923 0 7 0 0 0 0 0 0 3 0 0 0 0 0 1 0 0 0 359 0 0 0 6 0 0 0 6 0 2 0 0 0 0 0 0 0 0 0 4 0 0 0 0 0 0 0 0 0 0 0 0 0 
0 5 0 0 16 1368 0 0 6 0 5 0 0 0 0 0 47 0 0 21 0 0 1973 0 2960 1365 0 0 3694 0 1 193948 0 0 0 3712 20 0 0 0 0 0 0 15 645 0 0 2 0 0 0 0 18 0 0 0 0 0 0 0 5 0 0 8 0 0 757 0 1663 0 13 0 0 0 820 0 614 0 11 0 0 0 0 0 0 1 0 0 0 0 0 0 0 0 0 544 0 0 0 5 0 0 0 4 0 3 0 0 0 0 0 0 0 0 0 1 0 0 0 0 0 0 0 0 0 0 0 0 0 
0 4 0 0 22 592 0 0 4 0 2 0 0 0 0 0 66 0 0 27 0 0 933 0 1602 3401 0 0 1708 0 1 53891 0 0 0 2944 36 0 0 0 0 0 0 5 57 0 0 6 0 0 0 0 16 0 0 0 0 0 0 0 22 0 0 2 0 0 366 0 636 0 12 0 0 0 218 0 688 0 5 0 0 0 0 0 0 0 0 0 0 0 0 0 0 0 0 68 0 0 0 4 0 0 0 0 0 1 0 0 0 0 0 0 0 0 0 2 0 0 0 0 0 0 0 0 0 0 0 0 0 
0 4 0 0 18 707 0 0 3 0 3 0 0 0 0 0 53 0 0 20 0 0 816 0 1901 2503 0 0 2069 0 0 65637 0 0 0 2688 30 0 0 0 0 0 0 9 73 0 0 2 0 0 0 0 11 0 0 0 0 0 0 0 16 0 0 3 0 0 563 0 694 0 11 0 0 0 347 0 593 0 5 0 0 0 0 0 0 0 0 0 0 0 0 0 0 0 0 119 0 0 0 0 0 0 0 4 0 0 0 0 0 0 0 0 0 0 0 1 0 0 0 0 0 0 0 0 0 1 0 0 0 
0 7 0 0 27 1456 0 0 16 0 5 0 0 0 0 0 73 0 0 91 0 0 4823 0 3163 2842 0 0 3630 0 17 187754 0 0 0 4381 37 0 0 0 0 0 0 29 576 0 0 5 0 0 0 0 19 0 0 0 0 0 0 0 14 0 0 11 0 0 1174 0 1598 0 13 0 0 0 692 0 854 0 8 0 0 0 0 0 0 4 0 0 0 0 0 0 0 0 0 430 0 0 0 8 0 0 0 5 0 3 0 0 0 0 0 0 0 0 0 2 0 0 0 0 0 0 0 0 0 0 0 0 0 
0 7 0 0 26 1591 0 0 15 0 6 0 0 0 0 0 65 0 0 57 0 0 4758 0 3453 2320 0 0 4126 0 13 196409 0 0 0 5094 46 0 0 0 0 0 0 45 773 0 0 8 0 0 0 0 20 0 0 0 0 0 0 0 7 0 0 14 0 0 1084 0 1611 0 18 0 0 0 1003 0 938 0 9 0 0 0 0 0 0 2 0 0 0 0 0 2 0 0 0 558 0 0 0 8 0 0 0 9 0 4 0 0 0 0 0 0 0 0 0 3 0 0 0 0 0 0 0 0 0 0 0 0 0 
0 7 0 0 24 1563 0 0 13 0 9 0 0 0 0 0 65 0 0 59 0 0 3993 0 3540 2593 0 0 3753 0 9 196499 0 0 0 4710 32 0 0 0 0 0 0 25 607 0 0 5 0 0 0 0 16 0 0 0 0 0 0 0 12 0 0 17 0 0 1496 0 1405 0 25 0 0 0 1462 0 756 0 18 0 0 0 0 0 0 2 0 0 0 0 0 3 0 0 0 828 0 0 0 7 0 0 0 11 0 5 0 0 0 0 0 0 0 0 0 2 0 0 1 0 0 0 0 0 0 3 0 0 0 
340 7 782 1889 17 775 57088 725 17 14 7 544 480 1523 2777 3865 24 903 2688 61 759 81356 2937 189080 1045 1198 185327 211767 936 452 19 60990 6334412 32993 259026 1509 10 3694 1301 14 617 762 766 13 411 27018 521 6 262 1281 971 2884 4 22 15 44 5 1175 892 1484 5 710 658 20 296 75887 666 134464 430 905 12 1857 346 50526 511 114348 317 675 10 1767 217 13 3 4 18 3 242 173 7 3 6 4 162 268 23299 175 23702 424 263 3 596 887 195 2 787 7 208 269 460 12 4 2 13 238 526 0 324 155 0 2 1 6 2 2 3 0 184 125 309 
0 6 0 0 21 1528 0 0 7 0 9 0 0 0 0 0 53 0 0 30 0 0 2435 0 3018 2266 0 0 3339 0 0 211843 0 0 0 4421 26 0 0 0 0 0 0 15 580 0 0 2 0 0 0 0 19 0 0 0 0 0 0 0 10 0 0 11 0 0 1636 0 1661 0 19 0 0 0 1394 0 886 0 24 0 0 0 0 0 0 4 0 0 0 0 0 2 0 0 0 730 0 0 0 9 0 0 0 9 0 4 0 0 0 0 0 0 0 0 0 5 0 0 0 0 0 0 0 0 0 3 0 0 0 
0 9 0 0 31 2013 0 0 25 0 13 0 0 0 0 0 67 0 0 117 0 0 8253 0 3341 2938 0 0 4648 0 29 262429 0 0 0 5593 40 0 0 0 0 0 0 39 1347 0 0 14 0 0 0 0 21 0 0 0 0 0 0 0 8 0 0 40 0 0 2384 0 2063 0 40 0 0 0 1854 0 1137 0 24 0 0 0 0 0 0 9 0 0 0 0 0 4 0 0 0 890 0 0 0 16 0 0 0 11 0 15 0 0 0 0 0 0 0 0 0 1 0 0 0 0 0 0 0 0 0 2 0 0 0 
0 7 0 0 29 1332 0 0 11 0 12 0 0 0 0 0 62 0 0 61 0 0 3149 0 2808 4287 0 0 3696 0 4 168536 0 0 0 4623 40 0 0 0 0 0 0 12 335 0 0 9 0 0 0 0 20 0 0 0 0 0 0 0 12 0 0 21 0 0 2407 0 1505 0 33 0 0 0 1449 0 1200 0 30 0 0 0 0 0 0 5 0 0 0 0 0 3 0 0 0 551 0 0 0 12 0 0 0 12 0 7 0 0 0 0 0 0 0 0 0 13 0 0 2 0 0 0 0 0 0 3 0 0 0 
0 6 0 0 20 1540 0 0 6 0 10 0 0 0 0 0 64 0 0 25 0 0 2156 0 3316 1822 0 0 3612 0 1 208130 0 0 0 4372 25 0 0 0 0 0 0 15 636 0 0 1 0 0 0 0 16 0 0 0 0 0 0 0 8 0 0 8 0 0 1744 0 1554 0 28 0 0 0 1491 0 769 0 18 0 0 0 0 0 0 2 0 0 0 0 0 3 0 0 0 742 0 0 0 10 0 0 0 7 0 3 0 0 0 0 0 0 0 0 0 4 0 0 1 0 0 0 0 0 0 6 0 0 0 
0 8 0 0 22 2007 0 0 16 0 16 0 0 0 0 0 31 0 0 52 0 0 5592 0 3184 2295 0 0 5401 0 12 270924 0 0 0 4463 25 0 0 0 0 0 0 37 1365 0 0 4 0 0 0 0 19 0 0 0 0 0 0 0 6 0 0 27 0 0 2561 0 2133 0 30 0 0 0 2503 0 954 0 23 0 0 0 0 0 0 6 0 0 0 0 0 9 0 0 0 1217 0 0 0 11 0 0 0 13 0 20 0 0 0 0 0 0 0 0 0 4 0 0 1 0 0 0 0 0 0 7 0 0 0 
0 5 0 0 19 1302 0 0 6 0 4 0 0 0 0 0 58 0 0 24 0 0 2134 0 2705 1982 0 0 3228 0 2 185446 0 0 0 4152 32 0 0 0 0 0 0 13 450 0 0 2 0 0 0 0 20 0 0 0 0 0 0 0 7 0 0 4 0 0 744 0 1695 0 12 0 0 0 699 0 1001 0 6 0 0 0 0 0 0 3 0 0 0 0 0 0 0 0 0 356 0 0 0 6 0 0 0 8 0 1 0 0 0 0 0 0 0 0 0 4 0 0 0 0 0 0 0 0 0 0 0 0 0 
0 8 0 0 26 1979 0 0 18 0 11 0 0 0 0 0 58 0 0 73 0 0 6153 0 3400 2547 0 0 4462 0 15 269190 0 0 0 5459 31 0 0 0 0 0 0 32 1303 0 0 8 0 0 0 0 22 0 0 0 0 0 0 0 8 0 0 29 0 0 2158 0 1915 0 28 0 0 0 1537 0 984 0 22 0 0 0 0 0 0 6 0 0 0 0 0 1 0 0 0 916 0 0 0 13 0 0 0 7 0 7 0 0 0 0 0 0 0 0 0 5 0 0 0 0 0 0 0 0 0 4 0 0 0 
0 10 0 0 38 2149 0 0 31 0 16 0 0 0 0 0 62 0 0 132 0 0 9784 0 3158 4495 0 0 4607 0 41 275488 0 0 0 6021 46 0 0 0 0 0 0 69 1709 0 0 26 0 0 0 0 22 0 0 0 0 0 0 0 19 0 0 60 0 0 2934 0 2092 0 40 0 0 0 2213 0 1302 0 34 0 0 0 0 0 0 8 0 0 0 0 0 7 0 0 0 869 0 0 0 21 0 0 0 9 0 15 0 0 0 0 0 0 0 0 0 13 0 0 0 0 0 0 0 0 0 5 0 0 0 
0 2 0 0 9 440 0 0 0 0 1 0 0 0 0 0 39 0 0 0 0 0 0 0 1312 780 0 0 1783 0 0 48142 0 0 0 1753 17 0 0 0 0 0 0 0 0 0 0 0 0 0 0 0 11 0 0 0 0 0 0 0 5 0 0 0 0 0 176 0 665 0 4 0 0 0 125 0 338 0 2 0 0 0 0 0 0 0 0 0 0 0 0 0 0 0 0 69 0 0 0 0 0 0 0 3 0 0 0 0 0 0 0 0 0 0 0 0 0 0 0 0 0 0 0 0 0 0 0 0 0 
0 9 0 0 33 1827 0 0 21 0 17 0 0 0 0 0 48 0 0 96 0 0 6426 0 3320 4626 0 0 4196 0 13 214652 0 0 0 5800 42 0 0 0 0 0 0 31 843 0 0 13 0 0 0 0 21 0 0 0 0 0 0 0 21 0 0 47 0 0 3207 0 1475 0 43 0 0 0 2079 0 1418 0 35 0 0 0 0 0 0 10 0 0 0 0 0 6 0 0 0 1003 0 0 0 17 0 0 0 13 0 17 0 0 0 0 0 0 0 0 0 15 0 0 1 0 0 0 0 0 0 5 0 0 0 
0 11 0 0 27 2300 0 0 39 0 17 0 0 0 0 0 52 0 0 129 0 0 12055 0 3541 2533 0 0 5366 0 60 282703 0 0 0 4918 32 0 0 0 0 0 0 65 1868 0 0 10 0 0 0 0 22 0 0 0 0 0 0 0 7 0 0 72 0 0 3300 0 1963 0 32 0 0 0 2147 0 936 0 12 0 0 0 0 0 0 9 0 0 0 0 0 12 0 0 0 1108 0 0 0 10 0 0 0 9 0 17 0 0 0 0 0 0 0 0 0 4 0 0 1 0 0 0 0 0 0 3 0 0 0 
0 6 0 0 29 730 0 0 10 0 6 0 0 0 0 0 85 0 0 72 0 0 1812 0 2126 5162 0 0 2299 0 6 67186 0 0 0 2594 36 0 0 0 0 0 0 8 54 0 0 10 0 0 0 0 12 0 0 0 0 0 0 0 34 0 0 10 0 0 933 0 632 0 18 0 0 0 647 0 500 0 20 0 0 0 0 0 0 3 0 0 0 0 0 0 0 0 0 303 0 0 0 3 0 0 0 5 0 3 0 0 0 0 0 0 0 0 0 5 0 0 1 0 0 0 0 0 0 1 0 0 0 
0 7 0 0 26 1450 0 0 14 0 8 0 0 0 0 0 75 0 0 71 0 0 4042 0 3170 2614 0 0 3757 0 9 184433 0 0 0 4771 33 0 0 0 0 0 0 23 676 0 0 7 0 0 0 0 23 0 0 0 0 0 0 0 8 0 0 21 0 0 1262 0 1417 0 18 0 0 0 1230 0 811 0 21 0 0 0 0 0 0 3 0 0 0 0 0 3 0 0 0 630 0 0 0 8 0 0 0 8 0 2 0 0 0 0 0 0 0 0 0 4 0 0 0 0 0 0 0 0 0 2 0 0 0 
0 8 0 0 19 1734 0 0 13 0 19 0 0 0 0 0 47 0 0 39 0 0 4104 0 3495 2311 0 0 4897 0 7 215490 0 0 0 3178 19 0 0 0 0 0 0 24 839 0 0 1 0 0 0 0 13 0 0 0 0 0 0 0 4 0 0 20 0 0 3111 0 1768 0 31 0 0 0 2758 0 797 0 30 0 0 0 0 0 0 9 0 0 0 0 0 10 0 0 0 1056 0 0 0 10 0 0 0 12 0 21 0 0 0 0 0 0 0 0 0 5 0 0 2 0 0 0 0 0 0 13 0 0 0 
0 7 0 0 29 1677 0 0 12 0 9 0 0 0 0 0 63 0 0 68 0 0 4093 0 3282 3514 0 0 3787 0 5 240256 0 0 0 5247 43 0 0 0 0 0 0 24 650 0 0 10 0 0 0 0 20 0 0 0 0 0 0 0 19 0 0 16 0 0 1970 0 1869 0 13 0 0 0 1230 0 1027 0 22 0 0 0 0 0 0 4 0 0 0 0 0 2 0 0 0 718 0 0 0 13 0 0 0 11 0 7 0 0 0 0 0 0 0 0 0 8 0 0 0 0 0 0 0 0 0 1 0 0 0 
0 6 0 0 23 1652 0 0 7 0 9 0 0 0 0 0 62 0 0 45 0 0 2500 0 3297 1773 0 0 3521 0 1 257100 0 0 0 5053 34 0 0 0 0 0 0 12 673 0 0 0 0 0 0 0 18 0 0 0 0 0 0 0 7 0 0 8 0 0 1579 0 2028 0 18 0 0 0 1736 0 854 0 19 0 0 0 0 0 0 3 0 0 0 0 0 3 0 0 0 732 0 0 0 11 0 0 0 12 0 7 0 0 0 0 0 0 0 0 0 5 0 0 0 0 0 0 0 0 0 2 0 0 0 
0 5 0 0 27 794 0 0 7 0 3 0 0 0 0 0 71 0 0 54 0 0 1697 0 2018 3765 0 0 2260 0 3 69262 0 0 0 3730 44 0 0 0 0 0 0 9 164 0 0 5 0 0 0 0 20 0 0 0 0 0 0 0 24 0 0 5 0 0 579 0 703 0 17 0 0 0 367 0 864 0 7 0 0 0 0 0 0 1 0 0 0 0 0 0 0 0 0 95 0 0 0 7 0 0 0 0 0 1 0 0 0 0 0 0 0 0 0 4 0 0 0 0 0 0 0 0 0 0 0 0 0 
0 9 0 0 26 2298 0 0 19 0 20 0 0 0 0 0 35 0 0 68 0 0 6504 0 3614 2349 0 0 4881 0 11 319343 0 0 0 5567 30 0 0 0 0 0 0 39 1444 0 0 5 0 0 0 0 15 0 0 0 0 0 0 0 6 0 0 41 0 0 3597 0 1938 0 40 0 0 0 3297 0 943 0 35 0 0 0 0 0 0 9 0 0 0 0 0 10 0 0 0 1737 0 0 0 15 0 0 0 20 0 23 0 0 0 0 0 0 0 0 0 5 0 0 2 0 0 0 0 0 0 10 0 0 0 
0 7 0 0 24 1642 0 0 8 0 15 0 0 0 0 0 52 0 0 35 0 0 2662 0 3506 2531 0 0 4477 0 1 204319 0 0 0 4891 31 0 0 0 0 0 0 19 526 0 0 2 0 0 0 0 19 0 0 0 0 0 0 0 7 0 0 9 0 0 2446 0 1442 0 37 0 0 0 2290 0 932 0 33 0 0 0 0 0 0 6 0 0 0 0 0 7 0 0 0 1143 0 0 0 13 0 0 0 15 0 15 0 0 0 0 0 0 0 0 0 4 0 0 2 0 0 0 0 0 0 6 0 0 0 
0 5 0 0 16 1350 0 0 5 0 6 0 0 0 0 0 54 0 0 18 0 0 1785 0 2970 1213 0 0 3616 0 1 190386 0 0 0 3778 21 0 0 0 0 0 0 13 576 0 0 1 0 0 0 0 16 0 0 0 0 0 0 0 6 0 0 5 0 0 905 0 1619 0 20 0 0 0 914 0 600 0 10 0 0 0 0 0 0 2 0 0 0 0 0 1 0 0 0 550 0 0 0 4 0 0 0 5 0 2 0 0 0 0 0 0 0 0 0 1 0 0 1 0 0 0 0 0 0 1 0 0 0 
0 5 0 0 17 1363 0 0 6 0 4 0 0 0 0 0 39 0 0 17 0 0 2022 0 2752 1633 0 0 3717 0 1 196123 0 0 0 3966 31 0 0 0 0 0 0 18 550 0 0 2 0 0 0 0 20 0 0 0 0 0 0 0 6 0 0 6 0 0 778 0 1876 0 12 0 0 0 694 0 905 0 5 0 0 0 0 0 0 1 0 0 0 0 0 0 0 0 0 421 0 0 0 5 0 0 0 7 0 2 0 0 0 0 0 0 0 0 0 4 0 0 0 0 0 0 0 0 0 0 0 0 0 
0 7 0 0 31 1263 0 0 13 0 10 0 0 0 0 0 72 0 0 63 0 0 3439 0 2818 5084 0 0 3496 0 8 153708 0 0 0 3489 48 0 0 0 0 0 0 23 393 0 0 18 0 0 0 0 12 0 0 0 0 0 0 0 32 0 0 19 0 0 1731 0 1333 0 24 0 0 0 1267 0 629 0 34 0 0 0 0 0 0 6 0 0 0 0 0 3 0 0 0 542 0 0 0 7 0 0 0 7 0 7 0 0 0 0 0 0 0 0 0 7 0 0 2 0 0 0 0 0 0 1 0 0 0 
0 10 0 0 28 2107 0 0 31 0 16 0 0 0 0 0 61 0 0 117 0 0 9168 0 3548 2684 0 0 4932 0 39 267899 0 0 0 4994 31 0 0 0 0 0 0 53 1556 0 0 11 0 0 0 0 19 0 0 0 0 0 0 0 11 0 0 62 0 0 3177 0 1712 0 31 0 0 0 2004 0 841 0 20 0 0 0 0 0 0 9 0 0 0 0 0 5 0 0 0 1215 0 0 0 10 0 0 0 9 0 14 0 0 0 0 0 0 0 0 0 5 0 0 2 0 0 0 0 0 0 5 0 0 0 
0 7 0 0 20 1615 0 0 10 0 13 0 0 0 0 0 47 0 0 38 0 0 3145 0 3578 2368 0 0 4004 0 4 208159 0 0 0 3746 26 0 0 0 0 0 0 19 620 0 0 5 0 0 0 0 18 0 0 0 0 0 0 0 10 0 0 12 0 0 2569 0 1509 0 28 0 0 0 1733 0 915 0 14 0 0 0 0 0 0 4 0 0 0 0 0 7 0 0 0 909 0 0 0 10 0 0 0 5 0 10 0 0 0 0 0 0 0 0 0 7 0 0 2 0 0 0 0 0 0 7 0 0 0 
0 6 0 0 20 1336 0 0 7 0 9 0 0 0 0 0 56 0 0 30 0 0 2441 0 3261 2606 0 0 3301 0 0 156422 0 0 0 3741 23 0 0 0 0 0 0 10 418 0 0 3 0 0 0 0 18 0 0 0 0 0 0 0 11 0 0 14 0 0 1502 0 1126 0 26 0 0 0 1180 0 970 0 18 0 0 0 0 0 0 0 0 0 0 0 0 1 0 0 0 587 0 0 0 7 0 0 0 6 0 3 0 0 0 0 0 0 0 0 0 4 0 0 1 0 0 0 0 0 0 5 0 0 0 
0 5 0 0 23 939 0 0 8 0 2 0 0 0 0 0 87 0 0 47 0 0 2187 0 2677 1702 0 0 2954 0 5 103729 0 0 0 3828 41 0 0 0 0 0 0 24 304 0 0 6 0 0 0 0 16 0 0 0 0 0 0 0 11 0 0 4 0 0 392 0 1031 0 9 0 0 0 231 0 573 0 1 0 0 0 0 0 0 0 0 0 0 0 0 1 0 0 0 158 0 0 0 1 0 0 0 3 0 0 0 0 0 0 0 0 0 0 0 0 0 0 0 0 0 0 0 0 0 0 0 0 0 
0 10 0 0 26 2282 0 0 29 0 18 0 0 0 0 0 48 0 0 79 0 0 9159 0 3297 2937 0 0 4934 0 30 296586 0 0 0 4995 31 0 0 0 0 0 0 53 1754 0 0 12 0 0 0 0 17 0 0 0 0 0 0 0 7 0 0 61 0 0 3095 0 1914 0 29 0 0 0 2794 0 863 0 26 0 0 0 0 0 0 9 0 0 0 0 0 8 0 0 0 1454 0 0 0 15 0 0 0 16 0 23 0 0 0 0 0 0 0 0 0 7 0 0 1 0 0 0 0 0 0 4 0 0 0 
0 8 0 0 25 1674 0 0 18 0 14 0 0 0 0 0 38 0 0 63 0 0 5560 0 2957 3459 0 0 5592 0 13 201801 0 0 0 4430 26 0 0 0 0 0 0 40 1055 0 0 7 0 0 0 0 21 0 0 0 0 0 0 0 8 0 0 40 0 0 2374 0 1894 0 29 0 0 0 1793 0 1208 0 25 0 0 0 0 0 0 5 0 0 0 0 0 8 0 0 0 754 0 0 0 11 0 0 0 12 0 14 0 0 0 0 0 0 0 0 0 7 0 0 0 0 0 0 0 0 0 2 0 0 0 
0 6 0 0 21 1506 0 0 5 0 12 0 0 0 0 0 58 0 0 22 0 0 1696 0 3460 1744 0 0 3862 0 0 195339 0 0 0 4741 28 0 0 0 0 0 0 10 364 0 0 1 0 0 0 0 16 0 0 0 0 0 0 0 5 0 0 5 0 0 2044 0 1362 0 32 0 0 0 1915 0 769 0 28 0 0 0 0 0 0 5 0 0 0 0 0 5 0 0 0 1018 0 0 0 11 0 0 0 14 0 7 0 0 0 0 0 0 0 0 0 3 0 0 2 0 0 0 0 0 0 5 0 0 0 
0 2 0 0 11 339 0 0 1 0 0 0 0 0 0 0 43 0 0 6 0 0 297 0 999 1197 0 0 1352 0 0 33846 0 0 0 1768 22 0 0 0 0 0 0 4 19 0 0 1 0 0 0 0 12 0 0 0 0 0 0 0 5 0 0 0 0 0 0 0 568 0 0 0 0 0 0 0 311 0 0 0 0 0 0 0 0 0 0 0 0 0 0 0 0 0 0 0 0 0 0 0 0 0 0 0 0 0 0 0 0 0 0 0 0 0 0 0 0 0 0 0 0 0 0 0 0 0 0 0 0 
106 6 141 542 36 545 5532 472 12 0 3 33 92 1008 628 2344 62 333 1417 77 1079 91861 1703 34966 1005 6292 47263 13344 2658 655 11 34892 189680 2991 24172 2745 56 954 493 9 116 879 145 22 163 7136 357 26 12 0 0 0 18 0 0 0 4 0 14 227 46 35 133 6 422 9874 491 3048 492 450 9 108 63 1280 118 8108 928 104 5 257 136 0 1 0 0 3 78 11 0 0 0 0 34 52 729 32 181 57 11 6 0 0 0 4 0 0 125 12 51 0 0 0 0 0 8 10 25 0 0 0 0 0 0 0 0 0 4 8 0 
0 7 0 0 22 1649 0 0 14 0 7 0 0 0 0 0 58 0 0 53 0 0 4676 0 3461 2376 0 0 3476 0 11 223602 0 0 0 3896 21 0 0 0 0 0 0 32 892 0 0 6 0 0 0 0 13 0 0 0 0 0 0 0 12 0 0 15 0 0 1360 0 1663 0 14 0 0 0 1045 0 868 0 15 0 0 0 0 0 0 2 0 0 0 0 0 2 0 0 0 501 0 0 0 7 0 0 0 2 0 3 0 0 0 0 0 0 0 0 0 1 0 0 0 0 0 0 0 0 0 2 0 0 0 
0 5 0 0 19 1341 0 0 7 0 3 0 0 0 0 0 54 0 0 30 0 0 2446 0 2862 1770 0 0 3009 0 3 203722 0 0 0 4002 27 0 0 0 0 0 0 17 502 0 0 5 0 0 0 0 18 0 0 0 0 0 0 0 13 0 0 5 0 0 667 0 1678 0 8 0 0 0 484 0 942 0 7 0 0 0 0 0 0 0 0 0 0 0 0 0 0 0 0 376 0 0 0 3 0 0 0 4 0 2 0 0 0 0 0 0 0 0 0 0 0 0 0 0 0 0 0 0 0 0 0 0 0 
0 7 0 0 23 1688 0 0 16 0 5 0 0 0 0 0 58 0 0 67 0 0 5475 0 3186 2613 0 0 3628 0 14 234740 0 0 0 4453 28 0 0 0 0 0 0 27 909 0 0 9 0 0 0 0 20 0 0 0 0 0 0 0 15 0 0 17 0 0 1092 0 1776 0 11 0 0 0 690 0 1110 0 11 0 0 0 0 0 0 1 0 0 0 0 0 0 0 0 0 517 0 0 0 3 0 0 0 5 0 3 0 0 0 0 0 0 0 0 0 0 0 0 0 0 0 0 0 0 0 0 0 0 0 
0 9 0 0 24 1878 0 0 23 0 15 0 0 0 0 0 61 0 0 83 0 0 7177 0 3383 2766 0 0 4530 0 26 239981 0 0 0 3796 21 0 0 0 0 0 0 42 1348 0 0 9 0 0 0 0 14 0 0 0 0 0 0 0 10 0 0 36 0 0 2682 0 1755 0 27 0 0 0 1808 0 1129 0 21 0 0 0 0 0 0 5 0 0 0 0 0 7 0 0 0 760 0 0 0 5 0 0 0 3 0 12 0 0 0 0 0 0 0 0 0 4 0 0 3 0 0 0 0 0 0 9 0 0 0 
0 8 0 0 26 1614 0 0 16 0 13 0 0 0 0 0 53 0 0 61 0 0 4843 0 3264 3757 0 0 4307 0 6 197348 0 0 0 3839 31 0 0 0 0 0 0 29 773 0 0 9 0 0 0 0 16 0 0 0 0 0 0 0 19 0 0 35 0 0 2342 0 1439 0 40 0 0 0 1463 0 1209 0 20 0 0 0 0 0 0 6 0 0 0 0 0 3 0 0 0 734 0 0 0 10 0 0 0 8 0 7 0 0 0 0 0 0 0 0 0 9 0 0 0 0 0 0 0 0 0 5 0 0 0 
0 4 0 0 13 648 0 0 4 0 2 0 0 0 0 0 52 0 0 23 0 0 845 0 2051 1678 0 0 1335 0 1 71781 0 0 0 1748 16 0 0 0 0 0 0 3 114 0 0 1 0 0 0 0 4 0 0 0 0 0 0 0 6 0 0 2 0 0 548 0 478 0 4 0 0 0 108 0 550 0 1 0 0 0 0 0 0 1 0 0 0 0 0 0 0 0 0 107 0 0 0 1 0 0 0 2 0 0 0 0 0 0 0 0 0 0 0 2 0 0 0 0 0 0 0 0 0 0 0 0 0 
0 6 0 0 18 1475 0 0 10 0 5 0 0 0 0 0 58 0 0 38 0 0 3285 0 3572 1614 0 0 3090 0 5 207931 0 0 0 3597 22 0 0 0 0 0 0 23 633 0 0 4 0 0 0 0 10 0 0 0 0 0 0 0 6 0 0 11 0 0 1140 0 1389 0 10 0 0 0 624 0 715 0 5 0 0 0 0 0 0 2 0 0 0 0 0 0 0 0 0 520 0 0 0 5 0 0 0 3 0 1 0 0 0 0 0 0 0 0 0 0 0 0 0 0 0 0 0 0 0 1 0 0 0 
0 6 0 0 24 766 0 0 8 0 9 0 0 0 0 0 63 0 0 47 0 0 1772 0 2313 4714 0 0 1769 0 2 74959 0 0 0 2003 26 0 0 0 0 0 0 7 138 0 0 10 0 0 0 0 9 0 0 0 0 0 0 0 30 0 0 12 0 0 1130 0 464 0 26 0 0 0 770 0 644 0 21 0 0 0 0 0 0 2 0 0 0 0 0 4 0 0 0 212 0 0 0 2 0 0 0 2 0 6 0 0 0 0 0 0 0 0 0 5 0 0 1 0 0 0 0 0 0 1 0 0 0 
0 5 0 0 18 723 0 0 5 0 5 0 0 0 0 0 71 0 0 26 0 0 931 0 2134 2349 0 0 2095 0 1 87747 0 0 0 1786 19 0 0 0 0 0 0 6 107 0 0 4 0 0 0 0 7 0 0 0 0 0 0 0 10 0 0 4 0 0 1228 0 726 0 14 0 0 0 227 0 573 0 8 0 0 0 0 0 0 2 0 0 0 0 0 2 0 0 0 141 0 0 0 6 0 0 0 1 0 0 0 0 0 0 0 0 0 0 0 3 0 0 0 0 0 0 0 0 0 1 0 0 0 
13 6 87 71 19 1097 76 39 10 0 6 2 7 280 397 206 74 303 150 52 119 5798 2569 362 2832 2231 12476 870 2303 28 6 142081 265 3718 375 2570 22 112 218 3 122 17 0 6 192 47 54 6 0 0 0 0 7 0 0 0 2 0 0 64 8 3 15 11 23 1604 1466 20 1022 19 10 12 23 174 692 78 655 3 10 15 42 0 0 0 0 3 5 0 0 0 0 0 3 3 3 439 1 8 0 5 0 0 0 3 0 2 2 0 0 0 0 0 0 0 0 3 5 0 1 0 0 0 0 0 0 1 0 1 0 
0 4 0 0 22 478 0 0 5 0 1 0 0 0 0 0 90 0 0 45 0 0 1012 0 1389 3652 0 0 787 0 2 29388 0 0 0 1941 43 0 0 0 0 0 0 2 99 0 0 3 0 0 0 0 3 0 0 0 0 0 0 0 18 0 0 2 0 0 118 0 106 0 2 0 0 0 70 0 469 0 7 0 0 0 0 0 0 0 0 0 0 0 0 0 0 0 0 17 0 0 0 1 0 0 0 1 0 0 0 0 0 0 0 0 0 0 0 1 0 0 0 0 0 0 0 0 0 0 0 0 0 
0 7 0 0 27 868 0 0 10 0 14 0 0 0 0 0 71 0 0 54 0 0 1717 0 2309 4808 0 0 2333 0 4 86010 0 0 0 2735 33 0 0 0 0 0 0 10 162 0 0 10 0 0 0 0 16 0 0 0 0 0 0 0 26 0 0 13 0 0 2143 0 682 0 40 0 0 0 1157 0 738 0 30 0 0 0 0 0 0 8 0 0 0 0 0 8 0 0 0 280 0 0 0 11 0 0 0 4 0 14 0 0 0 0 0 0 0 0 0 10 0 0 1 0 0 0 0 0 0 3 0 0 0 
0 3 0 0 14 548 0 0 2 0 1 0 0 0 0 0 62 0 0 16 0 0 528 0 1866 1394 0 0 1130 0 0 61030 0 0 0 2205 22 0 0 0 0 0 0 4 61 0 0 0 0 0 0 0 3 0 0 0 0 0 0 0 6 0 0 1 0 0 254 0 411 0 4 0 0 0 86 0 360 0 2 0 0 0 0 0 0 0 0 0 0 0 0 0 0 0 0 51 0 0 0 1 0 0 0 1 0 0 0 0 0 0 0 0 0 0 0 0 0 0 0 0 0 0 0 0 0 0 0 0 0 
0 5 0 0 18 697 0 0 6 0 6 0 0 0 0 0 72 0 0 27 0 0 1533 0 2229 2537 0 0 2162 0 1 71990 0 0 0 2183 17 0 0 0 0 0 0 12 174 0 0 3 0 0 0 0 7 0 0 0 0 0 0 0 9 0 0 8 0 0 730 0 665 0 17 0 0 0 330 0 461 0 15 0 0 0 0 0 0 1 0 0 0 0 0 3 0 0 0 68 0 0 0 2 0 0 0 0 0 4 0 0 0 0 0 0 0 0 0 5 0 0 0 0 0 0 0 0 0 0 0 0 0 
0 4 0 0 19 822 0 0 4 0 2 0 0 0 0 0 63 0 0 26 0 0 1347 0 2093 2578 0 0 1955 0 1 96217 0 0 0 2881 23 0 0 0 0 0 0 6 215 0 0 2 0 0 0 0 15 0 0 0 0 0 0 0 19 0 0 2 0 0 325 0 777 0 9 0 0 0 237 0 881 0 9 0 0 0 0 0 0 0 0 0 0 0 0 0 0 0 0 61 0 0 0 2 0 0 0 0 0 1 0 0 0 0 0 0 0 0 0 1 0 0 0 0 0 0 0 0 0 0 0 0 0 
0 5 0 0 26 344 0 0 6 0 6 0 0 0 0 0 73 0 0 43 0 0 531 0 1034 5429 0 0 1446 0 4 12755 0 0 0 1364 35 0 0 0 0 0 0 5 95 0 0 13 0 0 0 0 11 0 0 0 0 0 0 0 38 0 0 0 0 0 378 0 112 0 24 0 0 0 439 0 324 0 13 0 0 0 0 0 0 1 0 0 0 0 0 6 0 0 0 69 0 0 0 0 0 0 0 0 0 6 0 0 0 0 0 0 0 0 0 4 0 0 0 0 0 0 0 0 0 0 0 0 0 
0 7 0 0 34 921 0 0 15 0 6 0 0 0 0 0 105 0 0 99 0 0 3359 0 2476 5744 0 0 1552 0 13 85203 0 0 0 3668 43 0 0 0 0 0 0 9 251 0 0 15 0 0 0 0 6 0 0 0 0 0 0 0 34 0 0 14 0 0 653 0 524 0 28 0 0 0 772 0 888 0 19 0 0 0 0 0 0 4 0 0 0 0 0 0 0 0 0 115 0 0 0 2 0 0 0 1 0 4 0 0 0 0 0 0 0 0 0 9 0 0 0 0 0 0 0 0 0 0 0 0 0 
0 6 0 0 26 1247 0 0 10 0 5 0 0 0 0 0 76 0 0 56 0 0 2985 0 2677 2886 0 0 2513 0 7 164507 0 0 0 4479 36 0 0 0 0 0 0 19 489 0 0 6 0 0 0 0 21 0 0 0 0 0 0 0 24 0 0 7 0 0 1180 0 1225 0 20 0 0 0 498 0 1170 0 12 0 0 0 0 0 0 1 0 0 0 0 0 1 0 0 0 289 0 0 0 4 0 0 0 2 0 3 0 0 0 0 0 0 0 0 0 4 0 0 0 0 0 0 0 0 0 1 0 0 0 
0 3 0 0 18 605 0 0 2 0 1 0 0 0 0 0 63 0 0 16 0 0 696 0 1823 2119 0 0 1503 0 0 70405 0 0 0 2966 29 0 0 0 0 0 0 7 105 0 0 0 0 0 0 0 7 0 0 0 0 0 0 0 21 0 0 1 0 0 172 0 554 0 8 0 0 0 84 0 629 0 5 0 0 0 0 0 0 0 0 0 0 0 0 0 0 0 0 21 0 0 0 0 0 0 0 0 0 0 0 0 0 0 0 0 0 0 0 0 0 0 0 0 0 0 0 0 0 0 0 0 0 
0 8 0 0 29 1528 0 0 23 0 5 0 0 0 0 0 82 0 0 112 0 0 7064 0 3100 3831 0 0 4493 0 30 175669 0 0 0 4279 32 0 0 0 0 0 0 42 1028 0 0 9 0 0 0 0 19 0 0 0 0 0 0 0 13 0 0 22 0 0 663 0 1569 0 14 0 0 0 517 0 1201 0 12 0 0 0 0 0 0 1 0 0 0 0 0 0 0 0 0 180 0 0 0 3 0 0 0 3 0 3 0 0 0 0 0 0 0 0 0 4 0 0 0 0 0 0 0 0 0 0 0 0 0 
0 7 0 0 26 1580 0 0 13 0 8 0 0 0 0 0 68 0 0 69 0 0 4127 0 3236 2725 0 0 3493 0 8 218848 0 0 0 4590 36 0 0 0 0 0 0 21 637 0 0 6 0 0 0 0 20 0 0 0 0 0 0 0 12 0 0 15 0 0 1542 0 1590 0 19 0 0 0 1155 0 1158 0 15 0 0 0 0 0 0 2 0 0 0 0 0 1 0 0 0 681 0 0 0 10 0 0 0 9 0 8 0 0 0 0 0 0 0 0 0 4 0 0 0 0 0 0 0 0 0 1 0 0 0 
0 5 0 0 21 858 0 0 3 0 7 0 0 0 0 0 80 0 0 15 0 0 676 0 2428 3285 0 0 1483 0 0 104285 0 0 0 2573 22 0 0 0 0 0 0 3 100 0 0 3 0 0 0 0 7 0 0 0 0 0 0 0 25 0 0 3 0 0 1625 0 731 0 26 0 0 0 497 0 750 0 21 0 0 0 0 0 0 2 0 0 0 0 0 0 0 0 0 215 0 0 0 4 0 0 0 1 0 1 0 0 0 0 0 0 0 0 0 5 0 0 0 0 0 0 0 0 0 4 0 0 0 
63 6 603 262 16 1048 1901 175 9 3 7 52 112 1407 1667 636 58 1394 537 40 537 32347 2046 8513 2483 1888 37179 22142 2198 114 5 121539 37282 84504 6021 1953 17 337 1550 7 472 110 76 7 217 999 99 5 130 171 723 67 6 5 5 3 5 14 167 131 8 95 222 10 115 27452 1516 1686 778 206 12 103 640 14847 716 3774 590 119 9 203 272 0 0 1 0 4 70 7 3 0 0 0 17 19 1507 492 735 170 143 4 1 86 149 1 11 2 41 38 28 1 1 0 0 5 15 3 72 22 1 2 0 0 0 1 0 2 22 61 0 
0 8 0 0 23 1738 0 0 16 0 13 0 0 0 0 0 66 0 0 61 0 0 4932 0 3886 2636 0 0 3286 0 11 224445 0 0 0 3759 24 0 0 0 0 0 0 30 807 0 0 8 0 0 0 0 10 0 0 0 0 0 0 0 9 0 0 26 0 0 2604 0 1274 0 21 0 0 0 1736 0 803 0 22 0 0 0 0 0 0 6 0 0 0 0 0 3 0 0 0 881 0 0 0 8 0 0 0 4 0 8 0 0 0 0 0 0 0 0 0 5 0 0 1 0 0 0 0 0 0 7 0 0 0 
0 7 0 0 26 1415 0 0 12 0 9 0 0 0 0 0 76 0 0 72 0 0 3586 0 3333 3534 0 0 2378 0 7 174803 0 0 0 4022 29 0 0 0 0 0 0 10 446 0 0 6 0 0 0 0 11 0 0 0 0 0 0 0 22 0 0 16 0 0 2003 0 976 0 29 0 0 0 930 0 1006 0 18 0 0 0 0 0 0 4 0 0 0 0 0 1 0 0 0 535 0 0 0 7 0 0 0 3 0 2 0 0 0 0 0 0 0 0 0 5 0 0 0 0 0 0 0 0 0 5 0 0 0 
0 7 0 0 31 1390 0 0 16 0 5 0 0 0 0 0 70 0 0 94 0 0 4947 0 2962 4250 0 0 3833 0 15 163769 0 0 0 4768 42 0 0 0 0 0 0 36 824 0 0 9 0 0 0 0 19 0 0 0 0 0 0 0 25 0 0 15 0 0 834 0 1318 0 20 0 0 0 515 0 1359 0 8 0 0 0 0 0 0 1 0 0 0 0 0 2 0 0 0 184 0 0 0 3 0 0 0 2 0 2 0 0 0 0 0 0 0 0 0 7 0 0 0 0 0 0 0 0 0 0 0 0 0 
0 6 0 0 19 1000 0 0 12 0 3 0 0 0 0 0 79 0 0 55 0 0 2977 0 2571 3178 0 0 2605 0 9 114125 0 0 0 2155 16 0 0 0 0 0 0 11 373 0 0 8 0 0 0 0 10 0 0 0 0 0 0 0 11 0 0 10 0 0 822 0 1002 0 8 0 0 0 210 0 809 0 5 0 0 0 0 0 0 1 0 0 0 0 0 0 0 0 0 118 0 0 0 3 0 0 0 0 0 0 0 0 0 0 0 0 0 0 0 0 0 0 0 0 0 0 0 0 0 0 0 0 0 
0 7 0 0 24 1456 0 0 13 0 8 0 0 0 0 0 82 0 0 60 0 0 4019 0 3295 2849 0 0 2835 0 6 178024 0 0 0 4120 25 0 0 0 0 0 0 19 659 0 0 4 0 0 0 0 13 0 0 0 0 0 0 0 17 0 0 20 0 0 1709 0 1129 0 26 0 0 0 836 0 1002 0 16 0 0 0 0 0 0 2 0 0 0 0 0 1 0 0 0 417 0 0 0 6 0 0 0 3 0 4 0 0 0 0 0 0 0 0 0 4 0 0 0 0 0 0 0 0 0 2 0 0 0 
0 7 0 0 24 1297 0 0 15 0 6 0 0 0 0 0 77 0 0 76 0 0 4285 0 2908 3726 0 0 2925 0 11 134026 0 0 0 3368 24 0 0 0 0 0 0 16 664 0 0 5 0 0 0 0 16 0 0 0 0 0 0 0 20 0 0 18 0 0 1049 0 933 0 19 0 0 0 627 0 1188 0 11 0 0 0 0 0 0 2 0 0 0 0 0 2 0 0 0 241 0 0 0 2 0 0 0 2 0 2 0 0 0 0 0 0 0 0 0 5 0 0 0 0 0 0 0 0 0 0 0 0 0 
0 8 0 0 25 1175 0 0 23 0 5 0 0 0 0 0 96 0 0 118 0 0 5490 0 2863 3940 0 0 2493 0 30 112689 0 0 0 2797 24 0 0 0 0 0 0 16 526 0 0 8 0 0 0 0 12 0 0 0 0 0 0 0 12 0 0 22 0 0 1067 0 891 0 8 0 0 0 382 0 960 0 7 0 0 0 0 0 0 1 0 0 0 0 0 1 0 0 0 109 0 0 0 2 0 0 0 2 0 2 0 0 0 0 0 0 0 0 0 5 0 0 0 0 0 0 0 0 0 0 0 0 0 
0 8 0 0 30 1636 0 0 20 0 9 0 0 0 0 0 80 0 0 102 0 0 5875 0 3391 3927 0 0 3136 0 19 213628 0 0 0 4221 38 0 0 0 0 0 0 36 886 0 0 12 0 0 0 0 13 0 0 0 0 0 0 0 21 0 0 32 0 0 1834 0 1385 0 21 0 0 0 1191 0 954 0 16 0 0 0 0 0 0 2 0 0 0 0 0 1 0 0 0 547 0 0 0 10 0 0 0 5 0 6 0 0 0 0 0 0 0 0 0 5 0 0 0 0 0 0 0 0 0 2 0 0 0 
0 7 0 0 22 1348 0 0 15 0 6 0 0 0 0 0 90 0 0 80 0 0 4181 0 3206 2809 0 0 2573 0 11 168626 0 0 0 3191 23 0 0 0 0 0 0 10 522 0 0 5 0 0 0 0 12 0 0 0 0 0 0 0 9 0 0 20 0 0 1578 0 1108 0 11 0 0 0 493 0 856 0 6 0 0 0 0 0 0 2 0 0 0 0 0 0 0 0 0 391 0 0 0 5 0 0 0 3 0 0 0 0 0 0 0 0 0 0 0 4 0 0 0 0 0 0 0 0 0 2 0 0 0 
0 5 0 0 22 1346 0 0 5 0 5 0 0 0 0 0 54 0 0 30 0 0 1894 0 2808 2341 0 0 3211 0 1 204681 0 0 0 4362 36 0 0 0 0 0 0 10 350 0 0 3 0 0 0 0 23 0 0 0 0 0 0 0 11 0 0 3 0 0 927 0 1693 0 15 0 0 0 835 0 1089 0 11 0 0 0 0 0 0 1 0 0 0 0 0 0 0 0 0 509 0 0 0 9 0 0 0 6 0 5 0 0 0 0 0 0 0 0 0 3 0 0 0 0 0 0 0 0 0 0 0 0 0 
0 8 0 0 32 1268 0 0 19 0 9 0 0 0 0 0 82 0 0 105 0 0 5027 0 2881 5372 0 0 2809 0 18 122062 0 0 0 3858 36 0 0 0 0 0 0 22 551 0 0 11 0 0 0 0 18 0 0 0 0 0 0 0 31 0 0 23 0 0 1325 0 758 0 38 0 0 0 888 0 1226 0 20 0 0 0 0 0 0 6 0 0 0 0 0 3 0 0 0 258 0 0 0 3 0 0 0 1 0 5 0 0 0 0 0 0 0 0 0 9 0 0 0 0 0 0 0 0 0 1 0 0 0 
0 7 0 0 26 1515 0 0 13 0 8 0 0 0 0 0 71 0 0 67 0 0 3922 0 3362 2823 0 0 2960 0 8 205296 0 0 0 4674 31 0 0 0 0 0 0 26 711 0 0 6 0 0 0 0 12 0 0 0 0 0 0 0 22 0 0 17 0 0 2028 0 1333 0 26 0 0 0 693 0 997 0 13 0 0 0 0 0 0 5 0 0 0 0 0 1 0 0 0 501 0 0 0 6 0 0 0 3 0 1 0 0 0 0 0 0 0 0 0 4 0 0 0 0 0 0 0 0 0 3 0 0 0 
0 4 0 0 18 969 0 0 5 0 1 0 0 0 0 0 60 0 0 26 0 0 1673 0 2071 2013 0 0 2083 0 2 142998 0 0 0 3436 31 0 0 0 0 0 0 14 350 0 0 5 0 0 0 0 19 0 0 0 0 0 0 0 13 0 0 2 0 0 302 0 1284 0 3 0 0 0 77 0 976 0 0 0 0 0 0 0 0 0 0 0 0 0 0 0 0 0 0 72 0 0 0 2 0 0 0 0 0 0 0 0 0 0 0 0 0 0 0 0 0 0 0 0 0 0 0 0 0 0 0 0 0 
0 6 0 0 26 1315 0 0 12 0 3 0 0 0 0 0 76 0 0 70 0 0 3636 0 3134 2415 0 0 2714 0 10 176677 0 0 0 4804 35 0 0 0 0 0 0 28 565 0 0 5 0 0 0 0 18 0 0 0 0 0 0 0 16 0 0 8 0 0 643 0 1223 0 8 0 0 0 509 0 991 0 10 0 0 0 0 0 0 1 0 0 0 0 0 1 0 0 0 318 0 0 0 1 0 0 0 4 0 0 0 0 0 0 0 0 0 0 0 1 0 0 0 0 0 0 0 0 0 0 0 0 0 
0 7 0 0 28 1294 0 0 13 0 9 0 0 0 0 0 52 0 0 63 0 0 3828 0 2677 4538 0 0 3458 0 6 133664 0 0 0 3917 36 0 0 0 0 0 0 27 595 0 0 9 0 0 0 0 20 0 0 0 0 0 0 0 28 0 0 22 0 0 1466 0 1071 0 33 0 0 0 933 0 1381 0 16 0 0 0 0 0 0 4 0 0 0 0 0 4 0 0 0 358 0 0 0 6 0 0 0 2 0 3 0 0 0 0 0 0 0 0 0 8 0 0 0 0 0 0 0 0 0 1 0 0 0 
0 1 0 0 6 105 0 0 0 0 0 0 0 0 0 0 36 0 0 0 0 0 0 0 472 545 0 0 141 0 0 5427 0 0 0 536 12 0 0 0 0 0 0 0 0 0 0 0 0 0 0 0 0 0 0 0 0 0 0 0 3 0 0 0 0 0 0 0 33 0 0 0 0 0 0 0 92 0 0 0 0 0 0 0 0 0 0 0 0 0 0 0 0 0 0 0 0 0 0 0 0 0 0 0 0 0 0 0 0 0 0 0 0 0 0 0 0 0 0 0 0 0 0 0 0 0 0 0 0 
0 6 0 0 20 892 0 0 7 0 11 0 0 0 0 0 69 0 0 29 0 0 1758 0 2542 2888 0 0 3053 0 1 90631 0 0 0 2622 20 0 0 0 0 0 0 10 188 0 0 3 0 0 0 0 12 0 0 0 0 0 0 0 9 0 0 10 0 0 1579 0 835 0 29 0 0 0 820 0 664 0 23 0 0 0 0 0 0 4 0 0 0 0 0 5 0 0 0 302 0 0 0 5 0 0 0 3 0 10 0 0 0 0 0 0 0 0 0 7 0 0 0 0 0 0 0 0 0 3 0 0 0 
38 6 333 185 21 1057 685 112 8 1 7 18 42 1188 1152 552 59 706 360 39 413 12500 2097 3036 2651 3127 31856 9675 2108 108 2 104545 7872 32444 2802 2640 17 200 1358 9 411 83 34 10 245 480 126 4 28 135 191 18 7 3 3 2 8 0 267 175 14 17 62 10 47 7573 1067 480 699 119 15 65 515 2540 1009 1061 854 42 20 92 203 1 1 1 0 1 46 3 0 2 0 1 36 8 222 304 81 26 65 4 0 4 48 3 13 4 32 16 13 0 0 0 2 0 12 4 53 2 0 0 0 0 0 0 0 2 6 11 0 
0 6 0 0 22 668 0 0 9 0 8 0 0 0 0 0 66 0 0 37 0 0 1645 0 1922 4685 0 0 2081 0 3 49683 0 0 0 1431 22 0 0 0 0 0 0 10 229 0 0 10 0 0 0 0 11 0 0 0 0 0 0 0 22 0 0 12 0 0 873 0 483 0 21 0 0 0 486 0 536 0 19 0 0 0 0 0 0 2 0 0 0 0 0 5 0 0 0 82 0 0 0 7 0 0 0 0 0 7 0 0 0 0 0 0 0 0 0 6 0 0 0 0 0 0 0 0 0 0 0 0 0 
0 2 0 0 10 140 0 0 0 0 2 0 0 0 0 0 49 0 0 0 0 0 0 0 576 1484 0 0 356 0 0 5959 0 0 0 591 12 0 0 0 0 0 0 0 0 0 0 0 0 0 0 0 1 0 0 0 0 0 0 0 8 0 0 0 0 0 118 0 27 0 8 0 0 0 118 0 108 0 8 0 0 0 0 0 0 0 0 0 0 0 0 0 0 0 0 22 0 0 0 0 0 0 0 0 0 0 0 0 0 0 0 0 0 0 0 2 0 0 0 0 0 0 0 0 0 0 0 0 0 
0 6 0 0 30 931 0 0 12 0 3 0 0 0 0 0 95 0 0 87 0 0 2943 0 2480 4820 0 0 2231 0 9 96615 0 0 0 2950 54 0 0 0 0 0 0 14 274 0 0 12 0 0 0 0 13 0 0 0 0 0 0 0 27 0 0 10 0 0 761 0 707 0 6 0 0 0 184 0 838 0 12 0 0 0 0 0 0 1 0 0 0 0 0 0 0 0 0 103 0 0 0 4 0 0 0 1 0 0 0 0 0 0 0 0 0 0 0 3 0 0 0 0 0 0 0 0 0 0 0 0 0 
0 4 0 0 21 587 0 0 4 0 2 0 0 0 0 0 86 0 0 33 0 0 837 0 1964 3012 0 0 1112 0 1 61510 0 0 0 2448 32 0 0 0 0 0 0 4 67 0 0 3 0 0 0 0 3 0 0 0 0 0 0 0 18 0 0 2 0 0 550 0 406 0 9 0 0 0 120 0 392 0 7 0 0 0 0 0 0 1 0 0 0 0 0 0 0 0 0 57 0 0 0 3 0 0 0 1 0 0 0 0 0 0 0 0 0 0 0 0 0 0 0 0 0 0 0 0 0 0 0 0 0 
0 4 0 0 22 634 0 0 3 0 3 0 0 0 0 0 88 0 0 28 0 0 715 0 1952 2708 0 0 1165 0 0 64439 0 0 0 2867 43 0 0 0 0 0 0 4 63 0 0 1 0 0 0 0 3 0 0 0 0 0 0 0 14 0 0 3 0 0 664 0 389 0 11 0 0 0 234 0 394 0 14 0 0 0 0 0 0 0 0 0 0 0 0 0 0 0 0 77 0 0 0 5 0 0 0 2 0 0 0 0 0 0 0 0 0 0 0 0 0 0 0 0 0 0 0 0 0 1 0 0 0 
0 7 0 0 30 1553 0 0 16 0 6 0 0 0 0 0 75 0 0 79 0 0 5044 0 2864 3658 0 0 3472 0 14 215233 0 0 0 4949 42 0 0 0 0 0 0 41 855 0 0 12 0 0 0 0 21 0 0 0 0 0 0 0 19 0 0 20 0 0 1127 0 1793 0 12 0 0 0 1051 0 1252 0 14 0 0 0 0 0 0 2 0 0 0 0 0 1 0 0 0 428 0 0 0 6 0 0 0 5 0 3 0 0 0 0 0 0 0 0 0 5 0 0 0 0 0 0 0 0 0 0 0 0 0 
0 4 0 0 16 478 0 0 5 0 1 0 0 0 0 0 77 0 0 35 0 0 1002 0 1539 2935 0 0 1275 0 2 34129 0 0 0 1354 20 0 0 0 0 0 0 3 49 0 0 2 0 0 0 0 6 0 0 0 0 0 0 0 7 0 0 2 0 0 166 0 230 0 0 0 0 0 108 0 431 0 1 0 0 0 0 0 0 0 0 0 0 0 0 0 0 0 0 28 0 0 0 0 0 0 0 1 0 0 0 0 0 0 0 0 0 0 0 2 0 0 0 0 0 0 0 0 0 0 0 0 0 
0 8 0 0 35 1534 0 0 20 0 8 0 0 0 0 0 76 0 0 120 0 0 5751 0 2875 4701 0 0 3578 0 20 176614 0 0 0 5549 46 0 0 0 0 0 0 26 768 0 0 16 0 0 0 0 24 0 0 0 0 0 0 0 29 0 0 24 0 0 1492 0 1212 0 30 0 0 0 927 0 1561 0 20 0 0 0 0 0 0 3 0 0 0 0 0 3 0 0 0 505 0 0 0 6 0 0 0 8 0 6 0 0 0 0 0 0 0 0 0 7 0 0 0 0 0 0 0 0 0 0 0 0 0 
0 1 0 0 6 105 0 0 0 0 0 0 0 0 0 0 36 0 0 0 0 0 0 0 472 545 0 0 141 0 0 5427 0 0 0 536 12 0 0 0 0 0 0 0 0 0 0 0 0 0 0 0 0 0 0 0 0 0 0 0 3 0 0 0 0 0 0 0 33 0 0 0 0 0 0 0 92 0 0 0 0 0 0 0 0 0 0 0 0 0 0 0 0 0 0 0 0 0 0 0 0 0 0 0 0 0 0 0 0 0 0 0 0 0 0 0 0 0 0 0 0 0 0 0 0 0 0 0 0 
0 4 0 0 20 612 0 0 3 0 3 0 0 0 0 0 56 0 0 17 0 0 903 0 1675 2984 0 0 2896 0 0 53745 0 0 0 2214 31 0 0 0 0 0 0 10 83 0 0 3 0 0 0 0 16 0 0 0 0 0 0 0 12 0 0 3 0 0 429 0 787 0 15 0 0 0 244 0 884 0 7 0 0 0 0 0 0 0 0 0 0 0 0 0 0 0 0 43 0 0 0 4 0 0 0 2 0 0 0 0 0 0 0 0 0 0 0 4 0 0 0 0 0 0 0 0 0 1 0 0 0 
0 1 0 0 6 51 0 0 0 0 0 0 0 0 0 0 21 0 0 0 0 0 0 0 204 1175 0 0 636 0 0 1238 0 0 0 256 11 0 0 0 0 0 0 0 0 0 0 0 0 0 0 0 2 0 0 0 0 0 0 0 4 0 0 0 0 0 0 0 37 0 0 0 0 0 0 0 47 0 0 0 0 0 0 0 0 0 0 0 0 0 0 0 0 0 0 0 0 0 0 0 0 0 0 0 0 0 0 0 0 0 0 0 0 0 0 0 0 0 0 0 0 0 0 0 0 0 0 0 0 
0 5 0 0 25 595 0 0 10 0 0 0 0 0 0 0 72 0 0 63 0 0 1897 0 1532 5107 0 0 2436 0 10 52222 0 0 0 1661 38 0 0 0 0 0 0 13 237 0 0 13 0 0 0 0 10 0 0 0 0 0 0 0 23 0 0 0 0 0 0 0 595 0 0 0 0 0 0 0 607 0 0 0 0 0 0 0 0 0 0 0 0 0 0 0 0 0 0 0 0 0 0 0 0 0 0 0 0 0 0 0 0 0 0 0 0 0 0 0 0 0 0 0 0 0 0 0 0 0 0 0 0 
0 8 0 0 32 1522 0 0 19 0 10 0 0 0 0 0 58 0 0 90 0 0 5504 0 2912 4994 0 0 4042 0 19 179725 0 0 0 4725 40 0 0 0 0 0 0 31 673 0 0 24 0 0 0 0 23 0 0 0 0 0 0 0 28 0 0 24 0 0 1488 0 1314 0 22 0 0 0 1452 0 1366 0 24 0 0 0 0 0 0 4 0 0 0 0 0 3 0 0 0 613 0 0 0 4 0 0 0 10 0 10 0 0 0 0 0 0 0 0 0 8 0 0 0 0 0 0 0 0 0 2 0 0 0 
0 4 0 0 20 561 0 0 5 0 1 0 0 0 0 0 47 0 0 19 0 0 1025 0 1493 4123 0 0 2387 0 2 51698 0 0 0 1607 30 0 0 0 0 0 0 7 178 0 0 12 0 0 0 0 12 0 0 0 0 0 0 0 23 0 0 2 0 0 198 0 557 0 0 0 0 0 37 0 576 0 4 0 0 0 0 0 0 0 0 0 0 0 0 0 0 0 0 31 0 0 0 1 0 0 0 1 0 0 0 0 0 0 0 0 0 0 0 3 0 0 0 0 0 0 0 0 0 0 0 0 0 
0 3 0 0 16 467 0 0 2 0 1 0 0 0 0 0 57 0 0 15 0 0 467 0 1256 3028 0 0 1532 0 0 71795 0 0 0 1350 24 0 0 0 0 0 0 3 24 0 0 3 0 0 0 0 6 0 0 0 0 0 0 0 17 0 0 1 0 0 368 0 763 0 2 0 0 0 35 0 357 0 3 0 0 0 0 0 0 0 0 0 0 0 0 0 0 0 0 5 0 0 0 3 0 0 0 0 0 0 0 0 0 0 0 0 0 0 0 1 0 0 0 0 0 0 0 0 0 0 0 0 0 
0 5 0 0 25 622 0 0 9 0 1 0 0 0 0 0 59 0 0 42 0 0 1642 0 1522 5109 0 0 2703 0 7 53498 0 0 0 1852 37 0 0 0 0 0 0 12 271 0 0 18 0 0 0 0 13 0 0 0 0 0 0 0 26 0 0 3 0 0 198 0 587 0 0 0 0 0 37 0 634 0 4 0 0 0 0 0 0 0 0 0 0 0 0 0 0 0 0 31 0 0 0 1 0 0 0 1 0 0 0 0 0 0 0 0 0 0 0 3 0 0 0 0 0 0 0 0 0 0 0 0 0 
0 3 0 0 18 349 0 0 2 0 1 0 0 0 0 0 45 0 0 6 0 0 305 0 1033 3658 0 0 1756 0 0 29542 0 0 0 1361 29 0 0 0 0 0 0 4 47 0 0 8 0 0 0 0 10 0 0 0 0 0 0 0 23 0 0 1 0 0 198 0 346 0 0 0 0 0 37 0 399 0 4 0 0 0 0 0 0 0 0 0 0 0 0 0 0 0 0 31 0 0 0 1 0 0 0 1 0 0 0 0 0 0 0 0 0 0 0 3 0 0 0 0 0 0 0 0 0 0 0 0 0 
0 3 0 0 12 494 0 0 3 0 0 0 0 0 0 0 36 0 0 11 0 0 721 0 1412 2201 0 0 2109 0 1 49646 0 0 0 1135 16 0 0 0 0 0 0 3 133 0 0 6 0 0 0 0 9 0 0 0 0 0 0 0 6 0 0 0 0 0 0 0 561 0 0 0 0 0 0 0 510 0 0 0 0 0 0 0 0 0 0 0 0 0 0 0 0 0 0 0 0 0 0 0 0 0 0 0 0 0 0 0 0 0 0 0 0 0 0 0 0 0 0 0 0 0 0 0 0 0 0 0 0 
0 4 0 0 20 534 0 0 6 0 0 0 0 0 0 0 59 0 0 37 0 0 1255 0 1451 4119 0 0 2119 0 4 50422 0 0 0 1416 31 0 0 0 0 0 0 9 170 0 0 8 0 0 0 0 9 0 0 0 0 0 0 0 20 0 0 0 0 0 0 0 565 0 0 0 0 0 0 0 549 0 0 0 0 0 0 0 0 0 0 0 0 0 0 0 0 0 0 0 0 0 0 0 0 0 0 0 0 0 0 0 0 0 0 0 0 0 0 0 0 0 0 0 0 0 0 0 0 0 0 0 0 
0 9 0 0 25 1898 0 0 21 0 17 0 0 0 0 0 51 0 0 76 0 0 6517 0 3570 3872 0 0 4542 0 16 246276 0 0 0 3965 26 0 0 0 0 0 0 19 868 0 0 17 0 0 0 0 22 0 0 0 0 0 0 0 13 0 0 41 0 0 3059 0 1538 0 30 0 0 0 2353 0 1118 0 31 0 0 0 0 0 0 8 0 0 0 0 0 4 0 0 0 1200 0 0 0 8 0 0 0 11 0 20 0 0 0 0 0 0 0 0 0 6 0 0 1 0 0 0 0 0 0 8 0 0 0 
0 8 0 0 25 1535 0 0 15 0 15 0 0 0 0 0 53 0 0 70 0 0 3873 0 3303 3780 0 0 3874 0 8 211954 0 0 0 3534 34 0 0 0 0 0 0 21 408 0 0 12 0 0 0 0 20 0 0 0 0 0 0 0 12 0 0 28 0 0 3122 0 1472 0 25 0 0 0 1980 0 1066 0 22 0 0 0 0 0 0 7 0 0 0 0 0 3 0 0 0 841 0 0 0 9 0 0 0 8 0 13 0 0 0 0 0 0 0 0 0 7 0 0 2 0 0 0 0 0 0 8 0 0 0 
0 7 0 0 37 867 0 0 17 0 4 0 0 0 0 0 94 0 0 112 0 0 3233 0 1941 7393 0 0 2345 0 19 93381 0 0 0 3032 61 0 0 0 0 0 0 13 301 0 0 25 0 0 0 0 20 0 0 0 0 0 0 0 37 0 0 12 0 0 829 0 831 0 9 0 0 0 447 0 1000 0 11 0 0 0 0 0 0 1 0 0 0 0 0 1 0 0 0 36 0 0 0 7 0 0 0 2 0 2 0 0 0 0 0 0 0 0 0 10 0 0 0 0 0 0 0 0 0 0 0 0 0 
0 5 0 0 26 675 0 0 5 0 5 0 0 0 0 0 88 0 0 40 0 0 846 0 1726 4694 0 0 1631 0 2 84317 0 0 0 2500 42 0 0 0 0 0 0 4 54 0 0 5 0 0 0 0 17 0 0 0 0 0 0 0 18 0 0 2 0 0 874 0 773 0 15 0 0 0 637 0 739 0 11 0 0 0 0 0 0 0 0 0 0 0 0 1 0 0 0 112 0 0 0 7 0 0 0 2 0 4 0 0 0 0 0 0 0 0 0 10 0 0 0 0 0 0 0 0 0 1 0 0 0 
0 6 0 0 23 875 0 0 12 0 3 0 0 0 0 0 62 0 0 66 0 0 3071 0 2455 3820 0 0 3306 0 9 89021 0 0 0 2306 24 0 0 0 0 0 0 20 277 0 0 7 0 0 0 0 16 0 0 0 0 0 0 0 15 0 0 10 0 0 376 0 860 0 7 0 0 0 248 0 748 0 8 0 0 0 0 0 0 1 0 0 0 0 0 0 0 0 0 55 0 0 0 1 0 0 0 1 0 0 0 0 0 0 0 0 0 0 0 3 0 0 0 0 0 0 0 0 0 0 0 0 0 
0 8 0 0 29 1222 0 0 17 0 12 0 0 0 0 0 62 0 0 70 0 0 3455 0 2687 5218 0 0 3733 0 15 129394 0 0 0 2948 35 0 0 0 0 0 0 24 520 0 0 19 0 0 0 0 18 0 0 0 0 0 0 0 17 0 0 20 0 0 2330 0 1106 0 21 0 0 0 1385 0 1030 0 26 0 0 0 0 0 0 6 0 0 0 0 0 6 0 0 0 364 0 0 0 14 0 0 0 7 0 10 0 0 0 0 0 0 0 0 0 11 0 0 1 0 0 0 0 0 0 4 0 0 0 
0 9 0 0 36 1656 0 0 22 0 15 0 0 0 0 0 69 0 0 107 0 0 5746 0 3094 5641 0 0 4064 0 20 222903 0 0 0 4769 47 0 0 0 0 0 0 33 656 0 0 29 0 0 0 0 19 0 0 0 0 0 0 0 26 0 0 38 0 0 2948 0 1609 0 31 0 0 0 2002 0 1332 0 31 0 0 0 0 0 0 9 0 0 0 0 0 4 0 0 0 785 0 0 0 12 0 0 0 13 0 15 0 0 0 0 0 0 0 0 0 17 0 0 1 0 0 0 0 0 0 4 0 0 0 
0 6 0 0 26 1285 0 0 8 0 7 0 0 0 0 0 66 0 0 34 0 0 2473 0 2826 3497 0 0 3259 0 2 169811 0 0 0 4109 32 0 0 0 0 0 0 17 482 0 0 13 0 0 0 0 14 0 0 0 0 0 0 0 15 0 0 10 0 0 1577 0 1405 0 18 0 0 0 884 0 1075 0 16 0 0 0 0 0 0 0 0 0 0 0 0 2 0 0 0 251 0 0 0 11 0 0 0 2 0 4 0 0 0 0 0 0 0 0 0 10 0 0 0 0 0 0 0 0 0 2 0 0 0 
0 3 0 0 14 601 0 0 2 0 1 0 0 0 0 0 36 0 0 10 0 0 576 0 1415 2387 0 0 1725 0 0 80110 0 0 0 2059 25 0 0 0 0 0 0 4 117 0 0 1 0 0 0 0 16 0 0 0 0 0 0 0 8 0 0 1 0 0 34 0 775 0 3 0 0 0 323 0 686 0 4 0 0 0 0 0 0 0 0 0 0 0 0 0 0 0 0 15 0 0 0 1 0 0 0 1 0 0 0 0 0 0 0 0 0 0 0 2 0 0 0 0 0 0 0 0 0 0 0 0 0 
0 4 0 0 18 385 0 0 3 0 3 0 0 0 0 0 49 0 0 23 0 0 545 0 1080 3899 0 0 1882 0 0 21034 0 0 0 1393 24 0 0 0 0 0 0 1 18 0 0 1 0 0 0 0 8 0 0 0 0 0 0 0 15 0 0 2 0 0 314 0 283 0 9 0 0 0 212 0 546 0 8 0 0 0 0 0 0 1 0 0 0 0 0 1 0 0 0 22 0 0 0 3 0 0 0 0 0 0 0 0 0 0 0 0 0 0 0 5 0 0 0 0 0 0 0 0 0 0 0 0 0 
0 8 0 0 27 1569 0 0 21 0 7 0 0 0 0 0 65 0 0 92 0 0 6279 0 3386 3270 0 0 4684 0 20 206773 0 0 0 4173 29 0 0 0 0 0 0 39 865 0 0 12 0 0 0 0 21 0 0 0 0 0 0 0 15 0 0 32 0 0 1508 0 1551 0 21 0 0 0 586 0 914 0 11 0 0 0 0 0 0 0 0 0 0 0 0 0 0 0 0 422 0 0 0 5 0 0 0 3 0 2 0 0 0 0 0 0 0 0 0 2 0 0 0 0 0 0 0 0 0 2 0 0 0 
0 8 0 0 28 1467 0 0 19 0 9 0 0 0 0 0 70 0 0 72 0 0 5263 0 3108 4363 0 0 4227 0 15 192403 0 0 0 3302 29 0 0 0 0 0 0 25 654 0 0 22 0 0 0 0 13 0 0 0 0 0 0 0 17 0 0 30 0 0 2240 0 1590 0 12 0 0 0 666 0 978 0 20 0 0 0 0 0 0 7 0 0 0 0 0 2 0 0 0 378 0 0 0 11 0 0 0 8 0 0 0 0 0 0 0 0 0 0 0 9 0 0 0 0 0 0 0 0 0 2 0 0 0 
0 6 0 0 26 997 0 0 12 0 3 0 0 0 0 0 63 0 0 51 0 0 2853 0 2247 4783 0 0 3463 0 10 123024 0 0 0 2549 32 0 0 0 0 0 0 18 396 0 0 21 0 0 0 0 13 0 0 0 0 0 0 0 26 0 0 8 0 0 821 0 1189 0 2 0 0 0 189 0 782 0 9 0 0 0 0 0 0 1 0 0 0 0 0 1 0 0 0 157 0 0 0 2 0 0 0 3 0 0 0 0 0 0 0 0 0 0 0 5 0 0 0 0 0 0 0 0 0 0 0 0 0 
0 7 0 0 37 739 0 0 18 0 3 0 0 0 0 0 85 0 0 105 0 0 2946 0 1661 7841 0 0 3390 0 21 57017 0 0 0 2394 52 0 0 0 0 0 0 28 385 0 0 33 0 0 0 0 17 0 0 0 0 0 0 0 44 0 0 13 0 0 461 0 640 0 5 0 0 0 131 0 755 0 13 0 0 0 0 0 0 0 0 0 0 0 0 0 0 0 0 55 0 0 0 3 0 0 0 1 0 1 0 0 0 0 0 0 0 0 0 5 0 0 0 0 0 0 0 0 0 0 0 0 0 
0 7 0 0 35 996 0 0 15 0 6 0 0 0 0 0 82 0 0 86 0 0 2690 0 2028 6646 0 0 2788 0 16 109881 0 0 0 3297 54 0 0 0 0 0 0 16 426 0 0 23 0 0 0 0 19 0 0 0 0 0 0 0 30 0 0 9 0 0 1342 0 987 0 14 0 0 0 741 0 1007 0 18 0 0 0 0 0 0 3 0 0 0 0 0 1 0 0 0 164 0 0 0 10 0 0 0 5 0 5 0 0 0 0 0 0 0 0 0 10 0 0 0 0 0 0 0 0 0 1 0 0 0 
0 4 0 0 20 561 0 0 5 0 1 0 0 0 0 0 47 0 0 19 0 0 1025 0 1493 4123 0 0 2387 0 2 51698 0 0 0 1607 30 0 0 0 0 0 0 7 178 0 0 12 0 0 0 0 12 0 0 0 0 0 0 0 23 0 0 2 0 0 198 0 557 0 0 0 0 0 37 0 576 0 4 0 0 0 0 0 0 0 0 0 0 0 0 0 0 0 0 31 0 0 0 1 0 0 0 1 0 0 0 0 0 0 0 0 0 0 0 3 0 0 0 0 0 0 0 0 0 0 0 0 0 
0 6 0 0 21 1009 0 0 8 0 7 0 0 0 0 0 68 0 0 40 0 0 2040 0 2730 3190 0 0 3395 0 3 105248 0 0 0 2769 23 0 0 0 0 0 0 15 295 0 0 4 0 0 0 0 12 0 0 0 0 0 0 0 9 0 0 9 0 0 1210 0 882 0 22 0 0 0 692 0 796 0 16 0 0 0 0 0 0 2 0 0 0 0 0 1 0 0 0 249 0 0 0 2 0 0 0 4 0 2 0 0 0 0 0 0 0 0 0 2 0 0 0 0 0 0 0 0 0 3 0 0 0 
0 9 0 0 26 2106 0 0 24 0 13 0 0 0 0 0 43 0 0 74 0 0 7786 0 3266 3049 0 0 4988 0 26 295769 0 0 0 4676 24 0 0 0 0 0 0 44 1554 0 0 21 0 0 0 0 21 0 0 0 0 0 0 0 10 0 0 35 0 0 2421 0 2135 0 23 0 0 0 2096 0 1111 0 20 0 0 0 0 0 0 2 0 0 0 0 0 11 0 0 0 904 0 0 0 12 0 0 0 9 0 14 0 0 0 0 0 0 0 0 0 5 0 0 1 0 0 0 0 0 0 2 0 0 0 
0 10 0 0 41 1339 0 0 35 0 10 0 0 0 0 0 89 0 0 160 0 0 7201 0 2543 7823 0 0 5057 0 56 144368 0 0 0 3260 45 0 0 0 0 0 0 60 823 0 0 47 0 0 0 0 18 0 0 0 0 0 0 0 35 0 0 48 0 0 2176 0 1455 0 9 0 0 0 516 0 1048 0 24 0 0 0 0 0 0 7 0 0 0 0 0 5 0 0 0 229 0 0 0 15 0 0 0 4 0 4 0 0 0 0 0 0 0 0 0 13 0 0 0 0 0 0 0 0 0 0 0 0 0 
0 4 0 0 23 383 0 0 6 0 0 0 0 0 0 0 71 0 0 44 0 0 942 0 1084 4642 0 0 1806 0 4 30066 0 0 0 1415 37 0 0 0 0 0 0 9 101 0 0 9 0 0 0 0 8 0 0 0 0 0 0 0 23 0 0 0 0 0 0 0 384 0 0 0 0 0 0 0 430 0 0 0 0 0 0 0 0 0 0 0 0 0 0 0 0 0 0 0 0 0 0 0 0 0 0 0 0 0 0 0 0 0 0 0 0 0 0 0 0 0 0 0 0 0 0 0 0 0 0 0 0 
0 2 0 0 8 103 0 0 1 0 0 0 0 0 0 0 26 0 0 8 0 0 101 0 339 1597 0 0 470 0 0 2782 0 0 0 250 8 0 0 0 0 0 0 0 1 0 0 0 0 0 0 0 2 0 0 0 0 0 0 0 9 0 0 0 0 0 0 0 29 0 0 0 0 0 0 0 103 0 0 0 0 0 0 0 0 0 0 0 0 0 0 0 0 0 0 0 0 0 0 0 0 0 0 0 0 0 0 0 0 0 0 0 0 0 0 0 0 0 0 0 0 0 0 0 0 0 0 0 0 
0 6 0 0 23 1176 0 0 10 0 6 0 0 0 0 0 55 0 0 55 0 0 2807 0 2924 2919 0 0 2522 0 6 162724 0 0 0 4001 26 0 0 0 0 0 0 12 278 0 0 5 0 0 0 0 14 0 0 0 0 0 0 0 17 0 0 10 0 0 1358 0 1175 0 15 0 0 0 877 0 872 0 14 0 0 0 0 0 0 3 0 0 0 0 0 3 0 0 0 339 0 0 0 6 0 0 0 7 0 2 0 0 0 0 0 0 0 0 0 5 0 0 0 0 0 0 0 0 0 0 0 0 0 
0 4 0 0 12 591 0 0 1 0 6 0 0 0 0 0 31 0 0 6 0 0 181 0 1742 2155 0 0 2044 0 0 66081 0 0 0 1321 10 0 0 0 0 0 0 0 11 0 0 0 0 0 0 0 5 0 0 0 0 0 0 0 7 0 0 0 0 0 1069 0 583 0 12 0 0 0 538 0 589 0 12 0 0 0 0 0 0 1 0 0 0 0 0 1 0 0 0 173 0 0 0 3 0 0 0 2 0 0 0 0 0 0 0 0 0 0 0 5 0 0 2 0 0 0 0 0 0 2 0 0 0 
0 2 0 0 6 203 0 0 1 0 0 0 0 0 0 0 18 0 0 6 0 0 189 0 647 1345 0 0 339 0 0 11420 0 0 0 484 4 0 0 0 0 0 0 0 7 0 0 0 0 0 0 0 3 0 0 0 0 0 0 0 4 0 0 0 0 0 0 0 41 0 0 0 0 0 0 0 195 0 0 0 0 0 0 0 0 0 0 0 0 0 0 0 0 0 0 0 0 0 0 0 0 0 0 0 0 0 0 0 0 0 0 0 0 0 0 0 0 0 0 0 0 0 0 0 0 0 0 0 0 
0 4 0 0 13 902 0 0 3 0 3 0 0 0 0 0 32 0 0 18 0 0 962 0 2375 1754 0 0 1906 0 0 133827 0 0 0 2373 14 0 0 0 0 0 0 2 68 0 0 0 0 0 0 0 7 0 0 0 0 0 0 0 9 0 0 2 0 0 843 0 1046 0 5 0 0 0 296 0 587 0 3 0 0 0 0 0 0 1 0 0 0 0 0 0 0 0 0 231 0 0 0 7 0 0 0 2 0 1 0 0 0 0 0 0 0 0 0 2 0 0 0 0 0 0 0 0 0 0 0 0 0 
0 5 0 0 16 675 0 0 6 0 4 0 0 0 0 0 50 0 0 24 0 0 1295 0 2010 3537 0 0 2183 0 2 48785 0 0 0 1381 10 0 0 0 0 0 0 3 100 0 0 5 0 0 0 0 9 0 0 0 0 0 0 0 12 0 0 5 0 0 572 0 483 0 7 0 0 0 442 0 788 0 11 0 0 0 0 0 0 0 0 0 0 0 0 2 0 0 0 92 0 0 0 4 0 0 0 0 0 0 0 0 0 0 0 0 0 0 0 5 0 0 0 0 0 0 0 0 0 1 0 0 0 
0 8 0 0 20 1616 0 0 17 0 12 0 0 0 0 0 47 0 0 58 0 0 4827 0 3401 2527 0 0 3906 0 13 219263 0 0 0 3677 18 0 0 0 0 0 0 17 654 0 0 5 0 0 0 0 15 0 0 0 0 0 0 0 11 0 0 25 0 0 2771 0 1463 0 21 0 0 0 1250 0 980 0 19 0 0 0 0 0 0 9 0 0 0 0 0 2 0 0 0 824 0 0 0 9 0 0 0 8 0 8 0 0 0 0 0 0 0 0 0 4 0 0 1 0 0 0 0 0 0 4 0 0 0 
0 5 0 0 23 1008 0 0 7 0 3 0 0 0 0 0 42 0 0 35 0 0 2064 0 2015 3783 0 0 3154 0 3 118467 0 0 0 3963 36 0 0 0 0 0 0 11 240 0 0 8 0 0 0 0 22 0 0 0 0 0 0 0 24 0 0 5 0 0 641 0 1074 0 8 0 0 0 349 0 1288 0 8 0 0 0 0 0 0 1 0 0 0 0 0 1 0 0 0 242 0 0 0 4 0 0 0 5 0 0 0 0 0 0 0 0 0 0 0 5 0 0 0 0 0 0 0 0 0 0 0 0 0 
0 6 0 0 20 1141 0 0 12 0 3 0 0 0 0 0 52 0 0 56 0 0 3447 0 2853 2812 0 0 2862 0 11 140703 0 0 0 3379 19 0 0 0 0 0 0 15 494 0 0 6 0 0 0 0 12 0 0 0 0 0 0 0 11 0 0 6 0 0 850 0 1135 0 6 0 0 0 147 0 981 0 3 0 0 0 0 0 0 3 0 0 0 0 0 0 0 0 0 129 0 0 0 2 0 0 0 2 0 0 0 0 0 0 0 0 0 0 0 4 0 0 0 0 0 0 0 0 0 0 0 0 0 
0 4 0 0 18 782 0 0 3 0 3 0 0 0 0 0 39 0 0 19 0 0 792 0 2003 2651 0 0 1769 0 0 113063 0 0 0 2957 27 0 0 0 0 0 0 4 51 0 0 2 0 0 0 0 15 0 0 0 0 0 0 0 19 0 0 2 0 0 821 0 890 0 7 0 0 0 283 0 781 0 9 0 0 0 0 0 0 1 0 0 0 0 0 0 0 0 0 170 0 0 0 3 0 0 0 5 0 1 0 0 0 0 0 0 0 0 0 3 0 0 0 0 0 0 0 0 0 0 0 0 0 
0 3 0 0 12 472 0 0 3 0 0 0 0 0 0 0 30 0 0 15 0 0 825 0 1315 2453 0 0 1346 0 1 42869 0 0 0 1493 15 0 0 0 0 0 0 1 59 0 0 4 0 0 0 0 7 0 0 0 0 0 0 0 18 0 0 0 0 0 0 0 364 0 0 0 0 0 0 0 611 0 0 0 0 0 0 0 0 0 0 0 0 0 0 0 0 0 0 0 0 0 0 0 0 0 0 0 0 0 0 0 0 0 0 0 0 0 0 0 0 0 0 0 0 0 0 0 0 0 0 0 0 
0 4 0 0 19 741 0 0 5 0 1 0 0 0 0 0 38 0 0 27 0 0 1467 0 1519 3094 0 0 2421 0 2 87440 0 0 0 3226 32 0 0 0 0 0 0 6 106 0 0 7 0 0 0 0 24 0 0 0 0 0 0 0 15 0 0 2 0 0 218 0 877 0 4 0 0 0 79 0 999 0 2 0 0 0 0 0 0 0 0 0 0 0 0 0 0 0 0 120 0 0 0 2 0 0 0 2 0 0 0 0 0 0 0 0 0 0 0 2 0 0 0 0 0 0 0 0 0 0 0 0 0 
0 7 0 0 12 1207 0 0 11 0 12 0 0 0 0 0 47 0 0 28 0 0 2585 0 3166 2092 0 0 2896 0 6 155410 0 0 0 1591 2 0 0 0 0 0 0 7 315 0 0 2 0 0 0 0 6 0 0 0 0 0 0 0 5 0 0 16 0 0 2593 0 1081 0 17 0 0 0 1150 0 651 0 13 0 0 0 0 0 0 6 0 0 0 0 0 3 0 0 0 513 0 0 0 5 0 0 0 3 0 5 0 0 0 0 0 0 0 0 0 2 0 0 2 0 0 0 0 0 0 8 0 0 0 
0 2 0 0 5 261 0 0 1 0 0 0 0 0 0 0 21 0 0 5 0 0 241 0 808 1009 0 0 784 0 0 20876 0 0 0 482 2 0 0 0 0 0 0 0 10 0 0 0 0 0 0 0 6 0 0 0 0 0 0 0 3 0 0 0 0 0 0 0 185 0 0 0 0 0 0 0 232 0 0 0 0 0 0 0 0 0 0 0 0 0 0 0 0 0 0 0 0 0 0 0 0 0 0 0 0 0 0 0 0 0 0 0 0 0 0 0 0 0 0 0 0 0 0 0 0 0 0 0 0 
0 5 0 0 18 975 0 0 9 0 2 0 0 0 0 0 48 0 0 38 0 0 2658 0 2395 2276 0 0 2836 0 7 131676 0 0 0 2740 20 0 0 0 0 0 0 23 353 0 0 2 0 0 0 0 11 0 0 0 0 0 0 0 11 0 0 6 0 0 363 0 1223 0 3 0 0 0 363 0 711 0 3 0 0 0 0 0 0 0 0 0 0 0 0 0 0 0 0 150 0 0 0 2 0 0 0 2 0 0 0 0 0 0 0 0 0 0 0 2 0 0 0 0 0 0 0 0 0 0 0 0 0 
0 3 0 0 12 393 0 0 3 0 0 0 0 0 0 0 34 0 0 20 0 0 688 0 1042 2318 0 0 1095 0 1 29470 0 0 0 1231 14 0 0 0 0 0 0 4 47 0 0 0 0 0 0 0 6 0 0 0 0 0 0 0 14 0 0 0 0 0 0 0 237 0 0 0 0 0 0 0 407 0 0 0 0 0 0 0 0 0 0 0 0 0 0 0 0 0 0 0 0 0 0 0 0 0 0 0 0 0 0 0 0 0 0 0 0 0 0 0 0 0 0 0 0 0 0 0 0 0 0 0 0 
0 4 0 0 13 1109 0 0 3 0 3 0 0 0 0 0 30 0 0 14 0 0 1139 0 2500 1338 0 0 2241 0 1 182102 0 0 0 3377 15 0 0 0 0 0 0 4 210 0 0 1 0 0 0 0 17 0 0 0 0 0 0 0 10 0 0 0 0 0 723 0 1465 0 4 0 0 0 425 0 816 0 7 0 0 0 0 0 0 1 0 0 0 0 0 0 0 0 0 308 0 0 0 3 0 0 0 4 0 2 0 0 0 0 0 0 0 0 0 1 0 0 0 0 0 0 0 0 0 0 0 0 0 
0 1 0 0 2 66 0 0 0 0 0 0 0 0 0 0 5 0 0 0 0 0 0 0 231 540 0 0 137 0 0 2134 0 0 0 71 0 0 0 0 0 0 0 0 0 0 0 0 0 0 0 0 1 0 0 0 0 0 0 0 2 0 0 0 0 0 0 0 11 0 0 0 0 0 0 0 61 0 0 0 0 0 0 0 0 0 0 0 0 0 0 0 0 0 0 0 0 0 0 0 0 0 0 0 0 0 0 0 0 0 0 0 0 0 0 0 0 0 0 0 0 0 0 0 0 0 0 0 0 
0 4 0 0 13 543 0 0 4 0 2 0 0 0 0 0 37 0 0 13 0 0 734 0 1742 1807 0 0 1169 0 1 60955 0 0 0 1525 11 0 0 0 0 0 0 6 53 0 0 4 0 0 0 0 7 0 0 0 0 0 0 0 8 0 0 2 0 0 607 0 476 0 4 0 0 0 80 0 441 0 2 0 0 0 0 0 0 1 0 0 0 0 0 0 0 0 0 47 0 0 0 2 0 0 0 1 0 0 0 0 0 0 0 0 0 0 0 3 0 0 0 0 0 0 0 0 0 0 0 0 0 
0 3 0 0 12 247 0 0 3 0 0 0 0 0 0 0 33 0 0 16 0 0 449 0 713 3011 0 0 1537 0 1 12353 0 0 0 707 13 0 0 0 0 0 0 3 21 0 0 4 0 0 0 0 7 0 0 0 0 0 0 0 11 0 0 0 0 0 0 0 244 0 0 0 0 0 0 0 419 0 0 0 0 0 0 0 0 0 0 0 0 0 0 0 0 0 0 0 0 0 0 0 0 0 0 0 0 0 0 0 0 0 0 0 0 0 0 0 0 0 0 0 0 0 0 0 0 0 0 0 0 
0 6 0 0 18 1438 0 0 8 0 9 0 0 0 0 0 39 0 0 24 0 0 2785 0 2865 2565 0 0 4417 0 4 188746 0 0 0 3090 18 0 0 0 0 0 0 20 691 0 0 3 0 0 0 0 18 0 0 0 0 0 0 0 8 0 0 8 0 0 1369 0 1755 0 18 0 0 0 1420 0 1077 0 16 0 0 0 0 0 0 2 0 0 0 0 0 2 0 0 0 557 0 0 0 5 0 0 0 6 0 8 0 0 0 0 0 0 0 0 0 5 0 0 0 0 0 0 0 0 0 4 0 0 0 
0 7 0 0 21 1622 0 0 9 0 15 0 0 0 0 0 48 0 0 28 0 0 3134 0 2939 3117 0 0 4096 0 2 208736 0 0 0 3955 29 0 0 0 0 0 0 12 625 0 0 9 0 0 0 0 24 0 0 0 0 0 0 0 15 0 0 14 0 0 2632 0 1496 0 35 0 0 0 2033 0 1226 0 18 0 0 0 0 0 0 3 0 0 0 0 0 10 0 0 0 945 0 0 0 9 0 0 0 9 0 10 0 0 0 0 0 0 0 0 0 7 0 0 1 0 0 0 0 0 0 11 0 0 0 
0 3 0 0 18 469 0 0 1 0 2 0 0 0 0 0 34 0 0 7 0 0 288 0 1005 3422 0 0 2484 0 0 37182 0 0 0 2000 30 0 0 0 0 0 0 3 20 0 0 2 0 0 0 0 16 0 0 0 0 0 0 0 16 0 0 0 0 0 282 0 620 0 8 0 0 0 219 0 858 0 5 0 0 0 0 0 0 0 0 0 0 0 0 0 0 0 0 51 0 0 0 5 0 0 0 0 0 1 0 0 0 0 0 0 0 0 0 4 0 0 0 0 0 0 0 0 0 0 0 0 0 
0 6 0 0 16 1444 0 0 7 0 9 0 0 0 0 0 37 0 0 25 0 0 2536 0 3248 2381 0 0 4068 0 2 192017 0 0 0 2626 15 0 0 0 0 0 0 8 381 0 0 5 0 0 0 0 21 0 0 0 0 0 0 0 7 0 0 7 0 0 1696 0 1525 0 19 0 0 0 1346 0 969 0 12 0 0 0 0 0 0 2 0 0 0 0 0 4 0 0 0 691 0 0 0 7 0 0 0 3 0 4 0 0 0 0 0 0 0 0 0 3 0 0 2 0 0 0 0 0 0 3 0 0 0 
0 5 0 0 16 980 0 0 5 0 6 0 0 0 0 0 35 0 0 16 0 0 1321 0 2293 2905 0 0 3412 0 1 116302 0 0 0 2767 25 0 0 0 0 0 0 6 176 0 0 2 0 0 0 0 16 0 0 0 0 0 0 0 9 0 0 5 0 0 1204 0 1035 0 18 0 0 0 614 0 913 0 7 0 0 0 0 0 0 2 0 0 0 0 0 2 0 0 0 405 0 0 0 3 0 0 0 7 0 1 0 0 0 0 0 0 0 0 0 5 0 0 0 0 0 0 0 0 0 2 0 0 0 
0 5 0 0 14 994 0 0 4 0 8 0 0 0 0 0 45 0 0 16 0 0 1083 0 2457 2410 0 0 3071 0 0 120186 0 0 0 1671 14 0 0 0 0 0 0 4 142 0 0 1 0 0 0 0 14 0 0 0 0 0 0 0 7 0 0 5 0 0 1377 0 1125 0 18 0 0 0 1162 0 758 0 14 0 0 0 0 0 0 2 0 0 0 0 0 1 0 0 0 481 0 0 0 5 0 0 0 4 0 4 0 0 0 0 0 0 0 0 0 3 0 0 0 0 0 0 0 0 0 4 0 0 0 
0 3 0 0 18 574 0 0 1 0 2 0 0 0 0 0 42 0 0 9 0 0 370 0 1182 2634 0 0 2398 0 0 76485 0 0 0 2897 34 0 0 0 0 0 0 1 2 0 0 1 0 0 0 0 20 0 0 0 0 0 0 0 15 0 0 0 0 0 402 0 837 0 7 0 0 0 100 0 828 0 4 0 0 0 0 0 0 0 0 0 0 0 0 0 0 0 0 135 0 0 0 3 0 0 0 3 0 1 0 0 0 0 0 0 0 0 0 4 0 0 0 0 0 0 0 0 0 0 0 0 0 
0 6 0 0 25 1484 0 0 6 0 10 0 0 0 0 0 45 0 0 27 0 0 2142 0 2865 3261 0 0 3612 0 0 209124 0 0 0 4629 37 0 0 0 0 0 0 15 477 0 0 5 0 0 0 0 23 0 0 0 0 0 0 0 13 0 0 9 0 0 1815 0 1652 0 26 0 0 0 1647 0 1162 0 24 0 0 0 0 0 0 0 0 0 0 0 0 0 0 0 0 675 0 0 0 12 0 0 0 7 0 10 0 0 0 0 0 0 0 0 0 7 0 0 0 0 0 0 0 0 0 5 0 0 0 
0 8 0 0 21 2033 0 0 16 0 13 0 0 0 0 0 43 0 0 50 0 0 5527 0 3598 1873 0 0 4408 0 12 288694 0 0 0 4668 22 0 0 0 0 0 0 25 1176 0 0 7 0 0 0 0 17 0 0 0 0 0 0 0 8 0 0 21 0 0 2295 0 1891 0 22 0 0 0 2103 0 905 0 18 0 0 0 0 0 0 2 0 0 0 0 0 8 0 0 0 1160 0 0 0 9 0 0 0 12 0 14 0 0 0 0 0 0 0 0 0 4 0 0 1 0 0 0 0 0 0 4 0 0 0 
0 9 0 0 25 1989 0 0 19 0 19 0 0 0 0 0 51 0 0 63 0 0 5755 0 3432 3088 0 0 4065 0 12 264752 0 0 0 4118 21 0 0 0 0 0 0 26 1098 0 0 13 0 0 0 0 19 0 0 0 0 0 0 0 14 0 0 35 0 0 3614 0 1769 0 34 0 0 0 2802 0 1062 0 35 0 0 0 0 0 0 8 0 0 0 0 0 12 0 0 0 1123 0 0 0 17 0 0 0 11 0 24 0 0 0 0 0 0 0 0 0 6 0 0 1 0 0 0 0 0 0 6 0 0 0 
0 5 0 0 16 1432 0 0 4 0 7 0 0 0 0 0 30 0 0 14 0 0 1475 0 2895 1849 0 0 3638 0 0 217200 0 0 0 3776 22 0 0 0 0 0 0 5 427 0 0 2 0 0 0 0 21 0 0 0 0 0 0 0 10 0 0 4 0 0 1253 0 1714 0 17 0 0 0 1107 0 951 0 13 0 0 0 0 0 0 1 0 0 0 0 0 0 0 0 0 713 0 0 0 6 0 0 0 8 0 6 0 0 0 0 0 0 0 0 0 3 0 0 0 0 0 0 0 0 0 2 0 0 0 
194 2 836 225 10 377 18463 713 0 2 1 259 162 3339 434 795 18 1536 432 0 1407 120492 0 95462 613 1094 40638 126020 944 736 0 38291 1154514 52684 12597 1534 17 0 1917 5 158 300 911 0 0 19906 206 0 237 307 199 180 8 7 3 0 14 660 633 75 6 510 264 0 520 31600 168 37864 246 652 4 103 728 33013 54 17696 457 563 2 0 612 0 12 3 0 0 106 66 0 0 0 0 239 0 6508 77 5644 50 302 0 175 45 70 1 124 0 176 258 45 0 1 4 0 183 159 2 25 35 0 1 0 0 0 1 1 0 142 43 73 
0 4 0 0 13 939 0 0 2 0 5 0 0 0 0 0 27 0 0 7 0 0 646 0 2205 1944 0 0 3042 0 0 115781 0 0 0 2694 23 0 0 0 0 0 0 4 151 0 0 0 0 0 0 0 17 0 0 0 0 0 0 0 8 0 0 1 0 0 887 0 1031 0 13 0 0 0 590 0 868 0 6 0 0 0 0 0 0 0 0 0 0 0 0 2 0 0 0 388 0 0 0 3 0 0 0 6 0 1 0 0 0 0 0 0 0 0 0 3 0 0 0 0 0 0 0 0 0 2 0 0 0 
20 6 0 105 31 1141 190 57 7 0 9 0 15 0 0 510 53 0 198 45 226 7749 1899 919 2267 4746 19690 0 3141 42 2 146136 1140 0 875 4596 47 111 0 0 0 44 0 18 254 82 60 9 0 0 0 0 22 0 0 0 0 0 0 130 29 0 26 9 37 3058 2007 0 1197 53 27 0 0 0 844 245 1321 0 22 29 0 0 0 0 0 3 12 0 0 0 0 3 0 0 20 401 0 23 0 11 0 0 0 8 0 4 13 0 0 0 0 0 0 0 0 11 25 0 0 0 0 0 0 0 0 3 0 2 0 
0 3 0 0 12 728 0 0 0 0 4 0 0 0 0 0 26 0 0 0 0 0 0 0 1787 1638 0 0 2567 0 0 93791 0 0 0 2601 24 0 0 0 0 0 0 0 0 0 0 0 0 0 0 0 19 0 0 0 0 0 0 0 10 0 0 0 0 0 720 0 865 0 14 0 0 0 436 0 736 0 6 0 0 0 0 0 0 0 0 0 0 0 0 0 0 0 0 345 0 0 0 2 0 0 0 4 0 0 0 0 0 0 0 0 0 0 0 2 0 0 0 0 0 0 0 0 0 2 0 0 0 
0 4 0 0 21 528 0 0 5 0 1 0 0 0 0 0 45 0 0 27 0 0 1129 0 1218 3626 0 0 2844 0 2 48005 0 0 0 1974 30 0 0 0 0 0 0 15 106 0 0 8 0 0 0 0 16 0 0 0 0 0 0 0 17 0 0 2 0 0 184 0 759 0 4 0 0 0 22 0 815 0 2 0 0 0 0 0 0 0 0 0 0 0 0 0 0 0 0 15 0 0 0 1 0 0 0 1 0 0 0 0 0 0 0 0 0 0 0 2 0 0 0 0 0 0 0 0 0 0 0 0 0 
0 7 0 0 22 1381 0 0 10 0 13 0 0 0 0 0 57 0 0 39 0 0 2847 0 3386 3106 0 0 3315 0 4 166279 0 0 0 3624 27 0 0 0 0 0 0 15 334 0 0 3 0 0 0 0 14 0 0 0 0 0 0 0 10 0 0 18 0 0 2443 0 1089 0 32 0 0 0 1577 0 870 0 28 0 0 0 0 0 0 2 0 0 0 0 0 4 0 0 0 735 0 0 0 8 0 0 0 8 0 5 0 0 0 0 0 0 0 0 0 5 0 0 2 0 0 0 0 0 0 10 0 0 0 
0 6 0 0 22 1480 0 0 7 0 9 0 0 0 0 0 39 0 0 28 0 0 2405 0 2951 3065 0 0 3871 0 2 217914 0 0 0 3999 32 0 0 0 0 0 0 12 481 0 0 4 0 0 0 0 19 0 0 0 0 0 0 0 15 0 0 7 0 0 1745 0 1692 0 22 0 0 0 1168 0 1016 0 18 0 0 0 0 0 0 4 0 0 0 0 0 0 0 0 0 747 0 0 0 9 0 0 0 11 0 8 0 0 0 0 0 0 0 0 0 8 0 0 0 0 0 0 0 0 0 3 0 0 0 
0 4 0 0 18 1001 0 0 3 0 3 0 0 0 0 0 45 0 0 16 0 0 1116 0 1999 2190 0 0 2813 0 1 149794 0 0 0 3422 29 0 0 0 0 0 0 6 242 0 0 2 0 0 0 0 21 0 0 0 0 0 0 0 12 0 0 0 0 0 399 0 1482 0 9 0 0 0 547 0 1021 0 5 0 0 0 0 0 0 0 0 0 0 0 0 1 0 0 0 224 0 0 0 4 0 0 0 5 0 2 0 0 0 0 0 0 0 0 0 4 0 0 0 0 0 0 0 0 0 0 0 0 0 
0 3 0 0 14 749 0 0 1 0 2 0 0 0 0 0 28 0 0 6 0 0 363 0 1616 2069 0 0 2564 0 0 98010 0 0 0 2834 26 0 0 0 0 0 0 3 92 0 0 0 0 0 0 0 19 0 0 0 0 0 0 0 9 0 0 0 0 0 385 0 1002 0 4 0 0 0 234 0 936 0 4 0 0 0 0 0 0 0 0 0 0 0 0 1 0 0 0 163 0 0 0 3 0 0 0 4 0 0 0 0 0 0 0 0 0 0 0 3 0 0 0 0 0 0 0 0 0 0 0 0 0 
0 4 0 0 25 364 0 0 4 0 2 0 0 0 0 0 52 0 0 26 0 0 407 0 675 5007 0 0 2271 0 1 23820 0 0 0 1791 42 0 0 0 0 0 0 8 91 0 0 9 0 0 0 0 14 0 0 0 0 0 0 0 28 0 0 2 0 0 366 0 459 0 6 0 0 0 79 0 614 0 4 0 0 0 0 0 0 1 0 0 0 0 0 0 0 0 0 26 0 0 0 5 0 0 0 2 0 0 0 0 0 0 0 0 0 0 0 6 0 0 0 0 0 0 0 0 0 0 0 0 0 
0 4 0 0 14 1040 0 0 1 0 6 0 0 0 0 0 26 0 0 7 0 0 386 0 2564 2030 0 0 3143 0 0 151697 0 0 0 2319 18 0 0 0 0 0 0 3 70 0 0 1 0 0 0 0 17 0 0 0 0 0 0 0 9 0 0 0 0 0 1117 0 1342 0 17 0 0 0 998 0 822 0 9 0 0 0 0 0 0 0 0 0 0 0 0 1 0 0 0 494 0 0 0 5 0 0 0 3 0 1 0 0 0 0 0 0 0 0 0 2 0 0 1 0 0 0 0 0 0 3 0 0 0 
0 6 0 0 22 1053 0 0 6 0 11 0 0 0 0 0 55 0 0 33 0 0 1284 0 2481 3733 0 0 2619 0 1 121462 0 0 0 2649 26 0 0 0 0 0 0 4 113 0 0 6 0 0 0 0 13 0 0 0 0 0 0 0 19 0 0 7 0 0 2239 0 986 0 33 0 0 0 1352 0 1024 0 21 0 0 0 0 0 0 6 0 0 0 0 0 1 0 0 0 493 0 0 0 9 0 0 0 4 0 6 0 0 0 0 0 0 0 0 0 6 0 0 1 0 0 0 0 0 0 7 0 0 0 
0 5 0 0 28 1052 0 0 5 0 5 0 0 0 0 0 57 0 0 36 0 0 1628 0 2281 3842 0 0 2946 0 1 131136 0 0 0 4203 47 0 0 0 0 0 0 12 267 0 0 6 0 0 0 0 20 0 0 0 0 0 0 0 24 0 0 4 0 0 1130 0 1227 0 19 0 0 0 635 0 1036 0 21 0 0 0 0 0 0 0 0 0 0 0 0 2 0 0 0 133 0 0 0 6 0 0 0 1 0 2 0 0 0 0 0 0 0 0 0 5 0 0 0 0 0 0 0 0 0 1 0 0 0 
0 4 0 0 12 981 0 0 3 0 3 0 0 0 0 0 35 0 0 9 0 0 1086 0 2377 1904 0 0 3036 0 0 129994 0 0 0 1900 12 0 0 0 0 0 0 4 141 0 0 3 0 0 0 0 17 0 0 0 0 0 0 0 7 0 0 3 0 0 543 0 1284 0 7 0 0 0 544 0 827 0 5 0 0 0 0 0 0 0 0 0 0 0 0 0 0 0 0 241 0 0 0 3 0 0 0 1 0 0 0 0 0 0 0 0 0 0 0 2 0 0 1 0 0 0 0 0 0 0 0 0 0 
0 7 0 0 28 1615 0 0 12 0 11 0 0 0 0 0 47 0 0 59 0 0 3929 0 3036 3870 0 0 4770 0 7 218871 0 0 0 4616 36 0 0 0 0 0 0 30 738 0 0 12 0 0 0 0 17 0 0 0 0 0 0 0 19 0 0 18 0 0 2098 0 1733 0 24 0 0 0 1573 0 1259 0 20 0 0 0 0 0 0 3 0 0 0 0 0 3 0 0 0 710 0 0 0 10 0 0 0 7 0 7 0 0 0 0 0 0 0 0 0 10 0 0 2 0 0 0 0 0 0 6 0 0 0 
0 6 0 0 27 1117 0 0 8 0 8 0 0 0 0 0 52 0 0 43 0 0 2089 0 2478 4585 0 0 3482 0 2 123654 0 0 0 4017 44 0 0 0 0 0 0 12 267 0 0 6 0 0 0 0 20 0 0 0 0 0 0 0 29 0 0 12 0 0 1617 0 912 0 30 0 0 0 719 0 1247 0 16 0 0 0 0 0 0 5 0 0 0 0 0 0 0 0 0 500 0 0 0 6 0 0 0 8 0 2 0 0 0 0 0 0 0 0 0 10 0 0 0 0 0 0 0 0 0 3 0 0 0 
0 6 0 0 29 1000 0 0 10 0 5 0 0 0 0 0 64 0 0 59 0 0 2562 0 1959 5101 0 0 3044 0 5 108117 0 0 0 4413 45 0 0 0 0 0 0 11 235 0 0 14 0 0 0 0 24 0 0 0 0 0 0 0 27 0 0 10 0 0 1097 0 913 0 23 0 0 0 380 0 1322 0 10 0 0 0 0 0 0 3 0 0 0 0 0 1 0 0 0 239 0 0 0 3 0 0 0 4 0 1 0 0 0 0 0 0 0 0 0 7 0 0 0 0 0 0 0 0 0 0 0 0 0 
0 6 0 0 25 1356 0 0 8 0 7 0 0 0 0 0 50 0 0 41 0 0 2652 0 2911 4131 0 0 3731 0 3 183943 0 0 0 3597 32 0 0 0 0 0 0 16 386 0 0 13 0 0 0 0 20 0 0 0 0 0 0 0 24 0 0 8 0 0 1430 0 1489 0 11 0 0 0 901 0 1172 0 16 0 0 0 0 0 0 4 0 0 0 0 0 0 0 0 0 503 0 0 0 10 0 0 0 4 0 3 0 0 0 0 0 0 0 0 0 8 0 0 1 0 0 0 0 0 0 1 0 0 0 
0 4 0 0 15 781 0 0 4 0 4 0 0 0 0 0 27 0 0 19 0 0 1182 0 1845 2500 0 0 3074 0 0 92819 0 0 0 1847 19 0 0 0 0 0 0 11 186 0 0 1 0 0 0 0 14 0 0 0 0 0 0 0 10 0 0 8 0 0 574 0 1007 0 7 0 0 0 574 0 818 0 7 0 0 0 0 0 0 0 0 0 0 0 0 0 0 0 0 204 0 0 0 4 0 0 0 4 0 0 0 0 0 0 0 0 0 0 0 4 0 0 0 0 0 0 0 0 0 0 0 0 0 
0 4 0 0 18 1050 0 0 2 0 5 0 0 0 0 0 34 0 0 9 0 0 762 0 2017 2619 0 0 3250 0 0 154914 0 0 0 3361 33 0 0 0 0 0 0 6 212 0 0 2 0 0 0 0 24 0 0 0 0 0 0 0 12 0 0 2 0 0 856 0 1499 0 16 0 0 0 834 0 1098 0 8 0 0 0 0 0 0 0 0 0 0 0 0 0 0 0 0 389 0 0 0 6 0 0 0 5 0 2 0 0 0 0 0 0 0 0 0 4 0 0 0 0 0 0 0 0 0 2 0 0 0 
0 6 0 0 27 1286 0 0 9 0 7 0 0 0 0 0 51 0 0 44 0 0 3004 0 2655 4331 0 0 3690 0 4 160574 0 0 0 4096 33 0 0 0 0 0 0 23 561 0 0 16 0 0 0 0 19 0 0 0 0 0 0 0 27 0 0 14 0 0 1225 0 1408 0 15 0 0 0 897 0 1329 0 22 0 0 0 0 0 0 0 0 0 0 0 0 0 0 0 0 254 0 0 0 6 0 0 0 4 0 0 0 0 0 0 0 0 0 0 0 4 0 0 1 0 0 0 0 0 0 5 0 0 0 
0 4 0 0 20 602 0 0 3 0 3 0 0 0 0 0 55 0 0 17 0 0 629 0 1674 2830 0 0 2725 0 0 67790 0 0 0 2520 28 0 0 0 0 0 0 7 46 0 0 5 0 0 0 0 12 0 0 0 0 0 0 0 13 0 0 3 0 0 719 0 769 0 10 0 0 0 184 0 636 0 8 0 0 0 0 0 0 0 0 0 0 0 0 0 0 0 0 89 0 0 0 2 0 0 0 2 0 0 0 0 0 0 0 0 0 0 0 4 0 0 0 0 0 0 0 0 0 1 0 0 0 
0 4 0 0 15 682 0 0 4 0 3 0 0 0 0 0 35 0 0 14 0 0 1142 0 1775 2698 0 0 3063 0 1 65376 0 0 0 1734 18 0 0 0 0 0 0 13 127 0 0 5 0 0 0 0 17 0 0 0 0 0 0 0 9 0 0 3 0 0 436 0 868 0 4 0 0 0 307 0 803 0 6 0 0 0 0 0 0 1 0 0 0 0 0 0 0 0 0 144 0 0 0 2 0 0 0 1 0 1 0 0 0 0 0 0 0 0 0 3 0 0 0 0 0 0 0 0 0 0 0 0 0 
0 2 0 0 13 538 0 0 0 0 1 0 0 0 0 0 26 0 0 0 0 0 0 0 1078 1763 0 0 2088 0 0 76020 0 0 0 2742 28 0 0 0 0 0 0 0 0 0 0 0 0 0 0 0 21 0 0 0 0 0 0 0 11 0 0 0 0 0 218 0 836 0 4 0 0 0 79 0 804 0 2 0 0 0 0 0 0 0 0 0 0 0 0 0 0 0 0 120 0 0 0 2 0 0 0 2 0 0 0 0 0 0 0 0 0 0 0 2 0 0 0 0 0 0 0 0 0 0 0 0 0 
0 7 0 0 29 1693 0 0 12 0 9 0 0 0 0 0 57 0 0 61 0 0 4177 0 3183 3521 0 0 4059 0 6 221320 0 0 0 5934 35 0 0 0 0 0 0 22 717 0 0 12 0 0 0 0 27 0 0 0 0 0 0 0 23 0 0 15 0 0 1889 0 1473 0 24 0 0 0 1219 0 1375 0 25 0 0 0 0 0 0 6 0 0 0 0 0 2 0 0 0 708 0 0 0 7 0 0 0 9 0 4 0 0 0 0 0 0 0 0 0 6 0 0 0 0 0 0 0 0 0 2 0 0 0 
0 6 0 0 19 1232 0 0 6 0 11 0 0 0 0 0 35 0 0 22 0 0 1684 0 2793 3116 0 0 3945 0 0 156373 0 0 0 3382 22 0 0 0 0 0 0 9 240 0 0 3 0 0 0 0 22 0 0 0 0 0 0 0 13 0 0 11 0 0 2152 0 1269 0 28 0 0 0 1282 0 1078 0 23 0 0 0 0 0 0 4 0 0 0 0 0 2 0 0 0 656 0 0 0 3 0 0 0 7 0 5 0 0 0 0 0 0 0 0 0 6 0 0 1 0 0 0 0 0 0 5 0 0 0 
0 4 0 0 19 915 0 0 5 0 2 0 0 0 0 0 31 0 0 26 0 0 1641 0 1819 3205 0 0 3360 0 2 109874 0 0 0 3085 27 0 0 0 0 0 0 15 352 0 0 7 0 0 0 0 21 0 0 0 0 0 0 0 24 0 0 4 0 0 257 0 1172 0 4 0 0 0 257 0 1153 0 4 0 0 0 0 0 0 0 0 0 0 0 0 0 0 0 0 134 0 0 0 1 0 0 0 1 0 0 0 0 0 0 0 0 0 0 0 2 0 0 0 0 0 0 0 0 0 0 0 0 0 
0 2 0 0 11 293 0 0 1 0 0 0 0 0 0 0 31 0 0 9 0 0 261 0 647 1918 0 0 1478 0 0 23759 0 0 0 1240 18 0 0 0 0 0 0 2 15 0 0 0 0 0 0 0 11 0 0 0 0 0 0 0 9 0 0 0 0 0 0 0 422 0 0 0 0 0 0 0 521 0 0 0 0 0 0 0 0 0 0 0 0 0 0 0 0 0 0 0 0 0 0 0 0 0 0 0 0 0 0 0 0 0 0 0 0 0 0 0 0 0 0 0 0 0 0 0 0 0 0 0 0 
0 4 0 0 21 902 0 0 4 0 2 0 0 0 0 0 37 0 0 26 0 0 1273 0 1970 2981 0 0 3030 0 1 130188 0 0 0 3660 32 0 0 0 0 0 0 8 111 0 0 5 0 0 0 0 24 0 0 0 0 0 0 0 18 0 0 2 0 0 426 0 1219 0 5 0 0 0 296 0 1033 0 8 0 0 0 0 0 0 0 0 0 0 0 0 0 0 0 0 241 0 0 0 2 0 0 0 4 0 1 0 0 0 0 0 0 0 0 0 2 0 0 0 0 0 0 0 0 0 0 0 0 0 
0 4 0 0 21 1106 0 0 2 0 4 0 0 0 0 0 44 0 0 12 0 0 663 0 2094 2840 0 0 3053 0 0 164081 0 0 0 4238 36 0 0 0 0 0 0 5 220 0 0 3 0 0 0 0 23 0 0 0 0 0 0 0 20 0 0 0 0 0 886 0 1461 0 12 0 0 0 601 0 1207 0 8 0 0 0 0 0 0 1 0 0 0 0 0 1 0 0 0 360 0 0 0 7 0 0 0 5 0 2 0 0 0 0 0 0 0 0 0 7 0 0 0 0 0 0 0 0 0 0 0 0 0 
0 3 0 0 15 335 0 0 3 0 0 0 0 0 0 0 45 0 0 21 0 0 607 0 758 3198 0 0 1873 0 1 24598 0 0 0 1341 21 0 0 0 0 0 0 3 30 0 0 3 0 0 0 0 12 0 0 0 0 0 0 0 12 0 0 0 0 0 0 0 444 0 0 0 0 0 0 0 586 0 0 0 0 0 0 0 0 0 0 0 0 0 0 0 0 0 0 0 0 0 0 0 0 0 0 0 0 0 0 0 0 0 0 0 0 0 0 0 0 0 0 0 0 0 0 0 0 0 0 0 0 
0 5 0 0 18 814 0 0 6 0 5 0 0 0 0 0 31 0 0 27 0 0 1718 0 1989 3361 0 0 2968 0 2 93185 0 0 0 2112 20 0 0 0 0 0 0 13 197 0 0 3 0 0 0 0 18 0 0 0 0 0 0 0 13 0 0 6 0 0 782 0 1004 0 15 0 0 0 407 0 859 0 5 0 0 0 0 0 0 1 0 0 0 0 0 3 0 0 0 166 0 0 0 4 0 0 0 1 0 1 0 0 0 0 0 0 0 0 0 6 0 0 0 0 0 0 0 0 0 0 0 0 0 
0 5 0 0 20 1260 0 0 7 0 3 0 0 0 0 0 41 0 0 34 0 0 2528 0 2695 2378 0 0 4153 0 3 164255 0 0 0 3915 25 0 0 0 0 0 0 19 535 0 0 6 0 0 0 0 24 0 0 0 0 0 0 0 10 0 0 5 0 0 591 0 1580 0 8 0 0 0 413 0 1184 0 6 0 0 0 0 0 0 1 0 0 0 0 0 0 0 0 0 210 0 0 0 3 0 0 0 3 0 1 0 0 0 0 0 0 0 0 0 2 0 0 0 0 0 0 0 0 0 0 0 0 0 
0 4 0 0 18 1109 0 0 4 0 2 0 0 0 0 0 41 0 0 14 0 0 1538 0 1987 2412 0 0 3354 0 1 164798 0 0 0 3708 31 0 0 0 0 0 0 8 335 0 0 6 0 0 0 0 28 0 0 0 0 0 0 0 12 0 0 2 0 0 331 0 1653 0 8 0 0 0 369 0 1166 0 2 0 0 0 0 0 0 0 0 0 0 0 0 0 0 0 0 205 0 0 0 4 0 0 0 3 0 1 0 0 0 0 0 0 0 0 0 3 0 0 0 0 0 0 0 0 0 0 0 0 0 
0 5 0 0 17 987 0 0 4 0 6 0 0 0 0 0 55 0 0 17 0 0 1239 0 2809 2431 0 0 3590 0 0 108856 0 0 0 2565 17 0 0 0 0 0 0 4 107 0 0 3 0 0 0 0 15 0 0 0 0 0 0 0 7 0 0 4 0 0 1108 0 940 0 13 0 0 0 729 0 755 0 16 0 0 0 0 0 0 2 0 0 0 0 0 0 0 0 0 324 0 0 0 6 0 0 0 5 0 2 0 0 0 0 0 0 0 0 0 4 0 0 0 0 0 0 0 0 0 2 0 0 0 
0 1 0 0 7 200 0 0 0 0 0 0 0 0 0 0 13 0 0 0 0 0 0 0 355 1206 0 0 1385 0 0 19488 0 0 0 942 13 0 0 0 0 0 0 0 0 0 0 0 0 0 0 0 11 0 0 0 0 0 0 0 8 0 0 0 0 0 0 0 415 0 0 0 0 0 0 0 447 0 0 0 0 0 0 0 0 0 0 0 0 0 0 0 0 0 0 0 0 0 0 0 0 0 0 0 0 0 0 0 0 0 0 0 0 0 0 0 0 0 0 0 0 0 0 0 0 0 0 0 0 
0 4 0 0 20 828 0 0 3 0 3 0 0 0 0 0 39 0 0 14 0 0 816 0 1878 2850 0 0 2943 0 1 103609 0 0 0 3317 32 0 0 0 0 0 0 9 81 0 0 5 0 0 0 0 23 0 0 0 0 0 0 0 12 0 0 0 0 0 682 0 1075 0 10 0 0 0 376 0 1046 0 9 0 0 0 0 0 0 1 0 0 0 0 0 0 0 0 0 219 0 0 0 5 0 0 0 4 0 2 0 0 0 0 0 0 0 0 0 3 0 0 0 0 0 0 0 0 0 0 0 0 0 
0 5 0 0 17 1452 0 0 4 0 6 0 0 0 0 0 31 0 0 17 0 0 1539 0 2975 2015 0 0 3538 0 0 221157 0 0 0 3908 23 0 0 0 0 0 0 7 394 0 0 3 0 0 0 0 22 0 0 0 0 0 0 0 9 0 0 3 0 0 1181 0 1737 0 11 0 0 0 1005 0 1037 0 12 0 0 0 0 0 0 1 0 0 0 0 0 1 0 0 0 644 0 0 0 7 0 0 0 6 0 4 0 0 0 0 0 0 0 0 0 4 0 0 1 0 0 0 0 0 0 0 0 0 0 
0 6 0 0 18 1507 0 0 6 0 11 0 0 0 0 0 35 0 0 19 0 0 2198 0 3025 2239 0 0 3938 0 0 219498 0 0 0 3652 21 0 0 0 0 0 0 9 492 0 0 3 0 0 0 0 19 0 0 0 0 0 0 0 8 0 0 10 0 0 1962 0 1694 0 26 0 0 0 1584 0 962 0 22 0 0 0 0 0 0 2 0 0 0 0 0 1 0 0 0 800 0 0 0 8 0 0 0 8 0 7 0 0 0 0 0 0 0 0 0 7 0 0 2 0 0 0 0 0 0 6 0 0 0 
140 6 1007 541 16 1193 9519 385 10 5 6 211 293 2792 2323 1035 24 1704 808 28 636 67457 2796 37827 1742 2297 100875 97217 2408 334 5 127939 423541 86263 24424 2037 13 589 1641 19 763 486 508 13 521 7142 351 9 242 773 620 316 12 8 4 13 7 857 1256 361 9 338 412 13 174 63221 848 19007 928 481 11 443 608 40211 822 24493 849 294 9 639 569 0 8 3 0 2 198 61 1 2 1 1 141 155 7684 379 4789 186 401 3 135 144 241 2 155 3 205 146 212 2 3 2 3 277 207 5 165 70 0 3 0 3 0 0 0 0 89 118 47 
0 3 0 0 20 731 0 0 1 0 2 0 0 0 0 0 39 0 0 7 0 0 271 0 1432 2949 0 0 2545 0 0 94343 0 0 0 3800 38 0 0 0 0 0 0 4 60 0 0 2 0 0 0 0 23 0 0 0 0 0 0 0 24 0 0 0 0 0 474 0 897 0 8 0 0 0 194 0 1095 0 6 0 0 0 0 0 0 1 0 0 0 0 0 0 0 0 0 199 0 0 0 3 0 0 0 3 0 0 0 0 0 0 0 0 0 0 0 4 0 0 0 0 0 0 0 0 0 0 0 0 0 
0 6 0 0 22 1257 0 0 9 0 7 0 0 0 0 0 50 0 0 49 0 0 2601 0 2512 2912 0 0 3800 0 3 169269 0 0 0 3632 35 0 0 0 0 0 0 14 370 0 0 3 0 0 0 0 24 0 0 0 0 0 0 0 13 0 0 13 0 0 1501 0 1484 0 20 0 0 0 801 0 1033 0 10 0 0 0 0 0 0 2 0 0 0 0 0 0 0 0 0 507 0 0 0 8 0 0 0 5 0 4 0 0 0 0 0 0 0 0 0 4 0 0 0 0 0 0 0 0 0 2 0 0 0 
0 6 0 0 31 981 0 0 8 0 7 0 0 0 0 0 69 0 0 43 0 0 1760 0 2135 5453 0 0 2964 0 2 117124 0 0 0 3275 45 0 0 0 0 0 0 12 141 0 0 20 0 0 0 0 16 0 0 0 0 0 0 0 30 0 0 10 0 0 1480 0 1094 0 16 0 0 0 850 0 1145 0 16 0 0 0 0 0 0 2 0 0 0 0 0 0 0 0 0 255 0 0 0 12 0 0 0 4 0 4 0 0 0 0 0 0 0 0 0 13 0 0 0 0 0 0 0 0 0 2 0 0 0 
0 4 0 0 16 658 0 0 4 0 3 0 0 0 0 0 38 0 0 18 0 0 1139 0 1716 2760 0 0 3106 0 1 64221 0 0 0 1694 19 0 0 0 0 0 0 11 101 0 0 2 0 0 0 0 15 0 0 0 0 0 0 0 12 0 0 3 0 0 439 0 851 0 7 0 0 0 278 0 781 0 6 0 0 0 0 0 0 1 0 0 0 0 0 0 0 0 0 149 0 0 0 2 0 0 0 2 0 1 0 0 0 0 0 0 0 0 0 4 0 0 0 0 0 0 0 0 0 0 0 0 0 
41 8 16 289 29 1922 816 119 15 0 14 4 39 0 59 919 46 38 529 70 354 13365 4887 3699 3422 3159 68113 576 3868 121 7 265872 10510 120 5077 5637 36 481 15 0 5 122 0 28 967 523 215 10 0 0 0 0 18 0 0 0 0 0 55 442 18 11 54 26 46 10423 2900 144 1649 130 33 13 0 64 1953 1362 1247 4 26 127 1 0 0 0 0 5 37 0 0 0 0 5 0 7 89 1075 6 69 9 14 0 0 0 13 0 14 18 0 3 0 0 0 0 0 15 12 51 0 1 0 0 0 0 0 0 4 1 12 0 
0 4 0 0 23 861 0 0 6 0 0 0 0 0 0 0 40 0 0 41 0 0 1934 0 1604 3882 0 0 2985 0 4 101145 0 0 0 3534 35 0 0 0 0 0 0 13 320 0 0 11 0 0 0 0 23 0 0 0 0 0 0 0 28 0 0 0 0 0 0 0 1080 0 0 0 0 0 0 0 1263 0 0 0 0 0 0 0 0 0 0 0 0 0 0 0 0 0 0 0 0 0 0 0 0 0 0 0 0 0 0 0 0 0 0 0 0 0 0 0 0 0 0 0 0 0 0 0 0 0 0 0 0 
0 5 0 0 23 1114 0 0 2 0 9 0 0 0 0 0 41 0 0 9 0 0 762 0 2186 3749 0 0 3338 0 0 156165 0 0 0 3634 39 0 0 0 0 0 0 6 210 0 0 2 0 0 0 0 23 0 0 0 0 0 0 0 16 0 0 2 0 0 1858 0 1480 0 24 0 0 0 1065 0 1149 0 18 0 0 0 0 0 0 0 0 0 0 0 0 2 0 0 0 423 0 0 0 11 0 0 0 8 0 2 0 0 0 0 0 0 0 0 0 11 0 0 0 0 0 0 0 0 0 7 0 0 0 
0 7 0 0 25 1523 0 0 14 0 7 0 0 0 0 0 57 0 0 69 0 0 4412 0 3321 2986 0 0 4408 0 10 206424 0 0 0 4064 29 0 0 0 0 0 0 26 680 0 0 6 0 0 0 0 15 0 0 0 0 0 0 0 11 0 0 16 0 0 1364 0 1675 0 14 0 0 0 973 0 1061 0 10 0 0 0 0 0 0 1 0 0 0 0 0 1 0 0 0 500 0 0 0 8 0 0 0 8 0 6 0 0 0 0 0 0 0 0 0 7 0 0 0 0 0 0 0 0 0 1 0 0 0 
89 10 183 825 33 1726 3905 104 33 2 13 11 63 347 1059 2603 71 371 637 148 328 13344 8540 8551 3061 4295 140965 14078 3193 53 46 207040 112662 16567 33664 4900 31 2528 114 4 218 126 13 36 949 284 196 22 0 259 283 133 21 2 0 11 2 0 96 998 16 7 64 61 28 11782 2517 847 1410 179 33 76 87 2011 1615 4957 1290 11 29 381 68 3 0 1 0 6 24 0 1 1 0 6 0 15 275 643 55 91 87 4 0 20 82 9 21 5 20 2 1 1 2 0 0 0 9 7 54 2 1 1 0 0 0 0 0 3 2 10 0 
0 5 0 0 26 882 0 0 5 0 6 0 0 0 0 0 62 0 0 32 0 0 1396 0 2108 4323 0 0 2711 0 1 94007 0 0 0 3530 35 0 0 0 0 0 0 10 197 0 0 11 0 0 0 0 16 0 0 0 0 0 0 0 29 0 0 6 0 0 1128 0 830 0 19 0 0 0 622 0 1070 0 18 0 0 0 0 0 0 1 0 0 0 0 0 1 0 0 0 163 0 0 0 5 0 0 0 1 0 0 0 0 0 0 0 0 0 0 0 6 0 0 2 0 0 0 0 0 0 2 0 0 0 
0 5 0 0 22 1057 0 0 5 0 6 0 0 0 0 0 47 0 0 27 0 0 1489 0 2258 3453 0 0 3114 0 1 121239 0 0 0 3964 35 0 0 0 0 0 0 7 212 0 0 8 0 0 0 0 23 0 0 0 0 0 0 0 25 0 0 5 0 0 1136 0 927 0 18 0 0 0 658 0 1132 0 13 0 0 0 0 0 0 3 0 0 0 0 0 0 0 0 0 452 0 0 0 3 0 0 0 5 0 2 0 0 0 0 0 0 0 0 0 4 0 0 0 0 0 0 0 0 0 2 0 0 0 
0 3 0 0 20 670 0 0 2 0 1 0 0 0 0 0 36 0 0 15 0 0 675 0 1266 3066 0 0 2396 0 0 84614 0 0 0 3491 40 0 0 0 0 0 0 7 60 0 0 3 0 0 0 0 21 0 0 0 0 0 0 0 22 0 0 1 0 0 218 0 888 0 4 0 0 0 79 0 979 0 2 0 0 0 0 0 0 0 0 0 0 0 0 0 0 0 0 120 0 0 0 2 0 0 0 2 0 0 0 0 0 0 0 0 0 0 0 2 0 0 0 0 0 0 0 0 0 0 0 0 0 
0 7 0 0 27 1404 0 0 12 0 11 0 0 0 0 0 60 0 0 56 0 0 3479 0 2911 4129 0 0 3501 0 5 173064 0 0 0 4022 31 0 0 0 0 0 0 16 490 0 0 13 0 0 0 0 14 0 0 0 0 0 0 0 20 0 0 23 0 0 2224 0 1347 0 30 0 0 0 1442 0 1208 0 23 0 0 0 0 0 0 4 0 0 0 0 0 1 0 0 0 555 0 0 0 11 0 0 0 6 0 6 0 0 0 0 0 0 0 0 0 7 0 0 1 0 0 0 0 0 0 6 0 0 0 
0 4 0 0 20 960 0 0 4 0 2 0 0 0 0 0 43 0 0 28 0 0 1386 0 2093 2706 0 0 2793 0 1 133876 0 0 0 3825 31 0 0 0 0 0 0 7 142 0 0 3 0 0 0 0 23 0 0 0 0 0 0 0 14 0 0 2 0 0 426 0 1214 0 5 0 0 0 296 0 1065 0 8 0 0 0 0 0 0 0 0 0 0 0 0 0 0 0 0 241 0 0 0 2 0 0 0 4 0 1 0 0 0 0 0 0 0 0 0 2 0 0 0 0 0 0 0 0 0 0 0 0 0 
0 2 0 0 14 332 0 0 1 0 0 0 0 0 0 0 26 0 0 7 0 0 288 0 625 2511 0 0 1696 0 0 28082 0 0 0 1691 25 0 0 0 0 0 0 4 20 0 0 2 0 0 0 0 11 0 0 0 0 0 0 0 19 0 0 0 0 0 0 0 467 0 0 0 0 0 0 0 622 0 0 0 0 0 0 0 0 0 0 0 0 0 0 0 0 0 0 0 0 0 0 0 0 0 0 0 0 0 0 0 0 0 0 0 0 0 0 0 0 0 0 0 0 0 0 0 0 0 0 0 0 
0 2 0 0 14 332 0 0 1 0 0 0 0 0 0 0 26 0 0 7 0 0 288 0 625 2511 0 0 1696 0 0 28082 0 0 0 1691 25 0 0 0 0 0 0 4 20 0 0 2 0 0 0 0 11 0 0 0 0 0 0 0 19 0 0 0 0 0 0 0 467 0 0 0 0 0 0 0 622 0 0 0 0 0 0 0 0 0 0 0 0 0 0 0 0 0 0 0 0 0 0 0 0 0 0 0 0 0 0 0 0 0 0 0 0 0 0 0 0 0 0 0 0 0 0 0 0 0 0 0 0 
0 5 0 0 27 1120 0 0 6 0 5 0 0 0 0 0 43 0 0 41 0 0 1831 0 2183 3907 0 0 3435 0 2 149453 0 0 0 4525 42 0 0 0 0 0 0 17 257 0 0 7 0 0 0 0 22 0 0 0 0 0 0 0 28 0 0 6 0 0 997 0 1245 0 10 0 0 0 726 0 1320 0 15 0 0 0 0 0 0 2 0 0 0 0 0 0 0 0 0 390 0 0 0 6 0 0 0 8 0 3 0 0 0 0 0 0 0 0 0 6 0 0 0 0 0 0 0 0 0 0 0 0 0 
0 4 0 0 23 1060 0 0 3 0 3 0 0 0 0 0 38 0 0 20 0 0 1013 0 2103 3180 0 0 3157 0 1 147928 0 0 0 4586 36 0 0 0 0 0 0 9 214 0 0 5 0 0 0 0 25 0 0 0 0 0 0 0 26 0 0 0 0 0 682 0 1268 0 8 0 0 0 410 0 1282 0 12 0 0 0 0 0 0 1 0 0 0 0 0 0 0 0 0 320 0 0 0 3 0 0 0 5 0 2 0 0 0 0 0 0 0 0 0 4 0 0 0 0 0 0 0 0 0 0 0 0 0 
0 6 0 0 22 1624 0 0 7 0 9 0 0 0 0 0 39 0 0 30 0 0 2391 0 2983 2734 0 0 3974 0 2 235227 0 0 0 4718 29 0 0 0 0 0 0 12 616 0 0 5 0 0 0 0 21 0 0 0 0 0 0 0 19 0 0 7 0 0 1804 0 1696 0 20 0 0 0 1338 0 1163 0 19 0 0 0 0 0 0 4 0 0 0 0 0 1 0 0 0 868 0 0 0 9 0 0 0 10 0 8 0 0 0 0 0 0 0 0 0 7 0 0 0 0 0 0 0 0 0 2 0 0 0 
0 4 0 0 18 702 0 0 3 0 3 0 0 0 0 0 48 0 0 21 0 0 792 0 1967 2755 0 0 2189 0 0 76496 0 0 0 2647 22 0 0 0 0 0 0 2 53 0 0 2 0 0 0 0 12 0 0 0 0 0 0 0 13 0 0 2 0 0 680 0 714 0 12 0 0 0 272 0 713 0 8 0 0 0 0 0 0 1 0 0 0 0 0 0 0 0 0 125 0 0 0 4 0 0 0 2 0 1 0 0 0 0 0 0 0 0 0 2 0 0 0 0 0 0 0 0 0 0 0 0 0 
0 3 0 0 11 927 0 0 2 0 1 0 0 0 0 0 26 0 0 10 0 0 754 0 1928 1288 0 0 2230 0 0 148791 0 0 0 2878 18 0 0 0 0 0 0 6 254 0 0 1 0 0 0 0 18 0 0 0 0 0 0 0 10 0 0 1 0 0 263 0 1372 0 2 0 0 0 98 0 821 0 1 0 0 0 0 0 0 0 0 0 0 0 0 0 0 0 0 113 0 0 0 0 0 0 0 1 0 0 0 0 0 0 0 0 0 0 0 0 0 0 0 0 0 0 0 0 0 0 0 0 0 
0 5 0 0 17 1379 0 0 6 0 4 0 0 0 0 0 42 0 0 22 0 0 2258 0 3183 1720 0 0 3002 0 2 197282 0 0 0 4117 19 0 0 0 0 0 0 10 461 0 0 4 0 0 0 0 24 0 0 0 0 0 0 0 8 0 0 4 0 0 730 0 1398 0 11 0 0 0 761 0 902 0 12 0 0 0 0 0 0 1 0 0 0 0 0 1 0 0 0 417 0 0 0 4 0 0 0 3 0 2 0 0 0 0 0 0 0 0 0 0 0 0 0 0 0 0 0 0 0 0 0 0 0 
0 6 0 0 26 1466 0 0 11 0 4 0 0 0 0 0 60 0 0 58 0 0 3674 0 3119 2950 0 0 3197 0 8 200881 0 0 0 5179 32 0 0 0 0 0 0 18 641 0 0 11 0 0 0 0 23 0 0 0 0 0 0 0 23 0 0 8 0 0 774 0 1399 0 9 0 0 0 769 0 1159 0 15 0 0 0 0 0 0 0 0 0 0 0 0 1 0 0 0 407 0 0 0 4 0 0 0 4 0 3 0 0 0 0 0 0 0 0 0 2 0 0 0 0 0 0 0 0 0 0 0 0 0 
0 4 0 0 20 881 0 0 4 0 3 0 0 0 0 0 39 0 0 19 0 0 1344 0 1872 3357 0 0 2608 0 1 106343 0 0 0 3452 33 0 0 0 0 0 0 10 214 0 0 4 0 0 0 0 17 0 0 0 0 0 0 0 19 0 0 3 0 0 524 0 960 0 9 0 0 0 380 0 1173 0 8 0 0 0 0 0 0 0 0 0 0 0 0 1 0 0 0 141 0 0 0 4 0 0 0 4 0 1 0 0 0 0 0 0 0 0 0 6 0 0 0 0 0 0 0 0 0 0 0 0 0 
0 4 0 0 10 976 0 0 2 0 5 0 0 0 0 0 29 0 0 6 0 0 649 0 2705 1138 0 0 2381 0 0 146811 0 0 0 1742 8 0 0 0 0 0 0 1 82 0 0 1 0 0 0 0 5 0 0 0 0 0 0 0 3 0 0 2 0 0 1127 0 1094 0 9 0 0 0 608 0 488 0 7 0 0 0 0 0 0 2 0 0 0 0 0 0 0 0 0 380 0 0 0 6 0 0 0 5 0 0 0 0 0 0 0 0 0 0 0 1 0 0 0 0 0 0 0 0 0 2 0 0 0 
0 6 0 0 13 1303 0 0 7 0 10 0 0 0 0 0 39 0 0 18 0 0 2135 0 3179 1801 0 0 3632 0 2 173562 0 0 0 1912 6 0 0 0 0 0 0 7 382 0 0 2 0 0 0 0 8 0 0 0 0 0 0 0 4 0 0 10 0 0 2030 0 1294 0 16 0 0 0 1191 0 671 0 17 0 0 0 0 0 0 3 0 0 0 0 0 2 0 0 0 641 0 0 0 6 0 0 0 4 0 3 0 0 0 0 0 0 0 0 0 3 0 0 2 0 0 0 0 0 0 6 0 0 0 
0 5 0 0 13 1416 0 0 7 0 3 0 0 0 0 0 31 0 0 17 0 0 2501 0 3148 1297 0 0 3602 0 3 210345 0 0 0 3183 10 0 0 0 0 0 0 17 671 0 0 3 0 0 0 0 13 0 0 0 0 0 0 0 4 0 0 5 0 0 593 0 1721 0 5 0 0 0 480 0 742 0 4 0 0 0 0 0 0 1 0 0 0 0 0 0 0 0 0 367 0 0 0 4 0 0 0 2 0 1 0 0 0 0 0 0 0 0 0 0 0 0 0 0 0 0 0 0 0 0 0 0 0 
0 7 0 0 32 1021 0 0 13 0 9 0 0 0 0 0 72 0 0 71 0 0 2517 0 2193 6002 0 0 2807 0 9 111066 0 0 0 3266 41 0 0 0 0 0 0 14 375 0 0 16 0 0 0 0 17 0 0 0 0 0 0 0 30 0 0 14 0 0 1924 0 957 0 22 0 0 0 868 0 1002 0 28 0 0 0 0 0 0 5 0 0 0 0 0 2 0 0 0 227 0 0 0 12 0 0 0 7 0 7 0 0 0 0 0 0 0 0 0 10 0 0 0 0 0 0 0 0 0 3 0 0 0 
0 5 0 0 17 880 0 0 7 0 3 0 0 0 0 0 57 0 0 27 0 0 1822 0 2317 3251 0 0 2530 0 2 112342 0 0 0 1658 18 0 0 0 0 0 0 11 217 0 0 6 0 0 0 0 7 0 0 0 0 0 0 0 15 0 0 7 0 0 810 0 1100 0 5 0 0 0 184 0 581 0 6 0 0 0 0 0 0 1 0 0 0 0 0 0 0 0 0 128 0 0 0 4 0 0 0 1 0 0 0 0 0 0 0 0 0 0 0 2 0 0 0 0 0 0 0 0 0 0 0 0 0 
0 2 0 0 4 588 0 0 0 0 1 0 0 0 0 0 15 0 0 0 0 0 0 0 1715 515 0 0 1454 0 0 92042 0 0 0 996 1 0 0 0 0 0 0 0 0 0 0 0 0 0 0 0 4 0 0 0 0 0 0 0 3 0 0 0 0 0 263 0 828 0 2 0 0 0 98 0 341 0 1 0 0 0 0 0 0 0 0 0 0 0 0 0 0 0 0 113 0 0 0 0 0 0 0 1 0 0 0 0 0 0 0 0 0 0 0 0 0 0 0 0 0 0 0 0 0 0 0 0 0 
0 5 0 0 18 1292 0 0 6 0 4 0 0 0 0 0 47 0 0 26 0 0 2070 0 2818 2059 0 0 2626 0 1 196540 0 0 0 3976 23 0 0 0 0 0 0 14 451 0 0 3 0 0 0 0 19 0 0 0 0 0 0 0 13 0 0 6 0 0 916 0 1531 0 8 0 0 0 569 0 845 0 9 0 0 0 0 0 0 1 0 0 0 0 0 0 0 0 0 347 0 0 0 5 0 0 0 2 0 2 0 0 0 0 0 0 0 0 0 1 0 0 0 0 0 0 0 0 0 0 0 0 0 
0 7 0 0 20 1511 0 0 14 0 7 0 0 0 0 0 53 0 0 52 0 0 4616 0 3139 2947 0 0 4257 0 10 193195 0 0 0 3148 11 0 0 0 0 0 0 21 708 0 0 6 0 0 0 0 17 0 0 0 0 0 0 0 14 0 0 16 0 0 1514 0 1577 0 10 0 0 0 688 0 967 0 15 0 0 0 0 0 0 4 0 0 0 0 0 3 0 0 0 404 0 0 0 8 0 0 0 3 0 1 0 0 0 0 0 0 0 0 0 3 0 0 0 0 0 0 0 0 0 1 0 0 0 
0 4 0 0 22 550 0 0 5 0 1 0 0 0 0 0 55 0 0 31 0 0 1047 0 1466 4878 0 0 1767 0 2 51236 0 0 0 1632 34 0 0 0 0 0 0 7 149 0 0 8 0 0 0 0 10 0 0 0 0 0 0 0 33 0 0 2 0 0 198 0 524 0 0 0 0 0 37 0 568 0 4 0 0 0 0 0 0 0 0 0 0 0 0 0 0 0 0 31 0 0 0 1 0 0 0 1 0 0 0 0 0 0 0 0 0 0 0 3 0 0 0 0 0 0 0 0 0 0 0 0 0 
0 6 0 0 23 839 0 0 10 0 5 0 0 0 0 0 58 0 0 41 0 0 2152 0 2165 4708 0 0 3454 0 5 72821 0 0 0 1954 24 0 0 0 0 0 0 18 334 0 0 11 0 0 0 0 15 0 0 0 0 0 0 0 20 0 0 10 0 0 912 0 815 0 3 0 0 0 262 0 789 0 13 0 0 0 0 0 0 3 0 0 0 0 0 2 0 0 0 92 0 0 0 7 0 0 0 2 0 0 0 0 0 0 0 0 0 0 0 8 0 0 0 0 0 0 0 0 0 0 0 0 0 
0 3 0 0 14 510 0 0 2 0 1 0 0 0 0 0 31 0 0 8 0 0 506 0 1437 2966 0 0 1756 0 0 50460 0 0 0 1351 19 0 0 0 0 0 0 2 107 0 0 3 0 0 0 0 10 0 0 0 0 0 0 0 19 0 0 1 0 0 198 0 520 0 0 0 0 0 37 0 529 0 4 0 0 0 0 0 0 0 0 0 0 0 0 0 0 0 0 31 0 0 0 1 0 0 0 1 0 0 0 0 0 0 0 0 0 0 0 3 0 0 0 0 0 0 0 0 0 0 0 0 0 
0 5 0 0 17 859 0 0 5 0 5 0 0 0 0 0 52 0 0 26 0 0 1470 0 2422 2617 0 0 3100 0 1 97765 0 0 0 2348 16 0 0 0 0 0 0 8 269 0 0 3 0 0 0 0 15 0 0 0 0 0 0 0 11 0 0 4 0 0 803 0 875 0 13 0 0 0 360 0 663 0 10 0 0 0 0 0 0 2 0 0 0 0 0 2 0 0 0 130 0 0 0 3 0 0 0 0 0 0 0 0 0 0 0 0 0 0 0 2 0 0 0 0 0 0 0 0 0 1 0 0 0 
0 9 0 0 29 2030 0 0 22 0 15 0 0 0 0 0 55 0 0 75 0 0 6968 0 3635 3231 0 0 3871 0 16 280147 0 0 0 5087 38 0 0 0 0 0 0 38 1192 0 0 13 0 0 0 0 17 0 0 0 0 0 0 0 17 0 0 47 0 0 3544 0 1747 0 36 0 0 0 1782 0 1002 0 39 0 0 0 0 0 0 8 0 0 0 0 0 3 0 0 0 934 0 0 0 17 0 0 0 9 0 10 0 0 0 0 0 0 0 0 0 4 0 0 1 0 0 0 0 0 0 6 0 0 0 
0 4 0 0 17 936 0 0 4 0 2 0 0 0 0 0 35 0 0 17 0 0 1262 0 2154 2566 0 0 2605 0 1 115254 0 0 0 3304 28 0 0 0 0 0 0 8 240 0 0 2 0 0 0 0 18 0 0 0 0 0 0 0 20 0 0 2 0 0 501 0 980 0 10 0 0 0 215 0 1016 0 4 0 0 0 0 0 0 1 0 0 0 0 0 0 0 0 0 172 0 0 0 2 0 0 0 2 0 0 0 0 0 0 0 0 0 0 0 2 0 0 0 0 0 0 0 0 0 0 0 0 0 
0 8 0 0 25 1797 0 0 17 0 11 0 0 0 0 0 60 0 0 69 0 0 5378 0 3343 3248 0 0 3104 0 12 240999 0 0 0 4598 22 0 0 0 0 0 0 25 996 0 0 9 0 0 0 0 23 0 0 0 0 0 0 0 16 0 0 25 0 0 2281 0 1614 0 22 0 0 0 1566 0 1173 0 22 0 0 0 0 0 0 5 0 0 0 0 0 5 0 0 0 665 0 0 0 10 0 0 0 3 0 6 0 0 0 0 0 0 0 0 0 5 0 0 0 0 0 0 0 0 0 3 0 0 0 
0 4 0 0 13 803 0 0 3 0 4 0 0 0 0 0 42 0 0 13 0 0 867 0 2212 2251 0 0 2819 0 0 103878 0 0 0 1469 13 0 0 0 0 0 0 3 75 0 0 4 0 0 0 0 9 0 0 0 0 0 0 0 12 0 0 3 0 0 813 0 939 0 5 0 0 0 517 0 568 0 8 0 0 0 0 0 0 1 0 0 0 0 0 0 0 0 0 284 0 0 0 3 0 0 0 3 0 2 0 0 0 0 0 0 0 0 0 2 0 0 0 0 0 0 0 0 0 0 0 0 0 
0 5 0 0 15 1454 0 0 7 0 3 0 0 0 0 0 36 0 0 23 0 0 2540 0 3075 1479 0 0 3610 0 3 218327 0 0 0 3593 14 0 0 0 0 0 0 15 727 0 0 6 0 0 0 0 16 0 0 0 0 0 0 0 5 0 0 5 0 0 593 0 1775 0 5 0 0 0 480 0 866 0 4 0 0 0 0 0 0 1 0 0 0 0 0 0 0 0 0 367 0 0 0 4 0 0 0 2 0 1 0 0 0 0 0 0 0 0 0 0 0 0 0 0 0 0 0 0 0 0 0 0 0 
0 4 0 0 22 550 0 0 5 0 1 0 0 0 0 0 55 0 0 31 0 0 1047 0 1466 4878 0 0 1767 0 2 51236 0 0 0 1632 34 0 0 0 0 0 0 7 149 0 0 8 0 0 0 0 10 0 0 0 0 0 0 0 33 0 0 2 0 0 198 0 524 0 0 0 0 0 37 0 568 0 4 0 0 0 0 0 0 0 0 0 0 0 0 0 0 0 0 31 0 0 0 1 0 0 0 1 0 0 0 0 0 0 0 0 0 0 0 3 0 0 0 0 0 0 0 0 0 0 0 0 0 
0 1 0 0 2 212 0 0 0 0 0 0 0 0 0 0 5 0 0 0 0 0 0 0 728 473 0 0 634 0 0 22156 0 0 0 246 1 0 0 0 0 0 0 0 0 0 0 0 0 0 0 0 2 0 0 0 0 0 0 0 0 0 0 0 0 0 0 0 211 0 0 0 0 0 0 0 177 0 0 0 0 0 0 0 0 0 0 0 0 0 0 0 0 0 0 0 0 0 0 0 0 0 0 0 0 0 0 0 0 0 0 0 0 0 0 0 0 0 0 0 0 0 0 0 0 0 0 0 0 
0 5 0 0 13 1417 0 0 6 0 4 0 0 0 0 0 39 0 0 17 0 0 2275 0 3301 1173 0 0 3314 0 1 210602 0 0 0 3262 11 0 0 0 0 0 0 10 538 0 0 3 0 0 0 0 16 0 0 0 0 0 0 0 3 0 0 6 0 0 809 0 1545 0 9 0 0 0 585 0 661 0 5 0 0 0 0 0 0 1 0 0 0 0 0 0 0 0 0 456 0 0 0 5 0 0 0 2 0 2 0 0 0 0 0 0 0 0 0 0 0 0 0 0 0 0 0 0 0 0 0 0 0 
0 5 0 0 17 1075 0 0 7 0 3 0 0 0 0 0 39 0 0 26 0 0 2360 0 2394 2730 0 0 3594 0 3 124751 0 0 0 2994 23 0 0 0 0 0 0 15 367 0 0 4 0 0 0 0 26 0 0 0 0 0 0 0 11 0 0 5 0 0 549 0 1219 0 9 0 0 0 296 0 1105 0 6 0 0 0 0 0 0 0 0 0 0 0 0 1 0 0 0 174 0 0 0 3 0 0 0 1 0 1 0 0 0 0 0 0 0 0 0 1 0 0 0 0 0 0 0 0 0 0 0 0 0 
0 6 0 0 16 1544 0 0 8 0 7 0 0 0 0 0 37 0 0 21 0 0 2888 0 3377 1837 0 0 3350 0 3 218175 0 0 0 3360 9 0 0 0 0 0 0 17 704 0 0 3 0 0 0 0 13 0 0 0 0 0 0 0 9 0 0 8 0 0 1360 0 1630 0 14 0 0 0 1045 0 776 0 15 0 0 0 0 0 0 2 0 0 0 0 0 2 0 0 0 501 0 0 0 7 0 0 0 2 0 3 0 0 0 0 0 0 0 0 0 1 0 0 0 0 0 0 0 0 0 2 0 0 0 
0 4 0 0 22 550 0 0 5 0 1 0 0 0 0 0 55 0 0 31 0 0 1047 0 1466 4878 0 0 1767 0 2 51236 0 0 0 1632 34 0 0 0 0 0 0 7 149 0 0 8 0 0 0 0 10 0 0 0 0 0 0 0 33 0 0 2 0 0 198 0 524 0 0 0 0 0 37 0 568 0 4 0 0 0 0 0 0 0 0 0 0 0 0 0 0 0 0 31 0 0 0 1 0 0 0 1 0 0 0 0 0 0 0 0 0 0 0 3 0 0 0 0 0 0 0 0 0 0 0 0 0 
0 6 0 0 19 1292 0 0 10 0 5 0 0 0 0 0 70 0 0 36 0 0 3132 0 3016 2500 0 0 3181 0 5 158637 0 0 0 2910 17 0 0 0 0 0 0 11 464 0 0 8 0 0 0 0 12 0 0 0 0 0 0 0 9 0 0 11 0 0 1049 0 1269 0 6 0 0 0 708 0 1007 0 7 0 0 0 0 0 0 1 0 0 0 0 0 2 0 0 0 312 0 0 0 7 0 0 0 5 0 0 0 0 0 0 0 0 0 0 0 7 0 0 0 0 0 0 0 0 0 1 0 0 0 
0 4 0 0 11 955 0 0 3 0 4 0 0 0 0 0 35 0 0 10 0 0 964 0 2409 1817 0 0 2756 0 0 127227 0 0 0 1617 10 0 0 0 0 0 0 2 216 0 0 2 0 0 0 0 8 0 0 0 0 0 0 0 6 0 0 2 0 0 711 0 1148 0 7 0 0 0 641 0 715 0 6 0 0 0 0 0 0 2 0 0 0 0 0 0 0 0 0 312 0 0 0 2 0 0 0 4 0 2 0 0 0 0 0 0 0 0 0 3 0 0 0 0 0 0 0 0 0 0 0 0 0 
0 6 0 0 32 1039 0 0 9 0 6 0 0 0 0 0 73 0 0 56 0 0 2230 0 2617 5314 0 0 2343 0 5 127720 0 0 0 3676 53 0 0 0 0 0 0 13 273 0 0 16 0 0 0 0 18 0 0 0 0 0 0 0 35 0 0 6 0 0 1642 0 1005 0 20 0 0 0 505 0 744 0 24 0 0 0 0 0 0 4 0 0 0 0 0 2 0 0 0 123 0 0 0 15 0 0 0 0 0 3 0 0 0 0 0 0 0 0 0 2 0 0 0 0 0 0 0 0 0 0 0 0 0 
0 7 0 0 18 1464 0 0 14 0 8 0 0 0 0 0 61 0 0 45 0 0 4141 0 3477 2390 0 0 3481 0 10 180506 0 0 0 2916 16 0 0 0 0 0 0 20 596 0 0 5 0 0 0 0 14 0 0 0 0 0 0 0 4 0 0 16 0 0 1738 0 1172 0 14 0 0 0 1003 0 771 0 11 0 0 0 0 0 0 6 0 0 0 0 0 1 0 0 0 597 0 0 0 9 0 0 0 3 0 7 0 0 0 0 0 0 0 0 0 2 0 0 0 0 0 0 0 0 0 0 0 0 0 
0 5 0 0 12 1152 0 0 6 0 4 0 0 0 0 0 40 0 0 20 0 0 1872 0 3274 1198 0 0 2587 0 2 159856 0 0 0 2235 8 0 0 0 0 0 0 6 220 0 0 3 0 0 0 0 9 0 0 0 0 0 0 0 5 0 0 5 0 0 1022 0 1073 0 9 0 0 0 410 0 577 0 3 0 0 0 0 0 0 2 0 0 0 0 0 0 0 0 0 428 0 0 0 3 0 0 0 3 0 0 0 0 0 0 0 0 0 0 0 0 0 0 0 0 0 0 0 0 0 1 0 0 0 
0 3 0 0 9 592 0 0 3 0 0 0 0 0 0 0 29 0 0 13 0 0 909 0 1796 1734 0 0 1808 0 1 59383 0 0 0 1127 6 0 0 0 0 0 0 1 137 0 0 2 0 0 0 0 8 0 0 0 0 0 0 0 4 0 0 0 0 0 0 0 575 0 0 0 0 0 0 0 662 0 0 0 0 0 0 0 0 0 0 0 0 0 0 0 0 0 0 0 0 0 0 0 0 0 0 0 0 0 0 0 0 0 0 0 0 0 0 0 0 0 0 0 0 0 0 0 0 0 0 0 0 
0 7 0 0 18 1782 0 0 14 0 7 0 0 0 0 0 53 0 0 43 0 0 5083 0 3447 1972 0 0 3982 0 8 245585 0 0 0 3939 15 0 0 0 0 0 0 17 1047 0 0 9 0 0 0 0 15 0 0 0 0 0 0 0 3 0 0 20 0 0 1366 0 1751 0 12 0 0 0 952 0 943 0 9 0 0 0 0 0 0 2 0 0 0 0 0 0 0 0 0 588 0 0 0 6 0 0 0 6 0 4 0 0 0 0 0 0 0 0 0 2 0 0 0 0 0 0 0 0 0 1 0 0 0 
0 7 0 0 25 1429 0 0 14 0 8 0 0 0 0 0 58 0 0 59 0 0 4375 0 3264 4124 0 0 3179 0 7 170629 0 0 0 3700 27 0 0 0 0 0 0 21 673 0 0 13 0 0 0 0 17 0 0 0 0 0 0 0 23 0 0 25 0 0 1399 0 1083 0 21 0 0 0 1001 0 1119 0 17 0 0 0 0 0 0 1 0 0 0 0 0 1 0 0 0 389 0 0 0 8 0 0 0 4 0 4 0 0 0 0 0 0 0 0 0 4 0 0 0 0 0 0 0 0 0 2 0 0 0 
0 4 0 0 10 976 0 0 2 0 5 0 0 0 0 0 29 0 0 6 0 0 649 0 2705 1138 0 0 2381 0 0 146811 0 0 0 1742 8 0 0 0 0 0 0 1 82 0 0 1 0 0 0 0 5 0 0 0 0 0 0 0 3 0 0 2 0 0 1127 0 1094 0 9 0 0 0 608 0 488 0 7 0 0 0 0 0 0 2 0 0 0 0 0 0 0 0 0 380 0 0 0 6 0 0 0 5 0 0 0 0 0 0 0 0 0 0 0 1 0 0 0 0 0 0 0 0 0 2 0 0 0 
0 7 0 0 26 1260 0 0 16 0 5 0 0 0 0 0 56 0 0 72 0 0 4672 0 2788 5042 0 0 3336 0 13 133380 0 0 0 3225 26 0 0 0 0 0 0 19 639 0 0 17 0 0 0 0 17 0 0 0 0 0 0 0 31 0 0 19 0 0 890 0 1027 0 14 0 0 0 363 0 1282 0 11 0 0 0 0 0 0 0 0 0 0 0 0 2 0 0 0 170 0 0 0 2 0 0 0 2 0 1 0 0 0 0 0 0 0 0 0 4 0 0 0 0 0 0 0 0 0 0 0 0 0 
0 7 0 0 22 1725 0 0 10 0 12 0 0 0 0 0 47 0 0 36 0 0 3467 0 3158 2824 0 0 3342 0 2 237778 0 0 0 4217 23 0 0 0 0 0 0 22 884 0 0 4 0 0 0 0 21 0 0 0 0 0 0 0 11 0 0 17 0 0 2080 0 1679 0 23 0 0 0 2002 0 1094 0 26 0 0 0 0 0 0 3 0 0 0 0 0 4 0 0 0 758 0 0 0 9 0 0 0 6 0 9 0 0 0 0 0 0 0 0 0 6 0 0 0 0 0 0 0 0 0 5 0 0 0 
36 5 333 138 15 991 618 139 6 1 5 12 42 629 838 309 43 605 325 21 390 28802 1729 3436 2320 2442 25241 10056 2673 152 1 119891 6756 22858 1847 1742 12 128 1308 1 117 117 25 7 272 655 104 7 20 101 157 26 10 3 3 2 2 0 543 102 12 22 100 7 119 10001 864 360 940 73 8 33 114 1527 668 1050 732 39 10 77 313 0 1 0 0 2 48 2 0 0 0 0 13 11 193 321 22 36 165 2 0 5 31 2 3 3 39 7 3 0 1 0 0 0 17 3 30 1 0 1 0 0 0 2 0 0 7 12 0 
0 6 0 0 20 1590 0 0 7 0 8 0 0 0 0 0 49 0 0 28 0 0 2495 0 3068 2203 0 0 3005 0 1 228964 0 0 0 4346 19 0 0 0 0 0 0 14 743 0 0 4 0 0 0 0 22 0 0 0 0 0 0 0 13 0 0 8 0 0 1512 0 1688 0 17 0 0 0 1344 0 1022 0 21 0 0 0 0 0 0 1 0 0 0 0 0 3 0 0 0 547 0 0 0 7 0 0 0 3 0 5 0 0 0 0 0 0 0 0 0 3 0 0 0 0 0 0 0 0 0 2 0 0 0 
0 7 0 0 25 1688 0 0 14 0 7 0 0 0 0 0 48 0 0 57 0 0 4710 0 3319 3266 0 0 3906 0 9 222928 0 0 0 4798 25 0 0 0 0 0 0 23 864 0 0 11 0 0 0 0 21 0 0 0 0 0 0 0 13 0 0 17 0 0 1262 0 1612 0 16 0 0 0 1246 0 1276 0 20 0 0 0 0 0 0 2 0 0 0 0 0 3 0 0 0 579 0 0 0 5 0 0 0 8 0 4 0 0 0 0 0 0 0 0 0 3 0 0 0 0 0 0 0 0 0 0 0 0 0 
0 4 0 0 22 792 0 0 3 0 3 0 0 0 0 0 52 0 0 17 0 0 893 0 1791 3638 0 0 2114 0 0 97929 0 0 0 3411 37 0 0 0 0 0 0 5 150 0 0 5 0 0 0 0 18 0 0 0 0 0 0 0 27 0 0 2 0 0 764 0 790 0 9 0 0 0 176 0 1012 0 9 0 0 0 0 0 0 1 0 0 0 0 0 1 0 0 0 117 0 0 0 5 0 0 0 3 0 0 0 0 0 0 0 0 0 0 0 5 0 0 0 0 0 0 0 0 0 0 0 0 0 
0 6 0 0 19 1514 0 0 9 0 6 0 0 0 0 0 50 0 0 36 0 0 3329 0 3392 2103 0 0 3009 0 4 206151 0 0 0 4335 20 0 0 0 0 0 0 11 568 0 0 5 0 0 0 0 22 0 0 0 0 0 0 0 8 0 0 9 0 0 1148 0 1347 0 14 0 0 0 954 0 954 0 15 0 0 0 0 0 0 2 0 0 0 0 0 1 0 0 0 495 0 0 0 4 0 0 0 5 0 3 0 0 0 0 0 0 0 0 0 1 0 0 0 0 0 0 0 0 0 1 0 0 0 
0 7 0 0 19 1636 0 0 13 0 8 0 0 0 0 0 50 0 0 43 0 0 4311 0 3483 2212 0 0 3388 0 9 222115 0 0 0 3603 12 0 0 0 0 0 0 21 807 0 0 4 0 0 0 0 13 0 0 0 0 0 0 0 9 0 0 14 0 0 1689 0 1595 0 17 0 0 0 1098 0 809 0 17 0 0 0 0 0 0 5 0 0 0 0 0 2 0 0 0 541 0 0 0 8 0 0 0 2 0 3 0 0 0 0 0 0 0 0 0 1 0 0 0 0 0 0 0 0 0 2 0 0 0 
0 8 0 0 30 1484 0 0 21 0 7 0 0 0 0 0 66 0 0 100 0 0 6218 0 3078 4653 0 0 3636 0 25 171395 0 0 0 4148 29 0 0 0 0 0 0 30 868 0 0 16 0 0 0 0 18 0 0 0 0 0 0 0 25 0 0 21 0 0 959 0 1366 0 15 0 0 0 1019 0 1241 0 17 0 0 0 0 0 0 2 0 0 0 0 0 3 0 0 0 214 0 0 0 5 0 0 0 1 0 4 0 0 0 0 0 0 0 0 0 8 0 0 0 0 0 0 0 0 0 1 0 0 0 
0 7 0 0 22 1490 0 0 12 0 10 0 0 0 0 0 48 0 0 44 0 0 3610 0 3188 3103 0 0 3553 0 7 191109 0 0 0 3347 20 0 0 0 0 0 0 19 574 0 0 8 0 0 0 0 9 0 0 0 0 0 0 0 17 0 0 18 0 0 2272 0 1350 0 20 0 0 0 1145 0 1003 0 17 0 0 0 0 0 0 7 0 0 0 0 0 4 0 0 0 563 0 0 0 13 0 0 0 6 0 0 0 0 0 0 0 0 0 0 0 6 0 0 0 0 0 0 0 0 0 4 0 0 0 
133 7 315 756 17 1309 8726 312 12 0 11 52 175 1107 1362 1481 42 615 1071 32 956 52372 3254 34013 2476 2608 136853 28618 2314 237 7 135188 377675 33901 40495 2137 12 1098 845 11 463 360 132 9 548 3376 269 6 4 0 0 0 11 0 0 0 5 43 288 963 7 83 312 15 168 36328 1822 4452 884 292 19 224 347 12692 1281 18232 996 150 16 416 76 0 0 0 0 6 105 1 0 0 0 3 7 82 2355 560 1175 247 83 8 1 0 0 3 0 8 117 61 85 0 0 0 0 13 37 10 184 0 2 0 0 0 0 0 0 5 18 69 2 
0 5 0 0 20 1076 0 0 6 0 4 0 0 0 0 0 46 0 0 30 0 0 1922 0 2603 3140 0 0 2533 0 1 143921 0 0 0 3318 25 0 0 0 0 0 0 8 292 0 0 4 0 0 0 0 17 0 0 0 0 0 0 0 17 0 0 6 0 0 961 0 1068 0 8 0 0 0 345 0 1023 0 12 0 0 0 0 0 0 1 0 0 0 0 0 1 0 0 0 241 0 0 0 4 0 0 0 5 0 1 0 0 0 0 0 0 0 0 0 4 0 0 0 0 0 0 0 0 0 0 0 0 0 
0 8 0 0 27 1582 0 0 22 0 6 0 0 0 0 0 74 0 0 103 0 0 6617 0 3308 3606 0 0 3533 0 28 183242 0 0 0 4013 25 0 0 0 0 0 0 26 927 0 0 13 0 0 0 0 19 0 0 0 0 0 0 0 13 0 0 21 0 0 946 0 1331 0 13 0 0 0 964 0 1083 0 14 0 0 0 0 0 0 0 0 0 0 0 0 1 0 0 0 332 0 0 0 4 0 0 0 2 0 5 0 0 0 0 0 0 0 0 0 3 0 0 0 0 0 0 0 0 0 1 0 0 0 
0 6 0 0 19 1500 0 0 9 0 7 0 0 0 0 0 47 0 0 29 0 0 3246 0 3148 2454 0 0 3512 0 3 218801 0 0 0 3481 17 0 0 0 0 0 0 18 769 0 0 9 0 0 0 0 14 0 0 0 0 0 0 0 10 0 0 13 0 0 1330 0 1731 0 12 0 0 0 876 0 912 0 14 0 0 0 0 0 0 1 0 0 0 0 0 2 0 0 0 419 0 0 0 8 0 0 0 5 0 3 0 0 0 0 0 0 0 0 0 3 0 0 0 0 0 0 0 0 0 2 0 0 0 
0 7 0 0 32 959 0 0 12 0 10 0 0 0 0 0 75 0 0 69 0 0 2414 0 2631 6498 0 0 2544 0 7 90388 0 0 0 2678 41 0 0 0 0 0 0 8 201 0 0 20 0 0 0 0 14 0 0 0 0 0 0 0 31 0 0 14 0 0 1573 0 687 0 25 0 0 0 1218 0 835 0 25 0 0 0 0 0 0 5 0 0 0 0 0 5 0 0 0 239 0 0 0 13 0 0 0 3 0 6 0 0 0 0 0 0 0 0 0 10 0 0 0 0 0 0 0 0 0 3 0 0 0 
0 6 0 0 18 1236 0 0 11 0 4 0 0 0 0 0 45 0 0 41 0 0 3431 0 3073 2676 0 0 2919 0 6 151066 0 0 0 3005 14 0 0 0 0 0 0 16 529 0 0 6 0 0 0 0 13 0 0 0 0 0 0 0 8 0 0 12 0 0 842 0 1193 0 9 0 0 0 448 0 845 0 7 0 0 0 0 0 0 0 0 0 0 0 0 1 0 0 0 193 0 0 0 4 0 0 0 1 0 1 0 0 0 0 0 0 0 0 0 2 0 0 0 0 0 0 0 0 0 0 0 0 0 
0 6 0 0 20 1086 0 0 8 0 7 0 0 0 0 0 60 0 0 38 0 0 2240 0 2936 3481 0 0 2460 0 3 115494 0 0 0 2327 15 0 0 0 0 0 0 4 338 0 0 6 0 0 0 0 12 0 0 0 0 0 0 0 15 0 0 7 0 0 898 0 833 0 17 0 0 0 1137 0 884 0 15 0 0 0 0 0 0 1 0 0 0 0 0 5 0 0 0 237 0 0 0 2 0 0 0 1 0 3 0 0 0 0 0 0 0 0 0 6 0 0 0 0 0 0 0 0 0 1 0 0 0 
94 4 95 302 20 712 4364 324 5 0 1 7 74 233 268 1247 56 121 593 29 994 61509 1366 24021 1692 3037 48382 8289 1820 404 2 81485 133415 3456 11606 2418 24 318 673 1 16 307 36 7 126 3007 149 9 0 0 0 0 11 0 0 0 1 0 75 42 25 3 176 2 285 18286 265 614 732 261 1 18 13 510 107 4828 753 46 4 141 38 0 1 0 0 0 76 0 0 0 0 0 6 11 1022 69 15 34 19 2 0 0 0 1 0 0 63 0 3 0 0 0 0 0 7 2 11 0 0 0 0 0 0 0 0 0 0 7 0 
0 6 0 0 23 1368 0 0 11 0 4 0 0 0 0 0 67 0 0 54 0 0 3543 0 2675 2593 0 0 2881 0 6 197228 0 0 0 4587 29 0 0 0 0 0 0 21 615 0 0 5 0 0 0 0 24 0 0 0 0 0 0 0 15 0 0 12 0 0 1084 0 1577 0 14 0 0 0 417 0 989 0 9 0 0 0 0 0 0 2 0 0 0 0 0 0 0 0 0 271 0 0 0 5 0 0 0 1 0 0 0 0 0 0 0 0 0 0 0 1 0 0 0 0 0 0 0 0 0 0 0 0 0 
0 6 0 0 21 1537 0 0 10 0 5 0 0 0 0 0 62 0 0 38 0 0 3487 0 2870 2090 0 0 3330 0 4 221716 0 0 0 4601 24 0 0 0 0 0 0 22 787 0 0 6 0 0 0 0 23 0 0 0 0 0 0 0 9 0 0 12 0 0 1020 0 1775 0 13 0 0 0 807 0 1083 0 12 0 0 0 0 0 0 1 0 0 0 0 0 1 0 0 0 385 0 0 0 5 0 0 0 4 0 2 0 0 0 0 0 0 0 0 0 2 0 0 0 0 0 0 0 0 0 0 0 0 0 
0 2 0 0 8 181 0 0 1 0 0 0 0 0 0 0 39 0 0 7 0 0 164 0 734 1019 0 0 377 0 0 8076 0 0 0 602 9 0 0 0 0 0 0 1 8 0 0 0 0 0 0 0 2 0 0 0 0 0 0 0 3 0 0 0 0 0 0 0 30 0 0 0 0 0 0 0 121 0 0 0 0 0 0 0 0 0 0 0 0 0 0 0 0 0 0 0 0 0 0 0 0 0 0 0 0 0 0 0 0 0 0 0 0 0 0 0 0 0 0 0 0 0 0 0 0 0 0 0 0 
0 4 0 0 16 620 0 0 3 0 4 0 0 0 0 0 47 0 0 16 0 0 724 0 1777 2682 0 0 2097 0 0 68578 0 0 0 1646 18 0 0 0 0 0 0 2 40 0 0 4 0 0 0 0 5 0 0 0 0 0 0 0 8 0 0 4 0 0 708 0 611 0 9 0 0 0 441 0 635 0 10 0 0 0 0 0 0 0 0 0 0 0 0 0 0 0 0 144 0 0 0 3 0 0 0 3 0 0 0 0 0 0 0 0 0 0 0 4 0 0 1 0 0 0 0 0 0 1 0 0 0 
0 3 0 0 20 197 0 0 2 0 1 0 0 0 0 0 76 0 0 19 0 0 207 0 472 3779 0 0 522 0 0 8130 0 0 0 1118 42 0 0 0 0 0 0 1 3 0 0 4 0 0 0 0 5 0 0 0 0 0 0 0 22 0 0 1 0 0 87 0 20 0 3 0 0 0 83 0 155 0 8 0 0 0 0 0 0 0 0 0 0 0 0 0 0 0 0 5 0 0 0 0 0 0 0 0 0 0 0 0 0 0 0 0 0 0 0 1 0 0 0 0 0 0 0 0 0 0 0 0 0 
0 2 0 0 11 286 0 0 0 0 1 0 0 0 0 0 34 0 0 0 0 0 0 0 802 1984 0 0 595 0 0 22675 0 0 0 1392 17 0 0 0 0 0 0 0 0 0 0 0 0 0 0 0 4 0 0 0 0 0 0 0 16 0 0 0 0 0 176 0 131 0 7 0 0 0 76 0 428 0 2 0 0 0 0 0 0 0 0 0 0 0 0 0 0 0 0 17 0 0 0 0 0 0 0 0 0 0 0 0 0 0 0 0 0 0 0 1 0 0 0 0 0 0 0 0 0 0 0 0 0 
0 5 0 0 17 1164 0 0 6 0 4 0 0 0 0 0 56 0 0 33 0 0 1904 0 2835 1688 0 0 2421 0 2 175415 0 0 0 3425 17 0 0 0 0 0 0 10 374 0 0 1 0 0 0 0 11 0 0 0 0 0 0 0 7 0 0 5 0 0 1198 0 1372 0 9 0 0 0 294 0 666 0 6 0 0 0 0 0 0 2 0 0 0 0 0 0 0 0 0 250 0 0 0 5 0 0 0 1 0 0 0 0 0 0 0 0 0 0 0 2 0 0 0 0 0 0 0 0 0 1 0 0 0 
0 4 0 0 18 610 0 0 6 0 0 0 0 0 0 0 68 0 0 38 0 0 1562 0 1917 2815 0 0 2126 0 4 69239 0 0 0 1956 25 0 0 0 0 0 0 10 130 0 0 4 0 0 0 0 8 0 0 0 0 0 0 0 13 0 0 0 0 0 0 0 675 0 0 0 0 0 0 0 447 0 0 0 0 0 0 0 0 0 0 0 0 0 0 0 0 0 0 0 0 0 0 0 0 0 0 0 0 0 0 0 0 0 0 0 0 0 0 0 0 0 0 0 0 0 0 0 0 0 0 0 0 
0 6 0 0 26 948 0 0 11 0 4 0 0 0 0 0 68 0 0 64 0 0 2845 0 2194 4581 0 0 2567 0 6 99516 0 0 0 3109 29 0 0 0 0 0 0 13 325 0 0 11 0 0 0 0 19 0 0 0 0 0 0 0 28 0 0 12 0 0 706 0 800 0 16 0 0 0 354 0 1019 0 9 0 0 0 0 0 0 0 0 0 0 0 0 1 0 0 0 86 0 0 0 3 0 0 0 0 0 1 0 0 0 0 0 0 0 0 0 4 0 0 0 0 0 0 0 0 0 0 0 0 0 
0 2 0 0 6 469 0 0 0 0 1 0 0 0 0 0 29 0 0 0 0 0 0 0 1310 682 0 0 960 0 0 74085 0 0 0 1092 4 0 0 0 0 0 0 0 0 0 0 0 0 0 0 0 4 0 0 0 0 0 0 0 3 0 0 0 0 0 335 0 696 0 3 0 0 0 53 0 311 0 2 0 0 0 0 0 0 0 0 0 0 0 0 0 0 0 0 40 0 0 0 1 0 0 0 0 0 0 0 0 0 0 0 0 0 0 0 0 0 0 0 0 0 0 0 0 0 0 0 0 0 
0 4 0 0 21 748 0 0 2 0 4 0 0 0 0 0 68 0 0 16 0 0 710 0 1846 3286 0 0 1438 0 0 95922 0 0 0 2800 37 0 0 0 0 0 0 4 15 0 0 4 0 0 0 0 8 0 0 0 0 0 0 0 27 0 0 1 0 0 897 0 747 0 12 0 0 0 328 0 643 0 16 0 0 0 0 0 0 0 0 0 0 0 0 0 0 0 0 137 0 0 0 2 0 0 0 1 0 2 0 0 0 0 0 0 0 0 0 3 0 0 0 0 0 0 0 0 0 1 0 0 0 
0 3 0 0 11 776 0 0 2 0 1 0 0 0 0 0 44 0 0 10 0 0 721 0 2040 980 0 0 1831 0 0 120655 0 0 0 2437 12 0 0 0 0 0 0 6 178 0 0 0 0 0 0 0 7 0 0 0 0 0 0 0 5 0 0 1 0 0 335 0 1097 0 3 0 0 0 53 0 497 0 2 0 0 0 0 0 0 0 0 0 0 0 0 0 0 0 0 40 0 0 0 1 0 0 0 0 0 0 0 0 0 0 0 0 0 0 0 0 0 0 0 0 0 0 0 0 0 0 0 0 0 
0 3 0 0 18 564 0 0 3 0 0 0 0 0 0 0 49 0 0 24 0 0 965 0 1197 2788 0 0 1187 0 1 69614 0 0 0 2929 34 0 0 0 0 0 0 5 79 0 0 4 0 0 0 0 14 0 0 0 0 0 0 0 19 0 0 0 0 0 0 0 603 0 0 0 0 0 0 0 729 0 0 0 0 0 0 0 0 0 0 0 0 0 0 0 0 0 0 0 0 0 0 0 0 0 0 0 0 0 0 0 0 0 0 0 0 0 0 0 0 0 0 0 0 0 0 0 0 0 0 0 0 
0 7 0 0 27 1238 0 0 15 0 6 0 0 0 0 0 77 0 0 79 0 0 3914 0 2776 3928 0 0 2988 0 11 151788 0 0 0 3598 31 0 0 0 0 0 0 20 490 0 0 10 0 0 0 0 16 0 0 0 0 0 0 0 22 0 0 18 0 0 1374 0 1173 0 22 0 0 0 624 0 806 0 10 0 0 0 0 0 0 3 0 0 0 0 0 1 0 0 0 255 0 0 0 8 0 0 0 0 0 2 0 0 0 0 0 0 0 0 0 3 0 0 0 0 0 0 0 0 0 0 0 0 0 
0 1 0 0 4 93 0 0 0 0 0 0 0 0 0 0 20 0 0 0 0 0 0 0 324 712 0 0 95 0 0 4271 0 0 0 298 5 0 0 0 0 0 0 0 0 0 0 0 0 0 0 0 0 0 0 0 0 0 0 0 1 0 0 0 0 0 0 0 7 0 0 0 0 0 0 0 74 0 0 0 0 0 0 0 0 0 0 0 0 0 0 0 0 0 0 0 0 0 0 0 0 0 0 0 0 0 0 0 0 0 0 0 0 0 0 0 0 0 0 0 0 0 0 0 0 0 0 0 0 
0 5 0 0 13 1004 0 0 4 0 6 0 0 0 0 0 52 0 0 18 0 0 901 0 2966 1541 0 0 1743 0 1 139276 0 0 0 2181 9 0 0 0 0 0 0 0 63 0 0 1 0 0 0 0 7 0 0 0 0 0 0 0 5 0 0 2 0 0 1741 0 865 0 14 0 0 0 438 0 523 0 7 0 0 0 0 0 0 5 0 0 0 0 0 0 0 0 0 403 0 0 0 6 0 0 0 2 0 0 0 0 0 0 0 0 0 0 0 2 0 0 0 0 0 0 0 0 0 2 0 0 0 
0 2 0 0 11 432 0 0 1 0 0 0 0 0 0 0 35 0 0 8 0 0 376 0 993 1485 0 0 875 0 0 61020 0 0 0 2180 22 0 0 0 0 0 0 2 27 0 0 1 0 0 0 0 14 0 0 0 0 0 0 0 8 0 0 0 0 0 0 0 551 0 0 0 0 0 0 0 554 0 0 0 0 0 0 0 0 0 0 0 0 0 0 0 0 0 0 0 0 0 0 0 0 0 0 0 0 0 0 0 0 0 0 0 0 0 0 0 0 0 0 0 0 0 0 0 0 0 0 0 0 
0 2 0 0 13 180 0 0 0 0 1 0 0 0 0 0 50 0 0 0 0 0 0 0 420 2351 0 0 195 0 0 8002 0 0 0 1028 30 0 0 0 0 0 0 0 0 0 0 0 0 0 0 0 2 0 0 0 0 0 0 0 13 0 0 0 0 0 87 0 12 0 3 0 0 0 83 0 130 0 8 0 0 0 0 0 0 0 0 0 0 0 0 0 0 0 0 5 0 0 0 0 0 0 0 0 0 0 0 0 0 0 0 0 0 0 0 1 0 0 0 0 0 0 0 0 0 0 0 0 0 
0 4 0 0 16 672 0 0 4 0 2 0 0 0 0 0 58 0 0 20 0 0 1112 0 2050 2289 0 0 2202 0 0 72302 0 0 0 2212 20 0 0 0 0 0 0 7 113 0 0 3 0 0 0 0 12 0 0 0 0 0 0 0 11 0 0 4 0 0 287 0 560 0 11 0 0 0 192 0 443 0 4 0 0 0 0 0 0 0 0 0 0 0 0 0 0 0 0 96 0 0 0 1 0 0 0 0 0 0 0 0 0 0 0 0 0 0 0 0 0 0 0 0 0 0 0 0 0 0 0 0 0 
0 3 0 0 18 241 0 0 2 0 1 0 0 0 0 0 66 0 0 15 0 0 272 0 596 3475 0 0 195 0 0 9832 0 0 0 1257 35 0 0 0 0 0 0 0 15 0 0 4 0 0 0 0 2 0 0 0 0 0 0 0 20 0 0 1 0 0 87 0 12 0 3 0 0 0 83 0 206 0 8 0 0 0 0 0 0 0 0 0 0 0 0 0 0 0 0 5 0 0 0 0 0 0 0 0 0 0 0 0 0 0 0 0 0 0 0 1 0 0 0 0 0 0 0 0 0 0 0 0 0 
0 3 0 0 10 529 0 0 1 0 2 0 0 0 0 0 43 0 0 7 0 0 130 0 1493 1467 0 0 926 0 0 75570 0 0 0 1286 8 0 0 0 0 0 0 0 12 0 0 0 0 0 0 0 4 0 0 0 0 0 0 0 7 0 0 0 0 0 680 0 666 0 5 0 0 0 87 0 358 0 3 0 0 0 0 0 0 1 0 0 0 0 0 0 0 0 0 67 0 0 0 3 0 0 0 0 0 0 0 0 0 0 0 0 0 0 0 1 0 0 0 0 0 0 0 0 0 0 0 0 0 
0 2 0 0 11 286 0 0 0 0 1 0 0 0 0 0 34 0 0 0 0 0 0 0 802 1984 0 0 595 0 0 22675 0 0 0 1392 17 0 0 0 0 0 0 0 0 0 0 0 0 0 0 0 4 0 0 0 0 0 0 0 16 0 0 0 0 0 176 0 131 0 7 0 0 0 76 0 428 0 2 0 0 0 0 0 0 0 0 0 0 0 0 0 0 0 0 17 0 0 0 0 0 0 0 0 0 0 0 0 0 0 0 0 0 0 0 1 0 0 0 0 0 0 0 0 0 0 0 0 0 
0 1 0 0 4 93 0 0 0 0 0 0 0 0 0 0 20 0 0 0 0 0 0 0 324 712 0 0 95 0 0 4271 0 0 0 298 5 0 0 0 0 0 0 0 0 0 0 0 0 0 0 0 0 0 0 0 0 0 0 0 1 0 0 0 0 0 0 0 7 0 0 0 0 0 0 0 74 0 0 0 0 0 0 0 0 0 0 0 0 0 0 0 0 0 0 0 0 0 0 0 0 0 0 0 0 0 0 0 0 0 0 0 0 0 0 0 0 0 0 0 0 0 0 0 0 0 0 0 0 
0 1 0 0 4 93 0 0 0 0 0 0 0 0 0 0 20 0 0 0 0 0 0 0 324 712 0 0 95 0 0 4271 0 0 0 298 5 0 0 0 0 0 0 0 0 0 0 0 0 0 0 0 0 0 0 0 0 0 0 0 1 0 0 0 0 0 0 0 7 0 0 0 0 0 0 0 74 0 0 0 0 0 0 0 0 0 0 0 0 0 0 0 0 0 0 0 0 0 0 0 0 0 0 0 0 0 0 0 0 0 0 0 0 0 0 0 0 0 0 0 0 0 0 0 0 0 0 0 0 
0 3 0 0 13 480 0 0 1 0 2 0 0 0 0 0 46 0 0 4 0 0 233 0 1343 2300 0 0 1086 0 0 41265 0 0 0 1649 15 0 0 0 0 0 0 2 26 0 0 0 0 0 0 0 9 0 0 0 0 0 0 0 14 0 0 0 0 0 329 0 262 0 8 0 0 0 229 0 557 0 6 0 0 0 0 0 0 0 0 0 0 0 0 0 0 0 0 57 0 0 0 2 0 0 0 0 0 1 0 0 0 0 0 0 0 0 0 2 0 0 0 0 0 0 0 0 0 0 0 0 0 
0 3 0 0 19 518 0 0 1 0 2 0 0 0 0 0 61 0 0 8 0 0 376 0 1087 2791 0 0 890 0 0 64419 0 0 0 2822 44 0 0 0 0 0 0 2 26 0 0 1 0 0 0 0 16 0 0 0 0 0 0 0 15 0 0 0 0 0 420 0 550 0 7 0 0 0 168 0 603 0 10 0 0 0 0 0 0 0 0 0 0 0 0 1 0 0 0 8 0 0 0 2 0 0 0 0 0 0 0 0 0 0 0 0 0 0 0 4 0 0 0 0 0 0 0 0 0 0 0 0 0 
0 6 0 0 24 840 0 0 9 0 6 0 0 0 0 0 72 0 0 54 0 0 1659 0 2196 4380 0 0 2367 0 5 97096 0 0 0 2605 25 0 0 0 0 0 0 9 97 0 0 10 0 0 0 0 11 0 0 0 0 0 0 0 29 0 0 7 0 0 1576 0 783 0 22 0 0 0 391 0 782 0 10 0 0 0 0 0 0 5 0 0 0 0 0 2 0 0 0 184 0 0 0 5 0 0 0 1 0 0 0 0 0 0 0 0 0 0 0 3 0 0 0 0 0 0 0 0 0 1 0 0 0 
0 1 0 0 4 93 0 0 0 0 0 0 0 0 0 0 20 0 0 0 0 0 0 0 324 712 0 0 95 0 0 4271 0 0 0 298 5 0 0 0 0 0 0 0 0 0 0 0 0 0 0 0 0 0 0 0 0 0 0 0 1 0 0 0 0 0 0 0 7 0 0 0 0 0 0 0 74 0 0 0 0 0 0 0 0 0 0 0 0 0 0 0 0 0 0 0 0 0 0 0 0 0 0 0 0 0 0 0 0 0 0 0 0 0 0 0 0 0 0 0 0 0 0 0 0 0 0 0 0 
0 7 0 0 20 1433 0 0 16 0 5 0 0 0 0 0 63 0 0 56 0 0 4749 0 2901 2657 0 0 4192 0 14 183754 0 0 0 3457 16 0 0 0 0 0 0 27 835 0 0 5 0 0 0 0 16 0 0 0 0 0 0 0 7 0 0 17 0 0 1341 0 1688 0 16 0 0 0 391 0 1007 0 6 0 0 0 0 0 0 2 0 0 0 0 0 1 0 0 0 209 0 0 0 5 0 0 0 2 0 1 0 0 0 0 0 0 0 0 0 1 0 0 0 0 0 0 0 0 0 0 0 0 0 
0 6 0 0 24 1277 0 0 9 0 6 0 0 0 0 0 73 0 0 46 0 0 3090 0 2934 2455 0 0 2623 0 5 181078 0 0 0 4053 30 0 0 0 0 0 0 19 470 0 0 3 0 0 0 0 15 0 0 0 0 0 0 0 11 0 0 6 0 0 1330 0 1424 0 18 0 0 0 547 0 723 0 19 0 0 0 0 0 0 1 0 0 0 0 0 6 0 0 0 226 0 0 0 10 0 0 0 1 0 2 0 0 0 0 0 0 0 0 0 2 0 0 0 0 0 0 0 0 0 0 0 0 0 
0 1 0 0 4 93 0 0 0 0 0 0 0 0 0 0 20 0 0 0 0 0 0 0 324 712 0 0 95 0 0 4271 0 0 0 298 5 0 0 0 0 0 0 0 0 0 0 0 0 0 0 0 0 0 0 0 0 0 0 0 1 0 0 0 0 0 0 0 7 0 0 0 0 0 0 0 74 0 0 0 0 0 0 0 0 0 0 0 0 0 0 0 0 0 0 0 0 0 0 0 0 0 0 0 0 0 0 0 0 0 0 0 0 0 0 0 0 0 0 0 0 0 0 0 0 0 0 0 0 
0 1 0 0 4 93 0 0 0 0 0 0 0 0 0 0 20 0 0 0 0 0 0 0 324 712 0 0 95 0 0 4271 0 0 0 298 5 0 0 0 0 0 0 0 0 0 0 0 0 0 0 0 0 0 0 0 0 0 0 0 1 0 0 0 0 0 0 0 7 0 0 0 0 0 0 0 74 0 0 0 0 0 0 0 0 0 0 0 0 0 0 0 0 0 0 0 0 0 0 0 0 0 0 0 0 0 0 0 0 0 0 0 0 0 0 0 0 0 0 0 0 0 0 0 0 0 0 0 0 
0 3 0 0 13 730 0 0 3 0 0 0 0 0 0 0 43 0 0 19 0 0 1069 0 2009 1451 0 0 1803 0 1 104633 0 0 0 2646 17 0 0 0 0 0 0 4 194 0 0 2 0 0 0 0 9 0 0 0 0 0 0 0 5 0 0 0 0 0 0 0 901 0 0 0 0 0 0 0 569 0 0 0 0 0 0 0 0 0 0 0 0 0 0 0 0 0 0 0 0 0 0 0 0 0 0 0 0 0 0 0 0 0 0 0 0 0 0 0 0 0 0 0 0 0 0 0 0 0 0 0 0 
0 1 0 0 4 93 0 0 0 0 0 0 0 0 0 0 20 0 0 0 0 0 0 0 324 712 0 0 95 0 0 4271 0 0 0 298 5 0 0 0 0 0 0 0 0 0 0 0 0 0 0 0 0 0 0 0 0 0 0 0 1 0 0 0 0 0 0 0 7 0 0 0 0 0 0 0 74 0 0 0 0 0 0 0 0 0 0 0 0 0 0 0 0 0 0 0 0 0 0 0 0 0 0 0 0 0 0 0 0 0 0 0 0 0 0 0 0 0 0 0 0 0 0 0 0 0 0 0 0 
0 2 0 0 8 423 0 0 1 0 0 0 0 0 0 0 26 0 0 6 0 0 365 0 1253 1155 0 0 930 0 0 58063 0 0 0 1301 9 0 0 0 0 0 0 0 29 0 0 1 0 0 0 0 6 0 0 0 0 0 0 0 3 0 0 0 0 0 0 0 500 0 0 0 0 0 0 0 383 0 0 0 0 0 0 0 0 0 0 0 0 0 0 0 0 0 0 0 0 0 0 0 0 0 0 0 0 0 0 0 0 0 0 0 0 0 0 0 0 0 0 0 0 0 0 0 0 0 0 0 0 
0 3 0 0 13 373 0 0 2 0 1 0 0 0 0 0 48 0 0 9 0 0 422 0 1180 2585 0 0 631 0 0 23713 0 0 0 1183 14 0 0 0 0 0 0 0 22 0 0 4 0 0 0 0 1 0 0 0 0 0 0 0 12 0 0 1 0 0 128 0 89 0 1 0 0 0 112 0 425 0 4 0 0 0 0 0 0 0 0 0 0 0 0 0 0 0 0 20 0 0 0 0 0 0 0 0 0 0 0 0 0 0 0 0 0 0 0 2 0 0 0 0 0 0 0 0 0 0 0 0 0 
0 6 0 0 20 1188 0 0 11 0 4 0 0 0 0 0 58 0 0 53 0 0 3044 0 3047 3143 0 0 2940 0 8 157571 0 0 0 2539 22 0 0 0 0 0 0 15 356 0 0 8 0 0 0 0 13 0 0 0 0 0 0 0 18 0 0 9 0 0 1094 0 1195 0 10 0 0 0 365 0 769 0 4 0 0 0 0 0 0 2 0 0 0 0 0 0 0 0 0 355 0 0 0 4 0 0 0 2 0 0 0 0 0 0 0 0 0 0 0 0 0 0 0 0 0 0 0 0 0 1 0 0 0 
0 4 0 0 19 704 0 0 5 0 1 0 0 0 0 0 53 0 0 31 0 0 1446 0 1835 2726 0 0 1706 0 2 80272 0 0 0 2699 25 0 0 0 0 0 0 7 187 0 0 5 0 0 0 0 12 0 0 0 0 0 0 0 20 0 0 2 0 0 176 0 647 0 7 0 0 0 76 0 784 0 2 0 0 0 0 0 0 0 0 0 0 0 0 0 0 0 0 17 0 0 0 0 0 0 0 0 0 0 0 0 0 0 0 0 0 0 0 1 0 0 0 0 0 0 0 0 0 0 0 0 0 
0 3 0 0 14 761 0 0 2 0 1 0 0 0 0 0 39 0 0 13 0 0 740 0 1916 1720 0 0 1492 0 0 114605 0 0 0 2964 20 0 0 0 0 0 0 2 56 0 0 2 0 0 0 0 16 0 0 0 0 0 0 0 10 0 0 1 0 0 208 0 922 0 2 0 0 0 218 0 741 0 6 0 0 0 0 0 0 0 0 0 0 0 0 0 0 0 0 121 0 0 0 0 0 0 0 2 0 0 0 0 0 0 0 0 0 0 0 0 0 0 0 0 0 0 0 0 0 0 0 0 0 
0 1 0 0 4 93 0 0 0 0 0 0 0 0 0 0 20 0 0 0 0 0 0 0 324 712 0 0 95 0 0 4271 0 0 0 298 5 0 0 0 0 0 0 0 0 0 0 0 0 0 0 0 0 0 0 0 0 0 0 0 1 0 0 0 0 0 0 0 7 0 0 0 0 0 0 0 74 0 0 0 0 0 0 0 0 0 0 0 0 0 0 0 0 0 0 0 0 0 0 0 0 0 0 0 0 0 0 0 0 0 0 0 0 0 0 0 0 0 0 0 0 0 0 0 0 0 0 0 0 
0 4 0 0 22 511 0 0 4 0 2 0 0 0 0 0 60 0 0 27 0 0 704 0 1579 3602 0 0 1329 0 1 56939 0 0 0 1853 33 0 0 0 0 0 0 1 11 0 0 10 0 0 0 0 6 0 0 0 0 0 0 0 25 0 0 2 0 0 130 0 443 0 12 0 0 0 552 0 415 0 5 0 0 0 0 0 0 0 0 0 0 0 0 1 0 0 0 62 0 0 0 0 0 0 0 0 0 0 0 0 0 0 0 0 0 0 0 1 0 0 0 0 0 0 0 0 0 0 0 0 0 
0 4 0 0 16 743 0 0 4 0 2 0 0 0 0 0 60 0 0 31 0 0 1046 0 2214 2072 0 0 2169 0 1 91275 0 0 0 2170 22 0 0 0 0 0 0 3 128 0 0 1 0 0 0 0 9 0 0 0 0 0 0 0 8 0 0 2 0 0 355 0 743 0 5 0 0 0 280 0 504 0 2 0 0 0 0 0 0 0 0 0 0 0 0 0 0 0 0 143 0 0 0 2 0 0 0 2 0 1 0 0 0 0 0 0 0 0 0 1 0 0 0 0 0 0 0 0 0 0 0 0 0 
0 8 0 0 29 1711 0 0 20 0 9 0 0 0 0 0 68 0 0 100 0 0 6023 0 3079 3444 0 0 3840 0 19 230439 0 0 0 4928 31 0 0 0 0 0 0 25 894 0 0 12 0 0 0 0 19 0 0 0 0 0 0 0 23 0 0 31 0 0 2034 0 1589 0 17 0 0 0 1165 0 1215 0 21 0 0 0 0 0 0 4 0 0 0 0 0 1 0 0 0 664 0 0 0 10 0 0 0 9 0 5 0 0 0 0 0 0 0 0 0 5 0 0 0 0 0 0 0 0 0 2 0 0 0 
0 3 0 0 11 726 0 0 2 0 1 0 0 0 0 0 34 0 0 7 0 0 714 0 1829 1372 0 0 2162 0 0 93517 0 0 0 2411 19 0 0 0 0 0 0 3 102 0 0 2 0 0 0 0 19 0 0 0 0 0 0 0 8 0 0 1 0 0 245 0 882 0 6 0 0 0 100 0 719 0 0 0 0 0 0 0 0 0 0 0 0 0 0 0 0 0 0 93 0 0 0 1 0 0 0 1 0 0 0 0 0 0 0 0 0 0 0 0 0 0 0 0 0 0 0 0 0 0 0 0 0 
0 6 0 0 24 1494 0 0 9 0 6 0 0 0 0 0 54 0 0 51 0 0 3100 0 3167 2817 0 0 3244 0 5 201935 0 0 0 5179 29 0 0 0 0 0 0 12 612 0 0 6 0 0 0 0 19 0 0 0 0 0 0 0 24 0 0 6 0 0 1315 0 1372 0 17 0 0 0 847 0 1149 0 16 0 0 0 0 0 0 2 0 0 0 0 0 2 0 0 0 487 0 0 0 4 0 0 0 6 0 5 0 0 0 0 0 0 0 0 0 2 0 0 0 0 0 0 0 0 0 0 0 0 0 
0 3 0 0 8 899 0 0 2 0 1 0 0 0 0 0 22 0 0 5 0 0 700 0 2295 911 0 0 2417 0 0 141997 0 0 0 1906 4 0 0 0 0 0 0 4 195 0 0 1 0 0 0 0 10 0 0 0 0 0 0 0 4 0 0 1 0 0 214 0 1318 0 2 0 0 0 168 0 586 0 1 0 0 0 0 0 0 0 0 0 0 0 0 0 0 0 0 162 0 0 0 2 0 0 0 1 0 0 0 0 0 0 0 0 0 0 0 0 0 0 0 0 0 0 0 0 0 0 0 0 0 
0 6 0 0 22 1487 0 0 8 0 8 0 0 0 0 0 48 0 0 37 0 0 2534 0 2962 2512 0 0 3475 0 2 217511 0 0 0 4320 26 0 0 0 0 0 0 14 536 0 0 4 0 0 0 0 15 0 0 0 0 0 0 0 19 0 0 11 0 0 1870 0 1565 0 16 0 0 0 1057 0 1063 0 18 0 0 0 0 0 0 4 0 0 0 0 0 1 0 0 0 636 0 0 0 10 0 0 0 9 0 4 0 0 0 0 0 0 0 0 0 5 0 0 0 0 0 0 0 0 0 2 0 0 0 
0 8 0 0 27 1822 0 0 20 0 9 0 0 0 0 0 56 0 0 79 0 0 6521 0 3011 3436 0 0 4374 0 17 242919 0 0 0 4611 26 0 0 0 0 0 0 36 1274 0 0 13 0 0 0 0 15 0 0 0 0 0 0 0 14 0 0 35 0 0 1823 0 1932 0 17 0 0 0 1276 0 1356 0 16 0 0 0 0 0 0 3 0 0 0 0 0 2 0 0 0 466 0 0 0 12 0 0 0 7 0 3 0 0 0 0 0 0 0 0 0 7 0 0 0 0 0 0 0 0 0 2 0 0 0 
0 6 0 0 22 1564 0 0 9 0 6 0 0 0 0 0 53 0 0 40 0 0 3178 0 2981 2751 0 0 3312 0 3 225444 0 0 0 4711 23 0 0 0 0 0 0 9 655 0 0 8 0 0 0 0 20 0 0 0 0 0 0 0 21 0 0 10 0 0 1384 0 1628 0 13 0 0 0 824 0 1167 0 16 0 0 0 0 0 0 2 0 0 0 0 0 1 0 0 0 559 0 0 0 6 0 0 0 6 0 4 0 0 0 0 0 0 0 0 0 4 0 0 0 0 0 0 0 0 0 0 0 0 0 
0 4 0 0 20 631 0 0 4 0 2 0 0 0 0 0 56 0 0 22 0 0 916 0 1693 3621 0 0 1495 0 1 77055 0 0 0 2474 35 0 0 0 0 0 0 6 32 0 0 6 0 0 0 0 14 0 0 0 0 0 0 0 22 0 0 2 0 0 571 0 701 0 10 0 0 0 133 0 652 0 2 0 0 0 0 0 0 1 0 0 0 0 0 0 0 0 0 100 0 0 0 4 0 0 0 1 0 0 0 0 0 0 0 0 0 0 0 3 0 0 0 0 0 0 0 0 0 0 0 0 0 
0 6 0 0 21 1325 0 0 8 0 7 0 0 0 0 0 45 0 0 34 0 0 2811 0 2949 3095 0 0 3742 0 4 161779 0 0 0 3527 16 0 0 0 0 0 0 17 626 0 0 3 0 0 0 0 15 0 0 0 0 0 0 0 12 0 0 6 0 0 1086 0 1460 0 15 0 0 0 947 0 1140 0 20 0 0 0 0 0 0 0 0 0 0 0 0 2 0 0 0 256 0 0 0 4 0 0 0 3 0 6 0 0 0 0 0 0 0 0 0 6 0 0 0 0 0 0 0 0 0 2 0 0 0 
0 4 0 0 22 619 0 0 3 0 3 0 0 0 0 0 58 0 0 18 0 0 533 0 1695 3899 0 0 1772 0 1 76123 0 0 0 2506 42 0 0 0 0 0 0 7 13 0 0 4 0 0 0 0 14 0 0 0 0 0 0 0 25 0 0 0 0 0 879 0 692 0 14 0 0 0 158 0 656 0 5 0 0 0 0 0 0 3 0 0 0 0 0 0 0 0 0 124 0 0 0 6 0 0 0 3 0 0 0 0 0 0 0 0 0 0 0 5 0 0 0 0 0 0 0 0 0 0 0 0 0 
0 3 0 0 11 425 0 0 3 0 0 0 0 0 0 0 44 0 0 16 0 0 757 0 1328 1899 0 0 1813 0 1 37660 0 0 0 813 10 0 0 0 0 0 0 3 45 0 0 2 0 0 0 0 8 0 0 0 0 0 0 0 9 0 0 0 0 0 0 0 451 0 0 0 0 0 0 0 375 0 0 0 0 0 0 0 0 0 0 0 0 0 0 0 0 0 0 0 0 0 0 0 0 0 0 0 0 0 0 0 0 0 0 0 0 0 0 0 0 0 0 0 0 0 0 0 0 0 0 0 0 
0 7 0 0 20 1569 0 0 12 0 10 0 0 0 0 0 49 0 0 46 0 0 3784 0 3439 2387 0 0 3378 0 7 209617 0 0 0 4204 18 0 0 0 0 0 0 13 678 0 0 5 0 0 0 0 20 0 0 0 0 0 0 0 10 0 0 16 0 0 2148 0 1492 0 27 0 0 0 1373 0 1053 0 17 0 0 0 0 0 0 3 0 0 0 0 0 5 0 0 0 554 0 0 0 4 0 0 0 5 0 6 0 0 0 0 0 0 0 0 0 3 0 0 1 0 0 0 0 0 0 2 0 0 0 
0 3 0 0 11 502 0 0 2 0 1 0 0 0 0 0 36 0 0 9 0 0 592 0 1595 1873 0 0 2397 0 0 47357 0 0 0 1159 10 0 0 0 0 0 0 6 69 0 0 1 0 0 0 0 9 0 0 0 0 0 0 0 8 0 0 1 0 0 170 0 626 0 0 0 0 0 57 0 534 0 3 0 0 0 0 0 0 0 0 0 0 0 0 0 0 0 0 21 0 0 0 1 0 0 0 1 0 0 0 0 0 0 0 0 0 0 0 2 0 0 0 0 0 0 0 0 0 0 0 0 0 
0 7 0 0 25 1491 0 0 15 0 6 0 0 0 0 0 64 0 0 70 0 0 4869 0 2857 3164 0 0 3387 0 13 191855 0 0 0 4275 26 0 0 0 0 0 0 21 722 0 0 11 0 0 0 0 25 0 0 0 0 0 0 0 17 0 0 14 0 0 1253 0 1644 0 14 0 0 0 767 0 1259 0 13 0 0 0 0 0 0 2 0 0 0 0 0 3 0 0 0 294 0 0 0 8 0 0 0 2 0 3 0 0 0 0 0 0 0 0 0 3 0 0 0 0 0 0 0 0 0 0 0 0 0 
0 5 0 0 19 911 0 0 5 0 7 0 0 0 0 0 46 0 0 27 0 0 1433 0 2218 3378 0 0 3044 0 2 100743 0 0 0 2382 20 0 0 0 0 0 0 7 247 0 0 4 0 0 0 0 5 0 0 0 0 0 0 0 15 0 0 4 0 0 1123 0 896 0 12 0 0 0 802 0 986 0 14 0 0 0 0 0 0 1 0 0 0 0 0 3 0 0 0 246 0 0 0 7 0 0 0 6 0 4 0 0 0 0 0 0 0 0 0 9 0 0 1 0 0 0 0 0 0 1 0 0 0 
0 2 0 0 6 235 0 0 1 0 0 0 0 0 0 0 25 0 0 4 0 0 211 0 832 1661 0 0 1232 0 0 19109 0 0 0 324 3 0 0 0 0 0 0 0 12 0 0 1 0 0 0 0 3 0 0 0 0 0 0 0 4 0 0 0 0 0 0 0 281 0 0 0 0 0 0 0 227 0 0 0 0 0 0 0 0 0 0 0 0 0 0 0 0 0 0 0 0 0 0 0 0 0 0 0 0 0 0 0 0 0 0 0 0 0 0 0 0 0 0 0 0 0 0 0 0 0 0 0 0 
0 8 0 0 20 1716 0 0 16 0 15 0 0 0 0 0 48 0 0 50 0 0 4750 0 3445 2794 0 0 4021 0 10 225331 0 0 0 3736 17 0 0 0 0 0 0 27 939 0 0 6 0 0 0 0 10 0 0 0 0 0 0 0 14 0 0 30 0 0 3228 0 1476 0 29 0 0 0 1721 0 1032 0 17 0 0 0 0 0 0 9 0 0 0 0 0 7 0 0 0 804 0 0 0 7 0 0 0 5 0 9 0 0 0 0 0 0 0 0 0 6 0 0 2 0 0 0 0 0 0 8 0 0 0 
0 8 0 0 25 1700 0 0 22 0 6 0 0 0 0 0 66 0 0 89 0 0 7054 0 3219 2903 0 0 4708 0 25 222440 0 0 0 4266 23 0 0 0 0 0 0 38 1120 0 0 11 0 0 0 0 20 0 0 0 0 0 0 0 13 0 0 27 0 0 1182 0 1799 0 13 0 0 0 634 0 1009 0 7 0 0 0 0 0 0 1 0 0 0 0 0 2 0 0 0 378 0 0 0 4 0 0 0 4 0 0 0 0 0 0 0 0 0 0 0 3 0 0 0 0 0 0 0 0 0 1 0 0 0 
0 5 0 0 20 1236 0 0 6 0 4 0 0 0 0 0 53 0 0 26 0 0 2115 0 2449 2730 0 0 2865 0 1 172071 0 0 0 4093 26 0 0 0 0 0 0 7 433 0 0 7 0 0 0 0 20 0 0 0 0 0 0 0 21 0 0 6 0 0 964 0 1422 0 12 0 0 0 441 0 1143 0 9 0 0 0 0 0 0 1 0 0 0 0 0 1 0 0 0 276 0 0 0 4 0 0 0 3 0 1 0 0 0 0 0 0 0 0 0 4 0 0 0 0 0 0 0 0 0 0 0 0 0 
0 4 0 0 23 389 0 0 4 0 2 0 0 0 0 0 69 0 0 24 0 0 737 0 1085 5283 0 0 1586 0 0 24959 0 0 0 1503 44 0 0 0 0 0 0 3 19 0 0 10 0 0 0 0 10 0 0 0 0 0 0 0 29 0 0 4 0 0 218 0 304 0 1 0 0 0 145 0 373 0 10 0 0 0 0 0 0 0 0 0 0 0 0 0 0 0 0 11 0 0 0 4 0 0 0 0 0 0 0 0 0 0 0 0 0 0 0 5 0 0 0 0 0 0 0 0 0 0 0 0 0 
0 4 0 0 13 767 0 0 4 0 2 0 0 0 0 0 43 0 0 19 0 0 1197 0 1961 2030 0 0 2421 0 0 99044 0 0 0 1605 9 0 0 0 0 0 0 4 167 0 0 2 0 0 0 0 11 0 0 0 0 0 0 0 9 0 0 4 0 0 501 0 1002 0 4 0 0 0 134 0 618 0 5 0 0 0 0 0 0 0 0 0 0 0 0 0 0 0 0 65 0 0 0 3 0 0 0 0 0 0 0 0 0 0 0 0 0 0 0 1 0 0 0 0 0 0 0 0 0 0 0 0 0 
0 6 0 0 19 1327 0 0 11 0 5 0 0 0 0 0 53 0 0 36 0 0 3583 0 2564 2637 0 0 3690 0 6 176819 0 0 0 3370 20 0 0 0 0 0 0 17 650 0 0 9 0 0 0 0 23 0 0 0 0 0 0 0 12 0 0 16 0 0 1074 0 1583 0 16 0 0 0 591 0 1150 0 10 0 0 0 0 0 0 0 0 0 0 0 0 0 0 0 0 241 0 0 0 6 0 0 0 2 0 0 0 0 0 0 0 0 0 0 0 3 0 0 1 0 0 0 0 0 0 1 0 0 0 
0 5 0 0 17 1314 0 0 6 0 4 0 0 0 0 0 41 0 0 25 0 0 2053 0 3211 1703 0 0 3043 0 2 185471 0 0 0 4084 19 0 0 0 0 0 0 11 439 0 0 1 0 0 0 0 16 0 0 0 0 0 0 0 11 0 0 4 0 0 888 0 1331 0 12 0 0 0 607 0 920 0 10 0 0 0 0 0 0 1 0 0 0 0 0 1 0 0 0 411 0 0 0 2 0 0 0 5 0 2 0 0 0 0 0 0 0 0 0 1 0 0 0 0 0 0 0 0 0 0 0 0 0 
0 5 0 0 22 1161 0 0 6 0 4 0 0 0 0 0 50 0 0 32 0 0 1843 0 2335 2806 0 0 3344 0 1 164452 0 0 0 4019 32 0 0 0 0 0 0 13 362 0 0 4 0 0 0 0 21 0 0 0 0 0 0 0 22 0 0 6 0 0 1135 0 1432 0 13 0 0 0 358 0 1111 0 8 0 0 0 0 0 0 2 0 0 0 0 0 1 0 0 0 285 0 0 0 7 0 0 0 3 0 0 0 0 0 0 0 0 0 0 0 5 0 0 0 0 0 0 0 0 0 0 0 0 0 
0 4 0 0 24 849 0 0 4 0 2 0 0 0 0 0 49 0 0 30 0 0 1267 0 1966 3715 0 0 1984 0 1 119824 0 0 0 3677 39 0 0 0 0 0 0 8 109 0 0 6 0 0 0 0 16 0 0 0 0 0 0 0 30 0 0 2 0 0 520 0 958 0 5 0 0 0 242 0 922 0 9 0 0 0 0 0 0 0 0 0 0 0 0 0 0 0 0 145 0 0 0 2 0 0 0 4 0 1 0 0 0 0 0 0 0 0 0 2 0 0 0 0 0 0 0 0 0 0 0 0 0 
0 4 0 0 23 729 0 0 3 0 3 0 0 0 0 0 56 0 0 23 0 0 739 0 1774 3912 0 0 1745 0 0 86793 0 0 0 3337 39 0 0 0 0 0 0 2 94 0 0 4 0 0 0 0 17 0 0 0 0 0 0 0 31 0 0 2 0 0 719 0 604 0 14 0 0 0 246 0 1006 0 8 0 0 0 0 0 0 1 0 0 0 0 0 0 0 0 0 145 0 0 0 3 0 0 0 3 0 1 0 0 0 0 0 0 0 0 0 5 0 0 0 0 0 0 0 0 0 0 0 0 0 
0 7 0 0 24 1579 0 0 11 0 13 0 0 0 0 0 59 0 0 47 0 0 3722 0 3240 3483 0 0 3434 0 4 216058 0 0 0 3888 21 0 0 0 0 0 0 21 703 0 0 8 0 0 0 0 13 0 0 0 0 0 0 0 20 0 0 20 0 0 2369 0 1421 0 25 0 0 0 1698 0 972 0 28 0 0 0 0 0 0 4 0 0 0 0 0 5 0 0 0 719 0 0 0 11 0 0 0 6 0 10 0 0 0 0 0 0 0 0 0 7 0 0 2 0 0 0 0 0 0 6 0 0 0 
0 6 0 0 30 963 0 0 7 0 10 0 0 0 0 0 81 0 0 46 0 0 1752 0 2487 5223 0 0 2337 0 1 96703 0 0 0 3305 51 0 0 0 0 0 0 10 150 0 0 12 0 0 0 0 7 0 0 0 0 0 0 0 31 0 0 11 0 0 1599 0 642 0 30 0 0 0 1237 0 884 0 30 0 0 0 0 0 0 3 0 0 0 0 0 1 0 0 0 290 0 0 0 12 0 0 0 8 0 9 0 0 0 0 0 0 0 0 0 6 0 0 0 0 0 0 0 0 0 3 0 0 0 
0 4 0 0 21 842 0 0 3 0 3 0 0 0 0 0 45 0 0 16 0 0 865 0 1688 3196 0 0 2178 0 0 129942 0 0 0 3321 33 0 0 0 0 0 0 6 205 0 0 3 0 0 0 0 18 0 0 0 0 0 0 0 24 0 0 2 0 0 1006 0 1287 0 10 0 0 0 156 0 872 0 9 0 0 0 0 0 0 1 0 0 0 0 0 1 0 0 0 38 0 0 0 6 0 0 0 3 0 0 0 0 0 0 0 0 0 0 0 4 0 0 0 0 0 0 0 0 0 0 0 0 0 
0 3 0 0 14 776 0 0 2 0 1 0 0 0 0 0 38 0 0 12 0 0 749 0 1556 1861 0 0 1661 0 0 128381 0 0 0 2925 22 0 0 0 0 0 0 5 181 0 0 2 0 0 0 0 18 0 0 0 0 0 0 0 14 0 0 1 0 0 347 0 1245 0 2 0 0 0 34 0 805 0 1 0 0 0 0 0 0 0 0 0 0 0 0 0 0 0 0 27 0 0 0 2 0 0 0 0 0 0 0 0 0 0 0 0 0 0 0 1 0 0 0 0 0 0 0 0 0 0 0 0 0 
0 2 0 0 10 716 0 0 1 0 0 0 0 0 0 0 26 0 0 5 0 0 392 0 1389 1078 0 0 1697 0 0 126897 0 0 0 2731 18 0 0 0 0 0 0 3 161 0 0 1 0 0 0 0 18 0 0 0 0 0 0 0 10 0 0 0 0 0 0 0 1275 0 0 0 0 0 0 0 758 0 0 0 0 0 0 0 0 0 0 0 0 0 0 0 0 0 0 0 0 0 0 0 0 0 0 0 0 0 0 0 0 0 0 0 0 0 0 0 0 0 0 0 0 0 0 0 0 0 0 0 0 
0 7 0 0 24 1620 0 0 11 0 13 0 0 0 0 0 49 0 0 45 0 0 3564 0 3215 2729 0 0 3692 0 3 239074 0 0 0 4126 23 0 0 0 0 0 0 23 676 0 0 7 0 0 0 0 15 0 0 0 0 0 0 0 16 0 0 25 0 0 2418 0 1687 0 27 0 0 0 2081 0 951 0 32 0 0 0 0 0 0 3 0 0 0 0 0 3 0 0 0 794 0 0 0 9 0 0 0 9 0 8 0 0 0 0 0 0 0 0 0 4 0 0 2 0 0 0 0 0 0 6 0 0 0 
0 6 0 0 26 978 0 0 8 0 8 0 0 0 0 0 78 0 0 48 0 0 1969 0 2420 4066 0 0 1803 0 2 128699 0 0 0 3278 28 0 0 0 0 0 0 8 139 0 0 9 0 0 0 0 12 0 0 0 0 0 0 0 25 0 0 10 0 0 1714 0 888 0 19 0 0 0 777 0 945 0 23 0 0 0 0 0 0 4 0 0 0 0 0 2 0 0 0 243 0 0 0 8 0 0 0 6 0 5 0 0 0 0 0 0 0 0 0 6 0 0 0 0 0 0 0 0 0 1 0 0 0 
0 7 0 0 25 1434 0 0 14 0 9 0 0 0 0 0 63 0 0 71 0 0 4071 0 2823 3175 0 0 3390 0 10 204031 0 0 0 3824 26 0 0 0 0 0 0 19 544 0 0 8 0 0 0 0 18 0 0 0 0 0 0 0 16 0 0 23 0 0 2078 0 1556 0 16 0 0 0 1154 0 1027 0 20 0 0 0 0 0 0 4 0 0 0 0 0 1 0 0 0 492 0 0 0 11 0 0 0 9 0 4 0 0 0 0 0 0 0 0 0 5 0 0 0 0 0 0 0 0 0 3 0 0 0 
0 3 0 0 14 974 0 0 1 0 2 0 0 0 0 0 35 0 0 5 0 0 371 0 2529 1118 0 0 2049 0 0 156715 0 0 0 3784 19 0 0 0 0 0 0 3 131 0 0 1 0 0 0 0 17 0 0 0 0 0 0 0 10 0 0 0 0 0 398 0 1199 0 6 0 0 0 442 0 737 0 9 0 0 0 0 0 0 0 0 0 0 0 0 1 0 0 0 236 0 0 0 1 0 0 0 3 0 0 0 0 0 0 0 0 0 0 0 0 0 0 0 0 0 0 0 0 0 0 0 0 0 
0 5 0 0 23 1073 0 0 5 0 5 0 0 0 0 0 66 0 0 25 0 0 1612 0 2654 2854 0 0 2138 0 1 135751 0 0 0 4006 45 0 0 0 0 0 0 8 217 0 0 3 0 0 0 0 19 0 0 0 0 0 0 0 15 0 0 5 0 0 1106 0 943 0 24 0 0 0 675 0 865 0 16 0 0 0 0 0 0 1 0 0 0 0 0 0 0 0 0 225 0 0 0 6 0 0 0 3 0 1 0 0 0 0 0 0 0 0 0 2 0 0 0 0 0 0 0 0 0 2 0 0 0 
0 2 0 0 10 668 0 0 0 0 1 0 0 0 0 0 21 0 0 0 0 0 0 0 1708 1012 0 0 1399 0 0 110334 0 0 0 2666 15 0 0 0 0 0 0 0 0 0 0 0 0 0 0 0 16 0 0 0 0 0 0 0 9 0 0 0 0 0 208 0 915 0 2 0 0 0 218 0 667 0 6 0 0 0 0 0 0 0 0 0 0 0 0 0 0 0 0 121 0 0 0 0 0 0 0 2 0 0 0 0 0 0 0 0 0 0 0 0 0 0 0 0 0 0 0 0 0 0 0 0 0 
0 2 0 0 10 668 0 0 0 0 1 0 0 0 0 0 21 0 0 0 0 0 0 0 1708 1012 0 0 1399 0 0 110334 0 0 0 2666 15 0 0 0 0 0 0 0 0 0 0 0 0 0 0 0 16 0 0 0 0 0 0 0 9 0 0 0 0 0 208 0 915 0 2 0 0 0 218 0 667 0 6 0 0 0 0 0 0 0 0 0 0 0 0 0 0 0 0 121 0 0 0 0 0 0 0 2 0 0 0 0 0 0 0 0 0 0 0 0 0 0 0 0 0 0 0 0 0 0 0 0 0 
0 8 0 0 25 1653 0 0 17 0 11 0 0 0 0 0 78 0 0 62 0 0 5201 0 3179 3837 0 0 3367 0 11 209100 0 0 0 4385 27 0 0 0 0 0 0 13 740 0 0 15 0 0 0 0 20 0 0 0 0 0 0 0 10 0 0 27 0 0 2476 0 1443 0 23 0 0 0 1311 0 1419 0 14 0 0 0 0 0 0 5 0 0 0 0 0 5 0 0 0 540 0 0 0 10 0 0 0 8 0 5 0 0 0 0 0 0 0 0 0 13 0 0 0 0 0 0 0 0 0 3 0 0 0 
0 2 0 0 11 476 0 0 1 0 0 0 0 0 0 0 29 0 0 6 0 0 381 0 1061 1576 0 0 983 0 0 66035 0 0 0 2295 21 0 0 0 0 0 0 1 47 0 0 2 0 0 0 0 16 0 0 0 0 0 0 0 9 0 0 0 0 0 0 0 574 0 0 0 0 0 0 0 614 0 0 0 0 0 0 0 0 0 0 0 0 0 0 0 0 0 0 0 0 0 0 0 0 0 0 0 0 0 0 0 0 0 0 0 0 0 0 0 0 0 0 0 0 0 0 0 0 0 0 0 0 
0 2 0 0 10 668 0 0 0 0 1 0 0 0 0 0 21 0 0 0 0 0 0 0 1708 1012 0 0 1399 0 0 110334 0 0 0 2666 15 0 0 0 0 0 0 0 0 0 0 0 0 0 0 0 16 0 0 0 0 0 0 0 9 0 0 0 0 0 208 0 915 0 2 0 0 0 218 0 667 0 6 0 0 0 0 0 0 0 0 0 0 0 0 0 0 0 0 121 0 0 0 0 0 0 0 2 0 0 0 0 0 0 0 0 0 0 0 0 0 0 0 0 0 0 0 0 0 0 0 0 0 
0 5 0 0 19 1169 0 0 6 0 5 0 0 0 0 0 50 0 0 31 0 0 2034 0 2749 2501 0 0 2878 0 2 157698 0 0 0 3283 20 0 0 0 0 0 0 9 280 0 0 5 0 0 0 0 18 0 0 0 0 0 0 0 11 0 0 5 0 0 846 0 1273 0 9 0 0 0 998 0 1029 0 13 0 0 0 0 0 0 0 0 0 0 0 0 3 0 0 0 318 0 0 0 5 0 0 0 8 0 3 0 0 0 0 0 0 0 0 0 4 0 0 0 0 0 0 0 0 0 0 0 0 0 
0 2 0 0 10 668 0 0 0 0 1 0 0 0 0 0 21 0 0 0 0 0 0 0 1708 1012 0 0 1399 0 0 110334 0 0 0 2666 15 0 0 0 0 0 0 0 0 0 0 0 0 0 0 0 16 0 0 0 0 0 0 0 9 0 0 0 0 0 208 0 915 0 2 0 0 0 218 0 667 0 6 0 0 0 0 0 0 0 0 0 0 0 0 0 0 0 0 121 0 0 0 0 0 0 0 2 0 0 0 0 0 0 0 0 0 0 0 0 0 0 0 0 0 0 0 0 0 0 0 0 0 
0 2 0 0 10 668 0 0 0 0 1 0 0 0 0 0 21 0 0 0 0 0 0 0 1708 1012 0 0 1399 0 0 110334 0 0 0 2666 15 0 0 0 0 0 0 0 0 0 0 0 0 0 0 0 16 0 0 0 0 0 0 0 9 0 0 0 0 0 208 0 915 0 2 0 0 0 218 0 667 0 6 0 0 0 0 0 0 0 0 0 0 0 0 0 0 0 0 121 0 0 0 0 0 0 0 2 0 0 0 0 0 0 0 0 0 0 0 0 0 0 0 0 0 0 0 0 0 0 0 0 0 
0 2 0 0 10 668 0 0 0 0 1 0 0 0 0 0 21 0 0 0 0 0 0 0 1708 1012 0 0 1399 0 0 110334 0 0 0 2666 15 0 0 0 0 0 0 0 0 0 0 0 0 0 0 0 16 0 0 0 0 0 0 0 9 0 0 0 0 0 208 0 915 0 2 0 0 0 218 0 667 0 6 0 0 0 0 0 0 0 0 0 0 0 0 0 0 0 0 121 0 0 0 0 0 0 0 2 0 0 0 0 0 0 0 0 0 0 0 0 0 0 0 0 0 0 0 0 0 0 0 0 0 
0 3 0 0 16 726 0 0 1 0 2 0 0 0 0 0 45 0 0 3 0 0 403 0 1668 2277 0 0 1733 0 0 93661 0 0 0 3196 26 0 0 0 0 0 0 3 63 0 0 2 0 0 0 0 21 0 0 0 0 0 0 0 18 0 0 0 0 0 411 0 736 0 6 0 0 0 269 0 900 0 6 0 0 0 0 0 0 0 0 0 0 0 0 1 0 0 0 119 0 0 0 3 0 0 0 1 0 0 0 0 0 0 0 0 0 0 0 3 0 0 0 0 0 0 0 0 0 0 0 0 0 
0 5 0 0 22 1068 0 0 5 0 5 0 0 0 0 0 50 0 0 28 0 0 1497 0 2606 3318 0 0 1975 0 1 140763 0 0 0 3982 28 0 0 0 0 0 0 5 185 0 0 6 0 0 0 0 17 0 0 0 0 0 0 0 26 0 0 3 0 0 1164 0 877 0 15 0 0 0 544 0 1080 0 12 0 0 0 0 0 0 3 0 0 0 0 0 1 0 0 0 346 0 0 0 2 0 0 0 4 0 2 0 0 0 0 0 0 0 0 0 6 0 0 0 0 0 0 0 0 0 0 0 0 0 
0 2 0 0 10 668 0 0 0 0 1 0 0 0 0 0 21 0 0 0 0 0 0 0 1708 1012 0 0 1399 0 0 110334 0 0 0 2666 15 0 0 0 0 0 0 0 0 0 0 0 0 0 0 0 16 0 0 0 0 0 0 0 9 0 0 0 0 0 208 0 915 0 2 0 0 0 218 0 667 0 6 0 0 0 0 0 0 0 0 0 0 0 0 0 0 0 0 121 0 0 0 0 0 0 0 2 0 0 0 0 0 0 0 0 0 0 0 0 0 0 0 0 0 0 0 0 0 0 0 0 0 
0 7 0 0 27 1812 0 0 13 0 9 0 0 0 0 0 59 0 0 57 0 0 4552 0 3204 2926 0 0 3931 0 8 265701 0 0 0 5554 29 0 0 0 0 0 0 26 942 0 0 11 0 0 0 0 22 0 0 0 0 0 0 0 20 0 0 16 0 0 1889 0 1803 0 20 0 0 0 1453 0 1153 0 20 0 0 0 0 0 0 3 0 0 0 0 0 6 0 0 0 738 0 0 0 12 0 0 0 9 0 7 0 0 0 0 0 0 0 0 0 7 0 0 0 0 0 0 0 0 0 0 0 0 0 
0 3 0 0 18 609 0 0 1 0 3 0 0 0 0 0 44 0 0 9 0 0 228 0 1425 2709 0 0 1666 0 0 77721 0 0 0 2938 29 0 0 0 0 0 0 2 21 0 0 1 0 0 0 0 14 0 0 0 0 0 0 0 23 0 0 0 0 0 613 0 621 0 10 0 0 0 471 0 821 0 11 0 0 0 0 0 0 1 0 0 0 0 0 0 0 0 0 135 0 0 0 4 0 0 0 4 0 1 0 0 0 0 0 0 0 0 0 4 0 0 0 0 0 0 0 0 0 0 0 0 0 
0 2 0 0 11 476 0 0 1 0 0 0 0 0 0 0 29 0 0 6 0 0 381 0 1061 1576 0 0 983 0 0 66035 0 0 0 2295 21 0 0 0 0 0 0 1 47 0 0 2 0 0 0 0 16 0 0 0 0 0 0 0 9 0 0 0 0 0 0 0 574 0 0 0 0 0 0 0 614 0 0 0 0 0 0 0 0 0 0 0 0 0 0 0 0 0 0 0 0 0 0 0 0 0 0 0 0 0 0 0 0 0 0 0 0 0 0 0 0 0 0 0 0 0 0 0 0 0 0 0 0 
0 3 0 0 13 911 0 0 3 0 0 0 0 0 0 0 38 0 0 11 0 0 1191 0 1680 1541 0 0 2340 0 1 145639 0 0 0 3142 20 0 0 0 0 0 0 7 313 0 0 4 0 0 0 0 23 0 0 0 0 0 0 0 11 0 0 0 0 0 0 0 1449 0 0 0 0 0 0 0 929 0 0 0 0 0 0 0 0 0 0 0 0 0 0 0 0 0 0 0 0 0 0 0 0 0 0 0 0 0 0 0 0 0 0 0 0 0 0 0 0 0 0 0 0 0 0 0 0 0 0 0 0 
0 8 0 0 31 1707 0 0 20 0 9 0 0 0 0 0 79 0 0 93 0 0 6227 0 3069 3585 0 0 3766 0 20 225003 0 0 0 5457 35 0 0 0 0 0 0 33 940 0 0 16 0 0 0 0 22 0 0 0 0 0 0 0 22 0 0 29 0 0 1885 0 1569 0 23 0 0 0 1264 0 1228 0 20 0 0 0 0 0 0 4 0 0 0 0 0 4 0 0 0 533 0 0 0 10 0 0 0 8 0 4 0 0 0 0 0 0 0 0 0 8 0 0 0 0 0 0 0 0 0 1 0 0 0 
0 5 0 0 22 1443 0 0 5 0 5 0 0 0 0 0 58 0 0 23 0 0 1841 0 2824 2299 0 0 3109 0 1 217217 0 0 0 5009 28 0 0 0 0 0 0 15 591 0 0 3 0 0 0 0 20 0 0 0 0 0 0 0 14 0 0 4 0 0 1086 0 1732 0 10 0 0 0 870 0 1203 0 13 0 0 0 0 0 0 0 0 0 0 0 0 3 0 0 0 386 0 0 0 7 0 0 0 5 0 1 0 0 0 0 0 0 0 0 0 8 0 0 0 0 0 0 0 0 0 1 0 0 0 
43 4 396 105 15 1286 881 145 3 1 3 22 65 668 259 362 38 877 173 11 417 20440 1105 5035 2727 1140 33292 10372 2347 159 0 205529 11616 51216 1352 3966 17 58 974 2 135 45 26 9 414 445 97 2 0 212 201 17 19 5 1 0 5 78 396 54 11 66 162 2 95 20881 595 548 1588 192 7 14 334 6119 583 1608 796 47 10 46 155 0 1 0 0 0 91 0 0 1 0 1 9 23 518 369 174 17 172 2 3 7 109 3 6 1 37 21 8 1 0 0 1 8 15 0 26 12 0 0 0 0 0 0 0 0 13 29 0 
0 3 0 0 14 457 0 0 1 0 3 0 0 0 0 0 39 0 0 8 0 0 116 0 1131 2486 0 0 1579 0 0 59918 0 0 0 1953 21 0 0 0 0 0 0 0 2 0 0 0 0 0 0 0 11 0 0 0 0 0 0 0 11 0 0 0 0 0 676 0 564 0 11 0 0 0 380 0 575 0 8 0 0 0 0 0 0 1 0 0 0 0 0 0 0 0 0 73 0 0 0 3 0 0 0 4 0 1 0 0 0 0 0 0 0 0 0 4 0 0 0 0 0 0 0 0 0 0 0 0 0 
0 2 0 0 14 471 0 0 1 0 0 0 0 0 0 0 31 0 0 9 0 0 388 0 955 2082 0 0 1094 0 0 65343 0 0 0 2631 29 0 0 0 0 0 0 3 40 0 0 1 0 0 0 0 14 0 0 0 0 0 0 0 18 0 0 0 0 0 0 0 596 0 0 0 0 0 0 0 655 0 0 0 0 0 0 0 0 0 0 0 0 0 0 0 0 0 0 0 0 0 0 0 0 0 0 0 0 0 0 0 0 0 0 0 0 0 0 0 0 0 0 0 0 0 0 0 0 0 0 0 0 
0 2 0 0 11 476 0 0 1 0 0 0 0 0 0 0 29 0 0 6 0 0 381 0 1061 1576 0 0 983 0 0 66035 0 0 0 2295 21 0 0 0 0 0 0 1 47 0 0 2 0 0 0 0 16 0 0 0 0 0 0 0 9 0 0 0 0 0 0 0 574 0 0 0 0 0 0 0 614 0 0 0 0 0 0 0 0 0 0 0 0 0 0 0 0 0 0 0 0 0 0 0 0 0 0 0 0 0 0 0 0 0 0 0 0 0 0 0 0 0 0 0 0 0 0 0 0 0 0 0 0 
0 5 0 0 20 1388 0 0 6 0 5 0 0 0 0 0 45 0 0 21 0 0 2157 0 2629 2346 0 0 3385 0 1 208321 0 0 0 4218 26 0 0 0 0 0 0 21 642 0 0 3 0 0 0 0 21 0 0 0 0 0 0 0 12 0 0 8 0 0 782 0 1790 0 11 0 0 0 1018 0 1113 0 13 0 0 0 0 0 0 1 0 0 0 0 0 1 0 0 0 401 0 0 0 4 0 0 0 5 0 2 0 0 0 0 0 0 0 0 0 4 0 0 0 0 0 0 0 0 0 0 0 0 0 
0 2 0 0 14 471 0 0 1 0 0 0 0 0 0 0 31 0 0 9 0 0 388 0 955 2082 0 0 1094 0 0 65343 0 0 0 2631 29 0 0 0 0 0 0 3 40 0 0 1 0 0 0 0 14 0 0 0 0 0 0 0 18 0 0 0 0 0 0 0 596 0 0 0 0 0 0 0 655 0 0 0 0 0 0 0 0 0 0 0 0 0 0 0 0 0 0 0 0 0 0 0 0 0 0 0 0 0 0 0 0 0 0 0 0 0 0 0 0 0 0 0 0 0 0 0 0 0 0 0 0 
0 2 0 0 10 668 0 0 0 0 1 0 0 0 0 0 21 0 0 0 0 0 0 0 1708 1012 0 0 1399 0 0 110334 0 0 0 2666 15 0 0 0 0 0 0 0 0 0 0 0 0 0 0 0 16 0 0 0 0 0 0 0 9 0 0 0 0 0 208 0 915 0 2 0 0 0 218 0 667 0 6 0 0 0 0 0 0 0 0 0 0 0 0 0 0 0 0 121 0 0 0 0 0 0 0 2 0 0 0 0 0 0 0 0 0 0 0 0 0 0 0 0 0 0 0 0 0 0 0 0 0 
0 2 0 0 11 476 0 0 1 0 0 0 0 0 0 0 29 0 0 6 0 0 381 0 1061 1576 0 0 983 0 0 66035 0 0 0 2295 21 0 0 0 0 0 0 1 47 0 0 2 0 0 0 0 16 0 0 0 0 0 0 0 9 0 0 0 0 0 0 0 574 0 0 0 0 0 0 0 614 0 0 0 0 0 0 0 0 0 0 0 0 0 0 0 0 0 0 0 0 0 0 0 0 0 0 0 0 0 0 0 0 0 0 0 0 0 0 0 0 0 0 0 0 0 0 0 0 0 0 0 0 
0 1 0 0 7 339 0 0 0 0 0 0 0 0 0 0 17 0 0 0 0 0 0 0 725 775 0 0 782 0 0 56749 0 0 0 1882 17 0 0 0 0 0 0 0 0 0 0 0 0 0 0 0 14 0 0 0 0 0 0 0 7 0 0 0 0 0 0 0 544 0 0 0 0 0 0 0 480 0 0 0 0 0 0 0 0 0 0 0 0 0 0 0 0 0 0 0 0 0 0 0 0 0 0 0 0 0 0 0 0 0 0 0 0 0 0 0 0 0 0 0 0 0 0 0 0 0 0 0 0 
0 4 0 0 18 532 0 0 4 0 2 0 0 0 0 0 66 0 0 27 0 0 1070 0 1807 3137 0 0 1781 0 1 59187 0 0 0 1855 20 0 0 0 0 0 0 7 74 0 0 3 0 0 0 0 8 0 0 0 0 0 0 0 14 0 0 2 0 0 287 0 481 0 4 0 0 0 71 0 457 0 8 0 0 0 0 0 0 1 0 0 0 0 0 0 0 0 0 7 0 0 0 0 0 0 0 0 0 0 0 0 0 0 0 0 0 0 0 2 0 0 0 0 0 0 0 0 0 0 0 0 0 
0 2 0 0 11 154 0 0 1 0 0 0 0 0 0 0 39 0 0 10 0 0 149 0 488 2241 0 0 529 0 0 9414 0 0 0 503 16 0 0 0 0 0 0 1 2 0 0 0 0 0 0 0 5 0 0 0 0 0 0 0 11 0 0 0 0 0 0 0 38 0 0 0 0 0 0 0 159 0 0 0 0 0 0 0 0 0 0 0 0 0 0 0 0 0 0 0 0 0 0 0 0 0 0 0 0 0 0 0 0 0 0 0 0 0 0 0 0 0 0 0 0 0 0 0 0 0 0 0 0 
0 2 0 0 17 105 0 0 1 0 0 0 0 0 0 0 59 0 0 13 0 0 100 0 160 3158 0 0 510 0 0 3945 0 0 0 905 45 0 0 0 0 0 0 1 2 0 0 2 0 0 0 0 5 0 0 0 0 0 0 0 22 0 0 0 0 0 0 0 19 0 0 0 0 0 0 0 88 0 0 0 0 0 0 0 0 0 0 0 0 0 0 0 0 0 0 0 0 0 0 0 0 0 0 0 0 0 0 0 0 0 0 0 0 0 0 0 0 0 0 0 0 0 0 0 0 0 0 0 0 
0 2 0 0 9 456 0 0 1 0 0 0 0 0 0 0 28 0 0 3 0 0 381 0 1189 1404 0 0 1697 0 0 73152 0 0 0 1208 10 0 0 0 0 0 0 3 36 0 0 2 0 0 0 0 8 0 0 0 0 0 0 0 11 0 0 0 0 0 0 0 808 0 0 0 0 0 0 0 388 0 0 0 0 0 0 0 0 0 0 0 0 0 0 0 0 0 0 0 0 0 0 0 0 0 0 0 0 0 0 0 0 0 0 0 0 0 0 0 0 0 0 0 0 0 0 0 0 0 0 0 0 
0 2 0 0 16 167 0 0 1 0 0 0 0 0 0 0 49 0 0 10 0 0 162 0 375 2825 0 0 962 0 0 6821 0 0 0 1174 42 0 0 0 0 0 0 3 1 0 0 2 0 0 0 0 6 0 0 0 0 0 0 0 21 0 0 0 0 0 0 0 88 0 0 0 0 0 0 0 173 0 0 0 0 0 0 0 0 0 0 0 0 0 0 0 0 0 0 0 0 0 0 0 0 0 0 0 0 0 0 0 0 0 0 0 0 0 0 0 0 0 0 0 0 0 0 0 0 0 0 0 0 
0 5 0 0 26 1046 0 0 9 0 1 0 0 0 0 0 59 0 0 62 0 0 2830 0 2348 3823 0 0 3169 0 7 130978 0 0 0 4207 37 0 0 0 0 0 0 17 449 0 0 11 0 0 0 0 17 0 0 0 0 0 0 0 29 0 0 3 0 0 254 0 1090 0 4 0 0 0 86 0 1060 0 2 0 0 0 0 0 0 0 0 0 0 0 0 0 0 0 0 51 0 0 0 1 0 0 0 1 0 0 0 0 0 0 0 0 0 0 0 0 0 0 0 0 0 0 0 0 0 0 0 0 0 
0 5 0 0 23 909 0 0 6 0 5 0 0 0 0 0 65 0 0 38 0 0 1669 0 2392 3709 0 0 3253 0 2 95492 0 0 0 3193 28 0 0 0 0 0 0 12 205 0 0 7 0 0 0 0 15 0 0 0 0 0 0 0 23 0 0 7 0 0 788 0 763 0 14 0 0 0 622 0 893 0 15 0 0 0 0 0 0 0 0 0 0 0 0 0 0 0 0 230 0 0 0 5 0 0 0 3 0 2 0 0 0 0 0 0 0 0 0 3 0 0 0 0 0 0 0 0 0 2 0 0 0 
0 5 0 0 19 786 0 0 8 0 2 0 0 0 0 0 50 0 0 44 0 0 2145 0 2180 3381 0 0 2821 0 4 86777 0 0 0 2051 18 0 0 0 0 0 0 11 199 0 0 3 0 0 0 0 15 0 0 0 0 0 0 0 16 0 0 6 0 0 321 0 719 0 7 0 0 0 98 0 741 0 4 0 0 0 0 0 0 0 0 0 0 0 0 0 0 0 0 86 0 0 0 0 0 0 0 1 0 0 0 0 0 0 0 0 0 0 0 2 0 0 0 0 0 0 0 0 0 0 0 0 0 
0 2 0 0 16 167 0 0 1 0 0 0 0 0 0 0 49 0 0 10 0 0 162 0 375 2825 0 0 962 0 0 6821 0 0 0 1174 42 0 0 0 0 0 0 3 1 0 0 2 0 0 0 0 6 0 0 0 0 0 0 0 21 0 0 0 0 0 0 0 88 0 0 0 0 0 0 0 173 0 0 0 0 0 0 0 0 0 0 0 0 0 0 0 0 0 0 0 0 0 0 0 0 0 0 0 0 0 0 0 0 0 0 0 0 0 0 0 0 0 0 0 0 0 0 0 0 0 0 0 0 
0 3 0 0 12 785 0 0 2 0 1 0 0 0 0 0 30 0 0 10 0 0 728 0 2115 1635 0 0 2362 0 0 126731 0 0 0 2042 13 0 0 0 0 0 0 5 66 0 0 2 0 0 0 0 12 0 0 0 0 0 0 0 11 0 0 1 0 0 214 0 1136 0 2 0 0 0 168 0 534 0 1 0 0 0 0 0 0 0 0 0 0 0 0 0 0 0 0 162 0 0 0 2 0 0 0 1 0 0 0 0 0 0 0 0 0 0 0 0 0 0 0 0 0 0 0 0 0 0 0 0 0 
0 1 0 0 6 79 0 0 0 0 0 0 0 0 0 0 19 0 0 0 0 0 0 0 275 1103 0 0 782 0 0 3004 0 0 0 359 9 0 0 0 0 0 0 0 0 0 0 0 0 0 0 0 4 0 0 0 0 0 0 0 8 0 0 0 0 0 0 0 77 0 0 0 0 0 0 0 110 0 0 0 0 0 0 0 0 0 0 0 0 0 0 0 0 0 0 0 0 0 0 0 0 0 0 0 0 0 0 0 0 0 0 0 0 0 0 0 0 0 0 0 0 0 0 0 0 0 0 0 0 
0 1 0 0 6 79 0 0 0 0 0 0 0 0 0 0 19 0 0 0 0 0 0 0 275 1103 0 0 782 0 0 3004 0 0 0 359 9 0 0 0 0 0 0 0 0 0 0 0 0 0 0 0 4 0 0 0 0 0 0 0 8 0 0 0 0 0 0 0 77 0 0 0 0 0 0 0 110 0 0 0 0 0 0 0 0 0 0 0 0 0 0 0 0 0 0 0 0 0 0 0 0 0 0 0 0 0 0 0 0 0 0 0 0 0 0 0 0 0 0 0 0 0 0 0 0 0 0 0 0 
0 3 0 0 20 338 0 0 2 0 1 0 0 0 0 0 55 0 0 18 0 0 316 0 982 4413 0 0 1138 0 0 29080 0 0 0 1386 33 0 0 0 0 0 0 2 30 0 0 4 0 0 0 0 8 0 0 0 0 0 0 0 33 0 0 1 0 0 198 0 313 0 0 0 0 0 37 0 391 0 4 0 0 0 0 0 0 0 0 0 0 0 0 0 0 0 0 31 0 0 0 1 0 0 0 1 0 0 0 0 0 0 0 0 0 0 0 3 0 0 0 0 0 0 0 0 0 0 0 0 0 
0 5 0 0 13 1265 0 0 4 0 7 0 0 0 0 0 45 0 0 13 0 0 1583 0 3020 1748 0 0 3186 0 0 177099 0 0 0 2366 8 0 0 0 0 0 0 3 335 0 0 3 0 0 0 0 12 0 0 0 0 0 0 0 5 0 0 4 0 0 1221 0 1391 0 12 0 0 0 1057 0 807 0 11 0 0 0 0 0 0 1 0 0 0 0 0 2 0 0 0 518 0 0 0 4 0 0 0 5 0 3 0 0 0 0 0 0 0 0 0 3 0 0 1 0 0 0 0 0 0 2 0 0 0 
0 4 0 0 25 399 0 0 5 0 1 0 0 0 0 0 69 0 0 38 0 0 692 0 1055 5399 0 0 1456 0 2 30880 0 0 0 1631 40 0 0 0 0 0 0 5 102 0 0 10 0 0 0 0 9 0 0 0 0 0 0 0 36 0 0 2 0 0 198 0 343 0 0 0 0 0 37 0 449 0 4 0 0 0 0 0 0 0 0 0 0 0 0 0 0 0 0 31 0 0 0 1 0 0 0 1 0 0 0 0 0 0 0 0 0 0 0 3 0 0 0 0 0 0 0 0 0 0 0 0 0 
0 3 0 0 13 868 0 0 3 0 0 0 0 0 0 0 32 0 0 16 0 0 1076 0 2171 1304 0 0 2546 0 1 126614 0 0 0 2981 16 0 0 0 0 0 0 8 327 0 0 2 0 0 0 0 14 0 0 0 0 0 0 0 6 0 0 0 0 0 0 0 1207 0 0 0 0 0 0 0 781 0 0 0 0 0 0 0 0 0 0 0 0 0 0 0 0 0 0 0 0 0 0 0 0 0 0 0 0 0 0 0 0 0 0 0 0 0 0 0 0 0 0 0 0 0 0 0 0 0 0 0 0 
0 2 0 0 12 298 0 0 0 0 1 0 0 0 0 0 28 0 0 0 0 0 0 0 927 2499 0 0 1124 0 0 28304 0 0 0 1105 18 0 0 0 0 0 0 0 0 0 0 0 0 0 0 0 8 0 0 0 0 0 0 0 19 0 0 0 0 0 198 0 309 0 0 0 0 0 37 0 352 0 4 0 0 0 0 0 0 0 0 0 0 0 0 0 0 0 0 31 0 0 0 1 0 0 0 1 0 0 0 0 0 0 0 0 0 0 0 3 0 0 0 0 0 0 0 0 0 0 0 0 0 
0 2 0 0 9 538 0 0 1 0 0 0 0 0 0 0 31 0 0 6 0 0 292 0 1596 863 0 0 1716 0 0 72822 0 0 0 1978 12 0 0 0 0 0 0 3 122 0 0 0 0 0 0 0 8 0 0 0 0 0 0 0 4 0 0 0 0 0 0 0 714 0 0 0 0 0 0 0 472 0 0 0 0 0 0 0 0 0 0 0 0 0 0 0 0 0 0 0 0 0 0 0 0 0 0 0 0 0 0 0 0 0 0 0 0 0 0 0 0 0 0 0 0 0 0 0 0 0 0 0 0 
0 5 0 0 13 1265 0 0 4 0 7 0 0 0 0 0 45 0 0 13 0 0 1583 0 3020 1748 0 0 3186 0 0 177099 0 0 0 2366 8 0 0 0 0 0 0 3 335 0 0 3 0 0 0 0 12 0 0 0 0 0 0 0 5 0 0 4 0 0 1221 0 1391 0 12 0 0 0 1057 0 807 0 11 0 0 0 0 0 0 1 0 0 0 0 0 2 0 0 0 518 0 0 0 4 0 0 0 5 0 3 0 0 0 0 0 0 0 0 0 3 0 0 1 0 0 0 0 0 0 2 0 0 0 
0 4 0 0 17 812 0 0 4 0 2 0 0 0 0 0 46 0 0 18 0 0 1159 0 2189 2510 0 0 2651 0 0 91147 0 0 0 2652 22 0 0 0 0 0 0 9 229 0 0 4 0 0 0 0 11 0 0 0 0 0 0 0 10 0 0 4 0 0 343 0 852 0 8 0 0 0 268 0 796 0 4 0 0 0 0 0 0 0 0 0 0 0 0 0 0 0 0 100 0 0 0 1 0 0 0 2 0 0 0 0 0 0 0 0 0 0 0 1 0 0 0 0 0 0 0 0 0 0 0 0 0 
0 4 0 0 15 1016 0 0 5 0 1 0 0 0 0 0 38 0 0 25 0 0 1742 0 2598 1757 0 0 2808 0 2 137343 0 0 0 3161 16 0 0 0 0 0 0 12 409 0 0 2 0 0 0 0 13 0 0 0 0 0 0 0 7 0 0 2 0 0 247 0 1175 0 2 0 0 0 67 0 896 0 1 0 0 0 0 0 0 0 0 0 0 0 0 0 0 0 0 82 0 0 0 0 0 0 0 1 0 0 0 0 0 0 0 0 0 0 0 1 0 0 0 0 0 0 0 0 0 0 0 0 0 
0 6 0 0 17 1584 0 0 10 0 5 0 0 0 0 0 46 0 0 32 0 0 3563 0 3282 1654 0 0 3838 0 3 225366 0 0 0 3889 16 0 0 0 0 0 0 21 854 0 0 5 0 0 0 0 16 0 0 0 0 0 0 0 5 0 0 15 0 0 1118 0 1694 0 12 0 0 0 592 0 964 0 4 0 0 0 0 0 0 0 0 0 0 0 0 0 0 0 0 458 0 0 0 5 0 0 0 4 0 1 0 0 0 0 0 0 0 0 0 1 0 0 0 0 0 0 0 0 0 1 0 0 0 
0 3 0 0 21 385 0 0 1 0 2 0 0 0 0 0 57 0 0 10 0 0 143 0 1010 3995 0 0 1223 0 0 31899 0 0 0 1835 44 0 0 0 0 0 0 1 6 0 0 3 0 0 0 0 8 0 0 0 0 0 0 0 30 0 0 0 0 0 420 0 313 0 3 0 0 0 120 0 410 0 11 0 0 0 0 0 0 1 0 0 0 0 0 0 0 0 0 35 0 0 0 3 0 0 0 2 0 0 0 0 0 0 0 0 0 0 0 3 0 0 0 0 0 0 0 0 0 0 0 0 0 
0 4 0 0 16 909 0 0 5 0 2 0 0 0 0 0 48 0 0 23 0 0 1600 0 2282 1740 0 0 2704 0 2 129542 0 0 0 2669 20 0 0 0 0 0 0 18 298 0 0 0 0 0 0 0 10 0 0 0 0 0 0 0 9 0 0 4 0 0 363 0 1212 0 3 0 0 0 363 0 650 0 3 0 0 0 0 0 0 0 0 0 0 0 0 0 0 0 0 150 0 0 0 2 0 0 0 2 0 0 0 0 0 0 0 0 0 0 0 2 0 0 0 0 0 0 0 0 0 0 0 0 0 
0 3 0 0 16 637 0 0 2 0 1 0 0 0 0 0 48 0 0 17 0 0 634 0 1802 2293 0 0 1566 0 0 74182 0 0 0 2845 24 0 0 0 0 0 0 3 97 0 0 2 0 0 0 0 7 0 0 0 0 0 0 0 19 0 0 1 0 0 254 0 520 0 4 0 0 0 86 0 641 0 2 0 0 0 0 0 0 0 0 0 0 0 0 0 0 0 0 51 0 0 0 1 0 0 0 1 0 0 0 0 0 0 0 0 0 0 0 0 0 0 0 0 0 0 0 0 0 0 0 0 0 
0 3 0 0 18 562 0 0 2 0 1 0 0 0 0 0 46 0 0 17 0 0 600 0 1587 2743 0 0 1757 0 0 66942 0 0 0 2479 27 0 0 0 0 0 0 6 75 0 0 2 0 0 0 0 10 0 0 0 0 0 0 0 25 0 0 1 0 0 47 0 580 0 6 0 0 0 293 0 656 0 4 0 0 0 0 0 0 0 0 0 0 0 0 0 0 0 0 14 0 0 0 0 0 0 0 0 0 0 0 0 0 0 0 0 0 0 0 0 0 0 0 0 0 0 0 0 0 0 0 0 0 
0 3 0 0 12 744 0 0 1 0 2 0 0 0 0 0 37 0 0 3 0 0 389 0 1955 1267 0 0 2076 0 0 118175 0 0 0 2127 12 0 0 0 0 0 0 4 145 0 0 0 0 0 0 0 10 0 0 0 0 0 0 0 8 0 0 0 0 0 384 0 1128 0 7 0 0 0 317 0 522 0 6 0 0 0 0 0 0 0 0 0 0 0 0 0 0 0 0 51 0 0 0 3 0 0 0 0 0 1 0 0 0 0 0 0 0 0 0 1 0 0 0 0 0 0 0 0 0 0 0 0 0 
0 3 0 0 9 636 0 0 0 0 3 0 0 0 0 0 41 0 0 0 0 0 0 0 2117 936 0 0 1426 0 0 73965 0 0 0 1863 10 0 0 0 0 0 0 0 0 0 0 0 0 0 0 0 6 0 0 0 0 0 0 0 2 0 0 0 0 0 636 0 433 0 9 0 0 0 300 0 319 0 4 0 0 0 0 0 0 0 0 0 0 0 0 0 0 0 0 167 0 0 0 1 0 0 0 2 0 0 0 0 0 0 0 0 0 0 0 1 0 0 0 0 0 0 0 0 0 1 0 0 0 
0 3 0 0 16 529 0 0 0 0 3 0 0 0 0 0 56 0 0 0 0 0 0 0 1612 2165 0 0 1028 0 0 59012 0 0 0 2331 31 0 0 0 0 0 0 0 0 0 0 0 0 0 0 0 3 0 0 0 0 0 0 0 11 0 0 0 0 0 664 0 356 0 11 0 0 0 234 0 302 0 14 0 0 0 0 0 0 0 0 0 0 0 0 0 0 0 0 77 0 0 0 5 0 0 0 2 0 0 0 0 0 0 0 0 0 0 0 0 0 0 0 0 0 0 0 0 0 1 0 0 0 
0 2 0 0 8 443 0 0 0 0 1 0 0 0 0 0 30 0 0 0 0 0 0 0 1520 849 0 0 993 0 0 55603 0 0 0 1669 10 0 0 0 0 0 0 0 0 0 0 0 0 0 0 0 3 0 0 0 0 0 0 0 3 0 0 0 0 0 254 0 378 0 4 0 0 0 86 0 268 0 2 0 0 0 0 0 0 0 0 0 0 0 0 0 0 0 0 51 0 0 0 1 0 0 0 1 0 0 0 0 0 0 0 0 0 0 0 0 0 0 0 0 0 0 0 0 0 0 0 0 0 
0 3 0 0 9 636 0 0 0 0 3 0 0 0 0 0 41 0 0 0 0 0 0 0 2117 936 0 0 1426 0 0 73965 0 0 0 1863 10 0 0 0 0 0 0 0 0 0 0 0 0 0 0 0 6 0 0 0 0 0 0 0 2 0 0 0 0 0 636 0 433 0 9 0 0 0 300 0 319 0 4 0 0 0 0 0 0 0 0 0 0 0 0 0 0 0 0 167 0 0 0 1 0 0 0 2 0 0 0 0 0 0 0 0 0 0 0 1 0 0 0 0 0 0 0 0 0 1 0 0 0 
0 2 0 0 8 443 0 0 0 0 1 0 0 0 0 0 30 0 0 0 0 0 0 0 1520 849 0 0 993 0 0 55603 0 0 0 1669 10 0 0 0 0 0 0 0 0 0 0 0 0 0 0 0 3 0 0 0 0 0 0 0 3 0 0 0 0 0 254 0 378 0 4 0 0 0 86 0 268 0 2 0 0 0 0 0 0 0 0 0 0 0 0 0 0 0 0 51 0 0 0 1 0 0 0 1 0 0 0 0 0 0 0 0 0 0 0 0 0 0 0 0 0 0 0 0 0 0 0 0 0 
0 6 0 0 18 1329 0 0 8 0 8 0 0 0 0 0 46 0 0 31 0 0 2458 0 3242 2044 0 0 3485 0 3 189578 0 0 0 3305 17 0 0 0 0 0 0 18 458 0 0 3 0 0 0 0 9 0 0 0 0 0 0 0 8 0 0 10 0 0 1874 0 1336 0 16 0 0 0 798 0 748 0 13 0 0 0 0 0 0 4 0 0 0 0 0 0 0 0 0 545 0 0 0 6 0 0 0 4 0 2 0 0 0 0 0 0 0 0 0 2 0 0 1 0 0 0 0 0 0 4 0 0 0 
0 5 0 0 19 904 0 0 4 0 6 0 0 0 0 0 57 0 0 23 0 0 1060 0 2551 3078 0 0 2269 0 0 91587 0 0 0 2669 23 0 0 0 0 0 0 5 123 0 0 2 0 0 0 0 11 0 0 0 0 0 0 0 11 0 0 3 0 0 990 0 585 0 16 0 0 0 769 0 676 0 13 0 0 0 0 0 0 1 0 0 0 0 0 0 0 0 0 271 0 0 0 5 0 0 0 2 0 5 0 0 0 0 0 0 0 0 0 5 0 0 0 0 0 0 0 0 0 1 0 0 0 
0 6 0 0 29 942 0 0 9 0 6 0 0 0 0 0 90 0 0 55 0 0 2194 0 2391 4968 0 0 2032 0 4 127593 0 0 0 3194 33 0 0 0 0 0 0 11 217 0 0 9 0 0 0 0 10 0 0 0 0 0 0 0 34 0 0 8 0 0 1609 0 1097 0 18 0 0 0 287 0 658 0 18 0 0 0 0 0 0 4 0 0 0 0 0 2 0 0 0 82 0 0 0 10 0 0 0 2 0 2 0 0 0 0 0 0 0 0 0 7 0 0 0 0 0 0 0 0 0 0 0 0 0 
0 4 0 0 16 866 0 0 5 0 1 0 0 0 0 0 45 0 0 28 0 0 1614 0 2330 1981 0 0 2578 0 2 119472 0 0 0 2782 19 0 0 0 0 0 0 8 238 0 0 3 0 0 0 0 15 0 0 0 0 0 0 0 9 0 0 2 0 0 216 0 989 0 5 0 0 0 106 0 618 0 1 0 0 0 0 0 0 0 0 0 0 0 0 0 0 0 0 89 0 0 0 1 0 0 0 0 0 0 0 0 0 0 0 0 0 0 0 0 0 0 0 0 0 0 0 0 0 0 0 0 0 
0 5 0 0 23 922 0 0 7 0 3 0 0 0 0 0 67 0 0 48 0 0 1971 0 2377 3329 0 0 1861 0 2 117757 0 0 0 3240 28 0 0 0 0 0 0 8 241 0 0 5 0 0 0 0 9 0 0 0 0 0 0 0 20 0 0 7 0 0 659 0 866 0 12 0 0 0 359 0 711 0 7 0 0 0 0 0 0 0 0 0 0 0 0 0 0 0 0 103 0 0 0 4 0 0 0 1 0 1 0 0 0 0 0 0 0 0 0 2 0 0 0 0 0 0 0 0 0 0 0 0 0 
0 1 0 0 5 307 0 0 0 0 0 0 0 0 0 0 21 0 0 0 0 0 0 0 1090 298 0 0 877 0 0 46570 0 0 0 1345 8 0 0 0 0 0 0 0 0 0 0 0 0 0 0 0 3 0 0 0 0 0 0 0 2 0 0 0 0 0 0 0 401 0 0 0 0 0 0 0 186 0 0 0 0 0 0 0 0 0 0 0 0 0 0 0 0 0 0 0 0 0 0 0 0 0 0 0 0 0 0 0 0 0 0 0 0 0 0 0 0 0 0 0 0 0 0 0 0 0 0 0 0 
0 4 0 0 15 880 0 0 3 0 3 0 0 0 0 0 46 0 0 15 0 0 1005 0 2287 1816 0 0 2192 0 0 127208 0 0 0 2452 14 0 0 0 0 0 0 4 192 0 0 1 0 0 0 0 10 0 0 0 0 0 0 0 9 0 0 2 0 0 638 0 1105 0 10 0 0 0 402 0 604 0 8 0 0 0 0 0 0 0 0 0 0 0 0 0 0 0 0 102 0 0 0 4 0 0 0 1 0 2 0 0 0 0 0 0 0 0 0 1 0 0 0 0 0 0 0 0 0 0 0 0 0 
0 4 0 0 19 709 0 0 3 0 3 0 0 0 0 0 49 0 0 21 0 0 942 0 2067 3158 0 0 1935 0 0 77634 0 0 0 2569 24 0 0 0 0 0 0 7 130 0 0 2 0 0 0 0 9 0 0 0 0 0 0 0 24 0 0 2 0 0 332 0 573 0 12 0 0 0 445 0 794 0 8 0 0 0 0 0 0 0 0 0 0 0 0 0 0 0 0 70 0 0 0 0 0 0 0 1 0 2 0 0 0 0 0 0 0 0 0 3 0 0 0 0 0 0 0 0 0 0 0 0 0 
0 3 0 0 18 562 0 0 3 0 0 0 0 0 0 0 54 0 0 26 0 0 926 0 1580 2872 0 0 1449 0 1 66979 0 0 0 2750 27 0 0 0 0 0 0 4 97 0 0 3 0 0 0 0 7 0 0 0 0 0 0 0 25 0 0 0 0 0 0 0 543 0 0 0 0 0 0 0 635 0 0 0 0 0 0 0 0 0 0 0 0 0 0 0 0 0 0 0 0 0 0 0 0 0 0 0 0 0 0 0 0 0 0 0 0 0 0 0 0 0 0 0 0 0 0 0 0 0 0 0 0 
0 3 0 0 16 505 0 0 2 0 1 0 0 0 0 0 41 0 0 12 0 0 474 0 1290 3067 0 0 1501 0 0 73836 0 0 0 1549 20 0 0 0 0 0 0 3 45 0 0 3 0 0 0 0 8 0 0 0 0 0 0 0 24 0 0 1 0 0 362 0 775 0 0 0 0 0 54 0 421 0 6 0 0 0 0 0 0 0 0 0 0 0 0 0 0 0 0 13 0 0 0 1 0 0 0 1 0 0 0 0 0 0 0 0 0 0 0 2 0 0 0 0 0 0 0 0 0 0 0 0 0 
0 4 0 0 19 791 0 0 3 0 3 0 0 0 0 0 53 0 0 19 0 0 852 0 2178 3117 0 0 1829 0 0 125466 0 0 0 2221 21 0 0 0 0 0 0 6 10 0 0 4 0 0 0 0 11 0 0 0 0 0 0 0 26 0 0 2 0 0 896 0 1065 0 4 0 0 0 236 0 518 0 9 0 0 0 0 0 0 1 0 0 0 0 0 0 0 0 0 179 0 0 0 6 0 0 0 2 0 1 0 0 0 0 0 0 0 0 0 3 0 0 0 0 0 0 0 0 0 0 0 0 0 
0 2 0 0 19 156 0 0 1 0 0 0 0 0 0 0 47 0 0 10 0 0 143 0 269 3850 0 0 501 0 0 6066 0 0 0 1323 51 0 0 0 0 0 0 1 6 0 0 4 0 0 0 0 7 0 0 0 0 0 0 0 34 0 0 0 0 0 0 0 40 0 0 0 0 0 0 0 164 0 0 0 0 0 0 0 0 0 0 0 0 0 0 0 0 0 0 0 0 0 0 0 0 0 0 0 0 0 0 0 0 0 0 0 0 0 0 0 0 0 0 0 0 0 0 0 0 0 0 0 0 
0 2 0 0 14 129 0 0 1 0 0 0 0 0 0 0 31 0 0 7 0 0 53 0 324 3124 0 0 639 0 0 4049 0 0 0 753 25 0 0 0 0 0 0 1 38 0 0 3 0 0 0 0 6 0 0 0 0 0 0 0 24 0 0 0 0 0 0 0 59 0 0 0 0 0 0 0 159 0 0 0 0 0 0 0 0 0 0 0 0 0 0 0 0 0 0 0 0 0 0 0 0 0 0 0 0 0 0 0 0 0 0 0 0 0 0 0 0 0 0 0 0 0 0 0 0 0 0 0 0 
0 3 0 0 23 299 0 0 3 0 0 0 0 0 0 0 50 0 0 24 0 0 541 0 713 4621 0 0 1221 0 1 21476 0 0 0 1863 40 0 0 0 0 0 0 7 26 0 0 8 0 0 0 0 10 0 0 0 0 0 0 0 44 0 0 0 0 0 0 0 189 0 0 0 0 0 0 0 516 0 0 0 0 0 0 0 0 0 0 0 0 0 0 0 0 0 0 0 0 0 0 0 0 0 0 0 0 0 0 0 0 0 0 0 0 0 0 0 0 0 0 0 0 0 0 0 0 0 0 0 0 
0 3 0 0 15 592 0 0 2 0 1 0 0 0 0 0 32 0 0 12 0 0 766 0 1606 2852 0 0 1732 0 0 74594 0 0 0 1857 19 0 0 0 0 0 0 4 76 0 0 2 0 0 0 0 14 0 0 0 0 0 0 0 21 0 0 1 0 0 190 0 691 0 1 0 0 0 65 0 577 0 5 0 0 0 0 0 0 0 0 0 0 0 0 0 0 0 0 2 0 0 0 2 0 0 0 1 0 0 0 0 0 0 0 0 0 0 0 1 0 0 0 0 0 0 0 0 0 0 0 0 0 
150 3 333 251 12 700 11124 596 1 1 2 51 199 1542 409 840 28 745 586 5 1668 91587 270 66953 1681 1387 55680 45412 1146 680 0 86589 544100 10589 10761 1906 12 44 992 4 69 270 417 3 63 10623 214 1 66 218 20 61 6 2 1 1 4 37 379 90 15 122 520 0 489 48727 427 6852 568 545 3 47 122 3601 222 15719 541 139 5 86 209 0 1 0 0 1 176 8 0 2 0 0 38 20 6892 176 340 84 137 3 0 6 27 2 73 0 141 18 14 0 0 0 0 1 50 2 64 9 0 1 0 0 0 0 0 0 42 62 0 
0 4 0 0 16 958 0 0 2 0 5 0 0 0 0 0 41 0 0 12 0 0 581 0 2426 2075 0 0 2298 0 0 143198 0 0 0 2653 18 0 0 0 0 0 0 6 96 0 0 2 0 0 0 0 7 0 0 0 0 0 0 0 15 0 0 2 0 0 1163 0 1060 0 8 0 0 0 628 0 719 0 10 0 0 0 0 0 0 2 0 0 0 0 0 0 0 0 0 343 0 0 0 8 0 0 0 5 0 0 0 0 0 0 0 0 0 0 0 3 0 0 0 0 0 0 0 0 0 2 0 0 0 
0 2 0 0 11 462 0 0 1 0 0 0 0 0 0 0 21 0 0 7 0 0 390 0 1229 1752 0 0 1148 0 0 62386 0 0 0 1752 16 0 0 0 0 0 0 2 35 0 0 1 0 0 0 0 6 0 0 0 0 0 0 0 13 0 0 0 0 0 0 0 545 0 0 0 0 0 0 0 484 0 0 0 0 0 0 0 0 0 0 0 0 0 0 0 0 0 0 0 0 0 0 0 0 0 0 0 0 0 0 0 0 0 0 0 0 0 0 0 0 0 0 0 0 0 0 0 0 0 0 0 0 
0 5 0 0 21 633 0 0 8 0 2 0 0 0 0 0 77 0 0 58 0 0 1544 0 1848 3196 0 0 1262 0 5 68259 0 0 0 1991 20 0 0 0 0 0 0 4 124 0 0 3 0 0 0 0 10 0 0 0 0 0 0 0 15 0 0 4 0 0 626 0 514 0 5 0 0 0 54 0 550 0 4 0 0 0 0 0 0 1 0 0 0 0 0 0 0 0 0 26 0 0 0 4 0 0 0 0 0 0 0 0 0 0 0 0 0 0 0 3 0 0 0 0 0 0 0 0 0 0 0 0 0 
0 3 0 0 9 901 0 0 2 0 1 0 0 0 0 0 30 0 0 8 0 0 775 0 2251 1003 0 0 2230 0 0 142469 0 0 0 2094 6 0 0 0 0 0 0 2 160 0 0 1 0 0 0 0 13 0 0 0 0 0 0 0 4 0 0 1 0 0 214 0 1233 0 2 0 0 0 168 0 595 0 1 0 0 0 0 0 0 0 0 0 0 0 0 0 0 0 0 162 0 0 0 2 0 0 0 1 0 0 0 0 0 0 0 0 0 0 0 0 0 0 0 0 0 0 0 0 0 0 0 0 0 
0 2 0 0 6 706 0 0 0 0 1 0 0 0 0 0 16 0 0 0 0 0 0 0 1976 536 0 0 1585 0 0 123727 0 0 0 1683 4 0 0 0 0 0 0 0 0 0 0 0 0 0 0 0 8 0 0 0 0 0 0 0 3 0 0 0 0 0 214 0 1059 0 2 0 0 0 168 0 424 0 1 0 0 0 0 0 0 0 0 0 0 0 0 0 0 0 0 162 0 0 0 2 0 0 0 1 0 0 0 0 0 0 0 0 0 0 0 0 0 0 0 0 0 0 0 0 0 0 0 0 0 
0 3 0 0 14 718 0 0 2 0 1 0 0 0 0 0 37 0 0 11 0 0 735 0 1750 2205 0 0 1900 0 0 90961 0 0 0 2435 16 0 0 0 0 0 0 4 155 0 0 2 0 0 0 0 15 0 0 0 0 0 0 0 16 0 0 1 0 0 153 0 766 0 2 0 0 0 154 0 811 0 4 0 0 0 0 0 0 0 0 0 0 0 0 0 0 0 0 40 0 0 0 2 0 0 0 0 0 0 0 0 0 0 0 0 0 0 0 1 0 0 0 0 0 0 0 0 0 0 0 0 0 
0 1 0 0 4 330 0 0 0 0 0 0 0 0 0 0 6 0 0 0 0 0 0 0 989 445 0 0 835 0 0 53792 0 0 0 1003 4 0 0 0 0 0 0 0 0 0 0 0 0 0 0 0 6 0 0 0 0 0 0 0 2 0 0 0 0 0 0 0 493 0 0 0 0 0 0 0 309 0 0 0 0 0 0 0 0 0 0 0 0 0 0 0 0 0 0 0 0 0 0 0 0 0 0 0 0 0 0 0 0 0 0 0 0 0 0 0 0 0 0 0 0 0 0 0 0 0 0 0 0 
0 1 0 0 4 330 0 0 0 0 0 0 0 0 0 0 6 0 0 0 0 0 0 0 989 445 0 0 835 0 0 53792 0 0 0 1003 4 0 0 0 0 0 0 0 0 0 0 0 0 0 0 0 6 0 0 0 0 0 0 0 2 0 0 0 0 0 0 0 493 0 0 0 0 0 0 0 309 0 0 0 0 0 0 0 0 0 0 0 0 0 0 0 0 0 0 0 0 0 0 0 0 0 0 0 0 0 0 0 0 0 0 0 0 0 0 0 0 0 0 0 0 0 0 0 0 0 0 0 0 
0 2 0 0 11 462 0 0 1 0 0 0 0 0 0 0 21 0 0 7 0 0 390 0 1229 1752 0 0 1148 0 0 62386 0 0 0 1752 16 0 0 0 0 0 0 2 35 0 0 1 0 0 0 0 6 0 0 0 0 0 0 0 13 0 0 0 0 0 0 0 545 0 0 0 0 0 0 0 484 0 0 0 0 0 0 0 0 0 0 0 0 0 0 0 0 0 0 0 0 0 0 0 0 0 0 0 0 0 0 0 0 0 0 0 0 0 0 0 0 0 0 0 0 0 0 0 0 0 0 0 0 
0 2 0 0 12 524 0 0 1 0 0 0 0 0 0 0 24 0 0 6 0 0 356 0 1301 1889 0 0 1408 0 0 72371 0 0 0 2179 18 0 0 0 0 0 0 3 83 0 0 2 0 0 0 0 10 0 0 0 0 0 0 0 18 0 0 0 0 0 0 0 635 0 0 0 0 0 0 0 682 0 0 0 0 0 0 0 0 0 0 0 0 0 0 0 0 0 0 0 0 0 0 0 0 0 0 0 0 0 0 0 0 0 0 0 0 0 0 0 0 0 0 0 0 0 0 0 0 0 0 0 0 
0 2 0 0 9 348 0 0 0 0 1 0 0 0 0 0 34 0 0 0 0 0 0 0 1044 1264 0 0 820 0 0 53642 0 0 0 1085 9 0 0 0 0 0 0 0 0 0 0 0 0 0 0 0 6 0 0 0 0 0 0 0 7 0 0 0 0 0 322 0 485 0 3 0 0 0 15 0 318 0 2 0 0 0 0 0 0 0 0 0 0 0 0 0 0 0 0 4 0 0 0 3 0 0 0 0 0 0 0 0 0 0 0 0 0 0 0 1 0 0 0 0 0 0 0 0 0 0 0 0 0 
0 3 0 0 20 456 0 0 1 0 2 0 0 0 0 0 62 0 0 10 0 0 114 0 1185 3444 0 0 917 0 0 57745 0 0 0 1978 41 0 0 0 0 0 0 0 7 0 0 3 0 0 0 0 8 0 0 0 0 0 0 0 23 0 0 0 0 0 641 0 491 0 6 0 0 0 117 0 396 0 11 0 0 0 0 0 0 1 0 0 0 0 0 0 0 0 0 11 0 0 0 4 0 0 0 0 0 0 0 0 0 0 0 0 0 0 0 2 0 0 0 0 0 0 0 0 0 0 0 0 0 
0 1 0 0 4 330 0 0 0 0 0 0 0 0 0 0 6 0 0 0 0 0 0 0 989 445 0 0 835 0 0 53792 0 0 0 1003 4 0 0 0 0 0 0 0 0 0 0 0 0 0 0 0 6 0 0 0 0 0 0 0 2 0 0 0 0 0 0 0 493 0 0 0 0 0 0 0 309 0 0 0 0 0 0 0 0 0 0 0 0 0 0 0 0 0 0 0 0 0 0 0 0 0 0 0 0 0 0 0 0 0 0 0 0 0 0 0 0 0 0 0 0 0 0 0 0 0 0 0 0 
0 4 0 0 13 810 0 0 3 0 3 0 0 0 0 0 39 0 0 12 0 0 875 0 2280 2138 0 0 2579 0 0 92228 0 0 0 1954 9 0 0 0 0 0 0 4 137 0 0 2 0 0 0 0 11 0 0 0 0 0 0 0 8 0 0 2 0 0 663 0 738 0 7 0 0 0 239 0 780 0 7 0 0 0 0 0 0 1 0 0 0 0 0 1 0 0 0 187 0 0 0 1 0 0 0 3 0 0 0 0 0 0 0 0 0 0 0 2 0 0 0 0 0 0 0 0 0 0 0 0 0 
0 3 0 0 14 657 0 0 3 0 0 0 0 0 0 0 32 0 0 19 0 0 1031 0 1618 2221 0 0 1790 0 1 81128 0 0 0 2163 18 0 0 0 0 0 0 7 138 0 0 1 0 0 0 0 11 0 0 0 0 0 0 0 14 0 0 0 0 0 0 0 719 0 0 0 0 0 0 0 655 0 0 0 0 0 0 0 0 0 0 0 0 0 0 0 0 0 0 0 0 0 0 0 0 0 0 0 0 0 0 0 0 0 0 0 0 0 0 0 0 0 0 0 0 0 0 0 0 0 0 0 0 
0 4 0 0 18 875 0 0 2 0 4 0 0 0 0 0 52 0 0 14 0 0 556 0 2320 2744 0 0 1754 0 0 132083 0 0 0 2550 22 0 0 0 0 0 0 3 37 0 0 2 0 0 0 0 8 0 0 0 0 0 0 0 17 0 0 1 0 0 1229 0 1051 0 9 0 0 0 327 0 580 0 10 0 0 0 0 0 0 2 0 0 0 0 0 0 0 0 0 214 0 0 0 10 0 0 0 1 0 0 0 0 0 0 0 0 0 0 0 2 0 0 0 0 0 0 0 0 0 1 0 0 0 
0 4 0 0 23 488 0 0 4 0 2 0 0 0 0 0 66 0 0 34 0 0 887 0 1285 3858 0 0 1514 0 1 58489 0 0 0 1957 37 0 0 0 0 0 0 2 18 0 0 4 0 0 0 0 10 0 0 0 0 0 0 0 23 0 0 2 0 0 353 0 522 0 7 0 0 0 168 0 444 0 13 0 0 0 0 0 0 0 0 0 0 0 0 1 0 0 0 8 0 0 0 2 0 0 0 0 0 0 0 0 0 0 0 0 0 0 0 2 0 0 0 0 0 0 0 0 0 0 0 0 0 
0 1 0 0 4 42 0 0 0 0 0 0 0 0 0 0 15 0 0 0 0 0 0 0 145 1286 0 0 396 0 0 839 0 0 0 101 3 0 0 0 0 0 0 0 0 0 0 0 0 0 0 0 1 0 0 0 0 0 0 0 3 0 0 0 0 0 0 0 22 0 0 0 0 0 0 0 65 0 0 0 0 0 0 0 0 0 0 0 0 0 0 0 0 0 0 0 0 0 0 0 0 0 0 0 0 0 0 0 0 0 0 0 0 0 0 0 0 0 0 0 0 0 0 0 0 0 0 0 0 
0 1 0 0 4 42 0 0 0 0 0 0 0 0 0 0 15 0 0 0 0 0 0 0 145 1286 0 0 396 0 0 839 0 0 0 101 3 0 0 0 0 0 0 0 0 0 0 0 0 0 0 0 1 0 0 0 0 0 0 0 3 0 0 0 0 0 0 0 22 0 0 0 0 0 0 0 65 0 0 0 0 0 0 0 0 0 0 0 0 0 0 0 0 0 0 0 0 0 0 0 0 0 0 0 0 0 0 0 0 0 0 0 0 0 0 0 0 0 0 0 0 0 0 0 0 0 0 0 0 
0 2 0 0 11 174 0 0 1 0 0 0 0 0 0 0 31 0 0 8 0 0 167 0 449 2593 0 0 710 0 0 9433 0 0 0 850 15 0 0 0 0 0 0 1 3 0 0 1 0 0 0 0 1 0 0 0 0 0 0 0 14 0 0 0 0 0 0 0 74 0 0 0 0 0 0 0 240 0 0 0 0 0 0 0 0 0 0 0 0 0 0 0 0 0 0 0 0 0 0 0 0 0 0 0 0 0 0 0 0 0 0 0 0 0 0 0 0 0 0 0 0 0 0 0 0 0 0 0 0 
0 2 0 0 11 174 0 0 1 0 0 0 0 0 0 0 31 0 0 8 0 0 167 0 449 2593 0 0 710 0 0 9433 0 0 0 850 15 0 0 0 0 0 0 1 3 0 0 1 0 0 0 0 1 0 0 0 0 0 0 0 14 0 0 0 0 0 0 0 74 0 0 0 0 0 0 0 240 0 0 0 0 0 0 0 0 0 0 0 0 0 0 0 0 0 0 0 0 0 0 0 0 0 0 0 0 0 0 0 0 0 0 0 0 0 0 0 0 0 0 0 0 0 0 0 0 0 0 0 0 
0 3 0 0 16 389 0 0 3 0 0 0 0 0 0 0 43 0 0 20 0 0 682 0 990 2820 0 0 1559 0 1 29175 0 0 0 1416 23 0 0 0 0 0 0 6 45 0 0 3 0 0 0 0 8 0 0 0 0 0 0 0 19 0 0 0 0 0 0 0 278 0 0 0 0 0 0 0 458 0 0 0 0 0 0 0 0 0 0 0 0 0 0 0 0 0 0 0 0 0 0 0 0 0 0 0 0 0 0 0 0 0 0 0 0 0 0 0 0 0 0 0 0 0 0 0 0 0 0 0 0 
0 4 0 0 23 544 0 0 4 0 2 0 0 0 0 0 76 0 0 31 0 0 1068 0 1272 3811 0 0 1651 0 1 75580 0 0 0 1971 44 0 0 0 0 0 0 9 19 0 0 6 0 0 0 0 9 0 0 0 0 0 0 0 26 0 0 2 0 0 397 0 751 0 6 0 0 0 43 0 427 0 6 0 0 0 0 0 0 0 0 0 0 0 0 0 0 0 0 37 0 0 0 4 0 0 0 0 0 1 0 0 0 0 0 0 0 0 0 2 0 0 0 0 0 0 0 0 0 0 0 0 0 
0 6 0 0 34 607 0 0 11 0 4 0 0 0 0 0 117 0 0 90 0 0 1966 0 1423 6945 0 0 977 0 6 40993 0 0 0 2382 63 0 0 0 0 0 0 9 84 0 0 15 0 0 0 0 4 0 0 0 0 0 0 0 41 0 0 13 0 0 397 0 208 0 13 0 0 0 377 0 527 0 10 0 0 0 0 0 0 0 0 0 0 0 0 0 0 0 0 58 0 0 0 1 0 0 0 1 0 0 0 0 0 0 0 0 0 0 0 8 0 0 1 0 0 0 0 0 0 0 0 0 0 
0 1 0 0 7 132 0 0 0 0 0 0 0 0 0 0 17 0 0 0 0 0 0 0 312 1309 0 0 315 0 0 8594 0 0 0 749 12 0 0 0 0 0 0 0 0 0 0 0 0 0 0 0 0 0 0 0 0 0 0 0 11 0 0 0 0 0 0 0 52 0 0 0 0 0 0 0 175 0 0 0 0 0 0 0 0 0 0 0 0 0 0 0 0 0 0 0 0 0 0 0 0 0 0 0 0 0 0 0 0 0 0 0 0 0 0 0 0 0 0 0 0 0 0 0 0 0 0 0 0 
0 2 0 0 13 151 0 0 1 0 0 0 0 0 0 0 48 0 0 11 0 0 145 0 361 2448 0 0 315 0 0 8765 0 0 0 848 19 0 0 0 0 0 0 0 3 0 0 1 0 0 0 0 0 0 0 0 0 0 0 0 20 0 0 0 0 0 0 0 52 0 0 0 0 0 0 0 190 0 0 0 0 0 0 0 0 0 0 0 0 0 0 0 0 0 0 0 0 0 0 0 0 0 0 0 0 0 0 0 0 0 0 0 0 0 0 0 0 0 0 0 0 0 0 0 0 0 0 0 0 
0 2 0 0 17 220 0 0 1 0 0 0 0 0 0 0 49 0 0 14 0 0 197 0 392 3033 0 0 497 0 0 12411 0 0 0 1564 45 0 0 0 0 0 0 1 11 0 0 1 0 0 0 0 2 0 0 0 0 0 0 0 24 0 0 0 0 0 0 0 63 0 0 0 0 0 0 0 238 0 0 0 0 0 0 0 0 0 0 0 0 0 0 0 0 0 0 0 0 0 0 0 0 0 0 0 0 0 0 0 0 0 0 0 0 0 0 0 0 0 0 0 0 0 0 0 0 0 0 0 0 
0 2 0 0 10 327 0 0 1 0 0 0 0 0 0 0 29 0 0 6 0 0 261 0 847 1778 0 0 958 0 0 27336 0 0 0 1160 14 0 0 0 0 0 0 4 31 0 0 0 0 0 0 0 5 0 0 0 0 0 0 0 12 0 0 0 0 0 0 0 226 0 0 0 0 0 0 0 346 0 0 0 0 0 0 0 0 0 0 0 0 0 0 0 0 0 0 0 0 0 0 0 0 0 0 0 0 0 0 0 0 0 0 0 0 0 0 0 0 0 0 0 0 0 0 0 0 0 0 0 0 
0 1 0 0 7 132 0 0 0 0 0 0 0 0 0 0 17 0 0 0 0 0 0 0 312 1309 0 0 315 0 0 8594 0 0 0 749 12 0 0 0 0 0 0 0 0 0 0 0 0 0 0 0 0 0 0 0 0 0 0 0 11 0 0 0 0 0 0 0 52 0 0 0 0 0 0 0 175 0 0 0 0 0 0 0 0 0 0 0 0 0 0 0 0 0 0 0 0 0 0 0 0 0 0 0 0 0 0 0 0 0 0 0 0 0 0 0 0 0 0 0 0 0 0 0 0 0 0 0 0 
0 2 0 0 17 220 0 0 1 0 0 0 0 0 0 0 49 0 0 14 0 0 197 0 392 3033 0 0 497 0 0 12411 0 0 0 1564 45 0 0 0 0 0 0 1 11 0 0 1 0 0 0 0 2 0 0 0 0 0 0 0 24 0 0 0 0 0 0 0 63 0 0 0 0 0 0 0 238 0 0 0 0 0 0 0 0 0 0 0 0 0 0 0 0 0 0 0 0 0 0 0 0 0 0 0 0 0 0 0 0 0 0 0 0 0 0 0 0 0 0 0 0 0 0 0 0 0 0 0 0 
0 1 0 0 7 132 0 0 0 0 0 0 0 0 0 0 17 0 0 0 0 0 0 0 312 1309 0 0 315 0 0 8594 0 0 0 749 12 0 0 0 0 0 0 0 0 0 0 0 0 0 0 0 0 0 0 0 0 0 0 0 11 0 0 0 0 0 0 0 52 0 0 0 0 0 0 0 175 0 0 0 0 0 0 0 0 0 0 0 0 0 0 0 0 0 0 0 0 0 0 0 0 0 0 0 0 0 0 0 0 0 0 0 0 0 0 0 0 0 0 0 0 0 0 0 0 0 0 0 0 
0 2 0 0 12 193 0 0 1 0 0 0 0 0 0 0 33 0 0 10 0 0 179 0 506 2439 0 0 315 0 0 10424 0 0 0 978 17 0 0 0 0 0 0 0 7 0 0 1 0 0 0 0 0 0 0 0 0 0 0 0 18 0 0 0 0 0 0 0 52 0 0 0 0 0 0 0 251 0 0 0 0 0 0 0 0 0 0 0 0 0 0 0 0 0 0 0 0 0 0 0 0 0 0 0 0 0 0 0 0 0 0 0 0 0 0 0 0 0 0 0 0 0 0 0 0 0 0 0 0 
0 2 0 0 17 220 0 0 1 0 0 0 0 0 0 0 49 0 0 14 0 0 197 0 392 3033 0 0 497 0 0 12411 0 0 0 1564 45 0 0 0 0 0 0 1 11 0 0 1 0 0 0 0 2 0 0 0 0 0 0 0 24 0 0 0 0 0 0 0 63 0 0 0 0 0 0 0 238 0 0 0 0 0 0 0 0 0 0 0 0 0 0 0 0 0 0 0 0 0 0 0 0 0 0 0 0 0 0 0 0 0 0 0 0 0 0 0 0 0 0 0 0 0 0 0 0 0 0 0 0 
0 3 0 0 25 260 0 0 3 0 0 0 0 0 0 0 77 0 0 32 0 0 478 0 489 4941 0 0 512 0 1 13187 0 0 0 1845 60 0 0 0 0 0 0 2 20 0 0 8 0 0 0 0 2 0 0 0 0 0 0 0 38 0 0 0 0 0 0 0 67 0 0 0 0 0 0 0 277 0 0 0 0 0 0 0 0 0 0 0 0 0 0 0 0 0 0 0 0 0 0 0 0 0 0 0 0 0 0 0 0 0 0 0 0 0 0 0 0 0 0 0 0 0 0 0 0 0 0 0 0 
0 2 0 0 17 220 0 0 1 0 0 0 0 0 0 0 49 0 0 14 0 0 197 0 392 3033 0 0 497 0 0 12411 0 0 0 1564 45 0 0 0 0 0 0 1 11 0 0 1 0 0 0 0 2 0 0 0 0 0 0 0 24 0 0 0 0 0 0 0 63 0 0 0 0 0 0 0 238 0 0 0 0 0 0 0 0 0 0 0 0 0 0 0 0 0 0 0 0 0 0 0 0 0 0 0 0 0 0 0 0 0 0 0 0 0 0 0 0 0 0 0 0 0 0 0 0 0 0 0 0 
0 1 0 0 7 132 0 0 0 0 0 0 0 0 0 0 17 0 0 0 0 0 0 0 312 1309 0 0 315 0 0 8594 0 0 0 749 12 0 0 0 0 0 0 0 0 0 0 0 0 0 0 0 0 0 0 0 0 0 0 0 11 0 0 0 0 0 0 0 52 0 0 0 0 0 0 0 175 0 0 0 0 0 0 0 0 0 0 0 0 0 0 0 0 0 0 0 0 0 0 0 0 0 0 0 0 0 0 0 0 0 0 0 0 0 0 0 0 0 0 0 0 0 0 0 0 0 0 0 0 
0 2 0 0 17 220 0 0 1 0 0 0 0 0 0 0 49 0 0 14 0 0 197 0 392 3033 0 0 497 0 0 12411 0 0 0 1564 45 0 0 0 0 0 0 1 11 0 0 1 0 0 0 0 2 0 0 0 0 0 0 0 24 0 0 0 0 0 0 0 63 0 0 0 0 0 0 0 238 0 0 0 0 0 0 0 0 0 0 0 0 0 0 0 0 0 0 0 0 0 0 0 0 0 0 0 0 0 0 0 0 0 0 0 0 0 0 0 0 0 0 0 0 0 0 0 0 0 0 0 0 
0 2 0 0 17 220 0 0 1 0 0 0 0 0 0 0 49 0 0 14 0 0 197 0 392 3033 0 0 497 0 0 12411 0 0 0 1564 45 0 0 0 0 0 0 1 11 0 0 1 0 0 0 0 2 0 0 0 0 0 0 0 24 0 0 0 0 0 0 0 63 0 0 0 0 0 0 0 238 0 0 0 0 0 0 0 0 0 0 0 0 0 0 0 0 0 0 0 0 0 0 0 0 0 0 0 0 0 0 0 0 0 0 0 0 0 0 0 0 0 0 0 0 0 0 0 0 0 0 0 0 
0 1 0 0 7 132 0 0 0 0 0 0 0 0 0 0 17 0 0 0 0 0 0 0 312 1309 0 0 315 0 0 8594 0 0 0 749 12 0 0 0 0 0 0 0 0 0 0 0 0 0 0 0 0 0 0 0 0 0 0 0 11 0 0 0 0 0 0 0 52 0 0 0 0 0 0 0 175 0 0 0 0 0 0 0 0 0 0 0 0 0 0 0 0 0 0 0 0 0 0 0 0 0 0 0 0 0 0 0 0 0 0 0 0 0 0 0 0 0 0 0 0 0 0 0 0 0 0 0 0 
0 2 0 0 9 508 0 0 0 0 1 0 0 0 0 0 27 0 0 0 0 0 0 0 1298 1286 0 0 1145 0 0 78415 0 0 0 1509 11 0 0 0 0 0 0 0 0 0 0 0 0 0 0 0 4 0 0 0 0 0 0 0 9 0 0 0 0 0 328 0 734 0 2 0 0 0 88 0 407 0 2 0 0 0 0 0 0 0 0 0 0 0 0 0 0 0 0 44 0 0 0 4 0 0 0 0 0 0 0 0 0 0 0 0 0 0 0 1 0 0 0 0 0 0 0 0 0 0 0 0 0 
0 2 0 0 10 327 0 0 1 0 0 0 0 0 0 0 29 0 0 6 0 0 261 0 847 1778 0 0 958 0 0 27336 0 0 0 1160 14 0 0 0 0 0 0 4 31 0 0 0 0 0 0 0 5 0 0 0 0 0 0 0 12 0 0 0 0 0 0 0 226 0 0 0 0 0 0 0 346 0 0 0 0 0 0 0 0 0 0 0 0 0 0 0 0 0 0 0 0 0 0 0 0 0 0 0 0 0 0 0 0 0 0 0 0 0 0 0 0 0 0 0 0 0 0 0 0 0 0 0 0 
0 1 0 0 7 132 0 0 0 0 0 0 0 0 0 0 17 0 0 0 0 0 0 0 312 1309 0 0 315 0 0 8594 0 0 0 749 12 0 0 0 0 0 0 0 0 0 0 0 0 0 0 0 0 0 0 0 0 0 0 0 11 0 0 0 0 0 0 0 52 0 0 0 0 0 0 0 175 0 0 0 0 0 0 0 0 0 0 0 0 0 0 0 0 0 0 0 0 0 0 0 0 0 0 0 0 0 0 0 0 0 0 0 0 0 0 0 0 0 0 0 0 0 0 0 0 0 0 0 0 
0 1 0 0 7 132 0 0 0 0 0 0 0 0 0 0 17 0 0 0 0 0 0 0 312 1309 0 0 315 0 0 8594 0 0 0 749 12 0 0 0 0 0 0 0 0 0 0 0 0 0 0 0 0 0 0 0 0 0 0 0 11 0 0 0 0 0 0 0 52 0 0 0 0 0 0 0 175 0 0 0 0 0 0 0 0 0 0 0 0 0 0 0 0 0 0 0 0 0 0 0 0 0 0 0 0 0 0 0 0 0 0 0 0 0 0 0 0 0 0 0 0 0 0 0 0 0 0 0 0 
0 1 0 0 7 132 0 0 0 0 0 0 0 0 0 0 17 0 0 0 0 0 0 0 312 1309 0 0 315 0 0 8594 0 0 0 749 12 0 0 0 0 0 0 0 0 0 0 0 0 0 0 0 0 0 0 0 0 0 0 0 11 0 0 0 0 0 0 0 52 0 0 0 0 0 0 0 175 0 0 0 0 0 0 0 0 0 0 0 0 0 0 0 0 0 0 0 0 0 0 0 0 0 0 0 0 0 0 0 0 0 0 0 0 0 0 0 0 0 0 0 0 0 0 0 0 0 0 0 0 
0 1 0 0 7 132 0 0 0 0 0 0 0 0 0 0 17 0 0 0 0 0 0 0 312 1309 0 0 315 0 0 8594 0 0 0 749 12 0 0 0 0 0 0 0 0 0 0 0 0 0 0 0 0 0 0 0 0 0 0 0 11 0 0 0 0 0 0 0 52 0 0 0 0 0 0 0 175 0 0 0 0 0 0 0 0 0 0 0 0 0 0 0 0 0 0 0 0 0 0 0 0 0 0 0 0 0 0 0 0 0 0 0 0 0 0 0 0 0 0 0 0 0 0 0 0 0 0 0 0 
0 1 0 0 7 132 0 0 0 0 0 0 0 0 0 0 17 0 0 0 0 0 0 0 312 1309 0 0 315 0 0 8594 0 0 0 749 12 0 0 0 0 0 0 0 0 0 0 0 0 0 0 0 0 0 0 0 0 0 0 0 11 0 0 0 0 0 0 0 52 0 0 0 0 0 0 0 175 0 0 0 0 0 0 0 0 0 0 0 0 0 0 0 0 0 0 0 0 0 0 0 0 0 0 0 0 0 0 0 0 0 0 0 0 0 0 0 0 0 0 0 0 0 0 0 0 0 0 0 0 
0 2 0 0 10 327 0 0 1 0 0 0 0 0 0 0 29 0 0 6 0 0 261 0 847 1778 0 0 958 0 0 27336 0 0 0 1160 14 0 0 0 0 0 0 4 31 0 0 0 0 0 0 0 5 0 0 0 0 0 0 0 12 0 0 0 0 0 0 0 226 0 0 0 0 0 0 0 346 0 0 0 0 0 0 0 0 0 0 0 0 0 0 0 0 0 0 0 0 0 0 0 0 0 0 0 0 0 0 0 0 0 0 0 0 0 0 0 0 0 0 0 0 0 0 0 0 0 0 0 0 
0 3 0 0 20 356 0 0 2 0 1 0 0 0 0 0 59 0 0 21 0 0 436 0 787 3718 0 0 628 0 0 21580 0 0 0 1906 42 0 0 0 0 0 0 2 25 0 0 2 0 0 0 0 2 0 0 0 0 0 0 0 24 0 0 1 0 0 118 0 74 0 2 0 0 0 70 0 353 0 7 0 0 0 0 0 0 0 0 0 0 0 0 0 0 0 0 17 0 0 0 1 0 0 0 1 0 0 0 0 0 0 0 0 0 0 0 1 0 0 0 0 0 0 0 0 0 0 0 0 0 
0 2 0 0 10 327 0 0 1 0 0 0 0 0 0 0 29 0 0 6 0 0 261 0 847 1778 0 0 958 0 0 27336 0 0 0 1160 14 0 0 0 0 0 0 4 31 0 0 0 0 0 0 0 5 0 0 0 0 0 0 0 12 0 0 0 0 0 0 0 226 0 0 0 0 0 0 0 346 0 0 0 0 0 0 0 0 0 0 0 0 0 0 0 0 0 0 0 0 0 0 0 0 0 0 0 0 0 0 0 0 0 0 0 0 0 0 0 0 0 0 0 0 0 0 0 0 0 0 0 0 
0 1 0 0 7 132 0 0 0 0 0 0 0 0 0 0 17 0 0 0 0 0 0 0 312 1309 0 0 315 0 0 8594 0 0 0 749 12 0 0 0 0 0 0 0 0 0 0 0 0 0 0 0 0 0 0 0 0 0 0 0 11 0 0 0 0 0 0 0 52 0 0 0 0 0 0 0 175 0 0 0 0 0 0 0 0 0 0 0 0 0 0 0 0 0 0 0 0 0 0 0 0 0 0 0 0 0 0 0 0 0 0 0 0 0 0 0 0 0 0 0 0 0 0 0 0 0 0 0 0 
0 2 0 0 9 508 0 0 0 0 1 0 0 0 0 0 27 0 0 0 0 0 0 0 1298 1286 0 0 1145 0 0 78415 0 0 0 1509 11 0 0 0 0 0 0 0 0 0 0 0 0 0 0 0 4 0 0 0 0 0 0 0 9 0 0 0 0 0 328 0 734 0 2 0 0 0 88 0 407 0 2 0 0 0 0 0 0 0 0 0 0 0 0 0 0 0 0 44 0 0 0 4 0 0 0 0 0 0 0 0 0 0 0 0 0 0 0 1 0 0 0 0 0 0 0 0 0 0 0 0 0 
0 1 0 0 7 132 0 0 0 0 0 0 0 0 0 0 17 0 0 0 0 0 0 0 312 1309 0 0 315 0 0 8594 0 0 0 749 12 0 0 0 0 0 0 0 0 0 0 0 0 0 0 0 0 0 0 0 0 0 0 0 11 0 0 0 0 0 0 0 52 0 0 0 0 0 0 0 175 0 0 0 0 0 0 0 0 0 0 0 0 0 0 0 0 0 0 0 0 0 0 0 0 0 0 0 0 0 0 0 0 0 0 0 0 0 0 0 0 0 0 0 0 0 0 0 0 0 0 0 0 
0 3 0 0 19 414 0 0 2 0 1 0 0 0 0 0 54 0 0 19 0 0 457 0 926 3425 0 0 957 0 0 31077 0 0 0 1786 46 0 0 0 0 0 0 5 42 0 0 1 0 0 0 0 3 0 0 0 0 0 0 0 24 0 0 1 0 0 77 0 226 0 7 0 0 0 183 0 397 0 1 0 0 0 0 0 0 0 0 0 0 0 0 0 0 0 0 10 0 0 0 0 0 0 0 2 0 0 0 0 0 0 0 0 0 0 0 1 0 0 0 0 0 0 0 0 0 0 0 0 0 
0 2 0 0 17 220 0 0 1 0 0 0 0 0 0 0 49 0 0 14 0 0 197 0 392 3033 0 0 497 0 0 12411 0 0 0 1564 45 0 0 0 0 0 0 1 11 0 0 1 0 0 0 0 2 0 0 0 0 0 0 0 24 0 0 0 0 0 0 0 63 0 0 0 0 0 0 0 238 0 0 0 0 0 0 0 0 0 0 0 0 0 0 0 0 0 0 0 0 0 0 0 0 0 0 0 0 0 0 0 0 0 0 0 0 0 0 0 0 0 0 0 0 0 0 0 0 0 0 0 0 
0 4 0 0 18 742 0 0 3 0 5 0 0 0 0 0 51 0 0 17 0 0 796 0 1934 3071 0 0 2078 0 0 97832 0 0 0 1987 20 0 0 0 0 0 0 9 6 0 0 2 0 0 0 0 5 0 0 0 0 0 0 0 20 0 0 5 0 0 928 0 805 0 10 0 0 0 747 0 688 0 13 0 0 0 0 0 0 0 0 0 0 0 0 0 0 0 0 285 0 0 0 4 0 0 0 3 0 0 0 0 0 0 0 0 0 0 0 5 0 0 1 0 0 0 0 0 0 3 0 0 0 
0 5 0 0 18 808 0 0 5 0 6 0 0 0 0 0 59 0 0 24 0 0 1235 0 2184 3718 0 0 2031 0 1 66082 0 0 0 2040 15 0 0 0 0 0 0 1 141 0 0 4 0 0 0 0 9 0 0 0 0 0 0 0 15 0 0 5 0 0 883 0 385 0 16 0 0 0 731 0 945 0 16 0 0 0 0 0 0 3 0 0 0 0 0 0 0 0 0 211 0 0 0 4 0 0 0 4 0 2 0 0 0 0 0 0 0 0 0 6 0 0 0 0 0 0 0 0 0 2 0 0 0 
0 1 0 0 3 149 0 0 0 0 0 0 0 0 0 0 12 0 0 0 0 0 0 0 596 700 0 0 333 0 0 10975 0 0 0 248 1 0 0 0 0 0 0 0 0 0 0 0 0 0 0 0 1 0 0 0 0 0 0 0 2 0 0 0 0 0 0 0 51 0 0 0 0 0 0 0 199 0 0 0 0 0 0 0 0 0 0 0 0 0 0 0 0 0 0 0 0 0 0 0 0 0 0 0 0 0 0 0 0 0 0 0 0 0 0 0 0 0 0 0 0 0 0 0 0 0 0 0 0 
0 3 0 0 14 479 0 0 2 0 1 0 0 0 0 0 39 0 0 14 0 0 502 0 1389 2798 0 0 1004 0 0 38690 0 0 0 1724 18 0 0 0 0 0 0 0 57 0 0 2 0 0 0 0 7 0 0 0 0 0 0 0 19 0 0 1 0 0 151 0 180 0 7 0 0 0 107 0 662 0 1 0 0 0 0 0 0 0 0 0 0 0 0 0 0 0 0 42 0 0 0 0 0 0 0 0 0 0 0 0 0 0 0 0 0 0 0 1 0 0 0 0 0 0 0 0 0 0 0 0 0 
0 2 0 0 6 572 0 0 1 0 0 0 0 0 0 0 27 0 0 3 0 0 396 0 1409 772 0 0 1564 0 0 88890 0 0 0 1260 3 0 0 0 0 0 0 1 88 0 0 1 0 0 0 0 9 0 0 0 0 0 0 0 4 0 0 0 0 0 0 0 905 0 0 0 0 0 0 0 449 0 0 0 0 0 0 0 0 0 0 0 0 0 0 0 0 0 0 0 0 0 0 0 0 0 0 0 0 0 0 0 0 0 0 0 0 0 0 0 0 0 0 0 0 0 0 0 0 0 0 0 0 
0 3 0 0 14 658 0 0 2 0 1 0 0 0 0 0 48 0 0 12 0 0 606 0 1752 1759 0 0 1655 0 0 92234 0 0 0 2211 15 0 0 0 0 0 0 4 68 0 0 1 0 0 0 0 8 0 0 0 0 0 0 0 17 0 0 1 0 0 299 0 817 0 1 0 0 0 118 0 619 0 4 0 0 0 0 0 0 0 0 0 0 0 0 0 0 0 0 76 0 0 0 2 0 0 0 1 0 0 0 0 0 0 0 0 0 0 0 2 0 0 0 0 0 0 0 0 0 0 0 0 0 
0 3 0 0 15 659 0 0 2 0 1 0 0 0 0 0 49 0 0 9 0 0 834 0 1488 2419 0 0 1560 0 0 92631 0 0 0 1886 35 0 0 0 0 0 0 5 99 0 0 2 0 0 0 0 7 0 0 0 0 0 0 0 16 0 0 1 0 0 77 0 905 0 7 0 0 0 183 0 500 0 1 0 0 0 0 0 0 0 0 0 0 0 0 0 0 0 0 10 0 0 0 0 0 0 0 2 0 0 0 0 0 0 0 0 0 0 0 1 0 0 0 0 0 0 0 0 0 0 0 0 0 
0 2 0 0 13 465 0 0 1 0 0 0 0 0 0 0 41 0 0 7 0 0 439 0 1068 2029 0 0 1097 0 0 73965 0 0 0 1664 34 0 0 0 0 0 0 4 11 0 0 1 0 0 0 0 6 0 0 0 0 0 0 0 16 0 0 0 0 0 0 0 742 0 0 0 0 0 0 0 341 0 0 0 0 0 0 0 0 0 0 0 0 0 0 0 0 0 0 0 0 0 0 0 0 0 0 0 0 0 0 0 0 0 0 0 0 0 0 0 0 0 0 0 0 0 0 0 0 0 0 0 0 
0 2 0 0 7 514 0 0 1 0 0 0 0 0 0 0 25 0 0 5 0 0 434 0 1338 1108 0 0 1120 0 0 79434 0 0 0 1262 5 0 0 0 0 0 0 0 40 0 0 1 0 0 0 0 6 0 0 0 0 0 0 0 5 0 0 0 0 0 0 0 761 0 0 0 0 0 0 0 412 0 0 0 0 0 0 0 0 0 0 0 0 0 0 0 0 0 0 0 0 0 0 0 0 0 0 0 0 0 0 0 0 0 0 0 0 0 0 0 0 0 0 0 0 0 0 0 0 0 0 0 0 
0 3 0 0 17 525 0 0 2 0 1 0 0 0 0 0 55 0 0 15 0 0 581 0 1269 2808 0 0 1063 0 0 75449 0 0 0 1858 38 0 0 0 0 0 0 4 14 0 0 4 0 0 0 0 6 0 0 0 0 0 0 0 20 0 0 1 0 0 347 0 712 0 2 0 0 0 34 0 388 0 1 0 0 0 0 0 0 0 0 0 0 0 0 0 0 0 0 27 0 0 0 2 0 0 0 0 0 0 0 0 0 0 0 0 0 0 0 1 0 0 0 0 0 0 0 0 0 0 0 0 0 
0 2 0 0 13 465 0 0 1 0 0 0 0 0 0 0 41 0 0 7 0 0 439 0 1068 2029 0 0 1097 0 0 73965 0 0 0 1664 34 0 0 0 0 0 0 4 11 0 0 1 0 0 0 0 6 0 0 0 0 0 0 0 16 0 0 0 0 0 0 0 742 0 0 0 0 0 0 0 341 0 0 0 0 0 0 0 0 0 0 0 0 0 0 0 0 0 0 0 0 0 0 0 0 0 0 0 0 0 0 0 0 0 0 0 0 0 0 0 0 0 0 0 0 0 0 0 0 0 0 0 0 
0 2 0 0 13 465 0 0 1 0 0 0 0 0 0 0 41 0 0 7 0 0 439 0 1068 2029 0 0 1097 0 0 73965 0 0 0 1664 34 0 0 0 0 0 0 4 11 0 0 1 0 0 0 0 6 0 0 0 0 0 0 0 16 0 0 0 0 0 0 0 742 0 0 0 0 0 0 0 341 0 0 0 0 0 0 0 0 0 0 0 0 0 0 0 0 0 0 0 0 0 0 0 0 0 0 0 0 0 0 0 0 0 0 0 0 0 0 0 0 0 0 0 0 0 0 0 0 0 0 0 0 
0 2 0 0 13 465 0 0 1 0 0 0 0 0 0 0 41 0 0 7 0 0 439 0 1068 2029 0 0 1097 0 0 73965 0 0 0 1664 34 0 0 0 0 0 0 4 11 0 0 1 0 0 0 0 6 0 0 0 0 0 0 0 16 0 0 0 0 0 0 0 742 0 0 0 0 0 0 0 341 0 0 0 0 0 0 0 0 0 0 0 0 0 0 0 0 0 0 0 0 0 0 0 0 0 0 0 0 0 0 0 0 0 0 0 0 0 0 0 0 0 0 0 0 0 0 0 0 0 0 0 0 
0 2 0 0 6 572 0 0 1 0 0 0 0 0 0 0 27 0 0 3 0 0 396 0 1409 772 0 0 1564 0 0 88890 0 0 0 1260 3 0 0 0 0 0 0 1 88 0 0 1 0 0 0 0 9 0 0 0 0 0 0 0 4 0 0 0 0 0 0 0 905 0 0 0 0 0 0 0 449 0 0 0 0 0 0 0 0 0 0 0 0 0 0 0 0 0 0 0 0 0 0 0 0 0 0 0 0 0 0 0 0 0 0 0 0 0 0 0 0 0 0 0 0 0 0 0 0 0 0 0 0 
0 2 0 0 10 388 0 0 0 0 1 0 0 0 0 0 35 0 0 0 0 0 0 0 1075 1764 0 0 1069 0 0 37169 0 0 0 1432 12 0 0 0 0 0 0 0 0 0 0 0 0 0 0 0 9 0 0 0 0 0 0 0 14 0 0 0 0 0 153 0 273 0 2 0 0 0 154 0 502 0 4 0 0 0 0 0 0 0 0 0 0 0 0 0 0 0 0 40 0 0 0 2 0 0 0 0 0 0 0 0 0 0 0 0 0 0 0 1 0 0 0 0 0 0 0 0 0 0 0 0 0 
0 3 0 0 21 418 0 0 2 0 1 0 0 0 0 0 63 0 0 17 0 0 532 0 927 3851 0 0 889 0 0 31565 0 0 0 2333 44 0 0 0 0 0 0 2 39 0 0 5 0 0 0 0 6 0 0 0 0 0 0 0 29 0 0 1 0 0 118 0 164 0 2 0 0 0 70 0 551 0 7 0 0 0 0 0 0 0 0 0 0 0 0 0 0 0 0 17 0 0 0 1 0 0 0 1 0 0 0 0 0 0 0 0 0 0 0 1 0 0 0 0 0 0 0 0 0 0 0 0 0 
0 1 0 0 8 194 0 0 0 0 0 0 0 0 0 0 21 0 0 0 0 0 0 0 480 1448 0 0 576 0 0 18579 0 0 0 1176 14 0 0 0 0 0 0 0 0 0 0 0 0 0 0 0 4 0 0 0 0 0 0 0 16 0 0 0 0 0 0 0 142 0 0 0 0 0 0 0 373 0 0 0 0 0 0 0 0 0 0 0 0 0 0 0 0 0 0 0 0 0 0 0 0 0 0 0 0 0 0 0 0 0 0 0 0 0 0 0 0 0 0 0 0 0 0 0 0 0 0 0 0 
0 1 0 0 8 194 0 0 0 0 0 0 0 0 0 0 21 0 0 0 0 0 0 0 480 1448 0 0 576 0 0 18579 0 0 0 1176 14 0 0 0 0 0 0 0 0 0 0 0 0 0 0 0 4 0 0 0 0 0 0 0 16 0 0 0 0 0 0 0 142 0 0 0 0 0 0 0 373 0 0 0 0 0 0 0 0 0 0 0 0 0 0 0 0 0 0 0 0 0 0 0 0 0 0 0 0 0 0 0 0 0 0 0 0 0 0 0 0 0 0 0 0 0 0 0 0 0 0 0 0 
0 2 0 0 12 331 0 0 1 0 0 0 0 0 0 0 34 0 0 8 0 0 261 0 840 2249 0 0 778 0 0 27865 0 0 0 1589 18 0 0 0 0 0 0 0 35 0 0 2 0 0 0 0 6 0 0 0 0 0 0 0 18 0 0 0 0 0 0 0 172 0 0 0 0 0 0 0 507 0 0 0 0 0 0 0 0 0 0 0 0 0 0 0 0 0 0 0 0 0 0 0 0 0 0 0 0 0 0 0 0 0 0 0 0 0 0 0 0 0 0 0 0 0 0 0 0 0 0 0 0 
0 3 0 0 21 418 0 0 2 0 1 0 0 0 0 0 63 0 0 17 0 0 532 0 927 3851 0 0 889 0 0 31565 0 0 0 2333 44 0 0 0 0 0 0 2 39 0 0 5 0 0 0 0 6 0 0 0 0 0 0 0 29 0 0 1 0 0 118 0 164 0 2 0 0 0 70 0 551 0 7 0 0 0 0 0 0 0 0 0 0 0 0 0 0 0 0 17 0 0 0 1 0 0 0 1 0 0 0 0 0 0 0 0 0 0 0 1 0 0 0 0 0 0 0 0 0 0 0 0 0 
0 3 0 0 14 417 0 0 0 0 3 0 0 0 0 0 53 0 0 0 0 0 0 0 1126 2639 0 0 671 0 0 31487 0 0 0 1272 30 0 0 0 0 0 0 0 0 0 0 0 0 0 0 0 4 0 0 0 0 0 0 0 11 0 0 0 0 0 361 0 156 0 9 0 0 0 361 0 306 0 9 0 0 0 0 0 0 0 0 0 0 0 0 0 0 0 0 55 0 0 0 1 0 0 0 1 0 0 0 0 0 0 0 0 0 0 0 4 0 0 1 0 0 0 0 0 0 0 0 0 0 
0 2 0 0 12 282 0 0 0 0 1 0 0 0 0 0 42 0 0 0 0 0 0 0 702 2118 0 0 647 0 0 22483 0 0 0 1037 34 0 0 0 0 0 0 0 0 0 0 0 0 0 0 0 3 0 0 0 0 0 0 0 13 0 0 0 0 0 77 0 174 0 7 0 0 0 183 0 222 0 1 0 0 0 0 0 0 0 0 0 0 0 0 0 0 0 0 10 0 0 0 0 0 0 0 2 0 0 0 0 0 0 0 0 0 0 0 1 0 0 0 0 0 0 0 0 0 0 0 0 0 
0 2 0 0 8 256 0 0 1 0 0 0 0 0 0 0 32 0 0 8 0 0 224 0 775 1601 0 0 647 0 0 20572 0 0 0 640 7 0 0 0 0 0 0 0 16 0 0 0 0 0 0 0 5 0 0 0 0 0 0 0 8 0 0 0 0 0 0 0 174 0 0 0 0 0 0 0 247 0 0 0 0 0 0 0 0 0 0 0 0 0 0 0 0 0 0 0 0 0 0 0 0 0 0 0 0 0 0 0 0 0 0 0 0 0 0 0 0 0 0 0 0 0 0 0 0 0 0 0 0 
0 2 0 0 12 282 0 0 0 0 1 0 0 0 0 0 42 0 0 0 0 0 0 0 702 2118 0 0 647 0 0 22483 0 0 0 1037 34 0 0 0 0 0 0 0 0 0 0 0 0 0 0 0 3 0 0 0 0 0 0 0 13 0 0 0 0 0 77 0 174 0 7 0 0 0 183 0 222 0 1 0 0 0 0 0 0 0 0 0 0 0 0 0 0 0 0 10 0 0 0 0 0 0 0 2 0 0 0 0 0 0 0 0 0 0 0 1 0 0 0 0 0 0 0 0 0 0 0 0 0 
0 1 0 0 3 195 0 0 0 0 0 0 0 0 0 0 16 0 0 0 0 0 0 0 599 469 0 0 647 0 0 18742 0 0 0 411 2 0 0 0 0 0 0 0 0 0 0 0 0 0 0 0 5 0 0 0 0 0 0 0 1 0 0 0 0 0 0 0 174 0 0 0 0 0 0 0 171 0 0 0 0 0 0 0 0 0 0 0 0 0 0 0 0 0 0 0 0 0 0 0 0 0 0 0 0 0 0 0 0 0 0 0 0 0 0 0 0 0 0 0 0 0 0 0 0 0 0 0 0 
0 2 0 0 12 282 0 0 0 0 1 0 0 0 0 0 42 0 0 0 0 0 0 0 702 2118 0 0 647 0 0 22483 0 0 0 1037 34 0 0 0 0 0 0 0 0 0 0 0 0 0 0 0 3 0 0 0 0 0 0 0 13 0 0 0 0 0 77 0 174 0 7 0 0 0 183 0 222 0 1 0 0 0 0 0 0 0 0 0 0 0 0 0 0 0 0 10 0 0 0 0 0 0 0 2 0 0 0 0 0 0 0 0 0 0 0 1 0 0 0 0 0 0 0 0 0 0 0 0 0 
0 1 0 0 3 195 0 0 0 0 0 0 0 0 0 0 16 0 0 0 0 0 0 0 599 469 0 0 647 0 0 18742 0 0 0 411 2 0 0 0 0 0 0 0 0 0 0 0 0 0 0 0 5 0 0 0 0 0 0 0 1 0 0 0 0 0 0 0 174 0 0 0 0 0 0 0 171 0 0 0 0 0 0 0 0 0 0 0 0 0 0 0 0 0 0 0 0 0 0 0 0 0 0 0 0 0 0 0 0 0 0 0 0 0 0 0 0 0 0 0 0 0 0 0 0 0 0 0 0 
0 2 0 0 12 282 0 0 0 0 1 0 0 0 0 0 42 0 0 0 0 0 0 0 702 2118 0 0 647 0 0 22483 0 0 0 1037 34 0 0 0 0 0 0 0 0 0 0 0 0 0 0 0 3 0 0 0 0 0 0 0 13 0 0 0 0 0 77 0 174 0 7 0 0 0 183 0 222 0 1 0 0 0 0 0 0 0 0 0 0 0 0 0 0 0 0 10 0 0 0 0 0 0 0 2 0 0 0 0 0 0 0 0 0 0 0 1 0 0 0 0 0 0 0 0 0 0 0 0 0 
0 1 0 0 3 195 0 0 0 0 0 0 0 0 0 0 16 0 0 0 0 0 0 0 599 469 0 0 647 0 0 18742 0 0 0 411 2 0 0 0 0 0 0 0 0 0 0 0 0 0 0 0 5 0 0 0 0 0 0 0 1 0 0 0 0 0 0 0 174 0 0 0 0 0 0 0 171 0 0 0 0 0 0 0 0 0 0 0 0 0 0 0 0 0 0 0 0 0 0 0 0 0 0 0 0 0 0 0 0 0 0 0 0 0 0 0 0 0 0 0 0 0 0 0 0 0 0 0 0 
0 2 0 0 12 282 0 0 0 0 1 0 0 0 0 0 42 0 0 0 0 0 0 0 702 2118 0 0 647 0 0 22483 0 0 0 1037 34 0 0 0 0 0 0 0 0 0 0 0 0 0 0 0 3 0 0 0 0 0 0 0 13 0 0 0 0 0 77 0 174 0 7 0 0 0 183 0 222 0 1 0 0 0 0 0 0 0 0 0 0 0 0 0 0 0 0 10 0 0 0 0 0 0 0 2 0 0 0 0 0 0 0 0 0 0 0 1 0 0 0 0 0 0 0 0 0 0 0 0 0 
0 1 0 0 3 195 0 0 0 0 0 0 0 0 0 0 16 0 0 0 0 0 0 0 599 469 0 0 647 0 0 18742 0 0 0 411 2 0 0 0 0 0 0 0 0 0 0 0 0 0 0 0 5 0 0 0 0 0 0 0 1 0 0 0 0 0 0 0 174 0 0 0 0 0 0 0 171 0 0 0 0 0 0 0 0 0 0 0 0 0 0 0 0 0 0 0 0 0 0 0 0 0 0 0 0 0 0 0 0 0 0 0 0 0 0 0 0 0 0 0 0 0 0 0 0 0 0 0 0 
0 1 0 0 3 195 0 0 0 0 0 0 0 0 0 0 16 0 0 0 0 0 0 0 599 469 0 0 647 0 0 18742 0 0 0 411 2 0 0 0 0 0 0 0 0 0 0 0 0 0 0 0 5 0 0 0 0 0 0 0 1 0 0 0 0 0 0 0 174 0 0 0 0 0 0 0 171 0 0 0 0 0 0 0 0 0 0 0 0 0 0 0 0 0 0 0 0 0 0 0 0 0 0 0 0 0 0 0 0 0 0 0 0 0 0 0 0 0 0 0 0 0 0 0 0 0 0 0 0 
0 2 0 0 13 224 0 0 0 0 1 0 0 0 0 0 44 0 0 0 0 0 0 0 529 2413 0 0 315 0 0 12986 0 0 0 1157 30 0 0 0 0 0 0 0 0 0 0 0 0 0 0 0 2 0 0 0 0 0 0 0 13 0 0 0 0 0 118 0 22 0 2 0 0 0 70 0 178 0 7 0 0 0 0 0 0 0 0 0 0 0 0 0 0 0 0 17 0 0 0 1 0 0 0 1 0 0 0 0 0 0 0 0 0 0 0 1 0 0 0 0 0 0 0 0 0 0 0 0 0 
0 3 0 0 18 285 0 0 2 0 1 0 0 0 0 0 60 0 0 17 0 0 326 0 715 3539 0 0 315 0 0 14816 0 0 0 1386 35 0 0 0 0 0 0 0 10 0 0 3 0 0 0 0 2 0 0 0 0 0 0 0 20 0 0 1 0 0 118 0 22 0 2 0 0 0 70 0 254 0 7 0 0 0 0 0 0 0 0 0 0 0 0 0 0 0 0 17 0 0 0 1 0 0 0 1 0 0 0 0 0 0 0 0 0 0 0 1 0 0 0 0 0 0 0 0 0 0 0 0 0 
0 1 0 0 4 137 0 0 0 0 0 0 0 0 0 0 13 0 0 0 0 0 0 0 432 805 0 0 202 0 0 9286 0 0 0 413 4 0 0 0 0 0 0 0 0 0 0 0 0 0 0 0 2 0 0 0 0 0 0 0 2 0 0 0 0 0 0 0 30 0 0 0 0 0 0 0 134 0 0 0 0 0 0 0 0 0 0 0 0 0 0 0 0 0 0 0 0 0 0 0 0 0 0 0 0 0 0 0 0 0 0 0 0 0 0 0 0 0 0 0 0 0 0 0 0 0 0 0 0 
0 1 0 0 4 137 0 0 0 0 0 0 0 0 0 0 13 0 0 0 0 0 0 0 432 805 0 0 202 0 0 9286 0 0 0 413 4 0 0 0 0 0 0 0 0 0 0 0 0 0 0 0 2 0 0 0 0 0 0 0 2 0 0 0 0 0 0 0 30 0 0 0 0 0 0 0 134 0 0 0 0 0 0 0 0 0 0 0 0 0 0 0 0 0 0 0 0 0 0 0 0 0 0 0 0 0 0 0 0 0 0 0 0 0 0 0 0 0 0 0 0 0 0 0 0 0 0 0 0 
0 1 0 0 4 137 0 0 0 0 0 0 0 0 0 0 13 0 0 0 0 0 0 0 432 805 0 0 202 0 0 9286 0 0 0 413 4 0 0 0 0 0 0 0 0 0 0 0 0 0 0 0 2 0 0 0 0 0 0 0 2 0 0 0 0 0 0 0 30 0 0 0 0 0 0 0 134 0 0 0 0 0 0 0 0 0 0 0 0 0 0 0 0 0 0 0 0 0 0 0 0 0 0 0 0 0 0 0 0 0 0 0 0 0 0 0 0 0 0 0 0 0 0 0 0 0 0 0 0 
0 1 0 0 4 137 0 0 0 0 0 0 0 0 0 0 13 0 0 0 0 0 0 0 432 805 0 0 202 0 0 9286 0 0 0 413 4 0 0 0 0 0 0 0 0 0 0 0 0 0 0 0 2 0 0 0 0 0 0 0 2 0 0 0 0 0 0 0 30 0 0 0 0 0 0 0 134 0 0 0 0 0 0 0 0 0 0 0 0 0 0 0 0 0 0 0 0 0 0 0 0 0 0 0 0 0 0 0 0 0 0 0 0 0 0 0 0 0 0 0 0 0 0 0 0 0 0 0 0 
0 1 0 0 4 137 0 0 0 0 0 0 0 0 0 0 13 0 0 0 0 0 0 0 432 805 0 0 202 0 0 9286 0 0 0 413 4 0 0 0 0 0 0 0 0 0 0 0 0 0 0 0 2 0 0 0 0 0 0 0 2 0 0 0 0 0 0 0 30 0 0 0 0 0 0 0 134 0 0 0 0 0 0 0 0 0 0 0 0 0 0 0 0 0 0 0 0 0 0 0 0 0 0 0 0 0 0 0 0 0 0 0 0 0 0 0 0 0 0 0 0 0 0 0 0 0 0 0 0 
0 1 0 0 4 137 0 0 0 0 0 0 0 0 0 0 13 0 0 0 0 0 0 0 432 805 0 0 202 0 0 9286 0 0 0 413 4 0 0 0 0 0 0 0 0 0 0 0 0 0 0 0 2 0 0 0 0 0 0 0 2 0 0 0 0 0 0 0 30 0 0 0 0 0 0 0 134 0 0 0 0 0 0 0 0 0 0 0 0 0 0 0 0 0 0 0 0 0 0 0 0 0 0 0 0 0 0 0 0 0 0 0 0 0 0 0 0 0 0 0 0 0 0 0 0 0 0 0 0 
0 2 0 0 13 224 0 0 0 0 1 0 0 0 0 0 44 0 0 0 0 0 0 0 529 2413 0 0 315 0 0 12986 0 0 0 1157 30 0 0 0 0 0 0 0 0 0 0 0 0 0 0 0 2 0 0 0 0 0 0 0 13 0 0 0 0 0 118 0 22 0 2 0 0 0 70 0 178 0 7 0 0 0 0 0 0 0 0 0 0 0 0 0 0 0 0 17 0 0 0 1 0 0 0 1 0 0 0 0 0 0 0 0 0 0 0 1 0 0 0 0 0 0 0 0 0 0 0 0 0 
0 1 0 0 4 137 0 0 0 0 0 0 0 0 0 0 13 0 0 0 0 0 0 0 432 805 0 0 202 0 0 9286 0 0 0 413 4 0 0 0 0 0 0 0 0 0 0 0 0 0 0 0 2 0 0 0 0 0 0 0 2 0 0 0 0 0 0 0 30 0 0 0 0 0 0 0 134 0 0 0 0 0 0 0 0 0 0 0 0 0 0 0 0 0 0 0 0 0 0 0 0 0 0 0 0 0 0 0 0 0 0 0 0 0 0 0 0 0 0 0 0 0 0 0 0 0 0 0 0 
0 2 0 0 13 224 0 0 0 0 1 0 0 0 0 0 44 0 0 0 0 0 0 0 529 2413 0 0 315 0 0 12986 0 0 0 1157 30 0 0 0 0 0 0 0 0 0 0 0 0 0 0 0 2 0 0 0 0 0 0 0 13 0 0 0 0 0 118 0 22 0 2 0 0 0 70 0 178 0 7 0 0 0 0 0 0 0 0 0 0 0 0 0 0 0 0 17 0 0 0 1 0 0 0 1 0 0 0 0 0 0 0 0 0 0 0 1 0 0 0 0 0 0 0 0 0 0 0 0 0 
0 1 0 0 4 137 0 0 0 0 0 0 0 0 0 0 13 0 0 0 0 0 0 0 432 805 0 0 202 0 0 9286 0 0 0 413 4 0 0 0 0 0 0 0 0 0 0 0 0 0 0 0 2 0 0 0 0 0 0 0 2 0 0 0 0 0 0 0 30 0 0 0 0 0 0 0 134 0 0 0 0 0 0 0 0 0 0 0 0 0 0 0 0 0 0 0 0 0 0 0 0 0 0 0 0 0 0 0 0 0 0 0 0 0 0 0 0 0 0 0 0 0 0 0 0 0 0 0 0 
0 3 0 0 19 243 0 0 2 0 1 0 0 0 0 0 75 0 0 19 0 0 238 0 558 3548 0 0 315 0 0 13157 0 0 0 1256 37 0 0 0 0 0 0 0 12 0 0 3 0 0 0 0 2 0 0 0 0 0 0 0 22 0 0 1 0 0 118 0 22 0 2 0 0 0 70 0 193 0 7 0 0 0 0 0 0 0 0 0 0 0 0 0 0 0 0 17 0 0 0 1 0 0 0 1 0 0 0 0 0 0 0 0 0 0 0 1 0 0 0 0 0 0 0 0 0 0 0 0 0 
0 2 0 0 13 224 0 0 0 0 1 0 0 0 0 0 44 0 0 0 0 0 0 0 529 2413 0 0 315 0 0 12986 0 0 0 1157 30 0 0 0 0 0 0 0 0 0 0 0 0 0 0 0 2 0 0 0 0 0 0 0 13 0 0 0 0 0 118 0 22 0 2 0 0 0 70 0 178 0 7 0 0 0 0 0 0 0 0 0 0 0 0 0 0 0 0 17 0 0 0 1 0 0 0 1 0 0 0 0 0 0 0 0 0 0 0 1 0 0 0 0 0 0 0 0 0 0 0 0 0 
0 2 0 0 13 224 0 0 0 0 1 0 0 0 0 0 44 0 0 0 0 0 0 0 529 2413 0 0 315 0 0 12986 0 0 0 1157 30 0 0 0 0 0 0 0 0 0 0 0 0 0 0 0 2 0 0 0 0 0 0 0 13 0 0 0 0 0 118 0 22 0 2 0 0 0 70 0 178 0 7 0 0 0 0 0 0 0 0 0 0 0 0 0 0 0 0 17 0 0 0 1 0 0 0 1 0 0 0 0 0 0 0 0 0 0 0 1 0 0 0 0 0 0 0 0 0 0 0 0 0 
0 1 0 0 4 137 0 0 0 0 0 0 0 0 0 0 13 0 0 0 0 0 0 0 432 805 0 0 202 0 0 9286 0 0 0 413 4 0 0 0 0 0 0 0 0 0 0 0 0 0 0 0 2 0 0 0 0 0 0 0 2 0 0 0 0 0 0 0 30 0 0 0 0 0 0 0 134 0 0 0 0 0 0 0 0 0 0 0 0 0 0 0 0 0 0 0 0 0 0 0 0 0 0 0 0 0 0 0 0 0 0 0 0 0 0 0 0 0 0 0 0 0 0 0 0 0 0 0 0 
0 1 0 0 4 88 0 0 0 0 0 0 0 0 0 0 20 0 0 0 0 0 0 0 428 307 0 0 283 0 0 3805 0 0 0 304 4 0 0 0 0 0 0 0 0 0 0 0 0 0 0 0 2 0 0 0 0 0 0 0 2 0 0 0 0 0 0 0 23 0 0 0 0 0 0 0 47 0 0 0 0 0 0 0 0 0 0 0 0 0 0 0 0 0 0 0 0 0 0 0 0 0 0 0 0 0 0 0 0 0 0 0 0 0 0 0 0 0 0 0 0 0 0 0 0 0 0 0 0 
0 2 0 0 13 175 0 0 0 0 1 0 0 0 0 0 49 0 0 0 0 0 0 0 524 1949 0 0 380 0 0 7539 0 0 0 1030 29 0 0 0 0 0 0 0 0 0 0 0 0 0 0 0 4 0 0 0 0 0 0 0 14 0 0 0 0 0 84 0 30 0 4 0 0 0 86 0 107 0 8 0 0 0 0 0 0 0 0 0 0 0 0 0 0 0 0 2 0 0 0 1 0 0 0 0 0 0 0 0 0 0 0 0 0 0 0 0 0 0 0 0 0 0 0 0 0 0 0 0 0 
0 2 0 0 14 122 0 0 0 0 1 0 0 0 0 0 44 0 0 0 0 0 0 0 235 2684 0 0 429 0 0 4368 0 0 0 858 31 0 0 0 0 0 0 0 0 0 0 0 0 0 0 0 3 0 0 0 0 0 0 0 17 0 0 0 0 0 33 0 21 0 4 0 0 0 87 0 102 0 8 0 0 0 0 0 0 0 0 0 0 0 0 0 0 0 0 1 0 0 0 0 0 0 0 0 0 0 0 0 0 0 0 0 0 0 0 1 0 0 0 0 0 0 0 0 0 0 0 0 0 
0 2 0 0 15 149 0 0 1 0 0 0 0 0 0 0 49 0 0 9 0 0 143 0 306 2852 0 0 183 0 0 5647 0 0 0 1044 38 0 0 0 0 0 0 0 3 0 0 3 0 0 0 0 2 0 0 0 0 0 0 0 20 0 0 0 0 0 0 0 11 0 0 0 0 0 0 0 139 0 0 0 0 0 0 0 0 0 0 0 0 0 0 0 0 0 0 0 0 0 0 0 0 0 0 0 0 0 0 0 0 0 0 0 0 0 0 0 0 0 0 0 0 0 0 0 0 0 0 0 0 
0 1 0 0 5 61 0 0 0 0 0 0 0 0 0 0 16 0 0 0 0 0 0 0 210 1132 0 0 0 0 0 1830 0 0 0 229 5 0 0 0 0 0 0 0 0 0 0 0 0 0 0 0 0 0 0 0 0 0 0 0 7 0 0 0 0 0 0 0 0 0 0 0 0 0 0 0 76 0 0 0 0 0 0 0 0 0 0 0 0 0 0 0 0 0 0 0 0 0 0 0 0 0 0 0 0 0 0 0 0 0 0 0 0 0 0 0 0 0 0 0 0 0 0 0 0 0 0 0 0 
0 1 0 0 5 61 0 0 0 0 0 0 0 0 0 0 16 0 0 0 0 0 0 0 210 1132 0 0 0 0 0 1830 0 0 0 229 5 0 0 0 0 0 0 0 0 0 0 0 0 0 0 0 0 0 0 0 0 0 0 0 7 0 0 0 0 0 0 0 0 0 0 0 0 0 0 0 76 0 0 0 0 0 0 0 0 0 0 0 0 0 0 0 0 0 0 0 0 0 0 0 0 0 0 0 0 0 0 0 0 0 0 0 0 0 0 0 0 0 0 0 0 0 0 0 0 0 0 0 0 
0 1 0 0 10 88 0 0 0 0 0 0 0 0 0 0 33 0 0 0 0 0 0 0 104 1726 0 0 183 0 0 3817 0 0 0 815 33 0 0 0 0 0 0 0 0 0 0 0 0 0 0 0 2 0 0 0 0 0 0 0 13 0 0 0 0 0 0 0 11 0 0 0 0 0 0 0 63 0 0 0 0 0 0 0 0 0 0 0 0 0 0 0 0 0 0 0 0 0 0 0 0 0 0 0 0 0 0 0 0 0 0 0 0 0 0 0 0 0 0 0 0 0 0 0 0 0 0 0 0 
0 2 0 0 16 107 0 0 1 0 0 0 0 0 0 0 64 0 0 10 0 0 95 0 147 2861 0 0 183 0 0 3988 0 0 0 914 40 0 0 0 0 0 0 0 6 0 0 3 0 0 0 0 2 0 0 0 0 0 0 0 22 0 0 0 0 0 0 0 11 0 0 0 0 0 0 0 78 0 0 0 0 0 0 0 0 0 0 0 0 0 0 0 0 0 0 0 0 0 0 0 0 0 0 0 0 0 0 0 0 0 0 0 0 0 0 0 0 0 0 0 0 0 0 0 0 0 0 0 0 
0 1 0 0 10 88 0 0 0 0 0 0 0 0 0 0 33 0 0 0 0 0 0 0 104 1726 0 0 183 0 0 3817 0 0 0 815 33 0 0 0 0 0 0 0 0 0 0 0 0 0 0 0 2 0 0 0 0 0 0 0 13 0 0 0 0 0 0 0 11 0 0 0 0 0 0 0 63 0 0 0 0 0 0 0 0 0 0 0 0 0 0 0 0 0 0 0 0 0 0 0 0 0 0 0 0 0 0 0 0 0 0 0 0 0 0 0 0 0 0 0 0 0 0 0 0 0 0 0 0 
0 1 0 0 10 88 0 0 0 0 0 0 0 0 0 0 33 0 0 0 0 0 0 0 104 1726 0 0 183 0 0 3817 0 0 0 815 33 0 0 0 0 0 0 0 0 0 0 0 0 0 0 0 2 0 0 0 0 0 0 0 13 0 0 0 0 0 0 0 11 0 0 0 0 0 0 0 63 0 0 0 0 0 0 0 0 0 0 0 0 0 0 0 0 0 0 0 0 0 0 0 0 0 0 0 0 0 0 0 0 0 0 0 0 0 0 0 0 0 0 0 0 0 0 0 0 0 0 0 0 
0 1 0 0 10 88 0 0 0 0 0 0 0 0 0 0 33 0 0 0 0 0 0 0 104 1726 0 0 183 0 0 3817 0 0 0 815 33 0 0 0 0 0 0 0 0 0 0 0 0 0 0 0 2 0 0 0 0 0 0 0 13 0 0 0 0 0 0 0 11 0 0 0 0 0 0 0 63 0 0 0 0 0 0 0 0 0 0 0 0 0 0 0 0 0 0 0 0 0 0 0 0 0 0 0 0 0 0 0 0 0 0 0 0 0 0 0 0 0 0 0 0 0 0 0 0 0 0 0 0 
0 1 0 0 10 88 0 0 0 0 0 0 0 0 0 0 33 0 0 0 0 0 0 0 104 1726 0 0 183 0 0 3817 0 0 0 815 33 0 0 0 0 0 0 0 0 0 0 0 0 0 0 0 2 0 0 0 0 0 0 0 13 0 0 0 0 0 0 0 11 0 0 0 0 0 0 0 63 0 0 0 0 0 0 0 0 0 0 0 0 0 0 0 0 0 0 0 0 0 0 0 0 0 0 0 0 0 0 0 0 0 0 0 0 0 0 0 0 0 0 0 0 0 0 0 0 0 0 0 0 
0 1 0 0 10 88 0 0 0 0 0 0 0 0 0 0 33 0 0 0 0 0 0 0 104 1726 0 0 183 0 0 3817 0 0 0 815 33 0 0 0 0 0 0 0 0 0 0 0 0 0 0 0 2 0 0 0 0 0 0 0 13 0 0 0 0 0 0 0 11 0 0 0 0 0 0 0 63 0 0 0 0 0 0 0 0 0 0 0 0 0 0 0 0 0 0 0 0 0 0 0 0 0 0 0 0 0 0 0 0 0 0 0 0 0 0 0 0 0 0 0 0 0 0 0 0 0 0 0 0 
0 2 0 0 18 128 0 0 1 0 0 0 0 0 0 0 62 0 0 10 0 0 114 0 207 3640 0 0 199 0 0 4593 0 0 0 1096 48 0 0 0 0 0 0 0 7 0 0 4 0 0 0 0 2 0 0 0 0 0 0 0 27 0 0 0 0 0 0 0 15 0 0 0 0 0 0 0 102 0 0 0 0 0 0 0 0 0 0 0 0 0 0 0 0 0 0 0 0 0 0 0 0 0 0 0 0 0 0 0 0 0 0 0 0 0 0 0 0 0 0 0 0 0 0 0 0 0 0 0 0 
0 1 0 0 10 88 0 0 0 0 0 0 0 0 0 0 33 0 0 0 0 0 0 0 104 1726 0 0 183 0 0 3817 0 0 0 815 33 0 0 0 0 0 0 0 0 0 0 0 0 0 0 0 2 0 0 0 0 0 0 0 13 0 0 0 0 0 0 0 11 0 0 0 0 0 0 0 63 0 0 0 0 0 0 0 0 0 0 0 0 0 0 0 0 0 0 0 0 0 0 0 0 0 0 0 0 0 0 0 0 0 0 0 0 0 0 0 0 0 0 0 0 0 0 0 0 0 0 0 0 
0 1 0 0 10 88 0 0 0 0 0 0 0 0 0 0 33 0 0 0 0 0 0 0 104 1726 0 0 183 0 0 3817 0 0 0 815 33 0 0 0 0 0 0 0 0 0 0 0 0 0 0 0 2 0 0 0 0 0 0 0 13 0 0 0 0 0 0 0 11 0 0 0 0 0 0 0 63 0 0 0 0 0 0 0 0 0 0 0 0 0 0 0 0 0 0 0 0 0 0 0 0 0 0 0 0 0 0 0 0 0 0 0 0 0 0 0 0 0 0 0 0 0 0 0 0 0 0 0 0 
0 1 0 0 10 88 0 0 0 0 0 0 0 0 0 0 33 0 0 0 0 0 0 0 104 1726 0 0 183 0 0 3817 0 0 0 815 33 0 0 0 0 0 0 0 0 0 0 0 0 0 0 0 2 0 0 0 0 0 0 0 13 0 0 0 0 0 0 0 11 0 0 0 0 0 0 0 63 0 0 0 0 0 0 0 0 0 0 0 0 0 0 0 0 0 0 0 0 0 0 0 0 0 0 0 0 0 0 0 0 0 0 0 0 0 0 0 0 0 0 0 0 0 0 0 0 0 0 0 0 
0 1 0 0 10 88 0 0 0 0 0 0 0 0 0 0 33 0 0 0 0 0 0 0 104 1726 0 0 183 0 0 3817 0 0 0 815 33 0 0 0 0 0 0 0 0 0 0 0 0 0 0 0 2 0 0 0 0 0 0 0 13 0 0 0 0 0 0 0 11 0 0 0 0 0 0 0 63 0 0 0 0 0 0 0 0 0 0 0 0 0 0 0 0 0 0 0 0 0 0 0 0 0 0 0 0 0 0 0 0 0 0 0 0 0 0 0 0 0 0 0 0 0 0 0 0 0 0 0 0 
0 1 0 0 10 88 0 0 0 0 0 0 0 0 0 0 33 0 0 0 0 0 0 0 104 1726 0 0 183 0 0 3817 0 0 0 815 33 0 0 0 0 0 0 0 0 0 0 0 0 0 0 0 2 0 0 0 0 0 0 0 13 0 0 0 0 0 0 0 11 0 0 0 0 0 0 0 63 0 0 0 0 0 0 0 0 0 0 0 0 0 0 0 0 0 0 0 0 0 0 0 0 0 0 0 0 0 0 0 0 0 0 0 0 0 0 0 0 0 0 0 0 0 0 0 0 0 0 0 0 
0 1 0 0 10 88 0 0 0 0 0 0 0 0 0 0 33 0 0 0 0 0 0 0 104 1726 0 0 183 0 0 3817 0 0 0 815 33 0 0 0 0 0 0 0 0 0 0 0 0 0 0 0 2 0 0 0 0 0 0 0 13 0 0 0 0 0 0 0 11 0 0 0 0 0 0 0 63 0 0 0 0 0 0 0 0 0 0 0 0 0 0 0 0 0 0 0 0 0 0 0 0 0 0 0 0 0 0 0 0 0 0 0 0 0 0 0 0 0 0 0 0 0 0 0 0 0 0 0 0 
0 1 0 0 6 19 0 0 0 0 0 0 0 0 0 0 31 0 0 0 0 0 0 0 57 1141 0 0 0 0 0 171 0 0 0 99 7 0 0 0 0 0 0 0 0 0 0 0 0 0 0 0 0 0 0 0 0 0 0 0 9 0 0 0 0 0 0 0 0 0 0 0 0 0 0 0 15 0 0 0 0 0 0 0 0 0 0 0 0 0 0 0 0 0 0 0 0 0 0 0 0 0 0 0 0 0 0 0 0 0 0 0 0 0 0 0 0 0 0 0 0 0 0 0 0 0 0 0 0 
0 1 0 0 8 40 0 0 0 0 0 0 0 0 0 0 29 0 0 0 0 0 0 0 119 1922 0 0 16 0 0 776 0 0 0 281 15 0 0 0 0 0 0 0 0 0 0 0 0 0 0 0 0 0 0 0 0 0 0 0 14 0 0 0 0 0 0 0 4 0 0 0 0 0 0 0 39 0 0 0 0 0 0 0 0 0 0 0 0 0 0 0 0 0 0 0 0 0 0 0 0 0 0 0 0 0 0 0 0 0 0 0 0 0 0 0 0 0 0 0 0 0 0 0 0 0 0 0 0 
