{"FLVCR2": [873.6080989354566, 694.1941943244633], "SYNPO": [965.9928068667821, 661.664474430524], "NRCAM": [704.0455199282064, 546.0709949975274], "EPB41L4B": [14.738644373765226, 381.2732495378567], "SCG2": [928.7183756974966, 607.5801900293039], "CD36": [609.411807282761, 435.90161191697905], "RAPGEF4": [593.6360664760175, 521.4367606568466], "B2M": [23.364028716983285, 357.1294170060546], "INSRR": [685.6111090756791, 472.0352449323346], "ATP2C2": [584.9638230726869, 568.9727109521172], "TMOD1": [671.7004187178584, 611.7697220180193], "ZNF702P": [992.9568233347866, 609.7933639450983], "CR627206": [608.9217859811354, 454.149411019079], "ADAMTS5": [664.0853583713642, 583.5420383184447], "BCRP3": [42.73524406528503, 367.59242902525574], "LINGO3": [89.04106609682964, 310.3171377625864], "NTNG2": [735.0599467131262, 515.7368435126024], "NALCN": [154.71901548690582, 310.622689053141], "FSTL4": [658.1438681219313, 480.90901588719066], "CCSER1": [596.1366001469169, 447.17375647402275], "ADRA2B": [9.177264458726825, 399.3230584451029], "PTGER3": [86.48427984046873, 441.8631130668267], "DLGAP3": [572.2871842900676, 504.424107101033], "TPPP3": [28.71256041621149, 373.30926118372633], "DCX": [906.4404233854414, 721.7790768270168], "ARHGAP24": [7.397101362185879, 361.8996499860019], "EDN3": [136.9976809695391, 436.42608451345086], "LRRC73": [984.2238135934817, 662.9049184532025], "WDR66": [773.5034428263057, 580.3438235909829], "PRX": [101.31745981271723, 445.35608016223], "GRIN2D": [47.96245039888572, 300.9376916781168], "SLITRK6": [923.4059098573614, 705.6876898639932], "FAM19A3": [882.0266022447904, 706.3177684767376], "SCG3": [930.756200106726, 631.2864789951892], "CTSE": [125.93568826062057, 392.03715410719707], "LEFTY1": [94.88603144247367, 296.5499875203524], "NEGR1": [160.26130984378344, 324.737568986285], "HTR7": [94.04313919025134, 277.2464638813319], "MEG3": [713.1660842725681, 449.0735926985398], "OCA2": [161.47624777551687, 354.5388971349489], "SULT1E1": [24.03817854939564, 323.19617527184295], "NEAT1": [722.2075970288253, 514.5212371280207], "TSPAN8": [29.684156491766373, 391.97621065534554], "SLC15A1": [918.2731636973301, 656.2844624583302], "MUC13": [145.9098997859958, 298.0108873633538], "DKFZp586G0322": [344.7897182587765, 442.0671012976495], "NKX6-1": [984.1036988379294, 635.1800485458489], "AK097288": [564.2540220664426, 544.0621931060753], "CXCL6": [139.79477531825268, 375.088884916712], "ROBO2": [608.044861511086, 549.4256406150404], "TFPI2": [36.459000412556975, 351.2279922301764], "DQ575504": [220.10928326987468, 418.5667698934933], "CYP26A1": [157.26642267421954, 384.43851886988597], "GOLGA8A": [678.5090212088965, 515.8807036684304], "NTS": [735.3796009129342, 496.6757075458557], "SLC30A8": [615.4917291210444, 593.6228581043488], "ENOX1": [26.444881414091867, 410.7625049871899], "IGF2": [107.67659775609667, 276.8252807277519], "HCN2": [80.77296608233587, 277.6548312958655], "IL10RA": [696.6793264697052, 484.81265857408863], "ELAVL2": [89.35863898035598, 458.0414169186132], "GRIA2": [931.9751543247162, 670.6841867684252], "GABRG2": [889.8154046982172, 675.3960713712903], "RASSF4": [597.2642411044097, 536.7111207077438], "SOD3": [627.5651107925319, 614.988875306377], "GMNN": [672.2082166085333, 495.2995537987886], "TTC6": [39.804051625342254, 407.05142520010133], "CNTN5": [921.9582695430684, 723.1747192722481], "CHL1": [938.3255470431436, 721.3041994375111], "EDNRB": [115.07082451232924, 451.4773789921221], "PNMA2": [645.7389075930002, 456.0085920547626], "ARNTL": [11.919763160838784, 344.2058251707724], "ADAMTSL1": [634.9785032354133, 582.7838562244233], "CCNE2": [79.966543250038, 416.2737213648235], "PLAC8": [227.24160531131227, 402.4706172374722], "PAMR1": [179.9507992308069, 368.6435591110562], "PCDHB6": [698.1628190614321, 456.4427997144616], "IGSF10": [947.4791142722702, 668.1359731707955], "PALMD": [708.7421045402564, 468.51385872779423], "RUNX1": [619.8259061208863, 560.9302488417499], "PIK3AP1": [683.849941556229, 447.90444870825473], "PPP1R14C": [628.9443151673337, 465.6127514911966], "DSEL": [597.2541955634279, 487.6949112731386], "DCHS2": [574.4003446945328, 467.60683269647114], "GFOD1": [911.710238148677, 674.046270793144], "PALM2": [984.8203579307594, 592.5845643463005], "HOXB3": [686.7858058141762, 533.7499954135676], "PRICKLE2-AS1": [620.3084194021594, 490.7041893718433], "KCNK10": [670.4197581696901, 438.89710997503516], "LMX1B": [975.642772043841, 674.5937483418193], "RHOJ": [920.7778288728468, 575.7100798929533], "SAMD15": [669.5995514752037, 560.503908999698], "GOLGA6C": [22.59031932002523, 309.6901216771464], "MMD2": [730.8924083814511, 477.3887122702323], "PPP1R3C": [146.19593235482733, 407.47304520575557], "WNT1": [29.687015362995396, 436.0073656306581], "DCDC2": [589.1239817839296, 457.22679107403064], "AK096314": [5.684341886080802e-14, 372.91664307321395], "KCNH1": [674.1393427973774, 459.58305440797744], "ETV4": [612.5470750480321, 475.0345463989063], "TNP1": [957.3177898936492, 627.1037499507835], "SLC19A2": [57.15502564654116, 338.29201714451415], "ST8SIA5": [68.56602656686232, 308.2900204355276], "NOG": [730.7814872045687, 534.0909331299026], "ST8SIA3": [61.222998200775464, 293.71894840804066], "TNFAIP3": [961.4747957387835, 643.8924014684163], "TNFAIP2": [695.6060643207293, 596.9163264678856], "SNCG": [43.97526171154857, 286.8211898559369], "SHISA7": [657.8216247291539, 603.048974301681], "ELOVL2": [43.436915488289856, 439.49468307634896], "DEPTOR": [218.32683574985788, 406.00697341777214], "OLIG3": [718.6319319493739, 482.1131416034137], "KRT81": [671.6280869196264, 425.5341117125288], "SCTR": [681.878755986005, 587.0056596117879], "SLC26A4": [628.5896835143511, 600.7067771495128], "AGTR1": [1.7049371198704648, 387.7498511082863], "RXFP3": [635.9390081152894, 564.1086466693201], "FOXC1": [901.5690776307242, 634.0172481664688], "IL20RA": [942.2834086360763, 687.1378221708994], "CLDN10": [96.38347971280723, 420.26343358318377], "FJX1": [637.9023382670161, 479.02160614901834], "EPHA8": [2.419908717755675, 351.33794871223404], "CCDC50": [973.4413455435374, 702.3463855117523], "PXDNL": [948.0991108823589, 569.1731281158108], "SMN1": [609.6117589693404, 608.8477865359547], "ME3": [136.1013128736629, 318.2602005254218], "LHFPL4": [958.0479561247682, 682.8831834699239], "IL1A": [118.02388699564915, 284.9973831939563], "ITIH4": [109.58540999014173, 297.9371698634005], "SH3GL3": [67.26414690171197, 381.8527678287427], "MLF1": [133.73104799559832, 289.5598440925467], "STAT4": [41.31528459453409, 328.49393987000815], "FZD4": [873.1774217935476, 677.7200367999058], "STAT1": [60.17783707740273, 321.53640252373276], "PSD2": [609.3744437082185, 509.74048260321354], "MECOM": [127.62821536964054, 304.248786967109], "UNC79": [953.7478225948942, 593.6615853521383], "CHRNB2": [624.1948092605992, 428.95089635398557], "BC021061": [560.2993128092814, 513.3930486920816], "ELL2": [65.34215391015488, 456.0764207553349], "CITED1": [653.040264969628, 427.72274196721827], "CHST6": [639.4716892706805, 424.0854124720837], "CADM2": [997.3809898365676, 664.425400375354], "SUCNR1": [648.3172451582642, 616.3099477549472], "NLGN3": [977.4505777919685, 623.2715784459068], "RPS6KL1": [56.391099929663994, 445.7809661216632], "PLA2R1": [973.810740204636, 580.9983467444428], "COL9A2": [110.44090887091562, 407.4882283550442], "COL9A3": [624.8924580745296, 445.80377912426843], "MAST1": [135.11477571612878, 335.7032566630369], "NLRP3": [157.13327619742307, 339.4963129835736], "SATB2": [682.6593358215474, 570.1180908069176], "ADAM28": [698.0054291525221, 578.1181426124695], "SLC6A12": [600.7176054449737, 589.7225907303787], "LRIG3": [102.91773297001384, 328.0366420974269], "CCL2": [49.559360682568354, 386.08939932311324], "SLC8A3": [594.0221682631152, 600.0259831824561], "DUSP6": [164.6951114402494, 419.5513447428791], "SLC17A8": [908.267532503429, 686.6125904296355], "ARID5A": [581.4517091110181, 583.8593712928887],