{"NGF": [627.1134096594325, 879.3813813825052], "IFFO2": [649.005348097174, 674.2585156060912], "ADAMTS17": [384.47636717829266, 889.7414479416069], "RASD1": [502.8373773314991, 108.45076595010278], "ONECUT3": [568.6896683356948, 664.6738405421012], "PLAUR": [618.6642267405592, 130.18408301234308], "CLPS": [315.95479328108047, 52.35247216178294], "NMRK2": [639.6924148793306, 775.9120859360225], "KIAA2022": [266.86599366071675, 158.84727997565074], "SOX9": [519.4980425416903, 34.43820429758978], "SOHLH2": [548.5397774463689, 794.1058647539317], "NPTX1": [532.0319917533716, 249.15913383499867], "RASAL1": [481.1808018088093, 529.4941213420291], "MNX1": [541.6066046573941, 912.1664386213624], "LINC00936": [277.74215527543146, 220.3907932039585], "LOC100130476": [488.0018980063332, 714.3468062262982], "FSTL3": [722.0959662490162, 765.7083280802773], "COTL1": [642.5137251765739, 977.4240879357674], "LOC340508": [472.79280872874233, 841.4762667564507], "CDKN1A": [570.015816104133, 1000.0], "DCHS2": [702.3155303279857, 927.6686398764639], "ANXA6": [411.859884301626, 4.439651676979281], "ARHGAP24": [428.98410872688896, 953.9703649034327], "BCAT1": [493.93293955399463, 991.9323279033299], "RASSF4": [418.8124410479108, 685.994823410018], "POU5F1": [578.3447016547931, 80.1895040710474], "LOC390660": [334.57782076800265, 260.6223691503547], "ATCAY": [372.84731412475617, 46.720073141985665], "LMO2": [527.9328551750749, 566.3613165375167], "LRRN4": [425.19315556197773, 277.14672941174814], "FOXC2": [733.1340063392834, 853.8652293704274], "CCDC169-SOHLH2": [447.6707435172035, 203.54456921338382], "CMTM8": [288.0344505272822, 103.56706655097332], "PDE4A": [600.2259395068419, 198.12095047441832], "TMEM151B": [472.0398412053481, 0.0], "WNT1": [379.4222509235244, 799.3683517104562]}