{"SLC6A2": [316.26430910185036, 704.8186434571272], "TGM2": [257.78432596862245, 735.0031297206663], "IFFO2": [169.8531699662413, 31.360807882142353], "MPC2": [385.3960663175366, 252.10667486636413], "CKB": [248.82668262850274, 745.230084438507], "B2M": [887.261546755272, 113.86698643406592], "LRFN5": [232.24030975232566, 714.9815335307046], "APCDD1": [131.1216895393446, 929.1078858063081], "BDNF": [471.7300555062092, 253.56406268269438], "PFKP": [811.2654601978784, 115.49455433758325], "LHX1": [268.55113047273034, 701.2309120596349], "C11orf87": [487.32308915710513, 253.11526152720373], "PTGER4": [345.36683171774695, 516.2549349297103], "ARHGEF4": [225.73437175954288, 7.987346881097153], "GPR183": [223.85745598053444, 677.2078947921024], "ADAMTS9": [250.19426585175074, 757.0127898689163], "PLEKHH2": [158.44845821328522, 61.36071541803864], "COTL1": [897.7742562545939, 102.06499969117488], "MICALCL": [815.165736998315, 151.74375042323877], "MICAL2": [827.0714129692235, 158.5313151673087], "NAALAD2": [248.58588497624797, 715.8108084142771], "NEXN": [181.4483868134117, 86.16738802469939], "PLXND1": [281.28688551932356, 648.9308422696083], "BANK1": [264.93218928039175, 759.5650929453041], "CDKN2B": [264.78146401957054, 749.7911810682428], "HLA-DPB1": [253.05095771153586, 684.681250278742], "ENTPD3": [423.97469002399424, 341.8002471135517], "LIPG": [383.79678551529713, 297.49345663899373], "DAAM2": [457.4870119248978, 343.4712710691402], "CTSC": [192.16712812275057, 9.126769448316736], "CRTAC1": [479.230161225659, 321.5494244248637], "RELN": [165.18012747474685, 41.22644288300694], "TNFRSF21": [877.1128530043268, 90.36286563673252], "SERPINI1": [474.4087813401611, 236.9197599718815], "SULT1E1": [475.91542255383683, 276.48420954414297], "NKX6-2": [392.1467810632781, 275.2012738427766], "SNAP25": [857.4157282375531, 69.54153617439329], "CNN1": [497.92770788685044, 304.6395920767313], "KCTD16": [227.55530641822094, 694.5366241597651], "CSPG5": [481.29350660438473, 331.485109149404], "CXCL6": [233.78603370267652, 736.840842147128], "MYL4": [315.48562210350764, 162.02728418769593], "AHR": [239.45751475415926, 25.96704104313517], "RUNX1": [458.1410929076057, 239.7749985821979], "CYP27C1": [453.47142210093983, 332.9792382595831], "PRSS23": [443.69928162286146, 225.66973617556684], "CSRP1": [900.4181124229992, 113.306244660647], "GPR115": [887.8223521688285, 160.00582334696463], "STK38L": [274.8106302907354, 737.4249690893982], "ACTA2": [416.94022304047735, 285.2381889754756], "NGF": [395.9677810803248, 241.54238277281246], "ACTA1": [409.98640363830594, 300.33116393434716], "MGC45800": [834.2278423201716, 168.7008738493914], "PDLIM5": [170.41884438170953, 80.11967618104899], "ITGA1": [393.27260957222717, 321.10499950503055], "COL8A1": [484.6071307060644, 310.3891137012831], "SLC7A1": [825.9169606865944, 74.86179528294156], "SPON1": [301.414294647813, 741.4349428670448], "C9orf3": [499.94693389070903, 279.42600881268083], "STAC": [479.4715489852091, 263.7153404868706], "CXCR4": [472.12938290449864, 337.3550836149444], "ACADL": [862.0116531883779, 109.8167422573664], "TMEM185A": [460.77879963324483, 313.4987127802613], "PEG10": [289.05090308218666, 686.5577080994592], "CYP11A1": [464.4360404148381, 329.8014835094032], "EGR2": [440.40010860299583, 286.57379642063785], "EGR3": [896.4710497701128, 132.91952125136729], "EGR1": [432.702486578544, 333.43193676348295], "AFF3": [437.1367265670264, 258.4033502616656], "MEIS2": [858.135654307159, 177.32946553507165], "SAMD5": [298.0522221944324, 656.1302874907673], "ISG15": [180.31878154609046, 63.45204639000656], "PIK3IP1": [805.7914887678371, 104.18170605916319], "ZIC1": [868.8493639141673, 99.28819416328287], "NKAIN4": [148.3907570660698, 1000.0], "NPPB": [408.73511265169117, 263.0812123240922], "PANX2": [300.52520016395613, 715.1218016523819], "IGF2": [173.3613745241282, 50.94908905017144], "H19": [181.19996500507588, 5.512329252595919], "C1QL3": [495.042140894401, 260.5731325752732], "CXXC5": [222.02358232720928, 725.3341030847034], "PDLIM3": [298.2593382812602, 700.516776620824], "C8orf47": [494.472167688564, 270.8843442220831], "KCNQ5": [857.0569610343446, 152.54679612483022], "AL832007": [233.15495663405784, 16.093544874368774], "SHB": [302.7064177033165, 677.2805921054942], "COL4A4": [110.46585193578227, 969.4470283876492], "GALNT18": [407.3397260780542, 335.2776898671731], "CHST1": [499.7916926310821, 293.6632726699459], "RHOB": [822.861423353417, 94.32923456787819], "THBD": [872.0676731054164, 74.61387862647985], "AFP": [872.2060982010012, 118.13531781451383], "CPN1": [490.8943137010021, 319.41075685241174], "FGF1": [417.2688973413506, 333.86610954982535], "PMP22": [302.1575418016338, 610.1272256554587], "NLRP3": [395.8582846999299, 287.9250918482249], "DNAH5": [446.67441398086163, 345.0930087675877], "CDHR1": [99.00018252507152, 961.8926631832915], "TMEFF2": [225.7556112900677, 739.380097688007], "ST8SIA3": [156.79544868235558, 905.758457708245], "ST8SIA1": [232.67291863577648, 46.360523266965004], "MEF2C": [837.6177929208955, 126.91063321410599], "MECOM": [104.27784002544234, 976.7178098076595], "KRT15": [386.00813716098867, 307.87065638452134], "GPR126": [878.797918855899, 166.0054706455721], "NPTXR": [411.85215266884074, 250.99031074017608], "FILIP1": [897.7311869590035, 142.42289443556777], "MSLN": [136.66001359322286, 980.0448854531808], "HIVEP3": [173.0293244590496, 13.794074784473992], "C8orf34": [292.14789868132664, 753.5386580515581], "MYH11": [370.33573750055245, 224.11295316758157], "CCSER1": [211.74861439833975, 10.758344193156063], "FJX1": [221.81349154383992, 707.1934370752208], "HSPB1": [165.03510805589036, 21.115893085744005], "RCAN1": [814.6572836094001, 83.94493905411366], "ACTC1": [425.5415631064394, 268.8793370310665], "NEB": [144.1971535799543, 989.9047447910996], "ITPR2": [877.8018738587484, 140.81220509410147], "KRT7": [213.14942796391264, 701.7757768488989], "MMP24": [795.5058842583783, 153.32139404394317], "PLP2": [155.0382857354604, 50.45281764123854], "NES": [376.25953089602746, 218.01639228175566], "PIK3AP1": [159.15301773793854, 994.0392718419498], "MLF1": [122.58350603020995, 972.3052144181479], "STAT4": [290.1735303029767, 738.5279206293238], "SIK1": [190.80958237267495, 855.7134995037372], "INS-IGF2": [238.486947014405, 686.7039713016002], "SNCAIP": [310.71590521039775, 738.3563428272176], "S1PR3": [465.300862853342, 231.421794130248], "ZNF385B": [242.20825169692807, 38.6099083468734], "RRAD": [171.255924137629, 913.4240008045592], "NR2F1": [268.6340989844742, 720.6575982096724], "PTPLA": [452.43657502759834, 230.5666977225759], "HBEGF": [234.1372143176719, 668.9901989037235], "SMTNL2": [846.3150416666194, 67.60421609480608], "BC021061": [215.6451797633582, 1.467283694444916], "VGLL3": [236.22885503724982, 750.3367426669647], "NFKB2": [789.0895942670688, 138.135930760692], "DUSP6": [900.9998174749285, 124.05067931478115], "PKIA": [806.5437972248089, 92.19561068900836], "BEND7": [102.02865381656824, 950.4625681334319], "HLA-DQB1": [872.2565324078635, 154.52601206655808], "SLFN12": [835.3356941428035, 69.57926488214946], "NMRK2": [805.1409317655616, 127.69735654442997], "MFAP3L": [845.0506916284346, 175.38824802229252], "NUAK1": [412.2341640944972, 239.56496685208714], "ANKS1A": [450.2450085225709, 254.53158892955486], "SYCP2": [851.0841939082297, 79.61435608451836], "HEY1": [246.70529595718554, 669.6114784582379], "ACOX3": [412.9698716793842, 313.79681200844243], "SLC25A47": [207.05191755138847, 33.277784833582814], "LRRN3": [864.2649952562502, 169.26532435271687], "IRS2": [402.08774614056, 326.51051979604966], "ID1": [129.762754546135, 997.4455223382381], "ARHGEF28": [461.4252971876282, 260.55778014520746], "PRR5L": [433.41590171744633, 228.10950875556904], "NMB": [403.6773484125013, 276.6785430614426], "KIAA1199": [396.00025823920566, 310.5477214055127], "TUB": [447.241957027173, 317.7970286022247], "LMOD1": [381.44178489888935, 285.7474720145071],