{"HIF3A": [415.92695841797695, 693.2024845465829], "PCSK2": [479.51373685817134, 747.596201689436], "SCG3": [855.7532875982639, 865.1177905187916], "MFAP4": [424.4303250634956, 707.9677920451164], "JPH4": [921.7018391101122, 219.45781702294704], "SYNPR": [443.8745097490188, 712.4344350112844], "HPSE2": [758.9163697318836, 463.09519133499316], "LHX6": [757.0594459733846, 432.24241244832], "LHX8": [816.443575833015, 847.8661083714869], "AL953854.2-002": [424.73629989895153, 788.4818992919973], "SV2C": [797.376098115976, 491.93760198371365], "IRX1": [888.154979575306, 278.4046314931306], "IRX2": [844.2868091211983, 808.6644906148166], "SLITRK6": [484.26099670256883, 760.3086088870319], "B3GALT2": [833.0429699861364, 787.1178361086625], "CAMKV": [818.3396016390726, 783.6150768849285], "GIF": [881.884869961937, 824.6355512592256], "ABLIM2": [792.4345606424051, 813.0663014385107], "MUC16": [815.5996231836323, 859.7352261796259], "GATA2": [854.2916489999628, 791.5104401527863], "C5orf38": [818.1022096902141, 735.7550889838924], "KCNJ5": [32.8060898496301, 803.5657334685387], "ANGPTL4": [413.6131058200002, 761.1367055957436], "ANGPTL2": [810.1756874901422, 790.3070484699793], "GPR119": [880.3624441445302, 809.7545909762956], "NYAP1": [936.3803793230798, 158.69058439686552], "AFAP1L2": [59.1225235565978, 866.238229732345], "ELAVL4": [452.51781464358265, 697.8919196883203], "KCNJ8": [954.0490001693895, 183.15910075039608], "ELAVL3": [61.363273858539515, 818.1398598240164], "NOVA2": [937.0473115431857, 146.12988629637982], "CELF4": [399.7310256585074, 758.2529420453103], "CELF3": [768.2233707899987, 411.5935491730269], "COL3A1": [981.2504571306099, 139.95175862780445], "GABBR2": [818.6482805203997, 442.0871100235463], "TMEM132B": [29.95907273927878, 870.5349568986337], "GAP43": [76.79571592441118, 854.7877705418836], "PAMR1": [484.058170192788, 715.6017103356828], "GRAP2": [36.43100186462482, 833.8930373638227], "BX538226": [417.63695100159447, 741.3451348498066], "ZIC1": [958.6328418116536, 122.53382528582131], "KCNIP1": [400.48508894713, 709.7948507565758], "SDK1": [984.2321034683491, 174.1210126820174], "ALPK2": [50.57946710622275, 866.2916046674571], "KCNK16": [734.5439107727559, 438.94472822222696], "NFASC": [779.2160784084831, 398.7580259516316], "SLC39A5": [819.5327340316239, 869.5990953933322], "KCNH6": [39.4494059356839, 798.7061158407597], "NOTUM": [467.9518194465207, 695.9617181498144], "NTNG2": [926.993352786272, 158.09965430773207], "GLYATL2": [882.8938565825162, 817.3092211300627], "NOG": [7.713586103240914, 843.414627176229], "INS": [927.2403151550873, 222.84856944389583], "LOC285484": [392.4088475276443, 731.5063570293125], "TMEM198": [777.2210368831857, 818.4034377446784], "SLC18A1": [765.0586186615296, 488.42780410717455], "FOXC1": [76.52749938262343, 838.0857583279117], "CRIP2": [878.3091765633596, 843.5579464499302], "GHRL": [66.29371863282881, 857.1610150496925], "KLHL29": [759.9167602994289, 441.27037484084747], "SLC4A4": [811.5536343630016, 867.0476106002412], "NPHP1": [927.2086521324758, 149.06362999090834], "ZNF835": [831.101549101981, 455.31903761689193], "NEURL1B": [959.9736385667904, 142.97065337440722], "HIC1": [877.967786779882, 802.4989271820629], "GDAP1": [72.50473681720814, 862.7789157360761], "PTX3": [977.6212877048483, 165.71985244911605], "ETV1": [449.01893534960504, 688.6485019225408], "C6orf185": [804.1980873636282, 428.31549723300554], "ILDR2": [404.24292829707406, 703.1153349900461], "RXRG": [862.6425126654412, 862.7531903211756], "AMPH": [417.4134338231495, 769.8091910749961], "MCAM": [419.13409815236895, 713.6105758349535], "SPIB": [21.988888151296123, 864.3888500236113], "WDR63": [55.12718944818039, 876.172474838964], "F5": [441.0334827169992, 687.5280245844126], "NTN1": [765.1560588238239, 402.5275694189733], "AK5": [824.8876615768337, 447.42837495546064], "ATP1A3": [794.4478162364953, 454.0744414823693], "OXTR": [758.1533596228311, 403.50455000984965], "MME": [13.727965457170853, 815.4966186317936], "RUNX1T1": [746.3706644006244, 474.1419310940362], "TMEM151B": [32.84981847786946, 876.9065550563005], "KCNC1": [938.1545429849684, 192.88022350784348], "KCNC2": [734.9872432188295, 448.07678701388033], "ANKH": [818.042014633053, 463.1145632945787], "SPNS2": [988.5569062138547, 154.33050716249545], "DIRAS2": [460.99592534708955, 758.1831826577729], "SIM1": [835.5250208456046, 865.1844963553083], "SLC38A3": [773.0222673504247, 491.00560787359177], "DPYD": [457.6103492885657, 703.9892893139747], "GRIN3A": [792.2388219875728, 468.30471658750116], "RAI2": [466.88500759741476, 783.7651857367644], "SLIT1": [991.8686978505428, 161.39628368993914], "CXCR4": [875.4086254363898, 828.6096506579615], "PRSS12": [5.069399200929865, 814.4528569620661], "DQ583756": [805.0498824383292, 403.8277072714556], "KLF10": [835.3083684464043, 835.0789534953361], "WNK4": [655.912869172994, 782.9020560685786], "FAM84A": [996.2420709864684, 177.1353925790375], "ST6GALNAC2": [797.7188823955931, 854.5551452579409], "RAB26": [872.8696815613926, 838.1598583840544], "DKK1": [868.4115258917159, 821.7064218087601], "ANK2": [404.8129694897559, 751.3968440625843], "MGAT4C": [798.4880357072085, 418.1894789594004], "AVPR1B": [352.7228500870046, 756.7612958492273], "INSRR": [862.383964610399, 795.3411492755301], "BC033961": [394.97616411656696, 739.9751992554615], "ZNF702P": [743.2973193814261, 800.5622962767596], "SLC25A14": [7.401172343951885, 855.9275200205954], "ROS1": [858.5881875091488, 856.0663156274582], "MUC13": [445.71381248799804, 696.1617441895951], "ARHGEF4": [353.8038753460426, 761.6484163766237], "CCSER1": [403.7264292373434, 773.8504754625021], "PLEKHH2": [948.6343792677723, 155.22154167581607], "RELN": [745.2172652975983, 466.8191634054127], "TYRP1": [821.1527486382761, 475.02022943689076], "JAKMIP1": [840.6230722472908, 799.0794479488547], "LIPH": [806.7060836576992, 849.5799894012368], "BC018887": [839.9803494625382, 778.0261645328409], "HPSE": [50.25638312417698, 807.8159708200751], "UCA1": [406.20766665564906, 758.1715472790605], "SYT4": [433.4793557051361, 728.3543026406926], "SYT5": [421.88559655272473, 727.8347596556989], "NRXN1": [2.139049536433049, 848.0146661904694], "UBTD1": [405.4288602782125, 744.178118210959], "GNG3": [58.69169147138928, 852.563450571052], "SYNPO2": [453.2734766520862, 715.0267547659429], "MIR7-3HG": [432.3076915870803, 705.2565907173881], "CNTN6": [776.6998312750036, 406.60782667940475], "MDGA2": [799.1868760889715, 411.582566269106], "ADAMTSL1": [941.4674506346148, 134.75419411930318], "HSPB1": [408.79096650855286, 697.9426804392131], "SYP": [435.0884582632999, 717.6850333351512], "AB074188": [435.6065855041898, 780.4561725278397], "PPP1R14C": [842.8384831976684, 853.0474775226542], "RASGEF1B": [738.7995200297055, 463.1018131965835], "GCG": [860.5956948523474, 803.9947962391935], "GCK": [870.3762455209653, 810.7590744206574], "DNAH8": [467.03760550420924, 729.4975334671565], "FLJ42875": [861.0701635174944, 783.8918184418507], "SHISA3": [15.217621713242465, 854.4557506944312], "GAS1": [853.1190597371403, 782.5810933807369], "LUM": [394.2844007090293, 724.3203210769715], "AREG": [823.5573402278426, 790.4057010453342], "TTBK1": [742.2802118451432, 805.5953778639629], "MECOM": [806.562593784567, 412.2572077345683], "FAM167A": [823.3048082569943, 422.28418601989017], "RSPH1": [867.8182541103267, 857.3865827490604], "CDCP1": [809.5830558941905, 808.8513266257813], "C3orf67": [941.7939608381757, 127.15040209917629], "SH3RF2": [843.4048929943526, 870.3479016793615], "SH3RF3": [757.6102952895613, 476.0738514437995], "ASCL2": [933.6358899572226, 131.6838657056021], "COL5A3": [991.3171707875144, 142.82658731722665], "TMEM145": [982.5077061242287, 129.59861571780164], "PTCHD2": [472.6284824814769, 777.5101841506817], "SYCP2": [790.6816673500391, 838.9408265546363], "IRS2": [745.507490748869, 452.2622274896637], "AMIGO2": [821.5192919257595, 455.4697965423295], "HOXA9": [873.1967031227342, 795.7652153194085],