{"FAM222A": [484.31658652790634, 330.6386421824839], "MFAP4": [571.4466883094476, 332.16818621665084], "AGT": [219.90102613940292, 579.5939611212028], "LHX6": [954.808772450253, 436.9820101453158], "LHX8": [530.780586598492, 309.22325181646704], "PTGER3": [10.358441968246268, 270.9496059552481], "FAM114A1": [500.3022985129794, 352.73334366142365], "IRX1": [530.8770700418927, 341.33233741066664], "TMEM51": [51.703897305304736, 181.24141356813163], "SLC38A5": [30.253880083009165, 211.3433916301811], "SLC38A3": [524.1314077038161, 251.842240136624], "CYP2B7P1": [987.5612018916463, 514.4010116796418], "KCNF1": [64.31170667743521, 274.74880754537605], "PAPPA": [520.8897947355895, 288.8782828646871], "GIF": [97.87038356355947, 215.98357706638842], "OCA2": [50.67512971374407, 221.96764915202147], "GATA2": [203.0876920567942, 553.5430566319261], "GATA3": [67.60195889713867, 926.0687316445616], "CR627203": [1000.0, 492.03122193196333], "KAZALD1": [951.0038559743866, 458.2637593931112], "SGK1": [22.038517231128765, 221.0397689463317], "PTER": [24.37784290409394, 286.06570657673444], "SLC46A3": [530.839717875288, 255.69937053321337], "ANGPTL4": [927.972630710629, 522.8392090011273], "NPY": [67.33920658940045, 209.20203576937536], "FAM135B": [493.42951192189395, 345.8663843362418], "RASGRP1": [970.6233076107833, 518.2126091060542], "ATP2A3": [88.24276403238991, 319.15889701986146], "NRSN1": [58.898589654923455, 214.40102634787968], "ITGA4": [699.2452738403065, 124.159293047024], "MYO18B": [971.6278080384202, 486.3563847151947], "COL3A1": [994.6556681538614, 457.46409004196323], "PHLDA1": [492.4025559467717, 305.4694509527351], "PEG10": [55.315420255708375, 906.2163743518038], "PPP1R1A": [35.05985961375944, 269.2718604566021], "LINC00526": [691.2863171829092, 88.04058703849319], "HRH2": [120.208825206363, 255.03381707811278], "HRH1": [957.8437991922012, 488.9873558160454], "GRM4": [39.37091072557348, 924.4301519135685], "DSEL": [89.95339492451615, 884.6489958721775], "FOXJ1": [482.54027117473186, 322.2507241748166], "ALPK2": [45.572789450937364, 268.13571901445755], "KCNK12": [180.88166673550373, 532.0997987846725], "NFASC": [563.8206039101573, 277.8656504845426], "PPP1R17": [158.83223278602978, 569.8769495869561], "CHST6": [657.9129153137225, 95.00098561992007], "KCNH3": [36.76402528160247, 910.8813622306567], "GLYATL2": [58.287159006090036, 928.0394564109724], "PTF1A": [979.5248356973664, 510.56893689766287], "KRT15": [700.625273109561, 104.62322983982114], "LOC100507584": [974.7049744868498, 445.9054897314877], "C8orf34": [15.870450899282673, 262.965886652884], "RCAN1": [167.93258103114934, 587.7009484500408], "MKRN3": [183.12441515339555, 567.6022913655879], "DLK1": [561.5156845799921, 328.7439981800612], "GLS": [105.3929481545564, 220.88965310650946], "LHFPL3": [945.5332497827852, 438.53858019735463], "NEDD9": [89.18480206491105, 205.66543755235188], "DL490846": [967.77605157462, 528.038494824097], "ATOH7": [124.75601307313374, 385.08097660452717], "TFPI": [568.2920581921717, 265.94567460349543], "SEZ6": [188.19037589116635, 592.6170818625362], "ELL2": [86.24876526144334, 260.7992614541863], "ATOH8": [551.8492711930342, 321.54427962355066], "EDA": [87.05889710294093, 900.9603549615551], "SLC17A8": [508.6224523201438, 256.2218902827874], "TPCN1": [42.457799046020284, 183.8762952100974], "ARID5B": [83.2735941548487, 289.9928729995536], "AK308944": [31.725801152047325, 258.84634356978813], "LMO1": [533.1620122776286, 366.24679635602985], "SSTR3": [549.7655007930872, 262.8178985308038], "SSTR2": [51.72885845042697, 200.7747534664589], "SPP1": [547.7462014318633, 255.01210072426395], "OXTR": [979.2784836203509, 496.13185051336836], "IFIH1": [957.751671258595, 471.85724755398485], "MT2A": [79.46878833483348, 187.44869670657368], "BAALC": [68.08346532037024, 296.7779329522796], "ANKH": [73.8993650356226, 282.63595811963694], "CPEB2": [587.7091605622314, 296.6565145084089], "PLCG2": [649.5016853387597, 75.17405956605734], "C15orf59": [123.86852029961148, 733.6464208318605], "PDE1C": [989.6702470045993, 492.7942816160951], "ST7": [197.81369104826257, 602.7712815106753], "NHS": [554.5215011980866, 278.8982064904486], "CLRN3": [82.99845868404182, 848.4338536469372], "SPOCK2": [899.7018966993481, 455.7908438839495], "SLC24A5": [925.6686655576897, 499.0129268561702], "IGFBPL1": [513.3350279450478, 345.1528870940814], "P2RY2": [656.554312616207, 108.05487794150491], "ZNF503": [581.2596070021812, 279.02196671961076], "CA8": [573.0414241691115, 349.90927504799487], "NIPAL4": [669.8888533420804, 101.71383552791957], "MUSTN1": [86.4063395292701, 191.96683941510116], "DKK1": [273.1670783271654, 502.78840236283804], "ANK1": [27.08261026703923, 862.0542281845918], "GAS7": [239.8881120570938, 528.9677484939865], "SLC1A3": [930.2255020213692, 513.4264340511949], "LINC00890": [22.88455847551768, 204.78137993767336], "RSPH4A": [958.8416133929106, 524.1032554540742], "AMBP": [51.8745252652364, 281.4069327975671], "SLC25A19": [196.93325595582314, 593.7635728015301], "TMEM171": [217.24485115464557, 598.9346262918449], "COTL1": [246.56184606006556, 539.5024113616726], "CDH9": [11.20188760777694, 203.75628564063408], "SLC12A2": [671.5229630687343, 74.48988119515559], "SLC47A1": [917.8406266704659, 465.79686474149474], "KNDC1": [64.66864264315467, 904.7597769356621], "PRX": [488.8258228352338, 292.67532142323125], "GLT8D2": [108.90723443375808, 231.69745067932863], "NAAA": [80.57318738413366, 893.6929909236137], "LIPH": [173.67585463699484, 549.4991331730121], "ARRDC4": [95.03912817798397, 316.2287333303133], "Em:AC008101.5": [507.8570339426385, 357.94084008089686], "CXCL5": [276.59804705256613, 508.07615507389045], "STK17B": [557.1411567963013, 266.64086481852934], "HPSE": [166.13178818925851, 257.80771957389317], "OR6T1": [532.0427600124822, 283.4945848885269], "SLC2A3": [654.1448250657015, 81.16352193479713], "SLC2A1": [664.9664170256192, 80.11146104234808], "SYT7": [561.4020899353245, 259.57979759376224], "WNT7A": [913.7862066385446, 500.3157271194663], "ELMO1": [93.26804111583249, 252.7083727901098], "FOXP2": [87.29958287749963, 229.32006114531467], "STARD13": [56.99565703738003, 189.62321797846636], "MYRIP": [570.0128211877833, 305.96645397331673], "KHDRBS2": [43.778647691672234, 277.0444802051893], "TRIB3": [894.8988594900477, 467.57155439504464], "LAMB3": [696.4561836338139, 95.82636206664853], "LTBP2": [548.3338592056715, 362.23823764882593], "MT1X": [67.37923623271752, 891.1957614269661], "CCNE2": [586.8384773312494, 325.4838704832647], "MFSD2A": [186.15043966948667, 578.968348965398], "LUM": [175.54442343604805, 578.4832163401813], "ANGPT2": [61.84738751950846, 285.3795153725746], "MT1E": [677.2869796213838, 86.48393620031817], "CLDN5": [987.841398315436, 465.3332837953979], "BC070093": [561.6484930684783, 349.05530703470794], "SMIM6": [633.2293862917616, 84.84376841202953], "DNAH9": [545.8817157565013, 335.27460309935253], "CYP27A1": [995.1993677506351, 504.81283380886293], "MSLN": [974.4970343276168, 474.24304902128745], "SEZ6L": [4.977291301668231, 229.07328760684032], "CDKAL1": [589.3862335747996, 316.3491070832738], "STXBP1": [61.28787528031512, 181.93113174481448], "RCOR2": [3.276254199335426, 254.85052214980544], "CBX7": [971.5825686736738, 501.5455031649787], "KIF19": [25.820991957102535, 267.54722265943866], "PTGDR2": [15.925108107036294, 278.4323338085305], "GAS2L3": [76.68604046999226, 923.2009047344056], "FAM167A": [488.95914903952973, 337.91930680649347], "RSPH1": [509.69500230825474, 277.66485435253264], "ST6GALNAC2": [15.39766293143225, 897.3934860516987], "VGLL3": [205.5182693220472, 582.5367816828642], "CDCP1": [17.770689137609907, 198.3948231921525], "SH3RF3": [504.26587409009585, 263.14789585249434], "ASCL2": [66.43305345720614, 841.160469087269], "GNB3": [227.43397390556902, 543.3560094364493], "COL5A3": [3.476390195117517, 222.12539232821229], "DLL4": [49.93223888257137, 246.2222423184775], "LRRC32": [170.91559193580198, 566.9006166829336],