{"PCSK6": [450.5030449427333, 376.7821312327377], "P4HA2": [164.858703369102, 230.9902589155887], "B2M": [909.9210255260739, 176.71871370613619], "MFAP4": [606.5814209077256, 110.19552790091686], "L1CAM": [925.1412922556901, 198.75711139303155], "LEMD1": [275.2057722380606, 927.3467213342598], "HKDC1": [248.27561265514183, 880.3068376911426], "SLC28A3": [376.81627248915447, 416.62833133488834], "BANK1": [17.50747048932567, 523.0275744285088], "IRX2": [914.8065481690955, 162.8027656763118], "IL18": [961.2983709609634, 168.71631332766458], "SLITRK2": [381.53731039004947, 357.5671679081035], "SLITRK1": [377.35412729338555, 378.1631203461119], "ARHGEF19": [350.81627263946586, 885.5830827164123], "CAMKV": [157.3971874580186, 223.9648452165069], "EHF": [406.6692985077391, 390.4043720046651], "GC": [985.6580259688542, 124.30353475651239], "ABLIM2": [380.6475758434654, 427.8406124540598], "GATA2": [987.3344143882047, 133.38021387845333], "SNAP25": [586.5381244790091, 90.25260000482399], "CCND1": [332.449759423665, 854.3597419437966], "HCN2": [343.96035538527747, 409.74971331077836], "STARD9": [990.7918341842692, 165.930760304785], "GPR119": [319.746544277976, 422.0943685872779], "LMO1": [382.09922731429015, 367.98560328982967], "NYAP1": [17.149626473084822, 492.85813055126584], "STK38L": [10.069315720218754, 531.5498127633925], "RASGRP1": [911.1990539461024, 120.34436607904604], "ANO9": [43.65364416659344, 546.85642878815], "TNFSF15": [354.7401373513477, 423.6124659727378], "DIRAS2": [289.81512448778454, 859.7601678435777], "ALDH3A2": [52.083095571187584, 539.9233733177905], "GABRG2": [260.1763074739893, 852.1982639617892], "CDKN1A": [175.4468780391412, 225.96375093467952], "CELF3": [865.9067392096536, 194.24784598966312], "PHLDA1": [942.7551516068362, 86.09221283751356], "SERPINE1": [360.0826404575271, 608.5746989547599], "PHLDA2": [933.8860797544295, 88.09692548403703], "GAP43": [269.2422775404863, 856.2681975043332], "ZIC2": [548.0207066456051, 82.36324281681604], "TNFRSF9": [994.2368741844585, 181.51742480467814], "CCDC50": [884.530398987303, 152.10622704686548], "SDK1": [386.30120907622273, 502.96105409285724], "HOXB2": [249.4445621047816, 890.507868450299], "KCNQ5": [869.0269785875357, 155.59171093053016], "CNTFR": [529.276040545153, 118.06174781947843], "DCDC2": [168.04282060742082, 240.63254694548147], "CCDC162P": [458.85838049280386, 424.70935068719734], "PTGER4": [916.9449355296003, 106.71763409637771], "HS3ST3B1": [996.0882421606522, 156.0509627984847], "DLK1": [965.4139316655508, 202.00238121793228], "ADCYAP1": [971.5114151190788, 208.4679658041781], "LHFPL4": [950.2590241372757, 195.87942929961312], "PLP2": [904.7802436405796, 92.82759490081614], "NEURL1B": [188.07544157105008, 255.62666084086612], "TLL1": [1000.0, 165.0618034036074], "HIC1": [163.45796001433274, 295.1194374017103], "PSD2": [264.18254867269366, 894.7676367274906], "SEZ6": [379.6326687480332, 501.70625147039704], "GGN": [317.6212420130746, 414.4440625310178], "S100A3": [0.0, 504.53826142066146], "LAMA3": [392.0597138348064, 355.7152695692933], "CCBE1": [334.8555663667182, 865.0953587684837], "RXRG": [283.3507193531518, 917.3992074436673], "CALB1": [520.6449189687152, 92.85541265260827], "SPIB": [424.1373988251075, 360.43689824661493], "ETV5": [971.2434352080465, 179.76428668372344], "THY1": [569.8410652364719, 85.97970687731492], "RAB33A": [267.82118127560653, 904.5785978598055], "F5": [143.07922471645367, 277.3539866895349], "ARID5A": [23.656694168373974, 545.3542043362479], "NTN1": [181.09681362011258, 232.59606416677946], "LMO2": [952.7694111684689, 176.36019610810558], "SSTR2": [987.7610054787178, 155.56699606816238], "SPP1": [975.5816752540929, 126.5010458058361], "MME": [965.2897806119952, 107.0329533537786], "TMEM151B": [315.0493818527405, 896.624389141427], "SPHK1": [3.4132247385677488, 524.1766560255058], "KCNC2": [365.43437990126057, 353.8591793724795], "NGFR": [193.89926157763688, 242.08874546409652], "SH2D3C": [593.1412094973608, 99.56580290187699], "PPFIA3": [284.74530150484577, 891.2343157950003], "ATP13A3": [430.29585614781195, 444.74558774252085], "TM4SF1": [369.1712144905681, 441.02455222025105], "JAG1": [839.9128814876217, 141.41791611395317], "FBN2": [134.99924532365242, 286.1968740392372], "KLHDC7A": [900.8313293124797, 193.59545755129312], "TBL1X": [322.4017754985014, 887.0735414570665], "RAB26": [907.2899145419376, 109.8901244415022], "IER5": [251.73935322379913, 899.7177029687832], "CYB5A": [963.7820102720689, 213.94996671177523], "IER3": [539.2755457919449, 86.7891921329531], "CAMK2N2": [881.7810983096255, 126.09346514060195], "SLC1A1": [378.66569254875634, 438.3922215445775], "FUT9": [368.07223862377964, 344.0744753681645], "SPRED3": [975.2239713149435, 137.1054556828231], "MARCH3": [959.3919568961289, 137.58861852055114], "TMEM185A": [319.834626449658, 907.2286523716863], "UBXN10": [363.0510870711057, 417.03820321734963], "POPDC3": [560.5631307596068, 159.8241044401661], "SIX2": [968.490385619863, 96.6170308418765], "NAALAD2": [305.01203061452, 911.0668077122937], "RELN": [601.1754931195228, 127.745828271293], "RELB": [593.3553167444406, 138.82765557003916], "CDH5": [521.4554422488609, 103.27521451477148], "CDKN2B": [883.1067463714837, 179.71645058769585], "JAKMIP1": [157.74281343388026, 277.32449049844007], "LEFTY1": [164.49874182328597, 265.0607870466513], "TNFRSF21": [996.5784394713424, 173.68885740428672], "HRK": [153.35094272621484, 288.78694966429174], "GDAP1L1": [347.5895834379435, 374.1691598266543], "STK17B": [430.7121028673779, 431.0326990952268], "SLC41A2": [377.64307143740825, 395.21598686301866], "SLC2A6": [982.2246446829305, 108.24885233352163], "GNG5": [266.7452038552209, 874.0560233896148], "PKHD1": [915.6603629597022, 88.24286007121987], "ELMO1": [148.85445008459794, 263.881670959368], "CCL2": [462.75422834990735, 416.02760363232545], "IL10RA": [255.30715283810113, 908.4058961023959], "KHDRBS2": [881.6948817770589, 167.50908424569607], "CPB1": [310.0831985270105, 843.9880680012142], "TRIB3": [25.008042741450197, 530.6630625149422], "ARL4A": [916.662243566542, 190.85726840286168], "ITIH4": [581.1460320699032, 70.77635631400412], "C6orf141": [525.9683090182572, 84.79498057691904], "CEACAM6": [464.9738375618725, 406.27377810217985], "C10orf32-AS3MT": [897.016915094596, 125.21819529818967], "IGF2": [350.71178495828246, 382.6968837611786], "RASGEF1B": [413.46514011768505, 360.61083585526785], "G0S2": [971.4369928277647, 161.13821809070396], "JAM2": [354.94203177616527, 366.43169766806227], "PALM2": [543.6263230009846, 125.55981450059124], "NPFFR2": [26.827321652966646, 500.26442229490885], "IGFBP3": [548.4430835819329, 70.63692342200986], "SHB": [127.47114330784865, 253.80700714230568], "CNGA3": [466.19369155809574, 395.635442023167], "MTHFD2": [371.0010244976011, 404.55651824741176], "SST": [333.74790573525195, 883.7901074126015], "GPR112": [143.3984890896093, 301.0205626403317], "CYP27A1": [284.87984541024423, 845.6900990014767], "MYBPC1": [386.32532184268234, 409.3444780662621], "ZNF503": [348.5649294226588, 905.2683232012413], "HDAC9": [31.11722912545565, 482.00710976165647], "FABP7": [262.2264464990824, 865.565752719951], "SPRY4": [124.83678788977232, 265.1874994284582], "GMNN": [135.4582164502657, 295.3565273291834], "LUM": [292.69652669179663, 932.0961214927971], "GABRA2": [20.18000710985035, 477.62906201267646], "AREG": [397.4670688712838, 440.3766287324227], "INS-IGF2": [260.8208595279857, 916.0017410344653], "SNCAIP": [394.2681364066734, 345.53717611153206], "ELAVL3": [157.01653900582397, 251.1800007064329], "ADAP1": [390.3999701616357, 432.5772183318245], "ITGA1": [871.3142736304769, 141.4425901398062], "MYT1L": [968.1746549792776, 116.16855110704199], "ENTPD3-AS1": [277.4166228370616, 865.8401984529147], "NTF3": [942.6890687202763, 95.87558463019417], "SH3RF2": [383.65787284764485, 460.0014519477925], "NLGN3": [567.5656215489158, 100.17002073266309], "RPS6KL1": [414.3057612400178, 415.3499654870428],