{"STX1A": [673.1618333042534, 495.92960254769093], "UBE2QL1": [18.2145470103319, 677.3981549042478], "FAM222A": [41.92306258608215, 632.5615517646756], "PCSK1": [114.55948615751595, 727.6259115795591], "GSTA1": [982.2318315867833, 326.57155356539386], "B2M": [75.6547276228358, 628.0215198170034], "HPCA": [610.1581072471477, 676.4973899914398], "JPH4": [651.0838180971177, 583.8808952511961], "GDAP1L1": [585.0444604392409, 678.0805571105101], "PPP1R3C": [130.68518837709752, 774.2963510516037], "PPP1R3B": [958.2985402466827, 267.9665758160886], "NTNG2": [151.21891201314656, 759.1108656751483], "NALCN": [596.9974014232264, 610.3418361251672], "GADD45A": [996.6659672921746, 299.49350217435415], "DLGAP3": [509.5186680347, 596.7383379175479], "SUSD2": [681.5899601997444, 504.8013486391832], "MAPK8IP2": [617.149690698271, 559.2682229587728], "AK130759": [561.5693809870895, 515.2303789721718], "EDN3": [514.355430883694, 616.8036469839122], "SV2B": [643.3097825913891, 526.2521339595017], "GP2": [991.3634066295251, 313.958688903963], "TMEM51": [3.0231702068694517, 721.9638544721031], "NPR1": [173.72877909979317, 702.411832884716], "CEACAM6": [168.6121781596103, 658.4435344579604], "PTH2R": [105.95522021846799, 770.9383061589938], "CORIN": [610.6488155339528, 627.5894127529598], "BDKRB2": [617.5876939782561, 525.8814214187448], "MSX1": [970.429056660201, 296.7605304443848], "CACNA2D3": [633.8871954304682, 539.2112517833735], "ATP2B2": [75.58320949056895, 648.7776469395376], "GATA3": [919.3505090917565, 294.3046115505459], "ADCY1": [547.4156199025317, 512.8907985683296], "LINC00634": [87.50591275824937, 595.7542467931429], "OR6T1": [143.5509666162178, 700.1616862299173], "SLC2A3": [61.90071872097678, 744.7634839136781], "PTER": [959.7737932625348, 249.64012911211557], "CPB1": [578.2705805299281, 639.9881199119887], "SYT7": [581.6445029693379, 553.3367508063791], "LRTM1": [125.85741350832359, 608.5569601766256], "LRTM2": [141.7129067872163, 621.7699618439024], "NTS": [140.94548429036257, 749.6342750804628], "PTPRN2": [90.25073139969228, 740.4513599368271], "STAR": [628.9238984528615, 512.2081624954528], "ELAVL3": [523.6335355882827, 635.542979161715], "GABRG2": [0.37602028021336764, 673.3743498919995], "CELF4": [650.0053411244946, 601.4435626126266], "CNTN5": [319.03764591173933, 642.0701693057537], "UNC93B1": [517.386518546448, 546.7395137011696], "CRYBA2": [530.3528900392342, 607.3990095489733], "PRRT2": [115.9590103323525, 780.9673052437037], "RSAD2": [630.6959255856038, 635.9177956396505], "ESRRB": [579.1537198295478, 587.565043584551], "NR4A2": [161.206374908446, 743.2378286621206], "DCST2": [521.5205375373953, 587.973001725368], "HRH1": [631.9405821670903, 667.3222027918181], "ATP1A3": [604.248400078978, 510.84075829624845], "ANKRD18A": [54.04077632478953, 703.2913286115777], "CLDN5": [634.3732458177936, 614.0232969028627], "LZTS1": [960.3792483360974, 310.255225299515], "DSEL": [997.4938136828387, 267.3080628518022], "C1QL1": [925.2291967473961, 216.0183167126434], "G0S2": [559.6485114184053, 672.2195678374765], "GCG": [10.800725036729148, 638.9945798469713], "AREG": [69.03323765788681, 667.7897497117023], "VGF": [526.6168896060697, 533.4064672211435], "NPFFR2": [203.27354928932266, 679.8111690938524], "IGFBP3": [659.9164989005806, 636.7576780986608], "CCDC162P": [145.20840644546013, 649.599811653102], "SLC26A4": [51.567829479796956, 773.6625804979383], "DDX60": [170.49532423616245, 678.6366159687861], "SBK2": [84.10126817731884, 769.2607821131782], "C19orf77": [54.65031363720675, 608.1807473282586], "DNER": [94.30536890914402, 643.7230453984411], "CNNM1": [214.24770777434415, 656.605881085085], "DEPTOR": [980.4992142177039, 239.871417383111], "DNAH7": [990.3994895273568, 252.30669284648195], "KCNH3": [933.3853703772174, 335.8342357932293], "SST": [37.9654123364748, 763.9044525356846], "C2CD4B": [104.85054279728769, 617.5683571913253], "IRF8": [669.2006477891259, 609.195630653157], "ST8SIA3": [595.2653053474621, 522.8119888133847], "INS": [662.2156720686461, 621.3454447824191], "SNCG": [557.3519758313323, 595.8952035205867], "SHISA7": [605.1127643974355, 643.2118344555822], "ITGAM": [666.8207747407541, 595.1581376857122], "ANXA13": [572.304798902779, 505.9505144702856], "SCTR": [92.88472983079095, 782.9351607608543], "LRRC10B": [108.03026852572364, 599.9180348869808], "WNT3A": [44.95807929990724, 664.1927169213674], "C2CD4A": [90.74673026551869, 611.9538695813833], "TMEM130": [551.8780601716562, 546.6339624228849], "TAGLN3": [880.2815231122827, 277.92460584528203], "TMEM179": [12.368839614526507, 732.4623703973211], "ODF3B": [150.65052226099087, 716.2382338117891], "KLHL29": [39.787648793391895, 611.3980077000383], "MSX2": [101.0090590607991, 687.8095398693412], "SVOP": [25.612458198392744, 756.8537187422708], "ADAMTS15": [884.9928491610146, 241.22477371816115], "GAD2": [1.0187994658231787, 658.6718943572737], "LHFPL3": [63.655267184726, 598.2771397834267], "TBC1D8": [17.282872594141338, 745.0043041401091], "PODN": [572.2495544313286, 663.0577771314476], "FZD4": [1000.0, 283.745589718908], "BHMT": [909.6547610234534, 220.16500331542608], "NLRP3": [979.6157291863663, 283.04292397629524], "UNC79": [514.3275903961147, 563.3584132633273], "CASR": [664.3004277657045, 563.3378751179616], "MYT1L": [618.5586060514279, 596.4679328259559], "ELL2": [62.47261153635617, 639.4114997891462], "FUT8-AS1": [12.87724286171499, 655.6203991401067], "SUCNR1": [764.8037539056998, 427.2740865642105], "DES": [142.775076110234, 671.1731309091559], "NCCRP1": [288.5700547032703, 648.571229120153], "REEP1": [944.4798729849597, 247.75773695567466], "SMIM6": [33.81736685430769, 721.1547066961342], "UNC13A": [532.0814498204224, 560.8653375884194], "PDK4": [974.8902221353142, 266.857061699149], "SV2C": [608.6067271437976, 538.7000856788248], "SLC43A1": [68.07435802250552, 728.3097110210001], "RGS16": [604.3658678729237, 663.9147573486158], "XKR7": [538.7265137374932, 524.7447442478353], "LRP1": [634.3759937636503, 556.8874735181383], "ATCAY": [587.3124897080118, 505.34357440425845], "KCNJ5": [24.974289466208347, 623.0423415392602], "CAPSL": [130.71741739947925, 636.7671213068837], "CADPS2": [652.8900240210118, 548.427335617437], "PAPPA2": [566.0147414369189, 625.8968294087935], "HHLA1": [969.0110099750834, 336.52100218608234], "SGPP2": [631.8574452056387, 648.5137383134905], "SOWAHA": [910.7937175983197, 258.7758399472027], "SSTR2": [557.2004401638201, 564.0138437008054], "SSTR5": [572.1706270213951, 535.1486180141159], "C5orf54": [941.3008895813527, 216.67724982378013], "FER1L6": [536.2817140641124, 654.5467950941324], "IFIH1": [951.419522570076, 341.71397519546656], "DNAH9": [118.25944947581357, 656.8544806367613], "MT2A": [197.67117265068703, 653.705031534408], "C2CD2L": [74.63088278781692, 607.7594534640045], "TYRP1": [9.418469621208146, 687.7436735796716], "CDC42P3": [955.5246141867924, 222.2745820888968], "BAALC": [896.0428682392896, 228.89073088619148], "KREMEN2": [944.4038201643746, 320.4623491341507], "SMOC1": [32.794133319905825, 736.09348441979], "SPTBN4": [41.40819492878063, 749.0492948767229], "PAPSS2": [126.78439132057588, 711.604965184976], "PPFIA3": [125.33075630310722, 761.0232211832131], "LHFPL3-AS2": [646.7935653329023, 567.9607677800601], "CCNA1": [666.39700729593, 581.0050158863506], "SCRT1": [644.8599722665665, 632.5945289915236], "SERPINE1": [77.89553260362763, 783.9816832873568], "RGS7": [79.8461384947791, 754.0771532738263], "RMST": [619.5885692970857, 656.5352371963542], "USH1C": [879.0609917670947, 258.12418761091544], "TTC40": [0.0, 702.5893531601429], "Hfb1": [648.8189253207788, 652.641825218474], "NPTXR": [167.36858446361805, 724.4170369905885], "COL8A1": [968.9772395734915, 229.2647524500244], "SEZ6L": [933.3163581277872, 236.3505412426224], "ST3GAL6": [898.6998086433478, 275.1247492278465], "TNR": [12.968522928746836, 714.0512281028659], "MLXIPL": [160.36039223752726, 638.9711018743519], "NUDT16P1": [144.37815839893403, 733.2990224382853],