{"AVPR1B": [129.10891052290367, 569.8879494778265], "TGM2": [861.7753514778253, 965.8181028524007], "TIMP3": [685.2723807897124, 250.6135332142021], "ACTG2": [363.66038155333564, 16.557242238020763], "PCSK1": [622.2131171173429, 299.02037899116453], "SCG3": [875.6400403382, 917.8904313150274], "CD36": [775.3965964247286, 850.665233721216], "MFAP4": [846.2675953154771, 988.1967117536541], "L1CAM": [762.7731253687784, 971.474550724133], "RASAL1": [917.6065897364567, 910.6733943035426], "APLP1": [103.58049011843957, 589.8170540701798], "TMEM171": [853.152726926694, 944.6566039749191], "SLC35G2": [653.0618218142399, 200.4465130169213], "NCAN": [298.5771351841011, 27.72517603531668], "NTNG2": [655.0259180316431, 281.43201571107625], "RYR1": [896.6858987170128, 912.063696294828], "FSTL5": [228.68203460594532, 121.78568993036902], "DCC": [277.71785696622504, 159.4887318858526], "NAALAD2": [279.7255144654591, 52.486625549484415], "TTYH1": [815.9894233812789, 956.0347914630458], "ZIC2": [123.91378738509775, 701.0582510881811], "SV2B": [107.6424326464358, 662.3122656869238], "IRX1": [324.38209118659086, 111.34857887380798], "NECAB2": [321.5688925577609, 22.336309566163322], "IRX2": [768.8412768239036, 905.804179334932], "SLITRK6": [122.9497411509193, 624.1022203997387], "CDK5R2": [343.0177670624363, 80.85908033230447], "KCNF1": [239.80096905287235, 85.19301790009837], "CAMKV": [385.7054601004563, 74.49059854008135], "HTR7": [792.6582844085607, 878.0137443780964], "SHOX2": [636.5461671496766, 193.4307974234011], "KCNN3": [222.12231389711098, 93.8122492486794], "BC033961": [149.8561383920332, 568.1408489241064], "MAN1A1": [640.2212357406572, 238.48458484786528], "LRRC73": [834.4905249167144, 1000.0], "KCTD12": [222.74829974692898, 72.65085971204138], "BMP5": [562.7166210395441, 436.5450011991879], "C22orf42": [586.3769963828695, 347.0084682634184], "KIF5A": [600.0823147147366, 205.1293967051277], "OR6T1": [633.7778422959941, 318.5128080969721], "SYT5": [97.496752648018, 676.5157405989926], "NRXN1": [329.2407804836971, 47.88218882573676], "SYT7": [672.7205474589455, 238.25907889517038], "GALR1": [896.3261753505889, 886.4894943247479], "GNG2": [247.35234387985784, 115.3988206825727], "ANGPTL2": [376.59196110967935, 28.906275204440533], "LRTM2": [624.5308952022294, 218.26295028257988], "CLVS1": [157.0535405556177, 647.2770149439601], "SCN3A": [182.83306737481712, 725.0102451284596], "ELAVL4": [240.49632463873877, 139.64478604148792], "ANKRD50": [82.39341026354339, 630.2753695506175], "ASPHD1": [121.77379997487265, 587.740577278819], "ACVR1C": [765.8679910209532, 933.4152310149855], "ELAVL3": [202.96804450494437, 741.535625279975], "NOVA2": [650.266694880666, 259.0876206821689], "FSBP": [917.0649250455936, 886.5967810950199], "DOCK5": [912.2377216926782, 867.61937130923], "BCHE": [547.4333051049408, 589.371187324337], "CHL1": [870.8333094481106, 830.812723176045], "CRYBA2": [208.26568953086849, 725.4434355113522], "CRH": [885.2595629527649, 842.9665837617202], "PNMA2": [608.2502040205889, 244.47308628833377], "SERPINE1": [166.12937561797304, 714.5812609260578], "TMEM132B": [677.5205781291706, 266.35679418493464], "PPM1E": [194.23779249741733, 698.0863616062893], "LOC728392": [816.6549917441193, 998.2443485468496], "LIMCH1": [777.9692644149745, 981.8100708749159], "GNG4": [536.6461906260234, 230.50936795677177], "CEACAM1": [827.5493086187507, 826.808599854259], "MIAT": [865.6899467087514, 987.2940874795373], "MYPN": [257.28184373768937, 51.578253865137356], "FBXL16": [540.6837850583613, 259.7591244491094], "CRMP1": [224.07715659335736, 708.1098877640211], "MT1E": [881.7541739259128, 960.895287288937], "MT1F": [189.1960555249268, 559.4233984987131], "KCNIP1": [462.0105630765954, 184.90619579287113], "PTPRN2": [270.5921792777948, 9.941968530111808], "H19": [829.6500100206365, 863.9964850745614], "KCNK16": [526.6393717969561, 202.8060779434041], "KCNK17": [745.5048357714492, 931.4038010388042], "VGF": [810.0779750346323, 930.3609666975634], "LMX1A": [807.7378946889869, 982.1544756213248], "HIST1H2BD": [260.2937825098751, 663.0179549849634], "PAX6": [277.5532184796553, 32.16563191912729], "IGFBP7": [259.69872918136303, 79.08177566796911], "ETV1": [814.2791029311951, 892.3288959928393], "ABCG1": [94.36412501312805, 689.9599664511534], "TNP1": [836.2033730653939, 959.1614603494484], "SST": [899.1834832615713, 962.5713436312989], "PSD": [583.7878100091746, 193.60333864063364], "INS": [245.26178119064411, 605.6314471083219], "GPR179": [248.10713046311832, 707.7418372636145], "KLHL41": [222.205951612133, 516.3225521666724], "TMEM196": [685.94468818719, 282.07140695175025], "KRT81": [749.6725917777025, 955.5287371153875], "KIAA1377": [563.3941632849338, 201.49920133310565], "SOGA3": [885.8335312246829, 937.8038924237869], "TMEM130": [107.00700991885071, 701.4814370256187], "STX1B": [672.1437261762926, 220.36583536119048], "GHRL": [876.4867760237264, 880.4489837132564], "HDAC9": [506.99088421823706, 230.11072612007968], "SLC32A1": [134.812090169302, 675.5711334415945], "GNG11": [858.456998751343, 866.5605679383974], "OLFM3": [651.8781823522181, 304.15190521040313], "SPRY4": [98.5887259432971, 643.1632444497163], "TXNIP": [139.06177579426281, 736.1004809683309], "BTBD17": [571.3432698742247, 373.75493402023903], "HTRA1": [257.6337731910073, 636.7362498698305], "SSTR5-AS1": [883.9036352373755, 979.3413078268662], "SH3GL2": [150.38876501093938, 695.3638907931237], "NPY": [199.69697643666922, 590.6018352715598], "ELAVL2": [523.0219861712625, 277.67249106149035], "UNC79": [159.74614816318768, 738.8351958382746], "CHRNB2": [150.25199776019105, 614.4912770809945], "CASR": [369.6876529718516, 90.15883716646317], "DUSP4": [258.27565064900216, 150.09399592488273], "CITED1": [308.6671681646817, 88.40759083996772], "SLC8A2": [329.36253324614233, 0.19163972833234766], "LYSMD2": [240.89138253429576, 40.0045181191212], "ILDR2": [452.67533890255254, 197.91442814443963], "NLGN3": [342.5781060587534, 32.15119378097586], "ATP8A1": [372.6215013901632, 56.524522215724005], "FRMPD4": [557.3168029854693, 237.30582760962488], "C15orf48": [755.0048339672875, 875.581310356125], "NUAK1": [303.69943132216565, 47.76754880015085], "GC": [229.89585857805986, 729.1090971257349], "KCNB1": [225.53166537434777, 571.1152408442825], "OLIG3": [917.403390844951, 929.4436829071229], "NEUROD1": [906.4587206789812, 945.4906020330047], "TPCN1": [119.39180166457572, 722.031831375689], "CADPS2": [571.0485791837169, 331.81518780757665], "UNC80": [143.34015965279207, 718.8634107830378], "ATP1A3": [387.72679800665895, 44.58253948161894], "LPAR3": [246.1640478783878, 397.51326704819337], "CFC1": [547.459689065349, 333.6293216197872], "RAB39A": [289.63616458337685, 3.774489269036053], "SLC7A7": [127.82580051297492, 649.4992409517622], "CHGA": [529.4163062227802, 320.55406894882674], "CHGB": [850.6761173499958, 826.8653401302289], "GPRIN1": [262.17903087746924, 100.56448729515893], "CKMT1A": [292.2183514146917, 119.62478354304028], "CDC42P3": [801.6850174237236, 834.5751256711005], "RUNDC3A": [620.1737354279148, 185.60019032769617], "UNC93B1": [348.10746159048176, 5.974719573256493], "SOX3": [104.15911465167392, 622.3962604613512], "SPTBN4": [654.171886981274, 218.38143113155104], "KLF11": [231.091063321977, 55.332105262414586], "AP3B2": [91.48060665716713, 606.1596666398359], "PPFIA3": [213.5350799981358, 660.0785821082588], "CCNA1": [154.41546101732177, 588.9367150336651], "ANK2": [658.6735820487767, 334.68649610186094], "ABCB1": [680.2532225202935, 300.23831374075115], "AL355711": [82.65398900630703, 659.5843270197117], "LINC00242": [792.1134501391771, 992.9864844604764], "ANXA1": [746.2923552522232, 905.1625832696534], "ASCL1": [618.5027569029143, 351.9924601259728], "GRIN2D": [256.330516960611, 685.8149764840934], "OSR2": [578.629354783277, 282.6925791470219], "CPLX2": [519.5371409662346, 300.381673152243], "CPLX1": [177.81672478667946, 675.5746891721037], "POU5F1": [257.258377533085, 23.378477658447537],