{"C3orf80": [999.3054179945011, 590.0731953405489], "TBX20": [78.99294899431425, 420.75970351842216], "SCG3": [870.3200341574981, 570.1759229818755], "SCG2": [805.8643360243083, 536.7714657780532], "RAPGEF4": [30.32183188464785, 383.8223831064389], "MARCH4": [922.9062148508391, 413.49473590912106], "MFAP4": [933.7930711224694, 651.9755166528482], "HPCA": [184.16390231901556, 450.67787880510474], "APOC3": [583.347365429446, 573.4715319383529], "TMEM179": [26.35694825403766, 364.50801878950807], "ROS1": [613.1231495275523, 544.9725600653776], "CPEB2": [13.95382387320501, 459.88910931915683], "FAM182B": [531.6323558173634, 488.7490311506552], "FNDC5": [529.8776048592756, 473.93234582847816], "CACNA1B": [1000.0, 602.7197872268458], "CACNA1C": [962.4936165734848, 463.6024988471656], "PTGER3": [572.1913235170094, 583.6835913325965], "THY1": [914.5148790860669, 433.23833044262767], "NECAB2": [921.0751941452525, 647.6462195308143], "CAPN9": [29.21761941322802, 431.4122212916395], "IRX2": [965.1407637677094, 609.854301862063], "JAKMIP1": [512.272616643388, 541.0294240009114], "SPEF2": [560.9097850348701, 467.7670849517427], "ENPP1": [964.1948852787431, 636.1143690460214], "GC": [875.6560579682475, 455.94794992731715], "MT1E": [512.5175068307199, 566.7689975302374], "U50535": [931.2523388655917, 437.90220702187725], "KCTD12": [941.843639419351, 403.24181327155344], "GPR1": [94.94092431021909, 479.40634552705274], "ADCY1": [576.7120220656709, 559.5925088813981], "C22orf42": [961.7667554001881, 436.2383478326498], "KIF5A": [110.78889729707913, 404.81867238734867], "SLC2A1": [849.9510968835538, 464.56731825963755], "SYP": [893.1905397364699, 432.89488626301625], "CYP26A1": [24.970112110745617, 453.4997454295365], "GPR119": [507.3253955084687, 493.5965376569672], "MANEAL": [117.6761787984068, 379.3299857216731], "SCN3B": [814.1758848099045, 463.16906581085755], "INSRR": [979.0274734032693, 597.565150521078], "IL10RA": [186.52281695503956, 440.7553320955383], "STMN3": [547.8973783206785, 471.31878816192904], "GRIA2": [105.87166672594685, 463.00098228803984], "GNAO1": [874.8479401735101, 403.3249885661986], "ITGA4": [143.10837739797893, 426.44666522787304], "KLHL35": [942.7802565266311, 635.8068011319369], "FAXDC2": [67.0450331197427, 467.6942238602783], "CRYBA2": [492.741477108677, 539.0183334152565], "CRH": [933.0336661459214, 489.3550406663512], "RSAD2": [864.4671202484559, 580.9462101243003], "TMEM132B": [977.7713749345503, 563.4003363379525], "ADAMTSL1": [42.878063380472895, 374.74984853943397], "AMER3": [18.945497279931715, 399.23525104081017], "MIAT": [101.50297248153578, 357.4964406614148], "TMEM189-UBE2V1": [38.58018694721329, 359.6215905271536], "ZIC2": [929.3856378874534, 584.7027859029208], "HRH3": [293.8068208594401, 470.3395447755762], "CDK5R2": [2.246773755900904, 434.80095729027505], "CRMP1": [495.44442934831267, 553.3598097495487], "SCT": [13.373279179911492, 384.8815188606539], "MT1G": [90.47599393851556, 363.16998862178747], "GCK": [53.9617190596216, 486.31446827216575], "DRC1": [900.3209273577347, 493.7445338816186], "PTPRN2": [905.0738474888238, 628.4256791567148], "FOXJ1": [516.4528088180751, 480.69046826793306], "G0S2": [974.8212434035297, 624.6224834024756], "TTC6": [592.5437429595977, 520.7402743295456], "KCNK16": [540.8445897442404, 557.1143502443803], "KCNK17": [951.9167655894801, 623.0620556781682], "THSD4": [969.9414396021318, 576.1463366730349], "UNC5A": [591.451154815317, 552.4138066044826], "CHST8": [978.5231268827636, 641.4797748842877], "NFASC": [907.1309283117017, 409.35105867782715], "CNGA3": [940.2654898762326, 472.65924400050966], "GOLGA6C": [81.53862959225626, 483.826240682509], "DDC": [917.604487914569, 492.1143268808148], "ITPR1": [512.0581511108738, 526.693327859429], "HMP19": [138.3346745686917, 445.85787069390597], "PRDM14": [918.1814200015467, 635.186177953175], "KCNH6": [920.1290232507235, 392.812284124487], "ETV5": [520.9008318023384, 500.7138725895455], "DNAH7": [499.65485423510336, 508.5515595777724], "LHX8": [102.86512626422206, 386.3079899791864], "ELOVL2": [54.36202729596096, 443.68255525135464], "TMEM196": [555.9315601475884, 505.2845532344206], "CACNA1A": [553.438842026205, 582.6200206316419], "GAS1": [39.56457002125387, 482.66123471657966], "CD82": [15.236978368798987, 435.15479073101517], "EFCAB6": [38.895667309171586, 447.6513724543572], "SOGA3": [931.7804704472983, 604.8078839271329], "A1CF": [63.40260398394605, 348.02448334715183], "FOXC1": [51.883471152644915, 468.77118796236266], "C2CD4B": [564.4697275848803, 596.8459095722365], "FSTL5": [37.328754110860245, 466.85756543874095], "GHRL": [875.1565558394574, 426.25572745601823], "VSTM2A": [990.7970375171949, 567.167592523037], "MAPK11": [111.58198548521364, 367.1429590568924], "SMPD3": [574.2687167258105, 472.48688882012436], "BTBD11": [9.465355628696898, 418.6899587897698], "HTRA1": [896.0292400325822, 389.9841959013072], "SSTR5-AS1": [955.7370107991105, 590.2701349659915], "SLC25A53": [599.0384236296758, 491.14989873721663], "GDAP1": [983.1227855762148, 610.8286871941998], "KRT81": [93.6799878832303, 403.7915786779688], "CBLN4": [989.4745092893597, 629.9164315669586], "CHRNB2": [500.6956398762337, 567.8689239930602], "SCPEP1": [741.6465549558966, 488.99493798528727], "BSN": [-1.1368683772161603e-13, 411.72482385313845], "TNFSF8": [571.1602112811573, 495.3193279391985], "SLC8A1": [587.2944230737985, 479.7391852335645], "GPR83": [91.63550942897359, 466.06164400703165], "SUCNR1": [16.390395096593124, 373.37245178428395], "C10orf10": [23.50972651195309, 415.1724103837497], "RPS6KL1": [612.7286460923302, 525.5976909055754], "CAMKV": [997.1889340519413, 616.7405467007345], "BC133018": [578.236252282867, 598.4351298566309], "KCNIP1": [126.37951115610298, 416.38972709041855], "FEV": [892.9932082723931, 460.07991789352184], "SEZ6": [817.2615074178291, 475.3362435424906], "TMEM145": [551.1617143927637, 486.9055880873508], "UNC13A": [947.1892338591592, 438.43304175377256], "KCNH1": [908.468672547756, 390.1031659411769], "GABRB2": [26.96009670554008, 474.30837927658365], "C11orf87": [38.63463606481275, 419.04624246368945], "MAPK8IP2": [946.531143388392, 649.8633420862532], "CNNM1": [6.7290130447801175, 448.2861878388063], "RGS17": [890.9987616771767, 610.7293014683135], "XKR7": [78.32564083833108, 349.7101542826783], "KCNJ6": [125.22004338497476, 399.54646220593366], "GRIK3": [104.8310888474756, 446.8741336550892], "IGFALS": [512.9742451960158, 511.7979194008516], "SLC35D3": [903.1860451688007, 594.0404533570945], "GPD1": [882.4968178394416, 391.5582766232472], "KCNC2": [528.4037124523279, 543.1302297858122], "ANKH": [4.720882694719762, 399.23657032701277], "CHGA": [521.2255312177246, 578.1643068853073], "CHGB": [936.0381496672544, 459.5474194958896], "CKMT1A": [964.4045510730507, 648.7095301526035], "RUNDC3A": [842.4257507088571, 442.6061259598737], "MAP6": [527.0174535156066, 562.9162903082398], "GDAP1L1": [68.11578640393134, 486.66640204773967], "UCN3": [70.8481759830263, 361.4181623617231], "SPTBN4": [866.4827176860867, 443.50901662599506], "FBLL1": [883.3764589541363, 482.57402512762906], "RIMBP2": [853.4852996073944, 423.020986854306], "ASCL1": [589.4328940649065, 589.0193920758807], "PLCXD3": [538.7197091192276, 599.4956038703763], "GRIN3A": [118.8919707123863, 445.05861847735963], "RGS5": [608.4254707679999, 562.5682342307878], "RGS2": [597.3518046845645, 576.1733208973114], "TUBA3FP": [595.724078820744, 537.3580279991771], "ACOT12": [49.8026497651565, 354.272492401598], "DISP2": [493.2632515452783, 523.6960772282739], "TTLL6": [56.28128784875014, 365.6706888732363], "NR4A3": [558.1905255902777, 530.7347897519583], "RUNX1T1": [607.7339319115044, 507.037482297259], "FAM150B": [68.54172454970103, 452.71996609268666], "BAIAP2L2": [995.6680416965571, 578.6942223091123], "CPLX2": [947.9044564592173, 483.2597872764942], "POU5F1": [865.3209710653234, 410.1799980079105], "RAB3A": [51.18727254870362, 390.1298828147684],