{"TAP1": [877.477256177018, 899.306494054712], "AVPR1A": [70.30173347301584, 351.9178401470893], "SH3RF3-AS1": [500.46719334246814, 425.81052763024235], "AMBP": [146.3369611959617, 97.60596055150495], "PCBP3": [472.76477122086993, 436.6919456797362], "EPB41L4B": [942.4123880017669, 809.684979284651], "GPAT2": [4.528795665048278, 277.47851728573403], "CDRT4": [103.40358474723462, 160.71579684886424], "HEPACAM2": [550.408749488463, 360.6282879677649], "ZFAND4": [619.8144722378604, 503.19276339851297], "APOC3": [89.23081153614922, 346.1363684356959], "APCDD1": [862.8399019195354, 868.6989279438706], "AGT": [136.4268645056843, 104.4999752366275], "TMEM171": [123.82374454529835, 74.36765624401221], "LHX1": [948.3491795253162, 874.3549213189833], "PGBD5": [161.21306331438413, 152.55450988534662], "SAMD15": [88.29333345048155, 80.36432712751798], "LINC00305": [62.445800015712734, 139.75457719720998], "RGS5": [71.8019865643011, 163.31480067527693], "FAM182B": [575.0062304689459, 446.5670848557402], "GADD45A": [4.1765230815071845, 301.04257162779265], "CACNA1B": [972.3663949747436, 834.3013086469878], "POPDC3": [503.83590950301334, 457.47024902307913], "ADRA2A": [122.75187142885247, 114.34303479229266], "LYZ": [904.4756198372495, 881.8837039565376], "GADD45G": [961.9165853888583, 793.9302619111222], "DLGAP1": [589.8079284779528, 398.75771823549104], "NAALAD2": [893.1863038225165, 802.623316469964], "RELN": [485.4364458449677, 457.8186493321205], "ATP6V0D2": [878.8398509008111, 833.755063291255], "THY1": [135.58317100631555, 77.52081397312514], "SV2B": [539.6513132489428, 470.80874243538904], "WDR66": [101.50966612689015, 99.67335415726205], "MYT1": [395.32937176846247, 344.4055925751729], "CALCRL": [974.5715665537407, 852.3935620669863], "HLA-DPB1": [1000.0, 860.0799268349715], "SLITRK2": [916.3922373600292, 925.2519059568434], "SLC38A3": [946.5283036333592, 925.8519845023355], "SLITRK1": [136.30518068461976, 88.2952237887394], "HOXD4": [50.81957425309048, 135.24952087950987], "PCSK6": [486.8244693173544, 442.6882531810443], "LRRC6": [33.96321142150663, 305.4158243986561], "NR4A2": [117.47688026271771, 146.2039150044796], "FLI1": [527.2764158111532, 405.1084963658514], "SP5": [529.9868188411434, 464.61316034453125], "BCAT1": [914.4721783455907, 823.6295443256859], "GSTA1": [998.1841309957879, 839.1896447864967], "EHF": [91.24919933254174, 128.6066721485567], "POSTN": [508.06114667841973, 471.09529739650236], "CALCA": [494.15724993416814, 374.4587981646176], "OCA2": [18.215540112975305, 342.0570684699796], "ADAMTS20": [553.1288241802384, 457.0889370088404], "CACNA2D3": [501.92414617502095, 383.78407795296937], "TSPAN8": [982.1531886915, 903.6985973962392], "ATP2B2": [159.2311801754297, 96.48248843008025], "GATA3": [600.4201955679514, 392.6445113149683], "C5orf38": [515.206747656167, 362.38551587406147], "GPR3": [992.3678917381958, 823.6468674809256], "NME5": [392.9843575647874, 350.24056380201404], "SOCS1": [63.201992569630704, 265.1122224667499], "PLD1": [137.801909340828, 174.26459841571892], "MPV17L": [23.81015728770899, 331.4543676486345], "CCND1": [123.35084040797952, 161.91198478087824], "ROBO2": [74.03001706034024, 131.88314496132608], "MAGED4": [480.53905999209735, 364.85445240351413], "SGCD": [509.0235504358419, 413.5359822592613], "MAMLD1": [480.6333152453735, 375.918212182783], "ANGPTL4": [889.1675994363866, 900.9727641643718], "NPY": [929.8052129101434, 788.3955608846479], "DRC1": [86.49577330017462, 141.19967244189573], "HGFAC": [552.8936819854529, 373.3216685650134], "PTAFR": [901.4428161641365, 897.2780435687489], "SLC19A2": [125.02861112153374, 86.45422399142223], "SCN3A": [484.04382509943275, 405.44429819838166], "HHIPL1": [560.1272317000484, 385.0081045361971], "ANKRD50": [533.9307309877898, 436.669159440271], "KCNJ8": [561.8120926769143, 361.23375978673187], "MYRIP": [888.9854753404684, 819.9957973752157], "ELAVL3": [943.5828274564374, 826.0659600022988], "SLC7A7": [925.8260008646675, 924.9181624727122], "KCNG2": [569.1968914491607, 372.3710873989544], "C9orf50": [152.06108567302306, 145.14433431674584], "ITGA4": [578.0190358999121, 396.1687028589702], "ITGB3": [991.006675830643, 889.0515737180519], "RRAS": [480.6888800399603, 422.4147151128582], "C1QL3": [523.838927475783, 354.8560463036156], "CNTN5": [559.5334794124435, 337.6427004688767], "CRH": [593.7681707897887, 370.7366234171216], "PRRT2": [889.3762330890543, 887.6772511085209], "C11orf96": [535.1993016668292, 355.9871143337538], "HPSE2": [52.783732476594594, 146.58773192685513], "TSGA10IP": [980.8768732156977, 893.6638626279214], "PRLR": [512.3616114218586, 463.82562872382573], "AMER2": [904.472255087951, 908.9037072915388], "AMER3": [541.8797849041459, 458.62187496995904], "APOH": [80.07384460002152, 351.7310688277179], "BICC1": [165.7692825378558, 117.03823428363086], "MIAT": [64.41864567004725, 113.33684288746264], "C6orf141": [167.05040103986389, 139.45981328760823], "GNG5": [579.0740674695579, 364.9410508595827], "GRM8": [989.7747375591775, 834.3215614093401], "RNF135": [72.01567693309079, 149.04944573243273], "SYT14": [881.6701768121011, 909.075269379095], "HOXB3": [994.9453854946582, 880.0663587591981], "GRM4": [51.057675992047905, 124.55972895955847], "DLX5": [587.043067664206, 410.24208866232493], "ANKRD18A": [534.0527133076791, 449.5687853263561], "KCTD12": [59.966369320218774, 153.9639480219194], "NRTN": [462.7403710946188, 398.98176401267074], "SH2D3C": [26.221591976101195, 256.13501049424536], "SEZ6L": [496.15972674531827, 406.24119660004607], "FOXJ1": [72.42149541731959, 104.06572517890584], "G0S2": [598.3784333690071, 414.6403840691708], "KLHL35": [962.1389158687416, 869.1162183923312], "GFOD2": [5.684341886080802e-14, 288.86982716664807], "AREG": [555.9379650869159, 420.72661255249994], "HOXB2": [71.29504637634616, 294.4080786596706], "KCNK17": [983.4611791682962, 880.8868082318183], "VGF": [107.19530623833049, 312.06668247527307], "UNC5A": [958.9531225676544, 918.8965133772933], "LMX1A": [493.44482474685157, 347.27097334493584], "TFCP2L1": [888.6944079382517, 874.2713859576877], "C1orf53": [951.8907470572865, 817.8961346258758], "BCRP3": [533.1036506985189, 368.04431230673816], "SLC26A4": [504.42779488648745, 437.473438788576], "ACO1": [585.4436891695651, 463.9310918805871], "CORO2B": [588.336761772098, 359.7793910526856], "RAB26": [950.4376384947861, 906.9626280362115], "CHST5": [549.0947677189147, 334.1561238127441], "GALNT3": [970.9865245430431, 800.7009044587513], "BCAN": [67.77381365413274, 339.8746851853155], "OLFML2B": [466.52411380051893, 426.84060474779244], "PRDM14": [520.5451605600871, 471.7748778409008], "SCUBE1": [98.69558793394353, 75.55222249399463], "MTHFD2": [484.20111759365136, 387.5827417655905], "LRIG1": [932.2813939536413, 888.8537466328256], "TNP1": [104.57913097525034, 299.79928496582056], "GLYATL2": [585.472976838111, 374.6747624994054], "CD274": [978.3535195391664, 863.374795408507], "NPAS3": [447.908882829882, 379.3031220264364], "TCN1": [878.5528217436326, 885.4070483914941], "TNFAIP3": [553.9610811111536, 468.50696533686084], "INSM1": [572.5877867567252, 407.88712641111704], "GPR179": [986.5646859123269, 815.4292850369972], "RRAD": [482.47045968830054, 433.36648830210163], "KLHL41": [550.8909969338663, 348.3779807370044], "MYBPC3": [889.4203903603475, 837.5867633029186], "ITGAM": [30.25130085827675, 278.62213338932463], "HECW2": [561.4515582071933, 350.6385243275459], "SLC28A3": [47.510539928836295, 256.4755151479825], "LDB2": [528.3212707364066, 342.0524710553556], "CHRNB2": [537.4845227766364, 332.30549050033795], "RXFP3": [12.926425826294974, 283.94834739126946], "RTN4RL2": [77.13831123627679, 115.90965110294763], "WNT3A": [102.9195326954152, 323.29635002425897], "ACTA2": [566.2347560152455, 457.93501944281144], "C2CD4B": [169.34507625324494, 127.33052424583781], "RSPH1": [961.5011713537372, 896.4158493360064], "NPFFR2": [80.4920242196564, 84.885155871385], "MYC": [468.73623772242325, 381.4859607488843],