{"HIF3A": [963.30843012572, 344.28666419433756], "FLVCR2": [79.00114787086778, 748.7036025677903], "LINC00176": [587.1368210506502, 531.9418638996401], "MPC2": [579.4572876202067, 592.8608460349695], "CKB": [962.6333143823256, 385.42483293592056], "FAM222A": [530.524341792183, 625.412955263148], "MYL4": [933.4240374700724, 345.92690693885794], "L1CAM": [708.6697785312996, 451.472205342439], "MAFB": [0.0, 692.6061117953307], "RARB": [541.5819300023214, 547.0504277964075], "GADD45G": [105.91746646898815, 733.1009465639881], "FAM114A1": [64.43303335628383, 750.8107913887222], "MARVELD1": [593.8283588663937, 593.3925422464131], "FAM95A": [525.7720438330412, 613.190138130878], "ISG15": [983.4394077860229, 311.74014170280157], "MYC": [15.12489191038685, 699.2370203464728], "FGG": [998.719704582162, 348.08608638184614], "FGB": [548.4752216404652, 596.1621546890616], "RNF135": [847.8401718194522, 358.0578499260628], "HLA-DPB1": [565.1686738935275, 497.62615913938566], "ENTPD3": [989.4559963534651, 373.95243617543616], "LIPG": [593.8153468476729, 546.7984055915717], "ARHGEF19": [875.7304092348011, 344.77767710274685], "GLB1L2": [561.2986481238887, 578.4449288602829], "LEFTY1": [599.7804459331608, 521.0934746311584], "EHF": [976.9927876581494, 376.740325566587], "HRK": [100.28652867989973, 637.3769126381933], "CXCL5": [545.2697158696935, 611.8890055252851], "NKX6-2": [929.4320886778366, 395.09014990088065], "GPR3": [960.1863068446698, 277.63645546722387], "NME5": [929.0049021559015, 410.5391662702024], "KAZALD1": [623.6314867491304, 491.77290855022756], "SOCS1": [82.05620120317235, 725.1197280859587], "RFX4": [488.3855752257126, 561.9983455313222], "HCN2": [965.4403756520215, 327.52304948319295], "PKIA": [513.3105896191505, 601.1036000137655], "PPFIBP2": [495.7044623700822, 587.5415727588982], "AHR": [868.2048848227978, 327.2035100037114], "SPEG": [515.9512650319714, 487.61433961629314], "SLC19A2": [882.6314472738169, 299.9422959443411], "GRIK2": [952.3616641007056, 298.12802029130245], "HHIPL1": [558.9718500084033, 512.9150435291533], "TNFSF15": [53.195029743481086, 718.9506853389082], "MYO18B": [18.967824930799452, 684.627681630779], "SCHIP1": [851.8783978635588, 341.0292892264548], "CHL1": [962.8058155678016, 399.32944824976727], "TMEM185A": [526.3581557810879, 492.1004343637712], "AHNAK": [57.59121594688554, 698.6781443406077], "FOS": [93.32578862319798, 743.2312995528521], "SOHLH2": [525.0152214832007, 506.48284219840525], "THBS1": [898.0786227217015, 254.08769790950987], "PNPLA3": [491.5647451113736, 600.3020793034885], "SAMD5": [487.8608419514912, 546.9854491546611], "IGF2-AS": [984.0143499921005, 327.44331690169037], "GUCY1A2": [961.6820493407178, 311.34576948590427], "HRH2": [964.1213976604463, 360.7317239470635], "TNFRSF9": [65.37584275553155, 729.9156918449817], "CEACAM6": [941.0872991832425, 396.7922165208887], "NPPB": [36.10016951020839, 663.9236228229595], "CCDC50": [39.64226072478505, 695.0290386777717], "PDLIM3": [47.709609063327946, 621.339598413915], "UNC5C": [861.4674568564152, 276.23379837679664], "LMX1B": [589.7073013482966, 570.2985619760778], "VEGFC": [859.2495293069712, 289.1357657676949], "PTPN3": [826.2366092218676, 391.7021941655445], "AFP": [852.0156103965567, 311.58313971072715], "CMSS1": [507.91362745656045, 558.1490052413249], "GALNT3": [115.91941202125395, 718.5941794400508], "EGLN3": [51.5012948601601, 745.7568908256642], "PMP22": [502.50270904934587, 610.3124111215457], "KCNH1": [20.79524567988534, 638.9112746514891], "LRIG1": [4.261073188107503, 663.0556034709748], "MYBPC3": [582.1174602934416, 607.3736247707051], "SHISA3": [868.7625995342648, 309.60365481848504], "GAS1": [969.8023913554609, 288.3072748979917], "FOXC2": [911.7398446227412, 335.9575271020256], "NXPH4": [32.51508940018931, 648.4096149890543], "TMEM88": [875.3252287164428, 264.27846694838354], "RCAN1": [94.69975818974461, 710.2288051727714], "ONECUT2": [31.44917856864538, 628.193197544858], "JAZF1": [988.0011665241386, 290.23806086261663], "TBX3": [77.44176135996884, 680.9618006034714], "NPHP1": [914.7090204634158, 409.514340644802], "PTAFR": [858.1302096303771, 377.6596891368204], "GRASP": [567.9368292310186, 557.7603214042714], "IL1A": [585.5422549138227, 501.12046164427784], "FLT1": [1000.0, 334.0414163577181], "NEURL1B": [942.2438119755991, 364.037546837901], "AREG": [463.4644546213173, 549.1718639212162], "CATSPERG": [472.26894839482867, 569.9584184535541], "GDAP1": [121.51725945107728, 699.6293632748855], "ZNF385B": [500.70083216336644, 492.28305901319845], "SMTNL2": [514.7248442247355, 518.2811844482208], "FOSL2": [999.1776946338834, 319.68607141332194], "TCF24": [924.4001804414977, 249.18920861127773], "DNHD1": [33.30058919338143, 732.8322028342861], "ANKRD29": [483.9145341669655, 504.6874797956855], "LAMA3": [630.4716677558522, 502.3224329019123], "ESRRB": [547.6384766378588, 625.3068646850036], "CCBE1": [904.0143425556287, 374.17055295325343], "COMP": [976.4028953689483, 389.6943344402195], "MCAM": [914.4167525678158, 284.80336846485545], "KIAA1045": [966.6486310582909, 264.93480535165736], "MFAP3L": [915.4740797763709, 300.10054475252144], "GRAMD1C": [947.870055086483, 284.05339712104023], "LRIG3": [599.7413455770971, 580.648213709038], "ANKS1A": [472.9757753046304, 524.3990120523677], "HEY1": [113.6483702520672, 655.2215043893159], "GALNT14": [979.1394190361337, 299.1044220817751], "RAB33A": [743.418885107052, 432.012149133015], "ID4": [978.4631407015271, 357.1764198106189], "LMO3": [600.8001990805967, 560.0699802074379], "NRARP": [890.8232623119577, 398.9467544146171], "ID1": [84.07394913969131, 625.8719761546681], "NTM": [874.0459501015393, 375.224461300242], "RAB17": [92.05113762811135, 662.043569993073], "IER5": [983.1400652260646, 342.64173809061447], "LPAR3": [10.231804465725077, 649.9768099871824], "CPN1": [531.590625706825, 587.6229100430687], "HAPLN1": [565.2550725514052, 533.3776376841878], "CFC1": [18.111986590854144, 719.2199011863427], "NKD1": [22.3498585585437, 670.271786179434], "TGFB3": [910.6015829014098, 250.61563089444053], "GPRIN1": [121.24120119221152, 677.1152742965038], "PRSS1": [487.00249792311234, 577.7402709113811], "MOXD1": [932.0414873837386, 307.9763619031382], "SOX9": [891.1843440247903, 285.80692867371283], "BAALC": [329.5226242518436, 608.0873206421621], "MYBL1": [940.6308284251068, 326.2188441373602], "FBLL1": [994.7418503993349, 361.3519041581742], "PARM1": [559.3071448366235, 607.5046370468145], "RAB3IL1": [100.40826120548866, 686.9996498780981], "CEBPA": [951.352559954205, 406.57180990212794], "KLF10": [953.027405703029, 258.91430503555677], "PLEKHF1": [60.430588670396276, 637.2368569931464], "ATP13A3": [888.4517339773722, 360.1477337072087], "NPAS4": [571.1614305362934, 616.0567255132098], "TLN2": [544.3210374448878, 488.22461221669295], "FUT5": [995.4036939516325, 305.20790480161264], "DNASE1": [19.442463010503502, 732.4639740423705], "SLIT3": [500.8860511947682, 509.7074378078354], "LIPH": [928.8319367149402, 277.45513280259274], "LRRIQ1": [0.9378990379046286, 677.3258257723567], "JAG1": [43.97742485418479, 635.2228679596408], "SPINK1": [901.6872654465751, 272.44599908004597], "TTLL7": [875.0632331550883, 277.62333562902114], "TMEM51-AS1": [886.9828679086029, 259.75986130335025], "CALCRL": [431.9184835107661, 583.5220221268314], "NR4A3": [903.890874703, 401.60373118260327], "ATP10D": [428.4741672098015, 572.7070603508872], "NIPAL4": [942.6203520653819, 380.254155625562], "SERPINA3": [851.758361595208, 324.9084141151906], "EBF2": [38.23389735733173, 744.92500061889], "SSBP2": [917.9751075026052, 264.479674461145], "NRP2": [883.6512743238159, 387.1406607054961], "TAP1": [934.4285749279779, 255.12483285021915], "SLC20A1": [492.9448268765487, 521.806240379708], "TBL1X": [532.3872132398457, 479.2696572004555], "PLEKHG4": [75.24610911433308, 647.6581098083332], "LACC1": [941.0910868571683, 267.3375516929936], "MPPED1": [4.14222100916237, 707.9138047594512], "CD163": [31.04525906151906, 710.3788341460231],