{"CDH11": [330.7710663317112, 670.6575452885484], "NGF": [69.2431629129299, 911.1025494580207], "AVPR1A": [409.5606456712435, 775.6183448415595], "FJX1": [191.551673694072, 637.161883855057], "NUAK1": [110.98302143570976, 942.4519767194503], "MYBL1": [842.271325569565, 319.79660896216217], "IFFO2": [114.0838695462229, 685.8597562962476], "KIAA1653": [49.487884663837065, 750.424194564433], "UNC93B1": [691.0256049454777, 27.18424796404662], "BDNF": [822.8141994593198, 0.0], "NAALADL2": [922.6128478464288, 279.7269612798598], "CARNS1": [886.459920808973, 24.416615704749915], "KLF11": [777.9206310499666, 191.16771959985886], "PGBD5": [739.5613825432599, 79.61934399631463], "NR2F1": [897.1102951003684, 128.67150345124804], "PDZD8": [161.7710594687925, 915.7555009025891], "CLIP3": [270.60006334294667, 646.2033992615009], "NEXN": [66.63909096637445, 860.5164057017487], "CASR": [938.2767002514895, 70.21921870944914], "DUSP4": [954.271934736074, 141.88629968001368], "IRX3": [247.33097745555284, 789.1296965410168], "KIAA1683": [675.1063835393691, 296.0111543287062], "GFOD2": [134.91059290315718, 633.672350659102], "LIPH": [45.728065263926226, 801.4679355457681], "SCN8A": [253.6923808653097, 959.215181598328], "TFCP2L1": [322.6359334276326, 973.3618248302774], "C1QTNF1": [376.16670730771386, 719.7957392351609], "TNFRSF21": [381.47732275238343, 828.2499664832665], "SHOX2": [319.09069807929933, 927.690785068829], "MERTK": [725.8921328716275, 344.72623568803016], "SLC25A25": [380.38698002077666, 955.997881169262], "PTPN3": [216.85828495647405, 1000.0000000000001], "SLC15A1": [396.52919470862213, 903.1012770117815], "FOXN3": [882.7746921789301, 208.59387516613958], "KCNJ6": [784.223897232598, 259.7759496363259], "LRRC32": [577.9142795234278, 425.7256485461387], "NOG": [952.8742508564915, 207.78583261107957], "TFPI2": [666.9395187340604, 85.04090862625338], "KCNK12": [64.87221925350457, 700.8647707469299], "NECAB1": [104.55879183931114, 816.6351832189343], "PTGES3L-AARSD1": [168.3469277714434, 975.5901741395687], "PANX2": [823.9224359249531, 82.21424293882046], "CPN1": [224.3888992907901, 700.871454069199], "AX747167": [755.2183539662726, 0.2905188804137424], "TMEM151A": [324.8572553605842, 877.4079226443841]}