{"AVPR1B": [422.7027398707379, 548.7048316576474], "TGM2": [375.9400238157368, 586.8717252284], "MPC2": [535.0544789176568, 527.9114222519843], "PCSK2": [990.9537480959531, 772.2288793795149], "PCSK6": [994.9972002593981, 794.4631591263299], "GSTA1": [511.7363385004296, 565.2131961970838], "CD36": [386.91460523847167, 567.341486752578], "SYNPR": [355.45762890104413, 563.1813184390508], "HPSE2": [156.97551182359206, 271.139481969946], "CACNA2D1": [864.6768590796786, 904.516057048343], "LHX6": [450.0913156425832, 508.9774867919072], "AK092048": [885.6281700850813, 926.8612064193763], "PTGER4": [78.84797776009805, 82.63703308928098], "ADAMTS9": [909.2008460839538, 924.4998838646466], "NAV3": [510.4921063420262, 470.24002220756466], "GUCY1A2": [943.1977567899493, 809.0043974371995], "NAALAD2": [489.41418617655404, 492.3603507254016], "MFAP3L": [789.2695168056094, 725.648537113095], "MYT1": [125.48163352904544, 80.16241199032874], "RMST": [461.85649309207395, 414.18317212322995], "LIPG": [852.1879133625825, 767.6662701165623], "CRTAM": [34.520486182385866, 97.15691393321862], "SERP2": [412.8419600533285, 433.0472920353277], "MEG3": [147.21892961521627, 92.98535285659494], "SLC15A1": [106.25263431205326, 219.34055590136782], "NME5": [532.3806633023005, 457.41048440060746], "KCTD16": [888.8696147613027, 755.7907991542882], "CCND1": [846.9444961362927, 918.1993868564534], "ROBO2": [1000.0000000000001, 838.9169820441675], "NRXN1": [938.4018852119929, 721.3403748527599], "SCGN": [985.9067406296399, 856.6682106887052], "GNG5": [873.2495750806063, 869.1582631270949], "GNG2": [485.0042013368352, 559.8974067510071], "ACOX3": [929.7304031312226, 916.4217498512161], "GRIK2": [914.15094963716, 827.9933163883834], "IL20RA": [921.2124866082324, 753.4102651511546], "NGF": [911.446652875866, 716.827362222461], "C3orf67": [408.82631680256407, 515.9309933806953], "LPPR5": [563.0450496036458, 568.8702289877341], "CNTN6": [812.983167156362, 885.5137627662866], "SLC25A30": [392.0293301357201, 443.4451683629314], "ACADL": [930.8160684217062, 893.4897085693879], "CPA2": [471.02550836057185, 582.9123827843973], "MEIS2": [686.4479337244431, 672.615006444187], "PNPLA3": [997.7025077528391, 815.784111650383], "PALMD": [961.3338649660229, 733.3910676212247], "GRAP2": [904.5292434265277, 861.5774228750674], "MYPN": [522.1094273956944, 501.34754679752234], "DCHS2": [10.912954962556341, 137.7758598677392], "VGF": [411.66233790350014, 576.734157012685], "UNC5A": [974.7302254689318, 888.5383018589018], "CCDC3": [94.9259815105188, 107.86290717679054], "SHB": [68.707348447826, 176.0772143344331], "IGFBP7": [947.423921899936, 763.8319458385197], "HOXA-AS4": [549.7327080772067, 589.7120947848138], "ST8SIA5": [951.8049744884426, 851.459618132006], "CDHR3": [829.2741707303745, 902.3985126919059], "SCN3A": [437.4345521549525, 442.94646565587914], "HECW2": [960.4361526909036, 787.6540375211086], "NXPH4": [517.5305408659817, 435.37569064622187], "FJX1": [843.5649114745572, 859.9779147914517], "TENM2": [165.80252117447657, 254.85271423748296], "TXNIP": [254.49292091862247, 328.92223993091545], "BTBD11": [889.3882604696078, 902.7583638845697], "MECOM": [110.4530817298546, 182.18874715275615], "DUSP4": [20.42273547472348, 192.36220110346915], "DLC1": [4.968709934161097, 159.39349795802252], "RXRG": [438.4768293336306, 416.54901411595324], "CALB1": [383.3228353490264, 506.16017731331954], "LINC00907": [262.8593768394696, 320.9882891073007], "RGS17": [50.235773676733174, 144.13247101784128], "COMMD3-BMI1": [799.0284425749325, 836.1399350284244], "F5": [51.67123588318725, 197.8845277578231], "CAPSL": [377.3424650189974, 536.8798892975582], "CADM2": [153.9620261792362, 175.39083007099134], "PAPPA2": [101.72886351463785, 73.13879358062366], "UNC80": [184.9169817207155, 238.27393510142835], "CXXC5": [824.1855713380828, 835.9012151077347], "COL21A1": [800.7881804449466, 863.4627099971221], "MYO16": [843.666489357211, 731.842815131188], "CDH11": [403.4113338547319, 600.8714358273955], "HS3ST5": [646.5308244603998, 644.7820970269008], "CDH12": [430.4232018259788, 606.7712892879838], "CAMK1D": [125.7846581015894, 130.18393261028848], "SYNPO2": [957.6152634898966, 873.943119203852], "PCOLCE2": [979.1197708959058, 751.3740394694105], "MAP2": [164.5211660896473, 117.01512489285068], "FOXO1": [90.25357338193737, 252.66979201469368], "LOC100996634": [202.31005995493337, 221.70840798951036], "DSCAM": [0.0, 182.91139742143338], "SMOC2": [359.54308358660296, 479.82882426343093], "FBLL1": [26.33893721629147, 221.75416564555601], "RAP1GAP": [485.5232140984147, 414.5207969097304], "LYPD1": [774.3244691382649, 746.9738240618909], "NEFM": [880.8771924595903, 721.6005847319797], "PLCXD3": [491.9830123466676, 436.88065494165664], "SLIT1": [377.41847692699895, 461.8912760698305], "SPINK1": [349.02293176488877, 505.5908817753576], "SPON1": [347.06640695042654, 534.3647809565337], "POU3F4": [879.3669418739231, 808.0891290227323], "SLCO2A1": [971.0932452325079, 835.215058467991], "CES1": [59.27939241582703, 90.28803158196587], "MAN1C1": [180.10758637035696, 156.89016114527402], "RAB3C": [61.4162107978658, 115.47309835842537], "FFAR4": [48.53429092133547, 240.66522552603507], "LOC283731": [815.4342827516197, 775.6755075552755], "CYB5A": [20.261973360911156, 116.91890149778789], "ZFR2": [954.7696345855627, 902.982991895188], "COL6A3": [454.8004668474995, 601.08138340242]}