{"TAP1": [858.657214115116, 864.0896524573207], "SLC6A2": [403.9618660463175, 511.10596698057725], "HSF4": [130.08541849984402, 3.7080155479242194], "DL492557": [313.3134903961373, 521.8058170480667], "FAM222A": [872.6127721051662, 976.7105398065016], "TBX20": [917.147104399507, 873.2803977716484], "CDRT4": [912.8531833049769, 902.6608483697057], "NKX2-8": [367.2675894771512, 541.304084842711], "JPH4": [286.2009359655068, 529.656981980779], "TMEM179": [339.6200164866929, 473.9337057511786], "NKX2-2": [125.2753239936522, 83.52983728382083], "FBLN2": [886.4732065737155, 958.5785391283284], "AGT": [438.4164593988626, 503.0600615115336], "BCL6": [813.8250089578962, 952.8249236864472], "LIX1": [281.5282338405832, 553.835453038681], "ADRA2A": [927.0157269678376, 948.3250313037471], "CA8": [179.92228433753007, 77.34995866240479], "CGREF1": [954.4188289160224, 920.5996287214729], "C5orf46": [432.23681443505257, 551.9157670236517], "CDH5": [139.45140163311993, 119.56690993406414], "NECAB2": [405.47899427563493, 613.3501915385906], "GLT8D2": [328.0393144316163, 493.36617063608674], "SLITRK6": [783.7494836963283, 919.4714156159208], "SLCO3A1": [80.17474895532285, 37.88007294511635], "CDH20": [895.9506229734609, 918.3931170232768], "HOXD1": [98.21630795065045, 4.825459692202685], "WNK4": [940.3193507337403, 927.5219924733487], "CXCL14": [81.4989781948305, 121.68840734138684], "CXCL1": [942.3074120708876, 955.1544616568453], "CXCL5": [931.4777854652878, 968.1338319773222], "RFX4": [850.1746533855016, 827.4076801857709], "FAM155B": [59.47482443985393, 99.44991734911537], "MEGF10": [319.7244726255184, 618.3804709122738], "SLC2A1": [803.0311957131639, 930.0858203391094], "GNG3": [70.2321120926614, 18.99001059723696], "WNT7A": [373.62276682941285, 487.4713200328479], "ID4": [305.1313883035583, 535.8905531846407], "AK308605": [162.94324760555168, 14.694275059740107], "MARCH3": [302.36288965958875, 606.9322161905694], "ACVR1C": [423.0070969592406, 480.72094781228867], "ATP2A3": [444.2576670595174, 542.0357704856427], "MAGED4": [92.64024207085947, 68.13788811937405], "CELF4": [939.3167613694168, 906.8884354324546], "LPPR4": [279.29975872654825, 570.5020663313253], "SLC25A30": [814.4198026611384, 914.5207293078881], "MAFA": [858.5726669175007, 903.5793220909859], "HSD17B2": [113.54107598293314, 0.0], "CYP11A1": [321.83628707360634, 546.3358863282467], "AK097012": [145.39130017610285, 7.748802835269885], "PKDREJ": [637.4508927746698, 740.53990529766], "PAMR1": [354.7229880293586, 612.7543243764932], "MFSD2A": [910.3418004922305, 847.194038923953], "EGR4": [297.8975756290591, 492.78249124851493], "HSBP1L1": [925.0848695322082, 914.2663925626555], "KCNK16": [929.5239613457794, 890.7860300028449], "ZIC5": [409.62739421086894, 473.72995014884356], "ZIC2": [396.93125689934516, 464.645835220887], "RNF135": [383.52027277814034, 583.0225812820361], "ANGPT2": [860.2798050129074, 967.3691112037402], "ANXA13": [812.5471118846917, 978.4150104884899], "CLDN5": [371.50182621997635, 571.6095006982404], "DRC1": [65.8674092984445, 115.16649868602912], "FOXJ1": [312.73762232846633, 486.8860150974889], "DCHS2": [906.1839386380018, 987.2626548814743], "PODN": [354.01172819360403, 591.4503579882867], "HOXB2": [337.39645180501714, 527.3338597052199], "MN1": [871.1819262546968, 839.7721709439999], "C1orf53": [852.4487300356463, 944.4603859839127], "MMD2": [899.0012120065136, 835.5250318931378], "DCDC2": [919.9489550855908, 979.4680086531139], "BCAN": [795.9787213367739, 954.562221845152], "ANG": [889.1483272857802, 973.7094771225266], "DEPTOR": [891.8482655890682, 994.2096880445229], "NLRP3": [787.6976474428589, 860.0643292875011], "LRIG1": [931.8050515739488, 851.4943602751248], "IRF4": [142.00721582963524, 23.605880678562414], "GPR179": [342.19986342416905, 505.48431455556306], "MAOB": [287.3770865926691, 590.1869710869353], "MYBPC3": [844.1630517675411, 846.7529687331928], "HOXA9": [917.2460371771681, 932.6418481636701], "SPOCK2": [788.972803196731, 902.2740712146641], "SLC18A1": [832.6971262051486, 897.6083179625301], "C8orf31": [437.7516050638786, 566.9293293957464], "BAAT": [800.4895552041991, 969.0789953118249], "C8orf34": [876.291065339066, 935.3603358232758], "RTN4RL2": [404.4331999931877, 558.3203688344954], "ANKRD37": [838.0040944041359, 971.8643895756852], "KIF19": [134.94652634356595, 47.527385671618106], "SH3GL2": [862.8657633378493, 881.8261387777566], "TBC1D8": [893.13305752783, 870.5958224993465], "TP63": [953.8895099635905, 901.9263882833123], "AJ420422": [120.56440652881008, 19.88949694164296], "AFAP1L2": [910.3466448094808, 964.4153122824148], "SMIM5": [393.0673395004825, 491.965219749671], "FAM21B": [63.092502481750444, 75.44242899037073], "CCDC74B": [419.0645377156575, 591.6380978352784], "NMNAT2": [374.0763887452416, 609.3780889706442], "RAB17": [800.0455790339639, 841.3704781646043], "FGD5": [68.44292583207982, 55.19847862538671], "CCBE1": [148.28327047553046, 98.82496031032167], "ASCL2": [173.77550865321285, 28.60681565535549], "SSX2IP": [302.06514020714394, 430.31210965631664], "AK054990": [430.96697769632476, 517.4760847417831], "FRMPD1": [61.70404125356049, 33.23330876963371], "KCNB2": [276.1186316311928, 539.6485307044913], "BDKRB2": [831.3212065808666, 948.6963648654969], "RAB33A": [828.1074299032555, 836.9142430457807], "F5": [853.8942197381866, 984.8120932645106], "AX748395": [181.1768969182258, 43.93722311689703], "CAPSL": [169.12652385285185, 92.78068178662801], "PAPPA2": [337.48892604749886, 604.429041761699], "SSTR1": [802.6920755450967, 887.9158456242344], "SOWAHA": [348.3447825939402, 454.9995853765214], "SUCNR1": [826.5022928496812, 874.6912996392908], "SLC35D3": [786.6195507804459, 936.5113859229966], "LPAR3": [944.3568808881312, 862.2082651511023], "HAPLN1": [83.92843791858257, 11.073767764537479], "STEAP4": [322.16713470713825, 464.34921378323287], "CPED1": [343.16604863434486, 562.4193392464684], "SMN1": [371.9098317447342, 472.85387606621293], "KCNC2": [153.090458810416, 40.65434242932071], "CD55": [401.80815469759074, 581.5326078310384], "TMEM257": [355.75553073645506, 481.40235069954053], "PLAUR": [50.04683122294682, 84.01494251510263], "MAP2": [76.80644824456203, 86.10373739590568], "SOX9": [255.93077631747553, 330.65405199931695], "DSCAM": [298.5880956188524, 512.4354378819668], "SOX3": [314.7557453972528, 424.8196425603234], "PLEKHN1": [324.385837221287, 598.0859961738634], "GRID2": [903.4484361199518, 946.7568392422146], "SERTAD4": [409.9068093609506, 533.6230611602483], "CRABP2": [98.55724787806099, 125.96054310176078], "CEBPD": [118.37997517347304, 126.36931109446465], "NEFM": [393.33771626117453, 605.6630067794351], "MMRN1": [362.64964996723353, 627.9569686999959], "TM4SF1": [99.87197891185002, 28.152602636693018], "PLCXD3": [305.2689251572592, 589.4810499853781], "ZAP70": [379.74006454517166, 462.9131399237449], "SLC16A12": [54.57843484540558, 47.18920746977892], "MSX2": [385.1417109897151, 623.6039612359187], "CLRN3": [950.3209818800349, 939.832858354283], "MID1IP1": [339.62329325922974, 625.7256928544481], "DLX2": [875.9440375022075, 997.6172358523202], "ANXA1": [825.684314821429, 984.3085065983992], "BEX1": [180.86021308232637, 60.33396692106106], "PDIA2": [324.34740354931495, 581.8726509292826], "EBF3": [285.49593611293614, 505.97810616189275], "RRN3P1": [886.5078353658878, 829.3104341070655], "RTEL1": [882.3118406136257, 854.811681609574], "PGA4": [295.6243984321982, 572.6016594550825], "PGA3": [309.37608667251186, 566.5062063879087], "NEBL": [816.6314209989733, 857.6818467379878], "LACC1": [934.3418865305498, 872.4261667767316], "SEC11C": [45.58117108397755, 64.5120525549487], "EFCAB6": [841.5880313708717, 995.5300400772596], "LHFPL3-AS2": [111.6889592021576, 51.84483936930383], "RNF165": [870.1837611750897, 822.164025914002], "PHGR1": [744.266356163706, 826.3224804086493], "AK316321": [444.02173581098475, 526.1718709604957], "DRD2": [858.971099020401, 1000.0], "TFAP2A": [946.3546815927666, 883.5976424917338],