{"IL13RA2": [963.4011498537768, 487.3808009066604], "AFAP1L2": [15.991490074247338, 574.4796731737774], "IL23A": [312.3690134105914, 761.6904055786158], "MARCH4": [990.4499741534648, 378.309618120108], "SCG3": [190.44206603730373, 493.0503389664823], "CPLX2": [898.6770788099184, 304.39883971160396], "SCGN": [865.5627645129111, 160.31586105121835], "CNGA3": [136.51394129036282, 839.6841389487818], "MYT1L": [205.84435831023984, 648.1171319192626], "LPAR3": [418.3204133521016, 551.9106293012669], "C11orf87": [0.0, 741.7533785212213], "NYAP1": [1000.0, 218.7230305204548], "ST18": [796.4661188362838, 381.8137008724899]}