TF	Target	SignedQuantile	NonzeroSubsamples(Stability)	pCorr	stroke	stroke-width	stroke-dasharray
NEUROD1	IGFBPL1	1	50.99	0.988	rgb(228, 28, 30)	2	None
NEUROD1	NEUROD1	1	50.99	0.985	rgb(228, 29, 31)	2	None
NEUROD1	RGS4	1	50.99	0.986	rgb(228, 29, 31)	2	None
NEUROD1	SCG3	1	50.99	0.986	rgb(228, 29, 31)	2	None
NEUROD1	SSTR2	1	50.99	0.988	rgb(228, 28, 30)	2	None
NEUROD1	VWA5B2	1	50.99	0.991	rgb(228, 28, 30)	2	None
RFX6	CNIH2	1	50.99	0.985	rgb(228, 29, 31)	2	None
RFX6	JAM3	1	50.99	0.987	rgb(228, 29, 31)	2	None
RFX6	KCNH6	1	50.99	0.991	rgb(228, 28, 30)	2	None
RFX6	OR51E1	1	50.99	0.989	rgb(228, 28, 30)	2	None
NEUROD1	CHGA	0.99682	50.98	0.98	rgb(228, 30, 32)	1.9998	None
NEUROD1	HEPACAM2	0.99682	50.98	0.978	rgb(228, 30, 32)	1.9998	None
NEUROD1	RIMBP2	0.99682	50.98	0.976	rgb(228, 31, 33)	1.9998	None
NEUROD1	ST18	0.99682	50.98	0.985	rgb(228, 29, 31)	1.9998	None
NEUROG3	C2CD4A	0.99682	50.98	0.976	rgb(228, 31, 33)	1.9998	None
RFX6	CDK5R2	0.99682	50.98	0.981	rgb(228, 30, 32)	1.9998	None
RFX6	LOC728392	0.99682	50.98	0.979	rgb(228, 30, 32)	1.9998	None
RFX6	MAP2	0.99682	50.98	0.98	rgb(228, 30, 32)	1.9998	None
RFX6	MARCH4	0.99682	50.98	0.976	rgb(228, 31, 33)	1.9998	None
RFX6	RAP1GAP2	0.99682	50.98	0.985	rgb(228, 29, 31)	1.9998	None
GATA6	CNOT6L	0.99363	50.97	0.973	rgb(228, 31, 33)	1.9996	None
NEUROD1	AGT	0.99363	50.97	0.972	rgb(228, 31, 33)	1.9996	None
NEUROD1	ENPP2	0.99363	50.97	0.97	rgb(228, 32, 34)	1.9996	None
NEUROD1	NKX2-2	0.99363	50.97	0.968	rgb(228, 32, 34)	1.9996	None
NEUROG3	SOX4	0.99363	50.97	0.97	rgb(228, 32, 34)	1.9996	None
NEUROD1	DSCAML1	0.99045	50.96	0.96	rgb(228, 34, 36)	1.9994	None
NEUROD1	KCNJ11	0.99045	50.96	0.957	rgb(228, 34, 36)	1.9994	None
NEUROD1	LOC642366	0.99045	50.96	0.962	rgb(228, 33, 35)	1.9994	None
NEUROD1	SCG2	0.99045	50.96	0.964	rgb(228, 33, 35)	1.9994	None
NEUROD1	SLC6A17	0.99045	50.96	0.964	rgb(228, 33, 35)	1.9994	None
NEUROD1	SLC8A1	0.99045	50.96	0.959	rgb(228, 34, 36)	1.9994	None
NEUROD1	SSTR5-AS1	0.99045	50.96	0.958	rgb(228, 34, 36)	1.9994	None
RFX2	GPR137C	0.99045	50.96	0.956	rgb(228, 34, 36)	1.9994	None
RFX6	ARNT2	0.99045	50.96	0.956	rgb(228, 34, 36)	1.9994	None
RFX6	CACNA1A	0.99045	50.96	0.957	rgb(228, 34, 36)	1.9994	None
RFX6	GABBR2	0.99045	50.96	0.96	rgb(228, 34, 36)	1.9994	None
RFX6	GNG2	0.99045	50.96	0.961	rgb(228, 34, 35)	1.9994	None
RFX6	KIF1A	0.99045	50.96	0.964	rgb(228, 33, 35)	1.9994	None
RFX6	NFASC	0.99045	50.96	0.965	rgb(228, 33, 35)	1.9994	None
RFX6	PDZRN3	0.99045	50.96	0.956	rgb(228, 34, 36)	1.9994	None
RFX6	PSD	0.99045	50.96	0.963	rgb(228, 33, 35)	1.9994	None
RFX6	SCGB1A1	0.99045	50.96	0.961	rgb(228, 33, 35)	1.9994	None
DACH1	AK092048	0.99045	50.96	0.955	rgb(228, 35, 36)	1.9994	2,2
ELF4	RFX6	-0.98727	50.95	-9.5E-01	rgb( 10, 91,253)	1.9992	None
FEV	PHLDA2	0.98727	50.95	0.951	rgb(227, 35, 37)	1.9992	None
NEUROD1	ABCC8	0.98727	50.95	0.952	rgb(227, 35, 37)	1.9992	None
NEUROD1	ADAMTSL2	0.98727	50.95	0.949	rgb(227, 36, 38)	1.9992	None
NEUROD1	CAMK2B	0.98727	50.95	0.945	rgb(227, 36, 38)	1.9992	None
NEUROD1	KCNJ6	0.98727	50.95	0.95	rgb(227, 36, 37)	1.9992	None
NEUROD1	SCN3A	0.98727	50.95	0.952	rgb(227, 35, 37)	1.9992	None
NEUROD1	TMEM132B	0.98727	50.95	0.947	rgb(227, 36, 38)	1.9992	None
NEUROD2	HES6	0.98727	50.95	0.953	rgb(227, 35, 37)	1.9992	None
NEUROG3	RFX6	0.98727	50.95	0.947	rgb(227, 36, 38)	1.9992	None
NEUROG3	SPON2	0.98727	50.95	0.955	rgb(228, 35, 37)	1.9992	None
RFX6	DPP10	0.98727	50.95	0.946	rgb(227, 36, 38)	1.9992	None
RFX6	GCK	0.98727	50.95	0.948	rgb(227, 36, 38)	1.9992	None
RFX6	GDF11	0.98727	50.95	0.949	rgb(227, 36, 38)	1.9992	None
RFX6	KCTD12	0.98727	50.95	0.948	rgb(227, 36, 38)	1.9992	None
RFX6	MIAT	0.98727	50.95	0.955	rgb(228, 35, 37)	1.9992	None
RFX6	MS4A8	0.98727	50.95	0.951	rgb(227, 35, 37)	1.9992	None
RFX6	NDRG4	0.98727	50.95	0.947	rgb(227, 36, 38)	1.9992	None
RFX6	WNK2	0.98727	50.95	0.945	rgb(227, 37, 38)	1.9992	None
SOX4	BAMBI	-0.98727	50.95	-9.5E-01	rgb( 11, 92,253)	1.9992	None
TFCP2L1	PTGDR2	0.98727	50.95	0.947	rgb(227, 36, 38)	1.9992	None
DACH1	PAX4	0.98727	50.95	0.951	rgb(227, 35, 37)	1.9992	2,2
ISL1	ID2	-0.98408	50.94	-9.4E-01	rgb( 13, 93,253)	1.999	None
MAFA	GPR137C	0.98408	50.94	0.941	rgb(227, 37, 39)	1.999	None
NEUROD1	BHMT	0.98408	50.94	0.94	rgb(227, 37, 39)	1.999	None
NEUROD1	CADPS	0.98408	50.94	0.941	rgb(227, 37, 39)	1.999	None
NEUROD1	PROX1	0.98408	50.94	0.936	rgb(227, 38, 40)	1.999	None
NEUROD1	TMEM196	0.98408	50.94	0.943	rgb(227, 37, 39)	1.999	None
NEUROG3	POM121L9P	0.98408	50.94	0.941	rgb(227, 37, 39)	1.999	None
NEUROG3	SHF	0.98408	50.94	0.941	rgb(227, 37, 39)	1.999	None
NEUROG3	SUSD2	0.98408	50.94	0.939	rgb(227, 38, 40)	1.999	None
RFX6	NOL4	0.98408	50.94	0.943	rgb(227, 37, 39)	1.999	None
RFX6	PTCH1	0.98408	50.94	0.944	rgb(227, 37, 39)	1.999	None
RFX6	SYT5	0.98408	50.94	0.936	rgb(227, 38, 40)	1.999	None
ATOH8	TMEM8C	0.98408	50.94	0.945	rgb(227, 37, 38)	1.999	2,2
ELF4	PCYT1B	-0.9809	50.93	-9.3E-01	rgb( 15, 94,252)	1.9988	None
HES4	ITPR1	0.9809	50.93	0.926	rgb(227, 40, 42)	1.9988	None
HIF1A	ADCY1	-0.9809	50.93	-9.3E-01	rgb( 15, 94,252)	1.9988	None
MAFA	ELAVL3	0.9809	50.93	0.933	rgb(227, 39, 41)	1.9988	None
NEUROD1	CRYBA2	0.9809	50.93	0.927	rgb(227, 40, 42)	1.9988	None
NEUROD1	ELOVL4	0.9809	50.93	0.93	rgb(227, 39, 41)	1.9988	None
NEUROD1	NKD1	0.9809	50.93	0.925	rgb(227, 40, 42)	1.9988	None
NEUROD2	STARD9	0.9809	50.93	0.931	rgb(227, 39, 41)	1.9988	None
NEUROG3	CABP7	0.9809	50.93	0.933	rgb(227, 39, 41)	1.9988	None
NEUROG3	CCND2	0.9809	50.93	0.932	rgb(227, 39, 41)	1.9988	None
NEUROG3	CELA3A	0.9809	50.93	0.928	rgb(227, 40, 42)	1.9988	None
NEUROG3	OLFML2B	0.9809	50.93	0.93	rgb(227, 39, 41)	1.9988	None
NEUROG3	PRELP	0.9809	50.93	0.929	rgb(227, 40, 42)	1.9988	None
POU6F1	CYGB	-0.9809	50.93	-9.3E-01	rgb( 16, 95,252)	1.9988	None
RFX6	ASIC4	0.9809	50.93	0.935	rgb(227, 38, 40)	1.9988	None
RFX6	ELAVL4	0.9809	50.93	0.934	rgb(227, 39, 40)	1.9988	None
RFX6	GALNT16	0.9809	50.93	0.93	rgb(227, 39, 41)	1.9988	None
RFX6	MAP6	0.9809	50.93	0.933	rgb(227, 39, 41)	1.9988	None
RFX6	RRAGD	0.9809	50.93	0.935	rgb(227, 38, 40)	1.9988	None
RFX6	SPTBN4	0.9809	50.93	0.929	rgb(227, 40, 41)	1.9988	None
RFX6	TPST2	0.9809	50.93	0.932	rgb(227, 39, 41)	1.9988	None
SPIB	POM121L9P	-0.9809	50.93	-9.3E-01	rgb( 15, 94,252)	1.9988	None
TEAD1	TMEM198	-0.9809	50.93	-9.3E-01	rgb( 16, 95,252)	1.9988	None
ZNF117	GOLGA6L9	0.9809	50.93	0.93	rgb(227, 39, 41)	1.9988	2,2
ELF4	UNC79	-0.97772	50.92	-9.2E-01	rgb( 16, 95,252)	1.9986	None
NEUROD1	INSM1	0.97772	50.92	0.922	rgb(227, 41, 43)	1.9986	None
NEUROD1	KLHL32	0.97772	50.92	0.925	rgb(227, 40, 42)	1.9986	None
NEUROD1	LOC100129175	0.97772	50.92	0.921	rgb(227, 41, 43)	1.9986	None
NEUROD1	SVOP	0.97772	50.92	0.918	rgb(227, 42, 44)	1.9986	None
NEUROD1	TMEM200A	0.97772	50.92	0.923	rgb(227, 41, 42)	1.9986	None
NEUROD2	GNAO1	0.97772	50.92	0.916	rgb(227, 42, 44)	1.9986	None
NEUROD2	KCNH8	0.97772	50.92	0.923	rgb(227, 41, 42)	1.9986	None
NEUROD2	PLEKHB1	0.97772	50.92	0.917	rgb(227, 42, 44)	1.9986	None
ONECUT1	AK5	0.97772	50.92	0.921	rgb(227, 41, 43)	1.9986	None
ONECUT1	CPE	0.97772	50.92	0.922	rgb(227, 41, 43)	1.9986	None
RFX6	B3GAT1	0.97772	50.92	0.918	rgb(227, 42, 44)	1.9986	None
RFX6	BOC	0.97772	50.92	0.92	rgb(227, 41, 43)	1.9986	None
RFX6	CXXC4	0.97772	50.92	0.922	rgb(227, 41, 43)	1.9986	None
RFX6	FEV	0.97772	50.92	0.922	rgb(227, 41, 43)	1.9986	None
RFX6	GPR133	0.97772	50.92	0.918	rgb(227, 42, 43)	1.9986	2,2
RFX6	PCSK1N	0.97772	50.92	0.919	rgb(227, 41, 43)	1.9986	None
RFX6	SLC16A12	0.97772	50.92	0.915	rgb(227, 42, 44)	1.9986	None
RFX6	STMN2	0.97772	50.92	0.915	rgb(227, 42, 44)	1.9986	None
RFX6	TAGLN3	0.97772	50.92	0.922	rgb(227, 41, 43)	1.9986	None
RORC	GRASP	-0.97772	50.92	-9.2E-01	rgb( 18, 96,252)	1.9986	None
TFCP2L1	MLLT11	0.97772	50.92	0.924	rgb(227, 40, 42)	1.9986	None
ZNF846	SOX4	0.97772	50.92	0.923	rgb(227, 41, 42)	1.9986	None
DACH1	SCGB1C1	0.97772	50.92	0.917	rgb(227, 42, 44)	1.9986	2,2
ARX	YPEL1	-0.97453	50.91	-9.1E-01	rgb( 19, 96,252)	1.9984	None
ELF4	PDE8B	-0.97453	50.91	-9.1E-01	rgb( 19, 96,252)	1.9984	None
ETS1	IRF2BP1	0.97453	50.91	0.914	rgb(227, 42, 44)	1.9984	None
MAFA	AVPR1B	0.97453	50.91	0.907	rgb(227, 44, 45)	1.9984	None
MAFA	NEFM	0.97453	50.91	0.906	rgb(227, 44, 46)	1.9984	None
MAFA	PTPRN	0.97453	50.91	0.905	rgb(227, 44, 46)	1.9984	None
NEUROD1	DLL3	0.97453	50.91	0.91	rgb(227, 43, 45)	1.9984	None
NEUROD1	DUSP26	0.97453	50.91	0.912	rgb(227, 43, 45)	1.9984	None
NEUROD1	KCNMA1	0.97453	50.91	0.905	rgb(227, 44, 46)	1.9984	None
NEUROD1	SIM1	0.97453	50.91	0.909	rgb(227, 43, 45)	1.9984	None
NEUROD2	AKR1B1	0.97453	50.91	0.91	rgb(227, 43, 45)	1.9984	None
NEUROD2	STXBP1	0.97453	50.91	0.908	rgb(227, 44, 45)	1.9984	None
NEUROG3	ARHGAP9	0.97453	50.91	0.913	rgb(227, 43, 45)	1.9984	None
NKX2-2	NPM2	-0.97453	50.91	-9.1E-01	rgb( 20, 97,251)	1.9984	None
NR4A2	LIN7A	0.97453	50.91	0.91	rgb(227, 43, 45)	1.9984	None
NR4A3	CD52	-0.97453	50.91	-9.1E-01	rgb( 20, 97,251)	1.9984	None
NR4A3	DZIP1	-0.97453	50.91	-9.1E-01	rgb( 20, 97,251)	1.9984	None
ONECUT1	DOCK8	0.97453	50.91	0.909	rgb(227, 43, 45)	1.9984	None
RFX6	BTBD17	0.97453	50.91	0.91	rgb(227, 43, 45)	1.9984	None
RFX6	CACNB2	0.97453	50.91	0.91	rgb(227, 43, 45)	1.9984	None
RFX6	DDN	0.97453	50.91	0.914	rgb(227, 42, 44)	1.9984	None
RFX6	FSTL5	0.97453	50.91	0.908	rgb(227, 44, 45)	1.9984	None
RFX6	GRIN1	0.97453	50.91	0.913	rgb(227, 43, 44)	1.9984	None
RFX6	KCNH2	0.97453	50.91	0.905	rgb(227, 44, 46)	1.9984	None
RFX6	MIR7-3HG	0.97453	50.91	0.907	rgb(227, 44, 46)	1.9984	None
RORC	CBX7	0.97453	50.91	0.905	rgb(227, 44, 46)	1.9984	None
SPIB	CCL20	0.97453	50.91	0.906	rgb(227, 44, 46)	1.9984	None
TEAD1	ATP13A4	0.97453	50.91	0.91	rgb(227, 43, 45)	1.9984	None
TFCP2L1	ACTN3	0.97453	50.91	0.91	rgb(227, 43, 45)	1.9984	None
TFCP2L1	USP41	0.97453	50.91	0.91	rgb(227, 43, 45)	1.9984	None
ARX	H1FX-AS1	-0.97135	50.9	-9.0E-01	rgb( 22, 98,251)	1.9982	None
ARX	ID4	-0.97135	50.9	-9.0E-01	rgb( 21, 98,251)	1.9982	None
ELF4	C1QL1	-0.97135	50.9	-9.0E-01	rgb( 22, 98,251)	1.9982	None
ELF4	FAM131B	-0.97135	50.9	-9.0E-01	rgb( 22, 98,251)	1.9982	None
ELF4	SLC26A7	-0.97135	50.9	-9.0E-01	rgb( 23, 99,251)	1.9982	None
FEV	CENPE	0.97135	50.9	0.902	rgb(227, 45, 47)	1.9982	None
ISL1	LONRF2	0.97135	50.9	0.9	rgb(227, 45, 47)	1.9982	None
ISL1	SSBP2	-0.97135	50.9	-9.0E-01	rgb( 21, 98,251)	1.9982	None
MAFA	STXBP5L	0.97135	50.9	0.904	rgb(227, 44, 46)	1.9982	None
NEUROD1	MCF2L	0.97135	50.9	0.902	rgb(227, 45, 47)	1.9982	None
NEUROD1	OSBPL6	0.97135	50.9	0.9	rgb(227, 45, 47)	1.9982	None
NEUROD1	RPRML	0.97135	50.9	0.895	rgb(227, 46, 48)	1.9982	None
NEUROD1	SSTR3	0.97135	50.9	0.897	rgb(227, 46, 47)	1.9982	None
NEUROD2	GPC2	0.97135	50.9	0.899	rgb(227, 45, 47)	1.9982	None
NEUROG3	SPINK4	0.97135	50.9	0.896	rgb(227, 46, 48)	1.9982	None
NR4A2	PRELP	0.97135	50.9	0.904	rgb(227, 44, 46)	1.9982	None
PAX4	CXXC4	-0.97135	50.9	-9.0E-01	rgb( 21, 98,251)	1.9982	None
PBX1	RASL11B	0.97135	50.9	0.9	rgb(227, 45, 47)	1.9982	None
POU6F1	GDF11	-0.97135	50.9	-9.0E-01	rgb( 23, 99,251)	1.9982	None
RFX2	AK5	0.97135	50.9	0.901	rgb(227, 45, 47)	1.9982	None
RFX2	BRSK2	0.97135	50.9	0.896	rgb(227, 46, 48)	1.9982	None
RFX2	GDAP1	0.97135	50.9	0.896	rgb(227, 46, 48)	1.9982	None
RFX6	BAIAP3	0.97135	50.9	0.899	rgb(227, 45, 47)	1.9982	None
RFX6	FRMPD4	0.97135	50.9	0.901	rgb(227, 45, 47)	1.9982	None
RFX6	MED12L	0.97135	50.9	0.903	rgb(227, 44, 46)	1.9982	None
RFX6	NAT8L	0.97135	50.9	0.897	rgb(227, 46, 47)	1.9982	None
SPIB	IFI6	0.97135	50.9	0.903	rgb(227, 45, 46)	1.9982	None
TEAD1	TMOD2	-0.97135	50.9	-9.0E-01	rgb( 22, 99,251)	1.9982	None
TFCP2L1	ANKRD65	0.97135	50.9	0.905	rgb(227, 44, 46)	1.9982	None
ZNF846	SVOP	-0.97135	50.9	-9.0E-01	rgb( 22, 99,251)	1.9982	None
DACH1	FAM105A	0.97135	50.9	0.898	rgb(227, 45, 47)	1.9982	2,2
MYT1	AK024119	0.97135	50.9	0.896	rgb(227, 46, 48)	1.9982	2,2
MYT1	AL109792	0.97135	50.9	0.9	rgb(227, 45, 47)	1.9982	2,2
ZNF117	ABCC9	0.97135	50.9	0.901	rgb(227, 45, 47)	1.9982	2,2
EGR3	ATP13A4	-0.96817	50.89	-8.9E-01	rgb( 24, 99,251)	1.998	None
ELF4	BSN	-0.96817	50.89	-8.9E-01	rgb( 25,100,251)	1.998	None
ISL1	CCL20	-0.96817	50.89	-8.9E-01	rgb( 24,100,251)	1.998	None
ISL1	CDKN1A	-0.96817	50.89	-8.9E-01	rgb( 23, 99,251)	1.998	None
ISL1	TMEM212	0.96817	50.89	0.887	rgb(227, 48, 49)	1.998	None
LMX1A	ATP13A4	-0.96817	50.89	-8.9E-01	rgb( 23, 99,251)	1.998	None
MAFA	SPOCK3	0.96817	50.89	0.891	rgb(227, 47, 49)	1.998	None
MAFB	SRCIN1	0.96817	50.89	0.886	rgb(227, 48, 50)	1.998	None
NEUROD1	CACNA1H	0.96817	50.89	0.893	rgb(227, 46, 48)	1.998	None
NEUROD1	ETV1	0.96817	50.89	0.886	rgb(227, 48, 50)	1.998	None
NEUROD1	GNG4	0.96817	50.89	0.886	rgb(227, 48, 50)	1.998	None
NEUROD1	NPTX2	0.96817	50.89	0.891	rgb(227, 47, 49)	1.998	None
NEUROG3	COL16A1	0.96817	50.89	0.888	rgb(227, 47, 49)	1.998	None
NEUROG3	GFRA1	0.96817	50.89	0.887	rgb(227, 48, 49)	1.998	None
NEUROG3	KIF19	0.96817	50.89	0.886	rgb(227, 48, 49)	1.998	None
NEUROG3	LRRC10B	0.96817	50.89	0.893	rgb(227, 46, 48)	1.998	None
NKX6-1	PCDHA2	0.96817	50.89	0.892	rgb(227, 47, 48)	1.998	None
PAX4	COL16A1	-0.96817	50.89	-8.9E-01	rgb( 24, 99,251)	1.998	None
PAX6	DOCK8	-0.96817	50.89	-8.9E-01	rgb( 24, 99,251)	1.998	None
PDX1	SPAG8	-0.96817	50.89	-8.9E-01	rgb( 24, 99,251)	1.998	None
RFX6	ELFN1	0.96817	50.89	0.894	rgb(227, 46, 48)	1.998	None
RFX6	GAD2	0.96817	50.89	0.885	rgb(227, 48, 50)	1.998	None
RFX6	GHRL	0.96817	50.89	0.895	rgb(227, 46, 48)	1.998	None
RFX6	GPR155	0.96817	50.89	0.891	rgb(227, 47, 49)	1.998	None
RFX6	H1FX-AS1	0.96817	50.89	0.89	rgb(227, 47, 49)	1.998	None
RFX6	NOVA2	0.96817	50.89	0.885	rgb(227, 48, 50)	1.998	None
RORC	CELA3A	-0.96817	50.89	-8.9E-01	rgb( 25,100,251)	1.998	None
TEAD1	BSN	-0.96817	50.89	-8.9E-01	rgb( 24,100,251)	1.998	None
TEAD1	SLC51B	-0.96817	50.89	-8.9E-01	rgb( 25,100,251)	1.998	None
TEAD1	SYP	-0.96817	50.89	-8.9E-01	rgb( 23, 99,251)	1.998	None
TFCP2L1	HMGN3	0.96817	50.89	0.894	rgb(227, 46, 48)	1.998	None
TFCP2L1	PMP22	0.96817	50.89	0.892	rgb(227, 47, 48)	1.998	None
ZFHX2	SVOP	-0.96817	50.89	-8.9E-01	rgb( 23, 99,251)	1.998	None
ZNF117	GOLGA6L5	0.96817	50.89	0.886	rgb(227, 48, 50)	1.998	2,2
ARX	SCN1B	-0.96498	50.88	-8.8E-01	rgb( 25,100,251)	1.9978	None
ELF4	CNGA3	-0.96498	50.88	-8.8E-01	rgb( 26,101,250)	1.9978	None
ELF4	MANEAL	-0.96498	50.88	-8.8E-01	rgb( 26,101,250)	1.9978	None
ELF4	VCAN	-0.96498	50.88	-8.8E-01	rgb( 25,100,251)	1.9978	None
ETS1	AGAP11	-0.96498	50.88	-8.8E-01	rgb( 25,100,251)	1.9978	None
ISL1	CIT	0.96498	50.88	0.883	rgb(227, 48, 50)	1.9978	None
NEUROD1	ASXL3	0.96498	50.88	0.876	rgb(227, 50, 51)	1.9978	None
NEUROD1	LOC100507351	0.96498	50.88	0.884	rgb(227, 48, 50)	1.9978	None
NEUROD1	LRRTM3	0.96498	50.88	0.879	rgb(227, 49, 51)	1.9978	None
NEUROD1	SUCNR1	0.96498	50.88	0.883	rgb(227, 48, 50)	1.9978	None
NEUROD2	PPP1R16B	0.96498	50.88	0.879	rgb(227, 49, 51)	1.9978	None
NEUROG3	BTBD17	0.96498	50.88	0.876	rgb(227, 50, 51)	1.9978	None
NEUROG3	CHRNA1	0.96498	50.88	0.877	rgb(227, 50, 51)	1.9978	None
NEUROG3	SOCS1	0.96498	50.88	0.875	rgb(227, 50, 52)	1.9978	None
NR4A2	SULT2A1	0.96498	50.88	0.88	rgb(227, 49, 51)	1.9978	None
ONECUT1	RIIAD1	0.96498	50.88	0.88	rgb(227, 49, 51)	1.9978	None
PAX6	SOCS1	-0.96498	50.88	-8.8E-01	rgb( 26,101,250)	1.9978	None
RFX3	NCS1	0.96498	50.88	0.883	rgb(227, 48, 50)	1.9978	None
RFX6	AMER3	0.96498	50.88	0.884	rgb(227, 48, 50)	1.9978	None
RFX6	CAMKV	0.96498	50.88	0.882	rgb(227, 48, 50)	1.9978	None
RFX6	EFNB3	0.96498	50.88	0.881	rgb(227, 49, 51)	1.9978	None
RFX6	KCNK16	0.96498	50.88	0.875	rgb(227, 50, 52)	1.9978	None
RFX6	MTSS1	0.96498	50.88	0.884	rgb(227, 48, 50)	1.9978	None
RFX6	PAX6	0.96498	50.88	0.884	rgb(227, 48, 50)	1.9978	None
RFX6	QDPR	0.96498	50.88	0.883	rgb(227, 48, 50)	1.9978	None
RFX6	TUB	0.96498	50.88	0.879	rgb(227, 49, 51)	1.9978	None
RFX6	WSCD1	0.96498	50.88	0.883	rgb(227, 48, 50)	1.9978	None
SPIB	APBB2	-0.96498	50.88	-8.8E-01	rgb( 26,101,250)	1.9978	None
SPIB	SLC7A2	-0.96498	50.88	-8.8E-01	rgb( 25,100,251)	1.9978	None
TEAD1	DNAJC12	-0.96498	50.88	-8.8E-01	rgb( 26,101,251)	1.9978	None
TEAD1	ID4	-0.96498	50.88	-8.8E-01	rgb( 26,101,251)	1.9978	None
TFCP2L1	EID1	0.96498	50.88	0.878	rgb(227, 49, 51)	1.9978	None
TFCP2L1	TMEM70	0.96498	50.88	0.879	rgb(227, 49, 51)	1.9978	None
ZNF846	SMARCC1	0.96498	50.88	0.876	rgb(227, 50, 51)	1.9978	None
MYT1	SYT4	0.96498	50.88	0.878	rgb(227, 49, 51)	1.9978	2,2
MYT1	TDO2	0.96498	50.88	0.876	rgb(227, 50, 51)	1.9978	2,2
ZNF117	AK125871	0.96498	50.88	0.882	rgb(227, 49, 50)	1.9978	2,2
ARX	C7	-0.9618	50.87	-8.7E-01	rgb( 28,102,250)	1.9976	None
ARX	PCSK2	0.9618	50.87	0.869	rgb(227, 51, 53)	1.9976	None
ARX	PCYT1B	-0.9618	50.87	-8.7E-01	rgb( 28,102,250)	1.9976	None
ELF4	NR4A3	-0.9618	50.87	-8.7E-01	rgb( 29,102,250)	1.9976	None
ELF4	SEZ6	-0.9618	50.87	-8.7E-01	rgb( 27,102,250)	1.9976	None
ELF4	SYN1	-0.9618	50.87	-8.7E-01	rgb( 28,102,250)	1.9976	None
GATA2	TRIM35	0.9618	50.87	0.87	rgb(227, 51, 53)	1.9976	None
HHEX	TMEM59L	0.9618	50.87	0.867	rgb(227, 51, 53)	1.9976	2,2
HSF2	PHLDA2	0.9618	50.87	0.869	rgb(227, 51, 53)	1.9976	None
LMX1A	EFCC1	-0.9618	50.87	-8.7E-01	rgb( 29,103,250)	1.9976	None
LMX1A	PDE8B	-0.9618	50.87	-8.7E-01	rgb( 28,102,250)	1.9976	None
MAFB	KCNJ3	0.9618	50.87	0.866	rgb(227, 52, 53)	1.9976	None
MAFB	SNED1	0.9618	50.87	0.866	rgb(227, 52, 53)	1.9976	None
MAFB	SYT14	0.9618	50.87	0.872	rgb(227, 50, 52)	1.9976	None
MAFB	TMEM151B	0.9618	50.87	0.869	rgb(227, 51, 53)	1.9976	None
NEUROD1	SLC18A1	0.9618	50.87	0.868	rgb(227, 51, 53)	1.9976	None
NEUROG3	CLPS	0.9618	50.87	0.871	rgb(227, 51, 52)	1.9976	None
NEUROG3	MYBPC2	0.9618	50.87	0.867	rgb(227, 51, 53)	1.9976	None
RFX3	HECW2	0.9618	50.87	0.867	rgb(227, 51, 53)	1.9976	None
RFX6	CERS1	0.9618	50.87	0.875	rgb(227, 50, 52)	1.9976	None
RFX6	MAPK4	0.9618	50.87	0.871	rgb(227, 51, 52)	1.9976	None
RFX6	PRR18	0.9618	50.87	0.874	rgb(227, 50, 52)	1.9976	None
SOX4	IGSF21	-0.9618	50.87	-8.7E-01	rgb( 28,102,250)	1.9976	None
SOX4	TRPC4	-0.9618	50.87	-8.7E-01	rgb( 28,102,250)	1.9976	None
MYT1	ASCL1	0.9618	50.87	0.867	rgb(227, 51, 53)	1.9976	2,2
ZNF117	AK123889	0.9618	50.87	0.867	rgb(227, 51, 53)	1.9976	2,2
ATF5	CPE	0.95862	50.86	0.86	rgb(226, 53, 54)	1.9974	None
ELF4	ELAVL3	-0.95862	50.86	-8.6E-01	rgb( 30,104,250)	1.9974	None
ELF4	GHRL	-0.95862	50.86	-8.6E-01	rgb( 31,104,250)	1.9974	None
ETS1	RORC	-0.95862	50.86	-8.6E-01	rgb( 31,104,250)	1.9974	None
GATA4	LIN7A	0.95862	50.86	0.857	rgb(226, 53, 55)	1.9974	None
ISL1	NKTR	0.95862	50.86	0.864	rgb(226, 52, 54)	1.9974	None
LMX1A	LIN7A	-0.95862	50.86	-8.6E-01	rgb( 30,103,250)	1.9974	None
LMX1A	MAGED1	-0.95862	50.86	-8.6E-01	rgb( 31,104,250)	1.9974	None
LMX1A	UCN3	-0.95862	50.86	-8.6E-01	rgb( 30,103,250)	1.9974	None
NEUROD1	REEP2	0.95862	50.86	0.859	rgb(226, 53, 55)	1.9974	None
NEUROD1	ST8SIA5	0.95862	50.86	0.86	rgb(226, 53, 55)	1.9974	None
NEUROD2	CADPS	0.95862	50.86	0.864	rgb(227, 52, 54)	1.9974	None
NEUROD2	MYEF2	0.95862	50.86	0.863	rgb(226, 52, 54)	1.9974	None
NEUROG3	BCL2	0.95862	50.86	0.863	rgb(226, 52, 54)	1.9974	None
NEUROG3	DLL4	0.95862	50.86	0.856	rgb(226, 54, 55)	1.9974	None
NEUROG3	KLK12	0.95862	50.86	0.863	rgb(226, 52, 54)	1.9974	None
NHLH1	C2CD4B	0.95862	50.86	0.86	rgb(226, 53, 54)	1.9974	None
PBX1	PRELP	0.95862	50.86	0.86	rgb(226, 53, 54)	1.9974	None
RFX3	PTPRN	0.95862	50.86	0.856	rgb(226, 53, 55)	1.9974	None
RFX6	CNGA3	0.95862	50.86	0.86	rgb(226, 53, 54)	1.9974	None
RFX6	FAM110B	0.95862	50.86	0.855	rgb(226, 54, 55)	1.9974	None
RFX6	GATA2	0.95862	50.86	0.861	rgb(226, 52, 54)	1.9974	None
RFX6	LIMCH1	0.95862	50.86	0.859	rgb(226, 53, 55)	1.9974	None
RFX6	MAP1B	0.95862	50.86	0.857	rgb(226, 53, 55)	1.9974	None
RFX6	SPRED3	0.95862	50.86	0.859	rgb(226, 53, 55)	1.9974	None
RFX6	TEKT2	0.95862	50.86	0.861	rgb(226, 53, 54)	1.9974	None
RORC	SPARC	-0.95862	50.86	-8.6E-01	rgb( 30,103,250)	1.9974	None
SMAD9	RASL11B	-0.95862	50.86	-8.6E-01	rgb( 31,104,249)	1.9974	None
SPIB	CRMP1	0.95862	50.86	0.862	rgb(226, 52, 54)	1.9974	None
TFCP2L1	DLL1	0.95862	50.86	0.857	rgb(226, 53, 55)	1.9974	None
TFCP2L1	FLT1	0.95862	50.86	0.859	rgb(226, 53, 55)	1.9974	None
TFCP2L1	UCP2	0.95862	50.86	0.862	rgb(226, 52, 54)	1.9974	None
ZNF519	GRASP	-0.95862	50.86	-8.6E-01	rgb( 31,104,250)	1.9974	None
DACH1	CHRNA3	0.95862	50.86	0.862	rgb(226, 52, 54)	1.9974	2,2
MYT1	AB074188	0.95862	50.86	0.862	rgb(226, 52, 54)	1.9974	2,2
ARX	ZCCHC18	-0.95543	50.85	-8.5E-01	rgb( 33,105,249)	1.9972	None
ELF4	GSTM2	-0.95543	50.85	-8.5E-01	rgb( 32,105,249)	1.9972	None
ELF4	RIMBP2	-0.95543	50.85	-8.5E-01	rgb( 32,105,249)	1.9972	None
FOXA2	GHRL	-0.95543	50.85	-8.5E-01	rgb( 32,104,249)	1.9972	None
FOXP2	TMOD2	-0.95543	50.85	-8.5E-01	rgb( 32,104,249)	1.9972	None
HHEX	GLYATL3	0.95543	50.85	0.849	rgb(226, 55, 57)	1.9972	None
ISL1	NFAT5	0.95543	50.85	0.854	rgb(226, 54, 56)	1.9972	None
LMX1A	KCNMB2	-0.95543	50.85	-8.5E-01	rgb( 31,104,249)	1.9972	None
LMX1A	POM121L9P	0.95543	50.85	0.845	rgb(226, 56, 57)	1.9972	None
NEUROD1	LMX1A	0.95543	50.85	0.853	rgb(226, 54, 56)	1.9972	None
NEUROD1	PAPPA2	0.95543	50.85	0.847	rgb(226, 55, 57)	1.9972	None
NEUROG3	ADORA2A	0.95543	50.85	0.847	rgb(226, 55, 57)	1.9972	None
NEUROG3	NPTX1	0.95543	50.85	0.855	rgb(226, 54, 55)	1.9972	None
NEUROG3	TMEM59L	0.95543	50.85	0.854	rgb(226, 54, 56)	1.9972	None
NR4A3	AADAT	-0.95543	50.85	-8.5E-01	rgb( 33,105,249)	1.9972	None
RFX3	CBX2	0.95543	50.85	0.848	rgb(226, 55, 57)	1.9972	None
RFX3	SNAP25	0.95543	50.85	0.846	rgb(226, 55, 57)	1.9972	None
RFX6	KCNF1	-0.95543	50.85	-8.5E-01	rgb( 33,105,249)	1.9972	None
RFX6	LINC00494	0.95543	50.85	0.848	rgb(226, 55, 57)	1.9972	None
RFX6	REM2	0.95543	50.85	0.855	rgb(226, 54, 55)	1.9972	None
RORC	FOXP2	-0.95543	50.85	-8.5E-01	rgb( 32,104,249)	1.9972	None
RORC	LAMP5	-0.95543	50.85	-8.5E-01	rgb( 33,105,249)	1.9972	None
SMAD9	MAPK12	0.95543	50.85	0.848	rgb(226, 55, 57)	1.9972	None
TEAD1	CNTD2	-0.95543	50.85	-8.5E-01	rgb( 33,105,249)	1.9972	None
ZNF382	AP3B2	-0.95543	50.85	-8.5E-01	rgb( 33,105,249)	1.9972	None
ZNF382	MIR7-3HG	-0.95543	50.85	-8.5E-01	rgb( 32,105,249)	1.9972	None
MYT1	AF131837	0.95543	50.85	0.854	rgb(226, 54, 56)	1.9972	2,2
ZNF117	GPM6B	0.95543	50.85	0.849	rgb(226, 55, 57)	1.9972	2,2
ARX	VSTM4	0.95225	50.84	0.842	rgb(226, 56, 58)	1.997	None
ELF4	SNED1	-0.95225	50.84	-8.4E-01	rgb( 35,107,249)	1.997	None
ELF4	SV2B	-0.95225	50.84	-8.4E-01	rgb( 35,106,249)	1.997	None
ELF4	TRPC4	-0.95225	50.84	-8.4E-01	rgb( 36,107,249)	1.997	None
ETS1	TMEM212	-0.95225	50.84	-8.4E-01	rgb( 34,106,249)	1.997	None
FEV	CCND2	0.95225	50.84	0.836	rgb(226, 57, 59)	1.997	None
LHX1	LINC00939	-0.95225	50.84	-8.4E-01	rgb( 34,105,249)	1.997	None
NEUROD1	DPEP1	0.95225	50.84	0.839	rgb(226, 57, 58)	1.997	None
NEUROD1	PDE2A	0.95225	50.84	0.84	rgb(226, 56, 58)	1.997	None
NEUROD1	UBE2QL1	0.95225	50.84	0.837	rgb(226, 57, 59)	1.997	None
NEUROD2	AP3B2	0.95225	50.84	0.84	rgb(226, 57, 58)	1.997	None
NEUROD2	PGA5	0.95225	50.84	0.842	rgb(226, 56, 58)	1.997	None
NEUROG3	TFCP2L1	-0.95225	50.84	-8.4E-01	rgb( 35,107,249)	1.997	None
NFAT5	SULT2A1	-0.95225	50.84	-8.4E-01	rgb( 34,106,249)	1.997	None
NHLH1	ELAVL4	-0.95225	50.84	-8.4E-01	rgb( 35,106,249)	1.997	None
NR4A2	SLC7A2	-0.95225	50.84	-8.4E-01	rgb( 34,106,249)	1.997	None
NR4A2	SOX4	0.95225	50.84	0.844	rgb(226, 56, 57)	1.997	None
RFX2	BAALC	0.95225	50.84	0.837	rgb(226, 57, 59)	1.997	None
RFX6	CACNA2D1	0.95225	50.84	0.841	rgb(226, 56, 58)	1.997	None
RFX6	CPLX2	0.95225	50.84	0.844	rgb(226, 56, 57)	1.997	None
RFX6	RTN1	0.95225	50.84	0.84	rgb(226, 57, 58)	1.997	None
TEAD1	LYPD8	-0.95225	50.84	-8.4E-01	rgb( 36,107,249)	1.997	2,2
ZNF382	GATA6	0.95225	50.84	0.842	rgb(226, 56, 58)	1.997	None
ZNF492	GLYATL3	-0.95225	50.84	-8.4E-01	rgb( 36,107,249)	1.997	None
ZNF846	RBPMS	-0.95225	50.84	-8.4E-01	rgb( 34,106,249)	1.997	None
AKNA	AX747114	-0.95225	50.84	-8.4E-01	rgb( 34,105,249)	1.997	2,2
ZNF117	ADAM20P1	0.95225	50.84	0.843	rgb(226, 56, 58)	1.997	2,2
ARX	ACTL6B	-0.94907	50.83	-8.3E-01	rgb( 38,108,248)	1.9968	None
ARX	HES6	-0.94907	50.83	-8.3E-01	rgb( 37,107,249)	1.9968	None
ASCL1	AX747158	-0.94907	50.83	-8.3E-01	rgb( 37,107,249)	1.9968	2,2
ELF4	PRKCG	-0.94907	50.83	-8.3E-01	rgb( 36,107,249)	1.9968	None
ELF4	SCN3B	-0.94907	50.83	-8.3E-01	rgb( 37,107,249)	1.9968	None
FOXA1	ACTL6B	0.94907	50.83	0.826	rgb(226, 59, 61)	1.9968	None
GATA6	CLCN4	-0.94907	50.83	-8.3E-01	rgb( 36,107,249)	1.9968	None
HEYL	BC005905	-0.94907	50.83	-8.3E-01	rgb( 36,107,249)	1.9968	2,2
LHX1	HIF1A	0.94907	50.83	0.831	rgb(226, 58, 60)	1.9968	None
LMX1A	KCNK17	-0.94907	50.83	-8.3E-01	rgb( 36,107,249)	1.9968	None
LMX1B	UCP2	-0.94907	50.83	-8.3E-01	rgb( 36,107,249)	1.9968	None
NEUROD1	BAALC	0.94907	50.83	0.831	rgb(226, 58, 60)	1.9968	None
NEUROD1	CDH22	0.94907	50.83	0.829	rgb(226, 59, 60)	1.9968	None
NEUROD1	GPR148	0.94907	50.83	0.831	rgb(226, 58, 60)	1.9968	None
NEUROD2	PGA4	0.94907	50.83	0.83	rgb(226, 58, 60)	1.9968	None
NEUROG3	BAI2	0.94907	50.83	0.83	rgb(226, 58, 60)	1.9968	2,2
NEUROG3	CELA3B	0.94907	50.83	0.833	rgb(226, 58, 60)	1.9968	None
NEUROG3	ELFN1	0.94907	50.83	0.828	rgb(226, 59, 60)	1.9968	None
NEUROG3	GGT5	0.94907	50.83	0.833	rgb(226, 58, 60)	1.9968	None
NEUROG3	PMP22	0.94907	50.83	0.833	rgb(226, 58, 60)	1.9968	None
NKX2-2	EFCC1	-0.94907	50.83	-8.3E-01	rgb( 37,108,248)	1.9968	None
RFX3	ARNT2	0.94907	50.83	0.828	rgb(226, 59, 61)	1.9968	None
RFX6	FAM171A2	0.94907	50.83	0.827	rgb(226, 59, 61)	1.9968	None
RFX6	GRIK5	0.94907	50.83	0.826	rgb(226, 59, 61)	1.9968	None
RFX6	TNP1	0.94907	50.83	0.833	rgb(226, 58, 60)	1.9968	None
SOX4	PPP1R1A	-0.94907	50.83	-8.3E-01	rgb( 37,107,249)	1.9968	None
TEAD1	G0S2	-0.94907	50.83	-8.3E-01	rgb( 36,107,249)	1.9968	None
TEAD1	MUC15	-0.94907	50.83	-8.3E-01	rgb( 37,107,249)	1.9968	None
TEAD1	RUNX1T1	-0.94907	50.83	-8.3E-01	rgb( 37,108,249)	1.9968	None
TFCP2L1	CDKN1C	0.94907	50.83	0.833	rgb(226, 58, 60)	1.9968	None
SIM1	PAK3	0.94907	50.83	0.832	rgb(226, 58, 60)	1.9968	2,2
ZNF117	AK055017	0.94907	50.83	0.826	rgb(226, 59, 61)	1.9968	2,2
ARNT2	TAF9B	0.94588	50.82	0.819	rgb(226, 61, 62)	1.9966	None
ASCL2	SCN1B	-0.94588	50.82	-8.2E-01	rgb( 40,109,248)	1.9966	None
ELF4	SFTPA2	0.94588	50.82	0.821	rgb(226, 60, 62)	1.9966	None
ELF4	SYP	-0.94588	50.82	-8.2E-01	rgb( 38,108,248)	1.9966	None
ETS1	LINC00310	-0.94588	50.82	-8.2E-01	rgb( 40,109,248)	1.9966	None
FEV	SYT14	0.94588	50.82	0.815	rgb(226, 61, 63)	1.9966	None
HIF1A	SPP1	-0.94588	50.82	-8.2E-01	rgb( 39,109,248)	1.9966	None
ISL1	IRF2BP1	-0.94588	50.82	-8.2E-01	rgb( 38,108,248)	1.9966	None
MAFA	CNGA3	0.94588	50.82	0.825	rgb(226, 59, 61)	1.9966	None
MAFB	LRP4-AS1	0.94588	50.82	0.818	rgb(226, 61, 62)	1.9966	None
NEUROD1	AMPD3	0.94588	50.82	0.818	rgb(226, 61, 62)	1.9966	None
NEUROD2	CIT	0.94588	50.82	0.822	rgb(226, 60, 62)	1.9966	None
NEUROD2	RGAG4	0.94588	50.82	0.824	rgb(226, 60, 61)	1.9966	2,2
NR4A2	IGFN1	0.94588	50.82	0.822	rgb(226, 60, 62)	1.9966	None
NR4A2	TLE3	0.94588	50.82	0.82	rgb(226, 60, 62)	1.9966	None
PAX6	SLC25A53	-0.94588	50.82	-8.2E-01	rgb( 39,109,248)	1.9966	None
PAX6	SYT14	-0.94588	50.82	-8.2E-01	rgb( 39,109,248)	1.9966	None
PBX1	TFCP2L1	0.94588	50.82	0.816	rgb(226, 61, 63)	1.9966	None
RFX6	GRAP2	0.94588	50.82	0.816	rgb(226, 61, 63)	1.9966	None
RFX6	KCNK3	0.94588	50.82	0.818	rgb(226, 61, 62)	1.9966	None
RFX6	LOC646903	0.94588	50.82	0.82	rgb(226, 60, 62)	1.9966	None
RFX6	NEGR1	0.94588	50.82	0.825	rgb(226, 59, 61)	1.9966	None
RFX6	RFX3	0.94588	50.82	0.82	rgb(226, 60, 62)	1.9966	None
RFX6	RSAD2	0.94588	50.82	0.821	rgb(226, 60, 62)	1.9966	None
RFX6	STMN4	0.94588	50.82	0.823	rgb(226, 60, 62)	1.9966	None
TEAD1	ACBD7	-0.94588	50.82	-8.2E-01	rgb( 40,109,248)	1.9966	None
TFCP2L1	RASL11B	0.94588	50.82	0.825	rgb(226, 60, 61)	1.9966	None
TFCP2L1	SERPINI1	0.94588	50.82	0.818	rgb(226, 61, 62)	1.9966	None
TGIF2	CLCA1	0.94588	50.82	0.815	rgb(226, 61, 63)	1.9966	None
ZFHX2	VASH2	0.94588	50.82	0.82	rgb(226, 60, 62)	1.9966	None
MYT1	HMP19	0.94588	50.82	0.819	rgb(226, 60, 62)	1.9966	2,2
SIM1	ATCAY	0.94588	50.82	0.817	rgb(226, 61, 63)	1.9966	2,2
ZNF117	AK057596	0.94588	50.82	0.819	rgb(226, 61, 62)	1.9966	2,2
ZNF117	AX746834	0.94588	50.82	0.824	rgb(226, 60, 61)	1.9966	2,2
ZNF117	BC005905	0.94588	50.82	0.824	rgb(226, 60, 61)	1.9966	2,2
EGR3	RPS6KL1	-0.9427	50.81	-8.1E-01	rgb( 40,109,248)	1.9964	None
ELF4	AP3B2	-0.9427	50.81	-8.1E-01	rgb( 41,110,248)	1.9964	None
ELF4	CRMP1	-0.9427	50.81	-8.1E-01	rgb( 42,111,248)	1.9964	None
ELF4	CTPS1	-0.9427	50.81	-8.1E-01	rgb( 41,110,248)	1.9964	None
ELF4	MBOAT4	-0.9427	50.81	-8.1E-01	rgb( 41,110,248)	1.9964	None
ELF4	SST	-0.9427	50.81	-8.1E-01	rgb( 42,110,248)	1.9964	None
ETS1	LINC00939	-0.9427	50.81	-8.1E-01	rgb( 41,110,248)	1.9964	None
LHX1	UCN3	-0.9427	50.81	-8.1E-01	rgb( 41,110,248)	1.9964	None
MAFA	TLE3	0.9427	50.81	0.808	rgb(226, 63, 64)	1.9964	None
NEUROD1	CDHR3	0.9427	50.81	0.812	rgb(226, 62, 63)	1.9964	None
NEUROD1	TACR3	0.9427	50.81	0.806	rgb(226, 63, 65)	1.9964	None
NEUROD2	ZDHHC8P1	0.9427	50.81	0.815	rgb(226, 61, 63)	1.9964	None
NEUROG3	KCNK3	0.9427	50.81	0.813	rgb(226, 62, 63)	1.9964	None
NEUROG3	LOC642366	-0.9427	50.81	-8.1E-01	rgb( 41,110,248)	1.9964	None
NR4A2	AMPD3	0.9427	50.81	0.808	rgb(226, 63, 64)	1.9964	None
NR4A2	HES6	0.9427	50.81	0.81	rgb(226, 62, 64)	1.9964	None
NR4A2	ITGA7	0.9427	50.81	0.809	rgb(226, 63, 64)	1.9964	None
NR4A2	PCDHA2	0.9427	50.81	0.807	rgb(226, 63, 64)	1.9964	None
NR4A2	PDE8B	0.9427	50.81	0.814	rgb(226, 61, 63)	1.9964	None
PBX1	HOMEZ	0.9427	50.81	0.814	rgb(226, 61, 63)	1.9964	None
POU6F1	EPHB3	-0.9427	50.81	-8.1E-01	rgb( 41,110,248)	1.9964	None
RFX6	FFAR2	0.9427	50.81	0.808	rgb(226, 63, 64)	1.9964	None
RFX6	HCN4	0.9427	50.81	0.81	rgb(226, 62, 64)	1.9964	None
RFX6	SAMD14	0.9427	50.81	0.813	rgb(226, 62, 63)	1.9964	None
SOX4	ZMYM2	0.9427	50.81	0.808	rgb(226, 63, 64)	1.9964	None
TEAD1	HECW2	-0.9427	50.81	-8.1E-01	rgb( 41,110,248)	1.9964	None
TEAD1	ZG16	-0.9427	50.81	-8.1E-01	rgb( 41,110,248)	1.9964	None
TFCP2L1	ASCL2	0.9427	50.81	0.809	rgb(226, 63, 64)	1.9964	None
TFCP2L1	TTR	0.9427	50.81	0.813	rgb(226, 62, 63)	1.9964	None
ZFP28	ATP13A4	-0.9427	50.81	-8.1E-01	rgb( 40,109,248)	1.9964	None
ZNF382	KLHL32	-0.9427	50.81	-8.1E-01	rgb( 41,110,248)	1.9964	None
ZNF117	WDR52	0.9427	50.81	0.813	rgb(226, 62, 63)	1.9964	2,2
ARNT2	TEAD2	-0.93952	50.8	-8.0E-01	rgb( 43,111,248)	1.9962	None
EGR3	BAMBI	-0.93952	50.8	-8.0E-01	rgb( 43,111,248)	1.9962	None
ELF4	EPHA8	-0.93952	50.8	-8.0E-01	rgb( 42,111,248)	1.9962	None
ELF4	GPR148	-0.93952	50.8	-8.0E-01	rgb( 44,112,247)	1.9962	None
ELF4	HINT1	0.93952	50.8	0.795	rgb(226, 65, 67)	1.9962	None
ELF4	SPOCK3	-0.93952	50.8	-8.0E-01	rgb( 44,112,247)	1.9962	None
ELF4	SRCIN1	-0.93952	50.8	-8.0E-01	rgb( 44,112,247)	1.9962	None
ELF4	STXBP5L	-0.93952	50.8	-8.0E-01	rgb( 44,112,247)	1.9962	None
FOXA2	SMARCC1	0.93952	50.8	0.799	rgb(226, 64, 66)	1.9962	None
HEYL	AK123889	-0.93952	50.8	-8.0E-01	rgb( 44,112,247)	1.9962	2,2
HIC1	FBXL16	-0.93952	50.8	-8.0E-01	rgb( 42,111,248)	1.9962	None
MAFA	CHGB	0.93952	50.8	0.796	rgb(226, 65, 67)	1.9962	None
MAFA	FAM135B	0.93952	50.8	0.804	rgb(226, 63, 65)	1.9962	None
NEUROD1	AKT3	0.93952	50.8	0.804	rgb(226, 63, 65)	1.9962	None
NEUROD1	CELF3	0.93952	50.8	0.799	rgb(226, 64, 66)	1.9962	None
NEUROD1	CPB1	0.93952	50.8	0.8	rgb(226, 64, 66)	1.9962	None
NEUROD1	KCNN3	0.93952	50.8	0.804	rgb(226, 63, 65)	1.9962	None
NEUROD1	VASH2	0.93952	50.8	0.798	rgb(226, 65, 66)	1.9962	None
NEUROD2	SDK2	0.93952	50.8	0.797	rgb(226, 65, 66)	1.9962	None
NKX2-2	ZFHX2	-0.93952	50.8	-8.0E-01	rgb( 44,112,247)	1.9962	None
NR4A2	CYMP	0.93952	50.8	0.796	rgb(226, 65, 67)	1.9962	None
NR4A2	NEFM	-0.93952	50.8	-8.0E-01	rgb( 44,112,247)	1.9962	None
NR4A2	RIIAD1	0.93952	50.8	0.799	rgb(226, 64, 66)	1.9962	None
ONECUT1	PALMD	0.93952	50.8	0.802	rgb(226, 64, 65)	1.9962	None
ONECUT1	ROBO1	0.93952	50.8	0.796	rgb(226, 65, 66)	1.9962	None
ONECUT3	RBPMS	-0.93952	50.8	-8.0E-01	rgb( 43,111,247)	1.9962	None
PAX4	ADNP	0.93952	50.8	0.796	rgb(226, 65, 67)	1.9962	None
PAX4	CADM2	-0.93952	50.8	-8.0E-01	rgb( 43,111,247)	1.9962	None
PAX6	MYBPC3	-0.93952	50.8	-8.0E-01	rgb( 43,111,248)	1.9962	None
PAX6	RFX6	-0.93952	50.8	-8.0E-01	rgb( 43,111,247)	1.9962	None
RFX6	LINC00643	0.93952	50.8	0.801	rgb(226, 64, 66)	1.9962	None
RFX6	MMP2	0.93952	50.8	0.795	rgb(226, 65, 67)	1.9962	None
RFX6	RAPGEF4	0.93952	50.8	0.8	rgb(226, 64, 66)	1.9962	None
RFX6	RTN4RL1	0.93952	50.8	0.802	rgb(226, 64, 65)	1.9962	None
SMAD9	BRSK2	0.93952	50.8	0.799	rgb(226, 64, 66)	1.9962	None
TEAD1	CBFA2T3	-0.93952	50.8	-8.0E-01	rgb( 42,111,248)	1.9962	None
TEAD1	CELSR3	-0.93952	50.8	-8.0E-01	rgb( 43,111,247)	1.9962	None
TEAD1	KCNMB2	-0.93952	50.8	-8.0E-01	rgb( 43,111,247)	1.9962	None
TEAD1	SPAG8	-0.93952	50.8	-8.0E-01	rgb( 44,112,247)	1.9962	None
TFCP2L1	TSPAN7	0.93952	50.8	0.797	rgb(226, 65, 66)	1.9962	None
ZFHX2	DNAH11	-0.93952	50.8	-8.0E-01	rgb( 44,112,247)	1.9962	None
ZFHX2	NCALD	-0.93952	50.8	-8.0E-01	rgb( 43,111,247)	1.9962	None
ZFHX2	SULT2A1	-0.93952	50.8	-8.0E-01	rgb( 44,112,247)	1.9962	None
ZNF382	SCGB1A1	-0.93952	50.8	-8.0E-01	rgb( 44,112,247)	1.9962	None
ZNF846	GSTM2	-0.93952	50.8	-8.0E-01	rgb( 43,111,248)	1.9962	None
ZNF846	PCYT1B	0.93952	50.8	0.796	rgb(226, 65, 67)	1.9962	None
ARX	HES4	-0.93634	50.79	-7.9E-01	rgb( 45,113,247)	1.996	None
ASCL1	AP3B2	0.93634	50.79	0.788	rgb(226, 67, 68)	1.996	None
ATF6	CPE	0.93634	50.79	0.791	rgb(226, 66, 67)	1.996	None
ELF4	GFRA3	-0.93634	50.79	-7.9E-01	rgb( 45,112,247)	1.996	None
ELF4	LSAMP	-0.93634	50.79	-7.9E-01	rgb( 45,113,247)	1.996	None
ETS1	PER2	-0.93634	50.79	-7.9E-01	rgb( 45,112,247)	1.996	None
HEYL	AK024092	-0.93634	50.79	-7.9E-01	rgb( 47,113,247)	1.996	2,2
HIF1A	SSTR5-AS1	-0.93634	50.79	-7.9E-01	rgb( 45,112,247)	1.996	None
ISL1	CLSPN	0.93634	50.79	0.792	rgb(226, 66, 67)	1.996	None
LHX1	NEFL	-0.93634	50.79	-7.9E-01	rgb( 45,112,247)	1.996	None
LMX1A	FRMPD4	-0.93634	50.79	-7.9E-01	rgb( 45,112,247)	1.996	None
LMX1A	PMP22	0.93634	50.79	0.788	rgb(226, 66, 68)	1.996	None
MAFA	SCT	0.93634	50.79	0.789	rgb(226, 66, 68)	1.996	None
MLXIPL	JPH4	-0.93634	50.79	-7.9E-01	rgb( 47,113,247)	1.996	None
NEUROD1	GPR119	0.93634	50.79	0.788	rgb(226, 67, 68)	1.996	None
NEUROD1	STXBP5L	0.93634	50.79	0.79	rgb(226, 66, 68)	1.996	None
NEUROD1	SYNGR3	0.93634	50.79	0.79	rgb(226, 66, 68)	1.996	None
NEUROD1	TOX	0.93634	50.79	0.792	rgb(226, 66, 67)	1.996	None
NEUROG3	NPW	0.93634	50.79	0.793	rgb(226, 66, 67)	1.996	None
NEUROG3	TP73	0.93634	50.79	0.795	rgb(226, 65, 67)	1.996	None
NHLH1	ID1	0.93634	50.79	0.795	rgb(226, 65, 67)	1.996	None
NKX2-2	SERTAD1	0.93634	50.79	0.793	rgb(226, 66, 67)	1.996	None
ONECUT1	SLC25A53	0.93634	50.79	0.789	rgb(226, 66, 68)	1.996	None
PRDM16	RGS14	-0.93634	50.79	-7.9E-01	rgb( 45,112,247)	1.996	None
RFX3	MAP3K12	0.93634	50.79	0.793	rgb(226, 65, 67)	1.996	None
RFX3	NNMT	0.93634	50.79	0.791	rgb(226, 66, 68)	1.996	None
RFX6	ATP1A3	0.93634	50.79	0.786	rgb(226, 67, 68)	1.996	None
RFX6	CAMK1G	0.93634	50.79	0.79	rgb(226, 66, 68)	1.996	None
RFX6	ITGBL1	0.93634	50.79	0.795	rgb(226, 65, 67)	1.996	None
RORC	TUBB2B	-0.93634	50.79	-7.9E-01	rgb( 45,113,247)	1.996	None
SMAD9	TMEM132B	0.93634	50.79	0.793	rgb(226, 66, 67)	1.996	None
SPIB	ID2	0.93634	50.79	0.786	rgb(226, 67, 68)	1.996	None
SPIB	PRKXP1	-0.93634	50.79	-7.9E-01	rgb( 45,112,247)	1.996	None
TEAD1	EFCC1	-0.93634	50.79	-7.9E-01	rgb( 47,113,247)	1.996	None
TEAD1	RPLP0P2	-0.93634	50.79	-7.9E-01	rgb( 45,112,247)	1.996	None
TFCP2L1	RPS6KL1	0.93634	50.79	0.791	rgb(226, 66, 68)	1.996	None
ZNF846	ZNF846	-0.93634	50.79	-7.9E-01	rgb( 45,112,247)	1.996	None
ZNF117	AK090700	0.93634	50.79	0.794	rgb(226, 65, 67)	1.996	2,2
ZNF117	NAALAD2	0.93634	50.79	0.794	rgb(226, 65, 67)	1.996	2,2
ARX	BMS1P1	0.93315	50.78	0.779	rgb(226, 68, 70)	1.9958	2,2
ARX	NINJ1	-0.93315	50.78	-7.8E-01	rgb( 48,114,247)	1.9958	None
ARX	OR51E1	-0.93315	50.78	-7.8E-01	rgb( 47,114,247)	1.9958	None
EGR3	HHEX	-0.93315	50.78	-7.8E-01	rgb( 48,114,247)	1.9958	None
EGR3	REM2	0.93315	50.78	0.782	rgb(226, 68, 69)	1.9958	None
ELF4	ST8SIA3	-0.93315	50.78	-7.8E-01	rgb( 47,114,247)	1.9958	None
ETS1	LRP4-AS1	-0.93315	50.78	-7.8E-01	rgb( 48,114,247)	1.9958	None
ETS1	ST8SIA6-AS1	-0.93315	50.78	-7.8E-01	rgb( 49,115,246)	1.9958	None
LHX1	SCN1B	-0.93315	50.78	-7.8E-01	rgb( 47,114,247)	1.9958	None
LHX1	SLC7A4	-0.93315	50.78	-7.8E-01	rgb( 48,114,247)	1.9958	None
LMX1A	LMX1A	-0.93315	50.78	-7.8E-01	rgb( 47,114,247)	1.9958	None
MAFA	CPT1C	0.93315	50.78	0.783	rgb(226, 68, 69)	1.9958	None
NEUROD1	FAM167A	0.93315	50.78	0.782	rgb(226, 68, 69)	1.9958	None
NEUROG3	AMPD3	0.93315	50.78	0.784	rgb(226, 67, 69)	1.9958	None
NEUROG3	MAFA	0.93315	50.78	0.777	rgb(226, 69, 70)	1.9958	None
NEUROG3	SEMA6B	0.93315	50.78	0.781	rgb(226, 68, 69)	1.9958	None
NKX6-1	SLC26A7	-0.93315	50.78	-7.8E-01	rgb( 47,114,247)	1.9958	None
NR4A2	ARHGAP9	0.93315	50.78	0.78	rgb(226, 68, 70)	1.9958	None
NR4A2	PPP1R14A	0.93315	50.78	0.778	rgb(226, 68, 70)	1.9958	None
NR4A3	MAGED1	-0.93315	50.78	-7.8E-01	rgb( 47,114,247)	1.9958	None
ONECUT3	MEP1B	0.93315	50.78	0.777	rgb(226, 69, 70)	1.9958	None
PAX6	GFRA1	-0.93315	50.78	-7.8E-01	rgb( 47,114,247)	1.9958	None
POU2F2	MAFA	-0.93315	50.78	-7.8E-01	rgb( 48,114,247)	1.9958	None
RFX3	LIN7A	0.93315	50.78	0.784	rgb(226, 67, 69)	1.9958	None
RFX6	CHGB	0.93315	50.78	0.78	rgb(226, 68, 70)	1.9958	None
RFX6	CNPY1	0.93315	50.78	0.775	rgb(226, 69, 70)	1.9958	None
RFX6	TMEM178B	0.93315	50.78	0.782	rgb(226, 68, 69)	1.9958	None
SMAD9	NCS1	0.93315	50.78	0.777	rgb(226, 69, 70)	1.9958	None
SOX4	EFNB3	-0.93315	50.78	-7.8E-01	rgb( 48,114,247)	1.9958	None
ST18	CYP27A1	-0.93315	50.78	-7.8E-01	rgb( 47,114,247)	1.9958	None
TEAD1	GRASP	-0.93315	50.78	-7.8E-01	rgb( 48,114,247)	1.9958	None
TEAD1	LINGO1	-0.93315	50.78	-7.8E-01	rgb( 48,114,247)	1.9958	None
TEAD1	PDE8B	-0.93315	50.78	-7.8E-01	rgb( 47,113,247)	1.9958	None
TEAD1	RIIAD1	-0.93315	50.78	-7.8E-01	rgb( 47,114,247)	1.9958	None
TFCP2L1	CRIP1	0.93315	50.78	0.784	rgb(226, 67, 69)	1.9958	None
TFCP2L1	EID2	0.93315	50.78	0.776	rgb(226, 69, 70)	1.9958	None
TFCP2L1	NPM2	0.93315	50.78	0.784	rgb(226, 67, 69)	1.9958	None
ZFHX2	ADAMTSL1	-0.93315	50.78	-7.8E-01	rgb( 48,114,247)	1.9958	None
ZFP82	ELAVL3	0.93315	50.78	0.779	rgb(226, 68, 70)	1.9958	None
ZNF382	ST6GALNAC5	-0.93315	50.78	-7.8E-01	rgb( 48,114,247)	1.9958	None
ZNF519	KANK2	0.93315	50.78	0.779	rgb(226, 68, 70)	1.9958	None
DACH1	CCDC154	0.93315	50.78	0.785	rgb(226, 67, 69)	1.9958	2,2
GRHL3	LINC00930	0.93315	50.78	0.778	rgb(226, 68, 70)	1.9958	2,2
SIM1	AF070581	0.93315	50.78	0.776	rgb(226, 69, 70)	1.9958	2,2
ARNT2	TUBB3	-0.92997	50.77	-7.7E-01	rgb( 51,116,246)	1.9956	None
ARX	BC029255	0.92997	50.77	0.771	rgb(225, 70, 71)	1.9956	2,2
ARX	PKIA	-0.92997	50.77	-7.7E-01	rgb( 51,116,246)	1.9956	None
ASCL1	SCUBE1	0.92997	50.77	0.771	rgb(225, 70, 71)	1.9956	None
ATF5	BAALC	0.92997	50.77	0.769	rgb(225, 70, 72)	1.9956	None
EGR3	ZNF117	-0.92997	50.77	-7.7E-01	rgb( 50,115,246)	1.9956	None
ELF4	BC043205	-0.92997	50.77	-7.7E-01	rgb( 50,115,246)	1.9956	2,2
ELF4	EFNB3	-0.92997	50.77	-7.7E-01	rgb( 49,115,246)	1.9956	None
ELF4	RNF157-AS1	-0.92997	50.77	-7.7E-01	rgb( 50,115,246)	1.9956	None
ETS1	MAGED1	0.92997	50.77	0.77	rgb(225, 70, 71)	1.9956	None
ETS1	ZFP28	-0.92997	50.77	-7.7E-01	rgb( 49,115,246)	1.9956	None
ETV1	ZMYM2	-0.92997	50.77	-7.7E-01	rgb( 51,116,246)	1.9956	None
GATA4	MMRN1	0.92997	50.77	0.77	rgb(225, 70, 71)	1.9956	None
GATA6	ETS1	0.92997	50.77	0.772	rgb(225, 70, 71)	1.9956	None
LHX1	NEGR1	0.92997	50.77	0.769	rgb(225, 70, 72)	1.9956	None
MAFA	GIP	0.92997	50.77	0.771	rgb(225, 70, 71)	1.9956	None
MAFA	SPRED3	0.92997	50.77	0.771	rgb(225, 70, 71)	1.9956	None
MAFA	TMPRSS6	0.92997	50.77	0.766	rgb(225, 71, 72)	1.9956	None
NEUROD1	CLSTN2	0.92997	50.77	0.768	rgb(225, 70, 72)	1.9956	None
NEUROD1	DPYSL4	0.92997	50.77	0.769	rgb(225, 70, 72)	1.9956	None
NEUROD1	PTP4A3	0.92997	50.77	0.769	rgb(225, 70, 72)	1.9956	None
NEUROD1	ST6GALNAC5	0.92997	50.77	0.766	rgb(225, 71, 72)	1.9956	None
NEUROD1	TMEFF1	0.92997	50.77	0.767	rgb(225, 71, 72)	1.9956	None
NEUROD1	VGF	0.92997	50.77	0.765	rgb(225, 71, 72)	1.9956	None
NEUROD2	ANKRD13B	0.92997	50.77	0.766	rgb(225, 71, 72)	1.9956	None
NEUROG3	BCRP3	0.92997	50.77	0.767	rgb(225, 70, 72)	1.9956	None
NR4A2	POU2F2	0.92997	50.77	0.768	rgb(225, 70, 72)	1.9956	None
NR4A2	SLC51B	0.92997	50.77	0.773	rgb(226, 69, 71)	1.9956	None
PAX6	C1QL1	-0.92997	50.77	-7.7E-01	rgb( 49,115,246)	1.9956	None
PBX1	CRYBA2	-0.92997	50.77	-7.7E-01	rgb( 49,115,246)	1.9956	None
PRDM16	PLCXD3	0.92997	50.77	0.767	rgb(225, 71, 72)	1.9956	None
RFX6	LAPTM5	0.92997	50.77	0.769	rgb(225, 70, 72)	1.9956	None
RORC	NEFL	-0.92997	50.77	-7.7E-01	rgb( 49,115,246)	1.9956	None
RORC	WNK3	-0.92997	50.77	-7.7E-01	rgb( 49,115,246)	1.9956	None
SMAD9	TMOD2	0.92997	50.77	0.771	rgb(225, 70, 71)	1.9956	None
SOX4	CLCN4	0.92997	50.77	0.766	rgb(225, 71, 72)	1.9956	None
TEAD1	FAM71E2	-0.92997	50.77	-7.7E-01	rgb( 51,116,246)	1.9956	None
TEAD1	MUC5AC	0.92997	50.77	0.77	rgb(225, 70, 71)	1.9956	2,2
TEAD1	P2RX6	-0.92997	50.77	-7.7E-01	rgb( 51,116,246)	1.9956	None
TEAD2	SPEG	0.92997	50.77	0.768	rgb(225, 70, 72)	1.9956	None
TFCP2L1	SAP30	0.92997	50.77	0.768	rgb(225, 70, 72)	1.9956	None
ZFHX2	CHST9	-0.92997	50.77	-7.7E-01	rgb( 51,116,246)	1.9956	2,2
ZFHX2	MLN	-0.92997	50.77	-7.7E-01	rgb( 51,116,246)	1.9956	None
ZFP90	AMPD3	0.92997	50.77	0.773	rgb(226, 69, 71)	1.9956	None
ZNF519	RFX3	0.92997	50.77	0.769	rgb(225, 70, 72)	1.9956	None
ATOH8	PAX4	0.92997	50.77	0.766	rgb(225, 71, 72)	1.9956	2,2
GRHL3	LIMD2	0.92997	50.77	0.767	rgb(225, 70, 72)	1.9956	2,2
GRHL3	PCDHB10	0.92997	50.77	0.769	rgb(225, 70, 72)	1.9956	2,2
GRHL3	PCDHB16	0.92997	50.77	0.769	rgb(225, 70, 72)	1.9956	2,2
ZNF117	AK125301	0.92997	50.77	0.775	rgb(226, 69, 71)	1.9956	2,2
ARNT2	QSOX2	-0.92679	50.76	-7.6E-01	rgb( 52,117,246)	1.9954	None
ARX	PTPN22	0.92679	50.76	0.762	rgb(225, 71, 73)	1.9954	None
ELF4	ISLR2	-0.92679	50.76	-7.6E-01	rgb( 52,117,246)	1.9954	None
FEV	DACH1	0.92679	50.76	0.765	rgb(225, 71, 72)	1.9954	None
GATA4	RUNX1T1	0.92679	50.76	0.759	rgb(225, 72, 74)	1.9954	None
HIC1	AK057596	-0.92679	50.76	-7.6E-01	rgb( 52,117,246)	1.9954	2,2
LMX1A	APLP1	-0.92679	50.76	-7.6E-01	rgb( 52,116,246)	1.9954	None
LMX1A	CPB1	-0.92679	50.76	-7.6E-01	rgb( 52,117,246)	1.9954	None
NEUROD1	ACE	0.92679	50.76	0.763	rgb(225, 71, 73)	1.9954	None
NEUROD1	PLCXD3	0.92679	50.76	0.765	rgb(225, 71, 72)	1.9954	None
NEUROD1	SMAD9	0.92679	50.76	0.765	rgb(225, 71, 72)	1.9954	None
NEUROD1	TENM2	0.92679	50.76	0.759	rgb(225, 72, 73)	1.9954	None
NEUROG3	FAM167A	0.92679	50.76	0.761	rgb(225, 72, 73)	1.9954	None
NEUROG3	GADD45A	0.92679	50.76	0.76	rgb(225, 72, 73)	1.9954	None
NEUROG3	LOC100506178	0.92679	50.76	0.764	rgb(225, 71, 73)	1.9954	None
NEUROG3	LTF	0.92679	50.76	0.757	rgb(225, 72, 74)	1.9954	None
NEUROG3	STMN3	0.92679	50.76	0.757	rgb(225, 72, 74)	1.9954	None
NEUROG3	TUBB3	0.92679	50.76	0.758	rgb(225, 72, 74)	1.9954	None
NKX2-2	DZIP1	-0.92679	50.76	-7.6E-01	rgb( 51,116,246)	1.9954	None
NR4A2	GRASP	0.92679	50.76	0.763	rgb(225, 71, 73)	1.9954	None
NR4A2	PTPRN2	-0.92679	50.76	-7.6E-01	rgb( 53,117,246)	1.9954	None
ONECUT3	DLL3	-0.92679	50.76	-7.6E-01	rgb( 53,117,246)	1.9954	2,2
PAX4	ASIC1	0.92679	50.76	0.763	rgb(225, 71, 73)	1.9954	None
PAX4	FGF9	-0.92679	50.76	-7.6E-01	rgb( 52,117,246)	1.9954	None
PAX6	KCNB2	-0.92679	50.76	-7.6E-01	rgb( 52,117,246)	1.9954	None
PRDM16	SULT2A1	-0.92679	50.76	-7.6E-01	rgb( 52,117,246)	1.9954	None
PRDM16	UNC5D	0.92679	50.76	0.758	rgb(225, 72, 74)	1.9954	None
RFX2	FGF14	0.92679	50.76	0.76	rgb(225, 72, 73)	1.9954	None
TEAD1	INHBE	-0.92679	50.76	-7.6E-01	rgb( 52,117,246)	1.9954	None
TEAD1	PGF	-0.92679	50.76	-7.6E-01	rgb( 51,116,246)	1.9954	None
TP73	ZNF853	0.92679	50.76	0.758	rgb(225, 72, 74)	1.9954	None
ZNF382	CALY	-0.92679	50.76	-7.6E-01	rgb( 52,116,246)	1.9954	None
MYT1	AK022997	0.92679	50.76	0.764	rgb(225, 71, 73)	1.9954	2,2
ZNF117	HNRNPU-AS1	0.92679	50.76	0.764	rgb(225, 71, 73)	1.9954	2,2
ARNT2	CACNA1H	-0.9236	50.75	-7.5E-01	rgb( 55,118,245)	1.9952	None
ASCL2	KANK2	0.9236	50.75	0.75	rgb(225, 74, 75)	1.9952	None
ATF6	SV2A	0.9236	50.75	0.746	rgb(225, 75, 76)	1.9952	None
ELF4	CELF4	-0.9236	50.75	-7.5E-01	rgb( 53,117,246)	1.9952	None
ELF4	PPP1R1A	-0.9236	50.75	-7.5E-01	rgb( 54,118,246)	1.9952	None
FOXA1	BC127823	-0.9236	50.75	-7.5E-01	rgb( 55,118,245)	1.9952	2,2
HSF2	GATA4	-0.9236	50.75	-7.5E-01	rgb( 55,118,245)	1.9952	None
ISL1	AK126318	0.9236	50.75	0.748	rgb(225, 74, 76)	1.9952	2,2
ISL1	BC022892	0.9236	50.75	0.746	rgb(225, 74, 76)	1.9952	2,2
LHX1	SESN2	0.9236	50.75	0.75	rgb(225, 74, 75)	1.9952	None
LMX1A	SVOP	-0.9236	50.75	-7.5E-01	rgb( 55,118,245)	1.9952	None
NEUROD1	COL22A1	0.9236	50.75	0.747	rgb(225, 74, 76)	1.9952	None
NEUROD1	DACH1	0.9236	50.75	0.747	rgb(225, 74, 76)	1.9952	None
NR4A2	FAM110B	0.9236	50.75	0.752	rgb(225, 73, 75)	1.9952	None
NR4A2	SPARC	0.9236	50.75	0.75	rgb(225, 74, 75)	1.9952	None
NR4A2	TOX	0.9236	50.75	0.746	rgb(225, 75, 76)	1.9952	None
NR4A3	ADAMTSL1	-0.9236	50.75	-7.5E-01	rgb( 54,118,246)	1.9952	None
NR4A3	WNK2	-0.9236	50.75	-7.5E-01	rgb( 55,119,245)	1.9952	None
ONECUT1	NPAS3	0.9236	50.75	0.748	rgb(225, 74, 76)	1.9952	None
ONECUT1	PPP1R1A	0.9236	50.75	0.754	rgb(225, 73, 74)	1.9952	None
PBX1	CACNA1C	-0.9236	50.75	-7.5E-01	rgb( 54,118,246)	1.9952	None
RFX2	FLJ22184	0.9236	50.75	0.753	rgb(225, 73, 75)	1.9952	2,2
RFX3	ACOT7	0.9236	50.75	0.747	rgb(225, 74, 76)	1.9952	None
RFX6	APLP1	0.9236	50.75	0.753	rgb(225, 73, 75)	1.9952	None
RFX6	CPA1	0.9236	50.75	0.753	rgb(225, 73, 75)	1.9952	None
SPIB	MAFF	0.9236	50.75	0.752	rgb(225, 73, 75)	1.9952	None
TGIF2	KDM1A	-0.9236	50.75	-7.5E-01	rgb( 54,118,246)	1.9952	None
ZFP28	CCDC74B	0.9236	50.75	0.745	rgb(225, 75, 76)	1.9952	None
ZFP82	CCL19	0.9236	50.75	0.755	rgb(225, 73, 74)	1.9952	None
MYT1	DCX	0.9236	50.75	0.755	rgb(225, 73, 74)	1.9952	2,2
SIM1	KIAA2022	0.9236	50.75	0.752	rgb(225, 73, 75)	1.9952	2,2
ARX	JX088243	0.92042	50.74	0.736	rgb(225, 77, 78)	1.995	2,2
ASCL1	ABLIM2	0.92042	50.74	0.738	rgb(225, 76, 77)	1.995	None
ELF4	TMEM70	0.92042	50.74	0.74	rgb(225, 76, 77)	1.995	None
ETS1	MYBPC2	-0.92042	50.74	-7.4E-01	rgb( 57,119,245)	1.995	None
LHX1	SPC25	-0.92042	50.74	-7.4E-01	rgb( 56,119,245)	1.995	None
LMX1B	HSF2	-0.92042	50.74	-7.4E-01	rgb( 56,119,245)	1.995	None
MAFA	CALY	0.92042	50.74	0.745	rgb(225, 75, 76)	1.995	None
MAFA	OGFRL1	0.92042	50.74	0.739	rgb(225, 76, 77)	1.995	None
MAFB	BEND5	0.92042	50.74	0.735	rgb(225, 77, 78)	1.995	None
MAFF	LOC100272216	-0.92042	50.74	-7.4E-01	rgb( 56,119,245)	1.995	2,2
NEUROD2	CFC1	0.92042	50.74	0.736	rgb(225, 76, 78)	1.995	None
NEUROD2	MMP2	0.92042	50.74	0.744	rgb(225, 75, 76)	1.995	None
NEUROD2	ST18	0.92042	50.74	0.741	rgb(225, 75, 77)	1.995	None
NEUROG3	HOPX	0.92042	50.74	0.736	rgb(225, 77, 78)	1.995	None
NEUROG3	PPP1R3C	0.92042	50.74	0.736	rgb(225, 76, 78)	1.995	None
NR4A2	AX746771	-0.92042	50.74	-7.4E-01	rgb( 57,119,245)	1.995	2,2
NR4A2	CD52	0.92042	50.74	0.744	rgb(225, 75, 76)	1.995	None
NR4A2	CRLF1	0.92042	50.74	0.738	rgb(225, 76, 78)	1.995	None
NR4A2	CXCR7	0.92042	50.74	0.739	rgb(225, 76, 77)	1.995	2,2
NR4A2	GADD45A	0.92042	50.74	0.739	rgb(225, 76, 77)	1.995	None
NR4A2	GPR137C	0.92042	50.74	0.736	rgb(225, 76, 78)	1.995	None
NR4A2	RAB26	0.92042	50.74	0.744	rgb(225, 75, 76)	1.995	None
ONECUT1	AX746617	0.92042	50.74	0.74	rgb(225, 76, 77)	1.995	2,2
ONECUT2	ID1	-0.92042	50.74	-7.4E-01	rgb( 57,120,245)	1.995	None
PAX6	PCYT1B	-0.92042	50.74	-7.4E-01	rgb( 56,119,245)	1.995	None
PBX1	GATA6	-0.92042	50.74	-7.4E-01	rgb( 56,119,245)	1.995	None
PRDM16	ATP13A4	0.92042	50.74	0.743	rgb(225, 75, 77)	1.995	None
RFX6	JPH4	0.92042	50.74	0.737	rgb(225, 76, 78)	1.995	None
RFX6	LY6H	0.92042	50.74	0.735	rgb(225, 77, 78)	1.995	None
RORC	DPEP1	0.92042	50.74	0.742	rgb(225, 75, 77)	1.995	None
SMAD9	ETS1	0.92042	50.74	0.741	rgb(225, 76, 77)	1.995	None
SOX4	BGN	-0.92042	50.74	-7.4E-01	rgb( 55,119,245)	1.995	None
TEAD1	ATOH8	-0.92042	50.74	-7.4E-01	rgb( 57,120,245)	1.995	None
TEAD1	CHRNA5	-0.92042	50.74	-7.4E-01	rgb( 57,120,245)	1.995	None
TEAD1	HDAC7	0.92042	50.74	0.739	rgb(225, 76, 77)	1.995	None
TEAD1	SH3RF3	-0.92042	50.74	-7.4E-01	rgb( 56,119,245)	1.995	None
ZFHX2	FRMPD4	-0.92042	50.74	-7.4E-01	rgb( 57,120,245)	1.995	None
ZFHX2	ZDHHC8P1	-0.92042	50.74	-7.4E-01	rgb( 57,120,245)	1.995	None
ZNF382	CDH5	0.92042	50.74	0.744	rgb(225, 75, 76)	1.995	None
ZNF382	GNAO1	-0.92042	50.74	-7.4E-01	rgb( 56,119,245)	1.995	None
ATOH8	LOC400891	0.92042	50.74	0.742	rgb(225, 75, 77)	1.995	2,2
GRHL3	FAM105A	0.92042	50.74	0.74	rgb(225, 76, 77)	1.995	2,2
MYT1	ARX	0.92042	50.74	0.741	rgb(225, 75, 77)	1.995	2,2
SIM1	CRISPLD1	0.92042	50.74	0.744	rgb(225, 75, 76)	1.995	2,2
ZNF117	AB007962	0.92042	50.74	0.737	rgb(225, 76, 78)	1.995	2,2
ZNF117	BMS1P1	0.92042	50.74	0.736	rgb(225, 76, 78)	1.995	2,2
ASCL1	LSP1	0.91724	50.73	0.726	rgb(225, 78, 80)	1.9948	None
ELF4	C7	-0.91724	50.73	-7.3E-01	rgb( 58,121,245)	1.9948	None
ELF4	KIF5A	-0.91724	50.73	-7.3E-01	rgb( 59,121,245)	1.9948	None
ELF4	MAFA	0.91724	50.73	0.728	rgb(225, 78, 79)	1.9948	None
GATA2	SLC7A14	0.91724	50.73	0.732	rgb(225, 77, 79)	1.9948	None
GLIS2	KANK2	0.91724	50.73	0.735	rgb(225, 77, 78)	1.9948	None
HSF2	ATF6	0.91724	50.73	0.73	rgb(225, 77, 79)	1.9948	None
ISL1	PCED1B-AS1	0.91724	50.73	0.727	rgb(225, 78, 80)	1.9948	None
LHX1	GAD2	-0.91724	50.73	-7.3E-01	rgb( 59,121,245)	1.9948	None
MAFB	ATF6	-0.91724	50.73	-7.3E-01	rgb( 58,120,245)	1.9948	None
MAFB	CCND2	-0.91724	50.73	-7.3E-01	rgb( 58,120,245)	1.9948	None
MAFB	RUNDC3A	0.91724	50.73	0.733	rgb(225, 77, 78)	1.9948	None
MAFF	AK310876	-0.91724	50.73	-7.3E-01	rgb( 60,121,245)	1.9948	2,2
NEUROG3	AK5	0.91724	50.73	0.731	rgb(225, 77, 79)	1.9948	None
NEUROG3	NINJ1	0.91724	50.73	0.732	rgb(225, 77, 79)	1.9948	None
NEUROG3	NOTUM	0.91724	50.73	0.733	rgb(225, 77, 78)	1.9948	None
NR4A2	HECW2	0.91724	50.73	0.729	rgb(225, 78, 79)	1.9948	None
NR4A2	LAPTM5	0.91724	50.73	0.729	rgb(225, 78, 79)	1.9948	None
NR4A2	LOC100129175	0.91724	50.73	0.733	rgb(225, 77, 78)	1.9948	2,2
NR4A2	MRPL34	0.91724	50.73	0.73	rgb(225, 78, 79)	1.9948	None
NR4A2	NRXN2	0.91724	50.73	0.73	rgb(225, 78, 79)	1.9948	None
PAX6	GNG2	-0.91724	50.73	-7.3E-01	rgb( 59,121,245)	1.9948	None
RFX3	KCTD12	0.91724	50.73	0.731	rgb(225, 77, 79)	1.9948	None
RFX6	MAP3K12	0.91724	50.73	0.727	rgb(225, 78, 80)	1.9948	None
RFX6	SNED1	0.91724	50.73	0.73	rgb(225, 78, 79)	1.9948	None
RORC	ACBD7	-0.91724	50.73	-7.3E-01	rgb( 58,120,245)	1.9948	None
SMAD9	ONECUT3	0.91724	50.73	0.729	rgb(225, 78, 79)	1.9948	None
SPIB	NKD1	-0.91724	50.73	-7.3E-01	rgb( 59,121,245)	1.9948	None
SPIB	PGA4	0.91724	50.73	0.726	rgb(225, 78, 80)	1.9948	None
TEAD1	BRSK2	-0.91724	50.73	-7.3E-01	rgb( 59,121,245)	1.9948	None
TEAD1	LIN7A	-0.91724	50.73	-7.3E-01	rgb( 58,120,245)	1.9948	None
TEAD1	RNF157	-0.91724	50.73	-7.3E-01	rgb( 59,121,245)	1.9948	None
TFCP2L1	NPTXR	0.91724	50.73	0.73	rgb(225, 78, 79)	1.9948	None
ZFHX2	KCNJ3	-0.91724	50.73	-7.3E-01	rgb( 59,121,245)	1.9948	None
ZFHX2	RGS11	-0.91724	50.73	-7.3E-01	rgb( 58,121,245)	1.9948	None
ZNF382	ATP1A3	-0.91724	50.73	-7.3E-01	rgb( 60,121,245)	1.9948	None
ZNF846	APLP1	-0.91724	50.73	-7.3E-01	rgb( 58,120,245)	1.9948	None
ZNF846	SYT14	0.91724	50.73	0.731	rgb(225, 77, 79)	1.9948	None
GRHL3	NEURL	0.91724	50.73	0.727	rgb(225, 78, 80)	1.9948	2,2
MYT1	BC033961	0.91724	50.73	0.734	rgb(225, 77, 78)	1.9948	2,2
SIM1	AK096718	0.91724	50.73	0.726	rgb(225, 78, 80)	1.9948	2,2
SIM1	SYT4	0.91724	50.73	0.73	rgb(225, 78, 79)	1.9948	2,2
ELF4	DNAH11	-0.91405	50.72	-7.2E-01	rgb( 61,122,244)	1.9946	None
ELF4	FAM227A	-0.91405	50.72	-7.2E-01	rgb( 60,122,244)	1.9946	None
ELF4	MAFB	-0.91405	50.72	-7.2E-01	rgb( 60,122,244)	1.9946	None
ELF4	OGFRL1	-0.91405	50.72	-7.2E-01	rgb( 60,122,244)	1.9946	None
ETS1	UCP2	0.91405	50.72	0.716	rgb(225, 80, 82)	1.9946	None
FEV	KNDC1	-0.91405	50.72	-7.2E-01	rgb( 62,123,244)	1.9946	None
GATA4	ALAS2	0.91405	50.72	0.721	rgb(225, 79, 81)	1.9946	None
GATA4	KIF5A	0.91405	50.72	0.725	rgb(225, 79, 80)	1.9946	None
HEYL	AK054970	-0.91405	50.72	-7.2E-01	rgb( 60,122,244)	1.9946	2,2
HSF2	AMPH	-0.91405	50.72	-7.2E-01	rgb( 61,122,244)	1.9946	None
HSF2	GDF1	-0.91405	50.72	-7.2E-01	rgb( 61,122,244)	1.9946	None
LMX1A	FAM135B	-0.91405	50.72	-7.2E-01	rgb( 62,123,244)	1.9946	None
LMX1B	LMO3	0.91405	50.72	0.725	rgb(225, 79, 80)	1.9946	None
MAFA	ADAMTSL1	0.91405	50.72	0.725	rgb(225, 79, 80)	1.9946	None
MAFA	GPR112	0.91405	50.72	0.721	rgb(225, 79, 81)	1.9946	2,2
NEUROD1	SGCD	0.91405	50.72	0.724	rgb(225, 79, 80)	1.9946	None
NEUROG3	CPLX1	0.91405	50.72	0.719	rgb(225, 80, 81)	1.9946	None
NEUROG3	NOXO1	0.91405	50.72	0.716	rgb(225, 80, 82)	1.9946	None
NKX2-2	RPS6KL1	-0.91405	50.72	-7.2E-01	rgb( 61,122,244)	1.9946	None
NR4A2	CHST8	-0.91405	50.72	-7.2E-01	rgb( 61,122,244)	1.9946	None
ONECUT3	IPO11-LRRC70	-0.91405	50.72	-7.2E-01	rgb( 62,122,244)	1.9946	2,2
PDX1	PCYT1B	-0.91405	50.72	-7.2E-01	rgb( 60,122,244)	1.9946	None
PRDM16	EMB	-0.91405	50.72	-7.2E-01	rgb( 60,121,244)	1.9946	None
RFX6	SFRP1	0.91405	50.72	0.72	rgb(225, 79, 81)	1.9946	None
RORC	KIF19	-0.91405	50.72	-7.2E-01	rgb( 61,122,244)	1.9946	None
SOX4	MAFB	-0.91405	50.72	-7.2E-01	rgb( 60,121,245)	1.9946	None
SPIB	CDKN1A	0.91405	50.72	0.723	rgb(225, 79, 80)	1.9946	None
TEAD1	ADCY2	-0.91405	50.72	-7.2E-01	rgb( 62,123,244)	1.9946	None
TEAD1	GPR162	-0.91405	50.72	-7.2E-01	rgb( 61,122,244)	1.9946	None
TEAD1	MPP1	-0.91405	50.72	-7.2E-01	rgb( 61,122,244)	1.9946	None
TEAD1	ONECUT3	0.91405	50.72	0.718	rgb(225, 80, 81)	1.9946	None
TEAD1	RGS5	-0.91405	50.72	-7.2E-01	rgb( 60,121,245)	1.9946	None
TFCP2L1	BGN	0.91405	50.72	0.717	rgb(225, 80, 82)	1.9946	None
TFCP2L1	FOXA2	0.91405	50.72	0.718	rgb(225, 80, 81)	1.9946	None
TFCP2L1	PPP1R1A	0.91405	50.72	0.725	rgb(225, 79, 80)	1.9946	None
TFCP2L1	SH3RF3-AS1	0.91405	50.72	0.722	rgb(225, 79, 80)	1.9946	None
TFCP2L1	UNC13A	0.91405	50.72	0.721	rgb(225, 79, 81)	1.9946	None
ZFHX2	ISL1	-0.91405	50.72	-7.2E-01	rgb( 60,122,244)	1.9946	None
ZFHX2	SERPINA10	-0.91405	50.72	-7.2E-01	rgb( 61,122,244)	1.9946	None
ZFP28	SERPINA10	-0.91405	50.72	-7.2E-01	rgb( 61,122,244)	1.9946	None
SIM1	FBN1	0.91405	50.72	0.716	rgb(225, 80, 82)	1.9946	2,2
SIM1	XAF1	0.91405	50.72	0.718	rgb(225, 80, 81)	1.9946	2,2
ZNF117	BMS1P6	0.91405	50.72	0.716	rgb(225, 80, 82)	1.9946	2,2
ZNF117	LINC00202-1	0.91405	50.72	0.718	rgb(225, 80, 81)	1.9946	2,2
ARX	ATF7IP	0.91087	50.71	0.712	rgb(225, 81, 82)	1.9944	None
ARX	PBX1	0.91087	50.71	0.713	rgb(225, 81, 82)	1.9944	None
EGR3	AADAT	-0.91087	50.71	-7.1E-01	rgb( 64,124,244)	1.9944	None
EGR3	MAFB	-0.91087	50.71	-7.1E-01	rgb( 62,123,244)	1.9944	None
EGR3	TTR	-0.91087	50.71	-7.1E-01	rgb( 64,124,244)	1.9944	None
ELF4	MLLT11	-0.91087	50.71	-7.1E-01	rgb( 64,124,244)	1.9944	None
ELF4	SLC38A5	0.91087	50.71	0.706	rgb(225, 82, 84)	1.9944	None
FOXA2	SLC7A2	0.91087	50.71	0.71	rgb(225, 81, 83)	1.9944	None
GATA4	KCNH8	0.91087	50.71	0.713	rgb(225, 81, 82)	1.9944	None
GATA6	MXI1	0.91087	50.71	0.709	rgb(225, 82, 83)	1.9944	None
HIC1	AX747114	-0.91087	50.71	-7.1E-01	rgb( 62,123,244)	1.9944	2,2
HSF2	SLC35F3	-0.91087	50.71	-7.1E-01	rgb( 64,124,244)	1.9944	None
LHX1	LAPTM5	-0.91087	50.71	-7.1E-01	rgb( 64,124,244)	1.9944	None
LMX1A	MAPK7	-0.91087	50.71	-7.1E-01	rgb( 62,123,244)	1.9944	None
LMX1B	PPM1E	0.91087	50.71	0.713	rgb(225, 81, 82)	1.9944	None
MAFA	CHD5	0.91087	50.71	0.714	rgb(225, 81, 82)	1.9944	None
MAFA	GFRA3	0.91087	50.71	0.707	rgb(225, 82, 83)	1.9944	None
MAFB	NFRKB	0.91087	50.71	0.715	rgb(225, 81, 82)	1.9944	None
MAFF	AK056081	-0.91087	50.71	-7.1E-01	rgb( 62,123,244)	1.9944	2,2
MAFF	ITPR1	-0.91087	50.71	-7.1E-01	rgb( 63,123,244)	1.9944	None
MAFF	LRRN2	-0.91087	50.71	-7.1E-01	rgb( 63,123,244)	1.9944	None
NEUROD1	ADORA2A	0.91087	50.71	0.71	rgb(225, 81, 83)	1.9944	None
NEUROD1	TTLL7	0.91087	50.71	0.706	rgb(225, 82, 84)	1.9944	None
NEUROG3	NKAIN1	0.91087	50.71	0.709	rgb(225, 82, 83)	1.9944	None
NEUROG3	SFRP1	0.91087	50.71	0.713	rgb(225, 81, 82)	1.9944	None
NHLH1	SERTAD1	0.91087	50.71	0.711	rgb(225, 81, 83)	1.9944	None
ONECUT1	AK056486	0.91087	50.71	0.712	rgb(225, 81, 82)	1.9944	2,2
PAX6	ZNF853	-0.91087	50.71	-7.1E-01	rgb( 62,123,244)	1.9944	None
PBX1	TMEM151A	-0.91087	50.71	-7.1E-01	rgb( 62,123,244)	1.9944	None
POU2F2	ACTL6B	-0.91087	50.71	-7.1E-01	rgb( 63,124,244)	1.9944	None
RFX6	BASP1	0.91087	50.71	0.709	rgb(225, 82, 83)	1.9944	None
RFX6	IGSF10	0.91087	50.71	0.712	rgb(225, 81, 82)	1.9944	None
RFX6	TSPAN11	0.91087	50.71	0.713	rgb(225, 81, 82)	1.9944	None
SMAD9	KCNH8	0.91087	50.71	0.705	rgb(225, 82, 84)	1.9944	None
TEAD1	CXCR7	-0.91087	50.71	-7.1E-01	rgb( 62,123,244)	1.9944	2,2
TEAD2	GLIS2	0.91087	50.71	0.715	rgb(225, 80, 82)	1.9944	None
TFCP2L1	MAD2L2	0.91087	50.71	0.713	rgb(225, 81, 82)	1.9944	None
TGIF2	CALCOCO1	0.91087	50.71	0.709	rgb(225, 82, 83)	1.9944	None
ZFHX2	AKT3	-0.91087	50.71	-7.1E-01	rgb( 63,123,244)	1.9944	None
ZFHX2	CFC1	-0.91087	50.71	-7.1E-01	rgb( 64,124,244)	1.9944	None
ZFHX2	KCNMA1	-0.91087	50.71	-7.1E-01	rgb( 63,123,244)	1.9944	None
ZNF382	DCHS1	-0.91087	50.71	-7.1E-01	rgb( 62,123,244)	1.9944	None
ZNF382	KCNN3	-0.91087	50.71	-7.1E-01	rgb( 62,123,244)	1.9944	None
ZNF492	CITED2	-0.91087	50.71	-7.1E-01	rgb( 63,124,244)	1.9944	None
ZNF492	MX2	-0.91087	50.71	-7.1E-01	rgb( 63,123,244)	1.9944	None
ZNF846	GPR137C	-0.91087	50.71	-7.1E-01	rgb( 64,124,244)	1.9944	None
ZNF846	JAZF1	-0.91087	50.71	-7.1E-01	rgb( 63,123,244)	1.9944	None
SIM1	KIF5C	0.91087	50.71	0.715	rgb(225, 80, 82)	1.9944	2,2
ARX	MUC15	-0.90769	50.7	-7.0E-01	rgb( 65,124,244)	1.9942	None
ARX	TMEFF2	-0.90769	50.7	-7.0E-01	rgb( 65,124,244)	1.9942	None
ATF6	PYY	0.90769	50.7	0.704	rgb(225, 83, 84)	1.9942	None
ELF4	CCL19	-0.90769	50.7	-7.0E-01	rgb( 65,124,244)	1.9942	None
ELF4	MYBPC3	-0.90769	50.7	-7.0E-01	rgb( 64,124,244)	1.9942	None
ELF4	RUNDC3A	-0.90769	50.7	-7.0E-01	rgb( 64,124,244)	1.9942	None
ETV1	BMS1P1	-0.90769	50.7	-7.0E-01	rgb( 64,124,244)	1.9942	2,2
FOXP2	CHRNB2	-0.90769	50.7	-7.0E-01	rgb( 65,125,244)	1.9942	None
HEYL	HNRNPU-AS1	-0.90769	50.7	-7.0E-01	rgb( 65,125,244)	1.9942	2,2
HHEX	LIN7A	0.90769	50.7	0.702	rgb(225, 83, 84)	1.9942	None
HIC1	SAMD5	-0.90769	50.7	-7.0E-01	rgb( 65,125,244)	1.9942	None
HOXB9	TRPC4	0.90769	50.7	0.7	rgb(225, 83, 85)	1.9942	None
HSF2	RFX6	-0.90769	50.7	-7.0E-01	rgb( 66,125,243)	1.9942	None
ISL1	USP13	0.90769	50.7	0.702	rgb(225, 83, 84)	1.9942	None
LHX1	USH2A	-0.90769	50.7	-7.0E-01	rgb( 66,125,244)	1.9942	None
LMX1A	DHRS2	-0.90769	50.7	-7.0E-01	rgb( 66,125,243)	1.9942	None
LMX1A	S100A1	-0.90769	50.7	-7.0E-01	rgb( 66,125,243)	1.9942	None
MAFF	VOPP1	0.90769	50.7	0.704	rgb(225, 82, 84)	1.9942	None
NEUROD1	LRRN2	0.90769	50.7	0.7	rgb(225, 83, 85)	1.9942	None
NEUROG3	MDK	0.90769	50.7	0.703	rgb(225, 83, 84)	1.9942	None
NEUROG3	VWCE	0.90769	50.7	0.701	rgb(225, 83, 84)	1.9942	None
NKX2-2	WNK2	-0.90769	50.7	-7.0E-01	rgb( 65,124,244)	1.9942	None
NR4A2	DLL4	0.90769	50.7	0.703	rgb(225, 83, 84)	1.9942	None
NR4A2	FOXP2	0.90769	50.7	0.695	rgb(225, 84, 86)	1.9942	None
NR4A2	KCNK17	0.90769	50.7	0.697	rgb(225, 84, 85)	1.9942	None
NR4A2	NOL4	0.90769	50.7	0.702	rgb(225, 83, 84)	1.9942	None
NR4A2	PGM5	0.90769	50.7	0.696	rgb(225, 84, 85)	1.9942	None
NR4A2	SH3RF3	0.90769	50.7	0.704	rgb(225, 83, 84)	1.9942	None
ONECUT1	AK127443	0.90769	50.7	0.697	rgb(225, 84, 85)	1.9942	2,2
ONECUT1	C7	0.90769	50.7	0.697	rgb(225, 84, 85)	1.9942	None
ONECUT1	UBE2Q2P2	0.90769	50.7	0.697	rgb(225, 84, 85)	1.9942	2,2
ONECUT3	DZIP1	0.90769	50.7	0.702	rgb(225, 83, 84)	1.9942	None
PAX6	ELL2	-0.90769	50.7	-7.0E-01	rgb( 66,125,243)	1.9942	None
PBX1	RAP1GAP2	0.90769	50.7	0.699	rgb(225, 83, 85)	1.9942	None
RFX6	APBB1	0.90769	50.7	0.697	rgb(225, 84, 85)	1.9942	None
RFX6	CD200	0.90769	50.7	0.704	rgb(225, 83, 84)	1.9942	None
RFX6	DGKB	0.90769	50.7	0.703	rgb(225, 83, 84)	1.9942	None
SPIB	MXI1	0.90769	50.7	0.7	rgb(225, 83, 85)	1.9942	None
TFCP2L1	RUNDC3A	0.90769	50.7	0.696	rgb(225, 84, 85)	1.9942	None
ZFHX2	CELA3B	0.90769	50.7	0.701	rgb(225, 83, 85)	1.9942	None
ZFHX2	SPC25	0.90769	50.7	0.697	rgb(225, 84, 85)	1.9942	None
ZFP28	CERKL	-0.90769	50.7	-7.0E-01	rgb( 65,125,244)	1.9942	None
ZNF846	ABCC8	-0.90769	50.7	-7.0E-01	rgb( 64,124,244)	1.9942	None
AEBP1	CHL1	0.90769	50.7	0.695	rgb(225, 84, 86)	1.9942	2,2
ZNF117	IFNE	0.90769	50.7	0.702	rgb(225, 83, 84)	1.9942	2,2
ARX	TSSK4	0.9045	50.69	0.692	rgb(225, 85, 86)	1.994	None
ASCL1	AK125871	-0.9045	50.69	-6.9E-01	rgb( 67,126,243)	1.994	2,2
ASCL1	CIB4	-0.9045	50.69	-6.9E-01	rgb( 67,126,243)	1.994	None
ASCL1	MAPK4	0.9045	50.69	0.687	rgb(225, 86, 87)	1.994	None
EGR3	CBX4	0.9045	50.69	0.686	rgb(225, 86, 87)	1.994	None
EGR3	GATA4	-0.9045	50.69	-6.9E-01	rgb( 67,126,243)	1.994	None
ELF4	SMTNL2	-0.9045	50.69	-6.9E-01	rgb( 67,126,243)	1.994	None
ELF4	WNT6	-0.9045	50.69	-6.9E-01	rgb( 68,126,243)	1.994	None
ETV1	ANKRD65	-0.9045	50.69	-6.9E-01	rgb( 68,126,243)	1.994	None
GATA2	ATP13A4	0.9045	50.69	0.689	rgb(225, 85, 87)	1.994	None
GATA4	CACNA1C	0.9045	50.69	0.689	rgb(225, 85, 87)	1.994	None
GATA4	GCH1	0.9045	50.69	0.694	rgb(225, 84, 86)	1.994	None
GLIS2	BC005905	-0.9045	50.69	-6.9E-01	rgb( 68,126,243)	1.994	2,2
HEYL	GOLGA6L9	-0.9045	50.69	-6.9E-01	rgb( 66,125,243)	1.994	2,2
HHEX	FAM101B	0.9045	50.69	0.692	rgb(225, 85, 86)	1.994	2,2
HSF2	CHD5	-0.9045	50.69	-6.9E-01	rgb( 68,126,243)	1.994	None
ISL1	ZNF846	0.9045	50.69	0.685	rgb(225, 86, 87)	1.994	None
LHX1	NEAT1	-0.9045	50.69	-6.9E-01	rgb( 67,126,243)	1.994	None
LMX1A	CHRNA1	0.9045	50.69	0.691	rgb(225, 85, 86)	1.994	None
LMX1A	KIF5A	-0.9045	50.69	-6.9E-01	rgb( 68,126,243)	1.994	None
LMX1A	LOC100652999	0.9045	50.69	0.691	rgb(225, 85, 86)	1.994	2,2
LMX1A	RAB36	-0.9045	50.69	-6.9E-01	rgb( 66,125,243)	1.994	None
LMX1B	DGKB	0.9045	50.69	0.694	rgb(225, 85, 86)	1.994	None
NEUROD1	FFAR1	0.9045	50.69	0.689	rgb(225, 85, 87)	1.994	None
NEUROG3	ACSL6	0.9045	50.69	0.691	rgb(225, 85, 86)	1.994	None
NR4A2	CCDC74A	-0.9045	50.69	-6.9E-01	rgb( 68,126,243)	1.994	None
NR4A2	DENND2A	0.9045	50.69	0.687	rgb(225, 86, 87)	1.994	None
NR4A2	PALMD	-0.9045	50.69	-6.9E-01	rgb( 68,126,243)	1.994	None
ONECUT1	KCNH7	0.9045	50.69	0.689	rgb(225, 85, 87)	1.994	None
PAX6	ABCA9	-0.9045	50.69	-6.9E-01	rgb( 68,126,243)	1.994	None
PDX1	PGF	0.9045	50.69	0.689	rgb(225, 85, 87)	1.994	None
PRDM16	DLC1	0.9045	50.69	0.688	rgb(225, 86, 87)	1.994	None
RFX6	SPEG	0.9045	50.69	0.687	rgb(225, 86, 87)	1.994	None
RFX6	STARD8	0.9045	50.69	0.694	rgb(225, 84, 86)	1.994	None
RORC	L1TD1	-0.9045	50.69	-6.9E-01	rgb( 68,126,243)	1.994	None
SOX4	NKD1	0.9045	50.69	0.688	rgb(225, 86, 87)	1.994	None
TEAD1	BOC	-0.9045	50.69	-6.9E-01	rgb( 66,125,243)	1.994	None
TEAD1	KIF5A	-0.9045	50.69	-6.9E-01	rgb( 68,126,243)	1.994	None
TEAD1	PYY	-0.9045	50.69	-6.9E-01	rgb( 67,126,243)	1.994	None
TFCP2L1	NREP	0.9045	50.69	0.69	rgb(225, 85, 86)	1.994	None
TFCP2L1	PCDHB9	0.9045	50.69	0.694	rgb(225, 84, 86)	1.994	None
TFCP2L1	QDPR	0.9045	50.69	0.685	rgb(225, 86, 87)	1.994	None
ZFHX2	NINJ1	0.9045	50.69	0.688	rgb(225, 86, 87)	1.994	None
ZFHX2	NPM2	-0.9045	50.69	-6.9E-01	rgb( 68,127,243)	1.994	None
ZFP90	CAMKV	0.9045	50.69	0.693	rgb(225, 85, 86)	1.994	None
ZNF846	CEND1	-0.9045	50.69	-6.9E-01	rgb( 67,126,243)	1.994	None
ZNF846	CHST8	-0.9045	50.69	-6.9E-01	rgb( 66,125,243)	1.994	None
ZNF846	GDAP1	0.9045	50.69	0.693	rgb(225, 85, 86)	1.994	None
ARX	CR627206	0.90132	50.68	0.677	rgb(224, 88, 89)	1.9938	2,2
ARX	SV2B	-0.90132	50.68	-6.8E-01	rgb( 69,127,243)	1.9938	None
EGR3	CDKN1C	-0.90132	50.68	-6.8E-01	rgb( 71,128,243)	1.9938	None
EGR3	GPR137C	-0.90132	50.68	-6.8E-01	rgb( 68,127,243)	1.9938	None
ETS1	TFPI2	0.90132	50.68	0.68	rgb(224, 87, 88)	1.9938	None
ETS1	TMOD2	0.90132	50.68	0.678	rgb(224, 87, 89)	1.9938	None
FOXP2	CRMP1	-0.90132	50.68	-6.8E-01	rgb( 69,127,243)	1.9938	None
FOXP2	RIIAD1	-0.90132	50.68	-6.8E-01	rgb( 70,127,243)	1.9938	None
HIC1	RPS6KL1	-0.90132	50.68	-6.8E-01	rgb( 70,127,243)	1.9938	None
HIF1A	LOC100507351	-0.90132	50.68	-6.8E-01	rgb( 70,128,243)	1.9938	2,2
HSF2	SSTR5	-0.90132	50.68	-6.8E-01	rgb( 70,127,243)	1.9938	None
LMX1A	ADCY2	-0.90132	50.68	-6.8E-01	rgb( 70,128,243)	1.9938	None
LMX1B	MEP1B	0.90132	50.68	0.677	rgb(224, 88, 89)	1.9938	None
LTF	PHLDA2	0.90132	50.68	0.683	rgb(225, 87, 88)	1.9938	None
MAFA	ELFN1	0.90132	50.68	0.675	rgb(224, 88, 89)	1.9938	None
MAFA	KAT2B	0.90132	50.68	0.683	rgb(225, 87, 88)	1.9938	None
MAFB	MYO3A	0.90132	50.68	0.683	rgb(225, 87, 88)	1.9938	None
NEUROD1	F10	0.90132	50.68	0.684	rgb(225, 86, 88)	1.9938	None
NEUROD1	IFI44	0.90132	50.68	0.678	rgb(224, 88, 89)	1.9938	None
NEUROD1	KLK12	0.90132	50.68	0.683	rgb(225, 87, 88)	1.9938	None
NEUROG3	HGFAC	0.90132	50.68	0.675	rgb(224, 88, 89)	1.9938	None
NHLH1	HINT1	0.90132	50.68	0.678	rgb(224, 87, 89)	1.9938	None
NHLH1	SYNM	-0.90132	50.68	-6.8E-01	rgb( 70,128,243)	1.9938	None
NHLH1	ZFP2	0.90132	50.68	0.683	rgb(225, 87, 88)	1.9938	None
NR4A2	BTBD11	-0.90132	50.68	-6.8E-01	rgb( 70,127,243)	1.9938	None
NR4A2	CDKN1C	0.90132	50.68	0.678	rgb(224, 88, 89)	1.9938	None
NR4A2	SPON1	0.90132	50.68	0.679	rgb(224, 87, 89)	1.9938	None
NR4A2	SSTR5-AS1	-0.90132	50.68	-6.8E-01	rgb( 69,127,243)	1.9938	None
NR4A2	SUSD2	0.90132	50.68	0.681	rgb(224, 87, 88)	1.9938	None
RFX3	MCF2L	0.90132	50.68	0.675	rgb(224, 88, 89)	1.9938	None
RFX6	CTXN1	0.90132	50.68	0.683	rgb(225, 86, 88)	1.9938	None
RFX6	LRAT	0.90132	50.68	0.683	rgb(225, 87, 88)	1.9938	None
RFX6	NACAD	0.90132	50.68	0.681	rgb(224, 87, 88)	1.9938	None
SMAD9	HMGN3	-0.90132	50.68	-6.8E-01	rgb( 69,127,243)	1.9938	None
SMAD9	MBOAT4	0.90132	50.68	0.676	rgb(224, 88, 89)	1.9938	None
SPIB	RYBP	0.90132	50.68	0.683	rgb(225, 87, 88)	1.9938	None
TEAD1	CHRNB2	-0.90132	50.68	-6.8E-01	rgb( 69,127,243)	1.9938	None
TEAD1	RBP2	-0.90132	50.68	-6.8E-01	rgb( 69,127,243)	1.9938	None
TEAD1	SH2D3C	-0.90132	50.68	-6.8E-01	rgb( 70,127,243)	1.9938	None
TEAD2	HDAC7	0.90132	50.68	0.683	rgb(225, 86, 88)	1.9938	None
TFCP2L1	ZNF853	0.90132	50.68	0.678	rgb(224, 88, 89)	1.9938	None
ZFP90	ARHGAP9	0.90132	50.68	0.68	rgb(224, 87, 88)	1.9938	None
ZNF382	PPP1R16B	0.90132	50.68	0.677	rgb(224, 88, 89)	1.9938	None
ZNF382	USP41	-0.90132	50.68	-6.8E-01	rgb( 69,127,243)	1.9938	None
ZNF846	SLC7A2	0.90132	50.68	0.685	rgb(225, 86, 88)	1.9938	None
MYT1	ASIC5	0.90132	50.68	0.676	rgb(224, 88, 89)	1.9938	2,2
ZNF117	AX748371	0.90132	50.68	0.679	rgb(224, 87, 89)	1.9938	2,2
ZNF117	LOC646214	0.90132	50.68	0.677	rgb(224, 88, 89)	1.9938	2,2
ASCL1	CHRNB2	0.89814	50.67	0.674	rgb(224, 88, 90)	1.9936	None
ASCL1	SCIMP	-0.89814	50.67	-6.7E-01	rgb( 72,129,242)	1.9936	None
ASCL2	NPTXR	-0.89814	50.67	-6.7E-01	rgb( 72,129,242)	1.9936	None
ELF4	MAFF	0.89814	50.67	0.67	rgb(224, 89, 90)	1.9936	None
ELF4	STMN3	-0.89814	50.67	-6.7E-01	rgb( 71,128,243)	1.9936	None
ETS1	CHRNA5	0.89814	50.67	0.667	rgb(224, 90, 91)	1.9936	None
ETS1	REM2	0.89814	50.67	0.672	rgb(224, 89, 90)	1.9936	None
ETS1	SPAG8	-0.89814	50.67	-6.7E-01	rgb( 71,128,243)	1.9936	None
FEV	CELF5	0.89814	50.67	0.669	rgb(224, 89, 91)	1.9936	None
FOXP2	TRPM2	-0.89814	50.67	-6.7E-01	rgb( 71,128,243)	1.9936	None
HHEX	INA	0.89814	50.67	0.668	rgb(224, 89, 91)	1.9936	2,2
HIC1	BAI2	-0.89814	50.67	-6.7E-01	rgb( 72,129,242)	1.9936	2,2
HOXB9	CREBRF	0.89814	50.67	0.669	rgb(224, 89, 91)	1.9936	None
LHX1	DNAH11	0.89814	50.67	0.667	rgb(224, 90, 91)	1.9936	None
LHX1	PCSK2	-0.89814	50.67	-6.7E-01	rgb( 73,129,242)	1.9936	None
LHX1	SPP1	0.89814	50.67	0.667	rgb(224, 90, 91)	1.9936	None
LMX1A	TMEM151A	-0.89814	50.67	-6.7E-01	rgb( 72,129,242)	1.9936	None
LMX1B	LINC00310	0.89814	50.67	0.674	rgb(224, 88, 90)	1.9936	None
NEUROD1	SGSM1	0.89814	50.67	0.673	rgb(224, 88, 90)	1.9936	None
NEUROG3	HES6	0.89814	50.67	0.669	rgb(224, 89, 91)	1.9936	None
NEUROG3	ZCCHC12	0.89814	50.67	0.665	rgb(224, 90, 91)	1.9936	None
NFAT5	TMEM198	-0.89814	50.67	-6.7E-01	rgb( 71,128,243)	1.9936	None
NR4A2	ABCC4	-0.89814	50.67	-6.7E-01	rgb( 71,128,243)	1.9936	None
NR4A2	CACNA2D1	0.89814	50.67	0.671	rgb(224, 89, 90)	1.9936	None
NR4A2	CLPS	0.89814	50.67	0.665	rgb(224, 90, 91)	1.9936	None
NR4A2	KIRREL3	-0.89814	50.67	-6.7E-01	rgb( 72,129,242)	1.9936	None
NR4A2	L1TD1	0.89814	50.67	0.669	rgb(224, 89, 91)	1.9936	2,2
NR4A2	MSI1	0.89814	50.67	0.667	rgb(224, 90, 91)	1.9936	None
NR4A2	RFX3	0.89814	50.67	0.67	rgb(224, 89, 90)	1.9936	None
NR4A2	TFPI2	0.89814	50.67	0.665	rgb(224, 90, 91)	1.9936	None
NR4A2	YPEL1	0.89814	50.67	0.666	rgb(224, 90, 91)	1.9936	None
NR4A3	STMN2	0.89814	50.67	0.669	rgb(224, 89, 90)	1.9936	None
PAX4	LAMP5	0.89814	50.67	0.667	rgb(224, 90, 91)	1.9936	None
PBX1	AL117485	0.89814	50.67	0.67	rgb(224, 89, 90)	1.9936	2,2
PBX1	KIRREL3	-0.89814	50.67	-6.7E-01	rgb( 72,129,242)	1.9936	None
PRDM16	F10	-0.89814	50.67	-6.7E-01	rgb( 72,129,242)	1.9936	None
RFX2	CCDC181	0.89814	50.67	0.667	rgb(224, 90, 91)	1.9936	None
RFX6	MLN	0.89814	50.67	0.673	rgb(224, 88, 90)	1.9936	None
SPIB	LRIG1	-0.89814	50.67	-6.7E-01	rgb( 72,129,242)	1.9936	None
TFCP2L1	HEYL	0.89814	50.67	0.67	rgb(224, 89, 90)	1.9936	None
TFCP2L1	ISL1	0.89814	50.67	0.675	rgb(224, 88, 89)	1.9936	None
ZFHX2	CDKN1C	-0.89814	50.67	-6.7E-01	rgb( 72,129,242)	1.9936	None
ZFHX2	FGF14	-0.89814	50.67	-6.7E-01	rgb( 71,128,243)	1.9936	None
ZFHX2	SAMD11	-0.89814	50.67	-6.7E-01	rgb( 72,129,242)	1.9936	None
ZFP90	BHMT	0.89814	50.67	0.674	rgb(224, 88, 90)	1.9936	2,2
ZNF382	PGM5	-0.89814	50.67	-6.7E-01	rgb( 72,129,242)	1.9936	None
ZNF846	ANKRD65	-0.89814	50.67	-6.7E-01	rgb( 72,129,242)	1.9936	None
KCNIP3	BEX1	0.89814	50.67	0.674	rgb(224, 88, 90)	1.9936	2,2
NPAS3	AK095045	0.89814	50.67	0.666	rgb(224, 90, 91)	1.9936	2,2
EGR3	ELAVL3	-0.89495	50.66	-6.6E-01	rgb( 73,129,242)	1.9934	None
ELF4	KIAA1324	-0.89495	50.66	-6.6E-01	rgb( 75,130,242)	1.9934	None
ELF4	PDE2A	-0.89495	50.66	-6.6E-01	rgb( 73,130,242)	1.9934	None
ELF4	USP13	-0.89495	50.66	-6.6E-01	rgb( 74,130,242)	1.9934	None
ETS1	ANKRD65	0.89495	50.66	0.658	rgb(224, 91, 93)	1.9934	None
LMX1A	CFC1	-0.89495	50.66	-6.6E-01	rgb( 75,131,242)	1.9934	None
LMX1A	PCSK2	-0.89495	50.66	-6.6E-01	rgb( 74,130,242)	1.9934	None
LMX1B	KCNAB2	-0.89495	50.66	-6.6E-01	rgb( 73,129,242)	1.9934	None
MAFA	ANK2	0.89495	50.66	0.656	rgb(224, 92, 93)	1.9934	None
MAFA	LINC00890	0.89495	50.66	0.659	rgb(224, 91, 92)	1.9934	2,2
MAFF	BC040358	-0.89495	50.66	-6.6E-01	rgb( 75,130,242)	1.9934	2,2
NEUROD1	AVPR1B	0.89495	50.66	0.662	rgb(224, 91, 92)	1.9934	None
NFAT5	ADCY1	-0.89495	50.66	-6.6E-01	rgb( 74,130,242)	1.9934	None
NR4A2	KIAA1324	-0.89495	50.66	-6.6E-01	rgb( 73,129,242)	1.9934	None
NR4A2	MEX3A	0.89495	50.66	0.656	rgb(224, 92, 93)	1.9934	None
NR4A2	MS4A8	0.89495	50.66	0.66	rgb(224, 91, 92)	1.9934	None
NR4A2	PLCG2	0.89495	50.66	0.66	rgb(224, 91, 92)	1.9934	None
ONECUT1	PGM5	0.89495	50.66	0.665	rgb(224, 90, 91)	1.9934	None
ONECUT3	BC041449	0.89495	50.66	0.657	rgb(224, 92, 93)	1.9934	2,2
PBX1	PAX6	-0.89495	50.66	-6.6E-01	rgb( 73,129,242)	1.9934	None
PRDM16	DNAH11	0.89495	50.66	0.657	rgb(224, 92, 93)	1.9934	None
RFX6	ADCY5	0.89495	50.66	0.66	rgb(224, 91, 92)	1.9934	None
RFX6	SDK1	0.89495	50.66	0.662	rgb(224, 91, 92)	1.9934	None
SMAD9	CADM2	0.89495	50.66	0.661	rgb(224, 91, 92)	1.9934	None
SOX4	GNG4	-0.89495	50.66	-6.6E-01	rgb( 75,130,242)	1.9934	None
TEAD1	MIR503HG	-0.89495	50.66	-6.6E-01	rgb( 74,130,242)	1.9934	None
TFCP2L1	OGFRL1	0.89495	50.66	0.658	rgb(224, 91, 93)	1.9934	None
ZFHX2	DIRAS1	-0.89495	50.66	-6.6E-01	rgb( 75,130,242)	1.9934	2,2
ZNF519	EGFR	0.89495	50.66	0.657	rgb(224, 92, 93)	1.9934	None
MYT1	KCNMB2-IT1	0.89495	50.66	0.664	rgb(224, 90, 91)	1.9934	2,2
ASCL1	RFX2	0.89177	50.65	0.653	rgb(224, 92, 93)	1.9932	None
ATF6	RFX3	-0.89177	50.65	-6.5E-01	rgb( 77,132,242)	1.9932	None
EGR3	PHLDA2	0.89177	50.65	0.646	rgb(224, 94, 95)	1.9932	None
ELF4	ALAS2	-0.89177	50.65	-6.5E-01	rgb( 76,131,242)	1.9932	None
ELF4	LRRC10B	0.89177	50.65	0.65	rgb(224, 93, 94)	1.9932	None
ETV1	REG4	0.89177	50.65	0.653	rgb(224, 92, 94)	1.9932	None
ETV1	SPP1	0.89177	50.65	0.651	rgb(224, 93, 94)	1.9932	None
FOXA2	PRICKLE2	0.89177	50.65	0.646	rgb(224, 94, 95)	1.9932	None
FOXA2	SLC51B	-0.89177	50.65	-6.5E-01	rgb( 76,131,242)	1.9932	None
LMX1A	ZFP90	-0.89177	50.65	-6.5E-01	rgb( 76,131,242)	1.9932	None
LMX1A	ZNF492	0.89177	50.65	0.652	rgb(224, 93, 94)	1.9932	2,2
LMX1B	MPP1	0.89177	50.65	0.648	rgb(224, 93, 94)	1.9932	None
LMX1B	TSNAX-DISC1	0.89177	50.65	0.655	rgb(224, 92, 93)	1.9932	None
MAFF	TTLL6	-0.89177	50.65	-6.5E-01	rgb( 77,132,242)	1.9932	None
NEUROD1	KIF5C	0.89177	50.65	0.646	rgb(224, 94, 95)	1.9932	2,2
NEUROD1	LOC100128288	0.89177	50.65	0.655	rgb(224, 92, 93)	1.9932	None
NEUROD1	LZTS1	0.89177	50.65	0.653	rgb(224, 92, 94)	1.9932	None
NEUROD1	SEPT5-GP1BB	0.89177	50.65	0.647	rgb(224, 93, 95)	1.9932	2,2
NEUROG3	SSTR1	0.89177	50.65	0.651	rgb(224, 93, 94)	1.9932	None
NR4A2	KCNH7	0.89177	50.65	0.65	rgb(224, 93, 94)	1.9932	None
NR4A2	PCBP4	0.89177	50.65	0.652	rgb(224, 93, 94)	1.9932	None
NR4A2	SPEG	-0.89177	50.65	-6.5E-01	rgb( 76,131,242)	1.9932	None
ONECUT3	NNMT	-0.89177	50.65	-6.5E-01	rgb( 76,131,242)	1.9932	None
PDX1	FAM227A	-0.89177	50.65	-6.5E-01	rgb( 76,131,242)	1.9932	None
PRDM16	NEFM	-0.89177	50.65	-6.5E-01	rgb( 75,131,242)	1.9932	None
RFX6	RGS14	0.89177	50.65	0.649	rgb(224, 93, 94)	1.9932	None
RFX6	TMEM151A	0.89177	50.65	0.654	rgb(224, 92, 93)	1.9932	None
RORC	NREP	-0.89177	50.65	-6.5E-01	rgb( 77,132,242)	1.9932	None
TEAD1	DOK6	-0.89177	50.65	-6.5E-01	rgb( 76,131,242)	1.9932	None
TFCP2L1	CHRM4	0.89177	50.65	0.648	rgb(224, 93, 95)	1.9932	None
TP73	TUB	-0.89177	50.65	-6.5E-01	rgb( 75,131,242)	1.9932	None
ZFP62	FW340024	0.89177	50.65	0.649	rgb(224, 93, 94)	1.9932	2,2
ZNF117	AK054970	0.89177	50.65	0.648	rgb(224, 93, 95)	1.9932	2,2
ARX	CD200	-0.88859	50.64	-6.4E-01	rgb( 78,133,241)	1.993	None
ARX	HMGB3	-0.88859	50.64	-6.4E-01	rgb( 78,133,241)	1.993	None
ELF4	ANKRD65	-0.88859	50.64	-6.4E-01	rgb( 78,133,241)	1.993	None
ELF4	FAT3	-0.88859	50.64	-6.4E-01	rgb( 78,132,241)	1.993	None
ELF4	ISL1	-0.88859	50.64	-6.4E-01	rgb( 79,133,241)	1.993	None
ELF4	LINGO1	0.88859	50.64	0.643	rgb(224, 94, 95)	1.993	None
ELF4	MTUS2	-0.88859	50.64	-6.4E-01	rgb( 79,133,241)	1.993	None
ELF4	SDK1	-0.88859	50.64	-6.4E-01	rgb( 78,133,241)	1.993	None
ETV1	STMN4	0.88859	50.64	0.642	rgb(224, 94, 96)	1.993	None
FEV	ZFP2	-0.88859	50.64	-6.4E-01	rgb( 78,132,241)	1.993	None
HES4	LINC00261	0.88859	50.64	0.638	rgb(224, 95, 96)	1.993	None
HEYL	AK130076	-0.88859	50.64	-6.4E-01	rgb( 78,132,241)	1.993	2,2
HSF2	CHST10	-0.88859	50.64	-6.4E-01	rgb( 77,132,241)	1.993	None
HSF2	UNC13A	-0.88859	50.64	-6.4E-01	rgb( 78,132,241)	1.993	None
LMX1A	PODXL2	-0.88859	50.64	-6.4E-01	rgb( 78,132,241)	1.993	None
MAFB	TSPAN7	0.88859	50.64	0.643	rgb(224, 94, 95)	1.993	None
MAFF	GPR173	-0.88859	50.64	-6.4E-01	rgb( 79,133,241)	1.993	None
MAFF	MAPK10	-0.88859	50.64	-6.4E-01	rgb( 78,132,241)	1.993	None
NEUROD1	KIF19	0.88859	50.64	0.641	rgb(224, 95, 96)	1.993	None
NEUROD1	MUC5B	-0.88859	50.64	-6.4E-01	rgb( 79,133,241)	1.993	None
NEUROD1	RPS16P5	-0.88859	50.64	-6.4E-01	rgb( 78,132,241)	1.993	None
NEUROG3	CITED1	0.88859	50.64	0.645	rgb(224, 94, 95)	1.993	None
NKX2-2	SSTR3	-0.88859	50.64	-6.4E-01	rgb( 78,132,241)	1.993	None
NR4A2	CDH5	0.88859	50.64	0.641	rgb(224, 94, 96)	1.993	None
NR4A2	HDAC7	-0.88859	50.64	-6.4E-01	rgb( 78,132,241)	1.993	None
NR4A2	INSM1	0.88859	50.64	0.639	rgb(224, 95, 96)	1.993	None
NR4A2	MSMB	0.88859	50.64	0.645	rgb(224, 94, 95)	1.993	None
NR4A2	WNK3	0.88859	50.64	0.643	rgb(224, 94, 95)	1.993	None
PAX4	RIIAD1	-0.88859	50.64	-6.4E-01	rgb( 78,132,241)	1.993	None
PBX1	ASRGL1	0.88859	50.64	0.636	rgb(224, 96, 97)	1.993	None
PRDM16	AEBP1	-0.88859	50.64	-6.4E-01	rgb( 79,133,241)	1.993	None
RFX6	CABP7	0.88859	50.64	0.638	rgb(224, 95, 96)	1.993	None
RORC	PCDHB15	-0.88859	50.64	-6.4E-01	rgb( 79,133,241)	1.993	None
SMAD9	PDZD4	0.88859	50.64	0.637	rgb(224, 95, 97)	1.993	None
TEAD1	COL14A1	-0.88859	50.64	-6.4E-01	rgb( 78,132,241)	1.993	None
TEAD1	PCBP4	-0.88859	50.64	-6.4E-01	rgb( 79,133,241)	1.993	None
ZFHX2	CELF4	-0.88859	50.64	-6.4E-01	rgb( 78,132,241)	1.993	None
ZFHX2	GPR123	-0.88859	50.64	-6.4E-01	rgb( 77,132,241)	1.993	2,2
ZFP28	SCN2A	0.88859	50.64	0.645	rgb(224, 94, 95)	1.993	None
ZNF382	DPP10	-0.88859	50.64	-6.4E-01	rgb( 77,132,241)	1.993	None
ZNF846	CACNA2D1	0.88859	50.64	0.643	rgb(224, 94, 96)	1.993	None
ZNF846	CNOT6L	-0.88859	50.64	-6.4E-01	rgb( 79,133,241)	1.993	None
ZNF846	REM2	-0.88859	50.64	-6.4E-01	rgb( 79,133,241)	1.993	None
ZNF117	AX748379	0.88859	50.64	0.635	rgb(224, 96, 97)	1.993	2,2
ARX	GPM6B	0.8854	50.63	0.634	rgb(224, 96, 97)	1.9928	2,2
ARX	SLC26A7	-0.8854	50.63	-6.3E-01	rgb( 80,134,241)	1.9928	None
ASCL1	SDK2	0.8854	50.63	0.632	rgb(224, 96, 98)	1.9928	None
ELF4	GPR162	-0.8854	50.63	-6.3E-01	rgb( 79,133,241)	1.9928	None
ELF4	HMGN3	-0.8854	50.63	-6.3E-01	rgb( 81,134,241)	1.9928	None
ETS1	FAM13A-AS1	-0.8854	50.63	-6.3E-01	rgb( 80,134,241)	1.9928	None
ETV1	ONECUT2	-0.8854	50.63	-6.3E-01	rgb( 80,134,241)	1.9928	None
FOXA1	UBL5	-0.8854	50.63	-6.3E-01	rgb( 81,134,241)	1.9928	None
GATA2	KCNH8	0.8854	50.63	0.635	rgb(224, 96, 97)	1.9928	None
GATA4	CCDC146	0.8854	50.63	0.631	rgb(224, 96, 98)	1.9928	None
LHX1	FOXA1	0.8854	50.63	0.627	rgb(224, 97, 98)	1.9928	None
LMX1A	ZDHHC8P1	-0.8854	50.63	-6.3E-01	rgb( 80,133,241)	1.9928	None
MAFA	PTP4A3	0.8854	50.63	0.633	rgb(224, 96, 97)	1.9928	None
MAFF	SFTPA2	-0.8854	50.63	-6.3E-01	rgb( 80,134,241)	1.9928	None
MYRF	LOC389332	0.8854	50.63	0.633	rgb(224, 96, 97)	1.9928	2,2
NEUROG3	PAM	0.8854	50.63	0.629	rgb(224, 97, 98)	1.9928	None
NKX2-2	CPB1	-0.8854	50.63	-6.3E-01	rgb( 80,134,241)	1.9928	None
NR4A2	BRSK1	0.8854	50.63	0.627	rgb(224, 97, 98)	1.9928	None
NR4A2	NHLH1	0.8854	50.63	0.633	rgb(224, 96, 97)	1.9928	None
NR4A2	SAP30	0.8854	50.63	0.627	rgb(224, 97, 99)	1.9928	None
PBX1	BAMBI	-0.8854	50.63	-6.3E-01	rgb( 80,134,241)	1.9928	None
PBX1	STXBP5L	-0.8854	50.63	-6.3E-01	rgb( 80,134,241)	1.9928	None
PRDM16	RRAGD	0.8854	50.63	0.627	rgb(224, 97, 98)	1.9928	None
TEAD1	GIP	-0.8854	50.63	-6.3E-01	rgb( 81,134,241)	1.9928	None
TEAD2	CHRNA5	-0.8854	50.63	-6.3E-01	rgb( 79,133,241)	1.9928	None
ZFHX2	MEX3B	0.8854	50.63	0.631	rgb(224, 97, 98)	1.9928	None
ZNF382	SIM1	-0.8854	50.63	-6.3E-01	rgb( 80,134,241)	1.9928	None
SIM1	GPR116	0.8854	50.63	0.633	rgb(224, 96, 97)	1.9928	2,2
ELF4	LINC00939	-0.88222	50.62	-6.2E-01	rgb( 83,135,241)	1.9926	None
ELF4	NEFM	-0.88222	50.62	-6.2E-01	rgb( 83,136,240)	1.9926	None
ELF4	TTLL6	-0.88222	50.62	-6.2E-01	rgb( 83,136,240)	1.9926	None
ETS1	ZFP62	-0.88222	50.62	-6.2E-01	rgb( 82,135,241)	1.9926	None
ETS1	ZNF846	-0.88222	50.62	-6.2E-01	rgb( 82,135,241)	1.9926	None
FOXP2	GFRA1	-0.88222	50.62	-6.2E-01	rgb( 83,136,240)	1.9926	None
GATA2	CHD5	0.88222	50.62	0.621	rgb(224, 98,100)	1.9926	None
GATA2	USP41	0.88222	50.62	0.622	rgb(224, 98,100)	1.9926	None
GATA4	ISL1	0.88222	50.62	0.617	rgb(224, 99,100)	1.9926	None
GATA4	SEZ6	0.88222	50.62	0.621	rgb(224, 98,100)	1.9926	None
HIC1	MAP3K12	-0.88222	50.62	-6.2E-01	rgb( 82,135,241)	1.9926	None
HOMEZ	FOXP2	-0.88222	50.62	-6.2E-01	rgb( 82,135,241)	1.9926	None
HSF2	ZNF117	0.88222	50.62	0.622	rgb(224, 98, 99)	1.9926	None
LMX1A	BASP1	-0.88222	50.62	-6.2E-01	rgb( 82,135,241)	1.9926	None
MAFA	ADAMTSL2	0.88222	50.62	0.618	rgb(224, 99,100)	1.9926	None
MAFA	CCDC74A	-0.88222	50.62	-6.2E-01	rgb( 83,135,241)	1.9926	None
MAFA	IGSF10	0.88222	50.62	0.62	rgb(224, 99,100)	1.9926	None
MAFA	PDE2A	0.88222	50.62	0.621	rgb(224, 98,100)	1.9926	None
MAFB	SCIMP	0.88222	50.62	0.618	rgb(224, 99,100)	1.9926	None
MAFF	GDF11	-0.88222	50.62	-6.2E-01	rgb( 82,135,241)	1.9926	None
MAFF	WSCD1	0.88222	50.62	0.617	rgb(224, 99,100)	1.9926	None
NEUROD1	BAI1	0.88222	50.62	0.622	rgb(224, 98, 99)	1.9926	2,2
NEUROD2	ISLR2	0.88222	50.62	0.621	rgb(224, 98,100)	1.9926	None
NEUROG3	INSRR	0.88222	50.62	0.617	rgb(224, 99,100)	1.9926	None
NR4A2	GFRA1	0.88222	50.62	0.623	rgb(224, 98, 99)	1.9926	None
NR4A2	QSOX2	-0.88222	50.62	-6.2E-01	rgb( 82,135,241)	1.9926	None
PAX6	CLSPN	0.88222	50.62	0.625	rgb(224, 98, 99)	1.9926	None
PAX6	STK31	-0.88222	50.62	-6.2E-01	rgb( 83,136,240)	1.9926	None
PRDM16	HINT1	-0.88222	50.62	-6.2E-01	rgb( 83,136,240)	1.9926	None
PRDM16	UNC79	-0.88222	50.62	-6.2E-01	rgb( 82,135,241)	1.9926	None
RFX2	TUBB4A	0.88222	50.62	0.623	rgb(224, 98, 99)	1.9926	2,2
RFX3	FAM167A	0.88222	50.62	0.621	rgb(224, 98,100)	1.9926	None
RFX3	HSF2	0.88222	50.62	0.616	rgb(224, 99,101)	1.9926	None
RORC	BEND5	-0.88222	50.62	-6.2E-01	rgb( 82,135,241)	1.9926	None
SPIB	CABP7	-0.88222	50.62	-6.2E-01	rgb( 83,135,240)	1.9926	None
SPIB	GRB14	-0.88222	50.62	-6.2E-01	rgb( 82,135,241)	1.9926	None
SPIB	IL17C	0.88222	50.62	0.619	rgb(224, 99,100)	1.9926	None
TFCP2L1	FER1L6-AS1	-0.88222	50.62	-6.2E-01	rgb( 83,135,241)	1.9926	None
TFCP2L1	SEZ6	0.88222	50.62	0.619	rgb(224, 99,100)	1.9926	None
TFCP2L1	UNC79	0.88222	50.62	0.618	rgb(224, 99,100)	1.9926	None
ZFHX2	ADAM12	-0.88222	50.62	-6.2E-01	rgb( 83,136,240)	1.9926	None
ZFHX2	EID2	-0.88222	50.62	-6.2E-01	rgb( 81,135,241)	1.9926	None
ZFP82	MYBPC2	-0.88222	50.62	-6.2E-01	rgb( 82,135,241)	1.9926	None
ZNF382	NPAS3	-0.88222	50.62	-6.2E-01	rgb( 82,135,241)	1.9926	None
ARX	ANKRD36B	0.87904	50.61	0.606	rgb(224,101,103)	1.9924	2,2
ARX	CXXC4	-0.87904	50.61	-6.1E-01	rgb( 84,136,240)	1.9924	None
EGR3	NOXO1	0.87904	50.61	0.608	rgb(224,101,102)	1.9924	None
ELF4	DOK6	-0.87904	50.61	-6.1E-01	rgb( 85,137,240)	1.9924	None
ELF4	ITGBL1	-0.87904	50.61	-6.1E-01	rgb( 85,137,240)	1.9924	None
ELF4	KCNH8	-0.87904	50.61	-6.1E-01	rgb( 85,136,240)	1.9924	None
ETS1	POU6F1	-0.87904	50.61	-6.1E-01	rgb( 86,137,240)	1.9924	None
ETS1	QDPR	0.87904	50.61	0.605	rgb(224,101,103)	1.9924	None
GATA4	LOC653513	0.87904	50.61	0.61	rgb(224,100,102)	1.9924	2,2
GATA4	TMEFF2	0.87904	50.61	0.613	rgb(224,100,101)	1.9924	None
HOXB9	PBX1	0.87904	50.61	0.608	rgb(224,101,102)	1.9924	None
HSF2	F10	-0.87904	50.61	-6.1E-01	rgb( 84,136,240)	1.9924	None
HSF2	MBOAT4	-0.87904	50.61	-6.1E-01	rgb( 85,137,240)	1.9924	None
LHX1	EPM2A	-0.87904	50.61	-6.1E-01	rgb( 84,136,240)	1.9924	None
LMX1A	LRP4-AS1	0.87904	50.61	0.615	rgb(224,100,101)	1.9924	None
MAFA	NKX6-1	0.87904	50.61	0.611	rgb(224,100,102)	1.9924	None
MAFA	NRXN2	0.87904	50.61	0.609	rgb(224,101,102)	1.9924	None
MAFA	SCN3B	0.87904	50.61	0.615	rgb(224,100,101)	1.9924	None
MAFA	UNC79	0.87904	50.61	0.613	rgb(224,100,101)	1.9924	None
MAFB	EID1	-0.87904	50.61	-6.1E-01	rgb( 85,136,240)	1.9924	None
MAFB	TAF9B	0.87904	50.61	0.611	rgb(224,100,102)	1.9924	None
MAFF	GOLGA7B	-0.87904	50.61	-6.1E-01	rgb( 84,136,240)	1.9924	None
MXI1	SPIB	-0.87904	50.61	-6.1E-01	rgb( 85,137,240)	1.9924	None
MYRF	TMOD1	0.87904	50.61	0.614	rgb(224,100,101)	1.9924	None
NEUROD1	DUSP2	0.87904	50.61	0.612	rgb(224,100,101)	1.9924	None
NEUROG3	DQ592230	-0.87904	50.61	-6.1E-01	rgb( 84,136,240)	1.9924	2,2
NEUROG3	TUBA3FP	0.87904	50.61	0.612	rgb(224,100,101)	1.9924	None
NKX2-2	AK129879	0.87904	50.61	0.611	rgb(224,100,101)	1.9924	2,2
NR4A2	ABLIM2	-0.87904	50.61	-6.1E-01	rgb( 85,137,240)	1.9924	None
NR4A2	AK316092	0.87904	50.61	0.608	rgb(224,101,102)	1.9924	2,2
NR4A2	CD200	0.87904	50.61	0.615	rgb(224,100,101)	1.9924	None
NR4A2	PCDHB9	0.87904	50.61	0.606	rgb(224,101,102)	1.9924	2,2
NR4A2	UNC79	0.87904	50.61	0.615	rgb(224,100,101)	1.9924	None
ONECUT1	KSR2	0.87904	50.61	0.607	rgb(224,101,102)	1.9924	None
PAX6	GRIN1	0.87904	50.61	0.608	rgb(224,101,102)	1.9924	None
PAX6	LAMP5	0.87904	50.61	0.611	rgb(224,100,101)	1.9924	None
PBX1	MYRF	0.87904	50.61	0.611	rgb(224,100,101)	1.9924	None
PRDM16	KCNK3	-0.87904	50.61	-6.1E-01	rgb( 84,136,240)	1.9924	None
RFX6	AK056486	0.87904	50.61	0.614	rgb(224,100,101)	1.9924	2,2
RFX6	CYP4F24P	0.87904	50.61	0.611	rgb(224,100,102)	1.9924	None
TEAD1	CELA3A	-0.87904	50.61	-6.1E-01	rgb( 85,137,240)	1.9924	None
TEAD1	CYP4F24P	-0.87904	50.61	-6.1E-01	rgb( 86,137,240)	1.9924	None
TFCP2L1	CRIP2	0.87904	50.61	0.612	rgb(224,100,101)	1.9924	None
TFCP2L1	PRRT3	0.87904	50.61	0.606	rgb(224,101,102)	1.9924	None
ZFHX2	AP3B2	-0.87904	50.61	-6.1E-01	rgb( 85,137,240)	1.9924	None
ZFHX2	APLP1	-0.87904	50.61	-6.1E-01	rgb( 84,136,240)	1.9924	None
ZFHX2	ARX	-0.87904	50.61	-6.1E-01	rgb( 85,137,240)	1.9924	2,2
ZFHX2	NTS	-0.87904	50.61	-6.1E-01	rgb( 85,137,240)	1.9924	2,2
ZFHX2	PAPPA2	-0.87904	50.61	-6.1E-01	rgb( 84,136,240)	1.9924	None
ZFHX2	TPH1	-0.87904	50.61	-6.1E-01	rgb( 84,136,240)	1.9924	None
ZNF117	AX747756	0.87904	50.61	0.613	rgb(224,100,101)	1.9924	2,2
ARNT2	CELSR3	-0.87585	50.6	-6.0E-01	rgb( 87,138,240)	1.9922	None
ARNT2	CITED2	0.87585	50.6	0.604	rgb(224,102,103)	1.9922	None
ARX	MLN	0.87585	50.6	0.604	rgb(224,102,103)	1.9922	None
ELF4	HLA-DPA1	-0.87585	50.6	-6.0E-01	rgb( 87,138,240)	1.9922	None
ELF4	NOXO1	0.87585	50.6	0.6	rgb(224,102,104)	1.9922	None
ELF4	SV2A	-0.87585	50.6	-6.0E-01	rgb( 88,138,240)	1.9922	None
ELF4	VSTM4	-0.87585	50.6	-6.0E-01	rgb( 87,138,240)	1.9922	None
ETS1	LOC100505716	-0.87585	50.6	-6.0E-01	rgb( 86,137,240)	1.9922	2,2
GATA2	NPTX1	0.87585	50.6	0.597	rgb(224,103,104)	1.9922	None
HES4	CFH	-0.87585	50.6	-6.0E-01	rgb( 87,138,240)	1.9922	2,2
HHEX	CDHR3	0.87585	50.6	0.602	rgb(224,102,103)	1.9922	None
HOMEZ	LPPR3	-0.87585	50.6	-6.0E-01	rgb( 87,138,240)	1.9922	2,2
HSF2	SMAD9	0.87585	50.6	0.599	rgb(224,103,104)	1.9922	None
LHX1	KIF1A	-0.87585	50.6	-6.0E-01	rgb( 88,138,240)	1.9922	None
LHX1	PCED1B-AS1	-0.87585	50.6	-6.0E-01	rgb( 86,138,240)	1.9922	None
LMX1A	SAMD14	-0.87585	50.6	-6.0E-01	rgb( 86,137,240)	1.9922	None
MAFF	AK311213	-0.87585	50.6	-6.0E-01	rgb( 87,138,240)	1.9922	2,2
NEUROD1	NRXN2	0.87585	50.6	0.598	rgb(224,103,104)	1.9922	None
NEUROD1	PCSK1	0.87585	50.6	0.598	rgb(224,103,104)	1.9922	None
NEUROG3	NEURL	0.87585	50.6	0.605	rgb(224,101,103)	1.9922	2,2
NKX2-2	PELI3	-0.87585	50.6	-6.0E-01	rgb( 87,138,240)	1.9922	None
NKX2-2	PTGDR2	-0.87585	50.6	-6.0E-01	rgb( 86,137,240)	1.9922	None
NKX6-1	MICAL2	0.87585	50.6	0.601	rgb(224,102,103)	1.9922	None
NR4A2	CRIP2	-0.87585	50.6	-6.0E-01	rgb( 87,138,240)	1.9922	None
NR4A2	HIC1	-0.87585	50.6	-6.0E-01	rgb( 86,137,240)	1.9922	None
NR4A2	LRFN1	0.87585	50.6	0.598	rgb(224,103,104)	1.9922	None
PDX1	FOXP2	-0.87585	50.6	-6.0E-01	rgb( 88,138,240)	1.9922	None
PRDM16	SYT5	-0.87585	50.6	-6.0E-01	rgb( 86,137,240)	1.9922	None
RFX2	STK33	0.87585	50.6	0.598	rgb(224,103,104)	1.9922	None
RFX6	L1TD1	0.87585	50.6	0.596	rgb(224,103,104)	1.9922	None
RFX6	NKAIN1	0.87585	50.6	0.6	rgb(224,102,104)	1.9922	None
RFX6	PAK3	0.87585	50.6	0.597	rgb(224,103,104)	1.9922	2,2
RORC	SMARCA1	-0.87585	50.6	-6.0E-01	rgb( 87,138,240)	1.9922	None
SPIB	EPHA8	0.87585	50.6	0.605	rgb(224,101,103)	1.9922	None
SPIB	SLC30A4	0.87585	50.6	0.6	rgb(224,102,104)	1.9922	None
TEAD1	TMEM145	-0.87585	50.6	-6.0E-01	rgb( 87,138,240)	1.9922	None
ZFHX2	GAD2	-0.87585	50.6	-6.0E-01	rgb( 86,138,240)	1.9922	None
ZFHX2	NEFL	-0.87585	50.6	-6.0E-01	rgb( 87,138,240)	1.9922	None
ZFHX2	SPOCK3	-0.87585	50.6	-6.0E-01	rgb( 87,138,240)	1.9922	None
ZNF492	CPE	-0.87585	50.6	-6.0E-01	rgb( 87,138,240)	1.9922	None
ZNF492	USP32P2	0.87585	50.6	0.604	rgb(224,102,103)	1.9922	None
ASCL2	SV2B	-0.87267	50.59	-5.9E-01	rgb( 88,138,240)	1.992	None
ATF5	PLCE1-AS1	0.87267	50.59	0.591	rgb(224,104,105)	1.992	2,2
ELF4	BRSK1	-0.87267	50.59	-5.9E-01	rgb( 88,139,240)	1.992	None
ELF4	PDGFD	-0.87267	50.59	-5.9E-01	rgb( 89,139,239)	1.992	None
ELF4	USP41	-0.87267	50.59	-5.9E-01	rgb( 88,139,240)	1.992	None
ETV1	DPYSL4	0.87267	50.59	0.591	rgb(224,104,105)	1.992	None
GATA4	LAMP5	0.87267	50.59	0.585	rgb(223,105,106)	1.992	None
GATA4	VCAN	0.87267	50.59	0.585	rgb(223,105,106)	1.992	None
LMX1A	FAM13A-AS1	0.87267	50.59	0.593	rgb(224,104,105)	1.992	None
LMX1A	LOC100131257	0.87267	50.59	0.588	rgb(223,105,106)	1.992	2,2
LMX1A	SMARCC1	-0.87267	50.59	-5.9E-01	rgb( 89,139,239)	1.992	None
MAFA	ENPP1	0.87267	50.59	0.587	rgb(223,105,106)	1.992	None
MAFA	FAM179A	0.87267	50.59	0.586	rgb(223,105,106)	1.992	2,2
NEUROG3	FUT1	0.87267	50.59	0.591	rgb(223,104,105)	1.992	None
NEUROG3	NCS1	0.87267	50.59	0.586	rgb(223,105,106)	1.992	None
NFAT5	EGR3	-0.87267	50.59	-5.9E-01	rgb( 88,139,240)	1.992	None
NHLH1	WNT6	0.87267	50.59	0.586	rgb(223,105,106)	1.992	None
NR4A2	HEPACAM2	0.87267	50.59	0.593	rgb(224,104,105)	1.992	None
NR4A2	MAST1	-0.87267	50.59	-5.9E-01	rgb( 90,140,239)	1.992	None
NR4A2	MDK	0.87267	50.59	0.586	rgb(223,105,106)	1.992	None
NR4A2	TUB	0.87267	50.59	0.589	rgb(223,105,106)	1.992	None
NR4A3	CREBRF	0.87267	50.59	0.593	rgb(224,104,105)	1.992	None
PBX1	CHRM4	0.87267	50.59	0.586	rgb(223,105,106)	1.992	None
PBX1	SST	-0.87267	50.59	-5.9E-01	rgb( 89,139,239)	1.992	None
PDX1	GPBAR1	-0.87267	50.59	-5.9E-01	rgb( 89,139,239)	1.992	None
PDX1	WNT9A	-0.87267	50.59	-5.9E-01	rgb( 88,139,240)	1.992	None
PRDM16	AMPD3	0.87267	50.59	0.588	rgb(223,105,106)	1.992	None
RFX6	CELF5	0.87267	50.59	0.587	rgb(223,105,106)	1.992	None
RFX6	TUBA1A	0.87267	50.59	0.587	rgb(223,105,106)	1.992	None
SOX4	UBE2QL1	-0.87267	50.59	-5.9E-01	rgb( 90,140,239)	1.992	None
TEAD1	CDH5	-0.87267	50.59	-5.9E-01	rgb( 89,139,239)	1.992	None
TEAD1	EVL	-0.87267	50.59	-5.9E-01	rgb( 88,139,240)	1.992	None
TEAD1	LRRC10B	-0.87267	50.59	-5.9E-01	rgb( 90,140,239)	1.992	None
TEAD1	PODXL2	-0.87267	50.59	-5.9E-01	rgb( 89,139,239)	1.992	None
TEAD1	PRKCG	-0.87267	50.59	-5.9E-01	rgb( 89,139,239)	1.992	None
TFCP2L1	SV2A	0.87267	50.59	0.586	rgb(223,105,106)	1.992	None
ZFHX2	AK054990	-0.87267	50.59	-5.9E-01	rgb( 89,139,239)	1.992	2,2
ZFHX2	COL14A1	-0.87267	50.59	-5.9E-01	rgb( 89,139,239)	1.992	None
ZFHX2	DDC	-0.87267	50.59	-5.9E-01	rgb( 88,139,240)	1.992	None
ZFHX2	LINC00890	-0.87267	50.59	-5.9E-01	rgb( 89,139,239)	1.992	2,2
ZFP92	XAF1	0.87267	50.59	0.59	rgb(223,104,106)	1.992	2,2
ZNF492	PDX1	-0.87267	50.59	-5.9E-01	rgb( 89,139,239)	1.992	None
ZNF846	ACOT7	0.87267	50.59	0.586	rgb(223,105,106)	1.992	None
ZNF846	LIMCH1	-0.87267	50.59	-5.9E-01	rgb( 89,139,239)	1.992	None
GRHL3	RPS16P5	0.87267	50.59	0.585	rgb(223,105,106)	1.992	2,2
ZFP62	MIR29C	0.87267	50.59	0.586	rgb(223,105,106)	1.992	2,2
ARX	LOC100505716	0.86949	50.58	0.581	rgb(223,106,107)	1.9918	2,2
ELF4	CHST8	-0.86949	50.58	-5.8E-01	rgb( 91,140,239)	1.9918	None
ETS1	CR627394	-0.86949	50.58	-5.8E-01	rgb( 91,141,239)	1.9918	2,2
ISL1	AX746823	0.86949	50.58	0.575	rgb(223,107,108)	1.9918	2,2
LMX1A	DOCK8	-0.86949	50.58	-5.8E-01	rgb( 91,141,239)	1.9918	None
LMX1A	KCNH8	-0.86949	50.58	-5.8E-01	rgb( 90,140,239)	1.9918	None
LMX1A	LTBP2	-0.86949	50.58	-5.8E-01	rgb( 91,140,239)	1.9918	None
LMX1A	NKX6-1	-0.86949	50.58	-5.8E-01	rgb( 90,140,239)	1.9918	2,2
MAFA	BRS3	0.86949	50.58	0.576	rgb(223,107,108)	1.9918	None
MAFA	GNAO1	0.86949	50.58	0.581	rgb(223,106,107)	1.9918	None
MAFA	IFI44	-0.86949	50.58	-5.8E-01	rgb( 92,141,239)	1.9918	None
MAFA	MIAT	0.86949	50.58	0.582	rgb(223,106,107)	1.9918	None
MAFA	RASD1	0.86949	50.58	0.584	rgb(223,106,107)	1.9918	None
MAFB	NKTR	0.86949	50.58	0.578	rgb(223,107,108)	1.9918	None
MYRF	PCDH11X	-0.86949	50.58	-5.8E-01	rgb( 91,140,239)	1.9918	2,2
NEUROD1	LMX1B	0.86949	50.58	0.582	rgb(223,106,107)	1.9918	None
NEUROG3	SYT14	0.86949	50.58	0.583	rgb(223,106,107)	1.9918	None
NHLH1	UNC13A	-0.86949	50.58	-5.8E-01	rgb( 90,140,239)	1.9918	None
NKX2-2	NR4A2	0.86949	50.58	0.581	rgb(223,106,107)	1.9918	None
NKX6-1	LAMP5	-0.86949	50.58	-5.8E-01	rgb( 92,141,239)	1.9918	None
NR4A2	GIP	-0.86949	50.58	-5.8E-01	rgb( 91,140,239)	1.9918	None
NR4A2	MX2	0.86949	50.58	0.581	rgb(223,106,107)	1.9918	None
NR4A2	NDRG4	0.86949	50.58	0.577	rgb(223,107,108)	1.9918	None
ONECUT1	ADD2	0.86949	50.58	0.578	rgb(223,107,108)	1.9918	None
ONECUT1	CELSR3	0.86949	50.58	0.579	rgb(223,106,108)	1.9918	None
ONECUT1	STX1A	0.86949	50.58	0.576	rgb(223,107,108)	1.9918	None
ONECUT2	MXI1	-0.86949	50.58	-5.8E-01	rgb( 92,141,239)	1.9918	None
ONECUT3	SHC3	0.86949	50.58	0.581	rgb(223,106,107)	1.9918	None
PAX6	CD200	-0.86949	50.58	-5.8E-01	rgb( 91,141,239)	1.9918	None
PDX1	GLIS2	-0.86949	50.58	-5.8E-01	rgb( 92,141,239)	1.9918	None
PDX1	TP73	-0.86949	50.58	-5.8E-01	rgb( 91,140,239)	1.9918	None
PRDM16	OR51E1	-0.86949	50.58	-5.8E-01	rgb( 91,140,239)	1.9918	None
RFX3	DQ583756	0.86949	50.58	0.58	rgb(223,106,107)	1.9918	2,2
SPIB	ASIC1	-0.86949	50.58	-5.8E-01	rgb( 91,140,239)	1.9918	None
SPIB	BEND5	-0.86949	50.58	-5.8E-01	rgb( 91,140,239)	1.9918	None
TEAD1	COL10A1	0.86949	50.58	0.578	rgb(223,107,108)	1.9918	None
TEAD1	LGR6	-0.86949	50.58	-5.8E-01	rgb( 91,140,239)	1.9918	None
TEAD1	PPP1R16B	-0.86949	50.58	-5.8E-01	rgb( 91,141,239)	1.9918	None
TEAD1	SCN2A	-0.86949	50.58	-5.8E-01	rgb( 91,141,239)	1.9918	None
TFCP2L1	INS-IGF2	0.86949	50.58	0.576	rgb(223,107,108)	1.9918	None
TFCP2L1	LSP1	0.86949	50.58	0.575	rgb(223,107,108)	1.9918	None
TFCP2L1	PGA3	0.86949	50.58	0.575	rgb(223,107,108)	1.9918	None
ZFHX2	CLEC4G	-0.86949	50.58	-5.8E-01	rgb( 92,141,239)	1.9918	2,2
ZFHX2	GPBAR1	-0.86949	50.58	-5.8E-01	rgb( 91,140,239)	1.9918	None
ZFHX2	KIAA2022	-0.86949	50.58	-5.8E-01	rgb( 92,141,239)	1.9918	2,2
ZNF382	KAL1	-0.86949	50.58	-5.8E-01	rgb( 91,140,239)	1.9918	2,2
ZNF846	RCOR3	-0.86949	50.58	-5.8E-01	rgb( 91,140,239)	1.9918	None
DACH1	AX746995	0.86949	50.58	0.584	rgb(223,105,107)	1.9918	2,2
DACH1	CSH2	0.86949	50.58	0.578	rgb(223,107,108)	1.9918	2,2
MYT1	NXF2	0.86949	50.58	0.583	rgb(223,106,107)	1.9918	2,2
ASCL1	KCNMB2	0.8663	50.57	0.572	rgb(223,108,109)	1.9916	None
ASCL2	KCNB2	-0.8663	50.57	-5.7E-01	rgb( 94,142,239)	1.9916	None
ELF4	FAM155B	-0.8663	50.57	-5.7E-01	rgb( 94,142,239)	1.9916	None
ETV1	CREBRF	-0.8663	50.57	-5.7E-01	rgb( 92,141,239)	1.9916	None
FEV	SFRP1	0.8663	50.57	0.572	rgb(223,108,109)	1.9916	None
GATA6	VSTM2L	-0.8663	50.57	-5.7E-01	rgb( 93,142,239)	1.9916	None
HEYL	AK055017	-0.8663	50.57	-5.7E-01	rgb( 93,142,239)	1.9916	2,2
HHEX	ETV1	0.8663	50.57	0.571	rgb(223,108,109)	1.9916	None
HIC1	CCDC146	-0.8663	50.57	-5.7E-01	rgb( 94,142,238)	1.9916	None
HSF2	PDZD4	-0.8663	50.57	-5.7E-01	rgb( 94,142,239)	1.9916	None
LTF	FOXD4L2	0.8663	50.57	0.575	rgb(223,107,108)	1.9916	2,2
MAFA	MAPK8IP1	0.8663	50.57	0.573	rgb(223,107,109)	1.9916	None
NEUROG3	C1QL1	0.8663	50.57	0.569	rgb(223,108,110)	1.9916	None
NR4A2	GALNT16	-0.8663	50.57	-5.7E-01	rgb( 94,142,238)	1.9916	None
NR4A3	GALNT16	0.8663	50.57	0.569	rgb(223,108,110)	1.9916	None
PDX1	CCDC74B	-0.8663	50.57	-5.7E-01	rgb( 92,141,239)	1.9916	None
PRDM16	SDK1	0.8663	50.57	0.565	rgb(223,109,110)	1.9916	None
RFX2	FABP5	0.8663	50.57	0.566	rgb(223,109,110)	1.9916	None
RORC	OGFRL1	-0.8663	50.57	-5.7E-01	rgb( 93,141,239)	1.9916	None
RORC	TLE3	0.8663	50.57	0.571	rgb(223,108,109)	1.9916	None
TEAD1	CELA3B	-0.8663	50.57	-5.7E-01	rgb( 93,142,239)	1.9916	None
TEAD1	GCH1	-0.8663	50.57	-5.7E-01	rgb( 92,141,239)	1.9916	None
TEAD2	ATP6V1G2	-0.8663	50.57	-5.7E-01	rgb( 93,141,239)	1.9916	None
TGIF2	UNC13A	0.8663	50.57	0.565	rgb(223,109,110)	1.9916	None
ZFHX2	CACNA1B	-0.8663	50.57	-5.7E-01	rgb( 92,141,239)	1.9916	2,2
ZFHX2	GNG2	-0.8663	50.57	-5.7E-01	rgb( 94,142,239)	1.9916	None
NPAS3	KAL1	0.8663	50.57	0.573	rgb(223,108,109)	1.9916	2,2
SIM1	GUCY1A3	0.8663	50.57	0.57	rgb(223,108,109)	1.9916	2,2
ZNF117	AK124970	0.8663	50.57	0.574	rgb(223,107,109)	1.9916	2,2
ZNF117	DNAPTP1	0.8663	50.57	0.569	rgb(223,108,109)	1.9916	2,2
ZNF117	HBT8	0.8663	50.57	0.571	rgb(223,108,109)	1.9916	2,2
ARX	VN1R1	0.86312	50.56	0.555	rgb(223,111,112)	1.9914	2,2
ATF5	AK310876	0.86312	50.56	0.564	rgb(223,109,110)	1.9914	2,2
EGR3	SLC7A4	0.86312	50.56	0.556	rgb(223,111,112)	1.9914	None
ELF4	CLCNKA	0.86312	50.56	0.557	rgb(223,111,112)	1.9914	None
ELF4	PDZD4	-0.86312	50.56	-5.6E-01	rgb( 96,143,238)	1.9914	None
ETS1	KDM1A	0.86312	50.56	0.561	rgb(223,110,111)	1.9914	None
ETV1	IMPG1	-0.86312	50.56	-5.6E-01	rgb( 95,143,238)	1.9914	None
ETV1	SLC30A4	-0.86312	50.56	-5.6E-01	rgb( 97,144,238)	1.9914	None
GATA4	GLYATL3	0.86312	50.56	0.561	rgb(223,110,111)	1.9914	None
GATA4	KCNMB2	0.86312	50.56	0.561	rgb(223,110,111)	1.9914	None
GATA6	PLEKHB1	-0.86312	50.56	-5.6E-01	rgb( 96,143,238)	1.9914	None
HES4	CTPS1	0.86312	50.56	0.565	rgb(223,109,110)	1.9914	None
HSF2	FER1L6-AS1	0.86312	50.56	0.561	rgb(223,110,111)	1.9914	None
LMX1A	CADM2	-0.86312	50.56	-5.6E-01	rgb( 96,144,238)	1.9914	None
LMX1A	SMAD9	-0.86312	50.56	-5.6E-01	rgb( 95,143,238)	1.9914	None
LMX1B	CALY	0.86312	50.56	0.562	rgb(223,110,111)	1.9914	None
MAFA	BOC	0.86312	50.56	0.56	rgb(223,110,111)	1.9914	None
MAFB	CRIP1	-0.86312	50.56	-5.6E-01	rgb( 96,144,238)	1.9914	None
MYRF	CTSL2	0.86312	50.56	0.562	rgb(223,110,111)	1.9914	2,2
NEUROG3	SPARC	0.86312	50.56	0.563	rgb(223,110,111)	1.9914	None
NEUROG3	STARD9	0.86312	50.56	0.563	rgb(223,110,111)	1.9914	None
NKX6-1	SULT1C2P1	-0.86312	50.56	-5.6E-01	rgb( 96,144,238)	1.9914	None
NR4A2	CHRM4	0.86312	50.56	0.564	rgb(223,109,110)	1.9914	None
NR4A2	DNAH11	0.86312	50.56	0.561	rgb(223,110,111)	1.9914	None
NR4A2	GSTM2	-0.86312	50.56	-5.6E-01	rgb( 95,143,238)	1.9914	None
NR4A3	CRISPLD2	-0.86312	50.56	-5.6E-01	rgb( 96,143,238)	1.9914	None
ONECUT1	DTX1	0.86312	50.56	0.562	rgb(223,110,111)	1.9914	None
PBX1	TPST2	-0.86312	50.56	-5.6E-01	rgb( 96,143,238)	1.9914	None
PDX1	DLC1	0.86312	50.56	0.565	rgb(223,109,110)	1.9914	None
PDX1	IGFN1	-0.86312	50.56	-5.6E-01	rgb( 95,143,238)	1.9914	None
PDX1	PDGFD	-0.86312	50.56	-5.6E-01	rgb( 96,144,238)	1.9914	None
POU6F1	CR627394	0.86312	50.56	0.56	rgb(223,110,111)	1.9914	2,2
PRDM16	ADNP	0.86312	50.56	0.561	rgb(223,110,111)	1.9914	None
PRDM16	KCNJ11	-0.86312	50.56	-5.6E-01	rgb( 95,143,238)	1.9914	None
RFX6	BCRP3	-0.86312	50.56	-5.6E-01	rgb( 95,143,238)	1.9914	None
RFX6	FBXL16	0.86312	50.56	0.561	rgb(223,110,111)	1.9914	None
SOX4	CCL19	-0.86312	50.56	-5.6E-01	rgb( 96,143,238)	1.9914	None
SOX4	MANEAL	-0.86312	50.56	-5.6E-01	rgb( 95,143,238)	1.9914	None
SOX4	PGA3	-0.86312	50.56	-5.6E-01	rgb( 94,142,238)	1.9914	None
TEAD1	CD300LF	0.86312	50.56	0.558	rgb(223,110,112)	1.9914	None
TEAD1	NCALD	-0.86312	50.56	-5.6E-01	rgb( 95,143,238)	1.9914	None
TEAD2	LHX1	0.86312	50.56	0.56	rgb(223,110,111)	1.9914	None
TEAD2	SLC6A17	-0.86312	50.56	-5.6E-01	rgb( 95,143,238)	1.9914	None
TFCP2L1	FKBP7	0.86312	50.56	0.555	rgb(223,111,112)	1.9914	None
TFCP2L1	FSD1	0.86312	50.56	0.557	rgb(223,111,112)	1.9914	None
ZFHX2	CPA1	0.86312	50.56	0.56	rgb(223,110,111)	1.9914	None
ARX	LIMCH1	0.85994	50.55	0.549	rgb(223,112,113)	1.9912	None
ASCL2	WNT6	-0.85994	50.55	-5.5E-01	rgb( 97,144,238)	1.9912	None
ATF5	ELOVL4	-0.85994	50.55	-5.5E-01	rgb( 99,145,238)	1.9912	2,2
EGR3	STK33	-0.85994	50.55	-5.5E-01	rgb( 97,144,238)	1.9912	None
EGR3	ZMYM2	0.85994	50.55	0.55	rgb(223,112,113)	1.9912	None
ETS1	NKTR	-0.85994	50.55	-5.5E-01	rgb( 97,144,238)	1.9912	None
ETS1	SLC30A4	-0.85994	50.55	-5.5E-01	rgb( 97,144,238)	1.9912	None
ETS1	ZNF519	-0.85994	50.55	-5.5E-01	rgb( 98,144,238)	1.9912	None
GATA2	KIF5A	0.85994	50.55	0.545	rgb(223,113,114)	1.9912	None
HIC1	CELF4	-0.85994	50.55	-5.5E-01	rgb( 99,145,238)	1.9912	None
HSF2	S100A1	-0.85994	50.55	-5.5E-01	rgb( 98,145,238)	1.9912	None
LMX1A	ETV1	-0.85994	50.55	-5.5E-01	rgb( 98,144,238)	1.9912	None
LMX1A	SPC25	0.85994	50.55	0.547	rgb(223,113,114)	1.9912	None
MAFA	CPB1	0.85994	50.55	0.552	rgb(223,112,113)	1.9912	None
MAFA	NTS	0.85994	50.55	0.553	rgb(223,111,113)	1.9912	2,2
NKX2-2	MAPK12	-0.85994	50.55	-5.5E-01	rgb( 98,145,238)	1.9912	None
NKX2-2	RFX3	-0.85994	50.55	-5.5E-01	rgb( 97,144,238)	1.9912	None
NR4A2	BCAT1	0.85994	50.55	0.553	rgb(223,111,112)	1.9912	None
NR4A2	CYP27A1	0.85994	50.55	0.549	rgb(223,112,113)	1.9912	None
NR4A3	CHST10	-0.85994	50.55	-5.5E-01	rgb( 97,144,238)	1.9912	None
NR4A3	PCDHB15	0.85994	50.55	0.554	rgb(223,111,112)	1.9912	None
ONECUT1	TMEFF2	0.85994	50.55	0.553	rgb(223,111,112)	1.9912	None
PAX4	RSPH4A	-0.85994	50.55	-5.5E-01	rgb( 98,144,238)	1.9912	None
PAX6	ST8SIA3	-0.85994	50.55	-5.5E-01	rgb( 97,144,238)	1.9912	None
PBX1	HGFAC	0.85994	50.55	0.545	rgb(223,113,114)	1.9912	None
PDX1	ZFHX2	-0.85994	50.55	-5.5E-01	rgb( 98,144,238)	1.9912	None
PRDM16	SPOCK3	-0.85994	50.55	-5.5E-01	rgb( 98,145,238)	1.9912	None
RFX6	MYT1	0.85994	50.55	0.546	rgb(223,113,114)	1.9912	None
RORC	TDRD6	-0.85994	50.55	-5.5E-01	rgb( 97,144,238)	1.9912	None
SMAD9	RUNX1T1	0.85994	50.55	0.546	rgb(223,113,114)	1.9912	None
SPIB	TCEAL1	-0.85994	50.55	-5.5E-01	rgb( 98,145,238)	1.9912	None
TEAD1	DOCK8	-0.85994	50.55	-5.5E-01	rgb( 99,145,238)	1.9912	None
TFCP2L1	PDGFD	0.85994	50.55	0.55	rgb(223,112,113)	1.9912	None
ZFHX2	VCAN	-0.85994	50.55	-5.5E-01	rgb( 97,144,238)	1.9912	None
ZNF846	ZDHHC8P1	-0.85994	50.55	-5.5E-01	rgb( 98,144,238)	1.9912	None
ARNT2	TMEM151B	-0.85675	50.54	-5.4E-01	rgb(100,146,237)	1.991	None
EGR3	DPYSL4	0.85675	50.54	0.541	rgb(223,114,115)	1.991	None
ELF4	FUT1	-0.85675	50.54	-5.4E-01	rgb( 99,145,238)	1.991	None
ELF4	PNMAL1	-0.85675	50.54	-5.4E-01	rgb( 99,145,238)	1.991	2,2
ETS1	INHBE	0.85675	50.54	0.536	rgb(223,115,116)	1.991	None
FOXA2	TRIM24	0.85675	50.54	0.543	rgb(223,113,114)	1.991	None
HHEX	NCALD	0.85675	50.54	0.544	rgb(223,113,114)	1.991	None
HIC1	MCOLN3	-0.85675	50.54	-5.4E-01	rgb(100,146,238)	1.991	None
HIC1	NEFM	-0.85675	50.54	-5.4E-01	rgb( 99,145,238)	1.991	None
LHX1	AGAP11	-0.85675	50.54	-5.4E-01	rgb( 99,145,238)	1.991	None
LHX1	AKR1B1	-0.85675	50.54	-5.4E-01	rgb(101,146,237)	1.991	None
LMX1A	ACTN3	0.85675	50.54	0.542	rgb(223,113,115)	1.991	None
LMX1A	BAALC	-0.85675	50.54	-5.4E-01	rgb(101,146,237)	1.991	None
LMX1A	SYP	-0.85675	50.54	-5.4E-01	rgb(100,146,238)	1.991	None
LTF	LOC286297	0.85675	50.54	0.542	rgb(223,114,115)	1.991	2,2
MAFA	FFAR1	0.85675	50.54	0.544	rgb(223,113,114)	1.991	2,2
MAFA	RFX6	0.85675	50.54	0.539	rgb(223,114,115)	1.991	None
MAFA	TAC1	0.85675	50.54	0.545	rgb(223,113,114)	1.991	2,2
MAFF	AK056486	-0.85675	50.54	-5.4E-01	rgb(100,146,238)	1.991	2,2
NEUROD1	HSPA12A	0.85675	50.54	0.542	rgb(223,113,115)	1.991	None
NEUROG3	CACNB2	-0.85675	50.54	-5.4E-01	rgb(100,146,237)	1.991	None
NEUROG3	FFAR2	0.85675	50.54	0.544	rgb(223,113,114)	1.991	None
NFAT5	FAT3	-0.85675	50.54	-5.4E-01	rgb(100,146,238)	1.991	None
NFAT5	LOC100128288	0.85675	50.54	0.54	rgb(223,114,115)	1.991	2,2
NR4A2	NFASC	0.85675	50.54	0.541	rgb(223,114,115)	1.991	None
NR4A2	RET	-0.85675	50.54	-5.4E-01	rgb( 99,145,238)	1.991	None
NR4A2	RUNDC3A	0.85675	50.54	0.541	rgb(223,114,115)	1.991	None
PAX6	LTBP2	-0.85675	50.54	-5.4E-01	rgb(100,146,238)	1.991	None
PBX1	MSI1	0.85675	50.54	0.542	rgb(223,114,115)	1.991	None
PBX1	VASH2	0.85675	50.54	0.536	rgb(223,115,116)	1.991	None
PDX1	ANKRD13B	-0.85675	50.54	-5.4E-01	rgb(100,146,237)	1.991	None
PDX1	CNTD2	-0.85675	50.54	-5.4E-01	rgb(100,146,237)	1.991	None
SOX4	SESN2	-0.85675	50.54	-5.4E-01	rgb( 99,145,238)	1.991	None
SPIB	SMARCD2	-0.85675	50.54	-5.4E-01	rgb(101,146,237)	1.991	None
TEAD1	MANEAL	-0.85675	50.54	-5.4E-01	rgb(101,146,237)	1.991	None
TFCP2L1	IGFN1	0.85675	50.54	0.537	rgb(223,114,116)	1.991	None
ZFHX2	NEUROD2	0.85675	50.54	0.537	rgb(223,114,115)	1.991	None
ZFHX2	SLC26A7	-0.85675	50.54	-5.4E-01	rgb(101,146,237)	1.991	None
ZNF382	LTF	0.85675	50.54	0.537	rgb(223,114,115)	1.991	None
MYT1	AK123868	0.85675	50.54	0.544	rgb(223,113,114)	1.991	2,2
MYT1	SEPT3	0.85675	50.54	0.537	rgb(223,114,116)	1.991	2,2
ZNF117	AL832439	0.85675	50.54	0.541	rgb(223,114,115)	1.991	2,2
ZNF853	RAB40A	0.85675	50.54	0.536	rgb(223,115,116)	1.991	2,2
ARX	PCBP4	-0.85357	50.53	-5.3E-01	rgb(102,147,237)	1.9908	None
ASCL1	MANEAL	0.85357	50.53	0.529	rgb(223,116,117)	1.9908	None
EGR3	BCRP3	-0.85357	50.53	-5.3E-01	rgb(101,147,237)	1.9908	None
ELF4	KNDC1	-0.85357	50.53	-5.3E-01	rgb(101,147,237)	1.9908	None
FEV	ATP6V0E2	0.85357	50.53	0.525	rgb(223,117,118)	1.9908	None
FEV	BCORL1	-0.85357	50.53	-5.3E-01	rgb(103,147,237)	1.9908	None
GATA2	RTN1	0.85357	50.53	0.532	rgb(223,115,116)	1.9908	None
GATA4	TPH1	0.85357	50.53	0.527	rgb(223,116,117)	1.9908	None
HHEX	TPH1	0.85357	50.53	0.53	rgb(223,116,117)	1.9908	None
HIF1A	GPR116	-0.85357	50.53	-5.3E-01	rgb(102,147,237)	1.9908	2,2
HSF2	TUBB2B	-0.85357	50.53	-5.3E-01	rgb(101,147,237)	1.9908	None
LHX1	CD52	-0.85357	50.53	-5.3E-01	rgb(102,147,237)	1.9908	None
LMX1A	LDHAL6A	0.85357	50.53	0.53	rgb(223,116,117)	1.9908	None
MAFA	SYNM	0.85357	50.53	0.535	rgb(223,115,116)	1.9908	None
MAFB	CFC1	0.85357	50.53	0.529	rgb(223,116,117)	1.9908	None
MAFB	TCEAL1	-0.85357	50.53	-5.3E-01	rgb(102,147,237)	1.9908	None
NHLH1	CTPS1	-0.85357	50.53	-5.3E-01	rgb(101,147,237)	1.9908	None
NR4A2	NKAIN1	0.85357	50.53	0.528	rgb(223,116,117)	1.9908	None
NR4A2	PROX1	0.85357	50.53	0.528	rgb(223,116,117)	1.9908	None
NR4A2	SERPINI1	0.85357	50.53	0.53	rgb(223,116,117)	1.9908	None
PDX1	LDB1	-0.85357	50.53	-5.3E-01	rgb(102,147,237)	1.9908	None
PRDM16	AKNA	0.85357	50.53	0.529	rgb(223,116,117)	1.9908	None
RFX6	PDE2A	0.85357	50.53	0.525	rgb(223,117,118)	1.9908	None
RFX6	TRPC7	0.85357	50.53	0.529	rgb(223,116,117)	1.9908	None
RORC	EPHA4	-0.85357	50.53	-5.3E-01	rgb(101,147,237)	1.9908	None
RORC	NCAM1	0.85357	50.53	0.535	rgb(223,115,116)	1.9908	None
SMAD9	EGR3	-0.85357	50.53	-5.3E-01	rgb(102,147,237)	1.9908	None
SPIB	REG4	-0.85357	50.53	-5.3E-01	rgb(103,148,237)	1.9908	None
TEAD1	MAFF	-0.85357	50.53	-5.3E-01	rgb(102,147,237)	1.9908	None
TEAD1	MAP2	-0.85357	50.53	-5.3E-01	rgb(102,147,237)	1.9908	None
TEAD2	MAFF	0.85357	50.53	0.533	rgb(223,115,116)	1.9908	None
TFCP2L1	CLPS	0.85357	50.53	0.534	rgb(223,115,116)	1.9908	None
TFCP2L1	PCDHB15	0.85357	50.53	0.529	rgb(223,116,117)	1.9908	None
ZFHX2	ABCC8	-0.85357	50.53	-5.3E-01	rgb(102,147,237)	1.9908	None
ZFHX2	FLT1	0.85357	50.53	0.527	rgb(223,116,117)	1.9908	None
ZFHX2	MMRN1	-0.85357	50.53	-5.3E-01	rgb(102,147,237)	1.9908	None
ARX	ACOT7	-0.85039	50.52	-5.2E-01	rgb(104,148,237)	1.9906	None
ARX	CD52	-0.85039	50.52	-5.2E-01	rgb(104,149,237)	1.9906	None
ASCL2	MAP1A	-0.85039	50.52	-5.2E-01	rgb(104,148,237)	1.9906	None
EGR3	PDGFD	-0.85039	50.52	-5.2E-01	rgb(104,148,237)	1.9906	None
EGR3	SESN2	-0.85039	50.52	-5.2E-01	rgb(104,149,237)	1.9906	None
ELF4	SYT14	-0.85039	50.52	-5.2E-01	rgb(103,148,237)	1.9906	None
ELF4	XKR7	-0.85039	50.52	-5.2E-01	rgb(105,149,237)	1.9906	None
ETS1	SMAD9	-0.85039	50.52	-5.2E-01	rgb(105,149,237)	1.9906	None
FEV	KIAA0845	0.85039	50.52	0.518	rgb(223,118,119)	1.9906	2,2
GATA4	FW340055	0.85039	50.52	0.519	rgb(223,118,119)	1.9906	2,2
GATA4	STMN2	0.85039	50.52	0.519	rgb(223,118,119)	1.9906	None
MAFA	CLCN4	0.85039	50.52	0.523	rgb(223,117,118)	1.9906	None
MAFA	LYPD8	0.85039	50.52	0.519	rgb(223,118,119)	1.9906	2,2
MAFF	HBT8	-0.85039	50.52	-5.2E-01	rgb(104,149,237)	1.9906	2,2
MAFF	KIAA1324	-0.85039	50.52	-5.2E-01	rgb(104,148,237)	1.9906	None
NEUROD1	RGS9	0.85039	50.52	0.516	rgb(223,118,119)	1.9906	None
NEUROG3	STXBP1	0.85039	50.52	0.525	rgb(223,117,118)	1.9906	None
NR4A2	ASIC1	-0.85039	50.52	-5.2E-01	rgb(103,148,237)	1.9906	None
NR4A2	MUC5B	-0.85039	50.52	-5.2E-01	rgb(104,148,237)	1.9906	None
NR4A2	POU6F1	-0.85039	50.52	-5.2E-01	rgb(103,148,237)	1.9906	None
NR4A2	PTP4A3	-0.85039	50.52	-5.2E-01	rgb(103,148,237)	1.9906	None
NR4A2	TMEM61	0.85039	50.52	0.525	rgb(223,117,118)	1.9906	None
NR4A3	BCRP3	-0.85039	50.52	-5.2E-01	rgb(104,148,237)	1.9906	None
ONECUT1	SNAP25	0.85039	50.52	0.521	rgb(223,118,119)	1.9906	None
PAX6	KCNIP3	-0.85039	50.52	-5.2E-01	rgb(105,149,237)	1.9906	None
RFX2	MAPK8IP1	0.85039	50.52	0.52	rgb(223,118,119)	1.9906	None
RORC	CHST10	-0.85039	50.52	-5.2E-01	rgb(104,149,237)	1.9906	None
RORC	RGS5	-0.85039	50.52	-5.2E-01	rgb(105,149,237)	1.9906	None
SPIB	ISLR2	0.85039	50.52	0.521	rgb(223,118,119)	1.9906	None
TEAD1	CACNA1E	-0.85039	50.52	-5.2E-01	rgb(104,148,237)	1.9906	None
TEAD1	CHRNA1	-0.85039	50.52	-5.2E-01	rgb(103,148,237)	1.9906	None
TEAD1	SLC6A16	-0.85039	50.52	-5.2E-01	rgb(103,148,237)	1.9906	None
TEAD2	KAT2B	-0.85039	50.52	-5.2E-01	rgb(104,148,237)	1.9906	None
ZFHX2	LOC100216479	-0.85039	50.52	-5.2E-01	rgb(103,148,237)	1.9906	2,2
ZFP82	SMTNL2	0.85039	50.52	0.522	rgb(223,117,118)	1.9906	None
SIM1	GRIK3	0.85039	50.52	0.522	rgb(223,117,118)	1.9906	2,2
ARX	BMS1P6	0.8472	50.51	0.514	rgb(223,119,120)	1.9904	2,2
ARX	FCRL6	0.8472	50.51	0.506	rgb(223,120,121)	1.9904	None
ATF6	VGF	0.8472	50.51	0.512	rgb(223,119,120)	1.9904	None
ELF4	CD300LF	0.8472	50.51	0.515	rgb(223,119,120)	1.9904	None
FEV	RGS4	0.8472	50.51	0.507	rgb(223,120,121)	1.9904	None
FOXA2	LINC00494	-0.8472	50.51	-5.1E-01	rgb(107,150,236)	1.9904	None
HEYL	GYLTL1B	0.8472	50.51	0.514	rgb(223,119,120)	1.9904	2,2
HHEX	RPRML	0.8472	50.51	0.507	rgb(223,120,121)	1.9904	None
HIC1	MTSS1	-0.8472	50.51	-5.1E-01	rgb(107,150,236)	1.9904	None
HIF1A	CNGA3	-0.8472	50.51	-5.1E-01	rgb(106,150,236)	1.9904	None
HSF2	MYBPC3	-0.8472	50.51	-5.1E-01	rgb(106,150,236)	1.9904	None
MAFA	REM2	0.8472	50.51	0.513	rgb(223,119,120)	1.9904	None
NEUROG3	KCNIP3	0.8472	50.51	0.511	rgb(223,119,120)	1.9904	None
NEUROG3	VSTM2L	0.8472	50.51	0.506	rgb(223,120,121)	1.9904	None
NR4A2	PGA5	0.8472	50.51	0.511	rgb(223,119,120)	1.9904	None
PDX1	LMO3	-0.8472	50.51	-5.1E-01	rgb(106,149,237)	1.9904	None
PDX1	SAMD11	-0.8472	50.51	-5.1E-01	rgb(107,150,236)	1.9904	None
PRDM16	ZNRF3-AS1	0.8472	50.51	0.506	rgb(223,120,121)	1.9904	None
SMAD9	MAP1A	0.8472	50.51	0.511	rgb(223,119,120)	1.9904	None
TFCP2L1	C2CD4B	0.8472	50.51	0.511	rgb(223,119,120)	1.9904	None
ZFHX2	LGI3	-0.8472	50.51	-5.1E-01	rgb(107,150,236)	1.9904	None
ZFHX2	PDE8B	-0.8472	50.51	-5.1E-01	rgb(107,150,236)	1.9904	None
ZFP82	BCORL1	0.8472	50.51	0.506	rgb(223,120,121)	1.9904	None
ZNF846	GRIN1	-0.8472	50.51	-5.1E-01	rgb(106,150,236)	1.9904	None
ZNF846	RAB36	0.8472	50.51	0.512	rgb(223,119,120)	1.9904	None
ZNF846	RET	-0.8472	50.51	-5.1E-01	rgb(107,150,236)	1.9904	None
ZFP62	BC127823	-0.8472	50.51	-5.1E-01	rgb(107,150,236)	1.9904	2,2
ARX	INSM1	-0.84402	50.5	-5.0E-01	rgb(108,150,236)	1.9902	None
ASCL1	KAT2B	0.84402	50.5	0.501	rgb(223,121,122)	1.9902	None
ELF4	TMEM151B	-0.84402	50.5	-5.0E-01	rgb(109,151,236)	1.9902	None
ELF4	ZFP90	-0.84402	50.5	-5.0E-01	rgb(109,151,236)	1.9902	None
HIC1	SYT5	-0.84402	50.5	-5.0E-01	rgb(108,151,236)	1.9902	None
HSF2	KCNB2	-0.84402	50.5	-5.0E-01	rgb(107,150,236)	1.9902	None
HSF2	PELI3	-0.84402	50.5	-5.0E-01	rgb(108,151,236)	1.9902	None
ISL1	ANP32A-IT1	0.84402	50.5	0.498	rgb(222,122,123)	1.9902	2,2
LHX1	PBX1	0.84402	50.5	0.503	rgb(223,121,122)	1.9902	None
LMX1B	BC006435	0.84402	50.5	0.501	rgb(223,121,122)	1.9902	2,2
MAFA	GATA2	0.84402	50.5	0.503	rgb(223,121,122)	1.9902	2,2
MAFB	SST	0.84402	50.5	0.496	rgb(222,122,123)	1.9902	None
MAFF	FCGBP	-0.84402	50.5	-5.0E-01	rgb(109,151,236)	1.9902	None
NEUROG3	AKR1B1	0.84402	50.5	0.504	rgb(223,121,122)	1.9902	None
NEUROG3	CACNG4	0.84402	50.5	0.501	rgb(223,121,122)	1.9902	None
NR4A2	OGFRL1	0.84402	50.5	0.496	rgb(222,122,123)	1.9902	None
NR4A3	CHRNA5	-0.84402	50.5	-5.0E-01	rgb(109,151,236)	1.9902	None
ONECUT1	LMX1A	0.84402	50.5	0.503	rgb(223,121,122)	1.9902	None
PBX1	BOC	-0.84402	50.5	-5.0E-01	rgb(109,151,236)	1.9902	None
PDX1	FSTL5	0.84402	50.5	0.5	rgb(222,122,123)	1.9902	None
PDX1	WDR17	-0.84402	50.5	-5.0E-01	rgb(109,151,236)	1.9902	None
PROX1	ASCL2	0.84402	50.5	0.503	rgb(223,121,122)	1.9902	None
SMAD9	FABP5	-0.84402	50.5	-5.0E-01	rgb(109,151,236)	1.9902	None
TEAD1	PLCG2	-0.84402	50.5	-5.0E-01	rgb(109,151,236)	1.9902	None
TEAD2	NTNG2	0.84402	50.5	0.501	rgb(223,121,122)	1.9902	None
ZFHX2	FSTL5	-0.84402	50.5	-5.0E-01	rgb(108,150,236)	1.9902	None
MYT1	SEPT5-GP1BB	0.84402	50.5	0.499	rgb(222,122,123)	1.9902	2,2
ARX	TUBA1A	-0.84084	50.49	-4.9E-01	rgb(111,152,236)	1.99	None
EGR3	SLC6A17	0.84084	50.49	0.485	rgb(222,124,125)	1.99	None
ELF4	RAB36	-0.84084	50.49	-4.9E-01	rgb(111,153,235)	1.99	None
ELF4	SLC18A1	-0.84084	50.49	-4.9E-01	rgb(110,152,236)	1.99	None
ELF4	TMEM198	-0.84084	50.49	-4.9E-01	rgb(110,152,236)	1.99	None
ETS1	FW340055	-0.84084	50.49	-4.9E-01	rgb(110,152,236)	1.99	2,2
FOXP2	PODXL2	-0.84084	50.49	-4.9E-01	rgb(111,153,235)	1.99	None
GATA2	MTSS1	0.84084	50.49	0.489	rgb(222,124,125)	1.99	None
GATA2	USP32P2	0.84084	50.49	0.486	rgb(222,124,125)	1.99	None
HIC1	STXBP5L	-0.84084	50.49	-4.9E-01	rgb(111,153,235)	1.99	None
HSF2	PTPN22	0.84084	50.49	0.488	rgb(222,124,125)	1.99	None
HSF2	RSPH4A	-0.84084	50.49	-4.9E-01	rgb(111,152,236)	1.99	None
LHX1	CDH22	-0.84084	50.49	-4.9E-01	rgb(110,152,236)	1.99	None
LMX1A	MAGEA5	0.84084	50.49	0.486	rgb(222,124,125)	1.99	2,2
LMX1A	NAALADL1	0.84084	50.49	0.493	rgb(222,123,124)	1.99	None
MAFF	DDN	0.84084	50.49	0.488	rgb(222,124,125)	1.99	None
NEUROD1	MYT1	0.84084	50.49	0.486	rgb(222,124,125)	1.99	None
NHLH1	SYNGR3	0.84084	50.49	0.493	rgb(222,123,124)	1.99	None
NR4A2	HEYL	0.84084	50.49	0.487	rgb(222,124,125)	1.99	None
NR4A2	KIF19	0.84084	50.49	0.494	rgb(222,123,124)	1.99	None
NR4A2	REG4	-0.84084	50.49	-4.9E-01	rgb(110,152,236)	1.99	None
NR4A2	TMEM145	-0.84084	50.49	-4.9E-01	rgb(110,152,236)	1.99	None
PAX4	MCOLN3	-0.84084	50.49	-4.9E-01	rgb(111,153,236)	1.99	None
PAX6	ACSS3	-0.84084	50.49	-4.9E-01	rgb(110,152,236)	1.99	None
PBX1	CRIP2	-0.84084	50.49	-4.9E-01	rgb(112,153,235)	1.99	None
RFX6	NAV3	0.84084	50.49	0.49	rgb(222,123,124)	1.99	None
RFX6	PNMAL1	0.84084	50.49	0.491	rgb(222,123,124)	1.99	2,2
RORC	LINC00261	-0.84084	50.49	-4.9E-01	rgb(111,153,236)	1.99	None
SMAD9	HDAC7	0.84084	50.49	0.49	rgb(222,123,124)	1.99	None
TEAD1	MMP2	-0.84084	50.49	-4.9E-01	rgb(110,152,236)	1.99	None
TEAD1	MYRF	0.84084	50.49	0.488	rgb(222,124,125)	1.99	None
TGIF2	NFRKB	0.84084	50.49	0.488	rgb(222,124,125)	1.99	None
ZFHX2	CACNA1E	-0.84084	50.49	-4.9E-01	rgb(111,152,236)	1.99	None
ZFHX2	STXBP5L	-0.84084	50.49	-4.9E-01	rgb(110,152,236)	1.99	None
ZNF382	ACBD7	-0.84084	50.49	-4.9E-01	rgb(110,152,236)	1.99	None
ZNF382	LOC653513	-0.84084	50.49	-4.9E-01	rgb(111,153,235)	1.99	2,2
ZNF846	FUT1	0.84084	50.49	0.487	rgb(222,124,125)	1.99	None
SIM1	GPR123	0.84084	50.49	0.487	rgb(222,124,125)	1.99	2,2
ARX	AX746869	0.83765	50.48	0.478	rgb(222,126,127)	1.9898	2,2
ATF5	CDHR1	0.83765	50.48	0.481	rgb(222,125,126)	1.9898	2,2
ELF4	ZFP2	-0.83765	50.48	-4.8E-01	rgb(113,154,235)	1.9898	None
ELF4	ZNF117	-0.83765	50.48	-4.8E-01	rgb(113,154,235)	1.9898	None
ETS1	AX746640	-0.83765	50.48	-4.8E-01	rgb(113,154,235)	1.9898	2,2
GATA4	CLCN4	0.83765	50.48	0.48	rgb(222,125,126)	1.9898	None
GATA4	DPEP1	0.83765	50.48	0.484	rgb(222,125,125)	1.9898	None
HSF2	SCIMP	-0.83765	50.48	-4.8E-01	rgb(114,154,235)	1.9898	None
MAFA	SERPINA10	0.83765	50.48	0.485	rgb(222,124,125)	1.9898	None
MLXIPL	FJX1	0.83765	50.48	0.476	rgb(222,126,127)	1.9898	None
MYRF	AX747850	-0.83765	50.48	-4.8E-01	rgb(113,154,235)	1.9898	2,2
NR4A2	EML1	0.83765	50.48	0.48	rgb(222,125,126)	1.9898	None
NR4A2	PAPPA2	-0.83765	50.48	-4.8E-01	rgb(114,154,235)	1.9898	None
NR4A2	TPH1	-0.83765	50.48	-4.8E-01	rgb(112,153,235)	1.9898	None
PBX1	CDK5R2	-0.83765	50.48	-4.8E-01	rgb(113,154,235)	1.9898	None
PRDM16	CNPY1	-0.83765	50.48	-4.8E-01	rgb(113,153,235)	1.9898	None
TEAD2	LOC284581	-0.83765	50.48	-4.8E-01	rgb(113,154,235)	1.9898	2,2
ZFHX2	ADCY2	-0.83765	50.48	-4.8E-01	rgb(113,154,235)	1.9898	None
ZFHX2	FAT3	-0.83765	50.48	-4.8E-01	rgb(112,153,235)	1.9898	None
ZFHX2	ST6GALNAC5	-0.83765	50.48	-4.8E-01	rgb(112,153,235)	1.9898	None
ZFHX2	TMEM132B	-0.83765	50.48	-4.8E-01	rgb(113,154,235)	1.9898	None
ZNF846	EID2	0.83765	50.48	0.477	rgb(222,126,127)	1.9898	None
ZNF846	LONRF2	0.83765	50.48	0.48	rgb(222,125,126)	1.9898	None
ARX	AX746640	0.83447	50.47	0.474	rgb(222,127,127)	1.9896	2,2
ARX	WDR52	0.83447	50.47	0.471	rgb(222,127,128)	1.9896	2,2
ATF6	MAFF	0.83447	50.47	0.474	rgb(222,127,127)	1.9896	None
ELF4	FAM171B	-0.83447	50.47	-4.7E-01	rgb(116,156,235)	1.9896	None
ETV1	PRKXP1	-0.83447	50.47	-4.7E-01	rgb(116,155,235)	1.9896	None
GATA2	CLGN	0.83447	50.47	0.473	rgb(222,127,128)	1.9896	None
GLIS2	AX747756	-0.83447	50.47	-4.7E-01	rgb(114,154,235)	1.9896	2,2
HHEX	GFRA1	0.83447	50.47	0.469	rgb(222,127,128)	1.9896	None
LHX1	COL12A1	0.83447	50.47	0.466	rgb(222,128,129)	1.9896	None
MAFA	RPS3	-0.83447	50.47	-4.7E-01	rgb(114,155,235)	1.9896	None
NFAT5	PGF	0.83447	50.47	0.466	rgb(222,128,129)	1.9896	None
NR4A2	INSRR	0.83447	50.47	0.468	rgb(222,128,128)	1.9896	None
NR4A2	REEP2	-0.83447	50.47	-4.7E-01	rgb(115,155,235)	1.9896	None
NR4A2	SPIB	0.83447	50.47	0.472	rgb(222,127,128)	1.9896	None
NR4A2	STK33	0.83447	50.47	0.473	rgb(222,127,128)	1.9896	None
NR4A2	TMEM158	0.83447	50.47	0.468	rgb(222,128,129)	1.9896	None
RFX6	DACH1	0.83447	50.47	0.467	rgb(222,128,129)	1.9896	None
RORC	COL10A1	0.83447	50.47	0.465	rgb(222,128,129)	1.9896	None
SMAD9	RAP1GAP2	0.83447	50.47	0.473	rgb(222,127,128)	1.9896	None
TFCP2L1	FAM155B	0.83447	50.47	0.472	rgb(222,127,128)	1.9896	None
TFCP2L1	LRFN1	0.83447	50.47	0.472	rgb(222,127,128)	1.9896	None
ZNF846	EPHA4	0.83447	50.47	0.469	rgb(222,127,128)	1.9896	None
DACH1	RGAG4	0.83447	50.47	0.468	rgb(222,128,129)	1.9896	2,2
ELF4	CRISP3	0.83129	50.46	0.458	rgb(222,130,130)	1.9894	2,2
ETS1	UBL5	0.83129	50.46	0.462	rgb(222,129,130)	1.9894	None
FOXA1	AK026777	0.83129	50.46	0.461	rgb(222,129,130)	1.9894	2,2
GATA2	HOMEZ	-0.83129	50.46	-4.6E-01	rgb(117,156,234)	1.9894	None
HIF1A	CDHR3	-0.83129	50.46	-4.6E-01	rgb(117,156,235)	1.9894	None
HSF2	CSH1	0.83129	50.46	0.463	rgb(222,129,130)	1.9894	None
NEUROG3	CNPY1	0.83129	50.46	0.462	rgb(222,129,130)	1.9894	None
NKX2-2	SLC8A1	-0.83129	50.46	-4.6E-01	rgb(116,156,235)	1.9894	None
NR4A2	CREBRF	0.83129	50.46	0.463	rgb(222,129,130)	1.9894	None
NR4A2	ISLR2	-0.83129	50.46	-4.6E-01	rgb(116,156,235)	1.9894	None
NR4A2	KAT2B	0.83129	50.46	0.464	rgb(222,128,129)	1.9894	None
NR4A2	RBP2	0.83129	50.46	0.461	rgb(222,129,130)	1.9894	None
NR4A2	TP73	0.83129	50.46	0.462	rgb(222,129,130)	1.9894	None
ONECUT1	SLC7A14	0.83129	50.46	0.46	rgb(222,129,130)	1.9894	None
RFX3	DTX3	0.83129	50.46	0.457	rgb(222,130,131)	1.9894	2,2
SOX4	FAM161A	0.83129	50.46	0.456	rgb(222,130,131)	1.9894	None
SOX4	TPST2	-0.83129	50.46	-4.6E-01	rgb(118,157,234)	1.9894	None
TEAD1	CADM2	-0.83129	50.46	-4.6E-01	rgb(117,156,235)	1.9894	None
TEAD1	GPR83	-0.83129	50.46	-4.6E-01	rgb(118,157,234)	1.9894	2,2
TEAD1	RAB3C	-0.83129	50.46	-4.6E-01	rgb(118,157,234)	1.9894	None
ZFHX2	CHRNB4	0.83129	50.46	0.459	rgb(222,129,130)	1.9894	None
ZFHX2	SPTBN4	-0.83129	50.46	-4.6E-01	rgb(116,156,235)	1.9894	None
ZFHX2	TUBB2B	-0.83129	50.46	-4.6E-01	rgb(117,156,235)	1.9894	None
ZNF519	ATF7IP	0.83129	50.46	0.46	rgb(222,129,130)	1.9894	None
DACH1	ARHGEF25	0.83129	50.46	0.455	rgb(222,130,131)	1.9894	2,2
GRHL3	BC041449	-0.83129	50.46	-4.6E-01	rgb(117,156,235)	1.9894	2,2
SIM1	LOC100216479	0.83129	50.46	0.464	rgb(222,128,129)	1.9894	2,2
ARNT2	DCHS1	-0.8281	50.45	-4.5E-01	rgb(119,157,234)	1.9892	None
ARX	CELF3	-0.8281	50.45	-4.5E-01	rgb(120,158,234)	1.9892	None
ARX	CTXN1	-0.8281	50.45	-4.5E-01	rgb(120,158,234)	1.9892	None
ARX	HOXB9	-0.8281	50.45	-4.5E-01	rgb(120,158,234)	1.9892	None
EGR3	JAM3	-0.8281	50.45	-4.5E-01	rgb(119,157,234)	1.9892	None
ELF4	DQ583756	-0.8281	50.45	-4.5E-01	rgb(120,158,234)	1.9892	2,2
HES4	USP13	0.8281	50.45	0.447	rgb(222,132,133)	1.9892	None
HIF1A	ENPP1	-0.8281	50.45	-4.5E-01	rgb(118,157,234)	1.9892	None
LHX1	TMEM132C	-0.8281	50.45	-4.5E-01	rgb(119,157,234)	1.9892	None
LMX1A	FER1L6-AS1	0.8281	50.45	0.447	rgb(222,132,132)	1.9892	None
LMX1A	GPR173	-0.8281	50.45	-4.5E-01	rgb(119,158,234)	1.9892	None
MAFA	ASCL2	0.8281	50.45	0.454	rgb(222,130,131)	1.9892	None
MAFA	TPH1	0.8281	50.45	0.447	rgb(222,132,132)	1.9892	None
NR4A2	GPBAR1	-0.8281	50.45	-4.5E-01	rgb(120,158,234)	1.9892	None
NR4A2	HES4	0.8281	50.45	0.448	rgb(222,131,132)	1.9892	None
ONECUT1	SCN2A	0.8281	50.45	0.453	rgb(222,131,131)	1.9892	None
ONECUT1	TTLL6	0.8281	50.45	0.445	rgb(222,132,133)	1.9892	None
ONECUT1	UBBP4	-0.8281	50.45	-4.5E-01	rgb(119,158,234)	1.9892	2,2
PDX1	CCDC40	-0.8281	50.45	-4.5E-01	rgb(120,158,234)	1.9892	None
PRDM16	LSP1	-0.8281	50.45	-4.5E-01	rgb(120,158,234)	1.9892	None
RFX6	PELI3	0.8281	50.45	0.453	rgb(222,131,131)	1.9892	None
TEAD1	LOC100216479	-0.8281	50.45	-4.5E-01	rgb(119,158,234)	1.9892	2,2
ZFHX2	GAST	-0.8281	50.45	-4.5E-01	rgb(120,158,234)	1.9892	2,2
ELF4	FGF14	-0.82492	50.44	-4.4E-01	rgb(122,159,234)	1.989	None
ELF4	HSPA12A	-0.82492	50.44	-4.4E-01	rgb(122,159,234)	1.989	None
ELF4	WNK3	-0.82492	50.44	-4.4E-01	rgb(121,158,234)	1.989	None
FOXP2	CSH1	-0.82492	50.44	-4.4E-01	rgb(121,159,234)	1.989	None
HSF2	KCNIP3	-0.82492	50.44	-4.4E-01	rgb(122,159,234)	1.989	None
LHX1	FER1L6-AS1	-0.82492	50.44	-4.4E-01	rgb(121,158,234)	1.989	None
LMX1A	ATF6	-0.82492	50.44	-4.4E-01	rgb(121,158,234)	1.989	None
MAFA	CFC1	0.82492	50.44	0.437	rgb(222,134,134)	1.989	None
MAFA	GAST	0.82492	50.44	0.443	rgb(222,132,133)	1.989	2,2
MAFF	AK093555	-0.82492	50.44	-4.4E-01	rgb(120,158,234)	1.989	2,2
MAFF	LSAMP	-0.82492	50.44	-4.4E-01	rgb(122,159,234)	1.989	None
NEUROD2	MAP1A	0.82492	50.44	0.438	rgb(222,133,134)	1.989	None
NR4A2	MAP1B	0.82492	50.44	0.441	rgb(222,133,134)	1.989	None
NR4A2	SEMA6B	0.82492	50.44	0.444	rgb(222,132,133)	1.989	None
NR4A2	SGCD	-0.82492	50.44	-4.4E-01	rgb(122,159,234)	1.989	None
NR4A2	STMND1	0.82492	50.44	0.442	rgb(222,133,133)	1.989	None
ONECUT1	PEX5L	0.82492	50.44	0.439	rgb(222,133,134)	1.989	None
ONECUT1	POU2F2	0.82492	50.44	0.443	rgb(222,132,133)	1.989	None
PBX1	AMPH	-0.82492	50.44	-4.4E-01	rgb(121,159,234)	1.989	None
RFX6	MAPK10	0.82492	50.44	0.439	rgb(222,133,134)	1.989	None
RFX6	PTCHD2	0.82492	50.44	0.44	rgb(222,133,134)	1.989	2,2
SOX4	SULT1C2P1	0.82492	50.44	0.442	rgb(222,133,134)	1.989	None
TEAD1	MSI1	-0.82492	50.44	-4.4E-01	rgb(121,158,234)	1.989	None
ZFHX2	ANKRD18A	0.82492	50.44	0.436	rgb(222,134,135)	1.989	None
ZNF846	COL21A1	0.82492	50.44	0.435	rgb(222,134,135)	1.989	None
SIM1	KCNA6	0.82492	50.44	0.439	rgb(222,133,134)	1.989	2,2
ARX	RAB26	-0.82174	50.43	-4.3E-01	rgb(124,160,233)	1.9888	None
ARX	SMTNL2	-0.82174	50.43	-4.3E-01	rgb(124,161,233)	1.9888	None
EGR3	GDF11	0.82174	50.43	0.433	rgb(222,134,135)	1.9888	None
HEYL	AX747535	-0.82174	50.43	-4.3E-01	rgb(124,160,233)	1.9888	2,2
LMX1A	LOC100216546	0.82174	50.43	0.43	rgb(222,135,136)	1.9888	2,2
MAFB	SV2B	0.82174	50.43	0.427	rgb(222,135,136)	1.9888	None
NR4A2	FAM171A2	0.82174	50.43	0.429	rgb(222,135,136)	1.9888	None
ONECUT1	CACNA1A	0.82174	50.43	0.427	rgb(222,135,136)	1.9888	None
PAX6	EML1	-0.82174	50.43	-4.3E-01	rgb(124,160,233)	1.9888	None
PAX6	STARD9	-0.82174	50.43	-4.3E-01	rgb(123,160,233)	1.9888	None
PBX1	CD96	0.82174	50.43	0.427	rgb(222,135,136)	1.9888	None
PBX1	LTBP2	0.82174	50.43	0.431	rgb(222,135,136)	1.9888	None
POU2F2	HSF2	-0.82174	50.43	-4.3E-01	rgb(124,160,233)	1.9888	None
RFX3	TMEM151A	0.82174	50.43	0.433	rgb(222,134,135)	1.9888	None
RFX6	TAC1	0.82174	50.43	0.432	rgb(222,134,135)	1.9888	None
TEAD1	SCG5	-0.82174	50.43	-4.3E-01	rgb(124,160,233)	1.9888	None
ZNF492	DOCK8	-0.82174	50.43	-4.3E-01	rgb(123,160,233)	1.9888	None
ATOH8	TUBB4A	0.82174	50.43	0.427	rgb(222,136,136)	1.9888	2,2
MYT1	AF070581	0.82174	50.43	0.434	rgb(222,134,135)	1.9888	2,2
ZNF117	ANKRD36B	0.82174	50.43	0.433	rgb(222,134,135)	1.9888	2,2
ARX	AX747826	0.81855	50.42	0.423	rgb(222,136,137)	1.9886	2,2
ARX	CALCOCO1	0.81855	50.42	0.425	rgb(222,136,137)	1.9886	None
ASCL2	ELL2	-0.81855	50.42	-4.2E-01	rgb(125,161,233)	1.9886	None
ETS1	MMP11	0.81855	50.42	0.424	rgb(222,136,137)	1.9886	None
GATA2	SLC8A1	0.81855	50.42	0.418	rgb(222,137,138)	1.9886	None
LHX1	ZDHHC8P1	-0.81855	50.42	-4.2E-01	rgb(126,162,233)	1.9886	None
NEUROD1	SRCIN1	0.81855	50.42	0.425	rgb(222,136,137)	1.9886	None
NEUROD2	SH3RF3	0.81855	50.42	0.425	rgb(222,136,137)	1.9886	None
NR4A2	AVPR1B	-0.81855	50.42	-4.2E-01	rgb(125,161,233)	1.9886	None
NR4A2	NCAM1	-0.81855	50.42	-4.2E-01	rgb(126,162,233)	1.9886	None
PBX1	AGT	-0.81855	50.42	-4.2E-01	rgb(127,162,233)	1.9886	None
RFX6	PLCG2	0.81855	50.42	0.422	rgb(222,136,137)	1.9886	None
TEAD2	UNC13A	0.81855	50.42	0.419	rgb(222,137,138)	1.9886	None
TGIF2	LRRTM3	0.81855	50.42	0.422	rgb(222,136,137)	1.9886	None
ZFHX2	MEP1B	-0.81855	50.42	-4.2E-01	rgb(126,161,233)	1.9886	None
ZFHX2	PCSK2	-0.81855	50.42	-4.2E-01	rgb(125,161,233)	1.9886	None
ZNF382	TRIM24	0.81855	50.42	0.417	rgb(222,137,138)	1.9886	None
ZNF846	HSPA12A	0.81855	50.42	0.423	rgb(222,136,137)	1.9886	None
SIM1	CHST9	0.81855	50.42	0.422	rgb(222,136,137)	1.9886	2,2
ELF4	TMEFF1	-0.81537	50.41	-4.1E-01	rgb(128,163,233)	1.9884	None
GATA2	ACSL6	0.81537	50.41	0.407	rgb(221,139,140)	1.9884	None
GATA2	NEFM	0.81537	50.41	0.41	rgb(222,139,140)	1.9884	None
HIC1	CDHR3	-0.81537	50.41	-4.1E-01	rgb(129,163,232)	1.9884	None
HIF1A	BSN	-0.81537	50.41	-4.1E-01	rgb(129,163,232)	1.9884	None
HSF2	SEZ6	-0.81537	50.41	-4.1E-01	rgb(129,163,232)	1.9884	None
LMX1B	ATP6V0E2	-0.81537	50.41	-4.1E-01	rgb(129,163,232)	1.9884	None
LMX1B	STXBP5L	0.81537	50.41	0.411	rgb(222,138,139)	1.9884	None
LTF	MUC5B	0.81537	50.41	0.411	rgb(222,139,139)	1.9884	None
MYRF	NEUROD1	0.81537	50.41	0.408	rgb(221,139,140)	1.9884	None
NEUROD1	RAB39B	0.81537	50.41	0.41	rgb(222,139,140)	1.9884	2,2
NR4A2	CEND1	0.81537	50.41	0.408	rgb(221,139,140)	1.9884	None
NR4A2	RRAGD	0.81537	50.41	0.406	rgb(221,140,140)	1.9884	None
PDX1	SPARC	-0.81537	50.41	-4.1E-01	rgb(129,163,232)	1.9884	None
RFX6	RGS9	0.81537	50.41	0.412	rgb(222,138,139)	1.9884	None
SPIB	NFRKB	0.81537	50.41	0.407	rgb(221,139,140)	1.9884	None
TEAD1	AK026379	-0.81537	50.41	-4.1E-01	rgb(129,163,232)	1.9884	2,2
TEAD1	PGA4	-0.81537	50.41	-4.1E-01	rgb(127,162,233)	1.9884	None
TFCP2L1	FAM106CP	-0.81537	50.41	-4.1E-01	rgb(127,162,233)	1.9884	2,2
ZFHX2	UNC79	-0.81537	50.41	-4.1E-01	rgb(128,163,233)	1.9884	None
SIM1	LINC00617	0.81537	50.41	0.411	rgb(222,138,139)	1.9884	2,2
ARX	SPP1	-0.81219	50.4	-4.0E-01	rgb(130,164,232)	1.9882	None
ARX	TMEM158	-0.81219	50.4	-4.0E-01	rgb(129,164,232)	1.9882	None
ELF4	CITED1	0.81219	50.4	0.405	rgb(221,140,140)	1.9882	None
LHX1	TMOD1	-0.81219	50.4	-4.0E-01	rgb(131,165,232)	1.9882	None
LMX1A	AX748371	0.81219	50.4	0.4	rgb(221,141,141)	1.9882	2,2
NFAT5	RASD1	-0.81219	50.4	-4.0E-01	rgb(130,164,232)	1.9882	None
NKX2-2	RNF157	-0.81219	50.4	-4.0E-01	rgb(130,164,232)	1.9882	None
ONECUT1	ANKRD18A	0.81219	50.4	0.4	rgb(221,141,141)	1.9882	None
PRDM16	MRPL34	-0.81219	50.4	-4.0E-01	rgb(131,165,232)	1.9882	None
PRDM16	SOGA3	-0.81219	50.4	-4.0E-01	rgb(130,164,232)	1.9882	None
PRDM16	TEKT2	-0.81219	50.4	-4.0E-01	rgb(131,164,232)	1.9882	None
ZFHX2	ASIC5	-0.81219	50.4	-4.0E-01	rgb(129,164,232)	1.9882	2,2
ZFHX2	RPRML	-0.81219	50.4	-4.0E-01	rgb(131,165,232)	1.9882	None
ZFP82	STARD8	-0.81219	50.4	-4.0E-01	rgb(129,164,232)	1.9882	None
ZFP90	CDKN1A	-0.81219	50.4	-4.0E-01	rgb(131,164,232)	1.9882	None
ZNF846	RTN1	-0.81219	50.4	-4.0E-01	rgb(131,165,232)	1.9882	None
ATOH8	BAI1	0.81219	50.4	0.397	rgb(221,141,142)	1.9882	2,2
MYT1	NOV	0.81219	50.4	0.402	rgb(221,140,141)	1.9882	2,2
NPAS3	HMP19	0.81219	50.4	0.403	rgb(221,140,141)	1.9882	2,2
ZNF117	JX088243	0.81219	50.4	0.396	rgb(221,141,142)	1.9882	2,2
ARX	MMD2	-0.80901	50.39	-3.9E-01	rgb(133,166,232)	1.988	None
ELF4	ATP6V0E2	-0.80901	50.39	-3.9E-01	rgb(133,166,232)	1.988	None
FOXP2	PGA5	-0.80901	50.39	-3.9E-01	rgb(133,166,232)	1.988	None
GATA4	CHL1	0.80901	50.39	0.392	rgb(221,142,143)	1.988	None
MAFA	ABCC8	0.80901	50.39	0.395	rgb(221,142,142)	1.988	None
MAFA	AMPH	0.80901	50.39	0.39	rgb(221,142,143)	1.988	None
NEUROG3	APBB2	-0.80901	50.39	-3.9E-01	rgb(133,166,232)	1.988	None
NEUROG3	PCBP4	0.80901	50.39	0.388	rgb(221,143,144)	1.988	None
NR4A2	NKD1	0.80901	50.39	0.387	rgb(221,143,144)	1.988	None
ONECUT1	ALAS2	0.80901	50.39	0.386	rgb(221,143,144)	1.988	None
PAX4	IFI44	-0.80901	50.39	-3.9E-01	rgb(133,166,232)	1.988	None
PRDM16	FFAR2	-0.80901	50.39	-3.9E-01	rgb(133,166,232)	1.988	None
RFX6	CACNG4	0.80901	50.39	0.392	rgb(221,142,143)	1.988	None
TFCP2L1	LINC00930	0.80901	50.39	0.388	rgb(221,143,144)	1.988	2,2
ZFP82	INHBE	0.80901	50.39	0.395	rgb(221,142,142)	1.988	None
ZNF492	CSH1	-0.80901	50.39	-3.9E-01	rgb(133,166,232)	1.988	None
ZNF846	AK024092	-0.80901	50.39	-3.9E-01	rgb(132,166,232)	1.988	2,2
ZNF846	B3GAT1	-0.80901	50.39	-3.9E-01	rgb(133,166,232)	1.988	None
NPAS3	BC041484	0.80901	50.39	0.392	rgb(221,142,143)	1.988	2,2
ZNF117	AX746869	0.80901	50.39	0.385	rgb(221,143,144)	1.988	2,2
ARX	STMN2	-0.80582	50.38	-3.8E-01	rgb(135,167,231)	1.9878	None
ELF4	DKK3	-0.80582	50.38	-3.8E-01	rgb(136,167,231)	1.9878	None
LHX1	AX746771	-0.80582	50.38	-3.8E-01	rgb(135,167,231)	1.9878	2,2
LHX1	SCG2	-0.80582	50.38	-3.8E-01	rgb(136,167,231)	1.9878	None
LMX1A	ST8SIA5	-0.80582	50.38	-3.8E-01	rgb(134,167,232)	1.9878	None
LMX1A	TMEM132C	-0.80582	50.38	-3.8E-01	rgb(134,167,232)	1.9878	None
NEUROG3	NEFM	0.80582	50.38	0.385	rgb(221,144,144)	1.9878	None
NEUROG3	SUCNR1	-0.80582	50.38	-3.8E-01	rgb(135,167,231)	1.9878	None
ONECUT1	EYA4	0.80582	50.38	0.383	rgb(221,144,145)	1.9878	None
ONECUT3	ABCA9	-0.80582	50.38	-3.8E-01	rgb(133,166,232)	1.9878	None
PAX4	KIF1A	-0.80582	50.38	-3.8E-01	rgb(134,167,231)	1.9878	None
PRDM16	KCNH2	0.80582	50.38	0.378	rgb(221,145,146)	1.9878	None
RFX6	TMPRSS6	0.80582	50.38	0.381	rgb(221,144,145)	1.9878	None
ZFHX2	GPR162	-0.80582	50.38	-3.8E-01	rgb(135,167,231)	1.9878	None
ZFHX2	KCNK17	-0.80582	50.38	-3.8E-01	rgb(134,167,232)	1.9878	None
ZNF382	XAF1	-0.80582	50.38	-3.8E-01	rgb(134,167,232)	1.9878	2,2
MYT1	RIC3	0.80582	50.38	0.381	rgb(221,144,145)	1.9878	2,2
SIM1	MAPK8IP2	0.80582	50.38	0.381	rgb(221,144,145)	1.9878	2,2
ARX	ST8SIA3	0.80264	50.37	0.37	rgb(221,146,147)	1.9876	None
ASCL1	WDR17	0.80264	50.37	0.37	rgb(221,146,147)	1.9876	None
ASCL1	ZBTB4	0.80264	50.37	0.372	rgb(221,146,147)	1.9876	None
ASCL2	KCNK17	-0.80264	50.37	-3.7E-01	rgb(137,168,231)	1.9876	None
GATA2	FW340024	0.80264	50.37	0.366	rgb(221,147,148)	1.9876	2,2
HSF2	INS-IGF2	-0.80264	50.37	-3.7E-01	rgb(136,168,231)	1.9876	None
MAFA	FSTL5	0.80264	50.37	0.369	rgb(221,147,147)	1.9876	None
MAFA	GNG4	0.80264	50.37	0.372	rgb(221,146,147)	1.9876	None
NEUROD1	CLCN4	0.80264	50.37	0.367	rgb(221,147,148)	1.9876	None
NHLH1	SOCS1	0.80264	50.37	0.37	rgb(221,146,147)	1.9876	None
NKX2-2	ITPR1	-0.80264	50.37	-3.7E-01	rgb(137,169,231)	1.9876	None
NR4A2	SLC12A5	-0.80264	50.37	-3.7E-01	rgb(137,169,231)	1.9876	None
PRDM16	BEX2	-0.80264	50.37	-3.7E-01	rgb(137,169,231)	1.9876	None
RFX6	JAKMIP2	0.80264	50.37	0.375	rgb(221,145,146)	1.9876	None
SMAD9	ACSS3	0.80264	50.37	0.366	rgb(221,147,148)	1.9876	None
TEAD1	ST8SIA6-AS1	-0.80264	50.37	-3.7E-01	rgb(136,168,231)	1.9876	None
TEAD2	WNK3	0.80264	50.37	0.371	rgb(221,146,147)	1.9876	None
TFCP2L1	STMN3	0.80264	50.37	0.372	rgb(221,146,147)	1.9876	None
ZFHX2	ID4	-0.80264	50.37	-3.7E-01	rgb(137,169,231)	1.9876	None
NPAS3	PCDHB10	0.80264	50.37	0.368	rgb(221,147,147)	1.9876	2,2
SIM1	ERO1LB	0.80264	50.37	0.366	rgb(221,147,148)	1.9876	2,2
ZNF117	OCLM	0.80264	50.37	0.371	rgb(221,146,147)	1.9876	2,2
EGR3	SSTR5	-0.79946	50.36	-3.6E-01	rgb(139,170,231)	1.9874	None
ELF4	AK093555	-0.79946	50.36	-3.6E-01	rgb(138,169,231)	1.9874	2,2
ELF4	ZNF853	-0.79946	50.36	-3.6E-01	rgb(139,170,231)	1.9874	None
HSF2	MMRN1	-0.79946	50.36	-3.6E-01	rgb(140,170,231)	1.9874	None
LMX1A	GPBAR1	-0.79946	50.36	-3.6E-01	rgb(140,170,231)	1.9874	None
NEUROG3	HECW2	0.79946	50.36	0.364	rgb(221,147,148)	1.9874	None
NR4A2	CNOT6L	0.79946	50.36	0.358	rgb(221,149,149)	1.9874	None
NR4A2	LRAT	0.79946	50.36	0.358	rgb(221,149,149)	1.9874	None
PAX4	TMEM178B	0.79946	50.36	0.355	rgb(221,149,150)	1.9874	None
RFX2	MAP1A	0.79946	50.36	0.356	rgb(221,149,150)	1.9874	None
RFX6	PCSK1	0.79946	50.36	0.364	rgb(221,147,148)	1.9874	None
RORC	STK33	-0.79946	50.36	-3.6E-01	rgb(138,169,231)	1.9874	None
SPIB	NOVA2	0.79946	50.36	0.365	rgb(221,147,148)	1.9874	None
TFCP2L1	KIT	0.79946	50.36	0.356	rgb(221,149,150)	1.9874	None
ZFP82	XKR7	0.79946	50.36	0.364	rgb(221,148,148)	1.9874	None
ARX	N4BP2L2-IT2	0.79627	50.35	0.351	rgb(221,150,151)	1.9872	2,2
ELF4	AEBP1	-0.79627	50.35	-3.5E-01	rgb(140,170,230)	1.9872	None
ISL1	ZNF117	0.79627	50.35	0.351	rgb(221,150,151)	1.9872	None
NEUROD1	GAP43	0.79627	50.35	0.349	rgb(221,150,151)	1.9872	None
NEUROG3	TMOD1	0.79627	50.35	0.345	rgb(221,151,152)	1.9872	None
NHLH1	IL17C	0.79627	50.35	0.352	rgb(221,150,151)	1.9872	None
NKX2-2	ID2	0.79627	50.35	0.352	rgb(221,150,151)	1.9872	None
NR4A2	CCDC162P	0.79627	50.35	0.347	rgb(221,151,151)	1.9872	None
NR4A2	NCS1	-0.79627	50.35	-3.5E-01	rgb(140,170,230)	1.9872	None
NR4A2	SCG5	-0.79627	50.35	-3.5E-01	rgb(140,170,230)	1.9872	None
NR4A2	VWCE	0.79627	50.35	0.352	rgb(221,150,151)	1.9872	None
ONECUT1	KCNMA1	0.79627	50.35	0.345	rgb(221,151,152)	1.9872	None
PRDM16	CACNG4	-0.79627	50.35	-3.5E-01	rgb(140,170,230)	1.9872	None
RFX2	DTX3	0.79627	50.35	0.354	rgb(221,149,150)	1.9872	2,2
SMAD9	XKR7	0.79627	50.35	0.351	rgb(221,150,151)	1.9872	None
CBX2	AK095045	0.79627	50.35	0.347	rgb(221,151,151)	1.9872	2,2
SIM1	LOC653513	0.79627	50.35	0.351	rgb(221,150,151)	1.9872	2,2
ASCL1	GPC2	0.79309	50.34	0.342	rgb(221,152,152)	1.987	None
EGR3	ADAMTSL2	0.79309	50.34	0.341	rgb(221,152,152)	1.987	None
EGR3	RCOR2	0.79309	50.34	0.343	rgb(221,151,152)	1.987	None
ELF4	MAP1B	-0.79309	50.34	-3.4E-01	rgb(144,173,230)	1.987	None
HIC1	ACSS3	-0.79309	50.34	-3.4E-01	rgb(143,172,230)	1.987	None
HSF2	CLCN4	-0.79309	50.34	-3.4E-01	rgb(144,173,230)	1.987	None
MAFF	LINC00494	0.79309	50.34	0.344	rgb(221,151,152)	1.987	None
NEUROD1	DACT1	0.79309	50.34	0.344	rgb(221,151,152)	1.987	None
NR4A2	GDF11	0.79309	50.34	0.341	rgb(221,152,153)	1.987	None
NR4A2	RASD1	0.79309	50.34	0.339	rgb(221,152,153)	1.987	None
NR4A2	RTN1	-0.79309	50.34	-3.4E-01	rgb(142,172,230)	1.987	None
ONECUT1	RUNX1T1	0.79309	50.34	0.342	rgb(221,152,152)	1.987	None
PRDM16	LHX1	-0.79309	50.34	-3.4E-01	rgb(144,173,230)	1.987	None
RFX6	HHEX	0.79309	50.34	0.343	rgb(221,151,152)	1.987	None
TEAD1	IGSF10	-0.79309	50.34	-3.4E-01	rgb(143,172,230)	1.987	None
TEAD1	SLC16A12	-0.79309	50.34	-3.4E-01	rgb(144,173,230)	1.987	None
ZNF846	HMGB3	0.79309	50.34	0.34	rgb(221,152,153)	1.987	None
ELF4	KCNIP3	-0.78991	50.33	-3.3E-01	rgb(145,173,230)	1.9868	None
GATA4	WNK3	0.78991	50.33	0.33	rgb(221,154,155)	1.9868	None
HSF2	CHST8	-0.78991	50.33	-3.3E-01	rgb(146,174,229)	1.9868	None
NEUROG3	DYNC1I1	0.78991	50.33	0.328	rgb(221,154,155)	1.9868	None
NR4A2	CCDC74B	-0.78991	50.33	-3.3E-01	rgb(145,173,230)	1.9868	None
NR4A2	MAGEA5	0.78991	50.33	0.332	rgb(221,154,154)	1.9868	2,2
PRDM16	MIR137HG	-0.78991	50.33	-3.3E-01	rgb(146,174,230)	1.9868	None
RFX2	VSTM2L	0.78991	50.33	0.33	rgb(221,154,155)	1.9868	None
RFX6	SCGN	0.78991	50.33	0.327	rgb(221,155,155)	1.9868	None
TEAD1	ADCY1	-0.78991	50.33	-3.3E-01	rgb(145,173,230)	1.9868	None
KCNIP3	DIRAS1	0.78991	50.33	0.333	rgb(221,153,154)	1.9868	2,2
EGR3	CACNB2	-0.78672	50.32	-3.2E-01	rgb(148,175,229)	1.9866	None
ELF4	BEX2	-0.78672	50.32	-3.2E-01	rgb(147,174,229)	1.9866	None
ETS1	TGIF2	0.78672	50.32	0.319	rgb(221,156,157)	1.9866	None
HSF2	SULT1C2P1	0.78672	50.32	0.315	rgb(220,157,157)	1.9866	None
NEUROD1	LRRC16B	0.78672	50.32	0.322	rgb(221,156,156)	1.9866	2,2
NEUROD1	MEX3B	0.78672	50.32	0.318	rgb(220,156,157)	1.9866	None
RFX6	PPM1E	0.78672	50.32	0.319	rgb(221,156,157)	1.9866	None
SMAD9	COL22A1	0.78672	50.32	0.316	rgb(220,157,157)	1.9866	None
SOX4	CDKN1A	-0.78672	50.32	-3.2E-01	rgb(149,175,229)	1.9866	None
TEAD1	AMBP	-0.78672	50.32	-3.2E-01	rgb(147,174,229)	1.9866	None
TEAD1	CYP27A1	-0.78672	50.32	-3.2E-01	rgb(148,175,229)	1.9866	None
TEAD1	TUBB2B	-0.78672	50.32	-3.2E-01	rgb(148,175,229)	1.9866	None
ZFP92	CTSL2	-0.78672	50.32	-3.2E-01	rgb(147,175,229)	1.9866	2,2
ARX	KCNB2	-0.78354	50.31	-3.1E-01	rgb(150,176,229)	1.9864	None
ARX	SULT1C2P1	0.78354	50.31	0.308	rgb(220,158,159)	1.9864	None
NEUROG3	FRZB	0.78354	50.31	0.307	rgb(220,158,159)	1.9864	None
NHLH1	MUC5B	-0.78354	50.31	-3.1E-01	rgb(149,176,229)	1.9864	None
PBX1	LRRC10B	0.78354	50.31	0.306	rgb(220,159,159)	1.9864	None
TFCP2L1	PCDHB16	0.78354	50.31	0.31	rgb(220,158,158)	1.9864	None
ZFHX2	WDR17	-0.78354	50.31	-3.1E-01	rgb(149,176,229)	1.9864	None
ARX	AL832439	0.78036	50.3	0.304	rgb(220,159,160)	1.9862	2,2
ASCL1	FAM171A2	0.78036	50.3	0.296	rgb(220,161,161)	1.9862	None
LMX1A	GFRA3	-0.78036	50.3	-3.0E-01	rgb(151,177,229)	1.9862	None
MAFA	SGCD	0.78036	50.3	0.303	rgb(220,159,160)	1.9862	None
NKX2-2	SGCD	-0.78036	50.3	-3.0E-01	rgb(152,177,228)	1.9862	None
POU2F2	PRDM16	0.78036	50.3	0.301	rgb(220,159,160)	1.9862	None
RFX6	CCDC74B	0.78036	50.3	0.297	rgb(220,160,161)	1.9862	None
RFX6	CELF3	0.78036	50.3	0.303	rgb(220,159,160)	1.9862	None
SPIB	ST8SIA3	0.78036	50.3	0.302	rgb(220,159,160)	1.9862	None
ZFP62	AK091275	0.78036	50.3	0.302	rgb(220,159,160)	1.9862	2,2
EGR3	KCNF1	0.77717	50.29	0.291	rgb(220,162,162)	1.986	None
HOXB9	IFI44L	0.77717	50.29	0.29	rgb(220,162,162)	1.986	None
LHX1	CLSPN	-0.77717	50.29	-2.9E-01	rgb(154,179,228)	1.986	None
LMX1A	SDK1	-0.77717	50.29	-2.9E-01	rgb(153,178,228)	1.986	None
MAFA	CPLX2	0.77717	50.29	0.289	rgb(220,162,162)	1.986	None
NEUROD1	C2CD4B	0.77717	50.29	0.29	rgb(220,162,162)	1.986	None
SMAD9	ZBTB4	0.77717	50.29	0.295	rgb(220,161,161)	1.986	None
SOX4	IMPG1	-0.77717	50.29	-2.9E-01	rgb(154,179,228)	1.986	None
ASCL1	NPTXR	0.77399	50.28	0.282	rgb(220,163,164)	1.9858	None
ELF4	BGN	-0.77399	50.28	-2.8E-01	rgb(157,180,228)	1.9858	None
MAFA	B3GAT1	0.77399	50.28	0.277	rgb(220,164,165)	1.9858	None
PAX4	CCDC162P	-0.77399	50.28	-2.8E-01	rgb(156,180,228)	1.9858	None
PDX1	BGN	0.77399	50.28	0.282	rgb(220,163,164)	1.9858	None
RFX2	CPT1C	0.77399	50.28	0.278	rgb(220,164,164)	1.9858	None
RFX6	ATP8B2	0.77399	50.28	0.285	rgb(220,163,163)	1.9858	None
TFCP2L1	PCDHB10	0.77399	50.28	0.28	rgb(220,163,164)	1.9858	None
ZNF117	BC022892	0.77399	50.28	0.284	rgb(220,163,163)	1.9858	2,2
ISL1	LINC00939	0.77081	50.27	0.268	rgb(220,166,166)	1.9856	None
NEUROD1	VSTM2L	0.77081	50.27	0.273	rgb(220,165,165)	1.9856	None
NEUROD2	CRISP3	-0.77081	50.27	-2.7E-01	rgb(159,182,227)	1.9856	2,2
PDX1	CYGB	-0.77081	50.27	-2.7E-01	rgb(158,181,227)	1.9856	None
RFX3	KIAA1324	0.77081	50.27	0.272	rgb(220,165,166)	1.9856	None
ZNF846	MALAT1	-0.77081	50.27	-2.7E-01	rgb(159,182,227)	1.9856	None
ZNF117	ANP32A-IT1	0.77081	50.27	0.269	rgb(220,166,166)	1.9856	2,2
ZNF117	LOC100131257	0.77081	50.27	0.27	rgb(220,165,166)	1.9856	2,2
ELF4	MIR137HG	-0.76762	50.26	-2.6E-01	rgb(161,183,227)	1.9854	None
ELF4	PAK6	-0.76762	50.26	-2.6E-01	rgb(162,183,227)	1.9854	None
NEUROD1	CERKL	0.76762	50.26	0.255	rgb(220,168,169)	1.9854	None
RORC	HSPA12A	-0.76762	50.26	-2.6E-01	rgb(160,182,227)	1.9854	None
SMAD9	EDIL3	0.76762	50.26	0.256	rgb(220,168,169)	1.9854	None
TEAD1	CACNA1C	-0.76762	50.26	-2.6E-01	rgb(160,182,227)	1.9854	None
TFCP2L1	TEKT2	0.76762	50.26	0.261	rgb(220,167,168)	1.9854	None
ZFHX2	FAM179A	-0.76762	50.26	-2.6E-01	rgb(161,183,227)	1.9854	2,2
MYT1	ECEL1	0.76762	50.26	0.264	rgb(220,167,167)	1.9854	2,2
ZNF117	AK096291	0.76762	50.26	0.26	rgb(220,167,168)	1.9854	2,2
EGR3	NPY	-0.76444	50.25	-2.5E-01	rgb(163,184,226)	1.9852	None
MAFA	SCG2	0.76444	50.25	0.252	rgb(220,169,169)	1.9852	None
PRDM16	BTBD17	-0.76444	50.25	-2.5E-01	rgb(163,184,227)	1.9852	None
RFX2	KCNH3	0.76444	50.25	0.246	rgb(220,170,171)	1.9852	None
ZFHX2	APBB1	-0.76444	50.25	-2.5E-01	rgb(162,184,227)	1.9852	None
ZFHX2	CEND1	-0.76444	50.25	-2.5E-01	rgb(163,184,226)	1.9852	None
ZNF846	PTP4A3	-0.76444	50.25	-2.5E-01	rgb(163,184,227)	1.9852	None
ATOH8	FAM65C	0.76444	50.25	0.249	rgb(220,169,170)	1.9852	2,2
NEUROD1	HES6	0.76126	50.24	0.242	rgb(220,171,171)	1.985	None
NEUROD2	TMEM35	0.76126	50.24	0.237	rgb(220,172,172)	1.985	2,2
NKX2-2	NEFL	-0.76126	50.24	-2.4E-01	rgb(165,186,226)	1.985	None
PRDM16	CRYBA2	-0.76126	50.24	-2.4E-01	rgb(165,186,226)	1.985	None
PRDM16	JPH4	-0.76126	50.24	-2.4E-01	rgb(165,185,226)	1.985	None
ETS1	CTXN1	0.75807	50.23	0.231	rgb(220,173,173)	1.9848	None
LHX1	ASIC1	-0.75807	50.23	-2.3E-01	rgb(168,187,226)	1.9848	None
LMX1A	BRSK2	-0.75807	50.23	-2.3E-01	rgb(166,186,226)	1.9848	None
MAFF	MYEF2	-0.75807	50.23	-2.3E-01	rgb(167,186,226)	1.9848	None
PRDM16	CALCOCO1	0.75807	50.23	0.229	rgb(220,173,174)	1.9848	None
SMAD9	CRY2	0.75807	50.23	0.234	rgb(220,172,173)	1.9848	None
ELF4	AADAT	-0.75489	50.22	-2.2E-01	rgb(170,188,225)	1.9846	None
MAFF	PRICKLE2	-0.75489	50.22	-2.2E-01	rgb(169,188,225)	1.9846	None
NEUROG3	NPY	0.75489	50.22	0.221	rgb(219,175,175)	1.9846	None
NR4A2	SH3RF3-AS1	0.75489	50.22	0.223	rgb(219,174,175)	1.9846	None
NR4A2	TTR	-0.75489	50.22	-2.2E-01	rgb(168,187,226)	1.9846	None
TFCP2L1	LOC145837	0.75489	50.22	0.224	rgb(219,174,175)	1.9846	2,2
HIC1	MAPK12	-0.75171	50.21	-2.1E-01	rgb(171,189,225)	1.9844	None
LMX1B	RBFOX2	-0.75171	50.21	-2.1E-01	rgb(171,189,225)	1.9844	None
MAFA	SNED1	0.75171	50.21	0.208	rgb(219,177,178)	1.9844	None
NEUROD1	CHRNB4	0.75171	50.21	0.208	rgb(219,177,178)	1.9844	None
ONECUT1	DCHS1	0.75171	50.21	0.212	rgb(219,177,177)	1.9844	None
ARX	LOC646214	0.74852	50.2	0.196	rgb(219,180,180)	1.9842	2,2
ELF4	ACSS3	-0.74852	50.2	-2.0E-01	rgb(174,191,225)	1.9842	None
HSF2	RASD1	-0.74852	50.2	-2.0E-01	rgb(174,191,225)	1.9842	None
PBX1	METTL21EP	-0.74852	50.2	-2.0E-01	rgb(174,191,224)	1.9842	None
RFX6	CHST8	0.74852	50.2	0.195	rgb(219,180,180)	1.9842	None
RFX6	DENND2A	0.74852	50.2	0.204	rgb(219,178,179)	1.9842	None
SPIB	FKBP7	-0.74852	50.2	-2.0E-01	rgb(173,190,225)	1.9842	None
MAFA	ITGBL1	0.74534	50.19	0.188	rgb(219,181,181)	1.984	None
ZFP82	CRLF1	-0.74534	50.19	-1.9E-01	rgb(176,192,224)	1.984	None
SIM1	AK123868	0.74534	50.19	0.191	rgb(219,180,181)	1.984	2,2
MAFA	FRMPD4	0.74216	50.18	0.185	rgb(219,182,182)	1.9838	None
ZFHX2	CALY	-0.74216	50.18	-1.8E-01	rgb(178,194,224)	1.9838	None
NKX2-2	RGS5	-0.73897	50.17	-1.7E-01	rgb(180,195,223)	1.9836	None
PAX4	DPP10	-0.73897	50.17	-1.7E-01	rgb(180,195,223)	1.9836	None
ZFHX2	MIR7-3HG	-0.73897	50.17	-1.7E-01	rgb(180,195,223)	1.9836	None
ATF6	CHGB	0.73579	50.16	0.16	rgb(219,186,187)	1.9834	None
MAFA	CCL19	0.73579	50.16	0.156	rgb(219,187,187)	1.9834	None
SPIB	TTYH2	0.73579	50.16	0.159	rgb(219,187,187)	1.9834	None
ETS1	NFRKB	-0.73261	50.14	-1.4E-01	rgb(186,198,222)	1.983	None
HIC1	AP3B2	-0.73261	50.14	-1.4E-01	rgb(186,198,222)	1.983	None
MAFA	SST	0.73261	50.14	0.136	rgb(218,191,191)	1.983	None
ZNF117	UBE2Q2P2	0.72942	50.13	0.135	rgb(218,191,192)	1.9828	2,2
NEUROD1	AMER3	0.72624	50.12	0.12	rgb(218,194,194)	1.9826	None
NR4A2	PTCH1	-0.72624	50.12	-1.2E-01	rgb(191,201,222)	1.9826	None
ISL1	SPC25	-0.72306	50.11	-1.1E-01	rgb(193,202,221)	1.9824	None
FEV	XKR7	-0.71987	50.1	-9.7E-02	rgb(196,204,221)	1.9822	None
MAFA	NDRG4	0.71987	50.1	0.096	rgb(218,199,199)	1.9822	None
PAX4	IFI44L	-0.71987	50.1	-9.7E-02	rgb(196,204,221)	1.9822	None
GATA2	CHL1	-0.71669	50.09	-9.1E-02	rgb(197,205,220)	1.982	None
ONECUT1	GCH1	0.71351	50.08	0.077	rgb(218,202,203)	1.9818	None
NKX2-2	STMN3	-0.71032	50.07	-7.1E-02	rgb(202,208,220)	1.9816	None
NR4A3	CYP27A1	-0.71032	50.07	-6.7E-02	rgb(202,208,220)	1.9816	None
ZFHX2	IFI6	-0.71032	50.07	-7.1E-02	rgb(201,208,220)	1.9816	None
RFX6	GPR142	0.70714	50.06	0.058	rgb(218,206,206)	1.9814	None
ZFHX2	ETV1	-0.70714	50.06	-5.8E-02	rgb(204,209,219)	1.9814	None
LMX1A	SYCP2	-0.70396	50.04	-4.1E-02	rgb(208,212,219)	1.981	None
ZFHX2	LMX1A	0.70396	50.04	0.04	rgb(217,209,209)	1.981	None
TEAD1	ADAM12	-0.70077	50.03	-3.4E-02	rgb(210,213,218)	1.9808	None
ZFHX2	CLCA1	0.70077	50.03	0.028	rgb(217,212,212)	1.9808	None
GATA4	GHRL	0.69759	50.01	0.011	rgb(217,215,215)	1.9804	None
LMX1A	TMEM70	-0.69759	50.01	-7.6E-03	rgb(215,216,217)	1.9804	None
ONECUT3	MYO3A	-0.69759	50.01	-1.0E-02	rgb(215,216,217)	1.9804	None
PAX4	GALNT16	0.69759	50.01	0.005	rgb(217,216,216)	1.9804	None
RFX3	RBP1	-0.69759	50.01	-1.1E-02	rgb(215,216,217)	1.9804	None
LMX1A	GLIS2	0.69441	50	0.002	rgb(217,217,217)	1.9802	None
MAFB	FAM227A	0.69123	49.9	0.899	rgb(227, 45, 47)	1.9782	None
RORC	C2CD4A	-0.69123	49.9	-9.0E-01	rgb( 22, 99,251)	1.9782	None
NEUROG3	KCNF1	0.69003	49.89	0.889	rgb(227, 47, 49)	1.978	None
PRDM16	MAGED1	0.69003	49.89	0.894	rgb(227, 46, 48)	1.978	None
NEUROD1	MUC16	-0.68884	49.88	-8.8E-01	rgb( 27,101,250)	1.9778	None
NEUROG3	CSF1R	0.68884	49.88	0.883	rgb(227, 48, 50)	1.9778	None
NEUROG3	TTYH2	0.68884	49.88	0.879	rgb(227, 49, 51)	1.9778	None
NKX2-2	SVOP	-0.68884	49.88	-8.8E-01	rgb( 26,101,251)	1.9778	None
RFX3	KCNH7	0.68884	49.88	0.883	rgb(227, 48, 50)	1.9778	None
HEYL	AK090700	-0.68764	49.87	-8.7E-01	rgb( 28,102,250)	1.9776	2,2
ISL1	ASIC1	0.68764	49.87	0.872	rgb(227, 50, 52)	1.9776	None
MAFA	LOC642366	0.68764	49.87	0.866	rgb(227, 52, 53)	1.9776	2,2
NEUROG3	LRIG1	0.68764	49.87	0.866	rgb(227, 52, 53)	1.9776	None
SMAD9	GRASP	0.68645	49.86	0.863	rgb(226, 52, 54)	1.9774	None
FEV	CCL19	0.68525	49.85	0.846	rgb(226, 55, 57)	1.9772	None
MAFB	BASP1	0.68525	49.85	0.848	rgb(226, 55, 57)	1.9772	None
NEUROG3	PHLDA2	0.68525	49.85	0.854	rgb(226, 54, 56)	1.9772	None
PDX1	FRMPD4	0.68525	49.85	0.849	rgb(226, 55, 56)	1.9772	None
SOX4	FAM227A	0.68525	49.85	0.851	rgb(226, 55, 56)	1.9772	None
TEAD1	NR4A3	-0.68525	49.85	-8.5E-01	rgb( 32,105,249)	1.9772	None
TFCP2L1	CPE	0.68525	49.85	0.848	rgb(226, 55, 57)	1.9772	None
ZFHX2	PTCH1	0.68525	49.85	0.849	rgb(226, 55, 57)	1.9772	None
GATA4	ID4	0.68406	49.84	0.843	rgb(226, 56, 58)	1.977	None
NEUROD1	NTNG2	0.68406	49.84	0.836	rgb(226, 57, 59)	1.977	None
PAX6	MBOAT4	-0.68406	49.84	-8.4E-01	rgb( 35,107,249)	1.977	None
RFX3	CLIP3	0.68406	49.84	0.839	rgb(226, 57, 58)	1.977	None
SOX4	APBB1	-0.68406	49.84	-8.4E-01	rgb( 35,107,249)	1.977	None
TEAD1	NEUROD2	-0.68406	49.84	-8.4E-01	rgb( 34,106,249)	1.977	None
ELF4	ID4	-0.68286	49.83	-8.3E-01	rgb( 37,108,248)	1.9768	None
HIC1	SPAG8	0.68286	49.83	0.83	rgb(226, 58, 60)	1.9768	None
NKX6-1	ELAVL4	-0.68286	49.83	-8.3E-01	rgb( 36,107,249)	1.9768	None
RFX6	TPH1	0.68286	49.83	0.835	rgb(226, 58, 59)	1.9768	None
TFCP2L1	EVA1A	0.68286	49.83	0.832	rgb(226, 58, 60)	1.9768	None
FOXA2	SSTR5-AS1	-0.68167	49.82	-8.2E-01	rgb( 40,109,248)	1.9766	None
RORC	EPHB3	-0.68167	49.82	-8.2E-01	rgb( 40,109,248)	1.9766	None
SMAD9	LDB1	0.68167	49.82	0.817	rgb(226, 61, 63)	1.9766	None
MYT1	FHL1	0.68167	49.82	0.816	rgb(226, 61, 63)	1.9766	2,2
ELF4	PLCXD3	-0.68047	49.81	-8.1E-01	rgb( 40,110,248)	1.9764	None
MAFB	PDE8B	0.68047	49.81	0.813	rgb(226, 62, 63)	1.9764	None
NEUROD1	LINC00261	0.68047	49.81	0.807	rgb(226, 63, 65)	1.9764	None
NEUROD2	KCNB2	0.68047	49.81	0.814	rgb(226, 62, 63)	1.9764	None
PAX6	AP3B2	-0.68047	49.81	-8.1E-01	rgb( 41,110,248)	1.9764	None
ATF6	PCSK1N	0.67928	49.8	0.802	rgb(226, 64, 65)	1.9762	2,2
GATA2	PDX1	0.67928	49.8	0.804	rgb(226, 63, 65)	1.9762	None
LMX1A	BIVM-ERCC5	-0.67928	49.8	-8.0E-01	rgb( 44,112,247)	1.9762	None
LMX1A	UNC5D	0.67928	49.8	0.804	rgb(226, 63, 65)	1.9762	None
NEUROG3	CBLN1	0.67928	49.8	0.8	rgb(226, 64, 66)	1.9762	None
NEUROG3	DNAJC12	0.67928	49.8	0.802	rgb(226, 64, 65)	1.9762	None
NR4A2	DOCK8	0.67928	49.8	0.795	rgb(226, 65, 67)	1.9762	None
PDX1	PCSK2	0.67928	49.8	0.802	rgb(226, 64, 65)	1.9762	None
MYT1	FFAR3	0.67928	49.8	0.795	rgb(226, 65, 67)	1.9762	2,2
EGR3	TMOD2	-0.67808	49.79	-7.9E-01	rgb( 45,112,247)	1.976	None
FOXA1	ITPR1	0.67808	49.79	0.795	rgb(226, 65, 67)	1.976	None
LMX1B	EFCC1	0.67808	49.79	0.791	rgb(226, 66, 67)	1.976	None
LMX1B	SMARCD2	-0.67808	49.79	-7.9E-01	rgb( 46,113,247)	1.976	None
NEUROD2	DOCK8	0.67808	49.79	0.787	rgb(226, 67, 68)	1.976	None
NEUROG3	EPHB3	0.67808	49.79	0.791	rgb(226, 66, 68)	1.976	None
NR4A2	ELAVL4	0.67808	49.79	0.792	rgb(226, 66, 67)	1.976	None
NR4A3	CDH22	-0.67808	49.79	-7.9E-01	rgb( 45,112,247)	1.976	None
PAX6	NOL4	-0.67808	49.79	-7.9E-01	rgb( 47,113,247)	1.976	None
RORC	IGFN1	-0.67808	49.79	-7.9E-01	rgb( 45,113,247)	1.976	None
RORC	INSRR	-0.67808	49.79	-7.9E-01	rgb( 46,113,247)	1.976	None
SMAD9	ZFHX2	0.67808	49.79	0.79	rgb(226, 66, 68)	1.976	None
SOX4	GGT5	0.67808	49.79	0.786	rgb(226, 67, 68)	1.976	None
SPIB	TSSK4	-0.67808	49.79	-7.9E-01	rgb( 46,113,247)	1.976	None
NPAS3	UNC13A	0.67808	49.79	0.794	rgb(226, 65, 67)	1.976	2,2
ZBTB4	AF090102	-0.67808	49.79	-7.9E-01	rgb( 47,113,247)	1.976	2,2
FEV	PTP4A3	0.67689	49.78	0.781	rgb(226, 68, 69)	1.9758	None
HSF2	IFI6	-0.67689	49.78	-7.8E-01	rgb( 49,115,246)	1.9758	None
NEUROD1	MPP2	0.67689	49.78	0.778	rgb(226, 68, 70)	1.9758	None
PAX6	RYBP	-0.67689	49.78	-7.8E-01	rgb( 49,115,246)	1.9758	None
RFX3	NACAD	0.67689	49.78	0.78	rgb(226, 68, 70)	1.9758	None
RFX6	PLXNC1	0.67689	49.78	0.783	rgb(226, 67, 69)	1.9758	None
AKNA	IPO11-LRRC70	-0.67689	49.78	-7.8E-01	rgb( 48,114,247)	1.9758	2,2
ZFP62	AX747535	0.67689	49.78	0.782	rgb(226, 68, 69)	1.9758	2,2
EGR3	BAALC	-0.67569	49.77	-7.7E-01	rgb( 49,115,246)	1.9756	None
ELF4	KCNB2	-0.67569	49.77	-7.7E-01	rgb( 50,115,246)	1.9756	None
ELF4	MAPK7	0.67569	49.77	0.774	rgb(226, 69, 71)	1.9756	None
ISL1	ONECUT2	0.67569	49.77	0.766	rgb(225, 71, 72)	1.9756	None
LMX1B	KDM1A	-0.67569	49.77	-7.7E-01	rgb( 50,116,246)	1.9756	None
TGIF2	PGA5	0.67569	49.77	0.77	rgb(225, 70, 71)	1.9756	None
EGR3	VOPP1	0.6745	49.76	0.763	rgb(225, 71, 73)	1.9754	None
NKX2-2	MAP3K12	-0.6745	49.76	-7.6E-01	rgb( 53,117,246)	1.9754	None
SOX4	CABP7	0.6745	49.76	0.762	rgb(225, 71, 73)	1.9754	None
SOX4	MAPK7	-0.6745	49.76	-7.6E-01	rgb( 52,117,246)	1.9754	None
SOX4	MYEF2	0.6745	49.76	0.764	rgb(225, 71, 73)	1.9754	None
ZFP92	S100A1	-0.6745	49.76	-7.6E-01	rgb( 53,117,246)	1.9754	None
ZNF846	UNC5D	-0.6745	49.76	-7.6E-01	rgb( 53,117,246)	1.9754	None
ATOH8	FLJ00385	0.6745	49.76	0.758	rgb(225, 72, 74)	1.9754	2,2
LMX1B	USP41	-0.6733	49.75	-7.5E-01	rgb( 54,118,246)	1.9752	None
NEUROD2	GRAP2	0.6733	49.75	0.745	rgb(225, 75, 76)	1.9752	None
NEUROG3	ATOH8	0.6733	49.75	0.75	rgb(225, 74, 75)	1.9752	None
NEUROG3	GLT8D2	0.6733	49.75	0.752	rgb(225, 73, 75)	1.9752	None
NHLH1	NR4A3	0.6733	49.75	0.748	rgb(225, 74, 76)	1.9752	None
SOX4	WNT9A	0.6733	49.75	0.748	rgb(225, 74, 76)	1.9752	None
ARX	AKNA	0.67211	49.74	0.737	rgb(225, 76, 78)	1.975	None
EGR3	ZFHX2	-0.67211	49.74	-7.4E-01	rgb( 56,119,245)	1.975	None
LMX1A	IFI6	-0.67211	49.74	-7.4E-01	rgb( 56,119,245)	1.975	None
LMX1B	H1FX-AS1	-0.67211	49.74	-7.4E-01	rgb( 57,120,245)	1.975	None
LMX1B	SNED1	0.67211	49.74	0.742	rgb(225, 75, 77)	1.975	None
MAFA	ETV1	0.67211	49.74	0.742	rgb(225, 75, 77)	1.975	None
MAFA	TMEM190	0.67211	49.74	0.74	rgb(225, 76, 77)	1.975	None
SOX4	REEP2	-0.67211	49.74	-7.4E-01	rgb( 56,119,245)	1.975	None
ST18	TCTEX1D4	0.67211	49.74	0.742	rgb(225, 75, 77)	1.975	None
TEAD1	VASH2	-0.67211	49.74	-7.4E-01	rgb( 57,120,245)	1.975	None
TGIF2	CRISP3	0.67211	49.74	0.74	rgb(225, 76, 77)	1.975	2,2
ZFHX2	NOL4	-0.67211	49.74	-7.4E-01	rgb( 56,119,245)	1.975	None
ARX	COL16A1	-0.67091	49.73	-7.3E-01	rgb( 59,121,245)	1.9748	None
LMX1B	ACTN3	-0.67091	49.73	-7.3E-01	rgb( 60,121,245)	1.9748	None
LMX1B	SIDT1	-0.67091	49.73	-7.3E-01	rgb( 59,121,245)	1.9748	None
MYRF	AL832439	-0.67091	49.73	-7.3E-01	rgb( 59,121,245)	1.9748	2,2
NEUROG3	CHGA	-0.67091	49.73	-7.3E-01	rgb( 59,121,245)	1.9748	None
PAX6	KCTD12	-0.67091	49.73	-7.3E-01	rgb( 58,120,245)	1.9748	None
PBX1	SIDT1	0.67091	49.73	0.725	rgb(225, 78, 80)	1.9748	None
PDX1	KLHL32	0.67091	49.73	0.728	rgb(225, 78, 79)	1.9748	None
PDX1	TTLL7	-0.67091	49.73	-7.3E-01	rgb( 59,121,245)	1.9748	None
SOX4	OLFML2B	0.67091	49.73	0.731	rgb(225, 77, 79)	1.9748	None
ZFHX2	BIVM-ERCC5	0.67091	49.73	0.73	rgb(225, 78, 79)	1.9748	None
EGR3	PLCXD3	-0.66972	49.72	-7.2E-01	rgb( 60,122,244)	1.9746	None
LMX1B	CPB1	0.66972	49.72	0.716	rgb(225, 80, 82)	1.9746	None
LMX1B	ITPR1	-0.66972	49.72	-7.2E-01	rgb( 61,122,244)	1.9746	None
LMX1B	LMX1A	0.66972	49.72	0.715	rgb(225, 80, 82)	1.9746	None
TFCP2L1	PPP1R3C	0.66972	49.72	0.719	rgb(225, 80, 81)	1.9746	None
ETS1	CCDC146	-0.66853	49.71	-7.1E-01	rgb( 63,123,244)	1.9744	None
ISL1	CENPE	0.66853	49.71	0.706	rgb(225, 82, 83)	1.9744	None
LHX1	HOMEZ	0.66853	49.71	0.714	rgb(225, 81, 82)	1.9744	None
MAFA	LOC283731	0.66853	49.71	0.708	rgb(225, 82, 83)	1.9744	2,2
NEUROD2	CLCNKA	0.66853	49.71	0.714	rgb(225, 81, 82)	1.9744	None
NKX6-1	MLXIPL	-0.66853	49.71	-7.1E-01	rgb( 63,124,244)	1.9744	None
POU2F2	MRPL34	-0.66853	49.71	-7.1E-01	rgb( 63,123,244)	1.9744	None
TFCP2L1	CRLF1	0.66853	49.71	0.711	rgb(225, 81, 83)	1.9744	None
ZNF846	BAMBI	0.66853	49.71	0.71	rgb(225, 81, 83)	1.9744	None
ARX	RGS9	-0.66733	49.7	-7.0E-01	rgb( 66,125,243)	1.9742	None
ATF6	SYN1	0.66733	49.7	0.703	rgb(225, 83, 84)	1.9742	None
ELF4	UCN3	-0.66733	49.7	-7.0E-01	rgb( 64,124,244)	1.9742	None
GATA6	EMB	0.66733	49.7	0.703	rgb(225, 83, 84)	1.9742	None
HSF2	CCND2	0.66733	49.7	0.698	rgb(225, 84, 85)	1.9742	None
HSF2	KCNJ2	-0.66733	49.7	-7.0E-01	rgb( 64,124,244)	1.9742	None
HSF2	MAP3K12	-0.66733	49.7	-7.0E-01	rgb( 65,124,244)	1.9742	None
MAFA	TPPP3	0.66733	49.7	0.703	rgb(225, 83, 84)	1.9742	None
MAFB	KCNK17	0.66733	49.7	0.702	rgb(225, 83, 84)	1.9742	None
MAFB	SERF2-C15ORF63	-0.66733	49.7	-7.0E-01	rgb( 66,125,243)	1.9742	2,2
NR4A3	CRLF1	-0.66733	49.7	-7.0E-01	rgb( 65,124,244)	1.9742	None
ONECUT2	SLC51B	-0.66733	49.7	-7.0E-01	rgb( 64,124,244)	1.9742	None
RFX6	NOTUM	-0.66733	49.7	-7.0E-01	rgb( 64,124,244)	1.9742	None
SOX4	RTN1	-0.66733	49.7	-7.0E-01	rgb( 66,125,243)	1.9742	None
TFCP2L1	PDZD4	0.66733	49.7	0.704	rgb(225, 83, 84)	1.9742	None
ZFHX2	GCH1	-0.66733	49.7	-7.0E-01	rgb( 65,124,244)	1.9742	None
ZNF846	DPYSL3	0.66733	49.7	0.704	rgb(225, 82, 84)	1.9742	None
SIM1	IFI44L	0.66733	49.7	0.696	rgb(225, 84, 85)	1.9742	2,2
EGR3	MDK	-0.66614	49.69	-6.9E-01	rgb( 68,126,243)	1.974	None
ETS1	CAND2	0.66614	49.69	0.685	rgb(225, 86, 88)	1.974	None
GATA4	NDRG4	0.66614	49.69	0.687	rgb(225, 86, 87)	1.974	None
HSF2	CRY2	-0.66614	49.69	-6.9E-01	rgb( 67,126,243)	1.974	None
MAFA	SFRP1	0.66614	49.69	0.686	rgb(225, 86, 87)	1.974	None
ONECUT1	TEAD1	0.66614	49.69	0.688	rgb(225, 86, 87)	1.974	None
ONECUT2	PMP22	0.66614	49.69	0.686	rgb(225, 86, 87)	1.974	None
SOX4	CHGA	-0.66614	49.69	-6.9E-01	rgb( 66,125,243)	1.974	None
SPIB	GDF1	0.66614	49.69	0.695	rgb(225, 84, 86)	1.974	None
MYT1	FAM181B	0.66614	49.69	0.692	rgb(225, 85, 86)	1.974	2,2
EGR3	AMER3	-0.66494	49.68	-6.8E-01	rgb( 70,128,243)	1.9738	None
ETV1	SLC26A7	-0.66494	49.68	-6.8E-01	rgb( 70,127,243)	1.9738	None
HIC1	BC006435	-0.66494	49.68	-6.8E-01	rgb( 70,128,243)	1.9738	2,2
LMX1A	LEFTY1	-0.66494	49.68	-6.8E-01	rgb( 70,127,243)	1.9738	None
LMX1A	TSNAX-DISC1	0.66494	49.68	0.676	rgb(224, 88, 89)	1.9738	None
MAFA	PLXNC1	0.66494	49.68	0.682	rgb(225, 87, 88)	1.9738	None
MAFB	ACTL6B	0.66494	49.68	0.676	rgb(224, 88, 89)	1.9738	None
NEUROG3	PTCH1	0.66494	49.68	0.684	rgb(225, 86, 88)	1.9738	None
SPIB	WNK3	0.66494	49.68	0.683	rgb(225, 87, 88)	1.9738	None
ZFHX2	CES1	-0.66494	49.68	-6.8E-01	rgb( 69,127,243)	1.9738	2,2
EGR3	NCS1	-0.66375	49.67	-6.7E-01	rgb( 71,128,242)	1.9736	None
ELF4	CRYBA2	-0.66375	49.67	-6.7E-01	rgb( 72,129,242)	1.9736	None
INSM1	PGA5	-0.66375	49.67	-6.7E-01	rgb( 71,128,242)	1.9736	None
LMX1B	KCNK17	0.66375	49.67	0.665	rgb(224, 90, 91)	1.9736	None
MAFA	MIR7-3HG	0.66375	49.67	0.672	rgb(224, 89, 90)	1.9736	None
MAFA	ZMYM2	0.66375	49.67	0.672	rgb(224, 89, 90)	1.9736	None
NEUROD2	SPINK4	0.66375	49.67	0.675	rgb(224, 88, 89)	1.9736	None
NEUROG3	TMEM61	0.66375	49.67	0.668	rgb(224, 89, 91)	1.9736	None
NKX2-2	ASRGL1	0.66375	49.67	0.675	rgb(224, 88, 89)	1.9736	None
PAX6	FAM131B	-0.66375	49.67	-6.7E-01	rgb( 71,128,243)	1.9736	None
PRDM16	TRIM35	0.66375	49.67	0.67	rgb(224, 89, 90)	1.9736	None
SMAD9	GNAO1	0.66375	49.67	0.675	rgb(224, 88, 90)	1.9736	None
SOX4	PDGFD	-0.66375	49.67	-6.7E-01	rgb( 71,128,243)	1.9736	None
TEAD1	SAMD14	-0.66375	49.67	-6.7E-01	rgb( 71,128,243)	1.9736	None
TFCP2L1	SMOC2	0.66375	49.67	0.673	rgb(224, 88, 90)	1.9736	None
ARX	GABBR2	-0.66255	49.66	-6.6E-01	rgb( 74,130,242)	1.9734	None
EGR3	GPC2	-0.66255	49.66	-6.6E-01	rgb( 74,130,242)	1.9734	None
GATA4	CAMKV	0.66255	49.66	0.659	rgb(224, 91, 93)	1.9734	None
HIF1A	BRSK2	-0.66255	49.66	-6.6E-01	rgb( 73,129,242)	1.9734	None
LMX1B	FLT1	-0.66255	49.66	-6.6E-01	rgb( 73,130,242)	1.9734	None
LMX1B	SVOP	0.66255	49.66	0.663	rgb(224, 90, 92)	1.9734	None
MAFB	MUC16	0.66255	49.66	0.66	rgb(224, 91, 92)	1.9734	None
NEUROD2	FAM105A	0.66255	49.66	0.663	rgb(224, 90, 92)	1.9734	2,2
NEUROG3	RCOR2	0.66255	49.66	0.664	rgb(224, 90, 92)	1.9734	None
NKX6-1	SLC7A14	-0.66255	49.66	-6.6E-01	rgb( 75,130,242)	1.9734	None
NR4A3	SCN3B	0.66255	49.66	0.663	rgb(224, 90, 92)	1.9734	None
ONECUT1	DKFZP434K028	0.66255	49.66	0.664	rgb(224, 90, 91)	1.9734	2,2
ONECUT1	HIP1	0.66255	49.66	0.664	rgb(224, 90, 92)	1.9734	None
ONECUT3	BASP1	-0.66255	49.66	-6.6E-01	rgb( 74,130,242)	1.9734	None
PRDM16	CABP7	-0.66255	49.66	-6.6E-01	rgb( 75,130,242)	1.9734	None
PRDM16	SLC51B	-0.66255	49.66	-6.6E-01	rgb( 73,129,242)	1.9734	None
ZFP82	BC006435	-0.66255	49.66	-6.6E-01	rgb( 74,130,242)	1.9734	2,2
ZNF117	AK128559	0.66255	49.66	0.658	rgb(224, 91, 93)	1.9734	2,2
ARX	LAPTM5	-0.66136	49.65	-6.5E-01	rgb( 76,132,242)	1.9732	None
EGR3	SOX4	-0.66136	49.65	-6.5E-01	rgb( 76,131,242)	1.9732	None
ELF4	SCT	-0.66136	49.65	-6.5E-01	rgb( 75,131,242)	1.9732	None
ETV1	ATF5	0.66136	49.65	0.649	rgb(224, 93, 94)	1.9732	None
GATA4	PDZD4	0.66136	49.65	0.651	rgb(224, 93, 94)	1.9732	None
PDX1	PRRT3	-0.66136	49.65	-6.5E-01	rgb( 77,132,242)	1.9732	None
PRDM16	MTSS1	-0.66136	49.65	-6.5E-01	rgb( 76,131,242)	1.9732	None
SMAD9	BSN	0.66136	49.65	0.65	rgb(224, 93, 94)	1.9732	None
TEAD1	FRZB	-0.66136	49.65	-6.5E-01	rgb( 76,131,242)	1.9732	2,2
ETS1	MLXIPL	-0.66016	49.64	-6.4E-01	rgb( 79,133,241)	1.973	None
LHX1	FAM19A5	-0.66016	49.64	-6.4E-01	rgb( 78,132,241)	1.973	2,2
LHX1	SHC3	-0.66016	49.64	-6.4E-01	rgb( 78,132,241)	1.973	None
LMX1A	TTR	-0.66016	49.64	-6.4E-01	rgb( 77,132,242)	1.973	None
MAFA	ITGA7	0.66016	49.64	0.639	rgb(224, 95, 96)	1.973	None
NEUROD1	SCGN	0.66016	49.64	0.64	rgb(224, 95, 96)	1.973	None
NR4A2	DLL1	0.66016	49.64	0.639	rgb(224, 95, 96)	1.973	None
PAX4	GRASP	-0.66016	49.64	-6.4E-01	rgb( 78,133,241)	1.973	None
PAX6	DACH1	-0.66016	49.64	-6.4E-01	rgb( 77,132,241)	1.973	None
PAX6	DEFB1	-0.66016	49.64	-6.4E-01	rgb( 77,132,241)	1.973	None
RFX2	UCP2	0.66016	49.64	0.64	rgb(224, 95, 96)	1.973	None
RFX6	MTUS2	0.66016	49.64	0.642	rgb(224, 94, 96)	1.973	None
RORC	GDAP1	-0.66016	49.64	-6.4E-01	rgb( 78,133,241)	1.973	None
TP73	PDE8B	-0.66016	49.64	-6.4E-01	rgb( 78,132,241)	1.973	None
NPAS3	DBC1	0.66016	49.64	0.636	rgb(224, 96, 97)	1.973	2,2
ARX	TUBB3	-0.65897	49.63	-6.3E-01	rgb( 80,134,241)	1.9728	None
FOXA2	LYPD8	-0.65897	49.63	-6.3E-01	rgb( 80,134,241)	1.9728	2,2
HIC1	GATA4	0.65897	49.63	0.629	rgb(224, 97, 98)	1.9728	None
HIF1A	LGR6	-0.65897	49.63	-6.3E-01	rgb( 81,134,241)	1.9728	None
HSF2	CACNA1E	-0.65897	49.63	-6.3E-01	rgb( 80,134,241)	1.9728	None
HSF2	FAM131B	-0.65897	49.63	-6.3E-01	rgb( 80,134,241)	1.9728	None
MAFA	CERKL	0.65897	49.63	0.629	rgb(224, 97, 98)	1.9728	None
MAFA	PGA3	0.65897	49.63	0.633	rgb(224, 96, 97)	1.9728	None
NR4A2	BC020343	-0.65897	49.63	-6.3E-01	rgb( 81,134,241)	1.9728	2,2
ONECUT1	AK125858	0.65897	49.63	0.63	rgb(224, 97, 98)	1.9728	2,2
ONECUT1	BCL2	0.65897	49.63	0.634	rgb(224, 96, 97)	1.9728	None
PAX6	GPR148	-0.65897	49.63	-6.3E-01	rgb( 80,134,241)	1.9728	None
PDX1	ARHGAP9	-0.65897	49.63	-6.3E-01	rgb( 80,134,241)	1.9728	None
TFCP2L1	TMEM35	0.65897	49.63	0.629	rgb(224, 97, 98)	1.9728	2,2
ZNF519	TEAD1	0.65897	49.63	0.629	rgb(224, 97, 98)	1.9728	None
MYT1	DBC1	0.65897	49.63	0.629	rgb(224, 97, 98)	1.9728	2,2
EGR3	NKTR	-0.65777	49.62	-6.2E-01	rgb( 83,135,241)	1.9726	None
ELF4	SCGN	-0.65777	49.62	-6.2E-01	rgb( 84,136,240)	1.9726	None
HSF2	FSD1	-0.65777	49.62	-6.2E-01	rgb( 82,135,241)	1.9726	None
LMX1A	AK125960	0.65777	49.62	0.622	rgb(224, 98, 99)	1.9726	2,2
LMX1B	TMEM196	0.65777	49.62	0.616	rgb(224, 99,101)	1.9726	None
NR4A3	LSP1	-0.65777	49.62	-6.2E-01	rgb( 82,135,241)	1.9726	None
POU6F1	METTL21EP	0.65777	49.62	0.621	rgb(224, 98,100)	1.9726	None
PRDM16	DLL4	-0.65777	49.62	-6.2E-01	rgb( 83,136,240)	1.9726	None
RFX6	CALY	0.65777	49.62	0.623	rgb(224, 98, 99)	1.9726	None
RFX6	CCDC40	0.65777	49.62	0.618	rgb(224, 99,100)	1.9726	None
SPIB	GHRL	0.65777	49.62	0.622	rgb(224, 98, 99)	1.9726	None
TEAD1	MICAL2	0.65777	49.62	0.621	rgb(224, 98,100)	1.9726	None
TGIF2	LINC00643	0.65777	49.62	0.617	rgb(224, 99,100)	1.9726	None
ZNF117	AK130076	0.65777	49.62	0.622	rgb(224, 98, 99)	1.9726	2,2
EGR3	SSTR3	0.65658	49.61	0.614	rgb(224,100,101)	1.9724	None
ETV1	CERS1	0.65658	49.61	0.609	rgb(224,101,102)	1.9724	None
HIC1	AX747158	-0.65658	49.61	-6.1E-01	rgb( 84,136,240)	1.9724	2,2
HIC1	PRKCG	-0.65658	49.61	-6.1E-01	rgb( 84,136,240)	1.9724	None
LHX1	USP32P2	-0.65658	49.61	-6.1E-01	rgb( 85,137,240)	1.9724	None
LMX1B	ZNRF3-AS1	0.65658	49.61	0.613	rgb(224,100,101)	1.9724	None
MAFF	CDHR1	-0.65658	49.61	-6.1E-01	rgb( 84,136,240)	1.9724	2,2
PAX4	SMARCD2	0.65658	49.61	0.612	rgb(224,100,101)	1.9724	None
PAX6	AKT3	-0.65658	49.61	-6.1E-01	rgb( 85,136,240)	1.9724	None
PBX1	HES6	0.65658	49.61	0.608	rgb(224,101,102)	1.9724	None
PBX1	PCSK1	-0.65658	49.61	-6.1E-01	rgb( 84,136,240)	1.9724	None
SPIB	KIF19	-0.65658	49.61	-6.1E-01	rgb( 85,137,240)	1.9724	None
ZFHX2	POM121L9P	0.65658	49.61	0.614	rgb(224,100,101)	1.9724	None
ZFP28	SLC38A5	-0.65658	49.61	-6.1E-01	rgb( 85,137,240)	1.9724	None
ZNF492	DLGAP3	-0.65658	49.61	-6.1E-01	rgb( 84,136,240)	1.9724	None
ARNT2	ASRGL1	-0.65538	49.6	-6.0E-01	rgb( 87,138,240)	1.9722	None
ELF4	OLFML2B	0.65538	49.6	0.601	rgb(224,102,103)	1.9722	None
HIC1	AK054970	-0.65538	49.6	-6.0E-01	rgb( 87,138,240)	1.9722	2,2
LMX1A	GPR162	-0.65538	49.6	-6.0E-01	rgb( 86,137,240)	1.9722	None
LMX1B	IFI6	0.65538	49.6	0.603	rgb(224,102,103)	1.9722	None
LMX1B	SMOC2	-0.65538	49.6	-6.0E-01	rgb( 86,138,240)	1.9722	None
MAFB	FAM71E2	0.65538	49.6	0.597	rgb(224,103,104)	1.9722	None
NEUROG3	NPSR1-AS1	0.65538	49.6	0.6	rgb(224,102,104)	1.9722	None
ONECUT2	CD300LF	-0.65538	49.6	-6.0E-01	rgb( 87,138,240)	1.9722	None
ONECUT3	SUCNR1	0.65538	49.6	0.597	rgb(224,103,104)	1.9722	2,2
TEAD1	GPBAR1	-0.65538	49.6	-6.0E-01	rgb( 88,138,240)	1.9722	None
TFCP2L1	SCN3B	0.65538	49.6	0.599	rgb(224,103,104)	1.9722	None
TFCP2L1	TMEM61	0.65538	49.6	0.603	rgb(224,102,103)	1.9722	None
ZFHX2	KIF5C	-0.65538	49.6	-6.0E-01	rgb( 87,138,240)	1.9722	2,2
ZFP62	PP7080	-0.65538	49.6	-6.0E-01	rgb( 88,138,240)	1.9722	2,2
EGR3	NTNG2	-0.65419	49.59	-5.9E-01	rgb( 90,140,239)	1.972	None
FOXA2	KCNK16	-0.65419	49.59	-5.9E-01	rgb( 89,139,239)	1.972	None
FOXA2	MUC16	0.65419	49.59	0.594	rgb(224,103,105)	1.972	None
LMX1A	AX747775	0.65419	49.59	0.595	rgb(224,103,105)	1.972	2,2
LMX1A	GAP43	-0.65419	49.59	-5.9E-01	rgb( 88,139,240)	1.972	None
LMX1B	KCNJ6	0.65419	49.59	0.587	rgb(223,105,106)	1.972	None
MAFA	SIM1	0.65419	49.59	0.587	rgb(223,105,106)	1.972	None
NEUROD1	CD99L2	0.65419	49.59	0.593	rgb(224,104,105)	1.972	None
NKX2-2	SH3RF3-AS1	-0.65419	49.59	-5.9E-01	rgb( 90,140,239)	1.972	None
NR4A2	ST18	0.65419	49.59	0.591	rgb(224,104,105)	1.972	None
PRDM16	FUT7	-0.65419	49.59	-5.9E-01	rgb( 88,139,240)	1.972	None
SOX4	SEZ6	-0.65419	49.59	-5.9E-01	rgb( 89,139,239)	1.972	None
TEAD1	AKNA	0.65419	49.59	0.593	rgb(224,104,105)	1.972	None
TEAD1	SCUBE1	-0.65419	49.59	-5.9E-01	rgb( 89,139,239)	1.972	None
ZNF117	CR627394	0.65419	49.59	0.589	rgb(223,104,106)	1.972	2,2
ELF4	CHRM4	-0.65299	49.58	-5.8E-01	rgb( 91,140,239)	1.9718	None
GATA2	GHRL	0.65299	49.58	0.578	rgb(223,107,108)	1.9718	None
HIC1	BC010924	-0.65299	49.58	-5.8E-01	rgb( 91,140,239)	1.9718	2,2
HIC1	LINC00907	-0.65299	49.58	-5.8E-01	rgb( 91,140,239)	1.9718	2,2
LHX1	MTUS2	-0.65299	49.58	-5.8E-01	rgb( 91,140,239)	1.9718	None
LTF	ADAM20P1	0.65299	49.58	0.582	rgb(223,106,107)	1.9718	2,2
LTF	LOC727896	0.65299	49.58	0.581	rgb(223,106,107)	1.9718	2,2
MAFA	FAM71E2	-0.65299	49.58	-5.8E-01	rgb( 91,140,239)	1.9718	None
MAFA	GABRB3	0.65299	49.58	0.581	rgb(223,106,107)	1.9718	2,2
MAFF	CAMK1G	0.65299	49.58	0.584	rgb(223,105,107)	1.9718	None
NEUROG3	WNT9A	0.65299	49.58	0.578	rgb(223,107,108)	1.9718	None
PAX6	CNGA3	-0.65299	49.58	-5.8E-01	rgb( 91,140,239)	1.9718	None
PBX1	AK316092	0.65299	49.58	0.581	rgb(223,106,107)	1.9718	2,2
PBX1	ZDHHC8P1	-0.65299	49.58	-5.8E-01	rgb( 92,141,239)	1.9718	None
PDX1	SPP1	-0.65299	49.58	-5.8E-01	rgb( 91,141,239)	1.9718	None
RFX6	FAXC	0.65299	49.58	0.584	rgb(223,105,107)	1.9718	None
RORC	SPP1	-0.65299	49.58	-5.8E-01	rgb( 92,141,239)	1.9718	None
ARNT2	NFRKB	0.6518	49.57	0.569	rgb(223,108,109)	1.9716	None
ELF4	KANK2	-0.6518	49.57	-5.7E-01	rgb( 92,141,239)	1.9716	None
ELF4	KCNK16	-0.6518	49.57	-5.7E-01	rgb( 94,142,239)	1.9716	None
ETS1	CORO2B	0.6518	49.57	0.572	rgb(223,108,109)	1.9716	None
HIF1A	ZNF382	-0.6518	49.57	-5.7E-01	rgb( 94,142,238)	1.9716	2,2
LMX1B	HCN4	0.6518	49.57	0.567	rgb(223,109,110)	1.9716	None
MAFA	KCNH3	0.6518	49.57	0.569	rgb(223,108,110)	1.9716	None
NEUROG3	TCEAL1	0.6518	49.57	0.568	rgb(223,108,110)	1.9716	None
PAX6	TENM2	-0.6518	49.57	-5.7E-01	rgb( 94,142,239)	1.9716	None
PBX1	CACNA1A	-0.6518	49.57	-5.7E-01	rgb( 93,142,239)	1.9716	None
PRDM16	NRXN2	-0.6518	49.57	-5.7E-01	rgb( 93,141,239)	1.9716	None
PRDM16	PRDM16	0.6518	49.57	0.573	rgb(223,108,109)	1.9716	None
PRDM16	UNC13A	-0.6518	49.57	-5.7E-01	rgb( 93,141,239)	1.9716	None
RORC	EPHA8	0.6518	49.57	0.571	rgb(223,108,109)	1.9716	None
TEAD1	ATP8B2	-0.6518	49.57	-5.7E-01	rgb( 93,141,239)	1.9716	None
TEAD1	RAB26	-0.6518	49.57	-5.7E-01	rgb( 92,141,239)	1.9716	None
ZFHX2	LIMCH1	-0.6518	49.57	-5.7E-01	rgb( 92,141,239)	1.9716	None
ZNF846	ADORA2A	-0.6518	49.57	-5.7E-01	rgb( 93,141,239)	1.9716	2,2
ATF6	SCT	0.6506	49.56	0.558	rgb(223,110,111)	1.9714	None
ELF4	LONRF2	-0.6506	49.56	-5.6E-01	rgb( 96,143,238)	1.9714	None
ELF4	S100A1	-0.6506	49.56	-5.6E-01	rgb( 95,143,238)	1.9714	None
GATA2	CERKL	0.6506	49.56	0.559	rgb(223,110,111)	1.9714	None
HIC1	AX746617	-0.6506	49.56	-5.6E-01	rgb( 96,144,238)	1.9714	2,2
HSF2	PGF	-0.6506	49.56	-5.6E-01	rgb( 96,144,238)	1.9714	None
LHX1	PKIA	-0.6506	49.56	-5.6E-01	rgb( 96,143,238)	1.9714	None
MLXIPL	ID2	-0.6506	49.56	-5.6E-01	rgb( 96,143,238)	1.9714	None
NEUROD2	PNMAL1	0.6506	49.56	0.56	rgb(223,110,111)	1.9714	2,2
NKX6-1	SDK1	0.6506	49.56	0.559	rgb(223,110,111)	1.9714	None
PAX4	POU2F2	-0.6506	49.56	-5.6E-01	rgb( 96,144,238)	1.9714	None
RFX2	SPIB	0.6506	49.56	0.565	rgb(223,109,110)	1.9714	None
RFX6	RGAG4	0.6506	49.56	0.56	rgb(223,110,111)	1.9714	2,2
SOX4	PELI3	-0.6506	49.56	-5.6E-01	rgb( 95,143,238)	1.9714	None
TFCP2L1	FAM135B	0.6506	49.56	0.562	rgb(223,110,111)	1.9714	None
ZFHX2	SCGN	-0.6506	49.56	-5.6E-01	rgb( 95,143,238)	1.9714	None
ZNF846	MLN	-0.6506	49.56	-5.6E-01	rgb( 95,143,238)	1.9714	None
MYT1	GPR112	0.6506	49.56	0.558	rgb(223,110,111)	1.9714	2,2
SIM1	DCX	0.6506	49.56	0.56	rgb(223,110,111)	1.9714	2,2
EGR3	CAMK1G	-0.64941	49.55	-5.5E-01	rgb( 99,145,238)	1.9712	None
ELF4	APLP1	-0.64941	49.55	-5.5E-01	rgb( 98,144,238)	1.9712	None
ETS1	FKBP7	0.64941	49.55	0.553	rgb(223,111,112)	1.9712	None
HSF2	TPPP3	-0.64941	49.55	-5.5E-01	rgb( 97,144,238)	1.9712	None
HSF2	ZCCHC18	-0.64941	49.55	-5.5E-01	rgb( 98,145,238)	1.9712	None
MLXIPL	TSSK4	-0.64941	49.55	-5.5E-01	rgb( 99,145,238)	1.9712	None
NEUROG3	DPYSL3	0.64941	49.55	0.554	rgb(223,111,112)	1.9712	None
NR4A2	ENPP1	0.64941	49.55	0.552	rgb(223,112,113)	1.9712	None
PBX1	GRIK5	-0.64941	49.55	-5.5E-01	rgb( 98,144,238)	1.9712	None
PBX1	HEYL	0.64941	49.55	0.554	rgb(223,111,112)	1.9712	None
TEAD1	DEFB1	-0.64941	49.55	-5.5E-01	rgb( 99,145,238)	1.9712	None
ZFHX2	FHL1	-0.64941	49.55	-5.5E-01	rgb( 97,144,238)	1.9712	2,2
ZNF846	DNAH11	-0.64941	49.55	-5.5E-01	rgb( 99,145,238)	1.9712	None
SIM1	ASCL1	0.64941	49.55	0.552	rgb(223,112,113)	1.9712	2,2
ZFP62	AX748285	0.64941	49.55	0.549	rgb(223,112,113)	1.9712	2,2
ARX	PAPPA2	0.64822	49.54	0.537	rgb(223,114,115)	1.971	None
LHX1	FJX1	-0.64822	49.54	-5.4E-01	rgb(100,146,238)	1.971	None
MAFA	CDHR3	0.64822	49.54	0.539	rgb(223,114,115)	1.971	None
NKX6-1	TRIM24	0.64822	49.54	0.544	rgb(223,113,114)	1.971	None
NR4A2	GPR162	0.64822	49.54	0.543	rgb(223,113,114)	1.971	None
PAX6	DPYSL4	-0.64822	49.54	-5.4E-01	rgb(100,146,237)	1.971	None
PAX6	GABBR2	-0.64822	49.54	-5.4E-01	rgb( 99,145,238)	1.971	None
PBX1	EPHB3	0.64822	49.54	0.539	rgb(223,114,115)	1.971	None
TFCP2L1	SOGA3	0.64822	49.54	0.536	rgb(223,115,116)	1.971	None
ZFHX2	AEBP1	-0.64822	49.54	-5.4E-01	rgb(100,146,237)	1.971	None
ZFP82	ETS1	0.64822	49.54	0.537	rgb(223,114,116)	1.971	None
ZNF492	MSMB	-0.64822	49.54	-5.4E-01	rgb(100,146,238)	1.971	None
ZNF846	HECW2	0.64822	49.54	0.545	rgb(223,113,114)	1.971	None
ARNT2	RYBP	0.64702	49.53	0.533	rgb(223,115,116)	1.9708	None
EGR3	NEFL	0.64702	49.53	0.53	rgb(223,116,117)	1.9708	None
ETS1	COL10A1	-0.64702	49.53	-5.3E-01	rgb(103,147,237)	1.9708	None
HIC1	ABCC9	-0.64702	49.53	-5.3E-01	rgb(101,147,237)	1.9708	2,2
HIF1A	SAP30	0.64702	49.53	0.527	rgb(223,116,117)	1.9708	None
LMX1B	TMEM132B	0.64702	49.53	0.525	rgb(223,117,118)	1.9708	None
MAFA	ST6GALNAC5	0.64702	49.53	0.526	rgb(223,117,118)	1.9708	None
NEUROG3	LZTS1	0.64702	49.53	0.533	rgb(223,115,116)	1.9708	None
ONECUT1	AX747756	0.64702	49.53	0.528	rgb(223,116,117)	1.9708	2,2
PDX1	ADCY1	-0.64702	49.53	-5.3E-01	rgb(103,148,237)	1.9708	None
PRDM16	KCNJ2	-0.64702	49.53	-5.3E-01	rgb(103,148,237)	1.9708	None
RFX2	CAMK2B	0.64702	49.53	0.534	rgb(223,115,116)	1.9708	None
SPIB	FAM131B	0.64702	49.53	0.526	rgb(223,117,118)	1.9708	None
ZFHX2	CACNA1A	-0.64702	49.53	-5.3E-01	rgb(102,147,237)	1.9708	None
ZFHX2	HMGB3	0.64702	49.53	0.532	rgb(223,115,116)	1.9708	None
ZNF846	CDK5R2	-0.64702	49.53	-5.3E-01	rgb(101,147,237)	1.9708	None
FEV	JAM3	0.64583	49.52	0.517	rgb(223,118,119)	1.9706	None
HSF2	ACSS3	-0.64583	49.52	-5.2E-01	rgb(104,149,237)	1.9706	None
HSF2	CAMKV	-0.64583	49.52	-5.2E-01	rgb(105,149,237)	1.9706	None
LHX1	RGS16	-0.64583	49.52	-5.2E-01	rgb(105,149,237)	1.9706	None
LMX1A	CERKL	-0.64583	49.52	-5.2E-01	rgb(104,148,237)	1.9706	None
NKX2-2	EIF4EBP3	0.64583	49.52	0.52	rgb(223,118,119)	1.9706	None
NKX6-1	CCK	-0.64583	49.52	-5.2E-01	rgb(104,148,237)	1.9706	None
NR4A2	SLC7A14	-0.64583	49.52	-5.2E-01	rgb(104,148,237)	1.9706	None
PRDM16	CDK5R2	-0.64583	49.52	-5.2E-01	rgb(104,148,237)	1.9706	None
TEAD1	KCNE4	-0.64583	49.52	-5.2E-01	rgb(104,148,237)	1.9706	None
ZNF117	N4BP2L2-IT2	0.64583	49.52	0.518	rgb(223,118,119)	1.9706	2,2
GATA2	ANKRD13B	0.64463	49.51	0.506	rgb(223,120,121)	1.9704	None
GATA2	C7	0.64463	49.51	0.506	rgb(223,120,121)	1.9704	None
LHX1	TMEM70	-0.64463	49.51	-5.1E-01	rgb(106,149,237)	1.9704	None
MAFA	AK096718	0.64463	49.51	0.509	rgb(223,120,121)	1.9704	2,2
MAFA	NTNG2	-0.64463	49.51	-5.1E-01	rgb(107,150,236)	1.9704	None
MAFF	UBE2Q2P2	-0.64463	49.51	-5.1E-01	rgb(107,150,236)	1.9704	2,2
MYRF	AMBP	0.64463	49.51	0.512	rgb(223,119,120)	1.9704	None
NR4A2	CDH22	0.64463	49.51	0.513	rgb(223,119,120)	1.9704	None
NR4A2	FUT7	0.64463	49.51	0.511	rgb(223,119,120)	1.9704	None
PRDM16	VWCE	0.64463	49.51	0.515	rgb(223,119,120)	1.9704	None
TFCP2L1	SBK1	0.64463	49.51	0.508	rgb(223,120,121)	1.9704	None
TP73	TSPAN11	0.64463	49.51	0.505	rgb(223,120,121)	1.9704	None
ELF4	PHLDA2	0.64344	49.5	0.498	rgb(222,122,123)	1.9702	None
ELF4	PODXL2	-0.64344	49.5	-5.0E-01	rgb(109,151,236)	1.9702	None
ETS1	NOXO1	-0.64344	49.5	-5.0E-01	rgb(107,150,236)	1.9702	None
HIC1	ZNF382	-0.64344	49.5	-5.0E-01	rgb(108,151,236)	1.9702	2,2
LTF	CR627225	0.64344	49.5	0.496	rgb(222,122,123)	1.9702	2,2
NR4A2	FGF14	0.64344	49.5	0.504	rgb(223,121,122)	1.9702	None
NR4A2	GOLGA7B	0.64344	49.5	0.497	rgb(222,122,123)	1.9702	None
ONECUT1	NHSL2	0.64344	49.5	0.501	rgb(223,121,122)	1.9702	None
ONECUT2	KDM1A	0.64344	49.5	0.503	rgb(223,121,122)	1.9702	None
PAX6	SPP1	-0.64344	49.5	-5.0E-01	rgb(108,151,236)	1.9702	None
PDX1	LINGO1	-0.64344	49.5	-5.0E-01	rgb(109,152,236)	1.9702	None
POU6F1	CYP4F24P	0.64344	49.5	0.499	rgb(222,122,123)	1.9702	None
SMAD9	CELSR3	0.64344	49.5	0.502	rgb(223,121,122)	1.9702	None
SOX4	STMND1	-0.64344	49.5	-5.0E-01	rgb(110,152,236)	1.9702	None
SPIB	GAD2	0.64344	49.5	0.504	rgb(223,121,122)	1.9702	None
TEAD1	RPS14P3	-0.64344	49.5	-5.0E-01	rgb(109,151,236)	1.9702	2,2
ZNF853	LOC727896	-0.64344	49.5	-5.0E-01	rgb(108,151,236)	1.9702	2,2
ARX	SLC25A53	-0.64224	49.49	-4.9E-01	rgb(110,152,236)	1.97	None
ASCL1	CELSR3	0.64224	49.49	0.489	rgb(222,124,125)	1.97	None
EGR3	GDF1	-0.64224	49.49	-4.9E-01	rgb(112,153,235)	1.97	None
ELF4	TUB	-0.64224	49.49	-4.9E-01	rgb(110,152,236)	1.97	None
FEV	JPH4	0.64224	49.49	0.492	rgb(222,123,124)	1.97	None
NEUROD1	KSR2	0.64224	49.49	0.491	rgb(222,123,124)	1.97	None
NEUROG3	ASXL3	-0.64224	49.49	-4.9E-01	rgb(112,153,235)	1.97	None
NEUROG3	CACNA1H	0.64224	49.49	0.486	rgb(222,124,125)	1.97	None
NKX2-2	RGS11	-0.64224	49.49	-4.9E-01	rgb(111,153,235)	1.97	None
NKX6-1	RPS14P3	-0.64224	49.49	-4.9E-01	rgb(112,153,235)	1.97	2,2
ONECUT1	CCDC181	0.64224	49.49	0.488	rgb(222,124,125)	1.97	None
PAX4	CACNA1H	-0.64224	49.49	-4.9E-01	rgb(111,152,236)	1.97	None
PBX1	STK33	0.64224	49.49	0.487	rgb(222,124,125)	1.97	None
SOX4	ST8SIA3	-0.64224	49.49	-4.9E-01	rgb(110,152,236)	1.97	None
SPIB	STARD8	0.64224	49.49	0.488	rgb(222,124,125)	1.97	None
TFCP2L1	SDK2	0.64224	49.49	0.492	rgb(222,123,124)	1.97	None
ZFHX2	ZFP28	-0.64224	49.49	-4.9E-01	rgb(111,152,236)	1.97	None
ATF6	SCG2	0.64105	49.48	0.485	rgb(222,124,125)	1.9698	None
ELF4	KLHL32	-0.64105	49.48	-4.8E-01	rgb(112,153,235)	1.9698	None
FEV	NALCN	0.64105	49.48	0.481	rgb(222,125,126)	1.9698	None
HIC1	OSBPL6	0.64105	49.48	0.482	rgb(222,125,126)	1.9698	None
LMX1B	LAPTM5	-0.64105	49.48	-4.8E-01	rgb(113,154,235)	1.9698	None
LMX1B	SLC26A7	0.64105	49.48	0.477	rgb(222,126,127)	1.9698	None
MAFA	VASH2	-0.64105	49.48	-4.8E-01	rgb(113,154,235)	1.9698	None
MAFB	ACOT7	-0.64105	49.48	-4.8E-01	rgb(113,154,235)	1.9698	None
NR4A2	TEAD2	0.64105	49.48	0.482	rgb(222,125,126)	1.9698	None
PAX4	BC015342	-0.64105	49.48	-4.8E-01	rgb(113,154,235)	1.9698	2,2
TEAD1	CALY	-0.64105	49.48	-4.8E-01	rgb(113,154,235)	1.9698	None
AEBP1	HV535469	-0.64105	49.48	-4.8E-01	rgb(113,154,235)	1.9698	2,2
ZNF117	PGM5P2	0.64105	49.48	0.48	rgb(222,125,126)	1.9698	2,2
EGR3	AK054970	-0.63985	49.47	-4.7E-01	rgb(116,156,235)	1.9696	2,2
ETS1	CRLF1	0.63985	49.47	0.471	rgb(222,127,128)	1.9696	None
HIF1A	KCNJ6	-0.63985	49.47	-4.7E-01	rgb(114,154,235)	1.9696	None
LMX1B	EID2	0.63985	49.47	0.468	rgb(222,128,129)	1.9696	None
LMX1B	P2RX6	-0.63985	49.47	-4.7E-01	rgb(115,155,235)	1.9696	None
LMX1B	SCGN	0.63985	49.47	0.472	rgb(222,127,128)	1.9696	None
MAFF	CADM3	0.63985	49.47	0.469	rgb(222,127,128)	1.9696	None
MAFF	PROX1	-0.63985	49.47	-4.7E-01	rgb(116,156,235)	1.9696	None
NEUROG3	MRPL34	0.63985	49.47	0.474	rgb(222,127,127)	1.9696	None
NR4A2	CYP4F24P	-0.63985	49.47	-4.7E-01	rgb(114,154,235)	1.9696	None
NR4A2	DOK6	-0.63985	49.47	-4.7E-01	rgb(116,156,235)	1.9696	None
NR4A2	FFAR2	-0.63985	49.47	-4.7E-01	rgb(115,155,235)	1.9696	None
NR4A2	LOC286297	0.63985	49.47	0.474	rgb(222,127,127)	1.9696	2,2
NR4A3	TP73	-0.63985	49.47	-4.7E-01	rgb(115,155,235)	1.9696	None
ONECUT1	NAV3	0.63985	49.47	0.468	rgb(222,128,129)	1.9696	None
PBX1	KCNN3	-0.63985	49.47	-4.7E-01	rgb(115,155,235)	1.9696	None
SPIB	ID1	0.63985	49.47	0.471	rgb(222,127,128)	1.9696	None
ZNF117	AK094909	0.63985	49.47	0.47	rgb(222,127,128)	1.9696	2,2
HIC1	DNER	-0.63866	49.46	-4.6E-01	rgb(118,157,234)	1.9694	None
HSF2	ZFP90	0.63866	49.46	0.464	rgb(222,128,129)	1.9694	None
NEUROG3	PLCG2	0.63866	49.46	0.462	rgb(222,129,130)	1.9694	None
NKX2-2	GDAP1	-0.63866	49.46	-4.6E-01	rgb(118,157,234)	1.9694	None
NR4A2	DPYSL4	0.63866	49.46	0.462	rgb(222,129,130)	1.9694	None
PBX1	LINC00643	-0.63866	49.46	-4.6E-01	rgb(117,156,234)	1.9694	None
RFX3	PGA4	0.63866	49.46	0.462	rgb(222,129,130)	1.9694	None
RORC	FAM161A	-0.63866	49.46	-4.6E-01	rgb(117,156,235)	1.9694	None
TEAD1	GPR64	-0.63866	49.46	-4.6E-01	rgb(116,156,235)	1.9694	2,2
TP73	FABP5	0.63866	49.46	0.455	rgb(222,130,131)	1.9694	None
ZNF382	GPR119	-0.63866	49.46	-4.6E-01	rgb(117,156,235)	1.9694	2,2
ZNF846	FGF14	-0.63866	49.46	-4.6E-01	rgb(117,156,234)	1.9694	None
ATF6	LY6H	0.63746	49.45	0.45	rgb(222,131,132)	1.9692	2,2
ELF4	STK31	-0.63746	49.45	-4.5E-01	rgb(119,157,234)	1.9692	None
LMX1A	BSN	-0.63746	49.45	-4.5E-01	rgb(119,157,234)	1.9692	None
MAFB	FAM155B	0.63746	49.45	0.448	rgb(222,131,132)	1.9692	None
ONECUT1	ANKRD20A8P	0.63746	49.45	0.448	rgb(222,131,132)	1.9692	2,2
ONECUT1	JAKMIP2	0.63746	49.45	0.446	rgb(222,132,133)	1.9692	None
PBX1	GFRA3	-0.63746	49.45	-4.5E-01	rgb(120,158,234)	1.9692	None
ASCL2	LSP1	-0.63627	49.44	-4.4E-01	rgb(122,159,234)	1.969	None
LHX1	SDK2	-0.63627	49.44	-4.4E-01	rgb(122,159,234)	1.969	None
LHX1	STX1A	-0.63627	49.44	-4.4E-01	rgb(121,159,234)	1.969	None
LMX1B	SLC18A1	0.63627	49.44	0.443	rgb(222,132,133)	1.969	None
MAFA	CACNA1C	0.63627	49.44	0.441	rgb(222,133,134)	1.969	None
NKX2-2	MAPK8IP1	-0.63627	49.44	-4.4E-01	rgb(120,158,234)	1.969	None
NR4A2	FAM135B	0.63627	49.44	0.443	rgb(222,132,133)	1.969	None
NR4A2	HHEX	-0.63627	49.44	-4.4E-01	rgb(121,159,234)	1.969	None
NR4A3	NPTXR	-0.63627	49.44	-4.4E-01	rgb(122,159,234)	1.969	None
PBX1	ID2	-0.63627	49.44	-4.4E-01	rgb(122,159,234)	1.969	None
SPIB	FSD1	0.63627	49.44	0.439	rgb(222,133,134)	1.969	None
TFCP2L1	SDPR	0.63627	49.44	0.443	rgb(222,132,133)	1.969	2,2
TP73	NPTXR	0.63627	49.44	0.444	rgb(222,132,133)	1.969	None
ZFHX2	PCSK1	-0.63627	49.44	-4.4E-01	rgb(123,160,234)	1.969	None
ZFP92	PGM5P2	0.63627	49.44	0.443	rgb(222,132,133)	1.969	2,2
ZNF117	AK126286	0.63627	49.44	0.445	rgb(222,132,133)	1.969	2,2
ZNF117	FAM106CP	0.63627	49.44	0.442	rgb(222,133,133)	1.969	2,2
ARX	SPARC	-0.63507	49.43	-4.3E-01	rgb(124,160,233)	1.9688	None
LMX1A	FOXA1	-0.63507	49.43	-4.3E-01	rgb(123,160,233)	1.9688	None
LMX1A	STXBP1	-0.63507	49.43	-4.3E-01	rgb(124,160,233)	1.9688	None
MAFA	CES1	0.63507	49.43	0.433	rgb(222,134,135)	1.9688	2,2
NR4A2	ELOVL4	-0.63507	49.43	-4.3E-01	rgb(124,160,233)	1.9688	2,2
NR4A2	LSP1	0.63507	49.43	0.43	rgb(222,135,136)	1.9688	None
ONECUT1	CRYBA2	0.63507	49.43	0.431	rgb(222,135,135)	1.9688	None
PAX6	RGS9	-0.63507	49.43	-4.3E-01	rgb(124,160,233)	1.9688	None
PBX1	LMX1A	-0.63507	49.43	-4.3E-01	rgb(124,161,233)	1.9688	None
PDX1	CBX2	-0.63507	49.43	-4.3E-01	rgb(124,161,233)	1.9688	None
RFX6	LRRC49	0.63507	49.43	0.434	rgb(222,134,135)	1.9688	None
SOX4	SMTNL2	-0.63507	49.43	-4.3E-01	rgb(123,160,233)	1.9688	None
SPIB	PAM	0.63507	49.43	0.429	rgb(222,135,136)	1.9688	None
TEAD1	SMARCC1	0.63507	49.43	0.43	rgb(222,135,136)	1.9688	None
ZFHX2	CSF1R	0.63507	49.43	0.427	rgb(222,135,136)	1.9688	None
SIM1	ARX	0.63507	49.43	0.426	rgb(222,136,137)	1.9688	2,2
SIM1	MURC	0.63507	49.43	0.431	rgb(222,135,136)	1.9688	2,2
ELF4	GCG	-0.63388	49.42	-4.2E-01	rgb(126,161,233)	1.9686	None
ETS1	ADCY2	0.63388	49.42	0.423	rgb(222,136,137)	1.9686	None
HIC1	HIC1	-0.63388	49.42	-4.2E-01	rgb(126,161,233)	1.9686	None
LHX1	CCK	-0.63388	49.42	-4.2E-01	rgb(126,162,233)	1.9686	None
PAX6	RSAD2	-0.63388	49.42	-4.2E-01	rgb(125,161,233)	1.9686	None
PRDM16	CACNA1E	-0.63388	49.42	-4.2E-01	rgb(125,161,233)	1.9686	None
RORC	SLC51B	0.63388	49.42	0.416	rgb(222,138,138)	1.9686	None
HES4	FAM64A	0.63268	49.41	0.413	rgb(222,138,139)	1.9684	2,2
MAFF	TMEM190	0.63268	49.41	0.407	rgb(221,139,140)	1.9684	None
ONECUT1	AK123654	0.63268	49.41	0.408	rgb(221,139,140)	1.9684	2,2
PRDM16	NPM2	-0.63268	49.41	-4.1E-01	rgb(129,164,232)	1.9684	None
RORC	FUT1	-0.63268	49.41	-4.1E-01	rgb(128,163,233)	1.9684	None
SOX4	HMGB3	0.63268	49.41	0.41	rgb(222,139,140)	1.9684	None
SPIB	OLFML2B	-0.63268	49.41	-4.1E-01	rgb(129,163,232)	1.9684	None
TEAD1	RAPGEF4	-0.63268	49.41	-4.1E-01	rgb(128,163,233)	1.9684	None
ZNF492	IFIT1	-0.63268	49.41	-4.1E-01	rgb(128,163,233)	1.9684	None
ZFP62	OCLM	0.63268	49.41	0.409	rgb(221,139,140)	1.9684	2,2
ASCL2	MYEF2	-0.63149	49.4	-4.0E-01	rgb(130,164,232)	1.9682	None
ETS1	PTPN22	-0.63149	49.4	-4.0E-01	rgb(129,164,232)	1.9682	None
FEV	SCG5	0.63149	49.4	0.402	rgb(221,140,141)	1.9682	None
GATA4	CPB1	0.63149	49.4	0.395	rgb(221,142,142)	1.9682	None
GATA4	PCSK1	0.63149	49.4	0.404	rgb(221,140,141)	1.9682	None
HOXB9	ZCCHC18	0.63149	49.4	0.404	rgb(221,140,141)	1.9682	None
LMX1B	KSR2	0.63149	49.4	0.396	rgb(221,141,142)	1.9682	None
MAFB	SDK2	0.63149	49.4	0.402	rgb(221,140,141)	1.9682	None
MYRF	AK126286	-0.63149	49.4	-4.0E-01	rgb(130,164,232)	1.9682	2,2
NEUROG3	LRRN2	0.63149	49.4	0.403	rgb(221,140,141)	1.9682	None
NR4A2	ASIC4	0.63149	49.4	0.396	rgb(221,141,142)	1.9682	None
NR4A2	SPOCK3	-0.63149	49.4	-4.0E-01	rgb(130,164,232)	1.9682	None
NR4A3	GPR148	0.63149	49.4	0.399	rgb(221,141,142)	1.9682	None
NR4A3	GSTM2	-0.63149	49.4	-4.0E-01	rgb(130,164,232)	1.9682	None
ONECUT1	PBOV1	0.63149	49.4	0.405	rgb(221,140,140)	1.9682	None
RFX2	BAIAP3	0.63149	49.4	0.404	rgb(221,140,141)	1.9682	None
ST18	LPPR3	-0.63149	49.4	-4.0E-01	rgb(131,165,232)	1.9682	2,2
ZFHX2	FFAR3	-0.63149	49.4	-4.0E-01	rgb(129,164,232)	1.9682	2,2
ELF4	GADD45A	0.63029	49.39	0.389	rgb(221,143,143)	1.968	None
ELF4	GPC6	-0.63029	49.39	-3.9E-01	rgb(133,166,232)	1.968	None
LMX1A	RPS6KL1	-0.63029	49.39	-3.9E-01	rgb(133,166,232)	1.968	None
LMX1B	DPP10	0.63029	49.39	0.388	rgb(221,143,144)	1.968	None
MAFF	AMER3	0.63029	49.39	0.389	rgb(221,143,144)	1.968	None
NKX2-2	SPRED3	-0.63029	49.39	-3.9E-01	rgb(133,166,232)	1.968	None
NR4A2	AK074396	0.63029	49.39	0.394	rgb(221,142,143)	1.968	2,2
NR4A3	SGCD	0.63029	49.39	0.387	rgb(221,143,144)	1.968	None
ONECUT1	RBFOX2	0.63029	49.39	0.388	rgb(221,143,144)	1.968	None
RFX6	EML1	0.63029	49.39	0.391	rgb(221,142,143)	1.968	None
SPIB	ITGBL1	0.63029	49.39	0.388	rgb(221,143,144)	1.968	None
ZFHX2	LPPR5	-0.63029	49.39	-3.9E-01	rgb(132,165,232)	1.968	2,2
ATOH8	IGHG1	0.63029	49.39	0.389	rgb(221,143,143)	1.968	2,2
MYT1	PCDH17	0.63029	49.39	0.391	rgb(221,142,143)	1.968	2,2
ZNF117	AK125858	0.63029	49.39	0.388	rgb(221,143,144)	1.968	2,2
ETS1	AADAT	0.6291	49.38	0.377	rgb(221,145,146)	1.9678	None
FEV	GSTM2	0.6291	49.38	0.383	rgb(221,144,145)	1.9678	None
HSF2	IFI44	-0.6291	49.38	-3.8E-01	rgb(134,167,231)	1.9678	None
NR4A2	FTCD	-0.6291	49.38	-3.8E-01	rgb(134,167,232)	1.9678	None
NR4A2	SBK1	0.6291	49.38	0.381	rgb(221,144,145)	1.9678	None
NR4A2	SLC38A3	0.6291	49.38	0.375	rgb(221,145,146)	1.9678	None
PAX6	MAPK10	-0.6291	49.38	-3.8E-01	rgb(135,167,231)	1.9678	None
PBX1	MCF2L	0.6291	49.38	0.383	rgb(221,144,145)	1.9678	None
PRDM16	RFX2	0.6291	49.38	0.377	rgb(221,145,146)	1.9678	None
ZFHX2	RUNX1T1	-0.6291	49.38	-3.8E-01	rgb(135,167,231)	1.9678	None
ARX	ONECUT2	0.6279	49.37	0.367	rgb(221,147,148)	1.9676	None
GATA4	KCNMA1	0.6279	49.37	0.373	rgb(221,146,147)	1.9676	None
MAFA	RAB3C	0.6279	49.37	0.366	rgb(221,147,148)	1.9676	None
MAFF	EPHB3	-0.6279	49.37	-3.7E-01	rgb(136,168,231)	1.9676	None
MYRF	AK091275	-0.6279	49.37	-3.7E-01	rgb(137,168,231)	1.9676	2,2
ZFP82	LOC100128288	-0.6279	49.37	-3.7E-01	rgb(137,168,231)	1.9676	2,2
ZFP82	ZCCHC18	-0.6279	49.37	-3.7E-01	rgb(137,168,231)	1.9676	None
ZNF382	RFX2	-0.6279	49.37	-3.7E-01	rgb(137,168,231)	1.9676	None
HSF2	POU6F1	-0.62671	49.36	-3.6E-01	rgb(138,169,231)	1.9674	None
LHX1	MPP2	-0.62671	49.36	-3.6E-01	rgb(140,170,231)	1.9674	None
MAFB	BCRP3	-0.62671	49.36	-3.6E-01	rgb(138,169,231)	1.9674	None
NEUROD1	TMOD1	0.62671	49.36	0.358	rgb(221,149,149)	1.9674	None
NEUROG3	TMEM158	0.62671	49.36	0.358	rgb(221,149,149)	1.9674	None
NHLH1	DZIP1	-0.62671	49.36	-3.6E-01	rgb(138,169,231)	1.9674	None
RFX6	STK33	0.62671	49.36	0.365	rgb(221,147,148)	1.9674	None
ZFHX2	FAXC	-0.62671	49.36	-3.6E-01	rgb(138,169,231)	1.9674	None
ZFP82	H2AFB3	-0.62671	49.36	-3.6E-01	rgb(140,170,231)	1.9674	2,2
ZNF846	UCN3	-0.62671	49.36	-3.6E-01	rgb(139,169,231)	1.9674	None
MYT1	PTCHD2	0.62671	49.36	0.361	rgb(221,148,149)	1.9674	2,2
ATF6	SYT5	0.62552	49.35	0.352	rgb(221,150,150)	1.9672	None
EGR3	CRIP1	0.62552	49.35	0.352	rgb(221,150,151)	1.9672	None
ELF4	SPEG	-0.62552	49.35	-3.5E-01	rgb(140,170,230)	1.9672	None
GATA4	UCN3	0.62552	49.35	0.349	rgb(221,150,151)	1.9672	None
MAFA	LINC00643	0.62552	49.35	0.351	rgb(221,150,151)	1.9672	None
MXI1	SV2A	-0.62552	49.35	-3.5E-01	rgb(141,171,230)	1.9672	None
NHLH1	CLGN	0.62552	49.35	0.347	rgb(221,151,151)	1.9672	None
NR4A2	BCRP3	0.62552	49.35	0.349	rgb(221,150,151)	1.9672	None
NR4A2	CRYBA2	-0.62552	49.35	-3.5E-01	rgb(142,171,230)	1.9672	None
PAX6	RCOR2	-0.62552	49.35	-3.5E-01	rgb(142,171,230)	1.9672	None
PBX1	PALMD	-0.62552	49.35	-3.5E-01	rgb(141,171,230)	1.9672	None
PRDM16	TPST2	-0.62552	49.35	-3.5E-01	rgb(142,171,230)	1.9672	None
RFX6	MMD2	0.62552	49.35	0.351	rgb(221,150,151)	1.9672	None
RORC	SGCD	-0.62552	49.35	-3.5E-01	rgb(142,171,230)	1.9672	None
SOX4	RET	-0.62552	49.35	-3.5E-01	rgb(142,171,230)	1.9672	None
SPIB	USP13	-0.62552	49.35	-3.5E-01	rgb(142,171,230)	1.9672	None
SIM1	GABRB3	0.62552	49.35	0.348	rgb(221,151,151)	1.9672	2,2
ELF4	TMEM145	-0.62432	49.34	-3.4E-01	rgb(144,173,230)	1.967	None
ETS1	ZFP2	0.62432	49.34	0.339	rgb(221,152,153)	1.967	None
MAFA	GADD45A	0.62432	49.34	0.344	rgb(221,151,152)	1.967	None
NR4A2	SLC14A2	0.62432	49.34	0.337	rgb(221,153,153)	1.967	None
ONECUT1	BC006435	0.62432	49.34	0.336	rgb(221,153,153)	1.967	2,2
ONECUT1	PODXL2	0.62432	49.34	0.335	rgb(221,153,154)	1.967	None
TEAD2	CELF4	-0.62432	49.34	-3.4E-01	rgb(143,172,230)	1.967	None
ZFHX2	CBX7	-0.62432	49.34	-3.4E-01	rgb(142,172,230)	1.967	None
ZNF117	AX747775	0.62432	49.34	0.339	rgb(221,152,153)	1.967	2,2
EGR3	RFX6	-0.62313	49.33	-3.3E-01	rgb(145,173,230)	1.9668	None
NEUROG3	CORO2B	0.62313	49.33	0.333	rgb(221,153,154)	1.9668	None
NR4A2	HMGN3	-0.62313	49.33	-3.3E-01	rgb(145,173,230)	1.9668	None
PRDM16	FAM71E2	0.62313	49.33	0.334	rgb(221,153,154)	1.9668	None
SPIB	TRPC7	0.62313	49.33	0.327	rgb(221,155,155)	1.9668	None
TEAD1	FAM131B	-0.62313	49.33	-3.3E-01	rgb(146,174,229)	1.9668	None
TFCP2L1	ATOH8	0.62313	49.33	0.326	rgb(221,155,155)	1.9668	None
SIM1	GPR64	0.62313	49.33	0.326	rgb(221,155,155)	1.9668	2,2
ELF4	GIP	-0.62193	49.32	-3.2E-01	rgb(147,174,229)	1.9666	None
ELF4	PRICKLE2	-0.62193	49.32	-3.2E-01	rgb(147,175,229)	1.9666	None
GATA4	SNAP25	0.62193	49.32	0.317	rgb(220,156,157)	1.9666	None
GLIS2	AX748379	-0.62193	49.32	-3.2E-01	rgb(149,175,229)	1.9666	2,2
LHX1	MLN	-0.62193	49.32	-3.2E-01	rgb(147,174,229)	1.9666	None
NR4A2	CALY	-0.62193	49.32	-3.2E-01	rgb(147,174,229)	1.9666	None
RFX6	ICA1L	0.62193	49.32	0.316	rgb(220,157,157)	1.9666	None
SOX4	ASXL3	-0.62193	49.32	-3.2E-01	rgb(147,175,229)	1.9666	None
ZNF382	FER1L6-AS1	-0.62193	49.32	-3.2E-01	rgb(147,174,229)	1.9666	None
SIM1	FAM181B	0.62193	49.32	0.316	rgb(220,157,157)	1.9666	2,2
ELF4	SPON1	-0.62074	49.31	-3.1E-01	rgb(150,176,229)	1.9664	None
HSF2	NALCN	-0.62074	49.31	-3.1E-01	rgb(151,177,229)	1.9664	None
LHX1	CYMP	-0.62074	49.31	-3.1E-01	rgb(150,176,229)	1.9664	None
LMX1B	AX747853	0.62074	49.31	0.307	rgb(220,158,159)	1.9664	2,2
MYRF	ANKRD36B	-0.62074	49.31	-3.1E-01	rgb(150,176,229)	1.9664	2,2
NKX2-2	NHLH1	0.62074	49.31	0.311	rgb(220,158,158)	1.9664	None
NR4A2	PCDHB15	0.62074	49.31	0.306	rgb(220,159,159)	1.9664	None
RFX2	GPR173	0.62074	49.31	0.313	rgb(220,157,158)	1.9664	None
TFCP2L1	CAMK2N2	0.62074	49.31	0.312	rgb(220,157,158)	1.9664	None
ZFHX2	FAM171B	-0.62074	49.31	-3.1E-01	rgb(149,176,229)	1.9664	None
ZNF117	AK094325	0.62074	49.31	0.307	rgb(220,158,159)	1.9664	2,2
EGR3	CCDC162P	-0.61954	49.3	-3.0E-01	rgb(152,178,228)	1.9662	None
HES4	KCNF1	0.61954	49.3	0.304	rgb(220,159,159)	1.9662	None
LMX1A	EMB	0.61954	49.3	0.295	rgb(220,161,161)	1.9662	None
LMX1B	ATP8B2	-0.61954	49.3	-3.0E-01	rgb(152,177,228)	1.9662	None
NEUROD1	TMEM61	0.61954	49.3	0.299	rgb(220,160,160)	1.9662	None
NHLH1	SLC7A4	0.61954	49.3	0.303	rgb(220,159,160)	1.9662	None
NR4A2	GPC6	-0.61954	49.3	-3.0E-01	rgb(151,177,229)	1.9662	None
RFX6	TMEM200A	0.61954	49.3	0.302	rgb(220,159,160)	1.9662	None
RORC	UNC13A	-0.61954	49.3	-3.0E-01	rgb(152,178,228)	1.9662	None
ZFHX2	RBFOX2	0.61954	49.3	0.301	rgb(220,159,160)	1.9662	None
SIM1	LINC00890	0.61954	49.3	0.298	rgb(220,160,161)	1.9662	2,2
ATF6	PDZD4	0.61835	49.29	0.292	rgb(220,161,162)	1.966	None
ELF4	MUC16	-0.61835	49.29	-2.9E-01	rgb(153,178,228)	1.966	None
GATA2	SPEG	0.61835	49.29	0.287	rgb(220,162,163)	1.966	None
MAFB	TMEM212	0.61835	49.29	0.289	rgb(220,162,162)	1.966	None
RFX3	KNDC1	0.61835	49.29	0.288	rgb(220,162,163)	1.966	None
RFX3	LMX1B	0.61835	49.29	0.294	rgb(220,161,161)	1.966	None
ARX	SBK1	-0.61715	49.28	-2.8E-01	rgb(157,181,228)	1.9658	None
ARX	SLC7A4	-0.61715	49.28	-2.8E-01	rgb(157,180,228)	1.9658	None
ELF4	KCNH3	-0.61715	49.28	-2.8E-01	rgb(156,180,228)	1.9658	None
HSF2	TSSK4	-0.61715	49.28	-2.8E-01	rgb(157,180,228)	1.9658	None
LHX1	FAM161A	-0.61715	49.28	-2.8E-01	rgb(156,180,228)	1.9658	None
ONECUT1	MYT1	0.61715	49.28	0.28	rgb(220,163,164)	1.9658	None
ZNF492	ALAS2	-0.61715	49.28	-2.8E-01	rgb(156,180,228)	1.9658	None
ARNT2	CCDC40	-0.61596	49.27	-2.7E-01	rgb(159,182,227)	1.9656	None
GATA6	FW340055	0.61596	49.27	0.268	rgb(220,166,166)	1.9656	2,2
HIC1	KANK2	0.61596	49.27	0.271	rgb(220,165,166)	1.9656	None
LMX1B	SOGA3	0.61596	49.27	0.272	rgb(220,165,166)	1.9656	None
NKX2-2	ASIC4	-0.61596	49.27	-2.7E-01	rgb(159,182,227)	1.9656	None
RFX3	CADPS	-0.61596	49.27	-2.7E-01	rgb(158,181,227)	1.9656	None
ZFHX2	GIP	-0.61596	49.27	-2.7E-01	rgb(158,181,227)	1.9656	None
ARX	GCG	-0.61476	49.26	-2.6E-01	rgb(160,182,227)	1.9654	None
ASCL1	WNT6	0.61476	49.26	0.259	rgb(220,168,168)	1.9654	None
ONECUT2	PAM	-0.61476	49.26	-2.6E-01	rgb(161,183,227)	1.9654	None
ARX	FAM131B	-0.61357	49.25	-2.5E-01	rgb(163,184,226)	1.9652	None
ASCL2	RYBP	-0.61357	49.25	-2.5E-01	rgb(162,184,227)	1.9652	None
ETS1	RCOR3	-0.61357	49.25	-2.5E-01	rgb(162,184,227)	1.9652	None
MAFB	MLXIPL	0.61357	49.25	0.248	rgb(220,170,170)	1.9652	None
GATA4	PLCXD3	0.61237	49.24	0.244	rgb(220,170,171)	1.965	None
NEUROD2	LOC145837	0.61237	49.24	0.24	rgb(220,171,172)	1.965	2,2
ONECUT1	STARD9	0.61237	49.24	0.237	rgb(220,172,172)	1.965	None
PDX1	TMEM178B	-0.61237	49.24	-2.4E-01	rgb(166,186,226)	1.965	None
RFX6	RET	0.61237	49.24	0.238	rgb(220,172,172)	1.965	None
ETS1	RAB3C	0.61118	49.23	0.229	rgb(220,173,174)	1.9648	None
GATA2	CELF4	0.61118	49.23	0.227	rgb(220,174,174)	1.9648	None
LMX1B	SH2D3C	0.61118	49.23	0.231	rgb(220,173,173)	1.9648	None
RFX6	ADD2	0.61118	49.23	0.227	rgb(219,174,174)	1.9648	None
ZNF846	ATF5	0.61118	49.23	0.225	rgb(219,174,174)	1.9648	None
ARX	BEND5	-0.60998	49.22	-2.2E-01	rgb(170,188,225)	1.9646	None
NR4A2	IRF2BP1	0.60998	49.22	0.219	rgb(219,175,176)	1.9646	None
PDX1	GCG	0.60998	49.22	0.218	rgb(219,175,176)	1.9646	None
EGR3	RET	-0.60879	49.21	-2.1E-01	rgb(172,190,225)	1.9644	None
ELF4	CD52	0.60879	49.21	0.205	rgb(219,178,178)	1.9644	None
LMX1A	ZNF519	0.60879	49.21	0.211	rgb(219,177,177)	1.9644	None
NEUROG3	BAI1	0.60879	49.21	0.213	rgb(219,176,177)	1.9644	2,2
PDX1	SBK1	-0.60879	49.21	-2.1E-01	rgb(172,190,225)	1.9644	None
ZNF846	LDB1	0.60879	49.21	0.21	rgb(219,177,177)	1.9644	None
KCNIP3	GPR64	0.60879	49.21	0.212	rgb(219,177,177)	1.9644	2,2
EGR3	CPLX2	-0.60759	49.2	-2.0E-01	rgb(175,191,224)	1.9642	None
MXI1	FGF14	-0.60759	49.2	-2.0E-01	rgb(174,191,225)	1.9642	None
NEUROD1	TRPM2	0.60759	49.2	0.203	rgb(219,178,179)	1.9642	None
PRDM16	KCNK16	-0.60759	49.2	-2.0E-01	rgb(174,191,225)	1.9642	None
ZFHX2	AK096718	-0.60759	49.2	-2.0E-01	rgb(173,190,225)	1.9642	2,2
ZNF846	HLA-DPA1	0.60759	49.2	0.195	rgb(219,180,180)	1.9642	None
NEUROG3	CDH5	0.6064	49.19	0.189	rgb(219,181,181)	1.964	None
HES4	GYLTL1B	0.60521	49.18	0.183	rgb(219,182,182)	1.9638	2,2
ISL1	TEAD1	0.60521	49.18	0.179	rgb(219,183,183)	1.9638	None
ZFHX2	C1QL1	-0.60521	49.18	-1.8E-01	rgb(179,194,224)	1.9638	None
ZNF117	LOC284581	0.60521	49.18	0.18	rgb(219,183,183)	1.9638	2,2
ASCL1	AK316092	0.60401	49.17	0.175	rgb(219,184,184)	1.9636	2,2
ASCL1	TMEM198	0.60401	49.17	0.173	rgb(219,184,184)	1.9636	None
GATA4	RPS3	-0.60401	49.17	-1.7E-01	rgb(179,194,224)	1.9636	None
NR4A2	RGS11	-0.60401	49.17	-1.7E-01	rgb(180,195,223)	1.9636	None
PAX4	GOLGA6L5	-0.60401	49.17	-1.7E-01	rgb(180,195,223)	1.9636	2,2
EGR3	NKD1	0.60282	49.16	0.155	rgb(219,187,188)	1.9634	None
GATA6	CHL1	-0.60282	49.16	-1.6E-01	rgb(182,196,223)	1.9634	None
LMX1B	PDZRN3	-0.60282	49.16	-1.6E-01	rgb(183,196,223)	1.9634	None
NR4A2	SLC35F3	-0.60162	49.15	-1.5E-01	rgb(184,197,223)	1.9632	None
NR4A3	ASIC1	-0.60162	49.15	-1.5E-01	rgb(185,198,223)	1.9632	None
SPIB	STMN2	0.60162	49.15	0.152	rgb(219,188,188)	1.9632	None
RFX6	MSI1	0.60043	49.14	0.136	rgb(218,191,191)	1.963	None
TEAD1	TUBA3FP	-0.60043	49.14	-1.4E-01	rgb(187,199,222)	1.963	None
ZNF846	TTYH2	0.60043	49.14	0.14	rgb(219,190,190)	1.963	None
RFX6	MAST1	0.59923	49.13	0.131	rgb(218,192,192)	1.9628	None
ELF4	CSH1	0.59804	49.12	0.115	rgb(218,195,195)	1.9626	None
ETS1	ONECUT2	-0.59804	49.12	-1.2E-01	rgb(192,202,221)	1.9626	None
MAFA	CBX4	0.59804	49.12	0.121	rgb(218,194,194)	1.9626	None
ZNF492	AK126318	0.59804	49.12	0.122	rgb(218,194,194)	1.9626	2,2
HIC1	DHRS2	-0.59684	49.11	-1.1E-01	rgb(194,203,221)	1.9624	None
ONECUT1	TMEM196	0.59684	49.11	0.111	rgb(218,196,196)	1.9624	None
PDX1	MMP2	-0.59684	49.11	-1.1E-01	rgb(193,202,221)	1.9624	None
SIM1	ASIC5	0.59684	49.11	0.109	rgb(218,196,196)	1.9624	2,2
ONECUT1	GPC6	0.59565	49.1	0.097	rgb(218,198,199)	1.9622	None
TEAD1	NTS	-0.59565	49.1	-1.0E-01	rgb(195,204,221)	1.9622	2,2
MAFA	PAPPA2	0.59445	49.09	0.092	rgb(218,199,200)	1.962	None
NR4A3	CTPS1	-0.59445	49.09	-9.0E-02	rgb(197,205,220)	1.962	None
SOX4	CHL1	0.59445	49.09	0.094	rgb(218,199,199)	1.962	None
RORC	DPYSL4	-0.59326	49.08	-7.9E-02	rgb(200,207,220)	1.9618	None
ELF4	CENPE	0.59206	49.07	0.07	rgb(218,204,204)	1.9616	None
LHX1	ABLIM2	-0.59206	49.07	-7.1E-02	rgb(202,208,220)	1.9616	None
TFCP2L1	WNT6	0.59206	49.07	0.068	rgb(218,204,204)	1.9616	None
SIM1	AK054990	0.59206	49.07	0.074	rgb(218,203,203)	1.9616	2,2
FEV	ZBTB4	-0.59087	49.06	-6.0E-02	rgb(204,209,219)	1.9614	None
ELF4	QSOX2	-0.58967	49.05	-5.4E-02	rgb(205,210,219)	1.9612	None
RFX6	TUBA3FP	0.58848	49.04	0.043	rgb(217,209,209)	1.961	None
ZFHX2	F10	0.58848	49.04	0.041	rgb(217,209,209)	1.961	None
RFX6	PRKCG	0.58728	49.03	0.031	rgb(217,211,211)	1.9608	None
SOX4	GPC6	-0.58728	49.03	-3.4E-02	rgb(210,213,218)	1.9608	None
TFCP2L1	MAFB	0.58609	49.02	0.018	rgb(217,214,214)	1.9606	None
PBX1	MAML3	0.58489	49.01	0.006	rgb(217,216,216)	1.9604	None
RFX2	TMEM151A	0.58489	49.01	0.008	rgb(217,215,215)	1.9604	None
EGR3	CLCNKA	0.5837	49	0.002	rgb(217,217,217)	1.9602	None
GATA4	WDR52	0.5837	49	2.7E-04	rgb(217,217,217)	1.9602	2,2
DACH1	CSH1	0.58251	48.92	0.916	rgb(227, 42, 44)	1.9586	2,2
TFCP2L1	SAMD5	0.58173	48.91	0.914	rgb(227, 42, 44)	1.9584	None
FEV	CYGB	-0.58096	48.9	-9.0E-01	rgb( 21, 98,251)	1.9582	None
NKX2-2	CYGB	0.58096	48.9	0.903	rgb(227, 44, 46)	1.9582	None
RFX6	EPHA4	0.58096	48.9	0.901	rgb(227, 45, 47)	1.9582	None
TFCP2L1	IFI6	0.58018	48.86	0.862	rgb(226, 52, 54)	1.9574	None
ZBTB4	UBBP4	-0.58018	48.86	-8.6E-01	rgb( 30,103,250)	1.9574	2,2
FOXP2	RUNX1T1	-0.57941	48.85	-8.5E-01	rgb( 33,105,249)	1.9572	None
GATA4	TFCP2L1	-0.57941	48.85	-8.5E-01	rgb( 32,104,249)	1.9572	None
NFAT5	TFCP2L1	-0.57941	48.85	-8.5E-01	rgb( 32,104,249)	1.9572	None
RFX6	CACNA1C	0.57864	48.84	0.84	rgb(226, 57, 58)	1.957	None
TFCP2L1	NHSL2	0.57864	48.84	0.839	rgb(226, 57, 58)	1.957	None
LHX1	RUNX1T1	0.57786	48.83	0.827	rgb(226, 59, 61)	1.9568	None
LMX1B	MYRF	-0.57786	48.83	-8.3E-01	rgb( 38,108,248)	1.9568	None
TFCP2L1	ZNRF3-AS1	-0.57786	48.83	-8.3E-01	rgb( 37,108,248)	1.9568	None
DACH1	KIAA1456	0.57786	48.83	0.829	rgb(226, 59, 60)	1.9568	2,2
ETS1	NINJ1	0.57709	48.82	0.818	rgb(226, 61, 62)	1.9566	None
FOXA1	PYY	0.57709	48.82	0.816	rgb(226, 61, 63)	1.9566	None
NEUROD1	KIAA1324	0.57709	48.82	0.822	rgb(226, 60, 62)	1.9566	None
SOX4	SLC38A5	0.57709	48.82	0.821	rgb(226, 60, 62)	1.9566	None
RORC	AMPH	-0.57632	48.81	-8.1E-01	rgb( 41,110,248)	1.9564	None
JAZF1	MARCH4	0.57632	48.81	0.807	rgb(226, 63, 65)	1.9564	2,2
PAX4	BCL2	-0.57554	48.8	-8.0E-01	rgb( 43,111,248)	1.9562	None
ETS1	DEFB1	0.57477	48.79	0.789	rgb(226, 66, 68)	1.956	None
HSF2	ARHGAP9	0.57477	48.79	0.787	rgb(226, 67, 68)	1.956	None
SOX4	CSF1R	0.57477	48.79	0.789	rgb(226, 66, 68)	1.956	None
ELF4	PYY	0.574	48.78	0.784	rgb(226, 67, 69)	1.9558	None
RFX2	DNAJC12	0.574	48.78	0.784	rgb(226, 67, 69)	1.9558	None
RORC	FAM71E2	-0.574	48.78	-7.8E-01	rgb( 48,114,247)	1.9558	None
SOX4	HSF2	0.574	48.78	0.785	rgb(226, 67, 69)	1.9558	None
TFCP2L1	SSTR1	0.574	48.78	0.784	rgb(226, 67, 69)	1.9558	None
ZNF117	AL831889	0.574	48.78	0.778	rgb(226, 68, 70)	1.9558	2,2
ARX	MDK	-0.57322	48.77	-7.7E-01	rgb( 50,115,246)	1.9556	None
EGR3	NKAIN1	-0.57322	48.77	-7.7E-01	rgb( 49,115,246)	1.9556	None
RORC	ARHGAP22	-0.57322	48.77	-7.7E-01	rgb( 51,116,246)	1.9556	None
HSF2	TFPI2	0.57245	48.76	0.762	rgb(225, 71, 73)	1.9554	None
NEUROG3	SLC38A5	0.57245	48.76	0.759	rgb(225, 72, 73)	1.9554	None
PAX6	MAPK7	-0.57245	48.76	-7.6E-01	rgb( 52,117,246)	1.9554	None
POU2F2	PCYT1B	0.57245	48.76	0.762	rgb(225, 71, 73)	1.9554	None
RORC	CYP4F24P	0.57245	48.76	0.758	rgb(225, 72, 74)	1.9554	None
TEAD1	DDC	-0.57245	48.76	-7.6E-01	rgb( 52,116,246)	1.9554	None
TGIF2	KCNK16	0.57245	48.76	0.758	rgb(225, 72, 74)	1.9554	None
HSF2	GPR173	-0.57168	48.75	-7.5E-01	rgb( 54,118,245)	1.9552	None
MAFA	MAGED1	-0.57168	48.75	-7.5E-01	rgb( 55,118,245)	1.9552	None
NKX2-2	NINJ1	0.57168	48.75	0.752	rgb(225, 73, 75)	1.9552	None
PDX1	PDX1	-0.57168	48.75	-7.5E-01	rgb( 54,118,246)	1.9552	None
SMAD9	SBK1	0.57168	48.75	0.75	rgb(225, 74, 75)	1.9552	None
TEAD1	GDAP1	-0.57168	48.75	-7.5E-01	rgb( 53,117,246)	1.9552	None
ARX	ZBTB4	0.5709	48.74	0.741	rgb(225, 76, 77)	1.955	None
ONECUT2	CELA3B	0.5709	48.74	0.738	rgb(225, 76, 77)	1.955	None
ONECUT2	FAM110B	0.5709	48.74	0.735	rgb(225, 77, 78)	1.955	None
SOX4	SPDYE7P	0.5709	48.74	0.737	rgb(225, 76, 78)	1.955	None
ZFP82	BASP1	-0.5709	48.74	-7.4E-01	rgb( 56,119,245)	1.955	None
ZNF492	AX746617	0.5709	48.74	0.743	rgb(225, 75, 77)	1.955	2,2
ZNF846	AMER3	-0.5709	48.74	-7.4E-01	rgb( 57,119,245)	1.955	None
ATF6	RUNDC3A	0.57013	48.73	0.731	rgb(225, 77, 79)	1.9548	None
GATA4	PCDHA2	0.57013	48.73	0.728	rgb(225, 78, 79)	1.9548	None
MAFF	GNG2	0.57013	48.73	0.733	rgb(225, 77, 78)	1.9548	None
NKX2-2	MRPL34	0.57013	48.73	0.731	rgb(225, 77, 79)	1.9548	None
ONECUT1	SDCBP2-AS1	0.57013	48.73	0.733	rgb(225, 77, 79)	1.9548	None
PAX6	KCNH8	-0.57013	48.73	-7.3E-01	rgb( 60,121,245)	1.9548	None
ZNF492	ENPP1	-0.57013	48.73	-7.3E-01	rgb( 59,121,245)	1.9548	None
EGR3	ZDHHC8P1	-0.56936	48.72	-7.2E-01	rgb( 61,122,244)	1.9546	None
FOXA1	SAMD5	0.56936	48.72	0.72	rgb(225, 79, 81)	1.9546	None
GATA2	WNK3	0.56936	48.72	0.721	rgb(225, 79, 81)	1.9546	None
LMX1A	MEX3A	-0.56936	48.72	-7.2E-01	rgb( 61,122,244)	1.9546	None
LMX1B	RBP2	0.56936	48.72	0.721	rgb(225, 79, 81)	1.9546	None
MAFB	SPDYE7P	0.56936	48.72	0.716	rgb(225, 80, 82)	1.9546	None
NKX6-1	JAM3	-0.56936	48.72	-7.2E-01	rgb( 60,121,245)	1.9546	None
TGIF2	AMPH	0.56936	48.72	0.724	rgb(225, 79, 80)	1.9546	None
ZFHX2	CBX4	-0.56936	48.72	-7.2E-01	rgb( 61,122,244)	1.9546	None
ZFHX2	SLC6A16	0.56936	48.72	0.717	rgb(225, 80, 81)	1.9546	None
ZNF492	PAM	-0.56936	48.72	-7.2E-01	rgb( 61,122,244)	1.9546	None
EGR3	TMPRSS6	0.56858	48.71	0.707	rgb(225, 82, 83)	1.9544	None
ELF4	CELSR3	-0.56858	48.71	-7.1E-01	rgb( 62,123,244)	1.9544	None
MAFB	MLLT11	0.56858	48.71	0.713	rgb(225, 81, 82)	1.9544	None
RORC	CADPS	-0.56858	48.71	-7.1E-01	rgb( 63,123,244)	1.9544	None
SPIB	MCF2L	-0.56858	48.71	-7.1E-01	rgb( 63,124,244)	1.9544	None
ETS1	DCHS1	0.56781	48.7	0.696	rgb(225, 84, 85)	1.9542	None
MAFB	SMARCD2	-0.56781	48.7	-7.0E-01	rgb( 65,125,244)	1.9542	None
ONECUT2	CPLX1	0.56781	48.7	0.7	rgb(225, 83, 85)	1.9542	None
ONECUT3	TMEFF2	-0.56781	48.7	-7.0E-01	rgb( 66,125,243)	1.9542	None
TEAD1	CYGB	-0.56781	48.7	-7.0E-01	rgb( 64,124,244)	1.9542	None
GRHL3	EPHA8	0.56781	48.7	0.697	rgb(225, 84, 85)	1.9542	2,2
LMX1B	COL21A1	0.56703	48.69	0.693	rgb(225, 85, 86)	1.954	None
NHLH1	TCTEX1D4	0.56703	48.69	0.692	rgb(225, 85, 86)	1.954	None
NR4A2	IFI6	0.56703	48.69	0.689	rgb(225, 85, 87)	1.954	None
PBX1	LRIG1	0.56703	48.69	0.688	rgb(225, 86, 87)	1.954	None
ZFP82	HOMEZ	0.56703	48.69	0.689	rgb(225, 85, 87)	1.954	None
SIM1	CACNA1B	0.56703	48.69	0.691	rgb(225, 85, 86)	1.954	2,2
ETV1	CBX7	-0.56626	48.68	-6.8E-01	rgb( 70,127,243)	1.9538	None
GATA2	ELAVL4	0.56626	48.68	0.681	rgb(224, 87, 88)	1.9538	None
HIF1A	LINC00939	-0.56626	48.68	-6.8E-01	rgb( 70,128,243)	1.9538	None
LHX1	DLL1	-0.56626	48.68	-6.8E-01	rgb( 69,127,243)	1.9538	None
LMX1B	RAP1GAP2	-0.56626	48.68	-6.8E-01	rgb( 69,127,243)	1.9538	None
RFX2	FBXL16	0.56626	48.68	0.678	rgb(224, 87, 89)	1.9538	None
SOX4	TRPM2	-0.56626	48.68	-6.8E-01	rgb( 69,127,243)	1.9538	None
ZFP82	H1FX-AS1	-0.56626	48.68	-6.8E-01	rgb( 68,127,243)	1.9538	None
ASCL2	TRPM2	-0.56549	48.67	-6.7E-01	rgb( 71,128,243)	1.9536	None
LMX1B	DENND2A	0.56549	48.67	0.667	rgb(224, 90, 91)	1.9536	None
NKX2-2	TMEM132C	-0.56549	48.67	-6.7E-01	rgb( 72,129,242)	1.9536	None
NR4A2	GCH1	0.56549	48.67	0.667	rgb(224, 90, 91)	1.9536	None
ZNF846	MEX3B	0.56549	48.67	0.666	rgb(224, 90, 91)	1.9536	None
ASCL1	SDCBP2-AS1	-0.56471	48.66	-6.6E-01	rgb( 75,130,242)	1.9534	None
LTF	BC040358	0.56471	48.66	0.657	rgb(224, 92, 93)	1.9534	2,2
NEUROD1	RBP1	0.56471	48.66	0.658	rgb(224, 91, 93)	1.9534	None
NEUROD2	PGA3	0.56471	48.66	0.661	rgb(224, 91, 92)	1.9534	None
ZNF846	SPDYE7P	-0.56471	48.66	-6.6E-01	rgb( 73,130,242)	1.9534	None
MYT1	DIRAS1	0.56471	48.66	0.656	rgb(224, 92, 93)	1.9534	2,2
ARX	DEFB1	-0.56394	48.65	-6.5E-01	rgb( 76,131,242)	1.9532	None
ELF4	ABLIM2	-0.56394	48.65	-6.5E-01	rgb( 77,132,242)	1.9532	None
ETS1	RBP2	0.56394	48.65	0.653	rgb(224, 92, 94)	1.9532	None
GATA4	BRSK1	0.56394	48.65	0.651	rgb(224, 93, 94)	1.9532	None
HIF1A	MIR503HG	0.56394	48.65	0.651	rgb(224, 93, 94)	1.9532	None
MAFF	JAZF1	0.56394	48.65	0.652	rgb(224, 92, 94)	1.9532	None
NKX6-1	MAML3	0.56394	48.65	0.655	rgb(224, 92, 93)	1.9532	None
TEAD1	TCTEX1D4	-0.56394	48.65	-6.5E-01	rgb( 76,132,242)	1.9532	None
NPAS3	PGM5P2	0.56394	48.65	0.647	rgb(224, 93, 95)	1.9532	2,2
EGR3	LRIG1	0.56317	48.64	0.642	rgb(224, 94, 96)	1.953	None
EGR3	PCAT1	-0.56317	48.64	-6.4E-01	rgb( 77,132,241)	1.953	None
EGR3	ZNF846	-0.56317	48.64	-6.4E-01	rgb( 79,133,241)	1.953	None
ELF4	REEP2	-0.56317	48.64	-6.4E-01	rgb( 78,133,241)	1.953	None
HHEX	CADM2	0.56317	48.64	0.64	rgb(224, 95, 96)	1.953	None
MAFB	SNAP25	0.56317	48.64	0.644	rgb(224, 94, 95)	1.953	None
MYRF	AK127443	-0.56317	48.64	-6.4E-01	rgb( 78,132,241)	1.953	2,2
PRDM16	TSPAN11	-0.56317	48.64	-6.4E-01	rgb( 79,133,241)	1.953	None
TEAD1	APBB2	0.56317	48.64	0.636	rgb(224, 95, 97)	1.953	None
ELF4	ANK2	-0.56239	48.63	-6.3E-01	rgb( 81,134,241)	1.9528	None
ELF4	DLL1	-0.56239	48.63	-6.3E-01	rgb( 80,133,241)	1.9528	None
GATA2	SLC6A16	0.56239	48.63	0.625	rgb(224, 98, 99)	1.9528	None
LMX1B	PKIA	0.56239	48.63	0.631	rgb(224, 96, 98)	1.9528	None
NKX2-2	IGSF21	-0.56239	48.63	-6.3E-01	rgb( 81,134,241)	1.9528	None
PDX1	HMGB3	-0.56239	48.63	-6.3E-01	rgb( 79,133,241)	1.9528	None
RORC	RIIAD1	-0.56239	48.63	-6.3E-01	rgb( 80,134,241)	1.9528	None
SMAD9	BAMBI	0.56239	48.63	0.633	rgb(224, 96, 97)	1.9528	None
ZFHX2	LINC00939	0.56239	48.63	0.633	rgb(224, 96, 97)	1.9528	None
SIM1	LOC283731	0.56239	48.63	0.629	rgb(224, 97, 98)	1.9528	2,2
ARX	DLL4	-0.56162	48.62	-6.2E-01	rgb( 83,135,240)	1.9526	None
GATA4	ADAM12	0.56162	48.62	0.617	rgb(224, 99,100)	1.9526	None
LMX1B	NEGR1	0.56162	48.62	0.616	rgb(224, 99,100)	1.9526	None
ONECUT1	USH2A	0.56162	48.62	0.622	rgb(224, 98, 99)	1.9526	None
PAX6	MTSS1	-0.56162	48.62	-6.2E-01	rgb( 82,135,241)	1.9526	None
ARX	NKAIN1	-0.56085	48.61	-6.1E-01	rgb( 84,136,240)	1.9524	None
ELF4	CAND2	-0.56085	48.61	-6.1E-01	rgb( 85,136,240)	1.9524	None
FOXA2	MCF2L	0.56085	48.61	0.609	rgb(224,101,102)	1.9524	None
GATA4	PEX5L	0.56085	48.61	0.614	rgb(224,100,101)	1.9524	None
HSF2	LAPTM5	0.56085	48.61	0.608	rgb(224,101,102)	1.9524	None
NEUROD1	SYNM	0.56085	48.61	0.606	rgb(224,101,103)	1.9524	None
TEAD1	ACE	0.56085	48.61	0.614	rgb(224,100,101)	1.9524	None
ELF4	ARHGAP22	0.56007	48.6	0.604	rgb(224,102,103)	1.9522	None
LMX1A	PCED1B-AS1	0.56007	48.6	0.599	rgb(224,103,104)	1.9522	None
MAFF	PCED1B-AS1	-0.56007	48.6	-6.0E-01	rgb( 86,137,240)	1.9522	None
NKX2-2	ST8SIA5	-0.56007	48.6	-6.0E-01	rgb( 86,137,240)	1.9522	None
ONECUT1	LINC00923	0.56007	48.6	0.596	rgb(224,103,104)	1.9522	2,2
PBX1	COL16A1	0.56007	48.6	0.6	rgb(224,102,104)	1.9522	None
PRDM16	SLC38A3	-0.56007	48.6	-6.0E-01	rgb( 87,138,240)	1.9522	None
ZFHX2	FLJ35024	-0.56007	48.6	-6.0E-01	rgb( 87,138,240)	1.9522	2,2
ZFHX2	TDO2	-0.56007	48.6	-6.0E-01	rgb( 87,138,240)	1.9522	2,2
AKNA	AL110171	-0.56007	48.6	-6.0E-01	rgb( 86,137,240)	1.9522	2,2
ASCL1	SOGA3	0.5593	48.59	0.594	rgb(224,104,105)	1.952	None
FEV	UCP2	0.5593	48.59	0.595	rgb(224,103,105)	1.952	None
FOXP2	PGM5	-0.5593	48.59	-5.9E-01	rgb( 90,140,239)	1.952	None
GATA2	EIF4EBP3	-0.5593	48.59	-5.9E-01	rgb( 90,140,239)	1.952	None
MXI1	NACAD	-0.5593	48.59	-5.9E-01	rgb( 90,140,239)	1.952	None
NEUROD2	GYLTL1B	0.5593	48.59	0.586	rgb(223,105,106)	1.952	2,2
SOX4	CPLX2	-0.5593	48.59	-5.9E-01	rgb( 90,140,239)	1.952	None
NPAS3	FAM153A	0.5593	48.59	0.588	rgb(223,105,106)	1.952	2,2
ELF4	RET	-0.55853	48.58	-5.8E-01	rgb( 91,140,239)	1.9518	None
HSF2	KANK2	-0.55853	48.58	-5.8E-01	rgb( 91,140,239)	1.9518	None
PAX6	SAMD11	-0.55853	48.58	-5.8E-01	rgb( 91,140,239)	1.9518	None
ELF4	CCDC74B	-0.55775	48.57	-5.7E-01	rgb( 92,141,239)	1.9516	None
LTF	DNAPTP1	0.55775	48.57	0.568	rgb(223,109,110)	1.9516	2,2
ONECUT3	PBOV1	-0.55775	48.57	-5.7E-01	rgb( 92,141,239)	1.9516	None
ONECUT3	RFX2	-0.55775	48.57	-5.7E-01	rgb( 93,142,239)	1.9516	None
RORC	LRFN1	-0.55775	48.57	-5.7E-01	rgb( 94,142,239)	1.9516	None
SPIB	SLC18A1	0.55775	48.57	0.575	rgb(223,107,108)	1.9516	None
ASCL2	CHRNB2	-0.55698	48.56	-5.6E-01	rgb( 95,143,238)	1.9514	None
ELF4	SCIMP	-0.55698	48.56	-5.6E-01	rgb( 96,143,238)	1.9514	None
MAFA	BAMBI	-0.55698	48.56	-5.6E-01	rgb( 95,143,238)	1.9514	None
MAFA	LPPR5	0.55698	48.56	0.559	rgb(223,110,111)	1.9514	2,2
NEUROG3	INSM1	0.55698	48.56	0.557	rgb(223,111,112)	1.9514	None
ONECUT3	MMP2	-0.55698	48.56	-5.6E-01	rgb( 96,144,238)	1.9514	None
PAX6	RRAGD	-0.55698	48.56	-5.6E-01	rgb( 96,143,238)	1.9514	None
PAX6	SEZ6	-0.55698	48.56	-5.6E-01	rgb( 95,143,238)	1.9514	None
PBX1	CREBRF	-0.55698	48.56	-5.6E-01	rgb( 96,143,238)	1.9514	None
TFCP2L1	SLC38A3	0.55698	48.56	0.563	rgb(223,109,111)	1.9514	None
ZFP28	CELF4	-0.55698	48.56	-5.6E-01	rgb( 94,142,238)	1.9514	None
FEV	B3GAT1	0.5562	48.55	0.554	rgb(223,111,112)	1.9512	None
HSF2	PDGFD	0.5562	48.55	0.548	rgb(223,112,113)	1.9512	None
LMX1B	PTCH1	-0.5562	48.55	-5.5E-01	rgb( 97,144,238)	1.9512	None
NKX2-2	ONECUT3	-0.5562	48.55	-5.5E-01	rgb( 97,144,238)	1.9512	None
NR4A2	FUT1	0.5562	48.55	0.549	rgb(223,112,113)	1.9512	None
PDX1	SLC6A16	-0.5562	48.55	-5.5E-01	rgb( 98,144,238)	1.9512	None
ZFHX2	MIAT	-0.5562	48.55	-5.5E-01	rgb( 98,144,238)	1.9512	None
LMX1B	MIAT	0.55543	48.54	0.537	rgb(223,114,115)	1.951	None
LTF	LINC00202-1	0.55543	48.54	0.54	rgb(223,114,115)	1.951	2,2
NR4A3	HEYL	-0.55543	48.54	-5.4E-01	rgb( 99,145,238)	1.951	None
ONECUT1	SPON1	0.55543	48.54	0.538	rgb(223,114,115)	1.951	None
PBX1	MYO3A	-0.55543	48.54	-5.4E-01	rgb(100,146,237)	1.951	None
SPIB	SMARCA1	-0.55543	48.54	-5.4E-01	rgb(100,146,238)	1.951	None
TEAD1	CDHR1	-0.55543	48.54	-5.4E-01	rgb(100,146,237)	1.951	2,2
TFCP2L1	SMARCA1	-0.55543	48.54	-5.4E-01	rgb(100,146,237)	1.951	None
ZFHX2	PCDH17	-0.55543	48.54	-5.4E-01	rgb(100,146,237)	1.951	2,2
DACH1	TMEM35	0.55543	48.54	0.539	rgb(223,114,115)	1.951	2,2
ZFP2	ADORA2A	-0.55543	48.54	-5.4E-01	rgb(101,146,237)	1.951	2,2
NEUROG3	CAMK2B	0.55466	48.53	0.529	rgb(223,116,117)	1.9508	None
PRDM16	MAP6	-0.55466	48.53	-5.3E-01	rgb(102,147,237)	1.9508	None
ST18	SYCP2	0.55466	48.53	0.532	rgb(223,115,116)	1.9508	None
ZNF382	EVL	-0.55466	48.53	-5.3E-01	rgb(103,148,237)	1.9508	None
ASCL1	PBX1	0.55388	48.52	0.518	rgb(223,118,119)	1.9506	None
ASCL1	PCDHB15	0.55388	48.52	0.522	rgb(223,117,118)	1.9506	None
ASCL1	PDGFD	0.55388	48.52	0.518	rgb(223,118,119)	1.9506	None
EGR3	RORC	0.55388	48.52	0.516	rgb(223,119,120)	1.9506	None
HHEX	SGSM1	0.55388	48.52	0.517	rgb(223,118,119)	1.9506	None
MAFA	KANK2	-0.55388	48.52	-5.2E-01	rgb(105,149,237)	1.9506	None
MAFB	RPS3	-0.55388	48.52	-5.2E-01	rgb(104,148,237)	1.9506	None
NR4A2	REM2	0.55388	48.52	0.522	rgb(223,117,118)	1.9506	None
ONECUT1	LOC441204	0.55388	48.52	0.521	rgb(223,117,118)	1.9506	2,2
ONECUT3	AL832439	0.55388	48.52	0.522	rgb(223,117,118)	1.9506	2,2
PAX6	POU2F2	-0.55388	48.52	-5.2E-01	rgb(104,148,237)	1.9506	None
RFX3	PTCHD2	0.55388	48.52	0.521	rgb(223,117,119)	1.9506	2,2
SMAD9	LMX1B	0.55388	48.52	0.521	rgb(223,117,119)	1.9506	None
ARX	CPA1	-0.55311	48.51	-5.1E-01	rgb(107,150,236)	1.9504	None
ELF4	HHEX	-0.55311	48.51	-5.1E-01	rgb(107,150,236)	1.9504	None
ELF4	ZFP62	-0.55311	48.51	-5.1E-01	rgb(106,150,236)	1.9504	None
ETS1	TSSK4	-0.55311	48.51	-5.1E-01	rgb(105,149,237)	1.9504	None
GATA4	BC022892	0.55311	48.51	0.506	rgb(223,120,121)	1.9504	2,2
LHX1	ST8SIA6-AS1	-0.55311	48.51	-5.1E-01	rgb(107,150,236)	1.9504	None
LMX1A	SNAP25	-0.55311	48.51	-5.1E-01	rgb(107,150,236)	1.9504	None
MAFA	PCDH20	0.55311	48.51	0.511	rgb(223,119,120)	1.9504	2,2
NEUROG3	CD99L2	0.55311	48.51	0.509	rgb(223,120,121)	1.9504	None
NFAT5	DLC1	0.55311	48.51	0.513	rgb(223,119,120)	1.9504	None
NR4A2	CD96	0.55311	48.51	0.511	rgb(223,119,120)	1.9504	None
NR4A2	CELSR3	0.55311	48.51	0.506	rgb(223,120,121)	1.9504	None
NR4A2	STXBP5L	-0.55311	48.51	-5.1E-01	rgb(107,150,236)	1.9504	None
NR4A2	TMEM190	-0.55311	48.51	-5.1E-01	rgb(105,149,237)	1.9504	None
TFCP2L1	TUBA1A	0.55311	48.51	0.51	rgb(223,120,121)	1.9504	None
ZNF382	RBP2	0.55311	48.51	0.508	rgb(223,120,121)	1.9504	None
ARX	LOC100131257	0.55234	48.5	0.498	rgb(222,122,123)	1.9502	2,2
HIC1	AX747826	-0.55234	48.5	-5.0E-01	rgb(109,151,236)	1.9502	2,2
HIC1	CELF5	-0.55234	48.5	-5.0E-01	rgb(108,151,236)	1.9502	None
LMX1A	SLC25A53	-0.55234	48.5	-5.0E-01	rgb(109,151,236)	1.9502	None
RFX6	GRAMD2	0.55234	48.5	0.501	rgb(223,121,122)	1.9502	2,2
ZNF382	GFRA3	-0.55234	48.5	-5.0E-01	rgb(108,151,236)	1.9502	None
ZNF846	CFC1	-0.55234	48.5	-5.0E-01	rgb(109,151,236)	1.9502	None
ZNF846	KCNH6	-0.55234	48.5	-5.0E-01	rgb(109,151,236)	1.9502	None
FOXP2	LGR6	-0.55156	48.49	-4.9E-01	rgb(110,152,236)	1.95	None
LMX1B	TOX3	-0.55156	48.49	-4.9E-01	rgb(110,152,236)	1.95	None
LTF	SH3GL1P1	0.55156	48.49	0.492	rgb(222,123,124)	1.95	2,2
MAFA	KCNB2	0.55156	48.49	0.49	rgb(222,123,124)	1.95	None
MAFA	MAP1A	0.55156	48.49	0.49	rgb(222,123,124)	1.95	None
MAFA	RPLP0P2	0.55156	48.49	0.495	rgb(222,123,123)	1.95	None
NEUROD1	CA8	0.55156	48.49	0.49	rgb(222,123,124)	1.95	None
NR4A3	RSAD2	0.55156	48.49	0.487	rgb(222,124,125)	1.95	None
ONECUT1	SIDT1	-0.55156	48.49	-4.9E-01	rgb(110,152,236)	1.95	None
PBX1	ATF5	0.55156	48.49	0.492	rgb(222,123,124)	1.95	None
PDX1	VGF	0.55156	48.49	0.489	rgb(222,124,125)	1.95	None
SMAD9	CDKN1A	0.55156	48.49	0.487	rgb(222,124,125)	1.95	None
SOX4	TAF9B	0.55156	48.49	0.487	rgb(222,124,125)	1.95	None
GRHL3	FAM19A5	0.55156	48.49	0.489	rgb(222,124,125)	1.95	2,2
ASCL1	SCN1B	0.55079	48.48	0.48	rgb(222,125,126)	1.9498	None
LMX1B	ACTL6B	0.55079	48.48	0.483	rgb(222,125,126)	1.9498	None
MAFB	CLCNKA	0.55079	48.48	0.478	rgb(222,126,127)	1.9498	None
NKX6-1	BCAT1	0.55079	48.48	0.476	rgb(222,126,127)	1.9498	None
PBX1	DOK6	-0.55079	48.48	-4.8E-01	rgb(113,154,235)	1.9498	None
SMAD9	IGFN1	0.55079	48.48	0.476	rgb(222,126,127)	1.9498	None
ZNF846	FRZB	-0.55079	48.48	-4.8E-01	rgb(113,154,235)	1.9498	2,2
ARNT2	FAM161A	-0.55002	48.47	-4.7E-01	rgb(115,155,235)	1.9496	None
ARX	HCP5	-0.55002	48.47	-4.7E-01	rgb(115,155,235)	1.9496	None
ELF4	FGF9	-0.55002	48.47	-4.7E-01	rgb(115,155,235)	1.9496	None
LMX1A	ST8SIA6-AS1	0.55002	48.47	0.469	rgb(222,127,128)	1.9496	None
MAFA	EMB	0.55002	48.47	0.473	rgb(222,127,128)	1.9496	None
PAX6	CBX4	0.55002	48.47	0.472	rgb(222,127,128)	1.9496	None
RFX6	IGSF21	0.55002	48.47	0.468	rgb(222,128,128)	1.9496	None
SPIB	UCP2	-0.55002	48.47	-4.7E-01	rgb(116,155,235)	1.9496	None
ZNF846	LHX1	0.55002	48.47	0.472	rgb(222,127,128)	1.9496	None
AEBP1	AK316092	0.55002	48.47	0.466	rgb(222,128,129)	1.9496	2,2
LMX1B	MSMB	0.54924	48.46	0.464	rgb(222,128,129)	1.9494	None
MAFF	NPSR1-AS1	-0.54924	48.46	-4.6E-01	rgb(116,156,235)	1.9494	None
NR4A2	CPE	0.54924	48.46	0.461	rgb(222,129,130)	1.9494	None
NR4A2	SV2A	-0.54924	48.46	-4.6E-01	rgb(117,156,235)	1.9494	None
ONECUT2	SMARCD2	0.54924	48.46	0.456	rgb(222,130,131)	1.9494	None
PAX6	ASCL2	0.54924	48.46	0.464	rgb(222,128,129)	1.9494	None
RFX3	KCNH3	0.54924	48.46	0.46	rgb(222,129,130)	1.9494	None
TEAD1	NR4A2	-0.54924	48.46	-4.6E-01	rgb(118,157,234)	1.9494	None
TEAD2	CHD5	-0.54924	48.46	-4.6E-01	rgb(117,156,235)	1.9494	None
HSF2	CAMK1G	-0.54847	48.45	-4.5E-01	rgb(120,158,234)	1.9492	None
MAFF	TMEM35	-0.54847	48.45	-4.5E-01	rgb(120,158,234)	1.9492	2,2
MLXIPL	CELA3A	0.54847	48.45	0.447	rgb(222,132,133)	1.9492	None
PAX6	SLC38A5	0.54847	48.45	0.45	rgb(222,131,132)	1.9492	None
RFX3	CACNG4	0.54847	48.45	0.451	rgb(222,131,132)	1.9492	None
ARNT2	SV2A	-0.5477	48.44	-4.4E-01	rgb(122,159,234)	1.949	None
ELF4	EID2	-0.5477	48.44	-4.4E-01	rgb(122,159,234)	1.949	None
LHX1	CACNA2D1	0.5477	48.44	0.442	rgb(222,133,133)	1.949	None
LMX1B	FRMPD4	0.5477	48.44	0.443	rgb(222,132,133)	1.949	None
MAFB	CCL19	0.5477	48.44	0.44	rgb(222,133,134)	1.949	None
NR4A2	AK091275	0.5477	48.44	0.44	rgb(222,133,134)	1.949	2,2
PDX1	MAFB	0.5477	48.44	0.443	rgb(222,132,133)	1.949	None
TFCP2L1	PODXL2	0.5477	48.44	0.442	rgb(222,133,133)	1.949	None
ARX	NOTUM	-0.54692	48.43	-4.3E-01	rgb(124,160,233)	1.9488	None
FOXP2	DOCK8	-0.54692	48.43	-4.3E-01	rgb(123,160,233)	1.9488	None
HIF1A	FOXD4L2	-0.54692	48.43	-4.3E-01	rgb(124,161,233)	1.9488	2,2
MAFB	GOLGA6L5	0.54692	48.43	0.427	rgb(222,135,136)	1.9488	2,2
NEUROD2	RASL10B	0.54692	48.43	0.432	rgb(222,135,135)	1.9488	2,2
ETS1	NHLH1	0.54615	48.42	0.417	rgb(222,137,138)	1.9486	None
LMX1A	TMEM212	0.54615	48.42	0.421	rgb(222,137,137)	1.9486	None
MAFA	HES4	0.54615	48.42	0.421	rgb(222,137,138)	1.9486	None
MAFA	TUBB3	-0.54615	48.42	-4.2E-01	rgb(126,161,233)	1.9486	None
ST18	ACSS3	-0.54615	48.42	-4.2E-01	rgb(127,162,233)	1.9486	None
ARNT2	CHRNB2	-0.54537	48.41	-4.1E-01	rgb(127,162,233)	1.9484	None
ARX	VASH2	-0.54537	48.41	-4.1E-01	rgb(128,163,233)	1.9484	None
LMX1A	ADAMTSL1	-0.54537	48.41	-4.1E-01	rgb(129,163,232)	1.9484	None
LMX1B	NACAD	0.54537	48.41	0.406	rgb(221,140,140)	1.9484	None
NPAS3	ASCL1	0.54537	48.41	0.409	rgb(221,139,140)	1.9484	2,2
ETS1	FAM110B	0.5446	48.4	0.404	rgb(221,140,141)	1.9482	None
MYRF	BC010924	-0.5446	48.4	-4.0E-01	rgb(130,164,232)	1.9482	2,2
ONECUT1	MURC	0.5446	48.4	0.401	rgb(221,140,141)	1.9482	2,2
PDX1	KIF1A	0.5446	48.4	0.4	rgb(221,141,141)	1.9482	None
SOX4	KCNF1	0.5446	48.4	0.403	rgb(221,140,141)	1.9482	None
ZNF492	EGR3	0.5446	48.4	0.399	rgb(221,141,142)	1.9482	None
ARNT2	CELF5	-0.54383	48.39	-3.9E-01	rgb(133,166,232)	1.948	None
ARX	SERTAD1	-0.54383	48.39	-3.9E-01	rgb(132,165,232)	1.948	None
ELF4	AVPR1B	-0.54383	48.39	-3.9E-01	rgb(133,166,232)	1.948	None
FOXA2	TMPRSS6	-0.54383	48.39	-3.9E-01	rgb(132,165,232)	1.948	None
LHX1	HOPX	-0.54383	48.39	-3.9E-01	rgb(133,166,232)	1.948	None
NR4A2	CXXC4	0.54383	48.39	0.388	rgb(221,143,144)	1.948	None
PBX1	GCH1	-0.54383	48.39	-3.9E-01	rgb(133,166,232)	1.948	None
PDX1	CD96	-0.54383	48.39	-3.9E-01	rgb(132,166,232)	1.948	None
EGR3	REEP2	-0.54305	48.38	-3.8E-01	rgb(134,167,232)	1.9478	None
EGR3	USH2A	-0.54305	48.38	-3.8E-01	rgb(135,167,231)	1.9478	None
ETS1	SMTNL2	0.54305	48.38	0.38	rgb(221,144,145)	1.9478	None
HSF2	ID4	-0.54305	48.38	-3.8E-01	rgb(134,166,232)	1.9478	None
LHX1	FAM13A-AS1	-0.54305	48.38	-3.8E-01	rgb(135,167,231)	1.9478	None
NR4A3	INSM1	-0.54305	48.38	-3.8E-01	rgb(135,167,231)	1.9478	None
CBX2	RIC3	0.54305	48.38	0.378	rgb(221,145,146)	1.9478	2,2
NPAS3	CRISPLD1	0.54305	48.38	0.385	rgb(221,143,144)	1.9478	2,2
EGR3	CD300LF	-0.54228	48.37	-3.7E-01	rgb(138,169,231)	1.9476	None
ETS1	ZNF853	0.54228	48.37	0.371	rgb(221,146,147)	1.9476	None
LHX1	DPP10	0.54228	48.37	0.365	rgb(221,147,148)	1.9476	None
LHX1	GATA6	0.54228	48.37	0.366	rgb(221,147,148)	1.9476	None
MAFF	AL117485	-0.54151	48.36	-3.6E-01	rgb(139,169,231)	1.9474	2,2
MAFF	RAP1GAP2	-0.54151	48.36	-3.6E-01	rgb(138,169,231)	1.9474	None
MYRF	AX747826	-0.54151	48.36	-3.6E-01	rgb(139,170,231)	1.9474	2,2
RFX3	CRIP2	0.54151	48.36	0.36	rgb(221,148,149)	1.9474	None
AEBP1	NKX6-1	0.54151	48.36	0.356	rgb(221,149,150)	1.9474	2,2
ETS1	ENPP2	0.54073	48.35	0.35	rgb(221,150,151)	1.9472	None
GATA4	DNAH11	0.54073	48.35	0.346	rgb(221,151,152)	1.9472	None
ONECUT3	FGF2	0.54073	48.35	0.354	rgb(221,149,150)	1.9472	None
GATA4	SLC7A4	-0.53996	48.34	-3.4E-01	rgb(143,172,230)	1.947	None
HSF2	SV2A	-0.53996	48.34	-3.4E-01	rgb(142,172,230)	1.947	None
NEUROG3	ANKRD20A8P	-0.53996	48.34	-3.4E-01	rgb(144,172,230)	1.947	2,2
NR4A2	ACSS3	0.53996	48.34	0.336	rgb(221,153,153)	1.947	None
ONECUT1	MTUS2	0.53996	48.34	0.341	rgb(221,152,153)	1.947	None
PBX1	C2CD4A	0.53996	48.34	0.341	rgb(221,152,153)	1.947	None
PBX1	NPAS3	-0.53996	48.34	-3.4E-01	rgb(142,172,230)	1.947	None
PRDM16	SGSM1	-0.53996	48.34	-3.4E-01	rgb(142,172,230)	1.947	None
SIM1	FAM179A	0.53996	48.34	0.342	rgb(221,152,152)	1.947	2,2
ELF4	SFRP1	-0.53919	48.33	-3.3E-01	rgb(146,174,229)	1.9468	None
LMX1A	PTPRN2	-0.53919	48.33	-3.3E-01	rgb(146,174,230)	1.9468	None
MAFB	MAST1	0.53919	48.33	0.331	rgb(221,154,154)	1.9468	None
MYRF	AK026777	-0.53919	48.33	-3.3E-01	rgb(145,173,230)	1.9468	2,2
MYRF	AX748379	-0.53919	48.33	-3.3E-01	rgb(146,174,229)	1.9468	2,2
NFAT5	CCDC154	-0.53919	48.33	-3.3E-01	rgb(146,174,229)	1.9468	2,2
PRDM16	RGS4	-0.53919	48.33	-3.3E-01	rgb(145,173,230)	1.9468	None
ZFHX2	TAC1	-0.53919	48.33	-3.3E-01	rgb(146,174,229)	1.9468	2,2
ETV1	BCORL1	-0.53841	48.32	-3.2E-01	rgb(148,175,229)	1.9466	None
LHX1	PGM5	0.53841	48.32	0.315	rgb(220,157,157)	1.9466	None
PBX1	ATOH8	0.53841	48.32	0.317	rgb(220,157,157)	1.9466	None
PDX1	DLGAP3	-0.53841	48.32	-3.2E-01	rgb(147,174,229)	1.9466	None
PDX1	KCNH3	-0.53841	48.32	-3.2E-01	rgb(147,175,229)	1.9466	None
PDX1	SULT1C2P1	-0.53841	48.32	-3.2E-01	rgb(148,175,229)	1.9466	None
PRDM16	HCN4	0.53841	48.32	0.315	rgb(220,157,157)	1.9466	None
PRDM16	HEPACAM2	-0.53841	48.32	-3.2E-01	rgb(147,175,229)	1.9466	None
TFCP2L1	HMGB3	0.53841	48.32	0.319	rgb(221,156,157)	1.9466	None
ARX	TUBB2B	-0.53764	48.31	-3.1E-01	rgb(149,176,229)	1.9464	None
FEV	EGFR	-0.53764	48.31	-3.1E-01	rgb(149,176,229)	1.9464	None
MAFB	HCP5	0.53764	48.31	0.315	rgb(220,157,157)	1.9464	None
NEUROD2	FLJ38723	0.53764	48.31	0.312	rgb(220,157,158)	1.9464	2,2
NEUROG3	MXI1	0.53764	48.31	0.312	rgb(220,157,158)	1.9464	None
PAX4	CNTN3	-0.53764	48.31	-3.1E-01	rgb(150,176,229)	1.9464	2,2
SOX4	MMP11	0.53764	48.31	0.312	rgb(220,157,158)	1.9464	None
TEAD1	NHLH1	-0.53764	48.31	-3.1E-01	rgb(150,177,229)	1.9464	None
ARX	AX747756	0.53687	48.3	0.296	rgb(220,161,161)	1.9462	2,2
EGR3	TTLL6	-0.53687	48.3	-3.0E-01	rgb(152,178,228)	1.9462	None
MAFF	CDH22	-0.53687	48.3	-3.0E-01	rgb(152,177,228)	1.9462	None
NEUROD2	IGSF10	0.53687	48.3	0.304	rgb(220,159,159)	1.9462	None
NR4A2	CHGB	-0.53687	48.3	-3.0E-01	rgb(151,177,229)	1.9462	None
NR4A2	DDC	-0.53687	48.3	-3.0E-01	rgb(153,178,228)	1.9462	None
ONECUT1	GDAP1	0.53687	48.3	0.302	rgb(220,159,160)	1.9462	None
PAX6	TCEAL1	-0.53687	48.3	-3.0E-01	rgb(151,177,229)	1.9462	None
PDX1	RAB36	-0.53687	48.3	-3.0E-01	rgb(152,178,228)	1.9462	None
PRDM16	NALCN	0.53687	48.3	0.296	rgb(220,161,161)	1.9462	None
SPIB	ELF4	0.53687	48.3	0.301	rgb(220,160,160)	1.9462	None
NPAS3	NXF2	0.53687	48.3	0.299	rgb(220,160,160)	1.9462	2,2
ZFP2	AK125960	-0.53687	48.3	-3.0E-01	rgb(152,177,228)	1.9462	2,2
ARX	KLK12	-0.53609	48.29	-2.9E-01	rgb(155,179,228)	1.946	None
RFX3	MAP1A	0.53609	48.29	0.288	rgb(220,162,163)	1.946	None
ST18	SYP	-0.53609	48.29	-2.9E-01	rgb(155,179,228)	1.946	None
TEAD2	BEX2	0.53609	48.29	0.285	rgb(220,163,163)	1.946	None
ZFHX2	CLSPN	0.53609	48.29	0.29	rgb(220,162,162)	1.946	None
SIM1	PCDHB10	0.53609	48.29	0.295	rgb(220,161,161)	1.946	2,2
ELF4	SPIB	-0.53532	48.28	-2.8E-01	rgb(156,180,228)	1.9458	None
ISL1	HGFAC	-0.53532	48.28	-2.8E-01	rgb(157,180,228)	1.9458	None
LMX1B	JAM3	0.53532	48.28	0.282	rgb(220,163,164)	1.9458	None
MAFF	ELF4	0.53532	48.28	0.277	rgb(220,164,165)	1.9458	None
NR4A2	MAPK12	0.53532	48.28	0.28	rgb(220,163,164)	1.9458	None
RFX2	BRS3	0.53532	48.28	0.275	rgb(220,164,165)	1.9458	None
ZFHX2	SYCP2	0.53532	48.28	0.277	rgb(220,164,165)	1.9458	None
EGR3	CCDC74A	-0.53454	48.27	-2.7E-01	rgb(158,181,227)	1.9456	None
ELF4	PTPRN	-0.53454	48.27	-2.7E-01	rgb(158,181,227)	1.9456	None
HSF2	LRRTM3	0.53454	48.27	0.266	rgb(220,166,167)	1.9456	None
MAFA	SYNGR3	0.53454	48.27	0.275	rgb(220,165,165)	1.9456	None
ONECUT3	PRDM16	0.53454	48.27	0.273	rgb(220,165,165)	1.9456	None
RFX3	MAPK8IP1	0.53454	48.27	0.266	rgb(220,166,167)	1.9456	None
ZFHX2	SYN1	-0.53454	48.27	-2.7E-01	rgb(158,181,227)	1.9456	None
ZFP90	FAM64A	0.53454	48.27	0.265	rgb(220,166,167)	1.9456	2,2
ZNF846	SLC12A5	-0.53454	48.27	-2.7E-01	rgb(158,181,227)	1.9456	None
HIC1	STXBP1	-0.53377	48.26	-2.6E-01	rgb(160,182,227)	1.9454	None
NEUROD1	CACNA2D1	0.53377	48.26	0.262	rgb(220,167,168)	1.9454	None
NEUROG3	SERPINI1	0.53377	48.26	0.262	rgb(220,167,168)	1.9454	None
PDX1	SMTNL2	0.53377	48.26	0.262	rgb(220,167,168)	1.9454	None
TGIF2	DKK3	-0.53377	48.26	-2.6E-01	rgb(161,183,227)	1.9454	None
ARX	SLC38A3	-0.533	48.25	-2.5E-01	rgb(162,183,227)	1.9452	None
ETV1	CITED1	0.533	48.25	0.249	rgb(220,169,170)	1.9452	None
GATA2	TPH1	0.533	48.25	0.248	rgb(220,170,170)	1.9452	None
NKX2-2	APLN	0.533	48.25	0.249	rgb(220,170,170)	1.9452	None
PDX1	HDAC7	-0.533	48.25	-2.5E-01	rgb(162,183,227)	1.9452	None
RFX6	POU2F2	0.533	48.25	0.254	rgb(220,168,169)	1.9452	None
ZFHX2	AGAP11	0.533	48.25	0.249	rgb(220,170,170)	1.9452	None
ZFHX2	CBX2	-0.533	48.25	-2.5E-01	rgb(162,183,227)	1.9452	None
ZFHX2	CCK	-0.533	48.25	-2.5E-01	rgb(164,184,226)	1.9452	None
ELF4	ACBD7	-0.53222	48.24	-2.4E-01	rgb(166,186,226)	1.945	None
RFX6	CA8	0.53222	48.24	0.243	rgb(220,171,171)	1.945	None
NPAS3	AK022997	0.53222	48.24	0.237	rgb(220,172,172)	1.945	2,2
NPAS3	FAM181B	0.53222	48.24	0.238	rgb(220,172,172)	1.945	2,2
ARX	VSTM2L	-0.53145	48.23	-2.3E-01	rgb(167,186,226)	1.9448	None
ETV1	CLIP3	-0.53145	48.23	-2.3E-01	rgb(167,187,226)	1.9448	None
HOMEZ	MFAP2	-0.53145	48.23	-2.3E-01	rgb(168,187,226)	1.9448	2,2
LMX1A	RAB3C	-0.53145	48.23	-2.3E-01	rgb(168,187,226)	1.9448	None
LMX1B	GAD2	0.53145	48.23	0.234	rgb(220,172,173)	1.9448	None
MAFA	PDGFD	0.53145	48.23	0.228	rgb(220,173,174)	1.9448	None
NEUROG3	P2RX6	0.53145	48.23	0.234	rgb(220,172,173)	1.9448	None
PDX1	IFI44L	-0.53145	48.23	-2.3E-01	rgb(168,187,226)	1.9448	None
HSF2	RPLP0P2	0.53068	48.22	0.222	rgb(219,175,175)	1.9446	None
PAX4	LAPTM5	-0.53068	48.22	-2.2E-01	rgb(169,188,225)	1.9446	None
PDX1	HLA-DPA1	0.53068	48.22	0.224	rgb(219,174,175)	1.9446	None
RFX6	ADAMTS2	0.53068	48.22	0.217	rgb(219,176,176)	1.9446	None
ZFHX2	CACNA1C	-0.53068	48.22	-2.2E-01	rgb(170,188,225)	1.9446	None
EGR3	PTPN22	-0.5299	48.21	-2.1E-01	rgb(172,189,225)	1.9444	None
ELF4	KCNK17	-0.5299	48.21	-2.1E-01	rgb(171,189,225)	1.9444	None
LHX1	TSHZ1	0.5299	48.21	0.206	rgb(219,178,178)	1.9444	None
LMX1A	CCK	-0.5299	48.21	-2.1E-01	rgb(172,190,225)	1.9444	None
PAX6	TAF9B	-0.5299	48.21	-2.1E-01	rgb(172,190,225)	1.9444	None
ELF4	CHGB	-0.52913	48.2	-2.0E-01	rgb(173,190,225)	1.9442	None
ONECUT1	SPTBN4	0.52913	48.2	0.199	rgb(219,179,179)	1.9442	None
RFX6	LINC00261	0.52913	48.2	0.197	rgb(219,179,180)	1.9442	None
ZNF846	TMEFF1	-0.52913	48.2	-2.0E-01	rgb(174,191,225)	1.9442	None
LHX1	GCG	-0.52836	48.19	-1.9E-01	rgb(175,192,224)	1.944	None
MAFA	MCOLN3	0.52836	48.19	0.192	rgb(219,180,181)	1.944	None
MAFF	ATP6V1G2	-0.52836	48.19	-1.9E-01	rgb(175,191,224)	1.944	None
GATA2	RCOR3	0.52758	48.18	0.182	rgb(219,182,183)	1.9438	None
SOX4	RSPH4A	0.52758	48.18	0.184	rgb(219,182,182)	1.9438	None
ZNF846	DLGAP3	0.52758	48.18	0.182	rgb(219,182,183)	1.9438	None
ZFHX2	CPB1	-0.52681	48.17	-1.7E-01	rgb(181,195,223)	1.9436	None
ZFHX2	RAB3C	-0.52681	48.17	-1.7E-01	rgb(180,194,224)	1.9436	None
MYRF	ACSS3	0.52604	48.16	0.161	rgb(219,186,187)	1.9434	None
ONECUT2	CORO2B	0.52604	48.16	0.161	rgb(219,186,187)	1.9434	None
MYT1	ERO1LB	0.52604	48.16	0.157	rgb(219,187,187)	1.9434	2,2
NEUROD2	KCNK3	0.52526	48.15	0.154	rgb(219,188,188)	1.9432	None
RORC	GFRA1	-0.52526	48.15	-1.5E-01	rgb(185,197,223)	1.9432	None
ARX	CAMK2B	-0.52449	48.14	-1.4E-01	rgb(186,198,222)	1.943	None
ARX	SCGB1A1	-0.52449	48.14	-1.4E-01	rgb(186,198,222)	1.943	None
EGR3	WDR17	-0.52449	48.14	-1.4E-01	rgb(187,199,222)	1.943	None
ONECUT1	FAT3	0.52449	48.14	0.144	rgb(219,190,190)	1.943	None
ONECUT1	BCAT1	0.52372	48.13	0.128	rgb(218,192,193)	1.9428	None
SMAD9	SAMD11	0.52372	48.13	0.134	rgb(218,191,192)	1.9428	None
NEUROD1	NEURL	0.52294	48.12	0.12	rgb(218,194,194)	1.9426	2,2
ARX	MMP11	-0.52217	48.11	-1.1E-01	rgb(194,203,221)	1.9424	None
MAFA	MLLT11	-0.52217	48.11	-1.1E-01	rgb(192,202,221)	1.9424	None
PRDM16	SPIB	-0.52217	48.11	-1.1E-01	rgb(192,202,221)	1.9424	None
GATA4	ZFP82	0.52139	48.1	0.103	rgb(218,197,197)	1.9422	None
ONECUT1	KCNMB2	0.52139	48.1	0.104	rgb(218,197,197)	1.9422	None
ARX	CTTNBP2	-0.52062	48.09	-8.6E-02	rgb(198,206,220)	1.942	None
ELF4	GNAO1	0.52062	48.09	0.091	rgb(218,200,200)	1.942	None
HSF2	HCN4	-0.52062	48.09	-8.6E-02	rgb(198,206,220)	1.942	None
TFCP2L1	SPDYE7P	-0.52062	48.09	-9.1E-02	rgb(197,205,220)	1.942	None
NR4A2	SLC6A16	0.51985	48.08	0.08	rgb(218,202,202)	1.9418	None
RFX2	CRIP2	0.51907	48.07	0.067	rgb(218,204,204)	1.9416	None
ZFHX2	PCDH20	-0.51907	48.07	-6.7E-02	rgb(202,208,220)	1.9416	2,2
ASCL1	PTGDR2	0.5183	48.06	0.064	rgb(218,205,205)	1.9414	None
LMX1B	RGS16	-0.5183	48.06	-5.8E-02	rgb(204,209,219)	1.9414	None
LHX1	METTL21EP	-0.51753	48.05	-4.7E-02	rgb(207,211,219)	1.9412	None
ETS1	PBOV1	-0.51675	48.04	-4.4E-02	rgb(207,211,219)	1.941	None
MAFA	TMEM132C	0.51675	48.04	0.043	rgb(217,209,209)	1.941	None
NEUROD1	IL17C	-0.51598	48.03	-2.6E-02	rgb(211,214,218)	1.9408	None
NHLH1	CENPE	0.51598	48.03	0.03	rgb(217,211,211)	1.9408	None
SIM1	GPR112	0.51521	48.02	0.02	rgb(217,213,213)	1.9406	2,2
FEV	EID1	0.51443	48.01	0.012	rgb(217,215,215)	1.9404	None
SMAD9	LIN7A	0.51443	48.01	0.013	rgb(217,215,215)	1.9404	None
MYT1	HLA-DQA2	0.51366	47.91	0.912	rgb(227, 43, 45)	1.9384	2,2
TFCP2L1	BTBD11	0.51294	47.89	0.893	rgb(227, 46, 48)	1.938	None
ARX	ALAS2	-0.51223	47.87	-8.7E-01	rgb( 27,102,250)	1.9376	None
FOXA1	BTBD11	0.51223	47.87	0.874	rgb(227, 50, 52)	1.9376	None
ELF4	VOPP1	0.51151	47.86	0.861	rgb(226, 53, 54)	1.9374	None
NEUROD1	PCSK2	0.51151	47.86	0.861	rgb(226, 53, 54)	1.9374	None
NEUROD2	CLPS	0.51151	47.86	0.858	rgb(226, 53, 55)	1.9374	None
SPIB	QSOX2	-0.5108	47.84	-8.4E-01	rgb( 34,106,249)	1.937	None
SPIB	VWCE	-0.5108	47.84	-8.4E-01	rgb( 34,106,249)	1.937	None
MYT1	CADM3	0.5108	47.84	0.844	rgb(226, 56, 57)	1.937	2,2
HIC1	EGFR	0.51009	47.83	0.835	rgb(226, 58, 59)	1.9368	None
SOX4	BAALC	-0.51009	47.83	-8.3E-01	rgb( 36,107,249)	1.9368	None
FOXA2	ATF7IP	0.50937	47.82	0.825	rgb(226, 59, 61)	1.9366	None
SOX4	PROX1	0.50937	47.82	0.822	rgb(226, 60, 62)	1.9366	None
TFCP2L1	BC107568	0.50937	47.82	0.822	rgb(226, 60, 62)	1.9366	2,2
ZNF846	PDE2A	-0.50866	47.81	-8.1E-01	rgb( 41,110,248)	1.9364	None
ONECUT1	CPLX1	0.50794	47.8	0.796	rgb(226, 65, 67)	1.9362	None
SOX4	TMEFF2	-0.50794	47.8	-8.0E-01	rgb( 44,112,247)	1.9362	None
EGR3	MAP3K12	-0.50723	47.79	-7.9E-01	rgb( 46,113,247)	1.936	None
SPIB	MYBPC2	-0.50723	47.79	-7.9E-01	rgb( 46,113,247)	1.936	None
EGR3	LEFTY1	-0.50651	47.78	-7.8E-01	rgb( 48,114,247)	1.9358	None
FEV	MAPK12	0.50651	47.78	0.777	rgb(226, 69, 70)	1.9358	None
HSF2	TTYH2	-0.50651	47.78	-7.8E-01	rgb( 47,114,247)	1.9358	None
ONECUT1	GRB14	0.50651	47.78	0.777	rgb(226, 69, 70)	1.9358	None
PAX6	SOX4	-0.50651	47.78	-7.8E-01	rgb( 48,114,247)	1.9358	None
FOXA1	TTLL7	0.5058	47.77	0.775	rgb(226, 69, 71)	1.9356	None
GATA2	DPEP1	-0.5058	47.77	-7.7E-01	rgb( 50,116,246)	1.9356	None
GATA6	TRIM35	-0.5058	47.77	-7.7E-01	rgb( 50,115,246)	1.9356	None
HOXB9	MAGED1	-0.5058	47.77	-7.7E-01	rgb( 49,115,246)	1.9356	None
PDX1	GADD45A	0.5058	47.77	0.768	rgb(225, 70, 72)	1.9356	None
TFCP2L1	ADCY1	0.5058	47.77	0.767	rgb(225, 71, 72)	1.9356	None
GATA4	GAP43	0.50508	47.76	0.764	rgb(225, 71, 73)	1.9354	None
HHEX	ENPP1	0.50508	47.76	0.764	rgb(225, 71, 73)	1.9354	None
HSF2	PTPRN2	-0.50508	47.76	-7.6E-01	rgb( 51,116,246)	1.9354	None
LHX1	SSBP2	0.50508	47.76	0.763	rgb(225, 71, 73)	1.9354	None
NKX2-2	AGAP11	-0.50508	47.76	-7.6E-01	rgb( 52,117,246)	1.9354	None
SMAD9	HERC5	0.50508	47.76	0.765	rgb(225, 71, 72)	1.9354	None
NPAS3	PCDHB9	0.50508	47.76	0.763	rgb(225, 71, 73)	1.9354	2,2
PAX4	PTCH1	-0.50437	47.75	-7.5E-01	rgb( 55,118,245)	1.9352	None
TFCP2L1	FAM110B	0.50437	47.75	0.748	rgb(225, 74, 76)	1.9352	None
ZNF846	VASH2	0.50437	47.75	0.748	rgb(225, 74, 76)	1.9352	None
ASCL1	CCDC146	-0.50365	47.74	-7.4E-01	rgb( 55,119,245)	1.935	None
MAFB	PRKXP1	0.50365	47.74	0.743	rgb(225, 75, 76)	1.935	None
MAFA	CHRM4	0.50294	47.73	0.73	rgb(225, 78, 79)	1.9348	None
NKX2-2	ATF6	-0.50294	47.73	-7.3E-01	rgb( 58,120,245)	1.9348	None
NR4A2	LOC283731	-0.50294	47.73	-7.3E-01	rgb( 60,121,245)	1.9348	2,2
TFCP2L1	NPSR1-AS1	0.50294	47.73	0.733	rgb(225, 77, 78)	1.9348	None
TFCP2L1	RBP1	0.50294	47.73	0.73	rgb(225, 78, 79)	1.9348	None
ZFHX2	DACT1	-0.50294	47.73	-7.3E-01	rgb( 59,121,245)	1.9348	2,2
ELF4	ICA1L	-0.50222	47.71	-7.1E-01	rgb( 63,123,244)	1.9344	None
LMX1A	MAPK8IP2	-0.50222	47.71	-7.1E-01	rgb( 62,123,244)	1.9344	2,2
NEUROD2	SERPINI1	0.50222	47.71	0.713	rgb(225, 81, 82)	1.9344	None
PDX1	FCGBP	-0.50222	47.71	-7.1E-01	rgb( 62,123,244)	1.9344	None
SOX4	CCDC40	0.50222	47.71	0.709	rgb(225, 82, 83)	1.9344	None
TGIF2	TPPP3	-0.50222	47.71	-7.1E-01	rgb( 63,123,244)	1.9344	None
ARX	MEX3B	-0.50151	47.7	-7.0E-01	rgb( 65,125,244)	1.9342	None
ETS1	AMPH	0.50151	47.7	0.7	rgb(225, 83, 85)	1.9342	None
FEV	KCNH6	0.50151	47.7	0.698	rgb(225, 84, 85)	1.9342	None
HIF1A	AK123868	-0.50151	47.7	-7.0E-01	rgb( 66,125,243)	1.9342	2,2
LMX1B	MCF2L	-0.50151	47.7	-7.0E-01	rgb( 65,125,244)	1.9342	None
LMX1B	TLE3	-0.50151	47.7	-7.0E-01	rgb( 65,125,244)	1.9342	None
NEUROD1	TTC7B	0.50151	47.7	0.695	rgb(225, 84, 86)	1.9342	None
ZNF382	AK024119	-0.50151	47.7	-7.0E-01	rgb( 66,125,244)	1.9342	2,2
FOXA1	TMEFF2	0.50079	47.69	0.693	rgb(225, 85, 86)	1.934	None
LMX1B	ATF7IP	-0.50079	47.69	-6.9E-01	rgb( 67,126,243)	1.934	None
NEUROG3	GRHL3	0.50079	47.69	0.695	rgb(225, 84, 86)	1.934	None
MAFB	BC020343	0.50008	47.68	0.68	rgb(224, 87, 88)	1.9338	2,2
NKX6-1	PTPN22	-0.50008	47.68	-6.8E-01	rgb( 69,127,243)	1.9338	None
ONECUT3	EGFR	0.50008	47.68	0.676	rgb(224, 88, 89)	1.9338	None
PDX1	GAD2	0.50008	47.68	0.682	rgb(224, 87, 88)	1.9338	None
RFX6	THBS4	0.50008	47.68	0.678	rgb(224, 87, 89)	1.9338	None
SMAD9	HSF2	-0.50008	47.68	-6.8E-01	rgb( 69,127,243)	1.9338	None
TFCP2L1	NOXO1	0.50008	47.68	0.681	rgb(224, 87, 88)	1.9338	None
HEYL	LOC646214	-0.49936	47.67	-6.7E-01	rgb( 72,129,242)	1.9336	2,2
LMX1B	KCNMB2	0.49936	47.67	0.668	rgb(224, 89, 91)	1.9336	None
ARX	PRDM16	0.49865	47.66	0.664	rgb(224, 90, 91)	1.9334	None
ATF6	NAALADL1	0.49865	47.66	0.661	rgb(224, 91, 92)	1.9334	None
LMX1A	TTLL6	-0.49865	47.66	-6.6E-01	rgb( 73,129,242)	1.9334	None
MAFB	C1QL1	0.49865	47.66	0.664	rgb(224, 90, 92)	1.9334	None
ATF5	AK026379	0.49793	47.65	0.653	rgb(224, 92, 94)	1.9332	2,2
HOXB9	HSF2	0.49793	47.65	0.648	rgb(224, 93, 95)	1.9332	None
SOX4	MAFA	0.49793	47.65	0.651	rgb(224, 93, 94)	1.9332	None
SPIB	ST8SIA5	0.49793	47.65	0.651	rgb(224, 93, 94)	1.9332	None
TEAD1	SDCBP2-AS1	-0.49793	47.65	-6.5E-01	rgb( 76,131,242)	1.9332	None
ZFHX2	AKR1B1	0.49793	47.65	0.652	rgb(224, 92, 94)	1.9332	None
MYT1	CLEC4G	0.49793	47.65	0.651	rgb(224, 93, 94)	1.9332	2,2
FEV	CLSPN	0.49722	47.64	0.64	rgb(224, 95, 96)	1.933	None
ONECUT1	APLN	-0.49722	47.64	-6.4E-01	rgb( 79,133,241)	1.933	None
EGR3	ICA1L	-0.4965	47.63	-6.3E-01	rgb( 81,134,241)	1.9328	None
FEV	PDX1	-0.4965	47.63	-6.3E-01	rgb( 81,134,241)	1.9328	None
LMX1A	DTX1	-0.4965	47.63	-6.3E-01	rgb( 81,134,241)	1.9328	None
ONECUT1	BAALC	0.4965	47.63	0.626	rgb(224, 97, 99)	1.9328	None
PBX1	CBFA2T3	0.4965	47.63	0.627	rgb(224, 97, 99)	1.9328	None
PRDM16	KCNH8	-0.4965	47.63	-6.3E-01	rgb( 81,134,241)	1.9328	None
KCNIP3	CRISPLD1	0.4965	47.63	0.628	rgb(224, 97, 98)	1.9328	2,2
GATA2	OSBPL6	-0.49579	47.62	-6.2E-01	rgb( 83,135,240)	1.9326	None
ONECUT1	HECW2	0.49579	47.62	0.618	rgb(224, 99,100)	1.9326	None
PAX6	BRS3	-0.49579	47.62	-6.2E-01	rgb( 82,135,241)	1.9326	None
RFX3	LRRC49	0.49579	47.62	0.621	rgb(224, 98,100)	1.9326	None
TFCP2L1	TMEM151B	0.49579	47.62	0.619	rgb(224, 99,100)	1.9326	None
ARX	UBE2Q2P2	0.49507	47.61	0.614	rgb(224,100,101)	1.9324	2,2
GATA2	NDRG4	-0.49507	47.61	-6.1E-01	rgb( 85,137,240)	1.9324	None
GATA4	AK124194	0.49507	47.61	0.613	rgb(224,100,101)	1.9324	2,2
LHX1	LDB1	0.49507	47.61	0.612	rgb(224,100,101)	1.9324	None
NHLH1	CYP27A1	0.49507	47.61	0.609	rgb(224,101,102)	1.9324	None
PDX1	HOPX	0.49507	47.61	0.605	rgb(224,101,103)	1.9324	None
PRDM16	CACNA1A	-0.49507	47.61	-6.1E-01	rgb( 84,136,240)	1.9324	None
PRDM16	MX2	0.49507	47.61	0.606	rgb(224,101,102)	1.9324	None
RORC	ISLR2	0.49507	47.61	0.613	rgb(224,100,101)	1.9324	None
TEAD2	GPC2	0.49507	47.61	0.612	rgb(224,100,101)	1.9324	None
ZFP28	BCL2	-0.49507	47.61	-6.1E-01	rgb( 85,137,240)	1.9324	None
LMX1A	GAD2	-0.49436	47.6	-6.0E-01	rgb( 88,138,240)	1.9322	None
LMX1A	MIR7-3HG	-0.49436	47.6	-6.0E-01	rgb( 88,138,240)	1.9322	None
PDX1	SLC7A4	0.49436	47.6	0.603	rgb(224,102,103)	1.9322	None
RFX6	TMEM190	0.49436	47.6	0.598	rgb(224,103,104)	1.9322	None
SOX4	NDRG4	-0.49436	47.6	-6.0E-01	rgb( 88,138,240)	1.9322	None
ZFP62	CR627225	0.49436	47.6	0.601	rgb(224,102,103)	1.9322	2,2
ETS1	JPH4	0.49365	47.59	0.595	rgb(224,103,105)	1.932	None
ETS1	PPP1R14A	0.49365	47.59	0.591	rgb(224,104,105)	1.932	None
HEYL	FRZB	-0.49365	47.59	-5.9E-01	rgb( 90,140,239)	1.932	2,2
HHEX	HBT8	0.49365	47.59	0.59	rgb(223,104,106)	1.932	2,2
LHX1	CIB4	-0.49365	47.59	-5.9E-01	rgb( 88,139,240)	1.932	None
LHX1	SYNM	-0.49365	47.59	-5.9E-01	rgb( 90,140,239)	1.932	None
MAFA	FFAR3	0.49365	47.59	0.586	rgb(223,105,106)	1.932	2,2
NEUROG3	CNOT6L	0.49365	47.59	0.588	rgb(223,105,106)	1.932	None
TFCP2L1	LRRC49	0.49365	47.59	0.591	rgb(224,104,105)	1.932	None
MYT1	LPPR5	0.49365	47.59	0.594	rgb(224,104,105)	1.932	2,2
HHEX	MAPK10	0.49293	47.58	0.585	rgb(223,105,107)	1.9318	None
NFAT5	LYPD8	0.49293	47.58	0.583	rgb(223,106,107)	1.9318	2,2
NKX2-2	TENM2	-0.49293	47.58	-5.8E-01	rgb( 91,140,239)	1.9318	None
ZFP82	DQ592230	-0.49293	47.58	-5.8E-01	rgb( 92,141,239)	1.9318	2,2
ATOH8	CNTN3	-0.49293	47.58	-5.8E-01	rgb( 91,140,239)	1.9318	2,2
ATF6	MAML3	-0.49222	47.57	-5.7E-01	rgb( 93,142,239)	1.9316	None
ETS1	USP41	0.49222	47.57	0.57	rgb(223,108,109)	1.9316	None
LHX1	CCDC146	-0.49222	47.57	-5.7E-01	rgb( 93,142,239)	1.9316	None
LMX1A	ZNRF3-AS1	-0.49222	47.57	-5.7E-01	rgb( 93,142,239)	1.9316	None
LMX1B	SCG3	0.49222	47.57	0.565	rgb(223,109,110)	1.9316	None
MAFF	WNK2	-0.49222	47.57	-5.7E-01	rgb( 94,142,239)	1.9316	None
NKX6-1	NPW	-0.49222	47.57	-5.7E-01	rgb( 93,142,239)	1.9316	None
SOX4	APBB2	0.49222	47.57	0.573	rgb(223,108,109)	1.9316	None
ARX	DQ592230	0.4915	47.56	0.558	rgb(223,110,112)	1.9314	2,2
ARX	SERF2-C15ORF63	-0.4915	47.56	-5.6E-01	rgb( 94,142,238)	1.9314	2,2
EGR3	FUT7	0.4915	47.56	0.56	rgb(223,110,111)	1.9314	None
ELF4	ST6GALNAC5	-0.4915	47.56	-5.6E-01	rgb( 97,144,238)	1.9314	None
HSF2	SHC3	-0.4915	47.56	-5.6E-01	rgb( 97,144,238)	1.9314	None
LMX1A	RASL11B	0.4915	47.56	0.558	rgb(223,110,112)	1.9314	None
LTF	MAGEA5	0.4915	47.56	0.557	rgb(223,111,112)	1.9314	2,2
NEUROD2	CHRNA3	0.4915	47.56	0.557	rgb(223,111,112)	1.9314	2,2
NR4A2	PYY	-0.4915	47.56	-5.6E-01	rgb( 95,143,238)	1.9314	None
ONECUT1	ONECUT1	0.4915	47.56	0.562	rgb(223,110,111)	1.9314	2,2
RFX2	IFIT1	0.4915	47.56	0.56	rgb(223,110,111)	1.9314	None
SMAD9	ATP6V0E2	-0.4915	47.56	-5.6E-01	rgb( 96,144,238)	1.9314	None
ZNF846	NEGR1	-0.4915	47.56	-5.6E-01	rgb( 96,144,238)	1.9314	None
ARNT2	RUNDC3A	-0.49079	47.55	-5.5E-01	rgb( 98,144,238)	1.9312	None
LMX1B	KCNN3	0.49079	47.55	0.553	rgb(223,111,112)	1.9312	None
MAFF	KCNMA1	0.49079	47.55	0.549	rgb(223,112,113)	1.9312	None
NFAT5	BRSK1	-0.49079	47.55	-5.5E-01	rgb( 98,145,238)	1.9312	None
PDX1	SLC30A4	-0.49079	47.55	-5.5E-01	rgb( 97,144,238)	1.9312	None
TEAD1	TMEFF2	-0.49079	47.55	-5.5E-01	rgb( 97,144,238)	1.9312	None
ZNF492	RAPGEF4	-0.49079	47.55	-5.5E-01	rgb( 97,144,238)	1.9312	None
ETS1	DUSP2	0.49007	47.54	0.543	rgb(223,113,114)	1.931	None
LHX1	ZNF519	-0.49007	47.54	-5.4E-01	rgb( 99,145,238)	1.931	None
NEUROD1	SPOCK3	0.49007	47.54	0.539	rgb(223,114,115)	1.931	None
TEAD1	VOPP1	-0.49007	47.54	-5.4E-01	rgb( 99,145,238)	1.931	None
ARNT2	RNF157	-0.48936	47.53	-5.3E-01	rgb(103,148,237)	1.9308	None
GATA4	PRELP	-0.48936	47.53	-5.3E-01	rgb(102,147,237)	1.9308	None
LHX1	ZBTB4	0.48936	47.53	0.529	rgb(223,116,117)	1.9308	None
MAFA	VSTM2L	0.48936	47.53	0.528	rgb(223,116,117)	1.9308	None
PAX6	SMOC2	0.48936	47.53	0.533	rgb(223,115,116)	1.9308	None
PDX1	REM2	0.48936	47.53	0.532	rgb(223,115,116)	1.9308	None
RFX2	DNAH11	0.48936	47.53	0.525	rgb(223,117,118)	1.9308	None
TEAD1	SMOC2	-0.48936	47.53	-5.3E-01	rgb(102,147,237)	1.9308	None
ASCL1	RGS16	0.48864	47.52	0.519	rgb(223,118,119)	1.9306	None
MAFB	KIRREL3	0.48864	47.52	0.525	rgb(223,117,118)	1.9306	None
MAFF	FW340027	-0.48864	47.52	-5.2E-01	rgb(104,148,237)	1.9306	2,2
ONECUT3	DPYSL3	-0.48864	47.52	-5.2E-01	rgb(104,148,237)	1.9306	None
PAX4	PLCE1-AS1	-0.48864	47.52	-5.2E-01	rgb(105,149,237)	1.9306	2,2
PRDM16	DYNC1I1	-0.48864	47.52	-5.2E-01	rgb(104,148,237)	1.9306	None
TEAD1	SSBP2	0.48864	47.52	0.52	rgb(223,118,119)	1.9306	None
ARX	QDPR	-0.48793	47.51	-5.1E-01	rgb(107,150,236)	1.9304	None
ETS1	ELAVL3	0.48793	47.51	0.512	rgb(223,119,120)	1.9304	None
FOXP2	PEX5L	-0.48793	47.51	-5.1E-01	rgb(105,149,237)	1.9304	None
INSM1	IFIT1	-0.48793	47.51	-5.1E-01	rgb(107,150,236)	1.9304	None
LMX1B	FGF2	0.48793	47.51	0.515	rgb(223,119,120)	1.9304	None
LMX1B	SULT2A1	0.48793	47.51	0.506	rgb(223,120,121)	1.9304	None
MAFF	BRS3	0.48793	47.51	0.509	rgb(223,120,121)	1.9304	None
NR4A2	SMARCD2	-0.48793	47.51	-5.1E-01	rgb(106,150,236)	1.9304	None
NR4A3	MAPK4	-0.48793	47.51	-5.1E-01	rgb(106,150,236)	1.9304	None
PAX6	RUNDC3A	-0.48793	47.51	-5.1E-01	rgb(107,150,236)	1.9304	None
SOX4	PEX5L	-0.48793	47.51	-5.1E-01	rgb(105,149,237)	1.9304	None
SPIB	PPP1R1A	0.48793	47.51	0.511	rgb(223,119,120)	1.9304	None
ZFHX2	RGS5	0.48793	47.51	0.508	rgb(223,120,121)	1.9304	None
ZFHX2	SLC30A4	0.48793	47.51	0.508	rgb(223,120,121)	1.9304	None
ZFP82	GPR173	-0.48793	47.51	-5.1E-01	rgb(107,150,236)	1.9304	None
ZNF492	CELF5	0.48793	47.51	0.507	rgb(223,120,121)	1.9304	None
FEV	TMEM158	0.48721	47.5	0.498	rgb(222,122,123)	1.9302	None
HEYL	IFNE	-0.48721	47.5	-5.0E-01	rgb(109,151,236)	1.9302	2,2
HIF1A	STARD9	-0.48721	47.5	-5.0E-01	rgb(109,151,236)	1.9302	None
LHX1	VCAN	-0.48721	47.5	-5.0E-01	rgb(108,151,236)	1.9302	None
PDX1	POM121L9P	-0.48721	47.5	-5.0E-01	rgb(108,151,236)	1.9302	None
PRDM16	TTYH2	0.48721	47.5	0.499	rgb(222,122,123)	1.9302	None
RORC	SMARCC1	-0.48721	47.5	-5.0E-01	rgb(108,151,236)	1.9302	None
SMAD9	KCNIP3	0.48721	47.5	0.503	rgb(223,121,122)	1.9302	None
ASCL1	MALAT1	-0.4865	47.49	-4.9E-01	rgb(111,152,236)	1.93	None
ATF6	TFCP2L1	-0.4865	47.49	-4.9E-01	rgb(111,152,236)	1.93	None
ELF4	CAMK2N2	-0.4865	47.49	-4.9E-01	rgb(110,152,236)	1.93	None
HSF2	IRF2BP1	-0.4865	47.49	-4.9E-01	rgb(111,152,236)	1.93	None
LMX1A	KDM1A	-0.4865	47.49	-4.9E-01	rgb(111,153,235)	1.93	None
TEAD2	HHEX	0.4865	47.49	0.491	rgb(222,123,124)	1.93	None
TFCP2L1	NEFM	0.4865	47.49	0.487	rgb(222,124,125)	1.93	None
ZNF492	CBX7	-0.4865	47.49	-4.9E-01	rgb(111,153,236)	1.93	None
EGR3	KAL1	-0.48578	47.48	-4.8E-01	rgb(113,154,235)	1.9298	2,2
HIF1A	CDK5R1	-0.48578	47.48	-4.8E-01	rgb(113,154,235)	1.9298	None
PAX6	TOX3	-0.48578	47.48	-4.8E-01	rgb(113,154,235)	1.9298	None
PBX1	CRISPLD2	0.48578	47.48	0.485	rgb(222,124,125)	1.9298	None
PBX1	SERTAD1	-0.48578	47.48	-4.8E-01	rgb(112,153,235)	1.9298	None
ARX	LDHAL6A	0.48507	47.47	0.473	rgb(222,127,128)	1.9296	None
ARX	LOC284581	0.48507	47.47	0.47	rgb(222,127,128)	1.9296	2,2
EGR3	BTBD17	-0.48507	47.47	-4.7E-01	rgb(115,155,235)	1.9296	None
EGR3	TMEM132C	-0.48507	47.47	-4.7E-01	rgb(115,155,235)	1.9296	None
NEUROD1	MEP1B	0.48507	47.47	0.474	rgb(222,127,127)	1.9296	None
NR4A2	LINGO1	-0.48507	47.47	-4.7E-01	rgb(115,155,235)	1.9296	None
ONECUT1	APBB1	0.48507	47.47	0.468	rgb(222,128,129)	1.9296	None
PDX1	SIDT1	-0.48507	47.47	-4.7E-01	rgb(116,155,235)	1.9296	None
SPIB	SSTR5-AS1	0.48507	47.47	0.467	rgb(222,128,129)	1.9296	None
SPIB	VSTM4	0.48507	47.47	0.468	rgb(222,128,128)	1.9296	None
ZNF492	SYT5	-0.48507	47.47	-4.7E-01	rgb(115,155,235)	1.9296	None
ZNF846	AK125960	-0.48507	47.47	-4.7E-01	rgb(115,155,235)	1.9296	2,2
ELF4	ATF5	-0.48435	47.46	-4.6E-01	rgb(116,156,235)	1.9294	None
HEYL	WDR52	-0.48435	47.46	-4.6E-01	rgb(117,156,235)	1.9294	2,2
MAFF	SLC26A7	0.48435	47.46	0.464	rgb(222,128,129)	1.9294	None
PBX1	ACBD7	0.48435	47.46	0.457	rgb(222,130,131)	1.9294	None
RFX3	CDK5R1	0.48435	47.46	0.457	rgb(222,130,131)	1.9294	None
TFCP2L1	CCDC74A	0.48435	47.46	0.456	rgb(222,130,131)	1.9294	None
ZNF382	ADD2	-0.48435	47.46	-4.6E-01	rgb(118,157,234)	1.9294	None
ZNF853	LPPR3	0.48435	47.46	0.455	rgb(222,130,131)	1.9294	2,2
ARX	AK125301	0.48364	47.45	0.453	rgb(222,130,131)	1.9292	2,2
EGR3	CERS1	-0.48364	47.45	-4.5E-01	rgb(119,157,234)	1.9292	None
FEV	FAM71E2	-0.48364	47.45	-4.5E-01	rgb(119,157,234)	1.9292	None
GATA2	SH3GL1P1	0.48364	47.45	0.446	rgb(222,132,133)	1.9292	2,2
PAX4	SMOC1	0.48364	47.45	0.449	rgb(222,131,132)	1.9292	None
SMAD9	MYBPC3	0.48364	47.45	0.451	rgb(222,131,132)	1.9292	None
EGR3	CHRM4	-0.48292	47.44	-4.4E-01	rgb(122,159,234)	1.929	None
MAFB	UNC79	0.48292	47.44	0.442	rgb(222,132,133)	1.929	None
NR4A2	AK5	0.48292	47.44	0.437	rgb(222,134,134)	1.929	None
PAX4	DSCAML1	-0.48292	47.44	-4.4E-01	rgb(121,159,234)	1.929	None
PBX1	TMEM212	0.48292	47.44	0.442	rgb(222,133,134)	1.929	None
PRDM16	PALMD	0.48292	47.44	0.438	rgb(222,133,134)	1.929	None
ARNT2	YPEL1	-0.48221	47.43	-4.3E-01	rgb(123,160,233)	1.9288	None
ELF4	PELI3	-0.48221	47.43	-4.3E-01	rgb(125,161,233)	1.9288	None
INSM1	PBX1	0.48221	47.43	0.434	rgb(222,134,135)	1.9288	None
LHX1	ARHGAP22	-0.48221	47.43	-4.3E-01	rgb(123,160,234)	1.9288	None
LMX1A	LGR6	-0.48221	47.43	-4.3E-01	rgb(125,161,233)	1.9288	None
LMX1B	MTUS2	0.48221	47.43	0.428	rgb(222,135,136)	1.9288	None
MAFA	STK31	-0.48221	47.43	-4.3E-01	rgb(124,161,233)	1.9288	None
NEUROG3	DLL3	-0.48221	47.43	-4.3E-01	rgb(124,160,233)	1.9288	None
NEUROG3	NAALADL1	0.48221	47.43	0.434	rgb(222,134,135)	1.9288	None
ZFP90	OGFRL1	-0.48221	47.43	-4.3E-01	rgb(123,160,233)	1.9288	None
EGR3	KCNB2	-0.48149	47.42	-4.2E-01	rgb(126,161,233)	1.9286	None
EGR3	RPS3	0.48149	47.42	0.42	rgb(222,137,138)	1.9286	None
LMX1A	PNMAL1	-0.48149	47.42	-4.2E-01	rgb(125,161,233)	1.9286	2,2
LMX1B	SV2B	0.48149	47.42	0.424	rgb(222,136,137)	1.9286	None
NR4A2	LMX1B	0.48149	47.42	0.418	rgb(222,137,138)	1.9286	None
PRDM16	STXBP1	0.48149	47.42	0.416	rgb(222,138,138)	1.9286	None
ZFHX2	AF131837	-0.48149	47.42	-4.2E-01	rgb(125,161,233)	1.9286	2,2
DZIP1	LOC283335	0.48149	47.42	0.417	rgb(222,137,138)	1.9286	2,2
MAFB	CRLF1	0.48078	47.41	0.412	rgb(222,138,139)	1.9284	None
MAFF	NAIP	-0.48078	47.41	-4.1E-01	rgb(129,164,232)	1.9284	2,2
NEUROG3	CPLX2	-0.48078	47.41	-4.1E-01	rgb(128,163,233)	1.9284	None
RFX3	HEYL	0.48078	47.41	0.405	rgb(221,140,140)	1.9284	None
ZFP90	WSCD1	0.48078	47.41	0.411	rgb(222,139,139)	1.9284	None
ZNF492	SOCS1	-0.48078	47.41	-4.1E-01	rgb(129,164,232)	1.9284	None
ASCL1	BTBD17	-0.48006	47.4	-4.0E-01	rgb(130,164,232)	1.9282	None
ELF4	SHC3	-0.48006	47.4	-4.0E-01	rgb(130,164,232)	1.9282	None
ETS1	NOTUM	-0.48006	47.4	-4.0E-01	rgb(129,164,232)	1.9282	None
HIC1	H2AFB3	-0.48006	47.4	-4.0E-01	rgb(129,164,232)	1.9282	2,2
NEUROG3	RAB26	0.48006	47.4	0.396	rgb(221,141,142)	1.9282	None
NKX2-2	FOXA2	-0.48006	47.4	-4.0E-01	rgb(129,164,232)	1.9282	None
RORC	TGIF2	-0.48006	47.4	-4.0E-01	rgb(130,164,232)	1.9282	None
ARX	CLCA1	-0.47935	47.39	-3.9E-01	rgb(133,166,232)	1.928	None
ASCL2	RAB36	0.47935	47.39	0.39	rgb(221,142,143)	1.928	None
ELF4	ITPR1	-0.47935	47.39	-3.9E-01	rgb(132,165,232)	1.928	None
LHX1	DGKB	-0.47935	47.39	-3.9E-01	rgb(131,165,232)	1.928	None
MAFB	N4BP2L2-IT2	0.47935	47.39	0.388	rgb(221,143,144)	1.928	2,2
NEUROD1	FGF9	0.47935	47.39	0.386	rgb(221,143,144)	1.928	None
NR4A2	ADAM12	0.47935	47.39	0.393	rgb(221,142,143)	1.928	None
NR4A2	MANEAL	-0.47935	47.39	-3.9E-01	rgb(133,166,232)	1.928	None
ONECUT3	CCDC181	-0.47935	47.39	-3.9E-01	rgb(132,166,232)	1.928	None
ZFP82	CBX2	0.47935	47.39	0.392	rgb(221,142,143)	1.928	None
GATA2	KIAA1456	0.47863	47.38	0.382	rgb(221,144,145)	1.9278	2,2
LTF	N4BP2L2-IT2	0.47863	47.38	0.383	rgb(221,144,145)	1.9278	2,2
MAFB	CADM3	0.47863	47.38	0.38	rgb(221,144,145)	1.9278	None
NKX2-2	PHLDA2	0.47863	47.38	0.383	rgb(221,144,145)	1.9278	None
NR4A2	TRIM35	0.47863	47.38	0.382	rgb(221,144,145)	1.9278	None
ZFHX2	GLT8D2	0.47863	47.38	0.377	rgb(221,145,146)	1.9278	None
ARX	CDKN1C	-0.47792	47.37	-3.7E-01	rgb(137,168,231)	1.9276	None
ASCL2	WDR17	-0.47792	47.37	-3.7E-01	rgb(137,168,231)	1.9276	None
EGR3	TPST2	-0.47792	47.37	-3.7E-01	rgb(136,168,231)	1.9276	None
GATA2	SLC7A4	0.47792	47.37	0.366	rgb(221,147,148)	1.9276	None
LMX1A	MIR29C	0.47792	47.37	0.369	rgb(221,146,147)	1.9276	2,2
MAFA	ICA1L	0.47792	47.37	0.368	rgb(221,147,147)	1.9276	None
NR4A2	SPDYE7P	0.47792	47.37	0.369	rgb(221,147,147)	1.9276	None
RFX2	CCDC74A	0.47792	47.37	0.368	rgb(221,147,147)	1.9276	None
RFX6	COL16A1	0.47792	47.37	0.37	rgb(221,146,147)	1.9276	None
ZFHX2	RPS6KL1	-0.47792	47.37	-3.7E-01	rgb(136,168,231)	1.9276	None
ZNF846	PGF	0.47792	47.37	0.37	rgb(221,146,147)	1.9276	None
GATA2	UCN3	0.47721	47.36	0.358	rgb(221,149,149)	1.9274	None
LMX1B	CPT1C	-0.47721	47.36	-3.6E-01	rgb(138,169,231)	1.9274	None
PAX4	RAPGEF4	-0.47721	47.36	-3.6E-01	rgb(138,169,231)	1.9274	None
PDX1	GSTM2	-0.47721	47.36	-3.6E-01	rgb(139,169,231)	1.9274	None
PDX1	MAP1B	0.47721	47.36	0.36	rgb(221,148,149)	1.9274	None
ZFHX2	FAM161A	-0.47721	47.36	-3.6E-01	rgb(138,169,231)	1.9274	None
ELF4	CERS1	0.47649	47.35	0.346	rgb(221,151,152)	1.9272	None
ETS1	FCGBP	-0.47649	47.35	-3.5E-01	rgb(140,170,230)	1.9272	None
LHX1	KCNK3	-0.47649	47.35	-3.5E-01	rgb(142,171,230)	1.9272	None
LMX1B	CHRM4	-0.47649	47.35	-3.5E-01	rgb(141,171,230)	1.9272	None
LMX1B	TRPM2	0.47649	47.35	0.355	rgb(221,149,150)	1.9272	None
NHLH1	MAD2L2	0.47649	47.35	0.355	rgb(221,149,150)	1.9272	None
NR4A2	SPAG8	-0.47649	47.35	-3.5E-01	rgb(141,171,230)	1.9272	None
NR4A3	LINC00261	-0.47649	47.35	-3.5E-01	rgb(140,170,230)	1.9272	None
ZNF117	AK310876	0.47649	47.35	0.349	rgb(221,150,151)	1.9272	2,2
ARX	NALCN	0.47578	47.34	0.338	rgb(221,152,153)	1.927	None
FEV	WSCD1	0.47578	47.34	0.335	rgb(221,153,154)	1.927	None
HIC1	TEKT2	0.47578	47.34	0.338	rgb(221,152,153)	1.927	None
HSF2	ATP6V1G2	-0.47578	47.34	-3.4E-01	rgb(143,172,230)	1.927	None
NR4A2	FCRL6	0.47578	47.34	0.336	rgb(221,153,154)	1.927	None
ASCL1	PPM1E	0.47506	47.33	0.326	rgb(221,155,155)	1.9268	None
MAFA	ACE	0.47506	47.33	0.33	rgb(221,154,155)	1.9268	None
NR4A2	ANKRD18A	-0.47506	47.33	-3.3E-01	rgb(146,174,229)	1.9268	None
PAX6	CHRNB2	-0.47506	47.33	-3.3E-01	rgb(146,174,229)	1.9268	None
PDX1	HCN4	-0.47506	47.33	-3.3E-01	rgb(145,173,230)	1.9268	None
SOX4	QSOX2	0.47506	47.33	0.334	rgb(221,153,154)	1.9268	None
ELF4	RCOR3	-0.47435	47.32	-3.2E-01	rgb(147,174,229)	1.9266	None
MAFA	RRAGD	-0.47435	47.32	-3.2E-01	rgb(147,175,229)	1.9266	None
ASCL1	ADCY1	0.47363	47.31	0.313	rgb(220,157,158)	1.9264	None
GATA6	GYLTL1B	-0.47363	47.31	-3.1E-01	rgb(151,177,229)	1.9264	2,2
NEUROD1	PAK7	0.47363	47.31	0.31	rgb(220,158,158)	1.9264	2,2
SOX4	TRIM24	0.47363	47.31	0.307	rgb(220,158,159)	1.9264	None
EGR3	NFAT5	-0.47292	47.3	-3.0E-01	rgb(153,178,228)	1.9262	None
EGR3	SV2B	-0.47292	47.3	-3.0E-01	rgb(152,177,228)	1.9262	None
GATA2	LOC653513	0.4722	47.29	0.293	rgb(220,161,162)	1.926	2,2
HIC1	STX1A	-0.4722	47.29	-2.9E-01	rgb(154,178,228)	1.926	None
HSF2	ZNF519	0.4722	47.29	0.286	rgb(220,162,163)	1.926	None
LMX1A	AK130076	0.4722	47.29	0.286	rgb(220,162,163)	1.926	2,2
NEUROD1	GPR83	0.4722	47.29	0.293	rgb(220,161,162)	1.926	2,2
NEUROD1	TPPP3	-0.4722	47.29	-2.9E-01	rgb(153,178,228)	1.926	None
PRDM16	AGT	-0.4722	47.29	-2.9E-01	rgb(153,178,228)	1.926	None
RFX2	KCNJ11	0.4722	47.29	0.288	rgb(220,162,163)	1.926	None
ZFHX2	SCG2	-0.4722	47.29	-2.9E-01	rgb(154,179,228)	1.926	None
SIM1	NCAM1	0.4722	47.29	0.288	rgb(220,162,163)	1.926	2,2
MAFA	PCSK1	0.47149	47.28	0.282	rgb(220,163,164)	1.9258	None
NR4A2	PCAT1	0.47149	47.28	0.285	rgb(220,163,163)	1.9258	None
ARX	TAGLN3	-0.47077	47.27	-2.7E-01	rgb(157,181,227)	1.9256	None
EGR3	SMARCA1	0.47077	47.27	0.269	rgb(220,166,166)	1.9256	None
ELF4	FOXA2	-0.47077	47.27	-2.7E-01	rgb(159,182,227)	1.9256	None
ETS1	PLEKHB1	0.47077	47.27	0.273	rgb(220,165,165)	1.9256	None
ETS1	SULT1C2P1	-0.47077	47.27	-2.7E-01	rgb(157,181,227)	1.9256	None
LHX1	NPM2	-0.47077	47.27	-2.7E-01	rgb(157,181,227)	1.9256	None
PRDM16	INHBE	0.47077	47.27	0.275	rgb(220,165,165)	1.9256	None
TEAD1	GRAP2	-0.47077	47.27	-2.7E-01	rgb(159,182,227)	1.9256	None
ARX	LEFTY1	-0.47006	47.26	-2.6E-01	rgb(161,183,227)	1.9254	None
ELF4	SCG5	-0.47006	47.26	-2.6E-01	rgb(161,183,227)	1.9254	None
ETS1	KCNH2	0.47006	47.26	0.264	rgb(220,167,167)	1.9254	None
GATA4	METTL21EP	-0.47006	47.26	-2.6E-01	rgb(160,182,227)	1.9254	None
NR4A2	SST	-0.47006	47.26	-2.6E-01	rgb(161,183,227)	1.9254	None
ZNF846	SERPINA10	-0.47006	47.26	-2.6E-01	rgb(161,183,227)	1.9254	None
LHX1	DPEP1	-0.46934	47.25	-2.5E-01	rgb(163,184,226)	1.9252	None
MYRF	AX746869	-0.46934	47.25	-2.5E-01	rgb(164,185,226)	1.9252	2,2
SPIB	ATOH8	-0.46934	47.25	-2.5E-01	rgb(162,183,227)	1.9252	None
ELF4	CFC1	-0.46863	47.24	-2.4E-01	rgb(166,186,226)	1.925	None
ELF4	IGSF10	-0.46863	47.24	-2.4E-01	rgb(164,185,226)	1.925	None
GATA4	CACNA1A	0.46863	47.24	0.241	rgb(220,171,171)	1.925	None
HEYL	BC029255	-0.46863	47.24	-2.4E-01	rgb(164,185,226)	1.925	2,2
HSF2	MIR137HG	-0.46863	47.24	-2.4E-01	rgb(164,185,226)	1.925	None
ELF4	FAXC	-0.46791	47.23	-2.3E-01	rgb(167,187,226)	1.9248	None
ISL1	AK094325	0.46791	47.23	0.233	rgb(220,172,173)	1.9248	2,2
NR4A2	ALAS2	0.46791	47.23	0.234	rgb(220,172,173)	1.9248	None
NR4A2	KCNIP3	-0.46791	47.23	-2.3E-01	rgb(166,186,226)	1.9248	None
ONECUT3	TTR	-0.4672	47.22	-2.2E-01	rgb(168,187,226)	1.9246	None
RFX6	DHRS2	0.4672	47.22	0.218	rgb(219,175,176)	1.9246	None
SIM1	TDO2	0.4672	47.22	0.22	rgb(219,175,175)	1.9246	2,2
HOXB9	FAM171B	0.46648	47.21	0.214	rgb(219,176,176)	1.9244	None
NEUROD1	PCBP4	0.46648	47.21	0.213	rgb(219,176,177)	1.9244	None
TEAD2	PGA4	-0.46648	47.21	-2.1E-01	rgb(172,190,225)	1.9244	None
MYT1	GPR64	0.46648	47.21	0.213	rgb(219,176,177)	1.9244	2,2
ARX	FOXP2	-0.46577	47.2	-2.0E-01	rgb(173,190,225)	1.9242	None
TEAD1	SLC35F3	-0.46577	47.2	-2.0E-01	rgb(173,190,225)	1.9242	None
ARX	SFTPA2	-0.46505	47.19	-1.9E-01	rgb(175,192,224)	1.924	None
ELF4	RGS4	-0.46505	47.19	-1.9E-01	rgb(175,192,224)	1.924	None
FEV	PLEKHB1	0.46505	47.19	0.192	rgb(219,180,181)	1.924	None
GATA2	KCNE4	0.46505	47.19	0.194	rgb(219,180,180)	1.924	None
NKX6-1	AX747227	-0.46505	47.19	-1.9E-01	rgb(175,191,224)	1.924	2,2
ZNF492	SGCD	-0.46505	47.19	-1.9E-01	rgb(177,192,224)	1.924	None
ATF5	LOC100272216	0.46434	47.18	0.179	rgb(219,183,183)	1.9238	2,2
ELF4	ITGA7	-0.46434	47.18	-1.8E-01	rgb(177,193,224)	1.9238	None
MAFF	FLT1	-0.46434	47.18	-1.8E-01	rgb(178,193,224)	1.9238	None
PAX6	ID2	-0.46434	47.18	-1.8E-01	rgb(177,193,224)	1.9238	None
TFCP2L1	FLJ00385	0.46434	47.18	0.176	rgb(219,183,184)	1.9238	2,2
ONECUT3	ONECUT3	0.46362	47.17	0.171	rgb(219,184,185)	1.9236	None
ZNF382	CBLN1	-0.46362	47.17	-1.7E-01	rgb(180,194,224)	1.9236	None
ZNF846	ABCC4	0.46362	47.17	0.168	rgb(219,185,185)	1.9236	None
ASCL2	SOGA3	-0.46291	47.16	-1.6E-01	rgb(183,196,223)	1.9234	None
NR4A3	POU6F1	0.46291	47.16	0.156	rgb(219,187,187)	1.9234	None
RFX2	COL21A1	0.46291	47.16	0.16	rgb(219,187,187)	1.9234	None
NEUROD1	CNGA3	0.46219	47.15	0.149	rgb(219,189,189)	1.9232	None
GLIS2	HIC1	-0.46148	47.12	-1.2E-01	rgb(192,202,221)	1.9226	None
HSF2	FAM171B	-0.46148	47.12	-1.2E-01	rgb(190,201,222)	1.9226	None
SPIB	RFX2	0.46148	47.12	0.123	rgb(218,193,194)	1.9226	None
ARX	NKTR	0.46077	47.11	0.105	rgb(218,197,197)	1.9224	None
HEYL	LOC100294362	-0.46077	47.11	-1.1E-01	rgb(194,203,221)	1.9224	2,2
LMX1A	GRIK5	-0.46077	47.11	-1.1E-01	rgb(192,202,221)	1.9224	None
ZFHX2	PMP22	0.46077	47.11	0.107	rgb(218,197,197)	1.9224	None
GATA2	GDF1	0.46005	47.09	0.086	rgb(218,201,201)	1.922	None
NR4A3	P2RX6	-0.45934	47.08	-7.7E-02	rgb(200,207,220)	1.9218	None
PRDM16	MLN	-0.45934	47.08	-8.2E-02	rgb(199,206,220)	1.9218	None
ELF4	SAP30	0.45862	47.07	0.068	rgb(218,204,204)	1.9216	None
LMX1A	AK055017	0.45862	47.07	0.066	rgb(218,204,204)	1.9216	2,2
NR4A3	FKBP7	-0.45862	47.07	-7.0E-02	rgb(202,208,220)	1.9216	None
ARX	SEZ6	-0.45791	47.06	-5.7E-02	rgb(205,209,219)	1.9214	None
SPIB	ELAVL4	-0.45719	47.05	-5.1E-02	rgb(206,210,219)	1.9212	None
ZFP62	LOC100216546	-0.45719	47.05	-5.0E-02	rgb(206,210,219)	1.9212	2,2
ELF4	CHST10	0.45648	47.03	0.032	rgb(217,211,211)	1.9208	None
GATA2	TMEFF2	-0.45648	47.03	-2.6E-02	rgb(211,214,218)	1.9208	None
ONECUT3	ATF7IP	0.45648	47.03	0.034	rgb(217,211,211)	1.9208	None
RFX6	DDC	0.45648	47.03	0.029	rgb(217,211,211)	1.9208	None
ETV1	PBX1	-0.45576	47.02	-2.0E-02	rgb(213,214,218)	1.9206	None
SMAD9	SESN2	0.45576	47.02	0.024	rgb(217,212,212)	1.9206	None
SPIB	ETS1	0.45576	47.02	0.019	rgb(217,213,213)	1.9206	None
ETS1	GAL	0.45505	47.01	0.014	rgb(217,214,214)	1.9204	None
NEUROG3	NCALD	-0.45505	47.01	-1.2E-02	rgb(214,215,217)	1.9204	None
FOXA1	TMOD2	0.45433	46.93	0.934	rgb(227, 39, 40)	1.9188	None
TFCP2L1	MYRF	-0.45433	46.93	-9.3E-01	rgb( 16, 95,252)	1.9188	None
FOXP2	PCDHA2	-0.45371	46.9	-9.0E-01	rgb( 21, 98,251)	1.9182	None
SOX4	YPEL1	0.45371	46.9	0.901	rgb(227, 45, 47)	1.9182	None
NR4A2	MYRF	-0.45308	46.89	-8.9E-01	rgb( 23, 99,251)	1.918	None
SPIB	H1FX-AS1	-0.45308	46.89	-8.9E-01	rgb( 24, 99,251)	1.918	None
HSF2	MAGED1	0.45246	46.88	0.884	rgb(227, 48, 50)	1.9178	None
TFCP2L1	HIF1A	-0.45246	46.88	-8.8E-01	rgb( 27,101,250)	1.9178	None
FEV	HIF1A	-0.45184	46.87	-8.7E-01	rgb( 29,102,250)	1.9176	None
PAX6	CLPS	-0.45184	46.87	-8.7E-01	rgb( 28,102,250)	1.9176	None
TFCP2L1	SIDT1	0.45121	46.86	0.859	rgb(226, 53, 55)	1.9174	None
HSF2	PRELP	0.45059	46.84	0.845	rgb(226, 56, 57)	1.917	None
ISL1	MSMB	-0.45059	46.84	-8.4E-01	rgb( 35,106,249)	1.917	None
NR4A3	SCN1B	-0.45059	46.84	-8.4E-01	rgb( 34,106,249)	1.917	None
RFX6	QSOX2	0.45059	46.84	0.841	rgb(226, 56, 58)	1.917	None
NEUROG3	CRISPLD2	0.44996	46.83	0.826	rgb(226, 59, 61)	1.9168	None
SOX4	RPRML	-0.44996	46.83	-8.3E-01	rgb( 36,107,249)	1.9168	None
ETV1	ZNF117	-0.44934	46.82	-8.2E-01	rgb( 38,108,248)	1.9166	None
FEV	GDF1	0.44934	46.82	0.82	rgb(226, 60, 62)	1.9166	None
ETS1	GOLGA7B	0.44872	46.81	0.814	rgb(226, 62, 63)	1.9164	None
HSF2	UCN3	-0.44872	46.81	-8.1E-01	rgb( 40,110,248)	1.9164	None
NEUROG3	PRKXP1	-0.44872	46.81	-8.1E-01	rgb( 42,111,248)	1.9164	2,2
RFX2	ADAM12	0.44872	46.81	0.815	rgb(226, 61, 63)	1.9164	None
NPAS3	NPY	0.44809	46.8	0.797	rgb(226, 65, 66)	1.9162	2,2
SPIB	FCGBP	0.44747	46.79	0.785	rgb(226, 67, 69)	1.916	None
GATA6	EYA4	-0.44684	46.78	-7.8E-01	rgb( 49,115,246)	1.9158	None
MYRF	NDUFB6	0.44684	46.78	0.78	rgb(226, 68, 70)	1.9158	2,2
PAX6	CORO2B	-0.44622	46.77	-7.7E-01	rgb( 49,115,246)	1.9156	None
GATA4	PCED1B-AS1	0.4456	46.76	0.762	rgb(225, 71, 73)	1.9154	None
HEYL	FW340027	-0.4456	46.76	-7.6E-01	rgb( 53,117,246)	1.9154	2,2
LMX1A	DPEP1	0.4456	46.76	0.764	rgb(225, 71, 73)	1.9154	None
NEUROG3	GATA4	-0.4456	46.76	-7.6E-01	rgb( 51,116,246)	1.9154	None
TP73	HIF1A	0.4456	46.76	0.761	rgb(225, 72, 73)	1.9154	None
HSF2	SPAG8	0.44497	46.75	0.748	rgb(225, 74, 76)	1.9152	None
NEUROG3	RYBP	0.44497	46.75	0.755	rgb(225, 73, 74)	1.9152	None
ELF4	PROX1	0.44435	46.74	0.741	rgb(225, 76, 77)	1.915	None
ELF4	SMOC1	-0.44435	46.74	-7.4E-01	rgb( 57,120,245)	1.915	None
NHLH1	DDC	-0.44435	46.74	-7.4E-01	rgb( 55,119,245)	1.915	None
NKX6-1	AX747114	-0.44435	46.74	-7.4E-01	rgb( 56,119,245)	1.915	2,2
ISL1	PDX1	-0.44372	46.73	-7.3E-01	rgb( 58,120,245)	1.9148	None
NFAT5	MLXIPL	-0.44372	46.73	-7.3E-01	rgb( 58,120,245)	1.9148	None
ONECUT1	KIRREL3	0.44372	46.73	0.733	rgb(225, 77, 78)	1.9148	None
ONECUT3	RAP1GAP2	-0.44372	46.73	-7.3E-01	rgb( 59,121,245)	1.9148	None
TFCP2L1	TRIM35	-0.44372	46.73	-7.3E-01	rgb( 58,120,245)	1.9148	None
ISL1	GDF11	0.4431	46.72	0.718	rgb(225, 80, 81)	1.9146	None
NEUROD1	KIT	0.4431	46.72	0.72	rgb(225, 79, 81)	1.9146	2,2
SMAD9	MYRF	0.4431	46.72	0.719	rgb(225, 80, 81)	1.9146	None
TEAD2	TTYH2	-0.4431	46.72	-7.2E-01	rgb( 61,122,244)	1.9146	None
ARX	AK094916	0.44248	46.71	0.707	rgb(225, 82, 83)	1.9144	2,2
ASCL2	DLL1	-0.44248	46.71	-7.1E-01	rgb( 62,123,244)	1.9144	None
NEUROG3	CTSL2	0.44248	46.71	0.705	rgb(225, 82, 84)	1.9144	2,2
ZFHX2	SAMD5	-0.44248	46.71	-7.1E-01	rgb( 64,124,244)	1.9144	None
RFX2	EPM2A	0.44185	46.7	0.697	rgb(225, 84, 85)	1.9142	None
RFX3	TFPI2	0.44185	46.7	0.697	rgb(225, 84, 85)	1.9142	None
SIM1	EDIL3	0.44185	46.7	0.698	rgb(225, 84, 85)	1.9142	2,2
NR4A2	HINT1	0.44123	46.69	0.687	rgb(225, 86, 87)	1.914	None
TEAD2	TEAD2	0.44123	46.69	0.685	rgb(225, 86, 87)	1.914	None
ELF4	ABCC8	-0.4406	46.68	-6.8E-01	rgb( 69,127,243)	1.9138	None
NFAT5	GDF1	-0.4406	46.68	-6.8E-01	rgb( 70,127,243)	1.9138	2,2
NR4A2	KLK12	0.4406	46.68	0.682	rgb(225, 87, 88)	1.9138	None
PRDM16	CACNA1C	-0.4406	46.68	-6.8E-01	rgb( 70,128,243)	1.9138	None
TP73	OSBPL6	-0.4406	46.68	-6.8E-01	rgb( 70,128,243)	1.9138	None
ZFHX2	SOX4	0.4406	46.68	0.683	rgb(225, 86, 88)	1.9138	None
SIM1	LINC00907	0.4406	46.68	0.684	rgb(225, 86, 88)	1.9138	2,2
ETS1	CACNA1E	-0.43998	46.67	-6.7E-01	rgb( 71,128,243)	1.9136	None
FEV	SPIB	0.43998	46.67	0.669	rgb(224, 89, 91)	1.9136	None
FOXA1	COL14A1	0.43998	46.67	0.673	rgb(224, 89, 90)	1.9136	None
LMX1A	AK127697	0.43998	46.67	0.667	rgb(224, 90, 91)	1.9136	2,2
LMX1A	INA	-0.43998	46.67	-6.7E-01	rgb( 71,128,243)	1.9136	2,2
NEUROD2	PLCG2	0.43998	46.67	0.674	rgb(224, 88, 90)	1.9136	None
NEUROG3	MAFB	0.43998	46.67	0.674	rgb(224, 88, 90)	1.9136	None
LMX1B	RPS6KL1	-0.43936	46.66	-6.6E-01	rgb( 74,130,242)	1.9134	None
NHLH1	TACR3	-0.43936	46.66	-6.6E-01	rgb( 73,130,242)	1.9134	2,2
PBX1	SNAP25	-0.43936	46.66	-6.6E-01	rgb( 74,130,242)	1.9134	None
ARX	RIIAD1	-0.43873	46.65	-6.5E-01	rgb( 77,132,242)	1.9132	None
LHX1	EIF4EBP3	-0.43873	46.65	-6.5E-01	rgb( 75,131,242)	1.9132	None
PDX1	PLCXD3	0.43873	46.65	0.649	rgb(224, 93, 94)	1.9132	None
ARNT2	PAM	0.43811	46.64	0.635	rgb(224, 96, 97)	1.913	None
LMX1A	ROBO1	-0.43811	46.64	-6.4E-01	rgb( 77,132,241)	1.913	None
NEUROD2	TAGLN3	0.43811	46.64	0.638	rgb(224, 95, 96)	1.913	None
NR4A2	KIF5A	0.43811	46.64	0.64	rgb(224, 95, 96)	1.913	None
PDX1	SLC38A5	-0.43811	46.64	-6.4E-01	rgb( 77,132,241)	1.913	None
RFX6	AK094786	0.43811	46.64	0.637	rgb(224, 95, 97)	1.913	2,2
ASCL1	KCNN3	0.43748	46.63	0.626	rgb(224, 97, 99)	1.9128	None
FEV	STMN2	0.43748	46.63	0.628	rgb(224, 97, 98)	1.9128	None
MAFA	ABLIM2	0.43748	46.63	0.629	rgb(224, 97, 98)	1.9128	None
PDX1	ZNF117	-0.43748	46.63	-6.3E-01	rgb( 81,134,241)	1.9128	None
SOX4	CPB1	-0.43748	46.63	-6.3E-01	rgb( 79,133,241)	1.9128	None
ETS1	SST	0.43686	46.62	0.616	rgb(224, 99,100)	1.9126	None
HSF2	TSNAX-DISC1	-0.43686	46.62	-6.2E-01	rgb( 82,135,241)	1.9126	None
SPIB	RAB36	-0.43686	46.62	-6.2E-01	rgb( 82,135,241)	1.9126	None
ARX	CNIH2	-0.43624	46.61	-6.1E-01	rgb( 84,136,240)	1.9124	None
ASCL1	GRB14	-0.43624	46.61	-6.1E-01	rgb( 85,137,240)	1.9124	None
EGR3	STX1A	-0.43624	46.61	-6.1E-01	rgb( 85,137,240)	1.9124	None
EGR3	TEAD2	-0.43624	46.61	-6.1E-01	rgb( 84,136,240)	1.9124	None
ISL1	APBB2	0.43624	46.61	0.61	rgb(224,101,102)	1.9124	None
LMX1A	AX747158	0.43624	46.61	0.608	rgb(224,101,102)	1.9124	2,2
RORC	BGN	-0.43624	46.61	-6.1E-01	rgb( 84,136,240)	1.9124	None
ZFHX2	METTL21EP	0.43624	46.61	0.614	rgb(224,100,101)	1.9124	None
LMX1B	LDB1	-0.43561	46.6	-6.0E-01	rgb( 88,138,240)	1.9122	None
NKX6-1	SHC3	0.43561	46.6	0.599	rgb(224,103,104)	1.9122	None
ONECUT2	RTN4RL1	-0.43561	46.6	-6.0E-01	rgb( 87,138,240)	1.9122	None
ONECUT3	SHF	-0.43561	46.6	-6.0E-01	rgb( 87,138,240)	1.9122	None
ZNF117	LOC100294362	0.43561	46.6	0.598	rgb(224,103,104)	1.9122	2,2
GATA4	MS4A8	0.43499	46.59	0.593	rgb(224,104,105)	1.912	None
MAFB	KCNJ2	0.43499	46.59	0.588	rgb(223,105,106)	1.912	None
PAX6	KCNJ2	-0.43499	46.59	-5.9E-01	rgb( 89,139,239)	1.912	None
PAX6	LINC00310	0.43499	46.59	0.588	rgb(223,105,106)	1.912	None
ZNF846	CD99L2	0.43499	46.59	0.588	rgb(223,105,106)	1.912	None
ASCL1	ATP8B2	0.43436	46.58	0.58	rgb(223,106,107)	1.9118	None
FEV	SCIMP	-0.43436	46.58	-5.8E-01	rgb( 92,141,239)	1.9118	None
GATA4	TUBA3FP	0.43436	46.58	0.583	rgb(223,106,107)	1.9118	None
LMX1B	CFC1	0.43436	46.58	0.58	rgb(223,106,107)	1.9118	None
ONECUT1	NR2F2-AS1	0.43436	46.58	0.582	rgb(223,106,107)	1.9118	None
ARNT2	CEND1	-0.43374	46.57	-5.7E-01	rgb( 94,142,238)	1.9116	None
ATF5	LRRC49	0.43374	46.57	0.575	rgb(223,107,108)	1.9116	None
FEV	TMEM61	0.43374	46.57	0.568	rgb(223,108,110)	1.9116	None
LHX1	ACSL6	-0.43374	46.57	-5.7E-01	rgb( 94,142,239)	1.9116	None
LMX1B	SMARCC1	-0.43374	46.57	-5.7E-01	rgb( 93,142,239)	1.9116	None
NKX2-2	AKT3	-0.43374	46.57	-5.7E-01	rgb( 92,141,239)	1.9116	None
ZFHX2	AK094786	-0.43374	46.57	-5.7E-01	rgb( 93,141,239)	1.9116	2,2
ETS1	NTNG2	-0.43312	46.56	-5.6E-01	rgb( 96,143,238)	1.9114	None
HIF1A	HSF2	-0.43312	46.56	-5.6E-01	rgb( 96,143,238)	1.9114	None
MAFA	ELL2	0.43312	46.56	0.555	rgb(223,111,112)	1.9114	None
ARX	SLC6A16	-0.43249	46.55	-5.5E-01	rgb( 98,144,238)	1.9112	None
EGR3	MAP2	-0.43249	46.55	-5.5E-01	rgb( 97,144,238)	1.9112	None
HSF2	TUBA1A	0.43249	46.55	0.551	rgb(223,112,113)	1.9112	None
MAFF	ZFP82	-0.43249	46.55	-5.5E-01	rgb( 98,144,238)	1.9112	None
NEUROD2	COL21A1	0.43249	46.55	0.553	rgb(223,111,113)	1.9112	None
ONECUT3	ASRGL1	-0.43249	46.55	-5.5E-01	rgb( 98,144,238)	1.9112	None
ONECUT3	PKIA	0.43249	46.55	0.547	rgb(223,112,114)	1.9112	None
PRDM16	NHSL2	-0.43249	46.55	-5.5E-01	rgb( 97,144,238)	1.9112	None
RFX2	ACBD7	0.43249	46.55	0.553	rgb(223,111,112)	1.9112	None
TFCP2L1	NEUROG3	0.43249	46.55	0.549	rgb(223,112,113)	1.9112	2,2
LMX1A	SESN2	-0.43187	46.54	-5.4E-01	rgb( 99,146,238)	1.911	None
LMX1B	BIVM-ERCC5	0.43187	46.54	0.543	rgb(223,113,114)	1.911	None
NHLH1	SCG2	-0.43187	46.54	-5.4E-01	rgb(100,146,237)	1.911	None
NKX2-2	LGR6	-0.43187	46.54	-5.4E-01	rgb(101,146,237)	1.911	None
NR4A2	KCNH8	0.43187	46.54	0.539	rgb(223,114,115)	1.911	None
RFX2	RAB26	0.43187	46.54	0.545	rgb(223,113,114)	1.911	None
ZFP82	CHD5	0.43187	46.54	0.545	rgb(223,113,114)	1.911	None
ZFP92	CFH	0.43187	46.54	0.539	rgb(223,114,115)	1.911	2,2
AEBP1	MRC1	0.43187	46.54	0.536	rgb(223,115,116)	1.911	2,2
EGR3	ID2	-0.43124	46.53	-5.3E-01	rgb(102,147,237)	1.9108	None
ETS1	SULT2A1	0.43124	46.53	0.53	rgb(223,116,117)	1.9108	None
ZFHX2	NKAIN1	0.43124	46.53	0.531	rgb(223,116,117)	1.9108	None
ZFP82	LOC286297	-0.43124	46.53	-5.3E-01	rgb(103,147,237)	1.9108	2,2
AEBP1	CR627225	-0.43124	46.53	-5.3E-01	rgb(102,147,237)	1.9108	2,2
LMX1A	FAM106CP	0.43062	46.52	0.52	rgb(223,118,119)	1.9106	2,2
LMX1A	IGSF21	-0.43062	46.52	-5.2E-01	rgb(103,148,237)	1.9106	None
LMX1A	TTC7B	-0.43062	46.52	-5.2E-01	rgb(105,149,237)	1.9106	None
PBX1	ETV1	-0.43062	46.52	-5.2E-01	rgb(103,148,237)	1.9106	None
GATA2	JPH4	0.43	46.51	0.505	rgb(223,121,122)	1.9104	None
MAFA	NPTX1	-0.43	46.51	-5.1E-01	rgb(107,150,236)	1.9104	None
ONECUT1	CLCA1	0.43	46.51	0.513	rgb(223,119,120)	1.9104	None
TGIF2	CHST8	0.43	46.51	0.51	rgb(223,120,121)	1.9104	None
ZNF382	MAPK10	-0.43	46.51	-5.1E-01	rgb(106,150,236)	1.9104	None
EGR3	MCOLN3	-0.42937	46.5	-5.0E-01	rgb(108,151,236)	1.9102	None
ETS1	GDF1	-0.42937	46.5	-5.0E-01	rgb(108,151,236)	1.9102	None
FEV	GPC6	0.42937	46.5	0.496	rgb(222,122,123)	1.9102	None
MAFA	CD99L2	-0.42937	46.5	-5.0E-01	rgb(109,152,236)	1.9102	None
MAFF	LOC400891	-0.42937	46.5	-5.0E-01	rgb(109,152,236)	1.9102	2,2
SMAD9	CRIP1	-0.42937	46.5	-5.0E-01	rgb(109,152,236)	1.9102	None
SOX4	HIP1	0.42937	46.5	0.496	rgb(222,122,123)	1.9102	None
SIM1	AFF2	0.42937	46.5	0.496	rgb(222,122,123)	1.9102	2,2
FOXA1	LINC00494	0.42875	46.49	0.493	rgb(222,123,124)	1.91	None
HSF2	COL22A1	-0.42875	46.49	-4.9E-01	rgb(111,153,236)	1.91	None
HSF2	ELAVL3	-0.42875	46.49	-4.9E-01	rgb(110,152,236)	1.91	None
LMX1A	FUT1	-0.42875	46.49	-4.9E-01	rgb(110,152,236)	1.91	None
MAFF	DPYSL3	-0.42875	46.49	-4.9E-01	rgb(112,153,235)	1.91	None
ONECUT1	LOC100216546	0.42875	46.49	0.488	rgb(222,124,125)	1.91	2,2
SMAD9	BGN	0.42875	46.49	0.489	rgb(222,124,125)	1.91	None
ZFP82	HOXB9	0.42875	46.49	0.487	rgb(222,124,125)	1.91	2,2
ZFP92	PP7080	-0.42875	46.49	-4.9E-01	rgb(111,152,236)	1.91	2,2
ETS1	SERF2-C15ORF63	0.42812	46.48	0.484	rgb(222,125,126)	1.9098	2,2
HOXB9	CCDC181	0.42812	46.48	0.484	rgb(222,125,126)	1.9098	None
LTF	AK123654	0.42812	46.48	0.479	rgb(222,126,127)	1.9098	2,2
NR4A2	NOXO1	-0.42812	46.48	-4.8E-01	rgb(112,153,235)	1.9098	None
NR4A3	ATF5	0.42812	46.48	0.481	rgb(222,125,126)	1.9098	None
SMAD9	NDRG4	0.42812	46.48	0.478	rgb(222,126,127)	1.9098	None
ZNF846	FAM65C	0.42812	46.48	0.479	rgb(222,126,126)	1.9098	2,2
MAFA	COL14A1	0.4275	46.47	0.471	rgb(222,127,128)	1.9096	None
RFX6	HOPX	0.4275	46.47	0.471	rgb(222,127,128)	1.9096	None
TEAD1	CNPY1	0.4275	46.47	0.473	rgb(222,127,128)	1.9096	None
ARNT2	ABCC4	-0.42688	46.46	-4.6E-01	rgb(117,156,234)	1.9094	None
EGR3	SV2A	0.42688	46.46	0.463	rgb(222,128,129)	1.9094	None
ETS1	CITED1	-0.42688	46.46	-4.6E-01	rgb(118,157,234)	1.9094	None
ETS1	FOXA1	0.42688	46.46	0.459	rgb(222,129,130)	1.9094	None
ETS1	RSAD2	-0.42688	46.46	-4.6E-01	rgb(116,156,235)	1.9094	None
ETV1	SH3RF3-AS1	-0.42688	46.46	-4.6E-01	rgb(118,157,234)	1.9094	None
FEV	HGFAC	0.42688	46.46	0.463	rgb(222,128,129)	1.9094	None
MAFF	AMPD3	-0.42688	46.46	-4.6E-01	rgb(118,157,234)	1.9094	None
NKX2-2	NCS1	0.42688	46.46	0.456	rgb(222,130,131)	1.9094	None
ATF6	SNAP25	0.42625	46.45	0.454	rgb(222,130,131)	1.9092	None
EGR3	SPAG8	-0.42625	46.45	-4.5E-01	rgb(119,157,234)	1.9092	None
FOXA2	ID1	-0.42625	46.45	-4.5E-01	rgb(120,158,234)	1.9092	None
GATA2	CCDC181	-0.42625	46.45	-4.5E-01	rgb(119,157,234)	1.9092	None
MAFA	NEUROD2	-0.42625	46.45	-4.5E-01	rgb(120,158,234)	1.9092	None
PDX1	ADCY5	-0.42625	46.45	-4.5E-01	rgb(119,157,234)	1.9092	None
PRDM16	TTR	-0.42625	46.45	-4.5E-01	rgb(119,158,234)	1.9092	None
ZNF382	NOXO1	0.42625	46.45	0.453	rgb(222,131,131)	1.9092	None
ETS1	ICA1L	-0.42563	46.44	-4.4E-01	rgb(121,159,234)	1.909	None
HIC1	LGI3	-0.42563	46.44	-4.4E-01	rgb(121,158,234)	1.909	None
LMX1B	CYMP	-0.42563	46.44	-4.4E-01	rgb(122,159,234)	1.909	None
MAFA	MBOAT4	0.42563	46.44	0.441	rgb(222,133,134)	1.909	None
NEUROD1	GPR142	0.42563	46.44	0.443	rgb(222,132,133)	1.909	None
NEUROD1	TUBB4A	0.42563	46.44	0.438	rgb(222,133,134)	1.909	2,2
ONECUT1	FLT1	0.42563	46.44	0.444	rgb(222,132,133)	1.909	None
TEAD1	GAST	-0.42563	46.44	-4.4E-01	rgb(122,159,234)	1.909	2,2
ETS1	MALAT1	-0.425	46.43	-4.3E-01	rgb(124,161,233)	1.9088	None
FEV	BTBD17	0.425	46.43	0.428	rgb(222,135,136)	1.9088	None
HHEX	MURC	0.425	46.43	0.429	rgb(222,135,136)	1.9088	2,2
LMX1B	ADD2	-0.425	46.43	-4.3E-01	rgb(123,160,233)	1.9088	None
NEUROG3	DSCAML1	0.425	46.43	0.428	rgb(222,135,136)	1.9088	None
PAX6	GCH1	-0.425	46.43	-4.3E-01	rgb(124,161,233)	1.9088	None
RORC	CBX4	0.425	46.43	0.428	rgb(222,135,136)	1.9088	None
ASCL1	KCNB2	0.42438	46.42	0.425	rgb(222,136,137)	1.9086	None
LMX1A	THBS4	-0.42438	46.42	-4.2E-01	rgb(125,161,233)	1.9086	None
MAFA	MYBPC3	-0.42438	46.42	-4.2E-01	rgb(126,162,233)	1.9086	None
NR4A3	OR51E1	0.42438	46.42	0.424	rgb(222,136,137)	1.9086	None
SOX4	TGIF2	0.42438	46.42	0.42	rgb(222,137,138)	1.9086	None
ZNF846	NNMT	0.42438	46.42	0.418	rgb(222,137,138)	1.9086	None
HOXB9	CEND1	-0.42376	46.41	-4.1E-01	rgb(129,163,232)	1.9084	None
MAFA	CLGN	0.42376	46.41	0.41	rgb(222,139,140)	1.9084	None
NEUROG3	KCNE4	0.42376	46.41	0.41	rgb(222,139,139)	1.9084	None
ELF4	RTN1	-0.42313	46.4	-4.0E-01	rgb(131,165,232)	1.9082	None
ETS1	HIP1	0.42313	46.4	0.401	rgb(221,140,141)	1.9082	None
HSF2	TRPC7	-0.42313	46.4	-4.0E-01	rgb(129,164,232)	1.9082	None
LMX1A	ATP6V0E2	-0.42313	46.4	-4.0E-01	rgb(131,165,232)	1.9082	None
PAX4	STARD9	-0.42313	46.4	-4.0E-01	rgb(129,164,232)	1.9082	None
AEBP1	FAM179A	0.42313	46.4	0.402	rgb(221,140,141)	1.9082	2,2
ARX	EGFR	0.42251	46.39	0.387	rgb(221,143,144)	1.908	None
ARX	SCN2A	-0.42251	46.39	-3.9E-01	rgb(132,165,232)	1.908	None
HSF2	ST8SIA3	-0.42251	46.39	-3.9E-01	rgb(131,165,232)	1.908	None
LMX1B	SERPINA10	-0.42251	46.39	-3.9E-01	rgb(131,165,232)	1.908	None
RFX2	MSI1	0.42251	46.39	0.388	rgb(221,143,144)	1.908	None
SIM1	BAI2	0.42251	46.39	0.393	rgb(221,142,143)	1.908	2,2
MAFA	LRIG1	-0.42188	46.38	-3.8E-01	rgb(136,167,231)	1.9078	None
ONECUT2	MUC16	0.42188	46.38	0.381	rgb(221,144,145)	1.9078	None
RFX3	FKBP7	0.42188	46.38	0.376	rgb(221,145,146)	1.9078	None
ZFP82	CXXC4	0.42188	46.38	0.376	rgb(221,145,146)	1.9078	None
LMX1A	COL14A1	-0.42126	46.37	-3.7E-01	rgb(137,168,231)	1.9076	None
MAFF	PTPRN2	-0.42126	46.37	-3.7E-01	rgb(137,168,231)	1.9076	None
ONECUT2	FAM171A2	0.42126	46.37	0.366	rgb(221,147,148)	1.9076	None
PAX4	NFAT5	-0.42126	46.37	-3.7E-01	rgb(136,168,231)	1.9076	None
PAX6	RCOR3	-0.42126	46.37	-3.7E-01	rgb(136,168,231)	1.9076	None
SPIB	DUSP2	0.42126	46.37	0.373	rgb(221,146,146)	1.9076	None
TEAD2	TGIF2	0.42126	46.37	0.374	rgb(221,145,146)	1.9076	None
GATA2	LOC100272216	0.42064	46.36	0.364	rgb(221,148,148)	1.9074	2,2
PAX6	TMEM151B	-0.42064	46.36	-3.6E-01	rgb(140,170,230)	1.9074	None
RFX3	CPT1C	0.42064	46.36	0.36	rgb(221,148,149)	1.9074	None
ZFHX2	FGF2	0.42064	46.36	0.36	rgb(221,148,149)	1.9074	None
GLIS2	CACNA1H	0.42001	46.35	0.348	rgb(221,151,151)	1.9072	None
NR4A3	ZFP2	-0.42001	46.35	-3.5E-01	rgb(141,171,230)	1.9072	None
ONECUT1	AK311257	0.42001	46.35	0.345	rgb(221,151,152)	1.9072	2,2
PAX4	GNG4	-0.42001	46.35	-3.5E-01	rgb(141,171,230)	1.9072	None
PBX1	NR2F2-AS1	0.42001	46.35	0.355	rgb(221,149,150)	1.9072	None
ELF4	KCNMB2	-0.41939	46.34	-3.4E-01	rgb(143,172,230)	1.907	None
FOXP2	CREBRF	0.41939	46.34	0.345	rgb(221,151,152)	1.907	None
GATA4	BC029255	0.41939	46.34	0.344	rgb(221,151,152)	1.907	2,2
TGIF2	GYLTL1B	-0.41939	46.34	-3.4E-01	rgb(142,172,230)	1.907	2,2
ARNT2	LAPTM5	0.41876	46.33	0.331	rgb(221,154,154)	1.9068	None
ASCL1	FFAR2	0.41876	46.33	0.327	rgb(221,154,155)	1.9068	None
NKX2-2	KNDC1	0.41876	46.33	0.331	rgb(221,154,154)	1.9068	None
PROX1	RSPH4A	0.41876	46.33	0.335	rgb(221,153,154)	1.9068	None
LHX1	GPC2	0.41814	46.32	0.319	rgb(221,156,157)	1.9066	None
MAFA	DUSP2	-0.41814	46.32	-3.2E-01	rgb(147,174,229)	1.9066	None
NEUROD2	RAB26	0.41814	46.32	0.323	rgb(221,155,156)	1.9066	None
PBX1	LZTS1	0.41814	46.32	0.319	rgb(221,156,157)	1.9066	None
TGIF2	HMGN3	-0.41814	46.32	-3.2E-01	rgb(147,175,229)	1.9066	None
ETV1	PRRT3	-0.41752	46.31	-3.1E-01	rgb(150,176,229)	1.9064	None
HHEX	SLC7A14	0.41752	46.31	0.311	rgb(220,158,158)	1.9064	None
MAFF	ASCL2	-0.41752	46.31	-3.1E-01	rgb(149,176,229)	1.9064	None
NR4A2	DLGAP3	-0.41752	46.31	-3.1E-01	rgb(151,177,229)	1.9064	None
PBX1	SPTBN4	-0.41752	46.31	-3.1E-01	rgb(149,175,229)	1.9064	None
RFX6	CRISPLD1	0.41752	46.31	0.307	rgb(220,158,159)	1.9064	2,2
TFCP2L1	CPLX1	0.41752	46.31	0.306	rgb(220,159,159)	1.9064	None
ZFHX2	ATP6V0E2	-0.41752	46.31	-3.1E-01	rgb(150,176,229)	1.9064	None
ZNF492	PGM5	-0.41752	46.31	-3.1E-01	rgb(149,176,229)	1.9064	None
ARNT2	RASL10B	-0.41689	46.3	-3.0E-01	rgb(152,177,228)	1.9062	2,2
ETS1	SUMO1P3	-0.41689	46.3	-3.0E-01	rgb(151,177,228)	1.9062	2,2
NEUROG3	GAL	0.41689	46.3	0.305	rgb(220,159,159)	1.9062	None
NR4A2	MTUS2	-0.41689	46.3	-3.0E-01	rgb(151,177,228)	1.9062	None
PAX6	PGF	0.41689	46.3	0.302	rgb(220,159,160)	1.9062	None
RFX2	MCOLN3	0.41689	46.3	0.303	rgb(220,159,160)	1.9062	None
TFCP2L1	RGS16	0.41689	46.3	0.305	rgb(220,159,159)	1.9062	None
NPAS3	RIC3	0.41689	46.3	0.3	rgb(220,160,160)	1.9062	2,2
GATA2	PLXNC1	0.41627	46.29	0.287	rgb(220,162,163)	1.906	None
HOXB9	SLC26A7	0.41627	46.29	0.29	rgb(220,162,162)	1.906	None
NR4A2	C1QL1	0.41627	46.29	0.289	rgb(220,162,162)	1.906	None
NR4A2	SFTPA2	0.41627	46.29	0.292	rgb(220,161,162)	1.906	None
TFCP2L1	NPW	0.41627	46.29	0.288	rgb(220,162,162)	1.906	None
ELF4	KCNH2	-0.41564	46.28	-2.8E-01	rgb(155,180,228)	1.9058	None
GLIS2	AX746640	-0.41564	46.28	-2.8E-01	rgb(156,180,228)	1.9058	2,2
NR4A2	NPM2	-0.41564	46.28	-2.8E-01	rgb(157,180,228)	1.9058	None
PRDM16	USH2A	0.41564	46.28	0.283	rgb(220,163,164)	1.9058	None
TEAD1	APLN	-0.41564	46.28	-2.8E-01	rgb(155,180,228)	1.9058	None
ATOH8	FLJ38723	0.41564	46.28	0.279	rgb(220,164,164)	1.9058	2,2
FOXA2	ISLR2	-0.41502	46.27	-2.7E-01	rgb(159,182,227)	1.9056	None
LHX1	RPLP0P2	-0.41502	46.27	-2.7E-01	rgb(159,182,227)	1.9056	None
NEUROD2	NEUROG3	0.41502	46.27	0.271	rgb(220,165,166)	1.9056	2,2
NR4A2	G0S2	-0.41502	46.27	-2.7E-01	rgb(158,181,227)	1.9056	None
RFX3	PRICKLE2	0.41502	46.27	0.274	rgb(220,165,165)	1.9056	None
RORC	NHLH1	-0.41502	46.27	-2.7E-01	rgb(158,181,227)	1.9056	None
ZFHX2	GPR112	-0.41502	46.27	-2.7E-01	rgb(159,182,227)	1.9056	2,2
AEBP1	PCDH20	0.41502	46.27	0.272	rgb(220,165,166)	1.9056	2,2
ATF5	RYBP	0.4144	46.26	0.26	rgb(220,167,168)	1.9054	None
ETS1	FCRL6	-0.4144	46.26	-2.6E-01	rgb(160,182,227)	1.9054	None
FOXA1	SOGA3	0.4144	46.26	0.257	rgb(220,168,168)	1.9054	None
HSF2	HOXB9	0.4144	46.26	0.261	rgb(220,167,168)	1.9054	None
NR4A2	CBFA2T3	0.4144	46.26	0.264	rgb(220,166,167)	1.9054	None
ONECUT1	SCG3	0.4144	46.26	0.262	rgb(220,167,167)	1.9054	None
TEAD1	TSPAN11	-0.4144	46.26	-2.6E-01	rgb(160,182,227)	1.9054	None
ASCL1	AEBP1	0.41377	46.25	0.252	rgb(220,169,169)	1.9052	None
HEYL	AK094916	-0.41377	46.25	-2.5E-01	rgb(163,184,226)	1.9052	2,2
NR4A2	HSF2	0.41377	46.25	0.25	rgb(220,169,170)	1.9052	None
RFX6	AF070581	0.41377	46.25	0.249	rgb(220,170,170)	1.9052	2,2
ZNF492	ID1	-0.41377	46.25	-2.5E-01	rgb(162,183,227)	1.9052	None
NPAS3	FAM57B	0.41377	46.25	0.246	rgb(220,170,171)	1.9052	2,2
ZNF117	FW340024	0.41377	46.25	0.25	rgb(220,169,170)	1.9052	2,2
ARX	TMEM198	-0.41315	46.24	-2.4E-01	rgb(165,186,226)	1.905	None
ISL1	FW340027	0.41315	46.24	0.24	rgb(220,171,172)	1.905	2,2
NR4A3	NEUROG3	-0.41315	46.24	-2.4E-01	rgb(164,185,226)	1.905	2,2
PBX1	MYT1	-0.41315	46.24	-2.4E-01	rgb(164,185,226)	1.905	None
RORC	CENPE	-0.41315	46.24	-2.4E-01	rgb(165,185,226)	1.905	None
SOX4	PPP1R3C	0.41315	46.24	0.244	rgb(220,170,171)	1.905	None
ZFHX2	KCNH7	-0.41315	46.24	-2.4E-01	rgb(164,185,226)	1.905	None
ELF4	FBXL16	-0.41252	46.23	-2.3E-01	rgb(168,187,226)	1.9048	None
ELF4	RUNX1T1	-0.41252	46.23	-2.3E-01	rgb(167,187,226)	1.9048	None
MAFA	CRLF1	0.41252	46.23	0.232	rgb(220,173,173)	1.9048	None
NEUROD1	ARHGEF25	0.41252	46.23	0.23	rgb(220,173,174)	1.9048	2,2
ARX	SYN1	-0.4119	46.22	-2.2E-01	rgb(170,188,225)	1.9046	None
NHLH1	SH2D3C	0.4119	46.22	0.216	rgb(219,176,176)	1.9046	None
ONECUT3	SLC14A2	-0.4119	46.22	-2.2E-01	rgb(169,188,225)	1.9046	None
PRDM16	DDC	-0.4119	46.22	-2.2E-01	rgb(170,188,225)	1.9046	None
TFCP2L1	NPTX2	-0.4119	46.22	-2.2E-01	rgb(168,187,226)	1.9046	None
ELF4	ZCCHC18	-0.41128	46.21	-2.1E-01	rgb(171,189,225)	1.9044	None
RFX2	TOX	0.41128	46.21	0.212	rgb(219,176,177)	1.9044	None
TFCP2L1	GGT5	0.41128	46.21	0.207	rgb(219,177,178)	1.9044	None
NPAS3	TDO2	0.41128	46.21	0.206	rgb(219,178,178)	1.9044	2,2
ASCL1	EFCC1	0.41065	46.2	0.2	rgb(219,179,179)	1.9042	None
ETS1	NNMT	0.41065	46.2	0.203	rgb(219,178,179)	1.9042	None
NKX2-2	AK127443	-0.41065	46.2	-2.0E-01	rgb(173,190,225)	1.9042	2,2
ZFHX2	CHRNA1	0.41065	46.2	0.195	rgb(219,180,180)	1.9042	None
ATF6	ASXL3	-0.41003	46.19	-1.9E-01	rgb(176,192,224)	1.904	None
ETS1	CTNND1	-0.41003	46.19	-1.9E-01	rgb(176,192,224)	1.904	None
GLIS2	TSHZ1	-0.41003	46.19	-1.9E-01	rgb(175,192,224)	1.904	None
MAFF	KIAA1456	-0.41003	46.19	-1.9E-01	rgb(176,192,224)	1.904	2,2
NEUROD1	ADAMTS2	0.41003	46.19	0.185	rgb(219,182,182)	1.904	None
NR4A2	INHBE	0.41003	46.19	0.192	rgb(219,180,181)	1.904	None
EGR3	PAX6	-0.4094	46.18	-1.8E-01	rgb(177,193,224)	1.9038	None
LMX1A	LGI3	-0.4094	46.18	-1.8E-01	rgb(178,193,224)	1.9038	None
MAFA	SLC16A12	0.4094	46.18	0.18	rgb(219,183,183)	1.9038	None
ONECUT3	TLE3	0.4094	46.18	0.181	rgb(219,183,183)	1.9038	None
PDX1	BRSK1	-0.4094	46.18	-1.8E-01	rgb(177,193,224)	1.9038	None
PDX1	SSTR3	-0.40878	46.17	-1.7E-01	rgb(180,195,223)	1.9036	None
PRDM16	MPP1	-0.40878	46.17	-1.7E-01	rgb(179,194,224)	1.9036	None
TEAD1	MAD2L2	-0.40878	46.17	-1.7E-01	rgb(181,195,223)	1.9036	None
EGR3	SAMD11	-0.40816	46.16	-1.6E-01	rgb(183,196,223)	1.9034	None
ELF4	CHRNB2	-0.40816	46.16	-1.6E-01	rgb(181,195,223)	1.9034	None
MAFB	NEAT1	-0.40816	46.16	-1.6E-01	rgb(183,196,223)	1.9034	None
MAFF	SERPINI1	0.40816	46.16	0.155	rgb(219,187,188)	1.9034	None
NEUROD1	TRAM1L1	0.40816	46.16	0.156	rgb(219,187,187)	1.9034	2,2
ELF4	NALCN	-0.40753	46.15	-1.5E-01	rgb(184,197,223)	1.9032	None
ETS1	NFAT5	-0.40753	46.15	-1.5E-01	rgb(183,197,223)	1.9032	None
LMX1A	C7	-0.40753	46.15	-1.5E-01	rgb(184,197,223)	1.9032	None
MAFA	HCP5	0.40753	46.15	0.15	rgb(219,188,189)	1.9032	None
NR4A2	TPPP3	-0.40753	46.15	-1.5E-01	rgb(184,197,223)	1.9032	None
RFX6	GPBAR1	0.40753	46.15	0.154	rgb(219,188,188)	1.9032	None
RORC	ZFP90	-0.40753	46.15	-1.5E-01	rgb(184,197,223)	1.9032	None
MYT1	LRRC16B	0.40753	46.15	0.15	rgb(219,188,189)	1.9032	2,2
ELF4	ATP1A3	0.40691	46.14	0.138	rgb(219,191,191)	1.903	None
ELF4	STX1A	0.40691	46.14	0.142	rgb(219,190,190)	1.903	None
ETS1	IMPG1	-0.40691	46.14	-1.4E-01	rgb(186,198,222)	1.903	None
MLXIPL	BC010924	-0.40691	46.14	-1.4E-01	rgb(187,199,222)	1.903	2,2
EGR3	CNTN3	-0.40628	46.13	-1.3E-01	rgb(188,200,222)	1.9028	2,2
ETS1	N4BP2L2-IT2	-0.40628	46.13	-1.3E-01	rgb(189,200,222)	1.9028	2,2
SOX4	FAM131B	-0.40628	46.13	-1.3E-01	rgb(189,200,222)	1.9028	None
HIC1	L1TD1	0.40566	46.12	0.121	rgb(218,194,194)	1.9026	None
SOX4	AMPH	-0.40566	46.12	-1.2E-01	rgb(191,201,222)	1.9026	None
ARX	AX748285	0.40504	46.11	0.113	rgb(218,195,196)	1.9024	2,2
HIF1A	MYT1	-0.40504	46.11	-1.1E-01	rgb(192,202,221)	1.9024	None
NR4A3	FAM64A	-0.40504	46.11	-1.1E-01	rgb(193,203,221)	1.9024	2,2
LMX1A	MMRN1	-0.40441	46.1	-9.6E-02	rgb(196,204,221)	1.9022	None
PBX1	ZNF519	0.40441	46.1	0.101	rgb(218,198,198)	1.9022	None
PDX1	MEX3A	-0.40441	46.1	-9.6E-02	rgb(196,204,221)	1.9022	None
MAFA	CBX7	0.40379	46.09	0.094	rgb(218,199,199)	1.902	None
ELF4	BEND5	0.40316	46.08	0.075	rgb(218,203,203)	1.9018	None
LMX1A	BTBD11	-0.40316	46.08	-8.1E-02	rgb(199,206,220)	1.9018	None
ASCL1	CDKN1C	0.40254	46.07	0.065	rgb(218,205,205)	1.9016	None
NEUROG3	ATP8B2	-0.40254	46.07	-6.9E-02	rgb(202,208,220)	1.9016	None
MAFF	CATSPER2	-0.40192	46.05	-4.8E-02	rgb(207,211,219)	1.9012	2,2
NR4A2	DDN	0.40192	46.05	0.051	rgb(218,207,207)	1.9012	None
ARX	FOXA2	-0.40129	46.04	-4.3E-02	rgb(208,211,219)	1.901	None
HSF2	GRASP	-0.40067	46.02	-1.6E-02	rgb(213,215,218)	1.9006	None
NR4A3	CCND2	-0.40067	46.02	-1.6E-02	rgb(214,215,218)	1.9006	None
TFCP2L1	MBOAT4	0.40067	46.02	0.017	rgb(217,214,214)	1.9006	None
ZFP82	TUBB2B	-0.40004	46	-1.9E-03	rgb(217,217,217)	1.9002	None
NKX2-2	MYRF	-0.39942	45.94	-9.4E-01	rgb( 13, 93,253)	1.899	None
MYT1	UCHL1	0.39942	45.94	0.944	rgb(227, 37, 39)	1.899	2,2
NR4A3	CYMP	-0.39876	45.9	-9.0E-01	rgb( 22, 98,251)	1.8982	None
RORC	KLK12	-0.3981	45.89	-8.9E-01	rgb( 24,100,251)	1.898	None
ISL1	MFAP2	-0.39744	45.88	-8.8E-01	rgb( 26,101,250)	1.8978	2,2
ZFP28	SPON2	-0.39744	45.88	-8.8E-01	rgb( 26,101,250)	1.8978	None
HSF2	MYRF	-0.39678	45.85	-8.5E-01	rgb( 32,104,249)	1.8972	None
LHX1	MYRF	0.39678	45.85	0.847	rgb(226, 55, 57)	1.8972	None
ARX	TFCP2L1	0.39613	45.84	0.841	rgb(226, 56, 58)	1.897	None
PAX4	CCL20	-0.39613	45.84	-8.4E-01	rgb( 34,106,249)	1.897	None
MYT1	BEX1	0.39613	45.84	0.844	rgb(226, 56, 57)	1.897	2,2
HSF2	EID1	0.39547	45.83	0.828	rgb(226, 59, 61)	1.8968	None
DACH1	XKR7	0.39547	45.83	0.833	rgb(226, 58, 60)	1.8968	2,2
ZBTB4	NDUFB6	-0.39547	45.83	-8.3E-01	rgb( 37,107,249)	1.8968	2,2
HSF2	SPINK4	0.39481	45.81	0.812	rgb(226, 62, 64)	1.8964	None
PAX6	TOX	-0.39415	45.8	-8.0E-01	rgb( 44,112,247)	1.8962	None
LMX1B	MS4A8	0.39349	45.79	0.789	rgb(226, 66, 68)	1.896	None
PAX6	ID1	-0.39349	45.79	-7.9E-01	rgb( 45,112,247)	1.896	None
PAX6	SIDT1	-0.39349	45.79	-7.9E-01	rgb( 46,113,247)	1.896	None
ELF4	NKD1	0.39283	45.78	0.778	rgb(226, 68, 70)	1.8958	None
LMX1B	NPW	0.39283	45.78	0.783	rgb(226, 67, 69)	1.8958	None
TEAD1	ID1	-0.39283	45.78	-7.8E-01	rgb( 49,115,246)	1.8958	None
ETS1	TSHZ1	-0.39217	45.77	-7.7E-01	rgb( 49,115,246)	1.8956	None
ASCL1	MUC5AC	-0.39151	45.75	-7.5E-01	rgb( 54,118,245)	1.8952	2,2
EGR3	GRHL3	-0.39151	45.75	-7.5E-01	rgb( 54,118,245)	1.8952	None
FEV	WNK3	0.39151	45.75	0.755	rgb(225, 73, 74)	1.8952	None
NEUROG3	CIB4	0.39151	45.75	0.75	rgb(225, 74, 75)	1.8952	None
ARNT2	DNER	-0.39085	45.73	-7.3E-01	rgb( 59,121,245)	1.8948	None
ARNT2	NEUROD2	-0.39085	45.73	-7.3E-01	rgb( 59,121,245)	1.8948	None
TFCP2L1	GSTM2	0.39085	45.73	0.732	rgb(225, 77, 79)	1.8948	None
ISL1	MS4A8	-0.39019	45.72	-7.2E-01	rgb( 60,121,245)	1.8946	None
SMAD9	ACSL6	-0.39019	45.72	-7.2E-01	rgb( 62,122,244)	1.8946	None
FOXA1	HIF1A	0.38954	45.71	0.714	rgb(225, 81, 82)	1.8944	None
FEV	PRELP	0.38888	45.7	0.702	rgb(225, 83, 84)	1.8942	None
HIF1A	FLJ00385	0.38888	45.7	0.701	rgb(225, 83, 84)	1.8942	2,2
PAX6	JAZF1	-0.38888	45.7	-7.0E-01	rgb( 66,125,243)	1.8942	None
TEAD1	PDX1	0.38888	45.7	0.701	rgb(225, 83, 84)	1.8942	None
TFCP2L1	CELA3B	0.38888	45.7	0.697	rgb(225, 84, 85)	1.8942	None
LMX1A	TAGLN3	0.38822	45.69	0.685	rgb(225, 86, 88)	1.894	None
NEUROD1	HIC1	0.38822	45.69	0.688	rgb(225, 86, 87)	1.894	None
PAX6	S100A1	-0.38822	45.69	-6.9E-01	rgb( 68,126,243)	1.894	None
SOX4	CRYBA2	-0.38822	45.69	-6.9E-01	rgb( 66,125,243)	1.894	None
NEUROG3	AL117485	0.38756	45.68	0.676	rgb(224, 88, 89)	1.8938	2,2
NR4A2	COL21A1	0.38756	45.68	0.676	rgb(224, 88, 89)	1.8938	None
ARX	NEAT1	0.3869	45.67	0.667	rgb(224, 90, 91)	1.8936	None
ASCL1	HMGN3	-0.3869	45.67	-6.7E-01	rgb( 71,128,243)	1.8936	None
ELF4	SPC25	-0.3869	45.67	-6.7E-01	rgb( 71,128,243)	1.8936	None
PRDM16	MAP3K12	0.3869	45.67	0.674	rgb(224, 88, 90)	1.8936	None
ARX	GRHL3	-0.38624	45.66	-6.6E-01	rgb( 73,130,242)	1.8934	None
FEV	CLPS	0.38624	45.66	0.663	rgb(224, 90, 92)	1.8934	None
PRDM16	EGFR	0.38624	45.66	0.655	rgb(224, 92, 93)	1.8934	None
ZNF846	MAPK4	-0.38624	45.66	-6.6E-01	rgb( 74,130,242)	1.8934	None
PDX1	UCN3	0.38558	45.65	0.647	rgb(224, 93, 95)	1.8932	None
PRDM16	IRF2BP1	0.38558	45.65	0.65	rgb(224, 93, 94)	1.8932	None
LMX1A	TMOD1	0.38492	45.64	0.645	rgb(224, 94, 95)	1.893	None
LMX1B	METTL21EP	0.38492	45.64	0.644	rgb(224, 94, 95)	1.893	None
NEUROD2	CEND1	0.38492	45.64	0.64	rgb(224, 95, 96)	1.893	None
ZBTB4	AX747227	-0.38492	45.64	-6.4E-01	rgb( 78,133,241)	1.893	2,2
ETS1	SERTAD1	0.38426	45.63	0.625	rgb(224, 98, 99)	1.8928	None
HSF2	INSRR	-0.38426	45.63	-6.3E-01	rgb( 80,134,241)	1.8928	None
LHX1	CES1	-0.38426	45.63	-6.3E-01	rgb( 81,134,241)	1.8928	2,2
NKX2-2	PP7080	0.38426	45.63	0.628	rgb(224, 97, 98)	1.8928	2,2
PRDM16	AK5	-0.38426	45.63	-6.3E-01	rgb( 81,134,241)	1.8928	None
ZNF846	FOXA1	0.38426	45.63	0.629	rgb(224, 97, 98)	1.8928	None
AKNA	AX747227	-0.38426	45.63	-6.3E-01	rgb( 79,133,241)	1.8928	2,2
GATA2	BASP1	0.3836	45.62	0.615	rgb(224, 99,101)	1.8926	None
HSF2	PGA3	0.3836	45.62	0.622	rgb(224, 98,100)	1.8926	None
ARX	ANKRD18A	0.38295	45.61	0.61	rgb(224,100,102)	1.8924	None
ASCL1	ELFN1	-0.38295	45.61	-6.1E-01	rgb( 84,136,240)	1.8924	None
ETV1	BMS1P6	-0.38295	45.61	-6.1E-01	rgb( 85,137,240)	1.8924	2,2
ISL1	WSCD1	0.38295	45.61	0.612	rgb(224,100,101)	1.8924	None
LMX1B	CACNA2D1	-0.38295	45.61	-6.1E-01	rgb( 85,137,240)	1.8924	None
LTF	VN1R1	0.38295	45.61	0.612	rgb(224,100,101)	1.8924	2,2
NEUROD2	KCNK17	0.38295	45.61	0.613	rgb(224,100,101)	1.8924	None
ONECUT2	LTF	0.38295	45.61	0.615	rgb(224,100,101)	1.8924	None
PRDM16	S100A1	-0.38295	45.61	-6.1E-01	rgb( 84,136,240)	1.8924	None
ASCL1	WNT9A	0.38229	45.6	0.598	rgb(224,103,104)	1.8922	None
CXXC4	LIMD2	-0.38229	45.6	-6.0E-01	rgb( 86,137,240)	1.8922	2,2
EGR3	EIF4EBP3	-0.38229	45.6	-6.0E-01	rgb( 87,138,240)	1.8922	None
LMX1B	CORO2B	-0.38229	45.6	-6.0E-01	rgb( 87,138,240)	1.8922	None
PAX4	PAK6	0.38229	45.6	0.604	rgb(224,102,103)	1.8922	None
PAX6	STXBP1	-0.38229	45.6	-6.0E-01	rgb( 88,138,240)	1.8922	None
ZFHX2	SHF	0.38229	45.6	0.599	rgb(224,103,104)	1.8922	None
ZFP82	SMARCA1	0.38229	45.6	0.603	rgb(224,102,103)	1.8922	None
ZFP92	MICAL2	0.38229	45.6	0.598	rgb(224,103,104)	1.8922	None
ZNF846	ZFP62	0.38229	45.6	0.598	rgb(224,103,104)	1.8922	None
ZBTB4	LOC100188947	-0.38229	45.6	-6.0E-01	rgb( 88,138,240)	1.8922	2,2
HIC1	ADAM20P1	-0.38163	45.59	-5.9E-01	rgb( 90,139,239)	1.892	2,2
HSF2	FTCD	-0.38163	45.59	-5.9E-01	rgb( 89,139,239)	1.892	None
HSF2	NEFM	-0.38163	45.59	-5.9E-01	rgb( 88,139,240)	1.892	None
TEAD2	RBPMS	0.38163	45.59	0.588	rgb(223,105,106)	1.892	None
TEAD2	TP73	-0.38163	45.59	-5.9E-01	rgb( 90,140,239)	1.892	None
ZNF846	ADAMTSL1	-0.38163	45.59	-5.9E-01	rgb( 89,139,239)	1.892	None
ZNF846	TTLL6	-0.38163	45.59	-5.9E-01	rgb( 89,139,239)	1.892	None
MYT1	AK054990	0.38163	45.59	0.594	rgb(224,104,105)	1.892	2,2
ARX	CTNND1	0.38097	45.58	0.577	rgb(223,107,108)	1.8918	None
HES6	SMOC1	0.38097	45.58	0.585	rgb(223,105,107)	1.8918	None
LTF	LOC100272216	0.38097	45.58	0.581	rgb(223,106,107)	1.8918	2,2
PDX1	LINC00310	-0.38097	45.58	-5.8E-01	rgb( 90,140,239)	1.8918	None
AKNA	PP7080	-0.38097	45.58	-5.8E-01	rgb( 91,140,239)	1.8918	2,2
ELF4	FRMPD4	-0.38031	45.57	-5.7E-01	rgb( 93,141,239)	1.8916	None
ETS1	FUT7	-0.38031	45.57	-5.7E-01	rgb( 92,141,239)	1.8916	None
ETS1	LOC100131257	-0.38031	45.57	-5.7E-01	rgb( 94,142,239)	1.8916	2,2
PAX4	SNAP25	-0.38031	45.57	-5.7E-01	rgb( 94,142,239)	1.8916	None
PAX6	FGF9	0.38031	45.57	0.571	rgb(223,108,109)	1.8916	None
TEAD1	ASIC1	-0.38031	45.57	-5.7E-01	rgb( 94,142,239)	1.8916	None
ZFP90	SPON1	0.38031	45.57	0.566	rgb(223,109,110)	1.8916	None
EGR3	CHRNA5	0.37965	45.56	0.565	rgb(223,109,110)	1.8914	None
ELF4	MIAT	-0.37965	45.56	-5.6E-01	rgb( 95,143,238)	1.8914	None
HOXB9	CCL19	0.37965	45.56	0.561	rgb(223,110,111)	1.8914	None
LHX1	ADNP	0.37965	45.56	0.56	rgb(223,110,111)	1.8914	None
MAFB	LOC100294362	0.37965	45.56	0.564	rgb(223,109,110)	1.8914	2,2
PDX1	TCTEX1D4	-0.37965	45.56	-5.6E-01	rgb( 96,143,238)	1.8914	None
SMAD9	CHRNA1	-0.37965	45.56	-5.6E-01	rgb( 95,143,238)	1.8914	None
ETS1	TMEM198	0.37899	45.55	0.551	rgb(223,112,113)	1.8912	None
LHX1	IGFN1	-0.37899	45.55	-5.5E-01	rgb( 97,144,238)	1.8912	None
LMX1A	AK128559	0.37899	45.55	0.547	rgb(223,112,114)	1.8912	2,2
LMX1A	KCNJ3	-0.37899	45.55	-5.5E-01	rgb( 99,145,238)	1.8912	None
MAFB	SFTPA2	-0.37899	45.55	-5.5E-01	rgb( 99,145,238)	1.8912	None
PAX6	EYA4	-0.37899	45.55	-5.5E-01	rgb( 98,145,238)	1.8912	None
ZFP82	CLIP3	-0.37899	45.55	-5.5E-01	rgb( 97,144,238)	1.8912	None
ZNF846	CENPE	0.37899	45.55	0.546	rgb(223,113,114)	1.8912	None
GATA2	MX2	-0.37833	45.54	-5.4E-01	rgb(101,146,237)	1.891	None
HIC1	SSTR1	-0.37833	45.54	-5.4E-01	rgb( 99,145,238)	1.891	None
ISL1	REG4	0.37833	45.54	0.541	rgb(223,114,115)	1.891	None
TEAD1	AK125960	-0.37833	45.54	-5.4E-01	rgb( 99,145,238)	1.891	2,2
ZNF846	MCF2L	0.37833	45.54	0.539	rgb(223,114,115)	1.891	None
AKNA	AX747853	-0.37833	45.54	-5.4E-01	rgb(101,146,237)	1.891	2,2
ETS1	GRASP	0.37767	45.53	0.531	rgb(223,116,117)	1.8908	None
HIC1	SYCP2	0.37767	45.53	0.534	rgb(223,115,116)	1.8908	None
LMX1A	TDRD6	0.37767	45.53	0.527	rgb(223,116,117)	1.8908	2,2
MYRF	AX746823	-0.37767	45.53	-5.3E-01	rgb(103,148,237)	1.8908	2,2
NKX2-2	SYNGR3	0.37767	45.53	0.525	rgb(223,117,118)	1.8908	None
PBX1	LDB1	0.37767	45.53	0.534	rgb(223,115,116)	1.8908	None
PBX1	PAM	-0.37767	45.53	-5.3E-01	rgb(102,147,237)	1.8908	None
ATF6	BC015342	-0.37701	45.52	-5.2E-01	rgb(103,148,237)	1.8906	2,2
LMX1A	AK124970	0.37701	45.52	0.524	rgb(223,117,118)	1.8906	2,2
LMX1B	SFRP1	0.37701	45.52	0.516	rgb(223,118,119)	1.8906	None
MAFA	F10	0.37701	45.52	0.515	rgb(223,119,120)	1.8906	None
NR4A3	PRELP	-0.37701	45.52	-5.2E-01	rgb(104,148,237)	1.8906	None
PAX6	PCAT1	0.37701	45.52	0.518	rgb(223,118,119)	1.8906	None
PRDM16	SYN1	0.37701	45.52	0.516	rgb(223,119,120)	1.8906	None
EGR3	ELAVL4	-0.37636	45.51	-5.1E-01	rgb(107,150,236)	1.8904	None
EGR3	MLLT11	-0.37636	45.51	-5.1E-01	rgb(105,149,237)	1.8904	None
LMX1A	PLCE1-AS1	0.37636	45.51	0.508	rgb(223,120,121)	1.8904	2,2
MAFA	SLC7A14	0.37636	45.51	0.512	rgb(223,119,120)	1.8904	None
MAFA	TMEM158	-0.37636	45.51	-5.1E-01	rgb(107,150,236)	1.8904	None
PRDM16	GRASP	0.37636	45.51	0.51	rgb(223,120,121)	1.8904	None
ZNF492	EPM2A	0.37636	45.51	0.512	rgb(223,119,120)	1.8904	None
LMX1B	HINT1	0.3757	45.5	0.504	rgb(223,121,122)	1.8902	None
NEUROG3	PTP4A3	0.3757	45.5	0.496	rgb(222,122,123)	1.8902	None
NKX2-2	TSNAX-DISC1	-0.3757	45.5	-5.0E-01	rgb(108,151,236)	1.8902	None
TFCP2L1	PGA4	0.3757	45.5	0.501	rgb(223,121,122)	1.8902	None
ETS1	PAM	-0.37504	45.49	-4.9E-01	rgb(110,152,236)	1.89	None
GATA6	CTPS1	-0.37504	45.49	-4.9E-01	rgb(111,153,236)	1.89	None
NEUROG3	AL110171	0.37504	45.49	0.493	rgb(222,123,124)	1.89	2,2
NKX2-2	AX747090	-0.37504	45.49	-4.9E-01	rgb(110,152,236)	1.89	2,2
NKX6-1	PDZRN3	-0.37504	45.49	-4.9E-01	rgb(110,152,236)	1.89	None
NR4A2	HNRPF	-0.37504	45.49	-4.9E-01	rgb(110,152,236)	1.89	2,2
ONECUT1	AX747090	0.37504	45.49	0.489	rgb(222,124,125)	1.89	2,2
PRDM16	GPR142	0.37504	45.49	0.486	rgb(222,124,125)	1.89	None
PRDM16	RNF157	0.37504	45.49	0.488	rgb(222,124,125)	1.89	None
SMAD9	DGKB	0.37504	45.49	0.493	rgb(222,123,124)	1.89	None
SOX4	LRFN1	-0.37504	45.49	-4.9E-01	rgb(111,152,236)	1.89	None
TFCP2L1	HES4	0.37504	45.49	0.49	rgb(222,123,124)	1.89	None
ARX	AX747850	0.37438	45.48	0.478	rgb(222,126,127)	1.8898	2,2
EGR3	BRSK1	-0.37438	45.48	-4.8E-01	rgb(112,153,235)	1.8898	None
ETS1	ABCA9	-0.37438	45.48	-4.8E-01	rgb(112,153,235)	1.8898	None
ETS1	TFCP2L1	-0.37438	45.48	-4.8E-01	rgb(112,153,235)	1.8898	None
GATA4	PGF	-0.37438	45.48	-4.8E-01	rgb(113,154,235)	1.8898	None
HSF2	MCOLN3	-0.37438	45.48	-4.8E-01	rgb(113,154,235)	1.8898	None
LHX1	MS4A8	-0.37438	45.48	-4.8E-01	rgb(113,153,235)	1.8898	None
LMX1A	KCNJ6	-0.37438	45.48	-4.8E-01	rgb(112,153,235)	1.8898	None
LMX1A	ZFHX2	-0.37438	45.48	-4.8E-01	rgb(112,153,235)	1.8898	None
MAFA	GPR116	0.37438	45.48	0.483	rgb(222,125,126)	1.8898	2,2
PRDM16	ABLIM2	-0.37438	45.48	-4.8E-01	rgb(112,153,235)	1.8898	None
ATOH8	LOC145837	0.37438	45.48	0.481	rgb(222,125,126)	1.8898	2,2
ARNT2	SLC38A5	0.37372	45.47	0.466	rgb(222,128,129)	1.8896	None
EGR3	AK026777	-0.37372	45.47	-4.7E-01	rgb(115,155,235)	1.8896	2,2
ETV1	JX088243	-0.37372	45.47	-4.7E-01	rgb(115,155,235)	1.8896	2,2
HIC1	C2CD4B	0.37372	45.47	0.474	rgb(222,127,127)	1.8896	None
LMX1B	NREP	-0.37372	45.47	-4.7E-01	rgb(116,155,235)	1.8896	None
PRDM16	SCUBE1	-0.37372	45.47	-4.7E-01	rgb(115,155,235)	1.8896	None
RFX2	AK092048	0.37372	45.47	0.468	rgb(222,128,128)	1.8896	2,2
TP73	FCRL6	-0.37372	45.47	-4.7E-01	rgb(115,155,235)	1.8896	None
ELF4	PCSK1	-0.37306	45.46	-4.6E-01	rgb(117,156,235)	1.8894	None
MAFA	SLC8A1	0.37306	45.46	0.461	rgb(222,129,130)	1.8894	None
ONECUT3	MAML3	0.37306	45.46	0.463	rgb(222,129,129)	1.8894	None
PAX6	BAMBI	-0.37306	45.46	-4.6E-01	rgb(117,156,235)	1.8894	None
PBX1	GRHL3	0.37306	45.46	0.459	rgb(222,129,130)	1.8894	None
SMAD9	CLSTN2	0.37306	45.46	0.463	rgb(222,129,129)	1.8894	None
TEAD1	SPARC	-0.37306	45.46	-4.6E-01	rgb(117,156,235)	1.8894	None
EGR3	TCTEX1D4	-0.3724	45.45	-4.5E-01	rgb(120,158,234)	1.8892	None
ISL1	RCOR3	0.3724	45.45	0.453	rgb(222,131,131)	1.8892	None
LMX1A	CHRM4	-0.3724	45.45	-4.5E-01	rgb(119,157,234)	1.8892	None
LMX1A	LOC100294362	0.3724	45.45	0.453	rgb(222,130,131)	1.8892	2,2
ONECUT2	JAKMIP2	0.3724	45.45	0.452	rgb(222,131,132)	1.8892	None
ONECUT2	RBPMS	-0.3724	45.45	-4.5E-01	rgb(120,158,234)	1.8892	None
PRDM16	TSHZ1	-0.3724	45.45	-4.5E-01	rgb(118,157,234)	1.8892	None
TP73	MSMB	-0.3724	45.45	-4.5E-01	rgb(119,158,234)	1.8892	None
ZFP28	ZCCHC12	-0.3724	45.45	-4.5E-01	rgb(119,158,234)	1.8892	2,2
ZFP92	AK123314	-0.3724	45.45	-4.5E-01	rgb(119,158,234)	1.8892	2,2
ARNT2	SCUBE1	-0.37174	45.44	-4.4E-01	rgb(121,158,234)	1.889	None
EGR3	MED12L	-0.37174	45.44	-4.4E-01	rgb(121,159,234)	1.889	None
ELF4	SCG3	-0.37174	45.44	-4.4E-01	rgb(121,158,234)	1.889	None
LMX1A	AKT3	-0.37174	45.44	-4.4E-01	rgb(121,158,234)	1.889	None
LMX1A	HV535469	-0.37174	45.44	-4.4E-01	rgb(121,159,234)	1.889	2,2
PAX4	DHRS2	0.37174	45.44	0.436	rgb(222,134,135)	1.889	None
ARNT2	DPYSL4	-0.37108	45.43	-4.3E-01	rgb(125,161,233)	1.8888	None
EGR3	GPBAR1	-0.37108	45.43	-4.3E-01	rgb(124,160,233)	1.8888	None
FEV	TMEFF1	-0.37108	45.43	-4.3E-01	rgb(123,160,233)	1.8888	None
LMX1A	SRCIN1	-0.37108	45.43	-4.3E-01	rgb(124,160,233)	1.8888	None
NEUROD2	DLGAP3	0.37108	45.43	0.431	rgb(222,135,136)	1.8888	None
NKX2-2	LOC100130000	-0.37108	45.43	-4.3E-01	rgb(124,160,233)	1.8888	2,2
PAX6	PGM5	-0.37108	45.43	-4.3E-01	rgb(123,160,234)	1.8888	None
TEAD1	VSTM2L	-0.37108	45.43	-4.3E-01	rgb(124,160,233)	1.8888	None
FEV	ADAMTSL2	0.37042	45.42	0.42	rgb(222,137,138)	1.8886	None
LHX1	ANKRD18A	-0.37042	45.42	-4.2E-01	rgb(127,162,233)	1.8886	None
LMX1B	EPHB3	-0.37042	45.42	-4.2E-01	rgb(126,162,233)	1.8886	None
LMX1B	TSHZ1	-0.37042	45.42	-4.2E-01	rgb(127,162,233)	1.8886	None
NR4A2	SYNGR3	0.37042	45.42	0.423	rgb(222,136,137)	1.8886	None
RFX3	NPAS3	0.37042	45.42	0.415	rgb(222,138,139)	1.8886	None
TFCP2L1	KCNAB2	0.37042	45.42	0.416	rgb(222,138,138)	1.8886	None
TP73	FSD1	-0.37042	45.42	-4.2E-01	rgb(126,161,233)	1.8886	None
TP73	RASL10B	0.37042	45.42	0.419	rgb(222,137,138)	1.8886	2,2
EGR3	FAM13A-AS1	-0.36977	45.41	-4.1E-01	rgb(129,163,232)	1.8884	None
ISL1	RBFOX2	0.36977	45.41	0.406	rgb(221,139,140)	1.8884	None
LHX1	PPP1R3C	0.36977	45.41	0.414	rgb(222,138,139)	1.8884	None
TFCP2L1	LOC100188947	0.36977	45.41	0.406	rgb(221,140,140)	1.8884	2,2
TP73	SSBP2	-0.36977	45.41	-4.1E-01	rgb(128,163,233)	1.8884	None
EGR3	SPDYE7P	-0.36911	45.4	-4.0E-01	rgb(130,164,232)	1.8882	None
GATA2	CACNA1E	0.36911	45.4	0.396	rgb(221,141,142)	1.8882	None
GATA6	NPTX1	0.36911	45.4	0.4	rgb(221,141,141)	1.8882	None
HSF2	LRFN1	-0.36911	45.4	-4.0E-01	rgb(130,164,232)	1.8882	None
LHX1	FAM179A	-0.36911	45.4	-4.0E-01	rgb(130,164,232)	1.8882	2,2
LMX1A	MPP1	-0.36911	45.4	-4.0E-01	rgb(131,165,232)	1.8882	None
MAFB	SYN1	0.36911	45.4	0.396	rgb(221,141,142)	1.8882	None
MAFF	ATP8B2	-0.36911	45.4	-4.0E-01	rgb(130,164,232)	1.8882	None
NKX6-1	EGFR	0.36911	45.4	0.397	rgb(221,141,142)	1.8882	None
RORC	SEMA6B	-0.36911	45.4	-4.0E-01	rgb(131,164,232)	1.8882	None
LMX1A	BCL2	-0.36845	45.39	-3.9E-01	rgb(132,165,232)	1.888	None
LMX1A	SCUBE1	-0.36845	45.39	-3.9E-01	rgb(132,165,232)	1.888	None
LMX1B	ST8SIA5	0.36845	45.39	0.389	rgb(221,143,143)	1.888	None
MAFA	KCNH6	0.36845	45.39	0.389	rgb(221,143,143)	1.888	None
TFCP2L1	LOC400891	0.36845	45.39	0.39	rgb(221,142,143)	1.888	2,2
DACH1	BC041484	0.36845	45.39	0.386	rgb(221,143,144)	1.888	2,2
HIC1	NR2F2-AS1	0.36779	45.38	0.383	rgb(221,144,145)	1.8878	None
HIF1A	ONECUT1	-0.36779	45.38	-3.8E-01	rgb(134,166,232)	1.8878	2,2
MAFF	RSAD2	0.36779	45.38	0.38	rgb(221,144,145)	1.8878	None
MYRF	LINC00923	-0.36779	45.38	-3.8E-01	rgb(135,167,231)	1.8878	2,2
NFAT5	SDK1	-0.36779	45.38	-3.8E-01	rgb(135,167,231)	1.8878	None
PAX6	TRIM35	0.36779	45.38	0.379	rgb(221,145,145)	1.8878	None
RFX6	PAK6	0.36779	45.38	0.383	rgb(221,144,145)	1.8878	None
SMAD9	PLXNC1	-0.36779	45.38	-3.8E-01	rgb(136,167,231)	1.8878	None
ZFP82	G0S2	0.36779	45.38	0.384	rgb(221,144,144)	1.8878	None
DACH1	NOV	0.36779	45.38	0.383	rgb(221,144,145)	1.8878	2,2
ATF6	MLN	0.36713	45.37	0.372	rgb(221,146,147)	1.8876	None
ELF4	G0S2	0.36713	45.37	0.373	rgb(221,146,147)	1.8876	None
ETV1	ZFP62	-0.36713	45.37	-3.7E-01	rgb(137,168,231)	1.8876	None
FEV	RTN1	0.36713	45.37	0.373	rgb(221,146,147)	1.8876	None
MAFB	CACNG4	0.36713	45.37	0.366	rgb(221,147,148)	1.8876	None
TP73	AMBP	0.36713	45.37	0.366	rgb(221,147,148)	1.8876	None
ASCL1	CSF1R	0.36647	45.36	0.358	rgb(221,149,149)	1.8874	None
GATA2	KAL1	0.36647	45.36	0.357	rgb(221,149,149)	1.8874	2,2
NEUROG3	DPEP1	-0.36647	45.36	-3.6E-01	rgb(138,169,231)	1.8874	None
NKX2-2	HINT1	0.36647	45.36	0.358	rgb(221,149,149)	1.8874	None
NR4A3	RGS11	-0.36647	45.36	-3.6E-01	rgb(139,169,231)	1.8874	None
ONECUT1	AK094325	0.36647	45.36	0.356	rgb(221,149,150)	1.8874	2,2
TFCP2L1	TMEM158	0.36647	45.36	0.356	rgb(221,149,150)	1.8874	None
HSF2	DOK6	-0.36581	45.35	-3.5E-01	rgb(140,170,230)	1.8872	None
LMX1B	LAMP5	0.36581	45.35	0.351	rgb(221,150,151)	1.8872	None
MAFA	FAM171B	0.36581	45.35	0.355	rgb(221,149,150)	1.8872	None
NR4A2	AEBP1	0.36581	45.35	0.348	rgb(221,151,151)	1.8872	None
NR4A2	LYPD8	0.36581	45.35	0.347	rgb(221,151,151)	1.8872	2,2
SMAD9	MAPK8IP1	0.36581	45.35	0.352	rgb(221,150,150)	1.8872	None
TFCP2L1	SCT	0.36581	45.35	0.355	rgb(221,149,150)	1.8872	None
SIM1	TRAM1L1	0.36581	45.35	0.348	rgb(221,150,151)	1.8872	2,2
ZNF519	CBLN1	-0.36515	45.34	-3.4E-01	rgb(143,172,230)	1.887	None
ZFP2	FAM65C	0.36515	45.34	0.336	rgb(221,153,154)	1.887	2,2
ARX	PSD	-0.36449	45.33	-3.3E-01	rgb(146,174,229)	1.8868	None
ELF4	MLN	-0.36449	45.33	-3.3E-01	rgb(145,173,230)	1.8868	None
ELF4	PEX5L	-0.36449	45.33	-3.3E-01	rgb(145,173,230)	1.8868	None
ETV1	SOGA3	-0.36449	45.33	-3.3E-01	rgb(145,173,230)	1.8868	None
LMX1B	MAML3	-0.36449	45.33	-3.3E-01	rgb(145,173,230)	1.8868	None
NKX6-1	RFX2	-0.36449	45.33	-3.3E-01	rgb(145,173,230)	1.8868	None
ZNF519	KNDC1	-0.36449	45.33	-3.3E-01	rgb(146,174,229)	1.8868	None
ETS1	CAMK2N2	0.36383	45.32	0.322	rgb(221,155,156)	1.8866	None
GATA4	ADCY2	0.36383	45.32	0.323	rgb(221,155,156)	1.8866	None
LHX1	PPP1R16B	-0.36383	45.32	-3.2E-01	rgb(147,174,229)	1.8866	None
NEUROD2	AK093555	0.36383	45.32	0.322	rgb(221,155,156)	1.8866	2,2
NKX2-2	TMEM178B	-0.36383	45.32	-3.2E-01	rgb(148,175,229)	1.8866	None
NR4A3	ACE	0.36383	45.32	0.317	rgb(220,157,157)	1.8866	None
EGR3	CALCOCO1	0.36318	45.31	0.309	rgb(220,158,159)	1.8864	None
EGR3	SYCP2	-0.36318	45.31	-3.1E-01	rgb(149,176,229)	1.8864	None
EGR3	TMEM70	0.36318	45.31	0.306	rgb(220,159,159)	1.8864	None
ELF4	SOGA3	-0.36318	45.31	-3.1E-01	rgb(150,176,229)	1.8864	None
ONECUT1	STK31	0.36318	45.31	0.307	rgb(220,158,159)	1.8864	None
PBX1	EIF4EBP3	-0.36318	45.31	-3.1E-01	rgb(150,176,229)	1.8864	None
PRDM16	LY6H	-0.36318	45.31	-3.1E-01	rgb(150,177,229)	1.8864	2,2
SPIB	CITED1	-0.36318	45.31	-3.1E-01	rgb(149,176,229)	1.8864	None
ZNF519	NPW	-0.36318	45.31	-3.1E-01	rgb(150,176,229)	1.8864	None
ZNF846	MIR503HG	-0.36318	45.31	-3.1E-01	rgb(150,176,229)	1.8864	None
FOXA1	BIVM-ERCC5	0.36252	45.3	0.296	rgb(220,160,161)	1.8862	None
GATA4	RTN1	0.36252	45.3	0.295	rgb(220,161,161)	1.8862	None
NEUROD1	CHST8	0.36252	45.3	0.304	rgb(220,159,160)	1.8862	None
NKX2-2	MPP1	-0.36252	45.3	-3.0E-01	rgb(152,177,228)	1.8862	None
NR4A2	HOMEZ	-0.36252	45.3	-3.0E-01	rgb(153,178,228)	1.8862	None
ONECUT1	MRPL34	-0.36252	45.3	-3.0E-01	rgb(152,177,228)	1.8862	None
ZFP28	NAV3	-0.36252	45.3	-3.0E-01	rgb(151,177,229)	1.8862	None
FEV	QDPR	0.36186	45.29	0.289	rgb(220,162,162)	1.886	None
ONECUT3	PPP1R1A	-0.36186	45.29	-2.9E-01	rgb(154,179,228)	1.886	None
PRDM16	ANKRD13B	-0.36186	45.29	-2.9E-01	rgb(154,179,228)	1.886	None
RFX2	GCH1	0.36186	45.29	0.288	rgb(220,162,163)	1.886	None
ZFHX2	SCG3	-0.36186	45.29	-2.9E-01	rgb(155,179,228)	1.886	None
ATF5	ISL1	0.3612	45.28	0.284	rgb(220,163,163)	1.8858	None
EGR3	SLC6A16	-0.3612	45.28	-2.8E-01	rgb(157,181,227)	1.8858	None
GATA4	ICA1L	0.3612	45.28	0.278	rgb(220,164,164)	1.8858	None
LHX1	ZFP28	0.3612	45.28	0.276	rgb(220,164,165)	1.8858	None
MAFF	NHSL2	-0.3612	45.28	-2.8E-01	rgb(156,180,228)	1.8858	None
PAX4	SUMO1P3	-0.3612	45.28	-2.8E-01	rgb(156,180,228)	1.8858	2,2
TEAD2	CDK5R1	0.3612	45.28	0.283	rgb(220,163,164)	1.8858	None
TSHZ1	FAM64A	-0.3612	45.28	-2.8E-01	rgb(157,180,228)	1.8858	2,2
ATF6	FOXA2	0.36054	45.27	0.266	rgb(220,166,167)	1.8856	None
GATA2	SSTR1	0.36054	45.27	0.274	rgb(220,165,165)	1.8856	None
LMX1B	SSBP2	0.36054	45.27	0.275	rgb(220,164,165)	1.8856	None
NKX2-2	ATP8B2	-0.36054	45.27	-2.7E-01	rgb(159,182,227)	1.8856	None
NR4A2	TCTEX1D4	0.36054	45.27	0.274	rgb(220,165,165)	1.8856	None
PBX1	CCDC74B	-0.36054	45.27	-2.7E-01	rgb(159,182,227)	1.8856	None
ZNF846	FAM171A2	0.36054	45.27	0.27	rgb(220,165,166)	1.8856	None
SIM1	ECEL1	0.36054	45.27	0.267	rgb(220,166,166)	1.8856	2,2
ARX	CD96	-0.35988	45.26	-2.6E-01	rgb(160,182,227)	1.8854	None
GATA4	TTLL6	0.35988	45.26	0.261	rgb(220,167,168)	1.8854	None
ISL1	MPP1	-0.35988	45.26	-2.6E-01	rgb(161,183,227)	1.8854	None
NEUROG3	CHGB	0.35988	45.26	0.257	rgb(220,168,168)	1.8854	None
ZFHX2	RASL11B	0.35988	45.26	0.261	rgb(220,167,168)	1.8854	None
LMX1A	SV2B	-0.35922	45.25	-2.5E-01	rgb(163,184,226)	1.8852	None
NR4A2	RPS16P5	0.35922	45.25	0.25	rgb(220,169,170)	1.8852	2,2
ONECUT2	CPLX2	-0.35922	45.25	-2.5E-01	rgb(162,184,227)	1.8852	None
PRDM16	PELI3	-0.35922	45.25	-2.5E-01	rgb(162,184,227)	1.8852	None
MYT1	RAB39B	0.35922	45.25	0.254	rgb(220,169,169)	1.8852	2,2
ASCL1	ANKRD18A	-0.35856	45.24	-2.4E-01	rgb(166,186,226)	1.885	None
HIC1	WNT6	0.35856	45.24	0.244	rgb(220,170,171)	1.885	None
HIF1A	ASCL2	-0.35856	45.24	-2.4E-01	rgb(165,185,226)	1.885	None
ISL1	LOC284581	0.35856	45.24	0.238	rgb(220,172,172)	1.885	2,2
NR4A2	VASH2	0.35856	45.24	0.237	rgb(220,172,172)	1.885	None
SOX4	PGA5	-0.35856	45.24	-2.4E-01	rgb(165,185,226)	1.885	None
ELF4	SSTR2	-0.3579	45.23	-2.3E-01	rgb(166,186,226)	1.8848	None
ETS1	MAD2L2	0.3579	45.23	0.229	rgb(220,173,174)	1.8848	None
ELF4	ETS1	0.35724	45.22	0.224	rgb(219,174,175)	1.8846	None
GATA4	FAT3	0.35724	45.22	0.22	rgb(219,175,175)	1.8846	None
NFAT5	SRCIN1	-0.35724	45.22	-2.2E-01	rgb(168,187,226)	1.8846	None
SOX4	ADCY2	-0.35724	45.22	-2.2E-01	rgb(170,188,225)	1.8846	None
TEAD1	ASXL3	0.35724	45.22	0.217	rgb(219,176,176)	1.8846	None
TFCP2L1	NEUROD1	0.35724	45.22	0.216	rgb(219,176,176)	1.8846	None
ETS1	IL17C	-0.35659	45.21	-2.1E-01	rgb(172,190,225)	1.8844	None
LMX1A	ZFP82	-0.35659	45.21	-2.1E-01	rgb(171,189,225)	1.8844	None
NR4A3	FJX1	-0.35659	45.21	-2.1E-01	rgb(171,189,225)	1.8844	None
TEAD1	CPA1	-0.35659	45.21	-2.1E-01	rgb(172,189,225)	1.8844	None
EGR3	XKR7	-0.35593	45.2	-2.0E-01	rgb(175,191,224)	1.8842	None
LMX1B	CD200	0.35593	45.2	0.2	rgb(219,179,179)	1.8842	None
RORC	EMB	0.35593	45.2	0.196	rgb(219,180,180)	1.8842	None
ZNF846	ID2	-0.35593	45.2	-2.0E-01	rgb(173,190,225)	1.8842	None
TEAD1	TMEM196	-0.35527	45.19	-1.9E-01	rgb(175,192,224)	1.884	None
ARX	FGF9	-0.35461	45.18	-1.8E-01	rgb(178,193,224)	1.8838	None
LHX1	TMEM61	-0.35461	45.18	-1.8E-01	rgb(177,193,224)	1.8838	None
DACH1	RAB39B	0.35461	45.18	0.18	rgb(219,183,183)	1.8838	2,2
ELF4	LAPTM5	0.35395	45.17	0.169	rgb(219,185,185)	1.8836	None
LHX1	AK127697	-0.35395	45.17	-1.7E-01	rgb(181,195,223)	1.8836	2,2
MAFA	HGFAC	-0.35395	45.17	-1.7E-01	rgb(179,194,224)	1.8836	None
NKX2-2	GAP43	-0.35395	45.17	-1.7E-01	rgb(179,194,224)	1.8836	None
ONECUT2	AK093555	0.35395	45.17	0.172	rgb(219,184,184)	1.8836	2,2
HEYL	AK128559	0.35329	45.16	0.16	rgb(219,186,187)	1.8834	2,2
NFAT5	CCDC162P	-0.35329	45.16	-1.6E-01	rgb(182,196,223)	1.8834	None
RFX6	CBFA2T3	0.35329	45.16	0.156	rgb(219,187,187)	1.8834	None
ZFP62	AK123654	0.35329	45.16	0.162	rgb(219,186,186)	1.8834	2,2
LMX1A	BC015342	0.35263	45.15	0.151	rgb(219,188,188)	1.8832	2,2
NKX6-1	SHF	-0.35263	45.15	-1.5E-01	rgb(183,197,223)	1.8832	None
NR4A2	LINC00494	-0.35263	45.15	-1.5E-01	rgb(185,197,223)	1.8832	None
LMX1A	TUBB2B	-0.35197	45.14	-1.4E-01	rgb(187,199,222)	1.883	None
MAFA	SFTPA2	-0.35197	45.14	-1.4E-01	rgb(187,199,222)	1.883	None
MAFF	SMAD9	-0.35197	45.14	-1.4E-01	rgb(186,198,222)	1.883	None
FEV	PRDM16	-0.35131	45.13	-1.3E-01	rgb(189,200,222)	1.8828	None
NEUROD2	AMPD3	-0.35131	45.13	-1.3E-01	rgb(188,200,222)	1.8828	None
NR4A3	NREP	-0.35131	45.13	-1.3E-01	rgb(189,200,222)	1.8828	None
ARX	AX748371	0.35065	45.12	0.121	rgb(218,194,194)	1.8826	2,2
EGR3	G0S2	0.35065	45.12	0.123	rgb(218,193,194)	1.8826	None
NEUROD2	PPP1R14A	-0.35065	45.12	-1.2E-01	rgb(191,201,222)	1.8826	None
PRDM16	TCEAL1	-0.35065	45.12	-1.2E-01	rgb(191,201,222)	1.8826	None
TEAD1	GAD2	0.35065	45.12	0.12	rgb(218,194,194)	1.8826	None
EGR3	NR4A2	-0.35	45.11	-1.1E-01	rgb(193,203,221)	1.8824	None
ELF4	TRPC7	-0.35	45.11	-1.1E-01	rgb(192,202,221)	1.8824	None
MAFF	SPDYE7P	-0.35	45.11	-1.1E-01	rgb(193,202,221)	1.8824	None
RFX6	CNTN3	0.34934	45.1	0.099	rgb(218,198,198)	1.8822	None
RFX6	SCG5	0.34934	45.1	0.096	rgb(218,199,199)	1.8822	None
ZNF853	RASL10B	0.34934	45.1	0.103	rgb(218,197,198)	1.8822	2,2
TEAD1	FAM171B	-0.34868	45.09	-8.7E-02	rgb(198,205,220)	1.882	None
GATA2	REG4	-0.34802	45.07	-7.2E-02	rgb(201,208,220)	1.8816	None
SMAD9	RSAD2	0.34736	45.06	0.06	rgb(218,206,206)	1.8814	None
MLXIPL	FW340055	-0.3467	45.05	-4.8E-02	rgb(207,211,219)	1.8812	2,2
NEUROD1	TSPAN11	-0.3467	45.05	-5.4E-02	rgb(205,210,219)	1.8812	None
SIM1	LPPR5	-0.34604	45.04	-4.2E-02	rgb(208,211,219)	1.881	2,2
RFX6	BCAT1	-0.34538	45.03	-3.1E-02	rgb(210,213,218)	1.8808	None
RFX6	FAM57B	-0.34538	45.03	-2.7E-02	rgb(211,213,218)	1.8808	2,2
ZFHX2	USP41	0.34472	45.01	0.009	rgb(217,215,215)	1.8804	None
GATA4	FEV	-0.34406	45	-4.9E-03	rgb(216,216,217)	1.8802	None
PRDM16	GAL	-0.34406	45	-2.5E-03	rgb(216,217,217)	1.8802	None
FOXA2	ADNP	0.34341	44.94	0.939	rgb(227, 38, 39)	1.879	None
FOXA2	CNGA3	-0.34282	44.89	-8.9E-01	rgb( 24,100,251)	1.878	None
NKX2-2	TFCP2L1	0.34224	44.88	0.877	rgb(227, 49, 51)	1.8778	None
RFX6	EVL	0.34224	44.88	0.884	rgb(227, 48, 50)	1.8778	None
ARX	ADNP	0.34165	44.87	0.866	rgb(227, 52, 53)	1.8776	None
TFCP2L1	EIF4EBP3	0.34107	44.86	0.862	rgb(226, 52, 54)	1.8774	None
ETS1	FRMPD4	0.34049	44.85	0.85	rgb(226, 55, 56)	1.8772	None
PAX6	HES6	-0.34049	44.85	-8.5E-01	rgb( 32,105,249)	1.8772	None
RORC	LRIG1	-0.3399	44.84	-8.4E-01	rgb( 34,106,249)	1.877	None
SOX4	LMX1A	-0.33932	44.82	-8.2E-01	rgb( 39,109,248)	1.8766	None
ARX	RPRML	0.33874	44.81	0.807	rgb(226, 63, 64)	1.8764	None
HSF2	TFCP2L1	-0.33874	44.81	-8.1E-01	rgb( 42,111,248)	1.8764	None
SOX4	PLCXD3	-0.33874	44.81	-8.1E-01	rgb( 42,111,248)	1.8764	None
NHLH1	POM121L9P	0.33815	44.8	0.795	rgb(226, 65, 67)	1.8762	None
PAX6	GPR173	-0.33815	44.8	-8.0E-01	rgb( 43,111,248)	1.8762	None
EGR3	NINJ1	-0.33757	44.79	-7.9E-01	rgb( 45,112,247)	1.876	None
ZNF492	ELAVL4	-0.33757	44.79	-7.9E-01	rgb( 45,112,247)	1.876	None
EGR3	CYGB	-0.33699	44.78	-7.8E-01	rgb( 47,114,247)	1.8758	None
RFX3	CLGN	0.33699	44.78	0.777	rgb(226, 69, 70)	1.8758	None
ZFHX2	LINC00930	0.33699	44.78	0.78	rgb(226, 68, 70)	1.8758	2,2
ZFP92	POM121L9P	0.33699	44.78	0.78	rgb(226, 68, 70)	1.8758	None
NHLH1	SLC35F3	-0.3364	44.76	-7.6E-01	rgb( 53,117,246)	1.8754	None
PAX4	H1FX-AS1	-0.33582	44.75	-7.5E-01	rgb( 55,118,245)	1.8752	None
FEV	CIT	0.33524	44.74	0.735	rgb(225, 77, 78)	1.875	None
ATF6	CNIH2	0.33465	44.73	0.725	rgb(225, 78, 80)	1.8748	None
MAFA	CTTNBP2	-0.33465	44.73	-7.3E-01	rgb( 59,121,245)	1.8748	None
RFX2	MX2	0.33465	44.73	0.73	rgb(225, 78, 79)	1.8748	None
ARX	SUSD2	-0.33407	44.72	-7.2E-01	rgb( 62,122,244)	1.8746	None
ETS1	NR4A2	-0.33407	44.72	-7.2E-01	rgb( 61,122,244)	1.8746	None
LHX1	PTCH1	0.33407	44.72	0.719	rgb(225, 80, 81)	1.8746	None
LMX1B	TMEM200A	0.33407	44.72	0.718	rgb(225, 80, 81)	1.8746	None
ZNF846	MIAT	-0.33407	44.72	-7.2E-01	rgb( 61,122,244)	1.8746	None
PAX6	RBPMS	-0.33349	44.7	-7.0E-01	rgb( 65,124,244)	1.8742	None
SOX4	PCSK2	-0.33349	44.7	-7.0E-01	rgb( 64,124,244)	1.8742	None
HSF2	SLC25A53	-0.3329	44.69	-6.9E-01	rgb( 67,126,243)	1.874	None
TFCP2L1	MAPK4	0.3329	44.69	0.691	rgb(225, 85, 86)	1.874	None
MAFA	NHSL2	0.33232	44.68	0.679	rgb(224, 87, 89)	1.8738	None
NEUROD2	LINC00930	0.33232	44.68	0.676	rgb(224, 88, 89)	1.8738	2,2
NKX2-2	CITED2	0.33232	44.68	0.677	rgb(224, 88, 89)	1.8738	None
HHEX	BC107568	0.33174	44.66	0.663	rgb(224, 90, 92)	1.8734	2,2
LHX1	ADAM20P1	-0.33174	44.66	-6.6E-01	rgb( 73,130,242)	1.8734	2,2
PAX4	RAP1GAP2	-0.33174	44.66	-6.6E-01	rgb( 74,130,242)	1.8734	None
SMAD9	MEX3B	0.33174	44.66	0.66	rgb(224, 91, 92)	1.8734	None
SPIB	KCNE4	-0.33174	44.66	-6.6E-01	rgb( 73,129,242)	1.8734	None
ZFP82	PTPRN2	0.33174	44.66	0.661	rgb(224, 91, 92)	1.8734	None
ZNF117	CATSPER2	0.33174	44.66	0.66	rgb(224, 91, 92)	1.8734	2,2
NR4A2	EIF4EBP3	0.33115	44.65	0.647	rgb(224, 93, 95)	1.8732	None
ONECUT1	CIB4	-0.33115	44.65	-6.5E-01	rgb( 76,131,242)	1.8732	None
PBX1	DLL4	0.33115	44.65	0.649	rgb(224, 93, 94)	1.8732	None
RORC	DNAJC12	-0.33115	44.65	-6.5E-01	rgb( 75,131,242)	1.8732	None
GATA4	USP41	0.33057	44.64	0.638	rgb(224, 95, 96)	1.873	None
LMX1B	KAT2B	0.33057	44.64	0.644	rgb(224, 94, 95)	1.873	None
LHX1	MPP1	0.32999	44.63	0.633	rgb(224, 96, 97)	1.8728	None
LMX1B	PPP1R16B	-0.32999	44.63	-6.3E-01	rgb( 80,134,241)	1.8728	None
GRHL3	SCIMP	-0.32999	44.63	-6.3E-01	rgb( 81,134,241)	1.8728	2,2
ASCL1	AK126318	-0.3294	44.62	-6.2E-01	rgb( 82,135,241)	1.8726	2,2
LMX1B	CAND2	-0.3294	44.62	-6.2E-01	rgb( 83,135,240)	1.8726	None
MAFF	LEFTY1	-0.3294	44.62	-6.2E-01	rgb( 83,135,240)	1.8726	None
NEUROD1	AK026379	0.3294	44.62	0.619	rgb(224, 99,100)	1.8726	2,2
ONECUT1	AL832439	0.3294	44.62	0.622	rgb(224, 98, 99)	1.8726	2,2
PDX1	ABCA9	-0.3294	44.62	-6.2E-01	rgb( 83,135,241)	1.8726	None
PRDM16	TMEFF2	-0.3294	44.62	-6.2E-01	rgb( 82,135,241)	1.8726	None
RFX3	SSTR5	0.3294	44.62	0.622	rgb(224, 98, 99)	1.8726	None
TEAD1	LOC100188947	-0.3294	44.62	-6.2E-01	rgb( 83,136,240)	1.8726	2,2
ELF4	ETV1	-0.32882	44.61	-6.1E-01	rgb( 85,137,240)	1.8724	None
FEV	MBOAT4	0.32882	44.61	0.613	rgb(224,100,101)	1.8724	None
HSF2	TGIF2	-0.32882	44.61	-6.1E-01	rgb( 84,136,240)	1.8724	None
NEUROG3	CTTNBP2	0.32882	44.61	0.612	rgb(224,100,101)	1.8724	None
ZNF846	SBK1	0.32882	44.61	0.609	rgb(224,101,102)	1.8724	None
ETS1	SBK1	0.32824	44.6	0.6	rgb(224,102,104)	1.8722	None
HHEX	LINC00890	0.32824	44.6	0.601	rgb(224,102,103)	1.8722	2,2
LHX1	CTPS1	-0.32824	44.6	-6.0E-01	rgb( 86,137,240)	1.8722	None
TFCP2L1	KANK2	-0.32824	44.6	-6.0E-01	rgb( 88,138,240)	1.8722	None
ZNF117	DQ598910	0.32824	44.6	0.597	rgb(224,103,104)	1.8722	2,2
ELF4	NOL4	-0.32765	44.59	-5.9E-01	rgb( 89,139,239)	1.872	None
RFX3	LIMD2	0.32765	44.59	0.592	rgb(224,104,105)	1.872	2,2
ELF4	CDH5	0.32707	44.58	0.577	rgb(223,107,108)	1.8718	None
FEV	MIR503HG	0.32707	44.58	0.576	rgb(223,107,108)	1.8718	None
INSM1	CAMK2B	-0.32707	44.58	-5.8E-01	rgb( 91,140,239)	1.8718	None
LHX1	GLT8D2	-0.32707	44.58	-5.8E-01	rgb( 92,141,239)	1.8718	None
NEUROD1	RORC	0.32707	44.58	0.581	rgb(223,106,107)	1.8718	None
ZFHX2	DYNC1I1	0.32707	44.58	0.581	rgb(223,106,107)	1.8718	None
ZNF846	SPTBN4	-0.32707	44.58	-5.8E-01	rgb( 91,140,239)	1.8718	None
HIC1	AK128559	-0.32648	44.57	-5.7E-01	rgb( 94,142,239)	1.8716	2,2
PDX1	OR51E1	0.32648	44.57	0.57	rgb(223,108,109)	1.8716	None
ASCL1	AK311257	0.3259	44.56	0.565	rgb(223,109,110)	1.8714	2,2
ATF6	CCDC74B	0.3259	44.56	0.562	rgb(223,110,111)	1.8714	None
FEV	PROX1	-0.3259	44.56	-5.6E-01	rgb( 95,143,238)	1.8714	None
NEUROG3	B3GAT1	-0.3259	44.56	-5.6E-01	rgb( 95,143,238)	1.8714	None
ONECUT1	ZNF492	0.3259	44.56	0.56	rgb(223,110,111)	1.8714	2,2
PRDM16	DSCAML1	-0.3259	44.56	-5.6E-01	rgb( 95,143,238)	1.8714	None
GRHL3	ZCCHC12	0.3259	44.56	0.564	rgb(223,109,110)	1.8714	2,2
FOXA1	FAM135B	0.32532	44.55	0.548	rgb(223,112,113)	1.8712	None
LMX1B	CNIH2	0.32532	44.55	0.546	rgb(223,113,114)	1.8712	None
MAFA	MDK	0.32532	44.55	0.548	rgb(223,112,113)	1.8712	None
NFAT5	HOMEZ	-0.32532	44.55	-5.5E-01	rgb( 97,144,238)	1.8712	None
NKX2-2	OSBPL6	-0.32532	44.55	-5.5E-01	rgb( 99,145,238)	1.8712	None
ZNF117	BC006435	0.32532	44.55	0.55	rgb(223,112,113)	1.8712	2,2
ISL1	BEND5	-0.32473	44.54	-5.4E-01	rgb(100,146,238)	1.871	None
LMX1B	RORC	-0.32473	44.54	-5.4E-01	rgb(100,146,238)	1.871	None
MAFB	MEP1B	0.32473	44.54	0.544	rgb(223,113,114)	1.871	None
MAFF	PLCE1-AS1	-0.32473	44.54	-5.4E-01	rgb( 99,145,238)	1.871	2,2
NKX2-2	PRDM16	-0.32473	44.54	-5.4E-01	rgb(100,146,237)	1.871	None
PDX1	CBX4	0.32473	44.54	0.538	rgb(223,114,115)	1.871	None
SMAD9	ID4	0.32473	44.54	0.541	rgb(223,114,115)	1.871	None
EGR3	EPM2A	-0.32415	44.53	-5.3E-01	rgb(102,147,237)	1.8708	None
NKX2-2	SUMO1P3	0.32415	44.53	0.526	rgb(223,116,118)	1.8708	2,2
GATA4	AK125960	0.32357	44.52	0.518	rgb(223,118,119)	1.8706	2,2
LHX1	COL22A1	0.32357	44.52	0.519	rgb(223,118,119)	1.8706	None
LMX1B	STK31	-0.32357	44.52	-5.2E-01	rgb(105,149,237)	1.8706	None
MAFA	ATP6V0E2	0.32357	44.52	0.525	rgb(223,117,118)	1.8706	None
NKX2-2	TMEM190	0.32357	44.52	0.517	rgb(223,118,119)	1.8706	None
NKX6-1	UBBP4	-0.32357	44.52	-5.2E-01	rgb(104,148,237)	1.8706	2,2
PBX1	BAALC	-0.32357	44.52	-5.2E-01	rgb(105,149,237)	1.8706	None
ETS1	NDRG4	0.32298	44.51	0.514	rgb(223,119,120)	1.8704	None
NKX2-2	TMEFF2	-0.32298	44.51	-5.1E-01	rgb(107,150,236)	1.8704	None
NKX2-2	TMPRSS6	-0.32298	44.51	-5.1E-01	rgb(106,150,236)	1.8704	None
NR4A2	CERS6-AS1	-0.32298	44.51	-5.1E-01	rgb(105,149,237)	1.8704	2,2
NR4A2	SYP	0.32298	44.51	0.507	rgb(223,120,121)	1.8704	None
SOX4	CCND2	0.32298	44.51	0.511	rgb(223,119,120)	1.8704	None
SPIB	SPDYE7P	-0.32298	44.51	-5.1E-01	rgb(106,150,236)	1.8704	None
MAFF	CERS6-AS1	0.3224	44.5	0.498	rgb(222,122,123)	1.8702	2,2
MAFF	FEV	0.3224	44.5	0.499	rgb(222,122,123)	1.8702	None
MYRF	JX088243	-0.3224	44.5	-5.0E-01	rgb(108,151,236)	1.8702	2,2
TEAD1	MEX3B	-0.3224	44.5	-5.0E-01	rgb(109,151,236)	1.8702	None
ARX	ONECUT3	0.32182	44.49	0.487	rgb(222,124,125)	1.87	None
NKX2-2	GPR142	-0.32182	44.49	-4.9E-01	rgb(110,152,236)	1.87	None
TFCP2L1	CCK	0.32182	44.49	0.486	rgb(222,124,125)	1.87	None
GRHL3	FFAR1	-0.32182	44.49	-4.9E-01	rgb(111,153,235)	1.87	2,2
GRHL3	GDF1	0.32182	44.49	0.488	rgb(222,124,125)	1.87	2,2
ZNF117	AK026714	0.32182	44.49	0.491	rgb(222,123,124)	1.87	2,2
ASCL2	ELFN1	0.32123	44.48	0.479	rgb(222,125,126)	1.8698	None
ETV1	AL832439	-0.32123	44.48	-4.8E-01	rgb(114,154,235)	1.8698	2,2
MAFB	DOK6	0.32123	44.48	0.484	rgb(222,125,126)	1.8698	None
NR4A2	CHRNA5	-0.32123	44.48	-4.8E-01	rgb(113,154,235)	1.8698	None
TFCP2L1	TLE3	-0.32123	44.48	-4.8E-01	rgb(113,154,235)	1.8698	None
ASCL1	AK056081	-0.32065	44.47	-4.7E-01	rgb(115,155,235)	1.8696	2,2
ASCL1	DDC	0.32065	44.47	0.473	rgb(222,127,128)	1.8696	None
ETS1	ATOH8	0.32065	44.47	0.472	rgb(222,127,128)	1.8696	None
FOXP2	SH3RF3	-0.32065	44.47	-4.7E-01	rgb(114,154,235)	1.8696	None
HSF2	BCORL1	-0.32065	44.47	-4.7E-01	rgb(114,155,235)	1.8696	None
LMX1B	ADCY2	0.32065	44.47	0.466	rgb(222,128,129)	1.8696	None
MAFF	ENPP1	0.32065	44.47	0.468	rgb(222,128,128)	1.8696	None
PBX1	SH3RF3	0.32065	44.47	0.47	rgb(222,127,128)	1.8696	None
TFCP2L1	MMP11	0.32065	44.47	0.468	rgb(222,128,129)	1.8696	None
ZFHX2	LINC00617	-0.32065	44.47	-4.7E-01	rgb(115,155,235)	1.8696	2,2
EGR3	DKK3	0.32007	44.46	0.458	rgb(222,130,130)	1.8694	None
MAFA	AADAT	0.32007	44.46	0.456	rgb(222,130,131)	1.8694	None
ONECUT3	KCNE4	0.32007	44.46	0.464	rgb(222,128,129)	1.8694	None
SMAD9	CHRNB4	0.32007	44.46	0.458	rgb(222,129,130)	1.8694	None
TEAD1	SMOC1	-0.32007	44.46	-4.6E-01	rgb(118,157,234)	1.8694	None
ZNF846	TCEAL1	-0.32007	44.46	-4.6E-01	rgb(117,156,234)	1.8694	None
AEBP1	WISP1	-0.32007	44.46	-4.6E-01	rgb(118,157,234)	1.8694	2,2
GATA2	PYY	0.31948	44.45	0.452	rgb(222,131,132)	1.8692	None
MAFF	ST18	-0.31948	44.45	-4.5E-01	rgb(120,158,234)	1.8692	None
ARX	AK094909	0.3189	44.44	0.436	rgb(222,134,135)	1.869	2,2
HIF1A	SPEG	-0.3189	44.44	-4.4E-01	rgb(121,158,234)	1.869	None
MAFA	LOC100216479	0.3189	44.44	0.443	rgb(222,132,133)	1.869	2,2
NR4A2	CBX4	0.3189	44.44	0.443	rgb(222,132,133)	1.869	None
PDX1	PKIA	-0.3189	44.44	-4.4E-01	rgb(121,159,234)	1.869	None
PRDM16	NEGR1	0.3189	44.44	0.435	rgb(222,134,135)	1.869	None
ZNF846	WNK3	-0.3189	44.44	-4.4E-01	rgb(121,159,234)	1.869	None
ATOH8	NEUROG3	0.3189	44.44	0.445	rgb(222,132,133)	1.869	2,2
GRHL3	ECEL1	0.3189	44.44	0.444	rgb(222,132,133)	1.869	2,2
FEV	SESN2	-0.31832	44.43	-4.3E-01	rgb(124,160,233)	1.8688	None
GATA2	SSTR3	0.31832	44.43	0.429	rgb(222,135,136)	1.8688	None
MAFB	EID2	-0.31832	44.43	-4.3E-01	rgb(124,160,233)	1.8688	None
ZFHX2	CIT	0.31832	44.43	0.434	rgb(222,134,135)	1.8688	None
ZFHX2	LRRC16B	-0.31832	44.43	-4.3E-01	rgb(123,160,234)	1.8688	2,2
ZNF846	LRAT	-0.31832	44.43	-4.3E-01	rgb(123,160,233)	1.8688	None
ZNF846	MAST1	-0.31832	44.43	-4.3E-01	rgb(123,160,233)	1.8688	None
EGR3	SULT2A1	0.31773	44.42	0.42	rgb(222,137,138)	1.8686	None
LMX1B	ONECUT3	-0.31773	44.42	-4.2E-01	rgb(125,161,233)	1.8686	None
NKX2-2	ADCY2	-0.31773	44.42	-4.2E-01	rgb(125,161,233)	1.8686	None
ONECUT1	PCDH17	0.31773	44.42	0.425	rgb(222,136,137)	1.8686	2,2
SPIB	COL10A1	-0.31773	44.42	-4.2E-01	rgb(126,162,233)	1.8686	None
ARX	PROX1	-0.31715	44.41	-4.1E-01	rgb(128,163,233)	1.8684	None
HEYL	TEAD2	0.31715	44.41	0.41	rgb(222,139,140)	1.8684	None
LMX1A	SCG3	-0.31715	44.41	-4.1E-01	rgb(128,163,233)	1.8684	None
ONECUT2	ELFN1	0.31715	44.41	0.41	rgb(222,139,140)	1.8684	None
RFX6	TOX	0.31715	44.41	0.41	rgb(222,139,140)	1.8684	None
SMAD9	SPIB	0.31715	44.41	0.414	rgb(222,138,139)	1.8684	None
TEAD1	JAKMIP2	-0.31715	44.41	-4.1E-01	rgb(129,163,232)	1.8684	None
ARX	DPP10	-0.31657	44.4	-4.0E-01	rgb(130,164,232)	1.8682	None
ASCL1	CDH22	0.31657	44.4	0.396	rgb(221,141,142)	1.8682	None
HIC1	CHST9	-0.31657	44.4	-4.0E-01	rgb(130,164,232)	1.8682	2,2
LMX1B	HOPX	0.31657	44.4	0.403	rgb(221,140,141)	1.8682	None
MYRF	AK096291	-0.31657	44.4	-4.0E-01	rgb(131,165,232)	1.8682	2,2
NFAT5	IRF2BP1	-0.31657	44.4	-4.0E-01	rgb(130,164,232)	1.8682	None
PAX4	ID2	-0.31657	44.4	-4.0E-01	rgb(131,165,232)	1.8682	None
RFX2	RGS5	0.31657	44.4	0.403	rgb(221,140,141)	1.8682	None
ZFHX2	SMOC1	-0.31657	44.4	-4.0E-01	rgb(131,165,232)	1.8682	None
AEBP1	NAALAD2	-0.31657	44.4	-4.0E-01	rgb(131,165,232)	1.8682	2,2
GATA2	ABCA9	0.31598	44.39	0.389	rgb(221,143,143)	1.868	None
PRDM16	NR4A3	0.31598	44.39	0.387	rgb(221,143,144)	1.868	None
HIC1	ONECUT2	-0.3154	44.38	-3.8E-01	rgb(134,166,232)	1.8678	None
HOXB9	RPS3	-0.3154	44.38	-3.8E-01	rgb(134,166,232)	1.8678	None
HSF2	EYA4	-0.3154	44.38	-3.8E-01	rgb(135,167,231)	1.8678	None
LHX1	TRPM2	0.3154	44.38	0.379	rgb(221,145,145)	1.8678	None
LMX1A	SLC18A1	-0.3154	44.38	-3.8E-01	rgb(134,167,231)	1.8678	None
MAFF	CHRNB4	0.3154	44.38	0.381	rgb(221,144,145)	1.8678	None
NEUROD2	CFH	-0.3154	44.38	-3.8E-01	rgb(134,167,232)	1.8678	2,2
EGR3	PCYT1B	-0.31482	44.37	-3.7E-01	rgb(137,169,231)	1.8676	None
EGR3	TSPAN7	-0.31482	44.37	-3.7E-01	rgb(138,169,231)	1.8676	None
ELF4	NTNG2	-0.31482	44.37	-3.7E-01	rgb(136,168,231)	1.8676	None
NEUROD2	GPC6	0.31482	44.37	0.371	rgb(221,146,147)	1.8676	None
PAX4	CBLN1	0.31482	44.37	0.367	rgb(221,147,148)	1.8676	None
ZNF117	BC010924	0.31482	44.37	0.368	rgb(221,147,148)	1.8676	2,2
LHX1	RNF157-AS1	-0.31423	44.36	-3.6E-01	rgb(138,169,231)	1.8674	None
LMX1B	ATP6V1G2	-0.31423	44.36	-3.6E-01	rgb(140,170,231)	1.8674	None
NEUROD1	RET	0.31423	44.36	0.358	rgb(221,149,149)	1.8674	None
PBX1	FBXL16	-0.31423	44.36	-3.6E-01	rgb(139,169,231)	1.8674	None
PBX1	MEP1B	-0.31423	44.36	-3.6E-01	rgb(139,170,231)	1.8674	None
AKNA	AK123314	-0.31423	44.36	-3.6E-01	rgb(140,170,231)	1.8674	2,2
EGR3	HCP5	-0.31365	44.35	-3.5E-01	rgb(142,171,230)	1.8672	None
EGR3	IFI6	-0.31365	44.35	-3.5E-01	rgb(140,170,230)	1.8672	None
MAFB	ATF5	-0.31365	44.35	-3.5E-01	rgb(140,170,230)	1.8672	None
NR4A2	NINJ1	0.31365	44.35	0.349	rgb(221,150,151)	1.8672	None
ZFP92	FAM101B	-0.31365	44.35	-3.5E-01	rgb(142,171,230)	1.8672	2,2
HIC1	CATSPER2	-0.31307	44.34	-3.4E-01	rgb(144,173,230)	1.867	2,2
HOMEZ	AL109792	-0.31307	44.34	-3.4E-01	rgb(143,172,230)	1.867	2,2
LMX1A	NAV3	-0.31307	44.34	-3.4E-01	rgb(142,172,230)	1.867	None
LMX1B	FAT3	0.31307	44.34	0.34	rgb(221,152,153)	1.867	None
NR4A2	CHST10	-0.31307	44.34	-3.4E-01	rgb(143,172,230)	1.867	None
PRDM16	KAT2B	-0.31307	44.34	-3.4E-01	rgb(142,172,230)	1.867	None
SPIB	CHRNA5	-0.31307	44.34	-3.4E-01	rgb(144,172,230)	1.867	None
FOXA1	FTCD	0.31248	44.33	0.334	rgb(221,153,154)	1.8668	None
NEUROG3	KIT	0.31248	44.33	0.332	rgb(221,153,154)	1.8668	2,2
NKX2-2	AK093555	-0.31248	44.33	-3.3E-01	rgb(146,174,229)	1.8668	2,2
NR4A2	AMPH	-0.31248	44.33	-3.3E-01	rgb(144,173,230)	1.8668	None
NR4A2	ANKRD13B	-0.31248	44.33	-3.3E-01	rgb(146,174,229)	1.8668	None
NR4A2	FAM167A	-0.31248	44.33	-3.3E-01	rgb(146,174,229)	1.8668	None
ONECUT3	PPM1E	-0.31248	44.33	-3.3E-01	rgb(145,173,230)	1.8668	None
ONECUT3	SAMD11	-0.31248	44.33	-3.3E-01	rgb(146,174,229)	1.8668	None
PDX1	CRIP2	-0.31248	44.33	-3.3E-01	rgb(145,173,230)	1.8668	None
RFX6	INSRR	0.31248	44.33	0.33	rgb(221,154,155)	1.8668	None
NEUROG3	LTBP2	0.3119	44.32	0.324	rgb(221,155,156)	1.8666	None
NR4A2	ATP6V1G2	0.3119	44.32	0.319	rgb(221,156,157)	1.8666	None
NR4A2	LRRN2	-0.3119	44.32	-3.2E-01	rgb(149,175,229)	1.8666	None
ARNT2	KCNAB2	-0.31131	44.31	-3.1E-01	rgb(149,176,229)	1.8664	None
ARX	DQ598910	0.31131	44.31	0.311	rgb(220,158,158)	1.8664	2,2
FEV	LHX1	-0.31131	44.31	-3.1E-01	rgb(151,177,229)	1.8664	None
LMX1A	ACTL6B	-0.31131	44.31	-3.1E-01	rgb(150,177,229)	1.8664	None
MAFF	PLCG2	-0.31131	44.31	-3.1E-01	rgb(150,176,229)	1.8664	None
NR4A2	DUSP2	-0.31131	44.31	-3.1E-01	rgb(151,177,229)	1.8664	None
ZNF117	CR627206	0.31131	44.31	0.308	rgb(220,158,159)	1.8664	2,2
ASCL1	PCED1B-AS1	-0.31073	44.3	-3.0E-01	rgb(152,178,228)	1.8662	None
ELF4	AMPH	0.31073	44.3	0.301	rgb(220,159,160)	1.8662	None
ELF4	CPLX2	-0.31073	44.3	-3.0E-01	rgb(151,177,229)	1.8662	None
HIC1	GOLGA6L9	-0.31073	44.3	-3.0E-01	rgb(153,178,228)	1.8662	2,2
LHX1	SMOC2	-0.31073	44.3	-3.0E-01	rgb(152,177,228)	1.8662	None
ONECUT1	PAX6	0.31073	44.3	0.303	rgb(220,159,160)	1.8662	None
PBX1	RBFOX2	0.31073	44.3	0.302	rgb(220,159,160)	1.8662	None
TFCP2L1	LEFTY1	0.31073	44.3	0.297	rgb(220,160,161)	1.8662	None
ZNF846	RGS11	-0.31073	44.3	-3.0E-01	rgb(151,177,229)	1.8662	None
ETS1	TUBB3	0.31015	44.29	0.288	rgb(220,162,162)	1.866	None
NFAT5	NEAT1	0.31015	44.29	0.293	rgb(220,161,162)	1.866	None
NR4A2	FAXC	0.31015	44.29	0.291	rgb(220,161,162)	1.866	None
PDX1	TUBA3FP	-0.31015	44.29	-2.9E-01	rgb(154,179,228)	1.866	None
POU2F2	SAMD14	-0.31015	44.29	-2.9E-01	rgb(155,179,228)	1.866	None
RORC	HIC1	0.31015	44.29	0.286	rgb(220,162,163)	1.866	None
SOX4	EYA4	-0.31015	44.29	-2.9E-01	rgb(153,178,228)	1.866	None
TEAD1	ABCC4	0.31015	44.29	0.292	rgb(220,161,162)	1.866	None
HSF2	TPST2	-0.30956	44.28	-2.8E-01	rgb(156,180,228)	1.8658	None
TEAD2	GPR155	0.30956	44.28	0.279	rgb(220,164,164)	1.8658	None
TEAD2	PKIA	-0.30956	44.28	-2.8E-01	rgb(156,180,228)	1.8658	None
MAFA	NINJ1	-0.30898	44.27	-2.7E-01	rgb(159,182,227)	1.8656	None
MAFF	BC122864	-0.30898	44.27	-2.7E-01	rgb(158,181,227)	1.8656	2,2
NR4A2	COL10A1	0.30898	44.27	0.273	rgb(220,165,165)	1.8656	None
ONECUT1	PBX1	0.30898	44.27	0.275	rgb(220,164,165)	1.8656	None
ZNF117	LOC100505716	0.30898	44.27	0.273	rgb(220,165,165)	1.8656	2,2
ZNF117	NAIP	0.30898	44.27	0.273	rgb(220,165,165)	1.8656	2,2
ETS1	ATP1A3	0.3084	44.26	0.258	rgb(220,168,168)	1.8654	None
HSF2	ENPP2	0.3084	44.26	0.256	rgb(220,168,169)	1.8654	None
LMX1A	PLCXD3	-0.3084	44.26	-2.6E-01	rgb(160,182,227)	1.8654	None
NR4A2	CAMK1G	0.3084	44.26	0.262	rgb(220,167,168)	1.8654	None
NR4A2	MYBPC3	0.3084	44.26	0.261	rgb(220,167,168)	1.8654	None
NR4A2	PPP1R3C	0.3084	44.26	0.258	rgb(220,168,168)	1.8654	None
ETV1	MAP1B	-0.30781	44.25	-2.5E-01	rgb(163,184,226)	1.8652	None
PAX4	GPBAR1	-0.30781	44.25	-2.5E-01	rgb(164,185,226)	1.8652	None
PAX6	ACE	-0.30781	44.25	-2.5E-01	rgb(162,184,227)	1.8652	None
AEBP1	ZFP92	0.30781	44.25	0.249	rgb(220,169,170)	1.8652	2,2
ETS1	SYP	0.30723	44.24	0.237	rgb(220,172,172)	1.865	None
ETV1	AK026714	0.30723	44.24	0.238	rgb(220,172,172)	1.865	2,2
LMX1B	DLL1	-0.30723	44.24	-2.4E-01	rgb(166,186,226)	1.865	None
MAFA	ADCY2	0.30723	44.24	0.243	rgb(220,171,171)	1.865	None
MAFF	TDRD6	-0.30723	44.24	-2.4E-01	rgb(165,185,226)	1.865	2,2
NR4A2	GABBR2	0.30723	44.24	0.24	rgb(220,171,172)	1.865	None
NR4A2	STK31	0.30723	44.24	0.245	rgb(220,170,171)	1.865	None
SPIB	CHRNA1	-0.30723	44.24	-2.4E-01	rgb(164,185,226)	1.865	None
TFCP2L1	BRSK1	0.30723	44.24	0.241	rgb(220,171,171)	1.865	None
ETS1	RASD1	0.30665	44.23	0.234	rgb(220,172,173)	1.8648	None
PRDM16	FW340027	0.30665	44.23	0.233	rgb(220,173,173)	1.8648	2,2
LMX1A	DNER	-0.30606	44.22	-2.2E-01	rgb(170,189,225)	1.8646	None
ONECUT1	NEAT1	0.30606	44.22	0.221	rgb(219,175,175)	1.8646	None
ONECUT3	DYNC1I1	-0.30606	44.22	-2.2E-01	rgb(168,187,225)	1.8646	None
TGIF2	BGN	0.30606	44.22	0.223	rgb(219,174,175)	1.8646	None
ZFHX2	GFRA3	-0.30606	44.22	-2.2E-01	rgb(170,188,225)	1.8646	None
ZFP92	H2AFB3	-0.30606	44.22	-2.2E-01	rgb(168,187,226)	1.8646	2,2
EGR3	RCOR3	-0.30548	44.21	-2.1E-01	rgb(170,189,225)	1.8644	None
NR4A2	MAFA	0.30548	44.21	0.21	rgb(219,177,177)	1.8644	None
NR4A3	KDM1A	-0.30548	44.21	-2.1E-01	rgb(171,189,225)	1.8644	None
RFX2	RIMBP2	0.30548	44.21	0.209	rgb(219,177,177)	1.8644	None
EGR3	MAP1A	-0.3049	44.2	-2.0E-01	rgb(173,190,225)	1.8642	None
ELF4	KCNAB2	-0.3049	44.2	-2.0E-01	rgb(173,191,225)	1.8642	None
GATA4	HMGN3	-0.3049	44.2	-2.0E-01	rgb(173,190,225)	1.8642	None
HSF2	GCG	-0.3049	44.2	-2.0E-01	rgb(173,190,225)	1.8642	None
TEAD1	MEP1B	-0.3049	44.2	-2.0E-01	rgb(173,190,225)	1.8642	None
EGR3	FOXA1	-0.30431	44.19	-1.9E-01	rgb(176,192,224)	1.864	None
NEUROD1	FAT3	0.30431	44.19	0.187	rgb(219,181,182)	1.864	None
RORC	KLHL32	-0.30431	44.19	-1.9E-01	rgb(176,192,224)	1.864	None
FEV	BEX2	0.30373	44.18	0.178	rgb(219,183,183)	1.8638	None
GATA2	ASRGL1	0.30373	44.18	0.181	rgb(219,182,183)	1.8638	None
EGR3	TMEFF1	-0.30315	44.17	-1.7E-01	rgb(179,194,224)	1.8636	None
ETV1	SV2A	-0.30315	44.17	-1.7E-01	rgb(179,194,224)	1.8636	None
ETV1	FW340055	-0.30256	44.15	-1.5E-01	rgb(185,198,223)	1.8632	2,2
ZNF846	BCL2	0.30256	44.15	0.145	rgb(219,189,190)	1.8632	None
DACH1	FLJ38723	0.30256	44.15	0.15	rgb(219,188,189)	1.8632	2,2
ARNT2	STXBP1	-0.30198	44.14	-1.4E-01	rgb(188,199,222)	1.863	None
ARX	NFAT5	0.3014	44.13	0.131	rgb(218,192,192)	1.8628	None
HEYL	AK125960	0.3014	44.13	0.129	rgb(218,192,193)	1.8628	2,2
HSF2	EGR3	0.3014	44.13	0.128	rgb(218,193,193)	1.8628	None
MAFA	POU6F1	0.3014	44.13	0.128	rgb(218,193,193)	1.8628	None
PRDM16	CYMP	-0.3014	44.13	-1.3E-01	rgb(188,200,222)	1.8628	None
SMAD9	SH2D3C	0.3014	44.13	0.134	rgb(218,191,192)	1.8628	None
EGR3	ASIC4	-0.30081	44.11	-1.1E-01	rgb(192,202,221)	1.8624	None
ISL1	DLC1	0.30081	44.11	0.106	rgb(218,197,197)	1.8624	None
ONECUT3	MIR137HG	-0.30081	44.11	-1.1E-01	rgb(194,203,221)	1.8624	None
PDX1	RNF157-AS1	-0.30081	44.11	-1.1E-01	rgb(193,202,221)	1.8624	None
ZFHX2	RTN4RL1	-0.30081	44.11	-1.1E-01	rgb(193,202,221)	1.8624	None
MAFA	ATF5	-0.30023	44.1	-1.0E-01	rgb(195,204,221)	1.8622	None
RORC	CALCOCO1	0.30023	44.1	0.101	rgb(218,198,198)	1.8622	None
LMX1A	NACAD	-0.29965	44.09	-8.8E-02	rgb(198,205,220)	1.862	None
NR4A2	PRKXP1	0.29965	44.09	0.086	rgb(218,201,201)	1.862	None
SPIB	KIAA1324	-0.29965	44.09	-8.6E-02	rgb(198,206,220)	1.862	None
ONECUT3	ZNF492	0.29906	44.08	0.081	rgb(218,202,202)	1.8618	2,2
PDX1	DPEP1	0.29906	44.08	0.083	rgb(218,201,201)	1.8618	None
SMAD9	RTN4RL1	0.29906	44.08	0.082	rgb(218,201,201)	1.8618	None
LMX1B	CAMK1G	0.29848	44.07	0.067	rgb(218,204,204)	1.8616	None
ZFHX2	GLYATL3	-0.29848	44.07	-7.2E-02	rgb(201,207,220)	1.8616	None
PBX1	ADAM12	-0.2979	44.06	-6.2E-02	rgb(204,209,219)	1.8614	None
NEUROD1	NREP	-0.29731	44.04	-3.7E-02	rgb(209,212,218)	1.861	None
NEUROD2	YPEL1	0.29731	44.04	0.037	rgb(217,210,210)	1.861	None
ZFP90	LINC00930	0.29731	44.04	0.037	rgb(217,210,210)	1.861	2,2
ARX	ZNF846	-0.29673	44.03	-3.2E-02	rgb(210,213,218)	1.8608	None
HIC1	TMEM145	-0.29673	44.03	-3.1E-02	rgb(210,213,218)	1.8608	None
ONECUT2	ADD2	-0.29673	44.03	-3.2E-02	rgb(210,213,218)	1.8608	None
SMAD9	CYP27A1	0.29673	44.03	0.033	rgb(217,211,211)	1.8608	None
ARNT2	MCF2L	0.29614	44.02	0.019	rgb(217,213,213)	1.8606	None
ATF6	DGKB	0.29614	44.02	0.019	rgb(217,213,213)	1.8606	None
SPIB	JAZF1	0.29556	44.01	0.009	rgb(217,215,215)	1.8604	None
SOX4	SPON2	0.29498	43.82	0.818	rgb(226, 61, 62)	1.8566	None
ATF6	LOC728392	0.29432	43.81	0.806	rgb(226, 63, 65)	1.8564	2,2
FEV	RFX6	0.29367	43.78	0.779	rgb(226, 68, 70)	1.8558	None
ARX	BIVM-ERCC5	0.29301	43.76	0.761	rgb(225, 72, 73)	1.8554	None
ATF6	TENM2	0.29236	43.73	0.731	rgb(225, 77, 79)	1.8548	None
FEV	TMPRSS6	0.29236	43.73	0.735	rgb(225, 77, 78)	1.8548	None
ONECUT1	UNC5D	0.29236	43.73	0.729	rgb(225, 78, 79)	1.8548	None
PAX6	SERPINI1	-0.29236	43.73	-7.3E-01	rgb( 59,121,245)	1.8548	None
ZFP28	HERC5	-0.29236	43.73	-7.3E-01	rgb( 58,120,245)	1.8548	None
ARNT2	PTPRN2	-0.2917	43.71	-7.1E-01	rgb( 63,123,244)	1.8544	None
ELF4	NACAD	0.2917	43.71	0.706	rgb(225, 82, 84)	1.8544	None
GRHL3	IL17C	0.2917	43.71	0.712	rgb(225, 81, 83)	1.8544	2,2
SMAD9	MTSS1	0.29105	43.7	0.698	rgb(225, 84, 85)	1.8542	None
ELF4	OSBPL6	0.29039	43.69	0.693	rgb(225, 85, 86)	1.854	None
ARX	BC040358	0.28974	43.68	0.684	rgb(225, 86, 88)	1.8538	2,2
TFCP2L1	DYNC1I1	0.28974	43.68	0.684	rgb(225, 86, 88)	1.8538	None
LMX1B	SBK1	-0.28908	43.67	-6.7E-01	rgb( 72,129,242)	1.8536	None
ZNF846	POU2F2	-0.28908	43.67	-6.7E-01	rgb( 72,129,242)	1.8536	None
ASCL2	SCT	-0.28842	43.66	-6.6E-01	rgb( 75,130,242)	1.8534	None
HSF2	WNK3	-0.28842	43.66	-6.6E-01	rgb( 75,130,242)	1.8534	None
NKX2-2	SAMD5	-0.28842	43.66	-6.6E-01	rgb( 73,130,242)	1.8534	None
ONECUT1	AK311213	0.28842	43.66	0.663	rgb(224, 90, 92)	1.8534	2,2
ETS1	AK096291	-0.28777	43.65	-6.5E-01	rgb( 75,131,242)	1.8532	2,2
ZFHX2	SDCBP2-AS1	0.28777	43.65	0.653	rgb(224, 92, 93)	1.8532	None
ZFHX2	SYT4	-0.28777	43.65	-6.5E-01	rgb( 76,131,242)	1.8532	2,2
ZNF382	BIVM-ERCC5	-0.28777	43.65	-6.5E-01	rgb( 77,132,242)	1.8532	None
FOXA1	DCHS1	0.28711	43.64	0.644	rgb(224, 94, 95)	1.853	None
GATA4	ATP1A3	-0.28711	43.64	-6.4E-01	rgb( 77,132,241)	1.853	None
PAX6	SBK1	-0.28711	43.64	-6.4E-01	rgb( 78,132,241)	1.853	None
SMAD9	TENM2	0.28711	43.64	0.639	rgb(224, 95, 96)	1.853	None
ARX	CBX7	0.28646	43.63	0.631	rgb(224, 97, 98)	1.8528	None
FEV	KLK12	0.28646	43.63	0.63	rgb(224, 97, 98)	1.8528	None
LHX1	ID4	0.28646	43.63	0.633	rgb(224, 96, 97)	1.8528	None
LMX1B	ATF6	-0.28646	43.63	-6.3E-01	rgb( 80,134,241)	1.8528	None
MAFB	TCTEX1D4	0.28646	43.63	0.628	rgb(224, 97, 98)	1.8528	None
MAFB	ZNF853	0.28646	43.63	0.625	rgb(224, 98, 99)	1.8528	None
TEAD1	LOC646903	-0.28646	43.63	-6.3E-01	rgb( 81,134,241)	1.8528	2,2
ZFHX2	UNC5D	-0.28646	43.63	-6.3E-01	rgb( 80,133,241)	1.8528	None
LHX1	DTX1	-0.2858	43.62	-6.2E-01	rgb( 83,135,240)	1.8526	None
LHX1	TMEM151A	-0.2858	43.62	-6.2E-01	rgb( 82,135,241)	1.8526	None
LMX1A	CRY2	-0.2858	43.62	-6.2E-01	rgb( 82,135,241)	1.8526	None
LMX1B	GADD45A	0.2858	43.62	0.622	rgb(224, 98, 99)	1.8526	None
EGR3	RGS14	0.28515	43.61	0.612	rgb(224,100,101)	1.8524	None
FOXA1	SERPINA10	0.28515	43.61	0.605	rgb(224,101,103)	1.8524	None
ETS1	ZFHX2	-0.28449	43.6	-6.0E-01	rgb( 87,138,240)	1.8522	None
LMX1B	APLN	-0.28449	43.6	-6.0E-01	rgb( 86,137,240)	1.8522	None
LMX1B	SLC35F3	0.28449	43.6	0.596	rgb(224,103,104)	1.8522	None
RORC	ACSS3	-0.28449	43.6	-6.0E-01	rgb( 88,138,240)	1.8522	None
ELF4	PCSK2	-0.28384	43.59	-5.9E-01	rgb( 90,140,239)	1.852	None
HOXB9	EFCC1	-0.28384	43.59	-5.9E-01	rgb( 89,139,239)	1.852	None
RORC	B3GAT1	0.28384	43.59	0.585	rgb(223,105,106)	1.852	None
ZNF846	MYEF2	-0.28384	43.59	-5.9E-01	rgb( 88,138,240)	1.852	None
ZNF846	SCGN	-0.28384	43.59	-5.9E-01	rgb( 88,139,240)	1.852	None
LHX1	CATSPER2	-0.28318	43.58	-5.8E-01	rgb( 91,140,239)	1.8518	2,2
NR4A3	RET	0.28318	43.58	0.582	rgb(223,106,107)	1.8518	None
SOX4	NOTUM	0.28318	43.58	0.582	rgb(223,106,107)	1.8518	None
GRHL3	NHLH1	0.28318	43.58	0.58	rgb(223,106,107)	1.8518	2,2
GATA4	DENND2A	0.28253	43.57	0.574	rgb(223,107,109)	1.8516	None
NEUROG3	ETS1	0.28253	43.57	0.574	rgb(223,107,109)	1.8516	None
NKX2-2	FBXL16	-0.28253	43.57	-5.7E-01	rgb( 92,141,239)	1.8516	None
ONECUT1	CTAGE15	0.28253	43.57	0.566	rgb(223,109,110)	1.8516	2,2
SOX4	ITGBL1	-0.28253	43.57	-5.7E-01	rgb( 93,141,239)	1.8516	None
ZNF846	ATP6V0E2	0.28253	43.57	0.571	rgb(223,108,109)	1.8516	None
MAFA	RBP1	-0.28187	43.56	-5.6E-01	rgb( 96,143,238)	1.8514	None
ARX	ZFP62	0.28122	43.55	0.546	rgb(223,113,114)	1.8512	None
GATA2	SMARCC1	-0.28122	43.55	-5.5E-01	rgb( 97,144,238)	1.8512	None
HIC1	AK310876	-0.28056	43.54	-5.4E-01	rgb(100,146,237)	1.851	2,2
LMX1B	REM2	0.28056	43.54	0.538	rgb(223,114,115)	1.851	None
NR4A2	TMEM198	0.28056	43.54	0.538	rgb(223,114,115)	1.851	None
PAX6	C2CD4B	-0.28056	43.54	-5.4E-01	rgb(101,146,237)	1.851	None
PRDM16	SUSD2	-0.28056	43.54	-5.4E-01	rgb(101,146,237)	1.851	None
RFX3	FABP5	-0.28056	43.54	-5.4E-01	rgb(100,146,238)	1.851	None
LHX1	SLC16A12	-0.2799	43.53	-5.3E-01	rgb(102,147,237)	1.8508	None
LTF	AX746640	0.2799	43.53	0.53	rgb(223,116,117)	1.8508	2,2
PDX1	ARHGAP22	-0.2799	43.53	-5.3E-01	rgb(102,147,237)	1.8508	None
SPIB	SFRP1	-0.2799	43.53	-5.3E-01	rgb(101,147,237)	1.8508	None
TFCP2L1	INSRR	-0.2799	43.53	-5.3E-01	rgb(103,148,237)	1.8508	None
ZFP82	AL831889	-0.2799	43.53	-5.3E-01	rgb(103,147,237)	1.8508	2,2
ATF5	DZIP1	-0.27925	43.52	-5.2E-01	rgb(104,148,237)	1.8506	None
ETS1	NR4A3	-0.27925	43.52	-5.2E-01	rgb(103,148,237)	1.8506	None
ETV1	NTNG2	0.27925	43.52	0.525	rgb(223,117,118)	1.8506	None
LHX1	PMP22	-0.27925	43.52	-5.2E-01	rgb(104,148,237)	1.8506	None
MAFB	FAT3	0.27925	43.52	0.518	rgb(223,118,119)	1.8506	None
NEUROD1	MSMB	0.27925	43.52	0.525	rgb(223,117,118)	1.8506	None
NR4A2	KCNN3	-0.27925	43.52	-5.2E-01	rgb(105,149,237)	1.8506	None
PDX1	COL22A1	-0.27925	43.52	-5.2E-01	rgb(104,148,237)	1.8506	None
POU6F1	DOK6	0.27925	43.52	0.524	rgb(223,117,118)	1.8506	None
ZNF846	MEX3A	0.27925	43.52	0.52	rgb(223,118,119)	1.8506	None
EGR3	CBLN1	-0.27859	43.51	-5.1E-01	rgb(105,149,237)	1.8504	None
ETS1	PDZD4	0.27859	43.51	0.508	rgb(223,120,121)	1.8504	None
MAFA	LGI3	0.27859	43.51	0.513	rgb(223,119,120)	1.8504	None
ONECUT3	SLC7A14	0.27859	43.51	0.51	rgb(223,120,121)	1.8504	None
RFX3	TPPP3	0.27859	43.51	0.511	rgb(223,119,120)	1.8504	None
TP73	GPR142	0.27859	43.51	0.515	rgb(223,119,120)	1.8504	None
ZNF846	HCP5	0.27859	43.51	0.511	rgb(223,119,120)	1.8504	None
EGR3	ID4	-0.27794	43.5	-5.0E-01	rgb(109,152,236)	1.8502	None
LHX1	ADD2	0.27794	43.5	0.502	rgb(223,121,122)	1.8502	None
PAX4	CYGB	-0.27794	43.5	-5.0E-01	rgb(108,151,236)	1.8502	None
POU6F1	TMEM8C	-0.27794	43.5	-5.0E-01	rgb(108,151,236)	1.8502	2,2
SMAD9	SLC38A5	-0.27794	43.5	-5.0E-01	rgb(108,151,236)	1.8502	None
TP73	NAALADL1	0.27794	43.5	0.504	rgb(223,121,122)	1.8502	None
AEBP1	DBC1	0.27794	43.5	0.505	rgb(223,121,122)	1.8502	2,2
EGR3	ONECUT3	0.27728	43.49	0.488	rgb(222,124,125)	1.85	None
HIC1	HBT8	-0.27728	43.49	-4.9E-01	rgb(111,153,236)	1.85	2,2
NR4A2	TEAD1	0.27728	43.49	0.49	rgb(222,123,124)	1.85	None
ONECUT1	MAST1	0.27728	43.49	0.494	rgb(222,123,124)	1.85	None
PAX6	ISLR2	-0.27728	43.49	-4.9E-01	rgb(110,152,236)	1.85	None
ARX	DLGAP3	-0.27663	43.48	-4.8E-01	rgb(112,153,235)	1.8498	None
ASCL1	DLL1	0.27663	43.48	0.479	rgb(222,126,126)	1.8498	None
HSF2	CIB4	0.27663	43.48	0.48	rgb(222,125,126)	1.8498	None
LMX1A	SLC35F3	-0.27663	43.48	-4.8E-01	rgb(112,153,235)	1.8498	None
NFAT5	AK123654	0.27663	43.48	0.483	rgb(222,125,126)	1.8498	2,2
PDX1	LIMCH1	0.27663	43.48	0.475	rgb(222,126,127)	1.8498	None
ZFHX2	HLA-DQA2	-0.27663	43.48	-4.8E-01	rgb(114,154,235)	1.8498	2,2
ASCL1	MIR29C	-0.27597	43.47	-4.7E-01	rgb(115,155,235)	1.8496	2,2
ETS1	NEAT1	-0.27597	43.47	-4.7E-01	rgb(116,155,235)	1.8496	None
FEV	AK026714	-0.27597	43.47	-4.7E-01	rgb(115,155,235)	1.8496	2,2
GATA2	SCN2A	0.27597	43.47	0.468	rgb(222,128,129)	1.8496	None
LMX1B	SLC14A2	0.27597	43.47	0.468	rgb(222,128,128)	1.8496	None
ONECUT3	LMX1A	0.27597	43.47	0.47	rgb(222,127,128)	1.8496	None
PRDM16	TP73	0.27597	43.47	0.466	rgb(222,128,129)	1.8496	None
ASCL1	DCHS1	0.27532	43.46	0.455	rgb(222,130,131)	1.8494	None
GATA2	GAP43	0.27532	43.46	0.458	rgb(222,130,130)	1.8494	None
GATA4	RAPGEF4	0.27532	43.46	0.456	rgb(222,130,131)	1.8494	None
LHX1	ATF7IP	0.27532	43.46	0.46	rgb(222,129,130)	1.8494	None
NR4A2	UBL5	0.27532	43.46	0.462	rgb(222,129,130)	1.8494	None
NR4A3	CLSPN	-0.27532	43.46	-4.6E-01	rgb(116,156,235)	1.8494	None
SPIB	SYNGR3	0.27532	43.46	0.458	rgb(222,130,130)	1.8494	None
ZNF382	LOC100507351	-0.27532	43.46	-4.6E-01	rgb(117,156,235)	1.8494	2,2
ZNF846	GRB14	0.27532	43.46	0.456	rgb(222,130,131)	1.8494	None
KCNIP3	INA	0.27532	43.46	0.461	rgb(222,129,130)	1.8494	2,2
ZNF853	LOC441204	0.27532	43.46	0.461	rgb(222,129,130)	1.8494	2,2
ETV1	MYBPC3	0.27466	43.45	0.451	rgb(222,131,132)	1.8492	None
FEV	HEPACAM2	0.27466	43.45	0.455	rgb(222,130,131)	1.8492	None
FOXP2	LMO3	0.27466	43.45	0.446	rgb(222,132,133)	1.8492	None
LHX1	SYCP2	-0.27466	43.45	-4.5E-01	rgb(118,157,234)	1.8492	None
LMX1B	FTCD	0.27466	43.45	0.453	rgb(222,131,131)	1.8492	None
LMX1B	MX2	0.27466	43.45	0.448	rgb(222,131,132)	1.8492	None
PDX1	POU2F2	-0.27466	43.45	-4.5E-01	rgb(120,158,234)	1.8492	None
RFX2	NPW	0.27466	43.45	0.454	rgb(222,130,131)	1.8492	None
EGR3	DUSP2	0.27401	43.44	0.445	rgb(222,132,133)	1.849	None
NR4A2	TMEM151B	0.27401	43.44	0.437	rgb(222,134,134)	1.849	None
RORC	GPR148	0.27401	43.44	0.436	rgb(222,134,135)	1.849	None
SOX4	SLC12A5	-0.27401	43.44	-4.4E-01	rgb(123,160,234)	1.849	None
SPIB	PRICKLE2	-0.27401	43.44	-4.4E-01	rgb(121,159,234)	1.849	None
ZFHX2	GRIK3	-0.27401	43.44	-4.4E-01	rgb(122,159,234)	1.849	2,2
ZNF846	CRYBA2	-0.27401	43.44	-4.4E-01	rgb(122,159,234)	1.849	None
ARX	GATA4	-0.27335	43.43	-4.3E-01	rgb(124,160,233)	1.8488	None
ETS1	HHEX	0.27335	43.43	0.428	rgb(222,135,136)	1.8488	None
HIF1A	ETV1	-0.27335	43.43	-4.3E-01	rgb(124,161,233)	1.8488	None
MAFA	FAM13A-AS1	0.27335	43.43	0.431	rgb(222,135,136)	1.8488	None
ONECUT3	SPON1	-0.27335	43.43	-4.3E-01	rgb(123,160,233)	1.8488	None
PBX1	HSPA12A	0.27335	43.43	0.43	rgb(222,135,136)	1.8488	None
PDX1	MUC15	-0.27335	43.43	-4.3E-01	rgb(124,160,233)	1.8488	None
TGIF2	TDRD6	0.27335	43.43	0.432	rgb(222,135,135)	1.8488	None
ZFHX2	ERO1LB	-0.27335	43.43	-4.3E-01	rgb(123,160,233)	1.8488	2,2
ZNF846	CBX4	-0.27335	43.43	-4.3E-01	rgb(123,160,233)	1.8488	None
FOXA1	CRIP1	-0.2727	43.42	-4.2E-01	rgb(126,161,233)	1.8486	None
HEYL	AX748371	-0.2727	43.42	-4.2E-01	rgb(126,162,233)	1.8486	2,2
ONECUT1	FGF2	-0.2727	43.42	-4.2E-01	rgb(127,162,233)	1.8486	None
TEAD2	MAPK4	-0.2727	43.42	-4.2E-01	rgb(126,161,233)	1.8486	None
ZNF846	NPSR1-AS1	0.2727	43.42	0.421	rgb(222,137,137)	1.8486	None
GRHL3	RASL10B	0.2727	43.42	0.425	rgb(222,136,137)	1.8486	2,2
HSF2	MUC5B	-0.27204	43.41	-4.1E-01	rgb(127,163,233)	1.8484	None
NEUROG3	CXCR7	0.27204	43.41	0.413	rgb(222,138,139)	1.8484	2,2
NR4A2	PBX1	0.27204	43.41	0.414	rgb(222,138,139)	1.8484	None
PAX4	LOC727896	-0.27204	43.41	-4.1E-01	rgb(129,163,232)	1.8484	2,2
TEAD1	TSNAX-DISC1	0.27204	43.41	0.41	rgb(222,139,139)	1.8484	None
ZFP82	ST8SIA6-AS1	0.27204	43.41	0.407	rgb(221,139,140)	1.8484	None
ZFP92	ZFP92	0.27204	43.41	0.412	rgb(222,138,139)	1.8484	2,2
HSF2	NEGR1	-0.27139	43.4	-4.0E-01	rgb(131,165,232)	1.8482	None
LMX1B	CCDC40	-0.27139	43.4	-4.0E-01	rgb(130,164,232)	1.8482	None
LMX1B	USH2A	0.27139	43.4	0.401	rgb(221,140,141)	1.8482	None
PRDM16	TUBA1A	-0.27139	43.4	-4.0E-01	rgb(130,164,232)	1.8482	None
SMAD9	ZDHHC8P1	0.27139	43.4	0.402	rgb(221,140,141)	1.8482	None
TEAD1	STMND1	0.27139	43.4	0.399	rgb(221,141,142)	1.8482	None
ASCL2	KCNH7	-0.27073	43.39	-3.9E-01	rgb(132,165,232)	1.848	None
ETS1	IGSF10	0.27073	43.39	0.392	rgb(221,142,143)	1.848	None
MAFB	LSP1	0.27073	43.39	0.391	rgb(221,142,143)	1.848	None
ST18	SH3RF3-AS1	-0.27073	43.39	-3.9E-01	rgb(132,166,232)	1.848	None
ZFP28	PDZRN3	-0.27073	43.39	-3.9E-01	rgb(133,166,232)	1.848	None
GATA4	CAMK2N2	0.27007	43.38	0.377	rgb(221,145,146)	1.8478	None
HSF2	SV2B	-0.27007	43.38	-3.8E-01	rgb(134,167,232)	1.8478	None
MAFB	ADCY2	0.27007	43.38	0.384	rgb(221,144,144)	1.8478	None
NKX2-2	C7	-0.27007	43.38	-3.8E-01	rgb(134,166,232)	1.8478	None
NKX2-2	MICAL2	-0.27007	43.38	-3.8E-01	rgb(136,167,231)	1.8478	None
NR4A2	JPH4	0.27007	43.38	0.379	rgb(221,145,145)	1.8478	None
PAX4	LMX1B	-0.27007	43.38	-3.8E-01	rgb(134,167,231)	1.8478	None
PRDM16	PER2	0.27007	43.38	0.385	rgb(221,143,144)	1.8478	None
TEAD2	ZMYM2	-0.27007	43.38	-3.8E-01	rgb(135,167,231)	1.8478	None
ARX	NEGR1	-0.26942	43.37	-3.7E-01	rgb(136,168,231)	1.8476	None
HSF2	ATP1A3	-0.26942	43.37	-3.7E-01	rgb(136,168,231)	1.8476	None
LMX1A	CLCA1	-0.26942	43.37	-3.7E-01	rgb(136,168,231)	1.8476	None
MAFB	TSSK4	0.26942	43.37	0.375	rgb(221,145,146)	1.8476	None
MYRF	LOC646214	-0.26942	43.37	-3.7E-01	rgb(136,168,231)	1.8476	2,2
NR4A3	DKK3	-0.26942	43.37	-3.7E-01	rgb(136,168,231)	1.8476	None
ONECUT2	JAZF1	-0.26942	43.37	-3.7E-01	rgb(136,168,231)	1.8476	None
TEAD2	KCNH2	0.26942	43.37	0.37	rgb(221,146,147)	1.8476	None
TFCP2L1	GAL	0.26942	43.37	0.373	rgb(221,146,146)	1.8476	None
TFCP2L1	HEPACAM2	0.26942	43.37	0.367	rgb(221,147,148)	1.8476	None
ARNT2	FAM153A	-0.26876	43.36	-3.6E-01	rgb(139,169,231)	1.8474	2,2
EGR3	CYP27A1	-0.26876	43.36	-3.6E-01	rgb(140,170,231)	1.8474	None
MAFF	GPR119	0.26876	43.36	0.359	rgb(221,149,149)	1.8474	2,2
PAX4	HOMEZ	0.26876	43.36	0.358	rgb(221,149,149)	1.8474	None
PAX4	TTLL7	-0.26876	43.36	-3.6E-01	rgb(140,170,231)	1.8474	None
PAX6	ACTN3	-0.26876	43.36	-3.6E-01	rgb(139,169,231)	1.8474	None
ETS1	CHRNB4	-0.26811	43.35	-3.5E-01	rgb(141,171,230)	1.8472	None
FOXA1	GFRA1	0.26811	43.35	0.351	rgb(221,150,151)	1.8472	None
GATA4	AK026714	0.26811	43.35	0.346	rgb(221,151,152)	1.8472	2,2
RFX3	COL21A1	0.26811	43.35	0.348	rgb(221,150,151)	1.8472	None
SPIB	NHLH1	-0.26811	43.35	-3.5E-01	rgb(141,171,230)	1.8472	None
ETS1	PRDM16	-0.26745	43.34	-3.4E-01	rgb(144,173,230)	1.847	None
HIC1	LOC286297	-0.26745	43.34	-3.4E-01	rgb(144,172,230)	1.847	2,2
NEUROD1	RAB26	0.26745	43.34	0.343	rgb(221,152,152)	1.847	None
ZFHX2	KIF5A	-0.26745	43.34	-3.4E-01	rgb(144,173,230)	1.847	None
ARX	CYMP	-0.2668	43.33	-3.3E-01	rgb(146,174,229)	1.8468	None
FEV	CHGB	0.2668	43.33	0.327	rgb(221,154,155)	1.8468	None
LMX1B	APLP1	0.2668	43.33	0.329	rgb(221,154,155)	1.8468	None
RFX3	MSI1	0.2668	43.33	0.331	rgb(221,154,154)	1.8468	None
ASCL1	ASIC4	-0.26614	43.32	-3.2E-01	rgb(146,174,229)	1.8466	None
ELF4	GDF1	-0.26614	43.32	-3.2E-01	rgb(147,175,229)	1.8466	None
ONECUT1	MUC16	0.26614	43.32	0.319	rgb(221,156,157)	1.8466	None
DACH1	NEURL	0.26614	43.32	0.319	rgb(221,156,157)	1.8466	2,2
NKX2-2	GRASP	0.26549	43.31	0.31	rgb(220,158,158)	1.8464	None
ONECUT3	AX748379	0.26549	43.31	0.312	rgb(220,157,158)	1.8464	2,2
SPIB	PTPN22	-0.26549	43.31	-3.1E-01	rgb(150,176,229)	1.8464	None
ZFHX2	PDZD4	-0.26549	43.31	-3.1E-01	rgb(149,176,229)	1.8464	None
ATF5	RPS16P5	0.26483	43.3	0.301	rgb(220,159,160)	1.8462	2,2
GATA6	WNK2	-0.26483	43.3	-3.0E-01	rgb(152,177,228)	1.8462	None
HEYL	FW340055	-0.26483	43.3	-3.0E-01	rgb(151,177,229)	1.8462	2,2
MAFA	C1QL1	0.26483	43.3	0.298	rgb(220,160,161)	1.8462	None
MAFB	RRAGD	-0.26483	43.3	-3.0E-01	rgb(151,177,229)	1.8462	None
MYRF	ANKRD20A8P	-0.26483	43.3	-3.0E-01	rgb(151,177,228)	1.8462	2,2
NHLH1	RCOR2	0.26483	43.3	0.298	rgb(220,160,161)	1.8462	None
NR4A2	BC015342	0.26483	43.3	0.305	rgb(220,159,159)	1.8462	2,2
NR4A2	LONRF2	-0.26483	43.3	-3.0E-01	rgb(151,177,229)	1.8462	None
ZFP28	KLK12	-0.26483	43.3	-3.0E-01	rgb(153,178,228)	1.8462	None
ZFP62	AX746991	0.26483	43.3	0.303	rgb(220,159,160)	1.8462	2,2
ARNT2	CCDC154	-0.26418	43.29	-2.9E-01	rgb(154,179,228)	1.846	2,2
EGR3	GRIN1	-0.26418	43.29	-2.9E-01	rgb(155,179,228)	1.846	None
LMX1A	MALAT1	0.26418	43.29	0.286	rgb(220,162,163)	1.846	None
LMX1A	PPM1E	-0.26418	43.29	-2.9E-01	rgb(155,179,228)	1.846	None
PAX4	ROBO1	-0.26418	43.29	-2.9E-01	rgb(154,179,228)	1.846	None
PRDM16	CAMK2N2	-0.26418	43.29	-2.9E-01	rgb(154,179,228)	1.846	None
PRDM16	FAM131B	0.26418	43.29	0.293	rgb(220,161,162)	1.846	None
RORC	ZFP2	-0.26418	43.29	-2.9E-01	rgb(155,179,228)	1.846	None
ZFHX2	KCTD12	-0.26418	43.29	-2.9E-01	rgb(153,178,228)	1.846	None
KCNIP3	AK095045	0.26418	43.29	0.293	rgb(220,161,162)	1.846	2,2
HSF2	DEFB1	0.26352	43.28	0.281	rgb(220,163,164)	1.8458	None
PAX4	CFH	-0.26352	43.28	-2.8E-01	rgb(157,181,227)	1.8458	2,2
GATA4	KCNJ6	0.26287	43.27	0.267	rgb(220,166,167)	1.8456	None
NKX2-2	RBPMS	0.26287	43.27	0.274	rgb(220,165,165)	1.8456	None
ZFHX2	LZTS1	0.26287	43.27	0.269	rgb(220,166,166)	1.8456	None
EGR3	ATP6V0E2	0.26221	43.26	0.258	rgb(220,168,168)	1.8454	None
ELF4	WDR17	-0.26221	43.26	-2.6E-01	rgb(161,183,227)	1.8454	None
HIC1	CRIP2	-0.26221	43.26	-2.6E-01	rgb(162,183,227)	1.8454	None
HIC1	NTS	-0.26221	43.26	-2.6E-01	rgb(161,183,227)	1.8454	2,2
LHX1	SYNGR3	-0.26221	43.26	-2.6E-01	rgb(160,182,227)	1.8454	None
NR4A2	TGIF2	0.26221	43.26	0.259	rgb(220,168,168)	1.8454	None
NR4A3	LINC00494	-0.26221	43.26	-2.6E-01	rgb(161,183,227)	1.8454	None
ONECUT1	ACSL6	0.26221	43.26	0.258	rgb(220,168,168)	1.8454	None
RFX6	PAK7	0.26221	43.26	0.259	rgb(220,168,168)	1.8454	2,2
ZFP82	ZNF519	-0.26221	43.26	-2.6E-01	rgb(161,183,227)	1.8454	None
ASCL1	AF090102	-0.26155	43.25	-2.5E-01	rgb(163,184,226)	1.8452	2,2
GATA2	SCN3B	-0.26155	43.25	-2.5E-01	rgb(162,183,227)	1.8452	None
MYRF	UBE2Q2P2	-0.26155	43.25	-2.5E-01	rgb(162,184,227)	1.8452	2,2
NR4A2	MLLT11	0.26155	43.25	0.252	rgb(220,169,169)	1.8452	None
ONECUT2	GDAP1	0.26155	43.25	0.249	rgb(220,169,170)	1.8452	None
SPIB	POU6F1	0.26155	43.25	0.247	rgb(220,170,170)	1.8452	None
GRHL3	SDPR	0.26155	43.25	0.251	rgb(220,169,170)	1.8452	2,2
PAX6	CRIP1	0.2609	43.24	0.239	rgb(220,171,172)	1.845	None
PAX6	SLC6A17	0.2609	43.24	0.243	rgb(220,171,171)	1.845	None
RFX3	BRS3	0.2609	43.24	0.242	rgb(220,171,171)	1.845	None
ZNF846	IGFN1	0.2609	43.24	0.24	rgb(220,171,172)	1.845	None
ETV1	HLA-DPA1	0.26024	43.23	0.23	rgb(220,173,173)	1.8448	None
HSF2	VCAN	-0.26024	43.23	-2.3E-01	rgb(167,187,226)	1.8448	None
LMX1B	FAM171A2	-0.26024	43.23	-2.3E-01	rgb(167,186,226)	1.8448	None
ONECUT1	DYNC1I1	0.26024	43.23	0.233	rgb(220,172,173)	1.8448	None
RFX6	LTBP2	0.26024	43.23	0.23	rgb(220,173,174)	1.8448	None
ELF4	ZNF519	-0.25959	43.22	-2.2E-01	rgb(169,188,225)	1.8446	None
HOXB9	UNC13A	0.25959	43.22	0.221	rgb(219,175,175)	1.8446	None
LMX1B	MIR7-3HG	0.25959	43.22	0.22	rgb(219,175,175)	1.8446	None
NR4A2	STARD9	0.25959	43.22	0.219	rgb(219,175,176)	1.8446	None
RFX3	SEMA6B	0.25959	43.22	0.222	rgb(219,175,175)	1.8446	None
ARX	ANP32A-IT1	0.25893	43.21	0.206	rgb(219,178,178)	1.8444	2,2
ETV1	NKTR	-0.25893	43.21	-2.1E-01	rgb(172,190,225)	1.8444	None
TEAD1	ATF7IP	0.25893	43.21	0.208	rgb(219,177,178)	1.8444	None
TP73	NCS1	0.25893	43.21	0.208	rgb(219,177,178)	1.8444	None
ZFHX2	DNER	-0.25893	43.21	-2.1E-01	rgb(171,189,225)	1.8444	None
NR4A2	ETS1	0.25828	43.2	0.201	rgb(219,179,179)	1.8442	None
PBX1	SYN1	0.25828	43.2	0.197	rgb(219,179,180)	1.8442	None
PRDM16	EID2	-0.25828	43.2	-2.0E-01	rgb(174,191,224)	1.8442	None
LHX1	PER2	-0.25762	43.19	-1.9E-01	rgb(177,193,224)	1.844	None
LMX1A	NCALD	-0.25762	43.19	-1.9E-01	rgb(175,191,224)	1.844	None
NFAT5	ATP8B2	-0.25762	43.19	-1.9E-01	rgb(175,191,224)	1.844	None
NFAT5	FCRL6	-0.25762	43.19	-1.9E-01	rgb(175,191,224)	1.844	None
PAX4	BC122864	-0.25762	43.19	-1.9E-01	rgb(175,192,224)	1.844	2,2
SMAD9	ITGA7	0.25762	43.19	0.186	rgb(219,182,182)	1.844	None
ST18	SESN2	-0.25762	43.19	-1.9E-01	rgb(175,191,224)	1.844	None
SIM1	GRAMD2	0.25762	43.19	0.186	rgb(219,182,182)	1.844	2,2
EGR3	MIAT	-0.25697	43.18	-1.8E-01	rgb(179,194,224)	1.8438	None
ETS1	G0S2	0.25697	43.18	0.176	rgb(219,183,184)	1.8438	None
HSF2	RBP1	0.25697	43.18	0.184	rgb(219,182,182)	1.8438	None
ARX	IFI6	0.25631	43.17	0.171	rgb(219,184,185)	1.8436	None
ASCL2	FOXA2	-0.25631	43.17	-1.7E-01	rgb(180,195,223)	1.8436	None
ELF4	GFRA1	-0.25631	43.17	-1.7E-01	rgb(180,195,223)	1.8436	None
NR4A2	LTBP2	0.25631	43.17	0.175	rgb(219,184,184)	1.8436	None
RFX6	ACSL6	0.25631	43.17	0.169	rgb(219,185,185)	1.8436	None
HSF2	PTPRN	-0.25566	43.16	-1.6E-01	rgb(182,195,223)	1.8434	None
MAFA	ACTL6B	0.25566	43.16	0.158	rgb(219,187,187)	1.8434	None
ASCL1	CLCNKA	0.255	43.15	0.151	rgb(219,188,188)	1.8432	None
LMX1B	AEBP1	-0.255	43.15	-1.5E-01	rgb(184,197,223)	1.8432	None
RFX6	SEPT3	0.255	43.15	0.147	rgb(219,189,189)	1.8432	2,2
ZFP62	PLCE1-AS1	0.255	43.15	0.147	rgb(219,189,189)	1.8432	2,2
HSF2	SPIB	-0.25435	43.14	-1.4E-01	rgb(187,199,222)	1.843	None
NR4A2	NPY	-0.25435	43.14	-1.4E-01	rgb(186,198,222)	1.843	None
NR4A2	TMEM178B	0.25435	43.14	0.142	rgb(219,190,190)	1.843	None
ONECUT1	KIAA1456	0.25435	43.14	0.138	rgb(219,191,191)	1.843	2,2
PAX4	FGF2	-0.25435	43.14	-1.4E-01	rgb(188,199,222)	1.843	None
TEAD2	CRIP2	0.25435	43.14	0.139	rgb(219,190,191)	1.843	None
NKX2-2	STMND1	0.25369	43.13	0.135	rgb(218,191,192)	1.8428	None
SMAD9	CBX2	0.25369	43.13	0.13	rgb(218,192,192)	1.8428	None
TFCP2L1	SPARC	0.25369	43.13	0.135	rgb(218,191,192)	1.8428	None
DACH1	LIMD2	0.25369	43.13	0.125	rgb(218,193,193)	1.8428	2,2
TEAD1	MAST1	-0.25304	43.12	-1.2E-01	rgb(192,202,221)	1.8426	None
SIM1	KAL1	0.25304	43.12	0.118	rgb(218,194,195)	1.8426	2,2
ELF4	MAPK12	-0.25238	43.11	-1.1E-01	rgb(194,203,221)	1.8424	None
EGR3	CRMP1	-0.25172	43.1	-9.6E-02	rgb(196,204,221)	1.8422	None
GATA2	MUC15	-0.25172	43.1	-1.0E-01	rgb(195,203,221)	1.8422	None
HOXB9	ZFP62	0.25172	43.1	0.102	rgb(218,198,198)	1.8422	None
HSF2	KCNH3	-0.25172	43.1	-1.0E-01	rgb(194,203,221)	1.8422	None
MAFA	CHGA	0.25172	43.1	0.105	rgb(218,197,197)	1.8422	None
NEUROD1	YPEL1	0.25172	43.1	0.101	rgb(218,198,198)	1.8422	None
NEUROG3	IMPG1	-0.25172	43.1	-1.0E-01	rgb(195,204,221)	1.8422	None
TP73	EML1	-0.25172	43.1	-9.8E-02	rgb(196,204,221)	1.8422	None
ZFHX2	GAL	-0.25172	43.1	-9.9E-02	rgb(196,204,221)	1.8422	None
ELF4	AKT3	-0.25107	43.09	-9.3E-02	rgb(197,205,221)	1.842	None
MAFB	FSD1	0.25107	43.09	0.093	rgb(218,199,199)	1.842	None
RFX2	NPAS3	0.25041	43.08	0.082	rgb(218,201,201)	1.8418	None
TGIF2	SPIB	0.25041	43.08	0.078	rgb(218,202,202)	1.8418	None
ETS1	HLA-DPA1	0.24976	43.07	0.074	rgb(218,203,203)	1.8416	None
NKX6-1	GADD45A	-0.24976	43.07	-6.7E-02	rgb(203,208,220)	1.8416	None
GATA4	MAP2	-0.2491	43.06	-6.4E-02	rgb(203,209,219)	1.8414	None
LMX1A	NEAT1	0.2491	43.06	0.063	rgb(218,205,205)	1.8414	None
NR4A2	SPP1	-0.2491	43.06	-6.1E-02	rgb(204,209,219)	1.8414	None
ZNF492	BRS3	-0.2491	43.06	-5.8E-02	rgb(204,209,219)	1.8414	None
ELF4	RCOR2	-0.24845	43.05	-5.4E-02	rgb(205,210,219)	1.8412	None
GATA2	SAMD5	0.24845	43.05	0.048	rgb(218,208,208)	1.8412	None
LHX1	LMO3	0.24845	43.05	0.049	rgb(218,208,208)	1.8412	None
PAX6	ROBO1	-0.24845	43.05	-5.3E-02	rgb(205,210,219)	1.8412	None
SOX4	PCSK1N	0.24845	43.05	0.046	rgb(218,208,208)	1.8412	2,2
MAFA	ABCC4	-0.24779	43.04	-4.1E-02	rgb(208,212,219)	1.841	None
ONECUT1	CADM2	0.24779	43.04	0.044	rgb(217,209,209)	1.841	None
ONECUT1	LDHAL6A	0.24779	43.04	0.04	rgb(217,209,210)	1.841	None
ONECUT3	ACSL6	0.24779	43.04	0.039	rgb(217,210,210)	1.841	None
ARX	AX748379	0.24714	43.03	0.032	rgb(217,211,211)	1.8408	2,2
HIF1A	FABP5	0.24714	43.03	0.025	rgb(217,212,212)	1.8408	None
MAFB	SH3RF3-AS1	0.24714	43.03	0.033	rgb(217,211,211)	1.8408	None
NEUROD2	HOXB9	0.24648	43.02	0.023	rgb(217,213,213)	1.8406	None
TEAD1	MUC5B	-0.24648	43.02	-2.0E-02	rgb(213,214,218)	1.8406	None
NKX2-2	NALCN	-0.24583	43.01	-1.3E-02	rgb(214,215,217)	1.8404	None
TFCP2L1	HINT1	0.24517	42.9	0.9	rgb(227, 45, 47)	1.8382	None
NEUROD1	FCGBP	-0.24455	42.81	-8.1E-01	rgb( 41,110,248)	1.8364	None
SOX4	NRXN2	-0.24455	42.81	-8.1E-01	rgb( 41,110,248)	1.8364	None
ATF6	UCHL1	0.24394	42.8	0.795	rgb(226, 65, 67)	1.8362	2,2
LHX1	GOLGA6L9	-0.24394	42.8	-8.0E-01	rgb( 44,112,247)	1.8362	2,2
EGR3	C2CD4A	-0.24332	42.78	-7.8E-01	rgb( 48,114,247)	1.8358	None
ELF4	COL12A1	-0.24271	42.76	-7.6E-01	rgb( 53,117,246)	1.8354	None
ISL1	RORC	-0.24271	42.76	-7.6E-01	rgb( 52,117,246)	1.8354	None
HSF2	PMP22	0.24209	42.75	0.748	rgb(225, 74, 76)	1.8352	None
ONECUT2	HOPX	0.24209	42.75	0.754	rgb(225, 73, 74)	1.8352	None
ASCL1	MAML3	0.24147	42.74	0.742	rgb(225, 75, 77)	1.835	None
SOX4	CACNA2D1	0.24147	42.74	0.74	rgb(225, 76, 77)	1.835	None
HSF2	TAGLN3	0.24086	42.73	0.733	rgb(225, 77, 78)	1.8348	None
ZFP28	CSF1R	-0.24086	42.73	-7.3E-01	rgb( 58,120,245)	1.8348	None
INSM1	HERC5	-0.24024	42.72	-7.2E-01	rgb( 62,123,244)	1.8346	None
NFAT5	CTSL2	0.23962	42.7	0.7	rgb(225, 83, 85)	1.8342	2,2
NHLH1	SCT	0.23901	42.68	0.682	rgb(225, 87, 88)	1.8338	None
NR4A3	TTYH2	-0.23901	42.68	-6.8E-01	rgb( 68,127,243)	1.8338	None
ONECUT3	C2CD4A	-0.23901	42.68	-6.8E-01	rgb( 69,127,243)	1.8338	None
ZFP28	SSBP2	-0.23901	42.68	-6.8E-01	rgb( 71,128,243)	1.8338	None
GRHL3	PCDHB15	0.23901	42.68	0.675	rgb(224, 88, 89)	1.8338	2,2
GATA2	LOC100130000	0.23839	42.66	0.66	rgb(224, 91, 92)	1.8334	2,2
LMX1B	PMP22	-0.23839	42.66	-6.6E-01	rgb( 74,130,242)	1.8334	None
MAFB	FCRL6	0.23839	42.66	0.656	rgb(224, 92, 93)	1.8334	None
ARX	CBFA2T3	-0.23778	42.65	-6.5E-01	rgb( 77,132,242)	1.8332	None
PAX6	COL22A1	-0.23778	42.65	-6.5E-01	rgb( 77,132,242)	1.8332	None
SOX4	FKBP7	0.23778	42.65	0.651	rgb(224, 93, 94)	1.8332	None
ZNF846	UBL5	0.23716	42.64	0.638	rgb(224, 95, 96)	1.833	None
INSM1	CD96	-0.23654	42.63	-6.3E-01	rgb( 80,134,241)	1.8328	None
MAFB	CCDC74A	0.23654	42.63	0.63	rgb(224, 97, 98)	1.8328	None
PBX1	MUC5AC	0.23654	42.63	0.63	rgb(224, 97, 98)	1.8328	2,2
MYRF	FKSG51	-0.23593	42.62	-6.2E-01	rgb( 81,135,241)	1.8326	2,2
NHLH1	MXI1	0.23593	42.62	0.622	rgb(224, 98, 99)	1.8326	None
PRDM16	ACE	-0.23593	42.62	-6.2E-01	rgb( 83,135,240)	1.8326	2,2
TP73	DKFZP434K028	-0.23593	42.62	-6.2E-01	rgb( 81,135,241)	1.8326	2,2
ZBTB4	AX747853	-0.23593	42.62	-6.2E-01	rgb( 82,135,241)	1.8326	2,2
ONECUT2	NPSR1-AS1	0.23531	42.61	0.612	rgb(224,100,101)	1.8324	None
PBX1	SUSD2	0.23531	42.61	0.606	rgb(224,101,103)	1.8324	None
RFX2	EML1	0.23531	42.61	0.606	rgb(224,101,103)	1.8324	None
SMAD9	LINC00643	-0.23531	42.61	-6.1E-01	rgb( 85,136,240)	1.8324	None
SPIB	OSBPL6	-0.23531	42.61	-6.1E-01	rgb( 85,137,240)	1.8324	None
NEUROD2	KANK2	-0.23469	42.6	-6.0E-01	rgb( 86,137,240)	1.8322	None
PRDM16	CPE	-0.23469	42.6	-6.0E-01	rgb( 87,138,240)	1.8322	None
LTF	DQ598910	0.23408	42.59	0.587	rgb(223,105,106)	1.832	2,2
NKX6-1	LIN7A	0.23408	42.59	0.592	rgb(224,104,105)	1.832	None
NR4A3	COL12A1	0.23408	42.59	0.592	rgb(224,104,105)	1.832	None
PDX1	AX747090	-0.23408	42.59	-5.9E-01	rgb( 90,140,239)	1.832	2,2
SPIB	STMN4	0.23408	42.59	0.594	rgb(224,104,105)	1.832	None
ASCL2	SDK2	-0.23346	42.58	-5.8E-01	rgb( 92,141,239)	1.8318	None
EGR3	ATF6	-0.23346	42.58	-5.8E-01	rgb( 90,140,239)	1.8318	None
GATA4	ACSL6	0.23346	42.58	0.576	rgb(223,107,108)	1.8318	None
PBX1	TLE3	0.23346	42.58	0.582	rgb(223,106,107)	1.8318	None
ZFP82	CTTNBP2	-0.23346	42.58	-5.8E-01	rgb( 92,141,239)	1.8318	None
ELF4	SPAG8	0.23285	42.57	0.573	rgb(223,108,109)	1.8316	None
HIC1	TTYH2	0.23285	42.57	0.565	rgb(223,109,110)	1.8316	None
HIF1A	TMEM212	-0.23285	42.57	-5.7E-01	rgb( 92,141,239)	1.8316	None
LMX1B	DNER	0.23285	42.57	0.572	rgb(223,108,109)	1.8316	None
ONECUT1	AK302511	0.23285	42.57	0.569	rgb(223,108,109)	1.8316	2,2
ONECUT3	NR2F2-AS1	-0.23285	42.57	-5.7E-01	rgb( 92,141,239)	1.8316	None
ZNF492	TMPRSS6	-0.23285	42.57	-5.7E-01	rgb( 93,142,239)	1.8316	None
NR4A3	DLL1	-0.23223	42.56	-5.6E-01	rgb( 95,143,238)	1.8314	None
TFCP2L1	RPS3	0.23223	42.56	0.559	rgb(223,110,111)	1.8314	None
GATA2	TMPRSS6	0.23161	42.55	0.548	rgb(223,112,113)	1.8312	None
DZIP1	NAT8L	-0.23161	42.55	-5.5E-01	rgb( 99,145,238)	1.8312	2,2
ARX	RSAD2	-0.231	42.54	-5.4E-01	rgb(100,146,237)	1.831	None
ELF4	EMB	0.231	42.54	0.536	rgb(223,115,116)	1.831	None
FOXP2	MUC16	-0.231	42.54	-5.4E-01	rgb( 99,145,238)	1.831	None
LHX1	SMARCC1	0.231	42.54	0.54	rgb(223,114,115)	1.831	None
PBX1	BRSK2	-0.231	42.54	-5.4E-01	rgb(100,146,237)	1.831	None
NPAS3	CDHR1	0.231	42.54	0.545	rgb(223,113,114)	1.831	2,2
HIC1	ANKRD36B	-0.23038	42.53	-5.3E-01	rgb(101,147,237)	1.8308	2,2
NKX2-2	PGM5P2	-0.23038	42.53	-5.3E-01	rgb(102,147,237)	1.8308	2,2
TFCP2L1	WDR17	0.23038	42.53	0.53	rgb(223,116,117)	1.8308	None
MYT1	LINC00617	0.23038	42.53	0.528	rgb(223,116,117)	1.8308	2,2
ASCL1	HBT8	-0.22976	42.52	-5.2E-01	rgb(105,149,237)	1.8306	2,2
FEV	MYRF	-0.22976	42.52	-5.2E-01	rgb(103,148,237)	1.8306	None
FOXP2	CPE	-0.22976	42.52	-5.2E-01	rgb(105,149,237)	1.8306	None
LHX1	ZG16	-0.22976	42.52	-5.2E-01	rgb(104,148,237)	1.8306	None
LMX1B	SLC30A4	0.22976	42.52	0.522	rgb(223,117,118)	1.8306	None
MAFA	PTGDR2	0.22976	42.52	0.522	rgb(223,117,118)	1.8306	None
ZNF492	PCDHA2	-0.22976	42.52	-5.2E-01	rgb(103,148,237)	1.8306	None
ARX	PBOV1	0.22915	42.51	0.514	rgb(223,119,120)	1.8304	None
EGR3	SYN1	-0.22915	42.51	-5.1E-01	rgb(107,150,236)	1.8304	None
GLIS2	KCNN3	-0.22915	42.51	-5.1E-01	rgb(107,150,236)	1.8304	None
LMX1B	GRAP2	-0.22915	42.51	-5.1E-01	rgb(106,149,236)	1.8304	None
LTF	FW340055	0.22915	42.51	0.509	rgb(223,120,121)	1.8304	2,2
NR4A2	PAX6	-0.22915	42.51	-5.1E-01	rgb(107,150,236)	1.8304	None
NR4A2	WNK2	0.22915	42.51	0.51	rgb(223,120,121)	1.8304	None
ARX	POU2F2	-0.22853	42.5	-5.0E-01	rgb(109,151,236)	1.8302	None
GATA2	MALAT1	0.22853	42.5	0.502	rgb(223,121,122)	1.8302	None
LHX1	SIM1	0.22853	42.5	0.503	rgb(223,121,122)	1.8302	None
ONECUT3	PDX1	-0.22853	42.5	-5.0E-01	rgb(109,151,236)	1.8302	None
PDX1	TOX3	0.22853	42.5	0.498	rgb(222,122,123)	1.8302	None
SMAD9	SLC14A2	0.22853	42.5	0.504	rgb(223,121,122)	1.8302	None
ZNF382	CHD5	-0.22853	42.5	-5.0E-01	rgb(108,151,236)	1.8302	None
ZNF492	IFNE	0.22853	42.5	0.497	rgb(222,122,123)	1.8302	2,2
EGR3	CCDC74B	-0.22792	42.49	-4.9E-01	rgb(110,152,236)	1.83	None
MAFF	AK127697	-0.22792	42.49	-4.9E-01	rgb(110,152,236)	1.83	2,2
LMX1B	CDH5	-0.2273	42.48	-4.8E-01	rgb(112,153,235)	1.8298	None
MAFB	MAPK7	0.2273	42.48	0.484	rgb(222,125,125)	1.8298	None
NR4A2	STMN2	-0.2273	42.48	-4.8E-01	rgb(113,154,235)	1.8298	None
PDX1	MMP11	-0.2273	42.48	-4.8E-01	rgb(113,154,235)	1.8298	None
ZFHX2	VOPP1	-0.2273	42.48	-4.8E-01	rgb(113,154,235)	1.8298	None
ZNF492	GATA4	-0.2273	42.48	-4.8E-01	rgb(113,154,235)	1.8298	None
DZIP1	LOC100506178	0.2273	42.48	0.482	rgb(222,125,126)	1.8298	2,2
ZNF117	KIAA1456	0.2273	42.48	0.479	rgb(222,125,126)	1.8298	2,2
LHX1	PEX5L	0.22668	42.47	0.469	rgb(222,127,128)	1.8296	None
NKX2-2	PTPN22	0.22668	42.47	0.475	rgb(222,126,127)	1.8296	None
RORC	INSM1	-0.22668	42.47	-4.7E-01	rgb(115,155,235)	1.8296	None
ZNF117	VN1R1	0.22668	42.47	0.472	rgb(222,127,128)	1.8296	2,2
ARX	AK094325	0.22607	42.46	0.461	rgb(222,129,130)	1.8294	2,2
FEV	NFRKB	-0.22607	42.46	-4.6E-01	rgb(118,156,234)	1.8294	None
GATA2	AX747775	0.22607	42.46	0.461	rgb(222,129,130)	1.8294	2,2
HEYL	LOC145837	0.22607	42.46	0.465	rgb(222,128,129)	1.8294	2,2
RFX2	MAP6	0.22607	42.46	0.46	rgb(222,129,130)	1.8294	None
ASCL1	FUT7	0.22545	42.45	0.454	rgb(222,130,131)	1.8292	None
NR4A2	APLN	-0.22545	42.45	-4.5E-01	rgb(120,158,234)	1.8292	None
ONECUT3	CPLX1	-0.22545	42.45	-4.5E-01	rgb(119,158,234)	1.8292	None
SMAD9	CLCNKA	-0.22545	42.45	-4.5E-01	rgb(119,158,234)	1.8292	None
ZNF519	BRS3	0.22545	42.45	0.454	rgb(222,130,131)	1.8292	None
ZNF846	THBS4	-0.22545	42.45	-4.5E-01	rgb(118,157,234)	1.8292	None
GRHL3	L1TD1	0.22545	42.45	0.455	rgb(222,130,131)	1.8292	2,2
FOXA1	ADAMTSL1	0.22483	42.44	0.437	rgb(222,134,134)	1.829	None
HOXB9	MEX3A	0.22483	42.44	0.44	rgb(222,133,134)	1.829	None
LMX1A	ICA1L	-0.22483	42.44	-4.4E-01	rgb(121,158,234)	1.829	None
LTF	AK094916	0.22483	42.44	0.439	rgb(222,133,134)	1.829	2,2
NKX2-2	HDAC7	-0.22483	42.44	-4.4E-01	rgb(122,159,234)	1.829	None
NR4A3	G0S2	-0.22483	42.44	-4.4E-01	rgb(121,159,234)	1.829	None
RORC	LINC00930	-0.22483	42.44	-4.4E-01	rgb(121,159,234)	1.829	2,2
ZFHX2	KCNE4	-0.22483	42.44	-4.4E-01	rgb(120,158,234)	1.829	None
ZFP28	TMEM190	-0.22483	42.44	-4.4E-01	rgb(122,159,234)	1.829	None
ZFP82	DLL4	0.22483	42.44	0.44	rgb(222,133,134)	1.829	None
ZNF492	NR2F2-AS1	0.22483	42.44	0.439	rgb(222,133,134)	1.829	None
ZNF117	BC043205	0.22483	42.44	0.442	rgb(222,133,133)	1.829	2,2
ARX	CNTD2	-0.22422	42.43	-4.3E-01	rgb(124,161,233)	1.8288	None
ELF4	RTN4RL1	-0.22422	42.43	-4.3E-01	rgb(123,160,233)	1.8288	None
ETS1	HGFAC	-0.22422	42.43	-4.3E-01	rgb(124,160,233)	1.8288	None
ETS1	SCIMP	0.22422	42.43	0.427	rgb(222,135,136)	1.8288	None
ETV1	ZNF519	-0.22422	42.43	-4.3E-01	rgb(123,160,233)	1.8288	None
NKX2-2	AVPR1B	-0.22422	42.43	-4.3E-01	rgb(123,160,233)	1.8288	None
NR4A2	DCHS1	0.22422	42.43	0.434	rgb(222,134,135)	1.8288	None
PDX1	CD52	0.22422	42.43	0.428	rgb(222,135,136)	1.8288	None
ARNT2	LDHAL6A	-0.2236	42.42	-4.2E-01	rgb(126,162,233)	1.8286	None
ARX	FUT1	-0.2236	42.42	-4.2E-01	rgb(125,161,233)	1.8286	None
ASCL1	MRC1	0.2236	42.42	0.421	rgb(222,137,137)	1.8286	2,2
ATF5	RBFOX2	0.2236	42.42	0.421	rgb(222,137,137)	1.8286	None
FEV	FAM110B	0.2236	42.42	0.42	rgb(222,137,138)	1.8286	None
HES4	KIAA0845	0.2236	42.42	0.416	rgb(222,138,138)	1.8286	2,2
LMX1B	GPR137C	-0.2236	42.42	-4.2E-01	rgb(126,162,233)	1.8286	None
NEUROG3	CHRNB4	0.2236	42.42	0.422	rgb(222,136,137)	1.8286	None
NKX2-2	AK123314	0.2236	42.42	0.424	rgb(222,136,137)	1.8286	2,2
PAX4	NEAT1	-0.2236	42.42	-4.2E-01	rgb(126,162,233)	1.8286	None
PAX6	RAB4B-EGLN2	-0.2236	42.42	-4.2E-01	rgb(126,162,233)	1.8286	None
PBX1	KCNJ2	-0.2236	42.42	-4.2E-01	rgb(127,162,233)	1.8286	None
ZFHX2	LY6H	-0.2236	42.42	-4.2E-01	rgb(125,161,233)	1.8286	2,2
HIF1A	THBS4	0.22299	42.41	0.411	rgb(222,138,139)	1.8284	None
LMX1B	LINC00939	0.22299	42.41	0.413	rgb(222,138,139)	1.8284	None
NHLH1	SV2A	-0.22299	42.41	-4.1E-01	rgb(129,164,232)	1.8284	None
NR4A2	MAPK10	0.22299	42.41	0.408	rgb(221,139,140)	1.8284	None
ZFHX2	REG4	0.22299	42.41	0.414	rgb(222,138,139)	1.8284	None
ZNF382	AK022997	-0.22299	42.41	-4.1E-01	rgb(129,163,232)	1.8284	2,2
GATA4	RAB3C	0.22237	42.4	0.399	rgb(221,141,142)	1.8282	None
HSF2	SAMD11	-0.22237	42.4	-4.0E-01	rgb(131,165,232)	1.8282	None
LMX1A	SIM1	-0.22237	42.4	-4.0E-01	rgb(129,164,232)	1.8282	None
LMX1A	TMEM198	-0.22237	42.4	-4.0E-01	rgb(129,164,232)	1.8282	None
MAFA	MAPK7	0.22237	42.4	0.401	rgb(221,140,141)	1.8282	None
NHLH1	RSPH4A	-0.22237	42.4	-4.0E-01	rgb(130,164,232)	1.8282	None
ONECUT1	MYO3A	0.22237	42.4	0.403	rgb(221,140,141)	1.8282	None
PRDM16	GRAP2	-0.22237	42.4	-4.0E-01	rgb(130,164,232)	1.8282	None
SMAD9	NRXN2	0.22237	42.4	0.403	rgb(221,140,141)	1.8282	None
ASCL1	CELF3	-0.22175	42.39	-3.9E-01	rgb(133,166,232)	1.828	None
NHLH1	ATOH8	-0.22175	42.39	-3.9E-01	rgb(133,166,232)	1.828	None
PAX4	CIT	0.22175	42.39	0.391	rgb(221,142,143)	1.828	None
SMAD9	ZNF519	-0.22175	42.39	-3.9E-01	rgb(133,166,232)	1.828	None
TEAD1	MXI1	-0.22175	42.39	-3.9E-01	rgb(133,166,232)	1.828	None
ASCL1	CHST8	0.22114	42.38	0.379	rgb(221,145,145)	1.8278	None
FEV	FFAR2	0.22114	42.38	0.375	rgb(221,145,146)	1.8278	None
MAFA	SNAP25	0.22114	42.38	0.377	rgb(221,145,146)	1.8278	None
MAFF	PAPPA2	0.22114	42.38	0.381	rgb(221,144,145)	1.8278	None
NR4A2	SERTAD1	0.22114	42.38	0.383	rgb(221,144,145)	1.8278	None
PRDM16	EFCC1	0.22114	42.38	0.384	rgb(221,144,144)	1.8278	None
PRDM16	NTS	-0.22114	42.38	-3.8E-01	rgb(136,167,231)	1.8278	2,2
SPIB	FGF14	0.22114	42.38	0.379	rgb(221,145,145)	1.8278	None
ZNF846	MAFA	0.22114	42.38	0.379	rgb(221,145,145)	1.8278	None
EGR3	LONRF2	0.22052	42.37	0.375	rgb(221,145,146)	1.8276	None
ETV1	WNT6	0.22052	42.37	0.368	rgb(221,147,147)	1.8276	None
LMX1A	ISL1	-0.22052	42.37	-3.7E-01	rgb(137,168,231)	1.8276	None
MAFF	PCDHA2	-0.22052	42.37	-3.7E-01	rgb(136,168,231)	1.8276	None
PAX4	P2RX6	0.22052	42.37	0.367	rgb(221,147,148)	1.8276	None
PRDM16	KCNJ3	-0.22052	42.37	-3.7E-01	rgb(136,168,231)	1.8276	None
FEV	SPEG	-0.2199	42.36	-3.6E-01	rgb(139,169,231)	1.8274	None
GATA4	DQ598910	0.2199	42.36	0.365	rgb(221,147,148)	1.8274	2,2
MAFA	FAM161A	0.2199	42.36	0.357	rgb(221,149,150)	1.8274	None
MAFB	GLYATL3	0.2199	42.36	0.365	rgb(221,147,148)	1.8274	None
MAFF	BAIAP3	0.2199	42.36	0.355	rgb(221,149,150)	1.8274	None
NKX6-1	FCGBP	0.2199	42.36	0.363	rgb(221,148,148)	1.8274	None
NR4A2	CDKN1A	0.2199	42.36	0.36	rgb(221,148,149)	1.8274	None
ONECUT3	SLC25A53	-0.2199	42.36	-3.6E-01	rgb(139,169,231)	1.8274	None
AEBP1	TRAM1L1	0.2199	42.36	0.359	rgb(221,148,149)	1.8274	2,2
GATA2	PEX5L	0.21929	42.35	0.35	rgb(221,150,151)	1.8272	None
HSF2	RPS6KL1	-0.21929	42.35	-3.5E-01	rgb(141,171,230)	1.8272	None
NEUROD1	ANK2	0.21929	42.35	0.346	rgb(221,151,152)	1.8272	None
RORC	HGFAC	-0.21929	42.35	-3.5E-01	rgb(140,170,230)	1.8272	None
SOX4	ZNF117	0.21929	42.35	0.345	rgb(221,151,152)	1.8272	None
ZNF846	ANK2	-0.21929	42.35	-3.5E-01	rgb(140,170,230)	1.8272	None
ADNP	LOC389332	-0.21929	42.35	-3.5E-01	rgb(142,171,230)	1.8272	2,2
MYT1	NCAM1	0.21929	42.35	0.354	rgb(221,149,150)	1.8272	2,2
NPAS3	SEPT3	0.21929	42.35	0.351	rgb(221,150,151)	1.8272	2,2
ZNF117	AK123654	0.21929	42.35	0.346	rgb(221,151,152)	1.8272	2,2
ASCL1	ITGA7	0.21867	42.34	0.342	rgb(221,152,152)	1.827	None
HHEX	FAM179A	0.21867	42.34	0.337	rgb(221,153,153)	1.827	2,2
PRDM16	SV2B	0.21867	42.34	0.337	rgb(221,153,153)	1.827	None
ZNF117	AX747158	0.21867	42.34	0.342	rgb(221,152,152)	1.827	2,2
LHX1	HIP1	-0.21806	42.33	-3.3E-01	rgb(146,174,229)	1.8268	None
ZFHX2	ANK2	-0.21806	42.33	-3.3E-01	rgb(145,173,230)	1.8268	None
ZNF492	CRISPLD2	0.21806	42.33	0.333	rgb(221,153,154)	1.8268	None
LMX1B	SH3RF3	-0.21744	42.32	-3.2E-01	rgb(147,174,229)	1.8266	None
NR4A2	CCL19	0.21744	42.32	0.317	rgb(220,157,157)	1.8266	None
PBX1	FAT3	-0.21744	42.32	-3.2E-01	rgb(147,175,229)	1.8266	None
PRDM16	CDH5	-0.21744	42.32	-3.2E-01	rgb(147,174,229)	1.8266	None
SMAD9	PRDM16	0.21744	42.32	0.322	rgb(221,155,156)	1.8266	None
ARX	AX746991	0.21682	42.31	0.31	rgb(220,158,158)	1.8264	2,2
EGR3	ST8SIA5	-0.21682	42.31	-3.1E-01	rgb(149,175,229)	1.8264	None
FEV	KANK2	-0.21682	42.31	-3.1E-01	rgb(150,176,229)	1.8264	None
GATA4	TMEM132B	0.21682	42.31	0.309	rgb(220,158,159)	1.8264	None
PBX1	FLT1	0.21682	42.31	0.305	rgb(220,159,159)	1.8264	None
RFX6	CERKL	0.21682	42.31	0.313	rgb(220,157,158)	1.8264	None
SPIB	TPST2	0.21682	42.31	0.311	rgb(220,158,158)	1.8264	None
ZNF846	ELFN1	-0.21682	42.31	-3.1E-01	rgb(149,176,229)	1.8264	None
MYT1	GUCY1A3	0.21682	42.31	0.313	rgb(220,157,158)	1.8264	2,2
ZFP62	BC122864	0.21682	42.31	0.314	rgb(220,157,158)	1.8264	2,2
LMX1B	UCN3	0.21621	42.3	0.3	rgb(220,160,160)	1.8262	None
NKX2-2	CLGN	-0.21621	42.3	-3.0E-01	rgb(152,177,228)	1.8262	None
PBX1	EPM2A	0.21621	42.3	0.302	rgb(220,159,160)	1.8262	None
PBX1	WISP1	0.21621	42.3	0.302	rgb(220,159,160)	1.8262	2,2
SIM1	NKX6-1	0.21621	42.3	0.301	rgb(220,159,160)	1.8262	2,2
AEBP1	AK095045	0.21559	42.29	0.289	rgb(220,162,162)	1.826	2,2
FEV	VWA5B2	0.21497	42.28	0.282	rgb(220,163,164)	1.8258	None
LMX1B	NAALADL1	0.21497	42.28	0.282	rgb(220,163,164)	1.8258	None
NKX6-1	AK127697	-0.21497	42.28	-2.8E-01	rgb(157,180,228)	1.8258	2,2
NR4A2	C2CD4B	-0.21497	42.28	-2.8E-01	rgb(156,180,228)	1.8258	None
ONECUT3	PCAT1	-0.21497	42.28	-2.8E-01	rgb(157,181,227)	1.8258	None
RFX2	RSPH4A	0.21497	42.28	0.283	rgb(220,163,164)	1.8258	None
ETS1	HES4	0.21436	42.27	0.271	rgb(220,165,166)	1.8256	None
FEV	LSP1	0.21436	42.27	0.271	rgb(220,165,166)	1.8256	None
RFX2	PELI3	0.21436	42.27	0.268	rgb(220,166,166)	1.8256	None
TFCP2L1	SCG5	0.21436	42.27	0.271	rgb(220,165,166)	1.8256	None
HSF2	GIP	-0.21374	42.26	-2.6E-01	rgb(160,182,227)	1.8254	None
NEUROG3	SMOC2	0.21374	42.26	0.259	rgb(220,168,168)	1.8254	None
NFAT5	AGAP11	0.21374	42.26	0.26	rgb(220,167,168)	1.8254	None
PAX6	NOTUM	0.21374	42.26	0.26	rgb(220,167,168)	1.8254	None
ZFHX2	ACTN3	0.21374	42.26	0.263	rgb(220,167,167)	1.8254	None
PAX6	PRRT3	-0.21313	42.25	-2.5E-01	rgb(163,184,226)	1.8252	None
RFX6	FJX1	0.21313	42.25	0.252	rgb(220,169,169)	1.8252	None
ELF4	DTX1	0.21251	42.24	0.24	rgb(220,171,172)	1.825	None
FEV	CITED1	0.21251	42.24	0.242	rgb(220,171,171)	1.825	None
GATA2	MAPK7	-0.21251	42.24	-2.4E-01	rgb(164,185,226)	1.825	None
MAFB	MEX3A	0.21251	42.24	0.242	rgb(220,171,171)	1.825	None
SPIB	KCNF1	-0.21251	42.24	-2.4E-01	rgb(165,185,226)	1.825	None
TEAD1	KIT	-0.21251	42.24	-2.4E-01	rgb(166,186,226)	1.825	2,2
ARNT2	MICAL2	-0.21189	42.23	-2.3E-01	rgb(167,187,226)	1.8248	None
ETS1	GCG	0.21189	42.23	0.231	rgb(220,173,173)	1.8248	None
ETS1	OSBPL6	0.21189	42.23	0.231	rgb(220,173,173)	1.8248	None
LMX1B	EPHA4	0.21189	42.23	0.232	rgb(220,173,173)	1.8248	None
MAFA	GOLGA6L5	0.21189	42.23	0.235	rgb(220,172,173)	1.8248	2,2
MAFF	NPAS3	0.21189	42.23	0.235	rgb(220,172,173)	1.8248	None
TEAD1	FAM171A2	-0.21189	42.23	-2.3E-01	rgb(168,187,226)	1.8248	None
GATA4	CERS1	0.21128	42.22	0.222	rgb(219,175,175)	1.8246	None
GLIS2	CPLX1	0.21128	42.22	0.22	rgb(219,175,175)	1.8246	None
ETV1	ADCY5	-0.21066	42.21	-2.1E-01	rgb(171,189,225)	1.8244	None
GATA2	CELSR3	0.21066	42.21	0.206	rgb(219,178,178)	1.8244	None
NR4A2	PLXNC1	-0.21066	42.21	-2.1E-01	rgb(173,190,225)	1.8244	None
PBX1	DDN	-0.21066	42.21	-2.1E-01	rgb(172,189,225)	1.8244	None
TFCP2L1	IGHG1	0.21066	42.21	0.209	rgb(219,177,177)	1.8244	2,2
ATOH8	RAB40A	0.21066	42.21	0.206	rgb(219,178,178)	1.8244	2,2
ETS1	STARD8	-0.21004	42.2	-2.0E-01	rgb(173,190,225)	1.8242	None
HSF2	KCNF1	0.21004	42.2	0.203	rgb(219,178,179)	1.8242	None
ELF4	RASD1	-0.20943	42.19	-1.9E-01	rgb(176,192,224)	1.824	None
NEUROD1	MDK	-0.20943	42.19	-1.9E-01	rgb(175,192,224)	1.824	None
NKX6-1	TTC7B	0.20943	42.19	0.19	rgb(219,181,181)	1.824	None
ZNF492	DPYSL3	-0.20943	42.19	-1.9E-01	rgb(175,192,224)	1.824	None
GATA4	SLC6A16	0.20881	42.18	0.181	rgb(219,182,183)	1.8238	None
MAFA	GGT5	-0.20881	42.18	-1.8E-01	rgb(178,193,224)	1.8238	None
NKX6-1	PBX1	0.20881	42.18	0.176	rgb(219,183,184)	1.8238	None
ZNF853	FLJ22184	0.20881	42.18	0.179	rgb(219,183,183)	1.8238	2,2
EGR3	PRKCG	-0.2082	42.17	-1.7E-01	rgb(180,194,224)	1.8236	None
ELF4	HCP5	-0.2082	42.17	-1.7E-01	rgb(179,194,224)	1.8236	None
LMX1B	PDE8B	0.2082	42.17	0.173	rgb(219,184,184)	1.8236	None
PROX1	PAM	-0.20758	42.16	-1.6E-01	rgb(182,195,223)	1.8234	None
ZFHX2	NR2F2-AS1	0.20758	42.16	0.159	rgb(219,187,187)	1.8234	None
EGR3	RASD1	-0.20696	42.15	-1.5E-01	rgb(184,197,223)	1.8232	None
NEUROG3	PER2	0.20696	42.15	0.146	rgb(219,189,189)	1.8232	None
GATA4	AKT3	0.20635	42.13	0.125	rgb(218,193,193)	1.8228	None
HSF2	TRIM35	-0.20635	42.13	-1.3E-01	rgb(189,200,222)	1.8228	None
MAFB	MUC5B	0.20635	42.13	0.126	rgb(218,193,193)	1.8228	None
SMAD9	OGFRL1	0.20635	42.13	0.134	rgb(218,191,192)	1.8228	None
ARNT2	DQ583756	-0.20573	42.12	-1.2E-01	rgb(191,201,222)	1.8226	2,2
ETS1	MBOAT4	0.20573	42.12	0.121	rgb(218,194,194)	1.8226	None
PAX6	NPTX2	-0.20573	42.12	-1.2E-01	rgb(191,201,222)	1.8226	None
ZFHX2	SLC25A53	-0.20573	42.12	-1.2E-01	rgb(192,202,221)	1.8226	None
LHX1	ATP13A4	-0.20511	42.11	-1.1E-01	rgb(193,202,221)	1.8224	None
NEUROG3	SMAD9	0.20511	42.11	0.114	rgb(218,195,195)	1.8224	None
NR4A2	OR51E1	0.20511	42.11	0.112	rgb(218,196,196)	1.8224	None
ZFHX2	FBN1	-0.20511	42.11	-1.1E-01	rgb(194,203,221)	1.8224	2,2
RFX2	ZFP82	0.2045	42.1	0.101	rgb(218,198,198)	1.8222	None
ETS1	TAF9B	-0.20388	42.08	-8.2E-02	rgb(199,206,220)	1.8218	None
NEUROD2	LOC400891	0.20388	42.08	0.085	rgb(218,201,201)	1.8218	2,2
NEUROG3	KCNAB2	0.20388	42.08	0.079	rgb(218,202,202)	1.8218	None
RORC	NPY	0.20388	42.08	0.081	rgb(218,202,202)	1.8218	None
ZFP28	LRAT	-0.20388	42.08	-8.3E-02	rgb(199,206,220)	1.8218	None
NEUROD1	CD200	0.20327	42.07	0.068	rgb(218,204,204)	1.8216	None
RFX6	CSH2	-0.20327	42.07	-7.0E-02	rgb(202,208,220)	1.8216	2,2
ELF4	VWCE	-0.20265	42.06	-6.0E-02	rgb(204,209,219)	1.8214	None
FEV	HMGB3	-0.20265	42.06	-6.5E-02	rgb(203,208,219)	1.8214	None
FEV	ONECUT3	-0.20265	42.06	-5.5E-02	rgb(205,210,219)	1.8214	None
HSF2	CNPY1	-0.20265	42.06	-6.4E-02	rgb(203,209,219)	1.8214	None
LMX1A	RORC	0.20265	42.06	0.056	rgb(218,206,206)	1.8214	None
MAFB	AMPH	0.20265	42.06	0.057	rgb(218,206,206)	1.8214	None
PBX1	MPP2	-0.20265	42.06	-5.8E-02	rgb(205,209,219)	1.8214	None
SPIB	TP73	0.20265	42.06	0.062	rgb(218,205,205)	1.8214	None
ZNF846	RNF157-AS1	-0.20265	42.06	-5.8E-02	rgb(204,209,219)	1.8214	None
ONECUT3	BCAT1	0.20203	42.04	0.045	rgb(217,208,209)	1.821	None
ETS1	BEX2	0.20142	42.03	0.032	rgb(217,211,211)	1.8208	None
PDX1	CLGN	-0.20142	42.03	-3.2E-02	rgb(210,213,218)	1.8208	None
TEAD1	TFCP2L1	0.20142	42.03	0.028	rgb(217,212,212)	1.8208	None
ONECUT1	RAPGEF4	0.2008	42.02	0.019	rgb(217,213,213)	1.8206	None
PAX6	KCNH7	-0.2008	42.02	-1.7E-02	rgb(213,215,218)	1.8206	None
TEAD1	RPRML	0.2008	42.02	0.023	rgb(217,213,213)	1.8206	None
ZFP62	JX088243	-0.2008	42.02	-2.2E-02	rgb(212,214,218)	1.8206	2,2
HIC1	DTX1	0.20018	42.01	0.008	rgb(217,216,216)	1.8204	None
LHX1	CHRNA1	-0.20018	42.01	-1.4E-02	rgb(214,215,218)	1.8204	None
NR4A3	CRY2	-0.19957	42	-2.1E-03	rgb(217,217,217)	1.8202	None
PBX1	STMND1	0.19957	42	0.001	rgb(217,217,217)	1.8202	None
ZFHX2	ACTL6B	0.19957	42	0.004	rgb(217,216,216)	1.8202	None
ZNF846	LGI3	-0.19957	42	-3.5E-03	rgb(216,217,217)	1.8202	None
RFX6	SLC12A5	0.19895	41.83	0.828	rgb(226, 59, 61)	1.8168	None
TFCP2L1	TEAD2	0.19835	41.82	0.823	rgb(226, 60, 61)	1.8166	None
ZNF382	HLA-DQA2	-0.19776	41.8	-8.0E-01	rgb( 43,111,248)	1.8162	2,2
ZNF382	MAPK8IP2	-0.19776	41.8	-8.0E-01	rgb( 42,111,248)	1.8162	2,2
MAFB	NACAD	0.19716	41.75	0.745	rgb(225, 75, 76)	1.8152	None
TGIF2	GATA6	-0.19656	41.74	-7.4E-01	rgb( 57,120,245)	1.815	None
ETS1	NR2F2-AS1	-0.19597	41.73	-7.3E-01	rgb( 59,121,245)	1.8148	None
ZFP28	ARHGAP9	-0.19597	41.73	-7.3E-01	rgb( 59,121,245)	1.8148	None
ZNF382	GDAP1L1	-0.19597	41.73	-7.3E-01	rgb( 58,120,245)	1.8148	2,2
ZNF846	ONECUT3	0.19597	41.73	0.729	rgb(225, 78, 79)	1.8148	None
PAX4	CELF5	-0.19537	41.72	-7.2E-01	rgb( 61,122,244)	1.8146	None
ZNF382	GRIK3	-0.19537	41.72	-7.2E-01	rgb( 61,122,244)	1.8146	2,2
ZNF382	NXF2	-0.19537	41.72	-7.2E-01	rgb( 62,123,244)	1.8146	2,2
HSF2	POM121L9P	0.19477	41.71	0.711	rgb(225, 81, 83)	1.8144	None
RFX3	FUT7	0.19477	41.71	0.714	rgb(225, 81, 82)	1.8144	None
ZNF382	INS-IGF2	-0.19477	41.71	-7.1E-01	rgb( 64,124,244)	1.8144	2,2
ZNF382	KCNMB2-IT1	-0.19477	41.71	-7.1E-01	rgb( 63,123,244)	1.8144	2,2
ZNF382	ASCL1	-0.19417	41.7	-7.0E-01	rgb( 65,125,244)	1.8142	2,2
FOXA2	ACTL6B	-0.19358	41.69	-6.9E-01	rgb( 68,126,243)	1.814	None
ZNF382	AF131837	-0.19358	41.69	-6.9E-01	rgb( 66,125,243)	1.814	2,2
NR4A3	SSTR5	0.19298	41.68	0.675	rgb(224, 88, 89)	1.8138	None
PRDM16	CLCA1	-0.19298	41.68	-6.8E-01	rgb( 69,127,243)	1.8138	2,2
RORC	AK074396	0.19238	41.67	0.671	rgb(224, 89, 90)	1.8136	2,2
ETV1	DDC	0.19178	41.66	0.659	rgb(224, 91, 92)	1.8134	None
PAX6	FAM167A	-0.19178	41.66	-6.6E-01	rgb( 75,130,242)	1.8134	None
TEAD2	NKD1	0.19178	41.66	0.663	rgb(224, 90, 92)	1.8134	None
MYT1	INA	0.19178	41.66	0.656	rgb(224, 92, 93)	1.8134	2,2
TFCP2L1	PPP1R14A	0.19119	41.65	0.652	rgb(224, 92, 94)	1.8132	None
TP73	KCNJ11	0.19119	41.65	0.646	rgb(224, 94, 95)	1.8132	None
HIC1	DZIP1	-0.19059	41.64	-6.4E-01	rgb( 78,132,241)	1.813	None
HIF1A	USP32P2	-0.19059	41.64	-6.4E-01	rgb( 77,132,241)	1.813	None
SOX4	FEV	-0.19059	41.64	-6.4E-01	rgb( 78,132,241)	1.813	None
ZFP82	HNRPF	-0.19059	41.64	-6.4E-01	rgb( 78,133,241)	1.813	2,2
DACH1	FAM19A5	0.19059	41.64	0.641	rgb(224, 95, 96)	1.813	2,2
MYT1	GRIK3	0.19059	41.64	0.639	rgb(224, 95, 96)	1.813	2,2
ETV1	GAP43	0.18999	41.63	0.633	rgb(224, 96, 97)	1.8128	None
MAFF	NACAD	0.18999	41.63	0.634	rgb(224, 96, 97)	1.8128	None
ONECUT2	BCL2	0.18999	41.63	0.633	rgb(224, 96, 97)	1.8128	None
ONECUT2	DENND2A	0.18999	41.63	0.627	rgb(224, 97, 99)	1.8128	None
ZNF382	ARX	-0.18999	41.63	-6.3E-01	rgb( 80,134,241)	1.8128	2,2
ZNF382	TDO2	-0.18999	41.63	-6.3E-01	rgb( 79,133,241)	1.8128	2,2
FEV	TUB	0.18939	41.62	0.624	rgb(224, 98, 99)	1.8126	None
HIC1	NAV3	-0.18939	41.62	-6.2E-01	rgb( 83,135,240)	1.8126	None
ZNF519	NAALADL1	0.18939	41.62	0.624	rgb(224, 98, 99)	1.8126	None
LHX1	CRY2	0.1888	41.61	0.61	rgb(224,100,102)	1.8124	None
ONECUT3	ATP6V1G2	-0.1888	41.61	-6.1E-01	rgb( 84,136,240)	1.8124	None
NEUROD1	CCL20	0.1882	41.6	0.604	rgb(224,102,103)	1.8122	None
NEUROD2	TOX	0.1882	41.6	0.6	rgb(224,102,104)	1.8122	None
PAX6	GLIS2	-0.1882	41.6	-6.0E-01	rgb( 86,137,240)	1.8122	None
SOX4	CRISPLD2	0.1882	41.6	0.595	rgb(224,103,104)	1.8122	None
ZNF382	LINC00617	-0.1882	41.6	-6.0E-01	rgb( 87,138,240)	1.8122	2,2
NKX2-2	NHSL2	-0.1876	41.59	-5.9E-01	rgb( 90,140,239)	1.812	None
RORC	ZG16	0.1876	41.59	0.587	rgb(223,105,106)	1.812	None
SMAD9	SPINK4	-0.1876	41.59	-5.9E-01	rgb( 90,140,239)	1.812	None
SMAD9	VOPP1	0.1876	41.59	0.59	rgb(223,104,106)	1.812	None
NEUROD2	CHRNB4	0.18701	41.58	0.575	rgb(223,107,108)	1.8118	None
ZNF382	HIP1	0.18701	41.58	0.577	rgb(223,107,108)	1.8118	None
HIC1	AK125871	-0.18641	41.57	-5.7E-01	rgb( 94,142,239)	1.8116	2,2
INSM1	CAND2	-0.18641	41.57	-5.7E-01	rgb( 93,142,239)	1.8116	None
LHX1	HCN4	0.18641	41.57	0.572	rgb(223,108,109)	1.8116	None
NEUROG3	RASL11B	0.18641	41.57	0.567	rgb(223,109,110)	1.8116	None
PAX6	RNF157	-0.18641	41.57	-5.7E-01	rgb( 92,141,239)	1.8116	None
PDX1	PDE8B	0.18641	41.57	0.567	rgb(223,109,110)	1.8116	None
RFX6	BC020343	0.18641	41.57	0.574	rgb(223,107,109)	1.8116	2,2
TFCP2L1	MEX3A	0.18641	41.57	0.566	rgb(223,109,110)	1.8116	None
EGR3	MAST1	0.18581	41.56	0.556	rgb(223,111,112)	1.8114	None
ONECUT1	PPM1E	0.18581	41.56	0.561	rgb(223,110,111)	1.8114	None
PAX4	DLL4	-0.18581	41.56	-5.6E-01	rgb( 95,143,238)	1.8114	None
ZNF382	BC033961	-0.18581	41.56	-5.6E-01	rgb( 95,143,238)	1.8114	2,2
ZNF382	CLEC4G	-0.18581	41.56	-5.6E-01	rgb( 95,143,238)	1.8114	2,2
FEV	KCNIP3	0.18521	41.55	0.552	rgb(223,112,113)	1.8112	None
SMAD9	SSTR1	0.18521	41.55	0.547	rgb(223,112,114)	1.8112	None
EGR3	NFASC	-0.18462	41.54	-5.4E-01	rgb( 99,145,238)	1.811	None
ONECUT1	NAIP	0.18462	41.54	0.544	rgb(223,113,114)	1.811	2,2
TGIF2	GPC6	0.18462	41.54	0.542	rgb(223,113,115)	1.811	None
ZFHX2	PSD	-0.18462	41.54	-5.4E-01	rgb(100,146,238)	1.811	None
ZNF382	ATCAY	-0.18462	41.54	-5.4E-01	rgb( 99,145,238)	1.811	2,2
HSF2	HSF2	-0.18402	41.53	-5.3E-01	rgb(103,147,237)	1.8108	None
LHX1	ATF6	0.18402	41.53	0.527	rgb(223,116,117)	1.8108	None
LHX1	GRB14	-0.18402	41.53	-5.3E-01	rgb(102,147,237)	1.8108	None
LMX1A	F10	-0.18402	41.53	-5.3E-01	rgb(102,147,237)	1.8108	None
LMX1B	HMGB3	-0.18402	41.53	-5.3E-01	rgb(102,147,237)	1.8108	None
ZNF382	HMP19	-0.18402	41.53	-5.3E-01	rgb(102,147,237)	1.8108	2,2
FEV	TP73	0.18342	41.52	0.516	rgb(223,118,120)	1.8106	None
FOXP2	STX1A	-0.18342	41.52	-5.2E-01	rgb(104,148,237)	1.8106	None
PAX4	CALY	0.18342	41.52	0.521	rgb(223,117,118)	1.8106	None
ASCL2	GPR142	-0.18282	41.51	-5.1E-01	rgb(106,149,236)	1.8104	None
HHEX	NTS	0.18282	41.51	0.511	rgb(223,119,120)	1.8104	2,2
HSF2	VGF	-0.18282	41.51	-5.1E-01	rgb(107,150,236)	1.8104	None
MAFA	MYEF2	0.18282	41.51	0.513	rgb(223,119,120)	1.8104	None
NEUROD2	SCN2A	0.18282	41.51	0.512	rgb(223,119,120)	1.8104	None
ONECUT2	SLC38A3	0.18282	41.51	0.509	rgb(223,120,121)	1.8104	None
PDX1	F10	0.18282	41.51	0.508	rgb(223,120,121)	1.8104	None
ZFP2	ABCC9	-0.18282	41.51	-5.1E-01	rgb(106,150,236)	1.8104	2,2
GATA4	CD300LF	-0.18223	41.5	-5.0E-01	rgb(108,150,236)	1.8102	None
LHX1	IRF2BP1	0.18223	41.5	0.505	rgb(223,121,122)	1.8102	None
LHX1	MMP11	0.18223	41.5	0.505	rgb(223,121,122)	1.8102	None
LMX1A	FAM57B	-0.18223	41.5	-5.0E-01	rgb(108,150,236)	1.8102	2,2
MAFA	ACSS3	0.18223	41.5	0.498	rgb(222,122,123)	1.8102	None
NKX2-2	SSTR1	-0.18223	41.5	-5.0E-01	rgb(109,152,236)	1.8102	None
ARX	DOK6	-0.18163	41.49	-4.9E-01	rgb(110,152,236)	1.81	None
ETS1	FAM131B	0.18163	41.49	0.487	rgb(222,124,125)	1.81	None
MAFF	FLJ38723	-0.18163	41.49	-4.9E-01	rgb(110,152,236)	1.81	2,2
SPIB	REM2	0.18163	41.49	0.491	rgb(222,123,124)	1.81	None
TEAD2	LOC100506178	-0.18163	41.49	-4.9E-01	rgb(110,152,236)	1.81	2,2
ZNF382	AB074188	-0.18163	41.49	-4.9E-01	rgb(111,152,236)	1.81	2,2
ZNF846	C2CD4A	0.18163	41.49	0.489	rgb(222,124,125)	1.81	None
PBX1	PCED1B-AS1	-0.18103	41.48	-4.8E-01	rgb(113,154,235)	1.8098	None
PRDM16	MIR7-3HG	-0.18103	41.48	-4.8E-01	rgb(112,153,235)	1.8098	None
ZFP90	RAB4B-EGLN2	-0.18103	41.48	-4.8E-01	rgb(113,154,235)	1.8098	None
ZNF519	AMER3	-0.18103	41.48	-4.8E-01	rgb(112,153,235)	1.8098	None
ETS1	AK125858	-0.18044	41.47	-4.7E-01	rgb(114,154,235)	1.8096	2,2
HSF2	PRKCG	-0.18044	41.47	-4.7E-01	rgb(114,154,235)	1.8096	None
ONECUT3	EYA4	0.18044	41.47	0.475	rgb(222,126,127)	1.8096	None
ZFP82	CD200	-0.18044	41.47	-4.7E-01	rgb(114,155,235)	1.8096	None
ARX	ZDHHC8P1	0.17984	41.46	0.456	rgb(222,130,131)	1.8094	None
ELF4	FSD1	-0.17984	41.46	-4.6E-01	rgb(116,156,235)	1.8094	None
ETS1	FAM71E2	0.17984	41.46	0.458	rgb(222,130,131)	1.8094	None
ETV1	GPR155	-0.17984	41.46	-4.6E-01	rgb(118,157,234)	1.8094	None
FOXA1	ZFP90	0.17984	41.46	0.465	rgb(222,128,129)	1.8094	None
LMX1A	KAT2B	0.17984	41.46	0.461	rgb(222,129,130)	1.8094	None
MAFA	ZNF853	-0.17984	41.46	-4.6E-01	rgb(118,157,234)	1.8094	None
MYRF	BC041449	-0.17984	41.46	-4.6E-01	rgb(118,157,234)	1.8094	2,2
POU2F2	ZBTB4	0.17984	41.46	0.459	rgb(222,129,130)	1.8094	None
ZFP82	ZNF492	-0.17984	41.46	-4.6E-01	rgb(118,157,234)	1.8094	2,2
ZNF846	AADAT	0.17984	41.46	0.458	rgb(222,129,130)	1.8094	None
ASCL1	ECEL1	0.17924	41.45	0.445	rgb(222,132,133)	1.8092	2,2
ETS1	MEP1B	0.17924	41.45	0.447	rgb(222,132,133)	1.8092	None
MAFF	GCK	0.17924	41.45	0.45	rgb(222,131,132)	1.8092	None
ASCL1	SERTAD1	0.17864	41.44	0.437	rgb(222,134,134)	1.809	None
FOXP2	NREP	-0.17864	41.44	-4.4E-01	rgb(122,159,234)	1.809	None
MAFA	RPS6KL1	0.17864	41.44	0.443	rgb(222,132,133)	1.809	None
MLXIPL	PCDH11X	-0.17864	41.44	-4.4E-01	rgb(122,159,234)	1.809	2,2
NKX2-2	CYMP	0.17864	41.44	0.44	rgb(222,133,134)	1.809	None
TGIF2	CTNND1	0.17864	41.44	0.436	rgb(222,134,135)	1.809	None
EGR3	FAM171B	-0.17805	41.43	-4.3E-01	rgb(124,160,233)	1.8088	None
HSF2	BAI1	-0.17805	41.43	-4.3E-01	rgb(123,160,233)	1.8088	2,2
MAFA	LMO3	0.17805	41.43	0.434	rgb(222,134,135)	1.8088	None
MAFB	PAX6	0.17805	41.43	0.429	rgb(222,135,136)	1.8088	None
NR4A2	BOC	-0.17805	41.43	-4.3E-01	rgb(124,161,233)	1.8088	None
PBX1	LOC100506178	0.17805	41.43	0.426	rgb(222,136,137)	1.8088	2,2
PDX1	SFTPA2	-0.17805	41.43	-4.3E-01	rgb(123,160,233)	1.8088	None
AEBP1	NXF2	0.17805	41.43	0.432	rgb(222,135,135)	1.8088	2,2
PRDM16	GNAO1	-0.17745	41.42	-4.2E-01	rgb(126,162,233)	1.8086	None
SOX4	CDK5R2	-0.17745	41.42	-4.2E-01	rgb(125,161,233)	1.8086	None
ZFHX2	GPR119	-0.17745	41.42	-4.2E-01	rgb(125,161,233)	1.8086	2,2
EGR3	KCNH6	-0.17685	41.41	-4.1E-01	rgb(128,163,233)	1.8084	None
ELF4	SOCS1	0.17685	41.41	0.408	rgb(221,139,140)	1.8084	None
HIC1	CHRNA5	0.17685	41.41	0.41	rgb(222,139,139)	1.8084	None
NR4A2	MYO3A	-0.17685	41.41	-4.1E-01	rgb(128,163,233)	1.8084	None
NR4A2	ZFP62	0.17685	41.41	0.414	rgb(222,138,139)	1.8084	None
RFX2	LMX1B	0.17685	41.41	0.409	rgb(221,139,140)	1.8084	None
RFX3	LINC00643	0.17685	41.41	0.414	rgb(222,138,139)	1.8084	None
HES4	P2RX6	0.17625	41.4	0.405	rgb(221,140,141)	1.8082	None
RFX3	PAK6	0.17625	41.4	0.403	rgb(221,140,141)	1.8082	None
SIM1	PCDH20	0.17625	41.4	0.402	rgb(221,140,141)	1.8082	2,2
FEV	SSTR2	0.17566	41.39	0.394	rgb(221,142,142)	1.808	None
GATA4	STMN4	0.17566	41.39	0.393	rgb(221,142,143)	1.808	None
NKX2-2	VWCE	0.17566	41.39	0.387	rgb(221,143,144)	1.808	None
NKX6-1	STK33	-0.17566	41.39	-3.9E-01	rgb(133,166,232)	1.808	None
PDX1	TMPRSS6	0.17566	41.39	0.393	rgb(221,142,143)	1.808	None
PRDM16	NPAS3	0.17566	41.39	0.386	rgb(221,143,144)	1.808	None
SPIB	CTNND1	0.17566	41.39	0.389	rgb(221,143,144)	1.808	None
GATA6	GCG	0.17506	41.38	0.383	rgb(221,144,145)	1.8078	None
LHX1	DCHS1	0.17506	41.38	0.384	rgb(221,144,144)	1.8078	None
LMX1B	THBS4	0.17506	41.38	0.378	rgb(221,145,146)	1.8078	None
NEUROG3	NREP	0.17506	41.38	0.38	rgb(221,144,145)	1.8078	None
NKX6-1	HOPX	-0.17506	41.38	-3.8E-01	rgb(134,166,232)	1.8078	None
PRDM16	INSM1	-0.17506	41.38	-3.8E-01	rgb(134,166,232)	1.8078	None
RFX6	AK123868	0.17506	41.38	0.383	rgb(221,144,145)	1.8078	2,2
EGR3	RASL11B	0.17446	41.37	0.369	rgb(221,146,147)	1.8076	None
TEAD1	DHRS2	-0.17446	41.37	-3.7E-01	rgb(137,169,231)	1.8076	None
ZFHX2	GCK	-0.17446	41.37	-3.7E-01	rgb(136,168,231)	1.8076	None
HOXB9	CYP27A1	0.17387	41.36	0.359	rgb(221,148,149)	1.8074	None
LHX1	PAPPA2	-0.17387	41.36	-3.6E-01	rgb(139,169,231)	1.8074	None
LMX1A	SUMO1P3	0.17387	41.36	0.359	rgb(221,148,149)	1.8074	2,2
LMX1B	SLC16A12	0.17387	41.36	0.358	rgb(221,149,149)	1.8074	None
LTF	KCNN3	-0.17387	41.36	-3.6E-01	rgb(138,169,231)	1.8074	None
NKX6-1	CPA1	-0.17387	41.36	-3.6E-01	rgb(139,170,231)	1.8074	None
NR4A2	RORC	-0.17387	41.36	-3.6E-01	rgb(138,169,231)	1.8074	None
PBX1	ITGA7	0.17387	41.36	0.357	rgb(221,149,150)	1.8074	None
SMAD9	PPM1E	0.17387	41.36	0.363	rgb(221,148,148)	1.8074	None
EGR3	EYA4	-0.17327	41.35	-3.5E-01	rgb(140,170,230)	1.8072	None
ISL1	SAMD11	-0.17327	41.35	-3.5E-01	rgb(142,171,230)	1.8072	None
LMX1A	SDCBP2-AS1	0.17327	41.35	0.346	rgb(221,151,152)	1.8072	None
LMX1B	FOXA1	0.17327	41.35	0.352	rgb(221,150,150)	1.8072	None
LMX1B	PGF	-0.17327	41.35	-3.5E-01	rgb(141,171,230)	1.8072	None
NEUROG3	LINGO1	0.17327	41.35	0.345	rgb(221,151,152)	1.8072	None
NR4A2	PODXL2	0.17327	41.35	0.349	rgb(221,150,151)	1.8072	None
TEAD1	DLC1	0.17327	41.35	0.35	rgb(221,150,151)	1.8072	None
ZFHX2	PGF	-0.17327	41.35	-3.5E-01	rgb(141,170,230)	1.8072	None
ASCL2	CADM3	0.17267	41.34	0.341	rgb(221,152,152)	1.807	None
ATF6	AEBP1	-0.17267	41.34	-3.4E-01	rgb(144,173,230)	1.807	None
ETS1	GIP	0.17267	41.34	0.342	rgb(221,152,152)	1.807	None
LHX1	TAGLN3	0.17267	41.34	0.341	rgb(221,152,152)	1.807	None
NKX2-2	ANK2	-0.17267	41.34	-3.4E-01	rgb(144,173,230)	1.807	None
PAX6	CDH5	0.17267	41.34	0.344	rgb(221,151,152)	1.807	None
PBX1	GAP43	-0.17267	41.34	-3.4E-01	rgb(144,173,230)	1.807	None
ZNF382	AL109792	-0.17267	41.34	-3.4E-01	rgb(143,172,230)	1.807	2,2
ZNF382	LPPR5	-0.17267	41.34	-3.4E-01	rgb(143,172,230)	1.807	2,2
ETS1	SCG5	0.17207	41.33	0.325	rgb(221,155,156)	1.8068	None
HIC1	HNRNPU-AS1	-0.17207	41.33	-3.3E-01	rgb(145,173,230)	1.8068	2,2
LMX1B	KCNH7	0.17207	41.33	0.334	rgb(221,153,154)	1.8068	None
NR4A2	RIMBP2	-0.17207	41.33	-3.3E-01	rgb(145,173,230)	1.8068	None
EGR3	SVOP	-0.17148	41.32	-3.2E-01	rgb(147,174,229)	1.8066	None
EGR3	TCEAL1	-0.17148	41.32	-3.2E-01	rgb(147,174,229)	1.8066	None
LMX1A	ZCCHC18	0.17148	41.32	0.322	rgb(221,156,156)	1.8066	None
ONECUT2	GYLTL1B	0.17148	41.32	0.32	rgb(221,156,156)	1.8066	2,2
ZNF519	ELL2	0.17148	41.32	0.316	rgb(220,157,157)	1.8066	None
SIM1	CSH2	0.17148	41.32	0.32	rgb(221,156,157)	1.8066	2,2
GATA2	DTX1	0.17088	41.31	0.314	rgb(220,157,158)	1.8064	None
LMX1A	AK123889	0.17088	41.31	0.315	rgb(220,157,158)	1.8064	2,2
TFCP2L1	FABP5	0.17088	41.31	0.313	rgb(220,157,158)	1.8064	None
ARNT2	G0S2	-0.17028	41.3	-3.0E-01	rgb(153,178,228)	1.8062	None
ELF4	MIR7-3HG	-0.17028	41.3	-3.0E-01	rgb(152,177,228)	1.8062	None
FOXA2	ZFP28	0.17028	41.3	0.298	rgb(220,160,161)	1.8062	None
NKX2-2	APBB1	-0.17028	41.3	-3.0E-01	rgb(151,177,228)	1.8062	None
PDX1	NEFL	0.17028	41.3	0.298	rgb(220,160,161)	1.8062	None
ELF4	LOC283335	-0.16968	41.29	-2.9E-01	rgb(154,179,228)	1.806	2,2
ISL1	STK33	0.16968	41.29	0.289	rgb(220,162,162)	1.806	None
SMAD9	CHD5	-0.16968	41.29	-2.9E-01	rgb(154,179,228)	1.806	None
KCNIP3	TRAM1L1	0.16968	41.29	0.287	rgb(220,162,163)	1.806	2,2
ASCL1	LGR6	0.16909	41.28	0.284	rgb(220,163,163)	1.8058	None
ATF5	FKSG51	0.16909	41.28	0.284	rgb(220,163,163)	1.8058	2,2
HIC1	PCDH17	-0.16909	41.28	-2.8E-01	rgb(155,179,228)	1.8058	2,2
PRDM16	CYP4F24P	-0.16909	41.28	-2.8E-01	rgb(157,180,228)	1.8058	None
GRHL3	TMEM35	0.16909	41.28	0.28	rgb(220,164,164)	1.8058	2,2
KCNIP3	PCDH20	0.16909	41.28	0.277	rgb(220,164,165)	1.8058	2,2
GATA2	MAFA	0.16849	41.27	0.267	rgb(220,166,166)	1.8056	None
LMX1B	CHRNA1	-0.16849	41.27	-2.7E-01	rgb(159,182,227)	1.8056	None
SOX4	MLXIPL	-0.16849	41.27	-2.7E-01	rgb(159,181,227)	1.8056	None
SPIB	KCNAB2	-0.16849	41.27	-2.7E-01	rgb(159,182,227)	1.8056	None
TEAD2	FOXA1	0.16849	41.27	0.267	rgb(220,166,167)	1.8056	None
ZFHX2	SYP	-0.16849	41.27	-2.7E-01	rgb(159,181,227)	1.8056	None
ZNF382	DNER	-0.16849	41.27	-2.7E-01	rgb(159,182,227)	1.8056	None
GRHL3	IGHG1	0.16849	41.27	0.269	rgb(220,166,166)	1.8056	2,2
ARNT2	RAB4B-EGLN2	-0.16789	41.26	-2.6E-01	rgb(161,183,227)	1.8054	None
GATA2	IGSF21	0.16789	41.26	0.259	rgb(220,168,168)	1.8054	None
LHX1	KSR2	0.16789	41.26	0.262	rgb(220,167,167)	1.8054	None
NKX2-2	HECW2	-0.16789	41.26	-2.6E-01	rgb(160,182,227)	1.8054	None
NR4A2	SYNM	0.16789	41.26	0.264	rgb(220,167,167)	1.8054	None
ONECUT3	AK128559	0.16789	41.26	0.263	rgb(220,167,167)	1.8054	2,2
ZNF846	RGS9	-0.16789	41.26	-2.6E-01	rgb(161,183,227)	1.8054	None
HSF2	GRHL3	0.1673	41.25	0.251	rgb(220,169,170)	1.8052	None
NR4A2	VOPP1	0.1673	41.25	0.251	rgb(220,169,170)	1.8052	None
ZFP82	GHRL	-0.1673	41.25	-2.5E-01	rgb(162,184,227)	1.8052	None
CBX2	PCDHB16	0.1673	41.25	0.252	rgb(220,169,169)	1.8052	2,2
EGR3	ZFP62	-0.1667	41.24	-2.4E-01	rgb(166,186,226)	1.805	None
FEV	RASD1	0.1667	41.24	0.236	rgb(220,172,172)	1.805	None
MAFA	WNT9A	-0.1667	41.24	-2.4E-01	rgb(164,185,226)	1.805	None
NKX6-1	COL12A1	-0.1667	41.24	-2.4E-01	rgb(164,185,226)	1.805	None
TEAD1	CHST10	-0.1667	41.24	-2.4E-01	rgb(166,186,226)	1.805	None
TEAD1	SULT1C2P1	0.1667	41.24	0.241	rgb(220,171,171)	1.805	None
EGR3	CACNA1A	-0.1661	41.23	-2.3E-01	rgb(166,186,226)	1.8048	None
ETV1	ZCCHC18	-0.1661	41.23	-2.3E-01	rgb(167,187,226)	1.8048	None
FEV	MAD2L2	0.1661	41.23	0.226	rgb(219,174,174)	1.8048	None
MAFF	PCBP4	-0.1661	41.23	-2.3E-01	rgb(168,187,226)	1.8048	None
ETV1	CHD5	0.1655	41.22	0.219	rgb(219,175,176)	1.8046	None
LMX1B	FOXA2	-0.1655	41.22	-2.2E-01	rgb(169,188,225)	1.8046	None
NHLH1	MYEF2	0.1655	41.22	0.219	rgb(219,175,176)	1.8046	None
RFX6	ABLIM2	-0.1655	41.22	-2.2E-01	rgb(170,188,225)	1.8046	None
TGIF2	BEX2	-0.1655	41.22	-2.2E-01	rgb(169,188,225)	1.8046	None
LHX1	JAKMIP2	-0.16491	41.21	-2.1E-01	rgb(171,189,225)	1.8044	None
ONECUT1	FEV	0.16491	41.21	0.214	rgb(219,176,177)	1.8044	None
CXXC4	MFAP2	-0.16431	41.2	-2.0E-01	rgb(174,191,225)	1.8042	2,2
HSF2	TCTEX1D4	0.16431	41.2	0.204	rgb(219,178,179)	1.8042	None
LMX1A	CHRNB4	-0.16431	41.2	-2.0E-01	rgb(173,190,225)	1.8042	None
NR4A2	ADCY1	0.16431	41.2	0.199	rgb(219,179,179)	1.8042	None
ZNF853	LIMD2	0.16431	41.2	0.204	rgb(219,178,178)	1.8042	2,2
ISL1	ITGA7	0.16371	41.19	0.195	rgb(219,180,180)	1.804	None
LMX1B	CBX2	-0.16371	41.19	-1.9E-01	rgb(176,192,224)	1.804	None
MAFA	SLC12A5	0.16371	41.19	0.193	rgb(219,180,180)	1.804	None
NEUROD1	RGAG4	0.16371	41.19	0.187	rgb(219,181,182)	1.804	2,2
NKX2-2	B3GAT1	-0.16371	41.19	-1.9E-01	rgb(177,193,224)	1.804	None
NR4A2	MLN	-0.16371	41.19	-1.9E-01	rgb(175,192,224)	1.804	None
TP73	CADM3	-0.16371	41.19	-1.9E-01	rgb(177,192,224)	1.804	None
ETS1	ZFP82	0.16311	41.18	0.18	rgb(219,183,183)	1.8038	None
HEYL	N4BP2L2-IT2	-0.16311	41.18	-1.8E-01	rgb(178,193,224)	1.8038	2,2
MAFF	MX2	0.16311	41.18	0.179	rgb(219,183,183)	1.8038	None
ELF4	ANKRD18A	-0.16252	41.17	-1.7E-01	rgb(179,194,224)	1.8036	None
LHX1	SULT1C2P1	-0.16252	41.17	-1.7E-01	rgb(181,195,223)	1.8036	None
ONECUT2	PAK6	0.16252	41.17	0.166	rgb(219,185,186)	1.8036	None
TEAD2	AK124970	-0.16252	41.17	-1.7E-01	rgb(181,195,223)	1.8036	2,2
PRDM16	SLC14A2	0.16192	41.16	0.164	rgb(219,186,186)	1.8034	None
ASCL2	KCNH2	0.16132	41.15	0.148	rgb(219,189,189)	1.8032	None
ETV1	RPS3	0.16073	41.14	0.14	rgb(219,190,191)	1.803	None
HSF2	HHEX	-0.16073	41.14	-1.4E-01	rgb(186,198,222)	1.803	None
HIF1A	PCDH17	-0.16013	41.13	-1.3E-01	rgb(189,200,222)	1.8028	2,2
LMX1A	C1QL1	0.16013	41.13	0.135	rgb(218,191,192)	1.8028	None
LMX1B	NEFL	0.16013	41.13	0.13	rgb(218,192,192)	1.8028	None
MAFB	PYY	-0.16013	41.13	-1.3E-01	rgb(189,200,222)	1.8028	None
NEUROG3	EGR3	0.16013	41.13	0.133	rgb(218,192,192)	1.8028	None
NKX2-2	CIT	-0.16013	41.13	-1.3E-01	rgb(188,199,222)	1.8028	None
ZFP92	AB007962	0.16013	41.13	0.128	rgb(218,193,193)	1.8028	2,2
GLIS2	TGIF2	0.15953	41.12	0.119	rgb(218,194,195)	1.8026	None
NR4A2	GRIK5	-0.15953	41.12	-1.2E-01	rgb(191,201,221)	1.8026	None
ONECUT2	CNOT6L	-0.15953	41.12	-1.2E-01	rgb(191,201,222)	1.8026	None
ZFP82	MS4A8	-0.15953	41.12	-1.2E-01	rgb(192,202,221)	1.8026	None
FEV	TCEAL1	0.15893	41.11	0.107	rgb(218,197,197)	1.8024	None
NR4A3	TGIF2	-0.15893	41.11	-1.1E-01	rgb(193,202,221)	1.8024	None
ONECUT1	TENM2	-0.15893	41.11	-1.1E-01	rgb(193,203,221)	1.8024	None
TEAD2	VOPP1	0.15893	41.11	0.111	rgb(218,196,196)	1.8024	None
LMX1A	TMEM190	-0.15834	41.1	-9.8E-02	rgb(196,204,221)	1.8022	None
NEUROG3	GPR142	-0.15834	41.1	-1.0E-01	rgb(195,203,221)	1.8022	None
PAX4	SMARCA1	0.15834	41.1	0.102	rgb(218,197,198)	1.8022	None
ETS1	SPC25	-0.15774	41.09	-8.5E-02	rgb(199,206,220)	1.802	None
PRDM16	RPS6KL1	0.15774	41.09	0.087	rgb(218,200,201)	1.802	None
ASCL2	PKIA	-0.15714	41.08	-7.9E-02	rgb(200,207,220)	1.8018	None
HSF2	INHBE	-0.15714	41.08	-7.6E-02	rgb(200,207,220)	1.8018	None
NR4A3	REG4	0.15714	41.08	0.082	rgb(218,201,202)	1.8018	None
SPIB	CNPY1	0.15714	41.08	0.08	rgb(218,202,202)	1.8018	None
SPIB	SEMA6B	-0.15714	41.08	-8.2E-02	rgb(199,206,220)	1.8018	None
ZNF853	CR627225	-0.15714	41.08	-7.5E-02	rgb(201,207,220)	1.8018	2,2
LMX1A	PALMD	0.15654	41.07	0.068	rgb(218,204,204)	1.8016	None
ONECUT1	PGM5P2	-0.15654	41.07	-7.4E-02	rgb(201,207,220)	1.8016	2,2
ZNF846	CPT1C	-0.15654	41.07	-6.6E-02	rgb(203,208,219)	1.8016	None
GATA2	KCNH7	0.15595	41.06	0.056	rgb(218,206,206)	1.8014	None
GATA2	TUBA1A	-0.15595	41.06	-5.5E-02	rgb(205,210,219)	1.8014	None
MAFA	TAF9B	0.15595	41.06	0.056	rgb(218,206,206)	1.8014	None
NEUROG3	HEPACAM2	0.15595	41.06	0.055	rgb(218,206,207)	1.8014	None
ONECUT2	CDKN1A	-0.15595	41.06	-6.4E-02	rgb(203,209,219)	1.8014	None
PBX1	GPR137C	0.15595	41.06	0.059	rgb(218,206,206)	1.8014	None
ARNT2	HHEX	0.15535	41.05	0.048	rgb(218,208,208)	1.8012	None
ARX	FSTL5	0.15535	41.05	0.052	rgb(218,207,207)	1.8012	None
EGR3	BIVM-ERCC5	0.15535	41.05	0.049	rgb(218,208,208)	1.8012	None
NR4A2	ZFP2	-0.15535	41.05	-5.0E-02	rgb(206,210,219)	1.8012	None
ONECUT2	NREP	0.15535	41.05	0.049	rgb(218,208,208)	1.8012	None
TGIF2	SESN2	-0.15535	41.05	-5.3E-02	rgb(206,210,219)	1.8012	None
FOXA2	SDK1	0.15475	41.04	0.037	rgb(217,210,210)	1.801	None
GATA2	AK026379	0.15416	41.03	0.03	rgb(217,211,211)	1.8008	2,2
NFAT5	SLC14A2	-0.15416	41.03	-2.7E-02	rgb(211,213,218)	1.8008	None
TEAD1	KCNIP3	-0.15416	41.03	-3.2E-02	rgb(210,213,218)	1.8008	None
ARX	MMP2	0.15356	41.02	0.024	rgb(217,212,212)	1.8006	None
ONECUT1	SLC8A1	0.15356	41.02	0.02	rgb(217,213,213)	1.8006	None
RFX2	TPPP3	0.15356	41.02	0.021	rgb(217,213,213)	1.8006	None
ZNF846	DDN	-0.15356	41.02	-2.1E-02	rgb(212,214,218)	1.8006	None
ASCL1	PODXL2	0.15296	41.01	0.007	rgb(217,216,216)	1.8004	None
ONECUT1	ST6GALNAC5	0.15296	41.01	0.009	rgb(217,215,215)	1.8004	None
PBX1	AKNA	0.15296	41.01	0.014	rgb(217,214,214)	1.8004	None
NFAT5	RAP1GAP2	-0.15236	41	-5.5E-04	rgb(217,217,217)	1.8002	None
PRDM16	CLSTN2	0.15236	41	0.002	rgb(217,217,217)	1.8002	None
TFCP2L1	FAM167A	-0.15236	41	-2.5E-03	rgb(216,217,217)	1.8002	None
NR4A3	CYGB	-0.15177	40.86	-8.6E-01	rgb( 30,103,250)	1.7974	None
PROX1	IGFBPL1	0.15177	40.86	0.855	rgb(226, 54, 55)	1.7974	2,2
FOXA2	MUC15	0.15117	40.83	0.828	rgb(226, 59, 61)	1.7968	None
MAFB	FRMPD4	0.15058	40.81	0.807	rgb(226, 63, 64)	1.7964	None
ZNF846	SCG3	-0.14999	40.79	-7.9E-01	rgb( 46,113,247)	1.796	None
SOX4	EID1	-0.1494	40.74	-7.4E-01	rgb( 57,120,245)	1.795	None
HES4	TUB	-0.1488	40.72	-7.2E-01	rgb( 60,122,244)	1.7946	None
ZFHX2	PCSK1N	-0.1488	40.72	-7.2E-01	rgb( 60,122,244)	1.7946	2,2
MAFA	CADPS	-0.14821	40.7	-7.0E-01	rgb( 64,124,244)	1.7942	None
ZNF846	HOMEZ	-0.14821	40.7	-7.0E-01	rgb( 65,124,244)	1.7942	None
HIC1	LINC00923	-0.14762	40.68	-6.8E-01	rgb( 70,128,243)	1.7938	2,2
PBX1	AK5	-0.14762	40.68	-6.8E-01	rgb( 70,128,243)	1.7938	None
ZNF846	SSBP2	-0.14703	40.67	-6.7E-01	rgb( 72,129,242)	1.7936	None
ONECUT1	SMAD9	-0.14643	40.65	-6.5E-01	rgb( 76,131,242)	1.7932	None
RFX2	HSPA12A	0.14643	40.65	0.646	rgb(224, 94, 95)	1.7932	None
ZNF382	FAM181B	-0.14643	40.65	-6.5E-01	rgb( 75,131,242)	1.7932	2,2
ARX	VCAN	-0.14584	40.64	-6.4E-01	rgb( 78,132,241)	1.793	None
LMX1B	BTBD11	-0.14584	40.64	-6.4E-01	rgb( 79,133,241)	1.793	None
ELF4	MUC15	0.14525	40.63	0.632	rgb(224, 96, 97)	1.7928	None
HSF2	ZBTB4	-0.14525	40.63	-6.3E-01	rgb( 80,134,241)	1.7928	None
LMX1A	KSR2	-0.14525	40.63	-6.3E-01	rgb( 80,134,241)	1.7928	None
NEUROD2	TUBA3FP	0.14525	40.63	0.629	rgb(224, 97, 98)	1.7928	None
SOX4	TAGLN3	-0.14525	40.63	-6.3E-01	rgb( 81,134,241)	1.7928	None
TEAD1	NAIP	-0.14525	40.63	-6.3E-01	rgb( 81,134,241)	1.7928	2,2
PAX4	RPS6KL1	0.14466	40.62	0.617	rgb(224, 99,100)	1.7926	None
ZFP90	MFAP2	-0.14466	40.62	-6.2E-01	rgb( 83,135,240)	1.7926	2,2
LMX1A	HOMEZ	-0.14407	40.61	-6.1E-01	rgb( 85,137,240)	1.7924	None
TFCP2L1	HHEX	0.14407	40.61	0.612	rgb(224,100,101)	1.7924	None
RFX2	ABLIM2	0.14347	40.6	0.6	rgb(224,102,104)	1.7922	None
MYRF	AK124194	-0.14288	40.59	-5.9E-01	rgb( 88,139,240)	1.792	2,2
ZFHX2	PCAT1	0.14288	40.59	0.587	rgb(223,105,106)	1.792	None
LHX1	ATP6V1G2	-0.14229	40.58	-5.8E-01	rgb( 92,141,239)	1.7918	None
PAX4	CACNA2D1	-0.14229	40.58	-5.8E-01	rgb( 91,141,239)	1.7918	None
PAX4	ONECUT2	-0.14229	40.58	-5.8E-01	rgb( 91,140,239)	1.7918	None
POU2F2	CTNND1	0.14229	40.58	0.58	rgb(223,106,107)	1.7918	None
SOX4	GLT8D2	0.14229	40.58	0.584	rgb(223,106,107)	1.7918	None
TP73	LGI3	0.14229	40.58	0.577	rgb(223,107,108)	1.7918	None
ZFHX2	FBXL16	-0.14229	40.58	-5.8E-01	rgb( 92,141,239)	1.7918	None
ZNF382	ANKRD20A8P	-0.14229	40.58	-5.8E-01	rgb( 90,140,239)	1.7918	2,2
EGR3	ACBD7	0.1417	40.57	0.57	rgb(223,108,109)	1.7916	None
ETS1	CBX2	-0.1417	40.57	-5.7E-01	rgb( 94,142,239)	1.7916	None
NEUROD1	PCDHB16	0.1417	40.57	0.567	rgb(223,109,110)	1.7916	2,2
PAX6	PCDHA2	-0.1417	40.57	-5.7E-01	rgb( 94,142,239)	1.7916	None
SOX4	KCNH6	-0.1417	40.57	-5.7E-01	rgb( 93,142,239)	1.7916	None
TEAD2	CELF5	0.1417	40.57	0.572	rgb(223,108,109)	1.7916	None
AEBP1	AK125858	-0.1417	40.57	-5.7E-01	rgb( 94,142,238)	1.7916	2,2
HSF2	SSTR2	0.1411	40.56	0.564	rgb(223,109,110)	1.7914	None
PRDM16	SMOC2	0.1411	40.56	0.564	rgb(223,109,110)	1.7914	None
ASCL1	TOX3	-0.14051	40.55	-5.5E-01	rgb( 99,145,238)	1.7912	None
MAFA	ASIC5	0.14051	40.55	0.554	rgb(223,111,112)	1.7912	2,2
NEUROD1	ARHGAP22	0.14051	40.55	0.55	rgb(223,112,113)	1.7912	None
NR4A3	RGS16	-0.14051	40.55	-5.5E-01	rgb( 97,144,238)	1.7912	None
ONECUT1	AK096291	0.14051	40.55	0.553	rgb(223,111,113)	1.7912	2,2
ARX	LMX1A	0.13992	40.54	0.542	rgb(223,114,115)	1.791	None
HOXB9	EID2	-0.13992	40.54	-5.4E-01	rgb( 99,145,238)	1.791	None
LMX1B	IGSF21	0.13992	40.54	0.54	rgb(223,114,115)	1.791	None
LMX1B	SIM1	0.13992	40.54	0.541	rgb(223,114,115)	1.791	None
MAFA	CCDC146	0.13992	40.54	0.538	rgb(223,114,115)	1.791	None
ZNF846	AKNA	0.13992	40.54	0.537	rgb(223,114,116)	1.791	None
ARX	GPBAR1	-0.13933	40.53	-5.3E-01	rgb(102,147,237)	1.7908	None
PDX1	SDCBP2-AS1	-0.13933	40.53	-5.3E-01	rgb(103,147,237)	1.7908	None
TEAD1	TPPP3	-0.13933	40.53	-5.3E-01	rgb(102,147,237)	1.7908	None
ZNF519	KAT2B	0.13933	40.53	0.526	rgb(223,117,118)	1.7908	None
ARNT2	HIF1A	-0.13873	40.52	-5.2E-01	rgb(104,148,237)	1.7906	None
GATA4	KIAA1324	-0.13873	40.52	-5.2E-01	rgb(105,149,237)	1.7906	None
LMX1B	SERPINI1	-0.13873	40.52	-5.2E-01	rgb(105,149,237)	1.7906	None
MAFA	GPR155	0.13873	40.52	0.521	rgb(223,118,119)	1.7906	None
PRDM16	PAM	0.13873	40.52	0.524	rgb(223,117,118)	1.7906	None
ZFP92	AK311213	0.13873	40.52	0.52	rgb(223,118,119)	1.7906	2,2
HSF2	GAP43	-0.13814	40.51	-5.1E-01	rgb(107,150,236)	1.7904	None
TFCP2L1	EGFR	-0.13814	40.51	-5.1E-01	rgb(107,150,236)	1.7904	None
ZFP82	SLC35F3	0.13814	40.51	0.508	rgb(223,120,121)	1.7904	None
ZNF492	TMEM212	0.13814	40.51	0.509	rgb(223,120,121)	1.7904	None
ZNF853	SEPT3	0.13814	40.51	0.507	rgb(223,120,121)	1.7904	2,2
ELF4	ZFP82	-0.13755	40.5	-5.0E-01	rgb(108,151,236)	1.7902	None
FEV	CELA3A	0.13755	40.5	0.497	rgb(222,122,123)	1.7902	None
HSF2	BRS3	-0.13755	40.5	-5.0E-01	rgb(108,151,236)	1.7902	None
ISL1	AVPR1B	-0.13755	40.5	-5.0E-01	rgb(109,151,236)	1.7902	None
MAFB	TRIM24	-0.13755	40.5	-5.0E-01	rgb(109,151,236)	1.7902	None
NFAT5	SMOC2	0.13755	40.5	0.496	rgb(222,122,123)	1.7902	None
ONECUT1	SHC3	-0.13755	40.5	-5.0E-01	rgb(109,151,236)	1.7902	None
PRDM16	ACOT7	-0.13755	40.5	-5.0E-01	rgb(108,151,236)	1.7902	None
EGR3	NCALD	0.13696	40.49	0.493	rgb(222,123,124)	1.79	None
ONECUT1	AK125301	0.13696	40.49	0.491	rgb(222,123,124)	1.79	2,2
TFCP2L1	APLP1	0.13696	40.49	0.491	rgb(222,123,124)	1.79	None
ZNF382	SLC35F3	-0.13696	40.49	-4.9E-01	rgb(111,153,236)	1.79	None
HSF2	AP3B2	-0.13636	40.48	-4.8E-01	rgb(112,153,235)	1.7898	None
ONECUT2	LRP4-AS1	-0.13636	40.48	-4.8E-01	rgb(113,154,235)	1.7898	None
RFX2	RAB3C	0.13636	40.48	0.483	rgb(222,125,126)	1.7898	None
ZFP92	AX746995	-0.13636	40.48	-4.8E-01	rgb(112,153,235)	1.7898	2,2
GATA2	CAND2	0.13577	40.47	0.465	rgb(222,128,129)	1.7896	None
INSM1	COL16A1	-0.13577	40.47	-4.7E-01	rgb(115,155,235)	1.7896	None
LMX1B	AKNA	-0.13577	40.47	-4.7E-01	rgb(115,155,235)	1.7896	None
NEUROG3	LINC00923	-0.13577	40.47	-4.7E-01	rgb(115,155,235)	1.7896	2,2
NHLH1	BGN	-0.13577	40.47	-4.7E-01	rgb(116,155,235)	1.7896	None
LHX1	SLC35F3	-0.13518	40.46	-4.6E-01	rgb(117,156,234)	1.7894	None
PRDM16	ABCA9	-0.13518	40.46	-4.6E-01	rgb(117,156,235)	1.7894	None
PRDM16	CPA1	-0.13518	40.46	-4.6E-01	rgb(117,156,234)	1.7894	None
PRDM16	GNG2	-0.13518	40.46	-4.6E-01	rgb(116,156,235)	1.7894	None
TFCP2L1	MAST1	0.13518	40.46	0.456	rgb(222,130,131)	1.7894	None
ZNF382	KCNA6	-0.13518	40.46	-4.6E-01	rgb(117,156,234)	1.7894	2,2
PBX1	STX1A	-0.13459	40.45	-4.5E-01	rgb(120,158,234)	1.7892	None
SPIB	ABCC4	-0.13459	40.45	-4.5E-01	rgb(118,157,234)	1.7892	None
TFCP2L1	FTCD	0.13459	40.45	0.453	rgb(222,130,131)	1.7892	None
TFCP2L1	HOMEZ	-0.13459	40.45	-4.5E-01	rgb(118,157,234)	1.7892	None
AEBP1	KCNMB2-IT1	0.13459	40.45	0.454	rgb(222,130,131)	1.7892	2,2
GATA6	CYP27A1	0.134	40.44	0.438	rgb(222,133,134)	1.789	None
MAFF	AK026379	-0.134	40.44	-4.4E-01	rgb(121,158,234)	1.789	2,2
ZFP28	SOCS1	-0.134	40.44	-4.4E-01	rgb(121,159,234)	1.789	None
ARX	ST8SIA5	-0.1334	40.43	-4.3E-01	rgb(124,161,233)	1.7888	None
ELF4	TMEM151A	-0.1334	40.43	-4.3E-01	rgb(124,160,233)	1.7888	None
NR4A2	KLHL32	0.1334	40.43	0.427	rgb(222,135,136)	1.7888	None
PBX1	CDKN1C	0.1334	40.43	0.431	rgb(222,135,136)	1.7888	None
SPIB	CRISPLD2	-0.1334	40.43	-4.3E-01	rgb(124,161,233)	1.7888	None
TFCP2L1	CAMKV	0.1334	40.43	0.427	rgb(222,135,136)	1.7888	None
ZNF382	TMEM212	-0.1334	40.43	-4.3E-01	rgb(124,160,233)	1.7888	None
FEV	ELAVL3	0.13281	40.42	0.419	rgb(222,137,138)	1.7886	None
GATA2	NKAIN1	-0.13281	40.42	-4.2E-01	rgb(127,162,233)	1.7886	None
GATA6	CTXN1	-0.13281	40.42	-4.2E-01	rgb(125,161,233)	1.7886	None
HIC1	KCNK3	0.13281	40.42	0.423	rgb(222,136,137)	1.7886	None
LHX1	ENPP2	-0.13281	40.42	-4.2E-01	rgb(126,162,233)	1.7886	None
PBX1	FGF2	0.13281	40.42	0.419	rgb(222,137,138)	1.7886	None
PBX1	SHC3	-0.13281	40.42	-4.2E-01	rgb(126,162,233)	1.7886	None
SPIB	SLC51B	0.13281	40.42	0.421	rgb(222,137,137)	1.7886	None
HOXB9	VCAN	0.13222	40.41	0.411	rgb(222,138,139)	1.7884	None
NKX2-2	CTXN1	0.13222	40.41	0.411	rgb(222,139,139)	1.7884	None
ZFP92	GRAMD2	0.13222	40.41	0.408	rgb(221,139,140)	1.7884	2,2
MAFA	CLIP3	0.13163	40.4	0.398	rgb(221,141,142)	1.7882	None
ONECUT1	DLC1	0.13163	40.4	0.396	rgb(221,141,142)	1.7882	None
RFX6	LONRF2	0.13163	40.4	0.397	rgb(221,141,142)	1.7882	None
SOX4	BRSK1	-0.13163	40.4	-4.0E-01	rgb(130,164,232)	1.7882	None
NPAS3	FLJ22184	0.13163	40.4	0.395	rgb(221,142,142)	1.7882	2,2
EGR3	CTTNBP2	-0.13103	40.39	-3.9E-01	rgb(132,165,232)	1.788	None
HHEX	LOC441204	0.13103	40.39	0.391	rgb(221,142,143)	1.788	2,2
LMX1A	RGS16	0.13103	40.39	0.394	rgb(221,142,143)	1.788	None
MAFB	SMAD9	0.13103	40.39	0.388	rgb(221,143,144)	1.788	None
NR4A2	RGS14	0.13103	40.39	0.393	rgb(221,142,143)	1.788	None
POU2F2	UNC5D	-0.13103	40.39	-3.9E-01	rgb(132,166,232)	1.788	None
SOX4	FABP5	0.13103	40.39	0.388	rgb(221,143,144)	1.788	None
TFCP2L1	SAMD11	0.13103	40.39	0.391	rgb(221,142,143)	1.788	None
ATF5	BC022892	0.13044	40.38	0.384	rgb(221,144,145)	1.7878	2,2
GATA2	IGSF10	0.13044	40.38	0.384	rgb(221,144,144)	1.7878	None
HOXB9	PKIA	0.13044	40.38	0.385	rgb(221,144,144)	1.7878	None
HSF2	EIF4EBP3	0.13044	40.38	0.384	rgb(221,144,144)	1.7878	None
NEUROD2	SDPR	0.13044	40.38	0.384	rgb(221,144,144)	1.7878	2,2
NHLH1	SSTR1	-0.13044	40.38	-3.8E-01	rgb(136,167,231)	1.7878	None
PBX1	HINT1	-0.13044	40.38	-3.8E-01	rgb(134,167,231)	1.7878	None
KCNIP3	FAM57B	0.13044	40.38	0.385	rgb(221,144,144)	1.7878	2,2
ARX	GADD45A	-0.12985	40.37	-3.7E-01	rgb(136,168,231)	1.7876	None
ISL1	GPR162	-0.12985	40.37	-3.7E-01	rgb(136,168,231)	1.7876	None
NR4A2	AGT	0.12985	40.37	0.374	rgb(221,145,146)	1.7876	None
ARNT2	PPP1R3C	0.12926	40.36	0.361	rgb(221,148,149)	1.7874	None
GATA2	ENPP1	0.12926	40.36	0.359	rgb(221,149,149)	1.7874	None
MLXIPL	AK026714	-0.12926	40.36	-3.6E-01	rgb(138,169,231)	1.7874	2,2
NR4A2	CD300LF	-0.12926	40.36	-3.6E-01	rgb(139,170,231)	1.7874	None
ZNF846	FKSG51	-0.12926	40.36	-3.6E-01	rgb(138,169,231)	1.7874	2,2
LHX1	FAXC	0.12866	40.35	0.352	rgb(221,150,150)	1.7872	None
LMX1B	PTGDR2	-0.12866	40.35	-3.5E-01	rgb(140,170,230)	1.7872	None
NEUROD1	PBOV1	-0.12866	40.35	-3.5E-01	rgb(141,171,230)	1.7872	None
NEUROG3	NOVA2	-0.12866	40.35	-3.5E-01	rgb(141,171,230)	1.7872	None
ONECUT3	BMS1P6	0.12866	40.35	0.354	rgb(221,149,150)	1.7872	2,2
RFX6	NCALD	0.12866	40.35	0.35	rgb(221,150,151)	1.7872	None
ZNF117	LOC100216546	0.12866	40.35	0.347	rgb(221,151,151)	1.7872	2,2
FEV	FAXC	0.12807	40.34	0.339	rgb(221,152,153)	1.787	None
NR4A2	SCT	-0.12807	40.34	-3.4E-01	rgb(143,172,230)	1.787	None
NR4A2	SGSM1	0.12807	40.34	0.338	rgb(221,152,153)	1.787	None
ONECUT1	KCNE4	-0.12807	40.34	-3.4E-01	rgb(143,172,230)	1.787	None
PAX6	MRPL34	0.12807	40.34	0.336	rgb(221,153,154)	1.787	None
TP73	CYMP	-0.12807	40.34	-3.4E-01	rgb(144,173,230)	1.787	None
ZFHX2	MIR137HG	-0.12807	40.34	-3.4E-01	rgb(144,172,230)	1.787	None
ZNF846	NKTR	-0.12807	40.34	-3.4E-01	rgb(142,172,230)	1.787	None
FEV	OLFML2B	0.12748	40.33	0.326	rgb(221,155,155)	1.7868	None
FOXA1	PLXNC1	0.12748	40.33	0.326	rgb(221,155,155)	1.7868	None
NR4A2	MMP2	0.12748	40.33	0.325	rgb(221,155,156)	1.7868	None
GRHL3	ANKRD20A8P	-0.12748	40.33	-3.3E-01	rgb(145,173,230)	1.7868	2,2
SIM1	FAM57B	0.12748	40.33	0.326	rgb(221,155,155)	1.7868	2,2
FEV	HDAC7	-0.12689	40.32	-3.2E-01	rgb(147,175,229)	1.7866	None
HIC1	PAM	-0.12689	40.32	-3.2E-01	rgb(148,175,229)	1.7866	None
INSM1	LHX1	-0.12689	40.32	-3.2E-01	rgb(147,175,229)	1.7866	None
LHX1	ZFHX2	0.12689	40.32	0.321	rgb(221,156,156)	1.7866	None
LMX1A	CAND2	-0.12689	40.32	-3.2E-01	rgb(147,174,229)	1.7866	None
LMX1B	NR2F2-AS1	-0.12689	40.32	-3.2E-01	rgb(147,174,229)	1.7866	None
MAFB	FAM13A-AS1	0.12689	40.32	0.321	rgb(221,156,156)	1.7866	None
NKX6-1	DNER	-0.12689	40.32	-3.2E-01	rgb(148,175,229)	1.7866	None
PBX1	TDRD6	0.12689	40.32	0.325	rgb(221,155,156)	1.7866	2,2
PRDM16	MMP11	-0.12689	40.32	-3.2E-01	rgb(148,175,229)	1.7866	None
RORC	INHBE	0.12689	40.32	0.323	rgb(221,155,156)	1.7866	None
ASCL1	HCN4	0.1263	40.31	0.31	rgb(220,158,158)	1.7864	None
EGR3	AEBP1	0.1263	40.31	0.311	rgb(220,158,158)	1.7864	None
ETS1	MED12L	0.1263	40.31	0.307	rgb(220,158,159)	1.7864	None
HOMEZ	FBN1	-0.1263	40.31	-3.1E-01	rgb(150,176,229)	1.7864	2,2
MAFA	PTCH1	-0.1263	40.31	-3.1E-01	rgb(151,177,229)	1.7864	None
PRDM16	REM2	-0.1263	40.31	-3.1E-01	rgb(149,176,229)	1.7864	None
NR4A2	PGA3	0.1257	40.3	0.303	rgb(220,159,160)	1.7862	None
ZFP28	RBFOX2	0.1257	40.3	0.301	rgb(220,159,160)	1.7862	None
ZNF846	GOLGA7B	0.1257	40.3	0.298	rgb(220,160,161)	1.7862	None
MYT1	KCNA6	0.1257	40.3	0.296	rgb(220,160,161)	1.7862	2,2
HIC1	SERTAD1	0.12511	40.29	0.289	rgb(220,162,162)	1.786	None
PDX1	IFI44	0.12511	40.29	0.293	rgb(220,161,162)	1.786	None
PRDM16	CCK	-0.12511	40.29	-2.9E-01	rgb(154,179,228)	1.786	None
PRDM16	PSD	-0.12511	40.29	-2.9E-01	rgb(154,178,228)	1.786	None
TEAD2	SUSD2	-0.12511	40.29	-2.9E-01	rgb(153,178,228)	1.786	None
EGR3	FAM155B	-0.12452	40.28	-2.8E-01	rgb(156,180,228)	1.7858	None
HIC1	AKR1B1	0.12452	40.28	0.277	rgb(220,164,165)	1.7858	None
NR4A2	PAK6	-0.12452	40.28	-2.8E-01	rgb(155,179,228)	1.7858	None
ONECUT3	PEX5L	-0.12452	40.28	-2.8E-01	rgb(156,180,228)	1.7858	None
ZNF846	FAM155B	0.12452	40.28	0.282	rgb(220,163,164)	1.7858	None
MAFA	OLFML2B	-0.12393	40.27	-2.7E-01	rgb(158,181,227)	1.7856	None
NKX2-2	DDC	-0.12393	40.27	-2.7E-01	rgb(159,182,227)	1.7856	None
NKX6-1	MS4A8	-0.12393	40.27	-2.7E-01	rgb(158,181,227)	1.7856	None
NR4A2	AP3B2	0.12393	40.27	0.272	rgb(220,165,166)	1.7856	None
POU6F1	PPP1R3C	0.12393	40.27	0.267	rgb(220,166,167)	1.7856	None
LMX1A	LDB1	-0.12333	40.26	-2.6E-01	rgb(161,183,227)	1.7854	None
NKX2-2	ACSL6	-0.12333	40.26	-2.6E-01	rgb(162,183,227)	1.7854	None
NR4A2	JAZF1	0.12333	40.26	0.256	rgb(220,168,169)	1.7854	None
PBX1	CCDC74A	-0.12333	40.26	-2.6E-01	rgb(161,183,227)	1.7854	None
PRDM16	FAM161A	-0.12333	40.26	-2.6E-01	rgb(160,183,227)	1.7854	None
RORC	LINC00494	-0.12333	40.26	-2.6E-01	rgb(161,183,227)	1.7854	None
TEAD1	ANK2	-0.12333	40.26	-2.6E-01	rgb(161,183,227)	1.7854	None
ZNF846	SSTR5-AS1	-0.12333	40.26	-2.6E-01	rgb(160,182,227)	1.7854	None
ZFP2	WISP1	0.12333	40.26	0.255	rgb(220,168,169)	1.7854	2,2
ELF4	SH3RF3-AS1	-0.12274	40.25	-2.5E-01	rgb(163,184,226)	1.7852	None
LMX1B	FAM171B	-0.12274	40.25	-2.5E-01	rgb(163,184,226)	1.7852	None
MAFA	EFCC1	0.12274	40.25	0.246	rgb(220,170,170)	1.7852	None
NFAT5	KIF5A	-0.12274	40.25	-2.5E-01	rgb(163,184,226)	1.7852	None
NR4A2	CBX2	0.12274	40.25	0.253	rgb(220,169,169)	1.7852	None
PBX1	SIM1	-0.12274	40.25	-2.5E-01	rgb(162,184,227)	1.7852	None
RFX6	AFF2	0.12274	40.25	0.247	rgb(220,170,170)	1.7852	2,2
ZFHX2	SERPINI1	0.12274	40.25	0.247	rgb(220,170,170)	1.7852	None
ARX	AK026714	0.12215	40.24	0.236	rgb(220,172,172)	1.785	2,2
ISL1	NPW	-0.12215	40.24	-2.4E-01	rgb(164,185,226)	1.785	None
PBX1	ANK2	-0.12215	40.24	-2.4E-01	rgb(164,185,226)	1.785	None
SOX4	CHRNA1	0.12215	40.24	0.245	rgb(220,170,171)	1.785	None
GATA4	DNAPTP1	0.12156	40.23	0.232	rgb(220,173,173)	1.7848	2,2
NEUROD1	ERO1LB	0.12156	40.23	0.234	rgb(220,172,173)	1.7848	2,2
ETS1	ANKRD13B	0.12096	40.22	0.222	rgb(219,175,175)	1.7846	None
LMX1B	COL12A1	0.12096	40.22	0.219	rgb(219,175,176)	1.7846	None
MAFA	RYBP	0.12096	40.22	0.22	rgb(219,175,175)	1.7846	None
NFAT5	FAM153A	-0.12096	40.22	-2.2E-01	rgb(170,188,225)	1.7846	2,2
RORC	USP13	-0.12096	40.22	-2.2E-01	rgb(169,188,225)	1.7846	None
SPIB	ZNF519	-0.12096	40.22	-2.2E-01	rgb(169,188,225)	1.7846	None
TFCP2L1	CTXN1	0.12096	40.22	0.218	rgb(219,175,176)	1.7846	None
PAX6	ADAM12	-0.12037	40.21	-2.1E-01	rgb(170,189,225)	1.7844	None
TEAD1	SCGB1A1	-0.12037	40.21	-2.1E-01	rgb(171,189,225)	1.7844	None
TFCP2L1	CHGB	0.12037	40.21	0.214	rgb(219,176,177)	1.7844	None
ZBTB4	AK123314	-0.12037	40.21	-2.1E-01	rgb(172,190,225)	1.7844	2,2
HEYL	ABCC9	-0.11978	40.2	-2.0E-01	rgb(173,190,225)	1.7842	2,2
HHEX	AX746995	0.11978	40.2	0.2	rgb(219,179,179)	1.7842	2,2
HIF1A	RAPGEF4	-0.11978	40.2	-2.0E-01	rgb(173,190,225)	1.7842	None
LHX1	GAL	-0.11978	40.2	-2.0E-01	rgb(173,190,225)	1.7842	None
NEUROG3	VASH2	0.11978	40.2	0.201	rgb(219,179,179)	1.7842	None
NR4A2	MUC15	0.11978	40.2	0.201	rgb(219,179,179)	1.7842	None
PRDM16	CELF5	0.11978	40.2	0.195	rgb(219,180,180)	1.7842	None
RFX2	MMRN1	0.11978	40.2	0.199	rgb(219,179,179)	1.7842	None
TEAD1	MAP6	-0.11978	40.2	-2.0E-01	rgb(174,191,225)	1.7842	None
TEAD1	TRIM24	0.11978	40.2	0.196	rgb(219,179,180)	1.7842	None
TFCP2L1	MAPK12	0.11978	40.2	0.201	rgb(219,179,179)	1.7842	None
ARX	CYP4F24P	0.11919	40.19	0.189	rgb(219,181,181)	1.784	None
NKX2-2	CENPE	-0.11919	40.19	-1.9E-01	rgb(176,192,224)	1.784	None
PBX1	BRSK1	-0.11919	40.19	-1.9E-01	rgb(176,192,224)	1.784	None
ZFHX2	MTUS2	-0.11919	40.19	-1.9E-01	rgb(176,192,224)	1.784	None
ZNF492	SCN2A	-0.11919	40.19	-1.9E-01	rgb(176,192,224)	1.784	None
ZNF519	FAM155B	-0.11919	40.19	-1.9E-01	rgb(176,192,224)	1.784	None
INSM1	FUT1	-0.11859	40.18	-1.8E-01	rgb(177,193,224)	1.7838	None
NR4A2	DTX1	-0.11859	40.18	-1.8E-01	rgb(178,193,224)	1.7838	None
SMAD9	IFIT1	0.11859	40.18	0.181	rgb(219,182,183)	1.7838	None
EGR3	BOC	-0.118	40.17	-1.7E-01	rgb(179,194,224)	1.7836	None
EGR3	KCNK17	-0.118	40.17	-1.7E-01	rgb(181,195,223)	1.7836	None
PAX6	RASD1	-0.118	40.17	-1.7E-01	rgb(179,194,224)	1.7836	None
RFX6	C2CD4B	0.118	40.17	0.168	rgb(219,185,185)	1.7836	None
SOX4	CAMKV	-0.118	40.17	-1.7E-01	rgb(180,195,223)	1.7836	None
TEAD2	WDR17	-0.118	40.17	-1.7E-01	rgb(181,195,223)	1.7836	None
ELF4	HIP1	-0.11741	40.16	-1.6E-01	rgb(183,196,223)	1.7834	None
LMX1A	PDZD4	-0.11741	40.16	-1.6E-01	rgb(182,196,223)	1.7834	None
MAFB	SEZ6	0.11741	40.16	0.164	rgb(219,186,186)	1.7834	None
ST18	HERC5	0.11741	40.16	0.163	rgb(219,186,186)	1.7834	None
ATF5	ETS1	0.11682	40.15	0.149	rgb(219,189,189)	1.7832	None
ELF4	SLC7A2	-0.11682	40.15	-1.5E-01	rgb(185,198,223)	1.7832	None
LMX1B	WNK2	-0.11682	40.15	-1.5E-01	rgb(184,197,223)	1.7832	None
PBX1	SDCBP2-AS1	0.11682	40.15	0.148	rgb(219,189,189)	1.7832	None
PDX1	CPLX1	-0.11682	40.15	-1.5E-01	rgb(184,197,223)	1.7832	None
TGIF2	INS-IGF2	-0.11682	40.15	-1.5E-01	rgb(183,197,223)	1.7832	None
ZFHX2	FOXP2	-0.11682	40.15	-1.5E-01	rgb(184,197,223)	1.7832	None
SOX4	LINC00310	-0.11623	40.14	-1.4E-01	rgb(186,198,222)	1.783	None
LMX1A	SCG5	-0.11563	40.13	-1.3E-01	rgb(189,200,222)	1.7828	None
NR4A3	NKD1	-0.11563	40.13	-1.3E-01	rgb(189,200,222)	1.7828	None
PBX1	SLC38A3	0.11563	40.13	0.127	rgb(218,193,193)	1.7828	None
ELF4	MMRN1	-0.11504	40.12	-1.2E-01	rgb(191,201,222)	1.7826	None
ETS1	AK091275	-0.11504	40.12	-1.2E-01	rgb(191,201,221)	1.7826	2,2
MAFF	CD99L2	-0.11504	40.12	-1.2E-01	rgb(192,202,221)	1.7826	None
ONECUT3	LOC100216546	0.11504	40.12	0.121	rgb(218,194,194)	1.7826	2,2
RORC	LRP4-AS1	-0.11504	40.12	-1.2E-01	rgb(192,202,221)	1.7826	None
TGIF2	CYP27A1	0.11504	40.12	0.119	rgb(218,194,195)	1.7826	None
LHX1	FTCD	-0.11445	40.11	-1.1E-01	rgb(193,202,221)	1.7824	None
RFX6	DNAJC12	-0.11445	40.11	-1.1E-01	rgb(192,202,221)	1.7824	None
TGIF2	TUBB3	-0.11445	40.11	-1.1E-01	rgb(193,203,221)	1.7824	None
NPAS3	BC033961	0.11445	40.11	0.111	rgb(218,196,196)	1.7824	2,2
ETS1	ADAMTSL2	0.11386	40.1	0.101	rgb(218,198,198)	1.7822	None
MYRF	CR627206	-0.11386	40.1	-1.0E-01	rgb(195,204,221)	1.7822	2,2
GATA4	DSCAML1	0.11326	40.09	0.093	rgb(218,199,199)	1.782	None
HIC1	KNDC1	-0.11326	40.09	-9.0E-02	rgb(197,205,220)	1.782	None
HSF2	VSTM4	-0.11326	40.09	-9.4E-02	rgb(197,205,221)	1.782	None
TEAD2	PPP1R14A	-0.11326	40.09	-8.6E-02	rgb(198,206,220)	1.782	None
ZNF519	RASD1	-0.11267	40.08	-7.8E-02	rgb(200,207,220)	1.7818	None
PDX1	TUBB2B	0.11208	40.07	0.066	rgb(218,204,205)	1.7816	None
PDX1	VWCE	0.11208	40.07	0.067	rgb(218,204,204)	1.7816	None
ZNF382	RBPMS	0.11208	40.07	0.067	rgb(218,204,204)	1.7816	None
LMX1A	MMP11	-0.11149	40.06	-6.4E-02	rgb(203,209,219)	1.7814	None
LMX1B	PCED1B-AS1	0.11149	40.06	0.057	rgb(218,206,206)	1.7814	None
NEUROG3	DEFB1	0.11149	40.06	0.063	rgb(218,205,205)	1.7814	None
PAX6	PDGFD	-0.11149	40.06	-6.2E-02	rgb(204,209,219)	1.7814	None
POU6F1	SERF2-C15ORF63	-0.11149	40.06	-6.3E-02	rgb(203,209,219)	1.7814	2,2
RFX6	AK311257	0.11149	40.06	0.056	rgb(218,206,206)	1.7814	2,2
GATA6	COL10A1	-0.11089	40.05	-4.9E-02	rgb(206,211,219)	1.7812	None
ZFP2	ZFR2	-0.11089	40.05	-4.6E-02	rgb(207,211,219)	1.7812	2,2
NR4A2	AMBP	0.1103	40.04	0.039	rgb(217,209,210)	1.781	None
PDX1	GPC2	-0.1103	40.04	-3.6E-02	rgb(209,212,218)	1.781	None
SPIB	SMAD9	0.10971	40.03	0.03	rgb(217,211,211)	1.7808	None
ELF4	ABCC4	0.10912	40.02	0.022	rgb(217,213,213)	1.7806	None
NR4A3	HMGN3	0.10852	40.01	0.008	rgb(217,215,215)	1.7804	None
NEUROD1	TP73	0.10793	40	7.6E-05	rgb(217,217,217)	1.7802	None
NR4A2	KANK2	-0.10793	40	-4.9E-03	rgb(216,216,217)	1.7802	None
HIF1A	MLXIPL	-0.10734	39.77	-7.7E-01	rgb( 49,115,246)	1.7756	None
HOXB9	MX2	0.10679	39.75	0.748	rgb(225, 74, 76)	1.7752	None
SOX4	GPR137C	0.10679	39.75	0.752	rgb(225, 73, 75)	1.7752	None
SOX4	PALMD	-0.10625	39.73	-7.3E-01	rgb( 59,121,245)	1.7748	None
MAFF	MLLT11	0.1057	39.71	0.708	rgb(225, 82, 83)	1.7744	None
ONECUT1	ATF7IP	0.10515	39.7	0.703	rgb(225, 83, 84)	1.7742	None
NEUROD1	CORO2B	0.10461	39.69	0.687	rgb(225, 86, 87)	1.774	None
RFX2	ITGA7	0.10406	39.68	0.684	rgb(225, 86, 88)	1.7738	None
ASCL1	ELAVL4	-0.10352	39.67	-6.7E-01	rgb( 71,128,243)	1.7736	None
ETS1	HINT1	0.10352	39.67	0.667	rgb(224, 90, 91)	1.7736	None
ETS1	ID4	0.10352	39.67	0.667	rgb(224, 90, 91)	1.7736	None
ETS1	PDE8B	0.10352	39.67	0.667	rgb(224, 90, 91)	1.7736	None
HIC1	AF090102	-0.10352	39.67	-6.7E-01	rgb( 71,128,243)	1.7736	2,2
NFAT5	SH2D3C	-0.10352	39.67	-6.7E-01	rgb( 72,129,242)	1.7736	None
LMX1B	CD99L2	-0.10297	39.66	-6.6E-01	rgb( 74,130,242)	1.7734	None
NEUROD1	CDK5R1	0.10297	39.66	0.661	rgb(224, 91, 92)	1.7734	None
PAX6	MPP1	0.10242	39.65	0.655	rgb(224, 92, 93)	1.7732	None
SMAD9	EGFR	0.10188	39.64	0.643	rgb(224, 94, 95)	1.773	None
SMAD9	SLC38A3	0.10188	39.64	0.635	rgb(224, 96, 97)	1.773	None
ZNF492	TSPAN7	-0.10188	39.64	-6.4E-01	rgb( 77,132,242)	1.773	2,2
ELF4	KCNJ2	-0.10133	39.63	-6.3E-01	rgb( 80,134,241)	1.7728	None
ETS1	PYY	0.10133	39.63	0.63	rgb(224, 97, 98)	1.7728	None
HOXB9	GADD45A	-0.10078	39.62	-6.2E-01	rgb( 83,136,240)	1.7726	None
MAFA	CAND2	0.10078	39.62	0.618	rgb(224, 99,100)	1.7726	None
NEUROG3	KAT2B	0.10078	39.62	0.623	rgb(224, 98, 99)	1.7726	None
TFCP2L1	EVL	0.10078	39.62	0.624	rgb(224, 98, 99)	1.7726	None
ZFP62	FOXD4L2	0.10078	39.62	0.625	rgb(224, 98, 99)	1.7726	2,2
ARX	DPEP1	-0.10024	39.61	-6.1E-01	rgb( 85,137,240)	1.7724	None
ASCL1	CACNA1C	0.10024	39.61	0.606	rgb(224,101,102)	1.7724	None
PDX1	KCNJ3	0.10024	39.61	0.606	rgb(224,101,102)	1.7724	None
ZNF492	SMOC2	0.10024	39.61	0.614	rgb(224,100,101)	1.7724	None
ONECUT1	LOC100652999	0.099692	39.6	0.599	rgb(224,103,104)	1.7722	2,2
ZNF382	TMEM59L	-0.099692	39.6	-6.0E-01	rgb( 87,138,240)	1.7722	2,2
PDX1	SULT2A1	0.099146	39.59	0.589	rgb(223,105,106)	1.772	None
RORC	ZCCHC12	-0.099146	39.59	-5.9E-01	rgb( 88,139,240)	1.772	2,2
SPIB	LMO3	-0.099146	39.59	-5.9E-01	rgb( 89,139,239)	1.772	None
TEAD1	AK074396	-0.099146	39.59	-5.9E-01	rgb( 90,140,239)	1.772	2,2
MAFB	WDR52	0.098599	39.58	0.579	rgb(223,106,108)	1.7718	2,2
ST18	LEFTY1	-0.098599	39.58	-5.8E-01	rgb( 91,140,239)	1.7718	None
FOXA1	AGT	-0.098053	39.57	-5.7E-01	rgb( 93,141,239)	1.7716	None
ASCL1	CITED2	0.097507	39.56	0.56	rgb(223,110,111)	1.7714	None
CXXC4	HNRPF	0.097507	39.56	0.562	rgb(223,110,111)	1.7714	2,2
LHX1	LEFTY1	0.097507	39.56	0.561	rgb(223,110,111)	1.7714	None
MLXIPL	RFX2	-0.097507	39.56	-5.6E-01	rgb( 97,144,238)	1.7714	None
SOX4	RRAGD	-0.097507	39.56	-5.6E-01	rgb( 95,143,238)	1.7714	None
ZNF382	TEAD1	0.097507	39.56	0.56	rgb(223,110,111)	1.7714	None
FOXP2	DENND2A	-0.096961	39.55	-5.5E-01	rgb( 98,144,238)	1.7712	None
HSF2	TEAD2	0.096961	39.55	0.547	rgb(223,113,114)	1.7712	None
MAFA	TUB	-0.096961	39.55	-5.5E-01	rgb( 97,144,238)	1.7712	None
NKX6-1	TENM2	0.096961	39.55	0.549	rgb(223,112,113)	1.7712	None
POU2F2	SULT2A1	0.096961	39.55	0.552	rgb(223,112,113)	1.7712	None
POU6F1	IGHG1	-0.096961	39.55	-5.5E-01	rgb( 98,145,238)	1.7712	2,2
TGIF2	ELF4	0.096961	39.55	0.55	rgb(223,112,113)	1.7712	None
SIM1	CHL1	0.096961	39.55	0.545	rgb(223,113,114)	1.7712	2,2
PRDM16	GCK	-0.096414	39.54	-5.4E-01	rgb(101,146,237)	1.771	None
TFCP2L1	TMEM132C	0.096414	39.54	0.544	rgb(223,113,114)	1.771	None
ZFHX2	GLIS2	-0.096414	39.54	-5.4E-01	rgb( 99,145,238)	1.771	None
DZIP1	RAB40A	0.095868	39.53	0.527	rgb(223,116,117)	1.7708	2,2
ARX	ACSL6	0.095322	39.52	0.523	rgb(223,117,118)	1.7706	None
ONECUT1	LRP4-AS1	-0.095322	39.52	-5.2E-01	rgb(103,148,237)	1.7706	None
PDX1	TMEM70	0.095322	39.52	0.521	rgb(223,117,118)	1.7706	None
SOX4	SUSD2	0.095322	39.52	0.517	rgb(223,118,119)	1.7706	None
ZFHX2	FJX1	0.095322	39.52	0.523	rgb(223,117,118)	1.7706	None
FOXA1	GALNT16	-0.094775	39.51	-5.1E-01	rgb(107,150,236)	1.7704	None
LHX1	DLL4	0.094775	39.51	0.507	rgb(223,120,121)	1.7704	None
LHX1	GFRA3	-0.094775	39.51	-5.1E-01	rgb(107,150,236)	1.7704	None
PAX6	XAF1	-0.094775	39.51	-5.1E-01	rgb(105,149,237)	1.7704	2,2
RFX2	PALMD	0.094775	39.51	0.515	rgb(223,119,120)	1.7704	None
ZNF382	LOC283731	-0.094775	39.51	-5.1E-01	rgb(107,150,236)	1.7704	2,2
ZNF846	PTPRN	-0.094775	39.51	-5.1E-01	rgb(106,149,237)	1.7704	None
LHX1	ABCC4	0.094229	39.5	0.499	rgb(222,122,123)	1.7702	None
MAFA	FHL1	0.094229	39.5	0.504	rgb(223,121,122)	1.7702	2,2
NKX2-2	EGFR	-0.094229	39.5	-5.0E-01	rgb(108,151,236)	1.7702	None
SMAD9	GPR155	-0.094229	39.5	-5.0E-01	rgb(110,152,236)	1.7702	None
LMX1B	TFPI2	-0.093683	39.49	-4.9E-01	rgb(111,152,236)	1.77	None
NR4A2	NPAS3	0.093683	39.49	0.49	rgb(222,123,124)	1.77	None
PDX1	EFNB3	0.093683	39.49	0.49	rgb(222,123,124)	1.77	None
ZNF846	PSD	-0.093683	39.49	-4.9E-01	rgb(111,152,236)	1.77	None
ASCL2	PCDHB15	0.093137	39.48	0.478	rgb(222,126,127)	1.7698	None
FOXA1	SCUBE1	0.093137	39.48	0.484	rgb(222,125,126)	1.7698	None
HSF2	USP32P2	0.093137	39.48	0.476	rgb(222,126,127)	1.7698	None
NR4A2	SPINK4	0.093137	39.48	0.477	rgb(222,126,127)	1.7698	None
HIF1A	NEAT1	-0.09259	39.47	-4.7E-01	rgb(115,155,235)	1.7696	None
NR4A2	DLC1	-0.09259	39.47	-4.7E-01	rgb(116,156,235)	1.7696	None
PAX6	ADCY5	-0.09259	39.47	-4.7E-01	rgb(116,156,235)	1.7696	None
RFX2	SDK2	0.09259	39.47	0.468	rgb(222,128,129)	1.7696	None
RORC	LZTS1	-0.09259	39.47	-4.7E-01	rgb(114,154,235)	1.7696	None
SPIB	CLIP3	0.09259	39.47	0.472	rgb(222,127,128)	1.7696	None
ZNF846	CDK5R1	0.09259	39.47	0.471	rgb(222,127,128)	1.7696	None
EGR3	SPIB	0.092044	39.46	0.458	rgb(222,130,130)	1.7694	None
ETS1	GPM6B	-0.092044	39.46	-4.6E-01	rgb(117,156,234)	1.7694	2,2
LHX1	GADD45A	-0.092044	39.46	-4.6E-01	rgb(117,156,234)	1.7694	None
LMX1A	AK310876	0.092044	39.46	0.456	rgb(222,130,131)	1.7694	2,2
MAFA	SPAG8	0.092044	39.46	0.461	rgb(222,129,130)	1.7694	None
NEUROG3	MFAP2	0.092044	39.46	0.463	rgb(222,128,129)	1.7694	2,2
SOX4	ZCCHC18	0.092044	39.46	0.455	rgb(222,130,131)	1.7694	None
ASCL2	CELF4	-0.091498	39.45	-4.5E-01	rgb(119,157,234)	1.7692	None
ONECUT1	CRISPLD2	-0.091498	39.45	-4.5E-01	rgb(118,157,234)	1.7692	None
ONECUT2	GPC6	-0.091498	39.45	-4.5E-01	rgb(119,157,234)	1.7692	None
EGR3	CBFA2T3	0.090951	39.44	0.444	rgb(222,132,133)	1.769	None
GATA2	ATP6V1G2	0.090951	39.44	0.442	rgb(222,133,133)	1.769	None
NR4A2	VGF	-0.090951	39.44	-4.4E-01	rgb(121,158,234)	1.769	None
ZNF382	GUCY1A3	-0.090951	39.44	-4.4E-01	rgb(121,158,234)	1.769	2,2
ZNF492	AK055017	0.090951	39.44	0.439	rgb(222,133,134)	1.769	2,2
EGR3	SBK1	-0.090405	39.43	-4.3E-01	rgb(123,160,233)	1.7688	None
MAFA	RAB4B-EGLN2	-0.090405	39.43	-4.3E-01	rgb(124,161,233)	1.7688	None
PAX4	AK026379	-0.090405	39.43	-4.3E-01	rgb(124,160,233)	1.7688	2,2
PDX1	PPP1R14A	0.090405	39.43	0.43	rgb(222,135,136)	1.7688	None
SOX4	ANKRD18A	0.090405	39.43	0.43	rgb(222,135,136)	1.7688	None
ZNF492	HSPA12A	0.090405	39.43	0.428	rgb(222,135,136)	1.7688	None
HMGN3	DTX3	0.090405	39.43	0.428	rgb(222,135,136)	1.7688	2,2
ETS1	EML1	0.089859	39.42	0.416	rgb(222,138,138)	1.7686	None
MAFB	AX747535	0.089859	39.42	0.415	rgb(222,138,138)	1.7686	2,2
NKX2-2	ATP13A4	0.089859	39.42	0.417	rgb(222,137,138)	1.7686	None
NEUROG3	FAM65C	0.089313	39.41	0.408	rgb(221,139,140)	1.7684	2,2
PBX1	FAM167A	0.089313	39.41	0.406	rgb(221,139,140)	1.7684	None
PRDM16	PAX6	-0.089313	39.41	-4.1E-01	rgb(128,163,233)	1.7684	None
PRDM16	RBP1	-0.089313	39.41	-4.1E-01	rgb(127,162,233)	1.7684	None
TEAD1	YPEL1	-0.089313	39.41	-4.1E-01	rgb(129,163,232)	1.7684	None
ZFP92	AX746771	-0.089313	39.41	-4.1E-01	rgb(128,163,233)	1.7684	2,2
ASCL2	MIAT	-0.088766	39.4	-4.0E-01	rgb(130,164,232)	1.7682	None
NKX2-2	SLC7A2	-0.088766	39.4	-4.0E-01	rgb(129,164,232)	1.7682	None
RORC	GALNT16	-0.088766	39.4	-4.0E-01	rgb(131,165,232)	1.7682	None
TEAD1	PCDH17	-0.088766	39.4	-4.0E-01	rgb(131,165,232)	1.7682	2,2
ZFHX2	FFAR1	-0.088766	39.4	-4.0E-01	rgb(130,164,232)	1.7682	2,2
LTF	AK124194	0.08822	39.39	0.389	rgb(221,143,143)	1.768	2,2
NKX6-1	IPO11-LRRC70	-0.08822	39.39	-3.9E-01	rgb(132,165,232)	1.768	2,2
PBX1	LINC00310	-0.08822	39.39	-3.9E-01	rgb(132,165,232)	1.768	None
ZNF846	RGS5	0.08822	39.39	0.394	rgb(221,142,143)	1.768	None
LMX1B	GPC2	-0.087674	39.38	-3.8E-01	rgb(134,166,232)	1.7678	None
NEUROG3	STX1A	0.087674	39.38	0.381	rgb(221,144,145)	1.7678	None
NR4A2	CACNA1A	0.087674	39.38	0.379	rgb(221,145,145)	1.7678	None
ONECUT1	AK094786	0.087674	39.38	0.385	rgb(221,143,144)	1.7678	2,2
PAX4	SYCP2	-0.087674	39.38	-3.8E-01	rgb(135,167,231)	1.7678	None
SPIB	RBP2	0.087674	39.38	0.378	rgb(221,145,146)	1.7678	None
ZFP90	EFCC1	-0.087674	39.38	-3.8E-01	rgb(135,167,231)	1.7678	None
ARX	JAKMIP2	-0.087127	39.37	-3.7E-01	rgb(137,168,231)	1.7676	None
HSF2	FAM71E2	-0.087127	39.37	-3.7E-01	rgb(136,168,231)	1.7676	None
MYRF	DQ598910	-0.087127	39.37	-3.7E-01	rgb(136,168,231)	1.7676	2,2
PRDM16	SNAP25	-0.087127	39.37	-3.7E-01	rgb(137,168,231)	1.7676	None
AEBP1	AK096718	0.087127	39.37	0.374	rgb(221,146,146)	1.7676	2,2
FEV	SCGB1A1	0.086581	39.36	0.362	rgb(221,148,149)	1.7674	None
NR4A2	ABCA9	0.086581	39.36	0.356	rgb(221,149,150)	1.7674	None
PDX1	ST8SIA6-AS1	-0.086581	39.36	-3.6E-01	rgb(139,169,231)	1.7674	None
ZFHX2	AB074188	-0.086581	39.36	-3.6E-01	rgb(139,169,231)	1.7674	2,2
ETS1	NCS1	0.086035	39.35	0.348	rgb(221,151,151)	1.7672	None
RFX3	GCH1	0.086035	39.35	0.351	rgb(221,150,151)	1.7672	None
ARNT2	SAP30	0.085489	39.34	0.336	rgb(221,153,154)	1.767	None
EGR3	TTLL7	-0.085489	39.34	-3.4E-01	rgb(142,172,230)	1.767	None
ELF4	PTPN22	-0.085489	39.34	-3.4E-01	rgb(144,172,230)	1.767	None
HSF2	BAIAP3	-0.085489	39.34	-3.4E-01	rgb(144,172,230)	1.767	None
PBX1	MEX3A	0.085489	39.34	0.34	rgb(221,152,153)	1.767	None
RFX2	FAM171B	0.085489	39.34	0.344	rgb(221,151,152)	1.767	None
TFCP2L1	GNG4	0.085489	39.34	0.343	rgb(221,152,152)	1.767	None
TGIF2	WDR17	0.085489	39.34	0.336	rgb(221,153,154)	1.767	None
ZFHX2	DKK3	-0.085489	39.34	-3.4E-01	rgb(143,172,230)	1.767	None
FEV	BC107568	0.084942	39.33	0.33	rgb(221,154,155)	1.7668	2,2
MAFF	MYT1	0.084942	39.33	0.334	rgb(221,153,154)	1.7668	None
NR4A3	SST	0.084942	39.33	0.328	rgb(221,154,155)	1.7668	None
SMAD9	CAMK2N2	0.084942	39.33	0.329	rgb(221,154,155)	1.7668	None
ZNF846	CNTD2	-0.084942	39.33	-3.3E-01	rgb(146,174,229)	1.7668	None
PRDM16	SYNGR3	-0.084396	39.32	-3.2E-01	rgb(147,174,229)	1.7666	None
SMAD9	ASIC1	-0.084396	39.32	-3.2E-01	rgb(147,174,229)	1.7666	None
ZFP82	NCALD	0.084396	39.32	0.322	rgb(221,155,156)	1.7666	None
ARX	SAP30	-0.08385	39.31	-3.1E-01	rgb(151,177,229)	1.7664	None
LMX1B	SCN2A	0.08385	39.31	0.314	rgb(220,157,158)	1.7664	None
NHLH1	WDR17	-0.08385	39.31	-3.1E-01	rgb(149,176,229)	1.7664	None
NKX2-2	BCORL1	-0.08385	39.31	-3.1E-01	rgb(150,176,229)	1.7664	None
PBX1	CIT	0.08385	39.31	0.308	rgb(220,158,159)	1.7664	None
PRDM16	MAPK10	-0.08385	39.31	-3.1E-01	rgb(150,176,229)	1.7664	None
TEAD1	FKBP7	-0.08385	39.31	-3.1E-01	rgb(149,176,229)	1.7664	None
FEV	CELA3B	0.083304	39.3	0.296	rgb(220,160,161)	1.7662	None
NEUROG3	LIMCH1	0.083304	39.3	0.304	rgb(220,159,160)	1.7662	None
ONECUT2	GATA2	-0.083304	39.3	-3.0E-01	rgb(152,177,228)	1.7662	2,2
PRDM16	TSSK4	0.083304	39.3	0.299	rgb(220,160,161)	1.7662	None
RORC	CD99L2	-0.083304	39.3	-3.0E-01	rgb(153,178,228)	1.7662	None
ELF4	GLYATL3	-0.082757	39.29	-2.9E-01	rgb(153,178,228)	1.766	None
MAFB	HES4	0.082757	39.29	0.289	rgb(220,162,162)	1.766	None
MYRF	AX746991	-0.082757	39.29	-2.9E-01	rgb(153,178,228)	1.766	2,2
ARX	APLN	0.082211	39.28	0.282	rgb(220,163,164)	1.7658	None
ASCL2	FER1L6-AS1	-0.082211	39.28	-2.8E-01	rgb(157,181,227)	1.7658	None
ETS1	IFIT1	-0.082211	39.28	-2.8E-01	rgb(157,180,228)	1.7658	None
GATA4	SH3GL1P1	0.082211	39.28	0.278	rgb(220,164,164)	1.7658	2,2
HSF2	LINC00939	0.082211	39.28	0.285	rgb(220,163,163)	1.7658	None
NKX2-2	CAMK2N2	0.082211	39.28	0.281	rgb(220,163,164)	1.7658	None
PRDM16	GATA4	-0.082211	39.28	-2.8E-01	rgb(157,181,227)	1.7658	None
ZNF853	LRRC16B	0.082211	39.28	0.284	rgb(220,163,163)	1.7658	2,2
FOXA1	FGF14	0.081665	39.27	0.268	rgb(220,166,166)	1.7656	None
LHX1	CSF1R	-0.081665	39.27	-2.7E-01	rgb(159,182,227)	1.7656	None
NEUROD1	WNT9A	0.081665	39.27	0.27	rgb(220,165,166)	1.7656	None
PAX6	PLXNC1	-0.081665	39.27	-2.7E-01	rgb(157,181,227)	1.7656	None
ZFHX2	NPAS3	-0.081665	39.27	-2.7E-01	rgb(159,182,227)	1.7656	None
ETS1	CNPY1	-0.081118	39.26	-2.6E-01	rgb(161,183,227)	1.7654	None
ETS1	WDR52	-0.081118	39.26	-2.6E-01	rgb(161,183,227)	1.7654	2,2
PAX6	MANEAL	-0.081118	39.26	-2.6E-01	rgb(160,183,227)	1.7654	None
PDX1	CALCOCO1	-0.081118	39.26	-2.6E-01	rgb(160,182,227)	1.7654	None
TEAD2	BRSK1	0.081118	39.26	0.261	rgb(220,167,168)	1.7654	None
TFCP2L1	NOTUM	0.081118	39.26	0.258	rgb(220,168,168)	1.7654	None
ARX	LINC00939	0.080572	39.25	0.254	rgb(220,168,169)	1.7652	None
EGR3	CLSPN	0.080572	39.25	0.248	rgb(220,170,170)	1.7652	None
ETS1	PLXNC1	0.080572	39.25	0.253	rgb(220,169,169)	1.7652	None
HSF2	TMEM198	-0.080572	39.25	-2.5E-01	rgb(163,184,226)	1.7652	None
LMX1B	CBX7	-0.080572	39.25	-2.5E-01	rgb(164,185,226)	1.7652	None
PDX1	BCL2	-0.080572	39.25	-2.5E-01	rgb(163,184,226)	1.7652	None
PRDM16	NFASC	-0.080572	39.25	-2.5E-01	rgb(162,184,227)	1.7652	None
ADNP	AX747227	-0.080572	39.25	-2.5E-01	rgb(163,184,226)	1.7652	2,2
KCNIP3	H2AFB3	0.080572	39.25	0.248	rgb(220,170,170)	1.7652	2,2
LMX1A	CITED2	0.080026	39.24	0.236	rgb(220,172,172)	1.765	None
MAFF	MYBPC3	0.080026	39.24	0.242	rgb(220,171,171)	1.765	None
PAX4	INHBE	0.080026	39.24	0.241	rgb(220,171,171)	1.765	None
PRDM16	FLT1	-0.080026	39.24	-2.4E-01	rgb(165,185,226)	1.765	None
ZFHX2	RBP2	-0.080026	39.24	-2.4E-01	rgb(165,185,226)	1.765	None
ELF4	DCHS1	-0.07948	39.23	-2.3E-01	rgb(168,187,226)	1.7648	None
LHX1	SHF	-0.07948	39.23	-2.3E-01	rgb(167,187,226)	1.7648	None
PAX4	USP13	0.07948	39.23	0.23	rgb(220,173,174)	1.7648	None
PAX6	SEMA6B	0.07948	39.23	0.231	rgb(220,173,173)	1.7648	None
POU6F1	LZTS1	-0.07948	39.23	-2.3E-01	rgb(166,186,226)	1.7648	None
TEAD1	SGSM1	-0.07948	39.23	-2.3E-01	rgb(166,186,226)	1.7648	None
TEAD2	SMARCA1	-0.07948	39.23	-2.3E-01	rgb(167,186,226)	1.7648	None
ZNF846	PKIA	0.07948	39.23	0.227	rgb(219,174,174)	1.7648	None
NKX6-1	CNTD2	0.078933	39.22	0.218	rgb(219,175,176)	1.7646	None
NR4A2	EFNB3	-0.078933	39.22	-2.2E-01	rgb(169,188,225)	1.7646	None
ONECUT1	CDHR1	0.078933	39.22	0.219	rgb(219,175,176)	1.7646	2,2
SPIB	ASRGL1	-0.078933	39.22	-2.2E-01	rgb(169,188,225)	1.7646	None
TGIF2	CRISPLD2	-0.078933	39.22	-2.2E-01	rgb(170,189,225)	1.7646	None
ELF4	MMD2	-0.078387	39.21	-2.1E-01	rgb(171,189,225)	1.7644	None
PRDM16	ATP6V1G2	-0.078387	39.21	-2.1E-01	rgb(171,189,225)	1.7644	None
CBX2	BC041484	0.078387	39.21	0.21	rgb(219,177,177)	1.7644	2,2
FEV	DNAPTP1	-0.077841	39.2	-2.0E-01	rgb(174,191,225)	1.7642	2,2
MAFF	RGS16	-0.077841	39.2	-2.0E-01	rgb(173,191,225)	1.7642	None
NEUROG3	SFTPA2	0.077841	39.2	0.196	rgb(219,180,180)	1.7642	None
ZFHX2	LSAMP	-0.077841	39.2	-2.0E-01	rgb(174,191,225)	1.7642	None
HSF2	SPC25	0.077294	39.19	0.194	rgb(219,180,180)	1.764	None
NR4A2	RNF157	0.077294	39.19	0.195	rgb(219,180,180)	1.764	None
ELF4	POU6F1	-0.076748	39.18	-1.8E-01	rgb(179,194,224)	1.7638	None
NR4A2	WSCD1	0.076748	39.18	0.185	rgb(219,182,182)	1.7638	None
ARNT2	NOXO1	0.076202	39.17	0.173	rgb(219,184,184)	1.7636	None
ELF4	DNAJC12	-0.076202	39.17	-1.7E-01	rgb(180,195,223)	1.7636	None
ARX	NPW	-0.075656	39.16	-1.6E-01	rgb(181,195,223)	1.7634	None
GATA4	FSD1	0.075656	39.16	0.165	rgb(219,186,186)	1.7634	None
PAX4	CITED2	-0.075656	39.16	-1.6E-01	rgb(182,196,223)	1.7634	None
ZNF117	LOC100652999	0.075656	39.16	0.163	rgb(219,186,186)	1.7634	2,2
SOX4	MAP1B	0.075109	39.15	0.152	rgb(219,188,188)	1.7632	None
HSF2	CELSR3	-0.074563	39.14	-1.4E-01	rgb(187,199,222)	1.763	None
ZNF492	KCNH7	-0.074563	39.14	-1.4E-01	rgb(186,198,222)	1.763	None
TEAD1	CELF4	0.074017	39.13	0.126	rgb(218,193,193)	1.7628	None
ZNF492	HERC5	-0.074017	39.13	-1.3E-01	rgb(188,199,222)	1.7628	None
GATA2	CDHR3	0.07347	39.12	0.125	rgb(218,193,193)	1.7626	None
LMX1A	FGF14	-0.07347	39.12	-1.2E-01	rgb(191,201,222)	1.7626	None
LMX1B	CELF4	0.07347	39.12	0.124	rgb(218,193,193)	1.7626	None
ARX	AGT	-0.072924	39.11	-1.1E-01	rgb(192,202,221)	1.7624	None
PAX6	KCNJ6	-0.072924	39.11	-1.1E-01	rgb(194,203,221)	1.7624	None
HSF2	SYN1	-0.072378	39.1	-1.0E-01	rgb(194,203,221)	1.7622	None
NFAT5	TCEAL1	0.072378	39.1	0.102	rgb(218,197,198)	1.7622	None
SMAD9	INSM1	-0.072378	39.1	-1.0E-01	rgb(194,203,221)	1.7622	None
TEAD1	ABCA9	-0.072378	39.1	-1.0E-01	rgb(194,203,221)	1.7622	None
ZNF846	MYT1	-0.072378	39.1	-9.9E-02	rgb(195,204,221)	1.7622	None
EGR3	OSBPL6	0.071832	39.09	0.091	rgb(218,200,200)	1.762	None
ELF4	UBL5	-0.071832	39.09	-8.9E-02	rgb(198,205,220)	1.762	None
ETS1	MMD2	-0.071832	39.09	-9.4E-02	rgb(197,205,221)	1.762	None
GATA4	LRAT	0.071832	39.09	0.093	rgb(218,199,199)	1.762	None
MAFA	CADM3	-0.071832	39.09	-9.5E-02	rgb(196,204,221)	1.762	None
PDX1	SH3RF3	0.071832	39.09	0.089	rgb(218,200,200)	1.762	None
RORC	RCOR2	-0.071832	39.09	-9.3E-02	rgb(197,205,221)	1.762	None
RORC	SCGB1C1	0.071832	39.09	0.088	rgb(218,200,200)	1.762	None
TEAD1	GPR112	-0.071832	39.09	-8.7E-02	rgb(198,205,220)	1.762	2,2
GATA2	GCG	0.071285	39.08	0.083	rgb(218,201,201)	1.7618	None
ONECUT3	SIDT1	0.071285	39.08	0.078	rgb(218,202,202)	1.7618	None
RORC	TSPAN7	-0.071285	39.08	-8.3E-02	rgb(199,206,220)	1.7618	None
TEAD2	GLT8D2	-0.071285	39.08	-8.2E-02	rgb(199,206,220)	1.7618	None
ASCL1	CBFA2T3	0.070739	39.07	0.072	rgb(218,203,203)	1.7616	None
NKX2-2	CLSPN	-0.070739	39.07	-7.2E-02	rgb(201,207,220)	1.7616	None
ZNF492	CXXC4	-0.070739	39.07	-7.4E-02	rgb(201,207,220)	1.7616	None
MAFA	LINC00310	0.070193	39.06	0.062	rgb(218,205,205)	1.7614	None
NEUROD1	ATOH8	-0.070193	39.06	-5.8E-02	rgb(204,209,219)	1.7614	None
LMX1A	RIMBP2	-0.069646	39.05	-4.9E-02	rgb(206,211,219)	1.7612	None
LMX1A	ST6GALNAC5	-0.069646	39.05	-4.9E-02	rgb(206,211,219)	1.7612	None
PBX1	HCP5	0.069646	39.05	0.052	rgb(218,207,207)	1.7612	None
FOXA1	NALCN	0.0691	39.04	0.041	rgb(217,209,209)	1.761	None
GATA2	FOXP2	0.0691	39.04	0.037	rgb(217,210,210)	1.761	None
LMX1B	FJX1	0.0691	39.04	0.041	rgb(217,209,209)	1.761	None
SPIB	RSPH4A	-0.0691	39.04	-4.2E-02	rgb(208,211,219)	1.761	None
LMX1B	ZFP28	0.068554	39.03	0.033	rgb(217,211,211)	1.7608	None
NKX2-2	CTAGE15	-0.068554	39.03	-2.6E-02	rgb(211,214,218)	1.7608	2,2
NR4A2	LTF	0.068554	39.03	0.025	rgb(217,212,212)	1.7608	None
LMX1B	PCSK1	-0.068008	39.02	-1.6E-02	rgb(214,215,218)	1.7606	None
ONECUT2	RPLP0P2	0.068008	39.02	0.021	rgb(217,213,213)	1.7606	None
RFX6	MX2	-0.068008	39.02	-1.6E-02	rgb(213,215,218)	1.7606	None
ETS1	SLC18A1	-0.067461	39.01	-7.0E-03	rgb(215,216,217)	1.7604	None
HHEX	NFASC	-0.067461	39.01	-1.4E-02	rgb(214,215,218)	1.7604	None
ONECUT1	COL12A1	0.067461	39.01	0.015	rgb(217,214,214)	1.7604	None
RFX6	RSPH4A	-0.067461	39.01	-6.6E-03	rgb(216,216,217)	1.7604	None
TEAD1	KCNH3	-0.067461	39.01	-1.4E-02	rgb(214,215,218)	1.7604	None
ZNF382	SULT2A1	0.066915	38.77	0.768	rgb(225, 70, 72)	1.7556	None
LHX1	PPP1R14A	-0.06632	38.76	-7.6E-01	rgb( 52,117,246)	1.7554	None
NEUROD1	ITPR1	0.06632	38.76	0.764	rgb(225, 71, 73)	1.7554	None
ARX	C1QL1	-0.065725	38.75	-7.5E-01	rgb( 55,119,245)	1.7552	None
TFCP2L1	RAB4B-EGLN2	-0.065129	38.71	-7.1E-01	rgb( 64,124,244)	1.7544	None
ZNF382	NEUROG3	0.065129	38.71	0.713	rgb(225, 81, 82)	1.7544	2,2
PDX1	ELAVL4	-0.064534	38.69	-6.9E-01	rgb( 66,125,243)	1.754	None
MAFA	UNC5D	-0.063939	38.68	-6.8E-01	rgb( 70,128,243)	1.7538	None
ETS1	SLC25A53	0.063344	38.67	0.669	rgb(224, 89, 91)	1.7536	None
NFAT5	AK057596	0.063344	38.67	0.667	rgb(224, 90, 91)	1.7536	2,2
PAX6	GNAO1	-0.062748	38.66	-6.6E-01	rgb( 74,130,242)	1.7534	None
PAX6	PELI3	-0.062748	38.66	-6.6E-01	rgb( 74,130,242)	1.7534	None
NKX6-1	KIRREL3	-0.062153	38.65	-6.5E-01	rgb( 77,132,242)	1.7532	None
ZFP28	RNF157	-0.062153	38.65	-6.5E-01	rgb( 76,131,242)	1.7532	None
EGR3	PMP22	-0.061558	38.64	-6.4E-01	rgb( 78,132,241)	1.753	None
PAX6	ATF7IP	0.061558	38.64	0.637	rgb(224, 95, 97)	1.753	None
PBX1	COL21A1	0.061558	38.64	0.636	rgb(224, 96, 97)	1.753	None
RFX2	MPP2	0.061558	38.64	0.641	rgb(224, 94, 96)	1.753	None
ETS1	LRRN2	0.060963	38.63	0.627	rgb(224, 97, 98)	1.7528	None
FOXP2	BCAT1	-0.060963	38.63	-6.3E-01	rgb( 80,133,241)	1.7528	None
RFX6	LOC100131257	0.060963	38.63	0.627	rgb(224, 97, 98)	1.7528	None
TEAD2	HMGB3	-0.060963	38.63	-6.3E-01	rgb( 81,134,241)	1.7528	None
HSF2	TUBB3	0.060367	38.62	0.622	rgb(224, 98, 99)	1.7526	None
NKX2-2	SLC25A53	-0.060367	38.62	-6.2E-01	rgb( 83,135,241)	1.7526	None
ONECUT1	JX088243	0.060367	38.62	0.623	rgb(224, 98, 99)	1.7526	2,2
NHLH1	ATP1A3	-0.059772	38.6	-6.0E-01	rgb( 88,138,240)	1.7522	None
SOX4	GATA4	-0.059177	38.59	-5.9E-01	rgb( 89,139,239)	1.752	None
TEAD1	GOLGA6L5	-0.059177	38.59	-5.9E-01	rgb( 89,139,239)	1.752	2,2
EGR3	CDKN1A	-0.058582	38.58	-5.8E-01	rgb( 92,141,239)	1.7518	None
MAFB	S100A1	0.058582	38.58	0.578	rgb(223,107,108)	1.7518	None
NKX2-2	UBL5	0.058582	38.58	0.583	rgb(223,106,107)	1.7518	None
TFCP2L1	ELF4	-0.058582	38.58	-5.8E-01	rgb( 91,140,239)	1.7518	None
SOX4	DLC1	0.057986	38.57	0.57	rgb(223,108,109)	1.7516	None
TGIF2	CRY2	0.057986	38.57	0.574	rgb(223,107,108)	1.7516	None
ARNT2	FTCD	0.057391	38.56	0.556	rgb(223,111,112)	1.7514	None
ASCL2	FLT1	-0.057391	38.56	-5.6E-01	rgb( 97,144,238)	1.7514	None
ETS1	TRIM24	0.057391	38.56	0.56	rgb(223,110,111)	1.7514	None
HIC1	ZFR2	-0.057391	38.56	-5.6E-01	rgb( 95,143,238)	1.7514	2,2
HIF1A	CR627394	-0.057391	38.56	-5.6E-01	rgb( 97,144,238)	1.7514	2,2
MYRF	AK302511	-0.057391	38.56	-5.6E-01	rgb( 95,143,238)	1.7514	2,2
TFCP2L1	ADD2	0.057391	38.56	0.558	rgb(223,110,112)	1.7514	None
TFCP2L1	TFPI2	0.057391	38.56	0.556	rgb(223,111,112)	1.7514	None
TEAD1	CD96	-0.056796	38.55	-5.5E-01	rgb( 98,145,238)	1.7512	None
NEUROG3	PRICKLE2	0.056201	38.54	0.54	rgb(223,114,115)	1.751	None
GATA4	SAMD11	0.055605	38.53	0.534	rgb(223,115,116)	1.7508	None
HSF2	PYY	-0.055605	38.53	-5.3E-01	rgb(103,147,237)	1.7508	None
NR4A2	RPRML	-0.055605	38.53	-5.3E-01	rgb(101,147,237)	1.7508	None
ONECUT1	SLC38A5	0.055605	38.53	0.534	rgb(223,115,116)	1.7508	None
RFX6	TMEM158	0.055605	38.53	0.527	rgb(223,116,117)	1.7508	None
GATA2	NAV3	0.05501	38.52	0.516	rgb(223,118,119)	1.7506	None
NKX2-2	CCDC162P	-0.05501	38.52	-5.2E-01	rgb(105,149,237)	1.7506	None
ONECUT1	MIR137HG	0.05501	38.52	0.52	rgb(223,118,119)	1.7506	None
ONECUT3	TOX	-0.05501	38.52	-5.2E-01	rgb(103,148,237)	1.7506	None
PDX1	CNGA3	0.05501	38.52	0.517	rgb(223,118,119)	1.7506	None
MYT1	AX747090	0.05501	38.52	0.519	rgb(223,118,119)	1.7506	2,2
ASCL2	DENND2A	-0.054415	38.51	-5.1E-01	rgb(107,150,236)	1.7504	None
LMX1B	CDKN1C	-0.054415	38.51	-5.1E-01	rgb(107,150,236)	1.7504	None
NR4A2	LINC00907	-0.054415	38.51	-5.1E-01	rgb(107,150,236)	1.7504	2,2
NR4A2	SIDT1	0.054415	38.51	0.515	rgb(223,119,120)	1.7504	None
LMX1B	EVL	0.05382	38.5	0.495	rgb(222,122,123)	1.7502	None
MAFA	AK054990	0.05382	38.5	0.499	rgb(222,122,123)	1.7502	2,2
FOXA1	SIM1	0.053225	38.49	0.487	rgb(222,124,125)	1.7499	None
LMX1B	PGM5	0.053225	38.49	0.489	rgb(222,124,125)	1.7499	None
ONECUT1	ADNP	0.053225	38.49	0.485	rgb(222,124,125)	1.7499	None
PAX6	CBFA2T3	-0.053225	38.49	-4.9E-01	rgb(111,153,235)	1.7499	None
ZFHX2	ASCL1	-0.053225	38.49	-4.9E-01	rgb(112,153,235)	1.7499	2,2
ETV1	RFX3	-0.052629	38.48	-4.8E-01	rgb(112,153,235)	1.7497	None
MAFB	TSPAN11	0.052629	38.48	0.484	rgb(222,125,125)	1.7497	None
POU2F2	STMND1	0.052629	38.48	0.482	rgb(222,125,126)	1.7497	None
SMAD9	DSCAML1	0.052629	38.48	0.481	rgb(222,125,126)	1.7497	None
FOXA2	TEAD1	0.052034	38.47	0.471	rgb(222,127,128)	1.7495	None
FOXP2	CD99L2	-0.052034	38.47	-4.7E-01	rgb(115,155,235)	1.7495	None
MYRF	CCDC146	-0.052034	38.47	-4.7E-01	rgb(116,155,235)	1.7495	None
NKX2-2	AX748285	-0.052034	38.47	-4.7E-01	rgb(116,155,235)	1.7495	2,2
RFX2	KLHL32	0.052034	38.47	0.467	rgb(222,128,129)	1.7495	None
ZNF846	TMEM190	-0.052034	38.47	-4.7E-01	rgb(115,155,235)	1.7495	None
FEV	FSD1	0.051439	38.46	0.459	rgb(222,129,130)	1.7493	None
HSF2	SNED1	-0.051439	38.46	-4.6E-01	rgb(116,156,235)	1.7493	None
LMX1A	PGM5	-0.051439	38.46	-4.6E-01	rgb(118,157,234)	1.7493	None
LTF	AK128559	0.051439	38.46	0.459	rgb(222,129,130)	1.7493	2,2
MAFB	HDAC7	0.051439	38.46	0.459	rgb(222,129,130)	1.7493	None
ONECUT3	BC041484	-0.051439	38.46	-4.6E-01	rgb(118,157,234)	1.7493	2,2
TEAD1	MFAP2	-0.051439	38.46	-4.6E-01	rgb(116,156,235)	1.7493	2,2
ZFP28	SHC3	-0.051439	38.46	-4.6E-01	rgb(118,157,234)	1.7493	None
ARNT2	SSTR3	-0.050844	38.45	-4.5E-01	rgb(119,158,234)	1.7491	None
PBX1	DLC1	-0.050844	38.45	-4.5E-01	rgb(119,158,234)	1.7491	None
POU6F1	FGF9	-0.050844	38.45	-4.5E-01	rgb(119,157,234)	1.7491	None
SOX4	KCNB2	-0.050844	38.45	-4.5E-01	rgb(119,158,234)	1.7491	None
TFCP2L1	MRPL34	0.050844	38.45	0.446	rgb(222,132,133)	1.7491	None
ELF4	FTCD	-0.050248	38.44	-4.4E-01	rgb(121,159,234)	1.7489	None
INSM1	AKNA	0.050248	38.44	0.443	rgb(222,132,133)	1.7489	None
PDX1	MIR7-3HG	0.050248	38.44	0.44	rgb(222,133,134)	1.7489	None
ARX	PRKCG	0.049653	38.43	0.427	rgb(222,135,136)	1.7487	None
GATA4	FOXA1	0.049653	38.43	0.428	rgb(222,135,136)	1.7487	None
LMX1A	CLSPN	0.049653	38.43	0.43	rgb(222,135,136)	1.7487	None
ZFHX2	FAM181B	-0.049653	38.43	-4.3E-01	rgb(125,161,233)	1.7487	2,2
ZNF846	MAP2	-0.049653	38.43	-4.3E-01	rgb(125,161,233)	1.7487	None
CBX2	AB007962	0.049653	38.43	0.433	rgb(222,134,135)	1.7487	2,2
NEUROD1	GABRB3	0.049058	38.42	0.415	rgb(222,138,139)	1.7485	2,2
NKX2-2	RPS14P3	0.049058	38.42	0.422	rgb(222,136,137)	1.7485	2,2
ONECUT3	FOXA1	-0.049058	38.42	-4.2E-01	rgb(126,162,233)	1.7485	None
PBX1	CR627225	0.049058	38.42	0.423	rgb(222,136,137)	1.7485	2,2
PRDM16	QSOX2	0.049058	38.42	0.421	rgb(222,137,137)	1.7485	None
ATF6	RBPMS	0.048463	38.41	0.414	rgb(222,138,139)	1.7483	None
EGR3	FEV	-0.048463	38.41	-4.1E-01	rgb(127,163,233)	1.7483	None
ETS1	HMGB3	0.048463	38.41	0.41	rgb(222,139,139)	1.7483	None
NKX2-2	CELF5	-0.048463	38.41	-4.1E-01	rgb(129,163,232)	1.7483	None
PDX1	METTL21EP	-0.048463	38.41	-4.1E-01	rgb(128,163,233)	1.7483	None
PRDM16	RTN4RL1	-0.048463	38.41	-4.1E-01	rgb(128,163,233)	1.7483	None
GATA2	AK124194	0.047867	38.4	0.397	rgb(221,141,142)	1.7481	2,2
GATA6	DPEP1	0.047867	38.4	0.396	rgb(221,141,142)	1.7481	None
NKX2-2	ABCA9	-0.047867	38.4	-4.0E-01	rgb(130,164,232)	1.7481	None
NR4A2	AL117485	0.047867	38.4	0.399	rgb(221,141,142)	1.7481	2,2
RFX3	RGS14	0.047867	38.4	0.401	rgb(221,140,141)	1.7481	None
SPIB	TMEM145	0.047867	38.4	0.4	rgb(221,141,141)	1.7481	None
EGR3	ZFP2	-0.047272	38.39	-3.9E-01	rgb(133,166,232)	1.7479	None
ETV1	GPC2	-0.047272	38.39	-3.9E-01	rgb(133,166,232)	1.7479	None
FEV	MUC5B	-0.047272	38.39	-3.9E-01	rgb(132,165,232)	1.7479	None
LHX1	TMEM212	-0.047272	38.39	-3.9E-01	rgb(132,166,232)	1.7479	None
FEV	HIC1	-0.046677	38.38	-3.8E-01	rgb(134,167,232)	1.7477	None
NFAT5	CSH2	-0.046677	38.38	-3.8E-01	rgb(134,166,232)	1.7477	2,2
NR4A2	VWA5B2	0.046677	38.38	0.385	rgb(221,143,144)	1.7477	None
PBX1	CORO2B	0.046677	38.38	0.377	rgb(221,145,146)	1.7477	None
ZFP82	TSNAX-DISC1	0.046677	38.38	0.378	rgb(221,145,146)	1.7477	None
ATF5	NKD1	0.046082	38.37	0.367	rgb(221,147,148)	1.7475	None
ATF6	TAC1	0.046082	38.37	0.367	rgb(221,147,148)	1.7475	2,2
EGR3	MEX3B	-0.046082	38.37	-3.7E-01	rgb(137,168,231)	1.7475	None
GATA4	CTTNBP2	0.046082	38.37	0.366	rgb(221,147,148)	1.7475	None
GATA4	ENPP1	0.046082	38.37	0.367	rgb(221,147,148)	1.7475	None
RFX6	MAPK8IP2	0.046082	38.37	0.365	rgb(221,147,148)	1.7475	2,2
ZFP82	EVA1A	-0.046082	38.37	-3.7E-01	rgb(136,168,231)	1.7475	None
ZNF492	CADM2	-0.046082	38.37	-3.7E-01	rgb(137,169,231)	1.7475	None
ELF4	DPEP1	0.045486	38.36	0.365	rgb(221,147,148)	1.7473	None
FEV	HCP5	0.045486	38.36	0.364	rgb(221,148,148)	1.7473	None
GATA6	VWA5B2	-0.045486	38.36	-3.6E-01	rgb(138,169,231)	1.7473	None
PDX1	ZG16	0.045486	38.36	0.356	rgb(221,149,150)	1.7473	None
ZFP28	IFI44L	-0.045486	38.36	-3.6E-01	rgb(138,169,231)	1.7473	None
GRHL3	AX748285	-0.045486	38.36	-3.6E-01	rgb(139,170,231)	1.7473	2,2
ZBTB4	PCDH11X	0.045486	38.36	0.358	rgb(221,149,149)	1.7473	2,2
FEV	RGS5	0.044891	38.35	0.35	rgb(221,150,151)	1.7471	None
GATA4	GPR162	0.044891	38.35	0.354	rgb(221,149,150)	1.7471	None
NKX2-2	DOK6	-0.044891	38.35	-3.5E-01	rgb(141,171,230)	1.7471	None
PDX1	PCBP4	-0.044891	38.35	-3.5E-01	rgb(142,171,230)	1.7471	None
ZFP82	SPINK4	-0.044891	38.35	-3.5E-01	rgb(141,171,230)	1.7471	None
EGR3	MAFF	0.044296	38.34	0.335	rgb(221,153,154)	1.7469	None
GATA2	NHSL2	0.044296	38.34	0.338	rgb(221,152,153)	1.7469	None
GATA6	ACOT7	-0.044296	38.34	-3.4E-01	rgb(142,172,230)	1.7469	None
HIF1A	ALAS2	-0.044296	38.34	-3.4E-01	rgb(144,172,230)	1.7469	None
LMX1B	MDK	0.044296	38.34	0.337	rgb(221,153,153)	1.7469	None
MAFF	AK124970	-0.044296	38.34	-3.4E-01	rgb(143,172,230)	1.7469	2,2
RFX2	NEGR1	0.044296	38.34	0.343	rgb(221,152,152)	1.7469	None
ELF4	GNG2	-0.043701	38.33	-3.3E-01	rgb(145,173,230)	1.7467	None
GATA2	PTPRN2	0.043701	38.33	0.33	rgb(221,154,155)	1.7467	None
MAFA	SAP30	0.043701	38.33	0.33	rgb(221,154,155)	1.7467	None
ZNF846	SRCIN1	-0.043701	38.33	-3.3E-01	rgb(145,173,230)	1.7467	None
ELF4	SYNGR3	0.043105	38.32	0.32	rgb(221,156,156)	1.7465	None
HSF2	GPR162	-0.043105	38.32	-3.2E-01	rgb(147,174,229)	1.7465	None
PBX1	NFASC	-0.043105	38.32	-3.2E-01	rgb(148,175,229)	1.7465	None
PRDM16	PCBP4	-0.043105	38.32	-3.2E-01	rgb(147,174,229)	1.7465	None
TFCP2L1	TUBB4A	0.043105	38.32	0.315	rgb(220,157,157)	1.7465	2,2
ELF4	CCDC40	-0.04251	38.31	-3.1E-01	rgb(150,176,229)	1.7463	None
PDX1	PAPPA2	0.04251	38.31	0.311	rgb(220,158,158)	1.7463	None
RFX2	LSAMP	0.04251	38.31	0.305	rgb(220,159,159)	1.7463	None
TFCP2L1	FUT7	0.04251	38.31	0.313	rgb(220,157,158)	1.7463	None
ZFP82	JAZF1	0.04251	38.31	0.306	rgb(220,159,159)	1.7463	None
NKX2-2	STXBP1	-0.041915	38.3	-3.0E-01	rgb(152,178,228)	1.7461	None
SIM1	GPR83	0.041915	38.3	0.303	rgb(220,159,160)	1.7461	2,2
ELF4	TCEAL1	0.04132	38.29	0.288	rgb(220,162,163)	1.7459	None
ETV1	SULT1C2P1	-0.04132	38.29	-2.9E-01	rgb(154,178,228)	1.7459	None
GATA4	MUC15	-0.04132	38.29	-2.9E-01	rgb(153,178,228)	1.7459	None
NKX2-2	BOC	-0.04132	38.29	-2.9E-01	rgb(155,179,228)	1.7459	None
ZFP82	TMEM132C	0.04132	38.29	0.286	rgb(220,162,163)	1.7459	None
ZNF492	MUC5B	0.04132	38.29	0.292	rgb(220,161,162)	1.7459	None
ZNF846	CPLX2	-0.04132	38.29	-2.9E-01	rgb(155,179,228)	1.7459	None
MXI1	MMD2	-0.040725	38.28	-2.8E-01	rgb(156,180,228)	1.7457	None
MYRF	AK094909	-0.040725	38.28	-2.8E-01	rgb(156,180,228)	1.7457	2,2
NR4A2	SSTR5	-0.040725	38.28	-2.8E-01	rgb(157,180,228)	1.7457	None
ONECUT3	DENND2A	-0.040725	38.28	-2.8E-01	rgb(156,180,228)	1.7457	None
ZFHX2	GPR64	-0.040725	38.28	-2.8E-01	rgb(156,180,228)	1.7457	2,2
ETV1	TEKT2	0.040129	38.27	0.27	rgb(220,165,166)	1.7455	None
ISL1	ZNF492	0.040129	38.27	0.269	rgb(220,166,166)	1.7455	2,2
MAFA	MPP1	0.040129	38.27	0.267	rgb(220,166,167)	1.7455	None
NR4A2	CELA3B	0.040129	38.27	0.269	rgb(220,166,166)	1.7455	None
RFX2	SYT5	0.040129	38.27	0.267	rgb(220,166,167)	1.7455	None
TFCP2L1	AK123314	0.040129	38.27	0.275	rgb(220,164,165)	1.7455	2,2
ZNF846	FJX1	0.040129	38.27	0.27	rgb(220,166,166)	1.7455	None
ZNF846	SLC7A14	-0.040129	38.27	-2.7E-01	rgb(159,182,227)	1.7455	None
ZFP2	LOC100216546	-0.040129	38.27	-2.7E-01	rgb(159,182,227)	1.7455	2,2
ARX	NEFL	0.039534	38.26	0.264	rgb(220,166,167)	1.7453	None
ELF4	EPM2A	-0.039534	38.26	-2.6E-01	rgb(160,182,227)	1.7453	None
HSF2	IFIT1	-0.039534	38.26	-2.6E-01	rgb(160,182,227)	1.7453	None
LMX1A	NFAT5	0.039534	38.26	0.261	rgb(220,167,168)	1.7453	None
PAX6	GPC2	-0.039534	38.26	-2.6E-01	rgb(161,183,227)	1.7453	None
PRDM16	PPP1R16B	-0.039534	38.26	-2.6E-01	rgb(161,183,227)	1.7453	None
TP73	AX746617	-0.039534	38.26	-2.6E-01	rgb(161,183,227)	1.7453	2,2
ATF5	RGS9	0.038939	38.25	0.249	rgb(220,169,170)	1.7451	None
GATA2	PBX1	0.038939	38.25	0.255	rgb(220,168,169)	1.7451	None
LHX1	MAP6	-0.038939	38.25	-2.5E-01	rgb(163,184,226)	1.7451	None
LMX1B	ST8SIA6-AS1	0.038939	38.25	0.245	rgb(220,170,171)	1.7451	None
LMX1B	WDR17	0.038939	38.25	0.253	rgb(220,169,169)	1.7451	None
NEUROD1	AK311257	0.038939	38.25	0.246	rgb(220,170,170)	1.7451	2,2
PAX4	RNF157	0.038939	38.25	0.25	rgb(220,169,170)	1.7451	None
PBX1	CD99L2	0.038939	38.25	0.252	rgb(220,169,169)	1.7451	None
ZNF846	CRLF1	0.038939	38.25	0.249	rgb(220,169,170)	1.7451	None
ARX	OCLM	0.038344	38.24	0.236	rgb(220,172,172)	1.7449	2,2
EGR3	CAMK2N2	0.038344	38.24	0.236	rgb(220,172,172)	1.7449	None
GATA6	UCN3	0.038344	38.24	0.241	rgb(220,171,171)	1.7449	None
TEAD2	KCNJ2	-0.038344	38.24	-2.4E-01	rgb(164,185,226)	1.7449	None
LMX1B	MMP11	-0.037748	38.23	-2.3E-01	rgb(168,187,226)	1.7447	None
GATA2	SCN1B	0.037153	38.22	0.22	rgb(219,175,175)	1.7445	None
LMX1B	FAM135B	0.037153	38.22	0.22	rgb(219,175,175)	1.7445	None
MAFB	GGT5	-0.037153	38.22	-2.2E-01	rgb(170,189,225)	1.7445	None
PRDM16	FEV	-0.037153	38.22	-2.2E-01	rgb(170,188,225)	1.7445	None
SMAD9	MAFF	0.037153	38.22	0.223	rgb(219,174,175)	1.7445	None
ATF6	NR4A3	-0.036558	38.21	-2.1E-01	rgb(171,189,225)	1.7443	None
ETV1	LOC100272216	-0.036558	38.21	-2.1E-01	rgb(172,189,225)	1.7443	2,2
LMX1A	PYY	-0.036558	38.21	-2.1E-01	rgb(172,189,225)	1.7443	None
NKX2-2	SLC16A12	0.036558	38.21	0.207	rgb(219,177,178)	1.7443	None
ONECUT2	SPINK4	0.036558	38.21	0.205	rgb(219,178,178)	1.7443	None
RFX2	RGS14	0.036558	38.21	0.212	rgb(219,176,177)	1.7443	None
RFX3	MMRN1	0.036558	38.21	0.206	rgb(219,178,178)	1.7443	None
ZFHX2	KSR2	-0.036558	38.21	-2.1E-01	rgb(171,189,225)	1.7443	None
ETS1	RGS11	0.035963	38.2	0.195	rgb(219,180,180)	1.7441	None
HOXB9	IFI44	0.035963	38.2	0.196	rgb(219,180,180)	1.7441	None
HOXB9	IGFN1	0.035963	38.2	0.202	rgb(219,178,179)	1.7441	None
NR4A3	GRB14	-0.035963	38.2	-2.0E-01	rgb(173,190,225)	1.7441	None
FOXA2	TSPAN11	-0.035367	38.19	-1.9E-01	rgb(176,192,224)	1.7439	None
HSF2	MAST1	-0.035367	38.19	-1.9E-01	rgb(175,192,224)	1.7439	None
PDX1	TSPAN11	-0.035367	38.19	-1.9E-01	rgb(175,192,224)	1.7439	None
RFX6	NALCN	0.035367	38.19	0.188	rgb(219,181,181)	1.7439	None
SPIB	ANKRD65	0.035367	38.19	0.189	rgb(219,181,181)	1.7439	None
MAFA	SV2B	0.034772	38.18	0.178	rgb(219,183,183)	1.7437	None
PBX1	SSBP2	-0.034772	38.18	-1.8E-01	rgb(178,193,224)	1.7437	None
PDX1	PBOV1	-0.034772	38.18	-1.8E-01	rgb(178,193,224)	1.7437	None
ZFP62	ANP32A-IT1	0.034772	38.18	0.184	rgb(219,182,182)	1.7437	2,2
ETS1	KNDC1	0.034177	38.17	0.166	rgb(219,185,186)	1.7435	None
GATA4	PALMD	0.034177	38.17	0.169	rgb(219,185,185)	1.7435	None
MAFA	KCNMB2	0.034177	38.17	0.168	rgb(219,185,185)	1.7435	None
RFX2	WDR17	0.034177	38.17	0.167	rgb(219,185,185)	1.7435	None
ZNF846	CAMK2N2	-0.034177	38.17	-1.7E-01	rgb(181,195,223)	1.7435	None
ELF4	PGM5	-0.033582	38.15	-1.5E-01	rgb(184,197,223)	1.7431	None
FOXP2	S100A1	-0.033582	38.15	-1.5E-01	rgb(184,197,223)	1.7431	None
PDX1	CBFA2T3	-0.033582	38.15	-1.5E-01	rgb(184,197,223)	1.7431	None
EGR3	OGFRL1	-0.032986	38.14	-1.4E-01	rgb(186,198,222)	1.7429	None
GATA2	COL12A1	0.032986	38.14	0.143	rgb(219,190,190)	1.7429	None
GATA4	KCNE4	-0.032986	38.14	-1.4E-01	rgb(187,199,222)	1.7429	None
MAFF	EPM2A	-0.032986	38.14	-1.4E-01	rgb(187,199,222)	1.7429	None
NR4A2	CALCOCO1	0.032986	38.14	0.145	rgb(219,189,190)	1.7429	None
PRDM16	TUBA3FP	-0.032986	38.14	-1.4E-01	rgb(186,198,222)	1.7429	None
ZFHX2	SCG5	-0.032986	38.14	-1.4E-01	rgb(186,198,222)	1.7429	None
FEV	NPM2	0.032391	38.13	0.134	rgb(218,192,192)	1.7427	None
FOXA2	ABCC4	0.032391	38.13	0.13	rgb(218,192,192)	1.7427	None
MLXIPL	PPP1R3C	-0.032391	38.13	-1.3E-01	rgb(189,200,222)	1.7427	None
ASCL1	CADM3	0.031796	38.11	0.112	rgb(218,196,196)	1.7423	None
GATA4	FAM106CP	0.031796	38.11	0.115	rgb(218,195,195)	1.7423	2,2
LMX1A	TFCP2L1	0.031796	38.11	0.106	rgb(218,197,197)	1.7423	None
ONECUT1	DGKB	0.031796	38.11	0.114	rgb(218,195,195)	1.7423	None
ONECUT1	ZFHX2	0.031796	38.11	0.108	rgb(218,196,197)	1.7423	None
ONECUT3	AK125301	0.031796	38.11	0.114	rgb(218,195,195)	1.7423	2,2
ATF5	IL17C	-0.031201	38.1	-1.0E-01	rgb(195,203,221)	1.7421	None
GLIS2	AX747826	-0.031201	38.1	-9.8E-02	rgb(196,204,221)	1.7421	2,2
LMX1B	SPC25	0.031201	38.1	0.095	rgb(218,199,199)	1.7421	None
NEUROG3	LOC283335	-0.030605	38.09	-9.1E-02	rgb(197,205,220)	1.7419	None
NHLH1	ZDHHC8P1	0.030605	38.09	0.094	rgb(218,199,199)	1.7419	None
NKX2-2	AMBP	-0.030605	38.09	-8.5E-02	rgb(199,206,220)	1.7419	None
PAX4	TCTEX1D4	-0.030605	38.09	-9.0E-02	rgb(197,205,220)	1.7419	None
RFX2	DDC	0.030605	38.09	0.088	rgb(218,200,200)	1.7419	None
ZFHX2	TOX3	0.030605	38.09	0.093	rgb(218,199,199)	1.7419	None
ELF4	HERC5	-0.03001	38.08	-8.0E-02	rgb(200,206,220)	1.7417	None
PDX1	GRHL3	-0.03001	38.08	-7.5E-02	rgb(201,207,220)	1.7417	None
TEAD1	LINC00890	-0.03001	38.08	-7.6E-02	rgb(200,207,220)	1.7417	2,2
LMX1B	RTN4RL1	-0.029415	38.07	-7.1E-02	rgb(202,208,220)	1.7415	None
MAFF	ABCA9	-0.029415	38.07	-6.6E-02	rgb(203,208,219)	1.7415	None
PAX6	DPP10	-0.02882	38.06	-6.0E-02	rgb(204,209,219)	1.7413	None
PDX1	LMX1B	0.02882	38.06	0.06	rgb(218,206,206)	1.7413	None
RORC	SUSD2	0.02882	38.06	0.057	rgb(218,206,206)	1.7413	None
SPIB	FER1L6-AS1	0.02882	38.06	0.058	rgb(218,206,206)	1.7413	None
MYT1	CRISPLD1	0.02882	38.06	0.06	rgb(218,205,206)	1.7413	2,2
ETS1	SEMA6B	0.028225	38.05	0.048	rgb(218,208,208)	1.7411	None
ETS1	VGF	-0.028225	38.05	-4.7E-02	rgb(207,211,219)	1.7411	None
MAFF	DLL4	-0.028225	38.05	-4.7E-02	rgb(207,211,219)	1.7411	None
NR4A3	CFH	0.028225	38.05	0.051	rgb(218,207,207)	1.7411	2,2
RFX2	FAM161A	0.028225	38.05	0.05	rgb(218,207,208)	1.7411	None
RFX3	VGF	-0.028225	38.05	-5.3E-02	rgb(206,210,219)	1.7411	None
ZFHX2	KCNJ2	-0.028225	38.05	-4.6E-02	rgb(207,211,219)	1.7411	None
FEV	JAKMIP2	0.027629	38.04	0.041	rgb(217,209,209)	1.7409	None
NR4A2	GLIS2	-0.027629	38.04	-4.0E-02	rgb(208,212,219)	1.7409	None
NR4A2	MCOLN3	0.027629	38.04	0.042	rgb(217,209,209)	1.7409	None
ELF4	SYNM	-0.027034	38.03	-2.8E-02	rgb(211,213,218)	1.7407	None
LHX1	CDH5	0.026439	38.02	0.018	rgb(217,214,214)	1.7405	None
LMX1A	ABLIM2	0.026439	38.02	0.016	rgb(217,214,214)	1.7405	None
LMX1A	NPM2	-0.026439	38.02	-1.6E-02	rgb(214,215,218)	1.7405	None
MAFA	MAST1	0.026439	38.02	0.02	rgb(217,213,213)	1.7405	None
TEAD1	REG4	0.026439	38.02	0.021	rgb(217,213,213)	1.7405	None
TFCP2L1	RGS5	0.026439	38.02	0.019	rgb(217,213,213)	1.7405	None
TFCP2L1	ZFP2	-0.026439	38.02	-2.3E-02	rgb(212,214,218)	1.7405	None
ARNT2	TMEM158	0.025844	38.01	0.009	rgb(217,215,215)	1.7403	None
ARX	PDZRN3	0.025844	38.01	0.008	rgb(217,216,216)	1.7403	None
ELF4	FKBP7	0.025844	38.01	0.013	rgb(217,215,215)	1.7403	None
MLXIPL	ABCC9	0.025844	38.01	0.005	rgb(217,216,216)	1.7403	2,2
NR4A3	ITGBL1	-0.025844	38.01	-1.1E-02	rgb(215,216,217)	1.7403	None
PBX1	NPY	-0.025844	38.01	-1.4E-02	rgb(214,215,218)	1.7403	None
