TF	Target	SignedQuantile	combStability	combPCorr	stroke	stroke-width	stroke-dasharray
NEUROD1	RGS4	0.99986	50.985	0.985	rgb(228, 29, 31)	2	None
NEUROD1	SCG3	0.99972	50.98	0.979	rgb(228, 30, 32)	1.9999	None
NEUROD1	CHGA	0.99945	50.98	0.982	rgb(228, 29, 31)	1.9999	None
RFX6	MARCH4	0.99945	50.98	0.977	rgb(228, 30, 32)	1.9999	None
NEUROG3	C2CD4A	0.99931	50.96	0.956	rgb(228, 34, 36)	1.9995	None
NEUROD1	SCG2	0.99917	50.96	0.962	rgb(228, 33, 35)	1.9995	None
NEUROD1	SCN3A	0.99903	50.965	0.966	rgb(228, 32, 34)	1.9996	None
NEUROD1	LOC642366	0.9989	50.95	0.953	rgb(227, 35, 37)	1.9993	None
RFX6	LOC728392	0.99876	50.95	0.948	rgb(227, 36, 38)	1.9993	None
RFX6	KCNH6	0.99862	50.95	0.95	rgb(227, 36, 37)	1.9993	None
ATOH8	TMEM8C	0.99848	50.95	0.953	rgb(227, 35, 37)	1.9993	2,2
NEUROD1	SSTR2	0.99834	50.945	0.943	rgb(227, 37, 39)	1.9992	None
RFX6	KIF1A	0.99821	50.925	0.928	rgb(227, 40, 42)	1.9988	None
NEUROD1	DUSP26	0.99793	50.925	0.927	rgb(227, 40, 42)	1.9988	None
RFX6	BTBD17	0.99793	50.925	0.925	rgb(227, 40, 42)	1.9988	None
RFX6	PDZRN3	0.99779	50.915	0.915	rgb(227, 42, 44)	1.9986	None
ARX	ID4	0.99765	50.93	0.026	rgb(217,212,212)	1.9989	None
NEUROD1	DLL3	0.99752	50.91	0.911	rgb(227, 43, 45)	1.9985	None
NEUROG3	CABP7	0.99738	50.905	0.905	rgb(227, 44, 46)	1.9984	None
RFX6	OR51E1	0.99724	50.91	0.911	rgb(227, 43, 45)	1.9985	None
NEUROG3	CCND2	0.9971	50.9	0.899	rgb(227, 45, 47)	1.9983	None
NEUROD1	LOC100129175	0.99696	50.895	0.893	rgb(227, 46, 48)	1.9982	None
NEUROD1	BHMT	0.99683	50.895	0.897	rgb(227, 46, 48)	1.9982	None
NEUROD1	LOC100507351	0.99669	50.915	0.916	rgb(227, 42, 44)	1.9986	None
NEUROD1	TMEM196	0.99655	50.89	0.892	rgb(227, 47, 48)	1.9981	None
NEUROD1	LRRTM3	0.99641	50.905	0.906	rgb(227, 44, 46)	1.9984	None
NEUROD1	ASXL3	0.99627	50.9	0.9	rgb(227, 45, 47)	1.9983	None
NEUROG3	CELA3A	0.99614	50.885	0.886	rgb(227, 48, 50)	1.998	None
NEUROD1	SUCNR1	0.996	50.895	0.897	rgb(227, 46, 47)	1.9982	None
RFX6	CACNB2	0.99586	50.88	0.882	rgb(227, 48, 50)	1.9979	None
NEUROD1	KCNJ11	0.99572	50.88	0.88	rgb(227, 49, 51)	1.9979	None
NEUROD1	UBE2QL1	0.99558	50.905	0.904	rgb(227, 44, 46)	1.9984	None
TFCP2L1	MLLT11	0.99545	50.865	0.056	rgb(218,206,206)	1.9976	None
RFX6	PRR18	0.99531	50.87	0.873	rgb(227, 50, 52)	1.9977	None
RFX6	NAT8L	0.99517	50.86	0.858	rgb(226, 53, 55)	1.9975	None
RFX6	LOC646903	0.99503	50.875	0.876	rgb(227, 50, 51)	1.9978	None
RFX6	PCSK1N	0.9949	50.845	0.847	rgb(226, 55, 57)	1.9972	None
NEUROG3	PMP22	0.99476	50.85	0.854	rgb(226, 54, 56)	1.9973	None
NEUROD1	ENPP2	0.99462	50.855	0.853	rgb(226, 54, 56)	1.9974	None
NEUROD1	GPR119	0.99448	50.875	0.874	rgb(227, 50, 52)	1.9978	None
RFX6	LINC00643	0.99434	50.845	0.846	rgb(226, 55, 57)	1.9972	None
RFX6	TAGLN3	0.99421	50.835	0.835	rgb(226, 57, 59)	1.997	None
HSF2	PHLDA2	0.99407	50.83	0.04	rgb(217,209,210)	1.9969	None
RFX6	GATA2	0.99393	50.83	0.832	rgb(226, 58, 60)	1.9969	None
RFX6	ELFN1	0.99379	50.83	0.833	rgb(226, 58, 60)	1.9969	None
NEUROD1	PDE2A	0.99365	50.825	0.825	rgb(226, 59, 61)	1.9968	None
ELF4	SST	-0.99338	50.805	-4.9E-03	rgb(216,216,217)	1.9964	None
NEUROD1	TACR3	0.99338	50.805	0.802	rgb(226, 64, 65)	1.9964	None
NEUROG3	SPON2	0.99324	50.82	0.823	rgb(226, 60, 61)	1.9967	None
TGIF2	CLCA1	0.9931	50.8	0.02	rgb(217,213,213)	1.9963	None
NEUROG3	LOC642366	-0.99296	50.8	-8.0E-01	rgb( 43,111,247)	1.9963	None
RFX6	AMER3	0.99283	50.805	0.809	rgb(226, 63, 64)	1.9964	None
NEUROD1	ADORA2A	0.99269	50.82	0.821	rgb(226, 60, 62)	1.9967	None
NEUROD1	ABCC8	0.99255	50.8	0.803	rgb(226, 64, 65)	1.9963	None
ETS1	MAGED1	-0.99241	50.785	-1.6E-02	rgb(213,215,218)	1.996	None
NEUROD1	ELOVL4	0.99227	50.79	0.788	rgb(226, 66, 68)	1.9961	None
NEUROG3	TMEM59L	0.99214	50.78	0.783	rgb(226, 67, 69)	1.9959	None
NEUROD1	HEPACAM2	0.992	50.8	0.801	rgb(226, 64, 66)	1.9963	None
NEUROG3	CLPS	0.99186	50.78	0.783	rgb(226, 68, 69)	1.9959	None
AKNA	AX747114	-0.99172	50.775	-7.8E-01	rgb( 48,114,247)	1.9958	2,2
ETS1	UCP2	-0.99158	50.785	-6.8E-02	rgb(202,208,220)	1.996	None
NEUROD2	HES6	0.99145	50.785	0.787	rgb(226, 67, 68)	1.996	None
ZNF117	AK125871	0.99131	50.77	0.773	rgb(226, 69, 71)	1.9957	2,2
NEUROG3	RFX6	0.99117	50.78	0.777	rgb(226, 69, 70)	1.9959	None
ZNF846	GPR137C	0.99103	50.77	0.064	rgb(218,205,205)	1.9957	None
TGIF2	KDM1A	0.99089	50.76	0.012	rgb(217,215,215)	1.9955	None
ZNF117	AB007962	0.99076	50.76	0.76	rgb(225, 72, 73)	1.9955	2,2
NEUROD1	FFAR1	0.99062	50.77	0.768	rgb(225, 70, 72)	1.9957	None
RFX6	GPR155	0.99048	50.76	0.759	rgb(225, 72, 74)	1.9955	None
NEUROG3	KLK12	0.99034	50.755	0.758	rgb(225, 72, 74)	1.9954	None
NEUROG3	GGT5	0.9902	50.75	0.75	rgb(225, 74, 75)	1.9953	None
TFCP2L1	ANKRD65	0.99007	50.755	0.15	rgb(219,188,189)	1.9954	None
NEUROD1	SEPT5-GP1BB	0.98993	50.77	0.769	rgb(225, 70, 72)	1.9957	2,2
LMX1A	ADCY2	0.98979	50.76	0.08	rgb(218,202,202)	1.9955	None
NEUROG3	SPINK4	0.98965	50.75	0.748	rgb(225, 74, 76)	1.9953	None
NEUROD2	PGA4	0.98951	50.74	0.742	rgb(225, 75, 77)	1.9951	None
ELF4	SMTNL2	-0.98938	50.745	-7.4E-01	rgb( 56,119,245)	1.9952	None
FOXP2	RIIAD1	0.98924	50.745	0.063	rgb(218,205,205)	1.9952	None
MYT1	SYT4	0.9891	50.74	0.738	rgb(225, 76, 78)	1.9951	2,2
NEUROG3	MAFA	0.98896	50.735	0.735	rgb(225, 77, 78)	1.995	None
NEUROG3	BCRP3	0.98882	50.735	0.736	rgb(225, 76, 78)	1.995	None
NEUROD2	STXBP1	0.98869	50.74	0.737	rgb(225, 76, 78)	1.9951	None
ELF4	USP13	-0.98855	50.74	-7.4E-01	rgb( 57,120,245)	1.9951	None
ARX	OR51E1	-0.98841	50.73	-5.2E-02	rgb(206,210,219)	1.9949	None
NEUROG3	CELA3B	0.98827	50.725	0.725	rgb(225, 78, 80)	1.9948	None
TFCP2L1	EID1	0.98813	50.73	0.15	rgb(219,188,189)	1.9949	None
NEUROD1	NPTX2	0.988	50.73	0.73	rgb(225, 78, 79)	1.9949	None
NEUROG3	SUSD2	0.98786	50.735	0.732	rgb(225, 77, 79)	1.995	None
PAX6	SYT14	-0.98772	50.72	-9.9E-02	rgb(196,204,221)	1.9948	None
NEUROG3	LTF	0.98758	50.72	0.717	rgb(225, 80, 81)	1.9948	None
MAFB	TSPAN7	0.98744	50.725	0.729	rgb(225, 78, 79)	1.9948	None
SOX4	UBE2QL1	-0.98731	50.735	-7.3E-01	rgb( 58,120,245)	1.995	None
ELF4	ST8SIA3	-0.98717	50.71	-7.0E-02	rgb(202,208,220)	1.9946	None
DACH1	AK092048	0.98703	50.72	0.718	rgb(225, 80, 81)	1.9948	2,2
RFX6	LY6H	0.98689	50.705	0.702	rgb(225, 83, 84)	1.9945	None
NEUROG3	ZCCHC12	0.98675	50.705	0.701	rgb(225, 83, 84)	1.9945	None
ONECUT1	PPP1R1A	0.98662	50.695	0.697	rgb(225, 84, 85)	1.9943	None
SOX4	NKD1	0.98648	50.7	0.697	rgb(225, 84, 85)	1.9944	None
GRHL3	LIMD2	0.9862	50.695	0.693	rgb(225, 85, 86)	1.9943	2,2
NEUROD1	DPYSL4	0.9862	50.695	0.696	rgb(225, 84, 85)	1.9943	None
ATOH8	LOC400891	0.98607	50.69	0.691	rgb(225, 85, 86)	1.9942	2,2
SPIB	PGA4	0.98593	50.69	0.686	rgb(225, 86, 87)	1.9942	None
ZFHX2	AKT3	-0.98579	50.69	-1.7E-02	rgb(213,215,218)	1.9942	None
ARNT2	TAF9B	0.98565	50.685	0.134	rgb(218,191,192)	1.9941	None
MAFA	CPT1C	0.98551	50.685	0.684	rgb(225, 86, 88)	1.9941	None
NEUROD2	MMP2	0.98538	50.685	0.686	rgb(225, 86, 87)	1.9941	None
TFCP2L1	TSPAN7	0.98524	50.68	0.12	rgb(218,194,194)	1.994	None
RFX6	CERS1	0.9851	50.68	0.684	rgb(225, 86, 88)	1.994	None
NEUROD1	ADAMTSL2	0.98496	50.68	0.679	rgb(224, 87, 89)	1.994	None
NEUROG3	KIF19	0.98482	50.68	0.677	rgb(224, 88, 89)	1.994	None
NEUROD1	DSCAML1	0.98469	50.675	0.673	rgb(224, 88, 90)	1.9939	None
LMX1A	UCN3	-0.98455	50.675	-1.8E-01	rgb(177,193,224)	1.9939	None
PDX1	SAMD11	0.98441	50.69	0.182	rgb(219,182,183)	1.9942	None
NEUROD1	IGFBPL1	0.98427	50.67	0.669	rgb(224, 89, 90)	1.9938	None
GRHL3	PCDHB16	0.98413	50.67	0.667	rgb(224, 90, 91)	1.9938	2,2
RFX6	MAPK4	0.984	50.665	0.666	rgb(224, 90, 91)	1.9937	None
NEUROG3	FUT1	0.98386	50.675	0.673	rgb(224, 88, 90)	1.9939	None
EGR3	GPR137C	-0.98372	50.67	-6.7E-01	rgb( 71,128,243)	1.9938	None
NEUROG3	AKR1B1	0.98358	50.68	0.682	rgb(224, 87, 88)	1.994	None
RFX6	SLC16A12	0.98344	50.65	0.647	rgb(224, 94, 95)	1.9934	None
NEUROG3	LOC100506178	0.98331	50.66	0.662	rgb(224, 91, 92)	1.9936	None
ETV1	ZMYM2	-0.98317	50.66	-1.1E-01	rgb(193,202,221)	1.9936	None
PDX1	GPBAR1	0.98303	50.665	0.076	rgb(218,202,203)	1.9937	None
LMX1A	S100A1	-0.98289	50.66	-3.7E-02	rgb(209,212,218)	1.9936	None
LMX1A	ZDHHC8P1	0.98275	50.66	0.029	rgb(217,212,212)	1.9936	None
TFCP2L1	BGN	0.98262	50.655	0.064	rgb(218,205,205)	1.9935	None
ASCL2	SCN1B	-0.98248	50.645	-1.7E-01	rgb(179,194,224)	1.9933	None
LMX1A	PCSK2	-0.98234	50.655	-3.4E-03	rgb(216,217,217)	1.9935	None
RFX6	LINC00494	0.9822	50.64	0.637	rgb(224, 95, 97)	1.9932	None
ZNF117	AX746834	0.98206	50.635	0.638	rgb(224, 95, 96)	1.9931	2,2
SOX4	CLCN4	0.98193	50.64	0.127	rgb(218,193,193)	1.9932	None
NEUROG3	NOXO1	0.98179	50.635	0.634	rgb(224, 96, 97)	1.9931	None
LMX1A	GFRA3	0.98165	50.625	0.324	rgb(221,155,156)	1.9929	None
TFCP2L1	RPS6KL1	0.98151	50.625	0.163	rgb(219,186,186)	1.9929	None
NEUROD1	HES6	0.98137	50.59	0.589	rgb(223,105,106)	1.9922	None
LMX1A	CFC1	-0.98124	50.63	-2.7E-02	rgb(211,213,218)	1.993	None
TFCP2L1	MAD2L2	0.9811	50.625	0.087	rgb(218,200,201)	1.9929	None
ARX	ACTL6B	-0.98096	50.6	-2.3E-01	rgb(168,187,226)	1.9924	None
HES4	USP13	-0.98082	50.62	-1.7E-01	rgb(180,194,224)	1.9928	None
HIF1A	SPP1	-0.98068	50.595	-2.2E-01	rgb(168,187,226)	1.9923	None
FOXP2	CSH1	0.98055	50.615	0.173	rgb(219,184,184)	1.9927	None
SPIB	CRMP1	0.98041	50.575	0.287	rgb(220,162,163)	1.9919	None
ZFHX2	NEUROD2	0.98027	50.625	0.622	rgb(224, 98, 99)	1.9929	None
FEV	ZFP2	-0.98013	50.62	-2.3E-02	rgb(212,214,218)	1.9928	None
RORC	CHST10	0.97999	50.62	0.099	rgb(218,198,198)	1.9928	None
RORC	LAMP5	-0.97986	50.55	-5.5E-01	rgb( 98,145,238)	1.9914	None
RFX2	FABP5	-0.97972	50.61	-4.1E-02	rgb(208,212,219)	1.9926	None
PDX1	TP73	-0.97958	50.61	-6.1E-01	rgb( 85,137,240)	1.9926	None
MAFA	GFRA3	0.97944	50.6	0.109	rgb(218,196,196)	1.9924	None
ELF4	TRPC4	-0.9793	50.51	-3.3E-01	rgb(146,174,229)	1.9906	None
NEUROD1	DACT1	0.97917	50.57	0.572	rgb(223,108,109)	1.9918	None
RFX6	SFRP1	0.97903	50.595	0.594	rgb(224,104,105)	1.9923	None
ZFP62	AK091275	0.97889	50.555	0.555	rgb(223,111,112)	1.9915	2,2
INSM1	PGA5	0.97875	50.33	0.158	rgb(219,187,187)	1.987	None
PRDM16	BEX2	-0.97861	50.575	-5.7E-01	rgb( 93,141,239)	1.9919	None
RFX6	CACNG4	0.97848	50.58	0.582	rgb(223,106,107)	1.992	None
PDX1	PDGFD	0.97834	50.605	0.047	rgb(218,208,208)	1.9925	None
ARNT2	CACNA1H	-0.9782	50.58	-1.7E-01	rgb(180,194,224)	1.992	None
RFX6	GDF11	0.97806	50.24	0.741	rgb(225, 75, 77)	1.9852	None
ZNF846	FUT1	-0.97792	50.6	-1.1E-01	rgb(193,202,221)	1.9924	None
NFAT5	RASD1	-0.97779	50.58	-5.8E-01	rgb( 91,140,239)	1.992	None
TFCP2L1	ASCL2	0.97765	50.53	0.28	rgb(220,163,164)	1.991	None
LMX1A	FRMPD4	-0.97751	50.555	-2.4E-01	rgb(165,185,226)	1.9915	None
ZNF846	RCOR3	0.97737	50.6	0.022	rgb(217,213,213)	1.9924	None
TFCP2L1	RUNDC3A	0.97724	50.59	0.107	rgb(218,196,197)	1.9922	None
NEUROG3	SEMA6B	0.9771	50.55	0.552	rgb(223,112,113)	1.9914	None
PDX1	GLIS2	0.97696	50.595	0.017	rgb(217,214,214)	1.9923	None
SIM1	PAK3	0.97682	50.31	0.811	rgb(226, 62, 64)	1.9866	2,2
ZFHX2	RGS11	-0.97668	50.57	-5.7E-01	rgb( 93,142,239)	1.9918	None
HSF2	KCNIP3	-0.97655	50.58	-5.8E-01	rgb( 91,140,239)	1.992	None
NPAS3	KAL1	0.97641	50.59	0.594	rgb(224,104,105)	1.9922	2,2
ZNF382	CALY	-0.97627	50.555	-2.0E-01	rgb(173,190,225)	1.9915	None
NEUROG3	PPP1R3C	0.97613	50.56	0.557	rgb(223,111,112)	1.9916	None
NEUROD2	ISLR2	0.97599	50.585	0.035	rgb(217,210,210)	1.9921	None
ELF4	ANKRD65	-0.97586	50.585	-5.9E-01	rgb( 90,139,239)	1.9921	None
SIM1	FBN1	0.97572	50.565	0.562	rgb(223,110,111)	1.9917	2,2
TFCP2L1	LRFN1	-0.97558	50.575	-1.0E-01	rgb(195,203,221)	1.9919	None
TEAD1	RUNX1T1	-0.97544	50.245	-8.2E-02	rgb(199,206,220)	1.9853	None
SPIB	IL17C	0.9753	50.575	0.044	rgb(217,209,209)	1.9919	None
ZNF846	AK024092	0.97517	50.555	0.167	rgb(219,185,185)	1.9915	2,2
FOXP2	CHRNB2	-0.97503	50.56	-1.4E-01	rgb(187,199,222)	1.9916	None
ZNF492	USP32P2	0.97489	50.575	0.578	rgb(223,107,108)	1.9919	None
ZFP62	FW340024	0.97475	50.565	0.567	rgb(223,109,110)	1.9917	2,2
NR4A2	EML1	-0.97461	50.565	-8.4E-02	rgb(199,206,220)	1.9917	None
TEAD1	DOCK8	0.97448	50.57	0.024	rgb(217,212,212)	1.9918	None
NEUROD1	CLCN4	0.97434	50.54	0.539	rgb(223,114,115)	1.9912	None
RFX6	JAM3	0.9742	50.07	0.568	rgb(223,109,110)	1.9819	None
FEV	KNDC1	-0.97392	50.53	-1.9E-01	rgb(176,192,224)	1.991	None
NEUROD2	SH3RF3	0.97392	50.55	0.554	rgb(223,111,112)	1.9914	None
PAX6	ST8SIA3	0.97379	50.565	0.011	rgb(217,215,215)	1.9917	None
NEUROG3	CACNB2	-0.97365	50.565	-5.6E-01	rgb( 95,143,238)	1.9917	None
LMX1A	SVOP	-0.97351	50.46	-2.9E-01	rgb(155,179,228)	1.9896	None
NEUROG3	SFRP1	0.97337	50.53	0.531	rgb(223,116,117)	1.991	None
ZNF382	KLHL32	-0.97323	50.205	-1.0E-01	rgb(194,203,221)	1.9845	None
TFCP2L1	PCDHB9	0.9731	50.54	0.15	rgb(219,188,189)	1.9912	None
MAFA	PGA3	0.97296	50.22	0.72	rgb(225, 79, 81)	1.9848	None
NR4A2	CEND1	-0.97282	50.54	-1.3E-01	rgb(189,200,222)	1.9912	None
RFX6	GRIN1	0.97268	50.105	0.608	rgb(224,101,102)	1.9826	None
ONECUT3	RBPMS	-0.97254	50.2	-7.0E-01	rgb( 65,125,244)	1.9845	None
GATA2	GHRL	0.97241	50.2	0.699	rgb(225, 84, 85)	1.9845	None
ATOH8	BAI1	0.97227	50.53	0.527	rgb(223,116,117)	1.991	2,2
NEUROG3	OLFML2B	0.97213	49.99	0.488	rgb(222,124,125)	1.9803	None
HIC1	RPS6KL1	-0.97199	50.53	-1.5E-01	rgb(184,197,223)	1.991	None
KCNIP3	BEX1	0.97185	50.535	0.537	rgb(223,114,115)	1.9911	2,2
RFX6	CELF3	0.97172	50.495	0.498	rgb(222,122,123)	1.9903	None
NR4A2	NCAM1	-0.97158	50.53	-5.3E-01	rgb(103,147,237)	1.991	None
PAX6	GRIN1	0.97144	50.54	0.541	rgb(223,114,115)	1.9912	None
ETS1	ZFP28	-0.9713	50.21	-6.4E-02	rgb(203,209,219)	1.9846	None
ASCL1	NPTXR	0.97116	50.485	0.484	rgb(222,125,126)	1.9901	None
MAFA	RASD1	0.97103	50.545	0.546	rgb(223,113,114)	1.9913	None
GRHL3	BC041449	-0.97089	50.535	-5.4E-01	rgb(100,146,237)	1.9911	2,2
NR4A2	TMEM158	-0.97075	50.535	-6.8E-02	rgb(202,208,220)	1.9911	None
TEAD1	ONECUT3	0.97061	50.32	0.819	rgb(226, 61, 62)	1.9868	None
HSF2	ATF6	0.97047	50.255	0.754	rgb(225, 73, 74)	1.9855	None
TEAD2	UNC13A	0.97034	50.52	0.521	rgb(223,118,119)	1.9908	None
PDX1	CBX2	0.9702	50.14	0.211	rgb(219,177,177)	1.9833	None
DACH1	CSH2	0.96992	50.53	0.53	rgb(223,116,117)	1.991	2,2
ONECUT1	CELSR3	0.96992	50.53	0.527	rgb(223,116,117)	1.991	None
TEAD2	SPEG	0.96978	50.165	0.665	rgb(224, 90, 91)	1.9838	None
NR4A2	CRLF1	0.96965	50.195	0.045	rgb(218,208,208)	1.9844	None
NEUROD1	SSTR3	0.96951	49.78	0.778	rgb(226, 68, 70)	1.9761	None
ZNF846	CNOT6L	-0.96937	50.505	-1.3E-01	rgb(189,200,222)	1.9905	None
RORC	OGFRL1	-0.96923	50.525	-5.3E-01	rgb(103,147,237)	1.9909	None
NEUROD1	CLSTN2	0.96909	50.15	0.65	rgb(224, 93, 94)	1.9835	None
ETS1	SLC30A4	-0.96896	50.525	-2.8E-02	rgb(211,213,218)	1.9909	None
GLIS2	KANK2	0.96882	50.19	0.694	rgb(225, 84, 86)	1.9843	None
NR4A2	POU6F1	0.96868	50.525	9.3E-04	rgb(217,217,217)	1.9909	None
GATA6	CLCN4	-0.96854	50.065	-2.7E-01	rgb(159,182,227)	1.9818	None
NEUROD1	ETV1	0.96841	49.765	0.765	rgb(225, 71, 72)	1.9758	None
HIF1A	SAP30	-0.96827	50.15	-1.2E-01	rgb(191,201,222)	1.9835	None
ARX	HOXB9	0.96813	50.51	0.061	rgb(218,205,205)	1.9906	None
FOXP2	GFRA1	-0.96799	50.495	-1.2E-01	rgb(191,201,222)	1.9903	None
ARX	TMEFF2	0.96785	50.22	0.021	rgb(217,213,213)	1.9848	None
ELF4	CD52	-0.96772	50.045	-3.4E-01	rgb(144,173,230)	1.9814	None
MAFB	SST	0.96744	50.515	0.514	rgb(223,119,120)	1.9907	None
ZNF846	ACOT7	0.96744	50.505	0.082	rgb(218,201,202)	1.9905	None
NEUROD1	LOC100128288	0.9673	50.46	0.461	rgb(222,129,130)	1.9896	None
NEUROG3	NOTUM	0.96716	50.15	0.65	rgb(224, 93, 94)	1.9835	None
TFCP2L1	PCDHB15	0.96703	50.51	0.512	rgb(223,119,120)	1.9906	None
NEUROD1	RPS16P5	-0.96689	50.46	-4.6E-01	rgb(117,156,234)	1.9896	None
MAFA	NKX6-1	0.96675	50.485	0.125	rgb(218,193,193)	1.9901	None
ZNF846	EID2	-0.96661	50.505	-2.6E-02	rgb(211,214,218)	1.9905	None
NKX2-2	NHLH1	0.96647	50.065	0.564	rgb(223,109,110)	1.9818	None
NEUROD1	PCSK1	0.96634	50.485	0.483	rgb(222,125,126)	1.9901	None
RFX6	TUBA3FP	0.9662	49.95	0.451	rgb(222,131,132)	1.9795	None
LMX1B	RAP1GAP2	0.96606	49.795	0.112	rgb(218,196,196)	1.9764	None
NEUROD1	AGT	0.96592	49.57	0.573	rgb(223,108,109)	1.972	None
MYT1	SEPT3	0.96565	50.495	0.494	rgb(222,123,124)	1.9903	2,2
ZNF853	RAB40A	0.96565	50.495	0.492	rgb(222,123,124)	1.9903	2,2
NEUROG3	POM121L9P	0.96551	49.61	0.612	rgb(224,100,101)	1.9728	None
NR4A2	NCS1	0.96537	50.465	0.114	rgb(218,195,195)	1.9897	None
NEUROG3	GFRA1	0.96523	49.67	0.669	rgb(224, 89, 91)	1.974	None
TP73	FABP5	0.96509	50.105	0.602	rgb(224,102,103)	1.9826	None
RFX6	L1TD1	0.96496	50.465	0.463	rgb(222,129,130)	1.9897	None
NEUROG3	CITED1	0.96482	50.34	0.3	rgb(220,160,160)	1.9872	None
LMX1A	ETV1	-0.96454	50.485	-6.4E-02	rgb(203,209,219)	1.9901	None
MAFF	VOPP1	0.96454	50.135	0.639	rgb(224, 95, 96)	1.9832	None
RFX6	CABP7	0.9644	50.26	0.761	rgb(225, 72, 73)	1.9856	None
HSF2	ZFP90	0.96427	50.1	0.601	rgb(224,102,104)	1.9825	None
PBX1	CREBRF	0.96413	49.73	0.169	rgb(219,185,185)	1.9751	None
PDX1	PCYT1B	-0.96399	50.095	-1.2E-01	rgb(190,201,222)	1.9824	None
NEUROG3	SUCNR1	-0.96385	50.46	-4.6E-01	rgb(118,157,234)	1.9896	None
RFX3	HECW2	0.96358	49.62	0.62	rgb(224, 99,100)	1.973	None
ZNF382	FER1L6-AS1	0.96358	50.04	0.216	rgb(219,176,176)	1.9813	None
GATA4	ID4	0.96344	50.215	0.719	rgb(225, 80, 81)	1.9847	None
NEUROG3	ASXL3	-0.9633	50.095	-5.9E-01	rgb( 89,139,239)	1.9824	None
ZNF846	SYT14	0.96316	50.04	0.539	rgb(223,114,115)	1.9813	None
SMAD9	EDIL3	0.96302	50.41	0.407	rgb(221,139,140)	1.9886	None
TFCP2L1	PGA3	0.96289	50.425	0.151	rgb(219,188,188)	1.9889	None
MAFB	MLLT11	0.96275	49.755	0.758	rgb(225, 72, 74)	1.9756	None
TEAD1	NEUROD2	-0.96261	50.21	-7.1E-01	rgb( 63,123,244)	1.9846	None
ONECUT1	AK127443	0.96247	50.07	0.567	rgb(223,109,110)	1.9819	2,2
NR4A3	HEYL	0.96233	49.69	0.149	rgb(219,188,189)	1.9743	None
NEUROG3	KCNK3	0.9622	49.645	0.644	rgb(224, 94, 95)	1.9735	None
GATA2	CHL1	0.96192	50.325	0.236	rgb(220,172,172)	1.9869	None
RFX6	CA8	0.96192	49.605	0.607	rgb(224,101,102)	1.9727	None
TFCP2L1	LSP1	0.96178	50.39	0.185	rgb(219,182,182)	1.9882	None
SIM1	AF070581	0.96164	49.675	0.675	rgb(224, 88, 89)	1.9741	2,2
PDX1	SPP1	0.96151	50.11	0.032	rgb(217,211,211)	1.9827	None
RORC	NCAM1	0.96137	50.44	0.442	rgb(222,133,133)	1.9892	None
PAX6	MAPK10	0.96123	50.045	0.166	rgb(219,185,186)	1.9814	None
RORC	TDRD6	-0.96109	50.42	-4.2E-01	rgb(125,161,233)	1.9888	None
TFCP2L1	FAM155B	0.96095	50.445	0.445	rgb(222,132,133)	1.9893	None
NR4A3	GSTM2	0.96082	50.05	0.149	rgb(219,189,189)	1.9815	None
NR4A2	NDRG4	-0.96068	50.195	-1.2E-01	rgb(191,201,221)	1.9844	None
NEUROD1	SCGN	0.96054	50.12	0.621	rgb(224, 98,100)	1.9829	None
ONECUT1	USH2A	0.9604	49.7	0.701	rgb(225, 83, 85)	1.9745	None
SMAD9	NCS1	0.96026	49.64	0.641	rgb(224, 95, 96)	1.9734	None
SOX4	OLFML2B	0.96013	50.15	0.649	rgb(224, 93, 94)	1.9835	None
ZNF846	SPDYE7P	0.95999	49.715	0.054	rgb(218,207,207)	1.9748	None
NEUROD2	MAP1A	0.95985	50.435	0.436	rgb(222,134,135)	1.9891	None
SOX4	PROX1	0.95971	49.375	0.875	rgb(227, 50, 52)	1.9681	None
HHEX	ETV1	0.95958	50.19	0.692	rgb(225, 85, 86)	1.9843	None
TEAD1	COL10A1	0.95944	50.17	0.669	rgb(224, 89, 91)	1.9839	None
EGR3	CD300LF	-0.9593	49.605	-6.0E-01	rgb( 86,137,240)	1.9727	None
ARX	SLC26A7	-0.95916	50.085	-4.6E-02	rgb(207,211,219)	1.9822	None
GATA2	RTN1	0.95889	50.405	0.406	rgb(221,139,140)	1.9885	None
MAFA	IGSF10	0.95889	50.09	0.59	rgb(223,104,105)	1.9823	None
HOXB9	TRPC4	0.95875	49.98	0.22	rgb(219,175,175)	1.9801	None
TEAD1	GRASP	-0.95861	49.62	-1.6E-01	rgb(182,196,223)	1.973	None
NEUROD1	RPRML	0.95847	49.175	0.674	rgb(224, 88, 90)	1.9641	None
TFCP2L1	EID2	0.95833	49.615	0.61	rgb(224,100,102)	1.9729	None
NHLH1	SLC7A4	0.9582	50	0.501	rgb(223,121,122)	1.9805	None
TEAD2	NTNG2	0.95806	50.41	0.409	rgb(221,139,140)	1.9886	None
SIM1	CRISPLD1	0.95792	49.66	0.663	rgb(224, 90, 92)	1.9738	2,2
PBX1	TMEM151A	-0.95778	49.73	-7.3E-01	rgb( 58,121,245)	1.9751	None
PAX4	LAPTM5	0.95764	49.535	0.316	rgb(220,157,157)	1.9713	None
GRHL3	PCDHB10	0.95751	49.61	0.608	rgb(224,101,102)	1.9728	2,2
MAFA	ASCL2	0.95737	50.41	0.411	rgb(222,138,139)	1.9886	None
FOXP2	PGM5	0.95723	49.67	0.083	rgb(218,201,201)	1.974	None
MAFA	ADAMTSL2	0.95709	50.05	0.547	rgb(223,113,114)	1.9815	None
ONECUT1	DTX1	0.95695	50.12	0.62	rgb(224, 98,100)	1.9829	None
NEUROG3	GLT8D2	0.95682	50.135	0.635	rgb(224, 96, 97)	1.9832	None
ATF6	CHGB	-0.95654	50.32	-1.6E-01	rgb(182,196,223)	1.9868	None
LMX1B	TMEM196	0.95654	50.09	0.586	rgb(223,105,106)	1.9823	None
ZFP90	CDKN1A	-0.9564	50.395	-3.9E-01	rgb(132,165,232)	1.9883	None
MYT1	PTCHD2	0.95626	50.005	0.507	rgb(223,120,121)	1.9806	2,2
ZNF382	LOC653513	-0.95613	50.365	-1.2E-01	rgb(190,201,222)	1.9877	2,2
GATA2	NDRG4	0.95599	49.24	0.13	rgb(218,192,192)	1.9654	None
NEUROD1	SGSM1	0.95585	49.9	0.403	rgb(221,140,141)	1.9785	None
SPIB	IFI6	0.95571	49.065	0.565	rgb(223,109,110)	1.962	None
SIM1	XAF1	0.95557	49.61	0.608	rgb(224,101,102)	1.9728	2,2
HSF2	IFI6	-0.95544	50.135	-6.3E-01	rgb( 80,134,241)	1.9832	None
LMX1A	ADAMTSL1	0.9553	49.585	0.177	rgb(219,183,183)	1.9723	None
PDX1	HDAC7	0.95516	49.52	0.266	rgb(220,166,167)	1.971	None
NR4A2	GDF11	-0.95502	50.37	-2.7E-02	rgb(211,213,218)	1.9878	None
ELF4	VSTM4	-0.95488	50.03	-7.3E-02	rgb(201,207,220)	1.9811	None
ONECUT1	CACNA1A	0.95475	50.365	0.364	rgb(221,148,148)	1.9877	None
MAFA	LINC00643	-0.95461	49.99	-1.4E-01	rgb(187,199,222)	1.9803	None
NFAT5	TMEM198	-0.95447	49.725	-7.3E-01	rgb( 59,121,245)	1.975	None
MAFA	SGCD	-0.95433	50.355	-5.5E-02	rgb(205,210,219)	1.9875	None
ASCL2	RAB36	0.95419	49.16	0.661	rgb(224, 91, 92)	1.9639	None
HSF2	GDF1	-0.95406	49.59	-5.9E-01	rgb( 90,140,239)	1.9724	None
PAX6	SLC38A5	-0.95392	49.595	-1.5E-01	rgb(185,198,223)	1.9725	None
MAFF	LSAMP	-0.95378	50.355	-3.5E-01	rgb(141,170,230)	1.9875	None
ELF4	CRMP1	-0.95364	49.15	-1.6E-01	rgb(183,196,223)	1.9637	None
RFX6	CACNA2D1	0.9535	49.105	0.608	rgb(224,101,102)	1.9628	None
NR4A2	MSI1	-0.95337	49.685	-1.9E-02	rgb(213,215,218)	1.9742	None
PAX6	KCTD12	-0.95323	50.105	-1.3E-01	rgb(190,200,222)	1.9826	None
ASCL2	RYBP	-0.95309	49.945	-4.5E-01	rgb(120,158,234)	1.9794	None
MAFF	CADM3	0.95295	50.025	0.525	rgb(223,117,118)	1.981	None
SOX4	MANEAL	-0.95281	50.045	-5.5E-01	rgb( 99,145,238)	1.9814	None
RFX6	MYT1	0.95268	50.045	0.543	rgb(223,113,114)	1.9814	None
EGR3	BAMBI	-0.95254	49.14	-6.4E-01	rgb( 78,132,241)	1.9635	None
GATA2	NEFM	0.9524	50.33	0.329	rgb(221,154,155)	1.987	None
ELF4	HMGN3	-0.95226	49.87	-3.7E-01	rgb(137,168,231)	1.9779	None
FEV	KCNH6	0.95212	49.245	0.742	rgb(225, 75, 77)	1.9655	None
ZNF382	ACBD7	0.95199	50.095	0.105	rgb(218,197,197)	1.9824	None
NEUROG3	NPSR1-AS1	0.95185	50.055	0.556	rgb(223,111,112)	1.9816	None
SPIB	FSD1	0.95171	50.005	0.502	rgb(223,121,122)	1.9806	None
MAFF	ELF4	0.95157	49.51	0.507	rgb(223,120,121)	1.9708	None
MAFB	BEND5	0.95143	49.445	0.441	rgb(222,133,134)	1.9695	None
ELF4	EPHA8	-0.9513	49.105	-2.0E-01	rgb(174,191,224)	1.9628	None
LMX1A	BASP1	0.95116	49.75	0.131	rgb(218,192,192)	1.9755	None
NEUROD1	KCNMA1	0.95102	48.67	0.666	rgb(224, 90, 91)	1.9541	None
EGR3	GATA4	-0.95088	49.57	-5.7E-01	rgb( 93,142,239)	1.972	None
PDX1	DLC1	0.95075	50.01	0.051	rgb(218,207,207)	1.9807	None
TFCP2L1	PCDHB10	-0.95061	50.31	-3.2E-02	rgb(210,213,218)	1.9866	None
HIC1	KANK2	-0.95033	49.935	-1.7E-01	rgb(181,195,223)	1.9792	None
TFCP2L1	PCDHB16	0.95033	50.31	9.6E-04	rgb(217,217,217)	1.9866	None
ZFP62	MIR29C	0.95019	49.955	0.451	rgb(222,131,132)	1.9796	2,2
FEV	XKR7	0.95006	50.235	0.135	rgb(218,191,191)	1.9851	None
NEUROG3	FAM167A	0.94978	49.15	0.651	rgb(224, 93, 94)	1.9637	None
ZFP28	SLC38A5	-0.94978	50.045	-5.4E-01	rgb(100,146,238)	1.9814	None
NEUROD2	AKR1B1	0.94964	48.62	0.619	rgb(224, 99,100)	1.9532	None
NEUROD1	KIF19	0.9495	49.61	0.608	rgb(224,101,102)	1.9728	None
NHLH1	SOCS1	0.94937	50.245	0.124	rgb(218,193,194)	1.9853	None
EGR3	SMARCA1	0.94909	49.06	0.559	rgb(223,110,111)	1.9619	None
ZFP82	CCL19	0.94909	49.14	0.111	rgb(218,196,196)	1.9635	None
PAX6	CD200	-0.94895	49.95	-1.3E-01	rgb(189,200,222)	1.9795	None
SPIB	MYBPC2	-0.94881	49.265	-2.4E-02	rgb(212,214,218)	1.9659	None
TFCP2L1	KIT	0.94868	50.25	0.246	rgb(220,170,170)	1.9854	None
MAFF	PRICKLE2	-0.94854	50.265	-2.7E-01	rgb(159,182,227)	1.9857	None
PDX1	ADCY1	-0.9484	50.015	-1.2E-02	rgb(214,215,217)	1.9808	None
ARX	SLC7A4	-0.94826	49.93	-4.3E-01	rgb(124,160,233)	1.9791	None
TFCP2L1	CPE	0.94812	50.1	0.248	rgb(220,170,170)	1.9825	None
NR4A2	RGS11	-0.94799	49.88	-3.8E-01	rgb(135,167,231)	1.9781	None
ZNF846	ATF5	-0.94785	49.905	-1.8E-01	rgb(179,194,224)	1.9786	None
MAFA	GADD45A	0.94771	49.95	0.451	rgb(222,131,132)	1.9795	None
ARNT2	CELSR3	0.94757	49.655	0.056	rgb(218,206,206)	1.9737	None
TEAD1	CYP4F24P	-0.94743	49.62	-6.2E-01	rgb( 83,135,240)	1.973	None
SOX4	CABP7	0.9473	50.06	0.562	rgb(223,110,111)	1.9817	None
NEUROG3	ARHGAP9	0.94716	48.52	0.39	rgb(221,143,143)	1.9512	None
PRDM16	UNC79	-0.94702	49.585	-3.7E-02	rgb(209,212,218)	1.9723	None
ATF6	SCG2	-0.94688	49.99	-1.0E-02	rgb(215,216,217)	1.9803	None
RFX6	MMP2	0.94674	48.92	0.378	rgb(221,145,146)	1.9591	None
GATA4	PDZD4	0.94661	50.025	0.526	rgb(223,117,118)	1.981	None
ETV1	DPYSL4	-0.94647	49.65	-6.1E-02	rgb(204,209,219)	1.9736	None
NHLH1	IL17C	0.94633	50.045	0.543	rgb(223,113,114)	1.9814	None
NKX2-2	STMN3	0.94619	50.14	0.067	rgb(218,204,204)	1.9833	None
ZNF382	EVL	0.94605	49.575	0.049	rgb(218,208,208)	1.9721	None
MAFB	KCNJ3	0.94592	48.565	0.563	rgb(223,109,111)	1.9521	None
NEUROG3	KCNE4	0.94578	48.66	0.659	rgb(224, 91, 92)	1.9539	None
MAFB	MUC16	0.94564	50.015	0.146	rgb(219,189,189)	1.9808	None
TP73	NPTXR	0.9455	49.965	0.468	rgb(222,128,129)	1.9798	None
PRDM16	SOGA3	0.94536	49.995	0.094	rgb(218,199,199)	1.9804	None
ASCL1	KCNB2	0.94523	48.65	0.65	rgb(224, 93, 94)	1.9537	None
TEAD1	IGSF10	0.94509	50	0.159	rgb(219,187,187)	1.9805	None
TEAD2	TGIF2	0.94495	48.63	0.63	rgb(224, 97, 98)	1.9534	None
ZFHX2	RPS6KL1	0.94481	49.065	0.193	rgb(219,180,181)	1.962	None
EGR3	MDK	-0.94467	50	-5.0E-01	rgb(109,151,236)	1.9805	None
GRHL3	RPS16P5	0.94454	49.565	0.563	rgb(223,109,111)	1.9719	2,2
NR4A2	HES6	0.9444	48.63	0.179	rgb(219,183,183)	1.9534	None
EGR3	DPYSL4	0.94426	49.83	0.333	rgb(221,153,154)	1.9771	None
ATF6	MAFF	0.94412	49.955	0.017	rgb(217,214,214)	1.9796	None
EGR3	AADAT	-0.94398	49.085	-1.2E-01	rgb(190,201,222)	1.9624	None
DZIP1	LOC283335	0.94385	49.08	0.578	rgb(223,107,108)	1.9623	2,2
ZNF382	PPP1R16B	0.94371	49.16	0.018	rgb(217,214,214)	1.9639	None
ETS1	AADAT	-0.94357	49.935	-5.8E-02	rgb(205,209,219)	1.9792	None
ONECUT3	SHC3	0.94343	49.58	0.579	rgb(223,106,108)	1.9722	None
ELF4	MAFF	0.94329	49.2	0.698	rgb(225, 84, 85)	1.9646	None
RORC	EPHA8	0.94316	49.975	0.473	rgb(222,127,128)	1.98	None
HSF2	FAM171B	0.94302	48.945	0.323	rgb(221,155,156)	1.9596	None
ELF4	FAM155B	-0.94288	49.575	-5.7E-01	rgb( 93,142,239)	1.9721	None
ONECUT1	KCNMA1	0.94274	49.965	0.464	rgb(222,128,129)	1.9798	None
NEUROG3	LRIG1	0.9426	49.82	0.816	rgb(226, 61, 63)	1.9769	None
TEAD1	CELSR3	-0.94247	48.615	-1.9E-01	rgb(176,192,224)	1.9531	None
PDX1	HOPX	-0.94233	49.15	-4.3E-02	rgb(208,211,219)	1.9637	None
HIC1	MTSS1	-0.94219	49.85	-1.6E-01	rgb(183,196,223)	1.9775	None
TFCP2L1	UNC13A	0.94205	49.02	0.198	rgb(219,179,180)	1.9611	None
PDX1	SMTNL2	0.94192	49.445	0.443	rgb(222,132,133)	1.9695	None
NR4A2	CREBRF	0.94164	49.915	0.416	rgb(222,137,138)	1.9788	None
PAX6	GPR148	-0.94164	49.96	-1.7E-01	rgb(180,195,223)	1.9797	None
NR4A2	TMEM190	0.9415	49.545	0.031	rgb(217,211,211)	1.9715	None
LMX1B	SLC18A1	0.94136	49.935	0.434	rgb(222,134,135)	1.9792	None
RFX6	TNP1	0.94123	48.37	0.872	rgb(227, 50, 52)	1.9482	None
ZFHX2	CHRNA1	-0.94109	48.535	-3.4E-01	rgb(144,173,230)	1.9515	None
TP73	OSBPL6	0.94095	48.725	0.048	rgb(218,208,208)	1.9552	None
ELF4	SCIMP	0.94081	49.56	4.3E-04	rgb(217,217,217)	1.9718	None
SMAD9	TMOD2	0.94067	48.62	0.619	rgb(224, 99,100)	1.9532	None
SOX4	CSF1R	0.94054	49.65	0.648	rgb(224, 93, 94)	1.9736	None
HSF2	ZCCHC18	-0.9404	49.94	-1.1E-01	rgb(193,203,221)	1.9793	None
RFX6	KCNK3	0.94026	48.245	0.743	rgb(225, 75, 77)	1.9457	None
FEV	STMN2	0.94012	48.695	0.695	rgb(225, 84, 86)	1.9546	None
SPIB	EPHA8	0.93998	49.43	0.433	rgb(222,134,135)	1.9692	None
ETS1	CHRNA5	0.93985	49.055	0.112	rgb(218,196,196)	1.9618	None
ONECUT1	AK056486	0.93971	48.935	0.435	rgb(222,134,135)	1.9594	2,2
ZNF492	AX746617	0.93957	49.62	0.622	rgb(224, 98, 99)	1.973	2,2
ETS1	TSHZ1	0.93943	48.315	0.042	rgb(217,209,209)	1.9471	None
SOX4	TPST2	-0.93929	49.815	-1.4E-01	rgb(186,198,222)	1.9768	None
ONECUT2	MUC16	0.93916	48.585	0.583	rgb(223,106,107)	1.9525	None
MAFA	FAM135B	0.93902	48.31	0.814	rgb(226, 62, 63)	1.947	None
KCNIP3	DIRAS1	0.93888	49.9	0.402	rgb(221,140,141)	1.9785	2,2
TFCP2L1	INS-IGF2	0.93874	49.46	0.117	rgb(218,195,195)	1.9698	None
SOX4	SULT1C2P1	0.9386	49.825	0.114	rgb(218,195,195)	1.977	None
MAFF	ITPR1	-0.93847	48.745	-7.4E-01	rgb( 56,119,245)	1.9556	None
NEUROD1	ADAMTS2	0.93833	48.5	0.498	rgb(222,122,123)	1.9508	None
ZNF846	SERPINA10	-0.93819	48.98	-4.8E-01	rgb(113,154,235)	1.9603	None
ZFP82	XKR7	0.93805	49.88	0.383	rgb(221,144,145)	1.9781	None
TGIF2	LRRTM3	0.93791	49.84	0.083	rgb(218,201,201)	1.9773	None
FEV	WNK3	0.93778	48.295	0.798	rgb(226, 65, 66)	1.9467	None
PRDM16	CALCOCO1	0.93764	49.865	0.365	rgb(221,147,148)	1.9778	None
MAFB	CCL19	0.9375	49.495	0.497	rgb(222,122,123)	1.9705	None
EGR3	LRIG1	0.93736	49.57	0.571	rgb(223,108,109)	1.972	None
HSF2	IFI44	-0.93722	49.88	-3.0E-03	rgb(216,217,217)	1.9781	None
SIM1	GUCY1A3	0.93709	49.425	0.426	rgb(222,136,136)	1.9691	2,2
ASCL2	DLL1	0.93695	48.715	0.006	rgb(217,216,216)	1.955	None
FOXP2	DOCK8	0.93667	49.485	0.055	rgb(218,206,207)	1.9703	None
ZNF846	AK125960	0.93667	49.06	0.087	rgb(218,200,200)	1.9619	2,2
TEAD1	FAM71E2	-0.93653	48.47	-3.0E-01	rgb(153,178,228)	1.9502	None
MAFA	ELAVL3	0.9364	47.73	0.733	rgb(225, 77, 78)	1.9355	None
ONECUT3	DZIP1	0.93626	48.68	0.68	rgb(224, 87, 89)	1.9543	None
NEUROG3	DNAJC12	0.93612	49.665	0.664	rgb(224, 90, 92)	1.9739	None
NEUROD1	DACH1	0.93598	48.515	0.511	rgb(223,119,120)	1.9511	None
HSF2	CLCN4	0.93584	49.85	0.012	rgb(217,215,215)	1.9775	None
NR4A3	NPTXR	-0.93571	49.875	-6.1E-02	rgb(204,209,219)	1.978	None
POU2F2	PCYT1B	0.93557	49.605	0.605	rgb(224,101,103)	1.9727	None
LMX1B	CACNA2D1	0.93543	48.215	0.103	rgb(218,197,197)	1.9451	None
PDX1	FCGBP	-0.93529	49.15	-6.3E-02	rgb(203,209,219)	1.9637	None
ASCL2	NPTXR	-0.93515	48.94	-2.3E-01	rgb(168,187,226)	1.9595	None
NEUROD2	PLEKHB1	0.93502	47.705	0.705	rgb(225, 82, 84)	1.935	None
GLIS2	CACNA1H	0.93488	48.55	0.55	rgb(223,112,113)	1.9518	None
ZFP90	OGFRL1	0.93474	49.035	0.106	rgb(218,197,197)	1.9614	None
RORC	ISLR2	0.9346	49.105	0.606	rgb(224,101,102)	1.9628	None
NEUROD1	RAB39B	0.93446	49.58	0.581	rgb(223,106,107)	1.9722	2,2
AEBP1	MRC1	0.93433	48.63	0.626	rgb(224, 97, 99)	1.9534	2,2
LMX1B	H1FX-AS1	-0.93419	49.63	-1.1E-01	rgb(194,203,221)	1.9732	None
MAFA	GIP	0.93405	48.2	0.7	rgb(225, 83, 85)	1.9448	None
NEUROG3	KCNF1	0.93391	49.66	0.658	rgb(224, 91, 93)	1.9738	None
SOX4	ASXL3	0.93377	49.83	0.009	rgb(217,215,215)	1.9771	None
ONECUT1	KIRREL3	0.9335	48.705	0.706	rgb(225, 82, 84)	1.9548	None
ZNF846	TTYH2	-0.9335	49.76	-1.2E-01	rgb(191,201,222)	1.9757	None
TGIF2	NFRKB	0.93336	49.47	0.016	rgb(217,214,214)	1.97	None
NEUROD1	VSTM2L	0.93322	49.775	0.276	rgb(220,164,165)	1.976	None
TEAD1	HDAC7	0.93308	48.27	0.769	rgb(225, 70, 72)	1.9462	None
NEUROD1	ACE	0.93295	48.165	0.667	rgb(224, 90, 91)	1.9441	None
HOXB9	IFI44L	0.93281	49.74	0.239	rgb(220,171,172)	1.9753	None
NEUROD2	SPINK4	0.93253	49.59	0.594	rgb(224,104,105)	1.9724	None
ZNF519	CBLN1	-0.93253	48.095	-5.9E-01	rgb( 88,139,240)	1.9428	None
PAX6	MBOAT4	-0.9324	49.61	-2.3E-01	rgb(167,187,226)	1.9728	None
ARX	SEZ6	0.93226	48.855	0.299	rgb(220,160,161)	1.9578	None
NKX2-2	FOXA2	0.93212	49.005	0.101	rgb(218,198,198)	1.9608	None
EGR3	RET	-0.93198	49.77	-2.7E-01	rgb(159,182,227)	1.9759	None
HHEX	LIN7A	0.93184	48.515	0.517	rgb(223,118,119)	1.9511	None
MAFA	SST	-0.93171	49.705	-6.6E-02	rgb(203,208,220)	1.9746	None
TEAD1	TMOD2	-0.93157	47.64	-2.6E-01	rgb(161,183,227)	1.9337	None
ZBTB4	AF090102	-0.93143	49.585	-5.8E-01	rgb( 91,140,239)	1.9723	2,2
NR4A2	BCAT1	-0.93129	49.09	-3.9E-02	rgb(208,212,218)	1.9625	None
ZNF846	TTLL6	0.93115	48.18	0.089	rgb(218,200,200)	1.9444	None
LMX1B	NACAD	0.93102	49.44	0.437	rgb(222,134,134)	1.9694	None
ELF4	AADAT	-0.93088	49.655	-6.4E-02	rgb(203,209,219)	1.9737	None
ETV1	ANKRD65	-0.93074	48.51	-1.8E-01	rgb(178,193,224)	1.951	None
GATA2	UCN3	0.9306	48.98	0.48	rgb(222,125,126)	1.9603	None
ONECUT1	ROBO1	0.93046	47.98	0.478	rgb(222,126,127)	1.9405	None
ZFP28	CELF4	-0.93033	49.485	-7.5E-02	rgb(201,207,220)	1.9703	None
ETV1	ATF5	0.93019	49.55	0.102	rgb(218,198,198)	1.9716	None
NEUROD2	SERPINI1	0.93005	49.12	0.622	rgb(224, 98, 99)	1.9631	None
TFCP2L1	TMEM61	0.92991	49.55	0.053	rgb(218,207,207)	1.9716	None
PDX1	SLC7A4	0.92977	49.07	0.034	rgb(217,210,211)	1.9621	None
ONECUT1	POU2F2	0.92964	49.415	0.418	rgb(222,137,138)	1.9689	None
RORC	L1TD1	-0.9295	48.45	-4.5E-01	rgb(120,158,234)	1.9498	None
PBX1	RASL11B	0.92936	47.56	0.339	rgb(221,152,153)	1.9322	None
RFX6	TOX	0.92922	47.67	0.671	rgb(224, 89, 90)	1.9343	None
ELF4	NALCN	-0.92895	48.43	-4.3E-01	rgb(124,160,233)	1.9494	None
NR4A2	NKD1	-0.92895	49.43	-4.0E-02	rgb(208,212,219)	1.9692	None
RFX6	QDPR	0.92867	47.59	0.592	rgb(224,104,105)	1.9328	None
RORC	FAM71E2	-0.92867	49.535	-2.4E-01	rgb(164,185,226)	1.9713	None
ONECUT1	MTUS2	0.92853	49.395	0.397	rgb(221,141,142)	1.9685	None
LMX1A	SAMD14	-0.92839	48.84	-3.4E-01	rgb(143,172,230)	1.9575	None
PRDM16	TCEAL1	-0.92826	47.965	-4.7E-01	rgb(116,156,235)	1.9402	None
NEUROD2	GPC2	0.92812	47.505	0.505	rgb(223,121,122)	1.9311	None
PBX1	PRELP	0.92798	47.6	0.26	rgb(220,167,168)	1.933	None
RFX6	CYP4F24P	0.92784	48.64	0.641	rgb(224, 95, 96)	1.9536	None
GATA4	ALAS2	0.9277	48.095	0.594	rgb(224,104,105)	1.9428	None
PAX6	ASCL2	0.92757	49.43	0.432	rgb(222,134,135)	1.9692	None
ZFHX2	GAD2	-0.92743	48.68	-6.8E-01	rgb( 69,127,243)	1.9543	None
NEUROG3	ELFN1	0.92729	47.625	0.623	rgb(224, 98, 99)	1.9334	None
MAFA	PTPRN	0.92701	47.275	0.133	rgb(218,192,192)	1.9265	None
SOX4	BGN	-0.92701	48.05	-5.5E-01	rgb( 97,144,238)	1.9419	None
GATA4	PRELP	-0.92688	49.03	-5.3E-01	rgb(102,147,237)	1.9613	None
NEUROD2	RASL10B	0.92674	49.415	0.416	rgb(222,138,138)	1.9689	2,2
PDX1	FSTL5	-0.9266	49.035	-3.7E-02	rgb(209,212,218)	1.9614	None
MAFA	ICA1L	-0.92646	48.965	-9.8E-02	rgb(196,204,221)	1.96	None
ETV1	SV2A	0.92632	47.56	0.388	rgb(221,143,144)	1.9322	None
ASCL1	WNT6	0.92619	49.495	0.494	rgb(222,123,124)	1.9705	None
ETV1	SLC26A7	-0.92605	49.43	-2.5E-01	rgb(163,184,226)	1.9692	None
PDX1	ARHGAP9	-0.92591	49.475	-4.7E-01	rgb(114,155,235)	1.9701	None
PDX1	MAFB	0.92563	49.41	0.411	rgb(222,139,139)	1.9688	None
ZNF117	HBT8	0.92563	48.89	0.392	rgb(221,142,143)	1.9585	2,2
FEV	SPIB	0.9255	48.635	0.636	rgb(224, 96, 97)	1.9535	None
NFAT5	NEAT1	0.92536	47.59	0.593	rgb(224,104,105)	1.9328	None
NEUROG3	TUBB3	0.92522	47.895	0.395	rgb(221,142,142)	1.9388	None
LMX1A	GAD2	-0.92508	49.045	-5.4E-02	rgb(205,210,219)	1.9616	None
HIC1	CELF5	-0.92494	49.42	-4.2E-01	rgb(126,162,233)	1.969	None
ZNF846	MALAT1	0.92481	49.37	0.101	rgb(218,198,198)	1.968	None
FEV	CYGB	-0.92467	49.325	-8.2E-01	rgb( 38,108,248)	1.9671	None
PRDM16	TRIM35	0.92453	49.24	0.738	rgb(225, 76, 77)	1.9654	None
FEV	GDF1	0.92439	48.695	0.695	rgb(225, 84, 86)	1.9546	None
ZNF492	CELF5	0.92425	49.005	0.505	rgb(223,121,122)	1.9608	None
EGR3	CPLX2	-0.92412	49.43	-4.3E-01	rgb(124,161,233)	1.9692	None
PDX1	BGN	0.92398	49.35	0.353	rgb(221,150,150)	1.9676	None
FEV	B3GAT1	0.92384	49.405	0.406	rgb(221,140,140)	1.9687	None
NEUROG3	INSM1	0.9237	49.405	0.405	rgb(221,140,140)	1.9687	None
LMX1A	MIR7-3HG	-0.92357	49.035	-6.2E-02	rgb(204,209,219)	1.9614	None
ONECUT3	IPO11-LRRC70	-0.92343	47.995	-4.9E-01	rgb(110,152,236)	1.9408	2,2
GATA2	SLC7A4	0.92329	48.945	0.444	rgb(222,132,133)	1.9596	None
TFCP2L1	SAP30	0.92315	47.635	0.134	rgb(218,191,192)	1.9336	None
ZNF382	LTF	0.92301	48.87	0.169	rgb(219,185,185)	1.9581	None
NR4A2	ITGA7	0.92288	47.535	0.274	rgb(220,165,165)	1.9317	None
NR4A2	FAM110B	0.9226	47.665	0.087	rgb(218,200,201)	1.9342	None
NR4A2	FUT1	0.9226	49.36	0.191	rgb(219,181,181)	1.9678	None
LMX1B	ACTL6B	0.92246	49.38	0.383	rgb(221,144,145)	1.9682	None
SMAD9	SBK1	0.92232	49.225	0.725	rgb(225, 79, 80)	1.9651	None
ZFHX2	SLC30A4	0.92219	48.995	0.497	rgb(222,122,123)	1.9606	None
NEUROD2	CLPS	0.92205	49.135	0.633	rgb(224, 96, 97)	1.9634	None
MYT1	AF070581	0.92191	49	0.502	rgb(223,121,122)	1.9607	2,2
ATF5	CPE	0.92177	47.2	0.159	rgb(219,187,187)	1.925	None
MAFF	ASCL2	-0.92163	48.46	-4.6E-01	rgb(117,156,234)	1.95	None
ELF4	PCYT1B	-0.92122	47.055	-5.5E-01	rgb( 97,144,238)	1.9222	None
NHLH1	MUC5B	-0.92122	49.285	-2.8E-01	rgb(155,179,228)	1.9663	None
ZNF846	CACNA2D1	0.92122	48.14	0.002	rgb(217,217,217)	1.9436	None
SIM1	SYT4	0.92108	47.7	0.7	rgb(225, 83, 85)	1.9349	2,2
PDX1	IFI44L	0.92094	49.295	0.066	rgb(218,204,205)	1.9665	None
SMAD9	SAMD11	0.92081	49.25	0.252	rgb(220,169,169)	1.9656	None
ZNF492	SGCD	0.92067	48.855	0.164	rgb(219,186,186)	1.9578	None
RFX3	KCTD12	0.92053	47.665	0.668	rgb(224, 89, 91)	1.9342	None
NR4A2	INSM1	0.92039	48.105	0.034	rgb(217,211,211)	1.943	None
FEV	FAM71E2	0.92025	48.96	0.007	rgb(217,216,216)	1.9599	None
MAFB	PDE8B	0.92012	49.11	0.609	rgb(224,101,102)	1.9629	None
ETV1	IMPG1	-0.91998	48.525	-3.6E-02	rgb(209,212,218)	1.9513	None
MAFA	NHSL2	0.9197	47.71	0.709	rgb(225, 82, 83)	1.9351	None
SMAD9	MTSS1	0.9197	47.27	0.767	rgb(225, 70, 72)	1.9264	None
LMX1B	ST8SIA5	0.91956	48.04	0.542	rgb(223,114,115)	1.9417	None
ASCL2	LSP1	-0.91943	49.4	-3.7E-02	rgb(209,212,218)	1.9686	None
SOX4	GPC6	-0.91929	49.295	-3.0E-01	rgb(152,178,228)	1.9665	None
ATOH8	FLJ00385	0.91915	49.09	0.587	rgb(223,105,106)	1.9625	2,2
SMAD9	BGN	0.91901	48.525	0.526	rgb(223,116,118)	1.9513	None
GRHL3	NEURL	0.91887	47.62	0.617	rgb(224, 99,100)	1.9333	2,2
NEUROG3	PHLDA2	0.91874	49.085	0.587	rgb(223,105,106)	1.9624	None
ELF4	CHST10	-0.9186	48.77	-2.4E-01	rgb(166,186,226)	1.9561	None
PDX1	HCN4	0.91846	48.905	0.075	rgb(218,203,203)	1.9588	None
MAFA	KAT2B	0.91832	47.985	0.489	rgb(222,124,125)	1.9406	None
ARNT2	DCHS1	-0.91805	48.895	-5.7E-02	rgb(205,209,219)	1.9586	None
ZFHX2	ADAMTSL1	-0.91805	47.5	-5.0E-01	rgb(108,151,236)	1.931	None
RORC	STK33	-0.91791	48.945	-4.5E-01	rgb(120,158,234)	1.9596	None
SMAD9	TMEM132B	0.91777	47.425	0.427	rgb(222,135,136)	1.9295	None
NEUROG3	NPTX1	0.91763	47.1	0.603	rgb(224,102,103)	1.923	None
NHLH1	C2CD4B	0.91749	47.08	0.581	rgb(223,106,107)	1.9227	None
EGR3	FAM13A-AS1	-0.91736	48.035	-5.3E-01	rgb(101,147,237)	1.9416	None
ZFP28	CCDC74B	0.91722	47.545	0.203	rgb(219,178,179)	1.9319	None
TEAD2	PGA4	0.91708	48.845	0.137	rgb(219,191,191)	1.9576	None
PRDM16	UNC13A	0.9168	49.08	0.006	rgb(217,216,216)	1.9623	None
TFCP2L1	PGA4	-0.9168	48.07	-6.8E-02	rgb(202,208,220)	1.9423	None
HSF2	CSH1	0.91667	48.86	0.102	rgb(218,197,198)	1.9579	None
NR4A2	SH3RF3-AS1	-0.91653	48.965	-2.4E-01	rgb(164,185,226)	1.96	None
ETS1	FW340055	0.91625	48.665	0.173	rgb(219,184,184)	1.954	2,2
ZNF846	POU2F2	0.91625	47.235	0.067	rgb(218,204,204)	1.9257	None
RFX6	TAC1	0.91611	48.88	0.049	rgb(218,208,208)	1.9583	None
RFX6	DACH1	0.91598	48.805	0.305	rgb(220,159,159)	1.9568	None
TFCP2L1	KANK2	0.9157	47.66	0.064	rgb(218,205,205)	1.9341	None
ZNF492	SOCS1	-0.9157	48.92	-4.2E-01	rgb(127,162,233)	1.9591	None
LHX1	ANKRD18A	0.91556	48.035	0.116	rgb(218,195,195)	1.9416	None
ELF4	OLFML2B	0.91542	49.05	0.052	rgb(218,207,207)	1.9617	None
ONECUT1	EYA4	0.91529	48.895	0.396	rgb(221,141,142)	1.9586	None
ETS1	ZFP2	0.91515	49.335	0.006	rgb(217,216,216)	1.9673	None
ONECUT3	PRDM16	0.91501	49.105	0.608	rgb(224,101,102)	1.9628	None
PRDM16	HCN4	0.91487	49.06	0.558	rgb(223,110,112)	1.9619	None
LMX1A	PDE8B	-0.9146	46.98	-4.8E-01	rgb(113,154,235)	1.9207	None
SOX4	IGSF21	-0.9146	46.98	-4.8E-01	rgb(113,154,235)	1.9207	None
EGR3	CLCNKA	-0.91446	49.23	-2.3E-01	rgb(167,187,226)	1.9652	None
MAFA	NEUROD2	0.91432	48.49	0.042	rgb(217,209,209)	1.9506	None
FOXA1	TMOD2	0.91418	48.7	0.704	rgb(225, 83, 84)	1.9547	None
HSF2	FSD1	-0.91405	49.03	-5.3E-01	rgb(102,147,237)	1.9613	None
PAX6	DACH1	-0.91391	49.005	-1.4E-01	rgb(188,199,222)	1.9608	None
PAX4	RIIAD1	-0.91377	47.94	-2.0E-01	rgb(173,190,225)	1.9397	None
SOX4	PPP1R3C	0.91363	48.395	0.398	rgb(221,141,142)	1.9487	None
RORC	PCDHB15	-0.91349	47.925	-4.2E-01	rgb(125,161,233)	1.9394	None
GATA2	CCDC181	0.91336	48.48	0.03	rgb(217,211,211)	1.9504	None
NR4A2	SLC6A16	0.91322	48.96	0.462	rgb(222,129,130)	1.9599	None
TEAD2	GPC2	0.91308	48.94	0.44	rgb(222,133,134)	1.9595	None
LMX1A	SMAD9	0.91294	48.115	0.057	rgb(218,206,206)	1.9432	None
TFCP2L1	SH3RF3-AS1	0.9128	47.5	0.5	rgb(223,121,122)	1.931	None
LMX1B	CD200	0.91267	47.925	0.427	rgb(222,135,136)	1.9394	None
NR4A2	SPIB	-0.91253	48.49	-1.9E-02	rgb(213,214,218)	1.9506	None
FEV	GPC6	0.91225	48.495	0.493	rgb(222,123,124)	1.9507	None
MAFA	CHGA	-0.91225	46.98	-3.8E-01	rgb(136,167,231)	1.9207	None
ETV1	MAP1B	0.91211	47.49	0.239	rgb(220,171,172)	1.9308	None
HIC1	L1TD1	-0.91184	48.335	-2.1E-01	rgb(171,189,225)	1.9475	None
HSF2	TRPC7	-0.91184	48.455	-4.6E-01	rgb(118,157,234)	1.9499	None
NPAS3	PGM5P2	0.9117	49.055	0.553	rgb(223,111,113)	1.9618	2,2
SIM1	ATCAY	0.91156	47	0.5	rgb(223,121,122)	1.9211	2,2
NR4A2	SUSD2	0.91142	47.585	0.094	rgb(218,199,199)	1.9327	None
LHX1	FAM13A-AS1	-0.91129	48.995	-4.9E-01	rgb(110,152,236)	1.9606	None
ATF6	SCT	0.91115	48.995	0.067	rgb(218,204,204)	1.9606	None
MYT1	ECEL1	0.91101	48.83	0.333	rgb(221,153,154)	1.9573	2,2
NR4A2	HEYL	0.91087	48.455	0.033	rgb(217,211,211)	1.9499	None
ZNF846	DLGAP3	-0.91073	48.955	-2.7E-01	rgb(158,181,227)	1.9598	None
EGR3	TPST2	-0.9106	48.87	-3.7E-01	rgb(137,168,231)	1.9581	None
ETS1	HHEX	-0.91046	47.105	-1.8E-01	rgb(178,194,224)	1.9231	None
TFCP2L1	SERPINI1	0.91032	46.955	0.363	rgb(221,148,148)	1.9202	None
SPIB	SPDYE7P	0.91018	47.595	0.086	rgb(218,200,201)	1.9329	None
ZNF846	CHST8	-0.91004	47.54	-1.5E-01	rgb(183,197,223)	1.9318	None
NKX2-2	GRASP	0.90991	47.055	0.557	rgb(223,111,112)	1.9222	None
NEUROG3	ATOH8	0.90977	48.66	0.66	rgb(224, 91, 92)	1.9539	None
NEUROG3	LRRN2	0.90963	48.995	0.496	rgb(222,122,123)	1.9606	None
TFCP2L1	NPM2	0.90949	47.06	0.222	rgb(219,175,175)	1.9223	None
PDX1	CYGB	0.90935	48.8	0.028	rgb(217,212,212)	1.9567	None
PRDM16	CACNG4	-0.90922	48.78	-2.8E-01	rgb(156,180,228)	1.9563	None
NR4A2	TTR	0.90908	48.79	0.067	rgb(218,204,204)	1.9565	None
NFAT5	FCRL6	0.90894	47	0.309	rgb(220,158,159)	1.9211	None
SMAD9	MAPK12	0.9088	46.645	0.205	rgb(219,178,178)	1.914	None
MAFA	VSTM2L	0.90866	48.87	0.368	rgb(221,147,148)	1.9581	None
ARNT2	TEAD2	-0.90853	46.98	-3.2E-01	rgb(147,175,229)	1.9207	None
TEAD1	GPBAR1	-0.90839	48.885	-3.8E-01	rgb(134,167,232)	1.9584	None
ZFHX2	RBFOX2	0.90825	48.995	0.496	rgb(222,122,123)	1.9606	None
ONECUT1	DCHS1	0.90811	48.77	0.273	rgb(220,165,165)	1.9561	None
LHX1	PKIA	-0.90797	48.93	-1.3E-01	rgb(189,200,222)	1.9593	None
ATF6	ASXL3	0.90784	48.35	0.162	rgb(219,186,186)	1.9478	None
ZFP82	PTPRN2	0.9077	47.65	0.653	rgb(224, 92, 94)	1.9339	None
ASCL1	MANEAL	0.90756	48.08	0.578	rgb(223,107,108)	1.9425	None
NHLH1	MAD2L2	0.90742	48.835	0.338	rgb(221,152,153)	1.9574	None
NR4A2	EIF4EBP3	0.90728	47.645	0.644	rgb(224, 94, 95)	1.9338	None
ZFP82	CBX2	0.90715	48.84	0.343	rgb(221,152,152)	1.9575	None
PAX6	EYA4	0.90701	48.05	0.001	rgb(217,217,217)	1.9419	None
TEAD1	SLC51B	-0.90687	46.51	-5.1E-01	rgb(107,150,236)	1.9114	None
HSF2	RSPH4A	-0.90646	48.32	-3.2E-01	rgb(148,175,229)	1.9472	None
MYRF	TMOD1	-0.90646	47.695	-8.4E-02	rgb(199,206,220)	1.9348	None
TEAD2	HHEX	0.90646	48.8	0.302	rgb(220,159,160)	1.9567	None
HSF2	PTPN22	0.90632	48.305	0.182	rgb(219,182,183)	1.9469	None
ZNF846	GSTM2	-0.90618	46.69	-1.1E-01	rgb(193,202,221)	1.9149	None
RFX2	CCDC181	0.90604	47.51	0.51	rgb(223,120,121)	1.9312	None
ETS1	CTNND1	0.90591	48.34	0.149	rgb(219,189,189)	1.9476	None
RORC	SGCD	0.90577	48.935	0.086	rgb(218,201,201)	1.9594	None
TFCP2L1	HES4	-0.90563	48.02	-2.9E-02	rgb(211,213,218)	1.9413	None
NR4A3	WNK2	-0.90549	47.035	-2.1E-01	rgb(171,189,225)	1.9218	None
EGR3	RPS3	0.90535	48.78	0.281	rgb(220,163,164)	1.9563	None
TGIF2	GYLTL1B	0.90522	48.395	0.053	rgb(218,207,207)	1.9487	2,2
TEAD1	GIP	-0.90508	47.54	-5.4E-01	rgb(100,146,238)	1.9318	None
RORC	NHLH1	-0.90494	48.365	-3.7E-01	rgb(137,169,231)	1.9481	None
NHLH1	POM121L9P	0.9048	47.7	0.7	rgb(225, 83, 85)	1.9349	None
ZNF846	ANKRD65	-0.90466	47.46	-4.6E-01	rgb(118,157,234)	1.9302	None
LMX1A	KCNJ3	-0.90453	48.035	-1.1E-02	rgb(215,216,217)	1.9416	None
FEV	TUB	0.90439	46.28	0.781	rgb(226, 68, 69)	1.9068	None
MAFA	STK31	-0.90425	48.62	-6.2E-01	rgb( 83,135,241)	1.9532	None
EGR3	XKR7	0.90411	47.89	0.194	rgb(219,180,180)	1.9387	None
FEV	TMEFF1	0.90397	47.985	0.053	rgb(218,207,207)	1.9406	None
LHX1	AGAP11	-0.90384	47.95	-8.9E-02	rgb(198,205,220)	1.9399	None
NEUROG3	CSF1R	0.9037	48.475	0.478	rgb(222,126,127)	1.9503	None
NR4A2	TMEM178B	-0.90356	46.95	-3.1E-01	rgb(150,176,229)	1.9201	None
LMX1A	LDHAL6A	0.90342	47.955	0.074	rgb(218,203,203)	1.94	None
PBX1	SST	-0.90328	47.595	-6.0E-01	rgb( 88,138,240)	1.9329	None
HSF2	CCND2	0.90315	48.515	0.186	rgb(219,181,182)	1.9511	None
NR4A2	TGIF2	-0.90301	46.995	-2.4E-01	rgb(166,186,226)	1.921	None
ZNF846	WNK3	0.90287	47.525	0.084	rgb(218,201,201)	1.9315	None
HSF2	KANK2	0.90273	48.64	0.061	rgb(218,205,205)	1.9536	None
PBX1	HES6	0.90259	48.5	0.107	rgb(218,197,197)	1.9508	None
EGR3	CACNB2	0.90246	48.355	0.037	rgb(217,210,210)	1.9479	None
SMAD9	RAP1GAP2	0.90232	47.985	0.484	rgb(222,125,125)	1.9406	None
HSF2	NALCN	0.90218	48.84	0.032	rgb(217,211,211)	1.9575	None
GATA4	RTN1	0.90204	47.915	0.411	rgb(222,139,139)	1.9392	None
HSF2	GATA4	-0.9019	46.635	-1.1E-01	rgb(193,202,221)	1.9138	None
ZFHX2	KIF5A	0.90177	47.02	0.181	rgb(219,183,183)	1.9215	None
GATA4	TMEFF2	0.90163	47.48	0.482	rgb(222,125,126)	1.9306	None
LMX1A	RPS6KL1	-0.90135	48.775	-1.1E-01	rgb(192,202,221)	1.9562	None
ZNF846	HLA-DPA1	-0.90135	48.805	-1.1E-01	rgb(194,203,221)	1.9568	None
PDX1	KCNH3	-0.90121	48.8	-2.0E-02	rgb(213,214,218)	1.9567	None
ATF6	NAALADL1	0.90094	48.57	0.09	rgb(218,200,200)	1.9522	None
MAFA	PTGDR2	0.90094	46.635	0.636	rgb(224, 96, 97)	1.9138	None
LHX1	RNF157-AS1	0.9008	47.48	0.12	rgb(218,194,194)	1.9306	None
PBX1	ATOH8	0.90066	48.785	0.032	rgb(217,211,211)	1.9564	None
ONECUT2	SMARCD2	-0.90052	48.62	-1.6E-01	rgb(182,196,223)	1.9532	None
FOXP2	SH3RF3	0.90039	47.525	0.053	rgb(218,207,207)	1.9315	None
RFX3	KNDC1	0.90011	48.795	0.296	rgb(220,161,161)	1.9566	None
TP73	HIF1A	-0.90011	48.295	-3.5E-02	rgb(209,212,218)	1.9467	None
EGR3	TMEFF1	0.89997	47.395	0.222	rgb(219,175,175)	1.9289	None
TFCP2L1	FER1L6-AS1	-0.89983	47.405	-4.0E-01	rgb(130,164,232)	1.9291	None
ETS1	HLA-DPA1	-0.8997	46.895	-3.2E-01	rgb(147,175,229)	1.919	None
NEUROD2	CFC1	0.89956	46.61	0.127	rgb(218,193,193)	1.9133	None
TFCP2L1	SCT	-0.89942	47.925	-7.2E-02	rgb(201,208,220)	1.9394	None
ATOH8	FAM65C	0.89928	48.275	0.276	rgb(220,164,165)	1.9463	2,2
ETS1	DUSP2	0.89914	48.52	0.022	rgb(217,213,213)	1.9512	None
MAFB	HCP5	0.89901	48.73	0.234	rgb(220,172,173)	1.9553	None
ZNF846	RNF157-AS1	0.89887	46.43	0.369	rgb(221,147,147)	1.9098	None
HSF2	GPR173	-0.89873	48.585	-1.7E-01	rgb(181,195,223)	1.9525	None
PBX1	HGFAC	0.89859	47.535	0.013	rgb(217,215,215)	1.9317	None
FOXP2	RUNX1T1	-0.89845	48.6	-2.5E-01	rgb(163,184,227)	1.9528	None
NR4A2	CDH22	0.89832	48.455	0.056	rgb(218,206,206)	1.9499	None
NR4A2	PRKXP1	0.89818	47.35	0.347	rgb(221,151,151)	1.928	None
RORC	NEFL	-0.89804	46.51	-2.6E-01	rgb(160,183,227)	1.9114	None
TFCP2L1	IGFN1	0.8979	47.555	0.556	rgb(223,111,112)	1.9321	None
LHX1	CCK	-0.89776	48.475	-4.8E-01	rgb(114,154,235)	1.9503	None
FOXA1	ZFP90	0.89763	46.15	0.652	rgb(224, 92, 94)	1.9042	None
RORC	SMARCA1	-0.89749	47.415	-4.1E-01	rgb(127,162,233)	1.9293	None
NR4A2	REM2	-0.89735	48.525	-6.3E-03	rgb(216,216,217)	1.9513	None
TFCP2L1	NEUROD1	-0.89721	47.86	-1.4E-01	rgb(186,198,222)	1.9381	None
RORC	KIF19	-0.89694	46.595	-1.2E-01	rgb(190,201,222)	1.913	None
SMAD9	GRASP	0.89694	48.085	0.588	rgb(223,105,106)	1.9426	None
FOXA1	ADAMTSL1	-0.8968	46.585	-1.5E-01	rgb(185,198,223)	1.9128	None
MAFF	FCGBP	0.89666	47.63	0.133	rgb(218,192,192)	1.9335	None
RFX6	HOPX	0.89652	48.19	0.688	rgb(225, 86, 87)	1.9446	None
TEAD1	MAFF	-0.89625	47.535	-5.4E-01	rgb(101,146,237)	1.9317	None
ZFHX2	PTCH1	0.89625	48.07	0.568	rgb(223,109,110)	1.9423	None
PDX1	MEX3A	0.89611	48.22	0.122	rgb(218,194,194)	1.9452	None
SOX4	PEX5L	-0.89597	48.48	-4.8E-01	rgb(112,153,235)	1.9504	None
RORC	AMPH	-0.89583	48.525	-5.2E-01	rgb(104,148,237)	1.9513	None
NR4A2	WNK2	-0.8957	46.61	-1.0E-01	rgb(195,204,221)	1.9133	None
ZNF846	DPYSL3	0.89556	48.07	0.131	rgb(218,192,192)	1.9423	None
LMX1A	ICA1L	0.89542	46.58	0.138	rgb(219,191,191)	1.9127	None
ETS1	SCG5	-0.89528	46.08	-2.5E-01	rgb(162,183,227)	1.9028	None
NR4A2	DUSP2	-0.89514	47.435	-4.3E-01	rgb(124,160,233)	1.9297	None
ZNF846	ATP6V0E2	-0.89501	47.085	-1.5E-02	rgb(214,215,218)	1.9227	None
TFCP2L1	RGS16	0.89487	48.24	0.065	rgb(218,205,205)	1.9456	None
ZNF846	MEX3B	0.89473	48.49	0.179	rgb(219,183,183)	1.9506	None
ZFHX2	AGAP11	0.89459	48.46	0.462	rgb(222,129,130)	1.95	None
LMX1B	SCGN	0.89445	48.39	0.393	rgb(221,142,143)	1.9486	None
ARX	SFTPA2	-0.89418	48.35	-3.5E-01	rgb(141,170,230)	1.9478	None
TEAD1	DLC1	0.89418	46.075	0.573	rgb(223,107,109)	1.9027	None
SOX4	GGT5	0.89404	47.895	0.395	rgb(221,142,142)	1.9388	None
ZNF846	APLP1	-0.8939	46.46	-4.6E-01	rgb(117,156,234)	1.9104	None
RFX6	TMEM200A	0.89376	48.39	0.389	rgb(221,143,143)	1.9486	None
HSF2	SSTR5	-0.89363	46.595	-8.5E-02	rgb(199,206,220)	1.913	None
NEUROD1	DPEP1	0.89349	45.81	0.808	rgb(226, 63, 64)	1.8975	None
ZNF519	KANK2	0.89335	46.085	0.194	rgb(219,180,180)	1.9029	None
ZFHX2	CBX2	0.89321	48.4	0.15	rgb(219,188,189)	1.9488	None
RFX6	INSRR	0.89307	47.43	0.429	rgb(222,135,136)	1.9296	None
RFX6	CNGA3	0.89294	45.695	0.696	rgb(225, 84, 85)	1.8952	None
ARX	GCG	0.8928	48.37	0.109	rgb(218,196,196)	1.9482	None
RFX3	KCNH7	0.89266	47.73	0.733	rgb(225, 77, 79)	1.9355	None
SOX4	LRFN1	-0.89252	47.92	-7.0E-02	rgb(202,208,220)	1.9393	None
PAX6	SEZ6	-0.89238	48.4	-1.6E-01	rgb(182,196,223)	1.9488	None
SOX4	NDRG4	0.89225	48.205	0.108	rgb(218,196,197)	1.9449	None
ONECUT1	KCNMB2	0.89211	48.34	0.343	rgb(221,152,152)	1.9476	None
NEUROD1	INSM1	0.89197	45.545	0.544	rgb(223,113,114)	1.8922	None
RFX6	CNTN3	-0.89169	47.77	-1.7E-01	rgb(179,194,224)	1.9363	None
ZNF382	DPP10	-0.89169	46.89	-2.5E-01	rgb(162,184,227)	1.9189	None
SPIB	WNK3	0.89156	47.935	0.436	rgb(222,134,135)	1.9396	None
NR4A2	TCTEX1D4	0.89128	47.84	0.342	rgb(221,152,152)	1.9377	None
PDX1	ZFHX2	-0.89128	47.345	-2.0E-01	rgb(173,190,225)	1.9279	None
ZNF846	NKTR	0.89114	45.62	0.278	rgb(220,164,164)	1.8937	None
NEUROG3	VSTM2L	0.891	47.405	0.404	rgb(221,140,141)	1.9291	None
RFX6	FFAR2	0.89087	45.735	0.733	rgb(225, 77, 78)	1.896	None
PRDM16	BTBD17	-0.89073	47.795	-2.9E-01	rgb(153,178,228)	1.9368	None
TFCP2L1	CAMK2N2	0.89059	48.305	0.008	rgb(217,215,215)	1.9469	None
DACH1	CCDC154	0.89045	46	0.502	rgb(223,121,122)	1.9013	2,2
ZFHX2	CLCA1	0.89031	47.72	0.219	rgb(219,175,176)	1.9353	None
NEUROD1	TMEFF1	0.89018	46.025	0.525	rgb(223,117,118)	1.9018	None
TP73	CYMP	0.89004	45.6	0.26	rgb(220,167,168)	1.8933	None
ETS1	PBOV1	-0.8899	48.265	-2.7E-01	rgb(159,182,227)	1.9461	None
NEUROD1	SLC8A1	0.88976	45.16	0.657	rgb(224, 91, 93)	1.8846	None
ONECUT3	ABCA9	-0.88962	47.52	-5.2E-01	rgb(103,148,237)	1.9314	None
TFCP2L1	PPP1R14A	-0.88949	46.18	-2.7E-02	rgb(211,213,218)	1.9048	None
FOXP2	MUC16	0.88935	46.585	0.041	rgb(217,209,209)	1.9128	None
SOX4	SPON2	0.88921	47.17	0.671	rgb(224, 89, 90)	1.9244	None
NFAT5	IRF2BP1	-0.88907	47.435	-4.4E-01	rgb(122,159,234)	1.9297	None
NEUROD2	TAGLN3	0.88893	48.05	0.547	rgb(223,113,114)	1.9419	None
TFCP2L1	GSTM2	-0.8888	47.74	-9.3E-03	rgb(215,216,217)	1.9357	None
HSF2	SPAG8	0.88866	48.08	0.168	rgb(219,185,185)	1.9425	None
ETS1	TAF9B	0.88852	46.385	0.305	rgb(220,159,159)	1.9089	None
ZNF846	CD99L2	0.88838	48.025	0.064	rgb(218,205,205)	1.9414	None
NR4A2	MDK	0.88825	46.915	0.411	rgb(222,139,139)	1.9194	None
NEUROD1	LMX1A	0.88811	45.555	0.554	rgb(223,111,112)	1.8924	None
ETS1	ZFP62	-0.88797	46.58	-4.1E-02	rgb(208,212,219)	1.9127	None
NEUROD2	CHRNB4	0.88783	46.14	0.638	rgb(224, 95, 96)	1.904	None
FEV	CELF5	0.88769	46.465	0.467	rgb(222,128,129)	1.9105	None
ONECUT1	ST6GALNAC5	0.88756	45.89	0.391	rgb(221,142,143)	1.8991	None
ETS1	ANKRD65	0.88742	46.48	0.478	rgb(222,126,127)	1.9108	None
GRHL3	PCDHB15	0.88728	46.64	0.638	rgb(224, 95, 96)	1.9139	2,2
DACH1	SCGB1C1	0.88714	45.135	0.632	rgb(224, 96, 97)	1.8841	2,2
FOXA1	LINC00494	0.887	47.98	0.483	rgb(222,125,126)	1.9405	None
SOX4	SUSD2	0.88687	45.215	0.712	rgb(225, 81, 82)	1.8857	None
ETS1	CITED1	0.88673	47.97	0.013	rgb(217,214,215)	1.9403	None
ZNF117	PGM5P2	0.88659	47.925	0.426	rgb(222,136,137)	1.9394	2,2
HEYL	GYLTL1B	0.88645	47.09	0.594	rgb(224,104,105)	1.9228	2,2
LHX1	TRPM2	-0.88631	47.41	-3.2E-02	rgb(210,213,218)	1.9292	None
ELF4	VWCE	-0.88618	46.365	-3.7E-01	rgb(137,169,231)	1.9085	None
NEUROD2	PPP1R16B	0.88604	45.23	0.732	rgb(225, 77, 79)	1.886	None
MAFB	CACNG4	0.8859	47.795	0.295	rgb(220,161,161)	1.9368	None
PDX1	ZNF117	-0.88576	47.995	-4.9E-01	rgb(110,152,236)	1.9408	None
FEV	RTN1	0.88562	47.78	0.281	rgb(220,163,164)	1.9365	None
ZNF846	FKSG51	0.88549	45.58	0.219	rgb(219,175,176)	1.8929	2,2
EGR3	USH2A	-0.88535	48.025	-5.2E-01	rgb(104,148,237)	1.9414	None
EGR3	PCYT1B	0.88521	47.4	0.034	rgb(217,211,211)	1.929	None
NEUROD2	AP3B2	0.88493	45.51	0.509	rgb(223,120,121)	1.8916	None
PAX6	GPR173	-0.88493	47.57	-2.3E-01	rgb(167,186,226)	1.9324	None
LHX1	HOMEZ	0.8848	47.545	0.545	rgb(223,113,114)	1.9319	None
NR4A2	CCDC74A	-0.88466	46.115	-7.2E-02	rgb(201,207,220)	1.9035	None
ASCL1	PPM1E	0.88452	48.015	0.512	rgb(223,119,120)	1.9412	None
ASCL2	SDK2	0.88438	46.585	0.007	rgb(217,216,216)	1.9128	None
RORC	DPYSL4	0.88424	48.1	0.019	rgb(217,213,213)	1.9429	None
TEAD1	ZG16	-0.88411	45.55	-5.5E-01	rgb( 98,144,238)	1.8923	None
MAFA	CRLF1	0.88397	47.88	0.38	rgb(221,144,145)	1.9385	None
ASCL2	WNT6	-0.88383	46.925	-1.3E-01	rgb(190,200,222)	1.9196	None
ETS1	CTXN1	-0.88369	47.435	-2.1E-01	rgb(172,190,225)	1.9297	None
TFCP2L1	PRRT3	0.88355	46.52	0.518	rgb(223,118,119)	1.9116	None
NEUROG3	EPHB3	0.88342	47.51	0.509	rgb(223,120,121)	1.9312	None
PDX1	OR51E1	0.88314	47.465	0.463	rgb(222,129,130)	1.9303	None
SIM1	ASCL1	0.88314	47.61	0.611	rgb(224,100,102)	1.9331	2,2
ARX	LMX1A	0.883	45.65	0.649	rgb(224, 93, 94)	1.8943	None
ZNF846	PGF	-0.88286	47.985	-1.1E-01	rgb(192,202,221)	1.9406	None
TEAD1	MYRF	0.88273	47.04	0.538	rgb(223,114,115)	1.9219	None
FEV	SCGB1A1	0.88245	45.13	0.63	rgb(224, 97, 98)	1.884	None
TEAD1	ASXL3	0.88245	47.725	0.223	rgb(219,174,175)	1.9354	None
NR4A2	SEMA6B	0.88231	47.32	0.123	rgb(218,193,194)	1.9274	None
CBX2	RIC3	0.88217	47.96	0.458	rgb(222,129,130)	1.9401	2,2
TFCP2L1	SDK2	0.88204	47.775	0.218	rgb(219,175,176)	1.9364	None
ARX	TAGLN3	0.8819	47.945	0.172	rgb(219,184,185)	1.9398	None
TEAD1	MAD2L2	-0.88176	47.835	-3.3E-01	rgb(145,173,230)	1.9376	None
ARX	MLN	0.88162	46.5	0.503	rgb(223,121,122)	1.9112	None
NR4A2	SLC14A2	0.88148	47.88	0.379	rgb(221,145,145)	1.9385	None
SOX4	RSPH4A	0.88135	47.94	0.444	rgb(222,132,133)	1.9397	None
ARX	DOK6	0.88121	46.075	0.085	rgb(218,201,201)	1.9027	None
MAFA	CERKL	0.88107	47.5	0.498	rgb(222,122,123)	1.931	None
ZFHX2	TUBB2B	-0.88093	47.02	-5.2E-01	rgb(104,148,237)	1.9215	None
HIC1	DZIP1	-0.88052	46.14	-2.4E-04	rgb(217,217,217)	1.904	None
LHX1	ABLIM2	0.88052	47.815	0.244	rgb(220,170,171)	1.9372	None
NEUROD1	PAPPA2	0.88052	45.13	0.626	rgb(224, 97, 99)	1.884	None
MYT1	AB074188	0.88038	45.11	0.611	rgb(224,100,101)	1.8836	2,2
TFCP2L1	CLPS	0.88024	46.885	0.146	rgb(219,189,189)	1.9188	None
INSM1	CAMK2B	-0.8801	47.43	-1.5E-01	rgb(184,197,223)	1.9296	None
NEUROG3	EGR3	0.87997	45.915	0.415	rgb(222,138,139)	1.8996	None
NR4A3	GALNT16	0.87983	46.53	0.531	rgb(223,116,117)	1.9118	None
LHX1	CD52	-0.87955	46.87	-1.6E-01	rgb(182,196,223)	1.9185	None
MAFA	NRXN2	0.87955	46.42	0.421	rgb(222,137,137)	1.9096	None
HIF1A	MIR503HG	-0.87914	47.75	-9.8E-02	rgb(196,204,221)	1.9359	None
TFCP2L1	SEZ6	0.87914	46.375	0.244	rgb(220,170,171)	1.9087	None
ZNF117	AK126286	0.87914	47.575	0.575	rgb(223,107,108)	1.9325	2,2
TEAD1	CD300LF	0.879	46.56	0.001	rgb(217,217,217)	1.9124	None
NR4A2	SERTAD1	0.87886	46.48	0.484	rgb(222,125,126)	1.9108	None
SOX4	MAFA	0.87859	47.89	0.391	rgb(221,142,143)	1.9387	None
ZNF492	ENPP1	-0.87859	47.675	-5.5E-02	rgb(205,210,219)	1.9344	None
ZNF117	IFNE	0.87845	45.95	0.451	rgb(222,131,132)	1.9003	2,2
FOXA2	ACTL6B	-0.87831	46.155	-3.3E-02	rgb(210,213,218)	1.9043	None
ELF4	WNT6	-0.87817	45.97	-4.7E-01	rgb(115,155,235)	1.9007	None
LTF	PHLDA2	0.87804	45.99	0.493	rgb(222,123,124)	1.9011	None
ZNF519	GRASP	-0.8779	45.035	-3.3E-01	rgb(146,174,229)	1.8821	None
LHX1	METTL21EP	-0.87776	47.805	-3.0E-01	rgb(152,177,228)	1.937	None
ZNF846	UBL5	0.87762	46.585	0.052	rgb(218,207,207)	1.9128	None
ETS1	GCG	0.87748	46.41	0.412	rgb(222,138,139)	1.9094	None
PRDM16	ACOT7	-0.87735	45.61	-6.1E-01	rgb( 85,137,240)	1.8935	None
AKNA	AX747227	-0.87721	47.55	-5.5E-01	rgb( 98,144,238)	1.932	2,2
SOX4	CHRNA1	0.87707	45.495	0.498	rgb(222,122,123)	1.8913	None
EGR3	ADAMTSL2	0.87693	47.275	0.064	rgb(218,205,205)	1.9265	None
SOX4	TRPC4	-0.87679	44.955	-4.6E-01	rgb(118,157,234)	1.8806	None
ZFP82	SMARCA1	0.87666	47.54	0.541	rgb(223,114,115)	1.9318	None
SOX4	ZCCHC18	0.87652	45.13	0.628	rgb(224, 97, 98)	1.884	None
HSF2	EGR3	0.87638	47.25	0.247	rgb(220,170,170)	1.926	None
PDX1	SBK1	0.87624	47.76	0.052	rgb(218,207,207)	1.9361	None
ELF4	NKD1	0.8761	47.595	0.186	rgb(219,181,182)	1.9329	None
ASCL2	ELFN1	0.87597	47.32	0.32	rgb(221,156,157)	1.9274	None
MAFA	BOC	0.87583	46.475	0.474	rgb(222,126,127)	1.9107	None
ONECUT2	KDM1A	0.87569	47.455	0.045	rgb(217,208,209)	1.9301	None
NKX2-2	CTXN1	0.87555	45.56	0.562	rgb(223,110,111)	1.8925	None
NR4A2	VWCE	0.87541	47.18	0.182	rgb(219,182,183)	1.9246	None
HSF2	VCAN	0.87528	46.85	0.122	rgb(218,194,194)	1.9181	None
ONECUT1	KCNE4	0.87514	45.53	0.188	rgb(219,181,181)	1.8919	None
TEAD1	PDX1	0.875	47.54	0.16	rgb(219,186,187)	1.9318	None
MAFA	AMPH	0.87486	46.95	0.449	rgb(222,131,132)	1.9201	None
NR4A2	CHST10	-0.87472	47.295	-3.0E-01	rgb(153,178,228)	1.9269	None
EGR3	GRIN1	-0.87459	46.87	-3.7E-01	rgb(137,168,231)	1.9185	None
SOX4	MAPK7	-0.87445	47.08	-1.8E-01	rgb(178,193,224)	1.9227	None
NEUROD1	TMEM200A	0.87431	44.505	0.508	rgb(223,120,121)	1.8716	None
ELF4	MUC15	-0.87417	45.65	-1.9E-02	rgb(213,214,218)	1.8943	None
TFCP2L1	TEKT2	0.87403	47.205	0.057	rgb(218,206,206)	1.9251	None
SIM1	AK123868	0.8739	47.2	0.202	rgb(219,179,179)	1.925	2,2
FOXA1	SERPINA10	0.87376	46.98	0.129	rgb(218,192,193)	1.9207	None
PBX1	HEYL	0.87362	47.35	0.2	rgb(219,179,179)	1.928	None
FOXP2	BCAT1	0.87348	44.73	0.098	rgb(218,198,199)	1.8761	None
RORC	RCOR2	0.87334	44.95	0.358	rgb(221,149,149)	1.8805	None
LMX1A	PYY	0.87321	44.57	0.359	rgb(221,149,149)	1.8729	None
PBX1	MSI1	0.87307	46.45	0.091	rgb(218,200,200)	1.9102	None
EGR3	GDF11	0.87293	46.86	0.362	rgb(221,148,149)	1.9183	None
PAX6	ISLR2	-0.87279	46.93	-6.3E-02	rgb(203,209,219)	1.9197	None
TEAD2	GLIS2	0.87265	45.535	0.538	rgb(223,114,115)	1.892	None
EGR3	CYP27A1	-0.87252	46.885	-3.8E-01	rgb(134,166,232)	1.9188	None
PRDM16	EGFR	0.87238	47.48	0.477	rgb(222,126,127)	1.9306	None
ZNF846	GOLGA7B	-0.87224	45.5	-2.0E-01	rgb(174,191,225)	1.8914	None
ASCL2	KANK2	0.8721	45.24	0.741	rgb(225, 76, 77)	1.8862	None
EGR3	ELAVL3	-0.87196	45.89	-3.9E-01	rgb(132,165,232)	1.8991	None
ZNF846	CFC1	-0.87183	47.505	-5.1E-01	rgb(107,150,236)	1.9311	None
HSF2	INSRR	-0.87169	47.45	-1.8E-01	rgb(178,193,224)	1.93	None
TGIF2	CYP27A1	-0.87155	45.42	-3.0E-01	rgb(152,177,228)	1.8898	None
NR4A2	FOXP2	0.87141	45.53	0.526	rgb(223,117,118)	1.8919	None
LHX1	FER1L6-AS1	-0.87127	46.81	-3.1E-01	rgb(149,176,229)	1.9173	None
EGR3	CALCOCO1	-0.87114	47.4	-8.9E-02	rgb(198,205,220)	1.929	None
ZFP82	INHBE	0.871	46.855	0.038	rgb(217,210,210)	1.9182	None
NR4A2	IGFN1	0.87086	44.675	0.146	rgb(219,189,189)	1.875	None
HOXB9	CREBRF	0.87072	45.625	0.044	rgb(217,209,209)	1.8938	None
EGR3	SPIB	-0.87045	45.1	-1.4E-01	rgb(186,198,222)	1.8834	None
LMX1B	LAMP5	0.87045	47.405	0.406	rgb(221,140,140)	1.9291	None
NEUROD2	STARD9	0.87031	44.15	0.651	rgb(224, 93, 94)	1.8646	None
NEUROG3	RASL11B	0.87003	46.065	0.565	rgb(223,109,110)	1.9025	None
NHLH1	SSTR1	0.87003	45.525	0.145	rgb(219,189,190)	1.8918	None
ELF4	HCP5	-0.8699	46.35	-3.5E-01	rgb(141,171,230)	1.9082	None
NFAT5	TFCP2L1	-0.86976	47.245	-1.1E-01	rgb(194,203,221)	1.9259	None
TGIF2	CRISPLD2	0.86962	44.995	0.278	rgb(220,164,164)	1.8814	None
MAFA	OGFRL1	0.86948	45.15	0.648	rgb(224, 93, 94)	1.8844	None
ATF5	IL17C	-0.86934	44.495	-5.0E-01	rgb(109,151,236)	1.8714	None
RFX6	CHGB	0.86921	44.995	0.494	rgb(222,123,124)	1.8814	None
SOX4	SMTNL2	-0.86907	47.34	-3.4E-01	rgb(143,172,230)	1.9278	None
RORC	BGN	-0.86893	47.49	-4.9E-01	rgb(110,152,236)	1.9308	None
FOXP2	DENND2A	0.86865	45.135	0.086	rgb(218,201,201)	1.8841	None
SIM1	AFF2	0.86865	47.465	0.462	rgb(222,129,130)	1.9303	2,2
NR4A2	STMN2	-0.86852	46.47	-7.0E-03	rgb(215,216,217)	1.9106	None
FEV	JAM3	0.86838	47.06	0.561	rgb(223,110,111)	1.9223	None
HSF2	LRFN1	-0.86824	47.385	-1.7E-02	rgb(213,215,218)	1.9287	None
LMX1B	EPHA4	0.8681	46.37	0.373	rgb(221,146,146)	1.9086	None
PRDM16	NALCN	0.86796	47.41	0.407	rgb(221,139,140)	1.9292	None
GATA6	CTXN1	0.86783	45.53	0.109	rgb(218,196,196)	1.8919	None
MAFB	SMARCD2	-0.86769	47.155	-6.6E-01	rgb( 74,130,242)	1.9241	None
RORC	EPHB3	-0.86755	46.685	-1.4E-01	rgb(188,199,222)	1.9148	None
CBX2	PCDHB16	0.86741	45.915	0.418	rgb(222,137,138)	1.8996	2,2
MAFA	CHRM4	0.86727	47.43	0.428	rgb(222,135,136)	1.9296	None
LHX1	MMP11	0.86714	46.02	0.523	rgb(223,117,118)	1.9017	None
ZNF846	FAM171A2	-0.867	47.335	-6.7E-02	rgb(202,208,220)	1.9277	None
MAFA	SLC16A12	0.86686	47.355	0.356	rgb(221,149,150)	1.9281	None
ZFHX2	GAL	-0.86672	46.74	-2.4E-01	rgb(166,186,226)	1.9159	None
PDX1	COL22A1	-0.86658	46.835	-1.8E-01	rgb(177,193,224)	1.9178	None
LHX1	LDB1	0.86645	47.435	0.434	rgb(222,134,135)	1.9297	None
PDX1	TUBB2B	0.86631	45.375	0.375	rgb(221,145,146)	1.8889	None
LMX1A	PODXL2	-0.86617	45.58	-6.1E-02	rgb(204,209,219)	1.8929	None
PDX1	SLC30A4	-0.86603	47.43	-4.3E-01	rgb(124,160,233)	1.9296	None
SMAD9	ONECUT3	0.86589	45.055	0.174	rgb(219,184,184)	1.8825	None
SOX4	FABP5	-0.86576	45.51	-1.2E-01	rgb(191,201,222)	1.8916	None
NKX2-2	HECW2	0.86562	45.915	0.155	rgb(219,187,188)	1.8996	None
SPIB	STARD8	0.86548	47.01	0.509	rgb(223,120,121)	1.9213	None
GATA4	WNK3	0.86534	46.77	0.059	rgb(218,206,206)	1.9165	None
MYT1	AK123868	0.8652	46.03	0.53	rgb(223,116,117)	1.9019	2,2
NEUROD1	ATOH8	0.86507	44.9	0.34	rgb(221,152,153)	1.8795	None
ETS1	RSAD2	-0.86493	47.375	-8.8E-02	rgb(198,205,220)	1.9285	None
ZFP62	AX748285	0.86479	46.955	0.457	rgb(222,130,131)	1.9202	2,2
TFCP2L1	MBOAT4	0.86465	47.26	0.257	rgb(220,168,168)	1.9262	None
ZFHX2	ATP6V0E2	-0.86451	47.345	-3.5E-01	rgb(142,171,230)	1.9279	None
AKNA	IPO11-LRRC70	-0.86424	46.62	-6.2E-01	rgb( 83,136,240)	1.9135	2,2
SMAD9	CLCNKA	-0.86424	46.43	-2.1E-02	rgb(213,214,218)	1.9098	None
NR4A2	LINC00494	-0.8641	47.255	-2.5E-01	rgb(162,184,227)	1.9261	None
HSF2	ATP6V1G2	0.86396	47.375	0.035	rgb(217,210,210)	1.9285	None
ZFP62	OCLM	0.86382	46.995	0.496	rgb(222,122,123)	1.921	2,2
TEAD2	CDK5R1	0.86369	47.28	0.283	rgb(220,163,163)	1.9266	None
ONECUT2	LRP4-AS1	0.86355	45.54	0.062	rgb(218,205,205)	1.8921	None
ELF4	DLL1	-0.86341	47.05	-5.5E-01	rgb( 97,144,238)	1.9221	None
HIF1A	ASCL2	-0.86327	47.245	-2.5E-01	rgb(163,184,226)	1.9259	None
ELF4	CTPS1	-0.86313	44.41	-4.0E-01	rgb(130,164,232)	1.8698	None
TEAD1	CYP27A1	-0.863	46.475	-4.7E-01	rgb(114,155,235)	1.9107	None
TEAD1	SMARCC1	0.86286	46.955	0.456	rgb(222,130,131)	1.9202	None
ASCL2	KCNH2	0.86272	45.85	0.349	rgb(221,150,151)	1.8983	None
NEUROG3	SSTR1	0.86258	45.445	0.444	rgb(222,132,133)	1.8903	None
SIM1	LOC653513	0.86244	46.425	0.423	rgb(222,136,137)	1.9097	2,2
PDX1	NEFL	-0.86231	45.915	-1.2E-01	rgb(191,201,221)	1.8996	None
TP73	SSBP2	-0.86217	47.04	-5.4E-01	rgb(100,146,238)	1.9219	None
ASCL2	FER1L6-AS1	-0.86203	44.985	-4.8E-01	rgb(112,153,235)	1.8812	None
HOXB9	CCL19	0.86189	47.035	0.535	rgb(223,115,116)	1.9218	None
ONECUT1	STK31	0.86175	47.035	0.532	rgb(223,115,117)	1.9218	None
ARX	PCSK2	0.86162	43.995	0.497	rgb(222,122,123)	1.8615	None
LMX1B	JAM3	0.86148	47.24	0.24	rgb(220,171,172)	1.9258	None
HSF2	HOXB9	0.86134	47.26	8.1E-04	rgb(217,217,217)	1.9262	None
POU6F1	EPHB3	-0.8612	44.125	-6.2E-01	rgb( 82,135,241)	1.8641	None
PAX6	NPTX2	0.86107	46.275	0.153	rgb(219,188,188)	1.9067	None
HSF2	SULT1C2P1	0.86093	46.39	0.387	rgb(221,143,144)	1.909	None
NR4A3	LSP1	-0.86065	46.57	-5.7E-01	rgb( 94,142,239)	1.9125	None
PDX1	CD52	0.86065	46.395	0.033	rgb(217,211,211)	1.9091	None
ELF4	PHLDA2	0.86051	46.875	0.122	rgb(218,194,194)	1.9186	None
ZNF846	MEX3A	-0.86038	46.57	-5.1E-02	rgb(206,210,219)	1.9125	None
MAFA	TMPRSS6	0.86024	44.495	0.495	rgb(222,122,123)	1.8714	None
FEV	HGFAC	0.8601	47.03	0.532	rgb(223,115,116)	1.9217	None
PAX6	ZNF853	-0.85996	44.935	-2.7E-01	rgb(158,181,227)	1.8802	None
ZNF117	AK310876	0.85982	47.28	0.278	rgb(220,164,164)	1.9266	2,2
LMX1A	STX1A	0.85969	43.94	0.441	rgb(222,133,134)	1.8605	None
RORC	INSRR	-0.85955	46.49	-3.0E-01	rgb(152,177,228)	1.911	None
SOX4	PALMD	-0.85941	45.175	-6.7E-01	rgb( 71,128,243)	1.8849	None
GATA4	GPR162	0.85927	44.54	0.542	rgb(223,113,115)	1.8723	None
ARNT2	QSOX2	-0.85913	44.495	-2.7E-01	rgb(159,182,227)	1.8714	None
TEAD2	ZMYM2	-0.859	46.53	-5.3E-01	rgb(102,147,237)	1.9118	None
HSF2	RPS6KL1	0.85886	46.36	0.011	rgb(217,215,215)	1.9084	None
NEUROD2	LINC00930	0.85858	46.93	0.43	rgb(222,135,136)	1.9197	2,2
TEAD1	ATF7IP	0.85858	46.51	0.51	rgb(223,120,121)	1.9114	None
ONECUT1	AK094786	0.85844	45.015	0.516	rgb(223,119,120)	1.8817	2,2
ZNF846	NNMT	-0.85831	47.005	-8.6E-02	rgb(198,206,220)	1.9212	None
TEAD2	WNK3	0.85817	46.325	0.328	rgb(221,154,155)	1.9077	None
LMX1B	SLC26A7	0.85803	46.845	0.345	rgb(221,151,152)	1.918	None
LHX1	ADD2	-0.85789	46.54	-4.0E-02	rgb(208,212,219)	1.912	None
LMX1B	TMEM132B	0.85775	46.68	0.677	rgb(224, 88, 89)	1.9147	None
TEAD1	ACE	0.85762	46.955	0.459	rgb(222,129,130)	1.9202	None
SOX4	PELI3	-0.85748	46.565	-5.7E-01	rgb( 94,142,239)	1.9124	None
NPAS3	BC041484	0.8572	46.29	0.289	rgb(220,162,162)	1.907	2,2
NR4A2	DDC	-0.8572	46.955	-4.5E-01	rgb(118,157,234)	1.9202	None
ELF4	SLC38A5	0.85706	44.69	0.016	rgb(217,214,214)	1.8753	None
HIC1	CCDC146	-0.85693	45.545	-2.1E-02	rgb(212,214,218)	1.8922	None
ZFHX2	LINC00939	0.85679	46.935	0.435	rgb(222,134,135)	1.9198	None
GLIS2	HIC1	0.85665	47.19	0.073	rgb(218,203,203)	1.9248	None
MAFA	GPR137C	0.85651	43.47	0.47	rgb(222,127,128)	1.8511	None
ZFHX2	SULT2A1	-0.85637	44.08	-5.8E-01	rgb( 91,141,239)	1.8632	None
TEAD1	DEFB1	-0.85624	46.555	-5.5E-01	rgb( 97,144,238)	1.9123	None
HOMEZ	FOXP2	-0.8561	45.385	-2.4E-01	rgb(166,186,226)	1.8891	None
MAFA	RAB4B-EGLN2	-0.85582	45.03	-5.3E-01	rgb(102,147,237)	1.882	None
SMAD9	MAP1A	0.85582	45.89	0.389	rgb(221,143,143)	1.8991	None
ARX	KIF1A	0.85568	43.925	0.423	rgb(222,136,137)	1.8602	None
ZFHX2	IFI6	-0.85555	46.27	-2.7E-01	rgb(158,181,227)	1.9066	None
NFAT5	AGAP11	0.85541	46.31	0.31	rgb(220,158,158)	1.9074	None
RFX2	COL21A1	-0.85527	47.16	-1.3E-03	rgb(217,217,217)	1.9242	None
NR4A2	BCRP3	-0.85513	46.855	-3.7E-03	rgb(216,217,217)	1.9182	None
HIF1A	LGR6	-0.85499	46.475	-1.6E-01	rgb(183,197,223)	1.9107	None
RORC	COL10A1	0.85486	45.92	0.418	rgb(222,137,138)	1.8997	None
HSF2	WNK3	-0.85472	46.57	-9.0E-02	rgb(197,205,220)	1.9125	None
HSF2	PDGFD	0.85444	46.9	0.147	rgb(219,189,189)	1.9191	None
LHX1	PCED1B-AS1	-0.85444	45.42	-4.2E-01	rgb(126,161,233)	1.8898	None
PAX4	CYGB	0.8543	46.515	0.015	rgb(217,214,214)	1.9115	None
RORC	SPP1	-0.85417	46.49	-4.9E-01	rgb(111,152,236)	1.911	None
ONECUT3	TLE3	0.85403	46.92	0.421	rgb(222,137,137)	1.9195	None
SPIB	PPP1R1A	0.85389	46.96	0.46	rgb(222,129,130)	1.9203	None
HSF2	CAMKV	-0.85375	46.525	-5.2E-01	rgb(103,148,237)	1.9117	None
TEAD1	LINGO1	-0.85361	44.075	-5.7E-01	rgb( 93,141,239)	1.8631	None
SOX4	CCL19	-0.85348	45.495	-6.4E-02	rgb(203,209,219)	1.8913	None
HIC1	CRIP2	0.85334	46.44	0.183	rgb(219,182,182)	1.91	None
EGR3	NPY	0.8532	46.27	0.023	rgb(217,213,213)	1.9066	None
HSF2	RPLP0P2	-0.85306	46.875	-1.6E-01	rgb(183,196,223)	1.9186	None
ZFP28	PDZRN3	-0.85292	46.47	-4.7E-01	rgb(115,155,235)	1.9106	None
NR4A3	ACE	-0.85279	46.895	-7.8E-02	rgb(200,207,220)	1.919	None
ZNF853	RASL10B	0.85265	46.83	0.333	rgb(221,153,154)	1.9177	2,2
ONECUT1	RUNX1T1	0.85251	46.23	0.232	rgb(220,173,173)	1.9058	None
GATA4	KCNE4	0.85224	44.43	0.291	rgb(220,161,162)	1.8702	None
ZFHX2	SCG5	-0.85224	44.43	-4.3E-01	rgb(124,160,233)	1.8702	None
ZNF382	PGM5	-0.8521	44.915	-2.5E-01	rgb(162,183,227)	1.8798	None
ONECUT3	TTR	-0.85196	46.9	-4.0E-01	rgb(130,164,232)	1.9191	None
SOX4	SLC12A5	-0.85182	46.475	-4.7E-01	rgb(114,155,235)	1.9107	None
EGR3	ZFP2	0.85168	44.535	0.144	rgb(219,190,190)	1.8722	None
LMX1A	ACTL6B	-0.85155	46.78	-2.8E-02	rgb(211,213,218)	1.9167	None
ARNT2	FAM161A	-0.85141	46.835	-1.3E-01	rgb(188,199,222)	1.9178	None
MAFA	TMEM158	-0.85127	46.865	-1.4E-01	rgb(186,198,222)	1.9184	None
ELF4	FKBP7	-0.85086	44.365	-3.5E-01	rgb(140,170,230)	1.8689	None
MYRF	ACSS3	0.85086	46.805	0.308	rgb(220,158,159)	1.9172	None
TEAD1	APBB2	0.85086	46.595	0.594	rgb(224,103,105)	1.913	None
MYT1	NOV	0.85072	45.91	0.412	rgb(222,138,139)	1.8995	2,2
FOXP2	PEX5L	-0.85058	46.855	-1.5E-01	rgb(183,197,223)	1.9182	None
NEUROG3	CHRNA1	0.85044	43.44	0.438	rgb(222,133,134)	1.8505	None
TFCP2L1	FTCD	0.8503	45.475	0.477	rgb(222,126,127)	1.8909	None
ZFHX2	AP3B2	-0.85017	45.03	-8.2E-02	rgb(199,206,220)	1.882	None
NR4A2	MRPL34	0.85003	44.15	0.649	rgb(224, 93, 94)	1.8646	None
SIM1	KCNA6	0.84989	45.855	0.353	rgb(221,150,150)	1.8984	2,2
ARX	COL10A1	-0.84975	43.89	-3.9E-01	rgb(133,166,232)	1.8595	None
NR4A2	PCDHB15	0.84961	46.715	0.214	rgb(219,176,177)	1.9154	None
NEUROG3	LZTS1	0.84948	46.405	0.405	rgb(221,140,141)	1.9093	None
HSF2	EYA4	0.8492	46.535	0.154	rgb(219,188,188)	1.9119	None
NEUROG3	IMPG1	-0.8492	46.335	-3.3E-01	rgb(145,173,230)	1.9079	None
NKX6-1	PTPN22	-0.84906	46.595	-8.6E-02	rgb(198,206,220)	1.913	None
LHX1	ZFP28	-0.84892	46.82	-4.2E-02	rgb(208,211,219)	1.9175	None
ZNF846	HMGB3	-0.84879	45.91	-6.9E-02	rgb(202,208,220)	1.8995	None
NEUROG3	BCL2	0.84865	43.43	0.431	rgb(222,135,135)	1.8504	None
NR4A2	DCHS1	-0.84851	46.07	-1.4E-01	rgb(187,199,222)	1.9026	None
LMX1B	HCN4	0.84837	46.34	0.338	rgb(221,152,153)	1.908	None
FOXA1	TMEFF2	0.8481	46.57	0.573	rgb(223,108,109)	1.9125	None
SMAD9	CAMK2N2	0.8481	44.955	0.454	rgb(222,130,131)	1.8806	None
ETS1	SULT2A1	0.84796	46.635	0.636	rgb(224, 96, 97)	1.9138	None
ATF5	AK310876	0.84782	45.36	0.204	rgb(219,178,179)	1.8886	2,2
ZNF846	RBPMS	-0.84768	43.42	-4.2E-01	rgb(125,161,233)	1.8502	None
FOXA1	SIM1	0.84754	44.555	0.553	rgb(223,111,112)	1.8726	None
ARX	VCAN	-0.84741	45.535	-1.1E-01	rgb(194,203,221)	1.892	None
MAFB	CADM3	0.84727	46.7	0.202	rgb(219,178,179)	1.9151	None
NR4A2	TUB	0.84713	44.985	0.484	rgb(222,124,125)	1.8812	None
TFCP2L1	ZFP28	0.84699	43.875	0.373	rgb(221,146,146)	1.8592	None
HSF2	NEFM	-0.84685	46.535	-5.4E-01	rgb(100,146,237)	1.9119	None
HSF2	MMRN1	-0.84672	45.825	-3.4E-02	rgb(210,213,218)	1.8978	None
RFX2	MX2	0.84658	46.53	0.532	rgb(223,115,116)	1.9118	None
NR4A3	TP73	-0.84644	46.325	-1.5E-01	rgb(185,198,223)	1.9077	None
HIC1	DTX1	0.8463	45.9	0.4	rgb(221,141,141)	1.8993	None
DACH1	AX746995	0.84616	44.97	0.474	rgb(222,126,127)	1.8809	2,2
EGR3	CYGB	-0.84603	46.545	-2.3E-01	rgb(166,186,226)	1.9121	None
NFAT5	TMEM212	0.84589	42.98	0.481	rgb(222,125,126)	1.8414	None
RFX2	IFIT1	0.84575	46.48	0.479	rgb(222,125,126)	1.9108	None
ETS1	PAM	-0.84561	46.475	-1.7E-02	rgb(213,215,218)	1.9107	None
LMX1A	F10	0.84547	45.71	0.182	rgb(219,182,183)	1.8955	None
LHX1	PAPPA2	-0.84534	45.81	-3.1E-01	rgb(150,176,229)	1.8975	None
ZNF846	LDB1	-0.8452	46.345	-1.4E-01	rgb(188,199,222)	1.9081	None
PRDM16	TUBA1A	-0.84506	46.295	-3.0E-01	rgb(153,178,228)	1.9071	None
TFCP2L1	MAPK4	0.84492	46.45	0.239	rgb(220,171,172)	1.9102	None
ZFP82	H1FX-AS1	-0.84478	46.365	-3.2E-01	rgb(148,175,229)	1.9085	None
NR4A2	TEAD2	0.84465	46.025	0.525	rgb(223,117,118)	1.9018	None
TP73	FOXA1	-0.84451	43.86	-3.6E-01	rgb(139,170,231)	1.8589	None
HOXB9	CEND1	-0.84437	46.445	-4.4E-01	rgb(121,159,234)	1.9101	None
NHLH1	UNC13A	-0.84423	44.875	-3.8E-01	rgb(135,167,231)	1.879	None
SPIB	PRKXP1	-0.84409	43.395	-4.0E-01	rgb(131,165,232)	1.8497	None
ONECUT1	KSR2	0.84396	44.51	0.507	rgb(223,120,121)	1.8717	None
NEUROG3	QDPR	0.84382	43.855	0.353	rgb(221,150,150)	1.8588	None
NHLH1	SYNM	-0.84368	44.045	-1.3E-01	rgb(188,199,222)	1.8625	None
ZFP82	CHD5	0.84354	46.425	0.427	rgb(222,135,136)	1.9097	None
ZFP28	IFI44L	0.84341	44.475	0.115	rgb(218,195,195)	1.8711	None
ZNF846	ADAMTSL1	-0.84327	46.43	-4.3E-01	rgb(123,160,233)	1.9098	None
NEUROG3	CD99L2	0.84313	46.38	0.38	rgb(221,144,145)	1.9088	None
NKX2-2	TMEFF2	-0.84299	46.37	-1.4E-01	rgb(186,198,222)	1.9086	None
LMX1A	C1QL1	0.84285	45.7	0.2	rgb(219,179,179)	1.8953	None
ELF4	NTNG2	-0.84272	46.355	-3.6E-01	rgb(139,170,231)	1.9083	None
ASCL2	FOXA2	0.84258	46.195	0.027	rgb(217,212,212)	1.9051	None
NR4A2	PCAT1	0.84244	46.36	0.364	rgb(221,147,148)	1.9084	None
ASCL2	SH3RF3	0.8423	43.845	0.344	rgb(221,151,152)	1.8586	None
ETS1	SMAD9	-0.84216	44.975	-4.2E-02	rgb(208,211,219)	1.881	None
PDX1	BRSK1	0.84203	46.34	0.157	rgb(219,187,187)	1.908	None
LMX1B	PDZRN3	0.84189	46.22	0.064	rgb(218,205,205)	1.9056	None
LMX1B	CTTNBP2	0.84175	43.38	0.378	rgb(221,145,145)	1.8494	None
KCNIP3	CRISPLD1	0.84161	46.135	0.635	rgb(224, 96, 97)	1.9039	2,2
MAFB	FAM155B	0.84147	45.93	0.021	rgb(217,213,213)	1.8999	None
ZNF492	IFNE	0.84134	45.94	0.441	rgb(222,133,134)	1.9001	2,2
TFCP2L1	STMN3	-0.8412	45.385	-1.2E-02	rgb(214,215,217)	1.8891	None
ARX	CYP4F24P	0.84106	45.295	0.293	rgb(220,161,162)	1.8873	None
HSF2	PDZD4	-0.84092	44.545	-5.4E-01	rgb( 99,145,238)	1.8724	None
HIC1	NEFM	-0.84078	44.87	-1.7E-01	rgb(180,195,223)	1.8789	None
TFCP2L1	SPDYE7P	0.84065	46.255	0.166	rgb(219,185,186)	1.9063	None
HSF2	MAP3K12	-0.84051	45.525	-1.8E-01	rgb(179,194,224)	1.8918	None
NKX2-2	GPR142	0.84037	46.08	0.087	rgb(218,200,200)	1.9028	None
SOX4	KCNF1	0.84023	46.29	0.291	rgb(220,161,162)	1.907	None
ONECUT1	NHSL2	0.84009	45.87	0.368	rgb(221,147,147)	1.8987	None
MAFA	SLC7A14	0.83996	46.265	0.247	rgb(220,170,170)	1.9065	None
NEUROG3	VASH2	0.83982	45.295	0.293	rgb(220,161,162)	1.8873	None
NKX2-2	PRRT3	0.83968	42.91	0.408	rgb(221,139,140)	1.8401	None
HOXB9	SPC25	-0.83954	43.37	-3.7E-01	rgb(137,168,231)	1.8492	None
FOXA1	NALCN	-0.8394	44.775	-2.3E-01	rgb(166,186,226)	1.877	None
NEUROG3	NPY	-0.83927	45.405	-1.8E-01	rgb(177,193,224)	1.8895	None
ATF6	ITGA7	-0.83913	43.83	-3.3E-01	rgb(146,174,229)	1.8583	None
ELF4	QSOX2	-0.83899	46.09	-9.1E-02	rgb(197,205,220)	1.903	None
LHX1	SPC25	-0.83885	43.37	-3.7E-01	rgb(137,168,231)	1.8492	None
TFCP2L1	SMARCA1	-0.83871	46.01	-3.2E-02	rgb(210,213,218)	1.9015	None
ARX	CLCA1	-0.83858	46.265	-1.2E-01	rgb(190,201,222)	1.9065	None
ARX	ST8SIA5	-0.8383	45.35	-7.7E-02	rgb(200,207,220)	1.8884	None
ETS1	FAM71E2	0.8383	45.52	0.516	rgb(223,118,119)	1.8918	None
TFCP2L1	TMEM70	0.83816	42.44	0.439	rgb(222,133,134)	1.8307	None
NR4A2	KIF19	0.83802	44.915	0.077	rgb(218,202,202)	1.8798	None
TFCP2L1	CHGB	-0.83789	45.28	-6.7E-02	rgb(203,208,220)	1.887	None
FOXP2	TRPM2	-0.83775	43.85	-3.5E-01	rgb(141,171,230)	1.8587	None
EGR3	RASD1	-0.83761	45.8	-3.0E-01	rgb(152,178,228)	1.8973	None
ZNF492	MUC5B	0.83747	44.415	0.415	rgb(222,138,139)	1.8699	None
TFCP2L1	IFI6	0.83733	45.965	0.396	rgb(221,141,142)	1.9006	None
MAFB	SYT14	0.8372	42.435	0.436	rgb(222,134,135)	1.8306	None
ETS1	ELAVL3	0.83706	46.03	0.533	rgb(223,115,116)	1.9019	None
RORC	TSPAN7	0.83692	44.78	0.197	rgb(219,179,180)	1.8771	None
MAFF	TTLL6	-0.83678	43.91	-4.1E-01	rgb(128,163,233)	1.8599	None
HMGN3	DTX3	0.83651	44.925	0.426	rgb(222,136,136)	1.88	2,2
PDX1	IFI44	0.83651	45.295	0.295	rgb(220,161,161)	1.8873	None
NR4A2	GPBAR1	-0.83637	44.95	-8.4E-05	rgb(217,217,217)	1.8805	None
ASCL2	CADM3	0.83623	45.475	0.474	rgb(222,126,127)	1.8909	None
RORC	TUBB2B	-0.83609	42.895	-4.0E-01	rgb(131,165,232)	1.8398	None
RORC	VWCE	0.83595	43.82	0.319	rgb(221,156,157)	1.8581	None
ZFHX2	BIVM-ERCC5	0.83582	45.42	0.422	rgb(222,136,137)	1.8898	None
SPIB	GDF1	0.83568	45.435	0.437	rgb(222,134,134)	1.8901	None
ZFP62	PP7080	-0.83554	45.475	-4.7E-01	rgb(114,154,235)	1.8909	2,2
EGR3	NOXO1	0.8354	44.01	0.509	rgb(223,120,121)	1.8618	None
ARNT2	DPYSL4	0.83513	46.025	0.095	rgb(218,199,199)	1.9018	None
LMX1A	RAB3C	-0.83513	46.18	-4.6E-02	rgb(207,211,219)	1.9048	None
HSF2	AMPH	-0.83499	43.36	-3.6E-01	rgb(139,169,231)	1.849	None
MAFA	MCOLN3	0.83485	46.175	0.018	rgb(217,214,214)	1.9047	None
HIC1	KNDC1	0.83471	45.215	0.127	rgb(218,193,193)	1.8857	None
ZNF846	UNC5D	-0.83458	45.185	-7.3E-02	rgb(201,207,220)	1.8851	None
MAFA	GGT5	0.83444	45.77	0.091	rgb(218,200,200)	1.8967	None
GATA6	GCG	0.8343	45.455	0.456	rgb(222,130,131)	1.8905	None
PBX1	ATF5	0.83416	45.92	0.422	rgb(222,136,137)	1.8997	None
ELF4	CITED1	-0.83402	44.94	-3.6E-02	rgb(209,212,218)	1.8803	None
NEUROD2	ARHGAP22	0.83389	42.435	0.435	rgb(222,134,135)	1.8306	None
ZFP62	PLCE1-AS1	0.83375	45.83	0.329	rgb(221,154,155)	1.8979	2,2
TFCP2L1	CDKN1C	0.83361	42.415	0.416	rgb(222,137,138)	1.8302	None
NKX2-2	PTPN22	-0.8332	45.575	-1.0E-01	rgb(194,203,221)	1.8928	None
NR4A2	FAM135B	-0.8332	45.52	-8.1E-02	rgb(199,206,220)	1.8918	None
RFX6	CBFA2T3	0.8332	46.115	0.041	rgb(217,209,209)	1.9035	None
PBX1	CRIP2	-0.83306	44.65	-6.5E-01	rgb( 77,132,242)	1.8745	None
LMX1A	LAPTM5	-0.83264	42.88	-3.8E-01	rgb(134,167,231)	1.8395	None
RORC	GDF11	0.83264	42.88	0.38	rgb(221,144,145)	1.8395	None
TFCP2L1	ACTN3	0.83264	41.955	0.455	rgb(222,130,131)	1.8211	None
ETS1	PLEKHB1	-0.83251	45.935	-1.6E-01	rgb(181,195,223)	1.9	None
PRDM16	CAMK2N2	-0.83237	45.855	-3.5E-01	rgb(140,170,230)	1.8984	None
SOX4	CYMP	0.83223	42.425	0.427	rgb(222,135,136)	1.8304	None
ZNF519	PTPN22	0.83209	42.875	0.373	rgb(221,146,146)	1.8394	None
ASCL2	GPR142	-0.83195	45.46	-5.3E-02	rgb(206,210,219)	1.8906	None
NR4A3	RNF157-AS1	0.83182	42.42	0.419	rgb(222,137,138)	1.8303	None
ELF4	PDGFD	-0.83168	43.965	-4.7E-01	rgb(116,156,235)	1.8609	None
SMAD9	PGA4	0.83154	43.8	0.302	rgb(220,159,160)	1.8577	None
PAX6	MTSS1	-0.8314	45.6	-2.2E-02	rgb(212,214,218)	1.8933	None
ETV1	SOGA3	0.83126	45.91	0.077	rgb(218,202,202)	1.8995	None
MYT1	DCX	0.83113	42.875	0.377	rgb(221,145,146)	1.8394	2,2
FOXP2	FAM110B	0.83071	42.415	0.416	rgb(222,138,138)	1.8302	None
LMX1B	ZCCHC18	0.83071	42.415	0.417	rgb(222,137,138)	1.8302	None
SOX4	MAP1B	0.83071	44.775	0.273	rgb(220,165,165)	1.877	None
HSF2	LAPTM5	0.83057	45.59	0.018	rgb(217,214,214)	1.8931	None
LMX1A	BAALC	-0.83044	44.325	-2.1E-01	rgb(171,189,225)	1.8681	None
TFCP2L1	ATOH8	0.8303	45.695	0.132	rgb(218,192,192)	1.8952	None
NR4A2	SMARCD2	-0.83016	45.9	-4.0E-01	rgb(130,164,232)	1.8993	None
LMX1A	ST6GALNAC5	0.83002	44.73	0.181	rgb(219,182,183)	1.8761	None
PAX6	PLXNC1	0.82988	44.82	0.05	rgb(218,207,208)	1.8779	None
ONECUT3	DYNC1I1	-0.82975	45.845	-3.5E-01	rgb(141,171,230)	1.8982	None
SMAD9	FUT7	0.82961	43.795	0.296	rgb(220,160,161)	1.8576	None
MAFF	CAMK1G	0.82947	45.35	0.232	rgb(220,173,173)	1.8884	None
LHX1	FJX1	-0.82933	45.38	-1.6E-01	rgb(182,196,223)	1.889	None
RFX6	DNAJC12	0.82919	45.04	0.429	rgb(222,135,136)	1.8822	None
MAFB	AMPH	0.82906	45.56	0.061	rgb(218,205,206)	1.8925	None
LMX1A	TMEM190	0.82892	45.305	0.204	rgb(219,178,179)	1.8875	None
PAX6	GALNT16	0.82878	43.79	0.288	rgb(220,162,163)	1.8575	None
NPAS3	AK022997	0.82864	45.8	0.3	rgb(220,160,160)	1.8973	2,2
NR4A2	LMO3	0.8285	43.325	0.327	rgb(221,155,155)	1.8483	None
PRDM16	RGS14	-0.82837	42.395	-4.0E-01	rgb(131,165,232)	1.8299	None
NR4A2	SPAG8	0.82823	45.86	0.011	rgb(217,215,215)	1.8985	None
NR4A2	ZFP62	0.82809	45.39	0.392	rgb(221,142,143)	1.8892	None
NEUROD1	MUC16	-0.82795	44.985	-4.8E-01	rgb(112,153,235)	1.8812	None
TEAD1	ATP8B2	0.82781	45.21	0.138	rgb(219,191,191)	1.8856	None
PDX1	REM2	0.82768	45.81	0.221	rgb(219,175,175)	1.8975	None
NEUROG3	DACT1	-0.82754	42.86	-3.6E-01	rgb(138,169,231)	1.8391	None
GATA2	CDHR3	0.82726	44.74	0.241	rgb(220,171,171)	1.8763	None
ZFP2	AK125960	-0.82726	45.775	-2.8E-01	rgb(157,181,227)	1.8968	2,2
NR4A3	LINC00494	-0.82712	45.72	-4.2E-02	rgb(208,212,219)	1.8957	None
RORC	GPR148	-0.82699	45.52	-8.4E-02	rgb(199,206,220)	1.8918	None
PDX1	SFTPA2	-0.82685	45.375	-5.8E-02	rgb(204,209,219)	1.8889	None
RFX6	REM2	0.82671	41.925	0.427	rgb(222,135,136)	1.8205	None
MLXIPL	TSSK4	0.82657	45.13	0.08	rgb(218,202,202)	1.884	None
ZNF492	ELAVL4	-0.82643	45.635	-1.6E-01	rgb(183,196,223)	1.894	None
PBX1	CCK	-0.8263	42.39	-3.9E-01	rgb(132,165,232)	1.8298	None
HIC1	TMEM145	0.82616	45.705	0.176	rgb(219,183,184)	1.8954	None
ARX	SMTNL2	0.82602	44.445	0.015	rgb(217,214,214)	1.8705	None
NEUROD2	HOXB9	-0.82588	45.665	-1.5E-01	rgb(186,198,223)	1.8946	None
GATA4	CLCN4	0.82575	44.345	0.136	rgb(218,191,191)	1.8685	None
ETV1	SPP1	0.82547	43.325	0.325	rgb(221,155,155)	1.8483	None
HIC1	GATA4	0.82547	45	0.132	rgb(218,192,192)	1.8814	None
RFX2	BAALC	0.82533	41.92	0.418	rgb(222,137,138)	1.8204	None
NR4A3	POU6F1	0.82519	45.765	0.265	rgb(220,166,167)	1.8966	None
LMX1B	SH2D3C	0.82506	45.385	0.384	rgb(221,144,144)	1.8891	None
NR4A2	DLL1	0.82492	44.985	0.153	rgb(219,188,188)	1.8812	None
RORC	INHBE	0.82478	44.955	0.457	rgb(222,130,131)	1.8806	None
NEUROD1	PTP4A3	0.82464	42.385	0.384	rgb(221,144,144)	1.8297	None
ASCL1	CADM3	0.8245	44.28	0.284	rgb(220,163,163)	1.8672	None
ATF5	IRF2BP1	0.82437	43.31	0.312	rgb(220,157,158)	1.848	None
NEUROG3	CACNA1H	0.82409	45.28	0.28	rgb(220,164,164)	1.887	None
SOX4	WNT9A	0.82409	44.885	0.363	rgb(221,148,148)	1.8792	None
MAFF	DDN	0.82395	44.28	0.278	rgb(220,164,164)	1.8672	None
FOXA1	BIVM-ERCC5	0.82381	45.75	0.248	rgb(220,170,170)	1.8963	None
GATA4	STMN4	0.82368	45.285	0.108	rgb(218,196,197)	1.8871	None
PRDM16	RBP1	-0.82354	44.625	-6.3E-01	rgb( 81,134,241)	1.874	None
PDX1	HMGB3	-0.8234	45.42	-4.2E-01	rgb(125,161,233)	1.8898	None
PRDM16	RRAGD	0.82326	43.315	0.314	rgb(220,157,158)	1.8481	None
TFCP2L1	FABP5	0.82312	45.265	0.046	rgb(218,208,208)	1.8867	None
TFCP2L1	QSOX2	0.82299	42.84	0.339	rgb(221,152,153)	1.8387	None
RFX2	BRS3	0.82285	45.445	0.442	rgb(222,133,133)	1.8903	None
LMX1B	MAP6	0.82271	41.925	0.425	rgb(222,136,137)	1.8205	None
HSF2	ZNF519	0.82257	45.725	0.225	rgb(219,174,174)	1.8958	None
MAFA	RPS3	-0.82243	44.245	-2.5E-01	rgb(163,184,226)	1.8665	None
EGR3	RPS6KL1	-0.82216	41.905	-4.1E-01	rgb(129,163,232)	1.8201	None
ZFP28	ATP13A4	-0.82216	41.905	-4.1E-01	rgb(129,163,232)	1.8201	None
SPIB	ANKRD65	0.82202	44.3	0.298	rgb(220,160,161)	1.8676	None
GRHL3	FAM19A5	0.82188	45.41	0.407	rgb(221,139,140)	1.8896	2,2
NR4A2	ZFP2	0.82174	45.2	0.151	rgb(219,188,188)	1.8854	None
MAFA	AADAT	0.82161	45.465	0.462	rgb(222,129,130)	1.8907	None
TEAD1	CNPY1	0.82147	45.475	0.478	rgb(222,126,127)	1.8909	None
NEUROD2	DLGAP3	0.82133	45.46	0.459	rgb(222,129,130)	1.8906	None
ELF4	MAPK7	0.82119	44.58	0.582	rgb(223,106,107)	1.8731	None
FEV	RASD1	0.82105	45.2	0.199	rgb(219,179,179)	1.8854	None
ELF4	AMPH	0.82092	45.445	0.447	rgb(222,132,133)	1.8903	None
PRDM16	TTYH2	0.82078	45.45	0.45	rgb(222,131,132)	1.8904	None
FOXA1	FAM135B	0.82064	45.445	0.442	rgb(222,133,133)	1.8903	None
NR4A3	GRB14	0.8205	44.29	0.091	rgb(218,200,200)	1.8674	None
HOXB9	UNC13A	0.82036	45.355	0.357	rgb(221,149,150)	1.8885	None
ARX	IFI6	0.82023	45.34	0.34	rgb(221,152,153)	1.8882	None
NEUROG3	DLL3	-0.82009	45.435	-4.3E-01	rgb(123,160,233)	1.8901	None
TEAD1	FAM131B	-0.81995	45.24	-8.9E-02	rgb(198,205,220)	1.8862	None
PDX1	SDCBP2-AS1	-0.81981	44.94	-4.4E-01	rgb(121,159,234)	1.8803	None
NEUROD2	IGSF10	0.81967	45.345	0.348	rgb(221,150,151)	1.8883	None
LHX1	SPP1	0.8194	42.835	0.334	rgb(221,153,154)	1.8386	None
LMX1B	LINC00310	0.8194	42.835	0.337	rgb(221,153,153)	1.8386	None
ETS1	NFRKB	-0.81926	44.58	-8.0E-02	rgb(200,206,220)	1.8731	None
SIM1	ERO1LB	0.81912	44.315	0.311	rgb(220,158,158)	1.8679	2,2
HSF2	MUC5B	-0.81898	45.365	-3.7E-01	rgb(137,169,231)	1.8887	None
ETS1	RASD1	0.81885	45.375	0.377	rgb(221,145,146)	1.8889	None
MAFA	CD99L2	-0.81871	45.415	-8.3E-02	rgb(199,206,220)	1.8897	None
NEUROG3	TMEM61	0.81843	44.55	0.547	rgb(223,113,114)	1.8725	None
TFCP2L1	PTGDR2	0.81843	40.975	0.474	rgb(222,127,127)	1.8017	None
NEUROD1	FAM167A	0.81816	41.89	0.391	rgb(221,142,143)	1.8198	None
SOX4	ELAVL3	-0.81816	43.285	-2.8E-01	rgb(155,179,228)	1.8475	None
LMX1A	GAP43	-0.81802	44.82	-3.2E-01	rgb(148,175,229)	1.8779	None
RORC	CD52	0.81788	43.745	0.247	rgb(220,170,170)	1.8566	None
NR4A2	REEP2	-0.81774	43.9	-7.1E-02	rgb(202,208,220)	1.8597	None
MAFA	ACE	-0.8176	45.39	-5.9E-02	rgb(204,209,219)	1.8892	None
MAFB	FSD1	0.81747	45.28	0.281	rgb(220,163,164)	1.887	None
ZNF846	GRIN1	-0.81733	43.765	-2.7E-01	rgb(159,182,227)	1.857	None
ONECUT3	RAP1GAP2	0.81719	45.275	0.043	rgb(217,209,209)	1.8869	None
ONECUT1	ACSL6	0.81705	45.31	0.306	rgb(220,158,159)	1.8876	None
SMAD9	CBX2	0.81692	45.275	0.276	rgb(220,164,165)	1.8869	None
RFX2	GPR173	0.81678	44.995	0.497	rgb(222,122,123)	1.8814	None
TEAD2	FOXA1	0.81664	44.935	0.436	rgb(222,134,135)	1.8802	None
RORC	CD99L2	0.8165	44.46	0.161	rgb(219,186,187)	1.8708	None
ETS1	IMPG1	0.81636	45.325	0.185	rgb(219,182,182)	1.8879	None
CBX2	AK095045	0.81623	44.25	0.249	rgb(220,170,170)	1.8666	2,2
RFX6	JAKMIP2	0.81609	44.22	0.154	rgb(219,188,188)	1.866	None
MAFA	IFI44	-0.81595	43.29	-2.9E-01	rgb(155,179,228)	1.8476	None
AEBP1	CR627225	-0.81581	45.36	-3.6E-01	rgb(139,169,231)	1.8886	2,2
NEUROG3	DPYSL3	0.81567	44.785	0.288	rgb(220,162,163)	1.8772	None
HSF2	TCTEX1D4	-0.81554	44.905	-2.0E-01	rgb(173,190,225)	1.8796	None
TSHZ1	FAM64A	-0.8154	45.345	-3.4E-01	rgb(142,172,230)	1.8883	2,2
NEUROD1	SMAD9	0.81526	41.88	0.382	rgb(221,144,145)	1.8196	None
MAFA	NEFM	0.81512	40.955	0.453	rgb(222,131,131)	1.8013	None
EGR3	DPEP1	-0.81485	41.885	-3.9E-01	rgb(133,166,232)	1.8197	None
ZNF846	NEGR1	0.81485	45.095	0.038	rgb(217,210,210)	1.8833	None
TFCP2L1	WNT6	-0.81471	45.1	-3.1E-02	rgb(210,213,218)	1.8834	None
SMAD9	MYRF	0.81457	45.13	0.091	rgb(218,200,200)	1.884	None
SOX4	HCP5	0.81443	43.27	0.272	rgb(220,165,166)	1.8472	None
EGR3	NINJ1	-0.81429	45.14	-1.5E-01	rgb(184,197,223)	1.8842	None
TP73	CADM3	-0.81416	44.885	-3.8E-01	rgb(134,166,232)	1.8792	None
NR4A2	PRELP	0.81402	40.95	0.452	rgb(222,131,132)	1.8012	None
ETV1	WNT6	-0.81388	44.99	-1.2E-01	rgb(190,201,222)	1.8813	None
EGR3	G0S2	0.81374	45.27	0.271	rgb(220,165,166)	1.8868	None
EGR3	BOC	-0.8136	44.775	-2.8E-01	rgb(157,180,228)	1.877	None
TFCP2L1	TTR	0.81347	41.405	0.407	rgb(221,139,140)	1.8102	None
SOX4	PLCXD3	-0.81333	45.125	-6.2E-01	rgb( 82,135,241)	1.8839	None
TFCP2L1	EIF4EBP3	0.81319	45.145	0.217	rgb(219,176,176)	1.8843	None
ETV1	GPR137C	0.81305	43.265	0.267	rgb(220,166,166)	1.8471	None
NEUROD1	GNG4	0.81291	40.945	0.443	rgb(222,132,133)	1.8011	None
HSF2	TMPRSS6	-0.8125	41.875	-3.7E-01	rgb(136,168,231)	1.8196	None
PRDM16	SFTPA2	-0.8125	41.875	-3.8E-01	rgb(135,167,231)	1.8196	None
TEAD1	CHRNB2	-0.8125	42.34	-3.4E-01	rgb(143,172,230)	1.8288	None
PRDM16	KCNH2	0.81236	43.89	0.39	rgb(221,142,143)	1.8595	None
GLIS2	TSHZ1	-0.81222	45.27	-2.7E-01	rgb(158,181,227)	1.8868	None
ONECUT1	TMEFF2	0.81209	43.275	0.277	rgb(220,164,165)	1.8473	None
ASCL1	LSP1	0.81167	41.865	0.363	rgb(221,148,148)	1.8194	None
MAFB	RUNDC3A	0.81167	41.865	0.367	rgb(221,147,148)	1.8194	None
NEUROG3	TUBA3FP	0.81167	42.805	0.306	rgb(220,159,159)	1.838	None
EGR3	RGS14	0.81153	44.985	0.488	rgb(222,124,125)	1.8812	None
MAFB	SEZ6	0.8114	44.735	0.235	rgb(220,172,173)	1.8762	None
POU2F2	STMND1	0.81126	44.065	0.569	rgb(223,108,110)	1.8629	None
NEUROG3	P2RX6	0.81112	44.985	0.485	rgb(222,124,125)	1.8812	None
NEUROG3	FFAR2	0.81098	43.27	0.272	rgb(220,165,166)	1.8472	None
ASCL2	PCDHB15	0.81084	44.45	0.447	rgb(222,132,132)	1.8706	None
ETV1	SST	0.81071	40.965	0.463	rgb(222,128,129)	1.8015	None
ZFP92	S100A1	-0.81057	44.04	-5.4E-01	rgb(100,146,238)	1.8624	None
ZFP28	SERPINA10	-0.81043	41.86	-3.6E-01	rgb(139,170,231)	1.8193	None
TEAD2	CELF5	0.81029	44.56	0.56	rgb(223,110,111)	1.8727	None
SOX4	REEP2	-0.81015	44.03	-5.3E-01	rgb(101,147,237)	1.8622	None
NEUROD2	MYEF2	0.81002	40.93	0.431	rgb(222,135,135)	1.8008	None
ONECUT1	LDHAL6A	0.80988	45.105	0.107	rgb(218,197,197)	1.8835	None
NFAT5	LOC100216546	0.80974	43.25	0.249	rgb(220,169,170)	1.8468	2,2
RORC	CYP4F24P	0.8096	44.64	0.119	rgb(218,194,195)	1.8743	None
ARNT2	TMEM158	0.80933	44.045	0.042	rgb(217,209,209)	1.8625	None
MAFF	SLC26A7	0.80933	44.95	0.013	rgb(217,215,215)	1.8805	None
POU2F2	MAFA	-0.80919	41.39	-3.9E-01	rgb(132,166,232)	1.8099	None
ONECUT1	PBOV1	0.80905	44.73	0.232	rgb(220,173,173)	1.8761	None
LMX1B	FUT1	0.80891	40.95	0.451	rgb(222,131,132)	1.8012	None
ZNF846	POU6F1	0.80877	43.695	0.194	rgb(219,180,180)	1.8556	None
FOXA2	SLC51B	-0.80864	42.325	-3.2E-01	rgb(147,174,229)	1.8285	None
LMX1A	RPRML	0.8085	42.785	0.287	rgb(220,162,163)	1.8376	None
GATA4	USP41	0.80836	44.98	0.481	rgb(222,125,126)	1.8811	None
ARNT2	RUNDC3A	-0.80822	44.93	-1.2E-01	rgb(191,201,222)	1.8801	None
LMX1B	DPP10	0.80795	44.72	0.218	rgb(219,175,176)	1.8759	None
TEAD2	CRIP2	0.80795	44.925	0.423	rgb(222,136,137)	1.88	None
RORC	RGS5	-0.80781	43.26	-2.6E-01	rgb(161,183,227)	1.847	None
FOXA1	GALNT16	-0.80767	44.425	-8.4E-02	rgb(199,206,220)	1.8701	None
EGR3	ADCY5	0.80753	41.395	0.394	rgb(221,142,142)	1.81	None
SPIB	KNDC1	-0.8074	42.78	-2.8E-01	rgb(156,180,228)	1.8375	None
ONECUT3	MAML3	0.80726	44.955	0.456	rgb(222,130,131)	1.8806	None
ARX	PKIA	-0.80712	41.385	-3.8E-01	rgb(134,166,232)	1.8098	None
TEAD1	COL14A1	-0.80698	42.32	-3.2E-01	rgb(147,175,229)	1.8284	None
ZFP62	BC127823	-0.80684	43.255	-2.5E-01	rgb(162,183,227)	1.8469	2,2
ARX	ST8SIA3	0.80671	43.75	0.248	rgb(220,170,170)	1.8567	None
RORC	CBX7	0.80657	40.455	0.453	rgb(222,131,131)	1.7914	None
MAFF	SHF	0.80643	41.39	0.391	rgb(221,142,143)	1.8099	None
ASCL2	GPR173	0.80615	42.315	0.315	rgb(220,157,157)	1.8283	None
ONECUT1	STX1A	0.80615	42.79	0.288	rgb(220,162,163)	1.8377	None
LHX1	ZBTB4	0.80602	44.89	0.387	rgb(221,143,144)	1.8793	None
LHX1	PBX1	0.80588	43.25	0.252	rgb(220,169,169)	1.8468	None
ETS1	ZNF853	0.80574	44.82	0.052	rgb(218,207,207)	1.8779	None
EGR3	MCOLN3	-0.8056	44.915	-4.1E-01	rgb(127,162,233)	1.8798	None
RFX2	MCOLN3	0.80546	44.905	0.406	rgb(221,139,140)	1.8796	None
MYT1	AL109792	0.80533	40.45	0.45	rgb(222,131,132)	1.7913	2,2
LMX1B	FOXP2	0.80519	41.385	0.386	rgb(221,143,144)	1.8098	None
NR4A2	MAGEA5	0.80505	43.735	0.238	rgb(220,172,172)	1.8564	2,2
NR4A2	LONRF2	-0.80491	44.845	-3.5E-01	rgb(142,171,230)	1.8784	None
SOX4	BRSK1	0.80477	44.45	0.052	rgb(218,207,207)	1.8706	None
NR4A3	HMGN3	0.80464	44.38	0.378	rgb(221,145,145)	1.8692	None
HSF2	ZNF117	0.8045	42.31	0.311	rgb(220,158,158)	1.8282	None
ATF6	PDZD4	0.80436	44.665	0.128	rgb(218,193,193)	1.8748	None
MAFA	SPOCK3	0.80422	40.445	0.445	rgb(222,132,133)	1.7912	None
PAX6	SAMD11	-0.80408	44.535	-4.8E-02	rgb(207,211,219)	1.8722	None
PBX1	SUSD2	0.80395	44.605	0.002	rgb(217,217,217)	1.8736	None
SOX4	EYA4	-0.80381	44.855	-3.6E-01	rgb(139,170,231)	1.8786	None
PBX1	LINC00643	-0.80367	44.345	-1.2E-01	rgb(192,202,221)	1.8685	None
ETS1	CCDC74A	-0.80353	40.915	-4.1E-01	rgb(127,162,233)	1.8005	None
ONECUT3	EGFR	0.80339	44.59	0.586	rgb(223,105,106)	1.8733	None
FOXP2	PCDHA2	-0.80326	44.695	-2.1E-01	rgb(172,190,225)	1.8754	None
PDX1	DLGAP3	-0.80312	44.755	-6.6E-02	rgb(203,208,220)	1.8766	None
HSF2	MBOAT4	-0.80284	42.305	-3.0E-01	rgb(151,177,229)	1.8281	None
ZFHX2	TPH1	-0.80284	42.305	-3.1E-01	rgb(150,176,229)	1.8281	None
ARNT2	SV2A	-0.8027	44.74	-2.0E-01	rgb(174,191,225)	1.8763	None
HIC1	DNER	-0.80243	44.32	-1.4E-01	rgb(187,199,222)	1.868	None
NR4A2	WSCD1	-0.80243	44.27	-8.9E-02	rgb(198,205,220)	1.867	None
MAFB	ACTL6B	0.80229	43.85	0.347	rgb(221,151,151)	1.8587	None
LMX1B	LDB1	-0.80215	44.815	-2.8E-01	rgb(156,180,228)	1.8778	None
PAX6	FAM131B	-0.80201	43.855	-3.2E-01	rgb(148,175,229)	1.8588	None
NR4A2	RBP2	0.80188	43.23	0.23	rgb(220,173,173)	1.8464	None
ZFP28	CSH1	-0.80174	43.215	-2.2E-01	rgb(170,188,225)	1.8461	None
MAFA	ABLIM2	0.8016	44.615	0.016	rgb(217,214,214)	1.8738	None
MAFA	HEYL	0.80146	42.76	0.261	rgb(220,167,168)	1.8371	None
TFCP2L1	SIDT1	0.80132	44.65	0.648	rgb(224, 93, 95)	1.8745	None
MAFB	CLSTN2	0.80119	43.635	0.133	rgb(218,192,192)	1.8544	None
ETS1	COL10A1	-0.80105	43.995	-4.9E-01	rgb(110,152,236)	1.8615	None
ZNF492	SCN2A	0.80091	44.36	0.169	rgb(219,185,185)	1.8688	None
PRDM16	CLSTN2	0.80077	44.615	0.114	rgb(218,195,195)	1.8738	None
EGR3	ZG16	-0.80063	41.37	-3.7E-01	rgb(137,168,231)	1.8095	None
PRDM16	PER2	0.8005	44.595	0.598	rgb(224,103,104)	1.8734	None
ZFHX2	CACNA1A	-0.80036	43.97	-5.9E-02	rgb(204,209,219)	1.861	None
SOX4	BAMBI	-0.80022	39.975	-4.7E-01	rgb(114,154,235)	1.7819	None
ELF4	KANK2	-0.80008	43.93	-1.4E-01	rgb(186,198,222)	1.8603	None
ONECUT1	GPR142	0.79994	43.615	0.115	rgb(218,195,195)	1.854	None
NR4A2	MAP1B	0.79981	43.22	0.22	rgb(219,175,175)	1.8462	None
LHX1	PPP1R3C	0.79967	44.83	0.084	rgb(218,201,201)	1.8781	None
FOXA1	DCHS1	0.79953	44.54	0.541	rgb(223,114,115)	1.8723	None
MAFA	CCL19	0.79939	43.61	0.047	rgb(218,208,208)	1.8539	None
NEUROG3	ADORA2A	0.79925	40.425	0.423	rgb(222,136,137)	1.7908	None
GATA2	GCG	0.79898	44.195	0.198	rgb(219,179,180)	1.8655	None
PDX1	LDB1	-0.79898	42.765	-2.7E-01	rgb(159,182,227)	1.8372	None
HOXB9	MAGED1	-0.79884	44.53	-2.4E-01	rgb(164,185,226)	1.8721	None
LMX1A	HCP5	0.7987	42.75	0.248	rgb(220,170,170)	1.8369	None
NEUROG3	PRELP	0.79857	39.965	0.464	rgb(222,128,129)	1.7817	None
MAFA	KANK2	-0.79843	44.435	-4.3E-01	rgb(123,160,234)	1.8703	None
HIF1A	SPEG	0.79829	44.565	0.122	rgb(218,194,194)	1.8728	None
GATA6	UCN3	-0.79815	43.865	-1.2E-01	rgb(191,201,222)	1.859	None
TFCP2L1	PHLDA2	-0.79801	41.825	-3.2E-01	rgb(147,174,229)	1.8186	None
LHX1	ZNF519	-0.79788	44.49	-5.2E-02	rgb(206,210,219)	1.8713	None
EGR3	PDGFD	-0.7976	42.76	-2.6E-01	rgb(161,183,227)	1.8371	None
SIM1	KIF5C	0.7976	41.355	0.357	rgb(221,149,149)	1.8093	2,2
LMX1A	SNAP25	-0.79746	44.43	-8.0E-02	rgb(200,206,220)	1.8702	None
NHLH1	FUT7	0.79732	42.745	0.243	rgb(220,171,171)	1.8368	None
MAFA	MYBPC3	-0.79719	44.72	-2.0E-01	rgb(174,191,225)	1.8759	None
PAX6	NOTUM	-0.79705	44.505	-2.4E-01	rgb(164,185,226)	1.8716	None
ZNF492	NR2F2-AS1	-0.79691	44.46	-2.3E-02	rgb(212,214,218)	1.8708	None
SPIB	BEND5	-0.79677	42.29	-2.9E-01	rgb(154,179,228)	1.8278	None
HSF2	CHST10	-0.79663	41.82	-3.2E-01	rgb(147,175,229)	1.8185	None
LHX1	TUBB2B	-0.7965	41.82	-3.2E-01	rgb(147,175,229)	1.8185	None
TFCP2L1	ADAMTSL2	-0.79636	43.185	-1.8E-01	rgb(177,193,224)	1.8455	None
TGIF2	BGN	0.79622	44.7	0.203	rgb(219,178,179)	1.8755	None
FOXA2	TMPRSS6	0.79594	44.4	0.008	rgb(217,216,216)	1.8696	None
NR4A2	GALNT16	-0.79594	42.285	-2.8E-01	rgb(156,180,228)	1.8277	None
ZNF846	ZMYM2	0.79581	41.355	0.353	rgb(221,150,150)	1.8093	None
ZFP28	HERC5	-0.79567	44.49	-2.4E-01	rgb(164,185,226)	1.8713	None
PAX6	S100A1	-0.79553	44.495	-1.9E-01	rgb(175,191,224)	1.8714	None
NHLH1	SYNGR3	0.79539	42.745	0.246	rgb(220,170,170)	1.8368	None
TEAD2	SMARCA1	-0.79525	43.95	-4.5E-01	rgb(119,157,234)	1.8607	None
LHX1	KCNK3	0.79512	44.445	0.098	rgb(218,198,198)	1.8705	None
TEAD2	SLC6A17	-0.79498	42.28	-2.8E-01	rgb(156,180,228)	1.8276	None
TEAD1	BSN	-0.79456	39.945	-4.4E-01	rgb(120,158,234)	1.7813	None
ZFHX2	RASL11B	0.79456	44.725	0.034	rgb(217,211,211)	1.876	None
ZNF117	GOLGA6L5	0.79456	39.945	0.443	rgb(222,132,133)	1.7813	2,2
PDX1	ARHGAP22	-0.79443	44.425	-4.2E-01	rgb(125,161,233)	1.8701	None
MAFA	SPAG8	0.79429	43.985	0.487	rgb(222,124,125)	1.8613	None
FEV	ALAS2	0.79415	40.88	0.381	rgb(221,144,145)	1.7998	None
ELF4	CSH1	0.79401	44.19	0.188	rgb(219,181,181)	1.8654	None
NR4A3	CTPS1	0.79374	44.18	0.09	rgb(218,200,200)	1.8652	None
ZNF846	UCN3	-0.79374	43.955	-4.6E-01	rgb(118,157,234)	1.8608	None
ONECUT3	SAMD11	-0.7936	44.46	-4.6E-01	rgb(117,156,234)	1.8708	None
GATA4	SLC7A4	0.79346	44.35	0.011	rgb(217,215,215)	1.8686	None
HIF1A	ATF7IP	0.79318	40.425	0.425	rgb(222,136,137)	1.7908	None
ZNF382	DNER	0.79318	44.335	0.066	rgb(218,204,205)	1.8683	None
ZNF382	CBLN1	-0.79305	44.455	-4.6E-01	rgb(118,157,234)	1.8707	None
SMAD9	XKR7	0.79291	43.175	0.176	rgb(219,183,184)	1.8453	None
ZNF382	GFRA3	-0.79277	44.345	-1.5E-01	rgb(183,197,223)	1.8685	None
ONECUT1	MUC16	0.79263	44.39	0.39	rgb(221,143,143)	1.8694	None
ONECUT2	LDHAL6A	0.79249	41.345	0.346	rgb(221,151,152)	1.8091	None
NR4A3	SH3RF3-AS1	0.79236	42.725	0.223	rgb(219,174,175)	1.8364	None
ETS1	MYBPC2	-0.79208	40.87	-3.7E-01	rgb(137,168,231)	1.7996	None
HOXB9	CCDC181	0.79208	44.425	0.427	rgb(222,135,136)	1.8701	None
GATA2	SLC6A16	0.79194	44.065	0.064	rgb(218,205,205)	1.8629	None
AEBP1	WISP1	-0.7918	44.445	-4.4E-01	rgb(121,158,234)	1.8705	2,2
NFAT5	PGF	0.79167	42.735	0.233	rgb(220,173,173)	1.8366	None
EGR3	TMEM132C	-0.79153	44.395	-3.9E-01	rgb(132,165,232)	1.8695	None
NR4A2	SSTR5-AS1	-0.79139	41.34	-3.4E-01	rgb(143,172,230)	1.809	None
AKNA	AL110171	-0.79125	44.065	-5.7E-01	rgb( 94,142,239)	1.8629	2,2
ONECUT1	MED12L	0.79111	43.15	0.15	rgb(219,188,189)	1.8448	None
NR4A3	ZNF853	0.79098	42.72	0.219	rgb(219,175,176)	1.8363	None
SOX4	VASH2	0.79084	41.34	0.338	rgb(221,152,153)	1.809	None
NR4A2	TP73	0.7907	42.73	0.231	rgb(220,173,173)	1.8365	None
ASCL1	SV2B	0.79056	39.995	0.493	rgb(222,123,124)	1.7823	None
SOX4	DLL1	0.79042	40.87	0.369	rgb(221,147,147)	1.7996	None
ZFHX2	HMGB3	0.79029	43.515	0.514	rgb(223,119,120)	1.852	None
RORC	COL21A1	-0.79015	40.41	-4.1E-01	rgb(128,163,233)	1.7905	None
PRDM16	EID2	-0.79001	44.345	-3.5E-01	rgb(142,171,230)	1.8685	None
RFX3	COL12A1	0.78987	43.325	0.325	rgb(221,155,155)	1.8483	None
PAX6	RCOR3	0.78974	44.38	0.007	rgb(217,216,216)	1.8692	None
NPAS3	AK095045	0.7896	41.335	0.333	rgb(221,153,154)	1.8089	2,2
SOX4	KCNB2	0.78946	43.62	0.17	rgb(219,185,185)	1.8541	None
ETV1	CHD5	0.78932	44.275	0.275	rgb(220,164,165)	1.8671	None
GATA4	PGF	-0.78905	44.41	-7.0E-02	rgb(202,208,220)	1.8698	None
TFCP2L1	CELA3B	0.78905	44.39	0.306	rgb(220,158,159)	1.8694	None
RORC	PRKXP1	-0.78891	40.405	-4.0E-01	rgb(129,164,232)	1.7904	None
DZIP1	HBT8	0.78863	40.865	0.365	rgb(221,147,148)	1.7995	2,2
PDX1	LEFTY1	0.78863	40.865	0.365	rgb(221,147,148)	1.7995	None
ASCL2	MYEF2	-0.78849	43.815	-8.3E-02	rgb(199,206,220)	1.858	None
NR4A2	C2CD4B	0.78836	44.31	0.029	rgb(217,211,212)	1.8678	None
ETS1	LRP4-AS1	-0.78822	40.39	-3.9E-01	rgb(132,166,232)	1.7901	None
LMX1B	KCNAB2	-0.78808	41.33	-3.3E-01	rgb(145,173,230)	1.8088	None
ARX	TUBB2B	-0.78794	44.275	-3.6E-02	rgb(209,212,218)	1.8671	None
SOX4	DPYSL3	0.7878	41.795	0.296	rgb(220,161,161)	1.818	None
NHLH1	WNT6	0.78753	41.795	0.293	rgb(220,161,162)	1.818	None
ZNF846	LIMCH1	-0.78753	41.795	-3.0E-01	rgb(153,178,228)	1.818	None
PDX1	MUC15	-0.78739	44.325	-1.0E-01	rgb(194,203,221)	1.8681	None
ATF6	MLN	-0.78711	44.385	-1.4E-02	rgb(214,215,218)	1.8693	None
LMX1B	PKIA	0.78711	43.97	0.469	rgb(222,127,128)	1.861	None
NEUROG3	LOC100129175	-0.78698	42.255	-2.5E-01	rgb(162,184,227)	1.8271	None
TEAD2	KAT2B	-0.78684	42.26	-2.6E-01	rgb(161,183,227)	1.8272	None
MAFA	HES4	0.7867	44.215	0.216	rgb(219,176,176)	1.8659	None
ZFHX2	CCK	-0.78656	44.265	-2.6E-01	rgb(160,182,227)	1.8669	None
RORC	UNC13A	-0.78642	43.825	-3.2E-01	rgb(147,174,229)	1.8582	None
ONECUT3	NNMT	-0.78615	41.325	-3.3E-01	rgb(146,174,229)	1.8087	None
ZNF492	IFIT1	-0.78615	43.745	-2.5E-01	rgb(164,184,226)	1.8566	None
ETV1	CRMP1	0.78601	40.86	0.36	rgb(221,148,149)	1.7994	None
HIC1	AP3B2	-0.78587	43.07	-7.2E-02	rgb(201,208,220)	1.8432	None
MAFA	LINC00310	0.7856	43.79	0.29	rgb(220,162,162)	1.8575	None
TEAD1	TRIM24	0.7856	43.95	0.449	rgb(222,131,132)	1.8607	None
NEUROG3	LINGO1	0.78546	44.095	0.593	rgb(224,104,105)	1.8635	None
ZFHX2	PLCXD3	0.78532	42.25	0.249	rgb(220,169,170)	1.827	None
ASCL1	HCN4	0.78518	43.93	0.432	rgb(222,134,135)	1.8603	None
ASCL2	PTGDR2	0.78504	41.325	0.327	rgb(221,155,155)	1.8087	None
TFCP2L1	NOTUM	-0.78491	43.85	-9.0E-02	rgb(198,205,220)	1.8587	None
TEAD1	PCBP4	-0.78477	41.32	-3.2E-01	rgb(148,175,229)	1.8086	None
LHX1	SSBP2	0.78463	44.05	0.554	rgb(223,111,112)	1.8626	None
LMX1A	SERPINA10	0.78435	41.32	0.319	rgb(221,156,157)	1.8086	None
NKX6-1	CCK	-0.78435	43.385	-1.4E-01	rgb(187,199,222)	1.8495	None
SMAD9	LDB1	0.78422	42.91	0.408	rgb(221,139,140)	1.8401	None
NR4A2	CHRNA5	-0.78408	44.3	-3.0E-01	rgb(153,178,228)	1.8676	None
GATA4	ZFP90	-0.7838	40.85	-3.5E-01	rgb(141,171,230)	1.7992	None
NEUROD2	KCNB2	0.7838	42.905	0.407	rgb(221,139,140)	1.84	None
GATA4	PCED1B-AS1	0.78366	44.07	0.189	rgb(219,181,181)	1.863	None
ZFHX2	FAM171B	-0.78353	43.73	-8.0E-02	rgb(200,206,220)	1.8563	None
ADNP	AX747114	-0.78339	43.26	-2.6E-01	rgb(160,182,227)	1.847	2,2
PAX6	DOCK8	-0.78325	39.445	-4.5E-01	rgb(120,158,234)	1.7714	None
RFX3	CDK5R1	0.78311	44.045	0.542	rgb(223,113,114)	1.8625	None
PBX1	CELA3B	-0.78297	42.88	-3.8E-01	rgb(135,167,231)	1.8395	None
PRDM16	CYP4F24P	0.78284	43.965	0.187	rgb(219,181,182)	1.8609	None
GATA2	ATP13A4	0.78256	40.845	0.344	rgb(221,151,152)	1.7991	None
NEUROG3	ACSL6	0.78256	40.845	0.346	rgb(221,151,152)	1.7991	None
MYRF	AX747850	-0.78242	42.24	-2.4E-01	rgb(165,185,226)	1.8268	2,2
NEUROG3	STARD9	0.78228	41.78	0.281	rgb(220,163,164)	1.8177	None
ZNF846	IFIT1	-0.78215	43.25	-2.5E-01	rgb(163,184,226)	1.8468	None
ETS1	TFCP2L1	-0.78187	44.1	-6.0E-01	rgb( 87,138,240)	1.8636	None
NR4A2	ZNF117	0.78187	39.925	0.425	rgb(222,136,137)	1.7809	None
ZFHX2	EID2	-0.78173	41.31	-3.1E-01	rgb(149,176,229)	1.8084	None
LHX1	GCG	-0.78132	44.145	-1.5E-01	rgb(185,198,223)	1.8645	None
LHX1	PEX5L	0.78132	43.965	0.006	rgb(217,216,216)	1.8609	None
NEUROD2	PRELP	0.78132	42.235	0.236	rgb(220,172,172)	1.8267	None
PDX1	ADCY5	0.78118	44.01	0.06	rgb(218,206,206)	1.8618	None
ZFHX2	PPP1R14A	-0.78104	40.38	-3.8E-01	rgb(135,167,231)	1.7899	None
ZFP82	WNK2	0.78077	41.31	0.311	rgb(220,158,158)	1.8084	None
ZNF492	BC006435	0.78077	41.31	0.309	rgb(220,158,159)	1.8084	2,2
NEUROD2	PGA3	0.78063	43.585	0.078	rgb(218,202,202)	1.8534	None
NEUROD1	CELF3	0.78049	39.9	0.4	rgb(221,141,141)	1.7804	None
MAFF	SMAD9	0.78035	44.245	0.102	rgb(218,198,198)	1.8665	None
PDX1	GCG	0.78022	43.67	0.048	rgb(218,208,208)	1.8551	None
ZNF846	SBK1	0.78008	44.05	0.059	rgb(218,206,206)	1.8626	None
RFX3	MCF2L	0.77994	40.84	0.338	rgb(221,153,153)	1.799	None
TEAD1	ANKRD18A	0.7798	42.845	0.347	rgb(221,151,151)	1.8388	None
NEUROD2	TOX	0.77966	43.925	0.424	rgb(222,136,137)	1.8602	None
MAFB	SFTPA2	-0.77953	43.995	-4.9E-01	rgb(110,152,236)	1.8615	None
GATA4	METTL21EP	-0.77939	44.16	-1.0E-01	rgb(195,204,221)	1.8648	None
GRHL3	CR627206	-0.77925	42.83	-3.3E-01	rgb(146,174,229)	1.8385	2,2
ELF4	ZNF519	-0.77911	43.965	-4.7E-01	rgb(116,156,235)	1.8609	None
ONECUT1	PEX5L	0.77884	42.22	0.219	rgb(219,175,176)	1.8264	None
ZNF846	CHRNA5	-0.77884	41.765	-2.6E-01	rgb(160,182,227)	1.8174	None
NEUROG3	DKK3	0.77856	39.905	0.407	rgb(221,139,140)	1.7805	None
TFCP2L1	ZNRF3-AS1	-0.77856	43.495	-3.3E-01	rgb(144,173,230)	1.8516	None
ELF4	BGN	-0.77828	42.64	-1.4E-01	rgb(187,199,222)	1.8347	None
NR4A2	LRFN1	0.77828	41.3	0.299	rgb(220,160,160)	1.8082	None
GATA4	RSPH4A	0.77815	42.64	0.14	rgb(219,190,190)	1.8347	None
ONECUT2	AMBP	-0.77801	42.815	-3.1E-01	rgb(149,176,229)	1.8382	None
ONECUT3	DENND2A	-0.77787	43.395	-3.9E-01	rgb(131,165,232)	1.8497	None
HSF2	TUBB2B	-0.77773	41.765	-2.7E-01	rgb(159,182,227)	1.8174	None
RFX6	GALNT16	0.77759	38.965	0.465	rgb(222,128,129)	1.7619	None
EGR3	CBFA2T3	-0.77732	43.515	-7.1E-02	rgb(201,208,220)	1.852	None
NR4A3	SCN3B	0.77732	42.83	0.331	rgb(221,154,154)	1.8385	None
HSF2	TSSK4	0.77718	43.365	0.086	rgb(218,201,201)	1.8491	None
TFCP2L1	INSRR	-0.77704	43.93	-9.9E-02	rgb(196,204,221)	1.8603	None
ELF4	GDF1	-0.77677	43.91	-4.1E-01	rgb(128,163,233)	1.8599	None
NEUROG3	CRISPLD2	0.77677	43.965	0.464	rgb(222,128,129)	1.8609	None
KCNIP3	BAI1	0.77663	42.61	0.11	rgb(218,196,196)	1.8341	2,2
PDX1	TAF9B	-0.77649	43.19	-1.9E-01	rgb(176,192,224)	1.8456	None
ETS1	PRDM16	0.77635	43.91	0.072	rgb(218,203,203)	1.8599	None
PAX6	DEFB1	-0.77621	42.82	-3.2E-01	rgb(147,175,229)	1.8383	None
PDX1	KIF1A	0.77608	43.765	0.267	rgb(220,166,167)	1.857	None
LMX1A	SCG3	0.77594	43.935	0.026	rgb(217,212,212)	1.8604	None
FEV	CPLX2	0.7758	42.2	0.202	rgb(219,178,179)	1.826	None
ONECUT1	ADD2	0.77539	41.29	0.289	rgb(220,162,162)	1.808	None
PRDM16	KCNH8	-0.77539	43.62	-6.4E-03	rgb(216,216,217)	1.8541	None
SOX4	PCSK2	-0.77539	43.95	-4.5E-01	rgb(119,158,234)	1.8607	None
TEAD2	TUBB3	0.77525	39.44	0.441	rgb(222,133,134)	1.7713	None
FOXA1	C7	0.77511	40.82	0.318	rgb(221,156,157)	1.7987	None
LMX1B	CNIH2	0.77497	43.915	0.412	rgb(222,138,139)	1.86	None
ZNF117	ABCC9	0.77483	38.95	0.451	rgb(222,131,132)	1.7616	2,2
MAFB	NPY	0.7747	43.155	0.154	rgb(219,188,188)	1.8449	None
PBX1	ZMYM2	0.77456	42.42	0.418	rgb(222,137,138)	1.8303	None
LHX1	VCAN	-0.77442	43.825	-3.3E-01	rgb(146,174,229)	1.8582	None
MAFF	NACAD	0.77428	43.58	0.582	rgb(223,106,107)	1.8533	None
LMX1B	GPR137C	-0.77414	43.81	-1.1E-01	rgb(193,202,221)	1.8579	None
TEAD1	PYY	-0.77401	40.345	-3.5E-01	rgb(142,171,230)	1.7892	None
PAX6	RUNDC3A	-0.77387	43.795	-2.1E-01	rgb(171,189,225)	1.8576	None
MAFF	JAZF1	0.77359	43.355	0.357	rgb(221,149,150)	1.8489	None
ST18	SYP	-0.77359	43.685	-1.1E-01	rgb(194,203,221)	1.8554	None
LMX1A	GPBAR1	-0.77345	42.18	-1.8E-01	rgb(178,194,224)	1.8256	None
PAX6	TENM2	-0.77332	42.785	-2.8E-01	rgb(156,180,228)	1.8376	None
NR4A2	COL10A1	0.77318	43.865	0.367	rgb(221,147,148)	1.859	None
ZNF846	CDK5R1	0.77304	43.435	0.033	rgb(217,211,211)	1.8505	None
SPIB	SLC18A1	0.7729	43.36	0.361	rgb(221,148,149)	1.849	None
NR4A3	NKD1	0.77276	43.68	0.05	rgb(218,207,208)	1.8553	None
AEBP1	ZFP92	0.77263	43.85	0.349	rgb(221,150,151)	1.8587	2,2
NKX6-1	SDK1	0.77249	42.78	0.28	rgb(220,164,164)	1.8375	None
ONECUT1	RIIAD1	0.77221	38.94	0.44	rgb(222,133,134)	1.7614	None
TEAD1	DNAJC12	-0.77221	38.94	-4.4E-01	rgb(121,159,234)	1.7614	None
ZNF846	CPT1C	-0.77208	43.685	-1.8E-01	rgb(178,193,224)	1.8554	None
ATF5	ETS1	-0.77194	43.67	-2.1E-02	rgb(212,214,218)	1.8551	None
PRDM16	CYMP	-0.7718	43.815	-3.1E-01	rgb(149,176,229)	1.858	None
ETS1	FKBP7	0.77152	42.775	0.277	rgb(220,164,165)	1.8374	None
FOXA1	ISLR2	-0.77152	42.175	-1.8E-01	rgb(179,194,224)	1.8255	None
MAFF	BRS3	-0.77139	43.545	-3.8E-02	rgb(209,212,218)	1.8526	None
LMX1A	FSTL5	0.77111	43.02	0.022	rgb(217,213,213)	1.8422	None
NEUROD1	MEX3B	0.77111	42.16	0.159	rgb(219,187,187)	1.8252	None
LHX1	SYNM	-0.77097	43.485	-1.0E-01	rgb(195,204,221)	1.8514	None
GATA4	DNAH11	0.77083	43.36	0.358	rgb(221,149,149)	1.849	None
ELF4	FOXA2	-0.7707	43.76	-2.6E-01	rgb(161,183,227)	1.8569	None
ETV1	TEKT2	0.77056	43.27	0.268	rgb(220,166,166)	1.8472	None
EGR3	HCP5	-0.77042	43.8	-5.0E-02	rgb(206,210,219)	1.8577	None
MAFA	B3GAT1	0.77028	42.14	0.139	rgb(219,191,191)	1.8248	None
NEUROD1	SLC6A17	0.77014	38.48	0.482	rgb(222,125,126)	1.7523	None
SPIB	OGFRL1	0.77001	39.87	0.368	rgb(221,147,148)	1.7798	None
ZFHX2	FBN1	0.76987	43.69	0.081	rgb(218,201,202)	1.8555	2,2
PRDM16	TFPI2	-0.76973	39.405	-4.1E-01	rgb(129,163,232)	1.7706	None
SMAD9	CADM2	0.76959	40.33	0.33	rgb(221,154,155)	1.7889	None
GRHL3	ZCCHC12	0.76945	43.55	0.555	rgb(223,111,112)	1.8527	2,2
PRDM16	MAP6	-0.76932	43.08	-5.8E-01	rgb( 91,140,239)	1.8434	None
LMX1A	PALMD	0.76918	43.495	0.496	rgb(222,122,123)	1.8516	None
SOX4	SIDT1	0.76904	42.715	0.213	rgb(219,176,177)	1.8362	None
ASCL1	ELAVL4	-0.7689	43.345	-3.3E-01	rgb(146,174,229)	1.8487	None
PDX1	RTN4RL1	0.76876	41.265	0.264	rgb(220,167,167)	1.8075	None
FEV	KCNK17	0.76849	41.72	0.221	rgb(219,175,175)	1.8165	None
POU6F1	FAM110B	-0.76849	41.72	-2.2E-01	rgb(170,188,225)	1.8165	None
PRDM16	MX2	0.76835	43.43	0.178	rgb(219,183,183)	1.8504	None
ZFP28	SHC3	-0.76821	43.035	-5.3E-01	rgb(101,146,237)	1.8425	None
ZNF846	CAMK2N2	-0.76807	43.22	-2.2E-01	rgb(170,188,225)	1.8462	None
TFCP2L1	TRIM35	-0.76794	43.525	-2.1E-01	rgb(172,190,225)	1.8522	None
ONECUT1	NEAT1	0.7678	43.76	0.259	rgb(220,167,168)	1.8569	None
ZNF382	GATA6	0.76766	38.92	0.421	rgb(222,137,137)	1.761	None
ETV1	KCNH8	0.76752	39.4	0.401	rgb(221,140,141)	1.7705	None
HSF2	DUSP2	-0.76738	42.7	-2.0E-01	rgb(174,191,225)	1.8359	None
LHX1	LMO3	0.76711	43.69	0.19	rgb(219,181,181)	1.8555	None
ZNF846	JAZF1	-0.76711	39.855	-3.5E-01	rgb(140,170,230)	1.7795	None
ELF4	BRSK1	-0.76697	40.795	-3.0E-01	rgb(153,178,228)	1.7982	None
RORC	WNK3	-0.76683	39.385	-3.9E-01	rgb(133,166,232)	1.7702	None
LHX1	ATF6	0.76669	43.44	0.091	rgb(218,200,200)	1.8505	None
TEAD1	PGA4	-0.76656	41.705	-2.1E-01	rgb(172,190,225)	1.8162	None
GATA4	CACNA1E	0.76642	42.81	0.311	rgb(220,158,158)	1.8381	None
HOXB9	HSF2	0.76628	43.37	0.28	rgb(220,163,164)	1.8492	None
LMX1A	KCNK17	-0.76614	38.915	-4.2E-01	rgb(127,162,233)	1.7609	None
SIM1	ECEL1	0.766	43.725	0.223	rgb(219,174,175)	1.8562	2,2
PRDM16	MRPL34	-0.76587	41.7	-2.0E-01	rgb(174,191,225)	1.8161	None
TEAD1	PGF	-0.76573	39.38	-3.8E-01	rgb(134,167,232)	1.7701	None
PAX4	INS-IGF2	0.76559	41.255	0.253	rgb(220,169,169)	1.8073	None
ETS1	SCIMP	-0.76545	43.44	-1.2E-02	rgb(214,215,217)	1.8505	None
TEAD1	PLCG2	-0.76531	41.25	-2.5E-01	rgb(163,184,226)	1.8072	None
FEV	WSCD1	0.76518	43.395	0.392	rgb(221,142,143)	1.8497	None
ASCL2	NPM2	0.7649	41.25	0.249	rgb(220,169,170)	1.8072	None
NR4A2	VGF	-0.7649	43.13	-6.3E-01	rgb( 80,134,241)	1.8444	None
NEUROD2	ZDHHC8P1	0.76476	38.905	0.407	rgb(221,139,140)	1.7607	None
NR4A3	GPR148	0.76462	42.7	0.199	rgb(219,179,179)	1.8359	None
NR4A2	PALMD	-0.76449	39.845	-3.4E-01	rgb(143,172,230)	1.7793	None
KCNIP3	TRAM1L1	0.76435	43.35	0.347	rgb(221,151,151)	1.8488	2,2
PRDM16	RPS6KL1	-0.76421	43.3	-2.1E-01	rgb(171,189,225)	1.8478	None
PDX1	SSTR5	0.76393	39.85	0.348	rgb(221,151,151)	1.7794	None
ZFP28	RSAD2	0.76393	39.85	0.352	rgb(221,150,150)	1.7794	None
ETV1	MYBPC3	0.7638	43.425	0.027	rgb(217,212,212)	1.8503	None
PAX6	ACSS3	-0.76366	41.245	-2.5E-01	rgb(163,184,226)	1.8071	None
TFCP2L1	WDR17	0.76352	43.415	0.413	rgb(222,138,139)	1.8501	None
GATA2	CPB1	0.76325	41.245	0.244	rgb(220,170,171)	1.8071	None
SOX4	SFTPA2	0.76325	41.245	0.244	rgb(220,170,171)	1.8071	None
ETV1	USP41	0.76311	40.315	0.315	rgb(220,157,157)	1.7887	None
MAFB	UNC79	0.76297	43.345	0.347	rgb(221,151,151)	1.8487	None
MAFA	RGS16	0.76283	42.265	0.265	rgb(220,166,167)	1.8273	None
TP73	NAALADL1	0.76269	43.415	0.089	rgb(218,200,200)	1.8501	None
RORC	SEMA6B	0.76256	43.425	0.027	rgb(217,212,212)	1.8503	None
ASCL2	PLEKHB1	0.76242	38.925	0.427	rgb(222,135,136)	1.7611	None
ZFHX2	NCALD	-0.76228	38.9	-4.0E-01	rgb(130,164,232)	1.7606	None
LMX1B	EPHB3	-0.76214	43.41	-1.1E-02	rgb(215,216,217)	1.85	None
LMX1B	FEV	0.762	39.845	0.343	rgb(221,151,152)	1.7793	None
MYRF	NDUFB6	0.76187	43.2	0.078	rgb(218,202,202)	1.8458	2,2
LMX1B	TUBA1A	0.76173	39.38	0.379	rgb(221,145,145)	1.7701	None
ELF4	EVA1A	-0.76159	40.31	-3.1E-01	rgb(149,176,229)	1.7886	None
PDX1	H1FX-AS1	0.76145	42.745	0.247	rgb(220,170,170)	1.8368	None
HSF2	DEFB1	0.76131	43.385	0.384	rgb(221,144,144)	1.8495	None
ATF5	NKD1	0.76118	42.9	0.398	rgb(221,141,142)	1.8399	None
ASCL1	AP3B2	0.76104	38.895	0.394	rgb(221,142,143)	1.7605	None
PDX1	PTPRN2	0.7609	39.84	0.339	rgb(221,152,153)	1.7792	None
EGR3	NEFL	0.76076	42.265	0.265	rgb(220,166,167)	1.8273	None
TEAD1	SPARC	-0.76062	43.375	-3.8E-01	rgb(135,167,231)	1.8493	None
ONECUT1	SCN2A	0.76049	41.225	0.226	rgb(219,174,174)	1.8067	None
LMX1B	ATP8B2	-0.76035	42.65	-1.5E-01	rgb(185,197,223)	1.8349	None
ZFP2	FAM65C	0.76021	43.365	0.364	rgb(221,148,148)	1.8491	2,2
POU6F1	DOK6	0.76007	43.345	0.345	rgb(221,151,152)	1.8487	None
PBX1	CBFA2T3	0.75993	42.965	0.164	rgb(219,186,186)	1.8411	None
NEUROD1	CAMK2B	0.7598	37.975	0.473	rgb(222,127,128)	1.7423	None
HEYL	LOC145837	0.75952	43.33	0.33	rgb(221,154,155)	1.8484	2,2
MAFA	VWCE	0.75952	40.765	0.264	rgb(220,167,167)	1.7976	None
ONECUT2	CORO2B	-0.75938	42.935	-2.8E-01	rgb(157,181,227)	1.8405	None
ELF4	SFRP1	-0.75924	42.855	-3.5E-01	rgb(140,170,230)	1.839	None
SOX4	EFNB3	-0.75911	38.89	-3.9E-01	rgb(132,166,232)	1.7604	None
PAX6	PDGFD	0.75897	43.175	0.116	rgb(218,195,195)	1.8453	None
ELF4	EID2	-0.75883	42.835	-3.4E-01	rgb(144,173,230)	1.8386	None
LMX1B	RTN4RL1	0.75855	42.79	0.221	rgb(219,175,175)	1.8377	None
TFCP2L1	MSI1	0.75855	42.705	0.207	rgb(219,177,178)	1.836	None
GATA2	GDF1	-0.75842	43.21	-1.2E-01	rgb(190,201,222)	1.846	None
HSF2	SSTR2	0.75828	43	0.503	rgb(223,121,122)	1.8418	None
NKX2-2	DOCK8	0.75814	41.655	0.157	rgb(219,187,187)	1.8152	None
GATA2	GPC6	0.758	39.365	0.367	rgb(221,147,148)	1.7698	None
ADNP	TACR3	0.75773	41.83	0.332	rgb(221,154,154)	1.8187	2,2
ELF4	USP41	-0.75773	40.295	-3.0E-01	rgb(153,178,228)	1.7883	None
LHX1	SHC3	-0.75759	41.82	-3.2E-01	rgb(148,175,229)	1.8185	None
NR4A2	SV2A	-0.75745	42.795	-3.0E-01	rgb(153,178,228)	1.8378	None
PDX1	AVPR1B	-0.75731	42.685	-1.8E-01	rgb(177,193,224)	1.8356	None
GATA2	CACNA1E	0.75717	43.325	0.324	rgb(221,155,156)	1.8483	None
PAX6	CPLX2	0.7569	40.295	0.293	rgb(220,161,162)	1.7883	None
PBX1	CRYBA2	-0.7569	38.885	-3.9E-01	rgb(133,166,232)	1.7603	None
EGR3	MAST1	0.75662	43.035	0.022	rgb(217,213,213)	1.8425	None
RORC	GRASP	-0.75662	37.96	-4.6E-01	rgb(117,156,234)	1.742	None
MAFA	EFCC1	0.75648	42.955	0.452	rgb(222,131,132)	1.8409	None
MAFA	PAPPA2	0.75635	42.545	0.046	rgb(218,208,208)	1.8328	None
LMX1B	NAALADL1	0.75621	43.28	0.002	rgb(217,217,217)	1.8474	None
ZNF382	SLC35F3	-0.75607	42.955	-3.3E-02	rgb(210,213,218)	1.8409	None
ELF4	CCL19	-0.75566	39.35	-3.5E-01	rgb(141,171,230)	1.7695	None
LHX1	TOX3	-0.75566	39.825	-3.3E-01	rgb(146,174,229)	1.7789	None
PAX6	ELL2	-0.75566	39.35	-3.5E-01	rgb(142,171,230)	1.7695	None
PBX1	GRHL3	0.75552	43.29	0.167	rgb(219,185,185)	1.8476	None
ZNF492	DPYSL3	-0.75538	43.25	-2.5E-01	rgb(163,184,226)	1.8468	None
LMX1A	CPB1	-0.7551	38.88	-3.8E-01	rgb(134,167,231)	1.7602	None
TP73	ZNF853	0.7551	38.88	0.379	rgb(221,145,145)	1.7602	None
SMAD9	RORC	0.75497	39.36	0.36	rgb(221,148,149)	1.7697	None
ZNF846	SYP	-0.75483	41.805	-3.0E-01	rgb(151,177,229)	1.8182	None
ZFHX2	PCSK1	-0.75469	42.22	-2.2E-01	rgb(170,188,225)	1.8264	None
EGR3	ANK2	-0.75455	40.29	-2.9E-01	rgb(154,178,228)	1.7882	None
ZNF846	LRFN1	-0.75442	42.655	-1.6E-01	rgb(183,196,223)	1.835	None
GATA4	CHL1	0.75414	41.195	0.196	rgb(219,180,180)	1.8061	None
ZNF846	B3GAT1	-0.75414	41.195	-1.9E-01	rgb(175,191,224)	1.8061	None
TEAD2	ATP6V1G2	-0.754	40.285	-2.9E-01	rgb(155,179,228)	1.7881	None
NR4A3	STMND1	-0.75386	38.435	-4.3E-01	rgb(123,160,233)	1.7514	None
PAX4	LZTS1	0.75373	41.205	0.205	rgb(219,178,178)	1.8063	None
HIC1	SYT5	-0.75345	40.75	-2.5E-01	rgb(162,184,227)	1.7973	None
SMAD9	FABP5	-0.75345	40.75	-2.5E-01	rgb(163,184,226)	1.7973	None
PRDM16	GPR155	0.75331	42.175	0.176	rgb(219,183,184)	1.8255	None
NPAS3	RIC3	0.75317	43.215	0.214	rgb(219,176,176)	1.8461	2,2
ZFP82	ABLIM2	0.7529	40.285	0.287	rgb(220,162,163)	1.7881	None
ZNF846	ZNF853	-0.7529	40.285	-2.9E-01	rgb(155,179,228)	1.7881	None
HOXB9	ZCCHC18	0.75276	42.2	0.202	rgb(219,178,179)	1.826	None
TFCP2L1	NOXO1	0.75262	42.585	0.093	rgb(218,199,199)	1.8336	None
GATA2	SCN3B	-0.75248	43.23	-2.0E-02	rgb(213,214,218)	1.8464	None
RORC	SLC6A16	-0.75235	39.35	-3.5E-01	rgb(141,171,230)	1.7695	None
LMX1A	CADM2	-0.75221	40.28	-2.8E-01	rgb(157,180,228)	1.788	None
ZFHX2	CCDC40	0.75207	38.425	0.423	rgb(222,136,137)	1.7512	None
MAFF	NRXN2	0.75193	40.28	0.278	rgb(220,164,164)	1.788	None
TEAD1	LONRF2	0.75179	41.45	0.448	rgb(222,131,132)	1.8111	None
NEUROD1	CBLN1	0.75166	41.445	0.445	rgb(222,132,133)	1.811	None
NHLH1	TCTEX1D4	0.75152	42.345	0.346	rgb(221,151,152)	1.8289	None
HIC1	TTYH2	0.75138	42.975	0.473	rgb(222,127,128)	1.8413	None
ONECUT1	CDHR1	0.75124	42.8	0.3	rgb(220,160,160)	1.8379	2,2
EGR3	COL10A1	-0.7511	39.81	-3.1E-01	rgb(149,176,229)	1.7786	None
FOXA1	PPP1R14A	-0.75083	39.345	-3.5E-01	rgb(142,171,230)	1.7694	None
ZFHX2	KCNE4	-0.75083	42.965	-4.7E-01	rgb(116,156,235)	1.8411	None
PRDM16	PCED1B-AS1	0.75069	41.415	0.414	rgb(222,138,139)	1.8104	None
EGR3	ID4	-0.75055	42.95	-4.5E-01	rgb(120,158,234)	1.8408	None
ONECUT1	PALMD	0.75041	38.4	0.401	rgb(221,140,141)	1.7507	None
ETS1	POU6F1	-0.75028	39.805	-3.0E-01	rgb(151,177,229)	1.7785	None
ZBTB4	AX747535	0.75014	42.245	0.245	rgb(220,170,171)	1.8269	2,2
MYT1	ASCL1	0.75	37.935	0.434	rgb(222,134,135)	1.7415	2,2
SOX4	LMX1A	-0.74986	43.04	-5.4E-01	rgb( 99,146,238)	1.8426	None
LHX1	PCSK2	-0.74972	39.335	-3.3E-01	rgb(145,173,230)	1.7692	None
LMX1B	CBX2	0.74959	42.865	0.174	rgb(219,184,184)	1.8392	None
ZNF846	ANKRD13B	-0.74945	41.375	-3.8E-01	rgb(135,167,231)	1.8096	None
ZFHX2	LINC00310	0.74931	41.745	0.247	rgb(220,170,170)	1.817	None
LMX1A	FAM135B	-0.74917	38.86	-3.6E-01	rgb(139,170,231)	1.7598	None
PDX1	GRHL3	0.74903	42.655	0.076	rgb(218,202,203)	1.835	None
DZIP1	RAB40A	0.7489	42.555	0.551	rgb(223,112,113)	1.833	2,2
MAFA	WNT9A	0.74876	42.86	0.119	rgb(218,194,195)	1.8391	None
SOX4	ANKRD18A	-0.74862	42.545	-1.2E-01	rgb(192,202,221)	1.8328	None
MAFB	CHRM4	0.74834	42.305	0.304	rgb(220,159,160)	1.8281	None
TFCP2L1	LRRC10B	-0.74834	42.22	-2.2E-01	rgb(169,188,225)	1.8264	None
ELF4	TCEAL1	-0.74821	42.465	-1.8E-01	rgb(179,194,224)	1.8312	None
ETS1	IFIT1	-0.74807	42.69	-8.7E-02	rgb(198,206,220)	1.8357	None
FEV	MAPK12	0.74793	42.465	0.465	rgb(222,128,129)	1.8312	None
NR4A3	SDCBP2-AS1	0.74779	41.89	0.39	rgb(221,143,143)	1.8198	None
RFX2	KCNH3	0.74765	41.125	0.123	rgb(218,194,194)	1.8047	None
EGR3	REM2	0.74724	38.39	0.391	rgb(221,142,143)	1.7505	None
ONECUT1	NR2F2-AS1	0.74724	42.795	0.294	rgb(220,161,161)	1.8378	None
RFX3	LIN7A	0.74724	38.39	0.392	rgb(221,142,143)	1.7505	None
NEUROD1	BEX1	0.7471	41.35	0.348	rgb(221,150,151)	1.8092	2,2
NEUROG3	GAL	0.74696	42.835	0.336	rgb(221,153,154)	1.8386	None
TEAD1	SCG5	-0.74683	40.715	-2.1E-01	rgb(171,189,225)	1.7966	None
PRDM16	PRKXP1	0.74669	37.945	0.443	rgb(222,132,133)	1.7417	None
TFCP2L1	DEFB1	-0.74655	41.335	-3.3E-01	rgb(144,173,230)	1.8089	None
PDX1	HHEX	0.74641	41.725	0.226	rgb(219,174,174)	1.8166	None
SOX4	NOTUM	0.74627	42.87	0.371	rgb(221,146,147)	1.8393	None
HSF2	GPR155	0.746	40.715	0.216	rgb(219,176,176)	1.7966	None
MAFA	NPTX1	-0.746	42.79	-2.2E-01	rgb(170,188,225)	1.8377	None
MAFA	INSRR	0.74586	41.72	0.22	rgb(219,175,175)	1.8165	None
HIF1A	MLXIPL	-0.74545	42.59	-5.9E-01	rgb( 89,139,239)	1.8337	None
LHX1	ST8SIA6-AS1	-0.74545	42.255	-2.5E-01	rgb(162,183,227)	1.8271	None
ZNF382	RBP2	0.74545	42.255	0.254	rgb(220,168,169)	1.8271	None
SPIB	RSPH4A	-0.74531	42.635	-1.4E-01	rgb(187,199,222)	1.8346	None
LMX1B	ICA1L	0.74517	42.185	0.183	rgb(219,182,182)	1.8257	None
PDX1	ZG16	-0.74503	42.41	-5.2E-02	rgb(206,210,219)	1.8301	None
PAX6	MCOLN3	0.7449	41.14	0.142	rgb(219,190,190)	1.805	None
NEUROG3	TTYH2	0.74476	40.94	0.44	rgb(222,133,134)	1.801	None
ZNF846	FJX1	-0.74462	42.38	-1.1E-01	rgb(193,203,221)	1.8296	None
ONECUT3	USP32P2	-0.74448	41.805	-3.1E-01	rgb(150,176,229)	1.8182	None
NEUROG3	CIB4	0.74434	42.61	0.609	rgb(224,101,102)	1.8341	None
LMX1B	SCGB1A1	0.74407	41.125	0.126	rgb(218,193,193)	1.8047	None
TFCP2L1	ISLR2	-0.74407	42.155	-1.5E-01	rgb(183,197,223)	1.8251	None
EGR3	EMB	-0.74393	37.93	-4.3E-01	rgb(124,160,233)	1.7414	None
PDX1	ACSL6	-0.74379	41.305	-3.1E-01	rgb(150,176,229)	1.8083	None
ARX	FSTL5	0.74365	42.735	0.237	rgb(220,172,172)	1.8366	None
MAFA	SYT14	0.74352	41.69	0.189	rgb(219,181,181)	1.8159	None
NR4A2	INHBE	-0.74338	42.76	-6.9E-02	rgb(202,208,220)	1.8371	None
MAFB	EID2	-0.74324	42.84	-9.0E-02	rgb(197,205,220)	1.8387	None
FOXP2	SCN2A	0.7431	41.3	0.299	rgb(220,160,160)	1.8082	None
ONECUT2	ELFN1	0.74296	42.835	0.076	rgb(218,202,203)	1.8386	None
TGIF2	CYP4F24P	-0.74283	38.385	-3.8E-01	rgb(134,166,232)	1.7504	None
MAFA	FAM71E2	-0.74269	41.29	-2.9E-01	rgb(154,179,228)	1.808	None
LMX1A	CLCA1	-0.74255	42.81	-6.3E-02	rgb(203,209,219)	1.8381	None
RORC	BEND5	-0.74241	39.31	-3.1E-01	rgb(150,176,229)	1.7687	None
RORC	LRIG1	-0.74227	42.69	-1.5E-01	rgb(184,197,223)	1.8357	None
MAFB	GLYATL3	0.74214	42.805	0.307	rgb(220,158,159)	1.838	None
NR4A2	SLC38A3	0.742	41.69	0.188	rgb(219,181,182)	1.8159	None
HSF2	INS-IGF2	-0.74186	40.685	-1.9E-01	rgb(176,192,224)	1.796	None
HIF1A	FABP5	-0.74172	42.735	-2.1E-01	rgb(172,190,225)	1.8366	None
GATA6	CYP27A1	-0.74158	42.485	-4.7E-02	rgb(207,211,219)	1.8316	None
EGR3	TCEAL1	-0.74145	42.76	-6.2E-02	rgb(204,209,219)	1.8371	None
HSF2	ZBTB4	-0.74131	42.515	-5.2E-01	rgb(105,149,237)	1.8322	None
PBX1	TMEM70	-0.74117	41.765	-2.7E-01	rgb(159,182,227)	1.8174	None
MAFB	MYO3A	0.74103	38.84	0.342	rgb(221,152,152)	1.7594	None
SOX4	MYEF2	0.74089	40.88	0.382	rgb(221,144,145)	1.7998	None
ISL1	GNAO1	0.74048	41.015	0.015	rgb(217,214,214)	1.8025	None
TEAD1	STMN4	-0.74048	41.66	-1.6E-01	rgb(182,196,223)	1.8153	None
ZNF382	CDH5	0.74048	38.37	0.372	rgb(221,146,147)	1.7501	None
NEUROG3	LINC00494	-0.7402	41.65	-1.5E-01	rgb(185,197,223)	1.8151	None
TP73	LRFN1	0.7402	41.65	0.151	rgb(219,188,188)	1.8151	None
LMX1B	DENND2A	0.74007	41.835	0.334	rgb(221,153,154)	1.8188	None
LMX1A	PDZD4	-0.73993	42.62	-4.2E-02	rgb(208,211,219)	1.8343	None
PDX1	SULT1C2P1	-0.73979	42.16	-1.6E-01	rgb(183,196,223)	1.8252	None
NHLH1	ACTN3	0.73965	38.845	0.345	rgb(221,151,152)	1.7595	None
SMAD9	SH2D3C	0.73951	42.74	0.242	rgb(220,171,171)	1.8367	None
FEV	GNG2	0.73938	37.91	0.409	rgb(222,139,140)	1.741	None
PDX1	TTLL7	-0.73924	40.865	-3.6E-01	rgb(138,169,231)	1.7995	None
NR4A2	MAFA	0.73896	42.76	0.258	rgb(220,168,168)	1.8371	None
ZFHX2	SERPINI1	-0.73896	42.45	-2.0E-01	rgb(173,190,225)	1.8309	None
EGR3	PLCXD3	-0.73882	40.86	-3.6E-01	rgb(139,169,231)	1.7994	None
LMX1A	SLC35F3	0.73869	42.515	0.032	rgb(217,211,211)	1.8322	None
ETS1	FCRL6	-0.73855	42.64	-1.2E-01	rgb(191,201,222)	1.8347	None
ZNF382	BIVM-ERCC5	-0.73841	42.525	-1.3E-01	rgb(190,200,222)	1.8324	None
RFX3	MAP3K12	0.73827	37.895	0.397	rgb(221,141,142)	1.7407	None
HIF1A	ENPP1	-0.73813	40.225	-2.3E-01	rgb(168,187,226)	1.7869	None
NR4A3	COL12A1	0.738	42.5	0.501	rgb(223,121,122)	1.8319	None
PROX1	RFX6	0.73786	41.605	0.103	rgb(218,197,198)	1.8142	None
LMX1A	KCNJ2	0.73772	41.74	0.24	rgb(220,171,172)	1.8169	None
MAFB	TMEM212	0.73758	41.645	0.144	rgb(219,189,190)	1.815	None
LMX1A	ATF6	-0.73744	40.22	-2.2E-01	rgb(169,188,225)	1.7868	None
RFX6	GGT5	0.73731	42.15	0.152	rgb(219,188,188)	1.825	None
PBX1	SIM1	0.73717	42.4	0.147	rgb(219,189,189)	1.8299	None
PDX1	WNT9A	-0.73703	39.295	-3.0E-01	rgb(153,178,228)	1.7684	None
ETV1	SCN3B	0.73662	38.365	0.367	rgb(221,147,148)	1.75	None
LMX1B	HSPA12A	0.73662	40.225	0.224	rgb(219,174,175)	1.7869	None
ZFP28	IFI44	0.73662	40.225	0.224	rgb(219,174,175)	1.7869	None
TP73	TUB	-0.73648	38.825	-3.3E-01	rgb(146,174,229)	1.7591	None
TFCP2L1	BRSK1	0.73634	42.705	0.035	rgb(217,210,210)	1.836	None
NR4A2	MAPK10	-0.7362	42.445	-3.7E-02	rgb(209,212,218)	1.8308	None
ZFP28	ARHGAP9	-0.73607	42.485	-4.8E-01	rgb(112,153,235)	1.8316	None
ZFHX2	NFASC	0.73593	37.895	0.397	rgb(221,141,142)	1.7407	None
PAX6	KCNIP3	-0.73565	39.76	-2.6E-01	rgb(161,183,227)	1.7777	None
SOX4	TMEM178B	0.73565	41.79	0.292	rgb(220,161,162)	1.8179	None
SOX4	GLT8D2	0.73551	42.41	0.412	rgb(222,138,139)	1.8301	None
RFX3	STARD8	0.73538	42.11	0.111	rgb(218,196,196)	1.8242	None
TFCP2L1	AEBP1	-0.73524	38.36	-3.6E-01	rgb(139,170,231)	1.7499	None
SMAD9	SIDT1	0.7351	41.345	0.344	rgb(221,151,152)	1.8091	None
NR4A2	NHLH1	0.73496	38.815	0.317	rgb(220,157,157)	1.7589	None
ONECUT3	JPH4	-0.73469	41.75	-2.5E-01	rgb(163,184,226)	1.8171	None
ZNF519	NALCN	-0.73469	41.75	-2.5E-01	rgb(163,184,226)	1.8171	None
ONECUT1	MIR137HG	0.73455	41.985	0.484	rgb(222,125,126)	1.8217	None
LTF	SDPR	0.73441	41.67	0.169	rgb(219,185,185)	1.8155	2,2
HIF1A	BCORL1	0.73413	37.885	0.384	rgb(221,144,144)	1.7405	None
MAFA	MSI1	0.73413	37.885	0.387	rgb(221,143,144)	1.7405	None
SMAD9	NDRG4	-0.734	42.13	-1.5E-01	rgb(184,197,223)	1.8246	None
NEUROG3	GATA4	-0.73386	42.025	-5.3E-01	rgb(103,147,237)	1.8225	None
RFX2	FAM161A	-0.73372	42.11	-5.8E-02	rgb(204,209,219)	1.8242	None
SOX4	DSCAML1	0.73358	38.82	0.321	rgb(221,156,156)	1.759	None
SOX4	GPR137C	0.73344	42.125	0.626	rgb(224, 97, 99)	1.8245	None
ZNF117	OCLM	0.73331	40.185	0.185	rgb(219,182,182)	1.7861	2,2
TEAD2	LHX1	0.73317	39.28	0.28	rgb(220,164,164)	1.7681	None
ZFHX2	GLIS2	0.73303	42.05	0.009	rgb(217,215,215)	1.823	None
NR4A3	SGCD	0.73289	41.195	0.193	rgb(219,180,180)	1.8061	None
SPIB	ST8SIA5	0.73275	41.825	0.325	rgb(221,155,156)	1.8186	None
TFCP2L1	LHX1	-0.73262	40.53	-2.9E-02	rgb(211,213,218)	1.7929	None
GRHL3	AX748285	-0.73248	41.92	-4.2E-01	rgb(126,162,233)	1.8204	2,2
ATOH8	CTSL2	0.73234	39.28	0.278	rgb(220,164,165)	1.7681	2,2
LMX1A	COL14A1	-0.7322	42.19	-1.9E-01	rgb(176,192,224)	1.8258	None
TEAD1	ID4	-0.73206	36.94	-4.4E-01	rgb(121,159,234)	1.7218	None
RORC	MEX3A	0.73193	41.705	0.205	rgb(219,178,178)	1.8162	None
NEUROD1	RBP1	0.73179	41.33	0.329	rgb(221,154,155)	1.8088	None
PDX1	CD300LF	0.73165	41.605	0.104	rgb(218,197,197)	1.8142	None
LMX1B	CD99L2	-0.73137	42.05	-1.1E-01	rgb(193,203,221)	1.823	None
ZNF519	ELL2	0.73137	42.315	0.315	rgb(220,157,157)	1.8283	None
RORC	LINC00494	0.73124	42.275	0.015	rgb(217,214,214)	1.8275	None
ZFHX2	CRIP1	-0.7311	38.81	-3.1E-01	rgb(150,176,229)	1.7588	None
MAFB	SYN1	0.73096	42.31	0.309	rgb(220,158,159)	1.8282	None
ARNT2	LMX1B	0.73082	37.41	0.408	rgb(221,139,140)	1.7311	None
NEUROG3	CORO2B	0.73068	41.165	0.166	rgb(219,185,186)	1.8055	None
GATA2	CAMK2N2	0.73055	41.265	0.266	rgb(220,166,167)	1.8075	None
SOX4	MMP11	0.73041	41.655	0.156	rgb(219,187,187)	1.8152	None
NFAT5	HOMEZ	-0.73027	42.35	-3.5E-01	rgb(141,170,230)	1.829	None
GATA4	SCN2A	-0.73013	39.275	-2.8E-01	rgb(157,180,228)	1.768	None
ARNT2	TMEM151B	-0.72999	39.27	-2.7E-01	rgb(159,181,227)	1.768	None
LMX1A	PMP22	0.72958	37.395	0.394	rgb(221,142,143)	1.7308	None
TEAD1	ZBTB4	0.72958	41.45	0.449	rgb(222,131,132)	1.8111	None
ZNF117	NAALAD2	0.72958	37.395	0.397	rgb(221,141,142)	1.7308	2,2
SMAD9	CLSTN2	0.72944	42.255	0.256	rgb(220,168,169)	1.8271	None
HOXB9	SLC6A16	-0.7293	38.34	-3.4E-01	rgb(143,172,230)	1.7495	None
PDX1	RAB36	-0.72917	41.65	-1.5E-01	rgb(185,197,223)	1.8151	None
ONECUT1	TTLL6	0.72903	39.725	0.223	rgb(219,174,175)	1.777	None
ZFP82	CCK	0.72889	37.405	0.404	rgb(221,140,141)	1.731	None
EGR3	IFI6	-0.72861	42.325	-3.3E-01	rgb(146,174,230)	1.8285	None
ETS1	ZCCHC18	-0.72861	41.255	-2.6E-01	rgb(162,183,227)	1.8073	None
TGIF2	CHST8	0.72848	41.905	0.104	rgb(218,197,197)	1.8201	None
PBX1	CCDC162P	0.72834	38.805	0.306	rgb(220,159,159)	1.7587	None
ZFHX2	FGF14	-0.7282	38.335	-3.4E-01	rgb(144,173,230)	1.7494	None
LHX1	TMEM70	-0.72806	40.755	-2.6E-01	rgb(161,183,227)	1.7974	None
ETV1	CITED1	0.72792	41.625	0.124	rgb(218,193,193)	1.8146	None
LMX1A	NEFL	0.72779	38.335	0.336	rgb(221,153,154)	1.7494	None
TFCP2L1	MCOLN3	0.72765	40.76	0.262	rgb(220,167,167)	1.7975	None
FOXP2	NREP	0.72751	42.13	0.192	rgb(219,180,181)	1.8246	None
PDX1	POM121L9P	-0.72737	41.75	-2.5E-01	rgb(163,184,227)	1.8171	None
ONECUT1	CRISPLD2	-0.7271	41.95	-4.5E-01	rgb(119,157,234)	1.821	None
ST18	SH3RF3-AS1	-0.7271	42.285	-1.1E-01	rgb(194,203,221)	1.8277	None
SOX4	MBOAT4	0.72696	41.245	0.247	rgb(220,170,170)	1.8071	None
PDX1	TMEM178B	-0.72682	41.12	-1.2E-01	rgb(191,201,222)	1.8046	None
MAFA	MBOAT4	0.72668	41.89	0.052	rgb(218,207,207)	1.8198	None
NFAT5	ADCY1	-0.72655	38.33	-3.3E-01	rgb(146,174,230)	1.7493	None
MAFA	MAST1	0.72627	41.785	0.284	rgb(220,163,163)	1.8178	None
TFCP2L1	MDK	-0.72627	38.8	-3.0E-01	rgb(152,177,228)	1.7586	None
MAFF	KIAA1324	-0.72586	39.26	-2.6E-01	rgb(160,183,227)	1.7678	None
SIM1	GRIK3	0.72586	39.26	0.261	rgb(220,167,168)	1.7678	2,2
ZFP82	SMTNL2	0.72586	39.26	0.261	rgb(220,167,168)	1.7678	None
GATA4	CAMKV	0.72572	40.33	0.329	rgb(221,154,155)	1.7889	None
LMX1B	SLC6A16	0.72558	36.945	0.445	rgb(222,132,133)	1.7219	None
HOXB9	CFC1	0.72544	41.045	0.043	rgb(217,209,209)	1.8031	None
ONECUT3	TOX3	-0.7253	37.395	-3.9E-01	rgb(131,165,232)	1.7308	None
EGR3	KDM1A	0.72503	41.63	0.131	rgb(218,192,192)	1.8147	None
ZNF117	AK094909	0.72503	40.735	0.235	rgb(220,172,173)	1.797	2,2
GATA4	MMRN1	0.72489	37.385	0.385	rgb(221,143,144)	1.7306	None
ELF4	TMEFF1	-0.72475	39.705	-2.1E-01	rgb(172,190,225)	1.7766	None
POU2F2	SLC26A7	0.72461	41.295	0.295	rgb(220,161,161)	1.8081	None
ETV1	SMARCA1	0.72434	40.895	0.396	rgb(221,141,142)	1.8001	None
PRDM16	HES4	-0.72434	40.895	-3.9E-01	rgb(132,165,232)	1.8001	None
RORC	NPY	-0.7242	42.165	-8.3E-02	rgb(199,206,220)	1.8253	None
ELF4	ISLR2	-0.72379	37.38	-3.8E-01	rgb(135,167,231)	1.7305	None
LMX1B	NOL4	0.72379	36.935	0.433	rgb(222,134,135)	1.7217	None
NKX2-2	MAPK8IP1	-0.72379	40.72	-2.2E-01	rgb(169,188,225)	1.7967	None
LHX1	DGKB	-0.72365	41.695	-2.0E-01	rgb(174,191,225)	1.816	None
ZNF846	LHX1	0.72351	41.235	0.236	rgb(220,172,172)	1.8069	None
RORC	FSD1	0.72337	41.665	0.163	rgb(219,186,186)	1.8154	None
TFCP2L1	ADCY1	0.72323	41.385	0.383	rgb(221,144,145)	1.8098	None
SOX4	SLC38A5	0.7231	40.91	0.41	rgb(222,139,139)	1.8004	None
RFX3	SSTR5	0.72296	41.985	0.487	rgb(222,124,125)	1.8217	None
HSF2	CAMK1G	-0.72282	41.225	-2.2E-01	rgb(169,188,225)	1.8067	None
ZFHX2	FAM161A	-0.72268	41.68	-1.8E-01	rgb(178,193,224)	1.8157	None
LHX1	ABCC4	0.72254	41.89	0.39	rgb(221,142,143)	1.8198	None
TGIF2	KCNK16	0.72241	40.88	0.379	rgb(221,145,145)	1.7998	None
EGR3	SPAG8	-0.72227	41.755	-2.6E-01	rgb(161,183,227)	1.8172	None
ZNF382	SULT2A1	0.72213	41.66	0.657	rgb(224, 92, 93)	1.8153	None
TEAD2	RFX6	0.72199	40.3	0.298	rgb(220,160,161)	1.7884	None
ZNF846	AMER3	-0.72185	40.87	-3.7E-01	rgb(137,168,231)	1.7996	None
NEUROG3	CADPS	0.72172	38.785	0.284	rgb(220,163,163)	1.7583	None
ONECUT1	ANK2	0.72158	40.11	0.108	rgb(218,196,197)	1.7846	None
TFCP2L1	CTXN1	-0.72144	41.89	-1.7E-01	rgb(180,195,223)	1.8198	None
SPIB	SLC51B	0.7213	41.89	0.393	rgb(221,142,143)	1.8198	None
GATA2	WNK3	0.72116	40.86	0.36	rgb(221,148,149)	1.7994	None
RFX6	EML1	0.72103	40.695	0.196	rgb(219,180,180)	1.7962	None
MAFA	PYY	0.72089	36.92	0.419	rgb(222,137,138)	1.7214	None
NR4A2	CNPY1	-0.72075	39.695	-1.9E-01	rgb(175,191,224)	1.7764	None
MAFA	CALY	0.72061	37.37	0.372	rgb(221,146,147)	1.7303	None
PAX6	BRS3	-0.72047	41.31	-3.1E-01	rgb(149,176,229)	1.8084	None
HSF2	GCG	-0.72034	42.165	-1.7E-01	rgb(181,195,223)	1.8253	None
NEUROD2	YPEL1	0.7202	42.12	0.116	rgb(218,195,195)	1.8244	None
NR4A3	AKT3	0.72006	40.69	0.191	rgb(219,181,181)	1.7961	None
TGIF2	PLEKHB1	0.71992	40.075	0.074	rgb(218,203,203)	1.7839	None
ASCL1	EFCC1	0.71978	41.735	0.234	rgb(220,172,173)	1.8168	None
ONECUT1	PCDH17	0.71965	41.905	0.409	rgb(221,139,140)	1.8201	2,2
ASCL1	GCK	0.71951	40.68	0.178	rgb(219,183,183)	1.7959	None
TEAD1	CHST10	0.71937	41.865	0.126	rgb(218,193,193)	1.8194	None
ZNF492	PCDHA2	-0.71923	41.9	-1.2E-01	rgb(190,201,222)	1.82	None
EGR3	PRKCG	-0.71909	41.89	-3.9E-01	rgb(132,165,232)	1.8198	None
ATF6	MAML3	-0.71896	41.285	-2.9E-01	rgb(155,179,228)	1.8079	None
RFX3	TUBA1A	-0.71882	40.785	-2.8E-01	rgb(155,179,228)	1.798	None
NEUROD1	DUSP2	0.71868	38.305	0.306	rgb(220,159,159)	1.7488	None
NEUROD1	SYNGR3	0.71854	36.895	0.395	rgb(221,142,142)	1.7209	None
SOX4	HOPX	0.71841	38.775	0.274	rgb(220,165,165)	1.7581	None
PAX6	MYO3A	0.71827	40.765	0.265	rgb(220,166,167)	1.7976	None
ELF4	ELAVL3	-0.71813	36.43	-4.3E-01	rgb(124,160,233)	1.7117	None
ZNF117	NAIP	0.71799	41.865	0.366	rgb(221,147,148)	1.8194	2,2
NR4A2	STMND1	0.71785	39.22	0.221	rgb(219,175,175)	1.767	None
GATA2	EIF4EBP3	-0.71772	40.795	-2.9E-01	rgb(153,178,228)	1.7982	None
NKX2-2	VWCE	0.71758	41.84	0.341	rgb(221,152,153)	1.8189	None
ELF4	MAFB	-0.71744	37.36	-3.6E-01	rgb(139,169,231)	1.7301	None
MYT1	CRISPLD1	0.7173	41.615	0.113	rgb(218,195,196)	1.8144	2,2
LHX1	SLC7A4	-0.71716	36.89	-3.9E-01	rgb(132,166,232)	1.7208	None
TFCP2L1	SMOC2	0.71703	39.835	0.337	rgb(221,153,153)	1.7791	None
PDX1	SESN2	0.71689	36.465	0.463	rgb(222,129,130)	1.7124	None
GATA2	VCAN	0.71675	39.67	0.172	rgb(219,184,185)	1.7759	None
LMX1B	ZFHX2	0.71661	36.9	0.401	rgb(221,140,141)	1.721	None
ZFHX2	NPAS3	-0.71647	41.745	-2.3E-02	rgb(212,214,218)	1.817	None
LMX1B	PTCH1	-0.71634	40.775	-2.8E-01	rgb(157,181,227)	1.7978	None
ZNF117	TDRD6	0.7162	40.615	0.116	rgb(218,195,195)	1.7946	2,2
GATA2	MAPK7	0.71606	41.825	0.081	rgb(218,202,202)	1.8186	None
HSF2	FTCD	-0.71592	41.475	-1.2E-01	rgb(192,202,221)	1.8116	None
GATA6	RSPH4A	-0.71565	41.295	-3.0E-01	rgb(153,178,228)	1.8081	None
NR4A2	AVPR1B	-0.71565	39.21	-2.1E-01	rgb(171,189,225)	1.7668	None
MAFB	DOK6	0.71551	41.81	0.314	rgb(220,157,158)	1.8183	None
MAFA	SESN2	-0.71537	41.155	-1.5E-01	rgb(184,197,223)	1.8053	None
ONECUT1	AX747090	0.71523	41.475	0.475	rgb(222,126,127)	1.8116	2,2
LHX1	LAPTM5	-0.71482	37.355	-3.5E-01	rgb(140,170,230)	1.73	None
LMX1B	PPM1E	0.71482	37.355	0.356	rgb(221,149,150)	1.73	None
ZBTB4	PCDH11X	0.71482	41.43	0.43	rgb(222,135,136)	1.8107	2,2
ZFP82	CRLF1	-0.71468	39.595	-9.5E-02	rgb(196,204,221)	1.7744	None
SMAD9	TENM2	0.71454	41.625	0.626	rgb(224, 98, 99)	1.8146	None
FOXA1	PEX5L	0.71427	38.295	0.296	rgb(220,161,161)	1.7486	None
HIF1A	TMEM145	-0.71427	41.145	-1.4E-01	rgb(186,198,222)	1.8051	None
MAFF	SERTAD1	0.71413	40.835	0.337	rgb(221,153,153)	1.799	None
LHX1	FAXC	0.71399	41.765	0.087	rgb(218,200,201)	1.8174	None
GATA6	CHL1	-0.71385	40.58	-8.1E-02	rgb(199,206,220)	1.7939	None
MAFA	REM2	0.71358	38.755	0.256	rgb(220,168,169)	1.7577	None
ZFHX2	LGI3	-0.71358	38.755	-2.5E-01	rgb(162,184,227)	1.7577	None
EGR3	TEAD2	-0.71344	41.305	-3.1E-01	rgb(151,177,229)	1.8083	None
ONECUT1	TMEM196	0.7133	40.555	0.055	rgb(218,206,207)	1.7934	None
SPIB	REM2	0.71316	41.6	0.598	rgb(224,103,104)	1.8141	None
GATA4	FEV	0.71302	41.655	0.151	rgb(219,188,188)	1.8152	None
FOXA1	RAB3C	-0.71289	41.26	-2.6E-01	rgb(161,183,227)	1.8074	None
ETV1	SYN1	0.71275	39.63	0.13	rgb(218,192,192)	1.7751	None
NHLH1	COL16A1	0.71261	36.885	0.385	rgb(221,144,144)	1.7207	None
EGR3	SCT	-0.71247	41.08	-8.1E-02	rgb(199,206,220)	1.8038	None
ONECUT1	DOCK8	0.71233	35.955	0.455	rgb(222,130,131)	1.7023	None
MAFA	TMEFF1	-0.7122	40.21	-2.1E-01	rgb(172,189,225)	1.7866	None
LHX1	SESN2	0.71206	36.875	0.375	rgb(221,145,146)	1.7205	None
RORC	FFAR2	0.71192	41.065	0.066	rgb(218,204,204)	1.8035	None
GATA6	COL10A1	0.71178	41.675	0.125	rgb(218,193,193)	1.8156	None
ZNF382	MAPK10	-0.71164	41.255	-2.6E-01	rgb(162,183,227)	1.8073	None
FOXA1	PODXL2	0.71151	40.7	0.199	rgb(219,179,179)	1.7963	None
HSF2	CHD5	-0.71137	37.345	-3.4E-01	rgb(142,172,230)	1.7298	None
ETV1	CHST10	0.71123	39.805	0.306	rgb(220,158,159)	1.7785	None
ZFHX2	TMEM132B	-0.71109	38.74	-2.4E-01	rgb(165,185,226)	1.7575	None
NR4A2	DZIP1	-0.71095	41.21	-2.1E-01	rgb(172,189,225)	1.8064	None
NEUROD2	VASH2	0.71068	36.425	0.424	rgb(222,136,137)	1.7116	None
NR4A2	MMP2	-0.71068	41.455	-1.3E-01	rgb(189,200,222)	1.8112	None
ARX	SSTR5	0.71054	41.12	0.122	rgb(218,194,194)	1.8046	None
TFCP2L1	FSD1	0.7104	38.28	0.278	rgb(220,164,164)	1.7483	None
ONECUT1	AK026777	0.71026	41.2	0.198	rgb(219,179,179)	1.8062	2,2
RFX2	AEBP1	-0.71013	36.875	-3.8E-01	rgb(136,167,231)	1.7205	None
ELF4	ITGBL1	-0.70999	37.805	-3.0E-01	rgb(151,177,229)	1.7389	None
LMX1B	ARNT2	0.70971	38.275	0.273	rgb(220,165,165)	1.7482	None
TEAD2	MEX3A	0.70971	38.275	0.275	rgb(220,165,165)	1.7482	None
ARX	CYMP	-0.70944	41.535	-5.3E-01	rgb(101,146,237)	1.8128	None
TFCP2L1	LMO3	0.70944	39.78	0.279	rgb(220,164,164)	1.7781	None
SOX4	KCNIP3	0.7093	40.795	0.294	rgb(220,161,162)	1.7982	None
RFX3	MAP1A	0.70916	40.645	0.144	rgb(219,190,190)	1.7952	None
NR4A2	HIC1	-0.70902	37.8	-3.0E-01	rgb(152,177,228)	1.7388	None
ELF4	EID1	-0.70875	40.865	-3.6E-01	rgb(138,169,231)	1.7995	None
HOXB9	ATF6	0.70875	41.155	0.156	rgb(219,187,188)	1.8053	None
HSF2	TAGLN3	0.70861	41.5	0.503	rgb(223,121,122)	1.8121	None
NPAS3	FAM153A	0.70847	40.295	0.294	rgb(220,161,161)	1.7883	2,2
PDX1	PBOV1	-0.70833	41.265	-2.6E-01	rgb(160,182,227)	1.8075	None
ETS1	ST8SIA6-AS1	-0.7082	36.39	-3.9E-01	rgb(133,166,232)	1.7109	None
MAFA	IFI6	0.70792	37.33	0.332	rgb(221,154,154)	1.7295	None
POU6F1	LZTS1	-0.70792	41.33	-3.3E-01	rgb(145,173,230)	1.8088	None
TFCP2L1	MIR503HG	-0.70778	40.095	-9.5E-02	rgb(196,205,221)	1.7843	None
HSF2	TMEM145	-0.70764	37.795	-2.9E-01	rgb(153,178,228)	1.7387	None
LHX1	ZDHHC8P1	-0.70751	38.71	-2.1E-01	rgb(172,189,225)	1.7569	None
ZNF117	FW340024	0.70737	41.125	0.125	rgb(218,193,193)	1.8047	2,2
RORC	CABP7	0.70723	40.255	0.255	rgb(220,168,169)	1.7875	None
RFX6	PSD	0.70709	35.48	0.481	rgb(222,125,126)	1.6929	None
SMAD9	KCNH8	0.70682	36.855	0.353	rgb(221,150,150)	1.7201	None
SMAD9	MYBPC3	0.70682	40.725	0.226	rgb(219,174,174)	1.7968	None
HOXB9	PKIA	0.70668	41.35	0.033	rgb(217,211,211)	1.8092	None
EGR3	CHRM4	-0.70654	40.72	-2.2E-01	rgb(170,188,225)	1.7967	None
ETS1	BEX2	0.7064	41.55	0.049	rgb(218,208,208)	1.8131	None
ONECUT1	CADM2	0.70626	41.58	0.083	rgb(218,201,201)	1.8137	None
SOX4	THBS4	-0.70613	40.395	-3.9E-01	rgb(132,165,232)	1.7902	None
NEUROG3	NAALADL1	0.70599	40.715	0.217	rgb(219,176,176)	1.7966	None
EGR3	TSPAN7	-0.70585	41.315	-5.4E-02	rgb(205,210,219)	1.8085	None
TFCP2L1	LEFTY1	0.70571	41.32	0.317	rgb(220,156,157)	1.8086	None
MAFA	CLCN4	0.70544	38.26	0.262	rgb(220,167,168)	1.7479	None
TEAD1	SLC6A16	-0.70544	38.26	-2.6E-01	rgb(160,182,227)	1.7479	None
ZNF519	MAPK4	-0.7053	39.15	-1.5E-01	rgb(185,197,223)	1.7656	None
GATA2	ANK2	0.70516	40.655	0.153	rgb(219,188,188)	1.7954	None
ELF4	SHC3	-0.70502	40.7	-2.0E-01	rgb(173,191,225)	1.7963	None
LMX1A	ABCC8	0.70488	41.065	0.067	rgb(218,204,204)	1.8035	None
HES4	APBB2	-0.70475	40.65	-1.5E-01	rgb(185,197,223)	1.7953	None
NKX6-1	LAMP5	-0.70461	37.79	-2.9E-01	rgb(154,179,228)	1.7386	None
GATA4	SLC6A16	-0.70447	41.365	-1.9E-01	rgb(177,192,224)	1.8094	None
MAFA	DYNC1I1	0.70433	40.235	0.236	rgb(220,172,172)	1.7871	None
ARX	PSD	-0.70419	41.2	-1.3E-01	rgb(190,200,222)	1.8062	None
HOXB9	IGFN1	-0.70406	41.205	-4.4E-03	rgb(216,216,217)	1.8063	None
NR4A2	FAM13A-AS1	0.70392	36.855	0.357	rgb(221,149,150)	1.7201	None
ONECUT1	ALAS2	0.70378	38.695	0.193	rgb(219,180,181)	1.7566	None
GATA2	IGSF10	0.70364	41.3	0.301	rgb(220,160,160)	1.8082	None
ONECUT3	TAGLN3	-0.7035	40.755	-2.6E-01	rgb(162,183,227)	1.7974	None
NFAT5	SERPINI1	-0.70337	39.725	-2.2E-01	rgb(168,187,226)	1.777	None
RFX6	STMN2	0.70323	35.46	0.458	rgb(222,130,131)	1.6925	None
NR4A2	RSAD2	0.70309	40.22	0.218	rgb(219,175,176)	1.7868	None
ATF6	SV2A	0.70295	36.375	0.373	rgb(221,146,147)	1.7106	None
NFAT5	AK124970	0.70281	35.935	0.435	rgb(222,134,135)	1.7019	2,2
GLIS2	SERTAD1	0.70268	40.735	0.237	rgb(220,172,172)	1.797	None
SOX4	LINC00310	-0.70254	41.26	-2.6E-01	rgb(160,182,227)	1.8074	None
MAFA	GNG4	0.7024	38.685	0.186	rgb(219,182,182)	1.7564	None
GATA2	JPH4	0.70226	40.755	0.253	rgb(220,169,169)	1.7974	None
ELF4	SFTPA2	0.70199	35.91	0.41	rgb(222,139,139)	1.7014	None
HSF2	TFPI2	0.70199	39.88	0.381	rgb(221,144,145)	1.78	None
ETS1	NHLH1	0.70185	40.21	0.209	rgb(219,177,178)	1.7866	None
ZFP82	MYBPC2	-0.70171	37.31	-3.1E-01	rgb(149,176,229)	1.7291	None
PRDM16	FAM227A	0.70157	40.2	0.201	rgb(219,179,179)	1.7864	None
POU6F1	CR627394	0.70143	37.78	0.28	rgb(220,163,164)	1.7384	2,2
FOXA1	ACSL6	-0.7013	38.245	-2.5E-01	rgb(163,184,226)	1.7476	None
MYT1	PAK3	0.70116	40.265	0.263	rgb(220,167,167)	1.7877	2,2
SMAD9	HMGN3	-0.70088	36.84	-3.4E-01	rgb(143,172,230)	1.7198	None
TP73	CLPS	0.70088	39.08	0.079	rgb(218,202,202)	1.7642	None
ZNF519	PER2	0.70075	36.38	0.379	rgb(221,145,145)	1.7107	None
TEAD1	ADCY1	-0.70061	38.665	-1.7E-01	rgb(181,195,223)	1.756	None
ATF5	ELOVL4	-0.70047	37.775	-2.7E-01	rgb(158,181,227)	1.7383	2,2
NR4A2	WNT9A	-0.70033	39.795	-3.0E-01	rgb(153,178,228)	1.7784	None
TFCP2L1	RAB4B-EGLN2	-0.70019	40.98	-2.3E-01	rgb(167,187,226)	1.8018	None
SMAD9	COL22A1	0.70006	38.66	0.158	rgb(219,187,187)	1.7559	None
ETS1	LRRN2	0.69992	40.945	0.184	rgb(219,182,182)	1.8011	None
SOX4	MUC15	0.69978	37.305	0.304	rgb(220,159,160)	1.729	None
PDX1	LAMP5	-0.69964	35.915	-4.1E-01	rgb(127,162,233)	1.7015	None
ONECUT3	ACSL6	0.6995	41.205	0.202	rgb(219,178,179)	1.8063	None
LHX1	BCAT1	-0.69937	40.16	-1.6E-01	rgb(182,196,223)	1.7856	None
TGIF2	SYT14	0.69923	39.675	0.173	rgb(219,184,184)	1.776	None
HIC1	FBXL16	-0.69909	35.9	-4.0E-01	rgb(130,164,232)	1.7012	None
TFCP2L1	TPST2	-0.69895	40.565	-6.4E-02	rgb(203,209,219)	1.7936	None
PRDM16	F10	-0.69881	36.835	-3.3E-01	rgb(144,173,230)	1.7197	None
TP73	JAZF1	-0.69868	38.91	-4.1E-01	rgb(128,163,232)	1.7608	None
PAX4	GNG4	-0.69854	40.675	-1.7E-01	rgb(179,194,224)	1.7958	None
AKNA	AX747853	-0.6984	40.77	-2.7E-01	rgb(159,182,227)	1.7977	2,2
FEV	HLA-DPA1	0.69826	40.325	0.323	rgb(221,155,156)	1.7888	None
LHX1	TMEM132C	-0.69812	38.225	-2.3E-01	rgb(168,187,226)	1.7473	None
PAX6	NPY	0.69799	39.66	0.16	rgb(219,186,187)	1.7757	None
NFAT5	AK123654	0.69785	40.92	0.422	rgb(222,136,137)	1.8006	2,2
ZFHX2	SERPINA10	-0.69771	36.36	-3.6E-01	rgb(139,170,231)	1.7103	None
EGR3	TTLL7	0.69757	40.905	0.061	rgb(218,205,205)	1.8003	None
ZNF846	RORC	-0.69743	40.3	-3.0E-01	rgb(152,178,228)	1.7884	None
ZNF853	LOC727896	-0.6973	39.25	-2.5E-01	rgb(163,184,227)	1.7676	2,2
LHX1	NEFL	-0.69702	35.895	-4.0E-01	rgb(131,165,232)	1.7011	None
TEAD1	EFCC1	-0.69702	35.895	-3.9E-01	rgb(132,165,232)	1.7011	None
MAFB	FAT3	0.69688	40.905	0.402	rgb(221,140,141)	1.8003	None
TEAD1	MAPK7	-0.69674	40.355	-3.6E-01	rgb(139,170,231)	1.7894	None
NR4A3	DKK3	0.69661	40.935	0.061	rgb(218,205,206)	1.8009	None
ASCL2	GPC2	0.69647	38.225	0.226	rgb(219,174,174)	1.7473	None
ZFHX2	DDC	-0.69633	37.295	-3.0E-01	rgb(153,178,228)	1.7288	None
ARX	TPPP3	0.69619	39.615	0.113	rgb(218,195,196)	1.7748	None
PDX1	GGT5	-0.69605	37.295	-3.0E-01	rgb(153,178,228)	1.7288	None
HEYL	FW340055	-0.69592	40.93	-4.3E-01	rgb(123,160,233)	1.8008	2,2
EGR3	MAFB	-0.69578	36.355	-3.6E-01	rgb(140,170,231)	1.7102	None
ONECUT3	SIDT1	0.69564	40.845	0.343	rgb(221,151,152)	1.7991	None
TFCP2L1	TFPI2	0.6955	40.845	0.214	rgb(219,176,176)	1.7991	None
NR4A2	CYP4F24P	-0.69536	39.235	-2.4E-01	rgb(166,186,226)	1.7673	None
EGR3	SESN2	-0.69509	37.76	-2.6E-01	rgb(161,183,227)	1.738	None
RFX6	IGFBPL1	0.69509	40.055	0.054	rgb(218,207,207)	1.7835	None
ZNF846	EID1	-0.69495	38.22	-2.2E-01	rgb(169,188,225)	1.7472	None
NHLH1	LRRC10B	0.69481	38.66	0.158	rgb(219,187,187)	1.7559	None
ETS1	RORC	-0.69467	35.43	-4.3E-01	rgb(124,160,233)	1.6919	None
FEV	CERS1	0.69454	36.825	0.324	rgb(221,155,156)	1.7195	None
ARNT2	HHEX	0.6944	41.125	0.122	rgb(218,194,194)	1.8047	None
ONECUT1	GPC6	0.69426	39.55	0.049	rgb(218,208,208)	1.7735	None
FEV	NOVA2	0.69412	35.46	0.46	rgb(222,129,130)	1.6925	None
LMX1B	CADPS	0.69398	39.24	0.239	rgb(220,171,172)	1.7674	None
ZFP28	SCN2A	0.69385	36.82	0.322	rgb(221,155,156)	1.7194	None
ELF4	CENPE	0.69371	39.535	0.035	rgb(217,210,210)	1.7732	None
RFX6	EGR3	-0.69357	37.755	-2.5E-01	rgb(162,183,227)	1.7379	None
MYRF	PCDH11X	-0.69343	37.29	-2.9E-01	rgb(154,179,228)	1.7287	2,2
ZNF846	CLSTN2	0.69329	40.575	0.073	rgb(218,203,203)	1.7938	None
TFCP2L1	SAMD5	0.69316	39.455	0.457	rgb(222,130,131)	1.7716	None
ZNF492	AK055017	0.69302	40.85	0.348	rgb(221,151,151)	1.7992	2,2
MAFA	BCAT1	-0.69288	36.82	-3.2E-01	rgb(148,175,229)	1.7194	None
PROX1	ASCL2	0.69274	37.75	0.251	rgb(220,169,170)	1.7378	None
NEUROG3	PRR18	-0.6926	40.675	-1.7E-01	rgb(179,194,224)	1.7958	None
NR4A2	SOX4	0.69247	35.42	0.422	rgb(222,136,137)	1.6917	None
ARX	ISL1	0.69233	37.285	0.285	rgb(220,163,163)	1.7286	None
LMX1B	MEX3B	0.69205	39.395	0.393	rgb(221,142,143)	1.7704	None
PAX6	AP3B2	-0.69205	38.405	-4.1E-01	rgb(129,163,232)	1.7508	None
ONECUT1	AK123654	0.69192	39.205	0.204	rgb(219,178,178)	1.7667	2,2
ELF4	FGF9	-0.69164	39.735	-2.3E-01	rgb(166,186,226)	1.7772	None
FOXA2	FTCD	0.69164	38.825	0.326	rgb(221,155,155)	1.7591	None
MAFA	USH2A	0.6915	40.51	0.011	rgb(217,215,215)	1.7925	None
ARNT2	RAB4B-EGLN2	-0.69136	40.9	-4.0E-01	rgb(130,164,232)	1.8002	None
PAX4	SPINK4	0.69123	36.815	0.315	rgb(220,157,158)	1.7193	None
NEUROG3	NEFM	0.69109	38.19	0.192	rgb(219,180,181)	1.7466	None
ETS1	PTPN22	-0.69095	39.2	-2.0E-01	rgb(173,190,225)	1.7666	None
HSF2	ENPP2	-0.69081	40.77	-1.4E-02	rgb(214,215,218)	1.7977	None
NR4A2	TUBB3	-0.69067	37.745	-2.5E-01	rgb(164,184,226)	1.7377	None
LMX1A	BOC	0.69054	40.245	0.246	rgb(220,170,170)	1.7873	None
FEV	CLIP3	0.6904	36.35	0.352	rgb(221,150,150)	1.7101	None
TFCP2L1	OSBPL6	-0.69026	40.185	-1.9E-01	rgb(176,192,224)	1.7861	None
MAFA	COL14A1	0.69012	40.235	0.235	rgb(220,172,173)	1.7871	None
ELF4	WDR17	-0.68998	40.8	-3.0E-01	rgb(152,177,228)	1.7983	None
ZFP82	CALY	-0.68985	40.32	-3.2E-01	rgb(148,175,229)	1.7887	None
TEAD1	CYGB	-0.68971	39.35	-3.5E-01	rgb(141,170,230)	1.7695	None
ETV1	CRYBA2	0.68957	36.81	0.31	rgb(220,158,158)	1.7192	None
MAFF	SLC51B	0.68943	40.095	0.093	rgb(218,199,199)	1.7843	None
ZFP82	ST8SIA6-AS1	0.68929	40.755	0.153	rgb(219,188,188)	1.7974	None
EGR3	CAMK1G	-0.68916	38.775	-2.7E-01	rgb(158,181,227)	1.7581	None
ATF6	FOXA2	0.68888	40.635	0.133	rgb(218,192,192)	1.795	None
NR4A2	KCNIP3	-0.68888	40.115	-1.2E-01	rgb(192,202,221)	1.7847	None
LHX1	ATP6V1G2	-0.68874	40.82	-3.2E-01	rgb(148,175,229)	1.7987	None
TFCP2L1	ZNF853	0.6886	36.34	0.339	rgb(221,152,153)	1.7099	None
LMX1A	LINC00310	0.68847	40.155	0.155	rgb(219,187,188)	1.7855	None
EGR3	ELFN1	-0.68833	36.345	-3.4E-01	rgb(143,172,230)	1.71	None
MAFA	LMO3	0.68819	40.855	0.358	rgb(221,149,149)	1.7993	None
NEUROG3	CHGA	-0.68805	38.365	-3.7E-01	rgb(138,169,231)	1.75	None
EGR3	CCK	-0.68764	35.88	-3.8E-01	rgb(134,167,232)	1.7008	None
EGR3	NEAT1	-0.68764	35.88	-3.8E-01	rgb(135,167,231)	1.7008	None
FEV	IL17C	0.68764	35.88	0.382	rgb(221,144,145)	1.7008	None
SOX4	RET	-0.6875	39.175	-1.7E-01	rgb(180,194,224)	1.7661	None
MAFA	TEKT2	0.68736	39.66	0.16	rgb(219,186,187)	1.7757	None
EGR3	CRMP1	0.68722	40.74	0.141	rgb(219,190,190)	1.7971	None
ZNF382	NAIP	0.68709	38.785	0.285	rgb(220,163,163)	1.7583	2,2
PDX1	APLP1	0.68695	40.205	0.205	rgb(219,178,178)	1.7865	None
ONECUT1	SLC7A14	0.68681	37.73	0.23	rgb(220,173,174)	1.7374	None
LHX1	RGS16	-0.68653	38.76	-2.6E-01	rgb(161,183,227)	1.7578	None
NR4A2	SLC7A14	-0.68653	38.76	-2.6E-01	rgb(161,183,227)	1.7578	None
HHEX	DQ583756	0.6864	37.27	0.269	rgb(220,166,166)	1.7283	2,2
ZFP62	AK123654	0.68626	40.58	0.081	rgb(218,202,202)	1.7939	2,2
GATA6	TMEM178B	-0.68612	39.64	-1.4E-01	rgb(186,198,222)	1.7753	None
LHX1	MEX3A	0.68584	40.195	0.195	rgb(219,180,180)	1.7863	None
ONECUT2	FGF2	0.68584	40.115	0.116	rgb(218,195,195)	1.7847	None
ZNF853	CR627225	-0.68571	40.77	-2.7E-01	rgb(158,181,227)	1.7977	2,2
LMX1B	BCL2	0.68543	38.42	0.42	rgb(222,137,138)	1.7511	None
MAFA	NKD1	0.68543	38.18	0.18	rgb(219,183,183)	1.7464	None
MAFA	ATF5	-0.68529	40.645	-1.5E-01	rgb(185,197,223)	1.7952	None
SOX4	STMND1	-0.68515	38.75	-2.5E-01	rgb(163,184,226)	1.7577	None
LHX1	CLSPN	-0.68502	38.145	-1.4E-01	rgb(186,198,222)	1.7457	None
TFCP2L1	ZDHHC8P1	-0.68488	37.725	-2.3E-01	rgb(168,187,226)	1.7373	None
NEUROG3	SERPINI1	0.6846	39.63	0.131	rgb(218,192,192)	1.7751	None
SOX4	GNG4	-0.6846	36.33	-3.3E-01	rgb(146,174,229)	1.7097	None
PRDM16	LOC100272216	0.68446	38.395	0.397	rgb(221,141,142)	1.7506	2,2
NEUROG3	PTP4A3	0.68433	40.25	0.248	rgb(220,170,170)	1.7874	None
NKX6-1	SLC7A14	-0.68419	38.33	-3.3E-01	rgb(146,174,229)	1.7493	None
SMAD9	KCNIP3	0.68405	39.75	0.252	rgb(220,169,169)	1.7775	None
HSF2	VSTM4	0.68391	40.71	0.118	rgb(218,195,195)	1.7965	None
MAFA	OLFML2B	-0.68377	40.74	-2.9E-02	rgb(211,213,218)	1.7971	None
ATOH8	TUBB4A	0.68364	37.715	0.213	rgb(219,176,177)	1.7371	2,2
NR4A2	HNRPF	-0.6835	40.245	-2.5E-01	rgb(164,185,226)	1.7873	2,2
ATF5	PLCE1-AS1	0.68336	36.795	0.296	rgb(220,161,161)	1.7189	2,2
ZNF846	KDM1A	-0.68322	40.155	-1.5E-01	rgb(184,197,223)	1.7855	None
PAX4	SOCS1	0.68308	38.375	0.376	rgb(221,145,146)	1.7502	None
ONECUT1	SPON1	0.68295	39.27	0.269	rgb(220,166,166)	1.768	None
MAFA	SCT	0.68281	35.395	0.394	rgb(221,142,142)	1.6912	None
TFCP2L1	CHRM4	0.68267	36.325	0.324	rgb(221,155,156)	1.7096	None
TP73	RBPMS	-0.68253	38.37	-3.7E-01	rgb(137,168,231)	1.7501	None
TFCP2L1	G0S2	-0.6824	38.16	-1.6E-01	rgb(183,196,223)	1.746	None
ZNF853	LIMD2	0.68226	40.745	0.249	rgb(220,169,170)	1.7972	2,2
HSF2	MS4A8	-0.68198	37.26	-2.6E-01	rgb(161,183,227)	1.7281	None
ZNF492	DKFZP434K028	0.68198	37.26	0.262	rgb(220,167,167)	1.7281	2,2
FOXA1	ADAM12	0.68184	40.215	0.214	rgb(219,176,177)	1.7867	None
HSF2	CACNA1E	-0.68171	38.315	-3.2E-01	rgb(148,175,229)	1.749	None
MAFB	S100A1	0.68157	40.42	0.42	rgb(222,137,138)	1.7907	None
RORC	B3GAT1	0.68143	40.385	0.381	rgb(221,144,145)	1.79	None
ZFHX2	CALY	-0.68129	38.09	-8.9E-02	rgb(198,205,220)	1.7446	None
MAFA	MLLT11	-0.68115	39.555	-5.7E-02	rgb(205,209,219)	1.7736	None
FEV	MBOAT4	0.68102	40.305	0.307	rgb(220,158,159)	1.7885	None
RORC	SLC7A4	0.68088	36.79	0.288	rgb(220,162,163)	1.7188	None
PRDM16	MMP11	-0.68074	40.685	-1.9E-01	rgb(177,193,224)	1.796	None
PBX1	HES4	-0.6806	39.245	-2.4E-01	rgb(164,185,226)	1.7675	None
ETS1	MTUS2	-0.68046	36.325	-3.3E-01	rgb(146,174,229)	1.7096	None
POU6F1	FER1L6-AS1	-0.68005	38.74	-2.4E-01	rgb(165,185,226)	1.7575	None
SMAD9	DSCAML1	0.68005	40.38	0.38	rgb(221,144,145)	1.7899	None
TGIF2	ID2	-0.68005	38.74	-2.4E-01	rgb(165,186,226)	1.7575	None
HSF2	ZFP62	0.6795	39.82	0.318	rgb(220,156,157)	1.7788	None
PAX6	KCNJ2	-0.6795	39.795	-2.9E-01	rgb(153,178,228)	1.7784	None
TFCP2L1	GPR137C	-0.6795	37.255	-2.5E-01	rgb(162,183,227)	1.728	None
ZNF519	MAGED1	-0.6795	37.255	-2.5E-01	rgb(162,183,227)	1.728	None
ZFP82	STARD8	-0.67936	37.7	-2.0E-01	rgb(173,190,225)	1.7369	None
NR4A2	PAK6	-0.67922	40.68	-1.8E-01	rgb(177,193,224)	1.7959	None
FOXA1	CBX4	-0.67908	35.4	-4.0E-01	rgb(130,164,232)	1.6913	None
SOX4	AMPH	-0.67895	40.06	-6.0E-02	rgb(204,209,219)	1.7836	None
MAFA	RPLP0P2	0.67881	39.245	0.247	rgb(220,170,170)	1.7675	None
ARNT2	SSTR3	-0.67867	40.375	-7.5E-02	rgb(201,207,220)	1.7898	None
NR4A2	ABCA9	0.67853	40.415	0.411	rgb(222,139,139)	1.7906	None
PAX6	DCHS1	0.67839	39.805	0.303	rgb(220,159,160)	1.7785	None
ZFHX2	LMO3	-0.67826	37.705	-2.0E-01	rgb(173,190,225)	1.737	None
TEAD1	RFX3	0.67812	34.96	0.458	rgb(222,130,131)	1.6826	None
SOX4	HMGB3	0.67798	38.705	0.205	rgb(219,178,178)	1.7568	None
MAFA	PTP4A3	0.67784	36.315	0.317	rgb(220,157,157)	1.7094	None
NR4A2	TRIM35	0.6777	39.69	0.191	rgb(219,181,181)	1.7763	None
NKX6-1	PTPRN2	0.67757	39.79	0.289	rgb(220,162,162)	1.7783	None
RFX2	CCDC74A	0.67743	39.685	0.184	rgb(219,182,182)	1.7762	None
ZNF519	RFX3	0.67729	35.385	0.384	rgb(221,144,144)	1.691	None
ZFP82	TSNAX-DISC1	0.67715	40.335	0.043	rgb(217,209,209)	1.789	None
MAFA	DLGAP3	-0.67688	38.87	-3.7E-01	rgb(137,168,231)	1.76	None
TFCP2L1	TLE3	-0.67688	40.24	-2.4E-01	rgb(165,186,226)	1.7872	None
PDX1	F10	0.67674	40.435	0.433	rgb(222,134,135)	1.791	None
ETS1	MUC16	-0.6766	34.95	-4.5E-01	rgb(119,158,234)	1.6824	None
SMAD9	ITGA7	-0.67646	40.335	-1.5E-01	rgb(185,197,223)	1.789	None
FOXA1	EYA4	0.67632	40.01	0.009	rgb(217,215,215)	1.7826	None
ASCL2	STMN3	0.67619	37.245	0.247	rgb(220,170,170)	1.7278	None
HSF2	HHEX	0.67605	40.65	0.009	rgb(217,215,215)	1.7953	None
ZNF519	KNDC1	-0.67591	40.165	-1.6E-01	rgb(181,195,223)	1.7857	None
HSF2	ELAVL3	-0.67563	39.745	-2.5E-01	rgb(163,184,226)	1.7774	None
LMX1B	ATF7IP	-0.67563	39.345	-3.5E-01	rgb(142,171,230)	1.7694	None
ONECUT2	SPINK4	-0.6755	40.305	-9.6E-02	rgb(196,204,221)	1.7885	None
LMX1B	COL22A1	0.67536	36.315	0.317	rgb(220,157,157)	1.7094	None
HSF2	SCIMP	-0.67522	37.24	-2.4E-01	rgb(165,186,226)	1.7277	None
ZNF492	TSNAX-DISC1	0.67508	39.27	0.271	rgb(220,165,166)	1.768	None
NEUROG3	BHMT	0.67494	37.69	0.188	rgb(219,181,181)	1.7367	None
ZFP82	TMEM132C	0.67481	40.295	0.294	rgb(220,161,161)	1.7883	None
RORC	LRP4-AS1	-0.67467	40.595	-2.0E-02	rgb(213,214,218)	1.7942	None
LMX1B	RGS5	0.67453	34.94	0.441	rgb(222,133,134)	1.6822	None
SOX4	SEMA6B	0.67439	37.24	0.24	rgb(220,171,172)	1.7277	None
NR4A2	CAMK2N2	-0.67425	38.82	-3.2E-01	rgb(148,175,229)	1.759	None
NHLH1	NR4A3	0.67412	37.875	0.374	rgb(221,146,146)	1.7403	None
ETS1	NAALADL1	0.67384	38.69	0.192	rgb(219,180,181)	1.7565	None
ETS1	ZFP82	-0.67384	40.46	-2.8E-01	rgb(156,180,228)	1.7915	None
SMAD9	PMP22	0.6737	38.815	0.313	rgb(220,157,158)	1.7589	None
HIF1A	TAF9B	-0.67357	40.18	-1.8E-01	rgb(177,193,224)	1.786	None
LHX1	EPM2A	-0.67343	36.305	-3.1E-01	rgb(151,177,229)	1.7092	None
SIM1	GRAMD2	0.67329	40.275	0.271	rgb(220,165,166)	1.7879	2,2
TFCP2L1	LRRC49	0.67315	39.295	0.296	rgb(220,161,161)	1.7684	None
LHX1	CTTNBP2	-0.67288	38.805	-3.1E-01	rgb(150,177,229)	1.7587	None
PAX6	RGS4	0.67288	40.175	0.175	rgb(219,184,184)	1.7859	None
SOX4	VWCE	0.67274	37.68	0.18	rgb(219,183,183)	1.7365	None
NHLH1	ZFP2	0.6726	35.84	0.342	rgb(221,152,152)	1.7	None
NEUROG3	FRZB	0.67246	37.655	0.153	rgb(219,188,188)	1.736	None
ONECUT3	MSMB	-0.67232	34.93	-4.3E-01	rgb(124,161,233)	1.682	None
TFCP2L1	VGF	-0.67219	35.38	-3.8E-01	rgb(135,167,231)	1.6909	None
NR4A3	GDF11	0.67205	40.09	0.09	rgb(218,200,200)	1.7842	None
SMAD9	ZBTB4	0.67191	37.645	0.147	rgb(219,189,189)	1.7358	None
MAFA	DUSP2	-0.67177	39.66	-1.6E-01	rgb(182,196,223)	1.7757	None
ZNF846	SLC12A5	-0.67163	39.135	-1.4E-01	rgb(187,199,222)	1.7653	None
NR4A2	PDE8B	0.67122	34.905	0.407	rgb(221,139,140)	1.6815	None
RORC	CCL19	0.67122	39.225	0.225	rgb(219,174,175)	1.7671	None
TEAD1	TMEM145	-0.67122	36.3	-3.0E-01	rgb(152,177,228)	1.7091	None
LMX1B	WDR17	0.67108	40.24	0.241	rgb(220,171,171)	1.7872	None
ZNF846	HNRNPU-AS1	0.67094	34.925	0.424	rgb(222,136,137)	1.6819	2,2
ZFHX2	SLC25A53	0.67081	40.265	0.148	rgb(219,189,189)	1.7877	None
NR4A2	MAPK8IP1	-0.67067	39.7	-2.0E-01	rgb(173,191,225)	1.7765	None
AEBP1	TRAM1L1	0.67053	40.285	0.285	rgb(220,162,163)	1.7881	2,2
TGIF2	CENPE	0.67039	35.375	0.377	rgb(221,145,146)	1.6908	None
NKX2-2	IFI44L	0.67025	37.665	0.163	rgb(219,186,186)	1.7362	None
ASCL1	SCIMP	-0.67012	35.835	-3.3E-01	rgb(144,173,230)	1.6999	None
ATOH8	LOC145837	0.66984	39.74	0.241	rgb(220,171,172)	1.7773	2,2
PDX1	SSTR5-AS1	0.66984	40.025	0.025	rgb(217,212,212)	1.7829	None
ZFHX2	MIAT	-0.6697	38.775	-2.7E-01	rgb(157,181,227)	1.7581	None
AEBP1	HV535469	-0.66956	38.24	-2.4E-01	rgb(165,186,226)	1.7475	2,2
FOXA1	BAMBI	0.66943	38.76	0.26	rgb(220,167,168)	1.7578	None
ONECUT1	MYO3A	0.66915	40.235	0.239	rgb(220,171,172)	1.7871	None
PAX6	DGKB	0.66915	39.895	0.393	rgb(221,142,143)	1.7803	None
NR4A2	RCOR2	-0.66901	39.675	-1.7E-01	rgb(179,194,224)	1.776	None
MAFB	CHD5	0.6686	38.255	0.257	rgb(220,168,168)	1.7478	None
SOX4	LDHAL6A	-0.6686	38.255	-2.6E-01	rgb(161,183,227)	1.7478	None
ZNF846	MAD2L2	-0.6686	35.83	-3.3E-01	rgb(145,173,230)	1.6998	None
SMAD9	SLC14A2	0.66846	39.98	0.021	rgb(217,213,213)	1.782	None
ONECUT1	APBB1	0.66818	39.235	0.234	rgb(220,172,173)	1.7673	None
TFCP2L1	NPTX2	-0.66818	39.61	-1.1E-01	rgb(193,202,221)	1.7747	None
ASCL1	PCDHB15	0.66805	38.76	0.261	rgb(220,167,168)	1.7578	None
ETS1	PHLDA2	-0.66791	38.75	-2.5E-01	rgb(163,184,226)	1.7577	None
LHX1	CALY	-0.66777	38.585	-8.5E-02	rgb(198,206,220)	1.7544	None
NR4A2	KIF5A	0.66763	39.32	0.32	rgb(221,156,157)	1.7689	None
FOXA1	BTBD11	0.66749	38.935	0.437	rgb(222,133,134)	1.7613	None
SOX4	CPB1	-0.66736	39.315	-3.2E-01	rgb(148,175,229)	1.7688	None
ONECUT2	CLCA1	-0.66722	39.175	-1.8E-01	rgb(179,194,224)	1.7661	None
PAX4	KANK2	-0.66708	39.275	-2.8E-01	rgb(157,181,227)	1.768	None
GATA2	FOXP2	-0.66694	40.17	-1.3E-01	rgb(189,200,222)	1.7858	None
SOX4	PTCH1	0.6668	34.905	0.405	rgb(221,140,140)	1.6815	None
FOXA1	CHD5	-0.66667	39.265	-2.7E-01	rgb(159,182,227)	1.7679	None
LMX1B	EVL	0.66639	39.95	0.449	rgb(222,131,132)	1.7814	None
RFX3	SAMD5	0.66639	39.64	0.138	rgb(219,191,191)	1.7753	None
ZFP62	BC122864	0.66625	40.195	0.197	rgb(219,179,180)	1.7863	2,2
HSF2	TTYH2	-0.66611	38.89	-3.9E-01	rgb(132,165,232)	1.7604	None
FOXA1	KCNE4	-0.66598	35.825	-3.2E-01	rgb(147,174,229)	1.6997	None
ETS1	ADCY2	0.66584	38.21	0.212	rgb(219,177,177)	1.747	None
FOXP2	ITGA7	0.6657	39.16	0.159	rgb(219,187,187)	1.7658	None
TP73	PTP4A3	0.66556	39.33	0.331	rgb(221,154,154)	1.7691	None
RORC	NPTXR	0.66542	37.205	0.207	rgb(219,177,178)	1.727	None
EGR3	HHEX	-0.66529	34.89	-3.9E-01	rgb(132,165,232)	1.6812	None
RFX3	BSN	0.66515	38.4	0.4	rgb(221,141,141)	1.7507	None
NR4A3	MUC15	0.66487	38.725	0.226	rgb(219,174,174)	1.7572	None
ZNF382	XAF1	-0.66487	37.19	-1.9E-01	rgb(176,192,224)	1.7268	2,2
ETV1	HHEX	0.6646	39.15	0.151	rgb(219,188,188)	1.7656	None
MAFA	CAMK2N2	-0.6646	34.9	-4.0E-01	rgb(130,164,232)	1.6814	None
ZNF492	CRISPLD2	-0.66446	39.955	-1.2E-01	rgb(190,201,222)	1.7815	None
ZNF492	AMPD3	0.66432	36.285	0.285	rgb(220,162,163)	1.7088	None
HSF2	ATP6V0E2	0.66418	38.72	0.222	rgb(219,175,175)	1.7571	None
ELF4	ANKRD13B	-0.66405	39.3	-3.0E-01	rgb(152,178,228)	1.7685	None
LMX1A	IGSF21	-0.66391	39.26	-2.6E-01	rgb(160,182,227)	1.7678	None
LMX1B	TRPM2	0.66377	39.175	0.177	rgb(219,183,183)	1.7661	None
ELF4	GPC6	-0.66363	38.195	-1.9E-01	rgb(175,192,224)	1.7467	None
TFCP2L1	ZFP2	0.66349	40.045	0.021	rgb(217,213,213)	1.7833	None
LHX1	FOXA1	0.66336	35.815	0.314	rgb(220,157,158)	1.6995	None
FOXA2	EMB	-0.66322	39.675	-1.8E-01	rgb(179,194,224)	1.776	None
FEV	C1QL1	0.66308	38.355	0.355	rgb(221,149,150)	1.7498	None
GRHL3	AX747826	-0.66267	39.285	-2.9E-01	rgb(155,179,228)	1.7682	2,2
ONECUT1	C7	0.66267	35.35	0.348	rgb(221,150,151)	1.6903	None
ZNF846	TCEAL1	-0.66267	39.73	-2.3E-01	rgb(167,187,226)	1.7771	None
TSHZ1	AX746771	-0.66253	39.22	-2.2E-01	rgb(169,188,225)	1.767	2,2
ONECUT3	TMEFF2	-0.66239	38.35	-3.5E-01	rgb(141,171,230)	1.7497	None
LMX1A	KCNMB2	-0.66225	34.425	-4.3E-01	rgb(124,161,233)	1.672	None
NR4A3	LRFN1	0.66211	39.545	0.046	rgb(218,208,208)	1.7734	None
GRHL3	ECEL1	0.66184	39.72	0.222	rgb(219,175,175)	1.7769	2,2
HSF2	SERPINA10	0.66184	36.28	0.28	rgb(220,164,164)	1.7087	None
HSF2	CYGB	-0.6617	39.72	-2.2E-01	rgb(169,188,225)	1.7769	None
ZFHX2	NACAD	0.66156	38.2	0.198	rgb(219,179,180)	1.7468	None
EGR3	NNMT	0.66142	38.69	0.192	rgb(219,180,181)	1.7565	None
TFCP2L1	BAMBI	-0.66129	38.335	-3.4E-01	rgb(144,173,230)	1.7494	None
PAX4	CNIH2	0.66115	37.46	0.461	rgb(222,129,130)	1.7321	None
GATA2	CHD5	0.66101	35.81	0.311	rgb(220,158,158)	1.6994	None
HES4	L1TD1	-0.66087	38.685	-1.8E-01	rgb(177,193,224)	1.7564	None
ARX	LIMCH1	0.66073	36.275	0.275	rgb(220,165,165)	1.7086	None
ZNF846	DDN	-0.6606	40.115	-1.2E-01	rgb(192,202,221)	1.7847	None
NEUROG3	DYNC1I1	0.66046	37.165	0.164	rgb(219,186,186)	1.7263	None
EGR3	KCNJ11	-0.66032	36.735	-2.4E-01	rgb(166,186,226)	1.7177	None
NR4A2	ISLR2	-0.66018	36.73	-2.3E-01	rgb(167,186,226)	1.7176	None
MAFA	CLGN	0.66004	39.205	0.205	rgb(219,178,178)	1.7667	None
NHLH1	CDKN1C	0.65991	36.275	0.277	rgb(220,164,165)	1.7086	None
AEBP1	FAM179A	0.65977	39.2	0.201	rgb(219,179,179)	1.7666	2,2
SPIB	RBP2	0.65963	39.905	0.406	rgb(221,139,140)	1.7805	None
GATA4	ENPP1	0.65949	39.84	0.339	rgb(221,152,153)	1.7792	None
MXI1	ID2	0.65935	37.4	0.399	rgb(221,141,142)	1.7309	None
ASCL1	GCH1	0.65922	34.885	0.387	rgb(221,143,144)	1.6811	None
TFCP2L1	APLP1	0.65908	39.91	0.081	rgb(218,202,202)	1.7806	None
MAFB	KCNK17	0.65894	37.35	0.351	rgb(221,150,151)	1.7299	None
EGR3	ST8SIA5	-0.6588	39.84	-3.4E-01	rgb(143,172,230)	1.7792	None
ZNF846	SSTR3	-0.65866	39.315	-3.1E-01	rgb(149,176,229)	1.7688	None
LMX1A	SYP	-0.65839	36.27	-2.7E-01	rgb(158,181,227)	1.7085	None
PDX1	ANKRD13B	-0.65839	36.27	-2.7E-01	rgb(159,182,227)	1.7085	None
HSF2	BIVM-ERCC5	0.65811	39.67	0.172	rgb(219,184,184)	1.7759	None
PDX1	GPC2	0.65811	40.12	0.083	rgb(218,201,201)	1.7848	None
ASCL2	MAPK4	0.65797	37.175	0.175	rgb(219,184,184)	1.7265	None
ETS1	QDPR	0.6577	35.805	0.303	rgb(220,159,160)	1.6993	None
ZFP2	WISP1	0.6577	39.93	0.429	rgb(222,135,136)	1.781	2,2
PDX1	CRIP2	-0.65756	39.665	-1.7E-01	rgb(181,195,223)	1.7758	None
PBX1	CIB4	-0.65742	39.145	-1.4E-01	rgb(186,198,222)	1.7655	None
FOXA2	FGF2	-0.65728	38.28	-2.8E-01	rgb(156,180,228)	1.7483	None
GATA2	PDZD4	0.65715	39.21	0.21	rgb(219,177,177)	1.7668	None
HSF2	CLCNKA	0.65701	39.695	0.196	rgb(219,180,180)	1.7764	None
ELF4	KNDC1	-0.65687	36.265	-2.7E-01	rgb(159,182,227)	1.7084	None
NR4A2	EID1	0.65673	38.835	0.333	rgb(221,153,154)	1.7593	None
HOXB9	SLC26A7	0.65659	39.145	0.145	rgb(219,189,190)	1.7655	None
PRDM16	TSSK4	0.65646	39.845	0.346	rgb(221,151,152)	1.7793	None
GATA4	MAST1	-0.65618	36.265	-2.6E-01	rgb(160,182,227)	1.7084	None
ONECUT1	SGSM1	0.65618	38.14	0.14	rgb(219,190,191)	1.7456	None
HES4	C2CD4B	0.65604	36.72	0.219	rgb(219,175,176)	1.7174	None
FEV	JPH4	0.65591	37.745	0.246	rgb(220,170,170)	1.7377	None
SPIB	SSTR5-AS1	0.65577	38.735	0.234	rgb(220,172,173)	1.7574	None
FOXA1	SOGA3	0.65563	39.13	0.128	rgb(218,192,193)	1.7652	None
ZNF853	LPPR3	0.65549	38.73	0.228	rgb(220,174,174)	1.7573	2,2
ATF6	TMEM198	-0.65535	38.71	-2.1E-01	rgb(171,189,225)	1.7569	None
LHX1	MPP1	0.65522	39.315	0.316	rgb(220,157,157)	1.7688	None
NR4A2	PTP4A3	-0.65508	36.26	-2.6E-01	rgb(160,182,227)	1.7083	None
TFCP2L1	SHC3	0.65494	39.615	0.116	rgb(218,195,195)	1.7748	None
NFAT5	DLC1	0.6548	38.255	0.256	rgb(220,168,169)	1.7478	None
ETS1	ONECUT2	-0.65466	38.06	-5.8E-02	rgb(204,209,219)	1.744	None
HSF2	VGF	-0.65453	39.625	-6.2E-01	rgb( 82,135,241)	1.775	None
EGR3	SVOP	-0.65439	39.79	-2.9E-01	rgb(154,179,228)	1.7783	None
LTF	CNTN3	-0.65425	39.655	-1.5E-01	rgb(184,197,223)	1.7756	2,2
SMAD9	SSTR1	0.65411	39.55	0.55	rgb(223,112,113)	1.7735	None
FEV	CELF3	0.65397	37.33	0.331	rgb(221,154,155)	1.7295	None
POU6F1	METTL21EP	0.6537	37.31	0.31	rgb(220,158,158)	1.7291	None
TGIF2	LINC00643	0.6537	37.31	0.308	rgb(220,158,159)	1.7291	None
TFCP2L1	ZG16	-0.65356	37.14	-1.4E-01	rgb(186,198,222)	1.7258	None
MAFB	FAM227A	0.65328	36.95	0.45	rgb(222,131,132)	1.722	None
PAX4	LSP1	0.65328	35.33	0.332	rgb(221,154,154)	1.6899	None
ETV1	GPC2	-0.65315	39.74	-1.5E-01	rgb(185,198,223)	1.7773	None
TFCP2L1	CBLN1	0.65301	38.865	0.367	rgb(221,147,148)	1.7599	None
ZFP82	G0S2	0.65287	39.19	0.192	rgb(219,180,181)	1.7664	None
ZFHX2	SV2B	0.65273	34.865	0.364	rgb(221,148,148)	1.6807	None
ASCL2	SCT	-0.65259	39.33	-3.3E-01	rgb(146,174,229)	1.7691	None
MAFA	PGA5	0.65246	36.7	0.201	rgb(219,179,179)	1.717	None
FOXA1	FAM171B	0.65232	38.73	0.23	rgb(220,173,174)	1.7573	None
MAFF	ZFP82	-0.65218	38.775	-2.7E-01	rgb(157,181,227)	1.7581	None
ELF4	CERS1	0.6519	38.675	0.173	rgb(219,184,184)	1.7562	None
LMX1B	CHRM4	-0.6519	38.675	-1.8E-01	rgb(179,194,224)	1.7562	None
EGR3	GATA6	0.65177	37.895	0.393	rgb(221,142,143)	1.7407	None
NR4A2	LTF	-0.65163	39.71	-1.8E-01	rgb(177,193,224)	1.7767	None
MAFB	TCTEX1D4	0.65149	39.315	0.314	rgb(220,157,158)	1.7688	None
ZNF853	SEPT3	0.65135	39.53	0.531	rgb(223,116,117)	1.7731	2,2
MAFB	CPT1C	-0.65121	38.315	-3.2E-01	rgb(149,175,229)	1.749	None
LMX1A	SAMD5	0.65094	39.255	0.255	rgb(220,168,169)	1.7677	None
RORC	DHRS2	0.65094	35.785	0.284	rgb(220,163,163)	1.6989	None
PDX1	CCDC74B	-0.6508	35.785	-2.9E-01	rgb(155,179,228)	1.6989	None
GATA4	CPB1	0.65066	37.7	0.198	rgb(219,179,180)	1.7369	None
FOXA1	SAMD5	0.65052	37.86	0.36	rgb(221,148,149)	1.74	None
NEUROG3	TCEAL1	0.65039	37.285	0.284	rgb(220,163,163)	1.7286	None
RFX3	CRIP2	0.65025	38.18	0.18	rgb(219,183,183)	1.7464	None
GATA2	OSBPL6	-0.65011	38.31	-3.1E-01	rgb(150,176,229)	1.7489	None
PAX6	CHL1	0.64997	36.69	0.188	rgb(219,181,182)	1.7168	None
NR4A3	CYGB	-0.64983	39.585	-2.8E-01	rgb(157,181,227)	1.7742	None
ZFP82	FCRL6	-0.6497	39.24	-2.4E-01	rgb(165,185,226)	1.7674	None
LHX1	DPEP1	-0.64956	38.625	-1.2E-01	rgb(190,201,222)	1.7552	None
MAFA	MAFB	0.64942	37.285	0.287	rgb(220,162,163)	1.7286	None
SOX4	SPINK4	0.64928	35.78	0.278	rgb(220,164,164)	1.6988	None
TGIF2	CRISP3	0.64914	36.87	0.37	rgb(221,146,147)	1.7204	2,2
NEUROD1	TMOD1	0.64901	37.68	0.179	rgb(219,183,183)	1.7365	None
LMX1B	HCP5	0.64887	39.05	0.048	rgb(218,208,208)	1.7636	None
NEUROD1	VWA5B2	0.64873	33.495	0.496	rgb(222,122,123)	1.6536	None
ETS1	MEP1B	0.64859	39.415	0.415	rgb(222,138,139)	1.7708	None
TFCP2L1	AVPR1B	-0.64845	39.025	-2.3E-02	rgb(212,214,218)	1.7631	None
ONECUT1	GPR116	0.64832	37.275	0.274	rgb(220,165,165)	1.7284	2,2
TP73	DLGAP3	0.64818	38.665	0.164	rgb(219,186,186)	1.756	None
GATA4	SHC3	-0.64804	38.765	-2.7E-01	rgb(159,182,227)	1.7579	None
PBX1	LRRC10B	0.6479	36.655	0.153	rgb(219,188,188)	1.7162	None
MAFF	WSCD1	0.64776	35.31	0.309	rgb(220,158,159)	1.6895	None
AKNA	PP7080	-0.64763	38.79	-2.9E-01	rgb(154,179,228)	1.7584	2,2
NEUROG3	SSTR5	-0.64749	38.895	-3.9E-01	rgb(132,165,232)	1.7605	None
FEV	PRKCG	0.64721	37.805	0.307	rgb(220,158,159)	1.7389	None
PRDM16	NFRKB	0.64721	34.39	0.391	rgb(221,142,143)	1.6713	None
NFAT5	BRSK1	-0.64708	38.275	-2.7E-01	rgb(158,181,227)	1.7482	None
LMX1B	SERPINA10	-0.64694	38.695	-2.0E-01	rgb(174,191,224)	1.7566	None
TEAD2	MMP11	0.6468	33.95	0.448	rgb(222,131,132)	1.6626	None
TFCP2L1	INHBE	-0.64666	38.565	-6.5E-02	rgb(203,208,219)	1.754	None
LHX1	SLC35F3	-0.64652	39.415	-4.1E-01	rgb(127,162,233)	1.7708	None
RFX6	NFASC	0.64639	33.48	0.482	rgb(222,125,126)	1.6533	None
PDX1	STMND1	0.64625	37.265	0.265	rgb(220,166,167)	1.7282	None
MYRF	AX746991	0.64597	39.485	0.192	rgb(219,180,181)	1.7722	2,2
PAX6	ABCA9	-0.64597	34.845	-3.4E-01	rgb(142,172,230)	1.6803	None
SOX4	IGFN1	0.64583	35.31	0.312	rgb(220,157,158)	1.6895	None
LHX1	LINC00310	0.6457	39.22	0.222	rgb(219,175,175)	1.767	None
HIC1	SYCP2	0.64556	38.765	0.267	rgb(220,166,167)	1.7579	None
MAFB	HHEX	0.64542	39.12	0.118	rgb(218,194,195)	1.765	None
MAFA	PDGFD	0.64528	38.115	0.114	rgb(218,195,195)	1.7451	None
LMX1B	ZFP28	0.64514	39.62	0.124	rgb(218,193,194)	1.7749	None
PDX1	HLA-DPA1	0.64501	38.11	0.112	rgb(218,196,196)	1.745	None
RFX2	CDK5R1	-0.64487	38.23	-2.3E-01	rgb(167,187,226)	1.7474	None
ONECUT3	TMEM196	-0.64473	38.81	-3.1E-01	rgb(149,176,229)	1.7588	None
FOXA2	ZFP28	0.64459	39.355	0.356	rgb(221,149,150)	1.7696	None
PDX1	LDHAL6A	-0.64445	38.13	-1.3E-01	rgb(189,200,222)	1.7454	None
PDX1	SLC6A16	-0.64432	37.775	-2.8E-01	rgb(157,181,227)	1.7383	None
ONECUT1	EDIL3	0.64418	34.845	0.344	rgb(221,151,152)	1.6803	2,2
ETS1	SYP	0.6439	39.12	0.119	rgb(218,194,195)	1.765	None
FOXP2	SLC18A1	0.6439	36.66	0.162	rgb(219,186,186)	1.7163	None
RORC	RGS11	0.64376	36.225	0.225	rgb(219,174,175)	1.7076	None
NEUROG3	RCOR2	0.64363	36.83	0.332	rgb(221,154,154)	1.7196	None
SMAD9	DGKB	0.64349	38.745	0.247	rgb(220,170,170)	1.7576	None
EGR3	CDKN1C	-0.64321	34.84	-3.4E-01	rgb(144,172,230)	1.6802	None
TEAD2	HDAC7	0.64321	34.84	0.342	rgb(221,152,152)	1.6802	None
FOXA2	FAM13A-AS1	-0.64307	38.71	-2.1E-01	rgb(172,189,225)	1.7569	None
EGR3	TMOD1	-0.64294	38.215	-2.1E-01	rgb(171,189,225)	1.7471	None
HSF2	MCOLN3	-0.6428	38.74	-2.4E-01	rgb(165,186,226)	1.7575	None
EGR3	ACBD7	0.64266	39.345	0.344	rgb(221,151,152)	1.7694	None
MAFF	CPE	0.64252	38.33	0.332	rgb(221,154,154)	1.7493	None
LMX1A	RGS11	0.64238	33.93	0.432	rgb(222,134,135)	1.6622	None
EGR3	TMEM158	0.64225	34.84	0.34	rgb(221,152,153)	1.6802	None
NR4A2	CD52	0.64211	34.37	0.372	rgb(221,146,147)	1.6709	None
NEUROG3	LOC100128288	0.64183	38.5	0.001	rgb(217,217,217)	1.7527	None
ZNF846	SPON2	-0.64183	38.075	-7.5E-02	rgb(201,207,220)	1.7443	None
NR4A2	DPYSL4	0.64169	37.23	0.231	rgb(220,173,173)	1.7275	None
TEAD2	HMGB3	-0.64156	39.38	-2.5E-01	rgb(164,184,226)	1.7701	None
LHX1	PDE8B	-0.64142	35.76	-2.6E-01	rgb(160,182,227)	1.6984	None
NKX6-1	KIRREL3	-0.64114	39.365	-2.8E-01	rgb(155,179,228)	1.7698	None
PRDM16	MYRF	0.64114	36.215	0.214	rgb(219,176,177)	1.7074	None
FEV	RFX6	0.641	38.89	0.39	rgb(221,143,143)	1.7604	None
MAFB	KCNJ2	0.64087	38.295	0.294	rgb(220,161,161)	1.7486	None
SOX4	CHL1	0.64073	37.545	0.047	rgb(218,208,208)	1.7338	None
LHX1	STX1A	-0.64045	37.22	-2.2E-01	rgb(169,188,225)	1.7273	None
TFCP2L1	USP41	0.64045	33.455	0.455	rgb(222,130,131)	1.6528	None
TP73	FSD1	-0.64031	38.71	-2.1E-01	rgb(171,189,225)	1.7569	None
FEV	SCGN	0.64004	34.835	0.333	rgb(221,153,154)	1.6801	None
ZFP82	PRICKLE2	0.64004	34.835	0.337	rgb(221,153,153)	1.6801	None
AEBP1	AK316092	0.6399	37.735	0.233	rgb(220,172,173)	1.7375	2,2
GATA4	VCAN	0.63921	35.295	0.293	rgb(220,161,162)	1.6892	None
MAFB	ATF6	-0.63921	34.365	-3.7E-01	rgb(137,169,231)	1.6708	None
MAFF	BC043205	-0.63921	33.92	-4.2E-01	rgb(126,162,233)	1.662	2,2
NEUROG3	NINJ1	0.63921	34.365	0.366	rgb(221,147,148)	1.6708	None
NFAT5	EGR3	-0.63921	35.295	-3.0E-01	rgb(152,178,228)	1.6892	None
ZFHX2	GLT8D2	0.63907	38.19	0.189	rgb(219,181,181)	1.7466	None
MAFA	HCP5	0.63893	38.575	0.075	rgb(218,203,203)	1.7542	None
NKX2-2	SPON2	0.6388	35.295	0.294	rgb(220,161,161)	1.6892	None
GATA4	LRAT	-0.63866	39.31	-2.2E-01	rgb(170,188,225)	1.7687	None
NEUROG3	KCNIP3	0.63852	35.755	0.255	rgb(220,168,169)	1.6983	None
NKX2-2	IFI44	0.63825	36.62	0.121	rgb(218,194,194)	1.7155	None
PBX1	TUBB3	-0.63825	35.755	-2.5E-01	rgb(162,184,227)	1.6983	None
ZNF846	PDZD4	-0.63811	39.07	-7.2E-02	rgb(201,207,220)	1.764	None
LMX1B	CACNA1A	0.63797	38.73	0.23	rgb(220,173,174)	1.7573	None
ELF4	G0S2	0.63769	38.685	0.186	rgb(219,181,182)	1.7564	None
ZNF846	NEAT1	0.63769	36.205	0.203	rgb(219,178,179)	1.7072	None
TFCP2L1	CCK	0.63756	38.745	0.243	rgb(220,171,171)	1.7576	None
FEV	TMEM200A	0.63742	39.175	0.176	rgb(219,183,184)	1.7661	None
MAFA	FAM171B	0.63728	38.675	0.177	rgb(219,183,183)	1.7562	None
SPIB	RRAGD	0.63714	38.3	0.299	rgb(220,160,160)	1.7487	None
RORC	IGFN1	-0.637	36.395	-4.0E-01	rgb(131,165,232)	1.711	None
NR4A2	LRAT	0.63687	36.18	0.179	rgb(219,183,183)	1.7067	None
MAFA	FUT1	-0.63673	38.865	-3.6E-01	rgb(138,169,231)	1.7599	None
HSF2	KCNH3	-0.63659	39.05	-5.2E-02	rgb(206,210,219)	1.7636	None
RFX2	SPIB	0.63645	36.78	0.282	rgb(220,163,164)	1.7186	None
TFCP2L1	ARHGAP22	-0.63631	39.14	-1.4E-01	rgb(187,199,222)	1.7654	None
SMAD9	PDZD4	0.63618	34.82	0.318	rgb(221,156,157)	1.6798	None
LMX1B	VCAN	0.63604	36.19	0.189	rgb(219,181,181)	1.7069	None
LHX1	SPON1	0.63576	38.585	0.086	rgb(218,201,201)	1.7544	None
LMX1B	COL21A1	0.63576	37.345	0.346	rgb(221,151,152)	1.7298	None
RFX3	NNMT	0.63562	33.895	0.395	rgb(221,141,142)	1.6615	None
ZNF846	LZTS1	-0.63549	39.02	-1.8E-02	rgb(213,215,218)	1.763	None
ZFP92	MICAL2	0.63535	38.3	0.299	rgb(220,160,161)	1.7487	None
PRDM16	PLXNC1	0.63521	37.76	0.26	rgb(220,167,168)	1.738	None
ZNF492	CHRNB4	-0.63507	39.01	-1.2E-02	rgb(214,215,217)	1.7628	None
LHX1	SYCP2	-0.63493	38.725	-2.3E-01	rgb(168,187,226)	1.7572	None
PRDM16	ADNP	0.6348	35.28	0.281	rgb(220,163,164)	1.6889	None
TEAD1	SSBP2	0.63466	37.76	0.26	rgb(220,167,168)	1.738	None
NEUROG3	NCALD	-0.63452	38.005	-6.2E-03	rgb(216,216,217)	1.7429	None
EGR3	CCDC74A	-0.63397	37.635	-1.4E-01	rgb(188,199,222)	1.7356	None
LHX1	CYMP	-0.63397	37.155	-1.5E-01	rgb(183,197,223)	1.7261	None
MAFA	CDH22	0.63397	36.18	0.182	rgb(219,182,183)	1.7067	None
TGIF2	TDRD6	0.63397	38.715	0.216	rgb(219,176,176)	1.757	None
NEUROG3	LOC283335	-0.63383	39.175	-1.8E-01	rgb(179,194,224)	1.7661	None
NR4A3	TTC7B	0.63369	38.85	0.349	rgb(221,150,151)	1.7596	None
MAFB	KIF5A	0.63355	33.895	0.397	rgb(221,141,142)	1.6615	None
TEAD1	EPHA4	0.63342	37.745	0.244	rgb(220,170,171)	1.7377	None
ELF4	GHRL	-0.63314	33.43	-4.3E-01	rgb(124,160,233)	1.6523	None
ONECUT2	PBOV1	0.63314	38.155	0.156	rgb(219,187,188)	1.7459	None
LHX1	S100A1	0.633	38.725	0.225	rgb(219,174,175)	1.7572	None
GATA2	TMPRSS6	0.63286	38.775	0.274	rgb(220,165,165)	1.7581	None
ISL1	RBP2	0.63273	38.795	0.296	rgb(220,160,161)	1.7585	None
ATF6	TFCP2L1	-0.63245	37.745	-2.4E-01	rgb(164,185,226)	1.7377	None
ETS1	CCND2	-0.63245	38.34	-3.4E-01	rgb(143,172,230)	1.7495	None
NR4A2	SFTPA2	0.63231	38.145	0.146	rgb(219,189,189)	1.7457	None
MAFB	IFI44	0.63217	39.075	0.075	rgb(218,203,203)	1.7641	None
SOX4	MLLT11	0.63204	36.755	0.254	rgb(220,169,169)	1.7181	None
PAX6	TAF9B	-0.6319	37.605	-1.0E-01	rgb(195,203,221)	1.735	None
RORC	SCGB1C1	-0.63176	39.14	-5.1E-02	rgb(206,210,219)	1.7654	None
PBX1	CPLX1	-0.63162	38.32	-3.2E-01	rgb(147,174,229)	1.7491	None
PAX6	AK5	0.63148	39.06	0.059	rgb(218,206,206)	1.7638	None
NR4A2	CBFA2T3	0.63135	38.13	0.132	rgb(218,192,192)	1.7454	None
ZNF382	CHD5	-0.63121	38.75	-2.5E-01	rgb(162,184,227)	1.7577	None
LHX1	DOK6	-0.63107	39.055	-5.5E-02	rgb(205,210,219)	1.7637	None
NEUROD1	NKX2-2	0.63093	32.985	0.484	rgb(222,125,126)	1.6435	None
GATA6	VWA5B2	-0.63066	38.905	-4.1E-01	rgb(129,163,232)	1.7607	None
HSF2	SLC25A53	-0.63066	38.345	-3.5E-01	rgb(142,171,230)	1.7496	None
FOXA1	COL14A1	0.63052	37.835	0.336	rgb(221,153,153)	1.7395	None
HIF1A	CBLN1	-0.63038	33.44	-4.4E-01	rgb(121,159,234)	1.6525	None
ZNF846	AK057596	0.63024	33.885	0.386	rgb(221,143,144)	1.6613	2,2
ATF5	KCNJ3	-0.6301	37.585	-8.7E-02	rgb(198,206,220)	1.7346	None
MAFA	POU6F1	0.62997	38.565	0.064	rgb(218,205,205)	1.754	None
MAFA	HOMEZ	-0.62983	34.345	-3.5E-01	rgb(142,171,230)	1.6704	None
ZFP82	JAZF1	-0.62969	38.885	-7.6E-02	rgb(200,207,220)	1.7603	None
ONECUT1	ANKRD20A8P	0.62955	36.725	0.224	rgb(219,174,175)	1.7175	2,2
EGR3	TCTEX1D4	-0.62942	38.225	-2.2E-01	rgb(169,188,225)	1.7473	None
HSF2	USP32P2	0.62928	38.875	0.374	rgb(221,146,146)	1.7601	None
EGR3	SMOC2	-0.62914	38.9	-4.0E-01	rgb(131,164,232)	1.7606	None
NEUROG3	POU6F1	-0.629	37.245	-2.5E-01	rgb(163,184,226)	1.7278	None
HSF2	FKBP7	0.62873	35.265	0.264	rgb(220,167,167)	1.6886	None
PDX1	SPC25	-0.62873	35.265	-2.6E-01	rgb(160,182,227)	1.6886	None
SMAD9	CYP27A1	0.62859	38.515	0.017	rgb(217,214,214)	1.753	None
ONECUT3	CCDC181	-0.62845	37.695	-1.9E-01	rgb(175,191,224)	1.7368	None
LMX1B	HMGB3	-0.62831	38.765	-2.7E-01	rgb(159,182,227)	1.7579	None
LHX1	USP32P2	-0.62817	36.305	-3.0E-01	rgb(151,177,229)	1.7092	None
GATA2	NPTX1	0.62804	34.8	0.299	rgb(220,160,161)	1.6794	None
GATA4	LINC00310	0.62776	37.68	0.181	rgb(219,182,183)	1.7365	None
NHLH1	SV2A	-0.62776	38.705	-2.0E-01	rgb(173,190,225)	1.7568	None
EGR3	UCN3	-0.62721	36.14	-1.4E-01	rgb(187,199,222)	1.706	None
NHLH1	GOLGA7B	0.62721	33.88	0.378	rgb(221,145,146)	1.6612	None
RFX6	PGA3	0.62721	33.88	0.38	rgb(221,144,145)	1.6612	None
ZFP28	GFRA3	-0.62721	33.88	-3.8E-01	rgb(134,167,232)	1.6612	None
HSF2	SLC12A5	-0.62707	38.155	-1.5E-01	rgb(184,197,223)	1.7459	None
GATA6	NPTX1	0.62693	38.2	0.2	rgb(219,179,179)	1.7468	None
NR4A3	MPP2	0.62679	38.53	0.03	rgb(217,211,211)	1.7533	None
TFCP2L1	CDK5R1	0.62666	37.755	0.255	rgb(220,168,169)	1.7379	None
LHX1	PDX1	0.62638	35.26	0.259	rgb(220,168,168)	1.6885	None
NR4A2	FAM71E2	-0.62638	38.15	-1.5E-01	rgb(184,197,223)	1.7458	None
SOX4	TMEM145	-0.62624	37.75	-2.5E-01	rgb(163,184,226)	1.7378	None
TEAD1	SCUBE1	-0.6261	36.295	-3.0E-01	rgb(153,178,228)	1.709	None
LHX1	CCDC181	-0.62597	38.145	-1.4E-01	rgb(186,198,222)	1.7457	None
HSF2	IFI44L	0.62555	36.715	0.216	rgb(219,176,176)	1.7173	None
LHX1	DNAH11	0.62555	34.335	0.333	rgb(221,153,154)	1.6702	None
TFCP2L1	HEYL	0.62555	34.335	0.335	rgb(221,153,154)	1.6702	None
ETS1	XKR7	0.62541	33.425	0.425	rgb(222,136,137)	1.6522	None
NHLH1	GGT5	0.62528	33.875	0.374	rgb(221,146,146)	1.6611	None
SOX4	CCND2	0.62514	38.255	0.256	rgb(220,168,169)	1.7478	None
ETS1	EID1	-0.625	38.635	-1.3E-01	rgb(188,199,222)	1.7554	None
NR4A2	DOCK8	0.62486	35.9	0.398	rgb(221,141,142)	1.7012	None
NEUROG3	NCS1	0.62445	34.795	0.293	rgb(220,161,162)	1.6793	None
PBX1	CHRM4	0.62445	34.795	0.293	rgb(220,161,162)	1.6793	None
TEAD1	ID1	-0.62445	37.89	-3.9E-01	rgb(133,166,232)	1.7406	None
NR4A2	AMBP	-0.62431	38.775	-2.3E-01	rgb(166,186,226)	1.7581	None
ATF6	VGF	0.62376	35.255	0.256	rgb(220,168,169)	1.6884	None
PDX1	LMO3	-0.62376	35.255	-2.6E-01	rgb(161,183,227)	1.6884	None
ZFP82	BCORL1	0.62376	35.255	0.253	rgb(220,169,169)	1.6884	None
ZNF846	RAB36	0.62376	35.255	0.256	rgb(220,168,169)	1.6884	None
NEUROD1	TPPP3	-0.62362	37.645	-1.5E-01	rgb(185,198,223)	1.7358	None
LHX1	HIP1	-0.62348	38.665	-1.6E-01	rgb(182,196,223)	1.756	None
SMAD9	MAD2L2	0.62334	37.65	0.15	rgb(219,188,189)	1.7359	None
GATA2	MUC15	-0.62321	38.55	-5.2E-02	rgb(206,210,219)	1.7537	None
ZNF492	EGR3	0.62307	37.2	0.2	rgb(219,179,179)	1.7269	None
NHLH1	NOVA2	0.62293	36.08	0.08	rgb(218,202,202)	1.7048	None
ZFP62	CR627225	0.62279	37.3	0.301	rgb(220,160,160)	1.7289	2,2
ZFHX2	ID4	-0.62265	35.685	-1.8E-01	rgb(177,193,224)	1.6969	None
LMX1B	KIRREL3	-0.62252	36.285	-2.9E-01	rgb(155,179,228)	1.7088	None
LHX1	GAD2	-0.62238	33.865	-3.6E-01	rgb(138,169,231)	1.6609	None
TEAD2	INSRR	-0.62224	38.725	-2.3E-01	rgb(168,187,226)	1.7572	None
RFX2	GCH1	0.6221	38.145	0.144	rgb(219,190,190)	1.7457	None
ETV1	SCIMP	0.62183	38.72	0.218	rgb(219,175,176)	1.7571	None
FEV	LSP1	0.62183	38.635	0.136	rgb(218,191,191)	1.7554	None
LHX1	DLL1	-0.62169	36.84	-3.4E-01	rgb(143,172,230)	1.7198	None
LMX1B	CERKL	0.62155	37.625	0.127	rgb(218,193,193)	1.7354	None
NR4A2	GCH1	0.62127	36.835	0.334	rgb(221,153,154)	1.7197	None
PDX1	TMEM158	0.62127	38.27	0.27	rgb(220,165,166)	1.7481	None
ZNF846	TPPP3	-0.62114	36.28	-2.8E-01	rgb(156,180,228)	1.7087	None
PAX6	GABBR2	-0.62086	36.27	-2.7E-01	rgb(158,181,227)	1.7085	None
SOX4	APBB2	0.62086	37.285	0.286	rgb(220,162,163)	1.7286	None
MAFA	TMEM145	0.62058	38.705	0.205	rgb(219,178,178)	1.7568	None
PDX1	CCL19	-0.62058	38.705	-2.0E-01	rgb(173,190,225)	1.7568	None
LHX1	FOXA2	0.62045	38.64	0.141	rgb(219,190,190)	1.7555	None
PBX1	S100A1	-0.62031	37.775	-2.8E-01	rgb(157,181,227)	1.7383	None
GATA2	TSPAN11	0.62003	34.785	0.287	rgb(220,162,163)	1.6791	None
ONECUT3	ATF7IP	0.62003	37.515	0.017	rgb(217,214,214)	1.7332	None
PBX1	MEP1B	-0.6199	38.18	-1.8E-01	rgb(178,193,224)	1.7464	None
HIF1A	FJX1	-0.61976	38.69	-1.9E-01	rgb(176,192,224)	1.7565	None
TEAD1	NHLH1	-0.61962	37.155	-1.5E-01	rgb(184,197,223)	1.7261	None
MAFF	LINC00494	0.61948	35.67	0.172	rgb(219,184,184)	1.6966	None
ATF6	SYN1	0.61907	35.85	0.352	rgb(221,150,151)	1.7002	None
RORC	LZTS1	0.61907	38.51	0.037	rgb(217,210,210)	1.7529	None
SPIB	ID2	0.61907	33.395	0.393	rgb(221,142,143)	1.6516	None
ETS1	KCNH3	-0.61893	36.66	-1.6E-01	rgb(182,196,223)	1.7163	None
MAFA	HGFAC	-0.61879	38.085	-8.7E-02	rgb(198,205,220)	1.7445	None
LHX1	SHF	-0.61865	38.72	-1.1E-02	rgb(215,216,217)	1.7571	None
HSF2	SLC14A2	-0.61852	37.25	-2.5E-01	rgb(162,184,227)	1.7279	None
ETS1	DNER	-0.61838	36.77	-2.7E-01	rgb(159,181,227)	1.7184	None
ONECUT1	LINC00923	0.61824	36.8	0.298	rgb(220,160,161)	1.719	2,2
NR4A2	MAPK12	0.6181	37.14	0.14	rgb(219,190,191)	1.7258	None
FEV	LHX1	-0.61796	38.155	-1.5E-01	rgb(184,197,223)	1.7459	None
GATA2	CLGN	0.61783	35.235	0.237	rgb(220,172,172)	1.688	None
ATF6	TMEM132B	-0.61769	36.26	-2.6E-01	rgb(161,183,227)	1.7083	None
EGR3	KIF1A	-0.61727	37.14	-1.4E-01	rgb(187,198,222)	1.7258	None
RFX6	NEUROD1	0.61727	32.995	0.497	rgb(222,122,123)	1.6437	None
ZFHX2	TEAD2	0.61727	38.265	0.265	rgb(220,166,167)	1.748	None
HOXB9	MYBPC2	-0.61714	33.86	-3.6E-01	rgb(139,169,231)	1.6608	None
SOX4	PGA3	-0.617	34.78	-2.8E-01	rgb(156,180,228)	1.679	None
EGR3	NCS1	-0.61672	35.835	-3.4E-01	rgb(144,173,230)	1.6999	None
ONECUT3	PBOV1	-0.61672	36.785	-2.9E-01	rgb(155,179,228)	1.7187	None
MAFA	PGF	0.61658	38.215	0.216	rgb(219,176,176)	1.7471	None
ONECUT1	CCDC181	0.61645	36.245	0.244	rgb(220,170,171)	1.708	None
MAFB	MLXIPL	0.61631	36.625	0.124	rgb(218,193,194)	1.7156	None
GATA2	ZG16	0.61603	37.815	0.313	rgb(220,157,158)	1.7391	None
ZNF492	MX2	-0.61603	33.855	-3.6E-01	rgb(140,170,231)	1.6607	None
MAFB	GNAO1	0.61589	37.12	0.119	rgb(218,194,195)	1.7254	None
NR4A2	PPP1R14A	0.61576	33.39	0.389	rgb(221,143,143)	1.6515	None
TGIF2	ATF5	0.61562	35.235	0.235	rgb(220,172,173)	1.688	None
HIF1A	CDHR3	-0.61548	35.23	-2.3E-01	rgb(167,186,226)	1.6879	None
ETS1	FRMPD4	0.61534	37.925	0.425	rgb(222,136,137)	1.7413	None
LMX1A	PLCXD3	-0.6152	38.13	-1.3E-01	rgb(189,200,222)	1.7454	None
PAX6	ACTN3	-0.61507	38.18	-1.8E-01	rgb(178,193,224)	1.7464	None
SOX4	ACSS3	0.61493	35.665	0.164	rgb(219,186,186)	1.6965	None
LMX1A	SPOCK3	0.61479	36.59	0.091	rgb(218,200,200)	1.7149	None
ZFHX2	ZG16	-0.61465	37.08	-8.2E-02	rgb(199,206,220)	1.7246	None
EGR3	WDR17	-0.61424	37.07	-6.9E-02	rgb(202,208,220)	1.7244	None
NKX2-2	NEFL	-0.61424	35.62	-1.2E-01	rgb(191,201,222)	1.6957	None
ZFP82	DLL4	0.61424	38.22	0.22	rgb(219,175,175)	1.7472	None
HSF2	TSNAX-DISC1	-0.6141	37.31	-3.1E-01	rgb(149,176,229)	1.7291	None
SOX4	IFI44	0.61396	37.57	0.068	rgb(218,204,204)	1.7343	None
EGR3	UNC13A	-0.61382	33.85	-3.5E-01	rgb(141,171,230)	1.6606	None
MAFA	ENPP2	0.61369	38.17	0.168	rgb(219,185,185)	1.7462	None
MAFA	TMEM132C	0.61355	37.02	0.022	rgb(217,213,213)	1.7234	None
FOXP2	WNK2	0.61341	36.735	0.233	rgb(220,172,173)	1.7177	None
MAFF	ABCC4	-0.61313	35.835	-3.4E-01	rgb(144,173,230)	1.6999	None
ZNF846	CHGB	-0.61313	37.195	-2.0E-01	rgb(175,191,224)	1.7268	None
ETS1	PCYT1B	-0.613	38.605	-1.1E-01	rgb(194,203,221)	1.7548	None
POU2F2	HSF2	-0.61286	35.215	-2.1E-01	rgb(170,189,225)	1.6876	None
TFCP2L1	GNG4	-0.61272	38.375	-3.6E-02	rgb(209,212,218)	1.7502	None
ZBTB4	UBBP4	-0.61258	36.43	-4.3E-01	rgb(123,160,233)	1.7117	2,2
LMX1B	LRRC49	0.61231	33.385	0.385	rgb(221,144,144)	1.6514	None
NR4A2	PTCH1	-0.61231	35.56	-6.0E-02	rgb(204,209,219)	1.6945	None
FEV	ISL1	0.61217	37.185	0.184	rgb(219,182,182)	1.7267	None
SPIB	CCDC74A	-0.61203	35.645	-1.5E-01	rgb(185,198,223)	1.6961	None
EGR3	ATOH8	-0.61189	37.265	-2.7E-01	rgb(159,182,227)	1.7282	None
ONECUT1	KCNH7	0.61175	33.845	0.345	rgb(221,151,152)	1.6605	None
MYRF	AK094909	0.61148	38.37	0.088	rgb(218,200,200)	1.7501	2,2
RFX6	PLCG2	0.61148	35.21	0.211	rgb(219,177,177)	1.6875	None
PDX1	GSTM2	-0.61134	37.18	-1.8E-01	rgb(178,193,224)	1.7266	None
ONECUT3	ADNP	0.6112	37.175	0.176	rgb(219,183,184)	1.7265	None
KCNIP3	H2AFB3	0.61107	38.355	0.354	rgb(221,149,150)	1.7498	2,2
ARX	CPT1C	0.61093	32.94	0.439	rgb(222,133,134)	1.6426	None
HSF2	PRKCG	-0.61079	38.235	-2.4E-01	rgb(166,186,226)	1.7474	None
LMX1A	NCALD	-0.61065	38.095	-9.7E-02	rgb(196,204,221)	1.7447	None
FOXA1	RBP1	0.61051	38.205	0.204	rgb(219,178,179)	1.7469	None
NR4A3	ADAMTSL1	-0.61038	33.375	-3.8E-01	rgb(135,167,231)	1.6512	None
LHX1	KIF1A	-0.61024	34.3	-3.0E-01	rgb(152,178,228)	1.6695	None
NR4A2	CAND2	-0.6101	38.12	-1.2E-01	rgb(191,201,221)	1.7452	None
ZFHX2	UNC5D	-0.60996	37.815	-3.2E-01	rgb(148,175,229)	1.7391	None
POU2F2	GADD45A	0.60982	38.2	0.201	rgb(219,179,179)	1.7468	None
ATOH8	KIT	0.60969	36.35	0.348	rgb(221,151,151)	1.7101	2,2
SOX4	RRAGD	-0.60955	38.32	-3.2E-01	rgb(147,175,229)	1.7491	None
LMX1B	MCF2L	-0.60913	36.85	-3.5E-01	rgb(141,171,230)	1.72	None
PDX1	TFCP2L1	0.60913	33.38	0.38	rgb(221,144,145)	1.6513	None
PRDM16	AX746640	0.60913	33.38	0.381	rgb(221,144,145)	1.6513	2,2
ZNF382	BC010924	0.609	36.2	0.199	rgb(219,179,179)	1.7071	2,2
ZNF846	NOTUM	-0.60886	34.3	-3.0E-01	rgb(152,177,228)	1.6695	None
LMX1A	TPH1	0.60872	32.935	0.437	rgb(222,134,134)	1.6425	None
PRDM16	SCN3B	0.60844	37.235	0.235	rgb(220,172,173)	1.7276	None
SOX4	SERTAD1	0.60844	37.235	0.233	rgb(220,172,173)	1.7276	None
ARX	CD52	-0.60831	34.76	-2.6E-01	rgb(161,183,227)	1.6786	None
NHLH1	VGF	-0.60817	35.805	-3.0E-01	rgb(151,177,229)	1.6993	None
RFX2	RSPH4A	0.60803	38.14	0.141	rgb(219,190,190)	1.7456	None
TEAD1	MUC15	-0.60789	32.915	-4.2E-01	rgb(127,162,233)	1.6421	None
ONECUT3	PPP1R1A	-0.60775	37.645	-1.5E-01	rgb(185,198,223)	1.7358	None
LHX1	GATA6	0.60762	36.685	0.183	rgb(219,182,182)	1.7167	None
TFCP2L1	RFX6	-0.60748	37.14	-1.4E-01	rgb(187,199,222)	1.7258	None
HIC1	GLT8D2	0.60734	38.24	0.24	rgb(220,171,172)	1.7475	None
ZFHX2	ZDHHC8P1	-0.6072	33.37	-3.7E-01	rgb(137,168,231)	1.6511	None
NEUROD1	PCBP4	0.60706	37.105	0.106	rgb(218,197,197)	1.7251	None
TFCP2L1	GPR155	-0.60693	38.165	-1.6E-01	rgb(181,195,223)	1.7461	None
PBX1	STX1A	-0.60679	38.225	-2.2E-01	rgb(168,187,226)	1.7473	None
ZFP82	FOXA1	0.60665	38.23	0.23	rgb(220,173,174)	1.7474	None
FOXA2	LRIG1	0.60651	37.21	0.211	rgb(219,177,177)	1.7271	None
MAFA	CNGA3	0.60637	32.91	0.412	rgb(222,138,139)	1.642	None
NHLH1	SCN1B	0.60624	38.11	0.109	rgb(218,196,196)	1.745	None
ETS1	REM2	0.6061	33.835	0.336	rgb(221,153,153)	1.6603	None
PDX1	WDR17	-0.60596	34.75	-2.5E-01	rgb(163,184,226)	1.6784	None
GATA4	CLGN	0.60582	33.83	0.331	rgb(221,154,154)	1.6602	None
ELF4	FCRL6	-0.60568	38.035	-3.6E-02	rgb(209,212,218)	1.7435	None
PRDM16	RGS5	-0.60555	38.1	-9.9E-02	rgb(195,204,221)	1.7448	None
GATA4	ZNRF3-AS1	-0.60541	36.76	-2.6E-01	rgb(160,182,227)	1.7182	None
MAFA	CLIP3	0.60527	38.2	0.199	rgb(219,179,179)	1.7468	None
GLIS2	SLC12A5	0.60499	36.655	0.153	rgb(219,188,188)	1.7162	None
TFCP2L1	NPTXR	0.60499	33.365	0.365	rgb(221,147,148)	1.651	None
MAFF	WNK2	-0.60486	36.785	-2.8E-01	rgb(155,180,228)	1.7187	None
ZFHX2	SNAP25	0.60472	38.235	0.234	rgb(220,172,173)	1.7474	None
NEUROD2	GDF11	0.60458	38.005	0.003	rgb(217,217,217)	1.7429	None
SOX4	YPEL1	0.6043	36.95	0.45	rgb(222,131,132)	1.722	None
TFCP2L1	LRAT	-0.6043	38.08	-8.2E-02	rgb(199,206,220)	1.7444	None
NKX2-2	CPE	0.60417	32.915	0.413	rgb(222,138,139)	1.6421	None
EGR3	C1QL1	-0.60403	37.84	-3.4E-01	rgb(143,172,230)	1.7396	None
RFX3	MMRN1	0.60389	38.25	0.25	rgb(220,169,170)	1.7477	None
PRDM16	SPDYE7P	0.60375	37.165	0.166	rgb(219,185,186)	1.7263	None
PDX1	PAPPA2	0.60361	38.215	0.094	rgb(218,199,199)	1.7471	None
PRDM16	LHX1	-0.60348	35.17	-1.7E-01	rgb(180,195,223)	1.6867	None
ARNT2	CCDC40	-0.60334	36.135	-1.3E-01	rgb(188,199,222)	1.7059	None
SOX4	MAFB	-0.6032	33.36	-3.6E-01	rgb(138,169,231)	1.6509	None
ZNF117	GOLGA6L9	0.60306	32.465	0.465	rgb(222,128,129)	1.6332	2,2
TEAD1	SULT1C2P1	0.60292	38.12	0.121	rgb(218,194,194)	1.7452	None
SMAD9	RYBP	0.60265	34.285	0.286	rgb(220,162,163)	1.6692	None
ZNF117	AK054970	0.60265	33.825	0.324	rgb(221,155,156)	1.6601	2,2
LMX1B	GRAP2	-0.60251	37.755	-2.6E-01	rgb(161,183,227)	1.7379	None
GATA4	NDRG4	0.60224	35.345	0.344	rgb(221,151,152)	1.6902	None
ONECUT2	PMP22	0.60224	35.345	0.343	rgb(221,151,152)	1.6902	None
RFX3	TTR	-0.6021	36.59	-9.1E-02	rgb(197,205,220)	1.7149	None
ZFHX2	ZNF846	0.60196	34.74	0.241	rgb(220,171,171)	1.6782	None
ELF4	BEX2	-0.60182	35.16	-1.6E-01	rgb(182,196,223)	1.6865	None
MAFA	ZG16	0.60168	38.185	0.183	rgb(219,182,182)	1.7465	None
ETS1	TMEM158	-0.60155	38.155	-1.6E-01	rgb(183,197,223)	1.7459	None
MAFF	MX2	0.60127	38.09	0.09	rgb(218,200,200)	1.7446	None
ZNF846	EPHA4	0.60127	34.735	0.234	rgb(220,172,173)	1.6781	None
TEAD1	CALY	-0.60113	35.74	-2.4E-01	rgb(165,185,226)	1.698	None
LMX1B	WSCD1	0.60099	38.09	0.09	rgb(218,200,200)	1.7446	None
PBX1	CRISPLD2	0.60086	36.74	0.242	rgb(220,171,171)	1.7178	None
ZFP82	WNT9A	0.60072	37.75	0.25	rgb(220,169,170)	1.7378	None
NEUROD2	KCNK3	0.60058	36.575	0.077	rgb(218,202,202)	1.7146	None
RFX6	BCRP3	-0.60044	34.28	-2.8E-01	rgb(156,180,228)	1.6691	None
SPIB	VSTM4	0.6003	36.735	0.234	rgb(220,172,173)	1.7177	None
LMX1B	MYO3A	-0.60017	35.365	-3.6E-01	rgb(138,169,231)	1.6906	None
NR4A3	KDM1A	-0.60003	37.605	-1.1E-01	rgb(194,203,221)	1.735	None
NEUROG3	CNPY1	0.59989	34.73	0.231	rgb(220,173,173)	1.678	None
ZNF846	CBLN1	0.59975	36.415	0.414	rgb(222,138,139)	1.7114	None
ETS1	LIMCH1	0.59948	37.2	0.201	rgb(219,179,179)	1.7269	None
SMAD9	GATA4	-0.59948	37.2	-2.0E-01	rgb(174,191,225)	1.7269	None
PBX1	HCP5	0.59934	38.12	0.123	rgb(218,193,194)	1.7452	None
NR4A3	PCDHB15	0.5992	34.275	0.277	rgb(220,164,165)	1.669	None
RORC	NPTX1	0.59906	34.73	0.229	rgb(220,173,174)	1.678	None
MAFA	SCG2	0.59892	35.125	0.126	rgb(218,193,193)	1.6858	None
PAX6	KCNN3	0.59879	37.715	0.216	rgb(219,176,176)	1.7371	None
MAFA	DDN	0.59865	37.58	0.078	rgb(218,202,202)	1.7345	None
SPIB	ISL1	0.59851	34.275	0.274	rgb(220,165,165)	1.669	None
RORC	ZFP2	-0.59837	37.645	-1.4E-01	rgb(186,198,222)	1.7358	None
GATA6	CNTD2	-0.59823	36.775	-2.7E-01	rgb(157,181,227)	1.7185	None
PAX4	C2CD4A	0.5981	35.89	0.392	rgb(221,142,143)	1.701	None
SMAD9	CCL20	0.59796	37.55	0.048	rgb(218,208,208)	1.7339	None
SMAD9	HERC5	0.59782	36.38	0.382	rgb(221,144,145)	1.7107	None
ONECUT1	SMAD9	-0.59768	37.825	-3.3E-01	rgb(146,174,229)	1.7393	None
ARNT2	KIF5A	0.59741	37.655	0.153	rgb(219,188,188)	1.736	None
NR4A2	MANEAL	-0.59741	36.695	-1.9E-01	rgb(175,191,224)	1.7169	None
HSF2	TCEAL1	0.59727	33.81	0.308	rgb(220,158,159)	1.6598	None
RORC	AADAT	-0.59713	35.155	-1.6E-01	rgb(183,196,223)	1.6864	None
NR4A2	CCDC40	-0.59699	36.32	-3.2E-01	rgb(147,175,229)	1.7095	None
NR4A2	IGSF21	-0.59685	37.255	-2.5E-01	rgb(162,184,227)	1.728	None
ETS1	PRKXP1	-0.59672	34.27	-2.7E-01	rgb(158,181,227)	1.6689	None
MAFB	SCIMP	0.59658	33.81	0.309	rgb(220,158,159)	1.6598	None
PDX1	SPAG8	-0.59644	32.445	-4.5E-01	rgb(120,158,234)	1.6328	None
GATA4	DSCAML1	0.59616	38.045	0.046	rgb(218,208,208)	1.7437	None
HSF2	RBP2	-0.59616	37.64	-1.4E-01	rgb(187,199,222)	1.7357	None
NEUROG3	GRHL3	0.59603	36.345	0.347	rgb(221,151,151)	1.71	None
SOX4	ZNF117	0.59589	37.675	0.173	rgb(219,184,184)	1.7364	None
PAX6	MAFA	-0.59575	35.315	-3.1E-01	rgb(149,175,229)	1.6896	None
TEAD2	LRFN1	0.59547	38.065	0.064	rgb(218,205,205)	1.7441	None
ZFP2	ZFR2	-0.59547	38.025	-2.3E-02	rgb(212,214,218)	1.7433	2,2
ONECUT3	SUCNR1	0.59534	35.3	0.299	rgb(220,160,161)	1.6893	2,2
LHX1	DTX1	-0.5952	37.31	-3.1E-01	rgb(150,176,229)	1.7291	None
ETS1	MXI1	0.59506	33.805	0.304	rgb(220,159,160)	1.6597	None
EGR3	ZNF117	-0.59478	32.885	-3.9E-01	rgb(133,166,232)	1.6415	None
LHX1	NEGR1	0.59478	32.885	0.384	rgb(221,144,144)	1.6415	None
MAFB	TSPAN11	0.59465	37.84	0.341	rgb(221,152,153)	1.7396	None
PAX6	RUNX1T1	0.59451	37.78	0.282	rgb(220,163,164)	1.7384	None
NR4A2	SULT2A1	0.59437	32.44	0.44	rgb(222,133,134)	1.6327	None
LHX1	FSTL5	-0.59423	38.01	-1.1E-02	rgb(215,216,217)	1.743	None
MAFA	RAB3C	0.59396	35.685	0.183	rgb(219,182,182)	1.6969	None
NR4A3	SLC7A2	0.59396	35.82	0.322	rgb(221,155,156)	1.6996	None
EGR3	SLC6A16	-0.59382	37.14	-1.4E-01	rgb(187,199,222)	1.7258	None
LMX1A	GLYATL3	-0.59368	38.005	-2.8E-03	rgb(216,217,217)	1.7429	None
PRDM16	SUSD2	-0.59354	37.27	-2.7E-01	rgb(159,182,227)	1.7283	None
EGR3	GAP43	-0.59341	36.795	-3.0E-01	rgb(153,178,228)	1.7189	None
NKX6-1	ELAVL4	-0.59327	34.915	-4.2E-01	rgb(127,162,233)	1.6817	None
MAFA	ASRGL1	0.59313	36.18	0.178	rgb(219,183,183)	1.7067	None
ASCL2	PODXL2	0.59272	34.71	0.211	rgb(219,177,177)	1.6776	None
NEUROG3	HIP1	0.59272	37.695	0.196	rgb(219,180,180)	1.7368	None
TFCP2L1	PRKCG	0.59272	37.695	0.197	rgb(219,179,180)	1.7368	None
ELF4	GRB14	-0.59244	38.005	-3.0E-03	rgb(216,217,217)	1.7429	None
LMX1A	EFCC1	-0.59244	32.435	-4.3E-01	rgb(123,160,233)	1.6326	None
LMX1B	LZTS1	0.5923	37.69	0.189	rgb(219,181,181)	1.7367	None
NR4A2	NR4A3	0.59203	33.8	0.299	rgb(220,160,161)	1.6596	None
TEAD2	RBP1	0.59203	33.8	0.302	rgb(220,159,160)	1.6596	None
PRDM16	CPA1	-0.59189	37.73	-2.3E-01	rgb(167,187,226)	1.7374	None
ELF4	SLC6A17	-0.59175	35.685	-1.9E-01	rgb(177,193,224)	1.6969	None
TEAD1	MUC5B	-0.59161	37.51	-9.8E-03	rgb(215,216,217)	1.7331	None
TEAD2	CELF4	-0.59147	35.67	-1.7E-01	rgb(180,194,223)	1.6966	None
MAFB	RPS6KL1	0.59134	36.705	0.204	rgb(219,178,178)	1.7171	None
ZNF853	FLJ22184	0.5912	37.59	0.09	rgb(218,200,200)	1.7347	2,2
TP73	RNF157-AS1	0.59106	36.59	0.088	rgb(218,200,200)	1.7149	None
TFCP2L1	LRIG1	0.59092	36.77	0.268	rgb(220,166,166)	1.7184	None
MAFA	CRIP1	0.59078	35.675	0.174	rgb(219,184,184)	1.6967	None
SOX4	ARHGAP9	0.59065	36.15	0.148	rgb(219,189,189)	1.7062	None
NR4A3	NCAM1	0.59051	35.075	0.073	rgb(218,203,203)	1.6849	None
RFX3	NHSL2	0.59037	37.25	0.249	rgb(220,170,170)	1.7279	None
SOX4	IFI44L	0.59023	37.035	0.033	rgb(217,211,211)	1.7237	None
ONECUT3	ALAS2	-0.59009	37.605	-1.1E-01	rgb(194,203,221)	1.735	None
NR4A2	TFPI2	0.58996	33.335	0.333	rgb(221,153,154)	1.6504	None
TFCP2L1	SOGA3	0.58954	35.27	0.268	rgb(220,166,166)	1.6887	None
ZFHX2	AEBP1	-0.58954	35.27	-2.7E-01	rgb(159,182,227)	1.6887	None
ZFP62	LOC100216546	-0.58954	36.525	-2.5E-02	rgb(212,214,218)	1.7136	2,2
NKX6-1	LIN7A	0.5894	37.295	0.296	rgb(220,160,161)	1.7288	None
MXI1	RAB36	-0.58927	32.44	-4.4E-01	rgb(121,159,234)	1.6327	None
NEUROD1	TSPAN11	-0.58913	37.025	-2.7E-02	rgb(211,213,218)	1.7235	None
MAFA	TMEM151B	0.58899	36.66	0.161	rgb(219,186,187)	1.7163	None
PDX1	CDKN1C	0.58885	35.27	0.269	rgb(220,166,166)	1.6887	None
NR4A2	MAST1	-0.58871	33.795	-2.9E-01	rgb(153,178,228)	1.6595	None
PAX6	RTN1	0.58858	34.25	0.249	rgb(220,170,170)	1.6685	None
LMX1A	CHRNB4	-0.58844	37.6	-1.0E-01	rgb(195,204,221)	1.7349	None
TFCP2L1	KIF19	-0.5883	37.57	-6.8E-02	rgb(202,208,220)	1.7343	None
MAFA	SLC12A5	0.58816	37.595	0.097	rgb(218,199,199)	1.7348	None
PAX6	ICA1L	0.58802	37.565	0.067	rgb(218,204,204)	1.7342	None
ZNF492	CBX7	-0.58789	36.245	-2.4E-01	rgb(164,185,226)	1.708	None
LMX1B	SLC30A4	0.58775	37.26	0.261	rgb(220,167,168)	1.7281	None
ZNF846	TMEFF1	-0.58761	36.1	-1.0E-01	rgb(195,204,221)	1.7052	None
GATA4	CAMK2N2	0.58747	37.19	0.189	rgb(219,181,181)	1.7268	None
MAFA	TP73	0.58733	33.325	0.326	rgb(221,155,155)	1.6502	None
PDX1	FAM227A	-0.5872	33.325	-3.3E-01	rgb(146,174,229)	1.6502	None
LHX1	AKT3	-0.58706	37.685	-1.9E-01	rgb(177,192,224)	1.7366	None
TFCP2L1	CCDC74A	0.58692	36.23	0.228	rgb(220,173,174)	1.7077	None
FOXA1	ACTL6B	0.58678	32.415	0.413	rgb(222,138,139)	1.6322	None
GATA4	DPEP1	0.58664	34.24	0.242	rgb(220,171,171)	1.6683	None
NKX2-2	RGS11	-0.58651	35.245	-2.4E-01	rgb(164,185,226)	1.6882	None
POU6F1	ATP13A4	0.58637	32.865	0.365	rgb(221,147,148)	1.6411	None
LHX1	CDH5	0.58623	37.665	0.164	rgb(219,186,186)	1.7362	None
ZFHX2	WDR17	-0.58595	34.655	-1.6E-01	rgb(183,196,223)	1.6765	None
ZFP28	POU2F2	0.58595	37.365	0.367	rgb(221,147,148)	1.7302	None
ONECUT3	MIR137HG	-0.58582	37.055	-5.3E-02	rgb(205,210,219)	1.7241	None
ZFHX2	PDZD4	-0.58568	37.155	-1.6E-01	rgb(183,196,223)	1.7261	None
LHX1	COL12A1	0.5854	34.235	0.233	rgb(220,172,173)	1.6682	None
NR4A2	STK33	0.5854	34.235	0.236	rgb(220,172,172)	1.6682	None
TEAD1	SAMD14	-0.58526	34.835	-3.4E-01	rgb(144,172,230)	1.6801	None
NEUROD1	AMPD3	0.58513	32.41	0.409	rgb(221,139,140)	1.6321	None
NR4A2	FFAR2	-0.58499	35.235	-2.3E-01	rgb(166,186,226)	1.688	None
HSF2	UBL5	-0.58485	33.78	-2.8E-01	rgb(156,180,228)	1.6592	None
TGIF2	TRIM24	0.58471	37.625	0.123	rgb(218,193,194)	1.7354	None
HOXB9	SCT	0.58458	37.57	0.072	rgb(218,203,203)	1.7343	None
GATA4	KCNJ6	0.58444	37.135	0.133	rgb(218,192,192)	1.7257	None
ZNF382	RCOR2	-0.5843	37.635	-1.4E-01	rgb(188,199,222)	1.7356	None
SMAD9	BSN	0.58416	34.825	0.325	rgb(221,155,156)	1.6799	None
PAX6	SEMA6B	0.58402	37.615	0.115	rgb(218,195,195)	1.7352	None
AKNA	AK126286	0.58389	37.215	0.215	rgb(219,176,176)	1.7272	2,2
MYRF	UBBP4	-0.58375	36.41	-4.1E-01	rgb(128,163,233)	1.7113	2,2
POU6F1	CYGB	-0.58361	31.965	-4.6E-01	rgb(117,156,235)	1.6233	None
ZFP82	GOLGA7B	0.58347	34.85	0.35	rgb(221,150,151)	1.6804	None
LHX1	CAMK1G	-0.58333	35.23	-2.3E-01	rgb(167,187,226)	1.6879	None
ZNF846	EFNB3	-0.5832	37.625	-1.3E-01	rgb(190,200,222)	1.7354	None
HSF2	MYEF2	0.58306	32.86	0.362	rgb(221,148,149)	1.641	None
TFCP2L1	SLC30A4	0.58292	36.155	0.157	rgb(219,187,187)	1.7062	None
HSF2	EID1	0.58278	36.415	0.414	rgb(222,138,139)	1.7114	None
NR4A2	MCOLN3	0.58264	37.61	0.113	rgb(218,195,196)	1.7351	None
ASCL2	SSTR3	0.58251	34.23	0.232	rgb(220,173,173)	1.6681	None
LHX1	FTCD	-0.58237	37.555	-5.6E-02	rgb(205,210,219)	1.734	None
HEYL	NEUROD2	0.58223	32.41	0.411	rgb(222,138,139)	1.6321	None
HSF2	FAM131B	-0.58209	34.815	-3.2E-01	rgb(149,175,229)	1.6797	None
HSF2	NDRG4	-0.58195	37.2	-2.0E-01	rgb(174,191,225)	1.7269	None
ONECUT2	CELA3B	0.58182	35.37	0.369	rgb(221,146,147)	1.6907	None
ELF4	GCG	-0.58168	35.21	-2.1E-01	rgb(171,189,225)	1.6875	None
ZNF846	PRKCG	0.58154	37.5	0.002	rgb(217,217,217)	1.7329	None
MAFF	AK093555	-0.5814	34.22	-2.2E-01	rgb(169,188,225)	1.6679	2,2
ARX	RGS14	0.58126	37.02	0.021	rgb(217,213,213)	1.7234	None
ONECUT1	CTAGE15	0.58113	36.785	0.283	rgb(220,163,164)	1.7187	2,2
PAX6	DPP10	-0.58099	37.555	-7.2E-03	rgb(215,216,217)	1.734	None
TFCP2L1	MYBPC3	0.58085	35.695	0.195	rgb(219,180,180)	1.6971	None
ARX	GAD2	0.58057	32.405	0.407	rgb(221,139,140)	1.632	None
NEUROD1	CLPS	0.58057	32.405	0.405	rgb(221,140,140)	1.632	None
TFCP2L1	PDGFD	0.58044	33.775	0.275	rgb(220,164,165)	1.6591	None
RFX3	FABP5	-0.58016	36.77	-2.7E-01	rgb(158,181,227)	1.7184	None
ZNF846	PCYT1B	0.58016	32.4	0.398	rgb(221,141,142)	1.6319	None
NR4A3	EMB	-0.57988	34.825	-3.3E-01	rgb(146,174,229)	1.6799	None
TFCP2L1	TMEM151B	0.57988	35.81	0.309	rgb(220,158,159)	1.6994	None
NR4A2	FAM171A2	0.57975	34.215	0.215	rgb(219,176,176)	1.6678	None
ELF4	ACTN3	-0.57961	36.22	-2.2E-01	rgb(169,188,225)	1.7075	None
EGR3	GLYATL3	-0.57947	36.84	-3.4E-01	rgb(143,172,230)	1.7198	None
SPIB	COL10A1	-0.57933	36.71	-2.1E-01	rgb(172,189,225)	1.7172	None
MAFA	FAM131B	-0.57919	36.21	-2.1E-01	rgb(171,189,225)	1.7073	None
HIC1	WNT6	0.57906	36.62	0.122	rgb(218,194,194)	1.7155	None
NFAT5	AK057596	0.57892	37.335	0.333	rgb(221,153,154)	1.7296	2,2
NEUROG3	SMOC2	0.57878	37.13	0.129	rgb(218,192,193)	1.7256	None
ARNT2	AKT3	0.5785	33.305	0.306	rgb(220,159,159)	1.6498	None
PDX1	SCG2	-0.5785	33.305	-3.1E-01	rgb(151,177,229)	1.6498	None
TFCP2L1	HMGB3	0.57837	35.66	0.16	rgb(219,187,187)	1.6964	None
LMX1A	VCAN	0.57823	33.765	0.266	rgb(220,166,167)	1.6589	None
SOX4	HINT1	0.57809	35.755	0.254	rgb(220,168,169)	1.6983	None
ZFP82	ZCCHC18	-0.57795	35.185	-1.9E-01	rgb(177,193,224)	1.687	None
ETV1	TRPC7	0.57768	36.695	0.196	rgb(219,179,180)	1.7169	None
MAFB	SMARCA1	-0.57768	36.695	-2.0E-01	rgb(174,191,224)	1.7169	None
NPAS3	FLJ22184	0.57754	37.2	0.198	rgb(219,179,180)	1.7269	2,2
NHLH1	NPTXR	0.5774	34.215	0.215	rgb(219,176,176)	1.6678	None
SIM1	CSH2	0.57726	37.16	0.16	rgb(219,186,187)	1.7262	2,2
ELF4	COL21A1	-0.57712	35.75	-2.5E-01	rgb(163,184,227)	1.6982	None
ONECUT2	HOPX	0.57685	36.875	0.377	rgb(221,145,146)	1.7205	None
SOX4	PER2	0.57685	37.37	0.368	rgb(221,147,147)	1.7303	None
HSF2	POU6F1	-0.57657	35.18	-1.8E-01	rgb(178,193,224)	1.6869	None
MAFB	BCRP3	-0.57657	35.18	-1.8E-01	rgb(178,193,224)	1.6869	None
LHX1	ADNP	0.57643	36.28	0.28	rgb(220,163,164)	1.7087	None
NR4A2	GAL	0.5763	36.775	0.275	rgb(220,165,165)	1.7185	None
LHX1	GFRA3	-0.57616	37.255	-2.5E-01	rgb(162,183,227)	1.728	None
TP73	NR4A3	0.57602	35.745	0.243	rgb(220,171,171)	1.6981	None
GATA4	GCH1	0.57575	32.845	0.347	rgb(221,151,151)	1.6407	None
LMX1B	DGKB	0.57575	32.845	0.347	rgb(221,151,151)	1.6407	None
MAFB	NKX6-1	0.57561	32.395	0.395	rgb(221,141,142)	1.6318	None
NR4A2	LRRN2	-0.57547	36.66	-1.6E-01	rgb(183,196,223)	1.7163	None
ZFHX2	KCNH8	-0.57533	36.54	-3.9E-02	rgb(209,212,218)	1.7139	None
SMAD9	EGR3	-0.57519	33.765	-2.6E-01	rgb(160,182,227)	1.6589	None
MLXIPL	ID2	-0.57506	34.78	-2.8E-01	rgb(156,180,228)	1.679	None
FEV	FAXC	0.57492	37.17	0.169	rgb(219,185,185)	1.7264	None
ELF4	HLA-DPA1	-0.57478	33.3	-3.0E-01	rgb(152,178,228)	1.6497	None
ZNF846	TMEM190	-0.57464	37.235	-2.3E-01	rgb(166,186,226)	1.7276	None
ZFP82	CTTNBP2	-0.5745	36.79	-2.9E-01	rgb(154,179,228)	1.7188	None
SMAD9	ARHGAP9	0.57437	37.225	0.227	rgb(220,174,174)	1.7274	None
HSF2	SNED1	-0.57423	37.23	-2.3E-01	rgb(167,186,226)	1.7275	None
RORC	LRFN1	-0.57409	35.285	-2.8E-01	rgb(155,180,228)	1.689	None
NEUROG3	BTBD17	0.57395	31.94	0.438	rgb(222,133,134)	1.6228	None
EGR3	HGFAC	0.57381	34.78	0.278	rgb(220,164,164)	1.679	None
ZFP82	ETS1	0.57368	34.77	0.268	rgb(220,166,166)	1.6788	None
RFX2	MAPK8IP1	0.57354	33.76	0.26	rgb(220,167,168)	1.6588	None
ZNF846	MIAT	-0.5734	36.36	-3.6E-01	rgb(139,170,231)	1.7103	None
NR4A2	GPC6	-0.57326	35.15	-1.5E-01	rgb(184,197,223)	1.6863	None
ZNF519	GRIK5	-0.57312	37.195	-1.9E-01	rgb(175,192,224)	1.7268	None
ARX	AKNA	0.57299	34.37	0.368	rgb(221,147,147)	1.6709	None
EGR3	SYN1	-0.57285	36.755	-2.5E-01	rgb(162,184,227)	1.7181	None
GATA6	DPEP1	0.57257	37.2	0.198	rgb(219,179,180)	1.7269	None
ZNF117	AK125301	0.57257	32.385	0.387	rgb(221,143,144)	1.6316	2,2
ZFHX2	PKIA	-0.57243	36.325	-3.2E-01	rgb(147,174,229)	1.7096	None
LMX1B	NEFL	0.57216	37.065	0.065	rgb(218,205,205)	1.7243	None
MAFA	KCNK16	-0.57216	36.22	-2.2E-01	rgb(169,188,225)	1.7075	None
EGR3	DYNC1I1	0.57202	34.77	0.269	rgb(220,166,166)	1.6788	None
HSF2	ACSS3	-0.57174	34.76	-2.6E-01	rgb(161,183,227)	1.6786	None
SOX4	HES4	0.57174	32.385	0.384	rgb(221,144,144)	1.6316	None
ONECUT2	PKIA	0.57161	37.205	0.205	rgb(219,178,178)	1.727	None
MAFB	PLXNC1	0.57147	34.195	0.196	rgb(219,180,180)	1.6674	None
RORC	OLFML2B	0.57133	33.75	0.25	rgb(220,169,170)	1.6586	None
ETS1	FBXL16	-0.57119	36.75	-2.5E-01	rgb(163,184,227)	1.718	None
NEUROD2	PLCG2	0.57105	35.835	0.337	rgb(221,153,153)	1.6999	None
MAFA	CACNA1H	0.57092	37.13	0.13	rgb(218,192,192)	1.7256	None
NEUROD1	IL17C	-0.57078	35.515	-1.3E-02	rgb(214,215,217)	1.6936	None
HIC1	NAALADL1	-0.57064	35.69	-1.9E-01	rgb(176,192,224)	1.697	None
LHX1	ARHGAP22	-0.5705	35.715	-2.2E-01	rgb(170,188,225)	1.6975	None
NHLH1	SH2D3C	0.57036	36.11	0.108	rgb(218,196,197)	1.7054	None
ASCL1	KCNN3	0.57023	35.815	0.313	rgb(220,157,158)	1.6995	None
FEV	DACH1	0.57009	32.38	0.382	rgb(221,144,145)	1.6315	None
PDX1	LINGO1	-0.56981	34.75	-2.5E-01	rgb(163,184,226)	1.6784	None
TFCP2L1	GGT5	0.56981	36.105	0.103	rgb(218,197,197)	1.7053	None
NFAT5	SLC14A2	-0.56967	37.015	-1.3E-02	rgb(214,215,218)	1.7233	None
ONECUT3	FAM171A2	0.56954	36.91	0.41	rgb(222,139,139)	1.7212	None
ATF6	CCDC74B	0.5694	36.28	0.281	rgb(220,163,164)	1.7087	None
FEV	NACAD	0.56926	32.38	0.381	rgb(221,144,145)	1.6315	None
ONECUT1	SIDT1	-0.56912	35.245	-2.5E-01	rgb(163,184,226)	1.6882	None
GATA6	TRIM35	-0.56885	35.385	-3.9E-01	rgb(133,166,232)	1.691	None
PDX1	GADD45A	0.56885	35.385	0.384	rgb(221,144,144)	1.691	None
GATA4	MUC15	-0.56871	37.145	-1.5E-01	rgb(185,198,223)	1.7259	None
ZNF117	AK311213	0.56843	35.75	0.249	rgb(220,169,170)	1.6982	2,2
ZNF382	AP3B2	-0.56843	31.925	-4.2E-01	rgb(125,161,233)	1.6225	None
SMAD9	PLXNC1	-0.56829	36.19	-1.9E-01	rgb(176,192,224)	1.7069	None
RFX3	BRS3	0.56816	36.62	0.121	rgb(218,194,194)	1.7155	None
EGR3	CORO2B	0.56802	36.8	0.301	rgb(220,160,160)	1.719	None
ELF4	BEND5	0.56788	36.04	0.038	rgb(217,210,210)	1.704	None
ZNF492	SIDT1	-0.56774	36.785	-2.8E-01	rgb(155,179,228)	1.7187	None
EGR3	KCNF1	0.5676	34.145	0.145	rgb(219,189,190)	1.6664	None
EGR3	PHLDA2	0.56747	32.825	0.323	rgb(221,155,156)	1.6403	None
SMAD9	HSF2	-0.56733	35.34	-3.4E-01	rgb(143,172,230)	1.6901	None
LHX1	MYRF	0.56719	35.925	0.424	rgb(222,136,137)	1.7017	None
ZFP82	FLT1	0.56705	34.735	0.235	rgb(220,172,173)	1.6781	None
ETS1	RNF157-AS1	-0.56692	31.935	-4.3E-01	rgb(123,160,234)	1.6227	None
HSF2	NNMT	0.56678	35.725	0.226	rgb(219,174,174)	1.6977	None
ZFHX2	BASP1	0.56664	33.735	0.236	rgb(220,172,172)	1.6583	None
NEUROD1	KIAA1324	0.5665	34.91	0.411	rgb(222,138,139)	1.6816	None
HOXB9	IFI44	0.56636	37.1	0.098	rgb(218,198,199)	1.725	None
NR4A2	NPY	-0.56623	36.57	-7.1E-02	rgb(202,208,220)	1.7145	None
NFAT5	TCEAL1	0.56609	37.05	0.051	rgb(218,207,207)	1.724	None
FOXA1	ICA1L	0.56595	35.29	0.289	rgb(220,162,162)	1.6891	None
HSF2	COL22A1	-0.56581	35.745	-2.4E-01	rgb(164,185,226)	1.6981	None
EGR3	CBX2	0.56567	36.765	0.267	rgb(220,166,167)	1.7183	None
ARNT2	CELF5	-0.56554	35.195	-1.9E-01	rgb(175,191,224)	1.6872	None
ETS1	KNDC1	0.5654	37.085	0.083	rgb(218,201,201)	1.7247	None
NR4A2	ATP1A3	-0.56526	35.28	-2.8E-01	rgb(156,180,228)	1.6889	None
MAFB	PAPPA2	0.56512	37.095	0.095	rgb(218,199,199)	1.7249	None
HOXB9	GAL	0.56498	35.63	0.128	rgb(218,193,193)	1.6959	None
AEBP1	FAM65C	0.56485	36.75	0.252	rgb(220,169,169)	1.718	2,2
ZNF846	SUSD2	-0.56471	37.09	-9.0E-02	rgb(198,205,220)	1.7248	None
LMX1A	BRSK2	-0.56443	34.115	-1.2E-01	rgb(192,202,221)	1.6658	None
ZFHX2	TMEM70	-0.56443	33.275	-2.8E-01	rgb(157,180,228)	1.6492	None
ARX	CD200	-0.56429	32.82	-3.2E-01	rgb(148,175,229)	1.6402	None
PDX1	CAMK1G	0.56416	36.66	0.159	rgb(219,187,187)	1.7163	None
MAFB	TMEM132B	0.56402	36.61	0.109	rgb(218,196,196)	1.7153	None
NEUROD2	EVA1A	0.56388	37.06	0.06	rgb(218,206,206)	1.7242	None
NKX6-1	HOPX	-0.56374	36.69	-1.9E-01	rgb(175,192,224)	1.7168	None
TFCP2L1	MAST1	0.5636	36.73	0.228	rgb(220,173,174)	1.7176	None
PAX6	GNG2	-0.56333	32.365	-3.6E-01	rgb(138,169,231)	1.6312	None
ZNF382	ATP1A3	-0.56333	32.365	-3.6E-01	rgb(138,169,231)	1.6312	None
TFCP2L1	HOMEZ	-0.56319	36.725	-2.3E-01	rgb(168,187,226)	1.7175	None
LHX1	CHRNB4	-0.56305	37.075	-7.6E-02	rgb(201,207,220)	1.7245	None
SMAD9	STMN3	0.56291	36.21	0.212	rgb(219,177,177)	1.7073	None
LHX1	SOGA3	0.5625	37.07	0.069	rgb(218,204,204)	1.7244	None
PRDM16	AK5	-0.5625	35.815	-3.1E-01	rgb(149,175,229)	1.6995	None
TFCP2L1	SCG5	0.5625	36.635	0.136	rgb(218,191,191)	1.7158	None
TFCP2L1	COL16A1	-0.56236	35.685	-1.9E-01	rgb(177,192,224)	1.6969	None
SMAD9	KIRREL3	0.56222	36.72	0.221	rgb(219,175,175)	1.7174	None
ETS1	IL17C	-0.56209	36.105	-1.0E-01	rgb(194,203,221)	1.7053	None
MAFB	IFI44L	0.56195	37.05	0.05	rgb(218,207,208)	1.724	None
MAFA	CHRNA1	0.56167	35.57	0.072	rgb(218,203,203)	1.6947	None
MAFA	PPP1R14A	0.56167	31.92	0.42	rgb(222,137,138)	1.6224	None
ZFHX2	PMP22	0.56153	35.555	0.054	rgb(218,207,207)	1.6944	None
MAFB	CCDC74A	0.5614	36.315	0.315	rgb(220,157,158)	1.7094	None
ZFHX2	SLC38A3	-0.56126	35.765	-2.6E-01	rgb(160,182,227)	1.6985	None
NR4A2	RGS14	0.56098	36.695	0.196	rgb(219,179,180)	1.7169	None
NR4A3	FKBP7	-0.56098	35.535	-3.5E-02	rgb(209,212,218)	1.694	None
LHX1	ADAM12	-0.56084	34.8	-3.0E-01	rgb(151,177,228)	1.6794	None
GATA4	GPC6	-0.56071	36.185	-1.9E-01	rgb(177,192,224)	1.7068	None
ZFHX2	TTLL6	0.56057	36.61	0.111	rgb(218,196,196)	1.7153	None
ELF4	CPLX2	-0.56043	36.15	-1.5E-01	rgb(184,197,223)	1.7062	None
ZNF846	DUSP2	-0.56029	34.13	-1.3E-01	rgb(189,200,222)	1.6661	None
POU6F1	BIVM-ERCC5	0.56015	33.715	0.213	rgb(219,176,177)	1.6579	None
NR4A2	SCT	-0.56002	36.67	-1.7E-01	rgb(180,195,223)	1.7165	None
FEV	TRPC7	0.55988	36.175	0.177	rgb(219,183,183)	1.7066	None
HIC1	SPAG8	0.55974	33.915	0.415	rgb(222,138,139)	1.6619	None
PBX1	MPP2	-0.5596	36.53	-2.9E-02	rgb(211,213,218)	1.7137	None
ONECUT3	BCAT1	0.55946	36.52	0.022	rgb(217,213,213)	1.7135	None
LMX1B	RUNX1T1	0.55933	36.16	0.159	rgb(219,187,187)	1.7063	None
PAX6	ACE	-0.55919	36.125	-1.3E-01	rgb(190,200,222)	1.7057	None
ZNF492	LOC100128288	0.55905	35.355	0.353	rgb(221,150,150)	1.6904	2,2
ZFP90	LINGO1	-0.55891	34.675	-1.7E-01	rgb(179,194,224)	1.6769	None
GLIS2	KCNN3	-0.55877	36.255	-2.5E-01	rgb(162,184,227)	1.7082	None
ETS1	CTPS1	-0.55836	32.355	-3.6E-01	rgb(140,170,231)	1.631	None
LMX1A	GIP	0.55836	31.905	0.404	rgb(221,140,141)	1.6221	None
ZNF382	KCNN3	-0.55836	32.355	-3.6E-01	rgb(140,170,231)	1.631	None
TFCP2L1	TEAD2	0.55808	36.41	0.411	rgb(222,138,139)	1.7113	None
TFCP2L1	TMOD1	-0.55808	34.67	-1.7E-01	rgb(180,195,223)	1.6768	None
MAFB	NACAD	0.55795	36.375	0.373	rgb(221,146,147)	1.7106	None
GATA6	EPM2A	-0.55781	36.225	-2.3E-01	rgb(168,187,226)	1.7076	None
ETS1	GPR148	0.55767	35.84	0.34	rgb(221,152,153)	1.7	None
RFX2	FAM171B	0.55753	36.67	0.172	rgb(219,184,185)	1.7165	None
FOXA2	CSH1	0.55726	33.705	0.206	rgb(219,178,178)	1.6577	None
MAFB	CAMK1G	0.55726	33.705	0.203	rgb(219,178,179)	1.6577	None
ELF4	NHLH1	0.55712	36.53	0.031	rgb(217,211,211)	1.7137	None
NEUROD1	TOX	0.55671	31.895	0.396	rgb(221,141,142)	1.6219	None
NEUROG3	TP73	0.55671	31.895	0.397	rgb(221,141,142)	1.6219	None
ONECUT1	SLC25A53	0.55671	31.895	0.395	rgb(221,142,142)	1.6219	None
NR4A2	GRIK5	-0.55657	36.56	-5.9E-02	rgb(204,209,219)	1.7143	None
HSF2	HCN4	-0.55643	35.045	-4.3E-02	rgb(208,211,219)	1.6843	None
HIF1A	USP32P2	-0.55629	36.32	-3.2E-01	rgb(147,174,229)	1.7095	None
FOXA1	CDH5	-0.55602	31.9	-4.0E-01	rgb(131,164,232)	1.622	None
HIF1A	CPA1	-0.55602	34.755	-2.6E-01	rgb(162,183,227)	1.6785	None
GATA4	COL10A1	0.55588	35.19	0.19	rgb(219,181,181)	1.6871	None
RFX2	GRIN1	-0.55574	34.275	-2.7E-01	rgb(158,181,227)	1.669	None
LHX1	USH2A	-0.5556	32.35	-3.5E-01	rgb(141,171,230)	1.6309	None
ETV1	NR4A3	0.55533	34.93	0.429	rgb(222,135,136)	1.682	None
LMX1A	VSTM4	0.55533	36.7	0.202	rgb(219,178,179)	1.717	None
MXI1	RSPH4A	0.55519	35.695	0.194	rgb(219,180,180)	1.6971	None
LMX1A	SHC3	0.55505	34.92	0.418	rgb(222,137,138)	1.6818	None
FEV	RGS4	0.55491	33.255	0.254	rgb(220,169,169)	1.6488	None
LHX1	GAL	-0.55477	36.6	-1.0E-01	rgb(195,204,221)	1.7151	None
EGR3	FOXA2	0.55464	36.68	0.18	rgb(219,183,183)	1.7166	None
PBX1	KCNJ2	-0.5545	36.21	-2.1E-01	rgb(172,190,225)	1.7073	None
ZNF519	FAM155B	-0.55436	36.595	-9.4E-02	rgb(197,205,221)	1.715	None
NR4A2	FUT7	0.55422	34.255	0.256	rgb(220,168,169)	1.6686	None
EGR3	LEFTY1	-0.55408	34.89	-3.9E-01	rgb(132,166,232)	1.6812	None
MAFA	VOPP1	0.55395	36.69	0.191	rgb(219,180,181)	1.7168	None
TGIF2	GPC6	0.55381	36.27	0.271	rgb(220,165,166)	1.7085	None
LMX1A	ZNF519	0.55367	34.605	0.105	rgb(218,197,197)	1.6755	None
POU6F1	SULT2A1	-0.55353	35.775	-2.8E-01	rgb(157,181,227)	1.6987	None
SMAD9	ZNF519	-0.55339	36.195	-1.9E-01	rgb(175,191,224)	1.707	None
SOX4	MYBPC3	0.55326	36.09	0.092	rgb(218,199,200)	1.705	None
EGR3	CBX4	0.55284	32.345	0.343	rgb(221,151,152)	1.6308	None
NR4A2	DENND2A	0.55284	32.345	0.344	rgb(221,151,152)	1.6308	None
TEAD1	KIF5A	-0.55284	32.345	-3.4E-01	rgb(142,172,230)	1.6308	None
ONECUT1	ELFN1	0.5527	36.66	0.16	rgb(219,186,187)	1.7163	None
PAX6	SLC12A5	0.55257	34.585	0.086	rgb(218,201,201)	1.6752	None
MAFF	CD99L2	-0.55243	36.56	-5.9E-02	rgb(204,209,219)	1.7143	None
LMX1B	SLC38A3	0.55215	35.24	0.239	rgb(220,171,172)	1.6881	None
NKX2-2	SSTR1	-0.55215	36.25	-2.5E-01	rgb(163,184,226)	1.7081	None
ARX	NEFL	0.55201	36.63	0.132	rgb(218,192,192)	1.7157	None
RORC	SPC25	-0.55188	34.565	-6.5E-02	rgb(203,208,219)	1.6748	None
TEAD1	SYNM	0.55174	34.825	0.323	rgb(221,155,156)	1.6799	None
ZNF492	SGSM1	0.5516	36.27	0.271	rgb(220,165,166)	1.7085	None
PAX6	TOX	-0.55132	35.4	-4.0E-01	rgb(131,164,232)	1.6913	None
ZNF846	SCGN	-0.55132	35.795	-3.0E-01	rgb(153,178,228)	1.6991	None
HIC1	OSBPL6	0.55119	34.24	0.241	rgb(220,171,171)	1.6683	None
HSF2	SYN1	-0.55105	36.55	-5.2E-02	rgb(206,210,219)	1.7141	None
ELF4	NFRKB	-0.55091	34.515	-1.6E-02	rgb(214,215,218)	1.6738	None
AEBP1	MUC5AC	-0.55077	36.2	-2.0E-01	rgb(174,191,225)	1.7071	2,2
NR4A2	TMEM145	-0.55063	33.245	-2.5E-01	rgb(163,184,226)	1.6486	None
POU2F2	ZBTB4	0.5505	36.23	0.23	rgb(220,173,174)	1.7077	None
SMAD9	ACSL6	-0.55036	35.36	-3.6E-01	rgb(139,170,231)	1.6905	None
MAFA	THBS4	0.55022	33.875	0.373	rgb(221,146,146)	1.6611	None
SMAD9	GNAO1	0.54994	33.835	0.337	rgb(221,153,153)	1.6603	None
SOX4	PDGFD	-0.54994	33.835	-3.4E-01	rgb(144,173,230)	1.6603	None
ATF5	AK024092	-0.54981	33.68	-1.8E-01	rgb(178,193,224)	1.6572	2,2
RFX6	CAMKV	0.54967	31.44	0.441	rgb(222,133,134)	1.6129	None
EGR3	RCOR2	0.54953	33.67	0.171	rgb(219,184,185)	1.657	None
RORC	TMEM145	0.54939	35.13	0.132	rgb(218,192,192)	1.6859	None
EGR3	AVPR1B	-0.54925	32.785	-2.8E-01	rgb(156,180,228)	1.6395	None
MLXIPL	FJX1	0.54912	33.24	0.238	rgb(220,172,172)	1.6485	None
NHLH1	MAST1	-0.54898	35.725	-2.3E-01	rgb(168,187,226)	1.6977	None
FOXA1	PYY	0.54884	34.41	0.408	rgb(221,139,140)	1.6717	None
NR4A2	BGN	-0.5487	36.535	-3.3E-02	rgb(210,213,218)	1.7138	None
HSF2	ARHGAP9	0.54857	34.395	0.394	rgb(221,142,143)	1.6714	None
NR4A3	BGN	0.54843	33.67	0.17	rgb(219,185,185)	1.657	None
ZFP28	WNK3	0.54829	35.195	0.195	rgb(219,180,180)	1.6872	None
HSF2	TSHZ1	0.54815	34.365	0.367	rgb(221,147,148)	1.6708	None
TEAD1	FAM171A2	-0.54801	36.115	-1.1E-01	rgb(192,202,221)	1.7055	None
EGR3	REEP2	-0.54788	34.69	-1.9E-01	rgb(176,192,224)	1.6772	None
MAFA	CLSTN2	-0.54774	35.585	-8.7E-02	rgb(198,205,220)	1.695	None
ETS1	GPR155	0.5476	32.78	0.28	rgb(220,164,164)	1.6394	None
SIM1	KIAA2022	0.54746	31.875	0.376	rgb(221,145,146)	1.6215	2,2
SOX4	IMPG1	-0.54732	33.645	-1.4E-01	rgb(186,198,222)	1.6565	None
HHEX	INA	0.54719	32.335	0.334	rgb(221,153,154)	1.6306	2,2
EGR3	PTP4A3	-0.54691	33.23	-2.3E-01	rgb(167,187,226)	1.6483	None
NKX6-1	CAND2	0.54691	33.23	0.228	rgb(220,173,174)	1.6483	None
MAFB	STMN4	0.54677	36.06	0.061	rgb(218,205,205)	1.7044	None
ETS1	PTP4A3	-0.54663	36.195	-1.9E-01	rgb(175,191,224)	1.707	None
SPIB	DUSP2	0.5465	35.185	0.187	rgb(219,181,182)	1.687	None
MAFA	RTN4RL1	-0.54622	34.745	-2.4E-01	rgb(164,185,226)	1.6783	None
ZNF519	C1QL1	-0.54622	34.745	-2.4E-01	rgb(164,185,226)	1.6783	None
TEAD2	MAPK4	-0.54608	35.71	-2.1E-01	rgb(171,189,225)	1.6974	None
HIC1	SSTR1	-0.54594	35.27	-2.7E-01	rgb(158,181,227)	1.6887	None
RORC	WNT9A	0.54581	33.225	0.226	rgb(219,174,174)	1.6482	None
ETV1	TMEM145	0.54553	32.325	0.327	rgb(221,154,155)	1.6304	None
TFCP2L1	METTL21EP	0.54553	32.325	0.325	rgb(221,155,156)	1.6304	None
LMX1B	ACOT7	0.54539	36.5	0	rgb(217,217,217)	1.7131	None
ONECUT2	CD300LF	-0.54525	33.8	-3.0E-01	rgb(152,177,228)	1.6596	None
EGR3	NTNG2	-0.54512	33.795	-2.9E-01	rgb(153,178,228)	1.6595	None
ZNF846	EIF4EBP3	0.54498	36.3	0.298	rgb(220,160,161)	1.7091	None
LHX1	LINC00939	-0.54484	31.42	-4.2E-01	rgb(125,161,233)	1.6125	None
NR4A2	G0S2	-0.5447	35.135	-1.4E-01	rgb(188,199,222)	1.686	None
EGR3	PAK6	0.54456	34.72	0.218	rgb(219,175,176)	1.6778	None
ZFP92	PYY	-0.54443	35.65	-1.5E-01	rgb(185,197,223)	1.6962	None
TGIF2	WDR17	0.54429	36.17	0.168	rgb(219,185,185)	1.7065	None
ZFHX2	CYMP	-0.54415	36.07	-7.1E-02	rgb(202,208,220)	1.7046	None
TEAD1	ADAM12	-0.54401	33.515	-1.7E-02	rgb(213,215,218)	1.654	None
SMAD9	DLL4	0.54387	34.705	0.204	rgb(219,178,178)	1.6775	None
LHX1	CRY2	0.54374	35.805	0.305	rgb(220,159,159)	1.6993	None
NR4A2	APLN	-0.5436	35.725	-2.2E-01	rgb(168,187,226)	1.6977	None
GATA2	MIR137HG	0.54332	36.23	0.229	rgb(220,173,174)	1.7077	None
NR4A2	WDR17	0.54332	36.225	0.227	rgb(219,174,174)	1.7076	None
CBX2	PCDHB10	0.54318	36.06	0.059	rgb(218,206,206)	1.7044	2,2
ELF4	HEYL	-0.54291	32.315	-3.1E-01	rgb(149,175,229)	1.6302	None
GATA4	TRPM2	0.54291	35.635	0.133	rgb(218,192,192)	1.6959	None
LHX1	PAX6	-0.54277	35.63	-1.3E-01	rgb(189,200,222)	1.6959	None
LHX1	HCN4	0.54263	35.785	0.286	rgb(220,162,163)	1.6989	None
SMAD9	CACNA1E	0.54249	35.18	0.181	rgb(219,182,183)	1.6869	None
LMX1B	CAMK1G	0.54236	35.535	0.033	rgb(217,211,211)	1.694	None
NKX2-2	STXBP1	-0.54222	36.15	-1.5E-01	rgb(185,197,223)	1.7062	None
GATA4	CCDC146	0.54208	32.315	0.316	rgb(220,157,157)	1.6302	None
HSF2	ATP13A4	0.54194	36.005	0.003	rgb(217,216,216)	1.7033	None
NHLH1	RSPH4A	-0.5418	35.7	-2.0E-01	rgb(173,191,225)	1.6972	None
NFAT5	SHF	-0.54167	36.215	-2.2E-01	rgb(170,188,225)	1.7074	None
MAFB	RASD1	0.54153	33.2	0.201	rgb(219,179,179)	1.6477	None
GATA4	DTX1	-0.54139	34.67	-1.7E-01	rgb(181,195,223)	1.6768	None
SOX4	ZMYM2	0.54125	31.405	0.404	rgb(221,140,141)	1.6122	None
MAFA	SMOC2	0.54111	34.36	0.359	rgb(221,149,149)	1.6707	None
ONECUT1	CCDC162P	0.54098	36.085	0.085	rgb(218,201,201)	1.7049	None
ZFHX2	NKAIN1	0.54084	34.765	0.266	rgb(220,166,167)	1.6787	None
ONECUT3	AL832439	0.5407	34.26	0.261	rgb(220,167,168)	1.6687	2,2
RFX6	MS4A8	0.54056	30.975	0.475	rgb(222,126,127)	1.6036	None
RFX3	NACAD	0.54042	33.39	0.39	rgb(221,142,143)	1.6515	None
GATA4	KCNH8	0.54029	31.855	0.357	rgb(221,149,150)	1.6211	None
ZNF382	NPAS3	-0.54015	32.31	-3.1E-01	rgb(149,176,229)	1.6301	None
TGIF2	PGA5	0.54001	33.385	0.385	rgb(221,143,144)	1.6514	None
NR4A2	CERS6-AS1	-0.53987	35.255	-2.6E-01	rgb(161,183,227)	1.6884	2,2
GATA2	GPR162	0.53974	33.765	0.265	rgb(220,166,167)	1.6589	None
PAX6	KCNJ6	-0.5396	36.055	-5.4E-02	rgb(205,210,219)	1.7043	None
MAFA	RPS6KL1	0.53946	35.72	0.221	rgb(219,175,175)	1.6976	None
TEAD2	MAPK10	0.53932	35.7	0.198	rgb(219,179,179)	1.6972	None
NEUROD2	GRAP2	0.53918	33.375	0.373	rgb(221,146,147)	1.6512	None
ONECUT1	LOC100216546	0.53905	34.745	0.244	rgb(220,170,171)	1.6783	2,2
NR4A2	GRIN1	-0.53891	36.175	-1.7E-01	rgb(179,194,224)	1.7066	None
EGR3	SLC35F3	-0.53877	34.315	-3.2E-01	rgb(148,175,229)	1.6698	None
LMX1A	IFI6	-0.53863	33.37	-3.7E-01	rgb(137,168,231)	1.6511	None
EGR3	SOCS1	-0.53849	35.765	-2.6E-01	rgb(160,182,227)	1.6985	None
EGR3	GDF1	-0.53836	33.745	-2.4E-01	rgb(164,185,226)	1.6585	None
PDX1	KLHL32	0.53822	33.365	0.364	rgb(221,147,148)	1.651	None
MAFA	SCIMP	0.53808	34.05	0.049	rgb(218,208,208)	1.6646	None
LMX1A	SCG2	0.53794	31.405	0.403	rgb(221,140,141)	1.6122	None
FEV	PEX5L	0.53767	31.85	0.352	rgb(221,150,150)	1.621	None
RFX6	VWA5B2	0.53767	31.85	0.351	rgb(221,150,151)	1.621	None
GATA2	LTF	-0.53753	34.705	-2.0E-01	rgb(173,190,225)	1.6775	None
NFAT5	TSSK4	0.53739	33.75	0.25	rgb(220,169,170)	1.6586	None
TEAD1	DHRS2	-0.53725	35.685	-1.8E-01	rgb(177,193,224)	1.6969	None
ZNF846	LRAT	-0.53711	35.215	-2.2E-01	rgb(170,188,225)	1.6876	None
RORC	CBX4	0.53698	34.715	0.214	rgb(219,176,177)	1.6777	None
SOX4	CACNA2D1	0.53684	35.37	0.37	rgb(221,146,147)	1.6907	None
NR4A3	OR51E1	0.5367	34.71	0.212	rgb(219,177,177)	1.6776	None
MYT1	SEPT5-GP1BB	0.53656	32.75	0.25	rgb(220,169,170)	1.6388	2,2
ETS1	OSBPL6	0.53642	35.615	0.115	rgb(218,195,195)	1.6956	None
GATA4	CERS1	0.53629	35.61	0.111	rgb(218,196,196)	1.6955	None
CXXC4	LIMD2	-0.53615	34.8	-3.0E-01	rgb(151,177,228)	1.6794	2,2
NR4A2	PLXNC1	-0.53601	35.605	-1.0E-01	rgb(195,203,221)	1.6954	None
ONECUT2	CELA3A	-0.53587	35.655	-1.5E-01	rgb(184,197,223)	1.6963	None
HSF2	CHST8	-0.53573	33.165	-1.6E-01	rgb(182,195,223)	1.647	None
ARNT2	CHRNB2	-0.53546	34.205	-2.1E-01	rgb(172,190,225)	1.6676	None
EGR3	CDKN1A	-0.53546	35.79	-2.9E-01	rgb(155,179,228)	1.699	None
HSF2	STARD8	-0.53532	36.08	-8.2E-02	rgb(199,206,220)	1.7048	None
GATA4	LGI3	0.53504	32.295	0.294	rgb(220,161,161)	1.6298	None
POU2F2	GCG	-0.53504	32.295	-2.9E-01	rgb(153,178,228)	1.6298	None
LHX1	CERKL	0.53491	35.19	0.192	rgb(219,180,181)	1.6871	None
LMX1A	KIF5A	-0.53463	31.845	-3.4E-01	rgb(142,172,230)	1.6209	None
ZFHX2	NEFL	-0.53463	32.3	-3.0E-01	rgb(152,177,228)	1.6299	None
FOXP2	LMO3	0.53449	35.225	0.223	rgb(219,174,175)	1.6878	None
ETS1	TMEFF1	0.53435	34.26	0.259	rgb(220,168,168)	1.6687	None
HSF2	PYY	-0.53422	35.765	-2.6E-01	rgb(160,182,227)	1.6985	None
GATA2	PTPRN	0.53408	32.74	0.239	rgb(220,171,172)	1.6386	None
FEV	BEND5	0.53394	35.635	0.135	rgb(218,191,191)	1.6959	None
ONECUT3	TOX	-0.5338	35.76	-2.6E-01	rgb(160,182,227)	1.6984	None
ONECUT3	TFCP2L1	0.53366	35.275	0.277	rgb(220,164,165)	1.6888	None
ZFP82	GPC6	-0.53353	35.18	-1.8E-01	rgb(177,193,224)	1.6869	None
ZNF492	TMPRSS6	-0.53339	35.285	-2.9E-01	rgb(155,179,228)	1.689	None
ZFP82	ELAVL3	0.53325	31.39	0.39	rgb(221,143,143)	1.6119	None
POU2F2	UNC5D	-0.53297	35.695	-1.9E-01	rgb(175,191,224)	1.6971	None
ZNF846	MCF2L	0.53297	34.77	0.269	rgb(220,166,166)	1.6788	None
ELF4	FAM71E2	-0.53284	35.7	-2.0E-01	rgb(174,191,225)	1.6972	None
ZNF492	NCALD	-0.5327	35.265	-2.6E-01	rgb(160,182,227)	1.6886	None
ONECUT3	FGF2	0.53256	34.175	0.177	rgb(219,183,184)	1.667	None
ZFP82	ARNT2	0.53242	32.29	0.288	rgb(220,162,162)	1.6297	None
ATF6	AK074396	0.53228	36	0	rgb(217,217,217)	1.7032	2,2
MAFF	PAM	-0.53215	35.52	-2.2E-02	rgb(212,214,218)	1.6937	None
ZFP82	FAM171B	0.53201	32.735	0.236	rgb(220,172,172)	1.6385	None
MAFB	TMEM145	0.53187	36.065	0.063	rgb(218,205,205)	1.7045	None
ONECUT3	SPINK4	-0.53173	36.045	-4.4E-02	rgb(207,211,219)	1.7041	None
PDX1	KDM1A	-0.53159	35.68	-1.8E-01	rgb(178,193,224)	1.6968	None
AKNA	AK024119	0.53132	36	0	rgb(217,217,217)	1.7032	2,2
MAFA	DOK6	0.53132	36	0	rgb(217,217,217)	1.7032	None
MAFA	TMEM178B	-0.53118	35.155	-1.6E-01	rgb(183,196,223)	1.6864	None
LHX1	RPLP0P2	-0.53104	34.635	-1.3E-01	rgb(188,199,222)	1.6761	None
PRDM16	EIF4EBP3	-0.53091	33.82	-3.2E-01	rgb(148,175,229)	1.66	None
ATF6	NPY	-0.53077	35.15	-1.5E-01	rgb(184,197,223)	1.6863	None
RFX3	CLGN	0.53063	34.89	0.389	rgb(221,143,144)	1.6812	None
ELF4	ASRGL1	-0.53049	34.605	-1.0E-01	rgb(194,203,221)	1.6755	None
GATA4	ACTN3	-0.53022	32.73	-2.3E-01	rgb(167,187,226)	1.6384	None
NR4A3	NPY	0.53022	32.73	0.231	rgb(220,173,173)	1.6384	None
LMX1B	ABCA9	0.53008	35.925	0.423	rgb(222,136,137)	1.7017	None
NR4A2	POU2F2	0.52994	31.385	0.384	rgb(221,144,144)	1.6118	None
ELF4	USH2A	-0.5298	35.295	-2.9E-01	rgb(153,178,228)	1.6892	None
LMX1A	UNC79	0.52966	34.575	0.076	rgb(218,202,203)	1.675	None
ELF4	SPIB	-0.52953	34.14	-1.4E-01	rgb(186,198,222)	1.6663	None
HSF2	RASD1	-0.52925	33.1	-1.0E-01	rgb(195,204,221)	1.6457	None
TFCP2L1	BTBD17	-0.52925	33.145	-1.5E-01	rgb(186,198,223)	1.6466	None
ZNF519	NAALADL1	0.52911	35.31	0.312	rgb(220,157,158)	1.6895	None
GATA6	SPRED3	-0.52897	31.385	-3.8E-01	rgb(134,166,232)	1.6118	None
TEAD1	TCTEX1D4	-0.5287	33.825	-3.2E-01	rgb(147,174,229)	1.6601	None
ZFP28	DPYSL3	0.5287	35.845	0.346	rgb(221,151,152)	1.7001	None
PAX6	GRIK5	0.52856	34.135	0.133	rgb(218,192,192)	1.6662	None
ELF4	CHRNA5	-0.52828	34.21	-2.1E-01	rgb(171,189,225)	1.6677	None
TGIF2	TSHZ1	-0.52828	34.21	-2.1E-01	rgb(171,189,225)	1.6677	None
ARX	LGI3	0.52815	34.31	0.309	rgb(220,158,159)	1.6697	None
RORC	SYN1	-0.52801	34.13	-1.3E-01	rgb(189,200,222)	1.6661	None
ETS1	AK026714	0.52787	34.775	0.274	rgb(220,165,165)	1.6789	2,2
EGR3	ANKRD13B	0.52773	33.79	0.288	rgb(220,162,163)	1.6594	None
HSF2	TGIF2	-0.52746	34.805	-3.1E-01	rgb(151,177,229)	1.6795	None
PDX1	SIDT1	-0.52746	34.235	-2.3E-01	rgb(166,186,226)	1.6682	None
MAFA	SSTR1	0.52732	34.195	0.193	rgb(219,180,181)	1.6674	None
SOX4	GAP43	-0.52704	34.765	-2.7E-01	rgb(159,182,227)	1.6787	None
TEAD1	TGIF2	0.52704	34.28	0.282	rgb(220,163,164)	1.6691	None
EGR3	CERS1	-0.5269	34.225	-2.3E-01	rgb(168,187,226)	1.668	None
LMX1A	CCK	-0.52677	34.105	-1.0E-01	rgb(194,203,221)	1.6656	None
GATA4	FOXP2	-0.52663	35.23	-2.3E-01	rgb(167,187,226)	1.6879	None
ETV1	HLA-DPA1	0.52649	35.115	0.115	rgb(218,195,195)	1.6856	None
ARNT2	MCF2L	0.52635	35.01	0.01	rgb(217,215,215)	1.6836	None
SOX4	HGFAC	0.52621	33.67	0.168	rgb(219,185,185)	1.657	None
ARX	SSTR5-AS1	0.52608	31.825	0.323	rgb(221,155,156)	1.6205	None
ONECUT3	KLK12	-0.52594	35.71	-2.1E-01	rgb(171,189,225)	1.6974	None
GRHL3	IL17C	0.5258	34.855	0.356	rgb(221,149,150)	1.6805	2,2
PDX1	ST8SIA3	-0.52566	33.285	-2.8E-01	rgb(156,180,228)	1.6494	None
ONECUT2	FAM13A-AS1	0.52552	31.375	0.373	rgb(221,146,147)	1.6116	None
EGR3	SLC7A4	0.52539	32.28	0.278	rgb(220,164,164)	1.6295	None
HOXB9	LRRC49	0.52525	35.03	0.031	rgb(217,211,211)	1.684	None
HSF2	PGF	-0.52497	33.28	-2.8E-01	rgb(157,180,228)	1.6493	None
ZNF519	SMAD9	0.52497	35.275	0.273	rgb(220,165,165)	1.6888	None
FEV	PRELP	0.52483	34.35	0.351	rgb(221,150,151)	1.6705	None
FOXA2	GHRL	-0.5247	30.925	-4.3E-01	rgb(124,161,233)	1.6027	None
FOXP2	DDN	0.52442	35.58	0.079	rgb(218,202,202)	1.6949	None
ZNF519	LRRN2	-0.52442	35.02	-2.2E-02	rgb(212,214,218)	1.6838	None
EGR3	MAP3K12	-0.52428	33.895	-3.9E-01	rgb(131,165,232)	1.6615	None
LMX1B	BAALC	0.52414	30.965	0.465	rgb(222,128,129)	1.6034	None
HIC1	CHRNA5	0.52401	35.205	0.205	rgb(219,178,178)	1.6874	None
TFCP2L1	MAFF	-0.52387	31.37	-3.7E-01	rgb(136,168,231)	1.6115	None
ARX	HMGB3	-0.52359	31.82	-3.2E-01	rgb(148,175,229)	1.6204	None
NR4A2	CDH5	0.52359	31.82	0.321	rgb(221,156,156)	1.6204	None
PDX1	SHC3	0.52345	35.26	0.259	rgb(220,167,168)	1.6885	None
GATA4	ATP8B2	-0.52332	35.125	-1.3E-01	rgb(190,200,222)	1.6858	None
MAFB	TRIM24	-0.52318	35.25	-2.5E-01	rgb(163,184,226)	1.6883	None
NR4A2	GPR162	0.52304	33.27	0.271	rgb(220,165,166)	1.6491	None
HOXB9	ELAVL4	-0.5229	35.18	-1.8E-01	rgb(178,193,224)	1.6869	None
ELF4	CDH22	-0.52263	35.66	-1.6E-01	rgb(183,196,223)	1.6964	None
RFX2	CAMK2B	0.52263	33.265	0.267	rgb(220,166,167)	1.649	None
NEUROD2	SPON2	0.52249	35.61	0.112	rgb(218,196,196)	1.6955	None
ETV1	PPP1R1A	0.52235	32.265	0.267	rgb(220,166,167)	1.6292	None
ONECUT2	CPLX2	-0.52221	34.625	-1.3E-01	rgb(190,200,222)	1.6759	None
POU6F1	CCDC146	0.52194	35.23	0.232	rgb(220,173,173)	1.6879	None
TGIF2	SCT	-0.52194	34.205	-2.0E-01	rgb(173,190,225)	1.6676	None
PDX1	MS4A8	0.5218	35.605	0.105	rgb(218,197,197)	1.6954	None
HSF2	MAPK12	-0.52152	31.365	-3.7E-01	rgb(137,169,231)	1.6114	None
SOX4	TGIF2	0.52152	34.21	0.21	rgb(219,177,177)	1.6677	None
LMX1B	FGF9	0.52139	30.95	0.45	rgb(222,131,132)	1.6031	None
LMX1A	LIMCH1	0.52125	32.695	0.193	rgb(219,180,180)	1.6377	None
PDX1	MYEF2	-0.52111	33.555	-5.3E-02	rgb(205,210,219)	1.6547	None
ONECUT1	SLC14A2	0.52097	34.185	0.186	rgb(219,181,182)	1.6672	None
ETS1	CRY2	0.52042	35.62	0.122	rgb(218,194,194)	1.6957	None
LHX1	ZNF117	-0.52042	34.78	-2.8E-01	rgb(156,180,228)	1.679	None
PAX6	FGF9	0.52042	34.285	0.285	rgb(220,162,163)	1.6692	None
TFCP2L1	FCGBP	0.52042	30.945	0.446	rgb(222,132,133)	1.6031	None
MAFB	CACNA1E	0.52028	35.59	0.09	rgb(218,200,200)	1.6951	None
DACH1	DBC1	0.52014	35.63	0.128	rgb(218,192,193)	1.6959	2,2
PDX1	TCTEX1D4	-0.52001	34.28	-2.8E-01	rgb(156,180,228)	1.6691	None
ZNF846	ACTN3	-0.51987	35.08	-7.9E-02	rgb(200,207,220)	1.685	None
ETV1	FAM227A	0.51973	32.26	0.261	rgb(220,167,168)	1.6291	None
ZFP82	CLIP3	-0.51959	34.275	-2.8E-01	rgb(157,180,228)	1.669	None
SPIB	STMN4	0.51945	34.795	0.297	rgb(220,160,161)	1.6793	None
MAFA	FSTL5	0.51932	32.685	0.184	rgb(219,182,182)	1.6375	None
PRDM16	TMEM151B	0.51918	34.43	0.43	rgb(222,135,136)	1.6721	None
GATA2	MX2	-0.5189	34.27	-2.7E-01	rgb(159,182,227)	1.6689	None
MAFA	TPPP3	0.5189	32.85	0.352	rgb(221,150,151)	1.6408	None
GATA4	SAMD11	0.51876	35.265	0.267	rgb(220,166,167)	1.6886	None
LMX1B	MX2	0.51863	34.725	0.224	rgb(219,174,175)	1.6779	None
EGR3	BCRP3	-0.51835	32.265	-2.7E-01	rgb(159,182,227)	1.6292	None
ELF4	TUB	-0.51835	33.245	-2.5E-01	rgb(164,185,226)	1.6486	None
GATA2	RGS16	0.51821	35.04	0.04	rgb(217,209,209)	1.6842	None
LMX1A	GRIK5	-0.51807	34.055	-5.7E-02	rgb(205,209,219)	1.6647	None
LHX1	ST8SIA5	0.51794	35.125	0.127	rgb(218,193,193)	1.6858	None
SOX4	PMP22	0.5178	31.36	0.361	rgb(221,148,149)	1.6113	None
MAFF	SYCP2	-0.51766	33.765	-2.6E-01	rgb(160,182,227)	1.6589	None
NR4A2	CXXC4	0.51752	33.695	0.194	rgb(219,180,180)	1.6575	None
SOX4	LRRTM3	-0.51725	34.22	-2.2E-01	rgb(169,188,225)	1.6679	None
ZFHX2	SRCIN1	0.51725	34.22	0.22	rgb(219,175,175)	1.6679	None
LHX1	ZG16	-0.51711	34.76	-2.6E-01	rgb(160,183,227)	1.6786	None
MAFA	MUC16	-0.51697	34.64	-1.4E-01	rgb(186,198,222)	1.6762	None
MAFA	CHD5	0.51683	31.355	0.357	rgb(221,149,149)	1.6112	None
HSF2	ZFP2	-0.51669	34.13	-1.3E-01	rgb(189,200,222)	1.6661	None
NHLH1	SLC35F3	-0.51642	34.38	-3.8E-01	rgb(135,167,231)	1.6711	None
PAX6	FAM167A	-0.51642	34.83	-3.3E-01	rgb(146,174,229)	1.68	None
LMX1A	MYO3A	0.51628	33.68	0.179	rgb(219,183,183)	1.6572	None
ASCL2	RGS16	0.51587	35.5	0	rgb(217,217,217)	1.6933	None
GATA6	CTNND1	0.51587	35.5	0	rgb(217,217,217)	1.6933	None
SOX4	DOK6	0.51587	35.5	0	rgb(217,217,217)	1.6933	None
EGR3	FAM155B	-0.51573	35.14	-1.4E-01	rgb(187,199,222)	1.6861	None
ETS1	RGS5	-0.51559	35.155	-1.6E-01	rgb(183,196,223)	1.6864	None
FOXA2	LINC00494	-0.51545	32.255	-2.5E-01	rgb(162,184,227)	1.629	None
ONECUT3	GCH1	-0.51531	33.325	-3.3E-01	rgb(146,174,229)	1.6502	None
TFCP2L1	MEX3A	0.51518	34.785	0.283	rgb(220,163,164)	1.6791	None
HSF2	RFX6	-0.51476	31.35	-3.5E-01	rgb(141,171,230)	1.6111	None
NR4A2	DLL4	0.51476	31.35	0.352	rgb(221,150,151)	1.6111	None
ZFP28	CERKL	-0.51476	31.35	-3.5E-01	rgb(141,171,230)	1.6111	None
ETS1	NNMT	0.51462	34.1	0.102	rgb(218,198,198)	1.6655	None
NEUROG3	BTBD11	0.51449	35.37	0.372	rgb(221,146,147)	1.6907	None
ELF4	ZBTB4	0.51435	32.825	0.325	rgb(221,155,156)	1.6403	None
PDX1	AEBP1	0.51421	31.795	0.295	rgb(220,161,161)	1.6199	None
TEAD1	MAP6	-0.51407	35.1	-1.0E-01	rgb(195,204,221)	1.6854	None
TGIF2	MXI1	-0.51393	30.915	-4.1E-01	rgb(127,162,233)	1.6025	None
PDX1	SLC38A5	-0.5138	33.82	-3.2E-01	rgb(147,174,229)	1.66	None
CXXC4	PCDHB10	0.51366	33.71	0.208	rgb(219,177,178)	1.6578	2,2
SPIB	POM121L9P	-0.51352	30.465	-4.7E-01	rgb(116,155,235)	1.5935	None
GATA2	TPH1	0.51338	33.625	0.124	rgb(218,193,194)	1.6561	None
LMX1B	SBK1	-0.51325	34.335	-3.3E-01	rgb(145,173,230)	1.6702	None
ELF4	ATF5	-0.51311	33.73	-2.3E-01	rgb(167,186,226)	1.6582	None
GATA4	LAMP5	0.51283	31.795	0.293	rgb(220,161,162)	1.6199	None
TEAD1	LRRC10B	-0.51283	31.795	-2.9E-01	rgb(153,178,228)	1.6199	None
NR4A2	GAD2	0.51269	35.18	0.181	rgb(219,182,183)	1.6869	None
TFCP2L1	SMTNL2	-0.51256	33.61	-1.1E-01	rgb(193,202,221)	1.6558	None
NEUROD1	KLHL32	0.51242	30.46	0.462	rgb(222,129,130)	1.5934	None
MAFB	ACSL6	0.51228	35.095	0.093	rgb(218,199,199)	1.6853	None
TEAD1	AKNA	0.51214	32.795	0.296	rgb(220,160,161)	1.6397	None
LMX1A	SFRP1	0.512	34.645	0.145	rgb(219,189,190)	1.6763	None
ATF6	CENPE	0.51187	32.235	0.233	rgb(220,173,173)	1.6286	None
MAFB	CRLF1	0.51173	33.705	0.206	rgb(219,178,178)	1.6577	None
MAFA	AVPR1B	0.51145	30.455	0.454	rgb(222,130,131)	1.5933	None
NR4A3	CD52	-0.51145	30.455	-4.5E-01	rgb(119,157,234)	1.5933	None
ETV1	ISLR2	0.51131	32.23	0.23	rgb(220,173,174)	1.6285	None
PBX1	EPM2A	0.51118	34.65	0.151	rgb(219,188,188)	1.6764	None
ZFHX2	SAP30	-0.51104	32.785	-2.9E-01	rgb(155,179,228)	1.6395	None
ETS1	CRMP1	-0.5109	35.2	-2.0E-01	rgb(173,190,225)	1.6873	None
FOXA2	ITPR1	0.51076	33.26	0.261	rgb(220,167,168)	1.6489	None
PRDM16	TPST2	-0.51062	33.175	-1.7E-01	rgb(179,194,224)	1.6472	None
ETS1	FER1L6-AS1	0.51049	34.62	0.118	rgb(218,194,195)	1.6758	None
ONECUT3	TSSK4	0.51035	35.06	0.061	rgb(218,205,205)	1.6846	None
SPIB	SFRP1	-0.51021	34.265	-2.7E-01	rgb(159,182,227)	1.6688	None
TGIF2	EPHB3	0.51007	33.41	0.411	rgb(222,139,139)	1.6519	None
TFCP2L1	EVL	0.50993	34.81	0.312	rgb(220,157,158)	1.6796	None
TGIF2	RASL11B	0.5098	34.09	0.088	rgb(218,200,200)	1.6653	None
GATA2	SSTR1	0.50966	34.135	0.137	rgb(219,191,191)	1.6662	None
ZNF846	GOLGA6L9	0.50952	31.335	0.337	rgb(221,153,153)	1.6108	2,2
ASCL2	WDR17	-0.50924	33.685	-1.8E-01	rgb(177,193,224)	1.6573	None
NR4A2	SPDYE7P	0.50924	33.685	0.185	rgb(219,182,182)	1.6573	None
NR4A3	MAP1B	0.50897	33.145	0.145	rgb(219,189,190)	1.6466	None
PDX1	NCS1	0.50897	30.9	0.398	rgb(221,141,142)	1.6022	None
NEUROG3	CHGB	0.50869	34.13	0.129	rgb(218,192,193)	1.6661	None
SPIB	TRPC7	0.50869	33.165	0.163	rgb(219,186,186)	1.647	None
ZNF492	DGKB	0.50855	32.605	0.103	rgb(218,197,198)	1.6359	None
ZNF492	LMO3	0.50842	35.145	0.145	rgb(219,189,190)	1.6862	None
ETV1	EPHA8	0.50814	32.225	0.224	rgb(219,174,175)	1.6284	None
RORC	GGT5	0.50814	32.225	0.226	rgb(219,174,174)	1.6284	None
ONECUT3	RPLP0P2	-0.508	33.785	-2.8E-01	rgb(156,180,228)	1.6593	None
AEBP1	NAALAD2	-0.50786	34.2	-2.0E-01	rgb(174,191,225)	1.6675	2,2
ASCL1	KCNMB2	0.50745	31.785	0.286	rgb(220,162,163)	1.6197	None
GATA6	VSTM2L	-0.50745	31.785	-2.9E-01	rgb(155,179,228)	1.6197	None
NHLH1	SOX4	0.50745	31.78	0.278	rgb(220,164,165)	1.6196	None
PBX1	MTSS1	0.50731	33.78	0.28	rgb(220,164,164)	1.6592	None
RORC	GPR155	-0.50717	33.71	-2.1E-01	rgb(171,189,225)	1.6578	None
RORC	ZNRF3-AS1	-0.50704	35.165	-1.6E-01	rgb(182,195,223)	1.6866	None
LMX1B	SLC14A2	0.50676	34.235	0.234	rgb(220,172,173)	1.6682	None
PRDM16	BEND5	-0.50676	34.58	-8.0E-02	rgb(200,206,220)	1.6751	None
ELF4	KCNJ3	0.50662	33.11	0.11	rgb(218,196,196)	1.6459	None
NR4A3	MCF2L	0.50648	30.895	0.395	rgb(221,142,142)	1.6021	None
LMX1B	GPR173	0.50635	32.57	0.069	rgb(218,204,204)	1.6352	None
GATA2	CD96	-0.50621	34.855	-3.5E-01	rgb(140,170,230)	1.6805	None
GATA2	SPEG	0.50607	33.145	0.143	rgb(219,190,190)	1.6466	None
PDX1	P2RX6	-0.50593	33.765	-2.7E-01	rgb(159,182,227)	1.6589	None
ONECUT1	BC127823	-0.50566	35.14	-1.4E-01	rgb(187,199,222)	1.6861	2,2
SOX4	GATA4	-0.50566	34.795	-3.0E-01	rgb(153,178,228)	1.6793	None
NHLH1	SCT	0.50552	34.34	0.341	rgb(221,152,153)	1.6703	None
ETV1	PCYT1B	0.50524	34.175	0.174	rgb(219,184,184)	1.667	None
HIC1	CAND2	0.50524	34.175	0.176	rgb(219,183,184)	1.667	None
HSF2	BAMBI	-0.50483	33.09	-9.0E-02	rgb(197,205,220)	1.6455	None
LHX1	COL14A1	-0.50483	33.63	-1.3E-01	rgb(189,200,222)	1.6562	None
ZFHX2	GIP	-0.50483	33.135	-1.4E-01	rgb(187,199,222)	1.6464	None
ETS1	KDM1A	0.50455	31.78	0.28	rgb(220,163,164)	1.6196	None
HSF2	FER1L6-AS1	0.50455	31.78	0.281	rgb(220,163,164)	1.6196	None
RFX2	EML1	0.50442	34.305	0.303	rgb(220,159,160)	1.6696	None
ETV1	ST8SIA5	0.50428	33.615	0.117	rgb(218,195,195)	1.6559	None
LHX1	MEX3B	0.50414	33.225	0.224	rgb(219,174,175)	1.6482	None
TEAD2	CHD5	-0.504	33.23	-2.3E-01	rgb(167,187,226)	1.6483	None
RORC	HIC1	0.50386	34.145	0.143	rgb(219,190,190)	1.6664	None
PRDM16	HES6	-0.50373	35.075	-7.3E-02	rgb(201,207,220)	1.6849	None
RFX3	CACNG4	0.50359	33.225	0.226	rgb(219,174,174)	1.6482	None
RFX3	FUT7	0.50345	34.355	0.357	rgb(221,149,150)	1.6706	None
LMX1A	KCNMA1	0.50317	35.08	0.079	rgb(218,202,202)	1.685	None
SPIB	MLLT11	0.50317	35.08	0.082	rgb(218,201,201)	1.685	None
ARNT2	LAPTM5	0.50304	33.665	0.166	rgb(219,185,186)	1.6569	None
GATA2	TRIM35	0.50276	30.435	0.435	rgb(222,134,135)	1.5929	None
LHX1	GPC2	0.50276	33.66	0.16	rgb(219,187,187)	1.6568	None
SOX4	ST8SIA3	-0.50262	32.745	-2.5E-01	rgb(164,185,226)	1.6387	None
LHX1	SLC38A3	0.50248	33.635	0.135	rgb(218,191,192)	1.6563	None
LMX1B	SIDT1	-0.50235	32.365	-3.6E-01	rgb(138,169,231)	1.6312	None
RORC	NR4A3	0.50221	31.32	0.322	rgb(221,156,156)	1.6105	None
NR4A3	NR4A2	0.50207	35.015	0.016	rgb(217,214,214)	1.6837	None
ASCL2	TRPC7	0.50179	35	0	rgb(217,217,217)	1.6834	None
EGR3	MYBPC3	0.50179	35	0	rgb(217,217,217)	1.6834	None
PBX1	KAT2B	0.50166	32.885	0.385	rgb(221,143,144)	1.6415	None
ASCL2	LGI3	-0.50152	35.005	-2.7E-03	rgb(216,217,217)	1.6835	None
TFCP2L1	CRLF1	0.50138	32.355	0.356	rgb(221,149,150)	1.631	None
SPIB	H1FX-AS1	-0.50124	33.445	-4.5E-01	rgb(120,158,234)	1.6526	None
ONECUT1	NAV3	0.5011	32.735	0.234	rgb(220,172,173)	1.6385	None
TFCP2L1	HERC5	0.50097	35.04	0.041	rgb(217,209,209)	1.6842	None
EGR3	FUT7	0.50083	33.28	0.28	rgb(220,164,164)	1.6493	None
FEV	KCNIP3	0.50069	34.275	0.276	rgb(220,164,165)	1.669	None
ARX	RUNX1T1	0.50041	35	0	rgb(217,217,217)	1.6834	None
HIC1	AL109792	0.50041	35	0	rgb(217,217,217)	1.6834	2,2
TFCP2L1	P2RX6	-0.50028	30.88	-3.8E-01	rgb(134,167,231)	1.6018	None
GATA6	EYA4	-0.50014	33.39	-3.9E-01	rgb(133,166,232)	1.6515	None
ZFHX2	PSD	-0.5	34.27	-2.7E-01	rgb(158,181,227)	1.6689	None
NR4A2	SYNGR3	0.49986	33.71	0.212	rgb(219,177,177)	1.6578	None
KCNIP3	AK095045	0.49972	34.145	0.147	rgb(219,189,189)	1.6664	2,2
SOX4	EID1	-0.49959	34.37	-3.7E-01	rgb(137,168,231)	1.6709	None
MYT1	BC033961	0.49945	30.865	0.367	rgb(221,147,148)	1.6015	2,2
GATA4	GDF1	0.49931	31.76	0.259	rgb(220,168,168)	1.6192	None
ARX	STMN2	-0.49917	32.19	-1.9E-01	rgb(176,192,224)	1.6277	None
FOXP2	RBP2	-0.49903	33.33	-3.3E-01	rgb(145,173,230)	1.6503	None
TFCP2L1	GDAP1	0.4989	34.755	0.254	rgb(220,168,169)	1.6785	None
ATF6	TENM2	0.49876	33.865	0.365	rgb(221,147,148)	1.6609	None
LMX1A	SCUBE1	-0.49862	33.695	-2.0E-01	rgb(174,191,224)	1.6575	None
NEUROD1	SLC12A5	0.49848	33.675	0.173	rgb(219,184,184)	1.6571	None
ZFP82	GPR173	-0.49834	33.255	-2.5E-01	rgb(162,184,227)	1.6488	None
NR4A2	SSTR3	-0.49821	31.31	-3.1E-01	rgb(150,176,229)	1.6103	None
MAFA	CCDC74A	-0.49807	31.31	-3.1E-01	rgb(150,176,229)	1.6103	None
EGR3	TUBA1A	0.49779	34.675	0.173	rgb(219,184,184)	1.6769	None
PBX1	SYN1	0.49779	34.1	0.098	rgb(218,198,198)	1.6655	None
FEV	SMARCA1	-0.49765	34.335	-3.3E-01	rgb(145,173,230)	1.6702	None
PAX6	TOX3	-0.49752	33.24	-2.4E-01	rgb(165,185,226)	1.6485	None
LMX1B	LMO3	0.49738	30.86	0.362	rgb(221,148,148)	1.6014	None
ZNF492	KCNH7	-0.49724	34.57	-7.2E-02	rgb(201,207,220)	1.6749	None
EGR3	TMPRSS6	0.4971	32.855	0.354	rgb(221,149,150)	1.6409	None
ZNF492	HERC5	-0.49696	34.565	-6.7E-02	rgb(202,208,220)	1.6748	None
PAX6	HGFAC	-0.49669	30.87	-3.7E-01	rgb(137,168,231)	1.6016	None
SOX4	EVA1A	0.49669	30.87	0.372	rgb(221,146,147)	1.6016	None
TP73	PDE8B	-0.49655	32.32	-3.2E-01	rgb(147,175,229)	1.6303	None
GATA4	SCN1B	-0.49627	33.65	-1.5E-01	rgb(184,197,223)	1.6566	None
HSF2	FCRL6	-0.49627	34.59	-9.0E-02	rgb(197,205,220)	1.6753	None
ZFP82	TUBB2B	-0.49614	33.5	-9.5E-04	rgb(217,217,217)	1.6537	None
FEV	EML1	0.496	33.325	0.325	rgb(221,155,156)	1.6502	None
TFCP2L1	C2CD4B	0.49586	31.755	0.256	rgb(220,168,169)	1.6191	None
ELF4	ZFP82	-0.49531	34.25	-2.5E-01	rgb(163,184,227)	1.6685	None
ETS1	CENPE	-0.49531	33.26	-2.6E-01	rgb(161,183,227)	1.6489	None
MAFA	SPDYE7P	0.49531	33.26	0.261	rgb(220,167,168)	1.6489	None
ZNF519	CRYBA2	-0.49531	32.79	-2.9E-01	rgb(154,179,228)	1.6396	None
LHX1	ACSL6	-0.49503	33.285	-2.8E-01	rgb(156,180,228)	1.6494	None
ONECUT3	TMEM132B	0.49503	33.255	0.253	rgb(220,169,169)	1.6488	None
TGIF2	SPIB	0.4949	34.04	0.039	rgb(217,210,210)	1.6644	None
GATA4	BRSK1	0.49476	32.825	0.325	rgb(221,155,156)	1.6403	None
GATA4	PALMD	0.49462	34.585	0.085	rgb(218,201,201)	1.6752	None
NR4A2	SPP1	-0.49448	34.03	-3.1E-02	rgb(210,213,218)	1.6642	None
ZFP62	MAGEA5	0.49434	33.79	0.288	rgb(220,162,163)	1.6594	2,2
PBX1	CELA3A	-0.49421	33.595	-9.5E-02	rgb(196,204,221)	1.6555	None
GATA4	ZFP82	0.49407	33.05	0.052	rgb(218,207,207)	1.6447	None
TFCP2L1	SCN3B	0.49393	32.3	0.3	rgb(220,160,160)	1.6299	None
ETS1	RASL11B	-0.49379	34.655	-1.5E-01	rgb(184,197,223)	1.6765	None
TEAD1	CPA1	-0.49365	33.605	-1.0E-01	rgb(194,203,221)	1.6557	None
ASCL2	CREBRF	-0.49352	33.225	-2.2E-01	rgb(169,188,225)	1.6482	None
HSF2	PGA3	0.49338	33.31	0.311	rgb(220,158,158)	1.6499	None
PAX6	COL22A1	-0.49324	33.825	-3.2E-01	rgb(147,174,229)	1.6601	None
ETS1	STARD8	-0.4931	34.1	-1.0E-01	rgb(195,204,221)	1.6655	None
EGR3	SLC6A17	0.49296	31.745	0.243	rgb(220,171,171)	1.6189	None
NEUROD1	LRRN2	0.49283	30.85	0.35	rgb(221,150,151)	1.6012	None
HIF1A	SCN1B	-0.49269	31.295	-3.0E-01	rgb(153,178,228)	1.61	None
PDX1	POU2F2	-0.49255	33.725	-2.2E-01	rgb(168,187,226)	1.6581	None
TFCP2L1	TPPP3	-0.49241	33.755	-2.6E-01	rgb(162,183,227)	1.6587	None
RFX6	CACNA1H	0.49227	30.86	0.358	rgb(221,149,149)	1.6014	None
PBX1	ZDHHC8P1	-0.49214	32.29	-2.9E-01	rgb(154,179,228)	1.6297	None
TEAD1	GAD2	0.492	33.56	0.06	rgb(218,206,206)	1.6548	None
LHX1	GADD45A	-0.49186	34.23	-2.3E-01	rgb(167,187,226)	1.6681	None
MAFA	RRAGD	-0.49172	33.16	-1.6E-01	rgb(182,196,223)	1.6469	None
ZNF382	NOXO1	0.49158	33.225	0.226	rgb(219,174,174)	1.6482	None
LHX1	ATP13A4	-0.49145	34.055	-5.6E-02	rgb(205,210,219)	1.6647	None
ONECUT3	MRC1	0.49131	32.745	0.243	rgb(220,171,171)	1.6387	2,2
ZFP90	SPON1	0.49117	33.285	0.283	rgb(220,163,164)	1.6494	None
TFCP2L1	KIAA1324	0.49103	32.83	0.331	rgb(221,154,154)	1.6404	None
NR4A2	ONECUT3	0.49089	34.5	0	rgb(217,217,217)	1.6735	None
HSF2	CTTNBP2	0.49062	31.29	0.289	rgb(220,162,162)	1.6099	None
NR4A2	LIMCH1	0.49062	34.575	0.074	rgb(218,203,203)	1.675	None
SOX4	CCDC40	0.49048	32.855	0.354	rgb(221,149,150)	1.6409	None
EGR3	SPRED3	0.48993	34.5	0	rgb(217,217,217)	1.6735	None
TEAD2	TMEM151A	0.48993	34.5	0	rgb(217,217,217)	1.6735	None
TFCP2L1	MRPL34	0.48993	34.225	0.223	rgb(219,174,175)	1.668	None
ZNF846	BCORL1	0.48993	34.5	0	rgb(217,217,217)	1.6735	None
NR4A2	MAPK4	-0.48951	34.62	-1.2E-01	rgb(191,201,222)	1.6758	None
ZFP90	CAMKV	0.48951	30.845	0.346	rgb(221,151,152)	1.6011	None
ZNF846	CEND1	-0.48951	30.845	-3.5E-01	rgb(142,171,230)	1.6011	None
LHX1	CHRNA1	-0.48938	34.005	-6.9E-03	rgb(216,216,217)	1.6637	None
EGR3	SYNM	-0.48924	31.73	-2.3E-01	rgb(167,187,226)	1.6186	None
NR4A3	CRY2	-0.4891	34	-1.1E-03	rgb(217,217,217)	1.6636	None
LHX1	SULT1C2P1	-0.48896	34.085	-8.3E-02	rgb(199,206,220)	1.6652	None
HSF2	MIR137HG	-0.48869	33.12	-1.2E-01	rgb(191,201,222)	1.6461	None
ZNF492	SYCP2	0.48869	33.715	0.216	rgb(219,176,176)	1.6579	None
HIC1	RRAGD	-0.48855	33.71	-2.1E-01	rgb(171,189,225)	1.6578	None
NR4A2	ALAS2	0.48841	33.115	0.117	rgb(218,195,195)	1.646	None
HSF2	CERS1	0.48827	34.575	0.074	rgb(218,203,203)	1.675	None
MAFA	CDHR3	0.48813	32.27	0.269	rgb(220,166,166)	1.6293	None
EGR3	ST8SIA3	-0.488	32.555	-5.7E-02	rgb(205,210,219)	1.6349	None
FOXP2	STK31	0.48786	30.43	0.431	rgb(222,135,136)	1.5928	None
PDX1	MMD2	0.48772	33.62	0.121	rgb(218,194,194)	1.656	None
TFCP2L1	LGI3	-0.48758	32.115	-1.1E-01	rgb(192,202,221)	1.6262	None
FOXA2	GAP43	0.48744	34.345	0.344	rgb(221,151,152)	1.6704	None
NEUROD1	CNGA3	0.48731	33.075	0.074	rgb(218,203,203)	1.6452	None
PRDM16	CEND1	-0.48717	33.685	-1.9E-01	rgb(176,192,224)	1.6573	None
NHLH1	HINT1	0.48703	30.84	0.339	rgb(221,152,153)	1.601	None
HIC1	NAV3	-0.48689	33.81	-3.1E-01	rgb(150,176,229)	1.6598	None
EGR3	SLC12A5	-0.48662	34.56	-6.1E-02	rgb(204,209,219)	1.6747	None
TEAD1	TUBA3FP	-0.48662	32.57	-7.0E-02	rgb(202,208,220)	1.6352	None
ONECUT3	ATP6V1G2	-0.48648	33.805	-3.1E-01	rgb(150,177,229)	1.6597	None
GATA6	PAM	0.4862	33.29	0.288	rgb(220,162,163)	1.6495	None
RORC	CALCOCO1	0.4862	33.55	0.051	rgb(218,207,207)	1.6546	None
MAFB	HES4	0.48593	34.145	0.144	rgb(219,189,190)	1.6664	None
PAX4	C1QL1	0.48593	30.425	0.426	rgb(222,136,136)	1.5928	None
SPIB	ELAVL4	-0.48579	33.025	-2.6E-02	rgb(211,214,218)	1.6443	None
SOX4	FAM227A	0.48565	31.925	0.425	rgb(222,136,137)	1.6225	None
TEAD1	PDE8B	-0.48551	30.39	-3.9E-01	rgb(132,165,232)	1.5921	None
PDX1	CALCOCO1	-0.48538	34.13	-1.3E-01	rgb(188,200,222)	1.6661	None
SOX4	CAMKV	-0.4851	34.085	-8.5E-02	rgb(199,206,220)	1.6652	None
TP73	CRLF1	0.4851	33.115	0.114	rgb(218,195,195)	1.646	None
ATF5	CBFA2T3	-0.48482	34.205	-2.0E-01	rgb(173,190,225)	1.6676	None
TFCP2L1	MAFB	0.48482	32.51	0.009	rgb(217,215,215)	1.634	None
NEUROG3	B3GAT1	-0.48469	33.28	-2.8E-01	rgb(156,180,228)	1.6493	None
TGIF2	INS-IGF2	-0.48455	34.075	-7.7E-02	rgb(200,207,220)	1.665	None
FOXA2	MMD2	0.48441	31.715	0.217	rgb(219,176,176)	1.6183	None
CXXC4	AK026379	0.48413	34.5	0	rgb(217,217,217)	1.6735	2,2
MAFB	ELFN1	0.48413	34.5	0	rgb(217,217,217)	1.6735	None
PDX1	CBX4	0.484	33.27	0.269	rgb(220,166,166)	1.6491	None
RFX6	GCK	0.48372	29.975	0.474	rgb(222,126,127)	1.5838	None
RFX6	KCTD12	0.48372	29.975	0.474	rgb(222,126,127)	1.5838	None
ZFP82	GLYATL3	0.48358	34.285	0.287	rgb(220,162,163)	1.6692	None
PBX1	KIRREL3	-0.48344	30.835	-3.3E-01	rgb(144,173,230)	1.6009	None
ZFHX2	ZFP28	-0.48331	32.245	-2.5E-01	rgb(164,185,226)	1.6288	None
HOXB9	TCTEX1D4	-0.48317	33.175	-1.7E-01	rgb(179,194,224)	1.6472	None
NR4A2	EFNB3	-0.48303	34.11	-1.1E-01	rgb(193,202,221)	1.6657	None
NR4A3	GRIN1	0.48289	34.115	0.114	rgb(218,195,195)	1.6658	None
FOXP2	ADCY1	0.48275	33.64	0.141	rgb(219,190,190)	1.6564	None
ELF4	AVPR1B	-0.48262	32.695	-1.9E-01	rgb(175,192,224)	1.6377	None
PDX1	VSTM4	-0.48248	31.275	-2.8E-01	rgb(157,181,227)	1.6096	None
HOXB9	EFCC1	-0.48234	33.295	-3.0E-01	rgb(153,178,228)	1.6496	None
TP73	RPS6KL1	0.4822	34.22	0.219	rgb(219,175,176)	1.6679	None
ETS1	RGS11	0.48206	34.1	0.098	rgb(218,198,199)	1.6655	None
SOX4	SPDYE7P	0.48193	32.37	0.368	rgb(221,147,147)	1.6313	None
ZNF846	CCDC181	0.48179	33.23	0.229	rgb(220,173,174)	1.6483	None
EGR3	DKK3	0.48165	33.23	0.229	rgb(220,173,174)	1.6483	None
NR4A2	CCL19	0.48151	33.66	0.158	rgb(219,187,187)	1.6568	None
MAFA	SOGA3	0.48137	33.15	0.15	rgb(219,188,189)	1.6467	None
MYT1	LRRC16B	0.48124	33.075	0.075	rgb(218,203,203)	1.6452	2,2
ATF6	PTCH1	0.48096	32.795	0.294	rgb(220,161,161)	1.6397	None
GATA6	LINC00310	0.48096	34.205	0.207	rgb(219,177,178)	1.6676	None
LHX1	DNER	-0.48082	32.72	-2.2E-01	rgb(169,188,225)	1.6382	None
HIF1A	SPC25	-0.48068	30.405	-4.0E-01	rgb(130,164,232)	1.5924	None
HSF2	S100A1	-0.48055	31.275	-2.7E-01	rgb(157,181,227)	1.6096	None
ETV1	BCORL1	-0.48041	32.66	-1.6E-01	rgb(182,196,223)	1.637	None
FOXP2	FOXA1	0.48027	32.775	0.274	rgb(220,165,165)	1.6393	None
ARX	LDHAL6A	0.47999	32.735	0.237	rgb(220,172,172)	1.6385	None
TEAD1	KCNH3	-0.47999	34.005	-6.9E-03	rgb(216,216,217)	1.6637	None
MLXIPL	RFX2	-0.47986	33.78	-2.8E-01	rgb(157,180,228)	1.6592	None
ONECUT3	CCL20	-0.47972	31.875	-3.7E-01	rgb(136,168,231)	1.6215	None
HIF1A	LINC00939	-0.47958	32.34	-3.4E-01	rgb(143,172,230)	1.6307	None
ARX	TFCP2L1	0.4793	32.92	0.42	rgb(222,137,138)	1.6422	None
NFAT5	FAM106CP	0.4793	34.05	0.048	rgb(218,208,208)	1.6646	2,2
PDX1	LMX1B	0.47917	34.03	0.03	rgb(217,211,211)	1.6642	None
LHX1	AX746771	-0.47903	31.69	-1.9E-01	rgb(176,192,224)	1.6178	2,2
RFX2	STMND1	0.47889	33.565	0.063	rgb(218,205,205)	1.6549	None
ZFP28	NR4A2	0.47875	34.165	0.164	rgb(219,186,186)	1.6668	None
HSF2	LRRTM3	0.47861	32.635	0.133	rgb(218,192,192)	1.6365	None
HSF2	UNC13A	-0.47848	30.82	-3.2E-01	rgb(147,175,229)	1.6006	None
ONECUT3	PKIA	0.47834	32.775	0.274	rgb(220,165,165)	1.6393	None
ZFHX2	GPC2	0.4782	32.8	0.3	rgb(220,160,160)	1.6398	None
KCNIP3	FAM57B	0.47792	33.69	0.192	rgb(219,180,181)	1.6574	2,2
PBX1	NPTX1	0.47792	34.13	0.132	rgb(218,192,192)	1.6661	None
ASCL1	KCNK17	0.47765	30.825	0.326	rgb(221,155,155)	1.6007	None
ZNF846	BC010924	0.47765	30.825	0.325	rgb(221,155,156)	1.6007	2,2
SOX4	C2CD4A	0.47737	30.395	0.395	rgb(221,142,142)	1.5922	None
SOX4	DKK3	-0.47737	30.395	-3.9E-01	rgb(131,165,232)	1.5922	None
HIC1	H2AFB3	-0.47724	32.7	-2.0E-01	rgb(173,190,225)	1.6378	2,2
NR4A2	CNOT6L	0.4771	31.68	0.179	rgb(219,183,183)	1.6176	None
NEUROG3	KCNAB2	0.47668	33.54	0.039	rgb(217,209,210)	1.6545	None
NR4A2	SAP30	0.47668	30.815	0.313	rgb(220,157,158)	1.6005	None
PBX1	BAMBI	-0.47668	30.815	-3.2E-01	rgb(149,175,229)	1.6005	None
RFX6	PDE2A	0.47641	31.265	0.263	rgb(220,167,167)	1.6094	None
RORC	EPHA4	-0.47641	31.265	-2.7E-01	rgb(159,182,227)	1.6094	None
TEAD1	YPEL1	-0.47627	33.705	-2.0E-01	rgb(173,190,225)	1.6577	None
ONECUT1	RAPGEF4	0.47613	33.51	0.01	rgb(217,215,215)	1.6539	None
GATA4	SEMA6B	0.47599	32.66	0.159	rgb(219,187,187)	1.637	None
EGR3	ABCC4	0.47558	30.82	0.32	rgb(221,156,157)	1.6006	None
PBX1	ONECUT2	0.47558	30.82	0.319	rgb(221,156,157)	1.6006	None
TP73	HGFAC	0.47558	33.59	0.092	rgb(218,199,200)	1.6554	None
MAFB	ASCL2	0.47544	34.055	0.057	rgb(218,206,206)	1.6647	None
FOXP2	LINC00261	0.4753	31.255	0.257	rgb(220,168,168)	1.6092	None
NR4A2	MUC5B	-0.47517	31.26	-2.6E-01	rgb(160,183,227)	1.6093	None
LHX1	GPBAR1	0.47503	34	0	rgb(217,217,217)	1.6636	None
NR4A2	CCDC74B	-0.47489	31.665	-1.7E-01	rgb(181,195,223)	1.6173	None
RFX3	SSTR1	0.47475	32.85	0.35	rgb(221,150,151)	1.6408	None
PRDM16	HINT1	-0.47461	30.81	-3.1E-01	rgb(150,176,229)	1.6004	None
NR4A3	GRASP	0.47434	34.09	0.091	rgb(218,200,200)	1.6653	None
ZNF846	FAM155B	0.47434	33.64	0.141	rgb(219,190,190)	1.6564	None
LHX1	GOLGA7B	0.47392	34	0	rgb(217,217,217)	1.6636	None
LMX1A	FAM171B	0.47392	34	0	rgb(217,217,217)	1.6636	None
PBX1	HIF1A	0.47392	34	0	rgb(217,217,217)	1.6636	None
ONECUT3	BC040358	0.47379	34.075	0.075	rgb(218,203,203)	1.665	2,2
TFCP2L1	BTBD11	0.47365	32.445	0.447	rgb(222,132,133)	1.6328	None
HHEX	ACOT7	0.47351	30.385	0.385	rgb(221,144,144)	1.592	None
LMX1A	THBS4	-0.47337	32.71	-2.1E-01	rgb(171,189,225)	1.638	None
EGR3	STMND1	-0.47323	32.73	-2.3E-01	rgb(167,186,226)	1.6384	None
HIC1	LPPR3	0.4731	32.805	0.307	rgb(220,158,159)	1.6399	2,2
SOX4	GRIK5	-0.47296	31.805	-3.1E-01	rgb(151,177,229)	1.6201	None
ATF6	CNIH2	0.47241	32.865	0.363	rgb(221,148,148)	1.6411	None
EGR3	GAL	0.47241	34	0	rgb(217,217,217)	1.6636	None
LMX1A	FBXL16	0.47241	34	0	rgb(217,217,217)	1.6636	None
TFCP2L1	SYNM	0.47241	34	0	rgb(217,217,217)	1.6636	None
GATA4	KIF5A	0.47227	30.36	0.362	rgb(221,148,148)	1.5915	None
LHX1	PTCH1	0.47213	32.86	0.36	rgb(221,148,149)	1.641	None
HSF2	KCNB2	-0.47185	31.25	-2.5E-01	rgb(162,184,227)	1.6091	None
NEUROG3	CACNG4	0.47185	31.25	0.251	rgb(220,169,170)	1.6091	None
MAFB	TAF9B	0.47158	30.805	0.305	rgb(220,159,159)	1.6003	None
PAX6	LAMP5	0.47158	30.805	0.306	rgb(220,159,159)	1.6003	None
EGR3	BEX2	0.47144	32.6	0.098	rgb(218,198,198)	1.6358	None
LHX1	NAV3	-0.4713	33.78	-2.8E-01	rgb(157,180,228)	1.6592	None
NKX2-2	KNDC1	0.47116	32.665	0.165	rgb(219,185,186)	1.6371	None
LMX1A	TMEM198	-0.47103	33.2	-2.0E-01	rgb(173,190,225)	1.6477	None
RFX3	PTPRN	0.47089	29.93	0.428	rgb(222,135,136)	1.5829	None
TFCP2L1	STARD8	-0.47075	33.085	-8.7E-02	rgb(198,206,220)	1.6454	None
NKX2-2	SLC38A5	0.47047	34	0	rgb(217,217,217)	1.6636	None
ZNF846	ST8SIA6-AS1	0.47047	34	0	rgb(217,217,217)	1.6636	None
ONECUT1	STARD9	0.47034	32.12	0.118	rgb(218,194,195)	1.6263	None
MAFA	SLC8A1	0.46992	32.73	0.23	rgb(220,173,173)	1.6384	None
TGIF2	CALCOCO1	0.46992	30.355	0.354	rgb(221,149,150)	1.5914	None
ZNF382	DCHS1	-0.46992	30.355	-3.6E-01	rgb(140,170,231)	1.5914	None
HSF2	PTP4A3	-0.46978	33.07	-7.1E-02	rgb(202,208,220)	1.6451	None
HSF2	SMAD9	0.46965	30.8	0.3	rgb(220,160,160)	1.6002	None
LMX1B	MMP2	0.46951	30.805	0.304	rgb(220,159,159)	1.6003	None
LMX1A	LOC283731	0.46937	31.78	0.279	rgb(220,164,164)	1.6196	2,2
FOXP2	KSR2	0.46841	34	0	rgb(217,217,217)	1.6636	None
LHX1	FGF2	0.46841	34	0	rgb(217,217,217)	1.6636	None
PAX6	OLFML2B	0.46841	34	0	rgb(217,217,217)	1.6636	None
PDX1	FLT1	0.46841	34	0	rgb(217,217,217)	1.6636	None
SPIB	STMND1	0.46841	34	0	rgb(217,217,217)	1.6636	None
TEAD1	BCORL1	0.46841	34	0	rgb(217,217,217)	1.6636	None
ZNF382	LOC100130000	0.46841	34	0	rgb(217,217,217)	1.6636	2,2
TEAD1	CNTD2	-0.46827	29.925	-4.2E-01	rgb(125,161,233)	1.5828	None
TFCP2L1	MS4A8	-0.46813	31.235	-2.3E-01	rgb(166,186,226)	1.6088	None
ONECUT3	GPC6	-0.46799	33.19	-1.9E-01	rgb(176,192,224)	1.6475	None
EGR3	NKD1	0.46785	32.08	0.078	rgb(218,202,202)	1.6255	None
PDX1	MDK	0.46772	33.115	0.113	rgb(218,195,196)	1.646	None
NR4A2	PBOV1	0.46758	33.575	0.076	rgb(218,202,203)	1.6551	None
LHX1	CHRNA5	-0.46744	32.18	-1.8E-01	rgb(178,193,224)	1.6275	None
ZNF492	PDX1	-0.4673	30.795	-2.9E-01	rgb(153,178,228)	1.6001	None
GRHL3	GDF1	0.46703	32.745	0.244	rgb(220,170,171)	1.6387	2,2
HSF2	TPPP3	-0.46703	31.775	-2.8E-01	rgb(157,180,228)	1.6195	None
HOXB9	GADD45A	-0.46689	33.31	-3.1E-01	rgb(150,176,229)	1.6499	None
HSF2	ID4	-0.46675	32.19	-1.9E-01	rgb(175,192,224)	1.6277	None
PDX1	XKR7	0.46661	33.105	0.104	rgb(218,197,197)	1.6458	None
ZFP82	SLC35F3	0.46647	33.255	0.254	rgb(220,168,169)	1.6488	None
LMX1A	LGI3	-0.46634	32.59	-9.0E-02	rgb(198,205,220)	1.6356	None
PAX6	PELI3	-0.4662	33.33	-3.3E-01	rgb(146,174,229)	1.6503	None
LMX1B	LDHAL6A	0.46606	33.215	0.217	rgb(219,176,176)	1.648	None
AEBP1	KCNMB2-IT1	0.46592	33.225	0.227	rgb(219,174,174)	1.6482	2,2
HSF2	NHLH1	-0.46565	33.145	-1.4E-01	rgb(186,198,222)	1.6466	None
ZFHX2	NINJ1	0.46565	30.345	0.344	rgb(221,151,152)	1.5912	None
PAX6	CDH5	0.46551	33.17	0.172	rgb(219,184,185)	1.6471	None
HIF1A	LDB1	0.46537	32.29	0.288	rgb(220,162,163)	1.6297	None
PDX1	PCSK2	0.46523	31.4	0.401	rgb(221,140,141)	1.6121	None
EGR3	NKAIN1	-0.46496	31.885	-3.9E-01	rgb(133,166,232)	1.6217	None
RORC	ARHGAP22	-0.46496	31.885	-3.8E-01	rgb(134,166,232)	1.6217	None
MAFA	NTNG2	-0.46482	31.755	-2.5E-01	rgb(162,184,227)	1.6191	None
ONECUT1	SLC38A5	0.46468	33.265	0.267	rgb(220,166,167)	1.649	None
NEUROG3	SLC38A5	0.46454	31.88	0.38	rgb(221,144,145)	1.6216	None
LHX1	ENPP2	-0.4644	33.21	-2.1E-01	rgb(171,189,225)	1.6479	None
HSF2	REM2	-0.46427	31.22	-2.2E-01	rgb(169,188,225)	1.6085	None
MAFA	NREP	0.46413	31.815	0.314	rgb(220,157,158)	1.6203	None
EGR3	DUSP2	0.46399	32.72	0.222	rgb(219,175,175)	1.6382	None
GATA4	TUBA3FP	0.46385	32.29	0.291	rgb(220,161,162)	1.6297	None
HOXB9	LMO3	0.46358	33.115	0.115	rgb(218,195,195)	1.646	None
ZFHX2	SYCP2	0.46358	32.14	0.138	rgb(219,191,191)	1.6267	None
PBX1	LEFTY1	-0.46344	33.305	-3.1E-01	rgb(150,177,229)	1.6498	None
ONECUT3	NR2F2-AS1	-0.4633	32.785	-2.9E-01	rgb(155,179,228)	1.6395	None
ETV1	SPEG	0.46316	30.36	0.358	rgb(221,149,149)	1.5915	None
ZNF846	CBX4	-0.46302	32.715	-2.2E-01	rgb(170,188,225)	1.6381	None
HOXB9	HOPX	-0.46289	33.295	-2.9E-01	rgb(153,178,228)	1.6496	None
PBX1	STK33	0.46275	31.745	0.243	rgb(220,170,171)	1.6189	None
TEAD1	AMPD3	0.46261	33.5	0	rgb(217,217,217)	1.6537	None
LMX1B	MEP1B	0.46247	30.34	0.338	rgb(221,152,153)	1.5911	None
HSF2	SYNGR3	-0.46233	33.105	-1.1E-01	rgb(194,203,221)	1.6458	None
FEV	MAD2L2	0.4622	33.115	0.113	rgb(218,195,196)	1.646	None
GATA6	JPH4	-0.46178	33.62	-1.2E-01	rgb(191,201,221)	1.656	None
HSF2	IMPG1	-0.46178	33.62	-1.2E-01	rgb(191,201,222)	1.656	None
ZFP82	MEX3A	0.46178	30.785	0.283	rgb(220,163,164)	1.5999	None
NR4A2	AK5	0.46164	32.22	0.218	rgb(219,175,176)	1.6283	None
RFX3	RGS14	0.46137	33.2	0.2	rgb(219,179,179)	1.6477	None
SPIB	TMEM145	0.46137	33.2	0.2	rgb(219,179,179)	1.6477	None
ELF4	ANKRD18A	-0.46109	33.085	-8.6E-02	rgb(198,206,220)	1.6454	None
ONECUT1	PAX6	0.46109	32.65	0.152	rgb(219,188,188)	1.6368	None
NKX6-1	SULT1C2P1	-0.46095	30.78	-2.8E-01	rgb(157,180,228)	1.5998	None
ETV1	DDC	0.46068	32.83	0.33	rgb(221,154,155)	1.6404	None
LHX1	NOTUM	0.46068	33.535	0.036	rgb(217,210,210)	1.6544	None
ONECUT3	PPP1R16B	0.46054	32.65	0.149	rgb(219,189,189)	1.6368	None
ZNF846	FGF14	-0.4604	31.73	-2.3E-01	rgb(167,187,226)	1.6186	None
NR4A2	FSD1	-0.46026	33.245	-2.5E-01	rgb(164,185,226)	1.6486	None
TEAD1	CBFA2T3	-0.46013	29.9	-4.0E-01	rgb(130,164,232)	1.5824	None
HSF2	AADAT	0.45985	33.5	0	rgb(217,217,217)	1.6537	None
HSF2	ONECUT3	0.45985	33.5	0	rgb(217,217,217)	1.6537	None
HOXB9	ST8SIA3	-0.45958	31.715	-2.2E-01	rgb(170,189,225)	1.6183	None
NR4A3	ATF5	0.45958	32.24	0.24	rgb(220,171,172)	1.6287	None
TEAD2	CCDC74A	-0.45944	33.56	-6.1E-02	rgb(204,209,219)	1.6548	None
SOX4	RTN1	-0.4593	31.35	-3.5E-01	rgb(141,171,230)	1.6111	None
RORC	TGIF2	-0.45916	32.2	-2.0E-01	rgb(174,191,225)	1.6279	None
SOX4	NEFM	-0.45902	32.155	-1.5E-01	rgb(184,197,223)	1.627	None
RORC	RIIAD1	-0.45889	31.815	-3.2E-01	rgb(148,175,229)	1.6203	None
TEAD1	SSTR5-AS1	-0.45875	32.255	-2.5E-01	rgb(162,183,227)	1.629	None
LMX1B	NEGR1	0.45861	31.81	0.308	rgb(220,158,159)	1.6202	None
SPIB	TCEAL1	-0.45847	30.775	-2.7E-01	rgb(158,181,227)	1.5997	None
NHLH1	RCOR2	0.45833	32.65	0.149	rgb(219,189,189)	1.6368	None
ETS1	CCDC181	-0.45806	33.325	-3.3E-01	rgb(146,174,229)	1.6502	None
NR4A2	P2RX6	0.45806	33.5	0	rgb(217,217,217)	1.6537	None
ELF4	ATP6V0E2	-0.45792	31.195	-1.9E-01	rgb(175,191,224)	1.608	None
GATA2	KIRREL3	0.45778	32.2	0.201	rgb(219,179,179)	1.6279	None
MAFA	ATP6V1G2	0.45764	32.62	0.12	rgb(218,194,194)	1.6362	None
ETS1	SYN1	-0.45751	33.55	-5.0E-02	rgb(206,210,219)	1.6546	None
EGR3	CDHR3	-0.45737	31.695	-1.9E-01	rgb(175,191,224)	1.6179	None
MLXIPL	JPH4	-0.45723	29.895	-3.9E-01	rgb(132,165,232)	1.5823	None
ARX	SCT	0.45709	32.68	0.182	rgb(219,182,183)	1.6374	None
MYRF	AX746823	-0.45682	32.265	-2.6E-01	rgb(160,182,227)	1.6292	2,2
NKX2-2	TMEM198	0.45682	30.345	0.347	rgb(221,151,151)	1.5912	None
HOXB9	RAB4B-EGLN2	0.45654	33.5	0	rgb(217,217,217)	1.6537	None
ZNF492	TUBB2B	0.45654	33.5	0	rgb(217,217,217)	1.6537	None
LHX1	BOC	-0.4564	32.175	-1.7E-01	rgb(179,194,224)	1.6274	None
NFAT5	FOXA2	-0.45626	31.815	-3.2E-01	rgb(148,175,229)	1.6203	None
ONECUT1	HIP1	0.45613	31.33	0.332	rgb(221,154,154)	1.6107	None
LMX1B	MEX3A	0.45599	33.5	0	rgb(217,217,217)	1.6537	None
RFX2	BAIAP3	0.45571	31.7	0.202	rgb(219,178,179)	1.618	None
SOX4	SPARC	0.45571	29.945	0.445	rgb(222,132,133)	1.5832	None
ZNF846	CRLF1	0.45557	33.125	0.125	rgb(218,193,193)	1.6462	None
ASCL2	DPYSL4	0.45544	32.215	0.214	rgb(219,176,177)	1.6282	None
LHX1	SCN1B	-0.45516	29.89	-3.9E-01	rgb(132,165,232)	1.5822	None
NR4A2	ARHGAP9	0.45516	29.89	0.39	rgb(221,143,143)	1.5822	None
TGIF2	TPPP3	-0.45502	31.855	-3.5E-01	rgb(140,170,230)	1.6211	None
GATA4	SCN3B	0.45488	30.34	0.342	rgb(221,152,152)	1.5911	None
PRDM16	PEX5L	0.45461	33.5	0	rgb(217,217,217)	1.6537	None
ZFP82	PALMD	0.45461	33.5	0	rgb(217,217,217)	1.6537	None
PRDM16	RFX2	0.45447	31.69	0.189	rgb(219,181,181)	1.6178	None
ONECUT1	LOC441204	0.45433	31.76	0.261	rgb(220,167,168)	1.6192	2,2
NEUROG3	TMOD1	0.45419	31.175	0.173	rgb(219,184,184)	1.6076	None
MAFF	EPHB3	-0.45406	31.685	-1.9E-01	rgb(177,192,224)	1.6177	None
MAFB	TCEAL1	-0.45392	30.765	-2.7E-01	rgb(159,182,227)	1.5995	None
ZNF853	FAM106CP	-0.45378	33.055	-5.6E-02	rgb(205,210,219)	1.6448	2,2
PDX1	ASRGL1	0.45364	29.935	0.433	rgb(222,134,135)	1.583	None
TEAD1	MICAL2	0.4535	31.31	0.31	rgb(220,158,158)	1.6103	None
NR4A3	FTCD	0.45337	33.04	0.041	rgb(217,209,209)	1.6445	None
NKX6-1	STK33	-0.45323	32.695	-1.9E-01	rgb(175,191,224)	1.6377	None
ELF4	KCNIP3	-0.45309	31.165	-1.7E-01	rgb(181,195,223)	1.6074	None
NHLH1	CLGN	0.45295	31.675	0.174	rgb(219,184,184)	1.6175	None
NKX6-1	MIR137HG	-0.45281	32.375	-3.8E-01	rgb(135,167,231)	1.6314	None
LHX1	COL22A1	0.45268	32.26	0.26	rgb(220,167,168)	1.6291	None
ZFP28	BCL2	-0.45254	31.805	-3.0E-01	rgb(151,177,229)	1.6201	None
HSF2	ZMYM2	0.4524	32.605	0.106	rgb(218,197,197)	1.6359	None
HSF2	STMN2	-0.45226	33.125	-1.3E-01	rgb(189,200,222)	1.6462	None
ETS1	ATP13A4	-0.45212	33.2	-2.0E-01	rgb(174,191,225)	1.6477	None
RFX3	VGF	-0.45199	33.025	-2.6E-02	rgb(211,214,218)	1.6443	None
ZFHX2	GPR173	0.45185	32.72	0.222	rgb(219,175,175)	1.6382	None
ONECUT2	ABCA9	0.45171	31.865	0.363	rgb(221,148,148)	1.6213	None
SPIB	LMO3	-0.45157	32.795	-3.0E-01	rgb(153,178,228)	1.6397	None
PBX1	AL110171	-0.45143	32.3	-3.0E-01	rgb(152,177,228)	1.6299	2,2
ZNF846	DKK3	-0.4513	32.585	-8.6E-02	rgb(198,206,220)	1.6355	None
HSF2	MYBPC3	-0.45075	30.755	-2.6E-01	rgb(162,183,227)	1.5993	None
NKX2-2	GNAO1	0.45075	29.925	0.425	rgb(222,136,137)	1.5828	None
NR4A2	GRASP	0.45075	29.88	0.381	rgb(221,144,145)	1.582	None
ZNF846	NR2F2-AS1	0.45075	32.295	0.294	rgb(220,161,161)	1.6298	None
NR4A3	TTYH2	-0.45061	32.34	-3.4E-01	rgb(143,172,230)	1.6307	None
TGIF2	CPT1C	0.45047	31.16	0.162	rgb(219,186,186)	1.6073	None
HSF2	TRIM35	-0.45033	32.565	-6.4E-02	rgb(203,209,219)	1.6351	None
NEUROD1	KCNJ6	0.45019	29.475	0.475	rgb(222,126,127)	1.5739	None
TFCP2L1	COL21A1	0.45006	31.9	0.399	rgb(221,141,142)	1.622	None
RORC	HSPA12A	-0.44992	31.13	-1.3E-01	rgb(189,200,222)	1.6067	None
PAX6	ADCY5	-0.44978	32.735	-2.3E-01	rgb(166,186,226)	1.6385	None
HSF2	ISLR2	0.44923	33	0	rgb(217,217,217)	1.6438	None
ISL1	AEBP1	0.44923	33	0	rgb(217,217,217)	1.6438	None
MAFA	LTBP2	0.44923	33	0	rgb(217,217,217)	1.6438	None
NEUROG3	ZFP2	0.44923	33	0	rgb(217,217,217)	1.6438	None
ETS1	SMTNL2	0.44909	31.69	0.19	rgb(219,181,181)	1.6178	None
LHX1	ASIC1	-0.44895	31.115	-1.1E-01	rgb(193,202,221)	1.6064	None
LHX1	ATF7IP	0.44881	32.23	0.23	rgb(220,173,174)	1.6285	None
PAX6	MRPL34	0.44868	32.67	0.168	rgb(219,185,185)	1.6372	None
TEAD1	TMEM198	-0.44854	29.465	-4.6E-01	rgb(116,156,235)	1.5737	None
AEBP1	NKX6-1	0.4484	31.68	0.178	rgb(219,183,183)	1.6176	2,2
GATA2	ATP6V1G2	0.44826	32.72	0.221	rgb(219,175,175)	1.6382	None
ZNF492	DENND2A	0.44812	29.91	0.409	rgb(221,139,140)	1.5825	None
HSF2	AKNA	0.44799	33	0	rgb(217,217,217)	1.6438	None
HSF2	GPR148	0.44785	31.705	0.204	rgb(219,178,179)	1.6181	None
ONECUT3	ZFHX2	0.44771	31.83	0.328	rgb(221,154,155)	1.6206	None
TFCP2L1	OLFML2B	-0.44743	32.1	-1.0E-01	rgb(195,204,221)	1.6259	None
ZNF846	DNAH11	-0.44743	31.275	-2.7E-01	rgb(158,181,227)	1.6096	None
LHX1	EIF4EBP3	-0.4473	31.825	-3.3E-01	rgb(146,174,229)	1.6205	None
RFX6	JPH4	0.44716	29.87	0.369	rgb(221,147,147)	1.5818	None
RORC	GALNT16	-0.44702	32.7	-2.0E-01	rgb(174,191,225)	1.6378	None
MAFA	FAM155B	0.44688	31.695	0.197	rgb(219,179,180)	1.6179	None
NR4A2	PAPPA2	-0.44674	30.74	-2.4E-01	rgb(165,186,226)	1.599	None
NR4A2	ANKRD13B	-0.44661	32.165	-1.6E-01	rgb(181,195,223)	1.6272	None
GATA4	CTTNBP2	0.44647	32.685	0.183	rgb(219,182,182)	1.6375	None
SMAD9	SLC12A5	0.44633	31.12	0.12	rgb(218,194,194)	1.6065	None
EGR3	FSD1	0.44578	33	0	rgb(217,217,217)	1.6438	None
ELF4	SPC25	-0.44578	31.835	-3.4E-01	rgb(144,173,230)	1.6207	None
HSF2	TMEM132B	0.44578	33	0	rgb(217,217,217)	1.6438	None
LHX1	FAM101B	0.44578	33	0	rgb(217,217,217)	1.6438	2,2
ARX	CHST8	0.44564	30.745	0.246	rgb(220,170,171)	1.5991	None
LHX1	FGF14	-0.4455	31.74	-2.4E-01	rgb(165,185,226)	1.6188	None
RFX3	CLIP3	0.44536	30.92	0.419	rgb(222,137,138)	1.6026	None
ONECUT2	USP32P2	0.44523	31.335	0.334	rgb(221,153,154)	1.6108	None
SOX4	CCDC74B	-0.44509	30.74	-2.4E-01	rgb(165,186,226)	1.599	None
NR4A2	PPP1R3C	0.44495	32.13	0.129	rgb(218,192,193)	1.6265	None
HES4	CEND1	0.44481	32.185	0.185	rgb(219,182,182)	1.6276	None
GATA6	TMEFF2	-0.44467	31.32	-3.2E-01	rgb(148,175,229)	1.6105	None
NFAT5	DQ592230	0.44454	30.31	0.31	rgb(220,158,158)	1.5905	2,2
PDX1	LINC00310	-0.4444	31.79	-2.9E-01	rgb(154,178,228)	1.6198	None
MAFA	MPP1	0.44426	32.635	0.134	rgb(218,191,192)	1.6365	None
GATA4	HMGN3	-0.44412	32.1	-1.0E-01	rgb(195,204,221)	1.6259	None
ZNF846	SAP30	-0.44398	32.12	-1.2E-01	rgb(191,201,221)	1.6263	None
EGR3	HIC1	0.44357	33	0	rgb(217,217,217)	1.6438	None
NHLH1	CLCA1	0.44357	31.745	0.247	rgb(220,170,170)	1.6189	None
ONECUT3	MAST1	0.44357	33	0	rgb(217,217,217)	1.6438	None
LHX1	IGFN1	-0.44343	31.775	-2.8E-01	rgb(157,181,227)	1.6195	None
MAFA	ZNF853	-0.44329	32.23	-2.3E-01	rgb(167,187,226)	1.6285	None
SMAD9	MAFF	0.44316	32.61	0.111	rgb(218,196,196)	1.636	None
MAFB	SLC12A5	0.44302	31.635	0.134	rgb(218,191,192)	1.6167	None
MAFA	TMOD1	0.44288	32.655	0.154	rgb(219,188,188)	1.6369	None
EGR3	AK054970	-0.44274	31.235	-2.3E-01	rgb(167,186,226)	1.6088	2,2
PBX1	AMPH	-0.4426	30.72	-2.2E-01	rgb(169,188,225)	1.5986	None
ETV1	CPLX2	0.44205	30.305	0.303	rgb(220,159,160)	1.5904	None
LMX1B	TMEM200A	0.44205	31.86	0.359	rgb(221,148,149)	1.6212	None
MAFA	PGA4	0.44205	33	0	rgb(217,217,217)	1.6438	None
ZFP82	MAST1	0.44205	33	0	rgb(217,217,217)	1.6438	None
ONECUT1	JAKMIP2	0.44192	31.225	0.223	rgb(219,174,175)	1.6086	None
NR4A2	IFI6	0.44178	31.345	0.344	rgb(221,151,152)	1.611	None
FOXA1	GDAP1	0.44136	32.73	0.23	rgb(220,173,174)	1.6384	None
HSF2	SLC35F3	-0.44136	29.855	-3.5E-01	rgb(140,170,230)	1.5815	None
RFX2	ITGA7	0.44136	32.34	0.342	rgb(221,152,152)	1.6307	None
HSF2	EFCC1	-0.44123	31.33	-3.3E-01	rgb(146,174,229)	1.6107	None
GATA2	TMEM190	0.44095	31.215	0.213	rgb(219,176,177)	1.6084	None
TFCP2L1	SYN1	-0.44095	31.215	-2.1E-01	rgb(170,189,225)	1.6084	None
FOXA1	GOLGA7B	-0.44067	31.275	-2.7E-01	rgb(157,181,227)	1.6096	None
ZNF846	ZNF519	0.44067	30.895	0.395	rgb(221,142,142)	1.6021	None
ETS1	G0S2	0.4404	32.09	0.088	rgb(218,200,200)	1.6257	None
ONECUT1	SHC3	-0.4404	32.25	-2.5E-01	rgb(163,184,226)	1.6289	None
RFX2	ASIC4	0.44026	32.71	0.209	rgb(219,177,177)	1.638	None
MYRF	AL832439	-0.44012	30.865	-3.6E-01	rgb(138,169,231)	1.6015	2,2
NR4A3	LMO3	0.43998	31.21	0.21	rgb(219,177,177)	1.6083	None
ELF4	RRAGD	0.43985	32.18	0.182	rgb(219,182,183)	1.6275	None
SIM1	MURC	0.43971	31.215	0.215	rgb(219,176,176)	1.6084	2,2
NEUROG3	MYBPC2	0.43957	29.435	0.434	rgb(222,134,135)	1.5731	None
TP73	FCRL6	-0.43943	31.735	-2.3E-01	rgb(166,186,226)	1.6187	None
SPIB	KCNF1	-0.43929	32.12	-1.2E-01	rgb(191,201,222)	1.6263	None
GATA2	ACSL6	0.43902	30.705	0.204	rgb(219,178,179)	1.5983	None
ONECUT1	COL12A1	0.43902	32.505	0.007	rgb(217,216,216)	1.634	None
EGR3	UBE2QL1	-0.43874	30.72	-2.2E-01	rgb(170,188,225)	1.5986	2,2
SOX4	MS4A8	0.43874	30.72	0.219	rgb(219,175,176)	1.5986	None
NR4A3	CRLF1	-0.4386	30.85	-3.5E-01	rgb(141,171,230)	1.6012	None
TFCP2L1	CAMKV	0.43847	32.215	0.214	rgb(219,176,177)	1.6282	None
ATF6	PYY	0.43833	29.85	0.352	rgb(221,150,150)	1.5814	None
HIC1	NPTX2	-0.43819	32.595	-9.5E-02	rgb(196,205,221)	1.6357	None
PBX1	NPY	-0.43805	32.505	-6.9E-03	rgb(216,216,217)	1.634	None
HHEX	LOC441204	0.43791	32.195	0.196	rgb(219,180,180)	1.6278	2,2
GATA4	GLYATL3	0.43764	30.28	0.281	rgb(220,163,164)	1.5899	None
PDX1	IGFN1	-0.43764	30.28	-2.8E-01	rgb(156,180,228)	1.5899	None
TP73	IGFN1	0.4375	31.175	0.173	rgb(219,184,184)	1.6076	None
MAFB	SGCD	0.43736	30.71	0.208	rgb(219,177,178)	1.5984	None
NR4A2	RAPGEF4	0.43722	31.795	0.296	rgb(220,160,161)	1.6199	None
RORC	PTCH1	0.43695	32.645	0.146	rgb(219,189,189)	1.6367	None
SOX4	MYBPC2	0.43695	30.29	0.292	rgb(220,161,162)	1.5901	None
EGR3	TGIF2	0.43667	32.115	0.115	rgb(218,195,195)	1.6262	None
SPIB	HGFAC	0.43667	31.72	0.218	rgb(219,175,176)	1.6184	None
LHX1	LIMCH1	-0.4364	31.165	-1.7E-01	rgb(181,195,223)	1.6074	None
LHX1	STK33	-0.4364	31.165	-1.7E-01	rgb(181,195,223)	1.6074	None
ZFHX2	FAXC	-0.43626	31.18	-1.8E-01	rgb(178,193,224)	1.6077	None
RFX6	RIMBP2	0.43612	31.655	0.153	rgb(219,188,188)	1.6171	None
NHLH1	CRIP2	-0.43598	31.78	-2.8E-01	rgb(157,180,228)	1.6196	None
ATF6	LTF	-0.43584	32.105	-1.0E-01	rgb(195,203,221)	1.626	None
GATA6	STMN4	0.43571	32.5	0	rgb(217,217,217)	1.6339	None
LHX1	ZFHX2	0.43557	32.16	0.16	rgb(219,186,187)	1.6271	None
ARNT2	LINC00261	0.43543	30.705	0.207	rgb(219,178,178)	1.5983	None
PDX1	LRRN2	0.43529	32.095	0.094	rgb(218,199,199)	1.6258	None
ELF4	MLN	-0.43515	31.665	-1.7E-01	rgb(181,195,223)	1.6173	None
RFX2	MAP1A	0.43502	30.68	0.178	rgb(219,183,183)	1.5978	None
SOX4	CSH1	0.43488	31.145	0.144	rgb(219,190,190)	1.607	None
FEV	FAM155B	0.43474	29.87	0.372	rgb(221,146,147)	1.5818	None
ONECUT2	MMP2	-0.4346	31.695	-2.0E-01	rgb(174,191,224)	1.6179	None
SOX4	INHBE	0.43446	31.22	0.219	rgb(219,175,176)	1.6085	None
TFCP2L1	TMEM198	-0.43433	32.56	-6.1E-02	rgb(204,209,219)	1.635	None
ZFHX2	SLC26A7	-0.43419	30.27	-2.7E-01	rgb(159,182,227)	1.5897	None
TEAD1	G0S2	-0.43405	29.415	-4.2E-01	rgb(127,162,233)	1.5727	None
SMAD9	ATP6V0E2	-0.43391	31.28	-2.8E-01	rgb(157,180,228)	1.6097	None
POU6F1	GLT8D2	-0.43377	31.75	-2.5E-01	rgb(163,184,226)	1.619	None
TEAD1	TMEFF2	-0.4335	31.275	-2.8E-01	rgb(157,180,228)	1.6096	None
ZNF492	RAPGEF4	-0.4335	31.275	-2.8E-01	rgb(157,180,228)	1.6096	None
PAX6	AKT3	-0.43336	30.805	-3.1E-01	rgb(151,177,229)	1.6003	None
ATF6	FAM161A	0.43308	32.205	0.204	rgb(219,178,178)	1.628	None
TEAD2	FSD1	0.43308	31.26	0.258	rgb(220,168,168)	1.6093	None
ONECUT2	KLK12	-0.43295	29.865	-3.6E-01	rgb(138,169,231)	1.5817	None
SOX4	PAPPA2	-0.43281	32.57	-6.9E-02	rgb(202,208,220)	1.6352	None
ZNF117	KIAA1456	0.43267	31.74	0.24	rgb(220,171,172)	1.6188	2,2
LHX1	LZTS1	-0.43253	31.765	-2.7E-01	rgb(159,182,227)	1.6193	None
ASCL1	RGS16	0.4324	31.26	0.26	rgb(220,167,168)	1.6093	None
TFCP2L1	RASL11B	0.43226	29.41	0.412	rgb(222,138,139)	1.5726	None
ATF5	BAI2	0.43171	32.5	0	rgb(217,217,217)	1.6339	2,2
ELF4	TGIF2	0.43171	32.5	0	rgb(217,217,217)	1.6339	None
ZNF846	STMN3	0.43171	32.5	0	rgb(217,217,217)	1.6339	None
ZNF846	TMEM145	0.43171	32.5	0	rgb(217,217,217)	1.6339	None
NR4A2	JPH4	0.43157	31.69	0.19	rgb(219,181,181)	1.6178	None
PDX1	BCL2	-0.43143	32.125	-1.2E-01	rgb(190,201,222)	1.6264	None
MAFA	MYEF2	0.43129	31.755	0.257	rgb(220,168,169)	1.6191	None
GATA4	PLCXD3	0.43074	31.12	0.122	rgb(218,194,194)	1.6065	None
NR4A3	CAMK1G	0.43074	32.5	0	rgb(217,217,217)	1.6339	None
PDX1	KAT2B	-0.43074	31.86	-3.6E-01	rgb(139,169,231)	1.6212	None
RFX3	PRRT3	0.43074	32.5	0	rgb(217,217,217)	1.6339	None
TEAD1	CCK	-0.4306	31.55	-5.2E-02	rgb(206,210,219)	1.615	None
HIF1A	HSF2	-0.43046	31.28	-2.8E-01	rgb(156,180,228)	1.6097	None
HSF2	TPST2	-0.43033	31.64	-1.4E-01	rgb(186,198,222)	1.6168	None
RFX2	PGA3	0.42991	32.5	0	rgb(217,217,217)	1.6339	None
RFX3	DEFB1	0.42991	32.5	0	rgb(217,217,217)	1.6339	None
RFX6	ITPR1	0.42991	32.5	0	rgb(217,217,217)	1.6339	None
LHX1	RAB4B-EGLN2	-0.42977	30.785	-2.8E-01	rgb(156,180,228)	1.5999	None
FOXA1	HIF1A	0.42964	31.355	0.357	rgb(221,149,150)	1.6112	None
NFAT5	CCDC162P	-0.4295	31.58	-8.1E-02	rgb(199,206,220)	1.6156	None
NEUROG3	ZMYM2	0.42936	32.27	0.271	rgb(220,165,166)	1.6293	None
NR4A3	BCRP3	-0.42922	30.26	-2.6E-01	rgb(160,183,227)	1.5895	None
NKX6-1	TTLL6	0.42908	32.165	0.167	rgb(219,185,185)	1.6272	None
LMX1B	SSTR1	0.42881	32.5	0	rgb(217,217,217)	1.6339	None
NR4A3	NREP	-0.42881	31.565	-6.5E-02	rgb(203,208,219)	1.6153	None
HSF2	CBX4	-0.42867	29.86	-3.6E-01	rgb(139,169,231)	1.5816	None
LMX1B	TTLL7	0.42839	32.25	0.251	rgb(220,169,170)	1.6289	None
NEUROD2	PPP1R14A	-0.42839	31.56	-6.0E-02	rgb(204,209,219)	1.6152	None
PBX1	GCH1	-0.42826	31.195	-1.9E-01	rgb(175,191,224)	1.608	None
NKX2-2	SYT5	0.42812	30.78	0.28	rgb(220,163,164)	1.5998	None
GATA2	FGF2	0.42798	32.5	0	rgb(217,217,217)	1.6339	None
ZFP28	KLK12	-0.42784	31.65	-1.5E-01	rgb(185,197,223)	1.617	None
EGR3	ARHGAP22	-0.4277	31.265	-2.7E-01	rgb(159,182,227)	1.6094	None
GATA2	STMN4	0.42715	32.5	0	rgb(217,217,217)	1.6339	None
LMX1A	KCNE4	0.42715	32.5	0	rgb(217,217,217)	1.6339	None
NHLH1	STARD8	0.42715	32.5	0	rgb(217,217,217)	1.6339	None
SMAD9	USP32P2	0.42715	32.5	0	rgb(217,217,217)	1.6339	None
SIM1	DCX	0.42701	30.78	0.28	rgb(220,164,164)	1.5998	2,2
NR4A2	KANK2	-0.42688	32	-2.4E-03	rgb(216,217,217)	1.6239	None
LMX1A	KIRREL3	0.42674	32.145	0.144	rgb(219,190,190)	1.6268	None
MAFA	SNAP25	0.42646	31.69	0.188	rgb(219,181,181)	1.6178	None
ONECUT3	CRYBA2	-0.42646	31.34	-3.4E-01	rgb(143,172,230)	1.6109	None
RFX6	RGS14	0.42632	29.825	0.325	rgb(221,155,156)	1.5809	None
ZNF846	SCN1B	-0.42619	31.165	-1.6E-01	rgb(181,195,223)	1.6074	None
LMX1B	MTUS2	0.42605	31.215	0.214	rgb(219,176,177)	1.6084	None
MAFA	CHGB	0.42577	29.4	0.398	rgb(221,141,142)	1.5724	None
NR4A2	CYMP	0.42577	29.4	0.398	rgb(221,141,142)	1.5724	None
LMX1A	MLN	0.42563	30.67	0.171	rgb(219,184,185)	1.5976	None
HSF2	AP3B2	-0.4255	31.74	-2.4E-01	rgb(165,185,226)	1.6188	None
PAX6	DPYSL4	-0.42522	30.77	-2.7E-01	rgb(159,181,227)	1.5996	None
PBX1	EPHB3	0.42522	30.77	0.27	rgb(220,166,166)	1.5996	None
PDX1	DPEP1	0.42508	31.54	0.041	rgb(217,209,209)	1.6148	None
GATA4	ZG16	0.42481	32.155	0.157	rgb(219,187,187)	1.627	None
PRDM16	TUBA3FP	-0.42481	32.07	-7.1E-02	rgb(202,208,220)	1.6253	None
LMX1B	SH3RF3	-0.42467	31.66	-1.6E-01	rgb(182,196,223)	1.6172	None
SPIB	NRXN2	0.42453	30.265	0.265	rgb(220,166,167)	1.5896	None
TGIF2	EMB	-0.42439	31.17	-1.7E-01	rgb(180,195,223)	1.6075	None
SPIB	TPST2	0.42425	31.655	0.155	rgb(219,187,188)	1.6171	None
SOX4	HSF2	0.42412	30.89	0.392	rgb(221,142,143)	1.602	None
PRDM16	YPEL1	-0.42398	31.135	-1.4E-01	rgb(187,199,222)	1.6068	None
NR4A2	LINC00261	-0.42384	30.755	-2.5E-01	rgb(162,183,227)	1.5993	None
LHX1	CDH22	-0.4237	30.245	-2.5E-01	rgb(164,185,226)	1.5892	None
MAFA	PRKXP1	-0.42357	30.65	-1.5E-01	rgb(184,197,223)	1.5972	None
MAFA	FCGBP	-0.42343	32.095	-9.4E-02	rgb(197,205,221)	1.6258	None
MAFB	SMAD9	0.42329	31.695	0.194	rgb(219,180,180)	1.6179	None
ZNF382	SIM1	-0.42315	29.815	-3.2E-01	rgb(149,175,229)	1.5807	None
ARX	NALCN	0.42301	31.17	0.169	rgb(219,185,185)	1.6075	None
PDX1	FOXA2	-0.42288	29.845	-3.5E-01	rgb(142,171,230)	1.5813	None
MAFA	BEND5	0.42274	31.645	0.143	rgb(219,190,190)	1.6169	None
ONECUT1	AK311257	0.42246	31.175	0.173	rgb(219,184,184)	1.6076	2,2
RFX2	NPAS3	0.42246	31.54	0.041	rgb(217,209,209)	1.6148	None
ETV1	MUC16	-0.42219	32.165	-1.6E-01	rgb(181,195,223)	1.6272	None
ZFP82	ROBO1	0.42219	30.915	0.416	rgb(222,137,138)	1.6025	None
ARX	NACAD	0.42163	32	0	rgb(217,217,217)	1.6239	None
MAFB	KCNB2	0.42163	32	0	rgb(217,217,217)	1.6239	None
NPAS3	AK123868	0.42163	32	0	rgb(217,217,217)	1.6239	2,2
PAX6	ZNF846	0.42163	32	0	rgb(217,217,217)	1.6239	None
SOX4	ADAMTSL1	-0.4215	31.195	-2.0E-01	rgb(174,191,224)	1.608	None
FOXA2	SSTR5-AS1	-0.42136	30.41	-4.1E-01	rgb(128,163,233)	1.5925	None
EGR3	PTPN22	-0.42122	31.105	-1.0E-01	rgb(194,203,221)	1.6062	None
ONECUT1	SPTBN4	0.42108	31.1	0.099	rgb(218,198,198)	1.6061	None
NR4A2	THBS4	0.42094	32	0	rgb(217,217,217)	1.6239	None
HIF1A	MAML3	0.42081	29.84	0.338	rgb(221,153,153)	1.5812	None
ASCL1	KCNH7	0.42067	30.855	0.357	rgb(221,149,149)	1.6013	None
PAX6	BAMBI	-0.42053	31.23	-2.3E-01	rgb(167,187,226)	1.6087	None
CBX2	AB007962	0.42039	31.715	0.217	rgb(219,176,176)	1.6183	2,2
FEV	NTNG2	0.42025	30.725	0.227	rgb(219,174,174)	1.5987	None
RFX3	TPPP3	0.42012	31.255	0.255	rgb(220,168,169)	1.6092	None
ARNT2	SCUBE1	-0.41998	31.22	-2.2E-01	rgb(169,188,225)	1.6085	None
HSF2	CBFA2T3	0.41984	31.29	0.29	rgb(220,162,162)	1.6099	None
MAFB	ZMYM2	0.41956	32	0	rgb(217,217,217)	1.6239	None
RFX3	MYBPC2	0.41956	32	0	rgb(217,217,217)	1.6239	None
PDX1	CDK5R1	0.41943	31.04	0.038	rgb(217,210,210)	1.6049	None
NFAT5	IMPG1	0.41929	30.905	0.407	rgb(221,139,140)	1.6023	2,2
PBX1	CCDC74A	-0.41915	31.63	-1.3E-01	rgb(189,200,222)	1.6166	None
HOXB9	BCRP3	-0.41901	32.11	-1.1E-01	rgb(193,202,221)	1.6261	None
LMX1B	USP41	-0.41887	30.375	-3.8E-01	rgb(136,167,231)	1.5918	None
HSF2	INHBE	-0.41874	31.54	-3.8E-02	rgb(209,212,218)	1.6148	None
HIF1A	TMEM212	-0.41846	31.285	-2.9E-01	rgb(155,179,228)	1.6098	None
SPIB	SCIMP	-0.41846	31.21	-2.1E-01	rgb(171,189,225)	1.6083	None
ELF4	ZCCHC18	-0.41832	31.105	-1.1E-01	rgb(194,203,221)	1.6062	None
LMX1A	SLC30A4	-0.41818	31.565	-6.6E-02	rgb(203,208,219)	1.6153	None
GLIS2	TSPAN7	0.41805	31.56	0.058	rgb(218,206,206)	1.6152	None
MAFA	POM121L9P	0.41777	32	0	rgb(217,217,217)	1.6239	None
ZFP2	EGR3	0.41777	32	0	rgb(217,217,217)	1.6239	2,2
GATA2	DPEP1	-0.41749	30.885	-3.8E-01	rgb(134,166,232)	1.6019	None
ZFHX2	CSF1R	0.41749	30.715	0.214	rgb(219,176,177)	1.5985	None
ZNF853	LRRC16B	0.41736	31.64	0.142	rgb(219,190,190)	1.6168	2,2
NR4A2	STMN3	-0.41722	30.83	-3.3E-01	rgb(145,173,230)	1.6008	None
NR4A2	SERPINA10	0.41708	31.755	0.254	rgb(220,168,169)	1.6191	None
RFX2	TPPP3	0.41694	31.51	0.01	rgb(217,215,215)	1.6142	None
GATA4	C7	0.4168	31.25	0.252	rgb(220,169,169)	1.6091	None
RORC	FUT1	-0.41667	30.705	-2.0E-01	rgb(173,190,225)	1.5983	None
NR4A3	RGS11	-0.41653	31.18	-1.8E-01	rgb(178,193,224)	1.6077	None
ETV1	SULT1C2P1	-0.41639	31.645	-1.5E-01	rgb(185,198,223)	1.6169	None
ZFP82	TTLL6	0.41625	30.24	0.242	rgb(220,171,171)	1.5891	None
ETS1	RSPH4A	-0.41611	30.83	-3.3E-01	rgb(146,174,229)	1.6008	None
RFX6	CDK5R2	0.41598	28.99	0.491	rgb(222,123,124)	1.5643	None
NR4A2	NINJ1	0.41584	31.175	0.174	rgb(219,184,184)	1.6076	None
NR4A2	SPOCK3	-0.4157	30.7	-2.0E-01	rgb(173,190,225)	1.5982	None
SOX4	CD200	0.41556	32	0	rgb(217,217,217)	1.6239	None
NKX6-1	CNTD2	0.41542	31.61	0.109	rgb(218,196,196)	1.6162	None
PDX1	GAD2	0.41529	30.84	0.341	rgb(221,152,153)	1.601	None
EGR3	CRLF1	0.41501	32	0	rgb(217,217,217)	1.6239	None
ZFP2	RAB40A	0.41501	32	0	rgb(217,217,217)	1.6239	2,2
NR4A2	ARHGAP22	-0.41487	31.78	-2.8E-01	rgb(156,180,228)	1.6196	None
ADNP	PCSK1N	0.41391	32	0	rgb(217,217,217)	1.6239	2,2
ELF4	HGFAC	0.41391	32	0	rgb(217,217,217)	1.6239	None
LMX1B	CNTD2	0.41391	32	0	rgb(217,217,217)	1.6239	None
NKX2-2	CLCA1	0.41391	32	0	rgb(217,217,217)	1.6239	None
PAX6	APLN	0.41391	32	0	rgb(217,217,217)	1.6239	None
ZNF382	RBPMS	0.41391	31.535	0.033	rgb(217,211,211)	1.6147	None
ZNF853	AK127697	0.41391	32	0	rgb(217,217,217)	1.6239	2,2
LMX1B	MSI1	0.41377	29.41	0.409	rgb(222,139,140)	1.5726	None
ELF4	ARHGAP9	-0.41363	31.215	-2.2E-01	rgb(170,189,225)	1.6084	None
GATA2	HIP1	0.41336	30.795	0.295	rgb(220,161,161)	1.6001	None
TEAD2	KCNH2	0.41336	31.185	0.185	rgb(219,182,182)	1.6078	None
ONECUT1	BAALC	0.41322	30.815	0.313	rgb(220,157,158)	1.6005	None
FEV	RSPH4A	0.41308	31.65	0.149	rgb(219,189,189)	1.617	None
HIC1	ZFP28	0.41225	32	0	rgb(217,217,217)	1.6239	None
KCNIP3	LOC389332	0.41225	32	0	rgb(217,217,217)	1.6239	2,2
MAFB	CPE	0.41225	32	0	rgb(217,217,217)	1.6239	None
PAX6	FAM135B	0.41225	32	0	rgb(217,217,217)	1.6239	None
SMAD9	CEND1	0.41225	32	0	rgb(217,217,217)	1.6239	None
ZNF846	NPW	0.41225	32	0	rgb(217,217,217)	1.6239	None
NKX2-2	AK5	0.41211	31.055	0.055	rgb(218,206,207)	1.6052	None
NFAT5	PTGDR2	-0.41198	30.67	-1.7E-01	rgb(180,194,223)	1.5976	None
FEV	PHLDA2	0.41184	28.975	0.475	rgb(222,126,127)	1.564	None
EGR3	ZFP82	0.4117	31.195	0.196	rgb(219,180,180)	1.608	None
GATA4	FGF2	-0.41156	31.735	-2.4E-01	rgb(166,186,226)	1.6187	None
LMX1B	NFASC	0.41142	30.655	0.153	rgb(219,188,188)	1.5973	None
ZNF492	TENM2	0.41129	31.675	0.173	rgb(219,184,184)	1.6175	None
GATA4	FLT1	-0.41115	30.73	-2.3E-01	rgb(167,186,226)	1.5988	None
LHX1	CCDC146	-0.41087	30.785	-2.9E-01	rgb(155,179,228)	1.5999	None
LMX1A	ZNRF3-AS1	-0.41087	30.785	-2.8E-01	rgb(155,179,228)	1.5999	None
HSF2	GRIN1	-0.41073	30.73	-2.3E-01	rgb(167,187,226)	1.5988	None
ELF4	DKK3	-0.4106	30.19	-1.9E-01	rgb(176,192,224)	1.5881	None
RFX3	LINC00643	0.41046	31.205	0.207	rgb(219,177,178)	1.6082	None
PRDM16	S100A1	-0.41032	30.805	-3.1E-01	rgb(150,176,229)	1.6003	None
GATA2	CERS1	-0.41004	31.2	-2.0E-01	rgb(174,191,225)	1.6081	None
POU2F2	SULT2A1	0.41004	31.275	0.276	rgb(220,164,165)	1.6096	None
PDX1	VCAN	-0.40991	31.24	-2.4E-01	rgb(165,185,226)	1.6089	None
FEV	ELAVL3	0.40977	31.21	0.21	rgb(219,177,177)	1.6083	None
ETS1	ISLR2	-0.40963	31.595	-9.3E-02	rgb(197,205,221)	1.6159	None
LHX1	PGF	-0.40949	30.22	-2.2E-01	rgb(170,188,225)	1.5887	None
LMX1A	TTC7B	-0.40935	30.76	-2.6E-01	rgb(161,183,227)	1.5994	None
ONECUT1	CLCA1	0.40922	30.755	0.256	rgb(220,168,169)	1.5993	None
EGR3	SSTR5	-0.40908	30.18	-1.8E-01	rgb(178,193,224)	1.5879	None
GATA4	APBB1	0.4088	31.14	0.141	rgb(219,190,190)	1.6069	None
MAFA	MAPK8IP1	0.4088	29.785	0.287	rgb(220,162,163)	1.5801	None
TEAD1	MPP1	-0.40866	29.36	-3.6E-01	rgb(139,170,231)	1.5717	None
GATA4	ZNF846	-0.40853	30.725	-2.3E-01	rgb(168,187,226)	1.5987	None
ZFHX2	ZFP82	0.40839	29.395	0.395	rgb(221,141,142)	1.5723	None
PDX1	CD96	-0.40811	30.695	-2.0E-01	rgb(175,191,224)	1.5981	None
RFX6	FSTL5	0.40811	28.955	0.454	rgb(222,130,131)	1.5636	None
NPAS3	CRISPLD1	0.40797	30.69	0.192	rgb(219,180,181)	1.598	2,2
NR4A3	CLGN	0.40756	29.39	0.392	rgb(221,142,143)	1.5722	None
PDX1	CTXN1	0.40756	29.39	0.392	rgb(221,142,143)	1.5722	None
ZNF846	LOC100652999	0.40756	29.39	0.388	rgb(221,143,144)	1.5722	2,2
SIM1	KAL1	0.40742	31.06	0.059	rgb(218,206,206)	1.6053	2,2
MAFA	F10	0.40715	30.76	0.258	rgb(220,168,168)	1.5994	None
NR4A3	PRELP	-0.40715	30.76	-2.6E-01	rgb(161,183,227)	1.5994	None
RORC	GRIN1	0.40701	30.675	0.176	rgb(219,183,184)	1.5977	None
SMAD9	CHD5	-0.40687	31.145	-1.4E-01	rgb(186,198,223)	1.607	None
TEAD2	MAD2L2	0.40673	30.655	0.153	rgb(219,188,188)	1.5973	None
MAFB	HDAC7	0.40659	31.23	0.23	rgb(220,173,174)	1.6087	None
GATA4	NRXN2	0.40646	31.045	0.046	rgb(218,208,208)	1.605	None
HOXB9	LRAT	0.40618	31.5	0	rgb(217,217,217)	1.614	None
ZNF846	NEUROD2	0.40618	31.5	0	rgb(217,217,217)	1.614	None
DACH1	FAM105A	0.40577	28.95	0.449	rgb(222,131,132)	1.5635	2,2
ELF4	SPP1	-0.40577	31.185	-1.9E-01	rgb(177,192,224)	1.6078	None
NEUROG3	SPARC	0.40577	29.78	0.281	rgb(220,163,164)	1.58	None
HIC1	LINC00907	-0.40549	30.29	-2.9E-01	rgb(154,179,228)	1.5901	2,2
LHX1	MTUS2	-0.40549	30.29	-2.9E-01	rgb(154,179,228)	1.5901	None
ONECUT2	PPP1R1A	-0.40535	29.805	-3.0E-01	rgb(151,177,229)	1.5805	None
EGR3	TTR	-0.40508	29.355	-3.5E-01	rgb(140,170,230)	1.5716	None
NHLH1	SERTAD1	0.40508	29.355	0.355	rgb(221,149,150)	1.5716	None
PBX1	CNOT6L	0.40494	30.765	0.267	rgb(220,166,167)	1.5995	None
SPIB	ATP6V1G2	0.4048	31.395	0.394	rgb(221,142,143)	1.612	None
ZNF846	FSD1	0.40466	31.5	0	rgb(217,217,217)	1.614	None
ETS1	TGIF2	0.40439	30.16	0.16	rgb(219,187,187)	1.5875	None
SOX4	CDKN1A	-0.40439	30.16	-1.6E-01	rgb(183,196,223)	1.5875	None
ONECUT3	TEAD1	0.40425	30.31	0.312	rgb(220,157,158)	1.5905	None
ONECUT3	CTTNBP2	-0.40411	30.205	-2.0E-01	rgb(173,190,225)	1.5884	None
ZFHX2	BAIAP3	0.40397	31.34	0.339	rgb(221,152,153)	1.6109	None
HIF1A	ELF4	0.40384	31.335	0.334	rgb(221,153,154)	1.6108	None
ADNP	MFAP2	-0.4037	31.55	-5.2E-02	rgb(206,210,219)	1.615	2,2
LMX1A	ATP6V0E2	-0.40342	30.7	-2.0E-01	rgb(174,191,225)	1.5982	None
MAFA	TTYH2	0.40342	29.385	0.383	rgb(221,144,145)	1.5722	None
ZNF846	ICA1L	0.40328	30.305	0.303	rgb(220,159,160)	1.5904	None
GATA2	SMARCC1	-0.40301	30.775	-2.8E-01	rgb(157,181,228)	1.5997	None
HOXB9	BRSK1	-0.40301	31.12	-1.2E-01	rgb(191,201,222)	1.6065	None
PAX6	TCEAL1	-0.40287	30.65	-1.5E-01	rgb(184,197,223)	1.5972	None
ZNF846	MPP1	-0.40273	30.2	-2.0E-01	rgb(174,191,225)	1.5883	None
HSF2	ZFP28	-0.40259	31.53	-2.9E-02	rgb(211,213,218)	1.6146	None
PRDM16	KIF19	-0.40246	30.63	-1.3E-01	rgb(189,200,222)	1.5968	None
ETV1	GFRA1	0.40232	30.595	0.097	rgb(218,198,199)	1.5961	None
FOXA2	CADPS	0.40218	30.59	0.092	rgb(218,200,200)	1.596	None
RFX3	MAPK8IP1	0.40204	30.635	0.133	rgb(218,192,192)	1.5969	None
GATA4	TFCP2L1	-0.4019	30.425	-4.3E-01	rgb(124,161,233)	1.5928	None
ZFP28	CTTNBP2	-0.40177	30.795	-3.0E-01	rgb(153,178,228)	1.6001	None
ELF4	ITPR1	-0.40163	30.695	-2.0E-01	rgb(175,191,224)	1.5981	None
EGR3	CBLN1	-0.40108	30.755	-2.6E-01	rgb(161,183,227)	1.5993	None
ETS1	PAX6	0.40108	31.5	0	rgb(217,217,217)	1.614	None
PDX1	RBP2	0.40108	31.5	0	rgb(217,217,217)	1.614	None
ZFP28	DNAH11	0.40108	31.5	0	rgb(217,217,217)	1.614	None
ZNF846	PTPN22	0.40094	30.195	0.195	rgb(219,180,180)	1.5882	None
MAFB	ACE	0.4008	30.665	0.167	rgb(219,185,185)	1.5975	None
NEUROD2	RAB26	0.40066	30.66	0.161	rgb(219,186,186)	1.5974	None
ZNF846	PTP4A3	-0.40052	30.125	-1.3E-01	rgb(190,200,222)	1.5868	None
TFCP2L1	FUT7	0.40039	31.155	0.157	rgb(219,187,187)	1.6072	None
ZNF846	MRPL34	-0.40025	29.38	-3.8E-01	rgb(135,167,231)	1.5721	None
MAFA	RFX6	0.40011	29.77	0.27	rgb(220,166,166)	1.5798	None
LMX1A	MTUS2	0.39983	31.075	0.073	rgb(218,203,203)	1.6056	None
PDX1	MAP1B	0.39983	30.68	0.18	rgb(219,183,183)	1.5978	None
SOX4	FTCD	-0.3997	29.795	-3.0E-01	rgb(153,178,228)	1.5803	None
NHLH1	GPC2	0.39956	30.71	0.212	rgb(219,176,177)	1.5984	None
NEUROD2	CD96	0.39914	31.5	0	rgb(217,217,217)	1.614	None
SMAD9	STARD8	0.39914	31.5	0	rgb(217,217,217)	1.614	None
TEAD1	LZTS1	0.39914	31.5	0	rgb(217,217,217)	1.614	None
ELF4	MYBPC2	-0.39901	30.415	-4.1E-01	rgb(127,162,233)	1.5926	None
ASCL1	MAPK4	0.39887	29.345	0.344	rgb(221,151,152)	1.5714	None
ZNF117	CNTN3	0.39873	31.18	0.18	rgb(219,183,183)	1.6077	2,2
TFCP2L1	MMP11	0.39859	30.735	0.234	rgb(220,172,173)	1.5989	None
MAFF	RFX2	0.39845	29.375	0.373	rgb(221,146,146)	1.572	None
HIC1	NR2F2-AS1	0.39832	30.69	0.191	rgb(219,180,181)	1.598	None
RFX3	SDK2	0.39818	31.5	0	rgb(217,217,217)	1.614	None
ZNF846	TOX3	0.39804	30.37	0.369	rgb(221,147,147)	1.5917	None
TP73	AMBP	0.3979	30.685	0.183	rgb(219,182,182)	1.5979	None
TEAD2	MAPK8IP1	0.39776	30.185	0.183	rgb(219,182,182)	1.588	None
AEBP1	AK127697	-0.39763	31.245	-2.4E-01	rgb(164,185,226)	1.609	2,2
MAFA	SYNM	0.39735	29.765	0.267	rgb(220,166,166)	1.5797	None
ZFP2	CTAGE15	0.39735	31.5	0	rgb(217,217,217)	1.614	2,2
NR4A2	HSF2	0.39721	30.625	0.125	rgb(218,193,193)	1.5967	None
NKX2-2	NHSL2	-0.39708	30.795	-2.9E-01	rgb(153,178,228)	1.6001	None
NR4A2	GOLGA7B	0.39694	30.25	0.248	rgb(220,170,170)	1.5893	None
TGIF2	MAPK7	0.39666	31.5	0	rgb(217,217,217)	1.614	None
ZNF492	GCH1	0.39666	31.5	0	rgb(217,217,217)	1.614	None
PBX1	INSM1	-0.39652	30.39	-3.9E-01	rgb(132,165,232)	1.5921	None
ONECUT1	FGF2	-0.39639	30.71	-2.1E-01	rgb(172,190,225)	1.5984	None
LHX1	NPM2	-0.39625	30.635	-1.4E-01	rgb(187,199,222)	1.5969	None
MAFB	TMEM190	0.39611	31.5	0	rgb(217,217,217)	1.614	None
SPIB	SMAD9	0.39597	31.015	0.015	rgb(217,214,214)	1.6044	None
HEYL	TEAD2	0.3957	30.705	0.205	rgb(219,178,178)	1.5983	None
NKX2-2	TMEM178B	-0.3957	30.66	-1.6E-01	rgb(182,196,223)	1.5974	None
TP73	CLCNKA	0.39556	29.37	0.37	rgb(221,146,147)	1.5719	None
TEAD1	STMND1	0.39542	30.7	0.199	rgb(219,179,179)	1.5982	None
RFX6	LRAT	0.39528	29.34	0.341	rgb(221,152,152)	1.5713	None
PBX1	MDK	-0.39514	30.32	-3.2E-01	rgb(147,175,229)	1.5907	None
ELF4	SYT14	-0.39501	29.76	-2.6E-01	rgb(160,182,227)	1.5796	None
TEAD1	DNAH11	0.39487	30.84	0.341	rgb(221,152,152)	1.601	None
ONECUT1	GRB14	0.39473	30.39	0.389	rgb(221,143,144)	1.5921	None
NFAT5	CDH22	-0.39445	30.33	-3.3E-01	rgb(146,174,229)	1.5909	None
ZFP28	SGSM1	-0.39445	30.33	-3.3E-01	rgb(146,174,229)	1.5909	None
GATA4	IRF2BP1	0.39432	31.135	0.133	rgb(218,192,192)	1.6068	None
ONECUT2	AKR1B1	-0.39418	30.73	-2.3E-01	rgb(167,186,226)	1.5988	None
TFCP2L1	EVA1A	0.39404	29.915	0.416	rgb(222,138,138)	1.5826	None
PRDM16	TSPAN11	-0.3939	30.32	-3.2E-01	rgb(148,175,229)	1.5907	None
ETV1	ISL1	0.39363	29.365	0.363	rgb(221,148,148)	1.5718	None
LMX1B	LGR6	0.39363	29.365	0.365	rgb(221,147,148)	1.5718	None
PRDM16	LINC00939	0.39335	30.165	0.166	rgb(219,185,186)	1.5876	None
RORC	VSTM4	-0.39335	30.165	-1.6E-01	rgb(181,195,223)	1.5876	None
MAFA	CBX7	0.39321	30.545	0.047	rgb(218,208,208)	1.5951	None
LHX1	BAALC	-0.39307	30.78	-2.8E-01	rgb(157,180,228)	1.5998	None
LMX1A	SIM1	-0.39294	30.7	-2.0E-01	rgb(173,190,225)	1.5982	None
GATA2	TMEM132B	0.3928	30.16	0.158	rgb(219,187,187)	1.5875	None
ZFHX2	SAMD11	-0.39266	29.335	-3.3E-01	rgb(145,173,230)	1.5712	None
ONECUT1	LMX1A	0.39252	29.75	0.252	rgb(220,169,169)	1.5794	None
SOX4	CHD5	-0.39238	31.11	-1.1E-01	rgb(193,203,221)	1.6063	None
RORC	CHST8	0.39225	30.255	0.254	rgb(220,169,169)	1.5894	None
ZNF492	TUB	0.39211	30.155	0.156	rgb(219,187,187)	1.5874	None
LMX1A	TMEM132B	0.39197	30.24	0.24	rgb(220,171,172)	1.5891	None
MAFB	C1QL1	0.39183	30.33	0.332	rgb(221,154,154)	1.5909	None
LHX1	AK127697	-0.39169	30.585	-8.4E-02	rgb(199,206,220)	1.5959	2,2
PAX6	RGS9	-0.39156	30.215	-2.1E-01	rgb(170,189,225)	1.5886	None
MAFA	ANK2	0.39128	29.33	0.328	rgb(221,154,155)	1.5711	None
MYT1	KCNMB2-IT1	0.39128	29.33	0.332	rgb(221,154,154)	1.5711	2,2
RORC	HGFAC	-0.391	30.675	-1.8E-01	rgb(179,194,224)	1.5977	None
RORC	TUB	-0.391	30.27	-2.7E-01	rgb(159,182,227)	1.5897	None
LMX1B	KCTD12	0.39073	29.36	0.36	rgb(221,148,149)	1.5717	None
ZFHX2	SBK1	0.39073	29.36	0.358	rgb(221,149,149)	1.5717	None
RFX3	LRRC49	0.39059	30.31	0.31	rgb(220,158,158)	1.5905	None
EGR3	RPRML	-0.39045	30.23	-2.3E-01	rgb(167,186,226)	1.5889	None
ZNF519	IFIT1	0.39031	30.245	0.243	rgb(220,171,171)	1.5892	None
GATA4	NPTX1	0.39018	31.105	0.103	rgb(218,197,198)	1.6062	None
FOXA1	EVA1A	-0.3899	30.24	-2.4E-01	rgb(165,186,226)	1.5891	None
GATA4	SRCIN1	-0.3899	30.24	-2.4E-01	rgb(165,185,226)	1.5891	None
HOXB9	FTCD	0.38976	31.085	0.087	rgb(218,200,200)	1.6058	None
POU6F1	FGF9	-0.38962	30.725	-2.3E-01	rgb(168,187,226)	1.5987	None
NEUROD2	CIT	0.38935	28.91	0.411	rgb(222,138,139)	1.5627	None
PAX6	SLC25A53	-0.38935	28.91	-4.1E-01	rgb(128,163,233)	1.5627	None
TGIF2	MLN	-0.38921	30.6	-1.0E-01	rgb(195,204,221)	1.5962	None
ATF6	RFX3	-0.38907	29.325	-3.2E-01	rgb(147,174,229)	1.571	None
RORC	MSI1	0.38893	30.26	0.262	rgb(220,167,168)	1.5895	None
FOXP2	STMN2	0.3888	31.11	0.111	rgb(218,196,196)	1.6063	None
GATA4	IGSF21	0.38852	30.235	0.233	rgb(220,173,173)	1.589	None
TFCP2L1	PPP1R3C	0.38852	29.86	0.36	rgb(221,148,149)	1.5816	None
ATF6	AEBP1	-0.38838	30.67	-1.7E-01	rgb(181,195,223)	1.5976	None
ZFHX2	SOX4	0.38825	30.34	0.342	rgb(221,152,152)	1.5911	None
ELF4	ZFP2	-0.38811	29.74	-2.4E-01	rgb(165,185,226)	1.5792	None
HHEX	DTX3	0.38783	29.355	0.356	rgb(221,149,150)	1.5716	2,2
ONECUT3	PCAT1	-0.38783	30.64	-1.4E-01	rgb(187,199,222)	1.597	None
RFX6	NCALD	0.38769	30.675	0.175	rgb(219,184,184)	1.5977	None
GATA4	LINGO1	0.38714	31	0	rgb(217,217,217)	1.6041	None
LHX1	WSCD1	0.38714	31	0	rgb(217,217,217)	1.6041	None
NKX6-1	PBOV1	0.38714	31	0	rgb(217,217,217)	1.6041	None
ST18	ISL1	0.38714	31	0	rgb(217,217,217)	1.6041	None
EGR3	THBS4	0.387	30.215	0.216	rgb(219,176,176)	1.5886	None
LHX1	UCN3	-0.38673	28.905	-4.1E-01	rgb(129,163,232)	1.5626	None
PBX1	HOMEZ	0.38673	28.905	0.407	rgb(221,139,140)	1.5626	None
NR4A2	USH2A	0.38645	30.28	0.28	rgb(220,163,164)	1.5899	None
TEAD1	ZNF519	0.38645	30.755	0.256	rgb(220,168,169)	1.5993	None
GATA6	EMB	0.38631	29.85	0.351	rgb(221,150,151)	1.5814	None
PBX1	ADAM12	-0.38618	30.53	-3.1E-02	rgb(210,213,218)	1.5948	None
HSF2	CRY2	-0.38604	29.845	-3.5E-01	rgb(142,171,230)	1.5813	None
NHLH1	DZIP1	-0.3859	30.18	-1.8E-01	rgb(178,193,224)	1.5879	None
NKX6-1	TTC7B	0.38576	30.595	0.095	rgb(218,199,199)	1.5961	None
EGR3	FUT1	0.38562	30.105	0.104	rgb(218,197,197)	1.5864	None
ZNF846	NFAT5	0.38549	30.215	0.216	rgb(219,176,176)	1.5886	None
PDX1	VGF	0.38535	30.245	0.244	rgb(220,170,171)	1.5892	None
TSHZ1	FLJ22184	-0.38521	30.22	-2.2E-01	rgb(169,188,225)	1.5887	2,2
ADNP	DUSP26	0.38438	31	0	rgb(217,217,217)	1.6041	2,2
MAFA	PLXNC1	0.38438	29.84	0.341	rgb(221,152,153)	1.5812	None
MAFB	DHRS2	0.38438	30.86	0.36	rgb(221,148,149)	1.6014	None
ONECUT2	JPH4	0.38438	31	0	rgb(217,217,217)	1.6041	None
SOX4	CLIP3	0.38438	31	0	rgb(217,217,217)	1.6041	None
TEAD1	ZFP82	0.38438	31	0	rgb(217,217,217)	1.6041	None
ZNF519	NEUROD2	0.38424	30.225	0.225	rgb(219,174,175)	1.5888	None
ONECUT1	UNC5D	0.38411	30.365	0.364	rgb(221,147,148)	1.5916	None
PRDM16	UCP2	-0.38397	30.51	-8.6E-03	rgb(215,216,217)	1.5944	None
ATF5	LRRC49	0.38383	30.285	0.287	rgb(220,162,163)	1.59	None
FOXA1	UBL5	-0.38369	29.315	-3.1E-01	rgb(149,176,229)	1.5708	None
TFCP2L1	ONECUT3	0.38355	30.21	0.21	rgb(219,177,177)	1.5885	None
ETS1	CREBRF	0.38342	30.04	0.039	rgb(217,210,210)	1.5851	None
LHX1	MLN	-0.38328	30.16	-1.6E-01	rgb(182,196,223)	1.5875	None
NHLH1	PTGDR2	0.38314	30.18	0.179	rgb(219,183,183)	1.5879	None
PDX1	PRRT3	-0.383	29.825	-3.2E-01	rgb(147,174,229)	1.5809	None
TEAD1	ZNRF3-AS1	0.38286	31	0	rgb(217,217,217)	1.6041	None
TFCP2L1	CPA1	-0.38273	29.76	-2.6E-01	rgb(160,182,227)	1.5796	None
FEV	SLC18A1	0.38245	28.97	0.472	rgb(222,127,128)	1.5639	None
MAFA	BEX2	0.38245	30.645	0.143	rgb(219,190,190)	1.5971	None
ZNF846	ONECUT3	0.38231	30.365	0.364	rgb(221,147,148)	1.5916	None
MLXIPL	SSTR5-AS1	0.38217	31	0	rgb(217,217,217)	1.6041	None
ASCL2	PKIA	-0.38176	30.54	-3.9E-02	rgb(208,212,218)	1.595	None
LHX1	HOPX	-0.38176	30.195	-1.9E-01	rgb(175,192,224)	1.5882	None
TEAD2	CLCNKA	0.38176	31	0	rgb(217,217,217)	1.6041	None
LMX1B	NREP	-0.38162	30.235	-2.3E-01	rgb(166,186,226)	1.589	None
ONECUT3	MUC16	0.38148	29.34	0.338	rgb(221,152,153)	1.5713	None
ASCL1	KCNJ11	0.38066	31	0	rgb(217,217,217)	1.6041	None
FEV	SST	0.38066	31	0	rgb(217,217,217)	1.6041	None
LHX1	FAM161A	-0.38066	30.14	-1.4E-01	rgb(186,198,222)	1.5871	None
LMX1B	SSTR2	0.38066	31	0	rgb(217,217,217)	1.6041	None
SOX4	NAALADL1	0.38066	31	0	rgb(217,217,217)	1.6041	None
ZNF382	TSNAX-DISC1	0.38066	31	0	rgb(217,217,217)	1.6041	None
ATF6	NKAIN1	0.38052	31	0	rgb(217,217,217)	1.6041	None
HSF2	LRAT	0.38038	30.365	0.367	rgb(221,147,148)	1.5916	None
FEV	G0S2	-0.38024	30.705	-2.1E-01	rgb(172,190,225)	1.5983	None
EGR3	SV2A	0.3801	30.23	0.232	rgb(220,173,173)	1.5889	None
ARX	FAM131B	-0.37969	30.125	-1.2E-01	rgb(190,201,222)	1.5868	None
MAFB	NTNG2	0.37969	31	0	rgb(217,217,217)	1.6041	None
ONECUT1	BASP1	0.37969	31	0	rgb(217,217,217)	1.6041	None
LMX1B	RNF157	0.37955	30.695	0.193	rgb(219,180,180)	1.5981	None
ETV1	ADAMTSL2	0.37942	30.155	0.157	rgb(219,187,187)	1.5874	None
ELF4	UBL5	-0.37928	30.545	-4.5E-02	rgb(207,211,219)	1.5951	None
ELF4	MUC5B	0.37886	31	0	rgb(217,217,217)	1.6041	None
TEAD1	CTXN1	0.37886	31	0	rgb(217,217,217)	1.6041	None
ZFHX2	GATA4	0.37886	31	0	rgb(217,217,217)	1.6041	None
ZFP90	WSCD1	0.37873	30.205	0.205	rgb(219,178,178)	1.5884	None
LMX1B	MAP2	0.37859	30.14	0.142	rgb(219,190,190)	1.5871	None
SPIB	KIF19	-0.37845	29.805	-3.0E-01	rgb(151,177,229)	1.5805	None
NR4A3	MAGED1	-0.37831	28.89	-3.9E-01	rgb(132,165,232)	1.5623	None
SOX4	NPTX1	0.37817	30.15	0.148	rgb(219,189,189)	1.5873	None
LTF	PCDH11X	-0.37804	30.14	-1.4E-01	rgb(186,198,222)	1.5871	2,2
NR4A2	RRAGD	0.3779	29.705	0.203	rgb(219,178,179)	1.5785	None
HSF2	F10	-0.37735	29.305	-3.1E-01	rgb(151,177,229)	1.5706	None
MAFB	EID1	-0.37735	29.305	-3.1E-01	rgb(151,177,229)	1.5706	None
MAFF	GOLGA7B	-0.37735	29.305	-3.1E-01	rgb(151,177,229)	1.5706	None
NR4A2	ABLIM2	-0.37735	29.305	-3.0E-01	rgb(151,177,229)	1.5706	None
MAFB	FAM71E2	0.37721	29.8	0.299	rgb(220,160,161)	1.5804	None
NHLH1	DLL4	0.37707	30.145	0.145	rgb(219,189,190)	1.5872	None
EGR3	SULT2A1	0.37666	30.21	0.21	rgb(219,177,177)	1.5885	None
PBX1	CAND2	-0.37666	30.675	-1.7E-01	rgb(179,194,224)	1.5977	None
TEAD2	KCNH3	0.37666	30.135	0.137	rgb(219,191,191)	1.587	None
ONECUT1	GDAP1	0.37652	30.15	0.151	rgb(219,188,188)	1.5873	None
ZFHX2	FBXL16	-0.37638	30.29	-2.9E-01	rgb(155,179,228)	1.5901	None
NPAS3	HMP19	0.37624	29.7	0.201	rgb(219,179,179)	1.5784	2,2
ZFHX2	ZNF117	0.3761	29.865	0.364	rgb(221,148,148)	1.5817	None
GATA4	GCG	-0.37597	30.58	-7.8E-02	rgb(200,207,220)	1.5958	None
LMX1B	PSD	0.37583	30.13	0.13	rgb(218,192,192)	1.5869	None
PRDM16	TUBB3	-0.37569	30.12	-1.2E-01	rgb(191,201,222)	1.5867	None
MAFA	SPRED3	0.37555	28.885	0.386	rgb(221,143,144)	1.5622	None
NKX2-2	PTGDR2	-0.37528	29.3	-3.0E-01	rgb(151,177,228)	1.5705	None
PRDM16	SYT5	-0.37528	29.3	-3.0E-01	rgb(151,177,228)	1.5705	None
ELF4	KCNK16	-0.37514	29.785	-2.8E-01	rgb(155,180,228)	1.5801	None
HSF2	NEGR1	-0.37486	30.2	-2.0E-01	rgb(174,191,225)	1.5883	None
SOX4	MDK	0.37486	28.935	0.437	rgb(222,133,134)	1.5632	None
MYT1	AX747090	0.37472	30.26	0.26	rgb(220,167,168)	1.5895	2,2
HSF2	BRS3	-0.37459	30.25	-2.5E-01	rgb(162,184,227)	1.5893	None
MAFB	LSP1	0.37445	30.195	0.196	rgb(219,180,180)	1.5882	None
ETV1	CLIP3	-0.37431	30.115	-1.1E-01	rgb(192,202,221)	1.5866	None
ETS1	NINJ1	0.37403	29.91	0.409	rgb(221,139,140)	1.5825	None
TFCP2L1	TMEM132C	0.37403	30.27	0.272	rgb(220,165,166)	1.5897	None
ONECUT3	LAMP5	0.37362	29.325	0.325	rgb(221,155,156)	1.571	None
TEAD1	DKK3	0.37362	29.325	0.326	rgb(221,155,155)	1.571	None
ZFHX2	COL22A1	0.37362	29.325	0.327	rgb(221,154,155)	1.571	None
ONECUT1	ADNP	0.37348	30.245	0.243	rgb(220,171,171)	1.5892	None
PAX6	ASIC4	0.37334	30.025	0.027	rgb(217,212,212)	1.5848	None
NR4A2	NPM2	-0.37321	30.14	-1.4E-01	rgb(187,199,222)	1.5871	None
MAFA	GLT8D2	0.37293	30.185	0.183	rgb(219,182,182)	1.588	None
NHLH1	BGN	-0.37293	30.235	-2.3E-01	rgb(166,186,226)	1.589	None
PAX6	BASP1	0.37265	30.5	0	rgb(217,217,217)	1.5942	None
SMAD9	CDH5	0.37265	30.5	0	rgb(217,217,217)	1.5942	None
ONECUT1	MRPL34	-0.37252	30.15	-1.5E-01	rgb(184,197,223)	1.5873	None
ONECUT1	GLYATL3	0.37238	30.065	0.065	rgb(218,205,205)	1.5856	None
RORC	GPR137C	-0.37224	30.255	-2.6E-01	rgb(162,183,227)	1.5894	None
FOXA2	WNK2	0.37183	30.6	0.101	rgb(218,198,198)	1.5962	None
MAFF	PAPPA2	0.37183	30.19	0.191	rgb(219,181,181)	1.5881	None
NR4A2	SLC6A17	-0.37183	30.6	-1.0E-01	rgb(195,204,221)	1.5962	None
TP73	RCOR2	0.37169	30.045	0.047	rgb(218,208,208)	1.5852	None
ETS1	CHRNB4	-0.37155	30.175	-1.7E-01	rgb(179,194,224)	1.5878	None
ZNF846	ADAM20P1	0.37141	29.89	0.388	rgb(221,143,144)	1.5822	2,2
ONECUT1	BCAT1	0.37127	30.065	0.064	rgb(218,205,205)	1.5856	None
ETV1	FER1L6-AS1	0.371	30.5	0	rgb(217,217,217)	1.5942	None
ETV1	TUB	0.371	30.5	0	rgb(217,217,217)	1.5942	None
ZFP62	LOC100130000	0.37086	30.61	0.111	rgb(218,196,196)	1.5964	2,2
LHX1	UNC5D	-0.37072	30.02	-2.2E-02	rgb(212,214,218)	1.5847	None
NKX2-2	LMX1B	0.37058	30.585	0.083	rgb(218,201,201)	1.5959	None
ZNF846	MAP2	-0.37045	30.215	-2.1E-01	rgb(171,189,225)	1.5886	None
EGR3	NREP	0.37017	29.32	0.32	rgb(221,156,156)	1.5709	None
FOXA2	ZFP90	0.37017	29.32	0.321	rgb(221,156,156)	1.5709	None
ZFHX2	SLC6A16	0.37003	29.86	0.359	rgb(221,149,149)	1.5816	None
ELF4	ETS1	0.3699	30.11	0.112	rgb(218,196,196)	1.5865	None
EGR3	LAPTM5	-0.36976	29.865	-3.6E-01	rgb(138,169,231)	1.5817	None
ETS1	ZG16	0.36907	30.5	0	rgb(217,217,217)	1.5942	None
LMX1B	PPP1R3C	0.36907	30.5	0	rgb(217,217,217)	1.5942	None
MAFF	AK126318	0.36907	30.5	0	rgb(217,217,217)	1.5942	2,2
ONECUT1	BC041449	0.36907	30.5	0	rgb(217,217,217)	1.5942	2,2
ZNF492	MED12L	0.36907	30.5	0	rgb(217,217,217)	1.5942	None
MAFA	STARD8	-0.36879	30.56	-5.8E-02	rgb(204,209,219)	1.5954	None
RORC	MYBPC2	0.36879	29.315	0.315	rgb(220,157,157)	1.5708	None
NEUROD1	PBOV1	-0.36865	30.175	-1.8E-01	rgb(179,194,224)	1.5878	None
NKX2-2	JAKMIP2	0.36852	30.13	0.132	rgb(218,192,192)	1.5869	None
ETS1	ITGBL1	0.36783	30.5	0	rgb(217,217,217)	1.5942	None
HOXB9	LAMP5	0.36783	30.5	0	rgb(217,217,217)	1.5942	None
MAFA	IRF2BP1	0.36783	30.5	0	rgb(217,217,217)	1.5942	None
NR4A2	MYRF	-0.36783	29.945	-4.5E-01	rgb(120,158,234)	1.5832	None
NR4A2	SLC38A5	0.36783	30.5	0	rgb(217,217,217)	1.5942	None
MYRF	DQ598910	-0.36769	30.185	-1.9E-01	rgb(176,192,224)	1.588	2,2
HSF2	SAMD5	0.36755	29.83	0.33	rgb(221,154,155)	1.581	None
NEUROD2	ST18	0.36741	28.87	0.37	rgb(221,146,147)	1.5619	None
PAX6	PRRT3	-0.36727	30.125	-1.2E-01	rgb(190,201,222)	1.5868	None
LMX1A	MEP1B	0.36714	29.82	0.318	rgb(220,156,157)	1.5808	None
LMX1A	MAPK8IP2	-0.36686	29.855	-3.6E-01	rgb(140,170,231)	1.5815	2,2
NFAT5	MSMB	0.36686	30.5	0	rgb(217,217,217)	1.5942	None
ZNF519	WNT9A	-0.36672	29.72	-2.2E-01	rgb(169,188,225)	1.5788	None
PDX1	PRKCG	-0.36645	29.31	-3.1E-01	rgb(150,176,229)	1.5707	None
SOX4	UCN3	-0.36645	29.31	-3.1E-01	rgb(150,176,229)	1.5707	None
ELF4	RORC	0.36631	30.29	0.289	rgb(220,162,162)	1.5901	None
ETS1	CFC1	0.36617	30.235	0.236	rgb(220,172,172)	1.589	None
RFX2	CPT1C	0.36603	29.64	0.139	rgb(219,190,191)	1.5772	None
ZFP82	NFAT5	0.36589	29.77	0.27	rgb(220,165,166)	1.5798	None
RFX2	HOPX	0.36548	30.28	0.278	rgb(220,164,164)	1.5899	None
RORC	ACBD7	-0.36548	28.865	-3.7E-01	rgb(138,169,231)	1.5619	None
ZFHX2	KCNJ3	-0.36548	28.865	-3.6E-01	rgb(138,169,231)	1.5619	None
MAFB	SULT1C2P1	-0.36534	29.775	-2.7E-01	rgb(157,181,227)	1.5799	None
GATA4	SH3GL1P1	0.3652	30.14	0.139	rgb(219,190,191)	1.5871	2,2
GATA4	CYGB	0.36479	30.5	0	rgb(217,217,217)	1.5942	None
LMX1A	TENM2	0.36479	30.5	0	rgb(217,217,217)	1.5942	None
PDX1	SAP30	0.36479	30.5	0	rgb(217,217,217)	1.5942	None
HSF2	IFIT1	-0.36465	30.13	-1.3E-01	rgb(188,200,222)	1.5869	None
ETS1	NR4A2	-0.36451	29.86	-3.6E-01	rgb(139,170,231)	1.5816	None
MYT1	GPR133	0.36438	30.16	0.158	rgb(219,187,187)	1.5875	2,2
HIF1A	FLJ00385	0.36424	29.85	0.351	rgb(221,150,151)	1.5814	2,2
PBX1	SAMD14	0.36382	30.5	0	rgb(217,217,217)	1.5942	None
RORC	MLN	0.36382	30.5	0	rgb(217,217,217)	1.5942	None
TEAD1	ROBO1	0.36382	30.5	0	rgb(217,217,217)	1.5942	None
NHLH1	TACR3	-0.36369	29.83	-3.3E-01	rgb(145,173,230)	1.581	2,2
HHEX	BC107568	0.36341	29.83	0.332	rgb(221,154,154)	1.581	2,2
LMX1A	CRY2	-0.36341	29.81	-3.1E-01	rgb(150,176,229)	1.5806	None
ASCL2	EID2	0.36244	30.5	0	rgb(217,217,217)	1.5942	None
ETS1	LHX1	0.36244	30.5	0	rgb(217,217,217)	1.5942	None
HES4	LHX1	0.36244	30.5	0	rgb(217,217,217)	1.5942	None
HSF2	MMD2	0.36244	30.5	0	rgb(217,217,217)	1.5942	None
NR4A2	SPRED3	0.36244	30.5	0	rgb(217,217,217)	1.5942	None
SMAD9	RCOR3	0.36244	30.5	0	rgb(217,217,217)	1.5942	None
TGIF2	APLN	0.36244	30.5	0	rgb(217,217,217)	1.5942	None
GATA2	MEP1B	0.36217	30.11	0.11	rgb(218,196,196)	1.5865	None
TGIF2	OR51E1	0.36217	29.71	0.212	rgb(219,176,177)	1.5786	None
GLIS2	PTPN22	0.36189	30.5	0	rgb(217,217,217)	1.5942	None
HSF2	UNC5D	0.36189	30.5	0	rgb(217,217,217)	1.5942	None
EGR3	GIP	-0.3612	29.75	-2.5E-01	rgb(163,184,226)	1.5794	None
HOXB9	FGF2	0.3612	30.5	0	rgb(217,217,217)	1.5942	None
LHX1	LDHAL6A	0.3612	30.5	0	rgb(217,217,217)	1.5942	None
MAFA	SLC35F3	0.3612	30.5	0	rgb(217,217,217)	1.5942	None
ZNF492	HDAC7	0.3612	30.5	0	rgb(217,217,217)	1.5942	None
PBX1	CXXC4	0.36107	29.75	0.25	rgb(220,169,170)	1.5794	None
ASCL2	CHRNB2	-0.36093	29.78	-2.8E-01	rgb(156,180,228)	1.58	None
HIC1	MAPK12	-0.36079	29.605	-1.1E-01	rgb(194,203,221)	1.5765	None
ELF4	IL17C	0.36051	30.5	0	rgb(217,217,217)	1.5942	None
PBX1	STMND1	0.36051	30	6.7E-04	rgb(217,217,217)	1.5843	None
ELF4	FAM227A	-0.36024	28.86	-3.6E-01	rgb(139,169,231)	1.5618	None
NEUROG3	CPLX1	0.36024	28.86	0.36	rgb(221,148,149)	1.5618	None
GATA2	BASP1	0.3601	29.81	0.308	rgb(220,158,159)	1.5806	None
LHX1	CIB4	-0.35996	29.795	-3.0E-01	rgb(152,178,228)	1.5803	None
ONECUT1	ADCY5	0.35982	29.765	0.267	rgb(220,166,166)	1.5797	None
EGR3	OGFRL1	-0.35955	30.07	-7.0E-02	rgb(202,208,220)	1.5857	None
NR4A2	CALCOCO1	0.35955	30.07	0.072	rgb(218,203,203)	1.5857	None
LHX1	GLT8D2	-0.35941	29.79	-2.9E-01	rgb(154,179,228)	1.5802	None
RFX6	GPR142	0.35927	29.53	0.029	rgb(217,212,212)	1.575	None
ATF6	NOXO1	-0.35913	28.895	-3.9E-01	rgb(132,165,232)	1.5624	None
ONECUT1	FLJ35024	0.359	30.165	0.163	rgb(219,186,186)	1.5876	2,2
HSF2	SHC3	-0.35886	29.78	-2.8E-01	rgb(157,180,228)	1.58	None
HIC1	TRAM1L1	0.35872	29.755	0.257	rgb(220,168,168)	1.5795	2,2
GATA4	GHRL	0.35858	29.505	0.005	rgb(217,216,216)	1.5745	None
MAFF	LRRN2	-0.35844	28.855	-3.5E-01	rgb(140,170,230)	1.5617	None
SMAD9	CHRNA1	-0.35831	29.78	-2.8E-01	rgb(156,180,228)	1.58	None
NR4A2	RET	-0.35803	29.27	-2.7E-01	rgb(158,181,227)	1.5699	None
PDX1	CNTD2	-0.35803	29.27	-2.7E-01	rgb(159,182,227)	1.5699	None
TEAD1	SMOC2	-0.35789	29.765	-2.7E-01	rgb(159,182,227)	1.5797	None
GATA2	KCNMB2	0.35775	29.695	0.196	rgb(219,180,180)	1.5783	None
ATF5	FW340027	-0.35748	30.155	-1.5E-01	rgb(184,197,223)	1.5874	2,2
ZNF492	FAM106CP	0.35748	30.155	0.154	rgb(219,188,188)	1.5874	2,2
HSF2	PROX1	0.35734	29.705	0.204	rgb(219,178,179)	1.5785	None
EGR3	NEGR1	0.35706	29.745	0.246	rgb(220,170,170)	1.5793	None
RFX3	MMD2	0.35706	29.745	0.247	rgb(220,170,170)	1.5793	None
MAFB	CAMK2N2	0.35693	29.705	0.205	rgb(219,178,178)	1.5785	None
NPAS3	CDHR1	0.35679	29.77	0.272	rgb(220,165,166)	1.5798	2,2
EGR3	HES4	-0.35665	30.14	-1.4E-01	rgb(187,199,222)	1.5871	None
EGR3	LMX1A	-0.35651	29.74	-2.4E-01	rgb(165,185,226)	1.5792	None
HOXB9	CLSPN	-0.35637	29.69	-1.9E-01	rgb(176,192,224)	1.5782	None
FOXP2	STX1A	-0.35624	29.76	-2.6E-01	rgb(161,183,227)	1.5796	None
HOXB9	ZNF519	-0.3561	29.74	-2.4E-01	rgb(165,185,226)	1.5792	None
NKX2-2	SLC25A53	-0.35596	29.81	-3.1E-01	rgb(150,176,229)	1.5806	None
HIC1	SAMD5	-0.35568	28.85	-3.5E-01	rgb(141,171,230)	1.5616	None
NR4A2	KCNK17	0.35568	28.85	0.348	rgb(221,150,151)	1.5616	None
LHX1	SAMD14	-0.35555	29.735	-2.3E-01	rgb(166,186,226)	1.5791	None
NR4A2	CELF5	0.35513	30	0	rgb(217,217,217)	1.5843	None
ONECUT1	TMEM132C	0.35513	30	0	rgb(217,217,217)	1.5843	None
PDX1	COL10A1	0.35513	30	0	rgb(217,217,217)	1.5843	None
PDX1	SULT2A1	0.35499	29.795	0.294	rgb(220,161,161)	1.5803	None
NKX2-2	LINC00261	0.35486	28.885	0.387	rgb(221,143,144)	1.5622	None
SOX4	RCOR2	0.35472	29.29	0.288	rgb(220,162,163)	1.5703	None
NEUROD1	RIMBP2	0.35458	28.49	0.488	rgb(222,124,125)	1.5544	None
ETV1	ST8SIA3	0.35444	30	0	rgb(217,217,217)	1.5843	None
FEV	EFNB3	0.3543	29.725	0.226	rgb(219,174,174)	1.5789	None
RORC	MXI1	0.35417	30.095	0.095	rgb(218,199,199)	1.5862	None
GATA4	STMN2	0.35403	29.26	0.259	rgb(220,167,168)	1.5697	None
ELF4	RGS11	-0.35389	29.65	-1.5E-01	rgb(185,197,223)	1.5774	None
ONECUT1	ZNF382	0.35375	29.72	0.222	rgb(219,175,175)	1.5788	2,2
HSF2	RGS11	0.35334	30	0	rgb(217,217,217)	1.5843	None
LHX1	EPHA4	0.35334	30	0	rgb(217,217,217)	1.5843	None
NR4A2	PPP1R16B	0.35334	30	0	rgb(217,217,217)	1.5843	None
SPIB	SEZ6	0.35306	29.635	0.137	rgb(219,191,191)	1.5771	None
TFCP2L1	BCL2	0.35306	29.635	0.137	rgb(219,191,191)	1.5771	None
FOXA1	GIP	-0.35279	29.675	-1.7E-01	rgb(179,194,224)	1.5779	None
MAFA	BCRP3	0.35279	29.675	0.177	rgb(219,183,184)	1.5779	None
LHX1	CD96	0.35265	28.88	0.379	rgb(221,145,145)	1.5621	None
RFX2	APBB1	0.35251	30.07	0.071	rgb(218,203,204)	1.5857	None
MAFB	ATF5	-0.35237	29.675	-1.8E-01	rgb(179,194,224)	1.5779	None
NFAT5	LOC284581	0.35224	29.655	0.157	rgb(219,187,187)	1.5775	2,2
NEUROD1	PROX1	0.3521	28.47	0.468	rgb(222,128,129)	1.554	None
ATF5	RPS16P5	0.35196	29.65	0.151	rgb(219,188,189)	1.5774	2,2
PRDM16	HEPACAM2	-0.35182	29.66	-1.6E-01	rgb(182,196,223)	1.5776	None
DACH1	NOV	0.35168	29.69	0.192	rgb(219,180,181)	1.5782	2,2
HOXB9	USP32P2	0.35127	30	0	rgb(217,217,217)	1.5843	None
LMX1A	ID4	0.35127	30	0	rgb(217,217,217)	1.5843	None
ZNF846	APLN	0.35127	30	0	rgb(217,217,217)	1.5843	None
NR4A2	CD300LF	-0.35113	29.68	-1.8E-01	rgb(178,193,224)	1.578	None
EGR3	LONRF2	0.35099	29.685	0.187	rgb(219,181,182)	1.5781	None
ONECUT1	TEAD1	0.35086	29.345	0.344	rgb(221,151,152)	1.5714	None
MAFB	GIP	0.35072	30	0	rgb(217,217,217)	1.5843	None
TEAD2	PKIA	-0.35058	29.64	-1.4E-01	rgb(186,198,222)	1.5772	None
MAFA	FAM161A	0.35044	29.68	0.178	rgb(219,183,183)	1.578	None
ETS1	AEBP1	0.3503	29.71	0.209	rgb(219,177,177)	1.5786	None
RORC	CBLN1	-0.35003	29.82	-3.2E-01	rgb(147,175,229)	1.5808	None
TEAD2	BEX2	0.35003	29.645	0.143	rgb(219,190,190)	1.5773	None
LMX1A	PKIA	0.34989	29.685	0.186	rgb(219,181,182)	1.5781	None
SOX4	LONRF2	-0.34975	28.87	-3.7E-01	rgb(137,168,231)	1.5619	None
ETS1	ATP1A3	0.34961	29.63	0.129	rgb(218,192,193)	1.577	None
ARNT2	G0S2	-0.34906	29.65	-1.5E-01	rgb(185,197,223)	1.5774	None
HIF1A	LGI3	0.34906	30	0	rgb(217,217,217)	1.5843	None
HSF2	SAP30	0.34906	30	0	rgb(217,217,217)	1.5843	None
LMX1A	TMEM196	0.34906	30	0	rgb(217,217,217)	1.5843	None
ELF4	PTPN22	-0.34892	29.67	-1.7E-01	rgb(180,195,223)	1.5778	None
SMAD9	CPE	0.34865	29.275	0.275	rgb(220,165,165)	1.57	None
SOX4	USP13	-0.34865	29.275	-2.7E-01	rgb(158,181,227)	1.57	None
ASCL2	WNT9A	0.34851	29.66	0.158	rgb(219,187,187)	1.5776	None
ASCL2	MBOAT4	0.34782	30	0	rgb(217,217,217)	1.5843	None
EGR3	LRFN1	0.34782	30	0	rgb(217,217,217)	1.5843	None
HIC1	MYEF2	0.34782	30	0	rgb(217,217,217)	1.5843	None
RFX6	B3GAT1	0.34782	28.46	0.459	rgb(222,129,130)	1.5538	None
TFCP2L1	MICAL2	0.34782	30	0	rgb(217,217,217)	1.5843	None
LMX1B	CPA1	0.34727	30	0	rgb(217,217,217)	1.5843	None
PAX6	HIC1	0.34727	30	0	rgb(217,217,217)	1.5843	None
TFCP2L1	MX2	0.34727	30	0	rgb(217,217,217)	1.5843	None
ZNF492	ID1	-0.34727	29.625	-1.3E-01	rgb(189,200,222)	1.5769	None
TGIF2	LZTS1	0.34713	29.66	0.158	rgb(219,187,187)	1.5776	None
LHX1	PPP1R16B	-0.34699	29.66	-1.6E-01	rgb(182,196,223)	1.5776	None
GATA2	EVA1A	0.34672	30	0	rgb(217,217,217)	1.5843	None
PDX1	QSOX2	0.34672	30	0	rgb(217,217,217)	1.5843	None
SPIB	STMN2	0.34658	29.575	0.076	rgb(218,202,203)	1.5759	None
ONECUT1	LAMP5	0.34644	29.69	0.191	rgb(219,181,181)	1.5782	None
PAX6	BTBD17	0.34616	30	0	rgb(217,217,217)	1.5843	None
TGIF2	TPST2	0.34616	30	0	rgb(217,217,217)	1.5843	None
NEUROG3	HES6	0.34575	28.835	0.334	rgb(221,153,154)	1.5613	None
NR4A2	KIRREL3	-0.34575	28.835	-3.3E-01	rgb(144,173,230)	1.5613	None
NR4A2	YPEL1	0.34575	28.835	0.333	rgb(221,153,154)	1.5613	None
FOXA1	KSR2	0.34561	29.595	0.094	rgb(218,199,199)	1.5763	None
MAFA	CBX4	0.34547	29.56	0.06	rgb(218,205,206)	1.5756	None
GATA2	GABRB3	0.34534	29.67	0.171	rgb(219,184,185)	1.5778	2,2
HOXB9	COL22A1	0.34492	30	0	rgb(217,217,217)	1.5843	None
PRDM16	ARHGAP22	0.34492	30	0	rgb(217,217,217)	1.5843	None
SOX4	ISL1	0.34492	30	0	rgb(217,217,217)	1.5843	None
ZNF492	SOGA3	0.34478	29.57	0.068	rgb(218,204,204)	1.5758	None
PRDM16	TEAD2	-0.34465	28.865	-3.6E-01	rgb(138,169,231)	1.5619	None
ETS1	KCNK16	0.34451	29.73	0.232	rgb(220,173,173)	1.579	None
NR4A2	LIN7A	0.34437	28.455	0.455	rgb(222,130,131)	1.5537	None
TGIF2	CLSPN	0.34423	29.555	0.055	rgb(218,206,207)	1.5755	None
HSF2	CCDC162P	0.34409	30	0	rgb(217,217,217)	1.5843	None
PRDM16	TMEM158	-0.34382	29.545	-4.4E-02	rgb(207,211,219)	1.5753	None
ZFHX2	F10	0.34382	29.52	0.02	rgb(217,213,213)	1.5748	None
EGR3	BTBD11	0.34313	30	0	rgb(217,217,217)	1.5843	None
EGR3	MX2	0.34313	30	0	rgb(217,217,217)	1.5843	None
GATA2	BCAT1	0.34313	30	0	rgb(217,217,217)	1.5843	None
PAX6	SYP	0.34313	30	0	rgb(217,217,217)	1.5843	None
ZFP90	KCNMB2	0.34313	30	0	rgb(217,217,217)	1.5843	None
TEAD2	BRSK1	0.34299	29.63	0.131	rgb(218,192,192)	1.577	None
HOXB9	SGSM1	-0.34258	29.67	-1.7E-01	rgb(180,195,223)	1.5778	None
MAFA	MX2	-0.34258	29.535	-3.5E-02	rgb(209,212,218)	1.5751	None
ZNF846	GATA6	-0.34258	29.535	-3.6E-02	rgb(209,212,218)	1.5751	None
DACH1	RGAG4	0.34216	29.235	0.234	rgb(220,172,173)	1.5692	2,2
NR4A2	INSRR	0.34216	29.235	0.234	rgb(220,172,173)	1.5692	None
PBX1	CCDC74B	-0.34216	29.635	-1.3E-01	rgb(188,199,222)	1.5771	None
FOXA1	FER1L6-AS1	-0.34203	29.62	-1.2E-01	rgb(191,201,222)	1.5768	None
ZFP28	CTNND1	0.34189	29.61	0.11	rgb(218,196,196)	1.5766	None
GATA6	CAMK2N2	0.34175	29.715	0.217	rgb(219,175,176)	1.5787	None
NR4A3	P2RX6	-0.34147	29.54	-3.8E-02	rgb(209,212,218)	1.5752	None
ONECUT3	CIB4	-0.34147	29.3	-3.0E-01	rgb(152,177,228)	1.5705	None
PBX1	HSF2	0.34134	29.625	0.124	rgb(218,193,194)	1.5769	None
SMAD9	IFIT1	0.3412	29.59	0.091	rgb(218,200,200)	1.5762	None
TFCP2L1	RORC	0.34106	29.32	0.318	rgb(220,156,157)	1.5709	None
HOXB9	SYNM	0.34092	29.675	0.174	rgb(219,184,184)	1.5779	None
RORC	ZNF519	-0.34065	29.605	-1.1E-01	rgb(194,203,221)	1.5765	None
ZFHX2	POM121L9P	0.34065	29.305	0.307	rgb(220,158,159)	1.5706	None
NR4A3	VWCE	0.34051	29.53	0.03	rgb(217,211,211)	1.575	None
TFCP2L1	HMGN3	0.34037	28.445	0.447	rgb(222,132,133)	1.5535	None
ZFHX2	CAMK1G	0.34023	29.26	0.258	rgb(220,168,168)	1.5697	None
ZNF492	PAM	-0.34009	29.36	-3.6E-01	rgb(139,170,231)	1.5717	None
ELF4	HSPA12A	-0.33982	29.22	-2.2E-01	rgb(170,188,225)	1.5689	None
ZNF492	CD96	0.33982	28.855	0.357	rgb(221,149,150)	1.5617	None
ZNF846	RFX2	0.33968	29.29	0.291	rgb(220,161,162)	1.5703	None
NR4A2	HDAC7	-0.33954	28.82	-3.2E-01	rgb(147,175,229)	1.561	None
ETS1	KCNIP3	-0.3394	29.31	-3.1E-01	rgb(150,176,229)	1.5707	None
NR4A2	COL16A1	0.33927	29.265	0.263	rgb(220,167,167)	1.5698	None
MYT1	TDO2	0.33913	28.44	0.438	rgb(222,133,134)	1.5534	2,2
NEUROD2	CEND1	0.33899	29.32	0.32	rgb(221,156,157)	1.5709	None
PAX6	EML1	-0.33885	29.215	-2.2E-01	rgb(170,189,225)	1.5688	None
RFX3	ITGA7	0.33871	29.445	0.446	rgb(222,132,133)	1.5733	None
SOX4	CITED2	0.33844	29.255	0.254	rgb(220,168,169)	1.5696	None
TFCP2L1	REM2	-0.33844	29.255	-2.6E-01	rgb(161,183,227)	1.5696	None
HSF2	MIR503HG	0.33775	29.5	0	rgb(217,217,217)	1.5744	None
LHX1	RSAD2	0.33775	29.5	0	rgb(217,217,217)	1.5744	None
LMX1B	ZFP82	0.33775	29.5	0	rgb(217,217,217)	1.5744	None
NR4A2	ICA1L	0.33775	29.5	0	rgb(217,217,217)	1.5744	None
ONECUT1	EPHA4	0.33775	29.5	0	rgb(217,217,217)	1.5744	None
MAFA	UBL5	0.33761	28.85	0.35	rgb(221,150,151)	1.5616	None
POU2F2	RAB4B-EGLN2	0.33747	29.275	0.276	rgb(220,164,165)	1.57	None
MAFA	KCNH3	0.33733	29.285	0.284	rgb(220,163,163)	1.5702	None
DZIP1	AK093555	0.3372	29.41	0.41	rgb(222,139,140)	1.5726	2,2
ONECUT3	SLC7A14	0.33706	29.255	0.255	rgb(220,168,169)	1.5696	None
ZNF492	FFAR2	-0.33692	29.255	-2.5E-01	rgb(162,183,227)	1.5696	None
ZFHX2	TENM2	0.33678	29.255	0.256	rgb(220,168,169)	1.5696	None
FEV	KCNH2	0.33664	29.35	0.351	rgb(221,150,151)	1.5715	None
GATA2	CERKL	0.33651	29.28	0.28	rgb(220,164,164)	1.5701	None
LHX1	SIM1	0.33623	29.25	0.251	rgb(220,169,169)	1.5695	None
TFCP2L1	ADD2	0.33623	29.28	0.279	rgb(220,164,164)	1.5701	None
ETS1	GPR173	-0.33609	29.32	-3.2E-01	rgb(147,174,229)	1.5709	None
ETV1	NHLH1	-0.33554	29.25	-2.5E-01	rgb(163,184,226)	1.5695	None
ONECUT1	AL831889	0.33554	29.5	0	rgb(217,217,217)	1.5744	2,2
RORC	LTBP2	0.33554	29.5	0	rgb(217,217,217)	1.5744	None
TFCP2L1	ZMYM2	0.33554	29.245	0.246	rgb(220,170,171)	1.5694	None
HSF2	SEZ6	-0.3354	29.205	-2.0E-01	rgb(173,190,225)	1.5686	None
SMAD9	BAMBI	0.33526	29.315	0.317	rgb(220,157,157)	1.5708	None
PDX1	ABCA9	-0.33513	29.31	-3.1E-01	rgb(150,176,229)	1.5707	None
PAX6	LHX1	-0.33499	29.615	-1.1E-01	rgb(192,202,221)	1.5767	None
NKX6-1	ABCA9	-0.33485	29.305	-3.0E-01	rgb(151,177,229)	1.5706	None
PDX1	ACTL6B	0.33471	29.24	0.242	rgb(220,171,171)	1.5693	None
ATF6	ID1	-0.33458	28.845	-3.5E-01	rgb(142,171,230)	1.5615	None
NEUROG3	INSRR	0.33444	28.81	0.308	rgb(220,158,159)	1.5608	None
NEUROD2	CADPS	0.3343	28.43	0.432	rgb(222,134,135)	1.5532	None
ONECUT1	AK125301	0.33416	29.245	0.245	rgb(220,170,171)	1.5694	2,2
FOXA1	SH3RF3	-0.33402	29.35	-3.5E-01	rgb(141,171,230)	1.5715	None
NR4A3	TMEM178B	0.33389	29.275	0.274	rgb(220,165,165)	1.57	None
ZFP28	TMEM190	-0.33361	29.22	-2.2E-01	rgb(170,188,225)	1.5689	None
ZNF117	BC043205	0.33361	29.22	0.221	rgb(219,175,175)	1.5689	2,2
ONECUT3	RFX2	-0.33347	29.285	-2.9E-01	rgb(155,179,228)	1.5702	None
HSF2	SLC18A1	0.3332	29.5	0	rgb(217,217,217)	1.5744	None
LMX1B	F10	0.3332	29.5	0	rgb(217,217,217)	1.5744	None
ETS1	MAP1B	0.33306	29.22	0.218	rgb(219,175,176)	1.5689	None
EGR3	CD99L2	0.33292	29.215	0.215	rgb(219,176,176)	1.5688	None
SMAD9	ATP8B2	0.33278	29.54	0.042	rgb(217,209,209)	1.5752	None
ZNF492	EPM2A	0.33264	29.255	0.256	rgb(220,168,169)	1.5696	None
PRDM16	CDK5R2	-0.33251	29.26	-2.6E-01	rgb(160,183,227)	1.5697	None
HIF1A	THBS4	0.33237	29.205	0.206	rgb(219,178,178)	1.5686	None
LMX1B	CCDC40	-0.33223	29.2	-2.0E-01	rgb(173,190,225)	1.5685	None
NKX6-1	KIAA1324	0.33209	29.5	0	rgb(217,217,217)	1.5744	None
MAFF	TRIM35	0.33182	29.5	0	rgb(217,217,217)	1.5744	None
ZFHX2	LIN7A	0.33182	29.5	0	rgb(217,217,217)	1.5744	None
POU6F1	MLXIPL	0.33168	29.345	0.346	rgb(221,151,152)	1.5714	None
EGR3	PCSK2	0.33126	29.5	0	rgb(217,217,217)	1.5744	None
LHX1	DACH1	0.33126	29.5	0	rgb(217,217,217)	1.5744	None
TP73	ELF4	0.33126	29.5	0	rgb(217,217,217)	1.5744	None
ZFHX2	TUBA3FP	0.33113	29.5	0	rgb(217,217,217)	1.5744	None
ETS1	EPM2A	-0.33099	29.34	-3.4E-01	rgb(144,172,230)	1.5713	None
EGR3	NPTX1	0.33071	29.5	0	rgb(217,217,217)	1.5744	None
ZFP2	AB007962	0.33071	29.5	0	rgb(217,217,217)	1.5744	2,2
EGR3	MEX3B	-0.33016	29.185	-1.8E-01	rgb(177,193,224)	1.5682	None
HSF2	ATP1A3	-0.33016	29.185	-1.9E-01	rgb(177,192,224)	1.5682	None
TFCP2L1	GAL	0.33016	29.185	0.187	rgb(219,181,182)	1.5682	None
ZFP82	F10	-0.33016	29.195	-1.9E-01	rgb(175,191,224)	1.5684	None
EGR3	UNC79	-0.33002	29.19	-1.9E-01	rgb(175,192,224)	1.5683	None
LMX1A	ISL1	-0.32961	29.185	-1.8E-01	rgb(177,193,224)	1.5682	None
SOX4	CACNA1A	0.32961	29.5	0	rgb(217,217,217)	1.5744	None
TSHZ1	MUC5AC	0.32961	29.5	0	rgb(217,217,217)	1.5744	2,2
ONECUT1	SRCIN1	0.32947	29.505	0.006	rgb(217,216,216)	1.5745	None
LHX1	CREBRF	-0.32933	29.295	-3.0E-01	rgb(153,178,228)	1.5704	None
PRDM16	OSBPL6	0.32919	29.5	0	rgb(217,217,217)	1.5744	None
ISL1	MBOAT4	0.32864	29.5	0	rgb(217,217,217)	1.5744	None
LHX1	FOXP2	0.32864	29.5	0	rgb(217,217,217)	1.5744	None
MAFF	RORC	0.32864	29.5	0	rgb(217,217,217)	1.5744	None
SPIB	HOMEZ	0.32864	29.5	0	rgb(217,217,217)	1.5744	None
MAFA	LZTS1	0.32809	29.5	0	rgb(217,217,217)	1.5744	None
NKX6-1	LEFTY1	0.32809	29.5	0	rgb(217,217,217)	1.5744	None
NR4A2	TSNAX-DISC1	0.32809	29.5	0	rgb(217,217,217)	1.5744	None
RFX2	IGSF21	0.32809	29.5	0	rgb(217,217,217)	1.5744	None
ZFHX2	MAP3K12	0.32795	29.33	0.332	rgb(221,154,154)	1.5711	None
SPIB	SLC30A4	0.32781	28.8	0.3	rgb(220,160,160)	1.5606	None
ADNP	LOC389332	-0.32754	29.175	-1.7E-01	rgb(179,194,224)	1.568	2,2
TGIF2	KCNAB2	0.32754	29.24	0.241	rgb(220,171,171)	1.5693	None
NR4A2	CYGB	0.3274	29.16	0.158	rgb(219,187,187)	1.5677	None
LMX1A	KCNN3	0.32726	29.16	0.16	rgb(219,186,187)	1.5677	None
NR4A3	RSAD2	0.32712	29.245	0.243	rgb(220,171,171)	1.5694	None
PDX1	STK31	0.32699	29.5	0	rgb(217,217,217)	1.5744	None
ETS1	CLIP3	0.3263	29.5	0	rgb(217,217,217)	1.5744	None
GRHL3	ANP32A-IT1	0.3263	29.5	0	rgb(217,217,217)	1.5744	2,2
HOXB9	CHRM4	-0.3263	29.325	-3.3E-01	rgb(146,174,229)	1.571	None
NFAT5	REEP2	0.3263	29.5	0	rgb(217,217,217)	1.5744	None
ZNF492	MIR503HG	0.3263	29.5	0	rgb(217,217,217)	1.5744	None
GATA6	PGF	0.32588	29.17	0.171	rgb(219,184,185)	1.5679	None
INSM1	LHX1	-0.32588	29.16	-1.6E-01	rgb(182,196,223)	1.5677	None
PBX1	SESN2	0.32588	29.28	0.282	rgb(220,163,164)	1.5701	None
LMX1B	P2RX6	-0.32575	29.235	-2.4E-01	rgb(166,186,226)	1.5692	None
PBX1	FLT1	0.32561	29.155	0.153	rgb(219,188,188)	1.5676	None
MAFF	CCL20	0.32547	29.145	0.143	rgb(219,190,190)	1.5674	None
ELF4	SYP	-0.32492	28.41	-4.1E-01	rgb(128,163,233)	1.5528	None
ETS1	LINC00310	-0.32492	28.41	-4.1E-01	rgb(128,163,233)	1.5528	None
NEUROD2	RGAG4	0.32492	28.41	0.412	rgb(222,138,139)	1.5528	2,2
PBX1	GAP43	-0.32492	29.17	-1.7E-01	rgb(180,195,223)	1.5679	None
ZNF382	ADD2	-0.32478	29.23	-2.3E-01	rgb(167,187,226)	1.5691	None
ARX	CPB1	0.32464	28.455	0.453	rgb(222,130,131)	1.5537	None
HSF2	ADCY2	-0.3245	29.215	-2.1E-01	rgb(171,189,225)	1.5688	None
NR4A3	CREBRF	0.32423	28.795	0.296	rgb(220,160,161)	1.5605	None
TEAD1	PRKCG	-0.32423	28.795	-2.9E-01	rgb(153,178,228)	1.5605	None
ZFP92	FAM101B	-0.32409	29.175	-1.7E-01	rgb(179,194,224)	1.568	2,2
ASCL2	KCNAB2	0.32381	29.12	0.122	rgb(218,194,194)	1.5669	None
SOX4	ST18	0.32381	29.145	0.146	rgb(219,189,189)	1.5674	None
FEV	CITED1	0.32368	29.12	0.121	rgb(218,194,194)	1.5669	None
ONECUT3	SSBP2	-0.32354	28.45	-4.5E-01	rgb(120,158,234)	1.5536	None
LMX1B	FAM171A2	-0.3234	29.115	-1.2E-01	rgb(192,202,221)	1.5668	None
PAX6	SNAP25	0.32312	29.11	0.11	rgb(218,196,196)	1.5667	None
SPIB	ST8SIA3	0.32312	29.15	0.151	rgb(219,188,188)	1.5675	None
RFX3	SEMA6B	0.32299	29.11	0.111	rgb(218,196,196)	1.5667	None
ETV1	NKTR	-0.32271	29.105	-1.0E-01	rgb(195,203,221)	1.5666	None
LHX1	FGF9	0.32271	29.135	0.133	rgb(218,192,192)	1.5672	None
ZNF846	PKIA	0.32257	29.115	0.113	rgb(218,195,196)	1.5668	None
EGR3	MIAT	-0.32243	29.09	-8.8E-02	rgb(198,205,220)	1.5663	None
NR4A2	DLGAP3	-0.32216	29.155	-1.5E-01	rgb(184,197,223)	1.5676	None
TFCP2L1	CPLX1	0.32216	29.155	0.153	rgb(219,188,188)	1.5676	None
ZNF846	RGS11	-0.32202	29.15	-1.5E-01	rgb(184,197,223)	1.5675	None
FEV	FBXL16	0.32188	28.44	0.442	rgb(222,132,133)	1.5534	None
MAFB	MUC5B	0.32174	29.065	0.063	rgb(218,205,205)	1.5658	None
SPIB	ASIC1	-0.32161	28.79	-2.9E-01	rgb(154,179,228)	1.5604	None
MYRF	AX747826	-0.32147	29.18	-1.8E-01	rgb(178,193,224)	1.5681	2,2
ELF4	KCNH2	-0.32133	29.14	-1.4E-01	rgb(186,198,222)	1.5673	None
ONECUT1	ZFHX2	0.32119	29.055	0.054	rgb(218,207,207)	1.5656	None
ELF4	HIP1	-0.32105	29.08	-7.8E-02	rgb(200,207,220)	1.5661	None
MAFB	SPOCK3	0.32092	29.19	0.192	rgb(219,180,181)	1.5683	None
LMX1B	KSR2	0.32078	29.2	0.198	rgb(219,179,180)	1.5685	None
ELF4	GPR148	-0.32036	28.4	-4.0E-01	rgb(131,164,232)	1.5526	None
NEUROD2	SDK2	0.32036	28.4	0.398	rgb(221,141,142)	1.5526	None
TEAD1	SPAG8	-0.32036	28.4	-4.0E-01	rgb(130,164,232)	1.5526	None
POU2F2	PPP1R3C	0.32023	29.07	0.069	rgb(218,204,204)	1.5659	None
SOX4	PLCG2	0.32009	28.435	0.434	rgb(222,134,135)	1.5533	None
FOXA1	KCNK17	0.31981	29.28	0.278	rgb(220,164,164)	1.5701	None
HSF2	KCNAB2	0.31981	29.16	0.161	rgb(219,186,187)	1.5677	None
ZNF117	AK125858	0.31967	29.195	0.194	rgb(219,180,180)	1.5684	2,2
LHX1	TMOD2	0.31885	29	0	rgb(217,217,217)	1.5645	None
NR4A2	B3GAT1	-0.31885	29.23	-2.3E-01	rgb(167,187,226)	1.5691	None
PBX1	FSD1	0.31885	29	0	rgb(217,217,217)	1.5645	None
RFX6	RPLP0P2	0.31885	29	0	rgb(217,217,217)	1.5645	None
TGIF2	SERPINA10	0.31885	29	0	rgb(217,217,217)	1.5645	None
ZFHX2	PPP1R16B	0.31885	29	0	rgb(217,217,217)	1.5645	None
ZFHX2	MEX3A	0.31871	28.945	0.446	rgb(222,132,133)	1.5634	None
HSF2	CPB1	-0.31857	29.275	-2.7E-01	rgb(158,181,227)	1.57	None
MAFA	SSBP2	-0.31843	29.17	-1.7E-01	rgb(180,195,223)	1.5679	None
HSF2	TUB	0.31829	29.16	0.16	rgb(219,186,187)	1.5677	None
TFCP2L1	PTPRN2	0.31816	28.43	0.431	rgb(222,135,136)	1.5532	None
HSF2	POM121L9P	0.31802	28.855	0.356	rgb(221,149,150)	1.5617	None
LHX1	ZFP82	0.31774	29	0	rgb(217,217,217)	1.5645	None
MAFA	FGF2	0.31774	29	0	rgb(217,217,217)	1.5645	None
LHX1	PPP1R14A	-0.3176	28.88	-3.8E-01	rgb(135,167,231)	1.5621	None
LHX1	TMEM196	-0.31733	29.27	-2.7E-01	rgb(159,181,227)	1.5699	None
ZNF846	KCNIP3	0.31733	29.02	0.019	rgb(217,213,213)	1.5649	None
ARNT2	LRIG1	0.31636	29	0	rgb(217,217,217)	1.5645	None
GATA6	GDF1	0.31636	29	0	rgb(217,217,217)	1.5645	None
LMX1B	TAGLN3	0.31636	29	0	rgb(217,217,217)	1.5645	None
MAFA	IFIT1	0.31636	29	0	rgb(217,217,217)	1.5645	None
NEUROD2	HEPACAM2	0.31636	29	0	rgb(217,217,217)	1.5645	None
PRDM16	FTCD	0.31636	29	0	rgb(217,217,217)	1.5645	None
ZFHX2	LEFTY1	0.31636	29	0	rgb(217,217,217)	1.5645	None
MAFA	UNC5D	-0.31623	28.84	-3.4E-01	rgb(144,172,230)	1.5614	None
LHX1	MPP2	-0.31609	29.18	-1.8E-01	rgb(178,193,224)	1.5681	None
MAFA	TAF9B	0.31595	29.03	0.028	rgb(217,212,212)	1.5651	None
ZFP28	RNF157	-0.31581	28.825	-3.3E-01	rgb(146,174,229)	1.5611	None
LHX1	KCNH3	0.31554	29.145	0.143	rgb(219,190,190)	1.5674	None
LHX1	SMAD9	0.31554	29.145	0.144	rgb(219,189,190)	1.5674	None
ATF6	SYT5	0.31526	29.175	0.176	rgb(219,183,184)	1.568	None
PBX1	PALMD	-0.31526	29.175	-1.7E-01	rgb(179,194,224)	1.568	None
FOXA1	KCNJ2	-0.31498	29.14	-1.4E-01	rgb(187,199,222)	1.5673	None
SPIB	CD200	0.31498	28.81	0.312	rgb(220,157,158)	1.5608	None
TGIF2	DKK3	-0.31485	29.13	-1.3E-01	rgb(189,200,222)	1.5671	None
PDX1	COL14A1	0.31471	29.125	0.123	rgb(218,194,194)	1.567	None
RORC	SERPINA10	0.31457	29	0	rgb(217,217,217)	1.5645	None
FEV	TMPRSS6	0.31443	28.865	0.367	rgb(221,147,148)	1.5619	None
NKX6-1	SLC26A7	-0.31402	28.39	-3.9E-01	rgb(132,165,232)	1.5524	None
RFX6	CNPY1	0.31402	28.39	0.388	rgb(221,143,144)	1.5524	None
ZNF382	ST6GALNAC5	-0.31402	28.39	-3.9E-01	rgb(133,166,232)	1.5524	None
LMX1B	NNMT	0.31388	28.835	0.335	rgb(221,153,154)	1.5613	None
ELF4	OSBPL6	0.31374	28.845	0.347	rgb(221,151,151)	1.5615	None
NR4A2	DDN	0.3136	29.025	0.025	rgb(217,212,212)	1.565	None
ZNF846	ZDHHC8P1	-0.31347	28.775	-2.7E-01	rgb(157,181,227)	1.5601	None
MAFA	PTPN22	0.31319	28.805	0.304	rgb(220,159,160)	1.5607	None
ZNF846	TCTEX1D4	0.31319	28.805	0.305	rgb(220,159,159)	1.5607	None
NKX2-2	CLIP3	0.31305	29.055	0.055	rgb(218,206,207)	1.5656	None
GATA4	ATP1A3	-0.31291	28.82	-3.2E-01	rgb(147,174,229)	1.561	None
FOXA1	CSH1	0.31278	29.105	0.105	rgb(218,197,197)	1.5666	None
PRDM16	ETS1	0.31264	28.76	0.258	rgb(220,168,168)	1.5598	None
FEV	SCG3	0.31236	29	0	rgb(217,217,217)	1.5645	None
RORC	F10	-0.31236	29.03	-3.1E-02	rgb(210,213,218)	1.5651	None
NEUROD2	SCN2A	0.31222	28.755	0.256	rgb(220,168,169)	1.5597	None
ELF4	LGI3	0.31181	29	0	rgb(217,217,217)	1.5645	None
LMX1B	NEUROD2	0.31181	29	0	rgb(217,217,217)	1.5645	None
NR4A2	ZNF853	0.31181	29	0	rgb(217,217,217)	1.5645	None
RORC	GFRA1	-0.31167	29.075	-7.4E-02	rgb(201,207,220)	1.566	None
EGR3	PRRT3	0.3114	29	0	rgb(217,217,217)	1.5645	None
HOXB9	PBOV1	0.3114	29	0	rgb(217,217,217)	1.5645	None
ELF4	KCNH3	-0.31112	29.14	-1.4E-01	rgb(186,198,222)	1.5673	None
ONECUT1	MYT1	0.31112	29.14	0.14	rgb(219,190,191)	1.5673	None
MAFA	CCDC146	0.31098	28.77	0.269	rgb(220,166,166)	1.56	None
FEV	SPRED3	-0.31084	29.025	-2.7E-02	rgb(211,213,218)	1.565	None
FOXA1	SCUBE1	0.31057	28.74	0.242	rgb(220,171,171)	1.5594	None
PRDM16	SPIB	-0.31057	29.055	-5.7E-02	rgb(205,209,219)	1.5656	None
NEUROD2	SSTR3	0.31043	29.24	0.24	rgb(220,171,172)	1.5693	None
ETV1	AEBP1	0.31015	29	0	rgb(217,217,217)	1.5645	None
TFCP2L1	LRRN2	0.31015	29	0	rgb(217,217,217)	1.5645	None
SMAD9	SRCIN1	0.31002	28.735	0.236	rgb(220,172,172)	1.5593	None
FEV	ACBD7	0.3096	29	0	rgb(217,217,217)	1.5645	None
PAX6	VOPP1	0.3096	29	0	rgb(217,217,217)	1.5645	None
SOX4	RAPGEF4	0.3096	29	0	rgb(217,217,217)	1.5645	None
SOX4	ITGBL1	-0.30946	28.785	-2.9E-01	rgb(155,179,228)	1.5603	None
MAFB	MAPK7	0.30919	28.74	0.242	rgb(220,171,171)	1.5594	None
ZFP62	AX747535	0.30919	28.89	0.391	rgb(221,142,143)	1.5623	2,2
ELF4	HMGB3	-0.30864	28.8	-3.0E-01	rgb(152,178,228)	1.5606	None
SOX4	TUB	0.30864	28.8	0.299	rgb(220,160,161)	1.5606	None
TGIF2	VSTM2L	0.30864	28.8	0.298	rgb(220,160,161)	1.5606	None
ZNF492	SPRED3	0.30864	28.8	0.301	rgb(220,160,160)	1.5606	None
SPIB	FCGBP	0.30836	28.895	0.393	rgb(221,142,143)	1.5624	None
TEAD2	MEX3B	0.30836	29	0	rgb(217,217,217)	1.5645	None
ASCL1	PPP1R16B	0.30808	29	0	rgb(217,217,217)	1.5645	None
NHLH1	HERC5	0.30808	29	0	rgb(217,217,217)	1.5645	None
ZNF382	MPP1	0.30795	29	0	rgb(217,217,217)	1.5645	None
PAX4	TUBB2B	0.30781	29	0	rgb(217,217,217)	1.5645	None
ATF6	MYBPC2	0.30726	29	0	rgb(217,217,217)	1.5645	None
MAFA	NR4A2	0.30726	29	0	rgb(217,217,217)	1.5645	None
SPIB	SPRED3	0.30726	29	0	rgb(217,217,217)	1.5645	None
ZFP82	CLSTN2	0.30726	29	0	rgb(217,217,217)	1.5645	None
RFX6	SH3GL1P1	0.30712	29	9.7E-04	rgb(217,217,217)	1.5645	None
ZNF519	MCOLN3	0.30698	28.715	0.214	rgb(219,176,176)	1.5589	None
LMX1A	APLP1	-0.30684	28.38	-3.8E-01	rgb(134,167,231)	1.5522	None
EGR3	ZFHX2	-0.30657	28.87	-3.7E-01	rgb(137,168,231)	1.5619	None
ZFHX2	NOL4	-0.30657	28.87	-3.7E-01	rgb(137,168,231)	1.5619	None
MAFB	TMEM178B	0.30602	29	0	rgb(217,217,217)	1.5645	None
NKX2-2	AVPR1B	-0.30602	28.715	-2.2E-01	rgb(170,188,225)	1.5589	None
PBX1	FAM13A-AS1	0.30602	29	0	rgb(217,217,217)	1.5645	None
TFCP2L1	KCNJ2	0.30602	29	0	rgb(217,217,217)	1.5645	None
RFX6	MSI1	0.30588	29.07	0.068	rgb(218,204,204)	1.5659	None
GATA2	NHSL2	0.30574	28.67	0.169	rgb(219,185,185)	1.558	None
FEV	ACSS3	0.3056	28.4	0.402	rgb(221,140,141)	1.5526	None
ETS1	MAST1	-0.30546	28.78	-2.8E-01	rgb(156,180,228)	1.5602	None
LMX1B	THBS4	0.30533	28.69	0.189	rgb(219,181,181)	1.5584	None
HIC1	DHRS2	-0.30519	29.055	-5.3E-02	rgb(205,210,219)	1.5656	None
SOX4	REG4	-0.30505	28.775	-2.8E-01	rgb(157,181,227)	1.5601	None
PRDM16	CYGB	-0.30491	28.735	-2.3E-01	rgb(166,186,226)	1.5593	None
SMAD9	ID4	0.30477	28.77	0.271	rgb(220,165,166)	1.56	None
MXI1	CLSPN	-0.30464	28.73	-2.3E-01	rgb(167,187,226)	1.5592	None
ONECUT1	NPAS3	0.3045	28.375	0.374	rgb(221,146,146)	1.5521	None
HSF2	SAMD11	-0.30436	28.7	-2.0E-01	rgb(174,191,225)	1.5586	None
ASCL1	DCHS1	0.30422	28.73	0.228	rgb(220,174,174)	1.5592	None
MAFB	MAPK8IP1	0.30408	28.72	0.218	rgb(219,175,176)	1.559	None
TFCP2L1	PDZD4	0.30395	28.85	0.352	rgb(221,150,150)	1.5616	None
NHLH1	WDR17	-0.30381	28.655	-1.6E-01	rgb(183,196,223)	1.5577	None
ONECUT2	EVA1A	-0.30367	28.395	-4.0E-01	rgb(131,165,232)	1.5525	None
ZNF519	SPRED3	-0.30353	28.745	-2.4E-01	rgb(164,185,226)	1.5595	None
ZFP2	LOC100216546	-0.30339	28.635	-1.3E-01	rgb(188,199,222)	1.5573	2,2
NKX6-1	FCGBP	0.30326	28.68	0.182	rgb(219,182,183)	1.5582	None
ZFHX2	PDE8B	-0.30312	28.755	-2.5E-01	rgb(162,183,227)	1.5597	None
NKX6-1	FAM135B	0.30284	28.965	0.466	rgb(222,128,129)	1.5638	None
ONECUT3	SH3RF3	0.30284	28.78	0.28	rgb(220,164,164)	1.5602	None
TEAD1	TSNAX-DISC1	0.3027	28.705	0.205	rgb(219,178,178)	1.5587	None
PRDM16	ATP13A4	0.30229	28.37	0.372	rgb(221,146,147)	1.552	None
RORC	DPEP1	0.30229	28.37	0.371	rgb(221,146,147)	1.552	None
TEAD1	CHRNA5	-0.30229	28.37	-3.7E-01	rgb(137,168,231)	1.552	None
LHX1	CAND2	-0.30215	28.66	-1.6E-01	rgb(182,196,223)	1.5578	None
FOXA1	PDGFD	-0.30201	28.675	-1.8E-01	rgb(179,194,224)	1.5581	None
GATA6	LINGO1	-0.30188	29.185	-1.9E-01	rgb(177,193,224)	1.5682	None
EGR3	AEBP1	0.30174	28.655	0.155	rgb(219,187,188)	1.5577	None
ZFP28	RBFOX2	0.3016	28.65	0.151	rgb(219,188,189)	1.5576	None
SOX4	SPOCK3	-0.30146	28.725	-2.2E-01	rgb(168,187,226)	1.5591	None
NR4A2	GPR148	0.30132	28.66	0.159	rgb(219,187,187)	1.5578	None
SMAD9	GRHL3	0.30119	28.675	0.177	rgb(219,183,184)	1.5581	None
HIC1	C2CD4B	0.30105	28.735	0.237	rgb(220,172,172)	1.5593	None
ETS1	GDF1	-0.30091	28.75	-2.5E-01	rgb(163,184,227)	1.5596	None
NR4A2	HECW2	0.3005	28.365	0.365	rgb(221,147,148)	1.5519	None
NR4A2	LAPTM5	0.3005	28.365	0.364	rgb(221,147,148)	1.5519	None
TEAD1	LIN7A	-0.3005	28.365	-3.7E-01	rgb(138,169,231)	1.5519	None
MAFA	ITGA7	0.30036	28.82	0.32	rgb(221,156,157)	1.561	None
HHEX	LDHAL6A	-0.30022	28.69	-1.9E-01	rgb(175,192,224)	1.5584	None
SOX4	GCH1	0.30008	28.665	0.167	rgb(219,185,185)	1.5579	None
ASCL1	ASIC4	-0.29994	28.66	-1.6E-01	rgb(182,196,223)	1.5578	None
ETV1	KNDC1	0.29967	28.665	0.166	rgb(219,185,186)	1.5579	None
ONECUT2	APLN	-0.29967	28.78	-2.8E-01	rgb(156,180,228)	1.5602	None
EGR3	SEMA6B	0.29953	28.65	0.149	rgb(219,188,189)	1.5576	None
TEAD2	ZFP28	0.29939	28.5	0	rgb(217,217,217)	1.5546	None
LMX1B	COL12A1	0.29912	28.61	0.11	rgb(218,196,196)	1.5568	None
PBX1	DDN	-0.29912	28.605	-1.0E-01	rgb(194,203,221)	1.5567	None
HSF2	KCNF1	0.29898	28.6	0.101	rgb(218,198,198)	1.5566	None
HSF2	C1QL1	0.29843	28.5	0	rgb(217,217,217)	1.5546	None
HSF2	GAL	0.29843	28.5	0	rgb(217,217,217)	1.5546	None
NR4A3	AKR1B1	0.29843	28.5	0	rgb(217,217,217)	1.5546	None
TFCP2L1	HES6	0.29843	28.5	0	rgb(217,217,217)	1.5546	None
PDX1	CHRNB4	0.29815	28.6	0.1	rgb(218,198,198)	1.5566	None
SMAD9	GSTM2	0.29815	28.81	0.312	rgb(220,157,158)	1.5608	None
FOXA1	FTCD	0.29801	28.665	0.167	rgb(219,185,185)	1.5579	None
GATA6	NRXN2	-0.29774	28.66	-1.6E-01	rgb(182,196,223)	1.5578	None
TEAD1	GDF11	0.29774	28.72	0.222	rgb(219,175,175)	1.559	None
MAFA	SERPINA10	0.29746	28.74	0.242	rgb(220,171,171)	1.5594	None
PRDM16	CNPY1	-0.29746	28.74	-2.4E-01	rgb(165,185,226)	1.5594	None
ETS1	RBP2	0.29732	28.825	0.326	rgb(221,155,155)	1.5611	None
ZFHX2	ISL1	-0.29719	28.36	-3.6E-01	rgb(139,169,231)	1.5518	None
LHX1	EVA1A	0.29705	28.5	0	rgb(217,217,217)	1.5546	None
ASCL1	TRPM2	0.29594	28.38	0.382	rgb(221,144,145)	1.5522	None
ELF4	MCOLN3	0.29594	28.5	0	rgb(217,217,217)	1.5546	None
FOXA1	PMP22	-0.29594	28.38	-3.8E-01	rgb(135,167,231)	1.5522	None
FOXA1	TRIM35	0.29594	28.5	0	rgb(217,217,217)	1.5546	None
LMX1A	SSTR1	0.29594	28.5	0	rgb(217,217,217)	1.5546	None
PDX1	TFPI2	0.29594	28.5	0	rgb(217,217,217)	1.5546	None
RFX2	DZIP1	0.29594	28.5	0	rgb(217,217,217)	1.5546	None
SMAD9	MAFB	0.29594	28.5	0	rgb(217,217,217)	1.5546	None
EGR3	ATP6V0E2	0.29581	28.63	0.129	rgb(218,192,193)	1.5572	None
NHLH1	TRIM35	0.29567	28.655	0.157	rgb(219,187,187)	1.5577	None
PDX1	USP41	0.29553	28.635	0.134	rgb(218,191,192)	1.5573	None
LHX1	SMOC2	-0.29539	28.65	-1.5E-01	rgb(184,197,223)	1.5576	None
HSF2	ST8SIA3	-0.29525	28.695	-2.0E-01	rgb(174,191,225)	1.5585	None
PROX1	TPPP3	-0.29512	28.61	-1.1E-01	rgb(193,202,221)	1.5568	None
ETV1	WDR17	0.29498	28.375	0.377	rgb(221,145,146)	1.5521	None
ZNF519	RASD1	-0.29484	28.54	-3.9E-02	rgb(209,212,218)	1.5554	None
HIC1	ELF4	0.2947	28.5	0	rgb(217,217,217)	1.5546	None
NEUROG3	TMEM212	0.29443	28.5	0	rgb(217,217,217)	1.5546	None
ONECUT3	MPP2	0.29443	28.5	0	rgb(217,217,217)	1.5546	None
NEUROG3	DEFB1	0.29429	28.53	0.032	rgb(217,211,211)	1.5552	None
NR4A2	BAMBI	0.29415	28.5	0	rgb(217,217,217)	1.5546	None
ZNF846	HERC5	0.29401	28.5	0	rgb(217,217,217)	1.5546	None
RORC	RNF157	0.29387	28.5	0	rgb(217,217,217)	1.5546	None
EGR3	SYCP2	-0.2936	28.655	-1.6E-01	rgb(183,196,223)	1.5577	None
SPIB	CITED1	-0.2936	28.655	-1.6E-01	rgb(183,196,223)	1.5577	None
ETS1	METTL21EP	0.29291	28.5	0	rgb(217,217,217)	1.5546	None
HIC1	YPEL1	0.29291	28.5	0	rgb(217,217,217)	1.5546	None
LHX1	GAST	0.29291	28.5	0	rgb(217,217,217)	1.5546	2,2
ONECUT3	DHRS2	0.29291	28.5	0	rgb(217,217,217)	1.5546	None
PDX1	TMOD1	0.29291	28.5	0	rgb(217,217,217)	1.5546	None
HSF2	SCN1B	0.29249	28.5	0	rgb(217,217,217)	1.5546	None
ZFHX2	LIMCH1	-0.29249	28.785	-2.9E-01	rgb(155,179,228)	1.5603	None
ZFP82	MMP11	0.29249	28.5	0	rgb(217,217,217)	1.5546	None
HSF2	STK31	0.29236	28.37	0.371	rgb(221,146,147)	1.552	None
HSF2	KCNJ3	0.29194	28.5	0	rgb(217,217,217)	1.5546	None
PDX1	CLIP3	0.29194	28.55	0.05	rgb(218,207,208)	1.5556	None
ZNF846	GAL	0.29194	28.5	0	rgb(217,217,217)	1.5546	None
ARX	DHRS2	0.29125	28.5	0	rgb(217,217,217)	1.5546	None
EGR3	KCNJ2	0.29125	28.5	0	rgb(217,217,217)	1.5546	None
ELF4	LHX1	0.29125	28.5	0	rgb(217,217,217)	1.5546	None
FOXP2	CPLX1	0.29125	28.5	0	rgb(217,217,217)	1.5546	None
PBX1	SPON1	0.29125	28.5	0	rgb(217,217,217)	1.5546	None
ONECUT3	CACNA1E	0.29111	28.5	0	rgb(217,217,217)	1.5546	None
PAX6	GLIS2	-0.29098	28.3	-3.0E-01	rgb(151,177,228)	1.5507	None
EGR3	SERPINA10	-0.29084	28.545	-4.5E-02	rgb(207,211,219)	1.5555	None
ASCL1	NR4A3	0.29029	28.5	0	rgb(217,217,217)	1.5546	None
ATOH8	FLJ35024	0.29029	28.5	0	rgb(217,217,217)	1.5546	2,2
FOXA1	SNED1	0.29029	28.5	0	rgb(217,217,217)	1.5546	None
TGIF2	FCRL6	-0.29029	28.54	-4.1E-02	rgb(208,212,219)	1.5554	None
ARNT2	ITPR1	0.28974	28.5	0	rgb(217,217,217)	1.5546	None
POU2F2	UCN3	0.28974	28.5	0	rgb(217,217,217)	1.5546	None
SOX4	TMEM132C	0.28974	28.5	0	rgb(217,217,217)	1.5546	None
ZNF492	RPS3	0.28974	28.5	0	rgb(217,217,217)	1.5546	None
NKX2-2	ATP8B2	-0.2896	28.635	-1.3E-01	rgb(188,199,222)	1.5573	None
ONECUT3	BAALC	-0.28946	28.525	-2.3E-02	rgb(212,214,218)	1.5551	None
ZFHX2	DEFB1	-0.28932	28.29	-2.9E-01	rgb(154,179,228)	1.5505	None
TFCP2L1	LINC00939	0.28918	28.575	0.073	rgb(218,203,203)	1.5561	None
ZNF492	MSMB	-0.28905	28.77	-2.7E-01	rgb(158,181,227)	1.56	None
LMX1B	CPT1C	-0.28891	28.68	-1.8E-01	rgb(178,193,224)	1.5582	None
HOXB9	ELL2	0.28877	28.87	0.37	rgb(221,146,147)	1.5619	None
LMX1B	TFPI2	-0.28836	28.245	-2.4E-01	rgb(164,185,226)	1.5496	None
PDX1	EFNB3	0.28836	28.245	0.245	rgb(220,170,171)	1.5496	None
ZNF846	SSTR5	-0.28836	28.855	-3.5E-01	rgb(140,170,230)	1.5617	None
HOXB9	WNT9A	-0.28822	28.295	-2.9E-01	rgb(153,178,228)	1.5506	None
LHX1	IRF2BP1	0.28808	28.25	0.252	rgb(220,169,169)	1.5497	None
HSF2	SOGA3	0.2878	28.6	0.099	rgb(218,198,198)	1.5566	None
MAFA	DTX1	0.2878	28.715	0.213	rgb(219,176,177)	1.5589	None
MLXIPL	CR627394	0.28753	28.29	0.292	rgb(220,161,162)	1.5505	2,2
SOX4	TAF9B	0.28753	28.745	0.244	rgb(220,170,171)	1.5595	None
NKX6-1	BCAT1	0.28739	28.74	0.238	rgb(220,172,172)	1.5594	None
TFCP2L1	MCF2L	0.28725	28.3	0.301	rgb(220,159,160)	1.5507	None
TFCP2L1	SBK1	0.28711	28.755	0.254	rgb(220,168,169)	1.5597	None
ASCL2	REEP2	0.28698	28.36	0.358	rgb(221,149,149)	1.5518	None
TEAD2	SPAG8	0.28684	28.29	0.291	rgb(220,161,162)	1.5505	None
RFX3	KCNH3	0.2867	28.73	0.23	rgb(220,173,174)	1.5592	None
LHX1	TMOD1	-0.28656	28.7	-2.0E-01	rgb(174,191,225)	1.5586	None
ARNT2	PPP1R3C	0.28642	28.18	0.18	rgb(219,183,183)	1.5483	None
ELF4	SOCS1	0.2856	28.205	0.204	rgb(219,178,178)	1.5488	None
FOXP2	CRMP1	-0.2856	28.34	-3.4E-01	rgb(143,172,230)	1.5515	None
MAFA	ELFN1	0.2856	28.34	0.338	rgb(221,153,153)	1.5515	None
NEUROD1	F10	0.2856	28.34	0.342	rgb(221,152,152)	1.5515	None
NR4A2	SPON1	0.2856	28.34	0.339	rgb(221,152,153)	1.5515	None
RFX2	LMX1B	0.2856	28.205	0.204	rgb(219,178,178)	1.5488	None
ELF4	SESN2	0.28532	28.355	0.356	rgb(221,149,150)	1.5517	None
ZNF492	CSH1	-0.28532	28.695	-1.9E-01	rgb(175,191,224)	1.5585	None
ZNF846	CATSPER2	0.28518	28.83	0.33	rgb(221,154,155)	1.5612	2,2
RFX6	WNK2	0.28504	27.975	0.473	rgb(222,127,128)	1.5442	None
SMAD9	MMD2	-0.28491	28.675	-1.8E-01	rgb(179,194,224)	1.5581	None
LHX1	DCHS1	0.28463	28.19	0.192	rgb(219,180,181)	1.5485	None
PRDM16	INSM1	-0.28463	28.19	-1.9E-01	rgb(175,192,224)	1.5485	None
RORC	SH3RF3-AS1	0.28435	28.255	0.253	rgb(220,169,169)	1.5498	None
ZNF492	GATA4	-0.28435	28.24	-2.4E-01	rgb(165,185,226)	1.5495	None
NEUROD1	CADPS	0.28422	27.97	0.471	rgb(222,127,128)	1.5441	None
ZFP82	SMOC2	0.28408	28.79	0.292	rgb(220,161,162)	1.5604	None
ONECUT1	SPOCK3	0.28394	28.22	0.218	rgb(219,175,176)	1.5491	None
PBX1	MLLT11	-0.2838	28.33	-3.3E-01	rgb(145,173,230)	1.5513	None
ETV1	TMPRSS6	0.28366	28.325	0.327	rgb(221,155,155)	1.5512	None
NR4A3	G0S2	-0.28353	28.22	-2.2E-01	rgb(169,188,225)	1.5491	None
NEUROD1	CRYBA2	0.28339	27.965	0.463	rgb(222,128,129)	1.544	None
PRDM16	GATA4	-0.28325	28.14	-1.4E-01	rgb(187,199,222)	1.5475	None
ETS1	GAL	0.28311	28.505	0.007	rgb(217,216,216)	1.5547	None
FOXA1	FGF14	0.28297	28.135	0.134	rgb(218,191,192)	1.5474	None
ZNF382	MEX3A	-0.28284	28.2	-2.0E-01	rgb(173,190,225)	1.5487	None
HSF2	MAGED1	0.2827	28.44	0.442	rgb(222,133,134)	1.5534	None
MAFB	KSR2	0.28256	28.235	0.234	rgb(220,172,173)	1.5494	None
ZNF846	TMOD2	0.28242	28.195	0.194	rgb(219,180,180)	1.5486	None
NR4A2	SAMD11	0.28228	28.23	0.229	rgb(220,173,174)	1.5493	None
RORC	FSTL5	0.28215	28.16	0.162	rgb(219,186,186)	1.5479	None
ZNF117	BC006435	0.28201	28.275	0.275	rgb(220,164,165)	1.5502	2,2
PAX6	CLGN	0.28173	28	0	rgb(217,217,217)	1.5447	None
SMAD9	SCG5	0.28173	28	0	rgb(217,217,217)	1.5447	None
TEAD2	TMEM151B	0.28159	28.29	0.288	rgb(220,162,163)	1.5505	None
GATA4	CNTD2	0.28118	28	0	rgb(217,217,217)	1.5447	None
HSF2	CLSTN2	0.28118	28	0	rgb(217,217,217)	1.5447	None
LHX1	DHRS2	0.28118	28	0	rgb(217,217,217)	1.5447	None
ONECUT2	TAGLN3	-0.28104	28.345	-3.5E-01	rgb(142,171,230)	1.5515	None
NR4A2	LSP1	0.28091	28.715	0.215	rgb(219,176,176)	1.5589	None
MAFA	SMARCC1	0.28022	28	0	rgb(217,217,217)	1.5447	None
NR4A3	SMARCA1	0.28022	28	0	rgb(217,217,217)	1.5447	None
SOX4	NPSR1-AS1	0.28022	28	0	rgb(217,217,217)	1.5447	None
TGIF2	CTTNBP2	0.28022	28	0	rgb(217,217,217)	1.5447	None
ZNF492	AK057596	0.28022	28.18	0.182	rgb(219,182,183)	1.5483	2,2
ELF4	MMD2	-0.28008	28.105	-1.1E-01	rgb(194,203,221)	1.5468	None
MAFA	LDHAL6A	0.2798	28.175	0.175	rgb(219,184,184)	1.5482	None
TEAD1	SLC16A12	-0.2798	28.67	-1.7E-01	rgb(181,195,223)	1.558	None
LHX1	LAMP5	0.27953	28.735	0.237	rgb(220,172,172)	1.5593	None
PDX1	FER1L6-AS1	-0.27953	28.735	-2.3E-01	rgb(166,186,226)	1.5593	None
NR4A2	MUC15	0.27925	28.1	0.101	rgb(218,198,198)	1.5467	None
TFCP2L1	MAPK12	0.27925	28.1	0.101	rgb(218,198,198)	1.5467	None
MAFF	TMEM190	0.27911	28.705	0.203	rgb(219,178,179)	1.5587	None
HSF2	SPON1	0.27856	28	0	rgb(217,217,217)	1.5447	None
LHX1	SULT2A1	0.27856	28	0	rgb(217,217,217)	1.5447	None
ONECUT3	CLCA1	0.27856	28	0	rgb(217,217,217)	1.5447	None
ZNF117	AK126318	0.27856	28	0	rgb(217,217,217)	1.5447	2,2
ATF6	RCOR2	0.27759	28	0	rgb(217,217,217)	1.5447	None
EGR3	FAM131B	0.27759	28	0	rgb(217,217,217)	1.5447	None
EGR3	FAM161A	0.27759	28	0	rgb(217,217,217)	1.5447	None
HOXB9	ABCA9	0.27759	28	0	rgb(217,217,217)	1.5447	None
PBX1	NALCN	0.27759	28	0	rgb(217,217,217)	1.5447	None
PRDM16	DLGAP3	0.27759	28	0	rgb(217,217,217)	1.5447	None
RORC	SLC30A4	0.27759	28	0	rgb(217,217,217)	1.5447	None
LMX1B	MPP1	0.27746	28.325	0.324	rgb(221,155,156)	1.5512	None
SOX4	KCNH3	-0.27732	28.125	-1.2E-01	rgb(190,201,222)	1.5472	None
SOX4	SPC25	-0.27718	28.16	-1.6E-01	rgb(182,196,223)	1.5479	None
SOX4	NALCN	-0.27704	28.34	-3.4E-01	rgb(143,172,230)	1.5515	None
EGR3	LHX1	0.27649	28	0	rgb(217,217,217)	1.5447	None
FOXA1	SH3RF3-AS1	0.27649	28	0	rgb(217,217,217)	1.5447	None
GATA6	SLC7A4	0.27649	28	0	rgb(217,217,217)	1.5447	None
POU2F2	CYP4F24P	0.27649	28	0	rgb(217,217,217)	1.5447	None
RORC	RGS16	0.27635	28.155	0.154	rgb(219,188,188)	1.5478	None
GATA6	CERS1	0.27608	28	0	rgb(217,217,217)	1.5447	None
MAFB	MIR137HG	0.27608	28	0	rgb(217,217,217)	1.5447	None
TEAD2	SOCS1	0.27594	28.745	0.247	rgb(220,170,170)	1.5595	None
ETS1	MMD2	-0.2758	28.045	-4.7E-02	rgb(207,211,219)	1.5456	None
LHX1	USP13	0.27539	28	0	rgb(217,217,217)	1.5447	None
PDX1	MPP1	0.27539	28	0	rgb(217,217,217)	1.5447	None
ZFHX2	PCDHA2	0.27539	28	0	rgb(217,217,217)	1.5447	None
MLXIPL	AK124194	0.27511	28	0	rgb(217,217,217)	1.5447	2,2
NKX2-2	BCL2	0.27511	28	0	rgb(217,217,217)	1.5447	None
NR4A3	KIF19	0.27497	28	0	rgb(217,217,217)	1.5447	None
ASCL2	GRB14	0.2747	28.125	0.123	rgb(218,194,194)	1.5472	None
HOXB9	GATA6	0.2747	28.125	0.124	rgb(218,193,194)	1.5472	None
FOXA1	MPP2	0.27428	28	0	rgb(217,217,217)	1.5447	None
TEAD1	NR2F2-AS1	0.27428	28	0	rgb(217,217,217)	1.5447	None
TGIF2	PBOV1	0.27428	28	0	rgb(217,217,217)	1.5447	None
ZFHX2	RUNX1T1	-0.27414	28.69	-1.9E-01	rgb(176,192,224)	1.5584	None
HOXB9	UNC5D	0.27373	28	0	rgb(217,217,217)	1.5447	None
MAFA	UCP2	0.27373	28	0	rgb(217,217,217)	1.5447	None
ONECUT1	NCAM1	0.27373	28	0	rgb(217,217,217)	1.5447	2,2
FEV	TCEAL1	0.27359	28.055	0.054	rgb(218,207,207)	1.5458	None
RORC	CHRM4	0.27345	28.185	0.183	rgb(219,182,182)	1.5484	None
ZNF492	MAPK10	0.27332	28.725	0.226	rgb(219,174,174)	1.5591	None
FOXP2	FAM105A	0.27304	28.335	0.335	rgb(221,153,154)	1.5514	2,2
POU2F2	CLIP3	0.27304	28.52	0.02	rgb(217,213,213)	1.555	None
HSF2	ITGA7	0.27249	28	0	rgb(217,217,217)	1.5447	None
ONECUT1	LTF	0.27249	28	0	rgb(217,217,217)	1.5447	None
ONECUT1	TSSK4	0.27249	28	0	rgb(217,217,217)	1.5447	None
TEAD1	IFIT1	0.27249	28	0	rgb(217,217,217)	1.5447	None
MAFB	INSRR	0.27235	28	0	rgb(217,217,217)	1.5447	None
ZNF846	EMB	0.27221	28	0	rgb(217,217,217)	1.5447	None
ONECUT2	NREP	0.27208	28.025	0.024	rgb(217,212,212)	1.5452	None
TEAD1	KCNIP3	-0.27194	28.015	-1.6E-02	rgb(213,215,218)	1.545	None
GATA4	UCN3	0.2718	28.675	0.174	rgb(219,184,184)	1.5581	None
FOXA1	PLCXD3	0.27139	28.72	0.22	rgb(219,175,175)	1.559	None
RFX6	LOC100131257	0.27139	27.815	0.314	rgb(220,157,158)	1.5411	None
ZFHX2	REM2	-0.27139	28.72	-2.2E-01	rgb(169,188,225)	1.559	None
ZNF846	IFNE	0.27125	28.22	0.219	rgb(219,175,176)	1.5491	2,2
NEUROG3	PAM	0.27111	28.315	0.315	rgb(220,157,158)	1.551	None
ATOH8	RAB40A	0.27097	28.105	0.103	rgb(218,197,197)	1.5468	2,2
EGR3	MAPK8IP1	0.27042	28	0	rgb(217,217,217)	1.5447	None
ETS1	SMARCA1	0.27042	28	0	rgb(217,217,217)	1.5447	None
LHX1	MSMB	0.27042	28	0	rgb(217,217,217)	1.5447	None
LHX1	NFAT5	0.27042	28	0	rgb(217,217,217)	1.5447	None
INSM1	GRAP2	0.27014	28.755	0.255	rgb(220,168,169)	1.5597	None
NFAT5	SPAG8	0.27014	28.755	0.257	rgb(220,168,168)	1.5597	None
RFX2	HSPA12A	0.27001	27.825	0.323	rgb(221,155,156)	1.5412	None
LHX1	LEFTY1	0.26987	27.78	0.281	rgb(220,163,164)	1.5404	None
MAFA	ITGBL1	0.26973	28.595	0.094	rgb(218,199,199)	1.5565	None
SOX4	CXCR7	0.26959	28.335	0.335	rgb(221,153,154)	1.5514	2,2
MAFA	FRMPD4	0.26945	28.59	0.092	rgb(218,199,200)	1.5564	None
SOX4	HIP1	0.26932	28.25	0.248	rgb(220,170,170)	1.5497	None
ONECUT3	EML1	-0.26918	28.325	-3.3E-01	rgb(146,174,229)	1.5512	None
TFCP2L1	UNC79	0.26904	28.31	0.309	rgb(220,158,159)	1.5509	None
MAFB	SCT	0.2689	28.135	0.133	rgb(218,192,192)	1.5474	None
LHX1	DLL4	0.26876	27.755	0.253	rgb(220,169,169)	1.5399	None
LMX1B	CXXC4	0.26849	28.325	0.325	rgb(221,155,156)	1.5512	None
SOX4	SPIB	0.26849	28.325	0.326	rgb(221,155,155)	1.5512	None
TFCP2L1	IFIT1	0.26835	28.185	0.187	rgb(219,181,182)	1.5484	None
ETV1	SH3RF3-AS1	-0.26821	28.23	-2.3E-01	rgb(167,187,226)	1.5493	None
PAX6	TRIM35	0.26807	28.19	0.189	rgb(219,181,181)	1.5485	None
ZNF492	TMEM212	0.26794	27.755	0.254	rgb(220,168,169)	1.5399	None
ONECUT1	JPH4	0.2678	28.05	0.051	rgb(218,207,207)	1.5457	None
PDX1	FRMPD4	0.26766	28.425	0.425	rgb(222,136,137)	1.5531	None
TFCP2L1	FLT1	0.26752	27.93	0.429	rgb(222,135,136)	1.5433	None
SMAD9	MAPK8IP1	0.26738	28.175	0.176	rgb(219,183,184)	1.5482	None
FEV	SPP1	0.26725	28.32	0.319	rgb(221,156,157)	1.5511	None
TEAD2	NKD1	0.26711	27.83	0.332	rgb(221,154,154)	1.5413	None
ETS1	WNT9A	0.26697	27.855	0.353	rgb(221,150,150)	1.5418	None
RFX2	RIMBP2	0.26683	28.105	0.105	rgb(218,197,197)	1.5468	None
ELF4	RTN1	-0.26669	28.2	-2.0E-01	rgb(174,191,225)	1.5487	None
EGR3	MAP1A	-0.26656	28.1	-1.0E-01	rgb(195,204,221)	1.5467	None
PBX1	LINC00310	-0.26628	27.695	-2.0E-01	rgb(174,191,224)	1.5387	None
RORC	CITED2	0.26628	28.01	0.012	rgb(217,215,215)	1.5449	None
FOXP2	TMOD2	-0.266	27.925	-4.3E-01	rgb(125,161,233)	1.5432	None
RFX3	CBX2	0.266	27.925	0.424	rgb(222,136,137)	1.5432	None
GATA2	ASIC5	0.26587	28.65	0.15	rgb(219,188,189)	1.5576	2,2
PDX1	CCND2	-0.26573	28.06	-6.2E-02	rgb(204,209,219)	1.5459	None
NR4A2	SNAP25	0.26545	28.315	0.316	rgb(220,157,157)	1.551	None
ZNF846	WISP1	0.26545	28.315	0.315	rgb(220,157,157)	1.551	2,2
EGR3	TOX3	0.26531	27.76	0.26	rgb(220,167,168)	1.54	None
NR4A3	ZFP2	-0.26518	28.175	-1.7E-01	rgb(179,194,224)	1.5482	None
FEV	ZNF853	0.26504	28.05	0.051	rgb(218,207,207)	1.5457	None
NEUROD1	NRXN2	0.26476	28.3	0.299	rgb(220,160,160)	1.5507	None
NR4A2	CRIP2	-0.26476	28.3	-3.0E-01	rgb(152,177,228)	1.5507	None
RORC	RASD1	-0.26462	27.765	-2.7E-01	rgb(159,182,227)	1.5401	None
TGIF2	KCNJ3	-0.26449	28.63	-1.3E-01	rgb(189,200,222)	1.5572	None
NFAT5	SULT2A1	-0.26435	27.92	-4.2E-01	rgb(126,161,233)	1.5431	None
EGR3	MEX3A	0.26407	27.77	0.271	rgb(220,165,166)	1.5402	None
ETS1	ELF4	0.26407	28.115	0.116	rgb(218,195,195)	1.547	None
PAX6	SERPINI1	-0.26393	27.865	-3.6E-01	rgb(138,169,231)	1.542	None
ETV1	SFRP1	0.2638	28.685	0.185	rgb(219,182,182)	1.5583	None
ONECUT1	LOC283335	0.26366	27.69	0.188	rgb(219,181,182)	1.5386	2,2
NKX2-2	CAMK2N2	0.26352	27.64	0.141	rgb(219,190,190)	1.5376	None
EGR3	SH2D3C	0.26338	27.735	0.233	rgb(220,172,173)	1.5395	None
HIC1	SERPINI1	0.26325	27.675	0.176	rgb(219,183,184)	1.5383	None
PAX6	MANEAL	-0.26311	27.63	-1.3E-01	rgb(189,200,222)	1.5374	None
EGR3	TAF9B	-0.26297	28.08	-8.0E-02	rgb(200,206,220)	1.5463	None
SOX4	AMBP	0.26283	27.725	0.224	rgb(219,174,175)	1.5393	None
EGR3	RNF157-AS1	0.262	27.5	0	rgb(217,217,217)	1.5348	None
HSF2	LDB1	0.262	27.5	0	rgb(217,217,217)	1.5348	None
MAFA	GPR173	0.262	27.5	0	rgb(217,217,217)	1.5348	None
NR4A2	GAP43	0.262	27.5	0	rgb(217,217,217)	1.5348	None
ZNF846	SYCP2	0.262	27.5	0	rgb(217,217,217)	1.5348	None
ZNF846	TMOD1	0.262	27.5	0	rgb(217,217,217)	1.5348	None
EGR3	SPARC	0.26159	27.5	0	rgb(217,217,217)	1.5348	None
ETS1	GADD45A	0.26159	27.5	0	rgb(217,217,217)	1.5348	None
NKX6-1	DLC1	0.26159	27.5	0	rgb(217,217,217)	1.5348	None
ETS1	GATA4	0.2609	27.5	0	rgb(217,217,217)	1.5348	None
HOXB9	TSHZ1	0.2609	27.5	0	rgb(217,217,217)	1.5348	None
LMX1B	ELAVL4	0.2609	27.74	0.241	rgb(220,171,172)	1.5396	None
MAFA	LEFTY1	0.2609	27.5	0	rgb(217,217,217)	1.5348	None
NR4A2	CPLX1	0.2609	27.5	0	rgb(217,217,217)	1.5348	None
NKX2-2	GPR162	0.26076	28.065	0.067	rgb(218,204,204)	1.546	None
HSF2	RGS16	0.26049	27.5	0	rgb(217,217,217)	1.5348	None
ZFP92	MAFB	0.26049	27.5	0	rgb(217,217,217)	1.5348	None
ZFP82	LGR6	0.26035	27.5	0	rgb(217,217,217)	1.5348	None
FOXA1	TOX3	0.26021	27.67	0.169	rgb(219,185,185)	1.5382	None
FOXP2	TENM2	0.25966	27.5	0	rgb(217,217,217)	1.5348	None
GATA2	NR4A2	0.25966	27.5	0	rgb(217,217,217)	1.5348	None
KCNIP3	BC020343	0.25966	27.5	0	rgb(217,217,217)	1.5348	2,2
RFX3	CADM2	0.25966	27.5	0	rgb(217,217,217)	1.5348	None
HIF1A	STARD9	-0.25952	28.25	-2.5E-01	rgb(163,184,226)	1.5497	None
NEUROD2	AMBP	0.25924	27.5	0	rgb(217,217,217)	1.5348	None
ZFHX2	P2RX6	0.25924	27.5	0	rgb(217,217,217)	1.5348	None
HSF2	KCNJ2	-0.25897	28.35	-3.5E-01	rgb(141,171,230)	1.5516	None
HSF2	SPC25	0.25897	27.595	0.097	rgb(218,198,199)	1.5367	None
SPIB	TMEM151B	0.25869	28.67	0.17	rgb(219,184,185)	1.558	None
TFCP2L1	NEFM	0.25869	28.245	0.244	rgb(220,170,171)	1.5496	None
PRDM16	GAL	-0.25855	28	-1.3E-03	rgb(217,217,217)	1.5447	None
HSF2	FUT7	0.25745	27.5	0	rgb(217,217,217)	1.5348	None
HSF2	MYBPC2	0.25745	27.5	0	rgb(217,217,217)	1.5348	None
MAFB	SPDYE7P	0.25745	28.36	0.358	rgb(221,149,149)	1.5518	None
MYRF	VN1R1	0.25745	27.5	0	rgb(217,217,217)	1.5348	2,2
PRDM16	MIAT	0.25745	27.5	0	rgb(217,217,217)	1.5348	None
RORC	CACNA1H	0.25745	27.5	0	rgb(217,217,217)	1.5348	None
TEAD2	MALAT1	0.25745	27.5	0	rgb(217,217,217)	1.5348	None
TFCP2L1	RCOR2	0.25745	27.5	0	rgb(217,217,217)	1.5348	None
FEV	MYT1	0.25704	27.5	0	rgb(217,217,217)	1.5348	None
GATA2	CRY2	0.25704	27.5	0	rgb(217,217,217)	1.5348	None
GATA4	FSD1	0.25704	27.58	0.082	rgb(218,201,201)	1.5364	None
LHX1	STMN4	0.2569	27.5	0	rgb(217,217,217)	1.5348	None
ETS1	SYT14	0.25648	27.5	0	rgb(217,217,217)	1.5348	None
FOXA1	SLC35F3	0.25648	27.5	0	rgb(217,217,217)	1.5348	None
LHX1	CD300LF	0.25648	27.5	0	rgb(217,217,217)	1.5348	None
GLIS2	RNF157-AS1	0.25579	27.5	0	rgb(217,217,217)	1.5348	None
HOXB9	PROX1	0.25579	27.5	0	rgb(217,217,217)	1.5348	None
LHX1	CBX2	0.25579	27.5	0	rgb(217,217,217)	1.5348	None
NHLH1	LGR6	0.25579	27.5	0	rgb(217,217,217)	1.5348	None
ZFHX2	HINT1	-0.25579	27.935	-4.4E-01	rgb(123,160,234)	1.5434	None
NR4A3	EID1	0.25552	27.5	0	rgb(217,217,217)	1.5348	None
ZFHX2	EVA1A	0.25552	27.5	0	rgb(217,217,217)	1.5348	None
NKX2-2	NR4A2	0.25524	28.29	0.291	rgb(220,161,162)	1.5505	None
NR4A2	MX2	0.25524	28.29	0.29	rgb(220,162,162)	1.5505	None
HOXB9	TTLL7	-0.25497	27.7	-2.0E-01	rgb(174,191,225)	1.5388	None
RFX6	ST18	0.25497	28	0.498	rgb(222,122,123)	1.5447	None
ELF4	ACOT7	0.25455	27.5	0	rgb(217,217,217)	1.5348	None
LMX1B	TEAD2	0.25455	27.5	0	rgb(217,217,217)	1.5348	None
NR4A2	LINGO1	-0.25455	28.235	-2.3E-01	rgb(166,186,226)	1.5494	None
RFX6	NKX2-2	0.25442	27.995	0.496	rgb(222,122,123)	1.5446	None
RFX6	SAMD14	0.25428	27.905	0.406	rgb(221,139,140)	1.5428	None
FOXA1	CELA3B	-0.254	28.35	-3.5E-01	rgb(141,171,230)	1.5516	None
ZNF846	HCP5	0.254	27.755	0.256	rgb(220,168,169)	1.5399	None
LHX1	CELA3A	0.25386	27.675	0.177	rgb(219,183,183)	1.5383	None
ARX	KCNJ3	0.25373	27.61	0.11	rgb(218,196,196)	1.537	None
NEUROG3	CHRNB4	0.25359	27.71	0.211	rgb(219,177,177)	1.539	None
TGIF2	UNC13A	0.25345	28.285	0.283	rgb(220,163,164)	1.5504	None
NKX6-1	MAML3	0.25331	28.325	0.327	rgb(221,154,155)	1.5512	None
EGR3	GPC2	-0.25317	28.33	-3.3E-01	rgb(145,173,230)	1.5513	None
GATA4	RAB3C	0.25304	27.7	0.2	rgb(219,179,179)	1.5388	None
ZFHX2	NEGR1	0.2529	27.655	0.154	rgb(219,188,188)	1.5379	None
MAFA	ATOH8	0.25276	28.65	0.152	rgb(219,188,188)	1.5576	None
PROX1	CDH22	0.25262	28.315	0.315	rgb(220,157,157)	1.551	None
NR4A3	SERPINA10	0.25235	28.625	0.126	rgb(218,193,193)	1.5571	None
ZNF853	LOC441204	0.25235	27.73	0.231	rgb(220,173,173)	1.5394	2,2
ONECUT1	PRICKLE2	0.25193	27.5	0	rgb(217,217,217)	1.5348	None
TFCP2L1	FAM227A	0.25193	27.5	0	rgb(217,217,217)	1.5348	None
ZNF492	DYNC1I1	0.25193	27.5	0	rgb(217,217,217)	1.5348	None
ARX	FRMPD4	0.25179	28.295	0.297	rgb(220,160,161)	1.5506	None
ETV1	CDK5R1	0.25166	28.61	0.108	rgb(218,196,197)	1.5568	None
RORC	HERC5	-0.25138	27.64	-1.4E-01	rgb(187,199,222)	1.5376	None
SPIB	MYBPC3	0.25138	27.64	0.14	rgb(219,190,191)	1.5376	None
PRDM16	SLC38A3	-0.25124	28.3	-3.0E-01	rgb(152,177,228)	1.5507	None
MYT1	DBC1	0.25083	28.315	0.314	rgb(220,157,158)	1.551	2,2
ONECUT1	BCL2	0.25083	28.315	0.317	rgb(220,156,157)	1.551	None
SOX4	DLC1	0.25083	27.285	0.285	rgb(220,163,163)	1.5306	None
ONECUT2	LAMP5	-0.25069	27.955	-4.5E-01	rgb(118,157,234)	1.5438	None
ZFP28	DYNC1I1	-0.25055	27.705	-2.1E-01	rgb(172,190,225)	1.5389	None
ASCL1	ACE	0.25	27.5	0	rgb(217,217,217)	1.5348	None
HIF1A	TRPC7	0.25	27.5	0	rgb(217,217,217)	1.5348	None
MAFB	SPAG8	0.25	27.5	0	rgb(217,217,217)	1.5348	None
MLXIPL	RAB4B-EGLN2	0.25	27.5	0	rgb(217,217,217)	1.5348	None
PAX4	GPR162	0.24986	28.055	0.055	rgb(218,207,207)	1.5458	None
LMX1A	SNED1	0.24972	28.29	0.292	rgb(220,161,162)	1.5505	None
MAFB	MEP1B	0.24959	27.77	0.272	rgb(220,165,166)	1.5402	None
ETS1	PER2	-0.24931	27.895	-4.0E-01	rgb(131,165,232)	1.5426	None
ISL1	CLSPN	0.24931	27.895	0.396	rgb(221,141,142)	1.5426	None
HIC1	TEKT2	0.24917	28.17	0.169	rgb(219,185,185)	1.5481	None
TGIF2	GDAP1	0.24903	28.535	0.037	rgb(217,210,210)	1.5553	None
SOX4	QSOX2	0.2489	28.165	0.167	rgb(219,185,185)	1.548	None
ETV1	ELAVL3	0.24876	27.945	0.446	rgb(222,132,133)	1.5436	None
LHX1	MIR137HG	0.24862	27.68	0.179	rgb(219,183,183)	1.5384	None
FOXP2	CD99L2	-0.24848	27.235	-2.3E-01	rgb(166,186,226)	1.5296	None
ZFP2	ADORA2A	-0.24834	28.27	-2.7E-01	rgb(159,182,227)	1.5501	2,2
FEV	MIR7-3HG	0.24821	28.285	0.287	rgb(220,162,163)	1.5504	None
ETS1	ATP6V0E2	-0.24807	28.595	-9.7E-02	rgb(196,204,221)	1.5565	None
MAFA	SIM1	0.24793	28.295	0.293	rgb(220,161,162)	1.5506	None
HIC1	EPM2A	0.24779	27.855	0.357	rgb(221,149,149)	1.5418	None
ONECUT3	MEP1B	0.24765	27.89	0.388	rgb(221,143,144)	1.5425	None
PBX1	USH2A	-0.24752	27.74	-2.4E-01	rgb(164,185,226)	1.5396	None
PDX1	PKIA	-0.24738	27.72	-2.2E-01	rgb(169,188,225)	1.5392	None
TFCP2L1	TUBA1A	0.24724	28.255	0.255	rgb(220,168,169)	1.5498	None
GATA2	STK31	-0.2471	28.37	-3.7E-01	rgb(136,168,231)	1.552	None
ETS1	INHBE	0.24669	28.27	0.268	rgb(220,166,166)	1.5501	None
HIC1	MCOLN3	-0.24669	28.27	-2.7E-01	rgb(158,181,227)	1.5501	None
NFAT5	FAT3	-0.24669	28.27	-2.7E-01	rgb(158,181,227)	1.5501	None
PDX1	TMEM70	0.24655	27.26	0.261	rgb(220,167,168)	1.5301	None
TFCP2L1	ZFP62	0.24641	27.645	0.147	rgb(219,189,189)	1.5377	None
SOX4	CENPE	-0.24627	28.235	-2.4E-01	rgb(166,186,226)	1.5494	None
TEAD2	FUT1	0.24614	28.545	0.044	rgb(217,209,209)	1.5555	None
NKX2-2	VSTM2L	0.246	27.58	0.08	rgb(218,202,202)	1.5364	None
NFAT5	AL831889	0.24586	27.58	0.08	rgb(218,202,202)	1.5364	2,2
LHX1	SYNGR3	-0.24572	27.63	-1.3E-01	rgb(189,200,222)	1.5374	None
GATA2	GLIS2	0.24558	27.805	0.306	rgb(220,159,159)	1.5409	None
ELF4	LONRF2	-0.24517	28.28	-2.8E-01	rgb(157,180,228)	1.5503	None
GATA6	ETS1	0.24517	27.885	0.386	rgb(221,143,144)	1.5424	None
MAFB	DUSP2	0.24517	28.34	0.34	rgb(221,152,153)	1.5515	None
GATA4	TPH1	0.24503	28.265	0.263	rgb(220,167,167)	1.55	None
FOXA2	SLC38A3	0.2449	27.225	0.227	rgb(219,174,174)	1.5294	None
HSF2	MAD2L2	0.24476	27.55	0.052	rgb(218,207,207)	1.5358	None
NR4A2	ENPP1	0.24462	28.275	0.276	rgb(220,164,165)	1.5502	None
ASCL2	CHST8	0.24434	28.275	0.277	rgb(220,164,165)	1.5502	None
LMX1B	TUBB2B	0.24434	28.275	0.275	rgb(220,164,165)	1.5502	None
ARX	PAPPA2	0.24421	28.27	0.269	rgb(220,166,166)	1.5501	None
NR4A2	CCL20	-0.24407	27.52	-1.9E-02	rgb(213,214,218)	1.5352	None
HOXB9	CXXC4	0.24393	28.2	0.2	rgb(219,179,179)	1.5487	None
ETS1	EFCC1	0.24338	27	0	rgb(217,217,217)	1.5249	None
PAX6	FAM227A	0.24338	27	0	rgb(217,217,217)	1.5249	None
PDX1	MAFA	0.24338	27	0	rgb(217,217,217)	1.5249	None
SMAD9	GLIS2	0.24338	27	0	rgb(217,217,217)	1.5249	None
HSF2	PRELP	0.24324	27.92	0.422	rgb(222,136,137)	1.5431	None
PRDM16	SULT2A1	-0.24296	27.88	-3.8E-01	rgb(134,167,231)	1.5423	None
TEAD1	INHBE	-0.24296	27.88	-3.8E-01	rgb(135,167,231)	1.5423	None
ZNF846	BEX2	-0.24283	27.52	-1.8E-02	rgb(213,215,218)	1.5352	None
MAFF	HBT8	-0.24255	28.26	-2.6E-01	rgb(161,183,227)	1.5499	2,2
TEAD1	CHRNA1	-0.24255	28.26	-2.6E-01	rgb(160,182,227)	1.5499	None
GATA4	SDK2	0.24241	27	0	rgb(217,217,217)	1.5249	None
ZFHX2	LDB1	0.24227	27.685	0.184	rgb(219,182,182)	1.5385	None
NEUROG3	SPON1	0.24172	27	0	rgb(217,217,217)	1.5249	None
ZFP82	SPIB	0.24172	27	0	rgb(217,217,217)	1.5249	None
ZNF492	PCAT1	0.24172	27	0	rgb(217,217,217)	1.5249	None
ZNF519	TMEM151B	0.24172	27	0	rgb(217,217,217)	1.5249	None
HSF2	FAM71E2	-0.24158	27.185	-1.9E-01	rgb(177,192,224)	1.5286	None
GATA2	FOXA1	-0.24145	27.265	-2.6E-01	rgb(160,182,227)	1.5302	None
ZNF519	KAT2B	0.24131	27.265	0.263	rgb(220,167,167)	1.5302	None
PAX6	NAV3	0.24076	27	0	rgb(217,217,217)	1.5249	None
RFX2	COL12A1	0.24076	27	0	rgb(217,217,217)	1.5249	None
ZFHX2	AMPD3	0.24076	27	0	rgb(217,217,217)	1.5249	None
ZFHX2	FCGBP	0.24076	27	0	rgb(217,217,217)	1.5249	None
ELF4	INHBE	0.24034	27	0	rgb(217,217,217)	1.5249	None
ELF4	ZNRF3-AS1	0.24034	27	0	rgb(217,217,217)	1.5249	None
HIF1A	MAPK12	0.24034	27.58	0.079	rgb(218,202,202)	1.5364	None
ZFP82	NPSR1-AS1	0.2402	27.26	0.26	rgb(220,167,168)	1.5301	None
LMX1B	ST8SIA6-AS1	0.24007	27.125	0.123	rgb(218,194,194)	1.5274	None
ASCL2	AK5	0.23993	27	0	rgb(217,217,217)	1.5249	None
PDX1	ANKRD18A	-0.23979	27.915	-4.2E-01	rgb(127,162,233)	1.543	None
LMX1A	SAP30	-0.23951	27.34	-3.4E-01	rgb(143,172,230)	1.5316	None
PBX1	CAMKV	0.23951	27.19	0.191	rgb(219,181,181)	1.5287	None
CXXC4	MUC5AC	0.23896	27	0	rgb(217,217,217)	1.5249	2,2
LHX1	ZFP90	0.23896	27	0	rgb(217,217,217)	1.5249	None
ZFHX2	CADM2	0.23896	27	0	rgb(217,217,217)	1.5249	None
ZFP92	PRICKLE2	0.23896	27	0	rgb(217,217,217)	1.5249	None
LMX1A	PPP1R3C	0.23855	27	0	rgb(217,217,217)	1.5249	None
TEAD2	MICAL2	0.23855	27	0	rgb(217,217,217)	1.5249	None
ZFHX2	RFX2	0.23855	27	0	rgb(217,217,217)	1.5249	None
EGR3	FAM227A	0.238	27	0	rgb(217,217,217)	1.5249	None
LHX1	TAC1	0.238	27	0	rgb(217,217,217)	1.5249	2,2
MAFB	IFIT1	0.238	27	0	rgb(217,217,217)	1.5249	None
ZFHX2	CDKN1A	0.238	27	0	rgb(217,217,217)	1.5249	None
LMX1A	SRCIN1	-0.23772	27.715	-2.1E-01	rgb(170,189,225)	1.5391	None
MAFA	FUT7	0.23772	27	0	rgb(217,217,217)	1.5249	None
ZNF846	RET	-0.23758	28.255	-2.5E-01	rgb(162,184,227)	1.5498	None
PAX6	AKNA	0.23717	27	0	rgb(217,217,217)	1.5249	None
TFCP2L1	JPH4	0.23717	27	0	rgb(217,217,217)	1.5249	None
TFCP2L1	PYY	0.23717	27	0	rgb(217,217,217)	1.5249	None
ZNF846	CNTD2	-0.23703	27.165	-1.6E-01	rgb(181,195,223)	1.5282	None
ZFHX2	SAMD5	-0.23689	27.855	-3.5E-01	rgb(141,170,230)	1.5418	None
TP73	CCDC74A	-0.23675	27.75	-2.5E-01	rgb(163,184,227)	1.5398	None
RFX3	NOVA2	0.23662	27	0	rgb(217,217,217)	1.5249	None
PBX1	CNTD2	-0.23648	27.3	-3.0E-01	rgb(152,178,228)	1.5309	None
ZNF846	AK123889	0.23634	27.91	0.41	rgb(222,139,140)	1.5429	2,2
ETS1	SHC3	0.23607	27	0	rgb(217,217,217)	1.5249	None
NFAT5	AK126286	0.23607	27	0	rgb(217,217,217)	1.5249	2,2
ATF5	AK125960	0.23565	27	0	rgb(217,217,217)	1.5249	2,2
HSF2	RAB3C	0.23565	27	0	rgb(217,217,217)	1.5249	None
NKX2-2	CPLX1	0.23565	27	0	rgb(217,217,217)	1.5249	None
MAFA	ACSL6	0.23551	27.155	0.153	rgb(219,188,188)	1.528	None
MAFB	MAST1	0.23538	28.165	0.165	rgb(219,185,186)	1.548	None
GATA6	STK33	-0.23496	28.275	-2.7E-01	rgb(157,181,227)	1.5502	None
PDX1	MSMB	0.23496	28.36	0.359	rgb(221,148,149)	1.5518	None
ZFHX2	FSTL5	-0.23496	28.25	-2.5E-01	rgb(162,184,227)	1.5497	None
RFX2	THBS4	0.23482	28.355	0.356	rgb(221,149,150)	1.5517	None
ZFHX2	ATP6V1G2	-0.23469	27.275	-2.8E-01	rgb(157,181,227)	1.5304	None
ASCL1	CELSR3	0.23455	28.245	0.245	rgb(220,170,171)	1.5496	None
HSF2	JAKMIP2	0.23427	27	0	rgb(217,217,217)	1.5249	None
PDX1	GATA6	0.23427	27	0	rgb(217,217,217)	1.5249	None
HOXB9	PEX5L	-0.23413	27.135	-1.3E-01	rgb(188,199,222)	1.5276	None
ELF4	TMEM70	0.23386	27.87	0.37	rgb(221,146,147)	1.5421	None
LMX1B	HSF2	-0.23386	27.87	-3.7E-01	rgb(137,168,231)	1.5421	None
SOX4	AMPD3	0.23358	27.905	0.404	rgb(221,140,141)	1.5428	None
ZNF519	GADD45A	-0.23358	28.155	-1.6E-01	rgb(183,197,223)	1.5478	None
ZFHX2	ONECUT1	0.23344	27.26	0.258	rgb(220,168,168)	1.5301	2,2
ZFHX2	METTL21EP	0.23331	27.805	0.307	rgb(220,158,159)	1.5409	None
MAFA	CTNND1	-0.23317	28.15	-1.5E-01	rgb(184,197,223)	1.5477	None
NKX6-1	SHC3	0.23303	27.8	0.3	rgb(220,160,160)	1.5408	None
EGR3	CTTNBP2	-0.23289	27.195	-2.0E-01	rgb(175,191,224)	1.5288	None
GATA2	USP32P2	0.23262	28.245	0.243	rgb(220,171,171)	1.5496	None
LMX1A	NAALADL1	0.23262	28.245	0.247	rgb(220,170,170)	1.5496	None
LMX1B	EID2	0.23248	28.235	0.234	rgb(220,172,173)	1.5494	None
TFCP2L1	NINJ1	-0.23234	28.255	-2.5E-01	rgb(162,184,227)	1.5498	None
LMX1B	ACBD7	0.2322	27.235	0.236	rgb(220,172,172)	1.5296	None
ETS1	NTNG2	-0.23193	27.78	-2.8E-01	rgb(156,180,228)	1.5404	None
NR4A2	GLIS2	-0.23193	27.02	-2.0E-02	rgb(213,214,218)	1.5253	None
ELF4	SPAG8	0.23165	27.285	0.287	rgb(220,162,163)	1.5306	None
ONECUT1	AK302511	0.23165	27.285	0.285	rgb(220,163,163)	1.5306	2,2
TFCP2L1	SOCS1	-0.23151	28.25	-2.5E-01	rgb(163,184,226)	1.5497	None
EGR3	ADAMTSL1	0.2311	27	0	rgb(217,217,217)	1.5249	None
HIC1	NINJ1	0.2311	27	0	rgb(217,217,217)	1.5249	None
NPAS3	AFF2	0.2311	27	0	rgb(217,217,217)	1.5249	2,2
ETV1	NALCN	0.23068	27.9	0.401	rgb(221,140,141)	1.5427	None
NEUROG3	LINC00261	0.23068	27.9	0.399	rgb(221,141,142)	1.5427	None
RFX2	SHC3	-0.23068	27.9	-4.0E-01	rgb(130,164,232)	1.5427	None
ELF4	MAFA	0.23055	27.865	0.364	rgb(221,147,148)	1.542	None
LMX1A	FGF14	-0.23027	27.06	-5.9E-02	rgb(204,209,219)	1.5261	None
TEAD1	NOVA2	0.23027	27.225	0.224	rgb(219,174,175)	1.5294	None
EGR3	FAM135B	0.22972	27	0	rgb(217,217,217)	1.5249	None
HSF2	CYP4F24P	0.22972	27	0	rgb(217,217,217)	1.5249	None
PRDM16	STMN4	0.22972	27	0	rgb(217,217,217)	1.5249	None
TGIF2	SMTNL2	0.22972	27	0	rgb(217,217,217)	1.5249	None
ETS1	PPP1R1A	-0.22958	27.6	-1.0E-01	rgb(195,204,221)	1.5368	None
HOXB9	FOXP2	-0.22944	28.255	-2.6E-01	rgb(162,183,227)	1.5498	None
MAFA	CADM3	-0.2293	27.045	-4.7E-02	rgb(207,211,219)	1.5258	None
NR4A2	SCUBE1	-0.22917	27.25	-2.5E-01	rgb(163,184,226)	1.5299	None
SMAD9	LRRC49	0.22903	27.21	0.208	rgb(219,177,178)	1.5291	None
PDX1	ATP13A4	0.22889	27.895	0.394	rgb(221,142,143)	1.5426	None
HSF2	USP13	-0.22875	27.07	-6.9E-02	rgb(202,208,220)	1.5263	None
MAFA	CTXN1	0.22861	28.09	0.092	rgb(218,199,200)	1.5465	None
NR4A2	PGA3	0.22848	27.15	0.151	rgb(219,188,188)	1.5279	None
LHX1	ID4	0.22834	27.315	0.316	rgb(220,157,157)	1.5311	None
LHX1	AKNA	-0.2282	28.075	-7.6E-02	rgb(200,207,220)	1.5462	None
RFX3	ADAM12	0.22792	27	0	rgb(217,217,217)	1.5249	None
SOX4	MX2	0.22792	27	0	rgb(217,217,217)	1.5249	None
LTF	AK123654	0.22779	27.74	0.239	rgb(220,171,172)	1.5396	2,2
POU6F1	PPP1R3C	0.22765	27.135	0.133	rgb(218,192,192)	1.5276	None
ASCL1	GPR148	0.22737	28.25	0.249	rgb(220,169,170)	1.5497	None
NR4A3	TMEM158	0.22737	28.305	0.307	rgb(220,158,159)	1.5508	None
PRDM16	NPM2	-0.22724	28.205	-2.0E-01	rgb(173,190,225)	1.5488	None
NKX2-2	SLC8A1	-0.2271	28.23	-2.3E-01	rgb(167,186,226)	1.5493	None
HSF2	HGFAC	0.22682	28.225	0.227	rgb(219,174,174)	1.5492	None
ZNF846	ID2	-0.22682	27.6	-1.0E-01	rgb(195,204,221)	1.5368	None
MAFA	MUC15	0.22668	27.04	0.04	rgb(217,209,209)	1.5257	None
LHX1	TAGLN3	0.22655	27.17	0.171	rgb(219,184,185)	1.5283	None
ONECUT1	RAB4B-EGLN2	0.22641	28.295	0.293	rgb(220,161,162)	1.5506	None
HIC1	LGI3	-0.22627	27.72	-2.2E-01	rgb(169,188,225)	1.5392	None
SOX4	ZFP90	-0.22613	28.29	-2.9E-01	rgb(154,179,228)	1.5505	None
FOXA1	PCDHA2	0.22599	28.245	0.243	rgb(220,171,171)	1.5496	None
ARNT2	FTCD	0.22586	26.78	0.278	rgb(220,164,164)	1.5206	None
ETS1	PDZD4	0.22558	27.255	0.254	rgb(220,169,169)	1.53	None
NR4A2	FTCD	-0.22558	28.19	-1.9E-01	rgb(176,192,224)	1.5485	None
ONECUT3	JAZF1	-0.22544	28.285	-2.9E-01	rgb(155,179,228)	1.5504	None
FEV	DENND2A	0.22517	27.885	0.386	rgb(221,143,144)	1.5424	None
FOXA1	CD300LF	0.22517	27.885	0.385	rgb(221,143,144)	1.5424	None
ZNF382	RFX2	-0.22503	28.185	-1.8E-01	rgb(177,193,224)	1.5484	None
NEUROG3	TMEM158	0.22489	28.18	0.179	rgb(219,183,183)	1.5483	None
SOX4	KIF19	0.22461	28.24	0.238	rgb(220,172,172)	1.5495	None
TEAD1	RBFOX2	0.22461	28.24	0.24	rgb(220,171,172)	1.5495	None
GLIS2	AK095045	0.22434	28.195	0.197	rgb(219,179,180)	1.5486	2,2
TFCP2L1	FAM110B	0.22434	27.875	0.374	rgb(221,146,146)	1.5422	None
RFX3	CPT1C	0.22406	27.68	0.18	rgb(219,183,183)	1.5384	None
ZFHX2	FAM135B	0.22406	26.785	0.283	rgb(220,163,164)	1.5206	None
EGR3	CRIP1	0.22379	28.175	0.176	rgb(219,183,184)	1.5482	None
SIM1	GABRB3	0.22379	28.175	0.174	rgb(219,184,184)	1.5482	2,2
NR4A2	GNG4	0.22365	27.595	0.095	rgb(218,199,199)	1.5367	None
FEV	FSD1	0.22351	26.73	0.229	rgb(220,173,174)	1.5196	None
ONECUT3	SLC25A53	-0.22337	27.18	-1.8E-01	rgb(178,193,224)	1.5285	None
NEUROD1	TTC7B	0.22323	27.85	0.348	rgb(221,151,151)	1.5417	None
ELF4	MYBPC3	-0.22296	27.85	-3.5E-01	rgb(141,171,230)	1.5417	None
RORC	RET	0.22296	27.17	0.172	rgb(219,184,184)	1.5283	None
ZFHX2	CBX7	-0.22282	28.17	-1.7E-01	rgb(180,194,224)	1.5481	None
ASCL2	ELL2	-0.22227	28.21	-2.1E-01	rgb(171,189,225)	1.5489	None
EGR3	RRAGD	0.22227	26.5	0	rgb(217,217,217)	1.515	None
NHLH1	GRIN1	0.22227	26.5	0	rgb(217,217,217)	1.515	None
NR4A2	MMP11	0.22227	26.5	0	rgb(217,217,217)	1.515	None
ASCL1	ACTN3	0.22158	26.5	0	rgb(217,217,217)	1.515	None
ATF6	FAM71E2	0.22158	26.5	0	rgb(217,217,217)	1.515	None
ETS1	C7	0.22158	26.5	0	rgb(217,217,217)	1.515	None
ETS1	MPP1	0.22158	26.5	0	rgb(217,217,217)	1.515	None
NKX6-1	GATA6	0.22158	26.5	0	rgb(217,217,217)	1.515	None
PRDM16	FAM71E2	0.22144	28.165	0.167	rgb(219,185,185)	1.548	None
ARNT2	RGAG4	0.22116	28.235	0.234	rgb(220,172,173)	1.5494	2,2
HIC1	LRRC16B	0.22116	27.88	0.382	rgb(221,144,145)	1.5423	2,2
ETV1	RRAGD	0.22061	26.5	0	rgb(217,217,217)	1.515	None
GATA2	COL10A1	0.22061	26.5	0	rgb(217,217,217)	1.515	None
PBX1	ZBTB4	0.22061	26.5	0	rgb(217,217,217)	1.515	None
ZNF846	HIC1	0.22061	26.5	0	rgb(217,217,217)	1.515	None
GATA2	PLXNC1	0.22034	27.645	0.144	rgb(219,190,190)	1.5377	None
TFCP2L1	NPW	0.22034	27.645	0.144	rgb(219,189,190)	1.5377	None
LTF	MUC5B	0.22006	28.205	0.205	rgb(219,178,178)	1.5488	None
PDX1	SPARC	-0.22006	28.205	-2.0E-01	rgb(173,190,225)	1.5488	None
ONECUT1	APLN	-0.21992	27.82	-3.2E-01	rgb(148,175,229)	1.5412	None
HIC1	AEBP1	0.21965	26.5	0	rgb(217,217,217)	1.515	None
NHLH1	ARHGAP22	0.21965	26.5	0	rgb(217,217,217)	1.515	None
ASCL2	SH2D3C	0.21951	27.115	0.113	rgb(218,195,196)	1.5272	None
FOXA2	ISLR2	-0.21937	27.635	-1.3E-01	rgb(188,199,222)	1.5375	None
LHX1	TUBA3FP	0.21923	27.145	0.145	rgb(219,189,190)	1.5278	None
SPIB	CNPY1	0.21909	27.04	0.04	rgb(217,209,209)	1.5257	None
HES4	KCNF1	0.21882	28.15	0.152	rgb(219,188,188)	1.5477	None
TEAD1	TSPAN11	-0.21882	27.63	-1.3E-01	rgb(189,200,222)	1.5374	None
LHX1	LTBP2	0.21854	26.5	0	rgb(217,217,217)	1.515	None
PDX1	IFIT1	0.21854	26.5	0	rgb(217,217,217)	1.515	None
ZFHX2	RPRML	-0.21841	28.2	-2.0E-01	rgb(174,191,225)	1.5487	None
RORC	MUC5B	0.21827	27.76	0.258	rgb(220,168,168)	1.54	None
HSF2	SOCS1	0.21744	26.5	0	rgb(217,217,217)	1.515	None
NR4A3	NPSR1-AS1	0.21744	26.5	0	rgb(217,217,217)	1.515	None
ONECUT3	PMP22	0.21744	26.5	0	rgb(217,217,217)	1.515	None
PBX1	CABP7	0.21744	26.5	0	rgb(217,217,217)	1.515	None
RORC	LHX1	0.21744	26.5	0	rgb(217,217,217)	1.515	None
ZNF846	TSNAX-DISC1	0.21744	26.5	0	rgb(217,217,217)	1.515	None
ZFHX2	ACTN3	0.2173	27.13	0.131	rgb(218,192,192)	1.5275	None
RORC	CENPE	-0.21716	27.62	-1.2E-01	rgb(191,201,222)	1.5372	None
NFAT5	GATA4	0.21689	26.5	0	rgb(217,217,217)	1.515	None
PDX1	GAL	0.21689	26.5	0	rgb(217,217,217)	1.515	None
MAFA	SDK2	0.21675	26.69	0.19	rgb(219,181,181)	1.5188	None
ATF6	MMD2	0.21592	26.5	0	rgb(217,217,217)	1.515	None
CBX2	LRRC16B	0.21592	26.5	0	rgb(217,217,217)	1.515	2,2
EGR3	ITPR1	0.21592	26.5	0	rgb(217,217,217)	1.515	None
NR4A2	CCDC181	0.21592	26.5	0	rgb(217,217,217)	1.515	None
SOX4	FJX1	0.21592	26.5	0	rgb(217,217,217)	1.515	None
ZNF846	SOCS1	-0.21592	26.735	-2.3E-01	rgb(166,186,226)	1.5197	None
SPIB	NHLH1	-0.21578	27.175	-1.8E-01	rgb(179,194,224)	1.5284	None
ARNT2	VGF	0.21523	26.5	0	rgb(217,217,217)	1.515	None
EGR3	CRY2	0.21523	26.5	0	rgb(217,217,217)	1.515	None
PAX6	NNMT	0.21523	26.5	0	rgb(217,217,217)	1.515	None
PDX1	AGAP11	0.21523	26.5	0	rgb(217,217,217)	1.515	None
ZNF846	AK054970	0.21509	27.87	0.372	rgb(221,146,147)	1.5421	2,2
NR4A2	CLGN	0.21482	26.5	0	rgb(217,217,217)	1.515	None
PBX1	ATP6V0E2	0.21482	26.5	0	rgb(217,217,217)	1.515	None
FEV	ASIC4	0.21468	27.74	0.24	rgb(220,171,172)	1.5396	None
SIM1	MAPK8IP2	0.21454	28.19	0.19	rgb(219,181,181)	1.5485	2,2
ONECUT1	LRP4-AS1	-0.2144	26.76	-2.6E-01	rgb(160,182,227)	1.5202	None
HOXB9	SSTR1	0.21413	26.5	0	rgb(217,217,217)	1.515	None
MAFA	STMN4	0.21413	26.5	0	rgb(217,217,217)	1.515	None
PDX1	SSTR3	-0.21399	27.585	-8.4E-02	rgb(199,206,220)	1.5365	None
LHX1	GPR173	-0.21385	27.735	-2.3E-01	rgb(166,186,226)	1.5395	None
GATA4	CYP27A1	0.21358	28.24	0.238	rgb(220,171,172)	1.5495	None
SOX4	CELA3A	0.21358	28.24	0.241	rgb(220,171,171)	1.5495	None
ELF4	MAD2L2	-0.21344	28.09	-8.8E-02	rgb(198,205,220)	1.5465	None
RORC	CD300LF	0.2133	27.725	0.223	rgb(219,174,175)	1.5393	None
TP73	PDZD4	0.21316	27.005	0.004	rgb(217,216,216)	1.525	None
ZFP28	LRAT	-0.21302	27.04	-4.1E-02	rgb(208,212,219)	1.5257	None
HIF1A	TMEM61	-0.21289	27.865	-3.7E-01	rgb(137,169,231)	1.542	None
EGR3	TUBA3FP	0.21233	26.5	0	rgb(217,217,217)	1.515	None
NEUROD2	JAZF1	0.21233	26.5	0	rgb(217,217,217)	1.515	None
POU2F2	LDB1	0.21233	26.5	0	rgb(217,217,217)	1.515	None
RFX6	MAST1	0.21233	28.065	0.065	rgb(218,205,205)	1.546	None
HOXB9	PAX6	0.2122	28.215	0.213	rgb(219,176,177)	1.549	None
ZFP28	SPON2	-0.21206	27.44	-4.4E-01	rgb(121,159,234)	1.5336	None
NR4A2	CCDC162P	0.21192	28.175	0.174	rgb(219,184,184)	1.5482	None
FEV	SESN2	-0.21178	27.215	-2.1E-01	rgb(170,189,225)	1.5292	None
ELF4	APLN	0.21137	26.5	0	rgb(217,217,217)	1.515	None
MAFA	TTLL7	0.21137	26.5	0	rgb(217,217,217)	1.515	None
NKX6-1	STK31	0.21137	26.5	0	rgb(217,217,217)	1.515	None
HSF2	MAST1	-0.21123	26.595	-9.6E-02	rgb(196,204,221)	1.5169	None
SMAD9	C2CD4B	0.21109	28.22	0.218	rgb(219,175,176)	1.5491	None
ETS1	CCL19	-0.21095	26.845	-3.4E-01	rgb(142,172,230)	1.5218	None
MAFA	NOXO1	-0.21082	27.03	-3.0E-02	rgb(211,213,218)	1.5255	None
TFCP2L1	ISL1	0.21068	27.835	0.337	rgb(221,153,153)	1.5414	None
ASCL1	MALAT1	-0.21054	27.745	-2.4E-01	rgb(164,185,226)	1.5397	None
FEV	CNIH2	0.2104	28.215	0.217	rgb(219,175,176)	1.549	None
HSF2	SPON2	0.20971	26.5	0	rgb(217,217,217)	1.515	None
HSF2	WSCD1	0.20971	26.5	0	rgb(217,217,217)	1.515	None
LHX1	SOX4	0.20971	26.5	0	rgb(217,217,217)	1.515	None
ONECUT1	FAM13A-AS1	0.20971	26.5	0	rgb(217,217,217)	1.515	None
RORC	CLPS	0.20971	26.5	0	rgb(217,217,217)	1.515	None
TEAD1	NKAIN1	-0.20958	27.265	-2.6E-01	rgb(160,182,227)	1.5302	None
FEV	TMEM151B	0.20916	27.86	0.361	rgb(221,148,149)	1.5419	None
SMAD9	BAI2	0.20916	27.86	0.358	rgb(221,149,149)	1.5419	2,2
TFCP2L1	PCYT1B	0.20916	27.86	0.361	rgb(221,148,149)	1.5419	None
ZNF117	AL831889	0.20902	27.89	0.389	rgb(221,143,143)	1.5425	2,2
TFCP2L1	OGFRL1	0.20889	27.83	0.329	rgb(221,154,155)	1.5413	None
LMX1B	ATP6V1G2	-0.20861	27.18	-1.8E-01	rgb(178,193,224)	1.5285	None
ONECUT1	KIAA1456	0.20861	27.07	0.069	rgb(218,204,204)	1.5263	2,2
TFCP2L1	SPARC	0.20847	27.065	0.067	rgb(218,204,204)	1.5262	None
ZNF382	HIC1	-0.20833	27.65	-1.5E-01	rgb(184,197,223)	1.5378	None
GATA4	PCDHA2	0.2082	27.865	0.364	rgb(221,147,148)	1.542	None
PRDM16	NEFM	-0.20792	27.825	-3.3E-01	rgb(146,174,229)	1.5412	None
TEAD1	DOK6	-0.20792	27.825	-3.2E-01	rgb(147,174,229)	1.5412	None
NHLH1	PCAT1	0.20751	26.5	0	rgb(217,217,217)	1.515	None
TEAD2	ENPP1	0.20751	26.5	0	rgb(217,217,217)	1.515	None
ZFHX2	NPW	0.20751	26.5	0	rgb(217,217,217)	1.515	None
ASCL2	GPR162	0.20737	27.12	0.122	rgb(218,194,194)	1.5273	None
HSF2	EIF4EBP3	0.20723	26.69	0.192	rgb(219,180,181)	1.5188	None
ETS1	NOTUM	-0.20709	27.7	-2.0E-01	rgb(173,190,225)	1.5388	None
SMAD9	ARHGAP22	0.20695	27.795	0.297	rgb(220,160,161)	1.5407	None
SMAD9	SCN1B	0.20682	27.85	0.352	rgb(221,150,150)	1.5417	None
PDX1	AP3B2	0.20668	27.215	0.214	rgb(219,176,177)	1.5292	None
ZNF846	NOVA2	-0.20654	27.1	-1.0E-01	rgb(195,203,221)	1.5269	None
SOX4	TRPM2	-0.2064	27.84	-3.4E-01	rgb(143,172,230)	1.5415	None
ONECUT2	ELL2	0.20626	27.785	0.285	rgb(220,163,163)	1.5405	None
GRHL3	ANKRD20A8P	-0.20613	26.665	-1.7E-01	rgb(181,195,223)	1.5183	2,2
HIF1A	ACTN3	-0.20599	27.605	-1.1E-01	rgb(194,203,221)	1.5369	None
NKX2-2	SSTR3	-0.20585	27.82	-3.2E-01	rgb(147,175,229)	1.5412	None
ZNF382	SMARCD2	-0.20571	27.595	-9.4E-02	rgb(197,205,221)	1.5367	None
NEUROD1	SSTR5-AS1	0.20557	27.48	0.479	rgb(222,126,127)	1.5344	None
NR4A2	GABBR2	0.20544	27.12	0.12	rgb(218,194,194)	1.5273	None
NEUROD1	CHRNB4	0.2053	28.105	0.104	rgb(218,197,197)	1.5468	None
MYRF	BC041449	-0.20516	26.73	-2.3E-01	rgb(167,187,226)	1.5196	2,2
HSF2	MYO3A	0.20488	26	0	rgb(217,217,217)	1.5051	None
ONECUT3	ROBO1	0.20488	26	0	rgb(217,217,217)	1.5051	None
GATA2	MPP1	0.20447	26	0	rgb(217,217,217)	1.5051	None
HSF2	FOXA2	0.20447	26	0	rgb(217,217,217)	1.5051	None
MAFA	HSF2	0.20447	26	0	rgb(217,217,217)	1.5051	None
LHX1	RNF157	-0.20433	26.7	-2.0E-01	rgb(174,191,225)	1.519	None
NKX2-2	BAALC	0.20419	26	0	rgb(217,217,217)	1.5051	None
TFCP2L1	CBX2	0.20406	27.55	0.048	rgb(218,208,208)	1.5358	None
RORC	KLHL32	-0.20392	27.095	-9.4E-02	rgb(197,205,221)	1.5268	None
GATA4	RGS16	-0.20378	27.545	-4.4E-02	rgb(208,211,219)	1.5357	None
PDX1	CYP4F24P	-0.20364	27.045	-4.4E-02	rgb(207,211,219)	1.5258	None
TFCP2L1	RPRML	-0.2035	27.04	-4.1E-02	rgb(208,212,219)	1.5257	None
ONECUT1	FOXD4L2	0.20309	26	0	rgb(217,217,217)	1.5051	2,2
RORC	MX2	0.20309	26	0	rgb(217,217,217)	1.5051	None
ZNF492	AK127697	0.20309	26	0	rgb(217,217,217)	1.5051	2,2
NEUROG3	SHF	0.20281	27.47	0.471	rgb(222,127,128)	1.5342	None
RFX6	NOL4	0.20281	27.47	0.471	rgb(222,127,128)	1.5342	None
ETS1	OGFRL1	0.20226	26	0	rgb(217,217,217)	1.5051	None
FOXA1	TCTEX1D4	0.20226	26	0	rgb(217,217,217)	1.5051	None
NEUROG3	NPM2	0.20226	26	0	rgb(217,217,217)	1.5051	None
RORC	ACE	0.20226	26	0	rgb(217,217,217)	1.5051	None
GATA4	TSPAN11	0.20185	26	0	rgb(217,217,217)	1.5051	None
HIF1A	PCED1B-AS1	-0.20185	26.345	-3.4E-01	rgb(142,172,230)	1.5119	None
ZNF846	RAPGEF4	0.20185	26	0	rgb(217,217,217)	1.5051	None
NFAT5	KIF5A	-0.20171	26.625	-1.2E-01	rgb(190,201,222)	1.5175	None
TEAD1	GRAP2	-0.20157	27.635	-1.3E-01	rgb(188,199,222)	1.5375	None
HSF2	FAM155B	0.20116	26	0	rgb(217,217,217)	1.5051	None
NKX2-2	CABP7	0.20116	26	0	rgb(217,217,217)	1.5051	None
NR4A2	UNC13A	0.20116	26	0	rgb(217,217,217)	1.5051	None
MAFA	DNAH11	-0.20102	28.13	-1.3E-01	rgb(188,200,222)	1.5473	None
LMX1A	GLIS2	0.20088	28	8.6E-04	rgb(217,217,217)	1.5447	None
EGR3	IFIT1	0.20047	26	0	rgb(217,217,217)	1.5051	None
MAFA	SAMD5	0.20047	26	0	rgb(217,217,217)	1.5051	None
ZFP82	NHSL2	0.20047	26	0	rgb(217,217,217)	1.5051	None
FOXA2	STK33	0.20033	27.745	0.243	rgb(220,171,171)	1.5397	None
LMX1A	PAK6	0.19964	26	0	rgb(217,217,217)	1.5051	None
SOX4	LINGO1	0.19964	26	0	rgb(217,217,217)	1.5051	None
TFCP2L1	CITED2	0.19964	26	0	rgb(217,217,217)	1.5051	None
TFCP2L1	YPEL1	0.19964	26	0	rgb(217,217,217)	1.5051	None
TGIF2	CLGN	0.19964	27.38	0.379	rgb(221,145,145)	1.5324	None
PBX1	GOLGA7B	0.1995	26	0	rgb(217,217,217)	1.5051	None
ONECUT3	DCHS1	0.19923	27.375	0.376	rgb(221,145,146)	1.5323	None
PROX1	DLC1	-0.19923	27.375	-3.7E-01	rgb(136,168,231)	1.5323	None
TGIF2	LHX1	0.19909	27.175	0.177	rgb(219,183,184)	1.5284	None
ELF4	FAXC	-0.19895	27.615	-1.1E-01	rgb(192,202,221)	1.5371	None
HOXB9	COL14A1	0.19881	28.11	0.109	rgb(218,196,196)	1.5469	None
ONECUT2	PPP1R14A	0.19868	26	0	rgb(217,217,217)	1.5051	None
EGR3	PMP22	-0.19854	26.32	-3.2E-01	rgb(147,175,229)	1.5114	None
NEUROD2	GNAO1	0.19826	27.46	0.458	rgb(222,129,130)	1.534	None
ONECUT1	AK5	0.19826	27.46	0.461	rgb(222,129,130)	1.534	None
EGR3	GFRA3	-0.19812	26.585	-8.6E-02	rgb(198,206,220)	1.5167	None
TFCP2L1	KCNAB2	0.19799	27.21	0.208	rgb(219,177,178)	1.5291	None
MAFB	SCGB1A1	0.19785	27.835	0.334	rgb(221,153,154)	1.5414	None
ETS1	SLC38A5	0.19757	26	0	rgb(217,217,217)	1.5051	None
HSF2	TTLL7	0.19757	26.575	0.076	rgb(218,202,203)	1.5165	None
ASCL2	ACE	-0.19743	26.67	-1.7E-01	rgb(180,194,224)	1.5184	None
ATF6	PCSK1N	0.1973	27.9	0.401	rgb(221,140,141)	1.5427	2,2
NFAT5	STK31	0.19688	26	0	rgb(217,217,217)	1.5051	None
TFCP2L1	HGFAC	0.19688	26	0	rgb(217,217,217)	1.5051	None
TFCP2L1	OR51E1	0.19688	26	0	rgb(217,217,217)	1.5051	None
NR4A2	QDPR	-0.19661	26.665	-1.7E-01	rgb(181,195,223)	1.5183	None
POU2F2	DEFB1	0.19661	26.64	0.142	rgb(219,190,190)	1.5178	None
SMAD9	LMX1B	0.19647	27.76	0.261	rgb(220,167,168)	1.54	None
TFCP2L1	PLEKHB1	0.19619	26	0	rgb(217,217,217)	1.5051	None
ZNF492	SSBP2	0.19619	26	0	rgb(217,217,217)	1.5051	None
ASCL2	RORC	0.19605	27.135	0.135	rgb(218,191,192)	1.5276	None
LMX1A	STMN4	0.1955	26.655	0.156	rgb(219,187,188)	1.5181	None
MAFA	SCN3B	0.1955	27.805	0.307	rgb(220,158,159)	1.5409	None
PBX1	MYRF	0.1955	27.805	0.306	rgb(220,159,159)	1.5409	None
TFCP2L1	CRIP2	0.1955	27.805	0.306	rgb(220,159,159)	1.5409	None
ETS1	SFRP1	0.19495	26	0	rgb(217,217,217)	1.5051	None
GATA4	PAK6	0.19495	26	0	rgb(217,217,217)	1.5051	None
PDX1	MLN	0.19495	26	0	rgb(217,217,217)	1.5051	None
PDX1	TMEM132C	0.19495	26	0	rgb(217,217,217)	1.5051	None
RFX6	INSM1	0.19481	27.83	0.331	rgb(221,154,154)	1.5413	None
TFCP2L1	KCNH7	0.19467	26.75	0.25	rgb(220,169,170)	1.52	None
GATA2	FCGBP	0.19398	26	0	rgb(217,217,217)	1.5051	None
GATA4	MIR137HG	0.19398	26	0	rgb(217,217,217)	1.5051	None
HOXB9	LIMCH1	0.19398	26	0	rgb(217,217,217)	1.5051	None
MAFA	CHRNB4	0.19398	26	0	rgb(217,217,217)	1.5051	None
ONECUT3	AK316092	0.19398	26	0	rgb(217,217,217)	1.5051	2,2
LHX1	EID2	0.19385	28.145	0.143	rgb(219,190,190)	1.5476	None
HOXB9	MX2	0.19371	26.375	0.374	rgb(221,146,146)	1.5125	None
LHX1	JAKMIP2	-0.19357	26.605	-1.1E-01	rgb(194,203,221)	1.5171	None
POU6F1	GDF11	-0.19343	27.45	-4.5E-01	rgb(120,158,234)	1.5338	None
LMX1A	HSF2	-0.19329	27.68	-1.8E-01	rgb(178,193,224)	1.5384	None
ONECUT3	FOXA1	-0.19288	26.21	-2.1E-01	rgb(172,189,225)	1.5093	None
PDX1	FOXP2	-0.19288	27.8	-3.0E-01	rgb(152,178,228)	1.5408	None
RFX2	STK33	0.19288	27.8	0.299	rgb(220,160,161)	1.5408	None
HSF2	NRXN2	0.1926	26	0	rgb(217,217,217)	1.5051	None
RORC	DPYSL3	0.1926	26	0	rgb(217,217,217)	1.5051	None
HSF2	GGT5	0.19247	26	0	rgb(217,217,217)	1.5051	None
NR4A2	CDKN1A	0.19233	26.68	0.18	rgb(219,183,183)	1.5186	None
LMX1A	SCN2A	0.19205	27.86	0.36	rgb(221,148,149)	1.5419	None
LMX1B	ACTN3	-0.19205	27.865	-3.6E-01	rgb(138,169,231)	1.542	None
FEV	PCYT1B	0.19192	28.125	0.124	rgb(218,193,194)	1.5472	None
EGR3	TMEM70	0.19178	27.155	0.153	rgb(219,188,188)	1.528	None
GLIS2	TGIF2	0.19164	26.56	0.059	rgb(218,206,206)	1.5162	None
GATA2	CADM2	0.1915	26	0	rgb(217,217,217)	1.5051	None
ETV1	EID1	-0.19136	27.25	-2.5E-01	rgb(162,184,227)	1.5299	None
LHX1	CACNA2D1	0.19123	27.72	0.221	rgb(219,175,175)	1.5392	None
NKX6-1	TENM2	0.19109	26.275	0.274	rgb(220,165,165)	1.5105	None
HOXB9	MYBPC3	-0.19081	27.66	-1.6E-01	rgb(183,196,223)	1.538	None
MAFA	CLCNKA	0.19081	27.05	0.049	rgb(218,208,208)	1.5259	None
ZFHX2	GCH1	-0.19067	27.85	-3.5E-01	rgb(141,171,230)	1.5417	None
HOXB9	APLN	0.19054	28.1	0.098	rgb(218,198,198)	1.5467	None
ZFHX2	SPINK4	-0.1904	26.135	-1.3E-01	rgb(188,199,222)	1.5078	None
MAFA	ENPP1	0.19012	27.795	0.294	rgb(220,161,162)	1.5407	None
PRDM16	AMPD3	0.19012	27.795	0.294	rgb(220,161,161)	1.5407	None
NR4A2	TMEM151B	0.18998	26.72	0.218	rgb(219,175,176)	1.5194	None
MAFA	SAP30	0.18985	26.165	0.165	rgb(219,185,186)	1.5084	None
EGR3	LTF	-0.18971	26.23	-2.3E-01	rgb(167,186,226)	1.5097	None
FEV	AMPH	0.18957	27.225	0.226	rgb(219,174,174)	1.5294	None
LMX1A	TSNAX-DISC1	0.18943	27.84	0.338	rgb(221,152,153)	1.5415	None
ELF4	VCAN	-0.18916	27.44	-4.4E-01	rgb(121,159,234)	1.5336	None
ETS1	AGAP11	-0.18916	27.44	-4.4E-01	rgb(121,159,234)	1.5336	None
LMX1B	TMEM132C	0.18902	26	0	rgb(217,217,217)	1.5051	None
HSF2	GPC2	0.18874	26.58	0.082	rgb(218,201,202)	1.5166	None
LHX1	DPP10	0.18874	27.685	0.183	rgb(219,182,182)	1.5385	None
NR4A2	CTPS1	-0.1886	27.64	-1.4E-01	rgb(186,198,222)	1.5376	None
GATA2	PDE2A	0.18847	28.065	0.064	rgb(218,205,205)	1.546	None
NHLH1	CAMK2N2	0.18833	26.105	0.105	rgb(218,197,197)	1.5072	None
NR4A3	FAM71E2	0.18819	26.565	0.065	rgb(218,205,205)	1.5163	None
SPIB	LHX1	0.18791	26	0	rgb(217,217,217)	1.5051	None
TFCP2L1	HHEX	0.18791	26.305	0.306	rgb(220,159,159)	1.5111	None
RORC	CHRNB2	0.18778	27.63	0.128	rgb(218,193,193)	1.5374	None
ZFP92	AX746771	-0.18764	26.205	-2.1E-01	rgb(172,190,225)	1.5092	2,2
LHX1	PRKCG	0.1875	26	0	rgb(217,217,217)	1.5051	None
ARNT2	FAM153A	-0.18736	26.68	-1.8E-01	rgb(178,193,224)	1.5186	2,2
DZIP1	BC015342	0.18709	25.5	0	rgb(217,217,217)	1.4952	2,2
EGR3	GCH1	0.18709	25.5	0	rgb(217,217,217)	1.4952	None
TEAD2	NR4A3	0.18695	27.2	0.2	rgb(219,179,179)	1.5289	None
LMX1A	APBB1	0.18653	25.5	0	rgb(217,217,217)	1.4952	None
NR4A2	MMRN1	0.18653	25.5	0	rgb(217,217,217)	1.4952	None
ZFP28	LAPTM5	0.18653	25.5	0	rgb(217,217,217)	1.4952	None
DACH1	CHRNA3	0.18612	27.43	0.431	rgb(222,135,135)	1.5334	2,2
GATA4	LIN7A	0.18612	27.43	0.428	rgb(222,135,136)	1.5334	None
TFCP2L1	UCP2	0.18612	27.43	0.431	rgb(222,135,136)	1.5334	None
PDX1	ZNRF3-AS1	-0.18598	26.515	-1.6E-02	rgb(214,215,218)	1.5153	None
ETV1	IL17C	-0.18584	27.81	-3.1E-01	rgb(150,176,229)	1.541	None
PRDM16	VCAN	0.18571	26.155	0.154	rgb(219,188,188)	1.5082	None
MXI1	CCL20	0.18529	25.5	0	rgb(217,217,217)	1.4952	None
NHLH1	HOMEZ	0.18529	25.5	0	rgb(217,217,217)	1.4952	None
PDX1	SYP	0.18529	25.5	0	rgb(217,217,217)	1.4952	None
NR4A2	CORO2B	0.18488	25.5	0	rgb(217,217,217)	1.4952	None
TEAD1	USP13	0.18488	25.5	0	rgb(217,217,217)	1.4952	None
TP73	CCDC40	0.18488	25.5	0	rgb(217,217,217)	1.4952	None
HSF2	SH3RF3-AS1	0.18446	25.5	0	rgb(217,217,217)	1.4952	None
ONECUT1	DPYSL3	-0.18446	27.18	-1.8E-01	rgb(178,193,224)	1.5285	None
POU6F1	COL14A1	0.18446	25.5	0	rgb(217,217,217)	1.4952	None
ONECUT1	IGSF21	0.18419	25.5	0	rgb(217,217,217)	1.4952	None
TFCP2L1	TAF9B	0.18419	25.5	0	rgb(217,217,217)	1.4952	None
ASCL1	DNER	0.18405	27.765	0.266	rgb(220,166,167)	1.5401	None
SPIB	GHRL	0.18391	27.81	0.311	rgb(220,158,158)	1.541	None
HES4	HIC1	-0.18377	27.175	-1.7E-01	rgb(179,194,224)	1.5284	None
TFCP2L1	SDCBP2-AS1	0.18364	25.5	0	rgb(217,217,217)	1.4952	None
LHX1	SCGB1A1	0.18336	25.5	0	rgb(217,217,217)	1.4952	None
SPIB	HES4	0.18336	25.5	0	rgb(217,217,217)	1.4952	None
LHX1	MMRN1	0.18308	26.13	0.131	rgb(218,192,192)	1.5077	None
PDX1	APBB1	0.18308	27.76	0.26	rgb(220,167,168)	1.54	None
HIC1	PRKCG	-0.18281	27.805	-3.1E-01	rgb(150,176,229)	1.5409	None
ZNF492	DLGAP3	-0.18281	27.805	-3.1E-01	rgb(151,177,229)	1.5409	None
NFAT5	MALAT1	0.18267	27.165	0.164	rgb(219,186,186)	1.5282	None
NKX2-2	GCK	0.18253	27.875	0.377	rgb(221,145,146)	1.5422	None
RFX2	DDC	0.1824	26.045	0.044	rgb(217,209,209)	1.506	None
HSF2	DTX1	-0.18226	26.75	-2.5E-01	rgb(163,184,226)	1.52	None
ETV1	G0S2	0.18212	27.755	0.257	rgb(220,168,168)	1.5399	None
ELF4	CLCNKA	0.18171	27.78	0.278	rgb(220,164,164)	1.5404	None
ETV1	SLC30A4	-0.18171	27.78	-2.8E-01	rgb(157,180,228)	1.5404	None
GATA4	KCNMB2	0.18171	27.78	0.28	rgb(220,163,164)	1.5404	None
ZNF492	GLYATL3	-0.18157	27.42	-4.2E-01	rgb(126,162,233)	1.5332	None
HIF1A	AL110171	0.18102	25.5	0	rgb(217,217,217)	1.4952	2,2
PBX1	SLC14A2	0.18102	25.5	0	rgb(217,217,217)	1.4952	None
TFCP2L1	ZFP82	0.18102	25.5	0	rgb(217,217,217)	1.4952	None
ZNF846	IGFN1	0.18102	26.62	0.12	rgb(218,194,194)	1.5174	None
ETV1	GDF1	0.18019	25.5	0	rgb(217,217,217)	1.4952	None
LMX1B	UNC5D	0.18019	25.5	0	rgb(217,217,217)	1.4952	None
ONECUT1	AX748285	0.18019	25.5	0	rgb(217,217,217)	1.4952	2,2
PDX1	SCN2A	0.18019	25.5	0	rgb(217,217,217)	1.4952	None
RORC	CTXN1	0.18019	25.5	0	rgb(217,217,217)	1.4952	None
SMAD9	GLT8D2	0.18019	25.5	0	rgb(217,217,217)	1.4952	None
MAFF	ATP6V1G2	-0.18005	27.595	-9.7E-02	rgb(196,204,221)	1.5367	None
TP73	NCS1	0.17991	26.605	0.104	rgb(218,197,197)	1.5171	None
FOXA2	AK5	0.17977	27.86	0.361	rgb(221,148,149)	1.5419	None
NR4A2	ETS1	0.17964	26.6	0.1	rgb(218,198,198)	1.517	None
ZFHX2	FGF2	0.1795	27.18	0.18	rgb(219,183,183)	1.5285	None
HSF2	RBP1	0.17936	26.59	0.092	rgb(218,199,200)	1.5168	None
NEUROG3	WNT9A	0.17922	27.79	0.289	rgb(220,162,162)	1.5406	None
ELF4	EPHA4	0.17853	25.5	0	rgb(217,217,217)	1.4952	None
GATA4	PLXNC1	0.17853	25.5	0	rgb(217,217,217)	1.4952	None
MXI1	ZFHX2	0.17853	25.5	0	rgb(217,217,217)	1.4952	None
RFX6	FAM171A2	0.17853	27.415	0.414	rgb(222,138,139)	1.5331	None
SOX4	PPP1R1A	-0.17853	27.415	-4.2E-01	rgb(127,162,233)	1.5331	None
ETS1	NKTR	-0.17839	27.775	-2.8E-01	rgb(157,181,228)	1.5403	None
MAFA	ACTL6B	0.17826	26.58	0.079	rgb(218,202,202)	1.5166	None
HSF2	CELSR3	-0.17812	26.07	-7.0E-02	rgb(202,208,220)	1.5065	None
PBX1	CACNA1A	-0.17798	27.785	-2.9E-01	rgb(155,179,228)	1.5405	None
NKX6-1	SDCBP2-AS1	-0.17784	27.31	-3.1E-01	rgb(149,176,229)	1.531	None
FEV	GRIK5	0.1777	27.73	0.232	rgb(220,173,173)	1.5394	None
TFCP2L1	GPR148	0.17757	26.69	0.192	rgb(219,180,181)	1.5188	None
LMX1B	DNAH11	0.17701	25.5	0	rgb(217,217,217)	1.4952	None
POU2F2	TMPRSS6	0.17701	25.5	0	rgb(217,217,217)	1.4952	None
ZFP82	CENPE	0.17701	25.5	0	rgb(217,217,217)	1.4952	None
ZNF492	NEAT1	0.17701	25.5	0	rgb(217,217,217)	1.4952	None
GATA2	SHC3	0.17646	25.5	0	rgb(217,217,217)	1.4952	None
NR4A3	PGA3	0.17646	25.5	0	rgb(217,217,217)	1.4952	None
RFX3	CELF4	0.17646	25.5	0	rgb(217,217,217)	1.4952	None
RORC	CD96	0.17646	25.5	0	rgb(217,217,217)	1.4952	None
EGR3	OSBPL6	0.17632	26.045	0.045	rgb(217,208,208)	1.506	None
TEAD1	MEX3B	-0.17619	26.75	-2.5E-01	rgb(163,184,226)	1.52	None
ZNF117	AK057596	0.17605	27.41	0.409	rgb(222,139,140)	1.533	2,2
ETV1	PROX1	0.17591	26.015	0.013	rgb(217,215,215)	1.5054	None
ETS1	ACBD7	-0.17577	26.135	-1.3E-01	rgb(188,199,222)	1.5078	None
EGR3	UCP2	0.17536	25.5	0	rgb(217,217,217)	1.4952	None
HSF2	NKAIN1	0.17536	25.5	0	rgb(217,217,217)	1.4952	None
ZNF382	BC122864	0.17536	25.5	0	rgb(217,217,217)	1.4952	2,2
NR4A2	TTYH2	-0.17522	26.355	-3.5E-01	rgb(140,170,230)	1.5121	None
ONECUT3	EYA4	0.17508	26.235	0.237	rgb(220,172,172)	1.5098	None
HES4	SLC7A2	-0.17494	27.72	-2.2E-01	rgb(169,188,225)	1.5392	None
FOXP2	COL21A1	0.17481	27.48	0.479	rgb(222,125,126)	1.5344	None
POU2F2	SLC35F3	-0.17453	27.825	-3.3E-01	rgb(146,174,229)	1.5412	None
SPIB	RAPGEF4	0.17453	27.825	0.326	rgb(221,155,155)	1.5412	None
ATF5	MAGEA5	0.17412	25.5	0	rgb(217,217,217)	1.4952	2,2
EGR3	TRPM2	0.17412	25.5	0	rgb(217,217,217)	1.4952	None
RFX2	FUT7	0.17412	25.5	0	rgb(217,217,217)	1.4952	None
HHEX	TTR	0.17398	27.47	0.471	rgb(222,127,128)	1.5342	None
LMX1B	LTBP2	0.17384	27.815	0.315	rgb(220,157,157)	1.5411	None
RORC	AVPR1B	0.1737	27.705	0.206	rgb(219,178,178)	1.5389	None
NKX6-1	MED12L	0.17343	27.79	0.292	rgb(220,161,162)	1.5406	None
SMAD9	NOTUM	0.17343	27.79	0.288	rgb(220,162,163)	1.5406	None
PRDM16	FKBP7	-0.17329	26.655	-1.6E-01	rgb(183,196,223)	1.5181	None
ETV1	SCG5	0.17288	27.465	0.467	rgb(222,128,129)	1.5341	None
FOXA1	COL12A1	0.17288	27.81	0.311	rgb(220,158,158)	1.541	None
MAFB	FCRL6	0.17288	26.33	0.328	rgb(221,154,155)	1.5116	None
SMAD9	GALNT16	-0.17274	26.1	-9.9E-02	rgb(196,204,221)	1.5071	None
LMX1A	CERKL	-0.17246	27.76	-2.6E-01	rgb(160,182,227)	1.54	None
TEAD1	JAKMIP2	-0.17246	26.705	-2.0E-01	rgb(173,190,225)	1.5191	None
ETS1	GFRA3	0.17205	25.5	0	rgb(217,217,217)	1.4952	None
FEV	SV2B	0.17205	25.5	0	rgb(217,217,217)	1.4952	None
ZFHX2	TRPM2	0.17205	25.5	0	rgb(217,217,217)	1.4952	None
ETS1	CHRNB2	0.17163	25.5	0	rgb(217,217,217)	1.4952	None
LHX1	GRAP2	0.17163	25.5	0	rgb(217,217,217)	1.4952	None
POU2F2	LMO3	0.17163	25.5	0	rgb(217,217,217)	1.4952	None
NEUROD2	KANK2	-0.1715	26.3	-3.0E-01	rgb(152,177,228)	1.511	None
GATA4	STK33	0.17136	25.5	0	rgb(217,217,217)	1.4952	None
ONECUT3	CDKN1A	-0.17122	26.885	-3.8E-01	rgb(134,166,232)	1.5226	None
FOXA1	FOXP2	0.17108	27.685	0.186	rgb(219,182,182)	1.5385	None
ETS1	SOCS1	0.17094	26.26	0.258	rgb(220,168,168)	1.5103	None
NEUROD1	KCNN3	0.17067	27.4	0.402	rgb(221,140,141)	1.5328	None
SMAD9	BRSK2	0.17067	27.4	0.4	rgb(221,141,141)	1.5328	None
LMX1A	DTX1	-0.17053	27.315	-3.1E-01	rgb(149,176,229)	1.5311	None
ETS1	NFAT5	-0.17025	27.075	-7.7E-02	rgb(200,207,220)	1.5264	None
NR4A2	TPPP3	-0.17025	27.075	-7.6E-02	rgb(200,207,220)	1.5264	None
RFX3	MAFA	-0.17012	26.065	-6.3E-02	rgb(203,209,219)	1.5064	None
TEAD2	TEKT2	0.16984	27.785	0.285	rgb(220,163,163)	1.5405	None
ZFP28	F10	-0.16984	27.785	-2.8E-01	rgb(155,180,228)	1.5405	None
ZNF519	CDK5R2	-0.1697	27.675	-1.8E-01	rgb(179,194,224)	1.5383	None
NKX2-2	SUSD2	0.16956	27.225	0.225	rgb(219,174,175)	1.5294	None
ZFHX2	ZNRF3-AS1	0.16943	26.825	0.326	rgb(221,155,155)	1.5214	None
NR4A3	C7	0.16929	26.61	0.112	rgb(218,196,196)	1.5172	None
ATF6	CNTD2	0.16915	26.02	0.02	rgb(217,213,213)	1.5055	None
ATF6	CPE	0.16901	27.395	0.396	rgb(221,141,142)	1.5327	None
RORC	FOXA1	-0.16887	27.78	-2.8E-01	rgb(156,180,228)	1.5404	None
LHX1	CORO2B	-0.1686	27.44	-4.4E-01	rgb(122,159,234)	1.5336	None
ZFHX2	LRRC10B	-0.1686	26.8	-3.0E-01	rgb(152,177,228)	1.5209	None
ASCL2	DLL4	0.16736	25.5	0	rgb(217,217,217)	1.4952	None
ATF5	ST8SIA3	0.16736	25.5	0	rgb(217,217,217)	1.4952	None
GATA2	MRC1	0.16736	25.5	0	rgb(217,217,217)	1.4952	2,2
GATA4	SULT2A1	0.16736	25.5	0	rgb(217,217,217)	1.4952	None
PAX6	RTN4RL1	0.16736	25.5	0	rgb(217,217,217)	1.4952	None
PAX6	TPST2	0.16736	25.5	0	rgb(217,217,217)	1.4952	None
SOX4	PDE8B	0.16736	25.5	0	rgb(217,217,217)	1.4952	None
SPIB	ARHGAP9	0.16736	25.5	0	rgb(217,217,217)	1.4952	None
ZFHX2	NAALADL1	0.16736	25.5	0	rgb(217,217,217)	1.4952	None
NR4A2	SMARCA1	0.16722	25	0	rgb(217,217,217)	1.4853	None
ATF5	ID1	-0.16708	27.185	-1.8E-01	rgb(177,193,224)	1.5286	None
ZNF117	AK026777	0.16694	25.8	0.298	rgb(220,160,161)	1.5011	2,2
ASCL1	FUT7	0.16667	26.225	0.227	rgb(219,174,174)	1.5096	None
ONECUT3	CPLX1	-0.16667	26.225	-2.3E-01	rgb(168,187,226)	1.5096	None
ETS1	ASRGL1	0.16639	25	0	rgb(217,217,217)	1.4853	None
RFX3	PGA4	0.16639	27.73	0.231	rgb(220,173,173)	1.5394	None
ETS1	ATF6	0.16584	25	0	rgb(217,217,217)	1.4853	None
HOXB9	FSTL5	0.16584	25	0	rgb(217,217,217)	1.4853	None
RORC	MAPK7	0.16584	25	0	rgb(217,217,217)	1.4853	None
SPIB	METTL21EP	0.16584	25	0	rgb(217,217,217)	1.4853	None
HOXB9	MEX3A	0.1657	26.22	0.22	rgb(219,175,175)	1.5095	None
EGR3	SSBP2	0.16542	25	0	rgb(217,217,217)	1.4853	None
ELF4	ADCY2	0.16542	25	0	rgb(217,217,217)	1.4853	None
LMX1B	FOXA2	-0.16515	26.11	-1.1E-01	rgb(193,202,221)	1.5073	None
NHLH1	MYEF2	0.16515	26.11	0.109	rgb(218,196,196)	1.5073	None
PAX6	GFRA1	-0.16501	27.39	-3.9E-01	rgb(132,165,232)	1.5326	None
TGIF2	TMEM70	-0.16487	27.775	-2.7E-01	rgb(158,181,227)	1.5403	None
ONECUT3	DPYSL3	-0.16474	27.26	-2.6E-01	rgb(161,183,227)	1.5301	None
ARNT2	RPS6KL1	0.16418	25	0	rgb(217,217,217)	1.4853	None
NR4A2	SOCS1	0.16418	25	0	rgb(217,217,217)	1.4853	None
SOX4	CALCOCO1	0.16418	25	0	rgb(217,217,217)	1.4853	None
SPIB	CCND2	0.16418	25	0	rgb(217,217,217)	1.4853	None
AKNA	SCGB1C1	0.16377	25	0	rgb(217,217,217)	1.4853	2,2
LHX1	THBS4	0.16377	25	0	rgb(217,217,217)	1.4853	None
PRDM16	CLCNKA	0.16377	25	0	rgb(217,217,217)	1.4853	None
MAFA	CAND2	0.16363	25.81	0.309	rgb(220,158,159)	1.5013	None
ZFP28	INHBE	-0.16349	27.765	-2.6E-01	rgb(160,182,227)	1.5401	None
TEAD1	NFAT5	0.16336	27.61	0.109	rgb(218,196,196)	1.537	None
GATA2	MED12L	0.1628	25	0	rgb(217,217,217)	1.4853	None
GATA4	KIRREL3	0.1628	25	0	rgb(217,217,217)	1.4853	None
MAFB	ADAM12	0.1628	25	0	rgb(217,217,217)	1.4853	None
SOX4	ACTL6B	0.1628	25	0	rgb(217,217,217)	1.4853	None
NEUROG3	ELF4	-0.16267	27.43	-4.3E-01	rgb(124,160,233)	1.5334	None
NR4A2	REG4	-0.16253	27.745	-2.5E-01	rgb(163,184,226)	1.5397	None
ETS1	RUNDC3A	-0.16239	25.745	-2.4E-01	rgb(164,185,226)	1.5	None
ELF4	PRRT3	-0.16225	26.175	-1.8E-01	rgb(179,194,224)	1.5086	None
PBX1	LMX1A	-0.16198	27.715	-2.1E-01	rgb(171,189,225)	1.5391	None
SPIB	PAM	0.16198	27.715	0.215	rgb(219,176,176)	1.5391	None
LHX1	TUBB3	0.16142	25.5	0	rgb(217,217,217)	1.4952	None
PRDM16	CHRNB4	0.16142	25.5	0	rgb(217,217,217)	1.4952	None
SMAD9	LSAMP	0.16142	25.5	0	rgb(217,217,217)	1.4952	None
ZFHX2	NAV3	0.16142	25.5	0	rgb(217,217,217)	1.4952	None
GATA6	MMRN1	0.16101	25	0	rgb(217,217,217)	1.4853	None
MAFA	HCN4	0.16101	25	0	rgb(217,217,217)	1.4853	None
TFCP2L1	RAB26	-0.16101	25.635	-1.3E-01	rgb(188,199,222)	1.4979	None
PAX6	STXBP1	-0.16087	26.8	-3.0E-01	rgb(152,178,228)	1.5209	None
EGR3	RBP1	0.1606	27.575	0.073	rgb(218,203,203)	1.5363	None
HSF2	IRF2BP1	-0.1606	27.245	-2.4E-01	rgb(164,185,226)	1.5298	None
PRDM16	GCK	-0.16046	25.77	-2.7E-01	rgb(159,182,227)	1.5005	None
ONECUT2	QDPR	-0.16032	27.425	-4.2E-01	rgb(125,161,233)	1.5333	None
ETS1	SPC25	-0.16018	26.045	-4.3E-02	rgb(208,211,219)	1.506	None
NEUROD2	ANKRD13B	0.16004	27.385	0.383	rgb(221,144,145)	1.5325	None
FEV	IGSF21	0.15991	27.425	0.424	rgb(222,136,137)	1.5333	None
EGR3	CHRNA5	0.15977	26.78	0.282	rgb(220,163,164)	1.5206	None
ELF4	LEFTY1	0.15908	25	0	rgb(217,217,217)	1.4853	None
GATA2	ADCY1	0.15908	25	0	rgb(217,217,217)	1.4853	None
MAFB	CCDC181	0.15908	25	0	rgb(217,217,217)	1.4853	None
ONECUT3	FAT3	0.15908	25	0	rgb(217,217,217)	1.4853	None
RFX2	GNG4	0.15908	25	0	rgb(217,217,217)	1.4853	None
HOXB9	SSTR5	-0.15894	26.145	-1.5E-01	rgb(185,198,223)	1.508	None
ONECUT3	CLPS	-0.1588	26.72	-2.2E-01	rgb(169,188,225)	1.5194	None
HSF2	FAM227A	0.15853	25	0	rgb(217,217,217)	1.4853	None
HSF2	WNT9A	0.15853	25	0	rgb(217,217,217)	1.4853	None
FOXA1	CIB4	-0.15839	27.765	-2.7E-01	rgb(159,182,227)	1.5401	None
MAFB	CACNA1C	0.15825	27.74	0.239	rgb(220,171,172)	1.5396	None
RFX2	RGS14	0.15811	25.605	0.106	rgb(218,197,197)	1.4973	None
ZFHX2	CHRNB4	0.15797	27.73	0.23	rgb(220,173,174)	1.5394	None
ONECUT2	METTL21EP	0.15784	27.355	0.353	rgb(221,150,150)	1.5319	None
ATF6	BCAT1	0.15715	25.5	0	rgb(217,217,217)	1.4952	None
LHX1	AMBP	0.15715	25.5	0	rgb(217,217,217)	1.4952	None
LMX1B	STMND1	0.15715	25.5	0	rgb(217,217,217)	1.4952	None
NR4A3	LRRN2	0.15715	25.5	0	rgb(217,217,217)	1.4952	None
PAX6	PTPN22	0.15715	25.5	0	rgb(217,217,217)	1.4952	None
NEUROD2	GPR142	0.15701	25.665	0.166	rgb(219,185,186)	1.4985	None
EGR3	SLC38A5	-0.15673	26.255	-2.5E-01	rgb(162,184,227)	1.5102	None
HIC1	LINC00923	-0.15673	25.84	-3.4E-01	rgb(144,172,230)	1.5019	2,2
RFX3	HEYL	0.15659	27.205	0.203	rgb(219,178,179)	1.529	None
NKX2-2	CLGN	-0.15646	26.15	-1.5E-01	rgb(184,197,223)	1.5081	None
ETV1	RCOR2	0.15618	25	0	rgb(217,217,217)	1.4853	None
PDX1	SLC26A7	0.15618	25	0	rgb(217,217,217)	1.4853	None
PDX1	PPP1R16B	-0.15604	27.73	-2.3E-01	rgb(167,186,226)	1.5394	None
LMX1A	HOMEZ	-0.15591	25.805	-3.0E-01	rgb(151,177,229)	1.5012	None
LMX1A	GPR173	-0.15577	27.725	-2.3E-01	rgb(168,187,226)	1.5393	None
TGIF2	NR2F2-AS1	0.15563	25.785	0.287	rgb(220,162,163)	1.5008	None
ATF6	STXBP1	0.15535	27.76	0.258	rgb(220,168,168)	1.54	None
ZFP82	CRISPLD2	0.15535	27.76	0.261	rgb(220,167,168)	1.54	None
NR4A2	SPARC	0.15508	27.375	0.375	rgb(221,145,146)	1.5323	None
PBX1	CACNA1C	-0.15508	27.375	-3.8E-01	rgb(135,167,231)	1.5323	None
NR4A3	RAB40A	0.15494	25.645	0.146	rgb(219,189,189)	1.4981	2,2
LMX1A	PCSK1	0.1548	26.11	0.109	rgb(218,196,196)	1.5073	None
RFX3	MAP6	0.15466	25	0	rgb(217,217,217)	1.4853	None
PDX1	EVA1A	-0.15453	25.62	-1.2E-01	rgb(191,201,221)	1.4976	None
EGR3	MAFA	0.15411	25	0	rgb(217,217,217)	1.4853	None
GATA4	CD96	0.15411	25	0	rgb(217,217,217)	1.4853	None
NR4A2	ZFP82	0.15411	25	0	rgb(217,217,217)	1.4853	None
ZFP82	CORO2B	0.15397	27.715	0.216	rgb(219,176,176)	1.5391	None
ZNF846	TMEM70	-0.15384	26.09	-8.8E-02	rgb(198,205,220)	1.5069	None
MAFF	SMARCD2	-0.1537	27.295	-3.0E-01	rgb(153,178,228)	1.5308	None
EGR3	ENPP1	-0.15356	27.755	-2.5E-01	rgb(162,184,227)	1.5399	None
NHLH1	LINC00923	-0.15342	26.21	-2.1E-01	rgb(171,189,225)	1.5093	2,2
HSF2	GAP43	-0.15328	25.755	-2.5E-01	rgb(162,184,227)	1.5002	None
ETS1	TRPC7	-0.15315	26.205	-2.0E-01	rgb(173,190,225)	1.5092	None
TEAD2	APLP1	0.15301	27.285	0.285	rgb(220,163,163)	1.5306	None
GRHL3	FAM105A	0.15287	27.37	0.37	rgb(221,146,147)	1.5322	2,2
EGR3	GPBAR1	-0.15273	26.715	-2.2E-01	rgb(170,189,225)	1.5193	None
MAFA	FJX1	0.15259	27.7	0.199	rgb(219,179,179)	1.5388	None
EGR3	CFC1	0.15204	25	0	rgb(217,217,217)	1.4853	None
GATA2	MMRN1	0.15204	25	0	rgb(217,217,217)	1.4853	None
MAFA	MEP1B	0.15204	25	0	rgb(217,217,217)	1.4853	None
NKX2-2	HMGB3	0.15204	25	0	rgb(217,217,217)	1.4853	None
LHX1	CSF1R	-0.1519	25.635	-1.3E-01	rgb(188,200,222)	1.4979	None
RFX3	LMX1B	0.15177	27.645	0.147	rgb(219,189,189)	1.5377	None
RORC	SCT	0.15163	25	0	rgb(217,217,217)	1.4853	None
ARNT2	SYCP2	0.15108	25	0	rgb(217,217,217)	1.4853	None
EGR3	CCDC146	0.15108	25	0	rgb(217,217,217)	1.4853	None
ZFHX2	HCP5	0.15108	25	0	rgb(217,217,217)	1.4853	None
ZFP82	UNC5D	0.15108	25	0	rgb(217,217,217)	1.4853	None
ETS1	RCOR3	-0.15094	27.625	-1.3E-01	rgb(190,200,222)	1.5373	None
MAFA	HIC1	-0.15066	27.255	-2.5E-01	rgb(162,184,227)	1.53	None
NR4A3	AMPH	-0.15066	27.255	-2.6E-01	rgb(161,183,227)	1.53	None
PRDM16	AX746869	0.15025	27.685	0.186	rgb(219,182,182)	1.5385	2,2
TEAD1	RNF157	-0.15025	27.365	-3.6E-01	rgb(138,169,231)	1.5321	None
ZNF846	RRAGD	0.15025	25.685	0.187	rgb(219,181,182)	1.4989	None
MAFA	SLC6A16	0.15011	27.395	0.393	rgb(221,142,143)	1.5327	None
LHX1	USP41	0.14956	25	0	rgb(217,217,217)	1.4853	None
NR4A2	CADM2	0.14956	25	0	rgb(217,217,217)	1.4853	None
SMAD9	LRAT	0.14956	25.54	0.04	rgb(217,209,209)	1.496	None
TEAD2	PTPRN2	0.14956	25	0	rgb(217,217,217)	1.4853	None
LMX1B	GDAP1	0.14942	26.635	0.136	rgb(219,191,191)	1.5177	None
HEYL	IGHG1	0.14928	27.745	0.247	rgb(220,170,170)	1.5397	2,2
ONECUT1	ANKRD18A	0.14914	27.7	0.2	rgb(219,179,179)	1.5388	None
NHLH1	UBL5	0.14901	26.16	0.159	rgb(219,187,187)	1.5083	None
TGIF2	CHRM4	0.14887	27.39	0.389	rgb(221,143,144)	1.5326	None
NHLH1	GAL	0.14873	27.67	0.17	rgb(219,185,185)	1.5382	None
TGIF2	KLK12	0.14859	26.615	0.116	rgb(218,195,195)	1.5173	None
FOXP2	PGA5	-0.14845	27.695	-1.9E-01	rgb(175,192,224)	1.5387	None
NR4A2	MAGED1	0.14804	24.5	0	rgb(217,217,217)	1.4754	None
ONECUT2	APBB1	0.14804	24.5	0	rgb(217,217,217)	1.4754	None
PBX1	HERC5	0.14804	24.5	0	rgb(217,217,217)	1.4754	None
NEUROG3	NOVA2	-0.1479	25.675	-1.8E-01	rgb(179,194,224)	1.4987	None
HSF2	SCT	0.14763	25	0	rgb(217,217,217)	1.4853	None
LHX1	DKK3	0.14763	25	0	rgb(217,217,217)	1.4853	None
NR4A2	CHST8	-0.14749	27.36	-3.6E-01	rgb(139,170,231)	1.532	None
ZNF519	NPW	-0.14735	26.655	-1.6E-01	rgb(183,197,223)	1.5181	None
HSF2	SLC6A16	0.14694	24.5	0	rgb(217,217,217)	1.4754	None
NFAT5	DKFZP434K028	0.14694	24.5	0	rgb(217,217,217)	1.4754	2,2
SPIB	CLSPN	0.14694	24.5	0	rgb(217,217,217)	1.4754	None
RORC	ZG16	0.1468	25.795	0.294	rgb(220,161,161)	1.501	None
LMX1B	PCSK2	0.14652	24.5	0	rgb(217,217,217)	1.4754	None
NR4A2	AADAT	0.14652	24.5	0	rgb(217,217,217)	1.4754	None
LHX1	SCG2	-0.14639	27.69	-1.9E-01	rgb(176,192,224)	1.5386	None
LHX1	VSTM4	0.14611	24.5	0	rgb(217,217,217)	1.4754	None
TGIF2	LTBP2	0.14611	25.635	0.133	rgb(218,192,192)	1.4979	None
NFAT5	AX748285	0.14597	27.655	0.156	rgb(219,187,188)	1.5379	2,2
NR4A2	MIAT	0.14583	24.5	0	rgb(217,217,217)	1.4754	None
PRDM16	TMEM212	0.1457	27.385	0.386	rgb(221,143,144)	1.5325	None
ELF4	ZNF853	-0.14556	27.68	-1.8E-01	rgb(178,193,224)	1.5384	None
RFX6	TSPAN11	0.14542	27.355	0.357	rgb(221,149,150)	1.5319	None
GATA4	LGR6	0.14528	27.615	0.114	rgb(218,195,196)	1.5371	None
NFAT5	MLXIPL	-0.14501	26.865	-3.7E-01	rgb(137,169,231)	1.5222	None
NR4A3	PYY	-0.14501	25.755	-2.6E-01	rgb(161,183,227)	1.5002	None
ELF4	FGF2	0.14473	25	0	rgb(217,217,217)	1.4853	None
MAFF	PPM1E	0.14473	25	0	rgb(217,217,217)	1.4853	None
PBX1	MSMB	0.14432	24.5	0	rgb(217,217,217)	1.4754	None
RFX2	CLIP3	0.14432	24.5	0	rgb(217,217,217)	1.4754	None
ZNF117	XAF1	0.14432	24.5	0	rgb(217,217,217)	1.4754	2,2
ZNF846	C2CD4A	0.14418	25.745	0.245	rgb(220,170,171)	1.5	None
NKX6-1	LINC00907	0.14404	27.73	0.231	rgb(220,173,173)	1.5394	2,2
RORC	CPLX1	0.1439	25.745	0.243	rgb(220,171,171)	1.5	None
SPIB	GCH1	0.14376	25.59	0.09	rgb(218,200,200)	1.497	None
HOXB9	EYA4	0.14349	24.5	0	rgb(217,217,217)	1.4754	None
PBX1	SULT2A1	0.14349	24.5	0	rgb(217,217,217)	1.4754	None
LHX1	TMEM61	-0.14335	26.59	-9.2E-02	rgb(197,205,221)	1.5168	None
MAFA	RYBP	0.14321	25.61	0.11	rgb(218,196,196)	1.4974	None
ELF4	ATP6V1G2	0.14294	24.5	0	rgb(217,217,217)	1.4754	None
PAX6	LRRC49	0.14294	24.5	0	rgb(217,217,217)	1.4754	None
MAFA	ZFP28	-0.1428	27.185	-1.8E-01	rgb(177,193,224)	1.5286	None
ZFP82	ZNF519	-0.14266	26.13	-1.3E-01	rgb(189,200,222)	1.5077	None
ZNF519	SFRP1	-0.14252	27.18	-1.8E-01	rgb(178,193,224)	1.5285	None
ONECUT1	UBE2Q2P2	0.14238	27.35	0.349	rgb(221,150,151)	1.5318	2,2
FEV	MAP1A	0.14225	25.55	0.049	rgb(218,208,208)	1.4962	None
EGR3	KCNIP3	0.14183	24.5	0	rgb(217,217,217)	1.4754	None
HSF2	OLFML2B	0.14183	24.5	0	rgb(217,217,217)	1.4754	None
HSF2	TTR	0.14183	24.5	0	rgb(217,217,217)	1.4754	None
SMAD9	CXXC4	0.14169	26.045	0.045	rgb(217,208,208)	1.506	None
NEUROD1	LRRC16B	0.14156	27.66	0.161	rgb(219,186,187)	1.538	2,2
ATF6	INHBE	-0.14142	26.035	-3.7E-02	rgb(209,212,218)	1.5058	None
NFAT5	SYCP2	0.14128	26.03	0.028	rgb(217,212,212)	1.5057	None
GRHL3	EPHA8	0.14114	27.35	0.349	rgb(221,150,151)	1.5318	2,2
ISL1	PLCXD3	0.141	27.465	0.467	rgb(222,128,129)	1.5341	None
LHX1	MIR503HG	-0.14073	27.72	-2.2E-01	rgb(170,188,225)	1.5392	None
ZFHX2	NHSL2	0.14073	24.5	0	rgb(217,217,217)	1.4754	None
ELF4	SLC7A2	-0.14059	25.575	-7.3E-02	rgb(201,207,220)	1.4967	None
AKNA	LOC100128288	0.14031	25	0	rgb(217,217,217)	1.4853	2,2
PDX1	MAPK12	0.14031	25	0	rgb(217,217,217)	1.4853	None
TFCP2L1	TMPRSS6	0.14018	25.5	3.2E-04	rgb(217,217,217)	1.4952	None
NR4A2	RORC	-0.14004	25.68	-1.8E-01	rgb(178,193,224)	1.4988	None
LMX1B	GCK	0.13976	24.5	0	rgb(217,217,217)	1.4754	None
PRDM16	SPAG8	0.13976	24.5	0	rgb(217,217,217)	1.4754	None
ASCL1	CLCNKA	0.13949	26.075	0.076	rgb(218,203,203)	1.5066	None
MAFA	FTCD	0.13949	25.685	0.184	rgb(219,182,182)	1.4989	None
FOXA2	FLT1	0.13935	27.715	0.213	rgb(219,176,177)	1.5391	None
ONECUT3	ASRGL1	-0.13921	26.775	-2.7E-01	rgb(157,181,227)	1.5205	None
LHX1	CITED2	0.13907	25.155	0.154	rgb(219,188,188)	1.4884	None
FEV	MUC5B	-0.13893	25.195	-2.0E-01	rgb(174,191,224)	1.4892	None
ZFHX2	MAP2	0.1388	25.815	0.315	rgb(220,157,157)	1.5014	None
ELF4	ONECUT2	0.13838	24.5	0	rgb(217,217,217)	1.4754	None
ONECUT1	LOC100130000	0.13838	24.5	0	rgb(217,217,217)	1.4754	2,2
ZNF846	FAM131B	0.13838	24.5	0	rgb(217,217,217)	1.4754	None
RFX6	LOC100652999	0.13811	27.71	0.212	rgb(219,177,177)	1.539	None
TFCP2L1	PCSK2	-0.13811	27.71	-2.1E-01	rgb(171,189,225)	1.539	None
RFX2	CACNG4	0.13797	27.135	0.135	rgb(218,191,191)	1.5276	None
ATF6	SGSM1	0.13742	25	0	rgb(217,217,217)	1.4853	None
ELF4	SPDYE7P	0.13742	25	0	rgb(217,217,217)	1.4853	None
TEAD1	SVOP	0.13742	25	0	rgb(217,217,217)	1.4853	None
TFCP2L1	ANKRD20A8P	0.13742	25	0	rgb(217,217,217)	1.4853	2,2
HIF1A	G0S2	-0.13728	26.25	-2.5E-01	rgb(163,184,226)	1.5101	None
SOX4	NRXN2	-0.13714	25.905	-4.1E-01	rgb(129,163,232)	1.5032	None
SMAD9	ZFP82	0.137	27.345	0.347	rgb(221,151,151)	1.5317	None
SMAD9	MBOAT4	0.13659	27.34	0.338	rgb(221,152,153)	1.5316	None
TEAD1	SH2D3C	-0.13659	27.34	-3.4E-01	rgb(143,172,230)	1.5316	None
ZNF382	USP41	-0.13659	27.34	-3.4E-01	rgb(143,172,230)	1.5316	None
LHX1	ZNF846	-0.13645	25.11	-1.1E-01	rgb(193,203,221)	1.4875	None
ZFP28	ETS1	0.13631	24.5	0	rgb(217,217,217)	1.4754	None
EGR3	ZFP62	-0.13604	25.62	-1.2E-01	rgb(191,201,221)	1.4976	None
SPIB	TTYH2	0.13604	27.58	0.08	rgb(218,202,202)	1.5364	None
ARX	ASRGL1	0.13562	25	0	rgb(217,217,217)	1.4853	None
EGR3	NHLH1	0.13562	25	0	rgb(217,217,217)	1.4853	None
MAFA	LTF	0.13562	25	0	rgb(217,217,217)	1.4853	None
MAFA	BAMBI	-0.13535	27.28	-2.8E-01	rgb(156,180,228)	1.5305	None
ONECUT3	MMP2	-0.13535	27.28	-2.8E-01	rgb(157,180,228)	1.5305	None
NR4A2	ADCY1	0.13521	25.6	0.099	rgb(218,198,198)	1.4972	None
EGR3	POM121L9P	0.13493	26.61	0.111	rgb(218,196,196)	1.5172	None
MAFB	NPTX1	0.13493	26.61	0.109	rgb(218,196,196)	1.5172	None
GATA2	ZNRF3-AS1	0.1348	24.5	0	rgb(217,217,217)	1.4754	None
ETS1	EPHA8	0.13466	24.5	0	rgb(217,217,217)	1.4754	None
SPIB	SMARCA1	-0.13452	27.27	-2.7E-01	rgb(158,181,227)	1.5303	None
HSF2	HDAC7	-0.13438	27.36	-3.6E-01	rgb(139,169,231)	1.532	None
FEV	CRMP1	0.13424	27.695	0.193	rgb(219,180,180)	1.5387	None
NR4A2	CLPS	0.13411	27.335	0.333	rgb(221,153,154)	1.5315	None
RFX3	TTLL7	0.13397	25.61	0.111	rgb(218,196,196)	1.4974	None
HES4	PRRT3	0.13369	24.5	0	rgb(217,217,217)	1.4754	None
LHX1	RCOR3	0.13369	24.5	0	rgb(217,217,217)	1.4754	None
ARNT2	RCOR2	0.13314	24	0	rgb(217,217,217)	1.4655	None
NR4A2	CBLN1	0.13314	24	0	rgb(217,217,217)	1.4655	None
ONECUT1	PKIA	0.13314	24	0	rgb(217,217,217)	1.4655	None
ZFP82	KCNAB2	0.13314	27.005	0.003	rgb(217,216,216)	1.525	None
FOXA1	MMD2	0.13259	24	0	rgb(217,217,217)	1.4655	None
HOXB9	REG4	0.13259	24	0	rgb(217,217,217)	1.4655	None
LMX1A	GNG2	0.13259	24	0	rgb(217,217,217)	1.4655	None
TEAD2	ZFP62	0.13259	24	0	rgb(217,217,217)	1.4655	None
GATA4	STX1A	0.13217	24	0	rgb(217,217,217)	1.4655	None
NR4A2	SCN1B	0.13217	24	0	rgb(217,217,217)	1.4655	None
SOX4	GALNT16	0.13217	24	0	rgb(217,217,217)	1.4655	None
ZNF846	ROBO1	0.13204	26.92	0.418	rgb(222,137,138)	1.5233	None
ONECUT3	KCNE4	0.1319	26.23	0.232	rgb(220,173,173)	1.5097	None
MAFA	SV2B	0.13176	25.09	0.089	rgb(218,200,200)	1.4871	None
SOX4	CERS6-AS1	-0.13148	27.355	-3.6E-01	rgb(140,170,231)	1.5319	2,2
TEAD2	FAM167A	0.13148	27.355	0.356	rgb(221,149,150)	1.5319	None
NR4A2	PLCG2	0.13135	27.33	0.33	rgb(221,154,155)	1.5314	None
ZNF846	DLL4	-0.13121	25.585	-8.5E-02	rgb(198,206,220)	1.4969	None
ATOH8	NEUROG3	0.13107	26.22	0.222	rgb(219,175,175)	1.5095	2,2
NEUROG3	HEPACAM2	0.13093	25.53	0.028	rgb(217,212,212)	1.4958	None
ASCL2	CLCNKA	0.13052	24	0	rgb(217,217,217)	1.4655	None
LMX1B	CPLX1	0.13052	26.875	0.377	rgb(221,145,146)	1.5224	None
RORC	CNTD2	0.13052	24	0	rgb(217,217,217)	1.4655	None
ETV1	LMO3	0.13038	26.175	0.175	rgb(219,184,184)	1.5086	None
FOXA1	CACNA1E	-0.1301	27.28	-2.8E-01	rgb(156,180,228)	1.5305	None
RORC	TSHZ1	0.1301	27.28	0.278	rgb(220,164,164)	1.5305	None
EGR3	HEYL	0.12969	24	0	rgb(217,217,217)	1.4655	None
MAFB	BRS3	0.12969	24	0	rgb(217,217,217)	1.4655	None
SIM1	MRC1	0.12969	24	0	rgb(217,217,217)	1.4655	2,2
LHX1	SVOP	-0.12955	26.17	-1.7E-01	rgb(180,195,223)	1.5085	None
CXXC4	AFF2	0.12928	27.685	0.184	rgb(219,182,182)	1.5385	2,2
TP73	CHRNA5	0.12928	27.685	0.184	rgb(219,182,182)	1.5385	None
ONECUT1	ABCA9	0.129	24	0	rgb(217,217,217)	1.4655	None
SOX4	BAIAP3	0.129	24	0	rgb(217,217,217)	1.4655	None
ONECUT3	ID1	-0.12886	26.44	-4.4E-01	rgb(121,159,234)	1.5138	None
FOXA2	MUC15	0.12873	25.415	0.414	rgb(222,138,139)	1.4935	None
PDX1	DDC	0.12845	24.5	0	rgb(217,217,217)	1.4754	None
TEAD1	HINT1	0.12845	24.5	0	rgb(217,217,217)	1.4754	None
HSF2	GOLGA7B	0.12804	24.5	0	rgb(217,217,217)	1.4754	None
LMX1B	AKT3	0.12804	24.5	0	rgb(217,217,217)	1.4754	None
PAX4	SDK2	0.12804	24.5	0	rgb(217,217,217)	1.4754	None
SOX4	KIRREL3	-0.1279	27.35	-3.5E-01	rgb(141,171,230)	1.5318	None
ONECUT3	ASIC1	0.12776	26.37	0.371	rgb(221,146,147)	1.5124	None
ETV1	XKR7	0.12762	27.68	0.181	rgb(219,182,183)	1.5384	None
ADNP	SUCNR1	0.12735	26.36	0.359	rgb(221,148,149)	1.5122	2,2
SMAD9	KCNE4	0.12735	25.68	0.178	rgb(219,183,183)	1.4988	None
EGR3	YPEL1	0.12707	24	0	rgb(217,217,217)	1.4655	None
TEAD1	NR4A2	-0.12707	27.23	-2.3E-01	rgb(168,187,226)	1.5295	None
ATF5	RYBP	0.12652	26.63	0.13	rgb(218,192,192)	1.5176	None
RFX2	SULT1C2P1	0.12652	27.675	0.177	rgb(219,183,184)	1.5383	None
SMAD9	ASIC1	-0.12652	25.16	-1.6E-01	rgb(182,196,223)	1.4885	None
TP73	MAPK12	0.12652	24	0	rgb(217,217,217)	1.4655	None
ZNF846	FCGBP	0.12638	25.67	0.168	rgb(219,185,185)	1.4986	None
ETS1	HGFAC	-0.12624	25.715	-2.2E-01	rgb(170,189,225)	1.4995	None
PDX1	UBL5	0.1261	25.09	0.092	rgb(218,199,200)	1.4871	None
ZFP82	PCDHA2	0.12597	26.79	0.29	rgb(220,162,162)	1.5207	None
PAX4	CD200	0.12583	26.125	0.124	rgb(218,193,194)	1.5076	None
MAFA	DLL1	0.12569	27.67	0.171	rgb(219,184,185)	1.5382	None
PRDM16	DDC	-0.12555	26.61	-1.1E-01	rgb(193,203,221)	1.5172	None
NR4A2	ATP6V1G2	0.12541	26.16	0.16	rgb(219,187,187)	1.5083	None
GATA4	LTF	0.12486	24	0	rgb(217,217,217)	1.4655	None
LMX1B	PLCXD3	0.12486	24	0	rgb(217,217,217)	1.4655	None
MAFB	LMO3	0.12486	24	0	rgb(217,217,217)	1.4655	None
TEAD2	FAM227A	0.12486	24	0	rgb(217,217,217)	1.4655	None
LMX1B	LMX1A	0.12472	27.36	0.358	rgb(221,149,149)	1.532	None
SOX4	LMO3	-0.12459	27.245	-2.4E-01	rgb(164,185,226)	1.5298	None
HSF2	METTL21EP	0.12431	24	0	rgb(217,217,217)	1.4655	None
PDX1	HSPA12A	0.12431	24	0	rgb(217,217,217)	1.4655	None
ONECUT3	SCGN	0.12417	24	0	rgb(217,217,217)	1.4655	None
ZFP92	GATA6	0.12403	25.635	0.134	rgb(218,191,192)	1.4979	None
ETV1	GRASP	-0.12376	27.34	-3.4E-01	rgb(143,172,230)	1.5316	None
ZNF846	LINC00923	0.12376	27.34	0.34	rgb(221,152,153)	1.5316	2,2
RFX2	RAB3C	0.12362	25.24	0.242	rgb(220,171,171)	1.49	None
MAFA	SFRP1	0.12348	27.345	0.343	rgb(221,151,152)	1.5317	None
ELF4	POU6F1	-0.12321	25.09	-8.9E-02	rgb(198,205,220)	1.4871	None
LMX1A	PTPRN2	-0.12321	27.165	-1.6E-01	rgb(181,195,223)	1.5282	None
SPIB	CHRNA1	-0.12307	26.12	-1.2E-01	rgb(191,201,222)	1.5075	None
LHX1	PLCXD3	-0.12265	27.225	-2.3E-01	rgb(168,187,226)	1.5294	None
SPIB	SCN2A	0.12265	25.005	0.007	rgb(217,216,216)	1.4854	None
ZNF519	SHF	0.12265	25.005	0.007	rgb(217,216,216)	1.4854	None
AEBP1	NOV	0.12224	24.5	0	rgb(217,217,217)	1.4754	2,2
HSF2	TMEM151B	0.12224	24.5	0	rgb(217,217,217)	1.4754	None
PBX1	MIR137HG	0.12224	24.5	0	rgb(217,217,217)	1.4754	None
HSF2	GRASP	-0.12196	26.51	-8.1E-03	rgb(215,216,217)	1.5152	None
NR4A3	CCND2	-0.12196	26.51	-8.0E-03	rgb(215,216,217)	1.5152	None
ISL1	RTN4RL1	0.12183	26.055	0.055	rgb(218,207,207)	1.5062	None
TEAD1	ABCA9	-0.12155	25.05	-5.2E-02	rgb(206,210,219)	1.4863	None
TFCP2L1	DLGAP3	0.12155	27.22	0.222	rgb(219,175,175)	1.5293	None
NR4A2	QSOX2	-0.12114	27.31	-3.1E-01	rgb(150,176,229)	1.531	None
RFX3	HSF2	0.12114	27.31	0.308	rgb(220,158,159)	1.531	None
SOX4	BTBD11	-0.12114	24.82	-3.2E-01	rgb(148,175,229)	1.4817	None
HSF2	SMOC1	0.12086	24	0	rgb(217,217,217)	1.4655	None
RFX2	MYO3A	0.12086	24	0	rgb(217,217,217)	1.4655	None
GATA2	CTTNBP2	-0.12072	24.815	-3.2E-01	rgb(149,175,229)	1.4816	None
ETS1	NRXN2	0.12058	26.72	0.219	rgb(219,175,176)	1.5194	None
RFX6	SCGB1A1	0.12045	26.98	0.48	rgb(222,125,126)	1.5245	None
POU2F2	SV2A	-0.12031	27.205	-2.0E-01	rgb(173,190,225)	1.529	None
EGR3	LINGO1	-0.12017	24.77	-2.7E-01	rgb(158,181,227)	1.4807	None
MAFF	HSPA12A	-0.1199	27.33	-3.3E-01	rgb(146,174,229)	1.5314	None
TGIF2	TSPAN11	0.1199	27.33	0.33	rgb(221,154,155)	1.5314	None
PDX1	ZCCHC18	0.11962	24.5	0	rgb(217,217,217)	1.4754	None
TFCP2L1	AX747850	0.11962	24.5	0	rgb(217,217,217)	1.4754	2,2
SOX4	CRYBA2	-0.11948	26.345	-3.5E-01	rgb(142,171,230)	1.5119	None
TFCP2L1	NDRG4	-0.11934	26.705	-2.0E-01	rgb(173,190,225)	1.5191	None
NR4A3	DEFB1	0.11921	25.82	0.321	rgb(221,156,156)	1.5015	None
LHX1	FAM19A5	-0.11907	27.32	-3.2E-01	rgb(147,175,229)	1.5312	2,2
ASCL2	CRIP2	0.11893	27.62	0.121	rgb(218,194,194)	1.5372	None
HSF2	LHX1	0.11865	24	0	rgb(217,217,217)	1.4655	None
HSF2	STX1A	0.11865	24	0	rgb(217,217,217)	1.4655	None
HOXB9	PBX1	0.11852	27.305	0.304	rgb(220,159,160)	1.5309	None
MAFA	APLN	0.11838	24	0	rgb(217,217,217)	1.4655	None
LHX1	TSHZ1	0.11824	27.105	0.103	rgb(218,197,198)	1.527	None
PRDM16	DLL4	-0.1181	27.31	-3.1E-01	rgb(150,176,229)	1.531	None
FEV	EPHA8	0.11769	24.5	0	rgb(217,217,217)	1.4754	None
LMX1B	PAX6	0.11769	24.5	0	rgb(217,217,217)	1.4754	None
TP73	RNF157	0.11769	24.5	0	rgb(217,217,217)	1.4754	None
HIF1A	EIF4EBP3	-0.11727	27.325	-3.2E-01	rgb(147,174,229)	1.5313	None
PAX6	QDPR	0.11727	27.325	0.323	rgb(221,155,156)	1.5313	None
ZNF846	SNED1	0.11727	27.325	0.324	rgb(221,155,156)	1.5313	None
MAFA	KCNN3	0.11714	26.205	0.207	rgb(219,177,178)	1.5092	None
NEUROG3	PRICKLE2	0.117	24.77	0.27	rgb(220,165,166)	1.4807	None
NR4A2	RPRML	-0.11686	24.765	-2.7E-01	rgb(159,182,227)	1.4806	None
HSF2	G0S2	0.11672	24	0	rgb(217,217,217)	1.4655	None
MAFA	LRRC10B	0.11658	27.575	0.074	rgb(218,203,203)	1.5363	None
PDX1	CLGN	-0.11645	25.515	-1.6E-02	rgb(214,215,218)	1.4955	None
RORC	ACSS3	-0.11631	25.8	-3.0E-01	rgb(152,178,228)	1.5011	None
RORC	DDN	0.11617	23.5	0	rgb(217,217,217)	1.4556	None
ATF5	PCAT1	0.11576	23.5	0	rgb(217,217,217)	1.4556	None
NHLH1	ADNP	0.11576	23.5	0	rgb(217,217,217)	1.4556	None
ZNF846	SEZ6	0.11576	23.5	0	rgb(217,217,217)	1.4556	None
GATA2	KCNH6	0.11562	27.55	0.049	rgb(218,208,208)	1.5358	None
ZNF846	LOC286297	0.11548	26.645	0.147	rgb(219,189,189)	1.5179	2,2
SIM1	GPR112	0.11534	27.01	0.01	rgb(217,215,215)	1.5251	2,2
ETS1	MMRN1	0.11507	24	0	rgb(217,217,217)	1.4655	None
NR4A2	EPHB3	0.11507	24	0	rgb(217,217,217)	1.4655	None
FOXA2	KCNK16	-0.11465	27.295	-2.9E-01	rgb(153,178,228)	1.5308	None
FOXA2	MUC16	0.11465	27.295	0.297	rgb(220,160,161)	1.5308	None
NKX2-2	SH3RF3-AS1	-0.11465	27.295	-2.9E-01	rgb(153,178,228)	1.5308	None
GATA2	RTN4RL1	0.11451	27.32	0.321	rgb(221,156,156)	1.5312	None
GATA2	CAMKV	0.11438	27.14	0.138	rgb(219,191,191)	1.5277	None
ETS1	VSTM4	0.11424	25.105	0.107	rgb(218,197,197)	1.4874	None
PDX1	SAMD14	0.1141	25.3	0.302	rgb(220,159,160)	1.4912	None
HSF2	CALY	0.11355	24.5	0	rgb(217,217,217)	1.4754	None
LHX1	LGR6	0.11355	24.5	0	rgb(217,217,217)	1.4754	None
MAFF	CACNA1C	0.11355	24.5	0	rgb(217,217,217)	1.4754	None
SMAD9	SAMD5	0.11355	24.5	0	rgb(217,217,217)	1.4754	None
ETV1	GAP43	0.11341	25.315	0.317	rgb(220,157,157)	1.4915	None
LMX1A	RPLP0P2	0.11313	23.5	0	rgb(217,217,217)	1.4556	None
NR4A3	FAXC	0.11313	23.5	0	rgb(217,217,217)	1.4556	None
NHLH1	LMX1B	0.113	24	0	rgb(217,217,217)	1.4655	None
JAZF1	FAM65C	-0.11286	25.27	-2.7E-01	rgb(158,181,227)	1.4906	2,2
ZNF846	GALNT16	-0.11272	25.075	-7.6E-02	rgb(201,207,220)	1.4868	None
HSF2	QDPR	0.11244	23.5	0	rgb(217,217,217)	1.4556	None
MAFB	SLC7A14	0.11244	23.5	0	rgb(217,217,217)	1.4556	None
ONECUT3	AKNA	0.11217	27.395	0.394	rgb(221,142,143)	1.5327	None
PRDM16	TP73	0.11217	25.735	0.233	rgb(220,173,173)	1.4999	None
FEV	RGS14	0.11203	24.63	0.13	rgb(218,192,192)	1.478	None
SOX4	COL10A1	-0.11189	25.06	-6.1E-02	rgb(204,209,219)	1.4865	None
ONECUT1	PPM1E	0.11175	25.28	0.28	rgb(220,163,164)	1.4908	None
TFCP2L1	FAM135B	0.11162	27.28	0.281	rgb(220,163,164)	1.5305	None
HIC1	FLJ35024	0.11148	27.385	0.386	rgb(221,143,144)	1.5325	2,2
NPAS3	BC033961	0.11134	25.055	0.055	rgb(218,206,207)	1.4864	2,2
ZNF519	AADAT	0.1112	26.145	0.145	rgb(219,189,190)	1.508	None
KCNIP3	INA	0.11107	25.73	0.23	rgb(220,173,173)	1.4998	2,2
ZNF382	AK024119	-0.11093	26.85	-3.5E-01	rgb(141,171,230)	1.5219	2,2
ETS1	GPR137C	0.11038	24	0	rgb(217,217,217)	1.4655	None
LMX1A	RCOR3	0.11038	24	0	rgb(217,217,217)	1.4655	None
LMX1B	COL16A1	0.11038	24	0	rgb(217,217,217)	1.4655	None
SOX4	ATP6V1G2	0.11038	24	0	rgb(217,217,217)	1.4655	None
ONECUT1	NAIP	0.11024	25.27	0.272	rgb(220,165,166)	1.4906	2,2
PBX1	RFX3	0.1101	27.38	0.378	rgb(221,145,146)	1.5324	None
TGIF2	DOK6	-0.10996	26.14	-1.4E-01	rgb(186,198,222)	1.5079	None
RFX6	NTNG2	0.10982	25.03	0.029	rgb(217,211,211)	1.4859	None
ZFHX2	NKTR	0.10969	24.61	0.112	rgb(218,196,196)	1.4776	None
TEAD1	EGFR	0.10955	26.46	0.46	rgb(222,129,130)	1.5142	None
SPIB	NAALADL1	0.10941	27.31	0.31	rgb(220,158,158)	1.531	None
MAFA	BRS3	0.10927	27.29	0.288	rgb(220,162,163)	1.5307	None
ZFHX2	AKR1B1	0.10913	26.825	0.326	rgb(221,155,155)	1.5214	None
FOXA1	BSN	0.10858	23.5	0	rgb(217,217,217)	1.4556	None
FOXA1	KCNH3	0.10858	23.5	0	rgb(217,217,217)	1.4556	None
NHLH1	P2RX6	0.10858	23.5	0	rgb(217,217,217)	1.4556	None
ZNF846	MAFB	0.10858	23.5	0	rgb(217,217,217)	1.4556	None
NKX6-1	PCDHA2	0.10844	26.945	0.446	rgb(222,132,133)	1.5238	None
ETS1	UCN3	0.10803	24.5	0	rgb(217,217,217)	1.4754	None
TEAD1	SPON1	0.10803	24.5	0	rgb(217,217,217)	1.4754	None
ZNF846	SCN3B	0.10803	24.5	0	rgb(217,217,217)	1.4754	None
FOXA1	CRIP1	-0.10789	25.71	-2.1E-01	rgb(171,189,225)	1.4994	None
ZFHX2	GADD45A	-0.10775	26.91	-4.1E-01	rgb(128,163,233)	1.5231	None
HSF2	TMEM132C	0.10762	26.115	0.116	rgb(218,195,195)	1.5074	None
NR4A3	GPR137C	0.10748	25.665	0.165	rgb(219,186,186)	1.4985	None
HSF2	KLHL32	0.10734	25.21	0.211	rgb(219,177,177)	1.4895	None
ATF6	EML1	0.10693	23.5	0	rgb(217,217,217)	1.4556	None
ELF4	MEX3B	0.10693	23.5	0	rgb(217,217,217)	1.4556	None
HIC1	CCDC40	0.10693	23.5	0	rgb(217,217,217)	1.4556	None
LMX1A	MPP1	-0.10679	26.2	-2.0E-01	rgb(174,191,225)	1.5091	None
ETS1	FGF2	-0.10665	26.335	-3.4E-01	rgb(144,173,230)	1.5117	None
RFX3	NCS1	0.10651	26.94	0.442	rgb(222,133,134)	1.5237	None
TP73	TSPAN11	0.10637	27.255	0.253	rgb(220,169,169)	1.53	None
RFX3	RSPH4A	0.10624	27.345	0.345	rgb(221,151,152)	1.5317	None
ETS1	JPH4	0.1061	26.795	0.297	rgb(220,160,161)	1.5208	None
TFCP2L1	SLC35F3	0.10596	24.78	0.28	rgb(220,163,164)	1.4809	None
SMAD9	APBB2	-0.10582	26.095	-9.6E-02	rgb(196,204,221)	1.507	None
HSF2	CBLN1	-0.10555	26.835	-3.3E-01	rgb(144,173,230)	1.5216	None
PAX6	LIMCH1	0.10555	26.325	0.326	rgb(221,155,155)	1.5115	None
ETS1	CACNA1C	0.10541	27.34	0.341	rgb(221,152,152)	1.5316	None
HIF1A	ONECUT1	-0.10527	26.19	-1.9E-01	rgb(175,192,224)	1.5089	2,2
EGR3	WNK3	0.10499	23.5	0	rgb(217,217,217)	1.4556	None
NFAT5	SERPINA10	0.10499	23.5	0	rgb(217,217,217)	1.4556	None
ETS1	NOXO1	-0.10486	27.25	-2.5E-01	rgb(162,184,227)	1.5299	None
NEUROG3	DPEP1	-0.10472	26.18	-1.8E-01	rgb(178,193,224)	1.5087	None
HSF2	RUNDC3A	0.10444	23.5	0	rgb(217,217,217)	1.4556	None
TFCP2L1	TSNAX-DISC1	0.10444	23.5	0	rgb(217,217,217)	1.4556	None
ZFP28	SMOC2	-0.1043	27.33	-3.3E-01	rgb(145,173,230)	1.5314	None
PDX1	CD200	0.10417	25.63	0.13	rgb(218,192,192)	1.4978	None
RFX2	PALMD	0.10389	24.755	0.257	rgb(220,168,168)	1.4804	None
TEAD1	CACNA1H	0.10389	26.815	0.316	rgb(220,157,157)	1.5212	None
ZNF519	ICA1L	0.10375	27.3	0.302	rgb(220,159,160)	1.5309	None
FOXA1	RCOR2	0.10334	24	0	rgb(217,217,217)	1.4655	None
GATA6	EID2	0.10334	24	0	rgb(217,217,217)	1.4655	None
NHLH1	DLGAP3	0.10334	24	0	rgb(217,217,217)	1.4655	None
ETS1	BCORL1	0.1032	24.73	0.229	rgb(220,173,174)	1.4799	None
PDX1	CBFA2T3	-0.10306	24.575	-7.7E-02	rgb(200,207,220)	1.4769	None
NEUROD2	AK093555	0.10292	26.16	0.161	rgb(219,186,187)	1.5083	2,2
GATA6	ADCY5	-0.10279	27.325	-3.2E-01	rgb(147,174,229)	1.5313	None
ONECUT1	SLC16A12	0.10251	24	0	rgb(217,217,217)	1.4655	None
PRDM16	ZNF846	0.10251	24	0	rgb(217,217,217)	1.4655	None
ELF4	SOGA3	-0.10237	26.155	-1.5E-01	rgb(183,197,223)	1.5082	None
LMX1A	FAM161A	0.10224	24.7	0.198	rgb(219,179,180)	1.4794	None
NHLH1	SH3RF3	0.1021	27.315	0.315	rgb(220,157,157)	1.5311	None
ADNP	BC127823	-0.10196	26.275	-2.8E-01	rgb(157,181,227)	1.5105	2,2
NR4A3	PRKXP1	0.10182	27.3	0.3	rgb(220,160,160)	1.5309	None
LHX1	SDK2	-0.10168	27.22	-2.2E-01	rgb(170,188,225)	1.5293	None
MXI1	RYBP	0.10155	26.25	0.252	rgb(220,169,169)	1.5101	None
LHX1	PER2	-0.10141	25.595	-9.3E-02	rgb(197,205,221)	1.4971	None
LHX1	AKR1B1	-0.10127	27.27	-2.7E-01	rgb(159,182,227)	1.5303	None
EGR3	APLN	0.10086	23.5	0	rgb(217,217,217)	1.4556	None
RORC	CCDC74B	0.10086	23.5	0	rgb(217,217,217)	1.4556	None
RORC	FGF9	0.10086	23.5	0	rgb(217,217,217)	1.4556	None
ADNP	AK129879	0.10017	23	0	rgb(217,217,217)	1.4457	2,2
EGR3	PELI3	0.10017	23	0	rgb(217,217,217)	1.4457	None
ELF4	DPYSL4	0.10017	23	0	rgb(217,217,217)	1.4457	None
NHLH1	CEND1	0.10017	23	0	rgb(217,217,217)	1.4457	None
ZFP82	SERPINI1	0.10017	23	0	rgb(217,217,217)	1.4457	None
SOX4	PDX1	0.10003	26.24	0.239	rgb(220,171,172)	1.5099	None
FEV	CCND2	0.09989	26.92	0.418	rgb(222,137,138)	1.5233	None
ASCL2	TTC7B	0.099614	23.5	0	rgb(217,217,217)	1.4556	None
ZNF382	PDX1	0.099614	23.5	0	rgb(217,217,217)	1.4556	None
ELF4	ZMYM2	0.099338	23.5	0	rgb(217,217,217)	1.4556	None
GATA2	PALMD	0.099338	23.5	0	rgb(217,217,217)	1.4556	None
MAFA	GRIK5	0.0992	24	0	rgb(217,217,217)	1.4655	None
GATA2	GPR116	0.098924	23	0	rgb(217,217,217)	1.4457	2,2
TGIF2	CCDC146	0.098924	23	0	rgb(217,217,217)	1.4457	None
LMX1B	LEFTY1	0.098648	25.11	0.112	rgb(218,196,196)	1.4875	None
PRDM16	CACNA1E	-0.098648	27.21	-2.1E-01	rgb(171,189,225)	1.5291	None
GATA4	DEFB1	-0.09851	25.775	-2.7E-01	rgb(158,181,227)	1.5006	None
HSF2	PDZRN3	0.098372	26.745	0.247	rgb(220,170,170)	1.5199	None
ELF4	INSRR	0.098234	26.225	0.226	rgb(219,174,174)	1.5096	None
ASCL1	BRSK2	0.098096	24.63	0.13	rgb(218,192,192)	1.478	None
ONECUT3	APLN	0.097682	23	0	rgb(217,217,217)	1.4457	None
PDX1	BASP1	0.097682	23	0	rgb(217,217,217)	1.4457	None
SOX4	CELF3	0.097682	23	0	rgb(217,217,217)	1.4457	None
HOXB9	ZFP62	0.097544	25.55	0.051	rgb(218,207,207)	1.4962	None
PBX1	AKR1B1	-0.097268	26.74	-2.4E-01	rgb(165,186,226)	1.5198	None
POU6F1	SIM1	0.097268	26.74	0.242	rgb(220,171,171)	1.5198	None
ELF4	TRPC7	-0.096716	26.055	-5.7E-02	rgb(205,210,219)	1.5062	None
LHX1	SERPINA10	-0.096716	24.62	-1.2E-01	rgb(191,201,222)	1.4778	None
NR4A2	PROX1	0.096716	27.265	0.264	rgb(220,167,167)	1.5302	None
TEAD1	MAP2	-0.096716	27.265	-2.7E-01	rgb(159,182,227)	1.5302	None
GATA6	FSD1	-0.096578	27.285	-2.9E-01	rgb(155,179,228)	1.5306	None
TEAD1	CENPE	0.09644	25.755	0.257	rgb(220,168,168)	1.5002	None
ASCL2	POU2F2	0.096164	23	0	rgb(217,217,217)	1.4457	None
ZFHX2	CDH5	0.096164	23	0	rgb(217,217,217)	1.4457	None
ELF4	GADD45A	0.096026	27.195	0.195	rgb(219,180,180)	1.5288	None
EGR3	RAPGEF4	0.095613	24	0	rgb(217,217,217)	1.4655	None
MAFA	LRRN2	0.095613	24	0	rgb(217,217,217)	1.4655	None
SMAD9	ACE	0.095613	24	0	rgb(217,217,217)	1.4655	None
SPIB	SEMA6B	-0.095475	25.04	-4.1E-02	rgb(208,212,219)	1.4861	None
HOXB9	DLL4	-0.095337	27.27	-2.7E-01	rgb(158,181,227)	1.5303	None
ZFP92	POM121L9P	0.095199	25.89	0.39	rgb(221,143,143)	1.5029	None
SPIB	ISLR2	0.095061	27.26	0.26	rgb(220,167,168)	1.5301	None
TEAD1	ACBD7	-0.094923	26.91	-4.1E-01	rgb(128,163,233)	1.5231	None
LMX1A	SYNM	0.094509	25.285	0.283	rgb(220,163,163)	1.4909	None
MAFA	KCNE4	0.094509	23.5	0	rgb(217,217,217)	1.4556	None
RORC	SMTNL2	0.094509	23.5	0	rgb(217,217,217)	1.4556	None
ONECUT3	DTX1	0.094371	24.575	0.076	rgb(218,202,203)	1.4769	None
HSF2	RGS4	0.094095	27.28	0.278	rgb(220,164,165)	1.5305	None
ZNF846	FAM110B	-0.094095	27.28	-2.8E-01	rgb(156,180,228)	1.5305	None
NR4A3	SPIB	0.093957	25.28	0.28	rgb(220,164,164)	1.4908	None
FOXA2	SDK1	0.093819	25.02	0.019	rgb(217,213,213)	1.4857	None
SOX4	SMARCD2	-0.093681	25.27	-2.7E-01	rgb(158,181,227)	1.4906	None
EGR3	ATP1A3	0.093267	23	0	rgb(217,217,217)	1.4457	None
EGR3	INSRR	0.093267	23	0	rgb(217,217,217)	1.4457	None
NEUROD1	TTYH2	0.093267	23	0	rgb(217,217,217)	1.4457	None
SPIB	OSBPL6	-0.093129	25.305	-3.0E-01	rgb(151,177,229)	1.4913	None
ELF4	SULT1C2P1	0.092991	25.005	0.006	rgb(217,216,216)	1.4854	None
MAFA	FLT1	0.092715	27.26	0.258	rgb(220,168,168)	1.5301	None
ONECUT3	LDHAL6A	0.092715	23	0	rgb(217,217,217)	1.4457	None
GATA4	DGKB	0.092439	23	0	rgb(217,217,217)	1.4457	None
ONECUT3	CCDC162P	0.092439	23	0	rgb(217,217,217)	1.4457	None
ELF4	GPR137C	0.092025	23.5	0	rgb(217,217,217)	1.4556	None
GATA6	TTC7B	0.092025	23.5	0	rgb(217,217,217)	1.4556	None
SIM1	ONECUT1	0.092025	23.5	0	rgb(217,217,217)	1.4556	2,2
EGR3	VSTM2L	-0.091887	27.275	-2.7E-01	rgb(158,181,227)	1.5304	None
RFX2	PGA4	-0.091749	25.685	-1.9E-01	rgb(176,192,224)	1.4989	None
LMX1B	GATA6	0.091198	24	0	rgb(217,217,217)	1.4655	None
PBX1	FTCD	0.091198	24	0	rgb(217,217,217)	1.4655	None
SPIB	RCOR3	0.091198	24	0	rgb(217,217,217)	1.4655	None
TFCP2L1	UBL5	0.091198	24	0	rgb(217,217,217)	1.4655	None
ETS1	SLC18A1	-0.09106	24.505	-3.5E-03	rgb(216,217,217)	1.4755	None
GLIS2	CHRNB2	0.090922	26.155	0.156	rgb(219,187,188)	1.5082	None
HSF2	LTBP2	0.090784	26.67	0.168	rgb(219,185,185)	1.5184	None
ZFHX2	DNAH11	-0.090646	26.9	-4.0E-01	rgb(130,164,232)	1.5229	None
RORC	PPP1R3C	0.090508	27.27	0.27	rgb(220,165,166)	1.5303	None
NHLH1	PELI3	0.09037	23	0	rgb(217,217,217)	1.4457	None
EGR3	CCDC74B	-0.090232	25.245	-2.5E-01	rgb(164,185,226)	1.4901	None
GATA4	ZMYM2	-0.090094	27.24	-2.4E-01	rgb(165,185,226)	1.5297	None
SIM1	GPR123	0.089956	27.245	0.243	rgb(220,170,171)	1.5298	2,2
MAFA	MICAL2	-0.089818	27.235	-2.4E-01	rgb(166,186,226)	1.5296	None
ONECUT3	PALMD	0.08968	25.205	0.203	rgb(219,178,179)	1.4894	None
HIC1	SH2D3C	-0.089542	24.73	-2.3E-01	rgb(167,186,226)	1.4799	None
PRDM16	UBL5	-0.089404	25.2	-2.0E-01	rgb(173,191,225)	1.4893	None
ONECUT2	SLC38A5	0.089128	23	0	rgb(217,217,217)	1.4457	None
ZNF846	CNIH2	0.089128	23	0	rgb(217,217,217)	1.4457	None
HOXB9	SMAD9	0.08899	27.23	0.228	rgb(220,174,174)	1.5295	None
LMX1B	PYY	-0.088714	24.72	-2.2E-01	rgb(169,188,225)	1.4797	None
PRDM16	NKD1	0.088714	24.72	0.222	rgb(219,175,175)	1.4797	None
ETS1	GSTM2	-0.088576	26.99	-4.9E-01	rgb(111,152,236)	1.5247	None
RFX6	CAMK1G	0.088438	26.895	0.395	rgb(221,142,142)	1.5228	None
SMAD9	SESN2	0.0883	26.51	0.012	rgb(217,215,215)	1.5152	None
ARX	BEND5	-0.088024	27.11	-1.1E-01	rgb(193,203,221)	1.5271	None
SPIB	SULT2A1	0.088024	23.5	0	rgb(217,217,217)	1.4556	None
GATA4	STXBP1	-0.087196	27.265	-2.7E-01	rgb(159,182,227)	1.5302	None
ISL1	ETV1	0.087196	27.265	0.263	rgb(220,167,167)	1.5302	None
MAFA	ATF6	-0.087196	27.225	-2.3E-01	rgb(168,187,226)	1.5294	None
PAX4	USP41	0.087196	27.265	0.265	rgb(220,166,167)	1.5302	None
SOX4	FLT1	0.087196	27.225	0.224	rgb(219,174,175)	1.5294	None
TFCP2L1	MYRF	-0.087196	26.465	-4.6E-01	rgb(116,156,235)	1.5143	None
NEUROG3	MPP2	0.087058	25.185	0.184	rgb(219,182,182)	1.489	None
TFCP2L1	AKR1B1	-0.086921	26.64	-1.4E-01	rgb(187,199,222)	1.5178	None
ONECUT3	STX1A	-0.086783	24.23	-2.3E-01	rgb(167,186,226)	1.47	None
FOXA2	VASH2	0.086231	24	0	rgb(217,217,217)	1.4655	None
NEUROG3	CA8	0.086231	24	0	rgb(217,217,217)	1.4655	None
SMAD9	TCTEX1D4	0.086231	24	0	rgb(217,217,217)	1.4655	None
SOX4	KCNJ3	0.086231	24	0	rgb(217,217,217)	1.4655	None
ETS1	ST8SIA5	0.085541	23	0	rgb(217,217,217)	1.4457	None
GATA4	ASIC1	0.085541	23	0	rgb(217,217,217)	1.4457	None
HIC1	SLC38A3	0.085541	23	0	rgb(217,217,217)	1.4457	None
ONECUT1	PPP1R14A	0.085541	23	0	rgb(217,217,217)	1.4457	None
TGIF2	IFI44	0.085541	23	0	rgb(217,217,217)	1.4457	None
ETV1	PRKXP1	-0.085403	27.235	-2.3E-01	rgb(166,186,226)	1.5296	None
SOX4	RPRML	-0.085265	26.415	-4.2E-01	rgb(126,162,233)	1.5133	None
NR4A2	CBX4	0.085127	25.72	0.222	rgb(219,175,175)	1.4996	None
ZNF492	NR4A2	-0.084989	24.21	-2.1E-01	rgb(171,189,225)	1.4696	None
PBX1	SHC3	-0.084851	24.71	-2.1E-01	rgb(172,189,225)	1.4795	None
SMAD9	VSTM4	-0.084713	26.63	-1.3E-01	rgb(189,200,222)	1.5176	None
NR4A2	SLC35F3	-0.084575	27.075	-7.6E-02	rgb(201,207,220)	1.5264	None
SMAD9	MLLT11	0.084437	26.625	0.126	rgb(218,193,193)	1.5175	None
ONECUT1	USP32P2	0.084299	25.62	0.12	rgb(218,194,194)	1.4976	None
SMAD9	NRXN2	0.084161	25.2	0.201	rgb(219,179,179)	1.4893	None
TFCP2L1	ARHGAP9	-0.084023	25.165	-1.7E-01	rgb(181,195,223)	1.4886	None
NR4A3	IGFN1	0.083885	27.21	0.212	rgb(219,176,177)	1.5291	None
ETS1	MAP3K12	0.083609	23.5	0	rgb(217,217,217)	1.4556	None
RFX2	HIC1	0.083609	23.5	0	rgb(217,217,217)	1.4556	None
EGR3	MAGED1	-0.083471	26.065	-6.7E-02	rgb(202,208,220)	1.5064	None
TFCP2L1	SAMD11	0.083333	24.695	0.195	rgb(219,180,180)	1.4793	None
ETS1	UBL5	0.083057	27.23	0.231	rgb(220,173,173)	1.5295	None
GATA2	HOMEZ	-0.083057	27.23	-2.3E-01	rgb(167,187,226)	1.5295	None
SIM1	EDIL3	0.082919	26.35	0.349	rgb(221,150,151)	1.512	2,2
MAFB	TMEM132C	0.082781	23	0	rgb(217,217,217)	1.4457	None
FOXP2	EYA4	0.082506	27.195	0.194	rgb(219,180,180)	1.5288	None
NR4A3	CIT	0.082506	23	0	rgb(217,217,217)	1.4457	None
PRDM16	LSP1	-0.082368	27.225	-2.2E-01	rgb(168,187,226)	1.5294	None
LHX1	PPM1E	0.08223	25.585	0.087	rgb(218,200,201)	1.4969	None
ETS1	CACNA1E	-0.082092	26.335	-3.4E-01	rgb(144,173,230)	1.5117	None
PBX1	NOL4	0.081954	25.925	0.427	rgb(222,136,136)	1.5036	None
EGR3	ZFP28	0.081126	22.5	0	rgb(217,217,217)	1.4358	None
FOXA2	KCNJ3	-0.081126	27.255	-2.6E-01	rgb(161,183,227)	1.53	None
FOXP2	TOX	0.081126	27.255	0.255	rgb(220,168,169)	1.53	None
MAFB	RAB3C	0.081126	27.255	0.257	rgb(220,168,168)	1.53	None
RFX2	KNDC1	0.081126	22.5	0	rgb(217,217,217)	1.4358	None
ZFHX2	ICA1L	0.081126	22.5	0	rgb(217,217,217)	1.4358	None
DACH1	KIAA1456	0.080988	26.915	0.414	rgb(222,138,139)	1.5232	2,2
NFAT5	ANP32A-IT1	0.08085	26.95	0.45	rgb(222,131,132)	1.5239	2,2
LMX1A	NAV3	-0.080712	25.67	-1.7E-01	rgb(180,194,224)	1.4986	None
PAX4	BCL2	-0.080574	26.9	-4.0E-01	rgb(130,164,232)	1.5229	None
NR4A3	MAST1	0.08016	24	0	rgb(217,217,217)	1.4655	None
NR4A3	NOL4	0.08016	24	0	rgb(217,217,217)	1.4655	None
SOX4	CLCNKA	0.08016	24	0	rgb(217,217,217)	1.4655	None
NKX6-1	DNER	-0.080022	24.66	-1.6E-01	rgb(183,196,223)	1.4786	None
TEAD1	P2RX6	-0.079884	26.885	-3.8E-01	rgb(134,166,232)	1.5226	None
LMX1B	DLC1	0.079746	22.5	0	rgb(217,217,217)	1.4358	None
NR4A2	SGCD	-0.079608	27.22	-2.2E-01	rgb(170,188,225)	1.5293	None
ARX	MAPK12	0.07947	25.55	0.049	rgb(218,208,208)	1.4962	None
FOXA2	HDAC7	0.079056	23	0	rgb(217,217,217)	1.4457	None
SPIB	SLC6A17	0.079056	23	0	rgb(217,217,217)	1.4457	None
ZFHX2	GPR116	0.079056	23	0	rgb(217,217,217)	1.4457	2,2
GLIS2	PSD	0.078918	27.25	0.252	rgb(220,169,169)	1.5299	None
EGR3	MLXIPL	0.078642	22.5	0	rgb(217,217,217)	1.4358	None
LHX1	ZCCHC18	0.078642	22.5	0	rgb(217,217,217)	1.4358	None
RFX2	PELI3	0.078504	25.135	0.134	rgb(218,191,192)	1.488	None
GATA4	REG4	0.078228	23.5	0	rgb(217,217,217)	1.4556	None
POU2F2	EGR3	-0.078228	25.53	-3.0E-02	rgb(211,213,218)	1.4958	None
SOX4	ID1	0.078091	24.135	0.136	rgb(218,191,191)	1.4682	None
JAZF1	RAB40A	0.077953	22.5	0	rgb(217,217,217)	1.4358	2,2
TFCP2L1	KCNK3	-0.077815	27.17	-1.7E-01	rgb(180,195,223)	1.5283	None
PAX6	KCNB2	-0.077677	26.88	-3.8E-01	rgb(134,167,231)	1.5225	None
NHLH1	CALY	-0.077539	25.105	-1.0E-01	rgb(194,203,221)	1.4874	None
ZFHX2	PCSK2	-0.077401	27.21	-2.1E-01	rgb(171,189,225)	1.5291	None
NR4A2	MYBPC3	0.077263	25.63	0.131	rgb(218,192,192)	1.4978	None
ZFHX2	CBX4	-0.077125	26.86	-3.6E-01	rgb(139,169,231)	1.5221	None
RORC	ST8SIA6-AS1	0.076987	26.34	0.339	rgb(221,152,153)	1.5118	None
ASCL2	STXBP1	0.076849	26.935	0.433	rgb(222,134,135)	1.5236	None
MAFB	ASIC5	0.076711	24.11	0.112	rgb(218,196,196)	1.4677	2,2
ETS1	ANKRD13B	0.076573	24.61	0.111	rgb(218,196,196)	1.4776	None
TFCP2L1	TP73	0.076435	22.5	0	rgb(217,217,217)	1.4358	None
ONECUT2	CPLX1	0.076297	26.85	0.35	rgb(221,150,151)	1.5219	None
ASCL1	CDK5R1	0.076021	27.155	0.156	rgb(219,187,187)	1.528	None
MAFA	GAL	0.076021	23	0	rgb(217,217,217)	1.4457	None
PRDM16	FW340027	0.075883	25.615	0.116	rgb(218,195,195)	1.4975	2,2
HIF1A	BSN	-0.075469	27.205	-2.0E-01	rgb(173,190,225)	1.529	None
HIF1A	PDZRN3	0.075469	22.5	0	rgb(217,217,217)	1.4358	None
ZNF846	LRRN2	0.075469	22.5	0	rgb(217,217,217)	1.4358	None
SMAD9	OGFRL1	0.075331	25.065	0.067	rgb(218,204,204)	1.4866	None
MAFA	TCTEX1D4	0.075193	23	0	rgb(217,217,217)	1.4457	None
ASCL2	TRPM2	-0.074917	26.835	-3.4E-01	rgb(144,172,230)	1.5216	None
MAFB	GGT5	-0.074917	24.11	-1.1E-01	rgb(194,203,221)	1.4677	None
GATA2	LOC100216479	0.074779	27.135	0.134	rgb(218,191,192)	1.5276	2,2
SOX4	MEX3B	0.074641	26.925	0.427	rgb(222,135,136)	1.5234	None
LHX1	GRHL3	0.074503	25.04	0.041	rgb(217,209,209)	1.4861	None
MAFA	KCNK3	0.074227	22.5	0	rgb(217,217,217)	1.4358	None
NEUROG3	STMND1	0.074227	22.5	0	rgb(217,217,217)	1.4358	None
NEUROG3	HOPX	0.073813	26.87	0.368	rgb(221,147,147)	1.5223	None
NR4A2	GPR137C	0.073813	26.87	0.368	rgb(221,147,147)	1.5223	None
TEAD1	SH3RF3	-0.073813	26.87	-3.7E-01	rgb(137,168,231)	1.5223	None
GATA6	IRF2BP1	0.073538	22.5	0	rgb(217,217,217)	1.4358	None
ZNF117	EDIL3	0.073538	22.5	0	rgb(217,217,217)	1.4358	2,2
ATF6	DGKB	0.0734	25.51	0.009	rgb(217,215,215)	1.4954	None
PDX1	VWCE	0.073262	24.535	0.034	rgb(217,211,211)	1.4761	None
PRDM16	NKTR	0.073124	26.92	0.42	rgb(222,137,138)	1.5233	None
ZNF492	AK130076	0.072986	27.075	0.074	rgb(218,203,203)	1.5264	2,2
PRDM16	SERTAD1	-0.072848	26.25	-2.5E-01	rgb(163,184,227)	1.5101	None
ETS1	WNT6	0.07271	22.5	0	rgb(217,217,217)	1.4358	None
MAFA	IFI44L	0.072158	23.5	0	rgb(217,217,217)	1.4556	None
NHLH1	LDB1	0.072158	23.5	0	rgb(217,217,217)	1.4556	None
PAX6	HES4	0.072158	23.5	0	rgb(217,217,217)	1.4556	None
ZFHX2	PALMD	0.072158	23.5	0	rgb(217,217,217)	1.4556	None
LHX1	TTLL6	0.07202	25.22	0.222	rgb(219,175,175)	1.4897	None
ELF4	CCDC74B	-0.071882	26.785	-2.9E-01	rgb(155,179,228)	1.5206	None
MAFA	LRIG1	-0.071744	26.19	-1.9E-01	rgb(176,192,224)	1.5089	None
EGR3	ITGA7	-0.071606	24.81	-3.1E-01	rgb(149,176,229)	1.4815	None
ELF4	AK093555	-0.07133	27.18	-1.8E-01	rgb(178,193,224)	1.5285	2,2
SPIB	NOVA2	0.07133	27.18	0.182	rgb(219,182,183)	1.5285	None
LMX1A	ACSL6	0.071192	25.21	0.212	rgb(219,177,177)	1.4895	None
ETV1	AADAT	0.071054	26.91	0.408	rgb(221,139,140)	1.5231	None
LMX1A	SULT1C2P1	0.07064	22.5	0	rgb(217,217,217)	1.4358	None
NR4A2	SH2D3C	0.07064	22.5	0	rgb(217,217,217)	1.4358	None
PBX1	CBX2	0.07064	22.5	0	rgb(217,217,217)	1.4358	None
PBX1	NR2F2-AS1	0.070502	26.175	0.177	rgb(219,183,183)	1.5086	None
POU6F1	UBE2QL1	0.070364	25.205	0.207	rgb(219,177,178)	1.4894	2,2
LMX1B	CCDC181	0.069812	22.5	0	rgb(217,217,217)	1.4358	None
NHLH1	SPAG8	0.069812	22.5	0	rgb(217,217,217)	1.4358	None
PDX1	GPR162	0.069812	22.5	0	rgb(217,217,217)	1.4358	None
ZFP82	SCG5	0.069812	22.5	0	rgb(217,217,217)	1.4358	None
PROX1	RSPH4A	0.069674	26.165	0.167	rgb(219,185,185)	1.5084	None
ADNP	AK302511	0.069536	24.23	0.23	rgb(220,173,174)	1.47	2,2
MAFA	EVA1A	0.068985	23	0	rgb(217,217,217)	1.4457	None
NR4A3	TFPI2	0.068985	23	0	rgb(217,217,217)	1.4457	None
POU2F2	CPB1	0.068985	23	0	rgb(217,217,217)	1.4457	None
PROX1	AMPD3	0.068985	23	0	rgb(217,217,217)	1.4457	None
MAFA	TUB	-0.068847	24.275	-2.8E-01	rgb(157,180,228)	1.4709	None
FOXA2	CD300LF	0.068295	23.5	0	rgb(217,217,217)	1.4556	None
HOXB9	SIDT1	0.068295	23.5	0	rgb(217,217,217)	1.4556	None
JAZF1	LOC283335	0.068295	23.5	0	rgb(217,217,217)	1.4556	2,2
ONECUT1	ATP6V1G2	0.068295	23.5	0	rgb(217,217,217)	1.4556	None
NR4A2	RASD1	0.068157	27.17	0.169	rgb(219,185,185)	1.5283	None
EGR3	RORC	0.068019	26.76	0.258	rgb(220,168,168)	1.5202	None
TFCP2L1	FOXA2	0.067881	26.86	0.359	rgb(221,148,149)	1.5221	None
ZNF519	DKK3	-0.067743	25.185	-1.9E-01	rgb(177,193,224)	1.489	None
ZFHX2	DSCAML1	0.067605	24.2	0.2	rgb(219,179,179)	1.4694	None
ONECUT2	SLC38A3	0.067467	24.755	0.255	rgb(220,168,169)	1.4804	None
NKX6-1	IGSF10	0.067329	24.19	0.188	rgb(219,181,182)	1.4692	None
TP73	GPR142	0.067191	25.255	0.257	rgb(220,168,168)	1.4903	None
TEAD1	TUBB2B	-0.067053	27.16	-1.6E-01	rgb(182,196,223)	1.5281	None
ZNF519	AMER3	-0.066915	24.74	-2.4E-01	rgb(165,185,226)	1.4801	None
SPIB	CLIP3	0.066777	24.235	0.236	rgb(220,172,172)	1.4701	None
ONECUT1	MAST1	0.066639	25.245	0.247	rgb(220,170,170)	1.4901	None
ETS1	BEND5	0.066087	22.5	0	rgb(217,217,217)	1.4358	None
HIC1	PPM1E	0.066087	22.5	0	rgb(217,217,217)	1.4358	None
HSF2	BCRP3	0.066087	22.5	0	rgb(217,217,217)	1.4358	None
ST18	ATP13A4	0.066087	22.5	0	rgb(217,217,217)	1.4358	None
PAX6	CELF4	0.065949	26.185	0.184	rgb(219,182,182)	1.5088	None
HSF2	CIB4	0.065811	25.24	0.24	rgb(220,171,172)	1.49	None
ARNT2	TTLL7	0.065397	23	0	rgb(217,217,217)	1.4457	None
EGR3	KCNH8	0.065397	23	0	rgb(217,217,217)	1.4457	None
TEAD1	SLC8A1	0.065397	23	0	rgb(217,217,217)	1.4457	None
MAFB	CLCNKA	0.065121	26.74	0.239	rgb(220,171,172)	1.5198	None
SMAD9	IGFN1	0.065121	26.74	0.238	rgb(220,172,172)	1.5198	None
HOXB9	CD300LF	0.064983	25.675	0.173	rgb(219,184,184)	1.4987	None
EGR3	CLGN	0.064294	22.5	0	rgb(217,217,217)	1.4358	None
LHX1	KCNAB2	0.064294	22.5	0	rgb(217,217,217)	1.4358	None
NR4A3	FCRL6	0.064294	22.5	0	rgb(217,217,217)	1.4358	None
PAX4	EVL	0.064294	22.5	0	rgb(217,217,217)	1.4358	None
PBX1	DTX1	0.064294	22.5	0	rgb(217,217,217)	1.4358	None
TGIF2	CTNND1	0.064156	24.72	0.218	rgb(219,175,176)	1.4797	None
POU2F2	ACTL6B	-0.06388	26.855	-3.5E-01	rgb(140,170,230)	1.522	None
RFX6	BASP1	0.06388	26.855	0.355	rgb(221,149,150)	1.522	None
RFX6	ATP8B2	0.063742	27.14	0.142	rgb(219,190,190)	1.5277	None
ETV1	MYEF2	0.063604	26.815	0.317	rgb(220,156,157)	1.5212	None
NR4A2	MYO3A	-0.063466	24.705	-2.0E-01	rgb(173,190,225)	1.4794	None
AEBP1	SUMO1P3	0.063328	22	0	rgb(217,217,217)	1.4259	2,2
ARX	TMEM200A	0.062362	22.5	0	rgb(217,217,217)	1.4358	None
GATA2	RIC3	0.062362	22.5	0	rgb(217,217,217)	1.4358	2,2
LHX1	OSBPL6	0.062362	22.5	0	rgb(217,217,217)	1.4358	None
NHLH1	BTBD11	0.062362	22.5	0	rgb(217,217,217)	1.4358	None
PDX1	CD99L2	0.062362	22.5	0	rgb(217,217,217)	1.4358	None
PRDM16	TTLL7	0.062362	22.5	0	rgb(217,217,217)	1.4358	None
SOX4	MAP1A	0.062362	22.5	0	rgb(217,217,217)	1.4358	None
LMX1A	GDAP1L1	0.06181	22	0	rgb(217,217,217)	1.4259	2,2
SOX4	RASL11B	0.06181	22	0	rgb(217,217,217)	1.4259	None
ZFHX2	LAPTM5	0.06181	22	0	rgb(217,217,217)	1.4259	None
ZFP62	CTAGE15	0.06181	22	0	rgb(217,217,217)	1.4259	2,2
EGR3	HERC5	0.06112	23.5	0	rgb(217,217,217)	1.4556	None
EGR3	KNDC1	0.06112	23.5	0	rgb(217,217,217)	1.4556	None
EGR3	LRRN2	0.06112	23.5	0	rgb(217,217,217)	1.4556	None
HIC1	MXI1	0.06112	23.5	0	rgb(217,217,217)	1.4556	None
TP73	S100A1	0.06112	23.5	0	rgb(217,217,217)	1.4556	None
HOXB9	MTSS1	0.060844	22	0	rgb(217,217,217)	1.4259	None
NR4A2	ZNF519	0.060844	22	0	rgb(217,217,217)	1.4259	None
GATA4	MYEF2	-0.060706	26.89	-3.9E-01	rgb(132,165,232)	1.5227	None
HOXB9	TUBA3FP	0.06043	23	0	rgb(217,217,217)	1.4457	None
PAX4	LTF	0.06043	23	0	rgb(217,217,217)	1.4457	None
ARX	MUC15	-0.060017	26.85	-3.5E-01	rgb(141,171,230)	1.5219	None
RFX6	CD200	0.060017	26.85	0.352	rgb(221,150,151)	1.5219	None
ZFHX2	SPC25	0.060017	26.85	0.348	rgb(221,150,151)	1.5219	None
MAFA	SNED1	0.059879	27.105	0.104	rgb(218,197,197)	1.527	None
FEV	ATP1A3	0.059741	24.11	0.112	rgb(218,196,196)	1.4677	None
NHLH1	SRCIN1	0.059327	22.5	0	rgb(217,217,217)	1.4358	None
PBX1	FAM135B	0.059327	22.5	0	rgb(217,217,217)	1.4358	None
SMAD9	FKBP7	0.059327	25.11	0.109	rgb(218,196,196)	1.4875	None
SPIB	FKBP7	-0.059189	27.1	-1.0E-01	rgb(195,204,221)	1.5269	None
LHX1	SAMD5	-0.059051	25.62	-1.2E-01	rgb(191,201,222)	1.4976	None
ASCL1	NOXO1	0.058637	23	0	rgb(217,217,217)	1.4457	None
HSF2	GFRA3	0.058637	23	0	rgb(217,217,217)	1.4457	None
MYT1	ZFR2	0.058637	23	0	rgb(217,217,217)	1.4457	2,2
ARX	CFC1	0.058361	27.195	0.195	rgb(219,180,180)	1.5288	None
NKX6-1	POM121L9P	-0.058361	26.78	-2.8E-01	rgb(156,180,228)	1.5206	None
TFCP2L1	HEPACAM2	0.058223	25.185	0.183	rgb(219,182,182)	1.489	None
ELF4	CITED2	0.057947	22	0	rgb(217,217,217)	1.4259	None
ONECUT1	NNMT	0.057947	22	0	rgb(217,217,217)	1.4259	None
ETS1	ENPP2	0.057671	26.675	0.175	rgb(219,184,184)	1.5185	None
GATA4	TOX3	0.057671	22	0	rgb(217,217,217)	1.4259	None
SMAD9	PTPN22	0.057533	26.08	0.079	rgb(218,202,202)	1.5067	None
ASCL2	MTUS2	0.057395	27.19	0.189	rgb(219,181,181)	1.5287	None
ASCL1	CIB4	-0.057119	26.845	-3.5E-01	rgb(142,171,230)	1.5218	None
GATA4	CACNA1C	0.057119	26.845	0.345	rgb(221,151,152)	1.5218	None
ZNF846	SYNM	0.056981	25.065	0.065	rgb(218,205,205)	1.4866	None
GATA2	SDK2	0.056705	26.045	0.045	rgb(217,208,208)	1.506	None
NKX6-1	FGF2	0.056705	22	0	rgb(217,217,217)	1.4259	None
SOX4	APLN	0.056567	26.76	0.26	rgb(220,167,168)	1.5202	None
NR4A2	VOPP1	0.056429	24.625	0.126	rgb(218,193,193)	1.4779	None
FEV	CHST10	0.056153	22	0	rgb(217,217,217)	1.4259	None
GATA2	RAB3C	0.056153	22	0	rgb(217,217,217)	1.4259	None
MAFA	MIR137HG	0.056015	22.5	0	rgb(217,217,217)	1.4358	None
ARX	APLP1	0.055877	26	0.002	rgb(217,217,217)	1.5051	None
TEAD1	NR4A3	-0.05574	26.925	-4.3E-01	rgb(125,161,233)	1.5234	None
ATF5	GCH1	-0.055602	25.925	-4.2E-01	rgb(125,161,233)	1.5036	None
SOX4	GADD45A	0.055464	25.01	0.012	rgb(217,215,215)	1.4855	None
LMX1B	FAM153A	0.055326	26.88	0.381	rgb(221,144,145)	1.5225	2,2
ETS1	SV2A	-0.05505	27.18	-1.8E-01	rgb(178,193,224)	1.5285	None
ETS1	TFPI2	0.05505	26.84	0.34	rgb(221,152,153)	1.5217	None
NEUROG3	CBLN1	0.054912	26.9	0.4	rgb(221,141,141)	1.5229	None
ZBTB4	LOC100188947	-0.054774	25.8	-3.0E-01	rgb(152,178,228)	1.5011	2,2
PAX4	CRLF1	0.054636	25.515	0.014	rgb(217,214,214)	1.4955	None
POU2F2	PBOV1	0.054498	24.6	0.1	rgb(218,198,198)	1.4774	None
ONECUT1	TENM2	-0.054222	24.555	-5.5E-02	rgb(205,210,219)	1.4765	None
TEAD2	VOPP1	0.054222	24.555	0.055	rgb(218,206,207)	1.4765	None
FEV	NOXO1	-0.054084	25.39	-3.9E-01	rgb(132,166,232)	1.493	None
GATA6	CBX7	0.052842	22	0	rgb(217,217,217)	1.4259	None
HSF2	RORC	0.052842	22	0	rgb(217,217,217)	1.4259	None
LMX1A	CPT1C	0.052842	22	0	rgb(217,217,217)	1.4259	None
NR4A3	TLE3	0.052842	23.5	0	rgb(217,217,217)	1.4556	None
PAX4	PPP1R16B	0.052842	22	0	rgb(217,217,217)	1.4259	None
PDX1	HGFAC	0.052842	22	0	rgb(217,217,217)	1.4259	None
PDX1	USH2A	0.052842	22	0	rgb(217,217,217)	1.4259	None
ZFP82	MPP1	0.052842	22	0	rgb(217,217,217)	1.4259	None
ZNF846	FAXC	0.052842	23.5	0	rgb(217,217,217)	1.4556	None
ST18	SESN2	-0.052704	25.095	-9.7E-02	rgb(196,204,221)	1.4872	None
POU6F1	HERC5	0.052566	26.735	0.237	rgb(220,172,172)	1.5197	None
SMAD9	UCN3	0.052428	23	0	rgb(217,217,217)	1.4457	None
ASCL2	CNTD2	0.051876	23	0	rgb(217,217,217)	1.4457	None
HOXB9	METTL21EP	0.051876	23	0	rgb(217,217,217)	1.4457	None
SOX4	NR4A2	0.051876	23	0	rgb(217,217,217)	1.4457	None
TFCP2L1	HDAC7	0.051876	23	0	rgb(217,217,217)	1.4457	None
ELF4	TMEM132C	0.051462	22	0	rgb(217,217,217)	1.4259	None
HSF2	SPIB	-0.051462	25.07	-6.8E-02	rgb(202,208,220)	1.4867	None
PDX1	CHRM4	0.051462	22	0	rgb(217,217,217)	1.4259	None
ONECUT2	FAT3	0.051325	25.3	0.301	rgb(220,160,160)	1.4912	None
PBX1	LDB1	0.051187	25.765	0.267	rgb(220,166,167)	1.5004	None
SOX4	ATF5	-0.051049	24.55	-4.8E-02	rgb(207,211,219)	1.4764	None
ELF4	FAM110B	0.050221	22.5	0	rgb(217,217,217)	1.4358	None
ETS1	ACTN3	0.050221	22.5	0	rgb(217,217,217)	1.4358	None
GATA6	GPC6	0.050221	22.5	0	rgb(217,217,217)	1.4358	None
TFCP2L1	CD99L2	0.050221	22.5	0	rgb(217,217,217)	1.4358	None
ZFP62	BC015342	0.050221	22.5	0	rgb(217,217,217)	1.4358	2,2
ZNF519	PTP4A3	0.050221	22.5	0	rgb(217,217,217)	1.4358	None
ATF6	BC015342	-0.050083	25.76	-2.6E-01	rgb(160,182,227)	1.5003	2,2
FEV	STARD8	0.048979	23.5	0	rgb(217,217,217)	1.4556	None
LHX1	BIVM-ERCC5	0.048979	23.5	0	rgb(217,217,217)	1.4556	None
ONECUT1	ADCY2	0.048979	23.5	0	rgb(217,217,217)	1.4556	None
ONECUT1	AX746991	0.048979	23.5	0	rgb(217,217,217)	1.4556	2,2
PAX6	C7	0.048979	23.5	0	rgb(217,217,217)	1.4556	None
SIM1	PCDHB9	0.048979	23.5	0	rgb(217,217,217)	1.4556	2,2
ZFHX2	PAX6	0.048979	23.5	0	rgb(217,217,217)	1.4556	None
ZNF846	CYMP	0.048979	23.5	0	rgb(217,217,217)	1.4556	None
SOX4	FAM171A2	0.048841	25.79	0.289	rgb(220,162,162)	1.5009	None
ELF4	KIAA1324	-0.048565	26.83	-3.3E-01	rgb(146,174,229)	1.5215	None
TEAD1	MIR503HG	-0.048565	26.83	-3.3E-01	rgb(145,173,230)	1.5215	None
MYRF	AK302511	-0.048427	23.78	-2.8E-01	rgb(156,180,228)	1.4611	2,2
NEUROD2	TUBA3FP	0.048289	24.315	0.314	rgb(220,157,158)	1.4717	None
LHX1	SLC26A7	0.048013	22.5	0	rgb(217,217,217)	1.4358	None
NEUROD2	BSN	0.048013	22.5	0	rgb(217,217,217)	1.4358	None
FOXA1	METTL21EP	0.047737	22	0	rgb(217,217,217)	1.4259	None
RORC	AMER3	0.047737	22	0	rgb(217,217,217)	1.4259	None
FOXA1	VOPP1	-0.047461	26.865	-3.6E-01	rgb(138,169,231)	1.5222	None
PDX1	CTPS1	-0.047461	26.865	-3.7E-01	rgb(137,169,231)	1.5222	None
ZFHX2	PCAT1	0.047323	24.295	0.294	rgb(220,161,161)	1.4713	None
LMX1B	PLCG2	0.047185	25.77	0.271	rgb(220,165,166)	1.5005	None
MAFA	KIRREL3	0.047047	24.32	0.322	rgb(221,155,156)	1.4718	None
TFCP2L1	DPEP1	-0.046909	27.145	-1.4E-01	rgb(186,198,223)	1.5278	None
MAFB	PTPRN	0.046496	25.255	0.255	rgb(220,168,169)	1.4903	None
NR4A3	TMEM151A	0.046496	25.765	0.266	rgb(220,166,167)	1.5004	None
ONECUT3	POU2F2	-0.046496	25.255	-2.6E-01	rgb(162,183,227)	1.4903	None
ATF6	SCN1B	0.04622	22	0	rgb(217,217,217)	1.4259	None
ZNF492	AL831889	0.04622	22	0	rgb(217,217,217)	1.4259	2,2
PDX1	RORC	0.046082	27.135	0.136	rgb(218,191,191)	1.5276	None
ZFP82	GAP43	0.045944	24.71	0.21	rgb(219,177,177)	1.4795	None
ARX	PRKCG	0.045668	23.715	0.213	rgb(219,176,177)	1.4598	None
RFX2	PRRT3	0.045668	23.67	0.17	rgb(219,185,185)	1.4589	None
LMX1B	TSHZ1	-0.04553	25.71	-2.1E-01	rgb(172,190,225)	1.4994	None
HSF2	USH2A	-0.045392	24.7	-2.0E-01	rgb(173,190,225)	1.4794	None
ATF6	NEAT1	-0.045254	26.86	-3.6E-01	rgb(139,170,231)	1.5221	None
TEAD1	NPSR1-AS1	0.045116	22	0	rgb(217,217,217)	1.4259	None
NR4A3	DLL1	-0.04484	24.78	-2.8E-01	rgb(156,180,228)	1.4809	None
SOX4	SCN1B	0.04484	27.12	0.122	rgb(218,194,194)	1.5273	None
ZNF846	REM2	-0.044702	26.82	-3.2E-01	rgb(148,175,229)	1.5213	None
ZNF846	ARNT2	-0.044564	24.685	-1.8E-01	rgb(177,193,224)	1.4791	None
SPIB	ABCC4	-0.044426	24.225	-2.3E-01	rgb(168,187,226)	1.4699	None
EGR3	ATF5	0.04415	23	0	rgb(217,217,217)	1.4457	None
HIC1	PCDH20	0.04415	23	0	rgb(217,217,217)	1.4457	2,2
FOXA1	KCNJ6	0.044012	25.72	0.222	rgb(219,175,175)	1.4996	None
SMAD9	HCN4	0.043874	22	0	rgb(217,217,217)	1.4259	None
FOXA2	IGSF21	0.04346	21.5	0	rgb(217,217,217)	1.416	None
MAFA	NPY	0.04346	21.5	0	rgb(217,217,217)	1.416	None
TGIF2	FAM110B	0.04346	21.5	0	rgb(217,217,217)	1.416	None
PBX1	CDKN1C	0.043322	24.215	0.215	rgb(219,176,176)	1.4697	None
NEUROD2	CHRNA1	0.043184	26.65	0.149	rgb(219,189,189)	1.518	None
MAFF	SFTPA2	-0.043046	26.815	-3.1E-01	rgb(149,175,229)	1.5212	None
MAFB	SH2D3C	0.042908	26.855	0.357	rgb(221,149,150)	1.522	None
NKX2-2	ACBD7	0.04277	21.5	0	rgb(217,217,217)	1.416	None
FOXA2	FCRL6	-0.042632	23.615	-1.2E-01	rgb(192,202,221)	1.4579	None
ZFHX2	VOPP1	-0.042494	24.74	-2.4E-01	rgb(165,185,226)	1.4801	None
PBX1	NFASC	-0.042357	23.66	-1.6E-01	rgb(182,196,223)	1.4588	None
ELF4	SCGN	-0.042219	26.81	-3.1E-01	rgb(150,176,229)	1.5211	None
HSF2	SYP	0.041805	22.5	0	rgb(217,217,217)	1.4358	None
ZNF519	SLC12A5	0.041805	22.5	0	rgb(217,217,217)	1.4358	None
ZNF846	THBS4	-0.041805	24.725	-2.3E-01	rgb(168,187,226)	1.4798	None
ZNF382	MURC	0.041667	26.615	0.113	rgb(218,195,196)	1.5173	2,2
LMX1A	CLEC4G	0.041391	26.98	0.48	rgb(222,125,126)	1.5245	2,2
SPIB	NFASC	0.041391	26.85	0.348	rgb(221,151,151)	1.5219	None
GATA2	ENPP1	0.041253	24.18	0.179	rgb(219,183,183)	1.4691	None
HSF2	CHRNB4	-0.041115	25.695	-2.0E-01	rgb(174,191,224)	1.4991	None
PRDM16	LINGO1	0.040977	21.5	0	rgb(217,217,217)	1.416	None
HES4	TOX3	0.040701	21.5	0	rgb(217,217,217)	1.416	None
TFCP2L1	CDH22	0.040701	21.5	0	rgb(217,217,217)	1.416	None
ZFHX2	CRY2	0.040563	24.175	0.173	rgb(219,184,184)	1.469	None
GATA4	SSTR1	0.040149	22	0	rgb(217,217,217)	1.4259	None
NR4A3	ST8SIA5	0.040149	22	0	rgb(217,217,217)	1.4259	None
TFCP2L1	AP3B2	0.040149	22	0	rgb(217,217,217)	1.4259	None
ZFHX2	SNED1	0.040011	25.16	0.159	rgb(219,187,187)	1.4885	None
TFCP2L1	MPP1	-0.039873	24.64	-1.4E-01	rgb(187,199,222)	1.4782	None
FEV	STMN3	0.039735	25.68	0.18	rgb(219,183,183)	1.4988	None
MAFA	SULT1C2P1	0.039597	26.58	0.079	rgb(218,202,202)	1.5166	None
HEYL	FJX1	0.039459	24.635	0.136	rgb(218,191,191)	1.4781	None
ARNT2	LDHAL6A	-0.039183	24.71	-2.1E-01	rgb(172,189,225)	1.4795	None
ATF5	RBFOX2	0.039183	24.71	0.211	rgb(219,177,177)	1.4795	None
TP73	KCNAB2	0.039045	23.545	0.046	rgb(218,208,208)	1.4565	None
ZFP82	RAP1GAP2	0.038907	26.915	0.414	rgb(222,138,139)	1.5232	None
LHX1	APLN	-0.038769	26.56	-5.8E-02	rgb(204,209,219)	1.5162	None
PRDM16	FEV	-0.038631	23.61	-1.1E-01	rgb(193,203,221)	1.4578	None
GATA6	CRY2	-0.038493	24.155	-1.5E-01	rgb(184,197,223)	1.4686	None
ISL1	MPP1	-0.038355	25.63	-1.3E-01	rgb(189,200,222)	1.4978	None
NEUROD1	CD99L2	0.038079	26.795	0.297	rgb(220,160,161)	1.5208	None
PRDM16	FUT7	-0.038079	26.795	-3.0E-01	rgb(153,178,228)	1.5208	None
GATA2	TMOD1	0.037804	26.845	0.346	rgb(221,151,152)	1.5218	None
PBX1	RPS3	-0.037804	26.845	-3.4E-01	rgb(142,172,230)	1.5218	None
ATF6	NR4A3	-0.037666	23.605	-1.1E-01	rgb(194,203,221)	1.4577	None
FOXP2	HERC5	0.037528	26.9	0.398	rgb(221,141,142)	1.5229	None
ARNT2	CD99L2	0.036976	21.5	0	rgb(217,217,217)	1.416	None
NFAT5	LINC00202-1	0.036976	21.5	0	rgb(217,217,217)	1.416	2,2
ONECUT1	CTTNBP2	0.036976	21.5	0	rgb(217,217,217)	1.416	None
PAX6	NPW	0.036976	21.5	0	rgb(217,217,217)	1.416	None
LHX1	GRIK5	-0.036838	24.62	-1.2E-01	rgb(190,201,222)	1.4778	None
ELF4	CHRM4	-0.0367	26.79	-2.9E-01	rgb(154,179,228)	1.5207	None
GATA4	FAT3	0.036562	25.61	0.11	rgb(218,196,196)	1.4974	None
EGR3	NR4A3	0.036424	21.5	0	rgb(217,217,217)	1.416	None
ELF4	DOK6	-0.035872	26.805	-3.0E-01	rgb(151,177,229)	1.521	None
ELF4	KCNH8	-0.035872	26.805	-3.1E-01	rgb(151,177,229)	1.521	None
MAFA	UNC79	0.035872	26.805	0.307	rgb(220,158,159)	1.521	None
ZFHX2	PAPPA2	-0.035872	26.805	-3.1E-01	rgb(150,176,229)	1.521	None
PDX1	CRISPLD2	-0.035734	26.885	-3.8E-01	rgb(134,166,232)	1.5226	None
LMX1B	STXBP1	0.035596	26.88	0.379	rgb(221,145,145)	1.5225	None
ELF4	CAMK2N2	-0.03532	26.245	-2.5E-01	rgb(163,184,226)	1.51	None
ONECUT3	APBB1	0.03532	26.36	0.358	rgb(221,149,149)	1.5122	None
ETS1	SOGA3	0.034906	23	0	rgb(217,217,217)	1.4457	None
FOXA1	SPAG8	0.034906	23	0	rgb(217,217,217)	1.4457	None
SMAD9	PCAT1	0.034906	23	0	rgb(217,217,217)	1.4457	None
HSF2	ASRGL1	0.034768	25.115	0.114	rgb(218,195,196)	1.4876	None
FOXP2	STK33	0.034492	26.84	0.338	rgb(221,152,153)	1.5217	None
ZNF519	FAM227A	0.034492	26.84	0.34	rgb(221,152,153)	1.5217	None
GATA2	VWA5B2	0.034216	22	0	rgb(217,217,217)	1.4259	None
HSF2	DHRS2	0.034216	22	0	rgb(217,217,217)	1.4259	None
ISL1	SNAP25	0.034078	24.585	0.087	rgb(218,200,201)	1.4771	None
GATA6	MTSS1	0.033802	22.5	0	rgb(217,217,217)	1.4358	None
PBX1	CNIH2	0.033802	22.5	0	rgb(217,217,217)	1.4358	None
ELF4	SV2A	-0.033526	26.8	-3.0E-01	rgb(152,178,228)	1.5209	None
MAFF	AK311213	-0.033526	26.8	-3.0E-01	rgb(152,178,228)	1.5209	2,2
PRDM16	CELF5	0.033389	24.1	0.098	rgb(218,198,199)	1.4675	None
LMX1B	UCN3	0.033251	24.65	0.15	rgb(219,188,189)	1.4784	None
FOXA1	PAK6	0.032975	21.5	0	rgb(217,217,217)	1.416	None
GATA4	MAFA	0.032975	21.5	0	rgb(217,217,217)	1.416	None
FEV	OGFRL1	0.032285	22.5	0	rgb(217,217,217)	1.4358	None
MAFB	CELF5	0.032285	22.5	0	rgb(217,217,217)	1.4358	None
NEUROG3	TEAD1	0.032285	22.5	0	rgb(217,217,217)	1.4358	None
PAX6	MLLT11	0.032285	22.5	0	rgb(217,217,217)	1.4358	None
PBX1	ANKRD13B	0.032285	22.5	0	rgb(217,217,217)	1.4358	None
PDX1	PPP1R3C	0.032009	25.595	0.096	rgb(218,199,199)	1.4971	None
ZNF846	HECW2	0.032009	26.77	0.272	rgb(220,165,165)	1.5204	None
MAFA	PHLDA2	0.031319	23	0	rgb(217,217,217)	1.4457	None
ONECUT3	HOPX	0.031319	23	0	rgb(217,217,217)	1.4457	None
POU6F1	CTAGE15	0.031319	23	0	rgb(217,217,217)	1.4457	2,2
SPIB	CITED2	0.031319	23	0	rgb(217,217,217)	1.4457	None
TFCP2L1	GOLGA7B	0.031319	23	0	rgb(217,217,217)	1.4457	None
ETS1	BRSK1	0.031043	21.5	0	rgb(217,217,217)	1.416	None
NR4A2	PLEKHB1	0.031043	21.5	0	rgb(217,217,217)	1.416	None
GATA6	SPON1	0.030767	25.58	0.078	rgb(218,202,202)	1.4968	None
POU2F2	PYY	-0.030767	24.54	-3.8E-02	rgb(209,212,218)	1.4762	None
EGR3	GADD45A	-0.030629	26.835	-3.3E-01	rgb(145,173,230)	1.5216	None
ASCL2	SV2B	-0.030215	26.795	-3.0E-01	rgb(152,178,228)	1.5208	None
TFCP2L1	SV2A	0.030215	26.795	0.293	rgb(220,161,162)	1.5208	None
ZFHX2	COL14A1	-0.030215	26.795	-3.0E-01	rgb(153,178,228)	1.5208	None
EGR3	KSR2	0.029801	21.5	0	rgb(217,217,217)	1.416	None
FEV	TEKT2	0.029801	21.5	0	rgb(217,217,217)	1.416	None
ZNF846	TRIM35	0.029801	21.5	0	rgb(217,217,217)	1.416	None
NEUROD1	MDK	-0.029663	24.595	-9.6E-02	rgb(196,204,221)	1.4773	None
SMAD9	MEX3B	0.029525	25.33	0.33	rgb(221,154,155)	1.4918	None
NR4A3	INSRR	0.029387	25.555	0.055	rgb(218,206,207)	1.4963	None
ONECUT3	USH2A	0.029111	22	0	rgb(217,217,217)	1.4259	None
SPIB	TMEM132C	0.029111	22	0	rgb(217,217,217)	1.4259	None
GATA4	TRIM35	0.028974	26.83	0.33	rgb(221,154,155)	1.5215	None
PRDM16	VWCE	0.028836	26.755	0.257	rgb(220,168,168)	1.5201	None
RORC	DNAJC12	-0.028698	25.325	-3.3E-01	rgb(146,174,229)	1.4917	None
GRHL3	SCIMP	-0.02856	25.315	-3.1E-01	rgb(149,176,229)	1.4915	2,2
NR4A3	ITPR1	0.028422	24.85	0.35	rgb(221,150,151)	1.4823	None
NEUROG3	SMAD9	0.028284	24.555	0.057	rgb(218,206,206)	1.4765	None
ONECUT2	MEP1B	0.028146	23.835	0.334	rgb(221,153,154)	1.4622	None
HSF2	HIF1A	0.02787	26.26	0.26	rgb(220,167,168)	1.5103	None
TEAD2	DNAH11	-0.02787	24.31	-3.1E-01	rgb(150,176,229)	1.4716	None
FOXA1	DHRS2	0.027732	26.815	0.316	rgb(220,157,157)	1.5212	None
ZNF492	SMOC2	0.027594	23.805	0.307	rgb(220,158,159)	1.4616	None
EGR3	SCN3B	0.02718	21.5	0	rgb(217,217,217)	1.416	None
GATA4	ADCY5	0.02718	21.5	0	rgb(217,217,217)	1.416	None
HOXB9	SLC8A1	0.02718	21.5	0	rgb(217,217,217)	1.416	None
NEUROD1	PAK7	0.027042	26.155	0.155	rgb(219,187,188)	1.5082	2,2
LMX1B	LAPTM5	-0.026904	26.74	-2.4E-01	rgb(165,185,226)	1.5198	None
NR4A3	ANKRD18A	0.026628	21.5	0	rgb(217,217,217)	1.416	None
PAX6	TRPC7	0.026628	21.5	0	rgb(217,217,217)	1.416	None
FOXA2	TMEM132C	0.02649	24.78	0.279	rgb(220,164,164)	1.4809	None
LMX1B	RORC	-0.026352	25.27	-2.7E-01	rgb(158,181,227)	1.4906	None
GLIS2	TMEM145	0.025938	22	0	rgb(217,217,217)	1.4259	None
LMX1A	TUBA1A	0.025938	22	0	rgb(217,217,217)	1.4259	None
PDX1	CDH22	0.025938	22	0	rgb(217,217,217)	1.4259	None
SPIB	BEX2	-0.0258	24.77	-2.7E-01	rgb(159,182,227)	1.4807	None
TGIF2	COL14A1	-0.025662	26.8	-3.0E-01	rgb(152,178,228)	1.5209	None
LHX1	NINJ1	0.025386	21	0	rgb(217,217,217)	1.4061	None
LMX1B	GPBAR1	0.025386	21	0	rgb(217,217,217)	1.4061	None
TGIF2	TTC7B	0.025248	26.24	0.242	rgb(220,171,171)	1.5099	None
ASCL2	ABLIM2	0.024834	26.795	0.293	rgb(220,161,162)	1.5208	None
ASCL2	RRAGD	0.024834	21	0	rgb(217,217,217)	1.4061	None
TFCP2L1	CIB4	0.024834	21	0	rgb(217,217,217)	1.4061	None
ONECUT1	NFAT5	0.024421	22	0	rgb(217,217,217)	1.4259	None
RORC	FCGBP	0.024421	22	0	rgb(217,217,217)	1.4259	None
TFCP2L1	CBFA2T3	0.024421	22	0	rgb(217,217,217)	1.4259	None
ZFHX2	SCUBE1	0.024283	25.3	0.301	rgb(220,159,160)	1.4912	None
ASCL2	RPS3	0.024007	21	0	rgb(217,217,217)	1.4061	None
NR4A2	MTSS1	0.024007	22.5	0	rgb(217,217,217)	1.4358	None
RORC	CAMK2B	0.023869	23.705	0.203	rgb(219,178,179)	1.4596	None
LHX1	ASIC4	-0.023731	24.735	-2.3E-01	rgb(166,186,226)	1.48	None
GATA2	KCNE4	0.023593	26.095	0.097	rgb(218,198,199)	1.507	None
LHX1	SPOCK3	0.023455	25.285	0.287	rgb(220,162,163)	1.4909	None
ATF5	LOC100272216	0.023317	26.09	0.09	rgb(218,200,200)	1.5069	2,2
EGR3	N4BP2L2-IT2	-0.022903	26.815	-3.2E-01	rgb(149,175,229)	1.5212	2,2
HSF2	CCDC40	0.022903	26.815	0.313	rgb(220,157,158)	1.5212	None
SOX4	HECW2	0.022903	26.815	0.313	rgb(220,157,158)	1.5212	None
ONECUT2	GPC6	-0.022489	23.725	-2.3E-01	rgb(168,187,226)	1.46	None
RORC	MLLT11	0.022489	21	0	rgb(217,217,217)	1.4061	None
TFCP2L1	ANKRD13B	0.022489	21	0	rgb(217,217,217)	1.4061	None
ZFP28	CHRNB4	0.022351	21	0	rgb(217,217,217)	1.4061	None
SMAD9	ZFP62	-0.022213	23.685	-1.8E-01	rgb(177,193,224)	1.4592	None
NR4A2	CHRM4	0.021799	26.78	0.282	rgb(220,163,164)	1.5206	None
NR4A2	DNAH11	0.021799	26.78	0.28	rgb(220,163,164)	1.5206	None
PRDM16	KCNJ11	-0.021799	26.78	-2.8E-01	rgb(156,180,228)	1.5206	None
SIM1	ARX	0.021661	26.715	0.213	rgb(219,176,177)	1.5193	2,2
ELF4	LSP1	0.021523	21.5	0	rgb(217,217,217)	1.416	None
FEV	NHLH1	-0.021385	24.21	-2.1E-01	rgb(172,189,225)	1.4696	None
GATA4	SSTR2	-0.021247	25.27	-2.7E-01	rgb(158,181,227)	1.4906	None
SOX4	TUBB3	0.021109	26.775	0.276	rgb(220,164,165)	1.5205	None
SMAD9	SPIB	0.020971	25.205	0.207	rgb(219,177,178)	1.4894	None
GATA2	HIC1	0.020833	23.67	0.172	rgb(219,184,184)	1.4589	None
ZFHX2	SMOC1	-0.020695	25.2	-2.0E-01	rgb(174,191,225)	1.4893	None
GATA4	CD300LF	-0.020557	24.25	-2.5E-01	rgb(162,184,227)	1.4704	None
GATA2	KIF5A	0.020419	26.775	0.273	rgb(220,165,165)	1.5205	None
ETS1	UNC5D	0.020143	21	0	rgb(217,217,217)	1.4061	None
PAX6	PEX5L	0.020143	21	0	rgb(217,217,217)	1.4061	None
EGR3	SMARCD2	0.019868	21	0	rgb(217,217,217)	1.4061	None
ZNF519	TMEFF1	0.019868	21	0	rgb(217,217,217)	1.4061	None
ZNF117	BC010924	0.01973	25.185	0.184	rgb(219,182,182)	1.489	2,2
MAFB	CELF4	0.019178	22.5	0	rgb(217,217,217)	1.4358	None
MAFB	THBS4	0.019178	22.5	0	rgb(217,217,217)	1.4358	None
ONECUT2	PEX5L	0.019178	22.5	0	rgb(217,217,217)	1.4358	None
ZNF519	ATF6	0.019178	22.5	0	rgb(217,217,217)	1.4358	None
NKX2-2	SPRED3	-0.01904	26.695	-1.9E-01	rgb(175,191,224)	1.5189	None
ARX	ZDHHC8P1	0.018902	24.23	0.228	rgb(220,173,174)	1.47	None
SPIB	CHRNA5	-0.018764	25.17	-1.7E-01	rgb(180,195,223)	1.4887	None
NKX2-2	KLK12	0.018626	26.175	0.175	rgb(219,184,184)	1.5086	None
NR4A2	SBK1	0.018488	26.69	0.191	rgb(219,181,181)	1.5188	None
LHX1	SLC14A2	0.01835	26.76	0.258	rgb(220,168,168)	1.5202	None
NKX2-2	VWA5B2	0.018212	26.805	0.303	rgb(220,159,160)	1.521	None
PBX1	BASP1	0.017936	23	0	rgb(217,217,217)	1.4457	None
TEAD1	PPM1E	0.017936	23	0	rgb(217,217,217)	1.4457	None
MAFB	ATP6V1G2	0.01766	21.5	0	rgb(217,217,217)	1.416	None
NKX2-2	SERPINI1	0.01766	21.5	0	rgb(217,217,217)	1.416	None
LMX1A	EIF4EBP3	-0.017522	25.225	-2.3E-01	rgb(168,187,226)	1.4897	None
GLIS2	NOTUM	0.017108	21	0	rgb(217,217,217)	1.4061	None
LHX1	SH2D3C	0.017108	24.155	0.154	rgb(219,188,188)	1.4686	None
MAFB	RORC	0.017108	21	0	rgb(217,217,217)	1.4061	None
PBX1	PCDHA2	0.01697	26.75	0.249	rgb(220,169,170)	1.52	None
FOXA2	PTCH1	0.016556	22	0	rgb(217,217,217)	1.4259	None
HOXB9	NALCN	0.016556	22	0	rgb(217,217,217)	1.4259	None
SOX4	CLSPN	0.016556	22	0	rgb(217,217,217)	1.4259	None
GATA4	BASP1	0.016418	23.59	0.092	rgb(218,200,200)	1.4574	None
PAX6	RCOR2	-0.01628	26.675	-1.7E-01	rgb(179,194,224)	1.5185	None
HSF2	MLXIPL	-0.016142	24.145	-1.5E-01	rgb(185,198,223)	1.4684	None
ZFHX2	RBP2	-0.016004	23.62	-1.2E-01	rgb(191,201,222)	1.458	None
PDX1	CITED2	0.015866	24.65	0.151	rgb(219,188,188)	1.4784	None
TP73	TSHZ1	-0.015728	26.8	-3.0E-01	rgb(152,178,228)	1.5209	None
LHX1	SYN1	0.015453	21	0	rgb(217,217,217)	1.4061	None
ZNF846	CPA1	-0.015453	23.565	-6.4E-02	rgb(203,208,219)	1.4569	None
NR4A2	PODXL2	0.015315	24.175	0.175	rgb(219,184,184)	1.469	None
SOX4	TUBB2B	-0.015177	24.125	-1.2E-01	rgb(190,201,222)	1.468	None
ASCL2	G0S2	0.014073	22	0	rgb(217,217,217)	1.4259	None
ASCL2	PHLDA2	0.014073	22	0	rgb(217,217,217)	1.4259	None
HEYL	LRP4-AS1	0.014073	22	0	rgb(217,217,217)	1.4259	None
HIC1	TFPI2	0.014073	22	0	rgb(217,217,217)	1.4259	None
HSF2	BCAT1	0.014073	22	0	rgb(217,217,217)	1.4259	None
NR4A2	GDAP1	0.014073	22	0	rgb(217,217,217)	1.4259	None
TFCP2L1	GABBR2	0.014073	22	0	rgb(217,217,217)	1.4259	None
ZFHX2	MX2	0.014073	22	0	rgb(217,217,217)	1.4259	None
MAFB	FUT7	-0.013935	23.55	-4.8E-02	rgb(207,211,219)	1.4566	None
HOXB9	FAXC	0.013797	26.735	0.235	rgb(220,172,173)	1.5197	None
FOXA1	TRPM2	0.013383	22.5	0	rgb(217,217,217)	1.4358	None
GATA4	VGF	0.013383	22.5	0	rgb(217,217,217)	1.4358	None
LHX1	SDCBP2-AS1	0.013383	22.5	0	rgb(217,217,217)	1.4358	None
ETS1	RGS16	0.012969	23	0	rgb(217,217,217)	1.4457	None
NR4A2	LSAMP	0.012969	23	0	rgb(217,217,217)	1.4457	None
ZFP2	PCDHB10	0.012969	23	0	rgb(217,217,217)	1.4457	2,2
TEAD1	CAND2	0.012831	21.5	0	rgb(217,217,217)	1.416	None
NR4A2	AKNA	0.012417	21	0	rgb(217,217,217)	1.4061	None
PDX1	LGR6	0.012417	21	0	rgb(217,217,217)	1.4061	None
ZFP28	CBX4	0.012417	21	0	rgb(217,217,217)	1.4061	None
FOXA1	SPDYE7P	-0.012279	25.185	-1.8E-01	rgb(177,193,224)	1.489	None
EGR3	CCDC162P	-0.012141	26.65	-1.5E-01	rgb(185,197,223)	1.518	None
SMAD9	INSM1	-0.012003	23.55	-5.2E-02	rgb(206,210,219)	1.4566	None
ETV1	AMPH	0.011727	26.795	0.295	rgb(220,161,161)	1.5208	None
POU6F1	FAM64A	-0.011727	23.53	-3.1E-02	rgb(210,213,218)	1.4562	2,2
ZNF846	ACSL6	0.011589	25.18	0.179	rgb(219,183,183)	1.4889	None
ARX	CALY	-0.011451	23.505	-4.8E-03	rgb(216,216,217)	1.4557	None
TGIF2	LRP4-AS1	0.011313	23.5	9.9E-04	rgb(217,217,217)	1.4556	None
NR4A2	LINC00939	0.011038	26.72	0.218	rgb(219,175,176)	1.5194	None
SMAD9	SEZ6	0.011038	26.72	0.221	rgb(219,175,175)	1.5194	None
HSF2	NOTUM	0.010762	21	0	rgb(217,217,217)	1.4061	None
PAX6	EID1	0.010762	21	0	rgb(217,217,217)	1.4061	None
HHEX	RPRML	0.010624	26.755	0.253	rgb(220,169,169)	1.5201	None
ETS1	RAB3C	0.010486	26.615	0.114	rgb(218,195,195)	1.5173	None
RORC	SSTR1	0.010348	26.065	0.066	rgb(218,204,205)	1.5064	None
EGR3	DCHS1	0.0096578	21.5	0	rgb(217,217,217)	1.416	None
EGR3	KANK2	0.0096578	21.5	0	rgb(217,217,217)	1.416	None
FEV	RGS16	0.0096578	21.5	0	rgb(217,217,217)	1.416	None
MAFB	ALAS2	0.0096578	21.5	0	rgb(217,217,217)	1.416	None
TEAD2	MAPK12	0.0096578	21.5	0	rgb(217,217,217)	1.416	None
LMX1B	BOC	0.0093819	21	0	rgb(217,217,217)	1.4061	None
MAFA	METTL21EP	0.0093819	21	0	rgb(217,217,217)	1.4061	None
NEUROG3	CDH5	0.0092439	26.595	0.094	rgb(218,199,199)	1.5169	None
NR4A2	OGFRL1	0.009106	26.75	0.248	rgb(220,170,170)	1.52	None
TP73	PTGDR2	0.008968	26.025	0.026	rgb(217,212,212)	1.5056	None
ZNF117	LOC284581	0.00883	26.59	0.09	rgb(218,200,200)	1.5168	2,2
PAX4	LINC00310	-0.0086921	25.14	-1.4E-01	rgb(187,199,222)	1.4881	None
ETS1	FOXA1	0.0084161	25.73	0.23	rgb(220,173,174)	1.4998	None
HIF1A	AX747853	-0.0084161	26.7	-2.0E-01	rgb(173,190,225)	1.519	2,2
ONECUT3	METTL21EP	-0.0082781	25.93	-4.3E-01	rgb(123,160,233)	1.5037	None
TFCP2L1	CAMK1G	-0.0081402	26.695	-2.0E-01	rgb(174,191,224)	1.5189	None
EGR3	ROBO1	-0.0080022	25.92	-4.2E-01	rgb(126,162,233)	1.5035	None
TEAD1	PTCH1	0.0078642	26.785	0.285	rgb(220,163,163)	1.5206	None
RFX6	GNG2	0.0077263	26.48	0.48	rgb(222,125,126)	1.5146	None
LTF	NEUROG3	0.0075883	26.685	0.184	rgb(219,182,182)	1.5187	2,2
RFX2	TMEM151A	0.0074503	26.505	0.004	rgb(217,216,216)	1.5151	None
MAFB	PDE2A	0.0073124	20.5	0	rgb(217,217,217)	1.3962	None
FOXA1	MALAT1	0.0070364	21.5	0	rgb(217,217,217)	1.416	None
ZNF846	CADM3	0.0070364	21.5	0	rgb(217,217,217)	1.416	None
GATA2	GOLGA6L5	0.0068985	23.815	0.313	rgb(220,157,158)	1.4618	2,2
ELF4	RFX6	-0.0067605	26.475	-4.8E-01	rgb(113,154,235)	1.5145	None
EGR3	PCBP4	0.0062086	20.5	0	rgb(217,217,217)	1.3962	None
RFX3	HIC1	0.0062086	20.5	0	rgb(217,217,217)	1.3962	None
SMAD9	MPP1	0.0062086	20.5	0	rgb(217,217,217)	1.3962	None
TFCP2L1	REEP2	0.0062086	20.5	0	rgb(217,217,217)	1.3962	None
RFX3	FKBP7	0.0060706	25.69	0.188	rgb(219,181,181)	1.499	None
EGR3	LIN7A	0.0053808	22	0	rgb(217,217,217)	1.4259	None
GATA4	ABCA9	0.0053808	22	0	rgb(217,217,217)	1.4259	None
LMX1B	SCN1B	0.0053808	22	0	rgb(217,217,217)	1.4259	None
PBX1	GPC2	0.0053808	22	0	rgb(217,217,217)	1.4259	None
ZNF492	CCDC162P	0.0053808	22	0	rgb(217,217,217)	1.4259	None
RFX6	SYT5	0.0052428	26.47	0.468	rgb(222,128,129)	1.5144	None
HHEX	ICA1L	0.0048289	20.5	0	rgb(217,217,217)	1.3962	None
HSF2	COL10A1	0.0048289	20.5	0	rgb(217,217,217)	1.3962	None
MAFB	GPR155	0.0048289	20.5	0	rgb(217,217,217)	1.3962	None
HSF2	DLC1	0.004277	21	0	rgb(217,217,217)	1.4061	None
NHLH1	ANK2	0.004277	21	0	rgb(217,217,217)	1.4061	None
NR4A3	KCNAB2	0.004277	21	0	rgb(217,217,217)	1.4061	None
RORC	FGF2	0.004277	21	0	rgb(217,217,217)	1.4061	None
GATA6	PER2	0.0041391	24.285	0.287	rgb(220,162,163)	1.4711	None
AEBP1	DBC1	0.0040011	24.75	0.252	rgb(220,169,169)	1.4803	2,2
HIF1A	ADCY1	-0.0037252	26.465	-4.7E-01	rgb(116,155,235)	1.5143	None
RFX6	MAP6	0.0037252	26.465	0.467	rgb(222,128,129)	1.5143	None
ZFP28	APBB1	-0.0035872	23.755	-2.6E-01	rgb(161,183,227)	1.4606	None
KCNIP3	AK129879	0.0034492	20.5	0	rgb(217,217,217)	1.3962	2,2
SMAD9	RCOR2	0.0033113	20.5	0	rgb(217,217,217)	1.3962	None
ONECUT3	KIRREL3	-0.0031733	23.17	-1.7E-01	rgb(180,195,223)	1.449	None
TP73	ATP6V0E2	0.0030353	26.775	0.274	rgb(220,165,165)	1.5205	None
TEAD1	CADM2	-0.0027594	26.73	-2.3E-01	rgb(167,186,226)	1.5196	None
ZNF519	ATF7IP	0.0027594	26.73	0.23	rgb(220,173,174)	1.5196	None
EGR3	FAT3	0.0017936	22	0	rgb(217,217,217)	1.4259	None
ETS1	TCEAL1	0.0017936	22	0	rgb(217,217,217)	1.4259	None
FOXA1	FGF2	0.0017936	22	0	rgb(217,217,217)	1.4259	None
GATA2	TRPM2	-0.0017936	24.265	-2.6E-01	rgb(160,182,227)	1.4707	None
GATA4	ELAVL4	0.0017936	22	0	rgb(217,217,217)	1.4259	None
TEAD2	STX1A	0.0017936	22	0	rgb(217,217,217)	1.4259	None
ZFP82	SPAG8	0.0017936	22	0	rgb(217,217,217)	1.4259	None
RFX6	BOC	0.0016556	26.46	0.46	rgb(222,129,130)	1.5142	None
ZNF846	GRB14	0.0015177	24.73	0.228	rgb(220,173,174)	1.4799	None
RORC	SPON2	0.0013797	23.155	0.156	rgb(219,187,188)	1.4487	None
NKX2-2	AMPD3	0.0011038	21	0	rgb(217,217,217)	1.4061	None
TGIF2	AMPH	0.0011038	26.36	0.362	rgb(221,148,149)	1.5122	None
PDX1	NKTR	-0.00096578	26.635	-1.3E-01	rgb(188,199,222)	1.5177	None
NR4A3	RGS16	-0.00082781	23.775	-2.8E-01	rgb(157,180,228)	1.461	None
RFX2	NEGR1	0.00068985	23.17	0.171	rgb(219,184,185)	1.449	None
PBX1	TMEM61	0.00041391	22.5	0	rgb(217,217,217)	1.4358	None
TFCP2L1	JAKMIP2	0.00041391	22.5	0	rgb(217,217,217)	1.4358	None
HSF2	MALAT1	0.00027594	25.75	0.249	rgb(220,169,170)	1.5001	None
MAFB	CDKN1C	0.00013797	26.77	0.269	rgb(220,166,166)	1.5204	None
