TF	Target	SignedQuantile	combStability	combPCorr	stroke	stroke-width	stroke-dasharray
RFX6	MARCH4	0.9999	50.97	0.966	rgb(228, 32, 34)	2	None
RFX6	LOC728392	0.9998	50.965	0.963	rgb(228, 33, 35)	1.9999	None
RFX6	DUSP26	0.9997	50.965	0.966	rgb(228, 33, 35)	1.9999	None
RFX6	TOX	0.9996	50.96	0.957	rgb(228, 34, 36)	1.9998	None
RFX6	CA8	0.9995	50.955	0.955	rgb(228, 35, 36)	1.9997	None
RFX6	KCNH6	0.9994	50.945	0.945	rgb(227, 37, 38)	1.9995	None
ZNF514	BX641154	0.9993	50.945	0.946	rgb(227, 36, 38)	1.9995	2,2
NEUROG3	TUBB4A	0.99921	50.94	0.939	rgb(227, 38, 39)	1.9994	None
RFX6	SYT4	0.99901	50.94	0.943	rgb(227, 37, 39)	1.9994	None
RFX6	TMEM200A	0.99901	50.94	0.937	rgb(227, 38, 40)	1.9994	None
ZNF514	SNX29P2	0.99891	50.935	0.933	rgb(227, 39, 41)	1.9993	2,2
RFX6	BTBD17	0.99881	50.945	0.94	rgb(227, 37, 39)	1.9995	None
RFX6	KIF1A	0.99871	50.935	0.94	rgb(227, 38, 39)	1.9993	None
RFX6	GRIK3	0.99861	50.925	0.927	rgb(227, 40, 42)	1.9991	None
RFX6	LOC646903	0.99841	50.92	0.921	rgb(227, 41, 43)	1.999	None
RFX6	OR51E2	0.99841	50.92	0.917	rgb(227, 42, 44)	1.999	None
RFX6	SCGB1C1	0.99831	50.91	0.913	rgb(227, 43, 44)	1.9988	None
RFX6	GATA2	0.99821	50.91	0.907	rgb(227, 44, 46)	1.9988	None
RFX6	NKX2-2	0.99811	50.93	0.932	rgb(227, 39, 41)	1.9992	None
ZNF514	AX746764	0.99801	50.915	0.912	rgb(227, 43, 45)	1.9989	2,2
RFX6	LINC00643	0.99791	50.9	0.898	rgb(227, 46, 47)	1.9986	None
RFX6	IGFBPL1	0.99781	50.915	0.914	rgb(227, 42, 44)	1.9989	None
RFX6	OR51E1	0.99772	50.89	0.889	rgb(227, 47, 49)	1.9984	None
CCDC17	BX649158	0.99762	50.89	0.892	rgb(227, 47, 49)	1.9984	2,2
RFX6	PRR18	0.99752	50.895	0.894	rgb(227, 46, 48)	1.9985	None
RFX2	ARHGAP33	0.99742	50.89	0.888	rgb(227, 47, 49)	1.9984	None
RFX6	BHMT	0.99732	50.895	0.892	rgb(227, 47, 48)	1.9985	None
TFCP2L1	MLLT11	0.99722	50.875	0.034	rgb(217,211,211)	1.9981	None
RFX6	NAT8L	0.99712	50.875	0.877	rgb(227, 49, 51)	1.9981	None
ONECUT2	KLK12	-0.99702	50.87	-8.7E-01	rgb( 29,102,250)	1.998	None
ZNF514	LOC100288069	0.99692	50.87	0.871	rgb(227, 51, 52)	1.998	2,2
RFX6	PCSK1N	0.99682	50.865	0.862	rgb(226, 52, 54)	1.9979	None
CCDC17	CNTNAP4	0.99672	50.865	0.864	rgb(227, 52, 54)	1.9979	2,2
RFX6	NEUROD1	0.99662	50.9	0.901	rgb(227, 45, 47)	1.9986	None
ETS1	TBC1D8B	0.99652	50.865	0.027	rgb(217,212,212)	1.9979	None
RFX6	CACNG4	0.99642	50.855	0.855	rgb(226, 54, 55)	1.9977	None
HEYL	NEUROD2	0.99632	50.855	0.856	rgb(226, 53, 55)	1.9977	None
RFX6	AMER3	0.99623	50.84	0.84	rgb(226, 57, 58)	1.9974	None
ZNF117	AB007962	0.99613	50.845	0.843	rgb(226, 56, 58)	1.9975	2,2
ETV1	STXBP5L	0.99603	50.835	0.833	rgb(226, 58, 60)	1.9973	None
RFX6	CACNB2	0.99593	50.835	0.836	rgb(226, 57, 59)	1.9973	None
RFX6	ST18	0.99583	50.88	0.878	rgb(227, 49, 51)	1.9982	None
NEUROG3	FLT1	0.99573	50.835	0.835	rgb(226, 57, 59)	1.9973	None
FEV	TMEM151B	0.99563	50.825	0.824	rgb(226, 60, 61)	1.9971	None
RFX6	TAGLN3	0.99553	50.82	0.818	rgb(226, 61, 62)	1.997	None
RFX6	ELFN1	0.99543	50.815	0.82	rgb(226, 60, 62)	1.9969	None
NEUROG3	CELA3A	0.99533	50.84	0.836	rgb(226, 57, 59)	1.9974	None
RFX6	CELF3	0.99523	50.835	0.836	rgb(226, 57, 59)	1.9973	None
RFX6	TNP1	0.99513	50.815	0.816	rgb(226, 61, 63)	1.9969	None
NEUROG3	CABP7	0.99503	50.825	0.825	rgb(226, 59, 61)	1.9971	None
ZNF846	NAT14	-0.99493	50.83	-1.0E-01	rgb(195,204,221)	1.9972	None
TGIF2	CLCA1	0.99484	50.8	0.056	rgb(218,206,206)	1.9966	None
RFX6	LY6H	0.99474	50.8	0.803	rgb(226, 64, 65)	1.9966	None
CCDC17	THRA1	0.99464	50.8	0.8	rgb(226, 64, 66)	1.9966	2,2
ATOH8	TMEM8C	0.99454	50.81	0.809	rgb(226, 62, 64)	1.9968	2,2
ZBTB25	LOC399715	0.99444	50.795	0.791	rgb(226, 66, 67)	1.9965	2,2
CCDC17	AX747516	0.99434	50.79	0.788	rgb(226, 66, 68)	1.9964	2,2
ZNF514	AK128656	0.99424	50.81	0.81	rgb(226, 62, 64)	1.9968	2,2
SIM1	PAK3	0.99414	50.79	0.789	rgb(226, 66, 68)	1.9964	2,2
NHLH1	GGT5	0.99404	50.79	0.79	rgb(226, 66, 68)	1.9964	None
FOXA1	C7	0.99394	50.81	0.812	rgb(226, 62, 64)	1.9968	None
ONECUT2	KIAA1328	0.99384	50.78	0.777	rgb(226, 69, 70)	1.9962	None
ETV1	KCNB2	0.99374	50.78	0.782	rgb(226, 68, 69)	1.9962	None
ZNF846	EXOSC4	-0.99364	50.795	-8.5E-02	rgb(199,206,220)	1.9965	None
ATOH8	CTSL2	0.99354	50.78	0.778	rgb(226, 68, 70)	1.9962	2,2
ZNF514	AX748379	0.99344	50.77	0.77	rgb(225, 70, 72)	1.996	2,2
NEUROD2	NTRK1	0.99325	50.78	0.778	rgb(226, 68, 70)	1.9962	None
NEUROD2	PGA4	0.99325	50.78	0.783	rgb(226, 67, 69)	1.9962	None
NEUROG3	RFX6	0.99315	50.8	0.799	rgb(226, 64, 66)	1.9966	None
CCDC17	AX746775	0.99305	50.765	0.763	rgb(225, 71, 73)	1.9959	2,2
NEUROG3	NPSR1-AS1	0.99295	50.765	0.761	rgb(225, 72, 73)	1.9959	None
NEUROD1	ADORA2A	0.99285	50.795	0.134	rgb(218,191,192)	1.9965	None
ZNF846	BC010924	0.99275	50.76	0.01	rgb(217,215,215)	1.9958	2,2
RFX6	PDZRN3	0.99265	50.815	0.816	rgb(226, 61, 63)	1.9969	None
FOXA1	PPP1R14A	-0.99255	50.77	-7.7E-01	rgb( 51,116,246)	1.996	None
ZNF117	AK125871	0.99245	50.76	0.762	rgb(225, 72, 73)	1.9958	2,2
AKNA	AK091624	-0.99225	50.755	-7.6E-01	rgb( 52,117,246)	1.9957	2,2
NEUROG3	LINC00261	0.99225	50.755	0.754	rgb(225, 73, 75)	1.9957	None
NEUROG3	LINC00930	0.99215	50.77	0.773	rgb(225, 69, 71)	1.996	None
ETV1	SST	0.99205	50.78	0.78	rgb(226, 68, 70)	1.9962	None
HSF2	SERPINA10	-0.99195	50.75	-1.2E-01	rgb(191,201,222)	1.9956	None
ZNF846	SPDYE5	0.99186	50.76	0.1	rgb(218,198,198)	1.9958	None
ZNF846	BC029255	0.99176	50.76	0.113	rgb(218,195,196)	1.9958	2,2
NEUROG3	SUSD2	0.99166	50.74	0.738	rgb(225, 76, 78)	1.9954	None
ZNF514	AX746991	0.99156	50.76	0.758	rgb(225, 72, 74)	1.9958	2,2
ATOH8	AK056490	0.99146	50.74	0.739	rgb(225, 76, 77)	1.9954	2,2
ZNF514	UBE2Q2P2	0.99136	50.735	0.737	rgb(225, 76, 78)	1.9953	2,2
ZNF846	RUSC1-AS1	0.99126	50.75	0.102	rgb(218,197,198)	1.9956	None
RFX6	DPEP1	0.99116	50.745	0.744	rgb(225, 75, 76)	1.9955	None
NEUROG3	HSPB7	0.99106	50.735	0.733	rgb(225, 77, 78)	1.9953	None
NEUROG3	ASXL3	0.99096	50.73	0.031	rgb(217,211,211)	1.9952	None
NEUROG3	KIF19	0.99086	50.75	0.749	rgb(225, 74, 75)	1.9956	None
FEV	REEP2	0.99076	50.73	0.729	rgb(225, 78, 79)	1.9952	None
RORC	ADAMTSL2	-0.99066	50.73	-1.4E-01	rgb(187,199,222)	1.9952	None
CCDC17	AK055386	0.99046	50.725	0.726	rgb(225, 78, 80)	1.9951	2,2
FEV	FAM155B	0.99046	50.725	0.722	rgb(225, 79, 81)	1.9951	None
ZNF788	AX748371	0.99037	50.72	0.723	rgb(225, 79, 80)	1.995	2,2
NEUROG3	RASD1	0.99027	50.725	0.727	rgb(225, 78, 80)	1.9951	None
SIX2	PRKCG	0.99017	50.72	0.72	rgb(225, 79, 81)	1.995	None
RFX6	CNGA3	0.99007	50.72	0.72	rgb(225, 80, 81)	1.995	None
RFX6	SFRP1	0.98997	50.735	0.732	rgb(225, 77, 79)	1.9953	None
FOXA1	PLCXD3	0.98987	50.72	0.721	rgb(225, 79, 81)	1.995	None
FOXA1	TMOD2	0.98967	50.725	0.725	rgb(225, 79, 80)	1.9951	None
HSF2	IFI6	-0.98967	50.715	-7.1E-01	rgb( 62,123,244)	1.9949	None
ZNF846	CCR6	-0.98957	50.715	-2.5E-02	rgb(212,214,218)	1.9949	None
PRDM16	PRKXP1	0.98947	50.725	0.166	rgb(219,185,186)	1.9951	None
SPIB	PGA4	0.98927	50.705	0.701	rgb(225, 83, 84)	1.9947	None
ZNF382	KLHL32	-0.98927	50.705	-1.1E-01	rgb(194,203,221)	1.9947	None
ETV1	ISLR2	0.98917	50.705	0.705	rgb(225, 82, 84)	1.9947	None
DACH1	AK092048	0.98907	50.71	0.707	rgb(225, 82, 83)	1.9948	2,2
NEUROG3	SRSF12	0.98897	50.705	0.706	rgb(225, 82, 84)	1.9947	None
FOXJ1	TGIF2	-0.98888	50.705	-2.5E-01	rgb(163,184,227)	1.9947	None
RFX6	VWA5B2	0.98878	50.705	0.705	rgb(225, 82, 84)	1.9947	None
ARNT2	ZFP69B	-0.98868	50.695	-7.1E-02	rgb(201,208,220)	1.9946	None
PDX1	SPEG	0.98858	50.695	0.698	rgb(225, 84, 85)	1.9946	None
FOXA1	LEFTY1	0.98848	50.705	0.704	rgb(225, 82, 84)	1.9947	None
NEUROD2	ARHGAP9	0.98838	50.69	0.69	rgb(225, 85, 87)	1.9945	None
ZNF514	AB073649	0.98828	50.69	0.691	rgb(225, 85, 86)	1.9945	2,2
RFX6	CERS1	0.98818	50.69	0.689	rgb(225, 85, 87)	1.9945	None
NEUROG3	GGT5	0.98808	50.685	0.684	rgb(225, 86, 88)	1.9944	None
ARNT2	CELSR3	0.98798	50.69	0.018	rgb(217,214,214)	1.9945	None
HMBOX1	PLXNC1	0.98788	50.69	0.688	rgb(225, 86, 87)	1.9945	None
MAFB	CHGA	-0.98778	50.685	-1.4E-02	rgb(214,215,218)	1.9944	None
HSF2	CPB1	-0.98768	50.68	-6.8E-01	rgb( 70,127,243)	1.9943	None
E2F7	GGT5	0.98758	50.67	0.673	rgb(224, 89, 90)	1.9941	None
ETS1	SH3BP5-AS1	-0.98749	50.68	-6.8E-01	rgb( 69,127,243)	1.9943	None
FOXD4L5	ELAVL3	0.98739	50.675	0.675	rgb(224, 88, 89)	1.9942	None
ZNF846	SERTAD1	0.98729	50.675	0.153	rgb(219,188,188)	1.9942	None
NEUROG3	VASH2	0.98719	50.665	0.667	rgb(224, 90, 91)	1.994	None
FOXD4L5	IMPG1	0.98709	50.68	0.68	rgb(224, 87, 88)	1.9943	None
NEUROG3	CCND2	0.98699	50.675	0.675	rgb(224, 88, 90)	1.9942	None
ZBTB4	TBC1D3H	0.98689	50.67	0.67	rgb(224, 89, 90)	1.9941	2,2
ZNF846	FER1L4	0.98679	50.675	0.096	rgb(218,199,199)	1.9942	None
CCDC17	AK056490	0.98669	50.675	0.671	rgb(224, 89, 90)	1.9942	2,2
PDX1	NEFL	-0.98659	50.675	-6.8E-01	rgb( 70,128,243)	1.9942	None
FEV	FAM131B	0.98649	50.675	0.672	rgb(224, 89, 90)	1.9942	None
ASCL1	MANEAL	0.98639	50.67	0.669	rgb(224, 89, 91)	1.9941	None
RFX6	TAC1	0.98629	50.66	0.657	rgb(224, 91, 93)	1.9939	None
ZFP62	MIR29C	0.98619	50.67	0.671	rgb(224, 89, 90)	1.9941	2,2
ATOH8	FLJ00385	0.98609	50.65	0.652	rgb(224, 92, 94)	1.9937	2,2
NEUROG3	INSM1	0.986	50.62	0.621	rgb(224, 98,100)	1.9931	None
PBX3	SSTR5	0.9859	50.665	0.186	rgb(219,182,182)	1.994	None
ZNF788	CNTN3	0.9857	50.665	0.665	rgb(224, 90, 91)	1.994	2,2
ZNF846	STRC	-0.9857	50.665	-7.8E-03	rgb(215,216,217)	1.994	None
ZNF846	PLEKHH2	0.9856	50.66	0.172	rgb(219,184,185)	1.9939	None
NEUROG3	DTX3	0.9855	50.665	0.663	rgb(224, 90, 92)	1.994	None
GRHL3	PCDHB16	0.9854	50.655	0.657	rgb(224, 92, 93)	1.9938	2,2
SIM1	CRISPLD1	0.9853	50.66	0.662	rgb(224, 91, 92)	1.9939	2,2
TFCP2L1	TSPAN7	0.9852	50.655	0.097	rgb(218,198,199)	1.9938	None
LMX1A	RGS11	0.9851	50.645	0.251	rgb(220,169,170)	1.9936	None
GRHL3	LIMD2	0.985	50.65	0.65	rgb(224, 93, 94)	1.9937	2,2
HEYL	IGHG1	0.9849	50.645	0.645	rgb(224, 94, 95)	1.9936	2,2
MAFA	BCRP3	0.9848	50.645	0.153	rgb(219,188,188)	1.9936	None
ZNF117	AX746834	0.9847	50.635	0.638	rgb(224, 95, 96)	1.9934	2,2
RFX6	GRIN1	0.9846	50.62	0.623	rgb(224, 98, 99)	1.9931	None
GATA4	GPR162	0.98451	50.645	0.644	rgb(224, 94, 95)	1.9936	None
ETS1	TAF9B	0.98441	50.65	0.043	rgb(217,209,209)	1.9937	None
ZNF514	LOC400927	0.98431	50.385	0.886	rgb(227, 48, 50)	1.9884	2,2
GATA4	MYEF2	-0.98421	50.64	-6.4E-01	rgb( 79,133,241)	1.9935	None
PDX1	NAT14	-0.98411	50.645	-6.6E-02	rgb(203,208,220)	1.9936	None
LMX1A	SERPINA10	-0.98401	50.645	-2.6E-02	rgb(211,214,218)	1.9936	None
ATOH8	LOC400891	0.98391	50.645	0.647	rgb(224, 93, 95)	1.9936	2,2
KCNIP3	AK092251	0.98381	50.64	0.639	rgb(224, 95, 96)	1.9935	2,2
GRHL3	LOC729683	0.98371	50.64	0.64	rgb(224, 95, 96)	1.9935	2,2
POU2F2	STMND1	0.98361	50.32	0.818	rgb(226, 61, 62)	1.9871	None
ZNF788	AK123889	0.98351	50.63	0.628	rgb(224, 97, 98)	1.9933	2,2
PLAG1	SLC7A4	-0.98341	50.635	-6.3E-01	rgb( 80,134,241)	1.9934	None
GATA4	TAF9B	-0.98331	50.575	-5.8E-01	rgb( 92,141,239)	1.9922	None
ZNF788	AK126180	0.98321	50.635	0.636	rgb(224, 96, 97)	1.9934	2,2
ATOH8	BAI1	0.98302	50.62	0.619	rgb(224, 99,100)	1.9931	2,2
NEUROG3	SPON2	0.98302	50.635	0.637	rgb(224, 95, 97)	1.9934	None
CCDC17	MIR29C	0.98292	50.635	0.632	rgb(224, 96, 98)	1.9934	2,2
RFX6	INSRR	0.98282	50.615	0.615	rgb(224, 99,101)	1.993	None
ETV1	RFX6	0.98272	50.635	0.635	rgb(224, 96, 97)	1.9934	None
NEUROG3	GDF10	0.98262	50.38	0.881	rgb(227, 49, 50)	1.9883	None
NEUROG3	SCHIP1	-0.98252	50.615	-6.1E-01	rgb( 84,136,240)	1.993	None
SMAD9	NCS1	0.98242	50.62	0.625	rgb(224, 98, 99)	1.9931	None
ZNF492	ANKRD20A9P	0.98232	50.59	0.587	rgb(223,105,106)	1.9925	2,2
PAX6	CD200	-0.98222	50.57	-2.5E-01	rgb(163,184,227)	1.9921	None
RFX6	LOC100506585	0.98212	50.62	0.62	rgb(224, 99,100)	1.9931	None
ZNF514	FLJ45340	0.98202	50.285	0.786	rgb(226, 67, 68)	1.9864	2,2
CCDC17	FAM101B	0.98192	50.62	0.622	rgb(224, 98, 99)	1.9931	2,2
DACH1	CSH2	0.98182	50.57	0.567	rgb(223,109,110)	1.9921	2,2
FOXD4L5	KCNQ1OT1	0.98172	50.605	0.608	rgb(224,101,102)	1.9928	None
NEUROD1	DACT1	0.98162	50.58	0.221	rgb(219,175,175)	1.9923	None
HLF	PRRT2	-0.98153	50.62	-3.1E-02	rgb(210,213,218)	1.9931	None
ZNF846	UCKL1-AS1	0.98143	50.61	0.088	rgb(218,200,200)	1.9929	None
FOXA1	UTY	0.98123	50.62	0.619	rgb(224, 99,100)	1.9931	None
ZNF514	FAM95B1	0.98123	50.305	0.804	rgb(226, 63, 65)	1.9868	2,2
ETV1	GNAO1	0.98113	50.605	0.606	rgb(224,101,102)	1.9928	None
NEUROG3	TRAM1L1	0.98093	50.565	0.565	rgb(223,109,110)	1.992	None
NPAS3	HRH3	0.98093	50.59	0.591	rgb(224,104,105)	1.9925	2,2
E2F7	TMEM169	-0.98083	50.58	-5.8E-01	rgb( 90,140,239)	1.9923	None
LHX1	SAMD14	-0.98073	50.615	-6.1E-01	rgb( 84,136,240)	1.993	None
CCDC17	FAM153A	-0.98053	50.615	-6.2E-01	rgb( 83,136,240)	1.993	2,2
LHX1	TUBB2B	-0.98053	50.615	-6.1E-01	rgb( 84,136,240)	1.993	None
NR4A2	LINC00494	-0.98043	50.61	-3.9E-02	rgb(208,212,219)	1.9929	None
SPIB	MYBPC2	0.98033	50.6	0.11	rgb(218,196,196)	1.9927	None
ZNF514	AL137655	0.98023	50.25	0.749	rgb(225, 74, 76)	1.9857	2,2
LMX1B	CCR6	-0.98014	50.585	-5.9E-01	rgb( 90,140,239)	1.9924	None
ZNF514	AF420437	0.98004	50.365	0.865	rgb(227, 52, 54)	1.988	2,2
ZNF382	PGM5	-0.97994	50.24	-1.9E-01	rgb(176,192,224)	1.9855	None
CCDC17	AX746771	0.97984	50.605	0.607	rgb(224,101,102)	1.9928	2,2
FOXD4L5	OLFML2B	-0.97974	50.605	-6.0E-01	rgb( 86,137,240)	1.9928	None
ETV1	USP41	0.97964	50.255	0.752	rgb(225, 73, 75)	1.9858	None
NPAS3	KAL1	0.97954	50.605	0.606	rgb(224,101,103)	1.9928	2,2
NEUROG3	NCAM1	0.97944	50.58	0.164	rgb(219,186,186)	1.9923	None
SMAD9	EDIL3	0.97934	50.6	0.601	rgb(224,102,103)	1.9927	None
FOXD4L5	PLAG1	0.97924	50.565	0.566	rgb(223,109,110)	1.992	None
NR4A2	ZNF117	-0.97914	50.255	-1.0E-01	rgb(194,203,221)	1.9858	None
ZNF382	EVL	-0.97904	50.585	-1.3E-01	rgb(188,199,222)	1.9924	None
ZNF788	GOLGA6L9	0.97894	50.595	0.595	rgb(224,103,104)	1.9926	2,2
E2F7	CLSPN	0.97884	50.6	0.602	rgb(224,102,103)	1.9927	None
JAZF1	AK025975	-0.97874	50.57	-5.7E-01	rgb( 93,142,239)	1.9921	2,2
ONECUT2	UTS2B	0.97865	50.26	0.76	rgb(225, 72, 73)	1.9859	None
GATA4	SFMBT2	-0.97855	50.535	-5.3E-01	rgb(101,147,237)	1.9914	None
ZNF846	TMEM45A	0.97845	50.56	0.167	rgb(219,185,185)	1.9919	None
HLF	DOK6	0.97835	50.55	0.19	rgb(219,181,181)	1.9917	None
HSF2	CTTNBP2	0.97825	50.595	0.592	rgb(224,104,105)	1.9926	None
ZNF846	MALAT1	-0.97815	50.265	-5.3E-02	rgb(205,210,219)	1.986	None
RFX6	CACNA1H	0.97805	50.26	0.76	rgb(225, 72, 73)	1.9859	None
ZNF846	CABP4	0.97795	50.475	0.295	rgb(220,161,161)	1.9902	None
CCDC17	AK057596	0.97785	50.59	0.589	rgb(223,105,106)	1.9925	2,2
MAFA	COL1A2	0.97775	50.26	0.762	rgb(225, 72, 73)	1.9859	None
SIM1	BC042451	0.97765	50.55	0.549	rgb(223,112,113)	1.9917	2,2
ETS1	SOX4	0.97755	50.235	0.735	rgb(225, 77, 78)	1.9854	None
ETV1	ADAMTSL2	0.97745	50.585	0.584	rgb(223,105,107)	1.9924	None
ZNF514	FOXD4L2	0.97735	50.57	0.569	rgb(223,108,109)	1.9921	2,2
TGIF2	CHGA	0.97725	50.19	0.691	rgb(225, 85, 86)	1.9845	None
GATA4	CLGN	0.97716	50.58	0.05	rgb(218,207,207)	1.9923	None
ZNF846	ENTPD1	0.97706	50.575	0.077	rgb(218,202,202)	1.9922	None
NPAS3	DQ588732	0.97696	50.57	0.567	rgb(223,109,110)	1.9921	2,2
GATA4	SCN3B	0.97686	50.535	0.534	rgb(223,115,116)	1.9914	None
ZNF846	GOLGA7B	-0.97676	50.25	-6.0E-02	rgb(204,209,219)	1.9857	None
POU5F1	CACNA2D1	0.97666	50.24	0.069	rgb(218,204,204)	1.9855	None
ZNF846	FUT1	-0.97656	50.555	-1.3E-01	rgb(188,200,222)	1.9918	None
TEAD1	RFX3	0.97646	50.345	0.085	rgb(218,201,201)	1.9876	None
PAX6	GPR148	-0.97636	50.525	-2.0E-01	rgb(173,190,225)	1.9912	None
ARX	TAGLN3	0.97626	50.57	0.05	rgb(218,208,208)	1.9921	None
NHLH1	COL16A1	0.97616	50.325	0.825	rgb(226, 60, 61)	1.9872	None
NEUROD2	STXBP1	0.97606	50.19	0.692	rgb(225, 85, 86)	1.9845	None
NHLH1	POM121L9P	0.97586	50.32	0.817	rgb(226, 61, 63)	1.9871	None
SPIB	IL17C	0.97586	50.57	0.041	rgb(217,209,209)	1.9921	None
LHX1	CORO2B	-0.97576	50.565	-5.6E-01	rgb( 94,142,238)	1.992	None
ASCL1	ACE	0.97567	50.49	0.49	rgb(222,123,124)	1.9905	None
MYSM1	GPM6B	0.97557	50.55	0.547	rgb(223,113,114)	1.9917	2,2
NEUROG3	DACT1	-0.97547	50.43	-4.3E-01	rgb(124,160,233)	1.9893	None
NEUROG3	NKD1	0.97537	50.09	0.589	rgb(223,105,106)	1.9826	None
ETV1	CRMP1	0.97527	50.52	0.519	rgb(223,118,119)	1.9911	None
E2F7	CLDN6	-0.97517	50.16	-6.6E-01	rgb( 74,130,242)	1.984	None
TGIF2	BEND5	0.97507	50.485	0.485	rgb(222,124,125)	1.9904	None
E2F7	CFH	-0.97497	50.41	-4.1E-01	rgb(128,163,233)	1.9889	2,2
RFX6	JAM3	0.97487	50.005	0.509	rgb(223,120,121)	1.9809	None
ZNF514	AX747658	0.97477	50.255	0.754	rgb(225, 73, 74)	1.9858	2,2
NKX6-1	ST6GALNAC5	0.97467	50.52	0.52	rgb(223,118,119)	1.9911	None
NEUROG3	LRRN2	0.97457	50.225	0.728	rgb(225, 78, 80)	1.9852	None
CCDC17	BC040894	0.97447	50.175	0.676	rgb(224, 88, 89)	1.9842	2,2
ARNT2	TAF9B	0.97437	50.555	0.004	rgb(217,216,216)	1.9918	None
ETV1	ITGBL1	0.97427	50.555	0.555	rgb(223,111,112)	1.9918	None
MAFA	NKX6-1	0.97418	50.52	0.161	rgb(219,186,186)	1.9911	None
HES4	GRASP	0.97408	50.555	0.551	rgb(223,112,113)	1.9918	None
GATA4	PRELP	-0.97398	50.49	-4.9E-01	rgb(111,153,236)	1.9905	None
NEUROG3	CNTN3	-0.97388	50.23	-7.3E-01	rgb( 59,121,245)	1.9853	None
MYT1	PTCHD2	0.97378	50.55	0.549	rgb(223,112,113)	1.9917	2,2
LHX1	UNC93A	-0.97368	50.54	-5.4E-01	rgb( 99,145,238)	1.9915	None
NR4A2	POU6F1	0.97358	50.53	0.53	rgb(223,116,117)	1.9913	None
E2F7	CSF1R	0.97348	50.16	0.657	rgb(224, 92, 93)	1.984	None
FOXA1	PODXL2	0.97338	50.05	0.551	rgb(223,112,113)	1.9818	None
ELF4	MYBPC2	-0.97328	50.29	-7.9E-01	rgb( 46,113,247)	1.9865	None
CCDC17	ADAM20P1	0.97318	50.525	0.525	rgb(223,117,118)	1.9912	2,2
CCDC17	BC042825	0.97308	50.535	0.533	rgb(223,115,116)	1.9914	2,2
SIX2	SVOP	0.97298	50.19	0.691	rgb(225, 85, 86)	1.9845	None
TFCP2L1	ANKRD65	-0.97288	50.525	-1.2E-01	rgb(192,202,221)	1.9912	None
FOXJ1	ECE2	-0.97279	50.54	-2.9E-02	rgb(211,213,218)	1.9915	None
ETV1	WDR17	0.97269	50.245	0.746	rgb(225, 74, 76)	1.9856	None
NEUROD2	SH3RF3	0.97259	50.445	0.448	rgb(222,131,132)	1.9896	None
ATF5	IL17C	-0.97249	50.105	-2.9E-01	rgb(155,179,228)	1.9829	None
NEUROG3	AADAT	0.97239	50.51	0.512	rgb(223,119,120)	1.9909	None
ZFP62	AK131337	0.97229	50.53	0.533	rgb(223,115,116)	1.9913	2,2
PAX6	PLXNC1	-0.97219	50.535	-6.6E-02	rgb(203,208,220)	1.9914	None
RFX6	GDF11	0.97209	50.53	0.534	rgb(223,115,116)	1.9913	None
MYSM1	BMS1P6	0.97189	50.1	0.596	rgb(224,103,104)	1.9828	2,2
RFX6	HEPACAM2	0.97189	50.505	0.504	rgb(223,121,122)	1.9908	None
SMAD9	CPE	0.97179	50.535	0.535	rgb(223,115,116)	1.9914	None
ASCL1	KCNB2	0.97169	50.1	0.601	rgb(224,102,103)	1.9828	None
NEUROD1	ADAMTS2	0.97159	49.995	0.422	rgb(222,136,137)	1.9807	None
TFCP2L1	MAD2L2	0.97149	50.16	0.118	rgb(218,194,195)	1.984	None
SIM1	AF070581	0.97139	50.17	0.672	rgb(224, 89, 90)	1.9841	2,2
MAFA	CCK	0.9713	50.165	0.666	rgb(224, 90, 91)	1.984	None
ZNF846	CCDC85B	0.9712	50.4	0.281	rgb(220,163,164)	1.9887	None
ZNF514	DQ598910	0.9711	49.795	0.797	rgb(226, 65, 66)	1.9767	2,2
EGR3	SPIB	-0.971	50.18	-5.9E-02	rgb(204,209,219)	1.9843	None
ZNF514	LOC151009	0.9709	50.205	0.707	rgb(225, 82, 83)	1.9848	2,2
INSM1	PGA5	0.9708	49.84	0.148	rgb(219,189,189)	1.9776	None
CCDC17	BX537634	0.9707	50.525	0.524	rgb(223,117,118)	1.9912	2,2
NEUROD2	ZCCHC12	0.9706	50.48	0.481	rgb(222,125,126)	1.9903	2,2
ETV1	NHSL2	0.9705	50.235	0.737	rgb(225, 76, 78)	1.9854	None
NEUROG3	CLPS	0.9704	50.2	0.702	rgb(225, 83, 84)	1.9847	None
ZNF846	SPDYE1	-0.9703	50.52	-1.2E-03	rgb(217,217,217)	1.9911	None
NEUROD1	LOC100128288	-0.9702	50.46	-1.9E-01	rgb(176,192,224)	1.9899	None
FOXA1	FOXP2	0.9701	50.09	0.59	rgb(223,104,105)	1.9826	None
LHX1	RPS15AP10	0.97	50.145	0.641	rgb(224, 95, 96)	1.9837	None
TEAD1	TMOD2	-0.9699	49.78	-1.3E-01	rgb(188,199,222)	1.9764	None
GATA2	NDRG4	0.96981	50.155	0.658	rgb(224, 91, 93)	1.9839	None
SOX4	VASH2	0.96971	50.175	0.672	rgb(224, 89, 90)	1.9842	None
MAFA	CCDC146	0.96961	50.18	0.043	rgb(217,209,209)	1.9843	None
LMX1A	MLN	-0.96951	50.5	-1.1E-01	rgb(194,203,221)	1.9907	None
POU5F1	EGR3	-0.96941	50.515	-1.4E-02	rgb(214,215,218)	1.991	None
NEUROG3	HEYL	0.96931	50.07	0.571	rgb(223,108,109)	1.9822	None
POU5F1	PDGFD	0.96921	50.13	0.628	rgb(224, 97, 98)	1.9834	None
NEUROD2	FAM171A2	0.96911	50.145	0.642	rgb(224, 94, 96)	1.9837	None
FEV	GJD2	0.96901	49.98	0.377	rgb(221,145,146)	1.9804	None
ZFP28	SLC38A5	-0.96891	50.51	-5.1E-01	rgb(106,150,236)	1.9909	None
EBF3	CFC1	0.96881	49.8	0.072	rgb(218,203,203)	1.9768	None
TFCP2L1	RUNDC3A	0.96871	50.225	0.063	rgb(218,205,205)	1.9852	None
ZFP82	CBX2	0.96861	50.475	0.474	rgb(222,126,127)	1.9902	None
ZNF514	LOC100190986	0.96851	49.79	0.789	rgb(226, 66, 68)	1.9766	2,2
PDX1	CD52	-0.96841	50.505	-5.1E-01	rgb(107,150,236)	1.9908	None
SIX2	SLC35F3	0.96832	50.175	0.677	rgb(224, 88, 89)	1.9842	None
NEUROG3	SEC11C	0.96822	50.16	0.66	rgb(224, 91, 92)	1.984	None
SIX2	BEND5	-0.96812	50.505	-1.8E-02	rgb(213,215,218)	1.9908	None
GATA2	CPB1	0.96792	50.225	0.723	rgb(225, 79, 80)	1.9852	None
ZNF846	FDPSP2	0.96792	50.085	0.202	rgb(219,178,179)	1.9825	None
GATA4	STMN4	0.96782	50.11	0.16	rgb(219,186,187)	1.983	None
NHLH1	TP73	0.96762	50.485	0.484	rgb(222,125,125)	1.9904	None
RFX6	LOC100652999	0.96762	50.485	0.095	rgb(218,199,199)	1.9904	None
FOXA1	CBX4	-0.96752	50.16	-6.6E-01	rgb( 74,130,242)	1.984	None
LMX1B	STXBP1	0.96742	50.135	0.634	rgb(224, 96, 97)	1.9835	None
CSRNP3	LINC00340	0.96732	50.5	0.498	rgb(222,122,123)	1.9907	2,2
HSF2	ATF6	0.96722	50.24	0.741	rgb(225, 75, 77)	1.9855	None
NEUROD2	MAP1A	0.96712	50.43	0.433	rgb(222,134,135)	1.9893	None
GATA4	GREB1	-0.96702	50.5	-5.0E-01	rgb(108,151,236)	1.9907	None
ZNF514	VN1R1	0.96692	49.865	0.865	rgb(227, 52, 54)	1.9781	2,2
GATA4	TRIM35	0.96683	50.08	0.579	rgb(223,106,108)	1.9824	None
ETV1	SYN1	0.96653	50.495	0.496	rgb(222,122,123)	1.9906	None
MYT1	SEPT3	0.96653	50.495	0.496	rgb(222,122,123)	1.9906	2,2
SOX4	PROX1	0.96653	49.745	0.748	rgb(225, 74, 76)	1.9757	None
FOXA1	PEX5L	0.96643	49.865	0.864	rgb(227, 52, 54)	1.9781	None
ASCL2	REEP2	0.96633	50.165	0.662	rgb(224, 91, 92)	1.984	None
ASCL1	CADM3	0.96613	50.495	0.497	rgb(222,122,123)	1.9906	None
GATA4	ID4	0.96613	50.495	0.496	rgb(222,122,123)	1.9906	None
GATA4	PLTP	-0.96593	50.495	-4.9E-01	rgb(110,152,236)	1.9906	None
HSF2	GPR148	-0.96593	50.43	-1.9E-01	rgb(176,192,224)	1.9893	None
TFCP2L1	EID1	0.96583	50.165	0.018	rgb(217,214,214)	1.984	None
MAFB	NKX6-1	0.96573	50.045	0.244	rgb(220,170,171)	1.9817	None
PDX1	SMTNL2	0.96563	50.1	0.598	rgb(224,103,104)	1.9828	None
GATA4	SCHIP1	-0.96544	50.46	-4.6E-01	rgb(117,156,234)	1.9899	None
SMAD9	PGA4	0.96544	50.42	0.421	rgb(222,137,137)	1.9891	None
ZNF846	PNISR	0.96534	50.105	0.123	rgb(218,193,194)	1.9829	None
PBX1	PRR7	-0.96524	49.75	-7.5E-01	rgb( 54,118,246)	1.9758	None
SETBP1	PCDHB9	0.96514	50.485	0.485	rgb(222,124,125)	1.9904	2,2
ETV1	ENPP2	0.96504	50.175	0.676	rgb(224, 88, 89)	1.9842	None
ZNF846	TPGS1	-0.96494	49.755	-1.1E-01	rgb(194,203,221)	1.9759	None
NEUROD2	HES6	0.96484	50.43	0.431	rgb(222,135,136)	1.9893	None
RFX6	SLC16A12	0.96474	49.69	0.69	rgb(225, 85, 87)	1.9746	None
E2F7	ADM5	0.96464	49.915	0.385	rgb(221,144,144)	1.9791	None
NPAS3	PGM5P2	0.96454	50.14	0.64	rgb(224, 95, 96)	1.9836	2,2
PDX1	HHEX	0.96444	50.105	0.605	rgb(224,102,103)	1.9829	None
ZNF846	MRPL34	-0.96434	49.745	-1.1E-01	rgb(192,202,221)	1.9757	None
PAX6	MCOLN3	0.96424	50.215	0.083	rgb(218,201,201)	1.985	None
EGR3	ZG16	-0.96414	50.13	-6.3E-01	rgb( 81,134,241)	1.9834	None
NEUROD2	AKR1B1	0.96404	50.335	0.275	rgb(220,164,165)	1.9874	None
TGIF2	ATF5	0.96395	50.43	0.152	rgb(219,188,188)	1.9893	None
NEUROD2	CLPS	0.96385	50.47	0.471	rgb(222,127,128)	1.9901	None
MAFA	PGA3	0.96375	50.035	0.536	rgb(223,115,116)	1.9815	None
RORC	HSPA6	0.96365	49.78	0.779	rgb(226, 68, 70)	1.9764	None
TFCP2L1	LSP1	0.96355	50.445	0.116	rgb(218,195,195)	1.9896	None
ATOH8	FAM65C	0.96345	49.905	0.403	rgb(221,140,141)	1.9789	2,2
CCDC17	CES1	0.96335	50.135	0.636	rgb(224, 96, 97)	1.9835	2,2
SIX2	SMTNL2	-0.96325	50.12	-6.2E-01	rgb( 83,135,240)	1.9832	None
ZBTB25	AX747179	0.96315	50.15	0.649	rgb(224, 93, 94)	1.9838	2,2
TEAD1	ATF7IP	0.96305	49.74	0.743	rgb(225, 75, 77)	1.9756	None
ETV1	UNC79	0.96295	50.445	0.447	rgb(222,132,133)	1.9896	None
PBX3	FABP5	0.96285	50.42	0.424	rgb(222,136,137)	1.9891	None
RFX6	GPR155	0.96275	49.68	0.679	rgb(224, 87, 89)	1.9744	None
TFCP2L1	SCT	0.96265	49.67	0.213	rgb(219,176,177)	1.9742	None
ZFP62	FW340024	0.96246	50.445	0.445	rgb(222,132,133)	1.9896	2,2
ZNF518A	PFN1P2	0.96246	49.665	0.662	rgb(224, 91, 92)	1.9741	2,2
TFCP2L1	ADAMTSL2	0.96236	50.085	0.127	rgb(218,193,193)	1.9825	None
FOXD4L5	COL6A4P2	0.96226	50.455	0.456	rgb(222,130,131)	1.9898	None
ETV1	B3GAT1	0.96206	50.46	0.461	rgb(222,129,130)	1.9899	None
NEUROG3	EDIL3	0.96206	50.44	0.089	rgb(218,200,200)	1.9895	None
PDX1	SPP1	0.96196	50.455	0.455	rgb(222,130,131)	1.9898	None
ETV1	MAP1B	0.96186	50.105	0.607	rgb(224,101,102)	1.9829	None
FEV	SPP1	0.96176	50.135	0.633	rgb(224, 96, 97)	1.9835	None
ZNF117	TTC18	0.96166	50.45	0.448	rgb(222,131,132)	1.9897	2,2
SOX4	PPP1R3C	0.96156	50.33	0.33	rgb(221,154,155)	1.9873	None
TFCP2L1	PCDHB10	-0.96146	50.295	-2.5E-01	rgb(162,184,227)	1.9866	None
EGR3	RET	-0.96136	50.03	-5.3E-01	rgb(103,147,237)	1.9814	None
SMAD9	CD70	-0.96126	50.18	-6.8E-01	rgb( 69,127,243)	1.9843	None
ZNF788	SHISA9	0.96116	50.44	0.443	rgb(222,132,133)	1.9895	2,2
ATOH8	TMEM59L	0.96106	50.43	0.429	rgb(222,135,136)	1.9893	2,2
GATA6	GCG	0.96097	50.165	0.665	rgb(224, 90, 91)	1.984	None
ZNF514	PFN1P2	0.96087	50.305	0.304	rgb(220,159,160)	1.9868	2,2
ETV1	XKR7	0.96077	50.42	0.422	rgb(222,136,137)	1.9891	None
NEUROD2	CHRNA1	0.96067	49.61	0.608	rgb(224,101,102)	1.9731	None
ZFP62	AK055910	0.96057	50.42	0.422	rgb(222,136,137)	1.9891	2,2
ARX	CPT1C	0.96047	49.635	0.186	rgb(219,182,182)	1.9735	None
EGR3	UNC13A	-0.96037	49.995	-2.0E-01	rgb(173,190,225)	1.9807	None
LMX1B	LGR6	0.96027	50.12	0.619	rgb(224, 99,100)	1.9832	None
LMX1B	LRRC49	0.96017	49.565	0.565	rgb(223,109,110)	1.9722	None
TP73	NPTXR	0.96007	50.39	0.393	rgb(221,142,143)	1.9885	None
MYSM1	BC005905	0.95997	49.275	0.776	rgb(226, 69, 70)	1.9664	2,2
RFX6	MYT1	0.95977	49.29	0.787	rgb(226, 67, 68)	1.9667	None
TFCP2L1	PCDHB9	0.95977	50.405	0.063	rgb(218,205,205)	1.9888	None
NEUROD1	LINC00494	0.95967	50.415	0.419	rgb(222,137,138)	1.989	None
NEUROG3	MAPK4	0.95957	49.27	0.769	rgb(225, 70, 72)	1.9663	None
NEUROG3	OLFML2B	0.95948	49.46	0.429	rgb(222,135,136)	1.9701	None
NEUROG3	DNAJC12	0.95938	49.285	0.781	rgb(226, 68, 69)	1.9666	None
NEUROD2	PAPPA2	0.95928	49.66	0.131	rgb(218,192,192)	1.974	None
LMX1B	CXXC4	0.95918	50.095	0.594	rgb(224,103,105)	1.9827	None
LMX1B	COLQ	-0.95908	50.065	-7.1E-02	rgb(202,208,220)	1.9821	None
TFCP2L1	PCDHB16	0.95898	50.38	0.093	rgb(218,199,199)	1.9883	None
ZNF514	AK024248	0.95888	50.15	0.649	rgb(224, 93, 94)	1.9838	2,2
SOX4	FABP5	-0.95878	50.05	-5.5E-01	rgb( 98,145,238)	1.9818	None
ZNF514	HV535487	0.95868	49.57	0.567	rgb(223,109,110)	1.9723	2,2
LHX1	LRRC36	-0.95858	50.1	-6.0E-01	rgb( 86,137,240)	1.9828	None
SOX4	BGN	-0.95848	49.62	-6.2E-01	rgb( 83,135,241)	1.9733	None
FOXA1	KIAA1549	0.95838	50.12	0.618	rgb(224, 99,100)	1.9832	None
TFCP2L1	BGN	-0.95828	50.025	-1.2E-01	rgb(190,201,222)	1.9813	None
LMX1B	COL22A1	0.95818	50.05	0.552	rgb(223,112,113)	1.9818	None
MAFA	VSTM2L	0.95809	50.06	0.565	rgb(223,109,110)	1.982	None
PDX1	TP73	-0.95799	50.025	-5.2E-01	rgb(104,148,237)	1.9813	None
ZNF788	AX746775	0.95789	50.005	0.506	rgb(223,120,121)	1.9809	2,2
GRHL3	CR627206	-0.95779	49.6	-6.0E-01	rgb( 86,138,240)	1.9729	2,2
ZNF514	BC040733	0.95769	49.355	0.855	rgb(226, 54, 55)	1.968	2,2
ZNF788	UNQ2560	0.95759	50.065	0.563	rgb(223,109,111)	1.9821	2,2
PAX6	CXCL12	0.95749	49.915	0.411	rgb(222,138,139)	1.9791	None
ONECUT3	STARD4-AS1	-0.95739	50.12	-1.1E-01	rgb(193,202,221)	1.9832	None
NEUROG3	ENTPD1	0.95729	50.075	0.575	rgb(223,107,108)	1.9823	None
ZNF846	ZRANB2-AS1	-0.95719	50.36	-3.5E-02	rgb(209,212,218)	1.9879	None
HSF2	IFI44L	0.95709	50.33	0.102	rgb(218,197,198)	1.9873	None
ZNF514	OCLM	0.95699	50.08	0.582	rgb(223,106,107)	1.9824	2,2
PAX6	ST8SIA3	0.95689	49.215	0.176	rgb(219,183,184)	1.9652	None
ASCL2	GPC2	0.95679	50.12	0.619	rgb(224, 99,100)	1.9832	None
ATF6	GPRASP2	0.95669	50.025	0.523	rgb(223,117,118)	1.9813	None
ZNF846	ZNF519	0.9566	49.195	0.214	rgb(219,176,176)	1.9648	None
ZNF788	AK096592	0.9565	49.965	0.465	rgb(222,128,129)	1.9801	2,2
ASCL1	KCNF1	-0.9564	49.425	-3.7E-01	rgb(136,168,231)	1.9694	None
NEUROG3	ZDHHC8P1	0.9563	49.205	0.704	rgb(225, 82, 84)	1.965	None
RFX3	NEFL	0.9562	50.06	0.02	rgb(217,213,213)	1.982	None
MYSM1	AX748379	0.9561	50.33	0.329	rgb(221,154,155)	1.9873	2,2
ZNF846	NEAT1	-0.956	50.305	-8.2E-02	rgb(199,206,220)	1.9868	None
FOXA1	OLFML3	0.9559	50.015	0.516	rgb(223,118,119)	1.9811	None
ZFP82	SMARCA1	0.9558	50.05	0.548	rgb(223,112,113)	1.9818	None
LMX1B	TUBB2B	0.9557	50.07	0.567	rgb(223,109,110)	1.9822	None
ETV1	GFRA1	0.9556	49.24	0.74	rgb(225, 76, 77)	1.9657	None
NPAS3	PCDHB14	0.9555	50.005	0.506	rgb(223,120,121)	1.9809	2,2
ONECUT2	HNF1A-AS1	0.9554	49.45	0.449	rgb(222,131,132)	1.9699	None
NEUROG3	ENPP2	0.9553	49.075	0.576	rgb(223,107,108)	1.9625	None
ZNF788	CATSPER2	0.9552	49.97	0.468	rgb(222,128,129)	1.9802	2,2
ZNF788	AK130076	0.95511	50	0.501	rgb(223,121,122)	1.9808	2,2
GATA2	CNGA4	0.95501	50.05	0.551	rgb(223,112,113)	1.9818	None
FOXD4L5	GABRE	0.95491	50.005	0.507	rgb(223,120,121)	1.9809	None
GATA4	COL12A1	0.95481	49.995	0.492	rgb(222,123,124)	1.9807	None
TEAD1	GRASP	-0.95471	50.02	-3.7E-02	rgb(209,212,218)	1.9812	None
PDX1	CLSPN	-0.95451	49.295	-8.0E-01	rgb( 44,112,247)	1.9668	None
RORC	MYBPC2	0.95451	49.62	0.624	rgb(224, 98, 99)	1.9733	None
HSF2	WNK3	0.95441	50	0.078	rgb(218,202,202)	1.9808	None
NEUROG3	EPHB3	0.95431	49.565	0.565	rgb(223,109,110)	1.9722	None
ONECUT2	MIPOL1	0.95421	49.655	0.654	rgb(224, 92, 93)	1.9739	None
FOXD4L5	SERPINA10	0.95411	50.035	0.531	rgb(223,116,117)	1.9815	None
ETV1	RGS4	0.95401	49.59	0.589	rgb(223,104,106)	1.9727	None
ETV1	OGFRL1	0.95391	49.85	0.274	rgb(220,165,165)	1.9778	None
ZNF117	ANKRD36	0.95381	49.99	0.493	rgb(222,123,124)	1.9806	2,2
HHEX	DQ583756	0.95371	49.525	0.526	rgb(223,116,118)	1.9714	2,2
MYT1	PAK3	0.95362	50.03	0.526	rgb(223,117,118)	1.9814	2,2
MAFA	SLC16A12	0.95352	50.045	0.546	rgb(223,113,114)	1.9817	None
RFX2	BRS3	0.95342	49.25	0.749	rgb(225, 74, 75)	1.9659	None
AEBP1	KCNT2	0.95332	49.23	0.727	rgb(225, 78, 80)	1.9655	2,2
NEUROG3	ATOH8	0.95322	49.63	0.631	rgb(224, 96, 98)	1.9734	None
PBX3	CLGN	0.95312	49.995	0.495	rgb(222,122,123)	1.9807	None
RFX6	SLC6A17	0.95302	49.335	0.834	rgb(226, 58, 59)	1.9676	None
CCDC17	NTS	0.95292	49.64	0.638	rgb(224, 95, 96)	1.9736	2,2
ZNF788	TRO	-0.95282	50.03	-5.3E-01	rgb(102,147,237)	1.9814	2,2
ETS1	UCP2	-0.95272	49.65	-8.6E-04	rgb(217,217,217)	1.9738	None
NHLH1	SOCS1	0.95262	50.175	0.174	rgb(219,184,184)	1.9842	None
LMX1B	MMP2	0.95252	49.94	0.444	rgb(222,132,133)	1.9796	None
HLF	POU6F1	-0.95242	49.975	-1.0E-01	rgb(194,203,221)	1.9803	None
CBX2	RIC3	0.95232	50	0.499	rgb(222,122,123)	1.9808	2,2
TP73	LRFN1	0.95222	50.025	0.526	rgb(223,116,118)	1.9813	None
FOXD4L5	PTPN22	0.95213	49.55	0.55	rgb(223,112,113)	1.9719	None
LHX1	DNAH14	-0.95203	50.035	-5.3E-01	rgb(102,147,237)	1.9815	None
FOXA1	SLC7A2	0.95193	49.72	0.723	rgb(225, 79, 80)	1.9752	None
ASCL2	LSP1	0.95183	49.955	0.454	rgb(222,130,131)	1.9799	None
LHX1	LRP3	0.95173	50.035	0.085	rgb(218,201,201)	1.9815	None
HSF2	ZCCHC18	-0.95163	50.045	-1.4E-01	rgb(187,199,222)	1.9817	None
ASCL1	KCNJ6	0.95153	49.88	0.38	rgb(221,144,145)	1.9784	None
TFCP2L1	ASCL2	-0.95143	50.145	-1.4E-01	rgb(186,198,222)	1.9837	None
ZFP90	CDKN1A	-0.95133	49.565	-5.6E-01	rgb( 95,143,238)	1.9722	None
RFX2	FABP5	0.95123	49.645	0.011	rgb(217,215,215)	1.9737	None
ASCL2	NPPB	-0.95113	49.38	-3.5E-01	rgb(141,171,230)	1.9685	None
PDX1	AKR1B1	-0.95103	49.125	-6.2E-01	rgb( 82,135,241)	1.9634	None
MAFA	MSI1	0.95093	49.175	0.099	rgb(218,198,198)	1.9644	None
NKX2-2	LRP1B	-0.95083	49.845	-3.5E-01	rgb(142,171,230)	1.9777	None
MYRF	LOC100271836	0.95064	50.025	0.063	rgb(218,205,205)	1.9813	2,2
ZNF514	AF289551	0.95064	48.895	0.898	rgb(227, 46, 47)	1.9589	2,2
SOX4	TMPRSS11E	0.95054	49.7	0.698	rgb(225, 84, 85)	1.9748	None
ZNF846	KDM1A	0.95044	49.995	0.025	rgb(217,212,212)	1.9807	None
ASCL2	CADM3	0.95034	49.62	0.621	rgb(224, 98,100)	1.9733	None
SPIB	PPP1R1A	0.95024	50.03	0.531	rgb(223,116,117)	1.9814	None
TFCP2L1	KIT	0.95014	50.085	0.055	rgb(218,207,207)	1.9825	None
NHLH1	NPTXR	0.95004	50.02	0.522	rgb(223,117,118)	1.9812	None
ZNF846	LRP2BP	0.94994	49.495	0.202	rgb(219,178,179)	1.9708	None
ZNF846	UGDH-AS1	0.94984	49.61	0.026	rgb(217,212,212)	1.9731	None
SIX2	TMEM190	0.94974	50	0.5	rgb(223,121,122)	1.9808	None
SMAD9	JMJD7-PLA2G4B	0.94964	49.69	0.099	rgb(218,198,198)	1.9746	None
ZNF492	SGCD	0.94954	49.95	0.077	rgb(218,202,202)	1.9798	None
MAFB	PRPH	0.94944	50	0.136	rgb(218,191,191)	1.9808	None
MAFB	CLSTN2	0.94934	49.885	0.163	rgb(219,186,186)	1.9785	None
FOXA1	ADAMTSL1	-0.94925	49.18	-4.7E-02	rgb(207,211,219)	1.9645	None
AKNA	LQFBS-1	-0.94915	49.96	-4.6E-01	rgb(118,157,234)	1.98	2,2
RFX6	ANKRD65	0.94905	49.31	0.809	rgb(226, 63, 64)	1.9671	None
ZNF514	BC041025	0.94895	49.135	0.638	rgb(224, 95, 96)	1.9636	2,2
MYSM1	BMS1P1	0.94885	48.995	0.496	rgb(222,122,123)	1.9609	2,2
SIM1	ATCAY	0.94875	49.45	0.453	rgb(222,130,131)	1.9699	2,2
FOXA1	GABRG2	0.94865	49.5	0.199	rgb(219,179,179)	1.9709	None
FOXA1	SERPINA10	0.94855	49.935	0.095	rgb(218,199,199)	1.9795	None
FOXD4L5	FTCD	0.94845	49.455	0.453	rgb(222,130,131)	1.97	None
ONECUT2	TAGLN3	-0.94835	49.41	-4.1E-01	rgb(128,163,233)	1.9691	None
ZBTB25	AX746869	0.94825	49.52	0.522	rgb(223,117,118)	1.9713	2,2
ZNF846	RCOR3	0.94815	49.5	0.16	rgb(219,186,187)	1.9709	None
ZBTB4	AF289551	0.94805	49.79	0.79	rgb(226, 66, 68)	1.9766	2,2
RORC	HERC2P4	-0.94795	49.555	-5.6E-01	rgb( 96,143,238)	1.972	None
ZFP69B	ISLR2	-0.94785	49.425	-2.6E-01	rgb(161,183,227)	1.9694	None
LHX1	FGF9	0.94776	48.69	0.691	rgb(225, 85, 86)	1.9548	None
ZNF514	AK057681	0.94766	49.26	0.757	rgb(225, 72, 74)	1.9661	2,2
ETS1	TMEFF1	0.94756	49.88	0.301	rgb(220,159,160)	1.9784	None
MAFA	ADAMTSL2	0.94746	49.575	0.573	rgb(223,108,109)	1.9724	None
SIM1	GUCY1A3	0.94736	49.905	0.405	rgb(221,140,140)	1.9789	2,2
ZBTB4	THRA1	-0.94726	49.14	-6.4E-01	rgb( 77,132,241)	1.9637	2,2
ZNF846	DNLZ	-0.94716	49.57	-3.8E-02	rgb(209,212,218)	1.9723	None
ZNF117	LOC100506123	0.94706	49.11	0.609	rgb(224,101,102)	1.9631	2,2
MAFA	SST	0.94696	49.955	0.185	rgb(219,182,182)	1.9799	None
ETV1	GHRL	0.94676	49.955	0.458	rgb(222,130,131)	1.9799	None
SMAD9	GRASP	0.94676	49.05	0.549	rgb(223,112,113)	1.962	None
TFCP2L1	MBOAT4	0.94666	49.15	0.65	rgb(224, 93, 94)	1.9639	None
ZNF514	LOC642776	0.94656	49.66	0.659	rgb(224, 91, 92)	1.974	2,2
NR4A3	HMGN3	-0.94646	49.61	-3.7E-02	rgb(209,212,218)	1.9731	None
ASCL2	CLSPN	0.94636	49.43	0.231	rgb(220,173,173)	1.9695	None
ZNF846	EID2	0.94627	48.695	0.195	rgb(219,180,180)	1.9549	None
GATA4	PDZD4	0.94617	49.96	0.458	rgb(222,129,130)	1.98	None
NKX2-2	RGS4	0.94607	48.67	0.67	rgb(224, 89, 90)	1.9544	None
TGIF2	OR51E1	0.94597	49.92	0.417	rgb(222,137,138)	1.9792	None
ETV1	CCL19	0.94587	49.935	0.435	rgb(222,134,135)	1.9795	None
TEAD1	STMN4	-0.94577	49.115	-6.2E-01	rgb( 83,136,240)	1.9632	None
NR4A2	WNK2	-0.94567	49.565	-5.6E-01	rgb( 95,143,238)	1.9722	None
PBX3	ATP6V0E2	0.94557	49.95	0.452	rgb(222,131,132)	1.9798	None
HSF2	BAMBI	-0.94547	49.78	-2.5E-01	rgb(163,184,226)	1.9764	None
ZNF846	LOC646214	0.94537	49.11	0.108	rgb(218,196,197)	1.9631	2,2
ELF4	MAD2L2	-0.94527	49.86	-3.6E-01	rgb(139,170,231)	1.978	None
NEUROD1	MPPED1	-0.94517	49.94	-3.1E-02	rgb(210,213,218)	1.9796	None
TEAD2	RAB36	0.94507	49.085	0.581	rgb(223,106,107)	1.9627	None
FOXA1	KIAA1324	0.94497	48.765	0.765	rgb(225, 71, 73)	1.9563	None
NEUROG3	MATN2	0.94487	49.725	0.722	rgb(225, 79, 81)	1.9753	None
SIM1	XAF1	0.94478	49.93	0.428	rgb(222,135,136)	1.9794	2,2
NEUROD2	PMP22	0.94468	49.93	0.431	rgb(222,135,136)	1.9794	None
SOX4	TUBB3	0.94458	49.19	0.691	rgb(225, 85, 86)	1.9647	None
CSRNP3	LOC202181	0.94448	49.895	0.396	rgb(221,141,142)	1.9787	2,2
E2F7	TPST2	-0.94438	49.77	-2.7E-01	rgb(159,182,227)	1.9762	None
RFX6	SLC8A1	0.94428	48.53	0.53	rgb(223,116,117)	1.9517	None
ZNF846	EID1	0.94418	49.525	0.115	rgb(218,195,195)	1.9714	None
MAFF	CADM3	0.94408	49.495	0.495	rgb(222,122,123)	1.9708	None
ZNF514	LOC100131564	0.94398	49.565	0.566	rgb(223,109,110)	1.9722	2,2
PDX1	OR51E1	0.94388	49.92	0.418	rgb(222,137,138)	1.9792	None
SMAD9	TMEM196	0.94378	48.6	0.598	rgb(224,103,104)	1.953	None
FOXD4L5	HOOK3	0.94368	49.555	0.553	rgb(223,111,112)	1.972	None
CCDC17	HNRNPU-AS1	0.94358	49.585	0.586	rgb(223,105,106)	1.9726	2,2
ZNF846	ITPRIP	-0.94348	49.905	-3.5E-02	rgb(209,212,218)	1.9789	None
FOXD4L5	STRC	0.94338	48.69	0.69	rgb(225, 85, 87)	1.9548	None
GATA4	ZMYM2	-0.94329	48.78	-7.8E-01	rgb( 47,114,247)	1.9566	None
ZBTB25	ZNF788	0.94319	49.64	0.642	rgb(224, 94, 96)	1.9736	2,2
MAFA	TMEFF1	-0.94309	49.41	-4.1E-01	rgb(129,163,232)	1.9691	None
NKX6-1	FGF14	0.94299	49.495	0.491	rgb(222,123,124)	1.9708	None
TFCP2L1	INS-IGF2	-0.94289	49.895	-1.2E-02	rgb(214,215,217)	1.9787	None
GATA4	STRC	-0.94279	49.155	-6.5E-01	rgb( 75,131,242)	1.964	None
ETV1	IL17C	-0.94269	49.4	-4.0E-01	rgb(130,164,232)	1.9689	None
RORC	CHST10	0.94259	49.03	0.189	rgb(219,181,181)	1.9616	None
TEAD2	SPEG	0.94249	48.605	0.607	rgb(224,101,102)	1.9531	None
ETV1	PLXNC1	0.94239	49.875	0.372	rgb(221,146,147)	1.9783	None
ONECUT2	MUC16	0.94229	48.64	0.639	rgb(224, 95, 96)	1.9538	None
ARX	ACTL6B	0.94219	49.515	0.056	rgb(218,206,206)	1.9712	None
ZNF846	NKTR	0.94209	49.51	0.062	rgb(218,205,205)	1.9711	None
TFCP2L1	GRIN2C	0.94199	49.485	0.481	rgb(222,125,126)	1.9706	None
NEUROG3	SCG3	0.9419	48.695	0.697	rgb(225, 84, 85)	1.9549	None
NEUROD2	WNT9A	0.9418	49.745	0.247	rgb(220,170,170)	1.9757	None
PDX1	NCS1	0.9417	48.65	0.649	rgb(224, 93, 94)	1.954	None
NEUROD2	SSTR3	0.9416	48.51	0.512	rgb(223,119,120)	1.9513	None
ZNF846	ECE2	0.9415	49.205	0.085	rgb(218,201,201)	1.965	None
GATA6	CLGN	0.9414	49.685	0.164	rgb(219,186,186)	1.9745	None
SPIB	SYT14	0.9413	49.52	0.021	rgb(217,213,213)	1.9713	None
ONECUT2	ARL4D	-0.9412	49.435	-4.4E-01	rgb(122,159,234)	1.9696	None
ONECUT3	AKNA	0.9411	49.67	0.12	rgb(218,194,194)	1.9742	None
ZNF514	AK123332	0.941	49.645	0.647	rgb(224, 93, 95)	1.9737	2,2
NEUROG3	FBN1	-0.9409	49.77	-2.1E-01	rgb(171,189,225)	1.9762	None
PDX1	PAPPA2	0.9408	49.45	0.169	rgb(219,185,185)	1.9699	None
ELF4	CITED1	-0.9407	48.665	-1.1E-01	rgb(194,203,221)	1.9543	None
ETS1	FAM71E2	0.9406	49.04	0.153	rgb(219,188,188)	1.9618	None
MYT1	AF070581	0.9405	48.68	0.679	rgb(224, 87, 89)	1.9546	2,2
ZNF492	FMN2	-0.94041	49.05	-1.7E-01	rgb(180,194,224)	1.962	None
ZNF846	ZMYM2	0.94031	49.49	0.49	rgb(222,124,124)	1.9707	None
LHX1	MMP11	0.94021	48.645	0.133	rgb(218,192,192)	1.9539	None
MAFA	PRKXP1	0.94011	49.815	0.145	rgb(219,189,190)	1.9771	None
NHLH1	SLC7A4	0.94001	49.105	0.607	rgb(224,101,102)	1.963	None
RFX6	INSM1	0.93981	48.89	0.389	rgb(221,143,144)	1.9588	None
TEAD1	CACNA1H	0.93981	49.635	0.014	rgb(217,214,214)	1.9735	None
PBX3	LINC00643	0.93971	49.76	0.139	rgb(219,191,191)	1.976	None
NEUROG3	NKX2-2	0.93961	49.44	0.439	rgb(222,133,134)	1.9697	None
ZNF117	MARCH1	0.93951	49.445	0.447	rgb(222,132,132)	1.9698	2,2
NEUROD2	SPINK4	0.93941	49.84	0.339	rgb(221,152,153)	1.9776	None
MAFB	SEZ6	-0.93931	49.585	-1.5E-01	rgb(184,197,223)	1.9726	None
ASCL1	NPPB	0.93921	49.4	0.404	rgb(221,140,141)	1.9689	None
PDX1	UBE2S	-0.93911	49.645	-6.5E-01	rgb( 77,132,242)	1.9737	None
ZFP28	CIB4	-0.93901	49.67	-6.7E-01	rgb( 72,129,242)	1.9742	None
LMX1A	LIMCH1	-0.93892	49.145	-3.7E-02	rgb(209,212,218)	1.9638	None
MAFB	KLB	-0.93882	48.66	-1.2E-01	rgb(191,201,222)	1.9542	None
MAFB	OLFML2B	0.93872	49.62	0.054	rgb(218,207,207)	1.9733	None
MYSM1	LOC729603	0.93862	48.51	0.51	rgb(223,120,121)	1.9513	2,2
RORC	GPR148	-0.93852	49.615	-6.2E-01	rgb( 83,136,240)	1.9732	None
FOXA1	PCSK2	0.93842	49.595	0.197	rgb(219,179,180)	1.9728	None
PBX3	STX2	-0.93832	49.815	-3.4E-02	rgb(210,213,218)	1.9771	None
ZNF846	SPDYE7P	0.93822	48.615	0.156	rgb(219,187,187)	1.9533	None
TFCP2L1	FAM155B	0.93812	49.565	0.565	rgb(223,109,110)	1.9722	None
HES4	L1TD1	-0.93802	49.79	-8.1E-02	rgb(199,206,220)	1.9766	None
NR4A2	MXI1	0.93792	49.125	0.626	rgb(224, 97, 99)	1.9634	None
NEUROG3	CARTPT	0.93782	48.885	0.349	rgb(221,150,151)	1.9587	None
FOXA2	ACTL6B	0.93762	48.645	0.645	rgb(224, 94, 95)	1.9539	None
ZNF846	NOTUM	-0.93762	49.415	-1.3E-01	rgb(188,199,222)	1.9692	None
ETV1	SMTNL2	0.93752	49.79	0.288	rgb(220,162,162)	1.9766	None
TGIF2	PCYT1B	0.93743	48.99	0.49	rgb(222,123,124)	1.9608	None
NR4A3	CXCL12	0.93733	48.98	0.479	rgb(222,126,127)	1.9606	None
KCNIP3	TMEM59L	0.93723	49.77	0.269	rgb(220,166,166)	1.9762	2,2
NEUROG3	SPINK4	0.93713	48.28	0.781	rgb(226, 68, 69)	1.9467	None
ZNF514	BMS1P1	0.93703	48.65	0.65	rgb(224, 93, 94)	1.954	2,2
RORC	SLC7A4	0.93683	49.495	0.493	rgb(222,123,124)	1.9708	None
ZFP62	AK091275	0.93683	49.495	0.499	rgb(222,122,123)	1.9708	2,2
LMX1A	NEFL	0.93673	49.08	0.032	rgb(217,211,211)	1.9626	None
ZFP82	TFF2	0.93663	49.72	0.122	rgb(218,194,194)	1.9752	None
NEUROG3	CHL1	0.93653	49.39	0.187	rgb(219,181,182)	1.9687	None
ETS1	CCND2	0.93643	48.685	0.059	rgb(218,206,206)	1.9547	None
NHLH1	C2CD4B	0.93623	48.555	0.555	rgb(223,111,112)	1.9521	None
RFX6	EGR3	-0.93623	48.65	-6.5E-01	rgb( 76,131,242)	1.954	None
RFX6	CADPS	0.93613	49.22	0.718	rgb(225, 80, 81)	1.9653	None
TET1	SCGB1C1	-0.93603	49.755	-2.5E-01	rgb(162,183,227)	1.9759	None
ARX	TMEFF2	0.93594	48.605	0.137	rgb(219,191,191)	1.9531	None
ZNF492	USP32P2	0.93584	49.51	0.509	rgb(223,120,121)	1.9711	None
TFCP2L1	UNC13A	-0.93574	49.685	-1.4E-01	rgb(187,199,222)	1.9745	None
MAFA	MAST1	0.93564	48.625	0.624	rgb(224, 98, 99)	1.9535	None
ZNF514	AK096291	0.93554	49.595	0.598	rgb(224,103,104)	1.9728	2,2
ARX	ID4	0.93544	48.165	0.248	rgb(220,170,170)	1.9444	None
ZNF514	LOC728407	0.93534	48.745	0.743	rgb(225, 75, 77)	1.9559	2,2
SPIB	CEP290	-0.93524	48.98	-4.8E-01	rgb(113,154,235)	1.9606	None
MAFB	GPRASP2	-0.93514	49.48	-2.9E-02	rgb(211,213,218)	1.9705	None
EGR3	ZFP69B	0.93494	49.72	0.218	rgb(219,175,176)	1.9752	None
ELF4	CHST10	-0.93494	49.415	-4.2E-01	rgb(127,162,233)	1.9692	None
FEV	WNK3	0.93484	48.15	0.647	rgb(224, 94, 95)	1.9441	None
NHLH1	ARHGAP9	0.93474	48.69	0.692	rgb(225, 85, 86)	1.9548	None
ZNF514	SPDYE6	0.93464	49.56	0.564	rgb(223,109,110)	1.9721	2,2
PRDM16	HSPB7	0.93455	49.445	0.444	rgb(222,132,133)	1.9698	None
ARX	SCHIP1	-0.93445	49.095	-2.5E-02	rgb(212,214,218)	1.9628	None
TFCP2L1	PGA3	0.93435	49.47	0.022	rgb(217,213,213)	1.9703	None
TEAD2	CNOT6L	-0.93425	49.085	-5.9E-01	rgb( 90,140,239)	1.9627	None
ZNF117	IFNE	0.93415	49.03	0.53	rgb(223,116,117)	1.9616	2,2
SOX4	CACNG7	-0.93405	49.4	-4.0E-01	rgb(131,164,232)	1.9689	None
NEUROD2	GPC2	0.93395	48.13	0.628	rgb(224, 97, 98)	1.9437	None
ASCL2	WNT9A	0.93385	49.555	0.552	rgb(223,112,113)	1.972	None
HSF2	LRAT	0.93375	48.245	0.744	rgb(225, 75, 76)	1.946	None
RFX6	DACH1	0.93365	48	0.481	rgb(222,125,126)	1.9412	None
NEUROG3	MUC2	-0.93355	48.12	-6.2E-01	rgb( 83,135,241)	1.9435	None
NEUROD1	DLL3	0.93345	48.095	0.595	rgb(224,103,105)	1.943	None
SPIB	OGFRL1	0.93335	49.005	0.505	rgb(223,120,122)	1.9611	None
FOXA1	PCDHA2	0.93325	49.07	0.568	rgb(223,108,110)	1.9624	None
ARNT2	CELF5	-0.93306	48.98	-1.8E-01	rgb(178,193,224)	1.9606	None
NFAT5	NXPE1	-0.93306	48.615	-1.1E-01	rgb(192,202,221)	1.9533	None
LHX1	CD52	-0.93296	49.44	-5.0E-02	rgb(206,210,219)	1.9697	None
FOXA1	TMEFF2	0.93286	48.595	0.598	rgb(224,103,104)	1.9529	None
TFCP2L1	KLHL32	-0.93276	49.535	-3.3E-02	rgb(210,213,218)	1.9716	None
LHX1	ZNF519	0.93266	48.22	0.719	rgb(225, 80, 81)	1.9455	None
MYRF	C1RL-AS1	0.93256	49.435	0.434	rgb(222,134,135)	1.9696	None
TEAD2	NTRK1	0.93246	48.615	0.074	rgb(218,203,203)	1.9533	None
E2F7	SAMD11	-0.93236	48.495	-4.9E-01	rgb(110,152,236)	1.951	None
HLF	ABLIM2	-0.93226	49.525	-1.9E-01	rgb(176,192,224)	1.9714	None
CCDC17	AX747833	0.93216	49.44	0.443	rgb(222,132,133)	1.9697	2,2
TGIF2	DOK6	0.93206	48.16	0.197	rgb(219,179,180)	1.9443	None
CCDC17	GAST	0.93196	49.455	0.454	rgb(222,130,131)	1.97	2,2
HSF2	LAMP3	-0.93186	49.445	-4.6E-02	rgb(207,211,219)	1.9698	None
SMAD9	PTPN22	-0.93176	49.515	-1.9E-01	rgb(175,191,224)	1.9712	None
LHX1	KL	-0.93166	49.515	-5.2E-01	rgb(105,149,237)	1.9712	None
SIX2	TMEM196	0.93157	49.315	0.176	rgb(219,183,184)	1.9672	None
MAFA	PODN	0.93147	48.99	0.493	rgb(222,123,124)	1.9608	None
LMX1A	F10	-0.93137	49.5	-2.5E-01	rgb(163,184,226)	1.9709	None
EGR3	BAMBI	-0.93127	48.25	-7.5E-01	rgb( 54,118,246)	1.9461	None
PBX1	AKR1B1	-0.93117	48.13	-6.3E-01	rgb( 81,134,241)	1.9437	None
CCDC17	AX747158	0.93097	49.075	0.576	rgb(223,107,108)	1.9625	2,2
ZNF514	AK055910	0.93097	49.14	0.638	rgb(224, 95, 96)	1.9637	2,2
TEAD2	CD37	0.93087	49.28	0.779	rgb(226, 68, 70)	1.9665	None
PBX3	TRIM35	-0.93077	49.46	-9.1E-02	rgb(197,205,220)	1.9701	None
ARNT2	CACNA1H	-0.93067	49.065	-3.6E-02	rgb(209,212,218)	1.9623	None
MAFA	ELAVL3	0.93057	48.645	0.647	rgb(224, 94, 95)	1.9539	None
FOXA1	NALCN	0.93047	49.435	0.104	rgb(218,197,197)	1.9696	None
HIF1A	TMEM61	-0.93037	49.295	-1.9E-03	rgb(217,217,217)	1.9668	None
MAFB	LINC00643	0.93027	48.62	0.041	rgb(217,209,209)	1.9534	None
E2F7	SRRM4	-0.93017	48.745	-7.5E-01	rgb( 55,118,245)	1.9559	None
ETV1	RTN1	0.93008	49.04	0.541	rgb(223,114,115)	1.9618	None
TEAD2	SMARCA1	-0.92998	48.68	-7.5E-03	rgb(215,216,217)	1.9546	None
ETV1	MYBPC2	0.92978	48.58	0.14	rgb(219,190,191)	1.9526	None
GATA6	CLCN4	-0.92978	48.485	-2.8E-01	rgb(157,181,227)	1.9508	None
ETS1	PRKXP1	-0.92968	49.49	-4.9E-01	rgb(111,153,236)	1.9707	None
ASCL2	PTGDR2	0.92958	48.64	0.643	rgb(224, 94, 95)	1.9538	None
MYT1	AK123868	0.92948	48.195	0.695	rgb(225, 84, 86)	1.945	2,2
ATF5	MUC17	-0.92938	49.375	-4.9E-02	rgb(206,210,219)	1.9684	None
CCDC17	AX746485	0.92918	48.995	0.493	rgb(222,123,124)	1.9609	2,2
NR4A3	NCAM1	0.92918	49.405	0.404	rgb(221,140,141)	1.969	None
NPAS3	TCP11X2	0.92908	49.415	0.415	rgb(222,138,138)	1.9692	2,2
PDX1	OLFML3	0.92888	48.935	0.437	rgb(222,134,134)	1.9597	None
TFCP2L1	HES4	-0.92888	49.47	-1.1E-01	rgb(192,202,221)	1.9703	None
HSF2	LRRTM3	-0.92878	49.375	-8.4E-02	rgb(199,206,220)	1.9684	None
ZNF514	AK092380	0.92868	49.055	0.552	rgb(223,112,113)	1.9621	2,2
ZNF788	SUMO1P3	0.92859	48.45	0.448	rgb(222,131,132)	1.9501	2,2
SETBP1	PCDHB10	0.92849	49.415	0.414	rgb(222,138,139)	1.9692	2,2
EBF3	ADAMTSL2	0.92839	48.59	0.1	rgb(218,198,198)	1.9528	None
MAFF	NACAD	0.92829	48.165	0.666	rgb(224, 90, 91)	1.9444	None
NEUROD2	ITPRIP	0.92819	49.415	0.413	rgb(222,138,139)	1.9692	None
TEAD2	FXYD1	-0.92809	49.225	-7.2E-01	rgb( 60,121,245)	1.9654	None
PAX6	GRIN1	0.92799	49.47	0.468	rgb(222,128,128)	1.9703	None
FEV	ACSS3	0.92789	47.81	0.811	rgb(226, 62, 64)	1.9374	None
TEAD2	TUBB3	0.92779	47.775	0.772	rgb(225, 69, 71)	1.9367	None
PBX3	ACBD7	0.92769	49.09	0.59	rgb(223,104,106)	1.9628	None
PRDM16	ATP6V1B1	0.92749	48.57	0.568	rgb(223,109,110)	1.9524	None
SPIB	GABRG2	-0.92749	49.45	-9.9E-02	rgb(196,204,221)	1.9699	None
POU2F2	ADH6	-0.92729	49.23	-7.3E-01	rgb( 59,121,245)	1.9655	None
SIM1	GUCY1B3	0.92729	47.75	0.749	rgb(225, 74, 75)	1.9362	2,2
ARX	ST8SIA5	-0.9272	49.355	-1.1E-01	rgb(192,202,221)	1.968	None
SPIB	CRMP1	0.9271	49.36	0.091	rgb(218,200,200)	1.9681	None
RFX6	SCGN	0.927	47.725	0.728	rgb(225, 78, 79)	1.9357	None
DPF3	DNM3	0.9269	49.34	0.079	rgb(218,202,202)	1.9677	None
ELF4	EPHA8	0.9268	49.38	0.034	rgb(217,211,211)	1.9685	None
GATA4	CLCNKA	-0.9267	48.47	-4.7E-01	rgb(114,154,235)	1.9505	None
MAFB	SGCD	0.9266	49.44	0.019	rgb(217,213,213)	1.9697	None
NEUROG3	KCNG1	-0.9264	48.59	-5.9E-01	rgb( 89,139,239)	1.9528	None
ZNF846	MATN2	0.9264	49.325	0.004	rgb(217,216,216)	1.9674	None
ETV1	CFC1	0.9263	49.44	0.442	rgb(222,133,133)	1.9697	None
HLF	MAST1	0.9262	49.365	0.097	rgb(218,199,199)	1.9682	None
LMX1B	CPLX1	0.9261	49.435	0.434	rgb(222,134,135)	1.9696	None
PBX3	RBPMS	-0.926	48.61	-6.1E-01	rgb( 85,137,240)	1.9532	None
ONECUT2	ELFN1	-0.9259	49.27	-2.7E-01	rgb(158,181,227)	1.9663	None
ETV1	GPR137C	0.9258	49.425	0.422	rgb(222,136,137)	1.9694	None
MAFB	PTPRN	-0.92571	49.19	-1.8E-01	rgb(178,193,224)	1.9647	None
LHX1	AGAP11	0.92541	49.34	0.338	rgb(221,152,153)	1.9677	None
NEUROD2	AP3B2	0.92541	47.965	0.465	rgb(222,128,129)	1.9405	None
TFCP2L1	NUP210	-0.92541	48.47	-2.3E-01	rgb(166,186,226)	1.9505	None
ZNF846	PNPO	-0.92531	49.155	-6.5E-02	rgb(203,208,219)	1.964	None
MAFB	CPLX2	-0.92521	49.005	-5.9E-02	rgb(204,209,219)	1.9611	None
ZNF514	SPDYE8P	0.92511	49.185	0.686	rgb(225, 86, 87)	1.9646	2,2
CCDC17	AL832212	0.92501	49.005	0.503	rgb(223,121,122)	1.9611	2,2
ZNF788	LOC727896	0.92491	49.33	0.332	rgb(221,154,154)	1.9675	2,2
TEAD1	CYP4F24P	-0.92481	49.23	-2.3E-01	rgb(168,187,226)	1.9655	None
GATA4	KCNG1	0.92461	49.375	0.375	rgb(221,145,146)	1.9684	None
RFX6	VSTM2L	0.92461	47.67	0.669	rgb(224, 89, 91)	1.9346	None
HEYL	POM121L10P	0.92451	49.12	0.622	rgb(224, 98, 99)	1.9633	None
ONECUT3	USP32P2	0.92441	49.145	0.032	rgb(217,211,211)	1.9638	None
ONECUT2	UGDH-AS1	0.92431	48.92	0.419	rgb(222,137,138)	1.9594	None
ZFP82	PRICKLE2	0.92422	48.08	0.163	rgb(219,186,186)	1.9427	None
FEV	GDF1	0.92412	48.145	0.645	rgb(224, 94, 95)	1.944	None
SIX2	GCK	0.92402	48.585	0.584	rgb(223,105,107)	1.9527	None
TEAD2	HHEX	0.92392	49.385	0.387	rgb(221,143,144)	1.9686	None
PBX3	SLC18A1	-0.92382	49.305	-2.7E-02	rgb(211,213,218)	1.967	None
ETS1	KCNK16	-0.92372	48.985	-2.1E-02	rgb(213,214,218)	1.9607	None
NEUROG3	NUP210	0.92362	48.615	0.613	rgb(224,100,101)	1.9533	None
FOXA1	LRP3	0.92352	49.39	0.391	rgb(221,142,143)	1.9687	None
ETS1	CBX7	0.92342	48.725	0.146	rgb(219,189,189)	1.9555	None
HSF2	TAGLN3	0.92322	49.38	0.383	rgb(221,144,145)	1.9685	None
ZNF514	BMS1P6	0.92322	48.505	0.506	rgb(223,120,121)	1.9512	2,2
ZNF514	AK097143	0.92312	47.82	0.819	rgb(226, 61, 62)	1.9376	2,2
FOXA1	DLL1	-0.92302	48.185	-3.5E-03	rgb(216,217,217)	1.9448	None
ZNF514	AX747598	0.92292	48.225	0.723	rgb(225, 79, 80)	1.9456	2,2
ZFP2	LOC729603	-0.92282	49.095	-6.0E-01	rgb( 88,138,240)	1.9628	2,2
MAFA	SPAG8	0.92273	49.13	0.629	rgb(224, 97, 98)	1.9635	None
HSF2	SIX2	-0.92263	49.355	-3.5E-01	rgb(140,170,230)	1.968	None
ASCL2	CHST8	0.92253	48.04	0.201	rgb(219,179,179)	1.9419	None
CCDC17	AK054970	0.92243	48.955	0.458	rgb(222,130,130)	1.9601	2,2
ETV1	CACNA1G	0.92233	49.115	0.615	rgb(224,100,101)	1.9632	None
NKX2-2	IFI44L	0.92223	49.375	0.375	rgb(221,145,146)	1.9684	None
NHLH1	IL17C	0.92213	49.085	0.584	rgb(223,106,107)	1.9627	None
PDX1	MEX3A	0.92203	49.19	0.188	rgb(219,181,181)	1.9647	None
PBX3	RGS16	0.92193	48.14	0.089	rgb(218,200,200)	1.9439	None
RFX6	RIMBP2	0.92183	47.63	0.626	rgb(224, 97, 99)	1.9338	None
TP73	NR4A3	0.92173	48.935	0.433	rgb(222,134,135)	1.9597	None
ZFP62	PLCE1-AS1	0.92163	48.51	0.513	rgb(223,119,120)	1.9513	2,2
GLIS2	HIC1	0.92153	49.015	0.103	rgb(218,197,198)	1.9613	None
LMX1B	SLC6A16	0.92143	47.64	0.181	rgb(219,182,183)	1.934	None
SMAD9	TMOD2	0.92133	49.095	0.598	rgb(224,103,104)	1.9628	None
LMX1B	SRRM4	0.92124	48.57	0.57	rgb(223,108,109)	1.9524	None
SIX2	FUT1	-0.92114	48.6	-6.0E-01	rgb( 86,137,240)	1.953	None
ZFHX2	SV2B	0.92104	48.015	0.513	rgb(223,119,120)	1.9415	None
E2F7	CACNG6	-0.92094	47.66	-6.6E-01	rgb( 74,130,242)	1.9344	None
ZNF788	TMEM56-RWDD3	0.92084	48.92	0.417	rgb(222,137,138)	1.9594	2,2
ETV1	FRMPD4	0.92064	49.335	0.334	rgb(221,153,154)	1.9676	None
ZNF492	FAIM2	0.92064	48.16	0.043	rgb(217,209,209)	1.9443	None
PRDM16	SCHIP1	-0.92054	47.57	-5.7E-01	rgb( 94,142,239)	1.9326	None
GATA2	VCAN	0.92044	49.335	0.336	rgb(221,153,154)	1.9676	None
ZNF492	NR2F2-AS1	-0.92034	49.06	-3.7E-02	rgb(209,212,218)	1.9622	None
SPIB	KCNB2	0.92024	48.96	0.462	rgb(222,129,130)	1.9602	None
ZNF492	PMS2L14	0.92014	48.51	0.509	rgb(223,120,121)	1.9513	2,2
FOXD4L5	GABRB3	0.92004	49.16	0.068	rgb(218,204,204)	1.9641	None
ZNF846	MEX3B	0.91994	48.505	0.124	rgb(218,193,194)	1.9512	None
FOXA1	KCNK17	0.91985	48.54	0.54	rgb(223,114,115)	1.9519	None
ZNF514	AX746867	0.91975	48.82	0.322	rgb(221,156,156)	1.9574	2,2
ONECUT2	AX747850	0.91965	48.84	0.342	rgb(221,152,152)	1.9578	2,2
HLF	HSPA2	0.91955	49.065	0.154	rgb(219,188,188)	1.9623	None
ETS1	CNGA3	0.91945	48.99	0.142	rgb(219,190,190)	1.9608	None
ONECUT3	JPH4	0.91935	48.56	0.011	rgb(217,215,215)	1.9522	None
GATA4	ACTN3	-0.91925	48.87	-3.7E-01	rgb(136,168,231)	1.9584	None
ELF4	GTF2IRD1P1	-0.91915	48.125	-3.6E-02	rgb(209,212,218)	1.9436	None
TFCP2L1	RORC	0.91905	49.08	0.577	rgb(223,107,108)	1.9626	None
PDX1	BGN	0.91895	48.915	0.418	rgb(222,137,138)	1.9593	None
NR4A3	GSTM2	0.91885	48.015	0.184	rgb(219,182,182)	1.9415	None
RORC	CXCL12	0.91875	48.52	0.028	rgb(217,212,212)	1.9515	None
LMX1A	UNC80	0.91865	47.24	0.2	rgb(219,179,179)	1.9261	None
ZFHX2	USH1G	-0.91855	49	-1.4E-01	rgb(187,199,222)	1.961	None
HSF2	CSH1	0.91845	49.065	0.138	rgb(219,191,191)	1.9623	None
NEUROG3	CYSLTR2	0.91836	48.035	0.537	rgb(223,114,115)	1.9418	None
LMX1B	C7	0.91826	48.49	0.488	rgb(222,124,125)	1.9509	None
SMAD9	SBK1	0.91816	48.03	0.53	rgb(223,116,117)	1.9417	None
GATA4	TFPI2	-0.91806	49.015	-5.1E-01	rgb(105,149,237)	1.9613	None
LMX1A	GIP	0.91796	47.56	0.247	rgb(220,170,170)	1.9324	None
SPIB	SPDYE5	-0.91786	47.59	-3.0E-01	rgb(152,178,228)	1.933	None
FOXD4L5	REM2	0.91776	48.04	0.542	rgb(223,114,115)	1.9419	None
ONECUT2	MDN1	0.91766	48.585	0.582	rgb(223,106,107)	1.9527	None
MAFA	ASCL2	0.91756	49.22	0.223	rgb(219,174,175)	1.9653	None
TFCP2L1	KANK2	0.91746	49.21	0.038	rgb(217,210,210)	1.9651	None
CCDC17	ZNF788	0.91736	48.9	0.401	rgb(221,140,141)	1.959	2,2
ZNF846	BC005905	0.91726	48.735	0.025	rgb(217,212,212)	1.9557	2,2
ARNT2	AKT3	0.91716	47.595	0.177	rgb(219,183,184)	1.9331	None
FOXD4L5	PLCXD3	0.91706	48.535	0.533	rgb(223,115,116)	1.9518	None
TGIF2	GRIN2C	-0.91696	48.055	-1.1E-01	rgb(194,203,221)	1.9422	None
TEAD1	HDAC7	0.91687	48.6	0.599	rgb(224,103,104)	1.953	None
PAX6	MBOAT4	0.91677	48.905	0.003	rgb(217,216,216)	1.9591	None
NHLH1	MAD2L2	0.91667	48.88	0.378	rgb(221,145,146)	1.9586	None
TEAD2	FOXJ1	0.91657	48.03	0.526	rgb(223,116,118)	1.9417	None
SOX4	MAFA	0.91647	48.145	0.648	rgb(224, 93, 95)	1.944	None
PRDM16	RD3	-0.91637	48.91	-4.1E-01	rgb(128,163,233)	1.9592	None
FOXP2	CHRNB2	-0.91627	48.945	-2.8E-01	rgb(156,180,228)	1.9599	None
PDX1	PDGFD	0.91617	47.61	0.61	rgb(224,101,102)	1.9334	None
ZNF514	AK128593	0.91607	47.735	0.737	rgb(225, 76, 78)	1.9359	2,2
ONECUT3	MMP13	-0.91597	48.995	-2.9E-02	rgb(211,213,218)	1.9609	None
NEUROG3	PROX1	0.91587	47.215	0.712	rgb(225, 81, 82)	1.9256	None
NKX2-2	VWCE	0.91577	47.57	0.57	rgb(223,108,109)	1.9326	None
HHEX	TTR	0.91567	47.155	0.656	rgb(224, 92, 93)	1.9244	None
PAX4	SOCS1	0.91557	48.665	0.105	rgb(218,197,197)	1.9543	None
FOXA1	VOPP1	-0.91547	47.665	-6.6E-01	rgb( 73,129,242)	1.9345	None
RFX3	SMKR1	0.91538	48.095	0.067	rgb(218,204,204)	1.943	None
NEUROG3	PDZRN3	0.91528	47.57	0.569	rgb(223,108,109)	1.9326	None
SIM1	ASCL1	0.91518	48.575	0.575	rgb(223,107,108)	1.9525	2,2
GATA4	STXBP1	-0.91508	48.97	-9.7E-04	rgb(217,217,217)	1.9604	None
HSF2	CFC1B	0.91498	48.99	0.16	rgb(219,187,187)	1.9608	None
ZNF514	AX747850	0.91488	48.515	0.512	rgb(223,119,120)	1.9514	2,2
PDX1	SSTR5	0.91478	47.13	0.628	rgb(224, 97, 98)	1.9239	None
LMX1B	MAP6	0.91468	47.195	0.695	rgb(225, 84, 86)	1.9252	None
SOX4	PTCH1	0.91458	47.175	0.672	rgb(224, 89, 90)	1.9248	None
PDX1	COL16A1	0.91448	48.59	0.59	rgb(223,104,106)	1.9528	None
LMX1B	VCAN	0.91438	48.81	0.309	rgb(220,158,159)	1.9572	None
ETV1	SPDYE5	0.91428	48.475	0.024	rgb(217,212,212)	1.9506	None
ZFHX2	ADCY1	0.91418	47.26	0.762	rgb(225, 71, 73)	1.9265	None
SOX4	ASXL3	0.91408	48.785	0.055	rgb(218,206,207)	1.9567	None
ELF4	JMJD7-PLA2G4B	0.91398	48.615	0.176	rgb(219,183,184)	1.9533	None
E2F7	RGS11	0.91389	48.9	0.148	rgb(219,189,189)	1.959	None
MAFF	ASCL2	-0.91379	48.915	-4.2E-01	rgb(127,162,233)	1.9593	None
MAFB	PDE8B	-0.91369	48.15	-6.7E-02	rgb(203,208,220)	1.9441	None
ZFP82	LIPC	0.91359	48.78	0.019	rgb(217,213,213)	1.9566	None
TEAD2	NTNG2	-0.91349	48.955	-5.8E-02	rgb(204,209,219)	1.9601	None
GRHL3	NEURL	0.91339	47.65	0.652	rgb(224, 92, 94)	1.9342	2,2
ZNF492	AX746617	0.91329	48.56	0.56	rgb(223,110,111)	1.9522	2,2
ZNF514	AK128563	0.91319	48.555	0.555	rgb(223,111,112)	1.9521	2,2
TEAD1	JMJD7-PLA2G4B	0.91309	48.9	0.403	rgb(221,140,141)	1.959	None
HIC1	KANK2	0.91299	47.52	0.522	rgb(223,117,118)	1.9316	None
ELF4	ANKRD65	-0.91289	48.965	-4.7E-01	rgb(116,155,235)	1.9603	None
NEUROG3	KCNK3	0.91279	47.185	0.686	rgb(225, 86, 87)	1.925	None
AEBP1	CNTNAP4	0.91269	48.685	0.688	rgb(225, 86, 87)	1.9547	2,2
RORC	EPHA8	0.91259	48.935	0.433	rgb(222,134,135)	1.9597	None
TEAD1	DOCK8	0.9125	48.53	0.07	rgb(218,204,204)	1.9517	None
ETV1	FZD4	0.9124	48.68	0.01	rgb(217,215,215)	1.9546	None
GRHL3	ZCCHC12	0.9123	48.03	0.53	rgb(223,116,117)	1.9417	2,2
SIM1	BST2	0.9122	48.445	0.444	rgb(222,132,133)	1.95	2,2
RFX2	MCOLN3	0.9121	47.605	0.61	rgb(224,101,102)	1.9333	None
NHLH1	TMEM61	0.912	48.54	0.541	rgb(223,114,115)	1.9519	None
ATF6	ASXL3	0.9119	48.405	0.105	rgb(218,197,197)	1.9492	None
SPIB	MDK	0.9118	47.24	0.737	rgb(225, 76, 78)	1.9261	None
PDX1	PLEKHO1	0.9117	48.78	0.279	rgb(220,164,164)	1.9566	None
ETV1	AVPR1B	0.9116	47.075	0.573	rgb(223,108,109)	1.9228	None
LHX1	ZFP28	-0.9115	48.925	-1.4E-01	rgb(187,199,222)	1.9595	None
NPAS3	FAM196A	0.9114	48.79	0.294	rgb(220,161,161)	1.9568	2,2
KCNIP3	BEX1	0.9113	48.48	0.481	rgb(222,125,126)	1.9507	2,2
ZFHX2	BLMH	0.9112	48.705	0.116	rgb(218,195,195)	1.9551	None
ARNT2	LMX1B	0.9111	47.155	0.154	rgb(219,188,188)	1.9244	None
TEAD2	CRIP2	0.91101	48.93	0.429	rgb(222,135,136)	1.9596	None
PAX4	CYGB	0.91091	47.175	0.115	rgb(218,195,195)	1.9248	None
PRDM16	RTEL1	0.91081	47.195	0.089	rgb(218,200,200)	1.9252	None
SIX2	JMJD1C-AS1	0.91071	48.585	0.583	rgb(223,106,107)	1.9527	None
TGIF2	BGN	0.91061	48.44	0.442	rgb(222,133,134)	1.9499	None
MAFF	ITPR1	-0.91051	48.135	-6.4E-01	rgb( 79,133,241)	1.9438	None
ZNF846	SPDYE6	0.91041	48.435	0.039	rgb(217,210,210)	1.9498	2,2
RFX6	IQCA1	0.91031	47.185	0.686	rgb(225, 86, 87)	1.925	None
ETS1	LRP1B	-0.91021	48.745	-8.5E-02	rgb(199,206,220)	1.9559	None
SMAD9	MLLT11	0.91011	47.915	0.414	rgb(222,138,139)	1.9395	None
MAFB	CACNG4	0.91001	48.88	0.38	rgb(221,144,145)	1.9586	None
ZNF492	SPDYE1	0.90991	48.425	0.425	rgb(222,136,137)	1.9496	None
RORC	GREB1	-0.90971	47.615	-6.2E-01	rgb( 83,136,240)	1.9335	None
TFCP2L1	LRFN1	-0.90971	47.615	-5.3E-02	rgb(205,210,219)	1.9335	None
NKX2-2	IFI44	0.90961	48.64	0.138	rgb(219,191,191)	1.9538	None
LHX1	ELAVL4	0.90952	48.895	0.116	rgb(218,195,195)	1.9589	None
ZNF846	AK094916	0.90942	48.56	0.149	rgb(219,189,189)	1.9522	2,2
PAX6	ASCL2	0.90932	48.515	0.518	rgb(223,118,119)	1.9514	None
ETV1	CHGB	0.90922	47.05	0.549	rgb(223,112,113)	1.9223	None
ZNF519	ARHGAP33	0.90912	47.085	0.278	rgb(220,164,164)	1.923	None
FOXD4L5	SFTPA2	-0.90902	48.915	-4.1E-01	rgb(127,162,233)	1.9593	None
RORC	NEFL	-0.90892	47.89	-2.9E-01	rgb(154,179,228)	1.939	None
ZNF514	AK311113	0.90882	47.73	0.727	rgb(225, 78, 80)	1.9358	2,2
ZNF382	SULT2A1	0.90872	48.625	0.629	rgb(224, 97, 98)	1.9535	None
GATA4	RGS16	-0.90862	47.095	-5.9E-01	rgb( 88,139,240)	1.9232	None
FOXA1	COL12A1	0.90852	47.16	0.661	rgb(224, 91, 92)	1.9245	None
TEAD1	ZG16	-0.90842	47.12	-6.2E-01	rgb( 82,135,241)	1.9237	None
ZNF514	MGC4836	0.90832	47.705	0.703	rgb(225, 83, 84)	1.9353	2,2
RFX6	FFAR2	0.90822	47.555	0.557	rgb(223,111,112)	1.9323	None
LHX1	CHRNA5	-0.90812	48.9	-4.0E-01	rgb(131,165,232)	1.959	None
PBX3	JMJD7-PLA2G4B	0.90803	48.555	0.088	rgb(218,200,200)	1.9521	None
LHX1	MEX3A	0.90793	48.395	0.075	rgb(218,203,203)	1.949	None
SIX2	CPLX1	0.90783	48.68	0.122	rgb(218,194,194)	1.9546	None
LHX1	FOXJ1	0.90773	48.41	0.036	rgb(217,210,210)	1.9493	None
SIX2	GCG	0.90763	47.985	0.485	rgb(222,124,125)	1.9409	None
ZNF846	LINC00893	0.90753	47.07	0.26	rgb(220,167,168)	1.9227	None
LMX1B	STARD9	0.90743	48.445	0.443	rgb(222,132,133)	1.95	None
GATA2	ILDR2	0.90733	48.35	0.166	rgb(219,185,186)	1.9481	None
HSF2	MYEF2	0.90723	47.075	0.572	rgb(223,108,109)	1.9228	None
AEBP1	FAM179A	0.90713	48.365	0.365	rgb(221,147,148)	1.9484	2,2
ZNF846	TSSK4	-0.90703	48.015	-9.6E-02	rgb(196,204,221)	1.9415	None
GATA4	HERC2P4	-0.90693	48.815	-3.2E-01	rgb(148,175,229)	1.9573	None
ONECUT3	CCDC39	0.90683	48.48	0.291	rgb(220,161,162)	1.9507	None
ETV1	RASD1	0.90673	48.615	0.116	rgb(218,195,195)	1.9533	None
ATF5	AX747619	0.90663	48.01	0.099	rgb(218,198,198)	1.9414	2,2
HHEX	LIN7A	0.90654	48.555	0.555	rgb(223,111,112)	1.9521	None
MAFA	LRFN2	0.90644	47.585	0.585	rgb(223,105,107)	1.9329	None
FOXP2	SLC18A1	-0.90634	48.42	-8.3E-02	rgb(199,206,220)	1.9495	None
LMX1B	EPHB3	0.90624	48.435	0.433	rgb(222,134,135)	1.9498	None
FOXD4L5	MIAT	0.90614	48.55	0.549	rgb(223,112,113)	1.9521	None
TGIF2	KIAA0922	0.90604	48.5	0.157	rgb(219,187,187)	1.9511	2,2
HOXB9	CREBRF	0.90594	47.575	0.158	rgb(219,187,187)	1.9327	None
HSF2	TCEAL1	0.90584	47.835	0.338	rgb(221,152,153)	1.9379	None
SMAD9	ACE	0.90574	48.755	0.254	rgb(220,168,169)	1.9561	None
MAFB	HHEX	-0.90564	47.07	-3.2E-01	rgb(147,175,229)	1.9227	None
ZNF846	AK123889	-0.90554	47.235	-2.9E-02	rgb(211,213,218)	1.926	2,2
LMX1B	ACTL6B	0.90534	48.37	0.369	rgb(221,147,147)	1.9485	None
PAX6	TBC1D8B	-0.90534	47.52	-5.2E-01	rgb(104,149,237)	1.9316	None
FOXD4L5	EPHB3	-0.90524	47.63	-6.3E-01	rgb( 80,134,241)	1.9338	None
PBX3	HCP5	0.90515	48.35	0.351	rgb(221,150,151)	1.9481	None
HSF2	ENTPD1	0.90505	47.89	0.39	rgb(221,142,143)	1.939	None
PDX1	CBX2	0.90495	46.96	0.461	rgb(222,129,130)	1.9205	None
ZNF846	TSIX	-0.90485	48.035	-2.4E-02	rgb(212,214,218)	1.9418	2,2
GATA4	C7	0.90475	48.54	0.537	rgb(223,114,116)	1.9519	None
EGR3	CPLX2	-0.90465	48.445	-4.5E-01	rgb(120,158,234)	1.95	None
ZNF788	AX747819	0.90455	48.505	0.506	rgb(223,120,121)	1.9512	2,2
SIX2	SSPO	0.90445	48.595	0.594	rgb(224,104,105)	1.9529	None
NPAS3	BC041484	0.90435	48.33	0.329	rgb(221,154,155)	1.9477	2,2
ETS1	SLC30A4	-0.90425	47.98	-1.1E-01	rgb(193,203,221)	1.9408	None
SPIB	KNDC1	-0.90415	47.93	-4.3E-01	rgb(123,160,233)	1.9398	None
E2F7	NKD1	0.90405	47.405	0.407	rgb(221,139,140)	1.9294	None
LMX1B	TUBA1A	0.90395	47.08	0.581	rgb(223,106,107)	1.9229	None
PBX3	PTPRT	0.90385	46.965	0.346	rgb(221,151,152)	1.9206	None
NKX2-2	GRASP	0.90375	47.03	0.532	rgb(223,115,116)	1.9219	None
MAFA	PRPH	0.90366	47.44	0.438	rgb(222,133,134)	1.9301	None
RORC	SMARCA1	-0.90356	47.02	-5.2E-01	rgb(104,148,237)	1.9217	None
LHX1	RGS16	-0.90346	47.55	-5.5E-01	rgb( 98,144,238)	1.9322	None
ETV1	KCNH6	0.90336	47.645	0.646	rgb(224, 94, 95)	1.9341	None
ATOH8	KIT	0.90326	48.205	0.703	rgb(225, 83, 84)	1.9452	2,2
ETV1	ISL1	0.90316	47.105	0.603	rgb(224,102,103)	1.9234	None
ETV1	TMPRSS6	0.90306	47.73	0.733	rgb(225, 77, 79)	1.9358	None
GATA2	KCNH6	0.90296	48.405	0.405	rgb(221,140,141)	1.9492	None
EGR3	MAGED4	0.90286	48.235	0.223	rgb(219,174,175)	1.9458	None
PAX6	KCTD12	0.90276	48.265	0.132	rgb(218,192,192)	1.9464	None
ZNF382	LOC653513	-0.90266	48.01	-2.9E-02	rgb(211,213,218)	1.9414	2,2
ONECUT2	PRDM16	0.90256	48.55	0.547	rgb(223,113,114)	1.9521	None
EGR3	RASD1	-0.90246	47.105	-6.0E-01	rgb( 86,137,240)	1.9234	None
ELF4	SFRP1	-0.90236	47.83	-3.3E-01	rgb(145,173,230)	1.9378	None
HLF	MED12L	-0.90226	48.545	-1.7E-02	rgb(213,215,218)	1.952	None
ETS1	CRMP1	-0.90217	48.37	-3.7E-01	rgb(137,168,231)	1.9485	None
NEUROD2	TOX	0.90207	47	0.503	rgb(223,121,122)	1.9213	None
NKX6-1	CAND2	0.90197	48.01	0.509	rgb(223,120,121)	1.9414	None
TGIF2	CCDC86	0.90187	47.505	0.117	rgb(218,195,195)	1.9313	None
NEUROG3	PPP1R3C	0.90177	48.2	0.2	rgb(219,179,179)	1.9451	None
HSF2	ZNF883	0.90167	48.42	0.416	rgb(222,138,138)	1.9495	None
LHX1	NAT14	-0.90157	48.325	-3.2E-01	rgb(147,175,229)	1.9476	None
TEAD1	DLC1	0.90147	46.8	0.797	rgb(226, 65, 66)	1.9174	None
MYT1	CRISPLD1	0.90137	48.285	0.282	rgb(220,163,164)	1.9468	2,2
LMX1A	SLC30A8	0.90127	47.01	0.24	rgb(220,171,172)	1.9215	None
GATA2	UCN3	0.90117	47.525	0.525	rgb(223,117,118)	1.9317	None
MAFB	SFTPA2	0.90107	48.51	0.008	rgb(217,215,215)	1.9513	None
TEAD1	CFC1B	-0.90087	47.46	-4.6E-01	rgb(118,157,234)	1.9305	None
ZBTB25	AX746677	0.90087	48.425	0.424	rgb(222,136,137)	1.9496	2,2
ETV1	SLC26A7	0.90077	47.455	0.456	rgb(222,130,131)	1.9304	None
ZNF846	TRIM66	0.90068	47.56	0.02	rgb(217,213,213)	1.9324	None
GATA2	GJD2	0.90058	48.315	0.034	rgb(217,210,211)	1.9474	None
FOXD4L5	RD3	-0.90048	48.5	-1.6E-01	rgb(182,196,223)	1.9511	None
DPF3	TMEM145	0.90028	48.02	0.519	rgb(223,118,119)	1.9415	None
POU5F1	FAXC	-0.90028	47.495	-1.2E-01	rgb(192,202,221)	1.9311	None
E2F7	EIF4EBP1	0.90018	46.755	0.757	rgb(225, 72, 74)	1.9165	None
ASCL2	NPTXR	0.90008	47.46	0.458	rgb(222,129,130)	1.9305	None
NR4A3	BGN	-0.89998	48.435	-7.5E-02	rgb(201,207,220)	1.9498	None
RFX3	ITGA7	0.89988	46.535	0.534	rgb(223,115,116)	1.9121	None
FOXA1	FAM171B	0.89978	47.035	0.536	rgb(223,115,116)	1.922	None
TFCP2L1	IGFN1	0.89968	48.465	0.467	rgb(222,128,129)	1.9504	None
HMBOX1	TUBB2B	-0.89958	47.895	-1.0E-01	rgb(195,203,221)	1.9391	None
TET1	TGIF2	0.89948	47.425	0.426	rgb(222,136,136)	1.9298	None
ONECUT3	TEAD1	0.89938	48.34	0.191	rgb(219,181,181)	1.9479	None
HSF2	CHGA	-0.89928	48.295	-4.4E-03	rgb(216,216,217)	1.947	None
RORC	NPTXR	-0.89919	47.985	-7.3E-02	rgb(201,207,220)	1.9409	None
ZNF514	AK311213	0.89909	46.595	0.595	rgb(224,103,105)	1.9133	2,2
TEAD2	MAPK8IP1	-0.89899	48.01	-1.4E-01	rgb(186,198,222)	1.9414	None
CCDC17	GOLGA6L9	0.89889	47.575	0.573	rgb(223,108,109)	1.9327	2,2
MAFB	TPPP3	-0.89869	47.015	-2.9E-01	rgb(154,179,228)	1.9216	None
ZNF846	MUC17	0.89869	47.055	0.148	rgb(219,189,189)	1.9224	None
ZNF117	GOLGA6L4	0.89859	48.435	0.434	rgb(222,134,135)	1.9498	2,2
SOX4	LRRTM3	0.89849	48.205	0.048	rgb(218,208,208)	1.9452	None
TFCP2L1	PCYT1B	0.89839	47.01	0.513	rgb(223,119,120)	1.9215	None
AKNA	IPO11-LRRC70	-0.89829	47.55	-5.5E-01	rgb( 98,145,238)	1.9322	2,2
FOXP2	SCN2A	0.89819	48.215	0.054	rgb(218,207,207)	1.9454	None
FOXA1	ISLR2	0.89809	47.015	0.286	rgb(220,162,163)	1.9216	None
SIX2	HEY1	-0.89799	48.065	-5.6E-01	rgb( 95,143,238)	1.9424	None
PDX1	COL6A4P2	0.89789	47.52	0.516	rgb(223,118,119)	1.9316	None
NEUROG3	SPRY3	-0.89779	48.165	-9.8E-02	rgb(196,204,221)	1.9444	None
ONECUT3	MAST1	0.8977	47.95	0.454	rgb(222,130,131)	1.9402	None
GATA4	MAST1	-0.8976	48.445	-4.5E-01	rgb(120,158,234)	1.95	None
CCDC17	AK125437	-0.8975	47.125	-6.2E-01	rgb( 82,135,241)	1.9238	2,2
NEUROG3	RBP1	0.8974	48.19	0.19	rgb(219,181,181)	1.9449	None
ZFP62	AX746605	0.8973	46.94	0.438	rgb(222,133,134)	1.9202	2,2
RORC	AADAT	-0.8972	47.535	-5.4E-01	rgb(100,146,237)	1.9319	None
CCDC17	KCNT2	0.8971	47.565	0.568	rgb(223,109,110)	1.9325	2,2
SMAD9	CLSTN2	0.897	48.235	0.234	rgb(220,172,173)	1.9458	None
PDX1	SLC7A4	-0.8969	48.27	-2.7E-01	rgb(159,182,227)	1.9465	None
CCDC17	IFNE	0.8968	47.965	0.467	rgb(222,128,129)	1.9405	2,2
NR4A2	VWCE	-0.8967	46.91	-4.0E-01	rgb(131,165,232)	1.9196	None
PBX3	POM121L10P	0.8966	48.225	0.006	rgb(217,216,216)	1.9456	None
MAFB	TMPRSS11E	0.8965	48.415	0.184	rgb(219,182,182)	1.9494	None
GATA2	GDF1	0.8964	47.49	0.171	rgb(219,184,185)	1.931	None
ZNF492	DQ600483	0.89631	47.41	0.412	rgb(222,138,139)	1.9295	2,2
HSF2	RPL36A-HNRNPH2	0.89621	48.085	0.585	rgb(223,105,106)	1.9428	None
FOXA2	EBF3	0.89611	47.9	0.402	rgb(221,140,141)	1.9392	None
ETS1	USH1G	0.89601	47.395	0.208	rgb(219,177,178)	1.9292	None
E2F7	MLXIPL	-0.89591	48.21	-7.1E-01	rgb( 63,123,244)	1.9453	None
PBX1	SST	-0.89561	47.585	-1.7E-02	rgb(213,215,218)	1.9329	None
RORC	TSPAN7	0.89561	47.77	0.267	rgb(220,166,167)	1.9366	None
TGIF2	CYP4F24P	-0.89561	47.01	-1.8E-01	rgb(177,193,224)	1.9215	None
EGR3	LMX1A	-0.89551	48.385	-3.9E-01	rgb(133,166,232)	1.9488	None
TP73	CLPS	-0.89541	47.94	-2.8E-01	rgb(156,180,228)	1.94	None
ZNF514	AK090844	0.89531	47.56	0.561	rgb(223,110,111)	1.9324	2,2
TFCP2L1	GPR148	0.89521	47.93	0.429	rgb(222,135,136)	1.9398	None
PRDM16	CACNG4	-0.89511	47.86	-3.6E-01	rgb(140,170,231)	1.9384	None
TEAD2	TEKT2	0.89501	47.375	0.213	rgb(219,176,177)	1.9288	None
HSF2	GRIN1	-0.89491	48.38	-3.8E-01	rgb(135,167,231)	1.9487	None
GATA2	WSB1	0.89482	48.055	0.557	rgb(223,111,112)	1.9422	None
AKNA	KIAA0931	-0.89472	48.395	-4.0E-01	rgb(131,164,232)	1.949	2,2
CCDC17	AK055257	0.89462	47.945	0.444	rgb(222,132,133)	1.9401	2,2
ETV1	EFNB3	0.89452	47.06	0.563	rgb(223,109,111)	1.9225	None
LHX1	PARD6A	-0.89442	48.045	-2.2E-01	rgb(170,188,225)	1.942	None
ZNF846	ADM5	0.89432	48.245	0.249	rgb(220,169,170)	1.946	None
TGIF2	GABRE	-0.89422	47.46	-9.3E-02	rgb(197,205,221)	1.9305	None
FOXD4L5	INSM1	-0.89412	47.51	-5.1E-01	rgb(107,150,236)	1.9314	None
ZNF514	AX747648	0.89402	47.89	0.89	rgb(227, 47, 49)	1.939	2,2
PBX3	MAPK7	-0.89392	47.94	-4.4E-01	rgb(121,159,234)	1.94	None
PRDM16	EGFR	0.89382	48.06	0.56	rgb(223,110,111)	1.9423	None
GLIS2	TSPAN7	-0.89372	47.39	-2.7E-01	rgb(158,181,227)	1.9291	None
ATF6	SLC22A17	0.89362	48.33	0.05	rgb(218,207,208)	1.9477	None
POU5F1	GPR162	0.89352	46.6	0.237	rgb(220,172,172)	1.9134	None
MAFB	VWCE	0.89342	48.16	0.202	rgb(219,178,179)	1.9443	None
NHLH1	NOVA2	-0.89333	48.29	-1.3E-01	rgb(189,200,222)	1.9469	None
ETV1	PDZD4	0.89323	47.995	0.493	rgb(222,123,124)	1.9411	None
ZNF514	AL832439	0.89313	47.565	0.567	rgb(223,109,110)	1.9325	2,2
PDX1	XKR7	0.89303	48.3	0.301	rgb(220,160,160)	1.9471	None
ELF4	FAM155B	-0.89293	47.435	-4.3E-01	rgb(123,160,234)	1.93	None
NHLH1	SOX4	0.89283	47.445	0.442	rgb(222,133,133)	1.9302	None
ONECUT1	MUC16	0.89273	47.915	0.413	rgb(222,138,139)	1.9395	None
ETS1	SPDYE5	-0.89263	47.07	-1.3E-01	rgb(189,200,222)	1.9227	None
FOXA1	SORCS2	0.89253	46.625	0.625	rgb(224, 98, 99)	1.9139	None
ELF4	TET1	-0.89243	47.525	-5.2E-01	rgb(104,148,237)	1.9317	None
SPIB	GRIN2C	-0.89233	47.88	-3.8E-01	rgb(135,167,231)	1.9388	None
NEUROG3	ZFP82	0.89223	48.075	0.576	rgb(223,107,108)	1.9426	None
ZNF514	JX088243	0.89213	47.585	0.587	rgb(223,105,106)	1.9329	2,2
FOXA1	HAP1	0.89203	48.08	0.05	rgb(218,207,208)	1.9427	None
HSF2	SFMBT2	0.89193	48.075	0.575	rgb(223,107,108)	1.9426	None
SIM1	KCNA6	0.89184	46.555	0.556	rgb(223,111,112)	1.9125	2,2
PBX3	EID1	0.89174	47.81	0.042	rgb(217,209,209)	1.9374	None
MAFA	THBS4	0.89164	47.39	0.39	rgb(221,143,143)	1.9291	None
FOXA1	SLC25A53	0.89154	47.895	0.393	rgb(221,142,143)	1.9391	None
RORC	PCBP4	0.89144	48.085	0.585	rgb(223,105,106)	1.9428	None
FEV	TMEFF1	0.89134	45.995	0.455	rgb(222,130,131)	1.9014	None
PBX3	SHF	0.89124	47.955	0.224	rgb(219,174,175)	1.9403	None
PDX1	TAC3	0.89114	48.045	0.544	rgb(223,113,114)	1.942	None
NFAT5	TMEM198	-0.89104	48.05	-5.5E-01	rgb( 97,144,238)	1.9421	None
ONECUT3	CDRT4	-0.89094	47.685	-2.1E-01	rgb(172,190,225)	1.9349	None
PAX6	RUNDC3A	-0.89084	48.095	-2.4E-01	rgb(164,185,226)	1.943	None
RFX2	GPR173	0.89074	46.28	0.779	rgb(226, 68, 70)	1.9071	None
ASCL2	ADAMTSL2	0.89064	48.235	0.236	rgb(220,172,172)	1.9458	None
E2F7	CRISPLD2	0.89054	47.77	0.273	rgb(220,165,165)	1.9366	None
ZNF492	CELF5	0.89044	46.855	0.315	rgb(220,157,157)	1.9185	None
GATA2	CAMK2N2	0.89035	47.98	0.479	rgb(222,125,126)	1.9408	None
GATA4	ZFP90	-0.89025	47.905	-1.9E-01	rgb(175,191,224)	1.9393	None
CCDC17	FOXD4L5	0.89015	47.975	0.476	rgb(222,126,127)	1.9407	2,2
NFAT5	TBC1D8B	0.89005	45.84	0.839	rgb(226, 57, 58)	1.8984	None
HSF2	HOXB9	-0.88995	48.17	-1.3E-01	rgb(189,200,222)	1.9445	None
HIF1A	SPDYE1	-0.88985	47.995	-4.5E-02	rgb(207,211,219)	1.9411	None
EGR3	GPRASP2	-0.88975	48.08	-1.7E-01	rgb(180,195,223)	1.9427	None
SIX2	ZDHHC8P1	0.88965	47.51	0.512	rgb(223,119,120)	1.9314	None
FOXA1	LRRC49	0.88955	47.97	0.47	rgb(222,127,128)	1.9406	None
MAFB	NPY	0.88945	48.185	0.107	rgb(218,197,197)	1.9448	None
ETS1	CTXN1	-0.88935	47.62	-1.8E-01	rgb(178,193,224)	1.9336	None
TFCP2L1	BCL2	0.88925	48.035	0.534	rgb(223,115,116)	1.9418	None
HIC1	L1TD1	-0.88915	47.885	-1.7E-01	rgb(181,195,223)	1.9389	None
RFX2	ACOT7	-0.88905	47.985	-8.4E-02	rgb(199,206,220)	1.9409	None
SIX2	UNC93A	-0.88896	47.5	-5.0E-01	rgb(108,151,236)	1.9312	None
ETV1	SCG3	0.88876	47.715	0.213	rgb(219,176,177)	1.9355	None
PDX1	RPL36A-HNRNPH2	-0.88876	47.83	-2.5E-01	rgb(163,184,227)	1.9378	None
FOXA1	CHD5	0.88856	46.57	0.222	rgb(219,175,175)	1.9128	None
LHX1	S100A1	-0.88856	46.57	-2.2E-01	rgb(169,188,225)	1.9128	None
ONECUT2	SYNE2	0.88846	47.94	0.439	rgb(222,133,134)	1.94	None
NEUROD2	SERPINI1	0.88836	45.95	0.451	rgb(222,131,132)	1.9005	None
TFCP2L1	RPS6KL1	0.88826	48.025	0.063	rgb(218,205,205)	1.9416	None
ZFP90	ARHGAP24	0.88816	48.01	0.51	rgb(223,120,121)	1.9414	None
RORC	PODN	-0.88806	47.83	-3.3E-01	rgb(145,173,230)	1.9378	None
PDX1	KL	0.88796	47.955	0.456	rgb(222,130,131)	1.9403	None
ZNF117	DQ570835	0.88786	47.43	0.429	rgb(222,135,136)	1.9299	2,2
FEV	IFIT1	0.88776	48.02	0.519	rgb(223,118,119)	1.9415	None
HSF2	KANK2	-0.88766	46.88	-3.4E-01	rgb(144,172,230)	1.919	None
ETV1	SCGN	0.88756	47.42	0.423	rgb(222,136,137)	1.9297	None
NPAS3	FAM153A	0.88747	47.645	0.644	rgb(224, 94, 95)	1.9341	2,2
MAFA	SLC7A14	0.88737	48	0.501	rgb(223,121,122)	1.9412	None
ZFP2	FAM226B	0.88727	47.9	0.401	rgb(221,140,141)	1.9392	2,2
MAFB	EID2	-0.88717	47.775	-2.8E-01	rgb(157,181,227)	1.9367	None
ZFP28	SMOC2	-0.88707	48	-5.0E-01	rgb(108,151,236)	1.9412	None
MAFB	SULT1C2P1	-0.88697	47.92	-4.2E-01	rgb(126,162,233)	1.9396	None
ETS1	SRM	-0.88687	47.32	-1.7E-01	rgb(180,195,223)	1.9277	None
NHLH1	ACTN3	0.88677	46.54	0.542	rgb(223,113,115)	1.9122	None
PAX6	GPR173	-0.88667	46.12	-2.8E-01	rgb(156,180,228)	1.9039	None
NEUROG3	MARCH1	0.88657	47.945	0.443	rgb(222,132,133)	1.9401	None
LMX1A	TPH1	0.88647	46.105	0.176	rgb(219,183,184)	1.9036	None
MAFA	GIP	0.88637	47.985	0.483	rgb(222,125,126)	1.9409	None
ATF6	MAFF	0.88627	47.985	0.019	rgb(217,213,213)	1.9409	None
TFCP2L1	NPTX2	-0.88617	47.28	-2.1E-01	rgb(171,189,225)	1.9269	None
ETV1	SEC11C	0.88607	47.93	0.428	rgb(222,135,136)	1.9398	None
GATA4	PCED1B-AS1	-0.88598	47.45	-4.5E-01	rgb(119,157,234)	1.9303	None
ELF4	TCEAL1	0.88588	47.635	0.017	rgb(217,214,214)	1.9339	None
TFCP2L1	TAC3	-0.88578	47.935	-6.8E-02	rgb(202,208,220)	1.9399	None
LMX1B	ILDR2	0.88568	47.94	0.439	rgb(222,133,134)	1.94	None
ZNF514	AX747819	0.88558	47.66	0.66	rgb(224, 91, 92)	1.9344	2,2
PLAG1	CD70	-0.88548	47.95	-4.5E-01	rgb(119,157,234)	1.9402	None
SOX4	PLCXD3	-0.88538	47.93	-4.3E-01	rgb(123,160,233)	1.9398	None
AEBP1	WISP1	-0.88528	47.48	-4.8E-01	rgb(113,153,235)	1.9309	2,2
NEUROG3	IGFBPL1	0.88518	47.73	0.231	rgb(220,173,173)	1.9358	None
RORC	NHLH1	-0.88508	47.34	-1.2E-01	rgb(191,201,222)	1.9281	None
HSF2	TPGS1	-0.88498	46.635	-6.4E-01	rgb( 79,133,241)	1.9141	None
FOXA1	KSR2	0.88488	47.74	0.238	rgb(220,172,172)	1.936	None
FOXA1	EYA4	0.88478	46.87	0.373	rgb(221,146,146)	1.9188	None
NEUROD2	PLEKHB1	0.88458	46.14	0.638	rgb(224, 95, 96)	1.9043	None
PBX3	RGS4	0.88458	47.37	0.372	rgb(221,146,147)	1.9287	None
TP73	HIF1A	0.88449	47.725	0.095	rgb(218,199,199)	1.9357	None
TEAD1	IGSF10	0.88439	47.5	0.26	rgb(220,167,168)	1.9312	None
HIF1A	ACTN3	0.88429	47.38	0.169	rgb(219,185,185)	1.9289	None
GATA4	TRPM2	0.88409	46.53	0.535	rgb(223,115,116)	1.912	None
TP73	PITRM1-AS1	0.88409	47.95	0.07	rgb(218,204,204)	1.9402	None
NHLH1	CDKN1C	0.88399	46.37	0.342	rgb(221,152,152)	1.9089	None
RFX6	GTF2IRD1P1	0.88389	47.6	0.599	rgb(224,103,104)	1.9332	None
LHX1	PYY	-0.88379	46.465	-4.7E-01	rgb(116,155,235)	1.9107	None
PAX6	DACH1	-0.88369	47.315	-2.4E-01	rgb(166,186,226)	1.9276	None
PAX6	NUP210	0.88359	47.9	0.4	rgb(221,141,141)	1.9392	None
ZFP90	CHST10	0.88349	47.665	0.164	rgb(219,186,186)	1.9345	None
FOXD4L5	CPB1	0.88339	46.585	0.133	rgb(218,192,192)	1.9131	None
ZNF788	CCDC17	0.88329	47.91	0.407	rgb(221,139,140)	1.9394	2,2
MAFB	ACE	-0.88319	47.76	-2.6E-01	rgb(160,182,227)	1.9364	None
LMX1B	FOXP2	0.88309	46.01	0.512	rgb(223,119,120)	1.9017	None
ONECUT2	ANKRD36C	0.8829	47.365	0.363	rgb(221,148,148)	1.9286	None
RFX2	CACNG4	0.8829	47.835	0.337	rgb(221,153,153)	1.9379	None
TEAD1	SSTR5-AS1	-0.8828	47.82	-3.2E-01	rgb(147,175,229)	1.9376	None
LMX1A	SEZ6L	0.8827	47.825	0.016	rgb(217,214,214)	1.9377	None
FOXD4L5	CD99L2	-0.8826	47.83	-3.3E-01	rgb(145,173,230)	1.9378	None
MAFA	FAM155B	0.8825	47.32	0.08	rgb(218,202,202)	1.9277	None
E2F7	ID4	-0.8824	47.545	-5.5E-01	rgb( 99,145,238)	1.9321	None
ETS1	GRIN2C	0.8823	47.57	0.015	rgb(217,214,214)	1.9326	None
SOX4	UCN3	-0.8822	47.585	-5.8E-01	rgb( 90,140,239)	1.9329	None
MAFA	COL6A4P2	0.8821	47.415	0.415	rgb(222,138,139)	1.9296	None
TGIF2	CHRM4	0.882	45.785	0.785	rgb(226, 67, 69)	1.8973	None
RFX6	RBP1	0.8818	47.48	0.48	rgb(222,125,126)	1.9309	None
SOX4	TGIF2	0.8818	47.51	0.51	rgb(223,120,121)	1.9314	None
GATA2	CLCN4	0.8817	46.585	0.584	rgb(223,105,107)	1.9131	None
ETV1	SPOCK3	0.88161	47.215	0.718	rgb(225, 80, 81)	1.9256	None
AEBP1	AK092251	0.88151	47.88	0.382	rgb(221,144,145)	1.9388	2,2
HSF2	PPP4R4	-0.88141	46.39	-3.9E-01	rgb(132,165,232)	1.9093	None
HSF2	IFI44	0.88131	47.255	0.146	rgb(219,189,189)	1.9264	None
NHLH1	GOLGA7B	0.88121	45.735	0.734	rgb(225, 77, 78)	1.8963	None
SOX4	LRFN1	-0.88111	47.33	-9.8E-03	rgb(215,216,217)	1.9279	None
MAFA	STMND1	-0.88101	47.635	-6.4E-01	rgb( 78,133,241)	1.9339	None
GATA4	RTN1	0.88091	46.94	0.439	rgb(222,133,134)	1.9202	None
LHX1	CCK	-0.88081	47.44	-4.4E-01	rgb(122,159,234)	1.9301	None
FOXJ1	CTTNBP2	-0.88071	47.545	-5.5E-01	rgb( 98,145,238)	1.9321	None
ETS1	SV2A	-0.88061	46.555	-5.5E-01	rgb( 97,144,238)	1.9125	None
GATA2	PTHLH	0.88041	47.52	0.11	rgb(218,196,196)	1.9316	None
PDX1	TTBK1	0.88041	45.59	0.591	rgb(224,104,105)	1.8934	None
HES4	TMEM158	0.88031	45.96	0.463	rgb(222,129,129)	1.9007	None
NEUROD2	IGSF10	0.88021	46.465	0.465	rgb(222,128,129)	1.9107	None
TSHZ1	AX746771	-0.88012	47.64	-6.4E-01	rgb( 78,133,241)	1.934	2,2
ZNF788	HNRNPU-AS1	0.88002	47.795	0.294	rgb(220,161,161)	1.9371	2,2
PBX3	AMPH	-0.87992	46.875	-2.7E-01	rgb(159,182,227)	1.9189	None
PAX6	EYA4	-0.87982	47.59	-3.8E-02	rgb(209,212,218)	1.933	None
MAFF	MX2	-0.87972	47.545	-1.4E-02	rgb(214,215,218)	1.9321	None
ASCL2	DLL1	0.87962	46.04	0.543	rgb(223,113,114)	1.9023	None
HIF1A	SPP1	-0.87952	46.575	-1.1E-01	rgb(194,203,221)	1.9129	None
PAX6	HOOK3	-0.87942	46.98	-1.1E-01	rgb(194,203,221)	1.9209	None
CCDC17	TAS2R20	0.87932	47.62	0.616	rgb(224, 99,100)	1.9336	2,2
PROX1	MUC5AC	0.87922	46.59	0.079	rgb(218,202,202)	1.9132	2,2
ELF4	POU6F1	0.87912	47.75	0.249	rgb(220,169,170)	1.9362	None
NEUROG3	LOC100128288	0.87902	46.82	0.321	rgb(221,156,156)	1.9178	None
ELF4	WDR17	-0.87892	47.605	-6.1E-01	rgb( 86,137,240)	1.9333	None
PDX1	MUC17	0.87882	47.59	0.587	rgb(223,105,106)	1.933	None
PLAG1	NTNG2	0.87872	47.75	0.246	rgb(220,170,170)	1.9362	None
ETS1	MTUS2	-0.87853	47.595	-5.9E-01	rgb( 88,138,240)	1.9331	None
FOXD4L5	SOGA3	0.87853	47.62	0.177	rgb(219,183,183)	1.9336	None
NEUROG3	PMP22	0.87843	45.56	0.561	rgb(223,110,111)	1.8928	None
ZNF519	RTEL1	0.87833	47.5	0.501	rgb(223,121,122)	1.9312	None
ELF4	TMSB15B	-0.87823	45.81	-8.1E-01	rgb( 41,110,248)	1.8978	None
NKX2-2	PRRT3	0.87813	47.65	0.652	rgb(224, 92, 94)	1.9342	None
LMX1A	BLMH	0.87793	45.26	0.157	rgb(219,187,187)	1.8869	None
PDX1	SSTR5-AS1	0.87793	47.575	0.579	rgb(223,106,108)	1.9327	None
ETV1	MYBPC3	0.87783	47.51	0.032	rgb(217,211,211)	1.9314	None
FOXA1	GDAP1	0.87763	47.34	0.34	rgb(221,152,153)	1.9281	None
PLAG1	ZFP2	-0.87763	47.785	-3.4E-02	rgb(210,213,218)	1.9369	None
SPIB	EPHA8	0.87753	47.22	0.22	rgb(219,175,175)	1.9257	None
PAX6	FGF17	-0.87743	47.475	-7.1E-02	rgb(202,208,220)	1.9308	None
HSF2	GATA4	-0.87733	47.77	-7.0E-02	rgb(202,208,220)	1.9366	None
ETS1	SLC25A27	-0.87723	47.745	-2.4E-01	rgb(164,185,226)	1.9361	None
GATA4	FGF9	0.87714	47.53	0.529	rgb(223,116,117)	1.9318	None
RFX2	BAALC	0.87704	46.04	0.539	rgb(223,114,115)	1.9023	None
GATA4	SLC22A17	-0.87694	47.405	-4.1E-01	rgb(129,163,232)	1.9294	None
FOXA1	CDH5	-0.87674	45.22	-7.2E-01	rgb( 61,122,244)	1.8861	None
NEUROG3	DKK3	0.87674	45.22	0.722	rgb(225, 79, 80)	1.8861	None
ONECUT3	HIF1A	0.87664	47.56	0.131	rgb(218,192,192)	1.9324	None
GATA4	SDCBP2-AS1	-0.87654	46.575	-5.7E-01	rgb( 93,141,239)	1.9129	None
ZNF788	LOC644172	0.87644	47.45	0.455	rgb(222,130,131)	1.9303	2,2
GATA2	FOXP2	0.87634	45.98	0.34	rgb(221,152,153)	1.9011	None
ZNF492	USP6	0.87624	45.69	0.689	rgb(225, 85, 87)	1.8954	None
LMX1B	ARNT2	0.87614	45.575	0.572	rgb(223,108,109)	1.8931	None
ETV1	REEP2	0.87604	47.14	0.123	rgb(218,193,194)	1.9241	None
ZNF846	CCDC14	0.87594	45.945	0.272	rgb(220,165,166)	1.9004	None
GATA4	GDF1	0.87584	46.775	0.273	rgb(220,165,165)	1.9169	None
EGR3	TPPP3	0.87574	47.115	0.006	rgb(217,216,216)	1.9236	None
SIM1	FAM196A	0.87565	47.295	0.295	rgb(220,161,161)	1.9272	2,2
ZNF846	SRM	-0.87555	46.86	-1.4E-01	rgb(186,198,222)	1.9186	None
TET1	KCNH8	0.87545	47.52	0.521	rgb(223,118,119)	1.9316	None
NHLH1	LRRC10B	0.87535	47.53	0.532	rgb(223,115,116)	1.9318	None
SMAD9	LIMS2	-0.87525	47.495	-7.3E-02	rgb(201,207,220)	1.9311	None
TFCP2L1	MAP1A	0.87515	46.955	0.458	rgb(222,130,130)	1.9204	None
FOXJ1	MCF2L	-0.87505	47.035	-3.1E-01	rgb(150,176,229)	1.922	None
E2F7	FAM155B	-0.87495	45.985	-3.2E-01	rgb(147,174,229)	1.9012	None
GATA4	CELA3B	-0.87485	47.52	-5.2E-01	rgb(104,148,237)	1.9316	None
MAFB	FSTL5	-0.87475	47.505	-5.4E-02	rgb(205,210,219)	1.9313	None
HIF1A	IQCA1	0.87455	47.3	0.231	rgb(220,173,173)	1.9273	None
ZNF788	ACTG1P4	0.87455	47.105	0.603	rgb(224,102,103)	1.9234	2,2
TEAD1	GIP	-0.87445	46.985	-4.9E-01	rgb(111,153,236)	1.921	None
SOX4	MAPK4	-0.87435	47.395	-3.1E-01	rgb(149,176,229)	1.9292	None
ETV1	SCN3B	0.87426	45.455	0.453	rgb(222,130,131)	1.8907	None
ZFHX2	COL22A1	0.87416	46.1	0.602	rgb(224,102,103)	1.9035	None
PAX6	VGF	-0.87406	46.55	-8.0E-03	rgb(215,216,217)	1.9124	None
SMAD9	BGN	0.87386	46.48	0.479	rgb(222,125,126)	1.911	None
ZNF382	NAIP	-0.87386	46.605	-8.4E-02	rgb(199,206,220)	1.9135	2,2
MAFA	IFI44	-0.87376	46.84	-3.4E-01	rgb(143,172,230)	1.9182	None
HSF2	CLCN4	-0.87366	47.63	-7.2E-02	rgb(201,208,220)	1.9338	None
SIM1	ERO1LB	0.87346	46.91	0.407	rgb(221,139,140)	1.9196	2,2
TP73	ZNF853	0.87346	46.465	0.217	rgb(219,175,176)	1.9107	None
NPAS3	AK095045	0.87336	46.435	0.438	rgb(222,133,134)	1.9101	2,2
FOXA1	GIP	0.87326	46.935	0.085	rgb(218,201,201)	1.9201	None
RFX6	AGT	0.87316	45.52	0.52	rgb(223,118,119)	1.892	None
ARNT2	DPYSL4	0.87306	46.395	0.396	rgb(221,141,142)	1.9094	None
HSF2	DCHS1	0.87296	47.485	0.085	rgb(218,201,201)	1.9309	None
HSF2	GDF1	-0.87286	47.355	-3.6E-01	rgb(140,170,231)	1.9284	None
NEUROG3	CDH22	0.87277	45.59	0.586	rgb(223,105,106)	1.8934	None
SOX4	ADAMTSL1	-0.87267	47.48	-4.8E-01	rgb(113,154,235)	1.9309	None
TEAD1	CELSR3	-0.87257	46.535	-1.1E-01	rgb(194,203,221)	1.9121	None
ASCL2	SSTR3	0.87247	46.43	0.429	rgb(222,135,136)	1.91	None
NEUROD2	MMP2	0.87227	47.385	0.386	rgb(221,143,144)	1.929	None
TP73	ITGA7	0.87227	45.515	0.517	rgb(223,118,119)	1.8919	None
FOXA1	MYBPC3	0.87217	45.895	0.3	rgb(220,160,160)	1.8994	None
RORC	TRPC7	0.87207	46.87	0.06	rgb(218,205,206)	1.9188	None
HSF2	CCND2	-0.87197	47.36	-3.9E-02	rgb(208,212,218)	1.9285	None
NFAT5	KLB	0.87177	47.355	0.359	rgb(221,148,149)	1.9284	None
ZNF846	GREB1	-0.87177	47.455	-1.4E-01	rgb(186,198,222)	1.9304	None
SIM1	AK123868	0.87167	47.29	0.288	rgb(220,162,163)	1.9271	2,2
E2F7	FJX1	0.87157	45.61	0.606	rgb(224,101,103)	1.8938	None
FEV	BRSK1	0.87147	45.08	0.583	rgb(223,106,107)	1.8833	None
ZNF846	LZTS1	0.87137	47.3	0.259	rgb(220,167,168)	1.9273	None
ZNF382	CALY	-0.87128	47.105	-1.5E-01	rgb(185,197,223)	1.9234	None
MAFA	ELFN1	0.87118	46.405	0.406	rgb(221,139,140)	1.9096	None
PAX6	BRS3	-0.87108	45.99	-2.7E-01	rgb(159,182,227)	1.9013	None
ARX	ARL4D	0.87098	45.905	0.278	rgb(220,164,164)	1.8996	None
RFX2	PARD6A	-0.87088	45.6	-1.2E-01	rgb(191,201,222)	1.8936	None
ETV1	PCSK1	0.87078	46.485	0.483	rgb(222,125,126)	1.9111	None
LMX1B	SH2D3C	0.87068	46.555	0.558	rgb(223,111,112)	1.9125	None
PRDM16	CYP4F24P	0.87058	47.42	0.422	rgb(222,136,137)	1.9297	None
NR4A2	LRFN1	-0.87048	47.385	-3.8E-01	rgb(134,166,232)	1.929	None
ETS1	CTNND1	0.87038	46.75	0.248	rgb(220,170,170)	1.9164	None
EGR3	CACNB2	-0.87028	47.42	-4.2E-01	rgb(126,162,233)	1.9297	None
SOX4	PMP22	0.87018	45.63	0.63	rgb(224, 97, 98)	1.8942	None
PDX1	DPF3	-0.87008	45.135	-1.9E-01	rgb(175,192,224)	1.8844	None
SMAD9	CACNG7	0.86998	46.39	0.389	rgb(221,143,144)	1.9093	None
MAFA	CLSTN2	0.86988	47.21	0.091	rgb(218,200,200)	1.9255	None
HSF2	PRPH	-0.86979	47.15	-1.3E-01	rgb(189,200,222)	1.9243	None
E2F7	GCH1	-0.86969	45.525	-5.3E-01	rgb(103,147,237)	1.8921	None
PDX1	SPC25	-0.86959	45.245	-7.4E-01	rgb( 56,119,245)	1.8866	None
TGIF2	NUP210	-0.86949	46.435	-2.1E-01	rgb(172,190,225)	1.9101	None
NKX6-1	MED12L	0.86939	47.19	0.188	rgb(219,181,182)	1.9251	None
KCNIP3	CRISPLD1	0.86929	46.155	0.654	rgb(224, 92, 93)	1.9046	2,2
HLF	NINJ1	-0.86919	47.4	-4.8E-02	rgb(207,211,219)	1.9293	None
LMX1A	UCN3	0.86909	46.485	0.005	rgb(217,216,216)	1.9111	None
RORC	AMPH	-0.86899	47.335	-3.3E-01	rgb(144,173,230)	1.928	None
HSF2	CLCNKA	0.86889	45.6	0.602	rgb(224,102,103)	1.8936	None
ZBTB25	AX747393	0.86879	46.025	0.526	rgb(223,116,118)	1.902	2,2
FOXJ1	COL6A4P2	-0.86869	45.115	-6.1E-01	rgb( 84,136,240)	1.884	None
HSF2	PBX3	-0.86859	47.065	-5.5E-02	rgb(205,210,219)	1.9226	None
NFAT5	PTGDR2	-0.86849	46.81	-3.0E-02	rgb(210,213,218)	1.9176	None
MAFF	DDN	0.8683	46.34	0.309	rgb(220,158,159)	1.9083	None
RORC	ZNF518A	-0.8683	47.21	-7.1E-01	rgb( 63,123,244)	1.9255	None
HSF2	CELSR2	0.8682	46.655	0.075	rgb(218,203,203)	1.9145	None
ZNF382	AX746734	0.8681	46.66	0.04	rgb(217,209,209)	1.9146	2,2
MYT1	ECEL1	0.868	47.3	0.3	rgb(220,160,160)	1.9273	2,2
MAFA	JAKMIP1	0.8679	47.005	0.509	rgb(223,120,121)	1.9214	None
SIX2	GFRA3	0.8678	46	0.499	rgb(222,122,123)	1.9015	None
ZFHX2	SLC30A4	0.8677	47.355	0.357	rgb(221,149,150)	1.9284	None
LMX1A	PCSK2	0.8676	45.035	0.315	rgb(220,157,158)	1.8824	None
HSF2	SPC25	0.8675	45.205	0.181	rgb(219,182,183)	1.8858	None
ZFP82	WNK2	0.8674	45.905	0.233	rgb(220,172,173)	1.8996	None
LMX1B	ZCCHC18	0.8673	46.78	0.282	rgb(220,163,164)	1.917	None
ZNF788	FLJ35282	0.8672	47.32	0.322	rgb(221,155,156)	1.9277	2,2
LHX1	SOGA3	-0.8671	47.35	-5.7E-02	rgb(205,210,219)	1.9283	None
ZNF846	AX747833	0.867	47.155	0.148	rgb(219,189,189)	1.9244	2,2
HLF	SDK2	0.86691	46.62	0.087	rgb(218,200,201)	1.9138	None
LHX1	FAM126A	-0.86681	47.285	-2.9E-01	rgb(155,179,228)	1.927	None
HMBOX1	SOGA3	0.86671	47.035	0.539	rgb(223,114,115)	1.922	None
ETV1	DPEP1	-0.86661	46.55	-3.0E-02	rgb(210,213,218)	1.9124	None
ETV1	PCSK2	0.86651	47.32	0.319	rgb(221,156,157)	1.9277	None
RORC	SYN1	-0.86641	47.115	-6.2E-01	rgb( 83,136,240)	1.9236	None
ETS1	GABRG2	-0.86631	46.845	-1.1E-01	rgb(192,202,221)	1.9183	None
PRDM16	CALCOCO1	0.86621	47.31	0.313	rgb(220,157,158)	1.9275	None
MAFB	CHD5	-0.86611	46.96	-1.1E-01	rgb(194,203,221)	1.9205	None
ZNF514	BC040358	0.86601	46.025	0.528	rgb(223,116,117)	1.902	2,2
LHX1	ATF6	-0.86591	46.825	-2.3E-01	rgb(168,187,226)	1.9179	None
NEUROG3	LTF	0.86581	45.23	0.73	rgb(225, 77, 79)	1.8863	None
EGR3	CBFA2T3	-0.86561	45.925	-4.2E-01	rgb(125,161,233)	1.9	None
GATA2	WNK3	0.86561	45.665	0.076	rgb(218,202,203)	1.8949	None
EGR3	TAF9B	-0.86551	46.81	-3.1E-01	rgb(150,176,229)	1.9176	None
FOXA1	GAP43	0.86542	46.5	0.496	rgb(222,122,123)	1.9114	None
FOXA1	STARD4-AS1	-0.86532	47.07	-8.8E-02	rgb(198,205,220)	1.9227	None
MAFB	KCNJ3	-0.86522	47.075	-8.6E-02	rgb(198,206,220)	1.9228	None
ZBTB25	BC150585	0.86512	47.045	0.547	rgb(223,113,114)	1.9222	2,2
ATF5	DST	0.86502	45.13	0.248	rgb(220,170,170)	1.8843	None
ZFHX2	SCUBE3	-0.86492	47.07	-2.0E-01	rgb(173,190,225)	1.9227	None
FEV	SYN1	0.86482	46.285	0.284	rgb(220,163,163)	1.9072	None
FEV	CRYBA2	0.86472	46.635	0.638	rgb(224, 95, 96)	1.9141	None
ZNF514	AK094909	0.86462	47.05	0.549	rgb(223,112,113)	1.9223	2,2
TFCP2L1	LINC00643	-0.86452	46.91	-4.1E-01	rgb(128,163,233)	1.9196	None
FOXD4L5	PAX6	0.86442	47.065	0.565	rgb(223,109,110)	1.9226	None
EGR3	ARHGAP22	-0.86422	47.035	-5.3E-01	rgb(101,147,237)	1.922	None
LHX1	CD96	0.86422	45.19	0.686	rgb(225, 86, 87)	1.8855	None
TEAD2	GPC2	0.86412	46.085	0.582	rgb(223,106,107)	1.9032	None
NEUROG3	MEX3B	0.86402	45.015	0.515	rgb(223,119,120)	1.882	None
MAFA	LINC00939	-0.86393	47.205	-3.5E-02	rgb(209,212,218)	1.9254	None
GATA4	NPTX1	-0.86383	46.395	-1.8E-01	rgb(178,193,224)	1.9094	None
FOXD4L5	H1FX-AS1	-0.86373	47.035	-5.4E-01	rgb(100,146,237)	1.922	None
LMX1B	CD200	0.86363	45.55	0.101	rgb(218,198,198)	1.8926	None
MAFB	HIC1	0.86353	46.985	0.017	rgb(217,214,214)	1.921	None
LMX1B	SLC38A3	0.86343	47.02	0.517	rgb(223,118,119)	1.9217	None
PBX3	NPSR1-AS1	0.86333	45.135	0.634	rgb(224, 96, 97)	1.8844	None
SPIB	XKR7	-0.86323	46.885	-5.2E-02	rgb(206,210,219)	1.9191	None
SPIB	SPDYE7P	-0.86313	46.725	-2.2E-01	rgb(168,187,226)	1.9159	None
FOXD4L5	SNED1	0.86303	47.025	0.528	rgb(223,116,117)	1.9218	None
NFAT5	RASD1	-0.86293	45.445	-4.4E-01	rgb(121,158,234)	1.8905	None
MAFA	PTPRN	0.86283	46.7	0.062	rgb(218,205,205)	1.9154	None
PBX1	MAGED4	-0.86273	46.865	-3.6E-01	rgb(138,169,231)	1.9187	None
ATF6	SCG2	0.86263	46.075	0.073	rgb(218,203,203)	1.903	None
TFCP2L1	PBX3	0.86253	46.985	0.489	rgb(222,124,125)	1.921	None
TFCP2L1	STMN3	0.86244	45.555	0.194	rgb(219,180,180)	1.8927	None
MAFA	TPPP3	0.86234	45.475	0.476	rgb(222,126,127)	1.8911	None
SOX4	MYBPC2	0.86224	46.03	0.533	rgb(223,115,116)	1.9021	None
POU5F1	CDKN1C	0.86214	46.065	0.053	rgb(218,207,207)	1.9028	None
SOX4	CLCN4	0.86204	46.735	0.175	rgb(219,184,184)	1.9161	None
PDX1	SCG2	0.86194	45.64	0.03	rgb(217,211,211)	1.8944	None
ZNF514	WHAMMP1	0.86184	46.475	0.473	rgb(222,127,128)	1.9109	2,2
MYRF	AK024248	0.86174	46.965	0.074	rgb(218,203,203)	1.9206	2,2
RFX6	GAD2	0.86164	44.985	0.483	rgb(222,125,126)	1.8814	None
FOXA1	CSH1	0.86154	45.445	0.445	rgb(222,132,133)	1.8905	None
E2F7	ASCL2	0.86144	46.845	0.346	rgb(221,151,152)	1.9183	None
ZNF514	BC041347	0.86134	46.795	0.291	rgb(220,161,162)	1.9173	2,2
LMX1B	CD99L2	0.86124	46.02	0.521	rgb(223,118,119)	1.9019	None
MAFB	PLXNC1	0.86114	45.59	0.02	rgb(217,213,213)	1.8934	None
FEV	IL17C	0.86104	44.98	0.283	rgb(220,163,164)	1.8813	None
TFCP2L1	GPR137C	0.86095	45.62	0.018	rgb(217,213,214)	1.894	None
NKX6-1	ADCY2	0.86085	46.89	0.388	rgb(221,143,144)	1.9192	None
NEUROG3	LOC100652999	0.86075	46.36	0.361	rgb(221,148,149)	1.9087	None
TEAD1	CYP27A1	-0.86065	46.53	-5.3E-01	rgb(102,147,237)	1.912	None
NEUROD1	ASXL3	0.86055	44.46	0.462	rgb(222,129,130)	1.871	None
DACH1	CCDC154	0.86045	45.6	0.602	rgb(224,102,103)	1.8936	2,2
AKNA	S100G	-0.86035	46.965	-4.7E-01	rgb(115,155,235)	1.9206	2,2
HSF2	REM2	-0.86025	45.545	-7.3E-02	rgb(201,207,220)	1.8925	None
LMX1B	FUT1	0.86015	45.015	0.518	rgb(223,118,119)	1.882	None
TFCP2L1	B3GNTL1	0.86005	46.96	0.461	rgb(222,129,130)	1.9205	None
PBX3	COL12A1	0.85995	46.965	0.034	rgb(217,210,211)	1.9206	None
GATA2	GPR162	0.85985	46.325	0.323	rgb(221,155,156)	1.908	None
POU5F1	ROBO1	0.85975	44.98	0.48	rgb(222,125,126)	1.8813	None
GATA4	DNAH11	0.85965	45.945	0.444	rgb(222,132,133)	1.9004	None
ASCL2	CCDC78	0.85956	45.07	0.573	rgb(223,108,109)	1.8831	None
GATA4	GJD2	0.85946	46.75	0.083	rgb(218,201,201)	1.9164	None
SIX2	CCDC150	0.85936	46.64	0.641	rgb(224, 95, 96)	1.9142	None
ZNF846	ZNF514	-0.85926	45.4	-4.0E-01	rgb(130,164,232)	1.8896	None
ZNF514	BC131755	0.85916	46.915	0.415	rgb(222,138,139)	1.9197	2,2
ZNF846	SPDYA	-0.85906	46.875	-3.8E-01	rgb(135,167,231)	1.9189	None
ZNF514	CR627225	0.85896	46.605	0.605	rgb(224,102,103)	1.9135	2,2
NPAS3	AK022997	0.85886	46.39	0.392	rgb(221,142,143)	1.9093	2,2
HSF2	MMRN1	-0.85876	46.905	-1.2E-01	rgb(192,202,221)	1.9195	None
ETV1	NR4A3	0.85866	46.76	0.039	rgb(217,209,210)	1.9166	None
LMX1B	SLC30A4	0.85856	46.91	0.412	rgb(222,138,139)	1.9196	None
MAFF	CCDC113	-0.85846	46.67	-6.7E-01	rgb( 72,129,242)	1.9148	None
ZFHX2	SLC30A8	0.85836	46.91	0.002	rgb(217,217,217)	1.9196	None
MAFA	JMJD7-PLA2G4B	-0.85826	46.34	-3.4E-01	rgb(143,172,230)	1.9083	None
PBX3	HSPA2	0.85816	46.645	0.066	rgb(218,204,204)	1.9143	None
PBX3	FTCD	0.85797	44.44	0.44	rgb(222,133,134)	1.8706	None
POU2F2	SLC26A7	0.85797	46.915	0.418	rgb(222,137,138)	1.9197	None
ELF4	PMFBP1	-0.85787	45.21	-7.1E-01	rgb( 63,123,244)	1.8859	None
FOXA1	RIMBP2	0.85777	46.9	0.399	rgb(221,141,142)	1.9194	None
TFCP2L1	SH3RF3-AS1	0.85767	46.42	0.42	rgb(222,137,138)	1.9098	None
SIM1	AFF2	0.85757	46.445	0.446	rgb(222,132,133)	1.9103	2,2
GATA4	SDK1	-0.85747	46.915	-1.3E-01	rgb(190,200,222)	1.9197	None
GRHL3	PCDHB10	0.85737	46.58	0.582	rgb(223,106,107)	1.913	2,2
NEUROG3	QDPR	0.85727	44.435	0.437	rgb(222,134,134)	1.8705	None
PAX6	SYT14	0.85717	45.465	0.155	rgb(219,187,188)	1.8909	None
ZNF382	ACBD7	-0.85707	45.615	-5.2E-02	rgb(206,210,219)	1.8939	None
ZNF846	HES6	-0.85697	46.74	-1.3E-02	rgb(214,215,217)	1.9162	None
MAFB	CADM3	-0.85687	45.43	-4.3E-01	rgb(123,160,233)	1.8902	None
POU2F2	SLITRK6	-0.85677	46.68	-6.8E-01	rgb( 70,127,243)	1.915	None
TFCP2L1	IFI6	0.85667	45.08	0.224	rgb(219,174,175)	1.8833	None
ETV1	RIMBP2	0.85658	44.43	0.429	rgb(222,135,136)	1.8704	None
FOXA1	RSPH10B2	0.85638	46.62	0.121	rgb(218,194,194)	1.9138	None
HMBOX1	OGFRL1	0.85638	46.15	0.653	rgb(224, 92, 94)	1.9045	None
HIC1	TTC7B	0.85628	46.855	0.358	rgb(221,149,149)	1.9185	None
ELF4	NTNG2	-0.85618	45.935	-3.2E-02	rgb(210,213,218)	1.9002	None
TEAD1	BAALC	-0.85608	46.465	-4.6E-01	rgb(116,156,235)	1.9107	None
ZNF514	LOC286437	0.85598	46.865	0.366	rgb(221,147,148)	1.9187	2,2
EGR3	EMB	-0.85588	44.425	-4.2E-01	rgb(125,161,233)	1.8703	None
ZFHX2	LDB1	0.85578	46.825	0.324	rgb(221,155,156)	1.9179	None
NKX2-2	NHLH1	0.85568	44.885	0.344	rgb(221,151,152)	1.8794	None
MAFA	PAPPA2	0.85558	46.38	0.382	rgb(221,144,145)	1.9091	None
HLF	AX747090	0.85548	46.545	0.066	rgb(218,204,205)	1.9123	2,2
SPIB	PRKXP1	-0.85538	45.945	-1.5E-01	rgb(184,197,223)	1.9004	None
ETS1	RGS11	-0.85528	46.85	-3.5E-01	rgb(141,171,230)	1.9184	None
EGR3	XKR7	0.85518	46.4	0.402	rgb(221,140,141)	1.9095	None
GATA4	ZG16	0.85509	46.83	0.003	rgb(217,217,217)	1.918	None
LMX1B	RNF150	0.85499	45.87	0.371	rgb(221,146,147)	1.8989	None
LHX1	CAND2	-0.85489	46.85	-3.5E-01	rgb(141,171,230)	1.9184	None
NEUROG3	JAKMIP2	0.85479	46.855	0.358	rgb(221,149,149)	1.9185	None
MAFB	CHGB	-0.85469	46.495	-1.8E-01	rgb(177,193,224)	1.9113	None
ETS1	HMBOX1	0.85459	46.85	0.012	rgb(217,215,215)	1.9184	None
ZNF846	TMSB15B	0.85449	45.595	0.596	rgb(224,103,104)	1.8935	None
E2F7	ID2	-0.85439	44.93	-4.3E-01	rgb(123,160,233)	1.8803	None
ETV1	MLN	0.85429	46.765	0.262	rgb(220,167,168)	1.9167	None
SOX4	KCNJ3	-0.85419	45.975	-4.8E-01	rgb(114,154,235)	1.901	None
RFX2	ASIC4	0.85409	46.38	0.378	rgb(221,145,146)	1.9091	None
NR4A3	RTEL1	0.85399	45.98	0.48	rgb(222,125,126)	1.9011	None
NEUROD2	SPON2	0.85389	46.51	0.512	rgb(223,119,120)	1.9116	None
GATA4	FOXP2	0.85379	46.82	0.07	rgb(218,204,204)	1.9178	None
SIM1	SCN3A	0.85369	46.375	0.374	rgb(221,146,146)	1.909	2,2
GATA4	ASIC1	-0.8536	46.35	-3.5E-01	rgb(141,171,230)	1.9085	None
SIM1	KIF5C	0.8535	45.105	0.603	rgb(224,102,103)	1.8838	2,2
ZNF846	PGF	0.8534	46.585	0.025	rgb(217,212,212)	1.9131	None
PBX1	TUBB3	-0.8533	46.37	-3.7E-01	rgb(136,168,231)	1.9089	None
PBX3	LAPTM5	0.8532	46	0.034	rgb(217,210,211)	1.9015	None
CCDC17	AX747179	0.8531	46.58	0.577	rgb(223,107,108)	1.913	2,2
PBX3	FBXL16	0.853	46.81	0.06	rgb(218,206,206)	1.9176	None
LMX1B	CNGA4	0.8529	46.805	0.306	rgb(220,158,159)	1.9175	None
FOXD4L5	CNGA3	0.8528	45.49	0.491	rgb(222,123,124)	1.8914	None
SOX4	GPC6	-0.8527	46.585	-5.9E-01	rgb( 90,140,239)	1.9131	None
SOX4	SLC12A5	-0.8526	45.335	-3.4E-01	rgb(144,173,230)	1.8883	None
ZNF846	ANKRD20A9P	0.8525	46.085	0.048	rgb(218,208,208)	1.9032	2,2
LHX1	SLC30A8	-0.8524	46.795	-2.9E-01	rgb(153,178,228)	1.9173	None
EGR3	AADAT	-0.8523	46.33	-6.8E-02	rgb(202,208,220)	1.9081	None
ELF4	GDF1	-0.85221	46.395	-5.8E-02	rgb(204,209,219)	1.9094	None
EGR3	DPYSL4	0.85211	44.945	0.445	rgb(222,132,133)	1.8806	None
ZNF846	LOC400927	0.85201	46.585	0.107	rgb(218,197,197)	1.9131	2,2
MYT1	AB074188	0.85191	45.095	0.595	rgb(224,103,104)	1.8836	2,2
NHLH1	FUT7	0.85181	45.975	0.477	rgb(222,126,127)	1.901	None
FOXD4L5	OSBPL6	-0.85171	45.065	-5.6E-01	rgb( 95,143,238)	1.883	None
ZNF492	TUB	0.85161	45.845	0.35	rgb(221,150,151)	1.8985	None
SIX2	HOMEZ	-0.85151	46.565	-5.7E-01	rgb( 94,142,239)	1.9127	None
ASCL1	KCNK17	0.85141	45.005	0.507	rgb(223,120,121)	1.8818	None
SOX4	SEMA6B	0.85131	46.365	0.368	rgb(221,147,148)	1.9088	None
GATA4	BAMBI	0.85121	46.76	0.003	rgb(217,216,216)	1.9166	None
EGR3	ITGA7	-0.85111	46.55	-7.3E-02	rgb(201,207,220)	1.9124	None
EGR3	ELFN1	-0.85101	44.965	-2.0E-01	rgb(174,191,224)	1.881	None
GATA4	PGF	0.85091	46.555	0.555	rgb(223,111,112)	1.9125	None
CBX2	LOC729683	0.85072	46.385	0.387	rgb(221,143,144)	1.9092	2,2
GATA2	MIR137HG	0.85072	46.19	0.69	rgb(225, 85, 87)	1.9053	None
ZNF382	SYT2	-0.85062	46.545	-1.1E-01	rgb(193,202,221)	1.9123	None
HSF2	DUSP2	-0.85052	46.445	-4.4E-01	rgb(121,159,234)	1.9103	None
ELF4	EID1	-0.85042	46.585	-2.0E-01	rgb(173,190,225)	1.9131	None
FEV	GHRL	0.85032	43.95	0.452	rgb(222,131,132)	1.8609	None
ONECUT3	DTX1	0.85022	45.89	0.389	rgb(221,143,144)	1.8993	None
PDX1	UPK2	0.85012	44.385	0.384	rgb(221,144,144)	1.8695	None
ZNF514	AK309215	0.85002	46.715	0.216	rgb(219,176,176)	1.9157	2,2
NEUROD2	TAGLN3	0.84992	45.73	0.228	rgb(220,174,174)	1.8962	None
NR4A2	CXCL12	-0.84982	46.71	-2.1E-01	rgb(171,189,225)	1.9156	None
EGR3	FAM126A	0.84972	45.435	0.104	rgb(218,197,197)	1.8903	None
PDX1	SYP	0.84962	46.185	0.689	rgb(225, 85, 87)	1.9052	None
ZFP82	XKR7	0.84952	46.455	0.457	rgb(222,130,131)	1.9105	None
HIC1	ARC	-0.84942	46.425	-9.7E-02	rgb(196,204,221)	1.9099	None
PBX3	FAM126A	0.84932	44.38	0.378	rgb(221,145,145)	1.8694	None
LHX1	HIP1	-0.84923	46.29	-4.9E-02	rgb(206,211,219)	1.9073	None
ETS1	GPR148	0.84913	46.52	0.168	rgb(219,185,185)	1.9118	None
NR4A2	GDF11	-0.84903	46.395	-3.9E-01	rgb(131,165,232)	1.9094	None
GATA4	TMEM178B	0.84893	45.455	0.452	rgb(222,131,132)	1.8907	None
RORC	KCNG1	0.84883	46.285	0.282	rgb(220,163,164)	1.9072	None
HIC1	MTSS1	-0.84873	46.335	-9.5E-02	rgb(196,204,221)	1.9082	None
HSF2	NEFM	-0.84863	45.835	-3.3E-01	rgb(145,173,230)	1.8983	None
SOX4	TBC1D8B	-0.84853	46.335	-3.4E-01	rgb(144,173,230)	1.9082	None
FOXA1	FMN2	0.84843	45.925	0.425	rgb(222,136,137)	1.9	None
HSF2	RPS6KL1	0.84833	45.825	0.047	rgb(218,208,208)	1.8981	None
NEUROG3	SEMA6B	0.84813	46.5	0.499	rgb(222,122,123)	1.9114	None
ZFP82	SMTNL2	0.84813	45.565	0.026	rgb(217,212,212)	1.8929	None
TFCP2L1	LRRC10B	0.84803	46.485	0.106	rgb(218,197,197)	1.9111	None
ZNF492	ANKRD45	0.84793	44.375	0.375	rgb(221,145,146)	1.8693	None
NEUROG3	ETV1	0.84783	45	0.503	rgb(223,121,122)	1.8817	None
FOXA1	CD70	-0.84764	43.93	-4.3E-01	rgb(123,160,233)	1.8605	None
MAFB	TMEM178B	0.84764	44.93	0.434	rgb(222,134,135)	1.8803	None
RORC	TDRD6	-0.84754	45.02	-5.2E-01	rgb(105,149,237)	1.8821	None
AEBP1	MINOS1-NBL1	0.84744	46.315	0.317	rgb(220,156,157)	1.9078	2,2
ZFHX2	NACAD	0.84734	46.475	0.472	rgb(222,127,128)	1.9109	None
HIC1	NPTX2	-0.84724	46.47	-1.4E-01	rgb(187,199,222)	1.9108	None
ZNF846	FUT7	-0.84714	44.37	-3.7E-01	rgb(137,168,231)	1.8692	None
EGR3	DPEP1	-0.84704	43.92	-4.2E-01	rgb(126,162,233)	1.8603	None
MYRF	LOC731275	0.84694	46.445	0.266	rgb(220,166,167)	1.9103	2,2
PDX1	HDAC7	0.84684	46.445	0.445	rgb(222,132,133)	1.9103	None
RORC	SFTPA2	0.84674	45.86	0.363	rgb(221,148,148)	1.8988	None
ZNF514	FAM157A	0.84664	46.355	0.851	rgb(226, 54, 56)	1.9086	2,2
CCDC17	FLJ31662	0.84654	46.405	0.405	rgb(221,140,141)	1.9096	2,2
HIC1	NAALADL1	-0.84644	46.44	-4.4E-01	rgb(121,159,234)	1.9102	None
TFCP2L1	TMSB15B	0.84634	46.41	0.408	rgb(221,139,140)	1.9096	None
PDX1	CYGB	0.84625	45.995	0.496	rgb(222,122,123)	1.9014	None
ELF4	E2F7	-0.84615	46.43	-4.3E-01	rgb(124,160,233)	1.91	None
LMX1B	HCP5	0.84605	45.33	0.33	rgb(221,154,155)	1.8883	None
ETS1	ILDR2	-0.84595	46.105	-2.8E-02	rgb(211,213,218)	1.9036	None
ZNF846	B3GAT1	-0.84585	45.915	-4.4E-02	rgb(207,211,219)	1.8998	None
TFCP2L1	SAP30	0.84575	46.19	0.186	rgb(219,181,182)	1.9053	None
ZNF492	TSNAX-DISC1	0.84565	46.345	0.089	rgb(218,200,200)	1.9084	None
ZFP82	CHD5	0.84555	46.415	0.416	rgb(222,138,138)	1.9097	None
MAFA	YPEL4	0.84545	44.935	0.297	rgb(220,160,161)	1.8804	None
CCDC17	AK024092	0.84535	46.44	0.443	rgb(222,132,133)	1.9102	2,2
ZNF846	FJX1	-0.84525	46.005	-1.9E-01	rgb(177,193,224)	1.9016	None
E2F7	LRIG1	0.84515	46.435	0.434	rgb(222,134,135)	1.9101	None
ARX	HOXB9	0.84505	45.39	0.389	rgb(221,143,143)	1.8894	None
PDX1	SPDYE1	-0.84495	46.335	-3.3E-01	rgb(144,173,230)	1.9082	None
MAFA	MMP13	0.84485	46.05	0.2	rgb(219,179,179)	1.9025	None
MAFA	CCDC28B	0.84476	46.385	0.385	rgb(221,143,144)	1.9092	None
CSRNP3	RSPH10B2	0.84466	46.43	0.429	rgb(222,135,136)	1.91	2,2
ZFHX2	ONECUT3	-0.84456	45.35	-3.5E-01	rgb(141,171,230)	1.8886	None
FOXD4L5	UTY	0.84446	44.355	0.353	rgb(221,150,150)	1.8689	None
PAX6	CHL1	-0.84436	45.445	-2.5E-02	rgb(212,214,218)	1.8905	None
ONECUT3	DNAJC12	-0.84426	46.19	-3.2E-02	rgb(210,213,218)	1.9053	None
NEUROG3	TMEM61	0.84416	43.975	0.474	rgb(222,126,127)	1.8614	None
ELF4	CRMP1	0.84406	45.41	0.042	rgb(217,209,209)	1.8898	None
TFCP2L1	NOTUM	0.84396	46.345	0.223	rgb(219,174,175)	1.9084	None
NEUROG3	ST18	0.84386	43.97	0.472	rgb(222,127,128)	1.8613	None
MYT1	GPR133	0.84376	46.015	0.517	rgb(223,118,119)	1.9018	2,2
TSHZ1	FAM64A	-0.84366	46.38	-3.8E-01	rgb(134,166,232)	1.9091	2,2
ISL1	TMEM196	0.84356	43.895	0.393	rgb(221,142,143)	1.8598	None
RFX6	CACNA2D1	0.84346	45.41	0.411	rgb(222,139,139)	1.8898	None
NHLH1	TCTEX1D4	0.84337	46.295	0.292	rgb(220,161,162)	1.9074	None
NEUROD1	SLC22A13	-0.84327	46.31	-3.1E-01	rgb(149,176,229)	1.9077	None
ZNF788	ZSCAN12P1	0.84317	46.395	0.392	rgb(221,142,143)	1.9094	2,2
MAFB	SCGN	-0.84307	46.39	-1.3E-01	rgb(189,200,222)	1.9093	None
PBX3	GAN	0.84297	46.38	0.2	rgb(219,179,179)	1.9091	None
PBX3	COL21A1	0.84287	46.34	0.343	rgb(221,152,152)	1.9083	None
ZNF846	FLJ00278	0.84277	46.335	0.156	rgb(219,187,188)	1.9082	2,2
ASCL2	LSAMP	0.84267	44.92	0.161	rgb(219,186,187)	1.8801	None
ZBTB25	AK024092	0.84257	44.905	0.405	rgb(221,140,140)	1.8798	2,2
SOX4	NALCN	-0.84247	43.89	-3.9E-01	rgb(133,166,232)	1.8597	None
ZNF846	CAMK1	-0.84237	46.135	-5.8E-02	rgb(205,209,219)	1.9042	None
NEUROG3	ADORA2A	0.84227	43.96	0.461	rgb(222,129,130)	1.8611	None
GATA2	CPE	0.84217	45.94	0.389	rgb(221,143,143)	1.9003	None
ZFP28	IFI44L	0.84207	44.87	0.22	rgb(219,175,175)	1.8791	None
ONECUT3	RAP1GAP2	-0.84197	46.13	-3.1E-02	rgb(210,213,218)	1.9041	None
ZNF846	MEX3A	0.84188	45.87	0.022	rgb(217,213,213)	1.8989	None
ETV1	PDE2A	0.84168	44.345	0.345	rgb(221,151,152)	1.8687	None
ETV1	SRRM4	0.84168	44.345	0.346	rgb(221,151,152)	1.8687	None
FOXD4L5	CSH1	0.84158	44.4	0.4	rgb(221,141,141)	1.8698	None
ONECUT3	EML1	-0.84148	46.135	-1.5E-02	rgb(214,215,218)	1.9042	None
TEAD1	ACE	0.84138	46.355	0.354	rgb(221,149,150)	1.9086	None
PBX3	MAGED4	-0.84128	45.41	-4.1E-01	rgb(128,163,233)	1.8898	None
PAX6	CPLX2	0.84118	44.84	0.247	rgb(220,170,170)	1.8785	None
SOX4	MAP1B	0.84108	45.42	0.416	rgb(222,138,138)	1.89	None
SPIB	B3GNTL1	-0.84098	46	-5.0E-01	rgb(109,151,236)	1.9015	None
FOXD4L5	C1RL-AS1	0.84088	44.87	0.366	rgb(221,147,148)	1.8791	None
NKX6-1	KCNMB2	0.84078	44.99	0.491	rgb(222,123,124)	1.8815	None
ETV1	ZFP69B	-0.84068	44.94	-4.4E-01	rgb(121,159,234)	1.8805	None
GATA4	RAB3C	0.84029	43.95	0.448	rgb(222,131,132)	1.8609	None
RFX6	QDPR	0.84029	43.95	0.45	rgb(222,131,132)	1.8609	None
SOX4	PDE8B	-0.84029	43.95	-4.5E-01	rgb(119,158,234)	1.8609	None
ZNF514	N4BP2L2-IT2	0.84029	46.155	0.658	rgb(224, 91, 93)	1.9046	2,2
HMGN3	AK122764	-0.84019	43.88	-3.8E-01	rgb(134,167,231)	1.8595	2,2
SOX4	EYA4	-0.84009	46.02	-5.2E-01	rgb(104,148,237)	1.9019	None
SPIB	RSPH4A	-0.83999	45.835	-3.4E-02	rgb(210,212,218)	1.8983	None
PRDM16	UNC79	0.83989	45.975	0.072	rgb(218,203,203)	1.901	None
FOXJ1	ANGPT2	-0.83979	45.77	-1.7E-01	rgb(180,195,223)	1.897	None
NEUROG3	PDE6B	0.83969	44.335	0.336	rgb(221,153,154)	1.8685	None
TEAD2	CCDC125	-0.83959	43.875	-3.8E-01	rgb(136,167,231)	1.8594	None
KCNIP3	DIRAS1	0.83949	45.355	0.354	rgb(221,149,150)	1.8887	2,2
AEBP1	IQCA1	-0.83939	46.055	-5.5E-01	rgb( 97,144,238)	1.9026	2,2
TFCP2L1	PRRT3	0.83929	45.83	0.331	rgb(221,154,155)	1.8982	None
LHX1	FJX1	0.83919	46.295	0.057	rgb(218,206,206)	1.9074	None
ZNF117	GOLGA6L5	0.83909	45.93	0.433	rgb(222,134,135)	1.9001	2,2
FEV	MAPK8IP1	0.83899	45.605	0.605	rgb(224,101,103)	1.8937	None
INSM1	RUNDC3A	0.8389	46.065	0.568	rgb(223,108,110)	1.9028	None
HLF	NEFM	0.8388	43.87	0.368	rgb(221,147,147)	1.8593	None
FOXA1	CSRNP3	0.8387	45.985	0.482	rgb(222,125,126)	1.9012	None
EGR3	GABRE	-0.8386	44.91	-4.1E-01	rgb(128,163,233)	1.8799	None
NEUROD2	PPP1R16B	0.8385	44.385	0.384	rgb(221,144,144)	1.8695	None
MAFF	BRS3	-0.8384	46.07	-1.5E-01	rgb(184,197,223)	1.9029	None
ETV1	GABRG2	0.8382	43.425	0.425	rgb(222,136,137)	1.8505	None
TEAD2	CLDN6	0.8382	43.425	0.426	rgb(222,136,137)	1.8505	None
MAFF	NRXN2	0.8381	46.025	0.525	rgb(223,117,118)	1.902	None
HHEX	ETV1	0.838	45.105	0.605	rgb(224,102,103)	1.8838	None
PAX6	ICA1L	-0.8379	45.975	-4.4E-02	rgb(207,211,219)	1.901	None
NHLH1	UNC13A	0.8378	44.915	0.244	rgb(220,170,171)	1.88	None
TET1	SYNE2	0.8377	43.865	0.366	rgb(221,147,148)	1.8592	None
ETV1	ATP6V0E2	0.8376	46.23	0.227	rgb(220,174,174)	1.9061	None
MAFB	ASCL2	-0.8375	46.27	-4.0E-02	rgb(208,212,219)	1.9069	None
EGR3	ARC	-0.83741	45.955	-1.7E-01	rgb(179,194,224)	1.9006	None
SIM1	ECEL1	0.83731	46.26	0.261	rgb(220,167,168)	1.9067	2,2
E2F7	BRSK1	-0.83711	43.925	-4.3E-01	rgb(124,161,233)	1.8604	None
PBX3	UTY	-0.83711	45.965	-4.7E-01	rgb(116,156,235)	1.9008	None
ELF4	MAFA	0.83701	46.035	0.146	rgb(219,189,189)	1.9022	None
SOX4	ARHGAP9	0.83691	45.915	0.413	rgb(222,138,139)	1.8998	None
ARX	SLC26A7	0.83671	45.955	0.073	rgb(218,203,203)	1.9006	None
ZNF519	MAGED1	-0.83671	43.86	-3.6E-01	rgb(139,170,231)	1.8591	None
FOXA2	CLCA4	-0.83661	45.955	-4.6E-01	rgb(118,157,234)	1.9006	None
ZNF117	AK128619	0.83651	46.02	0.52	rgb(223,118,119)	1.9019	2,2
EGR3	FUT1	0.83641	46.105	0.105	rgb(218,197,197)	1.9036	None
GATA4	GLT8D2	-0.83621	45.33	-3.3E-01	rgb(145,173,230)	1.8883	None
LHX1	SHC3	-0.83621	45.015	-5.1E-01	rgb(106,149,236)	1.882	None
TET1	TRIM35	0.83611	43.405	0.405	rgb(221,140,140)	1.8501	None
PDX1	IFI44L	0.83602	45.23	0.228	rgb(220,173,174)	1.8863	None
SIX2	MMP11	-0.83592	45.935	-4.4E-01	rgb(122,159,234)	1.9002	None
ZNF492	AX746823	0.83582	45.37	0.37	rgb(221,146,147)	1.889	2,2
FOXD4L5	EFCC1	-0.83562	45.935	-1.0E-01	rgb(195,203,221)	1.9002	None
NHLH1	SPON2	0.83562	45.995	0.495	rgb(222,123,124)	1.9014	None
CSRNP3	BC053580	0.83552	45.975	0.475	rgb(222,126,127)	1.901	2,2
MAFB	PPP1R1A	-0.83542	43.915	-4.2E-01	rgb(126,162,233)	1.8602	None
PRDM16	RGS14	-0.83532	45.395	-4.0E-01	rgb(131,165,232)	1.8895	None
RORC	PAK6	-0.83512	45.615	-3.3E-01	rgb(145,173,230)	1.8939	None
ZNF492	CHRNB4	0.83512	45.87	0.142	rgb(219,190,190)	1.8989	None
NEUROG3	CSF1R	0.83502	43.475	0.474	rgb(222,126,127)	1.8515	None
DACH1	AX746995	0.83492	45.84	0.337	rgb(221,153,153)	1.8984	2,2
ZBTB4	AX747598	0.83482	45.705	0.705	rgb(225, 82, 84)	1.8957	2,2
PRDM16	CLSTN2	0.83472	46.115	0.094	rgb(218,199,199)	1.9038	None
MAFB	BEND5	0.83462	45.88	0.384	rgb(221,144,144)	1.8991	None
ZFHX2	RBFOX2	0.83453	45.125	0.064	rgb(218,205,205)	1.8842	None
NR4A3	MUC15	0.83433	44.31	0.308	rgb(220,158,159)	1.868	None
SOX4	CPE	0.83433	44.31	0.308	rgb(220,158,159)	1.868	None
LMX1B	LZTS1	0.83413	45.915	0.411	rgb(222,138,139)	1.8998	None
ZNF492	IFNE	0.83413	44.925	0.427	rgb(222,135,136)	1.8802	2,2
PRDM16	FKBP7	-0.83403	45.97	-9.8E-02	rgb(196,204,221)	1.9009	None
SPIB	STARD8	0.83393	45.97	0.469	rgb(222,127,128)	1.9009	None
PBX3	LRRC36	-0.83383	44.905	-2.2E-01	rgb(170,188,225)	1.8798	None
ETV1	CNR1	0.83373	45.39	0.059	rgb(218,206,206)	1.8894	None
NEUROD2	KCNB2	0.83363	45.88	0.379	rgb(221,145,145)	1.8991	None
EGR3	ZRANB2-AS1	0.83353	45.88	0.054	rgb(218,207,207)	1.8991	None
NFAT5	SLC25A27	0.83343	44.305	0.307	rgb(220,158,159)	1.8679	None
TFCP2L1	OSBPL6	-0.83333	45.94	-9.0E-02	rgb(197,205,220)	1.9003	None
ZNF519	PTPN22	0.83323	43.39	0.388	rgb(221,143,144)	1.8498	None
POU2F2	SLC7A2	-0.83313	43.845	-3.5E-01	rgb(142,171,230)	1.8588	None
TFCP2L1	MYBPC3	0.83304	45.88	0.383	rgb(221,144,145)	1.8991	None
TEAD2	FZD4	0.83294	43.905	0.403	rgb(221,140,141)	1.86	None
MAFB	TAC3	0.83284	45.435	0.014	rgb(217,214,214)	1.8903	None
TFCP2L1	NOXO1	0.83264	45.36	0.099	rgb(218,198,198)	1.8888	None
ZNF492	NPPB	-0.83264	45.565	-5.6E-01	rgb( 95,143,238)	1.8929	2,2
ISL1	PLCXD3	0.83254	45.55	0.053	rgb(218,207,207)	1.8926	None
ZNF514	AF086126	0.83244	45.93	0.428	rgb(222,135,136)	1.9001	2,2
ZFP92	LINC00340	0.83234	45.935	0.435	rgb(222,134,135)	1.9002	2,2
ZBTB4	AK131337	0.83224	45.78	0.778	rgb(226, 68, 70)	1.8972	2,2
TGIF2	SRM	-0.83214	45.91	-1.7E-01	rgb(180,194,223)	1.8997	None
SPIB	C1QL1	0.83204	45.785	0.286	rgb(220,162,163)	1.8973	None
GATA4	GPC6	-0.83194	45.835	-6.4E-02	rgb(203,209,219)	1.8983	None
RORC	SGCD	0.83184	45.39	0.079	rgb(218,202,202)	1.8894	None
HIF1A	BCORL1	0.83174	44.295	0.294	rgb(220,161,161)	1.8677	None
LMX1A	SAMD14	-0.83164	45.455	-1.7E-01	rgb(179,194,224)	1.8907	None
FEV	TUB	0.83155	42.945	0.447	rgb(222,132,133)	1.841	None
SOX4	MAGED4	-0.83145	45.835	-1.2E-02	rgb(214,215,217)	1.8983	None
NEUROG3	GLT8D2	0.83135	43.835	0.337	rgb(221,153,153)	1.8586	None
GRHL3	FAM19A5	0.83125	45.515	0.516	rgb(223,118,119)	1.8919	2,2
GATA4	HSPA6	0.83115	45.8	0.299	rgb(220,160,161)	1.8976	None
LHX1	RPL36A-HNRNPH2	0.83095	45.91	0.409	rgb(222,139,140)	1.8997	None
SOX4	WIF1	0.83095	45.38	0.378	rgb(221,145,146)	1.8892	None
LHX1	GCG	-0.83065	44.35	-3.5E-01	rgb(141,171,230)	1.8688	None
NR4A2	G0S2	-0.83065	44.35	-3.5E-01	rgb(141,171,230)	1.8688	None
TEAD2	ARHGAP33	-0.83065	45.54	-3.1E-02	rgb(210,213,218)	1.8924	None
SOX4	SMTNL2	-0.83055	44.855	-3.5E-01	rgb(140,170,230)	1.8788	None
E2F7	RASL11B	0.83045	44.845	0.345	rgb(221,151,152)	1.8786	None
PDX1	IFI44	-0.83035	45.43	-1.5E-01	rgb(184,197,223)	1.8902	None
PBX3	GOLGA7B	-0.83025	45.5	-9.3E-02	rgb(197,205,221)	1.8916	None
MYRF	NBPF10	-0.83015	45.675	-1.2E-02	rgb(214,215,217)	1.8951	2,2
ZNF788	OCLM	0.83006	45.85	0.35	rgb(221,150,151)	1.8986	2,2
MYT1	NOV	0.82986	45.205	0.707	rgb(225, 82, 83)	1.8858	2,2
TP73	HSPB7	-0.82986	45.855	-1.5E-01	rgb(184,197,223)	1.8987	None
SIX2	SESN2	-0.82966	45.48	-4.8E-01	rgb(114,154,235)	1.8912	None
SOX4	PEX5L	-0.82966	44.29	-2.9E-01	rgb(154,179,228)	1.8676	None
EGR3	HGFAC	0.82956	45.85	0.347	rgb(221,151,151)	1.8986	None
GATA4	TMEFF2	0.82946	45.5	0.499	rgb(222,122,123)	1.8916	None
PDX1	PCYT1B	0.82936	45.355	0.357	rgb(221,149,150)	1.8887	None
MAFA	TNFRSF6B	0.82916	43.89	0.391	rgb(221,142,143)	1.8597	None
SOX4	UBE2QL1	-0.82916	43.89	-3.9E-01	rgb(133,166,232)	1.8597	None
ZNF117	BC073817	0.82906	45.88	0.382	rgb(221,144,145)	1.8991	2,2
ZFHX2	ZNF117	0.82896	45.585	0.584	rgb(223,105,107)	1.8933	None
NEUROG3	PCDH20	0.82886	45.235	0.234	rgb(220,172,173)	1.8864	None
ZNF514	AGAP9	0.82876	45.7	0.7	rgb(225, 83, 85)	1.8956	2,2
ZNF846	ABCC9	0.82867	44.83	0.036	rgb(217,210,210)	1.8783	2,2
ZNF514	LOC731275	0.82857	45.015	0.518	rgb(223,118,119)	1.882	2,2
ZNF846	KCNMB3	0.82847	45.725	0.226	rgb(219,174,174)	1.8961	None
PLAG1	PPP4R4	0.82837	45.87	0.02	rgb(217,213,213)	1.8989	None
ONECUT3	DZIP1	0.82827	45.66	0.658	rgb(224, 91, 93)	1.8948	None
MAFA	SGCD	-0.82817	45.325	-1.3E-01	rgb(189,200,222)	1.8882	None
ZFHX2	SLC22A13	0.82807	43.365	0.367	rgb(221,147,148)	1.8493	None
TEAD1	ZNF514	-0.82797	45.095	-8.4E-02	rgb(199,206,220)	1.8836	None
TP73	YPEL4	0.82787	45.8	0.3	rgb(220,160,160)	1.8976	None
MYRF	JA760600	-0.82777	45.68	-1.9E-01	rgb(176,192,224)	1.8952	2,2
LMX1A	ADCY2	0.82767	42.92	0.418	rgb(222,137,138)	1.8405	None
ETS1	IMPG1	0.82757	43.82	0.319	rgb(221,156,157)	1.8583	None
FEV	RASD1	0.82747	45.78	0.279	rgb(220,164,164)	1.8972	None
POU5F1	KCNH7	-0.82737	45.645	-7.2E-02	rgb(201,207,220)	1.8945	None
NEUROD2	PGA3	0.82727	43.88	0.381	rgb(221,144,145)	1.8595	None
PBX3	TLE3	0.82718	43.425	0.426	rgb(222,136,136)	1.8505	None
NFAT5	MSH5	-0.82708	45.18	-1.0E-01	rgb(195,204,221)	1.8853	None
LMX1B	BC041484	0.82698	44.99	0.492	rgb(222,123,124)	1.8815	2,2
ARX	GAD2	0.82688	42.915	0.414	rgb(222,138,139)	1.8404	None
ZNF846	CATSPERB	0.82678	45.53	0.528	rgb(223,116,117)	1.8922	None
ETV1	SSTR2	0.82668	45.84	0.344	rgb(221,151,152)	1.8984	None
HSF2	LRRC10B	-0.82658	44.27	-2.7E-01	rgb(159,182,227)	1.8672	None
ZNF492	PLAC4	0.82648	44.94	0.436	rgb(222,134,135)	1.8805	None
HSF2	EGR3	0.82638	45.575	0.074	rgb(218,203,203)	1.8931	None
SIM1	LOC653513	0.82628	45.245	0.246	rgb(220,170,171)	1.8866	2,2
FOXD4L5	CERKL	0.82618	45.595	0.167	rgb(219,185,186)	1.8935	None
GATA4	NFAT5	-0.82608	44.33	-3.3E-01	rgb(146,174,230)	1.8684	None
PBX3	GADD45G	0.82598	45.46	0.457	rgb(222,130,131)	1.8908	None
SPIB	NEUROD2	0.82588	44.905	0.253	rgb(220,169,169)	1.8798	None
FOXD4L5	NHSL2	0.82578	43.415	0.413	rgb(222,138,139)	1.8503	None
LHX1	ST8SIA5	0.82569	45.765	0.264	rgb(220,167,167)	1.8969	None
NKX2-2	CTXN1	0.82559	45.395	0.397	rgb(221,141,142)	1.8895	None
ZNF846	ZNF853	-0.82549	43.81	-3.1E-01	rgb(150,176,229)	1.8581	None
MAFA	CCL19	0.82539	44.885	0.385	rgb(221,144,144)	1.8794	None
EGR3	CYGB	0.82529	45.475	0.053	rgb(218,207,207)	1.8911	None
TFCP2L1	CNR1	0.82509	43.87	0.369	rgb(221,146,147)	1.8593	None
ZNF846	GSTM2	0.82509	45.56	0.023	rgb(217,213,213)	1.8928	None
SPIB	REM2	0.82499	44.325	0.325	rgb(221,155,155)	1.8683	None
TGIF2	NPY	0.82489	45.255	0.252	rgb(220,169,169)	1.8868	None
ZNF519	TEKT2	0.82479	45.765	0.264	rgb(220,167,167)	1.8969	None
FOXJ1	CCDC146	-0.82469	42.9	-4.0E-01	rgb(130,164,232)	1.8401	None
ZFHX2	LMO3	-0.82459	45.455	-1.3E-01	rgb(189,200,222)	1.8907	None
TEAD1	SMARCC1	0.82439	45.755	0.255	rgb(220,168,169)	1.8967	None
TFCP2L1	SERPINI1	0.82439	45.74	0.063	rgb(218,205,205)	1.8964	None
MAFA	VAV3	-0.82429	45.445	-4.4E-01	rgb(121,158,234)	1.8905	None
PLAG1	LINC00939	0.8242	42.47	0.472	rgb(222,127,128)	1.8316	None
EGR3	TMEFF1	0.8241	44.73	0.229	rgb(220,173,174)	1.8764	None
PLAG1	UBE2S	-0.824	42.465	-4.6E-01	rgb(116,156,235)	1.8315	None
HSF2	SAP30	-0.8239	45.68	-1.8E-01	rgb(177,193,224)	1.8952	None
ZFP82	STARD8	-0.8238	44.805	-2.1E-01	rgb(170,189,225)	1.8778	None
EGR3	LRFN1	0.8237	45.735	0.235	rgb(220,172,173)	1.8963	None
PDX1	USP41	0.8236	45.7	0.201	rgb(219,179,179)	1.8956	None
NR4A3	USH1G	0.8235	44.82	0.194	rgb(219,180,180)	1.8781	None
POU2F2	LRFN2	-0.8234	45.07	-5.7E-01	rgb( 93,142,239)	1.8831	None
RORC	GJD2	-0.8233	45.18	-1.8E-01	rgb(178,193,224)	1.8853	None
HIF1A	ASCL2	0.8231	45.69	0.002	rgb(217,217,217)	1.8954	None
PDX1	SESN2	0.8231	42.46	0.462	rgb(222,129,130)	1.8314	None
RFX6	CBFA2T3	0.823	43.86	0.358	rgb(221,149,149)	1.8591	None
TFCP2L1	BTBD17	-0.8229	45.175	-1.5E-01	rgb(185,197,223)	1.8852	None
E2F7	FUT1	-0.8228	44.77	-2.5E-01	rgb(163,184,226)	1.8772	None
HSF2	OLFML2B	0.82271	45.165	0.164	rgb(219,186,186)	1.885	None
RORC	SLC38A5	0.82261	45.52	0.519	rgb(223,118,119)	1.892	None
ZNF514	NBPF10	0.82251	45.53	0.526	rgb(223,117,118)	1.8922	2,2
SIX2	TDRD6	0.82241	45.485	0.046	rgb(218,208,208)	1.8913	None
ASCL1	GPR148	0.82231	44.92	0.419	rgb(222,137,138)	1.8801	None
ETV1	FAXC	0.82221	45.435	0.316	rgb(220,157,157)	1.8903	None
CCDC17	FAM21B	0.82211	45.4	0.403	rgb(221,140,141)	1.8896	2,2
ZNF382	SMKR1	-0.82201	45.355	-5.3E-03	rgb(216,216,217)	1.8887	None
ZNF846	AK057596	0.82191	45.175	0.014	rgb(217,214,214)	1.8852	2,2
MYRF	TMOD1	-0.82171	45.505	-2.4E-01	rgb(166,186,226)	1.8917	None
SIX2	FFAR3	0.82171	45.47	0.472	rgb(222,127,128)	1.891	2,2
MAFA	SULT1C2P1	0.82161	45.405	0.407	rgb(221,139,140)	1.8897	None
TFCP2L1	APOC3	0.82151	45.665	0.142	rgb(219,190,190)	1.8949	None
ETV1	MLLT11	0.82141	44.31	0.308	rgb(220,158,159)	1.868	None
ZNF846	TOX3	0.82132	43.335	0.335	rgb(221,153,154)	1.8487	None
ATF6	NAALADL1	-0.82122	44.24	-2.4E-01	rgb(165,185,226)	1.8667	None
NR4A3	GREB1	0.82112	44.925	0.016	rgb(217,214,214)	1.8802	None
CSRNP3	LOC441204	0.82102	44.87	0.371	rgb(221,146,147)	1.8791	2,2
SIX2	GPRASP2	0.82092	42.88	0.38	rgb(221,144,145)	1.8397	None
HSF2	VSTM2L	0.82082	45.475	0.03	rgb(217,211,211)	1.8911	None
FOXA1	ROS1	0.82062	45.54	0.542	rgb(223,114,115)	1.8924	None
ZNF519	ARC	0.82062	45.065	0.025	rgb(217,212,212)	1.883	None
ELF4	ACTN3	-0.82042	45.39	-3.9E-01	rgb(132,165,232)	1.8894	None
MAFB	TMEM145	0.82042	45.39	0.069	rgb(218,204,204)	1.8894	None
NKX6-1	RPRML	0.82032	45.375	0.376	rgb(221,145,146)	1.8891	None
ZNF514	FW340024	0.82022	45.38	0.381	rgb(221,144,145)	1.8892	2,2
ZNF492	KCNH7	-0.82012	45.06	-7.1E-02	rgb(202,208,220)	1.8829	None
SOX4	PPP4R4	-0.82002	45.36	-3.6E-01	rgb(139,170,231)	1.8888	None
HSF2	CACNA1E	-0.81992	43.85	-3.5E-01	rgb(141,171,230)	1.8589	None
ONECUT3	TLE3	0.81983	45.185	0.204	rgb(219,178,179)	1.8854	None
ZNF382	DLG2	-0.81973	45.445	-2.7E-01	rgb(157,181,227)	1.8905	None
CCDC17	AX746734	0.81963	45.375	0.373	rgb(221,146,147)	1.8891	2,2
MAFA	KLK12	0.81953	44.235	0.233	rgb(220,173,173)	1.8666	None
NR4A2	TMEM158	-0.81943	44.555	-5.5E-01	rgb( 97,144,238)	1.8729	None
TGIF2	NFRKB	0.81933	42.94	0.438	rgb(222,133,134)	1.8409	None
HIC1	DZIP1	-0.81923	45.365	-8.9E-02	rgb(198,205,220)	1.8889	None
ETV1	NOL4	0.81913	42.875	0.375	rgb(221,145,146)	1.8396	None
NKX6-1	FMN2	0.81903	45.465	0.466	rgb(222,128,129)	1.8909	None
ETS1	CCDC86	-0.81873	44.23	-2.3E-01	rgb(167,186,226)	1.8665	None
HSF2	CPA1	0.81873	45.2	0.704	rgb(225, 83, 84)	1.8857	None
ZNF846	LOC100652999	0.81873	44.23	0.232	rgb(220,173,173)	1.8665	2,2
ETS1	DUSP2	-0.81863	44.86	-3.6E-01	rgb(139,169,231)	1.8789	None
PRDM16	MYRF	0.81853	45.36	0.363	rgb(221,148,148)	1.8888	None
HES4	APOC3	0.81843	45.335	0.335	rgb(221,153,154)	1.8883	None
TP73	CADM3	-0.81834	43.78	-2.8E-01	rgb(156,180,228)	1.8575	None
PRDM16	TCEAL1	-0.81824	44.935	-4.2E-01	rgb(127,162,233)	1.8804	None
ZNF788	SPRY3	0.81814	45.405	0.408	rgb(221,139,140)	1.8897	2,2
LMX1B	CNTD2	0.81804	45.4	0.4	rgb(221,141,141)	1.8896	None
PRDM16	VCAN	-0.81794	44.855	-2.7E-02	rgb(211,213,218)	1.8788	None
TEAD1	UTY	0.81784	42.93	0.431	rgb(222,135,135)	1.8407	None
GATA4	ALAS2	0.81774	44.295	0.297	rgb(220,160,161)	1.8677	None
ETV1	F10	0.81754	45.18	0.68	rgb(224, 87, 88)	1.8853	None
HMBOX1	CCL19	-0.81754	45.155	-1.7E-02	rgb(213,215,218)	1.8848	None
ETV1	SULT1C2P1	-0.81704	43.84	-3.4E-01	rgb(143,172,230)	1.8587	None
GATA4	FAM13A-AS1	-0.81704	43.84	-3.4E-01	rgb(143,172,230)	1.8587	None
NFAT5	PGF	0.81704	43.84	0.342	rgb(221,152,152)	1.8587	None
PAX4	INS-IGF2	0.81704	43.84	0.342	rgb(221,152,152)	1.8587	None
TFCP2L1	NPM2	0.81704	43.84	0.341	rgb(221,152,152)	1.8587	None
RFX2	CNGA4	0.81694	44.97	0.47	rgb(222,127,128)	1.8811	None
ZNF846	SPON2	0.81685	45.38	0.18	rgb(219,183,183)	1.8892	None
ONECUT2	USP32P2	0.81675	44.48	0.48	rgb(222,125,126)	1.8714	None
FOXA1	HSF2	0.81645	43.38	0.38	rgb(221,145,145)	1.8496	None
ONECUT2	ANGPT2	0.81645	45.105	0.103	rgb(218,197,198)	1.8838	None
PBX1	CITED4	-0.81645	44.405	-4.0E-01	rgb(130,164,232)	1.8699	None
NR4A3	GAD2	-0.81635	44.885	-1.1E-01	rgb(194,203,221)	1.8794	None
GATA4	APBB1	0.81625	45.37	0.369	rgb(221,146,147)	1.889	None
ONECUT1	PPP1R1A	0.81615	43.32	0.32	rgb(221,156,157)	1.8484	None
RFX6	BCRP3	0.81605	45.065	0.564	rgb(223,109,110)	1.883	None
SIX2	FOXP2	-0.81595	45.415	-4.1E-01	rgb(127,162,233)	1.8899	None
ZFHX2	SPDYA	0.81585	45.12	0.132	rgb(218,192,192)	1.8841	None
MAFA	GFRA3	-0.81575	44.96	-8.2E-02	rgb(199,206,220)	1.8809	None
FOXJ1	UCP2	-0.81565	45.265	-1.8E-01	rgb(177,193,224)	1.887	None
HSF2	ZBTB4	-0.81545	45.405	-4.0E-01	rgb(129,164,232)	1.8897	None
ONECUT3	MICAL2	0.81545	45.06	0.062	rgb(218,205,205)	1.8829	None
HMBOX1	INSRR	0.81536	44.93	0.177	rgb(219,183,184)	1.8803	None
ZNF846	KCNF1	-0.81526	44.76	-2.1E-01	rgb(171,189,225)	1.877	None
LHX1	ADCY2	-0.81516	44.825	-3.3E-01	rgb(146,174,229)	1.8782	None
TFCP2L1	WDR17	0.81506	45.27	0.271	rgb(220,165,166)	1.8871	None
SOX4	BAMBI	-0.81496	42.48	-4.8E-01	rgb(113,154,235)	1.8318	None
POU2F2	PPP1R3C	0.81486	45.375	0.373	rgb(221,146,147)	1.8891	None
ETV1	CHRNA5	0.81476	44.695	0.695	rgb(225, 84, 86)	1.8757	None
GATA2	CAMKV	0.81466	45.39	0.386	rgb(221,143,144)	1.8894	None
ZNF788	AK091624	0.81456	45.105	0.607	rgb(224,101,102)	1.8838	2,2
HIC1	DNER	-0.81446	44.28	-2.8E-01	rgb(156,180,228)	1.8674	None
FOXA2	GDAP1	0.81436	44.83	0.331	rgb(221,154,154)	1.8783	None
EBF3	GPR148	0.81406	43.83	0.331	rgb(221,154,154)	1.8585	None
SIM1	GPR119	0.81406	43.83	0.329	rgb(221,154,155)	1.8585	2,2
SPIB	BEX2	-0.81406	45.025	-6.1E-03	rgb(216,216,217)	1.8822	None
ETV1	G0S2	0.81397	44.405	0.407	rgb(221,139,140)	1.8699	None
ZFP82	ROBO1	0.81387	44.93	0.07	rgb(218,204,204)	1.8803	None
MYRF	AF086126	0.81377	44.735	0.187	rgb(219,181,182)	1.8765	2,2
ONECUT3	PTPRT	0.81367	45.135	0.633	rgb(224, 96, 97)	1.8844	None
ZNF788	GOLGA6L5	0.81357	45.365	0.364	rgb(221,148,148)	1.8889	2,2
SIX2	SLITRK6	0.81347	42.465	0.464	rgb(222,128,129)	1.8315	None
GRHL3	CCNA1	-0.81337	45.115	-6.1E-01	rgb( 84,136,240)	1.884	2,2
KCNIP3	BAI1	0.81317	44.185	0.186	rgb(219,182,182)	1.8656	2,2
TEAD2	OLFML3	0.81317	44.185	0.187	rgb(219,181,182)	1.8656	None
HSF2	HHEX	-0.81307	45.26	-4.9E-02	rgb(206,211,219)	1.8869	None
HIF1A	FABP5	-0.81297	45.335	-1.4E-01	rgb(188,199,222)	1.8883	None
MYSM1	AK055910	0.81287	45.325	0.328	rgb(221,154,155)	1.8882	2,2
AEBP1	HV535469	-0.81277	44.275	-2.7E-01	rgb(157,181,227)	1.8673	2,2
GATA4	CHL1	0.81267	44.745	0.132	rgb(218,192,192)	1.8767	None
ONECUT3	ZFHX2	0.81257	45.115	0.007	rgb(217,216,216)	1.884	None
TFCP2L1	C1QL1	0.81248	45.29	0.243	rgb(220,171,171)	1.8875	None
HSF2	NALCN	0.81238	44.86	0.362	rgb(221,148,148)	1.8789	None
TEAD2	MMP11	0.81228	41.965	0.463	rgb(222,129,129)	1.8216	None
NR4A2	FSD1	-0.81218	45.065	-5.6E-01	rgb( 95,143,238)	1.883	None
HIF1A	CDHR3	-0.81208	42.46	-4.6E-01	rgb(118,157,234)	1.8314	None
NEUROD1	SPON2	0.81198	43.305	0.307	rgb(220,158,159)	1.8481	None
ZFP82	G0S2	-0.81188	44.765	-4.4E-02	rgb(207,211,219)	1.8771	None
ETS1	MUC16	-0.81178	41.96	-4.6E-01	rgb(117,156,234)	1.8215	None
ATOH8	LOC145837	0.81158	45.34	0.336	rgb(221,153,153)	1.8884	2,2
LMX1B	RGS9	0.81158	45.3	0.302	rgb(220,159,160)	1.8877	None
PDX1	GADD45G	-0.81148	44.27	-2.7E-01	rgb(158,181,227)	1.8672	None
RORC	PDE6B	0.81138	42.395	0.393	rgb(221,142,143)	1.8301	None
LHX1	ZNF514	-0.81108	43.75	-2.5E-01	rgb(162,184,227)	1.8569	None
PAX6	RTN1	0.81108	43.75	0.249	rgb(220,170,170)	1.8569	None
RFX2	SEZ6L	-0.81108	43.75	-2.5E-01	rgb(163,184,226)	1.8569	None
ASCL2	SLC1A2	0.81099	45.325	0.327	rgb(221,155,155)	1.8882	None
TFCP2L1	BLMH	-0.81089	45.085	-3.5E-02	rgb(209,212,218)	1.8834	None
LHX1	BRSK2	0.81079	44.165	0.167	rgb(219,185,185)	1.8652	None
GATA4	MIR137HG	0.81069	44.9	0.016	rgb(217,214,214)	1.8797	None
ZNF514	LOC643406	0.81059	45.105	0.606	rgb(224,101,102)	1.8838	2,2
FOXD4L5	MMRN1	0.81049	43.36	0.36	rgb(221,148,149)	1.8492	None
ONECUT1	ACSL6	0.81029	42.39	0.391	rgb(221,142,143)	1.83	None
PRDM16	NKTR	0.81029	42.39	0.388	rgb(221,143,144)	1.83	None
NEUROG3	LRIG1	0.81019	43.745	0.243	rgb(220,171,171)	1.8568	None
ASCL2	FFAR2	0.81009	45.235	0.234	rgb(220,172,173)	1.8864	None
TFCP2L1	NDRG4	-0.80999	45.03	-5.3E-01	rgb(103,147,237)	1.8823	None
MAFB	CPB1	-0.80959	42.45	-4.5E-01	rgb(119,157,234)	1.8312	None
NEUROG3	YPEL1	0.80959	42.45	0.45	rgb(222,131,132)	1.8312	None
RFX2	BAIAP3	0.80959	42.9	0.4	rgb(221,141,141)	1.8401	None
SMAD9	STMN3	0.80959	45.31	0.309	rgb(220,158,159)	1.8879	None
DZIP1	AK093555	0.8095	43.295	0.293	rgb(220,161,162)	1.8479	2,2
SMAD9	FXYD6	0.8094	42.84	0.342	rgb(221,152,152)	1.8389	None
SPIB	IFI6	0.8093	44.91	0.413	rgb(222,138,139)	1.8799	None
HSF2	CBFA2T3	0.8092	45.03	0.531	rgb(223,116,117)	1.8823	None
ZNF846	PTHLH	0.8091	45.3	0.102	rgb(218,198,198)	1.8877	None
MAFB	PODN	-0.809	44.675	-1.2E-01	rgb(190,201,222)	1.8753	None
LMX1B	ATP8B2	0.8089	44.995	0.498	rgb(222,122,123)	1.8816	None
HSF2	ROS1	0.8088	44.4	0.109	rgb(218,196,196)	1.8698	None
PBX3	CYMP	0.8087	44.255	0.256	rgb(220,168,169)	1.867	None
ETS1	FXYD1	0.8086	44.815	0.273	rgb(220,165,165)	1.878	None
ZBTB4	LOC100288123	0.8085	44.855	0.356	rgb(221,149,150)	1.8788	2,2
ONECUT2	SH3BP5-AS1	0.8084	42.38	0.378	rgb(221,145,146)	1.8298	None
ARNT2	QSOX2	-0.8083	43.35	-3.5E-01	rgb(141,171,230)	1.849	None
TFCP2L1	MDK	-0.8082	42.835	-3.3E-01	rgb(145,173,230)	1.8388	None
SMAD9	TENM2	0.8081	42.89	0.389	rgb(221,143,143)	1.8399	None
PAX6	RCOR3	-0.80801	44.61	-8.5E-03	rgb(215,216,217)	1.874	None
HIC1	OSBPL6	0.80791	44.54	0.537	rgb(223,114,115)	1.8726	None
FOXA2	MX1	0.80781	44.085	0.087	rgb(218,200,201)	1.8636	None
ZFHX2	ABCA9	0.80771	44.54	0.539	rgb(223,114,115)	1.8726	None
FOXA1	DPF3	0.80751	45.01	0.513	rgb(223,119,120)	1.8819	None
MAFA	CD99L2	0.80751	43.285	0.287	rgb(220,162,163)	1.8477	None
MAFA	ATP6V1B1	-0.80741	44.905	-4.1E-01	rgb(129,163,232)	1.8798	None
ETV1	PTP4A3	0.80721	42.375	0.373	rgb(221,146,146)	1.8297	None
PDX1	NXPE1	0.80721	42.375	0.374	rgb(221,145,146)	1.8297	None
SMAD9	HEY1	0.80711	44.575	0.576	rgb(223,107,108)	1.8733	None
ELF4	SLC6A17	-0.80701	45.02	-5.2E-01	rgb(104,148,237)	1.8821	None
DZIP1	SPDYE8P	0.80691	44.575	0.576	rgb(223,107,108)	1.8733	2,2
SIX2	GFRA1	0.80681	44.95	0.093	rgb(218,199,200)	1.8807	None
NKX6-1	LIN7A	-0.80671	45.11	-7.1E-02	rgb(202,208,220)	1.8839	None
ONECUT3	SH3RF3	0.80662	44.55	0.007	rgb(217,216,216)	1.8728	None
FOXD4L5	UBE2QL1	0.80652	45.185	0.163	rgb(219,186,186)	1.8854	None
ZFP28	FAIM2	-0.80642	44.61	-1.1E-01	rgb(194,203,221)	1.874	None
PBX3	CHRM4	0.80632	42.885	0.387	rgb(221,143,144)	1.8398	None
ZBTB4	AK125727	-0.80622	43.955	-4.5E-01	rgb(119,157,234)	1.861	2,2
ONECUT2	LOC286437	0.80612	44.815	0.319	rgb(221,156,157)	1.878	2,2
ZNF514	DQ586822	0.80602	44.975	0.478	rgb(222,126,127)	1.8812	2,2
FOXJ1	MMP13	0.80592	44.99	0.008	rgb(217,215,216)	1.8815	None
ZNF846	SAP30	0.80582	43.34	0.338	rgb(221,152,153)	1.8488	None
FOXA2	JMJD1C-AS1	-0.80562	42.825	-3.2E-01	rgb(147,174,229)	1.8386	None
SOX4	NKD1	0.80562	42.825	0.326	rgb(221,155,155)	1.8386	None
EGR3	GATA4	-0.80542	44.235	-2.4E-01	rgb(165,186,226)	1.8666	None
SIX2	KCNK16	0.80542	44.235	0.234	rgb(220,172,173)	1.8666	None
ADNP	ANKRD36	0.80532	44.55	0.553	rgb(223,111,112)	1.8728	2,2
ZNF788	AK091729	0.80522	44.895	0.392	rgb(221,142,143)	1.8796	2,2
ZBTB25	WDR96	0.80513	44.965	0.465	rgb(222,128,129)	1.881	2,2
ADNP	LINC00842	0.80503	44.85	0.349	rgb(221,150,151)	1.8787	2,2
PDX1	TPGS1	0.80493	42.82	0.322	rgb(221,156,156)	1.8385	None
TGIF2	ADH6	-0.80483	43.335	-3.3E-01	rgb(145,173,230)	1.8487	None
HSF2	KIAA1324	-0.80473	44.91	-1.7E-01	rgb(180,194,223)	1.8799	None
SMAD9	GRHL3	0.80463	44.985	0.485	rgb(222,124,125)	1.8814	None
NR4A2	ZFP2	0.80453	44.315	0.147	rgb(219,189,189)	1.8681	None
TFCP2L1	TMEM198	0.80433	44.875	0.266	rgb(220,166,167)	1.8792	None
ZNF492	TSIX	0.80433	44.97	0.471	rgb(222,127,128)	1.8811	2,2
HMGN3	MUC3A	-0.80423	43.695	-1.9E-01	rgb(175,191,224)	1.8559	2,2
GATA4	SIX2	-0.80413	44.515	-7.6E-02	rgb(201,207,220)	1.8721	None
PRDM16	KCNH8	-0.80403	43.785	-2.9E-01	rgb(155,179,228)	1.8576	None
MAFA	EBF3	0.80393	44.25	0.25	rgb(220,169,170)	1.8669	None
GATA4	KCNE4	0.80383	44.415	0.245	rgb(220,170,171)	1.8701	None
ETV1	FKBP7	0.80344	42.815	0.315	rgb(220,157,157)	1.8384	None
FOXA1	PDX1	0.80344	42.815	0.313	rgb(220,157,158)	1.8384	None
LMX1A	ZDHHC8P1	0.80344	42.815	0.313	rgb(220,157,158)	1.8384	None
NR4A2	NUP210	-0.80344	42.815	-3.1E-01	rgb(149,176,229)	1.8384	None
LHX1	RAB3C	-0.80324	43.33	-3.3E-01	rgb(145,173,230)	1.8486	None
RFX2	VGF	0.80324	43.33	0.329	rgb(221,154,155)	1.8486	None
NR4A2	FGF17	-0.80314	41.9	-4.0E-01	rgb(130,164,232)	1.8203	None
RFX2	FXYD1	-0.80304	44.855	-2.5E-01	rgb(163,184,227)	1.8788	None
ONECUT1	USP32P2	0.80294	44.88	0.378	rgb(221,145,146)	1.8793	None
PDX1	GTF2IRD1P1	-0.80284	44.94	-4.4E-01	rgb(121,159,234)	1.8805	None
MAFB	NAALADL1	0.80264	42.41	0.41	rgb(222,139,140)	1.8304	None
PLAG1	NTRK1	0.80264	42.41	0.411	rgb(222,139,139)	1.8304	None
SMAD9	XKR7	0.80254	44.21	0.208	rgb(219,177,178)	1.8661	None
ZNF492	SPRED3	0.80244	42.81	0.308	rgb(220,158,159)	1.8383	None
SOX4	COLQ	-0.80234	44.55	-5.5E-01	rgb( 97,144,238)	1.8728	None
FOXA1	LINC00494	0.80224	43.675	0.173	rgb(219,184,184)	1.8555	None
TEAD1	PGF	-0.80215	43.325	-3.2E-01	rgb(147,174,229)	1.8485	None
PBX1	VAV3	-0.80205	44.205	-2.1E-01	rgb(172,190,225)	1.866	None
POU5F1	CHRM4	0.80195	44.785	0.287	rgb(220,162,163)	1.8775	None
ARX	FEV	0.80185	41.46	0.458	rgb(222,130,130)	1.8116	None
NEUROD1	SPRY3	-0.80175	42.865	-3.7E-01	rgb(137,168,231)	1.8394	None
SOX4	PCSK2	-0.80165	44.85	-3.5E-01	rgb(141,171,230)	1.8787	None
ZFP28	PPP4R4	0.80155	42.405	0.405	rgb(221,140,141)	1.8303	None
ETV1	EID1	-0.80145	44.91	-1.2E-01	rgb(191,201,222)	1.8799	None
FOXA1	ICA1L	0.80135	44.595	0.596	rgb(224,103,104)	1.8737	None
PDX1	GPRASP2	-0.80125	44.49	-1.5E-01	rgb(184,197,223)	1.8716	None
CCDC17	BC006435	0.80115	44.495	0.496	rgb(222,122,123)	1.8717	2,2
ETV1	SFRP1	0.80105	43.825	0.325	rgb(221,155,156)	1.8584	None
MAFB	CRYBA2	-0.80085	43.32	-3.2E-01	rgb(148,175,229)	1.8484	None
ONECUT2	DNAJC12	-0.80085	43.32	-3.2E-01	rgb(148,175,229)	1.8484	None
SOX4	SLC38A5	0.80075	44.58	0.576	rgb(223,107,108)	1.8734	None
SPIB	SMAD9	0.80066	43.77	0.269	rgb(220,166,166)	1.8573	None
RFX3	RNF150	0.80056	44.565	0.563	rgb(223,109,111)	1.8731	None
AKNA	LOC100288069	0.80046	44.905	0.405	rgb(221,140,141)	1.8798	2,2
HOXB9	MAGED1	-0.80036	44.885	-1.5E-01	rgb(185,198,223)	1.8794	None
ARNT2	ELOVL4	0.80026	43.65	0.148	rgb(219,189,189)	1.855	2,2
LHX1	STMN4	-0.80016	44.19	-1.9E-01	rgb(176,192,224)	1.8657	None
TEAD1	NEUROD2	-0.80006	44.23	-2.3E-01	rgb(168,187,226)	1.8665	None
HSF2	MS4A8	-0.79996	44.575	-7.4E-02	rgb(201,207,220)	1.8733	None
NR4A2	GRIN1	-0.79986	44.88	-3.8E-01	rgb(135,167,231)	1.8793	None
ARX	OR51E1	0.79976	42.345	0.344	rgb(221,151,152)	1.8291	None
HSF2	GPR173	0.79966	44.89	0.029	rgb(217,211,211)	1.8795	None
SIM1	CSH2	0.79956	44.735	0.235	rgb(220,172,173)	1.8765	2,2
HIC1	CCDC113	0.79946	44.88	0.379	rgb(221,145,145)	1.8793	None
CCDC17	AK310876	0.79936	44.475	0.475	rgb(222,126,127)	1.8713	2,2
LMX1B	FAM92B	0.79926	44.82	0.318	rgb(221,156,157)	1.8781	None
GATA4	JPH4	-0.79917	44.695	-1.7E-02	rgb(213,215,218)	1.8757	None
PBX3	GRIK5	-0.79907	44.18	-1.8E-01	rgb(177,193,224)	1.8655	None
SIX2	NALCN	0.79897	44.55	0.549	rgb(223,112,113)	1.8728	None
FOXA1	ZFP90	0.79887	41.44	0.44	rgb(222,133,134)	1.8112	None
NEUROG3	ADAMTS2	-0.79877	41.88	-3.8E-01	rgb(134,167,232)	1.8199	None
EGR3	ST8SIA3	0.79867	44.765	0.268	rgb(220,166,166)	1.8771	None
MAFA	CNTD2	0.79857	44.535	0.534	rgb(223,115,116)	1.8725	None
E2F7	FAM64A	0.79847	43.625	0.127	rgb(218,193,193)	1.8545	2,2
PAX6	TOX	-0.79837	41.945	-4.5E-01	rgb(120,158,234)	1.8212	None
SIM1	GRAMD2	0.79827	44.78	0.278	rgb(220,164,165)	1.8774	2,2
MAFF	VOPP1	0.79817	44.675	0.167	rgb(219,185,185)	1.8753	None
PAX6	HGFAC	-0.79807	41.875	-3.7E-01	rgb(136,168,231)	1.8198	None
TFCP2L1	CD37	0.79797	44.655	0.654	rgb(224, 92, 93)	1.8749	None
FOXJ1	ITPRIP	-0.79787	44.375	-2.0E-01	rgb(173,191,225)	1.8693	None
FOXD4L5	DRD2	-0.79778	44.59	-1.1E-02	rgb(215,216,217)	1.8736	None
SPIB	MAPK12	0.79768	43.47	0.472	rgb(222,127,128)	1.8514	None
FEV	AMPH	0.79758	44.805	0.307	rgb(220,158,159)	1.8778	None
HSF2	TMEM132B	-0.79748	44.44	-4.4E-01	rgb(122,159,234)	1.8706	None
LHX1	DOK6	-0.79738	44.565	-5.7E-01	rgb( 94,142,238)	1.8731	None
ZNF117	AK310876	0.79728	44.535	0.537	rgb(223,114,115)	1.8725	2,2
NR4A3	KLHL32	-0.79718	44.425	-2.0E-01	rgb(174,191,224)	1.8703	None
CCDC17	GOLGA6L5	0.79708	44.575	0.575	rgb(223,107,108)	1.8733	2,2
TEAD1	LZTS1	-0.79698	43.3	-3.0E-01	rgb(152,177,228)	1.848	None
NKX6-1	MSMB	0.79688	44.435	0.432	rgb(222,134,135)	1.8705	None
GRHL3	TCL6	-0.79678	44.025	-5.2E-01	rgb(104,148,237)	1.8624	2,2
HSF2	MMP13	-0.79668	44.495	-6.6E-02	rgb(203,208,220)	1.8717	None
RFX6	RAB39B	0.79658	44.705	0.204	rgb(219,178,178)	1.8759	2,2
GATA4	ZNF883	-0.79648	42.78	-2.8E-01	rgb(156,180,228)	1.8377	None
ZFP28	FSTL5	0.79638	44.515	0.517	rgb(223,118,119)	1.8721	None
ATF6	MDN1	-0.79629	44.1	-9.8E-02	rgb(196,204,221)	1.8639	None
TGIF2	FAM131B	0.79619	44.48	0.48	rgb(222,125,126)	1.8714	None
TFCP2L1	MCM3AP-AS1	-0.79609	44.78	-1.3E-01	rgb(189,200,222)	1.8774	None
SPIB	PHGR1	0.79599	42.325	0.325	rgb(221,155,156)	1.8287	None
E2F7	JAKMIP1	-0.79589	44.33	-8.3E-01	rgb( 37,108,248)	1.8684	None
FOXA1	ROBO1	0.79579	44.095	0.094	rgb(218,199,199)	1.8638	None
GATA4	CD70	0.79569	43.975	0.246	rgb(220,170,170)	1.8614	None
PDX1	SLITRK6	-0.79559	44.49	-4.9E-01	rgb(111,152,236)	1.8716	None
EGR3	C1QL1	-0.79549	43.375	-3.7E-01	rgb(136,168,231)	1.8495	None
TGIF2	SPIB	0.79539	42.835	0.333	rgb(221,153,154)	1.8388	None
ONECUT2	FGF9	0.79529	44.525	0.054	rgb(218,207,207)	1.8723	None
PDX1	ACTL6B	0.79519	44.48	0.479	rgb(222,125,126)	1.8714	None
MAFB	TSPAN7	0.79509	41.405	0.407	rgb(221,139,140)	1.8105	None
NEUROD2	STARD9	0.79499	41.48	0.479	rgb(222,126,126)	1.812	None
ETV1	UCN3	0.7948	44.22	0.211	rgb(219,177,177)	1.8663	None
MAFA	PKIA	0.7948	44.38	0.361	rgb(221,148,149)	1.8694	None
ETS1	POM121L10P	0.7947	43.355	0.354	rgb(221,149,150)	1.8491	None
ETS1	GAN	0.7945	41.855	0.356	rgb(221,149,150)	1.8194	None
HOXB9	HAP1	-0.7945	41.855	-3.5E-01	rgb(140,170,230)	1.8194	None
MAFA	CACNG6	0.7944	44.335	0.155	rgb(219,187,188)	1.8685	None
ETV1	SV2A	0.7942	40.985	0.487	rgb(222,124,125)	1.8022	None
TEAD2	UPK2	0.7942	44.415	0.417	rgb(222,137,138)	1.8701	None
HSF2	EXOSC4	-0.7941	44.395	-3.9E-01	rgb(132,165,232)	1.8697	None
ELF4	PTHLH	-0.794	43.35	-3.5E-01	rgb(142,171,230)	1.849	None
FEV	CHST10	0.7939	43.725	0.224	rgb(219,174,175)	1.8564	None
RORC	COLQ	-0.7937	42.315	-3.1E-01	rgb(149,175,229)	1.8285	None
ZNF519	MAPK4	-0.7937	42.315	-3.2E-01	rgb(149,175,229)	1.8285	None
ASCL1	PLCL1	0.7936	44.56	0.562	rgb(223,110,111)	1.873	None
ETV1	ATF5	-0.7934	42.765	-2.7E-01	rgb(159,182,227)	1.8374	None
SIX2	GRIN2C	0.7934	42.765	0.266	rgb(220,166,167)	1.8374	None
ELF4	CDKN1A	0.79321	43.925	0.428	rgb(222,135,136)	1.8604	None
PRDM16	MIAT	0.79321	44.35	0.009	rgb(217,215,215)	1.8688	None
ZNF382	DPP10	-0.79311	43.72	-2.2E-01	rgb(169,188,225)	1.8564	None
RFX6	OLFML2B	-0.79301	44.15	-1.2E-01	rgb(190,201,222)	1.8649	None
PAX6	ZNF853	0.79291	44.425	0.035	rgb(217,210,210)	1.8703	None
FOXD4L5	LRIG1	-0.79281	41.395	-3.9E-01	rgb(131,165,232)	1.8103	None
HMBOX1	LIMCH1	0.79271	44.22	0.721	rgb(225, 79, 81)	1.8663	None
RORC	PPP4R4	-0.79261	44.26	-2.5E-01	rgb(163,184,226)	1.867	None
NR4A2	PDE6B	-0.79251	42.76	-2.6E-01	rgb(161,183,227)	1.8373	None
GATA4	CYGB	-0.79241	42.825	-3.3E-01	rgb(146,174,229)	1.8386	None
ZNF788	LOC100652999	0.79231	44.67	0.173	rgb(219,184,184)	1.8752	2,2
RFX6	NTNG2	0.79221	42.365	0.365	rgb(221,147,148)	1.8295	None
ZFP28	LAPTM5	-0.79211	43.885	-3.8E-01	rgb(134,166,232)	1.8596	None
LMX1B	FMN2	0.79201	44.48	0.481	rgb(222,125,126)	1.8714	None
NEUROG3	SYNM	0.79191	41.46	0.462	rgb(222,129,130)	1.8116	None
PDX1	COLQ	0.79182	44.4	0.399	rgb(221,141,142)	1.8698	None
ELF4	SPP1	-0.79172	44.48	-7.3E-02	rgb(201,207,220)	1.8714	None
PDX1	CTXN1	0.79162	41.39	0.39	rgb(221,142,143)	1.8102	None
LHX1	MMRN1	-0.79152	44.43	-1.7E-01	rgb(181,195,223)	1.8704	None
TEAD2	APLP1	0.79142	44.04	0.54	rgb(223,114,115)	1.8627	None
RFX6	SCUBE3	0.79132	41.905	0.404	rgb(221,140,141)	1.8204	None
NR4A3	DPYSL4	0.79122	42.755	0.255	rgb(220,168,169)	1.8372	None
ETV1	NALCN	0.79102	41.845	0.347	rgb(221,151,151)	1.8192	None
SOX4	ARL9	0.79102	41.845	0.344	rgb(221,151,152)	1.8192	None
MAFA	GNG4	0.79092	43.7	0.198	rgb(219,179,180)	1.856	None
CCDC17	FFAR1	0.79082	44.39	0.391	rgb(221,142,143)	1.8696	2,2
NEUROG3	ATP6V1B1	-0.79072	44.375	-1.2E-01	rgb(192,202,221)	1.8693	None
PAX6	ASIC4	-0.79062	44.405	-2.8E-01	rgb(155,179,228)	1.8699	None
AEBP1	ACE	0.79052	44.165	0.665	rgb(224, 90, 91)	1.8652	2,2
ZNF492	DKFZP434K028	0.79043	43.705	0.203	rgb(219,178,179)	1.8561	2,2
FOXA2	FER1L6-AS1	0.79033	44.365	0.202	rgb(219,178,179)	1.8691	None
ONECUT2	RGS17	0.79023	44.455	0.012	rgb(217,215,215)	1.8709	None
MAFB	PAPPA2	0.79013	44.165	0.005	rgb(217,216,216)	1.8652	None
SIM1	FBN1	0.79003	43.93	0.431	rgb(222,135,136)	1.8605	2,2
PBX3	SMOC2	0.78993	43.69	0.19	rgb(219,181,181)	1.8558	None
NEUROG3	LINC00494	-0.78983	43.305	-3.0E-01	rgb(151,177,229)	1.8481	None
SMAD9	RCOR2	0.78973	44.415	0.412	rgb(222,138,139)	1.8701	None
PBX1	RPS3	-0.78953	41.38	-3.8E-01	rgb(134,167,231)	1.81	None
TFCP2L1	VGF	-0.78953	41.38	-3.8E-01	rgb(134,167,232)	1.81	None
GATA4	OSBPL6	-0.78933	42.355	-3.6E-01	rgb(140,170,230)	1.8293	None
NKX2-2	RGS9	0.78933	40.94	0.441	rgb(222,133,134)	1.8013	None
PRDM16	HERC2P4	0.78913	44.435	0.125	rgb(218,193,193)	1.8705	None
ZNF492	AK055017	0.78913	44.425	0.425	rgb(222,136,137)	1.8703	2,2
PDX1	CHRNA1	-0.78903	44.395	-4.0E-01	rgb(131,165,232)	1.8697	None
ONECUT2	TRPM3	0.78894	44.09	0.589	rgb(223,105,106)	1.8637	None
ETS1	APOC3	0.78874	44.405	0.174	rgb(219,184,184)	1.8699	None
ZBTB25	LOC727896	0.78874	44.24	0.24	rgb(220,171,172)	1.8667	2,2
ONECUT3	DHRS2	-0.78854	44.43	-6.3E-03	rgb(216,216,217)	1.8704	None
ZNF788	AK054970	0.78854	44.345	0.343	rgb(221,151,152)	1.8687	2,2
POU5F1	DGKB	0.78844	41.835	0.334	rgb(221,153,154)	1.819	None
HSF2	INS-IGF2	-0.78824	42.35	-3.5E-01	rgb(141,171,230)	1.8292	None
NHLH1	TNFRSF6B	0.78824	42.35	0.352	rgb(221,150,150)	1.8292	None
RORC	UNC13A	-0.78804	44.395	-4.0E-01	rgb(131,165,232)	1.8697	None
SMAD9	PLEKHO1	-0.78804	44.39	-1.5E-01	rgb(184,197,223)	1.8696	None
HSF2	GADD45A	-0.78794	41.375	-3.8E-01	rgb(135,167,231)	1.8099	None
MAFB	CNGA3	-0.78784	43.92	-7.1E-02	rgb(202,208,220)	1.8603	None
DZIP1	LOC283335	0.78774	44.335	0.334	rgb(221,153,154)	1.8685	2,2
FOXA1	CADPS	0.78764	41.44	0.439	rgb(222,133,134)	1.8112	None
NHLH1	VAV3	0.78754	44.415	0.415	rgb(222,138,139)	1.8701	None
FOXD4L5	ENTPD1	0.78745	44.39	0.04	rgb(217,209,209)	1.8696	None
HSF2	SPDYA	-0.78735	43.885	-6.8E-02	rgb(202,208,220)	1.8596	None
EGR3	PPP4R4	-0.78715	41.89	-3.9E-01	rgb(133,166,232)	1.8201	None
ONECUT2	CLCA1	-0.78715	41.89	-3.9E-01	rgb(132,165,232)	1.8201	None
GATA4	MPP1	0.78705	44.325	0.323	rgb(221,155,156)	1.8683	None
ZNF382	HIC1	-0.78695	44.055	-5.6E-01	rgb( 96,143,238)	1.863	None
PDX1	MTSS1	0.78685	44.075	0.576	rgb(223,107,108)	1.8634	None
GATA4	CACNB4	-0.78675	44.38	-3.8E-01	rgb(134,167,232)	1.8694	None
ZNF846	MAD2L2	-0.78665	41.83	-3.3E-01	rgb(145,173,230)	1.8189	None
ZNF846	AX748283	0.78655	44.405	0.034	rgb(217,210,211)	1.8699	2,2
ZNF846	MPP1	0.78645	43.89	0.075	rgb(218,203,203)	1.8597	None
FEV	PRKCG	0.78625	42.29	0.29	rgb(220,162,162)	1.828	None
FOXD4L5	SRM	-0.78625	42.805	-3.1E-01	rgb(150,176,229)	1.8382	None
RFX6	CYP4F24P	0.78615	43.84	0.343	rgb(221,151,152)	1.8587	None
TFCP2L1	FER1L6-AS1	-0.78605	44.275	-2.0E-01	rgb(173,190,225)	1.8673	None
TEAD1	FIGNL2	-0.78596	44.36	-3.1E-01	rgb(150,176,229)	1.869	None
TP73	CCDC40	0.78586	41.885	0.387	rgb(221,143,144)	1.82	None
RORC	CD300LF	0.78576	44.295	0.294	rgb(220,161,161)	1.8677	None
NEUROG3	DPYSL3	0.78566	44.23	0.228	rgb(220,173,174)	1.8665	None
TEAD1	CHRNB2	-0.78556	41.43	-4.3E-01	rgb(124,160,233)	1.811	None
ZNF519	SMAD9	-0.78546	44.165	-1.1E-01	rgb(194,203,221)	1.8652	None
RORC	LHFPL4	-0.78536	42.8	-3.0E-01	rgb(152,177,228)	1.8381	None
ETS1	ZFP28	0.78526	42.925	0.426	rgb(222,136,136)	1.8406	None
ZNF492	CD96	0.78516	41.825	0.326	rgb(221,155,155)	1.8188	None
TEAD2	ADM5	0.78506	42.285	0.283	rgb(220,163,164)	1.8279	None
PDX1	CLDN6	0.78496	43.635	0.136	rgb(218,191,191)	1.8547	None
SIX2	CACNA2D2	0.78486	44.265	0.266	rgb(220,166,167)	1.8671	None
NKX2-2	CPE	0.78476	40.915	0.414	rgb(222,138,139)	1.8008	None
ETV1	ZRANB2-AS1	-0.78466	43.8	-3.0E-01	rgb(152,178,228)	1.8579	None
ZNF846	CNIH2	-0.78456	44.07	-5.7E-01	rgb( 93,142,239)	1.8633	None
MYSM1	AK309215	0.78447	43.95	0.448	rgb(222,131,132)	1.8609	2,2
LHX1	SULT1A4	0.78437	44.34	0.337	rgb(221,153,153)	1.8686	None
MAFA	FAM171B	0.78427	41.88	0.379	rgb(221,145,145)	1.8199	None
ZNF492	MAP2	0.78417	44.02	0.524	rgb(223,117,118)	1.8623	None
ELF4	RGS5	-0.78407	44.005	-5.0E-01	rgb(108,151,236)	1.862	None
ETS1	LRP4-AS1	-0.78397	42.795	-3.0E-01	rgb(153,178,228)	1.838	None
LMX1B	LIN7A	0.78387	43.605	0.106	rgb(218,197,197)	1.8541	None
SMAD9	HSPB7	-0.78367	44.325	-6.6E-02	rgb(203,208,220)	1.8683	None
TFCP2L1	LRIG1	0.78367	43.84	0.341	rgb(221,152,152)	1.8587	None
HLF	LOC283335	0.78357	43.255	0.257	rgb(220,168,168)	1.8471	2,2
FOXA1	TTBK1	0.78337	44.235	0.235	rgb(220,172,173)	1.8666	None
TEAD1	COL14A1	-0.78337	43.79	-2.9E-01	rgb(154,179,228)	1.8577	None
POU6F1	LZTS1	-0.78327	43.905	-4.0E-01	rgb(130,164,232)	1.86	None
SPIB	TPST2	0.78317	44.34	0.339	rgb(221,152,153)	1.8686	None
ETV1	TMOD2	0.78308	42.71	0.212	rgb(219,177,177)	1.8363	None
ZFP2	AX748283	-0.78298	44.335	-3.3E-01	rgb(145,173,230)	1.8685	2,2
ZNF117	AK126286	0.78288	43.895	0.394	rgb(221,142,142)	1.8598	2,2
ZNF514	TCL6	0.78278	44.14	0.64	rgb(224, 95, 96)	1.8647	2,2
TFCP2L1	BAMBI	-0.78268	42.865	-3.6E-01	rgb(138,169,231)	1.8394	None
MLXIPL	CR627394	0.78258	43.915	0.166	rgb(219,185,186)	1.8602	2,2
MAFB	CLCN4	-0.78248	42.785	-2.8E-01	rgb(155,179,228)	1.8378	None
TFCP2L1	PTGDR2	0.78238	41.415	0.413	rgb(222,138,139)	1.8107	None
ARNT2	SSTR3	-0.78228	44.29	-1.9E-01	rgb(176,192,224)	1.8676	None
SMAD9	YPEL4	0.78218	44.02	0.02	rgb(217,213,213)	1.8623	None
ETS1	ZDHHC11	-0.78208	43.775	-2.8E-01	rgb(157,181,227)	1.8574	None
ETV1	KNDC1	0.78188	44.305	0.026	rgb(217,212,212)	1.8679	None
SOX4	VCAN	-0.78188	43.95	-2.6E-01	rgb(161,183,227)	1.8609	None
NEUROD2	SCN2A	0.78178	42.33	0.332	rgb(221,154,154)	1.8288	None
RFX6	GNG4	0.78168	40.965	0.466	rgb(222,128,129)	1.8018	None
LHX1	DLL1	-0.78159	43.225	-2.3E-01	rgb(168,187,226)	1.8465	None
LMX1B	GPR173	0.78149	44.265	0.264	rgb(220,166,167)	1.8671	None
GATA2	HERC2P4	0.78139	44.065	0.565	rgb(223,109,110)	1.8632	None
PDX1	ATF6	0.78129	43.42	0.422	rgb(222,136,137)	1.8504	None
HSF2	STARD8	0.78119	44.2	0.01	rgb(217,215,215)	1.8659	None
LMX1B	PYY	-0.78109	44.29	-5.1E-02	rgb(206,210,219)	1.8676	None
EGR3	PARD6A	-0.78089	41.41	-4.1E-01	rgb(129,163,232)	1.8106	None
SPIB	ENTPD1	-0.78089	41.41	-4.1E-01	rgb(128,163,233)	1.8106	None
LHX1	GFRA3	-0.78079	42.78	-2.8E-01	rgb(156,180,228)	1.8377	None
GATA2	SPC25	0.78059	43.635	0.053	rgb(218,207,207)	1.8547	None
RFX3	BSN	0.78059	44.12	0.621	rgb(224, 98,100)	1.8643	None
TEAD1	KIAA1549	0.78049	43.37	0.371	rgb(221,146,147)	1.8494	None
HMBOX1	ADNP	0.78039	44.01	0.51	rgb(223,120,121)	1.8621	None
HSF2	KCNIP3	-0.78029	40.895	-3.9E-01	rgb(132,165,232)	1.8004	None
ZNF846	DPYSL3	-0.78019	44.18	-1.5E-01	rgb(184,197,223)	1.8655	None
CCDC17	FW340027	0.7801	42.325	0.326	rgb(221,155,155)	1.8287	2,2
MAFA	LAPTM5	-0.78	43.725	-6.7E-02	rgb(202,208,220)	1.8564	None
SIX2	TSPAN11	0.7799	44.25	0.251	rgb(220,169,170)	1.8669	None
AKNA	AK024119	-0.7798	43.765	-2.6E-01	rgb(160,182,227)	1.8572	2,2
GATA2	CERS1	-0.7797	43.855	-4.5E-02	rgb(207,211,219)	1.859	None
GLIS2	SLC12A5	0.7796	43.74	0.129	rgb(218,192,193)	1.8567	None
ETV1	ELAVL3	0.7795	40.455	0.456	rgb(222,130,131)	1.7917	None
MAFA	ATF5	-0.7794	43.99	-4.9E-01	rgb(112,153,235)	1.8617	None
ZNF846	ACTN3	0.7793	44.24	0.083	rgb(218,201,201)	1.8667	None
EGR3	NOXO1	0.7791	41.865	0.366	rgb(221,147,148)	1.8196	None
ZNF492	FER1L4	0.7791	41.865	0.363	rgb(221,148,148)	1.8196	None
FOXA2	RRAGD	0.7789	43.565	0.564	rgb(223,109,110)	1.8533	None
MYT1	AL109792	0.7789	40.955	0.453	rgb(222,131,131)	1.8016	2,2
ONECUT3	SIDT1	-0.7788	43.39	-3.9E-01	rgb(132,165,232)	1.8498	None
ONECUT3	KCNN3	0.7787	43.755	0.254	rgb(220,169,169)	1.857	None
ZNF492	CRISPLD2	-0.77861	44.05	-3.0E-02	rgb(211,213,218)	1.8629	None
ZFHX2	ANKS1B	-0.77851	43.895	-4.0E-01	rgb(131,165,232)	1.8598	None
EGR3	NPY	0.77841	44.09	0.09	rgb(218,200,200)	1.8637	None
DZIP1	MIR4697HG	0.77831	44.23	0.231	rgb(220,173,173)	1.8665	2,2
GATA4	FEV	0.77821	43.205	0.203	rgb(219,178,179)	1.8461	None
ZNF853	LPPR3	0.77811	43.91	0.413	rgb(222,138,139)	1.8601	2,2
ETS1	NHLH1	0.77801	44.115	0.116	rgb(218,195,195)	1.8642	None
MAFA	CADM3	-0.77791	44.255	-5.2E-03	rgb(216,216,217)	1.867	None
LHX1	MEP1B	-0.77781	44.21	-2.1E-01	rgb(172,190,225)	1.8661	None
MAFA	USH2A	0.77771	42.32	0.32	rgb(221,156,157)	1.8286	None
MAFB	TMEM132C	-0.77761	43.945	-4.5E-01	rgb(120,158,234)	1.8608	None
HSF2	GNG4	-0.77751	42.67	-1.7E-01	rgb(180,194,224)	1.8355	None
RFX6	GALNT16	0.77741	40.95	0.448	rgb(222,131,132)	1.8015	None
PBX1	MTSS1	0.77731	44.015	0.515	rgb(223,119,120)	1.8622	None
PAX6	ZFP69B	-0.77721	44.21	-2.1E-01	rgb(171,189,225)	1.8661	None
RORC	ELAVL3	-0.77712	43.95	-4.5E-01	rgb(120,158,234)	1.8609	None
ARNT2	TEAD2	0.77702	44.17	0.17	rgb(219,185,185)	1.8653	None
ZNF492	CCDC14	0.77692	43.875	0.376	rgb(221,145,146)	1.8594	None
RFX6	L1TD1	0.77682	42.665	0.165	rgb(219,186,186)	1.8354	None
ZNF518A	AX747658	0.77672	43.85	0.347	rgb(221,151,151)	1.8589	2,2
E2F7	VAV3	-0.77662	43.685	-1.9E-01	rgb(177,192,224)	1.8557	None
ELF4	SMTNL2	-0.77652	40.88	-3.8E-01	rgb(135,167,231)	1.8001	None
SIX2	LIPC	0.77642	43.19	0.19	rgb(219,181,181)	1.8458	None
FOXJ1	FKBP7	0.77632	41.795	0.297	rgb(220,160,161)	1.8182	None
ONECUT1	ANKRD36C	0.77622	43.885	0.386	rgb(221,143,144)	1.8596	None
PRDM16	MAP6	-0.77612	44.01	-5.1E-01	rgb(106,150,236)	1.8621	None
ZFHX2	RGS11	-0.77602	44.16	-1.6E-01	rgb(183,196,223)	1.8651	None
CBX2	AK095045	0.77592	44.21	0.209	rgb(219,177,177)	1.8661	2,2
ZFP69B	RASD1	0.77582	43.575	0.572	rgb(223,108,109)	1.8535	None
ASCL1	CDK5R1	0.77573	42.645	0.145	rgb(219,189,190)	1.8351	None
HOXB9	TMPRSS11E	-0.77553	43.905	-4.1E-01	rgb(129,163,232)	1.86	None
PBX3	APOC3	0.77553	43.815	0.128	rgb(218,193,193)	1.8582	None
MAFA	RPLP0P2	0.77543	40.94	0.439	rgb(222,133,134)	1.8013	None
SOX4	SERPINA10	-0.77533	42.245	-2.5E-01	rgb(163,184,226)	1.8271	None
LMX1A	LRFN2	0.77523	43.97	0.17	rgb(219,185,185)	1.8613	None
PAX6	MAP3K12	-0.77513	43.825	-3.0E-01	rgb(152,178,228)	1.8584	None
LHX1	COL6A4P2	0.77483	42.31	0.309	rgb(220,158,159)	1.8284	None
NEUROG3	SRM	0.77483	42.31	0.312	rgb(220,157,158)	1.8284	None
NFAT5	REEP2	-0.77483	42.31	-3.1E-01	rgb(149,176,229)	1.8284	None
ZNF117	AK126318	0.77473	43.81	0.313	rgb(220,157,158)	1.8581	2,2
ETV1	TUB	-0.77463	43.98	-8.2E-02	rgb(199,206,220)	1.8615	None
PDX1	PRPH	-0.77433	41.79	-2.9E-01	rgb(154,179,228)	1.8181	None
ZNF492	AK055694	0.77433	41.79	0.292	rgb(220,161,162)	1.8181	2,2
ZNF846	PITRM1-AS1	0.77433	41.79	0.291	rgb(220,162,162)	1.8181	None
MAFF	NPM2	-0.77424	43.96	-4.6E-01	rgb(117,156,235)	1.8611	None
ZNF514	AX747639	0.77414	43.935	0.436	rgb(222,134,135)	1.8606	2,2
FOXA1	MMRN1	0.77394	43.17	0.168	rgb(219,185,185)	1.8455	None
PBX3	UBE2S	0.77394	43.17	0.171	rgb(219,184,185)	1.8455	None
TET1	FAM71E2	0.77384	43.285	0.285	rgb(220,163,163)	1.8477	None
ZNF519	MYEF2	0.77374	40.87	0.368	rgb(221,147,148)	1.7999	None
PDX1	ENTPD1	-0.77364	43.155	-1.6E-01	rgb(183,196,223)	1.8452	None
SOX4	SDK2	0.77354	43.91	0.131	rgb(218,192,192)	1.8601	None
LHX1	RPS6KL1	-0.77344	43.695	-1.9E-01	rgb(175,191,224)	1.8559	None
POU5F1	BGN	0.77334	43.16	0.162	rgb(219,186,186)	1.8453	None
TFCP2L1	SYNGR3	-0.77324	42.235	-2.3E-01	rgb(167,186,226)	1.8269	None
PBX3	PAX6	-0.77314	41.845	-3.5E-01	rgb(142,171,230)	1.8192	None
PBX3	FAM135B	0.77304	43.94	0.207	rgb(219,177,178)	1.8607	None
MYT1	ASCL1	0.77294	41.385	0.386	rgb(221,143,144)	1.8101	2,2
MAFB	TTC25	-0.77284	43.695	-4.5E-02	rgb(207,211,219)	1.8559	None
FOXA1	KCNMB3	0.77275	43.135	0.137	rgb(219,191,191)	1.8448	None
ELF4	OLFML3	0.77255	43.915	0.124	rgb(218,193,194)	1.8602	None
ZNF382	CCDC28B	-0.77255	42.3	-3.0E-01	rgb(152,178,228)	1.8282	None
E2F7	CHRNA5	0.77245	43.585	0.583	rgb(223,106,107)	1.8537	None
ETV1	ABCC8	0.77225	40.865	0.366	rgb(221,147,148)	1.7998	None
SPIB	HAP1	-0.77225	40.865	-3.7E-01	rgb(138,169,231)	1.7998	None
FOXA1	LGI3	-0.77215	43.945	-1.1E-01	rgb(192,202,221)	1.8608	None
AKNA	AL110171	-0.77205	43.935	-4.4E-01	rgb(123,160,234)	1.8606	2,2
MAFA	CRLF1	0.77195	43.265	0.264	rgb(220,167,167)	1.8473	None
LMX1A	PDZD4	-0.77185	43.91	-3.3E-01	rgb(145,173,230)	1.8601	None
ONECUT2	MMP13	-0.77175	43.915	-2.8E-02	rgb(211,213,218)	1.8602	None
ZNF846	FAM110B	-0.77165	43.26	-2.6E-01	rgb(161,183,227)	1.8472	None
RORC	NUP210	0.77155	43.87	0.133	rgb(218,192,192)	1.8593	None
ZNF514	AF198444	0.77145	43.945	0.445	rgb(222,132,133)	1.8608	2,2
NEUROG3	SNX29P2	-0.77135	41.32	-3.2E-01	rgb(148,175,229)	1.8088	None
MAFB	IGFN1	0.77126	43.895	0.195	rgb(219,180,180)	1.8598	None
MAFB	SEZ6L	-0.77116	40.92	-4.2E-01	rgb(126,162,233)	1.8009	None
GATA2	RPS3	-0.77106	43.91	-4.1E-01	rgb(129,163,232)	1.8601	None
PDX1	MAFB	0.77096	43.8	0.302	rgb(220,159,160)	1.8579	None
ZNF846	TEAD2	0.77086	43.805	0.081	rgb(218,202,202)	1.858	None
ETV1	KCNK16	0.77076	40.86	0.358	rgb(221,149,149)	1.7997	None
HMBOX1	HCN4	0.77066	43.65	0.15	rgb(219,188,189)	1.855	None
PDX1	SFTPA2	0.77056	43.635	0.016	rgb(217,214,214)	1.8547	None
FOXD4L5	SYNM	0.77046	43.89	0.39	rgb(221,143,143)	1.8597	None
RFX6	PAX4	0.77036	43.795	0.296	rgb(220,161,161)	1.8578	2,2
TEAD1	BSN	-0.77026	41.375	-3.7E-01	rgb(136,168,231)	1.8099	None
GATA2	PGF	0.77016	42.395	0.394	rgb(221,142,143)	1.8301	None
ETS1	KNDC1	-0.77006	41.835	-3.4E-01	rgb(144,173,230)	1.819	None
ARX	COL6A4P2	0.76996	43.235	0.233	rgb(220,173,173)	1.8467	None
ASCL2	FER1L6-AS1	-0.76986	40.4	-4.0E-01	rgb(130,164,232)	1.7906	None
LMX1A	CFC1	0.76977	40.855	0.356	rgb(221,149,150)	1.7996	None
MLXIPL	RAB4B-EGLN2	0.76967	43.455	0.114	rgb(218,195,195)	1.8511	None
HSF2	LAPTM5	0.76947	42.96	0.46	rgb(222,129,130)	1.8413	None
ZFP2	FAM65C	0.76947	43.85	0.352	rgb(221,150,151)	1.8589	2,2
ZNF382	RBP2	0.76937	43.57	0.572	rgb(223,108,109)	1.8534	None
ARX	SLC7A4	-0.76927	41.765	-2.6E-01	rgb(160,182,227)	1.8176	None
PBX3	AP3B2	0.76917	42.205	0.206	rgb(219,178,178)	1.8263	None
ZFHX2	CLCA1	-0.76907	43.88	-1.5E-01	rgb(184,197,223)	1.8595	None
EGR3	BOC	-0.76897	43.86	-3.6E-01	rgb(139,170,231)	1.8591	None
ZNF846	CNR1	-0.76887	43.865	-2.0E-01	rgb(173,191,225)	1.8592	None
PRDM16	BEX2	-0.76877	40.395	-3.9E-01	rgb(131,165,232)	1.7905	None
ZNF846	RORC	-0.76867	43.65	-6.5E-01	rgb( 76,131,242)	1.855	None
GATA2	MMRN1	0.76847	41.83	0.329	rgb(221,154,155)	1.8189	None
TEAD1	PGA4	-0.76847	41.83	-3.3E-01	rgb(145,173,230)	1.8189	None
EGR3	GPR137C	-0.76838	41.31	-3.1E-01	rgb(150,176,229)	1.8086	None
GATA4	MAFA	-0.76808	42.28	-2.8E-01	rgb(156,180,228)	1.8278	None
NHLH1	PCBP4	0.76808	42.28	0.278	rgb(220,164,164)	1.8278	None
SPIB	APBB2	-0.76808	42.28	-2.8E-01	rgb(156,180,228)	1.8278	None
EGR3	NEFL	-0.76798	43.84	-1.1E-01	rgb(194,203,221)	1.8587	None
HSF2	CCDC88A	0.76768	40.85	0.352	rgb(221,150,151)	1.7995	None
LMX1B	ST8SIA5	0.76768	40.85	0.349	rgb(221,150,151)	1.7995	None
ZFHX2	DNAJB13	0.76768	40.85	0.352	rgb(221,150,151)	1.7995	None
ZNF846	CLDN6	0.76758	43.43	0.432	rgb(222,135,135)	1.8506	None
SOX4	LINC00494	-0.76748	43.69	-1.9E-01	rgb(176,192,224)	1.8558	None
ZNF846	AX747590	0.76738	42.35	0.352	rgb(221,150,151)	1.8292	2,2
SMAD9	LDB1	0.76728	40.905	0.407	rgb(221,139,140)	1.8006	None
FOXA1	SOGA3	0.76718	43.825	0.325	rgb(221,155,156)	1.8584	None
RFX3	ECE2	0.76708	43.27	0.27	rgb(220,165,166)	1.8474	None
CCDC17	AK311497	0.76698	43.625	0.625	rgb(224, 98, 99)	1.8545	2,2
LHX1	KCNMB3	0.76689	43.805	0.303	rgb(220,159,160)	1.858	None
ONECUT1	ST6GALNAC5	0.76659	40.385	0.386	rgb(221,143,144)	1.7903	None
PBX3	CACNA1G	-0.76659	40.385	-3.9E-01	rgb(133,166,232)	1.7903	None
SOX4	NKAIN1	0.76659	40.385	0.384	rgb(221,144,144)	1.7903	None
NKX6-1	ABCC8	0.76649	43.495	0.495	rgb(222,122,123)	1.8519	None
FOXD4L5	SUSD2	-0.76639	40.845	-3.5E-01	rgb(142,171,230)	1.7994	None
TSHZ1	FLJ22184	-0.76629	43.81	-3.1E-01	rgb(149,176,229)	1.8581	2,2
ATF6	B3GNTL1	-0.76609	40.9	-4.0E-01	rgb(130,164,232)	1.8005	None
EGR3	SLC7A4	0.76609	43.79	0.13	rgb(218,192,192)	1.8577	None
ZFP2	ZFR2	-0.76599	43.555	-5.6E-01	rgb( 96,143,238)	1.8531	2,2
ZFP28	AKR1B1	-0.76589	43.335	-3.3E-01	rgb(144,173,230)	1.8487	None
NKX2-2	VSTM2L	-0.76579	43.755	-2.5E-01	rgb(162,183,227)	1.857	None
ETV1	NPM2	0.76569	43.275	0.252	rgb(220,169,169)	1.8475	None
LMX1B	NNMT	0.76559	43.58	0.58	rgb(223,106,107)	1.8536	None
MYRF	LOC728407	0.76549	43.8	0.032	rgb(217,211,211)	1.8579	2,2
LHX1	NDRG4	-0.7654	43.81	-3.8E-02	rgb(209,212,218)	1.8581	None
ONECUT3	SCG5	0.7652	42.87	0.37	rgb(221,146,147)	1.8395	None
ZNF846	POU5F1	0.7652	43.15	0.073	rgb(218,203,203)	1.8451	None
ZFHX2	MYRF	0.7651	43.62	0.132	rgb(218,192,192)	1.8544	None
ETV1	CRYBA2	0.765	40.84	0.338	rgb(221,152,153)	1.7993	None
TEAD2	MX1	-0.7649	43.415	-4.1E-01	rgb(127,162,233)	1.8503	None
PAX6	DNLZ	0.7648	43.24	0.24	rgb(220,171,172)	1.8468	None
ZNF846	LIMS2	-0.7647	42.32	-3.2E-01	rgb(148,175,229)	1.8286	None
POU5F1	SLITRK6	0.7645	40.895	0.397	rgb(221,141,142)	1.8004	None
ZFP82	ADM5	-0.7645	40.895	-3.9E-01	rgb(131,165,232)	1.8004	None
POU6F1	PRR7	-0.7644	41.745	-2.5E-01	rgb(164,185,226)	1.8172	None
PBX3	HECW2	0.7643	42.315	0.313	rgb(220,157,158)	1.8285	None
ZNF518A	LOC100505716	0.7642	43.545	0.546	rgb(223,113,114)	1.8529	2,2
SPIB	SLC14A1	-0.7641	42.85	-3.5E-01	rgb(141,171,230)	1.8391	None
ZNF382	PPP1R16B	-0.764	43.305	-2.2E-01	rgb(168,187,226)	1.8481	None
CBX2	NPTX2	0.76381	39.93	0.429	rgb(222,135,136)	1.7813	2,2
ZNF846	DUSP2	-0.76381	42.145	-1.5E-01	rgb(185,198,223)	1.8251	None
ZNF117	NAIP	0.76361	42.845	0.346	rgb(221,151,152)	1.839	2,2
ZNF846	PKIA	0.76361	42.845	0.345	rgb(221,151,152)	1.839	None
ZNF846	ICA1L	-0.76351	43.545	-1.6E-01	rgb(182,196,223)	1.8529	None
NEUROG3	NOTUM	0.76341	43.355	0.355	rgb(221,149,150)	1.8491	None
GATA2	HSPA6	-0.76331	42.79	-2.9E-01	rgb(154,179,228)	1.8379	None
RORC	RTN1	-0.76321	43.535	-1.4E-01	rgb(186,198,222)	1.8527	None
TEAD1	DEFB1	-0.76311	43.22	-2.2E-01	rgb(169,188,225)	1.8464	None
PDX1	PCED1B-AS1	-0.76301	43.7	-2.0E-01	rgb(174,191,224)	1.856	None
ASCL2	SOCS1	-0.76291	43.56	-1.1E-01	rgb(194,203,221)	1.8532	None
ZNF492	ZNF518A	0.76281	40.435	0.433	rgb(222,134,135)	1.7913	None
TFCP2L1	CBX2	0.76271	43.715	0.217	rgb(219,176,176)	1.8563	None
PBX3	SIM1	0.76261	43.1	0.099	rgb(218,198,198)	1.8441	None
RORC	LINC00494	-0.76242	43.29	-2.9E-01	rgb(155,179,228)	1.8478	None
TFCP2L1	ECE2	-0.76242	43.515	-1.5E-01	rgb(184,197,223)	1.8523	None
MAFF	PRICKLE2	-0.76232	42.78	-2.8E-01	rgb(157,180,228)	1.8377	None
ETS1	FDPSP2	-0.76222	40.885	-3.9E-01	rgb(133,166,232)	1.8002	None
ETS1	AMER3	-0.76202	43.455	-1.8E-02	rgb(213,215,218)	1.8511	None
LHX1	LMO3	0.76202	43.085	0.084	rgb(218,201,201)	1.8438	None
NR4A2	CCR6	-0.76192	41.73	-2.3E-01	rgb(167,186,226)	1.8169	None
GLIS2	TSHZ1	-0.76182	43.58	-5.8E-01	rgb( 91,140,239)	1.8536	None
ZNF382	AP3B2	-0.76172	41.805	-3.0E-01	rgb(151,177,229)	1.8184	None
ZNF788	AK055257	0.76162	43.735	0.232	rgb(220,173,173)	1.8566	2,2
LMX1A	CSRNP3	0.76152	43.345	0.343	rgb(221,151,152)	1.8489	None
FOXJ1	ABCA9	-0.76142	43.38	-3.8E-01	rgb(135,167,231)	1.8496	None
GATA4	CELA3A	-0.76132	42.66	-1.6E-01	rgb(183,196,223)	1.8353	None
HIF1A	AEBP1	-0.76122	43.525	-9.7E-03	rgb(215,216,217)	1.8525	None
TEAD1	DOK6	-0.76112	43.485	-4.8E-01	rgb(112,153,235)	1.8517	None
SIX2	CERS6-AS1	0.76103	43.3	0.299	rgb(220,160,160)	1.848	2,2
LMX1B	ZFP28	0.76093	43.235	0.234	rgb(220,172,173)	1.8467	None
POU5F1	PLEKHO1	0.76083	43.295	0.293	rgb(220,161,162)	1.8479	None
ZNF846	AMER3	-0.76073	43.195	-2.0E-01	rgb(175,191,224)	1.8459	None
HSF2	E2F7	0.76063	42.64	0.14	rgb(219,190,190)	1.835	None
TET1	KANK2	0.76053	43.215	0.213	rgb(219,176,177)	1.8463	None
CCDC17	OR51E2	-0.76043	42.28	-2.8E-01	rgb(157,180,228)	1.8278	2,2
ZNF846	SBK1	-0.76033	43.505	-6.2E-02	rgb(204,209,219)	1.8521	None
NKX6-1	LIMCH1	0.76013	42.815	0.313	rgb(220,157,158)	1.8384	None
SPIB	SLC25A34	-0.76013	42.815	-3.1E-01	rgb(149,176,229)	1.8384	None
TFCP2L1	ACTN3	0.76003	42.64	0.139	rgb(219,190,191)	1.835	None
ETV1	MMRN1	0.75983	40.425	0.423	rgb(222,136,137)	1.7911	None
HMBOX1	SLC25A34	-0.75983	40.425	-4.2E-01	rgb(125,161,233)	1.7911	None
ZNF846	CDK5R1	0.75973	43.48	0.16	rgb(219,186,187)	1.8516	None
ZNF846	AX747140	-0.75963	43.47	-7.4E-02	rgb(201,207,220)	1.8514	2,2
RFX6	DNAJC12	0.75954	41.985	0.483	rgb(222,125,126)	1.822	None
ZNF846	RNF157-AS1	0.75944	42.755	0.254	rgb(220,169,169)	1.8372	None
ZNF519	HEY1	-0.75934	42.275	-2.8E-01	rgb(157,181,228)	1.8277	None
PRDM16	TEAD2	-0.75924	40.36	-3.6E-01	rgb(139,170,231)	1.7898	None
RFX3	SSTR1	0.75914	43.385	0.387	rgb(221,143,144)	1.8497	None
SIX2	ST8SIA3	0.75904	43.465	0.465	rgb(222,128,129)	1.8513	None
AKNA	APOA4	-0.75894	43.405	-4.0E-01	rgb(129,164,232)	1.8501	2,2
PROX1	RFX6	0.75884	42.605	0.103	rgb(218,197,198)	1.8343	None
ZNF514	LOC100271836	0.75874	43.445	0.443	rgb(222,132,133)	1.8509	2,2
PDX1	KIF1A	0.75864	41.795	0.293	rgb(220,161,162)	1.8182	None
GATA4	SSTR2	0.75854	43.265	0.265	rgb(220,166,167)	1.8473	None
ONECUT2	CELA3A	-0.75844	42.61	-1.1E-01	rgb(194,203,221)	1.8344	None
GATA6	CYP27A1	-0.75824	42.855	-3.6E-01	rgb(140,170,231)	1.8392	None
NEUROD1	NKX2-2	0.75824	42.235	0.237	rgb(220,172,172)	1.8269	None
MAFA	PPP4R4	0.75795	41.335	0.335	rgb(221,153,154)	1.8091	None
PBX3	SSBP2	-0.75795	41.335	-3.4E-01	rgb(144,173,230)	1.8091	None
TEAD2	ATP6V1G2	-0.75795	41.335	-3.4E-01	rgb(144,173,230)	1.8091	None
NR4A2	SPAG8	0.75785	41.27	0.272	rgb(220,165,166)	1.8078	None
MAFA	SLC12A5	0.75775	42.575	0.076	rgb(218,202,203)	1.8337	None
HSF2	KCNMB3	0.75765	43.195	0.199	rgb(219,179,179)	1.8459	None
ETV1	IGSF10	0.75745	39.9	0.402	rgb(221,140,141)	1.7807	None
PDX1	TET1	-0.75745	39.9	-4.0E-01	rgb(130,164,232)	1.7807	None
SPIB	PMFBP1	-0.75735	43.25	-2.5E-01	rgb(163,184,226)	1.847	None
ZFHX2	CCDC150	0.75725	41.895	0.393	rgb(221,142,143)	1.8202	None
PDX1	SHC3	0.75715	43.26	0.257	rgb(220,168,168)	1.8472	None
ZBTB25	AK091275	0.75705	42.25	0.251	rgb(220,169,170)	1.8272	2,2
ARNT2	RUNDC3A	-0.75695	43.43	-2.7E-01	rgb(158,181,227)	1.8506	None
HSF2	HGFAC	0.75685	43.31	0.31	rgb(220,158,158)	1.8482	None
ZFHX2	HOOK3	0.75675	40.35	0.351	rgb(221,150,151)	1.7896	None
SPIB	PHYHIP	0.75665	42.72	0.218	rgb(219,175,176)	1.8365	None
PBX3	CALCOCO1	0.75656	43.42	0.039	rgb(217,209,210)	1.8504	None
ZFHX2	CDRT4	-0.75646	43.13	-1.2E-01	rgb(191,201,221)	1.8447	None
EGR3	FOXJ1	0.75626	39.895	0.395	rgb(221,142,142)	1.7806	None
GATA4	TRPM3	-0.75626	39.895	-3.9E-01	rgb(132,165,232)	1.7806	None
MYSM1	BC022892	0.75616	43.47	0.469	rgb(222,127,128)	1.8514	2,2
ETS1	AX747393	-0.75606	43.355	-1.1E-01	rgb(193,202,221)	1.8491	2,2
SIM1	IFI27	0.75596	41.33	0.332	rgb(221,154,154)	1.809	2,2
FOXA1	MUC16	0.75586	42.78	0.279	rgb(220,164,164)	1.8377	None
RORC	TNFRSF6B	0.75576	42.715	0.216	rgb(219,176,176)	1.8364	None
EGR3	FZD4	-0.75556	43.42	-4.2E-01	rgb(125,161,233)	1.8504	None
TFCP2L1	LEFTY1	0.75556	43.43	0.434	rgb(222,134,135)	1.8506	None
MAFA	FCGBP	-0.75546	40.81	-3.1E-01	rgb(150,176,229)	1.7987	None
GATA4	TAC3	-0.75536	42.95	-4.5E-01	rgb(119,158,234)	1.8411	None
PBX1	NPY	0.75526	43.21	0.037	rgb(217,210,210)	1.8462	None
GATA2	TMEM178B	0.75516	42.71	0.211	rgb(219,177,177)	1.8363	None
SIX2	FLT1	-0.75497	41.78	-2.8E-01	rgb(157,180,228)	1.8179	None
ZNF846	AL137655	0.75497	43.105	0.026	rgb(217,212,212)	1.8442	2,2
PLAG1	UNC13A	-0.75487	40.865	-3.7E-01	rgb(137,169,231)	1.7998	None
NKX2-2	PTPN22	-0.75457	39.89	-3.9E-01	rgb(133,166,232)	1.7805	None
TFCP2L1	SPDYE5	0.75457	39.89	0.388	rgb(221,143,144)	1.7805	None
ZNF846	SERPINA10	-0.75457	39.89	-3.9E-01	rgb(132,165,232)	1.7805	None
RFX3	WDR17	0.75447	43.055	0.556	rgb(223,111,112)	1.8432	None
NEUROG3	EGR3	0.75437	40.345	0.344	rgb(221,151,152)	1.7895	None
PDX1	GPBAR1	0.75427	40.805	0.303	rgb(220,159,160)	1.7986	None
ETV1	GPR162	0.75417	43.38	0.381	rgb(221,144,145)	1.8496	None
HIC1	RRAGD	0.75407	43.33	0.025	rgb(217,212,212)	1.8486	None
ETS1	CNR1	0.75397	42.95	0.45	rgb(222,131,132)	1.8411	None
SMAD9	PDZD4	0.75387	39.955	0.456	rgb(222,130,131)	1.7818	None
ZFP62	OCLM	0.75377	43.26	0.26	rgb(220,167,168)	1.8472	2,2
NEUROD2	GDF11	0.75368	42.205	0.204	rgb(219,178,178)	1.8263	None
ZNF117	AK054970	0.75358	40.86	0.36	rgb(221,148,149)	1.7997	2,2
GATA4	NR4A2	0.75348	43.26	0.256	rgb(220,168,169)	1.8472	None
SOX4	FTCD	-0.75338	42.68	-1.8E-01	rgb(178,193,224)	1.8357	None
AEBP1	CR627225	-0.75328	43.185	-1.9E-01	rgb(177,192,224)	1.8457	2,2
ZFHX2	MDK	-0.75318	42.675	-1.7E-01	rgb(179,194,224)	1.8356	None
MAFA	MLLT11	0.75298	40.4	0.402	rgb(221,140,141)	1.7906	None
SMAD9	MX1	-0.75298	40.34	-3.4E-01	rgb(143,172,230)	1.7894	None
LHX1	KRT4	-0.75288	43.245	-2.4E-01	rgb(164,185,226)	1.8469	None
PDX1	CDKN1C	0.75278	41.25	0.252	rgb(220,169,169)	1.8074	None
ZFHX2	HMGB3	0.75268	43.31	0.236	rgb(220,172,172)	1.8482	None
HSF2	RGS11	-0.75258	43.185	-1.9E-01	rgb(177,192,224)	1.8457	None
ZFHX2	RPS6KL1	0.75248	39.88	0.38	rgb(221,144,145)	1.7803	None
ZNF492	SOGA3	-0.75238	43.33	-1.7E-01	rgb(180,194,224)	1.8486	None
ONECUT1	TTLL6	0.75228	42.66	0.162	rgb(219,186,186)	1.8353	None
ZNF846	GLUD1P3	0.75219	42.965	0.284	rgb(220,163,163)	1.8414	None
ZNF514	AK127443	0.75209	43.1	0.604	rgb(224,102,103)	1.8441	2,2
POU5F1	DOK6	0.75199	43.245	0.124	rgb(218,193,194)	1.8469	None
GATA4	MYRF	0.75169	41.765	0.266	rgb(220,166,167)	1.8176	None
RORC	SRRM4	-0.75169	41.315	-3.1E-01	rgb(149,176,229)	1.8087	None
ZNF846	LOC399744	-0.75169	43.13	-1.9E-01	rgb(175,192,224)	1.8447	2,2
FEV	CNR1	0.75159	43.335	0.004	rgb(217,216,216)	1.8487	None
EGR3	ELAVL3	-0.75139	43.33	-1.1E-01	rgb(193,203,221)	1.8486	None
FOXD4L5	MAGED1	0.75139	42.95	0.209	rgb(219,177,178)	1.8411	None
RORC	SV2A	0.75129	39.875	0.375	rgb(221,145,146)	1.7802	None
ARX	TMPRSS11E	0.75119	42.9	0.078	rgb(218,202,202)	1.8401	None
FOXD4L5	RCOR2	-0.75109	40.85	-3.5E-01	rgb(141,171,230)	1.7995	None
LHX1	SLC25A53	-0.75099	42.3	-3.0E-01	rgb(152,177,228)	1.8282	None
EGR3	CABP7	-0.75079	43.31	-1.0E-01	rgb(195,203,221)	1.8482	None
POU5F1	PITRM1-AS1	0.75079	42.615	0.116	rgb(218,195,195)	1.8345	None
HMBOX1	SULT1C2P1	0.7506	39.43	0.43	rgb(222,135,136)	1.7713	None
NEUROG3	MARCH4	-0.7506	39.43	-4.3E-01	rgb(124,160,233)	1.7713	None
HSF2	FGF17	-0.7504	43.25	-2.3E-01	rgb(168,187,226)	1.847	None
NR4A2	CTPS1	-0.7504	42.72	-2.2E-01	rgb(169,188,225)	1.8365	None
TGIF2	COLQ	0.7503	43.105	0.104	rgb(218,197,197)	1.8442	None
ATF6	APOA1	-0.7502	42.29	-2.9E-01	rgb(154,179,228)	1.828	None
PAX6	MAFA	-0.7501	42.18	-1.8E-01	rgb(178,193,224)	1.8258	None
ASCL1	PSD	0.75	42.72	0.219	rgb(219,175,176)	1.8365	None
ETV1	KLHL32	0.7499	39.935	0.436	rgb(222,134,135)	1.7814	None
RFX3	TUBA1A	-0.7498	42.285	-2.8E-01	rgb(155,179,228)	1.8279	None
GATA4	TTC25	0.7496	41.755	0.255	rgb(220,168,169)	1.8174	None
PBX3	PRELP	0.7496	40.845	0.344	rgb(221,151,152)	1.7994	None
MAFB	CAMK2N2	0.7495	42.175	0.174	rgb(219,184,184)	1.8257	None
ATOH8	DQ588732	-0.7494	43.095	-5.9E-01	rgb( 88,139,240)	1.844	2,2
ETS1	STARD8	-0.7493	42.71	-2.1E-01	rgb(171,189,225)	1.8363	None
NEUROD2	RET	-0.74921	41.23	-2.3E-01	rgb(168,187,226)	1.807	None
RFX2	CELF4	0.74911	42.765	0.031	rgb(217,211,211)	1.8374	None
ETS1	CHST10	-0.74891	40.785	-2.9E-01	rgb(155,179,228)	1.7982	None
HSF2	TCTEX1D4	-0.74891	40.785	-2.8E-01	rgb(155,179,228)	1.7982	None
HSF2	VASH2	0.74881	41.57	0.069	rgb(218,204,204)	1.8138	None
ZNF846	VOPP1	0.74871	43.015	0.085	rgb(218,201,201)	1.8424	None
PAX6	MAPK10	0.74851	39.865	0.365	rgb(221,147,148)	1.78	None
PDX1	APLP1	0.74851	42.705	0.203	rgb(219,178,179)	1.8362	None
RFX2	SULT1C2P1	0.74841	41.795	0.293	rgb(220,161,162)	1.8182	None
ZFHX2	FAM161A	0.74831	42.7	0.7	rgb(225, 83, 85)	1.8361	None
ELF4	NALCN	-0.74821	41.505	-5.8E-03	rgb(216,216,217)	1.8125	None
MAFA	HGFAC	-0.74801	42.695	-1.9E-01	rgb(175,191,224)	1.836	None
ZNF788	AK124970	0.74801	43.27	0.27	rgb(220,165,166)	1.8474	2,2
ZNF846	PRKCG	-0.74791	40.84	-3.4E-01	rgb(143,172,230)	1.7993	None
ZBTB4	FAM157A	0.74781	42.955	0.453	rgb(222,130,131)	1.8412	2,2
MAFA	UNC93A	0.74772	42.155	0.154	rgb(219,188,188)	1.8253	None
PDX1	PARD6A	0.74762	40.38	0.382	rgb(221,144,145)	1.7902	None
FOXA1	KLHL32	0.74752	43.185	0.164	rgb(219,186,186)	1.8457	None
ONECUT3	SCN2A	0.74742	42.91	0.099	rgb(218,198,198)	1.8403	None
NPAS3	RIC3	0.74732	43.06	0.558	rgb(223,110,111)	1.8433	2,2
ARX	PMP22	0.74722	42.79	0.289	rgb(220,162,162)	1.8379	None
GATA4	PMFBP1	0.74712	43.205	0.182	rgb(219,182,183)	1.8461	None
ETV1	SMARCA1	0.74702	42.36	0.36	rgb(221,148,149)	1.8294	None
EGR3	COLQ	-0.74692	42.255	-2.5E-01	rgb(162,184,227)	1.8273	None
GATA2	PDE2A	0.74682	43.24	0.238	rgb(220,172,172)	1.8468	None
GATA4	MUC15	-0.74672	41.295	-2.9E-01	rgb(153,178,228)	1.8083	None
ZNF514	AX746823	0.74662	42.94	0.441	rgb(222,133,134)	1.8409	2,2
ETV1	SPIB	0.74652	39.92	0.421	rgb(222,137,137)	1.7811	None
ETS1	ST8SIA3	-0.74623	40.375	-3.7E-01	rgb(136,168,231)	1.7901	None
NR4A2	CIT	-0.74623	39.405	-4.0E-01	rgb(129,164,232)	1.7709	None
ZFHX2	ZNF514	0.74623	39.405	0.406	rgb(221,139,140)	1.7709	None
TFCP2L1	CPE	-0.74613	41.21	-2.1E-01	rgb(171,189,225)	1.8066	None
HSF2	MAPK12	-0.74603	41.395	-3.9E-01	rgb(132,165,232)	1.8103	None
MLXIPL	AX747590	-0.74593	43.015	-2.2E-01	rgb(170,188,225)	1.8424	2,2
PDX1	CYP4F24P	-0.74583	42.78	-2.8E-01	rgb(156,180,228)	1.8377	None
EGR3	NEGR1	0.74573	42.73	0.229	rgb(220,173,174)	1.8367	None
GATA6	UTY	-0.74563	41.205	-2.1E-01	rgb(172,190,225)	1.8065	None
MAFB	NKD1	0.74553	42.835	0.336	rgb(221,153,153)	1.8388	None
AEBP1	FAM65C	0.74533	42.325	0.327	rgb(221,154,155)	1.8287	2,2
EGR3	THBS4	0.74533	42.325	0.323	rgb(221,155,156)	1.8287	None
PRDM16	CDRT4	-0.74523	42.64	-1.4E-01	rgb(187,199,222)	1.835	None
FOXD4L5	SIM1	0.74513	40.83	0.328	rgb(221,154,155)	1.7991	None
LMX1B	SLC18A1	0.74503	41.2	0.2	rgb(219,179,179)	1.8064	None
GATA4	LINGO1	-0.74493	41.73	-2.3E-01	rgb(168,187,226)	1.8169	None
HSF2	MAP3K12	-0.74484	42.935	-8.2E-02	rgb(199,206,220)	1.8408	None
ZNF846	FOXJ1	-0.74474	42.835	-6.6E-02	rgb(203,208,220)	1.8388	None
NEUROG3	GAL	0.74464	42.61	0.11	rgb(218,196,196)	1.8344	None
SMAD9	HIC1	0.74454	41.75	0.251	rgb(220,169,170)	1.8173	None
SIX2	CCDC125	0.74434	42.785	0.286	rgb(220,162,163)	1.8378	None
SMAD9	SSTR1	0.74434	42.28	0.28	rgb(220,164,164)	1.8278	None
ZNF788	AK025664	0.74424	42.985	0.485	rgb(222,124,125)	1.8418	2,2
FOXD4L5	CCDC74B	0.74414	41.745	0.244	rgb(220,170,171)	1.8172	None
ETS1	RASL11B	0.74404	42.935	0.056	rgb(218,206,206)	1.8408	None
TGIF2	IGF2	-0.74394	43.125	-1.2E-01	rgb(190,201,222)	1.8446	None
HLF	BTBD11	0.74384	40.305	0.305	rgb(220,159,159)	1.7887	None
NEUROG3	CADM3	0.74364	40.365	0.364	rgb(221,148,148)	1.7899	None
TGIF2	HCP5	0.74364	40.365	0.363	rgb(221,148,148)	1.7899	None
PBX3	WNK2	0.74354	42.525	0.027	rgb(217,212,212)	1.8327	None
NEUROG3	CCNA1	0.74344	42.505	0.005	rgb(217,216,216)	1.8323	None
ETV1	BEX2	0.74335	39.39	0.389	rgb(221,143,143)	1.7706	None
ZNF492	NR4A2	-0.74325	42.92	-4.2E-01	rgb(126,162,233)	1.8405	None
LHX1	LIMCH1	-0.74315	43.13	-5.8E-02	rgb(204,209,219)	1.8447	None
LHX1	CACNG6	0.74305	42.96	0.459	rgb(222,129,130)	1.8413	None
MAFA	NR4A2	0.74295	41.895	0.393	rgb(221,142,143)	1.8202	None
ETS1	DST	0.74285	41.735	0.233	rgb(220,172,173)	1.817	None
SIX2	RPRML	0.74275	42.885	0.378	rgb(221,145,146)	1.8398	None
TEAD1	TTBK1	-0.74265	42.27	-2.7E-01	rgb(158,181,227)	1.8276	None
SPIB	EXOSC4	0.74255	42.63	0.632	rgb(224, 96, 98)	1.8348	None
ZNF519	KANK2	0.74245	41.275	0.277	rgb(220,164,165)	1.8079	None
SOX4	CHGA	0.74235	40.3	0.3	rgb(220,160,160)	1.7886	None
ETS1	SMAD9	-0.74225	40.82	-3.2E-01	rgb(147,175,229)	1.7989	None
ONECUT1	JPH4	0.74215	43.105	0.105	rgb(218,197,197)	1.8442	None
ETS1	ZRANB2-AS1	0.74205	42.19	0.19	rgb(219,181,181)	1.826	None
LMX1A	CPB1	-0.74195	42.265	-2.7E-01	rgb(159,182,227)	1.8275	None
ONECUT2	CCDC14	0.74186	38.945	0.443	rgb(222,132,133)	1.7617	None
PDX1	CACNA1G	0.74176	41.88	0.381	rgb(221,144,145)	1.8199	None
LHX1	CCDC85B	-0.74156	39.9	-4.0E-01	rgb(131,164,232)	1.7807	None
ZNF846	ATOH8	0.74156	42.925	0.078	rgb(218,202,202)	1.8406	None
GATA6	KCNG1	0.74126	41.27	0.269	rgb(220,166,166)	1.8078	None
LHX1	KIF1A	-0.74126	41.7	-2.0E-01	rgb(174,191,225)	1.8163	None
TGIF2	KCNK16	0.74126	41.27	0.269	rgb(220,166,166)	1.8078	None
NEUROD2	EVA1A	0.74116	39.445	0.447	rgb(222,132,132)	1.7716	None
NKX6-1	KCNJ6	0.74106	41.865	0.366	rgb(221,147,148)	1.8196	None
RORC	SAP30	0.74096	42.25	0.252	rgb(220,169,169)	1.8272	None
TGIF2	INS-IGF2	0.74086	42.365	0.365	rgb(221,147,148)	1.8295	None
SMAD9	SAMD11	0.74076	41.71	0.209	rgb(219,177,178)	1.8165	None
AEBP1	DIRAS1	0.74066	42.24	0.239	rgb(220,171,172)	1.827	2,2
SIX2	EFNB3	0.74056	39.895	0.393	rgb(221,142,143)	1.7806	None
PDX1	AEBP1	0.74046	42.87	0.369	rgb(221,146,147)	1.8395	None
ETS1	DNAJB13	0.74037	42.47	0.109	rgb(218,196,196)	1.8316	None
HSF2	ATP6V1G2	-0.74027	42.535	-1.3E-01	rgb(188,199,222)	1.8329	None
NEUROD2	CCDC28B	0.74017	42.74	0.24	rgb(220,171,172)	1.8369	None
ZNF382	LDHD	0.74007	41.85	0.35	rgb(221,150,151)	1.8193	None
ETS1	SPDYE1	0.73997	42.83	0.032	rgb(217,211,211)	1.8387	None
RORC	MAPK7	0.73987	40.35	0.35	rgb(221,150,151)	1.7896	None
EGR3	SPDYA	0.73977	42.875	0.377	rgb(221,145,146)	1.8396	None
TFCP2L1	CDK5R2	-0.73967	41.695	-1.9E-01	rgb(175,191,224)	1.8162	None
SOX4	CHL1	-0.73957	41.68	-1.8E-01	rgb(178,193,224)	1.8159	None
ZNF382	FAM95B1	0.73947	42.3	0.301	rgb(220,159,160)	1.8282	2,2
ONECUT3	ENPP7	-0.73937	42.45	-4.5E-01	rgb(119,157,234)	1.8312	None
HEY1	REG4	-0.73927	42.85	-1.8E-01	rgb(178,193,224)	1.8391	None
TEAD2	CDK5R1	0.73917	41.805	0.307	rgb(220,158,159)	1.8184	None
ARNT2	BASP1	-0.73907	42.635	-1.3E-01	rgb(188,199,222)	1.8349	None
CBX2	AK125727	0.73897	42.21	0.21	rgb(219,177,177)	1.8264	2,2
CCDC17	AK124970	0.73888	42.84	0.342	rgb(221,152,152)	1.8389	2,2
MAFA	GGT5	0.73878	40.73	0.232	rgb(220,173,173)	1.7971	None
SOX4	KRT4	-0.73868	41.29	-2.9E-01	rgb(154,179,228)	1.8082	None
RFX6	TUBA3FP	0.73858	42.315	0.315	rgb(220,157,157)	1.8285	None
SMAD9	ZRANB2-AS1	-0.73848	42.045	-4.4E-02	rgb(207,211,219)	1.8232	None
ETS1	PROX1	0.73838	39.885	0.387	rgb(221,143,144)	1.7804	None
PDX1	FIGNL2	0.73828	42.825	0.327	rgb(221,155,155)	1.8386	None
EGR3	TCTEX1D4	0.73818	42.795	0.188	rgb(219,181,181)	1.838	None
FOXA1	RAB3C	0.73808	42.625	0.039	rgb(217,210,210)	1.8347	None
E2F7	LRFN1	-0.73798	41.78	-2.8E-01	rgb(156,180,228)	1.8179	None
GATA4	CLCN4	0.73788	40.34	0.339	rgb(221,152,153)	1.7894	None
RORC	MAFF	0.73778	42.79	0.289	rgb(220,162,162)	1.8379	None
NR4A3	STX2	0.73768	39.82	0.319	rgb(221,156,157)	1.7791	None
LHX1	PPP1R3C	-0.73758	42.78	-2.8E-01	rgb(156,180,228)	1.8377	None
RFX3	CCDC28B	-0.73749	38.91	-4.1E-01	rgb(128,163,233)	1.761	None
E2F7	PLTP	0.73739	42.82	0.322	rgb(221,155,156)	1.8385	None
GATA4	ENPP1	0.73729	41.655	0.156	rgb(219,187,188)	1.8154	None
SIX2	BEGAIN	0.73719	41.81	0.31	rgb(220,158,158)	1.8185	None
PBX3	RAB36	0.73709	42.165	0.167	rgb(219,185,185)	1.8255	None
FOXP2	UNC80	-0.73699	42.6	-6.0E-01	rgb( 87,138,240)	1.8342	None
TP73	RPS6KL1	0.73689	42.75	0.247	rgb(220,170,170)	1.8371	None
ATF6	APOC3	-0.73679	42.16	-1.6E-01	rgb(182,196,223)	1.8254	None
RORC	ZDHHC8P1	-0.73669	42.41	-4.1E-01	rgb(128,163,233)	1.8304	None
PDX1	EXOSC4	0.73659	42.24	0.24	rgb(220,171,172)	1.827	None
ONECUT3	FAM171A2	0.73649	41.265	0.267	rgb(220,166,166)	1.8077	None
MAFB	GAP43	-0.73639	42.405	-5.6E-02	rgb(205,210,219)	1.8303	None
ZNF846	ATP6V0E2	0.73629	42.395	0.021	rgb(217,213,213)	1.8301	None
ELF4	CCDC14	-0.73609	39.815	-3.1E-01	rgb(149,176,229)	1.779	None
SMAD9	PLAG1	0.73609	39.815	0.316	rgb(220,157,157)	1.779	None
MAFA	RBP2	-0.736	42.57	-5.7E-01	rgb( 94,142,239)	1.8336	None
HSF2	SRRM4	-0.7359	42.275	-2.7E-01	rgb(157,181,227)	1.8277	None
NHLH1	CRH	-0.7358	41.85	-3.5E-01	rgb(141,171,230)	1.8193	None
ATF6	PODN	-0.7357	41.625	-1.2E-01	rgb(190,201,222)	1.8148	None
SOX4	GAP43	-0.7356	39.415	-4.1E-01	rgb(127,162,233)	1.7711	None
E2F7	CADM2	-0.7355	42.595	-5.9E-01	rgb( 89,139,239)	1.8341	None
ASCL1	GCH1	0.7354	38.495	0.494	rgb(222,123,124)	1.7528	None
LHX1	SMOC1	-0.7353	41.255	-2.5E-01	rgb(162,184,227)	1.8075	None
HLF	COL14A1	0.7352	39.355	0.356	rgb(221,149,150)	1.7699	None
MAFA	CNR1	0.735	40.265	0.263	rgb(220,167,167)	1.7879	None
MAFA	RUSC1-AS1	0.735	42.64	0.139	rgb(219,190,191)	1.835	None
RFX2	IGSF21	0.7349	42.22	0.218	rgb(219,175,176)	1.8266	None
FEV	SLC18A1	0.7348	38.485	0.484	rgb(222,125,126)	1.7526	None
MAFA	DDN	0.7347	42.7	0.199	rgb(219,179,179)	1.8361	None
HSF2	CACNA1G	0.7346	41.835	0.333	rgb(221,153,154)	1.819	None
PRDM16	TMEM212	0.73451	42.74	0.123	rgb(218,194,194)	1.8369	None
ETS1	CD52	0.73421	42.15	0.15	rgb(219,188,189)	1.8252	None
RFX3	EDAR	0.73421	42.345	0.845	rgb(226, 56, 57)	1.8291	None
SOX4	TMEM132C	-0.73421	42.15	-1.5E-01	rgb(185,198,223)	1.8252	None
PAX6	TAF9B	0.73411	41.525	0.025	rgb(217,212,212)	1.8129	None
HSF2	IMPG1	-0.73401	42.77	-6.1E-03	rgb(216,216,217)	1.8375	None
SIX2	SV2A	0.73391	42.755	0.259	rgb(220,168,168)	1.8372	None
TET1	DPYSL4	-0.73381	42.745	-2.5E-01	rgb(164,185,226)	1.837	None
LHX1	CALY	-0.73371	41.735	-2.4E-01	rgb(166,186,226)	1.817	None
ASCL1	KLHL32	0.73351	38.895	0.397	rgb(221,141,142)	1.7607	None
ZNF846	GPR137C	0.73351	38.895	0.396	rgb(221,141,142)	1.7607	None
ASCL2	DPYSL4	0.73341	42.47	0.47	rgb(222,127,128)	1.8316	None
EGR3	KCNJ11	-0.73331	41.24	-2.4E-01	rgb(164,185,226)	1.8072	None
LMX1B	GPR137C	0.73321	42.055	0.055	rgb(218,206,207)	1.8234	None
MAFA	CPT1C	0.73311	42.405	0.402	rgb(221,140,141)	1.8303	None
GLIS2	PTPN22	-0.73302	42.19	-1.9E-01	rgb(176,192,224)	1.826	None
ELF4	CD52	-0.73292	38.46	-4.6E-01	rgb(117,156,235)	1.7521	None
EGR3	TTLL10	0.73282	42.54	0.038	rgb(217,210,210)	1.833	None
MAFB	STMN4	0.73272	41.72	0.221	rgb(219,175,175)	1.8167	None
FOXA2	GABRG2	-0.73252	42.23	-2.3E-01	rgb(167,187,226)	1.8268	None
MAFB	GPR155	0.73252	42.23	0.231	rgb(220,173,173)	1.8268	None
ETS1	SOCS1	0.73242	42.5	0.5	rgb(222,122,123)	1.8322	None
E2F7	GLIS2	-0.73232	42.02	-2.2E-02	rgb(212,214,218)	1.8227	None
MAFB	IFI44	-0.73212	42.71	-7.2E-02	rgb(201,207,220)	1.8363	None
NEUROD2	SEZ6L	0.73212	41.395	0.395	rgb(221,142,142)	1.8103	None
PROX1	CDH22	0.73202	41.375	0.377	rgb(221,145,146)	1.8099	None
E2F7	SMARCD2	0.73192	38.45	0.45	rgb(222,131,132)	1.7519	None
PRDM16	SPDYE7P	0.73182	42.32	0.011	rgb(217,215,215)	1.8286	None
PBX1	HEY1	0.73162	41.87	0.37	rgb(221,146,147)	1.8197	None
PDX1	LAMP3	-0.73162	40.25	-2.5E-01	rgb(163,184,226)	1.7876	None
SOX4	ISL1	-0.73153	40.77	-2.7E-01	rgb(159,181,227)	1.7979	None
LHX1	DACH1	-0.73143	41.705	-2.0E-01	rgb(173,190,225)	1.8164	None
NKX6-1	USH2A	0.73133	41.205	0.204	rgb(219,178,178)	1.8065	None
GATA4	CRY2	0.73113	42.155	0.156	rgb(219,187,188)	1.8253	None
ZNF514	ANP32A-IT1	0.73113	42.155	0.153	rgb(219,188,188)	1.8253	2,2
SIX2	FGF17	0.73103	40.665	0.166	rgb(219,185,186)	1.7958	None
NEUROD1	CNPY1	0.73093	41.85	0.349	rgb(221,150,151)	1.8193	None
MAFF	CACNG6	0.73083	42.275	0.277	rgb(220,164,165)	1.8277	None
TEAD1	CHST10	0.73073	42.37	0.119	rgb(218,194,194)	1.8296	None
HOXB9	CLSPN	-0.73053	39.34	-3.4E-01	rgb(143,172,230)	1.7696	None
SIX2	INS-IGF2	0.73053	39.34	0.338	rgb(221,152,153)	1.7696	None
MAFA	PPP1R14A	0.73043	38.88	0.382	rgb(221,144,145)	1.7605	None
NKX2-2	SUSD2	0.73033	42.475	0.475	rgb(222,126,127)	1.8317	None
HSF2	LRFN1	0.73014	39.795	0.296	rgb(220,160,161)	1.7786	None
LHX1	HERC2P4	-0.73014	39.795	-3.0E-01	rgb(153,178,228)	1.7786	None
HIF1A	G0S2	-0.73004	42.465	-1.1E-01	rgb(194,203,221)	1.8315	None
E2F7	APLP1	-0.72994	41.875	-3.8E-01	rgb(135,167,231)	1.8198	None
SIX2	ANKRD45	0.72984	41.335	0.335	rgb(221,153,154)	1.8091	None
MAFA	ACE	-0.72974	42.26	-2.6E-01	rgb(161,183,227)	1.8274	None
LHX1	RIIAD1	0.72964	42.445	0.092	rgb(218,199,200)	1.8311	None
ZFP28	CTNND1	0.72954	42.45	0.45	rgb(222,131,132)	1.8312	None
HLF	ITPR1	0.72934	41.81	0.309	rgb(220,158,159)	1.8185	None
ZFP82	CCL19	0.72934	40.76	0.258	rgb(220,168,168)	1.7977	None
AKNA	AK025511	-0.72924	42.445	-4.4E-01	rgb(121,159,234)	1.8311	2,2
LMX1B	PLCXD3	0.72914	42.38	0.38	rgb(221,144,145)	1.8298	None
RORC	GCG	-0.72904	39.39	-3.9E-01	rgb(132,166,232)	1.7706	None
POU5F1	CEND1	0.72894	42.25	0.252	rgb(220,169,169)	1.8272	None
LHX1	DPY19L2	0.72884	42.095	0.097	rgb(218,198,199)	1.8242	None
CCDC17	IGF2	-0.72874	42.435	-4.3E-01	rgb(123,160,233)	1.8309	2,2
E2F7	HES4	-0.72865	41.85	-3.5E-01	rgb(141,171,230)	1.8193	None
TFCP2L1	HSPA6	-0.72855	41.185	-1.8E-01	rgb(177,193,224)	1.8061	None
HOXB9	CRH	-0.72845	40.62	-1.2E-01	rgb(190,201,222)	1.7949	None
EGR3	STMND1	-0.72835	42.3	-3.0E-01	rgb(152,177,228)	1.8282	None
SIX2	CALY	0.72815	42.435	0.434	rgb(222,134,135)	1.8309	None
ZNF492	IL11	-0.72815	42.24	-2.4E-01	rgb(164,185,226)	1.827	2,2
LHX1	LZTS1	-0.72805	41.785	-2.9E-01	rgb(155,179,228)	1.818	None
TP73	PTGDR2	0.72795	42.545	0.006	rgb(217,216,216)	1.8331	None
LHX1	BAALC	-0.72785	41.31	-3.1E-01	rgb(150,176,229)	1.8086	None
MAFA	SLC22A17	0.72775	41.175	0.176	rgb(219,183,184)	1.8059	None
MAFB	KCNK16	-0.72765	42.43	-2.2E-01	rgb(169,188,225)	1.8308	None
HSF2	GAN	0.72755	42.36	0.158	rgb(219,187,187)	1.8294	None
ZFP28	HIF1A	0.72745	38.93	0.429	rgb(222,135,136)	1.7614	None
HSF2	SMKR1	0.72735	40.75	0.248	rgb(220,170,170)	1.7975	None
HSF2	ASRGL1	-0.72725	42.42	-2.9E-01	rgb(155,179,228)	1.8306	None
HSF2	SULT1C2P1	0.72706	42.125	0.125	rgb(218,193,193)	1.8247	None
NFAT5	EGR3	-0.72706	42.125	-1.2E-01	rgb(190,201,222)	1.8247	None
SMAD9	GDF10	-0.72696	39.845	-3.5E-01	rgb(142,171,230)	1.7796	None
RORC	OGFRL1	-0.72686	40.225	-2.2E-01	rgb(169,188,225)	1.7871	None
CCDC17	FLJ35024	0.72676	41.82	0.321	rgb(221,156,156)	1.8187	2,2
EGR3	NAT14	0.72666	42.385	0.239	rgb(220,171,172)	1.8299	None
HMBOX1	SLC7A14	0.72656	42.18	0.681	rgb(224, 87, 88)	1.8258	None
GATA4	FXYD1	0.72646	42.185	0.186	rgb(219,181,182)	1.8259	None
PBX3	CRYBA2	-0.72626	42.215	-2.2E-01	rgb(170,189,225)	1.8265	None
PBX3	USP13	0.72626	42.215	0.217	rgb(219,176,176)	1.8265	None
ETV1	ARHGAP33	-0.72616	40.3	-3.0E-01	rgb(152,177,228)	1.7886	None
FOXD4L5	MEX3A	-0.72606	42.385	-3.8E-01	rgb(134,166,232)	1.8299	None
GATA6	CRIP1	-0.72596	42.365	-2.1E-01	rgb(172,190,225)	1.8295	None
LHX1	CAMK1	-0.72586	39.775	-2.8E-01	rgb(157,181,227)	1.7782	None
GATA4	JAKMIP1	-0.72576	41.8	-3.0E-01	rgb(152,178,228)	1.8183	None
EGR3	SMARCA1	0.72567	38.41	0.41	rgb(222,139,139)	1.7511	None
ETS1	KCTD16	0.72557	40.415	0.417	rgb(222,137,138)	1.7909	None
RORC	BGN	-0.72547	40.21	-2.1E-01	rgb(171,189,225)	1.7868	None
PBX1	SESN2	0.72537	41.275	0.273	rgb(220,165,165)	1.8079	None
ONECUT2	LINC00514	0.72527	42.375	0.378	rgb(221,145,146)	1.8297	None
FOXD4L5	LDB1	-0.72517	41.93	-4.3E-01	rgb(124,160,233)	1.8209	None
POU5F1	KCTD12	0.72507	41.11	0.112	rgb(218,196,196)	1.8046	None
ETS1	ITGBL1	0.72497	41.82	0.321	rgb(221,156,156)	1.8187	None
ETS1	NTRK1	0.72487	39.835	0.336	rgb(221,153,153)	1.7794	None
PBX3	SDCBP2-AS1	0.72477	41.775	0.275	rgb(220,164,165)	1.8178	None
ETV1	RET	0.72447	39.315	0.313	rgb(220,157,158)	1.7691	None
MAFA	SRRM4	0.72447	39.315	0.314	rgb(220,157,158)	1.7691	None
SOX4	RTEL1	0.72447	39.315	0.314	rgb(220,157,158)	1.7691	None
ZFP69B	ZFP82	0.72437	41.645	0.146	rgb(219,189,189)	1.8152	None
ARX	CYP4F24P	0.72408	39.765	0.263	rgb(220,167,167)	1.778	None
ETS1	TET1	-0.72408	41.805	-3.1E-01	rgb(151,177,229)	1.8184	None
ZNF846	SCUBE1	-0.72408	41.715	-2.2E-01	rgb(170,188,225)	1.8166	None
EGR3	LRIG1	0.72398	41.64	0.142	rgb(219,190,190)	1.8151	None
RFX2	NACAD	0.72388	41.86	0.36	rgb(221,148,149)	1.8195	None
HSF2	ELAVL3	-0.72378	38.91	-4.1E-01	rgb(128,163,233)	1.761	None
AKNA	AK025664	-0.72358	41.85	-3.5E-01	rgb(141,171,230)	1.8193	2,2
MAFB	RUNX1T1	-0.72358	42.075	-6.4E-02	rgb(203,209,219)	1.8238	None
LHX1	NEFL	0.72348	41	0.001	rgb(217,217,217)	1.8025	None
LHX1	TRPC6	0.72338	40.745	0.247	rgb(220,170,170)	1.7974	None
HSF2	CBX2	-0.72328	42.33	-1.0E-01	rgb(195,204,221)	1.8288	None
NEUROG3	MPP2	0.72308	42.21	0.211	rgb(219,177,177)	1.8264	None
ZBTB4	FLJ45340	0.72308	42.21	0.208	rgb(219,177,178)	1.8264	2,2
ETV1	JAM3	0.72298	39.31	0.312	rgb(220,157,158)	1.769	None
MYRF	ACSS3	0.72288	41.83	0.33	rgb(221,154,155)	1.8189	None
NKX2-2	CLIP3	0.72279	42.195	0.135	rgb(218,191,192)	1.8261	None
RFX6	EML1	0.72259	38.455	0.453	rgb(222,131,131)	1.752	None
ZNF519	RFX3	0.72259	38.455	0.455	rgb(222,130,131)	1.752	None
SMAD9	SRSF12	-0.72249	40.925	-4.3E-01	rgb(125,161,233)	1.801	None
RFX6	PGA3	0.72239	40.35	0.349	rgb(221,150,151)	1.7896	None
FOXA1	DPY19L2	0.72229	40.92	0.418	rgb(222,137,138)	1.8009	None
LMX1B	MEX3B	0.72219	40.89	0.392	rgb(221,142,143)	1.8003	None
ETV1	GNG4	0.72209	40.345	0.345	rgb(221,151,152)	1.7895	None
NEUROG3	IMPG1	-0.72189	39.755	-2.5E-01	rgb(162,184,227)	1.7778	None
SIX2	CPLX2	0.72189	39.825	0.325	rgb(221,155,156)	1.7792	None
MAFA	MAGED4	-0.72179	40.175	-1.7E-01	rgb(179,194,224)	1.7861	None
MLXIPL	ZNF382	0.72169	41.225	0.224	rgb(219,174,175)	1.8069	2,2
FEV	SLC22A17	0.72159	38.45	0.448	rgb(222,132,132)	1.7519	None
LMX1B	KCTD12	0.72149	39.305	0.306	rgb(220,159,159)	1.7689	None
ONECUT1	HOPX	-0.72139	41.31	-3.1E-01	rgb(150,176,229)	1.8086	None
TGIF2	TDRD6	0.7213	40.275	0.276	rgb(220,164,165)	1.7881	None
RORC	STX2	-0.7212	42.055	-5.6E-01	rgb( 96,144,238)	1.8234	None
ETV1	CNGA3	0.7211	38.845	0.347	rgb(221,151,151)	1.7598	None
ONECUT3	GLUD1P3	0.721	41.43	0.431	rgb(222,135,136)	1.811	None
ZNF846	KHK	0.7209	42.305	0.054	rgb(218,207,207)	1.8283	None
ETV1	GPR148	0.7208	42.29	0.293	rgb(220,161,162)	1.828	None
LHX1	TTC7B	-0.7207	40.725	-2.3E-01	rgb(168,187,226)	1.797	None
GATA2	CTTNBP2	-0.7206	42.01	-1.6E-01	rgb(182,196,223)	1.8225	None
HES4	MLN	-0.7205	39.36	-3.6E-01	rgb(139,170,231)	1.77	None
HIC1	STRC	-0.7203	41.39	-3.9E-01	rgb(133,166,232)	1.8102	None
HSF2	ZFP62	0.7203	41.99	0.033	rgb(217,211,211)	1.8221	None
FOXA1	TTC25	0.7202	41.215	0.213	rgb(219,176,177)	1.8067	None
ELF4	ST8SIA3	0.7201	40.85	0.348	rgb(221,150,151)	1.7995	None
FOXA1	SUSD4	0.72	42.295	0.296	rgb(220,161,161)	1.8281	None
ZNF846	SLC25A27	-0.7199	39.82	-3.2E-01	rgb(147,175,229)	1.7791	None
TFCP2L1	F10	0.71981	41.265	0.267	rgb(220,166,167)	1.8077	None
LHX1	KLHL35	0.71971	40.715	0.217	rgb(219,176,176)	1.7968	None
HIF1A	LGI3	-0.71961	40.885	-3.8E-01	rgb(133,166,232)	1.8002	None
ZNF846	ATF5	-0.71951	39.745	-2.4E-01	rgb(164,185,226)	1.7776	None
SMAD9	TMEM198	0.71941	40.88	0.379	rgb(221,145,145)	1.8001	None
NEUROG3	GABRB3	0.71931	39.355	0.357	rgb(221,149,150)	1.7699	None
MAFB	GABRP	-0.71921	37.94	-4.4E-01	rgb(122,159,234)	1.7418	None
GATA2	DENND2A	-0.71911	42.05	-1.4E-01	rgb(186,198,222)	1.8233	None
NR4A2	IGFN1	-0.71901	42.005	-5.1E-01	rgb(107,150,236)	1.8224	None
SMAD9	GFRA3	0.71891	42.025	0.187	rgb(219,181,182)	1.8228	None
GATA4	DPEP1	-0.71881	41.25	-2.5E-01	rgb(163,184,226)	1.8074	None
LMX1B	HNF1A-AS1	0.71871	42.04	0.039	rgb(217,210,210)	1.8231	None
MAFA	CLCN4	0.71851	39.815	0.314	rgb(220,157,158)	1.779	None
TEAD1	ADCY1	-0.71851	39.815	-3.1E-01	rgb(149,175,229)	1.779	None
ZNF492	SOCS1	-0.71841	41.865	-3.7E-01	rgb(138,169,231)	1.8196	None
SOX4	LCP1	-0.71832	41.86	-3.6E-01	rgb(139,169,231)	1.8195	None
ARX	TUBB2B	-0.71822	42.23	-7.5E-03	rgb(215,216,217)	1.8268	None
HSF2	LRRC36	0.71802	42.195	0.006	rgb(217,216,216)	1.8261	None
MAFF	HLF	-0.71802	41.24	-2.4E-01	rgb(165,185,226)	1.8072	None
RORC	RET	-0.71792	42	-1.6E-01	rgb(183,196,223)	1.8223	None
FOXD4L5	MIR137HG	0.71782	42.005	0.505	rgb(223,121,122)	1.8224	None
NR4A2	CHST10	-0.71772	40.125	-1.3E-01	rgb(189,200,222)	1.7851	None
GATA4	HMGN3	-0.71762	41.235	-2.3E-01	rgb(166,186,226)	1.8071	None
ZNF492	MUC5B	0.71752	42	0.496	rgb(222,122,123)	1.8223	None
SOX4	PELI3	-0.71742	42.1	-1.0E-01	rgb(195,204,221)	1.8243	None
ETS1	JAKMIP1	-0.71732	42.085	-5.8E-01	rgb( 91,140,239)	1.824	None
GATA4	SH3BP5-AS1	-0.71722	39.81	-3.1E-01	rgb(149,176,229)	1.7789	None
LHX1	ASIC4	-0.71712	41.7	-2.0E-01	rgb(173,190,225)	1.8163	None
ZFHX2	WDR17	0.71692	41.345	0.343	rgb(221,152,152)	1.8093	None
ZNF382	LOC100506123	-0.71692	41.99	-1.5E-01	rgb(184,197,223)	1.8221	2,2
ELF4	MUC15	-0.71683	38.83	-3.3E-01	rgb(145,173,230)	1.7595	None
FOXD4L5	CYMP	-0.71673	42.155	-5.8E-02	rgb(204,209,219)	1.8253	None
MAFA	INSRR	0.71663	40.68	0.179	rgb(219,183,183)	1.7961	None
GATA4	FLT1	-0.71653	42.075	-7.3E-02	rgb(201,207,220)	1.8238	None
ETV1	ARHGAP22	-0.71643	41.74	-2.4E-01	rgb(165,185,226)	1.8171	None
TFCP2L1	TMEM151B	0.71633	41.33	0.329	rgb(221,154,155)	1.809	None
HSF2	RGS4	-0.71623	38.885	-3.9E-01	rgb(133,166,232)	1.7606	None
PAX6	ACSS3	-0.71613	39.345	-3.4E-01	rgb(142,172,230)	1.7697	None
HEYL	FJX1	0.71603	40.84	0.34	rgb(221,152,153)	1.7993	None
SOX4	NPM2	-0.71593	39.285	-2.8E-01	rgb(156,180,228)	1.7685	None
NKX6-1	NFAT5	0.71573	41.805	0.307	rgb(220,158,159)	1.8184	None
ZNF846	AX748052	0.71573	41.68	0.179	rgb(219,183,183)	1.8159	2,2
FOXA1	DTX1	0.71563	40.835	0.335	rgb(221,153,154)	1.7992	None
ONECUT3	CRYBA2	-0.71553	41.405	-4.1E-01	rgb(129,163,232)	1.8105	None
HES4	WNK3	0.71544	40.65	0.151	rgb(219,188,188)	1.7955	None
GATA4	CDRT4	-0.71534	41.795	-3.0E-01	rgb(153,178,228)	1.8182	None
LHX1	DPEP1	-0.71524	41.615	-1.1E-01	rgb(192,202,221)	1.8146	None
AEBP1	ZFP92	0.71514	41.895	0.394	rgb(221,142,143)	1.8202	2,2
SIX2	TBC1D8B	-0.71504	40.66	-1.6E-01	rgb(182,196,223)	1.7957	None
MAFB	LCP1	0.71494	40.285	0.286	rgb(220,162,163)	1.7883	None
GATA4	SHC3	-0.71484	42.145	-1.5E-01	rgb(185,197,223)	1.8251	None
TEAD2	KCNF1	0.71474	40.645	0.144	rgb(219,189,190)	1.7954	None
NEUROG3	CORO2B	0.71464	39.34	0.342	rgb(221,152,152)	1.7696	None
RORC	SFMBT2	0.71454	41.915	0.054	rgb(218,207,207)	1.8206	None
ZNF382	GFRA3	-0.71444	40.245	-2.4E-01	rgb(164,185,226)	1.7875	None
TFCP2L1	TMEM61	-0.71434	40.645	-1.4E-01	rgb(186,198,222)	1.7954	None
ELF4	OLFML2B	-0.71424	39.715	-2.2E-01	rgb(170,188,225)	1.777	None
SMAD9	CLCNKA	0.71414	41.205	0.205	rgb(219,178,178)	1.8065	None
FOXA1	KCNC1	0.71404	41.87	0.368	rgb(221,147,148)	1.8197	None
EGR3	CRMP1	0.71395	41.82	0.037	rgb(217,210,210)	1.8187	None
TFCP2L1	FABP5	-0.71375	41.09	-9.2E-02	rgb(197,205,220)	1.8042	None
ZNF492	SCN2A	0.71375	41.255	0.254	rgb(220,168,169)	1.8075	None
ASCL2	GDF11	0.71365	41.085	0.087	rgb(218,200,201)	1.8041	None
PDX1	SETBP1	0.71355	38.82	0.321	rgb(221,156,156)	1.7593	None
PAX6	NPTX2	0.71335	37.91	0.408	rgb(221,139,140)	1.7412	None
TFCP2L1	BRSK2	0.71335	41.7	0.198	rgb(219,179,180)	1.8163	None
PRDM16	EIF4EBP1	-0.71325	39.9	-4.0E-01	rgb(130,164,232)	1.7807	None
ZNF492	MED12L	0.71315	41.77	0.268	rgb(220,166,166)	1.8177	None
SPIB	TET1	-0.71305	38.875	-3.8E-01	rgb(135,167,231)	1.7604	None
SMAD9	MAPK12	0.71295	40.24	0.241	rgb(220,171,171)	1.7874	None
HSF2	WIF1	0.71285	39.795	0.295	rgb(220,161,161)	1.7786	None
SOX4	ITPRIP	0.71275	41.83	0.327	rgb(221,155,155)	1.8189	None
ZNF853	CR627225	-0.71265	41.855	-3.6E-01	rgb(140,170,231)	1.8194	2,2
EGR3	LHFPL4	-0.71246	39.335	-3.4E-01	rgb(144,173,230)	1.7695	None
ETV1	GPBAR1	0.71246	38.36	0.36	rgb(221,148,149)	1.7501	None
FOXA1	GRHL3	0.71236	40.265	0.265	rgb(220,166,167)	1.7879	None
ARX	SEZ6	0.71226	39.705	0.203	rgb(219,178,179)	1.7768	None
PAX6	NPY	0.71216	40.6	0.1	rgb(218,198,198)	1.7945	None
NHLH1	AEBP1	0.71206	39.27	0.272	rgb(220,165,166)	1.7682	None
HSF2	DPEP1	0.71196	41.88	0.122	rgb(218,194,194)	1.8199	None
LHX1	AKNA	-0.71186	40.575	-7.6E-02	rgb(200,207,220)	1.794	None
SPIB	GDF10	0.71176	41.3	0.301	rgb(220,159,160)	1.8084	None
PAX6	ACE	-0.71166	41.865	-2.1E-01	rgb(172,190,225)	1.8196	None
ETV1	PALMD	0.71156	41.87	0.371	rgb(221,146,147)	1.8197	None
NKX6-1	NXPE1	-0.71146	41.895	-3.9E-01	rgb(132,165,232)	1.8202	None
HSF2	AMPH	-0.71136	41.74	-2.4E-01	rgb(165,186,226)	1.8171	None
EGR3	APOC3	0.71126	41.745	0.247	rgb(220,170,170)	1.8172	None
HSF2	CAMKV	-0.71116	41.84	-1.9E-01	rgb(176,192,224)	1.8191	None
SMAD9	COL22A1	0.71106	39.33	0.328	rgb(221,154,155)	1.7694	None
HOXB9	REG4	0.71097	41.865	0.132	rgb(218,192,192)	1.8196	None
LHX1	KLB	-0.71087	41.575	-7.7E-02	rgb(200,207,220)	1.8138	None
ETV1	MAP1A	0.71067	41.15	0.151	rgb(219,188,188)	1.8054	None
MAFB	EFNB3	0.71067	41.21	0.212	rgb(219,177,177)	1.8066	None
HSF2	MCOLN3	-0.71047	41.145	-1.5E-01	rgb(185,198,223)	1.8053	None
PBX3	NEK10	0.71047	41.145	0.144	rgb(219,190,190)	1.8053	None
ZNF853	LIMD2	0.71037	41.255	0.255	rgb(220,168,169)	1.8075	2,2
EGR3	MAPK8IP1	0.71027	41.345	0.345	rgb(221,151,152)	1.8093	None
AEBP1	CHST9	0.71017	40.785	0.286	rgb(220,162,163)	1.7982	2,2
ZFHX2	FER1L4	0.71007	41.855	0.355	rgb(221,149,150)	1.8194	None
ZNF846	C2CD4B	-0.70997	38.35	-3.5E-01	rgb(141,171,230)	1.75	None
LMX1A	KCNJ2	0.70987	40.24	0.239	rgb(220,171,172)	1.7874	None
ZFHX2	GAD2	-0.70977	40.4	-4.0E-01	rgb(130,164,232)	1.7906	None
HSF2	SLC12A5	-0.70967	41.75	-2.2E-01	rgb(170,188,225)	1.8173	None
LHX1	TMOD2	-0.70957	40.22	-2.2E-01	rgb(169,188,225)	1.787	None
CCDC17	TSIX	0.70948	39.78	0.279	rgb(220,164,164)	1.7783	2,2
EGR3	SPDYE1	-0.70938	40.72	-2.2E-01	rgb(169,188,225)	1.7969	None
HSF2	G0S2	-0.70918	41.235	-2.3E-01	rgb(166,186,226)	1.8071	None
MAFA	NPTX1	-0.70918	41.315	-3.1E-01	rgb(149,176,229)	1.8087	None
ZNF514	AK094916	0.70908	41.675	0.673	rgb(224, 88, 90)	1.8158	2,2
ONECUT1	ELFN1	0.70898	41.705	0.206	rgb(219,178,178)	1.8164	None
HHEX	ICA1L	0.70878	40.395	0.393	rgb(221,142,143)	1.7905	None
HSF2	PAK6	-0.70878	40.395	-3.9E-01	rgb(131,165,232)	1.7905	None
MAFA	PTPN22	0.70868	39.835	0.336	rgb(221,153,153)	1.7794	None
HIC1	KNDC1	0.70848	39.67	0.172	rgb(219,184,185)	1.7761	None
LHX1	FXYD1	0.70848	39.67	0.172	rgb(219,184,184)	1.7761	None
TEAD1	DKK3	0.70838	40.23	0.231	rgb(220,173,173)	1.7872	None
EGR3	SLC6A16	-0.70828	41.03	-3.2E-02	rgb(210,213,218)	1.8031	None
ZFP28	ZBTB25	0.70818	41.08	0.081	rgb(218,202,202)	1.804	None
TEAD1	TRPM2	-0.70799	38.86	-3.6E-01	rgb(139,170,231)	1.7601	None
ZFP82	MYBPC2	0.70799	41.3	0.301	rgb(220,159,160)	1.8084	None
ZFP82	TUBB2B	-0.70789	39.32	-3.2E-01	rgb(147,175,229)	1.7692	None
ZFHX2	AGAP11	0.70779	38.345	0.346	rgb(221,151,152)	1.7499	None
GATA2	SLC7A4	0.70759	40.225	0.225	rgb(219,174,174)	1.7871	None
NEUROG3	TTC7B	0.70759	40.77	0.271	rgb(220,165,166)	1.7979	None
LHX1	L1TD1	0.70749	38.8	0.302	rgb(220,159,160)	1.7589	2,2
ETV1	MIR137HG	0.70729	40.385	0.383	rgb(221,144,145)	1.7903	None
TEAD1	RNF150	-0.70729	40.385	-3.8E-01	rgb(134,166,232)	1.7903	None
TEAD1	FAM131B	0.70719	41.79	0.108	rgb(218,196,197)	1.8181	None
MAFA	TUBA3FP	0.70699	39.825	0.325	rgb(221,155,156)	1.7792	None
TEAD2	TMEM151A	0.70699	41.69	0.188	rgb(219,181,181)	1.8161	None
PDX1	GPC2	0.70689	41.22	0.219	rgb(219,175,176)	1.8068	None
MAFA	SOX4	0.70679	41.01	0.008	rgb(217,215,215)	1.8027	None
LMX1B	INSM1	0.70669	41.215	0.217	rgb(219,176,176)	1.8067	None
ARX	KIF1A	0.7066	37.445	0.445	rgb(222,132,133)	1.732	None
EGR3	BEX2	0.7064	41.77	0.27	rgb(220,165,166)	1.8177	None
HSF2	KCNAB2	-0.7064	41.83	-1.6E-01	rgb(182,196,223)	1.8189	None
FOXA1	SH3RF3-AS1	0.7063	39.77	0.269	rgb(220,166,166)	1.7781	None
PBX3	RGS14	0.7062	38.34	0.341	rgb(221,152,153)	1.7498	None
ATF6	VGF	0.7061	39.315	0.317	rgb(220,157,157)	1.7691	None
ATF5	CYP27C1	-0.706	38.795	-3.0E-01	rgb(153,178,228)	1.7588	None
GATA4	RSPH4A	0.7058	40.785	0.285	rgb(220,162,163)	1.7982	None
ZNF514	AK131337	0.7058	41.715	0.216	rgb(219,176,176)	1.8166	2,2
ZFHX2	NPW	0.7057	41.615	0.216	rgb(219,176,176)	1.8146	None
TFCP2L1	MSI1	0.7056	41.78	0.283	rgb(220,163,164)	1.8179	None
ETV1	SDK2	0.7055	41.78	0.281	rgb(220,163,164)	1.8179	None
PBX3	LMX1A	0.7054	41.77	0.029	rgb(217,211,211)	1.8177	None
EGR3	TSPAN7	0.7053	41.64	0.118	rgb(218,195,195)	1.8151	None
NEUROG3	L1TD1	0.7052	38.85	0.35	rgb(221,150,151)	1.7599	None
TFCP2L1	CCR6	0.70511	39.63	0.13	rgb(218,192,192)	1.7753	None
LHX1	DZIP1	-0.70501	41.56	-5.6E-01	rgb( 96,144,238)	1.8136	None
ELF4	VWCE	-0.70491	38.335	-3.4E-01	rgb(144,173,230)	1.7497	None
GATA2	DPEP1	0.70461	39.31	0.308	rgb(220,158,159)	1.769	None
MAFA	RPS6KL1	0.70461	41.355	0.356	rgb(221,149,150)	1.8095	None
TFCP2L1	MCF2L	0.70461	41.3	0.299	rgb(220,160,160)	1.8084	None
FOXD4L5	DLL4	-0.70441	37.875	-3.7E-01	rgb(136,168,231)	1.7405	None
FOXD4L5	FBXL16	0.70441	37.875	0.375	rgb(221,145,146)	1.7405	None
MAFB	TCTEX1D4	-0.70431	40.19	-1.9E-01	rgb(176,192,224)	1.7864	None
ONECUT1	HNF1A-AS1	0.70421	41.765	0.263	rgb(220,167,167)	1.8176	None
FOXA1	NEFM	-0.70411	40.185	-1.8E-01	rgb(177,193,224)	1.7863	None
ATF6	TFCP2L1	-0.70391	38.385	-3.8E-01	rgb(134,166,232)	1.7506	None
MAFB	CACNA1H	0.70391	38.385	0.385	rgb(221,143,144)	1.7506	None
HIC1	RPS6KL1	0.70381	41.19	0.188	rgb(219,181,181)	1.8062	None
ZNF846	C2CD4A	0.70371	41.16	0.158	rgb(219,187,187)	1.8056	None
NKX6-1	KCNMA1	0.70362	39.795	0.293	rgb(220,161,162)	1.7786	None
ETV1	MAPK8IP1	0.70342	41.09	0.088	rgb(218,200,200)	1.8042	None
NR4A3	ACSS3	0.70342	39.595	0.095	rgb(218,199,199)	1.7746	None
EGR3	GRIN1	-0.70332	39.235	-2.4E-01	rgb(166,186,226)	1.7675	None
HOXB9	ARHGAP22	-0.70322	41.335	-3.3E-01	rgb(145,173,230)	1.8091	None
MAFA	ABLIM2	-0.70312	40.82	-3.2E-01	rgb(147,175,229)	1.7989	None
MAFA	SLC1A2	0.70302	38.33	0.33	rgb(221,154,155)	1.7496	None
EGR3	FSD1	0.70282	40.725	0.226	rgb(219,174,174)	1.797	None
ZNF492	BC029255	0.70282	40.335	0.333	rgb(221,153,154)	1.7893	2,2
FOXP2	CSH1	0.70272	37.425	0.424	rgb(222,136,137)	1.7316	None
NEUROD1	CLCNKA	-0.70262	41.66	-1.6E-01	rgb(182,196,223)	1.8155	None
ONECUT3	MPP2	0.70252	41.545	0.154	rgb(219,188,188)	1.8133	None
PAX6	STX2	-0.70242	41.545	-1.9E-01	rgb(177,192,224)	1.8133	None
HSF2	SEC11C	0.70232	40.325	0.327	rgb(221,155,155)	1.7891	None
LHX1	ARL4D	0.70222	41.57	0.071	rgb(218,203,204)	1.8138	None
MAFA	PDGFD	-0.70213	41.42	-1.0E-01	rgb(195,204,221)	1.8108	None
MAFA	USP32P2	0.70203	40.71	0.211	rgb(219,177,177)	1.7967	None
ETS1	SYT14	-0.70193	41.11	-1.1E-01	rgb(193,202,221)	1.8046	None
HSF2	TRIM35	-0.70173	38.84	-3.4E-01	rgb(144,172,230)	1.7597	None
MAFA	LHFPL4	0.70173	38.84	0.34	rgb(221,152,153)	1.7597	None
FEV	LRP1B	0.70163	41.1	0.098	rgb(218,198,199)	1.8044	None
RORC	CABP7	0.70153	39.775	0.273	rgb(220,165,165)	1.7782	None
NEUROG3	CXCL12	0.70143	37.92	0.421	rgb(222,136,137)	1.7414	None
TEAD1	LINGO1	-0.70133	40.315	-3.1E-01	rgb(149,175,229)	1.7889	None
TEAD1	CTXN1	0.70123	39.745	0.245	rgb(220,170,171)	1.7776	None
GATA2	TRPM2	0.70113	41.615	0.117	rgb(218,195,195)	1.8146	None
PRDM16	HES4	-0.70103	39.415	-4.2E-01	rgb(127,162,233)	1.7711	None
HSF2	FMN2	0.70093	38.775	0.274	rgb(220,165,165)	1.7584	None
NKX6-1	KLB	0.70083	41.28	0.282	rgb(220,163,164)	1.808	None
RORC	ST8SIA3	0.70074	40.77	0.268	rgb(220,166,166)	1.7979	None
NEUROD1	TUBA3FP	0.70064	41.575	0.274	rgb(220,165,165)	1.8138	None
TFCP2L1	HGFAC	0.70054	41.6	0.098	rgb(218,198,198)	1.8143	None
HLF	HERC5	-0.70044	40.71	-2.1E-01	rgb(172,189,225)	1.7967	None
ZNF846	LHX1	-0.70034	41.71	-6.5E-03	rgb(216,216,217)	1.8165	None
NHLH1	FIGNL2	0.70024	40.705	0.207	rgb(219,177,178)	1.7966	None
RFX3	NOVA2	0.70014	41.2	0.2	rgb(219,179,179)	1.8064	None
ZFP62	AX746867	0.70004	41.585	0.085	rgb(218,201,201)	1.814	2,2
ZFP2	WISP1	0.69994	41.435	0.438	rgb(222,133,134)	1.8111	2,2
MAFB	VOPP1	0.69984	41.38	0.382	rgb(221,144,145)	1.81	None
ETV1	TNFRSF6B	0.69974	40.265	0.267	rgb(220,166,167)	1.7879	None
HSF2	PLAG1	-0.69954	41.435	-2.5E-02	rgb(212,214,218)	1.8111	None
ZNF382	SOX4	0.69954	41.195	0.197	rgb(219,179,180)	1.8063	None
LHX1	GPRASP2	0.69944	39.39	0.388	rgb(221,143,144)	1.7706	None
ATF5	AF420437	-0.69934	40.4	-4.0E-01	rgb(130,164,232)	1.7906	2,2
RFX6	NFASC	0.69925	37.475	0.477	rgb(222,126,127)	1.7326	None
NHLH1	LINC00643	-0.69915	39.29	-2.9E-01	rgb(154,179,228)	1.7686	None
LHX1	SLC14A2	0.69905	39.21	0.212	rgb(219,177,177)	1.767	None
FEV	ELAVL3	0.69895	38.37	0.37	rgb(221,146,147)	1.7503	None
ARNT2	NTNG2	-0.69885	40.295	-2.9E-01	rgb(153,178,228)	1.7885	None
HES4	USP13	-0.69865	39.375	-3.8E-01	rgb(136,167,231)	1.7703	None
ZNF846	CD99L2	-0.69865	41.1	-1.0E-01	rgb(195,204,221)	1.8044	None
ZNF846	DDN	-0.69855	41.53	-2.8E-02	rgb(211,213,218)	1.813	None
PBX3	HSF2	0.69845	39.75	0.25	rgb(220,169,170)	1.7777	None
PAX6	ISLR2	0.69835	39.205	0.204	rgb(219,178,178)	1.7669	None
EGR3	ZFP2	0.69825	37.855	0.355	rgb(221,149,150)	1.7401	None
LHX1	ADAM12	-0.69815	38.315	-3.2E-01	rgb(149,175,229)	1.7493	None
NFAT5	TCEAL1	0.69805	41.175	0.176	rgb(219,183,184)	1.8059	None
MLXIPL	AX747619	-0.69795	41.505	-4.4E-03	rgb(216,216,217)	1.8125	2,2
ZFHX2	DPF3	-0.69785	41.365	-8.7E-03	rgb(215,216,217)	1.8097	None
ASCL2	RGS16	0.69766	39.365	0.367	rgb(221,147,148)	1.7701	None
TEAD1	RPS15AP10	0.69766	39.365	0.367	rgb(221,147,148)	1.7701	None
PDX1	HCN4	0.69746	38.765	0.266	rgb(220,166,167)	1.7582	None
SOX4	OLFML2B	0.69746	38.765	0.266	rgb(220,166,167)	1.7582	None
FOXA1	ACSL6	-0.69736	39.745	-2.4E-01	rgb(164,185,226)	1.7776	None
FOXD4L5	EML5	0.69726	40.8	0.298	rgb(220,160,161)	1.7985	None
FOXA1	CFC1B	0.69706	41.32	0.318	rgb(220,156,157)	1.8088	None
RFX3	CREBRF	-0.69706	39.73	-2.3E-01	rgb(168,187,226)	1.7773	None
ST18	SH3RF3-AS1	0.69696	41.58	0.062	rgb(218,205,205)	1.8139	None
HSF2	ATP6V0E2	-0.69676	41.315	-3.2E-01	rgb(148,175,229)	1.8087	None
MAFB	LRRC10B	0.69676	41.315	0.317	rgb(220,156,157)	1.8087	None
ZFP2	AK124197	-0.69666	41.42	-4.2E-01	rgb(126,162,233)	1.8108	2,2
SMAD9	FCGBP	0.69656	40.33	0.331	rgb(221,154,154)	1.7892	None
HSF2	TP73	0.69646	41.385	0.068	rgb(218,204,204)	1.8101	None
ONECUT3	DGKB	0.69627	40.59	0.091	rgb(218,200,200)	1.7943	None
PAX6	SEMA6B	0.69627	41.125	0.124	rgb(218,193,194)	1.8049	None
EGR3	BCRP3	0.69617	39.73	0.23	rgb(220,173,173)	1.7773	None
FEV	KCNK17	0.69607	40.22	0.221	rgb(219,175,175)	1.787	None
FEV	KCNH2	0.69597	41.28	0.279	rgb(220,164,164)	1.808	None
ETV1	NHLH1	-0.69587	38.755	-2.5E-01	rgb(162,183,227)	1.758	None
RFX6	MAST1	0.69567	37.9	0.401	rgb(221,140,141)	1.741	None
SPIB	BEGAIN	0.69567	37.9	0.4	rgb(221,141,141)	1.741	None
ONECUT3	ARL4D	0.69547	41.11	0.109	rgb(218,196,196)	1.8046	None
ZNF117	CNTN3	0.69547	40.615	0.115	rgb(218,195,195)	1.7948	2,2
SMAD9	CCND2	-0.69537	40.27	-2.7E-01	rgb(158,181,227)	1.788	None
RFX2	MAPK8IP1	0.69527	41.105	0.107	rgb(218,197,197)	1.8045	None
TEAD1	ZNF519	0.69517	40.865	0.365	rgb(221,147,148)	1.7998	None
RORC	DKK3	-0.69507	38.82	-3.2E-01	rgb(148,175,229)	1.7593	None
TFCP2L1	LMO3	0.69497	40.305	0.307	rgb(220,158,159)	1.7887	None
FEV	DDN	0.69487	36.955	0.453	rgb(222,130,131)	1.7223	None
ETS1	OLFML3	0.69478	41.41	0.039	rgb(217,210,210)	1.8106	None
GATA2	CDKN1A	0.69458	41.4	0.404	rgb(221,140,141)	1.8104	None
MAFA	SCT	0.69458	39.71	0.208	rgb(219,177,178)	1.7769	None
PDX1	CEP290	-0.69438	37.845	-3.4E-01	rgb(142,172,230)	1.7399	None
TP73	FABP5	0.69438	37.845	0.346	rgb(221,151,152)	1.7399	None
SMAD9	MYBPC3	0.69428	41.29	0.292	rgb(220,161,162)	1.8082	None
MAFB	TMEM190	-0.69418	41.36	-1.9E-01	rgb(177,192,224)	1.8096	None
RFX2	MMD2	0.69408	41.075	0.073	rgb(218,203,203)	1.8039	None
ZNF846	TTLL6	-0.69398	41.35	-8.5E-03	rgb(215,216,217)	1.8094	None
HSF2	CHST10	-0.69388	39.27	-2.7E-01	rgb(159,182,227)	1.7682	None
ETV1	RGS11	0.69378	41.055	0.053	rgb(218,207,207)	1.8035	None
FEV	MLLT11	0.69329	38.355	0.356	rgb(221,149,150)	1.75	None
GATA4	AKT3	0.69329	38.355	0.353	rgb(221,150,150)	1.75	None
PBX3	GNG2	0.69329	38.75	0.252	rgb(220,169,169)	1.7579	None
SOX4	HSPA2	0.69329	39.85	0.352	rgb(221,150,150)	1.7797	None
TFCP2L1	CCK	0.69329	38.355	0.355	rgb(221,149,150)	1.75	None
LHX1	LRP4-AS1	-0.69319	39.71	-2.1E-01	rgb(172,189,225)	1.7769	None
NR4A3	SPDYA	-0.69309	39.885	-3.9E-01	rgb(133,166,232)	1.7804	None
E2F7	HSF2	0.69299	40.57	0.069	rgb(218,204,204)	1.7939	None
ETS1	LINC00893	0.69289	40.835	0.337	rgb(221,153,153)	1.7992	None
ZFHX2	ATP13A4	0.69279	41.37	0.346	rgb(221,151,152)	1.8098	None
ETV1	TMEM145	0.69259	39.32	0.322	rgb(221,155,156)	1.7692	None
SOX4	LMO3	-0.69259	40.675	-1.8E-01	rgb(179,194,224)	1.796	None
SIX2	CAMK2N2	0.69249	41.015	0.017	rgb(217,214,214)	1.8028	None
FOXD4L5	ITGBL1	0.69239	40.395	0.393	rgb(221,142,143)	1.7905	None
E2F7	HEYL	0.69219	40.185	0.184	rgb(219,182,182)	1.7863	None
ETS1	PLXNC1	-0.69219	41.235	-2.4E-01	rgb(166,186,226)	1.8071	None
NEUROG3	CACNA1B	0.69209	37.89	0.392	rgb(221,142,143)	1.7408	None
LMX1A	BOC	0.6919	40.165	0.167	rgb(219,185,186)	1.7859	None
LMX1B	ELAVL4	0.6919	41.295	0.116	rgb(218,195,195)	1.8083	None
ARNT2	FAM161A	-0.6918	41.215	-2.2E-01	rgb(170,188,225)	1.8067	None
SOX4	KCNJ6	-0.6917	41.255	-4.8E-02	rgb(207,211,219)	1.8075	None
FOXA1	COL1A2	0.6916	40.64	0.138	rgb(219,191,191)	1.7953	None
TFCP2L1	GSTM2	-0.6914	37.375	-3.8E-01	rgb(136,167,231)	1.7306	None
ZNF492	TMEM189-UBE2V1	0.6914	37.375	0.375	rgb(221,145,146)	1.7306	None
NKX6-1	SLC16A12	0.6913	39.685	0.186	rgb(219,181,182)	1.7764	None
TFCP2L1	CHRM4	0.6912	41.135	0.133	rgb(218,192,192)	1.8051	None
FOXD4L5	BRS3	-0.6911	41.33	-1.2E-01	rgb(191,201,222)	1.809	None
TFCP2L1	CRH	0.691	41.125	0.124	rgb(218,193,194)	1.8049	None
EGR3	DYNC1I1	0.6909	39.81	0.311	rgb(220,158,158)	1.7789	None
PAX6	MTSS1	-0.6908	41.295	-5.4E-02	rgb(205,210,219)	1.8083	None
FOXD4L5	SPINK4	-0.6907	41.15	-6.5E-01	rgb( 76,131,242)	1.8054	None
ZFP82	CTTNBP2	-0.6906	41.325	-1.1E-01	rgb(192,202,221)	1.8089	None
SIX2	EML5	0.6905	41.12	0.118	rgb(218,194,195)	1.8048	None
TP73	SSBP2	-0.69041	41.095	-5.9E-01	rgb( 88,139,240)	1.8043	None
CCDC17	CXCL12	0.69031	37.885	0.386	rgb(221,143,144)	1.7407	2,2
ZNF846	GRIN1	-0.69021	40.75	-2.5E-01	rgb(163,184,227)	1.7975	None
LHX1	FER1L6-AS1	-0.69011	40.7	-2.0E-01	rgb(174,191,225)	1.7965	None
FOXD4L5	TMEM132C	-0.69001	40.78	-2.8E-01	rgb(156,180,228)	1.7981	None
TGIF2	MAPK7	0.68991	40.22	0.221	rgb(219,175,175)	1.787	None
FEV	MX1	0.68981	40.695	0.193	rgb(219,180,180)	1.7964	None
MAFA	SSPO	0.68971	41.115	0.113	rgb(218,195,196)	1.8047	None
ETS1	PTHLH	0.68951	37.37	0.371	rgb(221,146,147)	1.7305	None
ZBTB25	FLJ00278	0.68951	39.675	0.176	rgb(219,183,184)	1.7762	2,2
ZFP82	TTLL6	0.68941	39.8	0.3	rgb(220,160,160)	1.7787	None
ARX	FAM171A2	0.68931	41.23	0.178	rgb(219,183,183)	1.807	None
EGR3	ZNF514	-0.68911	39.29	-2.9E-01	rgb(154,179,228)	1.7686	None
ETS1	CITED1	0.68911	39.29	0.292	rgb(220,161,162)	1.7686	None
MAFA	TEKT2	0.68901	40.12	0.118	rgb(218,194,195)	1.785	None
ELF4	HSPB7	-0.68892	40.65	-1.5E-01	rgb(185,197,223)	1.7955	None
ZNF846	LOC100294362	0.68882	39.08	0.079	rgb(218,202,202)	1.7644	2,2
GATA4	KCNJ6	0.68862	41.085	0.084	rgb(218,201,201)	1.8041	None
TEAD1	TUBB2B	-0.68862	39.665	-1.6E-01	rgb(181,195,223)	1.776	None
FOXJ1	CSH1	-0.68852	37.425	-4.2E-01	rgb(125,161,233)	1.7316	None
LTF	MEX3B	-0.68842	41.245	-1.0E-01	rgb(194,203,221)	1.8073	None
ZNF518A	ANKRD36	-0.68832	41.065	-6.5E-02	rgb(203,208,219)	1.8037	2,2
GATA4	DTX1	-0.68812	40.67	-1.7E-01	rgb(180,195,223)	1.7959	None
HSF2	LTBP2	0.68812	40.67	0.168	rgb(219,185,185)	1.7959	None
NEUROD2	JAZF1	-0.68802	41.16	-1.6E-01	rgb(182,196,223)	1.8056	None
LHX1	QDPR	-0.68792	39.245	-2.5E-01	rgb(164,185,226)	1.7677	None
HSF2	ZNF519	0.68782	40.795	0.294	rgb(220,161,161)	1.7984	None
E2F7	CYP27A1	-0.68772	38.28	-2.8E-01	rgb(156,180,228)	1.7486	None
ZNF382	SLC35F3	-0.68762	39.82	-3.2E-01	rgb(147,175,229)	1.7791	None
LMX1B	TMEM132B	0.68752	38.955	0.455	rgb(222,130,131)	1.7619	None
FEV	BEND5	0.68733	38.795	0.296	rgb(220,160,161)	1.7588	None
HSF2	SCHIP1	0.68733	38.795	0.297	rgb(220,160,161)	1.7588	None
LHX1	TFPI2	-0.68723	37.875	-3.8E-01	rgb(136,167,231)	1.7405	None
PDX1	ZFHX2	0.68713	40.66	0.159	rgb(219,187,187)	1.7957	None
NR4A2	FAM71E2	-0.68693	37.42	-4.2E-01	rgb(126,162,233)	1.7315	None
SOX4	ACTL6B	-0.68693	37.42	-4.2E-01	rgb(126,162,233)	1.7315	None
ZNF846	SFRP1	0.68683	41.01	0.01	rgb(217,215,215)	1.8027	None
ELF4	EPHA4	-0.68673	39.815	-3.1E-01	rgb(149,176,229)	1.779	None
HSF2	RGS5	0.68663	41.265	0.265	rgb(220,166,167)	1.8077	None
HOXB9	CCL19	0.68653	39.625	0.126	rgb(218,193,193)	1.7752	None
LMX1A	PALMD	-0.68643	41.25	-8.1E-02	rgb(200,206,220)	1.8074	None
LHX1	RSAD2	0.68633	40.575	0.076	rgb(218,203,203)	1.794	None
LHX1	CCDC86	-0.68623	39.77	-2.7E-01	rgb(158,181,227)	1.7781	None
ZNF117	LINC00842	0.68613	40.19	0.191	rgb(219,181,181)	1.7864	2,2
PDX1	FOXJ1	0.68603	39.81	0.31	rgb(220,158,158)	1.7789	None
PDX1	CD70	-0.68594	38.79	-2.9E-01	rgb(155,179,228)	1.7587	None
FOXD4L5	FER1L6-AS1	0.68584	40.77	0.271	rgb(220,165,166)	1.7979	None
HSF2	MAGED4	0.68574	41.11	0.079	rgb(218,202,202)	1.8046	None
ZNF846	HNRNPU-AS1	0.68564	38.895	0.394	rgb(221,142,143)	1.7607	2,2
CCDC17	AL831889	0.68544	37.415	0.417	rgb(222,137,138)	1.7314	2,2
RFX6	SLC12A5	0.68544	37.415	0.413	rgb(222,138,139)	1.7314	None
ASCL1	KCNJ11	0.68534	40.29	0.29	rgb(220,162,162)	1.7884	None
MAFB	EML5	-0.68524	39.61	-1.1E-01	rgb(194,203,221)	1.7749	None
NR4A2	MUC17	0.68514	41.245	0.082	rgb(218,201,201)	1.8073	None
MYRF	AK128593	0.68504	40.945	0.207	rgb(219,178,178)	1.8014	2,2
ZNF788	CR627225	0.68494	40.68	0.179	rgb(219,183,183)	1.7961	2,2
EGR3	CYP27A1	-0.68474	38.27	-2.7E-01	rgb(158,181,227)	1.7484	None
MAFA	GADD45G	0.68474	38.27	0.269	rgb(220,166,166)	1.7484	None
ZNF382	PHYHIP	0.68464	39.865	0.364	rgb(221,148,148)	1.78	None
EGR3	USH2A	-0.68455	39.535	-3.7E-02	rgb(209,212,218)	1.7734	None
HSF2	H1FX-AS1	0.68445	40.615	0.117	rgb(218,195,195)	1.7948	None
ZNF514	AF116693	0.68435	40.845	0.346	rgb(221,151,152)	1.7994	2,2
NEUROG3	LOC646214	0.68425	39.51	0.009	rgb(217,215,215)	1.7729	None
AKNA	AX747853	-0.68415	40.75	-2.5E-01	rgb(162,184,227)	1.7975	2,2
ZNF514	AX748322	0.68405	40.81	0.311	rgb(220,158,158)	1.7987	2,2
ASCL1	EFCC1	0.68395	39.55	0.051	rgb(218,207,207)	1.7737	None
FOXD4L5	SPDYA	0.68385	40.245	0.247	rgb(220,170,170)	1.7875	None
MYT1	AX747090	0.68375	40.375	0.374	rgb(221,146,146)	1.7901	2,2
LHX1	SLC6A16	-0.68365	41.07	-6.9E-02	rgb(202,208,220)	1.8038	None
GATA4	IGSF21	0.68355	41.025	0.523	rgb(223,117,118)	1.803	None
RORC	CHST8	0.68345	40.15	0.152	rgb(219,188,188)	1.7856	None
MAFB	LHFPL4	0.68335	41.205	0.207	rgb(219,177,178)	1.8065	None
ELF4	CENPE	-0.68325	39.785	-2.9E-01	rgb(155,179,228)	1.7784	None
POU5F1	GCH1	0.68315	39.45	0.451	rgb(222,131,132)	1.7717	None
ETV1	GPC2	0.68306	41.01	0.512	rgb(223,119,120)	1.8027	None
EGR3	MDK	-0.68296	40.56	-5.8E-02	rgb(204,209,219)	1.7937	None
RFX2	AEBP1	-0.68286	37.35	-3.5E-01	rgb(141,171,230)	1.7301	None
ZNF117	FW340024	0.68276	41.08	0.081	rgb(218,202,202)	1.804	2,2
EGR3	CDKN1C	-0.68256	40.78	-2.8E-01	rgb(156,180,228)	1.7981	None
SMAD9	ZNF519	-0.68256	40.095	-9.5E-02	rgb(196,204,221)	1.7845	None
MAFA	SLC38A5	0.68246	40.525	0.025	rgb(217,212,212)	1.793	None
NR4A2	MSI1	-0.68236	38.85	-3.5E-01	rgb(141,171,230)	1.7599	None
FOXD4L5	WNT9A	-0.68206	38.775	-2.7E-01	rgb(158,181,227)	1.7584	None
PDX1	KCNAB2	0.68206	38.775	0.276	rgb(220,164,165)	1.7584	None
SMAD9	ONECUT3	0.68206	39.415	0.416	rgb(222,138,138)	1.7711	None
NKX6-1	SIDT1	-0.68196	38.32	-3.2E-01	rgb(148,175,229)	1.7494	None
ZNF492	AHNAK	0.68186	40.215	0.216	rgb(219,176,176)	1.7869	None
PRDM16	SEZ6L	0.68176	40.76	0.26	rgb(220,167,168)	1.7977	None
LHX1	FAM13A-AS1	0.68166	40.95	0.047	rgb(218,208,208)	1.8015	None
ZNF846	SIX2	-0.68157	40.24	-2.4E-01	rgb(165,185,226)	1.7874	None
RFX6	REM2	0.68147	40	1.7E-04	rgb(217,217,217)	1.7826	None
LHX1	PKIA	0.68137	38.255	0.253	rgb(220,169,169)	1.7481	None
SMAD9	ROBO1	-0.68127	40.75	-2.5E-01	rgb(162,184,227)	1.7975	None
AKNA	AK055257	-0.68117	40.825	-3.2E-01	rgb(147,174,229)	1.799	2,2
NR4A2	UBE2S	-0.68107	38.67	-1.7E-01	rgb(181,195,223)	1.7563	None
ASCL2	FBXL16	0.68097	40.2	0.199	rgb(219,179,179)	1.7866	None
ADNP	KIAA0931	-0.68077	40.275	-2.8E-01	rgb(157,181,227)	1.7881	2,2
EGR3	CD37	-0.68077	40.275	-2.7E-01	rgb(158,181,227)	1.7881	None
ZFP82	MEX3A	0.68067	37.345	0.344	rgb(221,151,152)	1.73	None
EGR3	TCEAL1	0.68057	40.665	0.167	rgb(219,185,185)	1.7958	None
ONECUT2	RFTN2	0.68047	39.79	0.29	rgb(220,162,162)	1.7785	None
ZFP2	SPDYE8P	-0.68037	40.8	-3.0E-01	rgb(152,177,228)	1.7985	2,2
MAFA	FAT3	-0.68027	40.915	-8.7E-03	rgb(215,216,217)	1.8008	None
NKX6-1	FAM135B	0.68017	39.905	0.405	rgb(221,140,140)	1.7808	None
ZNF492	LSAMP	-0.68008	40.95	-2.4E-01	rgb(165,185,226)	1.8015	None
ZNF117	PGM5P2	0.67998	40.86	0.362	rgb(221,148,149)	1.7997	2,2
LHX1	COL1A2	-0.67978	40.86	-3.6E-01	rgb(139,170,231)	1.7997	None
MAFA	DTX1	0.67978	40.185	0.187	rgb(219,181,182)	1.7863	None
CCDC17	GRIA2	0.67968	38.765	0.264	rgb(220,167,167)	1.7582	2,2
NR4A3	DEFB1	0.67958	40.335	0.335	rgb(221,153,154)	1.7893	None
FEV	ISL1	0.67948	39.685	0.184	rgb(219,182,182)	1.7764	None
LHX1	CCDC39	0.67938	39.37	0.371	rgb(221,146,147)	1.7702	None
FEV	LHX1	0.67918	39.75	0.25	rgb(220,169,170)	1.7777	None
ZFP82	FMN2	-0.67918	38.31	-3.1E-01	rgb(150,176,229)	1.7492	None
ETS1	EXOSC4	-0.67908	36.88	-3.8E-01	rgb(135,167,231)	1.7208	None
E2F7	CIT	0.67898	36.44	0.439	rgb(222,133,134)	1.7121	None
NPAS3	FLJ22184	0.67888	40.275	0.277	rgb(220,164,165)	1.7881	2,2
ELF4	ADH6	-0.67878	40.725	-2.2E-01	rgb(169,188,225)	1.797	None
TFCP2L1	NAALADL1	-0.67868	39.765	-2.7E-01	rgb(159,182,227)	1.778	None
KCNIP3	LINC00340	0.67859	38.76	0.258	rgb(220,168,168)	1.7581	2,2
ETV1	MMP13	0.67849	40.765	0.265	rgb(220,166,167)	1.7978	None
LTF	SDPR	0.67829	39.67	0.169	rgb(219,185,185)	1.7761	2,2
SIX2	LTBP2	-0.67829	40.19	-1.9E-01	rgb(175,192,224)	1.7864	None
ZNF846	CDKN1C	-0.67819	38.63	-1.3E-01	rgb(188,200,222)	1.7555	None
FOXA1	NPAS3	0.67789	38.24	0.238	rgb(220,171,172)	1.7478	None
FOXD4L5	CALCOCO1	0.67789	38.24	0.242	rgb(220,171,171)	1.7478	None
TEAD2	PGA4	0.67789	38.24	0.241	rgb(220,171,172)	1.7478	None
ZFP92	PYY	0.67779	40.8	0.298	rgb(220,160,161)	1.7985	None
HSF2	NHLH1	-0.67759	40.145	-1.5E-01	rgb(185,198,223)	1.7855	None
TGIF2	SMTNL2	0.67759	40.145	0.145	rgb(219,189,190)	1.7855	None
SPIB	MUC5B	-0.67749	40.615	-1.1E-01	rgb(192,202,221)	1.7948	None
GATA4	MLXIPL	-0.67739	38.755	-2.6E-01	rgb(161,183,227)	1.758	None
LHX1	CTTNBP2	-0.67729	40.22	-2.2E-01	rgb(170,188,225)	1.787	None
HIF1A	HSF2	-0.6772	40.17	-1.7E-01	rgb(180,195,223)	1.786	None
HSF2	STK33	0.6771	40.86	0.356	rgb(221,149,150)	1.7997	None
MAFB	SLC6A16	0.677	40.34	0.34	rgb(221,152,153)	1.7894	None
SOX4	ELAVL3	-0.6769	39.815	-3.2E-01	rgb(149,175,229)	1.779	None
LMX1A	KCNJ3	0.6768	37.33	0.328	rgb(221,154,155)	1.7297	None
ARX	GCG	0.6767	40.21	0.208	rgb(219,177,178)	1.7868	None
HLF	EID1	0.6766	40.25	0.25	rgb(220,169,170)	1.7876	None
FOXD4L5	HSF2	-0.6765	40.695	-1.9E-01	rgb(175,191,224)	1.7964	None
NEUROD2	KANK2	-0.6764	37.385	-3.8E-01	rgb(133,166,232)	1.7308	None
FOXA2	CSH1	0.6763	39.17	0.168	rgb(219,185,185)	1.7662	None
LHX1	FBXL16	-0.6761	40.12	-1.2E-01	rgb(191,201,222)	1.785	None
NEUROG3	USP13	0.6761	40.86	0.362	rgb(221,148,149)	1.7997	None
ZNF514	CR933660	0.676	40.86	0.36	rgb(221,148,149)	1.7997	2,2
HSF2	AKT3	-0.6759	40.15	-1.5E-01	rgb(184,197,223)	1.7856	None
ELF4	CERS1	-0.6758	40.72	-2.2E-01	rgb(169,188,225)	1.7969	None
PAX6	NOTUM	0.67571	40.77	0.269	rgb(220,166,166)	1.7979	None
HIF1A	TRPC7	-0.67561	40.79	-9.9E-02	rgb(196,204,221)	1.7983	None
ZNF382	DQ570835	0.67551	39.725	0.224	rgb(219,174,175)	1.7772	2,2
ZFHX2	PKIA	0.67541	40.855	0.084	rgb(218,201,201)	1.7996	None
NEUROG3	NPTX1	0.67531	39.72	0.218	rgb(219,175,176)	1.7771	None
NR4A2	STMN3	-0.67521	40.71	-2.1E-01	rgb(172,189,225)	1.7967	None
MAFB	SPOCK3	0.67511	40.66	0.158	rgb(219,187,187)	1.7957	None
FOXD4L5	TMPRSS6	0.67501	37.38	0.38	rgb(221,144,145)	1.7307	None
ZNF382	FER1L6-AS1	0.67491	36.42	0.42	rgb(222,137,138)	1.7117	None
PRDM16	UNC80	0.67481	39.145	0.143	rgb(219,190,190)	1.7657	None
TGIF2	BCRP3	-0.67471	38.78	-2.8E-01	rgb(157,180,228)	1.7585	None
PDX1	MDK	0.67461	40.18	0.182	rgb(219,182,183)	1.7862	None
LMX1B	LEFTY1	0.67451	40.1	0.1	rgb(218,198,198)	1.7846	None
ZNF846	USP41	0.67441	39.32	0.32	rgb(221,156,156)	1.7692	None
PDX1	YPEL4	0.67431	40.815	0.316	rgb(220,157,157)	1.7988	None
NEUROG3	SCGB1C1	-0.67412	40.645	-1.5E-01	rgb(185,198,223)	1.7954	None
RORC	LINC00842	-0.67412	40.645	-1.5E-01	rgb(185,198,223)	1.7954	2,2
TEAD1	ADAM12	-0.67402	36.92	-4.2E-01	rgb(126,162,233)	1.7216	None
NEUROG3	SERPINI1	0.67392	38.29	0.288	rgb(220,162,163)	1.7488	None
HSF2	LRP2BP	-0.67372	39.765	-2.6E-01	rgb(160,182,227)	1.778	None
ZNF514	LOC595101	0.67372	40.74	0.24	rgb(220,171,172)	1.7973	2,2
EGR3	GDF11	0.67362	40.08	0.078	rgb(218,202,202)	1.7842	None
HSF2	UNC13A	-0.67332	37.375	-3.7E-01	rgb(136,168,231)	1.7306	None
RORC	CHRNB2	0.67332	37.775	0.275	rgb(220,164,165)	1.7386	None
SPIB	ISL1	0.67332	37.775	0.274	rgb(220,165,165)	1.7386	None
GATA4	DACH1	-0.67322	39.695	-2.0E-01	rgb(174,191,224)	1.7766	None
ZFP82	CCK	0.67312	39.43	0.431	rgb(222,135,135)	1.7713	None
LHX1	ENPP2	-0.67292	40.73	-2.3E-01	rgb(167,187,226)	1.7971	None
MYSM1	ANKRD36	0.67292	40.61	0.612	rgb(224,100,101)	1.7947	2,2
TEAD1	CCK	-0.67282	40.625	-1.3E-01	rgb(190,200,222)	1.795	None
EGR3	CD300LF	-0.67263	36.41	-4.1E-01	rgb(128,163,233)	1.7115	None
ZNF492	DENND2A	0.67263	36.41	0.409	rgb(221,139,140)	1.7115	None
TGIF2	TP73	0.67253	40.24	0.239	rgb(220,171,172)	1.7874	None
ONECUT3	PAX6	0.67243	40.27	0.272	rgb(220,165,166)	1.788	None
EGR3	HLF	-0.67233	39.9	-4.0E-01	rgb(130,164,232)	1.7807	None
POU2F2	GPRIN3	0.67223	36.915	0.414	rgb(222,138,139)	1.7215	None
LMX1B	PKIA	-0.67213	39.675	-1.8E-01	rgb(179,194,224)	1.7762	None
ZNF117	HBT8	0.67203	40.38	0.378	rgb(221,145,146)	1.7902	2,2
ETV1	PRKCG	0.67193	38.21	0.209	rgb(219,177,177)	1.7472	None
HSF2	POU5F1	-0.67183	39.75	-2.5E-01	rgb(163,184,227)	1.7777	None
ASCL1	PELI3	0.67173	40.73	0.231	rgb(220,173,173)	1.7971	None
HSF2	GFRA3	-0.67163	39.67	-1.7E-01	rgb(180,194,224)	1.7761	None
ZNF846	DPY19L2	0.67153	38.385	0.387	rgb(221,143,144)	1.7506	None
RORC	MIR137HG	-0.67143	39.93	-4.3E-01	rgb(124,161,233)	1.7813	None
LHX1	HLF	-0.67133	40.19	-1.9E-01	rgb(176,192,224)	1.7864	None
ETV1	MAST1	0.67124	39.375	0.373	rgb(221,146,147)	1.7703	None
TFCP2L1	KCNIP3	0.67114	39.37	0.371	rgb(221,146,147)	1.7702	None
LHX1	BASP1	-0.67104	40.66	-1.6E-01	rgb(182,196,223)	1.7957	None
HSF2	CHRNB4	-0.67094	38.205	-2.0E-01	rgb(173,190,225)	1.7471	None
ZNF117	OCLM	0.67084	40.58	0.079	rgb(218,202,202)	1.7941	2,2
MAFA	CACNA2D2	0.67064	40.765	0.263	rgb(220,167,167)	1.7978	None
ZNF846	LIMCH1	-0.67064	39.295	-2.9E-01	rgb(153,178,228)	1.7687	None
ELF4	FAM71E2	-0.67044	40.29	-2.9E-01	rgb(154,178,228)	1.7884	None
NR4A3	ACE	-0.67044	39.35	-3.5E-01	rgb(141,171,230)	1.7698	None
MLXIPL	DPY19L2	-0.67034	38.935	-4.4E-01	rgb(122,159,234)	1.7615	None
HMGN3	FKBP1A-SDCBP2	-0.67024	38.195	-2.0E-01	rgb(175,191,224)	1.7469	2,2
LMX1B	CAMK2B	0.66994	39.285	0.285	rgb(220,163,163)	1.7685	None
NEUROG3	IQCA1	-0.66994	40.205	-2.0E-01	rgb(173,190,225)	1.7867	None
SIX2	GDF10	-0.66994	40.205	-2.1E-01	rgb(172,190,225)	1.7867	None
ONECUT2	KDM1A	-0.66985	39.635	-1.4E-01	rgb(187,199,222)	1.7754	None
ZFHX2	ZCCHC18	0.66975	40.23	0.23	rgb(220,173,173)	1.7872	None
ETV1	JAKMIP1	0.66965	37.365	0.364	rgb(221,147,148)	1.7304	None
SOX4	ZDHHC8P1	-0.66955	38.915	-4.1E-01	rgb(127,162,233)	1.7611	None
SIX2	THBS4	0.66945	40.7	0.197	rgb(219,179,180)	1.7965	None
RFX6	MUC16	-0.66935	40.685	-1.8E-01	rgb(177,193,224)	1.7962	None
NR4A3	CABP4	0.66925	36.85	0.35	rgb(221,150,151)	1.7202	None
NHLH1	GRIN1	-0.66915	40.145	-1.4E-01	rgb(186,198,223)	1.7855	None
GATA4	CELF4	0.66905	40.735	0.235	rgb(220,172,173)	1.7972	None
RFX6	STMN2	0.66895	36.46	0.462	rgb(222,129,130)	1.7125	None
TFCP2L1	CD99L2	0.66885	39.595	0.093	rgb(218,199,199)	1.7746	None
MAFB	TMEM196	-0.66875	36.905	-4.0E-01	rgb(130,164,232)	1.7213	None
ETV1	PNPO	-0.66855	39.28	-2.8E-01	rgb(156,180,228)	1.7684	None
NEUROG3	SMOC2	0.66855	39.28	0.28	rgb(220,164,164)	1.7684	None
ETV1	GRIN2C	0.66845	39.8	0.299	rgb(220,160,160)	1.7787	None
PAX6	DCHS1	0.66836	39.7	0.198	rgb(219,179,180)	1.7767	None
FOXD4L5	GABRG2	0.66826	38.27	0.27	rgb(220,166,166)	1.7484	None
ONECUT3	PALMD	0.66816	40.245	0.245	rgb(220,170,171)	1.7875	None
ETS1	VWCE	0.66786	40.28	0.282	rgb(220,163,164)	1.7882	None
GATA4	PKHD1L1	0.66786	40.28	0.282	rgb(220,163,164)	1.7882	None
ZNF514	SERF2-C15ORF63	-0.66786	40.335	-3.3E-01	rgb(145,173,230)	1.7893	2,2
GLIS2	KCNN3	-0.66766	40.205	-2.1E-01	rgb(172,190,225)	1.7867	None
ZNF846	RAB36	0.66766	40.655	0.153	rgb(219,188,188)	1.7956	None
FOXA1	ALAS2	0.66756	36.9	0.399	rgb(221,141,142)	1.7212	None
RORC	SPEG	-0.66746	40.33	-3.3E-01	rgb(145,173,230)	1.7892	None
GATA4	ADCY1	0.66736	39.725	0.224	rgb(219,174,175)	1.7772	None
LHX1	ATP13A4	-0.66726	40.705	-5.1E-02	rgb(206,210,219)	1.7966	None
FOXD4L5	SBK1	-0.66716	40.275	-2.7E-01	rgb(157,181,227)	1.7881	None
HSF2	SLITRK6	0.66706	38.885	0.386	rgb(221,143,144)	1.7606	None
ASCL1	NPTXR	0.66696	36.845	0.343	rgb(221,151,152)	1.7201	None
NHLH1	FDPSP2	-0.66687	40.2	-2.0E-01	rgb(174,191,225)	1.7866	None
ETS1	TP73	0.66677	37.815	0.316	rgb(220,157,157)	1.7394	None
GATA6	SLC7A4	-0.66667	39.715	-2.2E-01	rgb(170,189,225)	1.777	None
EGR3	TUBB2B	0.66657	39.265	0.265	rgb(220,166,167)	1.7681	None
GATA6	PRPH	-0.66647	40.165	-1.7E-01	rgb(181,195,223)	1.7859	None
GLIS2	ZNF846	-0.66637	37.75	-2.5E-01	rgb(163,184,227)	1.7381	None
ZFP28	RUNX1T1	0.66627	39.77	0.272	rgb(220,165,166)	1.7781	None
ETS1	MLN	-0.66617	37.355	-3.6E-01	rgb(140,170,231)	1.7302	None
PLAG1	LDHD	-0.66607	39.395	-4.0E-01	rgb(131,165,232)	1.7707	None
NKX6-1	KIRREL3	0.66597	40.22	0.218	rgb(219,175,176)	1.787	None
ZNF846	FAM131B	-0.66587	40.45	-4.5E-01	rgb(119,158,234)	1.7916	None
POU5F1	CD96	0.66577	40.48	0.479	rgb(222,126,126)	1.7922	None
SMAD9	DSCAML1	0.66567	38.705	0.203	rgb(219,178,179)	1.757	None
ATOH8	NEURL	0.66557	38.26	0.258	rgb(220,168,168)	1.7482	2,2
MYSM1	LOC90834	0.66547	38.69	0.191	rgb(219,180,181)	1.7567	2,2
ONECUT2	ELL2	0.66538	39.275	0.274	rgb(220,165,165)	1.7683	None
ZNF883	SLC7A4	-0.66528	39.66	-1.6E-01	rgb(182,196,223)	1.7759	None
SOX4	SYNE2	-0.66518	39.855	-3.5E-01	rgb(140,170,230)	1.7798	None
CSRNP3	FOXD4L5	0.66498	40.24	0.242	rgb(220,171,171)	1.7874	2,2
EGR3	LIMS2	0.66498	40.24	0.242	rgb(220,171,171)	1.7874	None
ETS1	WSB1	0.66488	37.745	0.247	rgb(220,170,170)	1.738	None
MAFA	PTP4A3	0.66478	36.445	0.447	rgb(222,132,133)	1.7122	None
MAFA	STRC	0.66468	40.4	0.398	rgb(221,141,142)	1.7906	None
HSF2	ZFP2	-0.66458	39.69	-1.9E-01	rgb(176,192,224)	1.7765	None
LHX1	ZG16	-0.66448	40.17	-1.7E-01	rgb(180,195,223)	1.786	None
SIX2	UNC79	0.66438	39.775	0.275	rgb(220,164,165)	1.7782	None
GATA2	ZNF518A	0.66428	40.445	0.033	rgb(217,211,211)	1.7915	None
CCDC17	SMA5	-0.66418	40.435	-4.3E-01	rgb(123,160,233)	1.7913	2,2
FOXD4L5	SCG2	0.66398	38.86	0.361	rgb(221,148,149)	1.7601	None
ZNF117	AK094909	0.66398	40.445	0.443	rgb(222,132,133)	1.7915	2,2
FOXA1	MYSM1	0.66389	40.235	0.234	rgb(220,172,173)	1.7873	None
TFCP2L1	CNTD2	-0.66379	38.31	-3.1E-01	rgb(150,176,229)	1.7492	None
ELF4	CDRT4	0.66369	39.245	0.247	rgb(220,170,170)	1.7677	None
ZNF846	SCGN	-0.66349	40.34	-3.4E-01	rgb(144,172,230)	1.7894	None
ZNF883	E02193	-0.66349	39.365	-3.6E-01	rgb(138,169,231)	1.7701	2,2
EGR3	DPY19L2	-0.66339	38.855	-3.5E-01	rgb(140,170,230)	1.76	None
ZFHX2	TTLL7	0.66329	38.305	0.303	rgb(220,159,160)	1.7491	None
ETS1	AVPR1B	-0.66319	40.15	-1.5E-01	rgb(184,197,223)	1.7856	None
SIX2	NAALADL1	0.66299	37.805	0.305	rgb(220,159,159)	1.7392	None
SMAD9	HCN4	0.66299	39.235	0.236	rgb(220,172,172)	1.7675	None
SIX2	SLC38A5	0.66289	39.735	0.235	rgb(220,172,173)	1.7774	None
ZNF846	TMEFF1	0.66279	40.56	0.061	rgb(218,205,206)	1.7937	None
GATA4	CERS1	0.66269	38.675	0.173	rgb(219,184,184)	1.7564	None
TEAD1	FGF17	-0.66259	38.3	-3.0E-01	rgb(152,178,228)	1.749	None
FOXD4L5	BOC	0.6625	39.86	0.359	rgb(221,148,149)	1.7799	None
EGR3	TUBB3	0.6624	39.73	0.231	rgb(220,173,173)	1.7773	None
EGR3	INSRR	-0.6623	39.66	-1.6E-01	rgb(183,196,223)	1.7759	None
RFX2	KNDC1	0.6622	37.345	0.343	rgb(221,151,152)	1.73	None
LHX1	TMEM169	-0.6621	38.665	-1.6E-01	rgb(181,195,223)	1.7562	None
ETS1	ASRGL1	0.662	36.885	0.383	rgb(221,144,145)	1.7209	None
SMAD9	MYRF	0.6619	40.51	0.011	rgb(217,215,215)	1.7927	None
ZBTB25	FKSG51	0.6618	38.835	0.335	rgb(221,153,154)	1.7596	2,2
ELF4	MYSM1	-0.6617	40.2	-2.0E-01	rgb(173,191,225)	1.7866	None
E2F7	SYT14	-0.6615	37.8	-3.0E-01	rgb(152,177,228)	1.7391	None
ETS1	EPHA8	-0.6615	39.6	-9.9E-02	rgb(195,204,221)	1.7747	None
ETV1	AEBP1	0.6614	39.745	0.246	rgb(220,170,170)	1.7776	None
CSRNP3	GOLGA6L4	0.6613	39.33	0.33	rgb(221,154,155)	1.7694	2,2
HLF	GPR83	-0.6612	40.39	-8.9E-03	rgb(215,216,217)	1.7904	2,2
HSF2	JMJD1C-AS1	-0.6611	38.29	-2.9E-01	rgb(154,179,228)	1.7488	None
MAFA	HERC5	0.66101	40.1	0.102	rgb(218,197,198)	1.7846	None
ZFP82	PTCH1	0.66091	39.1	0.1	rgb(218,198,198)	1.7648	None
ZNF519	LCP1	-0.66081	37.285	-2.8E-01	rgb(155,180,228)	1.7288	None
MAFB	KL	0.66071	40.095	0.097	rgb(218,199,199)	1.7845	None
LMX1A	SIX2	0.66061	40.37	0.37	rgb(221,146,147)	1.79	None
NEUROG3	FGF9	0.66051	36.43	0.432	rgb(222,135,135)	1.7119	None
PDX1	LCP1	-0.66041	40.09	-8.9E-02	rgb(198,205,220)	1.7844	None
MAFA	ATF6	-0.66031	38.78	-2.8E-01	rgb(156,180,228)	1.7585	None
POU2F2	EGR3	-0.66011	37.34	-3.4E-01	rgb(143,172,230)	1.7299	None
SOX4	ENPP2	-0.66011	37.34	-3.4E-01	rgb(143,172,230)	1.7299	None
ZNF514	AX747175	0.66001	40.38	0.379	rgb(221,145,145)	1.7902	2,2
FOXD4L5	STXBP5L	0.65991	40.275	0.276	rgb(220,164,165)	1.7881	None
TFCP2L1	DPY19L2	0.65981	39.05	0.05	rgb(218,207,208)	1.7638	None
EGR3	LGI3	0.65961	39.205	0.206	rgb(219,178,178)	1.7669	None
ETV1	SCT	0.65961	38.64	0.141	rgb(219,190,190)	1.7557	None
LHX1	GAL	-0.65952	40.365	-3.7E-01	rgb(138,169,231)	1.7899	None
LHX1	ADD2	-0.65942	37.28	-2.8E-01	rgb(157,180,228)	1.7287	None
TFCP2L1	FSD1	0.65932	39.59	0.091	rgb(218,200,200)	1.7745	None
MAFA	LMO3	0.65912	39.2	0.201	rgb(219,179,179)	1.7668	None
PDX1	UTY	-0.65912	36.425	-4.2E-01	rgb(125,161,233)	1.7118	None
SIX2	CORO2B	-0.65902	38.635	-1.3E-01	rgb(188,199,222)	1.7556	None
HES4	NOXO1	0.65882	40.215	0.217	rgb(219,175,176)	1.7869	None
NEUROD2	HOXB9	-0.65882	38.275	-2.8E-01	rgb(157,181,227)	1.7485	None
FOXA1	ABCA9	0.65872	40.04	0.04	rgb(217,209,209)	1.7834	None
LHX1	KCNJ2	-0.65852	38.815	-3.1E-01	rgb(149,176,229)	1.7592	None
NEUROG3	QSOX2	0.65852	40.16	0.161	rgb(219,186,187)	1.7858	None
ONECUT3	MDN1	0.65842	37.945	0.445	rgb(222,132,133)	1.7419	None
ONECUT3	RBFOX2	0.65832	40.325	0.247	rgb(220,170,170)	1.7891	None
NKX6-1	MMP13	0.65822	40.025	0.023	rgb(217,213,213)	1.7831	None
ZNF514	FLJ44955	0.65812	40.315	0.315	rgb(220,157,158)	1.7889	2,2
EGR3	PCYT1B	0.65803	37.715	0.217	rgb(219,176,176)	1.7374	None
ZNF846	ATP6V1B1	0.65793	40.12	0.122	rgb(218,194,194)	1.785	None
EGR3	PDE6B	0.65783	38.265	0.267	rgb(220,166,167)	1.7483	None
NKX6-1	CCK	-0.65773	40.13	-1.3E-01	rgb(188,200,222)	1.7852	None
ZNF846	CFC1	-0.65763	39.255	-2.6E-01	rgb(161,183,227)	1.7679	None
CCDC17	AX748336	0.65753	38.23	0.231	rgb(220,173,173)	1.7476	2,2
HSF2	FAM92B	0.65743	39.695	0.196	rgb(219,180,180)	1.7766	None
MAFB	SVOP	-0.65723	39.385	-3.9E-01	rgb(133,166,232)	1.7705	None
TFCP2L1	GFRA1	0.65723	38.795	0.295	rgb(220,161,161)	1.7588	None
MAFB	SLC18A1	-0.65713	40.27	-2.7E-01	rgb(159,182,227)	1.788	None
FOXA1	LCP1	0.65703	40.26	0.239	rgb(220,171,172)	1.7878	None
HSF2	GPRASP2	0.65693	40.285	0.041	rgb(217,209,209)	1.7883	None
ARX	PDE8B	-0.65683	40.095	-9.4E-02	rgb(197,205,221)	1.7845	None
ETV1	TRPC7	-0.65673	40.16	-1.6E-01	rgb(183,196,223)	1.7858	None
FEV	RET	0.65663	38.25	0.25	rgb(220,169,170)	1.748	None
ONECUT3	KL	0.65644	36.87	0.368	rgb(221,147,147)	1.7206	None
PLAG1	BLMH	-0.65644	36.87	-3.7E-01	rgb(136,168,231)	1.7206	None
PRDM16	UCP2	-0.65634	38.57	-6.9E-02	rgb(202,208,220)	1.7543	None
FOXA1	KCNH3	0.65624	37.33	0.33	rgb(221,154,155)	1.7297	None
NR4A3	CNPY1	-0.65614	36.815	-3.1E-01	rgb(149,176,229)	1.7195	None
EGR3	MX2	0.65604	40.275	0.133	rgb(218,192,192)	1.7881	None
ELF4	KNDC1	0.65574	37.78	0.28	rgb(220,164,164)	1.7387	None
ONECUT1	CLCA1	0.65574	37.78	0.281	rgb(220,163,164)	1.7387	None
POU5F1	ACOT7	0.65574	37.78	0.279	rgb(220,164,164)	1.7387	None
ETS1	BEND5	0.65554	39.16	0.159	rgb(219,187,187)	1.766	None
SIX2	KLHL35	0.65554	40.16	0.162	rgb(219,186,186)	1.7858	None
ZNF117	HIST2H2BF	0.65544	39.835	0.335	rgb(221,153,154)	1.7794	2,2
GATA4	FDPSP2	-0.65534	40.06	-5.8E-02	rgb(204,209,219)	1.7838	None
PDX1	SLC22A13	-0.65524	40.145	-1.5E-01	rgb(185,198,223)	1.7855	None
MAFA	FER1L4	0.65515	38.415	0.417	rgb(222,137,138)	1.7512	None
ZBTB25	AX746640	0.65505	37.325	0.327	rgb(221,155,155)	1.7296	2,2
SIX2	RTEL1	-0.65495	37.775	-2.7E-01	rgb(158,181,227)	1.7386	None
NKX2-2	CELF3	0.65475	36.81	0.309	rgb(220,158,159)	1.7194	None
ZNF382	XAF1	-0.65475	36.865	-3.7E-01	rgb(137,169,231)	1.7205	2,2
DZIP1	WBSCR27	-0.65455	39.735	-2.3E-01	rgb(166,186,226)	1.7774	2,2
TET1	SMTNL2	0.65455	39.735	0.236	rgb(220,172,172)	1.7774	None
SOX4	ID4	0.65445	37.26	0.26	rgb(220,167,168)	1.7284	None
ONECUT3	MUC16	0.65435	37.85	0.348	rgb(221,150,151)	1.74	None
NEUROG3	NINJ1	0.65425	38.4	0.401	rgb(221,140,141)	1.7509	None
SPIB	CLSPN	-0.65415	40.195	-2.0E-01	rgb(174,191,225)	1.7865	None
ETS1	ZFP62	-0.65405	40.105	-1.1E-01	rgb(194,203,221)	1.7847	None
EGR3	TMEM169	0.65395	40.265	0.264	rgb(220,167,167)	1.7879	None
GATA2	TSPAN11	0.65385	38.805	0.305	rgb(220,159,159)	1.759	None
ARNT2	RAB4B-EGLN2	-0.65375	39.855	-3.5E-01	rgb(140,170,230)	1.7798	None
RORC	PAPPA2	-0.65356	36.405	-4.1E-01	rgb(129,163,232)	1.7114	None
ZNF846	NUP210	0.65356	38.23	0.228	rgb(220,173,174)	1.7476	None
NKX6-1	PTPN22	0.65346	39.76	0.258	rgb(220,168,168)	1.7779	None
FOXA1	BSN	0.65336	38.2	0.201	rgb(219,179,179)	1.747	None
HSF2	PGF	-0.65306	37.77	-2.7E-01	rgb(158,181,227)	1.7385	None
NEUROG3	APOB	0.65306	37.77	0.268	rgb(220,166,166)	1.7385	None
ZNF117	AK125301	0.65306	37.77	0.271	rgb(220,165,166)	1.7385	2,2
PDX1	AVPR1B	0.65296	40.27	0.002	rgb(217,217,217)	1.788	None
SMAD9	MAFB	0.65276	37.32	0.319	rgb(221,156,157)	1.7295	None
ZNF117	ADAM20P1	0.65276	37.32	0.321	rgb(221,156,156)	1.7295	2,2
MAFA	LAMP3	0.65266	37.675	0.175	rgb(219,184,184)	1.7366	None
MAFB	MMP13	-0.65256	36.86	-3.6E-01	rgb(139,169,231)	1.7204	None
ELF4	ZFP2	0.65246	39.61	0.109	rgb(218,196,196)	1.7749	None
MAFF	JAZF1	0.65236	40.175	0.177	rgb(219,183,184)	1.7861	None
NEUROD2	GLT8D2	0.65217	39.775	0.276	rgb(220,164,165)	1.7782	None
ZFHX2	CD99L2	0.65217	39.75	0.25	rgb(220,169,170)	1.7777	None
HSF2	KCNG1	-0.65207	40.11	-1.1E-01	rgb(193,203,221)	1.7848	None
ZNF846	LRFN1	-0.65197	39.07	-7.2E-02	rgb(201,207,220)	1.7642	None
FOXD4L5	ZNF846	0.65177	36.345	0.343	rgb(221,152,152)	1.7102	None
NEUROD2	CHRNB4	0.65177	36.345	0.346	rgb(221,151,152)	1.7102	None
PDX1	GADD45A	-0.65167	39.825	-3.2E-01	rgb(147,174,229)	1.7792	None
HSF2	ZMYM2	0.65157	39.74	0.24	rgb(220,171,172)	1.7775	None
TFCP2L1	GDAP1	0.65147	39.765	0.266	rgb(220,166,167)	1.778	None
LMX1B	KRTAP5-2	0.65137	37.765	0.264	rgb(220,167,167)	1.7384	None
HSF2	KCNJ3	-0.65127	40.19	-1.9E-01	rgb(176,192,224)	1.7864	None
HSF2	FRMPD4	-0.65117	38.21	-2.1E-01	rgb(172,189,225)	1.7472	None
FOXA1	KCNH7	0.65107	39.68	0.179	rgb(219,183,183)	1.7763	None
ZNF846	ACOT7	0.65097	38.19	0.192	rgb(219,180,181)	1.7468	None
ZNF514	BC073817	0.65087	40.225	0.224	rgb(219,174,175)	1.7871	2,2
NEUROG3	PTP4A3	-0.65077	39.545	-4.7E-02	rgb(207,211,219)	1.7736	None
ELF4	GCG	0.65058	39.28	0.28	rgb(220,163,164)	1.7684	None
RORC	CACNA1H	0.65058	40.22	0.058	rgb(218,206,206)	1.787	None
PBX3	PRKCH	-0.65048	40.19	-2.8E-02	rgb(211,213,218)	1.7864	None
ETS1	FRMPD4	-0.65038	37.315	-3.2E-01	rgb(148,175,229)	1.7294	None
FEV	TEKT2	0.65028	36.855	0.357	rgb(221,149,150)	1.7203	None
PDX1	CRY2	0.65018	37.66	0.158	rgb(219,187,187)	1.7363	None
MAFB	MAGED1	-0.64998	39.73	-2.3E-01	rgb(167,187,226)	1.7773	None
ZNF846	BC090058	0.64998	40.075	0.074	rgb(218,203,203)	1.7841	2,2
SIX2	SLC8A1	0.64988	39.745	0.244	rgb(220,170,171)	1.7776	None
HSF2	TOX3	0.64968	39.275	0.274	rgb(220,165,165)	1.7683	None
NR4A2	CYGB	0.64968	38.68	0.181	rgb(219,182,183)	1.7565	None
RORC	ZRANB2-AS1	-0.64958	40.175	-2.4E-02	rgb(212,214,218)	1.7861	None
RFX6	SIX2	0.64948	35.955	0.456	rgb(222,130,131)	1.7025	None
ZNF382	RBPMS	-0.64938	39.685	-1.9E-01	rgb(177,192,224)	1.7764	None
NEUROD2	GALNT16	-0.64928	38.36	-3.6E-01	rgb(139,169,231)	1.7501	None
FEV	KCNK16	0.64919	35.465	0.466	rgb(222,128,129)	1.6928	None
TEAD1	ID1	-0.64909	39.77	-2.7E-01	rgb(159,181,227)	1.7781	None
HLF	EML5	-0.64899	39.96	-2.9E-02	rgb(211,213,218)	1.7819	None
LHX1	GABRP	-0.64889	38.195	-1.9E-01	rgb(175,191,224)	1.7469	None
ZFP82	ANKRD45	-0.64879	36.85	-3.5E-01	rgb(141,171,230)	1.7202	None
LMX1B	QDPR	0.64869	39.67	0.172	rgb(219,184,185)	1.7761	None
TEAD1	GABRP	0.64859	35.95	0.45	rgb(222,131,132)	1.7024	None
HSF2	INSRR	-0.64849	40.16	-1.2E-01	rgb(191,201,221)	1.7858	None
FOXD4L5	BCL2	-0.64839	38.745	-2.5E-01	rgb(163,184,226)	1.7578	None
FOXA1	SMAD9	0.64829	40.005	0.006	rgb(217,216,216)	1.7827	None
MAFA	ZFP90	-0.64819	38.185	-1.9E-01	rgb(177,192,224)	1.7467	None
FOXA1	WIF1	-0.64809	38.835	-3.4E-01	rgb(144,173,230)	1.7596	None
FOXA1	BEGAIN	-0.64789	39.22	-2.2E-01	rgb(169,188,225)	1.7672	None
PDX1	F10	0.64789	40	0.504	rgb(223,121,122)	1.7826	None
HLF	HNF1A-AS1	-0.64779	38.855	-3.5E-01	rgb(140,170,230)	1.76	None
ZNF519	SMKR1	0.6477	35.88	0.378	rgb(221,145,146)	1.701	None
SPIB	BEND5	-0.6476	38.725	-2.2E-01	rgb(168,187,226)	1.7574	None
TFCP2L1	CDKN1C	0.6475	37.305	0.304	rgb(220,159,160)	1.7292	None
CBX2	PCDHB16	0.6474	36.79	0.291	rgb(220,161,162)	1.719	2,2
TFCP2L1	SLC35F3	0.6473	39.21	0.212	rgb(219,176,177)	1.767	None
FOXA1	CCDC88A	0.6471	39.86	0.36	rgb(221,148,149)	1.7799	None
FOXA1	KCNB2	0.6471	35.945	0.443	rgb(222,132,133)	1.7023	None
MAFF	SMARCD2	-0.647	39.635	-1.3E-01	rgb(188,199,222)	1.7754	None
GATA4	OLFML3	0.6469	40.13	0.131	rgb(218,192,192)	1.7852	None
MAFA	POM121L10P	-0.6468	39.625	-1.3E-01	rgb(189,200,222)	1.7752	None
PAX6	PRRT3	-0.6467	38.325	-3.2E-01	rgb(147,174,229)	1.7495	None
AEBP1	FHL1	0.6466	39.685	0.186	rgb(219,181,182)	1.7764	2,2
GATA2	RNF157-AS1	0.6465	35.94	0.438	rgb(222,133,134)	1.7022	None
LMX1B	TMEM132C	0.6464	38.14	0.14	rgb(219,190,191)	1.7458	None
NR4A3	CHRM4	0.64631	38.715	0.217	rgb(219,176,176)	1.7572	None
LMX1B	JAM3	0.64621	38.59	0.091	rgb(218,200,200)	1.7547	None
FOXD4L5	RASL11B	-0.64611	39.605	-1.1E-01	rgb(194,203,221)	1.7748	None
PBX3	TFCP2L1	0.64601	39.225	0.226	rgb(219,174,174)	1.7673	None
FOXD4L5	NEFM	0.64591	38.825	0.326	rgb(221,155,155)	1.7594	None
FOXD4L5	HERC2P4	0.64571	36.84	0.338	rgb(221,152,153)	1.72	None
MYSM1	AK097119	0.64571	36.84	0.34	rgb(221,152,153)	1.72	2,2
LHX1	SV2B	-0.64561	39.61	-1.1E-01	rgb(193,202,221)	1.7749	None
HMBOX1	AKT3	0.64551	39.8	0.3	rgb(220,160,160)	1.7787	None
ZNF846	SHISA9	0.64541	38.155	0.156	rgb(219,187,187)	1.7461	2,2
MYSM1	FW340027	0.64531	39.22	0.221	rgb(219,175,175)	1.7672	2,2
FOXD4L5	KIRREL3	0.64521	38.28	0.28	rgb(220,164,164)	1.7486	None
FOXA1	LINC00939	-0.64511	37.78	-2.8E-01	rgb(156,180,228)	1.7387	None
POU5F1	KCNMB3	-0.64501	38.505	-3.7E-03	rgb(216,217,217)	1.753	None
NR4A2	LIMS2	0.64482	36.325	0.323	rgb(221,155,156)	1.7098	None
TGIF2	SLC30A4	-0.64482	36.325	-3.2E-01	rgb(147,174,229)	1.7098	None
ZNF788	AX746734	0.64472	39.71	0.208	rgb(219,177,178)	1.7769	2,2
MAFA	RGS16	0.64462	36.78	0.281	rgb(220,163,164)	1.7188	None
LHX1	RTN4RL1	0.64452	39.86	0.358	rgb(221,149,149)	1.7799	None
FOXA1	SPDYE7P	-0.64442	38.775	-2.8E-01	rgb(157,180,228)	1.7584	None
ETS1	ENPP7	0.64422	39.78	0.278	rgb(220,164,164)	1.7783	None
FOXD4L5	SLC7A14	0.64422	38.69	0.188	rgb(219,181,181)	1.7567	None
GATA4	RGS5	-0.64412	39.555	-5.4E-02	rgb(205,210,219)	1.7738	None
FOXP2	NREP	0.64402	38.91	0.409	rgb(221,139,140)	1.761	None
ZFHX2	CCR6	0.64392	38.77	0.268	rgb(220,166,166)	1.7583	None
NKX6-1	SCGN	0.64372	39.76	0.261	rgb(220,167,168)	1.7779	None
ZNF514	AK125301	0.64372	39.76	0.262	rgb(220,167,167)	1.7779	2,2
ONECUT3	SFMBT2	0.64352	36.835	0.333	rgb(221,153,154)	1.7199	None
SIM1	LOC642366	0.64352	36.835	0.334	rgb(221,153,154)	1.7199	2,2
TEAD2	SMKR1	-0.64342	39.52	-1.9E-02	rgb(213,214,218)	1.7731	None
ZNF514	LOC100216546	0.64333	38.39	0.389	rgb(221,143,143)	1.7507	2,2
SMAD9	HSF2	-0.64313	38.8	-3.0E-01	rgb(152,178,228)	1.7589	None
SMAD9	ITGA7	-0.64313	39.89	-9.0E-02	rgb(197,205,220)	1.7805	None
ASCL1	TRPC7	0.64303	37.29	0.29	rgb(220,162,162)	1.7289	None
NKX6-1	ETV1	0.64283	39.685	0.184	rgb(219,182,182)	1.7764	None
TEAD1	ETV1	0.64283	36.32	0.322	rgb(221,156,156)	1.7097	None
SMAD9	CXXC4	0.64273	39.625	0.127	rgb(218,193,193)	1.7752	None
ZNF492	IFIT1	-0.64263	39.445	-4.4E-01	rgb(121,159,234)	1.7716	None
ETV1	CCDC74B	0.64253	35.43	0.428	rgb(222,135,136)	1.6921	None
RORC	KRTAP5-2	-0.64243	39.275	-2.7E-01	rgb(157,181,227)	1.7683	None
FEV	PODXL2	0.64233	38.295	0.294	rgb(220,161,161)	1.7489	None
NPAS3	FOXD4L5	0.64223	39.615	0.116	rgb(218,195,195)	1.775	2,2
ZFP28	CCDC74B	-0.64213	39.615	-1.2E-01	rgb(192,202,221)	1.775	None
EGR3	TMEM145	0.64203	39.68	0.179	rgb(219,183,183)	1.7763	None
PDX1	TMEM178B	0.64193	37.285	0.283	rgb(220,163,163)	1.7288	None
ZFHX2	ADAMTSL1	-0.64184	39.61	-1.1E-01	rgb(193,202,221)	1.7749	None
PAX4	LAPTM5	0.64174	38.355	0.355	rgb(221,149,150)	1.75	None
PRDM16	CEP290	0.64164	38.075	0.074	rgb(218,203,203)	1.7445	None
NEUROG3	LOC400891	0.64154	39.845	0.343	rgb(221,152,152)	1.7796	2,2
LMX1A	KL	0.64144	38.745	0.247	rgb(220,170,170)	1.7578	None
EGR3	MX1	0.64134	39.175	0.176	rgb(219,183,184)	1.7663	None
MAFB	NEFM	-0.64124	37.935	-4.3E-01	rgb(123,160,233)	1.7417	None
FOXA1	RPRML	0.64114	39.365	0.364	rgb(221,147,148)	1.7701	None
HOXB9	ELL2	0.64104	37.38	0.382	rgb(221,144,145)	1.7307	None
MAFA	CELF5	0.64094	39.785	0.283	rgb(220,163,164)	1.7784	None
MAFB	SYT5	0.64084	39.135	0.137	rgb(219,191,191)	1.7655	None
ARX	PRRT3	0.64064	39.255	0.254	rgb(220,168,169)	1.7679	None
ZNF492	WNT9A	0.64064	39.165	0.165	rgb(219,185,186)	1.7661	None
ELF4	DLL1	-0.64044	38.735	-2.4E-01	rgb(166,186,226)	1.7576	None
RORC	FZD4	-0.64044	38.825	-3.2E-01	rgb(147,174,229)	1.7594	None
ETV1	CALCOCO1	-0.64035	38.77	-2.7E-01	rgb(158,181,227)	1.7583	None
TFCP2L1	CSRNP3	0.64025	39.65	0.149	rgb(219,188,189)	1.7757	None
SIX2	SAP30	-0.64015	38.635	-1.4E-01	rgb(188,199,222)	1.7556	None
CCDC17	PCDH17	0.64005	35.92	0.42	rgb(222,137,138)	1.7018	2,2
ETV1	ZMYM2	0.63985	36.765	0.267	rgb(220,166,167)	1.7185	None
LHX1	FAM92B	-0.63985	36.765	-2.6E-01	rgb(160,182,227)	1.7185	None
LHX1	CREBRF	-0.63965	38.235	-2.4E-01	rgb(166,186,226)	1.7477	None
ZNF514	BC019672	0.63965	39.795	0.296	rgb(220,160,161)	1.7786	2,2
MLXIPL	MUC2	-0.63955	39.15	-1.5E-01	rgb(184,197,223)	1.7658	2,2
ZFHX2	LDHD	-0.63945	37.195	-1.9E-01	rgb(175,191,224)	1.7271	None
FOXD4L5	KCNAB2	-0.63935	39.84	-2.9E-01	rgb(154,179,228)	1.7795	None
PAX6	KTN1-AS1	0.63925	37.9	0.399	rgb(221,141,142)	1.741	None
SOX4	TPST2	0.63915	39.56	0.058	rgb(218,206,206)	1.7739	None
MAFB	CHRM4	0.63905	39.31	0.309	rgb(220,158,159)	1.769	None
EGR3	KCNIP3	-0.63886	39.22	-2.2E-01	rgb(169,188,225)	1.7672	None
PRDM16	PLAC4	0.63886	37.35	0.35	rgb(221,150,151)	1.7301	None
PBX3	CRIP2	-0.63876	35.915	-4.1E-01	rgb(127,162,233)	1.7017	None
PDX1	TUBB2B	0.63866	36.76	0.259	rgb(220,167,168)	1.7184	None
SMAD9	MUC17	0.63856	38.785	0.284	rgb(220,163,163)	1.7586	None
ONECUT3	ZFP62	-0.63846	37.705	-2.0E-01	rgb(173,190,225)	1.7372	None
HSF2	FSD1	-0.63836	38.22	-2.2E-01	rgb(170,188,225)	1.7474	None
ETV1	GREB1	0.63826	38.305	0.303	rgb(220,159,160)	1.7491	None
SMAD9	FAM167A	0.63816	37.18	0.181	rgb(219,182,183)	1.7268	None
ZFP82	GDF10	-0.63806	39.615	-1.2E-01	rgb(192,202,221)	1.775	None
E2F7	C1QL1	-0.63796	35.475	-4.8E-01	rgb(114,154,235)	1.693	None
HMBOX1	KCTD16	0.63786	37.7	0.202	rgb(219,178,179)	1.7371	None
LMX1B	RGS11	0.63776	39.1	0.1	rgb(218,198,198)	1.7648	None
ETV1	MAFB	0.63756	35.91	0.41	rgb(222,139,140)	1.7016	None
ZNF492	PRR5-ARHGAP8	0.63756	35.91	0.408	rgb(221,139,140)	1.7016	None
PROX1	CDHR1	0.63747	39.745	0.246	rgb(220,170,170)	1.7776	2,2
MAFA	DOK6	0.63737	39.34	0.34	rgb(221,152,153)	1.7696	None
ASCL1	ELAVL4	0.63727	38.69	0.188	rgb(219,181,181)	1.7567	None
PBX3	E2F7	0.63717	38.285	0.287	rgb(220,162,163)	1.7487	None
POU2F2	CFC1B	-0.63707	38.41	-4.1E-01	rgb(128,163,233)	1.7511	None
ZNF514	AX748292	0.63697	39.725	0.226	rgb(219,174,174)	1.7772	2,2
RFX6	LMX1A	0.63687	35.465	0.464	rgb(222,128,129)	1.6928	None
SPIB	GADD45A	0.63677	37.84	0.339	rgb(221,152,153)	1.7398	None
GATA4	GAP43	0.63667	36.815	0.317	rgb(220,156,157)	1.7195	None
MAFA	SYT14	0.63647	38.19	0.189	rgb(219,181,181)	1.7468	None
RORC	GALNT16	-0.63647	39.715	-2.1E-01	rgb(170,189,225)	1.777	None
NR4A3	LRRC37A	-0.63637	39.3	-3.0E-01	rgb(152,177,228)	1.7688	None
LHX1	TTLL10	0.63627	37.16	0.159	rgb(219,187,187)	1.7264	None
POU5F1	PCYT1B	0.63617	35.905	0.405	rgb(221,140,140)	1.7015	None
FOXA1	PKIA	0.63607	38.905	0.405	rgb(221,140,140)	1.7609	None
FOXJ1	PPP1R14A	-0.63588	39.385	-3.8E-01	rgb(134,166,232)	1.7705	None
TET1	AVPR1B	0.63588	39.645	0.147	rgb(219,189,189)	1.7756	None
HSF2	HSPA6	-0.63568	37.705	-2.0E-01	rgb(173,190,225)	1.7372	None
LHX1	CPNE9	-0.63568	37.705	-2.1E-01	rgb(172,190,225)	1.7372	None
TSHZ1	MINOS1-NBL1	0.63558	39.695	0.196	rgb(219,179,180)	1.7766	2,2
NEUROG3	TBC1D3C	0.63548	37.315	0.314	rgb(220,157,158)	1.7294	None
HLF	PRR5-ARHGAP8	0.63538	39.28	0.28	rgb(220,164,164)	1.7684	None
HOXB9	BCRP3	-0.63528	38.77	-2.7E-01	rgb(159,181,227)	1.7583	None
ARX	JMJD7-PLA2G4B	-0.63518	39.685	-1.8E-01	rgb(177,193,224)	1.7764	None
SPIB	DNAH14	-0.63508	37.31	-3.1E-01	rgb(150,176,229)	1.7293	None
HSF2	CSRNP3	-0.63498	37.675	-1.7E-01	rgb(179,194,224)	1.7366	None
HMBOX1	GPBAR1	-0.63488	37.815	-3.2E-01	rgb(148,175,229)	1.7394	None
SIX2	PDE2A	0.63478	38.23	0.231	rgb(220,173,173)	1.7476	None
GATA4	ATF6	0.63468	38.68	0.18	rgb(219,183,183)	1.7565	None
LHX1	DKK3	-0.63429	39.675	-1.8E-01	rgb(179,194,224)	1.7762	None
MAFA	CABP4	-0.63429	36.74	-2.4E-01	rgb(165,185,226)	1.7181	None
ZNF519	ZRANB2-AS1	0.63429	36.74	0.241	rgb(220,171,171)	1.7181	None
ZNF846	ZFP69B	0.63429	35.84	0.34	rgb(221,152,153)	1.7002	None
FOXD4L5	IGSF10	-0.63419	39.49	-1.1E-02	rgb(215,215,217)	1.7725	None
FOXA1	SDK1	0.63409	38.22	0.219	rgb(219,175,176)	1.7474	None
SIX2	MIR7-3HG	0.63399	36.805	0.304	rgb(220,159,160)	1.7193	None
MAFB	CCK	-0.63389	39.32	-3.2E-01	rgb(147,175,229)	1.7692	None
HLF	KCNQ1OT1	0.63369	38.615	0.113	rgb(218,195,196)	1.7552	None
MAFA	SPOCK3	0.63369	39.145	0.144	rgb(219,190,190)	1.7657	None
ASCL2	MBOAT4	-0.63359	39.605	-1.0E-01	rgb(194,203,221)	1.7748	None
HOXB9	GSTM2	0.63349	38.14	0.142	rgb(219,190,190)	1.7458	None
EGR3	G0S2	0.63329	38.305	0.305	rgb(220,159,159)	1.7491	None
ZFP82	FAT3	0.63329	38.305	0.304	rgb(220,159,160)	1.7491	None
FEV	GABRG2	0.63309	35.895	0.395	rgb(221,142,142)	1.7013	None
SPIB	ELAVL4	-0.63309	35.895	-3.9E-01	rgb(132,165,232)	1.7013	None
SPIB	PITRM1-AS1	-0.633	37.655	-1.6E-01	rgb(183,196,223)	1.7362	None
TFCP2L1	EIF4EBP1	0.6329	39.135	0.136	rgb(218,191,191)	1.7655	None
ELF4	SLC38A5	-0.6328	39.245	-2.5E-01	rgb(164,185,226)	1.7677	None
ARX	CLDN6	-0.6327	38.83	-3.3E-01	rgb(146,174,230)	1.7595	None
ZFHX2	KAL1	0.6326	39.24	0.24	rgb(220,171,172)	1.7676	2,2
LHX1	MCM3AP-AS1	0.6325	37.25	0.248	rgb(220,170,170)	1.7282	None
E2F7	SSPO	-0.6324	38.225	-2.3E-01	rgb(168,187,226)	1.7475	None
GATA2	CACNA1C	0.6322	35.835	0.333	rgb(221,153,154)	1.7001	None
NEUROD1	AKR1B1	0.6322	35.835	0.334	rgb(221,153,154)	1.7001	None
ZNF846	BC041025	-0.6321	38.21	-2.1E-01	rgb(171,189,225)	1.7472	2,2
LHX1	SULT2A1	0.632	39.585	0.083	rgb(218,201,201)	1.7744	None
ATF5	CR933660	0.6319	39.235	0.233	rgb(220,173,173)	1.7675	2,2
MAFA	GDF10	-0.6318	39.65	-1.5E-01	rgb(184,197,223)	1.7757	None
PRDM16	TAC3	0.6317	39.55	0.051	rgb(218,207,207)	1.7737	None
HSF2	ENPP2	-0.63151	39.545	-4.5E-02	rgb(207,211,219)	1.7736	None
TFCP2L1	SYN1	-0.63151	37.67	-1.7E-01	rgb(181,195,223)	1.7365	None
FOXJ1	LGR6	0.63131	39.19	0.189	rgb(219,181,181)	1.7666	None
LHX1	NTRK2	-0.63131	39.295	-2.9E-01	rgb(153,178,228)	1.7687	None
MAFA	TSPAN7	0.63121	37.64	0.139	rgb(219,190,191)	1.7359	None
ETS1	SEMA6B	0.63111	39.19	0.19	rgb(219,181,181)	1.7666	None
LHX1	SMAD9	0.63101	38.215	0.216	rgb(219,176,176)	1.7473	None
FEV	RUNDC3A	0.63091	38.785	0.283	rgb(220,163,163)	1.7586	None
ZNF846	SRSF12	0.63081	36.285	0.286	rgb(220,162,163)	1.709	None
MAFA	ATOH8	0.63071	37.665	0.167	rgb(219,185,186)	1.7364	None
GATA2	PRPH	0.63061	39.645	0.144	rgb(219,189,190)	1.7756	None
ZFHX2	REM2	-0.63051	37.015	-1.4E-02	rgb(214,215,218)	1.7235	None
ZNF846	CLSTN2	-0.63041	39.095	-9.6E-02	rgb(196,204,221)	1.7647	None
ZBTB25	FW340027	0.63031	39.605	0.103	rgb(218,197,197)	1.7748	2,2
ZNF519	PLAG1	0.63021	35.38	0.382	rgb(221,144,145)	1.6911	None
PBX3	NPTX1	0.63012	38.725	0.224	rgb(219,174,175)	1.7574	None
NEUROG3	RD3	-0.63002	39.22	-2.2E-01	rgb(169,188,225)	1.7672	None
HSF2	GPC2	0.62992	39.545	0.047	rgb(218,208,208)	1.7736	None
GATA4	RSAD2	0.62982	38.19	0.192	rgb(219,180,181)	1.7468	None
E2F7	WDR17	-0.62972	39.275	-2.8E-01	rgb(157,180,228)	1.7683	None
HSF2	CYP27C1	-0.62962	36.795	-3.0E-01	rgb(153,178,228)	1.7191	None
ZFP2	PCDHB10	0.62952	37.805	0.303	rgb(220,159,160)	1.7392	2,2
LMX1A	PYY	0.62942	34.945	0.446	rgb(222,132,133)	1.6825	None
SMAD9	TMEM132B	0.62932	39.615	0.113	rgb(218,195,196)	1.775	None
GATA4	DHRS2	0.62922	39.645	0.145	rgb(219,189,190)	1.7756	None
ZFP92	MICAL2	0.62912	37.8	0.298	rgb(220,160,161)	1.7391	None
LMX1B	CPA1	-0.62902	38.78	-2.8E-01	rgb(156,180,228)	1.7585	None
TFCP2L1	SMTNL2	-0.62892	39.605	-1.1E-01	rgb(194,203,221)	1.7748	None
ARNT2	SUSD4	0.62882	39.375	0.377	rgb(221,145,146)	1.7703	None
LHX1	AEBP1	-0.62872	39.58	-6.9E-02	rgb(202,208,220)	1.7743	None
SOX4	SPARC	0.62863	34.94	0.438	rgb(222,133,134)	1.6824	None
FOXD4L5	PLEKHH2	0.62843	39.58	0.081	rgb(218,201,202)	1.7743	None
TEAD1	CD300LF	0.62843	39.14	0.139	rgb(219,190,191)	1.7656	None
POU2F2	ZBTB4	0.62823	38.165	0.166	rgb(219,185,186)	1.7463	None
ZFP82	PALMD	-0.62823	39.615	-8.6E-02	rgb(198,206,220)	1.775	None
TEAD1	KCNH3	-0.62803	36.335	-3.4E-01	rgb(144,173,230)	1.71	None
TEAD2	LAMP3	-0.62803	36.335	-3.4E-01	rgb(144,172,230)	1.71	None
ETV1	CAMK1	0.62793	38.76	0.262	rgb(220,167,168)	1.7581	None
ETS1	CSF1R	0.62773	35.43	0.431	rgb(222,135,136)	1.6921	None
ZNF514	LOC90834	0.62773	39.395	0.393	rgb(221,142,143)	1.7707	2,2
NEUROG3	PDGFD	0.62763	37.26	0.261	rgb(220,167,168)	1.7284	None
TET1	KIAA1328	0.62753	37.75	0.248	rgb(220,170,170)	1.7381	None
GATA4	CAMKV	0.62743	39.17	0.172	rgb(219,184,184)	1.7662	None
MAFA	ZG16	0.62733	39.025	0.027	rgb(217,212,212)	1.7633	None
ASCL1	BAIAP3	0.62723	39.165	0.167	rgb(219,185,185)	1.7661	None
MAFA	KLB	0.62714	39.295	0.294	rgb(220,161,161)	1.7687	None
MAFB	FCAMR	0.62704	38.385	0.386	rgb(221,143,144)	1.7506	None
ONECUT3	TOX3	-0.62694	35.82	-3.2E-01	rgb(147,174,229)	1.6998	None
PDX1	SSBP2	0.62684	36.88	0.382	rgb(221,144,145)	1.7208	None
ZNF514	LOC728175	0.62674	39.285	0.286	rgb(220,162,163)	1.7685	2,2
ETS1	CR933660	-0.62664	39.155	-1.6E-01	rgb(183,196,223)	1.7659	2,2
PBX3	NAV3	0.62654	39.16	0.161	rgb(219,186,187)	1.766	None
EGR3	SMOC2	0.62644	39.15	0.15	rgb(219,188,189)	1.7658	None
ZNF788	COLQ	0.62634	38.845	0.344	rgb(221,151,152)	1.7598	2,2
RFX2	MAP1A	0.62624	37.41	0.41	rgb(222,139,139)	1.7313	None
GATA4	DEFB1	-0.62604	38.615	-1.2E-01	rgb(192,202,221)	1.7552	None
HSF2	CPT1C	-0.62604	36.78	-2.8E-01	rgb(156,180,228)	1.7188	None
ONECUT2	UNC80	0.62594	35.365	0.364	rgb(221,147,148)	1.6908	None
ARX	RUNX1T1	-0.62584	39.075	-7.4E-02	rgb(201,207,220)	1.7643	None
SIM1	KIAA2022	0.62574	35.875	0.375	rgb(221,145,146)	1.7009	2,2
GATA2	ZG16	0.62565	39.105	0.104	rgb(218,197,197)	1.7649	None
EGR3	NNMT	0.62555	39.27	0.271	rgb(220,165,166)	1.7682	None
PAX6	PODN	0.62545	38.13	0.13	rgb(218,192,192)	1.7456	None
PDX1	SULT1C2P1	-0.62535	38.25	-2.5E-01	rgb(163,184,227)	1.748	None
HSF2	KCNH3	-0.62515	39.05	-5.0E-02	rgb(206,210,219)	1.7638	None
LMX1B	ZG16	-0.62515	39.265	-2.7E-01	rgb(159,182,227)	1.7681	None
LMX1B	UCN3	0.62505	38.73	0.232	rgb(220,173,173)	1.7575	None
ZFP92	MEP1B	0.62495	38.085	0.084	rgb(218,201,201)	1.7447	None
ONECUT3	EBF3	0.62485	39.35	1.6E-05	rgb(217,217,217)	1.7698	None
NKX2-2	TMEM198	0.62475	37.41	0.409	rgb(222,139,140)	1.7313	None
GATA4	APOA1	-0.62455	39.035	-3.7E-02	rgb(209,212,218)	1.7635	None
PDX1	CCDC125	-0.62455	35.815	-3.2E-01	rgb(148,175,229)	1.6997	None
FEV	JAM3	0.62445	38.3	0.299	rgb(220,160,161)	1.749	None
EGR3	GATA6	0.62416	37.77	0.272	rgb(220,165,166)	1.7385	None
ONECUT2	SCG5	-0.62416	37.77	-2.7E-01	rgb(158,181,227)	1.7385	None
PAX6	RD3	-0.62416	37.77	-2.7E-01	rgb(158,181,227)	1.7385	None
MAFB	CCL19	0.62406	36.69	0.189	rgb(219,181,181)	1.7171	None
ONECUT1	ABCA9	0.62396	38.335	0.334	rgb(221,153,154)	1.7497	None
ONECUT2	PPP1R14A	-0.62386	38.635	-1.3E-01	rgb(188,199,222)	1.7556	None
ASCL2	TEKT2	0.62376	37.72	0.222	rgb(219,175,175)	1.7375	None
MAFB	PMFBP1	0.62366	38.33	0.33	rgb(221,154,155)	1.7496	None
ONECUT3	POU2F2	-0.62356	38.705	-2.0E-01	rgb(173,190,225)	1.757	None
PDX1	LTBP2	0.62336	37.765	0.266	rgb(220,166,167)	1.7384	None
PDX1	MDN1	0.62336	39.11	0.108	rgb(218,196,197)	1.765	None
HSF2	STK31	0.62326	35.36	0.362	rgb(221,148,149)	1.6907	None
HSF2	AKNA	-0.62316	39.195	-2.0E-01	rgb(174,191,224)	1.7667	None
HSF2	ARHGAP9	0.62296	35.87	0.372	rgb(221,146,147)	1.7008	None
SMAD9	CNR1	0.62296	35.87	0.37	rgb(221,146,147)	1.7008	None
EGR3	TMEM158	0.62267	36.84	0.341	rgb(221,152,153)	1.72	None
LHX1	REM2	-0.62267	35.415	-4.1E-01	rgb(127,162,233)	1.6918	None
TFCP2L1	USP41	0.62267	35.415	0.414	rgb(222,138,139)	1.6918	None
FOXD4L5	GAN	0.62247	38.315	0.316	rgb(220,157,157)	1.7493	None
NEUROG3	NTS	0.62247	37.205	0.204	rgb(219,178,178)	1.7273	None
MYSM1	DQ586822	0.62237	39.08	0.081	rgb(218,201,202)	1.7644	2,2
ETS1	CFC1	-0.62227	38.61	-1.1E-01	rgb(193,202,221)	1.7551	None
FOXD4L5	SRCIN1	0.62217	39.175	0.174	rgb(219,184,184)	1.7663	None
LHX1	SRRM3	-0.62207	35.81	-3.1E-01	rgb(150,176,229)	1.6996	None
CSRNP3	AL831889	0.62197	39.235	0.233	rgb(220,172,173)	1.7675	2,2
E2F7	SPEG	-0.62187	37.38	-3.8E-01	rgb(135,167,231)	1.7307	None
TFCP2L1	MAST1	0.62177	38.02	0.018	rgb(217,214,214)	1.7434	None
GATA2	SAMD11	0.62167	36.255	0.253	rgb(220,169,169)	1.7084	None
PDX1	AIF1	-0.62157	38.78	-2.8E-01	rgb(156,180,228)	1.7585	None
PROX1	AK125437	0.62147	39.215	0.214	rgb(219,176,177)	1.7671	2,2
HSF2	FAM71E2	-0.62137	38.22	-2.2E-01	rgb(169,188,225)	1.7474	None
E2F7	ELF4	-0.62128	38.84	-3.4E-01	rgb(143,172,230)	1.7597	None
EGR3	SSPO	-0.62118	39.105	-1.1E-01	rgb(194,203,221)	1.7649	None
ETS1	ATP6V1B1	-0.62108	34.91	-4.1E-01	rgb(128,163,233)	1.6818	None
ONECUT3	ADNP	-0.62098	39.25	-2.5E-01	rgb(163,184,226)	1.7678	None
EGR3	TAC3	-0.62088	37.35	-3.5E-01	rgb(141,171,230)	1.7301	None
SOX4	DSCAML1	0.62078	36.83	0.329	rgb(221,154,155)	1.7198	None
ETV1	CLGN	0.62068	38.825	0.323	rgb(221,155,156)	1.7594	None
GATA2	SSPO	0.62048	37.215	0.213	rgb(219,176,177)	1.7275	None
PBX3	CPLX1	0.62048	38.21	0.21	rgb(219,177,177)	1.7472	None
SMAD9	MAGED4	0.62038	39.005	0.004	rgb(217,216,216)	1.7629	None
GATA4	SH3TC2	-0.62028	39.09	-8.9E-02	rgb(198,205,220)	1.7646	None
ZFHX2	ATF6	0.62018	39.195	0.193	rgb(219,180,180)	1.7667	None
NR4A2	ID2	0.62008	36.66	0.162	rgb(219,186,186)	1.7165	None
MAFA	SCG5	0.61998	39.075	0.074	rgb(218,203,203)	1.7643	None
MAFF	ZFP82	-0.61988	36.315	-3.2E-01	rgb(149,175,229)	1.7096	None
TEAD2	CACNG6	0.61979	38.875	0.377	rgb(221,145,146)	1.7604	None
ETS1	CACNG7	-0.61969	38.67	-1.7E-01	rgb(180,195,223)	1.7563	None
FOXD4L5	RRAGD	0.61949	38.745	0.243	rgb(220,171,171)	1.7578	None
TEAD2	HMGB3	0.61949	39.06	0.058	rgb(218,206,206)	1.764	None
ELF4	GPC6	0.61939	39.22	0.22	rgb(219,175,175)	1.7672	None
ARX	PAPPA2	0.61919	38.275	0.276	rgb(220,164,165)	1.7485	None
HIC1	CCDC146	-0.61919	37.185	-1.8E-01	rgb(177,193,224)	1.7269	None
RFX6	CNTN3	-0.61909	37.2	-2.0E-01	rgb(173,190,225)	1.7272	None
HSF2	SCN1B	0.61899	38.79	0.29	rgb(220,162,162)	1.7587	None
HSF2	PTPN22	-0.61889	36.65	-1.5E-01	rgb(184,197,223)	1.7163	None
ETS1	TMEM158	0.61869	37.345	0.346	rgb(221,151,152)	1.73	None
PAX6	SLC25A34	-0.61869	37.345	-3.4E-01	rgb(143,172,230)	1.73	None
ZNF519	NALCN	-0.61859	38.335	-3.4E-01	rgb(144,173,230)	1.7497	None
E2F7	SVOP	-0.61849	38.8	-3.0E-01	rgb(152,178,228)	1.7589	None
FOXD4L5	USP32P2	0.6183	37.855	0.355	rgb(221,149,150)	1.7401	None
TFCP2L1	ZNF853	0.6183	37.855	0.356	rgb(221,149,150)	1.7401	None
LHX1	LRFN2	-0.6181	37.835	-3.3E-01	rgb(145,173,230)	1.7397	None
SIX2	SPP1	-0.6181	35.86	-3.6E-01	rgb(139,170,231)	1.7006	None
ELF4	FOXA2	-0.618	38.375	-3.8E-01	rgb(136,167,231)	1.7504	None
SMAD9	CAMK2N2	0.6179	37.76	0.262	rgb(220,167,168)	1.7383	None
SIX2	PAPPA2	0.6178	39.115	0.113	rgb(218,195,196)	1.7651	None
GATA4	UCKL1-AS1	-0.6177	38.775	-2.8E-01	rgb(157,181,227)	1.7584	None
LHX1	ENPP7	-0.6176	39.01	-9.8E-03	rgb(215,216,217)	1.763	None
HSF2	MBOAT4	-0.6175	39.11	-1.1E-01	rgb(193,202,221)	1.765	None
AKNA	BC007880	-0.6173	38.645	-1.4E-01	rgb(186,198,222)	1.7558	2,2
TFCP2L1	UCP2	0.6173	36.31	0.311	rgb(220,158,158)	1.7095	None
HIC1	CCDC78	0.617	39.255	0.253	rgb(220,169,169)	1.7679	None
LMX1B	DRD2	0.617	37.82	0.318	rgb(220,156,157)	1.7394	None
ZNF382	MAPK10	-0.617	38.835	-3.3E-01	rgb(145,173,230)	1.7596	None
NHLH1	MAST1	-0.61691	38.73	-2.3E-01	rgb(167,186,226)	1.7575	None
FOXD4L5	CBFA2T3	-0.61681	38.78	-2.8E-01	rgb(156,180,228)	1.7585	None
FOXJ1	PKIA	-0.61671	36.63	-1.3E-01	rgb(189,200,222)	1.7159	None
MAFA	SIRPA	0.61661	39.11	0.11	rgb(218,196,196)	1.765	None
DPF3	LIMS2	-0.61651	38.16	-1.6E-01	rgb(182,196,223)	1.7462	None
ZNF492	ENPP1	0.61641	37.81	0.308	rgb(220,158,159)	1.7393	None
SIX2	RAB26	-0.61631	35.855	-3.6E-01	rgb(139,170,231)	1.7005	None
GATA6	CHL1	0.61621	39.085	0.087	rgb(218,200,201)	1.7645	None
SOX4	GGT5	0.61611	38.63	0.13	rgb(218,192,192)	1.7555	None
ARNT2	KCNJ2	-0.61581	37.7	-2.0E-01	rgb(174,191,225)	1.7371	None
LMX1A	SFRP1	-0.61581	38.705	-2.0E-01	rgb(173,190,225)	1.757	None
POU2F2	UCN3	-0.61581	38.705	-2.0E-01	rgb(173,190,225)	1.757	None
EGR3	HMGB3	0.61561	39.075	0.077	rgb(218,202,202)	1.7643	None
SOX4	SLC1A2	0.61561	37.295	0.295	rgb(220,161,161)	1.729	None
LMX1B	NAALADL1	-0.61551	39.14	-1.4E-01	rgb(187,199,222)	1.7656	None
GATA2	GCG	0.61542	37.61	0.109	rgb(218,196,196)	1.7353	None
TGIF2	PGA5	0.61532	34.955	0.455	rgb(222,130,131)	1.6827	None
ETV1	NTRK1	-0.61512	38.2	-2.0E-01	rgb(173,191,225)	1.747	None
FOXD4L5	FAM13A-AS1	0.61512	37.17	0.172	rgb(219,184,185)	1.7266	None
ZFP28	ARHGAP9	-0.61502	37.605	-1.0E-01	rgb(194,203,221)	1.7352	None
PDX1	SCGN	0.61492	38.24	0.238	rgb(220,172,172)	1.7478	None
ZNF846	IFIT1	-0.61482	37.785	-2.8E-01	rgb(155,180,228)	1.7388	None
HEYL	NOXO1	0.61462	35.395	0.395	rgb(221,141,142)	1.6914	None
ZNF514	BC022892	0.61462	39.16	0.158	rgb(219,187,187)	1.766	2,2
FOXD4L5	MYSM1	0.61452	38.32	0.319	rgb(221,156,157)	1.7494	None
SOX4	KCNIP3	-0.61442	37.69	-1.9E-01	rgb(176,192,224)	1.7369	None
HSF2	GTF2IRD1P1	0.61432	37.14	0.138	rgb(219,191,191)	1.726	None
ARX	NALCN	-0.61422	38.8	-3.0E-01	rgb(152,178,228)	1.7589	None
HSF2	PBOV1	0.61402	39.15	0.151	rgb(219,188,188)	1.7658	None
PDX1	LMO3	-0.61402	37.685	-1.8E-01	rgb(177,193,224)	1.7368	None
ZNF846	BLMH	-0.61393	34.47	-4.7E-01	rgb(115,155,235)	1.6731	None
FOXJ1	TMPRSS11E	-0.61373	34.95	-4.5E-01	rgb(120,158,234)	1.6826	None
NEUROG3	CDHR1	0.61373	34.95	0.449	rgb(222,131,132)	1.6826	None
NKX2-2	CLCA1	0.61363	38.675	0.173	rgb(219,184,184)	1.7564	None
NR4A2	ARL4D	0.61353	38.715	0.213	rgb(219,176,177)	1.7572	None
HLF	AIF1	-0.61343	37.28	-2.8E-01	rgb(156,180,228)	1.7287	None
HOXB9	SLC6A16	-0.61333	37.765	-2.6E-01	rgb(160,182,227)	1.7384	None
HSF2	SEZ6	-0.61313	36.74	-2.4E-01	rgb(164,185,226)	1.7181	None
POU5F1	MEX3A	0.61313	36.74	0.242	rgb(220,171,171)	1.7181	None
POU5F1	UBE2S	0.61303	38.885	0.383	rgb(221,144,145)	1.7606	None
PDX1	RASAL1	-0.61293	38.87	-3.7E-01	rgb(136,168,231)	1.7603	None
FOXD4L5	STMND1	-0.61283	36.22	-2.2E-01	rgb(170,188,225)	1.7077	None
PBX3	FOXA2	0.61273	37.66	0.16	rgb(219,186,187)	1.7363	None
ETS1	OLFML2B	0.61263	36.735	0.235	rgb(220,172,173)	1.718	None
LHX1	CYMP	-0.61253	38.755	-2.5E-01	rgb(162,184,227)	1.758	None
ZNF519	NAALADL1	0.61244	38.205	0.205	rgb(219,178,178)	1.7471	None
LMX1B	SCG3	0.61234	36.215	0.215	rgb(219,176,176)	1.7076	None
ZFP62	MAGEA5	0.61224	38.845	0.345	rgb(221,151,152)	1.7598	2,2
PDX1	MCM3AP-AS1	-0.61214	38.275	-2.8E-01	rgb(157,180,228)	1.7485	None
GATA6	TMEM178B	-0.61204	38.16	-1.6E-01	rgb(182,196,223)	1.7462	None
HIF1A	MAML3	0.61194	37.68	0.179	rgb(219,183,183)	1.7367	None
MAFA	PMFBP1	-0.61184	38.75	-2.5E-01	rgb(163,184,226)	1.7579	None
MAFB	SYT14	-0.61174	39.11	-1.1E-01	rgb(193,202,221)	1.765	None
FOXA1	CTTNBP2	0.61154	38.245	0.243	rgb(220,171,171)	1.7479	None
HSF2	TTR	0.61154	38.245	0.246	rgb(220,170,171)	1.7479	None
E2F7	ATP6V1B1	-0.61144	35.385	-3.9E-01	rgb(133,166,232)	1.6912	None
RORC	CITED2	0.61134	39.055	0.053	rgb(218,207,207)	1.7639	None
ETV1	SPP1	-0.61114	38.24	-2.4E-01	rgb(165,185,226)	1.7478	None
PAX6	BTBD17	-0.61114	37.77	-2.7E-01	rgb(158,181,227)	1.7385	None
SOX4	GRIK5	-0.61095	38.795	-3.0E-01	rgb(153,178,228)	1.7588	None
ZNF514	AK095546	0.61095	38.68	0.178	rgb(219,183,183)	1.7565	2,2
FOXD4L5	VCAN	0.61085	38.355	0.356	rgb(221,149,150)	1.75	None
FOXD4L5	SMARCD2	-0.61075	38.895	-3.9E-01	rgb(132,165,232)	1.7607	None
EGR3	TMPRSS6	0.61065	38.615	0.117	rgb(218,195,195)	1.7552	None
LHX1	CSRNP3	-0.61055	37.63	-1.3E-01	rgb(189,200,222)	1.7357	None
TFCP2L1	HMGB3	0.61045	38.185	0.187	rgb(219,181,182)	1.7467	None
GATA4	USP41	0.61025	37.665	0.167	rgb(219,185,185)	1.7364	None
RORC	OLFML2B	0.61025	35.775	0.276	rgb(220,164,165)	1.6989	None
SIX2	TPGS1	0.61005	38.14	0.138	rgb(219,191,191)	1.7458	None
TEAD1	NHLH1	-0.61005	37.765	-2.6E-01	rgb(160,182,227)	1.7384	None
GATA4	RCOR3	-0.60995	36.285	-2.8E-01	rgb(155,180,228)	1.709	None
HSF2	GCG	-0.60985	36.725	-2.3E-01	rgb(168,187,226)	1.7178	None
SOX4	PDGFD	-0.60975	38.335	-3.4E-01	rgb(144,173,230)	1.7497	None
SOX4	SSTR2	0.60965	38.685	0.185	rgb(219,182,182)	1.7566	None
RFX3	KCNJ6	0.60956	38.335	0.336	rgb(221,153,154)	1.7497	None
GATA4	FIGNL2	-0.60946	35.38	-3.8E-01	rgb(135,167,231)	1.6911	None
ZNF382	LGR6	-0.60936	38.245	-2.4E-01	rgb(164,185,226)	1.7479	None
ONECUT1	ARL4D	-0.60926	37.58	-8.1E-02	rgb(200,206,220)	1.7347	None
SIX2	EXOSC4	-0.60916	37.275	-2.8E-01	rgb(157,181,227)	1.7287	None
ONECUT3	ATF7IP	-0.60906	38.655	-1.6E-01	rgb(183,196,223)	1.756	None
EGR3	CORO2B	-0.60896	38.715	-2.2E-01	rgb(170,189,225)	1.7572	None
TEAD1	ITPR1	-0.60886	38.825	-3.3E-01	rgb(146,174,229)	1.7594	None
MAFB	SCT	-0.60876	35.835	-3.3E-01	rgb(144,173,230)	1.7001	None
TFCP2L1	OLFML3	-0.60866	39.075	-7.6E-02	rgb(201,207,220)	1.7643	None
RORC	DZIP1	-0.60846	34.93	-4.3E-01	rgb(123,160,233)	1.6822	None
ZFHX2	ZDHHC11	-0.60846	36.74	-2.4E-01	rgb(165,185,226)	1.7181	None
ZNF846	SLC12A5	-0.60836	38.7	-2.0E-01	rgb(174,191,225)	1.7569	None
NR4A2	COLQ	-0.60826	37.27	-2.7E-01	rgb(158,181,227)	1.7286	None
ETS1	H1FX-AS1	-0.60816	38.695	-2.0E-01	rgb(174,191,224)	1.7568	None
TFCP2L1	IFIT1	0.60807	36.19	0.19	rgb(219,181,181)	1.7072	None
FEV	STMN3	0.60797	38.895	0.394	rgb(221,142,143)	1.7607	None
GATA2	AMBP	0.60787	34.435	0.436	rgb(222,134,135)	1.6724	None
ELF4	FER1L6-AS1	0.60777	38.29	0.291	rgb(220,161,162)	1.7488	None
MAFA	KIRREL3	0.60767	38.755	0.257	rgb(220,168,169)	1.758	None
MAFB	RPS6KL1	0.60747	38.205	0.204	rgb(219,178,178)	1.7471	None
SPIB	PTHLH	0.60747	36.71	0.208	rgb(219,177,178)	1.7175	None
HIF1A	NREP	-0.60737	36.88	-3.8E-01	rgb(134,167,231)	1.7208	None
PBX3	MSI1	0.60717	36.275	0.276	rgb(220,164,165)	1.7088	None
RORC	MYEF2	-0.60717	36.275	-2.7E-01	rgb(157,181,227)	1.7088	None
MAFB	GIP	-0.60707	37.405	-4.1E-01	rgb(129,163,232)	1.7312	None
HOXB9	PAPPA2	0.60697	35.83	0.33	rgb(221,154,155)	1.7	None
HSF2	ARL9	0.60687	36.18	0.182	rgb(219,182,183)	1.707	None
PDX1	SMAD9	0.60677	38.775	0.277	rgb(220,164,165)	1.7584	None
ELF4	MAFF	0.60658	38.27	0.27	rgb(220,165,166)	1.7484	None
TEAD2	ABCC4	0.60658	37.725	0.224	rgb(219,174,175)	1.7376	None
TEAD2	PKIA	-0.60648	38.74	-2.4E-01	rgb(165,186,226)	1.7577	None
ZNF846	HMGB3	-0.60638	37.765	-2.7E-01	rgb(159,182,227)	1.7384	None
MAFB	PALMD	0.60628	38.265	0.265	rgb(220,166,167)	1.7483	None
RFX3	GRIN1	-0.60618	37.795	-3.0E-01	rgb(153,178,228)	1.739	None
PDX1	H1FX-AS1	0.60608	37.29	0.288	rgb(220,162,163)	1.7289	None
HSF2	STMN2	-0.60598	38.625	-1.3E-01	rgb(189,200,222)	1.7554	None
RORC	SLC12A5	-0.60588	38.765	-2.7E-01	rgb(159,182,227)	1.7582	None
PRDM16	TMEM151B	0.60578	37.9	0.402	rgb(221,140,141)	1.741	None
TEAD1	ANKFN1	0.60568	36.27	0.269	rgb(220,166,166)	1.7087	None
ELF4	DPYSL4	-0.60548	38.51	-1.0E-02	rgb(215,216,217)	1.7531	None
ZFP69B	TMEM178B	0.60548	34.86	0.362	rgb(221,148,149)	1.6808	None
ZNF514	FLJ00278	0.60538	38.66	0.159	rgb(219,187,187)	1.7561	2,2
NFAT5	ADCY1	-0.60528	38.04	-4.1E-02	rgb(208,212,219)	1.7438	None
POU5F1	CNGA4	0.60518	36.71	0.21	rgb(219,177,177)	1.7175	None
SOX4	FGF17	-0.60509	38.19	-1.9E-01	rgb(175,192,224)	1.7468	None
ZFP82	SEZ6L	0.60499	38.17	0.168	rgb(219,185,185)	1.7464	None
TEAD2	FOXA1	0.60489	37.275	0.275	rgb(220,165,165)	1.7287	None
RORC	CAMK1	-0.60479	37.74	-2.4E-01	rgb(165,185,226)	1.7379	None
HMBOX1	ARHGAP22	-0.60469	38.655	-1.6E-01	rgb(183,196,223)	1.756	None
CCDC17	AX747175	0.60459	37.775	0.273	rgb(220,165,165)	1.7386	2,2
ONECUT2	AKR1B1	-0.60449	36.69	-1.9E-01	rgb(176,192,224)	1.7171	None
ZFP28	RPS15AP10	0.60439	38.355	0.353	rgb(221,150,150)	1.75	None
FOXA1	COL14A1	-0.60429	38.645	-1.4E-01	rgb(186,198,222)	1.7558	None
GATA4	USP32P2	-0.60419	36.86	-3.6E-01	rgb(139,170,231)	1.7204	None
FOXD4L5	KCNJ2	0.60409	38.3	0.299	rgb(220,160,160)	1.749	None
CSRNP3	SUCNR1	0.60399	38.685	0.184	rgb(219,182,182)	1.7566	2,2
NR4A2	LRIG1	-0.60389	37.37	-3.7E-01	rgb(136,168,231)	1.7305	None
RFX6	MMP2	0.60379	35.365	0.363	rgb(221,148,148)	1.6908	None
SIX2	CRYBA2	0.60369	38.595	0.097	rgb(218,199,199)	1.7548	None
LMX1B	PTCH1	0.6036	37.23	0.232	rgb(220,173,173)	1.7278	None
ASCL2	H1FX-AS1	0.6034	36.7	0.202	rgb(219,178,179)	1.7173	None
TFCP2L1	RTEL1	0.6034	37.765	0.264	rgb(220,167,167)	1.7384	None
RFX6	MAPK4	0.6033	34.855	0.356	rgb(221,149,150)	1.6807	None
SMAD9	PRRT2	-0.6032	38.635	-1.4E-01	rgb(187,199,222)	1.7556	None
SETBP1	HIST2H2BF	0.6031	38.69	0.188	rgb(219,181,181)	1.7567	2,2
PBX3	SFRP1	0.603	35.82	0.322	rgb(221,156,156)	1.6998	None
MAFA	POU6F1	-0.6029	36.15	-1.5E-01	rgb(184,197,223)	1.7064	None
TFCP2L1	NEUROD1	-0.6027	35.75	-2.5E-01	rgb(162,184,227)	1.6984	None
ZNF883	SH3TC2	0.6027	35.75	0.249	rgb(220,169,170)	1.6984	None
ZFP28	SCN2A	0.6026	37.76	0.261	rgb(220,167,168)	1.7383	None
NR4A3	INSRR	0.6025	37.625	0.127	rgb(218,193,193)	1.7356	None
ADNP	WBSCR27	-0.6024	37.72	-2.2E-01	rgb(169,188,225)	1.7375	2,2
LHX1	OSBPL6	-0.60221	34.91	-4.1E-01	rgb(128,163,233)	1.6818	None
POU5F1	TFPI2	0.60221	34.91	0.409	rgb(222,139,140)	1.6818	None
LHX1	ACTL6B	-0.60211	38.22	-2.2E-01	rgb(169,188,225)	1.7474	None
RFX2	HSPA12A	0.60201	37.22	0.222	rgb(219,175,175)	1.7276	None
EGR3	RBP1	0.60191	37.25	0.249	rgb(220,169,170)	1.7282	None
EGR3	KTN1-AS1	0.60181	38.275	0.275	rgb(220,165,165)	1.7485	None
LMX1B	WDR17	0.60161	37.16	0.16	rgb(219,186,187)	1.7264	None
NHLH1	C2CD4A	0.60161	37.16	0.158	rgb(219,187,187)	1.7264	None
LHX1	ARL9	0.60121	38.555	0.055	rgb(218,206,207)	1.754	None
LMX1A	HCP5	0.60121	35.305	0.304	rgb(220,159,160)	1.6896	None
MAFB	RASD1	0.60121	35.305	0.304	rgb(220,159,159)	1.6896	None
PAX6	GALNT16	0.60121	35.305	0.307	rgb(220,158,159)	1.6896	None
MAFB	OR51E1	0.60111	36.13	0.131	rgb(218,192,192)	1.706	None
MYT1	DCX	0.60091	35.36	0.358	rgb(221,149,149)	1.6907	2,2
SOX4	FGF14	-0.60091	35.36	-3.6E-01	rgb(139,169,231)	1.6907	None
FOXD4L5	CRISPLD2	-0.60081	37.325	-3.2E-01	rgb(147,174,229)	1.7296	None
LHX1	NR2F2-AS1	0.60072	38.205	0.204	rgb(219,178,178)	1.7471	None
MAFF	LSAMP	-0.60062	37.235	-2.3E-01	rgb(166,186,226)	1.7279	None
ONECUT3	C7	0.60052	38.725	0.226	rgb(219,174,174)	1.7574	None
TGIF2	CLGN	0.60042	37.315	0.313	rgb(220,157,158)	1.7294	None
ZNF846	FAM155B	-0.60032	38.525	-2.6E-02	rgb(211,214,218)	1.7534	None
ZNF117	LOC202181	0.60022	36.115	0.117	rgb(218,195,195)	1.7057	2,2
FEV	PLAG1	-0.60012	37.74	-2.4E-01	rgb(165,185,226)	1.7379	None
FOXD4L5	MAFB	0.60002	38.505	0.005	rgb(217,216,216)	1.753	None
HSF2	IGSF21	-0.59992	37.795	-3.0E-01	rgb(153,178,228)	1.739	None
HSF2	SLC35F3	-0.59982	38.245	-2.5E-01	rgb(163,184,226)	1.7479	None
GATA4	FAIM2	-0.59972	37.73	-2.3E-01	rgb(168,187,226)	1.7377	None
POU2F2	DEFB1	0.59962	38.575	0.076	rgb(218,202,203)	1.7544	None
FOXD4L5	AMPH	0.59952	38.695	0.196	rgb(219,180,180)	1.7568	None
SOX4	SH3RF3-AS1	0.59942	37.68	0.181	rgb(219,183,183)	1.7367	None
AEBP1	FLJ35024	0.59923	38.29	0.289	rgb(220,162,162)	1.7488	2,2
EGR3	JMJD1C-AS1	-0.59923	34.845	-3.5E-01	rgb(142,171,230)	1.6805	None
PAX6	ACTN3	-0.59913	38.655	-1.6E-01	rgb(183,197,223)	1.756	None
ONECUT3	EGFR	0.59903	37.775	0.274	rgb(220,165,165)	1.7386	None
PAX6	KIF19	0.59893	38.285	0.285	rgb(220,162,163)	1.7487	None
GATA4	SLC38A3	-0.59883	37.28	-2.8E-01	rgb(156,180,228)	1.7287	None
TFCP2L1	SEZ6L	-0.59873	38.095	-9.3E-02	rgb(197,205,221)	1.7449	None
FOXD4L5	CCDC125	0.59863	38.28	0.281	rgb(220,163,164)	1.7486	None
LHX1	ACSL6	-0.59853	35.35	-3.5E-01	rgb(141,171,230)	1.6905	None
ASCL2	EID2	-0.59843	38.675	-1.7E-01	rgb(179,194,224)	1.7564	None
EGR3	MATN2	0.59813	37.035	0.033	rgb(217,211,211)	1.7239	None
FEV	PPP1R1A	0.59813	34.395	0.396	rgb(221,141,142)	1.6716	None
LHX1	UCP2	-0.59813	38.21	-2.1E-01	rgb(172,189,225)	1.7472	None
ZNF382	TRPM3	-0.59803	36.81	-3.1E-01	rgb(149,176,229)	1.7194	None
HSF2	GIP	-0.59793	37.705	-2.1E-01	rgb(172,190,225)	1.7372	None
ASCL2	ACTN3	0.59764	37.53	0.031	rgb(217,211,211)	1.7337	None
EGR3	HOXB9	0.59764	38.235	0.234	rgb(220,172,173)	1.7477	2,2
ETS1	HCP5	-0.59764	37.79	-2.9E-01	rgb(154,179,228)	1.7389	None
SIX2	LRRC49	-0.59754	38.585	-8.5E-02	rgb(199,206,220)	1.7546	None
EGR3	FUT7	0.59744	36.805	0.304	rgb(220,159,160)	1.7193	None
FOXA2	RSPH10B2	-0.59734	36.605	-1.1E-01	rgb(194,203,221)	1.7154	None
EGR3	CALCOCO1	-0.59724	36.27	-2.7E-01	rgb(159,182,227)	1.7087	None
FOXA1	NEK10	0.59714	37.43	0.431	rgb(222,135,136)	1.7317	None
HES4	LRRC37A	-0.59704	37.255	-2.5E-01	rgb(162,184,227)	1.7283	None
CCDC17	KIAA0931	0.59694	38.12	0.122	rgb(218,194,194)	1.7454	2,2
EGR3	YPEL4	0.59684	37.775	0.273	rgb(220,165,165)	1.7386	None
GATA4	ATP8B2	-0.59674	38.22	-2.2E-01	rgb(169,188,225)	1.7474	None
TP73	TUB	-0.59664	38.19	-1.9E-01	rgb(175,192,224)	1.7468	None
ZFHX2	BASP1	0.59654	35.72	0.218	rgb(219,175,176)	1.6978	None
RFX3	MAGEA5	-0.59644	37.38	-3.8E-01	rgb(135,167,231)	1.7307	2,2
POU5F1	CCDC181	0.59634	38.605	0.103	rgb(218,197,197)	1.755	None
MAFB	LMO3	-0.59625	37.37	-3.7E-01	rgb(137,168,231)	1.7305	None
ELF4	RPS3	-0.59605	36.26	-2.6E-01	rgb(160,182,227)	1.7085	None
ZFP82	FAM171B	0.59605	36.26	0.262	rgb(220,167,168)	1.7085	None
TP73	SLC25A34	0.59595	38.635	0.135	rgb(218,191,191)	1.7556	None
NEUROD1	KCNIP3	0.59585	33.98	0.479	rgb(222,126,127)	1.6634	None
NHLH1	RFX6	0.59575	38.12	0.119	rgb(218,194,194)	1.7454	None
ETS1	MEP1B	0.59565	37.855	0.354	rgb(221,149,150)	1.7401	None
HMBOX1	HEY1	-0.59555	37.85	-3.5E-01	rgb(141,171,230)	1.74	None
CCDC17	AK125727	0.59545	38.625	0.124	rgb(218,193,194)	1.7554	2,2
MAFA	SPDYA	0.59535	38.575	0.073	rgb(218,203,203)	1.7544	None
ETV1	VGF	0.59525	35.795	0.297	rgb(220,160,161)	1.6993	None
E2F7	SNAP25	-0.59505	34.445	-4.4E-01	rgb(121,159,234)	1.6726	None
MAFA	TAF9B	0.59505	34.445	0.446	rgb(222,132,133)	1.6726	None
GATA4	SLC7A4	-0.59495	36.23	-2.3E-01	rgb(167,187,226)	1.7079	None
AKNA	TBC1D3C	-0.59485	38.625	-1.3E-01	rgb(190,200,222)	1.7554	2,2
TGIF2	SPP1	-0.59476	38.5	-9.9E-04	rgb(217,217,217)	1.7529	None
EGR3	ARL9	-0.59466	38.62	-1.2E-01	rgb(191,201,222)	1.7553	None
SOX4	RET	-0.59456	37.35	-3.5E-01	rgb(141,171,230)	1.7301	None
SOX4	FAM126A	0.59446	33.97	0.47	rgb(222,127,128)	1.6632	None
HSF2	VOPP1	-0.59436	37.725	-2.2E-01	rgb(168,187,226)	1.7376	None
ARX	PODXL2	-0.59426	38.16	-1.6E-01	rgb(182,196,223)	1.7462	None
TEAD1	LCP1	-0.59416	37.34	-3.4E-01	rgb(143,172,230)	1.7299	None
FOXA1	GALNT16	0.59406	37.14	0.142	rgb(219,190,190)	1.726	None
LMX1B	BCL2	0.59386	36.44	0.441	rgb(222,133,134)	1.7121	None
PBX1	CBX7	0.59386	38.61	0.109	rgb(218,196,196)	1.7551	None
ONECUT1	CCDC14	0.59376	38.235	0.233	rgb(220,173,173)	1.7477	None
TEAD2	SOCS1	0.59366	37.22	0.221	rgb(219,175,175)	1.7276	None
MAFF	APBB2	-0.59346	34.38	-3.8E-01	rgb(134,167,231)	1.6713	None
TFCP2L1	P2RX6	-0.59346	36.415	-4.2E-01	rgb(127,162,233)	1.7116	None
GATA4	GLYATL3	0.59337	34.885	0.387	rgb(221,143,144)	1.6813	None
TGIF2	TMPRSS11E	-0.59327	38.6	-9.8E-02	rgb(196,204,221)	1.7549	None
FOXD4L5	CSRNP3	0.59307	37.64	0.139	rgb(219,190,191)	1.7359	None
PRDM16	CAMK2N2	-0.59307	36.73	-2.3E-01	rgb(167,187,226)	1.7179	None
ZFP28	CSH1	-0.59297	35.705	-2.0E-01	rgb(173,190,225)	1.6975	None
MAFF	ELF4	0.59287	36.83	0.329	rgb(221,154,155)	1.7198	None
SOX4	NEUROD2	0.59277	37.735	0.234	rgb(220,172,173)	1.7378	None
NPAS3	AFF2	0.59267	37.625	0.123	rgb(218,193,194)	1.7356	2,2
HSF2	BCRP3	0.59247	37.805	0.305	rgb(220,159,159)	1.7392	None
PRDM16	F10	-0.59247	37.805	-3.1E-01	rgb(150,177,229)	1.7392	None
TEAD2	ENPP1	0.59237	38.58	0.078	rgb(218,202,202)	1.7545	None
GATA4	ILDR2	0.59227	38.58	0.082	rgb(218,201,201)	1.7545	None
ETS1	TPH1	0.59217	37.785	0.285	rgb(220,162,163)	1.7388	None
NR4A2	CHRNA5	-0.59207	36.92	-4.2E-01	rgb(126,162,233)	1.7216	None
ZNF846	JMJD1C-AS1	-0.59197	36.385	-3.8E-01	rgb(134,166,232)	1.711	None
HSF2	PGA3	0.59188	36.77	0.268	rgb(220,166,166)	1.7186	None
ONECUT1	PBOV1	0.59178	38.205	0.203	rgb(219,178,179)	1.7471	None
SOX4	CBFA2T3	0.59168	34.825	0.323	rgb(221,155,156)	1.6801	None
PBX1	FSTL5	0.59158	38.57	0.068	rgb(218,204,204)	1.7543	None
GATA6	NPTX1	0.59148	38.245	0.247	rgb(220,170,170)	1.7479	None
NR4A2	RGS11	-0.59138	37.08	-8.2E-02	rgb(199,206,220)	1.7248	None
EGR3	KCNG1	0.59128	37.715	0.217	rgb(219,175,176)	1.7374	None
HSF2	ADCY2	-0.59118	36.715	-2.1E-01	rgb(171,189,225)	1.7176	None
PBX3	IGSF21	0.59108	37.425	0.427	rgb(222,136,136)	1.7316	None
SIX2	TTC7B	0.59098	38.525	0.026	rgb(217,212,212)	1.7534	None
FEV	RFX6	0.59088	38.24	0.239	rgb(220,171,172)	1.7478	None
CCDC17	ZFP92	-0.59078	38.28	-2.8E-01	rgb(156,180,228)	1.7486	2,2
MAFA	SEZ6L	-0.59068	38.535	-3.4E-02	rgb(210,212,218)	1.7536	None
GATA4	SIRPA	0.59058	37.265	0.264	rgb(220,167,167)	1.7285	None
ELF4	RNF213	-0.59039	37.71	-2.1E-01	rgb(172,189,225)	1.7373	None
FOXA2	HAP1	-0.59039	37.71	-2.1E-01	rgb(172,189,225)	1.7373	None
ONECUT3	RBP2	-0.59029	37.395	-4.0E-01	rgb(131,165,232)	1.731	None
ZNF492	SPDYE8P	0.59019	35.69	0.192	rgb(219,180,181)	1.6972	2,2
ETV1	PPP1R1A	0.59009	35.27	0.272	rgb(220,165,166)	1.6889	None
ETV1	BEND5	0.58989	38.515	0.014	rgb(217,214,214)	1.7532	None
NEUROG3	P2RX6	0.58989	38.515	0.016	rgb(217,214,214)	1.7532	None
ARX	UTY	0.58979	37.825	0.324	rgb(221,155,156)	1.7395	None
ARNT2	CD99L2	-0.58969	37.56	-5.9E-02	rgb(204,209,219)	1.7343	None
ZNF514	AK123654	0.58959	38.325	0.323	rgb(221,155,156)	1.7495	2,2
ZNF846	JMJD7-PLA2G4B	-0.58949	34.37	-3.7E-01	rgb(137,168,231)	1.6711	None
HSF2	SLC16A12	-0.58939	36.795	-3.0E-01	rgb(153,178,228)	1.7191	None
PDX1	SRRM3	0.58929	38.26	0.261	rgb(220,167,168)	1.7482	None
MAFB	MAGED4	0.58919	37.535	0.035	rgb(217,210,210)	1.7338	None
HSF2	EID1	0.58909	37.77	0.27	rgb(220,165,166)	1.7385	None
ZNF846	AK122764	0.58899	36.79	0.291	rgb(220,161,162)	1.719	2,2
MAFA	CLIP3	-0.5889	38.18	-1.8E-01	rgb(178,194,224)	1.7466	None
CCDC17	E02193	0.5888	37.765	0.265	rgb(220,166,167)	1.7384	2,2
ZFP82	WNT9A	0.5887	37.75	0.25	rgb(220,169,170)	1.7381	None
HIF1A	TMEM145	-0.5886	36.895	-4.0E-01	rgb(131,165,232)	1.7211	None
ZNF846	ARHGEF26-AS1	0.5885	38.205	0.206	rgb(219,178,178)	1.7471	None
MAFA	EML5	0.5884	36.785	0.287	rgb(220,162,163)	1.7189	None
SMAD9	BAMBI	0.5883	36.86	0.359	rgb(221,148,149)	1.7204	None
ARNT2	PRKCH	0.5882	38.175	0.173	rgb(219,184,184)	1.7465	None
LTF	NUTM1	0.5881	35.775	0.275	rgb(220,165,165)	1.6989	None
ONECUT1	EYA4	0.588	36.685	0.186	rgb(219,181,182)	1.717	None
HES4	ANKS1B	0.5879	37.235	0.234	rgb(220,172,173)	1.7279	None
SIX2	FTCD	0.5878	34.365	0.363	rgb(221,148,148)	1.671	None
LMX1B	CACNG6	0.5877	35.82	0.32	rgb(221,156,156)	1.6998	None
ZNF853	FLJ22184	0.5876	37.74	0.238	rgb(220,172,172)	1.7379	2,2
PBX3	GATA6	-0.5875	36.735	-2.3E-01	rgb(166,186,226)	1.718	None
PBX1	CNOT6L	0.58741	37.15	0.152	rgb(219,188,188)	1.7262	None
MAFA	MTUS2	-0.58731	37.73	-2.3E-01	rgb(167,187,226)	1.7377	None
LMX1B	PPP1R3C	0.58721	37.675	0.174	rgb(219,184,184)	1.7366	None
HIC1	FOXA1	0.58711	37.26	0.26	rgb(220,167,168)	1.7284	None
MYSM1	AL832439	0.58701	34.87	0.372	rgb(221,146,147)	1.681	2,2
NHLH1	STARD8	0.58691	37.67	0.172	rgb(219,184,184)	1.7365	None
HIF1A	NPPB	-0.58681	36.84	-3.4E-01	rgb(144,172,230)	1.72	None
LHX1	PAX6	-0.58671	37.14	-1.4E-01	rgb(186,198,222)	1.726	None
HLF	SPOCK3	-0.58661	37.765	-2.7E-01	rgb(159,182,227)	1.7384	None
PDX1	TMEM189-UBE2V1	0.58651	37.31	0.308	rgb(220,158,159)	1.7293	None
MAFA	SLC30A8	-0.58641	38.085	-8.3E-02	rgb(199,206,220)	1.7447	None
ETS1	SLC30A8	-0.58631	35.32	-3.2E-01	rgb(148,175,229)	1.6899	None
ZNF382	RPS15AP10	0.58621	33.93	0.431	rgb(222,135,136)	1.6624	None
NR4A3	SLC12A5	0.58611	36.31	0.309	rgb(220,158,159)	1.7095	None
HIC1	DTX1	0.58592	34.36	0.359	rgb(221,148,149)	1.6709	None
MXI1	SYNGR3	0.58592	34.36	0.36	rgb(221,148,149)	1.6709	None
TEAD2	GLIS2	0.58582	38.07	0.072	rgb(218,203,203)	1.7444	None
ONECUT3	JAZF1	-0.58572	34.81	-3.1E-01	rgb(150,176,229)	1.6798	None
ETV1	SERTAD1	0.58562	38.235	0.236	rgb(220,172,172)	1.7477	None
GATA4	CACNA1E	0.58542	36.305	0.306	rgb(220,159,159)	1.7094	None
LHX1	CCND2	-0.58542	36.175	-1.8E-01	rgb(179,194,224)	1.7069	None
ONECUT2	JPH4	-0.58532	38.185	-1.8E-01	rgb(177,193,224)	1.7467	None
GATA2	CACNA1E	0.58522	37.2	0.201	rgb(219,179,179)	1.7272	None
EGR3	LAMP3	0.58512	37.105	0.103	rgb(218,197,198)	1.7253	None
MAFA	MUC16	-0.58502	38.18	-1.8E-01	rgb(177,193,224)	1.7466	None
TEAD1	COL1A2	-0.58472	34.41	-4.1E-01	rgb(128,163,233)	1.6719	None
TEAD1	MUC15	-0.58472	34.41	-4.1E-01	rgb(129,163,232)	1.6719	None
ZNF492	AK057596	0.58472	37.19	0.188	rgb(219,181,182)	1.727	2,2
MAFA	GPRASP2	0.58433	36.73	0.232	rgb(220,173,173)	1.7179	None
NR4A3	ZNF853	0.58433	35.25	0.248	rgb(220,170,170)	1.6885	None
SOX4	MS4A8	0.58433	35.25	0.252	rgb(220,169,169)	1.6885	None
TFCP2L1	TEAD2	0.58433	38.14	0.138	rgb(219,191,191)	1.7458	None
EGR3	SEMA6B	0.58423	38.175	0.174	rgb(219,184,184)	1.7465	None
NKX6-1	KCNN3	0.58413	37.69	0.191	rgb(219,181,181)	1.7369	None
GATA4	NUTM1	-0.58403	36.16	-1.6E-01	rgb(182,196,223)	1.7066	None
EBF3	SESN2	0.58393	37.31	0.312	rgb(220,157,158)	1.7293	None
ZNF846	AX747639	-0.58383	38.195	-1.9E-01	rgb(175,192,224)	1.7469	2,2
FOXD4L5	GPR137C	0.58363	36.59	0.088	rgb(218,200,200)	1.7151	None
PDX1	ZFP82	0.58363	34.86	0.36	rgb(221,148,149)	1.6808	None
LMX1B	UCKL1-AS1	-0.58353	36.315	-3.2E-01	rgb(148,175,229)	1.7096	None
MAFB	SCG5	-0.58343	36.145	-1.5E-01	rgb(185,198,223)	1.7063	None
GATA4	GHRL	0.58323	36.69	0.188	rgb(219,181,181)	1.7171	None
MAFA	DPY19L2	0.58323	37.015	0.016	rgb(217,214,214)	1.7235	None
LMX1B	KCNK3	0.58313	37.29	0.29	rgb(220,162,162)	1.7289	None
ZNF846	CRIP1	0.58304	37.005	0.007	rgb(217,216,216)	1.7233	None
ZBTB25	SUMO1P3	0.58294	35.755	0.255	rgb(220,168,169)	1.6985	2,2
LHX1	SLC7A4	-0.58274	37.005	-5.0E-03	rgb(216,216,217)	1.7233	None
SETBP1	SMA5	0.58274	37.005	0.004	rgb(217,216,216)	1.7233	2,2
FOXA1	CACNA1G	-0.58264	36.155	-1.5E-01	rgb(184,197,223)	1.7065	None
TP73	TSHZ1	-0.58254	34.8	-3.0E-01	rgb(152,178,228)	1.6796	None
RFX6	FAM167A	0.58244	33.975	0.473	rgb(222,127,128)	1.6633	None
TFCP2L1	AEBP1	-0.58234	37.845	-3.4E-01	rgb(142,172,230)	1.7399	None
LMX1A	RGS4	-0.58224	37.705	-2.1E-01	rgb(172,190,225)	1.7372	None
ONECUT2	CTTNBP2	-0.58214	38.005	-6.3E-03	rgb(216,216,217)	1.7431	None
EGR3	CBX4	0.58194	34.405	0.403	rgb(221,140,141)	1.6718	None
ZNF492	MSMB	-0.58194	34.405	-4.0E-01	rgb(129,164,232)	1.6718	None
ETS1	SPP1	-0.58184	36.515	-1.5E-02	rgb(214,215,218)	1.7136	None
GATA4	CAMK2N2	0.58174	37.7	0.199	rgb(219,179,179)	1.7371	None
RORC	GABRP	-0.58164	37.66	-1.6E-01	rgb(182,196,223)	1.7363	None
ETV1	ZFP2	-0.58155	37.655	-1.5E-01	rgb(184,197,223)	1.7362	None
TGIF2	CLIP3	0.58145	37.89	0.389	rgb(221,143,143)	1.7408	None
LHX1	SHF	-0.58135	37.2	-2.0E-01	rgb(173,190,225)	1.7272	None
HLF	LOC399744	0.58105	35.24	0.241	rgb(220,171,171)	1.6883	2,2
LHX1	TMEM198	-0.58105	36.68	-1.8E-01	rgb(178,194,224)	1.7169	None
TFCP2L1	CXCL12	-0.58105	35.24	-2.4E-01	rgb(165,185,226)	1.6883	None
CCDC17	AK091624	0.58095	38.08	0.078	rgb(218,202,202)	1.7446	2,2
ZNF514	AX746605	0.58085	37.695	0.196	rgb(219,180,180)	1.737	2,2
LMX1B	PCSK2	-0.58075	37.655	-1.6E-01	rgb(183,197,223)	1.7362	None
ZNF846	BEX2	0.58065	38.18	0.178	rgb(219,183,183)	1.7466	None
TET1	SNED1	0.58055	37.715	0.215	rgb(219,176,176)	1.7374	None
EGR3	AVPR1B	-0.58045	36.265	-2.7E-01	rgb(159,182,227)	1.7086	None
NEUROG3	SMAD9	0.58035	35.305	0.305	rgb(220,159,159)	1.6896	None
NKX2-2	HEPACAM2	-0.58025	38.035	-3.5E-02	rgb(209,212,218)	1.7437	None
FOXD4L5	DPYSL3	-0.58015	36.875	-3.7E-01	rgb(136,168,231)	1.7207	None
E2F7	PLCL1	-0.58006	36.295	-3.0E-01	rgb(153,178,228)	1.7092	None
HLF	BC073932	-0.57986	37.68	-1.8E-01	rgb(178,194,224)	1.7367	2,2
ZFHX2	PLCXD3	0.57986	37.145	0.143	rgb(219,190,190)	1.7261	None
PAX6	TRPC7	0.57976	37.675	0.173	rgb(219,184,184)	1.7366	None
ZBTB25	WDR52	0.57966	36.655	0.157	rgb(219,187,187)	1.7164	2,2
MAFB	ANK2	-0.57956	37.395	-4.0E-01	rgb(131,165,232)	1.731	None
PDX1	CCDC150	-0.57946	36.85	-3.5E-01	rgb(142,171,230)	1.7202	None
FEV	CNGA3	0.57936	36.74	0.238	rgb(220,172,172)	1.7181	None
ASCL1	CCDC85B	-0.57926	37.38	-3.8E-01	rgb(134,167,231)	1.7307	None
RORC	CHRNA1	0.57916	35.42	0.42	rgb(222,137,138)	1.6919	None
ZFP62	CR933660	0.57906	37.69	0.192	rgb(219,180,181)	1.7369	2,2
LMX1B	PLCL1	-0.57896	37.74	-2.4E-01	rgb(165,186,226)	1.7379	None
GATA4	PTHLH	-0.57886	37.615	-1.2E-01	rgb(192,202,221)	1.7354	None
RFX6	CAMK2B	0.57876	34.395	0.393	rgb(221,142,143)	1.6716	None
LHX1	CERKL	0.57857	36.245	0.245	rgb(220,170,171)	1.7082	None
NEUROD2	CABP4	0.57857	36.245	0.247	rgb(220,170,170)	1.7082	None
ETS1	SULT2A1	0.57847	37.34	0.34	rgb(221,152,153)	1.7299	None
MAFB	PBX3	0.57837	36.82	0.318	rgb(220,156,157)	1.7196	None
JAZF1	FAM65C	-0.57827	37.68	-1.8E-01	rgb(178,193,224)	1.7367	2,2
TEAD2	PARD6A	0.57817	37.335	0.333	rgb(221,153,154)	1.7298	None
POU2F2	GCG	-0.57807	34.34	-3.4E-01	rgb(143,172,230)	1.6705	None
FOXA1	UNC93A	-0.57787	37.09	-9.2E-02	rgb(197,205,220)	1.725	None
GRHL3	ECEL1	0.57787	37.725	0.224	rgb(219,174,175)	1.7376	2,2
NHLH1	INSM1	0.57777	37.64	0.14	rgb(219,190,191)	1.7359	None
ZFHX2	SBK1	0.57757	33.895	0.394	rgb(221,142,143)	1.6617	None
ZFP82	GOLGA8B	0.57757	33.895	0.394	rgb(221,142,143)	1.6617	None
TEAD2	KAT2B	-0.57747	37.875	-3.7E-01	rgb(136,168,231)	1.7405	None
AKNA	AK027840	-0.57737	38.125	-1.2E-01	rgb(190,201,222)	1.7455	2,2
SPIB	SEZ6	0.57727	37.075	0.077	rgb(218,202,202)	1.7247	None
ELF4	PRRT3	-0.57718	37.82	-3.2E-01	rgb(147,175,229)	1.7394	None
EGR3	REEP2	-0.57708	37.325	-3.3E-01	rgb(146,174,229)	1.7296	None
RORC	GDF10	0.57698	37.31	0.312	rgb(220,157,158)	1.7293	None
LMX1B	MMP13	0.57688	37.585	0.083	rgb(218,201,201)	1.7348	None
TEAD2	ZFP62	-0.57678	34.39	-3.9E-01	rgb(133,166,232)	1.6715	None
MYRF	AK128656	0.57668	37.305	0.304	rgb(220,159,160)	1.7292	2,2
GATA4	FAM171B	0.57648	34.785	0.283	rgb(220,163,163)	1.6793	None
MAFA	JAM3	0.57648	34.785	0.285	rgb(220,163,163)	1.6793	None
DACH1	DBC1	0.57628	36.63	0.128	rgb(218,192,193)	1.7159	2,2
ZNF846	MAGED4	0.57628	38.02	0.019	rgb(217,213,213)	1.7434	None
AEBP1	FAM226B	0.57618	37.71	0.208	rgb(219,177,178)	1.7373	2,2
AKNA	AK026392	-0.57598	38.115	-1.2E-01	rgb(192,201,221)	1.7453	2,2
ONECUT3	KDM1A	-0.57598	38.115	-1.1E-01	rgb(192,202,221)	1.7453	None
ZNF514	AX748052	0.57588	37.83	0.331	rgb(221,154,154)	1.7396	2,2
LHX1	USP41	-0.57578	38.01	-1.2E-02	rgb(214,215,217)	1.7432	None
MLXIPL	AX748336	0.57569	37.72	0.218	rgb(219,175,176)	1.7375	2,2
HSF2	TSSK4	-0.57559	38.1	-1.0E-01	rgb(195,204,221)	1.745	None
INSM1	SYP	0.57549	38.075	0.077	rgb(218,202,202)	1.7445	None
ZNF382	DNER	0.57539	36.695	0.195	rgb(219,180,180)	1.7172	None
CCDC17	BX647938	0.57519	38.09	0.089	rgb(218,200,200)	1.7448	2,2
MAFB	PITRM1-AS1	-0.57519	37.535	-3.4E-02	rgb(210,213,218)	1.7338	None
ZNF117	SPRY3	0.57509	36.265	0.267	rgb(220,166,166)	1.7086	2,2
MAFB	SCARA3	-0.57499	37.205	-2.1E-01	rgb(172,190,225)	1.7273	None
EGR3	GFRA3	0.57479	38.01	0.011	rgb(217,215,215)	1.7432	None
FOXA1	AGAP11	-0.57479	36.305	-3.1E-01	rgb(150,177,229)	1.7094	None
RFX3	LRP3	0.57469	35.725	0.224	rgb(219,174,175)	1.6979	None
FOXP2	ZDHHC11	0.57459	36.775	0.274	rgb(220,165,165)	1.7187	None
ZFP2	IL11	0.57449	37.695	0.194	rgb(219,180,180)	1.737	2,2
PDX1	GAD2	0.57439	37.07	0.072	rgb(218,203,203)	1.7246	None
RORC	APOA1	-0.57429	36.21	-2.1E-01	rgb(171,189,225)	1.7075	None
EGR3	WNK3	0.5742	35.285	0.285	rgb(220,163,163)	1.6892	None
FOXA1	CD300LF	0.5741	34.33	0.329	rgb(221,154,155)	1.6703	None
ATF5	IRF2BP1	0.574	35.35	0.352	rgb(221,150,151)	1.6905	None
LMX1B	F10	-0.5739	37.77	-2.7E-01	rgb(158,181,227)	1.7385	None
PAX6	RAPGEF4	-0.5738	36.255	-2.5E-01	rgb(162,184,227)	1.7084	None
TEAD1	APBB2	0.5737	37.27	0.27	rgb(220,165,166)	1.7286	None
NKX6-1	CACNG6	0.5736	37.17	0.168	rgb(219,185,185)	1.7266	None
EGR3	SLC22A17	0.5735	34.835	0.337	rgb(221,153,153)	1.6803	None
NFAT5	CHRNA1	0.5734	36.25	0.251	rgb(220,169,170)	1.7083	None
PDX1	SLC26A7	0.5733	37.67	0.172	rgb(219,184,185)	1.7365	None
MAFB	GSTM2	-0.5732	34.38	-3.8E-01	rgb(135,167,231)	1.6713	None
MAFB	GAN	0.5731	35.28	0.28	rgb(220,163,164)	1.6891	None
MAFA	HIC1	-0.573	35.34	-3.4E-01	rgb(143,172,230)	1.6903	None
HOMEZ	FOXP2	0.57241	38	0	rgb(217,217,217)	1.743	None
LHX1	VCAN	0.57241	38	0	rgb(217,217,217)	1.743	None
PBX3	CLCA4	0.57241	38	0	rgb(217,217,217)	1.743	None
PDX1	FXYD1	0.57241	38	0	rgb(217,217,217)	1.743	None
PDX1	TNFRSF6B	0.57241	37.31	0.311	rgb(220,158,158)	1.7293	None
ZNF382	LTF	0.57241	38	0	rgb(217,217,217)	1.743	None
FOXJ1	LRIG1	0.57231	37.325	0.326	rgb(221,155,155)	1.7296	None
ETV1	LRP1B	0.57211	33.88	0.379	rgb(221,145,145)	1.6614	None
NR4A3	LINC00939	0.57211	33.88	0.38	rgb(221,144,145)	1.6614	None
PBX3	TPST2	-0.57201	37.665	-1.6E-01	rgb(181,195,223)	1.7364	None
ONECUT3	HNF1A-AS1	0.57191	37.605	0.107	rgb(218,197,197)	1.7352	None
RFX3	RGS14	-0.57171	37.16	-1.6E-01	rgb(182,196,223)	1.7264	None
RFX3	RSPH4A	0.57171	35.195	0.195	rgb(219,180,180)	1.6874	None
PDX1	CHD5	-0.57161	37.38	-3.8E-01	rgb(135,167,231)	1.7307	None
PAX6	LRP2BP	-0.57151	35.71	-2.1E-01	rgb(172,190,225)	1.6976	None
LMX1B	KLHL35	0.57141	36.655	0.156	rgb(219,187,187)	1.7164	None
LHX1	PGF	-0.57122	34.77	-2.7E-01	rgb(159,182,227)	1.679	None
MAFA	LINC00643	-0.57122	34.325	-3.3E-01	rgb(146,174,229)	1.6702	None
TFCP2L1	RASAL1	0.57112	36.365	0.366	rgb(221,147,148)	1.7106	None
ONECUT1	SFMBT2	0.57102	36.36	0.358	rgb(221,149,149)	1.7105	None
ARX	GPR148	0.57092	37.77	0.27	rgb(220,165,166)	1.7385	None
CCDC17	LOC441204	0.57072	37.235	0.237	rgb(220,172,172)	1.7279	2,2
TFCP2L1	PPP1R3C	0.57072	34.83	0.328	rgb(221,154,155)	1.6802	None
NR4A2	TAC3	-0.57062	37.14	-1.4E-01	rgb(186,198,222)	1.726	None
HIF1A	CCDC78	0.57052	35.815	0.315	rgb(220,157,157)	1.6997	None
GATA4	SESN2	0.57032	35.845	0.343	rgb(221,151,152)	1.7003	None
PDX1	CD200	0.57032	37.13	0.13	rgb(218,192,192)	1.7258	None
PDX1	SCARA3	-0.57022	36.715	-2.2E-01	rgb(170,188,225)	1.7176	None
ZNF492	PRPH	-0.57012	37.21	-2.1E-01	rgb(172,190,225)	1.7274	None
PBX3	ZDHHC8P1	-0.57002	36.835	-3.4E-01	rgb(144,173,230)	1.7199	None
HSF2	CELF4	-0.56992	36.73	-2.3E-01	rgb(167,187,226)	1.7179	None
MAFB	SERPINA10	-0.56973	33.925	-4.2E-01	rgb(125,161,233)	1.6623	None
RFX6	RGS14	0.56973	33.925	0.427	rgb(222,135,136)	1.6623	None
MAFF	LRRN2	-0.56963	34.825	-3.3E-01	rgb(146,174,229)	1.6801	None
PDX1	GCG	-0.56953	37.73	-2.3E-01	rgb(167,187,226)	1.7377	None
TFCP2L1	COL16A1	-0.56943	37.635	-1.4E-01	rgb(187,199,222)	1.7358	None
SPIB	ST8SIA5	0.56933	37.245	0.245	rgb(220,170,171)	1.7281	None
SIX2	PEX5L	0.56923	37.725	0.226	rgb(219,174,174)	1.7376	None
EGR3	SLC12A5	-0.56913	37.195	-1.9E-01	rgb(175,192,224)	1.7271	None
ZNF117	BC042825	0.56903	37.675	0.177	rgb(219,183,183)	1.7366	2,2
LMX1B	KIRREL3	-0.56893	36.305	-3.0E-01	rgb(151,177,229)	1.7094	None
TFCP2L1	KCNC1	0.56883	37.295	0.293	rgb(220,161,162)	1.729	None
TEAD1	ASXL3	0.56873	36.115	0.115	rgb(218,195,195)	1.7057	None
NEUROG3	SDK2	0.56853	33.92	0.421	rgb(222,137,137)	1.6622	None
NPAS3	AK123868	0.56853	37.09	0.092	rgb(218,199,200)	1.725	2,2
TEAD2	CCDC78	0.56843	35.79	0.29	rgb(220,162,162)	1.6992	None
NEUROG3	RIMBP2	0.56834	34.82	0.32	rgb(221,156,156)	1.68	None
ETV1	CACNG7	0.56824	36.57	0.071	rgb(218,204,204)	1.7147	None
EGR3	HCP5	0.56814	37.645	0.147	rgb(219,189,189)	1.736	None
HIF1A	FLJ00385	0.56804	36.705	0.205	rgb(219,178,178)	1.7174	2,2
HSF2	GDAP1	0.56794	35.155	0.156	rgb(219,187,188)	1.6866	None
GATA4	PER2	-0.56784	37.33	-3.3E-01	rgb(145,173,230)	1.7297	None
TFCP2L1	FUT7	0.56774	37.665	0.163	rgb(219,186,186)	1.7364	None
TFCP2L1	PITRM1-AS1	0.56754	37.605	0.105	rgb(218,197,197)	1.7352	None
ZNF846	TNFRSF6B	0.56754	37.715	0.216	rgb(219,176,176)	1.7374	None
FOXA1	ABCC4	0.56734	36.21	0.209	rgb(219,177,178)	1.7075	None
FOXD4L5	WIF1	-0.56734	37.17	-1.7E-01	rgb(180,195,223)	1.7266	None
HMGN3	TBC1D3H	-0.56724	36.075	-7.3E-02	rgb(201,207,220)	1.7049	2,2
PDX1	KCNE4	0.56704	37.65	0.151	rgb(219,188,188)	1.7361	None
SIX2	USP41	0.56704	37.595	0.096	rgb(218,199,199)	1.735	None
NEUROD2	PRELP	0.56694	37.065	0.066	rgb(218,204,205)	1.7245	None
E2F7	TMSB15B	-0.56665	33.915	-4.2E-01	rgb(126,162,233)	1.6621	None
EGR3	PCSK2	-0.56665	37.21	-2.1E-01	rgb(172,189,225)	1.7274	None
RORC	SCN3B	0.56665	37.655	0.157	rgb(219,187,187)	1.7362	None
PDX1	SCHIP1	0.56655	35.67	0.172	rgb(219,184,185)	1.6968	None
GATA4	SPINK4	-0.56645	37.03	-3.2E-02	rgb(210,213,218)	1.7238	None
FOXD4L5	NKD1	-0.56625	36.295	-2.9E-01	rgb(153,178,228)	1.7092	None
HSF2	SPDYE1	0.56625	35.65	0.149	rgb(219,189,189)	1.6965	None
ZFP2	BC005905	-0.56615	37.305	-3.0E-01	rgb(151,177,229)	1.7292	2,2
SIX2	SPDYE7P	0.56605	36.755	0.254	rgb(220,168,169)	1.7183	None
EGR3	JAKMIP2	-0.56595	37.16	-1.6E-01	rgb(183,196,223)	1.7264	None
DZIP1	TRO	0.56585	37.68	0.179	rgb(219,183,183)	1.7367	2,2
NPAS3	CRISPLD1	0.56555	36.18	0.18	rgb(219,183,183)	1.707	2,2
SPIB	SLC30A8	0.56555	37.625	0.125	rgb(218,193,193)	1.7356	None
ZBTB4	LOC440434	0.56555	37.625	0.126	rgb(218,193,193)	1.7356	2,2
SOX4	IFI44L	0.56545	37.035	0.033	rgb(217,211,211)	1.7239	None
RORC	CALCOCO1	0.56536	37.645	0.144	rgb(219,189,190)	1.736	None
HIF1A	ATF7IP	0.56506	33.425	0.425	rgb(222,136,137)	1.6524	None
PBX3	KTN1-AS1	0.56506	37.62	0.119	rgb(218,194,195)	1.7355	None
TET1	ZFP62	0.56506	34.815	0.314	rgb(220,157,158)	1.6799	None
E2F7	SRRM3	-0.56496	36.945	-4.4E-01	rgb(121,159,234)	1.7221	None
ZNF492	COL1A2	0.56486	36.665	0.164	rgb(219,186,186)	1.7166	None
ASCL2	CLCNKA	0.56476	36.765	0.265	rgb(220,166,167)	1.7185	None
POU5F1	SLC26A7	0.56466	33.91	0.408	rgb(221,139,140)	1.662	None
PAX6	RUNX1T1	0.56456	37.28	0.278	rgb(220,164,164)	1.7287	None
EBF3	CCDC74B	-0.56446	33.42	-4.2E-01	rgb(126,162,233)	1.6523	None
GATA4	SRRM3	0.56436	36.18	0.182	rgb(219,182,183)	1.707	None
LMX1B	SLC26A7	0.56426	35.115	0.113	rgb(218,195,196)	1.6859	None
LHX1	FAM227A	-0.56416	37.565	-6.3E-02	rgb(203,209,219)	1.7344	None
GATA4	SSBP2	0.56406	35.8	0.3	rgb(220,160,160)	1.6994	None
TFCP2L1	SEC11C	0.56397	35.645	0.145	rgb(219,189,190)	1.6964	None
FEV	ENTPD1	0.56387	36.27	0.269	rgb(220,166,166)	1.7087	None
MAFA	NHSL2	0.56357	33.855	0.354	rgb(221,149,150)	1.6609	None
NR4A3	B3GNTL1	0.56357	33.855	0.354	rgb(221,149,150)	1.6609	None
SIX2	SNED1	0.56357	33.855	0.354	rgb(221,149,150)	1.6609	None
ARX	FSTL5	0.56347	36.17	0.171	rgb(219,184,185)	1.7068	None
EGR3	SMKR1	-0.56337	37.175	-1.8E-01	rgb(179,194,224)	1.7267	None
SIM1	TRPA1	0.56327	36.15	0.149	rgb(219,189,189)	1.7064	2,2
POU5F1	SULT2A1	-0.56317	37.195	-2.0E-01	rgb(175,191,224)	1.7271	None
RFX2	PRRT3	0.56307	37.125	0.126	rgb(218,193,193)	1.7257	None
TFCP2L1	LIMS2	-0.56297	35.27	-2.7E-01	rgb(158,181,227)	1.6889	None
AKNA	AL832937	-0.56277	37.66	-1.6E-01	rgb(182,196,223)	1.7363	2,2
FOXA1	CD99L2	0.56277	36.845	0.345	rgb(221,151,152)	1.7201	None
FOXA2	FCAMR	0.56267	37.515	0.015	rgb(217,214,214)	1.7334	None
HSF2	ACE	-0.56257	37.58	-8.0E-02	rgb(200,206,220)	1.7347	None
NEUROG3	IL17C	0.56248	35.245	0.243	rgb(220,171,171)	1.6884	None
HEYL	TEAD2	0.56238	36.835	0.334	rgb(221,153,154)	1.7199	None
TFCP2L1	TEKT2	-0.56228	37.11	-1.1E-01	rgb(194,203,221)	1.7254	None
ZNF492	EDAR	0.56218	36.23	0.23	rgb(220,173,174)	1.7079	None
LMX1B	EVL	0.56208	35.74	0.239	rgb(220,171,172)	1.6982	None
ETS1	TRPC7	-0.56198	36.715	-2.1E-01	rgb(170,189,225)	1.7176	None
SPIB	ID2	0.56188	35.605	0.106	rgb(218,197,197)	1.6956	None
EGR3	FDPSP2	-0.56178	37.55	-4.9E-02	rgb(206,211,219)	1.7341	None
SOX4	TAC3	-0.56168	34.35	-3.5E-01	rgb(142,171,230)	1.6707	None
FEV	RD3	0.56158	36.595	0.096	rgb(218,199,199)	1.7152	None
ONECUT2	TET1	0.56138	35.83	0.33	rgb(221,154,155)	1.7	None
ZFP82	MMP11	0.56138	37.205	0.204	rgb(219,178,179)	1.7273	None
TFCP2L1	PDE6B	-0.56128	37.215	-2.2E-01	rgb(170,188,225)	1.7275	None
MAFA	SCG2	0.56118	33.9	0.402	rgb(221,140,141)	1.6618	None
HSF2	YPEL4	-0.56108	36.29	-2.9E-01	rgb(155,179,228)	1.7091	None
HIF1A	ONECUT1	-0.56099	35.56	-5.9E-02	rgb(204,209,219)	1.6947	2,2
ARNT2	SV2A	-0.56089	37.62	-1.2E-01	rgb(191,201,222)	1.7355	None
LHX1	SCUBE1	-0.56069	35.55	-4.8E-02	rgb(207,211,219)	1.6945	None
NR4A3	CSRNP3	0.56069	37.56	0.062	rgb(218,205,205)	1.7343	None
TFCP2L1	DPYSL3	0.56059	37.265	0.267	rgb(220,166,167)	1.7285	None
ETV1	ST8SIA3	0.56049	35.235	0.234	rgb(220,172,173)	1.6882	None
HSF2	SLC25A34	0.56039	36.775	0.276	rgb(220,164,165)	1.7187	None
ZFHX2	P2RX6	-0.56029	36.71	-2.1E-01	rgb(172,190,225)	1.7175	None
HSF2	ITGA7	-0.56009	37.585	-8.7E-02	rgb(198,205,220)	1.7348	None
SPIB	ATP6V1B1	-0.56009	37.585	-8.7E-02	rgb(198,205,220)	1.7348	None
ISL1	SCG3	0.55999	37.2	0.199	rgb(219,179,179)	1.7272	None
E2F7	SCUBE3	-0.55989	37.19	-1.9E-01	rgb(176,192,224)	1.727	None
NEUROD2	CADPS	0.55969	33.465	0.463	rgb(222,129,130)	1.6532	None
NEUROD2	CHGA	0.55969	33.465	0.466	rgb(222,128,129)	1.6532	None
HIC1	CABP4	-0.5595	33.4	-4.0E-01	rgb(130,164,232)	1.6519	None
PRDM16	HCN4	0.5595	33.4	0.399	rgb(221,141,142)	1.6519	None
SIX2	CHGA	0.5594	33.845	0.343	rgb(221,151,152)	1.6607	None
LHX1	PRKCH	0.5593	37.59	0.09	rgb(218,200,200)	1.7349	None
FOXA1	SFMBT2	0.5592	33.895	0.395	rgb(221,142,142)	1.6617	None
NR4A2	DZIP1	-0.5591	36.195	-2.0E-01	rgb(174,191,224)	1.7073	None
PBX3	NTRK2	-0.559	37.29	-2.9E-01	rgb(154,178,228)	1.7289	None
SIX2	AGAP11	0.5589	36.7	0.199	rgb(219,179,179)	1.7173	None
FOXD4L5	FGF17	0.5588	34.89	0.39	rgb(221,143,143)	1.6814	None
TGIF2	SGCD	0.5587	35.23	0.232	rgb(220,173,173)	1.6881	None
SMAD9	CBX2	0.5586	35.71	0.209	rgb(219,177,177)	1.6976	None
EGR3	LCP1	-0.5584	36.84	-3.4E-01	rgb(143,172,230)	1.72	None
GATA4	GCG	-0.5584	36.675	-1.8E-01	rgb(179,194,224)	1.7168	None
ARX	NEFL	-0.5583	37.255	-2.5E-01	rgb(162,183,227)	1.7283	None
NKX6-1	HLF	0.5582	35.885	0.387	rgb(221,143,144)	1.7011	None
SMAD9	RAP1GAP2	0.5581	35.705	0.203	rgb(219,178,179)	1.6975	None
CCDC17	PMS2L14	0.55801	35.76	0.26	rgb(220,167,168)	1.6986	2,2
PRDM16	MCOLN3	-0.55781	35.225	-2.3E-01	rgb(168,187,226)	1.688	None
ZNF492	ZDHHC11	0.55781	35.225	0.224	rgb(219,174,175)	1.688	None
EGR3	SH2D3C	0.55711	37.5	0	rgb(217,217,217)	1.7331	None
ETS1	SYN1	0.55711	37.5	0	rgb(217,217,217)	1.7331	None
HSF2	ZBTB25	0.55711	37.5	0	rgb(217,217,217)	1.7331	None
NEUROG3	LOC100132215	0.55711	37.5	0	rgb(217,217,217)	1.7331	None
SOX4	REEP2	0.55711	37.5	0	rgb(217,217,217)	1.7331	None
ZBTB25	CERS6-AS1	0.55711	37.5	0	rgb(217,217,217)	1.7331	2,2
ZNF788	AK090700	0.55711	37.5	0	rgb(217,217,217)	1.7331	2,2
POU2F2	CYP4F24P	-0.55701	36.27	-2.7E-01	rgb(158,181,227)	1.7087	None
ZNF846	HCP5	0.55691	34.34	0.339	rgb(221,152,153)	1.6705	None
NEUROD1	ANKRD65	-0.55681	37.22	-2.2E-01	rgb(169,188,225)	1.7276	None
AKNA	AF258560	-0.55671	37.275	-2.8E-01	rgb(157,181,227)	1.7287	2,2
HSF2	CABP4	0.55662	36.26	0.261	rgb(220,167,168)	1.7085	None
EGR3	KLHL32	0.55652	35.395	0.397	rgb(221,141,142)	1.6914	None
EGR3	RRAGD	0.55622	35.215	0.216	rgb(219,176,176)	1.6878	None
ETV1	NAT14	0.55622	35.215	0.217	rgb(219,176,176)	1.6878	None
ETV1	RUNDC3A	0.55622	36.355	0.357	rgb(221,149,150)	1.7104	None
NR4A2	KTN1-AS1	-0.55602	37.16	-1.6E-01	rgb(182,196,223)	1.7264	None
RORC	KCNF1	0.55602	37.16	0.158	rgb(219,187,187)	1.7264	None
GATA4	LTF	-0.55592	37.51	-8.7E-03	rgb(215,216,217)	1.7333	None
RORC	LCP1	-0.55582	37.335	-3.3E-01	rgb(145,173,230)	1.7298	None
AKNA	BC041654	0.55522	37.5	0	rgb(217,217,217)	1.7331	2,2
GATA2	SHC3	0.55522	37.5	0	rgb(217,217,217)	1.7331	None
LHX1	FMN2	0.55522	37.5	0	rgb(217,217,217)	1.7331	None
MAFB	TPH1	0.55522	37.5	0	rgb(217,217,217)	1.7331	None
PLAG1	FOXA2	0.55522	37.5	0	rgb(217,217,217)	1.7331	None
PLAG1	SMARCA1	0.55522	37.5	0	rgb(217,217,217)	1.7331	None
FOXD4L5	WSB1	0.55503	36.65	0.149	rgb(219,189,189)	1.7163	None
LMX1B	SLC25A53	0.55503	36.65	0.149	rgb(219,189,189)	1.7163	None
FOXD4L5	MAPK4	-0.55493	36.86	-3.6E-01	rgb(139,169,231)	1.7204	None
FOXD4L5	MMP13	0.55483	37.25	0.248	rgb(220,170,170)	1.7282	None
FOXD4L5	UBN2	0.55453	33.45	0.451	rgb(222,131,132)	1.6529	None
NEUROG3	LRRTM3	0.55453	33.45	0.448	rgb(222,131,132)	1.6529	None
RFX6	CAMKV	0.55453	33.45	0.45	rgb(222,131,132)	1.6529	None
ETS1	SFTPA2	0.55443	34.335	0.334	rgb(221,153,154)	1.6704	None
GATA2	MS4A8	0.55433	35.38	0.379	rgb(221,145,145)	1.6911	None
PBX3	PER2	0.55423	35.845	0.345	rgb(221,151,152)	1.7003	None
PBX3	BCORL1	-0.55413	34.695	-1.9E-01	rgb(175,191,224)	1.6775	None
PAX6	DPP10	-0.55403	36.325	-3.2E-01	rgb(147,174,229)	1.7098	None
POU5F1	EFCC1	0.55393	36.635	0.134	rgb(218,191,192)	1.716	None
PBX3	LSAMP	0.55383	35.205	0.206	rgb(219,178,178)	1.6876	None
ELF4	CCDC88A	-0.55354	36.765	-2.6E-01	rgb(160,182,227)	1.7185	None
LHX1	DCHS1	-0.55354	36.765	-2.6E-01	rgb(159,182,227)	1.7185	None
RFX2	ETV1	0.55354	36.835	0.334	rgb(221,153,154)	1.7199	None
ZNF846	GOLGA6L4	0.55344	37.035	0.035	rgb(217,210,210)	1.7239	2,2
E2F7	CCDC86	0.55324	37.13	0.131	rgb(218,192,192)	1.7258	None
ETV1	DPYSL4	-0.55324	37.23	-2.3E-01	rgb(167,187,226)	1.7278	None
RORC	ISLR2	0.55314	33.83	0.331	rgb(221,154,154)	1.6604	None
HIF1A	TPH1	-0.55294	37.17	-1.7E-01	rgb(180,194,224)	1.7266	None
PBX1	DST	0.55294	36.115	0.117	rgb(218,195,195)	1.7057	None
LHX1	SPC25	0.55284	36.625	0.126	rgb(218,193,193)	1.7158	None
FEV	STMN2	0.55244	33.38	0.381	rgb(221,144,145)	1.6515	None
MAFA	CAMK2N2	-0.55244	33.38	-3.8E-01	rgb(135,167,231)	1.6515	None
NR4A2	SLC6A16	0.55244	33.38	0.382	rgb(221,144,145)	1.6515	None
ZFP82	GOLGA7B	0.55244	33.38	0.382	rgb(221,144,145)	1.6515	None
ONECUT1	MIR137HG	0.55234	35.305	0.307	rgb(220,158,159)	1.6896	None
TEAD1	AHNAK	0.55224	35.81	0.309	rgb(220,158,159)	1.6996	None
ZNF846	NOVA2	-0.55215	36.1	-1.0E-01	rgb(195,203,221)	1.7054	None
ZFP92	STMN2	0.55205	37.065	0.063	rgb(218,205,205)	1.7245	None
NR4A3	SDCBP2-AS1	0.55195	36.89	0.388	rgb(221,143,144)	1.721	None
LMX1B	GABBR2	0.55185	35.185	0.186	rgb(219,181,182)	1.6872	None
MAFA	NEUROD2	0.55175	33.825	0.326	rgb(221,155,155)	1.6603	None
ZNF117	BC043205	0.55165	37.205	0.207	rgb(219,178,178)	1.7273	2,2
EGR3	RPS6KL1	-0.55155	37.235	-2.4E-01	rgb(166,186,226)	1.7279	None
RORC	L1TD1	-0.55145	35.605	-1.0E-01	rgb(194,203,221)	1.6956	None
EGR3	STRC	-0.55135	35.785	-2.9E-01	rgb(155,179,228)	1.6991	None
ZFHX2	SERPINA10	0.55125	37.165	0.166	rgb(219,185,186)	1.7265	None
FOXP2	COL6A4P2	0.55115	37.01	0.01	rgb(217,215,215)	1.7234	None
ONECUT3	PPP1R16B	0.55105	36.18	0.179	rgb(219,183,183)	1.707	None
TEAD1	CADPS	-0.55095	34.325	-3.2E-01	rgb(147,174,229)	1.6702	None
LHX1	DPF3	0.55085	35.285	0.283	rgb(220,163,164)	1.6892	None
MAFF	CCDC125	-0.55066	34.77	-2.7E-01	rgb(159,182,227)	1.679	None
RORC	TUBB2B	-0.55066	34.77	-2.7E-01	rgb(158,181,227)	1.679	None
LHX1	SVOP	-0.55046	34.815	-3.2E-01	rgb(148,175,229)	1.6799	None
TEAD1	NUTM1	-0.55046	36.535	-3.4E-02	rgb(210,213,218)	1.714	None
FOXA1	ADNP	0.55026	36.715	0.216	rgb(219,176,176)	1.7176	None
PDX1	TSNAX-DISC1	-0.55026	37.16	-1.6E-01	rgb(183,196,223)	1.7264	None
SETBP1	CERS6-AS1	-0.55016	36.655	-1.5E-01	rgb(184,197,223)	1.7164	2,2
GATA2	FAM92B	-0.55006	36.73	-2.3E-01	rgb(167,186,226)	1.7179	None
DZIP1	CECR6	-0.54996	35.28	-2.8E-01	rgb(156,180,228)	1.6891	2,2
TP73	ELF4	-0.54986	34.81	-3.1E-01	rgb(150,176,229)	1.6798	None
GATA4	IRF2BP1	0.54976	37.105	0.103	rgb(218,197,198)	1.7253	None
PRDM16	PRRT2	0.54956	32.97	0.468	rgb(222,128,128)	1.6434	None
ZNF846	TSNAX-DISC1	-0.54956	36.505	-6.4E-03	rgb(216,216,217)	1.7134	None
SPIB	BSN	0.54946	35.17	0.168	rgb(219,185,185)	1.6869	None
GATA4	SLC14A1	0.54936	33.82	0.32	rgb(221,156,156)	1.6602	None
TET1	LINC00939	0.54926	36.425	0.424	rgb(222,136,137)	1.7118	None
TET1	RNF150	0.54917	35.895	0.393	rgb(221,142,143)	1.7013	None
MAFB	MAFF	0.54907	36.185	0.184	rgb(219,182,182)	1.7071	None
NHLH1	SYNGR3	0.54887	35.33	0.331	rgb(221,154,154)	1.6901	None
RFX6	FSTL5	0.54887	33.43	0.432	rgb(222,135,135)	1.6525	None
AKNA	AF086346	-0.54877	37.165	-1.7E-01	rgb(181,195,223)	1.7265	2,2
TFCP2L1	TMEM169	-0.54867	34.8	-3.0E-01	rgb(152,178,228)	1.6796	None
FEV	NOVA2	0.54857	32.96	0.46	rgb(222,129,130)	1.6432	None
MAFB	BEX2	-0.54837	37.18	-1.8E-01	rgb(178,194,224)	1.7268	None
PRDM16	KCNH2	0.54837	37.18	0.178	rgb(219,183,183)	1.7268	None
NPAS3	DBC1	0.54827	35.32	0.318	rgb(220,156,157)	1.6899	2,2
TFCP2L1	KLHL35	0.54817	36.77	0.269	rgb(220,166,166)	1.7186	None
NEUROD1	IL17C	0.54807	35.665	0.166	rgb(219,185,186)	1.6968	None
E2F7	ID1	-0.54797	33.815	-3.1E-01	rgb(149,176,229)	1.6601	None
MYRF	FOXJ1	0.54787	35.85	0.352	rgb(221,150,150)	1.7004	None
RORC	ZNF117	-0.54778	32.955	-4.5E-01	rgb(119,157,234)	1.6431	None
RFX3	MYBPC2	-0.54768	37.02	-1.9E-02	rgb(213,215,218)	1.7236	None
LMX1A	CPT1C	-0.54758	34.315	-3.2E-01	rgb(148,175,229)	1.67	None
FOXP2	GIP	-0.54748	32.95	-4.5E-01	rgb(120,158,234)	1.643	None
ETS1	PPP1R1A	-0.54738	37.09	-8.9E-02	rgb(198,205,220)	1.725	None
ETS1	ZNF853	-0.54718	35.655	-1.6E-01	rgb(183,196,223)	1.6966	None
GATA4	SH2D3C	0.54718	34.755	0.253	rgb(220,169,169)	1.6787	None
PBX3	COL16A1	0.54698	36.325	0.327	rgb(221,155,155)	1.7098	None
TFCP2L1	PPP4R4	0.54698	36.325	0.324	rgb(221,155,156)	1.7098	None
ZFP62	AX746677	0.54688	36.115	0.115	rgb(218,195,195)	1.7057	2,2
TFCP2L1	PTPRT	0.54678	34.62	0.121	rgb(218,194,194)	1.676	None
LHX1	TUBA3FP	0.54668	35.245	0.244	rgb(220,170,171)	1.6884	None
ZFP82	LINC00893	0.54658	36.105	0.105	rgb(218,197,197)	1.7055	None
HLF	ZNF518A	0.54638	33.81	0.308	rgb(220,158,159)	1.66	None
TEAD2	UNC13A	0.54638	33.81	0.311	rgb(220,158,158)	1.66	None
ONECUT3	SH3TC2	0.54629	36.22	0.222	rgb(219,175,175)	1.7077	None
ELF4	SESN2	0.54619	33.36	0.358	rgb(221,149,149)	1.6511	None
E2F7	MX1	-0.54609	36.72	-2.2E-01	rgb(169,188,225)	1.7177	None
LHX1	USH2A	-0.54599	36.525	-2.3E-02	rgb(212,214,218)	1.7138	None
PBX3	AK5	-0.54589	35.3	-3.0E-01	rgb(151,177,228)	1.6895	None
HIF1A	ATP1A3	-0.54579	36.715	-2.2E-01	rgb(170,188,225)	1.7176	None
FOXA1	RNF150	0.54559	35.335	0.337	rgb(221,153,153)	1.6902	None
PAX6	REEP2	-0.54559	34.75	-2.5E-01	rgb(163,184,226)	1.6786	None
LHX1	SCN1B	-0.54549	34.31	-3.1E-01	rgb(150,176,229)	1.6699	None
FOXD4L5	LRRN2	-0.54539	37.05	-4.9E-02	rgb(206,210,219)	1.7242	None
LMX1B	CERKL	0.54529	35.08	0.081	rgb(218,201,202)	1.6852	None
FEV	DUSP2	0.54509	33.86	0.36	rgb(221,148,149)	1.661	None
HSF2	BOC	0.54509	33.86	0.36	rgb(221,148,149)	1.661	None
TGIF2	CPT1C	0.54499	36.66	0.162	rgb(219,186,186)	1.7165	None
MAFA	SIX2	0.54489	35.075	0.075	rgb(218,203,203)	1.6851	None
TEAD1	EFCC1	-0.5448	35.115	-1.2E-01	rgb(192,202,221)	1.6859	None
LMX1B	RAP1GAP2	0.5447	32.94	0.44	rgb(222,133,134)	1.6428	None
E2F7	ADAMTSL1	0.5446	37.095	0.096	rgb(218,199,199)	1.7251	None
NR4A2	LHFPL4	0.5444	37.125	0.124	rgb(218,193,193)	1.7257	None
ZNF788	LOC149134	0.5444	36.755	0.257	rgb(220,168,168)	1.7183	2,2
FOXJ1	CELSR2	0.5443	37.09	0.09	rgb(218,200,200)	1.725	None
GATA6	VSTM2L	-0.5442	37.09	-8.8E-02	rgb(198,205,220)	1.725	None
EGR3	PRKCG	-0.5441	36.705	-2.0E-01	rgb(173,190,225)	1.7174	None
ZNF846	YPEL4	-0.544	36.04	-4.2E-02	rgb(208,212,219)	1.7042	None
FOXD4L5	VASH2	-0.5439	36.085	-8.3E-02	rgb(199,206,220)	1.7051	None
SMAD9	ENTPD1	0.5438	36.7	0.202	rgb(219,178,179)	1.7173	None
SIX2	SIDT1	-0.5437	34.745	-2.4E-01	rgb(164,185,226)	1.6785	None
SMAD9	SYNGR3	0.5435	35.315	0.313	rgb(220,157,158)	1.6898	None
TFCP2L1	CD70	-0.5435	36.76	-2.6E-01	rgb(160,182,227)	1.7184	None
PBX3	ARNT2	0.5434	36.2	0.201	rgb(219,179,179)	1.7074	None
HOXB9	IGFN1	-0.54331	35.595	-9.3E-02	rgb(197,205,221)	1.6954	None
MAFA	CACNB4	0.54321	34.305	0.307	rgb(220,158,159)	1.6698	None
MYRF	AK027332	-0.54311	35.975	-4.8E-01	rgb(114,154,235)	1.7029	2,2
MAFB	TCEAL1	-0.54301	33.41	-4.1E-01	rgb(128,163,233)	1.6521	None
ETS1	CNOT6L	0.54291	34.455	0.457	rgb(222,130,131)	1.6728	None
GATA6	FAM92B	-0.54261	34.76	-2.6E-01	rgb(160,182,227)	1.6788	None
HMBOX1	TMSB15B	-0.54261	35.305	-3.1E-01	rgb(151,177,229)	1.6896	None
LMX1A	HMGB3	-0.54261	34.76	-2.6E-01	rgb(161,183,227)	1.6788	None
HSF2	F10	-0.54241	34.74	-2.4E-01	rgb(165,185,226)	1.6784	None
TEAD1	SLC8A1	-0.54241	34.74	-2.4E-01	rgb(165,185,226)	1.6784	None
HES4	CCDC85B	0.54231	35.89	0.392	rgb(221,142,143)	1.7012	None
ZNF846	AGAP9	0.54221	35.77	0.271	rgb(220,165,166)	1.6988	2,2
ZNF519	GRIK5	-0.54211	36.685	-1.9E-01	rgb(177,193,224)	1.717	None
ARNT2	LINC00261	-0.54182	35.5	-2.0E-03	rgb(217,217,217)	1.6935	None
PBX3	STARD4-AS1	0.54182	34.3	0.299	rgb(220,160,161)	1.6697	None
PLAG1	POU2F2	0.54182	36.72	0.218	rgb(219,175,176)	1.7177	None
SPIB	RBP2	0.54172	37.075	0.076	rgb(218,203,203)	1.7247	None
ELF4	ASRGL1	-0.54142	36.18	-1.8E-01	rgb(178,193,224)	1.707	None
SPIB	FZD4	-0.54142	34.41	-4.1E-01	rgb(128,163,233)	1.6719	None
TFCP2L1	ITGA7	0.54142	36.175	0.177	rgb(219,183,183)	1.7069	None
ETV1	ANKRD45	-0.54122	36.68	-1.8E-01	rgb(178,193,224)	1.7169	None
PRDM16	NKD1	0.54122	36.68	0.178	rgb(219,183,183)	1.7169	None
EGR3	GLYATL3	-0.54112	35.87	-3.7E-01	rgb(137,168,231)	1.7008	None
MAFB	GNG2	-0.54102	36.925	-4.2E-01	rgb(125,161,233)	1.7217	None
ZNF117	MURC	0.54092	36.17	0.168	rgb(219,185,185)	1.7068	2,2
ATF5	CLCA4	-0.54082	36.315	-3.2E-01	rgb(148,175,229)	1.7096	None
ZNF846	NR2F2-AS1	0.54072	36.805	0.307	rgb(220,158,159)	1.7193	None
ZFHX2	NDRG4	0.54062	36.8	0.302	rgb(220,159,160)	1.7192	None
RFX6	NR4A3	0.54052	33.405	0.407	rgb(221,139,140)	1.652	None
ELF4	IFIT1	-0.54043	36.295	-2.9E-01	rgb(153,178,228)	1.7092	None
PDX1	KCTD12	0.54033	36.72	0.222	rgb(219,175,175)	1.7177	None
ZNF514	AX747755	0.54023	35.855	0.357	rgb(221,149,150)	1.7005	2,2
ZFHX2	JMJD1C-AS1	0.54013	36.865	0.367	rgb(221,147,148)	1.7205	None
NHLH1	PELI3	0.53973	37	0	rgb(217,217,217)	1.7232	None
ONECUT2	SPINK4	0.53973	37	0	rgb(217,217,217)	1.7232	None
PBX3	CLPS	0.53973	37	0	rgb(217,217,217)	1.7232	None
TFCP2L1	MPP2	0.53973	37	0	rgb(217,217,217)	1.7232	None
SIX2	ASIC4	0.53953	34.745	0.243	rgb(220,171,171)	1.6785	None
SMAD9	SMKR1	0.53953	34.745	0.247	rgb(220,170,170)	1.6785	None
ETV1	TMEM200A	0.53943	33.795	0.295	rgb(220,161,161)	1.6597	None
LMX1B	ARHGEF25	0.53933	35.66	0.161	rgb(219,186,187)	1.6967	2,2
RORC	ATP6V1G2	0.53923	35.745	0.245	rgb(220,170,171)	1.6983	None
GATA4	PALMD	0.53913	34.295	0.294	rgb(220,161,161)	1.6696	None
FOXP2	PKIA	0.53864	37	0	rgb(217,217,217)	1.7232	None
GATA4	MX2	0.53864	37	0	rgb(217,217,217)	1.7232	None
NKX2-2	HMGB3	0.53864	37	0	rgb(217,217,217)	1.7232	None
NR4A2	TP73	0.53864	37	0	rgb(217,217,217)	1.7232	None
PBX1	CTPS1	-0.53864	36.775	-2.8E-01	rgb(157,181,227)	1.7187	None
SIX2	CHD5	0.53854	36.385	0.387	rgb(221,143,144)	1.711	None
PRDM16	AX747264	-0.53844	36.225	-2.2E-01	rgb(168,187,226)	1.7078	2,2
TEAD2	ZFP28	0.53834	36.77	0.268	rgb(220,166,166)	1.7186	None
FOXD4L5	PTCH1	-0.53824	36.645	-1.5E-01	rgb(186,198,223)	1.7162	None
HIC1	TNFRSF6B	-0.53814	35.85	-3.5E-01	rgb(141,171,230)	1.7004	None
ETS1	DPYSL4	0.53804	36.735	0.235	rgb(220,172,173)	1.718	None
ELF4	ISLR2	0.53784	37	0	rgb(217,217,217)	1.7232	None
NEUROG3	DRD2	0.53784	37	0	rgb(217,217,217)	1.7232	None
NKX2-2	JAKMIP2	0.53774	36.215	0.215	rgb(219,176,176)	1.7076	None
SMAD9	LAPTM5	0.53764	36.57	0.068	rgb(218,204,204)	1.7147	None
LMX1A	SCUBE1	-0.53754	34.725	-2.3E-01	rgb(168,187,226)	1.6781	None
ZFP69B	NXPE1	0.53745	34.29	0.288	rgb(220,162,162)	1.6695	None
GATA4	LGR6	0.53735	36.12	0.121	rgb(218,194,194)	1.7058	None
RORC	NCAM1	0.53725	35.165	0.164	rgb(219,186,186)	1.6868	None
ONECUT3	TMEM196	-0.53715	35.81	-3.1E-01	rgb(150,176,229)	1.6996	None
HSF2	ZFP90	0.53705	34.36	0.36	rgb(221,148,149)	1.6709	None
POU5F1	RAB3C	0.53695	36.705	0.204	rgb(219,178,178)	1.7174	None
PDX1	WSCD1	-0.53685	33.34	-3.4E-01	rgb(144,172,230)	1.6507	None
ELF4	ZCCHC18	-0.53665	33.84	-3.4E-01	rgb(143,172,230)	1.6606	None
PBX3	CDK5R2	-0.53665	33.84	-3.4E-01	rgb(143,172,230)	1.6606	None
HSF2	GALNT16	-0.53655	34.725	-2.3E-01	rgb(168,187,226)	1.6781	None
MAFA	TSSK4	0.53645	35.145	0.143	rgb(219,190,190)	1.6864	None
ARX	TPPP3	0.53625	34.21	0.211	rgb(219,177,177)	1.6679	None
TFCP2L1	LAMP3	0.53625	34.21	0.21	rgb(219,177,177)	1.6679	None
SOX4	ENPP7	0.53615	36.52	0.022	rgb(217,213,213)	1.7137	None
HSF2	RASL11B	0.53605	36.19	0.192	rgb(219,180,181)	1.7072	None
HSF2	ENPP7	-0.53586	35.595	-9.6E-02	rgb(196,204,221)	1.6954	None
LHX1	KRTAP5-2	-0.53586	35.235	-2.3E-01	rgb(166,186,226)	1.6882	None
HIF1A	PDZD4	-0.53576	36.315	-3.2E-01	rgb(148,175,229)	1.7096	None
E2F7	GATA4	-0.53566	36.75	-2.5E-01	rgb(163,184,226)	1.7182	None
ETV1	OSBPL6	0.53556	36.23	0.232	rgb(220,173,173)	1.7079	None
EGR3	NHLH1	0.53536	35.62	0.118	rgb(218,194,195)	1.6959	None
GATA4	MMP2	-0.53536	35.62	-1.2E-01	rgb(191,201,222)	1.6959	None
LMX1B	LTBP2	0.53516	34.815	0.315	rgb(220,157,157)	1.6799	None
SIX2	GPR137C	0.53516	34.715	0.216	rgb(219,176,176)	1.6779	None
SPIB	LRRC37A	-0.53506	35.61	-1.1E-01	rgb(193,202,221)	1.6957	None
E2F7	PODXL2	-0.53486	34.865	-3.6E-01	rgb(138,169,231)	1.6809	None
HSF2	ARC	0.53486	36.045	0.043	rgb(217,209,209)	1.7043	None
RORC	SCGB1C1	-0.53476	35.58	-8.0E-02	rgb(200,206,220)	1.6951	None
ARX	CD52	0.53466	36.22	0.221	rgb(219,175,175)	1.7077	None
PAX6	DOCK8	-0.53456	36.72	-2.2E-01	rgb(169,188,225)	1.7177	None
TFCP2L1	NPW	0.53447	34.28	0.279	rgb(220,164,164)	1.6693	None
AEBP1	PCDH17	0.53437	33.39	0.39	rgb(221,142,143)	1.6517	2,2
GLIS2	CHRNB2	0.53427	36.595	0.096	rgb(218,199,199)	1.7152	None
TFCP2L1	CACNB4	-0.53417	36.71	-2.1E-01	rgb(171,189,225)	1.7175	None
TGIF2	LINC00643	0.53407	34.86	0.359	rgb(221,148,149)	1.6808	None
PLAG1	SLC6A17	-0.53397	35.585	-8.4E-02	rgb(199,206,220)	1.6952	None
HIF1A	LGR6	0.53387	36.33	0.331	rgb(221,154,155)	1.7099	None
ETS1	MAP1B	0.53377	35.77	0.272	rgb(220,165,166)	1.6988	None
TGIF2	PODN	-0.53367	35.215	-2.1E-01	rgb(171,189,225)	1.6878	None
ONECUT3	MSH5	0.53357	32.9	0.398	rgb(221,141,142)	1.642	None
SPIB	RTEL1	-0.53347	35.925	-4.2E-01	rgb(125,161,233)	1.7019	None
HIF1A	TAF9B	-0.53317	35.68	-1.8E-01	rgb(177,193,224)	1.697	None
LMX1A	FSTL5	0.53317	35.68	0.178	rgb(219,183,183)	1.697	None
PRDM16	NALCN	0.53317	35.68	0.18	rgb(219,183,183)	1.697	None
MAFB	KCNMB2	0.53308	36.09	0.088	rgb(218,200,200)	1.7052	None
RORC	BCRP3	0.53298	36.205	0.203	rgb(219,178,179)	1.7074	None
MAFA	TMOD1	0.53288	35.06	0.061	rgb(218,205,206)	1.6848	None
FOXA1	FAM135B	0.53268	35.27	0.269	rgb(220,166,166)	1.6889	None
PDX1	ELAVL3	0.53268	35.7	0.2	rgb(219,179,179)	1.6974	None
AKNA	FLJ31662	-0.53258	36.56	-5.8E-02	rgb(204,209,219)	1.7145	2,2
EGR3	CNGA4	0.53248	36.705	0.203	rgb(219,178,179)	1.7174	None
HES4	CEND1	0.53238	35.765	0.265	rgb(220,166,167)	1.6987	None
FOXA2	LRP4-AS1	-0.53218	34.79	-2.9E-01	rgb(154,179,228)	1.6794	None
MAFB	NAV3	0.53218	34.79	0.29	rgb(220,162,162)	1.6794	None
ZNF514	AK097119	0.53208	34.695	0.194	rgb(219,180,180)	1.6775	2,2
PRDM16	TSSK4	0.53198	36.065	0.066	rgb(218,204,205)	1.7047	None
CBX2	TNFSF14	0.53178	36.68	0.182	rgb(219,182,183)	1.7169	2,2
ZNF117	ABCC9	0.53178	35.455	0.453	rgb(222,131,131)	1.6926	2,2
NR4A3	TAC3	0.53159	34.69	0.189	rgb(219,181,181)	1.6774	None
SOX4	TMEM145	-0.53159	34.69	-1.9E-01	rgb(176,192,224)	1.6774	None
SMAD9	RNF150	0.53139	36.68	0.181	rgb(219,182,183)	1.7169	None
ZFHX2	SLC26A7	0.53139	34.84	0.339	rgb(221,152,153)	1.6804	None
NKX6-1	SDCBP2-AS1	-0.53119	35.75	-2.5E-01	rgb(163,184,226)	1.6984	None
TEAD2	LRFN1	0.53119	36.05	0.049	rgb(218,208,208)	1.7044	None
NR4A3	NHLH1	-0.53109	36.64	-1.4E-01	rgb(187,199,222)	1.7161	None
ZNF846	SYP	-0.53099	36.67	-1.7E-01	rgb(180,195,223)	1.7167	None
HIF1A	PNPO	0.53089	35.205	0.205	rgb(219,178,178)	1.6876	None
LHX1	MPP2	-0.53079	34.69	-1.9E-01	rgb(176,192,224)	1.6774	None
LHX1	FAM101B	-0.53059	36.26	-2.6E-01	rgb(161,183,227)	1.7085	2,2
TGIF2	IFI44	0.53059	36.26	0.262	rgb(220,167,167)	1.7085	None
LHX1	SYNM	0.53049	36.03	0.032	rgb(217,211,211)	1.704	None
TFCP2L1	ZFP69B	0.53039	36.18	0.182	rgb(219,182,183)	1.707	None
SOX4	WNT9A	-0.53029	36.01	-1.1E-02	rgb(215,216,217)	1.7036	None
ZNF846	LRP1B	0.53019	36.105	0.107	rgb(218,197,197)	1.7055	None
MAFB	MUC16	-0.5301	34.68	-1.8E-01	rgb(178,193,224)	1.6772	None
ONECUT1	ANGPT2	0.53	36.63	0.131	rgb(218,192,192)	1.7159	None
SIX2	NCALD	0.5299	35.835	0.336	rgb(221,153,153)	1.7001	None
PDX1	CCL19	-0.5298	36.27	-2.7E-01	rgb(158,181,227)	1.7087	None
NR4A3	APOC3	-0.5297	35.65	-1.5E-01	rgb(184,197,223)	1.6965	None
TEAD1	FAM71E2	-0.5296	33.38	-3.8E-01	rgb(135,167,231)	1.6515	None
NFAT5	LAPTM5	0.5295	35.375	0.376	rgb(221,145,146)	1.691	None
ZNF846	SMOC2	0.5294	36.66	0.159	rgb(219,187,187)	1.7165	None
TEAD1	ZDHHC11	0.5293	35.345	0.344	rgb(221,151,152)	1.6904	None
NKX2-2	MAPK8IP1	-0.5292	35.665	-1.6E-01	rgb(181,195,223)	1.6968	None
NEUROG3	RASL11B	0.5291	34.17	0.17	rgb(219,185,185)	1.6671	None
TEAD2	CNIH2	-0.529	35.365	-3.7E-01	rgb(137,169,231)	1.6908	None
PBX3	KCNJ2	0.5289	36.18	0.181	rgb(219,182,183)	1.707	None
NEUROG3	LAMP3	0.5288	34.265	0.264	rgb(220,167,167)	1.669	None
MAFA	ZNF117	0.5287	36.3	0.299	rgb(220,160,161)	1.7093	None
EGR3	NUP210	0.52861	34.675	0.174	rgb(219,184,184)	1.6771	None
ELF4	ZRANB2-AS1	-0.52851	35.655	-1.6E-01	rgb(183,196,223)	1.6966	None
ETV1	APOC3	0.52841	35.73	0.23	rgb(220,173,173)	1.698	None
CCDC17	CGREF1	0.52831	36.655	0.154	rgb(219,187,188)	1.7164	2,2
HSF2	RPLP0P2	-0.52821	34.765	-2.7E-01	rgb(159,182,227)	1.6789	None
PBX3	KIF1A	-0.52811	35.23	-2.3E-01	rgb(167,186,226)	1.6881	None
MAFA	SLC6A16	0.52801	32.885	0.385	rgb(221,143,144)	1.6417	None
ATF6	NPY	-0.52781	34.66	-1.6E-01	rgb(182,196,223)	1.6768	None
SMAD9	PMP22	0.52781	34.66	0.161	rgb(219,186,187)	1.6768	None
SOX4	RCOR2	0.52771	33.32	0.322	rgb(221,155,156)	1.6503	None
AEBP1	GPR116	0.52761	36.145	0.145	rgb(219,189,190)	1.7063	2,2
TGIF2	SLC38A5	-0.52751	35.335	-3.3E-01	rgb(144,173,230)	1.6902	None
FOXA1	EPM2A	0.52741	35.72	0.222	rgb(219,175,175)	1.6978	None
ARNT2	VWA5B2	-0.52731	34.665	-1.6E-01	rgb(181,195,223)	1.6769	None
HSF2	HSPB7	-0.52721	34.155	-1.6E-01	rgb(183,196,223)	1.6668	None
EGR3	UPK2	-0.52712	35.79	-2.9E-01	rgb(154,179,228)	1.6992	None
TEAD2	HDAC7	0.52702	33.82	0.321	rgb(221,156,156)	1.6602	None
NHLH1	LMX1B	-0.52682	36.52	-1.9E-02	rgb(213,214,218)	1.7137	None
PDX1	CAND2	0.52682	36.62	0.119	rgb(218,194,194)	1.7157	None
SPIB	MCM3AP-AS1	-0.52672	35.165	-1.6E-01	rgb(181,195,223)	1.6868	None
PROX1	ASCL2	-0.52662	36.555	-5.4E-02	rgb(205,210,219)	1.7144	None
MAFA	B3GAT1	0.52652	35.215	0.216	rgb(219,176,176)	1.6878	None
EGR3	NCS1	-0.52642	35.62	-1.2E-01	rgb(191,201,222)	1.6959	None
PBX3	ATP1A3	0.52632	32.88	0.379	rgb(221,145,145)	1.6416	None
ELF4	SSTR5-AS1	0.52622	36.525	0.025	rgb(217,212,212)	1.7138	None
ZFHX2	SMAD9	0.52612	36.11	0.108	rgb(218,196,197)	1.7056	None
SOX4	IGFN1	0.52602	33.315	0.316	rgb(220,157,157)	1.6502	None
NR4A2	TGIF2	-0.52592	34.74	-2.4E-01	rgb(165,185,226)	1.6784	None
LHX1	PALMD	-0.52582	35.2	-2.0E-01	rgb(173,190,225)	1.6875	None
ETS1	BEGAIN	0.52573	33.755	0.255	rgb(220,168,169)	1.6589	None
HSF2	KRTAP5-2	-0.52563	35.7	-2.0E-01	rgb(173,190,225)	1.6974	None
ZFHX2	TMEM45A	0.52553	35.78	0.279	rgb(220,164,164)	1.699	None
MYT1	LRRC16B	0.52543	33.815	0.317	rgb(220,156,157)	1.6601	2,2
NEUROD2	AMBP	0.52533	35.295	0.293	rgb(220,161,162)	1.6894	None
TEAD2	HSF2	-0.52523	35.69	-1.9E-01	rgb(176,192,224)	1.6972	None
NKX2-2	NEFL	-0.52513	34.25	-2.5E-01	rgb(163,184,226)	1.6687	None
MAFA	NPSR1-AS1	0.52483	35.075	0.073	rgb(218,203,203)	1.6851	None
SOX4	AMPH	-0.52483	34.79	-2.9E-01	rgb(154,179,228)	1.6794	None
ZNF846	FAM171A2	-0.52483	34.275	-2.8E-01	rgb(157,180,228)	1.6692	None
ELF4	MYRF	-0.52473	35.685	-1.9E-01	rgb(177,192,224)	1.6971	None
LHX1	ZNF117	-0.52463	36.305	-3.0E-01	rgb(151,177,229)	1.7094	None
LHX1	NPM2	-0.52453	35.53	-3.1E-02	rgb(210,213,218)	1.6941	None
LMX1B	CBX2	0.52443	35.76	0.259	rgb(220,168,168)	1.6986	None
PDX1	ST8SIA3	-0.52433	33.31	-3.1E-01	rgb(150,176,229)	1.6501	None
FOXD4L5	S100A1	0.52414	36.345	0.344	rgb(221,151,152)	1.7102	None
GATA4	SPC25	0.52414	36.575	0.077	rgb(218,202,203)	1.7148	None
MAFB	FAM71E2	0.52404	34.785	0.285	rgb(220,162,163)	1.6793	None
NR4A3	PRKXP1	0.52394	34.565	0.067	rgb(218,204,204)	1.675	None
TET1	AHNAK	0.52384	36.57	0.071	rgb(218,203,204)	1.7147	None
SIX2	CTNND1	0.52374	36.25	0.25	rgb(220,169,170)	1.7083	None
LHX1	CCDC150	0.52364	32.87	0.371	rgb(221,146,147)	1.6414	None
NEUROG3	SCG2	0.52354	32.925	0.425	rgb(222,136,137)	1.6425	None
HSF2	APOC3	0.52334	36.555	0.054	rgb(218,207,207)	1.7144	None
HSF2	DHRS2	-0.52334	36.555	-5.3E-02	rgb(205,210,219)	1.7144	None
EGR3	GIP	-0.52324	35.25	-2.5E-01	rgb(163,184,226)	1.6885	None
SPIB	GDF1	0.52314	36.545	0.043	rgb(217,209,209)	1.7142	None
ARNT2	TMEM158	0.52304	34.02	0.018	rgb(217,214,214)	1.6642	None
HLF	AX748322	-0.52294	35.375	-3.8E-01	rgb(135,167,231)	1.691	2,2
LMX1B	NEFL	0.52284	35.735	0.237	rgb(220,172,172)	1.6981	None
ATF5	AK122764	-0.52275	33.305	-3.1E-01	rgb(151,177,229)	1.65	2,2
SMAD9	NDRG4	-0.52265	36.53	-3.2E-02	rgb(210,213,218)	1.7139	None
ONECUT2	APLN	-0.52255	34.41	-4.1E-01	rgb(128,163,233)	1.6719	None
TEAD2	MAFB	-0.52245	36.2	-2.0E-01	rgb(174,191,225)	1.7074	None
HSF2	BCORL1	-0.52235	36.35	-3.5E-01	rgb(141,171,230)	1.7103	None
AKNA	AK027252	-0.52225	35.715	-2.2E-01	rgb(170,188,225)	1.6977	2,2
HSF2	FER1L6-AS1	0.52215	35.645	0.146	rgb(219,189,189)	1.6964	None
EBF3	CADM3	0.52155	36.5	0	rgb(217,217,217)	1.7133	None
FOXD4L5	SEZ6L	0.52155	36.5	0	rgb(217,217,217)	1.7133	None
HIC1	PLCL1	0.52155	36.5	0	rgb(217,217,217)	1.7133	None
HSF2	LEFTY1	0.52155	36.5	0	rgb(217,217,217)	1.7133	None
MAFB	NTNG2	0.52155	36.5	0	rgb(217,217,217)	1.7133	None
PAX4	GNG4	0.52155	36.5	0	rgb(217,217,217)	1.7133	None
ZNF519	IFIT1	0.52145	33.74	0.242	rgb(220,171,171)	1.6586	None
ELF4	NAT14	0.52056	36.5	0	rgb(217,217,217)	1.7133	None
FOXA1	TFF2	-0.52056	35.145	-1.5E-01	rgb(185,198,223)	1.6864	None
HSF2	TFPI2	0.52056	36.5	0	rgb(217,217,217)	1.7133	None
LMX1A	CAMK1	0.52056	36.5	0	rgb(217,217,217)	1.7133	None
LMX1B	TRPM2	0.52056	36.5	0	rgb(217,217,217)	1.7133	None
LMX1B	TTLL7	0.52056	36.5	0	rgb(217,217,217)	1.7133	None
MAFB	TTLL10	0.52056	36.5	0	rgb(217,217,217)	1.7133	None
ONECUT2	EML5	0.52056	36.5	0	rgb(217,217,217)	1.7133	None
TET1	ATP1A3	0.52056	36.5	0	rgb(217,217,217)	1.7133	None
EGR3	AIF1	-0.52046	32.865	-3.6E-01	rgb(138,169,231)	1.6413	None
LHX1	TTR	-0.52036	36.33	-3.3E-01	rgb(145,173,230)	1.7099	None
EGR3	SLC38A5	0.52016	36.5	0	rgb(217,217,217)	1.7133	None
ETV1	STX1A	0.52016	36.5	0	rgb(217,217,217)	1.7133	None
HOXB9	RPS3	-0.52006	36.14	-1.4E-01	rgb(186,198,222)	1.7062	None
RFX3	MMRN1	0.51996	36.145	0.147	rgb(219,189,189)	1.7063	None
ONECUT2	CDRT4	-0.51986	35.35	-3.5E-01	rgb(141,171,230)	1.6905	None
FOXD4L5	CHD5	0.51937	36.5	0	rgb(217,217,217)	1.7133	None
GATA2	BAMBI	0.51937	36.5	0	rgb(217,217,217)	1.7133	None
MAFF	RORC	0.51937	36.5	0	rgb(217,217,217)	1.7133	None
ZFP82	ONECUT3	0.51937	36.5	0	rgb(217,217,217)	1.7133	None
ZNF514	SMA	0.51937	36.5	0	rgb(217,217,217)	1.7133	2,2
LHX1	SPON1	0.51927	34.69	0.192	rgb(219,180,181)	1.6774	None
NHLH1	GAL	0.51917	34.365	0.363	rgb(221,148,148)	1.671	None
ZFP82	SYT2	-0.51907	32.915	-4.2E-01	rgb(127,162,233)	1.6423	None
TGIF2	INSRR	0.51897	34.68	0.181	rgb(219,182,183)	1.6772	None
PDX1	CITED2	0.51887	36.225	0.227	rgb(219,174,174)	1.7078	None
MAFA	FSTL5	0.51877	34.76	0.261	rgb(220,167,168)	1.6788	None
FOXD4L5	SH3BP5-AS1	0.51857	36	0.001	rgb(217,217,217)	1.7034	None
ZNF846	AK128559	0.51857	36	3.4E-04	rgb(217,217,217)	1.7034	2,2
FOXA2	NREP	0.51838	32.445	0.443	rgb(222,132,133)	1.633	None
NEUROG3	KCNE4	0.51838	32.445	0.444	rgb(222,132,133)	1.633	None
ONECUT3	FAT3	0.51828	35.21	0.209	rgb(219,177,177)	1.6877	None
AEBP1	CHL1	0.51818	35.81	0.311	rgb(220,158,158)	1.6996	2,2
PRDM16	GAN	0.51808	32.86	0.358	rgb(221,149,149)	1.6412	None
TFCP2L1	GADD45G	0.51798	34.755	0.254	rgb(220,168,169)	1.6787	None
GATA4	FAM135B	-0.51788	35.3	-3.0E-01	rgb(151,177,228)	1.6895	None
MAFA	TMEM145	0.51768	36.18	0.179	rgb(219,183,183)	1.707	None
PAX6	RORC	0.51768	36.18	0.18	rgb(219,183,183)	1.707	None
HSF2	ADM5	0.51758	36.15	0.15	rgb(219,188,189)	1.7064	None
PDX1	TFCP2L1	0.51748	34.235	0.235	rgb(220,172,173)	1.6684	None
ZFP62	AK023417	0.51738	35.62	0.121	rgb(218,194,194)	1.6959	2,2
TFCP2L1	UNC79	0.51718	34.86	0.358	rgb(221,149,149)	1.6808	None
ZFHX2	CCDC86	-0.51718	34.86	-3.6E-01	rgb(139,170,231)	1.6808	None
RFX2	ATP13A4	0.51708	32.91	0.408	rgb(221,139,140)	1.6422	None
NKX6-1	ABCA9	-0.51698	34.8	-3.0E-01	rgb(152,178,228)	1.6796	None
LMX1A	RPS6KL1	0.51689	35.08	0.078	rgb(218,202,202)	1.6852	None
SMAD9	HERC5	0.51669	36.105	0.107	rgb(218,197,197)	1.7055	None
TFCP2L1	ISLR2	0.51669	35.715	0.215	rgb(219,176,176)	1.6977	None
ETV1	ANKFN1	-0.51659	35.22	-2.2E-01	rgb(169,188,225)	1.6879	None
EBF3	HMGB3	0.51649	36.195	0.196	rgb(219,180,180)	1.7073	None
RFX3	MYSM1	0.51639	33.87	0.372	rgb(221,146,147)	1.6612	None
FOXD4L5	LIMS2	0.51619	36.24	0.24	rgb(220,171,172)	1.7081	None
GATA4	F10	-0.51619	36.21	-2.1E-01	rgb(171,189,225)	1.7075	None
PRDM16	KCNC1	-0.51609	36.235	-2.3E-01	rgb(166,186,226)	1.708	None
NEUROD2	APOA1	-0.51599	35.59	-8.8E-02	rgb(198,205,220)	1.6953	None
GATA2	AK128833	0.51579	33.86	0.36	rgb(221,148,149)	1.661	2,2
SPIB	CNR1	0.51579	34.22	0.219	rgb(219,175,176)	1.6681	None
MAFB	STX2	-0.51559	35.77	-2.7E-01	rgb(158,181,227)	1.6988	None
SMAD9	MUC5B	-0.51559	35.77	-2.7E-01	rgb(159,181,227)	1.6988	None
SPIB	DUSP2	0.51549	36.225	0.226	rgb(219,174,174)	1.7078	None
NHLH1	PRRT3	0.5154	32.905	0.403	rgb(221,140,141)	1.6421	None
PAX6	DPYSL4	-0.5153	33.345	-3.5E-01	rgb(142,171,230)	1.6508	None
LHX1	ABLIM2	0.5152	34.77	0.27	rgb(220,166,166)	1.679	None
TP73	LIMS2	0.5151	35.76	0.261	rgb(220,167,168)	1.6986	None
CXXC4	LIMD2	-0.515	35.27	-2.7E-01	rgb(158,181,227)	1.6889	2,2
FOXD4L5	MYBPC3	-0.5149	35.69	-1.9E-01	rgb(176,192,224)	1.6972	None
MAFA	MAFB	0.5148	34.7	0.201	rgb(219,179,179)	1.6776	None
ZNF846	MUC3A	-0.5147	35.755	-2.5E-01	rgb(162,184,227)	1.6985	2,2
EGR3	CAMKV	0.5146	36.205	0.205	rgb(219,178,178)	1.7074	None
EGR3	WWC2-AS2	0.5145	36.08	0.082	rgb(218,201,201)	1.705	None
PDX1	REM2	-0.5144	35.03	-3.2E-02	rgb(210,213,218)	1.6842	None
SOX4	UNC93A	0.5143	33.285	0.287	rgb(220,162,163)	1.6496	None
NEUROD1	SLC6A17	-0.5142	34.205	-2.1E-01	rgb(172,190,225)	1.6678	None
ETV1	PTPRN	0.5141	35.77	0.272	rgb(220,165,166)	1.6988	None
AEBP1	NKX6-1	0.514	34.715	0.217	rgb(219,176,176)	1.6779	2,2
POU5F1	HSPA2	-0.51391	34.865	-3.6E-01	rgb(138,169,231)	1.6809	None
NR4A2	CCL19	0.51381	35.155	0.157	rgb(219,187,187)	1.6866	None
GATA2	PPP1R16B	0.51371	35.765	0.265	rgb(220,166,167)	1.6987	None
ZFP82	ETS1	0.51351	32.9	0.399	rgb(221,141,142)	1.642	None
ZNF117	GOLGA6L9	0.51351	32.9	0.4	rgb(221,141,141)	1.642	2,2
HSF2	LDB1	-0.51341	35.255	-2.5E-01	rgb(162,183,227)	1.6886	None
PBX3	SH2D3C	0.51331	36.17	0.171	rgb(219,184,185)	1.7068	None
NR4A3	LHFPL4	0.51321	34.555	0.056	rgb(218,206,206)	1.6748	None
LMX1B	HSPA12A	0.51311	33.705	0.206	rgb(219,178,178)	1.6579	None
ZFP82	STARD4-AS1	0.51301	33.835	0.337	rgb(221,153,153)	1.6605	None
TEAD2	WNK3	-0.51291	36.17	-1.7E-01	rgb(180,195,223)	1.7068	None
ATF6	IFI27	0.51281	34.345	0.344	rgb(221,151,152)	1.6706	2,2
MAFA	KTN1-AS1	-0.51271	34.8	-3.0E-01	rgb(152,177,228)	1.6796	None
GATA4	SCN2A	-0.51261	32.845	-3.5E-01	rgb(142,171,230)	1.6409	None
GATA4	MTUS2	-0.51251	34.74	-2.4E-01	rgb(164,185,226)	1.6784	None
RFX6	PSD	0.51242	32.49	0.491	rgb(222,123,124)	1.6338	None
ARX	SCT	0.51232	35.33	0.329	rgb(221,154,155)	1.6901	None
GATA4	KLK12	-0.51222	35.725	-2.2E-01	rgb(169,188,225)	1.6979	None
ARX	SMTNL2	0.51212	35.61	0.112	rgb(218,196,196)	1.6957	None
ZFP82	CORO2B	0.51202	34.82	0.322	rgb(221,155,156)	1.68	None
ELF4	BGN	0.51192	35.12	0.119	rgb(218,194,194)	1.686	None
LHX1	C2CD4A	0.51182	34.66	0.16	rgb(219,186,187)	1.6768	None
NFAT5	AGAP11	0.51172	34.655	0.157	rgb(219,187,187)	1.6767	None
PRDM16	RUSC1-AS1	0.51162	34.81	0.308	rgb(220,158,159)	1.6798	None
ONECUT3	TMEM45A	0.51152	33.82	0.322	rgb(221,155,156)	1.6602	None
NR4A3	SCN3B	0.51142	36.1	0.098	rgb(218,198,199)	1.7054	None
SIX2	CYGB	0.51132	35.71	0.211	rgb(219,177,177)	1.6976	None
TFCP2L1	ZFP2	0.51122	35.09	0.092	rgb(218,199,200)	1.6854	None
RORC	DHRS2	0.51112	32.84	0.341	rgb(221,152,153)	1.6408	None
ETS1	ZCCHC18	-0.51103	33.815	-3.1E-01	rgb(149,176,229)	1.6601	None
ETV1	ST18	0.51093	33.77	0.272	rgb(220,165,166)	1.6592	None
MAFB	INSRR	0.51083	34.775	0.276	rgb(220,164,165)	1.6791	None
FEV	TSPAN11	0.51073	35.645	0.146	rgb(219,189,189)	1.6964	None
DPF3	LTF	-0.51063	35.7	-2.0E-01	rgb(174,191,225)	1.6974	None
FOXA1	CRIP2	0.51053	34.825	0.327	rgb(221,155,155)	1.6801	None
ETV1	TEKT2	0.51043	35.57	0.071	rgb(218,203,204)	1.6949	None
HIC1	GATA4	0.51033	35.11	0.108	rgb(218,196,197)	1.6858	None
TFCP2L1	LGI3	-0.51023	34.615	-1.2E-01	rgb(192,202,221)	1.6759	None
PBX3	FSD1	0.50993	33.33	0.331	rgb(221,154,154)	1.6505	None
SMAD9	MMP11	0.50993	33.33	0.33	rgb(221,154,155)	1.6505	None
ZNF846	POU6F1	0.50993	33.675	0.174	rgb(219,184,184)	1.6573	None
SIX2	ANGPT2	0.50983	35.76	0.261	rgb(220,167,168)	1.6986	None
FOXP2	MUC16	0.50963	32.835	0.335	rgb(221,153,154)	1.6407	None
LMX1B	ALAS2	0.50963	32.835	0.336	rgb(221,153,153)	1.6407	None
ETS1	MYBPC2	0.50954	35.685	0.187	rgb(219,181,182)	1.6971	None
SMAD9	TCTEX1D4	0.50944	34.695	0.195	rgb(219,180,180)	1.6775	None
PRDM16	BEND5	-0.50934	35.51	-1.2E-02	rgb(214,215,217)	1.6937	None
SOX4	SV2A	-0.50914	32.885	-3.8E-01	rgb(134,166,232)	1.6417	None
ZNF492	CSH1	-0.50914	32.885	-3.9E-01	rgb(133,166,232)	1.6417	None
KCNIP3	BC020343	0.50904	35.25	0.248	rgb(220,170,170)	1.6885	2,2
CCDC17	AK316321	-0.50894	35.775	-2.8E-01	rgb(157,181,228)	1.6989	2,2
ARNT2	RPS6KL1	-0.50884	34.75	-2.5E-01	rgb(163,184,226)	1.6786	None
CSRNP3	FLJ35024	0.50874	34.31	0.309	rgb(220,158,159)	1.6699	2,2
TGIF2	LHX1	0.50864	34.57	0.07	rgb(218,204,204)	1.6751	None
ONECUT1	USH2A	0.50854	34.25	0.249	rgb(220,169,170)	1.6687	None
ZBTB25	BC068238	0.50844	34.795	0.295	rgb(220,161,161)	1.6795	2,2
E2F7	MTSS1	-0.50824	35.505	-6.4E-03	rgb(216,216,217)	1.6936	None
TFCP2L1	ADCY1	0.50824	35.37	0.368	rgb(221,147,147)	1.6909	None
FOXA1	TET1	0.50814	36.085	0.087	rgb(218,200,201)	1.7051	None
HSF2	RFTN2	0.50805	36.03	0.028	rgb(217,212,212)	1.704	None
LHX1	YPEL1	0.50795	34.745	0.245	rgb(220,170,171)	1.6785	None
FOXD4L5	CIB4	0.50785	34.76	0.261	rgb(220,167,168)	1.6788	None
SMAD9	SH2D3C	0.50775	35.18	0.178	rgb(219,183,183)	1.6871	None
LMX1A	ETV1	0.50745	33.26	0.26	rgb(220,167,168)	1.6491	None
PAX6	FGF14	0.50745	33.26	0.261	rgb(220,167,168)	1.6491	None
ZNF846	CEP290	0.50745	33.26	0.259	rgb(220,167,168)	1.6491	None
EGR3	HHEX	-0.50735	35.18	-1.8E-01	rgb(178,193,224)	1.6871	None
PAX6	BEGAIN	0.50725	34.755	0.256	rgb(220,168,169)	1.6787	None
MAFA	LDHD	0.50715	32.46	0.461	rgb(222,129,130)	1.6332	None
SOX4	CCL19	-0.50705	34.605	-1.0E-01	rgb(194,203,221)	1.6757	None
MXI1	NOVA2	-0.50695	36.005	-2.7E-03	rgb(216,217,217)	1.7035	None
TP73	IGFN1	0.50685	33.655	0.155	rgb(219,187,188)	1.6569	None
MAFA	CPB1	0.50675	32.88	0.381	rgb(221,144,145)	1.6416	None
ETV1	C7	0.50665	36.065	0.065	rgb(218,205,205)	1.7047	None
TEAD2	AIF1	-0.50656	35.27	-2.7E-01	rgb(158,181,227)	1.6889	None
FEV	RRAGD	0.50646	34.745	0.246	rgb(220,170,171)	1.6785	None
ARX	RNF213	0.50626	33.755	0.256	rgb(220,168,169)	1.6589	None
FOXD4L5	FSTL5	0.50626	33.755	0.254	rgb(220,168,169)	1.6589	None
CSRNP3	AK056486	0.50616	36.045	0.044	rgb(217,209,209)	1.7043	2,2
ATF6	FAM161A	0.50606	34.09	0.09	rgb(218,200,200)	1.6655	None
PDX1	CD300LF	0.50596	35.23	0.228	rgb(220,173,174)	1.6881	None
HSF2	LGR6	-0.50576	34.87	-3.7E-01	rgb(137,168,231)	1.681	None
ONECUT3	RAB3C	0.50576	34.87	0.368	rgb(221,147,148)	1.681	None
MAFA	CACNA1G	0.50566	32.455	0.454	rgb(222,130,131)	1.6331	None
SOX4	IFI44	0.50556	34.075	0.073	rgb(218,203,203)	1.6652	None
TEAD1	CHRNA5	-0.50546	34.12	-1.2E-01	rgb(191,201,222)	1.6661	None
ARX	CHST8	-0.50536	35.64	-1.4E-01	rgb(187,199,222)	1.6963	None
GLIS2	CCDC150	-0.50526	34.225	-2.3E-01	rgb(168,187,226)	1.6682	None
GATA4	PDX1	0.50516	32.39	0.392	rgb(221,142,143)	1.6319	None
FOXJ1	CLCA1	0.50457	36	0	rgb(217,217,217)	1.7034	None
HSF2	MMD2	0.50457	36	0	rgb(217,217,217)	1.7034	None
POU5F1	ADCY1	0.50457	36	0	rgb(217,217,217)	1.7034	None
TFCP2L1	LHX1	0.50457	34.05	0.052	rgb(218,207,207)	1.6648	None
ZFP82	SPAG8	0.50457	36	0	rgb(217,217,217)	1.7034	None
ZNF514	DQ600483	0.50457	34.83	0.328	rgb(221,154,155)	1.6802	2,2
LHX1	COL21A1	0.50427	33.775	0.274	rgb(220,165,165)	1.6593	None
PBX1	SCUBE3	0.50427	33.775	0.276	rgb(220,164,165)	1.6593	None
SMAD9	SLC12A5	0.50427	33.775	0.277	rgb(220,164,165)	1.6593	None
EGR3	ROBO1	0.50368	36	0	rgb(217,217,217)	1.7034	None
LHX1	TUBB3	0.50368	36	0	rgb(217,217,217)	1.7034	None
LMX1A	STMN4	0.50368	36	0	rgb(217,217,217)	1.7034	None
PBX3	UNC79	0.50368	36	0	rgb(217,217,217)	1.7034	None
RFX2	KIAA1549	0.50368	36	0	rgb(217,217,217)	1.7034	None
ZNF514	LOC441081	0.50368	36	0	rgb(217,217,217)	1.7034	2,2
EGR3	SOCS1	0.50298	36	0	rgb(217,217,217)	1.7034	None
ETS1	ATP13A4	0.50298	36	0	rgb(217,217,217)	1.7034	None
FOXD4L5	LRP3	0.50298	36	0	rgb(217,217,217)	1.7034	None
FOXJ1	VCAN	0.50298	36	0	rgb(217,217,217)	1.7034	None
RORC	AP3B2	0.50298	36	0	rgb(217,217,217)	1.7034	None
TEAD2	MALAT1	0.50298	36	0	rgb(217,217,217)	1.7034	None
TP73	AMBP	0.50298	36	0	rgb(217,217,217)	1.7034	None
ZNF514	DQ570835	0.50288	35.72	0.22	rgb(219,175,175)	1.6978	2,2
ONECUT3	CIB4	-0.50278	34.35	-3.5E-01	rgb(141,171,230)	1.6707	None
PBX1	NPTX1	0.50268	35.63	0.129	rgb(218,192,193)	1.6961	None
MAFA	WSB1	0.50248	34.425	0.424	rgb(222,136,137)	1.6722	None
PBX1	AK131337	0.50248	35.53	0.028	rgb(217,212,212)	1.6941	2,2
TFCP2L1	PARD6A	0.50238	32.45	0.451	rgb(222,131,132)	1.633	None
POU5F1	RPLP0P2	0.50228	34.84	0.34	rgb(221,152,153)	1.6804	None
LHX1	SPDYA	0.50159	36	0	rgb(217,217,217)	1.7034	None
LHX1	ZCCHC18	0.50159	36	0	rgb(217,217,217)	1.7034	None
NEUROD2	ZFP2	0.50159	36	0	rgb(217,217,217)	1.7034	None
RFX2	SLC7A2	0.50159	36	0	rgb(217,217,217)	1.7034	None
TFCP2L1	SMARCA1	0.50159	36	0	rgb(217,217,217)	1.7034	None
ZNF382	MEX3A	0.50159	36	0	rgb(217,217,217)	1.7034	None
ZNF514	AK125858	0.50159	35.195	0.197	rgb(219,179,180)	1.6874	2,2
CCDC17	AK091729	0.50149	35.235	0.234	rgb(220,172,173)	1.6882	2,2
TFCP2L1	MAP9	0.50139	35.51	0.008	rgb(217,216,216)	1.6937	None
ZFP82	ARNT2	0.50119	34.27	0.272	rgb(220,165,166)	1.6691	None
ZNF846	MAPK8IP1	0.50119	35.315	0.315	rgb(220,157,157)	1.6898	None
RFX2	CCDC74B	0.50109	35.27	0.272	rgb(220,165,166)	1.6889	None
TEAD2	TGIF2	0.50099	32.82	0.322	rgb(221,156,156)	1.6404	None
NKX6-1	IGSF10	0.50089	35.715	0.215	rgb(219,176,176)	1.6977	None
E2F7	MAPK8IP1	-0.5007	34.39	-3.9E-01	rgb(133,166,232)	1.6715	None
PDX1	TMEM158	0.5007	34.32	0.322	rgb(221,155,156)	1.6701	None
DACH1	FAM105A	0.5005	32.445	0.447	rgb(222,132,132)	1.633	2,2
E2F7	CRY2	-0.5005	33.96	-4.6E-01	rgb(117,156,235)	1.663	None
EGR3	MAST1	-0.5004	35.19	-1.9E-01	rgb(176,192,224)	1.6873	None
PBX3	GAP43	0.5002	34.31	0.31	rgb(220,158,158)	1.6699	None
TEAD2	MAPK4	-0.5002	34.31	-3.1E-01	rgb(150,176,229)	1.6699	None
TFCP2L1	FKBP7	0.5001	33.94	0.439	rgb(222,133,134)	1.6626	None
FOXA1	BASP1	0.5	32.38	0.378	rgb(221,145,146)	1.6317	None
TFCP2L1	SOGA3	0.4999	35.16	0.162	rgb(219,186,186)	1.6867	None
LMX1B	ATP6V0E2	0.4998	33.31	0.311	rgb(220,158,158)	1.6501	None
MAFB	MEX3B	0.4997	33.925	0.427	rgb(222,135,136)	1.6623	None
ASCL1	CEND1	0.4996	34.785	0.284	rgb(220,163,163)	1.6793	None
LHX1	HOMEZ	0.4994	35.18	0.181	rgb(219,182,183)	1.6871	None
ZNF846	AK127443	0.4994	35.18	0.182	rgb(219,182,183)	1.6871	2,2
HLF	BC073817	0.4993	35.695	0.197	rgb(219,179,180)	1.6973	2,2
RFX2	STARD8	0.49921	35.58	0.082	rgb(218,201,201)	1.6951	None
E2F7	STXBP1	0.49901	34.58	0.079	rgb(218,202,202)	1.6753	None
GATA2	MPPED1	0.49901	33.24	0.239	rgb(220,171,172)	1.6487	None
TFCP2L1	C2CD4B	0.49891	34.365	0.365	rgb(221,147,148)	1.671	None
TEAD1	LONRF2	0.49881	33.47	0.472	rgb(222,127,128)	1.6533	None
FOXJ1	DHRS2	0.49871	32.815	0.315	rgb(220,157,157)	1.6403	None
PRDM16	RBP1	-0.49861	33.46	-4.6E-01	rgb(118,157,234)	1.6531	None
FOXA1	USP32P2	0.49831	35.275	0.276	rgb(220,164,165)	1.689	None
MAFF	SLC26A7	-0.49831	34.685	-1.9E-01	rgb(177,192,224)	1.6773	None
ZNF382	PDX1	-0.49831	35.275	-2.7E-01	rgb(158,181,227)	1.689	None
MYRF	SULT1A4	-0.49821	34.29	-2.9E-01	rgb(154,179,228)	1.6695	None
RORC	JAKMIP1	-0.49811	34.775	-2.8E-01	rgb(157,181,227)	1.6791	None
PAX6	RET	0.49801	34.54	0.04	rgb(217,209,209)	1.6745	None
MAFA	EFCC1	0.49791	33.85	0.348	rgb(221,151,151)	1.6608	None
CBX2	AB007962	0.49781	35.265	0.266	rgb(220,166,167)	1.6888	2,2
ETS1	MUC17	0.49772	32.375	0.374	rgb(221,146,146)	1.6316	None
GATA2	UPK2	0.49752	35.375	0.374	rgb(221,146,146)	1.691	None
ONECUT2	ZFP62	0.49752	31.97	0.472	rgb(222,127,128)	1.6235	None
ARNT2	CHRNB2	-0.49722	35.01	-1.1E-02	rgb(215,216,217)	1.6838	None
MAFA	DKK3	0.49722	35.655	0.156	rgb(219,187,188)	1.6966	None
TEAD1	LRP1B	-0.49722	35.13	-1.3E-01	rgb(189,200,222)	1.6862	None
NEUROD1	ADAMTSL2	0.49712	33.235	0.236	rgb(220,172,172)	1.6486	None
TEAD1	TMEM169	-0.49702	34.645	-1.4E-01	rgb(186,198,222)	1.6765	None
MAFB	RNF157-AS1	-0.49692	35.72	-2.2E-01	rgb(169,188,225)	1.6978	None
CCDC17	LOC100652999	0.49672	33.73	0.23	rgb(220,173,174)	1.6584	2,2
GATA4	ANKRD45	-0.49672	33.73	-2.3E-01	rgb(167,187,226)	1.6584	None
LHX1	P2RX6	-0.49652	33.895	-4.0E-01	rgb(131,165,232)	1.6617	None
PDX1	CACNB4	-0.49652	33.895	-3.9E-01	rgb(131,165,232)	1.6617	None
ONECUT3	KCNMB2	0.49642	35.255	0.255	rgb(220,168,169)	1.6886	None
LHX1	ZFP82	-0.49632	34.635	-1.3E-01	rgb(188,199,222)	1.6763	None
EGR3	RTEL1	0.49623	34.77	0.268	rgb(220,166,166)	1.679	None
LHX1	CIB4	-0.49593	34.345	-3.5E-01	rgb(142,171,230)	1.6706	None
LMX1B	MLN	-0.49593	33.835	-3.3E-01	rgb(145,173,230)	1.6605	None
ZNF846	SSTR3	-0.49593	32.81	-3.1E-01	rgb(150,176,229)	1.6402	None
RFX3	GABBR2	0.49583	35.175	0.173	rgb(219,184,184)	1.687	None
ONECUT2	PKIA	0.49573	35.62	0.119	rgb(218,194,195)	1.6959	None
HLF	CDK5R1	0.49563	35.11	0.111	rgb(218,196,196)	1.6858	None
HSF2	ATP13A4	0.49553	35.06	0.058	rgb(218,206,206)	1.6848	None
PRDM16	RPS6KL1	-0.49543	34.755	-2.6E-01	rgb(161,183,227)	1.6787	None
HSF2	CHD5	-0.49533	34.7	-2.0E-01	rgb(174,191,225)	1.6776	None
LMX1B	TMPRSS11E	-0.49523	34.335	-3.4E-01	rgb(144,172,230)	1.6704	None
SOX4	DLL1	0.49503	32.37	0.369	rgb(221,147,147)	1.6315	None
ZNF846	TCTEX1D4	0.49503	32.37	0.368	rgb(221,147,147)	1.6315	None
EGR3	HIC1	-0.49484	35.215	-2.1E-01	rgb(171,189,225)	1.6878	None
EGR3	TTLL7	0.49484	35.215	0.215	rgb(219,176,176)	1.6878	None
MAFA	IRF2BP1	-0.49464	35.335	-3.4E-01	rgb(144,173,230)	1.6902	None
ZFP82	COL21A1	-0.49464	32.43	-4.3E-01	rgb(124,160,233)	1.6327	None
ZNF519	MCOLN3	0.49454	34.66	0.158	rgb(219,187,187)	1.6768	None
GATA4	MALAT1	-0.49444	32.86	-3.6E-01	rgb(139,169,231)	1.6412	None
AKNA	AK128361	-0.49434	35.63	-1.3E-01	rgb(188,200,222)	1.6961	2,2
LHX1	RBFOX2	0.49424	35.265	0.264	rgb(220,167,167)	1.6888	None
FOXD4L5	ARC	-0.49414	35.645	-1.4E-01	rgb(186,198,222)	1.6964	None
NKX6-1	EML5	0.49404	33.88	0.382	rgb(221,144,145)	1.6614	None
ASCL1	CDK5R2	0.49394	34.68	0.181	rgb(219,182,183)	1.6772	None
FOXA1	KRT4	0.49364	34.845	0.346	rgb(221,151,152)	1.6805	None
RORC	ACE	-0.49364	34.13	-1.3E-01	rgb(189,200,222)	1.6663	None
TFCP2L1	RNF213	0.49364	35.59	0.089	rgb(218,200,200)	1.6953	None
HSF2	DTX1	-0.49354	35.635	-1.3E-01	rgb(188,199,222)	1.6962	None
E2F7	SLC22A17	-0.49344	32.425	-4.3E-01	rgb(124,161,233)	1.6326	None
PAX4	PODN	0.49335	35.58	0.08	rgb(218,202,202)	1.6951	None
ARX	BLMH	-0.49325	35.225	-2.2E-01	rgb(169,188,225)	1.688	None
RORC	RFX2	0.49315	34.73	0.232	rgb(220,173,173)	1.6782	None
LHX1	RNPC3	0.49305	35.635	0.134	rgb(218,191,192)	1.6962	None
MAFB	DUSP2	0.49285	32.365	0.366	rgb(221,147,148)	1.6314	None
POU6F1	UTS2B	0.49285	35.575	0.076	rgb(218,203,203)	1.695	None
MAFA	NTRK1	-0.49275	34.83	-3.3E-01	rgb(145,173,230)	1.6802	None
MAFA	AEBP1	-0.49265	35.235	-2.4E-01	rgb(166,186,226)	1.6882	None
ETS1	C1QL1	-0.49255	32.855	-3.5E-01	rgb(140,170,230)	1.6411	None
PRDM16	TPST2	-0.49245	34.225	-2.2E-01	rgb(168,187,226)	1.6682	None
HSF2	RSPH4A	0.49235	35.1	0.1	rgb(218,198,198)	1.6856	None
ZNF382	BC010924	0.49225	33.215	0.213	rgb(219,176,177)	1.6482	2,2
FOXA1	TMEM45A	-0.49205	32.8	-3.0E-01	rgb(152,177,228)	1.64	None
PDX1	COL14A1	0.49205	32.8	0.3	rgb(220,160,160)	1.64	None
ELF4	ANKRD13B	-0.49195	33.8	-3.0E-01	rgb(152,178,228)	1.6598	None
PBX3	RUSC1-AS1	0.49176	35.565	0.064	rgb(218,205,205)	1.6948	None
ZNF846	PTPN22	-0.49176	34.655	-1.6E-01	rgb(183,196,223)	1.6767	None
LHX1	HAP1	-0.49166	35.65	-1.5E-01	rgb(184,197,223)	1.6965	None
GATA4	FZD4	0.49156	35.56	0.062	rgb(218,205,205)	1.6947	None
PAX6	KCNMB3	-0.49146	35.61	-1.1E-01	rgb(193,203,221)	1.6957	None
TEAD1	SYNM	0.49136	33.21	0.209	rgb(219,177,177)	1.6481	None
MAFA	AVPR1B	0.49126	32.85	0.352	rgb(221,150,150)	1.641	None
MAFA	PAX6	0.49116	35.33	0.332	rgb(221,154,154)	1.6901	None
ZNF846	SCN1B	0.49106	34.795	0.294	rgb(220,161,162)	1.6795	None
ONECUT3	MS4A8	-0.49096	34.3	-3.0E-01	rgb(152,177,228)	1.6697	None
ETV1	KCNMA1	0.49066	34.58	0.082	rgb(218,201,201)	1.6753	None
ZFHX2	CPNE9	0.49066	34.29	0.289	rgb(220,162,162)	1.6695	None
ZFP82	BCORL1	0.49066	34.29	0.291	rgb(220,161,162)	1.6695	None
HSF2	CRH	-0.49046	35.52	-2.2E-02	rgb(212,214,218)	1.6939	None
TP73	MAGED1	0.49046	34.215	0.217	rgb(219,176,176)	1.668	None
TEAD1	GNG2	-0.49037	34.63	-1.3E-01	rgb(188,200,222)	1.6762	None
FOXA2	KRTAP5-2	-0.49027	34.785	-2.9E-01	rgb(155,179,228)	1.6793	None
SMAD9	MANEAL	0.49017	35.63	0.131	rgb(218,192,192)	1.6961	None
HSF2	SLC25A53	-0.49007	35.195	-2.0E-01	rgb(175,191,224)	1.6874	None
LMX1B	TMSB15B	0.48987	32.795	0.297	rgb(220,160,161)	1.6399	None
ZNF846	HES4	0.48987	32.415	0.416	rgb(222,138,138)	1.6324	None
TGIF2	KDM1A	0.48977	31.935	0.433	rgb(222,134,135)	1.6228	None
HSF2	ARHGAP22	0.48967	35.05	0.051	rgb(218,207,207)	1.6846	None
LHX1	HSF2	-0.48957	34.145	-1.5E-01	rgb(185,198,223)	1.6666	None
HIC1	AX746485	0.48947	35.34	0.342	rgb(221,152,152)	1.6903	2,2
ETV1	MYT1	0.48937	33.2	0.202	rgb(219,178,179)	1.6479	None
GATA4	PLCXD3	0.48927	34.19	0.189	rgb(219,181,181)	1.6675	None
EGR3	ST8SIA5	-0.48917	35.13	-1.3E-01	rgb(188,200,222)	1.6862	None
MAFB	MYO3A	0.48907	34.275	0.277	rgb(220,164,165)	1.6692	None
LHX1	WNK2	-0.48897	35.23	-2.3E-01	rgb(167,186,226)	1.6881	None
RFX2	CLIP3	0.48888	35.23	0.228	rgb(220,173,174)	1.6881	None
FOXD4L5	SGCD	0.48878	34.185	0.185	rgb(219,182,182)	1.6674	None
TFCP2L1	LRRC49	0.48858	35.53	0.031	rgb(217,211,211)	1.6941	None
ZNF846	FAM126A	0.48858	34.69	0.192	rgb(219,180,181)	1.6774	None
TFCP2L1	BEGAIN	-0.48848	34.11	-1.1E-01	rgb(193,202,221)	1.6659	None
HLF	EPM2A	0.48838	35.53	0.032	rgb(217,211,211)	1.6941	None
PDX1	SLC30A8	0.48818	34.685	0.186	rgb(219,181,182)	1.6773	None
PRDM16	CITED4	-0.48818	34.105	-1.1E-01	rgb(194,203,221)	1.6658	None
TFCP2L1	KCNJ2	0.48808	34.175	0.177	rgb(219,183,184)	1.6672	None
EGR3	ATF5	0.48788	35.155	0.153	rgb(219,188,188)	1.6866	None
HSF2	KCNF1	0.48788	33.68	0.179	rgb(219,183,183)	1.6574	None
HIF1A	ENPP1	-0.48778	34.525	-2.5E-02	rgb(212,214,218)	1.6742	None
MAFB	SNED1	-0.48768	35.37	-3.7E-01	rgb(137,168,231)	1.6909	None
LHX1	DRD2	-0.48758	35.275	-2.7E-01	rgb(158,181,227)	1.689	None
ETS1	LINC00894	-0.48749	34.315	-3.2E-01	rgb(148,175,229)	1.67	None
EGR3	FXYD6	0.48739	35.31	0.309	rgb(220,158,159)	1.6897	None
RFX3	BRS3	0.48729	35.205	0.203	rgb(219,178,179)	1.6876	None
ZNF788	AK310876	0.48719	35.565	0.064	rgb(218,205,205)	1.6948	2,2
LHX1	TRPM2	-0.48709	33.18	-1.8E-01	rgb(178,193,224)	1.6475	None
SIX2	RTN4RL1	0.48699	34.77	0.272	rgb(220,165,166)	1.679	None
LHX1	JAKMIP1	-0.48669	33.315	-3.2E-01	rgb(148,175,229)	1.6502	None
PBX3	FLT1	0.48669	32.405	0.406	rgb(221,139,140)	1.6322	None
ZNF382	GATA6	0.48669	32.405	0.404	rgb(221,140,141)	1.6322	None
NR4A3	CCDC162P	0.48659	35.33	0.329	rgb(221,154,155)	1.6901	None
EGR3	KCNF1	0.48649	33.67	0.17	rgb(219,184,185)	1.6572	None
ZFP82	DLL4	0.48639	34.39	0.392	rgb(221,142,143)	1.6715	None
ARX	CNGA3	-0.48619	34.01	-1.2E-02	rgb(214,215,217)	1.664	None
ZNF514	AX747140	0.48619	34.38	0.38	rgb(221,144,145)	1.6713	2,2
FEV	ARHGAP33	0.486	35.5	0	rgb(217,217,217)	1.6935	None
NKX2-2	GPR162	0.486	35.5	0	rgb(217,217,217)	1.6935	None
FOXP2	LINC00261	0.4857	35.5	0	rgb(217,217,217)	1.6935	None
ZFHX2	AK027332	0.4857	35.5	0	rgb(217,217,217)	1.6935	2,2
ZNF788	MAGEA5	0.4857	35.5	0	rgb(217,217,217)	1.6935	2,2
EGR3	TNFRSF6B	0.4855	34.235	0.233	rgb(220,173,173)	1.6684	None
ZNF846	PRR7	-0.4855	33.745	-2.4E-01	rgb(164,185,226)	1.6587	None
TFCP2L1	ADCY2	-0.4854	32.78	-2.8E-01	rgb(157,180,228)	1.6396	None
SIX2	SETBP1	-0.4852	32.835	-3.4E-01	rgb(144,173,230)	1.6407	None
ZNF117	AK055017	0.4852	32.835	0.335	rgb(221,153,154)	1.6407	2,2
ZNF846	AK124197	0.4851	35.13	0.13	rgb(218,192,192)	1.6862	2,2
EGR3	POU6F1	0.4849	35.5	0	rgb(217,217,217)	1.6935	None
ZNF846	PCYT1B	0.4849	35.5	0	rgb(217,217,217)	1.6935	None
NHLH1	CLCA1	0.4848	34.225	0.226	rgb(219,174,174)	1.6682	None
E2F7	ITGBL1	0.48431	35.5	0	rgb(217,217,217)	1.6935	None
PBX1	FTCD	0.48431	35.5	0	rgb(217,217,217)	1.6935	None
SOX4	CCDC74B	0.48431	35.5	0	rgb(217,217,217)	1.6935	None
TFCP2L1	PYY	0.48431	34.805	0.306	rgb(220,158,159)	1.6797	None
ZNF117	BC042374	0.48431	35.5	0	rgb(217,217,217)	1.6935	2,2
ETS1	GPR155	0.48421	33.3	0.3	rgb(220,160,160)	1.6499	None
PROX1	AK125333	-0.48411	35.165	-1.7E-01	rgb(181,195,223)	1.6868	2,2
MAFA	GAN	0.48401	34.64	0.141	rgb(219,190,190)	1.6764	None
ELF4	NHLH1	-0.48391	35.035	-3.5E-02	rgb(209,212,218)	1.6843	None
E2F7	HIC1	0.48381	34.31	0.308	rgb(220,158,159)	1.6699	None
MAFF	FGF17	-0.48371	35.27	-2.7E-01	rgb(158,181,227)	1.6889	None
FOXA1	SPOCK3	-0.48351	32.775	-2.7E-01	rgb(157,181,227)	1.6395	None
LHX1	RNF157-AS1	0.48351	32.775	0.273	rgb(220,165,165)	1.6395	None
SETBP1	AFF2	0.48331	33.265	0.265	rgb(220,166,167)	1.6492	2,2
SETBP1	CCDC154	0.48331	33.265	0.267	rgb(220,166,167)	1.6492	2,2
POU5F1	KHK	-0.48321	33.62	-1.2E-01	rgb(191,201,222)	1.6562	None
ETS1	PBOV1	-0.48311	35.24	-2.4E-01	rgb(165,186,226)	1.6883	None
AEBP1	AX747158	0.48232	35.5	0	rgb(217,217,217)	1.6935	2,2
CCDC17	AF258560	0.48232	35.5	0	rgb(217,217,217)	1.6935	2,2
FOXD4L5	ARHGEF26-AS1	0.48232	35.5	0	rgb(217,217,217)	1.6935	None
LHX1	NOTUM	0.48232	34.635	0.133	rgb(218,192,192)	1.6763	None
LMX1A	WIF1	0.48232	35.5	0	rgb(217,217,217)	1.6935	None
MYSM1	HIST2H2BF	0.48232	35.5	0	rgb(217,217,217)	1.6935	2,2
RORC	RGS14	0.48232	35.5	0	rgb(217,217,217)	1.6935	None
SIX2	PBOV1	0.48232	35.5	0	rgb(217,217,217)	1.6935	None
FOXJ1	CCDC162P	-0.48222	33.615	-1.1E-01	rgb(193,202,221)	1.6561	None
NEUROD1	CD37	-0.48212	33.79	-2.9E-01	rgb(154,179,228)	1.6596	None
PRDM16	UPK2	-0.48202	34.3	-3.0E-01	rgb(152,177,228)	1.6697	None
MXI1	MAP1A	-0.48192	34.115	-1.2E-01	rgb(192,202,221)	1.666	None
ARX	COLQ	-0.48182	33.795	-3.0E-01	rgb(153,178,228)	1.6597	None
TFCP2L1	LHFPL4	-0.48172	35.005	-6.0E-03	rgb(216,216,217)	1.6837	None
PBX3	CAND2	0.48162	34.685	0.183	rgb(219,182,182)	1.6773	None
FOXA2	TMPRSS6	0.48133	35.5	0	rgb(217,217,217)	1.6935	None
GATA4	TUBA3FP	0.48133	35.5	0	rgb(217,217,217)	1.6935	None
SMAD9	AIF1	0.48133	35.5	0	rgb(217,217,217)	1.6935	None
MAFA	TTLL6	0.48123	34.595	0.095	rgb(218,199,199)	1.6755	None
LMX1B	EPHA4	0.48113	33.585	0.087	rgb(218,200,201)	1.6555	None
E2F7	PRELP	0.48103	33.785	0.283	rgb(220,163,164)	1.6595	None
PBX3	PTGDR2	0.48093	33.26	0.26	rgb(220,167,168)	1.6491	None
LMX1B	MX1	0.48083	34.69	0.189	rgb(219,181,181)	1.6774	None
LHX1	LMX1B	0.48073	33.285	0.285	rgb(220,162,163)	1.6496	None
ETV1	AMPH	0.48043	32.77	0.268	rgb(220,166,166)	1.6394	None
GATA2	GPC6	0.48043	32.77	0.269	rgb(220,166,166)	1.6394	None
SOX4	LZTS1	0.48043	32.77	0.268	rgb(220,166,166)	1.6394	None
HSF2	DPY19L2	0.48033	35.21	0.211	rgb(219,177,177)	1.6877	None
MAFF	LINC00494	0.48023	33.6	0.098	rgb(218,198,199)	1.6558	None
GATA2	CLCA4	0.48014	31.9	0.399	rgb(221,141,142)	1.6222	None
ZBTB25	LOC100294362	0.48004	33.91	0.41	rgb(222,139,139)	1.662	2,2
NKX6-1	CLCA4	0.47974	32.39	0.388	rgb(221,143,144)	1.6319	None
TEAD1	CNTD2	-0.47974	32.39	-3.9E-01	rgb(132,165,232)	1.6319	None
ZNF492	TRPM3	0.47974	32.39	0.388	rgb(221,143,144)	1.6319	None
ETV1	BOC	0.47954	32.335	0.334	rgb(221,153,154)	1.6308	None
NEUROD1	DSCAML1	0.47954	32.335	0.337	rgb(221,153,153)	1.6308	None
RFX6	JAKMIP2	0.47944	32.825	0.326	rgb(221,155,155)	1.6405	None
FOXA1	UBN2	0.47934	33.255	0.257	rgb(220,168,168)	1.649	None
LMX1A	SLC7A14	-0.47914	35.2	-2.0E-01	rgb(173,190,225)	1.6875	None
PAX6	LHX1	-0.47914	34.05	-5.0E-02	rgb(206,210,219)	1.6648	None
GATA2	EVA1A	0.47904	35.06	0.06	rgb(218,206,206)	1.6848	None
NHLH1	PPP1R3C	-0.47894	34.525	-2.3E-02	rgb(212,214,218)	1.6742	None
ZNF846	FIGNL2	0.47884	34.865	0.367	rgb(221,147,148)	1.6809	None
MAFA	VWCE	0.47874	32.765	0.264	rgb(220,167,167)	1.6393	None
LHX1	PEX5L	-0.47865	34.67	-1.7E-01	rgb(180,195,223)	1.677	None
HSF2	UTY	0.47855	34.69	0.189	rgb(219,181,181)	1.6774	None
MAFB	FAM155B	-0.47835	35.175	-1.8E-01	rgb(179,194,224)	1.687	None
SPIB	KL	-0.47835	33.765	-2.6E-01	rgb(160,182,227)	1.6591	None
AEBP1	KCNMB2-IT1	0.47825	35.155	0.156	rgb(219,187,187)	1.6866	2,2
HSF2	CLSTN2	-0.47815	35.08	-8.1E-02	rgb(200,206,220)	1.6852	None
ZFP82	GPC6	-0.47805	35.15	-1.5E-01	rgb(185,198,223)	1.6865	None
GATA6	CHD5	0.47795	34.845	0.346	rgb(221,151,152)	1.6805	None
ONECUT3	SHC3	0.47785	33.755	0.255	rgb(220,168,169)	1.6589	None
LMX1B	SLC30A8	0.47775	35.075	0.073	rgb(218,203,203)	1.6851	None
HIC1	CCDC17	-0.47765	34.23	-2.3E-01	rgb(168,187,226)	1.6683	2,2
POU5F1	INSC	-0.47755	35.14	-1.4E-01	rgb(187,198,222)	1.6863	None
RFX2	ITGBL1	0.47745	32.385	0.383	rgb(221,144,145)	1.6318	None
HIC1	CELF5	-0.47735	34.54	-3.8E-02	rgb(209,212,218)	1.6745	None
FOXD4L5	CTTNBP2	-0.47725	35.155	-1.6E-01	rgb(183,196,223)	1.6866	None
MAFA	GPR162	0.47716	32.82	0.322	rgb(221,156,156)	1.6404	None
ETV1	KAT2B	0.47706	34.225	0.226	rgb(219,174,174)	1.6682	None
AKNA	AK097012	-0.47686	35.17	-1.7E-01	rgb(180,195,223)	1.6869	2,2
AKNA	DQ588114	-0.47686	35.17	-1.7E-01	rgb(180,194,224)	1.6869	2,2
MAFA	FAM135B	0.47676	33.875	0.376	rgb(221,145,146)	1.6613	None
GATA4	CATSPER2	-0.47666	34.16	-1.6E-01	rgb(182,196,223)	1.6669	2,2
FOXP2	CALCOCO1	0.47656	34.66	0.162	rgb(219,186,186)	1.6768	None
ZNF846	BC068238	0.47646	34.7	0.202	rgb(219,178,179)	1.6776	2,2
FEV	C1QL1	0.47626	31.89	0.39	rgb(221,142,143)	1.622	None
PBX1	CCK	-0.47626	31.89	-3.9E-01	rgb(133,166,232)	1.622	None
GATA4	DGKB	0.47616	35.17	0.17	rgb(219,185,185)	1.6869	None
EGR3	RNF157-AS1	-0.47596	35.12	-1.2E-01	rgb(191,201,222)	1.686	None
ZNF846	CPT1C	-0.47596	34.15	-1.5E-01	rgb(185,197,223)	1.6667	None
ELF4	ZBTB4	0.47586	34.825	0.325	rgb(221,155,156)	1.6801	None
ISL1	CADM2	0.47576	34.82	0.321	rgb(221,156,156)	1.68	None
FOXA1	MPP2	0.47567	34.895	0.396	rgb(221,141,142)	1.6815	None
NR4A2	HEY1	0.47557	34.79	0.292	rgb(220,161,162)	1.6794	None
RORC	ZNF853	0.47547	33.66	0.158	rgb(219,187,187)	1.657	None
EGR3	TMEM132C	-0.47537	35.055	-5.6E-02	rgb(205,210,219)	1.6847	None
ELF4	SPIB	-0.47517	34.21	-2.1E-01	rgb(171,189,225)	1.6679	None
TEAD2	FAM227A	0.47517	34.21	0.208	rgb(219,177,178)	1.6679	None
HSF2	TMOD2	0.47507	32.325	0.324	rgb(221,155,156)	1.6306	None
NEUROD2	KAT2B	0.47497	34.33	0.33	rgb(221,154,155)	1.6703	None
LMX1A	CPNE9	-0.47487	34.325	-3.3E-01	rgb(146,174,229)	1.6702	None
HSF2	RASAL1	-0.47477	33.34	-3.4E-01	rgb(143,172,230)	1.6507	None
ZNF846	FKSG51	0.47467	32.92	0.422	rgb(222,136,137)	1.6424	2,2
GATA4	VGF	0.47457	34.62	0.121	rgb(218,194,194)	1.676	None
MAFF	SULT2A1	0.47447	34.075	0.076	rgb(218,202,203)	1.6652	None
LHX1	GATA4	0.47408	33.235	0.234	rgb(220,172,173)	1.6486	None
NEUROD1	IMPG1	-0.47408	33.235	-2.3E-01	rgb(166,186,226)	1.6486	None
ZFP28	BCL2	-0.47408	34.51	-1.1E-02	rgb(215,216,217)	1.6739	None
ZFP92	MAFB	-0.47408	34.51	-1.2E-02	rgb(214,215,217)	1.6739	None
NR4A2	CRISPLD2	-0.47398	33.735	-2.4E-01	rgb(166,186,226)	1.6585	None
ARNT2	RGAG4	0.47378	34.115	0.117	rgb(218,195,195)	1.666	2,2
MAFA	GLUD1P3	0.47378	34.305	0.304	rgb(220,159,160)	1.6698	None
PBX3	ARHGAP33	0.47368	34.06	0.059	rgb(218,206,206)	1.6649	None
HOXB9	AVPR1B	0.47358	35.12	0.121	rgb(218,194,194)	1.686	None
INSM1	GRAP2	0.47348	33.81	0.31	rgb(220,158,158)	1.66	None
RORC	RRAGD	0.47338	34.595	0.094	rgb(218,199,199)	1.6755	None
FOXA2	CIT	0.47328	34.105	0.105	rgb(218,197,197)	1.6658	None
PBX3	MAFB	0.47318	33.625	0.123	rgb(218,194,194)	1.6563	None
PDX1	SH3TC2	-0.47298	32.32	-3.2E-01	rgb(148,175,229)	1.6305	None
ZFP82	MSH5	0.47298	34.215	0.215	rgb(219,176,176)	1.668	None
FOXA1	SSTR2	0.47288	34.185	0.185	rgb(219,182,182)	1.6674	None
ZNF514	LOC100288123	0.47279	34.6	0.102	rgb(218,198,198)	1.6756	2,2
POU2F2	CCDC125	0.47269	35.09	0.092	rgb(218,199,200)	1.6854	None
FEV	ZCCHC18	0.47249	34.21	0.212	rgb(219,177,177)	1.6679	None
ZFP28	HERC5	0.47249	33.61	0.11	rgb(218,196,196)	1.656	None
E2F7	KIF19	0.47239	35.12	0.119	rgb(218,194,195)	1.686	None
POU5F1	CFC1B	-0.47229	34.75	-2.5E-01	rgb(163,184,227)	1.6786	None
NFAT5	MALAT1	0.47219	34.08	0.081	rgb(218,201,202)	1.6653	None
RFX2	CCDC78	0.47209	34.36	0.359	rgb(221,148,149)	1.6709	None
EGR3	HEYL	0.47199	33.81	0.308	rgb(220,158,159)	1.66	None
NKX2-2	RGS11	0.47189	35.015	0.015	rgb(217,214,214)	1.6839	None
FOXD4L5	MYO3A	0.47169	33.315	0.315	rgb(220,157,157)	1.6502	None
RFX2	CPT1C	0.47169	34.55	0.049	rgb(218,208,208)	1.6747	None
HSF2	CERS1	0.47159	35.075	0.074	rgb(218,203,203)	1.6851	None
FOXA2	LRIG1	0.47149	34.55	0.05	rgb(218,207,208)	1.6747	None
PDX1	FRMPD4	0.47139	32.805	0.303	rgb(220,159,160)	1.6401	None
ZNF788	IFNE	0.4713	35.08	0.079	rgb(218,202,202)	1.6852	2,2
LHX1	RFTN2	0.4712	34.035	0.034	rgb(217,211,211)	1.6645	None
ZFP69B	RGS4	-0.4711	33.72	-2.2E-01	rgb(169,188,225)	1.6582	None
MAFA	DPP10	-0.471	32.37	-3.7E-01	rgb(137,168,231)	1.6315	None
FOXJ1	LAPTM5	-0.4709	32.865	-3.7E-01	rgb(138,169,231)	1.6413	None
ZNF846	ADAM20P1	0.4708	34.62	0.12	rgb(218,194,194)	1.676	2,2
SIX2	LONRF2	0.4707	33.795	0.294	rgb(220,161,161)	1.6597	None
HMBOX1	SYT2	-0.4706	33.86	-3.6E-01	rgb(139,170,231)	1.661	None
FOXA1	DNER	0.4705	34.615	0.113	rgb(218,195,196)	1.6759	None
ETV1	NXPE1	-0.4703	34.135	-1.4E-01	rgb(187,199,222)	1.6664	None
SPIB	CRH	0.4703	34.38	0.38	rgb(221,144,145)	1.6713	None
CSRNP3	AK092380	0.4701	34.755	0.256	rgb(220,168,169)	1.6787	2,2
ZFP69B	WWC2-AS2	0.4701	34.84	0.34	rgb(221,152,153)	1.6804	None
NEUROG3	LOC100129175	0.46981	31.94	0.442	rgb(222,133,134)	1.6229	None
SIM1	IGF2	0.46981	34.3	0.301	rgb(220,159,160)	1.6697	2,2
SMAD9	HDAC7	0.46981	31.94	0.442	rgb(222,133,134)	1.6229	None
TGIF2	MXI1	-0.46971	31.87	-3.7E-01	rgb(137,168,231)	1.6216	None
RORC	TTC25	-0.46961	34.18	-1.8E-01	rgb(178,193,224)	1.6673	None
RORC	DPEP1	0.46951	32.8	0.302	rgb(220,159,160)	1.64	None
ZFHX2	WNK2	0.46941	34.365	0.364	rgb(221,147,148)	1.671	None
EBF3	KCNG1	0.46931	33.215	0.216	rgb(219,176,176)	1.6482	None
FOXA1	JMJD1C-AS1	-0.46921	34.745	-2.5E-01	rgb(164,185,226)	1.6785	None
GATA4	GCH1	0.46911	32.365	0.363	rgb(221,148,148)	1.6314	None
ARX	HMGB3	-0.46901	34.695	-2.0E-01	rgb(174,191,224)	1.6775	None
PDX1	ARHGAP22	-0.46891	34.665	-1.7E-01	rgb(181,195,223)	1.6769	None
MAFB	FXYD1	0.46881	31.935	0.434	rgb(222,134,135)	1.6228	None
NEUROD2	RCOR2	0.46871	34.58	0.079	rgb(218,202,202)	1.6753	None
ONECUT3	STX1A	-0.46861	34.695	-1.9E-01	rgb(175,191,224)	1.6775	None
ZNF846	AX748379	0.46851	33.845	0.344	rgb(221,151,152)	1.6607	2,2
LHX1	DNAH11	0.46841	34.22	0.218	rgb(219,175,176)	1.6681	None
NHLH1	FXYD6	-0.46832	34.23	-2.3E-01	rgb(167,186,226)	1.6683	None
ELF4	LIMS2	0.46742	33.81	0.311	rgb(220,158,158)	1.66	None
LHX1	CCR6	0.46742	34.605	0.106	rgb(218,197,197)	1.6757	None
LHX1	SPP1	0.46742	35	0	rgb(217,217,217)	1.6836	None
PRDM16	HES6	0.46742	35	0	rgb(217,217,217)	1.6836	None
RFX3	MAP1A	0.46742	35	0	rgb(217,217,217)	1.6836	None
RORC	NTNG2	0.46742	35	0	rgb(217,217,217)	1.6836	None
SOX4	CCDC125	0.46742	35	0	rgb(217,217,217)	1.6836	None
SPIB	TMEM145	0.46742	35	0	rgb(217,217,217)	1.6836	None
TGIF2	SLITRK6	0.46742	35	0	rgb(217,217,217)	1.6836	None
HOXB9	FOXP2	-0.46732	32.725	-2.3E-01	rgb(168,187,226)	1.6385	None
PBX3	VAV3	-0.46712	34.225	-2.2E-01	rgb(168,187,226)	1.6682	None
RFX2	HEYL	0.46712	34.6	0.098	rgb(218,198,199)	1.6756	None
NR4A3	ELAVL4	0.46702	32.305	0.306	rgb(220,159,159)	1.6302	None
HIC1	GLT8D2	0.46692	34.685	0.186	rgb(219,182,182)	1.6773	None
AKNA	FAM21B	0.46603	35	0	rgb(217,217,217)	1.6836	2,2
ARX	ZNF519	0.46603	35	0	rgb(217,217,217)	1.6836	None
EGR3	MAPK7	0.46603	35	0	rgb(217,217,217)	1.6836	None
ELF4	IL17C	0.46603	35	0	rgb(217,217,217)	1.6836	None
FEV	MAPK12	0.46603	35	0	rgb(217,217,217)	1.6836	None
FOXD4L5	RSPH4A	0.46603	33.67	0.171	rgb(219,184,185)	1.6572	None
MAFA	FAM71E2	0.46603	35	0	rgb(217,217,217)	1.6836	None
RORC	NTRK2	0.46603	35	0	rgb(217,217,217)	1.6836	None
ZNF788	TDRD6	0.46603	34.315	0.313	rgb(220,157,158)	1.67	2,2
ETS1	NFRKB	0.46563	35	0	rgb(217,217,217)	1.6836	None
FOXA1	RUNX1T1	0.46563	35	0	rgb(217,217,217)	1.6836	None
RORC	CCDC181	0.46563	35	0	rgb(217,217,217)	1.6836	None
ZNF492	HDAC7	0.46563	35	0	rgb(217,217,217)	1.6836	None
LMX1B	FGF9	0.46553	31.465	0.466	rgb(222,128,129)	1.6135	None
HSF2	RCOR2	0.46544	34.31	0.312	rgb(220,157,158)	1.6699	None
PAX6	DNAH14	-0.46534	34.7	-2.0E-01	rgb(174,191,225)	1.6776	None
MAFB	HLF	-0.46524	32.79	-2.9E-01	rgb(154,179,228)	1.6398	None
HSF2	PDGFD	0.46494	35	0	rgb(217,217,217)	1.6836	None
LHX1	SLC14A1	0.46494	35	0	rgb(217,217,217)	1.6836	None
RORC	MLN	0.46494	35	0	rgb(217,217,217)	1.6836	None
EGR3	PITRM1-AS1	0.46404	35	0	rgb(217,217,217)	1.6836	None
ETS1	PRKCG	0.46404	35	0	rgb(217,217,217)	1.6836	None
ETS1	SCUBE3	0.46404	35	0	rgb(217,217,217)	1.6836	None
LMX1B	DPP10	0.46404	35	0	rgb(217,217,217)	1.6836	None
MAFF	TTLL10	0.46404	35	0	rgb(217,217,217)	1.6836	None
RFX3	LIPC	0.46404	35	0	rgb(217,217,217)	1.6836	None
RFX6	LOC100131257	0.46404	35	0	rgb(217,217,217)	1.6836	None
TEAD1	CRIP1	0.46404	35	0	rgb(217,217,217)	1.6836	None
TP73	RNF157-AS1	0.46404	35	0	rgb(217,217,217)	1.6836	None
ETV1	LAMP3	-0.46395	34.3	-3.0E-01	rgb(152,178,228)	1.6697	None
ZNF846	DQ570835	0.46385	34.63	0.129	rgb(218,192,193)	1.6762	2,2
NEUROG3	DUSP26	-0.46365	32.3	-3.0E-01	rgb(152,177,228)	1.6301	None
RORC	ACTN3	0.46365	32.3	0.298	rgb(220,160,161)	1.6301	None
NR4A3	ZFP2	-0.46355	34.64	-1.4E-01	rgb(187,198,222)	1.6764	None
HSF2	SSTR3	-0.46345	33.65	-1.5E-01	rgb(184,197,223)	1.6568	None
ETV1	WNK3	0.46335	33.74	0.241	rgb(220,171,171)	1.6586	None
ETS1	USP6	0.46275	35	0	rgb(217,217,217)	1.6836	None
FOXA2	ADD2	0.46275	35	0	rgb(217,217,217)	1.6836	None
GATA4	NEGR1	0.46275	35	0	rgb(217,217,217)	1.6836	None
PBX3	APOA1	0.46275	35	0	rgb(217,217,217)	1.6836	None
PROX1	TPPP3	0.46275	35	0	rgb(217,217,217)	1.6836	None
ZNF846	FCGBP	0.46275	35	0	rgb(217,217,217)	1.6836	None
HSF2	SPAG8	0.46265	33.525	0.023	rgb(217,213,213)	1.6543	None
ETV1	RUNX1T1	-0.46255	34.525	-2.7E-02	rgb(211,213,218)	1.6742	None
EGR3	APBB1	-0.46246	34.7	-2.0E-01	rgb(174,191,225)	1.6776	None
PBX1	HES4	-0.46236	33.17	-1.7E-01	rgb(180,194,224)	1.6473	None
CBX2	LRRC16B	0.46216	34.18	0.182	rgb(219,182,183)	1.6673	2,2
HMBOX1	ARHGAP24	0.46216	34.18	0.181	rgb(219,182,183)	1.6673	None
E2F7	RGS17	0.46176	35	0	rgb(217,217,217)	1.6836	None
GATA2	NHSL2	0.46176	35	0	rgb(217,217,217)	1.6836	None
HSF2	KLB	0.46176	35	0	rgb(217,217,217)	1.6836	None
TGIF2	BASP1	0.46176	35	0	rgb(217,217,217)	1.6836	None
SMAD9	GADD45G	-0.46166	33.705	-2.1E-01	rgb(172,190,225)	1.6579	None
TFCP2L1	JMJD1C-AS1	-0.46156	33.775	-2.7E-01	rgb(158,181,227)	1.6593	None
ETV1	FXYD1	0.46126	33.73	0.228	rgb(220,174,174)	1.6584	None
ETV1	ZFP28	-0.46126	33.73	-2.3E-01	rgb(167,186,226)	1.6584	None
NHLH1	ARL9	0.46126	33.73	0.229	rgb(220,173,174)	1.6584	None
TEAD1	TRIM24	0.46116	33.4	0.402	rgb(221,140,141)	1.6519	None
MAFB	B3GAT1	0.46106	33.7	0.198	rgb(219,179,180)	1.6578	None
SIM1	CLEC4GP1	0.46097	31.92	0.418	rgb(222,137,138)	1.6225	2,2
ZNF492	ARHGEF26-AS1	0.46087	32.295	0.295	rgb(220,161,161)	1.63	None
ETS1	TMEM132B	0.46067	34.11	0.109	rgb(218,196,196)	1.6659	None
SPIB	VAV3	0.46067	34.11	0.111	rgb(218,196,196)	1.6659	None
NKX2-2	SSTR3	0.46047	33.305	0.303	rgb(220,159,160)	1.65	None
NPAS3	HMP19	0.46047	32.78	0.28	rgb(220,164,164)	1.6396	2,2
EGR3	STARD9	0.46027	32.35	0.352	rgb(221,150,151)	1.6311	None
PBX3	SESN2	-0.46027	32.35	-3.5E-01	rgb(141,171,230)	1.6311	None
ZFP62	LOC441081	0.46017	34.325	0.325	rgb(221,155,155)	1.6702	2,2
MAFB	NPTX1	0.46007	34.105	0.103	rgb(218,197,197)	1.6658	None
ETV1	SCN2A	-0.45997	34.155	-1.5E-01	rgb(184,197,223)	1.6668	None
ZFHX2	ZFP28	0.45987	33.575	0.075	rgb(218,203,203)	1.6553	None
HLF	HSF2	0.45977	33.145	0.146	rgb(219,189,189)	1.6468	None
PDX1	ATF7IP	0.45967	34.15	0.152	rgb(219,188,188)	1.6667	None
PRDM16	SPAG8	-0.45957	34.34	-3.4E-01	rgb(143,172,230)	1.6705	None
LMX1B	HERC2P4	-0.45948	34.72	-2.2E-01	rgb(169,188,225)	1.678	None
MAFA	PTHLH	-0.45938	34.23	-2.3E-01	rgb(167,187,226)	1.6683	None
EGR3	FMN2	-0.45918	33.23	-2.3E-01	rgb(167,187,226)	1.6485	None
EGR3	PTP4A3	-0.45918	33.23	-2.3E-01	rgb(167,187,226)	1.6485	None
POU5F1	PLCL1	0.45908	31.915	0.413	rgb(222,138,139)	1.6224	None
SIX2	ZDHHC11	0.45898	34.615	0.116	rgb(218,195,195)	1.6759	None
ONECUT2	CELA3B	0.45888	33.525	0.025	rgb(217,212,212)	1.6543	None
ETS1	GCG	0.45878	31.85	0.352	rgb(221,150,150)	1.6212	None
MAFB	SSTR5-AS1	0.45868	33.13	0.131	rgb(218,192,192)	1.6465	None
TFCP2L1	RAB4B-EGLN2	0.45858	34.16	0.159	rgb(219,187,187)	1.6669	None
NHLH1	PRELP	0.45848	32.29	0.288	rgb(220,162,162)	1.6299	None
AEBP1	TRAM1L1	0.45838	34.61	0.111	rgb(218,196,196)	1.6758	2,2
LMX1B	SBK1	0.45828	34.13	0.128	rgb(218,193,193)	1.6663	None
HSF2	DEFB1	0.45809	34.605	0.107	rgb(218,196,197)	1.6757	None
PLAG1	MAP9	-0.45809	34.01	-1.2E-02	rgb(214,215,217)	1.664	None
PDX1	TTLL6	0.45799	34.635	0.133	rgb(218,192,192)	1.6763	None
NEUROD1	LTF	-0.45779	32.345	-3.4E-01	rgb(142,172,230)	1.631	None
SMAD9	CADM2	0.45779	34.315	0.314	rgb(220,157,158)	1.67	None
ZNF846	TMOD2	0.45769	34.7	0.198	rgb(219,179,179)	1.6776	None
NR4A3	FOXP2	0.45759	34.15	0.151	rgb(219,188,189)	1.6667	None
EBF3	MUC17	0.45749	34.235	0.235	rgb(220,172,173)	1.6684	None
PDX1	PLAG1	-0.45739	34.215	-2.2E-01	rgb(170,188,225)	1.668	None
ZNF846	GRIN2C	-0.45729	34.62	-1.2E-01	rgb(191,201,222)	1.676	None
EGR3	WDR17	-0.45719	34.21	-2.1E-01	rgb(172,189,225)	1.6679	None
NR4A3	CD96	0.45709	33.105	0.104	rgb(218,197,197)	1.646	None
ATF5	ST8SIA3	-0.45699	34.29	-2.9E-01	rgb(154,178,228)	1.6695	None
ZFP2	LOC100216546	-0.45689	33.68	-1.8E-01	rgb(178,194,224)	1.6574	2,2
PBX3	ACTN3	0.45679	33.145	0.144	rgb(219,190,190)	1.6468	None
PBX3	RAB4B-EGLN2	-0.45669	34.615	-1.2E-01	rgb(192,202,221)	1.6759	None
SIM1	AK128833	0.4566	33.735	0.236	rgb(220,172,172)	1.6585	2,2
EGR3	KIF1A	0.4565	34.5	0.001	rgb(217,217,217)	1.6737	None
TFCP2L1	REEP2	0.4564	33.28	0.279	rgb(220,164,164)	1.6495	None
RFX2	HOMEZ	0.4563	33.655	0.156	rgb(219,187,188)	1.6569	None
LMX1B	MYO3A	-0.4562	33.415	-4.2E-01	rgb(127,162,233)	1.6522	None
NR4A2	MATN2	-0.4561	33.745	-2.4E-01	rgb(164,185,226)	1.6587	None
EGR3	WSCD1	-0.4559	33.89	-3.9E-01	rgb(132,165,232)	1.6616	None
ELF4	KCNH2	-0.4559	34.085	-8.5E-02	rgb(199,206,220)	1.6654	None
HEY1	AK123654	-0.4558	34.22	-2.2E-01	rgb(169,188,225)	1.6681	2,2
NR4A3	COL1A2	-0.4557	34.38	-3.8E-01	rgb(134,167,231)	1.6713	None
ETV1	GRASP	-0.4555	31.845	-3.5E-01	rgb(142,171,230)	1.6211	None
GATA4	RBFOX2	-0.4555	31.845	-3.5E-01	rgb(142,171,230)	1.6211	None
ZNF382	RUSC1-AS1	-0.4554	33.135	-1.4E-01	rgb(188,199,222)	1.6466	None
GATA2	ENPP7	0.4553	34.34	0.339	rgb(221,152,153)	1.6705	None
MAFA	OLFML2B	0.4552	33.195	0.196	rgb(219,180,180)	1.6478	None
FOXA1	CELSR2	0.45501	31.905	0.406	rgb(221,139,140)	1.6223	None
HIF1A	BSN	-0.45501	31.905	-4.0E-01	rgb(129,164,232)	1.6223	None
NR4A3	POM121L10P	0.45491	34.205	0.205	rgb(219,178,178)	1.6678	None
ZFHX2	ANKFN1	-0.45481	33.775	-2.8E-01	rgb(157,181,227)	1.6593	None
EGR3	CCK	-0.45451	32.925	-4.2E-01	rgb(125,161,233)	1.6425	None
ETS1	XKR7	0.45451	31.425	0.425	rgb(222,136,137)	1.6127	None
NKX2-2	GNAO1	0.45451	31.425	0.424	rgb(222,136,137)	1.6127	None
LHX1	TMEM196	-0.45441	33.19	-1.9E-01	rgb(175,192,224)	1.6477	None
TFCP2L1	NPTXR	0.45431	33.11	0.112	rgb(218,196,196)	1.6461	None
NHLH1	SPAG8	0.45421	33.27	0.268	rgb(220,166,166)	1.6493	None
SIX2	COL21A1	-0.45411	33.83	-3.3E-01	rgb(146,174,229)	1.6604	None
AEBP1	DOCK4	0.45401	34.65	0.15	rgb(219,188,189)	1.6766	2,2
FOXA1	SLC25A34	-0.45391	33.185	-1.8E-01	rgb(177,193,224)	1.6476	None
PRDM16	SSPO	0.45381	31.42	0.42	rgb(222,137,138)	1.6126	None
MAFF	SFTPA2	-0.45371	33.085	-8.3E-02	rgb(199,206,220)	1.6456	None
ETV1	CAND2	0.45362	33.805	0.304	rgb(220,159,160)	1.6599	None
FOXP2	SPIB	-0.45352	33.875	-3.8E-01	rgb(135,167,231)	1.6613	None
GATA4	RASAL1	-0.45332	34.575	-7.5E-02	rgb(201,207,220)	1.6752	None
MAFB	SCG3	0.45332	34.575	0.076	rgb(218,203,203)	1.6752	None
PDX1	ACSL6	-0.45322	32.76	-2.6E-01	rgb(161,183,227)	1.6392	None
TEAD1	G0S2	-0.45312	33.255	-2.6E-01	rgb(162,183,227)	1.649	None
PRDM16	YPEL4	-0.45302	33.75	-2.5E-01	rgb(163,184,226)	1.6588	None
PRDM16	SPDYE1	-0.45292	34.6	-9.9E-02	rgb(195,204,221)	1.6756	None
PRDM16	LINC00514	-0.45282	33.34	-3.4E-01	rgb(143,172,230)	1.6507	None
GATA4	STK31	-0.45272	33.26	-2.6E-01	rgb(160,183,227)	1.6491	None
FOXA1	PALMD	0.45232	33.685	0.187	rgb(219,181,182)	1.6575	None
GATA4	SSPO	-0.45232	32.755	-2.5E-01	rgb(162,183,227)	1.6391	None
MAFB	CDKN1C	0.45232	31.835	0.336	rgb(221,153,153)	1.6209	None
SMAD9	SMA5	0.45232	32.755	0.254	rgb(220,168,169)	1.6391	2,2
EGR3	B3GAT1	-0.45222	34.555	-5.7E-02	rgb(205,209,219)	1.6748	None
TP73	FSD1	-0.45213	34.175	-1.8E-01	rgb(179,194,224)	1.6672	None
ARX	MAPK12	-0.45193	34.615	-1.1E-01	rgb(192,202,221)	1.6759	None
MAFA	ICA1L	-0.45193	32.27	-2.7E-01	rgb(158,181,227)	1.6295	None
HSF2	CCDC14	0.45173	32.635	0.136	rgb(219,191,191)	1.6367	None
SPIB	LHX1	-0.45173	33.575	-7.7E-02	rgb(200,207,220)	1.6553	None
ZNF492	UBN2	0.45163	33.245	0.245	rgb(220,170,171)	1.6488	None
TEAD1	CSRNP3	0.45153	32.85	0.351	rgb(221,150,151)	1.641	None
TET1	MAP3K12	0.45143	33.295	0.293	rgb(220,161,162)	1.6498	None
LHX1	UNC79	-0.45133	33.66	-1.6E-01	rgb(182,196,223)	1.657	None
GATA6	ARL9	-0.45123	33.24	-2.4E-01	rgb(165,186,226)	1.6487	None
LHX1	STK33	-0.45113	33.19	-1.9E-01	rgb(176,192,224)	1.6477	None
TEAD1	PTHLH	-0.45103	33.75	-2.5E-01	rgb(162,184,227)	1.6588	None
ZNF883	ANKRD65	-0.45093	33.23	-2.3E-01	rgb(167,187,226)	1.6485	None
NHLH1	CBFA2T3	0.45074	32.325	0.325	rgb(221,155,156)	1.6306	None
RORC	CACNG7	-0.45074	32.325	-3.3E-01	rgb(146,174,229)	1.6306	None
SPIB	TNFRSF6B	0.45064	32.745	0.243	rgb(220,171,171)	1.6389	None
MAFB	GPRIN3	0.45054	33.675	0.174	rgb(219,184,184)	1.6573	None
SIX2	SULT1A4	0.45044	34.185	0.186	rgb(219,182,182)	1.6674	None
PDX1	IFIT1	-0.45034	34.135	-1.3E-01	rgb(188,199,222)	1.6664	None
ZNF492	PCDHA2	0.45024	34.215	0.215	rgb(219,176,176)	1.668	None
AEBP1	MUC5AC	-0.45014	34.23	-2.3E-01	rgb(167,187,226)	1.6683	2,2
SPIB	GSTM2	-0.44994	33.365	-3.6E-01	rgb(138,169,231)	1.6512	None
TEAD2	FSD1	0.44994	32.26	0.258	rgb(220,168,168)	1.6293	None
SPIB	SULT2A1	0.44984	33.38	0.378	rgb(221,145,146)	1.6515	None
ZNF846	WSB1	0.44974	34.15	0.15	rgb(219,188,189)	1.6667	None
ZFP2	LOC728175	-0.44964	34.27	-2.7E-01	rgb(159,182,227)	1.6691	2,2
SOX4	CPB1	-0.44954	33.215	-2.1E-01	rgb(171,189,225)	1.6482	None
RFX6	PDE2A	0.44944	31.49	0.489	rgb(222,124,125)	1.614	None
TEAD2	CHD5	-0.44934	34.165	-1.7E-01	rgb(181,195,223)	1.667	None
HIC1	P2RX6	0.44925	33.84	0.341	rgb(221,152,153)	1.6606	None
LHX1	SERPINI1	-0.44915	33.66	-1.6E-01	rgb(182,196,223)	1.657	None
SOX4	SRRM4	-0.44905	33.21	-2.1E-01	rgb(171,189,225)	1.6481	None
TEAD2	UTY	-0.44895	33.26	-2.6E-01	rgb(160,183,227)	1.6491	None
ZNF788	AF258560	0.44885	33.7	0.198	rgb(219,179,180)	1.6578	2,2
GATA4	KL	0.44855	34.5	0	rgb(217,217,217)	1.6737	None
RORC	KL	0.44855	34.5	0	rgb(217,217,217)	1.6737	None
TEAD1	TNFRSF6B	0.44855	34.5	0	rgb(217,217,217)	1.6737	None
EGR3	HSPA6	0.44805	34.5	0	rgb(217,217,217)	1.6737	None
GATA2	FSD1	0.44805	34.5	0	rgb(217,217,217)	1.6737	None
HEY1	EPM2A	0.44805	34.5	0	rgb(217,217,217)	1.6737	None
LMX1B	HLF	0.44805	34.5	0	rgb(217,217,217)	1.6737	None
NR4A2	HAP1	0.44805	34.5	0	rgb(217,217,217)	1.6737	None
GATA4	ARNT2	0.44795	31.885	0.387	rgb(221,143,144)	1.6219	None
SMAD9	SSTR5-AS1	0.44785	32.255	0.256	rgb(220,168,169)	1.6292	None
ZFHX2	NEUROD2	0.44776	33.335	0.333	rgb(221,153,154)	1.6506	None
CBX2	AK311213	0.44736	34.19	0.19	rgb(219,181,181)	1.6675	2,2
GATA4	BC090058	0.44736	34.5	0	rgb(217,217,217)	1.6737	2,2
ZFHX2	CATSPERB	0.44736	34.19	0.191	rgb(219,180,181)	1.6675	None
ZNF846	AF258560	0.44736	34.5	0	rgb(217,217,217)	1.6737	2,2
EBF3	SCT	0.44726	32.875	0.374	rgb(221,146,146)	1.6415	None
NR4A2	TUBB3	-0.44716	32.715	-2.2E-01	rgb(170,189,225)	1.6383	None
SMAD9	CAMK1	0.44706	34.075	0.075	rgb(218,203,203)	1.6652	None
AEBP1	CACNA1B	0.44636	34.5	0	rgb(217,217,217)	1.6737	2,2
NPAS3	AX746485	0.44636	34.5	0	rgb(217,217,217)	1.6737	2,2
TFCP2L1	TTR	0.44636	34.5	0	rgb(217,217,217)	1.6737	None
ZNF519	KNDC1	0.44636	34.5	0	rgb(217,217,217)	1.6737	None
ZNF788	AL831889	0.44636	34.5	0	rgb(217,217,217)	1.6737	2,2
ZNF846	BC040733	0.44636	34.5	0	rgb(217,217,217)	1.6737	2,2
ZNF846	GPRASP2	0.44636	34.5	0	rgb(217,217,217)	1.6737	None
FOXA1	FCAMR	0.44597	34.5	0	rgb(217,217,217)	1.6737	None
GATA4	NEFM	0.44597	34.5	0	rgb(217,217,217)	1.6737	None
LHX1	CACNA2D2	0.44597	34.5	0	rgb(217,217,217)	1.6737	None
SIX2	S100A1	0.44597	34.5	0	rgb(217,217,217)	1.6737	None
TFCP2L1	SSTR3	0.44587	33.77	0.268	rgb(220,166,166)	1.6592	None
SIX2	SCGN	0.44567	34.5	0	rgb(217,217,217)	1.6737	None
ZNF382	ROS1	0.44567	34.5	0	rgb(217,217,217)	1.6737	None
RFX3	NPW	-0.44557	32.415	-4.2E-01	rgb(126,162,233)	1.6324	None
NEUROD2	C1QL1	0.44537	31.475	0.473	rgb(222,127,128)	1.6137	None
RFX2	GPR142	0.44537	33.32	0.321	rgb(221,156,156)	1.6503	None
ASCL2	KIF19	0.44468	34.5	0	rgb(217,217,217)	1.6737	None
GATA4	SGSM1	0.44468	34.5	0	rgb(217,217,217)	1.6737	None
NFAT5	TFCP2L1	0.44468	34.5	0	rgb(217,217,217)	1.6737	None
ONECUT1	FAM13A-AS1	0.44468	34.5	0	rgb(217,217,217)	1.6737	None
RORC	BEND5	0.44468	34.5	0	rgb(217,217,217)	1.6737	None
RORC	SPDYE1	0.44468	34.5	0	rgb(217,217,217)	1.6737	None
SMAD9	UCN3	0.44468	34.5	0	rgb(217,217,217)	1.6737	None
PBX3	LDHD	-0.44448	31.39	-3.9E-01	rgb(132,166,232)	1.612	None
ZNF846	RBFOX2	0.44448	31.39	0.392	rgb(221,142,143)	1.612	None
ZNF846	PLTP	-0.44438	34.16	-1.6E-01	rgb(182,196,223)	1.6669	None
EGR3	CNR1	0.44428	33.5	7.7E-05	rgb(217,217,217)	1.6539	None
LMX1A	GRIK5	-0.44418	33.26	-2.6E-01	rgb(161,183,227)	1.6491	None
EGR3	CLCNKA	-0.44408	33.23	-2.3E-01	rgb(167,187,226)	1.6485	None
EBF3	SCN3B	0.44398	32.725	0.227	rgb(219,174,174)	1.6385	None
LHX1	CBX2	0.44378	34.15	0.15	rgb(219,188,189)	1.6667	None
ZNF846	CAMK2N2	-0.44378	34.15	-1.5E-01	rgb(184,197,223)	1.6667	None
ATOH8	MIR29C	0.44338	34.5	0	rgb(217,217,217)	1.6737	2,2
ELF4	ANGPT2	-0.44338	33.715	-2.1E-01	rgb(171,189,225)	1.6581	None
MAFA	KCNK3	0.44338	34.5	0	rgb(217,217,217)	1.6737	None
PRDM16	LHX1	-0.44338	33.715	-2.2E-01	rgb(170,189,225)	1.6581	None
AEBP1	NTS	0.44329	33.78	0.278	rgb(220,164,165)	1.6594	2,2
LMX1A	GAD2	0.44309	32.245	0.244	rgb(220,170,171)	1.629	None
ZFHX2	ARL4D	-0.44309	32.245	-2.4E-01	rgb(164,185,226)	1.629	None
ONECUT3	LOC100996634	0.44299	33.87	0.371	rgb(221,146,147)	1.6612	2,2
SIX2	ZFP2	0.44289	31.815	0.314	rgb(220,157,158)	1.6205	None
FOXD4L5	COL14A1	0.44269	33.71	0.211	rgb(219,177,177)	1.658	None
ONECUT2	CACNA2D2	-0.44269	33.71	-2.1E-01	rgb(171,189,225)	1.658	None
MAFA	HES4	0.44259	33.775	0.273	rgb(220,165,165)	1.6593	None
GATA4	LRAT	-0.44249	32.845	-3.4E-01	rgb(142,172,230)	1.6409	None
HSF2	SSPO	-0.44239	32.31	-3.1E-01	rgb(150,176,229)	1.6303	None
ETV1	CHD5	0.44209	34.14	0.141	rgb(219,190,190)	1.6665	None
NKX6-1	HNF1A-AS1	-0.44209	34.14	-1.4E-01	rgb(187,199,222)	1.6665	None
ZNF846	IFNE	0.44209	34.14	0.139	rgb(219,190,191)	1.6665	2,2
RORC	UNC79	-0.44199	33.735	-2.4E-01	rgb(166,186,226)	1.6585	None
ADNP	LOC202181	0.4417	33.155	0.153	rgb(219,188,188)	1.647	2,2
ASCL2	CDH22	0.4417	32.84	0.339	rgb(221,152,153)	1.6408	None
NR4A3	RNF157-AS1	0.4417	32.375	0.375	rgb(221,145,146)	1.6316	None
SPIB	CRLF1	0.4416	34.17	0.168	rgb(219,185,185)	1.6671	None
ELF4	IGFN1	-0.4415	32.715	-2.2E-01	rgb(170,188,225)	1.6383	None
ZNF846	AX747850	-0.4414	34.145	-1.5E-01	rgb(185,198,223)	1.6666	2,2
TET1	B3GNTL1	-0.4413	33.285	-2.8E-01	rgb(155,179,228)	1.6496	None
EGR3	POM121L9P	0.4411	32.68	0.18	rgb(219,183,183)	1.6376	None
PDX1	EFNB3	0.4411	32.835	0.335	rgb(221,153,154)	1.6407	None
LHX1	PMFBP1	-0.441	34.18	-1.8E-01	rgb(178,193,224)	1.6673	None
HSF2	FAM126A	0.4409	34.055	0.055	rgb(218,207,207)	1.6649	None
NEUROD1	POM121L10P	0.4408	33.575	0.074	rgb(218,203,203)	1.6553	None
MYSM1	AX747756	0.4407	33.275	0.275	rgb(220,164,165)	1.6494	2,2
LHX1	NEGR1	-0.4406	34.115	-1.2E-01	rgb(192,202,221)	1.666	None
TGIF2	IFI44L	0.4405	33.64	0.141	rgb(219,190,190)	1.6566	None
HIF1A	PMP22	-0.44041	32.875	-3.8E-01	rgb(135,167,231)	1.6415	None
ETS1	PCED1B-AS1	-0.44031	31.87	-3.7E-01	rgb(137,168,231)	1.6216	None
LHX1	GRIK5	-0.44011	33.12	-1.2E-01	rgb(191,201,222)	1.6463	None
PBX1	FAM135B	0.44011	34.2	0.198	rgb(219,179,179)	1.6677	None
RORC	TMEM145	0.44001	32.87	0.368	rgb(221,147,147)	1.6414	None
PBX3	CELSR3	0.43991	33.805	0.303	rgb(220,159,160)	1.6599	None
FOXA2	EMB	-0.43981	32.81	-3.1E-01	rgb(150,176,229)	1.6402	None
FEV	MBOAT4	0.43971	34.195	0.195	rgb(219,180,180)	1.6676	None
ZNF846	NNMT	0.43961	33.74	0.241	rgb(220,171,171)	1.6586	None
PDX1	ZNF117	-0.43951	33.25	-2.5E-01	rgb(162,184,227)	1.6489	None
FEV	SIM1	0.43941	33.175	0.176	rgb(219,183,184)	1.6474	None
ETS1	SLC6A16	0.43921	33.315	0.316	rgb(220,157,157)	1.6502	None
GLIS2	TMEM145	-0.43921	33.21	-2.1E-01	rgb(171,189,225)	1.6481	None
EGR3	TOX3	0.43911	33.845	0.345	rgb(221,151,152)	1.6607	None
ASCL2	CSF1R	0.43901	34.13	0.132	rgb(218,192,192)	1.6663	None
NEUROG3	TP73	0.43892	31.45	0.448	rgb(222,131,132)	1.6132	None
LMX1B	RPL36A-HNRNPH2	-0.43882	33.54	-3.8E-02	rgb(209,212,218)	1.6546	None
RFX3	KNDC1	0.43872	32.65	0.152	rgb(219,188,188)	1.637	None
HSF2	POM121L9P	0.43862	33.305	0.306	rgb(220,159,159)	1.65	None
LHX1	WWC2-AS2	0.43852	34.075	0.074	rgb(218,203,203)	1.6652	None
PBX3	HERC5	0.43842	34.17	0.172	rgb(219,184,185)	1.6671	None
SPIB	SSTR5-AS1	0.43832	33.77	0.268	rgb(220,166,166)	1.6592	None
LHX1	KHK	-0.43822	33.525	-2.5E-02	rgb(212,214,218)	1.6543	None
E2F7	CRH	-0.43802	33.245	-2.5E-01	rgb(164,185,226)	1.6488	None
ZFP82	SCARA3	-0.43802	32.295	-3.0E-01	rgb(152,178,228)	1.63	None
RFX2	MX2	0.43792	33.74	0.239	rgb(220,171,172)	1.6586	None
LMX1B	KLB	-0.43782	33.16	-1.6E-01	rgb(182,196,223)	1.6471	None
NEUROD2	SOGA3	0.43772	33.64	0.139	rgb(219,191,191)	1.6566	None
DZIP1	HBT8	0.43762	33.34	0.338	rgb(221,152,153)	1.6507	2,2
TEAD2	CCDC74B	0.43752	32.69	0.189	rgb(219,181,181)	1.6378	None
LMX1B	ZFHX2	0.43743	32.22	0.221	rgb(219,175,175)	1.6285	None
FOXD4L5	ATF6	-0.43733	32.33	-3.3E-01	rgb(145,173,230)	1.6307	None
MAFB	PPP4R4	0.43723	34.1	0.098	rgb(218,198,198)	1.6657	None
NHLH1	BGN	-0.43713	34.155	-1.5E-01	rgb(183,197,223)	1.6668	None
PRDM16	SEC11C	0.43703	34.035	0.033	rgb(217,211,211)	1.6645	None
MAFA	SRCIN1	0.43693	33.24	0.241	rgb(220,171,171)	1.6487	None
MAFF	SERTAD1	0.43683	33.705	0.204	rgb(219,178,178)	1.6579	None
EGR3	CERS1	-0.43673	33.625	-1.2E-01	rgb(190,201,222)	1.6563	None
NR4A2	FUT1	-0.43663	33.145	-1.4E-01	rgb(186,198,222)	1.6468	None
RFX2	APBB1	-0.43653	34.02	-2.2E-02	rgb(212,214,218)	1.6642	None
SIX2	PYY	0.43643	33.7	0.202	rgb(219,178,179)	1.6578	None
EGR3	SYNM	-0.43633	32.8	-3.0E-01	rgb(152,177,228)	1.64	None
ZNF382	ST6GALNAC5	-0.43623	31.44	-4.4E-01	rgb(122,159,234)	1.613	None
ASCL2	SCUBE3	0.43603	33.695	0.196	rgb(219,180,180)	1.6577	None
NPAS3	CLSTN2	0.43603	33.695	0.195	rgb(219,180,180)	1.6577	2,2
NHLH1	CSF1R	0.43594	33.65	0.15	rgb(219,188,189)	1.6568	None
SETBP1	GUSBP9	0.43584	34.085	0.085	rgb(218,201,201)	1.6654	2,2
ARX	DOK6	0.43574	30.995	0.497	rgb(222,122,123)	1.6042	None
FOXA1	DOCK8	0.43564	32.79	0.288	rgb(220,162,163)	1.6398	None
SOX4	RSPH4A	0.43554	32.76	0.261	rgb(220,167,168)	1.6392	None
ETV1	KIF5A	0.43544	32.715	0.215	rgb(219,176,176)	1.6383	None
NKX6-1	DLC1	0.43534	33.36	0.361	rgb(221,148,149)	1.6511	None
PRDM16	ARHGEF26-AS1	-0.43524	32.785	-2.9E-01	rgb(155,179,228)	1.6397	None
AKNA	BX641154	0.43514	33.745	0.243	rgb(220,171,171)	1.6587	2,2
FOXA1	CACNA1E	-0.43504	33.275	-2.7E-01	rgb(157,181,227)	1.6494	None
NFAT5	CCDC86	-0.43494	32.85	-3.5E-01	rgb(142,171,230)	1.641	None
FOXA1	ASRGL1	0.43484	34.03	0.032	rgb(217,211,211)	1.6644	None
ASCL2	NPTX1	0.43474	33.52	0.022	rgb(217,213,213)	1.6543	None
GATA4	NR4A3	-0.43455	32.78	-2.8E-01	rgb(156,180,228)	1.6396	None
TEAD1	CALY	-0.43455	32.78	-2.8E-01	rgb(156,180,228)	1.6396	None
DPF3	PLCE1-AS1	0.43445	33.74	0.238	rgb(220,172,172)	1.6586	2,2
PAX6	FAM227A	-0.43435	33.305	-3.0E-01	rgb(151,177,229)	1.65	None
GATA4	IGSF9B	-0.43425	32.3	-3.0E-01	rgb(152,177,228)	1.6301	None
TEAD1	CPNE9	-0.43415	32.28	-2.8E-01	rgb(157,180,228)	1.6297	None
SIX2	ZG16	0.43405	31.43	0.432	rgb(222,135,135)	1.6128	None
SIX2	YPEL4	-0.43395	33.3	-3.0E-01	rgb(152,178,228)	1.6499	None
ETV1	FAM227A	0.43385	32.76	0.261	rgb(220,167,168)	1.6392	None
PAX6	SAP30	-0.43375	32.855	-3.5E-01	rgb(140,170,230)	1.6411	None
SMAD9	CACNA1E	0.43365	33.18	0.181	rgb(219,182,183)	1.6475	None
RORC	LMO3	-0.43355	32.815	-3.1E-01	rgb(149,176,229)	1.6403	None
LHX1	COL14A1	-0.43345	32.685	-1.8E-01	rgb(177,193,224)	1.6377	None
LMX1B	MCF2L	0.43335	33.285	0.286	rgb(220,162,163)	1.6496	None
SIX2	EGFR	-0.43325	33.765	-2.6E-01	rgb(160,182,227)	1.6591	None
ATF5	CITED4	-0.43315	32.635	-1.4E-01	rgb(187,199,222)	1.6367	None
TP73	E2F7	0.43306	33.24	0.24	rgb(220,171,172)	1.6487	None
E2F7	FXYD1	0.43296	34	0	rgb(217,217,217)	1.6638	None
ONECUT3	UGDH-AS1	0.43286	33.7	0.2	rgb(219,179,179)	1.6578	None
TEAD1	DNAJC12	0.43266	33.675	0.174	rgb(219,184,184)	1.6573	None
ZFP82	ELAVL3	0.43266	33.675	0.174	rgb(219,184,184)	1.6573	None
ASCL1	TRPM2	0.43256	30.955	0.454	rgb(222,130,131)	1.6034	None
HSF2	LMO3	-0.43246	33.765	-2.7E-01	rgb(159,182,227)	1.6591	None
HSF2	CDRT4	0.43236	33.275	0.276	rgb(220,164,165)	1.6494	None
EGR3	VAV3	0.43216	32.74	0.242	rgb(220,171,171)	1.6388	None
MAFA	WNT9A	0.43216	32.74	0.241	rgb(220,171,171)	1.6388	None
HSF2	LINC00894	0.43206	32.285	0.283	rgb(220,163,164)	1.6298	None
ELF4	ARL9	-0.43196	32.36	-3.6E-01	rgb(139,169,231)	1.6313	None
ARX	DHRS2	0.43137	34	0	rgb(217,217,217)	1.6638	None
FEV	CAMK1	0.43137	34	0	rgb(217,217,217)	1.6638	None
FOXD4L5	CELA3A	0.43137	34	0	rgb(217,217,217)	1.6638	None
MAFA	CNGA3	0.43137	34	0	rgb(217,217,217)	1.6638	None
MAFB	KCNMB3	0.43137	34	0	rgb(217,217,217)	1.6638	None
ZFP28	DYNC1I1	0.43137	34	0	rgb(217,217,217)	1.6638	None
SMAD9	SOCS1	0.43127	31.78	0.28	rgb(220,163,164)	1.6198	None
MAFF	SPON1	0.43117	32.62	0.119	rgb(218,194,195)	1.6364	None
NEUROG3	TMEM35	0.43107	33.34	0.339	rgb(221,152,153)	1.6507	2,2
NFAT5	DNAJB13	0.43097	30.95	0.45	rgb(222,131,132)	1.6033	None
HSF2	TMPRSS11E	0.43067	33.21	0.208	rgb(219,177,178)	1.6481	None
LMX1B	CADPS	0.43067	33.335	0.333	rgb(221,153,154)	1.6506	None
ZNF492	PROX1	0.43067	32.79	0.291	rgb(220,161,162)	1.6398	None
PDX1	MAPK12	-0.43057	33.66	-1.6E-01	rgb(183,196,223)	1.657	None
ZFP82	CLSTN2	0.43047	33.645	0.147	rgb(219,189,189)	1.6567	None
SPIB	AKNA	-0.43037	33.61	-1.1E-01	rgb(193,203,221)	1.656	None
LHX1	FAXC	0.43027	33.155	0.154	rgb(219,188,188)	1.647	None
NEUROG3	FAM126A	0.43008	31.42	0.419	rgb(222,137,138)	1.6126	None
SOX4	SEZ6L	-0.43008	31.42	-4.2E-01	rgb(126,162,233)	1.6126	None
GATA4	TNP1	0.42998	32.27	0.269	rgb(220,166,166)	1.6295	2,2
ELF4	HIP1	0.42938	34	0	rgb(217,217,217)	1.6638	None
ETS1	LRRN2	0.42938	34	0	rgb(217,217,217)	1.6638	None
GATA2	TUBA3FP	0.42938	34	0	rgb(217,217,217)	1.6638	None
ISL1	PRPH	0.42938	34	0	rgb(217,217,217)	1.6638	None
PBX3	USH2A	0.42938	34	0	rgb(217,217,217)	1.6638	None
ZNF514	DNAPTP1	0.42938	34	0	rgb(217,217,217)	1.6638	2,2
FEV	KNDC1	0.42928	32.17	0.17	rgb(219,184,185)	1.6275	None
EGR3	HOMEZ	0.42918	32.34	0.339	rgb(221,152,153)	1.6309	None
FOXD4L5	TRPM3	0.42868	34	0	rgb(217,217,217)	1.6638	None
NR4A3	KCNF1	0.42868	34	0	rgb(217,217,217)	1.6638	None
SETBP1	CCNA1	0.42868	34	0	rgb(217,217,217)	1.6638	2,2
SPIB	NUTM1	0.42868	34	0	rgb(217,217,217)	1.6638	None
ZNF846	RPL36A-HNRNPH2	0.42868	34	0	rgb(217,217,217)	1.6638	None
ZNF846	CADM3	-0.42859	32.81	-3.1E-01	rgb(149,176,229)	1.6402	None
SIX2	PGA4	-0.42849	32.75	-2.5E-01	rgb(163,184,226)	1.639	None
HMBOX1	MYO3A	0.42819	33.245	0.243	rgb(220,170,171)	1.6488	None
NEUROG3	GATA4	0.42819	34	0	rgb(217,217,217)	1.6638	None
PBX3	CCK	0.42819	34	0	rgb(217,217,217)	1.6638	None
ETS1	CALCOCO1	0.42779	34	0	rgb(217,217,217)	1.6638	None
FOXD4L5	MPP1	0.42779	34	0	rgb(217,217,217)	1.6638	None
TEAD2	CLCNKA	0.42779	34	0	rgb(217,217,217)	1.6638	None
ZNF846	APLP1	0.42779	34	0	rgb(217,217,217)	1.6638	None
TP73	NAALADL1	-0.42769	32.165	-1.6E-01	rgb(182,195,223)	1.6274	None
FOXA1	TTLL7	0.42739	32.53	0.032	rgb(217,211,211)	1.6346	None
PDX1	ARL9	0.42739	32.68	0.181	rgb(219,182,183)	1.6376	None
ZNF492	AX747175	0.42739	32.68	0.18	rgb(219,183,183)	1.6376	2,2
FOXD4L5	PALMD	0.42729	33.76	0.259	rgb(220,167,168)	1.659	None
TET1	RASD1	-0.4271	32.63	-1.3E-01	rgb(188,200,222)	1.6366	None
ZNF117	AK128563	0.4271	33.725	0.225	rgb(219,174,174)	1.6583	2,2
LHX1	NOL4	0.4269	33.625	0.126	rgb(218,193,193)	1.6563	None
MAFA	PITRM1-AS1	0.4269	32.805	0.303	rgb(220,159,160)	1.6401	None
EGR3	CD70	0.4264	34	0	rgb(217,217,217)	1.6638	None
EGR3	KCNH2	0.4264	34	0	rgb(217,217,217)	1.6638	None
PBX3	IFI6	0.4264	34	0	rgb(217,217,217)	1.6638	None
PDX1	MPP1	0.4264	34	0	rgb(217,217,217)	1.6638	None
RORC	FSTL5	0.4264	34	0	rgb(217,217,217)	1.6638	None
NHLH1	CRLF1	0.4263	33.245	0.244	rgb(220,170,171)	1.6488	None
SIX2	BAMBI	-0.4262	32.865	-3.7E-01	rgb(138,169,231)	1.6413	None
ETS1	FLT1	0.426	31.415	0.414	rgb(222,138,139)	1.6125	None
ZFHX2	TMEM196	-0.426	33.72	-2.2E-01	rgb(169,188,225)	1.6582	None
HES4	POM121L10P	0.4259	33.66	0.162	rgb(219,186,186)	1.657	None
RORC	PNISR	-0.4258	33.255	-2.6E-01	rgb(161,183,227)	1.649	None
PRDM16	GPR155	0.42571	33.615	0.115	rgb(218,195,195)	1.6561	None
FOXJ1	EVA1A	0.42511	34	0	rgb(217,217,217)	1.6638	None
HEY1	BRSK2	0.42511	34	0	rgb(217,217,217)	1.6638	None
MAFA	ENPP7	0.42511	34	0	rgb(217,217,217)	1.6638	None
PBX3	RASAL1	0.42511	34	0	rgb(217,217,217)	1.6638	None
PDX1	RPRML	0.42511	32.855	0.356	rgb(221,149,150)	1.6411	None
SIX2	CLIP3	-0.42511	33.545	-4.5E-02	rgb(207,211,219)	1.6547	None
FOXD4L5	POM121L9P	-0.42501	33.54	-4.1E-02	rgb(208,212,219)	1.6546	None
MAFA	TMEM151B	0.42491	31.77	0.271	rgb(220,165,166)	1.6196	None
TEAD2	FUT1	0.42481	31.345	0.347	rgb(221,151,151)	1.6112	None
FOXA1	COL21A1	0.42461	34	0	rgb(217,217,217)	1.6638	None
FOXA2	FAM13A-AS1	0.42461	34	0	rgb(217,217,217)	1.6638	None
NR4A3	NPTXR	0.42441	32.155	0.157	rgb(219,187,187)	1.6272	None
ZFP28	IFI44	0.42441	32.155	0.155	rgb(219,187,188)	1.6272	None
E2F7	SMOC2	-0.42422	33.53	-2.8E-02	rgb(211,213,218)	1.6544	None
HSF2	FAM131B	-0.42422	32.795	-2.9E-01	rgb(154,178,228)	1.6399	None
SIX2	CACNG7	-0.42412	33.1	-1.0E-01	rgb(195,204,221)	1.6459	None
ZNF846	TCEAL1	0.42402	33.7	0.201	rgb(219,179,179)	1.6578	None
FOXA2	EPHB3	0.42382	32.59	0.092	rgb(218,199,200)	1.6358	None
MAFA	CHRM4	0.42382	32.59	0.088	rgb(218,200,200)	1.6358	None
FOXA1	LSAMP	0.42362	31.41	0.411	rgb(222,139,139)	1.6124	None
MYSM1	JX088243	0.42362	31.41	0.408	rgb(221,139,140)	1.6124	2,2
PBX3	ADAMTSL2	0.42352	32.26	0.262	rgb(220,167,167)	1.6293	None
RFX3	PGA3	-0.42342	32.255	-2.5E-01	rgb(162,183,227)	1.6292	None
MAFF	KIAA1324	-0.42332	33.165	-1.6E-01	rgb(181,195,223)	1.6472	None
HSF2	VCAN	0.42322	32.31	0.308	rgb(220,158,159)	1.6303	None
MAFB	CRH	-0.42312	32.72	-2.2E-01	rgb(169,188,225)	1.6384	None
ETV1	SYT14	0.42302	33.15	0.151	rgb(219,188,189)	1.6469	None
LHX1	AKT3	-0.42292	33.575	-7.5E-02	rgb(201,207,220)	1.6553	None
HSF2	RUSC1-AS1	-0.42282	31.34	-3.4E-01	rgb(143,172,230)	1.6111	None
ZFP82	ATP13A4	0.42273	32.305	0.307	rgb(220,158,159)	1.6302	None
MAFF	ABCC4	-0.42263	30.93	-4.3E-01	rgb(124,160,233)	1.6029	None
PRDM16	CLCNKA	-0.42253	33.005	-4.2E-03	rgb(216,216,217)	1.644	None
ONECUT2	TRPC6	0.42243	33.17	0.169	rgb(219,185,185)	1.6473	None
EGR3	TUBA1A	0.42233	32.675	0.173	rgb(219,184,184)	1.6375	None
ZNF846	LRP3	0.42223	32.255	0.253	rgb(220,169,169)	1.6292	None
LHX1	KCNAB2	-0.42213	33.62	-1.2E-01	rgb(191,201,222)	1.6562	None
HIC1	ADCY1	0.42203	33.615	0.115	rgb(218,195,195)	1.6561	None
TGIF2	TRPC6	-0.42193	32.725	-2.3E-01	rgb(168,187,226)	1.6385	None
ZFP28	CDRT4	-0.42183	33.13	-1.3E-01	rgb(188,200,222)	1.6465	None
NKX6-1	DENND2A	0.42173	33.69	0.189	rgb(219,181,181)	1.6576	None
ETS1	CPLX2	-0.42163	32.76	-2.6E-01	rgb(160,182,227)	1.6392	None
HSF2	RFX6	-0.42143	32.705	-2.0E-01	rgb(173,190,225)	1.6381	None
RORC	CCR6	-0.42143	32.89	-3.9E-01	rgb(132,165,232)	1.6418	None
RORC	SH3RF3-AS1	0.42133	32.66	0.158	rgb(219,187,187)	1.6372	None
ZNF492	CACNA1C	0.42124	31.335	0.335	rgb(221,153,154)	1.611	None
ETS1	WNK3	-0.42114	33.645	-1.5E-01	rgb(185,198,223)	1.6567	None
TGIF2	NALCN	-0.42104	32.38	-3.8E-01	rgb(135,167,231)	1.6317	None
EGR3	FAM92B	0.42094	33.58	0.081	rgb(218,202,202)	1.6554	None
MAFA	RASD1	0.42084	32.06	0.061	rgb(218,205,205)	1.6253	None
HSF2	ANKS1B	0.42074	31.4	0.402	rgb(221,140,141)	1.6122	None
E2F7	MYBPC3	-0.42064	32.245	-2.4E-01	rgb(164,185,226)	1.629	None
GATA4	PYY	-0.42044	33.635	-1.4E-01	rgb(187,199,222)	1.6565	None
RFX2	FAM171B	-0.42044	33.635	-1.3E-01	rgb(188,199,222)	1.6565	None
PRDM16	KIF19	-0.42034	33.13	-1.3E-01	rgb(189,200,222)	1.6465	None
NKX2-2	AVPR1B	-0.42024	33.555	-5.6E-02	rgb(205,210,219)	1.6549	None
TEAD1	RUNX1T1	0.42004	32.35	0.348	rgb(221,151,151)	1.6311	None
ZFHX2	ARHGEF26-AS1	0.42004	32.35	0.35	rgb(221,150,151)	1.6311	None
ETV1	GJD2	0.41985	32.74	0.242	rgb(220,171,171)	1.6388	None
HSF2	CACNA2D1	-0.41985	32.74	-2.4E-01	rgb(165,185,226)	1.6388	None
ONECUT2	MIR137HG	0.41975	33.07	0.069	rgb(218,204,204)	1.6453	None
RFX6	HOPX	0.41965	31.97	0.472	rgb(222,127,128)	1.6235	None
LTF	AK095546	0.41955	32.685	0.187	rgb(219,181,182)	1.6377	2,2
ZNF492	GDF10	0.41945	33.215	0.216	rgb(219,176,176)	1.6482	None
TP73	STX2	0.41935	32.84	0.342	rgb(221,152,152)	1.6408	None
SOX4	HMGB3	0.41925	33.315	0.317	rgb(220,157,157)	1.6502	None
EGR3	ATP6V0E2	0.41915	32.24	0.239	rgb(220,171,172)	1.6289	None
SMAD9	IRF2BP1	-0.41895	30.91	-4.1E-01	rgb(128,163,233)	1.6025	None
SOX4	ZCCHC18	0.41895	30.91	0.412	rgb(222,138,139)	1.6025	None
ZFP28	CYMP	-0.41885	33.21	-2.1E-01	rgb(172,189,225)	1.6481	None
PBX1	GAP43	0.41865	33.645	0.145	rgb(219,189,190)	1.6567	None
ZNF846	RGS11	0.41865	33.645	0.147	rgb(219,189,189)	1.6567	None
PBX3	SERTAD1	-0.41855	32.36	-3.6E-01	rgb(138,169,231)	1.6313	None
GATA4	GATA6	0.41845	32.73	0.228	rgb(220,173,174)	1.6386	None
ETS1	SULT1C2P1	-0.41836	32.835	-3.4E-01	rgb(144,173,230)	1.6407	None
GATA4	PEX5L	0.41826	31.395	0.393	rgb(221,142,143)	1.6121	None
ELF4	AMPH	0.41806	32.68	0.182	rgb(219,182,183)	1.6376	None
ELF4	HCP5	-0.41806	32.68	-1.8E-01	rgb(178,193,224)	1.6376	None
MAFB	PDGFD	-0.41796	32.76	-2.6E-01	rgb(161,183,227)	1.6392	None
HSF2	PYY	0.41786	33.515	0.013	rgb(217,214,214)	1.6542	None
FEV	ZFP69B	-0.41776	33.095	-9.7E-02	rgb(196,204,221)	1.6458	None
HOXB9	FAXC	0.41746	32.26	0.262	rgb(220,167,168)	1.6293	None
LHX1	LDHD	0.41746	33.255	0.256	rgb(220,168,169)	1.649	None
SMAD9	FABP5	-0.41746	32.35	-3.5E-01	rgb(142,171,230)	1.6311	None
LMX1A	SCG2	0.41736	30.905	0.403	rgb(221,140,141)	1.6024	None
SIX2	FAM92B	0.41726	33.595	0.094	rgb(218,199,199)	1.6557	None
TGIF2	ID2	-0.41716	32.81	-3.1E-01	rgb(149,176,229)	1.6402	None
LMX1B	EBF3	0.41706	33.125	0.123	rgb(218,194,194)	1.6464	None
SPIB	UNC79	0.41696	32.205	0.203	rgb(219,178,179)	1.6282	None
ST18	ATP13A4	-0.41687	33.355	-3.6E-01	rgb(140,170,231)	1.651	None
E2F7	S100A1	-0.41667	31.39	-3.9E-01	rgb(133,166,232)	1.612	None
PAX6	MLLT11	-0.41667	31.39	-3.9E-01	rgb(132,165,232)	1.612	None
FOXA2	ZFP28	0.41657	33.345	0.347	rgb(221,151,151)	1.6508	None
TFCP2L1	FZD4	0.41647	31.89	0.388	rgb(221,143,144)	1.622	None
ELF4	LSP1	-0.41627	32.23	-2.3E-01	rgb(167,186,226)	1.6287	None
NKX6-1	SIRPA	0.41627	32.23	0.229	rgb(220,173,174)	1.6287	None
RORC	RGS11	0.41617	31.74	0.241	rgb(220,171,171)	1.619	None
TFCP2L1	LRP2BP	-0.41607	32.72	-2.2E-01	rgb(169,188,225)	1.6384	None
NR4A2	LDHD	0.41597	31.885	0.383	rgb(221,144,145)	1.6219	None
TEAD1	STARD4-AS1	0.41587	30.9	0.4	rgb(221,141,141)	1.6023	None
ZBTB25	AK095242	0.41557	31.815	0.316	rgb(220,157,157)	1.6205	2,2
ZFHX2	NR4A2	0.41557	31.815	0.317	rgb(220,156,157)	1.6205	None
ZNF492	TMEM212	0.41557	31.815	0.317	rgb(220,156,157)	1.6205	None
HSF2	MATN2	0.41538	31.32	0.322	rgb(221,156,156)	1.6107	None
NR4A2	NCAM1	-0.41538	31.32	-3.2E-01	rgb(148,175,229)	1.6107	None
FOXA1	LINC00894	-0.41528	32.715	-2.2E-01	rgb(170,188,225)	1.6383	None
ATF5	LOC440434	0.41518	32.69	0.188	rgb(219,181,182)	1.6378	2,2
NR4A2	NPY	-0.41508	33.075	-7.6E-02	rgb(200,207,220)	1.6454	None
HSF2	TTLL7	0.41498	33.07	0.072	rgb(218,203,203)	1.6453	None
HSF2	PRKCG	0.41488	32.77	0.271	rgb(220,165,166)	1.6394	None
TEAD1	RBPMS	-0.41478	32.41	-4.1E-01	rgb(128,163,233)	1.6323	None
KCNIP3	PCDHB10	0.41468	33.29	0.288	rgb(220,162,163)	1.6497	2,2
GATA4	EBF3	0.41458	33.05	0.051	rgb(218,207,207)	1.6449	None
EGR3	TLE3	-0.41448	31.735	-2.4E-01	rgb(166,186,226)	1.6189	None
TFCP2L1	PER2	0.41438	33.24	0.239	rgb(220,171,172)	1.6487	None
MAFA	CRH	-0.41428	33.005	-5.8E-03	rgb(216,216,217)	1.644	None
NPAS3	FLJ31662	0.41408	33.23	0.232	rgb(220,173,173)	1.6485	2,2
ONECUT3	CLCA4	-0.41408	33.23	-2.3E-01	rgb(167,187,226)	1.6485	None
FEV	FAM71E2	0.41398	31.86	0.358	rgb(221,149,149)	1.6214	None
HSF2	DRD2	0.41389	33.01	0.012	rgb(217,215,215)	1.6441	None
ELF4	HGFAC	-0.41379	33.11	-1.1E-01	rgb(194,203,221)	1.6461	None
LMX1B	GRAMD2	0.41369	32.275	0.273	rgb(220,165,165)	1.6296	2,2
MAFA	CHGA	-0.41349	31.315	-3.2E-01	rgb(148,175,229)	1.6106	None
PBX3	SYP	0.41349	31.315	0.314	rgb(220,157,158)	1.6106	None
PLAG1	INSRR	-0.41339	33.22	-2.2E-01	rgb(170,188,225)	1.6483	None
ZFHX2	ZNF846	0.41329	33.105	0.103	rgb(218,197,197)	1.646	None
PBX3	SST	-0.41319	32.315	-3.1E-01	rgb(149,176,229)	1.6304	None
ATOH8	AK311257	0.41269	33.5	0	rgb(217,217,217)	1.6539	2,2
ELF4	UPK2	0.41269	33.5	0	rgb(217,217,217)	1.6539	None
FEV	ZMYM2	0.41269	33.5	0	rgb(217,217,217)	1.6539	None
HSF2	ST8SIA5	0.41269	33.5	0	rgb(217,217,217)	1.6539	None
ONECUT3	THRA1	0.41269	33.5	0	rgb(217,217,217)	1.6539	2,2
NEUROG3	ARHGAP22	0.4125	31.38	0.38	rgb(221,144,145)	1.6118	None
SPIB	SLC25A27	-0.4125	31.38	-3.8E-01	rgb(135,167,231)	1.6118	None
FEV	SLC30A4	-0.4124	32.21	-2.1E-01	rgb(171,189,225)	1.6283	None
GATA4	HOXB9	-0.4123	31.845	-3.5E-01	rgb(142,171,230)	1.6211	2,2
NR4A3	PROX1	0.4122	31.725	0.226	rgb(219,174,174)	1.6187	None
FOXD4L5	SCN2A	0.4121	33.2	0.202	rgb(219,178,179)	1.6479	None
EGR3	DNLZ	-0.412	33.085	-8.5E-02	rgb(199,206,220)	1.6456	None
TEAD1	MUC5B	0.4119	31.805	0.304	rgb(220,159,160)	1.6203	None
SIX2	ID4	0.4118	32.58	0.081	rgb(218,202,202)	1.6356	None
HSF2	BCL2	0.4117	32.26	0.26	rgb(220,167,168)	1.6293	None
KCNIP3	LOC100288332	0.4116	32.74	0.238	rgb(220,172,172)	1.6388	2,2
NEUROD1	MMP2	0.4115	33.17	0.168	rgb(219,185,185)	1.6473	None
GATA2	NRXN2	0.4113	33.5	0	rgb(217,217,217)	1.6539	None
ZNF382	AF258560	0.4113	33.5	0	rgb(217,217,217)	1.6539	2,2
CSRNP3	WBSCR27	0.41071	33.5	0	rgb(217,217,217)	1.6539	2,2
EGR3	CCDC88A	0.41071	33.5	0	rgb(217,217,217)	1.6539	None
ELF4	RGS16	0.41071	33.5	0	rgb(217,217,217)	1.6539	None
HSF2	ITGBL1	0.41071	33.5	0	rgb(217,217,217)	1.6539	None
SIX2	SPEG	0.41071	33.5	0	rgb(217,217,217)	1.6539	None
ZFP92	BC020343	0.41071	33.5	0	rgb(217,217,217)	1.6539	2,2
ETS1	LAMP3	0.41061	32.15	0.152	rgb(219,188,188)	1.6271	None
EGR3	LHX1	0.41041	33.5	0	rgb(217,217,217)	1.6539	None
MAFA	SLC22A13	0.41041	33.5	0	rgb(217,217,217)	1.6539	None
HOXB9	ELAVL3	0.41031	32.25	0.25	rgb(220,169,170)	1.6291	None
GATA4	TMPRSS6	0.41021	32.785	0.283	rgb(220,163,163)	1.6397	None
ETV1	SIM1	0.41011	31.835	0.337	rgb(221,153,153)	1.6209	None
NEUROD2	GRAP2	0.40981	31.375	0.373	rgb(221,146,147)	1.6117	None
NEUROG3	EVL	0.40981	31.375	0.377	rgb(221,145,146)	1.6117	None
PBX1	UTY	0.40981	31.375	0.377	rgb(221,145,146)	1.6117	None
GATA2	NR4A2	0.40922	33.5	0	rgb(217,217,217)	1.6539	None
MAFA	STMN4	0.40922	33.5	0	rgb(217,217,217)	1.6539	None
PAX6	APLN	0.40922	33.5	0	rgb(217,217,217)	1.6539	None
PAX6	NR2F2-AS1	0.40922	33.5	0	rgb(217,217,217)	1.6539	None
PBX1	IGSF21	0.40922	33.5	0	rgb(217,217,217)	1.6539	None
ZNF788	PLCE1-AS1	0.40922	33.5	0	rgb(217,217,217)	1.6539	2,2
ZNF846	RBPMS	-0.40912	32.38	-3.8E-01	rgb(135,167,231)	1.6317	None
SOX4	SSTR5-AS1	-0.40902	32.295	-3.0E-01	rgb(152,178,228)	1.63	None
ETS1	ZNF883	0.40892	32.51	0.01	rgb(217,215,215)	1.6342	None
ELF4	CRIP1	0.40882	33.175	0.176	rgb(219,183,184)	1.6474	None
LHX1	MMP13	0.40872	33.03	0.03	rgb(217,211,211)	1.6445	None
ATF6	TTLL10	-0.40862	31.83	-3.3E-01	rgb(146,174,230)	1.6208	None
HSF2	SSTR2	0.40852	32.235	0.236	rgb(220,172,172)	1.6288	None
GLIS2	KANK2	0.40822	33.5	0	rgb(217,217,217)	1.6539	None
NR4A3	RCOR2	0.40822	33.5	0	rgb(217,217,217)	1.6539	None
ZFP82	MATN2	0.40822	33.5	0	rgb(217,217,217)	1.6539	None
POU2F2	SV2A	-0.40812	32.13	-1.3E-01	rgb(189,200,222)	1.6267	None
HOXB9	LMX1A	0.40773	33.5	0	rgb(217,217,217)	1.6539	None
ONECUT1	SH3BP5-AS1	0.40773	33.5	0	rgb(217,217,217)	1.6539	None
RFX3	CLGN	0.40773	33.5	0	rgb(217,217,217)	1.6539	None
SOX4	LINC00893	0.40773	33.5	0	rgb(217,217,217)	1.6539	None
TFCP2L1	OLFML2B	0.40763	33.135	0.136	rgb(218,191,191)	1.6466	None
FEV	CAMK2N2	0.40703	33.5	0	rgb(217,217,217)	1.6539	None
HSF2	SERPINI1	0.40703	33.5	0	rgb(217,217,217)	1.6539	None
RFX2	MRPL34	0.40703	33.5	0	rgb(217,217,217)	1.6539	None
SOX4	ZFP69B	0.40703	33.5	0	rgb(217,217,217)	1.6539	None
TP73	PLCG2	0.40703	33.5	0	rgb(217,217,217)	1.6539	None
ZFP69B	GPR155	0.40703	33.5	0	rgb(217,217,217)	1.6539	None
PDX1	FMN2	0.40693	32.125	0.124	rgb(218,193,194)	1.6266	None
LMX1A	ADAMTSL1	0.40683	30.88	0.381	rgb(221,144,145)	1.6019	None
CCDC17	CYSLTR2	0.40673	32.715	0.214	rgb(219,176,176)	1.6383	2,2
PBX3	MTUS2	0.40663	32.29	0.292	rgb(220,161,162)	1.6299	None
MYRF	SPDYE6	-0.40654	33.125	-1.3E-01	rgb(190,200,222)	1.6464	2,2
ONECUT2	NHSL2	-0.40644	32.19	-1.9E-01	rgb(176,192,224)	1.6279	None
E2F7	HDAC7	0.40604	33.5	0	rgb(217,217,217)	1.6539	None
HLF	KCNMB3	0.40604	33.5	0	rgb(217,217,217)	1.6539	None
LMX1B	SSPO	0.40604	33.5	0	rgb(217,217,217)	1.6539	None
PBX3	HMGB3	0.40604	31.795	0.293	rgb(220,161,162)	1.6201	None
ETS1	ST8SIA5	0.40584	33.155	0.155	rgb(219,187,188)	1.647	None
MAFB	APLP1	-0.40584	32.285	-2.9E-01	rgb(155,179,228)	1.6298	None
ZNF519	ONECUT3	-0.40574	32.375	-3.7E-01	rgb(136,168,231)	1.6316	None
RFX2	IFIT1	0.40564	32.22	0.219	rgb(219,175,176)	1.6285	None
HSF2	SSTR5	-0.40544	30.95	-4.5E-01	rgb(119,158,234)	1.6033	None
SOX4	PAPPA2	-0.40544	30.95	-4.5E-01	rgb(120,158,234)	1.6033	None
NR4A2	SH3TC2	-0.40534	33.19	-1.9E-01	rgb(176,192,224)	1.6477	None
ARX	MPP1	0.40505	33.5	0	rgb(217,217,217)	1.6539	None
EGR3	MCM3AP-AS1	0.40505	33.5	0	rgb(217,217,217)	1.6539	None
TGIF2	ARHGAP33	0.40505	33.5	0	rgb(217,217,217)	1.6539	None
EGR3	USP6	-0.40475	31.3	-3.0E-01	rgb(151,177,228)	1.6103	None
FOXD4L5	PDE8B	0.40475	31.3	0.299	rgb(220,160,160)	1.6103	None
FOXP2	MUC15	-0.40475	33.145	-1.4E-01	rgb(186,198,222)	1.6468	None
EGR3	POU5F1	-0.40455	33.09	-9.2E-02	rgb(197,205,220)	1.6457	None
TFCP2L1	YPEL4	-0.40455	33.09	-8.8E-02	rgb(198,205,220)	1.6457	None
ZNF788	AX748336	0.40445	33.145	0.143	rgb(219,190,190)	1.6468	2,2
ZNF492	LOC100128288	0.40435	32.355	0.353	rgb(221,150,150)	1.6312	2,2
FOXA2	PTCH1	0.40415	33.14	0.139	rgb(219,190,191)	1.6467	None
HLF	STK31	-0.40415	32.78	-2.8E-01	rgb(156,180,228)	1.6396	None
ETS1	B3GAT1	-0.40395	31.79	-2.9E-01	rgb(154,179,228)	1.62	None
GATA4	CPB1	0.40395	31.79	0.292	rgb(220,161,162)	1.62	None
POU2F2	SLC14A2	0.40385	32.68	0.178	rgb(219,183,183)	1.6376	None
EGR3	SLC35F3	-0.40375	32.345	-3.5E-01	rgb(142,171,230)	1.631	None
RFX3	CPT1C	0.40366	32.745	0.245	rgb(220,170,171)	1.6389	None
AEBP1	BC042825	0.40356	33.205	0.205	rgb(219,178,178)	1.648	2,2
HOXB9	MYBPC3	-0.40346	32.14	-1.4E-01	rgb(187,199,222)	1.6269	None
POU5F1	STK31	0.40336	33.125	0.123	rgb(218,193,194)	1.6464	None
ASCL2	PKIA	0.40326	32.73	0.231	rgb(220,173,173)	1.6386	None
NKX6-1	ADAM12	0.40316	30.945	0.446	rgb(222,132,133)	1.6032	None
HSF2	PLEKHO1	-0.40306	32.715	-2.1E-01	rgb(170,189,225)	1.6383	None
TP73	HGFAC	0.40296	33.06	0.059	rgb(218,206,206)	1.6451	None
PAX4	FAM92B	-0.40286	32.375	-3.7E-01	rgb(136,168,231)	1.6316	None
FOXD4L5	GATA4	-0.40266	31.69	-1.9E-01	rgb(176,192,224)	1.618	None
TEAD2	RBP1	0.40266	31.69	0.19	rgb(219,181,181)	1.618	None
PDX1	CCDC28B	-0.40256	33.19	-1.9E-01	rgb(176,192,224)	1.6477	None
NR4A2	TMEM178B	-0.40246	31.8	-3.0E-01	rgb(152,178,228)	1.6202	None
LHX1	MX1	0.40236	32.675	0.176	rgb(219,183,184)	1.6375	None
PBX3	CATSPERB	-0.40226	32.725	-2.2E-01	rgb(169,188,225)	1.6385	None
ZNF846	HSPA6	0.40217	33.04	0.041	rgb(217,209,209)	1.6447	None
EGR3	DUSP2	0.40207	33.105	0.105	rgb(218,197,197)	1.646	None
MAFA	SLC14A1	0.40197	30.94	0.44	rgb(222,133,134)	1.6031	None
HIC1	SYT5	0.40187	33.14	0.139	rgb(219,190,191)	1.6467	None
HSF2	SYNGR3	-0.40177	32.195	-2.0E-01	rgb(175,191,224)	1.628	None
ARNT2	NPM2	0.40167	33.08	0.078	rgb(218,202,202)	1.6455	None
MAFA	BLMH	0.40157	31.78	0.278	rgb(220,164,164)	1.6198	None
SIX2	TOX	0.40147	32.705	0.203	rgb(219,178,179)	1.6381	None
MAFF	PKHD1L1	-0.40137	31.36	-3.6E-01	rgb(139,170,231)	1.6115	None
PLAG1	SEMA6B	-0.40127	31.29	-2.9E-01	rgb(154,179,228)	1.6101	None
POU5F1	DCHS1	0.40117	30.935	0.437	rgb(222,134,134)	1.603	None
ZFHX2	FGF17	-0.40107	33.12	-1.2E-01	rgb(191,201,221)	1.6463	None
HLF	MUC15	0.40097	32.185	0.186	rgb(219,182,182)	1.6278	None
NR4A2	USH1G	0.40087	32.14	0.141	rgb(219,190,190)	1.6269	None
ZNF846	GAL	0.40077	33.125	0.123	rgb(218,194,194)	1.6464	None
LMX1B	CHRM4	0.40058	32.7	0.201	rgb(219,179,179)	1.638	None
ONECUT3	SLC7A14	0.40058	32.7	0.202	rgb(219,178,179)	1.638	None
LHX1	BSN	-0.40048	32.73	-2.3E-01	rgb(167,187,226)	1.6386	None
MAFA	TMPRSS6	0.40038	32.745	0.244	rgb(220,170,171)	1.6389	None
ZFHX2	GPR173	0.40028	32.22	0.222	rgb(219,175,175)	1.6285	None
NR4A2	AADAT	-0.40018	32.135	-1.4E-01	rgb(188,199,222)	1.6268	None
FEV	ZFP2	0.40008	33.095	0.093	rgb(218,199,199)	1.6458	None
TGIF2	MYBPC2	0.39998	31.355	0.356	rgb(221,149,150)	1.6114	None
ZNF853	SEPT3	0.39988	32.275	0.277	rgb(220,164,165)	1.6296	2,2
MAFA	ZNF853	-0.39978	33.01	-1.2E-02	rgb(214,215,217)	1.6441	None
RORC	APLP1	-0.39968	32.815	-3.2E-01	rgb(148,175,229)	1.6403	None
HSF2	FAM171B	0.39958	30.86	0.359	rgb(221,148,149)	1.6015	None
SOX4	SPOCK3	-0.39948	32.72	-2.2E-01	rgb(169,188,225)	1.6384	None
ETS1	IL17C	0.39928	32.8	0.3	rgb(220,160,160)	1.64	None
ZFP28	MX1	0.39928	32.11	0.112	rgb(218,196,196)	1.6263	None
NKX2-2	GPR142	0.39919	31.83	0.332	rgb(221,154,154)	1.6208	None
PAX6	ELL2	-0.39909	32.63	-1.3E-01	rgb(188,200,222)	1.6366	None
E2F7	WNK3	-0.39889	30.925	-4.2E-01	rgb(125,161,233)	1.6028	None
FOXD4L5	PNISR	0.39889	30.925	0.424	rgb(222,136,137)	1.6028	None
PDX1	CCDC113	0.39879	31.35	0.351	rgb(221,150,151)	1.6113	None
NR4A2	ST8SIA3	-0.39869	32.285	-2.9E-01	rgb(155,179,228)	1.6298	None
ZNF846	AX748322	0.39859	32.19	0.189	rgb(219,181,181)	1.6279	2,2
EGR3	STK33	-0.39849	32.225	-2.3E-01	rgb(168,187,226)	1.6286	None
ZFHX2	SRRM4	0.39839	32.335	0.335	rgb(221,153,154)	1.6308	None
LMX1B	RUNX1T1	0.39829	32.65	0.152	rgb(219,188,188)	1.637	None
NEUROD2	RAP1GAP2	0.39819	32.185	0.187	rgb(219,181,182)	1.6278	None
FOXD4L5	DTX1	0.39799	32.735	0.235	rgb(220,172,173)	1.6387	None
TEAD1	BCORL1	0.39799	32.32	0.322	rgb(221,155,156)	1.6305	None
TGIF2	PRPH	-0.39789	32.555	-5.6E-02	rgb(205,210,219)	1.6351	None
MAFB	AADAT	-0.39779	32.755	-2.5E-01	rgb(162,184,227)	1.6391	None
EGR3	VSTM2L	-0.3977	32.695	-1.9E-01	rgb(175,192,224)	1.6379	None
ETS1	JPH4	-0.3976	32.215	-2.2E-01	rgb(170,188,225)	1.6284	None
RFX2	THBS4	0.3975	31.845	0.343	rgb(221,151,152)	1.6211	None
TFCP2L1	HMGN3	0.3974	30.92	0.42	rgb(222,137,138)	1.6027	None
FOXD4L5	ADAMTSL2	-0.3972	32.175	-1.7E-01	rgb(180,194,224)	1.6276	None
TEAD1	PDX1	-0.3972	31.815	-3.1E-01	rgb(149,176,229)	1.6205	None
MAFB	AVPR1B	-0.397	32.76	-2.6E-01	rgb(160,182,227)	1.6392	None
NEUROD1	GAL	0.397	32.515	0.013	rgb(217,215,215)	1.6343	None
MAFA	CDH22	0.3969	31.625	0.126	rgb(218,193,193)	1.6167	None
ZNF846	AK024092	0.3968	33.04	0.04	rgb(217,209,209)	1.6447	2,2
TEAD2	FMN2	-0.3967	32.58	-7.9E-02	rgb(200,207,220)	1.6356	None
SIX2	MEX3A	-0.3966	32.21	-2.1E-01	rgb(171,189,225)	1.6283	None
NEUROG3	FAM46C	0.3965	32.72	0.222	rgb(219,175,175)	1.6384	2,2
NHLH1	POU2F2	0.39631	32.505	0.005	rgb(217,216,216)	1.6341	None
TGIF2	LRRTM3	0.39631	32.505	0.007	rgb(217,216,216)	1.6341	None
FOXJ1	NFRKB	-0.39621	31.925	-4.3E-01	rgb(125,161,233)	1.6226	None
FOXJ1	IRF2BP1	-0.39611	31.93	-4.3E-01	rgb(124,161,233)	1.6227	None
SIX2	RGS9	-0.39601	32.715	-2.2E-01	rgb(170,189,225)	1.6383	None
ZFHX2	UCP2	-0.39591	32.205	-2.1E-01	rgb(172,190,225)	1.6282	None
ONECUT2	KL	0.39581	32.675	0.177	rgb(219,183,184)	1.6375	None
ETS1	GJD2	0.39571	32.235	0.236	rgb(220,172,172)	1.6288	None
HEY1	KIAA1817	-0.39561	30.85	-3.5E-01	rgb(141,171,230)	1.6013	2,2
EGR3	TRIM35	0.39551	32.62	0.119	rgb(218,194,194)	1.6364	None
PRDM16	TUBA1A	-0.39541	31.595	-9.7E-02	rgb(196,204,221)	1.6161	None
PAX6	LIMCH1	0.39531	31.895	0.395	rgb(221,142,142)	1.6221	None
MAFA	KCNH3	0.39521	30.915	0.413	rgb(222,138,139)	1.6026	None
ZNF846	BEGAIN	-0.39511	31.82	-3.2E-01	rgb(147,175,229)	1.6206	None
HIC1	SULT1A4	-0.39501	32.735	-2.4E-01	rgb(165,186,226)	1.6387	None
PRDM16	STMN4	0.39491	32.35	0.35	rgb(221,150,151)	1.6311	None
HSF2	TMEM145	-0.39482	32.075	-7.3E-02	rgb(201,207,220)	1.6256	None
PAX4	CELA3A	0.39472	30.46	0.46	rgb(222,129,130)	1.5936	None
HMBOX1	LRRC37A	0.39462	32.715	0.217	rgb(219,176,176)	1.6383	None
FOXD4L5	GDF10	-0.39452	32.285	-2.9E-01	rgb(155,179,228)	1.6298	None
ZFP28	ENTPD1	-0.39442	32.06	-6.0E-02	rgb(204,209,219)	1.6253	None
MAFA	CELA3B	0.39432	31.545	0.044	rgb(217,209,209)	1.6151	None
MLXIPL	MUC3A	-0.39422	32.19	-1.9E-01	rgb(176,192,224)	1.6279	2,2
TEAD2	CDKN1C	0.39412	32.71	0.212	rgb(219,177,177)	1.6382	None
ETV1	SMOC1	0.39402	32.795	0.293	rgb(220,161,162)	1.6399	None
ASCL2	CHRNB2	0.39392	31.34	0.342	rgb(221,152,152)	1.6111	None
EGR3	ANKRD13B	0.39382	31.79	0.288	rgb(220,162,163)	1.62	None
HSF2	RTEL1	0.39372	32.35	0.35	rgb(221,150,151)	1.6311	None
ZNF117	AK123332	0.39362	32.68	0.182	rgb(219,182,183)	1.6376	2,2
HSF2	MAD2L2	0.39342	33	0	rgb(217,217,217)	1.6439	None
NEUROG3	LRP1B	0.39342	33	0	rgb(217,217,217)	1.6439	None
LMX1A	NEUROD2	0.39333	32.705	0.206	rgb(219,178,178)	1.6381	None
HMBOX1	GREB1	0.39303	30.845	0.345	rgb(221,151,152)	1.6012	None
SIX2	STX1A	0.39303	30.845	0.346	rgb(221,151,152)	1.6012	None
SPIB	ARHGAP22	-0.39303	30.845	-3.4E-01	rgb(143,172,230)	1.6012	None
DZIP1	FAM101B	0.39233	33	0	rgb(217,217,217)	1.6439	2,2
LHX1	SBK1	0.39233	33	0	rgb(217,217,217)	1.6439	None
LMX1B	LRFN2	0.39233	33	0	rgb(217,217,217)	1.6439	None
LMX1B	PDZD4	0.39233	33	0	rgb(217,217,217)	1.6439	None
MAFA	FAM126A	0.39233	33	0	rgb(217,217,217)	1.6439	None
NKX6-1	GATA6	0.39233	33	0	rgb(217,217,217)	1.6439	None
SIX2	SCG3	0.39233	33	0	rgb(217,217,217)	1.6439	None
LHX1	KIRREL3	-0.39223	32.765	-2.6E-01	rgb(160,182,227)	1.6393	None
ETV1	ANKRD13B	0.39213	31.445	0.444	rgb(222,132,133)	1.6131	None
LHX1	MYO3A	-0.39203	31.885	-3.9E-01	rgb(133,166,232)	1.6219	None
ELF4	KCNF1	0.39114	33	0	rgb(217,217,217)	1.6439	None
FOXD4L5	SPARC	0.39114	33	0	rgb(217,217,217)	1.6439	None
HLF	ATF5	0.39114	33	0	rgb(217,217,217)	1.6439	None
LMX1A	FAM171B	0.39114	33	0	rgb(217,217,217)	1.6439	None
LMX1A	SLC30A4	0.39114	33	0	rgb(217,217,217)	1.6439	None
NR4A3	EID1	0.39114	33	0	rgb(217,217,217)	1.6439	None
PBX3	RTEL1	0.39114	33	0	rgb(217,217,217)	1.6439	None
RORC	PTP4A3	0.39114	33	0	rgb(217,217,217)	1.6439	None
SIX2	SSBP2	0.39114	33	0	rgb(217,217,217)	1.6439	None
ETS1	PLEKHH2	-0.39104	32.17	-1.7E-01	rgb(181,195,223)	1.6275	None
SPIB	PGA3	0.39094	32.21	0.212	rgb(219,176,177)	1.6283	None
ZNF492	AIF1	-0.39084	32.34	-3.4E-01	rgb(143,172,230)	1.6309	None
NKX2-2	TMEFF2	0.39074	32.115	0.114	rgb(218,195,196)	1.6264	None
ETS1	ACTN3	0.39035	33	0	rgb(217,217,217)	1.6439	None
HSF2	DNAJB13	-0.39035	31.725	-2.2E-01	rgb(168,187,226)	1.6187	None
POU2F2	ARHGAP24	0.39035	33	0	rgb(217,217,217)	1.6439	None
ZNF492	DYNC1I1	0.39035	33	0	rgb(217,217,217)	1.6439	None
HSF2	GAL	0.39025	32.69	0.19	rgb(219,181,181)	1.6378	None
FOXD4L5	LRP2BP	0.39015	32.285	0.283	rgb(220,163,164)	1.6298	None
EGR3	PROX1	0.38955	33	0	rgb(217,217,217)	1.6439	None
FOXD4L5	ONECUT2	0.38955	33	0	rgb(217,217,217)	1.6439	None
LMX1A	NINJ1	0.38955	33	0	rgb(217,217,217)	1.6439	None
MAFF	KHK	0.38955	33	0	rgb(217,217,217)	1.6439	None
NKX2-2	SLC38A5	0.38955	33	0	rgb(217,217,217)	1.6439	None
ZNF519	GADD45A	0.38955	33	0	rgb(217,217,217)	1.6439	None
ATF6	MFAP2	-0.38945	32.685	-1.9E-01	rgb(177,192,224)	1.6377	2,2
NKX6-1	CYP27C1	0.38925	31.335	0.335	rgb(221,153,154)	1.611	None
POU5F1	CFC1	0.38925	31.335	0.337	rgb(221,153,153)	1.611	None
LHX1	PRKCG	0.38915	32.255	0.257	rgb(220,168,168)	1.6292	None
E2F7	CNTD2	-0.38905	32.325	-3.3E-01	rgb(146,174,229)	1.6306	None
SIX2	MSMB	-0.38896	32.22	-2.2E-01	rgb(169,188,225)	1.6285	None
CCDC17	OCLM	0.38886	32.68	0.182	rgb(219,182,183)	1.6376	2,2
FOXA1	GRAP2	-0.38866	32.535	-3.5E-02	rgb(209,212,218)	1.6347	None
PRDM16	SFTPA2	-0.38866	31.405	-4.0E-01	rgb(129,164,232)	1.6123	None
EBF3	PAX6	0.38826	33	0	rgb(217,217,217)	1.6439	None
MAFB	ATOH8	0.38826	33	0	rgb(217,217,217)	1.6439	None
PBX3	MSMB	0.38826	33	0	rgb(217,217,217)	1.6439	None
TET1	DACH1	0.38826	33	0	rgb(217,217,217)	1.6439	None
EGR3	MYBPC3	0.38747	33	0	rgb(217,217,217)	1.6439	None
LHX1	HCN4	0.38747	33	0	rgb(217,217,217)	1.6439	None
LHX1	MUC15	0.38747	33	0	rgb(217,217,217)	1.6439	None
LMX1B	RNF157	0.38747	33	0	rgb(217,217,217)	1.6439	None
NR4A3	FOXA1	0.38747	33	0	rgb(217,217,217)	1.6439	None
POU5F1	ZFP90	0.38747	33	0	rgb(217,217,217)	1.6439	None
SPIB	MLLT11	0.38747	33	0	rgb(217,217,217)	1.6439	None
ZNF492	LMO3	0.38747	33	0	rgb(217,217,217)	1.6439	None
FOXD4L5	ZNF519	-0.38717	31.855	-3.6E-01	rgb(140,170,231)	1.6213	None
LMX1B	PLEKHO1	0.38717	32.635	0.135	rgb(218,191,191)	1.6367	None
SIX2	LRRC36	0.38717	32.215	0.215	rgb(219,176,176)	1.6284	None
ZNF846	ARL9	0.38707	32.675	0.175	rgb(219,184,184)	1.6375	None
ETS1	DNER	-0.38687	31.805	-3.0E-01	rgb(151,177,229)	1.6203	None
GATA4	DNAH14	-0.38687	31.805	-3.1E-01	rgb(150,176,229)	1.6203	None
ATF6	DOCK8	0.38647	33	0	rgb(217,217,217)	1.6439	None
PDX1	KRTAP5-2	0.38647	33	0	rgb(217,217,217)	1.6439	None
RFX3	TCTEX1D4	0.38647	33	0	rgb(217,217,217)	1.6439	None
ZFHX2	ENPP2	0.38647	33	0	rgb(217,217,217)	1.6439	None
PLAG1	LHX1	0.38637	31.865	0.366	rgb(221,147,148)	1.6215	None
NR4A3	SPIB	0.38627	31.8	0.302	rgb(220,159,160)	1.6202	None
HSF2	CYP4F24P	0.38558	33	0	rgb(217,217,217)	1.6439	None
KCNIP3	PCDHB16	0.38558	33	0	rgb(217,217,217)	1.6439	2,2
LMX1A	TUBA1A	0.38558	33	0	rgb(217,217,217)	1.6439	None
NEUROD1	SEMA6B	0.38558	33	0	rgb(217,217,217)	1.6439	None
POU2F2	RFTN2	0.38558	33	0	rgb(217,217,217)	1.6439	None
RORC	CDK5R1	0.38558	33	0	rgb(217,217,217)	1.6439	None
TGIF2	STARD8	0.38558	33	0	rgb(217,217,217)	1.6439	None
GATA4	KCNAB2	-0.38548	32.7	-2.0E-01	rgb(174,191,225)	1.638	None
KCNIP3	SGOL1-AS1	0.38538	32.655	0.156	rgb(219,187,187)	1.6371	2,2
SIX2	RNF157	0.38518	32.61	0.111	rgb(218,196,196)	1.6362	None
ZNF117	FLJ35282	0.38518	32.61	0.108	rgb(218,196,197)	1.6362	2,2
GATA4	COL16A1	-0.38488	32.175	-1.7E-01	rgb(179,194,224)	1.6276	None
MYSM1	AK130076	0.38488	32.175	0.175	rgb(219,184,184)	1.6276	2,2
ZNF492	NNMT	-0.38488	32.565	-6.4E-02	rgb(203,209,219)	1.6353	None
SMAD9	SIRPA	0.38478	31.835	0.336	rgb(221,153,153)	1.6209	None
HSF2	PPP1R1A	-0.38458	30.9	-4.0E-01	rgb(130,164,232)	1.6023	None
ZNF382	RFX2	-0.38458	30.9	-4.0E-01	rgb(131,165,232)	1.6023	None
ONECUT2	AK131337	0.38449	32.285	0.284	rgb(220,163,163)	1.6298	2,2
FOXA1	SLC38A3	-0.38429	30.835	-3.4E-01	rgb(144,173,230)	1.6011	None
LMX1B	LRIG1	0.38429	31.33	0.329	rgb(221,154,155)	1.6109	None
GATA4	THBS4	0.38419	32.195	0.197	rgb(219,179,180)	1.628	None
GATA2	LTF	-0.38409	32.21	-2.1E-01	rgb(172,190,225)	1.6283	None
MAFA	PGA5	0.38399	31.7	0.201	rgb(219,179,179)	1.6182	None
EGR3	KANK2	0.38359	33	0	rgb(217,217,217)	1.6439	None
FOXD4L5	RPLP0P2	0.38359	33	0	rgb(217,217,217)	1.6439	None
MAFA	ROBO1	0.38359	33	0	rgb(217,217,217)	1.6439	None
SIM1	TACR3	0.38359	33	0	rgb(217,217,217)	1.6439	2,2
NR4A3	SMARCA1	-0.38349	32.655	-1.5E-01	rgb(183,197,223)	1.6371	None
HSF2	FXYD1	-0.38339	32.53	-2.9E-02	rgb(211,213,218)	1.6346	None
PDX1	SIRPA	0.38329	32.225	0.223	rgb(219,174,175)	1.6286	None
ZNF846	LOC100131257	0.38319	31.25	0.25	rgb(220,169,170)	1.6093	2,2
RFX3	PARD6A	-0.38309	31.37	-3.7E-01	rgb(137,168,231)	1.6117	None
NFAT5	SPAG8	0.383	32.2	0.201	rgb(219,179,179)	1.6281	None
E2F7	BCORL1	-0.3827	32.24	-2.4E-01	rgb(165,185,226)	1.6289	None
HEYL	SPEG	-0.3827	32.22	-2.2E-01	rgb(169,188,225)	1.6285	None
HSF2	NEK10	0.3827	32.24	0.241	rgb(220,171,171)	1.6289	None
ZFP82	AGAP11	-0.3826	31.845	-3.5E-01	rgb(142,171,230)	1.6211	None
RFX3	GDAP1	0.3825	32.68	0.178	rgb(219,183,183)	1.6376	None
HSF2	TUB	0.3824	31.74	0.242	rgb(220,171,171)	1.619	None
TGIF2	PAM	-0.3823	31.36	-3.6E-01	rgb(139,170,231)	1.6115	None
LHX1	SSTR1	-0.3822	30.895	-3.9E-01	rgb(132,165,232)	1.6022	None
ASCL1	ACTN3	-0.3821	32.635	-1.3E-01	rgb(188,199,222)	1.6367	None
TFCP2L1	SLC6A17	0.382	32.68	0.179	rgb(219,183,183)	1.6376	None
PBX3	MALAT1	0.3819	31.735	0.234	rgb(220,172,173)	1.6189	None
GATA6	RTN1	-0.3817	31.245	-2.5E-01	rgb(163,184,226)	1.6092	None
ZFHX2	GAL	-0.3817	31.245	-2.4E-01	rgb(164,185,226)	1.6092	None
EGR3	ITPR1	0.38161	31.795	0.294	rgb(220,161,161)	1.6201	None
NEUROG3	TEAD1	0.38151	32.675	0.176	rgb(219,183,184)	1.6375	None
NKX6-1	EPHB3	-0.38141	32.165	-1.6E-01	rgb(181,195,223)	1.6274	None
ARNT2	TTLL7	-0.38131	31.835	-3.3E-01	rgb(145,173,230)	1.6209	None
GATA4	NDRG4	0.38121	32.125	0.125	rgb(218,193,193)	1.6266	None
ETV1	RPRML	0.38111	31.915	0.417	rgb(222,137,138)	1.6224	None
NEUROD2	MYEF2	0.38101	31.725	0.225	rgb(219,174,175)	1.6187	None
SMAD9	LRRN2	0.38091	32.1	0.099	rgb(218,198,198)	1.6261	None
EBF3	SYNGR3	-0.38071	30.42	-4.2E-01	rgb(126,161,233)	1.5928	None
PRDM16	HMBOX1	0.38071	30.42	0.422	rgb(222,136,137)	1.5928	None
SIX2	LRRN2	0.38061	32.65	0.152	rgb(219,188,188)	1.637	None
TEAD1	TMEM198	-0.38041	30.89	-3.9E-01	rgb(132,165,232)	1.6021	None
ZFHX2	RPLP0P2	0.38041	30.89	0.388	rgb(221,143,144)	1.6021	None
ETV1	STARD8	-0.38031	32.51	-1.1E-02	rgb(215,216,217)	1.6342	None
ONECUT2	PEX5L	-0.38012	32.41	-4.1E-01	rgb(129,163,232)	1.6323	None
PLAG1	SMARCD2	-0.38012	32.435	-4.3E-01	rgb(123,160,233)	1.6328	None
TFCP2L1	OR51E1	0.38002	32.165	0.163	rgb(219,186,186)	1.6274	None
EGR3	TPST2	-0.37982	32.59	-9.0E-02	rgb(197,205,220)	1.6358	None
ISL1	PPP4R4	0.37982	32.22	0.222	rgb(219,175,175)	1.6285	None
PBX3	BCRP3	0.37972	31.72	0.22	rgb(219,175,175)	1.6186	None
PDX1	SCT	0.37962	31.82	0.32	rgb(221,156,157)	1.6206	None
RFX6	LRRN2	0.37952	32.205	0.205	rgb(219,178,178)	1.6282	None
ETV1	HSPA6	-0.37942	32.08	-7.9E-02	rgb(200,207,220)	1.6257	None
GATA4	HLF	-0.37932	31.77	-2.7E-01	rgb(159,182,227)	1.6196	None
NR4A3	COLQ	0.37922	31.715	0.216	rgb(219,176,176)	1.6185	None
EGR3	USP41	0.37912	32.265	0.264	rgb(220,166,167)	1.6294	None
PAX4	LSP1	0.37902	30.415	0.415	rgb(222,138,138)	1.5927	None
GATA6	BCAT1	0.37892	31.815	0.316	rgb(220,157,157)	1.6205	None
HSF2	ACSL6	0.37882	32.055	0.053	rgb(218,207,207)	1.6252	None
ZFP92	HV535469	-0.37872	31.7	-2.0E-01	rgb(174,191,225)	1.6182	2,2
E2F7	CAMK1	0.37863	32.15	0.15	rgb(219,188,189)	1.6271	None
LMX1A	PCSK1	0.37853	32.11	0.109	rgb(218,196,196)	1.6263	None
ETV1	KCNJ6	0.37843	31.805	0.307	rgb(220,158,159)	1.6203	None
PLAG1	JAKMIP1	-0.37833	30.885	-3.8E-01	rgb(134,166,232)	1.602	None
ONECUT3	HLF	0.37823	31.865	0.365	rgb(221,147,148)	1.6215	None
ZFHX2	ANKRD45	0.37813	31.23	0.228	rgb(220,174,174)	1.6089	None
SOX4	PRELP	0.37803	31.75	0.252	rgb(220,169,169)	1.6192	None
NEUROG3	CHGB	0.37793	31.705	0.204	rgb(219,178,178)	1.6183	None
PBX3	STRC	0.37783	32.605	0.103	rgb(218,197,198)	1.6361	None
MAFB	SLITRK6	-0.37773	31.79	-2.9E-01	rgb(154,179,228)	1.62	None
MXI1	ARL4D	0.37763	30.405	0.405	rgb(221,140,140)	1.5925	None
HOXB9	POM121L10P	-0.37753	32.12	-1.2E-01	rgb(191,201,221)	1.6265	None
TFCP2L1	JAKMIP1	-0.37743	31.705	-2.0E-01	rgb(173,190,225)	1.6183	None
FOXP2	SHC3	0.37733	31.685	0.186	rgb(219,181,182)	1.6179	None
ATF5	AX747393	0.37723	31.7	0.202	rgb(219,178,179)	1.6182	2,2
LHX1	CHRNB4	-0.37714	32.065	-6.7E-02	rgb(202,208,220)	1.6254	None
NEUROG3	NEUROD1	0.37704	30.88	0.378	rgb(221,145,146)	1.6019	None
PAX6	BAIAP3	0.37694	32.585	0.087	rgb(218,200,200)	1.6357	None
EGR3	SLC25A34	-0.37684	32.23	-2.3E-01	rgb(167,186,226)	1.6287	None
SIX2	CEND1	0.37674	31.665	0.163	rgb(219,186,186)	1.6175	None
PBX3	EML1	-0.37664	32.25	-2.5E-01	rgb(162,184,227)	1.6291	None
GATA4	ANKRD36C	-0.37654	31.92	-4.2E-01	rgb(126,162,233)	1.6225	None
HIC1	ZFP28	-0.37644	32.345	-3.4E-01	rgb(143,172,230)	1.631	None
SIX2	CACNA1E	0.37634	32.525	0.025	rgb(217,212,212)	1.6345	None
HSF2	TRPC6	-0.37624	32.145	-1.4E-01	rgb(186,198,222)	1.627	None
HSF2	PNISR	0.37614	31.9	0.398	rgb(221,141,142)	1.6222	None
TEAD1	MYRF	0.37604	31.69	0.192	rgb(219,180,181)	1.618	None
NHLH1	ZRANB2-AS1	-0.37594	32.09	-8.8E-02	rgb(198,205,220)	1.6259	None
PAX4	RNF157-AS1	0.37584	31.825	0.324	rgb(221,155,156)	1.6207	None
TEAD1	KHK	-0.37574	30.875	-3.8E-01	rgb(135,167,231)	1.6018	None
PAX4	TUBB2B	-0.37565	32.235	-2.4E-01	rgb(166,186,226)	1.6288	None
ETV1	PCYT1B	0.37555	31.675	0.174	rgb(219,184,184)	1.6177	None
PDX1	ARHGAP33	0.37535	30.81	0.311	rgb(220,158,158)	1.6006	None
POU5F1	GSTA2	-0.37535	30.81	-3.1E-01	rgb(149,176,229)	1.6006	None
EGR3	SERPINA10	-0.37525	32.125	-1.3E-01	rgb(190,200,222)	1.6266	None
FEV	SV2B	0.37505	31.86	0.359	rgb(221,148,149)	1.6214	None
ZNF514	DQ573539	0.37505	32.285	0.284	rgb(220,163,163)	1.6298	2,2
LMX1B	CTTNBP2	0.37495	30.395	0.397	rgb(221,141,142)	1.5923	None
PAX6	FUT7	0.37485	32.24	0.239	rgb(220,171,172)	1.6289	None
ETS1	RASD1	0.37475	31.75	0.249	rgb(220,169,170)	1.6192	None
PDX1	LDB1	0.37455	32.285	0.286	rgb(220,162,163)	1.6298	None
ZFHX2	USP32P2	0.37455	32.285	0.284	rgb(220,163,163)	1.6298	None
FOXP2	SEZ6L	-0.37445	31.63	-1.3E-01	rgb(189,200,222)	1.6168	None
FOXJ1	PRELP	-0.37426	31.845	-3.5E-01	rgb(142,171,230)	1.6211	None
NR4A3	SLC30A8	-0.37426	31.69	-1.9E-01	rgb(176,192,224)	1.618	None
TEAD2	CPT1C	-0.37416	31.805	-3.1E-01	rgb(150,176,229)	1.6203	None
HIC1	KCTD16	-0.37406	32.205	-2.0E-01	rgb(173,190,225)	1.6282	None
HSF2	MUC5B	-0.37386	31.65	-1.5E-01	rgb(185,197,223)	1.6172	None
PBX3	PPM1E	0.37386	31.65	0.152	rgb(219,188,188)	1.6172	None
RORC	PRKXP1	-0.37376	30.39	-3.9E-01	rgb(133,166,232)	1.5922	None
EGR3	YPEL1	0.37356	32.185	0.186	rgb(219,181,182)	1.6278	None
MAFA	CNGA4	0.37356	32.185	0.187	rgb(219,181,182)	1.6278	None
CSRNP3	FBN1	0.37326	32.5	0	rgb(217,217,217)	1.634	2,2
HEY1	CAND2	0.37326	32.5	0	rgb(217,217,217)	1.634	None
ZFHX2	WIF1	0.37326	32.5	0	rgb(217,217,217)	1.634	None
ETS1	UCN3	-0.37306	32.18	-1.8E-01	rgb(178,193,224)	1.6277	None
MAFA	IFI44L	-0.37306	32.18	-1.8E-01	rgb(177,193,224)	1.6277	None
E2F7	SLC6A17	0.37296	32.5	0	rgb(217,217,217)	1.634	None
LHX1	CLSPN	0.37257	32.5	0	rgb(217,217,217)	1.634	None
MAFB	MIR137HG	0.37257	32.5	0	rgb(217,217,217)	1.634	None
ZNF788	AK128833	0.37257	32.5	0	rgb(217,217,217)	1.634	2,2
ZNF853	LOC727896	0.37257	32.5	0	rgb(217,217,217)	1.634	2,2
GATA6	REG4	-0.37237	31.295	-3.0E-01	rgb(152,178,228)	1.6102	None
NR4A2	DUSP2	-0.37237	31.195	-2.0E-01	rgb(174,191,224)	1.6082	None
FEV	LAMP3	0.37227	31.79	0.29	rgb(220,162,162)	1.62	None
ARX	CFC1	0.37217	30.8	0.3	rgb(220,160,160)	1.6004	None
ARNT2	MTUS2	-0.37197	31.655	-1.5E-01	rgb(184,197,223)	1.6173	None
SIX2	HAP1	0.37197	31.76	0.261	rgb(220,167,168)	1.6194	None
HLF	ABCC4	0.37177	32.5	0	rgb(217,217,217)	1.634	None
TEAD2	NRXN2	0.37177	32.5	0	rgb(217,217,217)	1.634	None
FOXD4L5	MTUS2	0.37137	32.5	0	rgb(217,217,217)	1.634	None
GATA4	TMEM169	-0.37137	31.81	-3.1E-01	rgb(149,176,229)	1.6204	None
NKX6-1	PBOV1	0.37137	32.5	0	rgb(217,217,217)	1.634	None
SOX4	CHD5	0.37137	32.5	0	rgb(217,217,217)	1.634	None
ARX	CLEC4GP1	0.37118	32.5	0	rgb(217,217,217)	1.634	2,2
ZNF519	PPP4R4	0.37118	32.5	0	rgb(217,217,217)	1.634	None
HOXB9	KL	0.37068	32.5	0	rgb(217,217,217)	1.634	None
LMX1A	TTLL10	0.37068	32.5	0	rgb(217,217,217)	1.634	None
ZFHX2	FAM171B	0.37068	32.5	0	rgb(217,217,217)	1.634	None
ZNF788	AX747179	0.37068	32.5	0	rgb(217,217,217)	1.634	2,2
ZNF846	FLJ44955	0.37068	32.5	0	rgb(217,217,217)	1.634	2,2
MYT1	TACR3	0.37058	31.915	0.415	rgb(222,138,139)	1.6224	2,2
RORC	ARC	0.37048	31.845	0.343	rgb(221,152,152)	1.6211	None
ZNF492	BC006435	0.37038	31.18	0.182	rgb(219,182,183)	1.6079	2,2
SIX2	ABLIM2	0.37028	31.77	0.272	rgb(220,165,166)	1.6196	None
CBX2	LIMD2	0.36959	32.5	0	rgb(217,217,217)	1.634	2,2
HSF2	ACOT7	0.36959	32.5	0	rgb(217,217,217)	1.634	None
LMX1A	TENM2	0.36959	32.5	0	rgb(217,217,217)	1.634	None
LMX1B	NEGR1	0.36959	32.5	0	rgb(217,217,217)	1.634	None
PDX1	MAFA	0.36959	32.5	0	rgb(217,217,217)	1.634	None
TEAD1	PTPRT	0.36959	32.5	0	rgb(217,217,217)	1.634	None
ZNF853	AK094786	0.36959	32.5	0	rgb(217,217,217)	1.634	2,2
POU2F2	IGFN1	0.36949	32.165	0.166	rgb(219,185,186)	1.6274	None
HSF2	MX2	0.36929	32.145	0.145	rgb(219,189,190)	1.627	None
PAX6	SIX2	-0.36929	31.785	-2.9E-01	rgb(155,179,228)	1.6199	None
EGR3	NPTX1	0.36879	32.5	0	rgb(217,217,217)	1.634	None
FOXP2	TTR	0.36879	32.5	0	rgb(217,217,217)	1.634	None
MAFB	LRFN2	0.36879	32.5	0	rgb(217,217,217)	1.634	None
ONECUT3	CLCA1	0.36879	32.5	0	rgb(217,217,217)	1.634	None
PDX1	PCSK2	0.36879	32.5	0	rgb(217,217,217)	1.634	None
ARNT2	MCF2L	0.3683	32.5	0	rgb(217,217,217)	1.634	None
ISL1	AEBP1	0.3683	32.5	0	rgb(217,217,217)	1.634	None
LHX1	SH3BP5-AS1	0.3683	32.5	0	rgb(217,217,217)	1.634	None
SIX2	HLF	0.3683	32.5	0	rgb(217,217,217)	1.634	None
SPIB	APOC3	0.3683	32.5	0	rgb(217,217,217)	1.634	None
E2F7	ASIC4	0.368	32.5	0	rgb(217,217,217)	1.634	None
TGIF2	FAIM2	0.368	32.5	0	rgb(217,217,217)	1.634	None
ZNF853	LOC441204	0.368	32.5	0	rgb(217,217,217)	1.634	2,2
FEV	CRMP1	0.3679	31.175	0.174	rgb(219,184,184)	1.6078	None
NKX6-1	PAX6	0.3678	32.165	0.167	rgb(219,185,185)	1.6274	None
PAX6	GIP	0.3673	32.5	0	rgb(217,217,217)	1.634	None
SIX2	FAM135B	0.3673	32.5	0	rgb(217,217,217)	1.634	None
SIX2	IGSF9B	0.3673	32.5	0	rgb(217,217,217)	1.634	None
SPIB	ATP6V1G2	0.3673	32.5	0	rgb(217,217,217)	1.634	None
ZNF846	ANKRD65	0.3673	32.5	0	rgb(217,217,217)	1.634	None
ZNF492	PNPO	0.3672	31.775	0.274	rgb(220,165,165)	1.6197	None
SIX2	RIIAD1	-0.3671	32.2	-2.0E-01	rgb(174,191,225)	1.6281	None
TFCP2L1	GPR155	-0.367	31.17	-1.7E-01	rgb(180,194,224)	1.6077	None
ONECUT1	ROBO1	0.36691	31.345	0.344	rgb(221,151,152)	1.6112	None
HLF	RIC3	-0.36681	32.21	-2.1E-01	rgb(171,189,225)	1.6283	2,2
E2F7	HEY1	-0.36671	31.365	-3.6E-01	rgb(138,169,231)	1.6116	None
FOXA1	CADM2	0.36651	32.145	0.145	rgb(219,189,190)	1.627	None
PBX3	ZNF117	-0.36651	32.145	-1.5E-01	rgb(185,198,223)	1.627	None
ZFP82	SCG5	0.36641	32.1	0.101	rgb(218,198,198)	1.6261	None
RORC	ATF5	0.36631	31.83	0.328	rgb(221,154,155)	1.6208	None
HSF2	KCNH8	0.36621	31.62	0.118	rgb(218,194,195)	1.6166	None
FEV	ITGBL1	0.36611	30.375	0.377	rgb(221,145,146)	1.5919	None
PAX6	MYO3A	0.36601	31.85	0.348	rgb(221,151,151)	1.6212	None
HSF2	PEX5L	-0.36591	31.8	-3.0E-01	rgb(152,177,228)	1.6202	None
HSF2	TAC3	0.36581	32.185	0.185	rgb(219,182,182)	1.6278	None
PDX1	SDCBP2-AS1	-0.36571	32.14	-1.4E-01	rgb(186,198,222)	1.6269	None
TEAD1	RASAL1	0.36561	30.445	0.446	rgb(222,132,133)	1.5933	None
MAFA	MCOLN3	-0.36542	32.085	-8.7E-02	rgb(198,206,220)	1.6258	None
SIX2	GPC6	0.36542	32.085	0.086	rgb(218,201,201)	1.6258	None
E2F7	FAM71E2	-0.36532	32.14	-1.4E-01	rgb(187,198,222)	1.6269	None
ZNF846	KL	0.36522	31.73	0.232	rgb(220,173,173)	1.6188	None
ZNF846	CELA3A	0.36512	30.855	0.354	rgb(221,149,150)	1.6014	None
GATA4	DNAJC12	-0.36502	32.08	-8.1E-02	rgb(199,206,220)	1.6257	None
ZFP62	CR627394	0.36492	32.09	0.088	rgb(218,200,200)	1.6259	2,2
NEUROG3	CPLX1	0.36472	30.44	0.438	rgb(222,133,134)	1.5932	None
TEAD1	MICAL2	0.36472	30.44	0.439	rgb(222,133,134)	1.5932	None
PDX1	QSOX2	0.36462	31.745	0.246	rgb(220,170,171)	1.6191	None
FOXA1	ID2	0.36452	31.37	0.371	rgb(221,146,147)	1.6117	None
ATF6	HAP1	-0.36432	31.235	-2.4E-01	rgb(166,186,226)	1.609	None
TFCP2L1	GDF11	-0.36432	31.235	-2.4E-01	rgb(166,186,226)	1.609	None
FEV	SST	0.36422	31.74	0.239	rgb(220,171,172)	1.619	None
ZNF117	TDRD6	0.36412	32.105	0.105	rgb(218,197,197)	1.6262	2,2
MAFA	CFC1B	0.36402	31.765	0.267	rgb(220,166,167)	1.6195	None
RFX6	RIIAD1	0.36393	30.435	0.437	rgb(222,134,134)	1.5931	None
ASCL1	LAMP3	0.36383	31.315	0.316	rgb(220,157,157)	1.6106	None
ZNF846	CCDC181	-0.36373	32.035	-3.5E-02	rgb(209,212,218)	1.6248	None
ARX	SEZ6L	0.36363	31.425	0.427	rgb(222,135,136)	1.6127	None
LHX1	GIP	-0.36353	31.715	-2.2E-01	rgb(170,188,225)	1.6185	None
TEAD1	TMEFF2	-0.36343	32.15	-1.5E-01	rgb(184,197,223)	1.6271	None
FEV	CD300LF	-0.36333	31.43	-4.3E-01	rgb(123,160,233)	1.6128	None
ONECUT1	SLC14A1	0.36323	30.365	0.367	rgb(221,147,148)	1.5917	None
HHEX	ELOVL4	0.36303	30.78	0.282	rgb(220,163,164)	1.6	2,2
TEAD2	MEX3A	0.36303	30.78	0.282	rgb(220,163,164)	1.6	None
TEAD2	CD99L2	0.36293	31.645	0.144	rgb(219,189,190)	1.6171	None
ZNF846	ZBTB25	0.36283	31.11	0.112	rgb(218,196,196)	1.6065	None
ETV1	EXOSC4	0.36273	30.43	0.429	rgb(222,135,136)	1.593	None
LHX1	SULT1C2P1	0.36253	32.12	0.119	rgb(218,194,195)	1.6265	None
TGIF2	MUC17	0.36253	30.845	0.343	rgb(221,151,152)	1.6012	None
ZNF846	KTN1-AS1	-0.36244	31.735	-2.3E-01	rgb(166,186,226)	1.6189	None
GATA2	CHL1	0.36234	30.775	0.277	rgb(220,164,165)	1.5999	None
NR4A2	CCDC125	-0.36224	31.845	-3.4E-01	rgb(143,172,230)	1.6211	None
HSF2	FSTL5	-0.36214	32.11	-1.1E-01	rgb(193,203,221)	1.6263	None
ZNF492	DNAH11	0.36204	32.025	0.026	rgb(217,212,212)	1.6246	None
GATA2	MAP2	0.36194	31.68	0.181	rgb(219,182,183)	1.6178	None
ZFP82	GAP43	0.36184	31.735	0.235	rgb(220,172,173)	1.6189	None
FEV	SPIB	0.36144	30.36	0.362	rgb(221,148,149)	1.5916	None
HOXB9	SPC25	-0.36144	30.36	-3.6E-01	rgb(138,169,231)	1.5916	None
LMX1B	RTN4RL1	0.36144	30.36	0.358	rgb(221,149,149)	1.5916	None
LMX1B	TMEM196	0.36144	30.36	0.358	rgb(221,149,149)	1.5916	None
FOXA2	PODXL2	-0.36134	31.025	-2.5E-02	rgb(211,214,218)	1.6048	None
NKX6-1	KCNJ3	-0.36124	32.005	-6.1E-03	rgb(216,216,217)	1.6242	None
ZFP82	CIB4	0.36114	31.725	0.227	rgb(219,174,174)	1.6187	None
NFAT5	GABRE	0.36104	31.275	0.275	rgb(220,165,165)	1.6098	None
FOXA1	EBF3	0.36095	31.265	0.264	rgb(220,166,167)	1.6096	None
FOXD4L5	EYA4	0.36085	31.615	0.115	rgb(218,195,195)	1.6165	None
ETS1	ONECUT2	-0.36075	30.84	-3.4E-01	rgb(144,172,230)	1.6011	None
ASCL1	DPYSL4	-0.36065	31.805	-3.1E-01	rgb(151,177,229)	1.6203	None
HSF2	CALCOCO1	-0.36055	31.61	-1.1E-01	rgb(194,203,221)	1.6164	None
PBX1	HGFAC	-0.36045	31.655	-1.6E-01	rgb(183,196,223)	1.6173	None
PAX6	JMJD7-PLA2G4B	0.36035	31.75	0.25	rgb(220,169,170)	1.6192	None
SMAD9	ZBTB4	0.36025	32.07	0.071	rgb(218,203,204)	1.6255	None
ETS1	POU6F1	-0.36015	31.655	-1.5E-01	rgb(183,197,223)	1.6173	None
SIM1	RSPH10B2	0.36005	31.685	0.183	rgb(219,182,182)	1.6179	2,2
EGR3	SYN1	0.35995	31.745	0.247	rgb(220,170,170)	1.6191	None
ETV1	GIP	0.35975	30.355	0.357	rgb(221,149,150)	1.5915	None
ETV1	NEFM	0.35975	30.355	0.357	rgb(221,149,150)	1.5915	None
ZNF846	AX746640	0.35965	31.265	0.267	rgb(220,166,167)	1.6096	2,2
ZFHX2	NXPE1	0.35956	31.37	0.372	rgb(221,146,147)	1.6117	None
NPAS3	ZRSR1	0.35946	31.785	0.283	rgb(220,163,163)	1.6199	2,2
SMAD9	CNGA4	0.35936	31.65	0.15	rgb(219,188,189)	1.6172	None
FOXA2	SPARC	0.35926	30.765	0.264	rgb(220,166,167)	1.5997	None
FEV	XKR7	0.35916	31.185	0.184	rgb(219,182,182)	1.608	None
NKX6-1	TMEM190	0.35906	31.655	0.153	rgb(219,188,188)	1.6173	None
LMX1B	KSR2	0.35896	30.835	0.337	rgb(221,153,153)	1.6011	None
ARX	SVOP	0.35876	29.98	0.481	rgb(222,125,126)	1.5841	None
TFCP2L1	SAMD5	0.35876	31.36	0.359	rgb(221,148,149)	1.6115	None
EGR3	PMP22	-0.35866	31.89	-3.9E-01	rgb(133,166,232)	1.622	None
ETS1	SLC26A7	-0.35846	31.25	-2.5E-01	rgb(163,184,227)	1.6093	None
LMX1B	ENPP2	0.35846	31.25	0.248	rgb(220,170,170)	1.6093	None
RORC	CHGB	0.35836	30.76	0.258	rgb(220,168,168)	1.5996	None
LMX1B	NHSL2	0.35826	31.62	0.121	rgb(218,194,194)	1.6166	None
ETS1	RPS3	0.35816	31.71	0.209	rgb(219,177,178)	1.6184	None
HSF2	PDZRN3	0.35807	31.17	0.17	rgb(219,185,185)	1.6077	None
PBX3	DOK6	-0.35797	31.345	-3.4E-01	rgb(142,172,230)	1.6112	None
LMX1B	RCOR3	-0.35777	31.56	-6.2E-02	rgb(204,209,219)	1.6154	None
ZFP62	SMA	0.35777	31.23	0.229	rgb(220,173,174)	1.6089	2,2
ZFP92	GLYATL3	0.35767	31.705	0.204	rgb(219,178,178)	1.6183	None
FEV	TRPC7	0.35757	31.44	0.439	rgb(222,133,134)	1.613	None
HMBOX1	PLCL1	0.35717	32	0	rgb(217,217,217)	1.6241	None
NR4A2	CABP4	0.35717	32	0	rgb(217,217,217)	1.6241	None
TFCP2L1	PDGFD	0.35717	32	0	rgb(217,217,217)	1.6241	None
ZNF117	LOC642776	0.35717	32	0	rgb(217,217,217)	1.6241	2,2
ETS1	SLC22A17	-0.35677	30.41	-4.1E-01	rgb(128,163,233)	1.5926	None
MYSM1	AK090844	0.35677	31.245	0.247	rgb(220,170,170)	1.6092	2,2
NEUROG3	ACTL6B	0.35677	30.41	0.408	rgb(221,139,140)	1.5926	None
SIX2	RIMBP2	0.35677	30.41	0.41	rgb(222,139,139)	1.5926	None
NKX6-1	MIR137HG	-0.35667	31.38	-3.8E-01	rgb(134,167,232)	1.6118	None
NEUROG3	CTPS1	0.35638	30.83	0.332	rgb(221,154,154)	1.601	None
NR4A2	CD52	-0.35638	31.625	-1.3E-01	rgb(190,200,222)	1.6167	None
ZFP82	PCED1B-AS1	-0.35638	30.83	-3.3E-01	rgb(145,173,230)	1.601	None
RORC	CCDC113	0.35618	32	0	rgb(217,217,217)	1.6241	None
ZNF492	ETV1	0.35618	32	0	rgb(217,217,217)	1.6241	None
NHLH1	LIMS2	-0.35598	31.22	-2.2E-01	rgb(170,188,225)	1.6087	None
TGIF2	MBOAT4	0.35598	31.725	0.224	rgb(219,174,175)	1.6187	None
ZNF846	TPPP3	-0.35588	30.865	-3.6E-01	rgb(138,169,231)	1.6016	None
ZNF846	GPBAR1	-0.35578	31.19	-1.9E-01	rgb(176,192,224)	1.6081	None
ASCL2	CACNA1G	0.35499	32	0	rgb(217,217,217)	1.6241	None
EGR3	ANKFN1	0.35499	32	0	rgb(217,217,217)	1.6241	None
HSF2	MUC15	0.35499	32	0	rgb(217,217,217)	1.6241	None
MAFA	CSRNP3	0.35499	32	0	rgb(217,217,217)	1.6241	None
MAFA	TMPRSS11E	0.35499	32	0	rgb(217,217,217)	1.6241	None
PRDM16	TRIM35	0.35499	32	0	rgb(217,217,217)	1.6241	None
RORC	KCNN3	0.35499	32	0	rgb(217,217,217)	1.6241	None
ZNF492	CDHR3	0.35499	30.345	0.347	rgb(221,151,151)	1.5913	None
EGR3	SFTPA2	0.35489	31.24	0.241	rgb(220,171,171)	1.6091	None
FOXA1	VCAN	0.35479	31.33	0.329	rgb(221,154,155)	1.6109	None
ELF4	RCOR2	0.35459	32	0	rgb(217,217,217)	1.6241	None
MAFA	USP6	0.35459	29.955	0.455	rgb(222,130,131)	1.5836	None
GATA2	PDZD4	0.35449	31.21	0.21	rgb(219,177,177)	1.6085	None
ETV1	SOCS1	-0.35439	30.855	-3.6E-01	rgb(140,170,231)	1.6014	None
SPIB	KLHL32	0.35429	31.14	0.142	rgb(219,190,190)	1.6071	None
FOXD4L5	NKAIN1	-0.35419	31.405	-4.0E-01	rgb(129,164,232)	1.6123	None
EGR3	MEX3A	0.35369	32	0	rgb(217,217,217)	1.6241	None
KCNIP3	CARTPT	0.35369	32	0	rgb(217,217,217)	1.6241	2,2
NKX6-1	PTPRT	0.35369	32	0	rgb(217,217,217)	1.6241	None
NR4A2	KDM1A	0.35369	32	0	rgb(217,217,217)	1.6241	None
ONECUT3	ELFN1	0.35369	32	0	rgb(217,217,217)	1.6241	None
PAX6	HES4	-0.3536	31.435	-4.3E-01	rgb(123,160,234)	1.6129	None
HSF2	CRY2	-0.3535	30.405	-4.1E-01	rgb(129,163,232)	1.5925	None
EGR3	RPRML	-0.3532	31.255	-2.5E-01	rgb(162,184,227)	1.6094	None
LMX1B	RGS5	0.3532	30.85	0.348	rgb(221,151,151)	1.6013	None
ZNF846	LOC731275	0.3532	31.255	0.256	rgb(220,168,169)	1.6094	2,2
FOXA1	KCNF1	-0.3529	30.75	-2.5E-01	rgb(163,184,226)	1.5994	None
HSF2	PCED1B-AS1	0.3529	31.605	0.103	rgb(218,197,197)	1.6163	None
ZNF492	KIF5A	-0.3529	31.71	-2.1E-01	rgb(172,190,225)	1.6184	None
MAFA	CERKL	0.3528	31.135	0.136	rgb(218,191,191)	1.607	None
FOXD4L5	TMOD1	0.3527	32	0	rgb(217,217,217)	1.6241	None
E2F7	P2RX6	0.35211	31.76	0.259	rgb(220,167,168)	1.6194	None
FOXA1	SAMD5	0.35211	32	0	rgb(217,217,217)	1.6241	None
MAFA	SNAP25	0.35211	31.385	0.384	rgb(221,144,144)	1.6119	None
POU2F2	PHYHIP	0.35211	32	0	rgb(217,217,217)	1.6241	None
SIX2	MAGED4	0.35211	32	0	rgb(217,217,217)	1.6241	None
TET1	SEMA6B	0.35211	32	0	rgb(217,217,217)	1.6241	None
ZFHX2	HAP1	0.35201	31.57	0.07	rgb(218,204,204)	1.6156	None
LMX1B	ADAMTSL1	0.35161	32	0	rgb(217,217,217)	1.6241	None
ONECUT1	SCN2A	0.35161	32	0	rgb(217,217,217)	1.6241	None
PRDM16	PODN	0.35161	32	0	rgb(217,217,217)	1.6241	None
SMAD9	SYN1	0.35161	32	0	rgb(217,217,217)	1.6241	None
ZNF514	AX748371	0.35151	31.38	0.382	rgb(221,144,145)	1.6118	2,2
GATA4	SCN1B	-0.35141	31.165	-1.6E-01	rgb(181,195,223)	1.6076	None
LMX1B	MEX3A	0.35121	32	0	rgb(217,217,217)	1.6241	None
ZNF853	LRRC16B	0.35121	32	0	rgb(217,217,217)	1.6241	2,2
FOXD4L5	SFRP1	0.35091	31.725	0.227	rgb(219,174,174)	1.6187	None
GATA2	ADCY1	0.35091	31.7	0.198	rgb(219,179,180)	1.6182	None
LHX1	ID4	0.35091	31.69	0.19	rgb(219,181,181)	1.618	None
MAFB	GDF10	0.35081	31.38	0.382	rgb(221,144,145)	1.6118	None
SIX2	CELF5	0.35072	30.34	0.342	rgb(221,152,152)	1.5912	None
RORC	NKAIN1	0.35062	31.375	0.376	rgb(221,145,146)	1.6117	None
GATA4	KIF5A	0.35052	31.58	0.082	rgb(218,201,202)	1.6158	None
PDX1	PPP1R16B	-0.35032	31.195	-2.0E-01	rgb(174,191,224)	1.6082	None
SOX4	LTBP2	0.35032	31.195	0.193	rgb(219,180,180)	1.6082	None
GATA4	TRIM24	0.35022	31.695	0.193	rgb(219,180,180)	1.6181	None
FOXD4L5	PDGFD	-0.35012	31.58	-7.9E-02	rgb(200,207,220)	1.6158	None
RFX2	KIAA1324	-0.35002	31.245	-2.4E-01	rgb(164,185,226)	1.6092	None
TFCP2L1	KCNH2	-0.34992	31.375	-3.7E-01	rgb(136,168,231)	1.6117	None
EGR3	CATSPERB	0.34982	30.84	0.338	rgb(221,153,153)	1.6011	None
ETS1	RPLP0P2	-0.34972	31.375	-3.7E-01	rgb(136,168,231)	1.6117	None
ATF6	KCNQ1OT1	-0.34962	31.37	-3.7E-01	rgb(137,168,231)	1.6117	None
FOXA1	DKK3	0.34932	32	0	rgb(217,217,217)	1.6241	None
ZFHX2	ACTN3	0.34932	32	0	rgb(217,217,217)	1.6241	None
ZFHX2	COL1A2	0.34932	32	0	rgb(217,217,217)	1.6241	None
ETS1	CHD5	0.34883	32	0	rgb(217,217,217)	1.6241	None
MAFB	SOGA3	0.34883	32	0	rgb(217,217,217)	1.6241	None
NEUROG3	LOC100506585	0.34883	32	0	rgb(217,217,217)	1.6241	None
NR4A3	CCDC28B	0.34883	32	0	rgb(217,217,217)	1.6241	None
PAX4	SEMA6B	0.34883	32	0	rgb(217,217,217)	1.6241	None
GATA6	MPPED1	0.34873	31.105	0.105	rgb(218,197,197)	1.6064	None
FEV	IMPG1	-0.34863	31.565	-6.6E-02	rgb(203,208,220)	1.6155	None
ETV1	APOA1	0.34843	31.23	0.231	rgb(220,173,173)	1.6089	None
ZNF846	SNED1	-0.34843	31.23	-2.3E-01	rgb(168,187,226)	1.6089	None
LMX1B	SERPINA10	0.34833	31.365	0.365	rgb(221,147,148)	1.6116	None
FOXA1	KHK	-0.34823	30.835	-3.3E-01	rgb(145,173,230)	1.6011	None
PRDM16	WWC2-AS2	0.34813	31.53	0.032	rgb(217,211,211)	1.6148	None
EGR3	UNC80	-0.34764	31.355	-3.6E-01	rgb(140,170,231)	1.6114	None
POU5F1	DEFB1	0.34764	32	0	rgb(217,217,217)	1.6241	None
SMAD9	GPR133	0.34764	32	0	rgb(217,217,217)	1.6241	2,2
TFCP2L1	SH2D3C	0.34764	32	0	rgb(217,217,217)	1.6241	None
ZNF514	LOC729603	0.34764	32	0	rgb(217,217,217)	1.6241	2,2
FOXD4L5	LINC00894	0.34754	30.335	0.335	rgb(221,153,154)	1.5911	None
LMX1A	GRIA2	0.34744	31.535	0.035	rgb(217,210,210)	1.6149	2,2
ZFHX2	USP41	-0.34734	31.405	-4.1E-01	rgb(129,163,232)	1.6123	None
ETV1	PDZRN3	0.34714	31.225	0.224	rgb(219,174,175)	1.6088	None
HMBOX1	PBX1	0.34714	31.225	0.227	rgb(219,174,174)	1.6088	None
ZNF846	CRLF1	0.34704	31.715	0.213	rgb(219,176,177)	1.6185	None
SOX4	HCP5	0.34694	30.825	0.324	rgb(221,155,156)	1.6009	None
PAX6	IFIT1	-0.34684	31.385	-3.9E-01	rgb(133,166,232)	1.6119	None
MAFA	B3GNTL1	0.34674	30.395	0.394	rgb(221,142,142)	1.5923	None
ZFP28	FAT3	0.34664	31.155	0.156	rgb(219,187,187)	1.6074	None
PBX3	POU5F1	0.34654	31.32	0.319	rgb(221,156,157)	1.6107	None
LHX1	NFAT5	-0.34644	31.15	-1.5E-01	rgb(184,197,223)	1.6073	None
NEUROD2	MANEAL	0.34625	30.815	0.314	rgb(220,157,158)	1.6007	None
PBX3	MAFA	0.34625	30.815	0.313	rgb(220,157,158)	1.6007	None
EGR3	LIN7A	0.34615	31.675	0.176	rgb(219,183,184)	1.6177	None
PBX1	FAM13A-AS1	0.34605	31.11	0.111	rgb(218,196,196)	1.6065	None
ZFHX2	TMSB15B	0.34595	31.34	0.339	rgb(221,152,153)	1.6111	None
LMX1B	P2RX6	-0.34585	31.695	-1.9E-01	rgb(175,191,224)	1.6181	None
ELF4	INSRR	-0.34565	31.215	-2.1E-01	rgb(171,189,225)	1.6086	None
MAFB	FRMPD4	-0.34565	31.335	-3.3E-01	rgb(144,173,230)	1.611	None
ATF6	ID1	-0.34555	30.33	-3.3E-01	rgb(146,174,229)	1.591	None
ETV1	DKK3	0.34545	31.105	0.106	rgb(218,197,197)	1.6064	None
EGR3	UCN3	-0.34535	31.14	-1.4E-01	rgb(187,199,222)	1.6071	None
MAFB	TMEM158	0.34525	31.345	0.345	rgb(221,151,152)	1.6112	None
NR4A3	TTLL10	0.34515	31.36	0.362	rgb(221,148,149)	1.6115	None
ZNF883	TPPP3	0.34505	29.93	0.428	rgb(222,135,136)	1.5831	None
HIF1A	NPM2	-0.34495	31.3	-3.0E-01	rgb(151,177,228)	1.6103	None
POU5F1	LGR6	0.34485	30.39	0.391	rgb(221,142,143)	1.5922	None
SIX2	SPTBN4	0.34466	31.285	0.287	rgb(220,162,163)	1.61	None
SIX2	SV2B	-0.34466	31.285	-2.8E-01	rgb(155,180,228)	1.61	None
TFCP2L1	ANKRD36C	-0.34456	31.62	-1.2E-01	rgb(191,201,221)	1.6166	None
ZNF492	EGR3	-0.34446	31.655	-1.5E-01	rgb(184,197,223)	1.6173	None
HIF1A	LHX1	-0.34436	31.545	-4.5E-02	rgb(207,211,219)	1.6151	None
LMX1A	SLC14A2	0.34426	31.575	0.073	rgb(218,203,203)	1.6157	None
ZNF519	CNR1	0.34416	31.32	0.32	rgb(221,156,156)	1.6107	None
NHLH1	SLC22A13	0.34406	31.265	0.267	rgb(220,166,166)	1.6096	None
ETV1	RAB3C	0.34396	30.805	0.303	rgb(220,159,160)	1.6005	None
HSF2	TRPC7	-0.34366	30.725	-2.3E-01	rgb(168,187,226)	1.5989	None
NHLH1	SERTAD1	0.34366	31.31	0.31	rgb(220,158,158)	1.6105	None
RORC	SLC30A8	0.34366	30.725	0.225	rgb(219,174,174)	1.5989	None
HIC1	EPM2A	0.34346	31.26	0.259	rgb(220,168,168)	1.6095	None
SIX2	FDPSP2	-0.34346	31.28	-2.8E-01	rgb(156,180,228)	1.6099	None
ASCL2	SCN1B	0.34327	30.325	0.324	rgb(221,155,156)	1.5909	None
ZNF846	MAP2	-0.34327	31.34	-3.4E-01	rgb(143,172,230)	1.6111	None
SIX2	SH3TC2	-0.34317	31.545	-4.6E-02	rgb(207,211,219)	1.6151	None
NR4A2	PRR7	-0.34297	31.59	-8.8E-02	rgb(198,205,220)	1.616	None
SMAD9	CRIP1	-0.34297	31.2	-2.0E-01	rgb(173,190,225)	1.6083	None
ELF4	HES6	-0.34287	30.8	-3.0E-01	rgb(152,177,228)	1.6004	None
NKX6-1	DEFB1	-0.34277	31.53	-2.9E-02	rgb(211,213,218)	1.6148	None
LHX1	TMEFF2	-0.34267	31.215	-2.1E-01	rgb(170,189,225)	1.6086	None
SIX2	CLCA1	0.34257	31.585	0.085	rgb(218,201,201)	1.6159	None
ELF4	PCYT1B	-0.34247	31.09	-8.9E-02	rgb(198,205,220)	1.6061	None
AKNA	LOC100128288	-0.34227	31.29	-2.9E-01	rgb(154,179,228)	1.6101	2,2
ZFP82	NFAT5	-0.34227	31.295	-3.0E-01	rgb(153,178,228)	1.6102	None
ZNF382	GPRIN3	0.34217	31.63	0.128	rgb(218,193,193)	1.6168	None
ETV1	LGI3	0.34207	30.805	0.307	rgb(220,158,159)	1.6005	None
HSF2	EYA4	0.34188	30.85	0.35	rgb(221,150,151)	1.6013	None
MAFA	PLAC4	-0.34188	31.32	-3.2E-01	rgb(147,175,229)	1.6107	None
EGR3	SLC25A27	0.34178	31.06	0.062	rgb(218,205,205)	1.6055	None
HSF2	SHC3	-0.34168	31.195	-2.0E-01	rgb(175,191,224)	1.6082	None
PRDM16	LINGO1	0.34158	31.635	0.133	rgb(218,192,192)	1.6169	None
ELF4	JAM3	-0.34148	31.275	-2.8E-01	rgb(157,180,228)	1.6098	None
PRDM16	CACNA2D2	-0.34138	31.6	-1.0E-01	rgb(195,204,221)	1.6162	None
CCDC17	AX747853	0.34128	31.595	0.094	rgb(218,199,199)	1.6161	2,2
EGR3	GADD45A	-0.34118	30.83	-3.3E-01	rgb(146,174,229)	1.601	None
LHX1	PBOV1	0.34108	31.53	0.031	rgb(217,211,211)	1.6148	None
GRHL3	FAM105A	0.34078	30.38	0.381	rgb(221,144,145)	1.592	2,2
POU6F1	CYGB	-0.34078	30.38	-3.8E-01	rgb(134,167,231)	1.592	None
PRDM16	LINC00939	-0.34078	31.265	-2.7E-01	rgb(159,182,227)	1.6096	None
LMX1B	MSI1	0.34058	29.91	0.409	rgb(222,139,140)	1.5827	None
PDX1	IFI6	0.34058	29.91	0.41	rgb(222,139,140)	1.5827	None
LHX1	AIF1	0.34048	31.07	0.072	rgb(218,203,203)	1.6057	None
ZNF117	PLGLB2	0.34039	31.28	0.279	rgb(220,164,164)	1.6099	2,2
GATA4	STMN2	0.34029	31.26	0.26	rgb(220,167,168)	1.6095	None
ATOH8	NEUROG3	0.34019	31.255	0.255	rgb(220,168,169)	1.6094	2,2
NR4A3	CAMK1	0.34009	31.375	0.376	rgb(221,145,146)	1.6117	None
ETS1	RBP2	-0.33999	31.275	-2.8E-01	rgb(157,180,228)	1.6098	None
PBX3	FIGNL2	-0.33989	31.01	-1.0E-02	rgb(215,216,217)	1.6045	None
GATA4	STX1A	0.33979	31.55	0.05	rgb(218,207,207)	1.6152	None
FOXA2	INSC	-0.33959	31.24	-2.4E-01	rgb(165,185,226)	1.6091	None
FOXD4L5	UCN3	0.33959	31.24	0.242	rgb(220,171,171)	1.6091	None
LMX1B	DLG2	0.33949	31.265	0.266	rgb(220,166,167)	1.6096	None
HSF2	SCG2	-0.33939	31.375	-3.8E-01	rgb(135,167,231)	1.6117	None
NEUROG3	SSTR2	0.33929	29.99	0.489	rgb(222,124,125)	1.5843	None
ETS1	LSAMP	-0.33919	31.235	-2.3E-01	rgb(166,186,226)	1.609	None
MAFB	CPT1C	-0.33909	30.81	-3.1E-01	rgb(149,176,229)	1.6006	None
HES4	PRRT3	0.33899	31.235	0.237	rgb(220,172,172)	1.609	None
HSF2	TTLL6	0.3389	30.835	0.337	rgb(221,153,153)	1.6011	None
ZNF519	GALNT16	0.3388	31.135	0.136	rgb(218,191,191)	1.607	None
LHX1	MALAT1	0.3386	31.225	0.223	rgb(219,174,175)	1.6088	None
TFCP2L1	RCOR2	0.3386	31.225	0.226	rgb(219,174,174)	1.6088	None
ARX	IFI6	0.3384	31.16	0.159	rgb(219,187,187)	1.6075	None
RFX6	GNG2	0.3384	29.985	0.487	rgb(222,124,125)	1.5842	None
PBX1	UTS2B	0.3383	30.765	0.266	rgb(220,166,167)	1.5997	None
LHX1	FAM171B	-0.3382	29.9	-4.0E-01	rgb(130,164,232)	1.5825	None
ZNF846	GAN	0.3381	30.31	0.309	rgb(220,158,159)	1.5906	None
ELF4	CALCOCO1	0.338	31.155	0.156	rgb(219,187,187)	1.6074	None
FOXJ1	INSC	-0.3378	30.82	-3.2E-01	rgb(147,174,229)	1.6008	None
HIF1A	BEX2	-0.3378	31.25	-2.5E-01	rgb(163,184,226)	1.6093	None
HIC1	SPDYA	-0.3377	31.555	-5.3E-02	rgb(205,210,219)	1.6153	None
NEUROG3	TAC1	-0.3376	30.69	-1.9E-01	rgb(176,192,224)	1.5982	None
LHX1	GADD45G	-0.3375	31.185	-1.9E-01	rgb(177,193,224)	1.608	None
EGR3	PGF	0.33741	31.22	0.222	rgb(219,175,175)	1.6087	None
GATA4	EML5	-0.33731	31.245	-2.4E-01	rgb(164,185,226)	1.6092	None
PBX3	MIR137HG	0.33721	30.79	0.291	rgb(220,161,162)	1.6002	None
FOXD4L5	NXPE1	0.33681	31.5	0	rgb(217,217,217)	1.6142	None
HMBOX1	ADCY2	0.33681	31.5	0	rgb(217,217,217)	1.6142	None
MAFA	TSHZ1	0.33681	31.5	0	rgb(217,217,217)	1.6142	None
ZNF846	JAZF1	0.33681	31.5	0	rgb(217,217,217)	1.6142	None
SMAD9	MMD2	-0.33671	31.14	-1.4E-01	rgb(186,198,222)	1.6071	None
HSF2	KL	0.33661	31.225	0.226	rgb(219,174,174)	1.6088	None
GATA4	SPEG	-0.33641	31.205	-2.0E-01	rgb(173,190,225)	1.6084	None
SOX4	CEND1	-0.33641	31.205	-2.0E-01	rgb(173,190,225)	1.6084	None
LHX1	GLUD1P3	0.33631	31.135	0.134	rgb(218,191,192)	1.607	None
RFX2	TTR	0.33621	31.325	0.324	rgb(221,155,156)	1.6108	None
ETS1	PCSK1	-0.33611	31.225	-2.2E-01	rgb(168,187,226)	1.6088	None
MAFA	CAND2	0.33592	31.5	0	rgb(217,217,217)	1.6142	None
ZNF846	EFNB3	0.33592	31.5	0	rgb(217,217,217)	1.6142	None
ETV1	CHST10	0.33582	30.305	0.306	rgb(220,158,159)	1.5905	None
POU5F1	PEX5L	0.33572	31.16	0.159	rgb(219,187,187)	1.6075	None
RORC	B3GAT1	0.33562	31.12	0.118	rgb(218,194,195)	1.6067	None
ASCL2	ELFN1	0.33542	30.675	0.177	rgb(219,183,183)	1.5979	None
CCDC17	LOC283731	0.33542	31.25	0.25	rgb(220,169,170)	1.6093	2,2
ZFHX2	FIGNL2	0.33532	31.205	0.206	rgb(219,178,178)	1.6084	None
ZFP69B	LINC00930	0.33522	30.78	0.279	rgb(220,164,164)	1.6	2,2
E2F7	TRIM24	0.33492	31.5	0	rgb(217,217,217)	1.6142	None
HSF2	EIF4EBP1	-0.33492	30.825	-3.2E-01	rgb(147,174,229)	1.6009	None
MAFB	CABP4	0.33492	31.5	0	rgb(217,217,217)	1.6142	None
HLF	LCP1	0.33482	30.745	0.247	rgb(220,170,170)	1.5993	None
ELF4	USP41	0.33413	31.5	0	rgb(217,217,217)	1.6142	None
FOXP2	EMB	0.33413	31.5	0	rgb(217,217,217)	1.6142	None
GATA4	NKX6-1	0.33413	31.5	0	rgb(217,217,217)	1.6142	2,2
LMX1B	WSCD1	0.33413	31.5	0	rgb(217,217,217)	1.6142	None
MAFA	SPDYE7P	0.33413	31.5	0	rgb(217,217,217)	1.6142	None
PDX1	GPR162	0.33413	31.5	0	rgb(217,217,217)	1.6142	None
POU5F1	NKAIN1	0.33413	31.5	0	rgb(217,217,217)	1.6142	None
RORC	CENPE	-0.33403	31.225	-2.3E-01	rgb(168,187,226)	1.6088	None
RFX6	CHRNA1	0.33393	31.25	0.248	rgb(220,170,170)	1.6093	None
RORC	RCOR2	0.33383	29.89	0.392	rgb(221,142,143)	1.5823	None
FEV	MAP1B	-0.33373	31.26	-2.6E-01	rgb(160,183,227)	1.6095	None
MAFB	EPM2A	-0.33363	31.28	-2.8E-01	rgb(156,180,228)	1.6099	None
GATA2	FAM13A-AS1	0.33353	31.12	0.118	rgb(218,194,195)	1.6067	None
TFCP2L1	CHGA	-0.33343	30.74	-2.4E-01	rgb(165,185,226)	1.5992	None
PDX1	HAP1	-0.33333	31.145	-1.5E-01	rgb(186,198,223)	1.6072	None
LHX1	PLCXD3	-0.33304	30.3	-3.0E-01	rgb(152,177,228)	1.5904	None
TFCP2L1	FXYD1	-0.33304	30.3	-3.0E-01	rgb(152,178,228)	1.5904	None
ZFP82	C7	0.33304	30.3	0.298	rgb(220,160,161)	1.5904	None
NR4A2	GABRE	-0.33294	31.06	-5.8E-02	rgb(204,209,219)	1.6055	None
JAZF1	LOC283335	-0.33284	31.17	-1.7E-01	rgb(180,194,224)	1.6077	2,2
PBX1	STX2	-0.33274	31.27	-2.7E-01	rgb(158,181,227)	1.6097	None
GATA4	GRHL3	-0.33264	31.215	-2.1E-01	rgb(170,189,225)	1.6086	None
NEUROG3	CHRNA1	0.33254	30.77	0.269	rgb(220,166,166)	1.5998	None
HES4	APOA1	0.33214	31.5	0	rgb(217,217,217)	1.6142	None
LMX1B	MTUS2	0.33214	31.5	0	rgb(217,217,217)	1.6142	None
SIX2	ENPP7	0.33214	31.5	0	rgb(217,217,217)	1.6142	None
ST18	SOX4	0.33214	31.5	0	rgb(217,217,217)	1.6142	None
MAFA	HCN4	-0.33204	31.18	-1.8E-01	rgb(177,193,224)	1.6079	None
HSF2	GLIS2	0.33164	31.5	0	rgb(217,217,217)	1.6142	None
PBX3	YPEL4	0.33164	31.5	0	rgb(217,217,217)	1.6142	None
PDX1	MUC15	0.33164	31.5	0	rgb(217,217,217)	1.6142	None
SIX2	ATP6V1G2	0.33164	31.5	0	rgb(217,217,217)	1.6142	None
RORC	CRH	0.33155	31.165	0.167	rgb(219,185,185)	1.6076	None
EGR3	ADAM12	0.33135	31.21	0.211	rgb(219,177,177)	1.6085	None
TFCP2L1	GGT5	-0.33135	31.135	-1.3E-01	rgb(188,199,222)	1.607	None
ATF5	KRTAP5-2	0.33045	31.5	0	rgb(217,217,217)	1.6142	None
ELF4	SULT1C2P1	0.33045	31.5	0	rgb(217,217,217)	1.6142	None
HSF2	TTLL10	0.33045	31.5	0	rgb(217,217,217)	1.6142	None
LHX1	ADNP	0.33045	31.5	0	rgb(217,217,217)	1.6142	None
NEUROG3	ARHGAP9	0.33045	31.5	0	rgb(217,217,217)	1.6142	None
NKX6-1	LRRC37A	0.33045	31.5	0	rgb(217,217,217)	1.6142	None
PBX3	CPNE9	0.33045	31.5	0	rgb(217,217,217)	1.6142	None
POU2F2	RCOR3	0.33045	31.5	0	rgb(217,217,217)	1.6142	None
ZNF846	HSPA2	0.33045	31.5	0	rgb(217,217,217)	1.6142	None
ASCL2	CDKN1A	0.33015	31.5	0	rgb(217,217,217)	1.6142	None
ONECUT2	LMX1A	0.33015	31.5	0	rgb(217,217,217)	1.6142	None
ZNF883	DZIP1	0.33015	31.5	0	rgb(217,217,217)	1.6142	None
ETS1	ZFP69B	0.32976	31.5	0	rgb(217,217,217)	1.6142	None
GRHL3	CNR1	0.32976	31.5	0	rgb(217,217,217)	1.6142	2,2
HEY1	POM121L10P	0.32976	31.5	0	rgb(217,217,217)	1.6142	None
HIC1	AP3B2	0.32976	31.5	0	rgb(217,217,217)	1.6142	None
LMX1A	GAP43	-0.32966	31.175	-1.7E-01	rgb(179,194,224)	1.6078	None
HSF2	SPRED3	-0.32956	30.765	-2.6E-01	rgb(160,182,227)	1.5997	None
SMAD9	IGFN1	0.32946	31.195	0.196	rgb(219,180,180)	1.6082	None
ELF4	GDF10	0.32896	31.5	0	rgb(217,217,217)	1.6142	None
HSF2	SFTPA2	0.32896	31.5	0	rgb(217,217,217)	1.6142	None
ZBTB25	AX747590	0.32896	31.5	0	rgb(217,217,217)	1.6142	2,2
ZFHX2	HERC2P4	0.32896	31.5	0	rgb(217,217,217)	1.6142	None
ZNF853	BST2	0.32896	31.5	0	rgb(217,217,217)	1.6142	2,2
EGR3	LINGO1	0.32837	31.5	0	rgb(217,217,217)	1.6142	None
HIC1	AEBP1	0.32837	31.5	0	rgb(217,217,217)	1.6142	None
LHX1	RUSC1-AS1	0.32837	31.5	0	rgb(217,217,217)	1.6142	None
ONECUT1	TMEM132C	0.32837	31.5	0	rgb(217,217,217)	1.6142	None
PDX1	SLC6A16	0.32837	31.5	0	rgb(217,217,217)	1.6142	None
ZFP90	AK126532	0.32837	31.5	0	rgb(217,217,217)	1.6142	2,2
ETV1	CD300LF	-0.32827	31.155	-1.6E-01	rgb(183,197,223)	1.6074	None
FEV	UBN2	0.32797	31.5	0	rgb(217,217,217)	1.6142	None
SIX2	TTBK1	0.32797	31.5	0	rgb(217,217,217)	1.6142	None
ZFP28	USH2A	0.32797	31.5	0	rgb(217,217,217)	1.6142	None
EGR3	GAP43	-0.32787	30.79	-2.9E-01	rgb(154,179,228)	1.6002	None
MAFA	SYNM	0.32777	31.21	0.211	rgb(219,177,177)	1.6085	None
SOX4	NOTUM	0.32767	31.17	0.172	rgb(219,184,184)	1.6077	None
EGR3	SCUBE3	-0.32757	30.36	-3.6E-01	rgb(139,169,231)	1.5916	None
PDX1	MYRF	0.32747	31.195	0.194	rgb(219,180,180)	1.6082	None
ETV1	MEP1B	0.32628	31.5	0	rgb(217,217,217)	1.6142	None
GATA4	DLC1	0.32628	31.5	0	rgb(217,217,217)	1.6142	None
LHX1	SIDT1	0.32628	31.5	0	rgb(217,217,217)	1.6142	None
LMX1A	KCNE4	0.32628	31.5	0	rgb(217,217,217)	1.6142	None
LMX1A	SPARC	0.32628	31.5	0	rgb(217,217,217)	1.6142	None
MAFA	GPR173	0.32628	31.5	0	rgb(217,217,217)	1.6142	None
NR4A2	APOC3	0.32628	31.5	0	rgb(217,217,217)	1.6142	None
RORC	GSTA2	-0.32628	30.295	-3.0E-01	rgb(153,178,228)	1.5904	None
SOX4	ANKFN1	0.32628	31.5	0	rgb(217,217,217)	1.6142	None
TEAD1	USP13	0.32628	31.5	0	rgb(217,217,217)	1.6142	None
ZFP69B	CA8	0.32628	31.5	0	rgb(217,217,217)	1.6142	2,2
ZNF846	FKBP1A-SDCBP2	0.32628	31.5	0	rgb(217,217,217)	1.6142	2,2
EGR3	ENPP1	-0.32618	30.755	-2.5E-01	rgb(162,184,227)	1.5995	None
LMX1B	FCAMR	-0.32608	31.015	-1.6E-02	rgb(214,215,218)	1.6046	None
ZNF117	PMS2L14	0.32598	31.155	0.156	rgb(219,187,188)	1.6074	2,2
PDX1	AP3B2	0.32588	30.77	0.271	rgb(220,165,166)	1.5998	None
TET1	GABRE	-0.32578	30.78	-2.8E-01	rgb(156,180,228)	1.6	None
TEAD2	ZMYM2	-0.32569	30.75	-2.5E-01	rgb(163,184,226)	1.5994	None
NFAT5	TSSK4	0.32559	30.72	0.22	rgb(219,175,175)	1.5988	None
ETS1	APOA1	0.32519	31.5	0	rgb(217,217,217)	1.6142	None
GRHL3	EPHA8	0.32519	31.5	0	rgb(217,217,217)	1.6142	2,2
HIC1	MYEF2	0.32519	31.5	0	rgb(217,217,217)	1.6142	None
SMAD9	SLC22A13	0.32519	31.5	0	rgb(217,217,217)	1.6142	None
NHLH1	SCN1B	0.32509	30.94	0.438	rgb(222,133,134)	1.6031	None
ELF4	RD3	-0.32499	31.14	-1.4E-01	rgb(187,199,222)	1.6071	None
FOXJ1	CHRNB2	-0.32489	31.135	-1.3E-01	rgb(188,199,222)	1.607	None
ONECUT3	ANKRD36C	0.32479	30.735	0.233	rgb(220,172,173)	1.5991	None
HIC1	YPEL1	0.32469	31.13	0.129	rgb(218,192,193)	1.6069	None
E2F7	ST8SIA3	-0.32459	29.95	-4.5E-01	rgb(119,157,234)	1.5835	None
PDX1	SEZ6L	0.32449	31.18	0.178	rgb(219,183,183)	1.6079	None
TGIF2	DRD2	0.32439	30.71	0.211	rgb(219,177,177)	1.5986	None
POU6F1	FER1L6-AS1	-0.32429	30.29	-2.9E-01	rgb(154,179,228)	1.5903	None
FOXA2	LRFN2	-0.3242	31.165	-1.6E-01	rgb(181,195,223)	1.6076	None
LHX1	NKAIN1	-0.3241	31.115	-1.1E-01	rgb(192,202,221)	1.6066	None
NKX2-2	IGFN1	0.324	31.19	0.192	rgb(219,180,181)	1.6081	None
MAFA	TCTEX1D4	0.3239	31.095	0.095	rgb(218,199,199)	1.6062	None
HSF2	CYGB	-0.3238	31.11	-1.1E-01	rgb(193,202,221)	1.6065	None
ZNF382	TRAM1L1	-0.3237	31.185	-1.8E-01	rgb(177,193,224)	1.608	2,2
NKX6-1	SCUBE1	0.3235	30.725	0.227	rgb(219,174,174)	1.5989	None
POU2F2	LIN7A	0.3235	30.725	0.225	rgb(219,174,175)	1.5989	None
EGR3	POM121L10P	-0.3234	30.73	-2.3E-01	rgb(167,186,226)	1.599	None
NR4A3	GTF2IRD1P1	-0.3233	30.905	-4.0E-01	rgb(130,164,232)	1.6024	None
HMBOX1	TTLL10	0.3232	30.755	0.253	rgb(220,169,169)	1.5995	None
HMBOX1	SOCS1	-0.3231	31.1	-1.0E-01	rgb(195,204,221)	1.6063	None
RFX2	MAP9	0.323	31.15	0.151	rgb(219,188,188)	1.6073	None
FOXA1	NHSL2	0.3228	29.945	0.447	rgb(222,132,133)	1.5834	None
RFX6	ZG16	0.3228	30.785	0.284	rgb(220,163,163)	1.6001	None
EGR3	INSC	-0.32261	31.045	-4.6E-02	rgb(207,211,219)	1.6052	None
SMAD9	WSCD1	-0.32261	31.045	-4.3E-02	rgb(208,211,219)	1.6052	None
ELF4	HEYL	-0.32251	31.04	-3.9E-02	rgb(208,212,218)	1.6051	None
ZNF846	KIAA1328	0.32241	30.285	0.286	rgb(220,162,163)	1.5902	None
TP73	FOXA1	-0.32231	29.87	-3.7E-01	rgb(137,168,231)	1.5819	None
SOX4	MUC5B	-0.32221	30.73	-2.3E-01	rgb(167,187,226)	1.599	None
LHX1	SERPINA10	-0.32211	30.69	-1.9E-01	rgb(176,192,224)	1.5982	None
SIX2	CYP27C1	0.32201	30.725	0.226	rgb(219,174,174)	1.5989	None
MAFA	GPBAR1	0.32191	31.095	0.094	rgb(218,199,199)	1.6062	None
ETV1	LIMCH1	0.32181	31.12	0.122	rgb(218,194,194)	1.6067	None
ONECUT3	UTS2B	0.32171	30.72	0.22	rgb(219,175,175)	1.5988	None
PAX6	SPDYE7P	-0.32161	30.345	-3.5E-01	rgb(142,171,230)	1.5913	None
EGR3	CPLX1	0.32151	30.88	0.382	rgb(221,144,145)	1.6019	None
ZNF492	HERC5	-0.32141	30.885	-3.8E-01	rgb(134,166,232)	1.602	None
NKX2-2	CAMK2N2	0.32132	31.065	0.064	rgb(218,205,205)	1.6056	None
LMX1A	HAP1	0.32122	30.44	0.442	rgb(222,132,133)	1.5932	None
HHEX	ACOT7	0.32102	29.865	0.364	rgb(221,148,148)	1.5818	None
ONECUT1	REG4	-0.32102	29.865	-3.7E-01	rgb(137,169,231)	1.5818	None
NEUROD2	TMEM178B	0.32082	29.935	0.436	rgb(222,134,135)	1.5832	None
RFX2	SNAP25	0.32082	29.935	0.435	rgb(222,134,135)	1.5832	None
FOXD4L5	CPA1	-0.32062	30.93	-4.3E-01	rgb(123,160,233)	1.6029	None
MAFA	LRRC10B	0.32062	30.685	0.187	rgb(219,181,182)	1.5981	None
ZFP69B	CCDC88A	0.32052	30.275	0.273	rgb(220,165,165)	1.59	None
RFX3	CEP290	0.32042	30.41	0.411	rgb(222,138,139)	1.5926	None
GATA2	JAKMIP1	0.32032	30.96	0.458	rgb(222,130,131)	1.6035	None
RFX3	LRRC49	0.32022	31.075	0.075	rgb(218,203,203)	1.6058	None
SIX2	FOXA1	-0.32012	30.88	-3.8E-01	rgb(135,167,231)	1.6019	None
NR4A2	FAM64A	-0.32002	30.665	-1.7E-01	rgb(181,195,223)	1.5977	2,2
HSF2	CACNA2D2	-0.31992	30.66	-1.6E-01	rgb(183,196,223)	1.5976	None
ELF4	B3GAT1	0.31983	30.735	0.237	rgb(220,172,172)	1.5991	None
MAFA	NPY	-0.31973	30.695	-1.9E-01	rgb(175,191,224)	1.5983	None
GATA2	CPNE9	0.31953	30.81	0.309	rgb(220,158,159)	1.6006	None
TFCP2L1	CLIP3	-0.31953	31.105	-1.1E-01	rgb(194,203,221)	1.6064	None
ZNF117	AK057596	0.31943	30.925	0.423	rgb(222,136,137)	1.6028	2,2
ETS1	FAM171A2	0.31933	30.845	0.346	rgb(221,151,152)	1.6012	None
LHX1	TNFRSF6B	0.31923	31.03	0.031	rgb(217,211,211)	1.6049	None
TFCP2L1	EID2	0.31913	30.395	0.396	rgb(221,141,142)	1.5923	None
LHX1	CFC1	-0.31903	30.825	-3.3E-01	rgb(146,174,229)	1.6009	None
E2F7	APLN	0.31893	30.745	0.244	rgb(220,170,171)	1.5993	None
ONECUT2	ATF7IP	0.31883	30.685	0.186	rgb(219,181,182)	1.5981	None
TP73	OSBPL6	0.31873	30.27	0.271	rgb(220,165,166)	1.5899	None
PBX3	SLC25A27	0.31863	30.655	0.154	rgb(219,188,188)	1.5975	None
PBX3	SPAG8	0.31853	31.085	0.085	rgb(218,201,201)	1.606	None
ARX	CCDC125	-0.31834	30.815	-3.2E-01	rgb(148,175,229)	1.6007	None
EGR3	PTPN22	-0.31834	31	-9.3E-04	rgb(217,217,217)	1.6043	None
PAX6	MIR7-3HG	0.31804	30.675	0.176	rgb(219,183,184)	1.5979	None
ZFHX2	GATA4	0.31804	30.65	0.151	rgb(219,188,188)	1.5974	None
ZNF519	NOTUM	0.31804	30.72	0.22	rgb(219,175,175)	1.5988	None
SPIB	RRAGD	0.31794	30.635	0.136	rgb(218,191,191)	1.5971	None
ASCL1	LSP1	-0.31784	31.08	-8.0E-02	rgb(200,206,220)	1.6059	None
PBX1	CIB4	-0.31774	30.78	-2.8E-01	rgb(156,180,228)	1.6	None
HSF2	CLDN6	-0.31764	30.715	-2.1E-01	rgb(171,189,225)	1.5987	None
FOXA2	MUC15	0.31754	30.895	0.394	rgb(221,142,142)	1.6022	None
NR4A3	STMN3	0.31744	30.67	0.171	rgb(219,184,185)	1.5978	None
EGR3	UNC79	-0.31734	30.69	-1.9E-01	rgb(175,192,224)	1.5982	None
FOXA1	ACTL6B	0.31724	31.01	0.009	rgb(217,215,215)	1.6045	None
MAFA	KIF5A	0.31714	30.825	0.325	rgb(221,155,156)	1.6009	None
HMGN3	AX747393	-0.31685	30.635	-1.3E-01	rgb(188,199,222)	1.5971	2,2
NFAT5	GLUD1P3	0.31685	30.635	0.135	rgb(218,191,192)	1.5971	None
PDX1	RORC	0.31685	30.635	0.136	rgb(218,191,191)	1.5971	None
SMAD9	UNC93A	-0.31675	30.84	-3.4E-01	rgb(143,172,230)	1.6011	None
ZNF846	USP6	0.31665	30.64	0.139	rgb(219,191,191)	1.5972	None
POU5F1	KIF5A	0.31655	30.825	0.326	rgb(221,155,155)	1.6009	None
EGR3	FAM135B	-0.31645	30.79	-2.9E-01	rgb(154,179,228)	1.6002	None
ZFP28	RNF157	-0.31635	30.81	-3.1E-01	rgb(149,176,229)	1.6006	None
RFX3	CACNG6	0.31625	30.815	0.317	rgb(220,156,157)	1.6007	None
GATA2	UTY	0.31605	30.855	0.353	rgb(221,150,150)	1.6014	None
LHX1	PPM1E	0.31605	30.64	0.141	rgb(219,190,190)	1.5972	None
ONECUT3	CLDN6	-0.31595	30.775	-2.7E-01	rgb(157,181,227)	1.5999	None
FOXA1	POM121L9P	-0.31585	30.355	-3.5E-01	rgb(140,170,230)	1.5915	None
ONECUT3	PKIA	0.31575	30.84	0.339	rgb(221,152,153)	1.6011	None
HSF2	SULT2A1	-0.31565	30.765	-2.7E-01	rgb(159,182,227)	1.5997	None
MAFB	SLC12A5	0.31555	30.63	0.13	rgb(218,192,192)	1.597	None
MAFF	CERKL	-0.31545	30.795	-3.0E-01	rgb(153,178,228)	1.6003	None
ETS1	KCNIP3	-0.31536	30.785	-2.9E-01	rgb(155,179,228)	1.6001	None
RFX2	PGA4	-0.31516	30.685	-1.9E-01	rgb(176,192,224)	1.5981	None
TFCP2L1	G0S2	-0.31516	30.6	-1.0E-01	rgb(195,204,221)	1.5964	None
HMBOX1	QSOX2	0.31476	30.82	0.319	rgb(221,156,157)	1.6008	None
LMX1B	NOTUM	0.31476	31	0	rgb(217,217,217)	1.6043	None
TEAD1	CPA1	0.31476	31	0	rgb(217,217,217)	1.6043	None
TFCP2L1	SCN3B	0.31476	31	0	rgb(217,217,217)	1.6043	None
SPIB	CAMKV	0.31466	29.85	0.349	rgb(221,150,151)	1.5815	None
ZNF492	PDX1	-0.31456	30.33	-3.3E-01	rgb(145,173,230)	1.591	None
LHX1	CXXC4	0.31446	29.915	0.415	rgb(222,138,139)	1.5828	None
GATA2	PTCH1	0.31406	31	0	rgb(217,217,217)	1.6043	None
HSF2	STX1A	0.31406	31	0	rgb(217,217,217)	1.6043	None
LHX1	ASIC1	0.31406	31	0	rgb(217,217,217)	1.6043	None
RFX2	PGA3	0.31406	31	0	rgb(217,217,217)	1.6043	None
TEAD1	KCNJ3	-0.31397	30.84	-3.4E-01	rgb(143,172,230)	1.6011	None
ONECUT3	DLG2	-0.31387	30.765	-2.6E-01	rgb(160,182,227)	1.5997	None
SOX4	TMEM132B	-0.31357	30.805	-3.0E-01	rgb(151,177,229)	1.6005	None
TFCP2L1	MAFB	0.31357	30.805	0.306	rgb(220,159,159)	1.6005	None
ZNF492	PAM	-0.31357	30.805	-3.1E-01	rgb(150,177,229)	1.6005	None
ZFHX2	WSB1	0.31347	30.715	0.217	rgb(219,176,176)	1.5987	None
ETS1	TRIM66	0.31287	31	0	rgb(217,217,217)	1.6043	None
FOXD4L5	KLB	0.31287	31	0	rgb(217,217,217)	1.6043	None
HSF2	TUBB2B	0.31287	31	0	rgb(217,217,217)	1.6043	None
MAFA	TSNAX-DISC1	0.31287	31	0	rgb(217,217,217)	1.6043	None
ONECUT2	CCDC39	0.31287	31	0	rgb(217,217,217)	1.6043	None
SETBP1	TMEM56-RWDD3	0.31287	31	0	rgb(217,217,217)	1.6043	2,2
SPIB	HGFAC	0.31277	30.65	0.151	rgb(219,188,189)	1.5974	None
EGR3	TRPM2	0.31257	31	0	rgb(217,217,217)	1.6043	None
ELF4	USH2A	0.31257	31	0	rgb(217,217,217)	1.6043	None
ETS1	PLAG1	-0.31248	30.54	-4.2E-02	rgb(208,211,219)	1.5952	None
RFX3	FDPSP2	0.31238	30.335	0.333	rgb(221,153,154)	1.5911	None
LMX1B	CELSR3	0.31228	30.55	0.05	rgb(218,207,208)	1.5954	None
NR4A2	PTHLH	-0.31218	30.825	-3.3E-01	rgb(146,174,229)	1.6009	None
NEUROG3	CHRNB4	0.31208	29.91	0.412	rgb(222,138,139)	1.5827	None
POU2F2	TRIM35	0.31198	30.775	0.273	rgb(220,165,165)	1.5999	None
NFAT5	USP6	0.31188	30.745	0.246	rgb(220,170,171)	1.5993	None
TGIF2	KCNJ3	0.31178	30.51	0.009	rgb(217,215,215)	1.5946	None
ASCL2	SH3RF3	0.31158	29.845	0.344	rgb(221,151,152)	1.5814	None
SIX2	RUNDC3A	0.31158	29.845	0.344	rgb(221,151,152)	1.5814	None
GATA4	WNK3	-0.31138	30.695	-1.9E-01	rgb(175,192,224)	1.5983	None
PBX3	DGKB	0.31138	30.37	0.372	rgb(221,146,147)	1.5918	None
LHX1	NCAM1	0.31089	31	0	rgb(217,217,217)	1.6043	2,2
LHX1	RORC	-0.31089	30.65	-1.5E-01	rgb(184,197,223)	1.5974	None
PBX3	ACSS3	0.31089	31	0	rgb(217,217,217)	1.6043	None
RFX3	MCF2L	0.31089	31	0	rgb(217,217,217)	1.6043	None
ZBTB25	AK055017	0.31089	31	0	rgb(217,217,217)	1.6043	2,2
GATA4	ZBTB25	-0.31079	30.39	-3.9E-01	rgb(133,166,232)	1.5922	None
ETV1	PTHLH	0.31059	30.8	0.298	rgb(220,160,161)	1.6004	None
MAFF	KTN1-AS1	0.31059	30.8	0.302	rgb(220,159,160)	1.6004	None
AKNA	TAS2R20	0.31019	31	0	rgb(217,217,217)	1.6043	2,2
HSF2	NUP210	0.31019	31	0	rgb(217,217,217)	1.6043	None
SIX2	KCNMB2	0.31019	31	0	rgb(217,217,217)	1.6043	None
TET1	NFAT5	0.31019	31	0	rgb(217,217,217)	1.6043	None
ATF6	MYBPC2	0.30979	31	0	rgb(217,217,217)	1.6043	None
E2F7	LGI3	0.30979	31	0	rgb(217,217,217)	1.6043	None
FOXA1	SLC7A14	0.30979	31	0	rgb(217,217,217)	1.6043	None
FOXP2	DDN	0.30979	31	0	rgb(217,217,217)	1.6043	None
TSHZ1	PRKD1	-0.30969	30.69	-1.9E-01	rgb(176,192,224)	1.5982	2,2
PRDM16	TFPI2	-0.30959	30.405	-4.1E-01	rgb(129,163,232)	1.5925	None
LMX1B	EDAR	0.3094	31	0	rgb(217,217,217)	1.6043	None
MAFB	SLC25A27	0.3094	31	0	rgb(217,217,217)	1.6043	None
ELF4	G0S2	0.3091	31	0	rgb(217,217,217)	1.6043	None
LMX1A	MYO3A	0.3091	31	0	rgb(217,217,217)	1.6043	None
RORC	ZFP2	0.3091	31	0	rgb(217,217,217)	1.6043	None
NR4A2	ANXA6	0.3089	31	0	rgb(217,217,217)	1.6043	None
ZFHX2	SIX2	0.3089	31	0	rgb(217,217,217)	1.6043	None
EGR3	RPS3	0.30791	31	0	rgb(217,217,217)	1.6043	None
LHX1	FRMPD4	0.30791	31	0	rgb(217,217,217)	1.6043	None
MAFB	NRXN2	0.30791	31	0	rgb(217,217,217)	1.6043	None
NHLH1	DLL4	0.30791	31	0	rgb(217,217,217)	1.6043	None
POU5F1	TUBA1A	0.30791	31	0	rgb(217,217,217)	1.6043	None
SIX2	SMOC2	0.30791	31	0	rgb(217,217,217)	1.6043	None
SPIB	MAP1B	0.30791	31	0	rgb(217,217,217)	1.6043	None
TET1	G0S2	0.30791	31	0	rgb(217,217,217)	1.6043	None
TP73	ATP1A3	0.30791	31	0	rgb(217,217,217)	1.6043	None
ZNF846	SULT2A1	0.30791	31	0	rgb(217,217,217)	1.6043	None
ZFHX2	AIF1	-0.30781	30.32	-3.2E-01	rgb(148,175,229)	1.5908	None
NR4A2	MUC5B	0.30771	30.805	0.307	rgb(220,158,159)	1.6005	None
PBX3	HGFAC	0.30761	30.725	0.226	rgb(219,174,174)	1.5989	None
CCDC17	AK025664	0.30731	31	0	rgb(217,217,217)	1.6043	2,2
EGR3	HERC5	0.30731	31	0	rgb(217,217,217)	1.6043	None
ZNF846	TMEM190	0.30731	31	0	rgb(217,217,217)	1.6043	None
FEV	MANEAL	0.30721	29.905	0.404	rgb(221,140,141)	1.5826	None
HSF2	EML1	0.30711	31	0	rgb(217,217,217)	1.6043	None
MAFB	MBOAT4	-0.30681	30.8	-3.0E-01	rgb(152,177,228)	1.6004	None
NHLH1	NPTX1	0.30681	30.8	0.3	rgb(220,160,160)	1.6004	None
NR4A2	INSRR	-0.30681	30.8	-3.0E-01	rgb(152,177,228)	1.6004	None
ASCL2	BTBD17	0.30622	31	0	rgb(217,217,217)	1.6043	None
FOXJ1	RNF157	0.30622	31	0	rgb(217,217,217)	1.6043	None
GATA4	TSPAN11	0.30622	31	0	rgb(217,217,217)	1.6043	None
MAFA	FIGNL2	0.30622	31	0	rgb(217,217,217)	1.6043	None
ONECUT2	DST	0.30622	29.84	0.338	rgb(221,152,153)	1.5813	None
PRDM16	LIMS2	0.30622	31	0	rgb(217,217,217)	1.6043	None
ASCL2	PPP1R16B	0.30612	30.69	0.192	rgb(219,180,181)	1.5982	None
NPAS3	KIAA1456	0.30602	30.765	0.265	rgb(220,166,167)	1.5997	2,2
MAFA	UBE2S	0.30592	30.68	0.181	rgb(219,182,183)	1.598	None
ARNT2	FTCD	-0.30582	30.36	-3.6E-01	rgb(139,169,231)	1.5916	None
FOXP2	MYBPC2	-0.30572	30.715	-2.2E-01	rgb(170,188,225)	1.5987	None
PDX1	PPP1R3C	0.30562	30.595	0.096	rgb(218,199,199)	1.5963	None
SOX4	EVA1A	0.30552	30.305	0.307	rgb(220,158,159)	1.5905	None
MAFF	NFRKB	0.30542	29.47	0.468	rgb(222,128,129)	1.574	None
ELF4	CYMP	-0.30532	29.835	-3.3E-01	rgb(145,173,230)	1.5812	None
MAFB	SRRM4	0.30522	30.71	0.212	rgb(219,177,177)	1.5986	None
NEUROD2	CRISPLD2	0.30513	30.695	0.194	rgb(219,180,180)	1.5983	None
PAX6	GABRE	-0.30493	30.7	-2.0E-01	rgb(174,191,225)	1.5984	None
PDX1	HGFAC	0.30493	30.7	0.2	rgb(219,179,179)	1.5984	None
NKX6-1	RFTN2	0.30483	30.695	0.193	rgb(219,180,181)	1.5983	None
LMX1B	NACAD	0.30463	30.235	0.234	rgb(220,172,173)	1.5892	None
MAFA	HOPX	0.30463	30.235	0.236	rgb(220,172,172)	1.5892	None
PDX1	NEGR1	0.30453	30.33	0.329	rgb(221,154,155)	1.591	None
NEUROG3	CCR6	-0.30443	30.555	-5.4E-02	rgb(205,210,219)	1.5955	None
LMX1B	HEY1	0.30433	30.66	0.161	rgb(219,186,187)	1.5976	None
ETS1	IFIT1	0.30423	30.545	0.047	rgb(218,208,208)	1.5953	None
ZNF846	MYSM1	0.30413	30.295	0.294	rgb(220,161,161)	1.5904	None
NFAT5	ONECUT2	0.30403	29.46	0.462	rgb(222,129,130)	1.5738	None
PRDM16	CEND1	-0.30393	30.3	-3.0E-01	rgb(152,177,228)	1.5904	None
MYSM1	AK311113	0.30373	30.31	0.308	rgb(220,158,159)	1.5906	2,2
SOX4	ANGPT2	0.30373	30.695	0.196	rgb(219,180,180)	1.5983	None
PDX1	RPS6KL1	0.30364	29.895	0.393	rgb(221,142,143)	1.5824	None
MAFB	SCHIP1	-0.30354	29.83	-3.3E-01	rgb(145,173,230)	1.5811	None
FOXP2	FOXA1	0.30344	30.29	0.289	rgb(220,162,162)	1.5903	None
FOXD4L5	TSNAX-DISC1	0.30334	30.59	0.088	rgb(218,200,200)	1.5962	None
TEAD2	STMN3	-0.30324	30.7	-2.0E-01	rgb(174,191,225)	1.5984	None
MAFA	MAPK7	0.30314	30.68	0.178	rgb(219,183,183)	1.598	None
EGR3	AEBP1	0.30294	30.685	0.187	rgb(219,181,182)	1.5981	None
LMX1B	AKT3	0.30294	30.685	0.186	rgb(219,181,182)	1.5981	None
E2F7	ZFP2	-0.30284	30.66	-1.6E-01	rgb(182,196,223)	1.5976	None
MAFB	RFX6	-0.30274	30.67	-1.7E-01	rgb(180,194,224)	1.5978	None
POU2F2	RD3	0.30264	30.675	0.177	rgb(219,183,184)	1.5979	None
ATF5	BC150585	0.30244	30.305	0.307	rgb(220,158,159)	1.5905	2,2
MYSM1	MGC4836	0.30244	30.305	0.307	rgb(220,158,159)	1.5905	2,2
SOX4	TCTEX1D4	0.30234	30.27	0.269	rgb(220,166,166)	1.5899	None
DPF3	AK091593	0.30224	30.685	0.184	rgb(219,182,182)	1.5981	2,2
CCDC17	AK128559	0.30215	30.745	0.245	rgb(220,170,171)	1.5993	2,2
ARNT2	SCUBE1	-0.30205	30.66	-1.6E-01	rgb(183,196,223)	1.5976	None
HSF2	FAM155B	-0.30195	30.555	-5.7E-02	rgb(205,210,219)	1.5955	None
SIX2	GOLGA7B	-0.30185	30.665	-1.7E-01	rgb(181,195,223)	1.5977	None
ETV1	EPHA8	0.30175	30.22	0.221	rgb(219,175,175)	1.5889	None
ETV1	FFAR2	0.30165	30.265	0.265	rgb(220,166,167)	1.5898	None
EGR3	MUC17	-0.30155	29.825	-3.3E-01	rgb(146,174,229)	1.581	None
GATA4	KCNN3	-0.30135	30.61	-1.1E-01	rgb(193,202,221)	1.5966	None
LMX1A	CLCA1	0.30135	30.6	0.099	rgb(218,198,198)	1.5964	None
PROX1	RSPH10B2	-0.30125	30.645	-1.5E-01	rgb(185,198,223)	1.5973	2,2
FEV	LSP1	-0.30115	30.345	-3.4E-01	rgb(142,172,230)	1.5913	None
GATA4	LMX1B	0.30095	30.66	0.158	rgb(219,187,187)	1.5976	None
TFCP2L1	CLPS	-0.30095	30.62	-1.2E-01	rgb(191,201,222)	1.5968	None
NPAS3	AK056486	0.30085	30.3	0.298	rgb(220,160,161)	1.5904	2,2
EGR3	JPH4	-0.30075	30.7	-2.0E-01	rgb(173,191,225)	1.5984	None
ZFP82	NTRK2	0.30066	30.31	0.312	rgb(220,157,158)	1.5906	None
ARX	LMX1A	0.30046	29.44	0.439	rgb(222,133,134)	1.5734	None
SOX4	IGSF21	0.30046	30.595	0.097	rgb(218,199,199)	1.5963	None
EGR3	OSBPL6	0.30036	30.63	0.13	rgb(218,192,192)	1.597	None
ISL1	ST6GALNAC5	0.30026	30.305	0.306	rgb(220,159,159)	1.5905	None
ONECUT1	SMAD9	-0.30016	30.575	-7.5E-02	rgb(201,207,220)	1.5959	None
HHEX	BC107568	0.30006	30.655	0.155	rgb(219,187,188)	1.5975	2,2
RORC	APBB2	0.29996	30.5	1.1E-04	rgb(217,217,217)	1.5944	None
FOXD4L5	NFAT5	0.29986	30.265	0.263	rgb(220,167,167)	1.5898	None
PBX3	GRHL3	0.29976	30.62	0.119	rgb(218,194,195)	1.5968	None
PBX3	ILDR2	-0.29966	30.54	-4.0E-02	rgb(208,212,219)	1.5952	None
FEV	BRS3	0.29946	29.82	0.318	rgb(221,156,157)	1.5809	None
LHX1	KCNK3	0.29946	30.26	0.258	rgb(220,168,168)	1.5897	None
MAFB	SLC38A5	0.29936	30.6	0.101	rgb(218,198,198)	1.5964	None
SIX2	HSPA12A	0.29926	30.575	0.075	rgb(218,203,203)	1.5959	None
ELF4	PDGFD	0.29907	30.735	0.237	rgb(220,172,172)	1.5991	None
PBX3	PPP1R16B	0.29907	30.735	0.235	rgb(220,172,172)	1.5991	None
ZFHX2	NEGR1	0.29897	30.62	0.118	rgb(218,194,195)	1.5968	None
FOXD4L5	RAB3C	-0.29887	30.255	-2.5E-01	rgb(162,184,227)	1.5896	None
TFCP2L1	SIDT1	0.29877	30.28	0.279	rgb(220,164,164)	1.5901	None
MAFB	VGF	0.29867	30.235	0.233	rgb(220,172,173)	1.5892	None
ONECUT3	DENND2A	-0.29857	30.255	-2.5E-01	rgb(162,183,227)	1.5896	None
FOXA1	CLIP3	0.29847	30.6	0.102	rgb(218,197,198)	1.5964	None
LMX1B	SMAD9	0.29827	30.665	0.165	rgb(219,186,186)	1.5977	None
PBX3	SIRPA	-0.29827	30.605	-1.1E-01	rgb(194,203,221)	1.5965	None
FOXA1	PKHD1L1	-0.29817	30.525	-2.4E-02	rgb(212,214,218)	1.5949	None
ZNF519	GAL	-0.29807	30.225	-2.2E-01	rgb(169,188,225)	1.589	None
PDX1	CHRM4	0.29797	30.605	0.103	rgb(218,197,197)	1.5965	None
EGR3	JAM3	-0.29787	30.29	-2.9E-01	rgb(154,179,228)	1.5903	None
GATA2	ZNF883	-0.29778	30.585	-8.7E-02	rgb(198,206,220)	1.5961	None
SMAD9	FIGNL2	0.29768	30.4	0.402	rgb(221,140,141)	1.5924	None
LMX1A	COLQ	0.29758	29.875	0.377	rgb(221,145,146)	1.582	None
SIX2	ETV1	0.29748	30.63	0.128	rgb(218,193,193)	1.597	None
FOXD4L5	PBOV1	0.29728	29.81	0.311	rgb(220,158,158)	1.5807	None
ZFP82	CENPE	0.29728	30.525	0.025	rgb(217,212,212)	1.5949	None
GATA4	CCDC28B	-0.29708	30.7	-2.0E-01	rgb(174,191,225)	1.5984	None
MAFB	FUT7	-0.29708	30.25	-2.5E-01	rgb(163,184,226)	1.5895	None
ELF4	GPR137C	-0.29688	30.35	-3.5E-01	rgb(142,171,230)	1.5914	None
SIX2	YPEL1	-0.29688	30.575	-7.6E-02	rgb(201,207,220)	1.5959	None
FOXD4L5	FRMPD4	0.29658	30.66	0.161	rgb(219,186,187)	1.5976	None
NKX6-1	PCSK1	0.29658	30.51	0.009	rgb(217,215,215)	1.5946	None
PBX3	LOC100288332	0.29658	30.21	0.212	rgb(219,176,177)	1.5887	2,2
SIX2	SLC14A1	0.29648	30.51	0.009	rgb(217,215,215)	1.5946	None
GATA6	PLTP	-0.29638	30.655	-1.5E-01	rgb(183,197,223)	1.5975	None
AEBP1	NOV	0.29559	30.5	0	rgb(217,217,217)	1.5944	2,2
GATA2	EIF4EBP1	0.29559	30.5	0	rgb(217,217,217)	1.5944	None
NKX2-2	MBOAT4	0.29559	30.5	0	rgb(217,217,217)	1.5944	None
RFX6	LINGO1	0.29559	30.5	0	rgb(217,217,217)	1.5944	None
SMAD9	IFIT1	0.29559	30.5	0	rgb(217,217,217)	1.5944	None
TFCP2L1	UNC80	0.29559	30.5	0	rgb(217,217,217)	1.5944	None
ZNF514	BC005905	0.29559	30.5	0	rgb(217,217,217)	1.5944	2,2
ZNF846	MAP6	-0.29559	30.315	-3.2E-01	rgb(148,175,229)	1.5907	None
NFAT5	THBS4	0.29539	30.5	0	rgb(217,217,217)	1.5944	None
TEAD1	PCBP4	0.29539	30.5	0	rgb(217,217,217)	1.5944	None
FOXD4L5	RGS16	-0.29519	29.415	-4.1E-01	rgb(127,162,233)	1.5729	None
MYT1	SCN3A	0.29519	30.28	0.281	rgb(220,163,164)	1.5901	2,2
EGR3	SPON2	0.2947	30.5	0	rgb(217,217,217)	1.5944	None
FOXD4L5	RPS15AP10	0.2947	30.5	0	rgb(217,217,217)	1.5944	None
MAFA	EPM2A	0.2947	30.5	0	rgb(217,217,217)	1.5944	None
MAFB	RGS17	0.2947	30.5	0	rgb(217,217,217)	1.5944	None
ZFHX2	GLIS2	0.2947	30.25	0.249	rgb(220,169,170)	1.5895	None
ONECUT1	RFTN2	0.2945	30.305	0.303	rgb(220,159,160)	1.5905	None
TEAD1	KIF5A	-0.2945	30.345	-3.5E-01	rgb(142,171,230)	1.5913	None
AKNA	JA760600	-0.2944	30.595	-9.7E-02	rgb(196,204,221)	1.5963	2,2
MAFA	TRPM3	0.2943	30.43	0.43	rgb(222,135,136)	1.593	None
NFAT5	CYP27C1	0.294	29.87	0.369	rgb(221,147,147)	1.5819	None
ONECUT3	DPYSL3	-0.294	29.87	-3.7E-01	rgb(137,168,231)	1.5819	None
SMAD9	ZFHX2	0.294	29.87	0.37	rgb(221,146,147)	1.5819	None
NKX2-2	CAMK2B	0.2939	30.185	0.187	rgb(219,181,182)	1.5882	None
PROX1	BAI2	0.2938	30.225	0.227	rgb(219,174,174)	1.589	2,2
EGR3	SRM	0.2935	30.5	0	rgb(217,217,217)	1.5944	None
ETV1	RCOR2	0.2935	30.5	0	rgb(217,217,217)	1.5944	None
NPAS3	BC033961	0.2935	30.58	0.08	rgb(218,202,202)	1.596	2,2
PBX3	C7	0.2934	30.17	0.17	rgb(219,185,185)	1.5879	None
FOXD4L5	KCNC1	0.29331	30.505	0.007	rgb(217,216,216)	1.5945	None
EGR3	RPL36A-HNRNPH2	0.29311	30.5	0	rgb(217,217,217)	1.5944	None
POU5F1	MAFA	0.29311	30.5	0	rgb(217,217,217)	1.5944	None
ETS1	NAALADL1	0.29301	30.19	0.192	rgb(219,180,181)	1.5883	None
ELF4	ITGBL1	0.29291	30.5	0	rgb(217,217,217)	1.5944	None
TFCP2L1	CBX4	-0.29271	30.225	-2.3E-01	rgb(168,187,226)	1.589	None
TFCP2L1	GDF10	-0.29271	30.225	-2.2E-01	rgb(168,187,225)	1.589	None
POU5F1	STK33	0.29261	30.215	0.216	rgb(219,176,176)	1.5888	None
HSF2	GLUD1P3	-0.29251	30.295	-2.9E-01	rgb(153,178,228)	1.5904	None
EGR3	IFI6	0.29211	30.5	0	rgb(217,217,217)	1.5944	None
NHLH1	OGFRL1	0.29211	30.5	0	rgb(217,217,217)	1.5944	None
SIX2	ANKRD13B	0.29211	30.5	0	rgb(217,217,217)	1.5944	None
ZFP82	SPIB	0.29211	30.5	0	rgb(217,217,217)	1.5944	None
ZFP2	NPPB	0.29201	30.36	0.361	rgb(221,148,149)	1.5916	2,2
ETS1	TCEAL1	0.29191	30.5	0	rgb(217,217,217)	1.5944	None
TP73	RCOR2	0.29172	30.5	0	rgb(217,217,217)	1.5944	None
ZNF382	MPP1	0.29172	30.5	0	rgb(217,217,217)	1.5944	None
SOX4	RPRML	-0.29162	30.4	-4.0E-01	rgb(131,164,232)	1.5924	None
FOXA1	ADCY1	0.29142	30.355	0.355	rgb(221,149,150)	1.5915	None
LHX1	PAK6	-0.29142	30.355	-3.5E-01	rgb(140,170,230)	1.5915	None
NKX2-2	VWA5B2	0.29132	30.16	0.161	rgb(219,186,187)	1.5877	None
SIM1	CYSLTR2	0.29102	30.5	0	rgb(217,217,217)	1.5944	2,2
SIX2	LRAT	0.29102	30.5	0	rgb(217,217,217)	1.5944	None
TGIF2	XKR7	0.29102	30.5	0	rgb(217,217,217)	1.5944	None
NEUROD1	ATOH8	0.29082	29.405	0.404	rgb(221,140,141)	1.5727	None
RORC	SLC6A17	0.29082	29.8	0.302	rgb(220,159,160)	1.5805	None
NEUROD2	KCNJ11	0.29072	29.865	0.364	rgb(221,147,148)	1.5818	None
GATA2	BAI2	0.29062	30.205	0.207	rgb(219,178,178)	1.5886	2,2
ELF4	BEND5	-0.29052	30.195	-1.9E-01	rgb(175,192,224)	1.5884	None
RFX2	FAM92B	0.29043	30.3	0.299	rgb(220,160,160)	1.5904	None
HSF2	FUT1	0.29013	30.5	0	rgb(217,217,217)	1.5944	None
LMX1A	RPL36A-HNRNPH2	0.29013	30.5	0	rgb(217,217,217)	1.5944	None
NHLH1	LINGO1	0.29013	30.5	0	rgb(217,217,217)	1.5944	None
ETV1	HCP5	0.28993	30.58	0.08	rgb(218,202,202)	1.596	None
TFCP2L1	CHGB	-0.28993	30.155	-1.5E-01	rgb(183,197,223)	1.5876	None
ZNF846	PPP1R14A	0.28983	30.33	0.329	rgb(221,154,155)	1.591	None
EGR3	LTF	-0.28973	30.235	-2.4E-01	rgb(166,186,226)	1.5892	None
NEUROD1	NPTX1	0.28913	30.5	0	rgb(217,217,217)	1.5944	None
NKX6-1	PLCG2	0.28913	30.5	0	rgb(217,217,217)	1.5944	None
PDX1	TRIM24	0.28913	30.5	0	rgb(217,217,217)	1.5944	None
SMAD9	LGR6	0.28913	30.5	0	rgb(217,217,217)	1.5944	None
ZNF514	LOC100272216	0.28913	30.5	0	rgb(217,217,217)	1.5944	2,2
ZNF846	CHRNA5	0.28913	30.5	0	rgb(217,217,217)	1.5944	None
ELF4	FAM110B	0.28844	30.5	0	rgb(217,217,217)	1.5944	None
FOXA1	PDGFD	0.28844	30.5	0	rgb(217,217,217)	1.5944	None
HLF	BC040894	-0.28844	30.325	-3.2E-01	rgb(147,174,229)	1.5909	2,2
LHX1	SORCS2	0.28844	30.5	0	rgb(217,217,217)	1.5944	None
PDX1	ARL4D	0.28844	30.5	0	rgb(217,217,217)	1.5944	None
ZFP62	AX747648	0.28844	30.5	0	rgb(217,217,217)	1.5944	2,2
ZNF519	EXOSC4	0.28844	30.5	0	rgb(217,217,217)	1.5944	None
EGR3	NINJ1	0.28774	30.5	0	rgb(217,217,217)	1.5944	None
GATA4	EIF4EBP1	0.28774	30.5	0	rgb(217,217,217)	1.5944	None
HLF	TFPI2	0.28774	30.5	0	rgb(217,217,217)	1.5944	None
MAFA	KCNMB3	0.28774	30.5	0	rgb(217,217,217)	1.5944	None
MAFF	FCGBP	0.28774	30.5	0	rgb(217,217,217)	1.5944	None
TP73	LCP1	0.28774	30.5	0	rgb(217,217,217)	1.5944	None
ZNF846	SOCS1	0.28774	30.5	0	rgb(217,217,217)	1.5944	None
HSF2	HSPA2	0.28764	30.5	0	rgb(217,217,217)	1.5944	None
ASCL1	KCNN3	-0.28754	30.57	-7.1E-02	rgb(202,208,220)	1.5958	None
HMBOX1	LRFN2	0.28745	30.275	0.274	rgb(220,165,165)	1.59	None
ETV1	TMEFF1	0.28725	30.555	0.057	rgb(218,206,206)	1.5955	None
PBX3	ASRGL1	-0.28725	30.555	-5.5E-02	rgb(205,210,219)	1.5955	None
ZFP2	BEND5	0.28715	30.28	0.278	rgb(220,164,164)	1.5901	2,2
NR4A3	TNFRSF6B	-0.28705	30.37	-3.7E-01	rgb(136,168,231)	1.5918	None
EGR3	REM2	0.28695	30.365	0.364	rgb(221,147,148)	1.5917	None
GATA4	UNC80	-0.28685	30.175	-1.8E-01	rgb(179,194,224)	1.588	None
PDX1	SPINK4	-0.28675	30.15	-1.5E-01	rgb(184,197,223)	1.5875	None
NPAS3	AX746617	0.28665	30.285	0.284	rgb(220,163,163)	1.5902	2,2
FOXD4L5	TMPRSS11E	-0.28655	30.16	-1.6E-01	rgb(182,196,223)	1.5877	None
NKX2-2	FOXA2	0.28645	30.19	0.189	rgb(219,181,181)	1.5883	None
FOXD4L5	SLC35F3	0.28635	30.225	0.227	rgb(219,174,174)	1.589	None
TFCP2L1	VAV3	-0.28625	30.265	-2.7E-01	rgb(159,182,227)	1.5898	None
FOXD4L5	PYY	0.28615	30.25	0.25	rgb(220,169,170)	1.5895	None
LHX1	ZFP62	0.28596	29.86	0.362	rgb(221,148,149)	1.5817	None
MYT1	BC033961	0.28596	29.86	0.362	rgb(221,148,149)	1.5817	2,2
ASCL2	OLFML3	0.28586	30.14	0.142	rgb(219,190,190)	1.5873	None
GATA4	CCDC162P	0.28576	30.185	0.185	rgb(219,182,182)	1.5882	None
HSF2	LMX1A	-0.28566	30.17	-1.7E-01	rgb(180,195,223)	1.5879	None
ZNF519	ELL2	0.28556	30.125	0.126	rgb(218,193,193)	1.587	None
FOXA1	CCDC40	0.28526	29.48	0.478	rgb(222,126,127)	1.5742	None
NEUROG3	SPARC	0.28526	29.48	0.482	rgb(222,125,126)	1.5742	None
ZFHX2	CD37	0.28526	30.14	0.142	rgb(219,190,190)	1.5873	None
ELF4	FAIM2	-0.28506	29.395	-4.0E-01	rgb(131,165,232)	1.5725	None
ZFP82	HLF	0.28506	29.395	0.393	rgb(221,142,143)	1.5725	None
SPIB	ITGBL1	0.28496	30.285	0.283	rgb(220,163,163)	1.5902	None
HSF2	SIDT1	0.28486	30.18	0.178	rgb(219,183,183)	1.5881	None
POU5F1	ACTL6B	0.28456	29.79	0.289	rgb(220,162,162)	1.5803	None
TFCP2L1	RPL36A-HNRNPH2	-0.28456	30.1	-1.0E-01	rgb(195,204,221)	1.5865	None
ZBTB25	AX748336	0.28456	30.24	0.242	rgb(220,171,171)	1.5893	2,2
FOXA1	SNED1	-0.28447	30.15	-1.5E-01	rgb(184,197,223)	1.5875	None
PBX3	CD99L2	0.28437	29.855	0.354	rgb(221,149,150)	1.5816	None
HSF2	CD37	0.28427	30.12	0.12	rgb(218,194,194)	1.5869	None
POU5F1	NTRK2	-0.28417	30.185	-1.8E-01	rgb(177,193,224)	1.5882	None
ETS1	NINJ1	0.28407	30.455	0.453	rgb(222,130,131)	1.5935	None
ETV1	KCNH8	0.28397	29.39	0.389	rgb(221,143,144)	1.5724	None
HIC1	SAMD5	-0.28387	30.35	-3.5E-01	rgb(141,171,230)	1.5914	None
GATA2	ARL9	-0.28377	30.165	-1.6E-01	rgb(182,195,223)	1.5878	None
FOXD4L5	KCTD16	0.28367	30.23	0.23	rgb(220,173,173)	1.5891	None
ZFHX2	ONECUT2	0.28357	30.04	0.042	rgb(217,209,209)	1.5853	None
PBX3	ATOH8	0.28337	30.255	0.256	rgb(220,168,169)	1.5896	None
PDX1	MAP9	0.28337	30.255	0.253	rgb(220,169,169)	1.5896	None
MYSM1	WDR52	0.28327	30.215	0.214	rgb(219,176,177)	1.5888	2,2
ARX	ISL1	0.28317	29.785	0.285	rgb(220,163,163)	1.5802	None
ZFHX2	TMPRSS11E	0.28308	30.295	0.296	rgb(220,160,161)	1.5904	None
NR4A3	WNK3	-0.28298	30.405	-4.0E-01	rgb(129,164,232)	1.5925	None
NFAT5	SERPINI1	-0.28288	30.06	-6.2E-02	rgb(203,209,219)	1.5857	None
CCDC17	AX746617	0.28278	30.2	0.202	rgb(219,178,179)	1.5885	2,2
NEUROG3	POM121L10P	0.28268	30.25	0.252	rgb(220,169,169)	1.5895	None
LMX1B	KHK	-0.28258	30.335	-3.4E-01	rgb(144,173,230)	1.5911	None
RFX6	HSPB7	-0.28248	30.14	-1.4E-01	rgb(187,199,222)	1.5873	None
NKX6-1	GFRA3	0.28238	30.315	0.317	rgb(220,156,157)	1.5907	None
LHX1	DNLZ	-0.28228	30.185	-1.8E-01	rgb(177,193,224)	1.5882	None
ELF4	CTPS1	-0.28218	30.37	-3.7E-01	rgb(137,168,231)	1.5918	None
PAX6	STXBP1	-0.28208	29.845	-3.4E-01	rgb(143,172,230)	1.5814	None
FOXD4L5	CCDC146	0.28178	29.38	0.378	rgb(221,145,146)	1.5722	None
NEUROD1	KIF19	0.28178	29.38	0.378	rgb(221,145,146)	1.5722	None
ONECUT1	CELSR2	0.28178	29.38	0.38	rgb(221,144,145)	1.5722	None
PBX3	HEYL	0.28168	30.245	0.247	rgb(220,170,170)	1.5894	None
TEAD2	MMP2	0.28159	29.775	0.274	rgb(220,165,165)	1.58	None
ASCL2	GPR142	0.28149	30.115	0.116	rgb(218,195,195)	1.5868	None
POU5F1	FAM227A	0.28139	30.32	0.321	rgb(221,156,156)	1.5908	None
HSF2	ZFHX2	0.28129	30.125	0.124	rgb(218,193,194)	1.587	None
ONECUT3	PTPRN2	0.28119	30.08	0.081	rgb(218,202,202)	1.5861	None
FEV	MAP1A	0.28109	30.105	0.104	rgb(218,197,197)	1.5866	None
NEUROG3	LINGO1	0.28099	29.89	0.391	rgb(221,142,143)	1.5823	None
GATA2	EBF3	0.28089	30.16	0.16	rgb(219,186,187)	1.5877	None
ZNF788	AK096291	0.28079	30.16	0.161	rgb(219,186,187)	1.5877	2,2
ZFHX2	LRRC37A	0.28069	30.095	0.095	rgb(218,199,199)	1.5864	None
HHEX	KIAA1549	0.28059	29.885	0.383	rgb(221,144,145)	1.5822	None
ZFHX2	GADD45G	-0.28049	29.375	-3.7E-01	rgb(136,168,231)	1.5721	None
ETV1	CLIP3	0.2801	29.84	0.34	rgb(221,152,153)	1.5813	None
GATA2	SH2D3C	0.2801	30.155	0.156	rgb(219,187,188)	1.5876	None
PDX1	SCUBE3	0.2801	29.84	0.342	rgb(221,152,152)	1.5813	None
SIX2	DTX1	0.2801	30.085	0.083	rgb(218,201,201)	1.5862	None
E2F7	LINC00939	0.28	29.85	0.352	rgb(221,150,150)	1.5815	None
GATA4	PCDHA2	0.2799	30.15	0.149	rgb(219,189,189)	1.5875	None
MAFA	SH3BP5-AS1	-0.2798	30.15	-1.5E-01	rgb(184,197,223)	1.5875	None
ELF4	GDAP1	-0.2797	30.245	-2.4E-01	rgb(164,185,226)	1.5894	None
PBX3	SPDYA	0.2796	30.34	0.342	rgb(221,152,152)	1.5912	None
MYSM1	AK125301	0.2795	30.235	0.233	rgb(220,172,173)	1.5892	2,2
HLF	ONECUT1	-0.2794	30.14	-1.4E-01	rgb(187,199,222)	1.5873	2,2
HSF2	TPPP3	-0.2793	30.305	-3.0E-01	rgb(151,177,228)	1.5905	None
POU2F2	PBX3	-0.2792	29.825	-3.2E-01	rgb(147,174,229)	1.581	None
NR4A2	MYSM1	0.2791	29.81	0.309	rgb(220,158,159)	1.5807	None
E2F7	FSD1	-0.279	29.445	-4.5E-01	rgb(120,158,234)	1.5735	None
ONECUT2	BMS1P6	0.2788	29.765	0.266	rgb(220,166,167)	1.5798	2,2
ONECUT2	QDPR	-0.2788	29.765	-2.6E-01	rgb(160,182,227)	1.5798	None
FEV	SMTNL2	0.2787	29.835	0.334	rgb(221,153,154)	1.5812	None
GATA6	BAMBI	0.27861	30.32	0.322	rgb(221,156,156)	1.5908	None
ETV1	HGFAC	0.27851	30.23	0.231	rgb(220,173,173)	1.5891	None
ETV1	ZNF883	0.27841	29.795	0.295	rgb(220,161,161)	1.5804	None
TEAD1	ONECUT3	0.27831	29.85	0.35	rgb(221,150,151)	1.5815	None
HSF2	CIB4	0.27821	30.255	0.257	rgb(220,168,168)	1.5896	None
NR4A2	PHGR1	0.27811	29.44	0.439	rgb(222,133,134)	1.5734	None
FEV	LIMS2	0.27801	29.79	0.288	rgb(220,162,163)	1.5803	None
NEUROG3	TTLL7	0.27791	30.225	0.226	rgb(219,174,174)	1.589	None
INSM1	SLC25A34	-0.27781	30.085	-8.7E-02	rgb(198,206,220)	1.5862	None
NKX2-2	HECW2	0.27761	29.76	0.261	rgb(220,167,168)	1.5798	None
SIX2	BASP1	0.27761	29.365	0.367	rgb(221,147,148)	1.5719	None
HIF1A	TMEM212	0.27712	30	0	rgb(217,217,217)	1.5845	None
HSF2	NKD1	0.27712	30	0	rgb(217,217,217)	1.5845	None
LHX1	PLEKHH2	0.27712	30	0	rgb(217,217,217)	1.5845	None
ZFP69B	PDGFD	0.27712	30	0	rgb(217,217,217)	1.5845	None
ZNF846	CNTD2	0.27712	30	0	rgb(217,217,217)	1.5845	None
TP73	CBFA2T3	0.27702	29.87	0.369	rgb(221,147,147)	1.5819	None
PBX1	PRELP	-0.27692	29.785	-2.8E-01	rgb(155,180,228)	1.5802	None
RORC	TMEM61	0.27682	29.77	0.269	rgb(220,166,166)	1.5799	None
GATA4	ASRGL1	-0.27672	30.075	-7.7E-02	rgb(200,207,220)	1.586	None
NEUROD2	ST18	0.27662	30.22	0.218	rgb(219,175,176)	1.5889	None
ELF4	KCNH3	0.27652	30.205	0.204	rgb(219,178,178)	1.5886	None
ASCL2	TMEM151A	0.27642	29.86	0.358	rgb(221,149,149)	1.5817	None
HOXB9	POU5F1	0.27612	30	0	rgb(217,217,217)	1.5845	None
SMAD9	MAFF	0.27612	30	0	rgb(217,217,217)	1.5845	None
ZNF518A	AK094156	0.27612	30	0	rgb(217,217,217)	1.5845	2,2
EGR3	CBX2	0.27602	29.765	0.265	rgb(220,166,167)	1.5798	None
HSF2	TMEM151B	-0.27592	30.3	-3.0E-01	rgb(152,177,228)	1.5904	None
NEUROD2	WIF1	0.27582	29.83	0.33	rgb(221,154,155)	1.5811	None
HSF2	CDH5	-0.27563	29.835	-3.4E-01	rgb(144,173,230)	1.5812	None
HSF2	TMEM169	0.27563	29.805	0.303	rgb(220,159,160)	1.5806	None
HIC1	TMEM145	0.27543	30	0	rgb(217,217,217)	1.5845	None
ZNF846	TCL6	0.27543	30	0	rgb(217,217,217)	1.5845	2,2
LHX1	SRCIN1	0.27533	30.05	0.05	rgb(218,208,208)	1.5855	None
MXI1	CABP4	0.27493	30	0	rgb(217,217,217)	1.5845	None
SMAD9	DGKB	0.27493	30	0	rgb(217,217,217)	1.5845	None
TGIF2	DKK3	0.27493	30	0	rgb(217,217,217)	1.5845	None
ZNF382	CSRNP3	0.27493	30	0	rgb(217,217,217)	1.5845	None
TGIF2	ILDR2	-0.27483	29.755	-2.6E-01	rgb(161,183,227)	1.5797	None
ETV1	HOMEZ	-0.27463	30.07	-7.0E-02	rgb(202,208,220)	1.5859	None
GATA4	CTXN1	-0.27463	30.07	-7.2E-02	rgb(201,207,220)	1.5859	None
PBX3	MCM3AP-AS1	0.27453	30.12	0.118	rgb(218,195,195)	1.5869	None
ATF5	RPL36A-HNRNPH2	0.27433	30	0	rgb(217,217,217)	1.5845	None
MAFB	TRPC6	0.27433	30	0	rgb(217,217,217)	1.5845	None
ZFP82	ZNF519	-0.27424	30.045	-4.3E-02	rgb(208,211,219)	1.5854	None
GATA4	JAKMIP2	0.27414	30	0	rgb(217,217,217)	1.5845	None
EGR3	CD99L2	0.27404	29.75	0.25	rgb(220,169,170)	1.5796	None
NEUROD1	BCRP3	-0.27394	30.055	-5.4E-02	rgb(205,210,219)	1.5856	None
ZNF514	AK302511	0.27384	29.795	0.294	rgb(220,161,162)	1.5804	2,2
ETV1	OLFML3	0.27354	30	0	rgb(217,217,217)	1.5845	None
FOXA1	APLN	0.27354	30	0	rgb(217,217,217)	1.5845	None
TFCP2L1	GALNT16	0.27354	30	0	rgb(217,217,217)	1.5845	None
FEV	MUC16	0.27314	30	0	rgb(217,217,217)	1.5845	None
HSF2	MIR137HG	-0.27314	29.43	-4.3E-01	rgb(124,160,233)	1.5732	None
SIX2	RGS17	0.27314	30	0	rgb(217,217,217)	1.5845	None
SPIB	APOA1	0.27314	30	0	rgb(217,217,217)	1.5845	None
FOXD4L5	CCDC39	0.27265	30	0	rgb(217,217,217)	1.5845	None
MAFA	RRAGD	0.27265	30	0	rgb(217,217,217)	1.5845	None
SIX2	KRTAP5-2	0.27265	30	0	rgb(217,217,217)	1.5845	None
TGIF2	ELAVL3	0.27265	30	0	rgb(217,217,217)	1.5845	None
ZFHX2	CAMK1	0.27265	30	0	rgb(217,217,217)	1.5845	None
ZFHX2	TEAD2	0.27255	29.76	0.259	rgb(220,168,168)	1.5798	None
LMX1B	MCM3AP-AS1	0.27205	30	0	rgb(217,217,217)	1.5845	None
MAFB	ELAVL3	0.27205	30	0	rgb(217,217,217)	1.5845	None
RFX2	ASIC1	0.27205	30	0	rgb(217,217,217)	1.5845	None
RORC	NKD1	0.27205	30	0	rgb(217,217,217)	1.5845	None
ZNF846	FKBP7	0.27205	30	0	rgb(217,217,217)	1.5845	None
FOXP2	SLC25A34	0.27135	30	0	rgb(217,217,217)	1.5845	None
GATA4	AK025664	0.27135	30	0	rgb(217,217,217)	1.5845	2,2
MAFB	S100A1	0.27135	30	0	rgb(217,217,217)	1.5845	None
NKX2-2	KLK12	0.27135	30	0	rgb(217,217,217)	1.5845	None
ONECUT1	MMP13	0.27135	30	0	rgb(217,217,217)	1.5845	None
SPIB	MIR137HG	0.27135	30	0	rgb(217,217,217)	1.5845	None
ZNF382	AK125871	0.27135	30	0	rgb(217,217,217)	1.5845	2,2
ZNF492	SSBP2	-0.27126	29.825	-3.3E-01	rgb(146,174,229)	1.581	None
NEUROD2	RAB26	0.27116	30.09	0.091	rgb(218,200,200)	1.5863	None
E2F7	SRM	0.27106	29.74	0.239	rgb(220,171,172)	1.5794	None
EGR3	ZNF117	-0.27096	30.18	-1.8E-01	rgb(178,193,224)	1.5881	None
ATF5	FCGBP	-0.27066	29.83	-3.3E-01	rgb(146,174,230)	1.5811	None
NEUROG3	SMOC1	0.27066	30	0	rgb(217,217,217)	1.5845	None
SIX2	DGKB	0.27066	30	0	rgb(217,217,217)	1.5845	None
E2F7	AADAT	0.26977	30	0	rgb(217,217,217)	1.5845	None
EGR3	ZFP82	0.26977	30	0	rgb(217,217,217)	1.5845	None
LHX1	COLQ	0.26977	30	0	rgb(217,217,217)	1.5845	None
NKX6-1	PNPO	0.26977	30	0	rgb(217,217,217)	1.5845	None
PAX6	ATP6V1B1	0.26977	30	0	rgb(217,217,217)	1.5845	None
PBX3	FMN2	0.26977	30	0	rgb(217,217,217)	1.5845	None
PRDM16	MRPL34	0.26977	30	0	rgb(217,217,217)	1.5845	None
SMAD9	RCOR3	0.26977	30	0	rgb(217,217,217)	1.5845	None
ZNF846	FLJ31662	0.26977	30	0	rgb(217,217,217)	1.5845	2,2
MYSM1	UBE2Q2P2	0.26967	30.03	0.029	rgb(217,211,212)	1.5851	2,2
GATA4	PITRM1-AS1	0.26947	30	0	rgb(217,217,217)	1.5845	None
ONECUT1	KCNC1	0.26947	30	0	rgb(217,217,217)	1.5845	None
ZFHX2	RYBP	0.26937	29.885	0.384	rgb(221,144,144)	1.5822	None
E2F7	TMEM132B	-0.26917	30.27	-2.7E-01	rgb(158,181,227)	1.5899	None
RFX6	C2CD4A	0.26917	30.27	0.268	rgb(220,166,166)	1.5899	None
RORC	KIF19	0.26907	29.75	0.252	rgb(220,169,169)	1.5796	None
E2F7	INSRR	0.26867	30	0	rgb(217,217,217)	1.5845	None
HSF2	ARL4D	0.26867	30	0	rgb(217,217,217)	1.5845	None
NR4A2	SLC6A17	0.26867	30	0	rgb(217,217,217)	1.5845	None
ZBTB25	AK122764	0.26867	30	0	rgb(217,217,217)	1.5845	2,2
HSF2	SLC14A2	-0.26847	29.75	-2.5E-01	rgb(163,184,226)	1.5796	None
PBX1	SIX2	-0.26847	29.75	-2.5E-01	rgb(163,184,226)	1.5796	None
GATA4	MPPED1	0.26818	30	0	rgb(217,217,217)	1.5845	None
PBX3	AX747755	0.26818	30	0	rgb(217,217,217)	1.5845	2,2
TFCP2L1	ADD2	0.26818	30	0	rgb(217,217,217)	1.5845	None
ZNF382	USP41	-0.26808	29.425	-4.2E-01	rgb(125,161,233)	1.5731	None
NR4A3	TMEM151A	0.26798	29.8	0.301	rgb(220,159,160)	1.5805	None
TEAD1	SEC11C	-0.26788	29.355	-3.5E-01	rgb(140,170,230)	1.5717	None
NR4A3	MMP11	-0.26778	29.84	-3.4E-01	rgb(144,172,230)	1.5813	None
SPIB	MX2	0.26768	29.82	0.32	rgb(221,156,156)	1.5809	None
SOX4	POM121L9P	0.26758	29.865	0.363	rgb(221,148,148)	1.5818	None
ARX	RGS14	-0.26738	30.195	-2.0E-01	rgb(174,191,224)	1.5884	None
GATA2	GREB1	0.26738	30.255	0.254	rgb(220,168,169)	1.5896	None
HSF2	SULT1A4	0.26728	29.81	0.31	rgb(220,158,159)	1.5807	None
RFX6	WNK2	0.26718	29.42	0.42	rgb(222,137,138)	1.573	None
MAFA	TMEM189-UBE2V1	0.26708	29.725	0.227	rgb(220,174,174)	1.5791	None
EGR3	CCND2	0.26679	30.25	0.249	rgb(220,169,170)	1.5895	None
HOXB9	MYBPC2	-0.26679	29.35	-3.5E-01	rgb(141,171,230)	1.5716	None
ZNF846	PGA4	-0.26679	29.74	-2.4E-01	rgb(165,186,226)	1.5794	None
ZNF492	RNF150	0.26669	29.705	0.206	rgb(219,178,178)	1.5787	None
PDX1	KCNH3	0.26659	29.8	0.298	rgb(220,160,161)	1.5805	None
NKX6-1	SCG3	0.26649	29.72	0.221	rgb(219,175,175)	1.579	None
GATA4	LGI3	0.26639	29.795	0.293	rgb(220,161,162)	1.5804	None
LHX1	SLITRK6	-0.26629	29.71	-2.1E-01	rgb(171,189,225)	1.5788	None
MAFA	LRIG1	-0.26619	29.785	-2.9E-01	rgb(155,179,228)	1.5802	None
ATF6	CHGB	-0.26609	29.735	-2.3E-01	rgb(166,186,226)	1.5793	None
MAFF	ATP6V1G2	-0.26599	30.235	-2.4E-01	rgb(166,186,226)	1.5892	None
E2F7	SLC12A5	-0.26589	30.1	-9.8E-02	rgb(196,204,221)	1.5865	None
GATA4	RPL36A-HNRNPH2	-0.26579	29.705	-2.0E-01	rgb(173,190,225)	1.5787	None
MAFA	TUB	-0.26569	29.83	-3.3E-01	rgb(146,174,230)	1.5811	None
AKNA	E10222	-0.26559	29.76	-2.6E-01	rgb(160,183,227)	1.5798	2,2
RORC	CD52	0.26549	29.785	0.287	rgb(220,162,163)	1.5802	None
NHLH1	DYNC1I1	0.2654	29.7	0.201	rgb(219,179,179)	1.5786	None
ZFHX2	TRIM66	0.2653	29.73	0.232	rgb(220,173,173)	1.5792	None
FOXD4L5	NEGR1	0.2652	29.345	0.345	rgb(221,151,152)	1.5715	None
MAFA	GSTM2	0.265	29.41	0.409	rgb(221,139,140)	1.5728	None
SIM1	MURC	0.265	29.41	0.408	rgb(221,139,140)	1.5728	2,2
RFX6	KIAA1324	0.2649	29.81	0.312	rgb(220,157,158)	1.5807	None
SIX2	FUT7	-0.2648	30.225	-2.3E-01	rgb(168,187,226)	1.589	None
SIX2	JMJD7-PLA2G4B	0.2647	29.75	0.249	rgb(220,169,170)	1.5796	None
MAFA	RTN4RL1	-0.2646	29.78	-2.8E-01	rgb(156,180,228)	1.5801	None
EGR3	FIGNL2	-0.2645	29.745	-2.5E-01	rgb(164,184,226)	1.5795	None
NR4A3	CCND2	-0.2644	30.13	-1.3E-01	rgb(189,200,222)	1.5871	None
ETS1	ISLR2	-0.2643	30.165	-1.7E-01	rgb(181,195,223)	1.5878	None
ZFHX2	COLQ	0.2642	29.665	0.165	rgb(219,185,186)	1.5779	None
SOX4	SCHIP1	0.2641	29.68	0.182	rgb(219,182,183)	1.5782	None
SOX4	NPTX1	0.264	29.675	0.174	rgb(219,184,184)	1.5781	None
FEV	SRM	0.26391	30.155	0.156	rgb(219,187,187)	1.5876	None
PDX1	SYT2	-0.26381	29.675	-1.7E-01	rgb(179,194,224)	1.5781	None
LHX1	LGR6	-0.26371	29.675	-1.8E-01	rgb(179,194,224)	1.5781	None
LMX1B	ADCY5	0.26351	30.21	0.21	rgb(219,177,177)	1.5887	None
PBX3	FAM71E2	-0.26351	29.69	-1.9E-01	rgb(176,192,224)	1.5784	None
HIF1A	UBE2S	-0.26341	29.34	-3.4E-01	rgb(143,172,230)	1.5714	None
ZNF846	EPHA4	0.26331	29.74	0.238	rgb(220,172,172)	1.5794	None
HES4	C2CD4B	0.26281	29.72	0.219	rgb(219,175,176)	1.579	None
LHX1	TOX3	-0.26281	29.72	-2.2E-01	rgb(169,188,225)	1.579	None
MAFF	NXPE1	0.26281	29.72	0.219	rgb(219,175,176)	1.579	None
SETBP1	AK310876	0.26281	29.72	0.219	rgb(219,175,176)	1.579	2,2
SPIB	GPR155	0.26281	29.72	0.222	rgb(219,175,175)	1.579	None
GATA2	PLEKHH2	0.26271	29.725	0.223	rgb(219,174,175)	1.5791	None
LMX1A	PKIA	0.26251	29.67	0.168	rgb(219,185,185)	1.578	None
NHLH1	LINC00514	0.26251	29.725	0.223	rgb(219,174,175)	1.5791	None
ZNF846	AL832212	0.26242	29.675	0.173	rgb(219,184,184)	1.5781	2,2
PBX3	SLC38A3	0.26232	29.405	0.407	rgb(221,139,140)	1.5727	None
HIC1	MCOLN3	-0.26222	30.185	-1.9E-01	rgb(177,192,224)	1.5882	None
TFCP2L1	PCSK2	-0.26212	29.715	-2.2E-01	rgb(170,188,225)	1.5789	None
PDX1	CCND2	-0.26202	29.635	-1.3E-01	rgb(188,199,222)	1.5773	None
TGIF2	MMD2	-0.26192	29.65	-1.5E-01	rgb(184,197,223)	1.5776	None
MAFA	CDHR3	0.26182	29.87	0.368	rgb(221,147,147)	1.5819	None
HSF2	AGAP11	-0.26172	29.66	-1.6E-01	rgb(183,196,223)	1.5778	None
ETV1	RGS16	0.26162	29.8	0.298	rgb(220,160,161)	1.5805	None
TGIF2	CRISPLD2	0.26152	29.335	0.333	rgb(221,153,154)	1.5713	None
MAFA	NRXN2	0.26132	29.65	0.148	rgb(219,189,189)	1.5776	None
TFCP2L1	KCNF1	-0.26132	29.65	-1.5E-01	rgb(185,197,223)	1.5776	None
E2F7	VASH2	0.26122	29.71	0.212	rgb(219,177,177)	1.5788	None
RORC	CPLX2	0.26112	29.755	0.254	rgb(220,168,169)	1.5797	None
TFCP2L1	CAMK2N2	-0.26103	29.615	-1.2E-01	rgb(192,202,221)	1.5769	None
HIF1A	PRR7	0.26083	29.74	0.24	rgb(220,171,172)	1.5794	None
PRDM16	CHRNB4	0.26083	29.65	0.15	rgb(219,188,189)	1.5776	None
ETS1	SLC22A13	0.26073	29.7	0.198	rgb(219,179,180)	1.5786	None
ADNP	BC007880	-0.26063	29.695	-1.9E-01	rgb(175,191,224)	1.5785	2,2
GATA4	BASP1	0.26053	29.665	0.164	rgb(219,186,186)	1.5779	None
ZNF846	RRAGD	-0.26043	29.68	-1.8E-01	rgb(178,193,224)	1.5782	None
LHX1	KTN1-AS1	0.26033	29.625	0.127	rgb(218,193,193)	1.5771	None
ZNF518A	BC073807	0.26023	30.145	0.144	rgb(219,189,190)	1.5874	2,2
ZNF492	MIPOL1	0.26013	29.33	0.328	rgb(221,154,155)	1.5712	None
NKX6-1	SYT5	0.26003	29.62	0.121	rgb(218,194,194)	1.577	None
ATF5	AK095242	-0.25993	29.745	-2.4E-01	rgb(164,185,226)	1.5795	2,2
TP73	CPA1	0.25983	29.81	0.308	rgb(220,158,159)	1.5807	None
HIF1A	LEFTY1	-0.25973	29.695	-2.0E-01	rgb(174,191,224)	1.5785	None
ZNF846	N4BP2L2-IT2	0.25963	29.595	0.093	rgb(218,199,199)	1.5765	2,2
GATA2	BC040894	0.25954	29.665	0.165	rgb(219,185,186)	1.5779	2,2
MAFA	LRAT	-0.25944	29.595	-9.3E-02	rgb(197,205,221)	1.5765	None
LHX1	CDH5	0.25924	29.58	0.082	rgb(218,201,201)	1.5762	None
LHX1	PCED1B-AS1	-0.25924	29.62	-1.2E-01	rgb(191,201,222)	1.577	None
NR4A2	PRKXP1	0.25914	29.325	0.325	rgb(221,155,155)	1.5711	None
LHX1	PLAC4	-0.25904	29.715	-2.1E-01	rgb(170,189,225)	1.5789	None
FOXJ1	DRD2	-0.25894	29.785	-2.9E-01	rgb(155,179,228)	1.5802	None
MAFA	EPHB3	0.25884	29.575	0.074	rgb(218,203,203)	1.5761	None
HHEX	PTPRT	0.25864	29.695	0.193	rgb(219,180,180)	1.5785	None
HMBOX1	PNISR	0.25864	29.65	0.149	rgb(219,188,189)	1.5776	None
GATA4	MRPL34	-0.25854	29.64	-1.4E-01	rgb(187,199,222)	1.5774	None
SMAD9	KCNF1	0.25844	29.5	0	rgb(217,217,217)	1.5746	None
MAFA	TTLL10	-0.25834	29.53	-3.1E-02	rgb(210,213,218)	1.5752	None
HSF2	CCDC150	-0.25824	29.56	-6.1E-02	rgb(204,209,219)	1.5758	None
TEAD1	ATP8B2	0.25814	29.405	0.405	rgb(221,140,140)	1.5727	None
EGR3	CFC1B	-0.25805	29.425	-4.3E-01	rgb(125,161,233)	1.5731	None
HSF2	CCDC181	0.25745	29.5	0	rgb(217,217,217)	1.5746	None
MAFA	CITED4	0.25745	29.5	0	rgb(217,217,217)	1.5746	None
MAFB	KCNK17	0.25745	29.5	0	rgb(217,217,217)	1.5746	None
ONECUT2	SDCBP2-AS1	0.25745	29.5	0	rgb(217,217,217)	1.5746	None
PDX1	FTCD	0.25745	29.5	0	rgb(217,217,217)	1.5746	None
TFCP2L1	RCOR3	0.25745	29.5	0	rgb(217,217,217)	1.5746	None
ETS1	RD3	0.25735	29.505	0.004	rgb(217,216,216)	1.5747	None
LMX1A	UNC79	0.25715	29.575	0.076	rgb(218,202,203)	1.5761	None
ZNF519	SSPO	0.25715	29.555	0.057	rgb(218,206,206)	1.5757	None
MAFA	SH3RF3-AS1	0.25695	29.54	0.039	rgb(217,210,210)	1.5754	None
ZNF846	SYT14	0.25695	29.675	0.174	rgb(219,184,184)	1.5781	None
NPAS3	ITGA4	0.25685	29.615	0.113	rgb(218,196,196)	1.5769	2,2
HLF	DNAH11	0.25665	29.59	0.088	rgb(218,200,200)	1.5764	None
RFX2	FAM227A	0.25665	29.81	0.311	rgb(220,158,158)	1.5807	None
ZNF492	BC040563	0.25656	29.78	0.278	rgb(220,164,164)	1.5801	2,2
ARX	LIMCH1	0.25626	29.5	0	rgb(217,217,217)	1.5746	None
FOXD4L5	MTSS1	0.25626	29.5	0	rgb(217,217,217)	1.5746	None
NKX6-1	LOC728392	0.25626	29.38	0.378	rgb(221,145,146)	1.5722	2,2
PBX3	AIF1	0.25586	29.5	0	rgb(217,217,217)	1.5746	None
TEAD1	CDK5R2	0.25586	29.5	0	rgb(217,217,217)	1.5746	None
TP73	ARC	0.25586	29.5	0	rgb(217,217,217)	1.5746	None
ZBTB4	BC150585	0.25586	29.5	0	rgb(217,217,217)	1.5746	2,2
ATF6	PDZD4	-0.25576	29.52	-1.8E-02	rgb(213,215,218)	1.575	None
ADNP	AK129879	0.25536	29.5	0	rgb(217,217,217)	1.5746	2,2
ETS1	S100A1	0.25536	29.5	0	rgb(217,217,217)	1.5746	None
LHX1	POM121L9P	0.25536	29.5	0	rgb(217,217,217)	1.5746	None
MAFB	ROS1	0.25536	29.5	0	rgb(217,217,217)	1.5746	None
ETS1	MX1	0.25477	29.5	0	rgb(217,217,217)	1.5746	None
GATA2	LDHD	0.25477	29.5	0	rgb(217,217,217)	1.5746	None
NFAT5	SERPINA10	0.25477	29.5	0	rgb(217,217,217)	1.5746	None
NR4A3	DUSP2	0.25477	29.5	0	rgb(217,217,217)	1.5746	None
NR4A3	RORC	0.25477	29.5	0	rgb(217,217,217)	1.5746	None
TEAD1	SAMD14	0.25477	29.5	0	rgb(217,217,217)	1.5746	None
EGR3	PYY	0.25427	29.5	0	rgb(217,217,217)	1.5746	None
PBX3	PRKXP1	0.25427	29.5	0	rgb(217,217,217)	1.5746	None
PBX3	TSSK4	0.25427	29.5	0	rgb(217,217,217)	1.5746	None
TFCP2L1	INSRR	0.25427	29.5	0	rgb(217,217,217)	1.5746	None
ZFHX2	RFTN2	0.25427	29.5	0	rgb(217,217,217)	1.5746	None
FEV	NOTUM	0.25308	29.5	0	rgb(217,217,217)	1.5746	None
FOXD4L5	DPY19L2	0.25308	29.5	0	rgb(217,217,217)	1.5746	None
GATA6	TRPM2	0.25308	29.5	0	rgb(217,217,217)	1.5746	None
LMX1B	HCN4	0.25308	29.5	0	rgb(217,217,217)	1.5746	None
PBX3	STXBP5L	0.25308	29.5	0	rgb(217,217,217)	1.5746	None
PDX1	MMD2	0.25308	29.5	0	rgb(217,217,217)	1.5746	None
POU2F2	CHD5	0.25308	29.5	0	rgb(217,217,217)	1.5746	None
RFX2	RIMBP2	0.25308	29.5	0	rgb(217,217,217)	1.5746	None
TEAD1	KCNMB3	0.25308	29.5	0	rgb(217,217,217)	1.5746	None
TP73	KCNAB2	0.25308	29.5	0	rgb(217,217,217)	1.5746	None
ZNF846	NAALADL1	0.25308	29.5	0	rgb(217,217,217)	1.5746	None
ZNF846	RAPGEF4	0.25308	29.5	0	rgb(217,217,217)	1.5746	None
EGR3	CAMK1	-0.25248	29.51	-9.1E-03	rgb(215,216,217)	1.5748	None
EGR3	TMEM151B	0.25248	29.5	0	rgb(217,217,217)	1.5746	None
GATA4	ENPP7	0.25248	29.5	0	rgb(217,217,217)	1.5746	None
LHX1	MLN	0.25248	29.5	0	rgb(217,217,217)	1.5746	None
ONECUT3	REG4	0.25248	29.5	0	rgb(217,217,217)	1.5746	None
PBX3	CACNA1E	0.25248	29.5	0	rgb(217,217,217)	1.5746	None
EGR3	GDF10	0.25228	29.5	0	rgb(217,217,217)	1.5746	None
ZBTB25	LOC100131257	0.25228	29.5	0	rgb(217,217,217)	1.5746	2,2
LHX1	SLC22A13	-0.25219	29.55	-5.0E-02	rgb(206,210,219)	1.5756	None
HIC1	NAV3	0.25189	29.5	0	rgb(217,217,217)	1.5746	None
LMX1A	KIRREL3	0.25189	29.5	0	rgb(217,217,217)	1.5746	None
LMX1B	DNAJB13	0.25189	29.5	0	rgb(217,217,217)	1.5746	None
HIF1A	KIAA1328	0.25149	29.5	0	rgb(217,217,217)	1.5746	None
LHX1	PAPPA2	-0.25149	29.595	-9.7E-02	rgb(196,204,221)	1.5765	None
MAFB	ACTL6B	0.25149	29.5	0	rgb(217,217,217)	1.5746	None
PBX3	CCDC74B	0.25149	29.5	0	rgb(217,217,217)	1.5746	None
ETV1	RRAGD	-0.25139	29.31	-3.1E-01	rgb(150,176,229)	1.5708	None
LMX1A	CCR6	-0.25119	29.595	-9.6E-02	rgb(196,204,221)	1.5765	None
MAFF	RPL36A-HNRNPH2	-0.25119	29.565	-6.7E-02	rgb(203,208,220)	1.5759	None
ETV1	CNIH2	0.2506	29.5	0	rgb(217,217,217)	1.5746	None
ETV1	TRIM35	0.2506	29.5	0	rgb(217,217,217)	1.5746	None
FOXP2	PEX5L	0.2506	29.5	0	rgb(217,217,217)	1.5746	None
SOX4	LMX1A	0.2506	29.5	0	rgb(217,217,217)	1.5746	None
ZNF492	CBX7	0.2506	29.5	0	rgb(217,217,217)	1.5746	None
ZNF846	RFX2	0.2506	29.5	0	rgb(217,217,217)	1.5746	None
ZNF846	MUC5B	-0.2505	29.575	-7.3E-02	rgb(201,207,220)	1.5761	None
HMBOX1	TAC3	0.2503	29.585	0.086	rgb(218,201,201)	1.5763	None
MAFA	WSCD1	-0.2503	29.385	-3.9E-01	rgb(133,166,232)	1.5723	None
GATA4	AK055257	-0.2501	29.74	-2.4E-01	rgb(165,186,226)	1.5794	2,2
NKX6-1	SDK1	0.2501	29.64	0.138	rgb(219,191,191)	1.5774	None
POU2F2	MCOLN3	0.25	29.66	0.162	rgb(219,186,186)	1.5778	None
FOXP2	CRMP1	-0.2495	29.775	-2.8E-01	rgb(157,181,227)	1.58	None
HSF2	SLC6A16	0.2495	29.5	0	rgb(217,217,217)	1.5746	None
MAFA	NUTM1	0.2495	29.5	0	rgb(217,217,217)	1.5746	None
ONECUT3	USH1G	0.2495	29.5	0	rgb(217,217,217)	1.5746	None
ZFP28	CGREF1	0.2495	29.5	0	rgb(217,217,217)	1.5746	2,2
LMX1B	UPK2	0.2493	29.735	0.233	rgb(220,172,173)	1.5793	None
NR4A3	TLE3	0.2493	29.735	0.234	rgb(220,172,173)	1.5793	None
NHLH1	SH3RF3	0.24921	29.315	0.315	rgb(220,157,157)	1.5709	None
TGIF2	SYT14	0.24911	29.675	0.173	rgb(219,184,184)	1.5781	None
SIX2	SPAG8	0.24901	29.295	0.296	rgb(220,160,161)	1.5705	None
HLF	CCDC85B	0.24891	29.73	0.229	rgb(220,173,174)	1.5792	None
GATA4	BCAT1	0.24881	29.555	0.055	rgb(218,207,207)	1.5757	None
EGR3	FOXA2	0.24841	29.5	0	rgb(217,217,217)	1.5746	None
MYSM1	AK123654	0.24841	29.5	0	rgb(217,217,217)	1.5746	2,2
PBX1	TMOD1	0.24841	29.5	0	rgb(217,217,217)	1.5746	None
ZNF117	AK128400	0.24841	29.5	0	rgb(217,217,217)	1.5746	2,2
GATA4	MMRN1	0.24821	29.575	0.076	rgb(218,203,203)	1.5761	None
PAX6	RGS4	-0.24821	29.91	-4.1E-01	rgb(128,163,233)	1.5827	None
LHX1	HOPX	-0.24811	29.565	-6.6E-02	rgb(203,208,220)	1.5759	None
CCDC17	CATSPER2	0.24801	29.615	0.115	rgb(218,195,195)	1.5769	2,2
ZNF846	LOC100506123	0.24791	29.505	0.005	rgb(217,216,216)	1.5747	2,2
FOXD4L5	VSTM2L	-0.24781	29.72	-2.2E-01	rgb(169,188,225)	1.579	None
ETS1	EPM2A	-0.24772	29.335	-3.3E-01	rgb(144,173,230)	1.5713	None
FEV	EPHA8	0.24762	29.715	0.213	rgb(219,176,177)	1.5789	None
GATA2	ADCY2	0.24752	29.65	0.152	rgb(219,188,188)	1.5776	None
ELF4	HMGB3	-0.24732	29.31	-3.1E-01	rgb(150,176,229)	1.5708	None
ZNF492	DGKB	0.24732	29.31	0.31	rgb(220,158,158)	1.5708	None
ARNT2	VGF	0.24722	29.27	0.271	rgb(220,165,166)	1.57	None
HSF2	KSR2	-0.24712	29.375	-3.7E-01	rgb(136,168,231)	1.5721	None
FOXD4L5	ZFP62	-0.24702	29.305	-3.0E-01	rgb(151,177,229)	1.5707	None
LMX1A	LRAT	0.24692	29.57	0.069	rgb(218,204,204)	1.576	None
LMX1B	MPP2	0.24682	29.855	0.353	rgb(221,150,150)	1.5816	None
POU2F2	MAFA	-0.24672	29.63	-1.3E-01	rgb(189,200,222)	1.5772	None
POU6F1	GDF11	-0.24662	29.58	-8.0E-02	rgb(200,206,220)	1.5762	None
SOX4	DRD2	0.24652	29.86	0.358	rgb(221,149,149)	1.5817	None
MAFF	SMAD9	0.24642	29.25	0.248	rgb(220,170,170)	1.5696	None
HES4	STARD8	0.24632	29.685	0.183	rgb(219,182,182)	1.5783	None
NR4A2	ARHGAP22	-0.24623	29.295	-2.9E-01	rgb(153,178,228)	1.5705	None
GATA4	CERKL	0.24613	29.335	0.336	rgb(221,153,154)	1.5713	None
SPIB	GFRA1	0.24603	29.855	0.356	rgb(221,149,150)	1.5816	None
GATA4	HOMEZ	0.24593	29.8	0.298	rgb(220,160,161)	1.5805	None
FEV	RTN1	0.24583	29.595	0.094	rgb(218,199,199)	1.5765	None
ELF4	BEGAIN	0.24573	29.29	0.29	rgb(220,162,162)	1.5704	None
POU6F1	FGF9	0.24563	29.265	0.264	rgb(220,167,167)	1.5699	None
PAX6	SLC12A5	0.24533	29.585	0.085	rgb(218,201,201)	1.5763	None
PBX3	KCNN3	0.24533	29.595	0.095	rgb(218,199,199)	1.5765	None
ZNF846	TBC1D8B	0.24533	29.585	0.083	rgb(218,201,201)	1.5763	None
SIX2	ZCCHC18	-0.24513	29.37	-3.7E-01	rgb(136,168,231)	1.572	None
ZFP82	SH3BP5-AS1	-0.24513	29.37	-3.7E-01	rgb(137,168,231)	1.572	None
SPIB	NOVA2	0.24503	29.76	0.261	rgb(220,167,168)	1.5798	None
ZNF518A	AK128400	0.24493	29.395	0.394	rgb(221,142,143)	1.5725	2,2
HIF1A	GLT8D2	-0.24484	29.27	-2.7E-01	rgb(158,181,227)	1.57	None
MAFB	CYMP	-0.24474	29.235	-2.3E-01	rgb(166,186,226)	1.5693	None
TFCP2L1	FCGBP	0.24464	28.965	0.464	rgb(222,128,129)	1.564	None
GLIS2	ENPP1	-0.24454	29.37	-3.7E-01	rgb(137,168,231)	1.572	None
GATA2	SDCBP2-AS1	0.24434	29.825	0.323	rgb(221,155,156)	1.581	None
TEAD1	EMB	-0.24434	29.825	-3.2E-01	rgb(146,174,229)	1.581	None
KCNIP3	NEURL	0.24414	29.225	0.226	rgb(219,174,174)	1.5691	2,2
NR4A2	INSC	0.24414	29.225	0.224	rgb(219,174,175)	1.5691	None
ZFP82	SORCS2	0.24404	29.305	0.304	rgb(220,159,159)	1.5707	None
GATA4	SHF	-0.24364	29.365	-3.6E-01	rgb(138,169,231)	1.5719	None
MYT1	TDO2	0.24364	29.365	0.365	rgb(221,147,148)	1.5719	2,2
ONECUT2	TMEM196	-0.24364	29.365	-3.6E-01	rgb(138,169,231)	1.5719	None
ZBTB25	BC029255	0.24364	29.365	0.365	rgb(221,147,148)	1.5719	2,2
RFX6	LRRC16B	0.24354	29.415	0.414	rgb(222,138,139)	1.5729	2,2
PBX3	PGM5	0.24344	29.215	0.217	rgb(219,175,176)	1.569	None
GATA4	PPP1R3C	-0.24335	29.26	-2.6E-01	rgb(161,183,227)	1.5698	None
KCNIP3	MIR29C	-0.24325	29.25	-2.5E-01	rgb(162,184,227)	1.5696	2,2
ONECUT3	MAML3	0.24315	29.25	0.251	rgb(220,169,170)	1.5696	None
MAFB	NINJ1	0.24305	29.32	0.319	rgb(221,156,157)	1.571	None
FOXD4L5	GHRL	0.24295	29.765	0.263	rgb(220,167,167)	1.5798	None
ATOH8	BX647938	0.24285	29.21	0.209	rgb(219,177,178)	1.5689	2,2
MAFF	ABCA9	-0.24275	29.235	-2.4E-01	rgb(166,186,226)	1.5693	None
PBX3	PLAG1	-0.24265	29.205	-2.1E-01	rgb(172,190,225)	1.5688	None
ZFP28	SHC3	-0.24255	29.28	-2.8E-01	rgb(156,180,228)	1.5702	None
LHX1	APLN	-0.24245	29.235	-2.4E-01	rgb(166,186,226)	1.5693	None
ONECUT2	ENPP7	-0.24235	29.69	-1.9E-01	rgb(175,192,224)	1.5784	None
MAFA	RAB3C	0.24225	29.195	0.193	rgb(219,180,181)	1.5686	None
ETV1	SPEG	0.24215	28.95	0.452	rgb(222,131,132)	1.5637	None
NKX2-2	LEFTY1	0.24195	29.745	0.245	rgb(220,170,171)	1.5795	None
RFX6	EVL	0.24195	29.745	0.245	rgb(220,170,171)	1.5795	None
TEAD1	TTLL10	-0.24186	29.36	-3.6E-01	rgb(139,170,231)	1.5718	None
GATA6	ADCY5	-0.24176	29.355	-3.5E-01	rgb(140,170,230)	1.5717	None
ETV1	FAM171B	0.24166	29.68	0.178	rgb(219,183,183)	1.5782	None
MAFB	HAP1	-0.24156	29.225	-2.2E-01	rgb(169,188,225)	1.5691	None
FOXA1	SH3RF3	-0.24146	29.35	-3.5E-01	rgb(141,171,230)	1.5716	None
ARX	MAFB	0.24136	29.385	0.384	rgb(221,144,144)	1.5723	None
PDX1	MLXIPL	0.24126	29.22	0.22	rgb(219,175,175)	1.5691	None
ZFHX2	AKT3	0.24116	29.505	0.005	rgb(217,216,216)	1.5747	None
ETS1	CACNA1C	0.24106	29.175	0.173	rgb(219,184,184)	1.5682	None
RORC	WDR17	-0.24096	29.225	-2.3E-01	rgb(168,187,226)	1.5691	None
HSF2	SOCS1	0.24086	29.74	0.24	rgb(220,171,172)	1.5794	None
HSF2	LCP1	0.24076	29.34	0.341	rgb(221,152,152)	1.5714	None
PAX6	MMD2	-0.24066	29.74	-2.4E-01	rgb(165,185,226)	1.5794	None
LHX1	COL12A1	0.24056	29.795	0.297	rgb(220,160,161)	1.5804	None
ISL1	SGCD	0.24037	28.94	0.44	rgb(222,133,134)	1.5635	None
ZNF846	PRR5-ARHGAP8	0.24037	28.94	0.442	rgb(222,133,133)	1.5635	None
TFCP2L1	KRTAP5-2	-0.24027	29.16	-1.6E-01	rgb(183,196,223)	1.5679	None
PRDM16	SCN3B	0.24017	29.25	0.249	rgb(220,170,170)	1.5696	None
ATF5	AK310876	0.23997	29.195	0.196	rgb(219,180,180)	1.5686	2,2
PBX3	SPC25	0.23997	29.65	0.148	rgb(219,189,189)	1.5776	None
AEBP1	DBC1	0.23987	29.25	0.252	rgb(220,169,169)	1.5696	2,2
TEAD1	ST6GALNAC5	-0.23977	29.725	-2.3E-01	rgb(168,187,226)	1.5791	None
ATF5	RBFOX2	0.23967	29.385	0.385	rgb(221,143,144)	1.5723	None
ELF4	ZNF883	-0.23957	29.195	-1.9E-01	rgb(175,191,224)	1.5686	None
HIF1A	BC042374	-0.23907	29.195	-2.0E-01	rgb(174,191,224)	1.5686	2,2
LMX1B	NOL4	0.23907	28.935	0.433	rgb(222,134,135)	1.5634	None
NKX2-2	CABP7	0.23907	29.185	0.183	rgb(219,182,182)	1.5684	None
ONECUT3	MSMB	-0.23907	28.935	-4.3E-01	rgb(123,160,233)	1.5634	None
ONECUT3	TET1	0.23907	28.935	0.436	rgb(222,134,135)	1.5634	None
GATA4	TRIM66	-0.23897	29.145	-1.4E-01	rgb(186,198,222)	1.5676	None
CCDC17	TAC1	0.23888	29.72	0.222	rgb(219,175,175)	1.579	2,2
HSF2	GABRP	0.23868	29.35	0.35	rgb(221,150,151)	1.5716	None
MAFA	PALMD	0.23868	29.35	0.35	rgb(221,150,151)	1.5716	None
HSF2	TTBK1	-0.23858	29.24	-2.4E-01	rgb(165,186,226)	1.5694	None
ZFHX2	PAPPA2	0.23848	29.63	0.129	rgb(218,192,193)	1.5772	None
HSF2	SH3RF3-AS1	-0.23838	29.14	-1.4E-01	rgb(186,198,222)	1.5675	None
FOXA1	EVA1A	-0.23818	29.31	-3.1E-01	rgb(150,176,229)	1.5708	None
SOX4	APOA1	0.23818	29.31	0.311	rgb(220,158,158)	1.5708	None
GATA6	BASP1	-0.23798	29.28	-2.8E-01	rgb(156,180,228)	1.5702	None
ZNF382	AK056486	0.23798	29.15	0.152	rgb(219,188,188)	1.5677	2,2
ASCL1	TMPRSS6	0.23788	29.715	0.217	rgb(219,175,176)	1.5789	None
HSF2	USP32P2	0.23778	29.135	0.136	rgb(218,191,191)	1.5674	None
SIX2	AB074188	0.23768	29.135	0.135	rgb(218,191,192)	1.5674	2,2
SPIB	CNPY1	0.23758	29.78	0.282	rgb(220,163,164)	1.5801	None
LHX1	GLIS2	0.23749	29.145	0.144	rgb(219,190,190)	1.5676	None
MAFB	CACNA1A	0.23729	29.18	0.181	rgb(219,183,183)	1.5683	None
PDX1	FOXA1	0.23729	29.18	0.179	rgb(219,183,183)	1.5683	None
MLXIPL	FKBP1A-SDCBP2	-0.23719	29.255	-2.5E-01	rgb(162,183,227)	1.5697	2,2
EGR3	SESN2	0.23679	29	0	rgb(217,217,217)	1.5647	None
LHX1	NINJ1	0.23679	29	0	rgb(217,217,217)	1.5647	None
PDX1	TTR	0.23679	29	0	rgb(217,217,217)	1.5647	None
PRDM16	UNC13A	0.23679	29.295	0.293	rgb(220,161,162)	1.5705	None
PBX1	CELA3A	-0.23669	29.34	-3.4E-01	rgb(144,172,230)	1.5714	None
ETS1	HNF1A-AS1	0.23659	29	0	rgb(217,217,217)	1.5647	None
PBX1	C1RL-AS1	0.23639	29.275	0.276	rgb(220,164,165)	1.5701	None
TP73	ATP6V0E2	0.23639	29.275	0.276	rgb(220,164,165)	1.5701	None
EGR3	SCN3B	0.2356	29	0	rgb(217,217,217)	1.5647	None
FOXD4L5	ETS1	0.2356	29	0	rgb(217,217,217)	1.5647	None
MAFB	DOK6	0.2356	29	0	rgb(217,217,217)	1.5647	None
MAFB	PAK6	0.2356	29	0	rgb(217,217,217)	1.5647	None
NEUROG3	LMO3	0.2356	29	0	rgb(217,217,217)	1.5647	None
PAX6	LRP1B	0.2356	29	0	rgb(217,217,217)	1.5647	None
SMAD9	CAMKV	0.2356	29	0	rgb(217,217,217)	1.5647	None
ZFHX2	EPHB3	0.2356	29	0	rgb(217,217,217)	1.5647	None
ATF6	CBX2	-0.2355	29.745	-2.5E-01	rgb(164,185,226)	1.5795	None
SIX2	DENND2A	-0.2354	29.345	-3.5E-01	rgb(142,171,230)	1.5715	None
ARX	PKIA	0.235	29	0	rgb(217,217,217)	1.5647	None
POU2F2	PDX1	0.235	29	0	rgb(217,217,217)	1.5647	None
TFCP2L1	AHNAK	0.235	29	0	rgb(217,217,217)	1.5647	None
TFCP2L1	GPR173	0.235	29	0	rgb(217,217,217)	1.5647	None
PDX1	ASRGL1	0.2349	28.925	0.427	rgb(222,135,136)	1.5632	None
AKNA	AX747179	0.23451	29	0	rgb(217,217,217)	1.5647	2,2
TEAD1	PDE8B	0.23451	29	0	rgb(217,217,217)	1.5647	None
TEAD2	GPBAR1	0.23451	29	0	rgb(217,217,217)	1.5647	None
TGIF2	PPP4R4	0.23451	29	0	rgb(217,217,217)	1.5647	None
EGR3	CCDC74B	0.23401	29	0	rgb(217,217,217)	1.5647	None
GLIS2	ZRANB2-AS1	0.23401	29	0	rgb(217,217,217)	1.5647	None
LMX1B	KCNJ3	0.23401	29	0	rgb(217,217,217)	1.5647	None
PBX3	TMEM198	0.23401	29	0	rgb(217,217,217)	1.5647	None
TFCP2L1	PTPN22	0.23401	29	0	rgb(217,217,217)	1.5647	None
CCDC17	PLGLB2	0.23391	29.145	0.146	rgb(219,189,189)	1.5676	2,2
LHX1	GOLGA7B	0.23361	29	0	rgb(217,217,217)	1.5647	None
POU5F1	KRTAP5-2	0.23361	29	0	rgb(217,217,217)	1.5647	None
TEAD1	DPY19L2	0.23361	29	0	rgb(217,217,217)	1.5647	None
MAFA	DNAJB13	0.23321	29	0	rgb(217,217,217)	1.5647	None
MAFA	ZBTB25	0.23321	29	0	rgb(217,217,217)	1.5647	None
PAX6	FAM126A	0.23321	29	0	rgb(217,217,217)	1.5647	None
SPIB	ASIC1	0.23321	29	0	rgb(217,217,217)	1.5647	None
LHX1	E2F7	-0.23311	29.68	-1.8E-01	rgb(178,193,224)	1.5782	None
EGR3	TTR	-0.23232	29.55	-4.8E-02	rgb(207,211,219)	1.5756	None
HIF1A	FJX1	0.23232	29	0	rgb(217,217,217)	1.5647	None
HOXB9	LRRN2	0.23232	29	0	rgb(217,217,217)	1.5647	None
NR4A3	SLC22A13	0.23232	29	0	rgb(217,217,217)	1.5647	None
PROX1	HHEX	0.23232	29	0	rgb(217,217,217)	1.5647	None
ZBTB25	BC022892	0.23232	29	0	rgb(217,217,217)	1.5647	2,2
ZFHX2	GRIK5	0.23232	29	0	rgb(217,217,217)	1.5647	None
ZFP92	SMA5	0.23232	29	0	rgb(217,217,217)	1.5647	2,2
LHX1	PCSK2	0.23222	29	0	rgb(217,217,217)	1.5647	None
ZNF492	TMPRSS6	-0.23212	29.19	-1.9E-01	rgb(175,192,224)	1.5685	None
E2F7	KCNIP3	0.23172	29	0	rgb(217,217,217)	1.5647	None
LHX1	CSF1R	0.23172	29	0	rgb(217,217,217)	1.5647	None
NKX2-2	APOC3	0.23172	29	0	rgb(217,217,217)	1.5647	None
PBX1	HCP5	0.23172	29	0	rgb(217,217,217)	1.5647	None
ELF4	PLCL1	0.23153	29	0	rgb(217,217,217)	1.5647	None
RFX3	ARL9	0.23153	29	0	rgb(217,217,217)	1.5647	None
FOXA1	FBXL16	0.23103	29	0	rgb(217,217,217)	1.5647	None
GATA4	CHRNA5	0.23103	29	0	rgb(217,217,217)	1.5647	None
HIC1	RAP1GAP2	0.23103	29	0	rgb(217,217,217)	1.5647	None
HSF2	SSTR1	0.23103	29	0	rgb(217,217,217)	1.5647	None
PDX1	CPNE9	0.23103	29	0	rgb(217,217,217)	1.5647	None
PBX3	DDC	0.23093	29.27	0.269	rgb(220,166,166)	1.57	None
RFX2	TTC7B	0.23073	29	0	rgb(217,217,217)	1.5647	None
TEAD2	MICAL2	0.23073	29	0	rgb(217,217,217)	1.5647	None
LHX1	FOXP2	-0.23063	29.105	-1.1E-01	rgb(194,203,221)	1.5668	None
E2F7	SRCIN1	0.23023	29	0	rgb(217,217,217)	1.5647	None
ETS1	CCL19	0.23023	29	0	rgb(217,217,217)	1.5647	None
PDX1	TMEM132C	0.23023	29	0	rgb(217,217,217)	1.5647	None
SPIB	TCEAL1	0.23023	29	0	rgb(217,217,217)	1.5647	None
ARX	REM2	0.22994	29	0	rgb(217,217,217)	1.5647	None
CBX2	AK055257	0.22994	29	0	rgb(217,217,217)	1.5647	2,2
ELF4	KCNMB3	0.22994	29	0	rgb(217,217,217)	1.5647	None
PDX1	DLL4	0.22984	29.14	0.14	rgb(219,190,191)	1.5675	None
ETV1	LSP1	0.22974	29.34	0.34	rgb(221,152,153)	1.5714	None
ADNP	AK027252	-0.22964	29.12	-1.2E-01	rgb(191,201,222)	1.5671	2,2
FEV	NHLH1	-0.22934	29.135	-1.3E-01	rgb(188,199,222)	1.5674	None
SOX4	NPW	0.22934	29.165	0.164	rgb(219,186,186)	1.568	None
TEAD1	DCHS1	0.22934	29.19	0.191	rgb(219,181,181)	1.5685	None
SMAD9	C1QL1	0.22914	28.915	0.415	rgb(222,138,139)	1.563	None
TFCP2L1	REM2	-0.22914	28.915	-4.2E-01	rgb(126,162,233)	1.563	None
ARX	PLCXD3	-0.22894	29.275	-2.8E-01	rgb(157,180,228)	1.5701	None
ZNF514	AX746869	0.22894	29.175	0.177	rgb(219,183,183)	1.5682	2,2
ETV1	PRKXP1	-0.22884	29.72	-2.2E-01	rgb(169,188,225)	1.579	None
TFCP2L1	FTCD	0.22874	29.21	0.212	rgb(219,177,177)	1.5689	None
ARX	ENPP2	0.22835	29	0	rgb(217,217,217)	1.5647	None
EGR3	ADAMTSL2	0.22835	29	0	rgb(217,217,217)	1.5647	None
PBX1	ZNF117	0.22835	29	0	rgb(217,217,217)	1.5647	None
TFCP2L1	RET	0.22835	29	0	rgb(217,217,217)	1.5647	None
MAFA	STARD8	-0.22825	29.065	-6.4E-02	rgb(203,209,219)	1.566	None
EGR3	JMJD7-PLA2G4B	0.22815	29.26	0.259	rgb(220,167,168)	1.5698	None
RFX6	KCNH8	0.22805	28.965	0.466	rgb(222,128,129)	1.564	None
EGR3	FAM155B	0.22795	29.1	0.098	rgb(218,198,198)	1.5667	None
FOXD4L5	MEP1B	0.22775	29.165	0.165	rgb(219,186,186)	1.568	None
TEAD1	SYNE2	0.22775	29.315	0.316	rgb(220,157,157)	1.5709	None
HSF2	PDX1	-0.22765	29.65	-1.5E-01	rgb(184,197,223)	1.5776	None
ETV1	LHX1	-0.22755	29.75	-2.5E-01	rgb(163,184,227)	1.5796	None
TGIF2	TCEAL1	-0.22735	28.91	-4.1E-01	rgb(128,163,233)	1.5629	None
ZNF846	ZNF518A	0.22735	28.91	0.408	rgb(221,139,140)	1.5629	None
LHX1	SH2D3C	0.22725	29.17	0.172	rgb(219,184,185)	1.5681	None
ARNT2	CCDC40	0.22666	29	0	rgb(217,217,217)	1.5647	None
ARX	AKT3	0.22666	29	0	rgb(217,217,217)	1.5647	None
FOXA1	CRLF1	0.22666	29	0	rgb(217,217,217)	1.5647	None
LHX1	MAPK10	0.22666	29	0	rgb(217,217,217)	1.5647	None
SOX4	CFC1	0.22666	29	0	rgb(217,217,217)	1.5647	None
ZNF846	AK025511	0.22666	29	0	rgb(217,217,217)	1.5647	2,2
GATA4	SIDT1	-0.22656	29.7	-2.0E-01	rgb(174,191,225)	1.5786	None
MAFA	ARHGAP33	0.22636	29.335	0.337	rgb(221,153,153)	1.5713	None
ONECUT2	SRCIN1	-0.22636	29.335	-3.4E-01	rgb(144,173,230)	1.5713	None
FOXP2	JPH4	0.22586	29	0	rgb(217,217,217)	1.5647	None
HLF	IRF2BP1	0.22586	29	0	rgb(217,217,217)	1.5647	None
RORC	KCNH8	0.22586	29	0	rgb(217,217,217)	1.5647	None
SIX2	MUC5B	0.22586	29	0	rgb(217,217,217)	1.5647	None
SIX2	SLC6A16	0.22586	29	0	rgb(217,217,217)	1.5647	None
HSF2	PRELP	0.22576	29.695	0.196	rgb(219,180,180)	1.5785	None
ZFHX2	CELF3	0.22567	29.26	0.261	rgb(220,167,168)	1.5698	None
ZFP69B	EPHA4	0.22557	29.23	0.229	rgb(220,173,174)	1.5692	None
HSF2	PTP4A3	-0.22547	29.07	-7.1E-02	rgb(202,208,220)	1.5661	None
LMX1A	CD37	-0.22537	29.12	-1.2E-01	rgb(190,201,222)	1.5671	None
NR4A2	LMO3	0.22527	29.225	0.226	rgb(219,174,174)	1.5691	None
NEUROG3	HEPACAM2	0.22517	28.955	0.456	rgb(222,130,131)	1.5638	None
ZNF846	HOOK3	-0.22507	29.05	-4.8E-02	rgb(206,211,219)	1.5657	None
MAFF	KCNE4	-0.22487	29.11	-1.1E-01	rgb(193,203,221)	1.5669	None
ZFHX2	CCDC125	0.22487	29.255	0.253	rgb(220,169,169)	1.5697	None
MYRF	TPGS1	0.22477	29.67	0.169	rgb(219,185,185)	1.578	None
LHX1	ZNF846	-0.22467	29.06	-6.1E-02	rgb(204,209,219)	1.5659	None
TEAD1	GAD2	-0.22457	29.59	-8.9E-02	rgb(198,205,220)	1.5764	None
MAFA	GABRE	0.22447	29.685	0.183	rgb(219,182,182)	1.5783	None
FEV	ST8SIA3	0.22437	29.585	0.087	rgb(218,200,201)	1.5763	None
NHLH1	CYP27A1	0.22418	29.33	0.33	rgb(221,154,155)	1.5712	None
SIX2	ISLR2	0.22418	29.33	0.331	rgb(221,154,154)	1.5712	None
TEAD2	VOPP1	0.22408	29.57	0.072	rgb(218,203,203)	1.576	None
ZFHX2	FAM135B	0.22398	28.81	0.308	rgb(220,158,159)	1.5609	None
ZNF382	SIM1	-0.22388	29.68	-1.8E-01	rgb(178,193,224)	1.5782	None
RFX2	RNF150	0.22378	28.83	0.331	rgb(221,154,154)	1.5613	None
SIX2	ARC	0.22358	29.16	0.162	rgb(219,186,186)	1.5679	None
TFCP2L1	MAPK4	0.22358	29.035	0.034	rgb(217,210,211)	1.5654	None
ETV1	NAALADL1	0.22318	28.95	0.451	rgb(222,131,132)	1.5637	None
GATA2	PCED1B-AS1	0.22318	29.655	0.155	rgb(219,187,188)	1.5777	None
GATA4	PROX1	-0.22318	29.655	-1.6E-01	rgb(183,196,223)	1.5777	None
LHX1	BCAT1	-0.22318	29.21	-2.1E-01	rgb(171,189,225)	1.5689	None
FOXA1	ARHGAP24	0.22298	29.105	0.105	rgb(218,197,197)	1.5668	None
RORC	SSTR3	0.22298	29.025	0.027	rgb(217,212,212)	1.5652	None
GATA2	IGSF10	0.22288	29.11	0.11	rgb(218,196,196)	1.5669	None
FOXA1	CFC1	0.22279	29.08	0.08	rgb(218,202,202)	1.5663	None
MAFA	CSF1R	0.22269	29.25	0.251	rgb(220,169,170)	1.5696	None
PBX3	NR2F2-AS1	-0.22259	28.805	-3.0E-01	rgb(151,177,229)	1.5608	None
PBX3	SAMD5	0.22249	28.895	0.396	rgb(221,141,142)	1.5626	None
TEAD2	FUT7	-0.22239	29.285	-2.9E-01	rgb(155,179,228)	1.5703	None
ARNT2	SMKR1	0.22229	28.87	0.369	rgb(221,147,147)	1.5621	None
ZNF519	MAPK7	-0.22219	29.09	-9.0E-02	rgb(197,205,220)	1.5665	None
RFX2	CLGN	0.22199	28.945	0.447	rgb(222,132,133)	1.5636	None
RFX6	MS4A8	0.22199	28.945	0.443	rgb(222,132,133)	1.5636	None
MAFB	DDC	-0.22189	29.39	-3.9E-01	rgb(132,165,232)	1.5724	None
HSF2	EBF3	-0.22179	28.785	-2.8E-01	rgb(156,180,228)	1.5604	None
LHX1	BX648496	0.22169	28.78	0.28	rgb(220,163,164)	1.5603	2,2
DACH1	NOV	0.22139	29.13	0.131	rgb(218,192,192)	1.5673	2,2
FOXJ1	PBOV1	-0.22139	29.075	-7.6E-02	rgb(201,207,220)	1.5662	None
NHLH1	CABP4	0.22139	29.13	0.131	rgb(218,192,192)	1.5673	None
MAFB	NR4A2	0.2213	29.07	0.069	rgb(218,204,204)	1.5661	None
HEY1	UCKL1-AS1	-0.2211	29.245	-2.5E-01	rgb(164,185,226)	1.5695	None
POU5F1	DNM3	0.2211	29.245	0.247	rgb(220,170,170)	1.5695	None
GRHL3	FAM101B	-0.221	28.795	-3.0E-01	rgb(153,178,228)	1.5606	2,2
ARX	CD200	-0.2209	29.185	-1.9E-01	rgb(177,192,224)	1.5684	None
MAFA	GPR137C	0.2208	29.695	0.197	rgb(219,179,180)	1.5785	None
LHX1	SEZ6L	-0.2206	29.06	-6.0E-02	rgb(204,209,219)	1.5659	None
NR4A2	CLSPN	-0.2206	29.06	-6.2E-02	rgb(204,209,219)	1.5659	None
ZNF382	KCNN3	-0.2205	29.66	-1.6E-01	rgb(182,196,223)	1.5778	None
MAFB	TNFRSF6B	-0.2204	29.27	-2.7E-01	rgb(158,181,227)	1.57	None
ZFHX2	UNC93A	-0.2203	28.81	-3.1E-01	rgb(150,176,229)	1.5609	None
PRDM16	CRIP2	0.2202	29.26	0.262	rgb(220,167,167)	1.5698	None
NEUROG3	SLC38A5	0.2201	28.77	0.272	rgb(220,165,166)	1.5601	None
GATA4	TTBK1	0.2199	29.255	0.257	rgb(220,168,168)	1.5697	None
RFX3	NUTM1	-0.2199	29.255	-2.5E-01	rgb(162,184,227)	1.5697	None
HIF1A	MCM3AP-AS1	0.21981	28.8	0.302	rgb(220,159,160)	1.5607	None
ASCL2	SDK2	0.21961	28.885	0.384	rgb(221,144,144)	1.5624	None
TFCP2L1	PLAC4	0.21961	28.885	0.383	rgb(221,144,145)	1.5624	None
KCNIP3	LRRC16B	0.21951	29.16	0.162	rgb(219,186,186)	1.5679	2,2
HSF2	IRF2BP1	0.21921	29.53	0.029	rgb(217,211,212)	1.5752	None
SIX2	TMSB15B	-0.21921	28.935	-4.3E-01	rgb(123,160,233)	1.5634	None
TET1	MCM3AP-AS1	0.21921	28.75	0.249	rgb(220,169,170)	1.5597	None
FOXD4L5	NTRK2	0.21901	28.725	0.223	rgb(219,174,175)	1.5592	None
HSF2	STMND1	0.21901	29.335	0.337	rgb(221,153,153)	1.5713	None
FOXD4L5	PPM1E	0.21891	29.325	0.325	rgb(221,155,156)	1.5711	None
ASCL1	MX2	-0.21881	28.815	-3.2E-01	rgb(148,175,229)	1.561	None
EGR3	HERC2P4	-0.21871	29.315	-3.2E-01	rgb(148,175,229)	1.5709	None
ZFHX2	ICA1L	0.21861	29.315	0.313	rgb(220,157,158)	1.5709	None
SOX4	NEFM	-0.21851	28.72	-2.2E-01	rgb(170,188,225)	1.5591	None
SIX2	LRRC37A	0.21841	28.71	0.21	rgb(219,177,177)	1.5589	None
RORC	GPC6	-0.21832	28.745	-2.4E-01	rgb(164,185,226)	1.5596	None
GATA2	COL22A1	0.21822	28.71	0.208	rgb(219,177,178)	1.5589	None
ZNF846	LOC440434	0.21812	28.8	0.299	rgb(220,160,160)	1.5607	2,2
NR4A2	GAL	0.21802	28.705	0.207	rgb(219,177,178)	1.5588	None
ETS1	PLEKHB1	-0.21792	28.785	-2.9E-01	rgb(155,179,228)	1.5604	None
ETV1	SPDYE1	-0.21782	28.735	-2.3E-01	rgb(167,186,226)	1.5594	None
RFX6	NCALD	0.21762	29.31	0.312	rgb(220,157,158)	1.5708	None
ZNF382	CDH5	0.21762	29.31	0.31	rgb(220,158,158)	1.5708	None
PBX1	CREBRF	0.21752	28.875	0.375	rgb(221,145,146)	1.5622	None
PBX1	AMPH	0.21742	29.29	0.292	rgb(220,161,162)	1.5704	None
TFCP2L1	STARD8	-0.21732	29.085	-8.5E-02	rgb(199,206,220)	1.5664	None
RFX6	VAV3	0.21722	29.235	0.234	rgb(220,172,173)	1.5693	None
TFCP2L1	TPGS1	-0.21712	29.215	-2.2E-01	rgb(170,188,225)	1.569	None
LTF	PNISR	0.21702	29.2	0.202	rgb(219,178,179)	1.5687	None
DACH1	RGAG4	-0.21692	29.52	-2.0E-02	rgb(213,214,218)	1.575	2,2
LHX1	TENM2	-0.21683	28.695	-1.9E-01	rgb(175,191,224)	1.5586	None
TEAD1	KIAA0931	-0.21673	28.725	-2.2E-01	rgb(168,187,226)	1.5592	2,2
TEAD1	HSPA12A	0.21663	28.5	0	rgb(217,217,217)	1.5548	None
CCDC17	SGOL1-AS1	0.21633	28.5	0	rgb(217,217,217)	1.5548	2,2
NR4A2	ZNF519	0.21633	28.5	0	rgb(217,217,217)	1.5548	None
ZNF492	ZG16	0.21633	28.5	0	rgb(217,217,217)	1.5548	None
ATF5	HMBOX1	-0.21623	29.23	-2.3E-01	rgb(167,186,226)	1.5692	None
AKNA	AL832212	0.21563	28.5	0	rgb(217,217,217)	1.5548	2,2
GATA6	GDF1	0.21563	28.5	0	rgb(217,217,217)	1.5548	None
HIF1A	P2RX6	0.21563	28.5	0	rgb(217,217,217)	1.5548	None
HSF2	FFAR2	0.21563	28.5	0	rgb(217,217,217)	1.5548	None
ONECUT3	MIR137HG	0.21563	28.5	0	rgb(217,217,217)	1.5548	None
SPIB	HIP1	0.21563	28.5	0	rgb(217,217,217)	1.5548	None
ELF4	SLC16A12	-0.21544	29.305	-3.1E-01	rgb(151,177,229)	1.5707	None
PBX3	CBFA2T3	0.21544	29.305	0.306	rgb(220,158,159)	1.5707	None
SMAD9	SCT	0.21534	29.215	0.216	rgb(219,176,176)	1.569	None
GATA2	USP41	0.21504	28.92	0.419	rgb(222,137,138)	1.5631	None
NEUROG3	MCF2L	0.21504	28.92	0.418	rgb(222,137,138)	1.5631	None
NR4A2	SCN1B	-0.21504	28.92	-4.2E-01	rgb(126,161,233)	1.5631	None
FOXA2	STK33	0.21474	28.5	0	rgb(217,217,217)	1.5548	None
RFX3	NACAD	0.21474	28.5	0	rgb(217,217,217)	1.5548	None
SIX2	DNAH14	0.21474	28.5	0	rgb(217,217,217)	1.5548	None
SOX4	DLG2	-0.21464	29.22	-2.2E-01	rgb(169,188,225)	1.5691	None
FOXJ1	KLHL35	-0.21454	29.31	-3.1E-01	rgb(150,176,229)	1.5708	None
TEAD2	OSBPL6	-0.21444	29.41	-4.1E-01	rgb(128,163,233)	1.5728	None
GATA2	RSPH4A	0.21434	28.69	0.189	rgb(219,181,181)	1.5585	None
FOXD4L5	AX747535	0.21385	28.5	0	rgb(217,217,217)	1.5548	2,2
MAFB	PTHLH	0.21385	28.5	0	rgb(217,217,217)	1.5548	None
NEUROG3	TRPC7	0.21385	28.5	0	rgb(217,217,217)	1.5548	None
NR4A3	GATA6	0.21385	28.5	0	rgb(217,217,217)	1.5548	None
TGIF2	DNAJB13	0.21385	28.5	0	rgb(217,217,217)	1.5548	None
ELF4	MX1	0.21365	28.5	0	rgb(217,217,217)	1.5548	None
ETS1	KRTAP5-2	0.21365	28.5	0	rgb(217,217,217)	1.5548	None
PRDM16	OSBPL6	-0.21355	28.66	-1.6E-01	rgb(182,196,223)	1.558	None
PDX1	WWC2-AS2	0.21345	28.875	0.376	rgb(221,145,146)	1.5622	None
ATF5	LOC399715	-0.21315	29.215	-2.2E-01	rgb(170,188,225)	1.569	2,2
GATA4	CYMP	-0.21315	29.3	-3.0E-01	rgb(152,178,228)	1.5706	None
SMAD9	NUP210	-0.21315	29.215	-2.2E-01	rgb(170,189,225)	1.569	None
ASCL2	ACE	0.21255	28.5	0	rgb(217,217,217)	1.5548	None
FOXD4L5	SH3RF3-AS1	0.21255	28.5	0	rgb(217,217,217)	1.5548	None
LHX1	RPRML	0.21255	28.5	0	rgb(217,217,217)	1.5548	None
MAFB	ZFP82	0.21255	28.5	0	rgb(217,217,217)	1.5548	None
SIX2	KCNE4	0.21255	28.5	0	rgb(217,217,217)	1.5548	None
SOX4	CLIP3	0.21255	28.5	0	rgb(217,217,217)	1.5548	None
E2F7	GADD45A	0.21216	28.5	0	rgb(217,217,217)	1.5548	None
EGR3	C2CD4A	0.21216	28.5	0	rgb(217,217,217)	1.5548	None
MYSM1	AK123332	0.21216	28.5	0	rgb(217,217,217)	1.5548	2,2
PDX1	PBOV1	0.21216	28.5	0	rgb(217,217,217)	1.5548	None
EGR3	ATP6V1G2	0.21186	28.5	0	rgb(217,217,217)	1.5548	None
RORC	HGFAC	0.21186	28.5	0	rgb(217,217,217)	1.5548	None
SMAD9	SETBP1	0.21186	28.5	0	rgb(217,217,217)	1.5548	None
NEUROD2	RGAG4	0.21176	28.915	0.414	rgb(222,138,139)	1.563	2,2
EGR3	LRP4-AS1	-0.21166	28.745	-2.5E-01	rgb(164,184,226)	1.5596	None
ATF5	AF116693	0.21097	28.5	0	rgb(217,217,217)	1.5548	2,2
HSF2	OSBPL6	0.21097	28.5	0	rgb(217,217,217)	1.5548	None
NEUROD2	HEPACAM2	0.21097	28.5	0	rgb(217,217,217)	1.5548	None
SIX2	FEV	0.21097	28.5	0	rgb(217,217,217)	1.5548	None
TEAD2	RASAL1	0.21097	28.5	0	rgb(217,217,217)	1.5548	None
ZNF492	AK055257	0.21097	28.5	0	rgb(217,217,217)	1.5548	2,2
ZNF492	LOC646214	0.21097	28.5	0	rgb(217,217,217)	1.5548	2,2
CSRNP3	AX746826	0.21037	28.5	0	rgb(217,217,217)	1.5548	2,2
EGR3	SVOP	0.21037	28.5	0	rgb(217,217,217)	1.5548	None
LHX1	RPLP0P2	0.21037	28.5	0	rgb(217,217,217)	1.5548	None
LMX1B	FGF17	0.21037	28.5	0	rgb(217,217,217)	1.5548	None
PAX6	DPY19L2	0.21037	28.5	0	rgb(217,217,217)	1.5548	None
SIX2	LINGO1	0.21037	28.5	0	rgb(217,217,217)	1.5548	None
GATA2	RGS5	0.20987	28.5	0	rgb(217,217,217)	1.5548	None
HOXB9	LIMCH1	0.20987	28.5	0	rgb(217,217,217)	1.5548	None
MAFB	SMOC1	0.20987	28.5	0	rgb(217,217,217)	1.5548	None
TGIF2	MLLT11	0.20987	28.5	0	rgb(217,217,217)	1.5548	None
TP73	TAC3	0.20987	28.5	0	rgb(217,217,217)	1.5548	None
RORC	FFAR2	0.20977	28.865	0.366	rgb(221,147,148)	1.562	None
FOXA1	DCHS1	0.20967	28.775	0.274	rgb(220,165,165)	1.5602	None
HMBOX1	KCNJ3	0.20957	29.395	0.397	rgb(221,141,142)	1.5725	None
ETS1	STMN4	-0.20948	29.14	-1.4E-01	rgb(187,198,222)	1.5675	None
ZNF514	JA760600	-0.20938	28.735	-2.3E-01	rgb(166,186,226)	1.5594	2,2
LHX1	MX2	0.20888	28.5	0	rgb(217,217,217)	1.5548	None
MAFA	BASP1	0.20888	28.5	0	rgb(217,217,217)	1.5548	None
MAFB	FEV	0.20888	28.5	0	rgb(217,217,217)	1.5548	None
ZBTB4	AX747393	0.20888	28.5	0	rgb(217,217,217)	1.5548	2,2
ZNF382	SLITRK6	0.20888	28.5	0	rgb(217,217,217)	1.5548	None
FOXA1	MYO3A	0.20878	29.39	0.392	rgb(221,142,143)	1.5724	None
ZNF846	AK095546	-0.20868	29.24	-2.4E-01	rgb(165,185,226)	1.5694	2,2
NFAT5	SMOC2	0.20858	29.385	0.384	rgb(221,144,144)	1.5723	None
MAFA	HAP1	0.20848	28.84	0.342	rgb(221,152,152)	1.5615	None
EGR3	CRLF1	0.20809	28.5	0	rgb(217,217,217)	1.5548	None
HOXB9	PTHLH	0.20809	28.5	0	rgb(217,217,217)	1.5548	None
HSF2	PHGR1	0.20809	28.5	0	rgb(217,217,217)	1.5548	None
LMX1B	SSTR2	0.20809	28.5	0	rgb(217,217,217)	1.5548	None
FOXP2	EYA4	0.20799	29.2	0.198	rgb(219,179,180)	1.5687	None
MAFA	LINC00514	0.20769	28.5	0	rgb(217,217,217)	1.5548	None
PBX3	FZD4	0.20769	28.5	0	rgb(217,217,217)	1.5548	None
PROX1	SDCBP2-AS1	0.20769	28.5	0	rgb(217,217,217)	1.5548	None
ZNF846	GALNT16	-0.20759	28.635	-1.3E-01	rgb(188,199,222)	1.5575	None
ZNF382	GPR116	-0.20749	29.235	-2.3E-01	rgb(166,186,226)	1.5693	2,2
LHX1	CCDC40	0.20739	28.635	0.137	rgb(219,191,191)	1.5575	None
ZFP28	PGM5	0.20729	28.725	0.225	rgb(219,174,175)	1.5592	None
MAFF	BLMH	-0.20719	28.685	-1.9E-01	rgb(177,192,224)	1.5585	None
ZFHX2	GADD45A	-0.20709	28.83	-3.3E-01	rgb(145,173,230)	1.5613	None
SIM1	SUCNR1	0.20699	29.11	0.108	rgb(218,196,197)	1.5669	2,2
ZNF382	BC019672	0.20689	28.86	0.359	rgb(221,148,149)	1.5619	2,2
MAFB	ATP6V1B1	-0.20679	29.365	-3.6E-01	rgb(138,169,231)	1.5719	None
ZNF382	FLJ35282	0.20669	29.19	0.188	rgb(219,181,182)	1.5685	2,2
HSF2	MAPK7	-0.2066	29.14	-1.4E-01	rgb(187,199,222)	1.5675	None
TFCP2L1	SPDYE7P	0.2065	28.745	0.245	rgb(220,170,171)	1.5596	None
RFX2	FBXL16	0.2064	29.375	0.373	rgb(221,146,147)	1.5721	None
ZFHX2	ATP1A3	-0.2063	29.36	-3.6E-01	rgb(139,170,231)	1.5718	None
ONECUT3	STMND1	0.2062	29.22	0.222	rgb(219,175,175)	1.5691	None
ARX	CLCA1	0.2061	28.615	0.116	rgb(218,195,195)	1.5571	None
PDX1	ST8SIA5	0.206	29.29	0.289	rgb(220,162,162)	1.5704	None
ELF4	NTRK1	-0.2059	28.59	-9.0E-02	rgb(197,205,220)	1.5566	None
CCDC17	AK091996	0.2058	29.27	0.271	rgb(220,165,166)	1.57	2,2
MAFF	WSCD1	0.2057	28.675	0.174	rgb(219,184,184)	1.5583	None
NR4A3	CADPS	0.2056	29.185	0.186	rgb(219,182,182)	1.5684	None
RFX6	MSI1	0.2055	28.905	0.404	rgb(221,140,141)	1.5628	None
ETS1	KRT4	-0.2054	28.735	-2.4E-01	rgb(166,186,226)	1.5594	None
SOX4	HGFAC	0.2053	29.18	0.18	rgb(219,183,183)	1.5683	None
ONECUT3	RAB4B-EGLN2	0.20511	29.06	0.06	rgb(218,206,206)	1.5659	None
SMAD9	GABBR2	0.20511	29.18	0.182	rgb(219,182,183)	1.5683	None
EGR3	GAL	0.20451	28.5	0	rgb(217,217,217)	1.5548	None
EGR3	TEAD2	0.20451	28.5	0	rgb(217,217,217)	1.5548	None
NKX6-1	JAZF1	0.20451	28.5	0	rgb(217,217,217)	1.5548	None
RORC	F10	0.20451	28.5	0	rgb(217,217,217)	1.5548	None
ZFP2	AB007962	0.20451	28.5	0	rgb(217,217,217)	1.5548	2,2
ZNF492	AK128400	0.20451	28.5	0	rgb(217,217,217)	1.5548	2,2
RFX2	CNOT6L	-0.20441	28.73	-2.3E-01	rgb(167,186,226)	1.5593	None
HSF2	SCUBE3	0.20421	28.565	0.067	rgb(218,204,204)	1.5561	None
ZFP69B	LIMS2	-0.20421	28.6	-9.8E-02	rgb(196,204,221)	1.5568	None
CCDC17	GOLGA6L4	0.20411	28.79	0.291	rgb(220,161,162)	1.5605	2,2
ONECUT3	KIRREL3	-0.20401	29.04	-4.1E-02	rgb(208,212,219)	1.5655	None
GATA4	ELAVL4	0.20371	28.5	0	rgb(217,217,217)	1.5548	None
LHX1	MTUS2	0.20371	28.5	0	rgb(217,217,217)	1.5548	None
PBX3	ATF5	0.20371	28.5	0	rgb(217,217,217)	1.5548	None
HIC1	NR2F2-AS1	0.20362	29.025	0.026	rgb(217,212,212)	1.5652	None
SIX2	CES1	0.20352	28.5	0	rgb(217,217,217)	1.5548	2,2
ZFHX2	ZNF518A	0.20342	29.335	0.335	rgb(221,153,154)	1.5713	None
MAFB	SIM1	0.20332	29.17	0.171	rgb(219,184,185)	1.5681	None
NEUROG3	SLC6A16	0.20322	28.9	0.402	rgb(221,140,141)	1.5627	None
SIX2	NUTM1	0.20312	28.57	0.07	rgb(218,204,204)	1.5562	None
EGR3	NREP	0.20302	28.775	0.274	rgb(220,165,165)	1.5602	None
SMAD9	GALNT16	-0.20292	28.63	-1.3E-01	rgb(189,200,222)	1.5574	None
ZNF846	AX748292	0.20282	28.56	0.061	rgb(218,205,205)	1.556	2,2
LMX1B	CDH5	-0.20272	29.185	-1.8E-01	rgb(177,193,224)	1.5684	None
ARNT2	TMEM145	-0.20262	28.635	-1.4E-01	rgb(187,199,222)	1.5575	None
ZNF382	CHD5	-0.20252	28.555	-5.6E-02	rgb(205,210,219)	1.5559	None
PDX1	REG4	-0.20242	29.16	-1.6E-01	rgb(182,196,223)	1.5679	None
PAX6	TCEAL1	-0.20232	28.63	-1.3E-01	rgb(189,200,222)	1.5574	None
HSF2	EVA1A	0.20222	28.69	0.192	rgb(219,180,181)	1.5585	None
GATA4	NTRK2	-0.20213	28.54	-3.9E-02	rgb(209,212,218)	1.5556	None
TFCP2L1	CRLF1	0.20203	28.62	0.121	rgb(218,194,194)	1.5572	None
FOXA1	NEGR1	0.20193	29.155	0.153	rgb(219,188,188)	1.5678	None
FOXJ1	DPY19L2	-0.20183	28.515	-1.6E-02	rgb(214,215,218)	1.5551	None
MAFB	SYN1	0.20163	28.61	0.11	rgb(218,196,196)	1.557	None
ZFP82	H1FX-AS1	0.20163	28.69	0.188	rgb(219,181,181)	1.5585	None
SMAD9	C2CD4A	0.20153	28.665	0.163	rgb(219,186,186)	1.5581	None
MAFA	NAALADL1	-0.20143	29.3	-3.0E-01	rgb(152,178,228)	1.5706	None
ZFP69B	PHGR1	-0.20123	28.845	-3.5E-01	rgb(142,171,230)	1.5616	None
ZNF853	RGAG4	0.20123	28.74	0.238	rgb(220,171,172)	1.5595	2,2
GATA2	STK31	-0.20113	28.865	-3.6E-01	rgb(138,169,231)	1.562	None
NR4A2	GRASP	-0.20103	29.295	-2.9E-01	rgb(153,178,228)	1.5705	None
ZFHX2	LINC00893	0.20093	29.13	0.128	rgb(218,193,193)	1.5673	None
GATA4	MAPK10	-0.20083	29.27	-2.7E-01	rgb(159,181,227)	1.57	None
NKX2-2	KNDC1	0.20074	28.565	0.066	rgb(218,204,204)	1.5561	None
PBX3	MCF2L	0.20064	29.13	0.128	rgb(218,192,193)	1.5673	None
ZFP82	ARHGEF26-AS1	-0.20054	29.285	-2.9E-01	rgb(155,179,228)	1.5703	None
GATA4	RPS15AP10	-0.20044	29.315	-3.1E-01	rgb(149,176,229)	1.5709	None
NR4A3	IGFN1	0.20034	28.73	0.231	rgb(220,173,173)	1.5593	None
FOXD4L5	FAM161A	0.20024	28.565	0.066	rgb(218,204,205)	1.5561	None
PAX6	CCDC125	-0.20014	28.55	-4.8E-02	rgb(207,211,219)	1.5558	None
RORC	PTPRT	-0.20004	28.335	-3.3E-01	rgb(144,173,230)	1.5515	None
LHX1	DLC1	-0.19994	28.555	-5.7E-02	rgb(205,209,219)	1.5559	None
ZFHX2	LINC00939	0.19984	28.84	0.342	rgb(221,152,152)	1.5615	None
HIF1A	PPP1R3C	-0.19974	28.72	-2.2E-01	rgb(169,188,225)	1.5591	None
SIM1	KAL1	0.19954	29.105	0.106	rgb(218,197,197)	1.5668	2,2
TEAD1	LIN7A	-0.19954	29.105	-1.1E-01	rgb(194,203,221)	1.5668	None
ETV1	ST6GALNAC5	0.19934	28.885	0.384	rgb(221,144,144)	1.5624	None
GATA2	GRHL3	0.19934	28.885	0.385	rgb(221,143,144)	1.5624	None
NR4A3	SPARC	-0.19925	28.525	-2.5E-02	rgb(212,214,218)	1.5553	None
SPIB	NHLH1	-0.19915	29.095	-9.5E-02	rgb(196,204,221)	1.5666	None
ONECUT3	CTTNBP2	-0.19905	28.625	-1.3E-01	rgb(190,200,222)	1.5573	None
HSF2	RYBP	0.19895	28.285	0.284	rgb(220,163,163)	1.5505	None
NKX6-1	MIPOL1	-0.19885	28.265	-2.6E-01	rgb(160,182,227)	1.5501	None
PRDM16	SSTR3	0.19875	28.91	0.409	rgb(221,139,140)	1.5629	None
ZNF519	IRF2BP1	-0.19865	28.835	-3.3E-01	rgb(145,173,230)	1.5614	None
FEV	DPYSL4	0.19855	28.375	0.377	rgb(221,145,146)	1.5523	None
ZNF514	LOC100132215	0.19845	28.26	0.258	rgb(220,168,168)	1.55	2,2
MXI1	HERC2P4	0.19835	28.255	0.255	rgb(220,168,169)	1.5499	None
PDX1	FOXP2	-0.19825	29.255	-2.5E-01	rgb(162,184,227)	1.5697	None
GATA4	DPY19L2	0.19785	28	0	rgb(217,217,217)	1.5449	None
LHX1	LINC00939	0.19785	28	0	rgb(217,217,217)	1.5449	None
NKX6-1	ARHGEF26-AS1	0.19785	28	0	rgb(217,217,217)	1.5449	None
RORC	MAST1	0.19785	28	0	rgb(217,217,217)	1.5449	None
ATF5	CAMK2N2	-0.19776	28.74	-2.4E-01	rgb(164,185,226)	1.5595	None
MAFA	SMARCA1	-0.19766	28.575	-7.7E-02	rgb(200,207,220)	1.5563	None
GATA4	SLC1A2	-0.19746	29.15	-1.5E-01	rgb(185,197,223)	1.5677	None
ZNF846	WWC2-AS2	-0.19746	28.545	-4.7E-02	rgb(207,211,219)	1.5557	None
ZNF117	AK096592	-0.19736	29.01	-8.7E-03	rgb(215,216,217)	1.5649	2,2
MAFB	ADD2	0.19726	28.24	0.242	rgb(220,171,171)	1.5496	None
SMAD9	LIPC	-0.19716	28.83	-3.3E-01	rgb(145,173,230)	1.5613	None
FOXA1	PARD6A	0.19607	28	0	rgb(217,217,217)	1.5449	None
GATA2	NPTX1	0.19607	28	0	rgb(217,217,217)	1.5449	None
LHX1	CCDC113	0.19607	28	0	rgb(217,217,217)	1.5449	None
NEUROD2	KCNK3	0.19607	28	0	rgb(217,217,217)	1.5449	None
POU5F1	ABLIM2	0.19607	28	0	rgb(217,217,217)	1.5449	None
RFX3	LIN7A	0.19607	28	0	rgb(217,217,217)	1.5449	None
SIX2	GPC2	0.19607	28	0	rgb(217,217,217)	1.5449	None
SIX2	NKAIN1	0.19607	28	0	rgb(217,217,217)	1.5449	None
SMAD9	BEX2	0.19607	28	0	rgb(217,217,217)	1.5449	None
SOX4	FAT3	0.19607	28	0	rgb(217,217,217)	1.5449	None
ZNF846	RET	0.19607	28	0	rgb(217,217,217)	1.5449	None
ZNF492	NEAT1	0.19597	28.23	0.23	rgb(220,173,174)	1.5494	None
EGR3	MAFA	0.19577	28	0	rgb(217,217,217)	1.5449	None
LHX1	FIGNL2	0.19577	28	0	rgb(217,217,217)	1.5449	None
MAFA	EXOSC4	0.19537	28.855	0.353	rgb(221,150,150)	1.5618	None
RORC	SLC8A1	0.19537	28	0	rgb(217,217,217)	1.5449	None
TEAD1	NOVA2	0.19537	28.225	0.224	rgb(219,174,175)	1.5493	None
ZFP82	SERPINI1	0.19537	28	0	rgb(217,217,217)	1.5449	None
ONECUT2	EVA1A	-0.19527	28.385	-3.9E-01	rgb(133,166,232)	1.5525	None
NR4A2	DNAH14	-0.19517	28.225	-2.2E-01	rgb(168,187,226)	1.5493	None
ONECUT2	FCGBP	0.19507	28.875	0.373	rgb(221,146,147)	1.5622	None
TFCP2L1	DNAH14	0.19478	28	0	rgb(217,217,217)	1.5449	None
ZNF519	PLCL1	0.19478	28	0	rgb(217,217,217)	1.5449	None
ZNF846	HCN4	0.19478	28	0	rgb(217,217,217)	1.5449	None
LHX1	SCGN	0.19428	28	0	rgb(217,217,217)	1.5449	None
MAFA	CEND1	0.19428	28	0	rgb(217,217,217)	1.5449	None
MAFB	ATP1A3	0.19428	28	0	rgb(217,217,217)	1.5449	None
PBX3	DDN	0.19428	28	0	rgb(217,217,217)	1.5449	None
TEAD2	HIC1	0.19428	28	0	rgb(217,217,217)	1.5449	None
ELF4	CACNG7	0.19418	28.655	0.154	rgb(219,188,188)	1.5579	None
PDX1	ATP13A4	0.19408	28.895	0.395	rgb(221,142,142)	1.5626	None
HEYL	FLJ00385	0.19398	29.275	0.277	rgb(220,164,165)	1.5701	2,2
GATA4	MSH5	0.19378	28	0	rgb(217,217,217)	1.5449	None
NR4A3	ATP6V1G2	0.19378	28	0	rgb(217,217,217)	1.5449	None
ELF4	CLDN6	0.19348	28.335	0.335	rgb(221,153,154)	1.5515	None
ETV1	SLC30A4	-0.19348	29.225	-2.2E-01	rgb(168,187,226)	1.5691	None
PBX1	CCDC162P	0.19348	28.66	0.162	rgb(219,186,186)	1.558	None
MAFB	NACAD	0.19329	28	0	rgb(217,217,217)	1.5449	None
ZNF492	GDAP1	0.19329	28	0	rgb(217,217,217)	1.5449	None
ONECUT3	PBOV1	0.19309	28	0	rgb(217,217,217)	1.5449	None
PBX3	CBX2	0.19309	28	0	rgb(217,217,217)	1.5449	None
LHX1	LDB1	0.19299	28.655	0.156	rgb(219,187,188)	1.5579	None
FEV	CERS1	0.19269	28.825	0.324	rgb(221,155,156)	1.5612	None
TFCP2L1	RGS5	0.19269	28.85	0.349	rgb(221,150,151)	1.5617	None
ZNF492	SPDYE6	0.19269	28.825	0.327	rgb(221,154,155)	1.5612	2,2
EGR3	SPRED3	0.19229	28	0	rgb(217,217,217)	1.5449	None
HSF2	CPNE9	0.19229	28	0	rgb(217,217,217)	1.5449	None
LMX1A	SAMD5	0.19229	28	0	rgb(217,217,217)	1.5449	None
ZFHX2	SLC25A53	0.19229	28	0	rgb(217,217,217)	1.5449	None
FOXP2	STXBP5L	-0.19209	28.835	-3.4E-01	rgb(144,173,230)	1.5614	None
LHX1	FAM135B	-0.19209	29.22	-2.2E-01	rgb(169,188,225)	1.5691	None
HSF2	LINC00514	0.1918	28	0	rgb(217,217,217)	1.5449	None
NKX2-2	STXBP1	0.1918	28	0	rgb(217,217,217)	1.5449	None
PDX1	SLC38A5	0.1918	28	0	rgb(217,217,217)	1.5449	None
TP73	JAZF1	-0.1917	28.43	-4.3E-01	rgb(124,160,233)	1.5534	None
NKX6-1	CLDN6	0.1916	29.27	0.268	rgb(220,166,166)	1.57	None
ATF6	EML1	0.1911	28	0	rgb(217,217,217)	1.5449	None
GATA4	CHD5	0.1911	28	0	rgb(217,217,217)	1.5449	None
POU6F1	DOK6	0.1911	28	0	rgb(217,217,217)	1.5449	None
ZFHX2	NKAIN1	0.1911	28	0	rgb(217,217,217)	1.5449	None
ZNF514	ANKRD36B	0.1911	28	0	rgb(217,217,217)	1.5449	2,2
GATA2	GLUD1P3	0.1909	28.305	0.306	rgb(220,159,159)	1.5509	None
PDX1	CSF1R	-0.1909	28.305	-3.0E-01	rgb(151,177,229)	1.5509	None
PAX6	GCH1	-0.1908	28.87	-3.7E-01	rgb(137,168,231)	1.5621	None
FOXD4L5	FGF9	-0.1907	28.825	-3.2E-01	rgb(147,174,229)	1.5612	None
ZFP28	BEGAIN	0.1906	29.025	0.027	rgb(217,212,212)	1.5652	None
HSF2	COL12A1	-0.1905	28.685	-1.8E-01	rgb(177,193,224)	1.5585	None
FOXA1	SAMD14	0.19041	28.82	0.321	rgb(221,156,156)	1.5611	None
GATA2	TAC3	0.19021	28.18	0.18	rgb(219,183,183)	1.5484	None
PRDM16	SOGA3	-0.19021	28.62	-1.2E-01	rgb(191,201,221)	1.5572	None
NR4A3	PNISR	0.19011	28.82	0.32	rgb(221,156,156)	1.5611	None
ELF4	DUSP2	0.18961	28	0	rgb(217,217,217)	1.5449	None
GATA4	FAM92B	0.18961	28	0	rgb(217,217,217)	1.5449	None
HLF	FER1L6-AS1	0.18961	28	0	rgb(217,217,217)	1.5449	None
MAFA	SULT2A1	0.18961	28	0	rgb(217,217,217)	1.5449	None
PRDM16	GRHL3	0.18961	28	0	rgb(217,217,217)	1.5449	None
ZFP28	HSPA12A	-0.18951	28.17	-1.7E-01	rgb(180,194,223)	1.5482	None
PBX3	SLC30A4	-0.18941	28.745	-2.5E-01	rgb(163,184,226)	1.5596	None
PBX1	CHRM4	0.18931	28	0	rgb(217,217,217)	1.5449	None
E2F7	KIRREL3	0.18852	28	0	rgb(217,217,217)	1.5449	None
EGR3	LRAT	0.18852	28	0	rgb(217,217,217)	1.5449	None
GATA4	RFX2	0.18852	28	0	rgb(217,217,217)	1.5449	None
LMX1B	GAN	0.18852	28	0	rgb(217,217,217)	1.5449	None
MAFA	SPRED3	0.18852	28	0	rgb(217,217,217)	1.5449	None
POU2F2	KCNAB2	0.18852	28	0	rgb(217,217,217)	1.5449	None
RORC	ARHGAP9	0.18852	28	0	rgb(217,217,217)	1.5449	None
TFCP2L1	CNGA4	0.18852	28	0	rgb(217,217,217)	1.5449	None
SIX2	CACNG6	0.18842	28.17	0.172	rgb(219,184,184)	1.5482	None
ATF5	QDPR	-0.18832	28.865	-3.7E-01	rgb(137,169,231)	1.562	None
FOXD4L5	MMP11	-0.18822	28.735	-2.3E-01	rgb(166,186,226)	1.5594	None
PBX3	HLF	0.18812	28.345	0.347	rgb(221,151,152)	1.5517	None
MAFA	ANGPT2	-0.18802	28.3	-3.0E-01	rgb(152,177,228)	1.5508	None
ATF6	UCKL1-AS1	-0.18792	28.845	-3.4E-01	rgb(142,172,230)	1.5616	None
SIX2	CLEC4G	0.18782	28.15	0.15	rgb(219,188,189)	1.5479	2,2
EGR3	ROS1	0.18772	28.59	0.088	rgb(218,200,200)	1.5566	None
RORC	MPP2	0.18762	28.8	0.301	rgb(220,160,160)	1.5607	None
EGR3	CITED2	0.18733	29.23	0.229	rgb(220,173,174)	1.5692	None
ETS1	MIAT	-0.18733	29.23	-2.3E-01	rgb(167,186,226)	1.5692	None
PDX1	GPR148	-0.18733	28.55	-4.9E-02	rgb(206,211,219)	1.5558	None
FOXD4L5	PRRT2	0.18673	28	0	rgb(217,217,217)	1.5449	None
HIC1	SPAG8	0.18673	28	0	rgb(217,217,217)	1.5449	None
NHLH1	PHYHIP	0.18673	28	0	rgb(217,217,217)	1.5449	None
SPIB	ADNP	0.18673	28	0	rgb(217,217,217)	1.5449	None
SPIB	SLC6A17	0.18673	28	0	rgb(217,217,217)	1.5449	None
ZNF492	DPYSL3	0.18673	28	0	rgb(217,217,217)	1.5449	None
ETV1	SH3BP5-AS1	0.18643	28	0	rgb(217,217,217)	1.5449	None
LMX1A	LGI3	0.18643	28	0	rgb(217,217,217)	1.5449	None
NEUROD2	HSPA2	0.18643	28	0	rgb(217,217,217)	1.5449	None
PBX1	MDK	-0.18633	28.795	-3.0E-01	rgb(152,178,228)	1.5606	None
MAFA	SAMD14	0.18613	28.72	0.219	rgb(219,175,176)	1.5591	None
RORC	GAP43	0.18613	28.72	0.221	rgb(219,175,175)	1.5591	None
SOX4	RPS6KL1	-0.18594	28.275	-2.8E-01	rgb(157,181,227)	1.5503	None
ZNF492	MATN2	-0.18594	28.275	-2.8E-01	rgb(157,180,228)	1.5503	None
HIC1	HNF1A-AS1	-0.18584	28.255	-2.6E-01	rgb(161,183,227)	1.5499	None
SIX2	RGS5	0.18574	28.135	0.133	rgb(218,192,192)	1.5476	None
HSF2	CDK5R1	-0.18564	29.15	-1.5E-01	rgb(185,197,223)	1.5677	None
GATA6	RFTN2	-0.18554	28.535	-3.6E-02	rgb(209,212,218)	1.5555	None
LHX1	SDK2	-0.18544	29.225	-2.3E-01	rgb(168,187,226)	1.5691	None
RORC	LRRN2	0.18534	28.135	0.134	rgb(218,191,192)	1.5476	None
E2F7	DPYSL4	-0.18524	28.84	-3.4E-01	rgb(144,172,230)	1.5615	None
PBX3	CNTD2	0.18514	29.14	0.14	rgb(219,190,191)	1.5675	None
PBX3	SULT1A4	-0.18504	28.76	-2.6E-01	rgb(160,182,227)	1.5599	None
SIX2	NHSL2	0.18484	28.13	0.128	rgb(218,192,193)	1.5475	None
SMAD9	MAP1A	0.18484	28.13	0.129	rgb(218,192,193)	1.5475	None
ZNF853	ZSCAN12P1	-0.18474	28.19	-1.9E-01	rgb(176,192,224)	1.5486	2,2
PAX4	SMARCA1	0.18464	28.615	0.117	rgb(218,195,195)	1.5571	None
GATA2	SIRPA	0.18455	28.115	0.113	rgb(218,195,196)	1.5472	None
EGR3	PCDHA2	0.18445	28	0	rgb(217,217,217)	1.5449	None
LMX1B	ACBD7	0.18425	28.23	0.228	rgb(220,174,174)	1.5494	None
NR4A2	ARC	0.18425	28.23	0.229	rgb(220,173,174)	1.5494	None
LHX1	DNER	-0.18415	28.695	-1.9E-01	rgb(175,191,224)	1.5586	None
LMX1B	CPB1	0.18405	28.855	0.353	rgb(221,150,150)	1.5618	None
GATA2	SCARA3	0.18395	28.69	0.188	rgb(219,181,181)	1.5585	None
ETS1	ATF6	0.18385	28.09	0.09	rgb(218,200,200)	1.5467	None
TEAD1	RNF157	-0.18375	28.16	-1.6E-01	rgb(182,196,223)	1.548	None
EGR3	CEND1	0.18306	28	0	rgb(217,217,217)	1.5449	None
HSF2	GLT8D2	0.18306	28	0	rgb(217,217,217)	1.5449	None
MAFA	CACNG4	0.18306	28	0	rgb(217,217,217)	1.5449	None
MAFB	TMEM151B	0.18306	28	0	rgb(217,217,217)	1.5449	None
ONECUT3	EYA4	0.18306	28	0	rgb(217,217,217)	1.5449	None
RFX6	AMPD3	0.18306	28	0	rgb(217,217,217)	1.5449	None
SIX2	GNAO1	0.18306	28.105	0.107	rgb(218,197,197)	1.547	None
ONECUT3	RPLP0P2	-0.18296	28.285	-2.8E-01	rgb(156,180,228)	1.5505	None
HOXB9	CDH22	-0.18286	28.175	-1.7E-01	rgb(179,194,224)	1.5483	None
GATA2	SSTR1	0.18276	28.155	0.156	rgb(219,187,188)	1.5479	None
ELF4	TMEFF1	-0.18266	28.28	-2.8E-01	rgb(156,180,228)	1.5504	None
ETV1	ZBTB25	-0.18256	29.21	-2.1E-01	rgb(171,189,225)	1.5689	None
ARX	SSTR5-AS1	0.18216	28.805	0.304	rgb(220,159,160)	1.5608	None
HOXB9	GTF2IRD1P1	0.18216	28.68	0.182	rgb(219,182,183)	1.5584	None
LMX1B	SCGB1A1	0.18216	28.805	0.305	rgb(220,159,159)	1.5608	None
RORC	CNPY1	0.18216	28.805	0.304	rgb(220,159,160)	1.5608	None
PBX1	FAM126A	0.18206	28.355	0.353	rgb(221,150,150)	1.5519	None
NR4A3	PDE8B	0.18196	28.095	0.095	rgb(218,199,199)	1.5468	None
HSF2	USH2A	0.18186	28.08	0.079	rgb(218,202,202)	1.5465	None
LHX1	SLC35F3	0.18147	28	0	rgb(217,217,217)	1.5449	None
SIX2	CD300LF	0.18147	28	0	rgb(217,217,217)	1.5449	None
TP73	CENPE	0.18147	28	0	rgb(217,217,217)	1.5449	None
ZNF492	FAM13A-AS1	0.18147	28	0	rgb(217,217,217)	1.5449	None
HMBOX1	PLEKHH2	0.18137	28.765	0.266	rgb(220,166,167)	1.56	None
PRDM16	ZBTB25	0.18127	28.23	0.228	rgb(220,173,174)	1.5494	None
HIF1A	STARD9	-0.18117	28.85	-3.5E-01	rgb(141,171,230)	1.5617	None
KCNIP3	GPR64	0.18107	29.205	0.204	rgb(219,178,178)	1.5688	2,2
FOXA1	FTCD	0.18097	28.135	0.133	rgb(218,192,192)	1.5476	None
HSF2	MANEAL	-0.18087	28.205	-2.0E-01	rgb(173,190,225)	1.5489	None
RORC	CLPS	0.18077	28.785	0.287	rgb(220,162,163)	1.5604	None
MAFA	MIR137HG	0.18067	28.3	0.298	rgb(220,160,161)	1.5508	None
TFCP2L1	SLC25A27	0.18057	28.665	0.167	rgb(219,185,185)	1.5581	None
ELF4	RRAGD	0.18047	28.265	0.263	rgb(220,167,167)	1.5501	None
HSF2	CCDC74B	0.18037	29.2	0.198	rgb(219,179,180)	1.5687	None
SETBP1	XAF1	0.18027	28.78	0.278	rgb(220,164,164)	1.5603	2,2
HSF2	NNMT	0.18017	28.22	0.222	rgb(219,175,175)	1.5492	None
SOX4	ZMYM2	0.18008	28.945	0.444	rgb(222,132,133)	1.5636	None
MAFA	FXYD1	0.17998	28.32	0.321	rgb(221,156,156)	1.5512	None
TEAD2	MLXIPL	0.17988	28.02	0.022	rgb(217,213,213)	1.5453	None
PAX6	ABCA9	-0.17978	28.11	-1.1E-01	rgb(193,202,221)	1.5471	None
TET1	KCNG1	-0.17968	28.03	-2.9E-02	rgb(211,213,218)	1.5455	None
PDX1	SLC30A4	-0.17958	28.795	-2.9E-01	rgb(153,178,228)	1.5606	None
TFCP2L1	CATSPERB	0.17948	28.02	0.02	rgb(217,213,213)	1.5453	None
NR4A3	GRASP	0.17938	28.125	0.127	rgb(218,193,193)	1.5474	None
TEAD2	CPA1	-0.17928	28.345	-3.5E-01	rgb(142,171,230)	1.5517	None
NR4A3	FUT1	0.17918	28.3	0.3	rgb(220,160,160)	1.5508	None
ST18	MAP2	0.17908	28.795	0.294	rgb(220,161,162)	1.5606	None
ZNF846	ZFHX2	-0.17898	28.34	-3.4E-01	rgb(144,172,230)	1.5516	None
ZFP82	LOC100527964	-0.17888	28.675	-1.7E-01	rgb(180,194,224)	1.5583	2,2
HEYL	CCDC78	-0.17878	28.155	-1.6E-01	rgb(183,196,223)	1.5479	None
TFCP2L1	BRSK1	0.17868	28.15	0.151	rgb(219,188,189)	1.5479	None
NEUROD2	ZDHHC8P1	-0.17859	28.785	-2.9E-01	rgb(155,179,228)	1.5604	None
NEUROD1	SSTR2	0.17849	28.455	0.454	rgb(222,130,131)	1.5539	None
LHX1	NPW	-0.17839	28.245	-2.5E-01	rgb(164,185,226)	1.5497	None
ETV1	REM2	0.17829	28.84	0.338	rgb(221,152,153)	1.5615	None
LHX1	NPSR1-AS1	0.17819	28.78	0.278	rgb(220,164,165)	1.5603	None
GATA4	GRB14	-0.17809	28.655	-1.6E-01	rgb(183,196,223)	1.5579	None
GATA2	RPS15AP10	0.17789	27.5	0	rgb(217,217,217)	1.535	None
PDX1	GFRA3	0.17789	27.5	0	rgb(217,217,217)	1.535	None
TP73	TMPRSS11E	0.17779	28.45	0.45	rgb(222,131,132)	1.5538	None
ETS1	MAFB	-0.17769	28.24	-2.4E-01	rgb(165,186,226)	1.5496	None
ELF4	TLE3	0.17739	27.5	0	rgb(217,217,217)	1.535	None
GATA4	SULT1A4	0.17739	27.5	0	rgb(217,217,217)	1.535	None
LHX1	LRRC37A	0.17739	27.5	0	rgb(217,217,217)	1.535	None
RORC	GRIK5	0.1772	28.79	0.291	rgb(220,161,162)	1.5605	None
TGIF2	GYLTL1B	0.1772	28.79	0.292	rgb(220,161,162)	1.5605	2,2
MAFB	SFRP1	-0.1771	28.735	-2.4E-01	rgb(166,186,226)	1.5594	None
SMAD9	F10	0.177	28.295	0.294	rgb(220,161,161)	1.5507	None
TFCP2L1	SBK1	0.1769	29.13	0.132	rgb(218,192,192)	1.5673	None
NPAS3	ACTG1P4	0.1768	28.225	0.226	rgb(219,174,174)	1.5493	2,2
PRDM16	BTBD17	-0.1767	28.13	-1.3E-01	rgb(189,200,222)	1.5475	None
PAX6	LRFN1	-0.1765	28.22	-2.2E-01	rgb(169,188,225)	1.5492	None
SMAD9	GLIS2	0.1765	28.22	0.221	rgb(219,175,175)	1.5492	None
ZFHX2	SEZ6L	-0.1764	28.26	-2.6E-01	rgb(161,183,227)	1.55	None
PBX1	NOL4	0.1763	28.425	0.427	rgb(222,136,136)	1.5533	None
ADNP	LOC389332	0.1758	27.5	0	rgb(217,217,217)	1.535	2,2
EGR3	F10	0.1758	27.5	0	rgb(217,217,217)	1.535	None
HMBOX1	ZBTB4	0.1758	27.5	0	rgb(217,217,217)	1.535	None
MXI1	SRM	0.1758	27.5	0	rgb(217,217,217)	1.535	None
ZFP82	DPYSL3	0.1758	27.5	0	rgb(217,217,217)	1.535	None
ZFHX2	MEX3A	0.17571	28.415	0.415	rgb(222,138,139)	1.5531	None
LHX1	ANKRD36C	0.17541	28.835	0.335	rgb(221,153,154)	1.5614	None
NKX6-1	RGS17	0.17541	28.835	0.333	rgb(221,153,154)	1.5614	None
ZFP90	WSCD1	0.17541	28.835	0.336	rgb(221,153,153)	1.5614	None
HSF2	LTF	0.17491	27.5	0	rgb(217,217,217)	1.535	None
MAFA	RFTN2	0.17491	27.5	0	rgb(217,217,217)	1.535	None
MAFB	ANGPT2	0.17491	27.5	0	rgb(217,217,217)	1.535	None
ONECUT1	ENPP7	0.17491	27.5	0	rgb(217,217,217)	1.535	None
SMAD9	NHSL2	0.17491	27.5	0	rgb(217,217,217)	1.535	None
LHX1	NXPE1	0.17481	28.155	0.157	rgb(219,187,187)	1.5479	None
LHX1	ZDHHC11	0.17441	27.5	0	rgb(217,217,217)	1.535	None
MAFB	COL1A2	0.17441	27.5	0	rgb(217,217,217)	1.535	None
ZFP2	LINC00842	0.17441	27.5	0	rgb(217,217,217)	1.535	2,2
ZNF382	HBT8	0.17441	27.5	0	rgb(217,217,217)	1.535	2,2
NR4A2	LSP1	-0.17431	29.09	-8.8E-02	rgb(198,205,220)	1.5665	None
FOXA1	NNMT	0.17412	28.785	0.285	rgb(220,163,163)	1.5604	None
FOXJ1	HSPA6	-0.17412	28.785	-2.8E-01	rgb(155,179,228)	1.5604	None
ATOH8	IGHG1	0.17402	28.805	0.303	rgb(220,159,160)	1.5608	2,2
ONECUT3	SSBP2	-0.17392	28.44	-4.4E-01	rgb(121,159,234)	1.5536	None
MAFA	LINGO1	0.17382	28.61	0.109	rgb(218,196,196)	1.557	None
E2F7	LPPR3	-0.17362	27.835	-3.4E-01	rgb(144,173,230)	1.5416	2,2
SETBP1	PCDHB14	0.17362	28.205	0.203	rgb(219,178,179)	1.5489	2,2
ZFP28	ASIC1	-0.17352	28.045	-4.4E-02	rgb(207,211,219)	1.5458	None
ELF4	SFTPA2	0.17312	27.5	0	rgb(217,217,217)	1.535	None
LHX1	ICA1L	0.17312	27.5	0	rgb(217,217,217)	1.535	None
PAX6	TOX3	0.17312	27.5	0	rgb(217,217,217)	1.535	None
TEAD1	UNC93A	0.17312	27.5	0	rgb(217,217,217)	1.535	None
NR4A2	SPIB	-0.17302	28.76	-2.6E-01	rgb(160,183,227)	1.5599	None
PDX1	CLIP3	0.17273	28.11	0.112	rgb(218,196,196)	1.5471	None
TFCP2L1	AADAT	0.17273	27.5	0	rgb(217,217,217)	1.535	None
ZNF846	AX747648	0.17273	27.5	0	rgb(217,217,217)	1.535	2,2
HSF2	SESN2	-0.17263	28.795	-2.9E-01	rgb(153,178,228)	1.5606	None
LHX1	SAMD5	-0.17233	28.69	-1.9E-01	rgb(176,192,224)	1.5585	None
NFAT5	KIF5A	-0.17233	28.265	-2.6E-01	rgb(160,182,227)	1.5501	None
ZNF846	ADCY5	-0.17233	28.265	-2.7E-01	rgb(159,182,227)	1.5501	None
FEV	MAD2L2	0.17193	27.5	0	rgb(217,217,217)	1.535	None
HSF2	PTHLH	0.17193	27.5	0	rgb(217,217,217)	1.535	None
MAFA	JMJD1C-AS1	0.17193	27.5	0	rgb(217,217,217)	1.535	None
NFAT5	HOMEZ	0.17193	27.5	0	rgb(217,217,217)	1.535	None
FOXA1	SUSD2	-0.17163	28.435	-4.4E-01	rgb(122,159,234)	1.5535	None
NR4A2	NR4A3	0.17163	28.78	0.281	rgb(220,163,164)	1.5603	None
SOX4	MEX3B	0.17163	28.435	0.436	rgb(222,134,135)	1.5535	None
SPIB	FAIM2	-0.17153	28.79	-2.9E-01	rgb(155,179,228)	1.5605	None
FOXA2	NALCN	0.17143	27.5	0	rgb(217,217,217)	1.535	None
TP73	ENPP7	-0.17133	29.02	-2.2E-02	rgb(212,214,218)	1.5651	None
HSF2	SNAP25	0.17074	27.5	0	rgb(217,217,217)	1.535	None
MAFA	EID1	0.17074	27.5	0	rgb(217,217,217)	1.535	None
NFAT5	RPL36A-HNRNPH2	0.17074	27.5	0	rgb(217,217,217)	1.535	None
ONECUT1	TRPC6	0.17074	27.5	0	rgb(217,217,217)	1.535	None
PRDM16	CYGB	0.17074	27.5	0	rgb(217,217,217)	1.535	None
TEAD1	VAV3	0.17074	27.5	0	rgb(217,217,217)	1.535	None
MAFF	TRPM3	0.17054	28.05	0.052	rgb(218,207,207)	1.5459	None
ZBTB25	LOC100131564	0.17054	28.185	0.185	rgb(219,182,182)	1.5485	2,2
MAFA	LRP4-AS1	0.17044	28.92	0.42	rgb(222,137,138)	1.5631	None
GATA4	C2CD4A	-0.17034	29.13	-1.3E-01	rgb(189,200,222)	1.5673	None
ETS1	RSPH4A	-0.17024	28.18	-1.8E-01	rgb(177,193,224)	1.5484	None
SPIB	CYP27C1	0.17014	27.735	0.234	rgb(220,172,173)	1.5396	None
ASCL1	TMEM169	0.16955	27.5	0	rgb(217,217,217)	1.535	None
ETV1	RD3	0.16955	27.5	0	rgb(217,217,217)	1.535	None
ONECUT3	PMP22	0.16955	27.5	0	rgb(217,217,217)	1.535	None
RORC	AMER3	0.16955	27.5	0	rgb(217,217,217)	1.535	None
TFCP2L1	UTY	0.16955	27.5	0	rgb(217,217,217)	1.535	None
ZFP28	PNISR	0.16955	27.5	0	rgb(217,217,217)	1.535	None
SIX2	KCNK3	0.16935	28.25	0.248	rgb(220,170,170)	1.5498	None
TFCP2L1	AIF1	0.16935	28.335	0.335	rgb(221,153,154)	1.5515	None
PBX1	ETS1	0.16925	27.77	0.27	rgb(220,166,166)	1.5403	None
SOX4	SBK1	0.16905	28.43	0.431	rgb(222,135,136)	1.5534	None
ZFHX2	CCDC40	0.16905	28.43	0.429	rgb(222,135,136)	1.5534	None
FOXD4L5	PCSK2	0.16895	28.9	0.398	rgb(221,141,142)	1.5627	None
PBX1	AF116693	0.16885	28.24	0.242	rgb(220,171,171)	1.5496	2,2
MAFA	NFRKB	0.16875	28.825	0.323	rgb(221,155,156)	1.5612	None
ONECUT2	TMEM45A	0.16865	28.425	0.426	rgb(222,136,136)	1.5533	None
SIM1	LOC100507351	0.16855	29.075	0.076	rgb(218,203,203)	1.5662	2,2
ONECUT2	LOC595101	0.16845	28.76	0.259	rgb(220,168,168)	1.5599	2,2
MAFB	GGT5	0.16826	27.5	0	rgb(217,217,217)	1.535	None
PRDM16	CPA1	0.16826	27.5	0	rgb(217,217,217)	1.535	None
ZNF492	BC131755	0.16816	28.77	0.271	rgb(220,165,166)	1.5601	2,2
NR4A3	GALNT16	0.16806	28.2	0.2	rgb(219,179,179)	1.5488	None
ETV1	MIR7-3HG	0.16776	27.5	0	rgb(217,217,217)	1.535	None
HSF2	MPP1	0.16776	27.5	0	rgb(217,217,217)	1.535	None
ONECUT2	KCNE4	-0.16776	28.755	-2.5E-01	rgb(162,184,227)	1.5598	None
EGR3	TMEM189-UBE2V1	0.16766	27.7	0.2	rgb(219,179,179)	1.5389	None
MAFB	FAM171B	-0.16756	28.22	-2.2E-01	rgb(169,188,225)	1.5492	None
MAFB	IFI44L	0.16726	28.05	0.05	rgb(218,207,208)	1.5459	None
SOX4	MBOAT4	0.16726	28.73	0.229	rgb(220,173,174)	1.5593	None
ZFHX2	KCNQ1OT1	0.16726	28.73	0.229	rgb(220,173,174)	1.5593	None
GATA2	ANGPT2	-0.16716	28.29	-2.9E-01	rgb(154,179,228)	1.5506	None
TFCP2L1	ZDHHC8P1	-0.16706	28.625	-1.3E-01	rgb(189,200,222)	1.5573	None
ETV1	RFTN2	0.16667	27.5	0	rgb(217,217,217)	1.535	None
GATA4	CITED4	-0.16667	27.72	-2.2E-01	rgb(169,188,225)	1.5393	None
RFX2	ZFP90	0.16667	27.5	0	rgb(217,217,217)	1.535	None
SIX2	ZFP28	0.16667	27.5	0	rgb(217,217,217)	1.535	None
TFCP2L1	RGS16	0.16657	28.115	0.114	rgb(218,195,195)	1.5472	None
HIC1	C2CD4B	0.16647	28.745	0.243	rgb(220,171,171)	1.5596	None
ATF6	GLUD1P3	-0.16617	28.82	-3.2E-01	rgb(148,175,229)	1.5611	None
ETS1	CLPS	0.16617	28.82	0.32	rgb(221,156,157)	1.5611	None
PDX1	ENPP2	0.16617	28.82	0.319	rgb(221,156,157)	1.5611	None
ZNF514	CACNB2	0.16607	27.815	0.316	rgb(220,157,157)	1.5412	2,2
EGR3	PLAC4	0.16597	27.76	0.258	rgb(220,168,168)	1.5401	None
ATOH8	FAM19A5	0.16547	27.5	0	rgb(217,217,217)	1.535	2,2
GATA6	LTF	0.16547	27.5	0	rgb(217,217,217)	1.535	None
LHX1	RNF150	0.16547	27.5	0	rgb(217,217,217)	1.535	None
RORC	AIF1	0.16547	27.5	0	rgb(217,217,217)	1.535	None
RORC	TMOD2	0.16547	27.5	0	rgb(217,217,217)	1.535	None
SIM1	GPR112	0.16538	28.94	0.442	rgb(222,133,133)	1.5635	2,2
ZNF519	SPDYE5	0.16528	28.61	0.112	rgb(218,196,196)	1.557	None
PRDM16	RGS5	-0.16518	28.18	-1.8E-01	rgb(177,193,224)	1.5484	None
SIX2	CPT1C	-0.16508	28.01	-8.5E-03	rgb(215,216,217)	1.5451	None
ZNF492	MAPK10	0.16498	28.72	0.219	rgb(219,175,176)	1.5591	None
ELF4	ZNF519	-0.16488	27.955	-4.5E-01	rgb(119,157,234)	1.544	None
ASCL2	RORC	0.16478	28.135	0.135	rgb(218,191,192)	1.5476	None
GATA4	KCNH7	0.16468	28.735	0.236	rgb(220,172,172)	1.5594	None
ETV1	UBE2S	0.16458	27.87	0.369	rgb(221,146,147)	1.5423	None
NHLH1	GLT8D2	0.16448	28.585	0.084	rgb(218,201,201)	1.5565	None
LHX1	CITED2	0.16418	27.5	0	rgb(217,217,217)	1.535	None
NPAS3	LRRTM3	0.16418	27.5	0	rgb(217,217,217)	1.535	2,2
ZNF514	AK126180	0.16418	27.5	0	rgb(217,217,217)	1.535	2,2
ELF4	PLXNC1	0.16349	27.5	0	rgb(217,217,217)	1.535	None
FEV	S100A1	0.16349	27.5	0	rgb(217,217,217)	1.535	None
HSF2	MX1	0.16349	27.5	0	rgb(217,217,217)	1.535	None
MAFB	SEC11C	0.16349	27.5	0	rgb(217,217,217)	1.535	None
RFX3	KLHL32	0.16349	27.5	0	rgb(217,217,217)	1.535	None
TEAD1	CNGA4	0.16349	27.5	0	rgb(217,217,217)	1.535	None
ZFP82	RGS16	0.16349	27.5	0	rgb(217,217,217)	1.535	None
GATA4	SAMD5	0.16329	28.815	0.317	rgb(220,156,157)	1.561	None
MYT1	DBC1	0.16329	28.815	0.314	rgb(220,157,158)	1.561	2,2
PDX1	CYP27A1	0.16319	28.705	0.206	rgb(219,178,178)	1.5588	None
TFCP2L1	SLC14A1	-0.16309	27.675	-1.8E-01	rgb(179,194,224)	1.5384	None
PDX1	TTC25	-0.16299	27.645	-1.5E-01	rgb(185,198,223)	1.5378	None
NKX6-1	MLLT11	0.16289	28.715	0.213	rgb(219,176,177)	1.559	None
ZFP28	PLXNC1	-0.16279	28.7	-2.0E-01	rgb(174,191,225)	1.5587	None
ZFP2	CRISP3	-0.16269	27.75	-2.5E-01	rgb(163,184,226)	1.5399	2,2
ETV1	SLC22A17	0.1625	28.755	0.257	rgb(220,168,168)	1.5598	None
HSF2	CADPS	0.1625	28.755	0.254	rgb(220,168,169)	1.5598	None
FOXD4L5	ACTL6B	-0.1624	28.145	-1.4E-01	rgb(186,198,222)	1.5478	None
RORC	DUSP2	0.1623	27.795	0.293	rgb(220,161,162)	1.5408	None
NEUROG3	TMEFF2	0.1622	28.54	0.038	rgb(217,210,210)	1.5556	None
HSF2	ILDR2	0.1621	27.66	0.159	rgb(219,187,187)	1.5381	None
LTF	MUC5B	0.1617	28.81	0.31	rgb(220,158,158)	1.5609	None
PAX6	ECE2	0.1617	28.81	0.309	rgb(220,158,159)	1.5609	None
PRDM16	SULT2A1	-0.1617	28.81	-3.1E-01	rgb(150,176,229)	1.5609	None
ZNF846	CYMP	0.1617	28.81	0.312	rgb(220,157,158)	1.5609	None
ELF4	SST	0.1616	28.4	0.399	rgb(221,141,142)	1.5528	None
FOXA2	MMD2	0.1615	28.685	0.185	rgb(219,182,182)	1.5585	None
E2F7	EID1	0.16061	27.5	0	rgb(217,217,217)	1.535	None
E2F7	LHX1	0.16061	27.5	0	rgb(217,217,217)	1.535	None
EGR3	TMOD1	0.16061	27.5	0	rgb(217,217,217)	1.535	None
ETV1	COL1A2	0.16061	27.5	0	rgb(217,217,217)	1.535	None
FOXD4L5	CLCA1	0.16061	27.5	0	rgb(217,217,217)	1.535	None
HSF2	ONECUT3	0.16061	27.5	0	rgb(217,217,217)	1.535	None
NR4A3	ATP6V1B1	0.16061	27.5	0	rgb(217,217,217)	1.535	None
NR4A3	EMB	0.16061	27.5	0	rgb(217,217,217)	1.535	None
TEAD2	TMEM151B	0.16061	27.5	0	rgb(217,217,217)	1.535	None
SOX4	BOC	0.16041	28.75	0.248	rgb(220,170,170)	1.5597	None
ZNF846	AB073649	0.16041	28.75	0.248	rgb(220,170,170)	1.5597	2,2
SMAD9	TMEM189-UBE2V1	0.16031	28.245	0.246	rgb(220,170,171)	1.5497	None
TET1	MAFB	-0.16021	27.69	-1.9E-01	rgb(175,192,224)	1.5387	None
HSF2	MYSM1	0.16011	28.875	0.375	rgb(221,145,146)	1.5622	None
ETV1	CDHR3	0.16001	27.605	0.107	rgb(218,197,197)	1.5371	None
PDX1	FSTL5	-0.15991	28.675	-1.8E-01	rgb(179,194,224)	1.5583	None
MAFB	KIF5A	0.15981	28.395	0.396	rgb(221,141,142)	1.5527	None
SOX4	ID2	0.15971	27.735	0.236	rgb(220,172,172)	1.5396	None
EGR3	KNDC1	0.15892	27.5	0	rgb(217,217,217)	1.535	None
EGR3	SPAG8	0.15892	27.5	0	rgb(217,217,217)	1.535	None
FEV	GRIN2C	0.15892	27.5	0	rgb(217,217,217)	1.535	None
MAFB	FAM131B	0.15892	27.5	0	rgb(217,217,217)	1.535	None
PDX1	ZFP90	0.15892	27.5	0	rgb(217,217,217)	1.535	None
TEAD1	MAP2	0.15892	27.5	0	rgb(217,217,217)	1.535	None
TFCP2L1	FAM161A	0.15892	27.5	0	rgb(217,217,217)	1.535	None
ZFP28	MS4A8	0.15892	27.5	0	rgb(217,217,217)	1.535	None
ZNF492	KRT4	0.15882	28.675	0.177	rgb(219,183,183)	1.5583	None
MAFA	DYNC1I1	0.15852	28.745	0.243	rgb(220,171,171)	1.5596	None
MAFA	PGM5	-0.15852	28.745	-2.5E-01	rgb(163,184,226)	1.5596	None
TEAD1	MAD2L2	-0.15852	28.745	-2.4E-01	rgb(164,185,226)	1.5596	None
NEUROD2	ANKRD13B	0.15842	28.46	0.458	rgb(222,130,131)	1.554	None
HIC1	FAM171A2	0.15832	28.365	0.364	rgb(221,147,148)	1.5521	None
MAFA	ZFP92	-0.15822	27.59	-8.9E-02	rgb(198,205,220)	1.5368	2,2
ETV1	AGT	0.15812	28.215	0.213	rgb(219,176,177)	1.5491	None
RFX6	TPPP3	0.15803	28.8	0.3	rgb(220,160,160)	1.5607	None
GATA4	AL110171	-0.15793	28.11	-1.1E-01	rgb(193,203,221)	1.5471	2,2
ZNF519	HERC2P4	0.15783	28.39	0.389	rgb(221,143,143)	1.5526	None
ZFHX2	SH3BP5-AS1	0.15773	27.685	0.187	rgb(219,181,182)	1.5386	None
LMX1A	KLB	-0.15763	28.05	-4.9E-02	rgb(206,211,219)	1.5459	None
ETS1	FER1L6-AS1	0.15753	27.57	0.068	rgb(218,204,204)	1.5364	None
ETV1	ZNF846	-0.15733	28.655	-1.6E-01	rgb(183,196,223)	1.5579	None
LHX1	FGF14	-0.15733	28.74	-2.4E-01	rgb(165,185,226)	1.5595	None
ZNF519	HMBOX1	0.15723	28.325	0.326	rgb(221,155,155)	1.5513	None
TFCP2L1	SMAD9	0.15713	28.77	0.27	rgb(220,165,166)	1.5601	None
ZNF846	KSR2	-0.15703	27.785	-2.9E-01	rgb(155,179,228)	1.5406	None
LHX1	HSPA2	0.15683	27.74	0.241	rgb(220,171,171)	1.5397	None
MAFB	GDF11	-0.15683	27.74	-2.4E-01	rgb(165,185,226)	1.5397	None
PDX1	PPP4R4	0.15654	27.5	0	rgb(217,217,217)	1.535	None
ZNF492	GCH1	0.15654	27.5	0	rgb(217,217,217)	1.535	None
ZNF883	TSHZ1	0.15654	27.5	0	rgb(217,217,217)	1.535	None
ZFP28	SLC25A27	-0.15644	27.58	-8.2E-02	rgb(199,206,220)	1.5366	None
GATA2	RFX3	0.15584	27	0	rgb(217,217,217)	1.5251	None
HIC1	LGI3	0.15584	27	0	rgb(217,217,217)	1.5251	None
PDX1	TTLL10	0.15584	27	0	rgb(217,217,217)	1.5251	None
PRDM16	IFI6	0.15584	27	0	rgb(217,217,217)	1.5251	None
RORC	MPP1	0.15584	27	0	rgb(217,217,217)	1.5251	None
RORC	TRIM35	0.15584	27.825	0.325	rgb(221,155,156)	1.5414	None
ASCL1	RRAGD	0.15574	28.765	0.266	rgb(220,166,167)	1.56	None
HSF2	NKAIN1	0.15564	28.32	0.321	rgb(221,156,156)	1.5512	None
FOXP2	SUSD4	-0.15544	28.795	-3.0E-01	rgb(153,178,228)	1.5606	None
ONECUT3	IGSF21	0.15544	28.795	0.296	rgb(220,160,161)	1.5606	None
PRDM16	PEX5L	0.15534	27.73	0.232	rgb(220,173,173)	1.5395	None
ZBTB25	AK096291	0.15515	28.195	0.195	rgb(219,180,180)	1.5487	2,2
ZNF519	SPDYA	0.15515	28.735	0.234	rgb(220,172,173)	1.5594	None
ZNF519	UNC79	0.15505	27	0	rgb(217,217,217)	1.5251	None
FOXD4L5	RBP2	0.15475	27	0	rgb(217,217,217)	1.5251	None
HOXB9	KHK	0.15475	27	0	rgb(217,217,217)	1.5251	None
TEAD2	SCT	0.15475	27	0	rgb(217,217,217)	1.5251	None
ZNF846	CDK5R2	-0.15465	28.45	-4.5E-01	rgb(119,158,234)	1.5538	None
LHX1	CNGA4	0.15455	28.305	0.305	rgb(220,159,159)	1.5509	None
EGR3	MCOLN3	-0.15445	28.18	-1.8E-01	rgb(178,193,224)	1.5484	None
FOXD4L5	CACNA1A	0.15405	27	0	rgb(217,217,217)	1.5251	None
GATA6	ASRGL1	0.15405	27	0	rgb(217,217,217)	1.5251	None
LMX1B	GRAP2	0.15405	27	0	rgb(217,217,217)	1.5251	None
SPIB	SCARA3	0.15405	27	0	rgb(217,217,217)	1.5251	None
ATF6	MMD2	0.15356	27	0	rgb(217,217,217)	1.5251	None
FOXD4L5	STX1A	0.15356	27	0	rgb(217,217,217)	1.5251	None
LHX1	LAPTM5	0.15356	27	0	rgb(217,217,217)	1.5251	None
TGIF2	INSC	0.15356	27	0	rgb(217,217,217)	1.5251	None
ZNF492	ATF6	0.15356	27	0	rgb(217,217,217)	1.5251	None
LMX1B	KCNH8	0.15346	28.62	0.12	rgb(218,194,194)	1.5572	None
TFCP2L1	CRIP1	0.15336	28.79	0.29	rgb(220,162,162)	1.5605	None
HIF1A	DLG2	-0.15326	28.745	-2.5E-01	rgb(163,184,226)	1.5596	None
TP73	CRLF1	0.15316	27.615	0.114	rgb(218,195,195)	1.5372	None
ETS1	CCDC181	0.15256	27	0	rgb(217,217,217)	1.5251	None
FOXA1	SLC35F3	0.15256	27	0	rgb(217,217,217)	1.5251	None
HSF2	MAP1A	0.15256	27	0	rgb(217,217,217)	1.5251	None
KCNIP3	PCDHB14	0.15256	27	0	rgb(217,217,217)	1.5251	2,2
RORC	SMTNL2	0.15256	27	0	rgb(217,217,217)	1.5251	None
ZFP82	GRHL3	0.15256	27	0	rgb(217,217,217)	1.5251	None
ARNT2	SPRED3	0.15167	27	0	rgb(217,217,217)	1.5251	None
CCDC17	AK025511	0.15167	27	0	rgb(217,217,217)	1.5251	2,2
ETS1	OGFRL1	0.15167	27	0	rgb(217,217,217)	1.5251	None
HLF	CD200	0.15167	27	0	rgb(217,217,217)	1.5251	None
LHX1	ITGA7	0.15167	27	0	rgb(217,217,217)	1.5251	None
RFX2	BRSK2	0.15167	27	0	rgb(217,217,217)	1.5251	None
TEAD1	CAND2	0.15167	27	0	rgb(217,217,217)	1.5251	None
TFCP2L1	LINC00939	0.15167	27	0	rgb(217,217,217)	1.5251	None
ZFP62	AX747535	0.15167	27	0	rgb(217,217,217)	1.5251	2,2
NEUROD2	AMPD3	0.15147	28.445	0.444	rgb(222,132,133)	1.5537	None
ZFHX2	SERPINI1	-0.15147	27.855	-3.6E-01	rgb(140,170,231)	1.542	None
EGR3	FAM13A-AS1	-0.15137	27.85	-3.5E-01	rgb(141,171,230)	1.5419	None
LMX1B	SAMD5	0.15127	27.775	0.273	rgb(220,165,165)	1.5404	None
FOXA1	MMD2	0.15077	27	0	rgb(217,217,217)	1.5251	None
KCNIP3	LOC389332	0.15077	27	0	rgb(217,217,217)	1.5251	2,2
MAFB	SAP30	0.15077	27	0	rgb(217,217,217)	1.5251	None
MAFF	USH2A	0.15077	27	0	rgb(217,217,217)	1.5251	None
RORC	WNK3	0.15077	27	0	rgb(217,217,217)	1.5251	None
SPIB	ADAM12	0.15068	27.705	0.206	rgb(219,178,178)	1.539	None
MAFA	GRB14	0.15058	27	0	rgb(217,217,217)	1.5251	None
SIX2	PELI3	0.15048	28.155	0.154	rgb(219,188,188)	1.5479	None
PAX6	MAP6	0.15038	27.67	0.168	rgb(219,185,185)	1.5383	None
GATA4	WIF1	-0.15028	28.785	-2.8E-01	rgb(156,180,228)	1.5604	None
ARX	CYMP	-0.15018	27.7	-2.0E-01	rgb(174,191,225)	1.5389	None
ZNF846	LINC00514	0.15008	28.15	0.151	rgb(219,188,188)	1.5479	None
MAFA	TCEAL1	0.14998	27.595	0.095	rgb(218,199,199)	1.5369	None
FOXD4L5	CACNA2D2	0.14958	27	0	rgb(217,217,217)	1.5251	None
FOXP2	KCNMB3	0.14958	27	0	rgb(217,217,217)	1.5251	None
HSF2	LHX1	0.14958	27	0	rgb(217,217,217)	1.5251	None
ZNF382	DYNC1I1	0.14958	27	0	rgb(217,217,217)	1.5251	None
SPIB	LIMS2	0.14948	28.73	0.229	rgb(220,173,174)	1.5593	None
RORC	SPON2	0.14938	28.145	0.145	rgb(219,189,190)	1.5478	None
ZNF514	TTC18	0.14928	27.69	0.188	rgb(219,181,181)	1.5387	2,2
HSF2	FKBP7	0.14909	28.72	0.221	rgb(219,175,175)	1.5591	None
NR4A2	MAPK7	0.14909	28.27	0.272	rgb(220,165,166)	1.5502	None
FOXA1	MX1	0.14889	28.375	0.374	rgb(221,146,146)	1.5523	None
HIF1A	SCN1B	-0.14889	28.375	-3.7E-01	rgb(136,168,231)	1.5523	None
SPIB	ZRANB2-AS1	0.14879	28.5	4.7E-04	rgb(217,217,217)	1.5548	None
ZFHX2	NAALADL1	0.14869	27.71	0.211	rgb(219,177,177)	1.5391	None
HIC1	CAND2	0.14859	27.68	0.181	rgb(219,182,183)	1.5385	None
SMAD9	KLK12	0.14839	28.81	0.308	rgb(220,158,159)	1.5609	None
TFCP2L1	MMP11	0.14839	28.81	0.308	rgb(220,158,159)	1.5609	None
HES4	TUB	-0.14829	28.25	-2.5E-01	rgb(163,184,227)	1.5498	None
SPIB	FKBP7	-0.14819	28.245	-2.5E-01	rgb(164,185,226)	1.5497	None
ELF4	RBPMS	0.14789	28.435	0.433	rgb(222,134,135)	1.5535	None
ONECUT2	HOPX	-0.14789	28.435	-4.3E-01	rgb(123,160,233)	1.5535	None
ZNF492	MX2	-0.14789	27.695	-1.9E-01	rgb(175,191,224)	1.5388	None
EGR3	IFIT1	0.1476	27	0	rgb(217,217,217)	1.5251	None
HSF2	CREBRF	0.1476	27	0	rgb(217,217,217)	1.5251	None
NR4A3	KCNIP3	0.1476	27	0	rgb(217,217,217)	1.5251	None
E2F7	ONECUT2	0.1468	27	0	rgb(217,217,217)	1.5251	None
EGR3	TUBA3FP	0.1468	27	0	rgb(217,217,217)	1.5251	None
ETS1	LHX1	0.1468	27	0	rgb(217,217,217)	1.5251	None
HIC1	CHRNA5	0.1468	27	0	rgb(217,217,217)	1.5251	None
ONECUT1	ABCC4	0.1468	27	0	rgb(217,217,217)	1.5251	None
RORC	RGS5	0.1468	27	0	rgb(217,217,217)	1.5251	None
ZFHX2	TTLL10	0.1468	27	0	rgb(217,217,217)	1.5251	None
ZNF846	CPA1	0.1468	27	0	rgb(217,217,217)	1.5251	None
RFX2	CBX2	-0.1467	27.805	-3.0E-01	rgb(151,177,228)	1.541	None
HSF2	TMPRSS6	-0.1466	28.405	-4.1E-01	rgb(129,163,232)	1.5529	None
ZNF846	AK054970	0.1465	28.4	0.4	rgb(221,141,141)	1.5528	2,2
GATA2	STXBP5L	0.1464	28.71	0.208	rgb(219,177,178)	1.5589	None
NPAS3	GPR119	0.14631	28.7	0.2	rgb(219,179,179)	1.5587	2,2
SPIB	SHC3	-0.14621	28.36	-3.6E-01	rgb(138,169,231)	1.552	None
ETV1	MPP1	0.14611	28.775	0.274	rgb(220,165,165)	1.5602	None
ZNF519	B3GNTL1	-0.14601	28.24	-2.4E-01	rgb(164,185,226)	1.5496	None
ZBTB25	LOC440434	0.14591	28.085	0.086	rgb(218,201,201)	1.5466	2,2
GATA2	APBB2	-0.14581	28.705	-2.0E-01	rgb(173,190,225)	1.5588	None
FEV	MMD2	0.14571	28.375	0.375	rgb(221,145,146)	1.5523	None
MAFB	KSR2	0.14561	28.235	0.234	rgb(220,172,173)	1.5495	None
ATF5	FKBP1A-SDCBP2	0.14551	27.775	0.276	rgb(220,164,165)	1.5404	2,2
ZFHX2	CITED2	-0.14541	27.645	-1.5E-01	rgb(185,198,223)	1.5378	None
NKX2-2	ECE2	0.14521	28.79	0.289	rgb(220,162,162)	1.5605	None
PRDM16	PMFBP1	-0.14521	28.79	-2.9E-01	rgb(154,178,228)	1.5605	None
NR4A3	GPRASP2	-0.14511	28.365	-3.7E-01	rgb(137,169,231)	1.5521	None
LMX1A	GLYATL3	0.14482	27	0	rgb(217,217,217)	1.5251	None
MAFB	BCRP3	0.14482	27	0	rgb(217,217,217)	1.5251	None
MAFB	GPBAR1	0.14482	27	0	rgb(217,217,217)	1.5251	None
PRDM16	VWCE	0.14462	28.34	0.341	rgb(221,152,153)	1.5516	None
TFCP2L1	PPP1R1A	-0.14462	28.34	-3.4E-01	rgb(143,172,230)	1.5516	None
NKX6-1	GLT8D2	0.14432	27	0	rgb(217,217,217)	1.5251	None
SETBP1	LOC729683	0.14432	27	0	rgb(217,217,217)	1.5251	2,2
TEAD2	SSBP2	0.14432	27	0	rgb(217,217,217)	1.5251	None
PDX1	GRHL3	0.14422	27.635	0.133	rgb(218,192,192)	1.5376	None
AEBP1	PCDH20	0.14412	27.765	0.266	rgb(220,166,167)	1.5402	2,2
ETV1	ITGA7	0.14392	28.77	0.27	rgb(220,165,166)	1.5601	None
ZNF846	CELA3B	0.14392	28.77	0.271	rgb(220,165,166)	1.5601	None
NEUROG3	TMEM178B	0.14382	28.695	0.197	rgb(219,179,180)	1.5586	None
PDX1	RAB26	-0.14372	28.665	-1.7E-01	rgb(181,195,223)	1.5581	None
MAFA	EDAR	-0.14362	28.325	-3.3E-01	rgb(146,174,229)	1.5513	None
ELF4	CRLF1	-0.14352	27.35	-3.5E-01	rgb(141,170,230)	1.532	None
FOXD4L5	CFC1B	0.14323	28.345	0.347	rgb(221,151,151)	1.5517	None
FOXD4L5	CRIP2	0.14323	28.345	0.347	rgb(221,151,151)	1.5517	None
ZFHX2	CFC1B	-0.14323	28.345	-3.4E-01	rgb(142,172,230)	1.5517	None
LMX1B	FRMPD4	0.14313	27.645	0.146	rgb(219,189,189)	1.5378	None
PDX1	SAMD14	0.14303	27.695	0.195	rgb(219,180,180)	1.5388	None
EGR3	SRRM4	0.14243	27	0	rgb(217,217,217)	1.5251	None
HSF2	FOXJ1	0.14243	27	0	rgb(217,217,217)	1.5251	None
KCNIP3	LOC729683	0.14243	27	0	rgb(217,217,217)	1.5251	2,2
RORC	VGF	0.14243	27	0	rgb(217,217,217)	1.5251	None
SMAD9	RORC	0.14243	28.36	0.36	rgb(221,148,149)	1.552	None
TEAD2	KCNH2	0.14243	27	0	rgb(217,217,217)	1.5251	None
DACH1	CHRNA3	0.14213	28.42	0.418	rgb(222,137,138)	1.5532	2,2
NEUROG3	FGF14	0.14213	28.42	0.419	rgb(222,137,138)	1.5532	None
TEAD1	CACNA1E	-0.14213	28.42	-4.2E-01	rgb(126,162,233)	1.5532	None
MAFA	MATN2	-0.14203	27.88	-3.8E-01	rgb(134,167,231)	1.5425	None
ELF4	IMPG1	-0.14164	28.765	-2.6E-01	rgb(160,182,227)	1.56	None
PAX6	TENM2	0.14164	27	0	rgb(217,217,217)	1.5251	None
SPIB	USH1G	0.14164	28.765	0.267	rgb(220,166,167)	1.56	None
TFCP2L1	CELF5	0.14164	27	0	rgb(217,217,217)	1.5251	None
NHLH1	KCNJ11	0.14154	27.56	0.061	rgb(218,205,205)	1.5362	None
RFX2	ZBTB25	0.14144	27.685	0.185	rgb(219,182,182)	1.5386	None
MAFB	MIR7-3HG	-0.14134	27.735	-2.4E-01	rgb(166,186,226)	1.5396	None
CBX2	IL11	0.14124	28.175	0.177	rgb(219,183,184)	1.5483	2,2
GATA2	CDHR3	0.14114	28.68	0.179	rgb(219,183,183)	1.5584	None
MYSM1	LOC100216546	0.14104	27.86	0.362	rgb(221,148,149)	1.5421	2,2
LMX1A	PBOV1	0.14064	27	0	rgb(217,217,217)	1.5251	None
POU5F1	POM121L9P	0.14064	27	0	rgb(217,217,217)	1.5251	None
PRDM16	AADAT	0.14064	27	0	rgb(217,217,217)	1.5251	None
RORC	MEP1B	0.14064	27	0	rgb(217,217,217)	1.5251	None
MAFA	MPP1	0.14054	27.55	0.049	rgb(218,208,208)	1.536	None
HSF2	DLG2	0.14044	27.68	0.181	rgb(219,182,183)	1.5385	None
LHX1	DPYSL3	-0.14035	27.725	-2.2E-01	rgb(169,188,225)	1.5394	None
GATA4	PPM1E	0.14015	28.28	0.281	rgb(220,163,164)	1.5504	None
ZFP82	NAV3	0.14015	27.845	0.344	rgb(221,151,152)	1.5418	None
E2F7	MCM3AP-AS1	0.14005	27.73	0.23	rgb(220,173,174)	1.5395	None
PBX3	SLC7A14	0.13995	28.27	0.27	rgb(220,166,166)	1.5502	None
PBX3	TMEM151A	-0.13985	28.14	-1.4E-01	rgb(186,198,222)	1.5477	None
POU5F1	HMGB3	0.13975	28.755	0.257	rgb(220,168,168)	1.5598	None
EGR3	COL14A1	0.13965	28.265	0.266	rgb(220,166,167)	1.5501	None
TP73	PTP4A3	0.13955	27.33	0.331	rgb(221,154,154)	1.5316	None
SIX2	RCOR3	0.13935	27	0	rgb(217,217,217)	1.5251	None
SPIB	PDGFD	0.13935	27	0	rgb(217,217,217)	1.5251	None
TEAD1	ADCY5	-0.13925	27.565	-6.6E-02	rgb(203,208,220)	1.5363	None
EGR3	CELF5	0.13915	27.65	0.148	rgb(219,189,189)	1.5379	None
POU5F1	RFX2	0.13905	28.35	0.352	rgb(221,150,151)	1.5518	None
PRDM16	KCNJ2	-0.13896	28.75	-2.5E-01	rgb(163,184,227)	1.5597	None
NR4A3	CCL19	-0.13886	27.805	-3.0E-01	rgb(151,177,229)	1.541	None
FOXA1	MUC15	0.13846	27	0	rgb(217,217,217)	1.5251	None
HSF2	SLC38A5	0.13846	27	0	rgb(217,217,217)	1.5251	None
PBX1	KCNJ2	0.13846	27	0	rgb(217,217,217)	1.5251	None
RORC	JPH4	0.13846	27	0	rgb(217,217,217)	1.5251	None
HIC1	PBX3	-0.13836	28.745	-2.5E-01	rgb(164,184,226)	1.5596	None
GATA4	ATP6V1G2	-0.13826	28.11	-1.1E-01	rgb(193,203,221)	1.5471	None
HSF2	MYRF	-0.13816	28.42	-4.2E-01	rgb(126,161,233)	1.5532	None
SOX4	TMEM158	0.13806	28.14	0.14	rgb(219,190,191)	1.5477	None
PBX3	KCNE4	0.13796	28.735	0.235	rgb(220,172,173)	1.5594	None
NEUROD2	FUT1	0.13776	28.405	0.405	rgb(221,140,140)	1.5529	None
NEUROD2	GNAO1	0.13776	28.405	0.403	rgb(221,140,141)	1.5529	None
ELF4	FDPSP2	-0.13756	28.075	-7.5E-02	rgb(201,207,220)	1.5464	None
SMAD9	EIF4EBP1	-0.13756	28.075	-7.7E-02	rgb(200,207,220)	1.5464	None
NHLH1	RCOR2	0.13747	28.745	0.245	rgb(220,170,171)	1.5596	None
PBX1	LRRC36	0.13737	27.2	0.198	rgb(219,179,180)	1.529	None
PAX6	SSPO	-0.13727	27.38	-3.8E-01	rgb(135,167,231)	1.5326	None
MAFA	FAM131B	-0.13717	28.28	-2.8E-01	rgb(156,180,228)	1.5504	None
RFX3	STARD8	0.13707	28.11	0.108	rgb(218,196,197)	1.5471	None
FOXA1	LDHD	-0.13677	28.345	-3.4E-01	rgb(142,172,230)	1.5517	None
NEUROD2	IGHG1	-0.13677	28.05	-5.0E-02	rgb(206,210,219)	1.5459	2,2
SMAD9	FUT7	0.13677	28.345	0.346	rgb(221,151,152)	1.5517	None
PBX3	LRFN2	0.13667	27.645	0.143	rgb(219,190,190)	1.5378	None
ZBTB4	LOC90834	0.13657	27.695	0.195	rgb(219,180,180)	1.5388	2,2
GATA2	SLC22A17	0.13647	27.605	0.107	rgb(218,197,197)	1.5371	None
SIX2	NPAS3	0.13637	26.5	0	rgb(217,217,217)	1.5152	None
ETV1	SCGB1A1	-0.13627	28.1	-1.0E-01	rgb(195,204,221)	1.5469	None
LHX1	FSTL5	-0.13617	28.095	-9.7E-02	rgb(196,204,221)	1.5468	None
EBF3	PLCXD3	0.13588	28.09	0.09	rgb(218,200,200)	1.5467	None
HSF2	BLMH	-0.13588	28.4	-4.0E-01	rgb(130,164,232)	1.5528	None
RORC	PRKCG	-0.13588	28.355	-3.6E-01	rgb(140,170,231)	1.5519	None
EGR3	FAM227A	0.13508	26.5	0	rgb(217,217,217)	1.5152	None
ETS1	C2CD4B	0.13508	26.5	0	rgb(217,217,217)	1.5152	None
GATA4	TSNAX-DISC1	0.13508	26.5	0	rgb(217,217,217)	1.5152	None
GATA4	TTLL7	0.13508	26.5	0	rgb(217,217,217)	1.5152	None
MAFA	LTF	0.13508	26.5	0	rgb(217,217,217)	1.5152	None
ZNF492	FKSG51	0.13508	26.5	0	rgb(217,217,217)	1.5152	2,2
ZNF846	NAV3	0.13508	26.5	0	rgb(217,217,217)	1.5152	None
ZNF846	PPP4R4	0.13508	26.5	0	rgb(217,217,217)	1.5152	None
HIC1	SERPINI1	0.13498	27.25	0.252	rgb(220,169,169)	1.53	None
FOXA1	CBFA2T3	0.13468	26.5	0	rgb(217,217,217)	1.5152	None
MAFA	SYN1	0.13468	26.5	0	rgb(217,217,217)	1.5152	None
ZNF382	TSNAX-DISC1	0.13468	26.5	0	rgb(217,217,217)	1.5152	None
TFCP2L1	MYEF2	0.13458	27.18	0.18	rgb(219,183,183)	1.5286	None
MAFA	UTY	0.13399	27	0	rgb(217,217,217)	1.5251	None
MAFF	SCARA3	0.13399	27	0	rgb(217,217,217)	1.5251	None
PBX3	TEAD2	0.13399	27	0	rgb(217,217,217)	1.5251	None
SIX2	PRKCH	0.13399	27	0	rgb(217,217,217)	1.5251	None
TEAD2	SPAG8	0.13399	27	0	rgb(217,217,217)	1.5251	None
ZNF382	GTF2IRD1P1	0.13399	27	0	rgb(217,217,217)	1.5251	None
NEUROD2	UPK2	-0.13389	27.245	-2.4E-01	rgb(164,185,226)	1.5299	None
LMX1A	ATP6V0E2	-0.13379	27.89	-3.9E-01	rgb(132,165,232)	1.5427	None
TFCP2L1	ARC	-0.13369	27.575	-7.5E-02	rgb(201,207,220)	1.5365	None
HOXB9	IFI44	0.13349	27.57	0.068	rgb(218,204,204)	1.5364	None
ONECUT2	NFAT5	0.13349	28.34	0.341	rgb(221,152,153)	1.5516	None
HSF2	ADD2	0.13329	26.5	0	rgb(217,217,217)	1.5152	None
NHLH1	CLGN	0.13329	26.5	0	rgb(217,217,217)	1.5152	None
NKX2-2	AK5	0.13319	28.025	0.024	rgb(217,212,212)	1.5454	None
SIX2	TENM2	0.133	26.5	0	rgb(217,217,217)	1.5152	None
SOX4	CFC1B	0.133	26.5	0	rgb(217,217,217)	1.5152	None
LHX1	MIR137HG	0.1329	28.26	0.259	rgb(220,168,168)	1.55	None
PAX6	MCM3AP-AS1	-0.1328	27.165	-1.7E-01	rgb(181,195,223)	1.5283	None
LHX1	AK091593	-0.1327	27.75	-2.5E-01	rgb(163,184,226)	1.5399	2,2
ZNF514	LOC100131257	0.1326	27.74	0.238	rgb(220,171,172)	1.5397	2,2
SPIB	LMO3	0.1325	26.5	0	rgb(217,217,217)	1.5152	None
NEUROG3	RPRML	0.1323	28.395	0.393	rgb(221,142,143)	1.5527	None
RFX6	RGS9	0.1323	28.395	0.397	rgb(221,141,142)	1.5527	None
ETS1	SCARA3	0.1318	26.5	0	rgb(217,217,217)	1.5152	None
KCNIP3	FAM57B	0.1318	26.5	0	rgb(217,217,217)	1.5152	2,2
MAFA	SLITRK6	0.1318	26.5	0	rgb(217,217,217)	1.5152	None
MAFB	DHRS2	0.1318	26.5	0	rgb(217,217,217)	1.5152	None
MAFF	CCDC150	0.1318	26.5	0	rgb(217,217,217)	1.5152	None
ONECUT3	LINC00514	0.1317	28.2	0.201	rgb(219,179,179)	1.5488	None
ARX	SPDYE1	0.13151	26.5	0	rgb(217,217,217)	1.5152	None
NHLH1	DZIP1	0.13151	26.5	0	rgb(217,217,217)	1.5152	None
FOXJ1	TMEM212	0.13141	26.5	0	rgb(217,217,217)	1.5152	None
ASCL1	NR4A3	-0.13131	27.275	-2.8E-01	rgb(157,180,228)	1.5305	None
GATA4	IGF2	0.13121	28.73	0.229	rgb(220,173,174)	1.5593	2,2
ETV1	CACNA2D2	0.13101	27.265	0.263	rgb(220,167,167)	1.5303	None
PBX1	TTBK1	0.13101	28.46	0.46	rgb(222,129,130)	1.554	None
FOXA1	PYY	0.12992	27	0	rgb(217,217,217)	1.5251	None
GATA2	CYMP	0.12992	27	0	rgb(217,217,217)	1.5251	None
HES4	CDK5R1	0.12992	27	0	rgb(217,217,217)	1.5251	None
HIF1A	SRRM3	0.12992	27	0	rgb(217,217,217)	1.5251	None
HSF2	CSF1R	0.12992	27	0	rgb(217,217,217)	1.5251	None
LMX1A	SHC3	0.12992	27	0	rgb(217,217,217)	1.5251	None
NKX6-1	RPS15AP10	0.12992	27	0	rgb(217,217,217)	1.5251	None
PDX1	BCL2	0.12992	27	0	rgb(217,217,217)	1.5251	None
SIX2	TPST2	0.12992	27	0	rgb(217,217,217)	1.5251	None
SOX4	APOC3	0.12992	27	0	rgb(217,217,217)	1.5251	None
ZNF382	ADD2	0.12992	27	0	rgb(217,217,217)	1.5251	None
RFX2	RAPGEF4	0.12972	27.735	0.237	rgb(220,172,172)	1.5396	None
ZNF492	LOC400927	0.12972	27.735	0.234	rgb(220,172,173)	1.5396	2,2
HHEX	INA	0.12962	27.725	0.227	rgb(219,174,174)	1.5394	2,2
SIX2	NOXO1	-0.12952	27.865	-3.7E-01	rgb(137,168,231)	1.5422	None
TFCP2L1	RAB26	-0.12942	27.135	-1.3E-01	rgb(188,199,222)	1.5277	None
TEAD1	ARL9	-0.12932	28.185	-1.9E-01	rgb(176,192,224)	1.5485	None
EGR3	DNAH14	-0.12922	28.18	-1.8E-01	rgb(178,193,224)	1.5484	None
ONECUT3	GCH1	-0.12912	28.42	-4.2E-01	rgb(126,162,233)	1.5532	None
ZNF846	BX649158	0.12902	27.125	0.126	rgb(218,193,193)	1.5275	2,2
MYSM1	LOC100272216	0.12892	28.29	0.289	rgb(220,162,162)	1.5506	2,2
ETV1	GLYATL3	0.12882	27.64	0.139	rgb(219,190,191)	1.5377	None
HSF2	RPRML	0.12872	27.525	0.025	rgb(217,212,212)	1.5355	None
TFCP2L1	TUBA1A	0.12863	27.795	0.297	rgb(220,160,161)	1.5408	None
GATA4	VSTM2L	-0.12853	28.68	-1.8E-01	rgb(178,193,224)	1.5584	None
ZNF846	SULT1A4	-0.12843	27.23	-2.3E-01	rgb(167,186,226)	1.5296	None
ETV1	ARL9	0.12813	26.5	0	rgb(217,217,217)	1.5152	None
ETV1	GDF1	0.12813	26.5	0	rgb(217,217,217)	1.5152	None
GATA2	BCL2	0.12813	26.5	0	rgb(217,217,217)	1.5152	None
PDX1	VWCE	-0.12803	28.17	-1.7E-01	rgb(180,195,223)	1.5482	None
EGR3	BEGAIN	0.12733	26.5	0	rgb(217,217,217)	1.5152	None
EGR3	CIB4	0.12733	26.5	0	rgb(217,217,217)	1.5152	None
GATA4	SLC6A16	0.12733	26.5	0	rgb(217,217,217)	1.5152	None
MAFF	DNM3	0.12733	26.5	0	rgb(217,217,217)	1.5152	None
ONECUT2	FAIM2	0.12733	26.5	0	rgb(217,217,217)	1.5152	None
RORC	ITPR1	0.12733	26.5	0	rgb(217,217,217)	1.5152	None
SIX2	TEAD2	0.12733	26.5	0	rgb(217,217,217)	1.5152	None
PDX1	IRF2BP1	0.12714	28.4	0.399	rgb(221,141,142)	1.5528	None
RORC	PDX1	0.12714	28.4	0.401	rgb(221,140,141)	1.5528	None
HSF2	RGS16	0.12704	28.28	0.28	rgb(220,164,164)	1.5504	None
ETV1	SH3RF3-AS1	0.12684	28.165	0.166	rgb(219,185,186)	1.5481	None
NPAS3	FAM57B	0.12684	28.165	0.166	rgb(219,185,186)	1.5481	2,2
ETV1	GPR155	0.12654	28.715	0.214	rgb(219,176,177)	1.559	None
NEUROG3	CYP27C1	0.12654	28.715	0.215	rgb(219,176,176)	1.559	None
ZNF492	GATA4	-0.12654	28.715	-2.2E-01	rgb(170,188,225)	1.559	None
POU5F1	MAP2	0.12644	27.825	0.326	rgb(221,155,155)	1.5414	None
NEUROD2	CACNA1G	0.12634	27.36	0.359	rgb(221,149,149)	1.5322	None
HIC1	MSI1	0.12614	26.5	0	rgb(217,217,217)	1.5152	None
ZNF492	FLJ31662	0.12614	26.5	0	rgb(217,217,217)	1.5152	2,2
SIX2	GRHL3	-0.12604	28.27	-2.7E-01	rgb(158,181,227)	1.5502	None
TGIF2	IFI6	0.12594	28.71	0.212	rgb(219,177,177)	1.5589	None
LHX1	BOC	-0.12584	27.695	-1.9E-01	rgb(175,192,224)	1.5388	None
ZFP28	RSAD2	0.12574	28.325	0.324	rgb(221,155,156)	1.5513	None
GATA2	USP32P2	0.12565	28.125	0.126	rgb(218,193,193)	1.5474	None
LMX1B	LDB1	-0.12555	27.065	-6.5E-02	rgb(203,208,219)	1.5264	None
RORC	HAP1	0.12535	26.5	0	rgb(217,217,217)	1.5152	None
ZNF846	ANKRD36B	0.12535	26.5	0	rgb(217,217,217)	1.5152	2,2
EGR3	GGT5	-0.12525	27.75	-2.5E-01	rgb(163,184,226)	1.5399	None
NKX6-1	SH3TC2	-0.12515	28.63	-1.3E-01	rgb(188,200,222)	1.5574	None
RFX6	SEPT5-GP1BB	0.12505	28.38	0.379	rgb(221,145,145)	1.5524	2,2
PDX1	ADCY5	0.12485	27.79	0.292	rgb(220,161,162)	1.5407	None
RORC	DNAH14	-0.12485	27.79	-2.9E-01	rgb(154,179,228)	1.5407	None
ZNF519	CRIP2	-0.12475	27.305	-3.0E-01	rgb(151,177,229)	1.5311	None
EGR3	TP73	0.12465	27.19	0.192	rgb(219,180,181)	1.5288	None
NR4A2	NDRG4	-0.12455	28.36	-3.6E-01	rgb(139,169,231)	1.552	None
HLF	GATA6	0.12445	28.105	0.106	rgb(218,197,197)	1.547	None
NKX6-1	LINC00514	-0.12435	27.265	-2.7E-01	rgb(159,182,227)	1.5303	None
TGIF2	ADCY2	-0.12426	27.14	-1.4E-01	rgb(186,198,222)	1.5278	None
PBX1	LRFN2	0.12416	27.66	0.16	rgb(219,186,187)	1.5381	None
TFCP2L1	PGA4	-0.12406	28.32	-3.2E-01	rgb(148,175,229)	1.5512	None
MYRF	LOC595101	0.12396	27.78	0.28	rgb(220,163,164)	1.5405	2,2
NPAS3	ASCL1	0.12386	28.695	0.197	rgb(219,179,180)	1.5586	2,2
LMX1B	CACNB4	-0.12376	27.65	-1.5E-01	rgb(184,197,223)	1.5379	None
ZNF846	KLB	-0.12366	27.175	-1.8E-01	rgb(179,194,224)	1.5285	None
PBX3	STMND1	-0.12356	28.57	-7.1E-02	rgb(202,208,220)	1.5562	None
ETS1	OSBPL6	0.12296	26.5	0	rgb(217,217,217)	1.5152	None
MAFB	AEBP1	0.12296	26.5	0	rgb(217,217,217)	1.5152	None
NEUROG3	BTBD11	0.12296	26.5	0	rgb(217,217,217)	1.5152	None
SOX4	RD3	0.12296	26.5	0	rgb(217,217,217)	1.5152	None
TFCP2L1	LINGO1	0.12296	26.5	0	rgb(217,217,217)	1.5152	None
TGIF2	B3GAT1	0.12296	26.5	0	rgb(217,217,217)	1.5152	None
POU5F1	LMO3	0.12286	27.665	0.165	rgb(219,185,186)	1.5382	None
HIC1	CELF4	-0.12257	28.375	-3.7E-01	rgb(136,168,231)	1.5523	None
HSF2	EID2	-0.12257	28.375	-3.8E-01	rgb(136,167,231)	1.5523	None
RFX6	FAM161A	0.12257	28.375	0.373	rgb(221,146,146)	1.5523	None
MAFA	KRT4	0.12247	27.27	0.269	rgb(220,166,166)	1.5304	None
CXXC4	TCP11X2	0.12177	26.5	0	rgb(217,217,217)	1.5152	2,2
LHX1	GLT8D2	0.12177	26.5	0	rgb(217,217,217)	1.5152	None
MAFA	BEND5	0.12177	26.5	0	rgb(217,217,217)	1.5152	None
PDX1	FZD4	0.12177	26.5	0	rgb(217,217,217)	1.5152	None
RORC	BOC	0.12177	26.5	0	rgb(217,217,217)	1.5152	None
RORC	TMEM169	0.12177	26.5	0	rgb(217,217,217)	1.5152	None
TFCP2L1	RASL11B	0.12177	26.5	0	rgb(217,217,217)	1.5152	None
HSF2	ATP1A3	0.12167	28.505	0.007	rgb(217,216,216)	1.5549	None
MAFA	SESN2	-0.12157	27.65	-1.5E-01	rgb(184,197,223)	1.5379	None
ELF4	GABRG2	0.12137	28.685	0.183	rgb(219,182,182)	1.5585	None
RORC	TMEM178B	0.12137	27.76	0.261	rgb(220,167,168)	1.5401	None
SMAD9	SRCIN1	0.12128	27.645	0.146	rgb(219,189,189)	1.5378	None
ZBTB4	E02193	-0.12118	28.335	-3.4E-01	rgb(144,173,230)	1.5515	2,2
HSF2	COL14A1	-0.12108	27.25	-2.5E-01	rgb(163,184,226)	1.53	None
GATA2	FIGNL2	0.12078	26.5	0	rgb(217,217,217)	1.5152	None
ZFP82	SLC1A2	0.12078	26.5	0	rgb(217,217,217)	1.5152	None
ZNF846	SETBP1	0.12078	26.5	0	rgb(217,217,217)	1.5152	None
ETV1	CHST8	0.12068	28.33	0.332	rgb(221,154,154)	1.5514	None
HIF1A	ZNF117	-0.12058	28.37	-3.7E-01	rgb(136,168,231)	1.5522	None
SOX4	NAT14	0.12048	27.745	0.243	rgb(220,171,171)	1.5398	None
FOXA1	TRPM2	0.12038	28.385	0.386	rgb(221,143,144)	1.5525	None
ARX	RASL11B	-0.12028	27.735	-2.3E-01	rgb(166,186,226)	1.5396	None
EGR3	EML1	0.11919	26.5	0	rgb(217,217,217)	1.5152	None
ELF4	CSH1	0.11919	26.5	0	rgb(217,217,217)	1.5152	None
ETV1	FAM131B	0.11919	26.5	0	rgb(217,217,217)	1.5152	None
GATA4	PRPH	0.11919	26.5	0	rgb(217,217,217)	1.5152	None
HSF2	TMEM132C	0.11919	26.5	0	rgb(217,217,217)	1.5152	None
KCNIP3	AK129879	0.11919	26.5	0	rgb(217,217,217)	1.5152	2,2
MAFB	DDN	0.11919	26.5	0	rgb(217,217,217)	1.5152	None
MAFB	HCP5	0.11919	26.5	0	rgb(217,217,217)	1.5152	None
POU5F1	MLXIPL	0.11919	26.5	0	rgb(217,217,217)	1.5152	None
RFX2	CCDC181	0.11919	26.5	0	rgb(217,217,217)	1.5152	None
TEAD1	IFIT1	0.11919	26.5	0	rgb(217,217,217)	1.5152	None
LMX1B	CACNA1A	0.11909	27.73	0.229	rgb(220,173,174)	1.5395	None
SOX4	TRPM2	-0.11899	27.105	-1.1E-01	rgb(194,203,221)	1.5271	None
GATA4	FSD1	0.1181	26.5	0	rgb(217,217,217)	1.5152	None
GATA4	TENM2	0.1181	26.5	0	rgb(217,217,217)	1.5152	None
LMX1B	LMX1A	0.1181	26.5	0	rgb(217,217,217)	1.5152	None
LTF	AK123654	0.1181	26.5	0	rgb(217,217,217)	1.5152	2,2
NR4A2	ATF5	0.1181	26.5	0	rgb(217,217,217)	1.5152	None
PAX4	ANKFN1	0.1181	26.5	0	rgb(217,217,217)	1.5152	None
PBX1	MEP1B	0.1181	26.5	0	rgb(217,217,217)	1.5152	None
RFX2	PAK6	0.1181	26.5	0	rgb(217,217,217)	1.5152	None
TEAD1	SCUBE1	0.1181	26.5	0	rgb(217,217,217)	1.5152	None
ETS1	SCN3B	-0.1179	28.19	-1.9E-01	rgb(176,192,224)	1.5486	None
SOX4	MCOLN3	-0.1179	28.19	-1.9E-01	rgb(176,192,224)	1.5486	None
ZFHX2	CEP290	0.1178	27.295	0.297	rgb(220,160,161)	1.5309	None
MAFA	ACSL6	0.1177	27.025	0.024	rgb(217,212,212)	1.5256	None
ELF4	CEP290	-0.1174	28.365	-3.7E-01	rgb(138,169,231)	1.5521	None
ELF4	CLSPN	-0.1174	28.365	-3.6E-01	rgb(138,169,231)	1.5521	None
MYT1	KCNMB2-IT1	0.1174	28.365	0.365	rgb(221,147,148)	1.5521	2,2
MAFA	MYBPC3	0.1173	27.565	0.063	rgb(218,205,205)	1.5363	None
RFX2	EFNB3	0.1172	27.195	0.195	rgb(219,180,180)	1.5289	None
GATA4	RNPC3	-0.1171	27.66	-1.6E-01	rgb(182,196,223)	1.5381	None
HOXB9	IFI44L	0.117	28.095	0.094	rgb(218,199,199)	1.5468	None
LHX1	SCG2	-0.11691	28.345	-3.4E-01	rgb(142,172,230)	1.5517	None
ATOH8	FLJ35024	0.11661	26	0	rgb(217,217,217)	1.5053	2,2
HEY1	FW340027	0.11661	26	0	rgb(217,217,217)	1.5053	2,2
LMX1B	PMFBP1	0.11661	26	0	rgb(217,217,217)	1.5053	None
EGR3	NPAS3	0.11651	28.34	0.338	rgb(221,152,153)	1.5516	None
NR4A2	B3GAT1	-0.11641	28.3	-3.0E-01	rgb(152,178,228)	1.5508	None
GATA2	LRAT	0.11631	28.36	0.358	rgb(221,149,149)	1.552	None
ZNF514	AX747756	0.11621	27.04	0.042	rgb(217,209,209)	1.5259	2,2
EGR3	CCDC150	0.11581	26	0	rgb(217,217,217)	1.5053	None
GATA4	STARD4-AS1	0.11581	26	0	rgb(217,217,217)	1.5053	None
GATA4	TOX3	0.11581	26	0	rgb(217,217,217)	1.5053	None
LMX1A	SLC25A34	0.11581	26	0	rgb(217,217,217)	1.5053	None
AEBP1	AX746775	0.11542	26	0	rgb(217,217,217)	1.5053	2,2
ETS1	AKT3	0.11542	26	0	rgb(217,217,217)	1.5053	None
MAFA	ADCY5	0.11542	26	0	rgb(217,217,217)	1.5053	None
MYRF	AF289551	0.11542	27.415	0.416	rgb(222,137,138)	1.5333	2,2
HSF2	UPK2	-0.11532	27.625	-1.3E-01	rgb(189,200,222)	1.5374	None
NKX2-2	STMN3	0.11512	28.295	0.297	rgb(220,160,161)	1.5507	None
PBX1	HES6	-0.11512	28.295	-3.0E-01	rgb(153,178,228)	1.5507	None
RORC	EFNB3	0.11502	27.69	0.188	rgb(219,181,181)	1.5387	None
ONECUT3	DCHS1	0.11492	27.375	0.376	rgb(221,145,146)	1.5325	None
FOXA1	USH2A	0.11452	26	0	rgb(217,217,217)	1.5053	None
SIX2	KIRREL3	0.11452	26	0	rgb(217,217,217)	1.5053	None
SMAD9	MAPK8IP1	0.11452	26	0	rgb(217,217,217)	1.5053	None
TFCP2L1	HEYL	0.11452	26	0	rgb(217,217,217)	1.5053	None
GATA2	KCNE4	-0.11432	27.16	-1.6E-01	rgb(183,196,223)	1.5282	None
HEY1	NEUROD2	-0.11432	28.325	-3.2E-01	rgb(147,174,229)	1.5513	None
AEBP1	LPPR3	0.11373	26	0	rgb(217,217,217)	1.5053	2,2
EGR3	CHST8	0.11373	26	0	rgb(217,217,217)	1.5053	None
GATA2	SH3BP5-AS1	0.11373	26	0	rgb(217,217,217)	1.5053	None
HSF2	QSOX2	0.11373	26	0	rgb(217,217,217)	1.5053	None
LMX1B	PTGDR2	0.11373	28.14	0.138	rgb(219,191,191)	1.5477	None
ZFP69B	CHST8	0.11373	26	0	rgb(217,217,217)	1.5053	None
SPIB	PNISR	-0.11353	26.91	-4.1E-01	rgb(128,163,233)	1.5233	None
ZNF846	AF198444	0.11353	27.15	0.148	rgb(219,189,189)	1.528	2,2
NHLH1	YPEL1	0.11343	27.245	0.247	rgb(220,170,170)	1.5299	None
CSRNP3	CERS6-AS1	0.11333	27.33	0.328	rgb(221,154,155)	1.5316	2,2
AEBP1	DQ588732	0.11273	26	0	rgb(217,217,217)	1.5053	2,2
KCNIP3	FAM19A5	0.11273	26	0	rgb(217,217,217)	1.5053	2,2
MAFA	TTR	0.11273	26	0	rgb(217,217,217)	1.5053	None
PBX3	ELL2	0.11273	26	0	rgb(217,217,217)	1.5053	None
RFX6	SCHIP1	0.11273	26	0	rgb(217,217,217)	1.5053	None
ZNF492	CSRNP3	0.11273	26	0	rgb(217,217,217)	1.5053	None
NR4A2	LINC00261	-0.11263	28.29	-2.9E-01	rgb(154,178,228)	1.5506	None
MAFA	ASRGL1	0.11253	27.675	0.173	rgb(219,184,184)	1.5384	None
GATA2	NXPE1	-0.11224	27.14	-1.4E-01	rgb(187,199,222)	1.5278	None
LHX1	FCAMR	-0.11224	28.295	-3.0E-01	rgb(153,178,228)	1.5507	None
ZFHX2	CBX2	0.11224	28.295	0.297	rgb(220,160,161)	1.5507	None
TFCP2L1	KCNQ1OT1	0.11204	27.875	0.373	rgb(221,146,147)	1.5424	None
ZNF846	PLAC4	-0.11204	27.31	-3.1E-01	rgb(150,176,229)	1.5312	None
SIX2	KCNH6	0.11194	28.12	0.118	rgb(218,194,195)	1.5473	None
EGR3	ALAS2	0.11114	26.5	0	rgb(217,217,217)	1.5152	None
EGR3	LRRN2	0.11114	26.5	0	rgb(217,217,217)	1.5152	None
ETS1	KLB	0.11114	26.5	0	rgb(217,217,217)	1.5152	None
ETS1	MPP1	0.11114	26.5	0	rgb(217,217,217)	1.5152	None
ETV1	CITED1	0.11114	26.5	0	rgb(217,217,217)	1.5152	None
FOXA1	SCUBE1	0.11114	26.5	0	rgb(217,217,217)	1.5152	None
RFX2	LMX1B	0.11114	26.5	0	rgb(217,217,217)	1.5152	None
TP73	RNF157	0.11114	26.5	0	rgb(217,217,217)	1.5152	None
EGR3	MAD2L2	0.11104	27.575	0.076	rgb(218,202,203)	1.5365	None
SMAD9	LINGO1	0.11095	27.57	0.072	rgb(218,203,203)	1.5364	None
LMX1A	KRTAP5-2	-0.11085	27.295	-2.9E-01	rgb(153,178,228)	1.5309	None
HSF2	KCNC1	-0.11075	27.565	-6.6E-02	rgb(203,208,220)	1.5363	None
EGR3	PRRT3	0.11025	26	0	rgb(217,217,217)	1.5053	None
ELF4	APOC3	0.11025	26	0	rgb(217,217,217)	1.5053	None
GATA2	CLGN	0.11025	26	0	rgb(217,217,217)	1.5053	None
NKX2-2	CEND1	0.11025	26	0	rgb(217,217,217)	1.5053	None
PBX3	SFMBT2	0.11025	26	0	rgb(217,217,217)	1.5053	None
NR4A3	LINC00494	0.11005	28.28	0.279	rgb(220,164,164)	1.5504	None
TEAD2	YPEL1	0.11005	27.86	0.359	rgb(221,148,149)	1.5421	None
NR4A2	TEAD2	0.10965	26	0	rgb(217,217,217)	1.5053	None
NR4A3	ZNF883	0.10965	26	0	rgb(217,217,217)	1.5053	None
PDX1	ZCCHC18	0.10965	26	0	rgb(217,217,217)	1.5053	None
SIX2	COL16A1	0.10965	26	0	rgb(217,217,217)	1.5053	None
PBX3	ID4	-0.10946	28.105	-1.1E-01	rgb(194,203,221)	1.547	None
ZNF853	KIAA1817	0.10946	28.105	0.104	rgb(218,197,197)	1.547	2,2
HIF1A	LRP2BP	-0.10926	27.23	-2.3E-01	rgb(167,187,226)	1.5296	None
ZFP82	TSNAX-DISC1	-0.10926	27.23	-2.3E-01	rgb(167,187,226)	1.5296	None
LHX1	ZBTB4	0.10916	27.125	0.123	rgb(218,194,194)	1.5275	None
LMX1B	EMB	-0.10886	28.35	-3.5E-01	rgb(141,171,230)	1.5518	None
MAFB	UTY	-0.10886	26.8	-3.0E-01	rgb(151,177,228)	1.5211	None
TEAD2	TAF9B	-0.10886	28.35	-3.5E-01	rgb(141,171,230)	1.5518	None
LMX1B	ITPR1	0.10876	27.75	0.248	rgb(220,170,170)	1.5399	None
FOXD4L5	SNAP25	0.10866	28.45	0.449	rgb(222,131,132)	1.5538	None
LMX1B	NREP	0.10856	27.52	0.02	rgb(217,213,213)	1.5354	None
POU2F2	DPP10	0.10846	26.795	0.294	rgb(220,161,161)	1.521	None
E2F7	SHC3	0.10836	26	0	rgb(217,217,217)	1.5053	None
E2F7	DNM3	-0.10816	28.29	-2.9E-01	rgb(154,179,228)	1.5506	None
SMAD9	BAI2	0.10816	28.29	0.291	rgb(220,161,162)	1.5506	2,2
PRDM16	AHNAK	0.10807	27.965	0.463	rgb(222,129,129)	1.5442	None
HSF2	CACNB4	0.10737	26.5	0	rgb(217,217,217)	1.5152	None
ISL1	RTN4RL1	0.10737	26.5	0	rgb(217,217,217)	1.5152	None
MAFA	HCP5	0.10737	26.5	0	rgb(217,217,217)	1.5152	None
ONECUT2	USH2A	0.10737	26.5	0	rgb(217,217,217)	1.5152	None
ONECUT3	PNPO	0.10737	26.5	0	rgb(217,217,217)	1.5152	None
PAX6	JPH4	0.10737	26.5	0	rgb(217,217,217)	1.5152	None
PBX1	HEYL	0.10737	26.5	0	rgb(217,217,217)	1.5152	None
TFCP2L1	RFX6	-0.10727	27.64	-1.4E-01	rgb(187,199,222)	1.5377	None
ETS1	PCYT1B	-0.10717	27.105	-1.1E-01	rgb(194,203,221)	1.5271	None
KCNIP3	AK095045	0.10697	26	0	rgb(217,217,217)	1.5053	2,2
NR4A2	GTF2IRD1P1	0.10697	26	0	rgb(217,217,217)	1.5053	None
GATA2	TTLL7	0.10687	27.365	0.365	rgb(221,147,148)	1.5323	None
PRDM16	LCP1	0.10667	28.345	0.344	rgb(221,151,152)	1.5517	None
SIM1	GPR123	0.10667	28.345	0.344	rgb(221,151,152)	1.5517	2,2
RORC	G0S2	0.10658	28.285	0.285	rgb(220,163,163)	1.5505	None
LMX1B	PSD	0.10648	28.26	0.259	rgb(220,168,168)	1.55	None
MAFA	TMEM158	0.10638	27.615	0.116	rgb(218,195,195)	1.5372	None
FOXA1	ZNF883	0.10618	26	0	rgb(217,217,217)	1.5053	None
PBX3	DTX1	0.10618	26	0	rgb(217,217,217)	1.5053	None
ZNF492	RPLP0P2	0.10608	27.35	0.349	rgb(221,150,151)	1.532	None
HSF2	ECE2	-0.10598	27.815	-3.2E-01	rgb(148,175,229)	1.5412	None
NHLH1	STX2	-0.10588	26.715	-2.1E-01	rgb(170,189,225)	1.5194	None
PBX3	PNPO	-0.10578	27.19	-1.9E-01	rgb(176,192,224)	1.5288	None
HIF1A	ZFP90	0.10568	28.255	0.254	rgb(220,168,169)	1.5499	None
PDX1	CXXC4	0.10558	27.605	0.104	rgb(218,197,197)	1.5371	None
RORC	SCHIP1	-0.10548	26.705	-2.0E-01	rgb(173,190,225)	1.5192	None
POU5F1	WIF1	-0.10538	26.725	-2.3E-01	rgb(168,187,226)	1.5196	None
FEV	ARHGAP9	-0.10528	27.275	-2.7E-01	rgb(158,181,227)	1.5305	None
LHX1	ANXA6	-0.10518	28.34	-3.4E-01	rgb(143,172,230)	1.5516	None
GATA4	KLHL32	0.10459	26	0	rgb(217,217,217)	1.5053	None
HSF2	EFCC1	-0.10459	27.795	-2.9E-01	rgb(153,178,228)	1.5408	None
MAFA	COL14A1	0.10459	26	0	rgb(217,217,217)	1.5053	None
RORC	GAL	0.10459	26	0	rgb(217,217,217)	1.5053	None
SOX4	YPEL1	0.10459	26	0	rgb(217,217,217)	1.5053	None
ZFP28	KRTAP5-2	0.10459	26	0	rgb(217,217,217)	1.5053	None
ZNF846	AX747756	0.10449	28.245	0.246	rgb(220,170,171)	1.5497	2,2
FOXA1	CATSPERB	0.10439	27.27	0.27	rgb(220,165,166)	1.5304	None
PBX1	RASAL1	0.10429	28.38	0.382	rgb(221,144,145)	1.5524	None
ETS1	FCAMR	0.10419	27.55	0.048	rgb(218,208,208)	1.536	None
HSF2	SLC22A17	-0.10409	28.275	-2.8E-01	rgb(157,181,227)	1.5503	None
LHX1	PDE8B	-0.10399	28.24	-2.4E-01	rgb(165,185,226)	1.5496	None
PLAG1	STMN3	-0.10379	27.265	-2.7E-01	rgb(159,182,227)	1.5303	None
TGIF2	LRP4-AS1	-0.10379	27.535	-3.6E-02	rgb(209,212,218)	1.5357	None
ETS1	MAGED1	-0.1036	27.94	-4.4E-01	rgb(122,159,234)	1.5437	None
HOXB9	SSTR5	-0.1036	27.94	-4.4E-01	rgb(122,159,234)	1.5437	None
FEV	GNG4	0.1034	26.89	0.391	rgb(221,142,143)	1.5229	None
FEV	KCNH3	0.1034	27.68	0.179	rgb(219,183,183)	1.5385	None
ASCL1	ST6GALNAC5	0.103	26	0	rgb(217,217,217)	1.5053	None
HSF2	PKHD1L1	0.103	26	0	rgb(217,217,217)	1.5053	None
MAFA	STMN2	0.103	26	0	rgb(217,217,217)	1.5053	None
ZFP28	ENPP7	0.103	26	0	rgb(217,217,217)	1.5053	None
CCDC17	LOC388849	0.1029	26.7	0.201	rgb(219,179,179)	1.5191	2,2
MAFB	CYP27A1	0.1028	26.875	0.375	rgb(221,145,146)	1.5226	None
ONECUT3	ANKS1B	-0.1027	27.42	-4.2E-01	rgb(126,161,233)	1.5334	None
FOXJ1	SH3RF3	-0.1026	28.365	-3.6E-01	rgb(138,169,231)	1.5521	None
ONECUT3	UBN2	-0.1025	28.24	-2.4E-01	rgb(165,186,226)	1.5496	None
GATA4	GRIK5	0.1024	26.685	0.185	rgb(219,182,182)	1.5188	None
LMX1B	SSTR1	0.1023	26.86	0.36	rgb(221,148,149)	1.5223	None
EGR3	SSTR5	-0.10221	28.235	-2.3E-01	rgb(166,186,226)	1.5495	None
EGR3	DCHS1	0.10181	26	0	rgb(217,217,217)	1.5053	None
LHX1	RNF157	0.10181	26	0	rgb(217,217,217)	1.5053	None
MAFF	LOC151009	0.10181	26	0	rgb(217,217,217)	1.5053	2,2
SPIB	SRRM3	0.10181	27.25	0.251	rgb(220,169,170)	1.53	None
HEY1	CD37	0.10171	27.82	0.322	rgb(221,156,156)	1.5413	None
GATA2	ROS1	0.10131	26.5	0	rgb(217,217,217)	1.5152	None
SMAD9	DTX1	0.10131	26.5	0	rgb(217,217,217)	1.5152	None
SMAD9	ZDHHC8P1	0.10131	26.5	0	rgb(217,217,217)	1.5152	None
SPIB	TMEM132C	0.10131	26.5	0	rgb(217,217,217)	1.5152	None
ELF4	ANKS1B	0.10111	28.36	0.36	rgb(221,148,149)	1.552	None
ETS1	CACNA1E	-0.10111	28.36	-3.6E-01	rgb(139,170,231)	1.552	None
SIX2	LINC00514	0.10101	27.14	0.142	rgb(219,190,190)	1.5278	None
TFCP2L1	QSOX2	0.10091	28.27	0.27	rgb(220,165,166)	1.5502	None
NKX6-1	LINC00907	0.10081	28.23	0.231	rgb(220,173,173)	1.5494	2,2
E2F7	FOXA1	-0.10072	28.225	-2.2E-01	rgb(168,187,226)	1.5493	None
ZNF514	LOC202181	0.10062	26.81	0.312	rgb(220,157,158)	1.5213	2,2
ETV1	GAL	0.10042	27.795	0.296	rgb(220,160,161)	1.5408	None
ETV1	SLC16A12	0.10042	27.755	0.256	rgb(220,168,169)	1.54	None
RORC	SSPO	-0.10012	26.665	-1.7E-01	rgb(181,195,223)	1.5184	None
TFCP2L1	EML5	0.10012	26.665	0.163	rgb(219,186,186)	1.5184	None
TFCP2L1	HEY1	0.10012	26.665	0.164	rgb(219,186,186)	1.5184	None
ETV1	KRT4	0.10002	27.355	0.354	rgb(221,149,150)	1.5321	None
ZNF519	WNT9A	-0.099921	28.22	-2.2E-01	rgb(169,188,225)	1.5492	None
PBX3	CELF4	0.099821	27.93	0.429	rgb(222,135,136)	1.5435	None
EBF3	STARD8	0.099523	26.5	0	rgb(217,217,217)	1.5152	None
HSF2	MCM3AP-AS1	0.099523	26.5	0	rgb(217,217,217)	1.5152	None
PRDM16	CD70	0.099523	26.5	0	rgb(217,217,217)	1.5152	None
TP73	TET1	-0.099424	28.345	-3.4E-01	rgb(142,171,230)	1.5517	None
LHX1	KCTD16	-0.099325	28.33	-3.3E-01	rgb(145,173,230)	1.5514	None
SOX4	SEC11C	-0.099225	28.21	-2.1E-01	rgb(171,189,225)	1.549	None
PDX1	PMFBP1	-0.099027	26.78	-2.8E-01	rgb(157,180,228)	1.5207	None
TET1	GAP43	-0.099027	27.62	-1.2E-01	rgb(191,201,221)	1.5373	None
NR4A3	CALCOCO1	0.098927	26.65	0.148	rgb(219,189,189)	1.5181	None
NKX2-2	CAMKV	-0.098729	28.205	-2.1E-01	rgb(172,190,225)	1.5489	None
ZNF846	VWCE	0.098729	28.205	0.206	rgb(219,178,178)	1.5489	None
NKX2-2	BCL2	0.09853	26	0	rgb(217,217,217)	1.5053	None
RFX2	NOVA2	0.09853	26	0	rgb(217,217,217)	1.5053	None
FOXA1	RAB4B-EGLN2	0.098331	26.785	0.286	rgb(220,162,163)	1.5208	None
FOXD4L5	USH2A	0.098331	26.63	0.128	rgb(218,192,193)	1.5177	None
FOXA1	EIF4EBP1	-0.098232	27.74	-2.4E-01	rgb(165,185,226)	1.5397	None
ARX	PCSK2	0.098033	26	0	rgb(217,217,217)	1.5053	None
FEV	PBX3	0.098033	26	0	rgb(217,217,217)	1.5053	None
FOXD4L5	HMBOX1	0.097934	28.335	0.335	rgb(221,153,154)	1.5515	None
NR4A2	CRLF1	-0.097835	27.325	-3.2E-01	rgb(147,174,229)	1.5315	None
TFCP2L1	MX1	0.097735	27.245	0.243	rgb(220,171,171)	1.5299	None
ZNF382	NPAS3	-0.097636	28.33	-3.3E-01	rgb(145,173,230)	1.5514	None
TEAD1	CD37	0.097537	27.92	0.421	rgb(222,137,137)	1.5433	None
LMX1B	LIMD2	0.097437	26.755	0.255	rgb(220,168,169)	1.5202	2,2
SIX2	GAD2	0.097239	28.325	0.327	rgb(221,155,155)	1.5513	None
TFCP2L1	CRIP2	0.097239	28.325	0.325	rgb(221,155,155)	1.5513	None
NR4A2	WDR17	0.097139	27.725	0.223	rgb(219,174,175)	1.5394	None
EGR3	PAM	0.09704	28.325	0.324	rgb(221,155,156)	1.5513	None
HMBOX1	FCAMR	0.096941	26.595	0.093	rgb(218,199,199)	1.517	None
ZNF846	LOC100288123	0.096841	28.195	0.194	rgb(219,180,180)	1.5487	2,2
LMX1B	LRRC36	0.096742	27.11	0.11	rgb(218,196,196)	1.5272	None
POU2F2	CXXC4	0.096643	27.915	0.415	rgb(222,138,139)	1.5432	None
MAFA	CHGB	0.096444	28.32	0.319	rgb(221,156,157)	1.5512	None
ZNF492	TUBB2B	-0.096444	28.32	-3.2E-01	rgb(148,175,229)	1.5512	None
TEAD2	H1FX-AS1	0.096345	28.255	0.254	rgb(220,168,169)	1.5499	None
EGR3	CHRNA5	0.096246	26.61	0.112	rgb(218,196,196)	1.5173	None
SPIB	POU6F1	0.096146	28.17	0.169	rgb(219,185,185)	1.5482	None
HSF2	PITRM1-AS1	-0.096047	27.2	-2.0E-01	rgb(174,191,225)	1.529	None
ELF4	SRRM3	0.095451	26	0	rgb(217,217,217)	1.5053	None
GATA2	LRRC37A	0.095451	26	0	rgb(217,217,217)	1.5053	None
HIC1	TEKT2	0.095451	26	0	rgb(217,217,217)	1.5053	None
LMX1A	CRY2	0.095451	26	0	rgb(217,217,217)	1.5053	None
MAFA	FGF17	0.095451	26	0	rgb(217,217,217)	1.5053	None
RFX2	RAB3C	0.095451	26	0	rgb(217,217,217)	1.5053	None
ZBTB25	CATSPER2	0.095352	28.165	0.163	rgb(219,186,186)	1.5481	2,2
MYSM1	LOC100131257	0.095252	27.22	0.219	rgb(219,175,176)	1.5294	2,2
LHX1	SYT2	0.095054	26.575	0.077	rgb(218,202,202)	1.5166	None
TFCP2L1	DNAJB13	0.095054	26.64	0.141	rgb(219,190,190)	1.5179	None
GATA6	RPS3	0.094954	27.195	0.196	rgb(219,179,180)	1.5289	None
ONECUT1	TMEM189-UBE2V1	0.094855	26.57	0.071	rgb(218,203,204)	1.5165	None
NR4A3	CFC1B	0.094756	27.91	0.408	rgb(221,139,140)	1.5431	None
HSF2	FIGNL2	-0.094656	28.16	-1.6E-01	rgb(182,196,223)	1.548	None
NEUROD2	ELF4	-0.094458	28.32	-3.2E-01	rgb(147,175,229)	1.5512	None
PBX1	MYRF	0.094458	28.32	0.32	rgb(221,156,156)	1.5512	None
EGR3	CACNG6	0.09416	25.5	0	rgb(217,217,217)	1.4953	None
EGR3	CPNE9	0.09416	25.5	0	rgb(217,217,217)	1.4953	None
LMX1B	PBOV1	0.09416	25.5	0	rgb(217,217,217)	1.4953	None
E2F7	ANKFN1	-0.093961	26.555	-5.7E-02	rgb(205,209,219)	1.5162	None
ZNF846	NFAT5	0.093961	28.18	0.182	rgb(219,182,183)	1.5484	None
NKX6-1	GADD45A	0.093862	28.31	0.308	rgb(220,158,159)	1.551	None
FOXD4L5	LOC729603	0.093365	25.5	0	rgb(217,217,217)	1.4953	2,2
HIF1A	CNIH2	0.093365	25.5	0	rgb(217,217,217)	1.4953	None
LMX1A	SPTBN4	0.093365	25.5	0	rgb(217,217,217)	1.4953	None
PBX3	STK33	0.093365	25.5	0	rgb(217,217,217)	1.4953	None
POU5F1	RPS15AP10	0.093365	25.5	0	rgb(217,217,217)	1.4953	None
EGR3	SCN1B	-0.093166	27.07	-6.9E-02	rgb(202,208,220)	1.5265	None
PAX6	OLFML2B	0.093166	26.575	0.075	rgb(218,203,203)	1.5166	None
FEV	STX1A	0.092769	25.5	0	rgb(217,217,217)	1.4953	None
LHX1	LINC00894	0.092769	25.5	0	rgb(217,217,217)	1.4953	None
PDX1	GAL	0.092769	25.5	0	rgb(217,217,217)	1.4953	None
ZFHX2	CD96	0.092769	25.5	0	rgb(217,217,217)	1.4953	None
SMAD9	MTSS1	0.09267	27.905	0.406	rgb(221,139,140)	1.543	None
EGR3	GDF1	-0.092273	27.05	-4.9E-02	rgb(206,210,219)	1.5261	None
HSF2	AADAT	0.092273	25.5	0	rgb(217,217,217)	1.4953	None
INSM1	LHX1	0.092273	25.5	0	rgb(217,217,217)	1.4953	None
TFCP2L1	NKTR	0.092273	25.5	0	rgb(217,217,217)	1.4953	None
SIM1	AK125333	0.092173	27.36	0.359	rgb(221,148,149)	1.5322	2,2
RFX3	SIX2	0.091975	25.5	0	rgb(217,217,217)	1.4953	None
ZNF846	AADAT	0.091975	25.5	0	rgb(217,217,217)	1.4953	None
HSF2	NOTUM	0.091577	25.5	0	rgb(217,217,217)	1.4953	None
LHX1	DNAJB13	0.091577	25.5	0	rgb(217,217,217)	1.4953	None
MYRF	AK302511	0.091577	25.5	0	rgb(217,217,217)	1.4953	2,2
ZNF492	AK125858	0.091577	25.5	0	rgb(217,217,217)	1.4953	2,2
ARX	GRIK5	0.090981	26	0	rgb(217,217,217)	1.5053	None
CCDC17	LOC100128288	0.090981	26	0	rgb(217,217,217)	1.5053	2,2
RORC	LHX1	0.090981	26	0	rgb(217,217,217)	1.5053	None
ZFHX2	KHK	0.090981	26	0	rgb(217,217,217)	1.5053	None
ZFP82	NPM2	0.090981	26	0	rgb(217,217,217)	1.5053	None
ZNF382	SMARCD2	-0.090981	28.17	-1.7E-01	rgb(180,195,223)	1.5482	None
TFCP2L1	DEFB1	-0.090882	26.83	-3.3E-01	rgb(145,173,230)	1.5217	None
ELF4	TGIF2	-0.090783	28.125	-1.3E-01	rgb(189,200,222)	1.5474	None
MAFA	PGF	0.090683	27.265	0.263	rgb(220,167,167)	1.5303	None
FOXA1	UCP2	0.090584	27.17	0.172	rgb(219,184,185)	1.5284	None
ETS1	NPM2	-0.090286	27.34	-3.4E-01	rgb(143,172,230)	1.5318	None
LMX1B	CCDC40	0.090286	27.34	0.342	rgb(221,152,152)	1.5318	None
PBX3	ITGA7	0.090286	28.315	0.313	rgb(220,157,158)	1.5511	None
PDX1	CCDC14	-0.090087	28.245	-2.5E-01	rgb(163,184,226)	1.5497	None
TP73	UCP2	0.090087	28.245	0.246	rgb(220,170,170)	1.5497	None
CBX2	BC073932	0.089789	25.5	0	rgb(217,217,217)	1.4953	2,2
LHX1	PTPRN	0.089789	25.5	0	rgb(217,217,217)	1.4953	None
PDX1	FGF17	0.089789	25.5	0	rgb(217,217,217)	1.4953	None
GATA4	LINC00514	-0.08969	28.295	-2.9E-01	rgb(153,178,228)	1.5507	None
SIX2	MX2	-0.089591	27.165	-1.7E-01	rgb(181,195,223)	1.5283	None
LHX1	FFAR2	-0.089491	26.68	-1.8E-01	rgb(178,193,224)	1.5187	None
NR4A3	PCED1B-AS1	0.089392	26.8	0.301	rgb(220,159,160)	1.5211	None
HMBOX1	HSPA6	-0.089293	26.69	-1.9E-01	rgb(176,192,224)	1.5189	None
FOXJ1	PER2	0.088995	25.5	0	rgb(217,217,217)	1.4953	None
MAFB	SYP	0.088995	25.5	0	rgb(217,217,217)	1.4953	None
PDX1	GSTM2	0.088995	25.5	0	rgb(217,217,217)	1.4953	None
ADNP	GUSBP9	0.0883	26	0	rgb(217,217,217)	1.5053	2,2
ELF4	CNR1	0.0883	26	0	rgb(217,217,217)	1.5053	None
HSF2	SRRM3	0.0883	26	0	rgb(217,217,217)	1.5053	None
LMX1B	SMOC1	0.0883	26	0	rgb(217,217,217)	1.5053	None
PAX4	HSPA6	0.0883	26	0	rgb(217,217,217)	1.5053	None
RORC	PBOV1	0.0883	26	0	rgb(217,217,217)	1.5053	None
TEAD2	ANKRD13B	0.0883	26	0	rgb(217,217,217)	1.5053	None
GATA2	CRIP1	-0.0882	27.66	-1.6E-01	rgb(182,196,223)	1.5381	None
ZNF382	ATP1A3	-0.088101	28.075	-7.7E-02	rgb(200,207,220)	1.5464	None
NKX6-1	STK33	-0.088002	26.67	-1.7E-01	rgb(180,195,223)	1.5185	None
HIF1A	SPTBN4	-0.087902	28.31	-3.1E-01	rgb(150,176,229)	1.551	None
GATA4	KCNMB2	0.087803	28.285	0.286	rgb(220,162,163)	1.5505	None
E2F7	KCTD16	0.087505	25.5	0	rgb(217,217,217)	1.4953	None
FOXP2	BCL2	0.087505	25.5	0	rgb(217,217,217)	1.4953	None
SIX2	KCTD16	0.087505	25.5	0	rgb(217,217,217)	1.4953	None
HIC1	ACSS3	-0.087406	27.29	-2.9E-01	rgb(154,179,228)	1.5308	None
ZFP28	LIPC	-0.087306	27.895	-3.9E-01	rgb(132,165,232)	1.5428	None
FOXA2	EDAR	0.087207	25.5	0	rgb(217,217,217)	1.4953	None
ELF4	SPDYE7P	0.086512	26	0	rgb(217,217,217)	1.5053	None
ETV1	RTEL1	0.086512	26	0	rgb(217,217,217)	1.5053	None
HOXB9	CCK	0.086512	26	0	rgb(217,217,217)	1.5053	None
LHX1	IGSF10	0.086512	26	0	rgb(217,217,217)	1.5053	None
PDX1	KCNC1	0.086512	26	0	rgb(217,217,217)	1.5053	None
RORC	HHEX	0.086512	26	0	rgb(217,217,217)	1.5053	None
SOX4	CD200	0.086512	26	0	rgb(217,217,217)	1.5053	None
EGR3	RNF157	0.086412	28.305	0.303	rgb(220,159,160)	1.5509	None
PRDM16	GCK	-0.086313	28.275	-2.8E-01	rgb(157,181,227)	1.5503	None
ONECUT3	CLPS	-0.086214	27.22	-2.2E-01	rgb(169,188,225)	1.5294	None
ZFP28	MCOLN3	0.086114	28.115	0.114	rgb(218,195,195)	1.5472	None
EGR3	PHGR1	0.086015	26.515	0.016	rgb(217,214,214)	1.5155	None
RORC	NPTX1	0.085816	28.23	0.228	rgb(220,174,174)	1.5494	None
TEAD2	PODXL2	0.085816	28.23	0.23	rgb(220,173,174)	1.5494	None
NEUROG3	KCNF1	0.085717	27.215	0.213	rgb(219,176,177)	1.5293	None
HSF2	NAT14	-0.085618	27.885	-3.8E-01	rgb(134,166,232)	1.5426	None
ZNF492	TTR	-0.085518	27.125	-1.3E-01	rgb(189,200,222)	1.5275	None
MAFA	MCM3AP-AS1	0.08532	25.5	0	rgb(217,217,217)	1.4953	None
ZNF846	LTBP2	0.08532	25.5	0	rgb(217,217,217)	1.4953	None
PRDM16	TMEM158	-0.085221	27.6	-1.0E-01	rgb(195,204,221)	1.537	None
FOXA1	NCALD	0.084823	25.5	0	rgb(217,217,217)	1.4953	None
NHLH1	CACNA1H	0.084823	28.225	0.223	rgb(219,174,175)	1.5493	None
ONECUT3	ACSL6	0.084823	25.5	0	rgb(217,217,217)	1.4953	None
TFCP2L1	GNG4	0.084823	25.5	0	rgb(217,217,217)	1.4953	None
ELF4	MAP9	-0.084724	28.3	-3.0E-01	rgb(152,177,228)	1.5508	None
HSF2	KCNJ2	-0.084625	27.865	-3.7E-01	rgb(138,169,231)	1.5422	None
ELF4	CTNND1	0.084525	27.885	0.387	rgb(221,143,144)	1.5426	None
FOXD4L5	STK33	-0.084426	27.2	-2.0E-01	rgb(173,190,225)	1.529	None
NR4A2	CBFA2T3	-0.084327	26.635	-1.4E-01	rgb(188,199,222)	1.5178	None
HSF2	B3GNTL1	0.084227	26.76	0.261	rgb(220,167,168)	1.5203	None
ONECUT3	PEX5L	0.084029	27.85	0.348	rgb(221,151,151)	1.5419	None
ZFP28	CERKL	-0.084029	27.85	-3.5E-01	rgb(141,171,230)	1.5419	None
HOXB9	CIB4	0.083929	26.32	0.318	rgb(220,156,157)	1.5116	None
ONECUT1	DPYSL3	-0.08383	28.22	-2.2E-01	rgb(169,188,225)	1.5492	None
RORC	NPY	-0.083731	27.095	-9.6E-02	rgb(196,204,221)	1.5269	None
ZFHX2	FAM171A2	-0.083631	27.085	-8.5E-02	rgb(198,206,220)	1.5267	None
HOXB9	WWC2-AS2	0.083532	27.185	0.185	rgb(219,182,182)	1.5287	None
PDX1	EIF4EBP1	-0.083433	27.635	-1.3E-01	rgb(188,199,222)	1.5376	None
PBX1	RASL11B	-0.083333	28.215	-2.2E-01	rgb(170,189,225)	1.5491	None
RORC	MANEAL	-0.083234	27.83	-3.3E-01	rgb(146,174,229)	1.5415	None
LHX1	TMEM189-UBE2V1	0.082936	25.5	0	rgb(217,217,217)	1.4953	None
NR4A3	ZFP90	0.082936	25.5	0	rgb(217,217,217)	1.4953	None
PDX1	SOGA3	0.082936	25.5	0	rgb(217,217,217)	1.4953	None
ZFP82	PKHD1L1	0.082837	27.88	0.379	rgb(221,145,145)	1.5425	None
EGR3	FAM161A	-0.082737	27.625	-1.2E-01	rgb(190,201,222)	1.5374	None
GATA4	FOXJ1	0.082042	26	0	rgb(217,217,217)	1.5053	None
HSF2	ANGPT2	0.082042	26	0	rgb(217,217,217)	1.5053	None
ONECUT2	REG4	0.082042	26	0	rgb(217,217,217)	1.5053	None
RFX3	FAM92B	0.082042	26	0	rgb(217,217,217)	1.5053	None
TGIF2	GPRASP2	0.082042	26	0	rgb(217,217,217)	1.5053	None
ZFHX2	HNF1A-AS1	0.082042	26	0	rgb(217,217,217)	1.5053	None
ZNF846	MAFA	0.082042	26	0	rgb(217,217,217)	1.5053	None
SMAD9	PGF	-0.081943	28.21	-2.1E-01	rgb(172,190,225)	1.549	None
HSF2	VWCE	-0.081843	27.21	-2.1E-01	rgb(171,189,225)	1.5292	None
FOXJ1	TRPM3	0.081446	25.5	0	rgb(217,217,217)	1.4953	None
LHX1	ATP6V1G2	0.081446	25.5	0	rgb(217,217,217)	1.4953	None
ONECUT2	AMBP	0.081446	25.5	0	rgb(217,217,217)	1.4953	None
RORC	DDN	0.081446	25.5	0	rgb(217,217,217)	1.4953	None
ONECUT1	MEP1B	0.081248	26.54	0.038	rgb(217,210,210)	1.516	None
ONECUT3	SLC35F3	0.081248	28.29	0.288	rgb(220,162,163)	1.5506	None
LHX1	LOC100506585	0.081148	27.805	0.303	rgb(220,159,160)	1.541	2,2
ETV1	FAM155B	-0.081049	27.205	-2.0E-01	rgb(173,190,225)	1.5291	None
TFCP2L1	TMEM158	0.08095	27.585	0.083	rgb(218,201,201)	1.5367	None
HOMEZ	IL11	0.080751	26.7	0.201	rgb(219,179,179)	1.5191	2,2
HSF2	PPP1R14A	-0.080751	26.7	-2.0E-01	rgb(173,190,225)	1.5191	None
ETS1	PTP4A3	-0.080552	26.695	-1.9E-01	rgb(175,191,224)	1.519	None
ZNF492	AF198444	0.080552	27.155	0.155	rgb(219,187,188)	1.5281	2,2
MAFB	CAND2	-0.080056	27.795	-3.0E-01	rgb(153,178,228)	1.5408	None
ONECUT2	ALAS2	-0.080056	28.285	-2.9E-01	rgb(155,179,228)	1.5505	None
ONECUT3	AK5	0.080056	25.5	0	rgb(217,217,217)	1.4953	None
POU6F1	CPA1	0.080056	25.5	0	rgb(217,217,217)	1.4953	None
TEAD1	TSNAX-DISC1	0.080056	25.5	0	rgb(217,217,217)	1.4953	None
MYSM1	AX746677	0.079956	28.23	0.231	rgb(220,173,173)	1.5494	2,2
MAFB	TTC7B	-0.079857	26.865	-3.7E-01	rgb(137,169,231)	1.5224	None
PBX3	PARD6A	0.079758	26.685	0.184	rgb(219,182,182)	1.5188	None
ZNF492	CCDC181	0.079658	28.225	0.224	rgb(219,174,175)	1.5493	None
RFX6	GCK	0.079559	27.98	0.481	rgb(222,125,126)	1.5445	None
GATA4	HIP1	-0.07946	26.545	-4.6E-02	rgb(207,211,219)	1.516	None
LHX1	DYNC1I1	0.07936	27.51	0.008	rgb(217,215,216)	1.5352	None
ZFHX2	SFMBT2	-0.079261	28.215	-2.1E-01	rgb(171,189,225)	1.5491	None
GATA2	LGI3	0.078566	26	0	rgb(217,217,217)	1.5053	None
GATA4	PSD	0.078566	26	0	rgb(217,217,217)	1.5053	None
HSF2	HOMEZ	0.078566	26	0	rgb(217,217,217)	1.5053	None
NKX6-1	LINC00893	0.078566	26	0	rgb(217,217,217)	1.5053	None
NR4A2	SFMBT2	0.078566	26	0	rgb(217,217,217)	1.5053	None
PDX1	ZNF519	0.078566	26	0	rgb(217,217,217)	1.5053	None
SIX2	AMPH	0.078566	26	0	rgb(217,217,217)	1.5053	None
HSF2	CYMP	0.078367	28.28	0.282	rgb(220,163,164)	1.5504	None
TFCP2L1	HOMEZ	-0.078367	26.52	-2.1E-02	rgb(212,214,218)	1.5156	None
ETV1	KRTAP5-2	0.078069	25.5	0	rgb(217,217,217)	1.4953	None
NEUROD2	HHEX	0.078069	25.5	0	rgb(217,217,217)	1.4953	None
TEAD1	SULT1A4	0.078069	25.5	0	rgb(217,217,217)	1.4953	None
ZNF853	MAPK8IP2	0.07797	26.67	0.169	rgb(219,185,185)	1.5185	2,2
ZFHX2	ELAVL4	0.07787	27.115	0.113	rgb(218,195,196)	1.5273	None
NHLH1	RSPH4A	-0.077771	26.665	-1.6E-01	rgb(181,195,223)	1.5184	None
RORC	APLN	0.077672	27.825	0.324	rgb(221,155,156)	1.5414	None
GATA2	TMOD1	0.077573	27.865	0.367	rgb(221,147,148)	1.5422	None
PAX6	AK5	0.077473	27.1	0.101	rgb(218,198,198)	1.527	None
TEAD1	DNLZ	-0.077374	27.82	-3.2E-01	rgb(148,175,229)	1.5413	None
SOX4	SGCD	-0.077275	27.15	-1.5E-01	rgb(185,197,223)	1.528	None
FOXA2	TMPRSS11E	-0.077175	27.36	-3.6E-01	rgb(139,169,231)	1.5322	None
PBX3	UPK2	-0.076877	28.275	-2.7E-01	rgb(158,181,227)	1.5503	None
SOX4	TMEFF2	-0.076877	28.275	-2.7E-01	rgb(158,181,227)	1.5503	None
TEAD1	CADM2	-0.076877	28.275	-2.8E-01	rgb(157,180,228)	1.5503	None
PBX3	SULT2A1	0.076778	26.195	0.193	rgb(219,180,180)	1.5091	None
MAFB	GADD45A	0.076679	26.27	0.27	rgb(220,165,166)	1.5106	None
RORC	NFAT5	-0.076579	27.815	-3.1E-01	rgb(149,176,229)	1.5412	None
ETV1	DNAH11	0.076381	27.755	0.253	rgb(220,169,169)	1.54	None
MYRF	AK092380	-0.076381	27.755	-2.5E-01	rgb(162,184,227)	1.54	2,2
LHX1	JMJD1C-AS1	0.076281	26.635	0.137	rgb(219,191,191)	1.5178	None
TEAD1	LINC00894	0.076182	26.18	0.182	rgb(219,182,183)	1.5088	None
NEUROG3	SAMD5	0.076083	27.96	0.461	rgb(222,129,130)	1.5441	None
TET1	GDF11	0.075983	27.27	0.271	rgb(220,165,166)	1.5304	None
HLF	MEP1B	0.075884	27.805	0.303	rgb(220,159,160)	1.541	None
FOXD4L5	HSPA6	0.075089	25.5	0	rgb(217,217,217)	1.4953	None
MAFA	FSD1	0.075089	25.5	0	rgb(217,217,217)	1.4953	None
NR4A3	SYP	0.075089	25.5	0	rgb(217,217,217)	1.4953	None
SIX2	CDHR3	0.075089	25.5	0	rgb(217,217,217)	1.4953	None
SIX2	HDAC7	0.075089	25.5	0	rgb(217,217,217)	1.4953	None
SMAD9	PITRM1-AS1	0.075089	25.5	0	rgb(217,217,217)	1.4953	None
TEAD2	WWC2-AS2	0.075089	25.5	0	rgb(217,217,217)	1.4953	None
ZNF117	AFF2	0.075089	25.5	0	rgb(217,217,217)	1.4953	2,2
LHX1	RCOR3	0.07499	26.245	0.245	rgb(220,170,171)	1.5101	None
GATA4	RFTN2	0.074493	25	0	rgb(217,217,217)	1.4854	None
LMX1B	POU5F1	0.074493	25	0	rgb(217,217,217)	1.4854	None
ONECUT1	TMEM196	0.074493	28.185	0.187	rgb(219,181,182)	1.5485	None
SOX4	BTBD17	0.074493	25	0	rgb(217,217,217)	1.4854	None
TEAD1	SLC6A16	0.074493	25	0	rgb(217,217,217)	1.4854	None
PDX1	LEFTY1	0.074295	27.86	0.36	rgb(221,148,149)	1.5421	None
SMAD9	LCP1	0.074295	27.86	0.358	rgb(221,149,149)	1.5421	None
ETS1	PDZD4	0.073997	25	0	rgb(217,217,217)	1.4854	None
ONECUT3	CCDC162P	0.073997	25	0	rgb(217,217,217)	1.4854	None
SOX4	MMP11	0.073997	25	0	rgb(217,217,217)	1.4854	None
ZFP90	OGFRL1	0.073897	28.165	0.166	rgb(219,185,186)	1.5481	None
SIX2	PRR5-ARHGAP8	0.073798	27.265	0.265	rgb(220,166,167)	1.5303	None
ETS1	NACAD	-0.073699	26.24	-2.4E-01	rgb(165,185,226)	1.51	None
FOXA1	PNPO	0.073202	25	0	rgb(217,217,217)	1.4854	None
NKX6-1	PDE2A	0.073202	25	0	rgb(217,217,217)	1.4854	None
ONECUT3	APLN	0.073202	25	0	rgb(217,217,217)	1.4854	None
SPIB	BCL2	0.073202	25	0	rgb(217,217,217)	1.4854	None
ZNF519	CPLX2	0.073202	25	0	rgb(217,217,217)	1.4854	None
ELF4	CYGB	0.073103	27.105	0.103	rgb(218,197,198)	1.5271	None
FEV	HGFAC	0.073004	27.795	0.295	rgb(220,161,161)	1.5408	None
ZNF846	UCN3	-0.072904	26.275	-2.7E-01	rgb(157,181,227)	1.5107	None
GATA4	CNTD2	0.072209	25	0	rgb(217,217,217)	1.4854	None
MAFF	KCTD16	0.072209	25	0	rgb(217,217,217)	1.4854	None
NR4A3	ZNF519	0.072209	26.75	0.252	rgb(220,169,169)	1.5201	None
PBX3	NALCN	0.072209	25	0	rgb(217,217,217)	1.4854	None
RORC	PAM	0.072209	26.75	0.25	rgb(220,169,170)	1.5201	None
RORC	SERPINA10	0.072209	25	0	rgb(217,217,217)	1.4854	None
SOX4	MMP13	0.072209	25	0	rgb(217,217,217)	1.4854	None
ETV1	RPS15AP10	0.071911	25.5	0	rgb(217,217,217)	1.4953	None
FEV	ZNF853	0.071911	25.5	0	rgb(217,217,217)	1.4953	None
TFCP2L1	RD3	0.071911	25.5	0	rgb(217,217,217)	1.4953	None
RFX6	MAP6	0.071812	27.955	0.457	rgb(222,130,131)	1.544	None
ATF6	TENM2	0.071116	25	0	rgb(217,217,217)	1.4854	None
EGR3	STX2	0.071116	25	0	rgb(217,217,217)	1.4854	None
GATA4	ANGPT2	0.071116	25	0	rgb(217,217,217)	1.4854	None
LHX1	NR4A2	0.071116	25	0	rgb(217,217,217)	1.4854	None
NR4A2	AVPR1B	0.071116	25	0	rgb(217,217,217)	1.4854	None
ZFP28	APLN	0.071116	25	0	rgb(217,217,217)	1.4854	None
ZFP82	ZCCHC18	0.071116	25	0	rgb(217,217,217)	1.4854	None
FOXD4L5	ELL2	0.070918	27.725	0.225	rgb(219,174,175)	1.5394	None
ZFP90	CAMKV	0.070918	27.725	0.226	rgb(219,174,174)	1.5394	None
AKNA	DUSP26	-0.07062	28.265	-2.6E-01	rgb(160,182,227)	1.5501	2,2
FOXA1	RPS15AP10	-0.07062	27.25	-2.5E-01	rgb(163,184,226)	1.53	None
HSF2	SRM	0.07062	28.265	0.263	rgb(220,167,167)	1.5501	None
ASCL1	STX2	0.070123	25	0	rgb(217,217,217)	1.4854	None
ELF4	CITED2	0.070123	25	0	rgb(217,217,217)	1.4854	None
NR4A2	CADPS	0.070123	25	0	rgb(217,217,217)	1.4854	None
PAX6	LINC00893	0.070123	25	0	rgb(217,217,217)	1.4854	None
PBX1	H1FX-AS1	0.070123	25	0	rgb(217,217,217)	1.4854	None
EGR3	MSH5	0.070024	26.605	0.107	rgb(218,197,197)	1.5172	None
ATF5	MSH5	0.069627	25	0	rgb(217,217,217)	1.4854	None
GATA4	VOPP1	0.069627	25	0	rgb(217,217,217)	1.4854	None
LHX1	MPP1	0.069627	25	0	rgb(217,217,217)	1.4854	None
MAFA	CDRT4	0.069627	25	0	rgb(217,217,217)	1.4854	None
ATF6	RUNDC3A	0.069229	27.295	0.294	rgb(220,161,161)	1.5309	None
EGR3	MINOS1-NBL1	-0.069229	27.855	-3.6E-01	rgb(139,170,231)	1.542	2,2
FOXA1	MAGED1	0.069229	27.855	0.354	rgb(221,149,150)	1.542	None
ZFP28	CHRNB4	-0.069229	27.295	-3.0E-01	rgb(153,178,228)	1.5309	None
PRDM16	TUBB3	-0.06913	26.595	-9.6E-02	rgb(196,204,221)	1.517	None
PAX6	CRIP1	0.069031	27.05	0.051	rgb(218,207,207)	1.5261	None
ETS1	KCNJ2	-0.068931	26.595	-9.6E-02	rgb(196,204,221)	1.517	None
ZNF492	LOC100294362	0.068832	26.735	0.233	rgb(220,172,173)	1.5198	2,2
AEBP1	GRIA2	0.068633	26.735	0.236	rgb(220,172,172)	1.5198	2,2
ZNF117	AK056486	0.068633	26.735	0.237	rgb(220,172,172)	1.5198	2,2
GATA4	LTBP2	0.068534	26.585	0.083	rgb(218,201,201)	1.5168	None
E2F7	FXYD6	-0.068137	27.95	-4.5E-01	rgb(120,158,234)	1.5439	None
HMBOX1	ABCC4	0.068137	27.95	0.452	rgb(222,131,132)	1.5439	None
MYT1	UCHL1	0.068137	27.95	0.451	rgb(222,131,132)	1.5439	2,2
RFX6	B3GAT1	0.068137	27.95	0.448	rgb(222,131,132)	1.5439	None
PDX1	MYSM1	-0.068037	27.78	-2.8E-01	rgb(156,180,228)	1.5405	None
SIX2	HCP5	-0.067938	28.15	-1.5E-01	rgb(184,197,223)	1.5479	None
ZFHX2	SNAP25	0.067839	27.235	0.234	rgb(220,172,173)	1.5297	None
RFX6	SPRY3	-0.067739	28.145	-1.4E-01	rgb(186,198,223)	1.5478	None
FOXD4L5	SPC25	0.06764	26.24	0.242	rgb(220,171,171)	1.51	None
FOXA2	MYBPC3	0.067441	27.71	0.212	rgb(219,177,177)	1.5391	None
ZFP62	BC042374	0.067441	26.235	0.235	rgb(220,172,173)	1.5099	2,2
FOXD4L5	ACSL6	0.067342	26.9	0.4	rgb(221,141,141)	1.5231	None
E2F7	CDKN1C	0.066845	26	0	rgb(217,217,217)	1.5053	None
EGR3	ARHGAP33	0.066845	26	0	rgb(217,217,217)	1.5053	None
PDX1	BTBD11	0.066845	26	0	rgb(217,217,217)	1.5053	None
SIX2	AK055386	0.066845	26	0	rgb(217,217,217)	1.5053	2,2
TFCP2L1	STXBP5L	0.066845	26	0	rgb(217,217,217)	1.5053	None
EBF3	TMEM145	0.066349	26	0	rgb(217,217,217)	1.5053	None
EGR3	TMSB15B	0.066349	26	0	rgb(217,217,217)	1.5053	None
ETS1	CRIP1	0.066349	26	0	rgb(217,217,217)	1.5053	None
NKX2-2	PCBP4	0.066349	26	0	rgb(217,217,217)	1.5053	None
PBX1	CBFA2T3	0.066349	26	0	rgb(217,217,217)	1.5053	None
EGR3	LAPTM5	0.065952	25	0	rgb(217,217,217)	1.4854	None
ISL1	PAX6	0.065952	25	0	rgb(217,217,217)	1.4854	None
MAFA	GAL	0.065952	25	0	rgb(217,217,217)	1.4854	None
ZFP28	TMEM190	0.065952	25	0	rgb(217,217,217)	1.4854	None
GLIS2	PSD	0.065554	27.85	0.348	rgb(221,151,151)	1.5419	None
LMX1B	FEV	0.065554	27.85	0.35	rgb(221,150,151)	1.5419	None
SOX4	TUBA1A	0.065554	27.85	0.351	rgb(221,150,151)	1.5419	None
TFCP2L1	TRIM66	0.065554	27.85	0.351	rgb(221,150,151)	1.5419	None
GATA2	FAIM2	-0.065455	26.885	-3.9E-01	rgb(133,166,232)	1.5228	None
TFCP2L1	SSTR1	0.065356	27.945	0.446	rgb(222,132,133)	1.5438	None
ASCL2	KCNH2	0.065256	28.115	0.113	rgb(218,195,196)	1.5472	None
ST18	SYP	0.065157	26.22	0.218	rgb(219,175,176)	1.5096	None
ADNP	LQFBS-1	0.064362	25.5	0	rgb(217,217,217)	1.4953	2,2
ASCL1	LTF	0.064362	25.5	0	rgb(217,217,217)	1.4953	None
ASCL2	ELAVL4	0.064362	25.5	0	rgb(217,217,217)	1.4953	None
EGR3	GTF2IRD1P1	0.064362	25.5	0	rgb(217,217,217)	1.4953	None
GATA4	ZFP82	0.064362	25.5	0	rgb(217,217,217)	1.4953	None
HOXB9	NEGR1	0.064362	25.5	0	rgb(217,217,217)	1.4953	None
NEUROD2	PPP1R14A	0.064362	25.5	0	rgb(217,217,217)	1.4953	None
PBX3	RFTN2	0.064362	25.5	0	rgb(217,217,217)	1.4953	None
ETS1	LRP3	0.063667	25	0	rgb(217,217,217)	1.4854	None
FOXA1	MTUS2	0.063667	25	0	rgb(217,217,217)	1.4854	None
HIF1A	HOPX	0.063667	25	0	rgb(217,217,217)	1.4854	None
HSF2	GREB1	0.063667	25	0	rgb(217,217,217)	1.4854	None
LMX1B	GPR162	0.063667	25	0	rgb(217,217,217)	1.4854	None
NEUROG3	TRPM2	0.063667	25	0	rgb(217,217,217)	1.4854	None
ZNF846	LRFN2	0.063667	25	0	rgb(217,217,217)	1.4854	None
ELF4	QSOX2	0.063468	25.5	0	rgb(217,217,217)	1.4953	None
ZNF382	AX747590	0.063468	25.5	0	rgb(217,217,217)	1.4953	2,2
CSRNP3	AK311257	0.063071	25	0	rgb(217,217,217)	1.4854	2,2
FOXD4L5	ARHGAP33	0.063071	25	0	rgb(217,217,217)	1.4854	None
GATA4	CELSR3	0.063071	25	0	rgb(217,217,217)	1.4854	None
ONECUT3	USH2A	0.063071	25	0	rgb(217,217,217)	1.4854	None
ZFHX2	RCOR3	0.062972	28.075	0.075	rgb(218,203,203)	1.5464	None
PBX3	MLLT11	0.062872	26.5	0.002	rgb(217,217,217)	1.5152	None
MAFB	USH2A	-0.062674	26.845	-3.4E-01	rgb(142,172,230)	1.522	None
ZFP82	KCNAB2	0.062674	28.085	0.085	rgb(218,201,201)	1.5466	None
EGR3	STXBP1	0.062475	28.25	0.25	rgb(220,169,170)	1.5498	None
MLXIPL	AX747833	-0.062475	28.25	-2.5E-01	rgb(163,184,226)	1.5498	2,2
PBX3	SH3TC2	0.062277	26.685	0.187	rgb(219,181,182)	1.5188	None
ZFHX2	AKR1B1	-0.062277	26.685	-1.8E-01	rgb(177,193,224)	1.5188	None
POU6F1	LOC728175	0.062177	26.195	0.197	rgb(219,179,180)	1.5091	2,2
SOX4	CHRNA1	0.062078	27.845	0.343	rgb(221,152,152)	1.5418	None
TEAD2	MAD2L2	0.061979	27.195	0.197	rgb(219,179,180)	1.5289	None
GATA4	ICA1L	0.061681	27.935	0.435	rgb(222,134,135)	1.5436	None
PLAG1	PTP4A3	-0.061681	27.935	-4.3E-01	rgb(123,160,233)	1.5436	None
TGIF2	UNC13A	0.061681	27.935	0.434	rgb(222,134,135)	1.5436	None
NKX6-1	AKNA	-0.061581	26.135	-1.4E-01	rgb(187,199,222)	1.5079	None
ARX	SNED1	0.060985	25	0	rgb(217,217,217)	1.4854	None
EGR3	PELI3	0.060985	25	0	rgb(217,217,217)	1.4854	None
GATA2	CACNA1A	0.060985	25	0	rgb(217,217,217)	1.4854	None
PLAG1	CELF5	0.060985	25	0	rgb(217,217,217)	1.4854	None
SMAD9	CORO2B	0.060985	25	0	rgb(217,217,217)	1.4854	None
ZNF846	AK091996	0.060985	25	0	rgb(217,217,217)	1.4854	2,2
RFX3	NINJ1	-0.060787	27.955	-4.5E-01	rgb(119,157,234)	1.544	None
TEAD1	RNPC3	0.060787	27.955	0.457	rgb(222,130,131)	1.544	None
ETV1	AK5	0.060687	27.655	0.157	rgb(219,187,187)	1.538	None
FOXD4L5	NR4A3	0.060588	27.185	0.185	rgb(219,182,182)	1.5287	None
MAFA	DNAH14	0.060389	27.65	0.15	rgb(219,188,189)	1.5379	None
TEAD1	ID2	-0.060389	27.935	-4.3E-01	rgb(123,160,233)	1.5436	None
FOXD4L5	TPH1	0.06029	27.215	0.217	rgb(219,175,176)	1.5293	None
MAFA	CLCNKA	0.060191	26.05	0.049	rgb(218,208,208)	1.5062	None
MAFA	CLCA4	0.060091	26.65	0.148	rgb(219,189,189)	1.5181	None
HOXB9	CABP4	0.059992	26.67	0.168	rgb(219,185,185)	1.5185	None
FOXA1	FAT3	0.059893	27.21	0.212	rgb(219,176,177)	1.5292	None
PDX1	FER1L6-AS1	-0.059793	27.175	-1.8E-01	rgb(179,194,224)	1.5285	None
FEV	PTHLH	0.059595	27.84	0.342	rgb(221,152,152)	1.5417	None
PDX1	TEAD1	-0.059595	27.84	-3.4E-01	rgb(143,172,230)	1.5417	None
FEV	WWC2-AS2	-0.059495	27.92	-4.2E-01	rgb(125,161,233)	1.5433	None
NR4A3	LMO3	0.059396	27.73	0.23	rgb(220,173,174)	1.5395	None
ZFHX2	ITPR1	-0.059297	27.885	-3.8E-01	rgb(134,166,232)	1.5426	None
ARNT2	SLC25A53	-0.059197	28.24	-2.4E-01	rgb(165,185,226)	1.5496	None
MAFB	LIMS2	-0.059098	26.79	-2.9E-01	rgb(154,179,228)	1.5209	None
ZNF492	TRIM66	-0.058999	26.635	-1.4E-01	rgb(188,199,222)	1.5178	None
MAFB	RTEL1	0.058899	27.88	0.378	rgb(221,145,146)	1.5425	None
ETS1	IGFN1	0.058502	25	0	rgb(217,217,217)	1.4854	None
ETS1	YPEL4	0.058502	25	0	rgb(217,217,217)	1.4854	None
HLF	ARHGAP22	0.058502	25	0	rgb(217,217,217)	1.4854	None
MAFA	POU2F2	0.058502	25	0	rgb(217,217,217)	1.4854	None
ETS1	TUB	-0.058403	27.63	-1.3E-01	rgb(189,200,222)	1.5375	None
HOXB9	PKIA	0.058204	25	0	rgb(217,217,217)	1.4854	None
MAFA	TEAD2	0.058204	25	0	rgb(217,217,217)	1.4854	None
LMX1B	MSH5	0.058105	27.165	0.166	rgb(219,185,186)	1.5283	None
LMX1B	PRKCH	-0.058006	26.01	-1.1E-02	rgb(215,216,217)	1.5054	None
TEAD2	CBX4	0.057906	27.615	0.116	rgb(218,195,195)	1.5372	None
FOXD4L5	CRMP1	-0.057807	26.005	-4.1E-03	rgb(216,216,217)	1.5053	None
MYRF	NEUROD1	0.05741	28.235	0.236	rgb(220,172,172)	1.5495	None
NHLH1	DNLZ	0.05741	27.72	0.221	rgb(219,175,175)	1.5393	None
PDX1	USH1G	0.05741	27.72	0.221	rgb(219,175,175)	1.5393	None
SIM1	DCX	0.05741	28.235	0.234	rgb(220,172,173)	1.5495	2,2
E2F7	SYN1	-0.05731	27.925	-4.2E-01	rgb(125,161,233)	1.5434	None
TEAD1	MMP2	-0.057211	26.615	-1.1E-01	rgb(192,202,221)	1.5174	None
LHX1	EDAR	0.057112	26.275	0.277	rgb(220,164,165)	1.5107	None
EGR3	FAIM2	0.056317	25.5	0	rgb(217,217,217)	1.4953	None
ELF4	GRIN2C	0.056317	25.5	0	rgb(217,217,217)	1.4953	None
FOXA2	LINC00494	0.056317	25.5	0	rgb(217,217,217)	1.4953	None
KCNIP3	INA	0.056317	25.5	0	rgb(217,217,217)	1.4953	2,2
MAFB	GTF2IRD1P1	0.056317	25.5	0	rgb(217,217,217)	1.4953	None
PRDM16	GAL	0.056317	25.5	0	rgb(217,217,217)	1.4953	None
SPIB	HES4	0.056317	25.5	0	rgb(217,217,217)	1.4953	None
SPIB	SLC16A12	0.056317	25.5	0	rgb(217,217,217)	1.4953	None
MAFB	MUC15	0.056218	27.86	0.361	rgb(221,148,149)	1.5421	None
ATF6	SYT5	0.056118	27.18	0.182	rgb(219,182,183)	1.5286	None
PRDM16	CYMP	-0.056019	26.755	-2.6E-01	rgb(161,183,227)	1.5202	None
POU6F1	CR627394	0.05592	26.075	0.076	rgb(218,202,203)	1.5067	2,2
PBX1	INSM1	-0.05582	27.885	-3.8E-01	rgb(134,166,232)	1.5426	None
E2F7	PLEKHH2	-0.055721	27.145	-1.5E-01	rgb(185,198,223)	1.5279	None
GATA2	STK33	0.055522	27.175	0.175	rgb(219,184,184)	1.5285	None
ZFHX2	CYP27C1	0.055522	27.175	0.174	rgb(219,184,184)	1.5285	None
EBF3	MYEF2	0.055423	27.71	0.212	rgb(219,176,177)	1.5391	None
ETS1	ENPP1	0.055224	27.88	0.378	rgb(221,145,146)	1.5425	None
HIF1A	SPC25	-0.055224	27.88	-3.8E-01	rgb(134,167,231)	1.5425	None
RFX2	SSTR5	0.055125	26.065	0.067	rgb(218,204,204)	1.5065	None
EBF3	STX1A	0.054231	25	0	rgb(217,217,217)	1.4854	None
FOXD4L5	LTBP2	0.054231	25	0	rgb(217,217,217)	1.4854	None
HSF2	HNF1A-AS1	0.054231	25	0	rgb(217,217,217)	1.4854	None
LHX1	IGFN1	0.054231	25	0	rgb(217,217,217)	1.4854	None
MAFB	LAMP3	0.054231	25	0	rgb(217,217,217)	1.4854	None
NR4A2	SLC30A4	0.054231	25	0	rgb(217,217,217)	1.4854	None
RFX3	SDK2	0.054231	25	0	rgb(217,217,217)	1.4854	None
SOX4	DLC1	0.054231	25	0	rgb(217,217,217)	1.4854	None
ZNF846	TMEM132C	0.054231	25	0	rgb(217,217,217)	1.4854	None
ZFP92	PEX5L	0.054132	28.23	0.232	rgb(220,173,173)	1.5494	None
ZFHX2	CNGA4	0.054033	26.245	0.246	rgb(220,170,170)	1.5101	None
ETS1	SLC8A1	-0.053834	27.92	-4.2E-01	rgb(125,161,233)	1.5433	None
SMAD9	MBOAT4	0.053834	27.92	0.418	rgb(222,137,138)	1.5433	None
MAFB	LRRC37A	0.053735	26.125	0.124	rgb(218,193,194)	1.5077	None
ONECUT3	RPL36A-HNRNPH2	-0.053635	27.87	-3.7E-01	rgb(136,168,231)	1.5423	None
ZNF492	BX649158	0.053536	26.615	0.116	rgb(218,195,195)	1.5174	2,2
ONECUT3	AK027252	-0.053437	27.7	-2.0E-01	rgb(173,190,225)	1.5389	2,2
GATA4	PCBP4	-0.053337	27.155	-1.5E-01	rgb(184,197,223)	1.5281	None
POU5F1	CCDC146	0.053139	27.83	0.329	rgb(221,154,155)	1.5415	None
ZNF518A	LOC100862671	-0.053139	27.83	-3.3E-01	rgb(146,174,230)	1.5415	2,2
ZNF492	ACBD7	0.053039	26.24	0.242	rgb(220,171,171)	1.51	None
ARNT2	POM121L10P	-0.05294	27.15	-1.5E-01	rgb(184,197,223)	1.528	None
LMX1B	SCGN	0.052841	27.115	0.114	rgb(218,195,195)	1.5273	None
ATF6	NEAT1	-0.052543	27.86	-3.6E-01	rgb(139,169,231)	1.5421	None
FOXA1	SMARCC1	0.052543	27.86	0.359	rgb(221,148,149)	1.5421	None
LHX1	GPC5-AS1	-0.052543	26.735	-2.3E-01	rgb(166,186,226)	1.5198	2,2
ARX	MLN	0.052443	26.23	0.23	rgb(220,173,174)	1.5098	None
MAFA	TRIM66	0.052344	27.42	0.419	rgb(222,137,138)	1.5334	None
ZNF519	NR4A3	0.052245	27.685	0.187	rgb(219,181,182)	1.5386	None
RORC	NEFM	0.052145	26.725	0.225	rgb(219,174,175)	1.5196	None
ELF4	MUC5B	0.05145	25.5	0	rgb(217,217,217)	1.4953	None
FOXA1	SPAG8	0.05145	25.5	0	rgb(217,217,217)	1.4953	None
LMX1A	IGSF21	0.05145	25.5	0	rgb(217,217,217)	1.4953	None
LMX1B	ZFP62	0.05145	25.5	0	rgb(217,217,217)	1.4953	None
PBX3	NOL4	0.05145	25.5	0	rgb(217,217,217)	1.4953	None
SIX2	ITPRIP	0.05145	25.5	0	rgb(217,217,217)	1.4953	None
TFCP2L1	HERC5	0.05145	25.5	0	rgb(217,217,217)	1.4953	None
ONECUT3	FEV	0.051152	25	0	rgb(217,217,217)	1.4854	None
PDX1	CALCOCO1	0.051152	25	0	rgb(217,217,217)	1.4854	None
TEAD2	JAZF1	0.051152	25	0	rgb(217,217,217)	1.4854	None
SPIB	KCNH2	-0.051053	26.21	-2.1E-01	rgb(171,189,225)	1.5094	None
RFX2	CDK5R1	-0.050954	26.72	-2.2E-01	rgb(169,188,225)	1.5195	None
CCDC17	LOC100288332	0.050755	28.215	0.214	rgb(219,176,177)	1.5491	2,2
RORC	CPA1	0.050755	27.375	0.377	rgb(221,145,146)	1.5325	None
FOXA1	RORC	-0.050656	27.825	-3.2E-01	rgb(147,174,229)	1.5414	None
ETV1	PDGFD	0.050556	27.67	0.171	rgb(219,184,185)	1.5383	None
FOXD4L5	SEZ6	0.050457	26.715	0.214	rgb(219,176,176)	1.5194	None
ONECUT2	GOLGA8B	0.050358	27.84	0.339	rgb(221,152,153)	1.5417	None
RFX2	PBX3	0.050258	27.91	0.409	rgb(221,139,140)	1.5431	None
CCDC17	LINC00907	0.050159	26.715	0.217	rgb(219,176,176)	1.5194	2,2
RFX6	PAK7	0.05006	28.21	0.208	rgb(219,177,178)	1.549	2,2
ARNT2	CBX2	0.04996	25	0	rgb(217,217,217)	1.4854	None
PLAG1	NPTXR	-0.049861	27.805	-3.0E-01	rgb(151,177,229)	1.541	None
EGR3	KDM1A	-0.049762	27.005	-5.3E-03	rgb(216,216,217)	1.5252	None
PDX1	ARHGAP9	-0.049662	27.65	-1.5E-01	rgb(184,197,223)	1.5379	None
ETV1	LMO3	0.049563	26.19	0.192	rgb(219,180,181)	1.509	None
GLIS2	CACNA1H	0.049464	27.82	0.318	rgb(220,156,157)	1.5413	None
FOXP2	HOPX	-0.049166	26.91	-4.1E-01	rgb(128,163,233)	1.5233	None
HOXB9	KRT4	-0.049166	26.7	-2.0E-01	rgb(173,190,225)	1.5191	None
SMAD9	GPBAR1	0.049166	26.7	0.2	rgb(219,179,179)	1.5191	None
EGR3	SDK1	0.048967	24.5	0	rgb(217,217,217)	1.4755	None
ZNF117	CTSL2	0.048967	24.5	0	rgb(217,217,217)	1.4755	2,2
ZNF846	AX747619	0.048868	26.695	0.195	rgb(219,180,180)	1.519	2,2
EGR3	CBX7	0.048371	24.5	0	rgb(217,217,217)	1.4755	None
LHX1	THBS4	0.048371	24.5	0	rgb(217,217,217)	1.4755	None
NR4A3	CRY2	0.048371	24.5	0	rgb(217,217,217)	1.4755	None
SPIB	POM121L9P	-0.048371	27.33	-3.3E-01	rgb(146,174,230)	1.5316	None
ZFHX2	SHC3	0.048371	24.5	0	rgb(217,217,217)	1.4755	None
AKNA	HIF1A-AS2	-0.048272	27.325	-3.3E-01	rgb(146,174,229)	1.5315	2,2
GATA4	WWC2-AS2	-0.048073	26.695	-2.0E-01	rgb(174,191,224)	1.519	None
PRDM16	YPEL1	-0.048073	27.625	-1.2E-01	rgb(190,201,222)	1.5374	None
FOXD4L5	KRTAP5-2	0.047676	24.5	0	rgb(217,217,217)	1.4755	None
HSF2	MEP1B	0.047676	24.5	0	rgb(217,217,217)	1.4755	None
MAFB	CCDC181	0.047676	24.5	0	rgb(217,217,217)	1.4755	None
TEAD1	FAM171A2	0.047676	24.5	0	rgb(217,217,217)	1.4755	None
HSF2	RPS15AP10	0.047477	26.875	0.377	rgb(221,145,146)	1.5226	None
NKX2-2	GCK	0.047477	26.875	0.375	rgb(221,145,146)	1.5226	None
ATF6	LOC202181	-0.047378	27.785	-2.9E-01	rgb(155,179,228)	1.5406	2,2
EGR3	CLCA4	0.04708	24.5	0	rgb(217,217,217)	1.4755	None
FOXD4L5	FGF14	0.04708	24.5	0	rgb(217,217,217)	1.4755	None
RFX3	NPSR1-AS1	0.04708	24.5	0	rgb(217,217,217)	1.4755	None
PAX4	BCL2	0.046881	24.5	0	rgb(217,217,217)	1.4755	None
PDX1	FAM92B	0.046881	24.5	0	rgb(217,217,217)	1.4755	None
MAFB	ILDR2	0.046782	27.61	0.11	rgb(218,196,196)	1.5372	None
EGR3	LDB1	0.046186	24.5	0	rgb(217,217,217)	1.4755	None
GATA4	SEMA6B	0.046186	24.5	0	rgb(217,217,217)	1.4755	None
NEUROD2	DNLZ	0.046186	24.5	0	rgb(217,217,217)	1.4755	None
ONECUT3	NNMT	0.046186	24.5	0	rgb(217,217,217)	1.4755	None
POU5F1	SSBP2	0.046186	24.5	0	rgb(217,217,217)	1.4755	None
TFCP2L1	CACNG4	0.046186	24.5	0	rgb(217,217,217)	1.4755	None
EGR3	SIDT1	0.04559	25	0	rgb(217,217,217)	1.4854	None
FOXD4L5	LEFTY1	0.04559	25	0	rgb(217,217,217)	1.4854	None
LHX1	ONECUT3	0.04559	25	0	rgb(217,217,217)	1.4854	None
MAFA	COLQ	0.04559	25	0	rgb(217,217,217)	1.4854	None
PBX3	MEP1B	0.04559	25	0	rgb(217,217,217)	1.4854	None
SMAD9	CEND1	0.04559	25	0	rgb(217,217,217)	1.4854	None
NEUROD2	FUT7	0.045491	26.68	0.181	rgb(219,182,183)	1.5187	None
ETV1	PBOV1	-0.045391	26.315	-3.1E-01	rgb(149,176,229)	1.5115	None
LMX1B	SAMD11	0.045292	27.775	0.276	rgb(220,164,165)	1.5404	None
TGIF2	RD3	0.045193	26.675	0.174	rgb(219,184,184)	1.5186	None
ZNF514	AX747535	0.045093	26.275	0.274	rgb(220,165,165)	1.5107	2,2
JAZF1	AX747755	-0.044895	26.84	-3.4E-01	rgb(143,172,230)	1.5219	2,2
LMX1B	TUBB4A	0.044895	26.84	0.34	rgb(221,152,153)	1.5219	2,2
HIF1A	CD37	-0.044795	27.9	-4.0E-01	rgb(130,164,232)	1.5429	None
MAFB	FAT3	0.044696	27.81	0.309	rgb(220,158,159)	1.5411	None
SPIB	CCDC74B	-0.044597	26.835	-3.3E-01	rgb(145,173,230)	1.5218	None
ELF4	SH3RF3-AS1	-0.044497	28.185	-1.8E-01	rgb(177,193,224)	1.5485	None
ETS1	RORC	0.043901	25.5	0	rgb(217,217,217)	1.4953	None
GRHL3	ANP32A-IT1	0.043901	25.5	0	rgb(217,217,217)	1.4953	2,2
LHX1	CDH22	0.043901	25.5	0	rgb(217,217,217)	1.4953	None
LMX1B	DGKB	0.043901	25.5	0	rgb(217,217,217)	1.4953	None
ONECUT1	GPBAR1	0.043901	25.5	0	rgb(217,217,217)	1.4953	None
SETBP1	BX537634	0.043901	25.5	0	rgb(217,217,217)	1.4953	2,2
PDX1	CEND1	-0.043802	26.66	-1.6E-01	rgb(182,196,223)	1.5183	None
PDX1	SAP30	-0.043703	25.795	-2.9E-01	rgb(153,178,228)	1.5012	None
MAFA	BCAT1	-0.043603	27.805	-3.1E-01	rgb(150,176,229)	1.541	None
PDX1	MMP13	0.043405	24.5	0	rgb(217,217,217)	1.4755	None
ZFP82	CLIP3	0.043405	24.5	0	rgb(217,217,217)	1.4755	None
NR4A3	TTLL7	0.043306	26.28	0.281	rgb(220,163,164)	1.5108	None
ASCL1	HCN4	0.043206	27.44	0.442	rgb(222,133,133)	1.5338	None
NR4A3	DKK3	0.043107	26.655	0.156	rgb(219,187,187)	1.5182	None
ETS1	SCN2A	0.043008	26.275	0.277	rgb(220,164,165)	1.5107	None
ETV1	TBC1D8B	-0.042809	27.895	-3.9E-01	rgb(131,165,232)	1.5428	None
ONECUT2	TFCP2L1	0.042809	27.895	0.393	rgb(221,142,143)	1.5428	None
ETV1	ABLIM2	0.042511	24.5	0	rgb(217,217,217)	1.4755	None
MAFB	KLHL35	0.042511	24.5	0	rgb(217,217,217)	1.4755	None
TP73	SLC22A13	0.042511	24.5	0	rgb(217,217,217)	1.4755	None
EGR3	CFC1	0.042114	25	0	rgb(217,217,217)	1.4854	None
ETV1	CHRNB4	0.042114	25	0	rgb(217,217,217)	1.4854	None
PAX6	NTNG2	0.042114	25	0	rgb(217,217,217)	1.4854	None
RORC	MS4A8	0.042114	25	0	rgb(217,217,217)	1.4854	None
PBX3	CABP7	0.042014	28.17	0.168	rgb(219,185,185)	1.5482	None
MAFB	AMPH	0.041816	26.645	0.147	rgb(219,189,189)	1.518	None
PRDM16	ECE2	-0.041816	27.265	-2.7E-01	rgb(159,182,227)	1.5303	None
FOXD4L5	AIF1	0.041716	26.12	0.118	rgb(218,194,195)	1.5076	None
EGR3	APBB2	0.041021	24.5	0	rgb(217,217,217)	1.4755	None
EGR3	CNOT6L	0.041021	24.5	0	rgb(217,217,217)	1.4755	None
ELF4	CTXN1	0.041021	26.635	0.137	rgb(219,191,191)	1.5178	None
HLF	IQCA1	0.041021	24.5	0	rgb(217,217,217)	1.4755	2,2
HSF2	C2CD4B	0.041021	24.5	0	rgb(217,217,217)	1.4755	None
KCNIP3	BC073932	0.041021	24.5	0	rgb(217,217,217)	1.4755	2,2
TFCP2L1	MX2	0.041021	24.5	0	rgb(217,217,217)	1.4755	None
FOXJ1	SCARA3	0.040326	25.5	0	rgb(217,217,217)	1.4953	None
ISL1	RBP2	0.040326	25.5	0	rgb(217,217,217)	1.4953	None
LHX1	ZFP92	0.040326	25.5	0	rgb(217,217,217)	1.4953	2,2
MAFF	LDHD	0.040326	25.5	0	rgb(217,217,217)	1.4953	None
NR4A2	KCNIP3	0.040326	25.5	0	rgb(217,217,217)	1.4953	None
PBX3	ADAM12	0.040326	25.5	0	rgb(217,217,217)	1.4953	None
RFX3	FABP5	0.040326	25.5	0	rgb(217,217,217)	1.4953	None
LHX1	NAV3	-0.040226	26.795	-2.9E-01	rgb(153,178,228)	1.521	None
TEAD1	CDH5	-0.040127	26.225	-2.2E-01	rgb(169,188,225)	1.5097	None
NFAT5	IRF2BP1	-0.040028	27.38	-3.8E-01	rgb(134,167,231)	1.5326	None
ZFHX2	EBF3	0.039928	27.74	0.242	rgb(220,171,171)	1.5397	None
ARX	GPRASP2	0.039134	25	0	rgb(217,217,217)	1.4854	None
E2F7	CRLF1	0.039134	25	0	rgb(217,217,217)	1.4854	None
LHX1	LRRC10B	0.039134	25	0	rgb(217,217,217)	1.4854	None
MAFF	AK126318	0.039134	25	0	rgb(217,217,217)	1.4854	2,2
ONECUT1	GRB14	0.039134	25	0	rgb(217,217,217)	1.4854	None
RFX3	EPM2A	0.039134	25	0	rgb(217,217,217)	1.4854	None
ZBTB4	LOC728407	0.039134	25	0	rgb(217,217,217)	1.4854	2,2
ZFHX2	TMEM132B	0.039134	25	0	rgb(217,217,217)	1.4854	None
PRDM16	PLXNC1	0.039035	26.79	0.29	rgb(220,162,162)	1.5209	None
HEY1	B3GNTL1	-0.038935	27.805	-3.1E-01	rgb(150,176,229)	1.541	None
RFX2	PDE6B	-0.038836	27.79	-2.9E-01	rgb(154,178,228)	1.5407	None
ETV1	CAMK2N2	0.038737	28.16	0.159	rgb(219,187,187)	1.548	None
MAFA	HDAC7	-0.038538	25.75	-2.5E-01	rgb(163,184,226)	1.5003	None
TFCP2L1	PLEKHO1	-0.038538	25.75	-2.5E-01	rgb(163,184,226)	1.5003	None
GATA4	P2RX6	-0.038339	27.89	-3.9E-01	rgb(132,165,232)	1.5427	None
TEAD1	LGR6	-0.038339	27.89	-3.9E-01	rgb(132,165,232)	1.5427	None
NR4A2	DPYSL4	-0.03824	26.07	-6.9E-02	rgb(202,208,220)	1.5066	None
CCDC17	LINC00202-1	0.038141	26.205	0.206	rgb(219,178,178)	1.5093	2,2
SIM1	MAPK8IP2	0.038041	28.15	0.149	rgb(219,189,189)	1.5479	2,2
RFX2	ZFHX2	0.037942	26.6	0.102	rgb(218,197,198)	1.5171	None
SOX4	GPR137C	0.037843	26.775	0.276	rgb(220,164,165)	1.5206	None
TGIF2	GABRG2	-0.037743	27.78	-2.8E-01	rgb(156,180,228)	1.5405	None
EGR3	NOTUM	-0.037644	26.04	-4.1E-02	rgb(208,212,219)	1.506	None
NEUROG3	SGOL1-AS1	0.037545	28.145	0.143	rgb(219,190,190)	1.5478	2,2
LMX1B	TFCP2L1	-0.037247	26.03	-3.2E-02	rgb(210,213,218)	1.5058	None
NKX6-1	TTLL6	0.037247	26.77	0.272	rgb(220,165,166)	1.5205	None
ONECUT1	CACNA1A	0.037247	26.77	0.272	rgb(220,165,166)	1.5205	None
EGR3	ECE2	0.036949	24.5	0	rgb(217,217,217)	1.4755	None
ETV1	SYT5	0.036949	24.5	0	rgb(217,217,217)	1.4755	None
GATA4	FFAR2	0.036949	24.5	0	rgb(217,217,217)	1.4755	None
EGR3	RORC	0.036849	27.235	0.233	rgb(220,172,173)	1.5297	None
MAFA	MAPK8IP1	0.03675	26.57	0.071	rgb(218,203,204)	1.5165	None
SOX4	PGA3	0.036651	24.5	0	rgb(217,217,217)	1.4755	None
SMAD9	MAPK10	0.036551	26.23	0.23	rgb(220,173,174)	1.5098	None
HES4	NEFM	0.036452	27.335	0.337	rgb(221,153,153)	1.5317	None
PAX6	EXOSC4	0.036353	27.885	0.386	rgb(221,143,144)	1.5426	None
AKNA	AK126286	0.036253	25.715	0.215	rgb(219,176,176)	1.4996	2,2
ATF5	NKD1	0.036055	26.755	0.254	rgb(220,168,169)	1.5202	None
SMAD9	KCNMB2	0.036055	26.755	0.257	rgb(220,168,168)	1.5202	None
PBX3	NNMT	-0.035956	26.175	-1.8E-01	rgb(179,194,224)	1.5087	None
NEUROD2	BSN	0.035856	28.12	0.118	rgb(218,194,195)	1.5473	None
HSF2	EDAR	-0.035757	26.75	-2.5E-01	rgb(163,184,226)	1.5201	None
ZNF846	RNF213	-0.035658	27.215	-2.2E-01	rgb(170,189,225)	1.5293	None
ZFHX2	SLC25A34	0.035558	26.035	0.034	rgb(217,210,211)	1.5059	None
ATF6	CCDC28B	0.034962	24.5	0	rgb(217,217,217)	1.4755	None
EGR3	KCNJ2	0.034962	24.5	0	rgb(217,217,217)	1.4755	None
ELF4	SERPINI1	0.034962	24.5	0	rgb(217,217,217)	1.4755	None
SOX4	SOGA3	0.034962	24.5	0	rgb(217,217,217)	1.4755	None
TP73	HIC1	0.034962	24.5	0	rgb(217,217,217)	1.4755	None
TP73	SMOC1	0.034962	24.5	0	rgb(217,217,217)	1.4755	None
FOXD4L5	HIC1	0.034863	26.215	0.213	rgb(219,176,177)	1.5095	None
ETS1	ATP6V0E2	-0.034764	26.74	-2.4E-01	rgb(165,186,226)	1.5199	None
HMBOX1	PDE8B	0.034664	27.88	0.381	rgb(221,144,145)	1.5425	None
ETS1	GDF1	0.034565	28.085	0.086	rgb(218,201,201)	1.5466	None
TEAD1	MSMB	-0.034466	26.72	-2.2E-01	rgb(169,188,225)	1.5195	None
ZNF519	LRRN2	-0.034366	26.545	-4.5E-02	rgb(207,211,219)	1.516	None
EGR3	CAMK2N2	0.034267	27.675	0.174	rgb(219,184,184)	1.5384	None
PAX6	FAM131B	0.034168	25.68	0.182	rgb(219,182,183)	1.4989	None
GATA4	SUSD4	0.03387	25.5	0	rgb(217,217,217)	1.4953	None
HIF1A	SPDYA	0.03387	25.5	0	rgb(217,217,217)	1.4953	None
SOX4	MYBPC3	0.03387	25.5	0	rgb(217,217,217)	1.4953	None
DACH1	ZFR2	0.033274	24.5	0	rgb(217,217,217)	1.4755	2,2
GRHL3	DPCR1	0.033274	24.5	0	rgb(217,217,217)	1.4755	2,2
HSF2	BCAT1	0.033274	24.5	0	rgb(217,217,217)	1.4755	None
MYSM1	AX746834	0.033274	24.5	0	rgb(217,217,217)	1.4755	2,2
SIX2	RNF157-AS1	0.033274	24.5	0	rgb(217,217,217)	1.4755	None
ZNF846	FGF14	0.033274	24.5	0	rgb(217,217,217)	1.4755	None
ETV1	CHRM4	0.032678	25	0	rgb(217,217,217)	1.4854	None
LMX1B	LAPTM5	0.032678	25	0	rgb(217,217,217)	1.4854	None
PAX6	SPAG8	0.032678	25	0	rgb(217,217,217)	1.4854	None
PBX1	S100A1	-0.032678	26.405	-4.1E-01	rgb(129,163,232)	1.5133	None
PDX1	MAP1B	0.032678	25	0	rgb(217,217,217)	1.4854	None
ZFHX2	DEFB1	-0.032678	26.405	-4.1E-01	rgb(129,163,232)	1.5133	None
HIF1A	CRLF1	-0.032578	26.185	-1.9E-01	rgb(177,192,224)	1.5089	None
TFCP2L1	SEZ6	-0.032479	25.665	-1.7E-01	rgb(181,195,223)	1.4986	None
GATA4	RUNX1T1	0.032181	27.875	0.374	rgb(221,146,146)	1.5424	None
SIX2	ANK2	0.032181	27.875	0.377	rgb(221,145,146)	1.5424	None
ZFHX2	SAMD11	0.032181	27.875	0.375	rgb(221,145,146)	1.5424	None
HSF2	GRASP	-0.032082	26.335	-3.3E-01	rgb(145,173,230)	1.5119	None
TET1	RRAGD	0.031983	25.81	0.312	rgb(220,157,158)	1.5015	None
GATA4	CCDC39	0.031784	27.745	0.247	rgb(220,170,170)	1.5398	None
ONECUT2	MAST1	-0.031784	26.365	-3.6E-01	rgb(138,169,231)	1.5125	None
ONECUT3	TRIM66	0.031685	27.28	0.279	rgb(220,164,164)	1.5306	None
RORC	TFF2	0.031585	27.185	0.187	rgb(219,181,182)	1.5287	None
PDX1	MSI1	0.031188	24.5	0	rgb(217,217,217)	1.4755	None
PLAG1	EVA1A	0.031188	24.5	0	rgb(217,217,217)	1.4755	None
ZFHX2	ID4	0.031188	24.5	0	rgb(217,217,217)	1.4755	None
ZFP82	CRLF1	0.031188	24.5	0	rgb(217,217,217)	1.4755	None
TEAD1	PNISR	0.031089	25.655	0.154	rgb(219,188,188)	1.4984	None
MAFA	LZTS1	0.030989	26.175	0.175	rgb(219,184,184)	1.5087	None
TFCP2L1	PDZD4	0.03089	27.93	0.428	rgb(222,135,136)	1.5435	None
ONECUT1	CLPS	-0.030791	27.785	-2.8E-01	rgb(155,179,228)	1.5406	None
ETS1	ZFP2	0.030493	25.5	0	rgb(217,217,217)	1.4953	None
LMX1A	SPINK4	0.030493	25.5	0	rgb(217,217,217)	1.4953	None
ZBTB4	LOC595101	0.030493	25.5	0	rgb(217,217,217)	1.4953	2,2
ONECUT3	TENM2	0.030393	25.74	0.24	rgb(220,171,172)	1.5001	None
MAFA	SCARA3	0.030294	26.11	0.111	rgb(218,196,196)	1.5074	None
HOXB9	CFC1B	0.030095	25	0	rgb(217,217,217)	1.4854	None
TFCP2L1	TRPC7	0.030095	25	0	rgb(217,217,217)	1.4854	None
ZNF492	C7	-0.029996	27.165	-1.6E-01	rgb(181,195,223)	1.5283	None
NFAT5	CCDC162P	0.029897	27.61	0.111	rgb(218,196,196)	1.5372	None
HSF2	NTRK1	0.029698	26.285	0.283	rgb(220,163,164)	1.5109	None
MAFB	PMP22	0.029698	26.285	0.285	rgb(220,162,163)	1.5109	None
ASCL2	TMEM151B	0.029599	27.87	0.368	rgb(221,147,147)	1.5423	None
NEUROD1	SGSM1	0.0294	26.685	0.186	rgb(219,182,182)	1.5188	None
ONECUT1	GPC6	-0.0294	25.63	-1.3E-01	rgb(189,200,222)	1.4979	None
LHX1	TLE3	0.029003	24.5	0	rgb(217,217,217)	1.4755	None
SPIB	FAM155B	0.029003	24.5	0	rgb(217,217,217)	1.4755	None
ZNF382	MUC3A	0.029003	24.5	0	rgb(217,217,217)	1.4755	2,2
ZNF788	TAS2R20	0.029003	24.5	0	rgb(217,217,217)	1.4755	2,2
LMX1A	CCK	-0.028903	26.66	-1.6E-01	rgb(183,196,223)	1.5183	None
PBX3	AMPD3	0.028804	26.06	0.062	rgb(218,205,205)	1.5064	None
TFCP2L1	HDAC7	-0.028705	26.265	-2.7E-01	rgb(159,182,227)	1.5105	None
ETV1	PAX6	0.028605	27.245	0.245	rgb(220,170,171)	1.5299	None
PDX1	DRD2	-0.028506	27.13	-1.3E-01	rgb(188,200,222)	1.5276	None
SMAD9	ACSS3	0.028407	27.885	0.386	rgb(221,143,144)	1.5426	None
ZNF492	ID1	-0.028308	26.645	-1.5E-01	rgb(185,198,223)	1.518	None
MAFA	ZDHHC11	0.028208	27.12	0.119	rgb(218,194,194)	1.5274	None
PBX3	S100A1	0.028109	27.715	0.214	rgb(219,176,177)	1.5392	None
CCDC17	ZFP69B	0.027612	24	0	rgb(217,217,217)	1.4656	2,2
NR4A2	ZNF853	0.027612	24	0	rgb(217,217,217)	1.4656	None
ONECUT3	CPLX2	0.027612	24	0	rgb(217,217,217)	1.4656	None
PLAG1	NAT14	0.027612	24	0	rgb(217,217,217)	1.4656	None
SOX4	APBB2	0.027612	24	0	rgb(217,217,217)	1.4656	None
ATF6	HIC1	0.026917	24	0	rgb(217,217,217)	1.4656	None
DPF3	CECR6	0.026917	24	0	rgb(217,217,217)	1.4656	2,2
EGR3	KIAA1324	0.026917	24	0	rgb(217,217,217)	1.4656	None
FOXJ1	GCH1	0.026917	24	0	rgb(217,217,217)	1.4656	None
GATA2	ID1	0.026917	24	0	rgb(217,217,217)	1.4656	None
ZNF519	CRH	0.026917	24	0	rgb(217,217,217)	1.4656	None
ZNF853	FLJ35024	0.026917	24	0	rgb(217,217,217)	1.4656	2,2
MAFB	SMARCD2	-0.026718	26.665	-1.6E-01	rgb(181,195,223)	1.5184	None
ZNF846	CHGB	-0.026718	26.665	-1.7E-01	rgb(181,195,223)	1.5184	None
TEAD1	DPF3	0.026619	26.635	0.136	rgb(218,191,191)	1.5178	None
MAFB	SPDYA	0.02642	24	0	rgb(217,217,217)	1.4656	None
POU5F1	CACNA2D2	0.02642	24	0	rgb(217,217,217)	1.4656	None
FOXA2	CACNB4	0.026122	24	0	rgb(217,217,217)	1.4656	None
NFAT5	SLC14A2	0.026122	24	0	rgb(217,217,217)	1.4656	None
NKX2-2	SSTR1	0.026122	24	0	rgb(217,217,217)	1.4656	None
MAFA	FFAR2	0.026023	27.23	0.228	rgb(220,173,174)	1.5296	None
ELF4	MBOAT4	-0.025924	25.675	-1.7E-01	rgb(179,194,224)	1.4988	None
HOXB9	SLC22A13	0.025824	26.655	0.153	rgb(219,188,188)	1.5182	None
SIX2	AK056490	0.025725	27.77	0.269	rgb(220,166,166)	1.5403	2,2
SETBP1	AK125437	0.025626	27.09	0.088	rgb(218,200,200)	1.5268	2,2
HHEX	BC043205	0.025526	27.865	0.366	rgb(221,147,148)	1.5422	2,2
EGR3	HEY1	0.025129	24.5	0	rgb(217,217,217)	1.4755	None
ETV1	SFTPA2	0.025129	24.5	0	rgb(217,217,217)	1.4755	None
FOXD4L5	SYT2	0.025129	24.5	0	rgb(217,217,217)	1.4755	None
RORC	MX2	0.025129	24.5	0	rgb(217,217,217)	1.4755	None
MAFB	PHGR1	0.02493	24	0	rgb(217,217,217)	1.4656	None
TEAD1	AK125333	0.02493	24	0	rgb(217,217,217)	1.4656	2,2
SIX2	STXBP5L	0.024732	27.075	0.075	rgb(218,203,203)	1.5266	None
ZFHX2	LRP2BP	0.024732	27.075	0.075	rgb(218,203,203)	1.5266	None
FOXJ1	FAM13A-AS1	-0.024632	27.7	-2.0E-01	rgb(174,191,225)	1.5389	None
NHLH1	HERC5	0.024533	25.56	0.058	rgb(218,206,206)	1.4965	None
MAFA	EML1	-0.024434	27.86	-3.6E-01	rgb(138,169,231)	1.5421	None
MAFB	SYNM	-0.024335	27.86	-3.6E-01	rgb(139,170,231)	1.5421	None
NKX2-2	TSPAN11	0.024235	26.24	0.241	rgb(220,171,172)	1.51	None
PAX6	CELF5	-0.024136	27.855	-3.6E-01	rgb(140,170,231)	1.542	None
HSF2	LRP4-AS1	-0.024037	26.63	-1.3E-01	rgb(189,200,222)	1.5177	None
CCDC17	HSPB7	-0.023838	27.85	-3.5E-01	rgb(141,171,230)	1.5419	2,2
HSF2	AP3B2	-0.023838	27.85	-3.5E-01	rgb(141,171,230)	1.5419	None
ZNF846	BC073807	0.023739	26.625	0.125	rgb(218,193,193)	1.5176	2,2
MAFA	ARC	0.02354	24	0	rgb(217,217,217)	1.4656	None
NPAS3	LINC00340	0.02354	24	0	rgb(217,217,217)	1.4656	2,2
SOX4	FAM131B	0.023441	26.56	0.058	rgb(218,206,206)	1.5163	None
HSF2	HEY1	0.023242	25	0	rgb(217,217,217)	1.4854	None
RORC	YPEL4	0.023242	25	0	rgb(217,217,217)	1.4854	None
MAFB	NTRK1	0.023143	26.06	0.061	rgb(218,205,205)	1.5064	None
HSF2	NUTM1	0.023043	27.005	0.005	rgb(217,216,216)	1.5252	None
POU5F1	PALMD	0.022944	27.195	0.194	rgb(219,180,180)	1.5289	None
MAFA	SULT1A4	0.022547	24	0	rgb(217,217,217)	1.4656	None
RFX3	FUT7	0.022547	24	0	rgb(217,217,217)	1.4656	None
TFCP2L1	SPEG	0.022547	24	0	rgb(217,217,217)	1.4656	None
ZNF846	GATA4	0.022547	24	0	rgb(217,217,217)	1.4656	None
CCDC17	GPR112	0.022348	27.855	0.354	rgb(221,149,150)	1.542	2,2
GATA4	TMEM132B	0.022348	27.855	0.354	rgb(221,149,150)	1.542	None
ONECUT2	DHRS2	0.022249	26.04	0.042	rgb(217,209,209)	1.506	None
EGR3	ACBD7	0.022149	25.68	0.181	rgb(219,182,183)	1.4989	None
ELF4	MMD2	0.021851	24.5	0	rgb(217,217,217)	1.4755	None
NKX2-2	NHSL2	0.021851	24.5	0	rgb(217,217,217)	1.4755	None
ZFHX2	CCDC146	0.021851	24.5	0	rgb(217,217,217)	1.4755	None
FOXD4L5	IGSF21	0.021752	26.035	0.036	rgb(217,210,210)	1.5059	None
FOXP2	SSTR5-AS1	-0.021653	25.78	-2.8E-01	rgb(156,180,228)	1.5009	None
SMAD9	TSPAN11	0.021553	26.215	0.213	rgb(219,176,177)	1.5095	None
ONECUT3	SUSD4	0.021454	26.185	0.183	rgb(219,182,182)	1.5089	None
ZFP28	SEC11C	-0.021355	26.575	-7.5E-02	rgb(201,207,220)	1.5166	None
ATF6	UPK2	0.020957	24.5	0	rgb(217,217,217)	1.4755	None
POU5F1	NOL4	0.020957	24.5	0	rgb(217,217,217)	1.4755	None
TEAD1	AMPD3	0.020957	24.5	0	rgb(217,217,217)	1.4755	None
ZNF846	TRIM35	0.020957	24.5	0	rgb(217,217,217)	1.4755	None
FOXD4L5	SOX4	0.020163	25	0	rgb(217,217,217)	1.4854	None
LHX1	PLEKHO1	0.020163	25	0	rgb(217,217,217)	1.4854	None
LHX1	TTBK1	0.020163	25	0	rgb(217,217,217)	1.4854	None
NEUROD1	NTRK1	0.020163	25	0	rgb(217,217,217)	1.4854	None
NKX6-1	SLC35F3	0.020163	25	0	rgb(217,217,217)	1.4854	None
NR4A3	PGA3	0.020163	25	0	rgb(217,217,217)	1.4854	None
SIX2	COL12A1	0.020163	25	0	rgb(217,217,217)	1.4854	None
TFCP2L1	MLXIPL	0.020163	26.385	0.386	rgb(221,143,144)	1.5129	None
ELF4	HMGN3	-0.020064	26.565	-6.4E-02	rgb(203,209,219)	1.5164	None
ASCL2	LAMP3	-0.019865	25.655	-1.5E-01	rgb(184,197,223)	1.4984	None
MAFF	RBPMS	0.019865	25.655	0.154	rgb(219,188,188)	1.4984	None
PRDM16	MAGED1	0.019666	27.85	0.35	rgb(221,150,151)	1.5419	None
RFX6	TSPAN11	0.019666	27.85	0.351	rgb(221,150,151)	1.5419	None
ELF4	ZNF853	0.01907	24	0	rgb(217,217,217)	1.4656	None
LHX1	ETV1	0.01907	24	0	rgb(217,217,217)	1.4656	None
SIX2	SCHIP1	0.01907	24	0	rgb(217,217,217)	1.4656	None
SPIB	TMEFF2	0.01907	24	0	rgb(217,217,217)	1.4656	None
ST18	ISL1	0.01907	24	0	rgb(217,217,217)	1.4656	None
TFCP2L1	TSSK4	0.01907	24	0	rgb(217,217,217)	1.4656	None
ETV1	CDK5R1	0.018971	26.56	0.062	rgb(218,205,205)	1.5163	None
SIX2	CACNA1A	0.018872	26.175	0.177	rgb(219,183,183)	1.5087	None
LHX1	LINC00514	-0.018772	27.755	-2.6E-01	rgb(161,183,227)	1.54	None
HIF1A	MANEAL	-0.018673	25.605	-1.0E-01	rgb(195,203,221)	1.4974	None
ARNT2	NPPB	0.018574	26.85	0.351	rgb(221,150,151)	1.5221	None
RORC	LONRF2	-0.018474	27.825	-3.2E-01	rgb(147,174,229)	1.5414	None
ETV1	ST8SIA5	0.018375	27.66	0.159	rgb(219,187,187)	1.5381	None
HLF	AK302511	0.018077	24	0	rgb(217,217,217)	1.4656	2,2
PAX4	GRIN2C	0.018077	24	0	rgb(217,217,217)	1.4656	None
TFCP2L1	ATOH8	0.018077	24	0	rgb(217,217,217)	1.4656	None
ARX	VCAN	0.017878	27.16	0.162	rgb(219,186,186)	1.5282	None
ZNF519	SPDYE7P	0.017878	27.16	0.16	rgb(219,186,187)	1.5282	None
FOXA1	DGKB	0.017779	25.645	0.145	rgb(219,189,190)	1.4982	None
ETV1	JPH4	0.01768	25.85	0.352	rgb(221,150,151)	1.5023	None
AEBP1	SRSF12	-0.01758	26.345	-3.4E-01	rgb(142,171,230)	1.5121	2,2
PBX3	WDR17	0.017382	27.295	0.296	rgb(220,160,161)	1.5309	None
ZNF846	LRRC49	0.017382	26.145	0.144	rgb(219,190,190)	1.5081	None
LHX1	SLC1A2	0.017183	27.645	0.147	rgb(219,189,189)	1.5378	None
SMAD9	MAPK4	0.017183	27.645	0.145	rgb(219,189,190)	1.5378	None
HSF2	RCOR3	0.017084	27.75	0.25	rgb(220,169,170)	1.5399	None
MAFB	CALY	-0.016985	26.82	-3.2E-01	rgb(148,175,229)	1.5215	None
MYT1	SEPT5-GP1BB	0.016885	27.845	0.346	rgb(221,151,152)	1.5418	2,2
FOXA1	IGSF9B	0.016587	24	0	rgb(217,217,217)	1.4656	None
FOXA2	SERPINA10	0.016587	24	0	rgb(217,217,217)	1.4656	None
ONECUT3	CCDC181	0.016587	24	0	rgb(217,217,217)	1.4656	None
PAX6	NAV3	-0.016488	27.815	-3.2E-01	rgb(148,175,229)	1.5412	None
ETS1	STRC	0.016389	25.805	0.304	rgb(220,159,160)	1.5014	None
PROX1	BC073932	0.016289	25.725	0.227	rgb(219,174,174)	1.4998	2,2
NEUROG3	SCN3B	0.01619	26.805	0.305	rgb(220,159,159)	1.5212	None
HSF2	ACSS3	-0.016091	27.81	-3.1E-01	rgb(150,176,229)	1.5411	None
ZNF492	FAT3	0.015991	27.745	0.244	rgb(220,170,171)	1.5398	None
ETV1	SLC25A34	0.015892	25.715	0.215	rgb(219,176,176)	1.4996	None
ZBTB25	N4BP2L2-IT2	0.015793	27.805	0.307	rgb(220,158,159)	1.541	2,2
ELF4	SPARC	-0.015693	25.785	-2.8E-01	rgb(155,179,228)	1.501	None
NHLH1	GDF11	0.015594	26.305	0.303	rgb(220,159,160)	1.5113	None
GATA4	LIN7A	0.015495	25.705	0.204	rgb(219,178,178)	1.4994	None
HMBOX1	MX2	0.014899	24	0	rgb(217,217,217)	1.4656	None
HSF2	YPEL1	0.014899	24	0	rgb(217,217,217)	1.4656	None
LMX1A	SSTR1	0.014899	24	0	rgb(217,217,217)	1.4656	None
POU6F1	HSPA2	0.014899	24	0	rgb(217,217,217)	1.4656	None
SMAD9	STARD8	0.014899	24	0	rgb(217,217,217)	1.4656	None
ZNF846	PAK6	0.014899	24	0	rgb(217,217,217)	1.4656	None
MAFA	GREB1	0.014799	27.84	0.341	rgb(221,152,152)	1.5417	None
ONECUT3	CCDC14	-0.0147	26.345	-3.5E-01	rgb(142,171,230)	1.5121	None
MAFA	GPR155	0.014601	25.5	2.8E-04	rgb(217,217,217)	1.4953	None
LHX1	MEX3B	0.014402	27.74	0.241	rgb(220,171,172)	1.5397	None
ONECUT1	CELSR3	0.014402	27.74	0.238	rgb(220,172,172)	1.5397	None
ASCL2	WDR17	0.013905	24	0	rgb(217,217,217)	1.4656	None
NEUROG3	DNAH14	0.013905	24	0	rgb(217,217,217)	1.4656	None
PLAG1	UNC79	0.013905	24	0	rgb(217,217,217)	1.4656	None
ZBTB4	AX747264	0.013905	24	0	rgb(217,217,217)	1.4656	2,2
ZNF788	AK055017	0.013905	24	0	rgb(217,217,217)	1.4656	2,2
NEUROG3	NEK10	0.013806	27.795	0.294	rgb(220,161,161)	1.5408	None
TFCP2L1	KIF19	-0.013707	27.57	-7.1E-02	rgb(202,208,220)	1.5364	None
PAX6	S100A1	0.013607	26.145	0.146	rgb(219,189,189)	1.5081	None
HEYL	NEUROG3	0.013508	27.56	0.061	rgb(218,205,206)	1.5362	2,2
TEAD1	HIP1	0.013409	26.32	0.321	rgb(221,156,156)	1.5116	None
ZNF846	CHST8	-0.013309	26.765	-2.7E-01	rgb(159,182,227)	1.5204	None
SPIB	GNAO1	0.01321	27.735	0.233	rgb(220,173,173)	1.5396	None
FOXD4L5	ECE2	-0.013111	26.13	-1.3E-01	rgb(188,200,222)	1.5078	None
MLXIPL	UNC93A	0.013012	26.06	0.06	rgb(218,205,206)	1.5064	None
TP73	FUT7	0.012912	27.25	0.251	rgb(220,169,170)	1.53	None
PBX3	TMEM189-UBE2V1	0.012813	26.045	0.044	rgb(217,209,209)	1.5061	None
ARX	F10	0.012118	25	0	rgb(217,217,217)	1.4854	None
ETV1	SSTR1	0.012118	25	0	rgb(217,217,217)	1.4854	None
GATA6	PDX1	0.012118	25	0	rgb(217,217,217)	1.4854	None
HEY1	AX747175	0.012118	25	0	rgb(217,217,217)	1.4854	2,2
POU5F1	SNED1	0.012118	25	0	rgb(217,217,217)	1.4854	None
TFCP2L1	SETBP1	0.012118	25	0	rgb(217,217,217)	1.4854	None
ZNF846	GOLGA8B	0.012118	25	0	rgb(217,217,217)	1.4854	None
EGR3	SLC6A17	0.01172	24.5	0	rgb(217,217,217)	1.4755	None
LHX1	AMBP	0.01172	24.5	0	rgb(217,217,217)	1.4755	None
NEUROG3	EPHA4	0.01172	24.5	0	rgb(217,217,217)	1.4755	None
ZFHX2	APOA1	0.01172	24.5	0	rgb(217,217,217)	1.4755	None
LMX1B	BAALC	0.011522	27.47	0.47	rgb(222,127,128)	1.5344	None
PLAG1	RNPC3	0.011522	27.47	0.47	rgb(222,127,128)	1.5344	None
HSF2	RGS17	-0.011422	26.885	-3.8E-01	rgb(134,166,232)	1.5228	None
PBX1	NACAD	0.011323	27.24	0.24	rgb(220,171,172)	1.5298	None
HLF	JAZF1	0.011025	25	0	rgb(217,217,217)	1.4854	None
LHX1	PTGDR2	0.011025	25	0	rgb(217,217,217)	1.4854	None
LHX1	VOPP1	0.011025	25	0	rgb(217,217,217)	1.4854	None
ARX	ZDHHC11	0.01033	24	0	rgb(217,217,217)	1.4656	None
HSF2	JPH4	0.01033	24	0	rgb(217,217,217)	1.4656	None
HSF2	MSI1	0.01033	24	0	rgb(217,217,217)	1.4656	None
LHX1	CD300LF	0.01033	24	0	rgb(217,217,217)	1.4656	None
SIX2	MAPK8IP1	0.01033	24	0	rgb(217,217,217)	1.4656	None
SMAD9	MIAT	0.01033	24	0	rgb(217,217,217)	1.4656	None
ZFHX2	SLC7A14	0.01033	24	0	rgb(217,217,217)	1.4656	None
RORC	NCALD	0.01023	26.875	0.375	rgb(221,145,146)	1.5226	None
NFAT5	TMEM212	0.010131	27.465	0.465	rgb(222,128,129)	1.5343	None
NKX6-1	NTRK2	0.010032	26.87	0.369	rgb(221,146,147)	1.5225	None
EGR3	PKHD1L1	0.0096345	24.5	0	rgb(217,217,217)	1.4755	None
FOXD4L5	LINGO1	0.0096345	24.5	0	rgb(217,217,217)	1.4755	None
FOXD4L5	MAFA	0.0096345	24.5	0	rgb(217,217,217)	1.4755	None
MAFA	RASAL1	0.0096345	24.5	0	rgb(217,217,217)	1.4755	None
NEUROG3	CNPY1	0.0095352	27.23	0.228	rgb(220,174,174)	1.5296	None
RFX2	NINJ1	-0.0094358	26.86	-3.6E-01	rgb(139,170,231)	1.5223	None
ETV1	CACNA1A	0.0093365	27.725	0.227	rgb(219,174,174)	1.5394	None
HSF2	SV2B	-0.0089392	27.83	-3.3E-01	rgb(146,174,229)	1.5415	None
RFX6	CDHR3	0.0089392	27.83	0.328	rgb(221,154,155)	1.5415	None
TFCP2L1	MYRF	-0.0089392	27.83	-3.3E-01	rgb(145,173,230)	1.5415	None
ZFHX2	LRP4-AS1	0.0089392	27.83	0.329	rgb(221,154,155)	1.5415	None
NR4A2	BCRP3	-0.0088399	27.72	-2.2E-01	rgb(169,188,225)	1.5393	None
ONECUT1	MX1	-0.0087406	27.365	-3.6E-01	rgb(138,169,231)	1.5323	None
ATF6	SYN1	0.0078466	24	0	rgb(217,217,217)	1.4656	None
FOXA1	MED12L	0.0078466	24	0	rgb(217,217,217)	1.4656	None
HSF2	KCNB2	0.0078466	24	0	rgb(217,217,217)	1.4656	None
NFAT5	NEAT1	0.0078466	27.455	0.454	rgb(222,130,131)	1.5341	None
ONECUT3	KCNC1	0.0078466	24	0	rgb(217,217,217)	1.4656	None
PBX3	KL	0.0078466	24	0	rgb(217,217,217)	1.4656	None
PDX1	LZTS1	0.0078466	24	0	rgb(217,217,217)	1.4656	None
SPIB	APLP1	0.0078466	24	0	rgb(217,217,217)	1.4656	None
TEAD1	SSTR3	0.0078466	24	0	rgb(217,217,217)	1.4656	None
LHX1	SIX2	-0.0077473	25.695	-2.0E-01	rgb(175,191,224)	1.4992	None
ZNF846	MIPOL1	0.007648	27.715	0.216	rgb(219,176,176)	1.5392	None
SIX2	CHRNA1	-0.0075487	27.765	-2.6E-01	rgb(160,182,227)	1.5402	None
E2F7	BLMH	0.0074493	27.45	0.452	rgb(222,131,132)	1.534	None
PAX6	PDE6B	0.00735	27.825	0.323	rgb(221,155,156)	1.5414	None
NHLH1	SMKR1	0.0072507	26.26	0.26	rgb(220,167,168)	1.5104	None
TP73	RBPMS	-0.0071514	26.815	-3.2E-01	rgb(148,175,229)	1.5214	None
ELF4	FKBP7	-0.0069527	27.445	-4.5E-01	rgb(120,158,234)	1.5339	None
MAFA	PYY	0.0069527	27.445	0.446	rgb(222,132,133)	1.5339	None
ETV1	YPEL4	0.0064561	23.5	0	rgb(217,217,217)	1.4557	None
GATA2	SCHIP1	0.0064561	23.5	0	rgb(217,217,217)	1.4557	None
PBX3	CAMKV	0.0064561	23.5	0	rgb(217,217,217)	1.4557	None
PBX3	ZBTB25	0.0064561	23.5	0	rgb(217,217,217)	1.4557	None
PDX1	UNC79	0.0064561	23.5	0	rgb(217,217,217)	1.4557	None
NKX6-1	SLC38A3	0.0063568	25.68	0.18	rgb(219,183,183)	1.4989	None
ETV1	AMER3	0.0062574	27.71	0.208	rgb(219,177,178)	1.5391	None
HIC1	VASH2	0.0060588	26.805	0.303	rgb(220,159,160)	1.5212	None
TP73	SIDT1	0.0060588	27.335	0.337	rgb(221,153,153)	1.5317	None
MAFA	TAC3	0.0058602	23.5	0	rgb(217,217,217)	1.4557	None
MAFB	FOXA1	0.0058602	23.5	0	rgb(217,217,217)	1.4557	None
ELF4	HCN4	0.0054629	24	0	rgb(217,217,217)	1.4656	None
HSF2	FUT7	0.0054629	24	0	rgb(217,217,217)	1.4656	None
SIX2	BSN	0.0054629	24	0	rgb(217,217,217)	1.4656	None
TEAD2	MEX3B	0.0054629	24	0	rgb(217,217,217)	1.4656	None
RORC	CRLF1	0.0053635	23.5	0	rgb(217,217,217)	1.4557	None
TFCP2L1	SLC30A4	0.0052642	27.33	0.33	rgb(221,154,155)	1.5316	None
TFCP2L1	LRRC36	0.0051649	26.795	0.296	rgb(220,161,161)	1.521	None
PAX6	PPP4R4	0.0050656	25.67	0.169	rgb(219,185,185)	1.4987	None
FOXA1	TMEM151A	0.0048669	27.44	0.44	rgb(222,133,134)	1.5338	None
TFCP2L1	ZFP28	0.0048669	27.44	0.442	rgb(222,133,133)	1.5338	None
EGR3	NTRK1	0.0046683	23.5	0	rgb(217,217,217)	1.4557	None
GATA4	GLIS2	0.0046683	23.5	0	rgb(217,217,217)	1.4557	None
ETS1	SCG5	-0.0045689	27.325	-3.2E-01	rgb(147,174,229)	1.5315	None
GATA4	GADD45A	-0.0044696	27.82	-3.2E-01	rgb(148,175,229)	1.5413	None
ZFP90	LINGO1	-0.0043703	26.785	-2.8E-01	rgb(156,180,228)	1.5208	None
NKX6-1	POM121L9P	-0.004271	26.24	-2.4E-01	rgb(165,185,226)	1.51	None
CSRNP3	AK128563	0.003675	23.5	0	rgb(217,217,217)	1.4557	2,2
HIC1	PTPRN2	0.003675	23.5	0	rgb(217,217,217)	1.4557	None
HLF	NR2F2-AS1	0.003675	23.5	0	rgb(217,217,217)	1.4557	None
PAX6	CRH	0.003675	23.5	0	rgb(217,217,217)	1.4557	None
PBX3	ZFP90	0.003675	23.5	0	rgb(217,217,217)	1.4557	None
SIX2	KL	0.003675	23.5	0	rgb(217,217,217)	1.4557	None
NPAS3	AK128153	0.0035757	25.545	0.046	rgb(218,208,208)	1.4962	2,2
E2F7	SOCS1	-0.0034764	26.78	-2.8E-01	rgb(157,180,228)	1.5207	None
TFCP2L1	BTBD11	0.003377	26.19	0.192	rgb(219,180,181)	1.509	None
TFCP2L1	PLCL1	0.0032777	25.75	0.249	rgb(220,169,170)	1.5003	None
POU5F1	GPBAR1	0.0031784	27.315	0.316	rgb(220,157,157)	1.5313	None
PBX3	PODXL2	0.0030791	26.225	0.224	rgb(219,174,175)	1.5097	None
TP73	GADD45G	0.0029797	26.77	0.272	rgb(220,165,166)	1.5205	None
SIX2	VCAN	0.0028804	27.155	0.155	rgb(219,187,188)	1.5281	None
MAFB	MYT1	-0.0027811	25.415	-4.1E-01	rgb(127,162,233)	1.4937	None
ETS1	ACBD7	-0.0025824	25.235	-2.4E-01	rgb(166,186,226)	1.4901	None
SPIB	SRRM4	-0.0025824	26.765	-2.7E-01	rgb(159,182,227)	1.5204	None
FOXD4L5	KAT2B	0.0024831	26.635	0.135	rgb(218,191,191)	1.5178	None
ONECUT1	TAGLN3	0.0023838	27.145	0.145	rgb(219,189,190)	1.5279	None
ATF6	ONECUT3	-0.0019865	26.17	-1.7E-01	rgb(180,195,223)	1.5086	None
HSF2	PELI3	-0.0019865	26.17	-1.7E-01	rgb(180,194,224)	1.5086	None
NKX6-1	GATA2	0.0019865	25.23	0.23	rgb(220,173,173)	1.49	2,2
ONECUT3	SLC1A2	0.0019865	25.23	0.228	rgb(220,173,174)	1.49	None
EGR3	SRRM3	0.0013905	24	0	rgb(217,217,217)	1.4656	None
LMX1A	CCDC125	0.0013905	24	0	rgb(217,217,217)	1.4656	None
NEUROD1	LRRN2	0.0013905	24	0	rgb(217,217,217)	1.4656	None
NHLH1	CAMK1	0.0013905	24	0	rgb(217,217,217)	1.4656	None
PBX1	POU5F1	0.0013905	24	0	rgb(217,217,217)	1.4656	None
SOX4	MMRN1	0.0013905	24	0	rgb(217,217,217)	1.4656	None
ARX	ZDHHC8P1	0.0012912	25.36	0.36	rgb(221,148,149)	1.4926	None
TGIF2	POM121L10P	0.0011919	27.3	0.298	rgb(220,160,161)	1.531	None
CCDC17	SUMO1P3	0.00059595	23.5	0	rgb(217,217,217)	1.4557	2,2
EGR3	GPR155	0.00059595	23.5	0	rgb(217,217,217)	1.4557	None
FOXD4L5	APLN	0.00059595	23.5	0	rgb(217,217,217)	1.4557	None
MAFA	QDPR	0.00059595	23.5	0	rgb(217,217,217)	1.4557	None
NFAT5	SLC7A14	0.00059595	23.5	0	rgb(217,217,217)	1.4557	None
POU5F1	DACH1	0.00059595	23.5	0	rgb(217,217,217)	1.4557	None
ARNT2	ABLIM2	9.9325e-05	24.5	0	rgb(217,217,217)	1.4755	None
HLF	LZTS1	9.9325e-05	24.5	0	rgb(217,217,217)	1.4755	None
HSF2	HERC2P4	9.9325e-05	24.5	0	rgb(217,217,217)	1.4755	None
LMX1B	TAGLN3	9.9325e-05	24.5	0	rgb(217,217,217)	1.4755	None
RORC	SRM	9.9325e-05	24.5	0	rgb(217,217,217)	1.4755	None
