TF	Target	SignedQuantile	NonzeroSubsamples(Stability)	pCorr	stroke	stroke-width	stroke-dasharray
NEUROG3	RFX6	1	50.99	0.992	rgb(228, 28, 30)	2	None
RFX6	CDK5R2	1	50.99	0.987	rgb(228, 28, 30)	2	None
RFX6	CNIH2	1	50.99	0.993	rgb(228, 27, 29)	2	None
RFX6	MAP2	1	50.99	0.995	rgb(228, 27, 29)	2	None
RFX6	MIAT	1	50.99	0.989	rgb(228, 28, 30)	2	None
NEUROG3	PROX1	0.99719	50.98	0.976	rgb(228, 31, 33)	1.9998	None
NEUROG3	SSTR2	0.99719	50.98	0.978	rgb(228, 30, 32)	1.9998	None
RFX6	CD200	0.99719	50.98	0.976	rgb(228, 31, 32)	1.9998	None
RFX6	CELF3	0.99719	50.98	0.979	rgb(228, 30, 32)	1.9998	None
RFX6	DACH1	0.99719	50.98	0.98	rgb(228, 30, 32)	1.9998	None
RFX6	KCNH6	0.99719	50.98	0.98	rgb(228, 30, 32)	1.9998	None
RFX6	NOL4	0.99719	50.98	0.98	rgb(228, 30, 32)	1.9998	None
RFX6	PDE2A	0.99719	50.98	0.978	rgb(228, 30, 32)	1.9998	None
RFX6	PSD	0.99719	50.98	0.983	rgb(228, 29, 31)	1.9998	None
RFX6	SAMD14	0.99719	50.98	0.978	rgb(228, 30, 32)	1.9998	None
RFX6	SCGN	0.99719	50.98	0.983	rgb(228, 29, 31)	1.9998	None
RFX6	SFRP1	0.99719	50.98	0.976	rgb(228, 31, 33)	1.9998	None
RFX6	SPTBN4	0.99719	50.98	0.984	rgb(228, 29, 31)	1.9998	None
RFX6	SVOP	0.99719	50.98	0.979	rgb(228, 30, 32)	1.9998	None
RFX6	SYT4	0.99719	50.98	0.983	rgb(228, 29, 31)	1.9998	None
RFX6	TMEM200A	0.99719	50.98	0.975	rgb(228, 31, 33)	1.9998	None
FOXA1	C7	0.99439	50.97	0.971	rgb(228, 32, 33)	1.9996	None
FOXA1	ITPR1	0.99439	50.97	0.967	rgb(228, 32, 34)	1.9996	None
NEUROG3	GPR142	0.99439	50.97	0.971	rgb(228, 31, 33)	1.9996	None
NEUROG3	KIF19	0.99439	50.97	0.965	rgb(228, 33, 35)	1.9996	None
NEUROG3	PDE8B	0.99439	50.97	0.966	rgb(228, 33, 34)	1.9996	None
RFX6	BOC	0.99439	50.97	0.965	rgb(228, 33, 35)	1.9996	None
RFX6	CERKL	0.99439	50.97	0.972	rgb(228, 31, 33)	1.9996	None
RFX6	DPP10	0.99439	50.97	0.973	rgb(228, 31, 33)	1.9996	None
RFX6	GNG2	0.99439	50.97	0.974	rgb(228, 31, 33)	1.9996	None
RFX6	JAM3	0.99439	50.97	0.974	rgb(228, 31, 33)	1.9996	None
RFX6	KCNH2	0.99439	50.97	0.975	rgb(228, 31, 33)	1.9996	None
RFX6	KCNMA1	0.99439	50.97	0.967	rgb(228, 32, 34)	1.9996	None
RFX6	LINC00643	0.99439	50.97	0.97	rgb(228, 32, 34)	1.9996	None
RFX6	LOC728392	0.99439	50.97	0.969	rgb(228, 32, 34)	1.9996	None
RFX6	MARCH4	0.99439	50.97	0.966	rgb(228, 32, 34)	1.9996	None
RFX6	RTN1	0.99439	50.97	0.967	rgb(228, 32, 34)	1.9996	None
RFX6	SLC8A1	0.99439	50.97	0.97	rgb(228, 32, 34)	1.9996	None
RORC	FAM161A	-0.99439	50.97	-9.7E-01	rgb(  6, 88,254)	1.9996	None
ZNF514	SNX29P2	0.99439	50.97	0.971	rgb(228, 32, 33)	1.9996	2,2
E2F7	BRSK2	-0.99158	50.96	-9.6E-01	rgb(  8, 90,254)	1.9994	None
FOXA1	CCDC40	0.99158	50.96	0.956	rgb(228, 34, 36)	1.9994	None
FOXJ1	TGIF2	-0.99158	50.96	-9.6E-01	rgb( 10, 91,253)	1.9994	None
NEUROD2	STARD9	0.99158	50.96	0.958	rgb(228, 34, 36)	1.9994	None
NEUROG3	ABCC8	0.99158	50.96	0.963	rgb(228, 33, 35)	1.9994	None
NEUROG3	CABP7	0.99158	50.96	0.957	rgb(228, 34, 36)	1.9994	None
NEUROG3	CRYBA2	0.99158	50.96	0.96	rgb(228, 34, 35)	1.9994	None
NEUROG3	MAPK4	0.99158	50.96	0.962	rgb(228, 33, 35)	1.9994	None
NEUROG3	NKD1	0.99158	50.96	0.957	rgb(228, 34, 36)	1.9994	None
NEUROG3	SPARC	0.99158	50.96	0.964	rgb(228, 33, 35)	1.9994	None
NEUROG3	TMEM132B	0.99158	50.96	0.96	rgb(228, 34, 35)	1.9994	None
NEUROG3	TUBB4A	0.99158	50.96	0.962	rgb(228, 33, 35)	1.9994	None
RFX6	CPLX2	0.99158	50.96	0.958	rgb(228, 34, 36)	1.9994	None
RFX6	DUSP26	0.99158	50.96	0.961	rgb(228, 33, 35)	1.9994	None
RFX6	FEV	0.99158	50.96	0.961	rgb(228, 33, 35)	1.9994	None
RFX6	GCK	0.99158	50.96	0.963	rgb(228, 33, 35)	1.9994	None
RFX6	KCTD12	0.99158	50.96	0.962	rgb(228, 33, 35)	1.9994	None
RFX6	KIF1A	0.99158	50.96	0.965	rgb(228, 33, 35)	1.9994	None
RFX6	LAPTM5	0.99158	50.96	0.957	rgb(228, 34, 36)	1.9994	None
RFX6	MTSS1	0.99158	50.96	0.956	rgb(228, 34, 36)	1.9994	None
RFX6	PCSK1	0.99158	50.96	0.958	rgb(228, 34, 36)	1.9994	None
RFX6	RAPGEF4	0.99158	50.96	0.964	rgb(228, 33, 35)	1.9994	None
RFX6	TOX	0.99158	50.96	0.959	rgb(228, 34, 36)	1.9994	None
RFX6	VSTM2L	0.99158	50.96	0.96	rgb(228, 34, 36)	1.9994	None
SOX4	BAMBI	-0.99158	50.96	-9.6E-01	rgb( 10, 91,253)	1.9994	None
DACH1	AK092048	0.99158	50.96	0.955	rgb(228, 35, 36)	1.9994	2,2
MYSM1	BC005905	0.99158	50.96	0.961	rgb(228, 33, 35)	1.9994	2,2
E2F7	C1QL1	-0.98877	50.95	-9.5E-01	rgb( 10, 91,253)	1.9992	None
FOXA1	TMOD2	0.98877	50.95	0.947	rgb(227, 36, 38)	1.9992	None
NEUROD2	C1QL1	0.98877	50.95	0.945	rgb(227, 36, 38)	1.9992	None
NEUROG3	AK5	0.98877	50.95	0.947	rgb(227, 36, 38)	1.9992	None
NEUROG3	CSF1R	0.98877	50.95	0.948	rgb(227, 36, 38)	1.9992	None
NEUROG3	ENPP2	0.98877	50.95	0.955	rgb(228, 35, 37)	1.9992	None
NEUROG3	PLCG2	0.98877	50.95	0.954	rgb(227, 35, 37)	1.9992	None
NEUROG3	PPP1R1A	0.98877	50.95	0.945	rgb(227, 36, 38)	1.9992	None
NEUROG3	TMEM61	0.98877	50.95	0.949	rgb(227, 36, 38)	1.9992	None
ONECUT2	SNAP25	-0.98877	50.95	-9.5E-01	rgb( 10, 91,253)	1.9992	None
PAX6	POU2F2	-0.98877	50.95	-9.5E-01	rgb( 10, 91,253)	1.9992	None
POU2F2	STMND1	0.98877	50.95	0.951	rgb(227, 35, 37)	1.9992	None
RFX6	ANK2	0.98877	50.95	0.948	rgb(227, 36, 38)	1.9992	None
RFX6	FAM167A	0.98877	50.95	0.947	rgb(227, 36, 38)	1.9992	None
RFX6	GATA2	0.98877	50.95	0.948	rgb(227, 36, 38)	1.9992	None
RFX6	GHRL	0.98877	50.95	0.95	rgb(227, 36, 37)	1.9992	None
RFX6	NFASC	0.98877	50.95	0.953	rgb(227, 35, 37)	1.9992	None
RFX6	RAP1GAP2	0.98877	50.95	0.948	rgb(227, 36, 38)	1.9992	None
RFX6	RIMBP2	0.98877	50.95	0.946	rgb(227, 36, 38)	1.9992	None
RFX6	SCGB1A1	0.98877	50.95	0.95	rgb(227, 35, 37)	1.9992	None
RFX6	SYT5	0.98877	50.95	0.954	rgb(227, 35, 37)	1.9992	None
RFX6	TPST2	0.98877	50.95	0.949	rgb(227, 36, 38)	1.9992	None
ZNF514	BX641154	0.98877	50.95	0.95	rgb(227, 36, 38)	1.9992	2,2
NEUROD2	PGA5	0.98596	50.94	0.939	rgb(227, 38, 40)	1.999	None
NEUROG3	ATP8B2	0.98596	50.94	0.941	rgb(227, 37, 39)	1.999	None
NEUROG3	ID4	0.98596	50.94	0.942	rgb(227, 37, 39)	1.999	None
NEUROG3	INSM1	0.98596	50.94	0.94	rgb(227, 37, 39)	1.999	None
NEUROG3	ST18	0.98596	50.94	0.944	rgb(227, 37, 39)	1.999	None
ONECUT2	KLK12	-0.98596	50.94	-9.4E-01	rgb( 14, 93,253)	1.999	None
RFX2	ADAM12	0.98596	50.94	0.945	rgb(227, 37, 38)	1.999	None
RFX6	CA8	0.98596	50.94	0.94	rgb(227, 37, 39)	1.999	None
RFX6	CACNG4	0.98596	50.94	0.938	rgb(227, 38, 40)	1.999	None
RFX6	KCNK16	0.98596	50.94	0.942	rgb(227, 37, 39)	1.999	None
RFX6	MIR7-3HG	0.98596	50.94	0.943	rgb(227, 37, 39)	1.999	None
RFX6	RTN4RL1	0.98596	50.94	0.944	rgb(227, 37, 39)	1.999	None
RFX6	SIM1	0.98596	50.94	0.943	rgb(227, 37, 39)	1.999	None
TEAD1	RAB3C	-0.98596	50.94	-9.4E-01	rgb( 14, 93,253)	1.999	None
E2F7	GGT5	0.98316	50.93	0.935	rgb(227, 38, 40)	1.9988	None
FEV	UBE2S	0.98316	50.93	0.926	rgb(227, 40, 42)	1.9988	None
FOXA1	PLCXD3	0.98316	50.93	0.932	rgb(227, 39, 41)	1.9988	None
FOXA1	PPP1R14A	-0.98316	50.93	-9.3E-01	rgb( 16, 95,252)	1.9988	None
NEUROD2	CADPS	0.98316	50.93	0.925	rgb(227, 40, 42)	1.9988	None
NEUROD2	CHGA	0.98316	50.93	0.932	rgb(227, 39, 41)	1.9988	None
NEUROG3	MDK	0.98316	50.93	0.933	rgb(227, 39, 41)	1.9988	None
NEUROG3	MEX3B	0.98316	50.93	0.933	rgb(227, 39, 41)	1.9988	None
NEUROG3	PCBP4	0.98316	50.93	0.93	rgb(227, 39, 41)	1.9988	None
NEUROG3	RUNX1T1	0.98316	50.93	0.93	rgb(227, 39, 41)	1.9988	None
RFX6	AGT	0.98316	50.93	0.927	rgb(227, 40, 42)	1.9988	None
RFX6	CACNA1A	0.98316	50.93	0.93	rgb(227, 39, 41)	1.9988	None
RFX6	CHST8	0.98316	50.93	0.931	rgb(227, 39, 41)	1.9988	None
RFX6	CPA1	0.98316	50.93	0.931	rgb(227, 39, 41)	1.9988	None
RFX6	EFNB3	0.98316	50.93	0.93	rgb(227, 39, 41)	1.9988	None
RFX6	GNG4	0.98316	50.93	0.931	rgb(227, 39, 41)	1.9988	None
RFX6	KCNH8	0.98316	50.93	0.932	rgb(227, 39, 41)	1.9988	None
RFX6	LMX1A	0.98316	50.93	0.928	rgb(227, 40, 42)	1.9988	None
RFX6	MAP1B	0.98316	50.93	0.933	rgb(227, 39, 41)	1.9988	None
RFX6	MYT1	0.98316	50.93	0.929	rgb(227, 40, 41)	1.9988	None
RFX6	OR51E1	0.98316	50.93	0.931	rgb(227, 39, 41)	1.9988	None
RFX6	SCGB1C1	0.98316	50.93	0.934	rgb(227, 39, 41)	1.9988	None
SIX2	SLITRK6	0.98316	50.93	0.928	rgb(227, 40, 42)	1.9988	None
ZNF382	PGM5	-0.98316	50.93	-9.3E-01	rgb( 16, 95,252)	1.9988	None
ZNF492	CITED2	-0.98316	50.93	-9.3E-01	rgb( 14, 94,253)	1.9988	None
ZNF519	EGFR	0.98316	50.93	0.927	rgb(227, 40, 42)	1.9988	None
SIM1	GUCY1B3	0.98316	50.93	0.929	rgb(227, 39, 41)	1.9988	2,2
ZNF514	AL137655	0.98316	50.93	0.926	rgb(227, 40, 42)	1.9988	2,2
ZNF514	DQ598910	0.98316	50.93	0.931	rgb(227, 39, 41)	1.9988	2,2
ZNF514	LOC400927	0.98316	50.93	0.93	rgb(227, 39, 41)	1.9988	2,2
ELF4	MDN1	-0.98035	50.92	-9.2E-01	rgb( 17, 96,252)	1.9986	None
FOXA1	PODXL2	0.98035	50.92	0.921	rgb(227, 41, 43)	1.9986	None
GATA2	CXXC4	0.98035	50.92	0.922	rgb(227, 41, 43)	1.9986	None
HIF1A	CDHR3	-0.98035	50.92	-9.2E-01	rgb( 18, 96,252)	1.9986	None
LHX1	FGF9	0.98035	50.92	0.918	rgb(227, 42, 44)	1.9986	None
MAFA	LDHD	0.98035	50.92	0.922	rgb(227, 41, 43)	1.9986	None
MAFB	GFRA3	-0.98035	50.92	-9.2E-01	rgb( 18, 96,252)	1.9986	None
NEUROD2	ANKRD13B	0.98035	50.92	0.915	rgb(227, 42, 44)	1.9986	None
NEUROD2	GPC2	0.98035	50.92	0.918	rgb(227, 42, 44)	1.9986	None
NEUROG3	ADORA2A	0.98035	50.92	0.923	rgb(227, 41, 43)	1.9986	None
NEUROG3	DNAJC12	0.98035	50.92	0.915	rgb(227, 42, 44)	1.9986	None
NEUROG3	GGT5	0.98035	50.92	0.918	rgb(227, 42, 44)	1.9986	None
NEUROG3	KCNK3	0.98035	50.92	0.922	rgb(227, 41, 43)	1.9986	None
NEUROG3	NEFM	0.98035	50.92	0.924	rgb(227, 41, 42)	1.9986	None
NEUROG3	OGFRL1	0.98035	50.92	0.922	rgb(227, 41, 43)	1.9986	None
NEUROG3	SAMD5	0.98035	50.92	0.921	rgb(227, 41, 43)	1.9986	None
NEUROG3	SYNM	0.98035	50.92	0.924	rgb(227, 40, 42)	1.9986	None
NEUROG3	VASH2	0.98035	50.92	0.924	rgb(227, 40, 42)	1.9986	None
RFX6	ADAMTS2	0.98035	50.92	0.918	rgb(227, 42, 44)	1.9986	None
RFX6	APBB1	0.98035	50.92	0.921	rgb(227, 41, 43)	1.9986	None
RFX6	BTBD17	0.98035	50.92	0.915	rgb(227, 42, 44)	1.9986	None
RFX6	CACNB2	0.98035	50.92	0.922	rgb(227, 41, 43)	1.9986	None
RFX6	FBXL16	0.98035	50.92	0.923	rgb(227, 41, 43)	1.9986	None
RFX6	GRIK3	0.98035	50.92	0.923	rgb(227, 41, 43)	1.9986	None
RFX6	GRIK5	0.98035	50.92	0.924	rgb(227, 41, 42)	1.9986	None
RFX6	HHEX	0.98035	50.92	0.921	rgb(227, 41, 43)	1.9986	None
RFX6	RET	0.98035	50.92	0.922	rgb(227, 41, 43)	1.9986	None
RFX6	SLC16A12	0.98035	50.92	0.917	rgb(227, 42, 44)	1.9986	None
RFX6	SNED1	0.98035	50.92	0.923	rgb(227, 41, 43)	1.9986	None
RFX6	SPRED3	0.98035	50.92	0.923	rgb(227, 41, 42)	1.9986	None
RFX6	STMN2	0.98035	50.92	0.924	rgb(227, 41, 42)	1.9986	None
RFX6	TNP1	0.98035	50.92	0.921	rgb(227, 41, 43)	1.9986	None
RORC	USP13	-0.98035	50.92	-9.2E-01	rgb( 18, 96,252)	1.9986	None
TGIF2	BAALC	0.98035	50.92	0.916	rgb(227, 42, 44)	1.9986	None
ZNF883	MDN1	0.98035	50.92	0.921	rgb(227, 41, 43)	1.9986	None
ZNF514	FLJ45340	0.98035	50.92	0.924	rgb(227, 41, 42)	1.9986	2,2
ARNT2	CITED2	0.97754	50.91	0.914	rgb(227, 43, 44)	1.9984	None
ELF4	EDAR	-0.97754	50.91	-9.1E-01	rgb( 20, 97,251)	1.9984	None
ETS1	ANKRD36C	-0.97754	50.91	-9.1E-01	rgb( 19, 96,252)	1.9984	None
FOXP2	S100A1	-0.97754	50.91	-9.1E-01	rgb( 20, 97,251)	1.9984	None
HMBOX1	ATP13A4	0.97754	50.91	0.913	rgb(227, 43, 45)	1.9984	None
HMBOX1	PMP22	-0.97754	50.91	-9.1E-01	rgb( 20, 97,252)	1.9984	None
HMBOX1	SAP30	-0.97754	50.91	-9.1E-01	rgb( 20, 97,252)	1.9984	None
MAFA	CACNA1G	0.97754	50.91	0.908	rgb(227, 44, 45)	1.9984	None
NEUROD2	NTRK1	0.97754	50.91	0.908	rgb(227, 44, 45)	1.9984	None
NEUROD2	PGA4	0.97754	50.91	0.912	rgb(227, 43, 45)	1.9984	None
NEUROG3	HEPACAM2	0.97754	50.91	0.911	rgb(227, 43, 45)	1.9984	None
NEUROG3	NKAIN1	0.97754	50.91	0.911	rgb(227, 43, 45)	1.9984	None
NEUROG3	PTCH1	0.97754	50.91	0.906	rgb(227, 44, 46)	1.9984	None
NEUROG3	SRSF12	0.97754	50.91	0.91	rgb(227, 43, 45)	1.9984	None
RFX6	DDN	0.97754	50.91	0.91	rgb(227, 43, 45)	1.9984	None
RFX6	EML1	0.97754	50.91	0.906	rgb(227, 44, 46)	1.9984	None
RFX6	EPHA4	0.97754	50.91	0.915	rgb(227, 42, 44)	1.9984	None
RFX6	FRMPD4	0.97754	50.91	0.915	rgb(227, 42, 44)	1.9984	None
RFX6	GAD2	0.97754	50.91	0.91	rgb(227, 43, 45)	1.9984	None
RFX6	LOC646903	0.97754	50.91	0.91	rgb(227, 43, 45)	1.9984	None
RFX6	MAP6	0.97754	50.91	0.913	rgb(227, 43, 44)	1.9984	None
RFX6	NAV3	0.97754	50.91	0.911	rgb(227, 43, 45)	1.9984	None
RFX6	OR51E2	0.97754	50.91	0.906	rgb(227, 44, 46)	1.9984	None
RFX6	PAX6	0.97754	50.91	0.912	rgb(227, 43, 45)	1.9984	None
RFX6	PELI3	0.97754	50.91	0.907	rgb(227, 44, 46)	1.9984	None
RFX6	PRKCG	0.97754	50.91	0.911	rgb(227, 43, 45)	1.9984	None
RFX6	SIX2	0.97754	50.91	0.913	rgb(227, 43, 44)	1.9984	None
RFX6	TUBB3	0.97754	50.91	0.907	rgb(227, 44, 46)	1.9984	None
SMAD9	PDZD4	0.97754	50.91	0.913	rgb(227, 43, 45)	1.9984	None
SMAD9	TMEM196	0.97754	50.91	0.906	rgb(227, 44, 46)	1.9984	None
TEAD1	HECW2	-0.97754	50.91	-9.1E-01	rgb( 20, 97,252)	1.9984	None
TEAD1	TMOD2	-0.97754	50.91	-9.1E-01	rgb( 19, 97,252)	1.9984	None
TEAD1	ZG16	-0.97754	50.91	-9.1E-01	rgb( 19, 96,252)	1.9984	None
TFCP2L1	MLLT11	0.97754	50.91	0.907	rgb(227, 44, 46)	1.9984	None
TGIF2	CHGA	0.97754	50.91	0.912	rgb(227, 43, 45)	1.9984	None
TGIF2	PGA5	0.97754	50.91	0.911	rgb(227, 43, 45)	1.9984	None
ZNF519	RFX3	0.97754	50.91	0.909	rgb(227, 43, 45)	1.9984	None
CCDC17	BX649158	0.97754	50.91	0.91	rgb(227, 43, 45)	1.9984	2,2
MYT1	AL109792	0.97754	50.91	0.906	rgb(227, 44, 46)	1.9984	2,2
ZNF514	AB073649	0.97754	50.91	0.908	rgb(227, 44, 45)	1.9984	2,2
E2F7	FXYD6	-0.97474	50.9	-9.0E-01	rgb( 22, 99,251)	1.9982	None
E2F7	ST8SIA3	-0.97474	50.9	-9.0E-01	rgb( 21, 98,251)	1.9982	None
ETS1	RET	-0.97474	50.9	-9.0E-01	rgb( 22, 98,251)	1.9982	None
ETV1	GPR173	0.97474	50.9	0.895	rgb(227, 46, 48)	1.9982	None
ETV1	NAALADL1	0.97474	50.9	0.903	rgb(227, 45, 46)	1.9982	None
FEV	SLC22A17	0.97474	50.9	0.895	rgb(227, 46, 48)	1.9982	None
FOXD4L5	UBN2	0.97474	50.9	0.901	rgb(227, 45, 47)	1.9982	None
FOXJ1	TMPRSS11E	-0.97474	50.9	-9.0E-01	rgb( 22, 99,251)	1.9982	None
GATA4	RAB3C	0.97474	50.9	0.896	rgb(227, 46, 48)	1.9982	None
HMBOX1	ABCC4	0.97474	50.9	0.904	rgb(227, 44, 46)	1.9982	None
HSF2	SSTR5	-0.97474	50.9	-9.0E-01	rgb( 22, 98,251)	1.9982	None
MAFB	CPB1	-0.97474	50.9	-9.0E-01	rgb( 21, 98,251)	1.9982	None
NEUROD2	SSTR3	0.97474	50.9	0.899	rgb(227, 45, 47)	1.9982	None
NEUROG3	CAMK2B	0.97474	50.9	0.898	rgb(227, 45, 47)	1.9982	None
NEUROG3	CDHR1	0.97474	50.9	0.898	rgb(227, 46, 47)	1.9982	None
NEUROG3	LRRTM3	0.97474	50.9	0.897	rgb(227, 46, 47)	1.9982	None
NEUROG3	RASD1	0.97474	50.9	0.901	rgb(227, 45, 47)	1.9982	None
NEUROG3	ST8SIA5	0.97474	50.9	0.901	rgb(227, 45, 47)	1.9982	None
NEUROG3	TP73	0.97474	50.9	0.895	rgb(227, 46, 48)	1.9982	None
NEUROG3	YPEL1	0.97474	50.9	0.899	rgb(227, 45, 47)	1.9982	None
PAX6	GPR173	-0.97474	50.9	-9.0E-01	rgb( 22, 99,251)	1.9982	None
RFX6	APLP1	0.97474	50.9	0.903	rgb(227, 45, 46)	1.9982	None
RFX6	B3GAT1	0.97474	50.9	0.897	rgb(227, 46, 47)	1.9982	None
RFX6	CAMKV	0.97474	50.9	0.899	rgb(227, 45, 47)	1.9982	None
RFX6	ELAVL4	0.97474	50.9	0.902	rgb(227, 45, 47)	1.9982	None
RFX6	GALNT16	0.97474	50.9	0.896	rgb(227, 46, 48)	1.9982	None
RFX6	KCNN3	0.97474	50.9	0.903	rgb(227, 45, 46)	1.9982	None
RFX6	LTBP2	0.97474	50.9	0.899	rgb(227, 45, 47)	1.9982	None
RFX6	PCSK1N	0.97474	50.9	0.896	rgb(227, 46, 48)	1.9982	None
RFX6	QDPR	0.97474	50.9	0.9	rgb(227, 45, 47)	1.9982	None
RFX6	TEKT2	0.97474	50.9	0.905	rgb(227, 44, 46)	1.9982	None
SOX4	PAPPA2	-0.97474	50.9	-9.0E-01	rgb( 22, 98,251)	1.9982	None
SOX4	PDE8B	-0.97474	50.9	-9.0E-01	rgb( 22, 98,251)	1.9982	None
TEAD1	GABRP	0.97474	50.9	0.9	rgb(227, 45, 47)	1.9982	None
TEAD1	SYP	-0.97474	50.9	-9.0E-01	rgb( 23, 99,251)	1.9982	None
TFCP2L1	PARD6A	0.97474	50.9	0.902	rgb(227, 45, 47)	1.9982	None
ZNF846	CDK5R2	-0.97474	50.9	-9.0E-01	rgb( 22, 98,251)	1.9982	None
ZNF883	BC041654	-0.97474	50.9	-9.0E-01	rgb( 22, 98,251)	1.9982	2,2
MYT1	UCHL1	0.97474	50.9	0.902	rgb(227, 45, 47)	1.9982	2,2
ZNF514	AF289551	0.97474	50.9	0.902	rgb(227, 45, 47)	1.9982	2,2
E2F7	FSD1	-0.97193	50.89	-8.9E-01	rgb( 24,100,251)	1.998	None
E2F7	SNAP25	-0.97193	50.89	-8.9E-01	rgb( 25,100,251)	1.998	None
ETS1	RPS15AP10	-0.97193	50.89	-8.9E-01	rgb( 24,100,251)	1.998	None
ETS1	SPARC	0.97193	50.89	0.889	rgb(227, 47, 49)	1.998	None
FEV	CTPS1	0.97193	50.89	0.89	rgb(227, 47, 49)	1.998	None
FOXA1	KCNB2	0.97193	50.89	0.886	rgb(227, 48, 50)	1.998	None
FOXA1	NHSL2	0.97193	50.89	0.894	rgb(227, 46, 48)	1.998	None
FOXA1	PRICKLE2	0.97193	50.89	0.889	rgb(227, 47, 49)	1.998	None
FOXA2	SMARCC1	0.97193	50.89	0.889	rgb(227, 47, 49)	1.998	None
HSF2	SPC25	0.97193	50.89	0.888	rgb(227, 47, 49)	1.998	None
MAFA	PTP4A3	0.97193	50.89	0.893	rgb(227, 46, 48)	1.998	None
MAFA	TAF9B	0.97193	50.89	0.891	rgb(227, 47, 49)	1.998	None
MAFB	HHEX	-0.97193	50.89	-8.9E-01	rgb( 23, 99,251)	1.998	None
NEUROD2	AMPD3	0.97193	50.89	0.888	rgb(227, 47, 49)	1.998	None
NEUROD2	BRSK2	0.97193	50.89	0.891	rgb(227, 47, 49)	1.998	None
NEUROD2	CLCNKA	0.97193	50.89	0.886	rgb(227, 48, 50)	1.998	None
NEUROD2	EVA1A	0.97193	50.89	0.894	rgb(227, 46, 48)	1.998	None
NEUROG3	CDH22	0.97193	50.89	0.886	rgb(227, 48, 50)	1.998	None
NEUROG3	ISL1	0.97193	50.89	0.889	rgb(227, 47, 49)	1.998	None
NEUROG3	OLFML2B	0.97193	50.89	0.888	rgb(227, 47, 49)	1.998	None
NEUROG3	PTPRN	0.97193	50.89	0.889	rgb(227, 47, 49)	1.998	None
NEUROG3	ZDHHC8P1	0.97193	50.89	0.89	rgb(227, 47, 49)	1.998	None
NKX6-1	ADAM12	0.97193	50.89	0.892	rgb(227, 47, 48)	1.998	None
PAX6	PARD6A	0.97193	50.89	0.894	rgb(227, 46, 48)	1.998	None
PAX6	TOX	-0.97193	50.89	-8.9E-01	rgb( 23, 99,251)	1.998	None
PBX3	BAMBI	-0.97193	50.89	-8.9E-01	rgb( 24,100,251)	1.998	None
RFX2	CLGN	0.97193	50.89	0.893	rgb(227, 46, 48)	1.998	None
RFX6	AMER3	0.97193	50.89	0.89	rgb(227, 47, 49)	1.998	None
RFX6	ASIC4	0.97193	50.89	0.893	rgb(227, 46, 48)	1.998	None
RFX6	CERS1	0.97193	50.89	0.885	rgb(227, 48, 50)	1.998	None
RFX6	CTXN1	0.97193	50.89	0.894	rgb(227, 46, 48)	1.998	None
RFX6	LIMCH1	0.97193	50.89	0.887	rgb(227, 48, 49)	1.998	None
RFX6	LRAT	0.97193	50.89	0.887	rgb(227, 48, 49)	1.998	None
RFX6	MS4A8	0.97193	50.89	0.886	rgb(227, 48, 50)	1.998	None
RFX6	MTUS2	0.97193	50.89	0.892	rgb(227, 47, 48)	1.998	None
RFX6	PPM1E	0.97193	50.89	0.894	rgb(227, 46, 48)	1.998	None
RFX6	TAGLN3	0.97193	50.89	0.888	rgb(227, 47, 49)	1.998	None
RFX6	TMEM158	0.97193	50.89	0.89	rgb(227, 47, 49)	1.998	None
SPIB	SPDYE5	-0.97193	50.89	-8.9E-01	rgb( 24,100,251)	1.998	None
TEAD1	RASAL1	0.97193	50.89	0.891	rgb(227, 47, 49)	1.998	None
TFCP2L1	SSTR1	0.97193	50.89	0.892	rgb(227, 47, 48)	1.998	None
ZNF846	EID2	0.97193	50.89	0.886	rgb(227, 48, 50)	1.998	None
CCDC17	CNTNAP4	0.97193	50.89	0.886	rgb(227, 48, 50)	1.998	2,2
DACH1	FAM105A	0.97193	50.89	0.895	rgb(227, 46, 48)	1.998	2,2
ZNF518A	PFN1P2	0.97193	50.89	0.888	rgb(227, 47, 49)	1.998	2,2
ATF5	DST	0.96912	50.88	0.876	rgb(227, 50, 51)	1.9978	None
E2F7	CACNG6	-0.96912	50.88	-8.8E-01	rgb( 27,101,250)	1.9978	None
ETV1	USP41	0.96912	50.88	0.878	rgb(227, 49, 51)	1.9978	None
FOXA1	CADPS	0.96912	50.88	0.878	rgb(227, 49, 51)	1.9978	None
FOXD4L5	ELAVL3	0.96912	50.88	0.884	rgb(227, 48, 50)	1.9978	None
GATA2	RNF157-AS1	0.96912	50.88	0.875	rgb(227, 50, 52)	1.9978	None
HIF1A	PTPRN	-0.96912	50.88	-8.8E-01	rgb( 26,101,250)	1.9978	None
MAFA	RPLP0P2	0.96912	50.88	0.878	rgb(227, 49, 51)	1.9978	None
MAFA	SLC14A1	0.96912	50.88	0.88	rgb(227, 49, 51)	1.9978	None
MXI1	CCDC85B	0.96912	50.88	0.883	rgb(227, 48, 50)	1.9978	None
NEUROG3	CPLX1	0.96912	50.88	0.875	rgb(227, 50, 52)	1.9978	None
NEUROG3	KCNMB2	0.96912	50.88	0.884	rgb(227, 48, 50)	1.9978	None
NEUROG3	LOC100129175	0.96912	50.88	0.883	rgb(227, 48, 50)	1.9978	None
NEUROG3	VWA5B2	0.96912	50.88	0.878	rgb(227, 49, 51)	1.9978	None
NR4A2	PHGR1	0.96912	50.88	0.879	rgb(227, 49, 51)	1.9978	None
RFX2	ARHGAP33	0.96912	50.88	0.881	rgb(227, 49, 51)	1.9978	None
RFX2	GPR173	0.96912	50.88	0.877	rgb(227, 49, 51)	1.9978	None
RFX3	ZFP82	0.96912	50.88	0.884	rgb(227, 48, 50)	1.9978	None
RFX6	NAT8L	0.96912	50.88	0.881	rgb(227, 49, 50)	1.9978	None
RFX6	PLXNC1	0.96912	50.88	0.881	rgb(227, 49, 50)	1.9978	None
RFX6	PRR18	0.96912	50.88	0.882	rgb(227, 49, 50)	1.9978	None
RFX6	RSAD2	0.96912	50.88	0.881	rgb(227, 49, 50)	1.9978	None
RFX6	STX2	0.96912	50.88	0.878	rgb(227, 49, 51)	1.9978	None
RORC	SMARCA1	-0.96912	50.88	-8.8E-01	rgb( 25,100,251)	1.9978	None
SMAD9	CELSR3	0.96912	50.88	0.877	rgb(227, 50, 51)	1.9978	None
SMAD9	HDAC7	0.96912	50.88	0.883	rgb(227, 48, 50)	1.9978	None
TEAD1	MICAL2	0.96912	50.88	0.877	rgb(227, 49, 51)	1.9978	None
TEAD2	SPEG	0.96912	50.88	0.885	rgb(227, 48, 50)	1.9978	None
TFCP2L1	SCT	0.96912	50.88	0.883	rgb(227, 48, 50)	1.9978	None
TGIF2	NFRKB	0.96912	50.88	0.877	rgb(227, 50, 51)	1.9978	None
ZNF382	ST6GALNAC5	-0.96912	50.88	-8.8E-01	rgb( 27,101,250)	1.9978	None
ATOH8	FLJ00385	0.96912	50.88	0.88	rgb(227, 49, 51)	1.9978	2,2
ZNF514	LOC100288069	0.96912	50.88	0.881	rgb(227, 49, 51)	1.9978	2,2
E2F7	CLDN6	-0.96631	50.87	-8.7E-01	rgb( 29,102,250)	1.9976	None
EBF3	CFC1	0.96631	50.87	0.869	rgb(227, 51, 53)	1.9976	None
ELF4	KCNH6	-0.96631	50.87	-8.7E-01	rgb( 29,103,250)	1.9976	None
ELF4	RBPMS	0.96631	50.87	0.867	rgb(227, 51, 53)	1.9976	None
ELF4	SYNE2	-0.96631	50.87	-8.7E-01	rgb( 28,102,250)	1.9976	None
ETV1	KLHL32	0.96631	50.87	0.871	rgb(227, 51, 52)	1.9976	None
GATA4	ICA1L	0.96631	50.87	0.87	rgb(227, 51, 53)	1.9976	None
HES4	SDPR	0.96631	50.87	0.871	rgb(227, 51, 52)	1.9976	2,2
HMBOX1	SVOP	0.96631	50.87	0.871	rgb(227, 51, 52)	1.9976	None
HSF2	SERPINA10	-0.96631	50.87	-8.7E-01	rgb( 29,103,250)	1.9976	None
ISL1	ARHGEF26-AS1	0.96631	50.87	0.873	rgb(227, 50, 52)	1.9976	None
MAFB	FXYD1	0.96631	50.87	0.868	rgb(227, 51, 53)	1.9976	None
NEUROD2	CHRNA1	0.96631	50.87	0.869	rgb(227, 51, 53)	1.9976	None
NEUROD2	TMEM178B	0.96631	50.87	0.872	rgb(227, 50, 52)	1.9976	None
NEUROG3	KSR2	0.96631	50.87	0.868	rgb(227, 51, 53)	1.9976	None
NEUROG3	SEZ6	0.96631	50.87	0.874	rgb(227, 50, 52)	1.9976	None
NHLH1	GGT5	0.96631	50.87	0.867	rgb(227, 51, 53)	1.9976	None
ONECUT2	HOPX	-0.96631	50.87	-8.7E-01	rgb( 29,103,250)	1.9976	None
ONECUT2	RBP2	-0.96631	50.87	-8.7E-01	rgb( 28,102,250)	1.9976	None
PBX3	LRIG1	0.96631	50.87	0.869	rgb(227, 51, 53)	1.9976	None
PBX3	TP73	0.96631	50.87	0.866	rgb(227, 52, 53)	1.9976	None
PLAG1	PTP4A3	-0.96631	50.87	-8.7E-01	rgb( 29,102,250)	1.9976	None
POU5F1	DCHS1	0.96631	50.87	0.874	rgb(227, 50, 52)	1.9976	None
RFX2	FGF14	0.96631	50.87	0.866	rgb(227, 52, 53)	1.9976	None
RFX2	SNAP25	0.96631	50.87	0.87	rgb(227, 51, 53)	1.9976	None
RFX6	GPR155	0.96631	50.87	0.865	rgb(227, 52, 53)	1.9976	None
RFX6	GRAP2	0.96631	50.87	0.871	rgb(227, 51, 52)	1.9976	None
RFX6	NACAD	0.96631	50.87	0.875	rgb(227, 50, 52)	1.9976	None
RFX6	NKX2-2	0.96631	50.87	0.875	rgb(227, 50, 52)	1.9976	None
RFX6	RIIAD1	0.96631	50.87	0.873	rgb(227, 50, 52)	1.9976	None
RFX6	SPEG	0.96631	50.87	0.869	rgb(227, 51, 53)	1.9976	None
RORC	ADAMTSL2	-0.96631	50.87	-8.7E-01	rgb( 28,102,250)	1.9976	None
SIX2	TMSB15B	-0.96631	50.87	-8.7E-01	rgb( 29,103,250)	1.9976	None
TGIF2	UNC13A	0.96631	50.87	0.869	rgb(227, 51, 53)	1.9976	None
ZNF492	ZNF518A	0.96631	50.87	0.866	rgb(227, 52, 53)	1.9976	None
ATOH8	CTSL2	0.96631	50.87	0.869	rgb(227, 51, 53)	1.9976	2,2
SIM1	AK096718	0.96631	50.87	0.87	rgb(227, 51, 53)	1.9976	2,2
ZNF514	AX746764	0.96631	50.87	0.867	rgb(227, 51, 53)	1.9976	2,2
ZNF514	FAM95B1	0.96631	50.87	0.869	rgb(227, 51, 53)	1.9976	2,2
ZNF514	LOC100190986	0.96631	50.87	0.865	rgb(227, 52, 53)	1.9976	2,2
E2F7	GCH1	-0.96351	50.86	-8.6E-01	rgb( 29,103,250)	1.9974	None
ELF4	TMSB15B	-0.96351	50.86	-8.6E-01	rgb( 30,103,250)	1.9974	None
ETS1	CSF1R	0.96351	50.86	0.862	rgb(226, 52, 54)	1.9974	None
ETV1	EXOSC4	0.96351	50.86	0.858	rgb(226, 53, 55)	1.9974	None
FEV	REEP2	0.96351	50.86	0.858	rgb(226, 53, 55)	1.9974	None
FEV	TMEM151B	0.96351	50.86	0.857	rgb(226, 53, 55)	1.9974	None
FOXA2	TFF2	-0.96351	50.86	-8.6E-01	rgb( 29,103,250)	1.9974	None
HMBOX1	CELF4	0.96351	50.86	0.858	rgb(226, 53, 55)	1.9974	None
HSF2	MIR137HG	-0.96351	50.86	-8.6E-01	rgb( 31,104,250)	1.9974	None
MAFB	HMGN3	-0.96351	50.86	-8.6E-01	rgb( 30,103,250)	1.9974	None
MAFF	GPR173	-0.96351	50.86	-8.6E-01	rgb( 31,104,250)	1.9974	None
NEUROD2	ARHGAP9	0.96351	50.86	0.864	rgb(227, 52, 54)	1.9974	None
NEUROD2	TOX	0.96351	50.86	0.863	rgb(226, 52, 54)	1.9974	None
NEUROG3	FGF9	0.96351	50.86	0.864	rgb(227, 52, 54)	1.9974	None
NR4A2	ZNF117	-0.96351	50.86	-8.6E-01	rgb( 30,103,250)	1.9974	None
ONECUT2	ONECUT3	0.96351	50.86	0.862	rgb(226, 52, 54)	1.9974	None
POU5F1	FAM131B	0.96351	50.86	0.861	rgb(226, 53, 54)	1.9974	None
PRDM16	AKNA	0.96351	50.86	0.862	rgb(226, 52, 54)	1.9974	None
PRDM16	SLC38A3	-0.96351	50.86	-8.6E-01	rgb( 31,104,250)	1.9974	None
RFX6	BHMT	0.96351	50.86	0.858	rgb(226, 53, 55)	1.9974	None
RFX6	CCDC162P	0.96351	50.86	0.864	rgb(227, 52, 54)	1.9974	None
RFX6	CDK5R1	0.96351	50.86	0.862	rgb(226, 52, 54)	1.9974	None
RFX6	FSTL5	0.96351	50.86	0.864	rgb(227, 52, 54)	1.9974	None
RFX6	GRIN1	0.96351	50.86	0.862	rgb(226, 52, 54)	1.9974	None
RFX6	IGFBPL1	0.96351	50.86	0.862	rgb(226, 52, 54)	1.9974	None
RFX6	MLN	0.96351	50.86	0.864	rgb(226, 52, 54)	1.9974	None
RORC	DZIP1	-0.96351	50.86	-8.6E-01	rgb( 30,103,250)	1.9974	None
SIX2	ZG16	0.96351	50.86	0.864	rgb(226, 52, 54)	1.9974	None
TEAD1	ACBD7	-0.96351	50.86	-8.6E-01	rgb( 29,103,250)	1.9974	None
TEAD1	CHRNB2	-0.96351	50.86	-8.6E-01	rgb( 30,103,250)	1.9974	None
TEAD1	UTY	0.96351	50.86	0.863	rgb(226, 52, 54)	1.9974	None
TGIF2	CLCA1	0.96351	50.86	0.855	rgb(226, 54, 55)	1.9974	None
TGIF2	DOK6	0.96351	50.86	0.855	rgb(226, 54, 55)	1.9974	None
TP73	CD70	0.96351	50.86	0.858	rgb(226, 53, 55)	1.9974	None
ZFP28	HIF1A	0.96351	50.86	0.858	rgb(226, 53, 55)	1.9974	None
ZFP82	COL21A1	-0.96351	50.86	-8.6E-01	rgb( 31,104,250)	1.9974	None
ZNF846	BAMBI	0.96351	50.86	0.857	rgb(226, 53, 55)	1.9974	None
ZNF846	ZNF846	-0.96351	50.86	-8.6E-01	rgb( 31,104,250)	1.9974	None
ZNF883	AK293147	-0.96351	50.86	-8.6E-01	rgb( 31,104,250)	1.9974	2,2
ZNF883	E10222	-0.96351	50.86	-8.6E-01	rgb( 29,103,250)	1.9974	2,2
MYSM1	BMS1P6	0.96351	50.86	0.856	rgb(226, 54, 55)	1.9974	2,2
MYSM1	LOC729603	0.96351	50.86	0.856	rgb(226, 53, 55)	1.9974	2,2
ZNF117	AK125871	0.96351	50.86	0.859	rgb(226, 53, 55)	1.9974	2,2
E2F7	BRSK1	-0.9607	50.85	-8.5E-01	rgb( 32,104,249)	1.9972	None
E2F7	EIF4EBP1	0.9607	50.85	0.855	rgb(226, 54, 55)	1.9972	None
E2F7	FJX1	0.9607	50.85	0.846	rgb(226, 55, 57)	1.9972	None
E2F7	MANEAL	-0.9607	50.85	-8.5E-01	rgb( 32,104,249)	1.9972	None
E2F7	SLC22A17	-0.9607	50.85	-8.5E-01	rgb( 32,104,249)	1.9972	None
E2F7	SYN1	-0.9607	50.85	-8.5E-01	rgb( 34,105,249)	1.9972	None
E2F7	WNK3	-0.9607	50.85	-8.5E-01	rgb( 34,105,249)	1.9972	None
ETV1	MMRN1	0.9607	50.85	0.845	rgb(226, 56, 57)	1.9972	None
FOXD4L5	PNISR	0.9607	50.85	0.848	rgb(226, 55, 57)	1.9972	None
FOXJ1	CSH1	-0.9607	50.85	-8.5E-01	rgb( 33,105,249)	1.9972	None
GATA4	TAF9B	-0.9607	50.85	-8.5E-01	rgb( 32,105,249)	1.9972	None
HMBOX1	SLC25A34	-0.9607	50.85	-8.5E-01	rgb( 33,105,249)	1.9972	None
MAFB	SERPINA10	-0.9607	50.85	-8.5E-01	rgb( 33,105,249)	1.9972	None
NEUROD2	PLEKHB1	0.9607	50.85	0.847	rgb(226, 55, 57)	1.9972	None
NEUROD2	STXBP1	0.9607	50.85	0.848	rgb(226, 55, 57)	1.9972	None
NEUROG3	HES6	0.9607	50.85	0.851	rgb(226, 54, 56)	1.9972	None
NEUROG3	HSPB7	0.9607	50.85	0.847	rgb(226, 55, 57)	1.9972	None
NEUROG3	SCG2	0.9607	50.85	0.85	rgb(226, 55, 56)	1.9972	None
NKX2-2	CCDC39	-0.9607	50.85	-8.5E-01	rgb( 33,105,249)	1.9972	None
NKX2-2	VWCE	0.9607	50.85	0.845	rgb(226, 56, 57)	1.9972	None
ONECUT2	PODXL2	-0.9607	50.85	-8.5E-01	rgb( 33,105,249)	1.9972	None
PBX3	NPSR1-AS1	0.9607	50.85	0.845	rgb(226, 56, 57)	1.9972	None
PBX3	TLE3	0.9607	50.85	0.852	rgb(226, 54, 56)	1.9972	None
PDX1	UTY	-0.9607	50.85	-8.5E-01	rgb( 33,105,249)	1.9972	None
PRDM16	ADNP	0.9607	50.85	0.848	rgb(226, 55, 57)	1.9972	None
RFX2	MAP3K12	0.9607	50.85	0.847	rgb(226, 55, 57)	1.9972	None
RFX6	ARNT2	0.9607	50.85	0.85	rgb(226, 55, 56)	1.9972	None
RFX6	BAIAP3	0.9607	50.85	0.848	rgb(226, 55, 57)	1.9972	None
RFX6	GPBAR1	0.9607	50.85	0.853	rgb(226, 54, 56)	1.9972	None
RFX6	H1FX-AS1	0.9607	50.85	0.852	rgb(226, 54, 56)	1.9972	None
RFX6	NDRG4	0.9607	50.85	0.849	rgb(226, 55, 57)	1.9972	None
RFX6	PTP4A3	0.9607	50.85	0.855	rgb(226, 54, 55)	1.9972	None
RFX6	RGS14	0.9607	50.85	0.854	rgb(226, 54, 56)	1.9972	None
RFX6	TMEM151A	0.9607	50.85	0.85	rgb(226, 55, 56)	1.9972	None
ZNF382	USP41	-0.9607	50.85	-8.5E-01	rgb( 33,105,249)	1.9972	None
ZNF883	C1RL-AS1	0.9607	50.85	0.85	rgb(226, 55, 56)	1.9972	None
MYSM1	BMS1P1	0.9607	50.85	0.852	rgb(226, 54, 56)	1.9972	2,2
ZNF514	BC040733	0.9607	50.85	0.85	rgb(226, 55, 56)	1.9972	2,2
ASCL1	PTPRN	0.95789	50.84	0.837	rgb(226, 57, 59)	1.997	None
ETS1	SLC8A1	-0.95789	50.84	-8.4E-01	rgb( 34,106,249)	1.997	None
ETS1	TBC1D8B	-0.95789	50.84	-8.4E-01	rgb( 35,106,249)	1.997	None
ETS1	TFPI2	0.95789	50.84	0.835	rgb(226, 58, 59)	1.997	None
ETV1	SPIB	0.95789	50.84	0.842	rgb(226, 56, 58)	1.997	None
ETV1	STXBP5L	0.95789	50.84	0.84	rgb(226, 57, 58)	1.997	None
ETV1	TAF9B	-0.95789	50.84	-8.4E-01	rgb( 34,106,249)	1.997	None
GATA2	USP41	0.95789	50.84	0.838	rgb(226, 57, 59)	1.997	None
HIC1	KANK2	0.95789	50.84	0.844	rgb(226, 56, 58)	1.997	None
HSF2	CPB1	-0.95789	50.84	-8.4E-01	rgb( 36,107,249)	1.997	None
MAFB	SEZ6L	-0.95789	50.84	-8.4E-01	rgb( 36,107,249)	1.997	None
NEUROD2	AP3B2	0.95789	50.84	0.842	rgb(226, 56, 58)	1.997	None
NEUROG3	CXCL12	0.95789	50.84	0.843	rgb(226, 56, 58)	1.997	None
NEUROG3	FAM126A	0.95789	50.84	0.837	rgb(226, 57, 59)	1.997	None
NEUROG3	FGF14	0.95789	50.84	0.839	rgb(226, 57, 58)	1.997	None
NEUROG3	LMX1B	0.95789	50.84	0.839	rgb(226, 57, 58)	1.997	None
NEUROG3	MCF2L	0.95789	50.84	0.836	rgb(226, 57, 59)	1.997	None
NEUROG3	NAIP	0.95789	50.84	0.836	rgb(226, 57, 59)	1.997	2,2
NEUROG3	PDZRN3	0.95789	50.84	0.841	rgb(226, 56, 58)	1.997	None
NEUROG3	SDK2	0.95789	50.84	0.842	rgb(226, 56, 58)	1.997	None
NKX2-2	TRPM3	0.95789	50.84	0.839	rgb(226, 57, 58)	1.997	None
NR4A2	FAM71E2	-0.95789	50.84	-8.4E-01	rgb( 35,106,249)	1.997	None
NR4A2	SCN1B	-0.95789	50.84	-8.4E-01	rgb( 34,106,249)	1.997	None
POU5F1	GPR162	0.95789	50.84	0.837	rgb(226, 57, 59)	1.997	None
RFX6	NCS1	0.95789	50.84	0.836	rgb(226, 57, 59)	1.997	None
RFX6	TAC1	0.95789	50.84	0.835	rgb(226, 57, 59)	1.997	None
RFX6	TPH1	0.95789	50.84	0.842	rgb(226, 56, 58)	1.997	None
RFX6	TUB	0.95789	50.84	0.837	rgb(226, 57, 59)	1.997	None
RFX6	WNK2	0.95789	50.84	0.839	rgb(226, 57, 58)	1.997	None
SMAD9	MBOAT4	0.95789	50.84	0.835	rgb(226, 57, 59)	1.997	None
SOX4	ACTL6B	-0.95789	50.84	-8.4E-01	rgb( 36,107,249)	1.997	None
SOX4	SEZ6L	-0.95789	50.84	-8.4E-01	rgb( 35,106,249)	1.997	None
SPIB	ZDHHC11	-0.95789	50.84	-8.4E-01	rgb( 36,107,249)	1.997	None
TEAD1	ADAM12	-0.95789	50.84	-8.4E-01	rgb( 35,106,249)	1.997	None
TEAD1	ATP13A4	0.95789	50.84	0.837	rgb(226, 57, 59)	1.997	None
TEAD1	CACNA1E	-0.95789	50.84	-8.4E-01	rgb( 36,107,249)	1.997	None
TEAD1	P2RX6	-0.95789	50.84	-8.4E-01	rgb( 35,107,249)	1.997	None
TFCP2L1	DLL1	0.95789	50.84	0.842	rgb(226, 56, 58)	1.997	None
TFCP2L1	FOXA2	0.95789	50.84	0.837	rgb(226, 57, 59)	1.997	None
TFCP2L1	HMGN3	0.95789	50.84	0.839	rgb(226, 57, 58)	1.997	None
CCDC17	PCDH17	0.95789	50.84	0.841	rgb(226, 56, 58)	1.997	2,2
DACH1	CHRNA3	0.95789	50.84	0.836	rgb(226, 57, 59)	1.997	2,2
SIM1	CLEC4GP1	0.95789	50.84	0.836	rgb(226, 57, 59)	1.997	2,2
SIM1	KCNA6	0.95789	50.84	0.845	rgb(226, 56, 57)	1.997	2,2
ZNF514	HV535487	0.95789	50.84	0.838	rgb(226, 57, 59)	1.997	2,2
ARX	DNAH14	0.95509	50.83	0.825	rgb(226, 59, 61)	1.9968	None
E2F7	ID2	-0.95509	50.83	-8.3E-01	rgb( 36,107,249)	1.9968	None
E2F7	TMSB15B	-0.95509	50.83	-8.3E-01	rgb( 36,107,249)	1.9968	None
ETS1	FLT1	0.95509	50.83	0.828	rgb(226, 59, 61)	1.9968	None
FOXD4L5	DST	0.95509	50.83	0.827	rgb(226, 59, 61)	1.9968	None
FOXD4L5	NHSL2	0.95509	50.83	0.825	rgb(226, 59, 61)	1.9968	None
HEYL	NEUROD2	0.95509	50.83	0.831	rgb(226, 58, 60)	1.9968	None
HHEX	TRPM3	0.95509	50.83	0.832	rgb(226, 58, 60)	1.9968	None
HSF2	LRAT	0.95509	50.83	0.828	rgb(226, 59, 61)	1.9968	None
LHX1	CXXC4	0.95509	50.83	0.831	rgb(226, 58, 60)	1.9968	None
LHX1	REM2	-0.95509	50.83	-8.3E-01	rgb( 37,108,248)	1.9968	None
MAFA	KCNH3	0.95509	50.83	0.826	rgb(226, 59, 61)	1.9968	None
MAFB	ATP6V0E2	-0.95509	50.83	-8.3E-01	rgb( 37,107,249)	1.9968	None
MAFB	PPP1R1A	-0.95509	50.83	-8.3E-01	rgb( 36,107,249)	1.9968	None
NEUROD2	RGAG4	0.95509	50.83	0.828	rgb(226, 59, 60)	1.9968	2,2
NEUROG3	HEYL	0.95509	50.83	0.83	rgb(226, 58, 60)	1.9968	None
NEUROG3	KIT	0.95509	50.83	0.834	rgb(226, 58, 59)	1.9968	2,2
NEUROG3	SYT14	0.95509	50.83	0.825	rgb(226, 59, 61)	1.9968	None
NKX6-1	BC006435	0.95509	50.83	0.829	rgb(226, 59, 60)	1.9968	2,2
PAX6	ZNF846	-0.95509	50.83	-8.3E-01	rgb( 36,107,249)	1.9968	None
PBX3	CRIP2	-0.95509	50.83	-8.3E-01	rgb( 37,108,248)	1.9968	None
PLAG1	ASIC1	-0.95509	50.83	-8.3E-01	rgb( 37,107,249)	1.9968	None
POU2F2	GPRIN3	0.95509	50.83	0.828	rgb(226, 59, 60)	1.9968	None
POU5F1	HSPA12A	0.95509	50.83	0.829	rgb(226, 59, 60)	1.9968	None
POU5F1	PLCL1	0.95509	50.83	0.827	rgb(226, 59, 61)	1.9968	None
RFX6	CNGA3	0.95509	50.83	0.827	rgb(226, 59, 61)	1.9968	None
RFX6	HCN4	0.95509	50.83	0.827	rgb(226, 59, 61)	1.9968	None
RFX6	MED12L	0.95509	50.83	0.83	rgb(226, 58, 60)	1.9968	None
RFX6	SCG5	0.95509	50.83	0.832	rgb(226, 58, 60)	1.9968	None
RFX6	SLC12A5	0.95509	50.83	0.826	rgb(226, 59, 61)	1.9968	None
RFX6	WSCD1	0.95509	50.83	0.826	rgb(226, 59, 61)	1.9968	None
SOX4	BRS3	-0.95509	50.83	-8.3E-01	rgb( 37,107,249)	1.9968	None
SOX4	GAP43	-0.95509	50.83	-8.3E-01	rgb( 37,108,248)	1.9968	None
TFCP2L1	PTGDR2	0.95509	50.83	0.826	rgb(226, 59, 61)	1.9968	None
TFCP2L1	USP41	0.95509	50.83	0.827	rgb(226, 59, 61)	1.9968	None
TGIF2	MAP1A	0.95509	50.83	0.828	rgb(226, 59, 61)	1.9968	None
ZFP82	SYT2	-0.95509	50.83	-8.3E-01	rgb( 37,107,249)	1.9968	None
ZNF846	HES4	0.95509	50.83	0.831	rgb(226, 58, 60)	1.9968	None
ZNF846	SERTAD1	0.95509	50.83	0.83	rgb(226, 58, 60)	1.9968	None
ATOH8	AK056490	0.95509	50.83	0.834	rgb(226, 58, 59)	1.9968	2,2
CCDC17	AL831889	0.95509	50.83	0.833	rgb(226, 58, 60)	1.9968	2,2
CCDC17	BC040894	0.95509	50.83	0.832	rgb(226, 58, 60)	1.9968	2,2
ZBTB25	LOC399715	0.95509	50.83	0.825	rgb(226, 59, 61)	1.9968	2,2
ZBTB4	TBC1D3H	0.95509	50.83	0.835	rgb(226, 58, 59)	1.9968	2,2
ZNF514	AK097143	0.95509	50.83	0.828	rgb(226, 59, 60)	1.9968	2,2
ZNF514	VN1R1	0.95509	50.83	0.827	rgb(226, 59, 61)	1.9968	2,2
E2F7	CSF1R	0.95228	50.82	0.818	rgb(226, 61, 62)	1.9966	None
EGR3	PARD6A	-0.95228	50.82	-8.2E-01	rgb( 40,109,248)	1.9966	None
ELF4	ATF7IP	-0.95228	50.82	-8.2E-01	rgb( 39,109,248)	1.9966	None
ETS1	REEP2	-0.95228	50.82	-8.2E-01	rgb( 39,108,248)	1.9966	None
ETS1	SLC22A17	-0.95228	50.82	-8.2E-01	rgb( 40,109,248)	1.9966	None
ETV1	MAFB	0.95228	50.82	0.819	rgb(226, 61, 62)	1.9966	None
FOXA1	FOXP2	0.95228	50.82	0.824	rgb(226, 60, 61)	1.9966	None
FOXA1	KIAA1324	0.95228	50.82	0.822	rgb(226, 60, 62)	1.9966	None
FOXA1	LSAMP	0.95228	50.82	0.822	rgb(226, 60, 62)	1.9966	None
GATA2	FOXP2	0.95228	50.82	0.818	rgb(226, 61, 62)	1.9966	None
HSF2	ELAVL3	-0.95228	50.82	-8.2E-01	rgb( 39,109,248)	1.9966	None
LHX1	OSBPL6	-0.95228	50.82	-8.2E-01	rgb( 39,109,248)	1.9966	None
LHX1	ZNF519	0.95228	50.82	0.816	rgb(226, 61, 63)	1.9966	None
MAFA	GSTM2	0.95228	50.82	0.818	rgb(226, 61, 62)	1.9966	None
MAFB	NAALADL1	0.95228	50.82	0.82	rgb(226, 60, 62)	1.9966	None
MAFB	TCEAL1	-0.95228	50.82	-8.2E-01	rgb( 40,109,248)	1.9966	None
NEUROG3	ACTL6B	0.95228	50.82	0.815	rgb(226, 61, 63)	1.9966	None
NEUROG3	CHRNB4	0.95228	50.82	0.825	rgb(226, 60, 61)	1.9966	None
ONECUT2	SLITRK6	0.95228	50.82	0.817	rgb(226, 61, 62)	1.9966	None
PAX6	CD200	-0.95228	50.82	-8.2E-01	rgb( 40,109,248)	1.9966	None
PAX6	GRASP	-0.95228	50.82	-8.2E-01	rgb( 39,109,248)	1.9966	None
PLAG1	NTRK1	0.95228	50.82	0.821	rgb(226, 60, 62)	1.9966	None
POU5F1	SLC26A7	0.95228	50.82	0.817	rgb(226, 61, 63)	1.9966	None
POU5F1	TFPI2	0.95228	50.82	0.819	rgb(226, 61, 62)	1.9966	None
RFX2	ATP13A4	0.95228	50.82	0.815	rgb(226, 61, 63)	1.9966	None
RFX2	PBX3	0.95228	50.82	0.817	rgb(226, 61, 63)	1.9966	None
RFX6	CACNA1H	0.95228	50.82	0.823	rgb(226, 60, 61)	1.9966	None
RFX6	ELFN1	0.95228	50.82	0.825	rgb(226, 60, 61)	1.9966	None
RFX6	ITGBL1	0.95228	50.82	0.824	rgb(226, 60, 61)	1.9966	None
RORC	CCDC88A	-0.95228	50.82	-8.2E-01	rgb( 39,109,248)	1.9966	None
SIX2	RIMBP2	0.95228	50.82	0.82	rgb(226, 60, 62)	1.9966	None
SPIB	ENTPD1	-0.95228	50.82	-8.2E-01	rgb( 40,109,248)	1.9966	None
TEAD1	COL1A2	-0.95228	50.82	-8.2E-01	rgb( 39,109,248)	1.9966	None
TEAD1	MUC15	-0.95228	50.82	-8.2E-01	rgb( 40,109,248)	1.9966	None
TEAD2	MAP2	-0.95228	50.82	-8.2E-01	rgb( 39,109,248)	1.9966	None
ZNF492	PRR5-ARHGAP8	0.95228	50.82	0.815	rgb(226, 61, 63)	1.9966	None
ZNF846	MALAT1	-0.95228	50.82	-8.2E-01	rgb( 39,109,248)	1.9966	None
CCDC17	AX747516	0.95228	50.82	0.815	rgb(226, 61, 63)	1.9966	2,2
MYSM1	JX088243	0.95228	50.82	0.816	rgb(226, 61, 63)	1.9966	2,2
SIM1	MURC	0.95228	50.82	0.817	rgb(226, 61, 63)	1.9966	2,2
ZNF117	AB007962	0.95228	50.82	0.818	rgb(226, 61, 62)	1.9966	2,2
ZNF117	AX746834	0.95228	50.82	0.824	rgb(226, 60, 61)	1.9966	2,2
ZNF514	AF420437	0.95228	50.82	0.817	rgb(226, 61, 63)	1.9966	2,2
ARNT2	CPNE9	-0.94947	50.81	-8.1E-01	rgb( 41,110,248)	1.9964	None
E2F7	FAM155B	-0.94947	50.81	-8.1E-01	rgb( 42,111,248)	1.9964	None
EGR3	CBX4	0.94947	50.81	0.806	rgb(226, 63, 65)	1.9964	None
ETS1	EVA1A	0.94947	50.81	0.805	rgb(226, 63, 65)	1.9964	None
ETS1	HEYL	0.94947	50.81	0.809	rgb(226, 62, 64)	1.9964	None
ETS1	SH3BP5-AS1	-0.94947	50.81	-8.1E-01	rgb( 40,110,248)	1.9964	None
FEV	MANEAL	0.94947	50.81	0.807	rgb(226, 63, 64)	1.9964	None
FOXA1	CELSR2	0.94947	50.81	0.812	rgb(226, 62, 64)	1.9964	None
FOXA1	FAM171B	0.94947	50.81	0.814	rgb(226, 61, 63)	1.9964	None
FOXA1	SORCS2	0.94947	50.81	0.81	rgb(226, 62, 64)	1.9964	None
FOXJ1	HECW2	-0.94947	50.81	-8.1E-01	rgb( 41,110,248)	1.9964	None
HIF1A	BSN	-0.94947	50.81	-8.1E-01	rgb( 42,110,248)	1.9964	None
HSF2	CLCNKA	0.94947	50.81	0.812	rgb(226, 62, 64)	1.9964	None
HSF2	CRY2	-0.94947	50.81	-8.1E-01	rgb( 40,109,248)	1.9964	None
HSF2	IFI6	-0.94947	50.81	-8.1E-01	rgb( 42,110,248)	1.9964	None
LMX1B	PRRT2	-0.94947	50.81	-8.1E-01	rgb( 41,110,248)	1.9964	None
LTF	KIAA0845	-0.94947	50.81	-8.1E-01	rgb( 42,110,248)	1.9964	2,2
MAFB	TMEM196	-0.94947	50.81	-8.1E-01	rgb( 42,111,248)	1.9964	None
MAFB	TPPP3	-0.94947	50.81	-8.1E-01	rgb( 42,111,248)	1.9964	None
NEUROD2	FUT1	0.94947	50.81	0.811	rgb(226, 62, 64)	1.9964	None
NEUROD2	GNAO1	0.94947	50.81	0.807	rgb(226, 63, 65)	1.9964	None
NEUROG3	CCND2	0.94947	50.81	0.813	rgb(226, 62, 63)	1.9964	None
NEUROG3	DSCAML1	0.94947	50.81	0.808	rgb(226, 63, 64)	1.9964	None
NEUROG3	FLT1	0.94947	50.81	0.809	rgb(226, 62, 64)	1.9964	None
NEUROG3	LINC00261	0.94947	50.81	0.812	rgb(226, 62, 64)	1.9964	None
NEUROG3	NREP	0.94947	50.81	0.808	rgb(226, 63, 64)	1.9964	None
NHLH1	C2CD4B	0.94947	50.81	0.808	rgb(226, 63, 64)	1.9964	None
NHLH1	PRRT3	0.94947	50.81	0.806	rgb(226, 63, 65)	1.9964	None
NHLH1	SHF	0.94947	50.81	0.813	rgb(226, 62, 63)	1.9964	None
NR4A2	VWCE	-0.94947	50.81	-8.1E-01	rgb( 42,110,248)	1.9964	None
PAX6	MYEF2	-0.94947	50.81	-8.1E-01	rgb( 41,110,248)	1.9964	None
PBX3	FLT1	0.94947	50.81	0.812	rgb(226, 62, 64)	1.9964	None
PBX3	SLC38A3	0.94947	50.81	0.814	rgb(226, 61, 63)	1.9964	None
POU5F1	CACNA2D1	0.94947	50.81	0.811	rgb(226, 62, 64)	1.9964	None
POU5F1	PCYT1B	0.94947	50.81	0.81	rgb(226, 62, 64)	1.9964	None
RFX6	DSCAML1	0.94947	50.81	0.81	rgb(226, 62, 64)	1.9964	None
RFX6	GSTM2	0.94947	50.81	0.812	rgb(226, 62, 63)	1.9964	None
RFX6	IGSF21	0.94947	50.81	0.811	rgb(226, 62, 64)	1.9964	None
RFX6	KCNJ11	0.94947	50.81	0.811	rgb(226, 62, 64)	1.9964	None
RFX6	LRRC49	0.94947	50.81	0.81	rgb(226, 62, 64)	1.9964	None
RFX6	LY6H	0.94947	50.81	0.814	rgb(226, 62, 63)	1.9964	None
RFX6	MSI1	0.94947	50.81	0.808	rgb(226, 63, 64)	1.9964	None
RFX6	NEUROD1	0.94947	50.81	0.808	rgb(226, 63, 64)	1.9964	None
RFX6	NR4A3	0.94947	50.81	0.815	rgb(226, 61, 63)	1.9964	None
RFX6	PRKCH	0.94947	50.81	0.812	rgb(226, 62, 64)	1.9964	None
RFX6	SCUBE3	0.94947	50.81	0.808	rgb(226, 63, 64)	1.9964	None
RFX6	SIRPA	0.94947	50.81	0.805	rgb(226, 63, 65)	1.9964	None
RORC	PAPPA2	-0.94947	50.81	-8.1E-01	rgb( 41,110,248)	1.9964	None
SIX2	PRKCG	0.94947	50.81	0.808	rgb(226, 63, 64)	1.9964	None
SMAD9	GRASP	0.94947	50.81	0.809	rgb(226, 62, 64)	1.9964	None
SMAD9	LDB1	0.94947	50.81	0.813	rgb(226, 62, 63)	1.9964	None
SOX4	BGN	-0.94947	50.81	-8.1E-01	rgb( 41,110,248)	1.9964	None
TEAD2	FZD4	0.94947	50.81	0.805	rgb(226, 63, 65)	1.9964	None
ZFP28	PPP4R4	0.94947	50.81	0.809	rgb(226, 62, 64)	1.9964	None
ZNF382	GATA6	0.94947	50.81	0.808	rgb(226, 63, 64)	1.9964	None
ZNF382	KLHL32	-0.94947	50.81	-8.1E-01	rgb( 41,110,248)	1.9964	None
ZNF492	MSMB	-0.94947	50.81	-8.1E-01	rgb( 42,110,248)	1.9964	None
AEBP1	KCNT2	0.94947	50.81	0.807	rgb(226, 63, 64)	1.9964	2,2
AKNA	AK091624	-0.94947	50.81	-8.1E-01	rgb( 41,110,248)	1.9964	2,2
CCDC17	AX746775	0.94947	50.81	0.811	rgb(226, 62, 64)	1.9964	2,2
DACH1	CSH2	0.94947	50.81	0.808	rgb(226, 63, 64)	1.9964	2,2
ARX	PRRT2	0.94666	50.8	0.802	rgb(226, 64, 65)	1.9962	None
ARX	RNPC3	0.94666	50.8	0.803	rgb(226, 64, 65)	1.9962	None
ARX	SYNE2	0.94666	50.8	0.8	rgb(226, 64, 66)	1.9962	None
ATF6	B3GNTL1	-0.94666	50.8	-8.0E-01	rgb( 43,111,248)	1.9962	None
EGR3	BAMBI	-0.94666	50.8	-8.0E-01	rgb( 43,111,247)	1.9962	None
EGR3	DPYSL4	0.94666	50.8	0.8	rgb(226, 64, 66)	1.9962	None
FOXA1	ALAS2	0.94666	50.8	0.799	rgb(226, 64, 66)	1.9962	None
FOXA1	ISLR2	0.94666	50.8	0.803	rgb(226, 64, 65)	1.9962	None
FOXA1	ST6GALNAC5	0.94666	50.8	0.799	rgb(226, 64, 66)	1.9962	None
FOXD4L5	CSH1	0.94666	50.8	0.799	rgb(226, 64, 66)	1.9962	None
GATA4	PTPRN2	0.94666	50.8	0.796	rgb(226, 65, 67)	1.9962	None
HEYL	IGHG1	0.94666	50.8	0.796	rgb(226, 65, 67)	1.9962	2,2
HHEX	CDHR3	0.94666	50.8	0.802	rgb(226, 64, 65)	1.9962	None
HHEX	FAM101B	0.94666	50.8	0.796	rgb(226, 65, 67)	1.9962	2,2
HIF1A	CD37	-0.94666	50.8	-8.0E-01	rgb( 43,111,247)	1.9962	None
HSF2	ANKS1B	0.94666	50.8	0.804	rgb(226, 63, 65)	1.9962	None
HSF2	BLMH	-0.94666	50.8	-8.0E-01	rgb( 43,111,248)	1.9962	None
HSF2	PPP1R1A	-0.94666	50.8	-8.0E-01	rgb( 42,111,248)	1.9962	None
LHX1	CCDC85B	-0.94666	50.8	-8.0E-01	rgb( 44,112,247)	1.9962	None
MAFA	MLLT11	0.94666	50.8	0.805	rgb(226, 63, 65)	1.9962	None
MAFA	SCG2	0.94666	50.8	0.805	rgb(226, 63, 65)	1.9962	None
MAFB	KIAA1324	-0.94666	50.8	-8.0E-01	rgb( 43,111,248)	1.9962	None
MAFF	NACAD	0.94666	50.8	0.802	rgb(226, 64, 65)	1.9962	None
NEUROG3	RAB26	0.94666	50.8	0.798	rgb(226, 65, 66)	1.9962	None
NEUROG3	SCG3	0.94666	50.8	0.802	rgb(226, 64, 65)	1.9962	None
NEUROG3	SLC6A16	0.94666	50.8	0.803	rgb(226, 64, 65)	1.9962	None
NEUROG3	SOX4	0.94666	50.8	0.801	rgb(226, 64, 66)	1.9962	None
NEUROG3	TRAM1L1	0.94666	50.8	0.796	rgb(226, 65, 67)	1.9962	None
ONECUT2	CPE	-0.94666	50.8	-8.0E-01	rgb( 44,112,247)	1.9962	None
PAX6	JMJD1C-AS1	0.94666	50.8	0.795	rgb(226, 65, 67)	1.9962	None
RFX2	BAALC	0.94666	50.8	0.796	rgb(226, 65, 67)	1.9962	None
RFX2	BAIAP3	0.94666	50.8	0.8	rgb(226, 64, 66)	1.9962	None
RFX2	BRS3	0.94666	50.8	0.799	rgb(226, 64, 66)	1.9962	None
RFX6	DLL3	0.94666	50.8	0.801	rgb(226, 64, 66)	1.9962	2,2
RFX6	EID2	0.94666	50.8	0.796	rgb(226, 65, 67)	1.9962	None
RFX6	IGSF10	0.94666	50.8	0.796	rgb(226, 65, 67)	1.9962	None
RFX6	MAST1	0.94666	50.8	0.803	rgb(226, 64, 65)	1.9962	None
SPIB	BEGAIN	0.94666	50.8	0.8	rgb(226, 64, 66)	1.9962	None
TEAD1	GLYATL3	-0.94666	50.8	-8.0E-01	rgb( 44,112,247)	1.9962	None
TFCP2L1	IFI6	0.94666	50.8	0.804	rgb(226, 63, 65)	1.9962	None
TP73	GPR142	0.94666	50.8	0.798	rgb(226, 65, 66)	1.9962	None
ZFP82	ETS1	0.94666	50.8	0.797	rgb(226, 65, 66)	1.9962	None
ZNF382	RFX2	-0.94666	50.8	-8.0E-01	rgb( 44,112,247)	1.9962	None
ZNF492	ANKRD20A9P	0.94666	50.8	0.796	rgb(226, 65, 67)	1.9962	2,2
ZNF846	NPSR1-AS1	0.94666	50.8	0.804	rgb(226, 63, 65)	1.9962	None
MYT1	AK123868	0.94666	50.8	0.798	rgb(226, 65, 66)	1.9962	2,2
SIM1	GABRA1	0.94666	50.8	0.796	rgb(226, 65, 67)	1.9962	2,2
ZNF117	GOLGA6L9	0.94666	50.8	0.799	rgb(226, 64, 66)	1.9962	2,2
ETV1	ISLR2	0.94386	50.79	0.787	rgb(226, 67, 68)	1.996	None
ETV1	RBFOX2	-0.94386	50.79	-7.9E-01	rgb( 46,113,247)	1.996	None
ETV1	TBC1D8B	-0.94386	50.79	-7.9E-01	rgb( 46,113,247)	1.996	None
FEV	BCORL1	-0.94386	50.79	-7.9E-01	rgb( 46,113,247)	1.996	None
FEV	GABRG2	0.94386	50.79	0.79	rgb(226, 66, 68)	1.996	None
FOXA1	CHD5	0.94386	50.79	0.794	rgb(226, 65, 67)	1.996	None
FOXA1	SFMBT2	0.94386	50.79	0.79	rgb(226, 66, 68)	1.996	None
FOXJ1	ADCY1	-0.94386	50.79	-7.9E-01	rgb( 46,113,247)	1.996	None
GATA4	PEX5L	0.94386	50.79	0.786	rgb(226, 67, 68)	1.996	None
GATA4	PPP1R14A	-0.94386	50.79	-7.9E-01	rgb( 46,113,247)	1.996	None
GATA4	ZMYM2	-0.94386	50.79	-7.9E-01	rgb( 46,113,247)	1.996	None
HEYL	NOXO1	0.94386	50.79	0.791	rgb(226, 66, 68)	1.996	None
HMBOX1	COL1A2	0.94386	50.79	0.788	rgb(226, 66, 68)	1.996	None
HMBOX1	GRASP	-0.94386	50.79	-7.9E-01	rgb( 46,113,247)	1.996	None
LHX1	S100A1	-0.94386	50.79	-7.9E-01	rgb( 45,112,247)	1.996	None
LHX1	SSTR1	-0.94386	50.79	-7.9E-01	rgb( 46,113,247)	1.996	None
LMX1A	LMX1A	-0.94386	50.79	-7.9E-01	rgb( 46,113,247)	1.996	None
MAFA	B3GNTL1	0.94386	50.79	0.789	rgb(226, 66, 68)	1.996	None
MAFA	GSTA2	-0.94386	50.79	-7.9E-01	rgb( 45,112,247)	1.996	None
MAFB	ADAMTSL1	-0.94386	50.79	-7.9E-01	rgb( 46,113,247)	1.996	None
MAFB	PROX1	0.94386	50.79	0.79	rgb(226, 66, 68)	1.996	None
NEUROD2	PAPPA2	0.94386	50.79	0.792	rgb(226, 66, 67)	1.996	None
NEUROG3	RPRML	0.94386	50.79	0.786	rgb(226, 67, 69)	1.996	None
ONECUT1	TFF2	-0.94386	50.79	-7.9E-01	rgb( 46,113,247)	1.996	None
ONECUT2	KIAA1328	0.94386	50.79	0.787	rgb(226, 67, 68)	1.996	None
ONECUT2	TFCP2L1	0.94386	50.79	0.786	rgb(226, 67, 68)	1.996	None
PAX6	AMPD3	-0.94386	50.79	-7.9E-01	rgb( 46,113,247)	1.996	None
PAX6	GSTA2	0.94386	50.79	0.786	rgb(226, 67, 69)	1.996	None
PDX1	RPS6KL1	0.94386	50.79	0.786	rgb(226, 67, 69)	1.996	None
POU5F1	CPE	0.94386	50.79	0.786	rgb(226, 67, 69)	1.996	None
POU5F1	SLITRK6	0.94386	50.79	0.794	rgb(226, 65, 67)	1.996	None
RFX2	ARNT2	0.94386	50.79	0.792	rgb(226, 66, 67)	1.996	None
RFX6	CAMK2B	0.94386	50.79	0.786	rgb(226, 67, 68)	1.996	None
RFX6	CCDC74B	0.94386	50.79	0.789	rgb(226, 66, 68)	1.996	None
RFX6	COL16A1	0.94386	50.79	0.791	rgb(226, 66, 67)	1.996	None
RFX6	INSRR	0.94386	50.79	0.787	rgb(226, 67, 68)	1.996	None
RFX6	RGS9	0.94386	50.79	0.794	rgb(226, 65, 67)	1.996	None
RFX6	TMEM190	0.94386	50.79	0.789	rgb(226, 66, 68)	1.996	None
SIX2	EFNB3	0.94386	50.79	0.785	rgb(226, 67, 69)	1.996	None
SPIB	ELAVL4	-0.94386	50.79	-7.9E-01	rgb( 47,113,247)	1.996	None
SPIB	MAFF	0.94386	50.79	0.792	rgb(226, 66, 67)	1.996	None
TEAD1	GFRA3	-0.94386	50.79	-7.9E-01	rgb( 45,112,247)	1.996	None
ZFHX2	PHGR1	0.94386	50.79	0.792	rgb(226, 66, 67)	1.996	None
ZFP82	ADM5	-0.94386	50.79	-7.9E-01	rgb( 46,113,247)	1.996	None
ZNF519	AK026392	-0.94386	50.79	-7.9E-01	rgb( 45,112,247)	1.996	2,2
ZNF519	AK027840	-0.94386	50.79	-7.9E-01	rgb( 45,113,247)	1.996	2,2
ZNF519	TBC1D3C	-0.94386	50.79	-7.9E-01	rgb( 46,113,247)	1.996	2,2
ATOH8	FAM65C	0.94386	50.79	0.791	rgb(226, 66, 67)	1.996	2,2
CCDC17	THRA1	0.94386	50.79	0.789	rgb(226, 66, 68)	1.996	2,2
MYT1	AF070581	0.94386	50.79	0.788	rgb(226, 67, 68)	1.996	2,2
SIM1	PAK3	0.94386	50.79	0.789	rgb(226, 66, 68)	1.996	2,2
ZNF514	AX748379	0.94386	50.79	0.786	rgb(226, 67, 68)	1.996	2,2
ZNF514	BC041025	0.94386	50.79	0.791	rgb(226, 66, 68)	1.996	2,2
ASCL1	KCNC1	0.94105	50.78	0.785	rgb(226, 67, 69)	1.9958	None
E2F7	DNER	-0.94105	50.78	-7.8E-01	rgb( 47,114,247)	1.9958	None
E2F7	S100A1	-0.94105	50.78	-7.8E-01	rgb( 49,115,246)	1.9958	None
E2F7	SAMD11	-0.94105	50.78	-7.8E-01	rgb( 47,114,247)	1.9958	None
EGR3	PPP4R4	-0.94105	50.78	-7.8E-01	rgb( 48,114,247)	1.9958	None
ELF4	KIAA1328	-0.94105	50.78	-7.8E-01	rgb( 49,115,246)	1.9958	None
ETS1	MMP11	0.94105	50.78	0.778	rgb(226, 68, 70)	1.9958	None
ETS1	SCT	-0.94105	50.78	-7.8E-01	rgb( 48,114,247)	1.9958	None
ETS1	ZMYM2	-0.94105	50.78	-7.8E-01	rgb( 48,114,247)	1.9958	None
FOXA1	CSH1	0.94105	50.78	0.776	rgb(226, 69, 70)	1.9958	None
FOXA1	GFRA1	0.94105	50.78	0.776	rgb(226, 69, 70)	1.9958	None
FOXA2	ARHGAP24	0.94105	50.78	0.777	rgb(226, 69, 70)	1.9958	None
GATA4	P2RX6	-0.94105	50.78	-7.8E-01	rgb( 47,114,247)	1.9958	None
ISL1	HMBOX1	0.94105	50.78	0.783	rgb(226, 67, 69)	1.9958	None
LHX1	PYY	-0.94105	50.78	-7.8E-01	rgb( 48,114,247)	1.9958	None
MAFA	TNFRSF6B	0.94105	50.78	0.781	rgb(226, 68, 69)	1.9958	None
MAFA	TPPP3	0.94105	50.78	0.785	rgb(226, 67, 69)	1.9958	None
MAFB	KLB	-0.94105	50.78	-7.8E-01	rgb( 48,114,247)	1.9958	None
MLXIPL	AK122764	-0.94105	50.78	-7.8E-01	rgb( 48,114,247)	1.9958	2,2
NEUROG3	CACNA1B	0.94105	50.78	0.785	rgb(226, 67, 69)	1.9958	None
NEUROG3	SUSD2	0.94105	50.78	0.776	rgb(226, 69, 70)	1.9958	None
NKX6-1	CLCA4	0.94105	50.78	0.775	rgb(226, 69, 71)	1.9958	None
ONECUT2	CLCA1	-0.94105	50.78	-7.8E-01	rgb( 48,114,247)	1.9958	None
ONECUT2	SLC38A3	-0.94105	50.78	-7.8E-01	rgb( 49,115,246)	1.9958	None
PAX4	SMOC1	0.94105	50.78	0.785	rgb(226, 67, 69)	1.9958	None
PAX6	CACNB4	-0.94105	50.78	-7.8E-01	rgb( 48,114,247)	1.9958	None
PAX6	MLLT11	-0.94105	50.78	-7.8E-01	rgb( 47,114,247)	1.9958	None
PBX3	EPHB3	0.94105	50.78	0.78	rgb(226, 68, 70)	1.9958	None
POU5F1	LGR6	0.94105	50.78	0.781	rgb(226, 68, 69)	1.9958	None
RFX6	SLC6A17	0.94105	50.78	0.779	rgb(226, 68, 70)	1.9958	None
RORC	GCG	-0.94105	50.78	-7.8E-01	rgb( 48,114,247)	1.9958	None
SMAD9	TENM2	0.94105	50.78	0.778	rgb(226, 68, 70)	1.9958	None
SOX4	UBE2QL1	-0.94105	50.78	-7.8E-01	rgb( 49,115,246)	1.9958	None
TEAD1	CNTD2	-0.94105	50.78	-7.8E-01	rgb( 47,114,247)	1.9958	None
TEAD1	LGR6	-0.94105	50.78	-7.8E-01	rgb( 47,114,247)	1.9958	None
TEAD1	TMEM198	-0.94105	50.78	-7.8E-01	rgb( 47,114,247)	1.9958	None
TEAD2	ZFP62	-0.94105	50.78	-7.8E-01	rgb( 49,115,246)	1.9958	None
TFCP2L1	MAD2L2	0.94105	50.78	0.779	rgb(226, 68, 70)	1.9958	None
ZFHX2	KDM1A	-0.94105	50.78	-7.8E-01	rgb( 47,113,247)	1.9958	None
ZFHX2	RPLP0P2	0.94105	50.78	0.776	rgb(226, 69, 70)	1.9958	None
ZNF492	TRPM3	0.94105	50.78	0.775	rgb(226, 69, 71)	1.9958	None
ZNF846	FBXL16	-0.94105	50.78	-7.8E-01	rgb( 49,115,246)	1.9958	None
ZNF883	AK097012	-0.94105	50.78	-7.8E-01	rgb( 49,115,247)	1.9958	2,2
ZNF883	DQ588114	-0.94105	50.78	-7.8E-01	rgb( 48,114,247)	1.9958	2,2
AEBP1	PCDH17	0.94105	50.78	0.78	rgb(226, 68, 70)	1.9958	2,2
DACH1	PAX4	0.94105	50.78	0.777	rgb(226, 69, 70)	1.9958	2,2
GRHL3	PCDHB16	0.94105	50.78	0.779	rgb(226, 68, 70)	1.9958	2,2
ZNF117	LOC100506123	0.94105	50.78	0.776	rgb(226, 69, 70)	1.9958	2,2
ARNT2	ZFP69B	-0.93824	50.77	-7.7E-01	rgb( 51,116,246)	1.9956	None
ARX	DENND2A	-0.93824	50.77	-7.7E-01	rgb( 50,115,246)	1.9956	None
ARX	NPW	-0.93824	50.77	-7.7E-01	rgb( 51,116,246)	1.9956	None
ATF6	TFCP2L1	-0.93824	50.77	-7.7E-01	rgb( 50,115,246)	1.9956	None
E2F7	ATP6V1B1	-0.93824	50.77	-7.7E-01	rgb( 49,115,246)	1.9956	None
E2F7	NKD1	0.93824	50.77	0.773	rgb(226, 69, 71)	1.9956	None
E2F7	RUNX1T1	-0.93824	50.77	-7.7E-01	rgb( 51,116,246)	1.9956	None
ELF4	AF086126	-0.93824	50.77	-7.7E-01	rgb( 49,115,246)	1.9956	2,2
ELF4	PMFBP1	-0.93824	50.77	-7.7E-01	rgb( 49,115,246)	1.9956	None
ETS1	ASRGL1	0.93824	50.77	0.766	rgb(225, 71, 72)	1.9956	None
ETS1	FDPSP2	-0.93824	50.77	-7.7E-01	rgb( 50,115,246)	1.9956	None
ETS1	PROX1	0.93824	50.77	0.773	rgb(226, 69, 71)	1.9956	None
ETV1	ST6GALNAC5	0.93824	50.77	0.768	rgb(225, 70, 72)	1.9956	None
GATA2	GRHL3	0.93824	50.77	0.77	rgb(225, 70, 71)	1.9956	None
GATA4	ARNT2	0.93824	50.77	0.774	rgb(226, 69, 71)	1.9956	None
GATA4	GLYATL3	0.93824	50.77	0.773	rgb(226, 69, 71)	1.9956	None
GATA4	STMN4	0.93824	50.77	0.77	rgb(225, 70, 71)	1.9956	None
HEYL	DNER	-0.93824	50.77	-7.7E-01	rgb( 49,115,246)	1.9956	None
HLF	TTC18	-0.93824	50.77	-7.7E-01	rgb( 51,116,246)	1.9956	2,2
HSF2	PPP4R4	-0.93824	50.77	-7.7E-01	rgb( 50,115,246)	1.9956	None
HSF2	RGS4	-0.93824	50.77	-7.7E-01	rgb( 49,115,246)	1.9956	None
MAFB	CACNA1H	0.93824	50.77	0.77	rgb(225, 70, 72)	1.9956	None
NEUROD2	KANK2	-0.93824	50.77	-7.7E-01	rgb( 50,115,246)	1.9956	None
NEUROD2	PPP1R16B	0.93824	50.77	0.768	rgb(225, 70, 72)	1.9956	None
NEUROG3	LRRN2	0.93824	50.77	0.773	rgb(226, 69, 71)	1.9956	None
NEUROG3	NEURL	0.93824	50.77	0.766	rgb(225, 71, 72)	1.9956	2,2
NEUROG3	NPSR1-AS1	0.93824	50.77	0.767	rgb(225, 71, 72)	1.9956	None
NEUROG3	SLC18A1	0.93824	50.77	0.768	rgb(225, 70, 72)	1.9956	None
NFAT5	CTSL2	0.93824	50.77	0.765	rgb(225, 71, 72)	1.9956	2,2
PAX6	EXOSC4	0.93824	50.77	0.772	rgb(225, 70, 71)	1.9956	None
PBX3	CHRM4	0.93824	50.77	0.774	rgb(226, 69, 71)	1.9956	None
PLAG1	JAKMIP1	-0.93824	50.77	-7.7E-01	rgb( 50,115,246)	1.9956	None
POU5F1	PDGFD	0.93824	50.77	0.767	rgb(225, 70, 72)	1.9956	None
RFX2	ITGBL1	0.93824	50.77	0.767	rgb(225, 71, 72)	1.9956	None
RFX2	MCOLN3	0.93824	50.77	0.775	rgb(226, 69, 71)	1.9956	None
RFX6	AHNAK	-0.93824	50.77	-7.7E-01	rgb( 49,115,246)	1.9956	None
RFX6	COL12A1	0.93824	50.77	0.766	rgb(225, 71, 72)	1.9956	None
RFX6	FFAR2	0.93824	50.77	0.773	rgb(226, 69, 71)	1.9956	None
RFX6	MAP9	0.93824	50.77	0.769	rgb(225, 70, 72)	1.9956	None
RFX6	NRXN2	0.93824	50.77	0.773	rgb(226, 69, 71)	1.9956	None
SOX4	SMARCC1	0.93824	50.77	0.773	rgb(226, 69, 71)	1.9956	None
SOX4	SV2A	-0.93824	50.77	-7.7E-01	rgb( 51,116,246)	1.9956	None
TEAD1	LYPD8	-0.93824	50.77	-7.7E-01	rgb( 50,115,246)	1.9956	2,2
TEAD2	RYBP	-0.93824	50.77	-7.7E-01	rgb( 49,115,246)	1.9956	None
TP73	CCDC40	0.93824	50.77	0.773	rgb(226, 69, 71)	1.9956	None
ZFHX2	EMB	0.93824	50.77	0.769	rgb(225, 70, 72)	1.9956	None
ZNF492	CSH1	-0.93824	50.77	-7.7E-01	rgb( 49,115,246)	1.9956	None
ZNF519	BC041654	-0.93824	50.77	-7.7E-01	rgb( 49,115,246)	1.9956	2,2
ZNF846	MAP9	0.93824	50.77	0.773	rgb(226, 69, 71)	1.9956	None
ZNF846	ZNF514	-0.93824	50.77	-7.7E-01	rgb( 49,115,246)	1.9956	None
ZNF883	AF086346	-0.93824	50.77	-7.7E-01	rgb( 49,115,246)	1.9956	2,2
CCDC17	CXCL12	0.93824	50.77	0.772	rgb(225, 70, 71)	1.9956	2,2
GRHL3	LIMD2	0.93824	50.77	0.768	rgb(225, 70, 72)	1.9956	2,2
MYT1	ASCL1	0.93824	50.77	0.773	rgb(226, 69, 71)	1.9956	2,2
NPAS3	HRH3	0.93824	50.77	0.77	rgb(225, 70, 71)	1.9956	2,2
SIM1	AF070581	0.93824	50.77	0.771	rgb(225, 70, 71)	1.9956	2,2
SIM1	AK055386	0.93824	50.77	0.775	rgb(226, 69, 71)	1.9956	2,2
ZNF788	AX748371	0.93824	50.77	0.773	rgb(226, 69, 71)	1.9956	2,2
EGR3	TMOD2	-0.93544	50.76	-7.6E-01	rgb( 53,117,246)	1.9954	None
ETS1	PRDM16	-0.93544	50.76	-7.6E-01	rgb( 51,116,246)	1.9954	None
ETV1	ZCCHC18	0.93544	50.76	0.763	rgb(225, 71, 73)	1.9954	None
FEV	CENPE	0.93544	50.76	0.758	rgb(225, 72, 74)	1.9954	None
FOXA1	HSF2	0.93544	50.76	0.759	rgb(225, 72, 74)	1.9954	None
FOXD4L5	TMPRSS6	0.93544	50.76	0.76	rgb(225, 72, 73)	1.9954	None
GATA4	FIGNL2	-0.93544	50.76	-7.6E-01	rgb( 52,117,246)	1.9954	None
GATA4	KSR2	0.93544	50.76	0.764	rgb(225, 71, 73)	1.9954	None
GATA4	TRPM2	0.93544	50.76	0.765	rgb(225, 71, 73)	1.9954	None
GATA6	CLCN4	-0.93544	50.76	-7.6E-01	rgb( 52,116,246)	1.9954	None
HHEX	SLC7A14	0.93544	50.76	0.757	rgb(225, 72, 74)	1.9954	None
HMBOX1	PDE8B	0.93544	50.76	0.762	rgb(225, 72, 73)	1.9954	None
ISL1	BC090058	0.93544	50.76	0.76	rgb(225, 72, 73)	1.9954	2,2
LHX1	RPS15AP10	0.93544	50.76	0.757	rgb(225, 72, 74)	1.9954	None
LMX1B	SYNM	-0.93544	50.76	-7.6E-01	rgb( 52,116,246)	1.9954	None
MAFA	CPB1	0.93544	50.76	0.762	rgb(225, 72, 73)	1.9954	None
MAFA	FAM171B	0.93544	50.76	0.759	rgb(225, 72, 74)	1.9954	None
MAFA	MAST1	0.93544	50.76	0.76	rgb(225, 72, 73)	1.9954	None
MAFA	PRPH	0.93544	50.76	0.756	rgb(225, 73, 74)	1.9954	None
MAFB	GSTM2	-0.93544	50.76	-7.6E-01	rgb( 52,117,246)	1.9954	None
MAFB	TMEM178B	0.93544	50.76	0.763	rgb(225, 71, 73)	1.9954	None
NEUROD2	CFH	-0.93544	50.76	-7.6E-01	rgb( 51,116,246)	1.9954	2,2
NEUROD2	PGA3	0.93544	50.76	0.763	rgb(225, 71, 73)	1.9954	None
NEUROG3	AK125437	0.93544	50.76	0.761	rgb(225, 72, 73)	1.9954	2,2
NEUROG3	ARHGAP22	0.93544	50.76	0.761	rgb(225, 72, 73)	1.9954	None
NEUROG3	ASXL3	0.93544	50.76	0.759	rgb(225, 72, 74)	1.9954	None
NEUROG3	FAM135B	0.93544	50.76	0.762	rgb(225, 71, 73)	1.9954	None
NEUROG3	NEUROD1	0.93544	50.76	0.756	rgb(225, 73, 74)	1.9954	None
NHLH1	MFAP2	0.93544	50.76	0.755	rgb(225, 73, 74)	1.9954	2,2
NKX2-2	SHF	0.93544	50.76	0.761	rgb(225, 72, 73)	1.9954	None
PAX6	BRS3	-0.93544	50.76	-7.6E-01	rgb( 53,117,246)	1.9954	None
PAX6	GLUD1P3	-0.93544	50.76	-7.6E-01	rgb( 51,116,246)	1.9954	None
PDX1	PARD6A	0.93544	50.76	0.764	rgb(225, 71, 73)	1.9954	None
POU6F1	CYGB	-0.93544	50.76	-7.6E-01	rgb( 52,116,246)	1.9954	None
RFX6	FAXC	0.93544	50.76	0.765	rgb(225, 71, 72)	1.9954	None
RFX6	SEPT5-GP1BB	0.93544	50.76	0.758	rgb(225, 72, 74)	1.9954	2,2
RFX6	ST18	0.93544	50.76	0.76	rgb(225, 72, 73)	1.9954	None
SPIB	PGA4	0.93544	50.76	0.757	rgb(225, 73, 74)	1.9954	None
SPIB	SLC25A27	-0.93544	50.76	-7.6E-01	rgb( 52,117,246)	1.9954	None
TEAD1	FAM71E2	-0.93544	50.76	-7.6E-01	rgb( 52,117,246)	1.9954	None
TEAD1	LRRC36	-0.93544	50.76	-7.6E-01	rgb( 52,117,246)	1.9954	None
TEAD1	RFX3	-0.93544	50.76	-7.6E-01	rgb( 52,117,246)	1.9954	None
ZFP82	LINC00842	-0.93544	50.76	-7.6E-01	rgb( 53,117,246)	1.9954	2,2
ZFP82	MIAT	-0.93544	50.76	-7.6E-01	rgb( 52,117,246)	1.9954	None
ZNF883	AL832937	-0.93544	50.76	-7.6E-01	rgb( 51,116,246)	1.9954	2,2
CCDC17	AK055386	0.93544	50.76	0.759	rgb(225, 72, 74)	1.9954	2,2
GRHL3	FAM105A	0.93544	50.76	0.762	rgb(225, 72, 73)	1.9954	2,2
GRHL3	NEURL	0.93544	50.76	0.764	rgb(225, 71, 73)	1.9954	2,2
ZNF514	AK128593	0.93544	50.76	0.762	rgb(225, 71, 73)	1.9954	2,2
ZNF514	BMS1P1	0.93544	50.76	0.759	rgb(225, 72, 74)	1.9954	2,2
ARX	CEP290	0.93263	50.75	0.749	rgb(225, 74, 75)	1.9952	None
ARX	FOXA2	-0.93263	50.75	-7.5E-01	rgb( 54,118,246)	1.9952	None
E2F7	ANKRD13B	-0.93263	50.75	-7.5E-01	rgb( 54,118,246)	1.9952	None
ETS1	ST8SIA3	-0.93263	50.75	-7.5E-01	rgb( 55,118,245)	1.9952	None
ETV1	KCNB2	0.93263	50.75	0.751	rgb(225, 74, 75)	1.9952	None
FOXA1	STX1A	0.93263	50.75	0.746	rgb(225, 74, 76)	1.9952	None
FOXD4L5	KCNQ1OT1	0.93263	50.75	0.753	rgb(225, 73, 75)	1.9952	None
GATA4	KCNMA1	0.93263	50.75	0.748	rgb(225, 74, 76)	1.9952	None
GATA4	RUNX1T1	0.93263	50.75	0.747	rgb(225, 74, 76)	1.9952	None
HIC1	CELF4	-0.93263	50.75	-7.5E-01	rgb( 55,118,245)	1.9952	None
HSF2	EID2	-0.93263	50.75	-7.5E-01	rgb( 54,118,246)	1.9952	None
HSF2	KSR2	-0.93263	50.75	-7.5E-01	rgb( 55,119,245)	1.9952	None
HSF2	UNC13A	-0.93263	50.75	-7.5E-01	rgb( 54,118,245)	1.9952	None
LHX1	TFPI2	-0.93263	50.75	-7.5E-01	rgb( 54,118,246)	1.9952	None
LMX1A	COLQ	0.93263	50.75	0.754	rgb(225, 73, 75)	1.9952	None
LMX1B	CCR6	-0.93263	50.75	-7.5E-01	rgb( 53,117,246)	1.9952	None
LMX1B	FER1L4	-0.93263	50.75	-7.5E-01	rgb( 53,117,246)	1.9952	None
LMX1B	KDM1A	0.93263	50.75	0.751	rgb(225, 74, 75)	1.9952	None
NEUROD2	GRAP2	0.93263	50.75	0.746	rgb(225, 75, 76)	1.9952	None
NEUROG3	CELA3A	0.93263	50.75	0.745	rgb(225, 75, 76)	1.9952	None
NEUROG3	EPHB3	0.93263	50.75	0.745	rgb(225, 75, 76)	1.9952	None
NEUROG3	EVL	0.93263	50.75	0.753	rgb(225, 73, 75)	1.9952	None
NKX2-2	ID2	0.93263	50.75	0.752	rgb(225, 73, 75)	1.9952	None
NKX2-2	LOC100130557	-0.93263	50.75	-7.5E-01	rgb( 55,118,245)	1.9952	2,2
NKX2-2	PFN1P2	-0.93263	50.75	-7.5E-01	rgb( 53,117,246)	1.9952	2,2
NKX2-2	TFCP2L1	0.93263	50.75	0.754	rgb(225, 73, 74)	1.9952	None
PAX6	RNPC3	-0.93263	50.75	-7.5E-01	rgb( 54,118,245)	1.9952	None
PAX6	TBC1D8B	-0.93263	50.75	-7.5E-01	rgb( 55,119,245)	1.9952	None
PBX1	UTY	0.93263	50.75	0.753	rgb(225, 73, 75)	1.9952	None
PRDM16	CCDC162P	-0.93263	50.75	-7.5E-01	rgb( 54,118,246)	1.9952	None
RFX6	ABLIM2	0.93263	50.75	0.746	rgb(225, 75, 76)	1.9952	None
RFX6	CHGB	0.93263	50.75	0.751	rgb(225, 74, 75)	1.9952	None
RFX6	FAM161A	0.93263	50.75	0.747	rgb(225, 74, 76)	1.9952	None
RFX6	MAP3K12	0.93263	50.75	0.752	rgb(225, 73, 75)	1.9952	None
SIX2	ANK2	0.93263	50.75	0.754	rgb(225, 73, 74)	1.9952	None
SPIB	RYBP	0.93263	50.75	0.749	rgb(225, 74, 75)	1.9952	None
SPIB	TET1	-0.93263	50.75	-7.5E-01	rgb( 53,117,246)	1.9952	None
SPIB	VWCE	-0.93263	50.75	-7.5E-01	rgb( 54,118,246)	1.9952	None
TEAD1	BSN	-0.93263	50.75	-7.5E-01	rgb( 55,119,245)	1.9952	None
TEAD1	KHK	-0.93263	50.75	-7.5E-01	rgb( 53,117,246)	1.9952	None
TFCP2L1	MBOAT4	0.93263	50.75	0.747	rgb(225, 74, 76)	1.9952	None
TFCP2L1	STMN3	0.93263	50.75	0.747	rgb(225, 74, 76)	1.9952	None
TFCP2L1	TSPAN7	0.93263	50.75	0.751	rgb(225, 74, 75)	1.9952	None
ZFHX2	SAMD11	0.93263	50.75	0.749	rgb(225, 74, 75)	1.9952	None
ZNF846	BC010924	-0.93263	50.75	-7.5E-01	rgb( 53,117,246)	1.9952	2,2
ATOH8	PAX4	0.93263	50.75	0.747	rgb(225, 74, 76)	1.9952	2,2
ATOH8	TMEM8C	0.93263	50.75	0.752	rgb(225, 73, 75)	1.9952	2,2
SIM1	KIAA2022	0.93263	50.75	0.749	rgb(225, 74, 75)	1.9952	2,2
SIM1	KIF5C	0.93263	50.75	0.745	rgb(225, 75, 76)	1.9952	2,2
ZNF514	AX747658	0.93263	50.75	0.749	rgb(225, 74, 75)	1.9952	2,2
ARNT2	MXI1	0.92982	50.74	0.737	rgb(225, 76, 78)	1.995	None
ARX	PER2	0.92982	50.74	0.737	rgb(225, 76, 78)	1.995	None
ASCL2	TMEM151B	0.92982	50.74	0.737	rgb(225, 76, 78)	1.995	None
ETS1	CCND2	0.92982	50.74	0.743	rgb(225, 75, 77)	1.995	None
ETS1	PCED1B-AS1	-0.92982	50.74	-7.4E-01	rgb( 57,119,245)	1.995	None
ETS1	UNC80	-0.92982	50.74	-7.4E-01	rgb( 57,120,245)	1.995	None
ETV1	CBX4	0.92982	50.74	0.74	rgb(225, 76, 77)	1.995	None
FEV	BEX2	0.92982	50.74	0.742	rgb(225, 75, 77)	1.995	None
FEV	CCDC28B	0.92982	50.74	0.735	rgb(225, 77, 78)	1.995	None
FEV	ELAVL3	0.92982	50.74	0.74	rgb(225, 76, 77)	1.995	None
FEV	LRP4-AS1	-0.92982	50.74	-7.4E-01	rgb( 55,119,245)	1.995	None
FOXA1	TMEFF2	0.92982	50.74	0.743	rgb(225, 75, 77)	1.995	None
FOXD4L5	IMPG1	0.92982	50.74	0.738	rgb(225, 76, 77)	1.995	None
FOXJ1	FAM110B	-0.92982	50.74	-7.4E-01	rgb( 57,120,245)	1.995	None
GATA2	WNK3	0.92982	50.74	0.745	rgb(225, 75, 76)	1.995	None
GATA4	GABRP	-0.92982	50.74	-7.4E-01	rgb( 57,120,245)	1.995	None
HES4	ITPR1	0.92982	50.74	0.744	rgb(225, 75, 76)	1.995	None
HIF1A	ZNF117	-0.92982	50.74	-7.4E-01	rgb( 56,119,245)	1.995	None
HLF	LOC100506585	-0.92982	50.74	-7.4E-01	rgb( 56,119,245)	1.995	2,2
HSF2	ARHGAP9	0.92982	50.74	0.743	rgb(225, 75, 77)	1.995	None
LHX1	BAI1	-0.92982	50.74	-7.4E-01	rgb( 56,119,245)	1.995	2,2
LMX1B	SAMD14	0.92982	50.74	0.737	rgb(225, 76, 78)	1.995	None
LMX1B	SPC25	-0.92982	50.74	-7.4E-01	rgb( 56,119,245)	1.995	None
MAFA	DPP10	-0.92982	50.74	-7.4E-01	rgb( 57,120,245)	1.995	None
MAFB	CADM3	-0.92982	50.74	-7.4E-01	rgb( 56,119,245)	1.995	None
NEUROD2	IGSF10	0.92982	50.74	0.742	rgb(225, 75, 77)	1.995	None
NEUROG3	AMPH	0.92982	50.74	0.736	rgb(225, 77, 78)	1.995	None
NEUROG3	CYSLTR2	0.92982	50.74	0.744	rgb(225, 75, 76)	1.995	None
NEUROG3	ETV1	0.92982	50.74	0.743	rgb(225, 75, 77)	1.995	None
NEUROG3	KCNJ6	0.92982	50.74	0.743	rgb(225, 75, 77)	1.995	None
NEUROG3	NCAM1	0.92982	50.74	0.742	rgb(225, 75, 77)	1.995	None
NFAT5	CYP27C1	0.92982	50.74	0.738	rgb(225, 76, 78)	1.995	None
NKX2-2	BX649158	-0.92982	50.74	-7.4E-01	rgb( 56,119,245)	1.995	2,2
NKX2-2	MIPOL1	-0.92982	50.74	-7.4E-01	rgb( 57,120,245)	1.995	None
NKX2-2	NPPB	0.92982	50.74	0.736	rgb(225, 76, 78)	1.995	2,2
NKX2-2	RYBP	0.92982	50.74	0.741	rgb(225, 76, 77)	1.995	None
NKX6-1	APOB	0.92982	50.74	0.74	rgb(225, 76, 77)	1.995	2,2
NKX6-1	SYT4	0.92982	50.74	0.739	rgb(225, 76, 77)	1.995	2,2
ONECUT3	DOCK4	-0.92982	50.74	-7.4E-01	rgb( 57,120,245)	1.995	2,2
ONECUT3	DPYSL3	-0.92982	50.74	-7.4E-01	rgb( 57,120,245)	1.995	None
ONECUT3	KL	0.92982	50.74	0.736	rgb(225, 76, 78)	1.995	None
PAX6	GCH1	-0.92982	50.74	-7.4E-01	rgb( 56,119,245)	1.995	None
PDX1	NEFL	-0.92982	50.74	-7.4E-01	rgb( 56,119,245)	1.995	None
PLAG1	BLMH	-0.92982	50.74	-7.4E-01	rgb( 56,119,245)	1.995	None
PRDM16	PLTP	0.92982	50.74	0.738	rgb(225, 76, 77)	1.995	None
PROX1	UNQ2560	0.92982	50.74	0.742	rgb(225, 75, 77)	1.995	2,2
RFX6	ATP1A3	0.92982	50.74	0.742	rgb(225, 75, 77)	1.995	None
RFX6	NTRK2	0.92982	50.74	0.741	rgb(225, 75, 77)	1.995	None
RFX6	POU2F2	0.92982	50.74	0.741	rgb(225, 76, 77)	1.995	None
RFX6	RD3	0.92982	50.74	0.744	rgb(225, 75, 76)	1.995	None
SIX2	ZCCHC18	-0.92982	50.74	-7.4E-01	rgb( 56,119,245)	1.995	None
SMAD9	CNR1	0.92982	50.74	0.741	rgb(225, 76, 77)	1.995	None
SMAD9	NCS1	0.92982	50.74	0.745	rgb(225, 75, 76)	1.995	None
SMAD9	ZFHX2	0.92982	50.74	0.739	rgb(225, 76, 77)	1.995	None
TEAD1	MUC5AC	0.92982	50.74	0.738	rgb(225, 76, 78)	1.995	2,2
TEAD1	TMEM196	-0.92982	50.74	-7.4E-01	rgb( 57,120,245)	1.995	None
TFCP2L1	CNR1	0.92982	50.74	0.739	rgb(225, 76, 77)	1.995	None
ZFP82	SH3BP5-AS1	-0.92982	50.74	-7.4E-01	rgb( 57,119,245)	1.995	None
ZNF519	AL832937	-0.92982	50.74	-7.4E-01	rgb( 55,119,245)	1.995	2,2
ZNF846	CCR6	-0.92982	50.74	-7.4E-01	rgb( 57,119,245)	1.995	None
ZNF883	HV535487	0.92982	50.74	0.736	rgb(225, 76, 78)	1.995	2,2
ZNF883	MAML3	0.92982	50.74	0.738	rgb(225, 76, 78)	1.995	None
ZNF883	TBC1D3C	-0.92982	50.74	-7.4E-01	rgb( 57,120,245)	1.995	2,2
CCDC17	AK125437	-0.92982	50.74	-7.4E-01	rgb( 57,120,245)	1.995	2,2
MYSM1	AL832439	0.92982	50.74	0.744	rgb(225, 75, 76)	1.995	2,2
MYT1	AB074188	0.92982	50.74	0.737	rgb(225, 76, 78)	1.995	2,2
SIM1	CRISPLD1	0.92982	50.74	0.742	rgb(225, 75, 77)	1.995	2,2
ZNF514	UBE2Q2P2	0.92982	50.74	0.741	rgb(225, 76, 77)	1.995	2,2
ZNF788	AK123889	0.92982	50.74	0.738	rgb(225, 76, 77)	1.995	2,2
ARX	EIF4EBP1	-0.92701	50.73	-7.3E-01	rgb( 59,121,245)	1.9948	None
ARX	INSM1	-0.92701	50.73	-7.3E-01	rgb( 59,121,245)	1.9948	None
ASCL1	ACE	0.92701	50.73	0.733	rgb(225, 77, 78)	1.9948	None
ATF5	QDPR	-0.92701	50.73	-7.3E-01	rgb( 58,120,245)	1.9948	None
DPF3	DGKB	0.92701	50.73	0.727	rgb(225, 78, 80)	1.9948	None
E2F7	CFH	-0.92701	50.73	-7.3E-01	rgb( 58,120,245)	1.9948	2,2
EGR3	NOXO1	0.92701	50.73	0.732	rgb(225, 77, 79)	1.9948	None
EGR3	RET	-0.92701	50.73	-7.3E-01	rgb( 59,121,245)	1.9948	None
ELF4	CEP290	-0.92701	50.73	-7.3E-01	rgb( 58,120,245)	1.9948	None
ELF4	CLSPN	-0.92701	50.73	-7.3E-01	rgb( 59,121,245)	1.9948	None
ELF4	RIIAD1	-0.92701	50.73	-7.3E-01	rgb( 58,121,245)	1.9948	None
ETS1	IRF2BP1	0.92701	50.73	0.73	rgb(225, 77, 79)	1.9948	None
ETV1	JAKMIP1	0.92701	50.73	0.729	rgb(225, 78, 79)	1.9948	None
FOXD4L5	REM2	0.92701	50.73	0.73	rgb(225, 78, 79)	1.9948	None
GATA4	DENND2A	0.92701	50.73	0.73	rgb(225, 78, 79)	1.9948	None
GATA4	GCH1	0.92701	50.73	0.725	rgb(225, 79, 80)	1.9948	None
GATA4	SHF	-0.92701	50.73	-7.3E-01	rgb( 59,121,245)	1.9948	None
GATA6	KDM1A	-0.92701	50.73	-7.3E-01	rgb( 59,121,245)	1.9948	None
HOXB9	CREBRF	0.92701	50.73	0.732	rgb(225, 77, 79)	1.9948	None
MAFA	NEFM	0.92701	50.73	0.734	rgb(225, 77, 78)	1.9948	None
MAFA	YPEL4	0.92701	50.73	0.733	rgb(225, 77, 79)	1.9948	None
NEUROD1	SPRY3	-0.92701	50.73	-7.3E-01	rgb( 58,120,245)	1.9948	None
NEUROD2	KCNJ11	0.92701	50.73	0.729	rgb(225, 78, 79)	1.9948	None
NEUROG3	CADM3	0.92701	50.73	0.727	rgb(225, 78, 80)	1.9948	None
NEUROG3	CARTPT	0.92701	50.73	0.734	rgb(225, 77, 78)	1.9948	None
NEUROG3	KIAA1456	0.92701	50.73	0.732	rgb(225, 77, 79)	1.9948	2,2
NEUROG3	SLC22A13	0.92701	50.73	0.732	rgb(225, 77, 79)	1.9948	None
NFAT5	NXPE1	-0.92701	50.73	-7.3E-01	rgb( 58,120,245)	1.9948	None
NFAT5	TNFSF14	-0.92701	50.73	-7.3E-01	rgb( 59,121,245)	1.9948	2,2
NKX2-2	ATF7IP	-0.92701	50.73	-7.3E-01	rgb( 60,121,245)	1.9948	None
NKX2-2	LOC100216546	-0.92701	50.73	-7.3E-01	rgb( 59,121,245)	1.9948	2,2
NKX2-2	PTPRN2	0.92701	50.73	0.731	rgb(225, 77, 79)	1.9948	None
ONECUT2	TMEM196	-0.92701	50.73	-7.3E-01	rgb( 59,121,245)	1.9948	None
PAX6	GPR148	-0.92701	50.73	-7.3E-01	rgb( 60,121,245)	1.9948	None
PBX3	RASL11B	0.92701	50.73	0.733	rgb(225, 77, 78)	1.9948	None
PBX3	RGS16	0.92701	50.73	0.726	rgb(225, 78, 80)	1.9948	None
PDX1	HHEX	0.92701	50.73	0.728	rgb(225, 78, 79)	1.9948	None
PLAG1	UNC13A	-0.92701	50.73	-7.3E-01	rgb( 58,120,245)	1.9948	None
PRDM16	BTBD11	0.92701	50.73	0.727	rgb(225, 78, 80)	1.9948	None
RFX6	ANKRD65	0.92701	50.73	0.729	rgb(225, 78, 79)	1.9948	None
RFX6	CACNA1C	0.92701	50.73	0.733	rgb(225, 77, 79)	1.9948	None
RFX6	MMP2	0.92701	50.73	0.726	rgb(225, 78, 80)	1.9948	None
RFX6	NTNG2	0.92701	50.73	0.73	rgb(225, 78, 79)	1.9948	None
SIX2	RPS3	-0.92701	50.73	-7.3E-01	rgb( 58,120,245)	1.9948	None
SPIB	MXI1	0.92701	50.73	0.726	rgb(225, 78, 80)	1.9948	None
TEAD2	DKK3	0.92701	50.73	0.729	rgb(225, 78, 79)	1.9948	None
TFCP2L1	ITGA4	0.92701	50.73	0.73	rgb(225, 78, 79)	1.9948	2,2
TGIF2	HCP5	0.92701	50.73	0.726	rgb(225, 78, 80)	1.9948	None
ZFP92	CNTN3	0.92701	50.73	0.734	rgb(225, 77, 78)	1.9948	2,2
ZNF382	XAF1	-0.92701	50.73	-7.3E-01	rgb( 58,120,245)	1.9948	2,2
ZNF492	FER1L4	0.92701	50.73	0.726	rgb(225, 78, 80)	1.9948	None
ZNF846	NAT14	0.92701	50.73	0.73	rgb(225, 77, 79)	1.9948	None
MYT1	KCNMB2-IT1	0.92701	50.73	0.731	rgb(225, 77, 79)	1.9948	2,2
MYT1	TDO2	0.92701	50.73	0.73	rgb(225, 78, 79)	1.9948	2,2
ZBTB25	BC029255	0.92701	50.73	0.731	rgb(225, 77, 79)	1.9948	2,2
ZNF514	AK128656	0.92701	50.73	0.729	rgb(225, 78, 79)	1.9948	2,2
ARX	NFAT5	0.92421	50.72	0.717	rgb(225, 80, 81)	1.9946	None
ARX	STMND1	-0.92421	50.72	-7.2E-01	rgb( 61,122,244)	1.9946	None
EGR3	SCUBE3	-0.92421	50.72	-7.2E-01	rgb( 60,122,244)	1.9946	None
ELF4	MYBPC2	-0.92421	50.72	-7.2E-01	rgb( 61,122,244)	1.9946	None
ELF4	PTPRT	-0.92421	50.72	-7.2E-01	rgb( 60,122,244)	1.9946	None
ETV1	MYBPC2	0.92421	50.72	0.717	rgb(225, 80, 81)	1.9946	None
ETV1	SLC26A7	0.92421	50.72	0.721	rgb(225, 79, 81)	1.9946	None
FEV	DUSP2	0.92421	50.72	0.719	rgb(225, 80, 81)	1.9946	None
FEV	FAM155B	0.92421	50.72	0.717	rgb(225, 80, 82)	1.9946	None
FOXD4L5	ADAMTSL1	0.92421	50.72	0.72	rgb(225, 80, 81)	1.9946	None
FOXD4L5	CPB1	0.92421	50.72	0.722	rgb(225, 79, 81)	1.9946	None
FOXD4L5	MMRN1	0.92421	50.72	0.72	rgb(225, 79, 81)	1.9946	None
GATA2	LRAT	0.92421	50.72	0.716	rgb(225, 80, 82)	1.9946	None
GATA4	CLCNKA	-0.92421	50.72	-7.2E-01	rgb( 60,121,245)	1.9946	None
GATA4	MALAT1	-0.92421	50.72	-7.2E-01	rgb( 60,122,244)	1.9946	None
HES4	MLN	-0.92421	50.72	-7.2E-01	rgb( 61,122,244)	1.9946	None
HEYL	SYT4	-0.92421	50.72	-7.2E-01	rgb( 60,121,245)	1.9946	2,2
HOMEZ	MFAP2	-0.92421	50.72	-7.2E-01	rgb( 61,122,244)	1.9946	2,2
HSF2	BOC	0.92421	50.72	0.72	rgb(225, 79, 81)	1.9946	None
HSF2	KANK2	-0.92421	50.72	-7.2E-01	rgb( 61,122,244)	1.9946	None
HSF2	TPGS1	-0.92421	50.72	-7.2E-01	rgb( 60,121,244)	1.9946	None
LHX1	ZFP62	0.92421	50.72	0.724	rgb(225, 79, 80)	1.9946	None
MAFA	CCDC146	0.92421	50.72	0.723	rgb(225, 79, 80)	1.9946	None
MAFA	EML1	-0.92421	50.72	-7.2E-01	rgb( 60,121,245)	1.9946	None
MAFB	MMP13	-0.92421	50.72	-7.2E-01	rgb( 60,122,244)	1.9946	None
MAFF	PKHD1L1	-0.92421	50.72	-7.2E-01	rgb( 61,122,244)	1.9946	None
NEUROG3	ELL2	0.92421	50.72	0.72	rgb(225, 79, 81)	1.9946	None
NEUROG3	GPRIN3	0.92421	50.72	0.717	rgb(225, 80, 81)	1.9946	None
NEUROG3	SCN3A	0.92421	50.72	0.722	rgb(225, 79, 80)	1.9946	2,2
NEUROG3	SEC11C	0.92421	50.72	0.718	rgb(225, 80, 81)	1.9946	None
NKX2-2	KRT4	-0.92421	50.72	-7.2E-01	rgb( 60,121,245)	1.9946	None
NR4A2	AK316321	0.92421	50.72	0.715	rgb(225, 80, 82)	1.9946	2,2
ONECUT2	BAALC	-0.92421	50.72	-7.2E-01	rgb( 61,122,244)	1.9946	None
ONECUT2	TMEM200A	-0.92421	50.72	-7.2E-01	rgb( 61,122,244)	1.9946	None
PAX6	RPS3	0.92421	50.72	0.717	rgb(225, 80, 81)	1.9946	None
PDX1	ZFP82	0.92421	50.72	0.72	rgb(225, 79, 81)	1.9946	None
RFX6	C2CD4B	0.92421	50.72	0.723	rgb(225, 79, 80)	1.9946	None
RFX6	CBFA2T3	0.92421	50.72	0.715	rgb(225, 80, 82)	1.9946	None
RFX6	LIPC	0.92421	50.72	0.715	rgb(225, 80, 82)	1.9946	None
RFX6	LOC100506585	0.92421	50.72	0.716	rgb(225, 80, 82)	1.9946	None
SIX2	GFRA3	0.92421	50.72	0.716	rgb(225, 80, 82)	1.9946	None
SIX2	SPP1	-0.92421	50.72	-7.2E-01	rgb( 62,123,244)	1.9946	None
SOX4	FGF14	-0.92421	50.72	-7.2E-01	rgb( 61,122,244)	1.9946	None
TEAD1	CFC1B	-0.92421	50.72	-7.2E-01	rgb( 61,122,244)	1.9946	None
TEAD1	TRPM2	-0.92421	50.72	-7.2E-01	rgb( 62,123,244)	1.9946	None
TEAD1	TTLL10	-0.92421	50.72	-7.2E-01	rgb( 62,123,244)	1.9946	None
TEAD2	FOXJ1	0.92421	50.72	0.717	rgb(225, 80, 82)	1.9946	None
TGIF2	BEND5	0.92421	50.72	0.72	rgb(225, 80, 81)	1.9946	None
ZFP90	CDKN1A	-0.92421	50.72	-7.2E-01	rgb( 61,122,244)	1.9946	None
ZNF382	EVL	-0.92421	50.72	-7.2E-01	rgb( 61,122,244)	1.9946	None
ZNF492	FMN2	-0.92421	50.72	-7.2E-01	rgb( 60,122,244)	1.9946	None
ZNF519	AF086346	-0.92421	50.72	-7.2E-01	rgb( 61,122,244)	1.9946	2,2
ZNF883	AK027840	-0.92421	50.72	-7.2E-01	rgb( 61,122,244)	1.9946	2,2
MYT1	BC033961	0.92421	50.72	0.723	rgb(225, 79, 80)	1.9946	2,2
MYT1	DCX	0.92421	50.72	0.717	rgb(225, 80, 82)	1.9946	2,2
SIM1	ATCAY	0.92421	50.72	0.722	rgb(225, 79, 80)	1.9946	2,2
SIM1	NKX6-1	0.92421	50.72	0.722	rgb(225, 79, 81)	1.9946	2,2
ZBTB25	AX747393	0.92421	50.72	0.72	rgb(225, 80, 81)	1.9946	2,2
ZNF117	AK054970	0.92421	50.72	0.72	rgb(225, 79, 81)	1.9946	2,2
ZNF514	AK057681	0.92421	50.72	0.716	rgb(225, 80, 82)	1.9946	2,2
ARX	LMO3	0.9214	50.71	0.711	rgb(225, 81, 83)	1.9944	None
ASCL2	NPTXR	0.9214	50.71	0.705	rgb(225, 82, 84)	1.9944	None
ETS1	C1QL1	-0.9214	50.71	-7.1E-01	rgb( 63,123,244)	1.9944	None
ETS1	MLN	-0.9214	50.71	-7.1E-01	rgb( 63,123,244)	1.9944	None
ETS1	SV2A	-0.9214	50.71	-7.1E-01	rgb( 64,124,244)	1.9944	None
FEV	MLLT11	0.9214	50.71	0.712	rgb(225, 81, 82)	1.9944	None
FEV	TEKT2	0.9214	50.71	0.714	rgb(225, 81, 82)	1.9944	None
FOXP2	OLFML3	-0.9214	50.71	-7.1E-01	rgb( 62,123,244)	1.9944	None
GATA2	SCN2A	0.9214	50.71	0.707	rgb(225, 82, 83)	1.9944	None
GATA4	AKT3	0.9214	50.71	0.706	rgb(225, 82, 84)	1.9944	None
GATA4	OSBPL6	-0.9214	50.71	-7.1E-01	rgb( 63,123,244)	1.9944	None
GATA4	TMEM132B	0.9214	50.71	0.709	rgb(225, 82, 83)	1.9944	None
HEYL	CELSR3	-0.9214	50.71	-7.1E-01	rgb( 62,123,244)	1.9944	None
HIF1A	MYT1	-0.9214	50.71	-7.1E-01	rgb( 63,123,244)	1.9944	None
ISL1	CDKN1A	-0.9214	50.71	-7.1E-01	rgb( 62,123,244)	1.9944	None
LHX1	RGS16	-0.9214	50.71	-7.1E-01	rgb( 62,123,244)	1.9944	None
LMX1B	CPB1	0.9214	50.71	0.707	rgb(225, 82, 83)	1.9944	None
MAFF	PTPRN2	-0.9214	50.71	-7.1E-01	rgb( 63,123,244)	1.9944	None
NEUROG3	CLPS	0.9214	50.71	0.71	rgb(225, 81, 83)	1.9944	None
NEUROG3	GABRB3	0.9214	50.71	0.714	rgb(225, 81, 82)	1.9944	None
NEUROG3	RGS9	0.9214	50.71	0.708	rgb(225, 82, 83)	1.9944	None
NKX2-2	ZNF514	-0.9214	50.71	-7.1E-01	rgb( 63,124,244)	1.9944	None
NR4A3	CXCL12	0.9214	50.71	0.709	rgb(225, 82, 83)	1.9944	None
ONECUT1	TMEM45A	0.9214	50.71	0.712	rgb(225, 81, 82)	1.9944	None
PBX3	CD99L2	0.9214	50.71	0.708	rgb(225, 82, 83)	1.9944	None
PBX3	SGOL1-AS1	0.9214	50.71	0.706	rgb(225, 82, 84)	1.9944	2,2
PDX1	NAT14	-0.9214	50.71	-7.1E-01	rgb( 63,123,244)	1.9944	None
RFX2	RAB36	0.9214	50.71	0.708	rgb(225, 82, 83)	1.9944	None
RFX6	CACNG6	0.9214	50.71	0.714	rgb(225, 81, 82)	1.9944	None
RFX6	JPH4	0.9214	50.71	0.715	rgb(225, 80, 82)	1.9944	None
SIX2	RAB26	-0.9214	50.71	-7.1E-01	rgb( 62,123,244)	1.9944	None
TEAD1	PHGR1	-0.9214	50.71	-7.1E-01	rgb( 63,123,244)	1.9944	None
TFCP2L1	ADAMTSL2	0.9214	50.71	0.711	rgb(225, 81, 83)	1.9944	None
TFCP2L1	CCK	0.9214	50.71	0.709	rgb(225, 82, 83)	1.9944	None
TGIF2	MYBPC2	0.9214	50.71	0.711	rgb(225, 81, 83)	1.9944	None
TGIF2	PCYT1B	0.9214	50.71	0.712	rgb(225, 81, 82)	1.9944	None
TGIF2	SV2B	0.9214	50.71	0.714	rgb(225, 81, 82)	1.9944	None
ZFHX2	CELSR2	-0.9214	50.71	-7.1E-01	rgb( 62,123,244)	1.9944	None
ZNF519	AK097012	-0.9214	50.71	-7.1E-01	rgb( 64,124,244)	1.9944	2,2
ZNF846	CELA3A	0.9214	50.71	0.708	rgb(225, 82, 83)	1.9944	None
ZNF846	EXOSC4	0.9214	50.71	0.708	rgb(225, 82, 83)	1.9944	None
CCDC17	GPR112	0.9214	50.71	0.707	rgb(225, 82, 83)	1.9944	2,2
DACH1	CCDC154	0.9214	50.71	0.713	rgb(225, 81, 82)	1.9944	2,2
GRHL3	LOC729683	0.9214	50.71	0.706	rgb(225, 82, 84)	1.9944	2,2
SIM1	GRIA2	0.9214	50.71	0.711	rgb(225, 81, 83)	1.9944	2,2
SIM1	LINC00890	0.9214	50.71	0.713	rgb(225, 81, 82)	1.9944	2,2
ZBTB25	AK024092	0.9214	50.71	0.708	rgb(225, 82, 83)	1.9944	2,2
ZNF514	AX747598	0.9214	50.71	0.707	rgb(225, 82, 83)	1.9944	2,2
ZNF514	LOC728407	0.9214	50.71	0.706	rgb(225, 82, 83)	1.9944	2,2
ARNT2	QSOX2	-0.91859	50.7	-7.0E-01	rgb( 65,124,244)	1.9942	None
EGR3	STARD9	0.91859	50.7	0.703	rgb(225, 83, 84)	1.9942	None
ELF4	C1RL-AS1	-0.91859	50.7	-7.0E-01	rgb( 64,124,244)	1.9942	None
ETS1	SPDYE5	-0.91859	50.7	-7.0E-01	rgb( 65,124,244)	1.9942	None
FOXA1	GABRG2	0.91859	50.7	0.697	rgb(225, 84, 85)	1.9942	None
FOXD4L5	C1RL-AS1	0.91859	50.7	0.695	rgb(225, 84, 86)	1.9942	None
FOXD4L5	RCOR2	-0.91859	50.7	-7.0E-01	rgb( 65,125,244)	1.9942	None
GATA4	PRELP	-0.91859	50.7	-7.0E-01	rgb( 66,125,243)	1.9942	None
HES4	FLJ00385	0.91859	50.7	0.704	rgb(225, 82, 84)	1.9942	2,2
HHEX	HBT8	0.91859	50.7	0.695	rgb(225, 84, 86)	1.9942	2,2
HIF1A	STARD9	-0.91859	50.7	-7.0E-01	rgb( 65,124,244)	1.9942	None
HSF2	CACNA1E	-0.91859	50.7	-7.0E-01	rgb( 66,125,243)	1.9942	None
HSF2	GABRP	0.91859	50.7	0.7	rgb(225, 83, 85)	1.9942	None
HSF2	INS-IGF2	-0.91859	50.7	-7.0E-01	rgb( 66,125,244)	1.9942	None
LHX1	ACSL6	-0.91859	50.7	-7.0E-01	rgb( 65,125,244)	1.9942	None
LHX1	GCG	-0.91859	50.7	-7.0E-01	rgb( 64,124,244)	1.9942	None
LMX1B	DST	-0.91859	50.7	-7.0E-01	rgb( 66,125,243)	1.9942	None
LMX1B	EMB	-0.91859	50.7	-7.0E-01	rgb( 66,125,243)	1.9942	None
MAFA	AVPR1B	0.91859	50.7	0.705	rgb(225, 82, 84)	1.9942	None
MAFA	PALMD	0.91859	50.7	0.7	rgb(225, 83, 85)	1.9942	None
MAFB	CHGA	-0.91859	50.7	-7.0E-01	rgb( 65,125,244)	1.9942	None
NEUROG3	L1TD1	0.91859	50.7	0.7	rgb(225, 83, 85)	1.9942	None
NHLH1	TNFRSF6B	0.91859	50.7	0.704	rgb(225, 83, 84)	1.9942	None
NKX2-2	CLSPN	-0.91859	50.7	-7.0E-01	rgb( 66,125,243)	1.9942	None
NR4A2	G0S2	-0.91859	50.7	-7.0E-01	rgb( 66,125,244)	1.9942	None
PAX4	HMGN3	0.91859	50.7	0.703	rgb(225, 83, 84)	1.9942	None
PAX6	RNF157	-0.91859	50.7	-7.0E-01	rgb( 65,125,244)	1.9942	None
PBX3	SESN2	-0.91859	50.7	-7.0E-01	rgb( 65,125,244)	1.9942	None
PDX1	CCDC113	0.91859	50.7	0.701	rgb(225, 83, 85)	1.9942	None
PRDM16	MAGED1	0.91859	50.7	0.7	rgb(225, 83, 85)	1.9942	None
RFX6	STMN4	0.91859	50.7	0.701	rgb(225, 83, 85)	1.9942	None
RFX6	TSPAN11	0.91859	50.7	0.701	rgb(225, 83, 84)	1.9942	None
RORC	MAPK7	0.91859	50.7	0.7	rgb(225, 83, 85)	1.9942	None
SIX2	SLC35F3	0.91859	50.7	0.699	rgb(225, 83, 85)	1.9942	None
SMAD9	BLMH	0.91859	50.7	0.702	rgb(225, 83, 84)	1.9942	None
SOX4	TAC3	-0.91859	50.7	-7.0E-01	rgb( 66,125,243)	1.9942	None
SPIB	GRB14	-0.91859	50.7	-7.0E-01	rgb( 65,124,244)	1.9942	None
TEAD1	NR4A3	-0.91859	50.7	-7.0E-01	rgb( 66,125,244)	1.9942	None
TEAD2	TAF9B	-0.91859	50.7	-7.0E-01	rgb( 65,125,244)	1.9942	None
TFCP2L1	NUP210	-0.91859	50.7	-7.0E-01	rgb( 64,124,244)	1.9942	None
ZFP82	ANKRD45	-0.91859	50.7	-7.0E-01	rgb( 65,125,244)	1.9942	None
ZNF492	FAIM2	0.91859	50.7	0.701	rgb(225, 83, 84)	1.9942	None
ZNF846	RTN1	-0.91859	50.7	-7.0E-01	rgb( 66,125,243)	1.9942	None
ZNF883	BC007880	-0.91859	50.7	-7.0E-01	rgb( 65,124,244)	1.9942	2,2
MYT1	AK024119	0.91859	50.7	0.701	rgb(225, 83, 84)	1.9942	2,2
SETBP1	CECR6	0.91859	50.7	0.7	rgb(225, 83, 85)	1.9942	2,2
ARX	ZFP62	0.91578	50.69	0.695	rgb(225, 84, 86)	1.994	None
ASCL1	TRIM35	-0.91578	50.69	-6.9E-01	rgb( 68,126,243)	1.994	None
EBF3	ADAMTSL2	0.91578	50.69	0.691	rgb(225, 85, 86)	1.994	None
ELF4	MAPK12	-0.91578	50.69	-6.9E-01	rgb( 66,125,243)	1.994	None
ETS1	CACNB4	-0.91578	50.69	-6.9E-01	rgb( 67,125,243)	1.994	None
ETS1	FAT3	-0.91578	50.69	-6.9E-01	rgb( 66,125,243)	1.994	None
ETS1	MAD2L2	0.91578	50.69	0.688	rgb(225, 86, 87)	1.994	None
ETV1	NHSL2	0.91578	50.69	0.691	rgb(225, 85, 86)	1.994	None
FOXA1	EYA4	0.91578	50.69	0.693	rgb(225, 85, 86)	1.994	None
FOXA1	RBFOX2	0.91578	50.69	0.689	rgb(225, 85, 87)	1.994	None
GATA2	AF258560	0.91578	50.69	0.694	rgb(225, 84, 86)	1.994	2,2
GATA4	STRC	-0.91578	50.69	-6.9E-01	rgb( 68,126,243)	1.994	None
HES4	FAM64A	0.91578	50.69	0.687	rgb(225, 86, 87)	1.994	2,2
HES6	AF116693	-0.91578	50.69	-6.9E-01	rgb( 68,126,243)	1.994	2,2
HHEX	TPH1	0.91578	50.69	0.689	rgb(225, 85, 87)	1.994	None
ISL1	NFAT5	0.91578	50.69	0.694	rgb(225, 84, 86)	1.994	None
LMX1B	GLIS2	0.91578	50.69	0.694	rgb(225, 84, 86)	1.994	None
LMX1B	RGS4	0.91578	50.69	0.69	rgb(225, 85, 87)	1.994	None
LTF	AX747140	0.91578	50.69	0.695	rgb(225, 84, 86)	1.994	2,2
LTF	TBC1D3H	0.91578	50.69	0.687	rgb(225, 86, 87)	1.994	2,2
MAFA	ELAVL3	0.91578	50.69	0.693	rgb(225, 85, 86)	1.994	None
MLXIPL	WDR52	-0.91578	50.69	-6.9E-01	rgb( 67,126,243)	1.994	2,2
NEUROD1	CRISP3	-0.91578	50.69	-6.9E-01	rgb( 67,126,243)	1.994	2,2
NEUROD1	LTF	-0.91578	50.69	-6.9E-01	rgb( 68,126,243)	1.994	None
NEUROG3	ATOH8	0.91578	50.69	0.688	rgb(225, 86, 87)	1.994	None
NFAT5	NOTUM	0.91578	50.69	0.695	rgb(225, 84, 86)	1.994	None
NKX2-2	RNF213	-0.91578	50.69	-6.9E-01	rgb( 66,125,243)	1.994	None
NKX6-1	ST6GALNAC5	0.91578	50.69	0.685	rgb(225, 86, 87)	1.994	None
PAX6	ACSS3	-0.91578	50.69	-6.9E-01	rgb( 68,126,243)	1.994	None
PAX6	CXCL12	0.91578	50.69	0.686	rgb(225, 86, 87)	1.994	None
PAX6	DPYSL4	-0.91578	50.69	-6.9E-01	rgb( 66,125,243)	1.994	None
PAX6	SPDYE5	-0.91578	50.69	-6.9E-01	rgb( 68,127,243)	1.994	None
PAX6	SPDYE7P	-0.91578	50.69	-6.9E-01	rgb( 66,125,243)	1.994	None
PAX6	STXBP1	-0.91578	50.69	-6.9E-01	rgb( 68,127,243)	1.994	None
PBX3	PAX6	-0.91578	50.69	-6.9E-01	rgb( 66,125,243)	1.994	None
PBX3	PRELP	0.91578	50.69	0.689	rgb(225, 85, 87)	1.994	None
PRDM16	ATP6V1B1	0.91578	50.69	0.69	rgb(225, 85, 87)	1.994	None
PRDM16	LCP1	0.91578	50.69	0.688	rgb(225, 86, 87)	1.994	None
RFX2	KNDC1	0.91578	50.69	0.687	rgb(225, 86, 87)	1.994	None
RFX6	TRPC7	0.91578	50.69	0.691	rgb(225, 85, 86)	1.994	None
SIX2	DENND2A	-0.91578	50.69	-6.9E-01	rgb( 67,126,243)	1.994	None
SMAD9	GDF10	-0.91578	50.69	-6.9E-01	rgb( 67,126,243)	1.994	None
TEAD1	CECR6	-0.91578	50.69	-6.9E-01	rgb( 67,126,243)	1.994	2,2
TGIF2	MUC17	0.91578	50.69	0.686	rgb(225, 86, 87)	1.994	None
ZNF519	DQ588114	-0.91578	50.69	-6.9E-01	rgb( 67,126,243)	1.994	2,2
ZNF883	AK026392	-0.91578	50.69	-6.9E-01	rgb( 67,126,243)	1.994	2,2
CCDC17	AK056490	0.91578	50.69	0.687	rgb(225, 86, 87)	1.994	2,2
KCNIP3	AK092251	0.91578	50.69	0.686	rgb(225, 86, 87)	1.994	2,2
MYT1	SEPT5-GP1BB	0.91578	50.69	0.693	rgb(225, 85, 86)	1.994	2,2
NPAS3	AK095045	0.91578	50.69	0.693	rgb(225, 85, 86)	1.994	2,2
NPAS3	PGM5P2	0.91578	50.69	0.693	rgb(225, 85, 86)	1.994	2,2
SIM1	GPR123	0.91578	50.69	0.689	rgb(225, 85, 87)	1.994	2,2
ZBTB25	AX746869	0.91578	50.69	0.692	rgb(225, 85, 86)	1.994	2,2
ZNF514	AK311113	0.91578	50.69	0.685	rgb(225, 86, 88)	1.994	2,2
ZNF514	FOXD4L2	0.91578	50.69	0.685	rgb(225, 86, 88)	1.994	2,2
ZNF514	MGC4836	0.91578	50.69	0.686	rgb(225, 86, 87)	1.994	2,2
ZNF788	AK126180	0.91578	50.69	0.688	rgb(225, 86, 87)	1.994	2,2
ARX	KIAA1328	0.91298	50.68	0.679	rgb(224, 87, 89)	1.9938	None
ASCL1	MANEAL	0.91298	50.68	0.679	rgb(224, 87, 89)	1.9938	None
ASCL2	CHRNB2	0.91298	50.68	0.685	rgb(225, 86, 88)	1.9938	None
ELF4	ZCCHC18	-0.91298	50.68	-6.8E-01	rgb( 69,127,243)	1.9938	None
ETS1	ONECUT2	-0.91298	50.68	-6.8E-01	rgb( 70,128,243)	1.9938	None
ETV1	CLIP3	0.91298	50.68	0.679	rgb(224, 87, 89)	1.9938	None
ETV1	HES4	0.91298	50.68	0.682	rgb(224, 87, 88)	1.9938	None
ETV1	LSP1	0.91298	50.68	0.68	rgb(224, 87, 88)	1.9938	None
ETV1	REM2	0.91298	50.68	0.676	rgb(224, 88, 89)	1.9938	None
ETV1	SULT1C2P1	-0.91298	50.68	-6.8E-01	rgb( 70,127,243)	1.9938	None
ETV1	ZFP69B	-0.91298	50.68	-6.8E-01	rgb( 69,127,243)	1.9938	None
FOXD4L5	EPHB3	-0.91298	50.68	-6.8E-01	rgb( 70,128,243)	1.9938	None
FOXD4L5	GIP	0.91298	50.68	0.676	rgb(224, 88, 89)	1.9938	None
FOXD4L5	HERC2P4	0.91298	50.68	0.676	rgb(224, 88, 89)	1.9938	None
FOXJ1	CPB1	-0.91298	50.68	-6.8E-01	rgb( 68,127,243)	1.9938	None
GATA4	CLCN4	0.91298	50.68	0.678	rgb(224, 88, 89)	1.9938	None
GATA4	FAM13A-AS1	-0.91298	50.68	-6.8E-01	rgb( 70,128,243)	1.9938	None
GATA4	NPSR1-AS1	-0.91298	50.68	-6.8E-01	rgb( 69,127,243)	1.9938	None
HIF1A	SPP1	-0.91298	50.68	-6.8E-01	rgb( 70,127,243)	1.9938	None
HSF2	TRIM35	-0.91298	50.68	-6.8E-01	rgb( 70,128,243)	1.9938	None
LHX1	ANXA6	-0.91298	50.68	-6.8E-01	rgb( 70,127,243)	1.9938	None
LHX1	CGREF1	-0.91298	50.68	-6.8E-01	rgb( 69,127,243)	1.9938	2,2
LMX1A	BC068238	-0.91298	50.68	-6.8E-01	rgb( 70,128,243)	1.9938	2,2
MAFA	GREB1	0.91298	50.68	0.683	rgb(225, 87, 88)	1.9938	None
MAFA	LHFPL4	0.91298	50.68	0.68	rgb(224, 87, 89)	1.9938	None
MAFA	NKX6-1	0.91298	50.68	0.685	rgb(225, 86, 88)	1.9938	None
NEUROG3	CORO2B	0.91298	50.68	0.684	rgb(225, 86, 88)	1.9938	None
NFAT5	PGF	0.91298	50.68	0.683	rgb(225, 86, 88)	1.9938	None
PAX4	INS-IGF2	0.91298	50.68	0.684	rgb(225, 86, 88)	1.9938	None
PAX6	CALCOCO1	-0.91298	50.68	-6.8E-01	rgb( 69,127,243)	1.9938	None
PBX3	CDK5R2	-0.91298	50.68	-6.8E-01	rgb( 69,127,243)	1.9938	None
PBX3	HOPX	0.91298	50.68	0.677	rgb(224, 88, 89)	1.9938	None
PDX1	SCUBE3	0.91298	50.68	0.684	rgb(225, 86, 88)	1.9938	None
POU2F2	EGR3	-0.91298	50.68	-6.8E-01	rgb( 70,127,243)	1.9938	None
RORC	NEFL	-0.91298	50.68	-6.8E-01	rgb( 70,127,243)	1.9938	None
SIX2	GAST	0.91298	50.68	0.678	rgb(224, 87, 89)	1.9938	2,2
SIX2	GATA2	0.91298	50.68	0.676	rgb(224, 88, 89)	1.9938	2,2
SMAD9	MLLT11	0.91298	50.68	0.683	rgb(225, 87, 88)	1.9938	None
SOX4	ENPP2	-0.91298	50.68	-6.8E-01	rgb( 69,127,243)	1.9938	None
SOX4	TRIM24	0.91298	50.68	0.684	rgb(225, 86, 88)	1.9938	None
TEAD1	FAM171B	-0.91298	50.68	-6.8E-01	rgb( 70,127,243)	1.9938	None
TFCP2L1	EID1	0.91298	50.68	0.683	rgb(225, 87, 88)	1.9938	None
TFCP2L1	NPM2	0.91298	50.68	0.683	rgb(225, 87, 88)	1.9938	None
TP73	ZNF853	0.91298	50.68	0.68	rgb(224, 87, 89)	1.9938	None
ZNF382	HV535469	-0.91298	50.68	-6.8E-01	rgb( 70,127,243)	1.9938	2,2
ZNF382	MIR7-3HG	-0.91298	50.68	-6.8E-01	rgb( 68,127,243)	1.9938	None
ZNF846	CCDC85B	0.91298	50.68	0.681	rgb(224, 87, 88)	1.9938	None
ZNF846	HCP5	0.91298	50.68	0.678	rgb(224, 87, 89)	1.9938	None
ZNF846	PRKCG	-0.91298	50.68	-6.8E-01	rgb( 69,127,243)	1.9938	None
ZNF846	SAP30	0.91298	50.68	0.677	rgb(224, 88, 89)	1.9938	None
ZNF883	AK128361	-0.91298	50.68	-6.8E-01	rgb( 70,128,243)	1.9938	2,2
CCDC17	NTS	0.91298	50.68	0.679	rgb(224, 87, 89)	1.9938	2,2
MYSM1	AK097119	0.91298	50.68	0.68	rgb(224, 87, 89)	1.9938	2,2
NPAS3	DQ588732	0.91298	50.68	0.675	rgb(224, 88, 89)	1.9938	2,2
ZNF514	BC040358	0.91298	50.68	0.685	rgb(225, 86, 88)	1.9938	2,2
ARNT2	CELSR3	-0.91017	50.67	-6.7E-01	rgb( 71,128,243)	1.9936	None
ARX	CAMK2B	-0.91017	50.67	-6.7E-01	rgb( 71,128,243)	1.9936	None
ARX	RAB26	-0.91017	50.67	-6.7E-01	rgb( 72,129,242)	1.9936	None
ASCL1	GPR123	0.91017	50.67	0.668	rgb(224, 89, 91)	1.9936	2,2
ASCL1	PLAC4	-0.91017	50.67	-6.7E-01	rgb( 72,129,242)	1.9936	None
DPF3	LOC653513	0.91017	50.67	0.667	rgb(224, 90, 91)	1.9936	2,2
EGR3	LHFPL4	-0.91017	50.67	-6.7E-01	rgb( 72,129,242)	1.9936	None
EGR3	SLC22A17	0.91017	50.67	0.674	rgb(224, 88, 90)	1.9936	None
ETS1	KNDC1	-0.91017	50.67	-6.7E-01	rgb( 71,128,242)	1.9936	None
ETS1	NTRK1	0.91017	50.67	0.672	rgb(224, 89, 90)	1.9936	None
ETS1	SFTPA2	0.91017	50.67	0.668	rgb(224, 89, 91)	1.9936	None
ETV1	AGAP11	-0.91017	50.67	-6.7E-01	rgb( 72,129,242)	1.9936	None
FEV	SMTNL2	0.91017	50.67	0.669	rgb(224, 89, 91)	1.9936	None
GATA4	TPH1	0.91017	50.67	0.67	rgb(224, 89, 90)	1.9936	None
HIC1	MCF2L	0.91017	50.67	0.675	rgb(224, 88, 90)	1.9936	None
HIF1A	FOXD4L2	-0.91017	50.67	-6.7E-01	rgb( 71,128,242)	1.9936	2,2
ISL1	PRDM16	0.91017	50.67	0.671	rgb(224, 89, 90)	1.9936	None
LHX1	ANKRD36C	0.91017	50.67	0.67	rgb(224, 89, 90)	1.9936	None
LMX1A	SERPINA10	-0.91017	50.67	-6.7E-01	rgb( 72,129,242)	1.9936	None
LMX1B	KSR2	0.91017	50.67	0.674	rgb(224, 88, 90)	1.9936	None
LMX1B	ZFP92	-0.91017	50.67	-6.7E-01	rgb( 71,128,243)	1.9936	2,2
MAFA	ARHGAP33	0.91017	50.67	0.675	rgb(224, 88, 89)	1.9936	None
MAFA	ELFN1	0.91017	50.67	0.668	rgb(224, 89, 91)	1.9936	None
MAFA	PPP4R4	0.91017	50.67	0.67	rgb(224, 89, 90)	1.9936	None
MAFB	SCT	-0.91017	50.67	-6.7E-01	rgb( 72,129,242)	1.9936	None
NKX6-1	CYP27C1	0.91017	50.67	0.67	rgb(224, 89, 90)	1.9936	None
NKX6-1	RGS17	0.91017	50.67	0.666	rgb(224, 90, 91)	1.9936	None
ONECUT2	SRCIN1	-0.91017	50.67	-6.7E-01	rgb( 71,128,242)	1.9936	None
ONECUT3	SFMBT2	0.91017	50.67	0.665	rgb(224, 90, 91)	1.9936	None
PAX6	GPC2	-0.91017	50.67	-6.7E-01	rgb( 71,128,243)	1.9936	None
PAX6	SLC14A1	-0.91017	50.67	-6.7E-01	rgb( 71,128,243)	1.9936	None
PBX3	SSBP2	-0.91017	50.67	-6.7E-01	rgb( 71,128,243)	1.9936	None
POU5F1	CFC1	0.91017	50.67	0.674	rgb(224, 88, 90)	1.9936	None
POU5F1	PRKCH	0.91017	50.67	0.668	rgb(224, 89, 91)	1.9936	None
PROX1	MUC5AC	0.91017	50.67	0.67	rgb(224, 89, 90)	1.9936	2,2
RFX2	KCNH3	0.91017	50.67	0.668	rgb(224, 89, 91)	1.9936	None
RFX3	RBP1	0.91017	50.67	0.667	rgb(224, 90, 91)	1.9936	None
RFX6	NEUROD2	0.91017	50.67	0.671	rgb(224, 89, 90)	1.9936	None
RFX6	RRAGD	0.91017	50.67	0.672	rgb(224, 89, 90)	1.9936	None
RFX6	RSPH4A	0.91017	50.67	0.669	rgb(224, 89, 91)	1.9936	None
SIX2	SETBP1	-0.91017	50.67	-6.7E-01	rgb( 71,128,243)	1.9936	None
SIX2	TAC1	0.91017	50.67	0.674	rgb(224, 88, 90)	1.9936	2,2
TEAD1	KCNH3	-0.91017	50.67	-6.7E-01	rgb( 71,128,242)	1.9936	None
TEAD2	ATP6V1G2	-0.91017	50.67	-6.7E-01	rgb( 71,128,243)	1.9936	None
TEAD2	LAMP3	-0.91017	50.67	-6.7E-01	rgb( 71,128,243)	1.9936	None
TEAD2	SMARCA1	0.91017	50.67	0.674	rgb(224, 88, 90)	1.9936	None
TGIF2	ADH6	-0.91017	50.67	-6.7E-01	rgb( 73,129,242)	1.9936	None
TGIF2	SPIB	0.91017	50.67	0.666	rgb(224, 90, 91)	1.9936	None
ZFP90	WSCD1	0.91017	50.67	0.673	rgb(224, 88, 90)	1.9936	None
ZNF846	STRC	-0.91017	50.67	-6.7E-01	rgb( 71,128,243)	1.9936	None
CCDC17	CES1	0.91017	50.67	0.667	rgb(224, 90, 91)	1.9936	2,2
CCDC17	MIR29C	0.91017	50.67	0.666	rgb(224, 90, 91)	1.9936	2,2
KCNIP3	CRISPLD1	0.91017	50.67	0.666	rgb(224, 90, 91)	1.9936	2,2
MYSM1	GPM6B	0.91017	50.67	0.666	rgb(224, 90, 91)	1.9936	2,2
SIM1	LOC642366	0.91017	50.67	0.668	rgb(224, 89, 91)	1.9936	2,2
ZFP62	MIR29C	0.91017	50.67	0.672	rgb(224, 89, 90)	1.9936	2,2
ZNF117	AK055017	0.91017	50.67	0.67	rgb(224, 89, 90)	1.9936	2,2
ZNF514	BMS1P6	0.91017	50.67	0.668	rgb(224, 89, 91)	1.9936	2,2
ZNF788	AX746775	0.91017	50.67	0.672	rgb(224, 89, 90)	1.9936	2,2
ZNF788	CNTN3	0.91017	50.67	0.666	rgb(224, 90, 91)	1.9936	2,2
ARNT2	CELF5	-0.90736	50.66	-6.6E-01	rgb( 74,130,242)	1.9934	None
E2F7	CBX2	-0.90736	50.66	-6.6E-01	rgb( 74,130,242)	1.9934	None
E2F7	SRRM4	-0.90736	50.66	-6.6E-01	rgb( 73,130,242)	1.9934	None
EBF3	GPR148	0.90736	50.66	0.661	rgb(224, 91, 92)	1.9934	None
ELF4	ADD2	-0.90736	50.66	-6.6E-01	rgb( 73,129,242)	1.9934	None
ETV1	ENPP2	0.90736	50.66	0.658	rgb(224, 91, 93)	1.9934	None
ETV1	KCNK17	0.90736	50.66	0.664	rgb(224, 90, 92)	1.9934	None
FOXA1	KCNH3	0.90736	50.66	0.661	rgb(224, 91, 92)	1.9934	None
FOXD4L5	SIM1	0.90736	50.66	0.656	rgb(224, 92, 93)	1.9934	None
FOXJ1	SLC38A3	-0.90736	50.66	-6.6E-01	rgb( 73,129,242)	1.9934	None
GATA2	GDF1	0.90736	50.66	0.665	rgb(224, 90, 91)	1.9934	None
GATA2	MMRN1	0.90736	50.66	0.658	rgb(224, 91, 93)	1.9934	None
GATA4	NFAT5	-0.90736	50.66	-6.6E-01	rgb( 74,130,242)	1.9934	None
GLIS2	TSPAN7	-0.90736	50.66	-6.6E-01	rgb( 73,130,242)	1.9934	None
HOXB9	PAPPA2	0.90736	50.66	0.66	rgb(224, 91, 92)	1.9934	None
HSF2	SV2B	-0.90736	50.66	-6.6E-01	rgb( 74,130,242)	1.9934	None
LHX1	KCTD16	-0.90736	50.66	-6.6E-01	rgb( 73,129,242)	1.9934	None
LHX1	RAB3C	-0.90736	50.66	-6.6E-01	rgb( 73,130,242)	1.9934	None
LMX1A	CAND2	-0.90736	50.66	-6.6E-01	rgb( 73,129,242)	1.9934	None
LMX1A	LOC728175	-0.90736	50.66	-6.6E-01	rgb( 74,130,242)	1.9934	2,2
LMX1B	BLMH	0.90736	50.66	0.657	rgb(224, 92, 93)	1.9934	None
LMX1B	LRIG1	0.90736	50.66	0.657	rgb(224, 91, 93)	1.9934	None
NEUROD1	ADORA2A	-0.90736	50.66	-6.6E-01	rgb( 73,130,242)	1.9934	None
NEUROD2	SCN2A	0.90736	50.66	0.664	rgb(224, 90, 92)	1.9934	None
NEUROD2	WIF1	0.90736	50.66	0.66	rgb(224, 91, 92)	1.9934	None
NEUROG3	CTPS1	0.90736	50.66	0.663	rgb(224, 90, 92)	1.9934	None
NEUROG3	KCNG1	-0.90736	50.66	-6.6E-01	rgb( 75,130,242)	1.9934	None
NEUROG3	LINC00930	0.90736	50.66	0.663	rgb(224, 90, 92)	1.9934	None
NEUROG3	MAP6	0.90736	50.66	0.664	rgb(224, 90, 91)	1.9934	None
NEUROG3	SOCS1	0.90736	50.66	0.658	rgb(224, 91, 93)	1.9934	None
NHLH1	CYP27A1	0.90736	50.66	0.661	rgb(224, 91, 92)	1.9934	None
NHLH1	UNC13A	0.90736	50.66	0.661	rgb(224, 91, 92)	1.9934	None
NKX2-2	BX641154	-0.90736	50.66	-6.6E-01	rgb( 74,130,242)	1.9934	2,2
NKX2-2	PELI3	-0.90736	50.66	-6.6E-01	rgb( 74,130,242)	1.9934	None
PAX6	STARD9	-0.90736	50.66	-6.6E-01	rgb( 73,130,242)	1.9934	None
PAX6	ZMYM2	-0.90736	50.66	-6.6E-01	rgb( 73,129,242)	1.9934	None
PBX3	CD96	0.90736	50.66	0.656	rgb(224, 92, 93)	1.9934	None
PBX3	FSD1	0.90736	50.66	0.662	rgb(224, 91, 92)	1.9934	None
PDX1	SPEG	0.90736	50.66	0.664	rgb(224, 90, 92)	1.9934	None
RFX2	VGF	0.90736	50.66	0.658	rgb(224, 91, 93)	1.9934	None
RFX3	CNPY1	0.90736	50.66	0.661	rgb(224, 91, 92)	1.9934	None
RFX3	SMKR1	0.90736	50.66	0.662	rgb(224, 91, 92)	1.9934	None
RFX6	BASP1	0.90736	50.66	0.663	rgb(224, 90, 92)	1.9934	None
RFX6	CDHR3	0.90736	50.66	0.656	rgb(224, 92, 93)	1.9934	None
RFX6	DPEP1	0.90736	50.66	0.66	rgb(224, 91, 92)	1.9934	None
RFX6	MAPK12	0.90736	50.66	0.662	rgb(224, 91, 92)	1.9934	None
SIX2	ISLR2	0.90736	50.66	0.662	rgb(224, 90, 92)	1.9934	None
SMAD9	CACNG7	0.90736	50.66	0.662	rgb(224, 91, 92)	1.9934	None
SMAD9	COL22A1	0.90736	50.66	0.656	rgb(224, 92, 93)	1.9934	None
SMAD9	MMP11	0.90736	50.66	0.661	rgb(224, 91, 92)	1.9934	None
TEAD1	GCH1	-0.90736	50.66	-6.6E-01	rgb( 73,130,242)	1.9934	None
TEAD1	PGA4	-0.90736	50.66	-6.6E-01	rgb( 74,130,242)	1.9934	None
TFCP2L1	MYRF	-0.90736	50.66	-6.6E-01	rgb( 74,130,242)	1.9934	None
TFCP2L1	PPP1R3C	0.90736	50.66	0.655	rgb(224, 92, 93)	1.9934	None
ZFHX2	ID2	0.90736	50.66	0.656	rgb(224, 92, 93)	1.9934	None
ZFHX2	LRP4-AS1	0.90736	50.66	0.659	rgb(224, 91, 92)	1.9934	None
ZFP82	PCED1B-AS1	-0.90736	50.66	-6.6E-01	rgb( 73,129,242)	1.9934	None
ZNF492	AK126318	0.90736	50.66	0.66	rgb(224, 91, 92)	1.9934	2,2
ZNF492	PDX1	-0.90736	50.66	-6.6E-01	rgb( 73,130,242)	1.9934	None
ZNF846	SPDYE5	-0.90736	50.66	-6.6E-01	rgb( 73,130,242)	1.9934	None
CCDC17	ADAM20P1	0.90736	50.66	0.662	rgb(224, 91, 92)	1.9934	2,2
GRHL3	ZCCHC12	0.90736	50.66	0.659	rgb(224, 91, 92)	1.9934	2,2
SIM1	GPR119	0.90736	50.66	0.658	rgb(224, 91, 93)	1.9934	2,2
SIM1	IFI27	0.90736	50.66	0.664	rgb(224, 90, 91)	1.9934	2,2
ZNF788	AK096592	0.90736	50.66	0.656	rgb(224, 92, 93)	1.9934	2,2
ARX	CCDC39	0.90456	50.65	0.655	rgb(224, 92, 93)	1.9932	None
ARX	ZNF117	0.90456	50.65	0.646	rgb(224, 94, 95)	1.9932	None
EGR3	RFX3	0.90456	50.65	0.655	rgb(224, 92, 93)	1.9932	None
FOXA2	TRIM24	0.90456	50.65	0.65	rgb(224, 93, 94)	1.9932	None
GATA4	CYGB	-0.90456	50.65	-6.5E-01	rgb( 76,131,242)	1.9932	None
GATA4	DNAH11	0.90456	50.65	0.651	rgb(224, 93, 94)	1.9932	None
GATA4	SDCBP2-AS1	-0.90456	50.65	-6.5E-01	rgb( 76,131,242)	1.9932	None
GATA4	TMEM178B	0.90456	50.65	0.649	rgb(224, 93, 94)	1.9932	None
HLF	PRRT2	-0.90456	50.65	-6.5E-01	rgb( 75,131,242)	1.9932	None
HSF2	ATF6	0.90456	50.65	0.654	rgb(224, 92, 93)	1.9932	None
LHX1	BAI2	-0.90456	50.65	-6.5E-01	rgb( 76,131,242)	1.9932	2,2
LMX1B	HCP5	0.90456	50.65	0.65	rgb(224, 93, 94)	1.9932	None
LMX1B	NPSR1-AS1	0.90456	50.65	0.655	rgb(224, 92, 93)	1.9932	None
MAFA	NFRKB	0.90456	50.65	0.645	rgb(224, 94, 95)	1.9932	None
MAFF	DDN	0.90456	50.65	0.652	rgb(224, 92, 94)	1.9932	None
MAFF	LRRN2	-0.90456	50.65	-6.5E-01	rgb( 75,131,242)	1.9932	None
MYRF	WHAMMP1	-0.90456	50.65	-6.5E-01	rgb( 76,131,242)	1.9932	2,2
NEUROD1	LOC100128288	-0.90456	50.65	-6.5E-01	rgb( 76,131,242)	1.9932	None
NEUROD2	ZCCHC12	0.90456	50.65	0.65	rgb(224, 93, 94)	1.9932	2,2
NEUROG3	GABBR2	0.90456	50.65	0.646	rgb(224, 94, 95)	1.9932	None
NFAT5	SRSF12	-0.90456	50.65	-6.5E-01	rgb( 77,132,242)	1.9932	2,2
NHLH1	CBFA2T3	0.90456	50.65	0.649	rgb(224, 93, 94)	1.9932	None
NKX2-2	MDN1	-0.90456	50.65	-6.5E-01	rgb( 76,131,242)	1.9932	None
PAX6	PDE6B	0.90456	50.65	0.645	rgb(224, 94, 95)	1.9932	None
PBX3	ASIC1	0.90456	50.65	0.651	rgb(224, 93, 94)	1.9932	None
RFX6	HEPACAM2	0.90456	50.65	0.646	rgb(224, 94, 95)	1.9932	None
RFX6	JAKMIP2	0.90456	50.65	0.653	rgb(224, 92, 94)	1.9932	None
RFX6	KL	0.90456	50.65	0.649	rgb(224, 93, 94)	1.9932	None
RORC	CACNG7	-0.90456	50.65	-6.5E-01	rgb( 75,131,242)	1.9932	None
SIX2	CPLX2	0.90456	50.65	0.65	rgb(224, 93, 94)	1.9932	None
SIX2	GAD2	0.90456	50.65	0.654	rgb(224, 92, 93)	1.9932	None
SPIB	REM2	0.90456	50.65	0.651	rgb(224, 93, 94)	1.9932	None
TEAD1	CADPS	-0.90456	50.65	-6.5E-01	rgb( 77,132,242)	1.9932	None
TEAD1	MAGED1	0.90456	50.65	0.649	rgb(224, 93, 94)	1.9932	None
TEAD1	PGF	-0.90456	50.65	-6.5E-01	rgb( 76,131,242)	1.9932	None
TFCP2L1	CRIP2	0.90456	50.65	0.651	rgb(224, 93, 94)	1.9932	None
ZFHX2	SUMO1P3	0.90456	50.65	0.648	rgb(224, 93, 95)	1.9932	2,2
ZNF492	SSBP2	-0.90456	50.65	-6.5E-01	rgb( 75,131,242)	1.9932	None
ZNF846	BC029255	-0.90456	50.65	-6.5E-01	rgb( 77,132,242)	1.9932	2,2
ZNF846	RUSC1-AS1	-0.90456	50.65	-6.5E-01	rgb( 76,131,242)	1.9932	None
ZNF846	TMSB15B	0.90456	50.65	0.651	rgb(224, 93, 94)	1.9932	None
ATOH8	LOC400891	0.90456	50.65	0.653	rgb(224, 92, 94)	1.9932	2,2
CCDC17	FW340027	0.90456	50.65	0.652	rgb(224, 92, 94)	1.9932	2,2
ZBTB25	AX746640	0.90456	50.65	0.654	rgb(224, 92, 93)	1.9932	2,2
ZBTB25	AX747179	0.90456	50.65	0.649	rgb(224, 93, 94)	1.9932	2,2
ZNF117	IFNE	0.90456	50.65	0.651	rgb(224, 93, 94)	1.9932	2,2
ATF6	GLUD1P3	-0.90175	50.64	-6.4E-01	rgb( 79,133,241)	1.993	None
EGR3	BRSK1	0.90175	50.64	0.636	rgb(224, 95, 97)	1.993	None
ELF4	FAM155B	-0.90175	50.64	-6.4E-01	rgb( 78,132,241)	1.993	None
ETS1	CLPS	0.90175	50.64	0.64	rgb(224, 95, 96)	1.993	None
ETS1	SLC30A8	-0.90175	50.64	-6.4E-01	rgb( 78,133,241)	1.993	None
ETS1	SMAD9	-0.90175	50.64	-6.4E-01	rgb( 78,132,241)	1.993	None
ETS1	SST	-0.90175	50.64	-6.4E-01	rgb( 77,132,241)	1.993	None
ETS1	VASH2	0.90175	50.64	0.645	rgb(224, 94, 95)	1.993	None
ETV1	MRPL34	0.90175	50.64	0.638	rgb(224, 95, 96)	1.993	None
ETV1	RUSC1-AS1	-0.90175	50.64	-6.4E-01	rgb( 78,132,241)	1.993	None
FEV	FAM131B	0.90175	50.64	0.638	rgb(224, 95, 96)	1.993	None
FEV	SPP1	0.90175	50.64	0.636	rgb(224, 95, 97)	1.993	None
FOXJ1	LOC100505716	0.90175	50.64	0.644	rgb(224, 94, 95)	1.993	2,2
GATA4	GADD45A	-0.90175	50.64	-6.4E-01	rgb( 79,133,241)	1.993	None
HHEX	SGSM1	0.90175	50.64	0.644	rgb(224, 94, 95)	1.993	None
HMBOX1	PLCG2	-0.90175	50.64	-6.4E-01	rgb( 79,133,241)	1.993	None
HMBOX1	PLXNC1	0.90175	50.64	0.635	rgb(224, 96, 97)	1.993	None
HSF2	ENTPD1	0.90175	50.64	0.64	rgb(224, 95, 96)	1.993	None
LHX1	UNC93A	-0.90175	50.64	-6.4E-01	rgb( 78,132,241)	1.993	None
LMX1B	COLQ	-0.90175	50.64	-6.4E-01	rgb( 79,133,241)	1.993	None
MAFA	GPR162	0.90175	50.64	0.644	rgb(224, 94, 95)	1.993	None
MAFA	PODN	0.90175	50.64	0.641	rgb(224, 95, 96)	1.993	None
MAFA	USH2A	0.90175	50.64	0.639	rgb(224, 95, 96)	1.993	None
MAFB	CRYBA2	-0.90175	50.64	-6.4E-01	rgb( 79,133,241)	1.993	None
NEUROD2	ELF4	-0.90175	50.64	-6.4E-01	rgb( 78,132,241)	1.993	None
NEUROG3	DTX3	0.90175	50.64	0.637	rgb(224, 95, 97)	1.993	None
NEUROG3	GAP43	0.90175	50.64	0.64	rgb(224, 95, 96)	1.993	None
NEUROG3	LOC100128288	0.90175	50.64	0.64	rgb(224, 95, 96)	1.993	None
NEUROG3	RIMBP2	0.90175	50.64	0.64	rgb(224, 95, 96)	1.993	None
NKX2-2	DZIP1	-0.90175	50.64	-6.4E-01	rgb( 78,132,241)	1.993	None
NKX6-1	SIDT1	-0.90175	50.64	-6.4E-01	rgb( 79,133,241)	1.993	None
ONECUT2	DNAJC12	-0.90175	50.64	-6.4E-01	rgb( 79,133,241)	1.993	None
PAX6	ITGA7	-0.90175	50.64	-6.4E-01	rgb( 77,132,241)	1.993	None
PAX6	RRAGD	-0.90175	50.64	-6.4E-01	rgb( 78,132,241)	1.993	None
PBX1	MYRF	0.90175	50.64	0.64	rgb(224, 95, 96)	1.993	None
PBX3	AMPH	-0.90175	50.64	-6.4E-01	rgb( 77,132,241)	1.993	None
PBX3	RBPMS	-0.90175	50.64	-6.4E-01	rgb( 78,133,241)	1.993	None
PBX3	SFRP1	0.90175	50.64	0.644	rgb(224, 94, 95)	1.993	None
PDX1	ENPP2	0.90175	50.64	0.637	rgb(224, 95, 97)	1.993	None
RFX6	ICA1L	0.90175	50.64	0.638	rgb(224, 95, 96)	1.993	None
RFX6	PDZRN3	0.90175	50.64	0.643	rgb(224, 94, 96)	1.993	None
RFX6	TMPRSS6	0.90175	50.64	0.64	rgb(224, 95, 96)	1.993	None
RORC	DKK3	-0.90175	50.64	-6.4E-01	rgb( 79,133,241)	1.993	None
SIX2	GCG	0.90175	50.64	0.639	rgb(224, 95, 96)	1.993	None
SMAD9	MAFB	0.90175	50.64	0.638	rgb(224, 95, 96)	1.993	None
TEAD1	CELSR3	-0.90175	50.64	-6.4E-01	rgb( 78,133,241)	1.993	None
TEAD1	DDC	-0.90175	50.64	-6.4E-01	rgb( 79,133,241)	1.993	None
TEAD2	HDAC7	0.90175	50.64	0.642	rgb(224, 94, 96)	1.993	None
TGIF2	NUP210	-0.90175	50.64	-6.4E-01	rgb( 79,133,241)	1.993	None
ZFHX2	TET1	-0.90175	50.64	-6.4E-01	rgb( 79,133,241)	1.993	None
ZFHX2	TRPC6	0.90175	50.64	0.641	rgb(224, 95, 96)	1.993	None
ZFP82	TUBB2B	-0.90175	50.64	-6.4E-01	rgb( 78,132,241)	1.993	None
ZNF846	EID1	0.90175	50.64	0.642	rgb(224, 94, 96)	1.993	None
ZNF846	SLC25A27	-0.90175	50.64	-6.4E-01	rgb( 77,132,241)	1.993	None
AKNA	IPO11-LRRC70	-0.90175	50.64	-6.4E-01	rgb( 78,133,241)	1.993	2,2
CCDC17	AK057596	0.90175	50.64	0.638	rgb(224, 95, 96)	1.993	2,2
CCDC17	BC042825	0.90175	50.64	0.638	rgb(224, 95, 96)	1.993	2,2
NPAS3	ASXL3	0.90175	50.64	0.644	rgb(224, 94, 95)	1.993	2,2
ZNF117	ADAM20P1	0.90175	50.64	0.642	rgb(224, 94, 96)	1.993	2,2
ZNF514	AX746991	0.90175	50.64	0.637	rgb(224, 95, 97)	1.993	2,2
ARNT2	PAM	0.89894	50.63	0.628	rgb(224, 97, 98)	1.9928	None
ARX	UTS2B	0.89894	50.63	0.63	rgb(224, 97, 98)	1.9928	None
ATF6	VGF	0.89894	50.63	0.633	rgb(224, 96, 97)	1.9928	None
E2F7	CLSPN	0.89894	50.63	0.632	rgb(224, 96, 98)	1.9928	None
EGR3	HERC2P4	-0.89894	50.63	-6.3E-01	rgb( 79,133,241)	1.9928	None
ELF4	NFASC	-0.89894	50.63	-6.3E-01	rgb( 81,134,241)	1.9928	None
ETS1	FRMPD4	-0.89894	50.63	-6.3E-01	rgb( 79,133,241)	1.9928	None
ETS1	TMEM45A	-0.89894	50.63	-6.3E-01	rgb( 80,134,241)	1.9928	None
ETS1	TP73	0.89894	50.63	0.632	rgb(224, 96, 98)	1.9928	None
ETS1	YPEL1	0.89894	50.63	0.635	rgb(224, 96, 97)	1.9928	None
ETV1	SST	0.89894	50.63	0.633	rgb(224, 96, 97)	1.9928	None
ETV1	TMPRSS6	0.89894	50.63	0.634	rgb(224, 96, 97)	1.9928	None
FOXA1	SLC7A2	0.89894	50.63	0.633	rgb(224, 96, 97)	1.9928	None
FOXA2	KIAA0922	0.89894	50.63	0.627	rgb(224, 97, 99)	1.9928	2,2
FOXD4L5	FW340055	0.89894	50.63	0.63	rgb(224, 97, 98)	1.9928	2,2
GATA4	AGAP11	-0.89894	50.63	-6.3E-01	rgb( 81,134,241)	1.9928	None
GATA4	GABBR2	0.89894	50.63	0.627	rgb(224, 97, 98)	1.9928	None
GATA4	GAP43	0.89894	50.63	0.634	rgb(224, 96, 97)	1.9928	None
GATA4	SAMD5	0.89894	50.63	0.634	rgb(224, 96, 97)	1.9928	None
HLF	RAP1GAP2	-0.89894	50.63	-6.3E-01	rgb( 79,133,241)	1.9928	None
LHX1	TUBB2B	-0.89894	50.63	-6.3E-01	rgb( 81,134,241)	1.9928	None
LMX1A	CPT1C	-0.89894	50.63	-6.3E-01	rgb( 80,133,241)	1.9928	None
LMX1B	CD99L2	0.89894	50.63	0.633	rgb(224, 96, 97)	1.9928	None
MAFA	CLCN4	0.89894	50.63	0.628	rgb(224, 97, 98)	1.9928	None
MAFF	ZFP82	-0.89894	50.63	-6.3E-01	rgb( 80,134,241)	1.9928	None
NEUROD2	MANEAL	0.89894	50.63	0.628	rgb(224, 97, 98)	1.9928	None
NEUROD2	MAP1A	0.89894	50.63	0.633	rgb(224, 96, 97)	1.9928	None
NEUROG3	EBF3	0.89894	50.63	0.631	rgb(224, 96, 98)	1.9928	None
NEUROG3	GPR133	0.89894	50.63	0.629	rgb(224, 97, 98)	1.9928	2,2
NEUROG3	TSPAN11	0.89894	50.63	0.628	rgb(224, 97, 98)	1.9928	None
NHLH1	HES4	0.89894	50.63	0.633	rgb(224, 96, 97)	1.9928	None
NKX2-2	MAP3K12	-0.89894	50.63	-6.3E-01	rgb( 80,133,241)	1.9928	None
NKX6-1	FGF14	0.89894	50.63	0.625	rgb(224, 98, 99)	1.9928	None
ONECUT2	TMOD1	-0.89894	50.63	-6.3E-01	rgb( 80,134,241)	1.9928	None
PAX6	MCOLN3	-0.89894	50.63	-6.3E-01	rgb( 80,133,241)	1.9928	None
PBX3	ITGA7	0.89894	50.63	0.627	rgb(224, 97, 99)	1.9928	None
PBX3	LRRC10B	0.89894	50.63	0.628	rgb(224, 97, 98)	1.9928	None
PBX3	MAFA	0.89894	50.63	0.627	rgb(224, 97, 99)	1.9928	None
POU5F1	H1FX-AS1	0.89894	50.63	0.632	rgb(224, 96, 98)	1.9928	None
PROX1	AK126286	0.89894	50.63	0.627	rgb(224, 97, 99)	1.9928	2,2
RORC	SRRM4	-0.89894	50.63	-6.3E-01	rgb( 81,134,241)	1.9928	None
TEAD1	ADCY1	-0.89894	50.63	-6.3E-01	rgb( 80,134,241)	1.9928	None
TET1	ZFP62	0.89894	50.63	0.627	rgb(224, 97, 98)	1.9928	None
TFCP2L1	NREP	0.89894	50.63	0.628	rgb(224, 97, 98)	1.9928	None
TGIF2	MUC2	0.89894	50.63	0.63	rgb(224, 97, 98)	1.9928	2,2
ZFHX2	NR4A2	0.89894	50.63	0.634	rgb(224, 96, 97)	1.9928	None
ZFHX2	ONECUT3	-0.89894	50.63	-6.3E-01	rgb( 79,133,241)	1.9928	None
ZNF492	PMS2L14	0.89894	50.63	0.628	rgb(224, 97, 98)	1.9928	2,2
ZNF492	TMEM212	0.89894	50.63	0.635	rgb(224, 96, 97)	1.9928	None
ZNF846	MEX3B	0.89894	50.63	0.626	rgb(224, 97, 99)	1.9928	None
CCDC17	FAM153A	-0.89894	50.63	-6.3E-01	rgb( 80,133,241)	1.9928	2,2
CCDC17	GOLGA6L9	0.89894	50.63	0.628	rgb(224, 97, 98)	1.9928	2,2
MYT1	DBC1	0.89894	50.63	0.629	rgb(224, 97, 98)	1.9928	2,2
MYT1	LRRC16B	0.89894	50.63	0.635	rgb(224, 96, 97)	1.9928	2,2
SIM1	AK054990	0.89894	50.63	0.633	rgb(224, 96, 97)	1.9928	2,2
ZBTB25	AK095242	0.89894	50.63	0.632	rgb(224, 96, 98)	1.9928	2,2
ARX	NKTR	0.89613	50.62	0.615	rgb(224,100,101)	1.9926	None
ARX	SCHIP1	-0.89613	50.62	-6.2E-01	rgb( 83,135,241)	1.9926	None
ASCL2	CDKN1C	0.89613	50.62	0.615	rgb(224, 99,101)	1.9926	None
ATF6	GPRASP2	0.89613	50.62	0.618	rgb(224, 99,100)	1.9926	None
ETV1	ADAMTSL2	0.89613	50.62	0.621	rgb(224, 98,100)	1.9926	None
ETV1	MLLT11	0.89613	50.62	0.616	rgb(224, 99,101)	1.9926	None
FOXA1	UTY	0.89613	50.62	0.619	rgb(224, 99,100)	1.9926	None
GATA2	DPEP1	0.89613	50.62	0.616	rgb(224, 99,101)	1.9926	None
GATA4	SH3BP5-AS1	-0.89613	50.62	-6.2E-01	rgb( 82,135,241)	1.9926	None
HEY1	AX746734	-0.89613	50.62	-6.2E-01	rgb( 83,135,241)	1.9926	2,2
HIF1A	SPTBN4	-0.89613	50.62	-6.2E-01	rgb( 83,136,240)	1.9926	None
HMBOX1	ADORA2A	-0.89613	50.62	-6.2E-01	rgb( 83,135,241)	1.9926	2,2
HSF2	GPR148	-0.89613	50.62	-6.2E-01	rgb( 82,135,241)	1.9926	None
HSF2	SSPO	-0.89613	50.62	-6.2E-01	rgb( 83,135,241)	1.9926	None
LHX1	COL6A4P2	0.89613	50.62	0.619	rgb(224, 99,100)	1.9926	None
LHX1	GDAP1L1	-0.89613	50.62	-6.2E-01	rgb( 82,135,241)	1.9926	2,2
LHX1	SCN1B	-0.89613	50.62	-6.2E-01	rgb( 83,135,240)	1.9926	None
LMX1B	ATP6V0E2	0.89613	50.62	0.621	rgb(224, 98,100)	1.9926	None
LMX1B	MAGED1	0.89613	50.62	0.624	rgb(224, 98, 99)	1.9926	None
LTF	MUC5B	0.89613	50.62	0.621	rgb(224, 98,100)	1.9926	None
MAFA	VSTM2L	0.89613	50.62	0.625	rgb(224, 98, 99)	1.9926	None
MAFB	SH3RF3-AS1	0.89613	50.62	0.624	rgb(224, 98, 99)	1.9926	None
MYRF	AX746640	-0.89613	50.62	-6.2E-01	rgb( 82,135,241)	1.9926	2,2
NEUROG3	GPC6	0.89613	50.62	0.619	rgb(224, 99,100)	1.9926	None
NEUROG3	SMKR1	0.89613	50.62	0.618	rgb(224, 99,100)	1.9926	None
NEUROG3	SRM	0.89613	50.62	0.623	rgb(224, 98, 99)	1.9926	None
NFAT5	REEP2	-0.89613	50.62	-6.2E-01	rgb( 82,135,241)	1.9926	None
NFAT5	SUSD4	-0.89613	50.62	-6.2E-01	rgb( 83,136,240)	1.9926	None
NKX2-2	CITED2	0.89613	50.62	0.623	rgb(224, 98, 99)	1.9926	None
NKX2-2	HOXB9	0.89613	50.62	0.623	rgb(224, 98, 99)	1.9926	2,2
NKX2-2	RBPMS	0.89613	50.62	0.617	rgb(224, 99,100)	1.9926	None
NKX6-1	GREB1	0.89613	50.62	0.622	rgb(224, 98, 99)	1.9926	None
PAX6	ECE2	0.89613	50.62	0.619	rgb(224, 99,100)	1.9926	None
PBX3	LRRC36	-0.89613	50.62	-6.2E-01	rgb( 82,135,241)	1.9926	None
PDX1	PAPPA2	0.89613	50.62	0.619	rgb(224, 99,100)	1.9926	None
POU5F1	CDKN1C	0.89613	50.62	0.617	rgb(224, 99,100)	1.9926	None
PRDM16	SULT2A1	-0.89613	50.62	-6.2E-01	rgb( 83,136,240)	1.9926	None
RFX6	KIAA1324	0.89613	50.62	0.624	rgb(224, 98, 99)	1.9926	None
RFX6	NCALD	0.89613	50.62	0.624	rgb(224, 98, 99)	1.9926	None
TEAD1	SH2D3C	-0.89613	50.62	-6.2E-01	rgb( 83,135,240)	1.9926	None
TEAD1	SSTR5	-0.89613	50.62	-6.2E-01	rgb( 83,135,241)	1.9926	None
TEAD2	CNOT6L	-0.89613	50.62	-6.2E-01	rgb( 82,135,241)	1.9926	None
TFCP2L1	UCP2	0.89613	50.62	0.622	rgb(224, 98, 99)	1.9926	None
ZFP82	CBX2	0.89613	50.62	0.624	rgb(224, 98, 99)	1.9926	None
ZFP82	FMN2	-0.89613	50.62	-6.2E-01	rgb( 82,135,241)	1.9926	None
ZNF382	CDH5	0.89613	50.62	0.619	rgb(224, 99,100)	1.9926	None
ZNF846	CYMP	0.89613	50.62	0.625	rgb(224, 98, 99)	1.9926	None
CCDC17	KCNT2	0.89613	50.62	0.623	rgb(224, 98, 99)	1.9926	2,2
MYSM1	AK311113	0.89613	50.62	0.616	rgb(224, 99,101)	1.9926	2,2
SIM1	GAST	0.89613	50.62	0.619	rgb(224, 99,100)	1.9926	2,2
ZFP62	AK131337	0.89613	50.62	0.624	rgb(224, 98, 99)	1.9926	2,2
ATF5	AX747619	0.89333	50.61	0.608	rgb(224,101,102)	1.9924	2,2
ATF5	BC150585	0.89333	50.61	0.613	rgb(224,100,101)	1.9924	2,2
EGR3	RNF157	0.89333	50.61	0.605	rgb(224,101,103)	1.9924	None
ELF4	MAP1B	-0.89333	50.61	-6.1E-01	rgb( 85,136,240)	1.9924	None
ELF4	SLC16A12	-0.89333	50.61	-6.1E-01	rgb( 85,136,240)	1.9924	None
ELF4	WHAMMP1	-0.89333	50.61	-6.1E-01	rgb( 85,137,240)	1.9924	2,2
ETS1	TAF9B	-0.89333	50.61	-6.1E-01	rgb( 86,137,240)	1.9924	None
ETS1	UGDH-AS1	-0.89333	50.61	-6.1E-01	rgb( 85,137,240)	1.9924	None
ETV1	FER1L4	-0.89333	50.61	-6.1E-01	rgb( 86,137,240)	1.9924	None
ETV1	LGI3	0.89333	50.61	0.613	rgb(224,100,101)	1.9924	None
ETV1	RFX6	0.89333	50.61	0.613	rgb(224,100,101)	1.9924	None
FOXA1	PCDHA2	0.89333	50.61	0.607	rgb(224,101,102)	1.9924	None
FOXD4L5	INSM1	-0.89333	50.61	-6.1E-01	rgb( 85,137,240)	1.9924	None
FOXD4L5	SRM	-0.89333	50.61	-6.1E-01	rgb( 84,136,240)	1.9924	None
HIC1	SMARCC1	0.89333	50.61	0.615	rgb(224,100,101)	1.9924	None
HIF1A	BC073817	-0.89333	50.61	-6.1E-01	rgb( 84,136,240)	1.9924	2,2
LMX1A	MLN	-0.89333	50.61	-6.1E-01	rgb( 86,137,240)	1.9924	None
MAFA	CACNB4	0.89333	50.61	0.614	rgb(224,100,101)	1.9924	None
MYRF	AK311113	-0.89333	50.61	-6.1E-01	rgb( 84,136,240)	1.9924	2,2
NEUROD2	AKR1B1	0.89333	50.61	0.612	rgb(224,100,101)	1.9924	None
NEUROG3	NKX2-2	0.89333	50.61	0.611	rgb(224,100,101)	1.9924	None
NEUROG3	NUP210	0.89333	50.61	0.605	rgb(224,101,103)	1.9924	None
NEUROG3	SMAD9	0.89333	50.61	0.61	rgb(224,100,102)	1.9924	None
NKX2-2	STMND1	-0.89333	50.61	-6.1E-01	rgb( 84,136,240)	1.9924	None
NKX2-2	TMEM190	0.89333	50.61	0.607	rgb(224,101,102)	1.9924	None
ONECUT2	AGT	-0.89333	50.61	-6.1E-01	rgb( 85,137,240)	1.9924	None
PBX3	CBFA2T3	0.89333	50.61	0.613	rgb(224,100,101)	1.9924	None
PBX3	DLL1	0.89333	50.61	0.614	rgb(224,100,101)	1.9924	None
PDX1	FRMPD4	0.89333	50.61	0.606	rgb(224,101,102)	1.9924	None
RFX6	BEGAIN	0.89333	50.61	0.613	rgb(224,100,101)	1.9924	None
RFX6	VWA5B2	0.89333	50.61	0.613	rgb(224,100,101)	1.9924	None
SIX2	FRMPD4	0.89333	50.61	0.607	rgb(224,101,102)	1.9924	None
SIX2	MIR7-3HG	0.89333	50.61	0.607	rgb(224,101,102)	1.9924	None
SIX2	NAALADL1	0.89333	50.61	0.61	rgb(224,101,102)	1.9924	None
SPIB	IL17C	0.89333	50.61	0.612	rgb(224,100,101)	1.9924	None
SPIB	ISLR2	0.89333	50.61	0.614	rgb(224,100,101)	1.9924	None
TEAD1	GPR83	-0.89333	50.61	-6.1E-01	rgb( 84,136,240)	1.9924	2,2
TEAD1	MUC5B	0.89333	50.61	0.607	rgb(224,101,102)	1.9924	None
TEAD2	XAF1	-0.89333	50.61	-6.1E-01	rgb( 85,137,240)	1.9924	2,2
TFCP2L1	CDKN1C	0.89333	50.61	0.608	rgb(224,101,102)	1.9924	None
ZFP82	BC006435	-0.89333	50.61	-6.1E-01	rgb( 84,136,240)	1.9924	2,2
ZNF382	AP3B2	-0.89333	50.61	-6.1E-01	rgb( 85,137,240)	1.9924	None
ZNF846	TSSK4	-0.89333	50.61	-6.1E-01	rgb( 85,137,240)	1.9924	None
CCDC17	AX746485	0.89333	50.61	0.609	rgb(224,101,102)	1.9924	2,2
MYSM1	MGC4836	0.89333	50.61	0.614	rgb(224,100,101)	1.9924	2,2
ARX	NEAT1	0.89052	50.6	0.601	rgb(224,102,103)	1.9922	None
ATF5	AX746677	0.89052	50.6	0.603	rgb(224,102,103)	1.9922	2,2
E2F7	AP3B2	-0.89052	50.6	-6.0E-01	rgb( 87,138,240)	1.9922	None
E2F7	SYT14	-0.89052	50.6	-6.0E-01	rgb( 87,138,240)	1.9922	None
ELF4	DQ600483	-0.89052	50.6	-6.0E-01	rgb( 86,137,240)	1.9922	2,2
ELF4	MAP9	-0.89052	50.6	-6.0E-01	rgb( 87,138,240)	1.9922	None
ELF4	SPDYE1	-0.89052	50.6	-6.0E-01	rgb( 87,138,240)	1.9922	None
ETV1	ARHGAP33	-0.89052	50.6	-6.0E-01	rgb( 86,138,240)	1.9922	None
ETV1	RGS16	0.89052	50.6	0.596	rgb(224,103,104)	1.9922	None
GATA2	ELAVL4	0.89052	50.6	0.598	rgb(224,103,104)	1.9922	None
GATA4	ADCY2	0.89052	50.6	0.602	rgb(224,102,103)	1.9922	None
GATA4	COL12A1	0.89052	50.6	0.597	rgb(224,103,104)	1.9922	None
GATA4	CYMP	-0.89052	50.6	-6.0E-01	rgb( 87,138,240)	1.9922	None
GATA4	SEZ6	0.89052	50.6	0.604	rgb(224,102,103)	1.9922	None
HEYL	GRIK3	-0.89052	50.6	-6.0E-01	rgb( 87,138,240)	1.9922	2,2
LHX1	SAMD14	-0.89052	50.6	-6.0E-01	rgb( 87,138,240)	1.9922	None
LMX1B	SRRM4	0.89052	50.6	0.605	rgb(224,101,103)	1.9922	None
MAFB	SLC14A1	-0.89052	50.6	-6.0E-01	rgb( 86,137,240)	1.9922	None
NEUROD2	SLC1A2	0.89052	50.6	0.6	rgb(224,102,104)	1.9922	None
NEUROD2	TUBA3FP	0.89052	50.6	0.598	rgb(224,103,104)	1.9922	None
NEUROG3	SPON2	0.89052	50.6	0.599	rgb(224,103,104)	1.9922	None
NFAT5	LYPD8	0.89052	50.6	0.599	rgb(224,103,104)	1.9922	2,2
NFAT5	TLE3	0.89052	50.6	0.604	rgb(224,102,103)	1.9922	None
ONECUT2	GCH1	-0.89052	50.6	-6.0E-01	rgb( 86,137,240)	1.9922	None
PAX6	NKTR	-0.89052	50.6	-6.0E-01	rgb( 87,138,240)	1.9922	None
PAX6	PLXNC1	-0.89052	50.6	-6.0E-01	rgb( 87,138,240)	1.9922	None
PBX3	FAM226B	0.89052	50.6	0.603	rgb(224,102,103)	1.9922	2,2
PBX3	HSPA12A	0.89052	50.6	0.601	rgb(224,102,103)	1.9922	None
PBX3	STARD4-AS1	0.89052	50.6	0.597	rgb(224,103,104)	1.9922	None
POU5F1	SV2A	0.89052	50.6	0.604	rgb(224,102,103)	1.9922	None
RFX6	CACNA2D1	0.89052	50.6	0.601	rgb(224,102,103)	1.9922	None
RFX6	TPPP3	0.89052	50.6	0.601	rgb(224,102,103)	1.9922	None
RORC	DPEP1	0.89052	50.6	0.605	rgb(224,102,103)	1.9922	None
RORC	LHFPL4	-0.89052	50.6	-6.0E-01	rgb( 87,138,240)	1.9922	None
SPIB	PRKXP1	-0.89052	50.6	-6.0E-01	rgb( 87,138,240)	1.9922	None
TEAD1	LZTS1	-0.89052	50.6	-6.0E-01	rgb( 86,137,240)	1.9922	None
ZNF382	CCDC28B	-0.89052	50.6	-6.0E-01	rgb( 87,138,240)	1.9922	None
ZNF883	AK129879	-0.89052	50.6	-6.0E-01	rgb( 88,138,240)	1.9922	2,2
AEBP1	GPR119	0.89052	50.6	0.6	rgb(224,102,104)	1.9922	2,2
MYT1	LOC642366	0.89052	50.6	0.602	rgb(224,102,103)	1.9922	2,2
NPAS3	AK056486	0.89052	50.6	0.596	rgb(224,103,104)	1.9922	2,2
NPAS3	KAL1	0.89052	50.6	0.597	rgb(224,103,104)	1.9922	2,2
NPAS3	PCDHB14	0.89052	50.6	0.603	rgb(224,102,103)	1.9922	2,2
ZNF788	AK130076	0.89052	50.6	0.598	rgb(224,103,104)	1.9922	2,2
ZNF788	UNQ2560	0.89052	50.6	0.598	rgb(224,103,104)	1.9922	2,2
ASCL2	LSP1	0.88771	50.59	0.589	rgb(223,105,106)	1.992	None
ETS1	LOC90834	-0.88771	50.59	-5.9E-01	rgb( 89,139,239)	1.992	2,2
ETS1	LRP4-AS1	-0.88771	50.59	-5.9E-01	rgb( 88,139,240)	1.992	None
ETS1	SLC30A4	-0.88771	50.59	-5.9E-01	rgb( 89,139,239)	1.992	None
ETV1	VGF	0.88771	50.59	0.594	rgb(224,104,105)	1.992	None
FEV	AADAT	0.88771	50.59	0.586	rgb(223,105,106)	1.992	None
FEV	BEND5	0.88771	50.59	0.592	rgb(224,104,105)	1.992	None
FOXD4L5	OLFML2B	-0.88771	50.59	-5.9E-01	rgb( 90,140,239)	1.992	None
FOXP2	SUSD4	-0.88771	50.59	-5.9E-01	rgb( 89,139,239)	1.992	None
GATA2	KCTD12	0.88771	50.59	0.586	rgb(223,105,106)	1.992	None
GATA4	ALAS2	0.88771	50.59	0.595	rgb(224,103,105)	1.992	None
GATA4	MUC15	-0.88771	50.59	-5.9E-01	rgb( 89,139,239)	1.992	None
GATA4	PALMD	0.88771	50.59	0.588	rgb(223,105,106)	1.992	None
GATA4	PDE6B	-0.88771	50.59	-5.9E-01	rgb( 90,140,239)	1.992	None
GATA6	REG4	-0.88771	50.59	-5.9E-01	rgb( 88,139,240)	1.992	None
HHEX	GLYATL3	0.88771	50.59	0.586	rgb(223,105,106)	1.992	None
HMBOX1	SIM1	0.88771	50.59	0.592	rgb(224,104,105)	1.992	None
HSF2	CYP27C1	-0.88771	50.59	-5.9E-01	rgb( 88,139,240)	1.992	None
HSF2	SCHIP1	0.88771	50.59	0.593	rgb(224,104,105)	1.992	None
HSF2	WIF1	0.88771	50.59	0.591	rgb(223,104,105)	1.992	None
LHX1	SHC3	-0.88771	50.59	-5.9E-01	rgb( 89,139,239)	1.992	None
LMX1B	SH2D3C	0.88771	50.59	0.593	rgb(224,104,105)	1.992	None
MAFA	IFI44	-0.88771	50.59	-5.9E-01	rgb( 88,139,240)	1.992	None
MYRF	MGC4836	-0.88771	50.59	-5.9E-01	rgb( 89,139,239)	1.992	2,2
NKX2-2	GABRP	-0.88771	50.59	-5.9E-01	rgb( 90,139,239)	1.992	None
NKX2-2	PLTP	0.88771	50.59	0.586	rgb(223,105,106)	1.992	None
ONECUT1	WBSCR27	-0.88771	50.59	-5.9E-01	rgb( 89,139,239)	1.992	2,2
ONECUT2	C7	-0.88771	50.59	-5.9E-01	rgb( 90,140,239)	1.992	None
ONECUT3	IGSF21	0.88771	50.59	0.593	rgb(224,104,105)	1.992	None
PAX4	CITED2	-0.88771	50.59	-5.9E-01	rgb( 89,139,239)	1.992	None
PAX4	KIF1A	-0.88771	50.59	-5.9E-01	rgb( 88,139,240)	1.992	None
PAX6	CCDC14	-0.88771	50.59	-5.9E-01	rgb( 89,139,239)	1.992	None
PAX6	HOOK3	-0.88771	50.59	-5.9E-01	rgb( 89,139,239)	1.992	None
PBX3	HMGB3	0.88771	50.59	0.586	rgb(223,105,106)	1.992	None
PDX1	KIF1A	0.88771	50.59	0.587	rgb(223,105,106)	1.992	None
RFX6	CADPS	0.88771	50.59	0.589	rgb(223,105,106)	1.992	None
RFX6	DHRS2	0.88771	50.59	0.592	rgb(224,104,105)	1.992	None
RFX6	LINC00261	0.88771	50.59	0.592	rgb(224,104,105)	1.992	None
SPIB	QSOX2	-0.88771	50.59	-5.9E-01	rgb( 88,139,240)	1.992	None
ZFP82	SCARA3	-0.88771	50.59	-5.9E-01	rgb( 88,138,240)	1.992	None
ZFP82	SMTNL2	0.88771	50.59	0.595	rgb(224,103,105)	1.992	None
ZNF846	MAP3K12	-0.88771	50.59	-5.9E-01	rgb( 90,140,239)	1.992	None
MYT1	AK022997	0.88771	50.59	0.594	rgb(224,104,105)	1.992	2,2
ZNF117	ANKRD36	0.88771	50.59	0.594	rgb(224,103,105)	1.992	2,2
ZNF514	AK090844	0.88771	50.59	0.588	rgb(223,105,106)	1.992	2,2
ZNF514	LOC100131564	0.88771	50.59	0.594	rgb(224,103,105)	1.992	2,2
ASCL1	TRPC7	0.88491	50.58	0.58	rgb(223,106,107)	1.9918	None
EGR3	JAM3	-0.88491	50.58	-5.8E-01	rgb( 92,141,239)	1.9918	None
ETS1	B3GAT1	-0.88491	50.58	-5.8E-01	rgb( 92,141,239)	1.9918	None
ETS1	CBX7	-0.88491	50.58	-5.8E-01	rgb( 92,141,239)	1.9918	None
ETS1	GPC6	-0.88491	50.58	-5.8E-01	rgb( 90,140,239)	1.9918	None
ETV1	CDKN1C	0.88491	50.58	0.579	rgb(223,106,108)	1.9918	None
ETV1	GADD45A	0.88491	50.58	0.577	rgb(223,107,108)	1.9918	None
FEV	SCARA3	0.88491	50.58	0.578	rgb(223,107,108)	1.9918	None
GATA2	STARD9	0.88491	50.58	0.582	rgb(223,106,107)	1.9918	None
GATA4	BC042374	0.88491	50.58	0.581	rgb(223,106,107)	1.9918	2,2
GATA4	CPB1	0.88491	50.58	0.584	rgb(223,105,107)	1.9918	None
HES4	GRASP	0.88491	50.58	0.576	rgb(223,107,108)	1.9918	None
HEYL	MARCH4	-0.88491	50.58	-5.8E-01	rgb( 91,140,239)	1.9918	2,2
HHEX	ETV1	0.88491	50.58	0.584	rgb(223,106,107)	1.9918	None
HLF	POU6F1	-0.88491	50.58	-5.8E-01	rgb( 91,140,239)	1.9918	None
HMBOX1	AL110171	-0.88491	50.58	-5.8E-01	rgb( 91,140,239)	1.9918	2,2
HSF2	CTTNBP2	0.88491	50.58	0.578	rgb(223,107,108)	1.9918	None
LHX1	LRRC36	-0.88491	50.58	-5.8E-01	rgb( 91,140,239)	1.9918	None
MAFB	HLF	-0.88491	50.58	-5.8E-01	rgb( 92,141,239)	1.9918	None
MAFF	ITPR1	-0.88491	50.58	-5.8E-01	rgb( 91,140,239)	1.9918	None
MAFF	RSAD2	0.88491	50.58	0.577	rgb(223,107,108)	1.9918	None
NEUROG3	CHL1	0.88491	50.58	0.578	rgb(223,107,108)	1.9918	None
NEUROG3	FLJ38723	0.88491	50.58	0.581	rgb(223,106,107)	1.9918	2,2
NEUROG3	SERPINI1	0.88491	50.58	0.576	rgb(223,107,108)	1.9918	None
NFAT5	PRKCH	-0.88491	50.58	-5.8E-01	rgb( 91,140,239)	1.9918	None
NHLH1	LINC00643	-0.88491	50.58	-5.8E-01	rgb( 91,140,239)	1.9918	None
ONECUT3	SLC35F3	0.88491	50.58	0.575	rgb(223,107,108)	1.9918	None
PBX3	C2CD4A	0.88491	50.58	0.582	rgb(223,106,107)	1.9918	None
PDX1	CD70	-0.88491	50.58	-5.8E-01	rgb( 92,141,239)	1.9918	None
PDX1	ST8SIA5	0.88491	50.58	0.578	rgb(223,107,108)	1.9918	None
PLAG1	SLC7A4	-0.88491	50.58	-5.8E-01	rgb( 91,140,239)	1.9918	None
RFX6	SEPT3	0.88491	50.58	0.583	rgb(223,106,107)	1.9918	2,2
SIX2	FUT1	-0.88491	50.58	-5.8E-01	rgb( 90,140,239)	1.9918	None
SIX2	IGSF10	0.88491	50.58	0.575	rgb(223,107,108)	1.9918	None
SIX2	TFPI2	-0.88491	50.58	-5.8E-01	rgb( 91,140,239)	1.9918	None
SMAD9	CD70	-0.88491	50.58	-5.8E-01	rgb( 90,140,239)	1.9918	None
TFCP2L1	CRIP1	0.88491	50.58	0.58	rgb(223,106,107)	1.9918	None
ZFP69B	NXPE1	0.88491	50.58	0.577	rgb(223,107,108)	1.9918	None
ZNF846	FER1L4	-0.88491	50.58	-5.8E-01	rgb( 91,140,239)	1.9918	None
CCDC17	AX746771	0.88491	50.58	0.583	rgb(223,106,107)	1.9918	2,2
CCDC17	AX747158	0.88491	50.58	0.584	rgb(223,106,107)	1.9918	2,2
CCDC17	FAM101B	0.88491	50.58	0.581	rgb(223,106,107)	1.9918	2,2
MYSM1	AK090700	0.88491	50.58	0.583	rgb(223,106,107)	1.9918	2,2
SIM1	FAM179A	0.88491	50.58	0.585	rgb(223,105,106)	1.9918	2,2
EGR3	WNK3	0.8821	50.57	0.571	rgb(223,108,109)	1.9916	None
ETS1	UTS2B	-0.8821	50.57	-5.7E-01	rgb( 93,142,239)	1.9916	None
ETS1	VGF	-0.8821	50.57	-5.7E-01	rgb( 94,142,238)	1.9916	None
ETV1	FSD1	0.8821	50.57	0.568	rgb(223,109,110)	1.9916	None
ETV1	GOLGA8B	-0.8821	50.57	-5.7E-01	rgb( 93,141,239)	1.9916	None
ETV1	ITGBL1	0.8821	50.57	0.57	rgb(223,108,109)	1.9916	None
ETV1	SLC22A13	-0.8821	50.57	-5.7E-01	rgb( 94,142,239)	1.9916	None
FEV	LINC00261	0.8821	50.57	0.565	rgb(223,109,110)	1.9916	None
FOXJ1	DRD2	-0.8821	50.57	-5.7E-01	rgb( 93,141,239)	1.9916	None
FOXJ1	ECE2	-0.8821	50.57	-5.7E-01	rgb( 94,142,239)	1.9916	None
GATA2	RSAD2	0.8821	50.57	0.566	rgb(223,109,110)	1.9916	None
GATA4	NPTX1	-0.8821	50.57	-5.7E-01	rgb( 92,141,239)	1.9916	None
GATA4	RCOR3	-0.8821	50.57	-5.7E-01	rgb( 94,142,239)	1.9916	None
GATA4	WIF1	-0.8821	50.57	-5.7E-01	rgb( 94,142,239)	1.9916	None
LMX1A	LOC440434	-0.8821	50.57	-5.7E-01	rgb( 93,142,239)	1.9916	2,2
MAFB	CLCN4	-0.8821	50.57	-5.7E-01	rgb( 93,142,239)	1.9916	None
NEUROG3	AK026379	0.8821	50.57	0.573	rgb(223,108,109)	1.9916	2,2
NEUROG3	ENTPD1	0.8821	50.57	0.566	rgb(223,109,110)	1.9916	None
NKX2-2	GATA4	-0.8821	50.57	-5.7E-01	rgb( 94,142,239)	1.9916	None
NR4A2	LINC00494	0.8821	50.57	0.569	rgb(223,108,109)	1.9916	None
ONECUT2	ALAS2	-0.8821	50.57	-5.7E-01	rgb( 93,142,239)	1.9916	None
ONECUT3	JPH4	0.8821	50.57	0.572	rgb(223,108,109)	1.9916	None
PAX6	WDR96	-0.8821	50.57	-5.7E-01	rgb( 92,141,239)	1.9916	2,2
PBX1	SST	0.8821	50.57	0.568	rgb(223,109,110)	1.9916	None
PBX3	CLGN	0.8821	50.57	0.574	rgb(223,107,109)	1.9916	None
PBX3	LZTS1	0.8821	50.57	0.573	rgb(223,107,109)	1.9916	None
PBX3	MAGED4	-0.8821	50.57	-5.7E-01	rgb( 93,142,239)	1.9916	None
PDX1	TMEM178B	0.8821	50.57	0.567	rgb(223,109,110)	1.9916	None
PRDM16	KCNH8	-0.8821	50.57	-5.7E-01	rgb( 93,142,239)	1.9916	None
TET1	C1RL-AS1	0.8821	50.57	0.565	rgb(223,109,110)	1.9916	None
ZFHX2	LRRC49	0.8821	50.57	0.57	rgb(223,108,109)	1.9916	None
KCNIP3	DIRAS1	0.8821	50.57	0.572	rgb(223,108,109)	1.9916	2,2
ZNF117	DQ570835	0.8821	50.57	0.566	rgb(223,109,110)	1.9916	2,2
ARNT2	TAF9B	0.87929	50.56	0.559	rgb(223,110,111)	1.9914	None
ARX	AK126286	0.87929	50.56	0.563	rgb(223,109,111)	1.9914	2,2
ARX	C7	-0.87929	50.56	-5.6E-01	rgb( 94,142,238)	1.9914	None
ARX	CITED4	-0.87929	50.56	-5.6E-01	rgb( 96,143,238)	1.9914	None
ELF4	KNDC1	0.87929	50.56	0.56	rgb(223,110,111)	1.9914	None
ELF4	RFX3	-0.87929	50.56	-5.6E-01	rgb( 95,143,238)	1.9914	None
ELF4	TET1	-0.87929	50.56	-5.6E-01	rgb( 96,143,238)	1.9914	None
ELF4	TPGS1	0.87929	50.56	0.564	rgb(223,109,110)	1.9914	None
ETV1	CNPY1	0.87929	50.56	0.561	rgb(223,110,111)	1.9914	None
ETV1	ID4	0.87929	50.56	0.559	rgb(223,110,111)	1.9914	None
GATA4	MAFA	-0.87929	50.56	-5.6E-01	rgb( 95,143,238)	1.9914	None
HEYL	MRPL34	0.87929	50.56	0.563	rgb(223,110,111)	1.9914	None
HIC1	CDHR3	-0.87929	50.56	-5.6E-01	rgb( 95,143,238)	1.9914	None
HIC1	DNER	-0.87929	50.56	-5.6E-01	rgb( 95,143,238)	1.9914	None
HSF2	CPT1C	-0.87929	50.56	-5.6E-01	rgb( 96,143,238)	1.9914	None
HSF2	CYMP	0.87929	50.56	0.564	rgb(223,109,110)	1.9914	None
LHX1	GFRA3	-0.87929	50.56	-5.6E-01	rgb( 95,143,238)	1.9914	None
LMX1B	AX748292	-0.87929	50.56	-5.6E-01	rgb( 96,144,238)	1.9914	2,2
LMX1B	UGDH-AS1	-0.87929	50.56	-5.6E-01	rgb( 96,144,238)	1.9914	None
MAFA	BLMH	0.87929	50.56	0.556	rgb(223,111,112)	1.9914	None
MAFB	GAN	0.87929	50.56	0.561	rgb(223,110,111)	1.9914	None
NHLH1	PCBP4	0.87929	50.56	0.557	rgb(223,111,112)	1.9914	None
ONECUT1	CLCA1	0.87929	50.56	0.563	rgb(223,109,111)	1.9914	None
ONECUT3	DTX1	0.87929	50.56	0.557	rgb(223,111,112)	1.9914	None
PBX3	CELA3B	0.87929	50.56	0.556	rgb(223,111,112)	1.9914	None
PBX3	FABP5	0.87929	50.56	0.563	rgb(223,110,111)	1.9914	None
PBX3	RGS4	0.87929	50.56	0.563	rgb(223,110,111)	1.9914	None
POU5F1	ACOT7	0.87929	50.56	0.559	rgb(223,110,111)	1.9914	None
PRDM16	PRKXP1	-0.87929	50.56	-5.6E-01	rgb( 96,144,238)	1.9914	None
RFX6	CELF5	0.87929	50.56	0.56	rgb(223,110,111)	1.9914	None
RFX6	PMFBP1	0.87929	50.56	0.559	rgb(223,110,111)	1.9914	None
SIX2	FLT1	-0.87929	50.56	-5.6E-01	rgb( 97,144,238)	1.9914	None
SMAD9	EDIL3	0.87929	50.56	0.557	rgb(223,111,112)	1.9914	None
SOX4	KCNJ3	-0.87929	50.56	-5.6E-01	rgb( 96,143,238)	1.9914	None
SPIB	APBB2	-0.87929	50.56	-5.6E-01	rgb( 95,143,238)	1.9914	None
TEAD1	ADCY2	-0.87929	50.56	-5.6E-01	rgb( 96,143,238)	1.9914	None
TEAD1	CPNE9	-0.87929	50.56	-5.6E-01	rgb( 96,144,238)	1.9914	None
TEAD1	GRASP	-0.87929	50.56	-5.6E-01	rgb( 96,144,238)	1.9914	None
TFCP2L1	DST	-0.87929	50.56	-5.6E-01	rgb( 96,143,238)	1.9914	None
TFCP2L1	LSP1	0.87929	50.56	0.564	rgb(223,109,110)	1.9914	None
TFCP2L1	NPW	0.87929	50.56	0.558	rgb(223,110,112)	1.9914	None
ZFP82	GHRL	-0.87929	50.56	-5.6E-01	rgb( 95,143,238)	1.9914	None
ZNF492	BC040563	0.87929	50.56	0.556	rgb(223,111,112)	1.9914	2,2
ZNF492	ZSCAN12P1	0.87929	50.56	0.561	rgb(223,110,111)	1.9914	2,2
CCDC17	TSIX	0.87929	50.56	0.558	rgb(223,110,111)	1.9914	2,2
MYT1	SCN3A	0.87929	50.56	0.562	rgb(223,110,111)	1.9914	2,2
NPAS3	HMP19	0.87929	50.56	0.56	rgb(223,110,111)	1.9914	2,2
SIM1	ERO1LB	0.87929	50.56	0.557	rgb(223,111,112)	1.9914	2,2
ZNF514	LOC642776	0.87929	50.56	0.557	rgb(223,111,112)	1.9914	2,2
ARX	ZNF514	0.87648	50.55	0.547	rgb(223,112,114)	1.9912	None
E2F7	ACSS3	-0.87648	50.55	-5.5E-01	rgb( 98,145,238)	1.9912	None
ETS1	HMGB3	0.87648	50.55	0.546	rgb(223,113,114)	1.9912	None
ETV1	MPP1	0.87648	50.55	0.548	rgb(223,112,113)	1.9912	None
ETV1	PRDM16	-0.87648	50.55	-5.5E-01	rgb( 98,145,238)	1.9912	None
FOXA1	WNK2	0.87648	50.55	0.549	rgb(223,112,113)	1.9912	None
FOXD4L5	WNT9A	-0.87648	50.55	-5.5E-01	rgb( 98,145,238)	1.9912	None
FOXP2	CRMP1	-0.87648	50.55	-5.5E-01	rgb( 97,144,238)	1.9912	None
GATA2	BRSK1	0.87648	50.55	0.546	rgb(223,113,114)	1.9912	None
GATA4	LRRC36	-0.87648	50.55	-5.5E-01	rgb( 98,144,238)	1.9912	None
GATA4	WNK2	-0.87648	50.55	-5.5E-01	rgb( 98,145,238)	1.9912	None
HIF1A	ACTN3	0.87648	50.55	0.549	rgb(223,112,113)	1.9912	None
HIF1A	MIR7-3HG	-0.87648	50.55	-5.5E-01	rgb( 97,144,238)	1.9912	None
LMX1A	CNOT6L	-0.87648	50.55	-5.5E-01	rgb( 97,144,238)	1.9912	None
LTF	NUTM1	0.87648	50.55	0.549	rgb(223,112,113)	1.9912	None
MAFF	GCK	0.87648	50.55	0.55	rgb(223,112,113)	1.9912	None
MAFF	TOX	0.87648	50.55	0.551	rgb(223,112,113)	1.9912	None
NEUROD2	CRISP3	-0.87648	50.55	-5.5E-01	rgb( 97,144,238)	1.9912	2,2
NEUROD2	E2F7	0.87648	50.55	0.546	rgb(223,113,114)	1.9912	None
NEUROG3	ADAMTSL1	0.87648	50.55	0.554	rgb(223,111,112)	1.9912	None
NEUROG3	LOC100652999	0.87648	50.55	0.553	rgb(223,111,113)	1.9912	None
NKX2-2	CCDC14	-0.87648	50.55	-5.5E-01	rgb( 97,144,238)	1.9912	None
NKX2-2	PGF	-0.87648	50.55	-5.5E-01	rgb( 97,144,238)	1.9912	None
PAX6	DACH1	-0.87648	50.55	-5.5E-01	rgb( 97,144,238)	1.9912	None
PAX6	ZNF117	-0.87648	50.55	-5.5E-01	rgb( 98,144,238)	1.9912	None
PBX3	MSI1	0.87648	50.55	0.552	rgb(223,112,113)	1.9912	None
PBX3	UPK2	-0.87648	50.55	-5.5E-01	rgb( 98,145,238)	1.9912	None
PDX1	KCNAB2	0.87648	50.55	0.553	rgb(223,111,112)	1.9912	None
PRDM16	SCARA3	0.87648	50.55	0.554	rgb(223,111,112)	1.9912	None
RFX6	LRP3	0.87648	50.55	0.554	rgb(223,111,112)	1.9912	None
RORC	MYEF2	-0.87648	50.55	-5.5E-01	rgb( 98,144,238)	1.9912	None
SIX2	RTEL1	-0.87648	50.55	-5.5E-01	rgb( 99,145,238)	1.9912	None
SIX2	TMEM169	-0.87648	50.55	-5.5E-01	rgb( 97,144,238)	1.9912	None
SOX4	TMEFF2	-0.87648	50.55	-5.5E-01	rgb( 99,145,238)	1.9912	None
TEAD1	CADM2	-0.87648	50.55	-5.5E-01	rgb( 97,144,238)	1.9912	None
TET1	BC041347	0.87648	50.55	0.552	rgb(223,112,113)	1.9912	2,2
TFCP2L1	MAP1A	0.87648	50.55	0.551	rgb(223,112,113)	1.9912	None
TGIF2	TDRD6	0.87648	50.55	0.553	rgb(223,111,113)	1.9912	None
ZNF519	KANK2	0.87648	50.55	0.555	rgb(223,111,112)	1.9912	None
AEBP1	HV535469	-0.87648	50.55	-5.5E-01	rgb( 98,144,238)	1.9912	2,2
CBX2	RIC3	0.87648	50.55	0.547	rgb(223,112,114)	1.9912	2,2
CCDC17	HNRNPU-AS1	0.87648	50.55	0.55	rgb(223,112,113)	1.9912	2,2
SETBP1	SGOL1-AS1	0.87648	50.55	0.55	rgb(223,112,113)	1.9912	2,2
ZNF514	AK092380	0.87648	50.55	0.546	rgb(223,113,114)	1.9912	2,2
ZNF514	OCLM	0.87648	50.55	0.553	rgb(223,111,113)	1.9912	2,2
ARX	PRR5-ARHGAP8	-0.87368	50.54	-5.4E-01	rgb(101,146,237)	1.991	None
ARX	RIIAD1	-0.87368	50.54	-5.4E-01	rgb(100,146,238)	1.991	None
ETV1	ITGA7	0.87368	50.54	0.54	rgb(223,114,115)	1.991	None
ETV1	POU6F1	-0.87368	50.54	-5.4E-01	rgb( 99,145,238)	1.991	None
ETV1	ST18	0.87368	50.54	0.544	rgb(223,113,114)	1.991	None
ETV1	SYN1	0.87368	50.54	0.539	rgb(223,114,115)	1.991	None
FOXA1	SH3RF3-AS1	0.87368	50.54	0.538	rgb(223,114,115)	1.991	None
FOXD4L5	GABRG2	0.87368	50.54	0.539	rgb(223,114,115)	1.991	None
GATA4	GPR162	0.87368	50.54	0.536	rgb(223,115,116)	1.991	None
GATA4	MAPK10	-0.87368	50.54	-5.4E-01	rgb(100,146,237)	1.991	None
GATA4	TNP1	0.87368	50.54	0.539	rgb(223,114,115)	1.991	2,2
GATA6	KCNG1	0.87368	50.54	0.537	rgb(223,114,115)	1.991	None
HEYL	CYSLTR2	-0.87368	50.54	-5.4E-01	rgb(100,146,238)	1.991	2,2
HHEX	NCALD	0.87368	50.54	0.536	rgb(223,115,116)	1.991	None
HSF2	CHST10	-0.87368	50.54	-5.4E-01	rgb(100,146,237)	1.991	None
HSF2	PGF	-0.87368	50.54	-5.4E-01	rgb( 99,145,238)	1.991	None
ISL1	AX748322	0.87368	50.54	0.542	rgb(223,114,115)	1.991	2,2
MAFB	ETS1	0.87368	50.54	0.539	rgb(223,114,115)	1.991	None
MAFF	CCDC125	-0.87368	50.54	-5.4E-01	rgb(101,146,237)	1.991	None
NEUROD1	NR4A3	0.87368	50.54	0.539	rgb(223,114,115)	1.991	None
NEUROG3	APOB	0.87368	50.54	0.535	rgb(223,115,116)	1.991	None
NHLH1	ADNP	-0.87368	50.54	-5.4E-01	rgb(100,146,238)	1.991	None
NKX2-2	TRIM35	-0.87368	50.54	-5.4E-01	rgb(100,146,237)	1.991	None
NKX6-1	ONECUT2	0.87368	50.54	0.536	rgb(223,115,116)	1.991	None
ONECUT2	ANKFN1	0.87368	50.54	0.544	rgb(223,113,114)	1.991	None
PDX1	GADD45G	-0.87368	50.54	-5.4E-01	rgb(100,146,238)	1.991	None
RFX6	CITED4	0.87368	50.54	0.537	rgb(223,114,116)	1.991	None
RFX6	CXXC4	0.87368	50.54	0.536	rgb(223,115,116)	1.991	None
RORC	TUBB2B	-0.87368	50.54	-5.4E-01	rgb(100,146,237)	1.991	None
SIX2	SOCS1	-0.87368	50.54	-5.4E-01	rgb(100,146,237)	1.991	None
SMAD9	CPE	0.87368	50.54	0.545	rgb(223,113,114)	1.991	None
SOX4	CACNG7	-0.87368	50.54	-5.4E-01	rgb(100,146,237)	1.991	None
SOX4	ISL1	-0.87368	50.54	-5.4E-01	rgb(100,146,237)	1.991	None
SPIB	RAB36	-0.87368	50.54	-5.4E-01	rgb(100,146,237)	1.991	None
SPIB	SMAD9	0.87368	50.54	0.537	rgb(223,114,115)	1.991	None
TEAD1	ANKFN1	0.87368	50.54	0.538	rgb(223,114,115)	1.991	None
TGIF2	KCNK16	0.87368	50.54	0.538	rgb(223,114,115)	1.991	None
ZFP82	SMARCA1	0.87368	50.54	0.54	rgb(223,114,115)	1.991	None
ZNF492	CECR6	-0.87368	50.54	-5.4E-01	rgb(100,146,238)	1.991	2,2
ZNF846	CELA3B	0.87368	50.54	0.543	rgb(223,113,114)	1.991	None
CCDC17	BX537634	0.87368	50.54	0.535	rgb(223,115,116)	1.991	2,2
MYT1	PTCHD2	0.87368	50.54	0.541	rgb(223,114,115)	1.991	2,2
MYT1	SEPT3	0.87368	50.54	0.541	rgb(223,114,115)	1.991	2,2
ZNF117	AK125301	0.87368	50.54	0.543	rgb(223,113,114)	1.991	2,2
ZNF514	AK055910	0.87368	50.54	0.54	rgb(223,114,115)	1.991	2,2
ZNF514	AL832439	0.87368	50.54	0.543	rgb(223,113,114)	1.991	2,2
ZNF788	GOLGA6L9	0.87368	50.54	0.543	rgb(223,113,114)	1.991	2,2
ELF4	IMPG1	-0.87087	50.53	-5.3E-01	rgb(103,147,237)	1.9908	None
ELF4	KCNQ1OT1	-0.87087	50.53	-5.3E-01	rgb(103,148,237)	1.9908	None
ELF4	TEAD1	-0.87087	50.53	-5.3E-01	rgb(103,148,237)	1.9908	None
FOXA1	CELSR3	0.87087	50.53	0.526	rgb(223,117,118)	1.9908	None
FOXA1	GAP43	0.87087	50.53	0.526	rgb(223,117,118)	1.9908	None
FOXA1	LEFTY1	0.87087	50.53	0.53	rgb(223,116,117)	1.9908	None
FOXA1	SERPINA10	0.87087	50.53	0.529	rgb(223,116,117)	1.9908	None
GATA4	CLGN	-0.87087	50.53	-5.3E-01	rgb(101,147,237)	1.9908	None
GATA4	GLT8D2	-0.87087	50.53	-5.3E-01	rgb(103,147,237)	1.9908	None
GATA4	MYRF	0.87087	50.53	0.533	rgb(223,115,116)	1.9908	None
HES4	GYLTL1B	0.87087	50.53	0.533	rgb(223,115,116)	1.9908	2,2
HEY1	AK024092	-0.87087	50.53	-5.3E-01	rgb(102,147,237)	1.9908	2,2
HSF2	BAMBI	-0.87087	50.53	-5.3E-01	rgb(102,147,237)	1.9908	None
HSF2	SRM	0.87087	50.53	0.525	rgb(223,117,118)	1.9908	None
LMX1B	KRTAP5-2	0.87087	50.53	0.529	rgb(223,116,117)	1.9908	None
LMX1B	SMARCC1	0.87087	50.53	0.527	rgb(223,116,117)	1.9908	None
NEUROD1	TP73	0.87087	50.53	0.529	rgb(223,116,117)	1.9908	None
NEUROD2	CLPS	0.87087	50.53	0.534	rgb(223,115,116)	1.9908	None
NEUROG3	CACNA2D1	0.87087	50.53	0.529	rgb(223,116,117)	1.9908	None
NEUROG3	EDIL3	0.87087	50.53	0.529	rgb(223,116,117)	1.9908	None
NEUROG3	LAMP3	0.87087	50.53	0.527	rgb(223,116,117)	1.9908	None
PBX3	LAPTM5	0.87087	50.53	0.534	rgb(223,115,116)	1.9908	None
PRDM16	HSPB7	0.87087	50.53	0.529	rgb(223,116,117)	1.9908	None
RFX6	TUBA1A	0.87087	50.53	0.527	rgb(223,116,117)	1.9908	None
SIX2	ZDHHC8P1	0.87087	50.53	0.534	rgb(223,115,116)	1.9908	None
SPIB	CTPS1	-0.87087	50.53	-5.3E-01	rgb(103,148,237)	1.9908	None
SPIB	LONRF2	-0.87087	50.53	-5.3E-01	rgb(102,147,237)	1.9908	None
SPIB	USH1G	0.87087	50.53	0.534	rgb(223,115,116)	1.9908	None
ST18	LPPR3	-0.87087	50.53	-5.3E-01	rgb(101,146,237)	1.9908	2,2
TEAD1	GPR64	-0.87087	50.53	-5.3E-01	rgb(103,148,237)	1.9908	2,2
TFCP2L1	PLTP	0.87087	50.53	0.529	rgb(223,116,117)	1.9908	None
ZNF519	E10222	-0.87087	50.53	-5.3E-01	rgb(102,147,237)	1.9908	2,2
ZNF883	PRDM16	0.87087	50.53	0.534	rgb(223,115,116)	1.9908	None
AKNA	DUSP26	-0.87087	50.53	-5.3E-01	rgb(103,148,237)	1.9908	2,2
CCDC17	GRIA2	0.87087	50.53	0.527	rgb(223,116,117)	1.9908	2,2
SETBP1	AFF2	0.87087	50.53	0.531	rgb(223,116,117)	1.9908	2,2
SETBP1	CCDC154	0.87087	50.53	0.534	rgb(223,115,116)	1.9908	2,2
SETBP1	PCDHB9	0.87087	50.53	0.53	rgb(223,116,117)	1.9908	2,2
SIM1	BST2	0.87087	50.53	0.531	rgb(223,116,117)	1.9908	2,2
SIM1	GUCY1A3	0.87087	50.53	0.528	rgb(223,116,117)	1.9908	2,2
SIM1	LOC100216479	0.87087	50.53	0.527	rgb(223,116,117)	1.9908	2,2
ZFP62	FW340024	0.87087	50.53	0.527	rgb(223,116,117)	1.9908	2,2
ZNF514	AK024248	0.87087	50.53	0.532	rgb(223,115,116)	1.9908	2,2
ZNF514	AX746867	0.87087	50.53	0.53	rgb(223,116,117)	1.9908	2,2
ARX	MYSM1	0.86806	50.52	0.519	rgb(223,118,119)	1.9906	None
ARX	TAGLN3	-0.86806	50.52	-5.2E-01	rgb(104,148,237)	1.9906	None
E2F7	FUT1	-0.86806	50.52	-5.2E-01	rgb(104,148,237)	1.9906	None
ELF4	CELF3	-0.86806	50.52	-5.2E-01	rgb(104,148,237)	1.9906	None
ELF4	MAD2L2	-0.86806	50.52	-5.2E-01	rgb(105,149,237)	1.9906	None
ETS1	CABP7	0.86806	50.52	0.525	rgb(223,117,118)	1.9906	None
ETV1	DPEP1	0.86806	50.52	0.521	rgb(223,118,119)	1.9906	None
ETV1	POU5F1	-0.86806	50.52	-5.2E-01	rgb(105,149,237)	1.9906	None
GATA2	CNGA4	0.86806	50.52	0.52	rgb(223,118,119)	1.9906	None
GATA2	ILDR2	0.86806	50.52	0.516	rgb(223,118,119)	1.9906	None
GATA4	GREB1	-0.86806	50.52	-5.2E-01	rgb(104,148,237)	1.9906	None
GATA4	PCED1B-AS1	-0.86806	50.52	-5.2E-01	rgb(104,148,237)	1.9906	None
GATA4	PLTP	-0.86806	50.52	-5.2E-01	rgb(104,148,237)	1.9906	None
GATA4	RASL11B	-0.86806	50.52	-5.2E-01	rgb(105,149,237)	1.9906	None
HHEX	AK093555	0.86806	50.52	0.524	rgb(223,117,118)	1.9906	2,2
NKX2-2	ACSL6	-0.86806	50.52	-5.2E-01	rgb(103,148,237)	1.9906	None
NKX2-2	FAM196A	0.86806	50.52	0.515	rgb(223,119,120)	1.9906	2,2
ONECUT2	AX747850	0.86806	50.52	0.519	rgb(223,118,119)	1.9906	2,2
PBX3	ADAMTSL2	0.86806	50.52	0.524	rgb(223,117,118)	1.9906	None
PBX3	PTGDR2	0.86806	50.52	0.52	rgb(223,118,119)	1.9906	None
PROX1	ATP6V1B1	0.86806	50.52	0.516	rgb(223,118,119)	1.9906	None
PROX1	BC043205	0.86806	50.52	0.523	rgb(223,117,118)	1.9906	2,2
SIX2	BEND5	-0.86806	50.52	-5.2E-01	rgb(103,148,237)	1.9906	None
SIX2	UNC93A	-0.86806	50.52	-5.2E-01	rgb(104,148,237)	1.9906	None
SPIB	NOVA2	0.86806	50.52	0.521	rgb(223,117,118)	1.9906	None
TEAD1	GIP	-0.86806	50.52	-5.2E-01	rgb(103,148,237)	1.9906	None
TEAD1	GPR162	-0.86806	50.52	-5.2E-01	rgb(103,148,237)	1.9906	None
TGIF2	KCNK17	0.86806	50.52	0.523	rgb(223,117,118)	1.9906	None
TP73	NR4A3	0.86806	50.52	0.519	rgb(223,118,119)	1.9906	None
ZFP82	CCL19	0.86806	50.52	0.515	rgb(223,119,120)	1.9906	None
ZFP82	STARD8	-0.86806	50.52	-5.2E-01	rgb(104,148,237)	1.9906	None
ZNF846	KDM1A	0.86806	50.52	0.519	rgb(223,118,119)	1.9906	None
ZNF846	SPDYE1	-0.86806	50.52	-5.2E-01	rgb(104,149,237)	1.9906	None
ZNF846	UCKL1-AS1	-0.86806	50.52	-5.2E-01	rgb(104,148,237)	1.9906	None
AKNA	LQFBS-1	-0.86806	50.52	-5.2E-01	rgb(105,149,237)	1.9906	2,2
ATOH8	NEURL	0.86806	50.52	0.517	rgb(223,118,119)	1.9906	2,2
CCDC17	AK054970	0.86806	50.52	0.524	rgb(223,117,118)	1.9906	2,2
KCNIP3	GPC5-AS1	0.86806	50.52	0.521	rgb(223,118,119)	1.9906	2,2
KCNIP3	LINC00340	0.86806	50.52	0.516	rgb(223,119,120)	1.9906	2,2
SIM1	LINC00617	0.86806	50.52	0.523	rgb(223,117,118)	1.9906	2,2
ZNF514	AX747850	0.86806	50.52	0.516	rgb(223,118,119)	1.9906	2,2
ARX	RNF213	0.86526	50.51	0.511	rgb(223,119,120)	1.9904	None
ELF4	PDX1	0.86526	50.51	0.509	rgb(223,120,121)	1.9904	None
ETS1	KCNK16	-0.86526	50.51	-5.1E-01	rgb(107,150,236)	1.9904	None
ETS1	SSPO	-0.86526	50.51	-5.1E-01	rgb(107,150,236)	1.9904	None
ETV1	BTBD17	0.86526	50.51	0.513	rgb(223,119,120)	1.9904	None
FOXA1	FMN2	0.86526	50.51	0.506	rgb(223,120,121)	1.9904	None
FOXA1	UBN2	0.86526	50.51	0.514	rgb(223,119,120)	1.9904	None
FOXD4L5	FSTL5	0.86526	50.51	0.509	rgb(223,120,121)	1.9904	None
GATA2	CD300LF	-0.86526	50.51	-5.1E-01	rgb(105,149,237)	1.9904	None
GATA4	MLXIPL	-0.86526	50.51	-5.1E-01	rgb(106,149,237)	1.9904	None
GATA4	MYEF2	-0.86526	50.51	-5.1E-01	rgb(107,150,236)	1.9904	None
GATA4	SH2D3C	0.86526	50.51	0.505	rgb(223,120,121)	1.9904	None
GATA4	SSPO	-0.86526	50.51	-5.1E-01	rgb(107,150,236)	1.9904	None
GATA4	TTC25	0.86526	50.51	0.51	rgb(223,120,121)	1.9904	None
INSM1	AX747090	0.86526	50.51	0.506	rgb(223,120,121)	1.9904	2,2
LHX1	CORO2B	-0.86526	50.51	-5.1E-01	rgb(107,150,236)	1.9904	None
LMX1B	FXYD6	0.86526	50.51	0.509	rgb(223,120,121)	1.9904	None
MAFA	CCL19	0.86526	50.51	0.509	rgb(223,120,121)	1.9904	None
MAFB	CCDC88A	-0.86526	50.51	-5.1E-01	rgb(107,150,236)	1.9904	None
MAFF	AK091593	-0.86526	50.51	-5.1E-01	rgb(106,150,236)	1.9904	2,2
NEUROD2	TMEM35	0.86526	50.51	0.508	rgb(223,120,121)	1.9904	2,2
NKX2-2	MXI1	0.86526	50.51	0.507	rgb(223,120,121)	1.9904	None
NKX6-1	RNF213	0.86526	50.51	0.511	rgb(223,119,120)	1.9904	None
NR4A3	USH1G	0.86526	50.51	0.514	rgb(223,119,120)	1.9904	None
PBX3	ATOH8	0.86526	50.51	0.513	rgb(223,119,120)	1.9904	None
PBX3	CYMP	0.86526	50.51	0.512	rgb(223,119,120)	1.9904	None
PDX1	MAP9	0.86526	50.51	0.505	rgb(223,120,121)	1.9904	None
POU5F1	HMGB3	0.86526	50.51	0.514	rgb(223,119,120)	1.9904	None
PRDM16	CACNG4	-0.86526	50.51	-5.1E-01	rgb(107,150,236)	1.9904	None
RFX2	FOXJ1	0.86526	50.51	0.509	rgb(223,120,121)	1.9904	None
RFX6	MPP2	0.86526	50.51	0.51	rgb(223,120,121)	1.9904	None
SMAD9	SMA5	0.86526	50.51	0.509	rgb(223,120,121)	1.9904	2,2
TEAD1	HDAC7	0.86526	50.51	0.506	rgb(223,120,121)	1.9904	None
ZNF846	LRP3	0.86526	50.51	0.507	rgb(223,120,121)	1.9904	None
AEBP1	FAM179A	0.86526	50.51	0.507	rgb(223,120,121)	1.9904	2,2
CCDC17	AL832212	0.86526	50.51	0.511	rgb(223,119,120)	1.9904	2,2
NPAS3	AK022997	0.86526	50.51	0.513	rgb(223,119,120)	1.9904	2,2
ZBTB25	SUMO1P3	0.86526	50.51	0.51	rgb(223,120,121)	1.9904	2,2
ZNF514	JX088243	0.86526	50.51	0.509	rgb(223,120,121)	1.9904	2,2
DPF3	LOC100272216	0.86245	50.5	0.504	rgb(223,121,122)	1.9902	2,2
EGR3	STXBP1	0.86245	50.5	0.501	rgb(223,121,122)	1.9902	None
ETS1	SLC26A7	-0.86245	50.5	-5.0E-01	rgb(108,151,236)	1.9902	None
ETV1	ATP6V1G2	0.86245	50.5	0.499	rgb(222,122,123)	1.9902	None
ETV1	BRSK1	0.86245	50.5	0.504	rgb(223,121,122)	1.9902	None
FOXD4L5	COL6A4P2	0.86245	50.5	0.502	rgb(223,121,122)	1.9902	None
HIF1A	AGT	-0.86245	50.5	-5.0E-01	rgb(109,151,236)	1.9902	None
HIF1A	SSTR5-AS1	-0.86245	50.5	-5.0E-01	rgb(108,150,236)	1.9902	None
HOMEZ	CECR6	-0.86245	50.5	-5.0E-01	rgb(110,152,236)	1.9902	2,2
HSF2	SMKR1	0.86245	50.5	0.497	rgb(222,122,123)	1.9902	None
ISL1	BC022892	0.86245	50.5	0.502	rgb(223,121,122)	1.9902	2,2
ISL1	HOPX	0.86245	50.5	0.501	rgb(223,121,122)	1.9902	None
LHX1	MCM3AP-AS1	0.86245	50.5	0.496	rgb(222,122,123)	1.9902	None
LMX1B	BC040358	-0.86245	50.5	-5.0E-01	rgb(108,151,236)	1.9902	2,2
LMX1B	ENPP2	0.86245	50.5	0.495	rgb(222,122,123)	1.9902	None
LMX1B	RGS16	0.86245	50.5	0.505	rgb(223,121,122)	1.9902	None
MLXIPL	AX747833	-0.86245	50.5	-5.0E-01	rgb(109,151,236)	1.9902	2,2
NEUROG3	AK056486	0.86245	50.5	0.5	rgb(223,121,122)	1.9902	2,2
NEUROG3	POM121L10P	0.86245	50.5	0.503	rgb(223,121,122)	1.9902	None
NKX2-2	ANKFN1	0.86245	50.5	0.503	rgb(223,121,122)	1.9902	None
NKX2-2	NEFL	-0.86245	50.5	-5.0E-01	rgb(109,151,236)	1.9902	None
NKX2-2	RFX2	0.86245	50.5	0.502	rgb(223,121,122)	1.9902	None
ONECUT2	PKHD1L1	-0.86245	50.5	-5.0E-01	rgb(109,152,236)	1.9902	None
ONECUT3	MAST1	0.86245	50.5	0.505	rgb(223,121,122)	1.9902	None
PAX6	REEP2	-0.86245	50.5	-5.0E-01	rgb(109,151,236)	1.9902	None
PBX3	KLK12	0.86245	50.5	0.496	rgb(222,122,123)	1.9902	None
PBX3	VASH2	0.86245	50.5	0.496	rgb(222,122,123)	1.9902	None
POU5F1	EGR3	0.86245	50.5	0.501	rgb(223,121,122)	1.9902	None
PRDM16	PLGLB2	-0.86245	50.5	-5.0E-01	rgb(109,151,236)	1.9902	2,2
PROX1	TAS2R20	0.86245	50.5	0.504	rgb(223,121,122)	1.9902	2,2
RFX6	MAPK10	0.86245	50.5	0.502	rgb(223,121,122)	1.9902	None
TET1	PRDM16	0.86245	50.5	0.505	rgb(223,121,122)	1.9902	None
TP73	LRFN1	0.86245	50.5	0.499	rgb(222,122,123)	1.9902	None
ZNF492	AX746823	0.86245	50.5	0.498	rgb(222,122,123)	1.9902	2,2
ZNF846	ENTPD1	-0.86245	50.5	-5.0E-01	rgb(109,152,236)	1.9902	None
ZBTB25	ZNF788	0.86245	50.5	0.504	rgb(223,121,122)	1.9902	2,2
ARX	GOLGA8B	0.85964	50.49	0.494	rgb(222,123,124)	1.99	None
ARX	PLEKHH2	0.85964	50.49	0.49	rgb(222,124,124)	1.99	None
ARX	SLC25A27	0.85964	50.49	0.488	rgb(222,124,125)	1.99	None
ASCL1	CADM3	0.85964	50.49	0.494	rgb(222,123,124)	1.99	None
E2F7	APLN	0.85964	50.49	0.487	rgb(222,124,125)	1.99	None
E2F7	MYBPC3	-0.85964	50.49	-4.9E-01	rgb(111,153,236)	1.99	None
ETV1	GNAO1	0.85964	50.49	0.488	rgb(222,124,125)	1.99	None
GATA4	ID4	0.85964	50.49	0.493	rgb(222,123,124)	1.99	None
LHX1	CD52	-0.85964	50.49	-4.9E-01	rgb(110,152,236)	1.99	None
LHX1	QDPR	-0.85964	50.49	-4.9E-01	rgb(110,152,236)	1.99	None
MAFA	BCRP3	-0.85964	50.49	-4.9E-01	rgb(110,152,236)	1.99	None
MAFA	SLC16A12	0.85964	50.49	0.495	rgb(222,123,123)	1.99	None
MAFF	FEV	0.85964	50.49	0.489	rgb(222,124,125)	1.99	None
NEUROG3	IL17C	0.85964	50.49	0.485	rgb(222,124,125)	1.99	None
NEUROG3	SCHIP1	-0.85964	50.49	-4.9E-01	rgb(111,153,236)	1.99	None
NHLH1	RCOR2	0.85964	50.49	0.49	rgb(222,123,124)	1.99	None
NKX2-2	CDRT4	0.85964	50.49	0.494	rgb(222,123,124)	1.99	None
NKX2-2	LEFTY1	0.85964	50.49	0.49	rgb(222,123,124)	1.99	None
NKX2-2	SLC8A1	-0.85964	50.49	-4.9E-01	rgb(110,152,236)	1.99	None
NKX6-1	AB073649	0.85964	50.49	0.486	rgb(222,124,125)	1.99	2,2
NKX6-1	BC053580	0.85964	50.49	0.489	rgb(222,124,125)	1.99	2,2
PAX6	AB073649	-0.85964	50.49	-4.9E-01	rgb(111,152,236)	1.99	2,2
PBX3	HEYL	0.85964	50.49	0.493	rgb(222,123,124)	1.99	None
RFX6	EVL	0.85964	50.49	0.489	rgb(222,124,125)	1.99	None
RFX6	TTC7B	0.85964	50.49	0.492	rgb(222,123,124)	1.99	None
SIX2	SIDT1	-0.85964	50.49	-4.9E-01	rgb(111,152,236)	1.99	None
SPIB	MYBPC2	-0.85964	50.49	-4.9E-01	rgb(111,153,236)	1.99	None
SPIB	TNFRSF6B	0.85964	50.49	0.485	rgb(222,124,125)	1.99	None
TEAD1	CTXN1	0.85964	50.49	0.49	rgb(222,123,124)	1.99	None
TGIF2	OR51E1	0.85964	50.49	0.485	rgb(222,124,125)	1.99	None
ZNF382	GFRA3	-0.85964	50.49	-4.9E-01	rgb(111,152,236)	1.99	None
ZNF382	KAL1	-0.85964	50.49	-4.9E-01	rgb(111,153,236)	1.99	2,2
ZNF846	PLEKHH2	-0.85964	50.49	-4.9E-01	rgb(112,153,235)	1.99	None
CSRNP3	LINC00340	0.85964	50.49	0.489	rgb(222,124,124)	1.99	2,2
MYSM1	AK090844	0.85964	50.49	0.493	rgb(222,123,124)	1.99	2,2
ZNF117	TTC18	0.85964	50.49	0.487	rgb(222,124,125)	1.99	2,2
ARNT2	SLC25A53	-0.85683	50.48	-4.8E-01	rgb(112,153,235)	1.9898	None
EGR3	ATP6V0E2	0.85683	50.48	0.479	rgb(222,126,127)	1.9898	None
EGR3	SFTPA2	0.85683	50.48	0.482	rgb(222,125,126)	1.9898	None
ELF4	NCS1	0.85683	50.48	0.475	rgb(222,126,127)	1.9898	None
ETV1	XKR7	0.85683	50.48	0.481	rgb(222,125,126)	1.9898	None
GATA2	AK026379	0.85683	50.48	0.479	rgb(222,126,126)	1.9898	2,2
GATA4	ITPRIP	-0.85683	50.48	-4.8E-01	rgb(113,154,235)	1.9898	None
GATA4	PTPRN	0.85683	50.48	0.477	rgb(222,126,127)	1.9898	None
GATA4	SUSD2	-0.85683	50.48	-4.8E-01	rgb(113,154,235)	1.9898	None
HIF1A	SSTR1	-0.85683	50.48	-4.8E-01	rgb(113,154,235)	1.9898	None
HSF2	F10	-0.85683	50.48	-4.8E-01	rgb(112,153,235)	1.9898	None
HSF2	SEZ6	-0.85683	50.48	-4.8E-01	rgb(112,153,235)	1.9898	None
HSF2	SOCS1	0.85683	50.48	0.479	rgb(222,125,126)	1.9898	None
ISL1	CABP4	-0.85683	50.48	-4.8E-01	rgb(113,154,235)	1.9898	None
NEUROD2	FAM105A	0.85683	50.48	0.483	rgb(222,125,126)	1.9898	2,2
NEUROG3	CDHR3	0.85683	50.48	0.483	rgb(222,125,126)	1.9898	None
NKX2-2	FAM92B	-0.85683	50.48	-4.8E-01	rgb(114,154,235)	1.9898	None
NKX2-2	PNPO	0.85683	50.48	0.483	rgb(222,125,126)	1.9898	None
ONECUT2	MRPL34	-0.85683	50.48	-4.8E-01	rgb(112,153,235)	1.9898	None
PBX3	HCP5	0.85683	50.48	0.482	rgb(222,125,126)	1.9898	None
PBX3	SSTR5	-0.85683	50.48	-4.8E-01	rgb(113,154,235)	1.9898	None
PDX1	KCNH8	0.85683	50.48	0.478	rgb(222,126,127)	1.9898	None
PDX1	SPP1	0.85683	50.48	0.479	rgb(222,126,127)	1.9898	None
POU5F1	MEX3A	0.85683	50.48	0.484	rgb(222,125,126)	1.9898	None
SMAD9	MAPK12	0.85683	50.48	0.483	rgb(222,125,126)	1.9898	None
SMAD9	SGCD	0.85683	50.48	0.48	rgb(222,125,126)	1.9898	None
TEAD1	SLC8A1	-0.85683	50.48	-4.8E-01	rgb(112,153,235)	1.9898	None
ZFP28	SLC38A5	-0.85683	50.48	-4.8E-01	rgb(112,153,235)	1.9898	None
ZNF382	GNAO1	-0.85683	50.48	-4.8E-01	rgb(113,154,235)	1.9898	None
ATOH8	TMEM59L	0.85683	50.48	0.482	rgb(222,125,126)	1.9898	2,2
CCDC17	AX747833	0.85683	50.48	0.484	rgb(222,125,126)	1.9898	2,2
CSRNP3	LRP1B	0.85683	50.48	0.484	rgb(222,125,126)	1.9898	2,2
DACH1	ARHGEF25	0.85683	50.48	0.475	rgb(222,126,127)	1.9898	2,2
KCNIP3	BEX1	0.85683	50.48	0.483	rgb(222,125,126)	1.9898	2,2
KCNIP3	FAM179A	0.85683	50.48	0.484	rgb(222,125,126)	1.9898	2,2
SIM1	ASCL1	0.85683	50.48	0.48	rgb(222,125,126)	1.9898	2,2
ZNF514	LOC731275	0.85683	50.48	0.485	rgb(222,124,125)	1.9898	2,2
DPF3	TMEM145	0.85403	50.47	0.47	rgb(222,127,128)	1.9896	None
E2F7	E2F7	0.85403	50.47	0.469	rgb(222,127,128)	1.9896	None
EGR3	GATA4	-0.85403	50.47	-4.7E-01	rgb(114,154,235)	1.9896	None
EGR3	SFMBT2	0.85403	50.47	0.471	rgb(222,127,128)	1.9896	None
ETS1	OLFML2B	0.85403	50.47	0.47	rgb(222,127,128)	1.9896	None
ETV1	ST8SIA3	0.85403	50.47	0.468	rgb(222,128,129)	1.9896	None
GATA4	LOC100188947	-0.85403	50.47	-4.7E-01	rgb(115,155,235)	1.9896	2,2
GATA4	MICAL2	0.85403	50.47	0.467	rgb(222,128,129)	1.9896	None
HMBOX1	CELA3A	-0.85403	50.47	-4.7E-01	rgb(116,156,235)	1.9896	None
LHX1	GATA4	0.85403	50.47	0.468	rgb(222,128,129)	1.9896	None
MAFA	COL6A4P2	0.85403	50.47	0.474	rgb(222,126,127)	1.9896	None
MYRF	NEUROD1	0.85403	50.47	0.472	rgb(222,127,128)	1.9896	None
NEUROD1	IMPG1	-0.85403	50.47	-4.7E-01	rgb(116,156,235)	1.9896	None
NEUROD1	NKX2-2	0.85403	50.47	0.473	rgb(222,127,128)	1.9896	None
PAX6	NFAT5	-0.85403	50.47	-4.7E-01	rgb(114,154,235)	1.9896	None
PAX6	PLEKHH2	-0.85403	50.47	-4.7E-01	rgb(114,155,235)	1.9896	None
PDX1	CD52	-0.85403	50.47	-4.7E-01	rgb(116,155,235)	1.9896	None
PRDM16	OR51E1	-0.85403	50.47	-4.7E-01	rgb(114,154,235)	1.9896	None
PRDM16	RGS14	-0.85403	50.47	-4.7E-01	rgb(114,155,235)	1.9896	None
RFX6	GDF11	0.85403	50.47	0.473	rgb(222,127,128)	1.9896	None
SIX2	KCNK16	0.85403	50.47	0.469	rgb(222,127,128)	1.9896	None
TFCP2L1	PCDHB16	0.85403	50.47	0.473	rgb(222,127,128)	1.9896	None
TFCP2L1	PCDHB9	0.85403	50.47	0.466	rgb(222,128,129)	1.9896	None
TFCP2L1	SH3RF3-AS1	0.85403	50.47	0.473	rgb(222,127,128)	1.9896	None
ZNF492	USP32P2	0.85403	50.47	0.466	rgb(222,128,129)	1.9896	None
AEBP1	WISP1	-0.85403	50.47	-4.7E-01	rgb(114,155,235)	1.9896	2,2
ATOH8	BAI1	0.85403	50.47	0.469	rgb(222,127,128)	1.9896	2,2
MYSM1	AK125301	0.85403	50.47	0.466	rgb(222,128,129)	1.9896	2,2
MYT1	NOV	0.85403	50.47	0.475	rgb(222,126,127)	1.9896	2,2
NPAS3	BC041484	0.85403	50.47	0.47	rgb(222,127,128)	1.9896	2,2
SIM1	ARX	0.85403	50.47	0.467	rgb(222,128,129)	1.9896	2,2
SIM1	DCX	0.85403	50.47	0.468	rgb(222,128,129)	1.9896	2,2
ARX	STMN4	-0.85122	50.46	-4.6E-01	rgb(118,157,234)	1.9894	None
E2F7	CRISPLD2	0.85122	50.46	0.463	rgb(222,129,129)	1.9894	None
EGR3	CITED2	0.85122	50.46	0.458	rgb(222,130,130)	1.9894	None
EGR3	MAGED4	0.85122	50.46	0.457	rgb(222,130,131)	1.9894	None
EGR3	TAF9B	-0.85122	50.46	-4.6E-01	rgb(117,156,234)	1.9894	None
ELF4	CNPY1	-0.85122	50.46	-4.6E-01	rgb(117,156,234)	1.9894	None
ELF4	LSP1	-0.85122	50.46	-4.6E-01	rgb(117,156,235)	1.9894	None
ETS1	GABRG2	-0.85122	50.46	-4.6E-01	rgb(118,156,234)	1.9894	None
ETS1	MIAT	-0.85122	50.46	-4.6E-01	rgb(116,156,235)	1.9894	None
ETS1	MIPOL1	-0.85122	50.46	-4.6E-01	rgb(117,156,234)	1.9894	None
ETV1	APOA1	0.85122	50.46	0.461	rgb(222,129,130)	1.9894	None
ETV1	DCHS1	0.85122	50.46	0.456	rgb(222,130,131)	1.9894	None
ETV1	HGFAC	0.85122	50.46	0.463	rgb(222,129,130)	1.9894	None
ETV1	SLC30A8	0.85122	50.46	0.465	rgb(222,128,129)	1.9894	None
GATA4	ANKRD45	-0.85122	50.46	-4.6E-01	rgb(118,157,234)	1.9894	None
GATA4	IGF2	0.85122	50.46	0.459	rgb(222,129,130)	1.9894	2,2
GATA4	ISL1	0.85122	50.46	0.459	rgb(222,129,130)	1.9894	None
GATA4	LINGO1	-0.85122	50.46	-4.6E-01	rgb(118,157,234)	1.9894	None
GATA4	SLC7A4	-0.85122	50.46	-4.6E-01	rgb(117,156,234)	1.9894	None
GATA4	USP6	-0.85122	50.46	-4.6E-01	rgb(117,156,234)	1.9894	None
HSF2	LRRTM3	-0.85122	50.46	-4.6E-01	rgb(118,157,234)	1.9894	None
MYRF	LOC100271836	-0.85122	50.46	-4.6E-01	rgb(117,156,235)	1.9894	2,2
NEUROG3	AKT3	0.85122	50.46	0.461	rgb(222,129,130)	1.9894	None
NEUROG3	PCDH20	0.85122	50.46	0.456	rgb(222,130,131)	1.9894	None
NKX2-2	AK128619	-0.85122	50.46	-4.6E-01	rgb(117,156,234)	1.9894	2,2
NKX6-1	SIRPA	0.85122	50.46	0.457	rgb(222,130,131)	1.9894	None
PAX6	CR627394	-0.85122	50.46	-4.6E-01	rgb(117,156,235)	1.9894	2,2
RFX3	CREBRF	-0.85122	50.46	-4.6E-01	rgb(118,157,234)	1.9894	None
RFX6	CEP290	-0.85122	50.46	-4.6E-01	rgb(118,156,234)	1.9894	None
TEAD1	DOCK8	-0.85122	50.46	-4.6E-01	rgb(117,156,234)	1.9894	None
TFCP2L1	GPR148	0.85122	50.46	0.462	rgb(222,129,130)	1.9894	None
TFCP2L1	NOXO1	0.85122	50.46	0.46	rgb(222,129,130)	1.9894	None
TGIF2	SGCD	0.85122	50.46	0.463	rgb(222,129,129)	1.9894	None
ZFP92	PEX5L	0.85122	50.46	0.464	rgb(222,128,129)	1.9894	None
ZNF519	GPRIN3	0.85122	50.46	0.456	rgb(222,130,131)	1.9894	None
ZNF846	B3GAT1	-0.85122	50.46	-4.6E-01	rgb(118,157,234)	1.9894	None
ZNF846	SNED1	-0.85122	50.46	-4.6E-01	rgb(118,157,234)	1.9894	None
CCDC17	AX748336	0.85122	50.46	0.462	rgb(222,129,130)	1.9894	2,2
CCDC17	IFNE	0.85122	50.46	0.464	rgb(222,128,129)	1.9894	2,2
CCDC17	LOC100652999	0.85122	50.46	0.46	rgb(222,129,130)	1.9894	2,2
MYT1	LOC100507351	0.85122	50.46	0.458	rgb(222,129,130)	1.9894	2,2
ZNF514	AK128563	0.85122	50.46	0.463	rgb(222,129,129)	1.9894	2,2
ARX	HOPX	-0.84841	50.45	-4.5E-01	rgb(120,158,234)	1.9892	None
EBF3	SCN3B	0.84841	50.45	0.453	rgb(222,130,131)	1.9892	None
ETV1	B3GAT1	0.84841	50.45	0.447	rgb(222,132,132)	1.9892	None
ETV1	CNR1	0.84841	50.45	0.45	rgb(222,131,132)	1.9892	None
ETV1	PDZRN3	0.84841	50.45	0.449	rgb(222,131,132)	1.9892	None
FEV	CHST10	0.84841	50.45	0.448	rgb(222,132,132)	1.9892	None
FOXP2	SGCD	-0.84841	50.45	-4.5E-01	rgb(119,157,234)	1.9892	None
HMBOX1	PBX1	0.84841	50.45	0.454	rgb(222,130,131)	1.9892	None
HSF2	GCG	-0.84841	50.45	-4.5E-01	rgb(119,158,234)	1.9892	None
LHX1	DLL1	-0.84841	50.45	-4.5E-01	rgb(119,157,234)	1.9892	None
LHX1	LRP3	-0.84841	50.45	-4.5E-01	rgb(119,157,234)	1.9892	None
LHX1	SDK2	-0.84841	50.45	-4.5E-01	rgb(119,157,234)	1.9892	None
LMX1A	SCUBE1	-0.84841	50.45	-4.5E-01	rgb(119,157,234)	1.9892	None
MAFA	PAPPA2	0.84841	50.45	0.453	rgb(222,130,131)	1.9892	None
MXI1	PLTP	0.84841	50.45	0.452	rgb(222,131,132)	1.9892	None
NEUROD2	MYEF2	0.84841	50.45	0.45	rgb(222,131,132)	1.9892	None
NEUROG3	TTLL7	0.84841	50.45	0.452	rgb(222,131,132)	1.9892	None
ONECUT1	SYNE2	0.84841	50.45	0.451	rgb(222,131,132)	1.9892	None
ONECUT2	ATP6V1G2	-0.84841	50.45	-4.5E-01	rgb(119,157,234)	1.9892	None
PBX3	ISL1	-0.84841	50.45	-4.5E-01	rgb(119,158,234)	1.9892	None
PRDM16	MCOLN3	-0.84841	50.45	-4.5E-01	rgb(119,157,234)	1.9892	None
PROX1	PAM	-0.84841	50.45	-4.5E-01	rgb(119,158,234)	1.9892	None
RFX3	LRP3	0.84841	50.45	0.448	rgb(222,131,132)	1.9892	None
RFX6	BEX1	0.84841	50.45	0.447	rgb(222,132,132)	1.9892	2,2
ZNF492	ZDHHC11	0.84841	50.45	0.448	rgb(222,131,132)	1.9892	None
CCDC17	GAST	0.84841	50.45	0.449	rgb(222,131,132)	1.9892	2,2
NPAS3	FAM181B	0.84841	50.45	0.452	rgb(222,131,132)	1.9892	2,2
SIM1	FAM196A	0.84841	50.45	0.451	rgb(222,131,132)	1.9892	2,2
SIM1	GPR64	0.84841	50.45	0.454	rgb(222,130,131)	1.9892	2,2
ARX	HEY1	-0.84561	50.44	-4.4E-01	rgb(120,158,234)	1.989	None
ELF4	JMJD7-PLA2G4B	-0.84561	50.44	-4.4E-01	rgb(122,159,234)	1.989	None
ETS1	CTXN1	0.84561	50.44	0.437	rgb(222,134,134)	1.989	None
ETV1	HEPACAM2	0.84561	50.44	0.438	rgb(222,133,134)	1.989	None
FOXJ1	ANGPT2	-0.84561	50.44	-4.4E-01	rgb(122,159,234)	1.989	None
HLF	GRAMD2	-0.84561	50.44	-4.4E-01	rgb(121,159,234)	1.989	2,2
LHX1	TMOD2	-0.84561	50.44	-4.4E-01	rgb(122,159,234)	1.989	None
LMX1B	BC041025	-0.84561	50.44	-4.4E-01	rgb(122,159,234)	1.989	2,2
NEUROD2	ST18	0.84561	50.44	0.435	rgb(222,134,135)	1.989	None
NHLH1	APBB2	-0.84561	50.44	-4.4E-01	rgb(121,159,234)	1.989	None
NKX2-2	LINC00514	-0.84561	50.44	-4.4E-01	rgb(121,158,234)	1.989	None
ONECUT1	MDN1	0.84561	50.44	0.444	rgb(222,132,133)	1.989	None
PAX4	USP13	0.84561	50.44	0.445	rgb(222,132,133)	1.989	None
PAX4	ZNF883	0.84561	50.44	0.435	rgb(222,134,135)	1.989	None
PAX6	PLAG1	-0.84561	50.44	-4.4E-01	rgb(122,159,234)	1.989	None
PBX3	AKR1B1	0.84561	50.44	0.44	rgb(222,133,134)	1.989	None
PBX3	BCRP3	0.84561	50.44	0.44	rgb(222,133,134)	1.989	None
PROX1	RSPH4A	0.84561	50.44	0.443	rgb(222,132,133)	1.989	None
SPIB	SPDYE7P	-0.84561	50.44	-4.4E-01	rgb(122,159,234)	1.989	None
ZNF382	DPP10	-0.84561	50.44	-4.4E-01	rgb(122,159,234)	1.989	None
CCDC17	ZNF788	0.84561	50.44	0.441	rgb(222,133,134)	1.989	2,2
CSRNP3	LOC441204	0.84561	50.44	0.443	rgb(222,132,133)	1.989	2,2
MYT1	ARX	0.84561	50.44	0.437	rgb(222,134,134)	1.989	2,2
ASCL2	SBK1	0.8428	50.43	0.434	rgb(222,134,135)	1.9888	None
EBF3	KCNG1	0.8428	50.43	0.431	rgb(222,135,136)	1.9888	None
EGR3	RRAGD	0.8428	50.43	0.432	rgb(222,135,135)	1.9888	None
ELF4	IGFN1	-0.8428	50.43	-4.3E-01	rgb(123,160,233)	1.9888	None
ELF4	INSRR	-0.8428	50.43	-4.3E-01	rgb(124,161,233)	1.9888	None
ELF4	PFN1P2	-0.8428	50.43	-4.3E-01	rgb(124,160,233)	1.9888	2,2
ETS1	SPDYE7P	-0.8428	50.43	-4.3E-01	rgb(125,161,233)	1.9888	None
ETV1	GPR155	0.8428	50.43	0.429	rgb(222,135,136)	1.9888	None
ETV1	NAT14	0.8428	50.43	0.434	rgb(222,134,135)	1.9888	None
HHEX	PNMAL1	0.8428	50.43	0.431	rgb(222,135,136)	1.9888	2,2
NEUROD1	B3GNTL1	0.8428	50.43	0.43	rgb(222,135,136)	1.9888	None
NEUROD1	LINC00494	0.8428	50.43	0.433	rgb(222,134,135)	1.9888	None
NEUROG3	CYP27C1	0.8428	50.43	0.431	rgb(222,135,136)	1.9888	None
NEUROG3	LOC100996634	0.8428	50.43	0.434	rgb(222,134,135)	1.9888	2,2
PBX3	SUSD2	0.8428	50.43	0.433	rgb(222,134,135)	1.9888	None
RFX6	TTLL6	0.8428	50.43	0.432	rgb(222,135,135)	1.9888	None
ZNF492	GATA4	-0.8428	50.43	-4.3E-01	rgb(123,160,233)	1.9888	None
ZNF846	SLC7A2	0.8428	50.43	0.428	rgb(222,135,136)	1.9888	None
CCDC17	LOC100288332	0.8428	50.43	0.427	rgb(222,135,136)	1.9888	2,2
SIM1	AFF2	0.8428	50.43	0.435	rgb(222,134,135)	1.9888	2,2
ZNF788	SHISA9	0.8428	50.43	0.433	rgb(222,134,135)	1.9888	2,2
DPF3	AX747590	0.83999	50.42	0.423	rgb(222,136,137)	1.9886	2,2
DPF3	DNM3	0.83999	50.42	0.422	rgb(222,136,137)	1.9886	None
ETV1	GATA4	0.83999	50.42	0.422	rgb(222,136,137)	1.9886	None
ETV1	ZBTB25	-0.83999	50.42	-4.2E-01	rgb(125,161,233)	1.9886	None
FEV	SLC30A4	-0.83999	50.42	-4.2E-01	rgb(125,161,233)	1.9886	None
GATA4	ASIC1	-0.83999	50.42	-4.2E-01	rgb(126,161,233)	1.9886	None
ISL1	CEP290	0.83999	50.42	0.423	rgb(222,136,137)	1.9886	None
LMX1B	EPHB3	0.83999	50.42	0.418	rgb(222,137,138)	1.9886	None
LMX1B	NKTR	-0.83999	50.42	-4.2E-01	rgb(125,161,233)	1.9886	None
MAFA	SCT	0.83999	50.42	0.416	rgb(222,137,138)	1.9886	None
MAFF	CACNA1A	0.83999	50.42	0.419	rgb(222,137,138)	1.9886	None
NR4A2	POU6F1	0.83999	50.42	0.422	rgb(222,136,137)	1.9886	None
ONECUT2	CELSR3	-0.83999	50.42	-4.2E-01	rgb(125,161,233)	1.9886	None
ONECUT2	ELFN1	-0.83999	50.42	-4.2E-01	rgb(125,161,233)	1.9886	None
PAX6	LRP2BP	-0.83999	50.42	-4.2E-01	rgb(127,162,233)	1.9886	None
PAX6	WWC2-AS2	0.83999	50.42	0.42	rgb(222,137,138)	1.9886	None
PBX3	FLJ38723	0.83999	50.42	0.419	rgb(222,137,138)	1.9886	2,2
RFX2	MMRN1	0.83999	50.42	0.423	rgb(222,136,137)	1.9886	None
RFX6	PAK7	0.83999	50.42	0.417	rgb(222,137,138)	1.9886	2,2
SMAD9	XKR7	0.83999	50.42	0.417	rgb(222,137,138)	1.9886	None
SPIB	CLDN6	0.83999	50.42	0.424	rgb(222,136,137)	1.9886	None
SPIB	GRIN2C	-0.83999	50.42	-4.2E-01	rgb(127,162,233)	1.9886	None
SPIB	PTHLH	0.83999	50.42	0.415	rgb(222,138,139)	1.9886	None
TGIF2	IFI6	0.83999	50.42	0.423	rgb(222,136,137)	1.9886	None
ZNF846	FUT1	0.83999	50.42	0.424	rgb(222,136,137)	1.9886	None
JAZF1	AK025975	-0.83999	50.42	-4.2E-01	rgb(125,161,233)	1.9886	2,2
ELF4	JAKMIP2	-0.83718	50.41	-4.1E-01	rgb(128,163,233)	1.9884	None
ELF4	ZFP28	-0.83718	50.41	-4.1E-01	rgb(127,162,233)	1.9884	None
ETS1	MAP1A	-0.83718	50.41	-4.1E-01	rgb(128,163,233)	1.9884	None
ETS1	UCKL1-AS1	-0.83718	50.41	-4.1E-01	rgb(128,163,233)	1.9884	None
GATA2	RIIAD1	0.83718	50.41	0.407	rgb(221,139,140)	1.9884	None
GATA4	FEV	0.83718	50.41	0.406	rgb(221,139,140)	1.9884	None
GATA4	LRRC49	0.83718	50.41	0.41	rgb(222,139,139)	1.9884	None
GLIS2	HIC1	-0.83718	50.41	-4.1E-01	rgb(128,163,233)	1.9884	None
HSF2	CNPY1	-0.83718	50.41	-4.1E-01	rgb(128,163,233)	1.9884	None
MAFF	AX746771	-0.83718	50.41	-4.1E-01	rgb(129,163,232)	1.9884	2,2
MYRF	LOC100131564	-0.83718	50.41	-4.1E-01	rgb(127,162,233)	1.9884	2,2
NEUROD1	SLC6A17	-0.83718	50.41	-4.1E-01	rgb(127,162,233)	1.9884	None
NEUROD2	GDF11	0.83718	50.41	0.408	rgb(221,139,140)	1.9884	None
NEUROG3	CHGB	0.83718	50.41	0.408	rgb(221,139,140)	1.9884	None
NEUROG3	NTS	0.83718	50.41	0.408	rgb(221,139,140)	1.9884	None
NKX6-1	USH2A	0.83718	50.41	0.409	rgb(221,139,140)	1.9884	None
ONECUT3	ZFP62	-0.83718	50.41	-4.1E-01	rgb(128,163,233)	1.9884	None
PAX6	CABP7	0.83718	50.41	0.415	rgb(222,138,139)	1.9884	None
PBX1	VAV3	-0.83718	50.41	-4.1E-01	rgb(127,162,233)	1.9884	None
PRDM16	NFASC	-0.83718	50.41	-4.1E-01	rgb(127,163,233)	1.9884	None
SOX4	CLCN4	0.83718	50.41	0.406	rgb(221,139,140)	1.9884	None
TFCP2L1	ANKRD65	0.83718	50.41	0.411	rgb(222,138,139)	1.9884	None
TP73	TSPAN11	0.83718	50.41	0.41	rgb(222,139,140)	1.9884	None
CCDC17	AK055257	0.83718	50.41	0.412	rgb(222,138,139)	1.9884	2,2
KCNIP3	GPR64	0.83718	50.41	0.409	rgb(221,139,140)	1.9884	2,2
NPAS3	DLL3	0.83718	50.41	0.412	rgb(222,138,139)	1.9884	2,2
ATF5	AX747393	0.83438	50.4	0.405	rgb(221,140,140)	1.9882	2,2
EGR3	AADAT	-0.83438	50.4	-4.0E-01	rgb(131,165,232)	1.9882	None
ETS1	FLJ00278	-0.83438	50.4	-4.0E-01	rgb(131,165,232)	1.9882	2,2
FOXA1	BSN	0.83438	50.4	0.403	rgb(221,140,141)	1.9882	None
HMBOX1	KCTD16	0.83438	50.4	0.404	rgb(221,140,141)	1.9882	None
HSF2	CCDC74B	0.83438	50.4	0.396	rgb(221,141,142)	1.9882	None
LHX1	KIF1A	-0.83438	50.4	-4.0E-01	rgb(130,164,232)	1.9882	None
MAFA	GNG4	0.83438	50.4	0.396	rgb(221,141,142)	1.9882	None
NEUROG3	SSTR5-AS1	0.83438	50.4	0.403	rgb(221,140,141)	1.9882	None
NKX6-1	PDZRN3	-0.83438	50.4	-4.0E-01	rgb(129,164,232)	1.9882	None
PAX6	MBOAT4	-0.83438	50.4	-4.0E-01	rgb(129,164,232)	1.9882	None
PAX6	NOL4	-0.83438	50.4	-4.0E-01	rgb(130,164,232)	1.9882	None
RFX2	ASIC4	0.83438	50.4	0.399	rgb(221,141,142)	1.9882	None
SMAD9	CRIP1	-0.83438	50.4	-4.0E-01	rgb(130,164,232)	1.9882	None
ZNF846	ZRANB2-AS1	-0.83438	50.4	-4.0E-01	rgb(131,165,232)	1.9882	None
MYT1	CRISPLD1	0.83438	50.4	0.398	rgb(221,141,142)	1.9882	2,2
NPAS3	TCP11X2	0.83438	50.4	0.398	rgb(221,141,142)	1.9882	2,2
ARX	RGS14	-0.83157	50.39	-3.9E-01	rgb(132,165,232)	1.988	None
ARX	TSSK4	0.83157	50.39	0.39	rgb(221,143,143)	1.988	None
E2F7	TMEM169	-0.83157	50.39	-3.9E-01	rgb(132,165,232)	1.988	None
ELF4	SERTAD1	0.83157	50.39	0.394	rgb(221,142,143)	1.988	None
ETS1	FGF17	-0.83157	50.39	-3.9E-01	rgb(131,165,232)	1.988	None
ETV1	TMEM169	0.83157	50.39	0.392	rgb(221,142,143)	1.988	None
FOXD4L5	PLAG1	0.83157	50.39	0.394	rgb(221,142,142)	1.988	None
HES4	LINC00261	0.83157	50.39	0.391	rgb(221,142,143)	1.988	None
HSF2	SHC3	-0.83157	50.39	-3.9E-01	rgb(132,165,232)	1.988	None
ISL1	AX747639	0.83157	50.39	0.392	rgb(221,142,143)	1.988	2,2
LMX1A	RGS11	-0.83157	50.39	-3.9E-01	rgb(131,165,232)	1.988	None
LMX1B	RNPC3	-0.83157	50.39	-3.9E-01	rgb(133,166,232)	1.988	None
NEUROD2	CRISPLD2	0.83157	50.39	0.387	rgb(221,143,144)	1.988	None
NHLH1	TP73	0.83157	50.39	0.387	rgb(221,143,144)	1.988	None
NKX2-2	ONECUT3	-0.83157	50.39	-3.9E-01	rgb(132,166,232)	1.988	None
RFX6	LOC100652999	-0.83157	50.39	-3.9E-01	rgb(131,165,232)	1.988	None
SOX4	GIP	-0.83157	50.39	-3.9E-01	rgb(132,166,232)	1.988	None
SPIB	SLC7A2	-0.83157	50.39	-3.9E-01	rgb(132,165,232)	1.988	None
TEAD1	IFI27	-0.83157	50.39	-3.9E-01	rgb(133,166,232)	1.988	2,2
TEAD1	LOC100216479	-0.83157	50.39	-3.9E-01	rgb(133,166,232)	1.988	2,2
TEAD1	RIIAD1	-0.83157	50.39	-3.9E-01	rgb(133,166,232)	1.988	None
ZNF382	BST2	-0.83157	50.39	-3.9E-01	rgb(133,166,232)	1.988	2,2
ZNF846	MEX3A	0.83157	50.39	0.392	rgb(221,142,143)	1.988	None
ZNF846	NEAT1	-0.83157	50.39	-3.9E-01	rgb(133,166,232)	1.988	None
ZNF846	TMEM45A	-0.83157	50.39	-3.9E-01	rgb(131,165,232)	1.988	None
DACH1	ZCCHC12	0.83157	50.39	0.392	rgb(221,142,143)	1.988	2,2
NPAS3	ASCL1	0.83157	50.39	0.393	rgb(221,142,143)	1.988	2,2
NPAS3	NPTX2	0.83157	50.39	0.386	rgb(221,143,144)	1.988	2,2
SIM1	FAM181B	0.83157	50.39	0.386	rgb(221,143,144)	1.988	2,2
SIM1	SCN3A	0.83157	50.39	0.39	rgb(221,142,143)	1.988	2,2
ZNF514	AK097119	0.83157	50.39	0.388	rgb(221,143,144)	1.988	2,2
ETS1	SERPINI1	0.82876	50.38	0.385	rgb(221,144,144)	1.9878	None
GATA4	CHL1	0.82876	50.38	0.377	rgb(221,145,146)	1.9878	None
LHX1	MPP2	-0.82876	50.38	-3.8E-01	rgb(135,167,231)	1.9878	None
LHX1	STMN4	-0.82876	50.38	-3.8E-01	rgb(135,167,231)	1.9878	None
NEUROG3	AADAT	0.82876	50.38	0.38	rgb(221,145,145)	1.9878	None
NEUROG3	BC033528	0.82876	50.38	0.376	rgb(221,145,146)	1.9878	2,2
NKX2-2	TEAD1	-0.82876	50.38	-3.8E-01	rgb(134,167,232)	1.9878	None
ONECUT2	AKR1B1	-0.82876	50.38	-3.8E-01	rgb(134,167,231)	1.9878	None
ONECUT2	NHSL2	-0.82876	50.38	-3.8E-01	rgb(135,167,231)	1.9878	None
PBX3	PDZD4	0.82876	50.38	0.377	rgb(221,145,146)	1.9878	None
PBX3	SMOC2	0.82876	50.38	0.38	rgb(221,144,145)	1.9878	None
PRDM16	RD3	-0.82876	50.38	-3.8E-01	rgb(135,167,231)	1.9878	None
PRDM16	VCAN	-0.82876	50.38	-3.8E-01	rgb(134,166,232)	1.9878	None
SIX2	HEY1	-0.82876	50.38	-3.8E-01	rgb(135,167,231)	1.9878	None
SIX2	LIPC	0.82876	50.38	0.381	rgb(221,144,145)	1.9878	None
TEAD1	NCALD	-0.82876	50.38	-3.8E-01	rgb(135,167,231)	1.9878	None
TEAD1	SCN2A	-0.82876	50.38	-3.8E-01	rgb(134,167,231)	1.9878	None
TEAD2	CCDC74B	0.82876	50.38	0.378	rgb(221,145,146)	1.9878	None
TFCP2L1	INS-IGF2	0.82876	50.38	0.381	rgb(221,144,145)	1.9878	None
ZNF846	ACOT7	0.82876	50.38	0.385	rgb(221,144,144)	1.9878	None
MYSM1	LOC90834	0.82876	50.38	0.383	rgb(221,144,145)	1.9878	2,2
SIM1	BC042451	0.82876	50.38	0.382	rgb(221,144,145)	1.9878	2,2
SIM1	CHST9	0.82876	50.38	0.382	rgb(221,144,145)	1.9878	2,2
SIM1	LOC653513	0.82876	50.38	0.383	rgb(221,144,145)	1.9878	2,2
ELF4	GABRG2	0.82596	50.37	0.367	rgb(221,147,148)	1.9876	None
ELF4	SH3RF3-AS1	-0.82596	50.37	-3.7E-01	rgb(137,168,231)	1.9876	None
ELF4	ZNF514	-0.82596	50.37	-3.7E-01	rgb(137,168,231)	1.9876	None
ETS1	GHRL	-0.82596	50.37	-3.7E-01	rgb(137,168,231)	1.9876	None
FOXP2	RAB36	-0.82596	50.37	-3.7E-01	rgb(137,168,231)	1.9876	None
GATA2	RAPGEF4	0.82596	50.37	0.37	rgb(221,146,147)	1.9876	None
GATA2	STMN2	0.82596	50.37	0.373	rgb(221,146,146)	1.9876	None
HIC1	CCDC146	-0.82596	50.37	-3.7E-01	rgb(137,168,231)	1.9876	None
LHX1	CCK	-0.82596	50.37	-3.7E-01	rgb(137,169,231)	1.9876	None
LTF	AK126180	0.82596	50.37	0.371	rgb(221,146,147)	1.9876	2,2
MAFA	GABRE	0.82596	50.37	0.366	rgb(221,147,148)	1.9876	None
NHLH1	ID1	0.82596	50.37	0.37	rgb(221,146,147)	1.9876	None
NKX6-1	SLC16A12	0.82596	50.37	0.372	rgb(221,146,147)	1.9876	None
PAX6	SPON1	-0.82596	50.37	-3.7E-01	rgb(136,168,231)	1.9876	None
PBX3	TRIM35	0.82596	50.37	0.366	rgb(221,147,148)	1.9876	None
POU5F1	FOXA2	0.82596	50.37	0.369	rgb(221,146,147)	1.9876	None
SPIB	RSPH4A	-0.82596	50.37	-3.7E-01	rgb(137,168,231)	1.9876	None
ZNF846	ITPRIP	0.82596	50.37	0.373	rgb(221,146,146)	1.9876	None
ZFP62	AK055910	0.82596	50.37	0.375	rgb(221,145,146)	1.9876	2,2
ARNT2	TMEM151B	-0.82315	50.36	-3.6E-01	rgb(140,170,231)	1.9874	None
HLF	DOK6	-0.82315	50.36	-3.6E-01	rgb(139,170,231)	1.9874	None
HSF2	KCNF1	0.82315	50.36	0.358	rgb(221,149,149)	1.9874	None
ISL1	CLDN6	-0.82315	50.36	-3.6E-01	rgb(138,169,231)	1.9874	None
MAFA	MAPK7	0.82315	50.36	0.356	rgb(221,149,150)	1.9874	None
MAFB	EID2	-0.82315	50.36	-3.6E-01	rgb(139,169,231)	1.9874	None
MAFB	PRPH	-0.82315	50.36	-3.6E-01	rgb(138,169,231)	1.9874	None
NEUROD1	DACT1	-0.82315	50.36	-3.6E-01	rgb(139,170,231)	1.9874	None
NKX2-2	PLEKHO1	0.82315	50.36	0.359	rgb(221,148,149)	1.9874	None
ONECUT1	MUC16	0.82315	50.36	0.357	rgb(221,149,149)	1.9874	None
PBX3	GRIK5	-0.82315	50.36	-3.6E-01	rgb(138,169,231)	1.9874	None
PBX3	MAPK7	-0.82315	50.36	-3.6E-01	rgb(138,169,231)	1.9874	None
POU5F1	DOCK8	0.82315	50.36	0.364	rgb(221,147,148)	1.9874	None
RFX6	GABBR2	0.82315	50.36	0.356	rgb(221,149,150)	1.9874	None
SOX4	CHL1	-0.82315	50.36	-3.6E-01	rgb(139,169,231)	1.9874	None
TFCP2L1	QDPR	0.82315	50.36	0.362	rgb(221,148,149)	1.9874	None
ZNF382	SIM1	-0.82315	50.36	-3.6E-01	rgb(139,170,231)	1.9874	None
ASCL1	ADAMTSL1	0.82034	50.35	0.348	rgb(221,151,151)	1.9872	None
EGR3	NUP210	0.82034	50.35	0.349	rgb(221,150,151)	1.9872	None
ELF4	EPHA8	-0.82034	50.35	-3.5E-01	rgb(142,171,230)	1.9872	None
ETS1	CNGA3	-0.82034	50.35	-3.5E-01	rgb(142,171,230)	1.9872	None
ETS1	CRMP1	-0.82034	50.35	-3.5E-01	rgb(142,171,230)	1.9872	None
ETV1	CRMP1	0.82034	50.35	0.352	rgb(221,150,151)	1.9872	None
ETV1	UNC79	0.82034	50.35	0.354	rgb(221,149,150)	1.9872	None
FEV	MUC17	-0.82034	50.35	-3.5E-01	rgb(142,171,230)	1.9872	None
GATA2	GJD2	0.82034	50.35	0.345	rgb(221,151,152)	1.9872	None
GATA4	CERS1	0.82034	50.35	0.346	rgb(221,151,152)	1.9872	None
GATA4	SCN3B	0.82034	50.35	0.348	rgb(221,150,151)	1.9872	None
HSF2	CSRNP3	-0.82034	50.35	-3.5E-01	rgb(142,171,230)	1.9872	None
ISL1	TMEM45A	0.82034	50.35	0.346	rgb(221,151,152)	1.9872	None
LHX1	ADCY2	-0.82034	50.35	-3.5E-01	rgb(142,171,230)	1.9872	None
LHX1	CCND2	-0.82034	50.35	-3.5E-01	rgb(141,171,230)	1.9872	None
MAFA	SLC22A17	0.82034	50.35	0.352	rgb(221,150,151)	1.9872	None
PAX6	AK123889	-0.82034	50.35	-3.5E-01	rgb(140,170,230)	1.9872	2,2
PBX3	STX2	-0.82034	50.35	-3.5E-01	rgb(142,171,230)	1.9872	None
POU2F2	RD3	0.82034	50.35	0.353	rgb(221,150,150)	1.9872	None
RFX6	AVPR1B	0.82034	50.35	0.351	rgb(221,150,151)	1.9872	None
RFX6	FAM110B	0.82034	50.35	0.346	rgb(221,151,152)	1.9872	None
MYSM1	AX748379	0.82034	50.35	0.347	rgb(221,151,151)	1.9872	2,2
MYT1	RAB39B	0.82034	50.35	0.353	rgb(221,149,150)	1.9872	2,2
ZBTB25	FLJ00278	0.82034	50.35	0.351	rgb(221,150,151)	1.9872	2,2
EGR3	KCNF1	0.81753	50.34	0.34	rgb(221,152,153)	1.987	None
FOXA1	MMRN1	0.81753	50.34	0.337	rgb(221,153,153)	1.987	None
GATA4	SCHIP1	-0.81753	50.34	-3.4E-01	rgb(144,172,230)	1.987	None
LHX1	HIP1	-0.81753	50.34	-3.4E-01	rgb(143,172,230)	1.987	None
NEUROG3	TAC3	0.81753	50.34	0.341	rgb(221,152,152)	1.987	None
NKX2-2	BTBD11	0.81753	50.34	0.339	rgb(221,152,153)	1.987	None
PBX3	CABP7	0.81753	50.34	0.335	rgb(221,153,154)	1.987	None
PBX3	ID2	-0.81753	50.34	-3.4E-01	rgb(142,172,230)	1.987	None
PBX3	UBE2S	0.81753	50.34	0.342	rgb(221,152,152)	1.987	None
PDX1	MEX3A	0.81753	50.34	0.336	rgb(221,153,154)	1.987	None
PDX1	PLEKHO1	0.81753	50.34	0.339	rgb(221,152,153)	1.987	None
PDX1	SCHIP1	0.81753	50.34	0.344	rgb(221,151,152)	1.987	None
TEAD1	RGS5	-0.81753	50.34	-3.4E-01	rgb(144,173,230)	1.987	None
ZFP82	TFF2	0.81753	50.34	0.341	rgb(221,152,152)	1.987	None
SETBP1	BC042451	0.81753	50.34	0.342	rgb(221,152,152)	1.987	2,2
ZNF514	BC041347	0.81753	50.34	0.336	rgb(221,153,154)	1.987	2,2
ARNT2	VWA5B2	-0.81473	50.33	-3.3E-01	rgb(146,174,229)	1.9868	None
ETS1	GDF10	0.81473	50.33	0.331	rgb(221,154,155)	1.9868	None
ETS1	ISLR2	-0.81473	50.33	-3.3E-01	rgb(145,173,230)	1.9868	None
ETS1	LRP1B	-0.81473	50.33	-3.3E-01	rgb(145,173,230)	1.9868	None
GATA4	GJD2	0.81473	50.33	0.331	rgb(221,154,154)	1.9868	None
GATA4	TMOD1	-0.81473	50.33	-3.3E-01	rgb(146,174,229)	1.9868	None
LHX1	TMEM169	-0.81473	50.33	-3.3E-01	rgb(146,174,229)	1.9868	None
NEUROD2	ITPRIP	0.81473	50.33	0.329	rgb(221,154,155)	1.9868	None
PBX3	SLC18A1	-0.81473	50.33	-3.3E-01	rgb(145,173,230)	1.9868	None
POU5F1	RIMBP2	0.81473	50.33	0.328	rgb(221,154,155)	1.9868	None
RORC	KCNG1	0.81473	50.33	0.326	rgb(221,155,155)	1.9868	None
RORC	PODN	-0.81473	50.33	-3.3E-01	rgb(145,173,230)	1.9868	None
SIX2	PCYT1B	-0.81473	50.33	-3.3E-01	rgb(146,174,229)	1.9868	None
TEAD1	TUBB2B	-0.81473	50.33	-3.3E-01	rgb(146,174,230)	1.9868	None
SIM1	XAF1	0.81473	50.33	0.331	rgb(221,154,154)	1.9868	2,2
ARNT2	STXBP1	-0.81192	50.32	-3.2E-01	rgb(148,175,229)	1.9866	None
E2F7	UNC79	-0.81192	50.32	-3.2E-01	rgb(148,175,229)	1.9866	None
ELF4	DQ573539	-0.81192	50.32	-3.2E-01	rgb(147,174,229)	1.9866	2,2
ETV1	CAMK2N2	0.81192	50.32	0.318	rgb(220,156,157)	1.9866	None
GATA4	CELA3A	-0.81192	50.32	-3.2E-01	rgb(148,175,229)	1.9866	None
GATA4	LMX1B	0.81192	50.32	0.315	rgb(220,157,157)	1.9866	None
GATA4	NUTM1	-0.81192	50.32	-3.2E-01	rgb(148,175,229)	1.9866	None
NEUROG3	IGFBPL1	0.81192	50.32	0.32	rgb(221,156,157)	1.9866	None
POU5F1	BGN	0.81192	50.32	0.324	rgb(221,155,156)	1.9866	None
POU5F1	HECW2	0.81192	50.32	0.324	rgb(221,155,156)	1.9866	None
ZNF382	KCNN3	-0.81192	50.32	-3.2E-01	rgb(146,174,229)	1.9866	None
ZNF846	FJX1	0.81192	50.32	0.324	rgb(221,155,156)	1.9866	None
ARNT2	MTUS2	-0.80911	50.31	-3.1E-01	rgb(151,177,229)	1.9864	None
ETS1	KIF19	0.80911	50.31	0.308	rgb(220,158,159)	1.9864	None
FEV	SRM	0.80911	50.31	0.313	rgb(220,157,158)	1.9864	None
GATA4	SFMBT2	-0.80911	50.31	-3.1E-01	rgb(150,176,229)	1.9864	None
LMX1A	DPEP1	-0.80911	50.31	-3.1E-01	rgb(150,176,229)	1.9864	None
NEUROD2	SPINK4	0.80911	50.31	0.311	rgb(220,158,158)	1.9864	None
SPIB	PITRM1-AS1	-0.80911	50.31	-3.1E-01	rgb(149,176,229)	1.9864	None
MYT1	BC042451	0.80911	50.31	0.312	rgb(220,157,158)	1.9864	2,2
MYT1	RIC3	0.80911	50.31	0.31	rgb(220,158,158)	1.9864	2,2
SETBP1	PCDHB16	0.80911	50.31	0.312	rgb(220,157,158)	1.9864	2,2
ZNF788	LOC727896	0.80911	50.31	0.311	rgb(220,158,158)	1.9864	2,2
HES4	WNK3	0.80631	50.3	0.302	rgb(220,159,160)	1.9862	None
HIF1A	CDK5R1	-0.80631	50.3	-3.0E-01	rgb(153,178,228)	1.9862	None
HSF2	CHGA	-0.80631	50.3	-3.0E-01	rgb(153,178,228)	1.9862	None
LMX1B	PRDM16	-0.80631	50.3	-3.0E-01	rgb(152,177,228)	1.9862	None
MAFA	CLSTN2	0.80631	50.3	0.303	rgb(220,159,160)	1.9862	None
MAFB	PODN	-0.80631	50.3	-3.0E-01	rgb(153,178,228)	1.9862	None
NHLH1	SOCS1	0.80631	50.3	0.296	rgb(220,160,161)	1.9862	None
SIM1	MAPK8IP2	0.80631	50.3	0.297	rgb(220,160,161)	1.9862	2,2
DPF3	ACTG1P4	0.8035	50.29	0.291	rgb(220,161,162)	1.986	2,2
FOXA1	KSR2	0.8035	50.29	0.288	rgb(220,162,162)	1.986	None
MAFB	SCG5	-0.8035	50.29	-2.9E-01	rgb(154,178,228)	1.986	None
NEUROG3	SGOL1-AS1	0.8035	50.29	0.286	rgb(220,162,163)	1.986	2,2
NKX6-1	MED12L	0.8035	50.29	0.29	rgb(220,162,162)	1.986	None
PBX3	ACTN3	0.8035	50.29	0.288	rgb(220,162,163)	1.986	None
TEAD1	BAALC	-0.8035	50.29	-2.9E-01	rgb(155,179,228)	1.986	None
TEAD2	KCNF1	0.8035	50.29	0.288	rgb(220,162,163)	1.986	None
TFCP2L1	SEC11C	0.8035	50.29	0.29	rgb(220,162,162)	1.986	None
TGIF2	NPY	0.8035	50.29	0.288	rgb(220,162,163)	1.986	None
TP73	NPTXR	0.8035	50.29	0.293	rgb(220,161,162)	1.986	None
ZNF883	THRA1	-0.8035	50.29	-2.9E-01	rgb(154,179,228)	1.986	2,2
MYT1	ASIC5	0.8035	50.29	0.293	rgb(220,161,162)	1.986	2,2
NPAS3	FAM196A	0.8035	50.29	0.294	rgb(220,161,161)	1.986	2,2
ETV1	SCT	0.80069	50.28	0.282	rgb(220,163,164)	1.9858	None
FEV	CCND2	0.80069	50.28	0.279	rgb(220,164,164)	1.9858	None
HSF2	GTF2IRD1P1	0.80069	50.28	0.276	rgb(220,164,165)	1.9858	None
LMX1B	TMEM132C	0.80069	50.28	0.28	rgb(220,164,164)	1.9858	None
MAFA	TSPAN7	0.80069	50.28	0.278	rgb(220,164,165)	1.9858	None
NR4A2	USH1G	0.80069	50.28	0.283	rgb(220,163,164)	1.9858	None
ONECUT1	TTC18	0.80069	50.28	0.28	rgb(220,164,164)	1.9858	2,2
SIX2	LRIG1	-0.80069	50.28	-2.8E-01	rgb(157,180,228)	1.9858	None
TEAD1	AGT	-0.80069	50.28	-2.8E-01	rgb(157,180,228)	1.9858	None
TFCP2L1	ACTN3	0.80069	50.28	0.278	rgb(220,164,165)	1.9858	None
TGIF2	ATF5	-0.80069	50.28	-2.8E-01	rgb(157,180,228)	1.9858	None
MYSM1	BC041347	0.80069	50.28	0.282	rgb(220,163,164)	1.9858	2,2
ATF5	CITED4	-0.79788	50.27	-2.7E-01	rgb(158,181,227)	1.9856	None
HLF	MAST1	-0.79788	50.27	-2.7E-01	rgb(159,182,227)	1.9856	None
MAFA	JAKMIP1	0.79788	50.27	0.275	rgb(220,165,165)	1.9856	None
NEUROD2	HES6	0.79788	50.27	0.273	rgb(220,165,165)	1.9856	None
NKX2-2	HOOK3	-0.79788	50.27	-2.7E-01	rgb(159,181,227)	1.9856	None
NR4A2	AADAT	-0.79788	50.27	-2.7E-01	rgb(158,181,227)	1.9856	None
PBX3	FAM167A	0.79788	50.27	0.266	rgb(220,166,167)	1.9856	None
PBX3	PHYHIP	0.79788	50.27	0.266	rgb(220,166,167)	1.9856	None
RFX6	DDC	0.79788	50.27	0.267	rgb(220,166,166)	1.9856	None
RFX6	RBP1	0.79788	50.27	0.274	rgb(220,165,165)	1.9856	None
RORC	WBSCR27	0.79788	50.27	0.266	rgb(220,166,167)	1.9856	2,2
SIX2	CORO2B	-0.79788	50.27	-2.7E-01	rgb(159,181,227)	1.9856	None
ZNF382	RUSC1-AS1	-0.79788	50.27	-2.7E-01	rgb(158,181,227)	1.9856	None
NPAS3	NXF2	0.79788	50.27	0.266	rgb(220,166,167)	1.9856	2,2
SIM1	AK123868	0.79788	50.27	0.271	rgb(220,165,166)	1.9856	2,2
ETV1	C1QL1	0.79508	50.26	0.256	rgb(220,168,169)	1.9854	None
GATA4	C2CD4A	-0.79508	50.26	-2.6E-01	rgb(160,183,227)	1.9854	None
HMBOX1	CELF3	-0.79508	50.26	-2.6E-01	rgb(162,183,227)	1.9854	None
LMX1B	AHNAK	-0.79508	50.26	-2.6E-01	rgb(161,183,227)	1.9854	None
PRDM16	KCNK16	-0.79508	50.26	-2.6E-01	rgb(161,183,227)	1.9854	None
TET1	SCGB1C1	-0.79508	50.26	-2.6E-01	rgb(161,183,227)	1.9854	None
MYT1	ERO1LB	0.79508	50.26	0.257	rgb(220,168,168)	1.9854	2,2
SIM1	DIRAS1	0.79508	50.26	0.26	rgb(220,167,168)	1.9854	2,2
ETS1	RFTN2	-0.79227	50.25	-2.5E-01	rgb(163,184,227)	1.9852	None
LHX1	AGAP11	0.79227	50.25	0.249	rgb(220,169,170)	1.9852	None
NEUROG3	KCNH7	0.79227	50.25	0.247	rgb(220,170,170)	1.9852	None
POU5F1	PGM5	0.79227	50.25	0.253	rgb(220,169,169)	1.9852	None
TFCP2L1	PRRT3	0.79227	50.25	0.25	rgb(220,169,170)	1.9852	None
TFCP2L1	SAP30	0.79227	50.25	0.245	rgb(220,170,171)	1.9852	None
NPAS3	PCDHB10	0.79227	50.25	0.246	rgb(220,170,171)	1.9852	2,2
EGR3	ZFP69B	0.78946	50.24	0.237	rgb(220,172,172)	1.985	None
GATA2	FAM13A-AS1	0.78946	50.24	0.237	rgb(220,172,172)	1.985	None
MAFF	SPON1	0.78946	50.24	0.238	rgb(220,172,172)	1.985	None
NEUROD2	BSN	0.78946	50.24	0.236	rgb(220,172,172)	1.985	None
SMAD9	PGA4	0.78946	50.24	0.238	rgb(220,172,172)	1.985	None
TEAD1	CHRNA5	-0.78946	50.24	-2.4E-01	rgb(166,186,226)	1.985	None
MYT1	BEX1	0.78946	50.24	0.243	rgb(220,171,171)	1.985	2,2
SIM1	LPPR5	0.78946	50.24	0.242	rgb(220,171,171)	1.985	2,2
FOXD4L5	GABRB3	0.78665	50.23	0.225	rgb(219,174,174)	1.9848	None
HSF2	IFI44L	-0.78665	50.23	-2.3E-01	rgb(168,187,226)	1.9848	None
PBX3	POM121L10P	0.78665	50.23	0.232	rgb(220,173,173)	1.9848	None
RFX3	BAALC	0.78665	50.23	0.233	rgb(220,173,173)	1.9848	None
RFX6	PCSK2	0.78665	50.23	0.235	rgb(220,172,173)	1.9848	None
TEAD1	EFCC1	-0.78665	50.23	-2.3E-01	rgb(167,186,226)	1.9848	None
SIM1	FFAR3	0.78665	50.23	0.226	rgb(219,174,174)	1.9848	2,2
MAFB	EML5	-0.78385	50.22	-2.2E-01	rgb(170,188,225)	1.9846	None
ONECUT2	CELA3A	-0.78385	50.22	-2.2E-01	rgb(170,189,225)	1.9846	None
POU5F1	KCTD12	0.78385	50.22	0.224	rgb(219,174,175)	1.9846	None
TFCP2L1	NPTXR	0.78385	50.22	0.224	rgb(219,174,175)	1.9846	None
ZFP82	G0S2	0.78385	50.22	0.217	rgb(219,176,176)	1.9846	None
ARX	QDPR	-0.78104	50.21	-2.1E-01	rgb(172,190,225)	1.9844	None
FOXA2	RSPH10B2	-0.78104	50.21	-2.1E-01	rgb(171,189,225)	1.9844	None
HES4	L1TD1	0.78104	50.21	0.207	rgb(219,177,178)	1.9844	None
NEUROD2	SH3RF3	0.78104	50.21	0.212	rgb(219,176,177)	1.9844	None
SPIB	ID2	0.78104	50.21	0.213	rgb(219,176,177)	1.9844	None
ARX	CTXN1	-0.77823	50.2	-2.0E-01	rgb(174,191,225)	1.9842	None
ATF6	MDN1	-0.77823	50.2	-2.0E-01	rgb(175,191,224)	1.9842	None
MAFF	LINC00494	0.77823	50.2	0.196	rgb(219,180,180)	1.9842	None
PBX3	CELA3A	0.77823	50.2	0.202	rgb(219,178,179)	1.9842	None
SIM1	TDO2	0.77823	50.2	0.204	rgb(219,178,178)	1.9842	2,2
ETV1	ZG16	0.77543	50.19	0.19	rgb(219,181,181)	1.984	None
HMBOX1	CSRNP3	0.77543	50.19	0.185	rgb(219,182,182)	1.984	None
PAX6	ROBO1	-0.77543	50.19	-1.9E-01	rgb(177,192,224)	1.984	None
SMAD9	CLSTN2	0.77543	50.19	0.19	rgb(219,181,181)	1.984	None
ZFP90	CHST10	0.77543	50.19	0.191	rgb(219,181,181)	1.984	None
MYT1	GPR133	0.77543	50.19	0.191	rgb(219,180,181)	1.984	2,2
SIM1	GPR116	0.77543	50.19	0.195	rgb(219,180,180)	1.984	2,2
ETV1	PTPN22	-0.77262	50.18	-1.8E-01	rgb(178,193,224)	1.9838	None
ZNF846	CABP4	-0.77262	50.18	-1.8E-01	rgb(178,193,224)	1.9838	None
ETS1	GDF1	0.76981	50.17	0.172	rgb(219,184,185)	1.9836	None
MAFF	SFTPA2	-0.76981	50.17	-1.7E-01	rgb(181,195,223)	1.9836	None
TET1	CCDC78	0.767	50.16	0.161	rgb(219,186,187)	1.9834	None
ETV1	RASD1	0.7642	50.15	0.155	rgb(219,187,188)	1.9832	None
MAFA	SLC12A5	0.7642	50.15	0.152	rgb(219,188,188)	1.9832	None
MAFF	MYBPC3	0.7642	50.15	0.148	rgb(219,189,189)	1.9832	None
SIM1	LOC100507351	0.7642	50.15	0.151	rgb(219,188,188)	1.9832	2,2
HSF2	OLFML2B	0.76139	50.14	0.142	rgb(219,190,190)	1.983	None
NEUROG3	DACT1	-0.76139	50.14	-1.4E-01	rgb(188,199,222)	1.983	None
RORC	GJD2	-0.76139	50.14	-1.4E-01	rgb(187,198,222)	1.983	None
ETV1	VWA5B2	0.75858	50.13	0.126	rgb(218,193,193)	1.9828	None
MAFF	AMER3	0.75858	50.13	0.131	rgb(218,192,192)	1.9828	None
PAX6	KCNB2	-0.75858	50.13	-1.3E-01	rgb(190,200,222)	1.9828	None
HIF1A	ONECUT1	-0.75578	50.12	-1.2E-01	rgb(191,201,221)	1.9826	2,2
RFX6	SCG2	0.75297	50.11	0.114	rgb(218,195,196)	1.9824	None
SOX4	PPP1R3C	0.75297	50.11	0.108	rgb(218,196,197)	1.9824	None
ASCL1	EFCC1	0.75016	50.1	0.102	rgb(218,198,198)	1.9822	None
LHX1	SCUBE1	-0.75016	50.1	-9.5E-02	rgb(196,204,221)	1.9822	None
MYRF	C1RL-AS1	0.75016	50.1	0.098	rgb(218,198,198)	1.9822	None
ETV1	RGS14	0.74735	50.09	0.094	rgb(218,199,199)	1.982	None
ETS1	TMEFF1	-0.74455	50.08	-7.8E-02	rgb(200,207,220)	1.9818	None
ZNF514	PFN1P2	0.74455	50.08	0.079	rgb(218,202,202)	1.9818	2,2
FOXA1	TTLL7	0.74174	50.06	0.065	rgb(218,205,205)	1.9814	None
NEUROG3	FBN1	0.74174	50.06	0.056	rgb(218,206,206)	1.9814	None
PBX3	CDKN1C	-0.74174	50.06	-5.5E-02	rgb(205,210,219)	1.9814	None
PBX3	MAML3	-0.74174	50.06	-5.5E-02	rgb(205,210,219)	1.9814	None
TFCP2L1	ASCL2	-0.74174	50.06	-5.5E-02	rgb(205,210,219)	1.9814	None
ETS1	GRIN2C	-0.73893	50.05	-5.4E-02	rgb(205,210,219)	1.9812	None
FOXA1	RSPH10B2	0.73893	50.05	0.05	rgb(218,207,207)	1.9812	None
MYRF	AF086126	-0.73893	50.05	-5.0E-02	rgb(206,210,219)	1.9812	2,2
PAX6	TAF9B	0.73893	50.05	0.05	rgb(218,207,208)	1.9812	None
TFCP2L1	UNC13A	0.73893	50.05	0.051	rgb(218,207,207)	1.9812	None
ETV1	ENPP7	0.73613	50.04	0.041	rgb(217,209,209)	1.981	None
NEUROG3	RBP1	0.73613	50.04	0.044	rgb(217,209,209)	1.981	None
TFCP2L1	PCDHB10	0.73613	50.04	0.045	rgb(217,208,209)	1.981	None
DACH1	RGAG4	-0.73613	50.04	-3.9E-02	rgb(208,212,218)	1.981	2,2
LMX1B	FCAMR	-0.73332	50.03	-3.2E-02	rgb(210,213,218)	1.9808	None
TFCP2L1	KIT	-0.73332	50.03	-2.8E-02	rgb(211,213,218)	1.9808	None
FEV	ATP6V0E2	0.73051	50.02	0.021	rgb(217,213,213)	1.9806	None
HSF2	PRPH	0.73051	50.02	0.016	rgb(217,214,214)	1.9806	None
TEAD1	CYP4F24P	-0.7277	50.01	-8.2E-03	rgb(215,216,217)	1.9804	None
LHX1	NEFL	0.7249	50	0.002	rgb(217,217,217)	1.9802	None
RORC	PAK6	-0.72209	49.95	-9.5E-01	rgb( 10, 91,253)	1.9792	None
MAFB	LAPTM5	0.72102	49.94	0.936	rgb(227, 38, 40)	1.979	None
E2F7	CRY2	-0.71996	49.92	-9.2E-01	rgb( 17, 95,252)	1.9786	None
HSF2	LAPTM5	0.71996	49.92	0.92	rgb(227, 41, 43)	1.9786	None
MAFB	SCG2	-0.71996	49.92	-9.2E-01	rgb( 18, 96,252)	1.9786	None
NHLH1	COL16A1	0.71889	49.91	0.906	rgb(227, 44, 46)	1.9784	None
ETV1	TRIM66	-0.71782	49.9	-9.0E-01	rgb( 21, 98,251)	1.9782	None
FOXD4L5	SNAP25	0.71782	49.9	0.897	rgb(227, 46, 47)	1.9782	None
NHLH1	POM121L9P	0.71782	49.9	0.897	rgb(227, 46, 47)	1.9782	None
POU5F1	GCH1	0.71782	49.9	0.902	rgb(227, 45, 47)	1.9782	None
ZNF382	SULT2A1	0.71782	49.9	0.905	rgb(227, 44, 46)	1.9782	None
ZNF514	AX747648	0.71782	49.9	0.902	rgb(227, 45, 47)	1.9782	2,2
HOXB9	PBX1	0.71676	49.89	0.888	rgb(227, 47, 49)	1.978	None
ETV1	DNLZ	0.71569	49.88	0.875	rgb(227, 50, 52)	1.9778	None
NHLH1	SCN1B	0.71569	49.88	0.876	rgb(227, 50, 51)	1.9778	None
TFCP2L1	FKBP7	0.71569	49.88	0.878	rgb(227, 49, 51)	1.9778	None
ZFP28	CIB4	-0.71569	49.88	-8.8E-01	rgb( 25,100,251)	1.9778	None
SIM1	GPR112	0.71569	49.88	0.884	rgb(227, 48, 50)	1.9778	2,2
ELF4	CD37	-0.71462	49.87	-8.7E-01	rgb( 28,102,250)	1.9776	None
ETS1	KIAA1328	-0.71462	49.87	-8.7E-01	rgb( 28,102,250)	1.9776	None
MAFB	NEFM	-0.71462	49.87	-8.7E-01	rgb( 29,103,250)	1.9776	None
MAFB	PTPRN	-0.71462	49.87	-8.7E-01	rgb( 28,102,250)	1.9776	None
MLXIPL	DPY19L2	-0.71462	49.87	-8.7E-01	rgb( 27,102,250)	1.9776	None
ZFHX2	ABCA9	0.71462	49.87	0.867	rgb(227, 51, 53)	1.9776	None
ZNF846	SVOP	-0.71462	49.87	-8.7E-01	rgb( 28,102,250)	1.9776	None
FOXJ1	IRF2BP1	-0.71356	49.86	-8.6E-01	rgb( 31,104,250)	1.9774	None
HMBOX1	FAM171B	0.71356	49.86	0.859	rgb(226, 53, 55)	1.9774	None
MAFA	TRPM3	0.71356	49.86	0.861	rgb(226, 53, 54)	1.9774	None
TFCP2L1	PDZD4	0.71356	49.86	0.855	rgb(226, 54, 55)	1.9774	None
ZNF514	AK096291	0.71356	49.86	0.862	rgb(226, 52, 54)	1.9774	2,2
ARX	SEZ6L	0.71249	49.85	0.854	rgb(226, 54, 56)	1.9772	None
GATA6	CLGN	0.71249	49.85	0.848	rgb(226, 55, 57)	1.9772	None
MAFB	MEX3B	0.71249	49.85	0.855	rgb(226, 54, 55)	1.9772	None
NEUROG3	GDF10	0.71249	49.85	0.852	rgb(226, 54, 56)	1.9772	None
SMAD9	SRSF12	-0.71249	49.85	-8.5E-01	rgb( 32,105,249)	1.9772	None
FEV	DOK6	0.71142	49.84	0.836	rgb(226, 57, 59)	1.977	None
FOXA1	DPY19L2	0.71142	49.84	0.836	rgb(226, 57, 59)	1.977	None
ISL1	ARHGAP24	-0.71142	49.84	-8.4E-01	rgb( 34,106,249)	1.977	None
PDX1	ATF6	0.71142	49.84	0.843	rgb(226, 56, 58)	1.977	None
PDX1	PLAC4	-0.71142	49.84	-8.4E-01	rgb( 35,106,249)	1.977	None
RFX2	PAX6	0.71142	49.84	0.839	rgb(226, 57, 59)	1.977	None
RFX6	DGKB	0.71142	49.84	0.843	rgb(226, 56, 58)	1.977	None
ETS1	UNC79	-0.71036	49.83	-8.3E-01	rgb( 36,107,249)	1.9768	None
GATA2	CPE	0.71036	49.83	0.825	rgb(226, 59, 61)	1.9768	None
MAFA	FER1L4	0.71036	49.83	0.833	rgb(226, 58, 60)	1.9768	None
PAX6	CCDC146	-0.71036	49.83	-8.3E-01	rgb( 38,108,248)	1.9768	None
SMAD9	ONECUT3	0.71036	49.83	0.832	rgb(226, 58, 60)	1.9768	None
SOX4	TGIF2	0.71036	49.83	0.827	rgb(226, 59, 61)	1.9768	None
SOX4	ZDHHC8P1	-0.71036	49.83	-8.3E-01	rgb( 37,108,249)	1.9768	None
ETS1	GNAO1	-0.70929	49.82	-8.2E-01	rgb( 39,109,248)	1.9766	None
ETV1	CRY2	-0.70929	49.82	-8.2E-01	rgb( 39,109,248)	1.9766	None
ETV1	MS4A8	0.70929	49.82	0.815	rgb(226, 61, 63)	1.9766	None
HSF2	SPINK4	0.70929	49.82	0.82	rgb(226, 60, 62)	1.9766	None
NEUROG3	VAV3	0.70929	49.82	0.822	rgb(226, 60, 62)	1.9766	None
POU2F2	ELF4	0.70929	49.82	0.819	rgb(226, 61, 62)	1.9766	None
RFX2	MAP1A	0.70929	49.82	0.82	rgb(226, 60, 62)	1.9766	None
TEAD2	OSBPL6	-0.70929	49.82	-8.2E-01	rgb( 39,109,248)	1.9766	None
ARX	HES4	-0.70822	49.81	-8.1E-01	rgb( 42,110,248)	1.9764	None
LMX1B	ZNF518A	-0.70822	49.81	-8.1E-01	rgb( 41,110,248)	1.9764	None
MAFB	RIMBP2	-0.70822	49.81	-8.1E-01	rgb( 42,110,248)	1.9764	None
NEUROG3	MYT1	0.70822	49.81	0.81	rgb(226, 62, 64)	1.9764	None
NR4A3	GTF2IRD1P1	-0.70822	49.81	-8.1E-01	rgb( 42,111,248)	1.9764	None
PAX6	VWCE	-0.70822	49.81	-8.1E-01	rgb( 40,110,248)	1.9764	None
SOX4	SEZ6	-0.70822	49.81	-8.1E-01	rgb( 42,111,248)	1.9764	None
TEAD2	FXYD1	-0.70822	49.81	-8.1E-01	rgb( 42,111,248)	1.9764	None
ZNF382	MAPK8IP2	-0.70822	49.81	-8.1E-01	rgb( 40,110,248)	1.9764	2,2
NPAS3	FAM153A	0.70822	49.81	0.81	rgb(226, 62, 64)	1.9764	2,2
ETV1	NFRKB	-0.70716	49.8	-8.0E-01	rgb( 43,111,248)	1.9762	None
GATA2	CPB1	0.70716	49.8	0.797	rgb(226, 65, 66)	1.9762	None
NEUROG3	BAI2	0.70716	49.8	0.801	rgb(226, 64, 66)	1.9762	2,2
NEUROG3	NINJ1	0.70716	49.8	0.802	rgb(226, 64, 65)	1.9762	None
PAX6	KTN1-AS1	0.70716	49.8	0.797	rgb(226, 65, 66)	1.9762	None
PAX6	PGM5	-0.70716	49.8	-8.0E-01	rgb( 43,111,247)	1.9762	None
PDX1	EID2	-0.70716	49.8	-8.0E-01	rgb( 43,111,247)	1.9762	None
SOX4	RPRML	-0.70716	49.8	-8.0E-01	rgb( 44,112,247)	1.9762	None
ZBTB4	AF289551	0.70716	49.8	0.796	rgb(226, 65, 67)	1.9762	2,2
ASCL1	CACNA1C	0.70609	49.79	0.788	rgb(226, 67, 68)	1.976	None
ASCL1	GPC2	-0.70609	49.79	-7.9E-01	rgb( 45,112,247)	1.976	None
ASCL2	WNT9A	0.70609	49.79	0.788	rgb(226, 67, 68)	1.976	None
EGR3	KLHL32	0.70609	49.79	0.794	rgb(226, 65, 67)	1.976	None
FEV	GRB14	0.70609	49.79	0.788	rgb(226, 66, 68)	1.976	None
HEYL	BRSK2	-0.70609	49.79	-7.9E-01	rgb( 45,113,247)	1.976	None
HHEX	ICA1L	0.70609	49.79	0.786	rgb(226, 67, 68)	1.976	None
HIC1	OSBPL6	0.70609	49.79	0.788	rgb(226, 66, 68)	1.976	None
HIF1A	TMEM61	0.70609	49.79	0.794	rgb(226, 65, 67)	1.976	None
HMBOX1	KCNJ3	0.70609	49.79	0.795	rgb(226, 65, 67)	1.976	None
HSF2	PAK6	-0.70609	49.79	-7.9E-01	rgb( 46,113,247)	1.976	None
LHX1	P2RX6	-0.70609	49.79	-7.9E-01	rgb( 45,112,247)	1.976	None
MAFA	NR4A2	0.70609	49.79	0.787	rgb(226, 67, 68)	1.976	None
NEUROD2	SEZ6L	0.70609	49.79	0.79	rgb(226, 66, 68)	1.976	None
PDX1	CACNB4	-0.70609	49.79	-7.9E-01	rgb( 46,113,247)	1.976	None
POU2F2	LRFN2	-0.70609	49.79	-7.9E-01	rgb( 45,112,247)	1.976	None
RORC	ZNF883	-0.70609	49.79	-7.9E-01	rgb( 45,112,247)	1.976	None
TFCP2L1	RUNDC3A	0.70609	49.79	0.79	rgb(226, 66, 68)	1.976	None
ARX	ZNF518A	0.70502	49.78	0.778	rgb(226, 68, 70)	1.9758	None
ETV1	WDR17	0.70502	49.78	0.781	rgb(226, 68, 69)	1.9758	None
FOXA1	MYO3A	0.70502	49.78	0.784	rgb(226, 67, 69)	1.9758	None
HHEX	LIN7A	0.70502	49.78	0.776	rgb(226, 69, 70)	1.9758	None
HMBOX1	CD96	-0.70502	49.78	-7.8E-01	rgb( 49,115,246)	1.9758	None
MAFB	RYBP	0.70502	49.78	0.779	rgb(226, 68, 70)	1.9758	None
NFAT5	MSH5	-0.70502	49.78	-7.8E-01	rgb( 48,114,247)	1.9758	None
ONECUT3	SIDT1	-0.70502	49.78	-7.8E-01	rgb( 48,114,247)	1.9758	None
RFX6	BAI1	0.70502	49.78	0.778	rgb(226, 68, 70)	1.9758	2,2
RFX6	NEGR1	0.70502	49.78	0.781	rgb(226, 68, 69)	1.9758	None
SPIB	RNF157-AS1	-0.70502	49.78	-7.8E-01	rgb( 47,114,247)	1.9758	None
TEAD2	AP3B2	-0.70502	49.78	-7.8E-01	rgb( 47,114,247)	1.9758	None
ARNT2	PRRT3	-0.70396	49.77	-7.7E-01	rgb( 50,115,246)	1.9756	None
ASCL1	CRYBA2	0.70396	49.77	0.771	rgb(225, 70, 71)	1.9756	None
E2F7	ID4	-0.70396	49.77	-7.7E-01	rgb( 49,115,246)	1.9756	None
ETV1	MIR137HG	0.70396	49.77	0.766	rgb(225, 71, 72)	1.9756	None
GATA2	MIR137HG	0.70396	49.77	0.772	rgb(225, 70, 71)	1.9756	None
HIF1A	LGI3	-0.70396	49.77	-7.7E-01	rgb( 50,115,246)	1.9756	None
HSF2	SLITRK6	0.70396	49.77	0.772	rgb(225, 70, 71)	1.9756	None
LHX1	MYO3A	-0.70396	49.77	-7.7E-01	rgb( 49,115,246)	1.9756	None
LHX1	SGSM1	-0.70396	49.77	-7.7E-01	rgb( 49,115,246)	1.9756	None
NEUROG3	DNAH11	0.70396	49.77	0.773	rgb(226, 69, 71)	1.9756	None
NEUROG3	MATN2	0.70396	49.77	0.766	rgb(225, 71, 72)	1.9756	None
NR4A3	SPDYA	-0.70396	49.77	-7.7E-01	rgb( 50,115,246)	1.9756	None
SMAD9	ACSS3	0.70396	49.77	0.771	rgb(225, 70, 71)	1.9756	None
SPIB	LRRC36	-0.70396	49.77	-7.7E-01	rgb( 49,115,246)	1.9756	None
TEAD1	RNF150	-0.70396	49.77	-7.7E-01	rgb( 50,116,246)	1.9756	None
ZFHX2	PNPO	0.70396	49.77	0.765	rgb(225, 71, 72)	1.9756	None
ZFP28	LAPTM5	-0.70396	49.77	-7.7E-01	rgb( 51,116,246)	1.9756	None
ASCL2	GPC2	0.70289	49.76	0.756	rgb(225, 73, 74)	1.9754	None
E2F7	SPEG	-0.70289	49.76	-7.6E-01	rgb( 53,117,246)	1.9754	None
EGR3	RUNDC3A	0.70289	49.76	0.756	rgb(225, 73, 74)	1.9754	None
GATA2	MS4A8	0.70289	49.76	0.758	rgb(225, 72, 74)	1.9754	None
GATA6	GCG	0.70289	49.76	0.76	rgb(225, 72, 73)	1.9754	None
LHX1	PARD6A	-0.70289	49.76	-7.6E-01	rgb( 51,116,246)	1.9754	None
MAFA	PTPRN	0.70289	49.76	0.763	rgb(225, 71, 73)	1.9754	None
NEUROD2	NPW	0.70289	49.76	0.758	rgb(225, 72, 74)	1.9754	None
NFAT5	SULT2A1	-0.70289	49.76	-7.6E-01	rgb( 53,117,246)	1.9754	None
NKX6-1	EML5	0.70289	49.76	0.765	rgb(225, 71, 72)	1.9754	None
PAX6	TMEM151B	-0.70289	49.76	-7.6E-01	rgb( 52,116,246)	1.9754	None
PBX1	RASAL1	0.70289	49.76	0.764	rgb(225, 71, 73)	1.9754	None
PDX1	CACNA1G	0.70289	49.76	0.761	rgb(225, 72, 73)	1.9754	None
PRDM16	KLHL35	-0.70289	49.76	-7.6E-01	rgb( 52,117,246)	1.9754	None
PROX1	AL831889	0.70289	49.76	0.757	rgb(225, 72, 74)	1.9754	2,2
SMAD9	TMEM198	0.70289	49.76	0.758	rgb(225, 72, 74)	1.9754	None
TGIF2	NALCN	-0.70289	49.76	-7.6E-01	rgb( 52,117,246)	1.9754	None
ZNF846	SPTBN4	-0.70289	49.76	-7.6E-01	rgb( 52,116,246)	1.9754	None
ARX	SLC35F3	0.70182	49.75	0.749	rgb(225, 74, 75)	1.9752	None
EBF3	SCT	0.70182	49.75	0.747	rgb(225, 74, 76)	1.9752	None
FOXD4L5	MIAT	0.70182	49.75	0.75	rgb(225, 74, 75)	1.9752	None
GATA2	WSB1	0.70182	49.75	0.755	rgb(225, 73, 74)	1.9752	None
HSF2	MYSM1	0.70182	49.75	0.75	rgb(225, 74, 75)	1.9752	None
LMX1A	F10	-0.70182	49.75	-7.5E-01	rgb( 53,118,246)	1.9752	None
MAFA	MMP13	0.70182	49.75	0.748	rgb(225, 74, 76)	1.9752	None
NEUROD2	ACSL6	0.70182	49.75	0.753	rgb(225, 73, 75)	1.9752	None
NKX6-1	ANKRD20A9P	0.70182	49.75	0.755	rgb(225, 73, 74)	1.9752	2,2
PRDM16	QSOX2	0.70182	49.75	0.751	rgb(225, 74, 75)	1.9752	None
RFX2	FBXL16	0.70182	49.75	0.746	rgb(225, 75, 76)	1.9752	None
ZFHX2	KL	0.70182	49.75	0.747	rgb(225, 74, 76)	1.9752	None
ZNF382	CALY	-0.70182	49.75	-7.5E-01	rgb( 53,117,246)	1.9752	None
LHX1	CCDC39	0.70076	49.74	0.742	rgb(225, 75, 77)	1.975	None
ONECUT3	SCG5	0.70076	49.74	0.741	rgb(225, 75, 77)	1.975	None
RFX6	NOVA2	0.70076	49.74	0.743	rgb(225, 75, 77)	1.975	None
ZFHX2	NXPE1	0.70076	49.74	0.744	rgb(225, 75, 76)	1.975	None
ZFP82	KSR2	-0.70076	49.74	-7.4E-01	rgb( 56,119,245)	1.975	None
E2F7	PODXL2	-0.69969	49.73	-7.3E-01	rgb( 59,121,245)	1.9748	None
ETV1	PDZD4	0.69969	49.73	0.726	rgb(225, 78, 80)	1.9748	None
FOXJ1	SH3RF3	-0.69969	49.73	-7.3E-01	rgb( 59,121,245)	1.9748	None
FOXP2	CHRNB2	-0.69969	49.73	-7.3E-01	rgb( 59,121,245)	1.9748	None
HEY1	N4BP2L2-IT2	-0.69969	49.73	-7.3E-01	rgb( 58,120,245)	1.9748	2,2
HHEX	BC043205	0.69969	49.73	0.733	rgb(225, 77, 79)	1.9748	2,2
HSF2	CPLX1	-0.69969	49.73	-7.3E-01	rgb( 58,120,245)	1.9748	None
HSF2	RPL36A-HNRNPH2	0.69969	49.73	0.727	rgb(225, 78, 80)	1.9748	None
NEUROG3	KCNIP3	0.69969	49.73	0.733	rgb(225, 77, 78)	1.9748	None
NKX6-1	KCNJ6	0.69969	49.73	0.731	rgb(225, 77, 79)	1.9748	None
ONECUT3	STARD4-AS1	-0.69969	49.73	-7.3E-01	rgb( 58,120,245)	1.9748	None
PAX6	MIPOL1	-0.69969	49.73	-7.3E-01	rgb( 59,121,245)	1.9748	None
PDX1	HLF	0.69969	49.73	0.73	rgb(225, 78, 79)	1.9748	None
PLAG1	LHX1	0.69969	49.73	0.732	rgb(225, 77, 79)	1.9748	None
ASCL1	SFTPA2	-0.69862	49.72	-7.2E-01	rgb( 62,123,244)	1.9746	None
E2F7	GPR173	-0.69862	49.72	-7.2E-01	rgb( 60,122,244)	1.9746	None
ELF4	ANKS1B	0.69862	49.72	0.719	rgb(225, 80, 81)	1.9746	None
ETS1	CACNA1E	-0.69862	49.72	-7.2E-01	rgb( 62,122,244)	1.9746	None
ETS1	SRCIN1	-0.69862	49.72	-7.2E-01	rgb( 60,121,244)	1.9746	None
FOXD4L5	SCG2	0.69862	49.72	0.721	rgb(225, 79, 81)	1.9746	None
GATA4	USP32P2	-0.69862	49.72	-7.2E-01	rgb( 61,122,244)	1.9746	None
HLF	HSPA2	0.69862	49.72	0.719	rgb(225, 80, 81)	1.9746	None
MAFB	SYNM	-0.69862	49.72	-7.2E-01	rgb( 62,123,244)	1.9746	None
NEUROD2	GALNT16	-0.69862	49.72	-7.2E-01	rgb( 61,122,244)	1.9746	None
PBX3	SERTAD1	-0.69862	49.72	-7.2E-01	rgb( 60,121,245)	1.9746	None
PBX3	ZNF519	0.69862	49.72	0.72	rgb(225, 80, 81)	1.9746	None
PDX1	ZRSR1	0.69862	49.72	0.719	rgb(225, 80, 81)	1.9746	2,2
SIX2	SESN2	-0.69862	49.72	-7.2E-01	rgb( 62,122,244)	1.9746	None
TEAD1	MXI1	-0.69862	49.72	-7.2E-01	rgb( 61,122,244)	1.9746	None
TFCP2L1	SAMD5	0.69862	49.72	0.719	rgb(225, 80, 81)	1.9746	None
TGIF2	LINC00643	0.69862	49.72	0.718	rgb(225, 80, 81)	1.9746	None
ZNF846	PNPO	-0.69862	49.72	-7.2E-01	rgb( 61,122,244)	1.9746	None
GRHL3	PCDHB10	0.69862	49.72	0.723	rgb(225, 79, 80)	1.9746	2,2
SIM1	FFAR1	0.69862	49.72	0.72	rgb(225, 79, 81)	1.9746	2,2
ZNF514	CR627225	0.69862	49.72	0.717	rgb(225, 80, 81)	1.9746	2,2
EGR3	DPY19L2	-0.69756	49.71	-7.1E-01	rgb( 64,124,244)	1.9744	None
GATA2	KCNH6	0.69756	49.71	0.711	rgb(225, 81, 83)	1.9744	None
HLF	ABLIM2	-0.69756	49.71	-7.1E-01	rgb( 62,123,244)	1.9744	None
LMX1B	MPP2	0.69756	49.71	0.707	rgb(225, 82, 83)	1.9744	None
NEUROG3	CNTN3	-0.69756	49.71	-7.1E-01	rgb( 63,124,244)	1.9744	None
NKX2-2	KSR2	0.69756	49.71	0.707	rgb(225, 82, 83)	1.9744	None
PAX6	CELF5	-0.69756	49.71	-7.1E-01	rgb( 62,123,244)	1.9744	None
PAX6	KIAA1328	-0.69756	49.71	-7.1E-01	rgb( 63,124,244)	1.9744	None
RFX2	CNGA4	0.69756	49.71	0.713	rgb(225, 81, 82)	1.9744	None
RFX6	MMD2	0.69756	49.71	0.706	rgb(225, 82, 84)	1.9744	None
SMAD9	PTPN22	-0.69756	49.71	-7.1E-01	rgb( 63,123,244)	1.9744	None
SPIB	GADD45G	-0.69756	49.71	-7.1E-01	rgb( 64,124,244)	1.9744	None
ZNF492	LOC399744	0.69756	49.71	0.706	rgb(225, 82, 84)	1.9744	2,2
ETS1	SSTR3	-0.69649	49.7	-7.0E-01	rgb( 66,125,243)	1.9742	None
FOXA1	KIAA1549	0.69649	49.7	0.699	rgb(225, 83, 85)	1.9742	None
HIC1	SAMD5	-0.69649	49.7	-7.0E-01	rgb( 65,124,244)	1.9742	None
HSF2	AP3B2	-0.69649	49.7	-7.0E-01	rgb( 66,125,243)	1.9742	None
SMAD9	FABP5	-0.69649	49.7	-7.0E-01	rgb( 66,125,243)	1.9742	None
SMAD9	TMOD2	0.69649	49.7	0.705	rgb(225, 82, 84)	1.9742	None
SPIB	SLC14A1	-0.69649	49.7	-7.0E-01	rgb( 65,125,244)	1.9742	None
TEAD2	GPR155	-0.69649	49.7	-7.0E-01	rgb( 64,124,244)	1.9742	None
ZNF382	LDHD	0.69649	49.7	0.7	rgb(225, 83, 85)	1.9742	None
CCDC17	HSPB7	-0.69649	49.7	-7.0E-01	rgb( 66,125,243)	1.9742	2,2
ZNF514	LOC151009	0.69649	49.7	0.704	rgb(225, 83, 84)	1.9742	2,2
ATF6	IFI27	0.69542	49.69	0.688	rgb(225, 86, 87)	1.974	2,2
E2F7	SYP	-0.69542	49.69	-6.9E-01	rgb( 68,127,243)	1.974	None
ETS1	TMEM158	0.69542	49.69	0.692	rgb(225, 85, 86)	1.974	None
FEV	PDZD4	0.69542	49.69	0.69	rgb(225, 85, 87)	1.974	None
FOXJ1	DLC1	0.69542	49.69	0.685	rgb(225, 86, 87)	1.974	None
GATA4	LRAT	-0.69542	49.69	-6.9E-01	rgb( 68,126,243)	1.974	None
GATA4	SESN2	0.69542	49.69	0.686	rgb(225, 86, 87)	1.974	None
MAFB	SPARC	0.69542	49.69	0.692	rgb(225, 85, 86)	1.974	None
NKX6-1	GSTA2	0.69542	49.69	0.695	rgb(225, 84, 86)	1.974	None
PAX6	SLC25A34	-0.69542	49.69	-6.9E-01	rgb( 68,127,243)	1.974	None
PBX3	DOK6	-0.69542	49.69	-6.9E-01	rgb( 68,126,243)	1.974	None
RFX2	PNMAL1	0.69542	49.69	0.691	rgb(225, 85, 86)	1.974	2,2
TP73	TET1	-0.69542	49.69	-6.9E-01	rgb( 67,126,243)	1.974	None
ZFP82	AGAP11	-0.69542	49.69	-6.9E-01	rgb( 67,126,243)	1.974	None
ZNF846	GOLGA7B	0.69542	49.69	0.691	rgb(225, 85, 86)	1.974	None
ZNF846	PKIA	0.69542	49.69	0.691	rgb(225, 85, 86)	1.974	None
ZNF883	AK311497	-0.69542	49.69	-6.9E-01	rgb( 67,126,243)	1.974	2,2
AEBP1	CNTNAP4	0.69542	49.69	0.694	rgb(225, 84, 86)	1.974	2,2
ZNF117	NAIP	0.69542	49.69	0.692	rgb(225, 85, 86)	1.974	2,2
FEV	TMEM198	0.69436	49.68	0.675	rgb(224, 88, 89)	1.9738	None
HEYL	EDIL3	-0.69436	49.68	-6.8E-01	rgb( 69,127,243)	1.9738	2,2
HEYL	FJX1	0.69436	49.68	0.679	rgb(224, 87, 89)	1.9738	None
HLF	AX747755	-0.69436	49.68	-6.8E-01	rgb( 70,128,243)	1.9738	2,2
HSF2	ZCCHC18	-0.69436	49.68	-6.8E-01	rgb( 69,127,243)	1.9738	None
LHX1	PRR7	-0.69436	49.68	-6.8E-01	rgb( 70,128,243)	1.9738	None
LMX1B	FOXD4L2	-0.69436	49.68	-6.8E-01	rgb( 69,127,243)	1.9738	2,2
MAFA	COL1A2	0.69436	49.68	0.678	rgb(224, 87, 89)	1.9738	None
NEUROG3	STK33	0.69436	49.68	0.681	rgb(224, 87, 88)	1.9738	None
ONECUT3	USP32P2	0.69436	49.68	0.677	rgb(224, 88, 89)	1.9738	None
PBX3	SHF	0.69436	49.68	0.679	rgb(224, 87, 89)	1.9738	None
POU2F2	ADH6	-0.69436	49.68	-6.8E-01	rgb( 68,127,243)	1.9738	None
RFX6	CRIP2	0.69436	49.68	0.681	rgb(224, 87, 88)	1.9738	None
SMAD9	UNC93A	-0.69436	49.68	-6.8E-01	rgb( 69,127,243)	1.9738	None
TEAD2	PBX3	-0.69436	49.68	-6.8E-01	rgb( 71,128,243)	1.9738	None
ZFHX2	SLC26A7	0.69436	49.68	0.677	rgb(224, 88, 89)	1.9738	None
ZNF883	LOC728407	0.69436	49.68	0.677	rgb(224, 88, 89)	1.9738	2,2
ARNT2	TTLL7	-0.69329	49.67	-6.7E-01	rgb( 72,129,242)	1.9736	None
ARX	LOC728175	0.69329	49.67	0.668	rgb(224, 89, 91)	1.9736	2,2
ASCL1	CIB4	-0.69329	49.67	-6.7E-01	rgb( 71,128,243)	1.9736	None
ETV1	FZD4	-0.69329	49.67	-6.7E-01	rgb( 71,128,243)	1.9736	None
FOXA1	DTX1	0.69329	49.67	0.669	rgb(224, 89, 90)	1.9736	None
FOXD4L5	HMBOX1	0.69329	49.67	0.67	rgb(224, 89, 90)	1.9736	None
FOXP2	DTX3	-0.69329	49.67	-6.7E-01	rgb( 71,128,243)	1.9736	2,2
LMX1B	KHK	-0.69329	49.67	-6.7E-01	rgb( 71,128,243)	1.9736	None
MAFB	OLFML2B	0.69329	49.67	0.674	rgb(224, 88, 90)	1.9736	None
NEUROD2	SPON2	0.69329	49.67	0.673	rgb(224, 88, 90)	1.9736	None
ONECUT1	TRIM66	0.69329	49.67	0.67	rgb(224, 89, 90)	1.9736	None
PDX1	EFNB3	0.69329	49.67	0.671	rgb(224, 89, 90)	1.9736	None
RFX6	LRFN2	0.69329	49.67	0.67	rgb(224, 89, 90)	1.9736	None
SIX2	ZMYM2	0.69329	49.67	0.671	rgb(224, 89, 90)	1.9736	None
ZNF492	BC029255	0.69329	49.67	0.666	rgb(224, 90, 91)	1.9736	2,2
GRHL3	FAM19A5	0.69329	49.67	0.672	rgb(224, 89, 90)	1.9736	2,2
ZBTB25	FKSG51	0.69329	49.67	0.67	rgb(224, 89, 90)	1.9736	2,2
ZNF117	GOLGA6L5	0.69329	49.67	0.672	rgb(224, 89, 90)	1.9736	2,2
EGR3	KLHL35	0.69222	49.66	0.663	rgb(224, 90, 92)	1.9734	None
EGR3	NEK10	-0.69222	49.66	-6.6E-01	rgb( 74,130,242)	1.9734	None
ETS1	KCNJ3	-0.69222	49.66	-6.6E-01	rgb( 73,130,242)	1.9734	None
ETV1	DNAJB13	-0.69222	49.66	-6.6E-01	rgb( 73,129,242)	1.9734	None
FOXA1	VCAN	0.69222	49.66	0.657	rgb(224, 91, 93)	1.9734	None
GATA4	LCP1	0.69222	49.66	0.658	rgb(224, 91, 93)	1.9734	None
GATA4	SLC22A17	-0.69222	49.66	-6.6E-01	rgb( 74,130,242)	1.9734	None
ISL1	ACOT7	-0.69222	49.66	-6.6E-01	rgb( 73,130,242)	1.9734	None
NHLH1	SYNGR3	0.69222	49.66	0.662	rgb(224, 90, 92)	1.9734	None
NKX2-2	APBB1	-0.69222	49.66	-6.6E-01	rgb( 73,130,242)	1.9734	None
PAX4	OLFML3	-0.69222	49.66	-6.6E-01	rgb( 73,129,242)	1.9734	None
PRDM16	AK125437	-0.69222	49.66	-6.6E-01	rgb( 73,129,242)	1.9734	2,2
ZFP82	AK125871	-0.69222	49.66	-6.6E-01	rgb( 73,129,242)	1.9734	2,2
ZNF382	NPAS3	-0.69222	49.66	-6.6E-01	rgb( 73,129,242)	1.9734	None
ASCL2	REEP2	0.69116	49.65	0.646	rgb(224, 94, 95)	1.9732	None
EGR3	PAM	0.69116	49.65	0.648	rgb(224, 93, 94)	1.9732	None
ELF4	TCEAL1	0.69116	49.65	0.649	rgb(224, 93, 94)	1.9732	None
ETS1	TUBB3	0.69116	49.65	0.653	rgb(224, 92, 94)	1.9732	None
GATA2	SDCBP2-AS1	0.69116	49.65	0.645	rgb(224, 94, 95)	1.9732	None
GATA4	TMEFF2	0.69116	49.65	0.646	rgb(224, 94, 95)	1.9732	None
HIF1A	CEND1	-0.69116	49.65	-6.5E-01	rgb( 76,131,242)	1.9732	None
HSF2	SEC11C	0.69116	49.65	0.653	rgb(224, 92, 94)	1.9732	None
LMX1B	LGR6	0.69116	49.65	0.648	rgb(224, 93, 95)	1.9732	None
NKX2-2	MSMB	0.69116	49.65	0.648	rgb(224, 93, 94)	1.9732	None
PAX6	PRRT3	-0.69116	49.65	-6.5E-01	rgb( 77,132,242)	1.9732	None
RFX6	GTF2IRD1P1	0.69116	49.65	0.65	rgb(224, 93, 94)	1.9732	None
RORC	LONRF2	-0.69116	49.65	-6.5E-01	rgb( 77,132,242)	1.9732	None
SIX2	APLP1	0.69116	49.65	0.655	rgb(224, 92, 93)	1.9732	None
SPIB	PPP1R1A	0.69116	49.65	0.652	rgb(224, 92, 94)	1.9732	None
TEAD1	EMB	-0.69116	49.65	-6.5E-01	rgb( 76,131,242)	1.9732	None
ZNF514	AK123332	0.69116	49.65	0.65	rgb(224, 93, 94)	1.9732	2,2
ARX	GSTA2	-0.69009	49.64	-6.4E-01	rgb( 79,133,241)	1.973	None
INSM1	CNTNAP4	0.69009	49.64	0.636	rgb(224, 95, 97)	1.973	2,2
LHX1	KL	-0.69009	49.64	-6.4E-01	rgb( 77,132,241)	1.973	None
LMX1B	TUBB2B	0.69009	49.64	0.638	rgb(224, 95, 97)	1.973	None
MAFA	CHGB	0.69009	49.64	0.637	rgb(224, 95, 97)	1.973	None
MAFA	SST	0.69009	49.64	0.64	rgb(224, 95, 96)	1.973	None
MAFA	TMEM190	0.69009	49.64	0.644	rgb(224, 94, 95)	1.973	None
ONECUT1	ONECUT2	0.69009	49.64	0.643	rgb(224, 94, 95)	1.973	None
ONECUT1	UGDH-AS1	0.69009	49.64	0.637	rgb(224, 95, 97)	1.973	None
PDX1	SCT	0.69009	49.64	0.639	rgb(224, 95, 96)	1.973	None
POU5F1	FAM227A	0.69009	49.64	0.641	rgb(224, 94, 96)	1.973	None
PRDM16	FAIM2	0.69009	49.64	0.641	rgb(224, 95, 96)	1.973	None
PRDM16	SMARCC1	0.69009	49.64	0.639	rgb(224, 95, 96)	1.973	None
SMAD9	HEY1	0.69009	49.64	0.641	rgb(224, 95, 96)	1.973	None
ZFP82	BASP1	-0.69009	49.64	-6.4E-01	rgb( 77,132,242)	1.973	None
ZNF382	SLC35F3	-0.69009	49.64	-6.4E-01	rgb( 77,132,241)	1.973	None
ZNF492	TUBB2B	-0.69009	49.64	-6.4E-01	rgb( 78,133,241)	1.973	None
ZNF846	USP41	0.69009	49.64	0.64	rgb(224, 95, 96)	1.973	None
NPAS3	DBC1	0.69009	49.64	0.636	rgb(224, 96, 97)	1.973	2,2
ARNT2	ID2	0.68902	49.63	0.626	rgb(224, 97, 99)	1.9728	None
ARX	FAM92B	-0.68902	49.63	-6.3E-01	rgb( 81,134,241)	1.9728	None
E2F7	FLJ35282	-0.68902	49.63	-6.3E-01	rgb( 81,134,241)	1.9728	2,2
ELF4	EPHA4	-0.68902	49.63	-6.3E-01	rgb( 81,134,241)	1.9728	None
ELF4	PRRT2	-0.68902	49.63	-6.3E-01	rgb( 81,134,241)	1.9728	None
ETS1	ILDR2	-0.68902	49.63	-6.3E-01	rgb( 79,133,241)	1.9728	None
GATA2	PTHLH	0.68902	49.63	0.632	rgb(224, 96, 98)	1.9728	None
GATA4	RPS15AP10	-0.68902	49.63	-6.3E-01	rgb( 81,134,241)	1.9728	None
LHX1	KCNJ2	-0.68902	49.63	-6.3E-01	rgb( 81,134,241)	1.9728	None
LMX1B	UCKL1-AS1	-0.68902	49.63	-6.3E-01	rgb( 80,133,241)	1.9728	None
MAFF	ASCL2	-0.68902	49.63	-6.3E-01	rgb( 80,134,241)	1.9728	None
NKX2-2	FZD4	-0.68902	49.63	-6.3E-01	rgb( 80,134,241)	1.9728	None
NKX6-1	LIMCH1	0.68902	49.63	0.625	rgb(224, 98, 99)	1.9728	None
NR4A2	GDF11	-0.68902	49.63	-6.3E-01	rgb( 81,134,241)	1.9728	None
ONECUT2	PRR7	-0.68902	49.63	-6.3E-01	rgb( 81,134,241)	1.9728	None
PAX6	NAV3	-0.68902	49.63	-6.3E-01	rgb( 79,133,241)	1.9728	None
PAX6	SLC14A2	-0.68902	49.63	-6.3E-01	rgb( 80,134,241)	1.9728	None
PBX3	SST	-0.68902	49.63	-6.3E-01	rgb( 81,134,241)	1.9728	None
PDX1	MLLT11	0.68902	49.63	0.626	rgb(224, 97, 99)	1.9728	None
RORC	GPR148	-0.68902	49.63	-6.3E-01	rgb( 79,133,241)	1.9728	None
SOX4	VASH2	0.68902	49.63	0.628	rgb(224, 97, 98)	1.9728	None
SPIB	SLC25A34	-0.68902	49.63	-6.3E-01	rgb( 81,134,241)	1.9728	None
ST18	TCTEX1D4	0.68902	49.63	0.63	rgb(224, 97, 98)	1.9728	None
TEAD1	LINGO1	-0.68902	49.63	-6.3E-01	rgb( 80,134,241)	1.9728	None
ZNF492	KCNH7	-0.68902	49.63	-6.3E-01	rgb( 80,134,241)	1.9728	None
ASCL1	NEFM	0.68796	49.62	0.616	rgb(224, 99,101)	1.9726	None
EGR3	PER2	0.68796	49.62	0.616	rgb(224, 99,101)	1.9726	None
EGR3	SPIB	0.68796	49.62	0.624	rgb(224, 98, 99)	1.9726	None
ETV1	ZNF514	-0.68796	49.62	-6.2E-01	rgb( 82,135,241)	1.9726	None
FOXA1	CBX4	-0.68796	49.62	-6.2E-01	rgb( 82,135,241)	1.9726	None
HEYL	CACNB2	-0.68796	49.62	-6.2E-01	rgb( 83,136,240)	1.9726	2,2
HLF	AK056486	-0.68796	49.62	-6.2E-01	rgb( 81,135,241)	1.9726	2,2
HSF2	ACSS3	-0.68796	49.62	-6.2E-01	rgb( 83,136,240)	1.9726	None
HSF2	GPR162	-0.68796	49.62	-6.2E-01	rgb( 82,135,241)	1.9726	None
HSF2	PBX3	-0.68796	49.62	-6.2E-01	rgb( 83,136,240)	1.9726	None
NEUROG3	PCDHB16	0.68796	49.62	0.625	rgb(224, 98, 99)	1.9726	2,2
NKX2-2	MAP2	-0.68796	49.62	-6.2E-01	rgb( 83,135,240)	1.9726	None
NKX6-1	ADCY2	0.68796	49.62	0.618	rgb(224, 99,100)	1.9726	None
NKX6-1	GADD45A	0.68796	49.62	0.615	rgb(224, 99,101)	1.9726	None
PAX6	RCOR3	-0.68796	49.62	-6.2E-01	rgb( 83,136,240)	1.9726	None
PDX1	FOXJ1	0.68796	49.62	0.62	rgb(224, 98,100)	1.9726	None
RFX6	CCDC181	0.68796	49.62	0.617	rgb(224, 99,100)	1.9726	None
SIX2	BEGAIN	0.68796	49.62	0.621	rgb(224, 98,100)	1.9726	None
SMAD9	KLK12	0.68796	49.62	0.616	rgb(224, 99,101)	1.9726	None
TEAD1	CACNA1H	-0.68796	49.62	-6.2E-01	rgb( 83,135,240)	1.9726	None
TFCP2L1	MMP11	0.68796	49.62	0.615	rgb(224, 99,101)	1.9726	None
ZNF382	TRPM3	-0.68796	49.62	-6.2E-01	rgb( 82,135,241)	1.9726	None
CSRNP3	FLJ35024	0.68796	49.62	0.617	rgb(224, 99,100)	1.9726	2,2
ZNF514	AX747819	0.68796	49.62	0.62	rgb(224, 99,100)	1.9726	2,2
ZNF788	LOC644172	0.68796	49.62	0.624	rgb(224, 98, 99)	1.9726	2,2
EGR3	FUT7	0.68689	49.61	0.607	rgb(224,101,102)	1.9724	None
ELF4	RNPC3	-0.68689	49.61	-6.1E-01	rgb( 84,136,240)	1.9724	None
HSF2	TPPP3	-0.68689	49.61	-6.1E-01	rgb( 86,137,240)	1.9724	None
MYRF	LOC389332	0.68689	49.61	0.607	rgb(224,101,102)	1.9724	2,2
NHLH1	NPTXR	0.68689	49.61	0.613	rgb(224,100,101)	1.9724	None
ONECUT2	UTS2B	0.68689	49.61	0.611	rgb(224,100,102)	1.9724	None
SPIB	B3GNTL1	-0.68689	49.61	-6.1E-01	rgb( 85,137,240)	1.9724	None
CCDC17	FOXD4L5	0.68689	49.61	0.61	rgb(224,101,102)	1.9724	2,2
ZBTB25	N4BP2L2-IT2	0.68689	49.61	0.614	rgb(224,100,101)	1.9724	2,2
ZFP2	PCDHB10	0.68689	49.61	0.605	rgb(224,101,103)	1.9724	2,2
ETV1	PTHLH	0.68582	49.6	0.595	rgb(224,103,104)	1.9722	None
ETV1	ZRANB2-AS1	-0.68582	49.6	-6.0E-01	rgb( 88,138,240)	1.9722	None
FEV	LRP3	0.68582	49.6	0.602	rgb(224,102,103)	1.9722	None
FEV	ZNF883	0.68582	49.6	0.6	rgb(224,102,104)	1.9722	None
GATA4	C7	0.68582	49.6	0.598	rgb(224,103,104)	1.9722	None
GATA4	SSBP2	0.68582	49.6	0.601	rgb(224,102,103)	1.9722	None
LHX1	DNAH14	-0.68582	49.6	-6.0E-01	rgb( 87,138,240)	1.9722	None
LMX1B	CXXC4	0.68582	49.6	0.596	rgb(224,103,104)	1.9722	None
MAFF	CCDC113	-0.68582	49.6	-6.0E-01	rgb( 87,138,240)	1.9722	None
MAFF	KTN1-AS1	0.68582	49.6	0.603	rgb(224,102,103)	1.9722	None
PBX3	AK5	-0.68582	49.6	-6.0E-01	rgb( 86,137,240)	1.9722	None
PRDM16	APLN	0.68582	49.6	0.604	rgb(224,102,103)	1.9722	None
RFX6	THBS4	0.68582	49.6	0.598	rgb(224,103,104)	1.9722	None
SIX2	SVOP	0.68582	49.6	0.604	rgb(224,102,103)	1.9722	None
ZFP92	MICAL2	0.68582	49.6	0.597	rgb(224,103,104)	1.9722	None
ZBTB4	AX747598	0.68582	49.6	0.601	rgb(224,102,103)	1.9722	2,2
ARNT2	NTNG2	-0.68476	49.59	-5.9E-01	rgb( 89,139,239)	1.972	None
E2F7	GNAO1	-0.68476	49.59	-5.9E-01	rgb( 90,140,239)	1.972	None
E2F7	PLCL1	-0.68476	49.59	-5.9E-01	rgb( 89,139,239)	1.972	None
ELF4	GFRA1	-0.68476	49.59	-5.9E-01	rgb( 88,139,240)	1.972	None
ETS1	FXYD1	0.68476	49.59	0.585	rgb(223,105,106)	1.972	None
FEV	PODXL2	0.68476	49.59	0.588	rgb(223,105,106)	1.972	None
FOXA1	DZIP1	0.68476	49.59	0.589	rgb(223,104,106)	1.972	None
GATA4	LINC00514	-0.68476	49.59	-5.9E-01	rgb( 89,139,239)	1.972	None
GATA4	SIX2	-0.68476	49.59	-5.9E-01	rgb( 89,139,239)	1.972	None
LHX1	COL12A1	0.68476	49.59	0.593	rgb(224,104,105)	1.972	None
LMX1B	GLUD1P3	-0.68476	49.59	-5.9E-01	rgb( 90,140,239)	1.972	None
LMX1B	THBS4	0.68476	49.59	0.585	rgb(223,105,106)	1.972	None
NEUROG3	DOCK4	0.68476	49.59	0.589	rgb(223,104,106)	1.972	2,2
NEUROG3	NEK10	0.68476	49.59	0.588	rgb(223,105,106)	1.972	None
NEUROG3	SPOCK3	0.68476	49.59	0.585	rgb(223,105,106)	1.972	None
SOX4	SSTR5-AS1	-0.68476	49.59	-5.9E-01	rgb( 88,139,240)	1.972	None
TFCP2L1	GFRA1	0.68476	49.59	0.59	rgb(223,104,106)	1.972	None
ZFHX2	BLMH	-0.68476	49.59	-5.9E-01	rgb( 89,139,239)	1.972	None
ZNF846	LIMCH1	-0.68476	49.59	-5.9E-01	rgb( 90,140,239)	1.972	None
CXXC4	DQ573539	0.68369	49.58	0.578	rgb(223,107,108)	1.9718	2,2
FOXA1	DOCK8	0.68369	49.58	0.577	rgb(223,107,108)	1.9718	None
FOXD4L5	UTS2B	0.68369	49.58	0.578	rgb(223,107,108)	1.9718	None
FOXJ1	CTTNBP2	-0.68369	49.58	-5.8E-01	rgb( 90,140,239)	1.9718	None
FOXJ1	ITPRIP	-0.68369	49.58	-5.8E-01	rgb( 92,141,239)	1.9718	None
LMX1B	DHRS2	0.68369	49.58	0.575	rgb(223,107,108)	1.9718	None
NEUROD1	CD37	-0.68369	49.58	-5.8E-01	rgb( 91,140,239)	1.9718	None
NKX2-2	ECE2	0.68369	49.58	0.579	rgb(223,106,108)	1.9718	None
NKX2-2	LCP1	0.68369	49.58	0.577	rgb(223,107,108)	1.9718	None
PRDM16	LDHD	0.68369	49.58	0.577	rgb(223,107,108)	1.9718	None
PRDM16	PMFBP1	-0.68369	49.58	-5.8E-01	rgb( 90,140,239)	1.9718	None
RFX2	PALMD	0.68369	49.58	0.578	rgb(223,107,108)	1.9718	None
RFX3	NEFL	0.68369	49.58	0.581	rgb(223,106,107)	1.9718	None
RFX6	TMEM59L	0.68369	49.58	0.582	rgb(223,106,107)	1.9718	2,2
RORC	MDK	0.68369	49.58	0.582	rgb(223,106,107)	1.9718	None
SIX2	CHST8	0.68369	49.58	0.576	rgb(223,107,108)	1.9718	None
SIX2	NPSR1-AS1	-0.68369	49.58	-5.8E-01	rgb( 90,140,239)	1.9718	None
SOX4	AMPH	-0.68369	49.58	-5.8E-01	rgb( 91,141,239)	1.9718	None
TEAD1	CELF4	-0.68369	49.58	-5.8E-01	rgb( 91,141,239)	1.9718	None
TEAD1	COL14A1	-0.68369	49.58	-5.8E-01	rgb( 91,140,239)	1.9718	None
TEAD1	GDAP1	-0.68369	49.58	-5.8E-01	rgb( 90,140,239)	1.9718	None
TEAD1	SH3RF3	-0.68369	49.58	-5.8E-01	rgb( 90,140,239)	1.9718	None
ZNF519	RTEL1	0.68369	49.58	0.583	rgb(223,106,107)	1.9718	None
DACH1	AX746995	0.68369	49.58	0.576	rgb(223,107,108)	1.9718	2,2
ZFP2	FAM226B	0.68369	49.58	0.581	rgb(223,106,107)	1.9718	2,2
ASCL1	ABCC8	0.68262	49.57	0.568	rgb(223,109,110)	1.9716	None
EGR3	ZG16	-0.68262	49.57	-5.7E-01	rgb( 93,142,239)	1.9716	None
ELF4	CENPE	-0.68262	49.57	-5.7E-01	rgb( 92,141,239)	1.9716	None
ETS1	SOX4	0.68262	49.57	0.569	rgb(223,108,109)	1.9716	None
GATA2	ETS1	0.68262	49.57	0.573	rgb(223,108,109)	1.9716	None
GATA2	NDRG4	0.68262	49.57	0.574	rgb(223,107,109)	1.9716	None
GATA4	KCNMB2	0.68262	49.57	0.572	rgb(223,108,109)	1.9716	None
HMBOX1	FGF14	0.68262	49.57	0.57	rgb(223,108,109)	1.9716	None
LMX1B	CAMK2B	0.68262	49.57	0.569	rgb(223,108,109)	1.9716	None
LTF	LOC595101	0.68262	49.57	0.573	rgb(223,108,109)	1.9716	2,2
MAFB	APLP1	-0.68262	49.57	-5.7E-01	rgb( 92,141,239)	1.9716	None
MAFB	DNAH14	-0.68262	49.57	-5.7E-01	rgb( 94,142,239)	1.9716	None
MAFB	FAM71E2	0.68262	49.57	0.571	rgb(223,108,109)	1.9716	None
NEUROD2	GOLGA7B	0.68262	49.57	0.565	rgb(223,109,110)	1.9716	None
NKX2-2	ASIC4	-0.68262	49.57	-5.7E-01	rgb( 93,142,239)	1.9716	None
PRDM16	ARHGEF26-AS1	-0.68262	49.57	-5.7E-01	rgb( 93,142,239)	1.9716	None
SIX2	SPTBN4	0.68262	49.57	0.574	rgb(223,107,109)	1.9716	None
SIX2	SV2B	-0.68262	49.57	-5.7E-01	rgb( 94,142,239)	1.9716	None
AEBP1	CHST9	0.68262	49.57	0.572	rgb(223,108,109)	1.9716	2,2
ARX	MIPOL1	0.68156	49.56	0.56	rgb(223,110,111)	1.9714	None
ASCL1	LGI3	0.68156	49.56	0.557	rgb(223,111,112)	1.9714	None
DPF3	AK128559	0.68156	49.56	0.564	rgb(223,109,110)	1.9714	2,2
ETV1	PNPO	-0.68156	49.56	-5.6E-01	rgb( 95,143,238)	1.9714	None
FOXA1	MUC16	0.68156	49.56	0.558	rgb(223,110,111)	1.9714	None
GATA4	NR4A3	-0.68156	49.56	-5.6E-01	rgb( 96,143,238)	1.9714	None
HOXB9	TUBB4A	-0.68156	49.56	-5.6E-01	rgb( 97,144,238)	1.9714	2,2
LMX1B	AK127339	-0.68156	49.56	-5.6E-01	rgb( 96,143,238)	1.9714	2,2
MAFA	CCK	0.68156	49.56	0.563	rgb(223,110,111)	1.9714	None
MYRF	LOC100862671	0.68156	49.56	0.559	rgb(223,110,111)	1.9714	2,2
NEUROD2	PMP22	0.68156	49.56	0.561	rgb(223,110,111)	1.9714	None
NEUROG3	SMOC2	0.68156	49.56	0.56	rgb(223,110,111)	1.9714	None
NFAT5	GDF1	-0.68156	49.56	-5.6E-01	rgb( 95,143,238)	1.9714	2,2
NKX2-2	APBB2	-0.68156	49.56	-5.6E-01	rgb( 96,144,238)	1.9714	None
ONECUT2	GABRP	0.68156	49.56	0.559	rgb(223,110,111)	1.9714	None
PAX6	MYBPC3	-0.68156	49.56	-5.6E-01	rgb( 95,143,238)	1.9714	None
SIX2	FDPSP2	-0.68156	49.56	-5.6E-01	rgb( 95,143,238)	1.9714	None
SIX2	NAT14	-0.68156	49.56	-5.6E-01	rgb( 97,144,238)	1.9714	None
SIX2	SMTNL2	-0.68156	49.56	-5.6E-01	rgb( 96,144,238)	1.9714	None
SMAD9	SSTR1	0.68156	49.56	0.559	rgb(223,110,111)	1.9714	None
SPIB	CNPY1	0.68156	49.56	0.564	rgb(223,109,110)	1.9714	None
TEAD1	CALY	-0.68156	49.56	-5.6E-01	rgb( 95,143,238)	1.9714	None
TFCP2L1	EGFR	-0.68156	49.56	-5.6E-01	rgb( 95,143,238)	1.9714	None
TFCP2L1	REEP2	0.68156	49.56	0.557	rgb(223,111,112)	1.9714	None
ZFHX2	LINC00261	-0.68156	49.56	-5.6E-01	rgb( 96,143,238)	1.9714	None
ZNF846	LZTS1	0.68156	49.56	0.558	rgb(223,110,112)	1.9714	None
ARX	HES6	-0.68049	49.55	-5.5E-01	rgb( 97,144,238)	1.9712	None
ATF6	AHNAK	-0.68049	49.55	-5.5E-01	rgb( 98,145,238)	1.9712	None
EGR3	BSN	0.68049	49.55	0.555	rgb(223,111,112)	1.9712	None
EGR3	GPR142	0.68049	49.55	0.55	rgb(223,112,113)	1.9712	None
ETS1	ZDHHC11	-0.68049	49.55	-5.5E-01	rgb( 97,144,238)	1.9712	None
FOXA1	LRRC49	0.68049	49.55	0.549	rgb(223,112,113)	1.9712	None
HEYL	FLJ00385	0.68049	49.55	0.554	rgb(223,111,112)	1.9712	2,2
HMBOX1	DCHS1	0.68049	49.55	0.554	rgb(223,111,112)	1.9712	None
HSF2	CELA3B	0.68049	49.55	0.545	rgb(223,113,114)	1.9712	None
ISL1	CITED4	-0.68049	49.55	-5.5E-01	rgb( 97,144,238)	1.9712	None
MAFF	SDK2	-0.68049	49.55	-5.5E-01	rgb( 97,144,238)	1.9712	None
NEUROG3	SMA	0.68049	49.55	0.546	rgb(223,113,114)	1.9712	2,2
ONECUT3	AKNA	-0.68049	49.55	-5.5E-01	rgb( 98,145,238)	1.9712	None
PBX3	PPP1R14A	0.68049	49.55	0.547	rgb(223,113,114)	1.9712	None
PRDM16	GCK	-0.68049	49.55	-5.5E-01	rgb( 97,144,238)	1.9712	None
SIX2	EXOSC4	-0.68049	49.55	-5.5E-01	rgb( 97,144,238)	1.9712	None
SOX4	UCN3	-0.68049	49.55	-5.5E-01	rgb( 98,145,238)	1.9712	None
ZNF382	LOC283731	-0.68049	49.55	-5.5E-01	rgb( 97,144,238)	1.9712	2,2
ZNF492	BST2	-0.68049	49.55	-5.5E-01	rgb( 97,144,238)	1.9712	2,2
ZNF788	TRO	-0.68049	49.55	-5.5E-01	rgb( 98,145,238)	1.9712	2,2
E2F7	MUC2	-0.67942	49.54	-5.4E-01	rgb(101,146,237)	1.971	2,2
E2F7	TMEM132B	-0.67942	49.54	-5.4E-01	rgb( 99,145,238)	1.971	None
EGR3	GATA6	0.67942	49.54	0.543	rgb(223,113,114)	1.971	None
ETV1	MAP1B	0.67942	49.54	0.542	rgb(223,113,115)	1.971	None
ETV1	MYBPC3	0.67942	49.54	0.543	rgb(223,113,114)	1.971	None
FOXD4L5	SERPINA10	0.67942	49.54	0.537	rgb(223,115,116)	1.971	None
FOXP2	RNPC3	0.67942	49.54	0.545	rgb(223,113,114)	1.971	None
HIF1A	SPDYE1	-0.67942	49.54	-5.4E-01	rgb(100,146,238)	1.971	None
HSF2	PGA3	0.67942	49.54	0.536	rgb(223,115,116)	1.971	None
INSM1	ASIC5	0.67942	49.54	0.545	rgb(223,113,114)	1.971	2,2
ISL1	AK090844	0.67942	49.54	0.543	rgb(223,113,114)	1.971	2,2
LMX1B	STXBP1	0.67942	49.54	0.537	rgb(223,114,115)	1.971	None
MAFA	LYPD8	0.67942	49.54	0.541	rgb(223,114,115)	1.971	2,2
MAFB	CACNG4	0.67942	49.54	0.536	rgb(223,115,116)	1.971	None
MAFF	NKAIN1	0.67942	49.54	0.542	rgb(223,113,114)	1.971	None
MYRF	AL832439	-0.67942	49.54	-5.4E-01	rgb(100,146,237)	1.971	2,2
NEUROD2	FAM171A2	0.67942	49.54	0.537	rgb(223,114,115)	1.971	None
NEUROG3	TTC7B	0.67942	49.54	0.541	rgb(223,114,115)	1.971	None
NFAT5	TRPC6	-0.67942	49.54	-5.4E-01	rgb(100,146,237)	1.971	None
NHLH1	SPAG8	0.67942	49.54	0.536	rgb(223,115,116)	1.971	None
NKX6-1	CLDN6	0.67942	49.54	0.536	rgb(223,115,116)	1.971	None
NR4A2	COLQ	-0.67942	49.54	-5.4E-01	rgb(100,146,238)	1.971	None
ONECUT2	SCG5	-0.67942	49.54	-5.4E-01	rgb(100,146,238)	1.971	None
PAX4	FAIM2	0.67942	49.54	0.541	rgb(223,114,115)	1.971	None
PAX6	RD3	-0.67942	49.54	-5.4E-01	rgb( 99,145,238)	1.971	None
PDX1	SPDYE1	-0.67942	49.54	-5.4E-01	rgb(100,146,238)	1.971	None
RFX3	ECE2	0.67942	49.54	0.541	rgb(223,114,115)	1.971	None
RFX6	C2CD4A	0.67942	49.54	0.537	rgb(223,115,116)	1.971	None
RFX6	PAK6	0.67942	49.54	0.54	rgb(223,114,115)	1.971	None
SMAD9	CCND2	-0.67942	49.54	-5.4E-01	rgb( 99,145,238)	1.971	None
SPIB	USP13	-0.67942	49.54	-5.4E-01	rgb(100,146,238)	1.971	None
TEAD1	TTBK1	-0.67942	49.54	-5.4E-01	rgb(100,146,238)	1.971	None
TET1	UBE2Q2P1	0.67942	49.54	0.535	rgb(223,115,116)	1.971	2,2
ZNF519	AK128361	-0.67942	49.54	-5.4E-01	rgb(100,146,237)	1.971	2,2
EGR3	TUBB2B	0.67836	49.53	0.531	rgb(223,116,117)	1.9708	None
ELF4	SPRED3	-0.67836	49.53	-5.3E-01	rgb(102,147,237)	1.9708	None
ETV1	PLXNC1	0.67836	49.53	0.528	rgb(223,116,117)	1.9708	None
HEY1	NRXN2	-0.67836	49.53	-5.3E-01	rgb(103,148,237)	1.9708	None
LHX1	MED12L	-0.67836	49.53	-5.3E-01	rgb(102,147,237)	1.9708	None
LMX1A	CPB1	-0.67836	49.53	-5.3E-01	rgb(102,147,237)	1.9708	None
LMX1B	USP6	-0.67836	49.53	-5.3E-01	rgb(101,147,237)	1.9708	None
LTF	AK122764	0.67836	49.53	0.533	rgb(223,115,116)	1.9708	2,2
MAFF	MX2	0.67836	49.53	0.533	rgb(223,115,116)	1.9708	None
NEUROD2	CHRNA3	0.67836	49.53	0.526	rgb(223,117,118)	1.9708	2,2
NEUROG3	TMEM132C	0.67836	49.53	0.533	rgb(223,115,116)	1.9708	None
PDX1	LTBP2	0.67836	49.53	0.532	rgb(223,115,116)	1.9708	None
PDX1	OR51E1	0.67836	49.53	0.53	rgb(223,116,117)	1.9708	None
PDX1	UBE2S	-0.67836	49.53	-5.3E-01	rgb(102,147,237)	1.9708	None
PRDM16	LINC00939	-0.67836	49.53	-5.3E-01	rgb(101,146,237)	1.9708	None
SIX2	CHRNA1	-0.67836	49.53	-5.3E-01	rgb(103,148,237)	1.9708	None
SIX2	KCNH7	-0.67836	49.53	-5.3E-01	rgb(101,146,237)	1.9708	None
TEAD2	S100A1	-0.67836	49.53	-5.3E-01	rgb(103,148,237)	1.9708	None
TFCP2L1	F10	0.67836	49.53	0.534	rgb(223,115,116)	1.9708	None
AKNA	AK024119	-0.67836	49.53	-5.3E-01	rgb(102,147,237)	1.9708	2,2
MYT1	PAK3	0.67836	49.53	0.526	rgb(223,117,118)	1.9708	2,2
ZNF117	SPRY3	0.67836	49.53	0.535	rgb(223,115,116)	1.9708	2,2
GATA4	PDZD4	0.67729	49.52	0.517	rgb(223,118,119)	1.9706	None
GATA4	STMN2	0.67729	49.52	0.519	rgb(223,118,119)	1.9706	None
HSF2	MMRN1	-0.67729	49.52	-5.2E-01	rgb(103,148,237)	1.9706	None
MAFA	FSTL5	0.67729	49.52	0.521	rgb(223,117,118)	1.9706	None
PAX6	ICA1L	-0.67729	49.52	-5.2E-01	rgb(104,148,237)	1.9706	None
PBX3	GADD45G	0.67729	49.52	0.517	rgb(223,118,119)	1.9706	None
POU5F1	GLYATL3	0.67729	49.52	0.517	rgb(223,118,119)	1.9706	None
PRDM16	DENND2A	-0.67729	49.52	-5.2E-01	rgb(104,148,237)	1.9706	None
RFX2	DTX3	0.67729	49.52	0.524	rgb(223,117,118)	1.9706	2,2
RFX6	BCRP3	0.67729	49.52	0.52	rgb(223,118,119)	1.9706	None
SIX2	HAP1	0.67729	49.52	0.522	rgb(223,117,118)	1.9706	None
TET1	LOC595101	0.67729	49.52	0.525	rgb(223,117,118)	1.9706	2,2
TFCP2L1	RORC	0.67729	49.52	0.519	rgb(223,118,119)	1.9706	None
CCDC17	BC006435	0.67729	49.52	0.52	rgb(223,118,119)	1.9706	2,2
CCDC17	PMS2L14	0.67729	49.52	0.52	rgb(223,118,119)	1.9706	2,2
MYT1	UBE2QL1	0.67729	49.52	0.524	rgb(223,117,118)	1.9706	2,2
ARX	TRPM2	-0.67622	49.51	-5.1E-01	rgb(107,150,236)	1.9704	None
ETV1	RORC	-0.67622	49.51	-5.1E-01	rgb(107,150,236)	1.9704	None
HHEX	BX647938	0.67622	49.51	0.515	rgb(223,119,120)	1.9704	2,2
LHX1	ELAVL4	0.67622	49.51	0.511	rgb(223,119,120)	1.9704	None
MAFB	ACE	-0.67622	49.51	-5.1E-01	rgb(106,149,236)	1.9704	None
ONECUT3	KCNN3	0.67622	49.51	0.508	rgb(223,120,121)	1.9704	None
PAX6	RAPGEF4	-0.67622	49.51	-5.1E-01	rgb(107,150,236)	1.9704	None
PBX3	ATP6V0E2	0.67622	49.51	0.512	rgb(223,119,120)	1.9704	None
RFX6	SGSM1	0.67622	49.51	0.505	rgb(223,121,122)	1.9704	None
RORC	PPP4R4	-0.67622	49.51	-5.1E-01	rgb(107,150,236)	1.9704	None
SIX2	TMEM190	0.67622	49.51	0.514	rgb(223,119,120)	1.9704	None
TEAD1	G0S2	-0.67622	49.51	-5.1E-01	rgb(106,150,236)	1.9704	None
TFCP2L1	GADD45G	0.67622	49.51	0.508	rgb(223,120,121)	1.9704	None
SIM1	ASIC5	0.67622	49.51	0.506	rgb(223,120,121)	1.9704	2,2
DPF3	LOC100131257	0.67516	49.5	0.5	rgb(223,121,122)	1.9702	2,2
EGR3	CCND2	0.67516	49.5	0.498	rgb(222,122,123)	1.9702	None
ETV1	LHX1	-0.67516	49.5	-5.0E-01	rgb(108,151,236)	1.9702	None
FEV	LHX1	0.67516	49.5	0.501	rgb(223,121,122)	1.9702	None
FOXD4L5	CFC1	0.67516	49.5	0.502	rgb(223,121,122)	1.9702	None
GATA2	TMEM169	0.67516	49.5	0.501	rgb(223,121,122)	1.9702	None
GATA4	DPEP1	-0.67516	49.5	-5.0E-01	rgb(110,152,236)	1.9702	None
HIC1	TTC7B	0.67516	49.5	0.504	rgb(223,121,122)	1.9702	None
LMX1B	MMRN1	0.67516	49.5	0.504	rgb(223,121,122)	1.9702	None
MAFB	POU6F1	-0.67516	49.5	-5.0E-01	rgb(109,151,236)	1.9702	None
NFAT5	CHRNA1	0.67516	49.5	0.502	rgb(223,121,122)	1.9702	None
NKX2-2	PITRM1-AS1	-0.67516	49.5	-5.0E-01	rgb(107,150,236)	1.9702	None
NKX2-2	SULT1C2P1	-0.67516	49.5	-5.0E-01	rgb(109,151,236)	1.9702	None
ONECUT2	ANGPT2	-0.67516	49.5	-5.0E-01	rgb(108,151,236)	1.9702	None
ONECUT3	MICAL2	-0.67516	49.5	-5.0E-01	rgb(109,151,236)	1.9702	None
PAX6	ONECUT2	-0.67516	49.5	-5.0E-01	rgb(108,151,236)	1.9702	None
PRDM16	KCNJ2	-0.67516	49.5	-5.0E-01	rgb(108,151,236)	1.9702	None
SIX2	PGA4	-0.67516	49.5	-5.0E-01	rgb(109,151,236)	1.9702	None
SPIB	IFI6	0.67516	49.5	0.505	rgb(223,121,122)	1.9702	None
TFCP2L1	KLHL32	0.67516	49.5	0.5	rgb(222,122,123)	1.9702	None
ASCL1	F10	0.67409	49.49	0.495	rgb(222,122,123)	1.97	None
ASCL1	PODXL2	0.67409	49.49	0.487	rgb(222,124,125)	1.97	None
ELF4	CDRT4	0.67409	49.49	0.494	rgb(222,123,124)	1.97	None
HHEX	LOC100527964	0.67409	49.49	0.493	rgb(222,123,124)	1.97	2,2
HIC1	PBX3	-0.67409	49.49	-4.9E-01	rgb(110,152,236)	1.97	None
HSF2	TAGLN3	0.67409	49.49	0.493	rgb(222,123,124)	1.97	None
LMX1B	LRP4-AS1	-0.67409	49.49	-4.9E-01	rgb(111,153,236)	1.97	None
ONECUT2	FAM110B	-0.67409	49.49	-4.9E-01	rgb(110,152,236)	1.97	None
PBX3	HEY1	-0.67409	49.49	-4.9E-01	rgb(111,153,236)	1.97	None
ZNF492	UBN2	0.67409	49.49	0.49	rgb(222,123,124)	1.97	None
MYT1	SUCNR1	0.67409	49.49	0.489	rgb(222,124,124)	1.97	2,2
ZNF514	BC131755	0.67409	49.49	0.487	rgb(222,124,125)	1.97	2,2
ETS1	NOL4	-0.67302	49.48	-4.8E-01	rgb(113,154,235)	1.9698	None
MAFF	HLF	-0.67302	49.48	-4.8E-01	rgb(112,153,235)	1.9698	None
NEUROG3	LDHD	-0.67302	49.48	-4.8E-01	rgb(112,153,235)	1.9698	None
PAX6	DNLZ	0.67302	49.48	0.479	rgb(222,125,126)	1.9698	None
TEAD2	HHEX	0.67302	49.48	0.481	rgb(222,125,126)	1.9698	None
ZFP82	AX746485	-0.67302	49.48	-4.8E-01	rgb(112,153,235)	1.9698	2,2
ZNF846	PNISR	-0.67302	49.48	-4.8E-01	rgb(112,153,235)	1.9698	None
AEBP1	DIRAS1	0.67302	49.48	0.478	rgb(222,126,127)	1.9698	2,2
CCDC17	AK310876	0.67302	49.48	0.48	rgb(222,125,126)	1.9698	2,2
ZNF514	SPDYE6	0.67302	49.48	0.484	rgb(222,124,125)	1.9698	2,2
E2F7	ALAS2	-0.67196	49.47	-4.7E-01	rgb(115,155,235)	1.9696	None
ELF4	PDGFD	0.67196	49.47	0.473	rgb(222,127,128)	1.9696	None
GATA4	HMGN3	-0.67196	49.47	-4.7E-01	rgb(115,155,235)	1.9696	None
HEYL	DNAH11	-0.67196	49.47	-4.7E-01	rgb(114,155,235)	1.9696	None
LMX1B	CBX4	-0.67196	49.47	-4.7E-01	rgb(116,156,235)	1.9696	None
LMX1B	COL22A1	0.67196	49.47	0.47	rgb(222,127,128)	1.9696	None
MAFB	HIC1	-0.67196	49.47	-4.7E-01	rgb(115,155,235)	1.9696	None
MAFF	ATP6V1G2	-0.67196	49.47	-4.7E-01	rgb(115,155,235)	1.9696	None
MYRF	JX088243	-0.67196	49.47	-4.7E-01	rgb(114,155,235)	1.9696	2,2
NEUROD1	MPPED1	-0.67196	49.47	-4.7E-01	rgb(114,154,235)	1.9696	None
NEUROD2	KCNB2	0.67196	49.47	0.472	rgb(222,127,128)	1.9696	None
NFAT5	GOLGA7B	0.67196	49.47	0.475	rgb(222,126,127)	1.9696	None
NKX2-2	NEK10	-0.67196	49.47	-4.7E-01	rgb(115,155,235)	1.9696	None
NR4A2	CRISPLD2	-0.67196	49.47	-4.7E-01	rgb(114,155,235)	1.9696	None
PBX3	GATA6	-0.67196	49.47	-4.7E-01	rgb(115,155,235)	1.9696	None
PBX3	KCNE4	0.67196	49.47	0.47	rgb(222,127,128)	1.9696	None
PBX3	PPP1R16B	0.67196	49.47	0.471	rgb(222,127,128)	1.9696	None
PROX1	PRR5-ARHGAP8	0.67196	49.47	0.471	rgb(222,127,128)	1.9696	None
SMAD9	HCN4	0.67196	49.47	0.472	rgb(222,127,128)	1.9696	None
SOX4	PPP4R4	-0.67196	49.47	-4.7E-01	rgb(116,155,235)	1.9696	None
ELF4	AX747658	-0.67089	49.46	-4.6E-01	rgb(116,156,235)	1.9694	2,2
ETV1	GHRL	0.67089	49.46	0.462	rgb(222,129,130)	1.9694	None
ETV1	NDRG4	0.67089	49.46	0.457	rgb(222,130,131)	1.9694	None
LMX1B	AGAP9	-0.67089	49.46	-4.6E-01	rgb(117,156,234)	1.9694	2,2
LMX1B	CPLX1	0.67089	49.46	0.459	rgb(222,129,130)	1.9694	None
LMX1B	GABRE	-0.67089	49.46	-4.6E-01	rgb(117,156,235)	1.9694	None
LMX1B	PTCH1	0.67089	49.46	0.465	rgb(222,128,129)	1.9694	None
MAFA	PRKXP1	0.67089	49.46	0.461	rgb(222,129,130)	1.9694	None
MAFF	PCDHA2	0.67089	49.46	0.458	rgb(222,130,130)	1.9694	None
PAX6	GRIN1	0.67089	49.46	0.461	rgb(222,129,130)	1.9694	None
PDX1	SMTNL2	0.67089	49.46	0.456	rgb(222,130,131)	1.9694	None
RFX6	HMP19	0.67089	49.46	0.459	rgb(222,129,130)	1.9694	2,2
SIX2	PDE2A	0.67089	49.46	0.461	rgb(222,129,130)	1.9694	None
SOX4	FABP5	-0.67089	49.46	-4.6E-01	rgb(118,157,234)	1.9694	None
TFCP2L1	IGFN1	0.67089	49.46	0.463	rgb(222,129,130)	1.9694	None
ZFP28	TUBB4A	-0.67089	49.46	-4.6E-01	rgb(117,156,235)	1.9694	2,2
ZNF883	ANKRD65	-0.67089	49.46	-4.6E-01	rgb(117,156,235)	1.9694	None
MYSM1	AX746677	0.67089	49.46	0.462	rgb(222,129,130)	1.9694	2,2
SIM1	AK311257	0.67089	49.46	0.456	rgb(222,130,131)	1.9694	2,2
ARX	CCR6	0.66982	49.45	0.448	rgb(222,131,132)	1.9692	None
ARX	SLC14A1	0.66982	49.45	0.455	rgb(222,130,131)	1.9692	None
EGR3	FSD1	0.66982	49.45	0.452	rgb(222,131,132)	1.9692	None
EGR3	STK33	-0.66982	49.45	-4.5E-01	rgb(119,157,234)	1.9692	None
ELF4	ANKRD65	-0.66982	49.45	-4.5E-01	rgb(119,157,234)	1.9692	None
ETS1	PCSK1	-0.66982	49.45	-4.5E-01	rgb(120,158,234)	1.9692	None
ETV1	CFC1	0.66982	49.45	0.453	rgb(222,131,131)	1.9692	None
FEV	NXPE1	-0.66982	49.45	-4.5E-01	rgb(119,157,234)	1.9692	None
FOXA1	GRB14	0.66982	49.45	0.446	rgb(222,132,133)	1.9692	None
FOXA2	CLCA4	-0.66982	49.45	-4.5E-01	rgb(120,158,234)	1.9692	None
NEUROG3	CLSTN2	0.66982	49.45	0.448	rgb(222,131,132)	1.9692	2,2
NEUROG3	ZFP82	0.66982	49.45	0.446	rgb(222,132,133)	1.9692	None
PRDM16	TPST2	-0.66982	49.45	-4.5E-01	rgb(120,158,234)	1.9692	None
RFX6	COL21A1	0.66982	49.45	0.45	rgb(222,131,132)	1.9692	None
SIX2	FUT7	-0.66982	49.45	-4.5E-01	rgb(119,157,234)	1.9692	None
SIX2	SH3RF3	-0.66982	49.45	-4.5E-01	rgb(119,157,234)	1.9692	None
SPIB	BEND5	-0.66982	49.45	-4.5E-01	rgb(119,158,234)	1.9692	None
ZFP92	KAL1	0.66982	49.45	0.452	rgb(222,131,132)	1.9692	2,2
ZNF492	CCDC181	0.66982	49.45	0.448	rgb(222,131,132)	1.9692	None
CCDC17	FAM21B	0.66982	49.45	0.455	rgb(222,130,131)	1.9692	2,2
ETS1	SNED1	-0.66876	49.44	-4.4E-01	rgb(122,159,234)	1.969	None
FOXA1	OLFML3	0.66876	49.44	0.445	rgb(222,132,133)	1.969	None
FOXA1	SDK1	0.66876	49.44	0.439	rgb(222,133,134)	1.969	None
GATA4	LEFTY1	0.66876	49.44	0.441	rgb(222,133,134)	1.969	None
LHX1	CHRNA5	-0.66876	49.44	-4.4E-01	rgb(122,159,234)	1.969	None
MAFB	CRH	-0.66876	49.44	-4.4E-01	rgb(122,159,234)	1.969	None
NR4A2	CTPS1	-0.66876	49.44	-4.4E-01	rgb(121,158,234)	1.969	None
RFX2	HSPA12A	0.66876	49.44	0.445	rgb(222,132,133)	1.969	None
SPIB	ID1	0.66876	49.44	0.441	rgb(222,133,134)	1.969	None
TEAD1	DEFB1	-0.66876	49.44	-4.4E-01	rgb(122,159,234)	1.969	None
TGIF2	MAPK7	0.66876	49.44	0.442	rgb(222,132,133)	1.969	None
ZNF883	AF289551	0.66876	49.44	0.436	rgb(222,134,135)	1.969	2,2
JAZF1	GYLTL1B	-0.66876	49.44	-4.4E-01	rgb(121,159,234)	1.969	2,2
ARX	SULT1C2P1	0.66769	49.43	0.43	rgb(222,135,136)	1.9688	None
ETS1	JPH4	-0.66769	49.43	-4.3E-01	rgb(123,160,233)	1.9688	None
FOXA1	RIMBP2	0.66769	49.43	0.432	rgb(222,135,135)	1.9688	None
FOXD4L5	GABRE	0.66769	49.43	0.434	rgb(222,134,135)	1.9688	None
LMX1B	ATF6	0.66769	49.43	0.432	rgb(222,134,135)	1.9688	None
LMX1B	HOXB9	0.66769	49.43	0.435	rgb(222,134,135)	1.9688	2,2
PDX1	DYNC1I1	0.66769	49.43	0.433	rgb(222,134,135)	1.9688	None
PRDM16	KCNAB2	0.66769	49.43	0.426	rgb(222,136,137)	1.9688	None
ZFHX2	SFMBT2	-0.66769	49.43	-4.3E-01	rgb(125,161,233)	1.9688	None
AEBP1	NKX6-1	0.66769	49.43	0.434	rgb(222,134,135)	1.9688	2,2
MYT1	TRPA1	0.66769	49.43	0.428	rgb(222,135,136)	1.9688	2,2
ZNF514	LOC286437	0.66769	49.43	0.429	rgb(222,135,136)	1.9688	2,2
ETS1	STARD8	-0.66662	49.42	-4.2E-01	rgb(125,161,233)	1.9686	None
ETV1	CCL19	0.66662	49.42	0.416	rgb(222,137,138)	1.9686	None
HSF2	WNK3	-0.66662	49.42	-4.2E-01	rgb(126,162,233)	1.9686	None
LMX1B	ADCY5	0.66662	49.42	0.419	rgb(222,137,138)	1.9686	None
MAFA	ADAMTSL1	0.66662	49.42	0.418	rgb(222,137,138)	1.9686	None
MAFA	USP32P2	0.66662	49.42	0.422	rgb(222,136,137)	1.9686	None
MAFB	SGCD	-0.66662	49.42	-4.2E-01	rgb(126,161,233)	1.9686	None
NHLH1	NOVA2	-0.66662	49.42	-4.2E-01	rgb(126,161,233)	1.9686	None
NKX2-2	IFI44L	0.66662	49.42	0.424	rgb(222,136,137)	1.9686	None
NKX2-2	KCNN3	0.66662	49.42	0.421	rgb(222,136,137)	1.9686	None
NKX2-2	MYRF	-0.66662	49.42	-4.2E-01	rgb(125,161,233)	1.9686	None
NKX6-1	MS4A8	0.66662	49.42	0.424	rgb(222,136,137)	1.9686	None
NR4A2	LRFN1	-0.66662	49.42	-4.2E-01	rgb(127,162,233)	1.9686	None
SIX2	MEX3A	-0.66662	49.42	-4.2E-01	rgb(125,161,233)	1.9686	None
ZNF846	BC041025	-0.66662	49.42	-4.2E-01	rgb(125,161,233)	1.9686	2,2
ZNF117	GPM6B	0.66662	49.42	0.42	rgb(222,137,138)	1.9686	2,2
ARX	SLC30A8	-0.66556	49.41	-4.1E-01	rgb(128,163,233)	1.9684	None
EGR3	LGI3	0.66556	49.41	0.413	rgb(222,138,139)	1.9684	None
EGR3	LMX1A	-0.66556	49.41	-4.1E-01	rgb(128,163,233)	1.9684	None
ETV1	KHK	0.66556	49.41	0.414	rgb(222,138,139)	1.9684	None
HHEX	FLJ22184	0.66556	49.41	0.407	rgb(221,139,140)	1.9684	2,2
HIF1A	PNPO	0.66556	49.41	0.41	rgb(222,139,139)	1.9684	None
HSF2	RFX6	-0.66556	49.41	-4.1E-01	rgb(129,163,232)	1.9684	None
HSF2	TMEM132B	-0.66556	49.41	-4.1E-01	rgb(128,163,233)	1.9684	None
NEUROG3	LRRC10B	0.66556	49.41	0.412	rgb(222,138,139)	1.9684	None
PBX3	UTY	-0.66556	49.41	-4.1E-01	rgb(129,163,232)	1.9684	None
PDX1	TP73	-0.66556	49.41	-4.1E-01	rgb(128,163,233)	1.9684	None
ZFHX2	UCP2	-0.66556	49.41	-4.1E-01	rgb(128,163,233)	1.9684	None
NPAS3	SEPT3	0.66556	49.41	0.409	rgb(221,139,140)	1.9684	2,2
ARNT2	KCNJ2	-0.66449	49.4	-4.0E-01	rgb(131,164,232)	1.9682	None
ASCL1	CLEC4GP1	0.66449	49.4	0.402	rgb(221,140,141)	1.9682	2,2
FOXA1	LRP3	0.66449	49.4	0.402	rgb(221,140,141)	1.9682	None
GATA4	CCDC28B	-0.66449	49.4	-4.0E-01	rgb(131,165,232)	1.9682	None
GATA4	SCGB1A1	0.66449	49.4	0.402	rgb(221,140,141)	1.9682	None
HIF1A	ADCY1	-0.66449	49.4	-4.0E-01	rgb(131,164,232)	1.9682	None
LMX1B	BC041347	-0.66449	49.4	-4.0E-01	rgb(129,164,232)	1.9682	2,2
LMX1B	LZTS1	0.66449	49.4	0.396	rgb(221,141,142)	1.9682	None
MAFA	LMO3	0.66449	49.4	0.402	rgb(221,140,141)	1.9682	None
NKX2-2	H1FX-AS1	-0.66449	49.4	-4.0E-01	rgb(130,164,232)	1.9682	None
RFX2	ACOT7	0.66449	49.4	0.403	rgb(221,140,141)	1.9682	None
TFCP2L1	BGN	0.66449	49.4	0.396	rgb(221,141,142)	1.9682	None
ZFHX2	SIRPA	0.66449	49.4	0.395	rgb(221,142,142)	1.9682	None
NPAS3	TDO2	0.66449	49.4	0.402	rgb(221,140,141)	1.9682	2,2
ETS1	PRKXP1	-0.66342	49.39	-3.9E-01	rgb(133,166,232)	1.968	None
ETV1	GPR137C	0.66342	49.39	0.387	rgb(221,143,144)	1.968	None
ETV1	PLCL1	0.66342	49.39	0.39	rgb(221,142,143)	1.968	None
FOXD4L5	SFTPA2	-0.66342	49.39	-3.9E-01	rgb(133,166,232)	1.968	None
GATA4	FOXP2	0.66342	49.39	0.394	rgb(221,142,143)	1.968	None
LHX1	RPS6KL1	-0.66342	49.39	-3.9E-01	rgb(132,166,232)	1.968	None
LMX1B	SLC30A4	0.66342	49.39	0.392	rgb(221,142,143)	1.968	None
MAFA	GPR137C	0.66342	49.39	0.395	rgb(221,142,142)	1.968	None
MAFA	HGFAC	-0.66342	49.39	-3.9E-01	rgb(133,166,232)	1.968	None
MYRF	AK024248	-0.66342	49.39	-3.9E-01	rgb(132,165,232)	1.968	2,2
NR4A2	KIAA0922	-0.66342	49.39	-3.9E-01	rgb(133,166,232)	1.968	2,2
PDX1	XKR7	0.66342	49.39	0.394	rgb(221,142,143)	1.968	None
SMAD9	IGFN1	0.66342	49.39	0.391	rgb(221,142,143)	1.968	None
SPIB	CDKN1A	0.66342	49.39	0.387	rgb(221,143,144)	1.968	None
ZFP92	LOC653513	0.66342	49.39	0.389	rgb(221,143,144)	1.968	2,2
ZNF846	AMER3	-0.66342	49.39	-3.9E-01	rgb(132,166,232)	1.968	None
ATF6	SLC22A17	0.66236	49.38	0.38	rgb(221,145,145)	1.9678	None
ETV1	JMJD7-PLA2G4B	0.66236	49.38	0.377	rgb(221,145,146)	1.9678	None
FOXA1	SAMD11	0.66236	49.38	0.376	rgb(221,145,146)	1.9678	None
FOXD4L5	SLC7A14	0.66236	49.38	0.376	rgb(221,145,146)	1.9678	None
GATA4	GHRL	0.66236	49.38	0.376	rgb(221,145,146)	1.9678	None
GATA4	PLCXD3	0.66236	49.38	0.379	rgb(221,145,145)	1.9678	None
GATA4	RSAD2	0.66236	49.38	0.384	rgb(221,144,144)	1.9678	None
GATA4	TRIM35	0.66236	49.38	0.38	rgb(221,144,145)	1.9678	None
HLF	AK128153	-0.66236	49.38	-3.8E-01	rgb(135,167,231)	1.9678	2,2
HMBOX1	FOXA2	-0.66236	49.38	-3.8E-01	rgb(134,166,232)	1.9678	None
LHX1	CAND2	-0.66236	49.38	-3.8E-01	rgb(135,167,231)	1.9678	None
LMX1A	AF420437	-0.66236	49.38	-3.8E-01	rgb(134,167,231)	1.9678	2,2
MLXIPL	MUC3A	-0.66236	49.38	-3.8E-01	rgb(135,167,231)	1.9678	2,2
NKX2-2	B3GAT1	-0.66236	49.38	-3.8E-01	rgb(135,167,231)	1.9678	None
NKX2-2	CLDN6	0.66236	49.38	0.384	rgb(221,144,144)	1.9678	None
SIX2	FCGBP	-0.66236	49.38	-3.8E-01	rgb(135,167,231)	1.9678	None
SOX4	KCNIP3	-0.66236	49.38	-3.8E-01	rgb(135,167,231)	1.9678	None
ZNF846	FDPSP2	-0.66236	49.38	-3.8E-01	rgb(134,166,232)	1.9678	None
ELF4	POU6F1	0.66129	49.37	0.365	rgb(221,147,148)	1.9676	None
ETV1	MAPK12	0.66129	49.37	0.372	rgb(221,146,147)	1.9676	None
FOXD4L5	SGCD	0.66129	49.37	0.371	rgb(221,146,147)	1.9676	None
GATA4	MAST1	-0.66129	49.37	-3.7E-01	rgb(137,168,231)	1.9676	None
HEYL	FBN1	-0.66129	49.37	-3.7E-01	rgb(137,168,231)	1.9676	2,2
LTF	AK095546	0.66129	49.37	0.374	rgb(221,146,146)	1.9676	2,2
NKX2-2	AK057681	-0.66129	49.37	-3.7E-01	rgb(136,168,231)	1.9676	2,2
NKX2-2	SEC11C	0.66129	49.37	0.374	rgb(221,146,146)	1.9676	None
ONECUT1	TMEM196	0.66129	49.37	0.374	rgb(221,146,146)	1.9676	None
PDX1	LMO3	-0.66129	49.37	-3.7E-01	rgb(137,168,231)	1.9676	None
PRDM16	DPP10	-0.66129	49.37	-3.7E-01	rgb(137,168,231)	1.9676	None
TFCP2L1	TAC3	0.66129	49.37	0.365	rgb(221,147,148)	1.9676	None
TGIF2	CPLX2	0.66129	49.37	0.366	rgb(221,147,148)	1.9676	None
ZFHX2	UBE2S	-0.66129	49.37	-3.7E-01	rgb(138,169,231)	1.9676	None
ZNF382	LGI3	-0.66129	49.37	-3.7E-01	rgb(136,168,231)	1.9676	None
ZNF492	SGCD	-0.66129	49.37	-3.7E-01	rgb(136,168,231)	1.9676	None
ARX	ATF7IP	0.66022	49.36	0.36	rgb(221,148,149)	1.9674	None
GATA4	CNGA4	0.66022	49.36	0.357	rgb(221,149,150)	1.9674	None
GATA4	VSTM2L	-0.66022	49.36	-3.6E-01	rgb(139,170,231)	1.9674	None
HSF2	CABP7	0.66022	49.36	0.365	rgb(221,147,148)	1.9674	None
LHX1	TMEM198	-0.66022	49.36	-3.6E-01	rgb(140,170,231)	1.9674	None
NFAT5	LINC00340	-0.66022	49.36	-3.6E-01	rgb(138,169,231)	1.9674	2,2
NKX2-2	CCDC88A	-0.66022	49.36	-3.6E-01	rgb(139,170,231)	1.9674	None
NKX2-2	PSD	-0.66022	49.36	-3.6E-01	rgb(139,170,231)	1.9674	None
NKX2-2	SGCD	-0.66022	49.36	-3.6E-01	rgb(140,170,231)	1.9674	None
RFX2	DQ583756	0.66022	49.36	0.361	rgb(221,148,149)	1.9674	2,2
RFX6	DNER	0.66022	49.36	0.36	rgb(221,148,149)	1.9674	None
SOX4	PLCXD3	-0.66022	49.36	-3.6E-01	rgb(138,169,231)	1.9674	None
TFCP2L1	HES4	0.66022	49.36	0.357	rgb(221,149,150)	1.9674	None
MYT1	PCDH17	0.66022	49.36	0.357	rgb(221,149,149)	1.9674	2,2
NPAS3	CRISPLD1	0.66022	49.36	0.361	rgb(221,148,149)	1.9674	2,2
ETV1	NPW	0.65916	49.35	0.346	rgb(221,151,152)	1.9672	None
LMX1B	PKIA	-0.65916	49.35	-3.5E-01	rgb(141,171,230)	1.9672	None
LTF	CR933660	0.65916	49.35	0.35	rgb(221,150,151)	1.9672	2,2
NKX2-2	HNF1A-AS1	-0.65916	49.35	-3.5E-01	rgb(142,171,230)	1.9672	None
SPIB	GABRG2	0.65916	49.35	0.35	rgb(221,150,151)	1.9672	None
SPIB	VOPP1	0.65916	49.35	0.348	rgb(221,151,151)	1.9672	None
TEAD2	CRIP2	0.65916	49.35	0.348	rgb(221,150,151)	1.9672	None
TFCP2L1	KCNJ2	0.65916	49.35	0.353	rgb(221,150,150)	1.9672	None
ELF4	DDN	-0.65809	49.34	-3.4E-01	rgb(142,172,230)	1.967	None
ETS1	PLEKHH2	-0.65809	49.34	-3.4E-01	rgb(144,173,230)	1.967	None
FOXD4L5	TMEM200A	0.65809	49.34	0.343	rgb(221,151,152)	1.967	None
GATA2	VCAN	0.65809	49.34	0.343	rgb(221,152,152)	1.967	None
HSF2	GFRA3	-0.65809	49.34	-3.4E-01	rgb(142,172,230)	1.967	None
MLXIPL	FW340055	-0.65809	49.34	-3.4E-01	rgb(143,172,230)	1.967	2,2
PRDM16	MIAT	-0.65809	49.34	-3.4E-01	rgb(143,172,230)	1.967	None
TEAD2	PELI3	-0.65809	49.34	-3.4E-01	rgb(142,172,230)	1.967	None
FOXD4L5	EFCC1	0.65702	49.33	0.331	rgb(221,154,154)	1.9668	None
HSF2	CFC1B	-0.65702	49.33	-3.3E-01	rgb(146,174,229)	1.9668	None
NEUROD1	IL17C	0.65702	49.33	0.331	rgb(221,154,154)	1.9668	None
POU2F2	ZBTB4	0.65702	49.33	0.332	rgb(221,154,154)	1.9668	None
POU5F1	SBK1	0.65702	49.33	0.335	rgb(221,153,154)	1.9668	None
SPIB	MCM3AP-AS1	-0.65702	49.33	-3.3E-01	rgb(146,174,230)	1.9668	None
TEAD1	LOC388849	-0.65702	49.33	-3.3E-01	rgb(146,174,230)	1.9668	2,2
ZNF382	SCGB1A1	-0.65702	49.33	-3.3E-01	rgb(146,174,229)	1.9668	None
CCDC17	AX746734	0.65702	49.33	0.329	rgb(221,154,155)	1.9668	2,2
KCNIP3	TMEM59L	0.65702	49.33	0.329	rgb(221,154,155)	1.9668	2,2
ZNF788	CATSPER2	0.65702	49.33	0.33	rgb(221,154,155)	1.9668	2,2
ASCL1	KCNB2	0.65596	49.32	0.318	rgb(220,156,157)	1.9666	None
ASCL2	ADAMTSL2	0.65596	49.32	0.32	rgb(221,156,157)	1.9666	None
ATF5	IL17C	0.65596	49.32	0.319	rgb(221,156,157)	1.9666	None
ETS1	ZNF518A	-0.65596	49.32	-3.2E-01	rgb(149,175,229)	1.9666	None
ETV1	VAV3	0.65596	49.32	0.318	rgb(220,156,157)	1.9666	None
NKX2-2	AX747819	-0.65596	49.32	-3.2E-01	rgb(147,174,229)	1.9666	2,2
NKX6-1	MSMB	0.65596	49.32	0.318	rgb(220,156,157)	1.9666	None
PBX3	FOXA2	0.65596	49.32	0.32	rgb(221,156,157)	1.9666	None
ZNF846	HEY1	0.65596	49.32	0.323	rgb(221,155,156)	1.9666	None
CSRNP3	LOC202181	0.65596	49.32	0.319	rgb(221,156,157)	1.9666	2,2
ETS1	POU6F1	-0.65489	49.31	-3.1E-01	rgb(150,176,229)	1.9664	None
ETV1	FRMPD4	0.65489	49.31	0.306	rgb(220,159,159)	1.9664	None
HEY1	AK095242	-0.65489	49.31	-3.1E-01	rgb(149,176,229)	1.9664	2,2
HSF2	HHEX	-0.65489	49.31	-3.1E-01	rgb(150,176,229)	1.9664	None
LHX1	DEFB1	-0.65489	49.31	-3.1E-01	rgb(149,176,229)	1.9664	None
MAFA	PGA3	0.65489	49.31	0.311	rgb(220,158,158)	1.9664	None
ONECUT3	CACNA2D1	-0.65489	49.31	-3.1E-01	rgb(149,176,229)	1.9664	None
SIM1	HMP19	0.65489	49.31	0.315	rgb(220,157,157)	1.9664	2,2
ZBTB25	WDR52	0.65489	49.31	0.313	rgb(220,157,158)	1.9664	2,2
ZNF514	AK309215	0.65489	49.31	0.314	rgb(220,157,158)	1.9664	2,2
ETS1	CD52	0.65382	49.3	0.299	rgb(220,160,160)	1.9662	None
ETV1	SMTNL2	0.65382	49.3	0.298	rgb(220,160,161)	1.9662	None
HMBOX1	HCN4	0.65382	49.3	0.301	rgb(220,160,160)	1.9662	None
HSF2	SSTR3	-0.65382	49.3	-3.0E-01	rgb(152,177,228)	1.9662	None
LHX1	TRO	-0.65382	49.3	-3.0E-01	rgb(153,178,228)	1.9662	2,2
LTF	AF420437	0.65382	49.3	0.304	rgb(220,159,160)	1.9662	2,2
MAFB	NKX6-1	-0.65382	49.3	-3.0E-01	rgb(151,177,229)	1.9662	None
NKX2-2	ROS1	0.65382	49.3	0.298	rgb(220,160,161)	1.9662	None
ONECUT2	CLPS	-0.65382	49.3	-3.0E-01	rgb(151,177,229)	1.9662	None
RFX2	MAP9	0.65382	49.3	0.302	rgb(220,159,160)	1.9662	None
RFX6	INA	0.65382	49.3	0.297	rgb(220,160,161)	1.9662	2,2
SIX2	HCP5	-0.65382	49.3	-3.0E-01	rgb(152,177,228)	1.9662	None
SMAD9	CNGA4	0.65382	49.3	0.299	rgb(220,160,160)	1.9662	None
SOX4	TMEM132C	-0.65382	49.3	-3.0E-01	rgb(153,178,228)	1.9662	None
SIM1	TRPA1	0.65382	49.3	0.298	rgb(220,160,161)	1.9662	2,2
EGR3	UNC13A	0.65276	49.29	0.292	rgb(220,161,162)	1.966	None
ETV1	MBOAT4	0.65276	49.29	0.291	rgb(220,161,162)	1.966	None
GATA4	ANKRD13B	0.65276	49.29	0.288	rgb(220,162,162)	1.966	None
HSF2	MCOLN3	-0.65276	49.29	-2.9E-01	rgb(153,178,228)	1.966	None
LHX1	ZFP28	0.65276	49.29	0.286	rgb(220,162,163)	1.966	None
LMX1B	MMP2	0.65276	49.29	0.293	rgb(220,161,162)	1.966	None
PBX3	NEK10	0.65276	49.29	0.288	rgb(220,162,163)	1.966	None
RFX6	SPRY3	-0.65276	49.29	-2.9E-01	rgb(154,179,228)	1.966	None
MAFA	VGF	0.65169	49.28	0.279	rgb(220,164,164)	1.9658	None
ONECUT2	AL110171	-0.65169	49.28	-2.8E-01	rgb(156,180,228)	1.9658	2,2
POU5F1	CHRM4	0.65169	49.28	0.283	rgb(220,163,164)	1.9658	None
PRDM16	CDRT4	-0.65169	49.28	-2.8E-01	rgb(156,180,228)	1.9658	None
SPIB	REG4	-0.65169	49.28	-2.8E-01	rgb(156,180,228)	1.9658	None
GATA4	KCNG1	0.65062	49.27	0.267	rgb(220,166,167)	1.9656	None
MYRF	AX746869	-0.65062	49.27	-2.7E-01	rgb(159,182,227)	1.9656	2,2
NKX2-2	KCNQ1OT1	-0.65062	49.27	-2.7E-01	rgb(159,182,227)	1.9656	None
SIX2	SAP30	-0.65062	49.27	-2.7E-01	rgb(158,181,227)	1.9656	None
SIM1	CSH2	0.65062	49.27	0.271	rgb(220,165,166)	1.9656	2,2
ZNF788	HNRNPU-AS1	0.65062	49.27	0.272	rgb(220,165,166)	1.9656	2,2
GATA4	GNG2	0.64956	49.26	0.265	rgb(220,166,167)	1.9654	None
HSF2	SIX2	-0.64956	49.26	-2.6E-01	rgb(161,183,227)	1.9654	None
LHX1	CSRNP3	-0.64956	49.26	-2.6E-01	rgb(160,183,227)	1.9654	None
NKX6-1	SH3TC2	-0.64956	49.26	-2.6E-01	rgb(160,182,227)	1.9654	None
NR4A2	BTBD17	-0.64956	49.26	-2.6E-01	rgb(160,182,227)	1.9654	None
TFCP2L1	SBK1	0.64956	49.26	0.263	rgb(220,167,167)	1.9654	None
HES4	APOC3	0.64849	49.24	0.239	rgb(220,171,172)	1.965	None
SPIB	E2F7	-0.64849	49.24	-2.4E-01	rgb(165,185,226)	1.965	None
TFCP2L1	TMSB15B	0.64849	49.24	0.241	rgb(220,171,171)	1.965	None
ETS1	SPOCK3	-0.64742	49.23	-2.3E-01	rgb(168,187,226)	1.9648	None
HSF2	ID4	-0.64742	49.23	-2.3E-01	rgb(167,187,226)	1.9648	None
ELF4	TTR	0.64636	49.22	0.218	rgb(219,175,176)	1.9646	None
MAFB	CLSTN2	-0.64636	49.22	-2.2E-01	rgb(169,188,225)	1.9646	None
NEUROG3	GAL	0.64636	49.22	0.22	rgb(219,175,175)	1.9646	None
PBX3	SLC1A2	0.64636	49.22	0.216	rgb(219,176,176)	1.9646	None
PLAG1	NTNG2	0.64636	49.22	0.216	rgb(219,176,176)	1.9646	None
ISL1	MIPOL1	0.64529	49.21	0.211	rgb(219,177,177)	1.9644	None
ONECUT1	DQ573539	0.64529	49.21	0.21	rgb(219,177,177)	1.9644	2,2
SOX4	CCL19	-0.64529	49.21	-2.1E-01	rgb(172,189,225)	1.9644	None
SETBP1	PCDHB10	0.64529	49.21	0.208	rgb(219,177,178)	1.9644	2,2
MAFA	ASCL2	0.64422	49.2	0.201	rgb(219,179,179)	1.9642	None
RFX6	TMEM178B	0.64422	49.2	0.203	rgb(219,178,179)	1.9642	None
MYT1	ECEL1	0.64422	49.2	0.197	rgb(219,179,180)	1.9642	2,2
ZBTB25	LOC727896	0.64422	49.2	0.204	rgb(219,178,178)	1.9642	2,2
MAFA	GPBAR1	0.64316	49.19	0.187	rgb(219,181,182)	1.964	None
ONECUT3	LMX1A	0.64316	49.19	0.192	rgb(219,180,181)	1.964	None
SMAD9	ZNF519	-0.64316	49.19	-1.9E-01	rgb(176,192,224)	1.964	None
TFCP2L1	CD99L2	0.64316	49.19	0.186	rgb(219,181,182)	1.964	None
CCDC17	FLJ31662	0.64316	49.19	0.187	rgb(219,181,182)	1.964	2,2
NR4A2	LSP1	-0.64209	49.18	-1.8E-01	rgb(179,194,224)	1.9638	None
ONECUT3	DGKB	0.64209	49.18	0.183	rgb(219,182,182)	1.9638	None
ASCL1	KCNJ6	0.64102	49.17	0.171	rgb(219,184,185)	1.9636	None
EGR3	FUT1	0.64102	49.17	0.172	rgb(219,184,185)	1.9636	None
FOXA1	FXYD6	0.64102	49.17	0.173	rgb(219,184,184)	1.9636	None
NKX2-2	NPM2	-0.64102	49.17	-1.7E-01	rgb(180,194,224)	1.9636	None
PRDM16	PHYHIP	-0.64102	49.17	-1.7E-01	rgb(180,194,224)	1.9636	None
TFCP2L1	KANK2	-0.64102	49.17	-1.7E-01	rgb(180,195,223)	1.9636	None
ZFP92	MEP1B	0.64102	49.17	0.167	rgb(219,185,185)	1.9636	None
ASCL1	NR2F2-AS1	-0.63996	49.16	-1.6E-01	rgb(183,196,223)	1.9634	None
GATA4	HERC2P4	-0.63996	49.16	-1.6E-01	rgb(182,196,223)	1.9634	None
NKX2-2	RFX3	-0.63996	49.16	-1.6E-01	rgb(182,196,223)	1.9634	None
ONECUT1	ARL4D	-0.63996	49.16	-1.6E-01	rgb(182,196,223)	1.9634	None
RFX6	RAB26	0.63889	49.15	0.151	rgb(219,188,188)	1.9632	None
ZFHX2	RCOR3	0.63889	49.15	0.149	rgb(219,189,189)	1.9632	None
ZFHX2	ZFP28	0.63889	49.15	0.15	rgb(219,188,189)	1.9632	None
ISL1	NKTR	0.63782	49.14	0.144	rgb(219,190,190)	1.963	None
PBX3	STMND1	-0.63782	49.14	-1.4E-01	rgb(186,198,222)	1.963	None
NKX2-2	CAMK2N2	0.63676	49.13	0.127	rgb(218,193,193)	1.9628	None
NKX2-2	DGKB	0.63676	49.13	0.13	rgb(218,192,193)	1.9628	None
ONECUT2	FFAR2	-0.63676	49.13	-1.3E-01	rgb(189,200,222)	1.9628	None
TEAD1	LOC642366	-0.63676	49.13	-1.3E-01	rgb(189,200,222)	1.9628	2,2
LMX1B	RCOR3	-0.63569	49.12	-1.2E-01	rgb(190,201,222)	1.9626	None
NR4A2	MINOS1-NBL1	0.63569	49.12	0.121	rgb(218,194,194)	1.9626	2,2
PBX3	LINC00643	-0.63569	49.12	-1.2E-01	rgb(190,201,222)	1.9626	None
TEAD1	BOC	0.63569	49.12	0.124	rgb(218,193,194)	1.9626	None
ETV1	MLN	0.63462	49.11	0.107	rgb(218,197,197)	1.9624	None
LMX1B	FAM126A	-0.63462	49.11	-1.1E-01	rgb(194,203,221)	1.9624	None
FEV	GJD2	-0.63356	49.1	-1.0E-01	rgb(195,203,221)	1.9622	None
HES4	KDM1A	0.63356	49.1	0.102	rgb(218,197,198)	1.9622	None
NKX2-2	LRP1B	-0.63356	49.1	-1.0E-01	rgb(195,204,221)	1.9622	None
ELF4	RBFOX2	-0.63249	49.08	-7.7E-02	rgb(200,207,220)	1.9618	None
ETV1	OGFRL1	-0.63249	49.08	-7.7E-02	rgb(200,207,220)	1.9618	None
NEUROD1	ADAMTS2	-0.63142	49.07	-7.5E-02	rgb(201,207,220)	1.9616	None
PAX6	AX746617	-0.63142	49.07	-7.4E-02	rgb(201,207,220)	1.9616	2,2
TP73	LGI3	0.63142	49.07	0.074	rgb(218,203,203)	1.9616	None
EGR3	SLC6A16	-0.63036	49.06	-6.4E-02	rgb(203,208,219)	1.9614	None
FEV	PLEKHB1	0.63036	49.06	0.065	rgb(218,205,205)	1.9614	None
ZFHX2	SMARCD2	0.63036	49.06	0.065	rgb(218,205,205)	1.9614	None
NEUROD2	WNT9A	0.62929	49.05	0.052	rgb(218,207,207)	1.9612	None
ONECUT2	CELA3B	0.62929	49.05	0.049	rgb(218,208,208)	1.9612	None
PBX3	WNK2	0.62929	49.05	0.053	rgb(218,207,207)	1.9612	None
E2F7	GLIS2	-0.62822	49.04	-4.4E-02	rgb(207,211,219)	1.961	None
E2F7	TPST2	-0.62822	49.04	-3.9E-02	rgb(209,212,218)	1.961	None
HSF2	HOXB9	0.62822	49.04	0.045	rgb(217,208,209)	1.961	None
SMAD9	YPEL4	0.62822	49.04	0.038	rgb(217,210,210)	1.961	None
TP73	ENPP7	-0.62822	49.04	-4.3E-02	rgb(208,211,219)	1.961	None
E2F7	ADM5	-0.62716	49.03	-2.6E-02	rgb(211,214,218)	1.9608	None
HSF2	ATP1A3	0.62609	49.01	0.014	rgb(217,214,214)	1.9604	None
NEUROG3	CCNA1	0.62609	49.01	0.011	rgb(217,215,215)	1.9604	None
RFX6	REM2	0.62502	49	3.5E-04	rgb(217,217,217)	1.9602	None
ETS1	NINJ1	0.62396	48.91	0.907	rgb(227, 44, 46)	1.9584	None
FOXA1	PEX5L	0.62396	48.91	0.912	rgb(227, 43, 45)	1.9584	None
RFX2	SAMD5	0.62396	48.91	0.911	rgb(227, 43, 45)	1.9584	None
ETV1	PGM5	0.6231	48.9	0.896	rgb(227, 46, 48)	1.9582	None
FOXA1	BTBD11	0.62225	48.86	0.864	rgb(227, 52, 54)	1.9574	None
MAFB	VWCE	0.62225	48.86	0.864	rgb(227, 52, 54)	1.9574	None
ZFP90	ARHGAP24	0.62225	48.86	0.862	rgb(226, 52, 54)	1.9574	None
ZNF846	CLDN6	0.62225	48.86	0.864	rgb(227, 52, 54)	1.9574	None
E2F7	JAKMIP1	-0.62139	48.85	-8.5E-01	rgb( 33,105,249)	1.9572	None
E2F7	MLXIPL	-0.62139	48.85	-8.5E-01	rgb( 33,105,249)	1.9572	None
MAFA	WSB1	0.62139	48.85	0.848	rgb(226, 55, 57)	1.9572	None
MAFA	LRP4-AS1	0.62054	48.84	0.839	rgb(226, 57, 58)	1.957	None
MAFF	EDAR	0.62054	48.84	0.837	rgb(226, 57, 59)	1.957	None
NR4A2	CHRNA5	-0.62054	48.84	-8.4E-01	rgb( 35,106,249)	1.957	None
PAX6	RUNDC3A	-0.62054	48.84	-8.4E-01	rgb( 36,107,249)	1.957	None
ARNT2	SMARCA1	0.61969	48.83	0.831	rgb(226, 58, 60)	1.9568	None
ETS1	GRHL3	0.61969	48.83	0.83	rgb(226, 59, 60)	1.9568	None
ETS1	MTUS2	-0.61969	48.83	-8.3E-01	rgb( 37,108,249)	1.9568	None
ETV1	RPRML	0.61969	48.83	0.835	rgb(226, 58, 59)	1.9568	None
MAFB	ABLIM2	-0.61969	48.83	-8.3E-01	rgb( 38,108,248)	1.9568	None
NEUROD1	BC040894	-0.61969	48.83	-8.3E-01	rgb( 37,108,248)	1.9568	2,2
NR4A3	MAGED1	-0.61969	48.83	-8.3E-01	rgb( 37,107,249)	1.9568	None
ZNF514	SPDYE8P	0.61969	48.83	0.83	rgb(226, 59, 60)	1.9568	2,2
ELF4	RGS5	-0.61883	48.82	-8.2E-01	rgb( 40,109,248)	1.9566	None
HEYL	HSPB7	0.61883	48.82	0.82	rgb(226, 60, 62)	1.9566	2,2
HSF2	PTPRN2	-0.61883	48.82	-8.2E-01	rgb( 40,109,248)	1.9566	None
PAX6	RGS4	-0.61883	48.82	-8.2E-01	rgb( 39,109,248)	1.9566	None
TP73	HIF1A	0.61883	48.82	0.822	rgb(226, 60, 62)	1.9566	None
ZBTB25	LOC100294362	0.61883	48.82	0.82	rgb(226, 60, 62)	1.9566	2,2
ASCL2	E02193	-0.61798	48.81	-8.1E-01	rgb( 41,110,248)	1.9564	2,2
ELF4	CIT	-0.61798	48.81	-8.1E-01	rgb( 40,109,248)	1.9564	None
FEV	DNM3	-0.61798	48.81	-8.1E-01	rgb( 42,110,248)	1.9564	None
FOXA1	MCF2L	0.61798	48.81	0.809	rgb(226, 63, 64)	1.9564	None
FOXD4L5	NKAIN1	-0.61798	48.81	-8.1E-01	rgb( 41,110,248)	1.9564	None
GATA2	LMX1B	0.61798	48.81	0.811	rgb(226, 62, 64)	1.9564	None
MAFB	GIP	-0.61798	48.81	-8.1E-01	rgb( 41,110,248)	1.9564	None
MAFB	SLC35F3	-0.61798	48.81	-8.1E-01	rgb( 42,111,248)	1.9564	None
NR4A3	WNK3	-0.61798	48.81	-8.1E-01	rgb( 42,111,248)	1.9564	None
FOXD4L5	PCSK2	0.61712	48.8	0.796	rgb(226, 65, 67)	1.9562	None
NKX6-1	HOMEZ	-0.61712	48.8	-8.0E-01	rgb( 43,111,247)	1.9562	None
SOX4	TMPRSS11E	0.61712	48.8	0.8	rgb(226, 64, 66)	1.9562	None
ZNF846	COL16A1	0.61712	48.8	0.795	rgb(226, 65, 67)	1.9562	None
ETV1	FLT1	-0.61627	48.79	-7.9E-01	rgb( 45,112,247)	1.956	None
FOXA1	PCSK2	0.61627	48.79	0.794	rgb(226, 65, 67)	1.956	None
FOXA1	PTPRN2	0.61627	48.79	0.787	rgb(226, 67, 68)	1.956	None
FOXD4L5	ITGBL1	0.61627	48.79	0.786	rgb(226, 67, 68)	1.956	None
HHEX	CIT	0.61627	48.79	0.788	rgb(226, 66, 68)	1.956	None
PAX6	PEX5L	-0.61627	48.79	-7.9E-01	rgb( 45,112,247)	1.956	None
SMAD9	JMJD7-PLA2G4B	0.61627	48.79	0.788	rgb(226, 67, 68)	1.956	None
E2F7	MAPK8IP1	-0.61542	48.78	-7.8E-01	rgb( 48,114,247)	1.9558	None
ETS1	MDK	0.61456	48.77	0.77	rgb(225, 70, 71)	1.9556	None
FOXA1	TRPM2	0.61456	48.77	0.772	rgb(225, 70, 71)	1.9556	None
GATA2	KLHL32	0.61456	48.77	0.768	rgb(225, 70, 72)	1.9556	None
LTF	MUC3A	0.61456	48.77	0.765	rgb(225, 71, 72)	1.9556	2,2
NFAT5	SMOC2	0.61456	48.77	0.769	rgb(225, 70, 72)	1.9556	None
NKX6-1	HLF	0.61456	48.77	0.774	rgb(226, 69, 71)	1.9556	None
ZFHX2	ITPR1	-0.61456	48.77	-7.7E-01	rgb( 50,116,246)	1.9556	None
ASCL1	CACNB4	-0.61371	48.76	-7.6E-01	rgb( 52,117,246)	1.9554	None
FEV	ANXA6	0.61371	48.76	0.764	rgb(225, 71, 73)	1.9554	None
MAFA	FAM13A-AS1	0.61371	48.76	0.761	rgb(225, 72, 73)	1.9554	None
MAFB	GDF10	0.61371	48.76	0.763	rgb(225, 71, 73)	1.9554	None
MAFB	RTEL1	0.61371	48.76	0.756	rgb(225, 73, 74)	1.9554	None
RORC	HSPA6	0.61371	48.76	0.758	rgb(225, 72, 74)	1.9554	None
TEAD2	CD37	0.61371	48.76	0.759	rgb(225, 72, 73)	1.9554	None
ZFP82	LIPC	-0.61371	48.76	-7.6E-01	rgb( 52,116,246)	1.9554	None
ZNF846	RBPMS	-0.61371	48.76	-7.6E-01	rgb( 53,117,246)	1.9554	None
ARX	WWC2-AS2	0.61285	48.75	0.752	rgb(225, 73, 75)	1.9552	None
ASCL2	BASP1	0.61285	48.75	0.747	rgb(225, 74, 76)	1.9552	None
E2F7	APLP1	-0.61285	48.75	-7.5E-01	rgb( 54,118,246)	1.9552	None
GATA2	SCN1B	0.61285	48.75	0.75	rgb(225, 74, 75)	1.9552	None
HSF2	CPA1	0.61285	48.75	0.755	rgb(225, 73, 74)	1.9552	None
LMX1B	INS-IGF2	0.61285	48.75	0.747	rgb(225, 74, 76)	1.9552	2,2
RFX6	LOC389332	0.61285	48.75	0.747	rgb(225, 74, 76)	1.9552	2,2
TFCP2L1	KCNH2	-0.61285	48.75	-7.5E-01	rgb( 55,119,245)	1.9552	None
ZFHX2	SPDYA	0.61285	48.75	0.752	rgb(225, 73, 75)	1.9552	None
SIM1	GDAP1L1	0.61285	48.75	0.75	rgb(225, 74, 75)	1.9552	2,2
SIM1	IFI44L	0.61285	48.75	0.747	rgb(225, 74, 76)	1.9552	2,2
ARX	SYT2	0.612	48.74	0.738	rgb(225, 76, 77)	1.955	None
ARX	WDR17	0.612	48.74	0.736	rgb(225, 76, 78)	1.955	None
ATF6	KCNQ1OT1	-0.612	48.74	-7.4E-01	rgb( 57,120,245)	1.955	None
ELF4	CTPS1	-0.612	48.74	-7.4E-01	rgb( 57,120,245)	1.955	None
MAFA	PKIA	0.612	48.74	0.743	rgb(225, 75, 77)	1.955	None
MAFB	HSPA2	0.612	48.74	0.739	rgb(225, 76, 77)	1.955	None
MAFB	SEZ6	-0.612	48.74	-7.4E-01	rgb( 57,120,245)	1.955	None
ETV1	RNF213	-0.61114	48.73	-7.3E-01	rgb( 59,121,245)	1.9548	None
HEY1	LOC644172	-0.61114	48.73	-7.3E-01	rgb( 58,120,245)	1.9548	2,2
LMX1B	SERPINA10	0.61114	48.73	0.73	rgb(225, 78, 79)	1.9548	None
MAFB	ATP6V1B1	-0.61114	48.73	-7.3E-01	rgb( 59,121,245)	1.9548	None
ONECUT3	HLF	0.61114	48.73	0.73	rgb(225, 78, 79)	1.9548	None
PBX3	SIDT1	0.61114	48.73	0.73	rgb(225, 78, 79)	1.9548	None
SPIB	DPCR1	-0.61114	48.73	-7.3E-01	rgb( 59,121,245)	1.9548	2,2
TFCP2L1	C2CD4B	0.61114	48.73	0.731	rgb(225, 77, 79)	1.9548	None
TGIF2	INS-IGF2	0.61114	48.73	0.73	rgb(225, 78, 79)	1.9548	None
ZNF883	E02193	-0.61114	48.73	-7.3E-01	rgb( 59,121,245)	1.9548	2,2
MAFB	MUC15	0.61029	48.72	0.721	rgb(225, 79, 81)	1.9546	None
NKX2-2	KIAA1328	-0.61029	48.72	-7.2E-01	rgb( 60,122,244)	1.9546	None
RFX3	CBX2	0.61029	48.72	0.723	rgb(225, 79, 80)	1.9546	None
SMAD9	BAMBI	0.61029	48.72	0.717	rgb(225, 80, 81)	1.9546	None
SOX4	DRD2	0.61029	48.72	0.715	rgb(225, 80, 82)	1.9546	None
TFCP2L1	FAM155B	0.61029	48.72	0.717	rgb(225, 80, 82)	1.9546	None
TFCP2L1	UNC79	0.61029	48.72	0.715	rgb(225, 80, 82)	1.9546	None
ZFHX2	ATP1A3	-0.61029	48.72	-7.2E-01	rgb( 62,123,244)	1.9546	None
ZFHX2	CCDC86	-0.61029	48.72	-7.2E-01	rgb( 62,122,244)	1.9546	None
SIM1	SST	0.61029	48.72	0.722	rgb(225, 79, 80)	1.9546	2,2
ARNT2	DNER	-0.60944	48.71	-7.1E-01	rgb( 62,123,244)	1.9544	None
ARX	SSPO	0.60944	48.71	0.706	rgb(225, 82, 84)	1.9544	None
FOXD4L5	USP32P2	0.60944	48.71	0.71	rgb(225, 81, 83)	1.9544	None
HLF	HNF1A-AS1	-0.60944	48.71	-7.1E-01	rgb( 63,123,244)	1.9544	None
LMX1B	MAPK7	0.60944	48.71	0.711	rgb(225, 81, 83)	1.9544	None
MAFA	SPAG8	0.60944	48.71	0.707	rgb(225, 82, 83)	1.9544	None
ONECUT1	CATSPERB	0.60944	48.71	0.708	rgb(225, 82, 83)	1.9544	None
ONECUT1	LOC149134	0.60944	48.71	0.711	rgb(225, 81, 83)	1.9544	2,2
ONECUT2	RPLP0P2	-0.60944	48.71	-7.1E-01	rgb( 62,123,244)	1.9544	None
ONECUT2	TRPM3	0.60944	48.71	0.711	rgb(225, 81, 83)	1.9544	None
PAX6	SAP30	-0.60944	48.71	-7.1E-01	rgb( 63,123,244)	1.9544	None
PDX1	USP6	-0.60944	48.71	-7.1E-01	rgb( 63,123,244)	1.9544	None
PLAG1	CDK5R2	-0.60944	48.71	-7.1E-01	rgb( 64,124,244)	1.9544	None
PRDM16	STARD9	-0.60944	48.71	-7.1E-01	rgb( 64,124,244)	1.9544	None
PROX1	AX746775	0.60944	48.71	0.71	rgb(225, 81, 83)	1.9544	2,2
SIX2	NALCN	0.60944	48.71	0.713	rgb(225, 81, 82)	1.9544	None
SOX4	SLC38A5	0.60944	48.71	0.707	rgb(225, 82, 83)	1.9544	None
SOX4	VCAN	-0.60944	48.71	-7.1E-01	rgb( 62,123,244)	1.9544	None
SPIB	GFRA1	0.60944	48.71	0.713	rgb(225, 81, 82)	1.9544	None
TFCP2L1	ZNF853	0.60944	48.71	0.712	rgb(225, 81, 83)	1.9544	None
E2F7	HES4	-0.60858	48.7	-7.0E-01	rgb( 65,125,244)	1.9542	None
ELF4	CHRNB2	-0.60858	48.7	-7.0E-01	rgb( 64,124,244)	1.9542	None
ELF4	ID2	0.60858	48.7	0.705	rgb(225, 82, 84)	1.9542	None
ELF4	TACR3	-0.60858	48.7	-7.0E-01	rgb( 65,125,244)	1.9542	2,2
FEV	GPR148	0.60858	48.7	0.7	rgb(225, 83, 85)	1.9542	None
GATA2	COL16A1	0.60858	48.7	0.695	rgb(225, 84, 86)	1.9542	None
HSF2	CSH1	0.60858	48.7	0.704	rgb(225, 83, 84)	1.9542	None
PAX4	CCDC88A	0.60858	48.7	0.704	rgb(225, 83, 84)	1.9542	None
PAX6	SHISA9	-0.60858	48.7	-7.0E-01	rgb( 64,124,244)	1.9542	2,2
RFX2	TMEM151A	0.60858	48.7	0.701	rgb(225, 83, 84)	1.9542	None
RFX3	LMX1B	0.60858	48.7	0.704	rgb(225, 82, 84)	1.9542	None
SIX2	SIX2	0.60858	48.7	0.703	rgb(225, 83, 84)	1.9542	None
EGR3	SLC38A3	0.60773	48.69	0.689	rgb(225, 85, 87)	1.954	None
ETV1	F10	0.60773	48.69	0.691	rgb(225, 85, 86)	1.954	None
GATA4	TMEM212	-0.60773	48.69	-6.9E-01	rgb( 68,126,243)	1.954	None
HSF2	UCN3	-0.60773	48.69	-6.9E-01	rgb( 66,125,243)	1.954	None
INSM1	PGA5	-0.60773	48.69	-6.9E-01	rgb( 67,126,243)	1.954	None
ISL1	CLSPN	0.60773	48.69	0.688	rgb(225, 86, 87)	1.954	None
LHX1	CIB4	-0.60773	48.69	-6.9E-01	rgb( 67,126,243)	1.954	None
LHX1	SCG2	-0.60773	48.69	-6.9E-01	rgb( 68,126,243)	1.954	None
MAFA	GPRIN3	-0.60773	48.69	-6.9E-01	rgb( 67,126,243)	1.954	None
NKX6-1	AK092380	0.60773	48.69	0.688	rgb(225, 86, 87)	1.954	2,2
ONECUT2	AKNA	0.60773	48.69	0.691	rgb(225, 85, 86)	1.954	None
PBX3	PER2	0.60773	48.69	0.689	rgb(225, 85, 87)	1.954	None
SIX2	ELF4	0.60773	48.69	0.686	rgb(225, 86, 87)	1.954	None
SIX2	FAM110B	-0.60773	48.69	-6.9E-01	rgb( 67,126,243)	1.954	None
ZFHX2	WDR17	0.60773	48.69	0.686	rgb(225, 86, 87)	1.954	None
EGR3	NPAS3	0.60687	48.68	0.676	rgb(224, 88, 89)	1.9538	None
FEV	RGS5	0.60687	48.68	0.676	rgb(224, 88, 89)	1.9538	None
HIF1A	NPPB	-0.60687	48.68	-6.8E-01	rgb( 70,128,243)	1.9538	None
PBX3	SPDYA	0.60687	48.68	0.684	rgb(225, 86, 88)	1.9538	None
PRDM16	LINC00514	-0.60687	48.68	-6.8E-01	rgb( 68,127,243)	1.9538	None
SIX2	SSPO	0.60687	48.68	0.682	rgb(225, 87, 88)	1.9538	None
TEAD1	KCNJ3	-0.60687	48.68	-6.8E-01	rgb( 69,127,243)	1.9538	None
ZFHX2	TMSB15B	0.60687	48.68	0.677	rgb(224, 88, 89)	1.9538	None
HIF1A	PSD	-0.60602	48.67	-6.7E-01	rgb( 71,128,243)	1.9536	None
LMX1B	TMPRSS11E	-0.60602	48.67	-6.7E-01	rgb( 71,128,243)	1.9536	None
MAFB	FRMPD4	-0.60602	48.67	-6.7E-01	rgb( 72,129,242)	1.9536	None
PRDM16	SMOC2	0.60602	48.67	0.671	rgb(224, 89, 90)	1.9536	None
TEAD1	ATF7IP	0.60602	48.67	0.674	rgb(224, 88, 90)	1.9536	None
ZFHX2	ZNF518A	0.60602	48.67	0.671	rgb(224, 89, 90)	1.9536	None
ETS1	MLXIPL	-0.60516	48.66	-6.6E-01	rgb( 73,129,242)	1.9534	None
FOXD4L5	RD3	-0.60516	48.66	-6.6E-01	rgb( 74,130,242)	1.9534	None
NEUROG3	ARNT2	0.60516	48.66	0.663	rgb(224, 90, 92)	1.9534	None
ONECUT3	RAP1GAP2	-0.60516	48.66	-6.6E-01	rgb( 74,130,242)	1.9534	None
RFX2	FABP5	0.60516	48.66	0.655	rgb(224, 92, 93)	1.9534	None
TFCP2L1	TMEM151B	0.60516	48.66	0.658	rgb(224, 91, 93)	1.9534	None
ZNF382	SYT2	-0.60516	48.66	-6.6E-01	rgb( 75,130,242)	1.9534	None
CSRNP3	GOLGA6L4	0.60516	48.66	0.659	rgb(224, 91, 92)	1.9534	2,2
ASCL1	SVOP	0.60431	48.65	0.646	rgb(224, 94, 95)	1.9532	None
ELF4	FUT1	-0.60431	48.65	-6.5E-01	rgb( 77,132,242)	1.9532	None
ETS1	UCP2	0.60431	48.65	0.651	rgb(224, 93, 94)	1.9532	None
FOXD4L5	CRISPLD2	-0.60431	48.65	-6.5E-01	rgb( 77,132,242)	1.9532	None
FOXD4L5	NEFM	0.60431	48.65	0.652	rgb(224, 92, 94)	1.9532	None
HEY1	NEUROD2	-0.60431	48.65	-6.5E-01	rgb( 76,131,242)	1.9532	None
HHEX	LSAMP	0.60431	48.65	0.651	rgb(224, 93, 94)	1.9532	None
LMX1B	AGT	-0.60431	48.65	-6.5E-01	rgb( 75,131,242)	1.9532	None
LMX1B	PTPRN2	0.60431	48.65	0.652	rgb(224, 92, 94)	1.9532	None
NFAT5	BX647938	0.60431	48.65	0.649	rgb(224, 93, 94)	1.9532	2,2
NR4A2	PTHLH	-0.60431	48.65	-6.5E-01	rgb( 76,131,242)	1.9532	None
NR4A3	HMGN3	-0.60431	48.65	-6.5E-01	rgb( 76,131,242)	1.9532	None
ONECUT2	MIPOL1	0.60431	48.65	0.651	rgb(224, 93, 94)	1.9532	None
PAX4	RNF157-AS1	0.60431	48.65	0.649	rgb(224, 93, 94)	1.9532	None
POU2F2	SLITRK6	-0.60431	48.65	-6.5E-01	rgb( 75,131,242)	1.9532	None
SIX2	LINC00890	0.60431	48.65	0.653	rgb(224, 92, 94)	1.9532	2,2
TFCP2L1	BCL2	0.60431	48.65	0.653	rgb(224, 92, 93)	1.9532	None
ZNF492	CCDC14	0.60431	48.65	0.652	rgb(224, 92, 94)	1.9532	None
ZNF846	TPGS1	0.60431	48.65	0.648	rgb(224, 93, 94)	1.9532	None
ASCL2	ADCY1	0.60346	48.64	0.637	rgb(224, 95, 97)	1.953	None
DPF3	AK055694	0.60346	48.64	0.641	rgb(224, 95, 96)	1.953	2,2
E2F7	RPS3	0.60346	48.64	0.639	rgb(224, 95, 96)	1.953	None
ETS1	TMEM61	0.60346	48.64	0.637	rgb(224, 95, 97)	1.953	None
GATA6	BAMBI	0.60346	48.64	0.644	rgb(224, 94, 95)	1.953	None
PDX1	DNLZ	0.60346	48.64	0.642	rgb(224, 94, 96)	1.953	None
PROX1	AK057681	0.60346	48.64	0.637	rgb(224, 95, 97)	1.953	2,2
TEAD1	CACNA1C	-0.60346	48.64	-6.4E-01	rgb( 78,133,241)	1.953	None
TFCP2L1	TMEM198	0.60346	48.64	0.643	rgb(224, 94, 95)	1.953	None
CCDC17	FLJ35024	0.60346	48.64	0.642	rgb(224, 94, 96)	1.953	2,2
ARX	SRRM3	-0.6026	48.63	-6.3E-01	rgb( 80,134,241)	1.9528	None
ASCL2	RAP1GAP2	0.6026	48.63	0.635	rgb(224, 96, 97)	1.9528	None
ETS1	AK097119	-0.6026	48.63	-6.3E-01	rgb( 81,134,241)	1.9528	2,2
MAFA	SLC7A14	0.6026	48.63	0.633	rgb(224, 96, 97)	1.9528	None
MAFF	GNG2	0.6026	48.63	0.631	rgb(224, 97, 98)	1.9528	None
NEUROG3	SEMA6B	0.6026	48.63	0.628	rgb(224, 97, 98)	1.9528	None
NR4A2	BRSK1	-0.6026	48.63	-6.3E-01	rgb( 81,134,241)	1.9528	None
PAX6	EYA4	-0.6026	48.63	-6.3E-01	rgb( 81,134,241)	1.9528	None
PBX1	PRR7	-0.6026	48.63	-6.3E-01	rgb( 80,134,241)	1.9528	None
RFX6	TUBA3FP	0.6026	48.63	0.63	rgb(224, 97, 98)	1.9528	None
ZNF846	MRPL34	0.6026	48.63	0.629	rgb(224, 97, 98)	1.9528	None
ZNF788	AK091624	0.6026	48.63	0.635	rgb(224, 96, 97)	1.9528	2,2
ARX	CDRT4	-0.60175	48.62	-6.2E-01	rgb( 83,135,240)	1.9526	None
ARX	NR4A2	0.60175	48.62	0.623	rgb(224, 98, 99)	1.9526	None
EGR3	HEYL	0.60175	48.62	0.615	rgb(224, 99,101)	1.9526	None
ETV1	SPDYA	-0.60175	48.62	-6.2E-01	rgb( 81,135,241)	1.9526	None
ONECUT3	EML1	0.60175	48.62	0.618	rgb(224, 99,100)	1.9526	None
PAX4	PROX1	-0.60175	48.62	-6.2E-01	rgb( 82,135,241)	1.9526	None
PAX6	MAP3K12	-0.60175	48.62	-6.2E-01	rgb( 82,135,241)	1.9526	None
PRDM16	MTSS1	-0.60175	48.62	-6.2E-01	rgb( 83,135,241)	1.9526	None
SIX2	C2CD4A	-0.60175	48.62	-6.2E-01	rgb( 81,135,241)	1.9526	None
TEAD2	KCNJ11	-0.60175	48.62	-6.2E-01	rgb( 83,136,240)	1.9526	None
ZNF846	CADM3	-0.60175	48.62	-6.2E-01	rgb( 81,135,241)	1.9526	None
ARX	WSCD1	-0.60089	48.61	-6.1E-01	rgb( 85,137,240)	1.9524	None
ELF4	SSTR1	-0.60089	48.61	-6.1E-01	rgb( 84,136,240)	1.9524	None
FEV	TMSB15B	0.60089	48.61	0.611	rgb(224,100,102)	1.9524	None
HIF1A	KLHL32	-0.60089	48.61	-6.1E-01	rgb( 84,136,240)	1.9524	None
HIF1A	TEAD2	-0.60089	48.61	-6.1E-01	rgb( 84,136,240)	1.9524	None
ISL1	CCDC78	0.60089	48.61	0.611	rgb(224,100,102)	1.9524	None
MAFA	PITRM1-AS1	0.60089	48.61	0.605	rgb(224,101,103)	1.9524	None
MAFB	CFC1	-0.60089	48.61	-6.1E-01	rgb( 84,136,240)	1.9524	None
NR4A2	MUC5B	0.60089	48.61	0.614	rgb(224,100,101)	1.9524	None
PLAG1	NPTXR	-0.60089	48.61	-6.1E-01	rgb( 85,137,240)	1.9524	None
PRDM16	EVL	-0.60089	48.61	-6.1E-01	rgb( 85,137,240)	1.9524	None
RFX2	FXYD1	-0.60089	48.61	-6.1E-01	rgb( 86,137,240)	1.9524	None
RORC	PCBP4	0.60089	48.61	0.607	rgb(224,101,102)	1.9524	None
SIX2	RASL11B	-0.60089	48.61	-6.1E-01	rgb( 85,136,240)	1.9524	None
SMAD9	PCDHA2	0.60089	48.61	0.61	rgb(224,100,102)	1.9524	None
TEAD2	CPT1C	-0.60089	48.61	-6.1E-01	rgb( 84,136,240)	1.9524	None
ZFP28	EVL	-0.60089	48.61	-6.1E-01	rgb( 84,136,240)	1.9524	None
ZNF853	LPPR3	0.60089	48.61	0.612	rgb(224,100,101)	1.9524	2,2
ASCL2	CADM3	0.60004	48.6	0.605	rgb(224,102,103)	1.9522	None
GATA4	JAKMIP1	-0.60004	48.6	-6.0E-01	rgb( 88,138,240)	1.9522	None
HSF2	TMEM151B	-0.60004	48.6	-6.0E-01	rgb( 87,138,240)	1.9522	None
LMX1A	EMB	-0.60004	48.6	-6.0E-01	rgb( 86,138,240)	1.9522	None
LMX1B	COL14A1	0.60004	48.6	0.603	rgb(224,102,103)	1.9522	None
MAFA	KTN1-AS1	-0.60004	48.6	-6.0E-01	rgb( 87,138,240)	1.9522	None
MAFA	NAALADL1	-0.60004	48.6	-6.0E-01	rgb( 88,138,240)	1.9522	None
MAFB	MBOAT4	-0.60004	48.6	-6.0E-01	rgb( 86,137,240)	1.9522	None
MAFB	TMPRSS11E	0.60004	48.6	0.602	rgb(224,102,103)	1.9522	None
MYRF	AMBP	0.60004	48.6	0.595	rgb(224,103,104)	1.9522	None
NHLH1	NPTX1	0.60004	48.6	0.601	rgb(224,102,103)	1.9522	None
NR4A2	INSRR	-0.60004	48.6	-6.0E-01	rgb( 87,138,240)	1.9522	None
PRDM16	TENM2	-0.60004	48.6	-6.0E-01	rgb( 87,138,240)	1.9522	None
SIX2	CERS6-AS1	0.60004	48.6	0.598	rgb(224,103,104)	1.9522	2,2
SMAD9	HSF2	-0.60004	48.6	-6.0E-01	rgb( 87,138,240)	1.9522	None
ZFP28	SMOC2	-0.60004	48.6	-6.0E-01	rgb( 86,137,240)	1.9522	None
ZNF492	MAP2	0.60004	48.6	0.605	rgb(224,101,103)	1.9522	None
AEBP1	AK096718	0.60004	48.6	0.599	rgb(224,103,104)	1.9522	2,2
CSRNP3	LHFPL4	0.60004	48.6	0.598	rgb(224,103,104)	1.9522	2,2
ELF4	MAST1	-0.59919	48.59	-5.9E-01	rgb( 88,138,240)	1.952	None
FOXD4L5	NKD1	-0.59919	48.59	-5.9E-01	rgb( 90,139,239)	1.952	None
HEY1	AF420437	-0.59919	48.59	-5.9E-01	rgb( 90,140,239)	1.952	2,2
HSF2	FAM131B	-0.59919	48.59	-5.9E-01	rgb( 90,140,239)	1.952	None
MXI1	SPIB	-0.59919	48.59	-5.9E-01	rgb( 90,140,239)	1.952	None
NR4A2	GRASP	-0.59919	48.59	-5.9E-01	rgb( 89,139,239)	1.952	None
POU5F1	PLEKHO1	0.59919	48.59	0.585	rgb(223,105,106)	1.952	None
SIX2	LONRF2	0.59919	48.59	0.587	rgb(223,105,106)	1.952	None
TET1	KCNH8	0.59919	48.59	0.594	rgb(224,104,105)	1.952	None
TFCP2L1	RPS6KL1	0.59919	48.59	0.591	rgb(224,104,105)	1.952	None
TFCP2L1	TUBB2C	0.59919	48.59	0.592	rgb(224,104,105)	1.952	2,2
GRHL3	SDPR	0.59919	48.59	0.585	rgb(223,105,106)	1.952	2,2
ARX	PMP22	0.59833	48.58	0.579	rgb(223,107,108)	1.9518	None
ASCL1	KCNJ11	0.59833	48.58	0.58	rgb(223,106,107)	1.9518	None
FEV	LAMP3	0.59833	48.58	0.581	rgb(223,106,107)	1.9518	None
HIF1A	AK123868	-0.59833	48.58	-5.8E-01	rgb( 90,140,239)	1.9518	2,2
HSF2	KIAA1324	-0.59833	48.58	-5.8E-01	rgb( 92,141,239)	1.9518	None
LMX1B	TMEM212	-0.59833	48.58	-5.8E-01	rgb( 90,140,239)	1.9518	None
LTF	LOC100272216	0.59833	48.58	0.581	rgb(223,106,107)	1.9518	2,2
ONECUT2	PRDM16	0.59833	48.58	0.577	rgb(223,107,108)	1.9518	None
PBX3	GAN	0.59833	48.58	0.582	rgb(223,106,107)	1.9518	None
TGIF2	SRM	-0.59833	48.58	-5.8E-01	rgb( 91,140,239)	1.9518	None
ZFHX2	CPNE9	0.59833	48.58	0.579	rgb(223,106,108)	1.9518	None
ZFP82	BCORL1	0.59833	48.58	0.582	rgb(223,106,107)	1.9518	None
ZNF846	UGDH-AS1	-0.59833	48.58	-5.8E-01	rgb( 90,140,239)	1.9518	None
ATF6	LOC202181	-0.59748	48.57	-5.7E-01	rgb( 93,142,239)	1.9516	2,2
DPF3	AX748336	0.59748	48.57	0.569	rgb(223,108,110)	1.9516	2,2
ETV1	CPE	0.59748	48.57	0.574	rgb(223,107,109)	1.9516	None
HEYL	POM121L10P	0.59748	48.57	0.571	rgb(223,108,109)	1.9516	None
RORC	SCG5	-0.59748	48.57	-5.7E-01	rgb( 94,142,239)	1.9516	None
SOX4	ADAMTSL1	-0.59748	48.57	-5.7E-01	rgb( 94,142,239)	1.9516	None
ZFHX2	ANXA6	-0.59748	48.57	-5.7E-01	rgb( 94,142,239)	1.9516	None
ZFP82	ARHGEF26-AS1	-0.59748	48.57	-5.7E-01	rgb( 92,141,239)	1.9516	None
DPF3	AX746605	0.59662	48.56	0.557	rgb(223,111,112)	1.9514	2,2
ELF4	CCDC39	-0.59662	48.56	-5.6E-01	rgb( 96,144,238)	1.9514	None
GATA4	APBB1	0.59662	48.56	0.557	rgb(223,111,112)	1.9514	None
HLF	MED12L	-0.59662	48.56	-5.6E-01	rgb( 95,143,238)	1.9514	None
HSF2	MMP13	-0.59662	48.56	-5.6E-01	rgb( 95,143,238)	1.9514	None
LMX1B	ATP8B2	0.59662	48.56	0.562	rgb(223,110,111)	1.9514	None
LMX1B	DQ598910	-0.59662	48.56	-5.6E-01	rgb( 95,143,238)	1.9514	2,2
MAFA	HERC2P4	0.59662	48.56	0.557	rgb(223,111,112)	1.9514	None
MAFF	GNAO1	0.59662	48.56	0.556	rgb(223,111,112)	1.9514	None
NKX2-2	KLHL35	0.59662	48.56	0.565	rgb(223,109,110)	1.9514	None
PRDM16	RFX2	0.59662	48.56	0.561	rgb(223,110,111)	1.9514	None
RFX2	ANXA6	0.59662	48.56	0.561	rgb(223,110,111)	1.9514	None
SIX2	CPLX1	-0.59662	48.56	-5.6E-01	rgb( 95,143,238)	1.9514	None
SOX4	PROX1	0.59662	48.56	0.563	rgb(223,110,111)	1.9514	None
GRHL3	CCNA1	-0.59662	48.56	-5.6E-01	rgb( 96,143,238)	1.9514	2,2
ZNF117	PLGLB2	0.59662	48.56	0.557	rgb(223,111,112)	1.9514	2,2
ASCL1	HEYL	-0.59577	48.55	-5.5E-01	rgb( 98,145,238)	1.9512	None
ETS1	FAM13A-AS1	-0.59577	48.55	-5.5E-01	rgb( 97,144,238)	1.9512	None
FOXD4L5	HOOK3	0.59577	48.55	0.55	rgb(223,112,113)	1.9512	None
HSF2	SRRM4	-0.59577	48.55	-5.5E-01	rgb( 98,145,238)	1.9512	None
LMX1B	SAMD11	0.59577	48.55	0.552	rgb(223,111,113)	1.9512	None
LTF	AX747393	0.59577	48.55	0.552	rgb(223,112,113)	1.9512	2,2
MAFB	INSRR	0.59577	48.55	0.552	rgb(223,112,113)	1.9512	None
NEUROD2	KCNH8	0.59577	48.55	0.547	rgb(223,113,114)	1.9512	None
PBX3	SDCBP2-AS1	0.59577	48.55	0.55	rgb(223,112,113)	1.9512	None
RORC	AMPH	-0.59577	48.55	-5.5E-01	rgb( 97,144,238)	1.9512	None
RORC	MYBPC2	0.59577	48.55	0.554	rgb(223,111,112)	1.9512	None
SOX4	ADCY2	-0.59577	48.55	-5.5E-01	rgb( 97,144,238)	1.9512	None
TGIF2	FAM131B	0.59577	48.55	0.553	rgb(223,111,112)	1.9512	None
ETS1	LTF	0.59491	48.54	0.537	rgb(223,114,115)	1.951	None
ETV1	CALCOCO1	-0.59491	48.54	-5.4E-01	rgb(100,146,238)	1.951	None
FEV	ENTPD1	0.59491	48.54	0.537	rgb(223,114,115)	1.951	None
FOXA1	NALCN	0.59491	48.54	0.536	rgb(223,115,116)	1.951	None
HIF1A	TCP11X2	-0.59491	48.54	-5.4E-01	rgb(100,146,237)	1.951	2,2
HSF2	JAZF1	0.59491	48.54	0.542	rgb(223,114,115)	1.951	None
MAFA	ADAMTSL2	0.59491	48.54	0.535	rgb(223,115,116)	1.951	None
MYRF	AK124197	-0.59491	48.54	-5.4E-01	rgb(101,146,237)	1.951	2,2
NKX2-2	ZNF492	-0.59491	48.54	-5.4E-01	rgb(100,146,238)	1.951	2,2
NR4A2	WNK2	-0.59491	48.54	-5.4E-01	rgb(100,146,237)	1.951	None
PAX6	BTBD17	-0.59491	48.54	-5.4E-01	rgb(100,146,238)	1.951	None
SIX2	FOXJ1	-0.59491	48.54	-5.4E-01	rgb(100,146,238)	1.951	None
TFCP2L1	SMAD9	0.59491	48.54	0.54	rgb(223,114,115)	1.951	None
ASCL1	RRAGD	0.59406	48.53	0.531	rgb(223,115,117)	1.9508	None
GATA4	CADM2	0.59406	48.53	0.531	rgb(223,116,117)	1.9508	None
GATA4	SSTR2	0.59406	48.53	0.53	rgb(223,116,117)	1.9508	None
HSF2	CENPE	0.59406	48.53	0.526	rgb(223,117,118)	1.9508	None
ISL1	FKSG51	0.59406	48.53	0.532	rgb(223,115,116)	1.9508	2,2
LHX1	HES4	-0.59406	48.53	-5.3E-01	rgb(102,147,237)	1.9508	None
LMX1B	DLG2	0.59406	48.53	0.531	rgb(223,116,117)	1.9508	None
LTF	DNAPTP1	0.59406	48.53	0.535	rgb(223,115,116)	1.9508	2,2
NKX2-2	PBX1	-0.59406	48.53	-5.3E-01	rgb(103,148,237)	1.9508	None
NKX2-2	UPK2	0.59406	48.53	0.535	rgb(223,115,116)	1.9508	None
TEAD1	NHLH1	-0.59406	48.53	-5.3E-01	rgb(102,147,237)	1.9508	None
ZFP82	BC040563	-0.59406	48.53	-5.3E-01	rgb(102,147,237)	1.9508	2,2
ZNF492	RBFOX2	0.59406	48.53	0.528	rgb(223,116,117)	1.9508	None
ZNF846	DNLZ	0.59406	48.53	0.533	rgb(223,115,116)	1.9508	None
ARNT2	PRKCG	-0.59321	48.52	-5.2E-01	rgb(104,148,237)	1.9506	None
ETS1	CPLX2	-0.59321	48.52	-5.2E-01	rgb(103,148,237)	1.9506	None
ETS1	MUC15	0.59321	48.52	0.523	rgb(223,117,118)	1.9506	None
LMX1A	GRIK5	-0.59321	48.52	-5.2E-01	rgb(104,148,237)	1.9506	None
MAFB	SCGN	-0.59321	48.52	-5.2E-01	rgb(104,148,237)	1.9506	None
MAFB	SFTPA2	0.59321	48.52	0.515	rgb(223,119,120)	1.9506	None
ONECUT1	USP32P2	0.59321	48.52	0.516	rgb(223,119,120)	1.9506	None
ONECUT3	MMP13	-0.59321	48.52	-5.2E-01	rgb(103,148,237)	1.9506	None
ZNF492	NR2F2-AS1	0.59321	48.52	0.524	rgb(223,117,118)	1.9506	None
ETV1	DLL1	0.59235	48.51	0.514	rgb(223,119,120)	1.9504	None
GATA2	GREB1	0.59235	48.51	0.508	rgb(223,120,121)	1.9504	None
HHEX	SDCBP2-AS1	0.59235	48.51	0.509	rgb(223,120,121)	1.9504	None
LHX1	PPP1R14A	-0.59235	48.51	-5.1E-01	rgb(106,150,236)	1.9504	None
MAFB	GPRASP2	-0.59235	48.51	-5.1E-01	rgb(106,150,236)	1.9504	None
NKX2-2	LGR6	-0.59235	48.51	-5.1E-01	rgb(105,149,237)	1.9504	None
ONECUT2	C2CD4A	-0.59235	48.51	-5.1E-01	rgb(106,150,236)	1.9504	None
PDX1	FOXP2	-0.59235	48.51	-5.1E-01	rgb(107,150,236)	1.9504	None
PDX1	MMP11	0.59235	48.51	0.515	rgb(223,119,120)	1.9504	None
RORC	SLC7A4	0.59235	48.51	0.507	rgb(223,120,121)	1.9504	None
TEAD2	NTNG2	-0.59235	48.51	-5.1E-01	rgb(106,149,237)	1.9504	None
ZNF846	AX747833	-0.59235	48.51	-5.1E-01	rgb(107,150,236)	1.9504	2,2
ZNF883	FAM21B	-0.59235	48.51	-5.1E-01	rgb(106,149,236)	1.9504	2,2
TSHZ1	AX746771	-0.59235	48.51	-5.1E-01	rgb(107,150,236)	1.9504	2,2
ZFP2	LOC729603	-0.59235	48.51	-5.1E-01	rgb(106,150,236)	1.9504	2,2
ZFP62	AK091275	0.59235	48.51	0.514	rgb(223,119,120)	1.9504	2,2
ZNF853	LIMD2	0.59235	48.51	0.509	rgb(223,120,121)	1.9504	2,2
ARNT2	RPS6KL1	-0.5915	48.5	-5.0E-01	rgb(109,152,236)	1.9502	None
ARX	SSTR2	-0.5915	48.5	-5.0E-01	rgb(109,151,236)	1.9502	None
ATF6	MAFF	0.5915	48.5	0.504	rgb(223,121,122)	1.9502	None
DPF3	LINC00202-1	0.5915	48.5	0.495	rgb(222,122,123)	1.9502	2,2
E2F7	LRIG1	0.5915	48.5	0.5	rgb(223,121,122)	1.9502	None
EGR3	ST8SIA3	0.5915	48.5	0.505	rgb(223,121,122)	1.9502	None
HIF1A	BEX2	-0.5915	48.5	-5.0E-01	rgb(109,151,236)	1.9502	None
NEUROG3	BC040894	0.5915	48.5	0.502	rgb(223,121,122)	1.9502	2,2
NEUROG3	CCDC150	0.5915	48.5	0.496	rgb(222,122,123)	1.9502	None
PAX4	MCOLN3	-0.5915	48.5	-5.0E-01	rgb(109,151,236)	1.9502	None
PDX1	SULT1C2P1	-0.5915	48.5	-5.0E-01	rgb(108,151,236)	1.9502	None
SPIB	PMFBP1	-0.5915	48.5	-5.0E-01	rgb(109,151,236)	1.9502	None
SPIB	SYT14	-0.5915	48.5	-5.0E-01	rgb(109,151,236)	1.9502	None
ATF6	CBX2	-0.59064	48.49	-4.9E-01	rgb(110,152,236)	1.95	None
ETS1	RGS11	-0.59064	48.49	-4.9E-01	rgb(111,152,236)	1.95	None
ETV1	TMEM61	0.59064	48.49	0.49	rgb(222,123,124)	1.95	None
GATA4	EML5	-0.59064	48.49	-4.9E-01	rgb(112,153,235)	1.95	None
GATA4	PGF	0.59064	48.49	0.492	rgb(222,123,124)	1.95	None
HIF1A	DLG2	-0.59064	48.49	-4.9E-01	rgb(110,152,236)	1.95	None
HSF2	LAMP3	-0.59064	48.49	-4.9E-01	rgb(111,153,236)	1.95	None
ISL1	ST8SIA5	-0.59064	48.49	-4.9E-01	rgb(111,153,236)	1.95	None
LHX1	YPEL1	0.59064	48.49	0.489	rgb(222,124,125)	1.95	None
LMX1B	SV2B	0.59064	48.49	0.491	rgb(222,123,124)	1.95	None
SPIB	CNOT6L	0.59064	48.49	0.485	rgb(222,124,125)	1.95	None
TFCP2L1	PGA3	0.59064	48.49	0.492	rgb(222,123,124)	1.95	None
ZNF846	ANK2	-0.59064	48.49	-4.9E-01	rgb(110,152,236)	1.95	None
AEBP1	KIF5C	0.59064	48.49	0.492	rgb(222,123,124)	1.95	2,2
CCDC17	AK128559	0.59064	48.49	0.491	rgb(222,123,124)	1.95	2,2
MYT1	HLA-DQA2	0.59064	48.49	0.486	rgb(222,124,125)	1.95	2,2
ZNF788	ZSCAN12P1	0.59064	48.49	0.486	rgb(222,124,125)	1.95	2,2
ASCL1	SCT	0.58979	48.48	0.485	rgb(222,124,125)	1.9498	None
ETV1	GJD2	0.58979	48.48	0.484	rgb(222,125,126)	1.9498	None
ETV1	RGS4	0.58979	48.48	0.484	rgb(222,125,126)	1.9498	None
ETV1	WNK3	0.58979	48.48	0.482	rgb(222,125,126)	1.9498	None
GATA2	ASIC1	-0.58979	48.48	-4.8E-01	rgb(112,153,235)	1.9498	None
HSF2	CACNA2D1	-0.58979	48.48	-4.8E-01	rgb(113,154,235)	1.9498	None
ONECUT3	UBN2	-0.58979	48.48	-4.8E-01	rgb(114,154,235)	1.9498	None
RFX6	ILDR2	0.58979	48.48	0.476	rgb(222,126,127)	1.9498	None
RFX6	SDK1	0.58979	48.48	0.481	rgb(222,125,126)	1.9498	None
RORC	HERC2P4	-0.58979	48.48	-4.8E-01	rgb(113,154,235)	1.9498	None
TFCP2L1	FER1L6-AS1	-0.58979	48.48	-4.8E-01	rgb(113,154,235)	1.9498	None
ZFHX2	EBF3	0.58979	48.48	0.484	rgb(222,124,125)	1.9498	None
ZNF846	LOC400927	-0.58979	48.48	-4.8E-01	rgb(113,154,235)	1.9498	2,2
ZNF846	SIX2	-0.58979	48.48	-4.8E-01	rgb(112,153,235)	1.9498	None
ARX	ST8SIA5	-0.58894	48.47	-4.7E-01	rgb(116,156,235)	1.9496	None
EGR3	SSTR5	-0.58894	48.47	-4.7E-01	rgb(116,155,235)	1.9496	None
GATA4	STXBP1	0.58894	48.47	0.47	rgb(222,127,128)	1.9496	None
HSF2	G0S2	-0.58894	48.47	-4.7E-01	rgb(116,155,235)	1.9496	None
MAFF	AK126180	-0.58894	48.47	-4.7E-01	rgb(115,155,235)	1.9496	2,2
NR4A3	NCAM1	0.58894	48.47	0.465	rgb(222,128,129)	1.9496	None
ONECUT1	CTSL2	-0.58894	48.47	-4.7E-01	rgb(115,155,235)	1.9496	2,2
PBX3	TOX3	-0.58894	48.47	-4.7E-01	rgb(114,155,235)	1.9496	None
SIX2	PMP22	-0.58894	48.47	-4.7E-01	rgb(115,155,235)	1.9496	None
SPIB	ATF5	-0.58894	48.47	-4.7E-01	rgb(115,155,235)	1.9496	None
ZBTB25	FW340055	0.58894	48.47	0.47	rgb(222,127,128)	1.9496	2,2
ARX	ACTL6B	-0.58808	48.46	-4.6E-01	rgb(117,156,234)	1.9494	None
ARX	DST	0.58808	48.46	0.46	rgb(222,129,130)	1.9494	None
EGR3	CACNB2	-0.58808	48.46	-4.6E-01	rgb(118,157,234)	1.9494	None
EGR3	ONECUT3	0.58808	48.46	0.455	rgb(222,130,131)	1.9494	None
ELF4	HHEX	0.58808	48.46	0.456	rgb(222,130,131)	1.9494	None
ELF4	UGDH-AS1	-0.58808	48.46	-4.6E-01	rgb(118,157,234)	1.9494	None
ETV1	FXYD1	0.58808	48.46	0.455	rgb(222,130,131)	1.9494	None
ETV1	ZFP28	-0.58808	48.46	-4.6E-01	rgb(116,156,235)	1.9494	None
FOXA2	GABRG2	-0.58808	48.46	-4.6E-01	rgb(118,157,234)	1.9494	None
GATA4	COL22A1	0.58808	48.46	0.459	rgb(222,129,130)	1.9494	None
GATA4	GATA6	0.58808	48.46	0.457	rgb(222,130,131)	1.9494	None
GATA4	MPP1	0.58808	48.46	0.458	rgb(222,129,130)	1.9494	None
MAFB	GPR155	0.58808	48.46	0.461	rgb(222,129,130)	1.9494	None
MAFF	PCED1B-AS1	-0.58808	48.46	-4.6E-01	rgb(117,156,234)	1.9494	None
NHLH1	ARL9	0.58808	48.46	0.458	rgb(222,129,130)	1.9494	None
RORC	EPHA8	0.58808	48.46	0.456	rgb(222,130,131)	1.9494	None
SPIB	LIMS2	0.58808	48.46	0.457	rgb(222,130,131)	1.9494	None
CSRNP3	RSPH10B2	0.58808	48.46	0.462	rgb(222,129,130)	1.9494	2,2
ARX	AK025511	-0.58723	48.45	-4.5E-01	rgb(119,157,234)	1.9492	2,2
ARX	CPT1C	-0.58723	48.45	-4.5E-01	rgb(119,157,234)	1.9492	None
E2F7	FOXA1	-0.58723	48.45	-4.5E-01	rgb(120,158,234)	1.9492	None
ETV1	CRLF1	0.58723	48.45	0.454	rgb(222,130,131)	1.9492	None
ETV1	LOC100131564	-0.58723	48.45	-4.5E-01	rgb(120,158,234)	1.9492	2,2
ETV1	SLC30A4	-0.58723	48.45	-4.5E-01	rgb(120,158,234)	1.9492	None
GATA4	ADCY1	0.58723	48.45	0.449	rgb(222,131,132)	1.9492	None
HLF	BC020343	-0.58723	48.45	-4.5E-01	rgb(119,157,234)	1.9492	2,2
NKX6-1	UTS2B	0.58723	48.45	0.446	rgb(222,132,133)	1.9492	None
ONECUT2	RPL36A-HNRNPH2	-0.58723	48.45	-4.5E-01	rgb(119,157,234)	1.9492	None
RORC	CENPE	-0.58723	48.45	-4.5E-01	rgb(118,157,234)	1.9492	None
SOX4	COL14A1	-0.58723	48.45	-4.5E-01	rgb(118,157,234)	1.9492	None
SPIB	CRMP1	0.58723	48.45	0.449	rgb(222,131,132)	1.9492	None
TEAD2	ABCC4	0.58723	48.45	0.448	rgb(222,132,132)	1.9492	None
TP73	KCNJ11	0.58723	48.45	0.449	rgb(222,131,132)	1.9492	None
ZNF846	NKTR	-0.58723	48.45	-4.5E-01	rgb(120,158,234)	1.9492	None
ARX	PEX5L	-0.58637	48.44	-4.4E-01	rgb(122,159,234)	1.949	None
E2F7	EFCC1	-0.58637	48.44	-4.4E-01	rgb(123,160,234)	1.949	None
ETV1	PRKXP1	-0.58637	48.44	-4.4E-01	rgb(121,159,234)	1.949	None
GATA4	RNF150	0.58637	48.44	0.442	rgb(222,133,133)	1.949	None
GATA4	TFPI2	-0.58637	48.44	-4.4E-01	rgb(121,159,234)	1.949	None
HSF2	FAM71E2	-0.58637	48.44	-4.4E-01	rgb(121,159,234)	1.949	None
LHX1	FAM135B	-0.58637	48.44	-4.4E-01	rgb(122,159,234)	1.949	None
MXI1	SEC11C	0.58637	48.44	0.435	rgb(222,134,135)	1.949	None
NKX6-1	TMEM196	0.58637	48.44	0.436	rgb(222,134,135)	1.949	None
PDX1	GPC2	0.58637	48.44	0.438	rgb(222,133,134)	1.949	None
SIX2	TDRD6	-0.58637	48.44	-4.4E-01	rgb(122,159,234)	1.949	None
ZNF492	MINOS1-NBL1	-0.58637	48.44	-4.4E-01	rgb(121,159,234)	1.949	2,2
CCDC17	AK024092	0.58637	48.44	0.443	rgb(222,132,133)	1.949	2,2
ETS1	LRFN2	-0.58552	48.43	-4.3E-01	rgb(123,160,233)	1.9488	None
GATA4	GRHL3	-0.58552	48.43	-4.3E-01	rgb(124,160,233)	1.9488	None
GATA6	SLC7A4	-0.58552	48.43	-4.3E-01	rgb(123,160,233)	1.9488	None
LHX1	GIP	-0.58552	48.43	-4.3E-01	rgb(123,160,233)	1.9488	None
LMX1B	INSM1	0.58552	48.43	0.433	rgb(222,134,135)	1.9488	None
NFAT5	GADD45G	0.58552	48.43	0.425	rgb(222,136,137)	1.9488	None
NHLH1	IL17C	0.58552	48.43	0.432	rgb(222,134,135)	1.9488	None
PAX4	TPPP3	0.58552	48.43	0.434	rgb(222,134,135)	1.9488	None
SIX2	CACNA2D2	0.58552	48.43	0.429	rgb(222,135,136)	1.9488	None
ZNF846	ZMYM2	0.58552	48.43	0.428	rgb(222,135,136)	1.9488	None
CCDC17	GATA2	0.58552	48.43	0.432	rgb(222,134,135)	1.9488	2,2
ARX	ACBD7	-0.58466	48.42	-4.2E-01	rgb(126,162,233)	1.9486	None
EGR3	ADAM12	0.58466	48.42	0.421	rgb(222,137,137)	1.9486	None
GLIS2	TMEM145	-0.58466	48.42	-4.2E-01	rgb(126,161,233)	1.9486	None
PBX3	CPLX1	0.58466	48.42	0.419	rgb(222,137,138)	1.9486	None
SIX2	TMEM189-UBE2V1	-0.58466	48.42	-4.2E-01	rgb(125,161,233)	1.9486	None
SOX4	SEC11C	-0.58466	48.42	-4.2E-01	rgb(126,162,233)	1.9486	None
SPIB	PGA3	0.58466	48.42	0.425	rgb(222,136,137)	1.9486	None
GRHL3	CR627206	-0.58466	48.42	-4.2E-01	rgb(125,161,233)	1.9486	2,2
EGR3	GPRASP2	0.58381	48.41	0.406	rgb(221,139,140)	1.9484	None
ETS1	HES6	0.58381	48.41	0.406	rgb(221,139,140)	1.9484	None
GATA4	AKNA	0.58381	48.41	0.411	rgb(222,139,139)	1.9484	None
NKX2-2	CAMKV	-0.58381	48.41	-4.1E-01	rgb(127,162,233)	1.9484	None
NKX2-2	DPY19L2	-0.58381	48.41	-4.1E-01	rgb(128,163,233)	1.9484	None
ZNF846	VWCE	0.58381	48.41	0.413	rgb(222,138,139)	1.9484	None
NPAS3	TMEFF1	0.58381	48.41	0.415	rgb(222,138,139)	1.9484	2,2
FOXD4L5	PTPN22	0.58296	48.4	0.404	rgb(221,140,141)	1.9482	None
GATA4	SIDT1	-0.58296	48.4	-4.0E-01	rgb(131,165,232)	1.9482	None
HSF2	DCHS1	-0.58296	48.4	-4.0E-01	rgb(131,164,232)	1.9482	None
NHLH1	RAB26	0.58296	48.4	0.397	rgb(221,141,142)	1.9482	None
PROX1	GPC5-AS1	-0.58296	48.4	-4.0E-01	rgb(129,164,232)	1.9482	2,2
KCNIP3	AK054990	0.58296	48.4	0.402	rgb(221,140,141)	1.9482	2,2
MYSM1	AK055910	0.58296	48.4	0.403	rgb(221,140,141)	1.9482	2,2
NPAS3	GPR119	0.58296	48.4	0.4	rgb(221,141,141)	1.9482	2,2
ARX	ONECUT2	0.5821	48.39	0.388	rgb(221,143,144)	1.948	None
ELF4	LOC731275	-0.5821	48.39	-3.9E-01	rgb(132,165,232)	1.948	2,2
ELF4	SSBP2	0.5821	48.39	0.393	rgb(221,142,143)	1.948	None
GATA4	RAPGEF4	0.5821	48.39	0.391	rgb(221,142,143)	1.948	None
HES6	CR627394	-0.5821	48.39	-3.9E-01	rgb(132,165,232)	1.948	2,2
HSF2	PRELP	0.5821	48.39	0.392	rgb(221,142,143)	1.948	None
PBX3	PAM	-0.5821	48.39	-3.9E-01	rgb(132,165,232)	1.948	None
PRDM16	TCP11X2	-0.5821	48.39	-3.9E-01	rgb(133,166,232)	1.948	2,2
RFX6	RAB39B	0.5821	48.39	0.388	rgb(221,143,144)	1.948	2,2
TFCP2L1	GRIN2C	0.5821	48.39	0.386	rgb(221,143,144)	1.948	None
ZNF846	TEAD2	0.5821	48.39	0.386	rgb(221,143,144)	1.948	None
ARX	MALAT1	0.58125	48.38	0.376	rgb(221,145,146)	1.9478	None
ASCL1	AKNA	-0.58125	48.38	-3.8E-01	rgb(134,167,232)	1.9478	None
ATF5	LOC440434	0.58125	48.38	0.375	rgb(221,145,146)	1.9478	2,2
DPF3	AK125858	0.58125	48.38	0.38	rgb(221,144,145)	1.9478	2,2
HHEX	NFASC	0.58125	48.38	0.385	rgb(221,144,144)	1.9478	None
HSF2	ZFP2	-0.58125	48.38	-3.8E-01	rgb(135,167,231)	1.9478	None
LMX1B	FFAR2	0.58125	48.38	0.385	rgb(221,144,144)	1.9478	None
LMX1B	TMEM45A	-0.58125	48.38	-3.8E-01	rgb(135,167,231)	1.9478	None
MAFF	CADM3	0.58125	48.38	0.379	rgb(221,145,145)	1.9478	None
NKX2-2	CELF5	-0.58125	48.38	-3.8E-01	rgb(135,167,231)	1.9478	None
SIX2	LTBP2	-0.58125	48.38	-3.8E-01	rgb(134,166,232)	1.9478	None
TP73	PITRM1-AS1	-0.58125	48.38	-3.8E-01	rgb(134,167,231)	1.9478	None
ZNF519	ATF7IP	0.58125	48.38	0.385	rgb(221,144,144)	1.9478	None
HIC1	MCOLN3	-0.58039	48.37	-3.7E-01	rgb(136,168,231)	1.9476	None
NKX2-2	BC042825	-0.58039	48.37	-3.7E-01	rgb(136,168,231)	1.9476	2,2
PRDM16	FKBP7	0.58039	48.37	0.373	rgb(221,146,147)	1.9476	None
PRDM16	SPIB	-0.58039	48.37	-3.7E-01	rgb(136,168,231)	1.9476	None
AEBP1	CR627225	-0.58039	48.37	-3.7E-01	rgb(136,168,231)	1.9476	2,2
ETS1	SLC25A27	-0.57954	48.36	-3.6E-01	rgb(140,170,231)	1.9474	None
FEV	SEC11C	0.57954	48.36	0.363	rgb(221,148,148)	1.9474	None
GATA2	MAP2	0.57954	48.36	0.363	rgb(221,148,148)	1.9474	None
GATA4	ATF6	0.57954	48.36	0.36	rgb(221,148,149)	1.9474	None
LMX1B	FAM92B	0.57954	48.36	0.36	rgb(221,148,149)	1.9474	None
MAFB	CRIP2	-0.57954	48.36	-3.6E-01	rgb(139,169,231)	1.9474	None
TEAD1	COL22A1	-0.57954	48.36	-3.6E-01	rgb(139,170,231)	1.9474	None
ZFHX2	USH1G	0.57954	48.36	0.364	rgb(221,147,148)	1.9474	None
ZNF492	MFAP2	-0.57954	48.36	-3.6E-01	rgb(140,170,231)	1.9474	2,2
CCDC17	FFAR1	0.57954	48.36	0.363	rgb(221,148,148)	1.9474	2,2
ZFP2	LOC100216546	-0.57954	48.36	-3.6E-01	rgb(140,170,231)	1.9474	2,2
ARX	CEND1	-0.57868	48.35	-3.5E-01	rgb(141,171,230)	1.9472	None
EGR3	CAMK2N2	0.57868	48.35	0.347	rgb(221,151,151)	1.9472	None
ETS1	GPR148	-0.57868	48.35	-3.5E-01	rgb(140,170,230)	1.9472	None
GATA4	COL16A1	-0.57868	48.35	-3.5E-01	rgb(142,171,230)	1.9472	None
HMBOX1	COL14A1	0.57868	48.35	0.35	rgb(221,150,151)	1.9472	None
LMX1A	AK095242	-0.57868	48.35	-3.5E-01	rgb(142,171,230)	1.9472	2,2
TEAD1	SGSM1	-0.57868	48.35	-3.5E-01	rgb(141,171,230)	1.9472	None
AKNA	KIAA0931	-0.57868	48.35	-3.5E-01	rgb(140,170,230)	1.9472	2,2
MYSM1	AK130076	0.57868	48.35	0.35	rgb(221,150,151)	1.9472	2,2
ETS1	HMBOX1	-0.57783	48.34	-3.4E-01	rgb(143,172,230)	1.947	None
FOXA2	BCAT1	0.57783	48.34	0.339	rgb(221,152,153)	1.947	None
HIF1A	HSF2	-0.57783	48.34	-3.4E-01	rgb(143,172,230)	1.947	None
HSF2	GATA4	-0.57783	48.34	-3.4E-01	rgb(143,172,230)	1.947	None
LMX1B	ST6GALNAC5	0.57783	48.34	0.342	rgb(221,152,152)	1.947	None
MAFA	GIP	0.57783	48.34	0.337	rgb(221,153,153)	1.947	None
MYRF	TPGS1	0.57783	48.34	0.338	rgb(221,152,153)	1.947	None
NKX2-2	MAP9	-0.57783	48.34	-3.4E-01	rgb(143,172,230)	1.947	None
NKX2-2	PAM	0.57783	48.34	0.339	rgb(221,152,153)	1.947	None
SPIB	POU6F1	0.57783	48.34	0.338	rgb(221,152,153)	1.947	None
ZFP28	H1FX-AS1	-0.57783	48.34	-3.4E-01	rgb(144,172,230)	1.947	None
ZNF846	RCOR3	-0.57783	48.34	-3.4E-01	rgb(143,172,230)	1.947	None
SIM1	BEX1	0.57783	48.34	0.342	rgb(221,152,152)	1.947	2,2
SIM1	ECEL1	0.57783	48.34	0.343	rgb(221,151,152)	1.947	2,2
ZNF788	CCDC17	0.57783	48.34	0.338	rgb(221,152,153)	1.947	2,2
ATF5	MUC17	0.57698	48.33	0.326	rgb(221,155,155)	1.9468	None
GATA4	DPP10	0.57698	48.33	0.325	rgb(221,155,156)	1.9468	None
PDX1	RAB26	-0.57698	48.33	-3.3E-01	rgb(144,173,230)	1.9468	None
RFX2	GDAP1	0.57698	48.33	0.333	rgb(221,153,154)	1.9468	None
SPIB	FRMPD4	0.57698	48.33	0.331	rgb(221,154,154)	1.9468	None
ZNF846	MATN2	0.57698	48.33	0.331	rgb(221,154,154)	1.9468	None
ZBTB25	CATSPER2	0.57698	48.33	0.325	rgb(221,155,155)	1.9468	2,2
ARX	GAL	0.57612	48.32	0.316	rgb(220,157,157)	1.9466	None
DPF3	LIMS2	-0.57612	48.32	-3.2E-01	rgb(147,174,229)	1.9466	None
EGR3	INSRR	-0.57612	48.32	-3.2E-01	rgb(149,175,229)	1.9466	None
ELF4	CHST10	-0.57612	48.32	-3.2E-01	rgb(147,174,229)	1.9466	None
ETV1	CACNA1G	0.57612	48.32	0.324	rgb(221,155,156)	1.9466	None
FOXD4L5	CHGB	0.57612	48.32	0.321	rgb(221,156,156)	1.9466	None
FOXD4L5	FRMPD4	0.57612	48.32	0.321	rgb(221,156,156)	1.9466	None
GATA2	TMEM200A	0.57612	48.32	0.317	rgb(220,156,157)	1.9466	None
HHEX	DQ583756	0.57612	48.32	0.323	rgb(221,155,156)	1.9466	2,2
HSF2	FIGNL2	-0.57612	48.32	-3.2E-01	rgb(147,175,229)	1.9466	None
ONECUT2	CATSPERB	0.57612	48.32	0.322	rgb(221,155,156)	1.9466	None
PRDM16	CALCOCO1	0.57612	48.32	0.321	rgb(221,156,156)	1.9466	None
ZNF519	TEKT2	0.57612	48.32	0.321	rgb(221,156,156)	1.9466	None
ZNF846	C2CD4A	0.57612	48.32	0.317	rgb(220,157,157)	1.9466	None
ZNF117	MARCH1	0.57612	48.32	0.32	rgb(221,156,156)	1.9466	2,2
GATA2	PCED1B-AS1	0.57527	48.31	0.311	rgb(220,158,158)	1.9464	None
GATA4	PROX1	-0.57527	48.31	-3.1E-01	rgb(150,176,229)	1.9464	None
GATA6	PLTP	-0.57527	48.31	-3.1E-01	rgb(150,176,229)	1.9464	None
MAFB	ASCL2	-0.57527	48.31	-3.1E-01	rgb(150,176,229)	1.9464	None
NEUROG3	AVPR1B	0.57527	48.31	0.311	rgb(220,158,158)	1.9464	None
TEAD1	ACE	0.57527	48.31	0.305	rgb(220,159,159)	1.9464	None
ELF4	HSPB7	-0.57441	48.3	-3.0E-01	rgb(153,178,228)	1.9462	None
GATA2	PLEKHB1	-0.57441	48.3	-3.0E-01	rgb(151,177,228)	1.9462	None
HSF2	AKT3	-0.57441	48.3	-3.0E-01	rgb(152,177,228)	1.9462	None
HSF2	CDK5R1	-0.57441	48.3	-3.0E-01	rgb(152,178,228)	1.9462	None
ST18	TRAM1L1	-0.57441	48.3	-3.0E-01	rgb(151,177,228)	1.9462	2,2
TFCP2L1	KCNB2	0.57441	48.3	0.298	rgb(220,160,161)	1.9462	None
TFCP2L1	SERPINI1	0.57441	48.3	0.302	rgb(220,159,160)	1.9462	None
SIM1	LINC00907	0.57441	48.3	0.302	rgb(220,159,160)	1.9462	2,2
ATF6	GFRA1	0.57356	48.29	0.29	rgb(220,162,162)	1.946	None
MYRF	AX746823	-0.57356	48.29	-2.9E-01	rgb(155,179,228)	1.946	2,2
SIX2	NREP	-0.57356	48.29	-2.9E-01	rgb(153,178,228)	1.946	None
TEAD1	TMEM169	-0.57356	48.29	-2.9E-01	rgb(155,179,228)	1.946	None
ZNF846	LRP2BP	-0.57356	48.29	-2.9E-01	rgb(153,178,228)	1.946	None
ZNF518A	BC073807	0.57356	48.29	0.289	rgb(220,162,162)	1.946	2,2
DPF3	ZNF492	0.57271	48.28	0.279	rgb(220,164,164)	1.9458	2,2
HSF2	GRIN1	-0.57271	48.28	-2.8E-01	rgb(156,180,228)	1.9458	None
ONECUT2	ARL4D	-0.57271	48.28	-2.8E-01	rgb(156,180,228)	1.9458	None
PBX3	CNTD2	0.57271	48.28	0.28	rgb(220,163,164)	1.9458	None
SPIB	TFF2	0.57271	48.28	0.277	rgb(220,164,165)	1.9458	None
TEAD1	JMJD7-PLA2G4B	0.57271	48.28	0.283	rgb(220,163,164)	1.9458	None
ZNF846	NOTUM	0.57271	48.28	0.28	rgb(220,164,164)	1.9458	None
ARNT2	BASP1	-0.57185	48.27	-2.7E-01	rgb(158,181,227)	1.9456	None
ETS1	BC041347	-0.57185	48.27	-2.7E-01	rgb(158,181,227)	1.9456	2,2
LHX1	ZFP82	-0.57185	48.27	-2.7E-01	rgb(159,182,227)	1.9456	None
LMX1B	CNTD2	0.57185	48.27	0.268	rgb(220,166,166)	1.9456	None
MYRF	TMOD1	0.57185	48.27	0.265	rgb(220,166,167)	1.9456	None
POU5F1	KCNK17	0.57185	48.27	0.275	rgb(220,164,165)	1.9456	None
MYT1	LOC388849	0.57185	48.27	0.266	rgb(220,166,167)	1.9456	2,2
GATA4	BAMBI	0.571	48.26	0.264	rgb(220,167,167)	1.9454	None
GATA4	FAM167A	-0.571	48.26	-2.6E-01	rgb(161,183,227)	1.9454	None
LMX1B	LRRC49	0.571	48.26	0.261	rgb(220,167,168)	1.9454	None
PBX3	GNG4	0.571	48.26	0.263	rgb(220,167,167)	1.9454	None
SIX2	SERPINI1	-0.571	48.26	-2.6E-01	rgb(160,182,227)	1.9454	None
ZNF117	GOLGA6L4	0.571	48.26	0.256	rgb(220,168,169)	1.9454	2,2
E2F7	RGS11	-0.57014	48.25	-2.5E-01	rgb(162,183,227)	1.9452	None
ELF4	TGIF2	-0.57014	48.25	-2.5E-01	rgb(162,183,227)	1.9452	None
GATA4	NDRG4	0.57014	48.25	0.25	rgb(220,169,170)	1.9452	None
HSF2	SULT1C2P1	0.57014	48.25	0.25	rgb(220,169,170)	1.9452	None
NEUROG3	AMER3	0.57014	48.25	0.254	rgb(220,169,169)	1.9452	None
NFAT5	EGR3	-0.57014	48.25	-2.5E-01	rgb(163,184,226)	1.9452	None
NFAT5	FAM153A	-0.57014	48.25	-2.5E-01	rgb(163,184,226)	1.9452	2,2
PAX6	NUP210	0.57014	48.25	0.249	rgb(220,169,170)	1.9452	None
PLAG1	ZFP2	0.57014	48.25	0.253	rgb(220,169,169)	1.9452	None
MYT1	GPR83	0.57014	48.25	0.255	rgb(220,168,169)	1.9452	2,2
EGR3	NHLH1	0.56929	48.24	0.236	rgb(220,172,172)	1.945	None
GATA4	MMP2	-0.56929	48.24	-2.4E-01	rgb(165,185,226)	1.945	None
LHX1	FJX1	-0.56929	48.24	-2.4E-01	rgb(165,185,226)	1.945	None
ONECUT3	GPRIN3	-0.56929	48.24	-2.4E-01	rgb(166,186,226)	1.945	None
ZFHX2	CTPS1	-0.56929	48.24	-2.4E-01	rgb(165,186,226)	1.945	None
FOXD4L5	FTCD	0.56843	48.23	0.23	rgb(220,173,173)	1.9448	None
LHX1	DPEP1	-0.56843	48.23	-2.3E-01	rgb(168,187,226)	1.9448	None
NEUROG3	OR51E1	0.56843	48.23	0.235	rgb(220,172,173)	1.9448	None
ASCL1	NPPB	0.56758	48.22	0.224	rgb(219,174,175)	1.9446	None
ETS1	SYT14	-0.56758	48.22	-2.2E-01	rgb(169,188,225)	1.9446	None
NFAT5	CCDC162P	0.56758	48.22	0.221	rgb(219,175,175)	1.9446	None
SPIB	LRRC37A	-0.56758	48.22	-2.2E-01	rgb(169,188,225)	1.9446	None
MAFB	FTCD	-0.56673	48.21	-2.1E-01	rgb(172,190,225)	1.9444	None
TGIF2	COLQ	0.56673	48.21	0.208	rgb(219,177,178)	1.9444	None
ASCL2	CLSPN	-0.56587	48.2	-2.0E-01	rgb(174,191,225)	1.9442	None
FEV	LRP1B	0.56587	48.2	0.195	rgb(219,180,180)	1.9442	None
HIC1	STXBP5L	-0.56587	48.2	-2.0E-01	rgb(174,191,224)	1.9442	None
LMX1B	LEFTY1	0.56587	48.2	0.201	rgb(219,179,179)	1.9442	None
MAFA	TMEFF1	-0.56587	48.2	-2.0E-01	rgb(175,191,224)	1.9442	None
PRDM16	RGS17	-0.56587	48.2	-2.0E-01	rgb(173,190,225)	1.9442	None
SMAD9	LRRN2	0.56587	48.2	0.197	rgb(219,179,180)	1.9442	None
SIM1	GRAMD2	0.56587	48.2	0.199	rgb(219,179,179)	1.9442	2,2
HIF1A	ASCL2	0.56502	48.19	0.194	rgb(219,180,180)	1.944	None
NEUROG3	CXXC4	0.56502	48.19	0.192	rgb(219,180,181)	1.944	None
PDX1	USP41	0.56502	48.19	0.19	rgb(219,181,181)	1.944	None
KCNIP3	LOC100216479	0.56502	48.19	0.189	rgb(219,181,181)	1.944	2,2
ARX	HMBOX1	0.56416	48.18	0.18	rgb(219,183,183)	1.9438	None
ETV1	IL17C	-0.56416	48.18	-1.8E-01	rgb(177,193,224)	1.9438	None
FOXA1	TTBK1	0.56416	48.18	0.176	rgb(219,183,184)	1.9438	None
HIF1A	CNGA3	-0.56416	48.18	-1.8E-01	rgb(177,193,224)	1.9438	None
MYRF	LOC731275	-0.56416	48.18	-1.8E-01	rgb(179,194,224)	1.9438	2,2
NEUROD2	TMEM8C	0.56416	48.18	0.177	rgb(219,183,184)	1.9438	2,2
NEUROG3	COL22A1	0.56416	48.18	0.179	rgb(219,183,183)	1.9438	None
NKX2-2	PNISR	-0.56416	48.18	-1.8E-01	rgb(179,194,224)	1.9438	None
ONECUT3	GPBAR1	0.56416	48.18	0.177	rgb(219,183,184)	1.9438	None
TFCP2L1	FSD1	0.56416	48.18	0.182	rgb(219,182,183)	1.9438	None
MAFA	LINC00939	0.56331	48.17	0.17	rgb(219,185,185)	1.9436	None
PLAG1	SLC6A17	-0.56331	48.17	-1.7E-01	rgb(180,195,223)	1.9436	None
TEAD1	GPR112	-0.56331	48.17	-1.7E-01	rgb(181,195,223)	1.9436	2,2
ZFP69B	ISLR2	0.56331	48.17	0.165	rgb(219,185,186)	1.9436	None
ZNF492	CXXC4	-0.56331	48.17	-1.7E-01	rgb(179,194,224)	1.9436	None
EGR3	GDF11	0.56246	48.16	0.156	rgb(219,187,187)	1.9434	None
ETV1	HCP5	0.56246	48.16	0.161	rgb(219,186,187)	1.9434	None
ETV1	HSPA6	-0.56246	48.16	-1.6E-01	rgb(183,196,223)	1.9434	None
FOXA2	FER1L6-AS1	-0.56246	48.16	-1.6E-01	rgb(182,195,223)	1.9434	None
LHX1	FAM126A	-0.56246	48.16	-1.6E-01	rgb(182,196,223)	1.9434	None
LHX1	RSAD2	0.5616	48.15	0.152	rgb(219,188,188)	1.9432	None
MAFF	SULT2A1	0.5616	48.15	0.152	rgb(219,188,188)	1.9432	None
SPIB	LHX1	-0.5616	48.15	-1.5E-01	rgb(184,197,223)	1.9432	None
SPIB	PTPN22	-0.5616	48.15	-1.5E-01	rgb(185,197,223)	1.9432	None
ZNF382	ATP1A3	-0.5616	48.15	-1.5E-01	rgb(184,197,223)	1.9432	None
ASCL1	KCNN3	-0.56075	48.14	-1.4E-01	rgb(186,198,222)	1.943	None
ETV1	CACNG7	0.56075	48.14	0.141	rgb(219,190,190)	1.943	None
PRDM16	SH3BP5-AS1	-0.56075	48.14	-1.4E-01	rgb(186,198,222)	1.943	None
SIX2	TMEM196	-0.56075	48.14	-1.4E-01	rgb(187,199,222)	1.943	None
MYT1	PCDHB9	0.56075	48.14	0.141	rgb(219,190,190)	1.943	2,2
ARX	PTPN22	0.55989	48.13	0.134	rgb(218,191,192)	1.9428	None
NKX6-1	NPAS3	0.55989	48.13	0.129	rgb(218,192,193)	1.9428	None
ONECUT2	HNF1A-AS1	0.55989	48.13	0.131	rgb(218,192,192)	1.9428	None
ONECUT2	TAGLN3	-0.55989	48.13	-1.3E-01	rgb(189,200,222)	1.9428	None
SMAD9	ACE	0.55989	48.13	0.131	rgb(218,192,192)	1.9428	None
PBX3	ARHGAP33	0.55904	48.12	0.118	rgb(218,194,195)	1.9426	None
MYT1	HMP19	0.55904	48.12	0.124	rgb(218,193,194)	1.9426	2,2
ETS1	NHLH1	0.55818	48.11	0.11	rgb(218,196,196)	1.9424	None
ETV1	TMEFF1	0.55818	48.11	0.114	rgb(218,195,195)	1.9424	None
GATA4	CAMK1	-0.55818	48.11	-1.1E-01	rgb(192,202,221)	1.9424	None
HSF2	ACSL6	0.55818	48.11	0.107	rgb(218,197,197)	1.9424	None
MAFB	NFRKB	0.55818	48.11	0.111	rgb(218,196,196)	1.9424	None
PBX3	ASRGL1	-0.55818	48.11	-1.1E-01	rgb(193,203,221)	1.9424	None
SOX4	ADNP	0.55733	48.09	0.094	rgb(218,199,199)	1.942	None
MAFB	NPY	-0.55648	48.08	-8.1E-02	rgb(199,206,220)	1.9418	None
ASCL2	ACTN3	0.55562	48.06	0.062	rgb(218,205,205)	1.9414	None
HSF2	IRF2BP1	0.55562	48.06	0.058	rgb(218,206,206)	1.9414	None
PDX1	REM2	-0.55562	48.06	-6.4E-02	rgb(203,209,219)	1.9414	None
ASCL1	KCNF1	0.55477	48.05	0.052	rgb(218,207,207)	1.9412	None
ETV1	TTC25	0.55477	48.05	0.055	rgb(218,207,207)	1.9412	None
ASCL2	NPPB	0.55391	48.03	0.027	rgb(217,212,212)	1.9408	None
EGR3	NPY	0.55391	48.03	0.031	rgb(217,211,211)	1.9408	None
PRDM16	CLSTN2	-0.55306	48.02	-2.5E-02	rgb(212,214,218)	1.9406	None
LHX1	SLC7A4	-0.55221	48.01	-1.0E-02	rgb(215,216,217)	1.9404	None
SMAD9	KCNK17	-0.55221	48.01	-1.2E-02	rgb(214,215,217)	1.9404	None
SETBP1	SMA5	0.55221	48.01	0.008	rgb(217,215,215)	1.9404	2,2
ZNF514	FAM157A	0.55135	47.96	0.957	rgb(228, 34, 36)	1.9394	2,2
EGR3	FCAMR	-0.55063	47.93	-9.3E-01	rgb( 16, 94,252)	1.9388	None
ZBTB4	FAM157A	0.54992	47.91	0.906	rgb(227, 44, 46)	1.9384	2,2
ZNF117	ABCC9	0.54992	47.91	0.905	rgb(227, 44, 46)	1.9384	2,2
SOX4	ZMYM2	0.5492	47.89	0.887	rgb(227, 48, 49)	1.938	None
FOXD4L5	ANK2	0.54848	47.88	0.875	rgb(227, 50, 52)	1.9378	None
SPIB	TRIM66	-0.54848	47.88	-8.8E-01	rgb( 25,100,251)	1.9378	None
FOXA1	NEK10	0.54777	47.86	0.862	rgb(226, 52, 54)	1.9374	None
FOXD4L5	LDB1	-0.54777	47.86	-8.6E-01	rgb( 30,103,250)	1.9374	None
PAX6	TRIM66	-0.54777	47.86	-8.6E-01	rgb( 30,103,250)	1.9374	None
RORC	MIR137HG	-0.54777	47.86	-8.6E-01	rgb( 31,104,250)	1.9374	None
ZNF883	AX747264	-0.54777	47.86	-8.6E-01	rgb( 31,104,250)	1.9374	2,2
RORC	SERTAD1	0.54705	47.85	0.851	rgb(226, 54, 56)	1.9372	None
ZNF117	AK057596	0.54705	47.85	0.845	rgb(226, 56, 57)	1.9372	2,2
FOXA1	STXBP5L	0.54633	47.84	0.841	rgb(226, 56, 58)	1.937	None
HSF2	MYRF	-0.54633	47.84	-8.4E-01	rgb( 34,106,249)	1.937	None
ASCL1	HLF	0.54562	47.83	0.831	rgb(226, 58, 60)	1.9368	None
ASCL2	FAM171A2	0.54562	47.83	0.83	rgb(226, 59, 60)	1.9368	None
FOXA1	EMB	-0.54562	47.83	-8.3E-01	rgb( 36,107,249)	1.9368	None
ZNF514	N4BP2L2-IT2	0.54562	47.83	0.832	rgb(226, 58, 60)	1.9368	2,2
NEUROG3	RYBP	0.5449	47.82	0.817	rgb(226, 61, 63)	1.9366	None
PDX1	CLSPN	-0.5449	47.82	-8.2E-01	rgb( 39,109,248)	1.9366	None
RORC	ZDHHC8P1	-0.5449	47.82	-8.2E-01	rgb( 38,108,248)	1.9366	None
SPIB	LOC399715	0.5449	47.82	0.825	rgb(226, 60, 61)	1.9366	2,2
FEV	FCAMR	-0.54418	47.81	-8.1E-01	rgb( 41,110,248)	1.9364	None
HSF2	PTPRT	-0.54347	47.8	-8.0E-01	rgb( 43,111,247)	1.9362	None
MAFB	KRT4	-0.54347	47.8	-8.0E-01	rgb( 44,112,247)	1.9362	None
ONECUT3	DZIP1	0.54347	47.8	0.795	rgb(226, 65, 67)	1.9362	None
TEAD2	PPP1R14A	-0.54347	47.8	-8.0E-01	rgb( 44,112,247)	1.9362	None
ZNF846	ECE2	0.54275	47.79	0.787	rgb(226, 67, 68)	1.936	None
MAFB	PTCH1	0.54203	47.78	0.784	rgb(226, 67, 69)	1.9358	None
ARNT2	UNC79	-0.54131	47.77	-7.7E-01	rgb( 49,115,246)	1.9356	None
HSF2	NAT14	-0.54131	47.77	-7.7E-01	rgb( 51,116,246)	1.9356	None
MAFA	SNAP25	0.54131	47.77	0.767	rgb(225, 70, 72)	1.9356	None
MAFB	FCAMR	0.54131	47.77	0.771	rgb(225, 70, 71)	1.9356	None
MAFB	SVOP	-0.54131	47.77	-7.7E-01	rgb( 49,115,246)	1.9356	None
ZFHX2	SCUBE3	-0.54131	47.77	-7.7E-01	rgb( 49,115,246)	1.9356	None
FOXD4L5	CERKL	0.5406	47.76	0.762	rgb(225, 72, 73)	1.9354	None
NEUROG3	LONRF2	0.5406	47.76	0.755	rgb(225, 73, 74)	1.9354	None
ONECUT2	ANKS1B	-0.5406	47.76	-7.6E-01	rgb( 52,117,246)	1.9354	None
RFX3	MAGEA5	-0.5406	47.76	-7.6E-01	rgb( 52,117,246)	1.9354	2,2
RFX3	PRR7	0.5406	47.76	0.757	rgb(225, 72, 74)	1.9354	None
RFX6	SLC35F3	0.5406	47.76	0.758	rgb(225, 72, 74)	1.9354	None
SIX2	RAB3C	0.5406	47.76	0.759	rgb(225, 72, 73)	1.9354	None
SPIB	SULT2A1	0.5406	47.76	0.756	rgb(225, 73, 74)	1.9354	None
ZNF514	AX748371	0.5406	47.76	0.764	rgb(225, 71, 73)	1.9354	2,2
ETS1	CACNA1A	-0.53988	47.75	-7.5E-01	rgb( 54,118,245)	1.9352	None
FOXD4L5	DPYSL3	-0.53988	47.75	-7.5E-01	rgb( 55,118,245)	1.9352	None
LHX1	DOK6	-0.53988	47.75	-7.5E-01	rgb( 54,118,246)	1.9352	None
NFAT5	LAPTM5	0.53988	47.75	0.753	rgb(225, 73, 75)	1.9352	None
PAX4	FAM92B	-0.53988	47.75	-7.5E-01	rgb( 55,119,245)	1.9352	None
PDX1	CALY	-0.53988	47.75	-7.5E-01	rgb( 54,118,246)	1.9352	None
RORC	NKAIN1	0.53988	47.75	0.752	rgb(225, 73, 75)	1.9352	None
ZFP82	NPAS3	-0.53988	47.75	-7.5E-01	rgb( 54,118,245)	1.9352	None
MYT1	AX747090	0.53988	47.75	0.747	rgb(225, 74, 76)	1.9352	2,2
MAFB	LMO3	-0.53916	47.74	-7.4E-01	rgb( 56,119,245)	1.935	None
PLAG1	SPTBN4	-0.53916	47.74	-7.4E-01	rgb( 56,119,245)	1.935	None
HSF2	KCNJ2	-0.53845	47.73	-7.3E-01	rgb( 58,120,245)	1.9348	None
ISL1	IRF2BP1	-0.53845	47.73	-7.3E-01	rgb( 58,120,245)	1.9348	None
MAFA	SPARC	-0.53845	47.73	-7.3E-01	rgb( 58,120,245)	1.9348	None
NKX2-2	DNLZ	0.53845	47.73	0.732	rgb(225, 77, 79)	1.9348	None
PRDM16	PRR5-ARHGAP8	-0.53845	47.73	-7.3E-01	rgb( 60,121,245)	1.9348	None
PROX1	LINC00202-1	0.53845	47.73	0.732	rgb(225, 77, 79)	1.9348	2,2
SIX2	BAMBI	-0.53845	47.73	-7.3E-01	rgb( 58,120,245)	1.9348	None
SIX2	FAM161A	0.53845	47.73	0.725	rgb(225, 78, 80)	1.9348	None
TEAD2	CNIH2	-0.53845	47.73	-7.3E-01	rgb( 58,120,245)	1.9348	None
ZFP28	AK125727	-0.53845	47.73	-7.3E-01	rgb( 58,120,245)	1.9348	2,2
ETS1	MALAT1	-0.53773	47.72	-7.2E-01	rgb( 61,122,244)	1.9346	None
HMBOX1	SYT2	-0.53773	47.72	-7.2E-01	rgb( 62,123,244)	1.9346	None
INSM1	SNED1	0.53773	47.72	0.723	rgb(225, 79, 80)	1.9346	None
ONECUT3	HECW2	-0.53773	47.72	-7.2E-01	rgb( 60,122,244)	1.9346	None
PBX3	ACBD7	0.53773	47.72	0.717	rgb(225, 80, 81)	1.9346	None
RFX2	NACAD	0.53773	47.72	0.72	rgb(225, 80, 81)	1.9346	None
E2F7	STMN3	-0.53701	47.71	-7.1E-01	rgb( 63,123,244)	1.9344	None
HHEX	LOC149134	0.53701	47.71	0.71	rgb(225, 81, 83)	1.9344	2,2
PDX1	RPRML	0.53701	47.71	0.712	rgb(225, 81, 82)	1.9344	None
RORC	PRKCG	-0.53701	47.71	-7.1E-01	rgb( 62,123,244)	1.9344	None
SOX4	TUBB3	0.53701	47.71	0.707	rgb(225, 82, 83)	1.9344	None
TEAD2	KIAA1456	-0.53701	47.71	-7.1E-01	rgb( 63,123,244)	1.9344	2,2
ZNF519	LQFBS-1	-0.53701	47.71	-7.1E-01	rgb( 62,123,244)	1.9344	2,2
ZNF846	BC005905	-0.53701	47.71	-7.1E-01	rgb( 64,124,244)	1.9344	2,2
ZNF846	SPDYA	-0.53701	47.71	-7.1E-01	rgb( 63,123,244)	1.9344	None
CCDC17	TAS2R20	0.53701	47.71	0.706	rgb(225, 82, 84)	1.9344	2,2
ONECUT3	PEX5L	0.5363	47.7	0.696	rgb(225, 84, 86)	1.9342	None
SOX4	RET	-0.5363	47.7	-7.0E-01	rgb( 65,125,244)	1.9342	None
ZFP28	CERKL	-0.5363	47.7	-7.0E-01	rgb( 66,125,244)	1.9342	None
ZNF846	COL21A1	0.5363	47.7	0.698	rgb(225, 84, 85)	1.9342	None
AKNA	AK025664	-0.5363	47.7	-7.0E-01	rgb( 64,124,244)	1.9342	2,2
EGR3	MAPK8IP1	0.53558	47.69	0.689	rgb(225, 85, 87)	1.934	None
ELF4	WDR17	-0.53558	47.69	-6.9E-01	rgb( 68,126,243)	1.934	None
FEV	IFIT1	0.53558	47.69	0.689	rgb(225, 85, 87)	1.934	None
HLF	DLC1	0.53558	47.69	0.691	rgb(225, 85, 86)	1.934	None
PAX6	ASIC4	-0.53558	47.69	-6.9E-01	rgb( 67,126,243)	1.934	None
SPIB	PLAC4	-0.53558	47.69	-6.9E-01	rgb( 67,126,243)	1.934	None
ELF4	MAFA	0.53486	47.68	0.682	rgb(225, 87, 88)	1.9338	None
ETS1	DLG2	-0.53486	47.68	-6.8E-01	rgb( 70,127,243)	1.9338	None
ETS1	PTPRN	-0.53486	47.68	-6.8E-01	rgb( 69,127,243)	1.9338	None
ETV1	GFRA1	0.53486	47.68	0.678	rgb(224, 88, 89)	1.9338	None
LMX1A	LIMCH1	-0.53486	47.68	-6.8E-01	rgb( 69,127,243)	1.9338	None
TEAD1	LCP1	-0.53486	47.68	-6.8E-01	rgb( 68,127,243)	1.9338	None
MAFB	NKD1	0.53415	47.67	0.672	rgb(224, 89, 90)	1.9336	None
ONECUT1	ABCA9	0.53415	47.67	0.668	rgb(224, 89, 91)	1.9336	None
RFX6	FAM171A2	0.53415	47.67	0.671	rgb(224, 89, 90)	1.9336	None
TFCP2L1	PMP22	0.53415	47.67	0.674	rgb(224, 88, 90)	1.9336	None
TGIF2	SLC18A1	0.53415	47.67	0.675	rgb(224, 88, 89)	1.9336	None
TGIF2	SLC38A5	-0.53415	47.67	-6.7E-01	rgb( 72,129,242)	1.9336	None
ZNF883	NBPF10	0.53415	47.67	0.668	rgb(224, 90, 91)	1.9336	2,2
ZNF117	AK023417	0.53415	47.67	0.67	rgb(224, 89, 90)	1.9336	2,2
FOXP2	SCN2A	-0.53343	47.66	-6.6E-01	rgb( 74,130,242)	1.9334	None
HIF1A	ETV1	-0.53343	47.66	-6.6E-01	rgb( 74,130,242)	1.9334	None
MAFB	PMFBP1	0.53343	47.66	0.661	rgb(224, 91, 92)	1.9334	None
MYRF	ACSS3	0.53343	47.66	0.66	rgb(224, 91, 92)	1.9334	None
NKX6-1	TSIX	0.53343	47.66	0.664	rgb(224, 90, 92)	1.9334	2,2
ONECUT3	DNAJC12	0.53343	47.66	0.658	rgb(224, 91, 93)	1.9334	None
RORC	MANEAL	-0.53343	47.66	-6.6E-01	rgb( 75,130,242)	1.9334	None
ARX	PDGFD	0.53271	47.65	0.651	rgb(224, 93, 94)	1.9332	None
ETV1	SPAG8	-0.53271	47.65	-6.5E-01	rgb( 75,131,242)	1.9332	None
FEV	HMBOX1	-0.53271	47.65	-6.5E-01	rgb( 77,132,242)	1.9332	None
FOXA1	CRIP2	0.53271	47.65	0.654	rgb(224, 92, 93)	1.9332	None
INSM1	AX747516	0.53271	47.65	0.651	rgb(224, 93, 94)	1.9332	2,2
NR4A2	MXI1	0.53271	47.65	0.649	rgb(224, 93, 94)	1.9332	None
PBX3	TNFSF14	-0.53271	47.65	-6.5E-01	rgb( 76,131,242)	1.9332	2,2
DPF3	AK090700	0.532	47.64	0.642	rgb(224, 94, 96)	1.933	2,2
E2F7	APBB1	-0.532	47.64	-6.4E-01	rgb( 79,133,241)	1.933	None
GATA2	TFPI2	0.532	47.64	0.644	rgb(224, 94, 95)	1.933	None
HMBOX1	ATOH8	-0.532	47.64	-6.4E-01	rgb( 78,132,241)	1.933	None
MAFB	BLMH	-0.532	47.64	-6.4E-01	rgb( 79,133,241)	1.933	None
PBX3	IL11	-0.532	47.64	-6.4E-01	rgb( 77,132,241)	1.933	2,2
PBX3	POU5F1	0.532	47.64	0.638	rgb(224, 95, 96)	1.933	None
PDX1	MUC17	0.532	47.64	0.635	rgb(224, 96, 97)	1.933	None
PLAG1	CD70	-0.532	47.64	-6.4E-01	rgb( 77,132,241)	1.933	None
RFX2	GPR142	0.532	47.64	0.643	rgb(224, 94, 96)	1.933	None
ETS1	LINC00894	-0.53128	47.63	-6.3E-01	rgb( 79,133,241)	1.9328	None
ETV1	FCGBP	-0.53128	47.63	-6.3E-01	rgb( 81,134,241)	1.9328	None
FOXA1	ADAMTSL1	0.53128	47.63	0.635	rgb(224, 96, 97)	1.9328	None
FOXA1	HAP1	0.53128	47.63	0.634	rgb(224, 96, 97)	1.9328	None
FOXD4L5	GAN	0.53128	47.63	0.632	rgb(224, 96, 98)	1.9328	None
HHEX	MPPED1	0.53128	47.63	0.631	rgb(224, 97, 98)	1.9328	2,2
MAFA	NPTX1	-0.53128	47.63	-6.3E-01	rgb( 81,134,241)	1.9328	None
NKX6-1	GFRA3	0.53128	47.63	0.634	rgb(224, 96, 97)	1.9328	None
PDX1	HIF1A	0.53128	47.63	0.629	rgb(224, 97, 98)	1.9328	None
SPIB	ZNF514	-0.53128	47.63	-6.3E-01	rgb( 80,134,241)	1.9328	None
MYT1	FFAR3	0.53128	47.63	0.631	rgb(224, 96, 98)	1.9328	2,2
EGR3	DNAH11	0.53056	47.62	0.623	rgb(224, 98, 99)	1.9326	None
ELF4	LIMS2	0.53056	47.62	0.621	rgb(224, 98,100)	1.9326	None
FOXJ1	KLHL35	-0.53056	47.62	-6.2E-01	rgb( 83,136,240)	1.9326	None
HSF2	SFMBT2	0.53056	47.62	0.616	rgb(224, 99,100)	1.9326	None
ZNF382	RBP2	0.53056	47.62	0.62	rgb(224, 99,100)	1.9326	None
ARX	DKK3	0.52984	47.61	0.614	rgb(224,100,101)	1.9324	None
HSF2	CBFA2T3	0.52984	47.61	0.614	rgb(224,100,101)	1.9324	None
LHX1	LOC100506585	0.52984	47.61	0.605	rgb(224,101,103)	1.9324	2,2
MAFF	KIAA1817	-0.52984	47.61	-6.1E-01	rgb( 85,137,240)	1.9324	2,2
PBX3	LRRTM3	-0.52984	47.61	-6.1E-01	rgb( 84,136,240)	1.9324	2,2
PDX1	NTRK2	0.52984	47.61	0.606	rgb(224,101,103)	1.9324	None
RFX3	RNF157-AS1	0.52984	47.61	0.608	rgb(224,101,102)	1.9324	None
SOX4	TMEM132B	-0.52984	47.61	-6.1E-01	rgb( 85,137,240)	1.9324	None
TET1	SMA	0.52984	47.61	0.608	rgb(224,101,102)	1.9324	2,2
TFCP2L1	MAFB	0.52984	47.61	0.612	rgb(224,100,101)	1.9324	None
ZNF492	PAM	-0.52984	47.61	-6.1E-01	rgb( 84,136,240)	1.9324	None
ZNF846	PGF	0.52984	47.61	0.612	rgb(224,100,101)	1.9324	None
ATOH8	IGHG1	0.52984	47.61	0.606	rgb(224,101,102)	1.9324	2,2
MYT1	AF131837	0.52984	47.61	0.612	rgb(224,100,101)	1.9324	2,2
ARNT2	CACNA1H	-0.52913	47.6	-6.0E-01	rgb( 87,138,240)	1.9322	None
ETS1	AP3B2	-0.52913	47.6	-6.0E-01	rgb( 86,137,240)	1.9322	None
GATA4	HOMEZ	0.52913	47.6	0.596	rgb(224,103,104)	1.9322	None
HIF1A	NPM2	-0.52913	47.6	-6.0E-01	rgb( 86,137,240)	1.9322	None
LHX1	MMRN1	-0.52913	47.6	-6.0E-01	rgb( 87,138,240)	1.9322	None
RORC	ELAVL3	-0.52913	47.6	-6.0E-01	rgb( 88,138,240)	1.9322	None
SOX4	PCSK2	-0.52913	47.6	-6.0E-01	rgb( 86,138,240)	1.9322	None
SPIB	KCNB2	0.52913	47.6	0.599	rgb(224,103,104)	1.9322	None
ZFP82	MYBPC2	0.52913	47.6	0.602	rgb(224,102,103)	1.9322	None
EGR3	MED12L	-0.52841	47.59	-5.9E-01	rgb( 90,140,239)	1.932	None
ETS1	SV2B	-0.52841	47.59	-5.9E-01	rgb( 88,139,240)	1.932	None
GATA2	ALAS2	0.52841	47.59	0.588	rgb(223,105,106)	1.932	None
HSF2	SESN2	-0.52841	47.59	-5.9E-01	rgb( 89,139,239)	1.932	None
MAFA	ATF5	-0.52841	47.59	-5.9E-01	rgb( 90,140,239)	1.932	None
MAFB	CAND2	-0.52841	47.59	-5.9E-01	rgb( 89,139,239)	1.932	None
MAFF	ADM5	-0.52841	47.59	-5.9E-01	rgb( 90,140,239)	1.932	2,2
NEUROD2	AMBP	0.52841	47.59	0.586	rgb(223,105,106)	1.932	None
NEUROG3	AK311213	0.52841	47.59	0.594	rgb(224,104,105)	1.932	2,2
ONECUT2	RAB4B-EGLN2	0.52841	47.59	0.594	rgb(224,104,105)	1.932	None
PBX3	WDR17	0.52841	47.59	0.593	rgb(224,104,105)	1.932	None
RFX3	GRIN1	-0.52841	47.59	-5.9E-01	rgb( 88,139,240)	1.932	None
RFX6	CALY	0.52841	47.59	0.594	rgb(224,104,105)	1.932	None
SPIB	JAZF1	0.52841	47.59	0.593	rgb(224,104,105)	1.932	None
ZFP92	LINC00340	0.52841	47.59	0.593	rgb(224,104,105)	1.932	2,2
MYT1	ELOVL4	0.52841	47.59	0.594	rgb(224,104,105)	1.932	2,2
MYT1	NXF2	0.52841	47.59	0.593	rgb(224,104,105)	1.932	2,2
ZBTB25	BC068238	0.52841	47.59	0.589	rgb(223,105,106)	1.932	2,2
LMX1A	ELAVL4	-0.52769	47.58	-5.8E-01	rgb( 91,140,239)	1.9318	None
LMX1B	BMS1P6	-0.52769	47.58	-5.8E-01	rgb( 91,141,239)	1.9318	2,2
MAFA	MSI1	-0.52769	47.58	-5.8E-01	rgb( 92,141,239)	1.9318	None
MAFA	TMEM151A	0.52769	47.58	0.578	rgb(223,107,108)	1.9318	None
NHLH1	LRRC10B	0.52769	47.58	0.583	rgb(223,106,107)	1.9318	None
NKX2-2	LOC729603	-0.52769	47.58	-5.8E-01	rgb( 91,140,239)	1.9318	2,2
NKX6-1	CACNA1C	0.52769	47.58	0.579	rgb(223,106,108)	1.9318	None
ONECUT3	ETS1	-0.52769	47.58	-5.8E-01	rgb( 92,141,239)	1.9318	None
SPIB	FAIM2	-0.52769	47.58	-5.8E-01	rgb( 92,141,239)	1.9318	None
MYSM1	LOC100272216	0.52769	47.58	0.578	rgb(223,107,108)	1.9318	2,2
ZBTB25	BC150585	0.52769	47.58	0.58	rgb(223,106,107)	1.9318	2,2
HMBOX1	AMPD3	-0.52698	47.57	-5.7E-01	rgb( 94,142,239)	1.9316	None
NHLH1	SLC7A4	0.52698	47.57	0.571	rgb(223,108,109)	1.9316	None
NR4A2	ST8SIA3	-0.52698	47.57	-5.7E-01	rgb( 93,141,239)	1.9316	None
PAX6	STK31	-0.52698	47.57	-5.7E-01	rgb( 93,142,239)	1.9316	None
POU5F1	KCNH7	0.52698	47.57	0.57	rgb(223,108,109)	1.9316	None
RFX6	ZFHX2	0.52698	47.57	0.566	rgb(223,109,110)	1.9316	None
TEAD1	SSTR5-AS1	-0.52698	47.57	-5.7E-01	rgb( 94,142,239)	1.9316	None
TET1	B3GNTL1	-0.52698	47.57	-5.7E-01	rgb( 94,142,239)	1.9316	None
TFCP2L1	NOTUM	0.52698	47.57	0.566	rgb(223,109,110)	1.9316	None
TFCP2L1	TMEM35	0.52698	47.57	0.569	rgb(223,108,109)	1.9316	2,2
ELF4	GCG	0.52626	47.56	0.56	rgb(223,110,111)	1.9314	None
GATA4	CELA3B	-0.52626	47.56	-5.6E-01	rgb( 96,143,238)	1.9314	None
HSF2	AK316321	-0.52626	47.56	-5.6E-01	rgb( 96,143,238)	1.9314	2,2
HSF2	RGS16	0.52626	47.56	0.56	rgb(223,110,111)	1.9314	None
INSM1	RUNDC3A	0.52626	47.56	0.563	rgb(223,109,111)	1.9314	None
LMX1B	LIMCH1	0.52626	47.56	0.557	rgb(223,111,112)	1.9314	None
MAFB	CPLX2	-0.52626	47.56	-5.6E-01	rgb( 95,143,238)	1.9314	None
PAX4	SOCS1	-0.52626	47.56	-5.6E-01	rgb( 96,143,238)	1.9314	None
ST18	COL22A1	-0.52626	47.56	-5.6E-01	rgb( 95,143,238)	1.9314	None
ZBTB4	THRA1	-0.52626	47.56	-5.6E-01	rgb( 94,142,238)	1.9314	2,2
ARX	IGSF21	-0.52554	47.55	-5.5E-01	rgb( 98,145,238)	1.9312	None
ARX	PAPPA2	0.52554	47.55	0.552	rgb(223,112,113)	1.9312	None
E2F7	APBB2	0.52554	47.55	0.545	rgb(223,113,114)	1.9312	None
HIF1A	LOC100507351	-0.52554	47.55	-5.5E-01	rgb( 99,145,238)	1.9312	2,2
HSF2	TOX3	0.52554	47.55	0.547	rgb(223,113,114)	1.9312	None
LMX1A	NEFL	-0.52554	47.55	-5.5E-01	rgb( 98,145,238)	1.9312	None
MAFF	CACNG6	0.52554	47.55	0.555	rgb(223,111,112)	1.9312	None
PDX1	SSTR5-AS1	0.52554	47.55	0.554	rgb(223,111,112)	1.9312	None
SIX2	CYMP	-0.52554	47.55	-5.5E-01	rgb( 97,144,238)	1.9312	None
SIX2	UNC79	0.52554	47.55	0.55	rgb(223,112,113)	1.9312	None
TFCP2L1	JMJD1C-AS1	-0.52554	47.55	-5.5E-01	rgb( 98,145,238)	1.9312	None
CCDC17	AX747175	0.52554	47.55	0.545	rgb(223,113,114)	1.9312	2,2
MYSM1	AX747756	0.52554	47.55	0.55	rgb(223,112,113)	1.9312	2,2
NPAS3	FLJ22184	0.52554	47.55	0.554	rgb(223,111,112)	1.9312	2,2
E2F7	LEFTY1	-0.52483	47.54	-5.4E-01	rgb( 99,145,238)	1.931	None
ELF4	GPR155	-0.52483	47.54	-5.4E-01	rgb( 99,145,238)	1.931	None
ETV1	RTN1	0.52483	47.54	0.539	rgb(223,114,115)	1.931	None
HOXB9	BCRP3	-0.52483	47.54	-5.4E-01	rgb(100,146,237)	1.931	None
NKX2-2	APLN	0.52483	47.54	0.545	rgb(223,113,114)	1.931	None
ONECUT2	CADM2	-0.52483	47.54	-5.4E-01	rgb(100,146,237)	1.931	None
ONECUT3	C2CD4A	-0.52483	47.54	-5.4E-01	rgb(100,146,237)	1.931	None
PAX6	ST8SIA3	-0.52483	47.54	-5.4E-01	rgb(100,146,237)	1.931	None
PBX3	HMBOX1	0.52483	47.54	0.543	rgb(223,113,114)	1.931	None
POU2F2	CYP4F24P	-0.52483	47.54	-5.4E-01	rgb( 99,145,238)	1.931	None
SIX2	ABLIM2	0.52483	47.54	0.544	rgb(223,113,114)	1.931	None
SIX2	GRHL3	-0.52483	47.54	-5.4E-01	rgb( 99,145,238)	1.931	None
SIX2	JMJD1C-AS1	0.52483	47.54	0.538	rgb(223,114,115)	1.931	None
TFCP2L1	B3GNTL1	0.52483	47.54	0.542	rgb(223,113,115)	1.931	None
ZFP82	HOMEZ	0.52483	47.54	0.543	rgb(223,113,114)	1.931	None
ZNF846	GSTM2	-0.52483	47.54	-5.4E-01	rgb(100,146,237)	1.931	None
CCDC17	AK091996	0.52483	47.54	0.542	rgb(223,114,115)	1.931	2,2
ARX	C1QL1	-0.52411	47.53	-5.3E-01	rgb(102,147,237)	1.9308	None
ASCL1	SLC25A34	-0.52411	47.53	-5.3E-01	rgb(101,147,237)	1.9308	None
ETV1	MAPK7	-0.52411	47.53	-5.3E-01	rgb(101,146,237)	1.9308	None
FEV	UCN3	0.52411	47.53	0.528	rgb(223,116,117)	1.9308	None
FOXD4L5	AK090700	0.52411	47.53	0.534	rgb(223,115,116)	1.9308	2,2
FOXD4L5	GHRL	0.52411	47.53	0.526	rgb(223,117,118)	1.9308	None
NKX2-2	PARD6A	0.52411	47.53	0.528	rgb(223,116,117)	1.9308	None
NKX6-1	PGM5	0.52411	47.53	0.531	rgb(223,116,117)	1.9308	None
PRDM16	AX747158	-0.52411	47.53	-5.3E-01	rgb(102,147,237)	1.9308	2,2
PROX1	APOA4	-0.52411	47.53	-5.3E-01	rgb(101,146,237)	1.9308	2,2
TFCP2L1	C1QL1	0.52411	47.53	0.533	rgb(223,115,116)	1.9308	None
TFCP2L1	RTEL1	0.52411	47.53	0.528	rgb(223,116,117)	1.9308	None
NPAS3	KIAA1456	0.52411	47.53	0.529	rgb(223,116,117)	1.9308	2,2
ATF5	FW340055	0.52339	47.52	0.523	rgb(223,117,118)	1.9306	2,2
ELF4	PDE2A	-0.52339	47.52	-5.2E-01	rgb(103,148,237)	1.9306	None
GATA4	HOOK3	-0.52339	47.52	-5.2E-01	rgb(104,148,237)	1.9306	None
HIC1	FOXA1	0.52339	47.52	0.519	rgb(223,118,119)	1.9306	None
HSF2	CABP4	0.52339	47.52	0.522	rgb(223,117,118)	1.9306	None
MAFA	ACE	-0.52339	47.52	-5.2E-01	rgb(104,148,237)	1.9306	None
MAFB	DKK3	-0.52339	47.52	-5.2E-01	rgb(103,148,237)	1.9306	None
MAFB	PDGFD	-0.52339	47.52	-5.2E-01	rgb(105,149,237)	1.9306	None
NEUROD2	LOC145837	0.52339	47.52	0.523	rgb(223,117,118)	1.9306	2,2
NKX2-2	NINJ1	0.52339	47.52	0.521	rgb(223,117,118)	1.9306	None
ONECUT2	LOC595101	0.52339	47.52	0.517	rgb(223,118,119)	1.9306	2,2
PDX1	CHRNA1	-0.52339	47.52	-5.2E-01	rgb(104,148,237)	1.9306	None
PROX1	LOC151009	0.52339	47.52	0.524	rgb(223,117,118)	1.9306	2,2
SPIB	MCF2L	-0.52339	47.52	-5.2E-01	rgb(104,149,237)	1.9306	None
ZFP28	SCN2A	0.52339	47.52	0.522	rgb(223,117,118)	1.9306	None
ZNF846	SUSD2	0.52339	47.52	0.524	rgb(223,117,118)	1.9306	None
CBX2	PTCHD2	0.52339	47.52	0.516	rgb(223,119,120)	1.9306	2,2
ETV1	DNAH11	0.52268	47.51	0.506	rgb(223,120,121)	1.9304	None
ETV1	ONECUT2	-0.52268	47.51	-5.1E-01	rgb(107,150,236)	1.9304	None
FOXA1	GOLGA8B	0.52268	47.51	0.508	rgb(223,120,121)	1.9304	None
HMBOX1	IGSF10	0.52268	47.51	0.513	rgb(223,119,120)	1.9304	None
HSF2	CIB4	0.52268	47.51	0.514	rgb(223,119,120)	1.9304	None
HSF2	KCNE4	-0.52268	47.51	-5.1E-01	rgb(105,149,237)	1.9304	None
LMX1B	AX746640	-0.52268	47.51	-5.1E-01	rgb(105,149,237)	1.9304	2,2
MAFA	KCNJ3	0.52268	47.51	0.508	rgb(223,120,121)	1.9304	None
MYRF	AK092380	-0.52268	47.51	-5.1E-01	rgb(107,150,236)	1.9304	2,2
NR4A3	BGN	-0.52268	47.51	-5.1E-01	rgb(107,150,236)	1.9304	None
ONECUT2	KCNE4	-0.52268	47.51	-5.1E-01	rgb(107,150,236)	1.9304	None
TEAD1	STMN4	-0.52268	47.51	-5.1E-01	rgb(107,150,236)	1.9304	None
AKNA	APOA4	-0.52268	47.51	-5.1E-01	rgb(107,150,236)	1.9304	2,2
CCDC17	GOLGA6L5	0.52268	47.51	0.507	rgb(223,120,121)	1.9304	2,2
MYT1	INA	0.52268	47.51	0.507	rgb(223,120,121)	1.9304	2,2
DPF3	FLJ44955	0.52196	47.5	0.503	rgb(223,121,122)	1.9302	2,2
ELF4	TMEM200A	-0.52196	47.5	-5.0E-01	rgb(108,150,236)	1.9302	None
GATA4	LOC400891	-0.52196	47.5	-5.0E-01	rgb(108,151,236)	1.9302	2,2
HLF	AK128563	-0.52196	47.5	-5.0E-01	rgb(109,151,236)	1.9302	2,2
HLF	EID1	0.52196	47.5	0.501	rgb(223,121,122)	1.9302	None
LMX1B	FCGBP	-0.52196	47.5	-5.0E-01	rgb(109,151,236)	1.9302	None
LMX1B	RGS9	0.52196	47.5	0.502	rgb(223,121,122)	1.9302	None
LMX1B	SLC38A3	0.52196	47.5	0.497	rgb(222,122,123)	1.9302	None
PAX6	CCDC162P	-0.52196	47.5	-5.0E-01	rgb(108,151,236)	1.9302	None
POU5F1	CEND1	0.52196	47.5	0.505	rgb(223,121,122)	1.9302	None
SPIB	G0S2	0.52196	47.5	0.496	rgb(222,122,123)	1.9302	None
TEAD1	ASIC5	-0.52196	47.5	-5.0E-01	rgb(109,151,236)	1.9302	2,2
TEAD1	TDO2	-0.52196	47.5	-5.0E-01	rgb(108,151,236)	1.9302	2,2
TP73	FUT7	0.52196	47.5	0.501	rgb(223,121,122)	1.9302	None
ZNF846	GRIN1	-0.52196	47.5	-5.0E-01	rgb(108,151,236)	1.9302	None
ZNF846	LOC646214	-0.52196	47.5	-5.0E-01	rgb(108,151,236)	1.9302	2,2
ZBTB25	WDR96	0.52196	47.5	0.499	rgb(222,122,123)	1.9302	2,2
ASCL1	DDC	0.52124	47.49	0.485	rgb(222,124,125)	1.93	None
E2F7	CHRNB2	-0.52124	47.49	-4.9E-01	rgb(110,152,236)	1.93	None
E2F7	CRH	-0.52124	47.49	-4.9E-01	rgb(110,152,236)	1.93	None
ETV1	AEBP1	0.52124	47.49	0.493	rgb(222,123,124)	1.93	None
ETV1	MAD2L2	0.52124	47.49	0.494	rgb(222,123,124)	1.93	None
FOXA1	HOOK3	0.52124	47.49	0.494	rgb(222,123,124)	1.93	None
FOXD4L5	UGDH-AS1	0.52124	47.49	0.491	rgb(222,123,124)	1.93	None
GATA2	LINC00893	0.52124	47.49	0.492	rgb(222,123,124)	1.93	None
HIC1	C2CD4B	0.52124	47.49	0.486	rgb(222,124,125)	1.93	None
LHX1	LIPC	-0.52124	47.49	-4.9E-01	rgb(110,152,236)	1.93	None
ARX	USH2A	0.52053	47.48	0.475	rgb(222,126,127)	1.9298	None
EGR3	ITGA7	0.52053	47.48	0.477	rgb(222,126,127)	1.9298	None
ETS1	DQ586822	-0.52053	47.48	-4.8E-01	rgb(112,153,235)	1.9298	2,2
ETV1	ARHGAP22	-0.52053	47.48	-4.8E-01	rgb(112,153,235)	1.9298	None
FEV	PLAG1	-0.52053	47.48	-4.8E-01	rgb(113,154,235)	1.9298	None
FOXA1	STARD4-AS1	0.52053	47.48	0.482	rgb(222,125,126)	1.9298	None
GATA2	KCNQ1OT1	0.52053	47.48	0.484	rgb(222,124,125)	1.9298	None
HMBOX1	SLC14A1	0.52053	47.48	0.479	rgb(222,126,127)	1.9298	None
INSM1	BAIAP3	0.52053	47.48	0.483	rgb(222,125,126)	1.9298	None
MAFA	SRCIN1	0.52053	47.48	0.482	rgb(222,125,126)	1.9298	None
NEUROD2	CCDC28B	0.52053	47.48	0.481	rgb(222,125,126)	1.9298	None
PAX6	MMD2	-0.52053	47.48	-4.8E-01	rgb(113,154,235)	1.9298	None
PBX1	NACAD	0.52053	47.48	0.479	rgb(222,125,126)	1.9298	None
PDX1	SCGN	0.52053	47.48	0.476	rgb(222,126,127)	1.9298	None
ZNF492	IL11	-0.52053	47.48	-4.8E-01	rgb(112,153,235)	1.9298	2,2
ZNF846	ZNF519	-0.52053	47.48	-4.8E-01	rgb(114,154,235)	1.9298	None
ZNF883	VWA5B2	-0.52053	47.48	-4.8E-01	rgb(112,153,235)	1.9298	None
ZNF788	AX747819	0.52053	47.48	0.48	rgb(222,125,126)	1.9298	2,2
ASCL1	NPW	0.51981	47.47	0.465	rgb(222,128,129)	1.9296	None
ETS1	AMER3	-0.51981	47.47	-4.7E-01	rgb(114,154,235)	1.9296	None
ETS1	AX747393	-0.51981	47.47	-4.7E-01	rgb(116,156,235)	1.9296	2,2
FEV	ATF5	0.51981	47.47	0.466	rgb(222,128,129)	1.9296	None
GATA4	KCNH7	0.51981	47.47	0.471	rgb(222,127,128)	1.9296	None
ONECUT2	FGF9	-0.51981	47.47	-4.7E-01	rgb(114,154,235)	1.9296	None
PBX3	JMJD7-PLA2G4B	-0.51981	47.47	-4.7E-01	rgb(115,155,235)	1.9296	None
SIM1	AK128833	0.51981	47.47	0.473	rgb(222,127,128)	1.9296	2,2
SIM1	TMEFF1	0.51981	47.47	0.47	rgb(222,127,128)	1.9296	2,2
ETS1	SLC18A1	-0.51909	47.46	-4.6E-01	rgb(118,157,234)	1.9294	None
FOXA2	USP6	-0.51909	47.46	-4.6E-01	rgb(118,157,234)	1.9294	None
GATA4	FAIM2	-0.51909	47.46	-4.6E-01	rgb(118,157,234)	1.9294	None
HIC1	CCDC17	-0.51909	47.46	-4.6E-01	rgb(118,157,234)	1.9294	2,2
HIF1A	SCUBE1	-0.51909	47.46	-4.6E-01	rgb(117,156,235)	1.9294	None
HSF2	CELF4	-0.51909	47.46	-4.6E-01	rgb(118,157,234)	1.9294	None
LMX1B	FOXA2	0.51909	47.46	0.465	rgb(222,128,129)	1.9294	None
NEUROG3	CNPY1	0.51909	47.46	0.455	rgb(222,130,131)	1.9294	None
RFX6	NNMT	0.51909	47.46	0.463	rgb(222,129,129)	1.9294	None
RFX6	QSOX2	0.51909	47.46	0.463	rgb(222,129,129)	1.9294	None
MYSM1	AX747598	0.51909	47.46	0.462	rgb(222,129,130)	1.9294	2,2
ARX	EBF3	-0.51838	47.45	-4.5E-01	rgb(120,158,234)	1.9292	None
ETV1	KAT2B	0.51838	47.45	0.452	rgb(222,131,132)	1.9292	None
ETV1	ZNF518A	-0.51838	47.45	-4.5E-01	rgb(120,158,234)	1.9292	None
FOXD4L5	ELL2	0.51838	47.45	0.449	rgb(222,131,132)	1.9292	None
LMX1B	SYNE2	-0.51838	47.45	-4.5E-01	rgb(119,158,234)	1.9292	None
NHLH1	MAD2L2	0.51838	47.45	0.45	rgb(222,131,132)	1.9292	None
PBX3	NPTX1	0.51838	47.45	0.448	rgb(222,131,132)	1.9292	None
PBX3	TFCP2L1	0.51838	47.45	0.452	rgb(222,131,132)	1.9292	None
TEAD1	ST6GALNAC5	-0.51838	47.45	-4.5E-01	rgb(119,157,234)	1.9292	None
TET1	PDZD4	0.51838	47.45	0.453	rgb(222,131,131)	1.9292	None
ZFHX2	SLC30A4	0.51838	47.45	0.452	rgb(222,131,132)	1.9292	None
ZFP90	CAMKV	0.51838	47.45	0.453	rgb(222,131,131)	1.9292	None
EGR3	PGF	0.51766	47.44	0.443	rgb(222,132,133)	1.929	None
ELF4	SLC6A17	-0.51766	47.44	-4.4E-01	rgb(121,158,234)	1.929	None
ETV1	ANKFN1	-0.51766	47.44	-4.4E-01	rgb(121,158,234)	1.929	None
GATA4	CAND2	0.51766	47.44	0.436	rgb(222,134,135)	1.929	None
HSF2	MEX3A	-0.51766	47.44	-4.4E-01	rgb(121,158,234)	1.929	None
LMX1B	NNMT	0.51766	47.44	0.442	rgb(222,133,133)	1.929	None
MAFA	LRP2BP	0.51766	47.44	0.436	rgb(222,134,135)	1.929	None
NKX6-1	KCNH7	0.51766	47.44	0.442	rgb(222,132,133)	1.929	None
RORC	UNC13A	-0.51766	47.44	-4.4E-01	rgb(121,158,234)	1.929	None
SIX2	MSMB	-0.51766	47.44	-4.4E-01	rgb(121,159,234)	1.929	None
TEAD2	RAB36	0.51766	47.44	0.436	rgb(222,134,135)	1.929	None
TET1	LOC90834	0.51766	47.44	0.437	rgb(222,133,134)	1.929	2,2
AKNA	TUBB2C	-0.51766	47.44	-4.4E-01	rgb(121,159,234)	1.929	2,2
CCDC17	TAC1	0.51766	47.44	0.445	rgb(222,132,133)	1.929	2,2
MYSM1	FW340027	0.51766	47.44	0.443	rgb(222,132,133)	1.929	2,2
ZNF788	GOLGA6L5	0.51766	47.44	0.436	rgb(222,134,135)	1.929	2,2
ASCL1	TMPRSS6	0.51694	47.43	0.435	rgb(222,134,135)	1.9288	None
FOXD4L5	ENTPD1	0.51694	47.43	0.433	rgb(222,134,135)	1.9288	None
GATA4	CACNB4	-0.51694	47.43	-4.3E-01	rgb(124,160,233)	1.9288	None
HEY1	BX649158	-0.51694	47.43	-4.3E-01	rgb(124,160,233)	1.9288	2,2
MAFF	MYT1	0.51694	47.43	0.433	rgb(222,134,135)	1.9288	None
NKX6-1	MLLT11	0.51694	47.43	0.425	rgb(222,136,137)	1.9288	None
ONECUT3	HIF1A	-0.51694	47.43	-4.3E-01	rgb(124,161,233)	1.9288	None
PBX3	COL12A1	-0.51694	47.43	-4.3E-01	rgb(124,161,233)	1.9288	None
PBX3	CRYBA2	-0.51694	47.43	-4.3E-01	rgb(124,160,233)	1.9288	None
PBX3	USP13	0.51694	47.43	0.434	rgb(222,134,135)	1.9288	None
PDX1	AKR1B1	-0.51694	47.43	-4.3E-01	rgb(123,160,233)	1.9288	None
PDX1	BGN	0.51694	47.43	0.434	rgb(222,134,135)	1.9288	None
SIX2	LRRC36	0.51694	47.43	0.43	rgb(222,135,136)	1.9288	None
TEAD1	KCNE4	-0.51694	47.43	-4.3E-01	rgb(123,160,233)	1.9288	None
ZFP92	FW340024	0.51694	47.43	0.433	rgb(222,134,135)	1.9288	2,2
ZNF492	LOC151009	0.51694	47.43	0.429	rgb(222,135,136)	1.9288	2,2
ZNF117	AK128619	0.51694	47.43	0.431	rgb(222,135,136)	1.9288	2,2
ELF4	SPIB	-0.51622	47.42	-4.2E-01	rgb(125,161,233)	1.9286	None
FEV	AMPH	0.51622	47.42	0.421	rgb(222,137,138)	1.9286	None
FOXA2	MYBPC3	0.51622	47.42	0.423	rgb(222,136,137)	1.9286	None
MAFB	REG4	-0.51622	47.42	-4.2E-01	rgb(126,161,233)	1.9286	None
NKX2-2	MTSS1	0.51622	47.42	0.422	rgb(222,136,137)	1.9286	None
NKX2-2	PRRT3	0.51622	47.42	0.42	rgb(222,137,138)	1.9286	None
PRDM16	EID2	-0.51622	47.42	-4.2E-01	rgb(126,162,233)	1.9286	None
SPIB	ELF4	0.51622	47.42	0.424	rgb(222,136,137)	1.9286	None
SPIB	STARD8	0.51622	47.42	0.417	rgb(222,137,138)	1.9286	None
TEAD2	FAM227A	0.51622	47.42	0.417	rgb(222,137,138)	1.9286	None
DACH1	DQ583756	0.51622	47.42	0.418	rgb(222,137,138)	1.9286	2,2
MYT1	FAM181B	0.51622	47.42	0.422	rgb(222,136,137)	1.9286	2,2
SIM1	AK091593	0.51622	47.42	0.419	rgb(222,137,138)	1.9286	2,2
ARX	UGDH-AS1	0.51551	47.41	0.41	rgb(222,139,139)	1.9284	None
HIF1A	FLJ00385	0.51551	47.41	0.41	rgb(222,139,139)	1.9284	2,2
HSF2	GIP	-0.51551	47.41	-4.1E-01	rgb(128,163,233)	1.9284	None
HSF2	ZBTB4	-0.51551	47.41	-4.1E-01	rgb(129,163,232)	1.9284	None
LHX1	SOGA3	-0.51551	47.41	-4.1E-01	rgb(129,163,232)	1.9284	None
NKX6-1	CADM2	0.51551	47.41	0.41	rgb(222,139,140)	1.9284	None
ZFHX2	PDZRN3	-0.51551	47.41	-4.1E-01	rgb(129,163,232)	1.9284	None
ZNF519	NAALADL1	0.51551	47.41	0.41	rgb(222,139,140)	1.9284	None
ZNF846	AK094916	-0.51551	47.41	-4.1E-01	rgb(127,162,233)	1.9284	2,2
EGR3	JPH4	-0.51479	47.4	-4.0E-01	rgb(130,164,232)	1.9282	None
ETV1	PBX3	0.51479	47.4	0.396	rgb(221,141,142)	1.9282	None
GATA4	FOXA1	0.51479	47.4	0.395	rgb(221,142,142)	1.9282	None
HSF2	CHD5	-0.51479	47.4	-4.0E-01	rgb(130,164,232)	1.9282	None
ISL1	AK123332	0.51479	47.4	0.398	rgb(221,141,142)	1.9282	2,2
LHX1	SHF	-0.51479	47.4	-4.0E-01	rgb(130,164,232)	1.9282	None
PDX1	ELAVL3	0.51479	47.4	0.4	rgb(221,141,141)	1.9282	None
RFX3	NOVA2	0.51479	47.4	0.399	rgb(221,141,142)	1.9282	None
SPIB	OGFRL1	0.51479	47.4	0.4	rgb(221,141,141)	1.9282	None
TFCP2L1	BRSK2	0.51479	47.4	0.396	rgb(221,141,142)	1.9282	None
ZNF492	HSPA12A	0.51479	47.4	0.4	rgb(221,141,141)	1.9282	None
ATOH8	LOC145837	0.51479	47.4	0.395	rgb(221,142,142)	1.9282	2,2
ASCL2	SLC1A2	0.51407	47.39	0.393	rgb(221,142,143)	1.928	None
ETS1	FAM71E2	-0.51407	47.39	-3.9E-01	rgb(133,166,232)	1.928	None
ETS1	NKD1	0.51407	47.39	0.385	rgb(221,143,144)	1.928	None
GATA4	THBS4	0.51407	47.39	0.394	rgb(221,142,143)	1.928	None
HMBOX1	KLB	0.51407	47.39	0.387	rgb(221,143,144)	1.928	None
HSF2	FAM92B	0.51407	47.39	0.391	rgb(221,142,143)	1.928	None
LMX1B	AX748371	-0.51407	47.39	-3.9E-01	rgb(132,166,232)	1.928	2,2
SMAD9	HSPB7	-0.51407	47.39	-3.9E-01	rgb(132,165,232)	1.928	None
ZNF382	SOX4	0.51407	47.39	0.394	rgb(221,142,142)	1.928	None
ELF4	EID1	0.51336	47.38	0.379	rgb(221,145,145)	1.9278	None
ETS1	SCN3B	-0.51336	47.38	-3.8E-01	rgb(135,167,231)	1.9278	None
FOXJ1	MUC17	0.51336	47.38	0.381	rgb(221,144,145)	1.9278	None
GATA4	RIIAD1	-0.51336	47.38	-3.8E-01	rgb(134,166,232)	1.9278	None
HEY1	AK094916	-0.51336	47.38	-3.8E-01	rgb(135,167,231)	1.9278	2,2
LHX1	HLF	-0.51336	47.38	-3.8E-01	rgb(134,167,232)	1.9278	None
LMX1B	ARHGAP24	0.51336	47.38	0.376	rgb(221,145,146)	1.9278	None
MAFF	ZNF846	-0.51336	47.38	-3.8E-01	rgb(134,167,231)	1.9278	None
NKX2-2	SPRED3	-0.51336	47.38	-3.8E-01	rgb(134,167,232)	1.9278	None
NKX2-2	VSTM2L	-0.51336	47.38	-3.8E-01	rgb(134,167,231)	1.9278	None
PDX1	TAC3	0.51336	47.38	0.378	rgb(221,145,146)	1.9278	None
SOX4	MCOLN3	-0.51336	47.38	-3.8E-01	rgb(134,167,231)	1.9278	None
ZNF788	TMEM56-RWDD3	0.51336	47.38	0.375	rgb(221,145,146)	1.9278	2,2
ETS1	FLJ45340	-0.51264	47.37	-3.7E-01	rgb(136,168,231)	1.9276	2,2
ETV1	SSTR2	0.51264	47.37	0.373	rgb(221,146,147)	1.9276	None
FOXA1	PALMD	0.51264	47.37	0.375	rgb(221,145,146)	1.9276	None
FOXA1	SSTR2	0.51264	47.37	0.37	rgb(221,146,147)	1.9276	None
LHX1	RPL36A-HNRNPH2	0.51264	47.37	0.371	rgb(221,146,147)	1.9276	None
LTF	LOC727896	0.51264	47.37	0.37	rgb(221,146,147)	1.9276	2,2
MAFB	MAFF	0.51264	47.37	0.369	rgb(221,147,147)	1.9276	None
NKX6-1	FMN2	0.51264	47.37	0.369	rgb(221,147,147)	1.9276	None
TEAD1	CHRNA1	-0.51264	47.37	-3.7E-01	rgb(136,168,231)	1.9276	None
TFCP2L1	HMGB3	0.51264	47.37	0.373	rgb(221,146,146)	1.9276	None
ZBTB25	AX746677	0.51264	47.37	0.366	rgb(221,147,148)	1.9276	2,2
ASCL1	CDK5R2	0.51192	47.36	0.362	rgb(221,148,149)	1.9274	None
ETV1	CCDC85B	0.51192	47.36	0.362	rgb(221,148,149)	1.9274	None
LHX1	E2F7	-0.51192	47.36	-3.6E-01	rgb(139,169,231)	1.9274	None
LMX1B	VCAN	0.51192	47.36	0.357	rgb(221,149,150)	1.9274	None
MAFA	HCN4	-0.51192	47.36	-3.6E-01	rgb(138,169,231)	1.9274	None
ZNF788	CR627225	0.51192	47.36	0.358	rgb(221,149,149)	1.9274	2,2
EGR3	MX1	0.51121	47.35	0.352	rgb(221,150,150)	1.9272	None
ELF4	KCNH8	-0.51121	47.35	-3.5E-01	rgb(142,171,230)	1.9272	None
FOXD4L5	UBE2QL1	0.51121	47.35	0.347	rgb(221,151,151)	1.9272	None
HIC1	RRAGD	0.51121	47.35	0.354	rgb(221,149,150)	1.9272	None
HLF	NINJ1	0.51121	47.35	0.355	rgb(221,149,150)	1.9272	None
HLF	SUSD2	0.51121	47.35	0.354	rgb(221,149,150)	1.9272	None
HMBOX1	FAT3	0.51121	47.35	0.352	rgb(221,150,150)	1.9272	None
LHX1	CAMK2B	-0.51121	47.35	-3.5E-01	rgb(141,171,230)	1.9272	None
MAFF	CACNA2D2	-0.51121	47.35	-3.5E-01	rgb(141,171,230)	1.9272	None
NFAT5	TCEAL1	0.51121	47.35	0.352	rgb(221,150,151)	1.9272	None
NKX2-2	GADD45G	-0.51121	47.35	-3.5E-01	rgb(141,171,230)	1.9272	None
PAX6	TSSK4	-0.51121	47.35	-3.5E-01	rgb(141,171,230)	1.9272	None
PBX1	ROBO1	0.51121	47.35	0.346	rgb(221,151,152)	1.9272	None
PLAG1	PPP4R4	-0.51121	47.35	-3.5E-01	rgb(141,171,230)	1.9272	None
SIX2	TSPAN11	0.51121	47.35	0.354	rgb(221,149,150)	1.9272	None
ZNF492	KRT4	0.51121	47.35	0.355	rgb(221,149,150)	1.9272	None
AEBP1	AK092251	0.51121	47.35	0.353	rgb(221,150,150)	1.9272	2,2
FEV	FER1L6-AS1	-0.51049	47.34	-3.4E-01	rgb(143,172,230)	1.927	None
HMBOX1	KCNMA1	0.51049	47.34	0.34	rgb(221,152,153)	1.927	None
RFX6	RGS17	0.51049	47.34	0.345	rgb(221,151,152)	1.927	None
RORC	CHST10	-0.51049	47.34	-3.4E-01	rgb(144,172,230)	1.927	None
TGIF2	KIAA0922	-0.51049	47.34	-3.4E-01	rgb(143,172,230)	1.927	2,2
E2F7	RAPGEF4	-0.50977	47.33	-3.3E-01	rgb(145,173,230)	1.9268	None
ETV1	HOOK3	-0.50977	47.33	-3.3E-01	rgb(145,173,230)	1.9268	None
LMX1B	SMAD9	0.50977	47.33	0.33	rgb(221,154,155)	1.9268	None
NKX2-2	MAPK8IP1	-0.50977	47.33	-3.3E-01	rgb(145,173,230)	1.9268	None
NKX6-1	EPHB3	-0.50977	47.33	-3.3E-01	rgb(146,174,229)	1.9268	None
ONECUT3	GUSBP3	-0.50977	47.33	-3.3E-01	rgb(146,174,229)	1.9268	2,2
ZNF492	WNT9A	0.50977	47.33	0.331	rgb(221,154,154)	1.9268	None
KCNIP3	KIAA2022	0.50977	47.33	0.333	rgb(221,153,154)	1.9268	2,2
ZNF117	BC073817	0.50977	47.33	0.335	rgb(221,153,154)	1.9268	2,2
DPF3	BC053580	0.50906	47.32	0.32	rgb(221,156,157)	1.9266	2,2
DPF3	FLJ35282	0.50906	47.32	0.317	rgb(220,156,157)	1.9266	2,2
LHX1	UNC79	-0.50906	47.32	-3.2E-01	rgb(148,175,229)	1.9266	None
LMX1B	ILDR2	0.50906	47.32	0.318	rgb(220,156,157)	1.9266	None
NFAT5	TMEM198	-0.50906	47.32	-3.2E-01	rgb(147,174,229)	1.9266	None
NKX2-2	CDKN1A	0.50906	47.32	0.322	rgb(221,156,156)	1.9266	None
ONECUT2	UGDH-AS1	0.50906	47.32	0.318	rgb(220,156,157)	1.9266	None
ONECUT3	AX746771	0.50906	47.32	0.324	rgb(221,155,156)	1.9266	2,2
SMAD9	STMN3	0.50906	47.32	0.318	rgb(220,156,157)	1.9266	None
ZNF846	ACTN3	0.50906	47.32	0.324	rgb(221,155,156)	1.9266	None
ELF4	LOC100862671	0.50834	47.31	0.313	rgb(220,157,158)	1.9264	2,2
ELF4	ZRANB2-AS1	-0.50834	47.31	-3.1E-01	rgb(149,175,229)	1.9264	None
ETV1	AK5	0.50834	47.31	0.313	rgb(220,157,158)	1.9264	None
ETV1	ZNF846	-0.50834	47.31	-3.1E-01	rgb(149,176,229)	1.9264	None
HSF2	ZNF883	0.50834	47.31	0.306	rgb(220,159,159)	1.9264	None
LHX1	FAXC	0.50834	47.31	0.309	rgb(220,158,159)	1.9264	None
SIX2	VCAN	0.50834	47.31	0.31	rgb(220,158,159)	1.9264	None
SMAD9	BRSK1	0.50834	47.31	0.305	rgb(220,159,159)	1.9264	None
SPIB	CEP290	-0.50834	47.31	-3.1E-01	rgb(151,177,229)	1.9264	None
TEAD1	GAST	-0.50834	47.31	-3.1E-01	rgb(149,176,229)	1.9264	2,2
TFCP2L1	APOC3	0.50834	47.31	0.305	rgb(220,159,159)	1.9264	None
ZNF846	PTPN22	-0.50834	47.31	-3.1E-01	rgb(149,176,229)	1.9264	None
ZNF117	PMS2L14	0.50834	47.31	0.312	rgb(220,157,158)	1.9264	2,2
ZNF514	AF086126	0.50834	47.31	0.31	rgb(220,158,158)	1.9264	2,2
ETV1	IGSF9B	-0.50762	47.3	-3.0E-01	rgb(153,178,228)	1.9262	None
GATA4	SLC1A2	-0.50762	47.3	-3.0E-01	rgb(152,178,228)	1.9262	None
HEY1	AX748283	-0.50762	47.3	-3.0E-01	rgb(152,177,228)	1.9262	2,2
HSF2	PDX1	-0.50762	47.3	-3.0E-01	rgb(152,177,228)	1.9262	None
LMX1A	LRFN2	-0.50762	47.3	-3.0E-01	rgb(152,177,228)	1.9262	None
MAFA	DNAH14	0.50762	47.3	0.3	rgb(220,160,160)	1.9262	None
MLXIPL	MUC2	-0.50762	47.3	-3.0E-01	rgb(151,177,229)	1.9262	2,2
LHX1	SLC30A8	-0.50691	47.29	-2.9E-01	rgb(155,179,228)	1.926	None
LHX1	SYP	-0.50691	47.29	-2.9E-01	rgb(155,179,228)	1.926	None
NEUROD1	SRM	0.50691	47.29	0.295	rgb(220,161,161)	1.926	None
NEUROG3	MARCH1	0.50691	47.29	0.29	rgb(220,162,162)	1.926	None
NHLH1	GRIN1	-0.50691	47.29	-2.9E-01	rgb(154,179,228)	1.926	None
ONECUT1	TAGLN3	0.50691	47.29	0.291	rgb(220,161,162)	1.926	None
ARX	MDK	0.50619	47.28	0.279	rgb(220,164,164)	1.9258	None
ELF4	ANKRD36C	-0.50619	47.28	-2.8E-01	rgb(155,180,228)	1.9258	None
FOXD4L5	CSRNP3	0.50619	47.28	0.278	rgb(220,164,164)	1.9258	None
GATA4	ACTN3	-0.50619	47.28	-2.8E-01	rgb(155,179,228)	1.9258	None
HEYL	BC010924	-0.50619	47.28	-2.8E-01	rgb(156,180,228)	1.9258	2,2
LMX1B	PTGDR2	0.50619	47.28	0.276	rgb(220,164,165)	1.9258	None
MAFA	RUSC1-AS1	0.50619	47.28	0.278	rgb(220,164,165)	1.9258	None
MAFF	MIR4697HG	-0.50619	47.28	-2.8E-01	rgb(157,180,228)	1.9258	2,2
PDX1	OLFML3	0.50619	47.28	0.278	rgb(220,164,164)	1.9258	None
POU2F2	SLC26A7	0.50619	47.28	0.285	rgb(220,163,163)	1.9258	None
RFX3	NNMT	0.50619	47.28	0.283	rgb(220,163,164)	1.9258	None
ETV1	NXPE1	-0.50547	47.27	-2.7E-01	rgb(157,181,227)	1.9256	None
ISL1	FAM135B	-0.50547	47.27	-2.7E-01	rgb(159,181,227)	1.9256	None
ONECUT2	PPP1R14A	-0.50547	47.27	-2.7E-01	rgb(159,182,227)	1.9256	None
PROX1	AX746826	0.50547	47.27	0.271	rgb(220,165,166)	1.9256	2,2
SMAD9	RNF213	0.50547	47.27	0.268	rgb(220,166,166)	1.9256	None
ARX	SHC3	0.50475	47.26	0.265	rgb(220,166,167)	1.9254	None
EGR3	MAFF	0.50475	47.26	0.262	rgb(220,167,167)	1.9254	None
ETS1	GCK	-0.50475	47.26	-2.6E-01	rgb(162,183,227)	1.9254	None
ETS1	TUB	-0.50475	47.26	-2.6E-01	rgb(160,183,227)	1.9254	None
ETV1	SEC11C	0.50475	47.26	0.26	rgb(220,167,168)	1.9254	None
NKX6-1	AGAP9	0.50475	47.26	0.265	rgb(220,166,167)	1.9254	2,2
NR4A3	CCND2	-0.50475	47.26	-2.6E-01	rgb(161,183,227)	1.9254	None
SIX2	ETV1	0.50475	47.26	0.255	rgb(220,168,169)	1.9254	None
TEAD1	GNG2	-0.50475	47.26	-2.6E-01	rgb(160,182,227)	1.9254	None
SIM1	AF131837	0.50475	47.26	0.262	rgb(220,167,168)	1.9254	2,2
PAX6	SEMA6B	0.50404	47.25	0.247	rgb(220,170,170)	1.9252	None
NPAS3	AFF2	0.50404	47.25	0.246	rgb(220,170,170)	1.9252	2,2
EGR3	NCS1	-0.50332	47.24	-2.4E-01	rgb(165,185,226)	1.925	None
ETS1	GREB1	-0.50332	47.24	-2.4E-01	rgb(165,186,226)	1.925	None
ETV1	PCSK2	0.50332	47.24	0.237	rgb(220,172,172)	1.925	None
LMX1B	NHSL2	0.50332	47.24	0.243	rgb(220,171,171)	1.925	None
PAX6	LOC646214	-0.50332	47.24	-2.4E-01	rgb(165,186,226)	1.925	2,2
RORC	NUP210	-0.50332	47.24	-2.4E-01	rgb(165,186,226)	1.925	None
SIX2	KCNH6	0.50332	47.24	0.237	rgb(220,172,172)	1.925	None
SMAD9	PLEKHO1	0.50332	47.24	0.244	rgb(220,170,171)	1.925	None
TEAD2	SERTAD1	0.50332	47.24	0.235	rgb(220,172,173)	1.925	None
NPAS3	HLA-DQA2	0.50332	47.24	0.239	rgb(220,171,172)	1.925	2,2
EGR3	CPLX2	-0.5026	47.23	-2.3E-01	rgb(166,186,226)	1.9248	None
ETS1	APOC3	-0.5026	47.23	-2.3E-01	rgb(167,187,226)	1.9248	None
LMX1B	BC020343	0.5026	47.23	0.234	rgb(220,172,173)	1.9248	2,2
ONECUT2	SORCS2	-0.5026	47.23	-2.3E-01	rgb(168,187,226)	1.9248	None
SOX4	ASXL3	-0.5026	47.23	-2.3E-01	rgb(168,187,226)	1.9248	None
TEAD2	CBX4	0.5026	47.23	0.231	rgb(220,173,173)	1.9248	None
ZFHX2	ZNF788	0.5026	47.23	0.235	rgb(220,172,173)	1.9248	2,2
ELF4	ZFP2	0.50189	47.22	0.218	rgb(219,175,176)	1.9246	None
ETS1	CFC1	-0.50189	47.22	-2.2E-01	rgb(169,188,225)	1.9246	None
ETV1	TMEM45A	-0.50189	47.22	-2.2E-01	rgb(170,189,225)	1.9246	None
HIC1	GATA4	0.50189	47.22	0.217	rgb(219,176,176)	1.9246	None
HSF2	TFCP2L1	-0.50189	47.22	-2.2E-01	rgb(170,188,225)	1.9246	None
ONECUT3	ARL4D	0.50189	47.22	0.218	rgb(219,175,176)	1.9246	None
ISL1	UGDH-AS1	0.50117	47.21	0.206	rgb(219,178,178)	1.9244	None
NKX2-2	ANKRD36C	-0.50117	47.21	-2.1E-01	rgb(171,189,225)	1.9244	None
ONECUT1	UBN2	0.50117	47.21	0.207	rgb(219,177,178)	1.9244	None
PAX6	ZFP69B	-0.50117	47.21	-2.1E-01	rgb(172,189,225)	1.9244	None
PBX3	ID4	-0.50117	47.21	-2.1E-01	rgb(171,189,225)	1.9244	None
RFX2	MAPK8IP1	0.50117	47.21	0.214	rgb(219,176,177)	1.9244	None
ZNF853	KIAA1817	0.50117	47.21	0.208	rgb(219,177,178)	1.9244	2,2
HIF1A	FABP5	0.50045	47.2	0.203	rgb(219,178,179)	1.9242	None
HSF2	CLCN4	-0.50045	47.2	-2.0E-01	rgb(173,190,225)	1.9242	None
LMX1B	RGS11	0.50045	47.2	0.199	rgb(219,179,179)	1.9242	None
MAFA	CCDC28B	0.50045	47.2	0.195	rgb(219,180,180)	1.9242	None
SIX2	CACNG7	-0.50045	47.2	-2.0E-01	rgb(174,191,225)	1.9242	None
TEAD1	SMARCC1	0.50045	47.2	0.198	rgb(219,179,180)	1.9242	None
ZNF514	LOC100271836	0.50045	47.2	0.195	rgb(219,180,180)	1.9242	2,2
ETV1	ATP6V0E2	0.49974	47.19	0.19	rgb(219,181,181)	1.924	None
HES4	KCNF1	0.49974	47.19	0.195	rgb(219,180,180)	1.924	None
LMX1A	LRRC37A	0.49974	47.19	0.189	rgb(219,181,181)	1.924	None
ONECUT3	CCDC39	-0.49974	47.19	-1.9E-01	rgb(177,192,224)	1.924	None
AKNA	JA760600	-0.49974	47.19	-1.9E-01	rgb(175,191,224)	1.924	2,2
EGR3	LRFN1	0.49902	47.18	0.181	rgb(219,182,183)	1.9238	None
ETV1	KCNIP3	0.49902	47.18	0.179	rgb(219,183,183)	1.9238	None
FEV	RAB4B-EGLN2	-0.49902	47.18	-1.8E-01	rgb(177,193,224)	1.9238	None
GATA4	ROBO1	0.49902	47.18	0.176	rgb(219,183,184)	1.9238	None
LHX1	MEP1B	-0.49902	47.18	-1.8E-01	rgb(179,194,224)	1.9238	None
TEAD1	GAD2	-0.49902	47.18	-1.8E-01	rgb(178,193,224)	1.9238	None
ZNF846	FLJ00278	-0.49902	47.18	-1.8E-01	rgb(179,194,224)	1.9238	2,2
FEV	ST8SIA3	0.4983	47.17	0.174	rgb(219,184,184)	1.9236	None
FOXD4L5	VASH2	-0.4983	47.17	-1.7E-01	rgb(181,195,223)	1.9236	None
NFAT5	EPHA4	0.4983	47.17	0.175	rgb(219,184,184)	1.9236	None
LMX1B	TMEM151A	0.49759	47.16	0.163	rgb(219,186,186)	1.9234	None
NPAS3	BC033961	0.49759	47.16	0.159	rgb(219,187,187)	1.9234	2,2
ONECUT3	TEAD1	-0.49687	47.15	-1.5E-01	rgb(185,198,223)	1.9232	None
RFX2	MMD2	0.49687	47.15	0.146	rgb(219,189,189)	1.9232	None
NEUROD2	KIAA1324	0.49615	47.14	0.145	rgb(219,189,190)	1.923	None
PDX1	GAD2	0.49615	47.14	0.144	rgb(219,190,190)	1.923	None
TEAD2	VOPP1	0.49615	47.14	0.144	rgb(219,190,190)	1.923	None
ONECUT3	DDC	0.49544	47.13	0.134	rgb(218,191,192)	1.9228	None
ARNT2	CD99L2	-0.49472	47.12	-1.2E-01	rgb(191,201,222)	1.9226	None
POU5F1	DOK6	-0.49472	47.12	-1.2E-01	rgb(190,201,222)	1.9226	None
ETV1	RGS11	0.494	47.11	0.107	rgb(218,197,197)	1.9224	None
MAFF	UCKL1-AS1	-0.49328	47.1	-9.5E-02	rgb(196,204,221)	1.9222	None
NEUROG3	PTP4A3	-0.49257	47.09	-9.4E-02	rgb(197,205,221)	1.922	None
NKX2-2	ADNP	-0.49257	47.09	-9.2E-02	rgb(197,205,220)	1.922	None
E2F7	CAMK2N2	-0.49185	47.08	-7.9E-02	rgb(200,207,220)	1.9218	None
EGR3	CHRNB2	0.49185	47.08	0.083	rgb(218,201,201)	1.9218	None
EGR3	TTLL10	0.49185	47.08	0.075	rgb(218,203,203)	1.9218	None
NFAT5	ADCY1	-0.49185	47.08	-8.3E-02	rgb(199,206,220)	1.9218	None
ZNF846	ADM5	0.49185	47.08	0.085	rgb(218,201,201)	1.9218	None
MAFB	MAGED4	0.49113	47.07	0.069	rgb(218,204,204)	1.9216	None
LHX1	NAT14	-0.49042	47.06	-5.6E-02	rgb(205,210,219)	1.9214	None
LHX1	NPM2	-0.49042	47.06	-6.3E-02	rgb(203,209,219)	1.9214	None
NKX2-2	IFI44	0.49042	47.06	0.06	rgb(218,206,206)	1.9214	None
PDX1	SLC7A4	-0.49042	47.06	-5.6E-02	rgb(205,210,219)	1.9214	None
RFX6	INSM1	0.49042	47.06	0.057	rgb(218,206,206)	1.9214	None
HIF1A	ENPP1	-0.4897	47.05	-4.9E-02	rgb(206,210,219)	1.9212	None
ZFP28	BEGAIN	0.4897	47.05	0.054	rgb(218,207,207)	1.9212	None
HSF2	SAP30	-0.48898	47.04	-4.4E-02	rgb(207,211,219)	1.921	None
ELF4	PLAC4	-0.48827	47.03	-3.4E-02	rgb(210,212,218)	1.9208	None
SIX2	CAMK2N2	0.48827	47.03	0.035	rgb(217,210,210)	1.9208	None
ZFHX2	KTN1-AS1	0.48827	47.03	0.033	rgb(217,211,211)	1.9208	None
MYT1	FHL1	-0.48827	47.03	-2.9E-02	rgb(211,213,218)	1.9208	2,2
ETV1	CD70	-0.48755	47.02	-2.1E-02	rgb(212,214,218)	1.9206	None
LMX1A	HSPA6	-0.48755	47.02	-1.9E-02	rgb(213,214,218)	1.9206	None
PRDM16	CLCNKA	-0.48683	47.01	-8.4E-03	rgb(215,216,217)	1.9204	None
EGR3	CNR1	0.48612	47	1.5E-04	rgb(217,217,217)	1.9202	None
SPIB	ZRANB2-AS1	0.48612	47	9.4E-04	rgb(217,217,217)	1.9202	None
ZBTB4	AK131337	0.4854	46.91	0.911	rgb(227, 43, 45)	1.9184	2,2
MAFB	ABCC8	-0.48465	46.9	-9.0E-01	rgb( 22, 98,251)	1.9182	None
PAX6	HES4	-0.48391	46.87	-8.7E-01	rgb( 28,102,250)	1.9176	None
NEUROG3	DENND2A	0.48317	46.86	0.855	rgb(226, 54, 55)	1.9174	None
ONECUT3	MYO3A	0.48317	46.86	0.863	rgb(226, 52, 54)	1.9174	None
SMAD9	SORCS2	0.48317	46.86	0.859	rgb(226, 53, 55)	1.9174	None
SIM1	XKR7	0.48317	46.86	0.865	rgb(227, 52, 54)	1.9174	2,2
ZNF514	AGAP9	0.48317	46.86	0.863	rgb(226, 52, 54)	1.9174	2,2
GATA4	ANKRD36C	-0.48242	46.84	-8.4E-01	rgb( 36,107,249)	1.917	None
MAFA	TRIM66	0.48242	46.84	0.838	rgb(226, 57, 59)	1.917	None
ELF4	FCAMR	-0.48168	46.83	-8.3E-01	rgb( 36,107,249)	1.9168	None
FOXA1	ROS1	0.48168	46.83	0.832	rgb(226, 58, 60)	1.9168	None
FOXA2	TMOD1	-0.48168	46.83	-8.3E-01	rgb( 36,107,249)	1.9168	None
ONECUT2	MYO3A	-0.48093	46.82	-8.2E-01	rgb( 40,109,248)	1.9166	None
TEAD1	FCAMR	-0.48093	46.82	-8.2E-01	rgb( 39,109,248)	1.9166	None
FOXA1	PKIA	0.48019	46.81	0.81	rgb(226, 62, 64)	1.9164	None
MAFB	CSF1R	0.48019	46.81	0.813	rgb(226, 62, 63)	1.9164	None
FOXD4L5	SOGA3	0.47944	46.8	0.797	rgb(226, 65, 66)	1.9162	None
HSF2	PNISR	0.47944	46.8	0.796	rgb(226, 65, 66)	1.9162	None
NR4A3	ACBD7	-0.47944	46.8	-8.0E-01	rgb( 43,111,247)	1.9162	None
ONECUT2	HIF1A	0.47944	46.8	0.801	rgb(226, 64, 66)	1.9162	None
ARX	USP6	0.4787	46.79	0.788	rgb(226, 66, 68)	1.916	None
HEY1	AX747535	-0.4787	46.79	-7.9E-01	rgb( 45,112,247)	1.916	2,2
ISL1	PHGR1	-0.4787	46.79	-7.9E-01	rgb( 46,113,247)	1.916	None
NFAT5	KCNMA1	0.4787	46.79	0.789	rgb(226, 66, 68)	1.916	None
MAFB	DDC	-0.47796	46.78	-7.8E-01	rgb( 47,114,247)	1.9158	None
NEUROG3	CCDC88A	0.47796	46.78	0.784	rgb(226, 67, 69)	1.9158	None
PDX1	COL16A1	0.47796	46.78	0.778	rgb(226, 68, 70)	1.9158	None
RORC	CCR6	-0.47796	46.78	-7.8E-01	rgb( 47,114,247)	1.9158	None
ZFP82	DLL4	0.47796	46.78	0.784	rgb(226, 67, 69)	1.9158	None
ELF4	GDF11	-0.47721	46.77	-7.7E-01	rgb( 50,115,246)	1.9156	None
SMAD9	RCOR2	0.47721	46.77	0.765	rgb(225, 71, 72)	1.9156	None
ZNF519	SMAD9	-0.47721	46.77	-7.7E-01	rgb( 49,115,246)	1.9156	None
NHLH1	SPON2	0.47647	46.76	0.763	rgb(225, 71, 73)	1.9154	None
NKX6-1	GOLGA6L5	0.47647	46.76	0.76	rgb(225, 72, 73)	1.9154	2,2
SIX2	RPRML	0.47647	46.76	0.763	rgb(225, 71, 73)	1.9154	None
TEAD1	FAIM2	-0.47647	46.76	-7.6E-01	rgb( 51,116,246)	1.9154	None
ZFP82	BAI2	0.47647	46.76	0.756	rgb(225, 73, 74)	1.9154	2,2
ZNF514	AX747140	0.47647	46.76	0.76	rgb(225, 72, 73)	1.9154	2,2
ELF4	FOXA2	-0.47572	46.75	-7.5E-01	rgb( 54,118,246)	1.9152	None
ETS1	RPLP0P2	-0.47572	46.75	-7.5E-01	rgb( 55,118,245)	1.9152	None
GATA2	ARHGEF26-AS1	0.47572	46.75	0.749	rgb(225, 74, 75)	1.9152	None
HLF	AX748322	-0.47572	46.75	-7.5E-01	rgb( 53,117,246)	1.9152	2,2
RORC	CPA1	0.47572	46.75	0.755	rgb(225, 73, 74)	1.9152	None
SIX2	FAM179A	0.47572	46.75	0.754	rgb(225, 73, 74)	1.9152	2,2
ZNF514	AK127443	0.47572	46.75	0.754	rgb(225, 73, 75)	1.9152	2,2
HMBOX1	LRRC36	0.47498	46.74	0.738	rgb(225, 76, 77)	1.915	None
HSF2	LGR6	-0.47498	46.74	-7.4E-01	rgb( 56,119,245)	1.915	None
MAFB	CHRNA1	0.47498	46.74	0.738	rgb(225, 76, 77)	1.915	None
NR4A3	TNFRSF6B	-0.47498	46.74	-7.4E-01	rgb( 56,119,245)	1.915	None
ONECUT3	RAB3C	0.47498	46.74	0.735	rgb(225, 77, 78)	1.915	None
PAX6	ASCL2	0.47498	46.74	0.743	rgb(225, 75, 77)	1.915	None
POU5F1	ADCY2	0.47498	46.74	0.741	rgb(225, 75, 77)	1.915	None
TFCP2L1	CCDC86	0.47498	46.74	0.737	rgb(225, 76, 78)	1.915	None
ZBTB25	BX648496	0.47498	46.74	0.744	rgb(225, 75, 76)	1.915	2,2
EGR3	REM2	0.47423	46.73	0.729	rgb(225, 78, 79)	1.9148	None
FOXD4L5	PAX6	0.47423	46.73	0.73	rgb(225, 78, 79)	1.9148	None
MAFA	STMND1	-0.47423	46.73	-7.3E-01	rgb( 58,120,245)	1.9148	None
MLXIPL	AK054970	-0.47423	46.73	-7.3E-01	rgb( 59,121,245)	1.9148	2,2
NHLH1	TMEM61	0.47423	46.73	0.732	rgb(225, 77, 79)	1.9148	None
ONECUT3	PAK6	0.47423	46.73	0.726	rgb(225, 78, 80)	1.9148	None
ZNF382	CACNA1B	-0.47423	46.73	-7.3E-01	rgb( 58,120,245)	1.9148	2,2
FEV	SV2B	0.47349	46.72	0.718	rgb(225, 80, 81)	1.9146	None
FOXD4L5	BOC	0.47349	46.72	0.719	rgb(225, 80, 81)	1.9146	None
MAFB	COL14A1	-0.47349	46.72	-7.2E-01	rgb( 60,122,244)	1.9146	None
SOX4	LCP1	-0.47349	46.72	-7.2E-01	rgb( 60,122,244)	1.9146	None
SPIB	SHC3	-0.47349	46.72	-7.2E-01	rgb( 60,121,245)	1.9146	None
ZNF492	AX746617	0.47349	46.72	0.722	rgb(225, 79, 81)	1.9146	2,2
ATF5	AGAP11	0.47274	46.71	0.713	rgb(225, 81, 82)	1.9144	None
EGR3	UNC80	-0.47274	46.71	-7.1E-01	rgb( 62,123,244)	1.9144	None
ETV1	RUNDC3A	0.47274	46.71	0.714	rgb(225, 81, 82)	1.9144	None
FOXA1	ANXA6	0.47274	46.71	0.71	rgb(225, 81, 83)	1.9144	None
HSF2	AKR1B1	0.47274	46.71	0.707	rgb(225, 82, 83)	1.9144	None
MAFA	RPS6KL1	0.47274	46.71	0.713	rgb(225, 81, 82)	1.9144	None
ATOH8	KIT	0.47274	46.71	0.711	rgb(225, 81, 83)	1.9144	2,2
HIC1	TNFRSF6B	-0.472	46.7	-7.0E-01	rgb( 64,124,244)	1.9142	None
HIF1A	KIRREL3	-0.472	46.7	-7.0E-01	rgb( 66,125,243)	1.9142	None
MAFB	ITPRIP	0.472	46.7	0.7	rgb(225, 83, 85)	1.9142	None
NEUROG3	TENM2	0.472	46.7	0.701	rgb(225, 83, 85)	1.9142	None
NR4A3	GSTA2	-0.472	46.7	-7.0E-01	rgb( 65,124,244)	1.9142	None
ONECUT2	CDRT4	-0.472	46.7	-7.0E-01	rgb( 65,125,244)	1.9142	None
PAX6	SOX4	-0.472	46.7	-7.0E-01	rgb( 64,124,244)	1.9142	None
RORC	SYN1	-0.472	46.7	-7.0E-01	rgb( 64,124,244)	1.9142	None
ZNF382	TMEM212	-0.472	46.7	-7.0E-01	rgb( 65,125,244)	1.9142	None
FOXJ1	PRELP	-0.47126	46.69	-6.9E-01	rgb( 66,125,243)	1.914	None
HIF1A	BCL2	-0.47126	46.69	-6.9E-01	rgb( 68,126,243)	1.914	None
HSF2	DOK6	-0.47126	46.69	-6.9E-01	rgb( 68,126,243)	1.914	None
MYRF	NBPF10	-0.47126	46.69	-6.9E-01	rgb( 68,126,243)	1.914	2,2
NFAT5	GJD2	-0.47126	46.69	-6.9E-01	rgb( 67,126,243)	1.914	2,2
NHLH1	ARHGAP9	0.47126	46.69	0.692	rgb(225, 85, 86)	1.914	None
ASCL1	LOC389332	0.47051	46.68	0.679	rgb(224, 87, 89)	1.9138	2,2
E2F7	DPYSL4	-0.47051	46.68	-6.8E-01	rgb( 70,128,243)	1.9138	None
MAFB	SLC6A16	0.47051	46.68	0.679	rgb(224, 87, 89)	1.9138	None
ONECUT2	MDN1	0.47051	46.68	0.676	rgb(224, 88, 89)	1.9138	None
PDX1	KL	0.47051	46.68	0.68	rgb(224, 87, 88)	1.9138	None
POU5F1	RPLP0P2	0.47051	46.68	0.681	rgb(224, 87, 88)	1.9138	None
PRDM16	CACNA1A	-0.47051	46.68	-6.8E-01	rgb( 68,127,243)	1.9138	None
PRDM16	VWCE	0.47051	46.68	0.682	rgb(225, 87, 88)	1.9138	None
TFCP2L1	FAM157A	-0.47051	46.68	-6.8E-01	rgb( 69,127,243)	1.9138	2,2
TFCP2L1	PPP1R1A	-0.47051	46.68	-6.8E-01	rgb( 69,127,243)	1.9138	None
TP73	STX2	0.47051	46.68	0.684	rgb(225, 86, 88)	1.9138	None
ZNF514	LOC643406	0.47051	46.68	0.679	rgb(224, 87, 89)	1.9138	2,2
HES4	SYP	0.46977	46.67	0.668	rgb(224, 89, 91)	1.9136	None
HLF	AK027332	0.46977	46.67	0.669	rgb(224, 89, 91)	1.9136	2,2
HOXB9	ARHGAP22	-0.46977	46.67	-6.7E-01	rgb( 72,129,242)	1.9136	None
HSF2	STMND1	0.46977	46.67	0.675	rgb(224, 88, 90)	1.9136	None
PBX3	ZDHHC8P1	-0.46977	46.67	-6.7E-01	rgb( 71,128,243)	1.9136	None
POU6F1	ACTL6B	0.46977	46.67	0.674	rgb(224, 88, 90)	1.9136	None
PRDM16	EGFR	0.46977	46.67	0.673	rgb(224, 89, 90)	1.9136	None
PRDM16	REM2	-0.46977	46.67	-6.7E-01	rgb( 72,129,242)	1.9136	None
SMAD9	GRHL3	0.46977	46.67	0.667	rgb(224, 90, 91)	1.9136	None
TEAD1	DOK6	-0.46977	46.67	-6.7E-01	rgb( 72,129,242)	1.9136	None
ARX	CLDN6	-0.46902	46.66	-6.6E-01	rgb( 74,130,242)	1.9134	None
ARX	HLF	0.46902	46.66	0.659	rgb(224, 91, 92)	1.9134	None
ASCL2	E2F7	-0.46902	46.66	-6.6E-01	rgb( 74,130,242)	1.9134	None
LMX1B	AK091729	-0.46902	46.66	-6.6E-01	rgb( 73,130,242)	1.9134	2,2
MAFB	KCNJ3	-0.46902	46.66	-6.6E-01	rgb( 73,130,242)	1.9134	None
RORC	SLC38A5	0.46902	46.66	0.661	rgb(224, 91, 92)	1.9134	None
SPIB	POM121L9P	-0.46902	46.66	-6.6E-01	rgb( 74,130,242)	1.9134	None
FOXD4L5	PPM1E	0.46828	46.65	0.65	rgb(224, 93, 94)	1.9132	None
MAFA	EDAR	-0.46828	46.65	-6.5E-01	rgb( 75,131,242)	1.9132	None
PAX4	HERC2P4	0.46828	46.65	0.651	rgb(224, 93, 94)	1.9132	None
PAX6	DPP10	-0.46828	46.65	-6.5E-01	rgb( 77,132,242)	1.9132	None
PBX1	MTSS1	0.46828	46.65	0.654	rgb(224, 92, 93)	1.9132	None
POU5F1	KIF5A	0.46828	46.65	0.652	rgb(224, 93, 94)	1.9132	None
RFX6	ENPP1	0.46828	46.65	0.648	rgb(224, 93, 94)	1.9132	None
AKNA	HIF1A-AS2	-0.46828	46.65	-6.5E-01	rgb( 75,131,242)	1.9132	2,2
FOXA1	SMOC1	0.46753	46.64	0.635	rgb(224, 96, 97)	1.913	None
FOXD4L5	MYSM1	0.46753	46.64	0.637	rgb(224, 95, 97)	1.913	None
GATA2	HERC2P4	0.46753	46.64	0.638	rgb(224, 95, 96)	1.913	None
HEY1	CD37	0.46753	46.64	0.643	rgb(224, 94, 95)	1.913	None
MAFB	SOX4	0.46753	46.64	0.635	rgb(224, 96, 97)	1.913	None
NKX2-2	UTS2B	-0.46753	46.64	-6.4E-01	rgb( 79,133,241)	1.913	None
ONECUT1	LOC202181	0.46753	46.64	0.638	rgb(224, 95, 96)	1.913	2,2
SPIB	HLF	-0.46753	46.64	-6.4E-01	rgb( 78,133,241)	1.913	None
ZFHX2	SLC25A27	0.46753	46.64	0.643	rgb(224, 94, 95)	1.913	None
ZFP82	LOC100128288	-0.46753	46.64	-6.4E-01	rgb( 79,133,241)	1.913	2,2
ASCL2	PTGDR2	0.46679	46.63	0.633	rgb(224, 96, 97)	1.9128	None
ETS1	SLC6A16	0.46679	46.63	0.632	rgb(224, 96, 98)	1.9128	None
LMX1B	AK128559	-0.46679	46.63	-6.3E-01	rgb( 79,133,241)	1.9128	2,2
RFX3	CACNG6	0.46679	46.63	0.635	rgb(224, 96, 97)	1.9128	None
ZFHX2	ICA1L	0.46679	46.63	0.626	rgb(224, 97, 99)	1.9128	None
ZFP82	ZNF846	-0.46679	46.63	-6.3E-01	rgb( 81,134,241)	1.9128	None
EBF3	SESN2	0.46605	46.62	0.625	rgb(224, 98, 99)	1.9126	None
EGR3	RBP2	-0.46605	46.62	-6.2E-01	rgb( 82,135,241)	1.9126	None
LMX1A	CD200	0.46605	46.62	0.623	rgb(224, 98, 99)	1.9126	None
PROX1	TRO	-0.46605	46.62	-6.2E-01	rgb( 83,135,241)	1.9126	2,2
RFX2	FAM227A	0.46605	46.62	0.622	rgb(224, 98, 99)	1.9126	None
TET1	EGFR	0.46605	46.62	0.615	rgb(224, 99,101)	1.9126	None
ZNF117	LINC00202-1	0.46605	46.62	0.616	rgb(224, 99,101)	1.9126	2,2
EGR3	MANEAL	0.4653	46.61	0.605	rgb(224,101,103)	1.9124	None
HSF2	POM121L9P	0.4653	46.61	0.612	rgb(224,100,101)	1.9124	None
NKX6-1	NFAT5	0.4653	46.61	0.614	rgb(224,100,101)	1.9124	None
POU2F2	PPP1R3C	0.4653	46.61	0.607	rgb(224,101,102)	1.9124	None
TET1	TMEM158	-0.4653	46.61	-6.1E-01	rgb( 85,137,240)	1.9124	None
TFCP2L1	ZBTB4	-0.4653	46.61	-6.1E-01	rgb( 84,136,240)	1.9124	None
ASCL1	SCUBE1	0.46456	46.6	0.604	rgb(224,102,103)	1.9122	None
ASCL2	CDRT4	-0.46456	46.6	-6.0E-01	rgb( 86,137,240)	1.9122	None
EGR3	STMND1	-0.46456	46.6	-6.0E-01	rgb( 86,137,240)	1.9122	None
RFX3	ACBD7	0.46456	46.6	0.596	rgb(224,103,104)	1.9122	None
RFX3	SLC25A27	0.46456	46.6	0.599	rgb(224,103,104)	1.9122	None
ZNF846	GREB1	-0.46456	46.6	-6.0E-01	rgb( 88,138,240)	1.9122	None
ARNT2	DNAJB13	-0.46381	46.59	-5.9E-01	rgb( 89,139,239)	1.912	None
ARX	TPGS1	-0.46381	46.59	-5.9E-01	rgb( 90,140,239)	1.912	None
ETV1	GAL	0.46381	46.59	0.592	rgb(224,104,105)	1.912	None
GATA4	CDRT4	-0.46381	46.59	-5.9E-01	rgb( 88,139,240)	1.912	None
HEYL	ZNF382	-0.46381	46.59	-5.9E-01	rgb( 90,140,239)	1.912	2,2
HSF2	ZNF519	0.46381	46.59	0.587	rgb(223,105,106)	1.912	None
LMX1B	ACTL6B	0.46381	46.59	0.587	rgb(223,105,106)	1.912	None
LMX1B	CALY	0.46381	46.59	0.59	rgb(223,104,106)	1.912	None
MAFB	IGFN1	0.46381	46.59	0.593	rgb(224,104,105)	1.912	None
PDX1	GTF2IRD1P1	-0.46381	46.59	-5.9E-01	rgb( 88,139,240)	1.912	None
TFCP2L1	LRRC10B	0.46381	46.59	0.59	rgb(223,104,105)	1.912	None
ZFHX2	TMPRSS11E	0.46381	46.59	0.593	rgb(224,104,105)	1.912	None
ZNF492	AK055017	0.46381	46.59	0.593	rgb(224,104,105)	1.912	2,2
ETS1	HCP5	-0.46307	46.58	-5.8E-01	rgb( 91,140,239)	1.9118	None
FOXA2	CIB4	-0.46307	46.58	-5.8E-01	rgb( 92,141,239)	1.9118	None
FOXD4L5	STRC	0.46307	46.58	0.576	rgb(223,107,108)	1.9118	None
LMX1B	KCNK3	0.46307	46.58	0.579	rgb(223,106,108)	1.9118	None
MAFB	LINC00643	-0.46307	46.58	-5.8E-01	rgb( 91,140,239)	1.9118	None
MAFF	NPM2	-0.46307	46.58	-5.8E-01	rgb( 92,141,239)	1.9118	None
PAX6	SLC6A16	-0.46307	46.58	-5.8E-01	rgb( 91,140,239)	1.9118	None
PBX1	AMPH	0.46307	46.58	0.584	rgb(223,105,107)	1.9118	None
RFX6	EGR3	-0.46307	46.58	-5.8E-01	rgb( 91,140,239)	1.9118	None
SIX2	GCK	0.46307	46.58	0.581	rgb(223,106,107)	1.9118	None
CCDC17	AX747179	0.46307	46.58	0.577	rgb(223,107,108)	1.9118	2,2
ZNF117	AL831889	0.46307	46.58	0.578	rgb(223,107,108)	1.9118	2,2
ARNT2	KDM1A	-0.46232	46.57	-5.7E-01	rgb( 94,142,238)	1.9116	None
FOXA1	GLYATL3	0.46232	46.57	0.568	rgb(223,108,110)	1.9116	None
FOXD4L5	GDF10	-0.46232	46.57	-5.7E-01	rgb( 93,141,239)	1.9116	None
NEUROD2	BC107568	0.46232	46.57	0.566	rgb(223,109,110)	1.9116	2,2
NEUROD2	BRS3	0.46232	46.57	0.569	rgb(223,108,109)	1.9116	None
PAX6	SIX2	-0.46232	46.57	-5.7E-01	rgb( 93,141,239)	1.9116	None
RORC	CLPS	0.46232	46.57	0.574	rgb(223,107,109)	1.9116	None
ZFP82	MAP6	-0.46232	46.57	-5.7E-01	rgb( 93,141,239)	1.9116	None
ZNF846	ABCC4	0.46232	46.57	0.568	rgb(223,108,110)	1.9116	None
MYT1	LOC441204	0.46232	46.57	0.574	rgb(223,107,108)	1.9116	2,2
ARX	FER1L6-AS1	-0.46158	46.56	-5.6E-01	rgb( 96,143,238)	1.9114	None
ELF4	CITED1	0.46158	46.56	0.56	rgb(223,110,111)	1.9114	None
FOXD4L5	PLCXD3	0.46158	46.56	0.558	rgb(223,110,111)	1.9114	None
GATA4	PPM1E	0.46158	46.56	0.561	rgb(223,110,111)	1.9114	None
HEYL	LOC646903	-0.46158	46.56	-5.6E-01	rgb( 95,143,238)	1.9114	2,2
LMX1B	BX537634	0.46158	46.56	0.557	rgb(223,111,112)	1.9114	2,2
LMX1B	CPA1	-0.46158	46.56	-5.6E-01	rgb( 95,143,238)	1.9114	None
LMX1B	STARD9	0.46158	46.56	0.557	rgb(223,111,112)	1.9114	None
MAFB	FSTL5	-0.46158	46.56	-5.6E-01	rgb( 96,143,238)	1.9114	None
NKX6-1	KLB	0.46158	46.56	0.565	rgb(223,109,110)	1.9114	None
ZFHX2	NEAT1	0.46158	46.56	0.557	rgb(223,111,112)	1.9114	None
ZFP82	CCDC150	-0.46158	46.56	-5.6E-01	rgb( 95,143,238)	1.9114	None
ZNF846	GATA6	0.46158	46.56	0.557	rgb(223,111,112)	1.9114	None
NPAS3	PCDH17	0.46158	46.56	0.556	rgb(223,111,112)	1.9114	2,2
SETBP1	XAF1	0.46158	46.56	0.556	rgb(223,111,112)	1.9114	2,2
ARX	LRAT	-0.46083	46.55	-5.5E-01	rgb( 97,144,238)	1.9112	None
ASCL1	CHST9	0.46083	46.55	0.547	rgb(223,112,114)	1.9112	2,2
EGR3	YPEL4	0.46083	46.55	0.547	rgb(223,113,114)	1.9112	None
FOXA2	ACTL6B	0.46083	46.55	0.554	rgb(223,111,112)	1.9112	None
FOXJ1	CELA3B	-0.46083	46.55	-5.5E-01	rgb( 99,145,238)	1.9112	None
HMBOX1	TTR	0.46083	46.55	0.555	rgb(223,111,112)	1.9112	None
INSM1	GPR112	0.46083	46.55	0.55	rgb(223,112,113)	1.9112	2,2
PDX1	MCM3AP-AS1	-0.46083	46.55	-5.5E-01	rgb( 97,144,238)	1.9112	None
RORC	KRTAP5-2	-0.46083	46.55	-5.5E-01	rgb( 98,144,238)	1.9112	None
SIX2	FFAR1	0.46083	46.55	0.554	rgb(223,111,112)	1.9112	2,2
ZFHX2	ANKFN1	-0.46083	46.55	-5.5E-01	rgb( 97,144,238)	1.9112	None
ZNF492	PNPO	0.46083	46.55	0.548	rgb(223,112,113)	1.9112	None
CXXC4	LIMD2	-0.46009	46.54	-5.4E-01	rgb( 99,145,238)	1.911	2,2
EGR3	RTEL1	0.46009	46.54	0.536	rgb(223,115,116)	1.911	None
ETS1	FEV	-0.46009	46.54	-5.4E-01	rgb( 99,145,238)	1.911	None
FOXA2	AK025975	0.46009	46.54	0.535	rgb(223,115,116)	1.911	2,2
FOXD4L5	FER1L6-AS1	0.46009	46.54	0.542	rgb(223,114,115)	1.911	None
ONECUT3	PAX6	0.46009	46.54	0.544	rgb(223,113,114)	1.911	None
PBX3	SLC7A14	0.46009	46.54	0.539	rgb(223,114,115)	1.911	None
SIX2	GRAP2	0.46009	46.54	0.543	rgb(223,113,114)	1.911	None
TEAD2	NTRK1	-0.46009	46.54	-5.4E-01	rgb(100,146,237)	1.911	None
ZNF492	MED12L	0.46009	46.54	0.536	rgb(223,115,116)	1.911	None
ASCL2	CLCNKA	0.45935	46.53	0.531	rgb(223,116,117)	1.9108	None
EGR3	COL14A1	0.45935	46.53	0.533	rgb(223,115,116)	1.9108	None
ETS1	CCDC74B	-0.45935	46.53	-5.3E-01	rgb(102,147,237)	1.9108	None
ETV1	ATOH8	0.45935	46.53	0.528	rgb(223,116,117)	1.9108	None
FEV	HERC5	0.45935	46.53	0.53	rgb(223,116,117)	1.9108	None
GATA4	NPAS3	0.45935	46.53	0.528	rgb(223,116,117)	1.9108	None
HES4	CEND1	0.45935	46.53	0.53	rgb(223,116,117)	1.9108	None
HLF	DQ573539	-0.45935	46.53	-5.3E-01	rgb(102,147,237)	1.9108	2,2
HOXB9	MAGED1	-0.45935	46.53	-5.3E-01	rgb(101,147,237)	1.9108	None
LMX1B	CR627206	-0.45935	46.53	-5.3E-01	rgb(102,147,237)	1.9108	2,2
PRDM16	ECE2	-0.45935	46.53	-5.3E-01	rgb(101,146,237)	1.9108	None
ZFHX2	AK025975	-0.45935	46.53	-5.3E-01	rgb(103,148,237)	1.9108	2,2
SIM1	GPC5-AS1	0.45935	46.53	0.534	rgb(223,115,116)	1.9108	2,2
ARX	CACNA2D2	0.4586	46.52	0.516	rgb(223,118,119)	1.9106	None
ETV1	CAMK1	0.4586	46.52	0.523	rgb(223,117,118)	1.9106	None
FOXA1	KCNK17	0.4586	46.52	0.524	rgb(223,117,118)	1.9106	None
GATA4	FGF9	0.4586	46.52	0.521	rgb(223,117,118)	1.9106	None
HSF2	SLC18A1	-0.4586	46.52	-5.2E-01	rgb(104,148,237)	1.9106	None
NKX2-2	NPW	0.4586	46.52	0.52	rgb(223,118,119)	1.9106	None
ONECUT2	AK094909	0.4586	46.52	0.52	rgb(223,118,119)	1.9106	2,2
PDX1	AK293147	-0.4586	46.52	-5.2E-01	rgb(105,149,237)	1.9106	2,2
ARX	PRRT3	0.45786	46.51	0.509	rgb(223,120,121)	1.9104	None
EGR3	ARHGAP22	-0.45786	46.51	-5.1E-01	rgb(107,150,236)	1.9104	None
GATA4	SCG3	0.45786	46.51	0.507	rgb(223,120,121)	1.9104	None
HSF2	LDB1	-0.45786	46.51	-5.1E-01	rgb(107,150,236)	1.9104	None
HSF2	VSTM2L	0.45786	46.51	0.505	rgb(223,121,122)	1.9104	None
LHX1	MMP11	-0.45786	46.51	-5.1E-01	rgb(106,149,236)	1.9104	None
LHX1	PRKCG	0.45786	46.51	0.515	rgb(223,119,120)	1.9104	None
LHX1	SULT1A4	0.45786	46.51	0.506	rgb(223,120,121)	1.9104	None
MAFB	SULT1C2P1	-0.45786	46.51	-5.1E-01	rgb(107,150,236)	1.9104	None
MAFF	CDH22	-0.45786	46.51	-5.1E-01	rgb(106,149,237)	1.9104	None
RFX6	FAM57B	0.45786	46.51	0.513	rgb(223,119,120)	1.9104	2,2
TP73	HSPB7	-0.45786	46.51	-5.1E-01	rgb(107,150,236)	1.9104	None
AEBP1	AK054990	0.45786	46.51	0.513	rgb(223,119,120)	1.9104	2,2
ELF4	AK293147	0.45711	46.5	0.5	rgb(222,122,123)	1.9102	2,2
ELF4	DCHS1	-0.45711	46.5	-5.0E-01	rgb(109,151,236)	1.9102	None
ETV1	EIF4EBP1	0.45711	46.5	0.498	rgb(222,122,123)	1.9102	None
FOXP2	SLC18A1	-0.45711	46.5	-5.0E-01	rgb(108,151,236)	1.9102	None
GATA2	CAMK2N2	0.45711	46.5	0.5	rgb(222,122,123)	1.9102	None
GATA2	CAMKV	0.45711	46.5	0.495	rgb(222,122,123)	1.9102	None
HEY1	LINC00202-1	-0.45711	46.5	-5.0E-01	rgb(108,151,236)	1.9102	2,2
HIF1A	WWC2-AS2	0.45711	46.5	0.505	rgb(223,121,122)	1.9102	None
LMX1B	NEAT1	-0.45711	46.5	-5.0E-01	rgb(108,151,236)	1.9102	None
MAFB	STMN2	-0.45711	46.5	-5.0E-01	rgb(108,151,236)	1.9102	None
PAX6	ADD2	-0.45711	46.5	-5.0E-01	rgb(109,151,236)	1.9102	None
PAX6	CHRNB2	-0.45711	46.5	-5.0E-01	rgb(109,151,236)	1.9102	None
PBX3	COL21A1	0.45711	46.5	0.502	rgb(223,121,122)	1.9102	None
PDX1	NCS1	0.45711	46.5	0.503	rgb(223,121,122)	1.9102	None
PRDM16	YPEL4	-0.45711	46.5	-5.0E-01	rgb(109,151,236)	1.9102	None
AKNA	AX747853	-0.45711	46.5	-5.0E-01	rgb(108,151,236)	1.9102	2,2
E2F7	KHK	0.45637	46.49	0.492	rgb(222,123,124)	1.91	None
ELF4	GDAP1	-0.45637	46.49	-4.9E-01	rgb(111,152,236)	1.91	None
ETS1	RASL11B	0.45637	46.49	0.489	rgb(222,124,125)	1.91	None
LHX1	KCNMB3	0.45637	46.49	0.485	rgb(222,124,125)	1.91	None
MYRF	JA760600	0.45637	46.49	0.49	rgb(222,123,124)	1.91	2,2
PAX4	MTUS2	0.45637	46.49	0.493	rgb(222,123,124)	1.91	None
RORC	CXCL12	-0.45637	46.49	-4.9E-01	rgb(110,152,236)	1.91	None
SPIB	TSSK4	-0.45637	46.49	-4.9E-01	rgb(111,153,236)	1.91	None
ZFHX2	MYRF	-0.45637	46.49	-4.9E-01	rgb(111,152,236)	1.91	None
ZNF382	LGR6	-0.45637	46.49	-4.9E-01	rgb(111,153,236)	1.91	None
ARX	ZBTB4	0.45562	46.48	0.478	rgb(222,126,127)	1.9098	None
ASCL1	KHK	0.45562	46.48	0.479	rgb(222,126,127)	1.9098	None
FEV	SST	0.45562	46.48	0.478	rgb(222,126,127)	1.9098	None
FOXA2	INSC	-0.45562	46.48	-4.8E-01	rgb(113,154,235)	1.9098	None
FOXD4L5	UCN3	0.45562	46.48	0.485	rgb(222,124,125)	1.9098	None
GATA4	PLCG2	-0.45562	46.48	-4.8E-01	rgb(114,154,235)	1.9098	None
HLF	LOC100996634	-0.45562	46.48	-4.8E-01	rgb(113,154,235)	1.9098	2,2
HSF2	AMPH	-0.45562	46.48	-4.8E-01	rgb(113,154,235)	1.9098	None
HSF2	FGF17	-0.45562	46.48	-4.8E-01	rgb(114,154,235)	1.9098	None
MAFB	SCN3B	-0.45562	46.48	-4.8E-01	rgb(114,154,235)	1.9098	None
NKX2-2	BCORL1	-0.45562	46.48	-4.8E-01	rgb(114,154,235)	1.9098	None
ST18	DACT1	-0.45562	46.48	-4.8E-01	rgb(112,153,235)	1.9098	2,2
ZNF519	RNF150	0.45562	46.48	0.477	rgb(222,126,127)	1.9098	None
ZNF846	AK095546	-0.45562	46.48	-4.8E-01	rgb(113,154,235)	1.9098	2,2
KCNIP3	LOC100288332	0.45562	46.48	0.475	rgb(222,126,127)	1.9098	2,2
ARX	TMEFF2	-0.45488	46.47	-4.7E-01	rgb(115,155,235)	1.9096	None
DPF3	AK128833	0.45488	46.47	0.474	rgb(222,126,127)	1.9096	2,2
EGR3	RORC	0.45488	46.47	0.466	rgb(222,128,129)	1.9096	None
HES4	PRRT3	0.45488	46.47	0.474	rgb(222,126,127)	1.9096	None
MAFB	SFRP1	-0.45488	46.47	-4.7E-01	rgb(115,155,235)	1.9096	None
NEUROG3	GUSBP3	0.45488	46.47	0.469	rgb(222,127,128)	1.9096	2,2
NFAT5	FAT3	-0.45488	46.47	-4.7E-01	rgb(114,154,235)	1.9096	None
ONECUT2	SYNE2	0.45488	46.47	0.466	rgb(222,128,129)	1.9096	None
ONECUT3	PBX1	-0.45488	46.47	-4.7E-01	rgb(115,155,235)	1.9096	None
SIX2	FOXP2	-0.45488	46.47	-4.7E-01	rgb(115,155,235)	1.9096	None
SOX4	NEUROD2	0.45488	46.47	0.468	rgb(222,128,129)	1.9096	None
SPIB	CCDC78	-0.45488	46.47	-4.7E-01	rgb(114,155,235)	1.9096	None
TET1	SMTNL2	0.45488	46.47	0.472	rgb(222,127,128)	1.9096	None
TP73	YPEL4	0.45488	46.47	0.469	rgb(222,127,128)	1.9096	None
ZNF382	GPR116	-0.45488	46.47	-4.7E-01	rgb(116,156,235)	1.9096	2,2
DZIP1	WBSCR27	-0.45488	46.47	-4.7E-01	rgb(115,155,235)	1.9096	2,2
ZNF514	AK094909	0.45488	46.47	0.471	rgb(222,127,128)	1.9096	2,2
ETV1	AP3B2	0.45414	46.46	0.456	rgb(222,130,131)	1.9094	None
ETV1	APOC3	0.45414	46.46	0.461	rgb(222,129,130)	1.9094	None
FOXD4L5	H1FX-AS1	-0.45414	46.46	-4.6E-01	rgb(117,156,235)	1.9094	None
HEY1	ONECUT1	-0.45414	46.46	-4.6E-01	rgb(116,156,235)	1.9094	2,2
INSM1	SH2D3C	0.45414	46.46	0.461	rgb(222,129,130)	1.9094	None
LMX1B	UCN3	0.45414	46.46	0.465	rgb(222,128,129)	1.9094	None
PBX3	PRR7	0.45414	46.46	0.458	rgb(222,130,130)	1.9094	None
ZFHX2	ZCCHC18	0.45414	46.46	0.46	rgb(222,129,130)	1.9094	None
ZNF846	SPDYE7P	-0.45414	46.46	-4.6E-01	rgb(118,157,234)	1.9094	None
SIM1	LOC283731	0.45414	46.46	0.457	rgb(222,130,131)	1.9094	2,2
ZNF117	BC010924	0.45414	46.46	0.459	rgb(222,129,130)	1.9094	2,2
ETV1	SPDYE5	-0.45339	46.45	-4.5E-01	rgb(120,158,234)	1.9092	None
LMX1B	ADD2	0.45339	46.45	0.446	rgb(222,132,133)	1.9092	None
LMX1B	FMN2	0.45339	46.45	0.454	rgb(222,130,131)	1.9092	None
NKX6-1	AX747756	0.45339	46.45	0.451	rgb(222,131,132)	1.9092	2,2
ONECUT2	MUC16	0.45339	46.45	0.451	rgb(222,131,132)	1.9092	None
PAX6	SLC25A53	-0.45339	46.45	-4.5E-01	rgb(120,158,234)	1.9092	None
PDX1	SIRPA	0.45339	46.45	0.446	rgb(222,132,133)	1.9092	None
SIX2	HOMEZ	-0.45339	46.45	-4.5E-01	rgb(119,157,234)	1.9092	None
TFCP2L1	BC107568	0.45339	46.45	0.45	rgb(222,131,132)	1.9092	2,2
CSRNP3	BC053580	0.45339	46.45	0.453	rgb(222,130,131)	1.9092	2,2
ZNF788	FLJ35282	0.45339	46.45	0.45	rgb(222,131,132)	1.9092	2,2
ASCL1	TOX3	-0.45265	46.44	-4.4E-01	rgb(122,159,234)	1.909	None
DPF3	AK091729	0.45265	46.44	0.445	rgb(222,132,133)	1.909	2,2
FOXA1	EPM2A	0.45265	46.44	0.443	rgb(222,132,133)	1.909	None
GATA2	TRIM24	-0.45265	46.44	-4.4E-01	rgb(122,159,234)	1.909	None
GATA4	SPON2	-0.45265	46.44	-4.4E-01	rgb(122,159,234)	1.909	None
HEYL	SPEG	-0.45265	46.44	-4.4E-01	rgb(121,159,234)	1.909	None
MAFF	ZSCAN12P1	-0.45265	46.44	-4.4E-01	rgb(122,159,234)	1.909	2,2
ONECUT2	RGS17	-0.45265	46.44	-4.4E-01	rgb(121,159,234)	1.909	None
ONECUT3	STMND1	0.45265	46.44	0.444	rgb(222,132,133)	1.909	None
ZFHX2	GPBAR1	0.45265	46.44	0.444	rgb(222,132,133)	1.909	None
SIM1	FHL1	0.45265	46.44	0.441	rgb(222,133,134)	1.909	2,2
EGR3	KCNG1	0.4519	46.43	0.435	rgb(222,134,135)	1.9088	None
ETV1	SAP30	0.4519	46.43	0.427	rgb(222,135,136)	1.9088	None
LMX1B	LOC729603	-0.4519	46.43	-4.3E-01	rgb(125,161,233)	1.9088	2,2
NKX2-2	SPON1	-0.4519	46.43	-4.3E-01	rgb(123,160,233)	1.9088	None
TET1	AK128563	0.4519	46.43	0.425	rgb(222,136,137)	1.9088	2,2
TET1	KIF19	-0.4519	46.43	-4.3E-01	rgb(124,160,233)	1.9088	None
ZNF846	RNF213	-0.4519	46.43	-4.3E-01	rgb(124,160,233)	1.9088	None
CCDC17	CYSLTR2	0.4519	46.43	0.429	rgb(222,135,136)	1.9088	2,2
ELF4	RNF213	-0.45116	46.42	-4.2E-01	rgb(126,162,233)	1.9086	None
FOXA1	ADH6	0.45116	46.42	0.423	rgb(222,136,137)	1.9086	None
FOXA2	HAP1	-0.45116	46.42	-4.2E-01	rgb(126,162,233)	1.9086	None
HSF2	TMPRSS11E	0.45116	46.42	0.417	rgb(222,137,138)	1.9086	None
ISL1	LRP2BP	0.45116	46.42	0.424	rgb(222,136,137)	1.9086	None
MAFB	ZBTB4	0.45116	46.42	0.422	rgb(222,136,137)	1.9086	None
MAFF	BRS3	0.45116	46.42	0.417	rgb(222,137,138)	1.9086	None
NEUROG3	MPP2	0.45116	46.42	0.422	rgb(222,136,137)	1.9086	None
ONECUT3	DHRS2	0.45116	46.42	0.424	rgb(222,136,137)	1.9086	None
PBX3	ID1	-0.45116	46.42	-4.2E-01	rgb(125,161,233)	1.9086	None
SIX2	CCNA1	0.45116	46.42	0.422	rgb(222,136,137)	1.9086	2,2
SMAD9	LIMS2	0.45116	46.42	0.424	rgb(222,136,137)	1.9086	None
TGIF2	BGN	0.45116	46.42	0.42	rgb(222,137,138)	1.9086	None
ZFHX2	P2RX6	-0.45116	46.42	-4.2E-01	rgb(127,162,233)	1.9086	None
ZNF846	KCNH6	-0.45116	46.42	-4.2E-01	rgb(126,162,233)	1.9086	None
ZNF883	BC053580	0.45116	46.42	0.421	rgb(222,137,137)	1.9086	2,2
NPAS3	RIC3	0.45116	46.42	0.419	rgb(222,137,138)	1.9086	2,2
ZBTB4	FLJ45340	0.45116	46.42	0.416	rgb(222,137,138)	1.9086	2,2
ARX	LOC100288123	0.45041	46.41	0.41	rgb(222,139,139)	1.9084	2,2
ELF4	KCNH3	0.45041	46.41	0.408	rgb(221,139,140)	1.9084	None
ELF4	SPP1	0.45041	46.41	0.407	rgb(221,139,140)	1.9084	None
ETV1	TMOD1	0.45041	46.41	0.412	rgb(222,138,139)	1.9084	None
GLIS2	KCNN3	-0.45041	46.41	-4.1E-01	rgb(128,163,233)	1.9084	None
LMX1B	C7	0.45041	46.41	0.408	rgb(221,139,140)	1.9084	None
MAFB	SCARA3	-0.45041	46.41	-4.1E-01	rgb(128,163,233)	1.9084	None
NEUROD2	FLJ38723	0.45041	46.41	0.408	rgb(221,139,140)	1.9084	2,2
NHLH1	CDH22	0.45041	46.41	0.407	rgb(221,139,140)	1.9084	None
ONECUT1	ELFN1	0.45041	46.41	0.413	rgb(222,138,139)	1.9084	None
PDX1	E10222	-0.45041	46.41	-4.1E-01	rgb(128,163,233)	1.9084	2,2
PROX1	BC040563	0.45041	46.41	0.413	rgb(222,138,139)	1.9084	2,2
TFCP2L1	MCM3AP-AS1	-0.45041	46.41	-4.1E-01	rgb(128,163,233)	1.9084	None
ZFP62	PLCE1-AS1	0.45041	46.41	0.414	rgb(222,138,139)	1.9084	2,2
E2F7	GPC2	-0.44967	46.4	-4.0E-01	rgb(130,164,232)	1.9082	None
HEY1	AL832212	-0.44967	46.4	-4.0E-01	rgb(131,165,232)	1.9082	2,2
HSF2	KRTAP5-2	-0.44967	46.4	-4.0E-01	rgb(130,164,232)	1.9082	None
ISL1	DQ600483	0.44967	46.4	0.396	rgb(221,141,142)	1.9082	2,2
LMX1B	APLP1	0.44967	46.4	0.399	rgb(221,141,142)	1.9082	None
MAFF	ASXL3	0.44967	46.4	0.398	rgb(221,141,142)	1.9082	2,2
NHLH1	FDPSP2	-0.44967	46.4	-4.0E-01	rgb(131,164,232)	1.9082	None
NKX2-2	LTBP2	0.44967	46.4	0.403	rgb(221,140,141)	1.9082	None
NKX2-2	RGS4	0.44967	46.4	0.404	rgb(221,140,141)	1.9082	None
ONECUT3	LINC00514	0.44967	46.4	0.403	rgb(221,140,141)	1.9082	None
PAX6	DKFZP434K028	-0.44967	46.4	-4.0E-01	rgb(130,164,232)	1.9082	2,2
PRDM16	FUT7	-0.44967	46.4	-4.0E-01	rgb(130,164,232)	1.9082	None
RFX2	CACNG4	0.44967	46.4	0.402	rgb(221,140,141)	1.9082	None
SIX2	AGAP11	0.44967	46.4	0.398	rgb(221,141,142)	1.9082	None
SIX2	AX747516	0.44967	46.4	0.401	rgb(221,140,141)	1.9082	2,2
TEAD2	STMN3	-0.44967	46.4	-4.0E-01	rgb(131,165,232)	1.9082	None
ZNF846	PTHLH	0.44967	46.4	0.4	rgb(221,141,141)	1.9082	None
ZNF846	SPDYE6	-0.44967	46.4	-4.0E-01	rgb(131,165,232)	1.9082	2,2
ZNF788	AF258560	0.44967	46.4	0.397	rgb(221,141,142)	1.9082	2,2
ARX	ATP6V1G2	0.44892	46.39	0.394	rgb(221,142,143)	1.908	None
ETS1	GRASP	0.44892	46.39	0.392	rgb(221,142,143)	1.908	None
GATA2	SUSD4	-0.44892	46.39	-3.9E-01	rgb(132,165,232)	1.908	None
ONECUT2	MMP13	0.44892	46.39	0.387	rgb(221,143,144)	1.908	None
PBX1	AX747393	0.44892	46.39	0.386	rgb(221,143,144)	1.908	2,2
TFCP2L1	CBX2	0.44892	46.39	0.391	rgb(221,142,143)	1.908	None
KCNIP3	KIF5C	0.44892	46.39	0.386	rgb(221,143,144)	1.908	2,2
ARX	ZG16	-0.44818	46.38	-3.8E-01	rgb(134,166,232)	1.9078	None
ELF4	IPO11-LRRC70	0.44818	46.38	0.378	rgb(221,145,146)	1.9078	2,2
ELF4	POM121L10P	-0.44818	46.38	-3.8E-01	rgb(135,167,231)	1.9078	None
HLF	ZBTB4	-0.44818	46.38	-3.8E-01	rgb(135,167,231)	1.9078	None
MAFB	ACOT7	-0.44818	46.38	-3.8E-01	rgb(135,167,231)	1.9078	None
ONECUT2	ENPP7	-0.44818	46.38	-3.8E-01	rgb(134,166,232)	1.9078	None
PRDM16	CYP4F24P	0.44818	46.38	0.381	rgb(221,144,145)	1.9078	None
SOX4	FGF17	-0.44818	46.38	-3.8E-01	rgb(134,166,232)	1.9078	None
SPIB	TPST2	0.44818	46.38	0.382	rgb(221,144,145)	1.9078	None
TEAD2	HSF2	-0.44818	46.38	-3.8E-01	rgb(135,167,231)	1.9078	None
TEAD2	TMEM151A	0.44818	46.38	0.377	rgb(221,145,146)	1.9078	None
ZNF492	SPDYE1	0.44818	46.38	0.383	rgb(221,144,145)	1.9078	None
ZNF846	FAM126A	0.44818	46.38	0.384	rgb(221,144,144)	1.9078	None
NPAS3	NPY	0.44818	46.38	0.384	rgb(221,144,144)	1.9078	2,2
ELF4	FAM171A2	-0.44744	46.37	-3.7E-01	rgb(136,168,231)	1.9076	None
ELF4	MYRF	-0.44744	46.37	-3.7E-01	rgb(136,168,231)	1.9076	None
HEY1	ADD2	-0.44744	46.37	-3.7E-01	rgb(136,168,231)	1.9076	None
LHX1	FOXJ1	-0.44744	46.37	-3.7E-01	rgb(136,168,231)	1.9076	None
LMX1B	BC029255	-0.44744	46.37	-3.7E-01	rgb(136,168,231)	1.9076	2,2
LMX1B	CDH5	-0.44744	46.37	-3.7E-01	rgb(137,168,231)	1.9076	None
LMX1B	FAM110B	-0.44744	46.37	-3.7E-01	rgb(137,169,231)	1.9076	None
PDX1	SLC30A8	0.44744	46.37	0.372	rgb(221,146,147)	1.9076	None
RORC	TFF2	0.44744	46.37	0.374	rgb(221,146,146)	1.9076	None
TEAD1	ARL9	-0.44744	46.37	-3.7E-01	rgb(136,168,231)	1.9076	None
ZNF382	RBPMS	-0.44744	46.37	-3.7E-01	rgb(136,168,231)	1.9076	None
ZNF846	AX748283	-0.44744	46.37	-3.7E-01	rgb(136,168,231)	1.9076	2,2
SIM1	RSPH10B2	0.44744	46.37	0.367	rgb(221,147,148)	1.9076	2,2
EGR3	DNAH14	-0.44669	46.36	-3.6E-01	rgb(138,169,231)	1.9074	None
EGR3	HHEX	-0.44669	46.36	-3.6E-01	rgb(138,169,231)	1.9074	None
EGR3	RNF150	0.44669	46.36	0.364	rgb(221,148,148)	1.9074	None
EGR3	ZNF117	-0.44669	46.36	-3.6E-01	rgb(138,169,231)	1.9074	None
ETV1	FAM171B	0.44669	46.36	0.355	rgb(221,149,150)	1.9074	None
HSF2	GPR173	-0.44669	46.36	-3.6E-01	rgb(140,170,231)	1.9074	None
MAFF	KAT2B	0.44669	46.36	0.36	rgb(221,148,149)	1.9074	None
PDX1	LOC100862671	-0.44669	46.36	-3.6E-01	rgb(138,169,231)	1.9074	2,2
ELF4	CCK	0.44595	46.35	0.349	rgb(221,150,151)	1.9072	None
ELF4	GUSBP3	-0.44595	46.35	-3.5E-01	rgb(141,171,230)	1.9072	2,2
ELF4	RASD1	0.44595	46.35	0.35	rgb(221,150,151)	1.9072	None
ETS1	ARHGAP9	0.44595	46.35	0.35	rgb(221,150,151)	1.9072	None
FOXD4L5	CD99L2	-0.44595	46.35	-3.5E-01	rgb(142,171,230)	1.9072	None
LHX1	MX1	0.44595	46.35	0.352	rgb(221,150,150)	1.9072	None
LMX1A	GAP43	-0.44595	46.35	-3.5E-01	rgb(141,171,230)	1.9072	None
LMX1B	PPP1R3C	0.44595	46.35	0.348	rgb(221,150,151)	1.9072	None
NKX2-2	TSSK4	-0.44595	46.35	-3.5E-01	rgb(141,171,230)	1.9072	None
SIX2	KIAA1549	0.44595	46.35	0.353	rgb(221,150,150)	1.9072	None
TFCP2L1	ITGA7	0.44595	46.35	0.355	rgb(221,149,150)	1.9072	None
TFCP2L1	OSBPL6	0.44595	46.35	0.345	rgb(221,151,152)	1.9072	None
CCDC17	AK124970	0.44595	46.35	0.354	rgb(221,149,150)	1.9072	2,2
TSHZ1	FAM64A	-0.44595	46.35	-3.5E-01	rgb(140,170,230)	1.9072	2,2
ETS1	CACNG7	-0.4452	46.34	-3.4E-01	rgb(144,172,230)	1.907	None
ETS1	RUSC1-AS1	-0.4452	46.34	-3.4E-01	rgb(142,172,230)	1.907	None
LHX1	ZG16	-0.4452	46.34	-3.4E-01	rgb(143,172,230)	1.907	None
LMX1B	QDPR	0.4452	46.34	0.344	rgb(221,151,152)	1.907	None
NHLH1	STARD8	0.4452	46.34	0.345	rgb(221,151,152)	1.907	None
PDX1	VWCE	-0.4452	46.34	-3.4E-01	rgb(144,172,230)	1.907	None
PRDM16	RUNX1T1	-0.4452	46.34	-3.4E-01	rgb(143,172,230)	1.907	None
ZNF117	MURC	0.4452	46.34	0.336	rgb(221,153,154)	1.907	2,2
E2F7	JAZF1	-0.44446	46.33	-3.3E-01	rgb(145,173,230)	1.9068	None
ETV1	SH3RF3-AS1	0.44446	46.33	0.333	rgb(221,153,154)	1.9068	None
FOXA1	LGI3	0.44446	46.33	0.334	rgb(221,153,154)	1.9068	None
HIC1	NPTX2	0.44446	46.33	0.33	rgb(221,154,155)	1.9068	None
HOMEZ	LOC100216479	-0.44446	46.33	-3.3E-01	rgb(145,173,230)	1.9068	2,2
MAFF	KIAA1324	-0.44446	46.33	-3.3E-01	rgb(145,173,230)	1.9068	None
PAX6	DNAJB13	-0.44446	46.33	-3.3E-01	rgb(146,174,230)	1.9068	None
TEAD2	MAFF	0.44446	46.33	0.329	rgb(221,154,155)	1.9068	None
ZNF492	C7	-0.44446	46.33	-3.3E-01	rgb(146,174,229)	1.9068	None
ZNF883	TUBB2C	-0.44446	46.33	-3.3E-01	rgb(146,174,230)	1.9068	2,2
KCNIP3	AB074188	0.44446	46.33	0.326	rgb(221,155,155)	1.9068	2,2
NPAS3	FAM57B	0.44446	46.33	0.332	rgb(221,154,154)	1.9068	2,2
LHX1	MEX3A	-0.44371	46.32	-3.2E-01	rgb(149,175,229)	1.9066	None
ST18	DQ571357	-0.44371	46.32	-3.2E-01	rgb(148,175,229)	1.9066	2,2
ARX	HERC2P4	0.44297	46.31	0.306	rgb(220,159,159)	1.9064	None
GATA4	POU5F1	0.44297	46.31	0.306	rgb(220,159,159)	1.9064	None
HHEX	BC107568	0.44297	46.31	0.309	rgb(220,158,159)	1.9064	2,2
HIC1	CCDC113	0.44297	46.31	0.311	rgb(220,158,158)	1.9064	None
HIF1A	RAPGEF4	-0.44297	46.31	-3.1E-01	rgb(151,177,229)	1.9064	None
LMX1A	SEZ6L	-0.44297	46.31	-3.1E-01	rgb(150,176,229)	1.9064	None
PRDM16	HERC2P4	-0.44297	46.31	-3.1E-01	rgb(150,176,229)	1.9064	None
SPIB	KIAA0922	-0.44297	46.31	-3.1E-01	rgb(150,176,229)	1.9064	2,2
ATF6	ASXL3	-0.44223	46.3	-3.0E-01	rgb(151,177,229)	1.9062	None
ETS1	AVPR1B	-0.44223	46.3	-3.0E-01	rgb(151,177,229)	1.9062	None
ETV1	SYT14	0.44223	46.3	0.302	rgb(220,159,160)	1.9062	None
FOXD4L5	WSB1	0.44223	46.3	0.298	rgb(220,160,161)	1.9062	None
HEYL	CD37	0.44223	46.3	0.302	rgb(220,159,160)	1.9062	None
LMX1B	AK309215	-0.44223	46.3	-3.0E-01	rgb(151,177,228)	1.9062	2,2
LMX1B	SLC25A53	0.44223	46.3	0.298	rgb(220,160,161)	1.9062	None
LMX1B	TMEM169	0.44223	46.3	0.299	rgb(220,160,160)	1.9062	None
PBX3	SPC25	0.44223	46.3	0.296	rgb(220,160,161)	1.9062	None
AKNA	AL110171	-0.44223	46.3	-3.0E-01	rgb(151,177,229)	1.9062	2,2
ZNF788	AK124970	0.44223	46.3	0.301	rgb(220,159,160)	1.9062	2,2
ARX	FOXP2	-0.44148	46.29	-2.9E-01	rgb(154,179,228)	1.906	None
ASCL1	APBB2	-0.44148	46.29	-2.9E-01	rgb(155,179,228)	1.906	None
ETV1	EID1	0.44148	46.29	0.293	rgb(220,161,162)	1.906	None
GATA4	SDK1	0.44148	46.29	0.289	rgb(220,162,162)	1.906	None
HSF2	FER1L6-AS1	0.44148	46.29	0.292	rgb(220,161,162)	1.906	None
MAFA	SPOCK3	0.44148	46.29	0.288	rgb(220,162,163)	1.906	None
NKX2-2	EIF4EBP1	0.44148	46.29	0.29	rgb(220,162,162)	1.906	None
NKX6-1	AK091996	0.44148	46.29	0.295	rgb(220,161,161)	1.906	2,2
PRDM16	SCGB1A1	-0.44148	46.29	-2.9E-01	rgb(153,178,228)	1.906	None
SIX2	SPON2	-0.44148	46.29	-2.9E-01	rgb(154,179,228)	1.906	None
AKNA	BC007880	-0.44148	46.29	-2.9E-01	rgb(154,179,228)	1.906	2,2
CBX2	AK095045	0.44148	46.29	0.288	rgb(220,162,163)	1.906	2,2
DPF3	LOC727896	0.44074	46.28	0.282	rgb(220,163,164)	1.9058	2,2
ELF4	RD3	-0.44074	46.28	-2.8E-01	rgb(157,181,227)	1.9058	None
HSF2	GGT5	0.44074	46.28	0.278	rgb(220,164,164)	1.9058	None
ETV1	FGF14	0.43999	46.27	0.27	rgb(220,165,166)	1.9056	None
FOXJ1	CHRNB2	-0.43999	46.27	-2.7E-01	rgb(159,181,227)	1.9056	None
MAFB	PLEKHB1	-0.43999	46.27	-2.7E-01	rgb(158,181,227)	1.9056	None
MAFF	SMARCD2	-0.43999	46.27	-2.7E-01	rgb(158,181,227)	1.9056	None
NKX2-2	FJX1	-0.43999	46.27	-2.7E-01	rgb(159,182,227)	1.9056	None
PDX1	EIF4EBP1	-0.43999	46.27	-2.7E-01	rgb(159,182,227)	1.9056	None
TFCP2L1	CHRM4	0.43999	46.27	0.267	rgb(220,166,167)	1.9056	None
TFCP2L1	EIF4EBP1	0.43999	46.27	0.272	rgb(220,165,166)	1.9056	None
AKNA	S100G	-0.43999	46.27	-2.7E-01	rgb(158,181,227)	1.9056	2,2
HIC1	YPEL1	0.43925	46.26	0.258	rgb(220,168,168)	1.9054	None
MAFA	CADM3	-0.43925	46.26	-2.6E-01	rgb(161,183,227)	1.9054	None
PBX3	MCF2L	0.43925	46.26	0.257	rgb(220,168,168)	1.9054	None
PDX1	DRD2	-0.43925	46.26	-2.6E-01	rgb(160,182,227)	1.9054	None
ZFHX2	PAPPA2	0.43925	46.26	0.259	rgb(220,168,168)	1.9054	None
ZFP28	CDRT4	-0.43925	46.26	-2.6E-01	rgb(160,182,227)	1.9054	None
ZNF514	NBPF10	0.43925	46.26	0.257	rgb(220,168,168)	1.9054	2,2
EGR3	FAM161A	-0.4385	46.25	-2.5E-01	rgb(163,184,226)	1.9052	None
GATA2	USP32P2	0.4385	46.25	0.253	rgb(220,169,169)	1.9052	None
HLF	FXYD6	-0.4385	46.25	-2.5E-01	rgb(163,184,226)	1.9052	None
LMX1B	GPBAR1	0.4385	46.25	0.246	rgb(220,170,170)	1.9052	None
LTF	AK024248	0.4385	46.25	0.253	rgb(220,169,169)	1.9052	2,2
MAFA	POM121L10P	-0.4385	46.25	-2.5E-01	rgb(162,183,227)	1.9052	None
NEUROG3	JAKMIP2	0.4385	46.25	0.252	rgb(220,169,169)	1.9052	None
NKX6-1	CORO2B	-0.4385	46.25	-2.5E-01	rgb(162,183,227)	1.9052	None
NR4A2	CD52	-0.4385	46.25	-2.5E-01	rgb(162,184,227)	1.9052	None
PBX3	FBXL16	-0.4385	46.25	-2.5E-01	rgb(162,184,227)	1.9052	None
PDX1	HDAC7	0.4385	46.25	0.252	rgb(220,169,169)	1.9052	None
GATA2	SSTR3	0.43776	46.24	0.236	rgb(220,172,172)	1.905	None
GATA4	LGR6	0.43776	46.24	0.242	rgb(220,171,171)	1.905	None
LMX1B	CNGA4	0.43776	46.24	0.241	rgb(220,171,171)	1.905	None
MAFA	ZDHHC11	0.43776	46.24	0.238	rgb(220,171,172)	1.905	None
NKX2-2	TOX3	0.43776	46.24	0.245	rgb(220,170,171)	1.905	None
LMX1B	PDE8B	0.43701	46.23	0.233	rgb(220,173,173)	1.9048	None
MAFA	SSPO	0.43701	46.23	0.226	rgb(219,174,174)	1.9048	None
FOXA1	SRCIN1	0.43627	46.22	0.219	rgb(219,175,176)	1.9046	None
HIC1	L1TD1	0.43627	46.22	0.217	rgb(219,176,176)	1.9046	None
HMBOX1	MAP3K12	0.43627	46.22	0.222	rgb(219,175,175)	1.9046	None
PDX1	AEBP1	0.43627	46.22	0.217	rgb(219,176,176)	1.9046	None
POU5F1	DQ583756	0.43627	46.22	0.223	rgb(219,174,175)	1.9046	2,2
ETV1	CABP4	-0.43553	46.21	-2.1E-01	rgb(172,189,225)	1.9044	None
FOXD4L5	RASL11B	-0.43553	46.21	-2.1E-01	rgb(170,189,225)	1.9044	None
GATA4	ZFP90	0.43553	46.21	0.214	rgb(219,176,176)	1.9044	None
HLF	GATA6	0.43553	46.21	0.213	rgb(219,176,177)	1.9044	None
LHX1	ST8SIA5	0.43553	46.21	0.207	rgb(219,177,178)	1.9044	None
NEUROG3	HOMEZ	-0.43553	46.21	-2.1E-01	rgb(171,189,225)	1.9044	None
NR4A2	CXCL12	-0.43553	46.21	-2.1E-01	rgb(171,189,225)	1.9044	None
PDX1	CHRM4	0.43553	46.21	0.207	rgb(219,178,178)	1.9044	None
TEAD1	LIN7A	-0.43553	46.21	-2.1E-01	rgb(171,189,225)	1.9044	None
SIM1	KAL1	0.43553	46.21	0.212	rgb(219,176,177)	1.9044	2,2
ARX	TMEM45A	0.43478	46.2	0.198	rgb(219,179,180)	1.9042	None
E2F7	SLC12A5	-0.43478	46.2	-2.0E-01	rgb(175,191,224)	1.9042	None
HMBOX1	SOCS1	-0.43478	46.2	-2.0E-01	rgb(174,191,225)	1.9042	None
SOX4	PELI3	-0.43478	46.2	-2.0E-01	rgb(173,190,225)	1.9042	None
ZNF788	OCLM	0.43478	46.2	0.2	rgb(219,179,179)	1.9042	2,2
ARX	FER1L4	0.43404	46.19	0.191	rgb(219,180,181)	1.904	None
EGR3	VOPP1	0.43404	46.19	0.186	rgb(219,182,182)	1.904	None
MAFA	TTLL6	0.43404	46.19	0.19	rgb(219,181,181)	1.904	None
NKX2-2	PDE6B	0.43404	46.19	0.188	rgb(219,181,182)	1.904	None
SPIB	NHLH1	-0.43404	46.19	-1.9E-01	rgb(176,192,224)	1.904	None
ZNF846	CLSTN2	-0.43404	46.19	-1.9E-01	rgb(175,192,224)	1.904	None
GATA2	RPS3	-0.43329	46.18	-1.8E-01	rgb(179,194,224)	1.9038	None
PAX6	CD96	-0.43329	46.18	-1.8E-01	rgb(177,193,224)	1.9038	None
PDX1	SV2B	0.43329	46.18	0.176	rgb(219,183,184)	1.9038	None
NPAS3	AK123868	0.43329	46.18	0.185	rgb(219,182,182)	1.9038	2,2
SETBP1	AK125437	0.43329	46.18	0.176	rgb(219,183,184)	1.9038	2,2
SIM1	UBE2QL1	0.43329	46.18	0.185	rgb(219,182,182)	1.9038	2,2
ZNF788	SUMO1P3	0.43329	46.18	0.176	rgb(219,183,184)	1.9038	2,2
GATA2	ZNF883	-0.43255	46.17	-1.7E-01	rgb(179,194,224)	1.9036	None
GATA4	KCNJ6	0.43255	46.17	0.168	rgb(219,185,185)	1.9036	None
MAFF	TNP1	0.43255	46.17	0.171	rgb(219,184,185)	1.9036	2,2
TFCP2L1	TMEM158	0.43255	46.17	0.167	rgb(219,185,185)	1.9036	None
SOX4	LRRTM3	-0.4318	46.16	-1.6E-01	rgb(183,196,223)	1.9034	None
TEAD1	ANK2	0.4318	46.16	0.162	rgb(219,186,186)	1.9034	None
ELF4	MMP13	-0.43106	46.15	-1.5E-01	rgb(184,197,223)	1.9032	None
FOXA1	SLC25A53	0.43106	46.15	0.15	rgb(219,188,189)	1.9032	None
GATA4	FLT1	-0.43106	46.15	-1.5E-01	rgb(185,198,223)	1.9032	None
SIX2	STXBP5L	0.43106	46.15	0.149	rgb(219,188,189)	1.9032	None
ZFHX2	LRP2BP	0.43106	46.15	0.15	rgb(219,188,189)	1.9032	None
DZIP1	MIR4697HG	0.43106	46.15	0.152	rgb(219,188,188)	1.9032	2,2
MYT1	GPR64	0.43106	46.15	0.149	rgb(219,188,189)	1.9032	2,2
NPAS3	BC042451	0.43106	46.15	0.15	rgb(219,188,189)	1.9032	2,2
EGR3	FZD4	-0.43032	46.14	-1.4E-01	rgb(186,198,222)	1.903	None
LHX1	ARL4D	0.43032	46.14	0.141	rgb(219,190,190)	1.903	None
ONECUT2	MIR137HG	0.43032	46.14	0.138	rgb(219,191,191)	1.903	None
PRDM16	B3GNTL1	0.43032	46.14	0.144	rgb(219,189,190)	1.903	None
ZFHX2	HAP1	0.43032	46.14	0.14	rgb(219,190,191)	1.903	None
PAX6	KCTD12	-0.42957	46.13	-1.3E-01	rgb(188,200,222)	1.9028	None
POU5F1	CCDC154	0.42957	46.13	0.133	rgb(218,192,192)	1.9028	2,2
ETS1	BC041025	-0.42883	46.12	-1.2E-01	rgb(190,201,222)	1.9026	2,2
GATA4	ADAM12	0.42883	46.12	0.124	rgb(218,193,194)	1.9026	None
LMX1B	PRR5-ARHGAP8	-0.42883	46.12	-1.2E-01	rgb(190,201,222)	1.9026	None
NEUROD2	MMP2	0.42883	46.12	0.121	rgb(218,194,194)	1.9026	None
ELF4	UCKL1-AS1	0.42808	46.11	0.105	rgb(218,197,197)	1.9024	None
GATA4	RGS5	-0.42808	46.11	-1.1E-01	rgb(194,203,221)	1.9024	None
NEUROD2	ANXA6	-0.42808	46.11	-1.1E-01	rgb(194,203,221)	1.9024	None
ZFHX2	CCDC14	0.42808	46.11	0.11	rgb(218,196,196)	1.9024	None
EGR3	TTR	-0.42734	46.1	-9.5E-02	rgb(196,204,221)	1.9022	None
NEUROD1	SLC22A13	-0.42734	46.1	-9.9E-02	rgb(196,204,221)	1.9022	None
ZFHX2	LDB1	0.42734	46.1	0.101	rgb(218,198,198)	1.9022	None
HSF2	ARC	0.42659	46.09	0.085	rgb(218,201,201)	1.902	None
NEUROG3	CACNA1A	0.42659	46.09	0.089	rgb(218,200,200)	1.902	None
FOXA1	ABCA9	0.42585	46.08	0.08	rgb(218,202,202)	1.9018	None
GATA2	MLXIPL	0.42585	46.08	0.081	rgb(218,201,202)	1.9018	None
GATA4	CDH5	-0.42585	46.08	-8.5E-02	rgb(199,206,220)	1.9018	None
LMX1B	RPL36A-HNRNPH2	-0.42585	46.08	-7.6E-02	rgb(201,207,220)	1.9018	None
NEUROG3	TMEFF2	0.42585	46.08	0.076	rgb(218,202,203)	1.9018	None
PDX1	RPL36A-HNRNPH2	0.42585	46.08	0.082	rgb(218,201,201)	1.9018	None
ARX	RCOR3	0.4251	46.07	0.073	rgb(218,203,203)	1.9016	None
NEUROD2	NEUROG3	-0.4251	46.07	-7.2E-02	rgb(201,207,220)	1.9016	2,2
NEUROG3	SPRY3	0.4251	46.07	0.07	rgb(218,204,204)	1.9016	None
PRDM16	ZNF518A	0.4251	46.07	0.074	rgb(218,203,203)	1.9016	None
TEAD1	NUTM1	-0.4251	46.07	-6.8E-02	rgb(202,208,220)	1.9016	None
ZFHX2	HMGB3	-0.4251	46.07	-7.4E-02	rgb(201,207,220)	1.9016	None
ARX	LDHD	0.42436	46.06	0.062	rgb(218,205,205)	1.9014	None
ASCL2	CDH5	0.42436	46.06	0.063	rgb(218,205,205)	1.9014	None
GATA4	SPINK4	-0.42436	46.06	-6.4E-02	rgb(203,209,219)	1.9014	None
NFAT5	KLB	0.42436	46.06	0.064	rgb(218,205,205)	1.9014	None
PBX3	ITPR1	0.42436	46.06	0.062	rgb(218,205,205)	1.9014	None
LHX1	KHK	-0.42362	46.05	-5.0E-02	rgb(206,210,219)	1.9012	None
NHLH1	PPP1R3C	-0.42362	46.05	-4.6E-02	rgb(207,211,219)	1.9012	None
ST18	LOC284581	0.42362	46.05	0.048	rgb(218,208,208)	1.9012	2,2
TEAD2	SMKR1	-0.42287	46.04	-3.9E-02	rgb(209,212,218)	1.901	None
NEUROD1	GAL	0.42213	46.03	0.025	rgb(217,212,212)	1.9008	None
ARNT2	CHRNB2	-0.42138	46.02	-2.2E-02	rgb(212,214,218)	1.9006	None
E2F7	PELI3	-0.42138	46.02	-1.6E-02	rgb(213,215,218)	1.9006	None
LHX1	DYNC1I1	0.42138	46.02	0.016	rgb(217,214,214)	1.9006	None
NEUROG3	PPP1R3C	0.42138	46.02	0.021	rgb(217,213,213)	1.9006	None
PLAG1	MAP9	-0.42138	46.02	-2.4E-02	rgb(212,214,218)	1.9006	None
MYT1	TCP11X2	-0.42138	46.02	-1.8E-02	rgb(213,215,218)	1.9006	2,2
ZNF117	AK096592	-0.42138	46.02	-1.7E-02	rgb(213,215,218)	1.9006	2,2
HSF2	NUTM1	0.42064	46.01	0.01	rgb(217,215,215)	1.9004	None
ISL1	SSBP2	-0.42064	46.01	-9.6E-03	rgb(215,216,217)	1.9004	None
NHLH1	POU2F2	0.42064	46.01	0.01	rgb(217,215,215)	1.9004	None
TGIF2	LRRTM3	0.42064	46.01	0.014	rgb(217,214,214)	1.9004	None
ZNF846	TSNAX-DISC1	-0.42064	46.01	-1.3E-02	rgb(214,215,217)	1.9004	None
ARNT2	TEAD2	-0.41989	46	-1.7E-03	rgb(217,217,217)	1.9002	None
EGR3	EPM2A	0.41989	46	0.001	rgb(217,217,217)	1.9002	None
E2F7	SRRM3	-0.41915	45.89	-8.9E-01	rgb( 25,100,251)	1.898	None
RORC	ZNF518A	-0.41915	45.89	-8.9E-01	rgb( 24, 99,251)	1.898	None
ZNF492	IFIT1	-0.41915	45.89	-8.9E-01	rgb( 25,100,251)	1.898	None
NHLH1	FCGBP	0.41851	45.87	0.87	rgb(227, 51, 53)	1.8976	None
FOXD4L5	CPA1	-0.41788	45.86	-8.6E-01	rgb( 30,103,250)	1.8974	None
FOXP2	CCDC113	-0.41788	45.86	-8.6E-01	rgb( 31,104,250)	1.8974	None
MYRF	ANKRD36B	-0.41724	45.85	-8.5E-01	rgb( 33,105,249)	1.8972	2,2
SPIB	RTEL1	-0.41724	45.85	-8.5E-01	rgb( 33,105,249)	1.8972	None
TET1	LINC00939	0.41724	45.85	0.849	rgb(226, 55, 57)	1.8972	None
PDX1	FCAMR	-0.4166	45.84	-8.4E-01	rgb( 35,106,249)	1.897	None
FOXD4L5	SPRED3	0.41596	45.83	0.833	rgb(226, 58, 60)	1.8968	None
DPF3	AL831889	0.41533	45.82	0.816	rgb(226, 61, 63)	1.8966	2,2
FOXA2	DNM3	-0.41469	45.81	-8.1E-01	rgb( 41,110,248)	1.8964	None
GLIS2	TSHZ1	-0.41469	45.81	-8.1E-01	rgb( 41,110,248)	1.8964	None
PAX6	SULT1A4	0.41469	45.81	0.81	rgb(226, 62, 64)	1.8964	None
ZFHX2	USP41	-0.41469	45.81	-8.1E-01	rgb( 40,110,248)	1.8964	None
ONECUT2	NPAS3	-0.41405	45.8	-8.0E-01	rgb( 43,111,247)	1.8962	None
SIX2	BOC	0.41405	45.8	0.802	rgb(226, 64, 65)	1.8962	None
GATA2	CD96	0.41341	45.79	0.785	rgb(226, 67, 69)	1.896	None
MAFB	ANK2	-0.41341	45.79	-7.9E-01	rgb( 45,112,247)	1.896	None
ZNF883	RAD51L3-RFFL	-0.41341	45.79	-7.9E-01	rgb( 45,112,247)	1.896	2,2
ZNF514	AF198444	0.41278	45.78	0.779	rgb(226, 68, 70)	1.8958	2,2
ETS1	CALY	-0.41214	45.77	-7.7E-01	rgb( 50,116,246)	1.8956	None
HHEX	CGREF1	0.41214	45.77	0.767	rgb(225, 70, 72)	1.8956	2,2
MAFB	VOPP1	0.4115	45.76	0.765	rgb(225, 71, 72)	1.8954	None
SIX2	FOXA1	-0.4115	45.76	-7.6E-01	rgb( 53,117,246)	1.8954	None
ZNF519	TEAD1	0.4115	45.76	0.759	rgb(225, 72, 73)	1.8954	None
ZNF117	HBT8	0.4115	45.76	0.755	rgb(225, 73, 74)	1.8954	2,2
FOXA2	ANKFN1	0.41087	45.75	0.748	rgb(225, 74, 76)	1.8952	None
ONECUT2	FCGBP	0.41087	45.75	0.745	rgb(225, 75, 76)	1.8952	None
PDX1	NBPF10	0.41087	45.75	0.753	rgb(225, 73, 75)	1.8952	2,2
SMAD9	CHRNB4	0.41087	45.75	0.752	rgb(225, 73, 75)	1.8952	None
SOX4	CARTPT	-0.41087	45.75	-7.5E-01	rgb( 54,118,246)	1.8952	2,2
FOXA1	KCNC1	0.41023	45.74	0.735	rgb(225, 77, 78)	1.895	None
MAFA	CDHR3	0.41023	45.74	0.736	rgb(225, 76, 78)	1.895	None
PAX4	ADNP	0.41023	45.74	0.74	rgb(225, 76, 77)	1.895	None
SIM1	CRMP1	0.41023	45.74	0.743	rgb(225, 75, 77)	1.895	2,2
ASCL2	DLG2	-0.40959	45.73	-7.3E-01	rgb( 59,121,245)	1.8948	None
FOXA1	RPRML	0.40959	45.73	0.728	rgb(225, 78, 79)	1.8948	None
HIC1	FAM171A2	0.40959	45.73	0.728	rgb(225, 78, 79)	1.8948	None
NEUROD2	SCUBE1	0.40959	45.73	0.732	rgb(225, 77, 79)	1.8948	None
ETV1	NR4A3	-0.40895	45.72	-7.2E-01	rgb( 61,122,244)	1.8946	None
FOXA2	TMPRSS11E	-0.40895	45.72	-7.2E-01	rgb( 60,122,244)	1.8946	None
MAFB	PDE8B	-0.40895	45.72	-7.2E-01	rgb( 61,122,244)	1.8946	None
TP73	CLPS	-0.40895	45.72	-7.2E-01	rgb( 61,122,244)	1.8946	None
ZNF382	DLG2	-0.40895	45.72	-7.2E-01	rgb( 61,122,244)	1.8946	None
ZFP2	NPPB	0.40895	45.72	0.721	rgb(225, 79, 81)	1.8946	2,2
ETS1	SERTAD1	0.40832	45.71	0.705	rgb(225, 82, 84)	1.8944	None
FOXA1	ADCY1	0.40832	45.71	0.711	rgb(225, 81, 83)	1.8944	None
FOXD4L5	VCAN	0.40832	45.71	0.713	rgb(225, 81, 82)	1.8944	None
FOXP2	CAND2	-0.40832	45.71	-7.1E-01	rgb( 63,123,244)	1.8944	None
LHX1	PAK6	-0.40832	45.71	-7.1E-01	rgb( 63,123,244)	1.8944	None
NHLH1	CD99L2	0.40832	45.71	0.711	rgb(225, 81, 83)	1.8944	None
RFX3	GYLTL1B	0.40832	45.71	0.707	rgb(225, 82, 83)	1.8944	2,2
SOX4	MAPK4	-0.40832	45.71	-7.1E-01	rgb( 63,123,244)	1.8944	None
ARNT2	NPPB	0.40768	45.7	0.703	rgb(225, 83, 84)	1.8942	None
GATA4	MAGEA5	-0.40768	45.7	-7.0E-01	rgb( 64,124,244)	1.8942	2,2
HSF2	RTEL1	0.40768	45.7	0.7	rgb(225, 83, 85)	1.8942	None
MAFA	ETV1	0.40768	45.7	0.697	rgb(225, 84, 85)	1.8942	None
NEUROG3	SPINK4	0.40768	45.7	0.703	rgb(225, 83, 84)	1.8942	None
TFCP2L1	RGS5	0.40768	45.7	0.698	rgb(225, 84, 85)	1.8942	None
CCDC17	COL6A4P2	0.40768	45.7	0.703	rgb(225, 83, 84)	1.8942	2,2
FOXA1	CD99L2	0.40704	45.69	0.69	rgb(225, 85, 87)	1.894	None
FOXA1	KRT4	0.40704	45.69	0.691	rgb(225, 85, 86)	1.894	None
RORC	ARC	0.40704	45.69	0.686	rgb(225, 86, 87)	1.894	None
ZNF514	AF116693	0.40704	45.69	0.692	rgb(225, 85, 86)	1.894	2,2
ZNF788	COLQ	0.40704	45.69	0.689	rgb(225, 85, 87)	1.894	2,2
FOXA1	DLL1	0.4064	45.68	0.685	rgb(225, 86, 88)	1.8938	None
ZNF519	OR51E2	0.4064	45.68	0.685	rgb(225, 86, 88)	1.8938	2,2
FOXD4L5	SNED1	0.40577	45.67	0.672	rgb(224, 89, 90)	1.8936	None
HEYL	TEAD2	0.40577	45.67	0.668	rgb(224, 89, 91)	1.8936	None
MAFA	RUNDC3A	0.40577	45.67	0.671	rgb(224, 89, 90)	1.8936	None
RFX6	FJX1	0.40577	45.67	0.665	rgb(224, 90, 91)	1.8936	None
RORC	ANKRD13B	-0.40577	45.67	-6.7E-01	rgb( 72,129,242)	1.8936	None
SIX2	NCALD	0.40577	45.67	0.672	rgb(224, 89, 90)	1.8936	None
SOX4	MAFA	0.40577	45.67	0.674	rgb(224, 88, 90)	1.8936	None
SOX4	PDGFD	-0.40577	45.67	-6.7E-01	rgb( 71,128,243)	1.8936	None
TEAD1	FIGNL2	-0.40577	45.67	-6.7E-01	rgb( 71,128,243)	1.8936	None
ZFP28	CTNND1	0.40577	45.67	0.669	rgb(224, 89, 91)	1.8936	None
ZNF117	HIST2H2BF	0.40577	45.67	0.67	rgb(224, 89, 90)	1.8936	2,2
ELF4	SPDYA	0.40513	45.66	0.664	rgb(224, 90, 91)	1.8934	None
HES4	RTN1	-0.40513	45.66	-6.6E-01	rgb( 74,130,242)	1.8934	None
MAFA	NTRK1	-0.40513	45.66	-6.6E-01	rgb( 74,130,242)	1.8934	None
NEUROD2	KAT2B	0.40513	45.66	0.66	rgb(224, 91, 92)	1.8934	None
NFAT5	SPRY3	-0.40513	45.66	-6.6E-01	rgb( 74,130,242)	1.8934	2,2
ONECUT2	USH1G	-0.40513	45.66	-6.6E-01	rgb( 74,130,242)	1.8934	None
RFX2	PTPRN	0.40513	45.66	0.657	rgb(224, 92, 93)	1.8934	None
SIX2	COL21A1	-0.40513	45.66	-6.6E-01	rgb( 75,130,242)	1.8934	None
ATF5	DNER	-0.40449	45.65	-6.5E-01	rgb( 76,131,242)	1.8932	None
EGR3	REEP2	-0.40449	45.65	-6.5E-01	rgb( 75,131,242)	1.8932	None
LMX1A	CPNE9	-0.40449	45.65	-6.5E-01	rgb( 76,131,242)	1.8932	None
MAFA	KIF5A	0.40449	45.65	0.65	rgb(224, 93, 94)	1.8932	None
PBX3	COL16A1	0.40449	45.65	0.653	rgb(224, 92, 94)	1.8932	None
TEAD2	MAPK8IP1	-0.40449	45.65	-6.5E-01	rgb( 76,131,242)	1.8932	None
TFCP2L1	PPP4R4	0.40449	45.65	0.648	rgb(224, 93, 95)	1.8932	None
FOXA1	CFC1B	0.40386	45.64	0.636	rgb(224, 96, 97)	1.893	None
FOXA1	SAMD14	0.40386	45.64	0.642	rgb(224, 94, 96)	1.893	None
HSF2	AK025664	0.40386	45.64	0.642	rgb(224, 94, 96)	1.893	2,2
HSF2	NKAIN1	0.40386	45.64	0.641	rgb(224, 95, 96)	1.893	None
LMX1B	DYNC1I1	0.40386	45.64	0.637	rgb(224, 95, 97)	1.893	None
MAFB	CALY	-0.40386	45.64	-6.4E-01	rgb( 79,133,241)	1.893	None
NEUROG3	GOLGA6L5	0.40386	45.64	0.638	rgb(224, 95, 96)	1.893	2,2
GATA2	SLC7A2	-0.40322	45.63	-6.3E-01	rgb( 80,134,241)	1.8928	None
HES4	IGHG1	0.40322	45.63	0.634	rgb(224, 96, 97)	1.8928	2,2
HSF2	ATP6V0E2	-0.40322	45.63	-6.3E-01	rgb( 79,133,241)	1.8928	None
MAFB	LRRC10B	0.40322	45.63	0.634	rgb(224, 96, 97)	1.8928	None
SOX4	GPC6	-0.40322	45.63	-6.3E-01	rgb( 79,133,241)	1.8928	None
TP73	HIF1A-AS2	-0.40322	45.63	-6.3E-01	rgb( 80,134,241)	1.8928	2,2
ZNF492	TMEM200A	0.40322	45.63	0.628	rgb(224, 97, 98)	1.8928	None
RFX6	NALCN	0.40258	45.62	0.623	rgb(224, 98, 99)	1.8926	None
SIX2	DDC	0.40258	45.62	0.616	rgb(224, 99,101)	1.8926	None
TP73	CPA1	0.40258	45.62	0.616	rgb(224, 99,101)	1.8926	None
ZFHX2	ATP8B2	-0.40258	45.62	-6.2E-01	rgb( 83,135,241)	1.8926	None
ZFP28	RNF157	-0.40258	45.62	-6.2E-01	rgb( 82,135,241)	1.8926	None
AEBP1	AK311257	0.40258	45.62	0.618	rgb(224, 99,100)	1.8926	2,2
DPF3	UBE2Q2P1	0.40194	45.61	0.612	rgb(224,100,101)	1.8924	2,2
ELF4	SMARCD2	-0.40194	45.61	-6.1E-01	rgb( 84,136,240)	1.8924	None
HSF2	BCRP3	0.40194	45.61	0.611	rgb(224,100,102)	1.8924	None
MAFA	GLUD1P3	0.40194	45.61	0.608	rgb(224,101,102)	1.8924	None
NEUROG3	SCN3B	0.40194	45.61	0.61	rgb(224,100,102)	1.8924	None
ONECUT3	ZFHX2	-0.40194	45.61	-6.1E-01	rgb( 85,136,240)	1.8924	None
PAX6	FAM227A	-0.40194	45.61	-6.1E-01	rgb( 85,137,240)	1.8924	None
PRDM16	F10	-0.40194	45.61	-6.1E-01	rgb( 84,136,240)	1.8924	None
RFX3	AK127339	-0.40194	45.61	-6.1E-01	rgb( 85,137,240)	1.8924	2,2
ELF4	PLEKHO1	0.40131	45.6	0.601	rgb(224,102,103)	1.8922	None
HSF2	PEX5L	-0.40131	45.6	-6.0E-01	rgb( 87,138,240)	1.8922	None
ONECUT1	GLUD1P3	0.40131	45.6	0.598	rgb(224,103,104)	1.8922	None
RFX2	GTF2IRD1P1	-0.40131	45.6	-6.0E-01	rgb( 88,138,240)	1.8922	None
SIX2	FFAR3	0.40131	45.6	0.605	rgb(224,102,103)	1.8922	2,2
SIX2	YPEL4	-0.40131	45.6	-6.0E-01	rgb( 87,138,240)	1.8922	None
ZNF492	TSIX	0.40131	45.6	0.602	rgb(224,102,103)	1.8922	2,2
ATF6	RUNDC3A	0.40067	45.59	0.587	rgb(223,105,106)	1.892	None
CXXC4	AK092048	-0.40067	45.59	-5.9E-01	rgb( 89,139,239)	1.892	2,2
DPF3	AK128619	0.40067	45.59	0.593	rgb(224,104,105)	1.892	2,2
ELF4	E2F7	-0.40067	45.59	-5.9E-01	rgb( 89,139,239)	1.892	None
ELF4	GTF2IRD1P1	0.40067	45.59	0.59	rgb(223,104,106)	1.892	None
ELF4	TMPRSS6	-0.40067	45.59	-5.9E-01	rgb( 90,140,239)	1.892	None
HIF1A	GPR116	-0.40067	45.59	-5.9E-01	rgb( 88,139,240)	1.892	2,2
MAFF	CERKL	-0.40067	45.59	-5.9E-01	rgb( 88,139,240)	1.892	None
NKX2-2	PAK6	0.40067	45.59	0.585	rgb(223,105,106)	1.892	None
ONECUT3	PTPRT	0.40067	45.59	0.59	rgb(223,104,105)	1.892	None
SIX2	RRAGD	-0.40067	45.59	-5.9E-01	rgb( 88,139,240)	1.892	None
TFCP2L1	BC068238	-0.40067	45.59	-5.9E-01	rgb( 89,139,239)	1.892	2,2
ZFP28	CHRNB4	-0.40067	45.59	-5.9E-01	rgb( 88,139,240)	1.892	None
ZFP82	NFAT5	-0.40067	45.59	-5.9E-01	rgb( 89,139,239)	1.892	None
ZNF846	SCN1B	0.40067	45.59	0.587	rgb(223,105,106)	1.892	None
EGR3	UPK2	-0.40003	45.58	-5.8E-01	rgb( 92,141,239)	1.8918	None
ETV1	MYRF	-0.40003	45.58	-5.8E-01	rgb( 92,141,239)	1.8918	None
FEV	GDF1	0.40003	45.58	0.584	rgb(223,106,107)	1.8918	None
NKX2-2	AK055910	-0.40003	45.58	-5.8E-01	rgb( 91,140,239)	1.8918	2,2
PAX6	LZTS1	-0.40003	45.58	-5.8E-01	rgb( 90,140,239)	1.8918	None
ZFP82	IGSF9B	-0.40003	45.58	-5.8E-01	rgb( 91,140,239)	1.8918	None
ZNF846	CAMK1	0.40003	45.58	0.576	rgb(223,107,108)	1.8918	None
FOXA2	KRTAP5-2	-0.3994	45.57	-5.7E-01	rgb( 92,141,239)	1.8916	None
GATA4	DDC	0.3994	45.57	0.567	rgb(223,109,110)	1.8916	None
GATA6	CRIP1	-0.3994	45.57	-5.7E-01	rgb( 94,142,239)	1.8916	None
LMX1B	MCF2L	0.3994	45.57	0.573	rgb(223,108,109)	1.8916	None
NKX2-2	CACNA1A	-0.3994	45.57	-5.7E-01	rgb( 94,142,238)	1.8916	None
SPIB	ITGBL1	0.3994	45.57	0.567	rgb(223,109,110)	1.8916	None
TEAD2	FUT7	-0.3994	45.57	-5.7E-01	rgb( 93,142,239)	1.8916	None
ZNF846	CNR1	-0.3994	45.57	-5.7E-01	rgb( 94,142,238)	1.8916	None
ETS1	VWCE	0.39876	45.56	0.564	rgb(223,109,110)	1.8914	None
ETV1	ARC	0.39876	45.56	0.564	rgb(223,109,110)	1.8914	None
FEV	KCNH2	0.39876	45.56	0.558	rgb(223,110,112)	1.8914	None
GATA4	PKHD1L1	0.39876	45.56	0.563	rgb(223,109,111)	1.8914	None
LMX1B	ARHGEF26-AS1	-0.39876	45.56	-5.6E-01	rgb( 95,143,238)	1.8914	None
NKX6-1	CAND2	0.39876	45.56	0.562	rgb(223,110,111)	1.8914	None
PDX1	AIF1	-0.39876	45.56	-5.6E-01	rgb( 95,143,238)	1.8914	None
RORC	KCTD12	-0.39876	45.56	-5.6E-01	rgb( 95,143,238)	1.8914	None
RORC	NPTXR	-0.39876	45.56	-5.6E-01	rgb( 95,143,238)	1.8914	None
TFCP2L1	LEFTY1	0.39876	45.56	0.564	rgb(223,109,110)	1.8914	None
ZNF846	SPON2	0.39876	45.56	0.559	rgb(223,110,111)	1.8914	None
ZNF846	TSIX	-0.39876	45.56	-5.6E-01	rgb( 96,143,238)	1.8914	2,2
ASCL1	ABLIM2	0.39812	45.55	0.55	rgb(223,112,113)	1.8912	None
DPF3	AK023417	0.39812	45.55	0.553	rgb(223,111,112)	1.8912	2,2
FOXD4L5	SBK1	-0.39812	45.55	-5.5E-01	rgb( 98,144,238)	1.8912	None
HLF	RAD51L3-RFFL	0.39812	45.55	0.548	rgb(223,112,113)	1.8912	2,2
HSF2	CDRT4	0.39812	45.55	0.552	rgb(223,112,113)	1.8912	None
MAFB	KIRREL3	-0.39812	45.55	-5.5E-01	rgb( 98,144,238)	1.8912	None
NEUROD2	GLT8D2	0.39812	45.55	0.553	rgb(223,111,113)	1.8912	None
PAX6	FGF17	-0.39812	45.55	-5.5E-01	rgb( 99,145,238)	1.8912	None
TFCP2L1	BLMH	0.39812	45.55	0.546	rgb(223,113,114)	1.8912	None
ZFHX2	EML5	0.39812	45.55	0.55	rgb(223,112,113)	1.8912	None
ZFHX2	NACAD	0.39812	45.55	0.547	rgb(223,112,114)	1.8912	None
ARX	UBE2Q2P1	0.39748	45.54	0.537	rgb(223,114,115)	1.891	2,2
HMBOX1	CHRNB4	-0.39748	45.54	-5.4E-01	rgb(100,146,237)	1.891	None
HSF2	EID1	0.39748	45.54	0.54	rgb(223,114,115)	1.891	None
INSM1	LOC388849	0.39748	45.54	0.536	rgb(223,115,116)	1.891	2,2
SIX2	TMEM35	-0.39748	45.54	-5.4E-01	rgb( 99,145,238)	1.891	2,2
TEAD1	APBB2	0.39748	45.54	0.54	rgb(223,114,115)	1.891	None
ZNF382	LOC653513	-0.39748	45.54	-5.4E-01	rgb(100,146,237)	1.891	2,2
AKNA	LOC100288069	0.39748	45.54	0.541	rgb(223,114,115)	1.891	2,2
E2F7	CADM2	-0.39685	45.53	-5.3E-01	rgb(103,148,237)	1.8908	None
EGR3	STARD4-AS1	0.39685	45.53	0.529	rgb(223,116,117)	1.8908	None
HIF1A	AEBP1	-0.39685	45.53	-5.3E-01	rgb(101,146,237)	1.8908	None
LMX1B	AF116693	-0.39685	45.53	-5.3E-01	rgb(102,147,237)	1.8908	2,2
MAFA	CFC1B	0.39685	45.53	0.534	rgb(223,115,116)	1.8908	None
MAFB	MAP9	-0.39685	45.53	-5.3E-01	rgb(102,147,237)	1.8908	None
NEUROD2	SAMD11	0.39685	45.53	0.53	rgb(223,116,117)	1.8908	None
NHLH1	TCTEX1D4	0.39685	45.53	0.528	rgb(223,116,117)	1.8908	None
SIX2	GPC5-AS1	0.39685	45.53	0.53	rgb(223,116,117)	1.8908	2,2
TFCP2L1	GDAP1	0.39685	45.53	0.533	rgb(223,115,116)	1.8908	None
ZFHX2	CLCA1	-0.39685	45.53	-5.3E-01	rgb(103,147,237)	1.8908	None
ZNF382	BC033961	-0.39685	45.53	-5.3E-01	rgb(102,147,237)	1.8908	2,2
ZNF846	CHST8	-0.39685	45.53	-5.3E-01	rgb(102,147,237)	1.8908	None
ZNF846	SYT5	-0.39685	45.53	-5.3E-01	rgb(103,148,237)	1.8908	None
CCDC17	E02193	0.39685	45.53	0.531	rgb(223,116,117)	1.8908	2,2
ARX	LINC00893	0.39621	45.52	0.525	rgb(223,117,118)	1.8906	None
HMBOX1	CLDN6	0.39621	45.52	0.525	rgb(223,117,118)	1.8906	None
NEUROD1	SERF2-C15ORF63	0.39621	45.52	0.517	rgb(223,118,119)	1.8906	2,2
PBX3	SULT1A4	-0.39621	45.52	-5.2E-01	rgb(103,148,237)	1.8906	None
PDX1	GPR142	0.39621	45.52	0.523	rgb(223,117,118)	1.8906	None
PRDM16	CRIP2	0.39621	45.52	0.524	rgb(223,117,118)	1.8906	None
ZNF492	CRISPLD2	0.39621	45.52	0.523	rgb(223,117,118)	1.8906	None
EGR3	AMER3	-0.39557	45.51	-5.1E-01	rgb(107,150,236)	1.8904	None
EGR3	NTRK2	0.39557	45.51	0.513	rgb(223,119,120)	1.8904	None
GATA4	TTBK1	0.39557	45.51	0.513	rgb(223,119,120)	1.8904	None
NKX2-2	KLB	-0.39557	45.51	-5.1E-01	rgb(106,150,236)	1.8904	None
ONECUT1	MARCH1	0.39557	45.51	0.513	rgb(223,119,120)	1.8904	2,2
RFX3	NUTM1	-0.39557	45.51	-5.1E-01	rgb(107,150,236)	1.8904	None
ATOH8	NEUROG3	0.39557	45.51	0.509	rgb(223,120,121)	1.8904	2,2
ETS1	TMEM151B	-0.39493	45.5	-5.0E-01	rgb(107,150,236)	1.8902	None
FOXJ1	MMP13	0.39493	45.5	0.496	rgb(222,122,123)	1.8902	None
HES4	TUB	-0.39493	45.5	-5.0E-01	rgb(108,151,236)	1.8902	None
HIC1	NAALADL1	-0.39493	45.5	-5.0E-01	rgb(109,151,236)	1.8902	None
LMX1B	ITPR1	0.39493	45.5	0.495	rgb(222,122,123)	1.8902	None
TFCP2L1	PBX3	0.39493	45.5	0.504	rgb(223,121,122)	1.8902	None
ZNF846	ATOH8	0.39493	45.5	0.503	rgb(223,121,122)	1.8902	None
KCNIP3	BC020343	0.39493	45.5	0.495	rgb(222,122,123)	1.8902	2,2
ARX	HEPACAM2	-0.3943	45.49	-4.9E-01	rgb(111,152,236)	1.89	None
ETS1	BC068238	-0.3943	45.49	-4.9E-01	rgb(111,153,236)	1.89	2,2
FEV	RGS11	0.3943	45.49	0.491	rgb(222,123,124)	1.89	None
HMBOX1	MYO3A	0.3943	45.49	0.487	rgb(222,124,125)	1.89	None
PBX3	FAM46C	0.3943	45.49	0.486	rgb(222,124,125)	1.89	2,2
PROX1	DQ588732	0.3943	45.49	0.492	rgb(222,123,124)	1.89	2,2
SIX2	SLC8A1	0.3943	45.49	0.489	rgb(222,124,125)	1.89	None
SPIB	FKBP7	-0.3943	45.49	-4.9E-01	rgb(110,152,236)	1.89	None
ARNT2	SSTR3	-0.39366	45.48	-4.8E-01	rgb(112,153,235)	1.8898	None
EGR3	LIMS2	0.39366	45.48	0.484	rgb(222,125,126)	1.8898	None
ETS1	MEX3B	0.39366	45.48	0.479	rgb(222,125,126)	1.8898	None
FOXA1	DPF3	0.39366	45.48	0.481	rgb(222,125,126)	1.8898	None
GATA4	AK055257	-0.39366	45.48	-4.8E-01	rgb(114,154,235)	1.8898	2,2
GATA4	NEAT1	-0.39366	45.48	-4.8E-01	rgb(112,153,235)	1.8898	None
ONECUT3	CDRT4	0.39366	45.48	0.48	rgb(222,125,126)	1.8898	None
RFX3	BSN	0.39366	45.48	0.481	rgb(222,125,126)	1.8898	None
TET1	FAM226B	0.39366	45.48	0.478	rgb(222,126,127)	1.8898	2,2
AEBP1	IQCA1	-0.39366	45.48	-4.8E-01	rgb(113,154,235)	1.8898	2,2
CSRNP3	FOXD4L5	0.39366	45.48	0.484	rgb(222,125,126)	1.8898	2,2
ZNF853	FLJ22184	0.39366	45.48	0.475	rgb(222,126,127)	1.8898	2,2
DPF3	SMA5	0.39302	45.47	0.465	rgb(222,128,129)	1.8896	2,2
ETS1	PLXNC1	-0.39302	45.47	-4.7E-01	rgb(115,155,235)	1.8896	None
ETV1	BCORL1	-0.39302	45.47	-4.7E-01	rgb(115,155,235)	1.8896	None
FOXA1	MYSM1	0.39302	45.47	0.467	rgb(222,128,129)	1.8896	None
HEYL	XAF1	-0.39302	45.47	-4.7E-01	rgb(115,155,235)	1.8896	2,2
HIC1	PRKCG	-0.39302	45.47	-4.7E-01	rgb(116,156,235)	1.8896	None
LMX1B	UPK2	0.39302	45.47	0.466	rgb(222,128,129)	1.8896	None
NEUROG3	SHF	0.39302	45.47	0.465	rgb(222,128,129)	1.8896	None
NR4A3	TLE3	0.39302	45.47	0.469	rgb(222,128,128)	1.8896	None
POU5F1	CELA3B	0.39302	45.47	0.467	rgb(222,128,129)	1.8896	None
SIX2	LEFTY1	-0.39302	45.47	-4.7E-01	rgb(115,155,235)	1.8896	None
ZNF846	KTN1-AS1	-0.39302	45.47	-4.7E-01	rgb(116,156,235)	1.8896	None
CCDC17	LOC441204	0.39302	45.47	0.474	rgb(222,127,127)	1.8896	2,2
ZNF518A	LOC286437	0.39302	45.47	0.468	rgb(222,128,129)	1.8896	2,2
EGR3	STX1A	-0.39239	45.46	-4.6E-01	rgb(116,156,235)	1.8894	None
ELF4	SV2B	-0.39239	45.46	-4.6E-01	rgb(116,156,235)	1.8894	None
FEV	GAN	-0.39239	45.46	-4.6E-01	rgb(118,157,234)	1.8894	None
GATA4	MS4A8	-0.39239	45.46	-4.6E-01	rgb(117,156,235)	1.8894	None
HLF	CCDC85B	0.39239	45.46	0.458	rgb(222,130,130)	1.8894	None
ONECUT2	S100G	-0.39239	45.46	-4.6E-01	rgb(117,156,235)	1.8894	2,2
POU5F1	CELSR2	0.39239	45.46	0.458	rgb(222,130,131)	1.8894	None
TP73	PAK7	0.39239	45.46	0.459	rgb(222,129,130)	1.8894	2,2
ASCL2	SOCS1	0.39175	45.45	0.453	rgb(222,131,131)	1.8892	None
ELF4	ADH6	-0.39175	45.45	-4.5E-01	rgb(120,158,234)	1.8892	None
ELF4	E10222	0.39175	45.45	0.454	rgb(222,130,131)	1.8892	2,2
PBX1	MXI1	0.39175	45.45	0.447	rgb(222,132,132)	1.8892	None
PBX3	CPE	0.39175	45.45	0.454	rgb(222,130,131)	1.8892	None
PRDM16	AX747264	-0.39175	45.45	-4.5E-01	rgb(119,158,234)	1.8892	2,2
TGIF2	GRIN2C	0.39175	45.45	0.447	rgb(222,132,132)	1.8892	None
MYT1	AK094786	0.39175	45.45	0.445	rgb(222,132,133)	1.8892	2,2
ARX	TNFRSF6B	0.39111	45.44	0.443	rgb(222,132,133)	1.889	None
E2F7	RUNDC3A	-0.39111	45.44	-4.4E-01	rgb(122,159,234)	1.889	None
EGR3	GPR173	0.39111	45.44	0.438	rgb(222,133,134)	1.889	None
ELF4	BRSK1	-0.39111	45.44	-4.4E-01	rgb(122,159,234)	1.889	None
ETV1	LDB1	-0.39111	45.44	-4.4E-01	rgb(121,158,234)	1.889	None
FOXD4L5	VSTM2L	-0.39111	45.44	-4.4E-01	rgb(122,159,234)	1.889	None
ISL1	PPP4R4	0.39111	45.44	0.444	rgb(222,132,133)	1.889	None
LHX1	DNAH11	0.39111	45.44	0.437	rgb(222,134,134)	1.889	None
PAX4	MXI1	-0.39111	45.44	-4.4E-01	rgb(122,159,234)	1.889	None
POU6F1	CYP4F24P	0.39111	45.44	0.445	rgb(222,132,133)	1.889	None
ZFP82	CCDC146	-0.39111	45.44	-4.4E-01	rgb(121,159,234)	1.889	None
ZNF846	PDE2A	-0.39111	45.44	-4.4E-01	rgb(121,158,234)	1.889	None
ZNF846	SBK1	0.39111	45.44	0.441	rgb(222,133,134)	1.889	None
ARNT2	FAM161A	-0.39047	45.43	-4.3E-01	rgb(123,160,233)	1.8888	None
ASCL1	FFAR3	0.39047	45.43	0.432	rgb(222,134,135)	1.8888	2,2
ETV1	STRC	-0.39047	45.43	-4.3E-01	rgb(123,160,233)	1.8888	None
FEV	EPHA8	0.39047	45.43	0.426	rgb(222,136,136)	1.8888	None
FOXD4L5	TPH1	0.39047	45.43	0.435	rgb(222,134,135)	1.8888	None
FOXP2	MYBPC2	-0.39047	45.43	-4.3E-01	rgb(123,160,233)	1.8888	None
GATA2	DOCK8	0.39047	45.43	0.427	rgb(222,135,136)	1.8888	None
HSF2	PLEKHO1	-0.39047	45.43	-4.3E-01	rgb(124,160,233)	1.8888	None
LMX1B	CCDC125	-0.39047	45.43	-4.3E-01	rgb(124,160,233)	1.8888	None
NEUROG3	WNT9A	0.39047	45.43	0.432	rgb(222,134,135)	1.8888	None
NKX2-2	ZFHX2	-0.39047	45.43	-4.3E-01	rgb(123,160,233)	1.8888	None
PBX3	SYN1	0.39047	45.43	0.429	rgb(222,135,136)	1.8888	None
TFCP2L1	AK128593	-0.39047	45.43	-4.3E-01	rgb(124,160,233)	1.8888	2,2
AKNA	AK027252	-0.39047	45.43	-4.3E-01	rgb(123,160,233)	1.8888	2,2
ZNF514	AK131337	0.39047	45.43	0.431	rgb(222,135,135)	1.8888	2,2
ARX	ID4	-0.38984	45.42	-4.2E-01	rgb(126,162,233)	1.8886	None
EGR3	HGFAC	0.38984	45.42	0.418	rgb(222,137,138)	1.8886	None
FOXA1	FAT3	0.38984	45.42	0.424	rgb(222,136,137)	1.8886	None
MYRF	AX747756	-0.38984	45.42	-4.2E-01	rgb(126,162,233)	1.8886	2,2
NEUROD2	VGF	0.38984	45.42	0.416	rgb(222,138,138)	1.8886	None
NHLH1	VAV3	0.38984	45.42	0.421	rgb(222,137,137)	1.8886	None
PBX1	AKR1B1	-0.38984	45.42	-4.2E-01	rgb(127,162,233)	1.8886	None
ZFP82	PRICKLE2	-0.38984	45.42	-4.2E-01	rgb(127,162,233)	1.8886	None
ZNF788	SPRY3	0.38984	45.42	0.422	rgb(222,136,137)	1.8886	2,2
ETS1	AX746640	-0.3892	45.41	-4.1E-01	rgb(128,163,233)	1.8884	2,2
FOXA1	GNAO1	0.3892	45.41	0.41	rgb(222,139,140)	1.8884	None
GATA4	CARTPT	0.3892	45.41	0.41	rgb(222,139,140)	1.8884	2,2
HSF2	SAMD11	-0.3892	45.41	-4.1E-01	rgb(127,162,233)	1.8884	None
LHX1	NR2F2-AS1	0.3892	45.41	0.408	rgb(221,139,140)	1.8884	None
LMX1A	SFRP1	-0.3892	45.41	-4.1E-01	rgb(129,163,232)	1.8884	None
NR4A2	CBX7	0.3892	45.41	0.409	rgb(222,139,140)	1.8884	None
NR4A2	GRIN1	-0.3892	45.41	-4.1E-01	rgb(128,163,233)	1.8884	None
ONECUT2	RAB3C	-0.3892	45.41	-4.1E-01	rgb(129,163,232)	1.8884	None
POU2F2	UCN3	-0.3892	45.41	-4.1E-01	rgb(128,163,233)	1.8884	None
ZFHX2	SLC30A8	0.3892	45.41	0.411	rgb(222,139,139)	1.8884	None
ELF4	MYSM1	-0.38856	45.4	-4.0E-01	rgb(130,164,232)	1.8882	None
ETV1	TUB	0.38856	45.4	0.396	rgb(221,141,142)	1.8882	None
HIC1	FAM65C	0.38856	45.4	0.399	rgb(221,141,142)	1.8882	2,2
HLF	AK311213	-0.38856	45.4	-4.0E-01	rgb(130,164,232)	1.8882	2,2
LTF	PNISR	0.38856	45.4	0.404	rgb(221,140,141)	1.8882	None
MAFA	APBB2	-0.38856	45.4	-4.0E-01	rgb(130,164,232)	1.8882	None
MAFB	SLC30A8	-0.38856	45.4	-4.0E-01	rgb(131,165,232)	1.8882	None
ONECUT2	DRD2	-0.38856	45.4	-4.0E-01	rgb(131,165,232)	1.8882	None
PAX6	GABRE	-0.38856	45.4	-4.0E-01	rgb(131,165,232)	1.8882	None
PDX1	HGFAC	0.38856	45.4	0.401	rgb(221,140,141)	1.8882	None
PROX1	TACR3	-0.38856	45.4	-4.0E-01	rgb(130,164,232)	1.8882	2,2
TFCP2L1	VN1R1	-0.38856	45.4	-4.0E-01	rgb(131,165,232)	1.8882	2,2
ZFP82	CHD5	0.38856	45.4	0.402	rgb(221,140,141)	1.8882	None
ASCL1	SYT14	0.38793	45.39	0.39	rgb(221,143,143)	1.888	None
FOXD4L5	HSF2	-0.38793	45.39	-3.9E-01	rgb(133,166,232)	1.888	None
HMBOX1	KIF5A	0.38793	45.39	0.39	rgb(221,143,143)	1.888	None
MAFF	NRXN2	0.38793	45.39	0.394	rgb(221,142,143)	1.888	None
MAFF	SPDYE7P	-0.38793	45.39	-3.9E-01	rgb(132,165,232)	1.888	None
NKX6-1	RFTN2	0.38793	45.39	0.386	rgb(221,143,144)	1.888	None
PRDM16	MAP6	-0.38793	45.39	-3.9E-01	rgb(133,166,232)	1.888	None
ZNF514	AK125858	0.38793	45.39	0.394	rgb(221,142,143)	1.888	2,2
ETS1	SEMA6B	0.38729	45.38	0.38	rgb(221,144,145)	1.8878	None
FEV	WNK3	0.38729	45.38	0.377	rgb(221,145,146)	1.8878	None
HSF2	RASL11B	0.38729	45.38	0.384	rgb(221,144,144)	1.8878	None
NKX2-2	PTP4A3	0.38729	45.38	0.385	rgb(221,144,144)	1.8878	None
NKX6-1	KCNN3	0.38729	45.38	0.382	rgb(221,144,145)	1.8878	None
ONECUT3	AK055910	-0.38729	45.38	-3.8E-01	rgb(135,167,231)	1.8878	2,2
PBX3	RNF150	0.38729	45.38	0.383	rgb(221,144,145)	1.8878	None
ZNF883	HIF1A	0.38729	45.38	0.377	rgb(221,145,146)	1.8878	None
ELF4	MCM3AP-AS1	-0.38665	45.37	-3.7E-01	rgb(138,169,231)	1.8876	None
FOXA2	EBF3	0.38665	45.37	0.373	rgb(221,146,147)	1.8876	None
HES4	STARD8	0.38665	45.37	0.366	rgb(221,147,148)	1.8876	None
LMX1B	UNC93A	-0.38665	45.37	-3.7E-01	rgb(138,169,231)	1.8876	None
PBX3	CAND2	0.38665	45.37	0.365	rgb(221,147,148)	1.8876	None
SMAD9	SBK1	0.38665	45.37	0.366	rgb(221,147,148)	1.8876	None
ZFHX2	CDHR3	0.38665	45.37	0.365	rgb(221,147,148)	1.8876	None
AEBP1	FHL1	0.38665	45.37	0.372	rgb(221,146,147)	1.8876	2,2
ZFP2	AX748283	-0.38665	45.37	-3.7E-01	rgb(137,168,231)	1.8876	2,2
ASCL1	PLCL1	0.38601	45.36	0.363	rgb(221,148,148)	1.8874	None
ATF6	SYT5	0.38601	45.36	0.364	rgb(221,148,148)	1.8874	None
FEV	KCNH3	0.38601	45.36	0.358	rgb(221,149,149)	1.8874	None
HMBOX1	ARHGAP24	0.38601	45.36	0.363	rgb(221,148,148)	1.8874	None
LTF	AL137655	0.38601	45.36	0.364	rgb(221,147,148)	1.8874	2,2
MAFF	ONECUT3	-0.38601	45.36	-3.6E-01	rgb(140,170,231)	1.8874	None
PDX1	HOMEZ	0.38601	45.36	0.357	rgb(221,149,149)	1.8874	None
ZFP90	MIR4697HG	0.38601	45.36	0.364	rgb(221,147,148)	1.8874	2,2
CBX2	LRRC16B	0.38601	45.36	0.364	rgb(221,147,148)	1.8874	2,2
CCDC17	LOC283335	0.38601	45.36	0.357	rgb(221,149,150)	1.8874	2,2
ETS1	SLC1A2	0.38538	45.35	0.348	rgb(221,150,151)	1.8872	None
GATA2	STK33	0.38538	45.35	0.349	rgb(221,150,151)	1.8872	None
LHX1	NDRG4	-0.38538	45.35	-3.5E-01	rgb(141,171,230)	1.8872	None
NEUROG3	MUC2	-0.38538	45.35	-3.5E-01	rgb(142,171,230)	1.8872	None
NKX2-2	CLCA1	0.38538	45.35	0.345	rgb(221,151,152)	1.8872	None
ZFHX2	CCDC181	0.38538	45.35	0.353	rgb(221,150,150)	1.8872	None
ZFHX2	CYP27C1	0.38538	45.35	0.348	rgb(221,151,151)	1.8872	None
ZFP82	LOC100527964	-0.38538	45.35	-3.5E-01	rgb(142,171,230)	1.8872	2,2
CBX2	IL11	0.38538	45.35	0.353	rgb(221,150,150)	1.8872	2,2
ZNF514	BC053580	0.38538	45.35	0.352	rgb(221,150,150)	1.8872	2,2
ASCL2	CHST8	-0.38474	45.34	-3.4E-01	rgb(143,172,230)	1.887	None
FOXD4L5	WIF1	-0.38474	45.34	-3.4E-01	rgb(144,172,230)	1.887	None
NR4A3	CITED4	-0.38474	45.34	-3.4E-01	rgb(143,172,230)	1.887	None
ONECUT2	POU2F2	-0.38474	45.34	-3.4E-01	rgb(142,172,230)	1.887	None
ST18	AK128619	0.38474	45.34	0.34	rgb(221,152,153)	1.887	2,2
ETV1	UTS2B	-0.3841	45.33	-3.3E-01	rgb(146,174,229)	1.8868	None
GATA4	ZG16	-0.3841	45.33	-3.3E-01	rgb(146,174,229)	1.8868	None
ISL1	SSTR2	-0.3841	45.33	-3.3E-01	rgb(145,173,230)	1.8868	None
LMX1B	NR4A2	0.3841	45.33	0.333	rgb(221,153,154)	1.8868	None
MAFB	CTNND1	0.3841	45.33	0.331	rgb(221,154,154)	1.8868	None
NKX6-1	ZNF492	0.3841	45.33	0.332	rgb(221,154,154)	1.8868	2,2
NR4A3	GSTM2	-0.3841	45.33	-3.3E-01	rgb(146,174,229)	1.8868	None
TEAD1	ATOH8	-0.3841	45.33	-3.3E-01	rgb(146,174,229)	1.8868	None
KCNIP3	FHL1	0.3841	45.33	0.332	rgb(221,154,154)	1.8868	2,2
EGR3	JAKMIP2	-0.38346	45.32	-3.2E-01	rgb(148,175,229)	1.8866	None
ETV1	SCG3	0.38346	45.32	0.316	rgb(220,157,157)	1.8866	None
FOXJ1	PLEKHH2	0.38346	45.32	0.323	rgb(221,155,156)	1.8866	None
HMBOX1	SOGA3	0.38346	45.32	0.324	rgb(221,155,156)	1.8866	None
HSF2	CCND2	0.38346	45.32	0.32	rgb(221,156,157)	1.8866	None
MYRF	AX747658	-0.38346	45.32	-3.2E-01	rgb(147,175,229)	1.8866	2,2
NEUROD1	CLCNKA	-0.38346	45.32	-3.2E-01	rgb(147,175,229)	1.8866	None
NEUROD2	JAZF1	-0.38346	45.32	-3.2E-01	rgb(147,174,229)	1.8866	None
NEUROG3	QSOX2	0.38346	45.32	0.322	rgb(221,155,156)	1.8866	None
PAX4	STK31	0.38346	45.32	0.319	rgb(221,156,157)	1.8866	None
PAX6	SMARCD2	0.38346	45.32	0.318	rgb(221,156,157)	1.8866	None
SOX4	AKT3	-0.38346	45.32	-3.2E-01	rgb(148,175,229)	1.8866	None
TFCP2L1	SOGA3	0.38346	45.32	0.323	rgb(221,155,156)	1.8866	None
ZNF514	DQ586822	0.38346	45.32	0.323	rgb(221,155,156)	1.8866	2,2
ETV1	SCN2A	-0.38283	45.31	-3.1E-01	rgb(150,176,229)	1.8864	None
ETV1	ZFP2	-0.38283	45.31	-3.1E-01	rgb(150,176,229)	1.8864	None
GATA4	GRB14	-0.38283	45.31	-3.1E-01	rgb(149,176,229)	1.8864	None
GATA4	PCBP4	-0.38283	45.31	-3.1E-01	rgb(150,176,229)	1.8864	None
MLXIPL	GYLTL1B	0.38283	45.31	0.308	rgb(220,158,159)	1.8864	2,2
SETBP1	CERS6-AS1	-0.38283	45.31	-3.1E-01	rgb(150,176,229)	1.8864	2,2
ARNT2	POM121L10P	-0.38219	45.3	-3.0E-01	rgb(152,177,228)	1.8862	None
ETV1	ASIC4	0.38219	45.3	0.296	rgb(220,160,161)	1.8862	None
NKX2-2	AK129879	0.38219	45.3	0.3	rgb(220,160,160)	1.8862	2,2
PDX1	ATF7IP	0.38219	45.3	0.304	rgb(220,159,159)	1.8862	None
SPIB	KNDC1	-0.38219	45.3	-3.0E-01	rgb(151,177,229)	1.8862	None
ZFHX2	SV2B	0.38219	45.3	0.3	rgb(220,160,160)	1.8862	None
CCDC17	IGF2	-0.38219	45.3	-3.0E-01	rgb(152,177,228)	1.8862	2,2
E2F7	FZD4	-0.38155	45.29	-2.9E-01	rgb(153,178,228)	1.886	None
ETV1	CD52	0.38155	45.29	0.287	rgb(220,162,163)	1.886	None
FEV	SH3RF3-AS1	0.38155	45.29	0.294	rgb(220,161,162)	1.886	None
HMBOX1	SIRPA	0.38155	45.29	0.294	rgb(220,161,161)	1.886	None
HMBOX1	TUBB2B	0.38155	45.29	0.292	rgb(220,161,162)	1.886	None
HSF2	TUBA1A	0.38155	45.29	0.294	rgb(220,161,161)	1.886	None
ISL1	WHAMMP1	0.38155	45.29	0.293	rgb(220,161,162)	1.886	2,2
ARX	LZTS1	-0.38092	45.28	-2.8E-01	rgb(156,180,228)	1.8858	None
DPF3	TMEM56-RWDD3	0.38092	45.28	0.284	rgb(220,163,163)	1.8858	2,2
ETS1	STMN4	-0.38092	45.28	-2.8E-01	rgb(156,180,228)	1.8858	None
ETV1	KNDC1	-0.38092	45.28	-2.8E-01	rgb(156,180,228)	1.8858	None
HSF2	IMPG1	-0.38092	45.28	-2.8E-01	rgb(157,181,227)	1.8858	None
LTF	CYP27A1	-0.38092	45.28	-2.8E-01	rgb(156,180,228)	1.8858	None
NEUROD1	DLL3	0.38092	45.28	0.275	rgb(220,164,165)	1.8858	None
PBX3	TMEM151A	-0.38092	45.28	-2.8E-01	rgb(156,180,228)	1.8858	None
SPIB	SLITRK6	-0.38092	45.28	-2.8E-01	rgb(157,180,228)	1.8858	None
TEAD1	CD300LF	0.38092	45.28	0.279	rgb(220,164,164)	1.8858	None
TGIF2	IFI44L	0.38092	45.28	0.282	rgb(220,163,164)	1.8858	None
FOXD4L5	KAT2B	0.38028	45.27	0.271	rgb(220,165,166)	1.8856	None
HMBOX1	COL12A1	0.38028	45.27	0.274	rgb(220,165,165)	1.8856	None
MYRF	LOC728407	-0.38028	45.27	-2.7E-01	rgb(159,181,227)	1.8856	2,2
PBX3	EID1	-0.38028	45.27	-2.7E-01	rgb(159,182,227)	1.8856	None
ARX	SPAG8	0.37964	45.26	0.259	rgb(220,167,168)	1.8854	None
ASCL1	LIMCH1	0.37964	45.26	0.261	rgb(220,167,168)	1.8854	None
LMX1B	SBK1	0.37964	45.26	0.256	rgb(220,168,169)	1.8854	None
LMX1B	ZNF519	-0.37964	45.26	-2.6E-01	rgb(161,183,227)	1.8854	None
NKX6-1	CCK	-0.37964	45.26	-2.6E-01	rgb(160,182,227)	1.8854	None
PAX6	ELL2	-0.37964	45.26	-2.6E-01	rgb(160,182,227)	1.8854	None
SOX4	PPP1R1A	-0.37964	45.26	-2.6E-01	rgb(160,182,227)	1.8854	None
TEAD1	LRP1B	-0.37964	45.26	-2.6E-01	rgb(161,183,227)	1.8854	None
ZFHX2	MS4A8	0.37964	45.26	0.259	rgb(220,168,168)	1.8854	None
ZNF788	AK055257	0.37964	45.26	0.255	rgb(220,168,169)	1.8854	2,2
ZNF788	LOC100652999	0.37964	45.26	0.261	rgb(220,167,168)	1.8854	2,2
ETS1	QDPR	0.379	45.25	0.249	rgb(220,169,170)	1.8852	None
HSF2	GDF1	-0.379	45.25	-2.5E-01	rgb(162,184,227)	1.8852	None
NKX2-2	GDAP1	-0.379	45.25	-2.5E-01	rgb(162,184,227)	1.8852	None
ETS1	CNPY1	-0.37837	45.24	-2.4E-01	rgb(166,186,226)	1.885	None
FEV	RASD1	0.37837	45.24	0.24	rgb(220,171,172)	1.885	None
HMBOX1	SMOC2	-0.37837	45.24	-2.4E-01	rgb(165,185,226)	1.885	None
LMX1B	KIAA1324	0.37837	45.24	0.236	rgb(220,172,172)	1.885	None
LMX1B	PYY	0.37837	45.24	0.242	rgb(220,171,171)	1.885	None
PBX3	MCM3AP-AS1	0.37837	45.24	0.235	rgb(220,172,172)	1.885	None
RFX3	CCDC154	0.37837	45.24	0.236	rgb(220,172,172)	1.885	2,2
TEAD1	IGSF10	-0.37837	45.24	-2.4E-01	rgb(164,185,226)	1.885	None
TET1	GAP43	-0.37837	45.24	-2.4E-01	rgb(166,186,226)	1.885	None
CCDC17	KIAA0931	0.37837	45.24	0.244	rgb(220,170,171)	1.885	2,2
EGR3	TMPRSS6	0.37773	45.23	0.233	rgb(220,172,173)	1.8848	None
GATA2	TRPM2	0.37773	45.23	0.234	rgb(220,172,173)	1.8848	None
HIF1A	HIC1	0.37773	45.23	0.234	rgb(220,172,173)	1.8848	None
PBX3	FAM135B	-0.37773	45.23	-2.3E-01	rgb(167,186,226)	1.8848	None
PDX1	FIGNL2	0.37773	45.23	0.233	rgb(220,173,173)	1.8848	None
NPAS3	FOXD4L5	0.37773	45.23	0.232	rgb(220,173,173)	1.8848	2,2
FEV	WSB1	-0.37709	45.22	-2.2E-01	rgb(169,188,225)	1.8846	None
GATA4	ATP6V1G2	-0.37709	45.22	-2.2E-01	rgb(170,188,225)	1.8846	None
HLF	CDK5R1	0.37709	45.22	0.221	rgb(219,175,175)	1.8846	None
MAFA	LINGO1	0.37709	45.22	0.218	rgb(219,175,176)	1.8846	None
NKX6-1	KIF5A	0.37709	45.22	0.221	rgb(219,175,175)	1.8846	None
TGIF2	KCNB2	0.37709	45.22	0.22	rgb(219,175,175)	1.8846	None
NPAS3	DCX	0.37709	45.22	0.22	rgb(219,175,175)	1.8846	2,2
SIM1	SUCNR1	0.37709	45.22	0.215	rgb(219,176,176)	1.8846	2,2
DPF3	ZNF788	0.37645	45.21	0.205	rgb(219,178,178)	1.8844	2,2
EGR3	CABP7	0.37645	45.21	0.205	rgb(219,178,178)	1.8844	None
ELF4	STARD8	-0.37645	45.21	-2.1E-01	rgb(171,189,225)	1.8844	None
HSF2	PCED1B-AS1	0.37645	45.21	0.207	rgb(219,178,178)	1.8844	None
ZNF846	LRP1B	0.37645	45.21	0.214	rgb(219,176,177)	1.8844	None
ETS1	F10	-0.37582	45.2	-2.0E-01	rgb(173,190,225)	1.8842	None
HSF2	RUNX1T1	-0.37582	45.2	-2.0E-01	rgb(174,191,225)	1.8842	None
MAFB	SLC38A5	0.37582	45.2	0.202	rgb(219,178,179)	1.8842	None
ONECUT2	HEPACAM2	-0.37582	45.2	-2.0E-01	rgb(173,190,225)	1.8842	None
TFCP2L1	HGFAC	0.37582	45.2	0.196	rgb(219,180,180)	1.8842	None
ARX	PDE8B	-0.37518	45.19	-1.9E-01	rgb(176,192,224)	1.884	None
ETS1	AX747598	-0.37518	45.19	-1.9E-01	rgb(175,192,224)	1.884	2,2
HSF2	LRRC36	-0.37518	45.19	-1.9E-01	rgb(176,192,224)	1.884	None
MAFA	TCTEX1D4	0.37518	45.19	0.19	rgb(219,181,181)	1.884	None
TEAD1	MAP3K12	-0.37518	45.19	-1.9E-01	rgb(176,192,224)	1.884	None
HSF2	DACT1	-0.37454	45.18	-1.8E-01	rgb(179,194,224)	1.8838	2,2
NEUROD2	RAB26	0.37454	45.18	0.182	rgb(219,182,183)	1.8838	None
NKX6-1	LIN7A	-0.37454	45.18	-1.8E-01	rgb(178,193,224)	1.8838	None
SIM1	FAM57B	0.37454	45.18	0.179	rgb(219,183,183)	1.8838	2,2
ELF4	KCNH2	-0.37391	45.17	-1.7E-01	rgb(180,195,223)	1.8836	None
HEY1	REG4	0.37391	45.17	0.171	rgb(219,184,185)	1.8836	None
MAFB	CITED4	-0.37391	45.17	-1.7E-01	rgb(180,195,223)	1.8836	None
TEAD1	CBFA2T3	-0.37391	45.17	-1.7E-01	rgb(179,194,224)	1.8836	None
ZFP62	AX746867	0.37391	45.17	0.171	rgb(219,184,185)	1.8836	2,2
ZNF518A	GPM6B	0.37391	45.17	0.167	rgb(219,185,185)	1.8836	2,2
ELF4	MAP2	-0.37327	45.16	-1.6E-01	rgb(183,196,223)	1.8834	None
GATA4	KIF5A	0.37327	45.16	0.163	rgb(219,186,186)	1.8834	None
PRDM16	CCDC150	-0.37327	45.16	-1.6E-01	rgb(182,196,223)	1.8834	None
TEAD2	FMN2	-0.37327	45.16	-1.6E-01	rgb(183,196,223)	1.8834	None
ZNF117	OCLM	0.37327	45.16	0.158	rgb(219,187,187)	1.8834	2,2
ARX	RUNX1T1	-0.37263	45.15	-1.5E-01	rgb(185,198,223)	1.8832	None
ELF4	FDPSP2	-0.37263	45.15	-1.5E-01	rgb(185,197,223)	1.8832	None
HMBOX1	NOL4	0.37263	45.15	0.154	rgb(219,188,188)	1.8832	None
MAFF	RGS16	-0.37263	45.15	-1.5E-01	rgb(185,197,223)	1.8832	None
PRDM16	PELI3	-0.37263	45.15	-1.5E-01	rgb(185,197,223)	1.8832	None
SMAD9	EIF4EBP1	-0.37263	45.15	-1.5E-01	rgb(184,197,223)	1.8832	None
MYSM1	BC022892	0.37263	45.15	0.149	rgb(219,189,189)	1.8832	2,2
ASCL2	FFAR2	0.37199	45.14	0.142	rgb(219,190,190)	1.883	None
FEV	HSPA12A	-0.37199	45.14	-1.4E-01	rgb(187,199,222)	1.883	None
LHX1	CEP290	0.37199	45.14	0.138	rgb(219,191,191)	1.883	None
SIX2	MMP11	-0.37199	45.14	-1.4E-01	rgb(186,198,222)	1.883	None
FOXP2	PODXL2	0.37136	45.13	0.132	rgb(218,192,192)	1.8828	None
PAX6	KLK12	-0.37136	45.13	-1.3E-01	rgb(190,200,222)	1.8828	None
ELF4	NOVA2	-0.37072	45.12	-1.2E-01	rgb(191,201,221)	1.8826	None
ETV1	FAXC	-0.37072	45.12	-1.2E-01	rgb(192,202,221)	1.8826	None
ONECUT3	RAB4B-EGLN2	0.37072	45.12	0.12	rgb(218,194,194)	1.8826	None
EGR3	TCTEX1D4	-0.37008	45.11	-1.1E-01	rgb(194,203,221)	1.8824	None
MYRF	TCL6	-0.37008	45.11	-1.1E-01	rgb(192,202,221)	1.8824	2,2
ELF4	SFRP1	-0.36945	45.1	-1.0E-01	rgb(195,204,221)	1.8822	None
GATA6	FAM64A	-0.36945	45.1	-1.0E-01	rgb(195,204,221)	1.8822	2,2
HSF2	KCNH3	-0.36945	45.1	-1.0E-01	rgb(195,204,221)	1.8822	None
NEUROD2	IGHG1	-0.36945	45.1	-1.0E-01	rgb(195,204,221)	1.8822	2,2
ETS1	KCNQ1OT1	-0.36881	45.09	-9.1E-02	rgb(197,205,220)	1.882	None
FOXA1	GDAP1	0.36881	45.09	0.086	rgb(218,201,201)	1.882	None
GATA4	HSPA6	0.36881	45.09	0.092	rgb(218,199,200)	1.882	None
DACH1	RAB39B	0.36881	45.09	0.087	rgb(218,200,201)	1.882	2,2
ONECUT3	KIRREL3	-0.36817	45.08	-8.3E-02	rgb(199,206,220)	1.8818	None
PDX1	KCNMB2	0.36817	45.08	0.081	rgb(218,201,202)	1.8818	None
POU5F1	MICAL2	0.36817	45.08	0.083	rgb(218,201,201)	1.8818	None
ZFP92	SERF2-C15ORF63	-0.36817	45.08	-8.0E-02	rgb(200,206,220)	1.8818	2,2
ARNT2	DQ583756	-0.36753	45.07	-7.2E-02	rgb(201,207,220)	1.8816	2,2
ASCL1	NTRK2	-0.36753	45.07	-6.8E-02	rgb(202,208,220)	1.8816	None
GATA4	APOA1	-0.36753	45.07	-7.4E-02	rgb(201,207,220)	1.8816	None
HIF1A	IQCA1	-0.36753	45.07	-6.8E-02	rgb(202,208,220)	1.8816	None
HSF2	TCEAL1	0.3669	45.06	0.064	rgb(218,205,205)	1.8814	None
LMX1B	SCG5	0.3669	45.06	0.059	rgb(218,206,206)	1.8814	None
PRDM16	WWC2-AS2	0.3669	45.06	0.064	rgb(218,205,205)	1.8814	None
RORC	TSPAN7	0.3669	45.06	0.056	rgb(218,206,206)	1.8814	None
TP73	RPS6KL1	0.3669	45.06	0.055	rgb(218,206,207)	1.8814	None
ZNF846	DDN	-0.3669	45.06	-5.7E-02	rgb(205,209,219)	1.8814	None
HIC1	NR2F2-AS1	0.36626	45.05	0.053	rgb(218,207,207)	1.8812	None
LHX1	USH2A	-0.36626	45.05	-4.6E-02	rgb(207,211,219)	1.8812	None
LMX1B	RORC	0.36626	45.05	0.047	rgb(218,208,208)	1.8812	None
TP73	PTGDR2	-0.36562	45.04	-3.9E-02	rgb(209,212,218)	1.881	None
ELF4	ID1	-0.36498	45.03	-3.1E-02	rgb(210,213,218)	1.8808	None
PAX6	TTC25	0.36498	45.03	0.028	rgb(217,212,212)	1.8808	None
LMX1B	UTS2B	0.36435	45.02	0.016	rgb(217,214,214)	1.8806	None
SPIB	HNF1A-AS1	-0.36435	45.02	-2.0E-02	rgb(213,214,218)	1.8806	None
ZFP28	BCL2	-0.36435	45.02	-2.1E-02	rgb(212,214,218)	1.8806	None
ZFP92	MAFB	-0.36435	45.02	-2.5E-02	rgb(212,214,218)	1.8806	None
SIM1	HLA-DQA2	0.36435	45.02	0.019	rgb(217,213,213)	1.8806	2,2
MAFA	CRH	-0.36371	45.01	-1.2E-02	rgb(214,215,217)	1.8804	None
MLXIPL	AX747619	-0.36371	45.01	-8.7E-03	rgb(215,216,217)	1.8804	2,2
RFX6	ELOVL4	0.36371	45.01	0.013	rgb(217,215,215)	1.8804	2,2
ZNF846	KCNMB3	-0.36307	45	-2.3E-03	rgb(217,217,217)	1.8802	None
MAFB	ATP8B2	0.36244	44.86	0.86	rgb(226, 53, 54)	1.8774	None
MAFB	FZD4	-0.36244	44.86	-8.6E-01	rgb( 30,103,250)	1.8774	None
E2F7	MYO3A	-0.36181	44.85	-8.5E-01	rgb( 33,105,249)	1.8772	None
TFCP2L1	CD37	0.36181	44.85	0.852	rgb(226, 54, 56)	1.8772	None
MYT1	TACR3	0.36118	44.83	0.83	rgb(226, 58, 60)	1.8768	2,2
ARX	HIP1	0.36055	44.82	0.815	rgb(226, 61, 63)	1.8766	None
PDX1	RUNDC3A	0.35993	44.81	0.808	rgb(226, 63, 64)	1.8764	None
SMAD9	FIGNL2	0.3593	44.8	0.804	rgb(226, 63, 65)	1.8762	None
SIM1	GJD2	0.3593	44.8	0.801	rgb(226, 64, 66)	1.8762	2,2
ETS1	TMEM212	-0.35867	44.79	-7.9E-01	rgb( 46,113,247)	1.876	None
RFX6	LINC00494	0.35867	44.79	0.79	rgb(226, 66, 68)	1.876	None
LMX1A	ATP6V0E2	-0.35805	44.78	-7.8E-01	rgb( 47,113,247)	1.8758	None
ATF5	RBFOX2	0.35742	44.77	0.771	rgb(225, 70, 71)	1.8756	None
ELF4	WSCD1	-0.35742	44.77	-7.7E-01	rgb( 49,115,246)	1.8756	None
PAX6	IFIT1	-0.35742	44.77	-7.7E-01	rgb( 50,115,246)	1.8756	None
SPIB	MALAT1	-0.35742	44.77	-7.7E-01	rgb( 50,115,246)	1.8756	None
ZNF492	HERC5	-0.35742	44.77	-7.7E-01	rgb( 51,116,246)	1.8756	None
PDX1	EDAR	-0.35679	44.76	-7.6E-01	rgb( 52,117,246)	1.8754	None
TFCP2L1	RBP1	0.35679	44.76	0.758	rgb(225, 72, 74)	1.8754	None
ELF4	DACH1	-0.35616	44.75	-7.5E-01	rgb( 54,118,246)	1.8752	None
FEV	ACSS3	0.35616	44.75	0.75	rgb(225, 74, 75)	1.8752	None
FEV	ELOVL4	0.35616	44.75	0.755	rgb(225, 73, 74)	1.8752	2,2
FOXP2	SPIB	-0.35616	44.75	-7.5E-01	rgb( 54,118,246)	1.8752	None
LMX1A	PDZD4	-0.35554	44.74	-7.4E-01	rgb( 57,119,245)	1.875	None
ADNP	BC041654	-0.35554	44.74	-7.4E-01	rgb( 56,119,245)	1.875	2,2
PAX6	HERC5	-0.35491	44.73	-7.3E-01	rgb( 58,121,245)	1.8748	None
ZNF846	RGS9	-0.35491	44.73	-7.3E-01	rgb( 60,121,245)	1.8748	None
ATF6	C1RL-AS1	-0.35428	44.72	-7.2E-01	rgb( 61,122,244)	1.8746	None
ELF4	LOC100132215	-0.35428	44.72	-7.2E-01	rgb( 61,122,244)	1.8746	2,2
ETV1	VOPP1	0.35428	44.72	0.718	rgb(225, 80, 81)	1.8746	None
MAFB	F10	-0.35428	44.72	-7.2E-01	rgb( 61,122,244)	1.8746	None
MAFB	PLAC4	0.35428	44.72	0.715	rgb(225, 80, 82)	1.8746	None
NKX6-1	DLC1	0.35428	44.72	0.721	rgb(225, 79, 81)	1.8746	None
RFX2	CCDC78	0.35428	44.72	0.718	rgb(225, 80, 81)	1.8746	None
ZFP82	FLJ31662	-0.35428	44.72	-7.2E-01	rgb( 61,122,244)	1.8746	2,2
SIM1	AK125333	0.35428	44.72	0.718	rgb(225, 80, 81)	1.8746	2,2
GATA2	SEZ6	0.35366	44.71	0.706	rgb(225, 82, 84)	1.8744	None
PBX3	HSPA2	0.35366	44.71	0.709	rgb(225, 82, 83)	1.8744	None
SMAD9	GFRA3	0.35366	44.71	0.714	rgb(225, 81, 82)	1.8744	None
ELF4	GPR137C	-0.35303	44.7	-7.0E-01	rgb( 66,125,243)	1.8742	None
ETV1	KCNH6	0.35303	44.7	0.699	rgb(225, 83, 85)	1.8742	None
ZNF846	RORC	-0.35303	44.7	-7.0E-01	rgb( 65,125,244)	1.8742	None
ETV1	SPOCK3	0.3524	44.69	0.692	rgb(225, 85, 86)	1.874	None
FEV	SYP	0.3524	44.69	0.687	rgb(225, 86, 87)	1.874	None
MAFB	TMEM158	0.3524	44.69	0.69	rgb(225, 85, 87)	1.874	None
ZFHX2	FCGBP	0.3524	44.69	0.686	rgb(225, 86, 87)	1.874	None
ZFHX2	PER2	0.3524	44.69	0.695	rgb(225, 84, 86)	1.874	None
AEBP1	CES1	0.3524	44.69	0.691	rgb(225, 85, 86)	1.874	2,2
ZBTB25	AX748322	0.3524	44.69	0.69	rgb(225, 85, 87)	1.874	2,2
E2F7	ELF4	-0.35177	44.68	-6.8E-01	rgb( 69,127,243)	1.8738	None
EGR3	LCP1	-0.35177	44.68	-6.8E-01	rgb( 69,127,243)	1.8738	None
ETS1	NPM2	-0.35177	44.68	-6.8E-01	rgb( 70,128,243)	1.8738	None
LMX1B	CCDC40	0.35177	44.68	0.683	rgb(225, 86, 88)	1.8738	None
TEAD2	PLCL1	-0.35177	44.68	-6.8E-01	rgb( 68,127,243)	1.8738	None
ZFHX2	CYP27A1	0.35177	44.68	0.679	rgb(224, 87, 89)	1.8738	None
ZNF492	AIF1	-0.35177	44.68	-6.8E-01	rgb( 69,127,243)	1.8738	None
HSF2	DACH1	0.35115	44.67	0.668	rgb(224, 89, 91)	1.8736	None
RFX6	MX2	0.35115	44.67	0.671	rgb(224, 89, 90)	1.8736	None
TEAD2	TUBB3	0.35115	44.67	0.666	rgb(224, 90, 91)	1.8736	None
ZNF382	GPR133	-0.35115	44.67	-6.7E-01	rgb( 72,129,242)	1.8736	2,2
ZNF514	SERF2-C15ORF63	-0.35115	44.67	-6.7E-01	rgb( 72,129,242)	1.8736	2,2
HSF2	PRR7	0.35052	44.66	0.658	rgb(224, 91, 93)	1.8734	None
MAFA	TUB	-0.35052	44.66	-6.6E-01	rgb( 74,130,242)	1.8734	None
POU5F1	ADCY5	0.35052	44.66	0.665	rgb(224, 90, 91)	1.8734	None
RORC	ATF5	0.35052	44.66	0.657	rgb(224, 92, 93)	1.8734	None
RORC	SPEG	-0.35052	44.66	-6.6E-01	rgb( 73,130,242)	1.8734	None
ARX	UTY	0.34989	44.65	0.647	rgb(224, 93, 95)	1.8732	None
E2F7	CNTD2	-0.34989	44.65	-6.5E-01	rgb( 75,131,242)	1.8732	None
ETV1	CLGN	0.34989	44.65	0.647	rgb(224, 93, 95)	1.8732	None
NR4A2	CNTD2	-0.34989	44.65	-6.5E-01	rgb( 77,132,242)	1.8732	None
PDX1	GADD45A	-0.34989	44.65	-6.5E-01	rgb( 77,132,242)	1.8732	None
ZFHX2	POU5F1	0.34989	44.65	0.646	rgb(224, 94, 95)	1.8732	None
AKNA	AK055257	-0.34989	44.65	-6.5E-01	rgb( 76,131,242)	1.8732	2,2
HMBOX1	CCL19	0.34927	44.64	0.636	rgb(224, 96, 97)	1.873	None
NR4A2	FSD1	-0.34927	44.64	-6.4E-01	rgb( 79,133,241)	1.873	None
TFCP2L1	NDRG4	-0.34927	44.64	-6.4E-01	rgb( 79,133,241)	1.873	None
ZFP92	NAT8L	0.34927	44.64	0.644	rgb(224, 94, 95)	1.873	2,2
ZNF382	AX748292	-0.34927	44.64	-6.4E-01	rgb( 78,133,241)	1.873	2,2
ZNF519	CNR1	0.34927	44.64	0.64	rgb(224, 95, 96)	1.873	None
AKNA	UCHL1	-0.34927	44.64	-6.4E-01	rgb( 78,132,241)	1.873	2,2
ARX	KRT4	-0.34864	44.63	-6.3E-01	rgb( 80,133,241)	1.8728	None
ETS1	IGSF21	-0.34864	44.63	-6.3E-01	rgb( 80,134,241)	1.8728	None
MYRF	AK097143	-0.34864	44.63	-6.3E-01	rgb( 80,133,241)	1.8728	2,2
NEUROD2	KCNAB2	0.34864	44.63	0.628	rgb(224, 97, 98)	1.8728	None
RFX3	TEAD2	0.34864	44.63	0.63	rgb(224, 97, 98)	1.8728	None
EGR3	TPPP3	0.34801	44.62	0.621	rgb(224, 98,100)	1.8726	None
FOXA1	VOPP1	-0.34801	44.62	-6.2E-01	rgb( 83,136,240)	1.8726	None
HIF1A	IGSF21	-0.34801	44.62	-6.2E-01	rgb( 82,135,241)	1.8726	None
LMX1A	SLC6A16	0.34801	44.62	0.615	rgb(224,100,101)	1.8726	None
NHLH1	KCNK3	0.34801	44.62	0.617	rgb(224, 99,100)	1.8726	None
NHLH1	SERTAD1	0.34801	44.62	0.62	rgb(224, 99,100)	1.8726	None
PDX1	TNFRSF6B	0.34801	44.62	0.621	rgb(224, 98,100)	1.8726	None
TEAD1	SCN3A	-0.34801	44.62	-6.2E-01	rgb( 82,135,241)	1.8726	2,2
ZNF382	AK024248	-0.34801	44.62	-6.2E-01	rgb( 83,135,241)	1.8726	2,2
MYT1	LPPR5	0.34801	44.62	0.616	rgb(224, 99,101)	1.8726	2,2
ZNF788	ACTG1P4	0.34801	44.62	0.617	rgb(224, 99,100)	1.8726	2,2
ETV1	NOTUM	-0.34738	44.61	-6.1E-01	rgb( 86,137,240)	1.8724	None
FEV	RGS4	0.34738	44.61	0.611	rgb(224,100,102)	1.8724	None
PRDM16	SGSM1	-0.34738	44.61	-6.1E-01	rgb( 84,136,240)	1.8724	None
ZFP82	MAML3	0.34738	44.61	0.615	rgb(224,100,101)	1.8724	None
FOXD4L5	KCNJ2	0.34676	44.6	0.598	rgb(224,103,104)	1.8722	None
LMX1B	PRKD1	0.34676	44.6	0.599	rgb(224,103,104)	1.8722	2,2
SIM1	IGF2	0.34676	44.6	0.602	rgb(224,102,103)	1.8722	2,2
SIM1	PRPH	0.34676	44.6	0.596	rgb(224,103,104)	1.8722	2,2
ZFP2	SPDYE8P	-0.34676	44.6	-6.0E-01	rgb( 87,138,240)	1.8722	2,2
ZNF518A	LOC100505716	0.34676	44.6	0.599	rgb(224,103,104)	1.8722	2,2
ARNT2	SRCIN1	-0.34613	44.59	-5.9E-01	rgb( 90,140,239)	1.872	None
ELF4	IFIT1	-0.34613	44.59	-5.9E-01	rgb( 90,139,239)	1.872	None
HSF2	GLUD1P3	-0.34613	44.59	-5.9E-01	rgb( 89,139,239)	1.872	None
POU5F1	AK093555	0.34613	44.59	0.586	rgb(223,105,106)	1.872	2,2
TFCP2L1	TUBA1A	0.34613	44.59	0.594	rgb(224,104,105)	1.872	None
ELF4	DENND2A	-0.3455	44.58	-5.8E-01	rgb( 92,141,239)	1.8718	None
HIC1	ACSS3	-0.3455	44.58	-5.8E-01	rgb( 91,140,239)	1.8718	None
HIC1	BC090058	-0.3455	44.58	-5.8E-01	rgb( 91,140,239)	1.8718	2,2
HSF2	SCN1B	0.3455	44.58	0.58	rgb(223,106,107)	1.8718	None
ISL1	ANKRD45	0.3455	44.58	0.579	rgb(223,106,108)	1.8718	None
MAFA	RBP2	-0.3455	44.58	-5.8E-01	rgb( 92,141,239)	1.8718	None
PBX1	LDB1	0.3455	44.58	0.578	rgb(223,107,108)	1.8718	None
PRDM16	PLXNC1	0.3455	44.58	0.58	rgb(223,106,107)	1.8718	None
SMAD9	MYBPC3	0.3455	44.58	0.584	rgb(223,106,107)	1.8718	None
TP73	MALAT1	-0.3455	44.58	-5.8E-01	rgb( 91,140,239)	1.8718	None
ZNF382	BC150585	-0.3455	44.58	-5.8E-01	rgb( 92,141,239)	1.8718	2,2
AEBP1	FAM181B	0.3455	44.58	0.575	rgb(223,107,108)	1.8718	2,2
AKNA	LOC100128288	-0.3455	44.58	-5.8E-01	rgb( 92,141,239)	1.8718	2,2
MAFB	CCDC86	-0.34488	44.57	-5.7E-01	rgb( 94,142,239)	1.8716	None
MAFB	CHD5	-0.34488	44.57	-5.7E-01	rgb( 94,142,239)	1.8716	None
NKX2-2	CCDC162P	-0.34488	44.57	-5.7E-01	rgb( 93,141,239)	1.8716	None
ONECUT2	AK131337	0.34488	44.57	0.568	rgb(223,109,110)	1.8716	2,2
PAX6	ACE	-0.34488	44.57	-5.7E-01	rgb( 93,142,239)	1.8716	None
PRDM16	MLN	-0.34488	44.57	-5.7E-01	rgb( 93,141,239)	1.8716	None
SMAD9	MICAL2	0.34488	44.57	0.565	rgb(223,109,110)	1.8716	None
SETBP1	IFI44	0.34488	44.57	0.569	rgb(223,108,109)	1.8716	2,2
ELF4	STMN3	-0.34425	44.56	-5.6E-01	rgb( 96,144,238)	1.8714	None
HLF	PRR5-ARHGAP8	0.34425	44.56	0.56	rgb(223,110,111)	1.8714	None
LMX1B	TFF2	-0.34425	44.56	-5.6E-01	rgb( 95,143,238)	1.8714	None
ONECUT2	SLC25A53	-0.34425	44.56	-5.6E-01	rgb( 96,143,238)	1.8714	None
PLAG1	GPR137C	-0.34425	44.56	-5.6E-01	rgb( 95,143,238)	1.8714	None
RORC	GREB1	-0.34425	44.56	-5.6E-01	rgb( 95,143,238)	1.8714	None
TFCP2L1	LRFN1	0.34425	44.56	0.56	rgb(223,110,111)	1.8714	None
ZNF382	KIAA1817	-0.34425	44.56	-5.6E-01	rgb( 95,143,238)	1.8714	2,2
ZNF519	CACNA2D1	0.34425	44.56	0.557	rgb(223,111,112)	1.8714	None
NPAS3	SCN3A	0.34425	44.56	0.561	rgb(223,110,111)	1.8714	2,2
ARX	AK5	-0.34362	44.55	-5.5E-01	rgb( 98,145,238)	1.8712	None
ARX	PLCXD3	-0.34362	44.55	-5.5E-01	rgb( 97,144,238)	1.8712	None
EGR3	KTN1-AS1	0.34362	44.55	0.549	rgb(223,112,113)	1.8712	None
ELF4	JAM3	-0.34362	44.55	-5.5E-01	rgb( 97,144,238)	1.8712	None
ETV1	PALMD	0.34362	44.55	0.55	rgb(223,112,113)	1.8712	None
ETV1	WSB1	-0.34362	44.55	-5.5E-01	rgb( 98,145,238)	1.8712	None
GATA4	DYNC1I1	-0.34362	44.55	-5.5E-01	rgb( 98,145,238)	1.8712	None
GATA4	UCKL1-AS1	-0.34362	44.55	-5.5E-01	rgb( 97,144,238)	1.8712	None
HMBOX1	LRFN2	0.34362	44.55	0.548	rgb(223,112,113)	1.8712	None
MAFB	EID1	-0.34362	44.55	-5.5E-01	rgb( 97,144,238)	1.8712	None
NFAT5	HERC5	-0.34362	44.55	-5.5E-01	rgb( 97,144,238)	1.8712	None
PAX6	DLL1	-0.34362	44.55	-5.5E-01	rgb( 97,144,238)	1.8712	None
CCDC17	AK311497	0.34362	44.55	0.545	rgb(223,113,114)	1.8712	2,2
MYT1	CLEC4G	0.34362	44.55	0.551	rgb(223,112,113)	1.8712	2,2
LHX1	RIIAD1	0.34299	44.54	0.539	rgb(223,114,115)	1.871	None
NKX2-2	TUBB3	0.34299	44.54	0.535	rgb(223,115,116)	1.871	None
SIX2	RTN4RL1	0.34299	44.54	0.544	rgb(223,113,114)	1.871	None
SPIB	HCP5	-0.34299	44.54	-5.4E-01	rgb(100,146,237)	1.871	None
TEAD2	AIF1	-0.34299	44.54	-5.4E-01	rgb(100,146,238)	1.871	None
ZNF382	AK094786	-0.34299	44.54	-5.4E-01	rgb( 99,145,238)	1.871	2,2
ZNF846	TRIM66	-0.34299	44.54	-5.4E-01	rgb( 99,145,238)	1.871	None
ELF4	CCDC88A	-0.34237	44.53	-5.3E-01	rgb(103,148,237)	1.8708	None
ETV1	MMP13	0.34237	44.53	0.529	rgb(223,116,117)	1.8708	None
HLF	SPOCK3	-0.34237	44.53	-5.3E-01	rgb(102,147,237)	1.8708	None
HSF2	SULT2A1	-0.34237	44.53	-5.3E-01	rgb(101,147,237)	1.8708	None
LHX1	DCHS1	-0.34237	44.53	-5.3E-01	rgb(102,147,237)	1.8708	None
PAX4	CFH	-0.34237	44.53	-5.3E-01	rgb(101,147,237)	1.8708	2,2
PLAG1	PAX6	-0.34237	44.53	-5.3E-01	rgb(102,147,237)	1.8708	None
PRDM16	AK096592	-0.34237	44.53	-5.3E-01	rgb(101,147,237)	1.8708	2,2
SIX2	CD96	-0.34237	44.53	-5.3E-01	rgb(102,147,237)	1.8708	None
E2F7	TMEM151B	-0.34174	44.52	-5.2E-01	rgb(103,148,237)	1.8706	None
ETV1	GPR162	0.34174	44.52	0.521	rgb(223,118,119)	1.8706	None
ETV1	SESN2	-0.34174	44.52	-5.2E-01	rgb(104,148,237)	1.8706	None
LMX1A	SH2D3C	0.34174	44.52	0.52	rgb(223,118,119)	1.8706	None
MAFA	LRFN2	0.34174	44.52	0.523	rgb(223,117,118)	1.8706	None
POU5F1	MAPK10	0.34174	44.52	0.522	rgb(223,117,118)	1.8706	None
RORC	AADAT	-0.34174	44.52	-5.2E-01	rgb(103,148,237)	1.8706	None
ZNF519	BC007880	-0.34174	44.52	-5.2E-01	rgb(104,148,237)	1.8706	2,2
KCNIP3	LINC00890	0.34174	44.52	0.523	rgb(223,117,118)	1.8706	2,2
ARNT2	UPK2	-0.34111	44.51	-5.1E-01	rgb(106,149,237)	1.8704	None
ARX	KL	0.34111	44.51	0.51	rgb(223,120,121)	1.8704	None
GATA4	PRKCH	0.34111	44.51	0.506	rgb(223,120,121)	1.8704	None
ONECUT2	AF086126	0.34111	44.51	0.506	rgb(223,120,121)	1.8704	2,2
TEAD1	SMOC1	-0.34111	44.51	-5.1E-01	rgb(106,149,236)	1.8704	None
ZFP82	XKR7	0.34111	44.51	0.511	rgb(223,119,120)	1.8704	None
ADNP	AK027840	-0.34111	44.51	-5.1E-01	rgb(107,150,236)	1.8704	2,2
EGR3	GGT5	-0.34049	44.5	-5.0E-01	rgb(109,151,236)	1.8702	None
ELF4	AK129879	0.34049	44.5	0.501	rgb(223,121,122)	1.8702	2,2
ELF4	MAPK8IP1	-0.34049	44.5	-5.0E-01	rgb(108,150,236)	1.8702	None
ELF4	PGM5P2	-0.34049	44.5	-5.0E-01	rgb(110,152,236)	1.8702	2,2
ETV1	SMAD9	-0.34049	44.5	-5.0E-01	rgb(109,151,236)	1.8702	None
FOXD4L5	SYNM	0.34049	44.5	0.496	rgb(222,122,123)	1.8702	None
HSF2	DPEP1	0.34049	44.5	0.504	rgb(223,121,122)	1.8702	None
ONECUT2	SDPR	-0.34049	44.5	-5.0E-01	rgb(109,151,236)	1.8702	2,2
SIX2	GABBR2	-0.34049	44.5	-5.0E-01	rgb(109,151,236)	1.8702	None
ADNP	AK026392	-0.34049	44.5	-5.0E-01	rgb(108,151,236)	1.8702	2,2
ARX	ATP6V0E2	-0.33986	44.49	-4.9E-01	rgb(110,152,236)	1.87	None
ELF4	WNK3	-0.33986	44.49	-4.9E-01	rgb(111,153,236)	1.87	None
GATA4	SNAP25	0.33986	44.49	0.49	rgb(222,123,124)	1.87	None
HSF2	SLC35F3	-0.33986	44.49	-4.9E-01	rgb(110,152,236)	1.87	None
MAFB	CDH5	0.33986	44.49	0.493	rgb(222,123,124)	1.87	None
NHLH1	CRLF1	0.33986	44.49	0.487	rgb(222,124,125)	1.87	None
RFX3	CPT1C	0.33986	44.49	0.49	rgb(222,123,124)	1.87	None
SMAD9	TMEM189-UBE2V1	0.33986	44.49	0.491	rgb(222,123,124)	1.87	None
SPIB	ST8SIA5	0.33986	44.49	0.49	rgb(222,123,124)	1.87	None
TFCP2L1	LINC00643	-0.33986	44.49	-4.9E-01	rgb(110,152,236)	1.87	None
ZFHX2	CD300LF	0.33986	44.49	0.487	rgb(222,124,125)	1.87	None
ATF5	CAMK2N2	-0.33923	44.48	-4.8E-01	rgb(112,153,235)	1.8698	None
HHEX	BC006435	0.33923	44.48	0.481	rgb(222,125,126)	1.8698	2,2
HIF1A	PRR7	0.33923	44.48	0.479	rgb(222,125,126)	1.8698	None
HLF	AX747090	-0.33923	44.48	-4.8E-01	rgb(113,154,235)	1.8698	2,2
LMX1B	MYSM1	-0.33923	44.48	-4.8E-01	rgb(114,154,235)	1.8698	None
MAFF	CHRNB2	0.33923	44.48	0.478	rgb(222,126,127)	1.8698	None
POU2F2	TLE3	0.33923	44.48	0.477	rgb(222,126,127)	1.8698	None
TFCP2L1	SORCS2	0.33923	44.48	0.477	rgb(222,126,127)	1.8698	None
ZFHX2	KAL1	0.33923	44.48	0.48	rgb(222,125,126)	1.8698	2,2
ZNF514	TCL6	0.33923	44.48	0.478	rgb(222,126,127)	1.8698	2,2
ATF5	CR933660	0.3386	44.47	0.465	rgb(222,128,129)	1.8696	2,2
ETS1	LSAMP	-0.3386	44.47	-4.7E-01	rgb(115,155,235)	1.8696	None
FOXA2	ID1	-0.3386	44.47	-4.7E-01	rgb(115,155,235)	1.8696	None
PBX3	ADH6	0.3386	44.47	0.472	rgb(222,127,128)	1.8696	None
PDX1	COL6A4P2	0.3386	44.47	0.468	rgb(222,128,129)	1.8696	None
PDX1	PDGFD	0.3386	44.47	0.474	rgb(222,126,127)	1.8696	None
PDX1	PGF	-0.3386	44.47	-4.7E-01	rgb(115,155,235)	1.8696	None
PRDM16	LRRC36	0.3386	44.47	0.467	rgb(222,128,129)	1.8696	None
PRDM16	PRRT3	0.3386	44.47	0.475	rgb(222,126,127)	1.8696	None
SIX2	CCDC150	0.3386	44.47	0.472	rgb(222,127,128)	1.8696	None
SMAD9	KCNIP3	0.3386	44.47	0.469	rgb(222,127,128)	1.8696	None
ZFP28	FSTL5	0.3386	44.47	0.472	rgb(222,127,128)	1.8696	None
CCDC17	AK091729	0.3386	44.47	0.467	rgb(222,128,129)	1.8696	2,2
EGR3	GABBR2	0.33798	44.46	0.46	rgb(222,129,130)	1.8694	None
ETV1	OSBPL6	0.33798	44.46	0.465	rgb(222,128,129)	1.8694	None
ETV1	PITRM1-AS1	-0.33798	44.46	-4.6E-01	rgb(116,156,235)	1.8694	None
LMX1B	SLC6A16	-0.33798	44.46	-4.6E-01	rgb(117,156,235)	1.8694	None
SIX2	GPR112	0.33798	44.46	0.456	rgb(222,130,131)	1.8694	2,2
FOXJ1	UCP2	-0.33735	44.45	-4.5E-01	rgb(120,158,234)	1.8692	None
GATA2	UCN3	0.33735	44.45	0.447	rgb(222,132,132)	1.8692	None
LHX1	MALAT1	0.33735	44.45	0.446	rgb(222,132,133)	1.8692	None
LMX1B	PDX1	0.33735	44.45	0.452	rgb(222,131,132)	1.8692	None
PBX3	CATSPERB	-0.33735	44.45	-4.5E-01	rgb(120,158,234)	1.8692	None
SMAD9	KCNK16	0.33735	44.45	0.453	rgb(222,130,131)	1.8692	None
TFCP2L1	RCOR2	0.33735	44.45	0.452	rgb(222,131,132)	1.8692	None
ZFP82	CIB4	0.33735	44.45	0.454	rgb(222,130,131)	1.8692	None
ZFP82	SCGB1A1	-0.33735	44.45	-4.5E-01	rgb(120,158,234)	1.8692	None
ARX	CD52	0.33672	44.44	0.441	rgb(222,133,134)	1.869	None
E2F7	ASCL2	0.33672	44.44	0.437	rgb(222,133,134)	1.869	None
ELF4	CERS1	-0.33672	44.44	-4.4E-01	rgb(121,159,234)	1.869	None
LTF	AK095242	0.33672	44.44	0.441	rgb(222,133,134)	1.869	2,2
SPIB	XKR7	-0.33672	44.44	-4.4E-01	rgb(122,159,234)	1.869	None
TEAD1	MSMB	-0.33672	44.44	-4.4E-01	rgb(122,159,234)	1.869	None
TEAD1	PHYHIP	-0.33672	44.44	-4.4E-01	rgb(123,160,234)	1.869	None
ARX	CD37	0.3361	44.43	0.428	rgb(222,135,136)	1.8688	None
ELF4	ANGPT2	-0.3361	44.43	-4.3E-01	rgb(124,161,233)	1.8688	None
ETV1	AGT	0.3361	44.43	0.426	rgb(222,136,136)	1.8688	None
FOXA1	ADNP	0.3361	44.43	0.432	rgb(222,134,135)	1.8688	None
GATA2	LINC00894	0.3361	44.43	0.43	rgb(222,135,136)	1.8688	None
GATA2	SCUBE3	0.3361	44.43	0.431	rgb(222,135,135)	1.8688	None
HEYL	ADAMTS2	-0.3361	44.43	-4.3E-01	rgb(123,160,233)	1.8688	2,2
NR4A2	ARL4D	0.3361	44.43	0.425	rgb(222,136,137)	1.8688	None
PRDM16	LHX1	-0.3361	44.43	-4.3E-01	rgb(123,160,233)	1.8688	None
SOX4	GABRE	-0.3361	44.43	-4.3E-01	rgb(124,160,233)	1.8688	None
TFCP2L1	ISLR2	0.3361	44.43	0.429	rgb(222,135,136)	1.8688	None
AEBP1	AK126180	-0.3361	44.43	-4.3E-01	rgb(123,160,233)	1.8688	2,2
ARNT2	AKT3	-0.33547	44.42	-4.2E-01	rgb(126,162,233)	1.8686	None
E2F7	PLTP	0.33547	44.42	0.424	rgb(222,136,137)	1.8686	None
EGR3	CYGB	-0.33547	44.42	-4.2E-01	rgb(126,162,233)	1.8686	None
EGR3	PCSK2	-0.33547	44.42	-4.2E-01	rgb(126,162,233)	1.8686	None
EGR3	SLC7A4	0.33547	44.42	0.42	rgb(222,137,138)	1.8686	None
ETV1	TPST2	0.33547	44.42	0.423	rgb(222,136,137)	1.8686	None
FOXD4L5	COL14A1	0.33547	44.42	0.421	rgb(222,137,137)	1.8686	None
HLF	LOC642776	-0.33547	44.42	-4.2E-01	rgb(125,161,233)	1.8686	2,2
HSF2	VWCE	-0.33547	44.42	-4.2E-01	rgb(126,162,233)	1.8686	None
LHX1	UCP2	-0.33547	44.42	-4.2E-01	rgb(126,162,233)	1.8686	None
NR4A2	STMN3	-0.33547	44.42	-4.2E-01	rgb(126,162,233)	1.8686	None
ONECUT2	CACNA2D2	-0.33547	44.42	-4.2E-01	rgb(126,162,233)	1.8686	None
PAX6	LOC643406	-0.33547	44.42	-4.2E-01	rgb(127,162,233)	1.8686	2,2
RFX6	ARHGEF25	0.33547	44.42	0.417	rgb(222,137,138)	1.8686	2,2
SPIB	IGFN1	-0.33547	44.42	-4.2E-01	rgb(126,162,233)	1.8686	None
ZNF788	AX746734	0.33547	44.42	0.416	rgb(222,138,138)	1.8686	2,2
ARX	NOTUM	-0.33484	44.41	-4.1E-01	rgb(129,163,232)	1.8684	None
ETS1	LOC440434	-0.33484	44.41	-4.1E-01	rgb(129,163,232)	1.8684	2,2
ETV1	ALAS2	0.33484	44.41	0.408	rgb(221,139,140)	1.8684	None
ETV1	FAM155B	-0.33484	44.41	-4.1E-01	rgb(129,163,232)	1.8684	None
GATA2	DENND2A	0.33484	44.41	0.406	rgb(221,140,140)	1.8684	None
GATA4	SPEG	-0.33484	44.41	-4.1E-01	rgb(128,163,233)	1.8684	None
LMX1A	RGS4	-0.33484	44.41	-4.1E-01	rgb(127,162,233)	1.8684	None
LMX1B	CHRNA1	-0.33484	44.41	-4.1E-01	rgb(127,163,233)	1.8684	None
LMX1B	KCNQ1OT1	-0.33484	44.41	-4.1E-01	rgb(129,163,232)	1.8684	None
NR4A3	DPF3	-0.33484	44.41	-4.1E-01	rgb(128,163,233)	1.8684	None
RORC	BCRP3	0.33484	44.41	0.406	rgb(221,139,140)	1.8684	None
SOX4	CEND1	-0.33484	44.41	-4.1E-01	rgb(128,163,233)	1.8684	None
TFCP2L1	NFRKB	-0.33484	44.41	-4.1E-01	rgb(128,163,233)	1.8684	None
ZFHX2	RSAD2	0.33484	44.41	0.413	rgb(222,138,139)	1.8684	None
MYT1	NPY	0.33484	44.41	0.408	rgb(221,139,140)	1.8684	2,2
ZNF117	AK310876	0.33484	44.41	0.413	rgb(222,138,139)	1.8684	2,2
ATF5	AX746867	0.33421	44.4	0.399	rgb(221,141,142)	1.8682	2,2
GATA4	CAMK2N2	0.33421	44.4	0.398	rgb(221,141,142)	1.8682	None
HMBOX1	KSR2	0.33421	44.4	0.402	rgb(221,140,141)	1.8682	None
LMX1B	AX746867	-0.33421	44.4	-4.0E-01	rgb(131,165,232)	1.8682	2,2
LMX1B	CHRM4	0.33421	44.4	0.402	rgb(221,140,141)	1.8682	None
ONECUT3	SLC7A14	0.33421	44.4	0.403	rgb(221,140,141)	1.8682	None
PAX6	UBE2Q2P2	-0.33421	44.4	-4.0E-01	rgb(130,164,232)	1.8682	2,2
SIX2	SV2A	0.33421	44.4	0.404	rgb(221,140,141)	1.8682	None
CCDC17	LINC00890	0.33421	44.4	0.4	rgb(221,141,141)	1.8682	2,2
SIM1	PCDHB10	0.33421	44.4	0.402	rgb(221,140,141)	1.8682	2,2
ARX	CACNA1G	0.33359	44.39	0.391	rgb(221,142,143)	1.868	None
DPF3	AK026379	0.33359	44.39	0.388	rgb(221,143,144)	1.868	2,2
ETV1	SCGN	0.33359	44.39	0.391	rgb(221,142,143)	1.868	None
GATA4	PMFBP1	0.33359	44.39	0.386	rgb(221,143,144)	1.868	None
HHEX	PTPRT	0.33359	44.39	0.387	rgb(221,143,144)	1.868	None
HIF1A	CACNA1C	-0.33359	44.39	-3.9E-01	rgb(132,166,232)	1.868	None
LMX1B	GPR173	0.33359	44.39	0.391	rgb(221,142,143)	1.868	None
ONECUT2	ANKRD36C	0.33359	44.39	0.389	rgb(221,143,143)	1.868	None
SIX2	TLE3	0.33359	44.39	0.389	rgb(221,143,143)	1.868	None
TGIF2	CCDC86	-0.33359	44.39	-3.9E-01	rgb(133,166,232)	1.868	None
ZBTB25	AK096291	0.33359	44.39	0.39	rgb(221,143,143)	1.868	2,2
ZNF514	AX746605	0.33359	44.39	0.392	rgb(221,142,143)	1.868	2,2
ARX	SLC26A7	-0.33296	44.38	-3.8E-01	rgb(134,167,231)	1.8678	None
EGR3	BOC	-0.33296	44.38	-3.8E-01	rgb(135,167,231)	1.8678	None
ELF4	MIPOL1	-0.33296	44.38	-3.8E-01	rgb(134,166,232)	1.8678	None
FOXD4L5	MYBPC3	-0.33296	44.38	-3.8E-01	rgb(135,167,231)	1.8678	None
HSF2	UTY	0.33296	44.38	0.378	rgb(221,145,146)	1.8678	None
INSM1	CCDC113	-0.33296	44.38	-3.8E-01	rgb(134,167,232)	1.8678	None
LMX1B	SDK1	0.33296	44.38	0.375	rgb(221,145,146)	1.8678	None
LTF	ADAM20P1	0.33296	44.38	0.379	rgb(221,145,145)	1.8678	2,2
MAFB	GRIK5	-0.33296	44.38	-3.8E-01	rgb(135,167,231)	1.8678	None
MYRF	CCDC146	-0.33296	44.38	-3.8E-01	rgb(134,167,231)	1.8678	None
POU5F1	FAXC	0.33296	44.38	0.376	rgb(221,145,146)	1.8678	None
POU6F1	SERF2-C15ORF63	-0.33296	44.38	-3.8E-01	rgb(135,167,231)	1.8678	2,2
TFCP2L1	MYBPC3	0.33296	44.38	0.381	rgb(221,144,145)	1.8678	None
TP73	TUB	-0.33296	44.38	-3.8E-01	rgb(134,166,232)	1.8678	None
ARX	BCAT1	-0.33233	44.37	-3.7E-01	rgb(136,168,231)	1.8676	None
ARX	CD200	-0.33233	44.37	-3.7E-01	rgb(136,168,231)	1.8676	None
HSF2	ATCAY	-0.33233	44.37	-3.7E-01	rgb(137,168,231)	1.8676	2,2
HSF2	COL12A1	-0.33233	44.37	-3.7E-01	rgb(137,169,231)	1.8676	None
LHX1	DNLZ	-0.33233	44.37	-3.7E-01	rgb(137,169,231)	1.8676	None
PAX6	SDK2	0.33233	44.37	0.368	rgb(221,147,147)	1.8676	None
TGIF2	GABRE	0.33233	44.37	0.368	rgb(221,147,147)	1.8676	None
ZNF883	LOC100188947	-0.33233	44.37	-3.7E-01	rgb(138,169,231)	1.8676	2,2
ARX	SERPINI1	-0.33171	44.36	-3.6E-01	rgb(140,170,231)	1.8674	None
ASCL1	LOC100216479	0.33171	44.36	0.358	rgb(221,149,149)	1.8674	2,2
EGR3	TMEM145	0.33171	44.36	0.358	rgb(221,149,149)	1.8674	None
HLF	BC073932	-0.33171	44.36	-3.6E-01	rgb(140,170,231)	1.8674	2,2
NHLH1	SOX4	0.33171	44.36	0.355	rgb(221,149,150)	1.8674	None
NKX2-2	KIAA1324	0.33171	44.36	0.36	rgb(221,148,149)	1.8674	None
SIX2	GFRA1	-0.33171	44.36	-3.6E-01	rgb(139,170,231)	1.8674	None
TEAD1	SHC3	-0.33171	44.36	-3.6E-01	rgb(138,169,231)	1.8674	None
TFCP2L1	ZFP69B	0.33171	44.36	0.363	rgb(221,148,148)	1.8674	None
TP73	MLLT11	0.33171	44.36	0.362	rgb(221,148,149)	1.8674	None
ZNF514	AK095546	0.33171	44.36	0.356	rgb(221,149,150)	1.8674	2,2
ZNF788	AK025664	0.33171	44.36	0.357	rgb(221,149,150)	1.8674	2,2
EGR3	SMKR1	-0.33108	44.35	-3.5E-01	rgb(141,171,230)	1.8672	None
PAX6	TRPC7	0.33108	44.35	0.346	rgb(221,151,152)	1.8672	None
RFX3	GABBR2	0.33108	44.35	0.345	rgb(221,151,152)	1.8672	None
RFX6	STARD8	0.33108	44.35	0.348	rgb(221,151,151)	1.8672	None
SOX4	MAGED4	-0.33108	44.35	-3.5E-01	rgb(141,171,230)	1.8672	None
ZFHX2	LONRF2	-0.33108	44.35	-3.5E-01	rgb(140,170,230)	1.8672	None
ZNF846	CATSPERB	0.33108	44.35	0.351	rgb(221,150,151)	1.8672	None
ELF4	ACTN3	-0.33045	44.34	-3.4E-01	rgb(142,172,230)	1.867	None
GATA4	CAMKV	0.33045	44.34	0.345	rgb(221,151,152)	1.867	None
GATA4	IQCA1	0.33045	44.34	0.343	rgb(221,151,152)	1.867	2,2
LHX1	GABRA1	-0.33045	44.34	-3.4E-01	rgb(142,172,230)	1.867	2,2
NKX2-2	ONECUT1	-0.33045	44.34	-3.4E-01	rgb(144,173,230)	1.867	2,2
NKX2-2	USP6	-0.33045	44.34	-3.4E-01	rgb(143,172,230)	1.867	None
SOX4	LRFN1	-0.33045	44.34	-3.4E-01	rgb(143,172,230)	1.867	None
ASCL1	BAIAP3	0.32982	44.33	0.335	rgb(221,153,154)	1.8668	None
CXXC4	AK125727	-0.32982	44.33	-3.3E-01	rgb(145,173,230)	1.8668	2,2
EGR3	ZRANB2-AS1	-0.32982	44.33	-3.3E-01	rgb(146,174,229)	1.8668	None
FEV	CNR1	-0.32982	44.33	-3.3E-01	rgb(144,173,230)	1.8668	None
FOXA1	LOC100527964	0.32982	44.33	0.329	rgb(221,154,155)	1.8668	2,2
HIC1	ARC	0.32982	44.33	0.33	rgb(221,154,155)	1.8668	None
HSF2	DUSP2	-0.32982	44.33	-3.3E-01	rgb(146,174,229)	1.8668	None
NKX2-2	RNF150	-0.32982	44.33	-3.3E-01	rgb(146,174,229)	1.8668	None
PDX1	ACTL6B	0.32982	44.33	0.328	rgb(221,154,155)	1.8668	None
ARX	PODXL2	-0.3292	44.32	-3.2E-01	rgb(147,175,229)	1.8666	None
ARX	SLC16A12	0.3292	44.32	0.32	rgb(221,156,157)	1.8666	None
ETV1	TRPC7	-0.3292	44.32	-3.2E-01	rgb(148,175,229)	1.8666	None
FOXJ1	WSB1	0.3292	44.32	0.318	rgb(220,156,157)	1.8666	None
FOXP2	CALCOCO1	0.3292	44.32	0.325	rgb(221,155,156)	1.8666	None
GATA4	NKTR	-0.3292	44.32	-3.2E-01	rgb(149,175,229)	1.8666	None
GATA4	RNPC3	-0.3292	44.32	-3.2E-01	rgb(147,175,229)	1.8666	None
HSF2	NCALD	-0.3292	44.32	-3.2E-01	rgb(148,175,229)	1.8666	None
LHX1	BASP1	-0.3292	44.32	-3.2E-01	rgb(148,175,229)	1.8666	None
LMX1A	CCK	-0.3292	44.32	-3.2E-01	rgb(148,175,229)	1.8666	None
LMX1B	HEY1	0.3292	44.32	0.321	rgb(221,156,156)	1.8666	None
MAFB	TMEM145	-0.3292	44.32	-3.2E-01	rgb(148,175,229)	1.8666	None
PBX1	MAGED4	-0.3292	44.32	-3.2E-01	rgb(148,175,229)	1.8666	None
PRDM16	DKFZP434K028	-0.3292	44.32	-3.2E-01	rgb(148,175,229)	1.8666	2,2
TEAD2	C1QL1	-0.3292	44.32	-3.2E-01	rgb(147,174,229)	1.8666	None
KCNIP3	LRRC16B	0.3292	44.32	0.323	rgb(221,155,156)	1.8666	2,2
ARX	KCNE4	0.32857	44.31	0.306	rgb(220,158,159)	1.8664	None
ETS1	CR933660	-0.32857	44.31	-3.1E-01	rgb(149,175,229)	1.8664	2,2
ETV1	CD300LF	-0.32857	44.31	-3.1E-01	rgb(150,176,229)	1.8664	None
FOXP2	PGA5	-0.32857	44.31	-3.1E-01	rgb(149,176,229)	1.8664	None
HEYL	PRR18	-0.32857	44.31	-3.1E-01	rgb(151,177,229)	1.8664	2,2
LMX1A	GIP	-0.32857	44.31	-3.1E-01	rgb(149,175,229)	1.8664	None
MAFB	SUSD2	0.32857	44.31	0.314	rgb(220,157,158)	1.8664	None
ONECUT3	ATF7IP	-0.32857	44.31	-3.1E-01	rgb(149,176,229)	1.8664	None
EGR3	SMOC2	0.32794	44.3	0.301	rgb(220,160,160)	1.8662	None
FEV	TMEM145	0.32794	44.3	0.297	rgb(220,160,161)	1.8662	None
GATA4	PCDHA2	0.32794	44.3	0.298	rgb(220,160,161)	1.8662	None
NKX2-2	FAM227A	-0.32794	44.3	-3.0E-01	rgb(152,177,228)	1.8662	None
ONECUT2	MSH5	0.32794	44.3	0.295	rgb(220,161,161)	1.8662	None
SOX4	SGCD	-0.32794	44.3	-3.0E-01	rgb(153,178,228)	1.8662	None
ZBTB4	AK128593	0.32794	44.3	0.3	rgb(220,160,160)	1.8662	2,2
ARX	FOXA1	-0.32732	44.29	-2.9E-01	rgb(154,179,228)	1.866	None
DPF3	AK091275	0.32732	44.29	0.294	rgb(220,161,161)	1.866	2,2
FOXA1	SOGA3	0.32732	44.29	0.294	rgb(220,161,161)	1.866	None
GATA2	GCK	0.32732	44.29	0.293	rgb(220,161,162)	1.866	None
GATA4	LINC00894	-0.32732	44.29	-2.9E-01	rgb(153,178,228)	1.866	None
ONECUT1	NFAT5	0.32732	44.29	0.289	rgb(220,162,162)	1.866	None
ZNF492	ID1	-0.32732	44.29	-2.9E-01	rgb(154,178,228)	1.866	None
ZNF883	LQFBS-1	-0.32732	44.29	-2.9E-01	rgb(155,179,228)	1.866	2,2
AEBP1	GPR116	0.32732	44.29	0.289	rgb(220,162,162)	1.866	2,2
ZNF788	AK091729	0.32732	44.29	0.29	rgb(220,162,162)	1.866	2,2
ASCL1	CRH	0.32669	44.28	0.282	rgb(220,163,164)	1.8658	None
EGR3	ARC	0.32669	44.28	0.285	rgb(220,163,163)	1.8658	None
ETS1	RGS4	-0.32669	44.28	-2.8E-01	rgb(156,180,228)	1.8658	None
ETS1	TMEM145	-0.32669	44.28	-2.8E-01	rgb(156,180,228)	1.8658	None
MAFB	IFI44	-0.32669	44.28	-2.8E-01	rgb(156,180,228)	1.8658	None
NEUROD2	SOGA3	0.32669	44.28	0.277	rgb(220,164,165)	1.8658	None
NHLH1	INSM1	0.32669	44.28	0.28	rgb(220,163,164)	1.8658	None
POU5F1	LINC00261	0.32669	44.28	0.276	rgb(220,164,165)	1.8658	None
ADNP	AL832937	-0.32669	44.28	-2.8E-01	rgb(157,180,228)	1.8658	2,2
ELF4	PITRM1-AS1	-0.32606	44.27	-2.7E-01	rgb(158,181,227)	1.8656	None
FOXD4L5	MEX3A	-0.32606	44.27	-2.7E-01	rgb(159,181,227)	1.8656	None
GATA4	GPC6	0.32606	44.27	0.272	rgb(220,165,166)	1.8656	None
HES6	AK095546	-0.32606	44.27	-2.7E-01	rgb(158,181,227)	1.8656	2,2
PBX3	CIT	0.32606	44.27	0.265	rgb(220,166,167)	1.8656	None
PRDM16	SCHIP1	-0.32606	44.27	-2.7E-01	rgb(159,182,227)	1.8656	None
TEAD1	DPF3	0.32606	44.27	0.273	rgb(220,165,165)	1.8656	None
TEAD2	BC010924	-0.32606	44.27	-2.7E-01	rgb(159,182,227)	1.8656	2,2
ZNF514	FW340024	0.32606	44.27	0.273	rgb(220,165,165)	1.8656	2,2
ASCL1	ELFN1	-0.32543	44.26	-2.6E-01	rgb(160,182,227)	1.8654	None
ATF6	PYY	0.32543	44.26	0.257	rgb(220,168,168)	1.8654	None
LMX1A	PRDM16	-0.32543	44.26	-2.6E-01	rgb(160,182,227)	1.8654	None
TEAD1	MEP1B	-0.32543	44.26	-2.6E-01	rgb(160,182,227)	1.8654	None
ZNF492	TSNAX-DISC1	-0.32543	44.26	-2.6E-01	rgb(161,183,227)	1.8654	None
EGR3	CERS1	-0.32481	44.25	-2.5E-01	rgb(164,185,226)	1.8652	None
ETV1	CDH22	0.32481	44.25	0.247	rgb(220,170,170)	1.8652	None
HSF2	UPK2	-0.32481	44.25	-2.5E-01	rgb(162,183,227)	1.8652	None
LMX1B	EBF3	0.32481	44.25	0.246	rgb(220,170,171)	1.8652	None
TEAD1	FFAR1	-0.32481	44.25	-2.5E-01	rgb(163,184,226)	1.8652	2,2
TGIF2	IGF2	-0.32481	44.25	-2.5E-01	rgb(162,184,227)	1.8652	None
EGR3	TRIM35	0.32418	44.24	0.239	rgb(220,171,172)	1.865	None
ETV1	HCN4	-0.32418	44.24	-2.4E-01	rgb(165,185,226)	1.865	None
GATA4	VGF	0.32418	44.24	0.242	rgb(220,171,171)	1.865	None
MAFA	FAM155B	-0.32418	44.24	-2.4E-01	rgb(165,185,226)	1.865	None
MAFA	THBS4	0.32418	44.24	0.241	rgb(220,171,171)	1.865	None
ONECUT2	LOC100188947	-0.32418	44.24	-2.4E-01	rgb(164,185,226)	1.865	2,2
PBX3	LMX1A	-0.32418	44.24	-2.4E-01	rgb(165,186,226)	1.865	None
SPIB	UCP2	-0.32418	44.24	-2.4E-01	rgb(164,185,226)	1.865	None
ZFP2	FAM65C	0.32418	44.24	0.243	rgb(220,171,171)	1.865	2,2
E2F7	SLC25A53	-0.32355	44.23	-2.3E-01	rgb(167,186,226)	1.8648	None
ETS1	MBOAT4	-0.32355	44.23	-2.3E-01	rgb(168,187,226)	1.8648	None
HOXB9	REG4	-0.32355	44.23	-2.3E-01	rgb(167,186,226)	1.8648	None
NEUROG3	RPLP0P2	-0.32355	44.23	-2.3E-01	rgb(167,186,226)	1.8648	None
ONECUT2	EGFR	0.32355	44.23	0.234	rgb(220,172,173)	1.8648	None
PAX4	SMARCA1	0.32355	44.23	0.233	rgb(220,172,173)	1.8648	None
RFX3	NCS1	0.32355	44.23	0.228	rgb(220,173,174)	1.8648	None
ZNF846	HES6	0.32355	44.23	0.228	rgb(220,174,174)	1.8648	None
ADNP	AF086346	-0.32355	44.23	-2.3E-01	rgb(166,186,226)	1.8648	2,2
PDX1	MDN1	0.32293	44.22	0.216	rgb(219,176,176)	1.8646	None
RORC	NHLH1	0.32293	44.22	0.225	rgb(219,174,175)	1.8646	None
SIX2	MEP1B	0.32293	44.22	0.218	rgb(219,175,176)	1.8646	None
TET1	TGIF2	0.32293	44.22	0.22	rgb(219,175,175)	1.8646	None
ZFHX2	SMAD9	0.32293	44.22	0.217	rgb(219,176,176)	1.8646	None
ZNF492	DQ600483	0.32293	44.22	0.224	rgb(219,174,175)	1.8646	2,2
ELF4	CYGB	0.3223	44.21	0.205	rgb(219,178,178)	1.8644	None
ETS1	ZFP62	-0.3223	44.21	-2.1E-01	rgb(171,189,225)	1.8644	None
ADNP	AK097012	-0.3223	44.21	-2.1E-01	rgb(172,189,225)	1.8644	2,2
NPAS3	PTCHD2	0.3223	44.21	0.205	rgb(219,178,178)	1.8644	2,2
GATA2	MSMB	0.32167	44.2	0.201	rgb(219,179,179)	1.8642	None
LMX1A	ACOT7	0.32167	44.2	0.202	rgb(219,178,179)	1.8642	None
LMX1B	ITPRIP	0.32167	44.2	0.201	rgb(219,179,179)	1.8642	None
TEAD1	MFAP2	-0.32167	44.2	-2.0E-01	rgb(173,190,225)	1.8642	2,2
ZNF514	LOC100288123	0.32167	44.2	0.204	rgb(219,178,179)	1.8642	2,2
ETS1	USH1G	-0.32104	44.19	-1.9E-01	rgb(176,192,224)	1.864	None
MAFB	SESN2	0.32104	44.19	0.194	rgb(219,180,180)	1.864	None
NHLH1	CENPE	-0.32104	44.19	-1.9E-01	rgb(175,191,224)	1.864	None
SIX2	FAXC	0.32104	44.19	0.191	rgb(219,180,181)	1.864	None
GATA4	KIRREL3	-0.32042	44.18	-1.8E-01	rgb(179,194,224)	1.8638	None
ISL1	SH3TC2	0.32042	44.18	0.185	rgb(219,182,182)	1.8638	None
TEAD1	FAM131B	-0.32042	44.18	-1.8E-01	rgb(178,193,224)	1.8638	None
NPAS3	AK024119	0.32042	44.18	0.181	rgb(219,182,183)	1.8638	2,2
TET1	AK128656	0.31979	44.17	0.173	rgb(219,184,184)	1.8636	2,2
ZBTB25	LOC440434	0.31979	44.17	0.172	rgb(219,184,184)	1.8636	2,2
POU6F1	GDF11	-0.31916	44.16	-1.6E-01	rgb(182,196,223)	1.8634	None
TEAD2	TEKT2	-0.31916	44.16	-1.6E-01	rgb(182,195,223)	1.8634	None
MYSM1	DQ586822	0.31916	44.16	0.162	rgb(219,186,186)	1.8634	2,2
ZNF117	FW340024	0.31916	44.16	0.161	rgb(219,186,187)	1.8634	2,2
EGR3	MAD2L2	0.31854	44.15	0.153	rgb(219,188,188)	1.8632	None
EGR3	NAT14	-0.31854	44.15	-1.5E-01	rgb(185,198,223)	1.8632	None
ETS1	SRM	0.31854	44.15	0.149	rgb(219,189,189)	1.8632	None
NKX2-2	MAPK12	-0.31854	44.15	-1.5E-01	rgb(184,197,223)	1.8632	None
NR4A2	NPY	-0.31854	44.15	-1.5E-01	rgb(184,197,223)	1.8632	None
PAX6	TTLL6	-0.31854	44.15	-1.5E-01	rgb(184,197,223)	1.8632	None
PRDM16	GLIS2	0.31854	44.15	0.149	rgb(219,189,189)	1.8632	None
SPIB	EPHA8	0.31854	44.15	0.151	rgb(219,188,188)	1.8632	None
HSF2	TTLL7	0.31791	44.14	0.143	rgb(219,190,190)	1.863	None
SMAD9	LINGO1	0.31791	44.14	0.143	rgb(219,190,190)	1.863	None
ZFHX2	RGS11	-0.31791	44.14	-1.4E-01	rgb(186,198,222)	1.863	None
ETS1	NKTR	-0.31728	44.13	-1.3E-01	rgb(190,200,222)	1.8628	None
HSF2	KCNC1	-0.31728	44.13	-1.3E-01	rgb(188,199,222)	1.8628	None
SMAD9	AK027332	-0.31728	44.13	-1.3E-01	rgb(189,200,222)	1.8628	2,2
SPIB	CTNND1	0.31728	44.13	0.127	rgb(218,193,193)	1.8628	None
SOX4	FAM131B	0.31665	44.12	0.116	rgb(218,195,195)	1.8626	None
HSF2	IFI44	-0.31603	44.11	-1.1E-01	rgb(193,202,221)	1.8624	None
MAFF	RGS17	-0.31603	44.11	-1.1E-01	rgb(193,202,221)	1.8624	None
FOXD4L5	CYMP	0.3154	44.1	0.098	rgb(218,198,199)	1.8622	None
GATA4	EBF3	0.3154	44.1	0.102	rgb(218,197,198)	1.8622	None
HSF2	ARHGAP22	0.3154	44.1	0.102	rgb(218,198,198)	1.8622	None
LHX1	ATF6	0.3154	44.1	0.097	rgb(218,199,199)	1.8622	None
PAX6	CRIP1	0.3154	44.1	0.101	rgb(218,198,198)	1.8622	None
RFX2	CPT1C	0.3154	44.1	0.097	rgb(218,198,199)	1.8622	None
GATA2	SH3RF3	0.31477	44.09	0.091	rgb(218,200,200)	1.862	None
SOX4	TBC1D8B	-0.31477	44.09	-9.4E-02	rgb(197,205,221)	1.862	None
LMX1B	KCNMB3	-0.31415	44.08	-7.9E-02	rgb(200,207,220)	1.8618	None
PBX3	ILDR2	-0.31415	44.08	-8.0E-02	rgb(200,206,220)	1.8618	None
E2F7	CYP4F24P	-0.31352	44.07	-7.2E-02	rgb(201,207,220)	1.8616	None
ETV1	PLEKHH2	-0.31352	44.07	-7.3E-02	rgb(201,207,220)	1.8616	None
MAFF	SMOC2	-0.31352	44.07	-7.3E-02	rgb(201,207,220)	1.8616	None
TFCP2L1	NPTX2	0.31352	44.07	0.075	rgb(218,203,203)	1.8616	None
LMX1B	LIPC	-0.31289	44.06	-5.9E-02	rgb(204,209,219)	1.8614	None
MAFA	SCN3B	0.31289	44.06	0.058	rgb(218,206,206)	1.8614	None
NFAT5	SYNGR3	0.31289	44.06	0.056	rgb(218,206,206)	1.8614	None
FEV	DPF3	0.31226	44.05	0.051	rgb(218,207,207)	1.8612	None
FOXA1	SNAP25	0.31226	44.05	0.05	rgb(218,208,208)	1.8612	None
SOX4	SEMA6B	0.31226	44.05	0.051	rgb(218,207,207)	1.8612	None
ASCL2	NPTX1	0.31164	44.04	0.043	rgb(217,209,209)	1.861	None
LMX1B	NREP	0.31164	44.04	0.041	rgb(217,209,209)	1.861	None
TEAD1	SLC16A12	0.31101	44.03	0.029	rgb(217,211,212)	1.8608	None
ZNF846	DPYSL3	0.31101	44.03	0.03	rgb(217,211,211)	1.8608	None
ETV1	REEP2	-0.31038	44.02	-1.8E-02	rgb(213,215,218)	1.8606	None
FOXA1	KLHL32	-0.31038	44.02	-1.9E-02	rgb(213,215,218)	1.8606	None
HIC1	PRICKLE2	0.31038	44.02	0.022	rgb(217,213,213)	1.8606	None
HSF2	DRD2	0.31038	44.02	0.024	rgb(217,212,212)	1.8606	None
MAFA	DDN	0.31038	44.02	0.022	rgb(217,213,213)	1.8606	None
E2F7	MTSS1	-0.30976	44.01	-1.3E-02	rgb(214,215,217)	1.8604	None
SMAD9	MAGED4	0.30976	44.01	0.008	rgb(217,215,215)	1.8604	None
ELF4	PNISR	-0.30913	44	-3.8E-03	rgb(216,216,217)	1.8602	None
MYT1	ASCL2	0.3085	43.94	0.939	rgb(227, 38, 40)	1.859	2,2
FOXJ1	MCF2L	-0.30777	43.84	-8.4E-01	rgb( 34,106,249)	1.857	None
ZNF514	AK094916	0.30777	43.84	0.841	rgb(226, 56, 58)	1.857	2,2
ZFHX2	NPW	0.30704	43.83	0.834	rgb(226, 58, 59)	1.8568	None
E2F7	CRYBA2	-0.3063	43.82	-8.2E-01	rgb( 39,108,248)	1.8566	None
FOXD4L5	ACSL6	0.30557	43.8	0.801	rgb(226, 64, 66)	1.8562	None
ISL1	LMX1B	-0.30557	43.8	-8.0E-01	rgb( 43,111,247)	1.8562	None
NEUROG3	SULT2A1	0.30557	43.8	0.797	rgb(226, 65, 66)	1.8562	None
TGIF2	GNG4	0.30557	43.8	0.801	rgb(226, 64, 66)	1.8562	None
ETS1	LINC00514	-0.30484	43.79	-7.9E-01	rgb( 45,113,247)	1.856	None
PRDM16	IRF2BP1	0.30484	43.79	0.788	rgb(226, 67, 68)	1.856	None
ZNF382	GRIK3	-0.30484	43.79	-7.9E-01	rgb( 45,112,247)	1.856	2,2
ZNF518A	AK128400	0.30484	43.79	0.788	rgb(226, 67, 68)	1.856	2,2
ETV1	FAT3	0.30411	43.78	0.778	rgb(226, 68, 70)	1.8558	None
MAFF	ROS1	0.30411	43.78	0.779	rgb(226, 68, 70)	1.8558	None
RFX6	ADD2	0.30411	43.78	0.779	rgb(226, 68, 70)	1.8558	None
SPIB	SPC25	-0.30411	43.78	-7.8E-01	rgb( 49,115,246)	1.8558	None
FOXJ1	PPP1R14A	-0.30337	43.77	-7.7E-01	rgb( 51,116,246)	1.8556	None
GATA2	FAIM2	-0.30337	43.77	-7.7E-01	rgb( 49,115,246)	1.8556	None
RFX2	STK33	0.30337	43.77	0.769	rgb(225, 70, 72)	1.8556	None
SIX2	CHD5	0.30337	43.77	0.775	rgb(226, 69, 71)	1.8556	None
ST18	CACNG6	0.30337	43.77	0.775	rgb(226, 69, 71)	1.8556	None
TFCP2L1	MLXIPL	0.30337	43.77	0.772	rgb(225, 70, 71)	1.8556	None
MAFA	MATN2	-0.30264	43.76	-7.6E-01	rgb( 52,116,246)	1.8554	None
PDX1	CHD5	-0.30264	43.76	-7.6E-01	rgb( 52,117,246)	1.8554	None
PDX1	SLITRK6	-0.30264	43.76	-7.6E-01	rgb( 51,116,246)	1.8554	None
TEAD2	PCBP4	-0.30264	43.76	-7.6E-01	rgb( 53,117,246)	1.8554	None
ZNF846	AK123889	-0.30264	43.76	-7.6E-01	rgb( 51,116,246)	1.8554	2,2
HMBOX1	TMEM190	0.30191	43.75	0.749	rgb(225, 74, 75)	1.8552	None
MAFB	PRRT2	0.30191	43.75	0.753	rgb(225, 73, 75)	1.8552	None
RFX2	EVA1A	-0.30191	43.75	-7.5E-01	rgb( 53,117,246)	1.8552	None
TEAD2	CACNG6	0.30191	43.75	0.754	rgb(225, 73, 75)	1.8552	None
ETV1	VWCE	0.30118	43.74	0.735	rgb(225, 77, 78)	1.855	None
GLIS2	ENPP1	-0.30118	43.74	-7.4E-01	rgb( 56,119,245)	1.855	None
ZNF382	HLA-DQA2	-0.30118	43.74	-7.4E-01	rgb( 57,120,245)	1.855	2,2
ETS1	MGC4836	-0.30044	43.73	-7.3E-01	rgb( 58,120,245)	1.8548	2,2
GATA2	TTLL7	0.30044	43.73	0.73	rgb(225, 78, 79)	1.8548	None
HMBOX1	SAMD5	0.30044	43.73	0.73	rgb(225, 78, 79)	1.8548	None
PDX1	DPY19L2	-0.30044	43.73	-7.3E-01	rgb( 59,121,245)	1.8548	None
TEAD2	FAM171A2	-0.30044	43.73	-7.3E-01	rgb( 59,121,245)	1.8548	None
ZFP28	PDE8B	0.30044	43.73	0.725	rgb(225, 78, 80)	1.8548	None
FEV	CRYBA2	0.29971	43.72	0.723	rgb(225, 79, 80)	1.8546	None
FOXD4L5	MAPK4	-0.29971	43.72	-7.2E-01	rgb( 61,122,244)	1.8546	None
MLXIPL	BAIAP3	-0.29971	43.72	-7.2E-01	rgb( 60,122,244)	1.8546	None
PAX6	NEFM	0.29971	43.72	0.72	rgb(225, 80, 81)	1.8546	None
ZFHX2	ADCY1	0.29971	43.72	0.724	rgb(225, 79, 80)	1.8546	None
MYSM1	LOC100216546	0.29971	43.72	0.725	rgb(225, 79, 80)	1.8546	2,2
MYT1	UNQ2560	0.29971	43.72	0.717	rgb(225, 80, 81)	1.8546	2,2
FOXA1	CSRNP3	0.29898	43.71	0.706	rgb(225, 82, 84)	1.8544	None
HEY1	HNRNPU-AS1	-0.29898	43.71	-7.1E-01	rgb( 63,123,244)	1.8544	2,2
HSF2	ASRGL1	-0.29898	43.71	-7.1E-01	rgb( 63,124,244)	1.8544	None
PDX1	SYP	0.29898	43.71	0.714	rgb(225, 81, 82)	1.8544	None
SPIB	MDK	0.29898	43.71	0.708	rgb(225, 82, 83)	1.8544	None
ZNF846	ICA1L	-0.29898	43.71	-7.1E-01	rgb( 63,123,244)	1.8544	None
NKX2-2	SIDT1	0.29824	43.7	0.699	rgb(225, 84, 85)	1.8542	None
SPIB	SYNGR3	0.29824	43.7	0.695	rgb(225, 84, 86)	1.8542	None
ZNF492	RPLP0P2	0.29824	43.7	0.698	rgb(225, 84, 85)	1.8542	None
LHX1	CACNG6	0.29751	43.69	0.686	rgb(225, 86, 87)	1.854	None
MAFB	USH2A	-0.29751	43.69	-6.9E-01	rgb( 68,126,243)	1.854	None
TEAD2	CPA1	-0.29751	43.69	-6.9E-01	rgb( 66,125,243)	1.854	None
ZNF519	ADNP	0.29751	43.69	0.685	rgb(225, 86, 87)	1.854	None
ZNF846	CDHR1	-0.29751	43.69	-6.9E-01	rgb( 68,126,243)	1.854	2,2
AEBP1	SRSF12	-0.29751	43.69	-6.9E-01	rgb( 67,126,243)	1.854	2,2
HIC1	P2RX6	0.29678	43.68	0.681	rgb(224, 87, 88)	1.8538	None
LMX1A	MEX3B	0.29678	43.68	0.678	rgb(224, 88, 89)	1.8538	None
MAFB	CHGB	-0.29678	43.68	-6.8E-01	rgb( 69,127,243)	1.8538	None
NEUROG3	TMEM35	0.29678	43.68	0.678	rgb(224, 87, 89)	1.8538	2,2
RORC	RTN1	-0.29678	43.68	-6.8E-01	rgb( 69,127,243)	1.8538	None
ZNF846	MAP2	-0.29678	43.68	-6.8E-01	rgb( 69,127,243)	1.8538	None
ZNF846	SCGN	-0.29678	43.68	-6.8E-01	rgb( 70,128,243)	1.8538	None
ZNF846	SNX29P2	-0.29678	43.68	-6.8E-01	rgb( 69,127,243)	1.8538	2,2
ZNF846	ZFHX2	-0.29678	43.68	-6.8E-01	rgb( 70,128,243)	1.8538	None
MYT1	RGAG4	0.29678	43.68	0.68	rgb(224, 87, 89)	1.8538	2,2
ASCL2	SLC25A34	0.29605	43.67	0.667	rgb(224, 90, 91)	1.8536	None
INSM1	PCDH17	0.29605	43.67	0.665	rgb(224, 90, 91)	1.8536	2,2
LMX1B	CADPS	0.29605	43.67	0.666	rgb(224, 90, 91)	1.8536	None
MAFB	TMEM151A	-0.29605	43.67	-6.7E-01	rgb( 72,129,242)	1.8536	None
RFX2	ETV1	0.29605	43.67	0.668	rgb(224, 90, 91)	1.8536	None
ZNF382	AB074188	-0.29605	43.67	-6.7E-01	rgb( 72,129,242)	1.8536	2,2
ZNF382	AK024119	-0.29605	43.67	-6.7E-01	rgb( 73,129,242)	1.8536	2,2
ZNF382	MAPK10	-0.29605	43.67	-6.7E-01	rgb( 72,129,242)	1.8536	None
ZNF846	NEUROG3	0.29605	43.67	0.671	rgb(224, 89, 90)	1.8536	2,2
FOXA1	RAB3C	0.29531	43.66	0.665	rgb(224, 90, 91)	1.8534	None
POU6F1	FAM13A-AS1	0.29531	43.66	0.657	rgb(224, 91, 93)	1.8534	None
FOXA1	ICA1L	0.29458	43.65	0.647	rgb(224, 93, 95)	1.8532	None
LHX1	CFC1	-0.29458	43.65	-6.5E-01	rgb( 75,131,242)	1.8532	None
MAFB	KCNK16	-0.29458	43.65	-6.5E-01	rgb( 75,131,242)	1.8532	None
PAX6	BASP1	-0.29458	43.65	-6.5E-01	rgb( 76,131,242)	1.8532	None
FEV	USP13	0.29385	43.64	0.64	rgb(224, 95, 96)	1.853	None
LHX1	DZIP1	-0.29385	43.64	-6.4E-01	rgb( 79,133,241)	1.853	None
MAFA	PLAC4	-0.29385	43.64	-6.4E-01	rgb( 78,132,241)	1.853	None
MAFB	CCK	-0.29385	43.64	-6.4E-01	rgb( 78,132,241)	1.853	None
NKX2-2	RPRML	0.29385	43.64	0.645	rgb(224, 94, 95)	1.853	None
PAX4	SPC25	0.29385	43.64	0.643	rgb(224, 94, 95)	1.853	None
TET1	ACTG1P4	0.29385	43.64	0.635	rgb(224, 96, 97)	1.853	2,2
TFCP2L1	LOC100271836	-0.29385	43.64	-6.4E-01	rgb( 78,133,241)	1.853	2,2
ZNF382	AL109792	-0.29385	43.64	-6.4E-01	rgb( 78,132,241)	1.853	2,2
ZNF382	LOC100506123	-0.29385	43.64	-6.4E-01	rgb( 79,133,241)	1.853	2,2
ZNF846	CDK5R1	0.29385	43.64	0.636	rgb(224, 96, 97)	1.853	None
ZNF883	AX748283	0.29385	43.64	0.643	rgb(224, 94, 95)	1.853	2,2
ARX	CCDC125	-0.29312	43.63	-6.3E-01	rgb( 80,133,241)	1.8528	None
HIC1	FLJ31662	-0.29312	43.63	-6.3E-01	rgb( 81,134,241)	1.8528	2,2
HIF1A	PDZD4	-0.29312	43.63	-6.3E-01	rgb( 79,133,241)	1.8528	None
LTF	DQ588732	-0.29312	43.63	-6.3E-01	rgb( 79,133,241)	1.8528	2,2
MAFB	MTUS2	-0.29312	43.63	-6.3E-01	rgb( 81,134,241)	1.8528	None
SOX4	EYA4	-0.29312	43.63	-6.3E-01	rgb( 80,134,241)	1.8528	None
TP73	TPST2	0.29312	43.63	0.628	rgb(224, 97, 98)	1.8528	None
ZNF382	DCHS1	-0.29312	43.63	-6.3E-01	rgb( 81,134,241)	1.8528	None
ZNF846	MAP6	-0.29312	43.63	-6.3E-01	rgb( 79,133,241)	1.8528	None
ZNF846	MAPK8IP1	0.29312	43.63	0.63	rgb(224, 97, 98)	1.8528	None
MYT1	NPTX2	0.29312	43.63	0.633	rgb(224, 96, 97)	1.8528	2,2
ZNF788	TDRD6	0.29312	43.63	0.626	rgb(224, 97, 99)	1.8528	2,2
FOXA1	COL22A1	0.29238	43.62	0.624	rgb(224, 98, 99)	1.8526	None
HSF2	RCOR2	0.29238	43.62	0.624	rgb(224, 98, 99)	1.8526	None
PLAG1	MANEAL	-0.29238	43.62	-6.2E-01	rgb( 82,135,241)	1.8526	None
ZNF382	AX746734	-0.29238	43.62	-6.2E-01	rgb( 82,135,241)	1.8526	2,2
AEBP1	CHL1	0.29238	43.62	0.621	rgb(224, 98,100)	1.8526	2,2
ZNF518A	CR627206	0.29238	43.62	0.625	rgb(224, 98, 99)	1.8526	2,2
ARX	MSH5	0.29165	43.61	0.607	rgb(224,101,102)	1.8524	None
LMX1B	PRICKLE2	0.29165	43.61	0.607	rgb(224,101,102)	1.8524	None
MAFA	SPEG	0.29165	43.61	0.609	rgb(224,101,102)	1.8524	None
NHLH1	GDF11	0.29165	43.61	0.605	rgb(224,101,103)	1.8524	None
NKX6-1	PCDH20	0.29165	43.61	0.612	rgb(224,100,101)	1.8524	2,2
NR4A3	CCL19	-0.29165	43.61	-6.1E-01	rgb( 85,137,240)	1.8524	None
ONECUT1	RFTN2	0.29165	43.61	0.606	rgb(224,101,103)	1.8524	None
PAX4	SFTPA2	-0.29165	43.61	-6.1E-01	rgb( 84,136,240)	1.8524	None
PRDM16	RTEL1	-0.29165	43.61	-6.1E-01	rgb( 86,137,240)	1.8524	None
TFCP2L1	PYY	0.29165	43.61	0.613	rgb(224,100,101)	1.8524	None
ZNF382	AK025511	-0.29165	43.61	-6.1E-01	rgb( 84,136,240)	1.8524	2,2
CCDC17	LOC642366	0.29165	43.61	0.615	rgb(224,100,101)	1.8524	2,2
ETV1	LAMP3	-0.29092	43.6	-6.0E-01	rgb( 88,138,240)	1.8522	None
ETV1	SSPO	0.29092	43.6	0.601	rgb(224,102,103)	1.8522	None
GATA6	GYLTL1B	-0.29092	43.6	-6.0E-01	rgb( 86,137,240)	1.8522	2,2
ONECUT2	SLC16A12	-0.29092	43.6	-6.0E-01	rgb( 86,138,240)	1.8522	None
ZFP92	PYY	0.29092	43.6	0.597	rgb(224,103,104)	1.8522	None
MYT1	LINC00617	0.29092	43.6	0.6	rgb(224,102,104)	1.8522	2,2
ETV1	PRRT3	0.29019	43.59	0.59	rgb(223,104,106)	1.852	None
HIF1A	LOC100996634	-0.29019	43.59	-5.9E-01	rgb( 89,139,239)	1.852	2,2
LHX1	NTRK2	-0.29019	43.59	-5.9E-01	rgb( 90,140,239)	1.852	None
RFX6	IQCA1	0.29019	43.59	0.592	rgb(224,104,105)	1.852	None
SMAD9	F10	0.29019	43.59	0.588	rgb(223,105,106)	1.852	None
TFCP2L1	KCNC1	0.29019	43.59	0.586	rgb(223,105,106)	1.852	None
ZNF382	KCNMB2-IT1	-0.29019	43.59	-5.9E-01	rgb( 89,139,239)	1.852	2,2
ZNF846	LOC145837	0.29019	43.59	0.591	rgb(223,104,105)	1.852	2,2
ZNF514	BC029255	0.29019	43.59	0.588	rgb(223,105,106)	1.852	2,2
HSF2	CELSR2	-0.28945	43.58	-5.8E-01	rgb( 92,141,239)	1.8518	None
MAFB	LIMS2	-0.28945	43.58	-5.8E-01	rgb( 91,141,239)	1.8518	None
MAFF	PLCG2	0.28945	43.58	0.579	rgb(223,106,108)	1.8518	None
SIX2	ST8SIA3	0.28945	43.58	0.584	rgb(223,105,107)	1.8518	None
TFCP2L1	SV2A	0.28945	43.58	0.585	rgb(223,105,106)	1.8518	None
ZNF382	ASCL1	-0.28945	43.58	-5.8E-01	rgb( 92,141,239)	1.8518	2,2
AEBP1	FLJ35024	0.28945	43.58	0.578	rgb(223,107,108)	1.8518	2,2
CCDC17	GOLGA6L4	0.28945	43.58	0.583	rgb(223,106,107)	1.8518	2,2
ZNF788	AGAP9	0.28945	43.58	0.583	rgb(223,106,107)	1.8518	2,2
ELF4	CABP4	-0.28872	43.57	-5.7E-01	rgb( 94,142,239)	1.8516	None
MYRF	BC073807	-0.28872	43.57	-5.7E-01	rgb( 93,142,239)	1.8516	2,2
PAX6	KIF19	0.28872	43.57	0.571	rgb(223,108,109)	1.8516	None
PBX3	SH3RF3	0.28872	43.57	0.567	rgb(223,109,110)	1.8516	None
PRDM16	AK128619	-0.28872	43.57	-5.7E-01	rgb( 92,141,239)	1.8516	2,2
TEAD1	TPPP3	-0.28872	43.57	-5.7E-01	rgb( 94,142,239)	1.8516	None
ZNF846	DNAH11	-0.28872	43.57	-5.7E-01	rgb( 94,142,239)	1.8516	None
ZNF846	PSD	-0.28872	43.57	-5.7E-01	rgb( 94,142,239)	1.8516	None
ETS1	SOCS1	0.28799	43.56	0.556	rgb(223,111,112)	1.8514	None
FOXD4L5	CCDC125	0.28799	43.56	0.561	rgb(223,110,111)	1.8514	None
HLF	STK31	-0.28799	43.56	-5.6E-01	rgb( 95,143,238)	1.8514	None
PAX4	CYGB	-0.28799	43.56	-5.6E-01	rgb( 96,143,238)	1.8514	None
SOX4	ARHGAP9	0.28799	43.56	0.558	rgb(223,110,111)	1.8514	None
ZNF382	CLEC4G	-0.28799	43.56	-5.6E-01	rgb( 95,143,238)	1.8514	2,2
ZNF846	CNIH2	-0.28799	43.56	-5.6E-01	rgb( 95,143,238)	1.8514	None
AEBP1	NTS	0.28799	43.56	0.555	rgb(223,111,112)	1.8514	2,2
ARX	SLC18A1	-0.28725	43.55	-5.5E-01	rgb( 98,145,238)	1.8512	None
ATF6	RFX3	-0.28725	43.55	-5.5E-01	rgb( 97,144,238)	1.8512	None
E2F7	WDR17	-0.28725	43.55	-5.5E-01	rgb( 97,144,238)	1.8512	None
ETS1	RBP2	-0.28725	43.55	-5.5E-01	rgb( 97,144,238)	1.8512	None
FOXA1	USP32P2	0.28725	43.55	0.551	rgb(223,112,113)	1.8512	None
FOXD4L5	STXBP5L	0.28725	43.55	0.552	rgb(223,111,113)	1.8512	None
HHEX	BC042825	0.28725	43.55	0.548	rgb(223,112,113)	1.8512	2,2
LMX1A	MPP2	-0.28725	43.55	-5.5E-01	rgb( 97,144,238)	1.8512	None
MAFA	HES4	0.28725	43.55	0.547	rgb(223,113,114)	1.8512	None
MAFB	LSAMP	-0.28725	43.55	-5.5E-01	rgb( 97,144,238)	1.8512	None
NKX2-2	PTPRN	0.28725	43.55	0.545	rgb(223,113,114)	1.8512	None
PDX1	COLQ	0.28725	43.55	0.551	rgb(223,112,113)	1.8512	None
SIX2	CALY	0.28725	43.55	0.549	rgb(223,112,113)	1.8512	None
ZNF382	NXF2	-0.28725	43.55	-5.5E-01	rgb( 97,144,238)	1.8512	2,2
ZNF382	PDX1	-0.28725	43.55	-5.5E-01	rgb( 98,145,238)	1.8512	None
AEBP1	GPR112	0.28725	43.55	0.549	rgb(223,112,113)	1.8512	2,2
ELF4	OLFML3	0.28652	43.54	0.541	rgb(223,114,115)	1.851	None
FOXA1	COL12A1	0.28652	43.54	0.539	rgb(223,114,115)	1.851	None
LMX1A	UNC80	-0.28652	43.54	-5.4E-01	rgb(101,146,237)	1.851	None
LMX1B	MAP6	0.28652	43.54	0.541	rgb(223,114,115)	1.851	None
MAFB	STX2	-0.28652	43.54	-5.4E-01	rgb( 99,145,238)	1.851	None
PAX6	NOTUM	0.28652	43.54	0.537	rgb(223,114,115)	1.851	None
PBX1	HIP1	-0.28652	43.54	-5.4E-01	rgb( 99,145,238)	1.851	None
SMAD9	MUC5B	-0.28652	43.54	-5.4E-01	rgb(100,146,237)	1.851	None
ZNF846	AX747140	-0.28652	43.54	-5.4E-01	rgb( 99,145,238)	1.851	2,2
AKNA	AK293147	-0.28652	43.54	-5.4E-01	rgb( 99,145,238)	1.851	2,2
ZFP2	AK124197	-0.28652	43.54	-5.4E-01	rgb(100,146,238)	1.851	2,2
ELF4	SCARA3	-0.28579	43.53	-5.3E-01	rgb(101,146,237)	1.8508	None
HLF	SDK2	-0.28579	43.53	-5.3E-01	rgb(101,147,237)	1.8508	None
LTF	LOC100132215	0.28579	43.53	0.531	rgb(223,116,117)	1.8508	2,2
NFAT5	KIF5A	-0.28579	43.53	-5.3E-01	rgb(103,148,237)	1.8508	None
NKX6-1	NXPE1	-0.28579	43.53	-5.3E-01	rgb(102,147,237)	1.8508	None
ONECUT3	BC042374	-0.28579	43.53	-5.3E-01	rgb(101,147,237)	1.8508	2,2
TP73	RFTN2	0.28579	43.53	0.526	rgb(223,117,118)	1.8508	None
ZNF846	ADCY5	-0.28579	43.53	-5.3E-01	rgb(101,147,237)	1.8508	None
CBX2	AB007962	0.28579	43.53	0.533	rgb(223,115,116)	1.8508	2,2
ZNF514	WDR52	0.28579	43.53	0.535	rgb(223,115,116)	1.8508	2,2
ELF4	STMND1	0.28506	43.52	0.524	rgb(223,117,118)	1.8506	None
ETS1	TPGS1	0.28506	43.52	0.522	rgb(223,117,118)	1.8506	None
FOXA1	GIP	0.28506	43.52	0.516	rgb(223,118,119)	1.8506	None
GATA2	GABBR2	0.28506	43.52	0.517	rgb(223,118,119)	1.8506	None
ISL1	MMP13	0.28506	43.52	0.524	rgb(223,117,118)	1.8506	None
ISL1	SEZ6L	0.28506	43.52	0.521	rgb(223,118,119)	1.8506	None
LHX1	FAM101B	-0.28506	43.52	-5.2E-01	rgb(104,148,237)	1.8506	2,2
NKX6-1	SCGN	0.28506	43.52	0.523	rgb(223,117,118)	1.8506	None
SPIB	FGF14	0.28506	43.52	0.524	rgb(223,117,118)	1.8506	None
TET1	AX746677	0.28506	43.52	0.523	rgb(223,117,118)	1.8506	2,2
TGIF2	IFI44	0.28506	43.52	0.525	rgb(223,117,118)	1.8506	None
TP73	LIMS2	0.28506	43.52	0.522	rgb(223,117,118)	1.8506	None
ZFP82	NCALD	0.28506	43.52	0.524	rgb(223,117,118)	1.8506	None
ZNF514	AK125301	0.28506	43.52	0.525	rgb(223,117,118)	1.8506	2,2
ASCL1	HNF1A-AS1	-0.28432	43.51	-5.1E-01	rgb(106,149,236)	1.8504	None
LHX1	CYMP	-0.28432	43.51	-5.1E-01	rgb(107,150,236)	1.8504	None
MLXIPL	FKBP1A-SDCBP2	-0.28432	43.51	-5.1E-01	rgb(107,150,236)	1.8504	2,2
NEUROG3	SETBP1	0.28432	43.51	0.508	rgb(223,120,121)	1.8504	None
NKX6-1	AK130076	0.28432	43.51	0.507	rgb(223,120,121)	1.8504	2,2
ONECUT3	KCNMB2	0.28432	43.51	0.51	rgb(223,120,121)	1.8504	None
PAX4	EYA4	0.28432	43.51	0.507	rgb(223,120,121)	1.8504	None
ZNF382	AF131837	-0.28432	43.51	-5.1E-01	rgb(106,149,236)	1.8504	2,2
ZNF492	CHRNB4	0.28432	43.51	0.513	rgb(223,119,120)	1.8504	None
ZNF846	MUC3A	-0.28432	43.51	-5.1E-01	rgb(107,150,236)	1.8504	2,2
ADNP	TBC1D3C	-0.28432	43.51	-5.1E-01	rgb(106,150,236)	1.8504	2,2
ARNT2	LMX1B	-0.28359	43.5	-5.0E-01	rgb(109,151,236)	1.8502	None
EGR3	NR2F2-AS1	0.28359	43.5	0.501	rgb(223,121,122)	1.8502	None
FOXA1	TTLL6	0.28359	43.5	0.502	rgb(223,121,122)	1.8502	None
FOXD4L5	PYY	0.28359	43.5	0.5	rgb(223,121,122)	1.8502	None
GATA2	TMEFF2	0.28359	43.5	0.498	rgb(222,122,123)	1.8502	None
HMBOX1	EYA4	0.28359	43.5	0.496	rgb(222,122,123)	1.8502	None
HSF2	MS4A8	0.28359	43.5	0.504	rgb(223,121,122)	1.8502	None
MAFA	PMFBP1	-0.28359	43.5	-5.0E-01	rgb(109,151,236)	1.8502	None
NEUROD1	KANK2	0.28359	43.5	0.501	rgb(223,121,122)	1.8502	None
PAX6	JMJD7-PLA2G4B	0.28359	43.5	0.5	rgb(222,122,123)	1.8502	None
POU5F1	SGOL1-AS1	0.28359	43.5	0.496	rgb(222,122,123)	1.8502	2,2
SIX2	KCNK3	0.28359	43.5	0.495	rgb(222,122,123)	1.8502	None
SIX2	RAP1GAP2	-0.28359	43.5	-5.0E-01	rgb(108,150,236)	1.8502	None
SIX2	RNF150	-0.28359	43.5	-5.0E-01	rgb(108,151,236)	1.8502	None
TEAD1	CYP27A1	-0.28359	43.5	-5.0E-01	rgb(109,151,236)	1.8502	None
ZNF382	ATCAY	-0.28359	43.5	-5.0E-01	rgb(108,151,236)	1.8502	2,2
ZNF492	BRS3	-0.28359	43.5	-5.0E-01	rgb(109,151,236)	1.8502	None
ZNF846	MIAT	-0.28359	43.5	-5.0E-01	rgb(109,151,236)	1.8502	None
AEBP1	ARX	0.28359	43.5	0.505	rgb(223,121,122)	1.8502	2,2
CCDC17	FLJ00278	0.28359	43.5	0.496	rgb(222,122,123)	1.8502	2,2
EGR3	RASD1	-0.28286	43.49	-4.9E-01	rgb(111,153,235)	1.85	None
EGR3	RUNX1T1	0.28286	43.49	0.489	rgb(222,124,125)	1.85	None
EGR3	SYN1	0.28286	43.49	0.494	rgb(222,123,124)	1.85	None
NKX2-2	RPS15AP10	-0.28286	43.49	-4.9E-01	rgb(110,152,236)	1.85	None
NKX6-1	RPRML	0.28286	43.49	0.494	rgb(222,123,124)	1.85	None
TFCP2L1	MX1	0.28286	43.49	0.486	rgb(222,124,125)	1.85	None
ZNF382	LINC00617	-0.28286	43.49	-4.9E-01	rgb(111,152,236)	1.85	2,2
ZNF382	TDO2	-0.28286	43.49	-4.9E-01	rgb(110,152,236)	1.85	2,2
SIM1	IFI44	0.28286	43.49	0.489	rgb(222,124,125)	1.85	2,2
ETV1	ISL1	0.28213	43.48	0.48	rgb(222,125,126)	1.8498	None
HSF2	RNF213	-0.28213	43.48	-4.8E-01	rgb(113,154,235)	1.8498	None
LMX1A	AK122764	-0.28213	43.48	-4.8E-01	rgb(113,154,235)	1.8498	2,2
LMX1B	BASP1	0.28213	43.48	0.484	rgb(222,125,126)	1.8498	None
LMX1B	PLCL1	-0.28213	43.48	-4.8E-01	rgb(114,154,235)	1.8498	None
PBX1	AF116693	0.28213	43.48	0.484	rgb(222,125,126)	1.8498	2,2
PLAG1	GLIS2	0.28213	43.48	0.478	rgb(222,126,127)	1.8498	None
PROX1	NTS	-0.28213	43.48	-4.8E-01	rgb(114,154,235)	1.8498	2,2
SOX4	PTCH1	0.28213	43.48	0.477	rgb(222,126,127)	1.8498	None
ZNF846	NNMT	0.28213	43.48	0.483	rgb(222,125,126)	1.8498	None
ZNF514	LOC100131257	0.28213	43.48	0.477	rgb(222,126,127)	1.8498	2,2
ZNF514	LOC595101	0.28213	43.48	0.481	rgb(222,125,126)	1.8498	2,2
ZNF853	RGAG4	0.28213	43.48	0.477	rgb(222,126,127)	1.8498	2,2
ATF5	AX747140	0.28139	43.47	0.472	rgb(222,127,128)	1.8496	2,2
EBF3	MUC17	0.28139	43.47	0.47	rgb(222,127,128)	1.8496	None
ELF4	TMEM151B	-0.28139	43.47	-4.7E-01	rgb(116,156,235)	1.8496	None
ETV1	EFNB3	0.28139	43.47	0.472	rgb(222,127,128)	1.8496	None
MAFB	JAKMIP2	-0.28139	43.47	-4.7E-01	rgb(115,155,235)	1.8496	None
MAFB	TTR	-0.28139	43.47	-4.7E-01	rgb(116,155,235)	1.8496	None
NKX2-2	ONECUT2	-0.28139	43.47	-4.7E-01	rgb(116,155,235)	1.8496	None
MYT1	AK128153	0.28139	43.47	0.465	rgb(222,128,129)	1.8496	2,2
ASCL1	JMJD7-PLA2G4B	-0.28066	43.46	-4.6E-01	rgb(117,156,235)	1.8494	None
EGR3	SLC25A34	-0.28066	43.46	-4.6E-01	rgb(116,156,235)	1.8494	None
FOXA2	KAT2B	-0.28066	43.46	-4.6E-01	rgb(116,156,235)	1.8494	None
ISL1	ADD2	-0.28066	43.46	-4.6E-01	rgb(118,157,234)	1.8494	None
LHX1	BSN	-0.28066	43.46	-4.6E-01	rgb(118,157,234)	1.8494	None
LHX1	ENPP2	-0.28066	43.46	-4.6E-01	rgb(117,156,234)	1.8494	None
PBX3	CALCOCO1	0.28066	43.46	0.457	rgb(222,130,131)	1.8494	None
RFX2	AK5	0.28066	43.46	0.463	rgb(222,129,130)	1.8494	None
ARX	BLMH	-0.27993	43.45	-4.5E-01	rgb(120,158,234)	1.8492	None
ARX	CCDC14	0.27993	43.45	0.449	rgb(222,131,132)	1.8492	None
EGR3	NEFL	-0.27993	43.45	-4.5E-01	rgb(120,158,234)	1.8492	None
GATA4	IL11	0.27993	43.45	0.447	rgb(222,132,133)	1.8492	2,2
HHEX	INA	0.27993	43.45	0.454	rgb(222,130,131)	1.8492	2,2
HIC1	DZIP1	-0.27993	43.45	-4.5E-01	rgb(119,157,234)	1.8492	None
PBX1	GATA6	-0.27993	43.45	-4.5E-01	rgb(120,158,234)	1.8492	None
PBX3	HGFAC	0.27993	43.45	0.452	rgb(222,131,132)	1.8492	None
SIX2	ASIC1	0.27993	43.45	0.452	rgb(222,131,132)	1.8492	None
SIX2	SCT	0.27993	43.45	0.453	rgb(222,130,131)	1.8492	None
ZFHX2	PCED1B-AS1	0.27993	43.45	0.451	rgb(222,131,132)	1.8492	None
GRHL3	ECEL1	0.27993	43.45	0.447	rgb(222,132,132)	1.8492	2,2
ZNF514	AX747639	0.27993	43.45	0.455	rgb(222,130,131)	1.8492	2,2
ARX	DOCK8	-0.2792	43.44	-4.4E-01	rgb(122,159,234)	1.849	None
E2F7	MX1	-0.2792	43.44	-4.4E-01	rgb(121,159,234)	1.849	None
HEY1	AK123654	-0.2792	43.44	-4.4E-01	rgb(121,159,234)	1.849	2,2
HSF2	S100A1	-0.2792	43.44	-4.4E-01	rgb(121,159,234)	1.849	None
LTF	AK124197	0.2792	43.44	0.437	rgb(222,134,134)	1.849	2,2
MAFB	FAM171B	-0.2792	43.44	-4.4E-01	rgb(121,158,234)	1.849	None
MLXIPL	PNISR	-0.2792	43.44	-4.4E-01	rgb(121,159,234)	1.849	None
PBX3	GABRP	-0.2792	43.44	-4.4E-01	rgb(121,159,234)	1.849	None
SIX2	SPOCK3	0.2792	43.44	0.436	rgb(222,134,135)	1.849	None
ST18	CLEC4GP1	-0.2792	43.44	-4.4E-01	rgb(120,158,234)	1.849	2,2
MYSM1	LOC100131257	0.2792	43.44	0.438	rgb(222,133,134)	1.849	2,2
EGR3	CORO2B	-0.27846	43.43	-4.3E-01	rgb(124,160,233)	1.8488	None
FEV	AX748283	-0.27846	43.43	-4.3E-01	rgb(124,160,233)	1.8488	2,2
FOXJ1	NR4A2	0.27846	43.43	0.425	rgb(222,136,137)	1.8488	None
HIC1	MTSS1	-0.27846	43.43	-4.3E-01	rgb(123,160,233)	1.8488	None
HIF1A	ATP1A3	-0.27846	43.43	-4.3E-01	rgb(123,160,233)	1.8488	None
NR4A2	GSTM2	-0.27846	43.43	-4.3E-01	rgb(124,160,233)	1.8488	None
ZNF492	GDF10	0.27846	43.43	0.432	rgb(222,135,135)	1.8488	None
CCDC17	LINC00907	0.27846	43.43	0.434	rgb(222,134,135)	1.8488	2,2
ASCL1	TPH1	0.27773	43.42	0.423	rgb(222,136,137)	1.8486	None
ETS1	RPS3	0.27773	43.42	0.418	rgb(222,137,138)	1.8486	None
ETV1	ACSL6	0.27773	43.42	0.424	rgb(222,136,137)	1.8486	None
ETV1	PER2	-0.27773	43.42	-4.2E-01	rgb(126,162,233)	1.8486	None
PRDM16	MAPK10	-0.27773	43.42	-4.2E-01	rgb(126,161,233)	1.8486	None
RORC	FKBP7	-0.27773	43.42	-4.2E-01	rgb(125,161,233)	1.8486	None
SPIB	C1QL1	0.27773	43.42	0.417	rgb(222,137,138)	1.8486	None
SPIB	SPIB	-0.27773	43.42	-4.2E-01	rgb(125,161,233)	1.8486	None
TFCP2L1	FTCD	0.27773	43.42	0.424	rgb(222,136,137)	1.8486	None
ZFP28	CYMP	-0.27773	43.42	-4.2E-01	rgb(126,162,233)	1.8486	None
ZNF382	GDAP1L1	-0.27773	43.42	-4.2E-01	rgb(126,161,233)	1.8486	2,2
AEBP1	FAM226B	0.27773	43.42	0.417	rgb(222,137,138)	1.8486	2,2
DZIP1	LOC283335	0.27773	43.42	0.417	rgb(222,137,138)	1.8486	2,2
ELF4	LIPC	0.277	43.41	0.412	rgb(222,138,139)	1.8484	None
HEYL	LOC388849	-0.277	43.41	-4.1E-01	rgb(129,163,232)	1.8484	2,2
MAFF	SERTAD1	0.277	43.41	0.407	rgb(221,139,140)	1.8484	None
NR4A3	POM121L10P	0.277	43.41	0.411	rgb(222,139,139)	1.8484	None
SIX2	FAM126A	-0.277	43.41	-4.1E-01	rgb(127,162,233)	1.8484	None
SIX2	GABRA1	0.277	43.41	0.41	rgb(222,139,139)	1.8484	2,2
TET1	DNAPTP1	0.277	43.41	0.414	rgb(222,138,139)	1.8484	2,2
ZFP82	MMP11	0.277	43.41	0.407	rgb(221,139,140)	1.8484	None
ZFP92	GLYATL3	0.277	43.41	0.409	rgb(221,139,140)	1.8484	None
ZNF382	GRAMD2	-0.277	43.41	-4.1E-01	rgb(127,162,233)	1.8484	2,2
ZNF846	MUC17	-0.277	43.41	-4.1E-01	rgb(129,163,232)	1.8484	None
ZNF846	SRCIN1	-0.277	43.41	-4.1E-01	rgb(128,163,233)	1.8484	None
CBX2	LOC729683	0.277	43.41	0.415	rgb(222,138,139)	1.8484	2,2
ARX	GLUD1P3	0.27626	43.4	0.4	rgb(221,141,141)	1.8482	None
DPF3	LTF	-0.27626	43.4	-4.0E-01	rgb(131,165,232)	1.8482	None
EBF3	GHRL	0.27626	43.4	0.4	rgb(221,141,141)	1.8482	None
FEV	SV2A	0.27626	43.4	0.404	rgb(221,140,141)	1.8482	None
HMBOX1	ADNP	0.27626	43.4	0.401	rgb(221,140,141)	1.8482	None
HSF2	LRRC49	0.27626	43.4	0.404	rgb(221,140,141)	1.8482	None
ISL1	DST	0.27626	43.4	0.403	rgb(221,140,141)	1.8482	None
LMX1B	TUBA1A	0.27626	43.4	0.405	rgb(221,140,141)	1.8482	None
LMX1B	ZSCAN12P1	-0.27626	43.4	-4.0E-01	rgb(131,165,232)	1.8482	2,2
NKX2-2	SFTPA2	0.27626	43.4	0.399	rgb(221,141,142)	1.8482	None
NKX6-1	KIAA1549	0.27626	43.4	0.403	rgb(221,140,141)	1.8482	None
PRDM16	UNC79	-0.27626	43.4	-4.0E-01	rgb(129,164,232)	1.8482	None
SIX2	PYY	0.27626	43.4	0.403	rgb(221,140,141)	1.8482	None
SMAD9	ENTPD1	0.27626	43.4	0.404	rgb(221,140,141)	1.8482	None
TEAD2	GABBR2	-0.27626	43.4	-4.0E-01	rgb(130,164,232)	1.8482	None
TFCP2L1	LOC100188947	0.27626	43.4	0.399	rgb(221,141,142)	1.8482	2,2
ZNF519	FAM21B	-0.27626	43.4	-4.0E-01	rgb(130,164,232)	1.8482	2,2
ASCL2	SCUBE3	0.27553	43.39	0.392	rgb(221,142,143)	1.848	None
ATF5	AX746605	0.27553	43.39	0.389	rgb(221,143,143)	1.848	2,2
GATA4	WWC2-AS2	-0.27553	43.39	-3.9E-01	rgb(132,165,232)	1.848	None
HIF1A	LEFTY1	-0.27553	43.39	-3.9E-01	rgb(132,165,232)	1.848	None
HSF2	AKNA	-0.27553	43.39	-3.9E-01	rgb(132,165,232)	1.848	None
HSF2	SLC25A53	-0.27553	43.39	-3.9E-01	rgb(132,165,232)	1.848	None
LMX1B	SPON1	0.27553	43.39	0.388	rgb(221,143,144)	1.848	None
LMX1B	ZCCHC18	0.27553	43.39	0.394	rgb(221,142,143)	1.848	None
MAFA	SULT1C2P1	0.27553	43.39	0.391	rgb(221,142,143)	1.848	None
PAX6	ZNF853	-0.27553	43.39	-3.9E-01	rgb(133,166,232)	1.848	None
PDX1	MYRF	0.27553	43.39	0.388	rgb(221,143,144)	1.848	None
POU5F1	SCG3	0.27553	43.39	0.394	rgb(221,142,142)	1.848	None
SPIB	CLSPN	-0.27553	43.39	-3.9E-01	rgb(131,165,232)	1.848	None
TEAD1	KCNJ6	-0.27553	43.39	-3.9E-01	rgb(132,165,232)	1.848	None
MYSM1	AX747535	0.27553	43.39	0.392	rgb(221,142,143)	1.848	2,2
NPAS3	CLSTN2	0.27553	43.39	0.391	rgb(221,142,143)	1.848	2,2
TSHZ1	FLJ22184	-0.27553	43.39	-3.9E-01	rgb(132,165,232)	1.848	2,2
ZFP2	IL11	0.27553	43.39	0.387	rgb(221,143,144)	1.848	2,2
E2F7	SCUBE3	-0.2748	43.38	-3.8E-01	rgb(135,167,231)	1.8478	None
HEY1	CYSLTR2	-0.2748	43.38	-3.8E-01	rgb(134,167,231)	1.8478	2,2
HIC1	NFRKB	-0.2748	43.38	-3.8E-01	rgb(134,166,232)	1.8478	None
MAFF	ITGA7	0.2748	43.38	0.382	rgb(221,144,145)	1.8478	None
ONECUT2	DYNC1I1	-0.2748	43.38	-3.8E-01	rgb(135,167,231)	1.8478	None
ONECUT2	FLT1	-0.2748	43.38	-3.8E-01	rgb(134,167,231)	1.8478	None
RFX6	MEP1B	0.2748	43.38	0.378	rgb(221,145,145)	1.8478	None
RORC	CD300LF	0.2748	43.38	0.38	rgb(221,144,145)	1.8478	None
TEAD1	RPLP0P2	-0.2748	43.38	-3.8E-01	rgb(135,167,231)	1.8478	None
TFCP2L1	BTBD11	0.2748	43.38	0.384	rgb(221,144,144)	1.8478	None
EGR3	YPEL1	0.27407	43.37	0.373	rgb(221,146,147)	1.8476	None
ELF4	IGSF9B	-0.27407	43.37	-3.7E-01	rgb(136,168,231)	1.8476	None
ETS1	MYBPC2	0.27407	43.37	0.374	rgb(221,146,146)	1.8476	None
FOXP2	CTNND1	0.27407	43.37	0.371	rgb(221,146,147)	1.8476	None
HHEX	TTR	0.27407	43.37	0.372	rgb(221,146,147)	1.8476	None
HMBOX1	KCNH3	0.27407	43.37	0.373	rgb(221,146,146)	1.8476	None
MAFA	CNGA4	0.27407	43.37	0.374	rgb(221,146,146)	1.8476	None
MAFB	BEND5	0.27407	43.37	0.375	rgb(221,145,146)	1.8476	None
RFX6	MUC16	-0.27407	43.37	-3.7E-01	rgb(137,169,231)	1.8476	None
ZFHX2	ZNF117	0.27407	43.37	0.37	rgb(221,146,147)	1.8476	None
ETS1	UCN3	-0.27333	43.36	-3.6E-01	rgb(140,170,231)	1.8474	None
FOXA1	SUSD4	0.27333	43.36	0.357	rgb(221,149,150)	1.8474	None
HEYL	LOC100288332	-0.27333	43.36	-3.6E-01	rgb(139,170,231)	1.8474	2,2
MAFA	IFI44L	-0.27333	43.36	-3.6E-01	rgb(138,169,231)	1.8474	None
NEUROD2	FUT7	0.27333	43.36	0.362	rgb(221,148,149)	1.8474	None
PAX4	APOC3	-0.27333	43.36	-3.6E-01	rgb(139,169,231)	1.8474	None
PDX1	PCED1B-AS1	-0.27333	43.36	-3.6E-01	rgb(140,170,230)	1.8474	None
ZNF846	KHK	0.27333	43.36	0.356	rgb(221,149,150)	1.8474	None
CCDC17	MURC	0.27333	43.36	0.362	rgb(221,148,149)	1.8474	2,2
GATA2	C1RL-AS1	0.2726	43.35	0.353	rgb(221,150,150)	1.8472	None
GATA2	PDE2A	0.2726	43.35	0.348	rgb(221,150,151)	1.8472	None
GATA4	RGS16	-0.2726	43.35	-3.5E-01	rgb(141,171,230)	1.8472	None
GATA4	RTN1	0.2726	43.35	0.352	rgb(221,150,151)	1.8472	None
LMX1A	PLCXD3	-0.2726	43.35	-3.5E-01	rgb(142,171,230)	1.8472	None
LTF	LOC100288123	0.2726	43.35	0.345	rgb(221,151,152)	1.8472	2,2
MAFF	JAZF1	0.2726	43.35	0.353	rgb(221,149,150)	1.8472	None
NKX2-2	CACNA1G	-0.2726	43.35	-3.5E-01	rgb(140,170,230)	1.8472	None
ONECUT2	KL	0.2726	43.35	0.354	rgb(221,149,150)	1.8472	None
PAX6	ZBTB25	-0.2726	43.35	-3.5E-01	rgb(141,171,230)	1.8472	None
PRDM16	ADCY5	-0.2726	43.35	-3.5E-01	rgb(141,171,230)	1.8472	None
TP73	FSD1	-0.2726	43.35	-3.5E-01	rgb(141,171,230)	1.8472	None
ATF6	ONECUT3	-0.27187	43.34	-3.4E-01	rgb(143,172,230)	1.847	None
EGR3	TBC1D8B	-0.27187	43.34	-3.4E-01	rgb(143,172,230)	1.847	None
ELF4	GDF1	0.27187	43.34	0.338	rgb(221,152,153)	1.847	None
HSF2	PELI3	-0.27187	43.34	-3.4E-01	rgb(142,172,230)	1.847	None
MAFA	VAV3	-0.27187	43.34	-3.4E-01	rgb(143,172,230)	1.847	None
MAFF	CRH	-0.27187	43.34	-3.4E-01	rgb(142,171,230)	1.847	None
MAFF	VOPP1	0.27187	43.34	0.344	rgb(221,151,152)	1.847	None
PDX1	SLC26A7	0.27187	43.34	0.343	rgb(221,151,152)	1.847	None
TFCP2L1	PRRT2	-0.27187	43.34	-3.4E-01	rgb(143,172,230)	1.847	None
ETV1	C2CD4B	-0.27114	43.33	-3.3E-01	rgb(145,173,230)	1.8468	None
FOXA2	LRFN2	-0.27114	43.33	-3.3E-01	rgb(146,174,229)	1.8468	None
HSF2	MYEF2	0.27114	43.33	0.327	rgb(221,154,155)	1.8468	None
LMX1B	DTX3	0.27114	43.33	0.335	rgb(221,153,154)	1.8468	2,2
PBX3	TPST2	-0.27114	43.33	-3.3E-01	rgb(146,174,229)	1.8468	None
PRDM16	MYRF	0.27114	43.33	0.335	rgb(221,153,154)	1.8468	None
TGIF2	CYP4F24P	0.27114	43.33	0.329	rgb(221,154,155)	1.8468	None
ZFHX2	LMO3	0.27114	43.33	0.326	rgb(221,155,155)	1.8468	None
E2F7	ZFP2	-0.2704	43.32	-3.2E-01	rgb(146,174,229)	1.8466	None
ETV1	LRP2BP	-0.2704	43.32	-3.2E-01	rgb(147,174,229)	1.8466	None
HSF2	CRYBA2	-0.2704	43.32	-3.2E-01	rgb(148,175,229)	1.8466	None
ISL1	LOC284581	0.2704	43.32	0.321	rgb(221,156,156)	1.8466	2,2
ISL1	TTBK1	-0.2704	43.32	-3.2E-01	rgb(148,175,229)	1.8466	None
NFAT5	CCDC17	0.2704	43.32	0.321	rgb(221,156,156)	1.8466	2,2
NKX2-2	LOC100288069	-0.2704	43.32	-3.2E-01	rgb(147,174,229)	1.8466	2,2
PBX1	LRFN2	0.2704	43.32	0.32	rgb(221,156,156)	1.8466	None
PDX1	CEND1	-0.2704	43.32	-3.2E-01	rgb(147,174,229)	1.8466	None
SIX2	ARC	0.2704	43.32	0.325	rgb(221,155,156)	1.8466	None
ZNF514	FLJ00278	0.2704	43.32	0.318	rgb(220,156,157)	1.8466	2,2
EGR3	ATF5	0.26967	43.31	0.305	rgb(220,159,159)	1.8464	None
ELF4	CACNG7	0.26967	43.31	0.307	rgb(220,158,159)	1.8464	None
HMBOX1	ARHGAP22	-0.26967	43.31	-3.1E-01	rgb(149,176,229)	1.8464	None
ONECUT3	NCALD	0.26967	43.31	0.314	rgb(220,157,158)	1.8464	None
RORC	TRPC7	-0.26967	43.31	-3.1E-01	rgb(149,176,229)	1.8464	None
TP73	TMPRSS6	0.26967	43.31	0.306	rgb(220,159,159)	1.8464	None
ZNF519	ARHGAP33	-0.26967	43.31	-3.1E-01	rgb(151,177,229)	1.8464	None
ZNF846	LINC00893	-0.26967	43.31	-3.1E-01	rgb(150,176,229)	1.8464	None
ZNF846	RAB36	0.26967	43.31	0.306	rgb(220,158,159)	1.8464	None
ETV1	LINC00894	-0.26894	43.3	-3.0E-01	rgb(152,177,228)	1.8462	None
FOXJ1	PLEKHB1	-0.26894	43.3	-3.0E-01	rgb(151,177,228)	1.8462	None
LMX1B	CACNB4	-0.26894	43.3	-3.0E-01	rgb(152,177,228)	1.8462	None
MAFA	SH3BP5-AS1	-0.26894	43.3	-3.0E-01	rgb(151,177,229)	1.8462	None
NEUROD1	ARHGAP22	-0.26894	43.3	-3.0E-01	rgb(152,178,228)	1.8462	None
NKX2-2	LIPC	-0.26894	43.3	-3.0E-01	rgb(153,178,228)	1.8462	None
TFCP2L1	PCYT1B	0.26894	43.3	0.304	rgb(220,159,160)	1.8462	None
SIM1	BC040894	0.26894	43.3	0.296	rgb(220,161,161)	1.8462	2,2
ARX	SEMA6B	0.26821	43.29	0.294	rgb(220,161,161)	1.846	None
EGR3	LOC100288332	0.26821	43.29	0.291	rgb(220,161,162)	1.846	2,2
ETS1	LOC100131564	-0.26821	43.29	-2.9E-01	rgb(154,179,228)	1.846	2,2
FOXD4L5	PTCH1	-0.26821	43.29	-2.9E-01	rgb(154,179,228)	1.846	None
HMBOX1	CPLX1	-0.26821	43.29	-2.9E-01	rgb(154,179,228)	1.846	None
MAFF	GOLGA7B	-0.26821	43.29	-2.9E-01	rgb(153,178,228)	1.846	None
MAFF	HDAC7	-0.26821	43.29	-2.9E-01	rgb(154,179,228)	1.846	None
MYRF	CR627206	-0.26821	43.29	-2.9E-01	rgb(153,178,228)	1.846	2,2
PDX1	SSTR5	0.26821	43.29	0.291	rgb(220,161,162)	1.846	None
PROX1	RSPH10B2	-0.26821	43.29	-2.9E-01	rgb(153,178,228)	1.846	2,2
RFX2	SDK1	0.26821	43.29	0.289	rgb(220,162,162)	1.846	None
TET1	AVPR1B	0.26821	43.29	0.294	rgb(220,161,161)	1.846	None
NPAS3	LINC00907	0.26821	43.29	0.295	rgb(220,161,161)	1.846	2,2
ARX	SPP1	-0.26747	43.28	-2.8E-01	rgb(156,180,228)	1.8458	None
ELF4	CD300LF	0.26747	43.28	0.276	rgb(220,164,165)	1.8458	None
HOXB9	RPS3	-0.26747	43.28	-2.8E-01	rgb(155,179,228)	1.8458	None
HSF2	SYP	-0.26747	43.28	-2.8E-01	rgb(157,181,227)	1.8458	None
MLXIPL	AK024092	-0.26747	43.28	-2.8E-01	rgb(156,180,228)	1.8458	2,2
NFAT5	PTGDR2	0.26747	43.28	0.281	rgb(220,163,164)	1.8458	None
NKX2-2	SLC35F3	0.26747	43.28	0.278	rgb(220,164,164)	1.8458	None
NKX6-1	SDK1	0.26747	43.28	0.276	rgb(220,164,165)	1.8458	None
SOX4	SDK2	-0.26747	43.28	-2.8E-01	rgb(157,180,228)	1.8458	None
SPIB	TTLL10	-0.26747	43.28	-2.8E-01	rgb(155,179,228)	1.8458	None
AEBP1	MINOS1-NBL1	0.26747	43.28	0.281	rgb(220,163,164)	1.8458	2,2
ARNT2	NFRKB	0.26674	43.27	0.265	rgb(220,166,167)	1.8456	None
ELF4	CTXN1	0.26674	43.27	0.274	rgb(220,165,165)	1.8456	None
HES6	AX747619	-0.26674	43.27	-2.7E-01	rgb(159,182,227)	1.8456	2,2
HMBOX1	CELA3B	-0.26674	43.27	-2.7E-01	rgb(159,182,227)	1.8456	None
INSM1	PCDHB9	0.26674	43.27	0.27	rgb(220,165,166)	1.8456	2,2
LMX1A	SLC30A8	-0.26674	43.27	-2.7E-01	rgb(157,181,227)	1.8456	None
NKX2-2	GRASP	0.26674	43.27	0.271	rgb(220,165,166)	1.8456	None
PAX6	C1QL1	-0.26674	43.27	-2.7E-01	rgb(158,181,227)	1.8456	None
PDX1	IFIT1	-0.26674	43.27	-2.7E-01	rgb(159,182,227)	1.8456	None
EGR3	OSBPL6	0.26601	43.26	0.259	rgb(220,167,168)	1.8454	None
HSF2	RFX3	-0.26601	43.26	-2.6E-01	rgb(161,183,227)	1.8454	None
NEUROG3	ATP6V1B1	0.26601	43.26	0.261	rgb(220,167,168)	1.8454	None
NHLH1	CABP4	0.26601	43.26	0.262	rgb(220,167,168)	1.8454	None
RFX3	BRSK2	0.26601	43.26	0.259	rgb(220,168,168)	1.8454	None
SIX2	FXYD6	-0.26601	43.26	-2.6E-01	rgb(160,182,227)	1.8454	None
DACH1	NOV	0.26601	43.26	0.262	rgb(220,167,167)	1.8454	2,2
ELF4	AK128361	0.26527	43.25	0.252	rgb(220,169,169)	1.8452	2,2
ETV1	AVPR1B	0.26527	43.25	0.25	rgb(220,169,170)	1.8452	None
HSF2	SCG3	-0.26527	43.25	-2.5E-01	rgb(163,184,226)	1.8452	None
MAFF	MBOAT4	0.26527	43.25	0.248	rgb(220,170,170)	1.8452	None
PAX4	CRISP3	-0.26527	43.25	-2.5E-01	rgb(162,184,227)	1.8452	2,2
POU6F1	TMEM8C	-0.26527	43.25	-2.5E-01	rgb(162,183,227)	1.8452	2,2
KCNIP3	ERO1LB	0.26527	43.25	0.245	rgb(220,170,171)	1.8452	2,2
SETBP1	CSH2	0.26527	43.25	0.251	rgb(220,169,170)	1.8452	2,2
ZNF788	AK054970	0.26527	43.25	0.251	rgb(220,169,170)	1.8452	2,2
ETV1	LIMCH1	0.26454	43.24	0.243	rgb(220,171,171)	1.845	None
HIF1A	AK095546	-0.26454	43.24	-2.4E-01	rgb(165,185,226)	1.845	2,2
HLF	SMA	-0.26454	43.24	-2.4E-01	rgb(165,186,226)	1.845	2,2
PAX4	SSTR5	-0.26454	43.24	-2.4E-01	rgb(165,186,226)	1.845	None
PBX3	GFRA3	-0.26454	43.24	-2.4E-01	rgb(165,185,226)	1.845	None
PBX3	GRHL3	0.26454	43.24	0.237	rgb(220,172,172)	1.845	None
PRDM16	SOGA3	-0.26454	43.24	-2.4E-01	rgb(166,186,226)	1.845	None
SIX2	STARD4-AS1	-0.26454	43.24	-2.4E-01	rgb(166,186,226)	1.845	None
ARX	AHNAK	0.26381	43.23	0.227	rgb(220,174,174)	1.8448	None
SMAD9	MRPL34	-0.26381	43.23	-2.3E-01	rgb(166,186,226)	1.8448	None
CCDC17	CATSPER2	0.26381	43.23	0.229	rgb(220,173,174)	1.8448	2,2
EGR3	ELAVL3	0.26308	43.22	0.223	rgb(219,174,175)	1.8446	None
EGR3	XKR7	0.26308	43.22	0.222	rgb(219,175,175)	1.8446	None
ETV1	CHGB	0.26308	43.22	0.218	rgb(219,175,176)	1.8446	None
GATA4	AL110171	-0.26308	43.22	-2.2E-01	rgb(170,188,225)	1.8446	2,2
MAFA	SIRPA	0.26308	43.22	0.221	rgb(219,175,175)	1.8446	None
RFX3	PGA4	0.26308	43.22	0.22	rgb(219,175,175)	1.8446	None
RFX6	CCDC125	-0.26308	43.22	-2.2E-01	rgb(170,189,225)	1.8446	None
SPIB	AKNA	-0.26308	43.22	-2.2E-01	rgb(170,188,225)	1.8446	None
ZNF846	SRM	0.26308	43.22	0.218	rgb(219,175,176)	1.8446	None
ARX	ZNF846	0.26234	43.21	0.212	rgb(219,177,177)	1.8444	None
ETV1	GPR148	0.26234	43.21	0.213	rgb(219,176,177)	1.8444	None
FOXD4L5	BRS3	0.26234	43.21	0.211	rgb(219,177,177)	1.8444	None
HSF2	STARD8	0.26234	43.21	0.207	rgb(219,178,178)	1.8444	None
LHX1	CCR6	0.26234	43.21	0.213	rgb(219,176,177)	1.8444	None
PBX1	TUBB3	-0.26234	43.21	-2.1E-01	rgb(170,189,225)	1.8444	None
ETS1	KCNK17	-0.26161	43.2	-2.0E-01	rgb(173,190,225)	1.8442	None
MAFA	ADCY2	0.26161	43.2	0.198	rgb(219,179,180)	1.8442	None
RFX2	HEYL	0.26161	43.2	0.195	rgb(219,180,180)	1.8442	None
RFX2	ZFHX2	0.26161	43.2	0.204	rgb(219,178,178)	1.8442	None
ZNF846	LHX1	0.26161	43.2	0.202	rgb(219,178,179)	1.8442	None
ELF4	BCAT1	-0.26088	43.19	-1.9E-01	rgb(176,192,224)	1.844	None
LHX1	LIMCH1	-0.26088	43.19	-1.9E-01	rgb(176,192,224)	1.844	None
PRDM16	DLL4	-0.26088	43.19	-1.9E-01	rgb(177,192,224)	1.844	None
RORC	QSOX2	-0.26088	43.19	-1.9E-01	rgb(176,192,224)	1.844	None
ZNF519	CDK5R1	0.26088	43.19	0.185	rgb(219,182,182)	1.844	None
ADNP	DQ588114	-0.26088	43.19	-1.9E-01	rgb(177,193,224)	1.844	2,2
HIF1A	SGSM1	-0.26015	43.18	-1.8E-01	rgb(179,194,224)	1.8438	None
HSF2	HSF2	-0.26015	43.18	-1.8E-01	rgb(178,193,224)	1.8438	None
MAFB	POM121L10P	0.26015	43.18	0.176	rgb(219,183,184)	1.8438	None
PAX6	RNF213	-0.26015	43.18	-1.8E-01	rgb(178,193,224)	1.8438	None
E2F7	POM121L9P	0.25941	43.17	0.175	rgb(219,184,184)	1.8436	None
SIX2	DLL4	-0.25941	43.17	-1.7E-01	rgb(181,195,223)	1.8436	None
TFCP2L1	WDR17	0.25941	43.17	0.168	rgb(219,185,185)	1.8436	None
ZFHX2	FAM171A2	-0.25941	43.17	-1.7E-01	rgb(180,194,223)	1.8436	None
GATA4	DNAJC12	-0.25868	43.16	-1.6E-01	rgb(182,196,223)	1.8434	None
TEAD1	EYA4	-0.25868	43.16	-1.6E-01	rgb(182,196,223)	1.8434	None
ZNF514	WHAMMP1	0.25868	43.16	0.156	rgb(219,187,187)	1.8434	2,2
EGR3	HMGB3	0.25795	43.15	0.154	rgb(219,188,188)	1.8432	None
GATA4	ASRGL1	-0.25795	43.15	-1.5E-01	rgb(184,197,223)	1.8432	None
GLIS2	STXBP5L	-0.25795	43.15	-1.5E-01	rgb(184,197,223)	1.8432	None
LMX1A	SLC14A2	0.25795	43.15	0.145	rgb(219,189,190)	1.8432	None
NKX2-2	DNAJB13	-0.25795	43.15	-1.5E-01	rgb(184,197,223)	1.8432	None
ONECUT1	HNF1A-AS1	0.25795	43.15	0.152	rgb(219,188,188)	1.8432	None
RFX3	LRRC49	0.25795	43.15	0.151	rgb(219,188,189)	1.8432	None
SMAD9	CAMK1	0.25795	43.15	0.15	rgb(219,188,189)	1.8432	None
ZFP62	AX746605	0.25795	43.15	0.147	rgb(219,189,189)	1.8432	2,2
ASCL1	UCKL1-AS1	-0.25722	43.14	-1.4E-01	rgb(187,198,222)	1.843	None
LMX1A	LRAT	0.25722	43.14	0.138	rgb(219,191,191)	1.843	None
MAFA	MAPK8IP1	0.25722	43.14	0.142	rgb(219,190,190)	1.843	None
ONECUT2	SLC1A2	-0.25722	43.14	-1.4E-01	rgb(187,199,222)	1.843	None
NKX2-2	HERC5	0.25648	43.13	0.126	rgb(218,193,193)	1.8428	None
NKX2-2	UNC93A	-0.25648	43.13	-1.3E-01	rgb(188,200,222)	1.8428	None
ZFP92	STMN2	0.25648	43.13	0.126	rgb(218,193,193)	1.8428	None
ZNF492	NNMT	-0.25648	43.13	-1.3E-01	rgb(189,200,222)	1.8428	None
PBX3	PTPRT	-0.25575	43.12	-1.2E-01	rgb(192,202,221)	1.8426	None
PRDM16	DACH1	-0.25575	43.12	-1.2E-01	rgb(190,201,222)	1.8426	None
TEAD1	CORO2B	-0.25575	43.12	-1.2E-01	rgb(192,202,221)	1.8426	None
ZNF846	TMEFF1	0.25575	43.12	0.121	rgb(218,194,194)	1.8426	None
ZNF514	LOC399744	0.25575	43.12	0.116	rgb(218,195,195)	1.8426	2,2
ETV1	PTGDR2	0.25502	43.11	0.106	rgb(218,197,197)	1.8424	None
HSF2	EGR3	0.25502	43.11	0.106	rgb(218,197,197)	1.8424	None
INSM1	MX1	0.25502	43.11	0.115	rgb(218,195,195)	1.8424	None
MAFF	NPAS3	0.25502	43.11	0.113	rgb(218,195,196)	1.8424	None
HIF1A	ALAS2	-0.25428	43.1	-1.0E-01	rgb(195,204,221)	1.8422	None
LHX1	SRCIN1	0.25428	43.1	0.099	rgb(218,198,198)	1.8422	None
NKX2-2	RPS6KL1	-0.25428	43.1	-9.7E-02	rgb(196,204,221)	1.8422	None
PDX1	GPR148	-0.25428	43.1	-9.7E-02	rgb(196,204,221)	1.8422	None
PRDM16	TAC3	0.25428	43.1	0.102	rgb(218,198,198)	1.8422	None
EGR3	SPON1	0.25355	43.09	0.085	rgb(218,201,201)	1.842	None
HSF2	ENPP2	-0.25355	43.09	-9.0E-02	rgb(197,205,220)	1.842	None
ONECUT1	JPH4	0.25355	43.09	0.094	rgb(218,199,199)	1.842	None
PDX1	CBX2	0.25355	43.09	0.087	rgb(218,200,201)	1.842	None
SIX2	CLIP3	-0.25355	43.09	-9.1E-02	rgb(197,205,220)	1.842	None
SIX2	SH3TC2	-0.25355	43.09	-9.2E-02	rgb(197,205,220)	1.842	None
FOXA2	E2F7	0.25282	43.08	0.083	rgb(218,201,201)	1.8418	None
FOXD4L5	POM121L9P	-0.25282	43.08	-8.2E-02	rgb(199,206,220)	1.8418	None
PLAG1	BAMBI	-0.25282	43.08	-7.9E-02	rgb(200,207,220)	1.8418	None
ASCL1	SSTR5-AS1	0.25209	43.07	0.072	rgb(218,203,203)	1.8416	None
ELF4	UNC80	-0.25209	43.07	-7.0E-02	rgb(202,208,220)	1.8416	None
E2F7	SMOC2	-0.25135	43.06	-5.6E-02	rgb(205,210,219)	1.8414	None
ETS1	CTNND1	0.25135	43.06	0.057	rgb(218,206,206)	1.8414	None
HSF2	FXYD1	-0.25135	43.06	-5.9E-02	rgb(204,209,219)	1.8414	None
NKX6-1	DEFB1	-0.25135	43.06	-5.9E-02	rgb(204,209,219)	1.8414	None
ETV1	RUNX1T1	-0.25062	43.05	-5.5E-02	rgb(205,210,219)	1.8412	None
GATA4	SHC3	-0.25062	43.05	-5.4E-02	rgb(205,210,219)	1.8412	None
HMBOX1	TTBK1	-0.25062	43.05	-4.8E-02	rgb(207,211,219)	1.8412	None
HSF2	EXOSC4	-0.24989	43.04	-3.6E-02	rgb(209,212,218)	1.841	None
NEUROG3	FAT3	0.24989	43.04	0.035	rgb(217,210,210)	1.841	None
TP73	NRXN2	0.24989	43.04	0.039	rgb(217,209,210)	1.841	None
ZNF492	CELF5	-0.24989	43.04	-4.3E-02	rgb(208,211,219)	1.841	None
ETV1	DST	-0.24916	43.03	-3.5E-02	rgb(209,212,218)	1.8408	None
GATA4	GDF1	0.24916	43.03	0.028	rgb(217,212,212)	1.8408	None
FOXP2	COL6A4P2	0.24842	43.02	0.02	rgb(217,213,213)	1.8406	None
MAFF	CCDC146	-0.24842	43.02	-2.3E-02	rgb(212,214,218)	1.8406	None
SMAD9	MYRF	0.24842	43.02	0.023	rgb(217,213,213)	1.8406	None
ONECUT2	CTTNBP2	-0.24769	43.01	-1.3E-02	rgb(214,215,217)	1.8404	None
PRDM16	CNPY1	0.24769	43.01	0.014	rgb(217,214,214)	1.8404	None
EGR3	PTPN22	-0.24696	43	-1.9E-03	rgb(217,217,217)	1.8402	None
SOX4	GLYATL3	-0.24623	42.89	-8.9E-01	rgb( 24,100,251)	1.838	None
MAFB	EDAR	0.24558	42.86	0.862	rgb(226, 52, 54)	1.8374	None
ZNF492	PGM5	-0.24494	42.85	-8.5E-01	rgb( 32,105,249)	1.8372	None
TEAD1	DLC1	0.2443	42.82	0.819	rgb(226, 61, 62)	1.8366	None
ARNT2	RNF157	-0.24365	42.8	-8.0E-01	rgb( 43,111,247)	1.8362	None
ETS1	CRYBA2	-0.24365	42.8	-8.0E-01	rgb( 43,111,248)	1.8362	None
NEUROG3	BC073932	0.24365	42.8	0.796	rgb(226, 65, 66)	1.8362	2,2
MYT1	ZFR2	0.24365	42.8	0.799	rgb(226, 64, 66)	1.8362	2,2
FOXA2	MUC15	0.24301	42.79	0.789	rgb(226, 66, 68)	1.836	None
FOXD4L5	MATN2	-0.24301	42.79	-7.9E-01	rgb( 47,113,247)	1.836	None
NR4A2	AK311497	-0.24301	42.79	-7.9E-01	rgb( 46,113,247)	1.836	2,2
ELF4	WNK2	-0.24237	42.78	-7.8E-01	rgb( 48,114,247)	1.8358	None
TGIF2	CLIP3	0.24237	42.78	0.779	rgb(226, 68, 70)	1.8358	None
GATA2	PHYHIP	0.24172	42.77	0.766	rgb(225, 71, 72)	1.8356	None
NKX6-1	NREP	-0.24172	42.77	-7.7E-01	rgb( 51,116,246)	1.8356	None
ZFHX2	RYBP	0.24172	42.77	0.769	rgb(225, 70, 72)	1.8356	None
NR4A3	CBX4	0.24108	42.76	0.763	rgb(225, 71, 73)	1.8354	None
GATA2	UPK2	0.24044	42.75	0.748	rgb(225, 74, 76)	1.8352	None
RFX6	DLL4	0.24044	42.75	0.748	rgb(225, 74, 76)	1.8352	None
LMX1A	SIX2	0.23979	42.74	0.741	rgb(225, 75, 77)	1.835	None
MAFB	TTC25	-0.23979	42.74	-7.4E-01	rgb( 56,119,245)	1.835	None
PDX1	RASAL1	-0.23979	42.74	-7.4E-01	rgb( 56,119,245)	1.835	None
SIX2	USP13	0.23979	42.74	0.745	rgb(225, 75, 76)	1.835	None
E2F7	LTF	0.23915	42.73	0.731	rgb(225, 77, 79)	1.8348	None
MAFB	TTC7B	-0.23915	42.73	-7.3E-01	rgb( 58,120,245)	1.8348	None
ZNF846	FIGNL2	0.23915	42.73	0.734	rgb(225, 77, 78)	1.8348	None
ZNF846	HOMEZ	-0.23915	42.73	-7.3E-01	rgb( 59,121,245)	1.8348	None
LHX1	RTN4RL1	0.23851	42.72	0.716	rgb(225, 80, 82)	1.8346	None
RORC	ACSS3	-0.23851	42.72	-7.2E-01	rgb( 61,122,244)	1.8346	None
ATOH8	DQ588732	-0.23851	42.72	-7.2E-01	rgb( 61,122,244)	1.8346	2,2
TEAD1	CLDN6	0.23786	42.71	0.71	rgb(225, 81, 83)	1.8344	None
ARNT2	RUNDC3A	-0.23722	42.7	-7.0E-01	rgb( 65,124,244)	1.8342	None
E2F7	RFX6	-0.23722	42.7	-7.0E-01	rgb( 64,124,244)	1.8342	None
ELF4	MAML3	-0.23722	42.7	-7.0E-01	rgb( 65,125,244)	1.8342	None
ETV1	GPC2	0.23722	42.7	0.704	rgb(225, 83, 84)	1.8342	None
FEV	NPM2	0.23722	42.7	0.702	rgb(225, 83, 84)	1.8342	None
MYRF	BC040563	-0.23722	42.7	-7.0E-01	rgb( 64,124,244)	1.8342	2,2
NEUROG3	BX647938	0.23722	42.7	0.699	rgb(225, 84, 85)	1.8342	2,2
ZNF519	KAT2B	0.23722	42.7	0.699	rgb(225, 84, 85)	1.8342	None
ZNF117	AK123889	0.23722	42.7	0.704	rgb(225, 82, 84)	1.8342	2,2
GATA2	C7	0.23658	42.69	0.691	rgb(225, 85, 86)	1.834	None
GATA6	CHD5	0.23658	42.69	0.692	rgb(225, 85, 86)	1.834	None
HEYL	LOC202181	-0.23658	42.69	-6.9E-01	rgb( 67,126,243)	1.834	2,2
HSF2	CHRNA1	0.23658	42.69	0.688	rgb(225, 86, 87)	1.834	None
NR4A2	CCDC125	-0.23658	42.69	-6.9E-01	rgb( 68,127,243)	1.834	None
PAX4	CACNG6	0.23658	42.69	0.688	rgb(225, 86, 87)	1.834	None
PAX4	PKHD1L1	-0.23658	42.69	-6.9E-01	rgb( 67,126,243)	1.834	None
TEAD1	KIF5A	-0.23658	42.69	-6.9E-01	rgb( 66,125,243)	1.834	None
ZFP28	AK091624	-0.23658	42.69	-6.9E-01	rgb( 67,126,243)	1.834	2,2
ZNF382	NAIP	-0.23658	42.69	-6.9E-01	rgb( 68,126,243)	1.834	2,2
ZNF492	LSAMP	-0.23658	42.69	-6.9E-01	rgb( 68,126,243)	1.834	None
ZFP62	MAGEA5	0.23658	42.69	0.691	rgb(225, 85, 86)	1.834	2,2
ARX	GCH1	-0.23593	42.68	-6.8E-01	rgb( 70,128,243)	1.8338	None
GATA2	USP6	0.23593	42.68	0.682	rgb(225, 87, 88)	1.8338	None
HMBOX1	LIMCH1	0.23593	42.68	0.681	rgb(224, 87, 88)	1.8338	None
PRDM16	SPAG8	-0.23593	42.68	-6.8E-01	rgb( 69,127,243)	1.8338	None
SIX2	LPPR5	0.23593	42.68	0.676	rgb(224, 88, 89)	1.8338	2,2
AEBP1	ACE	0.23593	42.68	0.682	rgb(224, 87, 88)	1.8338	2,2
ETV1	S100A1	0.23529	42.67	0.669	rgb(224, 89, 90)	1.8336	None
FEV	TMOD2	0.23529	42.67	0.666	rgb(224, 90, 91)	1.8336	None
HSF2	GRASP	-0.23529	42.67	-6.7E-01	rgb( 72,129,242)	1.8336	None
LHX1	TMEM212	0.23529	42.67	0.673	rgb(224, 88, 90)	1.8336	None
MAFA	IRF2BP1	-0.23529	42.67	-6.7E-01	rgb( 71,128,243)	1.8336	None
POU5F1	CADM2	0.23529	42.67	0.674	rgb(224, 88, 90)	1.8336	None
TFCP2L1	ECE2	-0.23529	42.67	-6.7E-01	rgb( 73,129,242)	1.8336	None
ARX	USP41	0.23465	42.66	0.657	rgb(224, 92, 93)	1.8334	None
EGR3	PRR5-ARHGAP8	0.23465	42.66	0.658	rgb(224, 91, 93)	1.8334	None
LMX1B	HSPA2	0.23465	42.66	0.66	rgb(224, 91, 92)	1.8334	None
MAFB	ZFP62	0.23465	42.66	0.664	rgb(224, 90, 92)	1.8334	None
NFAT5	SPINK4	0.23465	42.66	0.66	rgb(224, 91, 92)	1.8334	None
TP73	ABCC8	0.23465	42.66	0.655	rgb(224, 92, 93)	1.8334	None
ZNF382	FAM181B	-0.23465	42.66	-6.6E-01	rgb( 73,129,242)	1.8334	2,2
ZNF846	AK057596	-0.23465	42.66	-6.6E-01	rgb( 74,130,242)	1.8334	2,2
CSRNP3	CERS6-AS1	0.23465	42.66	0.655	rgb(224, 92, 93)	1.8334	2,2
ARX	GABBR2	-0.234	42.65	-6.5E-01	rgb( 75,131,242)	1.8332	None
ETS1	PLAC4	-0.234	42.65	-6.5E-01	rgb( 76,131,242)	1.8332	None
ETV1	DLG2	0.234	42.65	0.654	rgb(224, 92, 93)	1.8332	None
LTF	S100G	-0.234	42.65	-6.5E-01	rgb( 76,131,242)	1.8332	2,2
TEAD2	UPK2	0.234	42.65	0.649	rgb(224, 93, 94)	1.8332	None
SETBP1	AX746826	0.234	42.65	0.654	rgb(224, 92, 93)	1.8332	2,2
HLF	AK024248	-0.23336	42.64	-6.4E-01	rgb( 78,133,241)	1.833	2,2
HMBOX1	QSOX2	0.23336	42.64	0.639	rgb(224, 95, 96)	1.833	None
MAFB	NINJ1	0.23336	42.64	0.639	rgb(224, 95, 96)	1.833	None
NHLH1	LOC100862671	0.23272	42.63	0.632	rgb(224, 96, 98)	1.8328	2,2
PAX6	KCNH8	-0.23272	42.63	-6.3E-01	rgb( 80,134,241)	1.8328	None
SMAD9	CADM2	0.23272	42.63	0.628	rgb(224, 97, 98)	1.8328	None
ZNF382	ARX	-0.23272	42.63	-6.3E-01	rgb( 79,133,241)	1.8328	2,2
ZNF514	FLJ44955	0.23272	42.63	0.629	rgb(224, 97, 98)	1.8328	2,2
ARX	DPP10	-0.23207	42.62	-6.2E-01	rgb( 83,136,240)	1.8326	None
ETS1	LOC100190986	-0.23207	42.62	-6.2E-01	rgb( 83,136,240)	1.8326	2,2
HIF1A	MARCH4	-0.23207	42.62	-6.2E-01	rgb( 82,135,241)	1.8326	2,2
PAX6	GOLGA6L4	-0.23207	42.62	-6.2E-01	rgb( 82,135,241)	1.8326	2,2
SOX4	AF131837	-0.23207	42.62	-6.2E-01	rgb( 83,136,240)	1.8326	2,2
ZNF846	PLAC4	-0.23207	42.62	-6.2E-01	rgb( 83,136,240)	1.8326	None
ZFP2	ZFR2	-0.23207	42.62	-6.2E-01	rgb( 82,135,241)	1.8326	2,2
ZNF514	CR933660	0.23207	42.62	0.623	rgb(224, 98, 99)	1.8326	2,2
MAFA	CNTD2	0.23143	42.61	0.613	rgb(224,100,101)	1.8324	None
MAFF	SRSF12	0.23143	42.61	0.607	rgb(224,101,102)	1.8324	2,2
PBX3	CELSR3	0.23143	42.61	0.606	rgb(224,101,102)	1.8324	None
ZNF846	LOC100129175	-0.23143	42.61	-6.1E-01	rgb( 85,137,240)	1.8324	2,2
MAFA	MIR137HG	0.23079	42.6	0.597	rgb(224,103,104)	1.8322	None
MAFA	ZNF117	0.23079	42.6	0.597	rgb(224,103,104)	1.8322	None
NEUROD2	AK025975	0.23079	42.6	0.601	rgb(224,102,103)	1.8322	2,2
LMX1A	KRTAP5-2	-0.23014	42.59	-5.9E-01	rgb( 90,140,239)	1.832	None
MAFA	KLB	0.23014	42.59	0.589	rgb(223,105,106)	1.832	None
NEUROD1	KCNC1	0.23014	42.59	0.585	rgb(223,105,106)	1.832	None
PAX6	TCTEX1D4	-0.23014	42.59	-5.9E-01	rgb( 90,140,239)	1.832	None
TEAD1	PCDHA2	-0.23014	42.59	-5.9E-01	rgb( 88,139,240)	1.832	None
TP73	JAKMIP1	0.23014	42.59	0.592	rgb(224,104,105)	1.832	None
ZNF846	SAMD14	-0.23014	42.59	-5.9E-01	rgb( 88,138,240)	1.832	None
ATF5	ST8SIA3	-0.2295	42.58	-5.8E-01	rgb( 90,140,239)	1.8318	None
LMX1B	AP3B2	0.2295	42.58	0.582	rgb(223,106,107)	1.8318	None
NR4A2	HEY1	0.2295	42.58	0.585	rgb(223,105,106)	1.8318	None
POU5F1	ADM5	0.2295	42.58	0.585	rgb(223,105,106)	1.8318	2,2
ZFP82	AX746826	-0.2295	42.58	-5.8E-01	rgb( 91,141,239)	1.8318	2,2
ELF4	GRASP	0.22886	42.57	0.567	rgb(223,109,110)	1.8316	None
ELF4	LOC202181	-0.22886	42.57	-5.7E-01	rgb( 93,141,239)	1.8316	2,2
HIF1A	HSPA2	-0.22886	42.57	-5.7E-01	rgb( 93,141,239)	1.8316	None
HSF2	NTRK1	0.22886	42.57	0.565	rgb(223,109,110)	1.8316	None
MAFA	CELF5	0.22886	42.57	0.566	rgb(223,109,110)	1.8316	None
MAFA	LRIG1	-0.22886	42.57	-5.7E-01	rgb( 93,142,239)	1.8316	None
MAFB	PMP22	0.22886	42.57	0.571	rgb(223,108,109)	1.8316	None
SMAD9	ADCY5	0.22886	42.57	0.572	rgb(223,108,109)	1.8316	None
TEAD2	ARHGAP33	-0.22886	42.57	-5.7E-01	rgb( 93,141,239)	1.8316	None
ZNF492	NPPB	-0.22886	42.57	-5.7E-01	rgb( 93,142,239)	1.8316	2,2
NPAS3	ZRSR1	0.22886	42.57	0.566	rgb(223,109,110)	1.8316	2,2
ZNF514	LOC728175	0.22886	42.57	0.572	rgb(223,108,109)	1.8316	2,2
GATA2	CLCN4	0.22821	42.56	0.555	rgb(223,111,112)	1.8314	None
HOXB9	TMPRSS11E	-0.22821	42.56	-5.6E-01	rgb( 96,143,238)	1.8314	None
PAX6	VGF	-0.22821	42.56	-5.6E-01	rgb( 96,144,238)	1.8314	None
TEAD1	GPRIN3	-0.22821	42.56	-5.6E-01	rgb( 96,144,238)	1.8314	None
ARX	FAM171A2	-0.22757	42.55	-5.5E-01	rgb( 97,144,238)	1.8312	None
ATF5	FKBP1A-SDCBP2	0.22757	42.55	0.552	rgb(223,112,113)	1.8312	2,2
HES4	RUNDC3A	0.22757	42.55	0.553	rgb(223,111,113)	1.8312	None
HOXB9	CNOT6L	0.22757	42.55	0.546	rgb(223,113,114)	1.8312	None
NEUROG3	PKHD1L1	0.22757	42.55	0.554	rgb(223,111,112)	1.8312	None
PAX4	ZFP28	-0.22757	42.55	-5.5E-01	rgb( 97,144,238)	1.8312	None
POU2F2	TRIM35	0.22757	42.55	0.546	rgb(223,113,114)	1.8312	None
SIX2	GRIA2	0.22757	42.55	0.555	rgb(223,111,112)	1.8312	2,2
ZNF492	BX647938	0.22757	42.55	0.554	rgb(223,111,112)	1.8312	2,2
EGR3	SPDYA	0.22693	42.54	0.542	rgb(223,114,115)	1.831	None
HIC1	MAML3	0.22693	42.54	0.544	rgb(223,113,114)	1.831	None
MAFB	SLC18A1	-0.22693	42.54	-5.4E-01	rgb(101,146,237)	1.831	None
NEUROG3	COL21A1	0.22693	42.54	0.542	rgb(223,113,115)	1.831	None
PDX1	ADAMTSL1	0.22693	42.54	0.535	rgb(223,115,116)	1.831	None
PLAG1	PNPO	0.22693	42.54	0.538	rgb(223,114,115)	1.831	None
SPIB	SSTR5-AS1	0.22693	42.54	0.536	rgb(223,115,116)	1.831	None
TEAD2	AK094156	-0.22693	42.54	-5.4E-01	rgb(100,146,237)	1.831	2,2
ZNF846	ANKRD20A9P	-0.22693	42.54	-5.4E-01	rgb(100,146,237)	1.831	2,2
ZNF514	CR627394	0.22693	42.54	0.536	rgb(223,115,116)	1.831	2,2
ARX	PCYT1B	-0.22629	42.53	-5.3E-01	rgb(103,148,237)	1.8308	None
ETS1	GUSBP3	-0.22629	42.53	-5.3E-01	rgb(103,148,237)	1.8308	2,2
HMBOX1	OGFRL1	0.22629	42.53	0.535	rgb(223,115,116)	1.8308	None
MAFA	NEAT1	0.22629	42.53	0.534	rgb(223,115,116)	1.8308	None
MAFB	TMEM132C	-0.22629	42.53	-5.3E-01	rgb(101,147,237)	1.8308	None
PBX3	GPRIN3	0.22629	42.53	0.529	rgb(223,116,117)	1.8308	None
PDX1	MTSS1	0.22629	42.53	0.531	rgb(223,116,117)	1.8308	None
PRDM16	MALAT1	-0.22629	42.53	-5.3E-01	rgb(103,147,237)	1.8308	None
SPIB	ELL2	0.22629	42.53	0.525	rgb(223,117,118)	1.8308	None
TEAD1	MPPED1	-0.22629	42.53	-5.3E-01	rgb(103,147,237)	1.8308	2,2
TFCP2L1	DPYSL3	0.22629	42.53	0.534	rgb(223,115,116)	1.8308	None
TFCP2L1	HDAC7	-0.22629	42.53	-5.3E-01	rgb(102,147,237)	1.8308	None
TP73	VWA5B2	0.22629	42.53	0.526	rgb(223,117,118)	1.8308	None
AEBP1	PCDH20	0.22629	42.53	0.532	rgb(223,115,117)	1.8308	2,2
NPAS3	AK127443	0.22629	42.53	0.527	rgb(223,116,117)	1.8308	2,2
E2F7	PRR5-ARHGAP8	-0.22564	42.52	-5.2E-01	rgb(105,149,237)	1.8306	None
HLF	AK311257	-0.22564	42.52	-5.2E-01	rgb(105,149,237)	1.8306	2,2
PBX1	CELF5	-0.22564	42.52	-5.2E-01	rgb(104,148,237)	1.8306	None
PDX1	ARHGAP24	0.22564	42.52	0.516	rgb(223,118,120)	1.8306	None
SPIB	BEX2	0.22564	42.52	0.516	rgb(223,118,120)	1.8306	None
TP73	CAND2	0.22564	42.52	0.524	rgb(223,117,118)	1.8306	None
ETV1	SULT2A1	0.225	42.51	0.505	rgb(223,120,121)	1.8304	None
HIC1	DUSP26	-0.225	42.51	-5.1E-01	rgb(106,150,236)	1.8304	2,2
HLF	BC043205	-0.225	42.51	-5.1E-01	rgb(105,149,237)	1.8304	2,2
LHX1	LDHD	0.225	42.51	0.511	rgb(223,119,120)	1.8304	None
MAFA	KIRREL3	0.225	42.51	0.513	rgb(223,119,120)	1.8304	None
ONECUT2	LINC00514	0.225	42.51	0.515	rgb(223,119,120)	1.8304	None
PDX1	CYGB	0.225	42.51	0.513	rgb(223,119,120)	1.8304	None
SPIB	ARL9	-0.225	42.51	-5.1E-01	rgb(106,149,236)	1.8304	None
ZNF492	NXF2	-0.225	42.51	-5.1E-01	rgb(107,150,236)	1.8304	2,2
ZNF519	AK027252	-0.225	42.51	-5.1E-01	rgb(106,150,236)	1.8304	2,2
ZBTB25	AK094916	0.225	42.51	0.51	rgb(223,120,121)	1.8304	2,2
ZNF788	LOC149134	0.225	42.51	0.515	rgb(223,119,120)	1.8304	2,2
FOXA1	KIAA1456	0.22436	42.5	0.496	rgb(222,122,123)	1.8302	2,2
ISL1	PLCXD3	-0.22436	42.5	-5.0E-01	rgb(110,152,236)	1.8302	None
LMX1B	HNF1A-AS1	-0.22436	42.5	-5.0E-01	rgb(108,151,236)	1.8302	None
MAFA	AADAT	0.22436	42.5	0.495	rgb(222,122,123)	1.8302	None
NKX2-2	BC131755	-0.22436	42.5	-5.0E-01	rgb(108,150,236)	1.8302	2,2
PBX3	EML1	-0.22436	42.5	-5.0E-01	rgb(108,151,236)	1.8302	None
PDX1	KIAA1549	0.22436	42.5	0.505	rgb(223,121,122)	1.8302	None
POU5F1	CFC1B	-0.22436	42.5	-5.0E-01	rgb(108,151,236)	1.8302	None
ZFHX2	HOPX	0.22436	42.5	0.501	rgb(223,121,122)	1.8302	None
ZNF492	SOGA3	-0.22436	42.5	-5.0E-01	rgb(108,151,236)	1.8302	None
AEBP1	DBC1	0.22436	42.5	0.505	rgb(223,121,122)	1.8302	2,2
CCDC17	LOC283731	0.22436	42.5	0.499	rgb(222,122,123)	1.8302	2,2
ARX	CCDC162P	0.22371	42.49	0.487	rgb(222,124,125)	1.83	None
ETS1	CDH22	0.22371	42.49	0.486	rgb(222,124,125)	1.83	None
GATA6	NPTX1	0.22371	42.49	0.495	rgb(222,123,124)	1.83	None
HSF2	KCNAB2	-0.22371	42.49	-4.9E-01	rgb(110,152,236)	1.83	None
LHX1	NPW	-0.22371	42.49	-4.9E-01	rgb(110,152,236)	1.83	None
POU2F2	OSBPL6	0.22371	42.49	0.495	rgb(222,123,123)	1.83	None
ZFP28	LRAT	0.22371	42.49	0.492	rgb(222,123,124)	1.83	None
ZNF883	JA760600	-0.22371	42.49	-4.9E-01	rgb(112,153,235)	1.83	2,2
NPAS3	PMS2L14	0.22371	42.49	0.489	rgb(222,124,125)	1.83	2,2
ATF6	LINC00894	-0.22307	42.48	-4.8E-01	rgb(113,154,235)	1.8298	None
E2F7	GPR137C	-0.22307	42.48	-4.8E-01	rgb(112,153,235)	1.8298	None
ELF4	AHNAK	-0.22307	42.48	-4.8E-01	rgb(113,154,235)	1.8298	None
ETS1	MAFB	-0.22307	42.48	-4.8E-01	rgb(114,154,235)	1.8298	None
FEV	RFX6	0.22307	42.48	0.478	rgb(222,126,127)	1.8298	None
HSF2	TTBK1	-0.22307	42.48	-4.8E-01	rgb(114,154,235)	1.8298	None
LMX1A	UCN3	-0.22307	42.48	-4.8E-01	rgb(112,153,235)	1.8298	None
MAFB	PRDM16	0.22307	42.48	0.475	rgb(222,126,127)	1.8298	None
NEUROG3	GRAMD2	0.22307	42.48	0.476	rgb(222,126,127)	1.8298	2,2
ONECUT3	TLE3	-0.22307	42.48	-4.8E-01	rgb(113,154,235)	1.8298	None
PBX3	AX747090	0.22307	42.48	0.481	rgb(222,125,126)	1.8298	2,2
TEAD2	PKIA	-0.22307	42.48	-4.8E-01	rgb(114,154,235)	1.8298	None
ZNF846	ELF4	-0.22307	42.48	-4.8E-01	rgb(113,154,235)	1.8298	None
ZNF846	EPHA4	0.22307	42.48	0.476	rgb(222,126,127)	1.8298	None
ZBTB25	AX748336	0.22307	42.48	0.484	rgb(222,124,125)	1.8298	2,2
ARX	SCG3	-0.22243	42.47	-4.7E-01	rgb(114,155,235)	1.8296	None
FEV	HIP1	0.22243	42.47	0.473	rgb(222,127,128)	1.8296	None
FOXD4L5	DTX1	0.22243	42.47	0.471	rgb(222,127,128)	1.8296	None
FOXD4L5	TMEM45A	0.22243	42.47	0.473	rgb(222,127,128)	1.8296	None
MAFB	MIR7-3HG	-0.22243	42.47	-4.7E-01	rgb(115,155,235)	1.8296	None
PAX4	TUBB2B	-0.22243	42.47	-4.7E-01	rgb(114,155,235)	1.8296	None
AEBP1	GRIA2	0.22243	42.47	0.472	rgb(222,127,128)	1.8296	2,2
CSRNP3	AL831889	0.22243	42.47	0.467	rgb(222,128,129)	1.8296	2,2
ZNF117	AK056486	0.22243	42.47	0.474	rgb(222,126,127)	1.8296	2,2
ARX	HSPA12A	-0.22178	42.46	-4.6E-01	rgb(118,157,234)	1.8294	None
HIF1A	TRPA1	-0.22178	42.46	-4.6E-01	rgb(117,156,235)	1.8294	2,2
MAFA	MSH5	0.22178	42.46	0.463	rgb(222,129,129)	1.8294	None
PAX6	NPAS3	-0.22178	42.46	-4.6E-01	rgb(116,156,235)	1.8294	None
PBX3	DLL4	0.22178	42.46	0.463	rgb(222,128,129)	1.8294	None
RFX2	CLIP3	0.22178	42.46	0.457	rgb(222,130,131)	1.8294	None
RFX2	CNOT6L	-0.22178	42.46	-4.6E-01	rgb(116,156,235)	1.8294	None
ST18	KCNMB2-IT1	-0.22178	42.46	-4.6E-01	rgb(118,157,234)	1.8294	2,2
TFCP2L1	CRISPLD2	0.22178	42.46	0.459	rgb(222,129,130)	1.8294	None
ZNF492	DOCK8	-0.22178	42.46	-4.6E-01	rgb(118,157,234)	1.8294	None
ZNF846	SOX4	0.22178	42.46	0.463	rgb(222,128,129)	1.8294	None
ETS1	OLFML3	0.22114	42.45	0.447	rgb(222,132,132)	1.8292	None
ETV1	PCSK1	0.22114	42.45	0.451	rgb(222,131,132)	1.8292	None
LHX1	BCL2	-0.22114	42.45	-4.5E-01	rgb(119,157,234)	1.8292	None
LHX1	DPYSL3	-0.22114	42.45	-4.5E-01	rgb(120,158,234)	1.8292	None
PBX3	IGSF9B	0.22114	42.45	0.45	rgb(222,131,132)	1.8292	None
POU5F1	FAM105A	0.22114	42.45	0.454	rgb(222,130,131)	1.8292	2,2
SMAD9	SSBP2	-0.22114	42.45	-4.5E-01	rgb(120,158,234)	1.8292	None
NPAS3	ACTG1P4	0.22114	42.45	0.452	rgb(222,131,132)	1.8292	2,2
ISL1	TTR	-0.2205	42.44	-4.4E-01	rgb(121,159,234)	1.829	None
NEUROD1	ANKRD65	-0.2205	42.44	-4.4E-01	rgb(122,159,234)	1.829	None
NEUROD2	DOCK8	0.2205	42.44	0.442	rgb(222,133,134)	1.829	None
NEUROG3	FAM46C	0.2205	42.44	0.444	rgb(222,132,133)	1.829	2,2
PAX6	LRFN1	-0.2205	42.44	-4.4E-01	rgb(121,159,234)	1.829	None
PLAG1	POU2F2	0.2205	42.44	0.437	rgb(222,134,134)	1.829	None
SMAD9	GLIS2	0.2205	42.44	0.443	rgb(222,132,133)	1.829	None
TEAD1	LOC100507351	-0.2205	42.44	-4.4E-01	rgb(122,159,234)	1.829	2,2
ZFHX2	PKIA	0.2205	42.44	0.441	rgb(222,133,134)	1.829	None
ASCL1	SAMD11	0.21985	42.43	0.428	rgb(222,135,136)	1.8288	None
ATF5	RYBP	0.21985	42.43	0.425	rgb(222,136,137)	1.8288	None
ETV1	MUC5B	-0.21985	42.43	-4.3E-01	rgb(123,160,233)	1.8288	None
GATA4	NEUROG3	-0.21985	42.43	-4.3E-01	rgb(123,160,233)	1.8288	2,2
HSF2	CBX2	-0.21985	42.43	-4.3E-01	rgb(124,160,233)	1.8288	None
NEUROG3	AK311257	0.21985	42.43	0.432	rgb(222,134,135)	1.8288	2,2
PDX1	MAFB	0.21985	42.43	0.432	rgb(222,134,135)	1.8288	None
SIX2	POU2F2	-0.21985	42.43	-4.3E-01	rgb(123,160,233)	1.8288	None
SIX2	RGS9	-0.21985	42.43	-4.3E-01	rgb(123,160,233)	1.8288	None
CCDC17	LOC100216546	0.21985	42.43	0.433	rgb(222,134,135)	1.8288	2,2
GATA4	IGSF21	0.21921	42.42	0.418	rgb(222,137,138)	1.8286	None
MAFA	SYNM	0.21921	42.42	0.421	rgb(222,137,137)	1.8286	None
NFAT5	SRCIN1	-0.21921	42.42	-4.2E-01	rgb(125,161,233)	1.8286	None
PAX6	AX748379	-0.21921	42.42	-4.2E-01	rgb(126,162,233)	1.8286	2,2
PRDM16	KCNB2	-0.21921	42.42	-4.2E-01	rgb(125,161,233)	1.8286	None
ZNF492	KIF5A	-0.21921	42.42	-4.2E-01	rgb(127,162,233)	1.8286	None
ZBTB25	BC041347	0.21921	42.42	0.416	rgb(222,138,138)	1.8286	2,2
ASCL1	PCSK2	0.21857	42.41	0.412	rgb(222,138,139)	1.8284	None
E2F7	LIN7A	-0.21857	42.41	-4.1E-01	rgb(128,163,233)	1.8284	None
ELF4	AIF1	-0.21857	42.41	-4.1E-01	rgb(129,163,232)	1.8284	None
HIC1	KCTD16	-0.21857	42.41	-4.1E-01	rgb(129,163,232)	1.8284	None
MAFA	JMJD7-PLA2G4B	-0.21857	42.41	-4.1E-01	rgb(127,162,233)	1.8284	None
NKX2-2	LRP3	0.21857	42.41	0.413	rgb(222,138,139)	1.8284	None
PBX3	GOLGA7B	0.21857	42.41	0.409	rgb(221,139,140)	1.8284	None
RFX3	BRS3	0.21857	42.41	0.406	rgb(221,140,140)	1.8284	None
ZNF382	GUCY1A3	-0.21857	42.41	-4.1E-01	rgb(127,162,233)	1.8284	2,2
ZNF492	IFI27	-0.21857	42.41	-4.1E-01	rgb(128,163,233)	1.8284	2,2
ADNP	LINC00842	0.21857	42.41	0.408	rgb(221,139,140)	1.8284	2,2
SETBP1	PCDHB14	0.21857	42.41	0.405	rgb(221,140,140)	1.8284	2,2
ETS1	AK128593	-0.21792	42.4	-4.0E-01	rgb(131,165,232)	1.8282	2,2
ETS1	SLC22A13	0.21792	42.4	0.395	rgb(221,142,142)	1.8282	None
GATA2	ADCY1	0.21792	42.4	0.396	rgb(221,141,142)	1.8282	None
PAX4	TFF2	-0.21792	42.4	-4.0E-01	rgb(130,164,232)	1.8282	None
PRDM16	RAB4B-EGLN2	-0.21792	42.4	-4.0E-01	rgb(130,164,232)	1.8282	None
TEAD2	MAFB	-0.21792	42.4	-4.0E-01	rgb(130,164,232)	1.8282	None
CCDC17	AX746617	0.21792	42.4	0.404	rgb(221,140,141)	1.8282	2,2
ARX	FGF17	-0.21728	42.39	-3.9E-01	rgb(133,166,232)	1.828	None
ARX	HMGB3	-0.21728	42.39	-3.9E-01	rgb(132,165,232)	1.828	None
GATA4	TRIM24	0.21728	42.39	0.386	rgb(221,143,144)	1.828	None
NHLH1	ACTN3	0.21728	42.39	0.395	rgb(221,142,142)	1.828	None
RFX2	POM121L9P	-0.21728	42.39	-3.9E-01	rgb(132,166,232)	1.828	None
SOX4	ANGPT2	0.21728	42.39	0.392	rgb(221,142,143)	1.828	None
ADNP	BC007880	-0.21728	42.39	-3.9E-01	rgb(133,166,232)	1.828	2,2
ARX	FZD4	0.21664	42.38	0.38	rgb(221,144,145)	1.8278	None
HSF2	EVA1A	0.21664	42.38	0.384	rgb(221,144,144)	1.8278	None
HSF2	KCNJ3	-0.21664	42.38	-3.8E-01	rgb(135,167,231)	1.8278	None
ISL1	FLJ00278	0.21664	42.38	0.377	rgb(221,145,146)	1.8278	2,2
ISL1	TSNAX-DISC1	0.21664	42.38	0.376	rgb(221,145,146)	1.8278	None
LMX1A	TMEM132C	-0.21664	42.38	-3.8E-01	rgb(134,167,232)	1.8278	None
MAFA	ATP6V1B1	-0.21664	42.38	-3.8E-01	rgb(135,167,231)	1.8278	None
POU2F2	LIMCH1	-0.21664	42.38	-3.8E-01	rgb(134,166,232)	1.8278	None
PRDM16	FW340027	0.21664	42.38	0.377	rgb(221,145,146)	1.8278	2,2
SMAD9	BGN	0.21664	42.38	0.382	rgb(221,144,145)	1.8278	None
ZNF492	TMPRSS6	-0.21664	42.38	-3.8E-01	rgb(134,166,232)	1.8278	None
SETBP1	HIST2H2BF	0.21664	42.38	0.376	rgb(221,145,146)	1.8278	2,2
E2F7	NR4A3	-0.21599	42.37	-3.7E-01	rgb(136,168,231)	1.8276	None
EGR3	AEBP1	0.21599	42.37	0.373	rgb(221,146,146)	1.8276	None
ELF4	GRAP2	-0.21599	42.37	-3.7E-01	rgb(137,168,231)	1.8276	None
LMX1B	AKT3	0.21599	42.37	0.372	rgb(221,146,147)	1.8276	None
ONECUT3	SUSD4	0.21599	42.37	0.366	rgb(221,147,148)	1.8276	None
PBX3	SH3TC2	0.21599	42.37	0.375	rgb(221,145,146)	1.8276	None
PRDM16	HEPACAM2	-0.21599	42.37	-3.7E-01	rgb(138,169,231)	1.8276	None
RFX3	RNF150	0.21599	42.37	0.367	rgb(221,147,148)	1.8276	None
SIX2	SULT1A4	0.21599	42.37	0.371	rgb(221,146,147)	1.8276	None
SOX4	LINC00494	-0.21599	42.37	-3.7E-01	rgb(136,168,231)	1.8276	None
TEAD1	SLC7A14	-0.21599	42.37	-3.7E-01	rgb(137,168,231)	1.8276	None
ZFHX2	AKR1B1	-0.21599	42.37	-3.7E-01	rgb(137,169,231)	1.8276	None
ZBTB25	LOC100131564	0.21599	42.37	0.37	rgb(221,146,147)	1.8276	2,2
ATF5	PLCE1-AS1	0.21535	42.36	0.362	rgb(221,148,148)	1.8274	2,2
HHEX	AKT3	0.21535	42.36	0.355	rgb(221,149,150)	1.8274	None
HIF1A	G0S2	0.21535	42.36	0.359	rgb(221,148,149)	1.8274	None
INSM1	LOC100996634	0.21535	42.36	0.362	rgb(221,148,149)	1.8274	2,2
NR4A2	CACNA1H	-0.21535	42.36	-3.6E-01	rgb(138,169,231)	1.8274	None
PDX1	SEZ6L	0.21535	42.36	0.356	rgb(221,149,150)	1.8274	None
ZNF382	SMKR1	-0.21535	42.36	-3.6E-01	rgb(139,169,231)	1.8274	None
ZNF117	AK123332	0.21535	42.36	0.364	rgb(221,148,148)	1.8274	2,2
ARX	MDN1	0.21471	42.35	0.348	rgb(221,151,151)	1.8272	None
GATA4	SLC25A53	0.21471	42.35	0.353	rgb(221,150,150)	1.8272	None
PBX3	TEAD1	0.21471	42.35	0.352	rgb(221,150,151)	1.8272	None
PLAG1	P2RX6	-0.21471	42.35	-3.5E-01	rgb(140,170,230)	1.8272	None
SIX2	CACNA1A	0.21471	42.35	0.355	rgb(221,149,150)	1.8272	None
TEAD1	DNAJC12	0.21471	42.35	0.347	rgb(221,151,151)	1.8272	None
TET1	AK027252	-0.21471	42.35	-3.5E-01	rgb(141,171,230)	1.8272	2,2
ZFP82	ELAVL3	0.21471	42.35	0.348	rgb(221,151,151)	1.8272	None
CCDC17	SHISA9	0.21471	42.35	0.35	rgb(221,150,151)	1.8272	2,2
MYT1	GUCY1A3	0.21471	42.35	0.347	rgb(221,151,151)	1.8272	2,2
ZNF514	AK311213	0.21471	42.35	0.354	rgb(221,149,150)	1.8272	2,2
ZNF514	AX746869	0.21471	42.35	0.355	rgb(221,149,150)	1.8272	2,2
E2F7	TSPAN11	-0.21406	42.34	-3.4E-01	rgb(142,172,230)	1.827	None
HIF1A	AX747850	-0.21406	42.34	-3.4E-01	rgb(143,172,230)	1.827	2,2
HIF1A	TPH1	-0.21406	42.34	-3.4E-01	rgb(143,172,230)	1.827	None
HMBOX1	SPOCK3	0.21406	42.34	0.341	rgb(221,152,153)	1.827	None
NEUROD1	MMP2	0.21406	42.34	0.336	rgb(221,153,153)	1.827	None
NEUROG3	PAK7	0.21406	42.34	0.337	rgb(221,153,153)	1.827	2,2
NEUROG3	TCP11X2	0.21406	42.34	0.335	rgb(221,153,154)	1.827	2,2
NKX2-2	PRRT2	-0.21406	42.34	-3.4E-01	rgb(144,172,230)	1.827	None
SPIB	FAM131B	0.21406	42.34	0.341	rgb(221,152,153)	1.827	None
ELF4	DQ588114	0.21342	42.33	0.326	rgb(221,155,155)	1.8268	2,2
FOXD4L5	MEP1B	0.21342	42.33	0.33	rgb(221,154,155)	1.8268	None
MAFF	CACNB4	-0.21342	42.33	-3.3E-01	rgb(146,174,229)	1.8268	None
NR4A2	MUC17	0.21342	42.33	0.329	rgb(221,154,155)	1.8268	None
PBX3	SRSF12	-0.21342	42.33	-3.3E-01	rgb(145,173,230)	1.8268	2,2
PROX1	AK125333	-0.21342	42.33	-3.3E-01	rgb(144,173,230)	1.8268	2,2
SIX2	GOLGA7B	-0.21342	42.33	-3.3E-01	rgb(145,173,230)	1.8268	None
TEAD2	CHD5	-0.21342	42.33	-3.3E-01	rgb(145,173,230)	1.8268	None
ZNF788	AX747639	0.21342	42.33	0.333	rgb(221,153,154)	1.8268	2,2
ARX	STMN2	-0.21278	42.32	-3.2E-01	rgb(147,175,229)	1.8266	None
ASCL2	PCED1B-AS1	-0.21278	42.32	-3.2E-01	rgb(147,174,229)	1.8266	None
ATF5	ANKRD45	0.21278	42.32	0.321	rgb(221,156,156)	1.8266	None
GATA4	LINC00893	-0.21278	42.32	-3.2E-01	rgb(148,175,229)	1.8266	None
ISL1	HGFAC	-0.21278	42.32	-3.2E-01	rgb(147,174,229)	1.8266	None
PDX1	MAPK12	-0.21278	42.32	-3.2E-01	rgb(148,175,229)	1.8266	None
ZNF788	AK096291	0.21278	42.32	0.322	rgb(221,155,156)	1.8266	2,2
ETV1	HMBOX1	-0.21213	42.31	-3.1E-01	rgb(151,177,229)	1.8264	None
NKX2-2	TMEM45A	-0.21213	42.31	-3.1E-01	rgb(150,176,229)	1.8264	None
PBX3	CRISPLD2	0.21213	42.31	0.313	rgb(220,157,158)	1.8264	None
RORC	SST	-0.21213	42.31	-3.1E-01	rgb(151,177,229)	1.8264	None
ETS1	MYO3A	-0.21149	42.3	-3.0E-01	rgb(152,178,228)	1.8262	None
GATA4	SCGN	0.21149	42.3	0.299	rgb(220,160,160)	1.8262	None
HSF2	ADM5	0.21149	42.3	0.299	rgb(220,160,160)	1.8262	None
MAFA	CLCA4	0.21149	42.3	0.296	rgb(220,160,161)	1.8262	None
E2F7	FBN1	-0.21085	42.29	-2.9E-01	rgb(154,179,228)	1.826	2,2
HSF2	MX2	0.21085	42.29	0.289	rgb(220,162,162)	1.826	None
NKX2-2	SUSD2	0.21085	42.29	0.285	rgb(220,163,163)	1.826	None
PBX3	LRFN2	0.21085	42.29	0.285	rgb(220,163,163)	1.826	None
ZNF382	CHST9	-0.21085	42.29	-2.9E-01	rgb(154,179,228)	1.826	2,2
ZNF846	LRRC49	0.21085	42.29	0.288	rgb(220,162,163)	1.826	None
SIM1	ITGA4	0.21085	42.29	0.285	rgb(220,163,163)	1.826	2,2
ZBTB4	AL137655	0.21085	42.29	0.289	rgb(220,162,162)	1.826	2,2
ASCL2	SSTR3	0.2102	42.28	0.276	rgb(220,164,165)	1.8258	None
GATA4	MRPL34	-0.2102	42.28	-2.8E-01	rgb(157,180,228)	1.8258	None
LMX1B	KAT2B	-0.2102	42.28	-2.8E-01	rgb(156,180,228)	1.8258	None
NR4A3	ZFP2	-0.2102	42.28	-2.8E-01	rgb(156,180,228)	1.8258	None
ONECUT1	ANKRD36C	0.2102	42.28	0.282	rgb(220,163,164)	1.8258	None
PROX1	RGS14	0.2102	42.28	0.281	rgb(220,163,164)	1.8258	None
RFX6	AK095045	0.2102	42.28	0.277	rgb(220,164,165)	1.8258	2,2
ARX	SBK1	-0.20956	42.27	-2.7E-01	rgb(159,182,227)	1.8256	None
FEV	CREBRF	-0.20956	42.27	-2.7E-01	rgb(158,181,227)	1.8256	None
LMX1B	ARL4D	0.20956	42.27	0.274	rgb(220,165,165)	1.8256	None
LMX1B	PLEKHO1	0.20956	42.27	0.27	rgb(220,165,166)	1.8256	None
NEUROD1	NOTUM	-0.20956	42.27	-2.7E-01	rgb(159,182,227)	1.8256	None
NKX2-2	CTXN1	0.20956	42.27	0.275	rgb(220,165,165)	1.8256	None
PROX1	SPOCK3	-0.20956	42.27	-2.7E-01	rgb(159,182,227)	1.8256	None
TFCP2L1	OLFML2B	0.20956	42.27	0.272	rgb(220,165,166)	1.8256	None
ZNF492	TRIM66	-0.20956	42.27	-2.7E-01	rgb(158,181,227)	1.8256	None
LMX1B	TSIX	-0.20892	42.26	-2.6E-01	rgb(161,183,227)	1.8254	2,2
MAFF	MYEF2	-0.20892	42.26	-2.6E-01	rgb(161,183,227)	1.8254	None
ONECUT3	AMBP	-0.20892	42.26	-2.6E-01	rgb(161,183,227)	1.8254	None
PAX4	PLEKHB1	0.20892	42.26	0.264	rgb(220,167,167)	1.8254	None
PAX6	STRC	-0.20892	42.26	-2.6E-01	rgb(160,182,227)	1.8254	None
PDX1	NFASC	0.20892	42.26	0.258	rgb(220,168,168)	1.8254	None
TET1	DPYSL4	-0.20892	42.26	-2.6E-01	rgb(161,183,227)	1.8254	None
ASCL1	GDAP1L1	0.20827	42.25	0.254	rgb(220,168,169)	1.8252	2,2
ETV1	ANKRD65	0.20827	42.25	0.25	rgb(220,169,170)	1.8252	None
GATA2	GPR162	0.20827	42.25	0.246	rgb(220,170,170)	1.8252	None
LHX1	NOL4	0.20827	42.25	0.252	rgb(220,169,169)	1.8252	None
MAFB	LHFPL4	0.20827	42.25	0.254	rgb(220,169,169)	1.8252	None
MYRF	SPDYE6	-0.20827	42.25	-2.5E-01	rgb(162,184,227)	1.8252	2,2
NEUROG3	DPYSL3	0.20827	42.25	0.247	rgb(220,170,170)	1.8252	None
ONECUT2	KCNK3	-0.20827	42.25	-2.5E-01	rgb(162,183,227)	1.8252	None
PBX3	SH3BP5-AS1	-0.20827	42.25	-2.5E-01	rgb(163,184,226)	1.8252	None
ZNF382	KCNA6	-0.20827	42.25	-2.5E-01	rgb(162,184,227)	1.8252	2,2
CCDC17	HBT8	0.20827	42.25	0.251	rgb(220,169,170)	1.8252	2,2
DACH1	BC041484	0.20827	42.25	0.254	rgb(220,169,169)	1.8252	2,2
ARX	PROX1	0.20763	42.24	0.243	rgb(220,171,171)	1.825	None
ARX	TUBB2B	-0.20763	42.24	-2.4E-01	rgb(165,186,226)	1.825	None
ELF4	PRKCG	0.20763	42.24	0.235	rgb(220,172,173)	1.825	None
LMX1A	CD37	-0.20763	42.24	-2.4E-01	rgb(164,185,226)	1.825	None
RFX6	MAFA	0.20763	42.24	0.244	rgb(220,170,171)	1.825	None
RFX6	PAX4	0.20763	42.24	0.24	rgb(220,171,172)	1.825	2,2
TFCP2L1	ANKRD36C	-0.20763	42.24	-2.4E-01	rgb(166,186,226)	1.825	None
ZFHX2	NEGR1	0.20763	42.24	0.236	rgb(220,172,172)	1.825	None
LMX1B	AX747850	-0.20699	42.23	-2.3E-01	rgb(167,187,226)	1.8248	2,2
LMX1B	STRC	-0.20699	42.23	-2.3E-01	rgb(167,187,226)	1.8248	None
PBX1	YPEL1	-0.20699	42.23	-2.3E-01	rgb(167,187,226)	1.8248	None
TEAD1	MMP2	-0.20699	42.23	-2.3E-01	rgb(167,187,226)	1.8248	None
TFCP2L1	RGS16	0.20699	42.23	0.228	rgb(220,174,174)	1.8248	None
AKNA	AK025511	-0.20699	42.23	-2.3E-01	rgb(167,187,226)	1.8248	2,2
ARX	STK33	-0.20634	42.22	-2.2E-01	rgb(169,188,225)	1.8246	None
ELF4	DQ571357	0.20634	42.22	0.217	rgb(219,176,176)	1.8246	2,2
GATA2	LIN7A	0.20634	42.22	0.224	rgb(219,174,175)	1.8246	None
LMX1B	CYP27C1	0.20634	42.22	0.224	rgb(219,174,175)	1.8246	None
LMX1B	JMJD1C-AS1	-0.20634	42.22	-2.2E-01	rgb(169,188,225)	1.8246	None
LMX1B	LRRC36	0.20634	42.22	0.22	rgb(219,175,175)	1.8246	None
MAFF	KCNE4	-0.20634	42.22	-2.2E-01	rgb(169,188,225)	1.8246	None
TP73	SLC14A1	0.20634	42.22	0.224	rgb(219,174,175)	1.8246	None
ARNT2	CCDC86	-0.2057	42.21	-2.1E-01	rgb(172,190,225)	1.8244	None
GATA4	IRF2BP1	0.2057	42.21	0.206	rgb(219,178,178)	1.8244	None
LMX1B	CD70	-0.2057	42.21	-2.1E-01	rgb(172,189,225)	1.8244	None
LMX1B	ZNF514	-0.2057	42.21	-2.1E-01	rgb(172,189,225)	1.8244	None
MYRF	LOC646214	-0.2057	42.21	-2.1E-01	rgb(171,189,225)	1.8244	2,2
PAX6	LTBP2	-0.2057	42.21	-2.1E-01	rgb(172,190,225)	1.8244	None
PRDM16	FAM71E2	0.2057	42.21	0.212	rgb(219,176,177)	1.8244	None
PROX1	S100G	-0.2057	42.21	-2.1E-01	rgb(172,190,225)	1.8244	2,2
ZFHX2	GABRE	0.2057	42.21	0.208	rgb(219,177,178)	1.8244	None
ZBTB25	FW340027	0.2057	42.21	0.207	rgb(219,178,178)	1.8244	2,2
ETV1	AHNAK	-0.20506	42.2	-2.0E-01	rgb(173,190,225)	1.8242	None
FOXA1	CLIP3	0.20506	42.2	0.205	rgb(219,178,178)	1.8242	None
HHEX	AX746995	0.20506	42.2	0.198	rgb(219,179,180)	1.8242	2,2
MAFA	SYNGR3	0.20506	42.2	0.197	rgb(219,179,180)	1.8242	None
NKX2-2	THBS4	-0.20506	42.2	-2.0E-01	rgb(175,191,224)	1.8242	None
ST18	SESN2	-0.20506	42.2	-2.0E-01	rgb(174,191,225)	1.8242	None
ZNF788	PLGLB2	0.20506	42.2	0.197	rgb(219,179,180)	1.8242	2,2
ARNT2	DPYSL4	0.20441	42.19	0.189	rgb(219,181,181)	1.824	None
ETV1	SEMA6B	0.20441	42.19	0.189	rgb(219,181,181)	1.824	None
LMX1A	CCR6	-0.20441	42.19	-1.9E-01	rgb(175,192,224)	1.824	None
NHLH1	GRHL3	-0.20441	42.19	-1.9E-01	rgb(175,191,224)	1.824	None
ZFHX2	ZBTB25	0.20441	42.19	0.188	rgb(219,181,182)	1.824	None
GATA4	JPH4	0.20377	42.18	0.18	rgb(219,183,183)	1.8238	None
PAX6	AEBP1	0.20377	42.18	0.176	rgb(219,183,184)	1.8238	None
POU5F1	TTBK1	0.20377	42.18	0.175	rgb(219,183,184)	1.8238	None
RFX3	ITGA7	0.20377	42.18	0.176	rgb(219,183,184)	1.8238	None
ZFHX2	CENPE	-0.20377	42.18	-1.8E-01	rgb(178,193,224)	1.8238	None
ZNF519	AK293147	-0.20377	42.18	-1.8E-01	rgb(177,193,224)	1.8238	2,2
ZFP62	CR627394	0.20377	42.18	0.176	rgb(219,183,184)	1.8238	2,2
FEV	PRKXP1	-0.20313	42.17	-1.7E-01	rgb(180,195,223)	1.8236	None
INSM1	SLC25A34	-0.20313	42.17	-1.7E-01	rgb(179,194,224)	1.8236	None
SIX2	CLCA1	0.20313	42.17	0.17	rgb(219,184,185)	1.8236	None
SIX2	LRRC49	-0.20313	42.17	-1.7E-01	rgb(180,195,223)	1.8236	None
NPAS3	ARX	0.20313	42.17	0.17	rgb(219,184,185)	1.8236	2,2
EGR3	WWC2-AS2	0.20249	42.16	0.165	rgb(219,186,186)	1.8234	None
ELF4	SH3TC2	-0.20249	42.16	-1.6E-01	rgb(183,196,223)	1.8234	None
FOXA1	CFC1	0.20249	42.16	0.16	rgb(219,186,187)	1.8234	None
HSF2	CLSTN2	-0.20249	42.16	-1.6E-01	rgb(182,196,223)	1.8234	None
RORC	MAFF	0.20249	42.16	0.157	rgb(219,187,187)	1.8234	None
CCDC17	AK091624	0.20249	42.16	0.157	rgb(219,187,187)	1.8234	2,2
ASCL1	GABRA1	0.20184	42.15	0.149	rgb(219,189,189)	1.8232	2,2
EGR3	FAM46C	0.20184	42.15	0.146	rgb(219,189,189)	1.8232	2,2
EGR3	PDGFD	0.20184	42.15	0.148	rgb(219,189,189)	1.8232	None
GATA4	MMRN1	0.20184	42.15	0.151	rgb(219,188,188)	1.8232	None
HIF1A	BC053580	-0.20184	42.15	-1.5E-01	rgb(185,198,223)	1.8232	2,2
LHX1	ATP13A4	0.20184	42.15	0.155	rgb(219,187,188)	1.8232	None
LMX1A	CBX7	-0.20184	42.15	-1.5E-01	rgb(185,197,223)	1.8232	None
LMX1B	SLC30A8	0.20184	42.15	0.146	rgb(219,189,189)	1.8232	None
LMX1B	SYP	0.20184	42.15	0.149	rgb(219,188,189)	1.8232	None
MAFA	SMARCA1	-0.20184	42.15	-1.5E-01	rgb(184,197,223)	1.8232	None
MLXIPL	JPH4	-0.20184	42.15	-1.5E-01	rgb(184,197,223)	1.8232	None
RFX3	SSTR1	0.20184	42.15	0.155	rgb(219,187,188)	1.8232	None
TFCP2L1	MSI1	0.20184	42.15	0.151	rgb(219,188,188)	1.8232	None
ADNP	AK128361	-0.20184	42.15	-1.5E-01	rgb(184,197,223)	1.8232	2,2
ASCL1	FAT3	0.2012	42.14	0.139	rgb(219,191,191)	1.823	None
EGR3	CACNA2D1	0.2012	42.14	0.14	rgb(219,190,191)	1.823	None
EGR3	SCN1B	-0.2012	42.14	-1.4E-01	rgb(187,199,222)	1.823	None
ASCL1	SYNM	0.20056	42.13	0.131	rgb(218,192,192)	1.8228	None
LHX1	FAM227A	-0.20056	42.13	-1.3E-01	rgb(190,200,222)	1.8228	None
LHX1	HOPX	-0.20056	42.13	-1.3E-01	rgb(188,200,222)	1.8228	None
MLXIPL	UNC93A	0.19991	42.12	0.12	rgb(218,194,194)	1.8226	None
NKX2-2	MIR137HG	0.19991	42.12	0.124	rgb(218,193,194)	1.8226	None
ONECUT3	SDK1	-0.19991	42.12	-1.2E-01	rgb(191,201,222)	1.8226	None
POU6F1	AX747850	0.19991	42.12	0.115	rgb(218,195,195)	1.8226	2,2
PRDM16	TMEM212	-0.19991	42.12	-1.2E-01	rgb(191,201,222)	1.8226	None
HIF1A	KCNJ6	-0.19927	42.11	-1.1E-01	rgb(193,202,221)	1.8224	None
TP73	SRCIN1	0.19927	42.11	0.11	rgb(218,196,196)	1.8224	None
EGR3	GDF1	-0.19863	42.1	-9.9E-02	rgb(196,204,221)	1.8222	None
FOXA1	FAM167A	0.19863	42.1	0.098	rgb(218,198,198)	1.8222	None
NKX6-1	DKFZP434K028	0.19863	42.1	0.103	rgb(218,197,198)	1.8222	2,2
ARX	MAP1B	0.19798	42.09	0.095	rgb(218,199,199)	1.822	None
PBX3	TMEM189-UBE2V1	0.19798	42.09	0.088	rgb(218,200,200)	1.822	None
FOXD4L5	DRD2	0.19734	42.08	0.08	rgb(218,202,202)	1.8218	None
HLF	AK127443	-0.19734	42.08	-8.3E-02	rgb(199,206,220)	1.8218	2,2
LMX1B	PAPPA2	-0.19734	42.08	-8.0E-02	rgb(200,206,220)	1.8218	None
ZNF492	GOLGA8B	0.19734	42.08	0.084	rgb(218,201,201)	1.8218	None
ZNF846	HSPA6	0.19734	42.08	0.083	rgb(218,201,201)	1.8218	None
FEV	SYN1	0.1967	42.07	0.066	rgb(218,204,205)	1.8216	None
ZFHX2	ANKS1B	-0.1967	42.07	-6.9E-02	rgb(202,208,220)	1.8216	None
ZNF846	CCDC181	-0.1967	42.07	-7.0E-02	rgb(202,208,220)	1.8216	None
GATA4	TMEM189-UBE2V1	0.19605	42.06	0.057	rgb(218,206,206)	1.8214	None
PBX3	KAT2B	0.19605	42.06	0.061	rgb(218,205,205)	1.8214	None
PRDM16	DLC1	0.19605	42.06	0.057	rgb(218,206,206)	1.8214	None
HSF2	RPRML	0.19541	42.05	0.05	rgb(218,207,208)	1.8212	None
RORC	SFTPA2	0.19541	42.05	0.052	rgb(218,207,207)	1.8212	None
ZFP82	CENPE	0.19541	42.05	0.049	rgb(218,208,208)	1.8212	None
LMX1B	DNAH14	0.19477	42.04	0.04	rgb(217,209,209)	1.821	None
NEUROD2	SDK2	-0.19477	42.04	-3.9E-02	rgb(208,212,218)	1.821	None
PAX6	MX1	0.19477	42.04	0.042	rgb(217,209,209)	1.821	None
PDX1	CRIP1	-0.19477	42.04	-4.1E-02	rgb(208,212,219)	1.821	None
PRDM16	OGFRL1	-0.19477	42.04	-4.2E-02	rgb(208,211,219)	1.821	None
RFX3	MYBPC2	-0.19477	42.04	-3.7E-02	rgb(209,212,218)	1.821	None
TEAD1	SCGB1A1	-0.19477	42.04	-3.9E-02	rgb(208,212,218)	1.821	None
ZNF846	SMARCC1	0.19477	42.04	0.042	rgb(217,209,209)	1.821	None
FOXA2	FCAMR	0.19412	42.03	0.03	rgb(217,211,211)	1.8208	None
NHLH1	CDKN1C	-0.19412	42.03	-2.5E-02	rgb(211,214,218)	1.8208	None
ETS1	CCDC125	-0.19348	42.02	-2.2E-02	rgb(212,214,218)	1.8206	None
ETV1	STARD8	-0.19348	42.02	-2.2E-02	rgb(212,214,218)	1.8206	None
FOXA1	ACTL6B	0.19348	42.02	0.017	rgb(217,214,214)	1.8206	None
FOXJ1	ALAS2	-0.19348	42.02	-2.0E-02	rgb(213,214,218)	1.8206	None
NKX6-1	PCSK1	0.19348	42.02	0.018	rgb(217,214,214)	1.8206	None
POU5F1	PNMAL1	-0.19284	42.01	-1.4E-02	rgb(214,215,218)	1.8204	2,2
PAX4	ABCC4	0.19219	41.87	0.872	rgb(227, 50, 52)	1.8176	None
ONECUT2	PEX5L	-0.19156	41.82	-8.2E-01	rgb( 40,109,248)	1.8166	None
ZNF846	LOC399744	-0.19156	41.82	-8.2E-01	rgb( 38,108,248)	1.8166	2,2
ZNF117	HNRNPU-AS1	0.19093	41.81	0.811	rgb(226, 62, 64)	1.8164	2,2
ETS1	LINC00930	0.19029	41.8	0.8	rgb(226, 64, 66)	1.8162	2,2
FOXA1	MPP2	0.18966	41.79	0.791	rgb(226, 66, 67)	1.816	None
FOXD4L5	SMARCD2	-0.18966	41.79	-7.9E-01	rgb( 46,113,247)	1.816	None
MAFA	STX1A	0.18902	41.78	0.785	rgb(226, 67, 69)	1.8158	None
HSF2	COL16A1	0.18839	41.77	0.772	rgb(225, 70, 71)	1.8156	None
PRDM16	AK311257	0.18839	41.77	0.765	rgb(225, 71, 72)	1.8156	2,2
NPAS3	UNC13A	0.18839	41.77	0.769	rgb(225, 70, 72)	1.8156	2,2
NR4A3	COL1A2	-0.18776	41.76	-7.6E-01	rgb( 52,116,246)	1.8154	None
ETS1	AK097143	-0.18712	41.75	-7.5E-01	rgb( 53,117,246)	1.8152	2,2
FOXD4L5	SPINK4	-0.18712	41.75	-7.5E-01	rgb( 55,118,245)	1.8152	None
FOXP2	UNC80	-0.18649	41.74	-7.4E-01	rgb( 57,119,245)	1.815	None
ZNF382	EPHA8	-0.18649	41.74	-7.4E-01	rgb( 56,119,245)	1.815	2,2
GATA2	PAM	0.18586	41.73	0.73	rgb(225, 78, 79)	1.8148	None
HEYL	PCDH17	-0.18586	41.73	-7.3E-01	rgb( 60,121,245)	1.8148	2,2
MLXIPL	AX747590	-0.18586	41.73	-7.3E-01	rgb( 58,120,245)	1.8148	2,2
NHLH1	FUT7	0.18586	41.73	0.732	rgb(225, 77, 79)	1.8148	None
PBX1	SLC38A3	0.18586	41.73	0.729	rgb(225, 78, 79)	1.8148	None
MAFA	RNF157-AS1	0.18522	41.72	0.724	rgb(225, 79, 80)	1.8146	None
NEUROD2	CACNA1G	0.18522	41.72	0.717	rgb(225, 80, 81)	1.8146	None
ZFHX2	ATP13A4	0.18522	41.72	0.717	rgb(225, 80, 82)	1.8146	None
ZNF883	AK097143	0.18522	41.72	0.719	rgb(225, 80, 81)	1.8146	2,2
ETS1	CCDC39	-0.18459	41.71	-7.1E-01	rgb( 64,124,244)	1.8144	None
FEV	MAPK8IP1	0.18459	41.71	0.709	rgb(225, 82, 83)	1.8144	None
GATA2	UTY	0.18459	41.71	0.706	rgb(225, 82, 84)	1.8144	None
HEY1	AK055017	-0.18395	41.7	-7.0E-01	rgb( 65,125,244)	1.8142	2,2
NEUROD1	TPGS1	-0.18395	41.7	-7.0E-01	rgb( 65,125,244)	1.8142	None
ONECUT3	MPP2	0.18395	41.7	0.701	rgb(225, 83, 84)	1.8142	None
TGIF2	NFASC	0.18395	41.7	0.702	rgb(225, 83, 84)	1.8142	None
ARX	SPRED3	-0.18332	41.69	-6.9E-01	rgb( 68,126,243)	1.814	None
MAFB	FGF17	-0.18332	41.69	-6.9E-01	rgb( 68,126,243)	1.814	None
ST18	AK055257	0.18332	41.69	0.686	rgb(225, 86, 87)	1.814	2,2
ONECUT1	TNFSF14	0.18269	41.68	0.68	rgb(224, 87, 88)	1.8138	2,2
ONECUT3	PKIA	0.18269	41.68	0.678	rgb(224, 88, 89)	1.8138	None
POU5F1	CD96	0.18269	41.68	0.68	rgb(224, 87, 89)	1.8138	None
RFX6	TTC25	0.18269	41.68	0.684	rgb(225, 86, 88)	1.8138	None
ZNF382	HIC1	-0.18269	41.68	-6.8E-01	rgb( 68,127,243)	1.8138	None
FOXJ1	ABCA9	-0.18205	41.67	-6.7E-01	rgb( 72,129,242)	1.8136	None
GATA2	CDKN1A	0.18205	41.67	0.673	rgb(224, 88, 90)	1.8136	None
NR4A3	NRXN2	0.18205	41.67	0.673	rgb(224, 88, 90)	1.8136	None
CSRNP3	CLCN4	0.18205	41.67	0.668	rgb(224, 89, 91)	1.8136	2,2
HEYL	LOC728392	-0.18142	41.66	-6.6E-01	rgb( 75,131,242)	1.8134	2,2
LMX1A	ZCCHC18	-0.18142	41.66	-6.6E-01	rgb( 73,129,242)	1.8134	None
MAFA	PAX6	0.18142	41.66	0.663	rgb(224, 90, 92)	1.8134	None
NEUROD1	CHRNB4	0.18142	41.66	0.655	rgb(224, 92, 93)	1.8134	None
PAX6	FGF9	0.18142	41.66	0.659	rgb(224, 91, 92)	1.8134	None
SPIB	SPAG8	-0.18142	41.66	-6.6E-01	rgb( 74,130,242)	1.8134	None
TEAD2	GPC2	0.18142	41.66	0.657	rgb(224, 92, 93)	1.8134	None
ARX	RGS16	0.18078	41.65	0.646	rgb(224, 94, 95)	1.8132	None
ATF6	SCG2	0.18078	41.65	0.651	rgb(224, 93, 94)	1.8132	None
TEAD1	ITPR1	-0.18078	41.65	-6.5E-01	rgb( 76,131,242)	1.8132	None
MYT1	ONECUT1	0.18078	41.65	0.648	rgb(224, 93, 94)	1.8132	2,2
ASCL1	LINC00617	0.18015	41.64	0.64	rgb(224, 95, 96)	1.813	2,2
ELF4	PRRT3	-0.18015	41.64	-6.4E-01	rgb( 78,132,241)	1.813	None
ETS1	SYT2	-0.18015	41.64	-6.4E-01	rgb( 79,133,241)	1.813	None
ONECUT1	LOC284581	0.18015	41.64	0.642	rgb(224, 94, 96)	1.813	2,2
PDX1	DKK3	-0.18015	41.64	-6.4E-01	rgb( 78,132,241)	1.813	None
TEAD1	MPP1	-0.18015	41.64	-6.4E-01	rgb( 79,133,241)	1.813	None
ASCL1	MX2	-0.17952	41.63	-6.3E-01	rgb( 80,133,241)	1.8128	None
ASCL2	PHGR1	0.17952	41.63	0.627	rgb(224, 97, 99)	1.8128	None
GATA4	AK5	0.17952	41.63	0.625	rgb(224, 98, 99)	1.8128	None
LMX1A	SAMD14	-0.17952	41.63	-6.3E-01	rgb( 81,134,241)	1.8128	None
RORC	APLP1	-0.17952	41.63	-6.3E-01	rgb( 80,133,241)	1.8128	None
SOX4	HMGB3	0.17952	41.63	0.633	rgb(224, 96, 97)	1.8128	None
ZFP82	HNRPF	-0.17952	41.63	-6.3E-01	rgb( 79,133,241)	1.8128	2,2
CSRNP3	SST	0.17952	41.63	0.635	rgb(224, 96, 97)	1.8128	2,2
SIM1	DACT1	0.17952	41.63	0.628	rgb(224, 97, 98)	1.8128	2,2
ARX	LAPTM5	-0.17888	41.62	-6.2E-01	rgb( 82,135,241)	1.8126	None
HSF2	SULT1A4	0.17888	41.62	0.619	rgb(224, 99,100)	1.8126	None
LMX1B	TRPC6	-0.17888	41.62	-6.2E-01	rgb( 82,135,241)	1.8126	None
NEUROD2	DDC	0.17888	41.62	0.618	rgb(224, 99,100)	1.8126	None
NR4A3	KLHL32	-0.17888	41.62	-6.2E-01	rgb( 82,135,241)	1.8126	None
SMAD9	LZTS1	0.17888	41.62	0.618	rgb(224, 99,100)	1.8126	None
KCNIP3	CCNA1	0.17888	41.62	0.616	rgb(224, 99,101)	1.8126	2,2
ASCL1	DPYSL4	-0.17825	41.61	-6.1E-01	rgb( 84,136,240)	1.8124	None
SOX4	COLQ	-0.17825	41.61	-6.1E-01	rgb( 84,136,240)	1.8124	None
ZNF519	CRIP2	-0.17825	41.61	-6.1E-01	rgb( 85,136,240)	1.8124	None
ETS1	IL17C	0.17762	41.6	0.6	rgb(224,102,104)	1.8122	None
FEV	PCSK2	0.17762	41.6	0.601	rgb(224,102,103)	1.8122	None
GATA4	MAP2	0.17762	41.6	0.598	rgb(224,103,104)	1.8122	None
HIF1A	LOC100130000	-0.17762	41.6	-6.0E-01	rgb( 87,138,240)	1.8122	2,2
MAFA	SERPINA10	0.17762	41.6	0.601	rgb(224,102,103)	1.8122	None
NKX2-2	SPARC	0.17762	41.6	0.602	rgb(224,102,103)	1.8122	None
NR4A3	RTEL1	0.17762	41.6	0.601	rgb(224,102,103)	1.8122	None
POU2F2	BTBD11	-0.17762	41.6	-6.0E-01	rgb( 87,138,240)	1.8122	None
RFX2	FAM92B	0.17762	41.6	0.599	rgb(224,103,104)	1.8122	None
SPIB	CACNG6	0.17762	41.6	0.603	rgb(224,102,103)	1.8122	None
ZNF846	VOPP1	0.17762	41.6	0.604	rgb(224,102,103)	1.8122	None
FOXD4L5	MIR137HG	0.17698	41.59	0.586	rgb(223,105,106)	1.812	None
GATA4	HIF1A-AS2	-0.17698	41.59	-5.9E-01	rgb( 88,138,240)	1.812	2,2
NKX6-1	ABCC8	0.17698	41.59	0.589	rgb(223,104,106)	1.812	None
SPIB	TBC1D8B	-0.17698	41.59	-5.9E-01	rgb( 90,139,239)	1.812	None
ZNF382	FLJ31662	-0.17698	41.59	-5.9E-01	rgb( 89,139,239)	1.812	2,2
ZNF519	ARC	0.17698	41.59	0.591	rgb(223,104,105)	1.812	None
ZNF846	LSAMP	-0.17698	41.59	-5.9E-01	rgb( 88,139,240)	1.812	None
MYSM1	ANKRD36	0.17698	41.59	0.593	rgb(224,104,105)	1.812	2,2
ZNF514	BC019672	0.17698	41.59	0.593	rgb(224,104,105)	1.812	2,2
ETV1	DACH1	0.17635	41.58	0.585	rgb(223,105,106)	1.8118	None
HES4	NEUROG3	0.17635	41.58	0.579	rgb(223,106,108)	1.8118	2,2
LMX1B	LOC100652999	-0.17635	41.58	-5.8E-01	rgb( 92,141,239)	1.8118	2,2
PBX3	NTRK2	-0.17635	41.58	-5.8E-01	rgb( 90,140,239)	1.8118	None
PDX1	IFI44	-0.17635	41.58	-5.8E-01	rgb( 91,141,239)	1.8118	None
SIX2	MYT1	0.17635	41.58	0.584	rgb(223,106,107)	1.8118	None
ZNF846	AL137655	-0.17635	41.58	-5.8E-01	rgb( 92,141,239)	1.8118	2,2
FEV	EFCC1	0.17571	41.57	0.572	rgb(223,108,109)	1.8116	None
SIX2	ADAMTS2	0.17571	41.57	0.57	rgb(223,108,109)	1.8116	2,2
ZNF492	NR4A2	-0.17571	41.57	-5.7E-01	rgb( 93,142,239)	1.8116	None
ZNF846	KSR2	-0.17571	41.57	-5.7E-01	rgb( 93,142,239)	1.8116	None
ARX	NEK10	-0.17508	41.56	-5.6E-01	rgb( 95,143,238)	1.8114	None
E2F7	CHRNA5	0.17508	41.56	0.555	rgb(223,111,112)	1.8114	None
LMX1B	FAM227A	-0.17508	41.56	-5.6E-01	rgb( 95,143,238)	1.8114	None
LTF	AK027332	-0.17508	41.56	-5.6E-01	rgb( 96,144,238)	1.8114	2,2
TGIF2	MUC3A	0.17508	41.56	0.56	rgb(223,110,111)	1.8114	2,2
CCDC17	CSH2	-0.17508	41.56	-5.6E-01	rgb( 96,144,238)	1.8114	2,2
CCDC17	ZFP92	-0.17508	41.56	-5.6E-01	rgb( 95,143,238)	1.8114	2,2
ARX	ASRGL1	0.17445	41.55	0.55	rgb(223,112,113)	1.8112	None
LMX1B	GSTA2	0.17445	41.55	0.552	rgb(223,112,113)	1.8112	None
PDX1	SMAD9	0.17445	41.55	0.553	rgb(223,111,112)	1.8112	None
PLAG1	KLHL32	-0.17445	41.55	-5.5E-01	rgb( 98,145,238)	1.8112	None
PRDM16	VOPP1	0.17445	41.55	0.553	rgb(223,111,113)	1.8112	None
SOX4	MYBPC2	0.17445	41.55	0.553	rgb(223,111,113)	1.8112	None
TEAD2	CITED4	0.17445	41.55	0.547	rgb(223,113,114)	1.8112	None
ZFHX2	COL22A1	0.17445	41.55	0.549	rgb(223,112,113)	1.8112	None
CCDC17	AK316321	-0.17445	41.55	-5.5E-01	rgb( 97,144,238)	1.8112	2,2
ZNF514	AX747535	0.17445	41.55	0.547	rgb(223,112,114)	1.8112	2,2
LHX1	TTC18	0.17381	41.54	0.538	rgb(223,114,115)	1.811	2,2
MAFA	KRT4	0.17381	41.54	0.537	rgb(223,114,115)	1.811	None
NEUROG3	UBE2Q2P1	0.17381	41.54	0.539	rgb(223,114,115)	1.811	2,2
NR4A2	IGFN1	-0.17381	41.54	-5.4E-01	rgb(100,146,237)	1.811	None
TEAD1	AIF1	0.17381	41.54	0.543	rgb(223,113,114)	1.811	None
TFCP2L1	AK024248	-0.17381	41.54	-5.4E-01	rgb(100,146,238)	1.811	2,2
ZNF382	AK054990	-0.17381	41.54	-5.4E-01	rgb( 99,145,238)	1.811	2,2
ZNF846	KCNC1	-0.17381	41.54	-5.4E-01	rgb( 99,146,238)	1.811	None
ELF4	WNT9A	-0.17318	41.53	-5.3E-01	rgb(101,147,237)	1.8108	None
GATA4	MAP6	0.17318	41.53	0.533	rgb(223,115,116)	1.8108	None
HMBOX1	SMOC1	0.17318	41.53	0.531	rgb(223,116,117)	1.8108	None
ISL1	STARD4-AS1	0.17318	41.53	0.535	rgb(223,115,116)	1.8108	None
TFCP2L1	VAV3	-0.17318	41.53	-5.3E-01	rgb(102,147,237)	1.8108	None
ZNF846	CEND1	-0.17318	41.53	-5.3E-01	rgb(103,148,237)	1.8108	None
ARX	KCNC1	0.17255	41.52	0.516	rgb(223,118,119)	1.8106	None
EGR3	LSAMP	0.17255	41.52	0.517	rgb(223,118,119)	1.8106	None
HSF2	B3GNTL1	0.17255	41.52	0.521	rgb(223,117,118)	1.8106	None
HSF2	MAP3K12	-0.17255	41.52	-5.2E-01	rgb(105,149,237)	1.8106	None
MAFB	AVPR1B	-0.17255	41.52	-5.2E-01	rgb(104,148,237)	1.8106	None
MAFF	TSNAX-DISC1	0.17255	41.52	0.516	rgb(223,118,119)	1.8106	None
AKNA	E10222	-0.17255	41.52	-5.2E-01	rgb(104,148,237)	1.8106	2,2
SIM1	FAM101B	0.17255	41.52	0.517	rgb(223,118,119)	1.8106	2,2
ZNF117	TAS2R20	0.17255	41.52	0.522	rgb(223,117,118)	1.8106	2,2
ATF6	ADORA2A	0.17191	41.51	0.506	rgb(223,120,121)	1.8104	2,2
ETS1	LTBP2	0.17191	41.51	0.513	rgb(223,119,120)	1.8104	None
GATA2	CLCNKA	-0.17191	41.51	-5.1E-01	rgb(107,150,236)	1.8104	None
HIC1	HNF1A-AS1	-0.17191	41.51	-5.1E-01	rgb(106,149,237)	1.8104	None
HMBOX1	CALY	0.17191	41.51	0.51	rgb(223,120,121)	1.8104	None
PAX4	ASIC1	0.17191	41.51	0.509	rgb(223,120,121)	1.8104	None
PBX1	FMN2	0.17191	41.51	0.509	rgb(223,120,121)	1.8104	None
SIX2	MINOS1-NBL1	0.17191	41.51	0.508	rgb(223,120,121)	1.8104	2,2
ZFHX2	CDRT4	0.17191	41.51	0.511	rgb(223,119,120)	1.8104	None
CSRNP3	AK092380	0.17191	41.51	0.513	rgb(223,119,120)	1.8104	2,2
HSF2	COL14A1	-0.17128	41.5	-5.0E-01	rgb(109,152,236)	1.8102	None
LHX1	FAM13A-AS1	0.17128	41.5	0.496	rgb(222,122,123)	1.8102	None
NEUROG3	USP13	0.17128	41.5	0.5	rgb(222,122,123)	1.8102	None
ONECUT3	ADNP	-0.17128	41.5	-5.0E-01	rgb(110,152,236)	1.8102	None
PROX1	GUCY1B3	-0.17128	41.5	-5.0E-01	rgb(108,151,236)	1.8102	2,2
PROX1	TCP11X2	0.17128	41.5	0.497	rgb(222,122,123)	1.8102	2,2
SIX2	CTNND1	0.17128	41.5	0.499	rgb(222,122,123)	1.8102	None
TFCP2L1	PLCL1	0.17128	41.5	0.498	rgb(222,122,123)	1.8102	None
AEBP1	HLA-DQA2	0.17128	41.5	0.5	rgb(222,122,123)	1.8102	2,2
ARX	RASAL1	0.17064	41.49	0.49	rgb(222,123,124)	1.81	None
ETV1	IGFN1	0.17064	41.49	0.491	rgb(222,123,124)	1.81	None
FOXA1	JMJD1C-AS1	-0.17064	41.49	-4.9E-01	rgb(111,152,236)	1.81	None
HEYL	NCAM1	-0.17064	41.49	-4.9E-01	rgb(111,153,236)	1.81	2,2
LMX1B	LRAT	-0.17064	41.49	-4.9E-01	rgb(110,152,236)	1.81	None
MAFA	CACNG6	0.17064	41.49	0.493	rgb(222,123,124)	1.81	None
PBX3	GLUD1P3	0.17064	41.49	0.486	rgb(222,124,125)	1.81	None
PROX1	CDHR1	0.17064	41.49	0.492	rgb(222,123,124)	1.81	2,2
SIX2	DNAH11	-0.17064	41.49	-4.9E-01	rgb(111,153,236)	1.81	None
NPAS3	AX747175	0.17064	41.49	0.489	rgb(222,124,125)	1.81	2,2
ARX	NEUROD2	-0.17001	41.48	-4.8E-01	rgb(113,153,235)	1.8098	None
DPF3	PLCE1-AS1	0.17001	41.48	0.475	rgb(222,126,127)	1.8098	2,2
FOXJ1	SUSD2	-0.17001	41.48	-4.8E-01	rgb(112,153,235)	1.8098	None
GATA2	ZNF518A	0.17001	41.48	0.48	rgb(222,125,126)	1.8098	None
MAFB	RFX3	0.17001	41.48	0.481	rgb(222,125,126)	1.8098	None
PAX6	FUT7	0.17001	41.48	0.478	rgb(222,126,127)	1.8098	None
SETBP1	TNFSF14	0.17001	41.48	0.485	rgb(222,124,125)	1.8098	2,2
ARX	MAP9	0.16938	41.47	0.469	rgb(222,127,128)	1.8096	None
E2F7	SCG3	-0.16938	41.47	-4.7E-01	rgb(114,154,235)	1.8096	None
ELF4	LOC100271836	-0.16938	41.47	-4.7E-01	rgb(114,155,235)	1.8096	2,2
ETS1	DPYSL4	0.16938	41.47	0.47	rgb(222,127,128)	1.8096	None
HIC1	SULT1A4	-0.16938	41.47	-4.7E-01	rgb(114,154,235)	1.8096	None
HMBOX1	LRP2BP	-0.16938	41.47	-4.7E-01	rgb(115,155,235)	1.8096	None
MAFB	WWC2-AS2	-0.16938	41.47	-4.7E-01	rgb(115,155,235)	1.8096	None
NKX2-2	AHNAK	-0.16938	41.47	-4.7E-01	rgb(115,155,235)	1.8096	None
NKX2-2	POM121L9P	-0.16938	41.47	-4.7E-01	rgb(116,155,235)	1.8096	None
SIX2	GNG2	0.16938	41.47	0.47	rgb(222,127,128)	1.8096	None
ZNF117	AK094909	0.16938	41.47	0.465	rgb(222,128,129)	1.8096	2,2
ZNF117	AL832212	0.16938	41.47	0.469	rgb(222,127,128)	1.8096	2,2
FOXD4L5	DNAJB13	0.16874	41.46	0.461	rgb(222,129,130)	1.8094	None
LTF	LOC100505716	0.16874	41.46	0.462	rgb(222,129,130)	1.8094	2,2
AEBP1	MUC5AC	-0.16874	41.46	-4.6E-01	rgb(117,156,234)	1.8094	2,2
FEV	GDAP1	0.16811	41.45	0.451	rgb(222,131,132)	1.8092	None
HEYL	AX747756	-0.16811	41.45	-4.5E-01	rgb(119,157,234)	1.8092	2,2
ISL1	SLC14A2	-0.16811	41.45	-4.5E-01	rgb(120,158,234)	1.8092	None
PRDM16	CCDC14	-0.16811	41.45	-4.5E-01	rgb(120,158,234)	1.8092	None
RORC	WDR17	-0.16811	41.45	-4.5E-01	rgb(118,157,234)	1.8092	None
TEAD1	CDH5	-0.16811	41.45	-4.5E-01	rgb(120,158,234)	1.8092	None
TGIF2	MBOAT4	0.16811	41.45	0.449	rgb(222,131,132)	1.8092	None
TGIF2	TPST2	0.16811	41.45	0.45	rgb(222,131,132)	1.8092	None
ZFHX2	TFCP2L1	0.16811	41.45	0.45	rgb(222,131,132)	1.8092	None
ZFP82	AL831889	-0.16811	41.45	-4.5E-01	rgb(119,157,234)	1.8092	2,2
ATF6	AX747755	-0.16748	41.44	-4.4E-01	rgb(122,159,234)	1.809	2,2
ELF4	GPC6	0.16748	41.44	0.44	rgb(222,133,134)	1.809	None
HLF	HIF1A-AS2	0.16748	41.44	0.442	rgb(222,133,133)	1.809	2,2
INSM1	BC041025	0.16748	41.44	0.442	rgb(222,132,133)	1.809	2,2
MAFF	NXPE1	0.16748	41.44	0.439	rgb(222,133,134)	1.809	None
NKX2-2	LRRC10B	0.16748	41.44	0.444	rgb(222,132,133)	1.809	None
PDX1	TMPRSS6	-0.16748	41.44	-4.4E-01	rgb(121,158,234)	1.809	None
RORC	STX2	-0.16748	41.44	-4.4E-01	rgb(122,159,234)	1.809	None
ZFHX2	PTGDR2	-0.16748	41.44	-4.4E-01	rgb(122,159,234)	1.809	None
ZFP82	CTTNBP2	-0.16748	41.44	-4.4E-01	rgb(121,159,234)	1.809	None
ZFP82	SPINK4	0.16748	41.44	0.439	rgb(222,133,134)	1.809	None
SETBP1	AK310876	0.16748	41.44	0.438	rgb(222,133,134)	1.809	2,2
ZNF514	DQ570835	0.16748	41.44	0.439	rgb(222,133,134)	1.809	2,2
ELF4	AK128656	-0.16684	41.43	-4.3E-01	rgb(124,161,233)	1.8088	2,2
ELF4	DZIP1	-0.16684	41.43	-4.3E-01	rgb(124,161,233)	1.8088	None
GATA4	EPHA4	0.16684	41.43	0.434	rgb(222,134,135)	1.8088	None
HMBOX1	MUC16	-0.16684	41.43	-4.3E-01	rgb(124,160,233)	1.8088	None
LMX1A	TPH1	-0.16684	41.43	-4.3E-01	rgb(124,160,233)	1.8088	None
RORC	GALNT16	-0.16684	41.43	-4.3E-01	rgb(124,160,233)	1.8088	None
MYSM1	WDR52	0.16684	41.43	0.427	rgb(222,135,136)	1.8088	2,2
ZNF514	AX747175	0.16684	41.43	0.426	rgb(222,136,137)	1.8088	2,2
MAFB	SRRM4	0.16621	41.42	0.423	rgb(222,136,137)	1.8086	None
MAFB	TAC3	-0.16621	41.42	-4.2E-01	rgb(126,162,233)	1.8086	None
MYRF	BC131755	-0.16621	41.42	-4.2E-01	rgb(126,162,233)	1.8086	2,2
RFX6	MAPK8IP2	0.16621	41.42	0.421	rgb(222,137,137)	1.8086	2,2
ZFHX2	FER1L4	0.16621	41.42	0.418	rgb(222,137,138)	1.8086	None
ZFHX2	NAALADL1	0.16621	41.42	0.421	rgb(222,136,137)	1.8086	None
LMX1A	NEUROD2	0.16557	41.41	0.412	rgb(222,138,139)	1.8084	None
MAFA	FAT3	0.16557	41.41	0.407	rgb(221,139,140)	1.8084	None
POU5F1	RAB3C	0.16557	41.41	0.407	rgb(221,139,140)	1.8084	None
CCDC17	LINC00202-1	0.16557	41.41	0.412	rgb(222,138,139)	1.8084	2,2
ZNF117	AK126318	0.16557	41.41	0.415	rgb(222,138,139)	1.8084	2,2
DPF3	AK091996	0.16494	41.4	0.401	rgb(221,140,141)	1.8082	2,2
EGR3	TEAD1	0.16494	41.4	0.403	rgb(221,140,141)	1.8082	None
ELF4	NTNG2	0.16494	41.4	0.403	rgb(221,140,141)	1.8082	None
FOXD4L5	SCN2A	0.16494	41.4	0.404	rgb(221,140,141)	1.8082	None
PAX6	DNAH14	-0.16494	41.4	-4.0E-01	rgb(131,165,232)	1.8082	None
PDX1	SLC7A2	0.16494	41.4	0.404	rgb(221,140,141)	1.8082	None
TEAD2	RAB4B-EGLN2	0.16494	41.4	0.401	rgb(221,140,141)	1.8082	None
TGIF2	STMN2	0.16494	41.4	0.403	rgb(221,140,141)	1.8082	None
HIF1A	BC042374	-0.16431	41.39	-3.9E-01	rgb(132,165,232)	1.808	2,2
NEUROD1	LINC00261	0.16431	41.39	0.392	rgb(221,142,143)	1.808	None
NHLH1	REEP2	0.16431	41.39	0.391	rgb(221,142,143)	1.808	None
NKX2-2	PLCG2	-0.16431	41.39	-3.9E-01	rgb(133,166,232)	1.808	None
PDX1	YPEL4	0.16431	41.39	0.389	rgb(221,143,144)	1.808	None
RFX2	EFNB3	0.16431	41.39	0.39	rgb(221,143,143)	1.808	None
SOX4	LRP1B	-0.16431	41.39	-3.9E-01	rgb(133,166,232)	1.808	None
TEAD1	AK022997	-0.16431	41.39	-3.9E-01	rgb(133,166,232)	1.808	2,2
TP73	OGFRL1	0.16431	41.39	0.395	rgb(221,142,142)	1.808	None
ZNF492	MX2	-0.16431	41.39	-3.9E-01	rgb(133,166,232)	1.808	None
TSHZ1	MINOS1-NBL1	0.16431	41.39	0.393	rgb(221,142,143)	1.808	2,2
ZNF514	AX746823	0.16431	41.39	0.39	rgb(221,143,143)	1.808	2,2
FEV	HCP5	0.16367	41.38	0.384	rgb(221,144,144)	1.8078	None
GATA4	MIR137HG	-0.16367	41.38	-3.8E-01	rgb(134,166,232)	1.8078	None
HEY1	AK128833	-0.16367	41.38	-3.8E-01	rgb(135,167,231)	1.8078	2,2
HSF2	GAL	0.16367	41.38	0.379	rgb(221,145,145)	1.8078	None
LHX1	ID4	0.16367	41.38	0.38	rgb(221,144,145)	1.8078	None
MAFA	GFRA3	0.16367	41.38	0.377	rgb(221,145,146)	1.8078	None
NKX2-2	KCNJ6	0.16367	41.38	0.377	rgb(221,145,146)	1.8078	None
ZNF382	ADAM20P1	-0.16367	41.38	-3.8E-01	rgb(135,167,231)	1.8078	2,2
ARX	JMJD7-PLA2G4B	-0.16304	41.37	-3.7E-01	rgb(138,169,231)	1.8076	None
FOXJ1	FGF9	-0.16304	41.37	-3.7E-01	rgb(138,169,231)	1.8076	None
GATA4	NPW	-0.16304	41.37	-3.7E-01	rgb(137,168,231)	1.8076	None
HSF2	STK33	0.16304	41.37	0.366	rgb(221,147,148)	1.8076	None
ONECUT2	JPH4	-0.16304	41.37	-3.7E-01	rgb(137,168,231)	1.8076	None
TEAD1	KCNH7	-0.16304	41.37	-3.7E-01	rgb(136,168,231)	1.8076	None
ZBTB4	LOC100288123	0.16304	41.37	0.368	rgb(221,147,148)	1.8076	2,2
ARX	ZFP28	-0.16241	41.36	-3.6E-01	rgb(139,170,231)	1.8074	None
ASCL2	DLL1	0.16241	41.36	0.361	rgb(221,148,149)	1.8074	None
EGR3	LRRC36	-0.16241	41.36	-3.6E-01	rgb(139,170,231)	1.8074	None
ETS1	SPDYE1	0.16241	41.36	0.36	rgb(221,148,149)	1.8074	None
ETV1	MDK	0.16241	41.36	0.357	rgb(221,149,149)	1.8074	None
FEV	PRR7	0.16241	41.36	0.361	rgb(221,148,149)	1.8074	None
FOXP2	LOC440434	0.16241	41.36	0.364	rgb(221,147,148)	1.8074	2,2
LMX1B	ATP1A3	0.16241	41.36	0.365	rgb(221,147,148)	1.8074	None
MAFA	TMEM145	0.16241	41.36	0.358	rgb(221,149,149)	1.8074	None
PAX6	RORC	0.16241	41.36	0.36	rgb(221,148,149)	1.8074	None
RORC	SFMBT2	-0.16241	41.36	-3.6E-01	rgb(138,169,231)	1.8074	None
TET1	AK126180	0.16241	41.36	0.362	rgb(221,148,149)	1.8074	2,2
TFCP2L1	BC041347	-0.16241	41.36	-3.6E-01	rgb(138,169,231)	1.8074	2,2
ZFP82	ROBO1	-0.16241	41.36	-3.6E-01	rgb(139,169,231)	1.8074	None
CCDC17	OCLM	0.16241	41.36	0.364	rgb(221,148,148)	1.8074	2,2
EGR3	SEMA6B	0.16177	41.35	0.347	rgb(221,151,151)	1.8072	None
ELF4	CRIP1	0.16177	41.35	0.352	rgb(221,150,151)	1.8072	None
ETV1	TMSB15B	0.16177	41.35	0.354	rgb(221,149,150)	1.8072	None
LHX1	DKK3	-0.16177	41.35	-3.5E-01	rgb(141,171,230)	1.8072	None
MAFF	WSCD1	0.16177	41.35	0.348	rgb(221,150,151)	1.8072	None
PBX3	NNMT	-0.16177	41.35	-3.5E-01	rgb(140,170,230)	1.8072	None
PROX1	SPDYE8P	0.16177	41.35	0.347	rgb(221,151,151)	1.8072	2,2
ZNF492	SMOC2	0.16177	41.35	0.349	rgb(221,150,151)	1.8072	None
ZNF846	ARL9	0.16177	41.35	0.35	rgb(221,150,151)	1.8072	None
AEBP1	ERO1LB	0.16177	41.35	0.346	rgb(221,151,152)	1.8072	2,2
ZNF117	BC042825	0.16177	41.35	0.355	rgb(221,149,150)	1.8072	2,2
EGR3	TMEM169	0.16114	41.34	0.337	rgb(221,153,153)	1.807	None
ELF4	ARHGAP22	-0.16114	41.34	-3.4E-01	rgb(144,173,230)	1.807	None
ETS1	CERS1	0.16114	41.34	0.34	rgb(221,152,153)	1.807	None
LMX1B	BC068238	-0.16114	41.34	-3.4E-01	rgb(142,172,230)	1.807	2,2
PDX1	GPRASP2	0.16114	41.34	0.338	rgb(221,152,153)	1.807	None
TEAD1	GPR116	-0.16114	41.34	-3.4E-01	rgb(143,172,230)	1.807	2,2
TET1	UNC80	0.16114	41.34	0.344	rgb(221,151,152)	1.807	None
ZNF853	MAPK8IP2	0.16114	41.34	0.337	rgb(221,153,153)	1.807	2,2
ELF4	NOL4	-0.1605	41.33	-3.3E-01	rgb(145,173,230)	1.8068	None
HEYL	ONECUT1	-0.1605	41.33	-3.3E-01	rgb(145,173,230)	1.8068	2,2
HSF2	HGFAC	0.1605	41.33	0.332	rgb(221,154,154)	1.8068	None
LMX1A	PALMD	-0.1605	41.33	-3.3E-01	rgb(146,174,230)	1.8068	None
MAFF	LOC283335	-0.1605	41.33	-3.3E-01	rgb(146,174,229)	1.8068	2,2
MLXIPL	NAT14	-0.1605	41.33	-3.3E-01	rgb(145,173,230)	1.8068	None
NHLH1	RSPH4A	-0.1605	41.33	-3.3E-01	rgb(146,174,230)	1.8068	None
NKX2-2	HMBOX1	-0.1605	41.33	-3.3E-01	rgb(145,173,230)	1.8068	None
NKX6-1	PAX6	0.1605	41.33	0.333	rgb(221,153,154)	1.8068	None
ZFHX2	SERPINA10	0.1605	41.33	0.332	rgb(221,154,154)	1.8068	None
ARNT2	MICAL2	-0.15987	41.32	-3.2E-01	rgb(147,175,229)	1.8066	None
ARNT2	SCUBE1	-0.15987	41.32	-3.2E-01	rgb(149,175,229)	1.8066	None
GATA2	EBF3	0.15987	41.32	0.321	rgb(221,156,156)	1.8066	None
GATA2	KCNE4	-0.15987	41.32	-3.2E-01	rgb(148,175,229)	1.8066	None
HES4	POM121L10P	0.15987	41.32	0.324	rgb(221,155,156)	1.8066	None
HSF2	NEFM	-0.15987	41.32	-3.2E-01	rgb(147,175,229)	1.8066	None
MAFF	DOCK8	0.15987	41.32	0.324	rgb(221,155,156)	1.8066	None
NKX2-2	ENPP1	-0.15987	41.32	-3.2E-01	rgb(149,175,229)	1.8066	None
NKX2-2	LTF	0.15987	41.32	0.321	rgb(221,156,156)	1.8066	None
NKX2-2	TMEM212	-0.15987	41.32	-3.2E-01	rgb(147,175,229)	1.8066	None
NKX2-2	VASH2	0.15987	41.32	0.325	rgb(221,155,156)	1.8066	None
PBX3	MYSM1	0.15987	41.32	0.32	rgb(221,156,157)	1.8066	None
PDX1	TSNAX-DISC1	-0.15987	41.32	-3.2E-01	rgb(148,175,229)	1.8066	None
TEAD1	AK026379	-0.15987	41.32	-3.2E-01	rgb(147,175,229)	1.8066	2,2
ZNF514	BC022892	0.15987	41.32	0.316	rgb(220,157,157)	1.8066	2,2
ETV1	SDK2	0.15924	41.31	0.309	rgb(220,158,159)	1.8064	None
GATA2	SH2D3C	0.15924	41.31	0.311	rgb(220,158,158)	1.8064	None
HEYL	CCDC78	-0.15924	41.31	-3.1E-01	rgb(149,176,229)	1.8064	None
LHX1	PPP1R3C	-0.15924	41.31	-3.1E-01	rgb(149,176,229)	1.8064	None
LMX1B	EGFR	-0.15924	41.31	-3.1E-01	rgb(150,176,229)	1.8064	None
MAFA	DKK3	0.15924	41.31	0.312	rgb(220,157,158)	1.8064	None
NR4A3	SMARCA1	-0.15924	41.31	-3.1E-01	rgb(150,176,229)	1.8064	None
ONECUT2	LOC286437	0.15924	41.31	0.314	rgb(220,157,158)	1.8064	2,2
PAX6	ACTN3	-0.15924	41.31	-3.1E-01	rgb(150,176,229)	1.8064	None
PBX1	NAV3	0.15924	41.31	0.311	rgb(220,158,158)	1.8064	None
PROX1	TAC1	-0.15924	41.31	-3.1E-01	rgb(150,176,229)	1.8064	2,2
RORC	SGCD	-0.15924	41.31	-3.1E-01	rgb(149,176,229)	1.8064	None
ZNF382	TRIM24	0.15924	41.31	0.309	rgb(220,158,159)	1.8064	None
ZNF846	CHRNA1	0.15924	41.31	0.307	rgb(220,158,159)	1.8064	None
AEBP1	KCNMB2-IT1	0.15924	41.31	0.313	rgb(220,157,158)	1.8064	2,2
SETBP1	AK026379	0.15924	41.31	0.306	rgb(220,159,159)	1.8064	2,2
ELF4	LOC642776	-0.1586	41.3	-3.0E-01	rgb(152,177,228)	1.8062	2,2
HSF2	PBOV1	0.1586	41.3	0.303	rgb(220,159,160)	1.8062	None
LMX1B	APOA1	-0.1586	41.3	-3.0E-01	rgb(151,177,229)	1.8062	None
MAFA	GDF10	-0.1586	41.3	-3.0E-01	rgb(152,177,228)	1.8062	None
NEUROD1	TUBA3FP	-0.1586	41.3	-3.0E-01	rgb(152,177,228)	1.8062	None
PDX1	KCNE4	0.1586	41.3	0.303	rgb(220,159,160)	1.8062	None
TFCP2L1	BRSK1	0.1586	41.3	0.302	rgb(220,159,160)	1.8062	None
ZFP82	GPC6	-0.1586	41.3	-3.0E-01	rgb(153,178,228)	1.8062	None
ARX	UCKL1-AS1	0.15797	41.29	0.292	rgb(220,161,162)	1.806	None
FOXP2	MUC15	-0.15797	41.29	-2.9E-01	rgb(155,179,228)	1.806	None
ISL1	PCED1B-AS1	0.15797	41.29	0.291	rgb(220,162,162)	1.806	None
LMX1B	FRMPD4	0.15797	41.29	0.293	rgb(220,161,162)	1.806	None
PBX3	TMOD1	0.15797	41.29	0.291	rgb(220,161,162)	1.806	None
PDX1	SCUBE1	0.15797	41.29	0.289	rgb(220,162,162)	1.806	None
SOX4	WIF1	0.15797	41.29	0.286	rgb(220,162,163)	1.806	None
ZNF492	MUC5B	0.15797	41.29	0.287	rgb(220,162,163)	1.806	None
ZNF846	AX747850	-0.15797	41.29	-2.9E-01	rgb(153,178,228)	1.806	2,2
ZFP62	OCLM	0.15797	41.29	0.287	rgb(220,162,163)	1.806	2,2
ARX	TMEM198	-0.15733	41.28	-2.8E-01	rgb(155,179,228)	1.8058	None
E2F7	FAM71E2	-0.15733	41.28	-2.8E-01	rgb(156,180,228)	1.8058	None
EGR3	CCDC17	-0.15733	41.28	-2.8E-01	rgb(157,180,228)	1.8058	2,2
EGR3	DLL4	-0.15733	41.28	-2.8E-01	rgb(157,181,227)	1.8058	None
ETS1	KCNH7	-0.15733	41.28	-2.8E-01	rgb(155,179,228)	1.8058	None
FOXA2	PTCH1	0.15733	41.28	0.278	rgb(220,164,165)	1.8058	None
HSF2	RPS6KL1	-0.15733	41.28	-2.8E-01	rgb(156,180,228)	1.8058	None
NEUROG3	DKFZP434K028	0.15733	41.28	0.278	rgb(220,164,164)	1.8058	2,2
NR4A3	NHLH1	-0.15733	41.28	-2.8E-01	rgb(157,180,228)	1.8058	None
POU5F1	INSC	-0.15733	41.28	-2.8E-01	rgb(156,180,228)	1.8058	None
ZBTB25	LOC728175	0.15733	41.28	0.283	rgb(220,163,164)	1.8058	2,2
ARNT2	TMEM145	-0.1567	41.27	-2.7E-01	rgb(157,181,227)	1.8056	None
ASCL1	ACTN3	-0.1567	41.27	-2.7E-01	rgb(159,181,227)	1.8056	None
EGR3	KIAA1549	-0.1567	41.27	-2.7E-01	rgb(159,182,227)	1.8056	None
ETS1	JAKMIP1	-0.1567	41.27	-2.7E-01	rgb(159,182,227)	1.8056	None
GATA4	NR4A2	0.1567	41.27	0.267	rgb(220,166,167)	1.8056	None
HIF1A	ZDHHC11	-0.1567	41.27	-2.7E-01	rgb(159,182,227)	1.8056	None
HSF2	RGS5	0.1567	41.27	0.265	rgb(220,166,167)	1.8056	None
PDX1	AVPR1B	0.1567	41.27	0.268	rgb(220,166,166)	1.8056	None
PDX1	TTLL6	0.1567	41.27	0.266	rgb(220,166,167)	1.8056	None
RFX6	PTCHD2	0.1567	41.27	0.272	rgb(220,165,166)	1.8056	2,2
TGIF2	GAD2	0.1567	41.27	0.269	rgb(220,166,166)	1.8056	None
ZNF382	AK128153	-0.1567	41.27	-2.7E-01	rgb(159,182,227)	1.8056	2,2
ZNF492	KCNJ6	-0.1567	41.27	-2.7E-01	rgb(158,181,227)	1.8056	None
ZNF518A	AX747658	0.1567	41.27	0.265	rgb(220,166,167)	1.8056	2,2
HIF1A	PGM5P2	-0.15607	41.26	-2.6E-01	rgb(160,182,227)	1.8054	2,2
ISL1	LINGO1	-0.15607	41.26	-2.6E-01	rgb(161,183,227)	1.8054	None
ONECUT1	ANGPT2	0.15607	41.26	0.261	rgb(220,167,168)	1.8054	None
PAX6	TCEAL1	-0.15607	41.26	-2.6E-01	rgb(160,182,227)	1.8054	None
PBX3	CDKN1A	-0.15607	41.26	-2.6E-01	rgb(161,183,227)	1.8054	None
TET1	PLAG1	0.15607	41.26	0.263	rgb(220,167,167)	1.8054	None
TFCP2L1	TTBK1	0.15607	41.26	0.261	rgb(220,167,168)	1.8054	None
AEBP1	CLEC4G	0.15607	41.26	0.257	rgb(220,168,168)	1.8054	2,2
AKNA	AK128361	-0.15607	41.26	-2.6E-01	rgb(160,182,227)	1.8054	2,2
NPAS3	LOC100507351	0.15607	41.26	0.263	rgb(220,167,167)	1.8054	2,2
HMBOX1	INSRR	-0.15543	41.25	-2.5E-01	rgb(162,184,227)	1.8052	None
MLXIPL	CR627394	-0.15543	41.25	-2.5E-01	rgb(163,184,227)	1.8052	2,2
POU5F1	STK31	0.15543	41.25	0.247	rgb(220,170,170)	1.8052	None
EGR3	CBFA2T3	-0.1548	41.24	-2.4E-01	rgb(166,186,226)	1.805	None
EGR3	RNF157-AS1	-0.1548	41.24	-2.4E-01	rgb(164,185,226)	1.805	None
LHX1	KCNAB2	-0.1548	41.24	-2.4E-01	rgb(164,185,226)	1.805	None
LMX1B	FOXP2	0.1548	41.24	0.243	rgb(220,171,171)	1.805	None
LMX1B	RNF150	0.1548	41.24	0.244	rgb(220,170,171)	1.805	None
PDX1	PCYT1B	0.1548	41.24	0.241	rgb(220,171,171)	1.805	None
TFCP2L1	CRLF1	0.1548	41.24	0.243	rgb(220,171,171)	1.805	None
ZNF492	TUB	0.1548	41.24	0.245	rgb(220,170,171)	1.805	None
ZNF846	GRIN2C	-0.1548	41.24	-2.4E-01	rgb(164,185,226)	1.805	None
ARX	ACSL6	0.15417	41.23	0.231	rgb(220,173,173)	1.8048	None
FEV	AF116693	-0.15417	41.23	-2.3E-01	rgb(167,187,226)	1.8048	2,2
HIC1	ADCY1	0.15417	41.23	0.231	rgb(220,173,173)	1.8048	None
LMX1B	HOOK3	-0.15417	41.23	-2.3E-01	rgb(167,187,226)	1.8048	None
LMX1B	RBP2	-0.15417	41.23	-2.3E-01	rgb(168,187,226)	1.8048	None
PBX3	RAB4B-EGLN2	-0.15417	41.23	-2.3E-01	rgb(167,186,226)	1.8048	None
SMAD9	TMEM132B	0.15417	41.23	0.226	rgb(219,174,174)	1.8048	None
SPIB	LOC100527964	-0.15417	41.23	-2.3E-01	rgb(167,186,226)	1.8048	2,2
ZFP82	DPCR1	-0.15417	41.23	-2.3E-01	rgb(168,187,226)	1.8048	2,2
ARX	TMEM189-UBE2V1	0.15353	41.22	0.219	rgb(219,175,176)	1.8046	None
ELF4	ITGA7	-0.15353	41.22	-2.2E-01	rgb(169,188,225)	1.8046	None
HIC1	AK024092	-0.15353	41.22	-2.2E-01	rgb(169,188,225)	1.8046	2,2
MAFA	SCARA3	0.15353	41.22	0.222	rgb(219,175,175)	1.8046	None
MAFB	SV2B	-0.15353	41.22	-2.2E-01	rgb(170,188,225)	1.8046	None
MAFB	SYT14	-0.15353	41.22	-2.2E-01	rgb(168,187,226)	1.8046	None
NKX2-2	BC040733	-0.15353	41.22	-2.2E-01	rgb(169,188,225)	1.8046	2,2
NKX2-2	CELSR2	-0.15353	41.22	-2.2E-01	rgb(169,188,225)	1.8046	None
TEAD2	LOC284581	-0.15353	41.22	-2.2E-01	rgb(170,188,225)	1.8046	2,2
ZNF382	LPPR5	-0.15353	41.22	-2.2E-01	rgb(169,188,225)	1.8046	2,2
EGR3	DUSP2	0.1529	41.21	0.21	rgb(219,177,177)	1.8044	None
EGR3	MSH5	0.1529	41.21	0.215	rgb(219,176,176)	1.8044	None
POU5F1	CCDC181	0.1529	41.21	0.206	rgb(219,178,178)	1.8044	None
TFCP2L1	SMTNL2	-0.1529	41.21	-2.1E-01	rgb(171,189,225)	1.8044	None
GATA4	CELF4	0.15226	41.2	0.201	rgb(219,179,179)	1.8042	None
HIF1A	KCNMB3	0.15226	41.2	0.199	rgb(219,179,179)	1.8042	None
LHX1	KRT4	-0.15226	41.2	-2.0E-01	rgb(173,190,225)	1.8042	None
MAFA	SGCD	0.15226	41.2	0.195	rgb(219,180,180)	1.8042	None
SMAD9	MCOLN3	0.15226	41.2	0.197	rgb(219,179,180)	1.8042	None
ATF5	AK091275	0.15163	41.19	0.188	rgb(219,181,182)	1.804	2,2
ETS1	KCNJ2	-0.15163	41.19	-1.9E-01	rgb(175,192,224)	1.804	None
LMX1B	CPT1C	0.15163	41.19	0.194	rgb(219,180,180)	1.804	None
PAX6	AK125858	-0.15163	41.19	-1.9E-01	rgb(175,192,224)	1.804	2,2
PBX3	APOC3	-0.15163	41.19	-1.9E-01	rgb(176,192,224)	1.804	None
MAFF	TRIM35	-0.151	41.18	-1.8E-01	rgb(178,193,224)	1.8038	None
NEUROG3	ACTG1P4	0.151	41.18	0.176	rgb(219,183,184)	1.8038	2,2
NKX2-2	FLJ44955	-0.151	41.18	-1.8E-01	rgb(178,193,224)	1.8038	2,2
SOX4	FEV	-0.151	41.18	-1.8E-01	rgb(177,193,224)	1.8038	None
GATA4	LTBP2	0.15036	41.17	0.166	rgb(219,185,186)	1.8036	None
NR4A3	CD52	-0.15036	41.17	-1.7E-01	rgb(180,195,223)	1.8036	None
PBX3	SPAG8	0.15036	41.17	0.17	rgb(219,185,185)	1.8036	None
ZFP82	WNK2	-0.15036	41.17	-1.7E-01	rgb(179,194,224)	1.8036	None
ZNF846	CCDC14	-0.15036	41.17	-1.7E-01	rgb(179,194,224)	1.8036	None
ARNT2	NPM2	0.14973	41.16	0.156	rgb(219,187,188)	1.8034	None
FOXD4L5	PLEKHH2	0.14973	41.16	0.162	rgb(219,186,186)	1.8034	None
HES4	TMEM158	0.14973	41.16	0.163	rgb(219,186,186)	1.8034	None
HSF2	ACE	-0.14973	41.16	-1.6E-01	rgb(182,196,223)	1.8034	None
RORC	CACNA1H	-0.14973	41.16	-1.6E-01	rgb(182,196,223)	1.8034	None
HSF2	CAMKV	0.1491	41.15	0.152	rgb(219,188,188)	1.8032	None
MAFA	SPDYA	0.1491	41.15	0.146	rgb(219,189,189)	1.8032	None
NKX2-2	AK126180	-0.1491	41.15	-1.5E-01	rgb(183,197,223)	1.8032	2,2
ZNF846	MUC5B	-0.1491	41.15	-1.5E-01	rgb(185,198,223)	1.8032	None
HHEX	MIR4697HG	0.14846	41.14	0.144	rgb(219,189,190)	1.803	2,2
HSF2	NALCN	0.14846	41.14	0.144	rgb(219,190,190)	1.803	None
PRDM16	LOC149134	-0.14846	41.14	-1.4E-01	rgb(186,198,222)	1.803	2,2
ARX	ARL4D	-0.14783	41.13	-1.3E-01	rgb(189,200,222)	1.8028	None
FOXJ1	RGS17	-0.14783	41.13	-1.3E-01	rgb(189,200,222)	1.8028	None
LMX1A	CSRNP3	0.14783	41.13	0.129	rgb(218,192,193)	1.8028	None
NKX2-2	KNDC1	0.14783	41.13	0.132	rgb(218,192,192)	1.8028	None
NKX6-1	NFASC	0.14783	41.13	0.126	rgb(218,193,193)	1.8028	None
PBX3	RUSC1-AS1	0.14783	41.13	0.128	rgb(218,192,193)	1.8028	None
TEAD1	ADCY5	-0.14783	41.13	-1.3E-01	rgb(188,200,222)	1.8028	None
TEAD2	MX1	-0.14783	41.13	-1.3E-01	rgb(188,199,222)	1.8028	None
NPAS3	PCDHB9	0.14783	41.13	0.132	rgb(218,192,192)	1.8028	2,2
ETV1	PLAG1	0.14719	41.12	0.119	rgb(218,194,195)	1.8026	None
GATA4	FZD4	0.14719	41.12	0.123	rgb(218,193,194)	1.8026	None
LMX1B	APLN	0.14719	41.12	0.117	rgb(218,195,195)	1.8026	None
NKX2-2	CYGB	0.14719	41.12	0.122	rgb(218,194,194)	1.8026	None
PBX3	AMPD3	0.14719	41.12	0.125	rgb(218,193,193)	1.8026	None
TEAD1	LINC00890	-0.14719	41.12	-1.2E-01	rgb(192,202,221)	1.8026	2,2
NHLH1	LINC00842	-0.14656	41.11	-1.1E-01	rgb(194,203,221)	1.8024	2,2
NKX2-2	AVPR1B	-0.14656	41.11	-1.1E-01	rgb(193,202,221)	1.8024	None
NKX2-2	EPHA4	-0.14656	41.11	-1.1E-01	rgb(193,202,221)	1.8024	None
PROX1	ASCL2	-0.14656	41.11	-1.1E-01	rgb(193,203,221)	1.8024	None
EGR3	FDPSP2	-0.14593	41.1	-9.8E-02	rgb(196,204,221)	1.8022	None
GATA4	ARHGEF26-AS1	-0.14593	41.1	-1.0E-01	rgb(194,203,221)	1.8022	None
MAFF	TRPM3	0.14593	41.1	0.104	rgb(218,197,197)	1.8022	None
PAX6	CCDC125	-0.14593	41.1	-9.6E-02	rgb(196,204,221)	1.8022	None
PBX3	PDE2A	0.14593	41.1	0.102	rgb(218,198,198)	1.8022	None
ARX	ZBTB25	0.14529	41.09	0.091	rgb(218,200,200)	1.802	None
ETS1	HOOK3	-0.14529	41.09	-8.8E-02	rgb(198,205,220)	1.802	None
FOXA1	MYBPC3	-0.14529	41.09	-9.5E-02	rgb(196,205,221)	1.802	None
FOXJ1	CFC1B	0.14529	41.09	0.09	rgb(218,200,200)	1.802	None
NEUROG3	CYP4F24P	0.14466	41.08	0.076	rgb(218,203,203)	1.8018	None
PDX1	NOL4	0.14466	41.08	0.08	rgb(218,202,202)	1.8018	None
RFX6	KIAA1549	-0.14466	41.08	-8.2E-02	rgb(199,206,220)	1.8018	None
ZNF117	AK126286	0.14466	41.08	0.083	rgb(218,201,201)	1.8018	2,2
ASCL1	PRICKLE2	-0.14403	41.07	-7.2E-02	rgb(201,208,220)	1.8016	None
PDX1	SHC3	0.14403	41.07	0.068	rgb(218,204,204)	1.8016	None
PLAG1	DKK3	-0.14403	41.07	-7.2E-02	rgb(201,207,220)	1.8016	None
TET1	HIST2H2BF	0.14403	41.07	0.074	rgb(218,203,203)	1.8016	2,2
NPAS3	AK094786	0.14403	41.07	0.068	rgb(218,204,204)	1.8016	2,2
SIM1	AK094786	0.14403	41.07	0.073	rgb(218,203,203)	1.8016	2,2
NEUROG3	GPR83	0.14339	41.06	0.057	rgb(218,206,206)	1.8014	2,2
ELF4	SSTR5-AS1	0.14276	41.05	0.05	rgb(218,208,208)	1.8012	None
ZNF492	DNAH11	0.14276	41.05	0.052	rgb(218,207,207)	1.8012	None
FEV	TMEFF1	-0.14212	41.04	-3.8E-02	rgb(209,212,218)	1.801	None
HSF2	CRH	-0.14212	41.04	-4.4E-02	rgb(207,211,219)	1.801	None
ZNF846	MAGED4	0.14212	41.04	0.038	rgb(217,210,210)	1.801	None
ARX	PBX1	0.14149	41.03	0.03	rgb(217,211,211)	1.8008	None
EGR3	ATP8B2	0.14149	41.03	0.027	rgb(217,212,212)	1.8008	None
HSF2	RGS11	-0.14149	41.03	-3.5E-02	rgb(209,212,218)	1.8008	None
NKX2-2	RGS11	0.14149	41.03	0.03	rgb(217,211,211)	1.8008	None
TFCP2L1	BTBD17	0.14149	41.03	0.027	rgb(217,212,212)	1.8008	None
ASCL1	PELI3	0.14086	41.02	0.021	rgb(217,213,213)	1.8006	None
LHX1	USP41	-0.14086	41.02	-2.4E-02	rgb(212,214,218)	1.8006	None
MAFA	ZNF853	-0.14086	41.02	-2.4E-02	rgb(212,214,218)	1.8006	None
ONECUT3	HIST2H2BF	0.14086	41.02	0.019	rgb(217,213,213)	1.8006	2,2
PRDM16	TCEAL1	0.14086	41.02	0.02	rgb(217,213,213)	1.8006	None
SIX2	SLC14A1	0.14086	41.02	0.018	rgb(217,213,214)	1.8006	None
ST18	SH3RF3-AS1	-0.14086	41.02	-1.9E-02	rgb(213,215,218)	1.8006	None
LMX1B	CORO2B	-0.14022	41.01	-1.4E-02	rgb(214,215,218)	1.8004	None
NEUROD2	SERPINI1	0.14022	41.01	0.011	rgb(217,215,215)	1.8004	None
NKX6-1	KCNJ3	-0.14022	41.01	-1.2E-02	rgb(214,215,217)	1.8004	None
MYT1	KIF5C	0.14022	41.01	0.007	rgb(217,216,216)	1.8004	2,2
LMX1B	RPS3	-0.13959	41	-3.3E-04	rgb(217,217,217)	1.8002	None
NEUROD2	TAGLN3	-0.13959	41	-4.5E-04	rgb(217,217,217)	1.8002	None
PBX3	MLLT11	0.13959	41	0.005	rgb(217,216,216)	1.8002	None
ZBTB25	AX748052	0.13896	40.86	0.864	rgb(227, 52, 54)	1.7974	2,2
FEV	CLSPN	0.13834	40.85	0.849	rgb(226, 55, 56)	1.7972	None
MYSM1	ANP32A-IT1	0.13773	40.84	0.841	rgb(226, 56, 58)	1.797	2,2
ASCL1	WDR17	0.13711	40.82	0.816	rgb(226, 61, 63)	1.7966	None
E2F7	ABCC8	-0.13711	40.82	-8.2E-01	rgb( 40,109,248)	1.7966	None
HLF	AX748052	-0.13711	40.82	-8.2E-01	rgb( 40,109,248)	1.7966	2,2
POU2F2	IRF2BP1	0.13711	40.82	0.823	rgb(226, 60, 61)	1.7966	None
GATA2	ABCA9	0.1365	40.8	0.798	rgb(226, 65, 66)	1.7962	None
RORC	ZFP90	-0.1365	40.8	-8.0E-01	rgb( 44,112,247)	1.7962	None
FEV	STMN3	0.13589	40.79	0.788	rgb(226, 66, 68)	1.796	None
MAFA	LAPTM5	-0.13589	40.79	-7.9E-01	rgb( 46,113,247)	1.796	None
SOX4	EPHB3	0.13589	40.79	0.786	rgb(226, 67, 68)	1.796	None
FEV	GNG4	0.13527	40.78	0.783	rgb(226, 67, 69)	1.7958	None
NR4A2	KLK12	-0.13527	40.78	-7.8E-01	rgb( 48,114,247)	1.7958	None
FOXA2	PGM5	0.13466	40.77	0.77	rgb(225, 70, 71)	1.7956	None
PLAG1	SLC8A1	-0.13466	40.77	-7.7E-01	rgb( 50,116,246)	1.7956	None
RFX6	OLFML2B	-0.13466	40.77	-7.7E-01	rgb( 49,115,246)	1.7956	None
TGIF2	CHRM4	0.13466	40.77	0.772	rgb(225, 69, 71)	1.7956	None
EGR3	DLC1	0.13405	40.76	0.758	rgb(225, 72, 74)	1.7954	None
ONECUT1	SDCBP2-AS1	0.13405	40.76	0.756	rgb(225, 73, 74)	1.7954	None
PAX6	SSPO	-0.13405	40.76	-7.6E-01	rgb( 53,117,246)	1.7954	None
ZNF117	AK124970	0.13405	40.76	0.76	rgb(225, 72, 73)	1.7954	2,2
FEV	DPYSL4	0.13343	40.75	0.753	rgb(225, 73, 75)	1.7952	None
HSF2	SCG2	-0.13343	40.75	-7.5E-01	rgb( 54,118,246)	1.7952	None
MAFB	CYP27A1	0.13343	40.75	0.751	rgb(225, 74, 75)	1.7952	None
FEV	MLN	0.13282	40.74	0.742	rgb(225, 75, 77)	1.795	None
CSRNP3	LOC399744	0.13282	40.74	0.741	rgb(225, 75, 77)	1.795	2,2
EGR3	SAMD14	-0.1322	40.73	-7.3E-01	rgb( 58,120,245)	1.7948	None
NR4A2	NREP	-0.1322	40.73	-7.3E-01	rgb( 60,121,245)	1.7948	None
PAX6	STX2	-0.1322	40.73	-7.3E-01	rgb( 58,120,245)	1.7948	None
SOX4	POM121L9P	0.1322	40.73	0.726	rgb(225, 78, 80)	1.7948	None
ARX	TRPM3	0.13159	40.72	0.718	rgb(225, 80, 81)	1.7946	None
TFCP2L1	LOC731275	-0.13159	40.72	-7.2E-01	rgb( 60,122,244)	1.7946	2,2
MYRF	AK094156	-0.13098	40.71	-7.1E-01	rgb( 63,124,244)	1.7944	2,2
NFAT5	TBC1D8B	0.13098	40.71	0.708	rgb(225, 82, 83)	1.7944	None
ST18	ATP13A4	-0.13098	40.71	-7.1E-01	rgb( 62,123,244)	1.7944	None
ETS1	LRRC37A	-0.13036	40.7	-7.0E-01	rgb( 66,125,244)	1.7942	None
MAFB	FGF9	0.13036	40.7	0.701	rgb(225, 83, 85)	1.7942	None
SOX4	ADAM12	-0.13036	40.7	-7.0E-01	rgb( 66,125,243)	1.7942	None
FOXD4L5	S100A1	0.12975	40.69	0.688	rgb(225, 86, 87)	1.794	None
ONECUT2	PDX1	0.12975	40.69	0.686	rgb(225, 86, 87)	1.794	None
SIX2	AK096718	0.12975	40.69	0.694	rgb(225, 84, 86)	1.794	2,2
FOXJ1	KIAA1549	-0.12914	40.68	-6.8E-01	rgb( 69,127,243)	1.7938	None
FOXJ1	WNK2	-0.12914	40.68	-6.8E-01	rgb( 69,127,243)	1.7938	None
MAFB	FLT1	0.12914	40.68	0.677	rgb(224, 88, 89)	1.7938	None
TEAD1	ZNF514	-0.12914	40.68	-6.8E-01	rgb( 70,128,243)	1.7938	None
ZFP69B	WWC2-AS2	0.12914	40.68	0.679	rgb(224, 87, 89)	1.7938	None
ZNF846	TBC1D3H	-0.12914	40.68	-6.8E-01	rgb( 70,128,243)	1.7938	2,2
EGR3	PGM5	0.12852	40.67	0.668	rgb(224, 89, 91)	1.7936	None
GATA4	CERKL	0.12852	40.67	0.671	rgb(224, 89, 90)	1.7936	None
HMBOX1	SLC7A14	0.12852	40.67	0.673	rgb(224, 88, 90)	1.7936	None
NHLH1	GOLGA7B	0.12852	40.67	0.671	rgb(224, 89, 90)	1.7936	None
PDX1	SCG2	0.12852	40.67	0.67	rgb(224, 89, 90)	1.7936	None
ZNF382	ACBD7	-0.12852	40.67	-6.7E-01	rgb( 73,129,242)	1.7936	None
ASCL2	CFC1B	-0.12791	40.66	-6.6E-01	rgb( 74,130,242)	1.7934	None
INSM1	SYT2	-0.12791	40.66	-6.6E-01	rgb( 74,130,242)	1.7934	None
LHX1	ABCC8	-0.12791	40.66	-6.6E-01	rgb( 75,131,242)	1.7934	None
NEUROD2	CDH5	0.12791	40.66	0.658	rgb(224, 91, 93)	1.7934	None
PAX6	SBK1	-0.12791	40.66	-6.6E-01	rgb( 74,130,242)	1.7934	None
RORC	RET	-0.12791	40.66	-6.6E-01	rgb( 73,130,242)	1.7934	None
ZBTB4	NBPF10	0.12791	40.66	0.66	rgb(224, 91, 92)	1.7934	2,2
ETV1	CHRNA5	0.1273	40.65	0.647	rgb(224, 93, 95)	1.7932	None
RFX3	WDR17	0.1273	40.65	0.654	rgb(224, 92, 93)	1.7932	None
ZNF514	AK123654	0.1273	40.65	0.646	rgb(224, 94, 95)	1.7932	2,2
DPF3	BC073807	0.12668	40.64	0.641	rgb(224, 94, 96)	1.793	2,2
GATA2	ATF6	-0.12668	40.64	-6.4E-01	rgb( 78,133,241)	1.793	None
MAFB	RUNX1T1	-0.12668	40.64	-6.4E-01	rgb( 79,133,241)	1.793	None
PAX6	ANKRD13B	0.12668	40.64	0.638	rgb(224, 95, 96)	1.793	None
TFCP2L1	GPR137C	0.12668	40.64	0.64	rgb(224, 95, 96)	1.793	None
ZNF382	CES1	-0.12668	40.64	-6.4E-01	rgb( 79,133,241)	1.793	2,2
ADNP	ANKRD36	0.12668	40.64	0.644	rgb(224, 94, 95)	1.793	2,2
ARX	TMOD1	0.12607	40.63	0.63	rgb(224, 97, 98)	1.7928	None
FOXD4L5	KCNAB2	-0.12607	40.63	-6.3E-01	rgb( 81,134,241)	1.7928	None
PRDM16	COL16A1	-0.12607	40.63	-6.3E-01	rgb( 81,134,241)	1.7928	None
ZNF492	USP6	0.12607	40.63	0.627	rgb(224, 97, 99)	1.7928	None
ZNF846	MYT1	-0.12607	40.63	-6.3E-01	rgb( 79,133,241)	1.7928	None
ZNF514	CACNB2	0.12607	40.63	0.632	rgb(224, 96, 98)	1.7928	2,2
EGR3	FXYD6	0.12545	40.62	0.617	rgb(224, 99,100)	1.7926	None
ONECUT3	CERS6-AS1	0.12545	40.62	0.62	rgb(224, 99,100)	1.7926	2,2
RFX2	PER2	-0.12545	40.62	-6.2E-01	rgb( 83,135,241)	1.7926	None
NKX6-1	S100G	0.12484	40.61	0.607	rgb(224,101,102)	1.7924	2,2
ZNF883	BC107568	-0.12484	40.61	-6.1E-01	rgb( 85,137,240)	1.7924	2,2
DZIP1	SPDYE8P	0.12484	40.61	0.614	rgb(224,100,101)	1.7924	2,2
NKX2-2	MMP13	0.12423	40.6	0.6	rgb(224,102,104)	1.7922	None
ONECUT3	TMEM59L	0.12423	40.6	0.599	rgb(224,103,104)	1.7922	2,2
LMX1A	COL14A1	-0.12361	40.59	-5.9E-01	rgb( 90,140,239)	1.792	None
AKNA	MFAP2	-0.12361	40.59	-5.9E-01	rgb( 88,139,240)	1.792	2,2
ASCL2	DPYSL4	0.123	40.58	0.581	rgb(223,106,107)	1.7918	None
EGR3	SH3RF3	0.123	40.58	0.584	rgb(223,105,107)	1.7918	None
NR4A2	PLTP	-0.123	40.58	-5.8E-01	rgb( 92,141,239)	1.7918	None
PDX1	SYT5	0.123	40.58	0.584	rgb(223,106,107)	1.7918	None
SIX2	PCDHA2	-0.123	40.58	-5.8E-01	rgb( 92,141,239)	1.7918	None
ZNF846	CPNE9	-0.123	40.58	-5.8E-01	rgb( 92,141,239)	1.7918	None
MYSM1	AK309215	0.123	40.58	0.577	rgb(223,107,108)	1.7918	2,2
ETS1	PCBP4	0.12239	40.57	0.57	rgb(223,108,109)	1.7916	None
LMX1B	ABCC4	0.12239	40.57	0.574	rgb(223,107,109)	1.7916	None
MAFB	PLXNC1	-0.12239	40.57	-5.7E-01	rgb( 93,142,239)	1.7916	None
NEUROG3	SMA5	0.12239	40.57	0.573	rgb(223,107,109)	1.7916	2,2
PDX1	LDB1	0.12239	40.57	0.573	rgb(223,108,109)	1.7916	None
RFX6	TPGS1	0.12239	40.57	0.572	rgb(223,108,109)	1.7916	None
SPIB	EXOSC4	0.12239	40.57	0.575	rgb(223,107,108)	1.7916	None
TET1	LOC100271836	0.12239	40.57	0.572	rgb(223,108,109)	1.7916	2,2
ZFHX2	USP32P2	0.12239	40.57	0.568	rgb(223,109,110)	1.7916	None
ZNF519	THRA1	-0.12239	40.57	-5.7E-01	rgb( 93,142,239)	1.7916	2,2
CCDC17	LOC729603	0.12239	40.57	0.575	rgb(223,107,108)	1.7916	2,2
FOXP2	SSTR5-AS1	-0.12177	40.56	-5.6E-01	rgb( 95,143,238)	1.7914	None
PDX1	PMFBP1	-0.12177	40.56	-5.6E-01	rgb( 96,144,238)	1.7914	None
SOX4	PMP22	0.12177	40.56	0.563	rgb(223,109,111)	1.7914	None
ZFHX2	RBFOX2	-0.12177	40.56	-5.6E-01	rgb( 95,143,238)	1.7914	None
ZNF846	GLYATL3	-0.12177	40.56	-5.6E-01	rgb( 96,143,238)	1.7914	None
ZFP2	BEND5	0.12177	40.56	0.556	rgb(223,111,112)	1.7914	2,2
ARNT2	ZBTB25	0.12116	40.55	0.547	rgb(223,113,114)	1.7912	None
ASCL1	NR4A3	-0.12116	40.55	-5.5E-01	rgb( 97,144,238)	1.7912	None
ETV1	ZNF117	-0.12116	40.55	-5.5E-01	rgb( 98,145,238)	1.7912	None
FEV	FXYD1	0.12116	40.55	0.548	rgb(223,112,113)	1.7912	None
FOXP2	VCAN	-0.12116	40.55	-5.5E-01	rgb( 98,145,238)	1.7912	None
HHEX	TRO	0.12116	40.55	0.552	rgb(223,112,113)	1.7912	2,2
MAFB	TMEM190	-0.12116	40.55	-5.5E-01	rgb( 99,145,238)	1.7912	None
TFCP2L1	GNAO1	0.12116	40.55	0.554	rgb(223,111,112)	1.7912	None
ARNT2	KAT2B	0.12054	40.54	0.537	rgb(223,114,115)	1.791	None
ARX	GPR148	0.12054	40.54	0.54	rgb(223,114,115)	1.791	None
LTF	AK128656	0.12054	40.54	0.545	rgb(223,113,114)	1.791	2,2
MAFB	MEX3A	0.12054	40.54	0.543	rgb(223,113,114)	1.791	None
ONECUT3	SH3RF3	-0.12054	40.54	-5.4E-01	rgb( 99,145,238)	1.791	None
PAX6	SH3RF3	-0.12054	40.54	-5.4E-01	rgb(100,146,238)	1.791	None
AKNA	EDIL3	-0.12054	40.54	-5.4E-01	rgb(100,146,237)	1.791	2,2
ZFP2	LOC728175	-0.12054	40.54	-5.4E-01	rgb(101,146,237)	1.791	2,2
ETV1	RSAD2	-0.11993	40.53	-5.3E-01	rgb(101,147,237)	1.7908	None
HSF2	LMO3	-0.11993	40.53	-5.3E-01	rgb(101,146,237)	1.7908	None
NEUROG3	NOTUM	0.11993	40.53	0.533	rgb(223,115,116)	1.7908	None
PRDM16	SCGB1C1	-0.11993	40.53	-5.3E-01	rgb(102,147,237)	1.7908	2,2
RORC	LINC00494	-0.11993	40.53	-5.3E-01	rgb(102,147,237)	1.7908	None
SMAD9	HIST2H2BF	0.11993	40.53	0.528	rgb(223,116,117)	1.7908	2,2
TEAD2	ZDHHC8P1	0.11993	40.53	0.528	rgb(223,116,117)	1.7908	None
CCDC17	AX747755	0.11993	40.53	0.533	rgb(223,115,116)	1.7908	2,2
ARX	MED12L	0.11932	40.52	0.524	rgb(223,117,118)	1.7906	None
ELF4	AX748292	-0.11932	40.52	-5.2E-01	rgb(104,149,237)	1.7906	2,2
FEV	MAP1B	-0.11932	40.52	-5.2E-01	rgb(104,148,237)	1.7906	None
GATA4	PPP1R3C	-0.11932	40.52	-5.2E-01	rgb(105,149,237)	1.7906	None
HSF2	GAN	0.11932	40.52	0.519	rgb(223,118,119)	1.7906	None
NKX6-1	PCDHA2	0.11932	40.52	0.516	rgb(223,118,120)	1.7906	None
CCDC17	FW340024	0.11932	40.52	0.522	rgb(223,117,118)	1.7906	2,2
HES4	UCKL1-AS1	0.1187	40.51	0.508	rgb(223,120,121)	1.7904	None
HLF	JA760600	0.1187	40.51	0.512	rgb(223,119,120)	1.7904	2,2
LMX1B	LIMD2	0.1187	40.51	0.509	rgb(223,120,121)	1.7904	2,2
MLXIPL	AGAP9	-0.1187	40.51	-5.1E-01	rgb(107,150,236)	1.7904	2,2
ONECUT3	SCN2A	0.1187	40.51	0.508	rgb(223,120,121)	1.7904	None
SOX4	MAP1B	0.1187	40.51	0.505	rgb(223,120,121)	1.7904	None
ZNF846	FAM131B	-0.1187	40.51	-5.1E-01	rgb(106,150,236)	1.7904	None
ASCL1	RBP2	0.11809	40.5	0.504	rgb(223,121,122)	1.7902	None
EGR3	MSMB	-0.11809	40.5	-5.0E-01	rgb(109,151,236)	1.7902	None
ETS1	NCS1	0.11809	40.5	0.501	rgb(223,121,122)	1.7902	None
MAFB	OGFRL1	-0.11809	40.5	-5.0E-01	rgb(108,151,236)	1.7902	None
PRDM16	ZFP92	-0.11809	40.5	-5.0E-01	rgb(109,151,236)	1.7902	2,2
SIX2	JMJD7-PLA2G4B	0.11809	40.5	0.498	rgb(222,122,123)	1.7902	None
NPAS3	LOC729683	0.11809	40.5	0.501	rgb(223,121,122)	1.7902	2,2
ZFP2	CRISP3	-0.11809	40.5	-5.0E-01	rgb(109,151,236)	1.7902	2,2
EGR3	FIGNL2	-0.11748	40.49	-4.9E-01	rgb(110,152,236)	1.79	None
HIF1A	NEAT1	-0.11748	40.49	-4.9E-01	rgb(110,152,236)	1.79	None
MAFF	ENPP1	0.11748	40.49	0.492	rgb(222,123,124)	1.79	None
NR4A3	GAD2	-0.11748	40.49	-4.9E-01	rgb(110,152,236)	1.79	None
PBX3	AK128619	0.11748	40.49	0.494	rgb(222,123,124)	1.79	2,2
POU5F1	CXXC4	0.11748	40.49	0.489	rgb(222,124,125)	1.79	None
RORC	GPC6	-0.11748	40.49	-4.9E-01	rgb(111,152,236)	1.79	None
ZFHX2	CNGA4	0.11748	40.49	0.493	rgb(222,123,124)	1.79	None
CCDC17	AX747619	0.11748	40.49	0.492	rgb(222,123,124)	1.79	2,2
NPAS3	VN1R1	-0.11748	40.49	-4.9E-01	rgb(110,152,236)	1.79	2,2
ETS1	PBOV1	-0.11686	40.48	-4.8E-01	rgb(114,154,235)	1.7898	None
LMX1B	LOC90834	-0.11686	40.48	-4.8E-01	rgb(113,154,235)	1.7898	2,2
MAFB	PYY	-0.11686	40.48	-4.8E-01	rgb(112,153,235)	1.7898	None
NKX2-2	ITPR1	-0.11686	40.48	-4.8E-01	rgb(112,153,235)	1.7898	None
NKX2-2	RPS3	0.11686	40.48	0.485	rgb(222,124,125)	1.7898	None
PBX1	FZD4	0.11686	40.48	0.481	rgb(222,125,126)	1.7898	None
RFX2	PARD6A	0.11686	40.48	0.478	rgb(222,126,127)	1.7898	None
ST18	ZNF492	0.11686	40.48	0.48	rgb(222,125,126)	1.7898	2,2
MYSM1	TUBB4A	-0.11686	40.48	-4.8E-01	rgb(112,153,235)	1.7898	2,2
ETV1	SERTAD1	0.11625	40.47	0.473	rgb(222,127,128)	1.7896	None
ETV1	SPDYE1	-0.11625	40.47	-4.7E-01	rgb(116,156,235)	1.7896	None
HSF2	REM2	0.11625	40.47	0.474	rgb(222,126,127)	1.7896	None
PAX6	CHL1	-0.11625	40.47	-4.7E-01	rgb(115,155,235)	1.7896	None
PRDM16	SYNGR3	-0.11625	40.47	-4.7E-01	rgb(115,155,235)	1.7896	None
SPIB	TTLL7	-0.11625	40.47	-4.7E-01	rgb(115,155,235)	1.7896	None
TEAD2	APLP1	0.11625	40.47	0.471	rgb(222,127,128)	1.7896	None
ZFP82	RPLP0P2	-0.11625	40.47	-4.7E-01	rgb(115,155,235)	1.7896	None
CCDC17	SMA5	-0.11625	40.47	-4.7E-01	rgb(116,155,235)	1.7896	2,2
FOXA1	MIR4697HG	0.11564	40.46	0.455	rgb(222,130,131)	1.7894	2,2
HSF2	ZFP62	-0.11564	40.46	-4.6E-01	rgb(118,157,234)	1.7894	None
PDX1	GCG	-0.11564	40.46	-4.6E-01	rgb(117,156,234)	1.7894	None
TET1	AK090844	0.11564	40.46	0.46	rgb(222,129,130)	1.7894	2,2
ZNF846	GLT8D2	0.11564	40.46	0.458	rgb(222,130,130)	1.7894	None
CXXC4	NOV	-0.11502	40.45	-4.5E-01	rgb(119,157,234)	1.7892	2,2
FOXD4L5	SFRP1	0.11502	40.45	0.453	rgb(222,130,131)	1.7892	None
GATA2	PLEKHH2	0.11502	40.45	0.447	rgb(222,132,133)	1.7892	None
HOMEZ	FAM64A	0.11502	40.45	0.453	rgb(222,130,131)	1.7892	2,2
HSF2	TP73	0.11502	40.45	0.451	rgb(222,131,132)	1.7892	None
LMX1B	CD200	-0.11502	40.45	-4.5E-01	rgb(119,157,234)	1.7892	None
MAFB	HAP1	-0.11502	40.45	-4.5E-01	rgb(120,158,234)	1.7892	None
ONECUT3	C7	0.11502	40.45	0.452	rgb(222,131,131)	1.7892	None
PAX6	AF198444	-0.11502	40.45	-4.5E-01	rgb(119,157,234)	1.7892	2,2
PBX3	BC040358	0.11502	40.45	0.449	rgb(222,131,132)	1.7892	2,2
PBX3	HIP1	0.11502	40.45	0.454	rgb(222,130,131)	1.7892	None
PROX1	BC073932	0.11502	40.45	0.454	rgb(222,130,131)	1.7892	2,2
SIX2	PEX5L	0.11502	40.45	0.452	rgb(222,131,132)	1.7892	None
TEAD1	KIAA0931	-0.11502	40.45	-4.5E-01	rgb(119,158,234)	1.7892	2,2
TEAD2	PRELP	-0.11502	40.45	-4.5E-01	rgb(120,158,234)	1.7892	None
TP73	AK125871	-0.11502	40.45	-4.5E-01	rgb(120,158,234)	1.7892	2,2
ZNF117	AK128563	0.11502	40.45	0.45	rgb(222,131,132)	1.7892	2,2
EGR3	STMN3	0.11441	40.44	0.441	rgb(222,133,134)	1.789	None
LMX1A	NNMT	0.11441	40.44	0.443	rgb(222,132,133)	1.789	None
LMX1B	PLCXD3	0.11441	40.44	0.444	rgb(222,132,133)	1.789	None
PAX6	DOCK8	-0.11441	40.44	-4.4E-01	rgb(121,159,234)	1.789	None
PDX1	UCN3	0.11441	40.44	0.437	rgb(222,134,134)	1.789	None
ZFHX2	FAT3	0.11441	40.44	0.439	rgb(222,133,134)	1.789	None
ZFHX2	TMEM196	-0.11441	40.44	-4.4E-01	rgb(122,159,234)	1.789	None
DPF3	AX746617	0.11379	40.43	0.432	rgb(222,135,135)	1.7888	2,2
ELF4	LONRF2	-0.11379	40.43	-4.3E-01	rgb(124,160,233)	1.7888	None
ETV1	SLC25A34	0.11379	40.43	0.43	rgb(222,135,136)	1.7888	None
FOXD4L5	CNGA3	0.11379	40.43	0.432	rgb(222,134,135)	1.7888	None
HSF2	FAM167A	0.11379	40.43	0.428	rgb(222,135,136)	1.7888	None
NKX2-2	MSH5	-0.11379	40.43	-4.3E-01	rgb(123,160,233)	1.7888	None
ZNF846	UBE2S	0.11379	40.43	0.434	rgb(222,134,135)	1.7888	None
AEBP1	LOC283731	0.11379	40.43	0.433	rgb(222,134,135)	1.7888	2,2
GATA4	F10	-0.11318	40.42	-4.2E-01	rgb(126,162,233)	1.7886	None
HSF2	DPY19L2	0.11318	40.42	0.422	rgb(222,136,137)	1.7886	None
PRDM16	NAT14	0.11318	40.42	0.417	rgb(222,137,138)	1.7886	None
SPIB	KCNH2	-0.11318	40.42	-4.2E-01	rgb(126,161,233)	1.7886	None
TFCP2L1	CACNB4	-0.11318	40.42	-4.2E-01	rgb(126,162,233)	1.7886	None
ARX	EYA4	-0.11257	40.41	-4.1E-01	rgb(129,163,232)	1.7884	None
ELF4	TMEM145	0.11257	40.41	0.415	rgb(222,138,139)	1.7884	None
GATA4	LIN7A	0.11257	40.41	0.408	rgb(221,139,140)	1.7884	None
HSF2	PLAG1	0.11257	40.41	0.41	rgb(222,139,139)	1.7884	None
LMX1B	AK057681	-0.11257	40.41	-4.1E-01	rgb(128,163,233)	1.7884	2,2
NKX2-2	BC073817	-0.11257	40.41	-4.1E-01	rgb(129,163,232)	1.7884	2,2
NKX2-2	CENPE	-0.11257	40.41	-4.1E-01	rgb(128,163,233)	1.7884	None
NR4A3	GREB1	-0.11257	40.41	-4.1E-01	rgb(128,163,233)	1.7884	None
PBX3	FW340027	0.11257	40.41	0.408	rgb(221,139,140)	1.7884	2,2
PRDM16	LRP2BP	-0.11257	40.41	-4.1E-01	rgb(127,162,233)	1.7884	None
ZFHX2	MYSM1	0.11257	40.41	0.407	rgb(221,139,140)	1.7884	None
ZNF117	BC043205	0.11257	40.41	0.413	rgb(222,138,139)	1.7884	2,2
ASCL1	NPM2	0.11195	40.4	0.396	rgb(221,141,142)	1.7882	None
ELF4	MYEF2	-0.11195	40.4	-4.0E-01	rgb(130,164,232)	1.7882	None
GATA4	KCNAB2	-0.11195	40.4	-4.0E-01	rgb(131,165,232)	1.7882	None
HLF	GPR83	-0.11195	40.4	-4.0E-01	rgb(130,164,232)	1.7882	2,2
INSM1	IFIT1	-0.11195	40.4	-4.0E-01	rgb(131,164,232)	1.7882	None
LHX1	GAL	-0.11195	40.4	-4.0E-01	rgb(131,164,232)	1.7882	None
LMX1A	SLC7A14	-0.11195	40.4	-4.0E-01	rgb(129,164,232)	1.7882	None
NKX2-2	MRPL34	0.11195	40.4	0.395	rgb(221,141,142)	1.7882	None
SIX2	ITGBL1	0.11195	40.4	0.401	rgb(221,140,141)	1.7882	None
SIX2	RIIAD1	-0.11195	40.4	-4.0E-01	rgb(130,164,232)	1.7882	None
ST18	PRR18	0.11195	40.4	0.397	rgb(221,141,142)	1.7882	2,2
ZNF846	TCEAL1	0.11195	40.4	0.402	rgb(221,140,141)	1.7882	None
ATF5	AK310876	0.11134	40.39	0.391	rgb(221,142,143)	1.788	2,2
FEV	SFRP1	0.11134	40.39	0.393	rgb(221,142,143)	1.788	None
FOXD4L5	AMPH	0.11134	40.39	0.392	rgb(221,142,143)	1.788	None
LMX1B	BC041484	0.11134	40.39	0.392	rgb(221,142,143)	1.788	2,2
LMX1B	USH1G	-0.11134	40.39	-3.9E-01	rgb(133,166,232)	1.788	None
SIX2	STK31	-0.11134	40.39	-3.9E-01	rgb(132,165,232)	1.788	None
ZNF846	AX747639	-0.11134	40.39	-3.9E-01	rgb(133,166,232)	1.788	2,2
ZNF117	DQ586822	0.11134	40.39	0.387	rgb(221,143,144)	1.788	2,2
ARX	ALAS2	-0.11073	40.38	-3.8E-01	rgb(134,166,232)	1.7878	None
ASCL1	STMN3	0.11073	40.38	0.381	rgb(221,144,145)	1.7878	None
EGR3	TP73	0.11073	40.38	0.385	rgb(221,143,144)	1.7878	None
GATA2	RSPH4A	0.11073	40.38	0.377	rgb(221,145,146)	1.7878	None
HEYL	CHST9	-0.11073	40.38	-3.8E-01	rgb(135,167,231)	1.7878	2,2
LMX1B	DPEP1	-0.11073	40.38	-3.8E-01	rgb(135,167,231)	1.7878	None
NKX2-2	IGFN1	0.11073	40.38	0.384	rgb(221,144,144)	1.7878	None
SPIB	KCNIP3	-0.11073	40.38	-3.8E-01	rgb(135,167,231)	1.7878	None
SPIB	SMARCA1	-0.11073	40.38	-3.8E-01	rgb(134,167,231)	1.7878	None
CXXC4	AX747853	-0.11011	40.37	-3.7E-01	rgb(137,168,231)	1.7876	2,2
DPF3	AK091593	0.11011	40.37	0.368	rgb(221,147,148)	1.7876	2,2
ELF4	CRMP1	-0.11011	40.37	-3.7E-01	rgb(137,169,231)	1.7876	None
ELF4	NEUROD2	-0.11011	40.37	-3.7E-01	rgb(137,168,231)	1.7876	None
ETS1	ACOT7	0.11011	40.37	0.373	rgb(221,146,147)	1.7876	None
HHEX	CADM2	0.11011	40.37	0.371	rgb(221,146,147)	1.7876	None
NKX2-2	CABP7	0.11011	40.37	0.366	rgb(221,147,148)	1.7876	None
ZFHX2	SH3BP5-AS1	0.11011	40.37	0.375	rgb(221,145,146)	1.7876	None
ZNF382	TRAM1L1	-0.11011	40.37	-3.7E-01	rgb(138,169,231)	1.7876	2,2
ARX	FAM227A	0.1095	40.36	0.356	rgb(221,149,150)	1.7874	None
HIC1	AK025975	0.1095	40.36	0.365	rgb(221,147,148)	1.7874	2,2
LHX1	FFAR2	-0.1095	40.36	-3.6E-01	rgb(139,169,231)	1.7874	None
LHX1	PMFBP1	-0.1095	40.36	-3.6E-01	rgb(139,170,231)	1.7874	None
NKX2-2	KIF5A	-0.1095	40.36	-3.6E-01	rgb(138,169,231)	1.7874	None
SMAD9	RNF150	0.1095	40.36	0.362	rgb(221,148,149)	1.7874	None
TEAD2	ELL2	-0.1095	40.36	-3.6E-01	rgb(138,169,231)	1.7874	None
ZFP82	LOC283335	-0.1095	40.36	-3.6E-01	rgb(139,169,231)	1.7874	2,2
ZNF846	RRAGD	-0.1095	40.36	-3.6E-01	rgb(139,169,231)	1.7874	None
ZNF846	TTLL6	-0.1095	40.36	-3.6E-01	rgb(139,170,231)	1.7874	None
DZIP1	TRO	0.1095	40.36	0.358	rgb(221,149,149)	1.7874	2,2
ASCL1	GPR148	0.10888	40.35	0.348	rgb(221,151,151)	1.7872	None
ASCL2	EID2	-0.10888	40.35	-3.5E-01	rgb(141,171,230)	1.7872	None
EGR3	LIN7A	0.10888	40.35	0.352	rgb(221,150,150)	1.7872	None
FOXA2	GDAP1	0.10888	40.35	0.354	rgb(221,149,150)	1.7872	None
GATA2	CTTNBP2	0.10888	40.35	0.355	rgb(221,149,150)	1.7872	None
LMX1B	ARNT2	0.10888	40.35	0.346	rgb(221,151,152)	1.7872	None
LTF	MEX3B	-0.10888	40.35	-3.5E-01	rgb(141,171,230)	1.7872	None
MYRF	TUBA3FP	0.10888	40.35	0.352	rgb(221,150,150)	1.7872	None
PAX6	MTSS1	-0.10888	40.35	-3.5E-01	rgb(142,171,230)	1.7872	None
ZNF492	SUSD4	0.10888	40.35	0.349	rgb(221,150,151)	1.7872	None
ZNF846	KLB	-0.10888	40.35	-3.5E-01	rgb(141,171,230)	1.7872	None
EGR3	CLPS	0.10827	40.34	0.342	rgb(221,152,152)	1.787	None
GATA4	ELF4	0.10827	40.34	0.341	rgb(221,152,152)	1.787	None
HEY1	BC005905	-0.10827	40.34	-3.4E-01	rgb(142,172,230)	1.787	2,2
HHEX	MED12L	0.10827	40.34	0.336	rgb(221,153,153)	1.787	None
HMBOX1	GLT8D2	-0.10827	40.34	-3.4E-01	rgb(143,172,230)	1.787	None
MLXIPL	RAB4B-EGLN2	-0.10827	40.34	-3.4E-01	rgb(143,172,230)	1.787	None
NKX2-2	LOC100130000	-0.10827	40.34	-3.4E-01	rgb(144,173,230)	1.787	2,2
NKX6-1	STK33	-0.10827	40.34	-3.4E-01	rgb(143,172,230)	1.787	None
PBX3	SH2D3C	0.10827	40.34	0.342	rgb(221,152,152)	1.787	None
PRDM16	HV535469	0.10827	40.34	0.342	rgb(221,152,152)	1.787	2,2
SMAD9	AK128833	0.10827	40.34	0.337	rgb(221,153,153)	1.787	2,2
TEAD1	AK091593	-0.10827	40.34	-3.4E-01	rgb(143,172,230)	1.787	2,2
AKNA	AK097012	-0.10827	40.34	-3.4E-01	rgb(144,172,230)	1.787	2,2
AKNA	DQ588114	-0.10827	40.34	-3.4E-01	rgb(143,172,230)	1.787	2,2
ARX	BEND5	0.10766	40.33	0.325	rgb(221,155,155)	1.7868	None
EGR3	FAM126A	-0.10766	40.33	-3.3E-01	rgb(145,173,230)	1.7868	None
ETV1	HEYL	0.10766	40.33	0.33	rgb(221,154,155)	1.7868	None
FOXD4L5	PCSK1	0.10766	40.33	0.327	rgb(221,155,155)	1.7868	None
LMX1B	CCDC146	-0.10766	40.33	-3.3E-01	rgb(145,173,230)	1.7868	None
MAFA	FAM227A	0.10766	40.33	0.329	rgb(221,154,155)	1.7868	None
PAX6	GOLGA8B	-0.10766	40.33	-3.3E-01	rgb(145,173,230)	1.7868	None
POU6F1	LZTS1	-0.10766	40.33	-3.3E-01	rgb(146,174,229)	1.7868	None
SIX2	GABRP	0.10766	40.33	0.329	rgb(221,154,155)	1.7868	None
AKNA	AF086346	-0.10766	40.33	-3.3E-01	rgb(145,173,230)	1.7868	2,2
ETV1	CYGB	-0.10704	40.32	-3.2E-01	rgb(147,175,229)	1.7866	None
FOXA1	HECW2	0.10704	40.32	0.325	rgb(221,155,156)	1.7866	None
ISL1	MSH5	0.10704	40.32	0.317	rgb(220,156,157)	1.7866	None
NKX2-2	CELA3B	0.10704	40.32	0.32	rgb(221,156,156)	1.7866	None
NKX2-2	UBN2	-0.10704	40.32	-3.2E-01	rgb(147,175,229)	1.7866	None
PDX1	F10	0.10704	40.32	0.324	rgb(221,155,156)	1.7866	None
SOX4	FRMPD4	-0.10704	40.32	-3.2E-01	rgb(146,174,229)	1.7866	None
TEAD1	RNF157	-0.10704	40.32	-3.2E-01	rgb(148,175,229)	1.7866	None
ZNF846	SMOC2	0.10704	40.32	0.318	rgb(221,156,157)	1.7866	None
SETBP1	GUSBP3	0.10704	40.32	0.324	rgb(221,155,156)	1.7866	2,2
GATA2	CERS1	0.10643	40.31	0.31	rgb(220,158,158)	1.7864	None
GATA2	SSTR1	0.10643	40.31	0.312	rgb(220,157,158)	1.7864	None
HES4	PCDHA2	0.10643	40.31	0.307	rgb(220,158,159)	1.7864	None
MAFA	CACNA2D2	0.10643	40.31	0.312	rgb(220,157,158)	1.7864	None
NEUROD1	DQ571357	-0.10643	40.31	-3.1E-01	rgb(149,176,229)	1.7864	2,2
NR4A3	CBX7	0.10643	40.31	0.314	rgb(220,157,158)	1.7864	None
PAX6	SYT14	-0.10643	40.31	-3.1E-01	rgb(150,176,229)	1.7864	None
PDX1	TTBK1	0.10643	40.31	0.315	rgb(220,157,157)	1.7864	None
POU2F2	CD300LF	0.10643	40.31	0.31	rgb(220,158,158)	1.7864	None
ZNF492	EGR3	-0.10643	40.31	-3.1E-01	rgb(150,176,229)	1.7864	None
EGR3	MYEF2	0.10582	40.3	0.303	rgb(220,159,160)	1.7862	None
ELF4	AK097012	0.10582	40.3	0.303	rgb(220,159,160)	1.7862	2,2
LMX1B	TTLL10	-0.10582	40.3	-3.0E-01	rgb(151,177,229)	1.7862	None
NHLH1	MSI1	0.10582	40.3	0.297	rgb(220,160,161)	1.7862	None
SMAD9	ITGA7	0.10582	40.3	0.303	rgb(220,159,160)	1.7862	None
ARX	HOXB9	0.1052	40.29	0.292	rgb(220,161,162)	1.786	None
ELF4	AX746764	-0.1052	40.29	-2.9E-01	rgb(153,178,228)	1.786	2,2
ETS1	ARC	0.1052	40.29	0.289	rgb(220,162,162)	1.786	None
ETS1	WNK3	-0.1052	40.29	-2.9E-01	rgb(154,179,228)	1.786	None
LMX1B	AK095546	-0.1052	40.29	-2.9E-01	rgb(154,179,228)	1.786	2,2
LMX1B	SH3BP5-AS1	-0.1052	40.29	-2.9E-01	rgb(153,178,228)	1.786	None
NEUROG3	MAFB	-0.1052	40.29	-2.9E-01	rgb(153,178,228)	1.786	None
NFAT5	BX648496	0.1052	40.29	0.292	rgb(220,161,162)	1.786	2,2
ZFHX2	CPB1	-0.1052	40.29	-2.9E-01	rgb(153,178,228)	1.786	None
CCDC17	PLGLB2	0.1052	40.29	0.292	rgb(220,161,162)	1.786	2,2
ZFP2	WISP1	0.1052	40.29	0.292	rgb(220,161,162)	1.786	2,2
ZNF514	BC073817	0.1052	40.29	0.288	rgb(220,162,163)	1.786	2,2
ASCL1	CDKN1A	0.10459	40.28	0.277	rgb(220,164,165)	1.7858	None
EGR3	BEX2	0.10459	40.28	0.283	rgb(220,163,164)	1.7858	None
ELF4	AF086346	0.10459	40.28	0.28	rgb(220,164,164)	1.7858	2,2
FEV	CTNND1	-0.10459	40.28	-2.8E-01	rgb(157,181,227)	1.7858	None
HLF	ONECUT1	-0.10459	40.28	-2.8E-01	rgb(157,181,227)	1.7858	2,2
HSF2	INSRR	-0.10459	40.28	-2.8E-01	rgb(157,180,228)	1.7858	None
LMX1B	NPM2	0.10459	40.28	0.279	rgb(220,164,164)	1.7858	None
ONECUT3	UNC80	0.10459	40.28	0.28	rgb(220,163,164)	1.7858	None
SIX2	ROS1	0.10459	40.28	0.278	rgb(220,164,164)	1.7858	None
AEBP1	ZFP92	0.10459	40.28	0.277	rgb(220,164,165)	1.7858	2,2
FOXA1	FTCD	0.10398	40.27	0.266	rgb(220,166,167)	1.7856	None
LHX1	RNPC3	0.10398	40.27	0.268	rgb(220,166,166)	1.7856	None
TP73	SLC25A34	0.10398	40.27	0.27	rgb(220,165,166)	1.7856	None
ZNF846	FOXJ1	0.10398	40.27	0.271	rgb(220,165,166)	1.7856	None
GATA4	AMBP	-0.10336	40.26	-2.6E-01	rgb(160,183,227)	1.7854	None
GATA4	PPP1R16B	-0.10336	40.26	-2.6E-01	rgb(160,182,227)	1.7854	None
HES4	AX746995	0.10336	40.26	0.264	rgb(220,167,167)	1.7854	2,2
ISL1	GOLGA8B	0.10336	40.26	0.261	rgb(220,167,168)	1.7854	None
NEUROG3	PMP22	0.10336	40.26	0.259	rgb(220,167,168)	1.7854	None
NKX2-2	NEAT1	-0.10336	40.26	-2.6E-01	rgb(160,182,227)	1.7854	None
NR4A3	CTXN1	-0.10336	40.26	-2.6E-01	rgb(160,182,227)	1.7854	None
PRDM16	PLCXD3	-0.10336	40.26	-2.6E-01	rgb(160,182,227)	1.7854	None
MAFA	CPT1C	0.10275	40.25	0.247	rgb(220,170,170)	1.7852	None
PBX3	LDB1	0.10275	40.25	0.253	rgb(220,169,169)	1.7852	None
PRDM16	SSBP2	-0.10275	40.25	-2.5E-01	rgb(162,183,227)	1.7852	None
SPIB	GAD2	0.10275	40.25	0.245	rgb(220,170,171)	1.7852	None
TEAD1	CHST10	-0.10275	40.25	-2.5E-01	rgb(163,184,226)	1.7852	None
CCDC17	AK125727	0.10275	40.25	0.248	rgb(220,170,170)	1.7852	2,2
ETV1	PLAC4	-0.10213	40.24	-2.4E-01	rgb(165,186,226)	1.785	None
FOXD4L5	MAGED1	-0.10213	40.24	-2.4E-01	rgb(165,186,226)	1.785	None
HOXB9	AVPR1B	0.10213	40.24	0.242	rgb(220,171,171)	1.785	None
ISL1	ANGPT2	-0.10213	40.24	-2.4E-01	rgb(166,186,226)	1.785	None
MAFA	PLXNC1	0.10213	40.24	0.237	rgb(220,172,172)	1.785	None
PBX3	MSH5	0.10213	40.24	0.244	rgb(220,170,171)	1.785	None
PDX1	CAND2	0.10213	40.24	0.239	rgb(220,171,172)	1.785	None
PRDM16	LRP3	0.10213	40.24	0.237	rgb(220,172,172)	1.785	None
RFX6	ACOT7	0.10213	40.24	0.239	rgb(220,171,172)	1.785	None
TP73	ITGA7	0.10213	40.24	0.238	rgb(220,172,172)	1.785	None
ZFHX2	FGF17	-0.10213	40.24	-2.4E-01	rgb(166,186,226)	1.785	None
ZNF492	PLAC4	0.10213	40.24	0.235	rgb(220,172,173)	1.785	None
ADNP	AK027252	-0.10213	40.24	-2.4E-01	rgb(165,186,226)	1.785	2,2
ELF4	AL832937	0.10152	40.23	0.228	rgb(220,174,174)	1.7848	2,2
ETS1	DUSP2	-0.10152	40.23	-2.3E-01	rgb(167,186,226)	1.7848	None
ETS1	TRPM3	-0.10152	40.23	-2.3E-01	rgb(168,187,226)	1.7848	None
GATA4	DHRS2	0.10152	40.23	0.225	rgb(219,174,174)	1.7848	None
ZNF846	CPLX2	-0.10152	40.23	-2.3E-01	rgb(167,186,226)	1.7848	None
NPAS3	ITGA4	0.10152	40.23	0.225	rgb(219,174,174)	1.7848	2,2
ZNF853	CR627225	-0.10152	40.23	-2.3E-01	rgb(167,187,226)	1.7848	2,2
HSF2	FSTL5	-0.10091	40.22	-2.2E-01	rgb(170,188,225)	1.7846	None
MAFB	RAB36	-0.10091	40.22	-2.2E-01	rgb(170,188,225)	1.7846	None
NKX2-2	SH3RF3-AS1	0.10091	40.22	0.22	rgb(219,175,175)	1.7846	None
PAX6	ABCA9	-0.10091	40.22	-2.2E-01	rgb(169,188,225)	1.7846	None
PAX6	KCNMB3	-0.10091	40.22	-2.2E-01	rgb(170,188,225)	1.7846	None
PBX1	CBX7	0.10091	40.22	0.217	rgb(219,176,176)	1.7846	None
POU5F1	WNK2	-0.10091	40.22	-2.2E-01	rgb(169,188,225)	1.7846	None
TEAD1	PCDH17	-0.10091	40.22	-2.2E-01	rgb(169,188,225)	1.7846	2,2
ZFHX2	IGSF10	-0.10091	40.22	-2.2E-01	rgb(170,189,225)	1.7846	None
ARX	CRLF1	-0.10029	40.21	-2.1E-01	rgb(172,189,225)	1.7844	None
EGR3	EYA4	-0.10029	40.21	-2.1E-01	rgb(172,190,225)	1.7844	None
ETS1	SGSM1	-0.10029	40.21	-2.1E-01	rgb(172,190,225)	1.7844	None
FOXJ1	DOCK8	-0.10029	40.21	-2.1E-01	rgb(170,189,225)	1.7844	None
LMX1B	SLC25A34	0.10029	40.21	0.21	rgb(219,177,177)	1.7844	None
SOX4	TRPM2	-0.10029	40.21	-2.1E-01	rgb(170,189,225)	1.7844	None
EGR3	FAM155B	0.099679	40.2	0.197	rgb(219,179,180)	1.7842	None
ISL1	ANKRD36C	0.099679	40.2	0.198	rgb(219,179,180)	1.7842	None
LMX1B	MATN2	0.099679	40.2	0.195	rgb(219,180,180)	1.7842	None
NEUROD1	WSB1	-0.099679	40.2	-2.0E-01	rgb(174,191,224)	1.7842	None
NFAT5	RASD1	-0.099679	40.2	-2.0E-01	rgb(174,191,225)	1.7842	None
PRDM16	CACNA2D2	-0.099679	40.2	-2.0E-01	rgb(173,190,225)	1.7842	None
PRDM16	SPDYE1	-0.099679	40.2	-2.0E-01	rgb(174,191,225)	1.7842	None
ZFP82	PALMD	-0.099679	40.2	-2.0E-01	rgb(174,191,224)	1.7842	None
E2F7	ADAMTSL1	0.099066	40.19	0.192	rgb(219,180,181)	1.784	None
FEV	ZFP2	0.099066	40.19	0.186	rgb(219,181,182)	1.784	None
MAFF	CHRNB4	0.099066	40.19	0.188	rgb(219,181,182)	1.784	None
CCDC17	AX747853	0.099066	40.19	0.188	rgb(219,181,181)	1.784	2,2
EGR3	FGF9	0.098452	40.18	0.177	rgb(219,183,184)	1.7838	None
GATA6	VSTM2L	-0.098452	40.18	-1.8E-01	rgb(179,194,224)	1.7838	None
LMX1B	ELAVL4	-0.098452	40.18	-1.8E-01	rgb(177,193,224)	1.7838	None
LMX1B	FSTL5	0.098452	40.18	0.177	rgb(219,183,184)	1.7838	None
PBX3	SLC8A1	0.098452	40.18	0.18	rgb(219,183,183)	1.7838	None
TEAD2	CREBRF	-0.098452	40.18	-1.8E-01	rgb(178,194,224)	1.7838	None
ZNF846	GLUD1P3	-0.098452	40.18	-1.8E-01	rgb(178,193,224)	1.7838	None
NPAS3	LOC388849	0.098452	40.18	0.184	rgb(219,182,182)	1.7838	2,2
GATA4	KCNE4	-0.097838	40.17	-1.7E-01	rgb(180,195,223)	1.7836	None
HMBOX1	TAC3	0.097838	40.17	0.172	rgb(219,184,185)	1.7836	None
HSF2	ITGA7	-0.097838	40.17	-1.7E-01	rgb(179,194,224)	1.7836	None
MAFF	BAIAP3	0.097838	40.17	0.168	rgb(219,185,185)	1.7836	None
NHLH1	TPGS1	0.097838	40.17	0.172	rgb(219,184,184)	1.7836	None
PBX1	NPY	-0.097838	40.17	-1.7E-01	rgb(179,194,224)	1.7836	None
SPIB	ATP6V1B1	-0.097838	40.17	-1.7E-01	rgb(179,194,224)	1.7836	None
SETBP1	GUSBP9	0.097838	40.17	0.171	rgb(219,184,185)	1.7836	2,2
ASCL1	LSP1	-0.097225	40.16	-1.6E-01	rgb(182,196,223)	1.7834	None
ELF4	BLMH	-0.097225	40.16	-1.6E-01	rgb(181,195,223)	1.7834	None
GATA2	KIF5A	-0.097225	40.16	-1.6E-01	rgb(182,195,223)	1.7834	None
GATA4	ILDR2	0.097225	40.16	0.164	rgb(219,186,186)	1.7834	None
MAFB	PAPPA2	-0.097225	40.16	-1.6E-01	rgb(183,196,223)	1.7834	None
MLXIPL	ZBTB25	-0.097225	40.16	-1.6E-01	rgb(182,196,223)	1.7834	None
RFX6	ADCY5	0.097225	40.16	0.164	rgb(219,186,186)	1.7834	None
SIM1	PCDH17	-0.097225	40.16	-1.6E-01	rgb(182,196,223)	1.7834	2,2
ZNF788	IFNE	0.097225	40.16	0.157	rgb(219,187,187)	1.7834	2,2
INSM1	SYP	0.096611	40.15	0.154	rgb(219,188,188)	1.7832	None
RFX6	GRHL3	0.096611	40.15	0.15	rgb(219,188,189)	1.7832	None
SIX2	YPEL1	-0.096611	40.15	-1.5E-01	rgb(184,197,223)	1.7832	None
SPIB	NEUROD2	-0.096611	40.15	-1.5E-01	rgb(185,197,223)	1.7832	None
TFCP2L1	OLFML3	-0.096611	40.15	-1.5E-01	rgb(184,197,223)	1.7832	None
ELF4	CNGA3	-0.095997	40.14	-1.4E-01	rgb(187,199,222)	1.783	None
NFAT5	IQCA1	-0.095997	40.14	-1.4E-01	rgb(186,198,222)	1.783	2,2
NR4A2	DPYSL4	-0.095997	40.14	-1.4E-01	rgb(187,199,222)	1.783	None
ONECUT2	TOX	-0.095997	40.14	-1.4E-01	rgb(187,199,222)	1.783	None
SMAD9	ZBTB4	0.095997	40.14	0.142	rgb(219,190,190)	1.783	None
TEAD2	PTPRN2	0.095997	40.14	0.144	rgb(219,190,190)	1.783	None
LMX1A	ZFP90	0.095384	40.13	0.133	rgb(218,192,192)	1.7828	None
MAFF	GABBR2	-0.09477	40.12	-1.2E-01	rgb(191,201,222)	1.7826	None
PDX1	SFTPA2	-0.09477	40.12	-1.2E-01	rgb(191,201,222)	1.7826	None
RFX3	FLJ22184	0.09477	40.12	0.123	rgb(218,193,194)	1.7826	2,2
GATA4	BCAT1	0.094156	40.11	0.109	rgb(218,196,196)	1.7824	None
HEYL	SDK1	-0.094156	40.11	-1.1E-01	rgb(193,202,221)	1.7824	None
ETS1	RCOR3	-0.093542	40.1	-9.8E-02	rgb(196,204,221)	1.7822	None
GATA4	OLFML3	0.093542	40.1	0.104	rgb(218,197,197)	1.7822	None
GATA4	STX1A	0.093542	40.1	0.101	rgb(218,198,198)	1.7822	None
ONECUT2	HECW2	-0.093542	40.1	-1.0E-01	rgb(195,203,221)	1.7822	None
PDX1	IFI44L	0.093542	40.1	0.096	rgb(218,199,199)	1.7822	None
SIX2	CCDC125	0.093542	40.1	0.101	rgb(218,198,198)	1.7822	None
SIX2	THBS4	0.093542	40.1	0.098	rgb(218,198,198)	1.7822	None
MYT1	DIRAS1	0.093542	40.1	0.095	rgb(218,199,199)	1.7822	2,2
ZNF514	LOC646214	0.093542	40.1	0.1	rgb(218,198,198)	1.7822	2,2
ELF4	GRIK5	-0.092929	40.09	-9.3E-02	rgb(197,205,221)	1.782	None
ZFP82	ZNF519	-0.092929	40.09	-8.5E-02	rgb(198,206,220)	1.782	None
NPAS3	AK128153	0.092929	40.09	0.093	rgb(218,199,199)	1.782	2,2
DPF3	DKFZP434K028	0.092315	40.08	0.083	rgb(218,201,201)	1.7818	2,2
EGR3	NOTUM	-0.092315	40.08	-8.3E-02	rgb(199,206,220)	1.7818	None
HEYL	CCNA1	-0.092315	40.08	-7.9E-02	rgb(200,207,220)	1.7818	2,2
ONECUT1	MEP1B	0.092315	40.08	0.077	rgb(218,202,203)	1.7818	None
ONECUT3	RBFOX2	-0.092315	40.08	-7.9E-02	rgb(200,207,220)	1.7818	None
PAX4	SULT2A1	-0.092315	40.08	-7.9E-02	rgb(200,207,220)	1.7818	None
ZNF382	PPP1R16B	0.092315	40.08	0.081	rgb(218,201,202)	1.7818	None
ZNF514	AX747756	0.092315	40.08	0.084	rgb(218,201,201)	1.7818	2,2
ETV1	SCN3B	0.091701	40.07	0.07	rgb(218,204,204)	1.7816	None
MAFA	SEZ6L	-0.091701	40.07	-6.8E-02	rgb(202,208,220)	1.7816	None
TP73	ANKRD45	-0.091701	40.07	-7.3E-02	rgb(201,207,220)	1.7816	None
NPAS3	CSH2	0.091701	40.07	0.065	rgb(218,205,205)	1.7816	2,2
LMX1B	TFCP2L1	-0.091088	40.06	-6.4E-02	rgb(203,209,219)	1.7814	None
MYRF	LOC286437	-0.091088	40.06	-5.6E-02	rgb(205,210,219)	1.7814	2,2
NKX2-2	CLIP3	-0.091088	40.06	-5.8E-02	rgb(204,209,219)	1.7814	None
PDX1	TSHZ1	-0.091088	40.06	-5.6E-02	rgb(205,210,219)	1.7814	None
SOX4	SLC12A5	-0.091088	40.06	-5.6E-02	rgb(205,210,219)	1.7814	None
TFCP2L1	LRRC49	0.091088	40.06	0.061	rgb(218,205,205)	1.7814	None
SIX2	CACNA1E	0.090474	40.05	0.051	rgb(218,207,207)	1.7812	None
ZNF846	KCNF1	0.090474	40.05	0.045	rgb(217,208,208)	1.7812	None
MYT1	PAK7	0.08986	40.04	0.043	rgb(217,209,209)	1.781	2,2
ETV1	BEND5	0.089247	40.03	0.029	rgb(217,211,212)	1.7808	None
HSF2	SLC12A5	0.089247	40.03	0.032	rgb(217,211,211)	1.7808	None
NEUROG3	P2RX6	0.089247	40.03	0.031	rgb(217,211,211)	1.7808	None
ETV1	UCN3	-0.088633	40.01	-1.1E-02	rgb(215,215,217)	1.7804	None
FOXD4L5	KCNC1	0.088633	40.01	0.015	rgb(217,214,214)	1.7804	None
MXI1	NOVA2	-0.088633	40.01	-5.3E-03	rgb(216,216,217)	1.7804	None
NKX2-2	KCNF1	0.088633	40.01	0.008	rgb(217,215,215)	1.7804	None
HSF2	KCNMB3	0.088019	40	0.003	rgb(217,217,217)	1.7802	None
ZFP28	FAIM2	0.088019	40	0.003	rgb(217,216,216)	1.7802	None
PLAG1	DLC1	-0.087406	39.93	-9.3E-01	rgb( 15, 94,252)	1.7788	None
PAX4	CIT	0.086804	39.87	0.871	rgb(227, 51, 52)	1.7776	None
MAFB	GNG2	-0.086202	39.85	-8.5E-01	rgb( 33,105,249)	1.7772	None
E2F7	DSCAML1	-0.0856	39.83	-8.3E-01	rgb( 37,107,249)	1.7768	None
MAFB	MYT1	-0.0856	39.83	-8.3E-01	rgb( 37,108,248)	1.7768	None
RFX2	KCNJ6	0.0856	39.83	0.826	rgb(226, 59, 61)	1.7768	None
RFX3	EDAR	0.0856	39.83	0.829	rgb(226, 59, 60)	1.7768	None
ETS1	GNG2	-0.084998	39.82	-8.2E-01	rgb( 38,108,248)	1.7766	None
FOXJ1	MYO3A	0.084998	39.82	0.82	rgb(226, 60, 62)	1.7766	None
SPIB	PNISR	-0.084998	39.82	-8.2E-01	rgb( 38,108,248)	1.7766	None
RFX2	CELF4	0.084396	39.8	0.795	rgb(226, 65, 67)	1.7762	None
NEUROG3	EPHA8	0.083794	39.79	0.788	rgb(226, 66, 68)	1.776	2,2
ZNF382	CTNND1	-0.083794	39.79	-7.9E-01	rgb( 45,113,247)	1.776	None
ZNF846	ABCC9	-0.083794	39.79	-7.9E-01	rgb( 45,112,247)	1.776	2,2
EGR3	PMP22	-0.083193	39.78	-7.8E-01	rgb( 49,115,246)	1.7758	None
RORC	DOK6	-0.082591	39.77	-7.7E-01	rgb( 50,115,246)	1.7756	None
MAFB	SNED1	-0.081989	39.74	-7.4E-01	rgb( 56,119,245)	1.775	None
TFCP2L1	EDAR	0.081989	39.74	0.736	rgb(225, 76, 78)	1.775	None
ETS1	AK311113	-0.081387	39.73	-7.3E-01	rgb( 59,121,245)	1.7748	2,2
NEUROG3	LTF	0.081387	39.73	0.734	rgb(225, 77, 78)	1.7748	None
ZFHX2	JMJD1C-AS1	0.081387	39.73	0.733	rgb(225, 77, 78)	1.7748	None
ARX	ZDHHC8P1	0.080785	39.72	0.719	rgb(225, 80, 81)	1.7746	None
ASCL2	SETBP1	0.080785	39.72	0.722	rgb(225, 79, 81)	1.7746	None
PDX1	TPPP3	0.080785	39.72	0.716	rgb(225, 80, 82)	1.7746	None
GATA2	TRPC6	0.080183	39.71	0.71	rgb(225, 81, 83)	1.7744	None
PDX1	SPC25	-0.080183	39.71	-7.1E-01	rgb( 64,124,244)	1.7744	None
ELF4	CRLF1	-0.079581	39.7	-7.0E-01	rgb( 64,124,244)	1.7742	None
HSF2	BCORL1	-0.079581	39.7	-7.0E-01	rgb( 66,125,243)	1.7742	None
GATA2	SPC25	0.07898	39.69	0.686	rgb(225, 86, 87)	1.774	None
SOX4	APBB1	-0.07898	39.69	-6.9E-01	rgb( 66,125,243)	1.774	None
ZFP69B	RASD1	0.07898	39.69	0.688	rgb(225, 86, 87)	1.774	None
ARX	GNG4	0.078378	39.68	0.681	rgb(224, 87, 88)	1.7738	None
ETV1	LRRN2	0.078378	39.68	0.679	rgb(224, 87, 89)	1.7738	None
HSF2	LINC00939	0.078378	39.68	0.684	rgb(225, 86, 88)	1.7738	None
NR4A3	MMP11	-0.078378	39.68	-6.8E-01	rgb( 70,128,243)	1.7738	None
E2F7	LPPR3	-0.077776	39.67	-6.7E-01	rgb( 71,128,243)	1.7736	2,2
GATA2	AKT3	0.077776	39.67	0.668	rgb(224, 89, 91)	1.7736	None
HES4	LOC400891	0.077776	39.67	0.669	rgb(224, 89, 91)	1.7736	2,2
HSF2	ATP6V1G2	-0.077776	39.67	-6.7E-01	rgb( 72,129,242)	1.7736	None
RORC	LCP1	-0.077776	39.67	-6.7E-01	rgb( 73,129,242)	1.7736	None
RORC	PTPRT	-0.077776	39.67	-6.7E-01	rgb( 72,129,242)	1.7736	None
ZNF519	GUSBP9	0.077776	39.67	0.669	rgb(224, 89, 91)	1.7736	2,2
ZNF846	C1RL-AS1	-0.077776	39.67	-6.7E-01	rgb( 71,128,243)	1.7736	None
CCDC17	RIC3	0.077776	39.67	0.672	rgb(224, 89, 90)	1.7736	2,2
LHX1	CD96	0.077174	39.66	0.657	rgb(224, 92, 93)	1.7734	None
LHX1	TTR	-0.077174	39.66	-6.6E-01	rgb( 73,130,242)	1.7734	None
NR4A3	CCDC162P	0.077174	39.66	0.657	rgb(224, 91, 93)	1.7734	None
PRDM16	SMOC1	0.077174	39.66	0.663	rgb(224, 90, 92)	1.7734	None
ZNF846	PPP1R14A	0.077174	39.66	0.658	rgb(224, 91, 93)	1.7734	None
HLF	BC040894	-0.076572	39.65	-6.5E-01	rgb( 76,131,242)	1.7732	2,2
NEUROG3	PNMAL1	0.076572	39.65	0.652	rgb(224, 92, 94)	1.7732	2,2
RFX2	TTR	0.076572	39.65	0.648	rgb(224, 93, 95)	1.7732	None
ZFP82	TDRD6	-0.076572	39.65	-6.5E-01	rgb( 76,131,242)	1.7732	2,2
ETS1	AHNAK	-0.07597	39.64	-6.4E-01	rgb( 78,132,241)	1.773	None
SIX2	DEFB1	-0.07597	39.64	-6.4E-01	rgb( 78,132,241)	1.773	None
SIX2	SAMD5	0.07597	39.64	0.643	rgb(224, 94, 95)	1.773	None
SOX4	CALCOCO1	-0.07597	39.64	-6.4E-01	rgb( 78,133,241)	1.773	None
TEAD2	UNQ2560	-0.07597	39.64	-6.4E-01	rgb( 79,133,241)	1.773	2,2
ZNF846	STX2	0.07597	39.64	0.635	rgb(224, 96, 97)	1.773	None
CCDC17	LOC284581	0.07597	39.64	0.635	rgb(224, 96, 97)	1.773	2,2
TET1	IPO11-LRRC70	-0.075368	39.63	-6.3E-01	rgb( 80,134,241)	1.7728	2,2
ZFHX2	FAM161A	0.075368	39.63	0.625	rgb(224, 98, 99)	1.7728	None
ZFHX2	TTR	0.075368	39.63	0.626	rgb(224, 97, 99)	1.7728	None
ELF4	LDB1	-0.074767	39.62	-6.2E-01	rgb( 82,135,241)	1.7726	None
ETS1	NEFM	-0.074767	39.62	-6.2E-01	rgb( 83,135,240)	1.7726	None
FOXJ1	LEFTY1	-0.074767	39.62	-6.2E-01	rgb( 82,135,241)	1.7726	None
HLF	BC033528	-0.074165	39.61	-6.1E-01	rgb( 84,136,240)	1.7724	2,2
HLF	LOC731275	-0.074165	39.61	-6.1E-01	rgb( 85,137,240)	1.7724	2,2
EGR3	SERTAD1	0.073563	39.6	0.602	rgb(224,102,103)	1.7722	None
ETV1	EML5	0.073563	39.6	0.602	rgb(224,102,103)	1.7722	None
LMX1A	BLMH	-0.073563	39.6	-6.0E-01	rgb( 86,137,240)	1.7722	None
MAFB	UTY	-0.073563	39.6	-6.0E-01	rgb( 86,137,240)	1.7722	None
ETV1	SMOC1	0.072961	39.59	0.587	rgb(223,105,106)	1.772	None
FOXD4L5	GATA2	0.072961	39.59	0.588	rgb(223,105,106)	1.772	2,2
GATA4	SYNE2	-0.072961	39.59	-5.9E-01	rgb( 89,139,239)	1.772	None
PBX1	EMB	0.072961	39.59	0.587	rgb(223,105,106)	1.772	None
POU2F2	DPP10	0.072961	39.59	0.589	rgb(223,105,106)	1.772	None
GRHL3	FAM101B	-0.072961	39.59	-5.9E-01	rgb( 88,139,240)	1.772	2,2
ZNF514	LOC440434	0.072961	39.59	0.594	rgb(224,104,105)	1.772	2,2
ARX	CNIH2	-0.072359	39.58	-5.8E-01	rgb( 91,141,239)	1.7718	None
ZNF846	POU5F1	-0.072359	39.58	-5.8E-01	rgb( 92,141,239)	1.7718	None
EBF3	RTN4RL1	0.071757	39.57	0.573	rgb(223,108,109)	1.7716	None
ETS1	JX088243	-0.071757	39.57	-5.7E-01	rgb( 93,142,239)	1.7716	2,2
HSF2	RYBP	0.071757	39.57	0.568	rgb(223,109,110)	1.7716	None
LMX1B	HIF1A	0.071757	39.57	0.573	rgb(223,107,109)	1.7716	None
PAX6	GRB14	-0.071757	39.57	-5.7E-01	rgb( 93,141,239)	1.7716	None
TEAD2	SSPO	0.071757	39.57	0.572	rgb(223,108,109)	1.7716	None
ZFP82	SYNE2	-0.071757	39.57	-5.7E-01	rgb( 93,141,239)	1.7716	None
NPAS3	AX746617	0.071757	39.57	0.568	rgb(223,109,110)	1.7716	2,2
SIM1	INS-IGF2	0.071757	39.57	0.566	rgb(223,109,110)	1.7716	2,2
ELF4	ELAVL3	0.071155	39.56	0.56	rgb(223,110,111)	1.7714	None
FOXJ1	CELA3A	-0.071155	39.56	-5.6E-01	rgb( 95,143,238)	1.7714	None
MAFB	EPM2A	-0.071155	39.56	-5.6E-01	rgb( 95,143,238)	1.7714	None
NR4A2	EPHA4	-0.071155	39.56	-5.6E-01	rgb( 95,143,238)	1.7714	None
SOX4	CLEC4G	-0.071155	39.56	-5.6E-01	rgb( 96,143,238)	1.7714	2,2
TEAD1	CELA3B	-0.071155	39.56	-5.6E-01	rgb( 96,143,238)	1.7714	None
ZNF846	GPR142	-0.071155	39.56	-5.6E-01	rgb( 96,143,238)	1.7714	None
EGR3	SYP	0.070554	39.55	0.546	rgb(223,113,114)	1.7712	None
FOXD4L5	AK091996	0.070554	39.55	0.55	rgb(223,112,113)	1.7712	2,2
ZNF519	BRS3	0.070554	39.55	0.554	rgb(223,111,112)	1.7712	None
EGR3	NEFM	-0.069952	39.54	-5.4E-01	rgb( 99,145,238)	1.771	None
EGR3	ZDHHC8P1	-0.069952	39.54	-5.4E-01	rgb( 99,145,238)	1.771	None
ELF4	AK096592	-0.069952	39.54	-5.4E-01	rgb(100,146,237)	1.771	2,2
HHEX	AK092048	0.069952	39.54	0.538	rgb(223,114,115)	1.771	2,2
MAFA	STXBP5L	0.069952	39.54	0.545	rgb(223,113,114)	1.771	None
MAFB	GADD45A	0.069952	39.54	0.54	rgb(223,114,115)	1.771	None
MAFF	FGF17	-0.069952	39.54	-5.4E-01	rgb( 99,145,238)	1.771	None
NEUROG3	SLC38A5	0.069952	39.54	0.544	rgb(223,113,114)	1.771	None
NKX2-2	CCK	-0.069952	39.54	-5.4E-01	rgb(100,146,237)	1.771	None
PBX1	ETS1	0.069952	39.54	0.539	rgb(223,114,115)	1.771	None
PBX1	STX2	-0.069952	39.54	-5.4E-01	rgb( 99,145,238)	1.771	None
ASCL1	CLDN6	0.06935	39.53	0.533	rgb(223,115,116)	1.7708	None
FOXA1	CDH5	-0.06935	39.53	-5.3E-01	rgb(102,147,237)	1.7708	None
LHX1	KIRREL3	-0.06935	39.53	-5.3E-01	rgb(102,147,237)	1.7708	None
NEUROG3	DKK3	0.06935	39.53	0.533	rgb(223,115,116)	1.7708	None
E2F7	P2RX6	0.068748	39.52	0.519	rgb(223,118,119)	1.7706	None
FOXD4L5	PALMD	0.068748	39.52	0.519	rgb(223,118,119)	1.7706	None
PDX1	SLC18A1	0.068748	39.52	0.517	rgb(223,118,119)	1.7706	None
SOX4	SIRPA	-0.068748	39.52	-5.2E-01	rgb(105,149,237)	1.7706	None
TEAD2	CCDC40	-0.068748	39.52	-5.2E-01	rgb(104,148,237)	1.7706	None
ZNF382	GABRB3	-0.068748	39.52	-5.2E-01	rgb(104,148,237)	1.7706	2,2
ZNF846	SPAG8	0.068748	39.52	0.516	rgb(223,118,119)	1.7706	None
EGR3	AMPD3	0.068146	39.51	0.508	rgb(223,120,121)	1.7704	None
ELF4	KIAA0931	0.068146	39.51	0.513	rgb(223,119,120)	1.7704	2,2
ETS1	CHGB	-0.068146	39.51	-5.1E-01	rgb(106,149,237)	1.7704	None
ETS1	CNR1	0.068146	39.51	0.509	rgb(223,120,121)	1.7704	None
HIC1	AX748292	-0.068146	39.51	-5.1E-01	rgb(106,150,236)	1.7704	2,2
ISL1	TUBA3FP	0.068146	39.51	0.51	rgb(223,119,121)	1.7704	None
PRDM16	FAM153A	-0.068146	39.51	-5.1E-01	rgb(107,150,236)	1.7704	2,2
ZFP92	SMA	0.068146	39.51	0.505	rgb(223,121,122)	1.7704	2,2
ZNF382	DIRAS1	-0.068146	39.51	-5.1E-01	rgb(106,149,236)	1.7704	2,2
E2F7	GATA4	-0.067544	39.5	-5.0E-01	rgb(109,152,236)	1.7702	None
ELF4	ILDR2	0.067544	39.5	0.504	rgb(223,121,122)	1.7702	None
FOXA1	LCP1	0.067544	39.5	0.499	rgb(222,122,123)	1.7702	None
FOXD4L5	OSBPL6	-0.067544	39.5	-5.0E-01	rgb(110,152,236)	1.7702	None
HMBOX1	LINC00842	0.067544	39.5	0.503	rgb(223,121,122)	1.7702	2,2
NKX6-1	KCNT2	0.067544	39.5	0.499	rgb(222,122,123)	1.7702	2,2
RFX2	GCK	0.067544	39.5	0.501	rgb(223,121,122)	1.7702	None
TET1	MCM3AP-AS1	0.067544	39.5	0.499	rgb(222,122,123)	1.7702	None
KCNIP3	MIR29C	-0.067544	39.5	-5.0E-01	rgb(108,151,236)	1.7702	2,2
ARX	PCBP4	-0.066942	39.49	-4.9E-01	rgb(111,152,236)	1.77	None
DPF3	BC022892	0.066942	39.49	0.488	rgb(222,124,125)	1.77	2,2
HLF	EML5	-0.066942	39.49	-4.9E-01	rgb(110,152,236)	1.77	None
LHX1	RCOR3	0.066942	39.49	0.489	rgb(222,124,125)	1.77	None
MAFB	CNGA3	-0.066942	39.49	-4.9E-01	rgb(110,152,236)	1.77	None
NR4A2	CNOT6L	0.066942	39.49	0.493	rgb(222,123,124)	1.77	None
ST18	AK095045	-0.066942	39.49	-4.9E-01	rgb(110,152,236)	1.77	2,2
ARX	TMPRSS11E	0.066341	39.48	0.476	rgb(222,126,127)	1.7698	None
ETS1	NACAD	-0.066341	39.48	-4.8E-01	rgb(112,153,235)	1.7698	None
FOXD4L5	IGSF10	0.066341	39.48	0.481	rgb(222,125,126)	1.7698	None
FOXD4L5	LIMS2	0.066341	39.48	0.48	rgb(222,125,126)	1.7698	None
HLF	GUSBP9	-0.066341	39.48	-4.8E-01	rgb(113,154,235)	1.7698	2,2
NEUROG3	RGAG4	0.066341	39.48	0.482	rgb(222,125,126)	1.7698	2,2
NKX2-2	TSNAX-DISC1	-0.066341	39.48	-4.8E-01	rgb(112,153,235)	1.7698	None
ONECUT3	TENM2	0.066341	39.48	0.481	rgb(222,125,126)	1.7698	None
TET1	GADD45G	-0.066341	39.48	-4.8E-01	rgb(112,153,235)	1.7698	None
ZFP62	LOC286437	0.066341	39.48	0.481	rgb(222,125,126)	1.7698	2,2
EGR3	RPS6KL1	-0.065739	39.47	-4.7E-01	rgb(114,155,235)	1.7696	None
MAFF	ABCA9	-0.065739	39.47	-4.7E-01	rgb(115,155,235)	1.7696	None
NR4A2	TMEM158	-0.065739	39.47	-4.7E-01	rgb(116,155,235)	1.7696	None
PRDM16	KCNC1	-0.065739	39.47	-4.7E-01	rgb(115,155,235)	1.7696	None
ZNF846	MPP1	0.065739	39.47	0.465	rgb(222,128,129)	1.7696	None
ARX	DPF3	-0.065137	39.46	-4.6E-01	rgb(118,157,234)	1.7694	None
EGR3	ASIC1	0.065137	39.46	0.464	rgb(222,128,129)	1.7694	None
FOXD4L5	KCNB2	0.065137	39.46	0.465	rgb(222,128,129)	1.7694	None
FOXD4L5	KCTD16	0.065137	39.46	0.461	rgb(222,129,130)	1.7694	None
GATA2	TTC25	0.065137	39.46	0.456	rgb(222,130,131)	1.7694	None
LTF	BC068238	0.065137	39.46	0.463	rgb(222,129,129)	1.7694	2,2
MAFB	GAP43	-0.065137	39.46	-4.6E-01	rgb(118,157,234)	1.7694	None
NKX6-1	KCNMB2	0.065137	39.46	0.458	rgb(222,129,130)	1.7694	None
SOX4	ITPRIP	0.065137	39.46	0.457	rgb(222,130,131)	1.7694	None
ZNF492	NEAT1	0.065137	39.46	0.459	rgb(222,129,130)	1.7694	None
MYSM1	LOC646214	0.065137	39.46	0.459	rgb(222,129,130)	1.7694	2,2
ZNF853	LOC284581	-0.065137	39.46	-4.6E-01	rgb(118,157,234)	1.7694	2,2
ARX	WSB1	0.064535	39.45	0.449	rgb(222,131,132)	1.7692	None
FEV	AK309215	-0.064535	39.45	-4.5E-01	rgb(120,158,234)	1.7692	2,2
FOXA2	RRAGD	0.064535	39.45	0.45	rgb(222,131,132)	1.7692	None
NR4A2	DNAH14	-0.064535	39.45	-4.5E-01	rgb(120,158,234)	1.7692	None
POU5F1	WIF1	-0.064535	39.45	-4.5E-01	rgb(119,157,234)	1.7692	None
SPIB	DUSP2	0.064535	39.45	0.452	rgb(222,131,132)	1.7692	None
TEAD1	SCUBE3	-0.064535	39.45	-4.5E-01	rgb(119,157,234)	1.7692	None
GATA4	CITED4	-0.063933	39.44	-4.4E-01	rgb(121,158,234)	1.769	None
LMX1B	HERC2P4	-0.063933	39.44	-4.4E-01	rgb(121,158,234)	1.769	None
LMX1B	MAGED4	-0.063933	39.44	-4.4E-01	rgb(121,158,234)	1.769	2,2
MAFA	NACAD	0.063933	39.44	0.444	rgb(222,132,133)	1.769	None
MAFB	RNF157-AS1	-0.063933	39.44	-4.4E-01	rgb(121,158,234)	1.769	None
MAFB	TMEM56-RWDD3	0.063933	39.44	0.437	rgb(222,133,134)	1.769	2,2
ONECUT1	ZFHX2	0.063933	39.44	0.44	rgb(222,133,134)	1.769	None
PDX1	DPF3	0.063933	39.44	0.445	rgb(222,132,133)	1.769	None
RORC	TDRD6	-0.063933	39.44	-4.4E-01	rgb(122,159,234)	1.769	None
TFCP2L1	CELF4	0.063933	39.44	0.437	rgb(222,133,134)	1.769	None
ASCL2	CCDC78	0.063331	39.43	0.433	rgb(222,134,135)	1.7688	None
HSF2	KCNA6	-0.063331	39.43	-4.3E-01	rgb(124,161,233)	1.7688	2,2
LMX1B	KCNJ2	0.063331	39.43	0.425	rgb(222,136,137)	1.7688	None
ZNF846	CRLF1	0.063331	39.43	0.425	rgb(222,136,137)	1.7688	None
ZNF846	TNFRSF6B	0.063331	39.43	0.432	rgb(222,135,135)	1.7688	None
EGR3	ELAVL4	-0.062729	39.42	-4.2E-01	rgb(125,161,233)	1.7686	None
ELF4	NKTR	-0.062729	39.42	-4.2E-01	rgb(126,161,233)	1.7686	None
FOXJ1	COL6A4P2	-0.062729	39.42	-4.2E-01	rgb(127,162,233)	1.7686	None
GATA2	SCGB1A1	0.062729	39.42	0.417	rgb(222,137,138)	1.7686	None
HLF	RIC3	-0.062729	39.42	-4.2E-01	rgb(126,161,233)	1.7686	2,2
HOXB9	CPLX1	-0.062729	39.42	-4.2E-01	rgb(126,161,233)	1.7686	None
LHX1	COL1A2	-0.062729	39.42	-4.2E-01	rgb(126,161,233)	1.7686	None
NEUROG3	ROBO1	0.062729	39.42	0.423	rgb(222,136,137)	1.7686	None
PDX1	ISL1	0.062729	39.42	0.42	rgb(222,137,138)	1.7686	None
TEAD1	LRRC37A	0.062729	39.42	0.416	rgb(222,138,138)	1.7686	None
ZNF846	ATP6V0E2	0.062729	39.42	0.416	rgb(222,137,138)	1.7686	None
GRHL3	TCL6	-0.062729	39.42	-4.2E-01	rgb(126,162,233)	1.7686	2,2
ARX	TTBK1	0.062128	39.41	0.412	rgb(222,138,139)	1.7684	None
EGR3	CAMKV	0.062128	39.41	0.41	rgb(222,139,140)	1.7684	None
EGR3	CNGA4	0.062128	39.41	0.406	rgb(221,139,140)	1.7684	None
EGR3	MX2	0.062128	39.41	0.41	rgb(222,139,139)	1.7684	None
NEUROG3	LOC400891	0.062128	39.41	0.408	rgb(221,139,140)	1.7684	2,2
ZNF492	IFNE	0.062128	39.41	0.412	rgb(222,138,139)	1.7684	2,2
AEBP1	BC042825	0.062128	39.41	0.409	rgb(222,139,140)	1.7684	2,2
SIM1	FBN1	0.062128	39.41	0.412	rgb(222,138,139)	1.7684	2,2
ASCL1	FER1L6-AS1	-0.061526	39.4	-4.0E-01	rgb(130,164,232)	1.7682	None
HLF	AK128656	-0.061526	39.4	-4.0E-01	rgb(131,164,232)	1.7682	2,2
MAFB	TTLL7	0.061526	39.4	0.403	rgb(221,140,141)	1.7682	None
MAFB	TUBA3FP	0.061526	39.4	0.404	rgb(221,140,141)	1.7682	None
PBX1	FAM135B	0.061526	39.4	0.397	rgb(221,141,142)	1.7682	None
ZFP82	CXXC4	0.061526	39.4	0.402	rgb(221,140,141)	1.7682	None
ZNF492	GCK	0.061526	39.4	0.404	rgb(221,140,141)	1.7682	None
ZNF846	TMOD2	0.061526	39.4	0.397	rgb(221,141,142)	1.7682	None
CCDC17	LOC388849	0.061526	39.4	0.401	rgb(221,140,141)	1.7682	2,2
FEV	MBOAT4	0.060924	39.39	0.39	rgb(221,143,143)	1.768	None
HIF1A	TRPC7	-0.060924	39.39	-3.9E-01	rgb(132,165,232)	1.768	None
LMX1B	P2RX6	-0.060924	39.39	-3.9E-01	rgb(133,166,232)	1.768	None
PBX3	RAP1GAP2	0.060924	39.39	0.391	rgb(221,142,143)	1.768	None
CCDC17	LOC100506123	0.060924	39.39	0.391	rgb(221,142,143)	1.768	2,2
CSRNP3	CCNA1	0.060924	39.39	0.394	rgb(221,142,143)	1.768	2,2
EGR3	DGKB	-0.060322	39.38	-3.8E-01	rgb(135,167,231)	1.7678	None
ISL1	TMEM212	0.060322	39.38	0.38	rgb(221,144,145)	1.7678	None
MAFA	STRC	0.060322	39.38	0.376	rgb(221,145,146)	1.7678	None
NKX6-1	DENND2A	0.060322	39.38	0.378	rgb(221,145,146)	1.7678	None
NR4A3	NFRKB	0.060322	39.38	0.38	rgb(221,145,145)	1.7678	None
PAX6	SGSM1	-0.060322	39.38	-3.8E-01	rgb(135,167,231)	1.7678	None
PDX1	CCDC28B	-0.060322	39.38	-3.8E-01	rgb(135,167,231)	1.7678	None
TP73	SSBP2	-0.060322	39.38	-3.8E-01	rgb(135,167,231)	1.7678	None
ATF6	WBSCR27	0.05972	39.37	0.373	rgb(221,146,146)	1.7676	2,2
GATA4	GRIK5	0.05972	39.37	0.37	rgb(221,146,147)	1.7676	None
HLF	AX746764	-0.05972	39.37	-3.7E-01	rgb(138,169,231)	1.7676	2,2
LHX1	TMOD1	-0.05972	39.37	-3.7E-01	rgb(138,169,231)	1.7676	None
ONECUT1	AK316321	-0.05972	39.37	-3.7E-01	rgb(138,169,231)	1.7676	2,2
ZFHX2	DPF3	-0.05972	39.37	-3.7E-01	rgb(136,168,231)	1.7676	None
ASCL1	KCNK17	0.059118	39.36	0.363	rgb(221,148,148)	1.7674	None
ETS1	DNAJB13	-0.059118	39.36	-3.6E-01	rgb(139,170,231)	1.7674	None
GATA2	TAC3	0.059118	39.36	0.36	rgb(221,148,149)	1.7674	None
HEYL	CARTPT	-0.059118	39.36	-3.6E-01	rgb(140,170,231)	1.7674	2,2
MAFB	BEX2	-0.059118	39.36	-3.6E-01	rgb(140,170,231)	1.7674	None
NEUROG3	KCTD16	0.059118	39.36	0.358	rgb(221,149,149)	1.7674	None
PBX3	AK055694	0.059118	39.36	0.361	rgb(221,148,149)	1.7674	2,2
PRDM16	KCNH2	0.059118	39.36	0.356	rgb(221,149,150)	1.7674	None
TFCP2L1	MYEF2	0.059118	39.36	0.36	rgb(221,148,149)	1.7674	None
TFCP2L1	SLC6A17	0.059118	39.36	0.359	rgb(221,148,149)	1.7674	None
ZFP28	AK293147	-0.059118	39.36	-3.6E-01	rgb(140,170,231)	1.7674	2,2
ZNF846	BEX2	0.059118	39.36	0.356	rgb(221,149,150)	1.7674	None
ZNF846	CACNA1H	0.059118	39.36	0.362	rgb(221,148,149)	1.7674	None
ZNF846	OGFRL1	-0.059118	39.36	-3.6E-01	rgb(140,170,231)	1.7674	None
ELF4	MBOAT4	-0.058516	39.35	-3.5E-01	rgb(142,171,230)	1.7672	None
NEUROG3	TEAD1	0.058516	39.35	0.353	rgb(221,150,150)	1.7672	None
ONECUT3	EBF3	0.058516	39.35	0.348	rgb(221,151,151)	1.7672	None
PBX3	TNP1	-0.058516	39.35	-3.5E-01	rgb(142,171,230)	1.7672	2,2
PRDM16	BCAT1	-0.058516	39.35	-3.5E-01	rgb(142,171,230)	1.7672	None
TFCP2L1	SLC14A1	-0.058516	39.35	-3.5E-01	rgb(141,171,230)	1.7672	None
TGIF2	GPR137C	0.058516	39.35	0.347	rgb(221,151,151)	1.7672	None
GATA4	DGKB	0.057915	39.34	0.34	rgb(221,152,153)	1.767	None
LMX1A	SLC26A7	-0.057915	39.34	-3.4E-01	rgb(143,172,230)	1.767	None
MAFB	RFX6	-0.057915	39.34	-3.4E-01	rgb(143,172,230)	1.767	None
NFAT5	SMA5	-0.057915	39.34	-3.4E-01	rgb(143,172,230)	1.767	2,2
NKX2-2	KCTD16	0.057915	39.34	0.342	rgb(221,152,152)	1.767	None
PAX6	WSB1	-0.057915	39.34	-3.4E-01	rgb(144,172,230)	1.767	None
PBX3	HERC5	0.057915	39.34	0.344	rgb(221,151,152)	1.767	None
PBX3	JAKMIP2	0.057915	39.34	0.337	rgb(221,153,153)	1.767	None
TEAD2	WNK3	-0.057915	39.34	-3.4E-01	rgb(144,172,230)	1.767	None
ZFP28	HSPA12A	-0.057915	39.34	-3.4E-01	rgb(143,172,230)	1.767	None
ARX	ANKRD36C	0.057313	39.33	0.332	rgb(221,154,154)	1.7668	None
ETV1	LINC00893	-0.057313	39.33	-3.3E-01	rgb(144,173,230)	1.7668	None
FOXP2	UCP2	-0.057313	39.33	-3.3E-01	rgb(145,173,230)	1.7668	None
GATA4	AK126532	0.057313	39.33	0.331	rgb(221,154,154)	1.7668	2,2
GATA4	BASP1	0.057313	39.33	0.328	rgb(221,154,155)	1.7668	None
LMX1B	PODXL2	0.057313	39.33	0.329	rgb(221,154,155)	1.7668	None
ONECUT3	ENPP7	-0.057313	39.33	-3.3E-01	rgb(144,173,230)	1.7668	None
PAX6	MCM3AP-AS1	-0.057313	39.33	-3.3E-01	rgb(145,173,230)	1.7668	None
PRDM16	MURC	-0.057313	39.33	-3.3E-01	rgb(144,173,230)	1.7668	2,2
RORC	SSPO	-0.057313	39.33	-3.3E-01	rgb(145,173,230)	1.7668	None
SIX2	ZCCHC12	-0.057313	39.33	-3.3E-01	rgb(146,174,229)	1.7668	2,2
SPIB	PAM	0.057313	39.33	0.332	rgb(221,154,154)	1.7668	None
TFCP2L1	EML5	0.057313	39.33	0.326	rgb(221,155,155)	1.7668	None
TFCP2L1	HEY1	0.057313	39.33	0.328	rgb(221,154,155)	1.7668	None
TP73	MMP11	0.057313	39.33	0.332	rgb(221,154,154)	1.7668	None
ZNF514	LOC90834	0.057313	39.33	0.327	rgb(221,155,155)	1.7668	2,2
HSF2	ILDR2	0.056711	39.32	0.317	rgb(220,156,157)	1.7666	None
HSF2	SPDYA	0.056711	39.32	0.318	rgb(220,156,157)	1.7666	None
ISL1	DEFB1	-0.056711	39.32	-3.2E-01	rgb(147,174,229)	1.7666	None
MAFA	PDGFD	0.056711	39.32	0.319	rgb(221,156,157)	1.7666	None
NKX2-2	CACNA1C	-0.056711	39.32	-3.2E-01	rgb(147,175,229)	1.7666	None
PRDM16	OSBPL6	-0.056711	39.32	-3.2E-01	rgb(146,174,229)	1.7666	None
TFCP2L1	LRIG1	0.056711	39.32	0.32	rgb(221,156,156)	1.7666	None
ZNF846	PRELP	0.056711	39.32	0.319	rgb(221,156,157)	1.7666	None
AKNA	AL832937	-0.056711	39.32	-3.2E-01	rgb(148,175,229)	1.7666	2,2
KCNIP3	ATCAY	0.056711	39.32	0.317	rgb(220,156,157)	1.7666	2,2
DPF3	BC019672	0.056109	39.31	0.306	rgb(220,159,159)	1.7664	2,2
HEYL	GPR123	-0.056109	39.31	-3.1E-01	rgb(149,176,229)	1.7664	2,2
NEUROD2	CELSR2	0.056109	39.31	0.314	rgb(220,157,158)	1.7664	None
NHLH1	BGN	-0.056109	39.31	-3.1E-01	rgb(150,176,229)	1.7664	None
PRDM16	KCNK17	-0.056109	39.31	-3.1E-01	rgb(151,177,229)	1.7664	None
PRDM16	SPDYE7P	-0.056109	39.31	-3.1E-01	rgb(150,176,229)	1.7664	None
CCDC17	CGREF1	0.056109	39.31	0.309	rgb(220,158,159)	1.7664	2,2
ZNF117	PGM5P2	0.056109	39.31	0.311	rgb(220,158,158)	1.7664	2,2
LHX1	HAP1	-0.055507	39.3	-3.0E-01	rgb(151,177,228)	1.7662	None
NR4A3	CALCOCO1	0.055507	39.3	0.297	rgb(220,160,161)	1.7662	None
SOX4	KCNJ6	-0.055507	39.3	-3.0E-01	rgb(151,177,229)	1.7662	None
TEAD1	TMEFF2	-0.055507	39.3	-3.0E-01	rgb(151,177,229)	1.7662	None
ZNF519	BAALC	0.055507	39.3	0.297	rgb(220,160,161)	1.7662	None
AEBP1	DOCK4	0.055507	39.3	0.3	rgb(220,160,160)	1.7662	2,2
ARX	TUBA1A	-0.054905	39.29	-2.9E-01	rgb(154,179,228)	1.766	None
CXXC4	AK024119	-0.054905	39.29	-2.9E-01	rgb(155,179,228)	1.766	2,2
EGR3	GABRE	-0.054905	39.29	-2.9E-01	rgb(154,179,228)	1.766	None
FOXD4L5	MIPOL1	0.054905	39.29	0.286	rgb(220,162,163)	1.766	None
HSF2	ROS1	-0.054905	39.29	-2.9E-01	rgb(154,179,228)	1.766	None
LMX1B	FUT1	0.054905	39.29	0.291	rgb(220,161,162)	1.766	None
LMX1B	KCNK17	0.054905	39.29	0.29	rgb(220,162,162)	1.766	None
LMX1B	ZFP28	0.054905	39.29	0.287	rgb(220,162,163)	1.766	None
ONECUT2	USP32P2	0.054905	39.29	0.293	rgb(220,161,162)	1.766	None
PAX4	EFNB3	0.054905	39.29	0.292	rgb(220,161,162)	1.766	None
PBX1	GAP43	0.054905	39.29	0.289	rgb(220,162,162)	1.766	None
SOX4	SMTNL2	-0.054905	39.29	-2.9E-01	rgb(154,179,228)	1.766	None
ZNF846	RGS11	0.054905	39.29	0.294	rgb(220,161,161)	1.766	None
ZNF117	AK125858	0.054905	39.29	0.289	rgb(220,162,162)	1.766	2,2
EGR3	CRMP1	-0.054303	39.28	-2.8E-01	rgb(155,179,228)	1.7658	None
FEV	TSSK4	-0.054303	39.28	-2.8E-01	rgb(157,180,228)	1.7658	None
HIC1	CCDC78	0.054303	39.28	0.276	rgb(220,164,165)	1.7658	None
PRDM16	TMEFF2	-0.054303	39.28	-2.8E-01	rgb(157,180,228)	1.7658	None
ZFHX2	INSC	0.054303	39.28	0.28	rgb(220,163,164)	1.7658	None
E2F7	RASL11B	0.053701	39.27	0.272	rgb(220,165,166)	1.7656	None
EGR3	ELFN1	0.053701	39.27	0.268	rgb(220,166,166)	1.7656	None
FEV	ANKRD45	-0.053701	39.27	-2.7E-01	rgb(158,181,227)	1.7656	None
NKX6-1	AKNA	-0.053701	39.27	-2.7E-01	rgb(158,181,227)	1.7656	None
ONECUT2	TMEM8C	-0.053701	39.27	-2.7E-01	rgb(159,182,227)	1.7656	2,2
PRDM16	LINGO1	0.053701	39.27	0.266	rgb(220,166,167)	1.7656	None
PRDM16	RRAGD	-0.053701	39.27	-2.7E-01	rgb(158,181,227)	1.7656	None
TEAD1	USP6	-0.053701	39.27	-2.7E-01	rgb(158,181,227)	1.7656	None
TET1	KANK2	0.053701	39.27	0.268	rgb(220,166,166)	1.7656	None
ZNF846	NR4A3	-0.053701	39.27	-2.7E-01	rgb(159,182,227)	1.7656	None
ASCL2	LSAMP	-0.0531	39.26	-2.6E-01	rgb(161,183,227)	1.7654	None
EGR3	COL12A1	0.0531	39.26	0.26	rgb(220,167,168)	1.7654	None
ETS1	KCNF1	0.0531	39.26	0.257	rgb(220,168,168)	1.7654	None
MLXIPL	RNF213	-0.0531	39.26	-2.6E-01	rgb(160,182,227)	1.7654	None
PRDM16	SPOCK3	-0.0531	39.26	-2.6E-01	rgb(160,183,227)	1.7654	None
SMAD9	MANEAL	0.0531	39.26	0.261	rgb(220,167,168)	1.7654	None
ZFP28	AKR1B1	-0.0531	39.26	-2.6E-01	rgb(161,183,227)	1.7654	None
ZNF117	AX747175	0.0531	39.26	0.26	rgb(220,167,168)	1.7654	2,2
GATA4	FXYD1	0.052498	39.25	0.253	rgb(220,169,169)	1.7652	None
GATA4	RNF157-AS1	-0.052498	39.25	-2.5E-01	rgb(164,184,226)	1.7652	None
MAFF	HRH3	0.052498	39.25	0.246	rgb(220,170,171)	1.7652	2,2
NR4A2	LHFPL4	0.052498	39.25	0.249	rgb(220,169,170)	1.7652	None
ZNF492	TRAM1L1	-0.052498	39.25	-2.5E-01	rgb(162,184,227)	1.7652	2,2
AKNA	AK027840	-0.052498	39.25	-2.5E-01	rgb(164,185,226)	1.7652	2,2
AKNA	TBC1D3C	-0.052498	39.25	-2.5E-01	rgb(162,184,227)	1.7652	2,2
MYSM1	LOC643406	0.052498	39.25	0.248	rgb(220,170,170)	1.7652	2,2
ARNT2	SV2A	-0.051896	39.24	-2.4E-01	rgb(165,185,226)	1.765	None
ASCL1	KCNAB2	-0.051896	39.24	-2.4E-01	rgb(165,185,226)	1.765	None
E2F7	KIF19	0.051896	39.24	0.237	rgb(220,172,172)	1.765	None
EGR3	ARL9	-0.051896	39.24	-2.4E-01	rgb(164,185,226)	1.765	None
FEV	BRSK1	0.051896	39.24	0.245	rgb(220,170,171)	1.765	None
HES6	SERF2-C15ORF63	0.051896	39.24	0.239	rgb(220,171,172)	1.765	2,2
HSF2	GPRASP2	-0.051896	39.24	-2.4E-01	rgb(164,185,226)	1.765	None
MYRF	AK128593	-0.051896	39.24	-2.4E-01	rgb(165,185,226)	1.765	2,2
ARX	MAPK12	-0.051294	39.23	-2.3E-01	rgb(168,187,226)	1.7648	None
ARX	MSI1	-0.051294	39.23	-2.3E-01	rgb(166,186,226)	1.7648	None
GATA4	CD70	-0.051294	39.23	-2.3E-01	rgb(168,187,226)	1.7648	None
LMX1B	IFI6	0.051294	39.23	0.229	rgb(220,173,174)	1.7648	None
MYRF	LOC284581	-0.051294	39.23	-2.3E-01	rgb(168,187,226)	1.7648	2,2
ONECUT3	KDM1A	-0.051294	39.23	-2.3E-01	rgb(168,187,226)	1.7648	None
RFX6	FXYD6	0.051294	39.23	0.228	rgb(220,173,174)	1.7648	None
RFX6	KCNF1	-0.051294	39.23	-2.3E-01	rgb(167,187,226)	1.7648	None
TEAD2	NEUROD2	-0.051294	39.23	-2.3E-01	rgb(167,187,226)	1.7648	None
ZFP28	NTRK2	0.051294	39.23	0.227	rgb(219,174,174)	1.7648	None
ZNF492	ZFP92	-0.051294	39.23	-2.3E-01	rgb(168,187,226)	1.7648	2,2
AKNA	AK026392	-0.051294	39.23	-2.3E-01	rgb(166,186,226)	1.7648	2,2
EGR3	CHRNA5	0.050692	39.22	0.225	rgb(219,174,175)	1.7646	None
GATA4	TAC3	-0.050692	39.22	-2.2E-01	rgb(170,188,225)	1.7646	None
LMX1A	PCSK2	-0.050692	39.22	-2.2E-01	rgb(170,188,225)	1.7646	None
NEUROG3	RAB39B	0.050692	39.22	0.223	rgb(219,174,175)	1.7646	2,2
ONECUT3	AK311213	-0.050692	39.22	-2.2E-01	rgb(170,188,225)	1.7646	2,2
PBX3	PRKCH	-0.050692	39.22	-2.2E-01	rgb(169,188,225)	1.7646	None
TEAD1	SCG3	-0.050692	39.22	-2.2E-01	rgb(170,188,225)	1.7646	None
ZNF492	SOCS1	-0.050692	39.22	-2.2E-01	rgb(170,188,225)	1.7646	None
HIF1A	MANEAL	-0.05009	39.21	-2.1E-01	rgb(172,190,225)	1.7644	None
PBX3	SIRPA	-0.05009	39.21	-2.1E-01	rgb(171,189,225)	1.7644	None
PBX3	STRC	0.05009	39.21	0.205	rgb(219,178,178)	1.7644	None
PDX1	CYP4F24P	-0.05009	39.21	-2.1E-01	rgb(172,190,225)	1.7644	None
POU5F1	ROBO1	0.05009	39.21	0.208	rgb(219,177,178)	1.7644	None
E2F7	UNC80	-0.049488	39.2	-2.0E-01	rgb(173,190,225)	1.7642	None
ELF4	CDKN1A	0.049488	39.2	0.204	rgb(219,178,178)	1.7642	None
FEV	IL17C	-0.049488	39.2	-2.0E-01	rgb(174,191,225)	1.7642	None
HSF2	TSSK4	-0.049488	39.2	-2.0E-01	rgb(173,190,225)	1.7642	None
PBX3	SGSM1	0.049488	39.2	0.202	rgb(219,178,179)	1.7642	None
RORC	ZRANB2-AS1	-0.049488	39.2	-2.0E-01	rgb(173,190,225)	1.7642	None
TGIF2	TMPRSS11E	-0.049488	39.2	-2.0E-01	rgb(174,191,224)	1.7642	None
FOXJ1	CTNND1	0.048887	39.19	0.194	rgb(219,180,180)	1.764	None
GATA4	SCARA3	-0.048887	39.19	-1.9E-01	rgb(176,192,224)	1.764	None
HSF2	MAGED4	0.048887	39.19	0.187	rgb(219,181,182)	1.764	None
PAX6	NEAT1	-0.048887	39.19	-1.9E-01	rgb(177,193,224)	1.764	None
SMAD9	VGF	0.048887	39.19	0.19	rgb(219,181,181)	1.764	None
TEAD2	CLIP3	-0.048887	39.19	-1.9E-01	rgb(177,192,224)	1.764	None
EGR3	TMEFF1	0.048285	39.18	0.176	rgb(219,183,184)	1.7638	None
ETS1	ATF6	0.048285	39.18	0.179	rgb(219,183,183)	1.7638	None
ETS1	ISL1	-0.048285	39.18	-1.8E-01	rgb(178,193,224)	1.7638	None
HLF	DNAH11	0.048285	39.18	0.177	rgb(219,183,184)	1.7638	None
LHX1	PRKCH	0.048285	39.18	0.18	rgb(219,183,183)	1.7638	None
NEUROD1	TLE3	-0.048285	39.18	-1.8E-01	rgb(179,194,224)	1.7638	None
RFX6	CYP4F24P	0.048285	39.18	0.183	rgb(219,182,182)	1.7638	None
CCDC17	BX647938	0.048285	39.18	0.178	rgb(219,183,183)	1.7638	2,2
FOXA1	TET1	0.047683	39.17	0.175	rgb(219,184,184)	1.7636	None
NFAT5	SDK1	-0.047683	39.17	-1.7E-01	rgb(179,194,224)	1.7636	None
NR4A2	ZFP2	-0.047683	39.17	-1.7E-01	rgb(181,195,223)	1.7636	None
POU2F2	KCNE4	-0.047683	39.17	-1.7E-01	rgb(180,194,223)	1.7636	None
SIX2	CCDC154	-0.047683	39.17	-1.7E-01	rgb(181,195,223)	1.7636	2,2
GATA4	TRPC6	-0.047081	39.16	-1.6E-01	rgb(182,196,223)	1.7634	None
HSF2	RAB36	-0.047081	39.16	-1.6E-01	rgb(182,195,223)	1.7634	None
NEUROG3	CNGA3	-0.047081	39.16	-1.6E-01	rgb(183,196,223)	1.7634	None
NKX2-2	ZSCAN12P1	-0.047081	39.16	-1.6E-01	rgb(182,196,223)	1.7634	2,2
TEAD2	ENPP1	0.047081	39.16	0.155	rgb(219,187,188)	1.7634	None
ZFP28	SLC25A27	-0.047081	39.16	-1.6E-01	rgb(181,195,223)	1.7634	None
ARX	TTLL10	0.046479	39.15	0.154	rgb(219,188,188)	1.7632	None
ETV1	CATSPERB	0.046479	39.15	0.146	rgb(219,189,189)	1.7632	None
GATA4	SPC25	0.046479	39.15	0.153	rgb(219,188,188)	1.7632	None
LHX1	AEBP1	-0.046479	39.15	-1.5E-01	rgb(185,198,223)	1.7632	None
MYRF	AX746991	-0.046479	39.15	-1.5E-01	rgb(184,197,223)	1.7632	2,2
PAX6	OLFML2B	0.046479	39.15	0.151	rgb(219,188,188)	1.7632	None
POU6F1	CR627394	0.046479	39.15	0.152	rgb(219,188,188)	1.7632	2,2
PRDM16	NRXN2	-0.046479	39.15	-1.5E-01	rgb(184,197,223)	1.7632	None
SPIB	RBP2	0.046479	39.15	0.152	rgb(219,188,188)	1.7632	None
ZFP28	IFI44L	-0.046479	39.15	-1.5E-01	rgb(184,197,223)	1.7632	None
E2F7	VAV3	-0.045877	39.14	-1.4E-01	rgb(187,199,222)	1.763	None
ETV1	G0S2	0.045877	39.14	0.139	rgb(219,190,191)	1.763	None
ETV1	HOMEZ	-0.045877	39.14	-1.4E-01	rgb(187,199,222)	1.763	None
GATA4	ARL9	-0.045877	39.14	-1.4E-01	rgb(188,199,222)	1.763	None
GATA4	CTXN1	-0.045877	39.14	-1.4E-01	rgb(186,198,222)	1.763	None
LMX1B	TLE3	0.045877	39.14	0.142	rgb(219,190,190)	1.763	None
NKX2-2	AK123654	-0.045877	39.14	-1.4E-01	rgb(187,199,222)	1.763	2,2
PBX1	FSTL5	0.045877	39.14	0.136	rgb(218,191,191)	1.763	None
TEAD2	SLC7A2	0.045877	39.14	0.143	rgb(219,190,190)	1.763	None
TET1	AHNAK	0.045877	39.14	0.142	rgb(219,190,190)	1.763	None
ETS1	NOVA2	-0.045275	39.13	-1.3E-01	rgb(188,199,222)	1.7628	None
ETV1	C7	0.045275	39.13	0.13	rgb(218,192,192)	1.7628	None
ETV1	KCNJ2	0.045275	39.13	0.133	rgb(218,192,192)	1.7628	None
FEV	ACOT7	0.045275	39.13	0.133	rgb(218,192,192)	1.7628	None
MAFF	RPL36A-HNRNPH2	-0.045275	39.13	-1.3E-01	rgb(188,199,222)	1.7628	None
RFX2	SSTR5	0.045275	39.13	0.134	rgb(218,191,192)	1.7628	None
SPIB	ADH6	0.045275	39.13	0.126	rgb(218,193,193)	1.7628	None
ZNF788	AK310876	0.045275	39.13	0.129	rgb(218,192,193)	1.7628	2,2
EGR3	HIP1	-0.044674	39.12	-1.2E-01	rgb(191,201,222)	1.7626	None
LMX1A	CTNND1	0.044674	39.12	0.118	rgb(218,194,195)	1.7626	None
NFAT5	MAPK10	0.044674	39.12	0.116	rgb(218,195,195)	1.7626	None
GLIS2	SLC12A5	-0.044072	39.11	-1.1E-01	rgb(192,202,221)	1.7624	None
HIC1	SPDYA	-0.044072	39.11	-1.1E-01	rgb(194,203,221)	1.7624	None
HSF2	APOC3	0.044072	39.11	0.109	rgb(218,196,196)	1.7624	None
HSF2	DHRS2	-0.044072	39.11	-1.1E-01	rgb(194,203,221)	1.7624	None
NEUROD1	BCRP3	-0.044072	39.11	-1.1E-01	rgb(194,203,221)	1.7624	None
EGR3	APOC3	0.04347	39.1	0.099	rgb(218,198,198)	1.7622	None
ZFHX2	ITPRIP	-0.04347	39.1	-1.0E-01	rgb(195,204,221)	1.7622	None
LHX1	SLC6A16	-0.042868	39.09	-9.0E-02	rgb(197,205,220)	1.762	None
LMX1B	CYMP	0.042868	39.09	0.091	rgb(218,200,200)	1.762	None
PAX6	CPLX2	-0.042868	39.09	-9.1E-02	rgb(197,205,220)	1.762	None
PAX6	THBS4	-0.042868	39.09	-8.8E-02	rgb(198,205,220)	1.762	None
PRDM16	DSCAML1	-0.042868	39.09	-9.4E-02	rgb(197,205,221)	1.762	None
SPIB	GDF1	0.042868	39.09	0.086	rgb(218,201,201)	1.762	None
CSRNP3	AK056486	0.042868	39.09	0.088	rgb(218,200,200)	1.762	2,2
MYSM1	AK055017	-0.042868	39.09	-9.2E-02	rgb(197,205,220)	1.762	2,2
E2F7	KSR2	0.042266	39.08	0.083	rgb(218,201,201)	1.7618	None
ETS1	GRIK5	-0.042266	39.08	-8.4E-02	rgb(199,206,220)	1.7618	None
GATA2	PRPH	0.042266	39.08	0.083	rgb(218,201,201)	1.7618	None
GATA4	DLG2	0.042266	39.08	0.078	rgb(218,202,202)	1.7618	None
GATA4	TMEM61	-0.042266	39.08	-8.0E-02	rgb(200,206,220)	1.7618	None
LMX1B	ANKRD45	0.042266	39.08	0.078	rgb(218,202,202)	1.7618	None
PAX4	MAPK7	-0.042266	39.08	-7.9E-02	rgb(200,207,220)	1.7618	None
TEAD1	NEUROD2	-0.042266	39.08	-7.9E-02	rgb(200,207,220)	1.7618	None
ZNF382	FBN1	-0.042266	39.08	-8.3E-02	rgb(199,206,220)	1.7618	2,2
FEV	PLAC4	0.041664	39.07	0.071	rgb(218,203,204)	1.7616	None
ISL1	TBC1D8B	0.041664	39.07	0.074	rgb(218,203,203)	1.7616	None
FOXA1	ROBO1	0.041062	39.06	0.06	rgb(218,206,206)	1.7614	None
SMAD9	NDRG4	-0.041062	39.06	-6.4E-02	rgb(203,209,219)	1.7614	None
TEAD1	CTTNBP2	-0.041062	39.06	-5.8E-02	rgb(204,209,219)	1.7614	None
MYSM1	UBE2Q2P2	0.041062	39.06	0.058	rgb(218,206,206)	1.7614	2,2
ZNF514	AX748292	0.041062	39.06	0.06	rgb(218,206,206)	1.7614	2,2
ARX	APLN	-0.040461	39.05	-4.9E-02	rgb(206,211,219)	1.7612	None
E2F7	POU5F1	-0.040461	39.05	-4.9E-02	rgb(206,211,219)	1.7612	None
SIM1	NXF2	0.040461	39.05	0.055	rgb(218,207,207)	1.7612	2,2
ASCL1	SIRPA	0.039859	39.04	0.045	rgb(217,208,209)	1.761	None
NKX2-2	NHLH1	-0.039859	39.04	-3.8E-02	rgb(209,212,218)	1.761	None
TEAD2	MLXIPL	0.039859	39.04	0.045	rgb(217,208,209)	1.761	None
EGR3	NEGR1	0.039257	39.03	0.031	rgb(217,211,211)	1.7608	None
EGR3	TSPAN7	-0.038655	39.02	-2.3E-02	rgb(212,214,218)	1.7606	None
ETV1	NPM2	-0.038655	39.02	-2.5E-02	rgb(212,214,218)	1.7606	None
GATA4	LTF	-0.038655	39.02	-1.7E-02	rgb(213,215,218)	1.7606	None
MAFA	EBF3	0.038655	39.02	0.017	rgb(217,214,214)	1.7606	None
ONECUT2	KIRREL3	0.038655	39.02	0.024	rgb(217,212,212)	1.7606	None
TEAD1	SYT5	-0.038655	39.02	-1.7E-02	rgb(213,215,218)	1.7606	None
KCNIP3	CLEC4G	-0.038655	39.02	-2.4E-02	rgb(212,214,218)	1.7606	2,2
ONECUT2	RAB26	0.038053	39.01	0.012	rgb(217,215,215)	1.7604	None
PBX1	CITED4	-0.038053	39.01	-8.9E-03	rgb(215,216,217)	1.7604	None
ARX	C1RL-AS1	0.037451	39	0.005	rgb(217,216,216)	1.7602	None
GATA4	ABLIM2	-0.037451	39	-2.4E-03	rgb(216,217,217)	1.7602	None
MAFA	GPR155	0.037451	39	5.6E-04	rgb(217,217,217)	1.7602	None
NEUROG3	CHST10	-0.037451	39	-3.7E-03	rgb(216,217,217)	1.7602	None
RORC	CEP290	-0.037451	39	-3.9E-03	rgb(216,216,217)	1.7602	None
