TF	Target	SignedQuantile	NonzeroSubsamples(Stability)	pCorr	stroke	stroke-width	stroke-dasharray
RFX6	ST18	1	51	0.995	rgb(228, 27, 29)	2	None
ASCL1	SV2B	0.99707	50.99	0.987	rgb(228, 29, 31)	1.9998	None
INSM1	PGA5	0.99707	50.99	0.987	rgb(228, 29, 31)	1.9998	None
RFX6	NEUROD1	0.99707	50.99	0.993	rgb(228, 27, 29)	1.9998	None
RFX6	NKX2-2	0.99707	50.99	0.992	rgb(228, 28, 30)	1.9998	None
ETS1	GSTM2	-0.99414	50.98	-9.8E-01	rgb(  5, 88,254)	1.9996	None
NEUROD1	CHGA	0.99414	50.98	0.984	rgb(228, 29, 31)	1.9996	None
NEUROD1	RGS4	0.99414	50.98	0.984	rgb(228, 29, 31)	1.9996	None
NEUROD1	SCN3A	0.99414	50.98	0.981	rgb(228, 30, 32)	1.9996	None
NFAT5	GPM6B	0.99414	50.98	0.978	rgb(228, 30, 32)	1.9996	2,2
RFX6	MARCH4	0.99414	50.98	0.979	rgb(228, 30, 32)	1.9996	None
ARX	AF131837	0.99121	50.97	0.972	rgb(228, 31, 33)	1.9994	2,2
ARX	MMRN1	0.99121	50.97	0.975	rgb(228, 31, 33)	1.9994	None
NEUROD1	SCG3	0.99121	50.97	0.972	rgb(228, 31, 33)	1.9994	None
NEUROD1	UBE2QL1	0.99121	50.97	0.971	rgb(228, 32, 34)	1.9994	None
RFX6	CA8	0.99121	50.97	0.971	rgb(228, 32, 34)	1.9994	None
ARX	ID4	0.98827	50.96	0.957	rgb(228, 34, 36)	1.9992	None
FOXP2	COL21A1	0.98827	50.96	0.959	rgb(228, 34, 36)	1.9992	None
NEUROD1	GPR119	0.98827	50.96	0.961	rgb(228, 33, 35)	1.9992	None
NEUROD1	SCG2	0.98827	50.96	0.961	rgb(228, 34, 35)	1.9992	None
NFAT5	TMEM212	0.98827	50.96	0.961	rgb(228, 33, 35)	1.9992	None
ATOH8	TMEM8C	0.98827	50.96	0.961	rgb(228, 33, 35)	1.9992	2,2
ETV1	SV2A	0.98534	50.95	0.949	rgb(227, 36, 38)	1.999	None
FEV	BRS3	0.98534	50.95	0.952	rgb(227, 35, 37)	1.999	None
GATA2	FAM171B	0.98534	50.95	0.946	rgb(227, 36, 38)	1.999	None
LMX1A	GFRA3	0.98534	50.95	0.952	rgb(227, 35, 37)	1.999	None
NEUROD1	LOC100507351	0.98534	50.95	0.947	rgb(227, 36, 38)	1.999	None
FEV	SLC18A1	0.98241	50.94	0.945	rgb(227, 37, 38)	1.9988	None
FEV	TUB	0.98241	50.94	0.939	rgb(227, 38, 40)	1.9988	None
HHEX	TTR	0.98241	50.94	0.943	rgb(227, 37, 39)	1.9988	None
ISL1	SGCD	0.98241	50.94	0.945	rgb(227, 37, 38)	1.9988	None
NEUROD1	DUSP26	0.98241	50.94	0.942	rgb(227, 37, 39)	1.9988	None
NEUROD1	HES6	0.98241	50.94	0.936	rgb(227, 38, 40)	1.9988	None
NEUROD1	LOC642366	0.98241	50.94	0.945	rgb(227, 37, 38)	1.9988	None
NEUROG3	C2CD4A	0.98241	50.94	0.936	rgb(227, 38, 40)	1.9988	None
RFX6	BTBD17	0.98241	50.94	0.94	rgb(227, 37, 39)	1.9988	None
ASCL2	RAB36	0.97948	50.93	0.931	rgb(227, 39, 41)	1.9986	None
ETV1	SCG5	0.97948	50.93	0.934	rgb(227, 39, 40)	1.9986	None
ETV1	SST	0.97948	50.93	0.927	rgb(227, 40, 42)	1.9986	None
FEV	AMER3	0.97948	50.93	0.93	rgb(227, 39, 41)	1.9986	None
FEV	KCNK16	0.97948	50.93	0.933	rgb(227, 39, 41)	1.9986	None
FEV	NEGR1	0.97948	50.93	0.933	rgb(227, 39, 41)	1.9986	None
LMX1A	PYY	0.97948	50.93	0.926	rgb(227, 40, 42)	1.9986	None
LMX1B	BAALC	0.97948	50.93	0.93	rgb(227, 39, 41)	1.9986	None
NEUROD1	ADORA2A	0.97948	50.93	0.932	rgb(227, 39, 41)	1.9986	None
NEUROD1	LRRTM3	0.97948	50.93	0.933	rgb(227, 39, 41)	1.9986	None
PDX1	SESN2	0.97948	50.93	0.926	rgb(227, 40, 42)	1.9986	None
RFX6	LOC646903	0.97948	50.93	0.932	rgb(227, 39, 41)	1.9986	None
RFX6	TOX	0.97948	50.93	0.932	rgb(227, 39, 41)	1.9986	None
SOX4	PROX1	0.97948	50.93	0.927	rgb(227, 40, 42)	1.9986	None
TP73	AMPD3	0.97948	50.93	0.926	rgb(227, 40, 42)	1.9986	None
ARX	FEV	0.97655	50.92	0.923	rgb(227, 41, 43)	1.9984	None
ARX	MAFB	0.97655	50.92	0.917	rgb(227, 42, 44)	1.9984	None
ARX	SVOP	0.97655	50.92	0.924	rgb(227, 41, 42)	1.9984	None
ETS1	CNOT6L	0.97655	50.92	0.915	rgb(227, 42, 44)	1.9984	None
FEV	NOVA2	0.97655	50.92	0.92	rgb(227, 41, 43)	1.9984	None
FOXA1	FAM13A-AS1	-0.97655	50.92	-9.2E-01	rgb( 18, 96,252)	1.9984	None
NEUROD1	ASXL3	0.97655	50.92	0.923	rgb(227, 41, 43)	1.9984	None
ONECUT2	FOXD4L2	0.97655	50.92	0.916	rgb(227, 42, 44)	1.9984	2,2
ONECUT2	PRDM16	0.97655	50.92	0.92	rgb(227, 41, 43)	1.9984	None
RFX6	LOC728392	0.97655	50.92	0.917	rgb(227, 42, 44)	1.9984	None
TEAD1	RFX3	0.97655	50.92	0.915	rgb(227, 42, 44)	1.9984	None
ARX	CPB1	0.97362	50.91	0.907	rgb(227, 44, 46)	1.9982	None
FEV	PGM5	0.97362	50.91	0.909	rgb(227, 43, 45)	1.9982	None
FOXA2	NREP	0.97362	50.91	0.907	rgb(227, 44, 46)	1.9982	None
LMX1A	KIAA2022	0.97362	50.91	0.906	rgb(227, 44, 46)	1.9982	2,2
LMX1B	RAP1GAP2	0.97362	50.91	0.907	rgb(227, 44, 45)	1.9982	None
NEUROD1	DLL3	0.97362	50.91	0.913	rgb(227, 43, 44)	1.9982	None
NEUROD1	SUCNR1	0.97362	50.91	0.912	rgb(227, 43, 45)	1.9982	None
NEUROG3	KCNE4	0.97362	50.91	0.908	rgb(227, 44, 45)	1.9982	None
NKX2-2	ARHGEF25	0.97362	50.91	0.907	rgb(227, 44, 46)	1.9982	2,2
ONECUT2	LAMP5	-0.97362	50.91	-9.1E-01	rgb( 20, 97,252)	1.9982	None
RFX3	TEAD1	0.97362	50.91	0.91	rgb(227, 43, 45)	1.9982	None
RFX6	KCNH6	0.97362	50.91	0.909	rgb(227, 43, 45)	1.9982	None
RORC	ZNF117	-0.97362	50.91	-9.1E-01	rgb( 20, 97,251)	1.9982	None
SOX4	SUSD2	0.97362	50.91	0.907	rgb(227, 44, 46)	1.9982	None
ETS1	MUC16	-0.97069	50.9	-9.0E-01	rgb( 22, 98,251)	1.998	None
ETS1	SOX4	0.97069	50.9	0.903	rgb(227, 45, 46)	1.998	None
ETV1	CHGB	0.97069	50.9	0.904	rgb(227, 44, 46)	1.998	None
FEV	GHRL	0.97069	50.9	0.905	rgb(227, 44, 46)	1.998	None
FEV	HLA-DQA2	0.97069	50.9	0.902	rgb(227, 45, 47)	1.998	2,2
FEV	SCGB1A1	0.97069	50.9	0.898	rgb(227, 45, 47)	1.998	None
FOXA1	SMOC2	-0.97069	50.9	-9.0E-01	rgb( 21, 98,251)	1.998	None
FOXP2	GIP	-0.97069	50.9	-9.0E-01	rgb( 23, 99,251)	1.998	None
LMX1B	FGF9	0.97069	50.9	0.899	rgb(227, 45, 47)	1.998	None
LMX1B	FUT1	0.97069	50.9	0.902	rgb(227, 45, 46)	1.998	None
LMX1B	PTCHD2	0.97069	50.9	0.902	rgb(227, 45, 47)	1.998	2,2
MXI1	ID1	0.97069	50.9	0.903	rgb(227, 45, 46)	1.998	None
NEUROD1	SSTR2	0.97069	50.9	0.898	rgb(227, 46, 47)	1.998	None
NFAT5	ANP32A-IT1	0.97069	50.9	0.899	rgb(227, 45, 47)	1.998	2,2
ONECUT3	SSBP2	-0.97069	50.9	-9.0E-01	rgb( 22, 98,251)	1.998	None
PBX1	CREBRF	0.97069	50.9	0.897	rgb(227, 46, 47)	1.998	None
SOX4	CYP27A1	0.97069	50.9	0.897	rgb(227, 46, 47)	1.998	None
SOX4	PCBP4	0.97069	50.9	0.898	rgb(227, 45, 47)	1.998	None
TEAD2	MMP11	0.97069	50.9	0.895	rgb(227, 46, 48)	1.998	None
ZNF846	NKTR	0.97069	50.9	0.901	rgb(227, 45, 47)	1.998	None
ATF5	IL17C	-0.96775	50.89	-8.9E-01	rgb( 23, 99,251)	1.9978	None
ETV1	ANKRD13B	0.96775	50.89	0.889	rgb(227, 47, 49)	1.9978	None
ETV1	ELAVL3	0.96775	50.89	0.892	rgb(227, 47, 48)	1.9978	None
GATA6	CORO2B	-0.96775	50.89	-8.9E-01	rgb( 25,100,251)	1.9978	None
LMX1B	SLC6A16	0.96775	50.89	0.89	rgb(227, 47, 49)	1.9978	None
NEUROD1	SEPT5-GP1BB	0.96775	50.89	0.89	rgb(227, 47, 49)	1.9978	2,2
NFAT5	AK094325	0.96775	50.89	0.887	rgb(227, 48, 49)	1.9978	2,2
NFAT5	NEAT1	0.96775	50.89	0.892	rgb(227, 47, 48)	1.9978	None
PRDM16	PRKXP1	0.96775	50.89	0.886	rgb(227, 48, 49)	1.9978	None
RFX6	KIF1A	0.96775	50.89	0.891	rgb(227, 47, 49)	1.9978	None
RFX6	LINC00643	0.96775	50.89	0.89	rgb(227, 47, 49)	1.9978	None
SOX4	SPARC	0.96775	50.89	0.889	rgb(227, 47, 49)	1.9978	None
TEAD2	TGIF2	0.96775	50.89	0.886	rgb(227, 48, 49)	1.9978	None
TFCP2L1	FCGBP	0.96775	50.89	0.893	rgb(227, 46, 48)	1.9978	None
ARX	CPT1C	0.96482	50.88	0.877	rgb(227, 49, 51)	1.9976	None
ASCL1	KCNB2	0.96482	50.88	0.875	rgb(227, 50, 52)	1.9976	None
ASCL2	KIAA1324	0.96482	50.88	0.877	rgb(227, 50, 51)	1.9976	None
ELF4	CD52	-0.96482	50.88	-8.8E-01	rgb( 27,101,250)	1.9976	None
FEV	FBXL16	0.96482	50.88	0.885	rgb(227, 48, 50)	1.9976	None
HIF1A	CBLN1	-0.96482	50.88	-8.8E-01	rgb( 26,101,250)	1.9976	None
ISL1	SYT4	0.96482	50.88	0.875	rgb(227, 50, 52)	1.9976	2,2
LHX1	CORO2B	-0.96482	50.88	-8.8E-01	rgb( 26,101,250)	1.9976	None
LMX1A	STX1A	0.96482	50.88	0.882	rgb(227, 48, 50)	1.9976	None
LMX1B	RGS5	0.96482	50.88	0.882	rgb(227, 48, 50)	1.9976	None
MXI1	RAB36	-0.96482	50.88	-8.8E-01	rgb( 25,100,251)	1.9976	None
NEUROG3	CABP7	0.96482	50.88	0.877	rgb(227, 50, 51)	1.9976	None
NFAT5	ONECUT2	0.96482	50.88	0.882	rgb(227, 49, 50)	1.9976	None
ONECUT2	AX747850	0.96482	50.88	0.884	rgb(227, 48, 50)	1.9976	2,2
PDX1	CDKN1A	0.96482	50.88	0.883	rgb(227, 48, 50)	1.9976	None
PDX1	CENPE	-0.96482	50.88	-8.8E-01	rgb( 26,101,251)	1.9976	None
SMAD9	IRF2BP1	-0.96482	50.88	-8.8E-01	rgb( 26,101,250)	1.9976	None
SOX4	SBK1	0.96482	50.88	0.877	rgb(227, 50, 51)	1.9976	None
SOX4	UBE2QL1	-0.96482	50.88	-8.8E-01	rgb( 27,101,250)	1.9976	None
TEAD2	TUBB3	0.96482	50.88	0.882	rgb(227, 49, 50)	1.9976	None
ASCL2	STXBP1	0.96189	50.87	0.866	rgb(227, 52, 53)	1.9974	None
ETS1	RNF157-AS1	-0.96189	50.87	-8.7E-01	rgb( 28,102,250)	1.9974	None
FEV	TPST2	0.96189	50.87	0.872	rgb(227, 50, 52)	1.9974	None
FOXP2	ROBO1	0.96189	50.87	0.873	rgb(227, 50, 52)	1.9974	None
GATA2	NDRG4	0.96189	50.87	0.868	rgb(227, 51, 53)	1.9974	None
HES4	HINT1	0.96189	50.87	0.87	rgb(227, 51, 52)	1.9974	None
LMX1A	TPH1	0.96189	50.87	0.874	rgb(227, 50, 52)	1.9974	None
LMX1B	NOL4	0.96189	50.87	0.865	rgb(227, 52, 53)	1.9974	None
MXI1	ETS1	0.96189	50.87	0.867	rgb(227, 51, 53)	1.9974	None
NEUROD1	LOC100129175	0.96189	50.87	0.866	rgb(227, 52, 53)	1.9974	None
NEUROD2	ARHGAP22	0.96189	50.87	0.871	rgb(227, 51, 52)	1.9974	None
NEUROG3	CCND2	0.96189	50.87	0.866	rgb(227, 52, 53)	1.9974	None
NEUROG3	PMP22	0.96189	50.87	0.874	rgb(227, 50, 52)	1.9974	None
NFAT5	AK124970	0.96189	50.87	0.871	rgb(227, 51, 52)	1.9974	2,2
NR4A3	STMND1	-0.96189	50.87	-8.7E-01	rgb( 29,103,250)	1.9974	None
PAX4	CELA3A	0.96189	50.87	0.866	rgb(227, 52, 53)	1.9974	None
PDX1	ASRGL1	0.96189	50.87	0.866	rgb(227, 52, 53)	1.9974	None
PDX1	SAMD11	0.96189	50.87	0.87	rgb(227, 51, 52)	1.9974	None
POU2F2	CCDC146	0.96189	50.87	0.87	rgb(227, 51, 53)	1.9974	None
RFX6	PDZRN3	0.96189	50.87	0.873	rgb(227, 50, 52)	1.9974	None
RFX6	PRR18	0.96189	50.87	0.872	rgb(227, 50, 52)	1.9974	None
SOX4	CDH5	0.96189	50.87	0.873	rgb(227, 50, 52)	1.9974	None
SOX4	MDK	0.96189	50.87	0.875	rgb(227, 50, 52)	1.9974	None
SOX4	PLCG2	0.96189	50.87	0.867	rgb(227, 51, 53)	1.9974	None
TEAD2	RAB36	0.96189	50.87	0.865	rgb(227, 52, 53)	1.9974	None
ZFHX2	CHRNA1	-0.96189	50.87	-8.7E-01	rgb( 29,103,250)	1.9974	None
ZNF846	ABCC9	0.96189	50.87	0.865	rgb(227, 52, 53)	1.9974	2,2
ZNF846	BC029255	0.96189	50.87	0.872	rgb(227, 50, 52)	1.9974	2,2
EGR3	EMB	-0.95896	50.86	-8.6E-01	rgb( 31,104,250)	1.9972	None
ETS1	TSHZ1	0.95896	50.86	0.858	rgb(226, 53, 55)	1.9972	None
ETV1	CCDC74B	0.95896	50.86	0.862	rgb(226, 52, 54)	1.9972	None
ETV1	RIMBP2	0.95896	50.86	0.858	rgb(226, 53, 55)	1.9972	None
FEV	ASCL1	0.95896	50.86	0.859	rgb(226, 53, 55)	1.9972	2,2
FEV	BRSK1	0.95896	50.86	0.862	rgb(226, 52, 54)	1.9972	None
FOXP2	STK31	0.95896	50.86	0.861	rgb(226, 53, 54)	1.9972	None
LMX1A	RGS11	0.95896	50.86	0.864	rgb(227, 52, 54)	1.9972	None
MAFA	CHGA	-0.95896	50.86	-8.6E-01	rgb( 31,104,250)	1.9972	None
NEUROG3	AKR1B1	0.95896	50.86	0.859	rgb(226, 53, 55)	1.9972	None
NEUROG3	ELF4	-0.95896	50.86	-8.6E-01	rgb( 30,104,250)	1.9972	None
ONECUT3	MSMB	-0.95896	50.86	-8.6E-01	rgb( 31,104,250)	1.9972	None
PDX1	BAMBI	0.95896	50.86	0.856	rgb(226, 54, 55)	1.9972	None
RFX6	TUBA3FP	0.95896	50.86	0.858	rgb(226, 53, 55)	1.9972	None
SOX4	MEX3A	0.95896	50.86	0.858	rgb(226, 53, 55)	1.9972	None
SOX4	RAP1GAP2	0.95896	50.86	0.861	rgb(226, 53, 54)	1.9972	None
SPIB	MS4A8	0.95896	50.86	0.864	rgb(227, 52, 54)	1.9972	None
TFCP2L1	CACNA1C	-0.95896	50.86	-8.6E-01	rgb( 31,104,250)	1.9972	None
TFCP2L1	PTPRN2	0.95896	50.86	0.862	rgb(226, 52, 54)	1.9972	None
TP73	CYMP	0.95896	50.86	0.856	rgb(226, 54, 55)	1.9972	None
TP73	SHF	0.95896	50.86	0.861	rgb(226, 52, 54)	1.9972	None
ZNF519	ZNF846	0.95896	50.86	0.862	rgb(226, 52, 54)	1.9972	None
ARX	KIF1A	0.95603	50.85	0.845	rgb(226, 56, 57)	1.997	None
ASCL2	PLEKHB1	0.95603	50.85	0.854	rgb(226, 54, 55)	1.997	None
EGR3	SMARCA1	0.95603	50.85	0.848	rgb(226, 55, 57)	1.997	None
ETS1	UCP2	-0.95603	50.85	-8.5E-01	rgb( 32,104,249)	1.997	None
ETS1	XKR7	0.95603	50.85	0.85	rgb(226, 55, 56)	1.997	None
ETV1	KCNH3	0.95603	50.85	0.854	rgb(226, 54, 56)	1.997	None
HIF1A	ATF7IP	0.95603	50.85	0.849	rgb(226, 55, 56)	1.997	None
LMX1B	MAP6	0.95603	50.85	0.849	rgb(226, 55, 57)	1.997	None
NEUROD1	BHMT	0.95603	50.85	0.853	rgb(226, 54, 56)	1.997	None
NEUROD1	FFAR1	0.95603	50.85	0.847	rgb(226, 55, 57)	1.997	None
NEUROD2	VASH2	0.95603	50.85	0.848	rgb(226, 55, 57)	1.997	None
NKX2-2	GNAO1	0.95603	50.85	0.85	rgb(226, 55, 56)	1.997	None
NR4A2	PER2	0.95603	50.85	0.853	rgb(226, 54, 56)	1.997	None
NR4A2	ZNF117	0.95603	50.85	0.85	rgb(226, 55, 56)	1.997	None
ONECUT2	AK090700	0.95603	50.85	0.846	rgb(226, 55, 57)	1.997	2,2
ONECUT2	QDPR	-0.95603	50.85	-8.5E-01	rgb( 34,105,249)	1.997	None
PAX4	C1QL1	0.95603	50.85	0.852	rgb(226, 54, 56)	1.997	None
PAX4	LAPTM5	0.95603	50.85	0.855	rgb(226, 54, 55)	1.997	None
PDX1	CBX2	0.95603	50.85	0.851	rgb(226, 55, 56)	1.997	None
RFX6	CACNB2	0.95603	50.85	0.855	rgb(226, 54, 55)	1.997	None
SOX4	CYMP	0.95603	50.85	0.854	rgb(226, 54, 56)	1.997	None
SOX4	MEX3B	0.95603	50.85	0.855	rgb(226, 54, 55)	1.997	None
SPIB	CELSR3	0.95603	50.85	0.85	rgb(226, 55, 56)	1.997	None
ZFHX2	CCDC40	0.95603	50.85	0.847	rgb(226, 55, 57)	1.997	None
ZNF519	CBLN1	-0.95603	50.85	-8.5E-01	rgb( 33,105,249)	1.997	None
ZNF846	HNRNPU-AS1	0.95603	50.85	0.848	rgb(226, 55, 57)	1.997	2,2
ZNF846	LOC646214	0.95603	50.85	0.847	rgb(226, 55, 57)	1.997	2,2
ASCL2	BAIAP3	0.9531	50.84	0.839	rgb(226, 57, 58)	1.9968	None
EGR3	CD300LF	-0.9531	50.84	-8.4E-01	rgb( 35,106,249)	1.9968	None
ETS1	HMGN3	-0.9531	50.84	-8.4E-01	rgb( 35,107,249)	1.9968	None
FEV	WNK3	0.9531	50.84	0.842	rgb(226, 56, 58)	1.9968	None
FOXA1	ZFP90	0.9531	50.84	0.839	rgb(226, 57, 58)	1.9968	None
FOXA2	DHRS2	0.9531	50.84	0.844	rgb(226, 56, 57)	1.9968	None
LMX1A	ADCY2	0.9531	50.84	0.836	rgb(226, 57, 59)	1.9968	None
MAFA	PPP1R14A	0.9531	50.84	0.839	rgb(226, 57, 58)	1.9968	None
MAFA	PYY	0.9531	50.84	0.838	rgb(226, 57, 59)	1.9968	None
MAFF	APBB2	-0.9531	50.84	-8.4E-01	rgb( 34,106,249)	1.9968	None
MAFF	BC043205	-0.9531	50.84	-8.4E-01	rgb( 35,106,249)	1.9968	2,2
NEUROD1	TMEM196	0.9531	50.84	0.841	rgb(226, 56, 58)	1.9968	None
NEUROG3	CELA3A	0.9531	50.84	0.843	rgb(226, 56, 58)	1.9968	None
NR4A3	HEYL	0.9531	50.84	0.842	rgb(226, 56, 58)	1.9968	None
NR4A3	RNF157-AS1	0.9531	50.84	0.839	rgb(226, 57, 59)	1.9968	None
PDX1	IFI6	0.9531	50.84	0.845	rgb(226, 56, 57)	1.9968	None
PRDM16	NKTR	0.9531	50.84	0.84	rgb(226, 56, 58)	1.9968	None
SMAD9	MTSS1	0.9531	50.84	0.836	rgb(226, 57, 59)	1.9968	None
SOX4	GRHL3	0.9531	50.84	0.843	rgb(226, 56, 58)	1.9968	None
ZFP82	NREP	0.9531	50.84	0.84	rgb(226, 57, 58)	1.9968	None
ARX	LINC00617	0.95016	50.83	0.826	rgb(226, 59, 61)	1.9966	2,2
ETS1	CCDC74A	-0.95016	50.83	-8.3E-01	rgb( 37,107,249)	1.9966	None
ETS1	SCG5	-0.95016	50.83	-8.3E-01	rgb( 36,107,249)	1.9966	None
ETV1	STXBP5L	0.95016	50.83	0.826	rgb(226, 59, 61)	1.9966	None
FOXP2	BCAT1	0.95016	50.83	0.828	rgb(226, 59, 60)	1.9966	None
FOXP2	FAM110B	0.95016	50.83	0.831	rgb(226, 58, 60)	1.9966	None
HES4	LOC389332	0.95016	50.83	0.827	rgb(226, 59, 61)	1.9966	2,2
LMX1B	ZCCHC18	0.95016	50.83	0.835	rgb(226, 58, 59)	1.9966	None
MAFF	MXI1	0.95016	50.83	0.827	rgb(226, 59, 61)	1.9966	None
NFAT5	BMS1P1	0.95016	50.83	0.828	rgb(226, 59, 60)	1.9966	2,2
NKX2-2	CPE	0.95016	50.83	0.826	rgb(226, 59, 61)	1.9966	None
PAX4	RUNDC3A	0.95016	50.83	0.831	rgb(226, 58, 60)	1.9966	None
PDX1	ANKRD18A	-0.95016	50.83	-8.3E-01	rgb( 36,107,249)	1.9966	None
PDX1	ID1	0.95016	50.83	0.827	rgb(226, 59, 61)	1.9966	None
PDX1	LAMP5	-0.95016	50.83	-8.3E-01	rgb( 37,108,248)	1.9966	None
RFX6	OR51E1	0.95016	50.83	0.832	rgb(226, 58, 60)	1.9966	None
RORC	PDX1	0.95016	50.83	0.826	rgb(226, 59, 61)	1.9966	None
TEAD1	ID2	-0.95016	50.83	-8.3E-01	rgb( 37,108,249)	1.9966	None
TGIF2	MXI1	-0.95016	50.83	-8.3E-01	rgb( 37,108,249)	1.9966	None
ZNF846	GPR137C	0.95016	50.83	0.833	rgb(226, 58, 59)	1.9966	None
ARNT2	LMX1B	0.94723	50.82	0.816	rgb(226, 61, 63)	1.9964	None
ELF4	USP13	-0.94723	50.82	-8.2E-01	rgb( 40,109,248)	1.9964	None
ETV1	AADAT	0.94723	50.82	0.816	rgb(226, 61, 63)	1.9964	None
ETV1	GNG2	0.94723	50.82	0.824	rgb(226, 60, 61)	1.9964	None
ETV1	KCNB2	0.94723	50.82	0.821	rgb(226, 60, 62)	1.9964	None
FEV	GNG2	0.94723	50.82	0.818	rgb(226, 61, 62)	1.9964	None
FOXP2	PCDHB9	0.94723	50.82	0.825	rgb(226, 59, 61)	1.9964	2,2
GATA2	GHRL	0.94723	50.82	0.819	rgb(226, 61, 62)	1.9964	None
HEYL	NEUROD2	0.94723	50.82	0.822	rgb(226, 60, 62)	1.9964	None
LMX1B	CACNA2D1	0.94723	50.82	0.815	rgb(226, 61, 63)	1.9964	None
LMX1B	MSI1	0.94723	50.82	0.818	rgb(226, 61, 62)	1.9964	None
NKX2-2	NHLH1	0.94723	50.82	0.817	rgb(226, 61, 63)	1.9964	None
NKX2-2	PRRT3	0.94723	50.82	0.816	rgb(226, 61, 63)	1.9964	None
NKX2-2	RGS9	0.94723	50.82	0.825	rgb(226, 59, 61)	1.9964	None
ONECUT2	AX747535	0.94723	50.82	0.82	rgb(226, 60, 62)	1.9964	2,2
PDX1	CLSPN	-0.94723	50.82	-8.2E-01	rgb( 39,109,248)	1.9964	None
POU2F2	CD96	0.94723	50.82	0.821	rgb(226, 60, 62)	1.9964	None
RFX6	NAT8L	0.94723	50.82	0.82	rgb(226, 60, 62)	1.9964	None
RORC	COL21A1	-0.94723	50.82	-8.2E-01	rgb( 40,109,248)	1.9964	None
RORC	NOXO1	0.94723	50.82	0.822	rgb(226, 60, 62)	1.9964	None
TGIF2	TEAD2	0.94723	50.82	0.821	rgb(226, 60, 62)	1.9964	None
ZNF492	DENND2A	0.94723	50.82	0.817	rgb(226, 61, 62)	1.9964	None
ZNF846	AK123889	0.94723	50.82	0.82	rgb(226, 60, 62)	1.9964	2,2
ARX	GAD2	0.9443	50.81	0.815	rgb(226, 61, 63)	1.9962	None
ATF6	ST8SIA6-AS1	-0.9443	50.81	-8.1E-01	rgb( 41,110,248)	1.9962	None
ETV1	ANK2	0.9443	50.81	0.81	rgb(226, 62, 64)	1.9962	None
FEV	SYT5	0.9443	50.81	0.814	rgb(226, 62, 63)	1.9962	None
FOXA1	TMPRSS6	-0.9443	50.81	-8.1E-01	rgb( 42,110,248)	1.9962	None
FOXP2	RIIAD1	0.9443	50.81	0.805	rgb(226, 63, 65)	1.9962	None
HIF1A	SPC25	-0.9443	50.81	-8.1E-01	rgb( 42,111,248)	1.9962	None
LMX1A	GIP	0.9443	50.81	0.808	rgb(226, 63, 64)	1.9962	None
LMX1A	SCG2	0.9443	50.81	0.807	rgb(226, 63, 65)	1.9962	None
MAFA	PGA3	0.9443	50.81	0.807	rgb(226, 63, 64)	1.9962	None
MAFB	TSPAN7	0.9443	50.81	0.814	rgb(226, 61, 63)	1.9962	None
NEUROD1	ADAMTS2	0.9443	50.81	0.811	rgb(226, 62, 64)	1.9962	None
NEUROD1	CLPS	0.9443	50.81	0.811	rgb(226, 62, 64)	1.9962	None
NEUROD1	PDE2A	0.9443	50.81	0.81	rgb(226, 62, 64)	1.9962	None
NEUROG3	DKK3	0.9443	50.81	0.814	rgb(226, 62, 63)	1.9962	None
NFAT5	FCRL6	0.9443	50.81	0.813	rgb(226, 62, 63)	1.9962	None
PDX1	ETV1	-0.9443	50.81	-8.1E-01	rgb( 41,110,248)	1.9962	None
PRDM16	TCEAL1	-0.9443	50.81	-8.1E-01	rgb( 41,110,248)	1.9962	None
PRDM16	TFPI2	-0.9443	50.81	-8.1E-01	rgb( 41,110,248)	1.9962	None
RORC	PRKXP1	-0.9443	50.81	-8.1E-01	rgb( 42,111,248)	1.9962	None
RORC	RCOR2	0.9443	50.81	0.808	rgb(226, 63, 64)	1.9962	None
SMAD9	C1QL1	0.9443	50.81	0.814	rgb(226, 62, 63)	1.9962	None
SOX4	AMPD3	0.9443	50.81	0.807	rgb(226, 63, 64)	1.9962	None
SOX4	PTCH1	0.9443	50.81	0.811	rgb(226, 62, 64)	1.9962	None
SPIB	RFX6	0.9443	50.81	0.808	rgb(226, 63, 64)	1.9962	None
TFCP2L1	MLLT11	-0.9443	50.81	-8.1E-01	rgb( 41,110,248)	1.9962	None
TGIF2	NCS1	0.9443	50.81	0.809	rgb(226, 62, 64)	1.9962	None
ZFP82	CCK	0.9443	50.81	0.808	rgb(226, 63, 64)	1.9962	None
ZFP62	AK091275	0.9443	50.81	0.808	rgb(226, 63, 64)	1.9962	2,2
ASCL1	KCNF1	-0.94137	50.8	-8.0E-01	rgb( 43,111,247)	1.996	None
ASCL2	PNMAL1	0.94137	50.8	0.8	rgb(226, 64, 66)	1.996	2,2
ELF4	SMTNL2	-0.94137	50.8	-8.0E-01	rgb( 44,112,247)	1.996	None
ELF4	SST	0.94137	50.8	0.799	rgb(226, 64, 66)	1.996	None
ETS1	MAGED1	-0.94137	50.8	-8.0E-01	rgb( 43,111,248)	1.996	None
ETV1	BEX2	0.94137	50.8	0.804	rgb(226, 63, 65)	1.996	None
ETV1	KCNH8	0.94137	50.8	0.801	rgb(226, 64, 66)	1.996	None
ETV1	NALCN	0.94137	50.8	0.802	rgb(226, 64, 65)	1.996	None
ETV1	NCS1	0.94137	50.8	0.805	rgb(226, 63, 65)	1.996	None
FEV	ACSS3	0.94137	50.8	0.804	rgb(226, 63, 65)	1.996	None
FEV	FAM181B	0.94137	50.8	0.796	rgb(226, 65, 67)	1.996	2,2
FOXA1	CBX4	-0.94137	50.8	-8.0E-01	rgb( 44,112,247)	1.996	None
FOXA1	CDH5	-0.94137	50.8	-8.0E-01	rgb( 44,112,247)	1.996	None
FOXA2	ACBD7	0.94137	50.8	0.797	rgb(226, 65, 66)	1.996	None
GATA6	TMEM212	-0.94137	50.8	-8.0E-01	rgb( 43,111,247)	1.996	None
LMX1B	ZFHX2	0.94137	50.8	0.801	rgb(226, 64, 66)	1.996	None
MAFA	CAMK2N2	-0.94137	50.8	-8.0E-01	rgb( 42,111,248)	1.996	None
MAFB	MLLT11	0.94137	50.8	0.804	rgb(226, 63, 65)	1.996	None
NEUROD1	DACT1	0.94137	50.8	0.8	rgb(226, 64, 66)	1.996	None
NEUROD1	KCNJ11	0.94137	50.8	0.803	rgb(226, 64, 65)	1.996	None
NEUROD1	TACR3	0.94137	50.8	0.798	rgb(226, 65, 66)	1.996	None
NEUROG3	LINC00261	0.94137	50.8	0.798	rgb(226, 65, 66)	1.996	None
NFAT5	LOC646214	0.94137	50.8	0.805	rgb(226, 63, 65)	1.996	2,2
NKX2-2	GRASP	0.94137	50.8	0.803	rgb(226, 64, 65)	1.996	None
NR4A3	CCDC40	0.94137	50.8	0.802	rgb(226, 64, 65)	1.996	None
PDX1	NCS1	0.94137	50.8	0.795	rgb(226, 65, 67)	1.996	None
POU2F2	AK026379	0.94137	50.8	0.803	rgb(226, 64, 65)	1.996	2,2
RFX2	SHC3	-0.94137	50.8	-8.0E-01	rgb( 43,111,247)	1.996	None
RFX6	GATA2	0.94137	50.8	0.802	rgb(226, 64, 65)	1.996	None
SOX4	CBFA2T3	0.94137	50.8	0.799	rgb(226, 64, 66)	1.996	None
SOX4	SAP30	0.94137	50.8	0.798	rgb(226, 65, 66)	1.996	None
SOX4	ZCCHC18	0.94137	50.8	0.801	rgb(226, 64, 66)	1.996	None
TEAD1	DLC1	0.94137	50.8	0.796	rgb(226, 65, 66)	1.996	None
TFCP2L1	ATP13A4	0.94137	50.8	0.802	rgb(226, 64, 65)	1.996	None
TGIF2	SMARCC1	0.94137	50.8	0.798	rgb(226, 65, 66)	1.996	None
ZNF846	FKSG51	0.94137	50.8	0.799	rgb(226, 64, 66)	1.996	2,2
ZNF846	POU2F2	0.94137	50.8	0.8	rgb(226, 64, 66)	1.996	None
ZNF846	RNF157-AS1	0.94137	50.8	0.796	rgb(226, 65, 67)	1.996	None
ASCL1	KLHL32	0.93844	50.79	0.794	rgb(226, 65, 67)	1.9958	None
ASCL2	SMOC1	0.93844	50.79	0.794	rgb(226, 65, 67)	1.9958	None
ATF5	GYLTL1B	0.93844	50.79	0.79	rgb(226, 66, 68)	1.9958	2,2
ATF6	NOXO1	-0.93844	50.79	-7.9E-01	rgb( 47,113,247)	1.9958	None
EGR3	ADCY5	0.93844	50.79	0.789	rgb(226, 66, 68)	1.9958	None
ETV1	IGSF10	0.93844	50.79	0.792	rgb(226, 66, 67)	1.9958	None
FEV	FAM57B	0.93844	50.79	0.791	rgb(226, 66, 68)	1.9958	2,2
FEV	KCNH6	0.93844	50.79	0.786	rgb(226, 67, 68)	1.9958	None
FOXA2	C7	0.93844	50.79	0.795	rgb(226, 65, 67)	1.9958	None
FOXP2	CSH1	0.93844	50.79	0.789	rgb(226, 66, 68)	1.9958	None
GATA2	ABLIM2	0.93844	50.79	0.791	rgb(226, 66, 68)	1.9958	None
GATA6	DNAH11	0.93844	50.79	0.793	rgb(226, 66, 67)	1.9958	None
HES4	USP13	-0.93844	50.79	-7.9E-01	rgb( 46,113,247)	1.9958	None
HSF2	PHLDA2	-0.93844	50.79	-7.9E-01	rgb( 46,113,247)	1.9958	None
ISL1	MIAT	0.93844	50.79	0.785	rgb(226, 67, 69)	1.9958	None
MAFA	SLC6A16	0.93844	50.79	0.786	rgb(226, 67, 68)	1.9958	None
MAFB	KIF5A	0.93844	50.79	0.793	rgb(226, 65, 67)	1.9958	None
MAFB	NKX6-1	0.93844	50.79	0.791	rgb(226, 66, 68)	1.9958	None
NEUROG3	LOC642366	-0.93844	50.79	-7.9E-01	rgb( 45,112,247)	1.9958	None
NR4A3	MCF2L	0.93844	50.79	0.79	rgb(226, 66, 68)	1.9958	None
ONECUT1	TFCP2L1	-0.93844	50.79	-7.9E-01	rgb( 46,113,247)	1.9958	None
ONECUT2	EVA1A	-0.93844	50.79	-7.9E-01	rgb( 45,112,247)	1.9958	None
ONECUT2	MUC16	0.93844	50.79	0.785	rgb(226, 67, 69)	1.9958	None
ONECUT2	ZFP62	0.93844	50.79	0.789	rgb(226, 66, 68)	1.9958	None
ONECUT3	TOX3	-0.93844	50.79	-7.9E-01	rgb( 46,113,247)	1.9958	None
PDX1	AKR1B1	-0.93844	50.79	-7.9E-01	rgb( 45,112,247)	1.9958	None
PDX1	ATP13A4	0.93844	50.79	0.787	rgb(226, 67, 68)	1.9958	None
PDX1	HDAC7	0.93844	50.79	0.786	rgb(226, 67, 68)	1.9958	None
SOX4	C2CD4A	0.93844	50.79	0.79	rgb(226, 66, 68)	1.9958	None
SOX4	CORO2B	0.93844	50.79	0.792	rgb(226, 66, 67)	1.9958	None
SOX4	DKK3	-0.93844	50.79	-7.9E-01	rgb( 46,113,247)	1.9958	None
TP73	ITGA7	0.93844	50.79	0.795	rgb(226, 65, 67)	1.9958	None
ZFHX2	NFASC	0.93844	50.79	0.795	rgb(226, 65, 67)	1.9958	None
ZFHX2	ZFP82	0.93844	50.79	0.791	rgb(226, 66, 68)	1.9958	None
ARX	COL10A1	-0.93551	50.78	-7.8E-01	rgb( 48,114,247)	1.9956	None
ASCL2	PTPRN2	0.93551	50.78	0.779	rgb(226, 68, 70)	1.9956	None
ETS1	HHEX	-0.93551	50.78	-7.8E-01	rgb( 47,114,247)	1.9956	None
ETV1	ERO1LB	0.93551	50.78	0.778	rgb(226, 68, 70)	1.9956	2,2
GATA4	MYEF2	-0.93551	50.78	-7.8E-01	rgb( 47,114,247)	1.9956	None
HES4	MFAP2	0.93551	50.78	0.785	rgb(226, 67, 69)	1.9956	2,2
LHX1	FAM171B	-0.93551	50.78	-7.8E-01	rgb( 47,114,247)	1.9956	None
MAFF	SHF	0.93551	50.78	0.782	rgb(226, 68, 69)	1.9956	None
NKX6-1	LY6H	0.93551	50.78	0.784	rgb(226, 67, 69)	1.9956	2,2
NR4A3	CLGN	0.93551	50.78	0.784	rgb(226, 67, 69)	1.9956	None
NR4A3	MMP2	0.93551	50.78	0.78	rgb(226, 68, 70)	1.9956	None
ONECUT1	USH2A	0.93551	50.78	0.779	rgb(226, 68, 70)	1.9956	None
PBX1	CCK	-0.93551	50.78	-7.8E-01	rgb( 47,113,247)	1.9956	None
PDX1	CTXN1	0.93551	50.78	0.785	rgb(226, 67, 69)	1.9956	None
POU6F1	MEP1B	-0.93551	50.78	-7.8E-01	rgb( 48,114,247)	1.9956	None
PRDM16	BEX2	-0.93551	50.78	-7.8E-01	rgb( 48,114,247)	1.9956	None
PRDM16	NFRKB	0.93551	50.78	0.782	rgb(226, 68, 69)	1.9956	None
TFCP2L1	KSR2	0.93551	50.78	0.785	rgb(226, 67, 69)	1.9956	None
TGIF2	CHRM4	0.93551	50.78	0.777	rgb(226, 69, 70)	1.9956	None
TGIF2	CLCA1	-0.93551	50.78	-7.8E-01	rgb( 49,115,246)	1.9956	None
TGIF2	TCEAL1	-0.93551	50.78	-7.8E-01	rgb( 48,114,247)	1.9956	None
ZNF519	IRF2BP1	-0.93551	50.78	-7.8E-01	rgb( 48,114,247)	1.9956	None
ZNF846	LOC100652999	0.93551	50.78	0.775	rgb(226, 69, 71)	1.9956	2,2
ZNF846	RBFOX2	0.93551	50.78	0.784	rgb(226, 67, 69)	1.9956	None
ZNF117	AB007962	0.93551	50.78	0.784	rgb(226, 67, 69)	1.9956	2,2
ARNT2	HMP19	0.93258	50.77	0.775	rgb(226, 69, 71)	1.9954	2,2
ASCL1	GCH1	0.93258	50.77	0.774	rgb(226, 69, 71)	1.9954	None
ASCL2	LINC00261	0.93258	50.77	0.767	rgb(225, 71, 72)	1.9954	None
EGR3	DPEP1	-0.93258	50.77	-7.7E-01	rgb( 50,115,246)	1.9954	None
ETV1	GPBAR1	0.93258	50.77	0.775	rgb(226, 69, 71)	1.9954	None
ETV1	SRCIN1	0.93258	50.77	0.77	rgb(225, 70, 71)	1.9954	None
FEV	DENND2A	0.93258	50.77	0.773	rgb(226, 69, 71)	1.9954	None
FOXA1	CD300LF	0.93258	50.77	0.771	rgb(225, 70, 71)	1.9954	None
FOXP2	APLN	-0.93258	50.77	-7.7E-01	rgb( 50,115,246)	1.9954	None
FOXP2	SCGB1A1	0.93258	50.77	0.772	rgb(225, 70, 71)	1.9954	None
GATA6	SPRED3	-0.93258	50.77	-7.7E-01	rgb( 51,116,246)	1.9954	None
HES4	AGT	0.93258	50.77	0.774	rgb(226, 69, 71)	1.9954	None
HHEX	ACOT7	0.93258	50.77	0.769	rgb(225, 70, 72)	1.9954	None
HIF1A	BCORL1	0.93258	50.77	0.768	rgb(225, 70, 72)	1.9954	None
HIF1A	SAP30	-0.93258	50.77	-7.7E-01	rgb( 50,115,246)	1.9954	None
HSF2	FAM171B	0.93258	50.77	0.768	rgb(225, 70, 72)	1.9954	None
LMX1B	FOXP2	0.93258	50.77	0.771	rgb(225, 70, 71)	1.9954	None
LMX1B	LRRC49	0.93258	50.77	0.77	rgb(225, 70, 72)	1.9954	None
MAFA	MSI1	0.93258	50.77	0.774	rgb(226, 69, 71)	1.9954	None
MAFA	TTYH2	0.93258	50.77	0.767	rgb(225, 71, 72)	1.9954	None
MAFF	NFRKB	0.93258	50.77	0.774	rgb(226, 69, 71)	1.9954	None
NHLH1	COL16A1	0.93258	50.77	0.77	rgb(225, 70, 72)	1.9954	None
NKX2-2	LINC00261	0.93258	50.77	0.774	rgb(226, 69, 71)	1.9954	None
NR4A3	LINC00939	0.93258	50.77	0.769	rgb(225, 70, 72)	1.9954	None
ONECUT1	ST6GALNAC5	0.93258	50.77	0.773	rgb(225, 69, 71)	1.9954	None
PDX1	GATA4	0.93258	50.77	0.769	rgb(225, 70, 72)	1.9954	None
PRDM16	TMEM212	0.93258	50.77	0.772	rgb(225, 70, 71)	1.9954	None
RFX6	CACNG4	0.93258	50.77	0.772	rgb(225, 70, 71)	1.9954	None
RFX6	ELFN1	0.93258	50.77	0.772	rgb(225, 69, 71)	1.9954	None
RFX6	PCSK1N	0.93258	50.77	0.774	rgb(226, 69, 71)	1.9954	None
SOX4	HES4	0.93258	50.77	0.768	rgb(225, 70, 72)	1.9954	None
TGIF2	CRISPLD2	0.93258	50.77	0.772	rgb(225, 70, 71)	1.9954	None
TGIF2	CTPS1	0.93258	50.77	0.767	rgb(225, 70, 72)	1.9954	None
TGIF2	CYP4F24P	-0.93258	50.77	-7.7E-01	rgb( 51,116,246)	1.9954	None
TGIF2	KDM1A	0.93258	50.77	0.774	rgb(226, 69, 71)	1.9954	None
TP73	OSBPL6	0.93258	50.77	0.772	rgb(225, 70, 71)	1.9954	None
ZFHX2	ADCY1	0.93258	50.77	0.772	rgb(225, 70, 71)	1.9954	None
ZFHX2	AK056486	0.93258	50.77	0.774	rgb(226, 69, 71)	1.9954	2,2
ZNF382	BC043205	0.93258	50.77	0.77	rgb(225, 70, 72)	1.9954	2,2
ZNF846	AK057596	0.93258	50.77	0.771	rgb(225, 70, 71)	1.9954	2,2
ZNF846	AK094916	0.93258	50.77	0.769	rgb(225, 70, 72)	1.9954	2,2
ZNF846	SPDYE7P	0.93258	50.77	0.771	rgb(225, 70, 71)	1.9954	None
ZNF846	TTLL6	0.93258	50.77	0.766	rgb(225, 71, 72)	1.9954	None
ARX	LMX1A	0.92964	50.76	0.757	rgb(225, 72, 74)	1.9952	None
ASCL1	TRPM2	0.92964	50.76	0.764	rgb(225, 71, 73)	1.9952	None
EGR3	CCK	-0.92964	50.76	-7.6E-01	rgb( 51,116,246)	1.9952	None
EGR3	NEAT1	-0.92964	50.76	-7.6E-01	rgb( 52,117,246)	1.9952	None
ETS1	REG4	-0.92964	50.76	-7.6E-01	rgb( 52,117,246)	1.9952	None
ETV1	SPOCK3	0.92964	50.76	0.762	rgb(225, 71, 73)	1.9952	None
FEV	AKT3	0.92964	50.76	0.759	rgb(225, 72, 74)	1.9952	None
FEV	ALAS2	0.92964	50.76	0.762	rgb(225, 71, 73)	1.9952	None
FEV	FAM131B	0.92964	50.76	0.758	rgb(225, 72, 74)	1.9952	None
FEV	IL17C	0.92964	50.76	0.765	rgb(225, 71, 72)	1.9952	None
FEV	ITGBL1	0.92964	50.76	0.762	rgb(225, 72, 73)	1.9952	None
FEV	NACAD	0.92964	50.76	0.761	rgb(225, 72, 73)	1.9952	None
FEV	STMN2	0.92964	50.76	0.762	rgb(225, 71, 73)	1.9952	None
FOXA1	PMP22	-0.92964	50.76	-7.6E-01	rgb( 53,117,246)	1.9952	None
GATA2	AMBP	0.92964	50.76	0.758	rgb(225, 72, 74)	1.9952	None
HIC1	LRRC16B	0.92964	50.76	0.765	rgb(225, 71, 73)	1.9952	2,2
HSF2	MAFF	-0.92964	50.76	-7.6E-01	rgb( 51,116,246)	1.9952	None
LHX1	CD96	0.92964	50.76	0.758	rgb(225, 72, 74)	1.9952	None
LMX1A	ADAMTSL1	0.92964	50.76	0.763	rgb(225, 71, 73)	1.9952	None
LMX1A	LAPTM5	-0.92964	50.76	-7.6E-01	rgb( 52,116,246)	1.9952	None
LMX1B	CTTNBP2	0.92964	50.76	0.757	rgb(225, 72, 74)	1.9952	None
LMX1B	FAM153A	0.92964	50.76	0.762	rgb(225, 71, 73)	1.9952	2,2
LMX1B	TUBA1A	0.92964	50.76	0.758	rgb(225, 72, 74)	1.9952	None
NEUROG3	FUT1	0.92964	50.76	0.756	rgb(225, 73, 74)	1.9952	None
NFAT5	JX088243	0.92964	50.76	0.757	rgb(225, 72, 74)	1.9952	2,2
NFAT5	RASD1	-0.92964	50.76	-7.6E-01	rgb( 52,117,246)	1.9952	None
NHLH1	GOLGA7B	0.92964	50.76	0.756	rgb(225, 73, 74)	1.9952	None
NR4A2	TMEM178B	-0.92964	50.76	-7.6E-01	rgb( 52,117,246)	1.9952	None
ONECUT2	NFAT5	0.92964	50.76	0.762	rgb(225, 71, 73)	1.9952	None
PDX1	TFCP2L1	0.92964	50.76	0.76	rgb(225, 72, 73)	1.9952	None
PRDM16	AX746640	0.92964	50.76	0.761	rgb(225, 72, 73)	1.9952	2,2
RFX6	PGA3	0.92964	50.76	0.76	rgb(225, 72, 73)	1.9952	None
RORC	GDF11	0.92964	50.76	0.761	rgb(225, 72, 73)	1.9952	None
SMAD9	CCDC74A	0.92964	50.76	0.76	rgb(225, 72, 73)	1.9952	None
SOX4	ETS1	0.92964	50.76	0.755	rgb(225, 73, 74)	1.9952	None
SOX4	NKAIN1	0.92964	50.76	0.758	rgb(225, 72, 74)	1.9952	None
TFCP2L1	P2RX6	-0.92964	50.76	-7.6E-01	rgb( 51,116,246)	1.9952	None
TFCP2L1	VGF	-0.92964	50.76	-7.6E-01	rgb( 53,117,246)	1.9952	None
ZFHX2	PPP1R14A	-0.92964	50.76	-7.6E-01	rgb( 53,117,246)	1.9952	None
ZFHX2	RPS6KL1	0.92964	50.76	0.76	rgb(225, 72, 73)	1.9952	None
ZFP28	GFRA3	-0.92964	50.76	-7.6E-01	rgb( 51,116,246)	1.9952	None
ZNF382	FER1L6-AS1	0.92964	50.76	0.755	rgb(225, 73, 74)	1.9952	None
ZNF519	MYEF2	0.92964	50.76	0.757	rgb(225, 72, 74)	1.9952	None
ZNF519	PER2	0.92964	50.76	0.758	rgb(225, 72, 74)	1.9952	None
ZNF846	ANKRD18A	0.92964	50.76	0.762	rgb(225, 71, 73)	1.9952	None
ZNF846	MRPL34	-0.92964	50.76	-7.6E-01	rgb( 52,117,246)	1.9952	None
ZFP2	BC005905	-0.92964	50.76	-7.6E-01	rgb( 52,117,246)	1.9952	2,2
ETV1	MAST1	0.92671	50.75	0.75	rgb(225, 74, 75)	1.995	None
ETV1	PTP4A3	0.92671	50.75	0.747	rgb(225, 74, 76)	1.995	None
ETV1	WDR17	0.92671	50.75	0.755	rgb(225, 73, 74)	1.995	None
FEV	PPP1R1A	0.92671	50.75	0.746	rgb(225, 74, 76)	1.995	None
FOXA1	LEFTY1	0.92671	50.75	0.749	rgb(225, 74, 76)	1.995	None
FOXP2	ADD2	0.92671	50.75	0.753	rgb(225, 73, 75)	1.995	None
FOXP2	PGM5	0.92671	50.75	0.752	rgb(225, 73, 75)	1.995	None
FOXP2	ZCCHC12	0.92671	50.75	0.748	rgb(225, 74, 76)	1.995	2,2
GATA6	GRHL3	-0.92671	50.75	-7.5E-01	rgb( 55,119,245)	1.995	None
GLIS2	CACNA1H	0.92671	50.75	0.753	rgb(225, 73, 75)	1.995	None
HSF2	TMPRSS6	-0.92671	50.75	-7.5E-01	rgb( 55,118,245)	1.995	None
MAFA	PTGDR2	0.92671	50.75	0.749	rgb(225, 74, 75)	1.995	None
MAFF	RFX2	0.92671	50.75	0.746	rgb(225, 74, 76)	1.995	None
MAFF	SMARCC1	-0.92671	50.75	-7.5E-01	rgb( 55,118,245)	1.995	None
NHLH1	GGT5	0.92671	50.75	0.748	rgb(225, 74, 76)	1.995	None
ONECUT2	FAM13A-AS1	0.92671	50.75	0.745	rgb(225, 75, 76)	1.995	None
PRDM16	SFTPA2	-0.92671	50.75	-7.5E-01	rgb( 54,118,246)	1.995	None
RFX2	AEBP1	-0.92671	50.75	-7.5E-01	rgb( 54,118,246)	1.995	None
RFX6	TAGLN3	0.92671	50.75	0.748	rgb(225, 74, 76)	1.995	None
RORC	SV2A	0.92671	50.75	0.75	rgb(225, 74, 75)	1.995	None
SOX4	CHRNA1	0.92671	50.75	0.75	rgb(225, 74, 75)	1.995	None
SOX4	INSM1	0.92671	50.75	0.745	rgb(225, 75, 76)	1.995	None
TFCP2L1	ZFP28	0.92671	50.75	0.746	rgb(225, 74, 76)	1.995	None
TGIF2	CENPE	0.92671	50.75	0.754	rgb(225, 73, 74)	1.995	None
TGIF2	TUBB2B	0.92671	50.75	0.75	rgb(225, 74, 75)	1.995	None
TP73	FABP5	0.92671	50.75	0.75	rgb(225, 74, 75)	1.995	None
ZNF519	PTPN22	0.92671	50.75	0.746	rgb(225, 75, 76)	1.995	None
ZNF846	WDR52	0.92671	50.75	0.754	rgb(225, 73, 74)	1.995	2,2
ARX	PTPRN	0.92378	50.74	0.739	rgb(225, 76, 77)	1.9948	None
ASCL2	LONRF2	0.92378	50.74	0.737	rgb(225, 76, 78)	1.9948	None
EGR3	SPIB	-0.92378	50.74	-7.4E-01	rgb( 56,119,245)	1.9948	None
EGR3	ZG16	-0.92378	50.74	-7.4E-01	rgb( 57,120,245)	1.9948	None
ETV1	AVPR1B	0.92378	50.74	0.74	rgb(225, 76, 77)	1.9948	None
FEV	FAM155B	0.92378	50.74	0.744	rgb(225, 75, 76)	1.9948	None
FEV	GLYATL3	0.92378	50.74	0.739	rgb(225, 76, 77)	1.9948	None
FOXA1	BASP1	0.92378	50.74	0.736	rgb(225, 76, 78)	1.9948	None
FOXA1	MICAL2	0.92378	50.74	0.736	rgb(225, 76, 78)	1.9948	None
FOXA1	PDX1	0.92378	50.74	0.739	rgb(225, 76, 77)	1.9948	None
GATA4	PDX1	0.92378	50.74	0.741	rgb(225, 75, 77)	1.9948	None
GATA6	NEGR1	0.92378	50.74	0.741	rgb(225, 75, 77)	1.9948	None
HES4	RAB26	0.92378	50.74	0.736	rgb(225, 76, 78)	1.9948	None
HOXB9	SPC25	-0.92378	50.74	-7.4E-01	rgb( 57,120,245)	1.9948	None
HSF2	HES4	-0.92378	50.74	-7.4E-01	rgb( 56,119,245)	1.9948	None
HSF2	STK31	0.92378	50.74	0.742	rgb(225, 75, 77)	1.9948	None
HSF2	ZFP90	0.92378	50.74	0.737	rgb(225, 76, 78)	1.9948	None
MAFA	CCK	0.92378	50.74	0.742	rgb(225, 75, 77)	1.9948	None
MAFA	NHSL2	0.92378	50.74	0.739	rgb(225, 76, 77)	1.9948	None
MAFF	ELF4	0.92378	50.74	0.738	rgb(225, 76, 78)	1.9948	None
NEUROD1	ATOH8	0.92378	50.74	0.737	rgb(225, 76, 78)	1.9948	None
NEUROD1	ENPP2	0.92378	50.74	0.736	rgb(225, 77, 78)	1.9948	None
NEUROG3	ZCCHC12	0.92378	50.74	0.738	rgb(225, 76, 78)	1.9948	None
PAX6	HGFAC	-0.92378	50.74	-7.4E-01	rgb( 56,119,245)	1.9948	None
PAX6	SLC38A5	-0.92378	50.74	-7.4E-01	rgb( 56,119,245)	1.9948	None
PDX1	ASIC1	-0.92378	50.74	-7.4E-01	rgb( 57,120,245)	1.9948	None
PDX1	CIT	-0.92378	50.74	-7.4E-01	rgb( 57,120,245)	1.9948	None
PDX1	GPBAR1	0.92378	50.74	0.744	rgb(225, 75, 76)	1.9948	None
RFX3	MYEF2	0.92378	50.74	0.738	rgb(225, 76, 77)	1.9948	None
SOX4	DLL1	0.92378	50.74	0.738	rgb(225, 76, 78)	1.9948	None
SOX4	EVA1A	0.92378	50.74	0.743	rgb(225, 75, 77)	1.9948	None
SOX4	LONRF2	-0.92378	50.74	-7.4E-01	rgb( 57,120,245)	1.9948	None
SPIB	MYBPC2	0.92378	50.74	0.74	rgb(225, 76, 77)	1.9948	None
SPIB	OGFRL1	0.92378	50.74	0.735	rgb(225, 77, 78)	1.9948	None
TFCP2L1	MAFF	-0.92378	50.74	-7.4E-01	rgb( 55,119,245)	1.9948	None
TP73	CLCNKA	0.92378	50.74	0.74	rgb(225, 76, 77)	1.9948	None
ZNF846	AK054970	0.92378	50.74	0.743	rgb(225, 75, 77)	1.9948	2,2
DZIP1	LOC283335	0.92378	50.74	0.738	rgb(225, 76, 78)	1.9948	2,2
ETV1	CDK5R2	0.92085	50.73	0.726	rgb(225, 78, 80)	1.9946	None
ETV1	ISL1	0.92085	50.73	0.727	rgb(225, 78, 80)	1.9946	None
ETV1	MAP1B	0.92085	50.73	0.726	rgb(225, 78, 80)	1.9946	None
ETV1	RAB3C	0.92085	50.73	0.726	rgb(225, 78, 80)	1.9946	None
ETV1	SCN3B	0.92085	50.73	0.734	rgb(225, 77, 78)	1.9946	None
FOXA1	ADAMTSL1	-0.92085	50.73	-7.3E-01	rgb( 59,121,245)	1.9946	None
FOXA1	VOPP1	-0.92085	50.73	-7.3E-01	rgb( 59,121,245)	1.9946	None
GATA2	GPC6	0.92085	50.73	0.734	rgb(225, 77, 78)	1.9946	None
GATA4	GPR162	0.92085	50.73	0.73	rgb(225, 78, 79)	1.9946	None
HES4	TMEM158	0.92085	50.73	0.734	rgb(225, 77, 78)	1.9946	None
HIF1A	TMEM61	-0.92085	50.73	-7.3E-01	rgb( 58,120,245)	1.9946	None
HSF2	MAPK12	-0.92085	50.73	-7.3E-01	rgb( 58,120,245)	1.9946	None
LMX1B	LGR6	0.92085	50.73	0.73	rgb(225, 78, 79)	1.9946	None
LMX1B	PAK7	0.92085	50.73	0.727	rgb(225, 78, 80)	1.9946	2,2
LTF	FLJ00385	0.92085	50.73	0.728	rgb(225, 78, 79)	1.9946	2,2
MAFB	KCNMA1	0.92085	50.73	0.728	rgb(225, 78, 79)	1.9946	None
MAFF	ATF7IP	-0.92085	50.73	-7.3E-01	rgb( 59,121,245)	1.9946	None
NFAT5	AK125301	0.92085	50.73	0.735	rgb(225, 77, 78)	1.9946	2,2
NFAT5	UCP2	-0.92085	50.73	-7.3E-01	rgb( 58,121,245)	1.9946	None
NR4A2	TGIF2	-0.92085	50.73	-7.3E-01	rgb( 58,121,245)	1.9946	None
ONECUT1	REG4	-0.92085	50.73	-7.3E-01	rgb( 58,120,245)	1.9946	None
ONECUT2	KLK12	-0.92085	50.73	-7.3E-01	rgb( 59,121,245)	1.9946	None
ONECUT2	WDR52	0.92085	50.73	0.727	rgb(225, 78, 80)	1.9946	2,2
PDX1	CCL20	0.92085	50.73	0.729	rgb(225, 78, 79)	1.9946	None
PDX1	CTPS1	-0.92085	50.73	-7.3E-01	rgb( 58,120,245)	1.9946	None
PDX1	LEFTY1	0.92085	50.73	0.73	rgb(225, 78, 79)	1.9946	None
POU6F1	ATP13A4	0.92085	50.73	0.729	rgb(225, 78, 79)	1.9946	None
PRDM16	BMS1P1	0.92085	50.73	0.732	rgb(225, 77, 79)	1.9946	2,2
PRDM16	TEAD2	-0.92085	50.73	-7.3E-01	rgb( 59,121,245)	1.9946	None
RFX6	AMER3	0.92085	50.73	0.734	rgb(225, 77, 78)	1.9946	None
SOX4	COL16A1	0.92085	50.73	0.729	rgb(225, 78, 79)	1.9946	None
TGIF2	ANKRD18A	0.92085	50.73	0.732	rgb(225, 77, 79)	1.9946	None
TGIF2	REG4	0.92085	50.73	0.731	rgb(225, 77, 79)	1.9946	None
ZFHX2	SV2B	0.92085	50.73	0.727	rgb(225, 78, 80)	1.9946	None
ZNF492	BC041449	0.92085	50.73	0.734	rgb(225, 77, 78)	1.9946	2,2
DZIP1	HBT8	0.92085	50.73	0.731	rgb(225, 77, 79)	1.9946	2,2
ARNT2	SDK1	0.91792	50.72	0.717	rgb(225, 80, 81)	1.9944	None
ASCL2	DLL1	0.91792	50.72	0.725	rgb(225, 79, 80)	1.9944	None
ASCL2	LSAMP	0.91792	50.72	0.723	rgb(225, 79, 80)	1.9944	None
ASCL2	REEP2	0.91792	50.72	0.717	rgb(225, 80, 82)	1.9944	None
ATF6	NEAT1	-0.91792	50.72	-7.2E-01	rgb( 62,123,244)	1.9944	None
ELF4	FKBP7	-0.91792	50.72	-7.2E-01	rgb( 61,122,244)	1.9944	None
ETS1	HLA-DPA1	-0.91792	50.72	-7.2E-01	rgb( 61,122,244)	1.9944	None
ETV1	CRMP1	0.91792	50.72	0.72	rgb(225, 80, 81)	1.9944	None
ETV1	GNAO1	0.91792	50.72	0.723	rgb(225, 79, 80)	1.9944	None
ETV1	KCNK16	0.91792	50.72	0.717	rgb(225, 80, 82)	1.9944	None
ETV1	MAP6	0.91792	50.72	0.718	rgb(225, 80, 81)	1.9944	None
ETV1	NHSL2	0.91792	50.72	0.722	rgb(225, 79, 81)	1.9944	None
ETV1	SPEG	0.91792	50.72	0.716	rgb(225, 80, 82)	1.9944	None
FEV	TMEM151B	0.91792	50.72	0.722	rgb(225, 79, 81)	1.9944	None
FOXA1	TMOD1	-0.91792	50.72	-7.2E-01	rgb( 60,121,245)	1.9944	None
FOXA2	KLHL32	0.91792	50.72	0.722	rgb(225, 79, 81)	1.9944	None
FOXP2	DENND2A	0.91792	50.72	0.721	rgb(225, 79, 81)	1.9944	None
FOXP2	SPON1	0.91792	50.72	0.716	rgb(225, 80, 82)	1.9944	None
GATA4	KCNE4	0.91792	50.72	0.721	rgb(225, 79, 81)	1.9944	None
GATA6	DLC1	0.91792	50.72	0.716	rgb(225, 80, 82)	1.9944	None
HES6	TMEM35	0.91792	50.72	0.716	rgb(225, 80, 82)	1.9944	2,2
HOXB9	MYBPC2	-0.91792	50.72	-7.2E-01	rgb( 60,122,244)	1.9944	None
HSF2	CBX4	-0.91792	50.72	-7.2E-01	rgb( 60,122,244)	1.9944	None
HSF2	HDAC7	-0.91792	50.72	-7.2E-01	rgb( 61,122,244)	1.9944	None
HSF2	KCNIP3	-0.91792	50.72	-7.2E-01	rgb( 61,122,244)	1.9944	None
HSF2	MYEF2	0.91792	50.72	0.724	rgb(225, 79, 80)	1.9944	None
LHX1	RAB36	0.91792	50.72	0.72	rgb(225, 79, 81)	1.9944	None
LMX1A	FAT3	0.91792	50.72	0.724	rgb(225, 79, 80)	1.9944	None
LMX1A	ICA1L	0.91792	50.72	0.72	rgb(225, 79, 81)	1.9944	None
LMX1B	KCTD12	0.91792	50.72	0.72	rgb(225, 79, 81)	1.9944	None
LTF	ENPP1	-0.91792	50.72	-7.2E-01	rgb( 62,122,244)	1.9944	None
MAFA	COL12A1	-0.91792	50.72	-7.2E-01	rgb( 61,122,244)	1.9944	None
MAFB	CHGA	0.91792	50.72	0.724	rgb(225, 79, 80)	1.9944	None
NEUROG3	DACT1	-0.91792	50.72	-7.2E-01	rgb( 60,121,245)	1.9944	None
NFAT5	BMS1P6	0.91792	50.72	0.72	rgb(225, 79, 81)	1.9944	2,2
NHLH1	CELA3B	0.91792	50.72	0.719	rgb(225, 80, 81)	1.9944	None
NR4A3	UNC13A	0.91792	50.72	0.723	rgb(225, 79, 80)	1.9944	None
ONECUT1	KCNE4	0.91792	50.72	0.72	rgb(225, 80, 81)	1.9944	None
ONECUT2	AK096291	0.91792	50.72	0.722	rgb(225, 79, 81)	1.9944	2,2
PRDM16	ACOT7	-0.91792	50.72	-7.2E-01	rgb( 62,123,244)	1.9944	None
RFX6	CACNA1H	0.91792	50.72	0.716	rgb(225, 80, 82)	1.9944	None
RORC	CHST10	0.91792	50.72	0.717	rgb(225, 80, 82)	1.9944	None
RORC	TCTEX1D4	-0.91792	50.72	-7.2E-01	rgb( 62,122,244)	1.9944	None
SMAD9	BAI2	0.91792	50.72	0.716	rgb(225, 80, 82)	1.9944	2,2
SMAD9	COL16A1	0.91792	50.72	0.715	rgb(225, 80, 82)	1.9944	None
SMAD9	RORC	0.91792	50.72	0.72	rgb(225, 79, 81)	1.9944	None
SOX4	HES6	0.91792	50.72	0.717	rgb(225, 80, 81)	1.9944	None
SOX4	PMP22	0.91792	50.72	0.723	rgb(225, 79, 80)	1.9944	None
SPIB	MDK	0.91792	50.72	0.718	rgb(225, 80, 81)	1.9944	None
TFCP2L1	AEBP1	-0.91792	50.72	-7.2E-01	rgb( 62,122,244)	1.9944	None
TFCP2L1	KANK2	0.91792	50.72	0.724	rgb(225, 79, 80)	1.9944	None
TFCP2L1	PCYT1B	0.91792	50.72	0.722	rgb(225, 79, 81)	1.9944	None
TGIF2	CYP27A1	-0.91792	50.72	-7.2E-01	rgb( 61,122,244)	1.9944	None
TP73	FOXA1	-0.91792	50.72	-7.2E-01	rgb( 61,122,244)	1.9944	None
ZFHX2	SBK1	0.91792	50.72	0.717	rgb(225, 80, 82)	1.9944	None
ZFHX2	SCG5	-0.91792	50.72	-7.2E-01	rgb( 62,122,244)	1.9944	None
ZNF846	AK024092	0.91792	50.72	0.723	rgb(225, 79, 80)	1.9944	2,2
AEBP1	MRC1	0.91792	50.72	0.715	rgb(225, 80, 82)	1.9944	2,2
ELF4	NALCN	-0.91499	50.71	-7.1E-01	rgb( 64,124,244)	1.9942	None
ELF4	SESN2	0.91499	50.71	0.712	rgb(225, 81, 82)	1.9942	None
ETS1	CTPS1	-0.91499	50.71	-7.1E-01	rgb( 62,123,244)	1.9942	None
ETS1	DPEP1	0.91499	50.71	0.714	rgb(225, 81, 82)	1.9942	None
ETV1	GIP	0.91499	50.71	0.713	rgb(225, 81, 82)	1.9942	None
ETV1	GSTM2	0.91499	50.71	0.711	rgb(225, 81, 83)	1.9942	None
FEV	DDN	0.91499	50.71	0.706	rgb(225, 82, 84)	1.9942	None
FOXA1	KIAA1324	0.91499	50.71	0.707	rgb(225, 82, 83)	1.9942	None
FOXA1	TRIM24	0.91499	50.71	0.709	rgb(225, 82, 83)	1.9942	None
FOXP2	DQ583756	0.91499	50.71	0.705	rgb(225, 82, 84)	1.9942	2,2
HHEX	DTX3	0.91499	50.71	0.712	rgb(225, 81, 82)	1.9942	2,2
LMX1A	AK096718	0.91499	50.71	0.71	rgb(225, 81, 83)	1.9942	2,2
LMX1A	CACNA1B	0.91499	50.71	0.714	rgb(225, 81, 82)	1.9942	2,2
MAFB	SH2D3C	0.91499	50.71	0.714	rgb(225, 81, 82)	1.9942	None
NEUROD1	CLCN4	0.91499	50.71	0.711	rgb(225, 81, 83)	1.9942	None
NEUROG3	QDPR	0.91499	50.71	0.707	rgb(225, 82, 83)	1.9942	None
NEUROG3	TMEM59L	0.91499	50.71	0.713	rgb(225, 81, 82)	1.9942	None
NKX2-2	CTXN1	0.91499	50.71	0.714	rgb(225, 81, 82)	1.9942	None
NR4A2	FAM13A-AS1	0.91499	50.71	0.714	rgb(225, 81, 82)	1.9942	None
NR4A2	WNK2	-0.91499	50.71	-7.1E-01	rgb( 62,123,244)	1.9942	None
PAX6	MAPK10	0.91499	50.71	0.708	rgb(225, 82, 83)	1.9942	None
SOX4	CERS6-AS1	-0.91499	50.71	-7.1E-01	rgb( 63,123,244)	1.9942	2,2
SOX4	NKD1	0.91499	50.71	0.707	rgb(225, 82, 83)	1.9942	None
TEAD2	FAM167A	0.91499	50.71	0.713	rgb(225, 81, 82)	1.9942	None
TFCP2L1	PPP1R14A	-0.91499	50.71	-7.1E-01	rgb( 64,124,244)	1.9942	None
TGIF2	CREBRF	-0.91499	50.71	-7.1E-01	rgb( 62,123,244)	1.9942	None
ZFHX2	NEUROD2	0.91499	50.71	0.707	rgb(225, 82, 83)	1.9942	None
ZNF492	CD96	0.91499	50.71	0.714	rgb(225, 81, 82)	1.9942	None
ZNF519	ABCC9	0.91499	50.71	0.715	rgb(225, 80, 82)	1.9942	2,2
ZNF846	FUT1	-0.91499	50.71	-7.1E-01	rgb( 63,123,244)	1.9942	None
ZNF846	ZMYM2	0.91499	50.71	0.706	rgb(225, 82, 84)	1.9942	None
AKNA	AX747114	-0.91499	50.71	-7.1E-01	rgb( 62,123,244)	1.9942	2,2
EGR3	UNC13A	-0.91206	50.7	-7.0E-01	rgb( 65,125,244)	1.994	None
ETV1	SPRED3	0.91206	50.7	0.703	rgb(225, 83, 84)	1.994	None
FEV	CLIP3	0.91206	50.7	0.704	rgb(225, 83, 84)	1.994	None
FEV	PEX5L	0.91206	50.7	0.704	rgb(225, 83, 84)	1.994	None
FOXA1	POM121L9P	-0.91206	50.7	-7.0E-01	rgb( 66,125,244)	1.994	None
GATA4	ZFP90	-0.91206	50.7	-7.0E-01	rgb( 65,125,244)	1.994	None
LMX1A	AB074188	0.91206	50.7	0.696	rgb(225, 84, 85)	1.994	2,2
MAFA	UBL5	0.91206	50.7	0.701	rgb(225, 83, 85)	1.994	None
MAFB	LINC00643	0.91206	50.7	0.697	rgb(225, 84, 85)	1.994	None
NEUROD2	CHRNB4	0.91206	50.7	0.701	rgb(225, 83, 84)	1.994	None
NEUROG3	ASXL3	-0.91206	50.7	-7.0E-01	rgb( 66,125,243)	1.994	None
NEUROG3	BCRP3	0.91206	50.7	0.704	rgb(225, 82, 84)	1.994	None
NEUROG3	EGR3	0.91206	50.7	0.696	rgb(225, 84, 85)	1.994	None
NFAT5	AL832439	0.91206	50.7	0.7	rgb(225, 83, 85)	1.994	2,2
NHLH1	SLC7A4	0.91206	50.7	0.699	rgb(225, 83, 85)	1.994	None
NR4A3	GSTM2	0.91206	50.7	0.697	rgb(225, 84, 85)	1.994	None
PDX1	SSTR5	0.91206	50.7	0.695	rgb(225, 84, 86)	1.994	None
RFX6	VWA5B2	0.91206	50.7	0.703	rgb(225, 83, 84)	1.994	None
RORC	SLC6A16	-0.91206	50.7	-7.0E-01	rgb( 66,125,244)	1.994	None
SMAD9	SCN1B	0.91206	50.7	0.705	rgb(225, 82, 84)	1.994	None
SMAD9	SOCS1	0.91206	50.7	0.695	rgb(225, 84, 86)	1.994	None
SOX4	DLL4	0.91206	50.7	0.696	rgb(225, 84, 86)	1.994	None
SOX4	KIRREL3	-0.91206	50.7	-7.0E-01	rgb( 64,124,244)	1.994	None
SOX4	TUBA1A	0.91206	50.7	0.701	rgb(225, 83, 84)	1.994	None
SPIB	CAMKV	0.91206	50.7	0.697	rgb(225, 84, 85)	1.994	None
SPIB	NFASC	0.91206	50.7	0.696	rgb(225, 84, 85)	1.994	None
TFCP2L1	ZFR2	-0.91206	50.7	-7.0E-01	rgb( 66,125,243)	1.994	2,2
ZFHX2	KIF5A	0.91206	50.7	0.697	rgb(225, 84, 85)	1.994	None
ZFP28	RSAD2	0.91206	50.7	0.704	rgb(225, 83, 84)	1.994	None
ZFP90	PNMAL1	0.91206	50.7	0.702	rgb(225, 83, 84)	1.994	2,2
ZNF846	AGT	-0.91206	50.7	-7.0E-01	rgb( 64,124,244)	1.994	None
ZNF846	C2CD4B	-0.91206	50.7	-7.0E-01	rgb( 64,124,244)	1.994	None
ZNF846	GOLGA7B	-0.91206	50.7	-7.0E-01	rgb( 66,125,243)	1.994	None
ZNF846	PCDH11X	0.91206	50.7	0.697	rgb(225, 84, 85)	1.994	2,2
ZNF846	SERPINA10	-0.91206	50.7	-7.0E-01	rgb( 65,124,244)	1.994	None
ASCL1	NPTXR	0.90912	50.69	0.686	rgb(225, 86, 87)	1.9938	None
ASCL2	FER1L6-AS1	-0.90912	50.69	-6.9E-01	rgb( 66,125,243)	1.9938	None
ASCL2	SH3RF3	0.90912	50.69	0.688	rgb(225, 86, 87)	1.9938	None
ATF6	ID1	-0.90912	50.69	-6.9E-01	rgb( 67,126,243)	1.9938	None
EGR3	ELFN1	-0.90912	50.69	-6.9E-01	rgb( 68,126,243)	1.9938	None
EGR3	TLE3	-0.90912	50.69	-6.9E-01	rgb( 66,125,243)	1.9938	None
ELF4	CTNND1	0.90912	50.69	0.693	rgb(225, 85, 86)	1.9938	None
ELF4	FAM64A	-0.90912	50.69	-6.9E-01	rgb( 68,126,243)	1.9938	2,2
ETS1	TAF9B	0.90912	50.69	0.691	rgb(225, 85, 86)	1.9938	None
ETV1	PDE2A	0.90912	50.69	0.689	rgb(225, 85, 87)	1.9938	None
FOXA1	PCDHB10	0.90912	50.69	0.69	rgb(225, 85, 87)	1.9938	2,2
FOXA1	PPP1R14A	-0.90912	50.69	-6.9E-01	rgb( 67,126,243)	1.9938	None
GATA2	GPR112	0.90912	50.69	0.687	rgb(225, 86, 87)	1.9938	2,2
GATA2	TMOD1	0.90912	50.69	0.692	rgb(225, 85, 86)	1.9938	None
GATA4	RBFOX2	-0.90912	50.69	-6.9E-01	rgb( 66,125,243)	1.9938	None
INSM1	PAX4	0.90912	50.69	0.695	rgb(225, 84, 86)	1.9938	2,2
LMX1A	LINC00617	0.90912	50.69	0.694	rgb(225, 84, 86)	1.9938	2,2
LMX1A	ZDHHC8P1	0.90912	50.69	0.691	rgb(225, 85, 86)	1.9938	None
LMX1B	FEV	0.90912	50.69	0.686	rgb(225, 86, 87)	1.9938	None
LMX1B	ST8SIA5	0.90912	50.69	0.694	rgb(225, 84, 86)	1.9938	None
MAFA	CPLX1	0.90912	50.69	0.694	rgb(225, 84, 86)	1.9938	None
MAFA	HOMEZ	-0.90912	50.69	-6.9E-01	rgb( 67,126,243)	1.9938	None
NEUROG3	CLPS	0.90912	50.69	0.694	rgb(225, 84, 86)	1.9938	None
NEUROG3	MAFA	0.90912	50.69	0.693	rgb(225, 85, 86)	1.9938	None
NEUROG3	SPON2	0.90912	50.69	0.692	rgb(225, 85, 86)	1.9938	None
NHLH1	ACTN3	0.90912	50.69	0.69	rgb(225, 85, 87)	1.9938	None
NHLH1	ARHGAP9	0.90912	50.69	0.69	rgb(225, 85, 87)	1.9938	None
NKX2-2	TMEM198	0.90912	50.69	0.694	rgb(225, 84, 86)	1.9938	None
ONECUT1	EDIL3	0.90912	50.69	0.689	rgb(225, 85, 87)	1.9938	2,2
ONECUT2	LDHAL6A	0.90912	50.69	0.692	rgb(225, 85, 86)	1.9938	None
ONECUT2	TAGLN3	-0.90912	50.69	-6.9E-01	rgb( 66,125,243)	1.9938	None
PBX1	RPS3	-0.90912	50.69	-6.9E-01	rgb( 68,126,243)	1.9938	None
PDX1	FOXA2	-0.90912	50.69	-6.9E-01	rgb( 66,125,243)	1.9938	None
PDX1	HOPX	-0.90912	50.69	-6.9E-01	rgb( 67,126,243)	1.9938	None
PRDM16	CTNND1	0.90912	50.69	0.694	rgb(225, 84, 86)	1.9938	None
PROX1	AK026379	0.90912	50.69	0.694	rgb(225, 84, 86)	1.9938	2,2
RFX6	CELF3	0.90912	50.69	0.693	rgb(225, 85, 86)	1.9938	None
SPIB	AGT	0.90912	50.69	0.69	rgb(225, 85, 87)	1.9938	None
TGIF2	HSPA12A	0.90912	50.69	0.693	rgb(225, 85, 86)	1.9938	None
ZNF492	CDHR3	0.90912	50.69	0.694	rgb(225, 84, 86)	1.9938	None
ARX	OR51E1	0.90619	50.68	0.68	rgb(224, 87, 89)	1.9936	None
ASCL2	TP73	0.90619	50.68	0.676	rgb(224, 88, 89)	1.9936	None
EGR3	TMEM158	0.90619	50.68	0.679	rgb(224, 87, 89)	1.9936	None
EGR3	ZFP2	0.90619	50.68	0.677	rgb(224, 88, 89)	1.9936	None
ETV1	GRASP	-0.90619	50.68	-6.8E-01	rgb( 69,127,243)	1.9936	None
ETV1	TMOD2	0.90619	50.68	0.68	rgb(224, 87, 88)	1.9936	None
FOXA1	RRAGD	0.90619	50.68	0.679	rgb(224, 87, 89)	1.9936	None
FOXP2	STK33	0.90619	50.68	0.677	rgb(224, 88, 89)	1.9936	None
GATA4	SCN3B	0.90619	50.68	0.684	rgb(225, 86, 88)	1.9936	None
HIF1A	MAML3	0.90619	50.68	0.675	rgb(224, 88, 89)	1.9936	None
HOXB9	SLC6A16	-0.90619	50.68	-6.8E-01	rgb( 69,127,243)	1.9936	None
HSF2	LRRC10B	-0.90619	50.68	-6.8E-01	rgb( 70,128,243)	1.9936	None
ISL1	PCSK1	0.90619	50.68	0.685	rgb(225, 86, 88)	1.9936	None
LHX1	C2CD4A	0.90619	50.68	0.682	rgb(225, 87, 88)	1.9936	None
NEUROD2	SH3RF3	0.90619	50.68	0.684	rgb(225, 86, 88)	1.9936	None
NEUROG3	LTF	0.90619	50.68	0.677	rgb(224, 88, 89)	1.9936	None
NFAT5	CR627206	0.90619	50.68	0.677	rgb(224, 88, 89)	1.9936	2,2
NKX6-1	SYCP2	-0.90619	50.68	-6.8E-01	rgb( 69,127,243)	1.9936	None
NR4A3	ADCY5	0.90619	50.68	0.681	rgb(224, 87, 88)	1.9936	None
ONECUT1	KIRREL3	0.90619	50.68	0.679	rgb(224, 87, 89)	1.9936	None
ONECUT3	MUC16	0.90619	50.68	0.676	rgb(224, 88, 89)	1.9936	None
PDX1	PTPRN2	0.90619	50.68	0.677	rgb(224, 88, 89)	1.9936	None
PDX1	TUBB2B	0.90619	50.68	0.683	rgb(225, 86, 88)	1.9936	None
RFX2	HSF2	-0.90619	50.68	-6.8E-01	rgb( 69,127,243)	1.9936	None
RFX3	MAML3	0.90619	50.68	0.676	rgb(224, 88, 89)	1.9936	None
SOX4	LZTS1	0.90619	50.68	0.678	rgb(224, 88, 89)	1.9936	None
SOX4	NALCN	-0.90619	50.68	-6.8E-01	rgb( 69,127,243)	1.9936	None
SOX4	VASH2	0.90619	50.68	0.676	rgb(224, 88, 89)	1.9936	None
SPIB	AK022997	0.90619	50.68	0.68	rgb(224, 87, 89)	1.9936	2,2
SPIB	CPE	0.90619	50.68	0.682	rgb(224, 87, 88)	1.9936	None
SPIB	MTSS1	0.90619	50.68	0.676	rgb(224, 88, 89)	1.9936	None
SPIB	SPDYE7P	0.90619	50.68	0.683	rgb(225, 87, 88)	1.9936	None
TEAD2	PRDM16	-0.90619	50.68	-6.8E-01	rgb( 69,127,243)	1.9936	None
TFCP2L1	LRFN1	-0.90619	50.68	-6.8E-01	rgb( 70,127,243)	1.9936	None
TFCP2L1	QSOX2	0.90619	50.68	0.678	rgb(224, 87, 89)	1.9936	None
TGIF2	TFPI2	0.90619	50.68	0.682	rgb(224, 87, 88)	1.9936	None
ZNF519	FAM227A	0.90619	50.68	0.681	rgb(224, 87, 88)	1.9936	None
ZNF846	AX746640	0.90619	50.68	0.681	rgb(224, 87, 88)	1.9936	2,2
ZNF846	LINC00923	0.90619	50.68	0.68	rgb(224, 87, 89)	1.9936	2,2
ARX	CACNA1C	0.90326	50.67	0.668	rgb(224, 89, 91)	1.9934	None
ELF4	MUC15	-0.90326	50.67	-6.7E-01	rgb( 71,128,243)	1.9934	None
ELF4	VWCE	-0.90326	50.67	-6.7E-01	rgb( 71,128,243)	1.9934	None
FEV	MMD2	0.90326	50.67	0.666	rgb(224, 90, 91)	1.9934	None
FEV	SCGN	0.90326	50.67	0.665	rgb(224, 90, 91)	1.9934	None
FOXA1	MYBPC3	0.90326	50.67	0.675	rgb(224, 88, 89)	1.9934	None
FOXA1	PRELP	-0.90326	50.67	-6.7E-01	rgb( 72,129,242)	1.9934	None
FOXP2	FAM105A	0.90326	50.67	0.671	rgb(224, 89, 90)	1.9934	2,2
GATA4	CBX4	0.90326	50.67	0.669	rgb(224, 89, 91)	1.9934	None
GATA6	PDE2A	-0.90326	50.67	-6.7E-01	rgb( 71,128,243)	1.9934	None
LMX1A	LINC00890	0.90326	50.67	0.666	rgb(224, 90, 91)	1.9934	2,2
LMX1A	NEFL	0.90326	50.67	0.671	rgb(224, 89, 90)	1.9934	None
LMX1B	ALAS2	0.90326	50.67	0.673	rgb(224, 88, 90)	1.9934	None
MAFA	MRPL34	0.90326	50.67	0.667	rgb(224, 90, 91)	1.9934	None
MAFB	SCGB1A1	0.90326	50.67	0.667	rgb(224, 90, 91)	1.9934	None
NEUROG3	GGT5	0.90326	50.67	0.667	rgb(224, 90, 91)	1.9934	None
NFAT5	AK055017	0.90326	50.67	0.671	rgb(224, 89, 90)	1.9934	2,2
NFAT5	AX746823	0.90326	50.67	0.667	rgb(224, 90, 91)	1.9934	2,2
NHLH1	SSTR1	0.90326	50.67	0.665	rgb(224, 90, 91)	1.9934	None
NR4A2	CEND1	-0.90326	50.67	-6.7E-01	rgb( 72,129,242)	1.9934	None
RFX3	TMEM190	-0.90326	50.67	-6.7E-01	rgb( 72,129,242)	1.9934	None
RFX6	LY6H	0.90326	50.67	0.668	rgb(224, 89, 91)	1.9934	None
SMAD9	RFX6	0.90326	50.67	0.671	rgb(224, 89, 90)	1.9934	None
SOX4	GFRA1	0.90326	50.67	0.673	rgb(224, 88, 90)	1.9934	None
SOX4	HNRPF	-0.90326	50.67	-6.7E-01	rgb( 71,128,242)	1.9934	2,2
SOX4	TMEM70	0.90326	50.67	0.672	rgb(224, 89, 90)	1.9934	None
SPIB	CACNA1A	0.90326	50.67	0.669	rgb(224, 89, 91)	1.9934	None
TEAD1	ETV1	0.90326	50.67	0.67	rgb(224, 89, 90)	1.9934	None
TFCP2L1	ATP8B2	-0.90326	50.67	-6.7E-01	rgb( 72,129,242)	1.9934	None
TFCP2L1	UCHL1	-0.90326	50.67	-6.7E-01	rgb( 71,128,243)	1.9934	2,2
TGIF2	TMOD2	0.90326	50.67	0.671	rgb(224, 89, 90)	1.9934	None
ZFHX2	AKT3	0.90326	50.67	0.674	rgb(224, 88, 90)	1.9934	None
ZFP28	ONECUT2	0.90326	50.67	0.673	rgb(224, 89, 90)	1.9934	None
ZFP82	PRICKLE2	0.90326	50.67	0.675	rgb(224, 88, 90)	1.9934	None
ZNF519	AX747158	0.90326	50.67	0.673	rgb(224, 88, 90)	1.9934	2,2
ZNF519	FAM161A	0.90326	50.67	0.667	rgb(224, 90, 91)	1.9934	None
ZNF846	FW340055	0.90326	50.67	0.667	rgb(224, 90, 91)	1.9934	2,2
ZNF846	GOLGA6L9	0.90326	50.67	0.674	rgb(224, 88, 90)	1.9934	2,2
ARX	DOK6	0.90033	50.66	0.662	rgb(224, 91, 92)	1.9932	None
ATF6	ITGA7	-0.90033	50.66	-6.6E-01	rgb( 75,130,242)	1.9932	None
EGR3	FAM13A-AS1	-0.90033	50.66	-6.6E-01	rgb( 74,130,242)	1.9932	None
EGR3	GPR137C	-0.90033	50.66	-6.6E-01	rgb( 74,130,242)	1.9932	None
ETV1	CERKL	0.90033	50.66	0.659	rgb(224, 91, 92)	1.9932	None
ETV1	RFX6	0.90033	50.66	0.656	rgb(224, 92, 93)	1.9932	None
FEV	FGF14	0.90033	50.66	0.659	rgb(224, 91, 93)	1.9932	None
GATA4	CLGN	0.90033	50.66	0.663	rgb(224, 90, 92)	1.9932	None
MAFA	IFI6	0.90033	50.66	0.665	rgb(224, 90, 91)	1.9932	None
MAFF	HSPA12A	-0.90033	50.66	-6.6E-01	rgb( 75,130,242)	1.9932	None
NR4A3	KIAA1324	0.90033	50.66	0.662	rgb(224, 91, 92)	1.9932	None
ONECUT2	CR627394	0.90033	50.66	0.655	rgb(224, 92, 93)	1.9932	2,2
PAX4	LSP1	0.90033	50.66	0.664	rgb(224, 90, 91)	1.9932	None
PDX1	NAT8L	0.90033	50.66	0.661	rgb(224, 91, 92)	1.9932	2,2
POU2F2	FAM13A-AS1	0.90033	50.66	0.658	rgb(224, 91, 93)	1.9932	None
POU2F2	TRIM24	-0.90033	50.66	-6.6E-01	rgb( 74,130,242)	1.9932	None
RFX6	INSM1	0.90033	50.66	0.663	rgb(224, 90, 92)	1.9932	None
SOX4	SERPINI1	0.90033	50.66	0.66	rgb(224, 91, 92)	1.9932	None
SPIB	DOCK8	0.90033	50.66	0.663	rgb(224, 90, 92)	1.9932	None
TGIF2	BCRP3	-0.90033	50.66	-6.6E-01	rgb( 74,130,242)	1.9932	None
TGIF2	TSPAN11	0.90033	50.66	0.66	rgb(224, 91, 92)	1.9932	None
ZNF492	H2AFB3	0.90033	50.66	0.665	rgb(224, 90, 91)	1.9932	2,2
ZNF846	MAD2L2	-0.90033	50.66	-6.6E-01	rgb( 74,130,242)	1.9932	None
ATOH8	BAI1	0.90033	50.66	0.658	rgb(224, 91, 93)	1.9932	2,2
ZNF117	AK125871	0.90033	50.66	0.665	rgb(224, 90, 91)	1.9932	2,2
ARX	SEZ6	0.8974	50.65	0.654	rgb(224, 92, 93)	1.993	None
ARX	SSTR5-AS1	0.8974	50.65	0.646	rgb(224, 94, 95)	1.993	None
ASCL1	KCNK17	0.8974	50.65	0.651	rgb(224, 93, 94)	1.993	None
ASCL2	MANEAL	0.8974	50.65	0.651	rgb(224, 93, 94)	1.993	None
ASCL2	PTGDR2	0.8974	50.65	0.653	rgb(224, 92, 94)	1.993	None
ETS1	MTUS2	-0.8974	50.65	-6.5E-01	rgb( 75,131,242)	1.993	None
ETV1	TMEM145	0.8974	50.65	0.655	rgb(224, 92, 93)	1.993	None
FEV	CERS1	0.8974	50.65	0.648	rgb(224, 93, 95)	1.993	None
FEV	NOL4	0.8974	50.65	0.648	rgb(224, 93, 95)	1.993	None
FOXA1	GRHL3	0.8974	50.65	0.65	rgb(224, 93, 94)	1.993	None
FOXA1	KCNE4	-0.8974	50.65	-6.5E-01	rgb( 76,132,242)	1.993	None
FOXA1	RORC	-0.8974	50.65	-6.5E-01	rgb( 76,131,242)	1.993	None
GATA2	ABCC8	0.8974	50.65	0.649	rgb(224, 93, 94)	1.993	None
GATA2	CACNA1C	0.8974	50.65	0.645	rgb(224, 94, 95)	1.993	None
GATA2	PAK7	0.8974	50.65	0.65	rgb(224, 93, 94)	1.993	2,2
HIF1A	EIF4EBP3	-0.8974	50.65	-6.5E-01	rgb( 77,132,242)	1.993	None
HOXB9	LOC286297	-0.8974	50.65	-6.5E-01	rgb( 76,131,242)	1.993	2,2
LHX1	ANKRD18A	0.8974	50.65	0.648	rgb(224, 93, 94)	1.993	None
LHX1	TOX3	-0.8974	50.65	-6.5E-01	rgb( 75,131,242)	1.993	None
LMX1A	PCSK2	0.8974	50.65	0.651	rgb(224, 93, 94)	1.993	None
LMX1B	CD200	0.8974	50.65	0.654	rgb(224, 92, 93)	1.993	None
LMX1B	CXXC4	0.8974	50.65	0.649	rgb(224, 93, 94)	1.993	None
MAFA	TP73	0.8974	50.65	0.653	rgb(224, 92, 94)	1.993	None
NEUROD1	ABCC8	0.8974	50.65	0.653	rgb(224, 92, 94)	1.993	None
NEUROD1	ELOVL4	0.8974	50.65	0.647	rgb(224, 93, 95)	1.993	None
NEUROD2	PGA4	0.8974	50.65	0.654	rgb(224, 92, 93)	1.993	None
NEUROG3	KLK12	0.8974	50.65	0.653	rgb(224, 92, 94)	1.993	None
NR4A2	EML1	-0.8974	50.65	-6.5E-01	rgb( 76,131,242)	1.993	None
NR4A2	LMO3	0.8974	50.65	0.654	rgb(224, 92, 93)	1.993	None
ONECUT1	AK094786	0.8974	50.65	0.646	rgb(224, 94, 95)	1.993	2,2
ONECUT2	UBBP4	-0.8974	50.65	-6.5E-01	rgb( 76,131,242)	1.993	2,2
ONECUT3	LAMP5	0.8974	50.65	0.651	rgb(224, 93, 94)	1.993	None
PAX6	QDPR	0.8974	50.65	0.646	rgb(224, 94, 95)	1.993	None
PDX1	PDGFD	0.8974	50.65	0.651	rgb(224, 93, 94)	1.993	None
RFX2	CELF4	-0.8974	50.65	-6.5E-01	rgb( 75,131,242)	1.993	None
RFX2	FABP5	-0.8974	50.65	-6.5E-01	rgb( 76,131,242)	1.993	None
RORC	AEBP1	0.8974	50.65	0.647	rgb(224, 93, 95)	1.993	None
SOX4	SPIB	0.8974	50.65	0.653	rgb(224, 92, 94)	1.993	None
SPIB	PGA4	0.8974	50.65	0.646	rgb(224, 94, 95)	1.993	None
TEAD1	DKK3	0.8974	50.65	0.651	rgb(224, 93, 94)	1.993	None
TEAD2	YPEL1	0.8974	50.65	0.654	rgb(224, 92, 93)	1.993	None
TFCP2L1	COL22A1	0.8974	50.65	0.65	rgb(224, 93, 94)	1.993	None
TFCP2L1	METTL21EP	0.8974	50.65	0.651	rgb(224, 93, 94)	1.993	None
TFCP2L1	PHLDA2	-0.8974	50.65	-6.5E-01	rgb( 77,132,242)	1.993	None
TP73	RAB26	0.8974	50.65	0.645	rgb(224, 94, 95)	1.993	None
ZFHX2	COL22A1	0.8974	50.65	0.655	rgb(224, 92, 93)	1.993	None
ZNF846	AK125960	0.8974	50.65	0.646	rgb(224, 94, 95)	1.993	2,2
ZNF846	BC010924	0.8974	50.65	0.65	rgb(224, 93, 94)	1.993	2,2
ZNF846	SNED1	0.8974	50.65	0.648	rgb(224, 93, 95)	1.993	None
MYT1	PTCHD2	0.8974	50.65	0.654	rgb(224, 92, 93)	1.993	2,2
ASCL1	KCNJ6	0.89447	50.64	0.645	rgb(224, 94, 95)	1.9928	None
ASCL2	RYBP	-0.89447	50.64	-6.4E-01	rgb( 78,133,241)	1.9928	None
EGR3	ABCC4	0.89447	50.64	0.64	rgb(224, 95, 96)	1.9928	None
EGR3	NREP	0.89447	50.64	0.641	rgb(224, 95, 96)	1.9928	None
ELF4	ST8SIA3	0.89447	50.64	0.642	rgb(224, 94, 96)	1.9928	None
ETV1	SLC8A1	0.89447	50.64	0.639	rgb(224, 95, 96)	1.9928	None
FEV	SPP1	0.89447	50.64	0.637	rgb(224, 95, 97)	1.9928	None
FOXA1	C7	0.89447	50.64	0.636	rgb(224, 95, 97)	1.9928	None
FOXA2	ZFP90	0.89447	50.64	0.641	rgb(224, 95, 96)	1.9928	None
GATA2	RTN4RL1	0.89447	50.64	0.642	rgb(224, 94, 96)	1.9928	None
GATA6	CTXN1	0.89447	50.64	0.643	rgb(224, 94, 96)	1.9928	None
HIC1	DZIP1	0.89447	50.64	0.641	rgb(224, 95, 96)	1.9928	None
HOMEZ	LYPD8	-0.89447	50.64	-6.4E-01	rgb( 79,133,241)	1.9928	2,2
LHX1	TUBB2B	-0.89447	50.64	-6.4E-01	rgb( 78,132,241)	1.9928	None
LMX1A	SERPINA10	0.89447	50.64	0.638	rgb(224, 95, 96)	1.9928	None
LMX1B	SEPT3	0.89447	50.64	0.643	rgb(224, 94, 96)	1.9928	2,2
MAFA	BCAT1	-0.89447	50.64	-6.4E-01	rgb( 78,133,241)	1.9928	None
NR4A2	EIF4EBP3	0.89447	50.64	0.641	rgb(224, 95, 96)	1.9928	None
NR4A2	NCAM1	-0.89447	50.64	-6.4E-01	rgb( 79,133,241)	1.9928	None
NR4A2	SUMO1P3	0.89447	50.64	0.638	rgb(224, 95, 96)	1.9928	2,2
NR4A3	CDHR3	0.89447	50.64	0.641	rgb(224, 95, 96)	1.9928	None
ONECUT1	PPP1R1A	0.89447	50.64	0.64	rgb(224, 95, 96)	1.9928	None
PAX6	LINC00907	0.89447	50.64	0.637	rgb(224, 95, 97)	1.9928	2,2
PBX1	ONECUT2	0.89447	50.64	0.639	rgb(224, 95, 96)	1.9928	None
PDX1	SPP1	0.89447	50.64	0.642	rgb(224, 94, 96)	1.9928	None
PDX1	TP73	-0.89447	50.64	-6.4E-01	rgb( 79,133,241)	1.9928	None
PRDM16	AK094916	0.89447	50.64	0.642	rgb(224, 94, 96)	1.9928	2,2
RFX2	NEFL	-0.89447	50.64	-6.4E-01	rgb( 78,132,241)	1.9928	None
RORC	NR4A3	0.89447	50.64	0.644	rgb(224, 94, 95)	1.9928	None
RORC	VWCE	0.89447	50.64	0.638	rgb(224, 95, 96)	1.9928	None
SOX4	DQ592230	-0.89447	50.64	-6.4E-01	rgb( 77,132,241)	1.9928	2,2
SOX4	DSCAML1	0.89447	50.64	0.642	rgb(224, 94, 96)	1.9928	None
SOX4	HEPACAM2	0.89447	50.64	0.64	rgb(224, 95, 96)	1.9928	None
TFCP2L1	LYPD8	-0.89447	50.64	-6.4E-01	rgb( 79,133,241)	1.9928	2,2
TFCP2L1	MUC5B	0.89447	50.64	0.642	rgb(224, 94, 96)	1.9928	None
TFCP2L1	PGA4	-0.89447	50.64	-6.4E-01	rgb( 79,133,241)	1.9928	None
ZFP82	PTPRN2	0.89447	50.64	0.644	rgb(224, 94, 95)	1.9928	None
ZFP90	OGFRL1	0.89447	50.64	0.644	rgb(224, 94, 95)	1.9928	None
ZNF519	NFAT5	0.89447	50.64	0.644	rgb(224, 94, 95)	1.9928	None
ATOH8	LOC400891	0.89447	50.64	0.64	rgb(224, 95, 96)	1.9928	2,2
ASCL2	GPR173	0.89153	50.63	0.631	rgb(224, 97, 98)	1.9926	None
EGR3	N4BP2L2-IT2	-0.89153	50.63	-6.3E-01	rgb( 80,134,241)	1.9926	2,2
ELF4	HEYL	-0.89153	50.63	-6.3E-01	rgb( 80,134,241)	1.9926	None
ETV1	BSN	0.89153	50.63	0.628	rgb(224, 97, 98)	1.9926	None
ETV1	RET	0.89153	50.63	0.626	rgb(224, 97, 99)	1.9926	None
ETV1	USP41	0.89153	50.63	0.631	rgb(224, 96, 98)	1.9926	None
FOXA1	SMARCC1	0.89153	50.63	0.633	rgb(224, 96, 97)	1.9926	None
FOXA2	PODXL2	0.89153	50.63	0.633	rgb(224, 96, 97)	1.9926	None
FOXP2	MUC16	0.89153	50.63	0.626	rgb(224, 97, 99)	1.9926	None
GATA2	AGT	0.89153	50.63	0.635	rgb(224, 96, 97)	1.9926	None
HSF2	CADPS	0.89153	50.63	0.635	rgb(224, 96, 97)	1.9926	None
HSF2	CCDC40	0.89153	50.63	0.626	rgb(224, 98, 99)	1.9926	None
LMX1B	COL22A1	0.89153	50.63	0.633	rgb(224, 96, 97)	1.9926	None
MAFA	LINC00643	-0.89153	50.63	-6.3E-01	rgb( 81,134,241)	1.9926	None
MAFA	RAB4B-EGLN2	-0.89153	50.63	-6.3E-01	rgb( 80,134,241)	1.9926	None
NEUROD2	MMP2	0.89153	50.63	0.628	rgb(224, 97, 98)	1.9926	None
NKX6-1	AK096718	0.89153	50.63	0.626	rgb(224, 97, 99)	1.9926	2,2
NR4A2	SNAP25	0.89153	50.63	0.631	rgb(224, 96, 98)	1.9926	None
PAX4	SPINK4	0.89153	50.63	0.629	rgb(224, 97, 98)	1.9926	None
PDX1	SMTNL2	0.89153	50.63	0.625	rgb(224, 98, 99)	1.9926	None
RFX6	GPR155	0.89153	50.63	0.627	rgb(224, 97, 99)	1.9926	None
RORC	LGI3	0.89153	50.63	0.63	rgb(224, 97, 98)	1.9926	None
RORC	MYBPC2	0.89153	50.63	0.63	rgb(224, 97, 98)	1.9926	None
SOX4	FABP5	-0.89153	50.63	-6.3E-01	rgb( 80,134,241)	1.9926	None
SOX4	HECW2	0.89153	50.63	0.626	rgb(224, 98, 99)	1.9926	None
SPIB	RIIAD1	0.89153	50.63	0.627	rgb(224, 97, 98)	1.9926	None
TEAD2	PODXL2	0.89153	50.63	0.626	rgb(224, 97, 99)	1.9926	None
TGIF2	ASIC4	0.89153	50.63	0.63	rgb(224, 97, 98)	1.9926	None
ZNF382	LINC00202-1	0.89153	50.63	0.626	rgb(224, 97, 99)	1.9926	2,2
ZNF519	RCOR3	0.89153	50.63	0.63	rgb(224, 97, 98)	1.9926	None
ZNF846	BC005905	0.89153	50.63	0.625	rgb(224, 98, 99)	1.9926	2,2
ZNF846	WISP1	0.89153	50.63	0.63	rgb(224, 97, 98)	1.9926	2,2
ARX	FAM181B	0.8886	50.62	0.615	rgb(224,100,101)	1.9924	2,2
ATF5	IRF2BP1	0.8886	50.62	0.624	rgb(224, 98, 99)	1.9924	None
EGR3	COL10A1	-0.8886	50.62	-6.2E-01	rgb( 82,135,241)	1.9924	None
EGR3	SLC51B	-0.8886	50.62	-6.2E-01	rgb( 81,135,241)	1.9924	None
EGR3	TMEFF1	0.8886	50.62	0.619	rgb(224, 99,100)	1.9924	None
ELF4	EVA1A	-0.8886	50.62	-6.2E-01	rgb( 82,135,241)	1.9924	None
ETV1	CNGA3	0.8886	50.62	0.619	rgb(224, 99,100)	1.9924	None
ETV1	CRYBA2	0.8886	50.62	0.621	rgb(224, 98,100)	1.9924	None
ETV1	IL17C	-0.8886	50.62	-6.2E-01	rgb( 82,135,241)	1.9924	None
FOXA1	SIM1	0.8886	50.62	0.62	rgb(224, 99,100)	1.9924	None
FOXA1	TLE3	-0.8886	50.62	-6.2E-01	rgb( 83,136,240)	1.9924	None
FOXA2	ACTL6B	0.8886	50.62	0.621	rgb(224, 98,100)	1.9924	None
GATA6	DNAPTP1	-0.8886	50.62	-6.2E-01	rgb( 83,135,240)	1.9924	2,2
HSF2	TCEAL1	0.8886	50.62	0.616	rgb(224, 99,101)	1.9924	None
LMX1A	S100A1	0.8886	50.62	0.622	rgb(224, 98, 99)	1.9924	None
NEUROD1	DPYSL4	0.8886	50.62	0.624	rgb(224, 98, 99)	1.9924	None
NEUROD1	HEPACAM2	0.8886	50.62	0.623	rgb(224, 98, 99)	1.9924	None
NEUROD2	HES6	0.8886	50.62	0.62	rgb(224, 99,100)	1.9924	None
NEUROG3	CELA3B	0.8886	50.62	0.618	rgb(224, 99,100)	1.9924	None
NFAT5	DQ592230	0.8886	50.62	0.621	rgb(224, 98,100)	1.9924	2,2
NR4A2	CIT	-0.8886	50.62	-6.2E-01	rgb( 82,135,241)	1.9924	None
NR4A2	SSTR3	-0.8886	50.62	-6.2E-01	rgb( 82,135,241)	1.9924	None
NR4A3	ELAVL4	0.8886	50.62	0.623	rgb(224, 98, 99)	1.9924	None
NR4A3	PRICKLE2	0.8886	50.62	0.616	rgb(224, 99,100)	1.9924	None
PAX6	SYT14	0.8886	50.62	0.621	rgb(224, 98,100)	1.9924	None
PDX1	PRKCG	-0.8886	50.62	-6.2E-01	rgb( 83,135,240)	1.9924	None
RORC	CNPY1	0.8886	50.62	0.623	rgb(224, 98, 99)	1.9924	None
RORC	G0S2	0.8886	50.62	0.619	rgb(224, 99,100)	1.9924	None
SOX4	IGFN1	0.8886	50.62	0.625	rgb(224, 98, 99)	1.9924	None
SOX4	PALMD	-0.8886	50.62	-6.2E-01	rgb( 83,136,240)	1.9924	None
SOX4	UCN3	-0.8886	50.62	-6.2E-01	rgb( 82,135,241)	1.9924	None
SPIB	CD200	0.8886	50.62	0.624	rgb(224, 98, 99)	1.9924	None
SPIB	NAALADL1	0.8886	50.62	0.621	rgb(224, 98,100)	1.9924	None
TEAD2	UNC13A	0.8886	50.62	0.623	rgb(224, 98, 99)	1.9924	None
TGIF2	CAMKV	0.8886	50.62	0.617	rgb(224, 99,100)	1.9924	None
ZFHX2	CRIP1	-0.8886	50.62	-6.2E-01	rgb( 82,135,241)	1.9924	None
ZFP82	WNK2	0.8886	50.62	0.622	rgb(224, 98,100)	1.9924	None
ZNF382	EVL	0.8886	50.62	0.624	rgb(224, 98, 99)	1.9924	None
ZNF492	BC006435	0.8886	50.62	0.617	rgb(224, 99,100)	1.9924	2,2
ZNF846	RCOR3	0.8886	50.62	0.624	rgb(224, 98, 99)	1.9924	None
GRHL3	LIMD2	0.8886	50.62	0.619	rgb(224, 99,100)	1.9924	2,2
ARNT2	AKT3	0.88567	50.61	0.612	rgb(224,100,101)	1.9922	None
ASCL2	TMEM151A	0.88567	50.61	0.612	rgb(224,100,101)	1.9922	None
ETS1	MXI1	0.88567	50.61	0.608	rgb(224,101,102)	1.9922	None
ETV1	CPLX2	0.88567	50.61	0.606	rgb(224,101,102)	1.9922	None
FOXA1	PGM5	0.88567	50.61	0.608	rgb(224,101,102)	1.9922	None
FOXA1	TMEM212	-0.88567	50.61	-6.1E-01	rgb( 85,137,240)	1.9922	None
GATA6	STX1A	-0.88567	50.61	-6.1E-01	rgb( 86,137,240)	1.9922	None
HES4	SYNGR3	0.88567	50.61	0.606	rgb(224,101,103)	1.9922	None
HSF2	GDAP1	0.88567	50.61	0.609	rgb(224,101,102)	1.9922	None
LMX1B	MMP2	0.88567	50.61	0.609	rgb(224,101,102)	1.9922	None
MAFA	PTPN22	0.88567	50.61	0.607	rgb(224,101,102)	1.9922	None
MAFF	ASCL2	-0.88567	50.61	-6.1E-01	rgb( 86,137,240)	1.9922	None
NEUROG3	RFX6	0.88567	50.61	0.606	rgb(224,101,102)	1.9922	None
NHLH1	FLJ38723	0.88567	50.61	0.605	rgb(224,101,103)	1.9922	2,2
NKX2-2	FOXA2	0.88567	50.61	0.607	rgb(224,101,102)	1.9922	None
NKX2-2	VWA5B2	0.88567	50.61	0.606	rgb(224,101,103)	1.9922	None
NR4A2	PRKXP1	0.88567	50.61	0.609	rgb(224,101,102)	1.9922	None
ONECUT2	PPP1R1A	-0.88567	50.61	-6.1E-01	rgb( 85,137,240)	1.9922	None
PBX1	CCDC162P	0.88567	50.61	0.611	rgb(224,100,101)	1.9922	None
PDX1	GLIS2	0.88567	50.61	0.613	rgb(224,100,101)	1.9922	None
PDX1	SCG2	-0.88567	50.61	-6.1E-01	rgb( 84,136,240)	1.9922	None
POU2F2	MLXIPL	0.88567	50.61	0.612	rgb(224,100,101)	1.9922	None
RFX3	PGA3	-0.88567	50.61	-6.1E-01	rgb( 84,136,240)	1.9922	None
SMAD9	CBFA2T3	0.88567	50.61	0.61	rgb(224,100,102)	1.9922	None
SMAD9	LRP4-AS1	0.88567	50.61	0.613	rgb(224,100,101)	1.9922	None
SOX4	COL22A1	0.88567	50.61	0.613	rgb(224,100,101)	1.9922	None
SOX4	ID4	0.88567	50.61	0.608	rgb(224,101,102)	1.9922	None
SOX4	MUC15	0.88567	50.61	0.607	rgb(224,101,102)	1.9922	None
SOX4	RBP1	0.88567	50.61	0.608	rgb(224,101,102)	1.9922	None
TFCP2L1	ANKRD65	-0.88567	50.61	-6.1E-01	rgb( 86,137,240)	1.9922	None
TGIF2	GDF11	0.88567	50.61	0.611	rgb(224,100,101)	1.9922	None
ZNF519	DACT1	-0.88567	50.61	-6.1E-01	rgb( 85,137,240)	1.9922	2,2
ZNF846	AK026714	0.88567	50.61	0.606	rgb(224,101,103)	1.9922	2,2
ZNF846	CDKN1C	-0.88567	50.61	-6.1E-01	rgb( 84,136,240)	1.9922	None
ZNF846	TCTEX1D4	0.88567	50.61	0.61	rgb(224,100,102)	1.9922	None
ZNF846	WNK3	0.88567	50.61	0.61	rgb(224,100,102)	1.9922	None
GRHL3	BC041449	-0.88567	50.61	-6.1E-01	rgb( 84,136,240)	1.9922	2,2
NPAS3	KAL1	0.88567	50.61	0.615	rgb(224,100,101)	1.9922	2,2
ELF4	CRISPLD2	-0.88274	50.6	-6.0E-01	rgb( 86,137,240)	1.992	None
ELF4	HMGB3	-0.88274	50.6	-6.0E-01	rgb( 88,138,240)	1.992	None
FEV	SPIB	0.88274	50.6	0.602	rgb(224,102,103)	1.992	None
FEV	ZFP2	0.88274	50.6	0.596	rgb(224,103,104)	1.992	None
FOXP2	DACH1	0.88274	50.6	0.604	rgb(224,102,103)	1.992	None
GATA2	UCN3	0.88274	50.6	0.602	rgb(224,102,103)	1.992	None
HIC1	KANK2	-0.88274	50.6	-6.0E-01	rgb( 86,137,240)	1.992	None
LHX1	L1TD1	0.88274	50.6	0.604	rgb(224,102,103)	1.992	2,2
LHX1	RNF157-AS1	0.88274	50.6	0.602	rgb(224,102,103)	1.992	None
LMX1A	CFC1	0.88274	50.6	0.602	rgb(224,102,103)	1.992	None
MAFA	GOLGA7B	0.88274	50.6	0.601	rgb(224,102,103)	1.992	None
MAFA	RGS5	0.88274	50.6	0.599	rgb(224,103,104)	1.992	None
NEUROD1	SCGN	0.88274	50.6	0.602	rgb(224,102,103)	1.992	None
NEUROG3	SPINK4	0.88274	50.6	0.599	rgb(224,103,104)	1.992	None
NFAT5	UBE2Q2P2	0.88274	50.6	0.596	rgb(224,103,104)	1.992	2,2
NHLH1	POM121L9P	0.88274	50.6	0.604	rgb(224,102,103)	1.992	None
NHLH1	SDPR	0.88274	50.6	0.603	rgb(224,102,103)	1.992	2,2
NR4A2	NR4A3	0.88274	50.6	0.597	rgb(224,103,104)	1.992	None
NR4A2	TMEM158	-0.88274	50.6	-6.0E-01	rgb( 86,137,240)	1.992	None
NR4A3	GPR83	0.88274	50.6	0.599	rgb(224,103,104)	1.992	2,2
ONECUT2	LRP4-AS1	0.88274	50.6	0.604	rgb(224,102,103)	1.992	None
PDX1	SPEG	0.88274	50.6	0.595	rgb(224,103,105)	1.992	None
RORC	ACTN3	0.88274	50.6	0.596	rgb(224,103,104)	1.992	None
RORC	GRIK5	0.88274	50.6	0.599	rgb(224,103,104)	1.992	None
RORC	ISLR2	0.88274	50.6	0.599	rgb(224,103,104)	1.992	None
SMAD9	FAM167A	0.88274	50.6	0.602	rgb(224,102,103)	1.992	None
SMAD9	PGA4	0.88274	50.6	0.604	rgb(224,102,103)	1.992	None
SOX4	TUB	0.88274	50.6	0.597	rgb(224,103,104)	1.992	None
TEAD2	RBP1	0.88274	50.6	0.604	rgb(224,102,103)	1.992	None
TFCP2L1	MDK	-0.88274	50.6	-6.0E-01	rgb( 86,138,240)	1.992	None
TGIF2	RCOR3	-0.88274	50.6	-6.0E-01	rgb( 86,137,240)	1.992	None
TGIF2	VSTM2L	0.88274	50.6	0.595	rgb(224,103,105)	1.992	None
TP73	TSHZ1	-0.88274	50.6	-6.0E-01	rgb( 87,138,240)	1.992	None
TP73	UCP2	0.88274	50.6	0.599	rgb(224,103,104)	1.992	None
ZNF492	SPRED3	0.88274	50.6	0.602	rgb(224,102,103)	1.992	None
ZNF519	ICA1L	0.88274	50.6	0.605	rgb(224,101,103)	1.992	None
ZNF846	ATP6V0E2	-0.88274	50.6	-6.0E-01	rgb( 87,138,240)	1.992	None
ZNF846	NOTUM	-0.88274	50.6	-6.0E-01	rgb( 87,138,240)	1.992	None
GRHL3	PCDHB15	0.88274	50.6	0.601	rgb(224,102,103)	1.992	2,2
KCNIP3	TMEM59L	0.88274	50.6	0.599	rgb(224,103,104)	1.992	2,2
MYT1	SYT4	0.88274	50.6	0.597	rgb(224,103,104)	1.992	2,2
ARX	AK054990	0.87981	50.59	0.591	rgb(224,104,105)	1.9918	2,2
ARX	FRMPD4	0.87981	50.59	0.593	rgb(224,104,105)	1.9918	None
ASCL2	KCNJ11	0.87981	50.59	0.591	rgb(223,104,105)	1.9918	None
ASCL2	RIMBP2	0.87981	50.59	0.592	rgb(224,104,105)	1.9918	None
ASCL2	SDK2	0.87981	50.59	0.593	rgb(224,104,105)	1.9918	None
EGR3	AK125960	-0.87981	50.59	-5.9E-01	rgb( 90,139,239)	1.9918	2,2
ETS1	GCG	0.87981	50.59	0.594	rgb(224,104,105)	1.9918	None
ETV1	AMPH	0.87981	50.59	0.589	rgb(223,104,106)	1.9918	None
ETV1	KCNH6	0.87981	50.59	0.592	rgb(224,104,105)	1.9918	None
FOXA1	PEX5L	0.87981	50.59	0.592	rgb(224,104,105)	1.9918	None
GATA4	ID4	0.87981	50.59	0.594	rgb(224,103,105)	1.9918	None
GATA4	LGI3	0.87981	50.59	0.589	rgb(223,105,106)	1.9918	None
HIF1A	SCN1B	-0.87981	50.59	-5.9E-01	rgb( 89,139,239)	1.9918	None
HSF2	FUT1	0.87981	50.59	0.593	rgb(224,104,105)	1.9918	None
HSF2	TMEM145	-0.87981	50.59	-5.9E-01	rgb( 90,140,239)	1.9918	None
LMX1B	BC041484	0.87981	50.59	0.591	rgb(224,104,105)	1.9918	2,2
MAFA	BC041449	-0.87981	50.59	-5.9E-01	rgb( 89,139,239)	1.9918	2,2
MAFA	CPT1C	0.87981	50.59	0.585	rgb(223,105,106)	1.9918	None
MAFF	ADORA2A	0.87981	50.59	0.592	rgb(224,104,105)	1.9918	2,2
NEUROG3	CACNB2	-0.87981	50.59	-5.9E-01	rgb( 89,139,239)	1.9918	None
NKX2-2	SPON2	0.87981	50.59	0.588	rgb(223,105,106)	1.9918	None
NR4A2	RGS11	-0.87981	50.59	-5.9E-01	rgb( 89,139,239)	1.9918	None
NR4A3	AGT	0.87981	50.59	0.593	rgb(224,104,105)	1.9918	None
NR4A3	AK311213	0.87981	50.59	0.588	rgb(223,105,106)	1.9918	2,2
PAX6	CPLX2	0.87981	50.59	0.586	rgb(223,105,106)	1.9918	None
PDX1	AEBP1	0.87981	50.59	0.59	rgb(223,104,105)	1.9918	None
PDX1	FCGBP	0.87981	50.59	0.589	rgb(223,105,106)	1.9918	None
PDX1	GGT5	-0.87981	50.59	-5.9E-01	rgb( 88,139,240)	1.9918	None
PDX1	LINC00939	-0.87981	50.59	-5.9E-01	rgb( 88,139,240)	1.9918	None
POU2F2	GCG	-0.87981	50.59	-5.9E-01	rgb( 89,139,239)	1.9918	None
RORC	SLC6A17	0.87981	50.59	0.588	rgb(223,105,106)	1.9918	None
SMAD9	FUT7	0.87981	50.59	0.592	rgb(224,104,105)	1.9918	None
SOX4	DPYSL3	0.87981	50.59	0.591	rgb(224,104,105)	1.9918	None
SOX4	FTCD	-0.87981	50.59	-5.9E-01	rgb( 88,139,240)	1.9918	None
SPIB	MAPK12	0.87981	50.59	0.594	rgb(224,103,105)	1.9918	None
TEAD1	DOCK8	0.87981	50.59	0.593	rgb(224,104,105)	1.9918	None
TFCP2L1	BGN	-0.87981	50.59	-5.9E-01	rgb( 89,139,239)	1.9918	None
TFCP2L1	PCBP4	-0.87981	50.59	-5.9E-01	rgb( 89,139,239)	1.9918	None
ZFP28	IFI44L	0.87981	50.59	0.593	rgb(224,104,105)	1.9918	None
ZNF519	LOC284581	0.87981	50.59	0.593	rgb(224,104,105)	1.9918	2,2
ARX	SLC7A4	-0.87688	50.58	-5.8E-01	rgb( 91,140,239)	1.9916	None
ASCL2	ASIC1	0.87688	50.58	0.581	rgb(223,106,107)	1.9916	None
EGR3	ANK2	-0.87688	50.58	-5.8E-01	rgb( 90,140,239)	1.9916	None
EGR3	XKR7	0.87688	50.58	0.582	rgb(223,106,107)	1.9916	None
ETV1	CACNA1A	0.87688	50.58	0.579	rgb(223,106,107)	1.9916	None
ETV1	SCG3	0.87688	50.58	0.582	rgb(223,106,107)	1.9916	None
FOXA1	SPOCK3	-0.87688	50.58	-5.8E-01	rgb( 92,141,239)	1.9916	None
FOXP2	SH3RF3	0.87688	50.58	0.58	rgb(223,106,107)	1.9916	None
FOXP2	TMEM132C	-0.87688	50.58	-5.8E-01	rgb( 91,140,239)	1.9916	None
GATA2	SLC16A12	0.87688	50.58	0.585	rgb(223,105,106)	1.9916	None
GATA4	FAM171B	0.87688	50.58	0.575	rgb(223,107,108)	1.9916	None
HSF2	CTTNBP2	0.87688	50.58	0.578	rgb(223,107,108)	1.9916	None
ISL1	ARX	0.87688	50.58	0.582	rgb(223,106,107)	1.9916	2,2
LMX1A	PAPPA2	0.87688	50.58	0.583	rgb(223,106,107)	1.9916	None
LMX1A	SNED1	0.87688	50.58	0.584	rgb(223,106,107)	1.9916	None
MAFF	CADM3	0.87688	50.58	0.58	rgb(223,106,107)	1.9916	None
NFAT5	BC005905	0.87688	50.58	0.578	rgb(223,107,108)	1.9916	2,2
NHLH1	PRELP	0.87688	50.58	0.58	rgb(223,106,107)	1.9916	None
NHLH1	TP73	0.87688	50.58	0.581	rgb(223,106,107)	1.9916	None
NKX6-1	MED12L	0.87688	50.58	0.583	rgb(223,106,107)	1.9916	None
NR4A2	NCS1	0.87688	50.58	0.583	rgb(223,106,107)	1.9916	None
NR4A2	SERTAD1	0.87688	50.58	0.584	rgb(223,105,107)	1.9916	None
NR4A2	TMEM190	0.87688	50.58	0.578	rgb(223,107,108)	1.9916	None
NR4A3	CNPY1	-0.87688	50.58	-5.8E-01	rgb( 90,140,239)	1.9916	None
PAX4	RAB26	0.87688	50.58	0.582	rgb(223,106,107)	1.9916	None
PAX6	GALNT16	0.87688	50.58	0.575	rgb(223,107,108)	1.9916	None
PAX6	ST8SIA3	0.87688	50.58	0.577	rgb(223,107,108)	1.9916	None
RORC	SLC7A4	0.87688	50.58	0.576	rgb(223,107,108)	1.9916	None
SMAD9	CAMK2N2	0.87688	50.58	0.58	rgb(223,106,107)	1.9916	None
SMAD9	NOTUM	0.87688	50.58	0.576	rgb(223,107,108)	1.9916	None
SOX4	LRRC10B	0.87688	50.58	0.583	rgb(223,106,107)	1.9916	None
SOX4	MYBPC2	0.87688	50.58	0.585	rgb(223,105,107)	1.9916	None
SOX4	RCOR2	0.87688	50.58	0.577	rgb(223,107,108)	1.9916	None
SPIB	CCDC162P	0.87688	50.58	0.578	rgb(223,107,108)	1.9916	None
TEAD1	NEUROD2	-0.87688	50.58	-5.8E-01	rgb( 92,141,239)	1.9916	None
TFCP2L1	EID1	-0.87688	50.58	-5.8E-01	rgb( 92,141,239)	1.9916	None
ZFP82	ARNT2	0.87688	50.58	0.577	rgb(223,107,108)	1.9916	None
ZNF492	AX746834	0.87688	50.58	0.582	rgb(223,106,107)	1.9916	2,2
ZNF846	ATF5	-0.87688	50.58	-5.8E-01	rgb( 91,141,239)	1.9916	None
CBX2	PCDHB16	0.87688	50.58	0.583	rgb(223,106,107)	1.9916	2,2
ARX	HOXB9	0.87395	50.57	0.568	rgb(223,109,110)	1.9914	None
ARX	ISL1	0.87395	50.57	0.57	rgb(223,108,109)	1.9914	None
ASCL2	CADPS	0.87395	50.57	0.567	rgb(223,109,110)	1.9914	None
EGR3	AVPR1B	-0.87395	50.57	-5.7E-01	rgb( 94,142,238)	1.9914	None
ETS1	CHST10	-0.87395	50.57	-5.7E-01	rgb( 92,141,239)	1.9914	None
ETV1	BOC	0.87395	50.57	0.572	rgb(223,108,109)	1.9914	None
ETV1	COL14A1	0.87395	50.57	0.57	rgb(223,108,109)	1.9914	None
FEV	GDF1	0.87395	50.57	0.571	rgb(223,108,109)	1.9914	None
FEV	MIR7-3HG	0.87395	50.57	0.573	rgb(223,107,109)	1.9914	None
GATA2	TSPAN11	0.87395	50.57	0.575	rgb(223,107,108)	1.9914	None
GATA6	ADCY2	-0.87395	50.57	-5.7E-01	rgb( 93,141,239)	1.9914	None
GATA6	FSD1	-0.87395	50.57	-5.7E-01	rgb( 93,142,239)	1.9914	None
HIF1A	ZFP90	0.87395	50.57	0.57	rgb(223,108,109)	1.9914	None
LMX1A	AK054990	0.87395	50.57	0.57	rgb(223,108,109)	1.9914	2,2
LMX1A	RPRML	0.87395	50.57	0.574	rgb(223,107,108)	1.9914	None
MAFB	GAP43	0.87395	50.57	0.57	rgb(223,108,109)	1.9914	None
MXI1	SLC51B	0.87395	50.57	0.565	rgb(223,109,110)	1.9914	None
NEUROD1	NPTX2	0.87395	50.57	0.569	rgb(223,108,110)	1.9914	None
NEUROD2	STXBP1	0.87395	50.57	0.566	rgb(223,109,110)	1.9914	None
NEUROG3	CADPS	0.87395	50.57	0.567	rgb(223,109,110)	1.9914	None
NFAT5	ZNF492	0.87395	50.57	0.574	rgb(223,107,109)	1.9914	2,2
NKX2-2	HECW2	0.87395	50.57	0.571	rgb(223,108,109)	1.9914	None
RORC	DHRS2	0.87395	50.57	0.568	rgb(223,108,110)	1.9914	None
SMAD9	DYNC1I1	0.87395	50.57	0.566	rgb(223,109,110)	1.9914	None
SMAD9	RYBP	0.87395	50.57	0.572	rgb(223,108,109)	1.9914	None
SOX4	ELAVL3	-0.87395	50.57	-5.7E-01	rgb( 94,142,239)	1.9914	None
SOX4	OLFML2B	0.87395	50.57	0.567	rgb(223,109,110)	1.9914	None
SPIB	FSD1	0.87395	50.57	0.566	rgb(223,109,110)	1.9914	None
TEAD1	PTCH1	0.87395	50.57	0.57	rgb(223,108,109)	1.9914	None
TEAD2	TEKT2	0.87395	50.57	0.57	rgb(223,108,109)	1.9914	None
TGIF2	PRICKLE2	0.87395	50.57	0.567	rgb(223,109,110)	1.9914	None
ZFP28	F10	-0.87395	50.57	-5.7E-01	rgb( 94,142,239)	1.9914	None
ZFP82	ABLIM2	0.87395	50.57	0.575	rgb(223,107,108)	1.9914	None
ZFP82	MEX3A	0.87395	50.57	0.566	rgb(223,109,110)	1.9914	None
ZNF492	AMPD3	0.87395	50.57	0.571	rgb(223,108,109)	1.9914	None
ZNF846	SERTAD1	-0.87395	50.57	-5.7E-01	rgb( 94,142,239)	1.9914	None
ZNF846	TPST2	-0.87395	50.57	-5.7E-01	rgb( 93,142,239)	1.9914	None
ZNF846	ZNF853	-0.87395	50.57	-5.7E-01	rgb( 93,142,239)	1.9914	None
GRHL3	PCDHB16	0.87395	50.57	0.565	rgb(223,109,110)	1.9914	2,2
TSHZ1	CR627394	0.87395	50.57	0.574	rgb(223,107,108)	1.9914	2,2
ARNT2	CAMKV	0.87101	50.56	0.562	rgb(223,110,111)	1.9912	None
ASCL2	TUBB4A	0.87101	50.56	0.562	rgb(223,110,111)	1.9912	2,2
ELF4	SCIMP	0.87101	50.56	0.558	rgb(223,110,111)	1.9912	None
ETS1	GPR155	0.87101	50.56	0.56	rgb(223,110,111)	1.9912	None
FEV	CRYBA2	0.87101	50.56	0.56	rgb(223,110,111)	1.9912	None
GATA2	CHL1	0.87101	50.56	0.563	rgb(223,110,111)	1.9912	None
GATA2	ERO1LB	0.87101	50.56	0.562	rgb(223,110,111)	1.9912	2,2
HSF2	RGS4	0.87101	50.56	0.556	rgb(223,111,112)	1.9912	None
HSF2	SERPINA10	0.87101	50.56	0.56	rgb(223,110,111)	1.9912	None
HSF2	UBL5	-0.87101	50.56	-5.6E-01	rgb( 96,143,238)	1.9912	None
LHX1	NPSR1-AS1	0.87101	50.56	0.565	rgb(223,109,110)	1.9912	None
LMX1B	KCNH8	0.87101	50.56	0.56	rgb(223,110,111)	1.9912	None
LMX1B	TMEM196	0.87101	50.56	0.556	rgb(223,111,112)	1.9912	None
MAFA	GADD45A	0.87101	50.56	0.557	rgb(223,111,112)	1.9912	None
MAFA	ICA1L	-0.87101	50.56	-5.6E-01	rgb( 94,142,238)	1.9912	None
MAFF	NRXN2	0.87101	50.56	0.557	rgb(223,111,112)	1.9912	None
NEUROG3	LOC100506178	0.87101	50.56	0.56	rgb(223,110,111)	1.9912	None
NEUROG3	RASL11B	0.87101	50.56	0.562	rgb(223,110,111)	1.9912	None
NHLH1	AEBP1	0.87101	50.56	0.557	rgb(223,111,112)	1.9912	None
NHLH1	SOX4	0.87101	50.56	0.555	rgb(223,111,112)	1.9912	None
NKX6-1	BAI1	0.87101	50.56	0.555	rgb(223,111,112)	1.9912	2,2
NR4A2	DUSP2	-0.87101	50.56	-5.6E-01	rgb( 96,144,238)	1.9912	None
ONECUT2	APLN	-0.87101	50.56	-5.6E-01	rgb( 95,143,238)	1.9912	None
PDX1	COL16A1	0.87101	50.56	0.562	rgb(223,110,111)	1.9912	None
SMAD9	BGN	0.87101	50.56	0.564	rgb(223,109,110)	1.9912	None
SMAD9	EDIL3	0.87101	50.56	0.558	rgb(223,110,112)	1.9912	None
SOX4	CPE	0.87101	50.56	0.555	rgb(223,111,112)	1.9912	None
SOX4	SPINK4	0.87101	50.56	0.557	rgb(223,111,112)	1.9912	None
SPIB	DPP10	0.87101	50.56	0.565	rgb(223,109,110)	1.9912	None
SPIB	KNDC1	-0.87101	50.56	-5.6E-01	rgb( 95,143,238)	1.9912	None
TFCP2L1	ADCY2	-0.87101	50.56	-5.6E-01	rgb( 96,144,238)	1.9912	None
TFCP2L1	TSPAN7	-0.87101	50.56	-5.6E-01	rgb( 96,144,238)	1.9912	None
ZNF492	AK128559	0.87101	50.56	0.562	rgb(223,110,111)	1.9912	2,2
ZNF519	BAMBI	-0.87101	50.56	-5.6E-01	rgb( 96,143,238)	1.9912	None
ZNF519	TUBB3	-0.87101	50.56	-5.6E-01	rgb( 95,143,238)	1.9912	None
ZNF519	VOPP1	-0.87101	50.56	-5.6E-01	rgb( 96,143,238)	1.9912	None
ZNF846	FAM110B	-0.87101	50.56	-5.6E-01	rgb( 95,143,238)	1.9912	None
ATOH8	CTSL2	0.87101	50.56	0.555	rgb(223,111,112)	1.9912	2,2
ARNT2	TAF9B	-0.86808	50.55	-5.5E-01	rgb( 98,144,238)	1.991	None
ASCL2	CHST8	0.86808	50.55	0.554	rgb(223,111,112)	1.991	None
ASCL2	KCNH2	0.86808	50.55	0.549	rgb(223,112,113)	1.991	None
EGR3	ELF4	-0.86808	50.55	-5.5E-01	rgb( 97,144,238)	1.991	None
EGR3	VSTM2L	-0.86808	50.55	-5.5E-01	rgb( 98,145,238)	1.991	None
ETV1	EFNB3	0.86808	50.55	0.55	rgb(223,112,113)	1.991	None
ETV1	NEFM	0.86808	50.55	0.554	rgb(223,111,112)	1.991	None
ETV1	ZMYM2	0.86808	50.55	0.545	rgb(223,113,114)	1.991	None
GATA4	SCN2A	-0.86808	50.55	-5.5E-01	rgb( 97,144,238)	1.991	None
GATA6	NFRKB	-0.86808	50.55	-5.5E-01	rgb( 97,144,238)	1.991	None
HES4	GRASP	0.86808	50.55	0.548	rgb(223,112,114)	1.991	None
HIC1	L1TD1	-0.86808	50.55	-5.5E-01	rgb( 98,144,238)	1.991	None
HOXB9	LINC00202-1	-0.86808	50.55	-5.5E-01	rgb( 98,144,238)	1.991	2,2
LMX1B	ARNT2	0.86808	50.55	0.547	rgb(223,113,114)	1.991	None
LMX1B	TUBB2B	0.86808	50.55	0.55	rgb(223,112,113)	1.991	None
MAFB	CCL19	0.86808	50.55	0.554	rgb(223,111,112)	1.991	None
NEUROD2	ISLR2	-0.86808	50.55	-5.5E-01	rgb( 97,144,238)	1.991	None
NEUROG3	NOXO1	0.86808	50.55	0.552	rgb(223,112,113)	1.991	None
NHLH1	CDKN1C	0.86808	50.55	0.553	rgb(223,111,112)	1.991	None
NR4A3	CACNA2D1	0.86808	50.55	0.553	rgb(223,111,112)	1.991	None
NR4A3	KCNB2	0.86808	50.55	0.554	rgb(223,111,112)	1.991	None
ONECUT2	JX088243	0.86808	50.55	0.545	rgb(223,113,114)	1.991	2,2
ONECUT2	SERF2-C15ORF63	-0.86808	50.55	-5.5E-01	rgb( 98,145,238)	1.991	2,2
PAX6	EYA4	0.86808	50.55	0.549	rgb(223,112,113)	1.991	None
PDX1	VSTM4	-0.86808	50.55	-5.5E-01	rgb( 97,144,238)	1.991	None
RFX2	HV535469	0.86808	50.55	0.55	rgb(223,112,113)	1.991	2,2
RORC	POU6F1	0.86808	50.55	0.549	rgb(223,112,113)	1.991	None
SMAD9	CPE	0.86808	50.55	0.549	rgb(223,112,113)	1.991	None
SOX4	HOPX	0.86808	50.55	0.548	rgb(223,112,113)	1.991	None
SOX4	PPP1R3C	0.86808	50.55	0.552	rgb(223,112,113)	1.991	None
SOX4	USP13	-0.86808	50.55	-5.5E-01	rgb( 99,145,238)	1.991	None
SPIB	ISL1	0.86808	50.55	0.548	rgb(223,112,113)	1.991	None
SPIB	RSAD2	0.86808	50.55	0.547	rgb(223,113,114)	1.991	None
TEAD2	MEX3A	0.86808	50.55	0.549	rgb(223,112,113)	1.991	None
TFCP2L1	HES4	-0.86808	50.55	-5.5E-01	rgb( 98,145,238)	1.991	None
TGIF2	TMEM70	-0.86808	50.55	-5.5E-01	rgb( 99,145,238)	1.991	None
TP73	ATP6V0E2	0.86808	50.55	0.548	rgb(223,112,113)	1.991	None
ZFHX2	RAPGEF4	0.86808	50.55	0.55	rgb(223,112,113)	1.991	None
ZFHX2	TMEM70	-0.86808	50.55	-5.5E-01	rgb( 97,144,238)	1.991	None
ZNF492	AX747756	0.86808	50.55	0.554	rgb(223,111,112)	1.991	2,2
ZNF492	USP32P2	0.86808	50.55	0.552	rgb(223,112,113)	1.991	None
ARX	GRIK3	0.86515	50.54	0.542	rgb(223,113,115)	1.9908	2,2
ETS1	ELL2	0.86515	50.54	0.538	rgb(223,114,115)	1.9908	None
ETS1	PRKXP1	-0.86515	50.54	-5.4E-01	rgb(100,146,238)	1.9908	None
ETV1	B3GAT1	0.86515	50.54	0.536	rgb(223,115,116)	1.9908	None
ETV1	NFASC	0.86515	50.54	0.543	rgb(223,113,114)	1.9908	None
ETV1	RTN1	0.86515	50.54	0.543	rgb(223,113,114)	1.9908	None
ETV1	UNC79	0.86515	50.54	0.539	rgb(223,114,115)	1.9908	None
FEV	TMEFF1	0.86515	50.54	0.538	rgb(223,114,115)	1.9908	None
FOXP2	DOCK8	0.86515	50.54	0.543	rgb(223,113,114)	1.9908	None
FOXP2	POU2F2	0.86515	50.54	0.54	rgb(223,114,115)	1.9908	None
HHEX	DQ583756	0.86515	50.54	0.538	rgb(223,114,115)	1.9908	2,2
HIF1A	EGFR	0.86515	50.54	0.537	rgb(223,114,115)	1.9908	None
HSF2	GADD45A	-0.86515	50.54	-5.4E-01	rgb(100,146,238)	1.9908	None
HSF2	TMOD2	0.86515	50.54	0.541	rgb(223,114,115)	1.9908	None
LHX1	MMP11	0.86515	50.54	0.542	rgb(223,113,115)	1.9908	None
LMX1A	LPPR5	0.86515	50.54	0.539	rgb(223,114,115)	1.9908	2,2
MAFB	CDKN1C	0.86515	50.54	0.539	rgb(223,114,115)	1.9908	None
MAFB	TEKT2	0.86515	50.54	0.536	rgb(223,115,116)	1.9908	None
MLXIPL	MFAP2	0.86515	50.54	0.536	rgb(223,115,116)	1.9908	2,2
NEUROG3	SUCNR1	-0.86515	50.54	-5.4E-01	rgb(101,146,237)	1.9908	None
ONECUT1	AK128153	0.86515	50.54	0.536	rgb(223,115,116)	1.9908	2,2
ONECUT2	LOC100505716	0.86515	50.54	0.537	rgb(223,114,115)	1.9908	2,2
PDX1	CYP27A1	0.86515	50.54	0.545	rgb(223,113,114)	1.9908	None
PDX1	SLC7A4	-0.86515	50.54	-5.4E-01	rgb(101,146,237)	1.9908	None
RORC	PPP1R3C	0.86515	50.54	0.541	rgb(223,114,115)	1.9908	None
SOX4	HCP5	0.86515	50.54	0.544	rgb(223,113,114)	1.9908	None
SPIB	GNG2	0.86515	50.54	0.544	rgb(223,113,114)	1.9908	None
SPIB	SYT14	0.86515	50.54	0.538	rgb(223,114,115)	1.9908	None
TFCP2L1	MAD2L2	-0.86515	50.54	-5.4E-01	rgb(100,146,237)	1.9908	None
ZFHX2	PGM5P2	0.86515	50.54	0.545	rgb(223,113,114)	1.9908	2,2
ZNF492	MUC5B	0.86515	50.54	0.538	rgb(223,114,115)	1.9908	None
ZNF846	FUT7	-0.86515	50.54	-5.4E-01	rgb( 99,145,238)	1.9908	None
ASCL1	CACNA1A	0.86222	50.53	0.526	rgb(223,117,118)	1.9906	None
ELF4	ANKRD65	-0.86222	50.53	-5.3E-01	rgb(101,146,237)	1.9906	None
ELF4	HCP5	-0.86222	50.53	-5.3E-01	rgb(103,148,237)	1.9906	None
ETV1	GPR137C	0.86222	50.53	0.535	rgb(223,115,116)	1.9906	None
ETV1	PPP1R1A	0.86222	50.53	0.534	rgb(223,115,116)	1.9906	None
FOXA1	C2CD4A	0.86222	50.53	0.53	rgb(223,116,117)	1.9906	None
FOXA1	CIB4	-0.86222	50.53	-5.3E-01	rgb(101,147,237)	1.9906	None
FOXA1	MAGED1	0.86222	50.53	0.531	rgb(223,116,117)	1.9906	None
GATA4	MAST1	-0.86222	50.53	-5.3E-01	rgb(103,147,237)	1.9906	None
GATA4	PRELP	-0.86222	50.53	-5.3E-01	rgb(102,147,237)	1.9906	None
GATA4	RTN1	0.86222	50.53	0.526	rgb(223,117,118)	1.9906	None
GATA4	STXBP1	-0.86222	50.53	-5.3E-01	rgb(102,147,237)	1.9906	None
HOMEZ	WISP1	0.86222	50.53	0.529	rgb(223,116,117)	1.9906	2,2
HSF2	FKBP7	0.86222	50.53	0.528	rgb(223,116,117)	1.9906	None
ISL1	ETV1	0.86222	50.53	0.526	rgb(223,117,118)	1.9906	None
LHX1	ACOT7	0.86222	50.53	0.528	rgb(223,116,117)	1.9906	None
LMX1A	VCAN	0.86222	50.53	0.533	rgb(223,115,116)	1.9906	None
MAFA	NEUROD2	0.86222	50.53	0.533	rgb(223,115,116)	1.9906	None
MAFA	VWCE	0.86222	50.53	0.527	rgb(223,116,117)	1.9906	None
MAFB	CERKL	0.86222	50.53	0.53	rgb(223,116,117)	1.9906	None
MAFB	SST	0.86222	50.53	0.531	rgb(223,116,117)	1.9906	None
NEUROD2	ARHGAP9	0.86222	50.53	0.526	rgb(223,116,118)	1.9906	None
NEUROD2	SERPINI1	0.86222	50.53	0.531	rgb(223,116,117)	1.9906	None
NEUROG3	SUSD2	0.86222	50.53	0.526	rgb(223,117,118)	1.9906	None
NR4A2	POU6F1	0.86222	50.53	0.527	rgb(223,116,117)	1.9906	None
ONECUT2	DQ598910	0.86222	50.53	0.535	rgb(223,115,116)	1.9906	2,2
PAX4	USP41	0.86222	50.53	0.531	rgb(223,116,117)	1.9906	None
PDX1	NEFL	-0.86222	50.53	-5.3E-01	rgb(101,147,237)	1.9906	None
PDX1	RTN4RL1	0.86222	50.53	0.528	rgb(223,116,117)	1.9906	None
PDX1	SPC25	-0.86222	50.53	-5.3E-01	rgb(102,147,237)	1.9906	None
RFX6	INSRR	0.86222	50.53	0.527	rgb(223,116,117)	1.9906	None
RORC	SPON1	-0.86222	50.53	-5.3E-01	rgb(102,147,237)	1.9906	None
SOX4	BOC	0.86222	50.53	0.527	rgb(223,116,117)	1.9906	None
SPIB	IL17C	-0.86222	50.53	-5.3E-01	rgb(102,147,237)	1.9906	None
SPIB	NRXN2	0.86222	50.53	0.53	rgb(223,116,117)	1.9906	None
TFCP2L1	NAALADL1	-0.86222	50.53	-5.3E-01	rgb(101,147,237)	1.9906	None
TGIF2	RNF157-AS1	0.86222	50.53	0.526	rgb(223,117,118)	1.9906	None
ZFHX2	GPR133	0.86222	50.53	0.527	rgb(223,116,117)	1.9906	2,2
ZFP92	AK316092	0.86222	50.53	0.532	rgb(223,115,116)	1.9906	2,2
ZNF382	BC006435	0.86222	50.53	0.53	rgb(223,116,117)	1.9906	2,2
ZNF846	CHRNA5	-0.86222	50.53	-5.3E-01	rgb(103,148,237)	1.9906	None
ZNF846	EID2	-0.86222	50.53	-5.3E-01	rgb(102,147,237)	1.9906	None
ZNF846	UBL5	-0.86222	50.53	-5.3E-01	rgb(101,147,237)	1.9906	None
ATF6	STXBP1	0.85929	50.52	0.515	rgb(223,119,120)	1.9904	None
ELF4	HES6	-0.85929	50.52	-5.2E-01	rgb(103,148,237)	1.9904	None
ETV1	FAM227A	0.85929	50.52	0.521	rgb(223,117,118)	1.9904	None
ETV1	MAP2	0.85929	50.52	0.52	rgb(223,118,119)	1.9904	None
ETV1	PCSK1	0.85929	50.52	0.516	rgb(223,118,119)	1.9904	None
FOXA1	NNMT	0.85929	50.52	0.52	rgb(223,118,119)	1.9904	None
FOXA2	CBX7	-0.85929	50.52	-5.2E-01	rgb(105,149,237)	1.9904	None
FOXA2	SPARC	0.85929	50.52	0.518	rgb(223,118,119)	1.9904	None
GATA2	SLC7A4	0.85929	50.52	0.521	rgb(223,117,119)	1.9904	None
GATA4	GDF1	0.85929	50.52	0.518	rgb(223,118,119)	1.9904	None
GATA4	SPC25	-0.85929	50.52	-5.2E-01	rgb(104,148,237)	1.9904	None
HSF2	MS4A8	-0.85929	50.52	-5.2E-01	rgb(104,148,237)	1.9904	None
LHX1	PDE8B	-0.85929	50.52	-5.2E-01	rgb(103,148,237)	1.9904	None
LHX1	PDX1	0.85929	50.52	0.517	rgb(223,118,119)	1.9904	None
LHX1	RPS3	0.85929	50.52	0.52	rgb(223,118,119)	1.9904	None
LMX1A	KCNJ3	0.85929	50.52	0.523	rgb(223,117,118)	1.9904	None
MAFA	HEYL	0.85929	50.52	0.523	rgb(223,117,118)	1.9904	None
NEUROG3	GLT8D2	0.85929	50.52	0.518	rgb(223,118,119)	1.9904	None
NFAT5	AK125858	0.85929	50.52	0.521	rgb(223,118,119)	1.9904	2,2
NFAT5	AX746991	0.85929	50.52	0.523	rgb(223,117,118)	1.9904	2,2
NR4A3	PSD	0.85929	50.52	0.518	rgb(223,118,119)	1.9904	None
NR4A3	RAB39B	0.85929	50.52	0.521	rgb(223,118,119)	1.9904	2,2
NR4A3	ZDHHC8P1	0.85929	50.52	0.517	rgb(223,118,119)	1.9904	None
PAX6	FGF14	0.85929	50.52	0.522	rgb(223,117,118)	1.9904	None
PDX1	CRY2	0.85929	50.52	0.518	rgb(223,118,119)	1.9904	None
PRDM16	BC029255	0.85929	50.52	0.522	rgb(223,117,118)	1.9904	2,2
RFX2	EID2	-0.85929	50.52	-5.2E-01	rgb(104,149,237)	1.9904	None
SMAD9	CAMK2B	0.85929	50.52	0.517	rgb(223,118,119)	1.9904	None
SOX4	SLC51B	0.85929	50.52	0.524	rgb(223,117,118)	1.9904	None
SOX4	SPON2	0.85929	50.52	0.525	rgb(223,117,118)	1.9904	None
TFCP2L1	CPA1	-0.85929	50.52	-5.2E-01	rgb(103,148,237)	1.9904	None
ZFHX2	CAMK1G	0.85929	50.52	0.515	rgb(223,119,120)	1.9904	None
ZFP82	CRISPLD2	0.85929	50.52	0.521	rgb(223,117,119)	1.9904	None
ZFP82	FAT3	0.85929	50.52	0.515	rgb(223,119,120)	1.9904	None
ZNF492	BC022892	0.85929	50.52	0.52	rgb(223,118,119)	1.9904	2,2
ZNF492	DKFZP434K028	0.85929	50.52	0.524	rgb(223,117,118)	1.9904	2,2
ZNF492	SGCD	0.85929	50.52	0.515	rgb(223,119,120)	1.9904	None
ATF6	ASXL3	0.85636	50.51	0.513	rgb(223,119,120)	1.9902	None
EGR3	ENPP1	-0.85636	50.51	-5.1E-01	rgb(107,150,236)	1.9902	None
ELF4	CHST10	-0.85636	50.51	-5.1E-01	rgb(107,150,236)	1.9902	None
ETV1	SEPT5-GP1BB	0.85636	50.51	0.511	rgb(223,119,120)	1.9902	2,2
FEV	SYN1	0.85636	50.51	0.511	rgb(223,119,120)	1.9902	None
FOXA1	NALCN	-0.85636	50.51	-5.1E-01	rgb(107,150,236)	1.9902	None
FOXA1	PCSK2	-0.85636	50.51	-5.1E-01	rgb(106,149,236)	1.9902	None
FOXA2	KCNJ3	-0.85636	50.51	-5.1E-01	rgb(106,149,237)	1.9902	None
FOXP2	LINC00261	0.85636	50.51	0.514	rgb(223,119,120)	1.9902	None
FOXP2	TOX	0.85636	50.51	0.51	rgb(223,120,121)	1.9902	None
GATA2	CCDC181	0.85636	50.51	0.512	rgb(223,119,120)	1.9902	None
GATA2	PCDH20	0.85636	50.51	0.513	rgb(223,119,120)	1.9902	2,2
HOXB9	FOXP2	-0.85636	50.51	-5.1E-01	rgb(106,150,236)	1.9902	None
HSF2	KCNH8	0.85636	50.51	0.505	rgb(223,120,121)	1.9902	None
HSF2	TRPC7	-0.85636	50.51	-5.1E-01	rgb(107,150,236)	1.9902	None
LMX1B	EPHA4	0.85636	50.51	0.515	rgb(223,119,120)	1.9902	None
MAFA	RASD1	0.85636	50.51	0.509	rgb(223,120,121)	1.9902	None
MAFB	RAB3C	0.85636	50.51	0.514	rgb(223,119,120)	1.9902	None
NEUROG3	LOC100129175	-0.85636	50.51	-5.1E-01	rgb(107,150,236)	1.9902	None
NEUROG3	NPSR1-AS1	0.85636	50.51	0.513	rgb(223,119,120)	1.9902	None
NR4A3	SPTBN4	0.85636	50.51	0.506	rgb(223,120,121)	1.9902	None
NR4A3	TRAM1L1	0.85636	50.51	0.513	rgb(223,119,120)	1.9902	2,2
PAX4	INS-IGF2	0.85636	50.51	0.506	rgb(223,120,121)	1.9902	None
PAX6	SPTBN4	0.85636	50.51	0.514	rgb(223,119,120)	1.9902	None
PBX1	TUBB3	-0.85636	50.51	-5.1E-01	rgb(107,150,236)	1.9902	None
RFX6	EGR3	-0.85636	50.51	-5.1E-01	rgb(107,150,236)	1.9902	None
RORC	BCORL1	0.85636	50.51	0.512	rgb(223,119,120)	1.9902	None
RORC	CPLX2	0.85636	50.51	0.509	rgb(223,120,121)	1.9902	None
SMAD9	PCSK1	0.85636	50.51	0.509	rgb(223,120,121)	1.9902	None
SMAD9	PROX1	0.85636	50.51	0.51	rgb(223,120,121)	1.9902	None
SOX4	CITED2	0.85636	50.51	0.508	rgb(223,120,121)	1.9902	None
SOX4	CLCN4	-0.85636	50.51	-5.1E-01	rgb(106,149,236)	1.9902	None
SOX4	CSF1R	0.85636	50.51	0.508	rgb(223,120,121)	1.9902	None
SOX4	TFPI2	0.85636	50.51	0.508	rgb(223,120,121)	1.9902	None
TFCP2L1	GPR137C	-0.85636	50.51	-5.1E-01	rgb(106,150,236)	1.9902	None
TFCP2L1	REM2	-0.85636	50.51	-5.1E-01	rgb(106,149,237)	1.9902	None
ZNF519	MAGED1	-0.85636	50.51	-5.1E-01	rgb(107,150,236)	1.9902	None
ASCL1	GPR148	0.85343	50.5	0.498	rgb(222,122,123)	1.99	None
ASCL2	NPM2	0.85343	50.5	0.498	rgb(222,122,123)	1.99	None
ATF6	SCG2	-0.85343	50.5	-5.0E-01	rgb(107,150,236)	1.99	None
EGR3	GATA2	-0.85343	50.5	-5.0E-01	rgb(109,151,236)	1.99	2,2
EGR3	LRIG1	0.85343	50.5	0.5	rgb(222,122,123)	1.99	None
ETS1	SLC30A4	0.85343	50.5	0.496	rgb(222,122,123)	1.99	None
ETV1	ABCC8	0.85343	50.5	0.496	rgb(222,122,123)	1.99	None
ETV1	NHLH1	-0.85343	50.5	-5.0E-01	rgb(109,151,236)	1.99	None
FEV	MAPK8IP1	0.85343	50.5	0.501	rgb(223,121,122)	1.99	None
FEV	RET	0.85343	50.5	0.501	rgb(223,121,122)	1.99	None
FOXA1	ACOT7	0.85343	50.5	0.505	rgb(223,121,122)	1.99	None
FOXA1	KCNF1	-0.85343	50.5	-5.0E-01	rgb(110,152,236)	1.99	None
FOXP2	CCDC154	0.85343	50.5	0.5	rgb(223,121,122)	1.99	2,2
FOXP2	KCNH7	0.85343	50.5	0.503	rgb(223,121,122)	1.99	None
GLIS2	PSD	0.85343	50.5	0.504	rgb(223,121,122)	1.99	None
LMX1A	HCP5	0.85343	50.5	0.497	rgb(222,122,123)	1.99	None
LMX1B	SPARC	0.85343	50.5	0.497	rgb(222,122,123)	1.99	None
NFAT5	AX748379	0.85343	50.5	0.502	rgb(223,121,122)	1.99	2,2
NFAT5	LOC100216546	0.85343	50.5	0.497	rgb(222,122,123)	1.99	2,2
ONECUT3	AF090102	-0.85343	50.5	-5.0E-01	rgb(108,151,236)	1.99	2,2
PAX6	RTN1	0.85343	50.5	0.497	rgb(222,122,123)	1.99	None
PDX1	ADCY1	0.85343	50.5	0.502	rgb(223,121,122)	1.99	None
RORC	OLFML2B	0.85343	50.5	0.501	rgb(223,121,122)	1.99	None
TFCP2L1	BAI2	-0.85343	50.5	-5.0E-01	rgb(109,151,236)	1.99	2,2
TFCP2L1	FTCD	0.85343	50.5	0.5	rgb(223,121,122)	1.99	None
TFCP2L1	NEUROD1	-0.85343	50.5	-5.0E-01	rgb(108,150,236)	1.99	None
TFCP2L1	SCT	-0.85343	50.5	-5.0E-01	rgb(109,151,236)	1.99	None
ZFHX2	PLCXD3	0.85343	50.5	0.498	rgb(222,122,123)	1.99	None
ZNF492	AX746617	0.85343	50.5	0.501	rgb(223,121,122)	1.99	2,2
ZNF492	CELF5	0.85343	50.5	0.503	rgb(223,121,122)	1.99	None
ARX	CHST8	0.85049	50.49	0.491	rgb(222,123,124)	1.9898	None
ASCL2	STMN3	0.85049	50.49	0.493	rgb(222,123,124)	1.9898	None
ETS1	AADAT	-0.85049	50.49	-4.9E-01	rgb(110,152,236)	1.9898	None
ETS1	CTNND1	0.85049	50.49	0.487	rgb(222,124,125)	1.9898	None
ETV1	KIF5A	0.85049	50.49	0.49	rgb(222,123,124)	1.9898	None
ETV1	MYT1	0.85049	50.49	0.489	rgb(222,124,125)	1.9898	None
FEV	GPC6	0.85049	50.49	0.489	rgb(222,124,125)	1.9898	None
FOXA1	ACSL6	-0.85049	50.49	-4.9E-01	rgb(110,152,236)	1.9898	None
FOXA1	MAGEA5	-0.85049	50.49	-4.9E-01	rgb(112,153,235)	1.9898	2,2
FOXA1	PCDHA2	0.85049	50.49	0.485	rgb(222,124,125)	1.9898	None
GATA2	CPB1	0.85049	50.49	0.487	rgb(222,124,125)	1.9898	None
GATA6	RTN1	-0.85049	50.49	-4.9E-01	rgb(110,152,236)	1.9898	None
HEYL	IGHG1	0.85049	50.49	0.494	rgb(222,123,124)	1.9898	2,2
HSF2	IFI6	-0.85049	50.49	-4.9E-01	rgb(111,153,235)	1.9898	None
LMX1A	GAD2	0.85049	50.49	0.488	rgb(222,124,125)	1.9898	None
LMX1A	UCN3	0.85049	50.49	0.495	rgb(222,123,124)	1.9898	None
MAFA	GFRA3	-0.85049	50.49	-4.9E-01	rgb(111,153,236)	1.9898	None
MXI1	FAM161A	-0.85049	50.49	-4.9E-01	rgb(110,152,236)	1.9898	None
NHLH1	FUT7	0.85049	50.49	0.487	rgb(222,124,125)	1.9898	None
NR4A2	TUBB3	-0.85049	50.49	-4.9E-01	rgb(110,152,236)	1.9898	None
NR4A3	AK128153	0.85049	50.49	0.486	rgb(222,124,125)	1.9898	2,2
PDX1	MFAP2	0.85049	50.49	0.492	rgb(222,123,124)	1.9898	2,2
RFX6	CERS1	0.85049	50.49	0.494	rgb(222,123,124)	1.9898	None
RORC	CD52	0.85049	50.49	0.493	rgb(222,123,124)	1.9898	None
SOX4	SFTPA2	0.85049	50.49	0.489	rgb(222,124,125)	1.9898	None
SPIB	GNAO1	0.85049	50.49	0.49	rgb(222,123,124)	1.9898	None
TFCP2L1	PCDHB15	0.85049	50.49	0.494	rgb(222,123,124)	1.9898	None
TGIF2	SLC30A4	-0.85049	50.49	-4.9E-01	rgb(112,153,235)	1.9898	None
TP73	NPTXR	0.85049	50.49	0.492	rgb(222,123,124)	1.9898	None
ZFP90	LSAMP	0.85049	50.49	0.487	rgb(222,124,125)	1.9898	None
ZNF846	AK124194	0.85049	50.49	0.491	rgb(222,123,124)	1.9898	2,2
ATF6	CHGB	-0.84756	50.48	-4.8E-01	rgb(113,154,235)	1.9896	None
EGR3	NRXN2	-0.84756	50.48	-4.8E-01	rgb(112,153,235)	1.9896	None
ETV1	JAM3	0.84756	50.48	0.477	rgb(222,126,127)	1.9896	None
GATA2	PTPRN	0.84756	50.48	0.477	rgb(222,126,127)	1.9896	None
GATA4	COL12A1	0.84756	50.48	0.481	rgb(222,125,126)	1.9896	None
GATA4	FGF9	0.84756	50.48	0.481	rgb(222,125,126)	1.9896	None
LTF	CTAGE15	-0.84756	50.48	-4.8E-01	rgb(112,153,235)	1.9896	2,2
MAFB	GATA4	0.84756	50.48	0.479	rgb(222,126,127)	1.9896	None
MXI1	SLC7A2	-0.84756	50.48	-4.8E-01	rgb(114,154,235)	1.9896	None
NKX6-1	TMEM59L	0.84756	50.48	0.484	rgb(222,124,125)	1.9896	2,2
ONECUT1	CELSR3	0.84756	50.48	0.475	rgb(222,126,127)	1.9896	None
PAX4	SYP	0.84756	50.48	0.483	rgb(222,125,126)	1.9896	None
PAX6	KCTD12	0.84756	50.48	0.483	rgb(222,125,126)	1.9896	None
PDX1	HCN4	0.84756	50.48	0.482	rgb(222,125,126)	1.9896	None
PROX1	FLJ38723	0.84756	50.48	0.479	rgb(222,125,126)	1.9896	2,2
RORC	OGFRL1	-0.84756	50.48	-4.8E-01	rgb(113,154,235)	1.9896	None
RORC	TSPAN7	0.84756	50.48	0.478	rgb(222,126,127)	1.9896	None
SOX4	CCDC74B	-0.84756	50.48	-4.8E-01	rgb(114,154,235)	1.9896	None
SOX4	KIF19	0.84756	50.48	0.476	rgb(222,126,127)	1.9896	None
SOX4	SEMA6B	0.84756	50.48	0.481	rgb(222,125,126)	1.9896	None
TEAD1	RBFOX2	0.84756	50.48	0.481	rgb(222,125,126)	1.9896	None
TEAD2	PGA4	0.84756	50.48	0.481	rgb(222,125,126)	1.9896	None
TFCP2L1	RUNDC3A	-0.84756	50.48	-4.8E-01	rgb(113,153,235)	1.9896	None
ZFHX2	SLC30A4	0.84756	50.48	0.485	rgb(222,124,125)	1.9896	None
ZFHX2	ZNF846	0.84756	50.48	0.482	rgb(222,125,126)	1.9896	None
ZFP28	SLC38A5	-0.84756	50.48	-4.8E-01	rgb(114,154,235)	1.9896	None
ZFP82	TTLL6	0.84756	50.48	0.484	rgb(222,125,126)	1.9896	None
ZNF846	AX748379	0.84756	50.48	0.483	rgb(222,125,126)	1.9896	2,2
ZNF846	NOXO1	-0.84756	50.48	-4.8E-01	rgb(114,154,235)	1.9896	None
ZNF846	PGA4	-0.84756	50.48	-4.8E-01	rgb(114,154,235)	1.9896	None
DACH1	AK092048	0.84756	50.48	0.481	rgb(222,125,126)	1.9896	2,2
DACH1	CSH2	0.84756	50.48	0.482	rgb(222,125,126)	1.9896	2,2
ZFP62	FW340024	0.84756	50.48	0.484	rgb(222,125,125)	1.9896	2,2
ARNT2	RGAG4	0.84463	50.47	0.468	rgb(222,128,129)	1.9894	2,2
ASCL2	SCN1B	0.84463	50.47	0.467	rgb(222,128,129)	1.9894	None
ASCL2	UCP2	0.84463	50.47	0.474	rgb(222,126,127)	1.9894	None
ATF6	CENPE	0.84463	50.47	0.466	rgb(222,128,129)	1.9894	None
EGR3	KCNJ11	-0.84463	50.47	-4.7E-01	rgb(114,155,235)	1.9894	None
ETV1	CTPS1	0.84463	50.47	0.468	rgb(222,128,129)	1.9894	None
ETV1	JAKMIP2	0.84463	50.47	0.465	rgb(222,128,129)	1.9894	None
ETV1	QSOX2	0.84463	50.47	0.466	rgb(222,128,129)	1.9894	None
FEV	FAM71E2	0.84463	50.47	0.467	rgb(222,128,129)	1.9894	None
FOXA1	TMOD2	0.84463	50.47	0.474	rgb(222,126,127)	1.9894	None
HSF2	NR4A3	0.84463	50.47	0.474	rgb(222,126,127)	1.9894	None
HSF2	VCAN	0.84463	50.47	0.473	rgb(222,127,128)	1.9894	None
LHX1	LAMP5	0.84463	50.47	0.475	rgb(222,126,127)	1.9894	None
LMX1A	MIR7-3HG	0.84463	50.47	0.473	rgb(222,127,128)	1.9894	None
LMX1B	NACAD	0.84463	50.47	0.468	rgb(222,128,129)	1.9894	None
NEUROD2	PRELP	0.84463	50.47	0.473	rgb(222,127,128)	1.9894	None
NEUROG3	KIF19	0.84463	50.47	0.467	rgb(222,128,129)	1.9894	None
NFAT5	IRF2BP1	-0.84463	50.47	-4.7E-01	rgb(114,155,235)	1.9894	None
NKX6-1	LOC283731	0.84463	50.47	0.466	rgb(222,128,129)	1.9894	2,2
ONECUT2	AX747756	0.84463	50.47	0.474	rgb(222,126,127)	1.9894	2,2
PAX6	GRIN1	0.84463	50.47	0.474	rgb(222,127,127)	1.9894	None
PDX1	FER1L6-AS1	-0.84463	50.47	-4.7E-01	rgb(115,155,235)	1.9894	None
PDX1	TEAD1	-0.84463	50.47	-4.7E-01	rgb(115,155,235)	1.9894	None
PRDM16	CR627206	0.84463	50.47	0.466	rgb(222,128,129)	1.9894	2,2
RFX3	NEFL	-0.84463	50.47	-4.7E-01	rgb(115,155,235)	1.9894	None
RFX6	SFRP1	0.84463	50.47	0.468	rgb(222,128,129)	1.9894	None
TEAD2	TTC7B	0.84463	50.47	0.474	rgb(222,126,127)	1.9894	None
TFCP2L1	MS4A8	-0.84463	50.47	-4.7E-01	rgb(115,155,235)	1.9894	None
TGIF2	ATF5	0.84463	50.47	0.471	rgb(222,127,128)	1.9894	None
ZFHX2	BASP1	0.84463	50.47	0.471	rgb(222,127,128)	1.9894	None
ZFHX2	FAM227A	0.84463	50.47	0.469	rgb(222,127,128)	1.9894	None
ZFP82	FAM171B	0.84463	50.47	0.471	rgb(222,127,128)	1.9894	None
ZNF519	NR2F2-AS1	0.84463	50.47	0.473	rgb(222,127,128)	1.9894	None
ZNF846	KCNF1	-0.84463	50.47	-4.7E-01	rgb(116,155,235)	1.9894	None
ASCL2	SSTR3	0.8417	50.46	0.464	rgb(222,128,129)	1.9892	None
EGR3	PTP4A3	-0.8417	50.46	-4.6E-01	rgb(118,157,234)	1.9892	None
EGR3	SYNM	-0.8417	50.46	-4.6E-01	rgb(118,157,234)	1.9892	None
ETV1	ISLR2	0.8417	50.46	0.459	rgb(222,129,130)	1.9892	None
FEV	DPP10	0.8417	50.46	0.464	rgb(222,128,129)	1.9892	None
GATA2	SAMD11	0.8417	50.46	0.459	rgb(222,129,130)	1.9892	None
GATA4	ACTN3	-0.8417	50.46	-4.6E-01	rgb(118,157,234)	1.9892	None
HES4	TFCP2L1	-0.8417	50.46	-4.6E-01	rgb(117,156,234)	1.9892	None
LMX1A	GPR112	0.8417	50.46	0.463	rgb(222,129,129)	1.9892	2,2
LMX1A	STXBP5L	0.8417	50.46	0.463	rgb(222,128,129)	1.9892	None
NEUROD2	FAM171A2	0.8417	50.46	0.456	rgb(222,130,131)	1.9892	None
NFAT5	AX748371	0.8417	50.46	0.457	rgb(222,130,131)	1.9892	2,2
NHLH1	TMEM61	0.8417	50.46	0.461	rgb(222,129,130)	1.9892	None
NKX6-1	CAND2	0.8417	50.46	0.456	rgb(222,130,131)	1.9892	None
NKX6-1	LINC00907	0.8417	50.46	0.461	rgb(222,129,130)	1.9892	2,2
NR4A2	MXI1	0.8417	50.46	0.464	rgb(222,128,129)	1.9892	None
NR4A2	STMN2	0.8417	50.46	0.465	rgb(222,128,129)	1.9892	None
NR4A3	NPY	0.8417	50.46	0.463	rgb(222,129,130)	1.9892	None
RFX2	RBPMS	0.8417	50.46	0.464	rgb(222,128,129)	1.9892	None
RFX6	MAPK4	0.8417	50.46	0.461	rgb(222,129,130)	1.9892	None
RORC	NHLH1	-0.8417	50.46	-4.6E-01	rgb(117,156,235)	1.9892	None
RORC	NPTX1	0.8417	50.46	0.459	rgb(222,129,130)	1.9892	None
RORC	SHF	0.8417	50.46	0.46	rgb(222,129,130)	1.9892	None
SOX4	MAPK4	0.8417	50.46	0.457	rgb(222,130,131)	1.9892	None
TFCP2L1	RPS6KL1	-0.8417	50.46	-4.6E-01	rgb(116,156,235)	1.9892	None
ASCL1	CADM3	0.83877	50.45	0.455	rgb(222,130,131)	1.989	None
ASCL2	CLSPN	0.83877	50.45	0.452	rgb(222,131,132)	1.989	None
ASCL2	GPC2	0.83877	50.45	0.452	rgb(222,131,132)	1.989	None
EGR3	GRIN1	-0.83877	50.45	-4.5E-01	rgb(118,157,234)	1.989	None
ETV1	EPHA4	0.83877	50.45	0.453	rgb(222,131,131)	1.989	None
ETV1	EPHA8	0.83877	50.45	0.449	rgb(222,131,132)	1.989	None
ETV1	GHRL	0.83877	50.45	0.453	rgb(222,130,131)	1.989	None
ETV1	KIF5C	0.83877	50.45	0.45	rgb(222,131,132)	1.989	2,2
ETV1	SPTBN4	0.83877	50.45	0.453	rgb(222,130,131)	1.989	None
GATA2	NTS	0.83877	50.45	0.448	rgb(222,131,132)	1.989	2,2
GATA4	BTBD11	-0.83877	50.45	-4.5E-01	rgb(120,158,234)	1.989	None
LMX1B	HSPA12A	0.83877	50.45	0.448	rgb(222,131,132)	1.989	None
MAFA	ZFP90	-0.83877	50.45	-4.5E-01	rgb(119,157,234)	1.989	None
MAFB	CPLX2	0.83877	50.45	0.446	rgb(222,132,133)	1.989	None
MAFB	SLC8A1	0.83877	50.45	0.454	rgb(222,130,131)	1.989	None
NR4A3	SH3RF3-AS1	0.83877	50.45	0.446	rgb(222,132,133)	1.989	None
ONECUT1	MTUS2	0.83877	50.45	0.454	rgb(222,130,131)	1.989	None
POU2F2	PCYT1B	0.83877	50.45	0.448	rgb(222,131,132)	1.989	None
RORC	GGT5	0.83877	50.45	0.452	rgb(222,131,132)	1.989	None
RORC	RGS11	0.83877	50.45	0.449	rgb(222,131,132)	1.989	None
RORC	WNT9A	0.83877	50.45	0.451	rgb(222,131,132)	1.989	None
TEAD2	H1FX-AS1	0.83877	50.45	0.454	rgb(222,130,131)	1.989	None
TFCP2L1	ZDHHC8P1	-0.83877	50.45	-4.5E-01	rgb(118,157,234)	1.989	None
TGIF2	GYLTL1B	0.83877	50.45	0.45	rgb(222,131,132)	1.989	2,2
TGIF2	LINC00310	-0.83877	50.45	-4.5E-01	rgb(119,157,234)	1.989	None
ZFP28	IFI44	0.83877	50.45	0.449	rgb(222,131,132)	1.989	None
ZNF492	MAPK10	0.83877	50.45	0.451	rgb(222,131,132)	1.989	None
ZNF846	AX746834	0.83877	50.45	0.454	rgb(222,130,131)	1.989	2,2
MYT1	SEPT3	0.83877	50.45	0.451	rgb(222,131,132)	1.989	2,2
ZNF117	AX746834	0.83877	50.45	0.452	rgb(222,131,132)	1.989	2,2
ZNF853	RAB40A	0.83877	50.45	0.447	rgb(222,132,132)	1.989	2,2
ASCL1	DCX	0.83584	50.44	0.442	rgb(222,132,133)	1.9888	2,2
EGR3	UBE2QL1	-0.83584	50.44	-4.4E-01	rgb(123,160,234)	1.9888	2,2
ETV1	CFC1	0.83584	50.44	0.44	rgb(222,133,134)	1.9888	None
FEV	KCNK17	0.83584	50.44	0.441	rgb(222,133,134)	1.9888	None
FOXA1	PLCXD3	0.83584	50.44	0.44	rgb(222,133,134)	1.9888	None
GATA2	KCNK3	0.83584	50.44	0.439	rgb(222,133,134)	1.9888	None
HES4	C2CD4B	0.83584	50.44	0.439	rgb(222,133,134)	1.9888	None
HSF2	REM2	-0.83584	50.44	-4.4E-01	rgb(121,159,234)	1.9888	None
LHX1	MIR503HG	-0.83584	50.44	-4.4E-01	rgb(122,159,234)	1.9888	None
LHX1	PGF	-0.83584	50.44	-4.4E-01	rgb(122,159,234)	1.9888	None
LHX1	TRPM2	-0.83584	50.44	-4.4E-01	rgb(121,158,234)	1.9888	None
MAFB	SYT5	0.83584	50.44	0.439	rgb(222,133,134)	1.9888	None
NEUROD2	WNT9A	0.83584	50.44	0.442	rgb(222,133,133)	1.9888	None
NFAT5	BC022892	0.83584	50.44	0.436	rgb(222,134,135)	1.9888	2,2
NR4A3	ZNF853	0.83584	50.44	0.437	rgb(222,133,134)	1.9888	None
ONECUT1	GABRB3	0.83584	50.44	0.437	rgb(222,134,134)	1.9888	2,2
POU6F1	FAM110B	-0.83584	50.44	-4.4E-01	rgb(122,159,234)	1.9888	None
RFX3	CNGA3	0.83584	50.44	0.443	rgb(222,132,133)	1.9888	None
RFX6	CNTN3	-0.83584	50.44	-4.4E-01	rgb(120,158,234)	1.9888	None
SOX4	MS4A8	0.83584	50.44	0.438	rgb(222,133,134)	1.9888	None
SOX4	TMOD1	0.83584	50.44	0.436	rgb(222,134,135)	1.9888	None
SPIB	AK5	0.83584	50.44	0.438	rgb(222,133,134)	1.9888	None
TFCP2L1	CNTD2	-0.83584	50.44	-4.4E-01	rgb(123,160,234)	1.9888	None
ZFHX2	REM2	-0.83584	50.44	-4.4E-01	rgb(122,159,234)	1.9888	None
ZFP82	MCF2L	0.83584	50.44	0.439	rgb(222,133,134)	1.9888	None
ZFP90	MAGEA5	-0.83584	50.44	-4.4E-01	rgb(122,159,234)	1.9888	2,2
ZNF519	WNT9A	-0.83584	50.44	-4.4E-01	rgb(121,158,234)	1.9888	None
ZNF846	EID1	-0.83584	50.44	-4.4E-01	rgb(121,159,234)	1.9888	None
ARX	VCAN	0.83291	50.43	0.428	rgb(222,135,136)	1.9886	None
EGR3	PCYT1B	0.83291	50.43	0.434	rgb(222,134,135)	1.9886	None
ETV1	OGFRL1	0.83291	50.43	0.432	rgb(222,135,135)	1.9886	None
ETV1	SCGN	0.83291	50.43	0.426	rgb(222,136,136)	1.9886	None
FOXA2	FLT1	0.83291	50.43	0.427	rgb(222,136,136)	1.9886	None
FOXA2	GFRA1	0.83291	50.43	0.426	rgb(222,136,137)	1.9886	None
FOXA2	MMD2	0.83291	50.43	0.434	rgb(222,134,135)	1.9886	None
HOXB9	PAX6	0.83291	50.43	0.427	rgb(222,136,136)	1.9886	None
HSF2	GPR155	0.83291	50.43	0.432	rgb(222,134,135)	1.9886	None
LMX1B	SLC18A1	0.83291	50.43	0.425	rgb(222,136,137)	1.9886	None
LMX1B	TOX	0.83291	50.43	0.425	rgb(222,136,137)	1.9886	None
NEUROD2	MAP1A	0.83291	50.43	0.434	rgb(222,134,135)	1.9886	None
NHLH1	NPTXR	0.83291	50.43	0.431	rgb(222,135,136)	1.9886	None
NR4A3	CDKN1C	0.83291	50.43	0.425	rgb(222,136,137)	1.9886	None
PAX6	NPTX2	0.83291	50.43	0.426	rgb(222,136,137)	1.9886	None
POU6F1	BIVM-ERCC5	0.83291	50.43	0.425	rgb(222,136,137)	1.9886	None
PRDM16	MYRF	0.83291	50.43	0.427	rgb(222,135,136)	1.9886	None
RFX6	LINC00494	0.83291	50.43	0.425	rgb(222,136,137)	1.9886	None
SOX4	KLK12	0.83291	50.43	0.426	rgb(222,136,136)	1.9886	None
SOX4	PCDHB16	0.83291	50.43	0.427	rgb(222,136,136)	1.9886	2,2
SPIB	PDE2A	0.83291	50.43	0.431	rgb(222,135,135)	1.9886	None
TGIF2	MANEAL	0.83291	50.43	0.426	rgb(222,136,137)	1.9886	None
TGIF2	STK33	0.83291	50.43	0.432	rgb(222,134,135)	1.9886	None
ZFP28	CSH1	-0.83291	50.43	-4.3E-01	rgb(123,160,233)	1.9886	None
ZNF492	SOCS1	-0.83291	50.43	-4.3E-01	rgb(124,160,233)	1.9886	None
ARNT2	MUC5B	-0.82997	50.42	-4.2E-01	rgb(126,162,233)	1.9884	None
ASCL2	PODXL2	0.82997	50.42	0.421	rgb(222,137,137)	1.9884	None
EGR3	SMARCC1	0.82997	50.42	0.421	rgb(222,137,137)	1.9884	None
ETV1	RASD1	0.82997	50.42	0.42	rgb(222,137,138)	1.9884	None
FOXA1	EML1	0.82997	50.42	0.423	rgb(222,136,137)	1.9884	None
FOXP2	CHRNB2	0.82997	50.42	0.422	rgb(222,136,137)	1.9884	None
GATA2	STXBP5L	0.82997	50.42	0.417	rgb(222,137,138)	1.9884	None
LMX1A	ETV1	0.82997	50.42	0.422	rgb(222,136,137)	1.9884	None
MAFB	SGCD	0.82997	50.42	0.416	rgb(222,138,138)	1.9884	None
MLXIPL	ZNF382	0.82997	50.42	0.42	rgb(222,137,138)	1.9884	2,2
ONECUT2	BMS1P1	0.82997	50.42	0.424	rgb(222,136,137)	1.9884	2,2
RFX6	LOC100652999	0.82997	50.42	0.424	rgb(222,136,137)	1.9884	None
RORC	ADAMTSL2	0.82997	50.42	0.416	rgb(222,138,138)	1.9884	None
TFCP2L1	FAM155B	0.82997	50.42	0.418	rgb(222,137,138)	1.9884	None
TFCP2L1	PCSK2	-0.82997	50.42	-4.2E-01	rgb(126,161,233)	1.9884	None
TGIF2	EPM2A	0.82997	50.42	0.422	rgb(222,136,137)	1.9884	None
TGIF2	OR51E1	0.82997	50.42	0.424	rgb(222,136,137)	1.9884	None
ZNF846	ACOT7	-0.82997	50.42	-4.2E-01	rgb(125,161,233)	1.9884	None
ZNF846	AK125858	0.82997	50.42	0.417	rgb(222,137,138)	1.9884	2,2
HMGN3	DTX3	0.82997	50.42	0.424	rgb(222,136,137)	1.9884	2,2
ARNT2	CACNA1H	0.82704	50.41	0.406	rgb(221,139,140)	1.9882	None
ARNT2	LINC00261	0.82704	50.41	0.413	rgb(222,138,139)	1.9882	None
ASCL2	SLC7A2	0.82704	50.41	0.413	rgb(222,138,139)	1.9882	None
EGR3	CYP27A1	-0.82704	50.41	-4.1E-01	rgb(127,163,233)	1.9882	None
FOXA2	CSH1	0.82704	50.41	0.412	rgb(222,138,139)	1.9882	None
GATA2	AK311257	0.82704	50.41	0.412	rgb(222,138,139)	1.9882	2,2
GATA2	KIF5C	0.82704	50.41	0.414	rgb(222,138,139)	1.9882	2,2
HSF2	ADNP	0.82704	50.41	0.406	rgb(221,139,140)	1.9882	None
LMX1A	LOC100216479	0.82704	50.41	0.406	rgb(221,139,140)	1.9882	2,2
LMX1A	ST6GALNAC5	0.82704	50.41	0.41	rgb(222,139,140)	1.9882	None
MAFA	SGCD	-0.82704	50.41	-4.1E-01	rgb(127,163,233)	1.9882	None
MAFB	CAMK1G	0.82704	50.41	0.406	rgb(221,140,140)	1.9882	None
NEUROD1	ADAMTSL2	0.82704	50.41	0.41	rgb(222,139,140)	1.9882	None
NEUROD2	CLPS	0.82704	50.41	0.407	rgb(221,139,140)	1.9882	None
NR4A2	TCTEX1D4	0.82704	50.41	0.411	rgb(222,139,139)	1.9882	None
NR4A3	AK024119	0.82704	50.41	0.408	rgb(221,139,140)	1.9882	2,2
NR4A3	COL16A1	0.82704	50.41	0.414	rgb(222,138,139)	1.9882	None
ONECUT2	AK124194	0.82704	50.41	0.412	rgb(222,138,139)	1.9882	2,2
ONECUT3	CTTNBP2	-0.82704	50.41	-4.1E-01	rgb(129,163,232)	1.9882	None
PAX4	LZTS1	0.82704	50.41	0.41	rgb(222,139,139)	1.9882	None
RORC	NPTXR	0.82704	50.41	0.415	rgb(222,138,139)	1.9882	None
SMAD9	CLCNKA	0.82704	50.41	0.409	rgb(222,139,140)	1.9882	None
SPIB	ANKRD65	0.82704	50.41	0.408	rgb(221,139,140)	1.9882	None
SPIB	UNC79	0.82704	50.41	0.405	rgb(221,140,140)	1.9882	None
ZFHX2	LMO3	-0.82704	50.41	-4.1E-01	rgb(129,163,232)	1.9882	None
ZFHX2	RGS11	-0.82704	50.41	-4.1E-01	rgb(127,162,233)	1.9882	None
ZFP28	CELF4	0.82704	50.41	0.414	rgb(222,138,139)	1.9882	None
ZNF846	NEAT1	0.82704	50.41	0.405	rgb(221,140,140)	1.9882	None
SIM1	FBN1	0.82704	50.41	0.409	rgb(221,139,140)	1.9882	2,2
ARX	CYP4F24P	0.82411	50.4	0.397	rgb(221,141,142)	1.988	None
ARX	FGF14	0.82411	50.4	0.396	rgb(221,141,142)	1.988	None
ETV1	ITGBL1	0.82411	50.4	0.398	rgb(221,141,142)	1.988	None
FEV	CPLX2	0.82411	50.4	0.404	rgb(221,140,141)	1.988	None
FOXA1	AK125960	-0.82411	50.4	-4.0E-01	rgb(130,164,232)	1.988	2,2
FOXA2	ZNF846	-0.82411	50.4	-4.0E-01	rgb(130,164,232)	1.988	None
GATA2	GPR83	0.82411	50.4	0.403	rgb(221,140,141)	1.988	2,2
GATA4	PDZD4	0.82411	50.4	0.4	rgb(221,141,141)	1.988	None
MAFA	PGA5	0.82411	50.4	0.401	rgb(221,140,141)	1.988	None
MAFB	RASD1	0.82411	50.4	0.403	rgb(221,140,141)	1.988	None
NEUROD2	RASL10B	0.82411	50.4	0.4	rgb(221,141,141)	1.988	2,2
NFAT5	ANKRD36B	0.82411	50.4	0.401	rgb(221,140,141)	1.988	2,2
NKX6-1	KCNMB2	0.82411	50.4	0.398	rgb(221,141,142)	1.988	None
NR4A2	GDF11	-0.82411	50.4	-4.0E-01	rgb(131,165,232)	1.988	None
PAX6	ASCL2	0.82411	50.4	0.4	rgb(221,141,141)	1.988	None
SOX4	MAP1B	0.82411	50.4	0.395	rgb(221,142,142)	1.988	None
ZNF846	MPP1	-0.82411	50.4	-4.0E-01	rgb(130,164,232)	1.988	None
KCNIP3	BEX1	0.82411	50.4	0.4	rgb(221,141,141)	1.988	2,2
ARX	CFC1	0.82118	50.39	0.39	rgb(221,142,143)	1.9878	None
ASCL1	AF070581	0.82118	50.39	0.389	rgb(221,143,143)	1.9878	2,2
ETV1	PRKCG	0.82118	50.39	0.394	rgb(221,142,143)	1.9878	None
FEV	CRMP1	0.82118	50.39	0.386	rgb(221,143,144)	1.9878	None
FEV	LIN7A	0.82118	50.39	0.391	rgb(221,142,143)	1.9878	None
FOXA2	LOC145837	0.82118	50.39	0.386	rgb(221,143,144)	1.9878	2,2
GATA2	KCNMB2	0.82118	50.39	0.392	rgb(221,142,143)	1.9878	None
ISL1	KIF5C	0.82118	50.39	0.391	rgb(221,142,143)	1.9878	2,2
LMX1A	DIRAS1	0.82118	50.39	0.394	rgb(221,142,143)	1.9878	2,2
LMX1A	LIMCH1	0.82118	50.39	0.387	rgb(221,143,144)	1.9878	None
MAFB	GPR162	0.82118	50.39	0.394	rgb(221,142,143)	1.9878	None
MAFB	PLXNC1	0.82118	50.39	0.392	rgb(221,142,143)	1.9878	None
NEUROD1	DSCAML1	0.82118	50.39	0.386	rgb(221,143,144)	1.9878	None
NEUROG3	VASH2	0.82118	50.39	0.385	rgb(221,143,144)	1.9878	None
NHLH1	YPEL1	0.82118	50.39	0.388	rgb(221,143,144)	1.9878	None
NKX2-2	PAX4	0.82118	50.39	0.395	rgb(221,142,142)	1.9878	2,2
NR4A2	CNPY1	-0.82118	50.39	-3.9E-01	rgb(133,166,232)	1.9878	None
SPIB	MBOAT4	0.82118	50.39	0.39	rgb(221,143,143)	1.9878	None
TFCP2L1	PCDHB9	-0.82118	50.39	-3.9E-01	rgb(131,165,232)	1.9878	None
TFCP2L1	PLCG2	-0.82118	50.39	-3.9E-01	rgb(133,166,232)	1.9878	None
TFCP2L1	RPLP0P2	-0.82118	50.39	-3.9E-01	rgb(133,166,232)	1.9878	None
ZFP28	TFCP2L1	0.82118	50.39	0.388	rgb(221,143,144)	1.9878	None
ZFP90	CDKN1A	-0.82118	50.39	-3.9E-01	rgb(133,166,232)	1.9878	None
ZNF492	AX747775	0.82118	50.39	0.39	rgb(221,143,143)	1.9878	2,2
ZNF846	POU6F1	0.82118	50.39	0.388	rgb(221,143,144)	1.9878	None
ZNF846	PTPN22	0.82118	50.39	0.389	rgb(221,143,143)	1.9878	None
ASCL2	MTUS2	0.81825	50.38	0.378	rgb(221,145,146)	1.9876	None
ETV1	DOK6	0.81825	50.38	0.384	rgb(221,144,144)	1.9876	None
HIC1	RPS6KL1	0.81825	50.38	0.377	rgb(221,145,146)	1.9876	None
HOXB9	CLSPN	-0.81825	50.38	-3.8E-01	rgb(135,167,231)	1.9876	None
HSF2	IFI44	0.81825	50.38	0.375	rgb(221,145,146)	1.9876	None
HSF2	RIMBP2	0.81825	50.38	0.382	rgb(221,144,145)	1.9876	None
LMX1B	VCAN	0.81825	50.38	0.377	rgb(221,145,146)	1.9876	None
NEUROG3	BHMT	0.81825	50.38	0.376	rgb(221,145,146)	1.9876	None
NEUROG3	PPP1R3C	0.81825	50.38	0.379	rgb(221,145,145)	1.9876	None
NR4A2	ID2	0.81825	50.38	0.384	rgb(221,144,144)	1.9876	None
NR4A3	GRB14	0.81825	50.38	0.383	rgb(221,144,145)	1.9876	None
PAX6	CHL1	0.81825	50.38	0.375	rgb(221,145,146)	1.9876	None
PDX1	MAFB	0.81825	50.38	0.378	rgb(221,145,146)	1.9876	None
RFX6	SLC16A12	0.81825	50.38	0.378	rgb(221,145,146)	1.9876	None
RORC	EPHA8	0.81825	50.38	0.376	rgb(221,145,146)	1.9876	None
SPIB	CDHR3	0.81825	50.38	0.383	rgb(221,144,145)	1.9876	None
TEAD2	MMP2	0.81825	50.38	0.379	rgb(221,145,145)	1.9876	None
TGIF2	BEND5	0.81825	50.38	0.38	rgb(221,144,145)	1.9876	None
ZFHX2	GAL	-0.81825	50.38	-3.8E-01	rgb(135,167,231)	1.9876	None
ZNF846	TTYH2	-0.81825	50.38	-3.8E-01	rgb(134,167,231)	1.9876	None
ARX	ACTL6B	0.81532	50.37	0.372	rgb(221,146,147)	1.9874	None
CXXC4	AFF2	0.81532	50.37	0.368	rgb(221,147,148)	1.9874	2,2
EGR3	TPST2	-0.81532	50.37	-3.7E-01	rgb(138,169,231)	1.9874	None
ETV1	CCL19	0.81532	50.37	0.372	rgb(221,146,147)	1.9874	None
ETV1	SFRP1	0.81532	50.37	0.371	rgb(221,146,147)	1.9874	None
FEV	XKR7	0.81532	50.37	0.368	rgb(221,147,148)	1.9874	None
FOXP2	GFRA1	0.81532	50.37	0.375	rgb(221,145,146)	1.9874	None
FOXP2	KIAA1456	0.81532	50.37	0.373	rgb(221,146,147)	1.9874	2,2
HES6	FAM105A	0.81532	50.37	0.366	rgb(221,147,148)	1.9874	2,2
HIF1A	SPP1	0.81532	50.37	0.369	rgb(221,147,147)	1.9874	None
HSF2	EGR3	0.81532	50.37	0.367	rgb(221,147,148)	1.9874	None
HSF2	RPS6KL1	0.81532	50.37	0.374	rgb(221,146,146)	1.9874	None
MAFA	ASCL2	0.81532	50.37	0.369	rgb(221,147,147)	1.9874	None
MAFB	MUC16	-0.81532	50.37	-3.7E-01	rgb(137,168,231)	1.9874	None
NEUROD1	PCSK1	0.81532	50.37	0.368	rgb(221,147,147)	1.9874	None
NR4A3	RIMBP2	0.81532	50.37	0.374	rgb(221,146,146)	1.9874	None
ONECUT2	BMS1P6	0.81532	50.37	0.368	rgb(221,147,147)	1.9874	2,2
PAX6	ISLR2	0.81532	50.37	0.366	rgb(221,147,148)	1.9874	None
PAX6	PLXNC1	0.81532	50.37	0.374	rgb(221,146,146)	1.9874	None
PRDM16	AK026714	0.81532	50.37	0.368	rgb(221,147,147)	1.9874	2,2
SMAD9	SAMD11	0.81532	50.37	0.369	rgb(221,146,147)	1.9874	None
TEAD2	MAPK8IP1	0.81532	50.37	0.365	rgb(221,147,148)	1.9874	None
TFCP2L1	ADAMTSL2	-0.81532	50.37	-3.7E-01	rgb(137,169,231)	1.9874	None
TFCP2L1	BAALC	-0.81532	50.37	-3.7E-01	rgb(137,169,231)	1.9874	None
TGIF2	STXBP1	0.81532	50.37	0.367	rgb(221,147,148)	1.9874	None
TP73	CHRNA5	0.81532	50.37	0.369	rgb(221,147,147)	1.9874	None
TP73	LOC400891	0.81532	50.37	0.374	rgb(221,146,146)	1.9874	2,2
ZNF846	CNOT6L	0.81532	50.37	0.374	rgb(221,146,146)	1.9874	None
ATF5	AK024092	-0.81238	50.36	-3.6E-01	rgb(139,169,231)	1.9872	2,2
CXXC4	XAF1	0.81238	50.36	0.358	rgb(221,149,149)	1.9872	2,2
ETS1	EMB	0.81238	50.36	0.355	rgb(221,149,150)	1.9872	None
ETS1	SV2A	-0.81238	50.36	-3.6E-01	rgb(139,170,231)	1.9872	None
ETV1	XKR7	0.81238	50.36	0.363	rgb(221,148,148)	1.9872	None
FOXA1	NPAS3	0.81238	50.36	0.364	rgb(221,147,148)	1.9872	None
GATA2	CDHR3	0.81238	50.36	0.357	rgb(221,149,149)	1.9872	None
LMX1B	GABBR2	0.81238	50.36	0.364	rgb(221,148,148)	1.9872	None
MAFA	CDH22	0.81238	50.36	0.364	rgb(221,148,148)	1.9872	None
MAFA	NKD1	0.81238	50.36	0.36	rgb(221,148,149)	1.9872	None
MAFA	NKX6-1	-0.81238	50.36	-3.6E-01	rgb(138,169,231)	1.9872	None
NFAT5	AGAP11	0.81238	50.36	0.36	rgb(221,148,149)	1.9872	None
NR4A3	CACNA1H	0.81238	50.36	0.359	rgb(221,148,149)	1.9872	None
NR4A3	TTLL6	0.81238	50.36	0.36	rgb(221,148,149)	1.9872	None
PDX1	CD52	-0.81238	50.36	-3.6E-01	rgb(139,169,231)	1.9872	None
PDX1	IFI44L	0.81238	50.36	0.36	rgb(221,148,149)	1.9872	None
PDX1	OR51E1	0.81238	50.36	0.356	rgb(221,149,150)	1.9872	None
RFX6	HEPACAM2	0.81238	50.36	0.362	rgb(221,148,149)	1.9872	None
SOX4	CABP7	0.81238	50.36	0.362	rgb(221,148,149)	1.9872	None
SOX4	VWCE	0.81238	50.36	0.359	rgb(221,148,149)	1.9872	None
SPIB	GPR155	0.81238	50.36	0.361	rgb(221,148,149)	1.9872	None
ASCL2	MAPK4	0.80945	50.35	0.349	rgb(221,150,151)	1.987	None
FOXA1	GIP	-0.80945	50.35	-3.5E-01	rgb(142,171,230)	1.987	None
FOXA1	ISLR2	-0.80945	50.35	-3.5E-01	rgb(140,170,230)	1.987	None
FOXA1	SERPINA10	-0.80945	50.35	-3.5E-01	rgb(141,171,230)	1.987	None
GATA2	KCNMA1	0.80945	50.35	0.348	rgb(221,150,151)	1.987	None
MAFA	BCRP3	0.80945	50.35	0.353	rgb(221,150,150)	1.987	None
NEUROD1	IGFBPL1	0.80945	50.35	0.351	rgb(221,150,151)	1.987	None
NEUROG3	SFRP1	0.80945	50.35	0.35	rgb(221,150,151)	1.987	None
NR4A3	AP3B2	0.80945	50.35	0.353	rgb(221,150,150)	1.987	None
NR4A3	YPEL1	0.80945	50.35	0.348	rgb(221,151,151)	1.987	None
RFX2	SULT1C2P1	0.80945	50.35	0.354	rgb(221,149,150)	1.987	None
RORC	NCAM1	0.80945	50.35	0.349	rgb(221,150,151)	1.987	None
SOX4	LRFN1	0.80945	50.35	0.35	rgb(221,150,151)	1.987	None
TFCP2L1	CHGB	-0.80945	50.35	-3.5E-01	rgb(142,171,230)	1.987	None
TFCP2L1	CPE	-0.80945	50.35	-3.5E-01	rgb(141,171,230)	1.987	None
TGIF2	IGFN1	0.80945	50.35	0.349	rgb(221,150,151)	1.987	None
ZNF382	CALY	0.80945	50.35	0.354	rgb(221,149,150)	1.987	None
ETV1	TPH1	0.80652	50.34	0.343	rgb(221,151,152)	1.9868	None
FEV	KNDC1	0.80652	50.34	0.341	rgb(221,152,153)	1.9868	None
GATA2	VCAN	0.80652	50.34	0.343	rgb(221,151,152)	1.9868	None
HIC1	CELF5	-0.80652	50.34	-3.4E-01	rgb(144,173,230)	1.9868	None
HIC1	KNDC1	0.80652	50.34	0.343	rgb(221,151,152)	1.9868	None
LMX1A	HMGB3	-0.80652	50.34	-3.4E-01	rgb(143,172,230)	1.9868	None
LMX1A	MLN	0.80652	50.34	0.342	rgb(221,152,152)	1.9868	None
LMX1A	NTS	0.80652	50.34	0.339	rgb(221,152,153)	1.9868	2,2
MAFA	DLL1	0.80652	50.34	0.341	rgb(221,152,153)	1.9868	None
NR4A3	BGN	0.80652	50.34	0.339	rgb(221,152,153)	1.9868	None
PAX6	GPR173	0.80652	50.34	0.339	rgb(221,152,153)	1.9868	None
PDX1	MEX3A	0.80652	50.34	0.34	rgb(221,152,153)	1.9868	None
SOX4	ASXL3	0.80652	50.34	0.338	rgb(221,152,153)	1.9868	None
SPIB	KCNB2	0.80652	50.34	0.344	rgb(221,151,152)	1.9868	None
SPIB	TMEM151B	0.80652	50.34	0.341	rgb(221,152,153)	1.9868	None
TFCP2L1	PCDHB10	-0.80652	50.34	-3.4E-01	rgb(142,172,230)	1.9868	None
EGR3	RET	-0.80359	50.33	-3.3E-01	rgb(146,174,229)	1.9866	None
ETS1	RYBP	0.80359	50.33	0.333	rgb(221,153,154)	1.9866	None
FOXA1	TFPI2	0.80359	50.33	0.33	rgb(221,154,155)	1.9866	None
HSF2	ZCCHC18	0.80359	50.33	0.331	rgb(221,154,155)	1.9866	None
LMX1A	FAM179A	0.80359	50.33	0.331	rgb(221,154,154)	1.9866	2,2
NFAT5	AX747756	0.80359	50.33	0.327	rgb(221,155,155)	1.9866	2,2
NKX2-2	IFI44L	0.80359	50.33	0.325	rgb(221,155,156)	1.9866	None
NR4A3	LGR6	0.80359	50.33	0.326	rgb(221,155,155)	1.9866	None
PRDM16	LINC00939	0.80359	50.33	0.331	rgb(221,154,154)	1.9866	None
PRDM16	N4BP2L2-IT2	0.80359	50.33	0.335	rgb(221,153,154)	1.9866	2,2
RFX6	L1TD1	0.80359	50.33	0.33	rgb(221,154,155)	1.9866	None
RORC	VSTM4	-0.80359	50.33	-3.3E-01	rgb(146,174,229)	1.9866	None
SMAD9	PTCH1	0.80359	50.33	0.328	rgb(221,154,155)	1.9866	None
SOX4	ACSS3	0.80359	50.33	0.328	rgb(221,154,155)	1.9866	None
SOX4	LIN7A	0.80359	50.33	0.332	rgb(221,154,154)	1.9866	None
ST18	MAP2	0.80359	50.33	0.334	rgb(221,153,154)	1.9866	None
ZFP82	C7	0.80359	50.33	0.326	rgb(221,155,155)	1.9866	None
FOXA2	CELA3B	0.80066	50.32	0.323	rgb(221,155,156)	1.9864	None
FOXP2	SLC18A1	0.80066	50.32	0.323	rgb(221,155,156)	1.9864	None
GATA2	SPTBN4	0.80066	50.32	0.321	rgb(221,156,156)	1.9864	None
GATA2	TMEM132B	0.80066	50.32	0.316	rgb(220,157,157)	1.9864	None
LMX1A	FRMPD4	0.80066	50.32	0.316	rgb(220,157,157)	1.9864	None
MAFB	CHGB	0.80066	50.32	0.322	rgb(221,156,156)	1.9864	None
NEUROG3	SEMA6B	0.80066	50.32	0.323	rgb(221,155,156)	1.9864	None
NHLH1	LRRC10B	0.80066	50.32	0.315	rgb(220,157,157)	1.9864	None
NHLH1	MAD2L2	0.80066	50.32	0.322	rgb(221,156,156)	1.9864	None
NR4A2	CLSPN	-0.80066	50.32	-3.2E-01	rgb(147,175,229)	1.9864	None
TEAD2	NTNG2	0.80066	50.32	0.317	rgb(220,156,157)	1.9864	None
TFCP2L1	G0S2	-0.80066	50.32	-3.2E-01	rgb(148,175,229)	1.9864	None
TGIF2	CPT1C	0.80066	50.32	0.325	rgb(221,155,156)	1.9864	None
EGR3	MDK	-0.79773	50.31	-3.1E-01	rgb(150,176,229)	1.9862	None
FOXP2	DPP10	0.79773	50.31	0.31	rgb(220,158,158)	1.9862	None
GATA2	CES1	0.79773	50.31	0.311	rgb(220,158,158)	1.9862	2,2
GATA2	LINC00890	0.79773	50.31	0.312	rgb(220,158,158)	1.9862	2,2
ISL1	DCX	0.79773	50.31	0.306	rgb(220,158,159)	1.9862	2,2
MAFF	PRICKLE2	-0.79773	50.31	-3.1E-01	rgb(149,176,229)	1.9862	None
NHLH1	GLT8D2	0.79773	50.31	0.311	rgb(220,158,158)	1.9862	None
NKX2-2	DOCK8	0.79773	50.31	0.314	rgb(220,157,158)	1.9862	None
NKX6-1	FAM179A	0.79773	50.31	0.309	rgb(220,158,159)	1.9862	2,2
NR4A3	KCTD12	0.79773	50.31	0.311	rgb(220,158,158)	1.9862	None
NR4A3	NPTXR	0.79773	50.31	0.314	rgb(220,157,158)	1.9862	None
POU2F2	RPS3	-0.79773	50.31	-3.1E-01	rgb(149,176,229)	1.9862	None
RORC	AADAT	-0.79773	50.31	-3.1E-01	rgb(150,176,229)	1.9862	None
SPIB	ADCY1	0.79773	50.31	0.315	rgb(220,157,157)	1.9862	None
TFCP2L1	PCDHB16	-0.79773	50.31	-3.1E-01	rgb(150,176,229)	1.9862	None
ZNF492	TUB	0.79773	50.31	0.313	rgb(220,157,158)	1.9862	None
ASCL2	GDF11	0.7948	50.3	0.295	rgb(220,161,161)	1.986	None
GATA4	TAF9B	-0.7948	50.3	-3.0E-01	rgb(151,177,229)	1.986	None
ISL1	GPR64	0.7948	50.3	0.301	rgb(220,160,160)	1.986	2,2
MAFA	ATOH8	0.7948	50.3	0.304	rgb(220,159,160)	1.986	None
MAFA	PRKXP1	-0.7948	50.3	-3.0E-01	rgb(152,177,228)	1.986	None
NR4A3	BOC	0.7948	50.3	0.302	rgb(220,159,160)	1.986	None
ONECUT1	CACNA1A	0.7948	50.3	0.301	rgb(220,160,160)	1.986	None
ONECUT1	MED12L	0.7948	50.3	0.301	rgb(220,160,160)	1.986	None
PDX1	IFI44	0.7948	50.3	0.297	rgb(220,160,161)	1.986	None
ZNF519	MAPK4	-0.7948	50.3	-3.0E-01	rgb(153,178,228)	1.986	None
ETV1	REEP2	0.79186	50.29	0.291	rgb(220,161,162)	1.9858	None
FEV	GCK	0.79186	50.29	0.292	rgb(220,161,162)	1.9858	None
FEV	STMN4	0.79186	50.29	0.286	rgb(220,162,163)	1.9858	None
GATA2	FAM179A	0.79186	50.29	0.293	rgb(220,161,162)	1.9858	2,2
HSF2	LINC00261	0.79186	50.29	0.294	rgb(220,161,161)	1.9858	None
HSF2	VASH2	0.79186	50.29	0.292	rgb(220,161,162)	1.9858	None
LHX1	EID2	0.79186	50.29	0.286	rgb(220,162,163)	1.9858	None
PAX6	GPR148	0.79186	50.29	0.293	rgb(220,161,162)	1.9858	None
POU2F2	ELL2	0.79186	50.29	0.285	rgb(220,162,163)	1.9858	None
RORC	FAM71E2	0.79186	50.29	0.292	rgb(220,161,162)	1.9858	None
RORC	TDRD6	-0.79186	50.29	-2.9E-01	rgb(153,178,228)	1.9858	None
SPIB	CCDC74A	-0.79186	50.29	-2.9E-01	rgb(154,179,228)	1.9858	None
SPIB	CRMP1	-0.79186	50.29	-2.9E-01	rgb(155,179,228)	1.9858	None
TFCP2L1	BTBD17	-0.79186	50.29	-2.9E-01	rgb(154,179,228)	1.9858	None
TFCP2L1	DPEP1	-0.79186	50.29	-2.9E-01	rgb(154,179,228)	1.9858	None
TP73	FLJ00385	0.79186	50.29	0.285	rgb(220,162,163)	1.9858	2,2
TP73	IGHG1	0.79186	50.29	0.287	rgb(220,162,163)	1.9858	2,2
ZFP28	CIB4	-0.79186	50.29	-2.9E-01	rgb(155,179,228)	1.9858	None
ZFP82	CBX2	0.79186	50.29	0.293	rgb(220,161,162)	1.9858	None
ZNF492	FAT3	0.79186	50.29	0.285	rgb(220,163,163)	1.9858	None
ASCL2	USP13	0.78893	50.28	0.281	rgb(220,163,164)	1.9856	None
EGR3	UCN3	-0.78893	50.28	-2.8E-01	rgb(156,180,228)	1.9856	None
GATA2	RTN1	0.78893	50.28	0.279	rgb(220,164,164)	1.9856	None
GATA4	RSPH4A	0.78893	50.28	0.281	rgb(220,163,164)	1.9856	None
INSM1	CAMK2B	0.78893	50.28	0.283	rgb(220,163,164)	1.9856	None
LMX1B	ACTL6B	0.78893	50.28	0.283	rgb(220,163,164)	1.9856	None
NEUROD1	RPS16P5	-0.78893	50.28	-2.8E-01	rgb(157,180,228)	1.9856	None
NR4A3	MLLT11	0.78893	50.28	0.28	rgb(220,164,164)	1.9856	None
PAX6	MCOLN3	0.78893	50.28	0.285	rgb(220,163,163)	1.9856	None
TFCP2L1	ABCC4	0.78893	50.28	0.278	rgb(220,164,165)	1.9856	None
TFCP2L1	ZG16	-0.78893	50.28	-2.8E-01	rgb(156,180,228)	1.9856	None
TGIF2	VASH2	0.78893	50.28	0.278	rgb(220,164,164)	1.9856	None
ARX	ST8SIA5	0.786	50.27	0.272	rgb(220,165,166)	1.9854	None
LMX1A	C1QL1	0.786	50.27	0.266	rgb(220,166,167)	1.9854	None
MAFB	CLSTN2	0.786	50.27	0.267	rgb(220,166,167)	1.9854	None
MAFF	LSAMP	-0.786	50.27	-2.7E-01	rgb(159,181,227)	1.9854	None
NEUROD1	LOC100128288	0.786	50.27	0.268	rgb(220,166,166)	1.9854	None
PDX1	RORC	0.786	50.27	0.273	rgb(220,165,165)	1.9854	None
SMAD9	SSTR5-AS1	0.786	50.27	0.272	rgb(220,165,166)	1.9854	None
TEAD2	GPC2	0.786	50.27	0.267	rgb(220,166,166)	1.9854	None
TFCP2L1	PGA3	-0.786	50.27	-2.7E-01	rgb(158,181,227)	1.9854	None
TGIF2	CNOT6L	-0.786	50.27	-2.7E-01	rgb(158,181,227)	1.9854	None
ETV1	SYN1	0.78307	50.26	0.261	rgb(220,167,168)	1.9852	None
FEV	B3GAT1	0.78307	50.26	0.257	rgb(220,168,168)	1.9852	None
FOXP2	NPAS3	0.78307	50.26	0.262	rgb(220,167,167)	1.9852	None
LHX1	PAPPA2	-0.78307	50.26	-2.6E-01	rgb(161,183,227)	1.9852	None
TFCP2L1	SSTR5-AS1	-0.78307	50.26	-2.6E-01	rgb(160,182,227)	1.9852	None
ZNF846	DUSP2	-0.78307	50.26	-2.6E-01	rgb(160,182,227)	1.9852	None
ASCL2	DDC	0.78014	50.25	0.249	rgb(220,169,170)	1.985	None
FEV	PCYT1B	0.78014	50.25	0.247	rgb(220,170,170)	1.985	None
GATA2	NEFM	0.78014	50.25	0.248	rgb(220,170,170)	1.985	None
LMX1A	FHL1	0.78014	50.25	0.248	rgb(220,170,170)	1.985	2,2
LMX1B	SCGB1A1	0.78014	50.25	0.253	rgb(220,169,169)	1.985	None
NEUROG3	INSM1	0.78014	50.25	0.253	rgb(220,169,169)	1.985	None
NR4A2	CHST10	-0.78014	50.25	-2.5E-01	rgb(162,183,227)	1.985	None
RORC	LAMP5	-0.78014	50.25	-2.5E-01	rgb(163,184,226)	1.985	None
TFCP2L1	ASCL2	-0.78014	50.25	-2.5E-01	rgb(163,184,226)	1.985	None
ASCL2	CRIP2	0.77721	50.24	0.241	rgb(220,171,171)	1.9848	None
FOXA1	FER1L6-AS1	-0.77721	50.24	-2.4E-01	rgb(165,185,226)	1.9848	None
MAFA	TUBA3FP	0.77721	50.24	0.241	rgb(220,171,171)	1.9848	None
NKX2-2	IFI44	0.77721	50.24	0.242	rgb(220,171,171)	1.9848	None
SMAD9	SLC12A5	0.77721	50.24	0.241	rgb(220,171,172)	1.9848	None
SOX4	OSBPL6	0.77721	50.24	0.237	rgb(220,172,172)	1.9848	None
SOX4	SCN1B	0.77721	50.24	0.245	rgb(220,170,171)	1.9848	None
ZNF382	LOC653513	0.77721	50.24	0.239	rgb(220,171,172)	1.9848	2,2
FOXA2	SCG5	0.77428	50.23	0.228	rgb(220,173,174)	1.9846	None
NR4A3	ACSS3	0.77428	50.23	0.232	rgb(220,173,173)	1.9846	None
ONECUT1	GPR142	0.77428	50.23	0.23	rgb(220,173,174)	1.9846	None
TEAD1	ASXL3	0.77428	50.23	0.229	rgb(220,173,174)	1.9846	None
TFCP2L1	LGI3	-0.77428	50.23	-2.3E-01	rgb(168,187,226)	1.9846	None
ZFP82	DQ583756	0.77428	50.23	0.235	rgb(220,172,173)	1.9846	2,2
HEYL	NEUROG3	0.77134	50.22	0.215	rgb(219,176,176)	1.9844	2,2
LMX1B	LIN7A	0.77134	50.22	0.218	rgb(219,175,176)	1.9844	None
LMX1B	RIMBP2	0.77134	50.22	0.219	rgb(219,175,176)	1.9844	None
MAFB	CACNG4	0.77134	50.22	0.224	rgb(219,174,175)	1.9844	None
MAFB	SSTR5-AS1	0.77134	50.22	0.217	rgb(219,176,176)	1.9844	None
ONECUT1	ANK2	0.77134	50.22	0.215	rgb(219,176,176)	1.9844	None
SPIB	HECW2	0.77134	50.22	0.219	rgb(219,175,176)	1.9844	None
KCNIP3	BAI1	0.77134	50.22	0.22	rgb(219,175,175)	1.9844	2,2
EGR3	FUT1	0.76841	50.21	0.209	rgb(219,177,178)	1.9842	None
FOXA2	EPHB3	0.76841	50.21	0.213	rgb(219,176,177)	1.9842	None
MAFA	VSTM2L	0.76841	50.21	0.207	rgb(219,177,178)	1.9842	None
NKX2-2	STMN3	0.76841	50.21	0.205	rgb(219,178,178)	1.9842	None
TEAD1	DCHS1	0.76841	50.21	0.205	rgb(219,178,178)	1.9842	None
ZNF492	DGKB	0.76841	50.21	0.205	rgb(219,178,178)	1.9842	None
HOXB9	APLN	0.76548	50.2	0.196	rgb(219,180,180)	1.984	None
SPIB	C1QL1	0.76548	50.2	0.2	rgb(219,179,179)	1.984	None
TFCP2L1	LSP1	-0.76548	50.2	-2.0E-01	rgb(173,190,225)	1.984	None
ETS1	ATP6V0E2	-0.76255	50.19	-1.9E-01	rgb(175,191,224)	1.9838	None
ETV1	INA	0.76255	50.19	0.189	rgb(219,181,181)	1.9838	2,2
FEV	RTN1	0.76255	50.19	0.189	rgb(219,181,181)	1.9838	None
RORC	TMEM70	0.76255	50.19	0.19	rgb(219,181,181)	1.9838	None
ELF4	TRPC4	0.75962	50.18	0.18	rgb(219,183,183)	1.9836	None
FEV	PDE2A	0.75962	50.18	0.184	rgb(219,182,182)	1.9836	None
FEV	TSPAN11	0.75962	50.18	0.182	rgb(219,182,183)	1.9836	None
TFCP2L1	MLN	-0.75962	50.18	-1.8E-01	rgb(178,193,224)	1.9836	None
TFCP2L1	RGS16	-0.75962	50.18	-1.8E-01	rgb(179,194,224)	1.9836	None
ZNF519	SBK1	-0.75962	50.18	-1.8E-01	rgb(178,193,224)	1.9836	None
LMX1A	SVOP	0.75669	50.17	0.174	rgb(219,184,184)	1.9834	None
NEUROG3	LOC145837	0.75669	50.17	0.173	rgb(219,184,184)	1.9834	2,2
NR4A2	FUT1	-0.75669	50.17	-1.7E-01	rgb(181,195,223)	1.9834	None
TEAD2	FLJ22184	0.75669	50.17	0.174	rgb(219,184,184)	1.9834	2,2
ASCL2	ELFN1	0.75376	50.16	0.16	rgb(219,186,187)	1.9832	None
FOXP2	JAM3	0.75376	50.16	0.165	rgb(219,185,186)	1.9832	None
NHLH1	NOVA2	0.75376	50.16	0.16	rgb(219,186,187)	1.9832	None
RFX2	MAPK7	0.75376	50.16	0.155	rgb(219,187,188)	1.9832	None
TP73	CLPS	0.75376	50.16	0.157	rgb(219,187,187)	1.9832	None
MAFA	LRRC10B	0.75082	50.15	0.148	rgb(219,189,189)	1.983	None
NR4A3	NCAM1	0.75082	50.15	0.147	rgb(219,189,189)	1.983	None
PDX1	COL22A1	0.75082	50.15	0.152	rgb(219,188,188)	1.983	None
TGIF2	PLEKHB1	0.75082	50.15	0.147	rgb(219,189,189)	1.983	None
EGR3	RPS3	0.74789	50.14	0.142	rgb(219,190,190)	1.9828	None
LMX1A	FBN1	0.74789	50.14	0.138	rgb(219,191,191)	1.9828	2,2
LMX1B	GPR173	0.74789	50.14	0.138	rgb(219,191,191)	1.9828	None
TFCP2L1	KIT	0.74789	50.14	0.137	rgb(219,191,191)	1.9828	None
GATA2	PDE2A	0.74496	50.13	0.128	rgb(218,193,193)	1.9826	None
NHLH1	SOCS1	-0.74203	50.12	-1.2E-01	rgb(190,201,222)	1.9824	None
TEAD2	HHEX	0.7391	50.11	0.112	rgb(218,196,196)	1.9822	None
FOXA2	SUSD2	0.73617	50.1	0.103	rgb(218,197,198)	1.982	None
GATA2	KCNH6	0.73617	50.1	0.098	rgb(218,198,198)	1.982	None
TEAD2	FUT1	0.73323	50.09	0.088	rgb(218,200,200)	1.9818	None
ARNT2	TMEM158	0.7303	50.08	0.076	rgb(218,202,203)	1.9816	None
ETS1	CREBRF	0.7303	50.08	0.078	rgb(218,202,202)	1.9816	None
TFCP2L1	LHX1	-0.72737	50.06	-5.7E-02	rgb(205,209,219)	1.9812	None
MXI1	GRB14	-0.72444	50.04	-4.0E-02	rgb(208,212,219)	1.9808	None
NEUROG3	CITED1	-0.72444	50.04	-4.5E-02	rgb(207,211,219)	1.9808	None
ISL1	GNAO1	0.72151	50.03	0.03	rgb(217,211,211)	1.9806	None
ZFHX2	MICAL2	0.71858	50	6.2E-04	rgb(217,217,217)	1.98	None
RFX6	DNAJC12	0.71565	49.97	0.971	rgb(228, 32, 34)	1.9794	None
TEAD1	CACNA2D1	0.71565	49.97	0.97	rgb(228, 32, 34)	1.9794	None
LMX1A	CLEC4G	0.71463	49.96	0.959	rgb(228, 34, 36)	1.9792	2,2
ONECUT3	PRDM16	0.71362	49.94	0.944	rgb(227, 37, 39)	1.9788	None
LMX1A	CHST9	0.7126	49.92	0.917	rgb(227, 42, 44)	1.9784	2,2
PAX4	CNIH2	0.7126	49.92	0.923	rgb(227, 41, 43)	1.9784	None
RFX3	NINJ1	-0.7126	49.92	-9.2E-01	rgb( 17, 95,252)	1.9784	None
TEAD1	ONECUT3	0.7126	49.92	0.921	rgb(227, 41, 43)	1.9784	None
RFX6	HOPX	0.71159	49.91	0.906	rgb(227, 44, 46)	1.9782	None
TEAD1	LONRF2	0.71058	49.9	0.895	rgb(227, 46, 48)	1.978	None
ETV1	NCALD	0.70956	49.89	0.894	rgb(227, 46, 48)	1.9778	None
LMX1A	F10	0.70956	49.89	0.892	rgb(227, 47, 48)	1.9778	None
NEUROD1	CBLN1	0.70956	49.89	0.89	rgb(227, 47, 49)	1.9778	None
POU6F1	NAV3	0.70956	49.89	0.887	rgb(227, 48, 49)	1.9778	None
RFX3	ITGA7	0.70956	49.89	0.892	rgb(227, 47, 48)	1.9778	None
RFX6	CABP7	0.70855	49.88	0.883	rgb(227, 48, 50)	1.9776	None
HIF1A	PCBP4	-0.70754	49.87	-8.7E-01	rgb( 28,102,250)	1.9774	None
NEUROD2	LOC100188947	0.70754	49.87	0.872	rgb(227, 50, 52)	1.9774	2,2
SOX4	ASIC1	-0.70754	49.87	-8.7E-01	rgb( 29,103,250)	1.9774	None
TFCP2L1	RAB36	0.70754	49.87	0.866	rgb(227, 52, 53)	1.9774	None
ZNF846	LOC100294362	0.70754	49.87	0.869	rgb(227, 51, 53)	1.9774	2,2
INSM1	NEURL	0.70652	49.86	0.865	rgb(227, 52, 54)	1.9772	2,2
MXI1	ACOT7	-0.70652	49.86	-8.6E-01	rgb( 30,103,250)	1.9772	None
TGIF2	CITED2	-0.70551	49.85	-8.5E-01	rgb( 32,105,249)	1.977	None
FEV	DNAH11	0.70449	49.84	0.844	rgb(226, 56, 57)	1.9768	None
FOXA1	DEFB1	0.70449	49.84	0.845	rgb(226, 56, 57)	1.9768	None
GATA6	PCBP4	-0.70449	49.84	-8.4E-01	rgb( 35,106,249)	1.9768	None
LMX1B	BCL2	0.70449	49.84	0.84	rgb(226, 57, 58)	1.9768	None
NR4A2	SLC6A16	0.70449	49.84	0.844	rgb(226, 56, 58)	1.9768	None
PBX1	ZMYM2	0.70449	49.84	0.837	rgb(226, 57, 59)	1.9768	None
PRDM16	RBP1	-0.70449	49.84	-8.4E-01	rgb( 36,107,249)	1.9768	None
PRDM16	PCED1B-AS1	0.70348	49.83	0.829	rgb(226, 59, 60)	1.9766	None
TP73	HIF1A	-0.70348	49.83	-8.3E-01	rgb( 37,107,249)	1.9766	None
ZFP82	RAP1GAP2	0.70348	49.83	0.828	rgb(226, 59, 60)	1.9766	None
SOX4	NINJ1	0.70247	49.82	0.818	rgb(226, 61, 62)	1.9764	None
TP73	JAZF1	-0.70247	49.82	-8.2E-01	rgb( 40,109,248)	1.9764	None
DZIP1	AK093555	0.70247	49.82	0.82	rgb(226, 60, 62)	1.9764	2,2
HHEX	ETV1	0.70145	49.81	0.814	rgb(226, 61, 63)	1.9762	None
ISL1	TMEM196	0.70145	49.81	0.806	rgb(226, 63, 65)	1.9762	None
MAFA	STK31	-0.70145	49.81	-8.1E-01	rgb( 41,110,248)	1.9762	None
NR4A2	NDRG4	-0.70145	49.81	-8.1E-01	rgb( 40,110,248)	1.9762	None
TEAD1	ATF7IP	0.70145	49.81	0.811	rgb(226, 62, 64)	1.9762	None
ZNF519	ST8SIA6-AS1	0.70145	49.81	0.806	rgb(226, 63, 65)	1.9762	None
FOXA2	EGFR	-0.70044	49.8	-8.0E-01	rgb( 43,111,247)	1.976	None
FOXP2	HERC5	0.70044	49.8	0.795	rgb(226, 65, 67)	1.976	None
MXI1	ID2	0.70044	49.8	0.797	rgb(226, 65, 66)	1.976	None
PRDM16	HCN4	0.70044	49.8	0.801	rgb(226, 64, 66)	1.976	None
RORC	CHRNA1	0.70044	49.8	0.801	rgb(226, 64, 66)	1.976	None
TEAD1	PBX1	0.70044	49.8	0.796	rgb(226, 65, 66)	1.976	None
FEV	NPAS3	0.69943	49.79	0.788	rgb(226, 67, 68)	1.9758	None
FOXA1	SUSD2	-0.69943	49.79	-7.9E-01	rgb( 46,113,247)	1.9758	None
HIC1	DTX1	0.69943	49.79	0.792	rgb(226, 66, 67)	1.9758	None
MAFA	TNP1	-0.69943	49.79	-7.9E-01	rgb( 45,113,247)	1.9758	2,2
ONECUT3	AKNA	0.69943	49.79	0.788	rgb(226, 67, 68)	1.9758	None
PRDM16	LOC100272216	0.69943	49.79	0.794	rgb(226, 65, 67)	1.9758	2,2
SOX4	RBP2	0.69943	49.79	0.786	rgb(226, 67, 69)	1.9758	None
ZNF846	ZNF519	0.69943	49.79	0.79	rgb(226, 66, 68)	1.9758	None
SIM1	PAK3	0.69943	49.79	0.789	rgb(226, 66, 68)	1.9758	2,2
ETV1	LOC441204	0.69841	49.78	0.776	rgb(226, 69, 70)	1.9756	2,2
HSF2	ATF6	0.69841	49.78	0.778	rgb(226, 68, 70)	1.9756	None
RORC	ATP13A4	-0.69841	49.78	-7.8E-01	rgb( 47,114,247)	1.9756	None
HIC1	FLJ35024	0.6974	49.77	0.771	rgb(225, 70, 71)	1.9754	2,2
NEUROG3	LRIG1	0.6974	49.77	0.765	rgb(225, 71, 72)	1.9754	None
PDX1	CRISPLD2	-0.6974	49.77	-7.7E-01	rgb( 50,116,246)	1.9754	None
RFX3	VSTM2L	-0.6974	49.77	-7.7E-01	rgb( 50,115,246)	1.9754	None
RORC	KANK2	-0.6974	49.77	-7.7E-01	rgb( 49,115,246)	1.9754	None
ETS1	ENPP1	0.69638	49.76	0.756	rgb(225, 73, 74)	1.9752	None
LMX1B	STXBP1	0.69638	49.76	0.758	rgb(225, 72, 74)	1.9752	None
PBX1	CELA3B	-0.69638	49.76	-7.6E-01	rgb( 53,117,246)	1.9752	None
PBX1	RFX3	0.69638	49.76	0.756	rgb(225, 73, 74)	1.9752	None
RFX3	ST18	0.69638	49.76	0.763	rgb(225, 71, 73)	1.9752	None
RFX6	LRRN2	0.69638	49.76	0.759	rgb(225, 72, 74)	1.9752	None
TEAD1	COL10A1	0.69638	49.76	0.76	rgb(225, 72, 73)	1.9752	None
ADNP	CITED1	-0.69638	49.76	-7.6E-01	rgb( 51,116,246)	1.9752	2,2
FEV	CYGB	-0.69537	49.75	-7.5E-01	rgb( 55,119,245)	1.975	None
MAFA	THBS4	0.69537	49.75	0.746	rgb(225, 74, 76)	1.975	None
MXI1	SYNGR3	0.69537	49.75	0.75	rgb(225, 74, 75)	1.975	None
NKX2-2	GCK	0.69537	49.75	0.755	rgb(225, 73, 74)	1.975	None
ONECUT3	CCL20	-0.69537	49.75	-7.5E-01	rgb( 54,118,245)	1.975	None
PAX4	SOCS1	0.69537	49.75	0.752	rgb(225, 73, 75)	1.975	None
TFCP2L1	GSTM2	-0.69537	49.75	-7.5E-01	rgb( 54,118,246)	1.975	None
ZNF492	NREP	-0.69537	49.75	-7.5E-01	rgb( 54,118,246)	1.975	None
ZNF846	ANKRD13B	-0.69537	49.75	-7.5E-01	rgb( 53,117,246)	1.975	None
ARX	TMEFF2	0.69436	49.74	0.744	rgb(225, 75, 76)	1.9748	None
ASCL2	INA	0.69436	49.74	0.737	rgb(225, 76, 78)	1.9748	2,2
ATF5	LRAT	-0.69436	49.74	-7.4E-01	rgb( 55,119,245)	1.9748	None
FOXP2	FAXC	0.69436	49.74	0.743	rgb(225, 75, 77)	1.9748	None
HOXB9	ELL2	0.69436	49.74	0.74	rgb(225, 76, 77)	1.9748	None
NHLH1	IL17C	0.69436	49.74	0.735	rgb(225, 77, 78)	1.9748	None
PDX1	IRF2BP1	0.69436	49.74	0.738	rgb(225, 76, 77)	1.9748	None
PDX1	SSBP2	0.69436	49.74	0.741	rgb(225, 75, 77)	1.9748	None
RFX2	NDRG4	0.69436	49.74	0.744	rgb(225, 75, 76)	1.9748	None
TP73	RBPMS	-0.69436	49.74	-7.4E-01	rgb( 57,120,245)	1.9748	None
ASCL1	WNT6	0.69334	49.73	0.73	rgb(225, 78, 79)	1.9746	None
FOXA2	RBP1	0.69334	49.73	0.729	rgb(225, 78, 79)	1.9746	None
LMX1B	MYO3A	-0.69334	49.73	-7.3E-01	rgb( 59,121,245)	1.9746	None
PDX1	DZIP1	-0.69334	49.73	-7.3E-01	rgb( 59,121,245)	1.9746	None
SOX4	APLP1	-0.69334	49.73	-7.3E-01	rgb( 58,120,245)	1.9746	None
TGIF2	ZNF519	-0.69334	49.73	-7.3E-01	rgb( 59,121,245)	1.9746	None
TP73	FLJ38723	0.69334	49.73	0.735	rgb(225, 77, 78)	1.9746	2,2
ZFHX2	ZNF117	0.69334	49.73	0.728	rgb(225, 78, 79)	1.9746	None
ZNF846	DLGAP3	-0.69334	49.73	-7.3E-01	rgb( 59,121,245)	1.9746	None
FOXA2	AK5	0.69233	49.72	0.722	rgb(225, 79, 80)	1.9744	None
LMX1A	FFAR3	0.69233	49.72	0.717	rgb(225, 80, 81)	1.9744	2,2
LTF	IGHG1	0.69233	49.72	0.718	rgb(225, 80, 81)	1.9744	2,2
MAFF	CIT	-0.69233	49.72	-7.2E-01	rgb( 61,122,244)	1.9744	None
PDX1	MSMB	0.69233	49.72	0.718	rgb(225, 80, 81)	1.9744	None
POU2F2	CXXC4	0.69233	49.72	0.718	rgb(225, 80, 81)	1.9744	None
SOX4	POU2F2	0.69233	49.72	0.724	rgb(225, 79, 80)	1.9744	None
TFCP2L1	ZNF117	0.69233	49.72	0.721	rgb(225, 79, 81)	1.9744	None
ZNF492	HOXB9	-0.69233	49.72	-7.2E-01	rgb( 61,122,244)	1.9744	2,2
FOXA1	GLT8D2	-0.69132	49.71	-7.1E-01	rgb( 63,123,244)	1.9742	None
GATA6	FGF9	0.69132	49.71	0.712	rgb(225, 81, 82)	1.9742	None
NR4A2	DCHS1	-0.69132	49.71	-7.1E-01	rgb( 63,123,244)	1.9742	None
RFX2	THBS4	0.69132	49.71	0.711	rgb(225, 81, 83)	1.9742	None
SPIB	ARHGAP22	-0.69132	49.71	-7.1E-01	rgb( 62,123,244)	1.9742	None
NEUROD1	BEX1	0.6903	49.7	0.696	rgb(225, 84, 85)	1.974	2,2
PDX1	CHRNA1	-0.6903	49.7	-7.0E-01	rgb( 65,125,244)	1.974	None
POU2F2	LMX1B	0.6903	49.7	0.698	rgb(225, 84, 85)	1.974	None
PRDM16	JX088243	0.6903	49.7	0.701	rgb(225, 83, 85)	1.974	2,2
SMAD9	SBK1	0.6903	49.7	0.699	rgb(225, 84, 85)	1.974	None
ZFP82	GOLGA7B	0.6903	49.7	0.701	rgb(225, 83, 85)	1.974	None
ZNF382	ACBD7	0.6903	49.7	0.701	rgb(225, 83, 85)	1.974	None
GATA4	HOXB9	-0.68929	49.69	-6.9E-01	rgb( 68,126,243)	1.9738	2,2
HOXB9	CHRNA1	-0.68929	49.69	-6.9E-01	rgb( 67,126,243)	1.9738	None
MAFB	METTL21EP	-0.68929	49.69	-6.9E-01	rgb( 67,125,243)	1.9738	None
NR4A2	LRIG1	-0.68929	49.69	-6.9E-01	rgb( 67,126,243)	1.9738	None
POU6F1	MLXIPL	0.68929	49.69	0.692	rgb(225, 85, 86)	1.9738	None
RFX3	RSPH4A	0.68929	49.69	0.689	rgb(225, 85, 87)	1.9738	None
SOX4	CELA3B	0.68929	49.69	0.691	rgb(225, 85, 86)	1.9738	None
SPIB	RNF157	0.68929	49.69	0.694	rgb(225, 85, 86)	1.9738	None
TEAD1	ANKRD18A	0.68929	49.69	0.694	rgb(225, 84, 86)	1.9738	None
ZNF846	CR627394	0.68929	49.69	0.691	rgb(225, 85, 86)	1.9738	2,2
ETS1	CACNA1C	0.68827	49.68	0.683	rgb(225, 87, 88)	1.9736	None
ETS1	EPM2A	-0.68827	49.68	-6.8E-01	rgb( 70,128,243)	1.9736	None
HOXB9	GNG2	0.68827	49.68	0.679	rgb(224, 87, 89)	1.9736	None
HSF2	DPYSL3	0.68827	49.68	0.676	rgb(224, 88, 89)	1.9736	None
NR4A3	ZNF117	0.68827	49.68	0.677	rgb(224, 88, 89)	1.9736	None
ONECUT1	DTX1	0.68827	49.68	0.679	rgb(224, 87, 89)	1.9736	None
TEAD2	ZMYM2	-0.68827	49.68	-6.8E-01	rgb( 70,128,243)	1.9736	None
EGR3	GADD45A	-0.68726	49.67	-6.7E-01	rgb( 72,129,242)	1.9734	None
MAFF	ABCC4	-0.68726	49.67	-6.7E-01	rgb( 71,128,243)	1.9734	None
NR4A3	TPPP3	0.68726	49.67	0.672	rgb(224, 89, 90)	1.9734	None
TFCP2L1	DEFB1	-0.68726	49.67	-6.7E-01	rgb( 72,129,242)	1.9734	None
ZNF519	LONRF2	0.68726	49.67	0.667	rgb(224, 90, 91)	1.9734	None
EGR3	CPLX2	-0.68625	49.66	-6.6E-01	rgb( 74,130,242)	1.9732	None
ETV1	KCNIP3	0.68625	49.66	0.661	rgb(224, 91, 92)	1.9732	None
FEV	CELF3	0.68625	49.66	0.661	rgb(224, 91, 92)	1.9732	None
FEV	MYBPC3	0.68625	49.66	0.66	rgb(224, 91, 92)	1.9732	None
GATA4	TRIM35	0.68625	49.66	0.659	rgb(224, 91, 92)	1.9732	None
GATA6	SLC25A53	-0.68625	49.66	-6.6E-01	rgb( 73,130,242)	1.9732	None
LMX1A	GPR116	0.68625	49.66	0.662	rgb(224, 91, 92)	1.9732	2,2
NR4A3	HSF2	0.68625	49.66	0.659	rgb(224, 91, 92)	1.9732	None
SPIB	ENPP1	0.68625	49.66	0.658	rgb(224, 91, 93)	1.9732	None
TEAD1	IGSF10	0.68625	49.66	0.658	rgb(224, 91, 93)	1.9732	None
TEAD1	RUNX1T1	0.68625	49.66	0.664	rgb(224, 90, 91)	1.9732	None
ZFHX2	MAP3K12	0.68625	49.66	0.664	rgb(224, 90, 92)	1.9732	None
ZFP28	SMOC2	-0.68625	49.66	-6.6E-01	rgb( 73,129,242)	1.9732	None
ZNF846	CATSPER2	0.68625	49.66	0.659	rgb(224, 91, 92)	1.9732	2,2
ADNP	TACR3	0.68625	49.66	0.664	rgb(224, 90, 91)	1.9732	2,2
GRHL3	CR627206	-0.68625	49.66	-6.6E-01	rgb( 75,130,242)	1.9732	2,2
ELF4	ZBTB4	0.68523	49.65	0.649	rgb(224, 93, 94)	1.973	None
ETS1	ZFP28	0.68523	49.65	0.647	rgb(224, 93, 95)	1.973	None
FOXA2	FTCD	0.68523	49.65	0.652	rgb(224, 92, 94)	1.973	None
GATA6	ADCY5	-0.68523	49.65	-6.5E-01	rgb( 77,132,242)	1.973	None
GLIS2	KANK2	0.68523	49.65	0.653	rgb(224, 92, 94)	1.973	None
HIF1A	ETS1	0.68523	49.65	0.646	rgb(224, 94, 95)	1.973	None
HOXB9	CHRM4	-0.68523	49.65	-6.5E-01	rgb( 75,131,242)	1.973	None
NR4A2	CRLF1	-0.68523	49.65	-6.5E-01	rgb( 77,132,242)	1.973	None
NR4A3	EMB	-0.68523	49.65	-6.5E-01	rgb( 75,131,242)	1.973	None
POU2F2	SLC35F3	-0.68523	49.65	-6.5E-01	rgb( 75,131,242)	1.973	None
POU2F2	STMND1	0.68523	49.65	0.655	rgb(224, 92, 93)	1.973	None
RFX3	COL12A1	0.68523	49.65	0.651	rgb(224, 93, 94)	1.973	None
RORC	LINC00939	-0.68523	49.65	-6.5E-01	rgb( 77,132,242)	1.973	None
SOX4	ZNRF3-AS1	-0.68523	49.65	-6.5E-01	rgb( 76,131,242)	1.973	None
SPIB	RAPGEF4	0.68523	49.65	0.652	rgb(224, 92, 94)	1.973	None
TGIF2	SBK1	0.68523	49.65	0.647	rgb(224, 93, 95)	1.973	None
TGIF2	SMOC1	0.68523	49.65	0.648	rgb(224, 93, 95)	1.973	None
ZNF519	LPPR3	-0.68523	49.65	-6.5E-01	rgb( 76,131,242)	1.973	2,2
ATF5	FRZB	-0.68422	49.64	-6.4E-01	rgb( 78,132,241)	1.9728	2,2
ATF6	NCALD	-0.68422	49.64	-6.4E-01	rgb( 79,133,241)	1.9728	None
LTF	LOC646903	-0.68422	49.64	-6.4E-01	rgb( 77,132,241)	1.9728	2,2
EGR3	SH3GL1P1	-0.6832	49.63	-6.3E-01	rgb( 80,133,241)	1.9726	2,2
FOXA1	DHRS2	0.6832	49.63	0.632	rgb(224, 96, 98)	1.9726	None
FOXA1	PGF	-0.6832	49.63	-6.3E-01	rgb( 79,133,241)	1.9726	None
LMX1B	LTBP2	0.6832	49.63	0.63	rgb(224, 97, 98)	1.9726	None
MAFB	CDHR3	0.6832	49.63	0.628	rgb(224, 97, 98)	1.9726	None
NHLH1	SH3RF3	0.6832	49.63	0.63	rgb(224, 97, 98)	1.9726	None
ONECUT2	AMBP	-0.6832	49.63	-6.3E-01	rgb( 81,134,241)	1.9726	None
PAX6	MAFA	-0.6832	49.63	-6.3E-01	rgb( 80,134,241)	1.9726	None
TEAD1	RBPMS	-0.6832	49.63	-6.3E-01	rgb( 80,133,241)	1.9726	None
TGIF2	USP13	0.6832	49.63	0.625	rgb(224, 98, 99)	1.9726	None
FOXA1	COL12A1	0.68219	49.62	0.622	rgb(224, 98, 99)	1.9724	None
HIC1	CRIP2	0.68219	49.62	0.621	rgb(224, 98,100)	1.9724	None
INSM1	FAM105A	0.68219	49.62	0.624	rgb(224, 98, 99)	1.9724	2,2
NKX2-2	CELF3	0.68219	49.62	0.618	rgb(224, 99,100)	1.9724	None
NKX6-1	CERS6-AS1	0.68219	49.62	0.623	rgb(224, 98, 99)	1.9724	2,2
ONECUT3	TEAD1	0.68219	49.62	0.625	rgb(224, 98, 99)	1.9724	None
PDX1	FAM64A	-0.68219	49.62	-6.2E-01	rgb( 83,135,240)	1.9724	2,2
RORC	CD99L2	0.68219	49.62	0.619	rgb(224, 99,100)	1.9724	None
ST18	KIT	0.68219	49.62	0.615	rgb(224, 99,101)	1.9724	2,2
TGIF2	KCNH2	0.68219	49.62	0.623	rgb(224, 98, 99)	1.9724	None
ZFP82	PTCH1	0.68219	49.62	0.617	rgb(224, 99,100)	1.9724	None
ZNF382	AK054970	0.68219	49.62	0.622	rgb(224, 98, 99)	1.9724	2,2
ZNF846	MEX3A	-0.68219	49.62	-6.2E-01	rgb( 82,135,241)	1.9724	None
ASCL2	BC107568	0.68118	49.61	0.611	rgb(224,100,102)	1.9722	2,2
ASCL2	BTBD11	0.68118	49.61	0.607	rgb(224,101,102)	1.9722	None
ASCL2	CADM3	0.68118	49.61	0.607	rgb(224,101,102)	1.9722	None
ETV1	CHST10	0.68118	49.61	0.613	rgb(224,100,101)	1.9722	None
LHX1	FAM13A-AS1	-0.68118	49.61	-6.1E-01	rgb( 85,137,240)	1.9722	None
LMX1B	AK022997	0.68118	49.61	0.615	rgb(224,100,101)	1.9722	2,2
NHLH1	VGF	-0.68118	49.61	-6.1E-01	rgb( 85,136,240)	1.9722	None
NR4A3	TMEM158	0.68118	49.61	0.614	rgb(224,100,101)	1.9722	None
PDX1	ACSL6	-0.68118	49.61	-6.1E-01	rgb( 84,136,240)	1.9722	None
SOX4	GRIK5	-0.68118	49.61	-6.1E-01	rgb( 84,136,240)	1.9722	None
SPIB	MAGED1	-0.68118	49.61	-6.1E-01	rgb( 85,137,240)	1.9722	None
TP73	WNK2	0.68118	49.61	0.605	rgb(224,101,103)	1.9722	None
ZNF846	ICA1L	0.68118	49.61	0.607	rgb(224,101,102)	1.9722	None
ZNF846	SYP	-0.68118	49.61	-6.1E-01	rgb( 86,137,240)	1.9722	None
ETS1	CBX7	0.68016	49.6	0.599	rgb(224,102,104)	1.972	None
FOXP2	SCN2A	0.68016	49.6	0.599	rgb(224,103,104)	1.972	None
GATA6	BASP1	-0.68016	49.6	-6.0E-01	rgb( 86,137,240)	1.972	None
NR4A3	PRKXP1	0.68016	49.6	0.6	rgb(224,102,104)	1.972	None
ONECUT3	RBPMS	-0.68016	49.6	-6.0E-01	rgb( 87,138,240)	1.972	None
TEAD2	RFX6	0.68016	49.6	0.595	rgb(224,103,104)	1.972	None
TGIF2	COL14A1	-0.68016	49.6	-6.0E-01	rgb( 88,138,240)	1.972	None
ZNF382	KLHL32	0.68016	49.6	0.599	rgb(224,103,104)	1.972	None
ZNF519	AGAP11	0.68016	49.6	0.598	rgb(224,103,104)	1.972	None
ASCL2	ABLIM2	0.67915	49.59	0.585	rgb(223,105,106)	1.9718	None
ETV1	SYP	0.67915	49.59	0.588	rgb(223,105,106)	1.9718	None
FOXP2	RAB26	0.67915	49.59	0.587	rgb(223,105,106)	1.9718	None
MAFA	AMBP	0.67915	49.59	0.592	rgb(224,104,105)	1.9718	None
NEUROG3	SDPR	0.67915	49.59	0.593	rgb(224,104,105)	1.9718	2,2
ONECUT1	RAB4B-EGLN2	0.67915	49.59	0.586	rgb(223,105,106)	1.9718	None
PRDM16	SOGA3	0.67915	49.59	0.591	rgb(224,104,105)	1.9718	None
RFX2	PAM	0.67915	49.59	0.587	rgb(223,105,106)	1.9718	None
RORC	INHBE	0.67915	49.59	0.59	rgb(223,104,105)	1.9718	None
ZNF519	LINC00202-1	0.67915	49.59	0.591	rgb(224,104,105)	1.9718	2,2
ETS1	FAM71E2	0.67814	49.58	0.575	rgb(223,107,108)	1.9716	None
FOXA1	DPP10	0.67814	49.58	0.581	rgb(223,106,107)	1.9716	None
LHX1	ADD2	-0.67814	49.58	-5.8E-01	rgb( 91,140,239)	1.9716	None
LHX1	LMX1B	0.67814	49.58	0.583	rgb(223,106,107)	1.9716	None
ONECUT1	KCNMA1	0.67814	49.58	0.584	rgb(223,106,107)	1.9716	None
PRDM16	ONECUT2	0.67814	49.58	0.576	rgb(223,107,108)	1.9716	None
RORC	SFTPA2	0.67814	49.58	0.583	rgb(223,106,107)	1.9716	None
SOX4	ZFP90	-0.67814	49.58	-5.8E-01	rgb( 92,141,239)	1.9716	None
GATA6	ZMYM2	0.67712	49.57	0.571	rgb(223,108,109)	1.9714	None
LHX1	RAB4B-EGLN2	-0.67712	49.57	-5.7E-01	rgb( 94,142,238)	1.9714	None
LMX1A	ARX	0.67712	49.57	0.571	rgb(223,108,109)	1.9714	2,2
LMX1B	KIRREL3	-0.67712	49.57	-5.7E-01	rgb( 93,141,239)	1.9714	None
MAFA	IGHG1	0.67712	49.57	0.571	rgb(223,108,109)	1.9714	2,2
MAFA	MAFB	0.67712	49.57	0.574	rgb(223,107,109)	1.9714	None
MAFF	VOPP1	0.67712	49.57	0.573	rgb(223,108,109)	1.9714	None
NEUROD2	PMP22	0.67712	49.57	0.566	rgb(223,109,110)	1.9714	None
NEUROG3	IMPG1	-0.67712	49.57	-5.7E-01	rgb( 94,142,238)	1.9714	None
NEUROG3	NOTUM	0.67712	49.57	0.566	rgb(223,109,110)	1.9714	None
ONECUT3	JAZF1	-0.67712	49.57	-5.7E-01	rgb( 93,142,239)	1.9714	None
PDX1	ST8SIA3	-0.67712	49.57	-5.7E-01	rgb( 94,142,238)	1.9714	None
SOX4	AK316092	0.67712	49.57	0.574	rgb(223,107,109)	1.9714	2,2
SOX4	SPEG	-0.67712	49.57	-5.7E-01	rgb( 92,141,239)	1.9714	None
TFCP2L1	KLHL32	-0.67712	49.57	-5.7E-01	rgb( 94,142,238)	1.9714	None
ZFHX2	DPEP1	-0.67712	49.57	-5.7E-01	rgb( 94,142,239)	1.9714	None
ZFHX2	SAP30	-0.67712	49.57	-5.7E-01	rgb( 93,142,239)	1.9714	None
ZNF382	NAIP	0.67712	49.57	0.57	rgb(223,108,109)	1.9714	2,2
ZNF519	AL831889	0.67712	49.57	0.572	rgb(223,108,109)	1.9714	2,2
EGR3	HGFAC	0.67611	49.56	0.556	rgb(223,111,112)	1.9712	None
ETV1	FKBP7	0.67611	49.56	0.564	rgb(223,109,110)	1.9712	None
FOXA1	KCNK17	0.67611	49.56	0.557	rgb(223,111,112)	1.9712	None
FOXA2	GDAP1	0.67611	49.56	0.56	rgb(223,110,111)	1.9712	None
FOXA2	MAGED1	0.67611	49.56	0.562	rgb(223,110,111)	1.9712	None
HOXB9	MMP2	0.67611	49.56	0.557	rgb(223,111,112)	1.9712	None
HSF2	SIDT1	0.67611	49.56	0.564	rgb(223,109,110)	1.9712	None
HSF2	TRIM24	0.67611	49.56	0.558	rgb(223,110,111)	1.9712	None
LMX1A	LOC283731	0.67611	49.56	0.557	rgb(223,111,112)	1.9712	2,2
MAFA	IGSF10	0.67611	49.56	0.56	rgb(223,110,111)	1.9712	None
MAFA	JAM3	0.67611	49.56	0.564	rgb(223,109,110)	1.9712	None
NKX2-2	SYT5	0.67611	49.56	0.561	rgb(223,110,111)	1.9712	None
ONECUT2	LOC100131257	0.67611	49.56	0.56	rgb(223,110,111)	1.9712	2,2
RORC	FOXA1	-0.67611	49.56	-5.6E-01	rgb( 96,143,238)	1.9712	None
SOX4	GPC6	-0.67611	49.56	-5.6E-01	rgb( 95,143,238)	1.9712	None
TEAD2	SPEG	0.67611	49.56	0.562	rgb(223,110,111)	1.9712	None
TFCP2L1	LMO3	0.67611	49.56	0.558	rgb(223,110,112)	1.9712	None
ZNF846	TPPP3	-0.67611	49.56	-5.6E-01	rgb( 95,143,238)	1.9712	None
ETS1	CNGA3	0.67509	49.55	0.548	rgb(223,112,113)	1.971	None
GLIS2	ECEL1	0.67509	49.55	0.554	rgb(223,111,112)	1.971	2,2
HSF2	CPB1	-0.67509	49.55	-5.5E-01	rgb( 98,145,238)	1.971	None
HSF2	SPRED3	-0.67509	49.55	-5.5E-01	rgb( 98,145,238)	1.971	None
NR4A3	DLGAP3	0.67509	49.55	0.547	rgb(223,112,114)	1.971	None
NR4A3	STMN3	0.67509	49.55	0.548	rgb(223,112,113)	1.971	None
ONECUT1	GPR116	0.67509	49.55	0.548	rgb(223,112,113)	1.971	2,2
POU2F2	PCED1B-AS1	0.67509	49.55	0.552	rgb(223,112,113)	1.971	None
RFX2	GRIN1	-0.67509	49.55	-5.5E-01	rgb( 98,145,238)	1.971	None
SOX4	TUBB3	0.67509	49.55	0.553	rgb(223,111,113)	1.971	None
ZFP28	PDZRN3	-0.67509	49.55	-5.5E-01	rgb( 97,144,238)	1.971	None
ZNF519	HNRNPU-AS1	0.67509	49.55	0.545	rgb(223,113,114)	1.971	2,2
ARX	SLC26A7	0.67408	49.54	0.538	rgb(223,114,115)	1.9708	None
ASCL1	TDO2	0.67408	49.54	0.54	rgb(223,114,115)	1.9708	2,2
EGR3	DYNC1I1	0.67408	49.54	0.539	rgb(223,114,115)	1.9708	None
ETV1	APLP1	0.67408	49.54	0.536	rgb(223,115,116)	1.9708	None
ETV1	TMEM200A	0.67408	49.54	0.544	rgb(223,113,114)	1.9708	None
FEV	RAPGEF4	0.67408	49.54	0.542	rgb(223,113,115)	1.9708	None
FOXA1	ATOH8	-0.67408	49.54	-5.4E-01	rgb(100,146,237)	1.9708	None
HOXB9	DLL4	-0.67408	49.54	-5.4E-01	rgb(100,146,238)	1.9708	None
HSF2	NAV3	0.67408	49.54	0.542	rgb(223,113,114)	1.9708	None
LHX1	TMEM196	-0.67408	49.54	-5.4E-01	rgb(100,146,237)	1.9708	None
NHLH1	PPP1R14A	0.67408	49.54	0.544	rgb(223,113,114)	1.9708	None
PDX1	CDKN1C	0.67408	49.54	0.539	rgb(223,114,115)	1.9708	None
RFX6	MYT1	0.67408	49.54	0.54	rgb(223,114,115)	1.9708	None
SOX4	BCL2	0.67408	49.54	0.537	rgb(223,114,115)	1.9708	None
SOX4	LIMCH1	0.67408	49.54	0.544	rgb(223,113,114)	1.9708	None
FEV	ARX	0.67307	49.53	0.531	rgb(223,116,117)	1.9706	2,2
GATA2	GPR162	0.67307	49.53	0.531	rgb(223,116,117)	1.9706	None
GATA2	PPP1R16B	0.67307	49.53	0.53	rgb(223,116,117)	1.9706	None
GATA6	GCG	0.67307	49.53	0.529	rgb(223,116,117)	1.9706	None
HOXB9	LTBP2	0.67307	49.53	0.525	rgb(223,117,118)	1.9706	None
MAFA	CRLF1	0.67307	49.53	0.528	rgb(223,116,117)	1.9706	None
MAFA	RGS16	0.67307	49.53	0.531	rgb(223,116,117)	1.9706	None
NEUROD1	CLSTN2	0.67307	49.53	0.531	rgb(223,116,117)	1.9706	None
NEUROG3	DNAJC12	0.67307	49.53	0.525	rgb(223,117,118)	1.9706	None
ONECUT1	ADCY5	0.67307	49.53	0.534	rgb(223,115,116)	1.9706	None
PAX4	CYGB	0.67307	49.53	0.531	rgb(223,116,117)	1.9706	None
PDX1	STMND1	0.67307	49.53	0.53	rgb(223,116,117)	1.9706	None
RFX6	GDF11	0.67307	49.53	0.533	rgb(223,115,116)	1.9706	None
SOX4	MANEAL	-0.67307	49.53	-5.3E-01	rgb(102,147,237)	1.9706	None
SOX4	SCUBE1	0.67307	49.53	0.534	rgb(223,115,116)	1.9706	None
TGIF2	HIP1	0.67307	49.53	0.525	rgb(223,117,118)	1.9706	None
ZFP28	INHBE	-0.67307	49.53	-5.3E-01	rgb(102,147,237)	1.9706	None
ATF6	TMEM132B	-0.67205	49.52	-5.2E-01	rgb(104,149,237)	1.9704	None
LHX1	SLC14A2	0.67205	49.52	0.516	rgb(223,118,119)	1.9704	None
LMX1B	H1FX-AS1	0.67205	49.52	0.525	rgb(223,117,118)	1.9704	None
MAFA	FLT1	0.67205	49.52	0.516	rgb(223,119,120)	1.9704	None
NKX6-1	GDAP1L1	0.67205	49.52	0.52	rgb(223,118,119)	1.9704	2,2
POU2F2	CCL20	0.67205	49.52	0.519	rgb(223,118,119)	1.9704	None
RORC	CHGB	0.67205	49.52	0.521	rgb(223,117,118)	1.9704	None
RORC	DLL4	0.67205	49.52	0.524	rgb(223,117,118)	1.9704	None
SMAD9	PGF	-0.67205	49.52	-5.2E-01	rgb(104,148,237)	1.9704	None
SMAD9	RPLP0P2	0.67205	49.52	0.517	rgb(223,118,119)	1.9704	None
TFCP2L1	CXCR7	-0.67205	49.52	-5.2E-01	rgb(105,149,237)	1.9704	2,2
TFCP2L1	MCOLN3	0.67205	49.52	0.524	rgb(223,117,118)	1.9704	None
ZFP82	ATP13A4	0.67205	49.52	0.522	rgb(223,117,118)	1.9704	None
ADNP	AX747114	-0.67205	49.52	-5.2E-01	rgb(104,148,237)	1.9704	2,2
ARX	SFTPA2	-0.67104	49.51	-5.1E-01	rgb(106,149,236)	1.9702	None
FEV	CNPY1	0.67104	49.51	0.515	rgb(223,119,120)	1.9702	None
HIC1	TRAM1L1	0.67104	49.51	0.514	rgb(223,119,120)	1.9702	2,2
INSM1	GRAP2	0.67104	49.51	0.51	rgb(223,120,121)	1.9702	None
LMX1A	TMEM190	0.67104	49.51	0.505	rgb(223,120,121)	1.9702	None
MAFB	CHD5	0.67104	49.51	0.514	rgb(223,119,120)	1.9702	None
NEUROD2	SPINK4	0.67104	49.51	0.513	rgb(223,119,120)	1.9702	None
NFAT5	SPAG8	0.67104	49.51	0.515	rgb(223,119,120)	1.9702	None
NR4A2	LINC00261	-0.67104	49.51	-5.1E-01	rgb(107,150,236)	1.9702	None
POU2F2	RYBP	0.67104	49.51	0.508	rgb(223,120,121)	1.9702	None
SOX4	LDHAL6A	-0.67104	49.51	-5.1E-01	rgb(106,149,236)	1.9702	None
SOX4	MLLT11	0.67104	49.51	0.507	rgb(223,120,121)	1.9702	None
SOX4	SH3RF3	0.67104	49.51	0.512	rgb(223,119,120)	1.9702	None
SOX4	SLC12A5	-0.67104	49.51	-5.1E-01	rgb(106,150,236)	1.9702	None
ELF4	CYMP	-0.67003	49.5	-5.0E-01	rgb(109,151,236)	1.97	None
ETS1	DUSP2	-0.67003	49.5	-5.0E-01	rgb(109,151,236)	1.97	None
HIF1A	NDUFB6	-0.67003	49.5	-5.0E-01	rgb(109,151,236)	1.97	2,2
MAFB	COL22A1	0.67003	49.5	0.496	rgb(222,122,123)	1.97	None
NFAT5	TSSK4	0.67003	49.5	0.499	rgb(222,122,123)	1.97	None
NHLH1	ID4	0.67003	49.5	0.502	rgb(223,121,122)	1.97	None
PBX1	PCDHA2	0.67003	49.5	0.498	rgb(222,122,123)	1.97	None
PRDM16	BMS1P6	0.67003	49.5	0.502	rgb(223,121,122)	1.97	2,2
PRDM16	CALCOCO1	0.67003	49.5	0.502	rgb(223,121,122)	1.97	None
TEAD1	MAD2L2	-0.67003	49.5	-5.0E-01	rgb(109,151,236)	1.97	None
TFCP2L1	TMEM61	-0.67003	49.5	-5.0E-01	rgb(109,151,236)	1.97	None
ZNF846	IFIT1	-0.67003	49.5	-5.0E-01	rgb(109,151,236)	1.97	None
ZNF846	LOC100131257	0.67003	49.5	0.5	rgb(223,121,122)	1.97	2,2
ARX	FHL1	0.66901	49.49	0.487	rgb(222,124,125)	1.9698	2,2
ASCL2	H1FX-AS1	0.66901	49.49	0.485	rgb(222,124,125)	1.9698	None
EGR3	CALCOCO1	-0.66901	49.49	-4.9E-01	rgb(111,153,236)	1.9698	None
FOXP2	GABBR2	0.66901	49.49	0.493	rgb(222,123,124)	1.9698	None
GATA6	UCN3	-0.66901	49.49	-4.9E-01	rgb(112,153,235)	1.9698	None
NR4A3	CXXC4	0.66901	49.49	0.493	rgb(222,123,124)	1.9698	None
PROX1	KIT	0.66901	49.49	0.488	rgb(222,124,125)	1.9698	2,2
PROX1	NEURL	0.66901	49.49	0.487	rgb(222,124,125)	1.9698	2,2
ZFHX2	LINC00310	0.66901	49.49	0.495	rgb(222,123,124)	1.9698	None
ZNF846	AX747756	0.66901	49.49	0.491	rgb(222,123,124)	1.9698	2,2
ATF6	NAALADL1	-0.668	49.48	-4.8E-01	rgb(112,153,235)	1.9696	None
ETS1	CITED1	0.668	49.48	0.482	rgb(222,125,126)	1.9696	None
FOXP2	SLC16A12	0.668	49.48	0.48	rgb(222,125,126)	1.9696	None
GATA4	CYP27A1	0.668	49.48	0.477	rgb(222,126,127)	1.9696	None
GATA4	ZMYM2	-0.668	49.48	-4.8E-01	rgb(112,153,235)	1.9696	None
GATA6	TAF9B	-0.668	49.48	-4.8E-01	rgb(113,154,235)	1.9696	None
HOXB9	ZNF519	-0.668	49.48	-4.8E-01	rgb(112,153,235)	1.9696	None
HSF2	WNK3	0.668	49.48	0.475	rgb(222,126,127)	1.9696	None
LMX1A	TMEM132B	0.668	49.48	0.481	rgb(222,125,126)	1.9696	None
LMX1B	CADPS	0.668	49.48	0.479	rgb(222,126,126)	1.9696	None
MAFA	ADAMTSL2	0.668	49.48	0.476	rgb(222,126,127)	1.9696	None
MAFB	CACNA1C	0.668	49.48	0.477	rgb(222,126,127)	1.9696	None
NEUROD2	SSTR3	0.668	49.48	0.48	rgb(222,125,126)	1.9696	None
PDX1	LAPTM5	-0.668	49.48	-4.8E-01	rgb(114,154,235)	1.9696	None
POU6F1	FER1L6-AS1	-0.668	49.48	-4.8E-01	rgb(113,154,235)	1.9696	None
RFX6	CADPS	0.668	49.48	0.479	rgb(222,126,127)	1.9696	None
RORC	TRPC7	0.668	49.48	0.478	rgb(222,126,127)	1.9696	None
SOX4	CELA3A	0.668	49.48	0.483	rgb(222,125,126)	1.9696	None
SOX4	SMOC1	-0.668	49.48	-4.8E-01	rgb(112,153,235)	1.9696	None
TFCP2L1	FAM19A5	-0.668	49.48	-4.8E-01	rgb(113,154,235)	1.9696	2,2
TGIF2	ID2	-0.668	49.48	-4.8E-01	rgb(114,154,235)	1.9696	None
ZFP82	SMARCA1	0.668	49.48	0.478	rgb(222,126,127)	1.9696	None
ZNF846	AK128559	0.668	49.48	0.478	rgb(222,126,127)	1.9696	2,2
FOXA1	LINC00494	0.66698	49.47	0.472	rgb(222,127,128)	1.9694	None
HOXB9	FAXC	0.66698	49.47	0.471	rgb(222,127,128)	1.9694	None
MAFA	MICAL2	-0.66698	49.47	-4.7E-01	rgb(114,155,235)	1.9694	None
PDX1	PCYT1B	0.66698	49.47	0.473	rgb(222,127,128)	1.9694	None
SMAD9	CNTD2	0.66698	49.47	0.468	rgb(222,128,129)	1.9694	None
ZFP82	FLT1	0.66698	49.47	0.47	rgb(222,127,128)	1.9694	None
ZNF846	N4BP2L2-IT2	0.66698	49.47	0.474	rgb(222,126,127)	1.9694	2,2
AKNA	AX747227	-0.66698	49.47	-4.7E-01	rgb(116,156,235)	1.9694	2,2
KCNIP3	DIRAS1	0.66698	49.47	0.471	rgb(222,127,128)	1.9694	2,2
ASCL2	MCF2L	0.66597	49.46	0.463	rgb(222,129,129)	1.9692	None
EGR3	CLCNKA	-0.66597	49.46	-4.6E-01	rgb(117,156,234)	1.9692	None
EGR3	RPRML	-0.66597	49.46	-4.6E-01	rgb(117,156,235)	1.9692	None
ELF4	VSTM4	0.66597	49.46	0.455	rgb(222,130,131)	1.9692	None
HOXB9	SMAD9	0.66597	49.46	0.455	rgb(222,130,131)	1.9692	None
HOXB9	SUSD2	-0.66597	49.46	-4.6E-01	rgb(117,156,234)	1.9692	None
HSF2	MAPK7	-0.66597	49.46	-4.6E-01	rgb(117,156,234)	1.9692	None
LHX1	CAMK1G	-0.66597	49.46	-4.6E-01	rgb(117,156,235)	1.9692	None
LMX1B	LAMP5	0.66597	49.46	0.46	rgb(222,129,130)	1.9692	None
NEUROD2	SCN3B	-0.66597	49.46	-4.6E-01	rgb(118,157,234)	1.9692	None
NEUROD2	TAGLN3	0.66597	49.46	0.456	rgb(222,130,131)	1.9692	None
NR4A3	DOCK8	0.66597	49.46	0.46	rgb(222,129,130)	1.9692	None
PDX1	DLC1	-0.66597	49.46	-4.6E-01	rgb(117,156,235)	1.9692	None
PDX1	PPP1R16B	-0.66597	49.46	-4.6E-01	rgb(116,156,235)	1.9692	None
TFCP2L1	JAZF1	-0.66597	49.46	-4.6E-01	rgb(118,157,234)	1.9692	None
ZNF846	CD99L2	-0.66597	49.46	-4.6E-01	rgb(117,156,235)	1.9692	None
NPAS3	PGM5P2	0.66597	49.46	0.458	rgb(222,130,130)	1.9692	2,2
EGR3	RASD1	-0.66496	49.45	-4.5E-01	rgb(120,158,234)	1.969	None
ETV1	ATF5	-0.66496	49.45	-4.5E-01	rgb(120,158,234)	1.969	None
FEV	EFNB3	0.66496	49.45	0.451	rgb(222,131,132)	1.969	None
FEV	NTNG2	0.66496	49.45	0.454	rgb(222,130,131)	1.969	None
GATA6	CCDC146	-0.66496	49.45	-4.5E-01	rgb(119,157,234)	1.969	None
MAFA	ATF6	-0.66496	49.45	-4.5E-01	rgb(119,157,234)	1.969	None
NFAT5	SERPINI1	-0.66496	49.45	-4.5E-01	rgb(119,158,234)	1.969	None
PDX1	HHEX	0.66496	49.45	0.453	rgb(222,131,131)	1.969	None
SOX4	FLT1	0.66496	49.45	0.448	rgb(222,131,132)	1.969	None
SOX4	PEX5L	-0.66496	49.45	-4.5E-01	rgb(119,157,234)	1.969	None
SPIB	ASIC4	0.66496	49.45	0.452	rgb(222,131,132)	1.969	None
ATF6	MAFF	-0.66394	49.44	-4.4E-01	rgb(122,159,234)	1.9688	None
FOXA1	ROBO1	0.66394	49.44	0.442	rgb(222,133,133)	1.9688	None
HOXB9	PCAT1	-0.66394	49.44	-4.4E-01	rgb(122,159,234)	1.9688	None
MAFA	INSRR	0.66394	49.44	0.439	rgb(222,133,134)	1.9688	None
NR4A2	LINC00939	0.66394	49.44	0.436	rgb(222,134,135)	1.9688	None
ONECUT1	AK127443	0.66394	49.44	0.437	rgb(222,134,134)	1.9688	2,2
ONECUT1	ZNF382	0.66394	49.44	0.443	rgb(222,132,133)	1.9688	2,2
RFX3	AK129879	-0.66394	49.44	-4.4E-01	rgb(121,158,234)	1.9688	2,2
SMAD9	C2CD4B	0.66394	49.44	0.436	rgb(222,134,135)	1.9688	None
SMAD9	MAPK4	0.66394	49.44	0.44	rgb(222,133,134)	1.9688	None
SMAD9	SEZ6	0.66394	49.44	0.442	rgb(222,133,133)	1.9688	None
SOX4	CTTNBP2	0.66394	49.44	0.437	rgb(222,134,134)	1.9688	None
EGR3	THBS4	0.66293	49.43	0.432	rgb(222,135,135)	1.9686	None
FEV	CNIH2	0.66293	49.43	0.435	rgb(222,134,135)	1.9686	None
GATA2	TMEM190	0.66293	49.43	0.426	rgb(222,136,136)	1.9686	None
GATA2	VGF	0.66293	49.43	0.427	rgb(222,135,136)	1.9686	None
HOXB9	ST8SIA3	-0.66293	49.43	-4.3E-01	rgb(123,160,233)	1.9686	None
HSF2	IFI44L	0.66293	49.43	0.431	rgb(222,135,136)	1.9686	None
NEUROG3	KCNF1	0.66293	49.43	0.426	rgb(222,136,136)	1.9686	None
PDX1	FJX1	-0.66293	49.43	-4.3E-01	rgb(124,160,233)	1.9686	None
SOX4	SIDT1	0.66293	49.43	0.425	rgb(222,136,137)	1.9686	None
SOX4	TMEM158	0.66293	49.43	0.435	rgb(222,134,135)	1.9686	None
TFCP2L1	SYN1	-0.66293	49.43	-4.3E-01	rgb(124,160,233)	1.9686	None
ZFP82	CORO2B	0.66293	49.43	0.432	rgb(222,134,135)	1.9686	None
ZFP90	HINT1	-0.66293	49.43	-4.3E-01	rgb(124,161,233)	1.9686	None
ZNF846	CRIP1	-0.66293	49.43	-4.3E-01	rgb(124,161,233)	1.9686	None
ASCL2	PCDHB15	0.66192	49.42	0.417	rgb(222,137,138)	1.9684	None
LMX1A	KIF5C	0.66192	49.42	0.421	rgb(222,137,138)	1.9684	2,2
MAFA	TMEFF1	-0.66192	49.42	-4.2E-01	rgb(126,162,233)	1.9684	None
NR4A3	CHRM4	0.66192	49.42	0.419	rgb(222,137,138)	1.9684	None
NR4A3	IGFN1	0.66192	49.42	0.424	rgb(222,136,137)	1.9684	None
NR4A3	LMO3	0.66192	49.42	0.419	rgb(222,137,138)	1.9684	None
SOX4	PAK6	-0.66192	49.42	-4.2E-01	rgb(126,162,233)	1.9684	None
ASCL2	GPR142	0.6609	49.41	0.407	rgb(221,139,140)	1.9682	None
ELF4	LRRC49	-0.6609	49.41	-4.1E-01	rgb(128,163,233)	1.9682	None
ELF4	NKD1	-0.6609	49.41	-4.1E-01	rgb(129,163,232)	1.9682	None
FOXA1	FW340027	-0.6609	49.41	-4.1E-01	rgb(129,163,232)	1.9682	2,2
HSF2	SPAG8	-0.6609	49.41	-4.1E-01	rgb(128,163,233)	1.9682	None
MAFA	KLK12	0.6609	49.41	0.414	rgb(222,138,139)	1.9682	None
ZNF382	ONECUT1	0.6609	49.41	0.407	rgb(221,139,140)	1.9682	2,2
ETV1	ARNT2	0.65989	49.4	0.402	rgb(221,140,141)	1.968	None
ETV1	ZFP90	0.65989	49.4	0.398	rgb(221,141,142)	1.968	None
GATA6	CLGN	-0.65989	49.4	-4.0E-01	rgb(131,165,232)	1.968	None
HIF1A	AX747853	-0.65989	49.4	-4.0E-01	rgb(130,164,232)	1.968	2,2
HSF2	DUSP2	-0.65989	49.4	-4.0E-01	rgb(131,165,232)	1.968	None
MAFA	FJX1	0.65989	49.4	0.397	rgb(221,141,142)	1.968	None
NKX6-1	SCUBE1	0.65989	49.4	0.4	rgb(221,141,141)	1.968	None
PAX6	VGF	0.65989	49.4	0.396	rgb(221,141,142)	1.968	None
RFX6	NKD1	0.65989	49.4	0.399	rgb(221,141,142)	1.968	None
ZFHX2	NACAD	0.65989	49.4	0.397	rgb(221,141,142)	1.968	None
ZFP82	XKR7	0.65989	49.4	0.402	rgb(221,140,141)	1.968	None
ZNF382	BC010924	0.65989	49.4	0.398	rgb(221,141,142)	1.968	2,2
ZNF846	FAM171A2	-0.65989	49.4	-4.0E-01	rgb(129,164,232)	1.968	None
EGR3	CDHR3	-0.65887	49.39	-3.9E-01	rgb(133,166,232)	1.9678	None
FOXP2	EYA4	0.65887	49.39	0.388	rgb(221,143,144)	1.9678	None
HOXB9	ATF7IP	-0.65887	49.39	-3.9E-01	rgb(133,166,232)	1.9678	None
NKX2-2	RGAG4	0.65887	49.39	0.392	rgb(221,142,143)	1.9678	2,2
RORC	KCNAB2	0.65887	49.39	0.393	rgb(221,142,143)	1.9678	None
SPIB	CRYBA2	0.65887	49.39	0.39	rgb(221,143,143)	1.9678	None
TFCP2L1	CAMK1G	-0.65887	49.39	-3.9E-01	rgb(132,165,232)	1.9678	None
TFCP2L1	CDK5R2	-0.65887	49.39	-3.9E-01	rgb(133,166,232)	1.9678	None
ASCL2	RPRML	0.65786	49.38	0.381	rgb(221,144,145)	1.9676	None
EGR3	BOC	-0.65786	49.38	-3.8E-01	rgb(134,166,232)	1.9676	None
ETS1	NAALADL1	0.65786	49.38	0.384	rgb(221,144,144)	1.9676	None
MAFA	HOPX	0.65786	49.38	0.384	rgb(221,144,144)	1.9676	None
MAFA	SYT14	0.65786	49.38	0.377	rgb(221,145,146)	1.9676	None
NR4A3	AKT3	0.65786	49.38	0.382	rgb(221,144,145)	1.9676	None
PAX6	MBOAT4	0.65786	49.38	0.376	rgb(221,145,146)	1.9676	None
PDX1	TAF9B	-0.65786	49.38	-3.8E-01	rgb(135,167,231)	1.9676	None
SPIB	MAP2	0.65786	49.38	0.379	rgb(221,145,145)	1.9676	None
TEAD1	PDX1	-0.65786	49.38	-3.8E-01	rgb(134,167,232)	1.9676	None
TGIF2	ACSS3	0.65786	49.38	0.383	rgb(221,144,145)	1.9676	None
TGIF2	LINC00930	0.65786	49.38	0.377	rgb(221,145,146)	1.9676	2,2
ZNF492	IFNE	0.65786	49.38	0.385	rgb(221,144,144)	1.9676	2,2
ZBTB4	AF090102	-0.65786	49.38	-3.8E-01	rgb(135,167,231)	1.9676	2,2
ELF4	SLC6A17	-0.65685	49.37	-3.7E-01	rgb(137,168,231)	1.9674	None
GATA6	LINGO1	-0.65685	49.37	-3.7E-01	rgb(136,168,231)	1.9674	None
HSF2	LRFN1	0.65685	49.37	0.367	rgb(221,147,148)	1.9674	None
LMX1A	PKIA	0.65685	49.37	0.373	rgb(221,146,147)	1.9674	None
LTF	NEUROG3	0.65685	49.37	0.368	rgb(221,147,147)	1.9674	2,2
NR4A2	CREBRF	0.65685	49.37	0.37	rgb(221,146,147)	1.9674	None
NR4A2	ZFP62	0.65685	49.37	0.369	rgb(221,147,147)	1.9674	None
NR4A3	PDE8B	0.65685	49.37	0.371	rgb(221,146,147)	1.9674	None
ONECUT2	ATF7IP	0.65685	49.37	0.372	rgb(221,146,147)	1.9674	None
PRDM16	AX746869	0.65685	49.37	0.371	rgb(221,146,147)	1.9674	2,2
TGIF2	CHRNB4	0.65685	49.37	0.366	rgb(221,147,148)	1.9674	None
ASCL1	GCK	0.65583	49.36	0.356	rgb(221,149,150)	1.9672	None
ASCL2	LSP1	0.65583	49.36	0.364	rgb(221,147,148)	1.9672	None
ETV1	AX747090	0.65583	49.36	0.356	rgb(221,149,150)	1.9672	2,2
ETV1	FRMPD4	0.65583	49.36	0.361	rgb(221,148,149)	1.9672	None
GATA6	USP32P2	-0.65583	49.36	-3.6E-01	rgb(140,170,231)	1.9672	None
HSF2	CLCN4	0.65583	49.36	0.361	rgb(221,148,149)	1.9672	None
MAFA	GGT5	0.65583	49.36	0.363	rgb(221,148,148)	1.9672	None
NHLH1	PTGDR2	0.65583	49.36	0.357	rgb(221,149,149)	1.9672	None
NR4A2	LINC00494	-0.65583	49.36	-3.6E-01	rgb(139,170,231)	1.9672	None
NR4A2	WSCD1	-0.65583	49.36	-3.6E-01	rgb(138,169,231)	1.9672	None
PDX1	ZNF117	-0.65583	49.36	-3.6E-01	rgb(140,170,231)	1.9672	None
MAFA	CRIP1	0.65482	49.35	0.348	rgb(221,150,151)	1.967	None
MAFB	GNG4	0.65482	49.35	0.352	rgb(221,150,150)	1.967	None
NR4A2	ZFP2	0.65482	49.35	0.352	rgb(221,150,150)	1.967	None
PDX1	SDCBP2-AS1	-0.65482	49.35	-3.5E-01	rgb(140,170,230)	1.967	None
PRDM16	GPR155	0.65482	49.35	0.352	rgb(221,150,151)	1.967	None
RORC	CDK5R2	0.65482	49.35	0.352	rgb(221,150,150)	1.967	None
TFCP2L1	CTSL2	-0.65482	49.35	-3.5E-01	rgb(141,171,230)	1.967	2,2
TGIF2	SYT14	0.65482	49.35	0.347	rgb(221,151,151)	1.967	None
TP73	IGFN1	0.65482	49.35	0.347	rgb(221,151,151)	1.967	None
ZFP90	LINGO1	-0.65482	49.35	-3.5E-01	rgb(141,171,230)	1.967	None
ZNF846	SYT14	0.65482	49.35	0.348	rgb(221,151,151)	1.967	None
FOXA1	GALNT16	0.65381	49.34	0.339	rgb(221,152,153)	1.9668	None
GATA2	GABRB3	0.65381	49.34	0.342	rgb(221,152,152)	1.9668	2,2
LMX1B	C7	0.65381	49.34	0.341	rgb(221,152,153)	1.9668	None
NFAT5	PTGDR2	-0.65381	49.34	-3.4E-01	rgb(143,172,230)	1.9668	None
NHLH1	GAL	0.65381	49.34	0.339	rgb(221,152,153)	1.9668	None
SOX4	HGFAC	0.65381	49.34	0.336	rgb(221,153,153)	1.9668	None
TFCP2L1	KCNK3	-0.65381	49.34	-3.4E-01	rgb(144,172,230)	1.9668	None
TFCP2L1	TMOD1	-0.65381	49.34	-3.4E-01	rgb(143,172,230)	1.9668	None
ZNF846	ATOH8	-0.65381	49.34	-3.4E-01	rgb(144,173,230)	1.9668	None
ETS1	ZFP2	-0.65279	49.33	-3.3E-01	rgb(146,174,229)	1.9666	None
ETV1	AMER3	0.65279	49.33	0.331	rgb(221,154,154)	1.9666	None
LHX1	LIMCH1	-0.65279	49.33	-3.3E-01	rgb(144,173,230)	1.9666	None
LHX1	STK33	-0.65279	49.33	-3.3E-01	rgb(145,173,230)	1.9666	None
LMX1B	STARD9	0.65279	49.33	0.332	rgb(221,154,154)	1.9666	None
MAFA	AKT3	-0.65279	49.33	-3.3E-01	rgb(146,174,229)	1.9666	None
PRDM16	BC040358	0.65279	49.33	0.332	rgb(221,154,154)	1.9666	2,2
ELF4	CRY2	0.65178	49.32	0.318	rgb(220,156,157)	1.9664	None
ETS1	KCNH3	-0.65178	49.32	-3.2E-01	rgb(147,174,229)	1.9664	None
HOXB9	FRMPD4	0.65178	49.32	0.319	rgb(221,156,157)	1.9664	None
MAFB	MUC5AC	-0.65178	49.32	-3.2E-01	rgb(148,175,229)	1.9664	2,2
PAX6	CD200	0.65178	49.32	0.317	rgb(220,157,157)	1.9664	None
PAX6	NPY	0.65178	49.32	0.32	rgb(221,156,157)	1.9664	None
PDX1	ARHGAP9	-0.65178	49.32	-3.2E-01	rgb(149,175,229)	1.9664	None
PDX1	SFTPA2	0.65178	49.32	0.315	rgb(220,157,157)	1.9664	None
SPIB	ALAS2	0.65178	49.32	0.321	rgb(221,156,156)	1.9664	None
TEAD1	STMN4	-0.65178	49.32	-3.2E-01	rgb(148,175,229)	1.9664	None
ZNF519	BC122864	0.65178	49.32	0.32	rgb(221,156,157)	1.9664	2,2
ZNF846	FKBP7	-0.65178	49.32	-3.2E-01	rgb(148,175,229)	1.9664	None
ZFP62	MIR29C	0.65178	49.32	0.315	rgb(220,157,157)	1.9664	2,2
ASCL1	CDK5R1	0.65076	49.31	0.313	rgb(220,157,158)	1.9662	None
ASCL2	CRYBA2	0.65076	49.31	0.306	rgb(220,159,159)	1.9662	None
GATA2	GCG	0.65076	49.31	0.312	rgb(220,157,158)	1.9662	None
LMX1B	NFASC	0.65076	49.31	0.305	rgb(220,159,159)	1.9662	None
MAFB	NPY	0.65076	49.31	0.308	rgb(220,158,159)	1.9662	None
MAFB	SEZ6	0.65076	49.31	0.306	rgb(220,159,159)	1.9662	None
NFAT5	AX748285	0.65076	49.31	0.312	rgb(220,157,158)	1.9662	2,2
GATA6	CLCN4	0.64975	49.3	0.3	rgb(220,160,160)	1.966	None
NEUROG3	LINC00494	-0.64975	49.3	-3.0E-01	rgb(152,178,228)	1.966	None
PRDM16	EGFR	0.64975	49.3	0.3	rgb(220,160,160)	1.966	None
RFX6	GRIN1	0.64975	49.3	0.302	rgb(220,159,160)	1.966	None
TP73	LRFN1	0.64975	49.3	0.302	rgb(220,159,160)	1.966	None
NR4A3	MAP1B	0.64874	49.29	0.289	rgb(220,162,162)	1.9658	None
SOX4	CSH1	0.64874	49.29	0.287	rgb(220,162,163)	1.9658	None
TGIF2	WNK2	0.64874	49.29	0.287	rgb(220,162,163)	1.9658	None
ZNF846	AX746617	0.64874	49.29	0.289	rgb(220,162,162)	1.9658	2,2
GATA2	FHL1	0.64772	49.28	0.277	rgb(220,164,165)	1.9656	2,2
HOXB9	H1FX-AS1	-0.64772	49.28	-2.8E-01	rgb(156,180,228)	1.9656	None
LMX1B	MAP2	0.64772	49.28	0.283	rgb(220,163,163)	1.9656	None
NEUROD1	VSTM2L	0.64772	49.28	0.279	rgb(220,164,164)	1.9656	None
ONECUT1	SGSM1	0.64772	49.28	0.28	rgb(220,164,164)	1.9656	None
PDX1	KCNH3	0.64772	49.28	0.281	rgb(220,163,164)	1.9656	None
TEAD2	CDK5R1	0.64772	49.28	0.284	rgb(220,163,163)	1.9656	None
GATA2	LOC100216479	0.64671	49.27	0.268	rgb(220,166,166)	1.9654	2,2
HSF2	INSRR	0.64671	49.27	0.271	rgb(220,165,166)	1.9654	None
MAFA	SST	-0.64671	49.27	-2.7E-01	rgb(159,182,227)	1.9654	None
PDX1	NKTR	-0.64671	49.27	-2.7E-01	rgb(158,181,227)	1.9654	None
ELF4	GYLTL1B	-0.6457	49.26	-2.6E-01	rgb(161,183,227)	1.9652	2,2
HOXB9	TRPC4	-0.6457	49.26	-2.6E-01	rgb(161,183,227)	1.9652	None
MAFA	DNAH11	-0.6457	49.26	-2.6E-01	rgb(160,182,227)	1.9652	None
NR4A3	RIIAD1	0.6457	49.26	0.263	rgb(220,167,167)	1.9652	None
RFX2	AADAT	-0.6457	49.26	-2.6E-01	rgb(160,182,227)	1.9652	None
TEAD2	LTBP2	0.6457	49.26	0.259	rgb(220,168,168)	1.9652	None
TGIF2	LRRTM3	-0.6457	49.26	-2.6E-01	rgb(162,183,227)	1.9652	None
HIF1A	ASCL2	-0.64468	49.25	-2.5E-01	rgb(162,183,227)	1.965	None
LMX1A	ACTL6B	0.64468	49.25	0.25	rgb(220,169,170)	1.965	None
NR4A3	SERPINA10	0.64468	49.25	0.252	rgb(220,169,169)	1.965	None
PBX1	ATOH8	-0.64468	49.25	-2.5E-01	rgb(162,184,227)	1.965	None
PBX1	HSF2	0.64468	49.25	0.248	rgb(220,170,170)	1.965	None
ARX	TPPP3	0.64367	49.23	0.226	rgb(219,174,174)	1.9646	None
GATA4	LGR6	0.64367	49.23	0.227	rgb(220,174,174)	1.9646	None
ZNF117	TDRD6	0.64367	49.23	0.232	rgb(220,173,173)	1.9646	2,2
ASCL2	FOXA2	0.64265	49.22	0.223	rgb(219,174,175)	1.9644	None
ELF4	KCNJ3	0.64265	49.22	0.22	rgb(219,175,175)	1.9644	None
ETV1	CDK5R1	0.64265	49.22	0.216	rgb(219,176,176)	1.9644	None
ETV1	MAP1A	0.64265	49.22	0.221	rgb(219,175,175)	1.9644	None
HOXB9	COL14A1	0.64265	49.22	0.217	rgb(219,176,176)	1.9644	None
MLXIPL	LOC653513	0.64265	49.22	0.22	rgb(219,175,175)	1.9644	2,2
TFCP2L1	FABP5	-0.64265	49.22	-2.2E-01	rgb(169,188,225)	1.9644	None
PAX4	SLC38A3	0.64164	49.21	0.211	rgb(219,177,177)	1.9642	None
PROX1	RFX6	0.64164	49.21	0.205	rgb(219,178,178)	1.9642	None
RORC	ZNF519	-0.64164	49.21	-2.1E-01	rgb(171,189,225)	1.9642	None
SOX4	SULT1C2P1	-0.64164	49.21	-2.1E-01	rgb(171,189,225)	1.9642	None
GATA2	CRIP1	-0.64063	49.2	-2.0E-01	rgb(173,190,225)	1.964	None
GATA2	PCSK1	0.64063	49.2	0.197	rgb(219,179,180)	1.964	None
POU2F2	CXCR7	0.64063	49.2	0.203	rgb(219,178,179)	1.964	2,2
HIC1	MTSS1	0.63961	49.19	0.19	rgb(219,181,181)	1.9638	None
HOXB9	IFI44L	0.63961	49.19	0.189	rgb(219,181,181)	1.9638	None
PRDM16	TUBA1A	-0.63961	49.19	-1.9E-01	rgb(175,191,224)	1.9638	None
TFCP2L1	MIR503HG	-0.63961	49.19	-1.9E-01	rgb(176,192,224)	1.9638	None
ETV1	SLC26A7	0.6386	49.18	0.181	rgb(219,182,183)	1.9636	None
FEV	ADAM12	0.6386	49.18	0.175	rgb(219,184,184)	1.9636	None
GATA4	STMN4	-0.6386	49.18	-1.8E-01	rgb(178,194,224)	1.9636	None
HOXB9	GNG4	-0.6386	49.18	-1.8E-01	rgb(177,193,224)	1.9636	None
HSF2	BAMBI	-0.6386	49.18	-1.8E-01	rgb(178,193,224)	1.9636	None
LMX1A	SPOCK3	0.6386	49.18	0.182	rgb(219,182,183)	1.9636	None
NEUROD2	LINC00930	0.6386	49.18	0.184	rgb(219,182,182)	1.9636	2,2
NR4A2	NFRKB	0.6386	49.18	0.178	rgb(219,183,183)	1.9636	None
ZNF519	SPDYE7P	0.6386	49.18	0.184	rgb(219,182,182)	1.9636	None
LHX1	CALY	-0.63759	49.17	-1.7E-01	rgb(180,194,223)	1.9634	None
PAX6	SLC12A5	0.63759	49.17	0.173	rgb(219,184,184)	1.9634	None
SOX4	TPST2	0.63759	49.17	0.172	rgb(219,184,184)	1.9634	None
ETV1	SCGB1A1	0.63657	49.16	0.163	rgb(219,186,186)	1.9632	None
FEV	RASD1	0.63657	49.16	0.162	rgb(219,186,186)	1.9632	None
MAFB	HCP5	0.63556	49.15	0.153	rgb(219,188,188)	1.963	None
RFX6	JAM3	0.63556	49.15	0.149	rgb(219,189,189)	1.963	None
ZNF492	AK130076	0.63556	49.15	0.147	rgb(219,189,189)	1.963	2,2
ARX	ST6GALNAC5	0.63454	49.14	0.136	rgb(218,191,191)	1.9628	None
MAFA	P2RX6	0.63454	49.14	0.144	rgb(219,190,190)	1.9628	None
MAFA	TMEM61	0.63454	49.14	0.143	rgb(219,190,190)	1.9628	None
SOX4	CDKN1C	0.63454	49.14	0.144	rgb(219,190,190)	1.9628	None
TFCP2L1	TUBA3FP	-0.63454	49.14	-1.4E-01	rgb(186,198,222)	1.9628	None
NEUROD1	SGSM1	0.63353	49.13	0.133	rgb(218,192,192)	1.9626	None
RORC	SPC25	-0.63353	49.13	-1.3E-01	rgb(189,200,222)	1.9626	None
EGR3	DPYSL4	0.63252	49.12	0.125	rgb(218,193,193)	1.9624	None
ASCL1	AK022997	0.6315	49.11	0.114	rgb(218,195,196)	1.9622	2,2
EGR3	ST8SIA3	-0.6315	49.11	-1.1E-01	rgb(192,202,221)	1.9622	None
ELF4	HMGN3	-0.6315	49.11	-1.1E-01	rgb(192,202,221)	1.9622	None
PDX1	MYEF2	-0.6315	49.11	-1.1E-01	rgb(194,203,221)	1.9622	None
MAFA	SCIMP	0.63049	49.1	0.098	rgb(218,198,199)	1.962	None
ARX	CNGA3	0.62947	49.09	0.089	rgb(218,200,200)	1.9618	None
ELF4	AADAT	0.62947	49.09	0.09	rgb(218,200,200)	1.9618	None
HOXB9	CFC1	0.62947	49.09	0.086	rgb(218,200,201)	1.9618	None
TGIF2	GDAP1	0.62846	49.07	0.073	rgb(218,203,203)	1.9614	None
MAFB	AMPH	0.62745	49.06	0.064	rgb(218,205,205)	1.9612	None
ETS1	MAFF	-0.62643	49.05	-5.4E-02	rgb(205,210,219)	1.961	None
NEUROG3	OLFML2B	0.62643	49.05	0.046	rgb(218,208,208)	1.961	None
LMX1A	FSTL5	0.62542	49.04	0.044	rgb(217,209,209)	1.9608	None
ZFHX2	ONECUT2	0.62542	49.04	0.044	rgb(217,209,209)	1.9608	None
ELF4	NFRKB	-0.62441	49.03	-3.1E-02	rgb(210,213,218)	1.9606	None
ZNF846	FW340027	0.62339	49.01	0.01	rgb(217,215,215)	1.9602	2,2
FEV	NXF2	0.62238	48.98	0.975	rgb(228, 31, 33)	1.9596	2,2
FEV	AP3B2	0.62155	48.95	0.953	rgb(227, 35, 37)	1.959	None
FEV	HMP19	0.62155	48.95	0.951	rgb(227, 35, 37)	1.959	2,2
FEV	CD300LF	-0.62073	48.94	-9.4E-01	rgb( 14, 93,253)	1.9588	None
ISL1	PLCXD3	0.61991	48.93	0.934	rgb(227, 39, 40)	1.9586	None
RFX6	SLC6A17	0.61908	48.91	0.913	rgb(227, 43, 45)	1.9582	None
GATA2	NCAM1	0.61826	48.88	0.876	rgb(227, 50, 51)	1.9576	2,2
LMX1A	BASP1	0.61826	48.88	0.883	rgb(227, 48, 50)	1.9576	None
MXI1	NR4A2	0.61743	48.87	0.87	rgb(227, 51, 53)	1.9574	None
ONECUT3	CELSR3	0.61743	48.87	0.869	rgb(227, 51, 53)	1.9574	None
FOXA1	TMEM151A	0.61661	48.84	0.836	rgb(226, 57, 59)	1.9568	None
NKX2-2	CHRNA3	0.61578	48.83	0.827	rgb(226, 59, 61)	1.9566	2,2
NKX6-1	SSTR1	0.61578	48.83	0.828	rgb(226, 59, 61)	1.9566	None
ETV1	SLC7A14	0.61496	48.81	0.806	rgb(226, 63, 65)	1.9562	None
PRDM16	SSTR3	0.61496	48.81	0.811	rgb(226, 62, 64)	1.9562	None
PRDM16	TRIM35	0.61496	48.81	0.807	rgb(226, 63, 65)	1.9562	None
SOX4	NDRG4	0.61496	48.81	0.812	rgb(226, 62, 64)	1.9562	None
PDX1	HINT1	0.61413	48.8	0.796	rgb(226, 65, 67)	1.956	None
RFX3	BSN	0.61413	48.8	0.799	rgb(226, 64, 66)	1.956	None
TGIF2	CELF4	-0.61413	48.8	-8.0E-01	rgb( 42,111,248)	1.956	None
EGR3	GATA6	0.61331	48.79	0.786	rgb(226, 67, 68)	1.9558	None
ETV1	SMARCA1	0.61331	48.79	0.792	rgb(226, 66, 67)	1.9558	None
LMX1B	MEX3B	0.61331	48.79	0.786	rgb(226, 67, 68)	1.9558	None
PRDM16	HES4	-0.61331	48.79	-7.9E-01	rgb( 46,113,247)	1.9558	None
SOX4	KCNB2	0.61331	48.79	0.789	rgb(226, 66, 68)	1.9558	None
ASCL2	SOCS1	-0.61248	48.78	-7.8E-01	rgb( 47,113,247)	1.9556	None
LTF	RNF157	-0.61248	48.78	-7.8E-01	rgb( 48,114,247)	1.9556	None
NFAT5	TMEM198	-0.61248	48.78	-7.8E-01	rgb( 48,114,247)	1.9556	None
NR4A3	SDCBP2-AS1	0.61248	48.78	0.78	rgb(226, 68, 70)	1.9556	None
ONECUT2	SMARCD2	-0.61248	48.78	-7.8E-01	rgb( 47,114,247)	1.9556	None
PAX4	C2CD4A	0.61248	48.78	0.783	rgb(226, 67, 69)	1.9556	None
ZNF846	ADAM20P1	0.61248	48.78	0.776	rgb(226, 69, 70)	1.9556	2,2
PBX1	KAT2B	0.61166	48.77	0.771	rgb(225, 70, 71)	1.9554	None
RORC	GNAO1	0.61166	48.77	0.767	rgb(225, 70, 72)	1.9554	None
ONECUT1	STK31	0.61084	48.76	0.756	rgb(225, 73, 74)	1.9552	None
ETV1	NOL4	0.61001	48.75	0.749	rgb(225, 74, 75)	1.955	None
ETV1	SIM1	0.61001	48.75	0.745	rgb(225, 75, 76)	1.955	None
NEUROD1	RAB39B	0.61001	48.75	0.753	rgb(225, 73, 75)	1.955	2,2
NR4A3	HMGN3	0.61001	48.75	0.749	rgb(225, 74, 76)	1.955	None
PBX1	TMEM151A	-0.61001	48.75	-7.5E-01	rgb( 54,118,245)	1.955	None
RORC	SMARCD2	0.61001	48.75	0.747	rgb(225, 74, 76)	1.955	None
ZNF492	SCIMP	0.61001	48.75	0.75	rgb(225, 74, 75)	1.955	2,2
EGR3	HOMEZ	0.60919	48.74	0.744	rgb(225, 75, 76)	1.9548	None
GATA2	STK31	-0.60919	48.74	-7.4E-01	rgb( 55,119,245)	1.9548	None
MAFA	DLGAP3	-0.60919	48.74	-7.4E-01	rgb( 57,119,245)	1.9548	None
FOXA2	CFH	-0.60836	48.73	-7.3E-01	rgb( 58,120,245)	1.9546	2,2
HSF2	TSHZ1	0.60836	48.73	0.735	rgb(225, 77, 78)	1.9546	None
ONECUT2	SH3GL1P1	0.60836	48.73	0.734	rgb(225, 77, 78)	1.9546	2,2
PDX1	RGS5	-0.60836	48.73	-7.3E-01	rgb( 58,120,245)	1.9546	None
TGIF2	CACNA1C	-0.60836	48.73	-7.3E-01	rgb( 60,121,245)	1.9546	None
TP73	IRF2BP1	0.60836	48.73	0.732	rgb(225, 77, 79)	1.9546	None
LMX1A	SCN2A	0.60754	48.72	0.719	rgb(225, 80, 81)	1.9544	None
TFCP2L1	MTUS2	0.60754	48.72	0.717	rgb(225, 80, 82)	1.9544	None
ARNT2	CELSR3	0.60671	48.71	0.71	rgb(225, 81, 83)	1.9542	None
ETV1	DPYSL4	-0.60671	48.71	-7.1E-01	rgb( 62,123,244)	1.9542	None
FEV	C1QL1	0.60671	48.71	0.711	rgb(225, 81, 83)	1.9542	None
HOMEZ	FLJ35024	-0.60671	48.71	-7.1E-01	rgb( 63,123,244)	1.9542	2,2
LMX1A	SIDT1	-0.60671	48.71	-7.1E-01	rgb( 63,123,244)	1.9542	None
LTF	MARCH4	-0.60671	48.71	-7.1E-01	rgb( 62,123,244)	1.9542	2,2
ZNF846	SSTR5	-0.60671	48.71	-7.1E-01	rgb( 64,124,244)	1.9542	None
ASCL1	PPM1E	0.60589	48.7	0.697	rgb(225, 84, 85)	1.954	None
FOXA1	SH3RF3	-0.60589	48.7	-7.0E-01	rgb( 65,125,244)	1.954	None
HIF1A	EVL	-0.60589	48.7	-7.0E-01	rgb( 65,125,244)	1.954	None
HSF2	KANK2	0.60589	48.7	0.703	rgb(225, 83, 84)	1.954	None
NR4A2	MSI1	-0.60589	48.7	-7.0E-01	rgb( 64,124,244)	1.954	None
NR4A3	SLC35F3	0.60589	48.7	0.704	rgb(225, 83, 84)	1.954	None
ATOH8	KIT	0.60589	48.7	0.696	rgb(225, 84, 85)	1.954	2,2
FOXA1	DLL1	-0.60506	48.69	-6.9E-01	rgb( 67,126,243)	1.9538	None
HSF2	EYA4	0.60506	48.69	0.686	rgb(225, 86, 87)	1.9538	None
ONECUT2	ZFHX2	0.60506	48.69	0.693	rgb(225, 85, 86)	1.9538	None
PDX1	NEGR1	0.60506	48.69	0.686	rgb(225, 86, 87)	1.9538	None
SMAD9	SIDT1	0.60506	48.69	0.688	rgb(225, 86, 87)	1.9538	None
SMAD9	ZFP82	0.60506	48.69	0.695	rgb(225, 84, 86)	1.9538	None
ZFHX2	RBFOX2	0.60506	48.69	0.692	rgb(225, 85, 86)	1.9538	None
ASCL1	MYT1	0.60424	48.68	0.684	rgb(225, 86, 88)	1.9536	None
LMX1A	DDC	0.60424	48.68	0.684	rgb(225, 86, 88)	1.9536	None
MAFB	DUSP2	0.60424	48.68	0.68	rgb(224, 87, 88)	1.9536	None
NKX2-2	PTPN22	-0.60424	48.68	-6.8E-01	rgb( 69,127,243)	1.9536	None
TGIF2	INSRR	0.60424	48.68	0.678	rgb(224, 88, 89)	1.9536	None
FOXP2	STXBP5L	-0.60342	48.67	-6.7E-01	rgb( 71,128,242)	1.9534	None
ONECUT2	USP32P2	0.60342	48.67	0.667	rgb(224, 90, 91)	1.9534	None
TEAD2	SMARCA1	-0.60342	48.67	-6.7E-01	rgb( 71,128,243)	1.9534	None
TFCP2L1	BAMBI	-0.60342	48.67	-6.7E-01	rgb( 72,129,242)	1.9534	None
TP73	SSBP2	-0.60342	48.67	-6.7E-01	rgb( 71,128,243)	1.9534	None
ZFHX2	AGAP11	0.60342	48.67	0.674	rgb(224, 88, 90)	1.9534	None
HSF2	SAMD5	0.60259	48.66	0.66	rgb(224, 91, 92)	1.9532	None
NEUROD1	SSTR3	0.60259	48.66	0.66	rgb(224, 91, 92)	1.9532	None
ARX	MIR137HG	0.60177	48.65	0.653	rgb(224, 92, 94)	1.953	None
MAFF	MFAP2	0.60177	48.65	0.647	rgb(224, 94, 95)	1.953	2,2
ONECUT3	GCH1	-0.60177	48.65	-6.5E-01	rgb( 76,131,242)	1.953	None
TGIF2	CCDC40	0.60177	48.65	0.652	rgb(224, 92, 94)	1.953	None
GATA6	TMEFF2	-0.60094	48.64	-6.4E-01	rgb( 78,132,241)	1.9528	None
GATA6	TSPAN11	-0.60094	48.64	-6.4E-01	rgb( 78,133,241)	1.9528	None
HIF1A	SMARCC1	0.60094	48.64	0.635	rgb(224, 96, 97)	1.9528	None
LMX1A	MEP1B	0.60094	48.64	0.636	rgb(224, 95, 97)	1.9528	None
NEUROD1	ETV1	0.60094	48.64	0.644	rgb(224, 94, 95)	1.9528	None
NR4A2	CAMK2N2	-0.60094	48.64	-6.4E-01	rgb( 79,133,241)	1.9528	None
NR4A3	SLC7A2	0.60094	48.64	0.645	rgb(224, 94, 95)	1.9528	None
PRDM16	EIF4EBP3	-0.60094	48.64	-6.4E-01	rgb( 79,133,241)	1.9528	None
RORC	CBX2	0.60094	48.64	0.636	rgb(224, 95, 97)	1.9528	None
ETV1	MYEF2	0.60012	48.63	0.634	rgb(224, 96, 97)	1.9526	None
GLIS2	DKFZP434K028	-0.60012	48.63	-6.3E-01	rgb( 81,134,241)	1.9526	2,2
LTF	GPR119	-0.60012	48.63	-6.3E-01	rgb( 80,134,241)	1.9526	2,2
MAFA	NREP	0.60012	48.63	0.628	rgb(224, 97, 98)	1.9526	None
MXI1	DQ583756	-0.60012	48.63	-6.3E-01	rgb( 80,134,241)	1.9526	2,2
SMAD9	PMP22	0.60012	48.63	0.625	rgb(224, 98, 99)	1.9526	None
SOX4	MUC5AC	-0.60012	48.63	-6.3E-01	rgb( 81,134,241)	1.9526	2,2
SOX4	TMEM200A	0.60012	48.63	0.627	rgb(224, 97, 98)	1.9526	None
TEAD1	CYP4F24P	-0.60012	48.63	-6.3E-01	rgb( 80,134,241)	1.9526	None
ARX	TAGLN3	0.59929	48.62	0.618	rgb(224, 99,100)	1.9524	None
ASCL2	PAK7	0.59929	48.62	0.621	rgb(224, 98,100)	1.9524	2,2
ATF6	SDCBP2-AS1	-0.59929	48.62	-6.2E-01	rgb( 82,135,241)	1.9524	None
FEV	AK095045	0.59929	48.62	0.616	rgb(224, 99,101)	1.9524	2,2
FEV	REEP2	0.59929	48.62	0.617	rgb(224, 99,100)	1.9524	None
GATA4	CACNA1E	0.59929	48.62	0.621	rgb(224, 98,100)	1.9524	None
MAFA	MARCH4	-0.59929	48.62	-6.2E-01	rgb( 83,135,241)	1.9524	2,2
MAFA	SLC38A5	0.59929	48.62	0.622	rgb(224, 98,100)	1.9524	None
FEV	PRKCG	0.59847	48.61	0.614	rgb(224,100,101)	1.9522	None
HSF2	TCTEX1D4	-0.59847	48.61	-6.1E-01	rgb( 85,137,240)	1.9522	None
LHX1	CTTNBP2	-0.59847	48.61	-6.1E-01	rgb( 84,136,240)	1.9522	None
MAFB	ENPP1	0.59847	48.61	0.612	rgb(224,100,101)	1.9522	None
ONECUT3	USP32P2	-0.59847	48.61	-6.1E-01	rgb( 84,136,240)	1.9522	None
RORC	PDZRN3	0.59847	48.61	0.605	rgb(224,101,103)	1.9522	None
EGR3	LYPD8	-0.59764	48.6	-6.0E-01	rgb( 87,138,240)	1.952	2,2
LHX1	ADAM12	-0.59764	48.6	-6.0E-01	rgb( 86,137,240)	1.952	None
NHLH1	SDK2	0.59764	48.6	0.596	rgb(224,103,104)	1.952	None
NR4A3	PNMAL1	0.59764	48.6	0.603	rgb(224,102,103)	1.952	2,2
RORC	RFX3	0.59764	48.6	0.6	rgb(224,102,104)	1.952	None
TEAD2	FOXA1	0.59764	48.6	0.605	rgb(224,102,103)	1.952	None
TGIF2	CIT	0.59764	48.6	0.602	rgb(224,102,103)	1.952	None
ZNF846	PGF	-0.59764	48.6	-6.0E-01	rgb( 88,138,240)	1.952	None
FOXA1	CBX7	-0.59682	48.59	-5.9E-01	rgb( 89,139,239)	1.9518	None
GATA4	TFPI2	-0.59682	48.59	-5.9E-01	rgb( 90,139,239)	1.9518	None
GATA6	CBX4	0.59682	48.59	0.588	rgb(223,105,106)	1.9518	None
LHX1	CREBRF	-0.59682	48.59	-5.9E-01	rgb( 89,139,239)	1.9518	None
MAFA	GPR119	-0.59682	48.59	-5.9E-01	rgb( 90,140,239)	1.9518	2,2
NEUROG3	LRRN2	0.59682	48.59	0.588	rgb(223,105,106)	1.9518	None
NR4A2	WNT9A	-0.59682	48.59	-5.9E-01	rgb( 89,139,239)	1.9518	None
PRDM16	UNC13A	0.59682	48.59	0.585	rgb(223,105,106)	1.9518	None
EGR3	ANKRD13B	0.59599	48.58	0.575	rgb(223,107,108)	1.9516	None
ELF4	FAM155B	-0.59599	48.58	-5.8E-01	rgb( 92,141,239)	1.9516	None
ELF4	NEUROG3	-0.59599	48.58	-5.8E-01	rgb( 92,141,239)	1.9516	2,2
MAFB	FSTL5	0.59599	48.58	0.575	rgb(223,107,108)	1.9516	None
NEUROD1	KIF19	0.59599	48.58	0.575	rgb(223,107,108)	1.9516	None
ONECUT1	KCNMB2	0.59599	48.58	0.581	rgb(223,106,107)	1.9516	None
ONECUT3	SHC3	0.59599	48.58	0.576	rgb(223,107,108)	1.9516	None
TGIF2	ADNP	0.59599	48.58	0.579	rgb(223,106,108)	1.9516	None
TP73	CADM3	-0.59599	48.58	-5.8E-01	rgb( 91,141,239)	1.9516	None
ZFP82	SMOC2	0.59599	48.58	0.584	rgb(223,105,107)	1.9516	None
ZNF519	CRYBA2	-0.59599	48.58	-5.8E-01	rgb( 91,140,239)	1.9516	None
SIM1	CRISPLD1	0.59599	48.58	0.581	rgb(223,106,107)	1.9516	2,2
FOXA1	AGAP11	-0.59517	48.57	-5.7E-01	rgb( 93,142,239)	1.9514	None
GATA6	MPP1	0.59517	48.57	0.567	rgb(223,109,110)	1.9514	None
PDX1	CSF1R	-0.59517	48.57	-5.7E-01	rgb( 94,142,238)	1.9514	None
RFX3	TUBA1A	-0.59517	48.57	-5.7E-01	rgb( 94,142,239)	1.9514	None
SMAD9	KCTD12	0.59517	48.57	0.575	rgb(223,107,108)	1.9514	None
SIM1	AF070581	0.59517	48.57	0.574	rgb(223,107,108)	1.9514	2,2
FOXA1	CACNA1E	-0.59435	48.56	-5.6E-01	rgb( 95,143,238)	1.9512	None
FOXA2	FGF2	-0.59435	48.56	-5.6E-01	rgb( 95,143,238)	1.9512	None
FOXA2	RGS14	0.59435	48.56	0.558	rgb(223,110,112)	1.9512	None
NKX6-1	POM121L9P	-0.59435	48.56	-5.6E-01	rgb( 96,143,238)	1.9512	None
PBX1	SESN2	0.59435	48.56	0.563	rgb(223,109,111)	1.9512	None
RORC	TSHZ1	0.59435	48.56	0.556	rgb(223,111,112)	1.9512	None
ST18	TMEM61	0.59435	48.56	0.563	rgb(223,109,111)	1.9512	None
TP73	SIDT1	0.59435	48.56	0.562	rgb(223,110,111)	1.9512	None
ZNF853	RASL10B	0.59435	48.56	0.562	rgb(223,110,111)	1.9512	2,2
FOXA1	GOLGA7B	-0.59352	48.55	-5.5E-01	rgb( 98,144,238)	1.951	None
GATA6	CRIP2	0.59352	48.55	0.555	rgb(223,111,112)	1.951	None
GATA6	STK33	-0.59352	48.55	-5.5E-01	rgb( 98,144,238)	1.951	None
PRDM16	UNC79	0.59352	48.55	0.547	rgb(223,112,114)	1.951	None
TEAD2	CELF5	0.59352	48.55	0.549	rgb(223,112,113)	1.951	None
ZFHX2	CBX2	0.59352	48.55	0.553	rgb(223,111,112)	1.951	None
ATF6	RBFOX2	0.5927	48.54	0.541	rgb(223,114,115)	1.9508	None
ETS1	DNER	-0.5927	48.54	-5.4E-01	rgb(100,146,237)	1.9508	None
MAFA	CNTD2	0.5927	48.54	0.545	rgb(223,113,114)	1.9508	None
PDX1	MTSS1	0.5927	48.54	0.543	rgb(223,113,114)	1.9508	None
TEAD2	BC107568	0.5927	48.54	0.536	rgb(223,115,116)	1.9508	2,2
GRHL3	RPS16P5	0.5927	48.54	0.541	rgb(223,114,115)	1.9508	2,2
ASCL1	DNER	0.59187	48.53	0.533	rgb(223,115,116)	1.9506	None
ETS1	CDKN1A	0.59187	48.53	0.529	rgb(223,116,117)	1.9506	None
FOXA1	RPLP0P2	-0.59187	48.53	-5.3E-01	rgb(102,147,237)	1.9506	None
GATA2	CAMK2N2	0.59187	48.53	0.531	rgb(223,116,117)	1.9506	None
MAFA	SLC16A12	0.59187	48.53	0.532	rgb(223,115,116)	1.9506	None
NR4A2	REM2	-0.59187	48.53	-5.3E-01	rgb(101,146,237)	1.9506	None
PAX6	MYO3A	0.59187	48.53	0.531	rgb(223,116,117)	1.9506	None
PBX1	TMEM70	-0.59187	48.53	-5.3E-01	rgb(101,147,237)	1.9506	None
RORC	LRRC10B	0.59187	48.53	0.529	rgb(223,116,117)	1.9506	None
SMAD9	LRRC10B	0.59187	48.53	0.526	rgb(223,117,118)	1.9506	None
ZNF492	SCN2A	0.59187	48.53	0.525	rgb(223,117,118)	1.9506	None
ETS1	ATF5	-0.59105	48.52	-5.2E-01	rgb(104,148,237)	1.9504	None
ETS1	CYP27A1	0.59105	48.52	0.522	rgb(223,117,118)	1.9504	None
FOXA1	BAMBI	0.59105	48.52	0.519	rgb(223,118,119)	1.9504	None
FOXA2	ITPR1	0.59105	48.52	0.522	rgb(223,117,118)	1.9504	None
GATA6	ABCA9	-0.59105	48.52	-5.2E-01	rgb(105,149,237)	1.9504	None
MAFA	LINC00310	0.59105	48.52	0.518	rgb(223,118,119)	1.9504	None
NR4A3	C2CD4B	0.59105	48.52	0.519	rgb(223,118,119)	1.9504	None
PDX1	APBB1	0.59105	48.52	0.52	rgb(223,118,119)	1.9504	None
RORC	SGCD	0.59105	48.52	0.518	rgb(223,118,119)	1.9504	None
SOX4	ADCY1	0.59105	48.52	0.521	rgb(223,118,119)	1.9504	None
SOX4	APLN	0.59105	48.52	0.521	rgb(223,118,119)	1.9504	None
ZFHX2	CELF3	0.59105	48.52	0.522	rgb(223,117,118)	1.9504	None
ETS1	ZCCHC18	-0.59022	48.51	-5.1E-01	rgb(106,150,236)	1.9502	None
ETV1	G0S2	0.59022	48.51	0.515	rgb(223,119,120)	1.9502	None
FOXP2	SLC14A2	0.59022	48.51	0.51	rgb(223,120,121)	1.9502	None
HIF1A	CPA1	-0.59022	48.51	-5.1E-01	rgb(106,150,236)	1.9502	None
HOXB9	CCL19	0.59022	48.51	0.509	rgb(223,120,121)	1.9502	None
LHX1	BRSK2	0.59022	48.51	0.51	rgb(223,120,121)	1.9502	None
MAFA	SPAG8	0.59022	48.51	0.513	rgb(223,119,120)	1.9502	None
ONECUT3	DENND2A	-0.59022	48.51	-5.1E-01	rgb(107,150,236)	1.9502	None
RORC	CABP7	0.59022	48.51	0.51	rgb(223,120,121)	1.9502	None
RORC	CHST8	0.59022	48.51	0.508	rgb(223,120,121)	1.9502	None
TFCP2L1	CDKN1A	-0.59022	48.51	-5.1E-01	rgb(105,149,237)	1.9502	None
TFCP2L1	NINJ1	-0.59022	48.51	-5.1E-01	rgb(107,150,236)	1.9502	None
HMGN3	SERF2-C15ORF63	0.59022	48.51	0.505	rgb(223,121,122)	1.9502	2,2
ZFP62	PLCE1-AS1	0.59022	48.51	0.511	rgb(223,119,121)	1.9502	2,2
ELF4	OLFML2B	-0.5894	48.5	-5.0E-01	rgb(109,152,236)	1.95	None
ETS1	PHLDA2	-0.5894	48.5	-5.0E-01	rgb(109,151,236)	1.95	None
ETS1	TLE3	0.5894	48.5	0.502	rgb(223,121,122)	1.95	None
FOXP2	PTCH1	0.5894	48.5	0.498	rgb(222,122,123)	1.95	None
SMAD9	NCS1	0.5894	48.5	0.505	rgb(223,121,122)	1.95	None
SOX4	BRSK1	0.5894	48.5	0.503	rgb(223,121,122)	1.95	None
SOX4	DZIP1	-0.5894	48.5	-5.0E-01	rgb(107,150,236)	1.95	None
TFCP2L1	MBOAT4	0.5894	48.5	0.497	rgb(222,122,123)	1.95	None
TFCP2L1	SOCS1	-0.5894	48.5	-5.0E-01	rgb(109,151,236)	1.95	None
TFCP2L1	TDRD6	0.5894	48.5	0.505	rgb(223,121,122)	1.95	2,2
ZNF519	NR4A3	0.5894	48.5	0.499	rgb(222,122,123)	1.95	None
SIM1	XAF1	0.5894	48.5	0.498	rgb(222,122,123)	1.95	2,2
ASCL1	CRISPLD1	0.58857	48.49	0.487	rgb(222,124,125)	1.9498	2,2
EGR3	NEGR1	0.58857	48.49	0.492	rgb(222,123,124)	1.9498	None
ETS1	PBOV1	-0.58857	48.49	-4.9E-01	rgb(110,152,236)	1.9498	None
GATA4	MTUS2	-0.58857	48.49	-4.9E-01	rgb(111,152,236)	1.9498	None
HOXB9	FAM161A	0.58857	48.49	0.486	rgb(222,124,125)	1.9498	None
HSF2	DCHS1	0.58857	48.49	0.492	rgb(222,123,124)	1.9498	None
HSF2	PRDM16	-0.58857	48.49	-4.9E-01	rgb(110,152,236)	1.9498	None
NEUROG3	POU6F1	-0.58857	48.49	-4.9E-01	rgb(110,152,236)	1.9498	None
NR4A3	LEFTY1	0.58857	48.49	0.492	rgb(222,123,124)	1.9498	None
ONECUT3	MRC1	0.58857	48.49	0.486	rgb(222,124,125)	1.9498	2,2
PBX1	HES4	-0.58857	48.49	-4.9E-01	rgb(112,153,235)	1.9498	None
PDX1	H1FX-AS1	0.58857	48.49	0.495	rgb(222,123,123)	1.9498	None
PDX1	USP13	-0.58857	48.49	-4.9E-01	rgb(110,152,236)	1.9498	None
RFX3	MMD2	0.58857	48.49	0.494	rgb(222,123,124)	1.9498	None
RORC	TP73	0.58857	48.49	0.489	rgb(222,124,125)	1.9498	None
SOX4	LMO3	-0.58857	48.49	-4.9E-01	rgb(111,152,236)	1.9498	None
SOX4	MBOAT4	0.58857	48.49	0.493	rgb(222,123,124)	1.9498	None
TEAD2	SOCS1	0.58857	48.49	0.494	rgb(222,123,124)	1.9498	None
ZNF519	IFIT1	0.58857	48.49	0.486	rgb(222,124,125)	1.9498	None
ZBTB4	AX747535	0.58857	48.49	0.491	rgb(222,123,124)	1.9498	2,2
EGR3	LMX1A	-0.58775	48.48	-4.8E-01	rgb(113,154,235)	1.9496	None
FOXA1	EVA1A	-0.58775	48.48	-4.8E-01	rgb(114,154,235)	1.9496	None
GATA4	SRCIN1	-0.58775	48.48	-4.8E-01	rgb(113,154,235)	1.9496	None
LMX1A	KCNJ2	0.58775	48.48	0.48	rgb(222,125,126)	1.9496	None
NEUROG3	KCNK3	0.58775	48.48	0.476	rgb(222,126,127)	1.9496	None
ASCL2	PPP1R16B	0.58693	48.47	0.473	rgb(222,127,128)	1.9494	None
FOXP2	WNK2	0.58693	48.47	0.467	rgb(222,128,129)	1.9494	None
GATA4	IGSF21	0.58693	48.47	0.465	rgb(222,128,129)	1.9494	None
HOXB9	FLT1	-0.58693	48.47	-4.7E-01	rgb(115,155,235)	1.9494	None
HOXB9	RFX2	0.58693	48.47	0.467	rgb(222,128,129)	1.9494	None
LHX1	SAMD14	-0.58693	48.47	-4.7E-01	rgb(115,155,235)	1.9494	None
MAFA	DYNC1I1	0.58693	48.47	0.471	rgb(222,127,128)	1.9494	None
NR4A2	NKD1	-0.58693	48.47	-4.7E-01	rgb(115,155,235)	1.9494	None
NR4A3	ACE	-0.58693	48.47	-4.7E-01	rgb(115,155,235)	1.9494	None
NR4A3	DPYSL4	0.58693	48.47	0.467	rgb(222,128,129)	1.9494	None
ONECUT1	KIAA2022	0.58693	48.47	0.466	rgb(222,128,129)	1.9494	2,2
PDX1	DNER	0.58693	48.47	0.475	rgb(222,126,127)	1.9494	None
POU6F1	HERC5	0.58693	48.47	0.475	rgb(222,126,127)	1.9494	None
TGIF2	EFNB3	0.58693	48.47	0.467	rgb(222,128,129)	1.9494	None
TP73	CBFA2T3	0.58693	48.47	0.473	rgb(222,127,128)	1.9494	None
ZNF492	LOC100131257	0.58693	48.47	0.468	rgb(222,128,128)	1.9494	2,2
ZNF846	MALAT1	0.58693	48.47	0.467	rgb(222,128,129)	1.9494	None
EGR3	FFAR1	-0.5861	48.46	-4.6E-01	rgb(116,156,235)	1.9492	2,2
FEV	GRIK5	0.5861	48.46	0.463	rgb(222,129,129)	1.9492	None
FOXA1	LRRC49	0.5861	48.46	0.456	rgb(222,130,131)	1.9492	None
HSF2	GDF1	-0.5861	48.46	-4.6E-01	rgb(118,157,234)	1.9492	None
MAFB	VWCE	-0.5861	48.46	-4.6E-01	rgb(117,156,234)	1.9492	None
NEUROD2	RET	-0.5861	48.46	-4.6E-01	rgb(118,157,234)	1.9492	None
NR4A2	B3GAT1	-0.5861	48.46	-4.6E-01	rgb(118,157,234)	1.9492	None
TEAD1	GRASP	0.5861	48.46	0.457	rgb(222,130,131)	1.9492	None
TFCP2L1	TRIM24	0.5861	48.46	0.46	rgb(222,129,130)	1.9492	None
EGR3	GATA4	-0.58528	48.45	-4.5E-01	rgb(120,158,234)	1.949	None
HSF2	HGFAC	0.58528	48.45	0.453	rgb(222,130,131)	1.949	None
HSF2	LOC727896	-0.58528	48.45	-4.5E-01	rgb(119,157,234)	1.949	2,2
LHX1	MEX3B	0.58528	48.45	0.448	rgb(222,131,132)	1.949	None
LHX1	PLCXD3	-0.58528	48.45	-4.5E-01	rgb(119,157,234)	1.949	None
NEUROG3	GFRA1	0.58528	48.45	0.451	rgb(222,131,132)	1.949	None
NFAT5	AK094909	0.58528	48.45	0.446	rgb(222,132,133)	1.949	2,2
NR4A3	MUC15	0.58528	48.45	0.452	rgb(222,131,132)	1.949	None
PDX1	FOXA1	0.58528	48.45	0.454	rgb(222,130,131)	1.949	None
PDX1	REG4	-0.58528	48.45	-4.5E-01	rgb(120,158,234)	1.949	None
TFCP2L1	EID2	0.58528	48.45	0.445	rgb(222,132,133)	1.949	None
TGIF2	NFRKB	-0.58528	48.45	-4.5E-01	rgb(118,157,234)	1.949	None
GRHL3	PCDHB10	0.58528	48.45	0.447	rgb(222,132,133)	1.949	2,2
FOXA2	CIT	0.58445	48.44	0.443	rgb(222,132,133)	1.9488	None
HES4	SLC7A2	-0.58445	48.44	-4.4E-01	rgb(122,159,234)	1.9488	None
HSF2	ATP6V0E2	0.58445	48.44	0.445	rgb(222,132,133)	1.9488	None
HSF2	FSD1	-0.58445	48.44	-4.4E-01	rgb(123,160,234)	1.9488	None
MAFB	ADCY1	0.58445	48.44	0.44	rgb(222,133,134)	1.9488	None
NR4A2	FAM64A	-0.58445	48.44	-4.4E-01	rgb(120,158,234)	1.9488	2,2
NR4A2	RSAD2	0.58445	48.44	0.436	rgb(222,134,135)	1.9488	None
SOX4	INHBE	0.58445	48.44	0.437	rgb(222,133,134)	1.9488	None
SOX4	SERPINA10	-0.58445	48.44	-4.4E-01	rgb(122,159,234)	1.9488	None
TFCP2L1	DLGAP3	0.58445	48.44	0.444	rgb(222,132,133)	1.9488	None
TFCP2L1	LRRC10B	-0.58445	48.44	-4.4E-01	rgb(122,159,234)	1.9488	None
TFCP2L1	MMP2	-0.58445	48.44	-4.4E-01	rgb(121,159,234)	1.9488	None
TFCP2L1	NOTUM	-0.58445	48.44	-4.4E-01	rgb(122,159,234)	1.9488	None
ATF6	CXCR7	-0.58363	48.43	-4.3E-01	rgb(124,161,233)	1.9486	2,2
ATF6	SCT	-0.58363	48.43	-4.3E-01	rgb(125,161,233)	1.9486	None
ETV1	KCTD12	0.58363	48.43	0.427	rgb(222,135,136)	1.9486	None
FOXP2	RFX3	0.58363	48.43	0.433	rgb(222,134,135)	1.9486	None
GATA4	SDCBP2-AS1	-0.58363	48.43	-4.3E-01	rgb(123,160,233)	1.9486	None
GATA6	GAP43	-0.58363	48.43	-4.3E-01	rgb(124,160,233)	1.9486	None
ONECUT1	BC020343	0.58363	48.43	0.43	rgb(222,135,136)	1.9486	2,2
ZNF846	NFAT5	0.58363	48.43	0.433	rgb(222,134,135)	1.9486	None
SIM1	AFF2	0.58363	48.43	0.428	rgb(222,135,136)	1.9486	2,2
ETV1	PAX6	0.5828	48.42	0.424	rgb(222,136,137)	1.9484	None
HOXB9	TMEM212	-0.5828	48.42	-4.2E-01	rgb(126,162,233)	1.9484	None
HSF2	GPR173	0.5828	48.42	0.415	rgb(222,138,139)	1.9484	None
PDX1	BGN	0.5828	48.42	0.424	rgb(222,136,137)	1.9484	None
PRDM16	CAMK2N2	-0.5828	48.42	-4.2E-01	rgb(126,162,233)	1.9484	None
ATOH8	FLJ00385	0.5828	48.42	0.416	rgb(222,138,138)	1.9484	2,2
MAFB	PDE8B	0.58198	48.41	0.405	rgb(221,140,140)	1.9482	None
MAFB	TMEM198	0.58198	48.41	0.415	rgb(222,138,139)	1.9482	None
NR4A3	CHRNB2	0.58198	48.41	0.408	rgb(221,139,140)	1.9482	None
POU2F2	SV2A	-0.58198	48.41	-4.1E-01	rgb(128,163,233)	1.9482	None
RFX3	HIF1A	0.58198	48.41	0.409	rgb(221,139,140)	1.9482	None
RORC	AVPR1B	0.58198	48.41	0.412	rgb(222,138,139)	1.9482	None
RORC	GPR162	0.58198	48.41	0.413	rgb(222,138,139)	1.9482	None
RORC	HOMEZ	0.58198	48.41	0.412	rgb(222,138,139)	1.9482	None
TFCP2L1	MSI1	0.58198	48.41	0.414	rgb(222,138,139)	1.9482	None
ZFP28	MPP2	-0.58198	48.41	-4.1E-01	rgb(128,163,233)	1.9482	None
ZNF846	HLA-DPA1	-0.58198	48.41	-4.1E-01	rgb(129,163,232)	1.9482	None
ASCL2	TEKT2	0.58115	48.4	0.404	rgb(221,140,141)	1.948	None
FOXA1	PODXL2	0.58115	48.4	0.397	rgb(221,141,142)	1.948	None
MAFA	PGM5	-0.58115	48.4	-4.0E-01	rgb(130,164,232)	1.948	None
PDX1	DLL4	0.58115	48.4	0.396	rgb(221,141,142)	1.948	None
PRDM16	FAM227A	0.58115	48.4	0.401	rgb(221,140,141)	1.948	None
SPIB	GADD45A	0.58115	48.4	0.404	rgb(221,140,141)	1.948	None
ARX	ADAMTSL1	0.58033	48.39	0.39	rgb(221,142,143)	1.9478	None
ETV1	PLXNC1	0.58033	48.39	0.386	rgb(221,143,144)	1.9478	None
FEV	CHRNB2	0.58033	48.39	0.39	rgb(221,142,143)	1.9478	None
GLIS2	AK095045	0.58033	48.39	0.393	rgb(221,142,143)	1.9478	2,2
NR4A3	RTN4RL1	0.58033	48.39	0.39	rgb(221,143,143)	1.9478	None
ONECUT1	POU2F2	0.58033	48.39	0.392	rgb(221,142,143)	1.9478	None
PRDM16	BC022892	0.58033	48.39	0.394	rgb(221,142,143)	1.9478	2,2
SMAD9	SCT	0.58033	48.39	0.39	rgb(221,143,143)	1.9478	None
SOX4	LTBP2	0.58033	48.39	0.387	rgb(221,143,144)	1.9478	None
TFCP2L1	MYBPC3	0.58033	48.39	0.389	rgb(221,143,143)	1.9478	None
EGR3	NNMT	0.57951	48.38	0.385	rgb(221,143,144)	1.9476	None
ELF4	CALCOCO1	0.57951	48.38	0.377	rgb(221,145,146)	1.9476	None
TGIF2	CCDC181	0.57951	48.38	0.38	rgb(221,144,145)	1.9476	None
TGIF2	CYGB	0.57951	48.38	0.379	rgb(221,145,145)	1.9476	None
ZFHX2	ATP6V0E2	-0.57951	48.38	-3.8E-01	rgb(134,166,232)	1.9476	None
ETS1	QSOX2	-0.57868	48.37	-3.7E-01	rgb(136,168,231)	1.9474	None
FOXA1	FOXP2	0.57868	48.37	0.371	rgb(221,146,147)	1.9474	None
FOXP2	SFTPA2	0.57868	48.37	0.372	rgb(221,146,147)	1.9474	None
HES4	L1TD1	-0.57868	48.37	-3.7E-01	rgb(137,168,231)	1.9474	None
HSF2	NALCN	0.57868	48.37	0.369	rgb(221,146,147)	1.9474	None
LMX1B	ICA1L	0.57868	48.37	0.365	rgb(221,147,148)	1.9474	None
MAFA	CDKN1C	0.57868	48.37	0.366	rgb(221,147,148)	1.9474	None
PAX6	DACH1	0.57868	48.37	0.374	rgb(221,146,146)	1.9474	None
PDX1	AVPR1B	-0.57868	48.37	-3.7E-01	rgb(137,168,231)	1.9474	None
RFX3	HECW2	0.57868	48.37	0.373	rgb(221,146,146)	1.9474	None
RORC	BGN	-0.57868	48.37	-3.7E-01	rgb(136,168,231)	1.9474	None
ZFP28	PGM5	0.57868	48.37	0.366	rgb(221,147,148)	1.9474	None
ZNF492	LOC100216546	0.57868	48.37	0.373	rgb(221,146,147)	1.9474	2,2
LHX1	CHRNA5	-0.57786	48.36	-3.6E-01	rgb(138,169,231)	1.9472	None
LHX1	ZFP28	-0.57786	48.36	-3.6E-01	rgb(139,169,231)	1.9472	None
LMX1A	MYO3A	0.57786	48.36	0.358	rgb(221,149,149)	1.9472	None
MAFA	ASRGL1	0.57786	48.36	0.356	rgb(221,149,150)	1.9472	None
TGIF2	WSCD1	0.57786	48.36	0.355	rgb(221,149,150)	1.9472	None
ZFP28	CXXC4	0.57786	48.36	0.363	rgb(221,148,148)	1.9472	None
FOXP2	RUNX1T1	0.57703	48.35	0.348	rgb(221,150,151)	1.947	None
ST18	RGAG4	0.57703	48.35	0.35	rgb(221,150,151)	1.947	2,2
ZNF519	CDK5R2	-0.57703	48.35	-3.5E-01	rgb(141,171,230)	1.947	None
ASCL2	PSD	0.57621	48.34	0.34	rgb(221,152,153)	1.9468	None
EGR3	SDK1	0.57621	48.34	0.336	rgb(221,153,154)	1.9468	None
ELF4	NTNG2	-0.57621	48.34	-3.4E-01	rgb(143,172,230)	1.9468	None
HES6	BC107568	0.57621	48.34	0.339	rgb(221,152,153)	1.9468	2,2
HSF2	FAM161A	0.57621	48.34	0.342	rgb(221,152,152)	1.9468	None
LTF	SDPR	0.57621	48.34	0.339	rgb(221,152,153)	1.9468	2,2
NR4A3	SYP	0.57621	48.34	0.338	rgb(221,152,153)	1.9468	None
PAX4	CELA3B	0.57621	48.34	0.336	rgb(221,153,153)	1.9468	None
PRDM16	DNAPTP1	0.57621	48.34	0.345	rgb(221,151,152)	1.9468	2,2
RFX3	SLC6A17	0.57621	48.34	0.344	rgb(221,151,152)	1.9468	None
TFCP2L1	INS-IGF2	-0.57621	48.34	-3.4E-01	rgb(143,172,230)	1.9468	None
NKX6-1	RPRML	0.57538	48.33	0.325	rgb(221,155,156)	1.9466	None
RFX2	MX2	0.57538	48.33	0.334	rgb(221,153,154)	1.9466	None
SOX4	CHRNB2	0.57538	48.33	0.333	rgb(221,153,154)	1.9466	None
SPIB	XKR7	0.57538	48.33	0.333	rgb(221,153,154)	1.9466	None
TFCP2L1	CBX4	-0.57538	48.33	-3.3E-01	rgb(145,173,230)	1.9466	None
ASCL2	WNT9A	0.57456	48.32	0.317	rgb(220,157,157)	1.9464	None
ETS1	GRB14	-0.57456	48.32	-3.2E-01	rgb(147,175,229)	1.9464	None
LHX1	BCAT1	-0.57456	48.32	-3.2E-01	rgb(147,174,229)	1.9464	None
MAFA	TEKT2	0.57456	48.32	0.32	rgb(221,156,157)	1.9464	None
NEUROG3	PHLDA2	0.57456	48.32	0.32	rgb(221,156,156)	1.9464	None
NR4A3	SLC12A5	0.57456	48.32	0.324	rgb(221,155,156)	1.9464	None
PAX6	MURC	0.57456	48.32	0.319	rgb(221,156,157)	1.9464	2,2
SMAD9	RGS9	0.57456	48.32	0.321	rgb(221,156,156)	1.9464	None
EGR3	CYGB	0.57373	48.31	0.314	rgb(220,157,158)	1.9462	None
EGR3	FOXD4L2	-0.57373	48.31	-3.1E-01	rgb(150,176,229)	1.9462	2,2
ETV1	ADAMTSL2	0.57373	48.31	0.314	rgb(220,157,158)	1.9462	None
ETV1	THBS4	0.57373	48.31	0.305	rgb(220,159,159)	1.9462	None
GATA4	CCDC162P	0.57373	48.31	0.307	rgb(220,158,159)	1.9462	None
GLIS2	SLC12A5	0.57373	48.31	0.307	rgb(220,158,159)	1.9462	None
NEUROD2	HOXB9	-0.57373	48.31	-3.1E-01	rgb(149,176,229)	1.9462	None
TEAD2	MAD2L2	0.57373	48.31	0.307	rgb(220,158,159)	1.9462	None
TFCP2L1	ISLR2	-0.57373	48.31	-3.1E-01	rgb(150,176,229)	1.9462	None
ZNF846	AX746869	0.57373	48.31	0.314	rgb(220,157,158)	1.9462	2,2
ZNF846	LRFN1	-0.57373	48.31	-3.1E-01	rgb(149,176,229)	1.9462	None
ZNF846	MEX3B	-0.57373	48.31	-3.1E-01	rgb(150,176,229)	1.9462	None
GATA2	ADCY2	0.57291	48.3	0.303	rgb(220,159,160)	1.946	None
GATA2	ASIC5	0.57291	48.3	0.299	rgb(220,160,160)	1.946	2,2
HSF2	RGS5	0.57291	48.3	0.299	rgb(220,160,160)	1.946	None
LHX1	PKIA	0.57291	48.3	0.301	rgb(220,160,160)	1.946	None
NEUROD2	CHRNA1	0.57291	48.3	0.298	rgb(220,160,161)	1.946	None
RFX3	KNDC1	0.57291	48.3	0.303	rgb(220,159,160)	1.946	None
SOX4	ARHGAP9	0.57291	48.3	0.296	rgb(220,160,161)	1.946	None
ETS1	RSAD2	0.57208	48.29	0.289	rgb(220,162,162)	1.9458	None
GATA2	GPR64	0.57208	48.29	0.289	rgb(220,162,162)	1.9458	2,2
RORC	LSP1	0.57208	48.29	0.289	rgb(220,162,162)	1.9458	None
ZNF846	BC022892	0.57208	48.29	0.285	rgb(220,163,163)	1.9458	2,2
EGR3	KIF1A	-0.57126	48.28	-2.8E-01	rgb(156,180,228)	1.9456	None
GATA2	CAMKV	0.57126	48.28	0.277	rgb(220,164,165)	1.9456	None
GATA6	TMEM178B	-0.57126	48.28	-2.8E-01	rgb(155,179,228)	1.9456	None
NEUROG3	POM121L9P	0.57126	48.28	0.283	rgb(220,163,163)	1.9456	None
SPIB	KLHL32	0.57126	48.28	0.283	rgb(220,163,163)	1.9456	None
SIM1	GUCY1A3	0.57126	48.28	0.282	rgb(220,163,164)	1.9456	2,2
ETV1	TEKT2	0.57044	48.27	0.266	rgb(220,166,167)	1.9454	None
LMX1B	RGS9	0.57044	48.27	0.267	rgb(220,166,167)	1.9454	None
PAX6	GRIK5	0.57044	48.27	0.266	rgb(220,166,167)	1.9454	None
ZNF846	CAMK2N2	-0.57044	48.27	-2.7E-01	rgb(159,181,227)	1.9454	None
GATA4	ADNP	-0.56961	48.26	-2.6E-01	rgb(160,182,227)	1.9452	None
HSF2	HOXB9	-0.56961	48.26	-2.6E-01	rgb(161,183,227)	1.9452	None
NHLH1	MUC5B	-0.56961	48.26	-2.6E-01	rgb(161,183,227)	1.9452	None
PDX1	KCNJ2	0.56961	48.26	0.263	rgb(220,167,167)	1.9452	None
PDX1	LDHAL6A	-0.56961	48.26	-2.6E-01	rgb(161,183,227)	1.9452	None
RORC	SYN1	-0.56961	48.26	-2.6E-01	rgb(161,183,227)	1.9452	None
SPIB	EPHA8	0.56961	48.26	0.261	rgb(220,167,168)	1.9452	None
TGIF2	KCNJ3	-0.56961	48.26	-2.6E-01	rgb(161,183,227)	1.9452	None
ZNF846	SERF2-C15ORF63	-0.56879	48.25	-2.5E-01	rgb(164,185,226)	1.945	2,2
ETV1	TSPAN11	0.56796	48.24	0.235	rgb(220,172,173)	1.9448	None
MAFB	GNAO1	0.56796	48.24	0.238	rgb(220,172,172)	1.9448	None
NR4A3	CERKL	0.56796	48.24	0.241	rgb(220,171,171)	1.9448	None
PAX6	SEZ6	0.56796	48.24	0.241	rgb(220,171,172)	1.9448	None
RORC	AMPH	-0.56796	48.24	-2.4E-01	rgb(166,186,226)	1.9448	None
ZNF519	AK126318	0.56796	48.24	0.239	rgb(220,171,172)	1.9448	2,2
HOXB9	TLE3	-0.56714	48.23	-2.3E-01	rgb(168,187,226)	1.9446	None
NKX2-2	TMEFF2	0.56714	48.23	0.227	rgb(220,174,174)	1.9446	None
ONECUT2	BC005905	0.56714	48.23	0.23	rgb(220,173,173)	1.9446	2,2
PRDM16	CLSTN2	0.56714	48.23	0.227	rgb(219,174,174)	1.9446	None
SOX4	SHF	0.56714	48.23	0.233	rgb(220,173,173)	1.9446	None
ZFP28	MCOLN3	0.56714	48.23	0.233	rgb(220,172,173)	1.9446	None
ZNF382	MURC	0.56714	48.23	0.227	rgb(219,174,174)	1.9446	2,2
ZNF846	VOPP1	-0.56714	48.23	-2.3E-01	rgb(167,186,226)	1.9446	None
ETV1	SSTR2	0.56631	48.22	0.219	rgb(219,175,176)	1.9444	None
HOXB9	KCNN3	0.56631	48.22	0.219	rgb(219,175,176)	1.9444	None
MAFA	TMEM158	0.56631	48.22	0.22	rgb(219,175,175)	1.9444	None
TEAD1	NFAT5	0.56631	48.22	0.219	rgb(219,175,176)	1.9444	None
TFCP2L1	SMTNL2	-0.56631	48.22	-2.2E-01	rgb(168,187,226)	1.9444	None
ZNF492	HMGN3	-0.56631	48.22	-2.2E-01	rgb(169,188,225)	1.9444	None
PDX1	CD300LF	0.56549	48.21	0.208	rgb(219,177,178)	1.9442	None
TFCP2L1	MAPK4	-0.56549	48.21	-2.1E-01	rgb(171,189,225)	1.9442	None
ZNF846	DNAPTP1	0.56549	48.21	0.212	rgb(219,176,177)	1.9442	2,2
ONECUT3	PTPRN2	0.56466	48.2	0.199	rgb(219,179,179)	1.944	None
ETV1	GFRA1	0.56384	48.19	0.194	rgb(219,180,180)	1.9438	None
LMX1A	CES1	0.56384	48.19	0.19	rgb(219,181,181)	1.9438	2,2
ELF4	MAD2L2	-0.56302	48.18	-1.8E-01	rgb(179,194,224)	1.9436	None
FOXA2	CADPS	0.56302	48.18	0.183	rgb(219,182,182)	1.9436	None
NR4A3	LINC00494	0.56302	48.18	0.177	rgb(219,183,184)	1.9436	None
RFX3	TTR	-0.56302	48.18	-1.8E-01	rgb(177,193,224)	1.9436	None
ATF5	KCNJ3	-0.56219	48.17	-1.7E-01	rgb(179,194,224)	1.9434	None
NEUROD1	AGT	0.56219	48.17	0.174	rgb(219,184,184)	1.9434	None
TEAD1	GPBAR1	-0.56219	48.17	-1.7E-01	rgb(181,195,223)	1.9434	None
LMX1A	RPS6KL1	0.56137	48.16	0.157	rgb(219,187,187)	1.9432	None
MAFA	SULT1C2P1	0.56137	48.16	0.158	rgb(219,187,187)	1.9432	None
NR4A3	EVL	0.56137	48.16	0.156	rgb(219,187,188)	1.9432	None
SOX4	ASRGL1	0.56137	48.16	0.156	rgb(219,187,188)	1.9432	None
SPIB	SLC8A1	0.56137	48.16	0.161	rgb(219,186,187)	1.9432	None
ZFHX2	ZG16	-0.56137	48.16	-1.6E-01	rgb(181,195,223)	1.9432	None
EGR3	RBP1	0.56054	48.15	0.147	rgb(219,189,189)	1.943	None
GATA6	CALY	-0.56054	48.15	-1.5E-01	rgb(184,197,223)	1.943	None
MAFB	BEND5	0.56054	48.15	0.146	rgb(219,189,189)	1.943	None
RORC	FAM167A	0.56054	48.15	0.151	rgb(219,188,188)	1.943	None
RORC	SSTR3	0.56054	48.15	0.146	rgb(219,189,189)	1.943	None
ZNF846	SPON2	-0.56054	48.15	-1.5E-01	rgb(184,197,223)	1.943	None
ETS1	STMN2	0.55972	48.13	0.128	rgb(218,193,193)	1.9426	None
ETV1	CHST8	0.55972	48.13	0.13	rgb(218,192,192)	1.9426	None
SOX4	MAFA	0.55972	48.13	0.131	rgb(218,192,192)	1.9426	None
LHX1	APLN	-0.55889	48.12	-1.2E-01	rgb(192,202,221)	1.9424	None
ELF4	RGS5	-0.55807	48.11	-1.1E-01	rgb(193,203,221)	1.9422	None
RFX6	IGFBPL1	0.55807	48.11	0.108	rgb(218,196,196)	1.9422	None
FOXP2	UNC5D	0.55724	48.08	0.079	rgb(218,202,202)	1.9416	None
PAX6	RET	0.55724	48.08	0.08	rgb(218,202,202)	1.9416	None
ZNF846	NINJ1	-0.55642	48.07	-7.2E-02	rgb(201,207,220)	1.9414	None
ETV1	DKK3	-0.55559	48.06	-6.3E-02	rgb(203,209,219)	1.9412	None
ETV1	KCNMA1	0.55477	48.05	0.05	rgb(218,208,208)	1.941	None
FOXA1	NEGR1	-0.55477	48.05	-4.7E-02	rgb(207,211,219)	1.941	None
RFX3	NPW	-0.55395	47.95	-9.5E-01	rgb( 10, 91,253)	1.939	None
NKX6-1	FAM135B	0.55323	47.93	0.931	rgb(227, 39, 41)	1.9386	None
TEAD1	ZBTB4	0.55252	47.9	0.899	rgb(227, 45, 47)	1.938	None
ARX	AK094786	0.5518	47.87	0.867	rgb(227, 51, 53)	1.9374	2,2
ETV1	NR4A3	0.55109	47.86	0.859	rgb(226, 53, 55)	1.9372	None
FEV	NDRG4	0.55109	47.86	0.865	rgb(227, 52, 54)	1.9372	None
FEV	IGSF21	0.55038	47.85	0.849	rgb(226, 55, 57)	1.937	None
LTF	LOC100507351	-0.55038	47.85	-8.5E-01	rgb( 32,105,249)	1.937	2,2
ASCL1	DBC1	0.54966	47.84	0.842	rgb(226, 56, 58)	1.9368	2,2
HIF1A	PMP22	-0.54966	47.84	-8.4E-01	rgb( 35,107,249)	1.9368	None
LMX1A	SHC3	0.54966	47.84	0.836	rgb(226, 57, 59)	1.9368	None
ELF4	MYBPC2	-0.54895	47.83	-8.3E-01	rgb( 37,108,248)	1.9366	None
ZFP82	ROBO1	0.54895	47.83	0.833	rgb(226, 58, 60)	1.9366	None
ZNF846	CBLN1	0.54895	47.83	0.828	rgb(226, 59, 61)	1.9366	None
FOXA2	CCDC146	-0.54823	47.82	-8.2E-01	rgb( 38,108,248)	1.9364	None
HIF1A	NREP	-0.54823	47.82	-8.2E-01	rgb( 38,108,248)	1.9364	None
TGIF2	EPHB3	0.54823	47.82	0.821	rgb(226, 60, 62)	1.9364	None
ZFHX2	GADD45A	-0.54823	47.82	-8.2E-01	rgb( 40,109,248)	1.9364	None
HHEX	ELOVL4	0.54752	47.81	0.809	rgb(226, 63, 64)	1.9362	2,2
ONECUT3	ITPR1	0.54752	47.81	0.811	rgb(226, 62, 64)	1.9362	None
SOX4	THBS4	-0.54681	47.79	-7.9E-01	rgb( 46,113,247)	1.9358	None
ZFP82	NAV3	0.54681	47.79	0.79	rgb(226, 66, 68)	1.9358	None
ASCL1	CEND1	0.54609	47.78	0.782	rgb(226, 68, 69)	1.9356	None
FOXA1	CELA3A	-0.54609	47.78	-7.8E-01	rgb( 48,114,247)	1.9356	None
POU2F2	RPS16P5	0.54609	47.78	0.781	rgb(226, 68, 69)	1.9356	2,2
HIC1	BTBD11	0.54538	47.76	0.755	rgb(225, 73, 74)	1.9352	None
PAX6	MPP2	0.54467	47.75	0.75	rgb(225, 74, 75)	1.935	None
RORC	PCED1B-AS1	-0.54467	47.75	-7.5E-01	rgb( 54,118,245)	1.935	None
ZNF846	TOX3	0.54395	47.74	0.738	rgb(225, 76, 78)	1.9348	None
ELF4	MAFF	0.54324	47.73	0.726	rgb(225, 78, 80)	1.9346	None
ZNF492	BTBD11	-0.54324	47.73	-7.3E-01	rgb( 58,120,245)	1.9346	None
ZNF846	NDUFB6	-0.54324	47.73	-7.3E-01	rgb( 58,120,245)	1.9346	2,2
MAFA	SMOC2	0.54252	47.72	0.717	rgb(225, 80, 81)	1.9344	None
ONECUT3	APBB1	0.54252	47.72	0.716	rgb(225, 80, 82)	1.9344	None
SOX4	MAFF	0.54252	47.72	0.715	rgb(225, 80, 82)	1.9344	None
ASCL1	KCNH7	0.54181	47.71	0.715	rgb(225, 80, 82)	1.9342	None
HOXB9	AX747090	-0.54181	47.71	-7.1E-01	rgb( 63,123,244)	1.9342	2,2
NR4A2	SH3RF3-AS1	-0.54181	47.71	-7.1E-01	rgb( 63,123,244)	1.9342	None
ONECUT2	METTL21EP	0.54181	47.71	0.706	rgb(225, 82, 84)	1.9342	None
ONECUT3	RBP2	-0.54181	47.71	-7.1E-01	rgb( 63,123,244)	1.9342	None
TGIF2	CPLX1	0.54181	47.71	0.706	rgb(225, 82, 84)	1.9342	None
FOXA1	CELA3B	-0.5411	47.7	-7.0E-01	rgb( 66,125,243)	1.934	None
MAFA	BASP1	0.5411	47.7	0.697	rgb(225, 84, 85)	1.934	None
SOX4	RSPH4A	0.5411	47.7	0.703	rgb(225, 83, 84)	1.934	None
TEAD1	TRIM24	0.5411	47.7	0.701	rgb(225, 83, 84)	1.934	None
ETV1	ATP6V0E2	0.54038	47.69	0.686	rgb(225, 86, 87)	1.9338	None
ZNF519	GPR173	0.53967	47.68	0.682	rgb(224, 87, 88)	1.9336	None
EGR3	USH2A	-0.53895	47.67	-6.7E-01	rgb( 73,129,242)	1.9334	None
HSF2	CBLN1	-0.53895	47.67	-6.7E-01	rgb( 72,129,242)	1.9334	None
ISL1	TDO2	0.53895	47.67	0.666	rgb(224, 90, 91)	1.9334	2,2
MAFF	SERTAD1	0.53895	47.67	0.674	rgb(224, 88, 90)	1.9334	None
NKX2-2	GPR142	0.53895	47.67	0.669	rgb(224, 89, 90)	1.9334	None
ZNF519	RPS3	-0.53895	47.67	-6.7E-01	rgb( 72,129,242)	1.9334	None
ELF4	CDKN1A	0.53824	47.66	0.655	rgb(224, 92, 93)	1.9332	None
HSF2	EFCC1	-0.53824	47.66	-6.6E-01	rgb( 75,130,242)	1.9332	None
ONECUT3	TLE3	0.53824	47.66	0.662	rgb(224, 90, 92)	1.9332	None
RORC	LDB1	0.53824	47.66	0.656	rgb(224, 92, 93)	1.9332	None
SOX4	DHRS2	-0.53824	47.66	-6.6E-01	rgb( 73,129,242)	1.9332	None
TFCP2L1	KIAA1324	0.53824	47.66	0.662	rgb(224, 91, 92)	1.9332	None
TGIF2	MEP1B	-0.53824	47.66	-6.6E-01	rgb( 74,130,242)	1.9332	None
HOXB9	AMBP	-0.53753	47.65	-6.5E-01	rgb( 76,131,242)	1.933	None
NEUROD1	CNPY1	0.53753	47.65	0.647	rgb(224, 93, 95)	1.933	None
NR4A3	RBP2	-0.53753	47.65	-6.5E-01	rgb( 76,131,242)	1.933	None
TEAD1	SYNM	0.53753	47.65	0.647	rgb(224, 93, 95)	1.933	None
NR4A2	CCDC40	-0.53681	47.64	-6.4E-01	rgb( 77,132,241)	1.9328	None
PBX1	MDK	-0.53681	47.64	-6.4E-01	rgb( 77,132,241)	1.9328	None
PDX1	GPR173	0.53681	47.64	0.642	rgb(224, 94, 96)	1.9328	None
PRDM16	IPO11-LRRC70	-0.53681	47.64	-6.4E-01	rgb( 79,133,241)	1.9328	2,2
TGIF2	MED12L	0.53681	47.64	0.637	rgb(224, 95, 97)	1.9328	None
ZNF382	PPP1R16B	-0.53681	47.64	-6.4E-01	rgb( 78,132,241)	1.9328	None
EGR3	SLC35F3	-0.5361	47.63	-6.3E-01	rgb( 79,133,241)	1.9326	None
GATA6	FAM167A	-0.5361	47.63	-6.3E-01	rgb( 80,134,241)	1.9326	None
HSF2	DZIP1	0.5361	47.63	0.63	rgb(224, 97, 98)	1.9326	None
MAFB	CPT1C	-0.5361	47.63	-6.3E-01	rgb( 80,134,241)	1.9326	None
NFAT5	FOXA2	-0.5361	47.63	-6.3E-01	rgb( 79,133,241)	1.9326	None
NR4A2	BCAT1	-0.5361	47.63	-6.3E-01	rgb( 80,134,241)	1.9326	None
PROX1	CDH22	0.5361	47.63	0.631	rgb(224, 97, 98)	1.9326	None
TEAD1	CACNA1H	0.5361	47.63	0.632	rgb(224, 96, 98)	1.9326	None
ETV1	FAXC	0.53538	47.62	0.616	rgb(224, 99,101)	1.9324	None
FEV	SPTBN4	0.53538	47.62	0.62	rgb(224, 99,100)	1.9324	None
SMAD9	GSTM2	0.53538	47.62	0.624	rgb(224, 98, 99)	1.9324	None
ETV1	WNT6	-0.53467	47.61	-6.1E-01	rgb( 84,136,240)	1.9322	None
MAFA	TSSK4	0.53467	47.61	0.613	rgb(224,100,101)	1.9322	None
MAFB	CHRM4	0.53467	47.61	0.608	rgb(224,101,102)	1.9322	None
NKX6-1	ABCA9	-0.53467	47.61	-6.1E-01	rgb( 85,137,240)	1.9322	None
POU2F2	SLC7A2	-0.53467	47.61	-6.1E-01	rgb( 84,136,240)	1.9322	None
ZFP28	SHC3	-0.53467	47.61	-6.1E-01	rgb( 84,136,240)	1.9322	None
FEV	HGFAC	0.53396	47.6	0.601	rgb(224,102,103)	1.932	None
FOXP2	DNAH11	0.53396	47.6	0.596	rgb(224,103,104)	1.932	None
PDX1	WSCD1	-0.53396	47.6	-6.0E-01	rgb( 87,138,240)	1.932	None
RORC	GPR148	-0.53396	47.6	-6.0E-01	rgb( 86,137,240)	1.932	None
ZFHX2	UBE2Q2P2	0.53396	47.6	0.599	rgb(224,103,104)	1.932	2,2
EGR3	CBFA2T3	-0.53324	47.59	-5.9E-01	rgb( 90,139,239)	1.9318	None
GATA2	CBX7	0.53324	47.59	0.59	rgb(223,104,106)	1.9318	None
LMX1B	RAPGEF4	0.53324	47.59	0.59	rgb(223,104,106)	1.9318	None
MAFF	SMARCD2	-0.53324	47.59	-5.9E-01	rgb( 88,139,240)	1.9318	None
POU2F2	SLC26A7	0.53324	47.59	0.591	rgb(223,104,105)	1.9318	None
SMAD9	ARHGAP22	0.53324	47.59	0.594	rgb(224,104,105)	1.9318	None
TGIF2	HCN4	0.53324	47.59	0.592	rgb(224,104,105)	1.9318	None
TGIF2	QSOX2	0.53324	47.59	0.589	rgb(223,105,106)	1.9318	None
ZNF846	NNMT	-0.53324	47.59	-5.9E-01	rgb( 89,139,239)	1.9318	None
ETV1	GNG4	0.53253	47.58	0.582	rgb(223,106,107)	1.9316	None
FOXA1	ICA1L	0.53253	47.58	0.579	rgb(223,106,108)	1.9316	None
FOXA2	LRP4-AS1	-0.53253	47.58	-5.8E-01	rgb( 91,140,239)	1.9316	None
POU2F2	PLCE1-AS1	0.53253	47.58	0.585	rgb(223,105,106)	1.9316	2,2
SOX4	TMEM178B	0.53253	47.58	0.584	rgb(223,105,107)	1.9316	None
TGIF2	ITPR1	0.53253	47.58	0.579	rgb(223,106,108)	1.9316	None
FOXP2	SAP30	0.53181	47.57	0.568	rgb(223,108,110)	1.9314	None
NEUROG3	ATOH8	0.53181	47.57	0.57	rgb(223,108,109)	1.9314	None
ONECUT1	CLPS	-0.53181	47.57	-5.7E-01	rgb( 94,142,239)	1.9314	None
ONECUT2	ELL2	0.53181	47.57	0.569	rgb(223,108,109)	1.9314	None
PDX1	FSTL5	-0.53181	47.57	-5.7E-01	rgb( 92,141,239)	1.9314	None
TEAD2	APLP1	0.53181	47.57	0.571	rgb(223,108,109)	1.9314	None
MYT1	AF070581	0.53181	47.57	0.571	rgb(223,108,109)	1.9314	2,2
LHX1	METTL21EP	-0.5311	47.56	-5.6E-01	rgb( 96,144,238)	1.9312	None
MAFA	NEUROG3	0.5311	47.56	0.564	rgb(223,109,110)	1.9312	2,2
NR4A2	ATP1A3	-0.5311	47.56	-5.6E-01	rgb( 96,143,238)	1.9312	None
ASCL1	HCN4	0.53039	47.55	0.555	rgb(223,111,112)	1.931	None
EGR3	TUBB3	0.53039	47.55	0.549	rgb(223,112,113)	1.931	None
FEV	CLCNKA	-0.53039	47.55	-5.5E-01	rgb( 97,144,238)	1.931	None
HSF2	CELF4	0.53039	47.55	0.55	rgb(223,112,113)	1.931	None
FOXP2	SPC25	0.52967	47.54	0.536	rgb(223,115,116)	1.9308	None
NEUROG3	FAM167A	0.52967	47.54	0.541	rgb(223,114,115)	1.9308	None
RORC	MAML3	0.52967	47.54	0.539	rgb(223,114,115)	1.9308	None
ZFP82	NFAT5	0.52967	47.54	0.541	rgb(223,114,115)	1.9308	None
ZNF492	TSNAX-DISC1	0.52967	47.54	0.541	rgb(223,114,115)	1.9308	None
CBX2	RIC3	0.52967	47.54	0.539	rgb(223,114,115)	1.9308	2,2
ETV1	ONECUT1	0.52896	47.53	0.534	rgb(223,115,116)	1.9306	2,2
FOXA1	AK094916	-0.52896	47.53	-5.3E-01	rgb(102,147,237)	1.9306	2,2
FOXP2	SPOCK3	-0.52896	47.53	-5.3E-01	rgb(102,147,237)	1.9306	None
HOXB9	FCGBP	-0.52896	47.53	-5.3E-01	rgb(101,147,237)	1.9306	None
LHX1	CCK	-0.52896	47.53	-5.3E-01	rgb(101,147,237)	1.9306	None
MAFF	SYCP2	-0.52896	47.53	-5.3E-01	rgb(103,147,237)	1.9306	None
NKX6-1	KCNMA1	0.52896	47.53	0.532	rgb(223,115,116)	1.9306	None
ONECUT2	CACNA1E	0.52896	47.53	0.525	rgb(223,117,118)	1.9306	None
RORC	MCOLN3	-0.52896	47.53	-5.3E-01	rgb(103,148,237)	1.9306	None
RORC	STK33	-0.52896	47.53	-5.3E-01	rgb(103,147,237)	1.9306	None
ZFP82	CCL19	-0.52896	47.53	-5.3E-01	rgb(101,147,237)	1.9306	None
MYT1	PAK3	0.52896	47.53	0.526	rgb(223,117,118)	1.9306	2,2
ETS1	TMEFF1	0.52825	47.52	0.518	rgb(223,118,119)	1.9304	None
GATA4	ZNRF3-AS1	-0.52825	47.52	-5.2E-01	rgb(103,148,237)	1.9304	None
HIF1A	ADNP	0.52825	47.52	0.515	rgb(223,119,120)	1.9304	None
HSF2	HIF1A	0.52825	47.52	0.52	rgb(223,118,119)	1.9304	None
NHLH1	CORO2B	0.52825	47.52	0.517	rgb(223,118,119)	1.9304	None
PRDM16	PLXNC1	0.52825	47.52	0.519	rgb(223,118,119)	1.9304	None
RORC	DUSP2	0.52825	47.52	0.52	rgb(223,118,119)	1.9304	None
ARX	IFI6	0.52753	47.51	0.508	rgb(223,120,121)	1.9302	None
FOXA2	RNF157	0.52753	47.51	0.507	rgb(223,120,121)	1.9302	None
GATA4	FKSG51	-0.52753	47.51	-5.1E-01	rgb(106,149,236)	1.9302	2,2
HES4	LOC284581	-0.52753	47.51	-5.1E-01	rgb(105,149,237)	1.9302	2,2
LMX1B	RTN4RL1	0.52753	47.51	0.513	rgb(223,119,120)	1.9302	None
MAFA	HIC1	-0.52753	47.51	-5.1E-01	rgb(107,150,236)	1.9302	None
NR4A3	AMPH	-0.52753	47.51	-5.1E-01	rgb(105,149,237)	1.9302	None
SOX4	HINT1	0.52753	47.51	0.508	rgb(223,120,121)	1.9302	None
ELF4	COL21A1	-0.52682	47.5	-5.0E-01	rgb(108,151,236)	1.93	None
HSF2	SLC14A2	-0.52682	47.5	-5.0E-01	rgb(108,150,236)	1.93	None
MAFA	ANKRD20A8P	-0.52682	47.5	-5.0E-01	rgb(109,151,236)	1.93	2,2
NR4A3	ATP1A3	0.52682	47.5	0.497	rgb(222,122,123)	1.93	None
ONECUT3	JPH4	-0.52682	47.5	-5.0E-01	rgb(109,151,236)	1.93	None
PBX1	CXXC4	0.52682	47.5	0.501	rgb(223,121,122)	1.93	None
POU2F2	SLC14A2	0.52682	47.5	0.5	rgb(222,122,123)	1.93	None
PROX1	AL117485	0.52682	47.5	0.5	rgb(222,122,123)	1.93	2,2
RORC	KCNIP3	0.52682	47.5	0.502	rgb(223,121,122)	1.93	None
RORC	LMO3	-0.52682	47.5	-5.0E-01	rgb(109,151,236)	1.93	None
ZNF382	AL831889	0.52682	47.5	0.503	rgb(223,121,122)	1.93	2,2
ZNF519	NALCN	-0.52682	47.5	-5.0E-01	rgb(109,151,236)	1.93	None
ELF4	CRMP1	0.5261	47.49	0.491	rgb(222,123,124)	1.9298	None
FEV	SLC25A53	0.5261	47.49	0.487	rgb(222,124,125)	1.9298	None
FOXA2	STK33	0.5261	47.49	0.485	rgb(222,124,125)	1.9298	None
HOXB9	UNC13A	0.5261	47.49	0.493	rgb(222,123,124)	1.9298	None
HSF2	PDZRN3	0.5261	47.49	0.494	rgb(222,123,124)	1.9298	None
MAFA	RTN4RL1	-0.5261	47.49	-4.9E-01	rgb(111,153,236)	1.9298	None
RORC	MAP1B	-0.5261	47.49	-4.9E-01	rgb(111,153,236)	1.9298	None
SOX4	ATP6V0E2	-0.5261	47.49	-4.9E-01	rgb(110,152,236)	1.9298	None
TEAD1	EPHA4	0.5261	47.49	0.488	rgb(222,124,125)	1.9298	None
TP73	NR4A3	0.5261	47.49	0.485	rgb(222,124,125)	1.9298	None
ZNF519	C1QL1	-0.5261	47.49	-4.9E-01	rgb(111,153,236)	1.9298	None
ARX	GCG	0.52539	47.48	0.48	rgb(222,125,126)	1.9296	None
EGR3	BAMBI	-0.52539	47.48	-4.8E-01	rgb(113,154,235)	1.9296	None
ETV1	AK311257	0.52539	47.48	0.477	rgb(222,126,127)	1.9296	2,2
GATA6	FLT1	-0.52539	47.48	-4.8E-01	rgb(114,154,235)	1.9296	None
HSF2	NEFM	-0.52539	47.48	-4.8E-01	rgb(112,153,235)	1.9296	None
ONECUT1	GPR112	0.52539	47.48	0.481	rgb(222,125,126)	1.9296	2,2
PBX1	AKR1B1	-0.52539	47.48	-4.8E-01	rgb(114,154,235)	1.9296	None
POU6F1	SIM1	0.52539	47.48	0.483	rgb(222,125,126)	1.9296	None
RFX6	TMEM200A	0.52539	47.48	0.477	rgb(222,126,127)	1.9296	None
SMAD9	MALAT1	0.52539	47.48	0.484	rgb(222,125,126)	1.9296	None
SMAD9	MAST1	0.52539	47.48	0.484	rgb(222,125,126)	1.9296	None
TGIF2	KCNAB2	0.52539	47.48	0.483	rgb(222,125,126)	1.9296	None
TGIF2	TTC7B	0.52539	47.48	0.484	rgb(222,125,126)	1.9296	None
FOXA2	NPSR1-AS1	0.52468	47.47	0.472	rgb(222,127,128)	1.9294	None
MAFB	FSD1	0.52468	47.47	0.469	rgb(222,127,128)	1.9294	None
NKX2-2	GABBR2	0.52468	47.47	0.474	rgb(222,127,127)	1.9294	None
ONECUT3	DYNC1I1	-0.52468	47.47	-4.7E-01	rgb(114,154,235)	1.9294	None
ONECUT3	EMB	-0.52468	47.47	-4.7E-01	rgb(115,155,235)	1.9294	None
SOX4	CENPE	-0.52468	47.47	-4.7E-01	rgb(115,155,235)	1.9294	None
EGR3	AADAT	0.52396	47.46	0.46	rgb(222,129,130)	1.9292	None
ETS1	PAM	0.52396	47.46	0.459	rgb(222,129,130)	1.9292	None
GATA4	FLT1	-0.52396	47.46	-4.6E-01	rgb(116,156,235)	1.9292	None
HSF2	LRP4-AS1	-0.52396	47.46	-4.6E-01	rgb(118,157,234)	1.9292	None
NEUROD2	PAPPA2	-0.52396	47.46	-4.6E-01	rgb(117,156,235)	1.9292	None
ONECUT1	AMBP	-0.52396	47.46	-4.6E-01	rgb(116,156,235)	1.9292	None
RFX2	CDK5R1	-0.52396	47.46	-4.6E-01	rgb(117,156,235)	1.9292	None
TFCP2L1	COL12A1	0.52396	47.46	0.462	rgb(222,129,130)	1.9292	None
NEUROD1	RPRML	0.52325	47.45	0.453	rgb(222,131,131)	1.929	None
RORC	CCL19	0.52325	47.45	0.449	rgb(222,131,132)	1.929	None
TP73	PBX1	-0.52325	47.45	-4.5E-01	rgb(120,158,234)	1.929	None
ASCL2	CDH22	0.52253	47.44	0.444	rgb(222,132,133)	1.9288	None
EGR3	PAK6	0.52253	47.44	0.436	rgb(222,134,135)	1.9288	None
ETS1	CHRNA5	-0.52253	47.44	-4.4E-01	rgb(121,159,234)	1.9288	None
FOXA1	LRP4-AS1	-0.52253	47.44	-4.4E-01	rgb(121,159,234)	1.9288	None
HOXB9	BC040358	-0.52253	47.44	-4.4E-01	rgb(121,159,234)	1.9288	2,2
LHX1	DNER	-0.52253	47.44	-4.4E-01	rgb(122,159,234)	1.9288	None
MAFB	MAP2	0.52253	47.44	0.437	rgb(222,134,134)	1.9288	None
NR4A2	NEAT1	0.52253	47.44	0.438	rgb(222,133,134)	1.9288	None
PAX4	DLL1	0.52253	47.44	0.441	rgb(222,133,134)	1.9288	None
POU6F1	PPM1E	0.52253	47.44	0.435	rgb(222,134,135)	1.9288	None
ZNF519	COL22A1	-0.52253	47.44	-4.4E-01	rgb(122,159,234)	1.9288	None
ASCL2	FBXL16	0.52182	47.43	0.427	rgb(222,135,136)	1.9286	None
ATF5	NKD1	0.52182	47.43	0.43	rgb(222,135,136)	1.9286	None
EGR3	TMOD1	-0.52182	47.43	-4.3E-01	rgb(124,161,233)	1.9286	None
HIF1A	MICAL2	0.52182	47.43	0.429	rgb(222,135,136)	1.9286	None
HSF2	ADCY2	-0.52182	47.43	-4.3E-01	rgb(124,160,233)	1.9286	None
MAFA	DTX1	0.52182	47.43	0.427	rgb(222,136,136)	1.9286	None
RORC	SYNM	-0.52182	47.43	-4.3E-01	rgb(123,160,233)	1.9286	None
SPIB	NHSL2	0.52182	47.43	0.429	rgb(222,135,136)	1.9286	None
TFCP2L1	NKAIN1	-0.52182	47.43	-4.3E-01	rgb(123,160,233)	1.9286	None
ZFP90	PGF	-0.52182	47.43	-4.3E-01	rgb(124,160,233)	1.9286	None
ZNF846	RGS14	-0.52182	47.43	-4.3E-01	rgb(123,160,233)	1.9286	None
ATF6	TMEM198	-0.52111	47.42	-4.2E-01	rgb(125,161,233)	1.9284	None
CXXC4	PCDHB10	0.52111	47.42	0.416	rgb(222,138,138)	1.9284	2,2
ELF4	CHRNA5	-0.52111	47.42	-4.2E-01	rgb(125,161,233)	1.9284	None
GATA2	COL22A1	0.52111	47.42	0.416	rgb(222,138,138)	1.9284	None
HSF2	GLIS2	-0.52111	47.42	-4.2E-01	rgb(127,162,233)	1.9284	None
ONECUT2	ANKRD36B	0.52111	47.42	0.423	rgb(222,136,137)	1.9284	2,2
PDX1	NR4A2	0.52111	47.42	0.421	rgb(222,137,137)	1.9284	None
SMAD9	CBX2	0.52111	47.42	0.422	rgb(222,136,137)	1.9284	None
TGIF2	TSHZ1	-0.52111	47.42	-4.2E-01	rgb(125,161,233)	1.9284	None
ELF4	EPHA8	0.52039	47.41	0.41	rgb(222,139,139)	1.9282	None
ETV1	HSPA12A	0.52039	47.41	0.414	rgb(222,138,139)	1.9282	None
HSF2	ATP6V1G2	0.52039	47.41	0.411	rgb(222,138,139)	1.9282	None
HSF2	GPR148	0.52039	47.41	0.407	rgb(221,139,140)	1.9282	None
ONECUT1	EYA4	0.52039	47.41	0.409	rgb(221,139,140)	1.9282	None
ONECUT3	SRCIN1	0.52039	47.41	0.41	rgb(222,139,140)	1.9282	None
RORC	MEX3A	0.52039	47.41	0.409	rgb(222,139,140)	1.9282	None
SMAD9	DLL4	0.52039	47.41	0.408	rgb(221,139,140)	1.9282	None
EGR3	NFRKB	-0.51968	47.4	-4.0E-01	rgb(129,164,232)	1.928	None
ETV1	TMEM132C	0.51968	47.4	0.396	rgb(221,141,142)	1.928	None
HOXB9	CXXC4	0.51968	47.4	0.4	rgb(221,141,141)	1.928	None
MAFA	LAPTM5	0.51968	47.4	0.397	rgb(221,141,142)	1.928	None
NR4A2	CDH22	-0.51968	47.4	-4.0E-01	rgb(130,164,232)	1.928	None
ZNF382	DNER	0.51968	47.4	0.399	rgb(221,141,142)	1.928	None
ZNF846	CDK5R1	-0.51968	47.4	-4.0E-01	rgb(129,164,232)	1.928	None
MYT1	ECEL1	0.51968	47.4	0.402	rgb(221,140,141)	1.928	2,2
ELF4	UBE2QL1	0.51896	47.39	0.395	rgb(221,142,142)	1.9278	2,2
MAFA	FAM155B	0.51896	47.39	0.395	rgb(221,142,142)	1.9278	None
MAFA	SSTR1	0.51896	47.39	0.386	rgb(221,143,144)	1.9278	None
NEUROG3	LINC00930	0.51896	47.39	0.394	rgb(221,142,143)	1.9278	2,2
PBX1	HES6	-0.51896	47.39	-3.9E-01	rgb(131,165,232)	1.9278	None
SOX4	NPM2	-0.51896	47.39	-3.9E-01	rgb(132,165,232)	1.9278	None
ZNF846	CHGB	-0.51896	47.39	-3.9E-01	rgb(132,165,232)	1.9278	None
FOXA2	RRAGD	0.51825	47.38	0.384	rgb(221,144,144)	1.9276	None
FOXP2	AFF2	0.51825	47.38	0.383	rgb(221,144,145)	1.9276	2,2
GATA4	COL10A1	0.51825	47.38	0.379	rgb(221,145,145)	1.9276	None
GATA6	KIAA0845	0.51825	47.38	0.381	rgb(221,144,145)	1.9276	2,2
HIC1	NAALADL1	-0.51825	47.38	-3.8E-01	rgb(134,167,231)	1.9276	None
HIC1	TMEM145	0.51825	47.38	0.383	rgb(221,144,145)	1.9276	None
NR4A3	NAIP	0.51825	47.38	0.384	rgb(221,144,144)	1.9276	2,2
SPIB	KCNJ6	0.51825	47.38	0.384	rgb(221,144,144)	1.9276	None
TFCP2L1	GDF11	-0.51825	47.38	-3.8E-01	rgb(134,167,232)	1.9276	None
TGIF2	ELL2	-0.51825	47.38	-3.8E-01	rgb(134,167,231)	1.9276	None
TGIF2	RASL10B	0.51825	47.38	0.38	rgb(221,145,145)	1.9276	2,2
TGIF2	ZFP28	-0.51825	47.38	-3.8E-01	rgb(135,167,231)	1.9276	None
ETV1	WNK2	0.51754	47.37	0.365	rgb(221,147,148)	1.9274	None
FEV	ISL1	0.51754	47.37	0.367	rgb(221,147,148)	1.9274	None
FOXA1	RIMBP2	0.51754	47.37	0.366	rgb(221,147,148)	1.9274	None
GATA2	MTUS2	0.51754	47.37	0.374	rgb(221,146,146)	1.9274	None
MAFA	ZFP28	-0.51754	47.37	-3.7E-01	rgb(138,169,231)	1.9274	None
RFX6	CACNA2D1	0.51754	47.37	0.374	rgb(221,146,146)	1.9274	None
RORC	RRAGD	0.51754	47.37	0.372	rgb(221,146,147)	1.9274	None
GATA4	LINC00310	0.51682	47.36	0.362	rgb(221,148,149)	1.9272	None
HOXB9	GRAP2	-0.51682	47.36	-3.6E-01	rgb(138,169,231)	1.9272	None
LMX1A	HSF2	-0.51682	47.36	-3.6E-01	rgb(139,170,231)	1.9272	None
NR4A2	TTR	0.51682	47.36	0.357	rgb(221,149,149)	1.9272	None
ONECUT1	ACSL6	0.51682	47.36	0.355	rgb(221,149,150)	1.9272	None
ZNF519	SFRP1	-0.51682	47.36	-3.6E-01	rgb(139,169,231)	1.9272	None
FEV	IFIT1	0.51611	47.35	0.347	rgb(221,151,151)	1.927	None
ISL1	ADAM12	0.51611	47.35	0.353	rgb(221,150,150)	1.927	None
NKX2-2	KLK12	0.51611	47.35	0.35	rgb(221,150,151)	1.927	None
NKX6-1	ST6GALNAC5	0.51611	47.35	0.355	rgb(221,149,150)	1.927	None
ONECUT2	CLCA1	-0.51611	47.35	-3.5E-01	rgb(141,171,230)	1.927	None
ONECUT3	ADNP	0.51611	47.35	0.353	rgb(221,150,150)	1.927	None
SMAD9	MMD2	-0.51611	47.35	-3.5E-01	rgb(140,170,230)	1.927	None
TFCP2L1	KIRREL3	-0.51611	47.35	-3.5E-01	rgb(141,171,230)	1.927	None
ZNF519	IFNE	0.51611	47.35	0.349	rgb(221,150,151)	1.927	2,2
ARNT2	DCHS1	0.51539	47.34	0.338	rgb(221,152,153)	1.9268	None
ASCL1	PSD	0.51539	47.34	0.341	rgb(221,152,153)	1.9268	None
GATA2	FFAR3	0.51539	47.34	0.34	rgb(221,152,153)	1.9268	2,2
GATA2	LPPR5	0.51539	47.34	0.34	rgb(221,152,153)	1.9268	2,2
GATA4	DTX1	-0.51539	47.34	-3.4E-01	rgb(144,173,230)	1.9268	None
HSF2	LTBP2	0.51539	47.34	0.336	rgb(221,153,153)	1.9268	None
NR4A3	CPLX1	0.51539	47.34	0.336	rgb(221,153,154)	1.9268	None
ZNF492	TTR	-0.51539	47.34	-3.4E-01	rgb(144,172,230)	1.9268	None
ETV1	CHD5	0.51468	47.33	0.331	rgb(221,154,154)	1.9266	None
ETV1	EFCC1	0.51468	47.33	0.325	rgb(221,155,156)	1.9266	None
FOXA1	ARNT2	0.51468	47.33	0.33	rgb(221,154,155)	1.9266	None
HSF2	CCND2	-0.51468	47.33	-3.3E-01	rgb(146,174,229)	1.9266	None
HSF2	GNG4	-0.51468	47.33	-3.3E-01	rgb(146,174,229)	1.9266	None
NR4A3	ETV1	0.51468	47.33	0.332	rgb(221,154,154)	1.9266	None
ONECUT1	DCHS1	0.51468	47.33	0.334	rgb(221,153,154)	1.9266	None
PDX1	CYGB	0.51468	47.33	0.327	rgb(221,155,155)	1.9266	None
RFX6	TAC1	-0.51468	47.33	-3.3E-01	rgb(144,173,230)	1.9266	None
SMAD9	GDAP1L1	0.51468	47.33	0.327	rgb(221,155,155)	1.9266	2,2
ZNF846	SCN1B	-0.51468	47.33	-3.3E-01	rgb(146,174,229)	1.9266	None
FOXP2	ITGA7	0.51397	47.32	0.319	rgb(221,156,157)	1.9264	None
GATA4	SEMA6B	0.51397	47.32	0.318	rgb(221,156,157)	1.9264	None
HOXB9	MYBPC3	-0.51397	47.32	-3.2E-01	rgb(148,175,229)	1.9264	None
HSF2	MUC5B	-0.51397	47.32	-3.2E-01	rgb(147,175,229)	1.9264	None
HSF2	TUB	0.51397	47.32	0.32	rgb(221,156,157)	1.9264	None
MAFA	CSF1R	0.51397	47.32	0.315	rgb(220,157,157)	1.9264	None
MAFA	SHF	0.51397	47.32	0.325	rgb(221,155,156)	1.9264	None
POU2F2	CDHR1	0.51397	47.32	0.325	rgb(221,155,156)	1.9264	2,2
RORC	APLN	0.51397	47.32	0.317	rgb(220,156,157)	1.9264	None
SOX4	GPC2	0.51397	47.32	0.321	rgb(221,156,156)	1.9264	None
TFCP2L1	UNC13A	-0.51397	47.32	-3.2E-01	rgb(147,174,229)	1.9264	None
GATA2	ANK2	0.51325	47.31	0.307	rgb(220,158,159)	1.9262	None
LHX1	ELAVL4	-0.51325	47.31	-3.1E-01	rgb(149,175,229)	1.9262	None
LMX1B	SCGN	0.51325	47.31	0.314	rgb(220,157,158)	1.9262	None
MAFA	SESN2	-0.51325	47.31	-3.1E-01	rgb(151,177,229)	1.9262	None
MXI1	MAP1A	-0.51325	47.31	-3.1E-01	rgb(150,176,229)	1.9262	None
NFAT5	LOC284581	0.51325	47.31	0.313	rgb(220,157,158)	1.9262	2,2
PDX1	SLC30A4	-0.51325	47.31	-3.1E-01	rgb(150,176,229)	1.9262	None
SOX4	NEFM	-0.51325	47.31	-3.1E-01	rgb(150,176,229)	1.9262	None
TFCP2L1	SLC30A4	0.51325	47.31	0.313	rgb(220,157,158)	1.9262	None
ZNF519	GADD45A	-0.51325	47.31	-3.1E-01	rgb(150,176,229)	1.9262	None
ETV1	HHEX	0.51254	47.3	0.302	rgb(220,159,160)	1.926	None
HES4	APBB2	-0.51254	47.3	-3.0E-01	rgb(152,178,228)	1.926	None
MAFA	CTNND1	-0.51254	47.3	-3.0E-01	rgb(151,177,229)	1.926	None
NR4A3	CELF5	0.51254	47.3	0.299	rgb(220,160,161)	1.926	None
RFX6	GGT5	0.51254	47.3	0.304	rgb(220,159,159)	1.926	None
SMAD9	MAD2L2	0.51254	47.3	0.3	rgb(220,160,160)	1.926	None
SOX4	NPTX1	0.51254	47.3	0.296	rgb(220,160,161)	1.926	None
TFCP2L1	CAMK2N2	-0.51254	47.3	-3.0E-01	rgb(153,178,228)	1.926	None
FEV	RSAD2	0.51183	47.29	0.285	rgb(220,162,163)	1.9258	None
HIF1A	TMEM145	-0.51183	47.29	-2.9E-01	rgb(155,179,228)	1.9258	None
LHX1	KCNH3	0.51183	47.29	0.286	rgb(220,162,163)	1.9258	None
LHX1	SMAD9	0.51183	47.29	0.288	rgb(220,162,163)	1.9258	None
NHLH1	DLL4	0.51183	47.29	0.29	rgb(220,162,162)	1.9258	None
TGIF2	FAM71E2	0.51183	47.29	0.286	rgb(220,162,163)	1.9258	None
ZNF846	PLCE1-AS1	0.51183	47.29	0.286	rgb(220,162,163)	1.9258	2,2
ETV1	INHBE	0.51111	47.28	0.276	rgb(220,164,165)	1.9256	None
FOXP2	MURC	0.51111	47.28	0.278	rgb(220,164,164)	1.9256	2,2
HSF2	TENM2	-0.51111	47.28	-2.8E-01	rgb(156,180,228)	1.9256	None
NR4A2	CTPS1	-0.51111	47.28	-2.8E-01	rgb(156,180,228)	1.9256	None
TFCP2L1	AKR1B1	-0.51111	47.28	-2.8E-01	rgb(157,180,228)	1.9256	None
TFCP2L1	RFX6	-0.51111	47.28	-2.8E-01	rgb(156,180,228)	1.9256	None
GATA6	TTLL6	-0.5104	47.27	-2.7E-01	rgb(158,181,227)	1.9254	None
LHX1	LRP4-AS1	-0.5104	47.27	-2.7E-01	rgb(159,182,227)	1.9254	None
LMX1B	DOCK8	0.5104	47.27	0.267	rgb(220,166,167)	1.9254	None
MAFB	SLC12A5	0.5104	47.27	0.268	rgb(220,166,166)	1.9254	None
PRDM16	YPEL1	-0.5104	47.27	-2.7E-01	rgb(158,181,227)	1.9254	None
RFX2	CACNG4	0.5104	47.27	0.271	rgb(220,165,166)	1.9254	None
ZNF846	ADAMTSL1	-0.5104	47.27	-2.7E-01	rgb(158,181,227)	1.9254	None
EGR3	KDM1A	0.50968	47.26	0.262	rgb(220,167,167)	1.9252	None
ETV1	ASIC5	0.50968	47.26	0.259	rgb(220,167,168)	1.9252	2,2
ETV1	PDZD4	0.50968	47.26	0.261	rgb(220,167,168)	1.9252	None
GLIS2	HIC1	0.50968	47.26	0.263	rgb(220,167,167)	1.9252	None
HOXB9	GAL	0.50968	47.26	0.255	rgb(220,168,169)	1.9252	None
HSF2	CSH1	-0.50968	47.26	-2.6E-01	rgb(161,183,227)	1.9252	None
LHX1	COL14A1	-0.50968	47.26	-2.6E-01	rgb(160,182,227)	1.9252	None
LHX1	LDB1	0.50968	47.26	0.256	rgb(220,168,169)	1.9252	None
LMX1A	GPR64	0.50968	47.26	0.259	rgb(220,168,168)	1.9252	2,2
LMX1B	PSD	0.50968	47.26	0.26	rgb(220,167,168)	1.9252	None
RORC	CHRNB2	0.50968	47.26	0.256	rgb(220,168,169)	1.9252	None
RORC	TMEM145	0.50968	47.26	0.263	rgb(220,167,167)	1.9252	None
SMAD9	VSTM4	-0.50968	47.26	-2.6E-01	rgb(161,183,227)	1.9252	None
ZFP90	ADORA2A	-0.50968	47.26	-2.6E-01	rgb(160,182,227)	1.9252	2,2
LMX1B	CERKL	0.50897	47.25	0.253	rgb(220,169,169)	1.925	None
SMAD9	MLLT11	0.50897	47.25	0.253	rgb(220,169,169)	1.925	None
SPIB	BSN	0.50897	47.25	0.25	rgb(220,169,170)	1.925	None
LMX1A	ERO1LB	0.50826	47.24	0.242	rgb(220,171,171)	1.9248	2,2
MAFB	LRRC16B	0.50826	47.24	0.235	rgb(220,172,173)	1.9248	2,2
PRDM16	TUBB3	-0.50826	47.24	-2.4E-01	rgb(165,185,226)	1.9248	None
RFX2	MXI1	0.50826	47.24	0.235	rgb(220,172,173)	1.9248	None
ZNF519	QDPR	-0.50826	47.24	-2.4E-01	rgb(166,186,226)	1.9248	None
ETV1	ST8SIA5	0.50754	47.23	0.233	rgb(220,172,173)	1.9246	None
NR4A3	NKD1	0.50754	47.23	0.229	rgb(220,173,174)	1.9246	None
PDX1	GRHL3	0.50754	47.23	0.227	rgb(220,174,174)	1.9246	None
SPIB	IFI6	0.50754	47.23	0.227	rgb(219,174,174)	1.9246	None
MAFB	CNGA3	0.50683	47.22	0.216	rgb(219,176,176)	1.9244	None
POU2F2	MCOLN3	0.50683	47.22	0.223	rgb(219,174,175)	1.9244	None
RFX3	STARD8	0.50683	47.22	0.222	rgb(219,175,175)	1.9244	None
TFCP2L1	SYNGR3	-0.50683	47.22	-2.2E-01	rgb(170,188,225)	1.9244	None
ASCL2	NPTXR	0.50611	47.21	0.212	rgb(219,177,177)	1.9242	None
PRDM16	CACNG4	-0.50611	47.21	-2.1E-01	rgb(172,190,225)	1.9242	None
SPIB	MYT1	0.50611	47.21	0.21	rgb(219,177,177)	1.9242	None
ZFP82	PNMAL1	0.50611	47.21	0.21	rgb(219,177,177)	1.9242	2,2
ZNF117	AK310876	0.50611	47.21	0.207	rgb(219,178,178)	1.9242	2,2
ZNF117	HBT8	0.50611	47.21	0.212	rgb(219,176,177)	1.9242	2,2
EGR3	BEX2	0.5054	47.2	0.196	rgb(219,180,180)	1.924	None
ZNF382	LTF	-0.5054	47.2	-2.0E-01	rgb(174,191,225)	1.924	None
ATF5	ETS1	-0.50469	47.19	-1.9E-01	rgb(176,192,224)	1.9238	None
FOXA2	CD99L2	0.50469	47.19	0.187	rgb(219,181,182)	1.9238	None
MAFF	SLC51B	0.50469	47.19	0.186	rgb(219,182,182)	1.9238	None
NR4A3	TMEM151B	0.50469	47.19	0.186	rgb(219,181,182)	1.9238	None
SPIB	STARD9	0.50469	47.19	0.188	rgb(219,181,182)	1.9238	None
MAFA	CTXN1	0.50397	47.18	0.185	rgb(219,182,182)	1.9236	None
TP73	RNF157-AS1	0.50397	47.18	0.177	rgb(219,183,184)	1.9236	None
NEUROD1	GAD2	0.50326	47.17	0.172	rgb(219,184,185)	1.9234	None
ONECUT1	LDHAL6A	0.50326	47.17	0.174	rgb(219,184,184)	1.9234	None
EGR3	SCT	-0.50254	47.16	-1.6E-01	rgb(182,196,223)	1.9232	None
ONECUT1	AK056486	0.50254	47.16	0.159	rgb(219,187,187)	1.9232	2,2
RFX2	COL21A1	-0.50254	47.16	-1.6E-01	rgb(182,196,223)	1.9232	None
RFX2	STARD8	0.50254	47.16	0.16	rgb(219,186,187)	1.9232	None
LHX1	AKNA	-0.50183	47.15	-1.5E-01	rgb(184,197,223)	1.923	None
TGIF2	ANKRD13B	0.50183	47.15	0.154	rgb(219,188,188)	1.923	None
MAFA	CHRNA1	0.50112	47.14	0.144	rgb(219,189,190)	1.9228	None
RFX6	DACH1	0.50112	47.14	0.143	rgb(219,190,190)	1.9228	None
ZNF492	SOGA3	0.50112	47.14	0.136	rgb(218,191,191)	1.9228	None
FOXA1	SBK1	0.5004	47.13	0.126	rgb(218,193,193)	1.9226	None
MAFA	CHRM4	0.5004	47.13	0.127	rgb(218,193,193)	1.9226	None
RORC	FFAR2	0.5004	47.13	0.132	rgb(218,192,192)	1.9226	None
RORC	SSTR1	0.5004	47.13	0.132	rgb(218,192,192)	1.9226	None
TFCP2L1	INHBE	-0.5004	47.13	-1.3E-01	rgb(189,200,222)	1.9226	None
RORC	DPYSL4	0.49969	47.12	0.116	rgb(218,195,195)	1.9224	None
ETV1	AKT3	0.49897	47.11	0.11	rgb(218,196,196)	1.9222	None
TGIF2	CLSPN	0.49897	47.11	0.11	rgb(218,196,196)	1.9222	None
FOXA1	ATP8B2	-0.49826	47.1	-9.7E-02	rgb(196,204,221)	1.922	None
NR4A2	MAPK7	0.49826	47.1	0.105	rgb(218,197,197)	1.922	None
ONECUT2	AL832439	0.49826	47.1	0.096	rgb(218,199,199)	1.922	2,2
PRDM16	TMEM158	-0.49755	47.09	-8.8E-02	rgb(198,205,220)	1.9218	None
LMX1A	SAMD14	-0.49683	47.08	-7.7E-02	rgb(200,207,220)	1.9216	None
MAFA	MX2	-0.49612	47.07	-7.0E-02	rgb(202,208,220)	1.9214	None
NEUROG3	CSF1R	0.49612	47.07	0.074	rgb(218,203,203)	1.9214	None
RFX6	CBFA2T3	-0.49612	47.07	-7.4E-02	rgb(201,207,220)	1.9214	None
ZNF846	GATA6	-0.49612	47.07	-7.2E-02	rgb(201,208,220)	1.9214	None
NR4A3	BRSK2	0.49541	47.05	0.046	rgb(218,208,208)	1.921	None
TP73	PTGDR2	0.49541	47.05	0.051	rgb(218,207,207)	1.921	None
POU2F2	CLIP3	0.49469	47.04	0.04	rgb(217,209,209)	1.9208	None
RFX6	MMP2	-0.49469	47.04	-3.9E-02	rgb(209,212,218)	1.9208	None
ASCL1	ELAVL4	0.49398	47.02	0.021	rgb(217,213,213)	1.9204	None
EGR3	GAST	-0.49398	47.02	-2.4E-02	rgb(212,214,218)	1.9204	2,2
GATA2	GAST	0.49398	47.02	0.015	rgb(217,214,214)	1.9204	2,2
MAFA	SLC7A14	-0.49398	47.02	-1.7E-02	rgb(213,215,218)	1.9204	None
ZFP82	KCNAB2	0.49326	47.01	0.006	rgb(217,216,216)	1.9202	None
FEV	APBB1	0.49255	46.92	0.922	rgb(227, 41, 43)	1.9184	None
ASCL2	COL21A1	0.49196	46.87	0.868	rgb(227, 51, 53)	1.9174	None
NEUROG3	ASIC1	0.49196	46.87	0.868	rgb(227, 51, 53)	1.9174	None
PDX1	CCDC146	-0.49196	46.87	-8.7E-01	rgb( 29,103,250)	1.9174	None
ONECUT3	METTL21EP	-0.49138	46.86	-8.6E-01	rgb( 30,103,250)	1.9172	None
ASCL2	PAK6	0.49079	46.85	0.853	rgb(226, 54, 56)	1.917	None
HIF1A	MIR503HG	-0.49079	46.85	-8.5E-01	rgb( 33,105,249)	1.917	None
EGR3	ROBO1	-0.4902	46.84	-8.4E-01	rgb( 35,106,249)	1.9168	None
ETS1	FW340055	0.4902	46.84	0.84	rgb(226, 56, 58)	1.9168	2,2
NEUROG3	LINGO1	0.4902	46.84	0.84	rgb(226, 56, 58)	1.9168	None
ZNF846	ROBO1	0.4902	46.84	0.835	rgb(226, 57, 59)	1.9168	None
RFX6	LRRC16B	0.48962	46.83	0.829	rgb(226, 59, 60)	1.9166	2,2
SPIB	PELI3	0.48962	46.83	0.828	rgb(226, 59, 60)	1.9166	None
NR4A2	VGF	-0.48903	46.82	-8.2E-01	rgb( 40,109,248)	1.9164	None
FEV	CDK5R2	0.48845	46.81	0.809	rgb(226, 63, 64)	1.9162	None
NFAT5	IMPG1	0.48845	46.81	0.814	rgb(226, 61, 63)	1.9162	2,2
GATA6	ATP8B2	-0.48786	46.79	-7.9E-01	rgb( 45,112,247)	1.9158	None
MAFA	PCDHA2	-0.48786	46.79	-7.9E-01	rgb( 46,113,247)	1.9158	None
MAFF	ITPR1	-0.48727	46.78	-7.8E-01	rgb( 48,114,247)	1.9156	None
ONECUT3	ELL2	-0.48669	46.77	-7.7E-01	rgb( 51,116,246)	1.9154	None
POU2F2	MYRF	-0.48669	46.77	-7.7E-01	rgb( 50,116,246)	1.9154	None
FOXA1	SLC25A53	0.4861	46.76	0.759	rgb(225, 72, 74)	1.9152	None
ZFHX2	GAD2	-0.4861	46.76	-7.6E-01	rgb( 51,116,246)	1.9152	None
FEV	KSR2	0.48551	46.75	0.753	rgb(225, 73, 75)	1.915	None
LMX1B	CPLX1	0.48551	46.75	0.755	rgb(225, 73, 74)	1.915	None
PAX6	NOTUM	-0.48551	46.75	-7.5E-01	rgb( 55,118,245)	1.915	None
ZNF846	AX747826	0.48551	46.75	0.752	rgb(225, 73, 75)	1.915	2,2
ETS1	SULT2A1	0.48493	46.74	0.742	rgb(225, 75, 77)	1.9148	None
EGR3	LAPTM5	-0.48434	46.73	-7.3E-01	rgb( 60,121,245)	1.9146	None
LHX1	COL21A1	0.48434	46.73	0.729	rgb(225, 78, 79)	1.9146	None
ONECUT2	ABCA9	0.48434	46.73	0.727	rgb(225, 78, 80)	1.9146	None
RORC	P2RX6	0.48375	46.72	0.717	rgb(225, 80, 82)	1.9144	None
SOX4	PCDHA2	0.48375	46.72	0.725	rgb(225, 79, 80)	1.9144	None
TEAD1	FLJ38723	0.48375	46.72	0.716	rgb(225, 80, 82)	1.9144	2,2
ZFHX2	RAP1GAP2	0.48375	46.72	0.718	rgb(225, 80, 81)	1.9144	None
ATF6	LOC100294362	-0.48317	46.71	-7.1E-01	rgb( 62,123,244)	1.9142	2,2
TEAD2	CRIP2	0.48317	46.71	0.706	rgb(225, 82, 84)	1.9142	None
ZFP28	LRRTM3	0.48317	46.71	0.713	rgb(225, 81, 82)	1.9142	2,2
ZNF492	LOC100128288	0.48317	46.71	0.706	rgb(225, 82, 84)	1.9142	2,2
NR4A3	METTL21EP	0.48258	46.7	0.697	rgb(225, 84, 85)	1.914	None
ZNF492	CACNA1C	0.48258	46.7	0.703	rgb(225, 83, 84)	1.914	None
FEV	RUNX1T1	0.482	46.68	0.676	rgb(224, 88, 89)	1.9136	None
POU6F1	DLC1	0.482	46.68	0.676	rgb(224, 88, 89)	1.9136	None
RORC	ST8SIA6-AS1	0.482	46.68	0.678	rgb(224, 87, 89)	1.9136	None
NR4A2	EID1	0.48141	46.67	0.667	rgb(224, 90, 91)	1.9134	None
RFX6	CYP4F24P	0.48141	46.67	0.671	rgb(224, 89, 90)	1.9134	None
SOX4	ATP8B2	0.48141	46.67	0.67	rgb(224, 89, 90)	1.9134	None
SOX4	CXCR7	0.48141	46.67	0.67	rgb(224, 89, 90)	1.9134	2,2
SOX4	IRF2BP1	0.48141	46.67	0.67	rgb(224, 89, 90)	1.9134	None
FOXP2	RBP2	-0.48082	46.66	-6.6E-01	rgb( 73,129,242)	1.9132	None
MAFF	CPE	0.48082	46.66	0.664	rgb(224, 90, 91)	1.9132	None
NHLH1	MAML3	0.48082	46.66	0.657	rgb(224, 92, 93)	1.9132	None
NR4A2	STMN3	-0.48082	46.66	-6.6E-01	rgb( 74,130,242)	1.9132	None
ONECUT3	DZIP1	0.48082	46.66	0.658	rgb(224, 91, 93)	1.9132	None
EGR3	CXCR7	-0.48024	46.65	-6.5E-01	rgb( 75,131,242)	1.913	2,2
FEV	HLA-DPA1	0.48024	46.65	0.646	rgb(224, 94, 95)	1.913	None
ONECUT3	EML1	-0.48024	46.65	-6.5E-01	rgb( 76,131,242)	1.913	None
PRDM16	CYP4F24P	0.48024	46.65	0.651	rgb(224, 93, 94)	1.913	None
SOX4	TSSK4	-0.48024	46.65	-6.5E-01	rgb( 77,132,242)	1.913	None
ELF4	TCEAL1	-0.47965	46.64	-6.4E-01	rgb( 78,133,241)	1.9128	None
ETV1	EVL	0.47965	46.64	0.636	rgb(224, 96, 97)	1.9128	None
RORC	NFAT5	-0.47965	46.64	-6.4E-01	rgb( 78,133,241)	1.9128	None
ATF5	ST8SIA6-AS1	-0.47906	46.63	-6.3E-01	rgb( 80,134,241)	1.9126	None
GATA4	PER2	-0.47906	46.63	-6.3E-01	rgb( 80,134,241)	1.9126	None
ARNT2	DPYSL4	0.47848	46.62	0.616	rgb(224, 99,101)	1.9124	None
ARX	LGI3	0.47848	46.62	0.617	rgb(224, 99,100)	1.9124	None
NKX6-1	SDCBP2-AS1	-0.47848	46.62	-6.2E-01	rgb( 82,135,241)	1.9124	None
POU6F1	FAM135B	0.47848	46.62	0.621	rgb(224, 98,100)	1.9124	None
ZNF492	ENPP1	0.47848	46.62	0.616	rgb(224, 99,101)	1.9124	None
GLIS2	INS-IGF2	0.47789	46.61	0.608	rgb(224,101,102)	1.9122	2,2
PBX1	SUSD2	-0.4773	46.6	-6.0E-01	rgb( 87,138,240)	1.912	None
RORC	TMEM61	0.4773	46.6	0.605	rgb(224,101,103)	1.912	None
TGIF2	SDCBP2-AS1	0.4773	46.6	0.596	rgb(224,103,104)	1.912	None
ZNF846	RORC	-0.4773	46.6	-6.0E-01	rgb( 88,138,240)	1.912	None
ATF6	PTCH1	0.47672	46.59	0.588	rgb(223,105,106)	1.9118	None
ELF4	AMPH	0.47672	46.59	0.593	rgb(224,104,105)	1.9118	None
SOX4	KCNIP3	0.47672	46.59	0.587	rgb(223,105,106)	1.9118	None
ZNF519	CBX4	-0.47672	46.59	-5.9E-01	rgb( 89,139,239)	1.9118	None
GATA6	SOX4	0.47613	46.58	0.58	rgb(223,106,107)	1.9116	None
HIF1A	LDB1	0.47613	46.58	0.575	rgb(223,107,108)	1.9116	None
LMX1A	GAST	0.47613	46.58	0.583	rgb(223,106,107)	1.9116	2,2
ONECUT3	TTR	-0.47613	46.58	-5.8E-01	rgb( 91,140,239)	1.9116	None
RORC	MPP2	0.47613	46.58	0.576	rgb(223,107,108)	1.9116	None
RORC	PAM	0.47613	46.58	0.583	rgb(223,106,107)	1.9116	None
ZFP82	PCDHA2	0.47613	46.58	0.58	rgb(223,106,107)	1.9116	None
FOXP2	CSH2	0.47554	46.57	0.569	rgb(223,108,110)	1.9114	2,2
RORC	STX1A	-0.47554	46.57	-5.7E-01	rgb( 94,142,238)	1.9114	None
GATA6	MMP11	0.47496	46.56	0.564	rgb(223,109,110)	1.9112	None
HSF2	GALNT16	-0.47496	46.56	-5.6E-01	rgb( 96,143,238)	1.9112	None
LHX1	ABLIM2	0.47496	46.56	0.559	rgb(223,110,111)	1.9112	None
LMX1A	TAC1	0.47496	46.56	0.559	rgb(223,110,111)	1.9112	2,2
ONECUT3	SH3RF3	0.47496	46.56	0.559	rgb(223,110,111)	1.9112	None
TEAD1	TGIF2	0.47496	46.56	0.563	rgb(223,109,111)	1.9112	None
FOXP2	FOXA1	0.47437	46.55	0.548	rgb(223,112,113)	1.911	None
GATA6	CNTD2	-0.47437	46.55	-5.5E-01	rgb( 98,144,238)	1.911	None
LTF	GATA2	-0.47437	46.55	-5.5E-01	rgb( 98,145,238)	1.911	2,2
PAX4	KANK2	-0.47437	46.55	-5.5E-01	rgb( 97,144,238)	1.911	None
GATA4	TMPRSS6	0.47379	46.54	0.537	rgb(223,114,115)	1.9108	None
GATA6	BCAT1	0.47379	46.54	0.542	rgb(223,114,115)	1.9108	None
LMX1A	DSCAML1	0.47379	46.54	0.54	rgb(223,114,115)	1.9108	None
SOX4	TLE3	0.47379	46.54	0.535	rgb(223,115,116)	1.9108	None
EGR3	ATOH8	-0.4732	46.53	-5.3E-01	rgb(102,147,237)	1.9106	None
FOXA1	CHD5	-0.4732	46.53	-5.3E-01	rgb(102,147,237)	1.9106	None
RORC	ST8SIA3	0.4732	46.53	0.528	rgb(223,116,117)	1.9106	None
ETS1	CENPE	-0.47261	46.52	-5.2E-01	rgb(105,149,237)	1.9104	None
ETS1	RASD1	0.47261	46.52	0.52	rgb(223,118,119)	1.9104	None
GATA2	PGF	0.47261	46.52	0.524	rgb(223,117,118)	1.9104	None
HSF2	SLC16A12	-0.47261	46.52	-5.2E-01	rgb(103,148,237)	1.9104	None
MAFA	SPDYE7P	0.47261	46.52	0.523	rgb(223,117,118)	1.9104	None
PRDM16	NALCN	0.47261	46.52	0.519	rgb(223,118,119)	1.9104	None
RORC	LINGO1	0.47261	46.52	0.517	rgb(223,118,119)	1.9104	None
RORC	MSI1	0.47261	46.52	0.524	rgb(223,117,118)	1.9104	None
RORC	MUC5B	0.47261	46.52	0.517	rgb(223,118,119)	1.9104	None
SMAD9	NPW	0.47261	46.52	0.522	rgb(223,117,118)	1.9104	None
TEAD2	FSD1	0.47261	46.52	0.516	rgb(223,118,119)	1.9104	None
FOXA1	ADORA2A	-0.47203	46.51	-5.1E-01	rgb(107,150,236)	1.9102	2,2
GATA4	STK31	-0.47203	46.51	-5.1E-01	rgb(106,150,236)	1.9102	None
NR4A2	SPIB	-0.47203	46.51	-5.1E-01	rgb(106,150,236)	1.9102	None
ONECUT3	TMEM132B	0.47203	46.51	0.506	rgb(223,120,121)	1.9102	None
TFCP2L1	CDK5R1	0.47203	46.51	0.509	rgb(223,120,121)	1.9102	None
TGIF2	HINT1	-0.47203	46.51	-5.1E-01	rgb(107,150,236)	1.9102	None
ZNF519	ATP6V1G2	0.47203	46.51	0.511	rgb(223,119,120)	1.9102	None
ZNF846	CFC1	-0.47203	46.51	-5.1E-01	rgb(105,149,237)	1.9102	None
HSF2	MALAT1	0.47144	46.5	0.498	rgb(222,122,123)	1.91	None
PDX1	BRSK1	0.47144	46.5	0.498	rgb(222,122,123)	1.91	None
PRDM16	SERTAD1	-0.47144	46.5	-5.0E-01	rgb(108,151,236)	1.91	None
SOX4	TMEM145	-0.47144	46.5	-5.0E-01	rgb(109,151,236)	1.91	None
ZNF117	AK311213	0.47144	46.5	0.498	rgb(222,122,123)	1.91	2,2
ARX	GUCY1A3	0.47085	46.49	0.486	rgb(222,124,125)	1.9098	2,2
ETV1	IMPG1	0.47085	46.49	0.49	rgb(222,123,124)	1.9098	None
ETV1	SLC16A12	0.47085	46.49	0.486	rgb(222,124,125)	1.9098	None
ETV1	SOGA3	0.47085	46.49	0.487	rgb(222,124,125)	1.9098	None
NKX6-1	AK054990	0.47085	46.49	0.49	rgb(222,123,124)	1.9098	2,2
PDX1	CFH	0.47085	46.49	0.486	rgb(222,124,125)	1.9098	2,2
PDX1	MLXIPL	0.47085	46.49	0.492	rgb(222,123,124)	1.9098	None
TGIF2	MALAT1	-0.47085	46.49	-4.9E-01	rgb(111,152,236)	1.9098	None
ZNF846	FJX1	-0.47085	46.49	-4.9E-01	rgb(111,153,236)	1.9098	None
FEV	ASIC4	0.47027	46.48	0.479	rgb(222,125,126)	1.9096	None
GATA6	SDCBP2-AS1	-0.47027	46.48	-4.8E-01	rgb(112,153,235)	1.9096	None
HOXB9	CEND1	-0.47027	46.48	-4.8E-01	rgb(113,154,235)	1.9096	None
LHX1	FGF14	-0.47027	46.48	-4.8E-01	rgb(112,153,235)	1.9096	None
LMX1B	SLC38A3	0.47027	46.48	0.479	rgb(222,126,126)	1.9096	None
MAFB	CACNA1A	0.47027	46.48	0.485	rgb(222,124,125)	1.9096	None
RFX3	SNED1	0.47027	46.48	0.481	rgb(222,125,126)	1.9096	None
TFCP2L1	LONRF2	0.47027	46.48	0.477	rgb(222,126,127)	1.9096	None
ZNF492	ELAVL4	0.47027	46.48	0.481	rgb(222,125,126)	1.9096	None
ZNF492	NR2F2-AS1	-0.47027	46.48	-4.8E-01	rgb(112,153,235)	1.9096	None
GATA4	VOPP1	0.46968	46.47	0.472	rgb(222,127,128)	1.9094	None
LHX1	GPR173	-0.46968	46.47	-4.7E-01	rgb(115,155,235)	1.9094	None
MAFA	AADAT	0.46968	46.47	0.468	rgb(222,128,129)	1.9094	None
PRDM16	SCN3B	0.46968	46.47	0.471	rgb(222,127,128)	1.9094	None
SMAD9	TMOD2	0.46968	46.47	0.467	rgb(222,128,129)	1.9094	None
SOX4	SERTAD1	0.46968	46.47	0.467	rgb(222,128,129)	1.9094	None
ZNF519	GRB14	0.46968	46.47	0.47	rgb(222,127,128)	1.9094	None
AEBP1	AK126318	-0.46968	46.47	-4.7E-01	rgb(115,155,235)	1.9094	2,2
EGR3	KAT2B	-0.46909	46.46	-4.6E-01	rgb(117,156,235)	1.9092	None
FOXA1	FAM171B	0.46909	46.46	0.459	rgb(222,129,130)	1.9092	None
HSF2	GRIN1	-0.46909	46.46	-4.6E-01	rgb(117,156,234)	1.9092	None
LHX1	AK026777	-0.46909	46.46	-4.6E-01	rgb(117,156,234)	1.9092	2,2
PDX1	ZG16	-0.46909	46.46	-4.6E-01	rgb(117,156,234)	1.9092	None
POU2F2	LIN7A	0.46909	46.46	0.46	rgb(222,129,130)	1.9092	None
ASCL2	CREBRF	-0.46851	46.45	-4.5E-01	rgb(120,158,234)	1.909	None
GATA6	ST6GALNAC5	-0.46851	46.45	-4.5E-01	rgb(120,158,234)	1.909	None
HOXB9	STK31	0.46851	46.45	0.446	rgb(222,132,133)	1.909	None
HSF2	NNMT	0.46851	46.45	0.452	rgb(222,131,132)	1.909	None
NHLH1	LOC400891	0.46851	46.45	0.449	rgb(222,131,132)	1.909	2,2
NKX2-2	SUSD2	0.46851	46.45	0.45	rgb(222,131,132)	1.909	None
NR4A2	HES6	-0.46851	46.45	-4.5E-01	rgb(119,157,234)	1.909	None
RORC	CD300LF	0.46851	46.45	0.447	rgb(222,132,133)	1.909	None
ZNF519	NEUROD2	0.46851	46.45	0.45	rgb(222,131,132)	1.909	None
ELF4	ACTN3	-0.46792	46.44	-4.4E-01	rgb(121,159,234)	1.9088	None
ETS1	NRXN2	0.46792	46.44	0.438	rgb(222,133,134)	1.9088	None
GATA4	CATSPER2	-0.46792	46.44	-4.4E-01	rgb(123,160,234)	1.9088	2,2
HES6	TUBB4A	0.46792	46.44	0.441	rgb(222,133,134)	1.9088	2,2
SMAD9	HIC1	0.46792	46.44	0.441	rgb(222,133,134)	1.9088	None
TEAD1	GDF11	0.46792	46.44	0.445	rgb(222,132,133)	1.9088	None
TGIF2	FJX1	0.46792	46.44	0.436	rgb(222,134,135)	1.9088	None
ZNF846	DPYSL3	-0.46792	46.44	-4.4E-01	rgb(121,159,234)	1.9088	None
TSHZ1	AX746771	-0.46792	46.44	-4.4E-01	rgb(122,159,234)	1.9088	2,2
FOXA1	GNG2	0.46734	46.43	0.432	rgb(222,134,135)	1.9086	None
FOXA1	NEFM	-0.46734	46.43	-4.3E-01	rgb(124,160,233)	1.9086	None
NEUROD1	KCNMA1	0.46734	46.43	0.427	rgb(222,135,136)	1.9086	None
NEUROD2	AL117485	0.46734	46.43	0.431	rgb(222,135,135)	1.9086	2,2
TEAD1	CELSR3	0.46734	46.43	0.426	rgb(222,136,136)	1.9086	None
TFCP2L1	FUT1	0.46734	46.43	0.428	rgb(222,135,136)	1.9086	None
FOXA2	LRIG1	0.46675	46.42	0.422	rgb(222,136,137)	1.9084	None
ISL1	DIRAS1	0.46675	46.42	0.421	rgb(222,137,137)	1.9084	2,2
LTF	MEX3B	0.46675	46.42	0.424	rgb(222,136,137)	1.9084	None
MAFA	FAM131B	-0.46675	46.42	-4.2E-01	rgb(125,161,233)	1.9084	None
NR4A2	HEYL	-0.46675	46.42	-4.2E-01	rgb(126,162,233)	1.9084	None
NR4A2	SLC14A2	0.46675	46.42	0.42	rgb(222,137,138)	1.9084	None
RORC	GPR155	-0.46675	46.42	-4.2E-01	rgb(126,161,233)	1.9084	None
TEAD1	SERTAD1	-0.46675	46.42	-4.2E-01	rgb(127,162,233)	1.9084	None
TFCP2L1	ONECUT3	0.46675	46.42	0.419	rgb(222,137,138)	1.9084	None
ZNF382	GOLGA6L9	0.46675	46.42	0.425	rgb(222,136,137)	1.9084	2,2
ZNF519	GOLGA6L9	0.46675	46.42	0.422	rgb(222,136,137)	1.9084	2,2
ETS1	PBX1	0.46616	46.41	0.411	rgb(222,138,139)	1.9082	None
GATA2	LTF	-0.46616	46.41	-4.1E-01	rgb(129,163,232)	1.9082	None
HSF2	PROX1	0.46616	46.41	0.407	rgb(221,139,140)	1.9082	None
MAFB	RPS6KL1	0.46616	46.41	0.409	rgb(221,139,140)	1.9082	None
NKX6-1	AK056081	-0.46616	46.41	-4.1E-01	rgb(128,163,233)	1.9082	2,2
SPIB	MLXIPL	0.46616	46.41	0.413	rgb(222,138,139)	1.9082	None
SPIB	PPP1R1A	0.46616	46.41	0.408	rgb(221,139,140)	1.9082	None
TFCP2L1	NDRG4	-0.46616	46.41	-4.1E-01	rgb(128,163,233)	1.9082	None
TGIF2	SCT	-0.46616	46.41	-4.1E-01	rgb(129,163,232)	1.9082	None
ZNF519	HBT8	0.46616	46.41	0.407	rgb(221,139,140)	1.9082	2,2
GATA2	KIRREL3	0.46558	46.4	0.401	rgb(221,140,141)	1.908	None
RORC	ZDHHC8P1	-0.46558	46.4	-4.0E-01	rgb(129,164,232)	1.908	None
TGIF2	GRB14	0.46558	46.4	0.397	rgb(221,141,142)	1.908	None
ZNF846	SCUBE1	-0.46558	46.4	-4.0E-01	rgb(130,164,232)	1.908	None
EGR3	CACNB2	0.46499	46.39	0.393	rgb(221,142,143)	1.9078	None
HEYL	TMEM35	0.46499	46.39	0.388	rgb(221,143,144)	1.9078	2,2
LHX1	NPAS3	-0.46499	46.39	-3.9E-01	rgb(132,165,232)	1.9078	None
NR4A2	LONRF2	-0.46499	46.39	-3.9E-01	rgb(132,165,232)	1.9078	None
NR4A3	CDHR1	0.46499	46.39	0.392	rgb(221,142,143)	1.9078	2,2
ZFP28	WNK3	0.46499	46.39	0.39	rgb(221,142,143)	1.9078	None
ZFP82	F10	-0.46499	46.39	-3.9E-01	rgb(132,166,232)	1.9078	None
ONECUT1	CDHR1	0.4644	46.38	0.381	rgb(221,144,145)	1.9076	2,2
ATF5	ID1	-0.46382	46.37	-3.7E-01	rgb(137,169,231)	1.9074	None
ONECUT1	SLC14A2	0.46382	46.37	0.372	rgb(221,146,147)	1.9074	None
PAX6	CELF4	0.46382	46.37	0.369	rgb(221,147,147)	1.9074	None
TFCP2L1	COL16A1	-0.46382	46.37	-3.7E-01	rgb(136,168,231)	1.9074	None
TFCP2L1	OSBPL6	-0.46382	46.37	-3.7E-01	rgb(136,168,231)	1.9074	None
ZFP28	FSTL5	0.46382	46.37	0.373	rgb(221,146,147)	1.9074	None
ZNF117	PGM5P2	0.46382	46.37	0.372	rgb(221,146,147)	1.9074	2,2
EGR3	RGS14	0.46323	46.36	0.363	rgb(221,148,148)	1.9072	None
FOXA2	NEAT1	-0.46323	46.36	-3.6E-01	rgb(139,169,231)	1.9072	None
FOXA2	PBX1	-0.46323	46.36	-3.6E-01	rgb(138,169,231)	1.9072	None
GATA6	FOXD4L2	-0.46323	46.36	-3.6E-01	rgb(140,170,231)	1.9072	2,2
SMAD9	EVL	0.46323	46.36	0.364	rgb(221,147,148)	1.9072	None
SPIB	GPR64	0.46323	46.36	0.36	rgb(221,148,149)	1.9072	2,2
TP73	MAGED1	0.46323	46.36	0.364	rgb(221,147,148)	1.9072	None
ETV1	JPH4	0.46264	46.35	0.354	rgb(221,149,150)	1.907	None
LHX1	BOC	-0.46264	46.35	-3.5E-01	rgb(142,171,230)	1.907	None
MAFA	NPSR1-AS1	0.46264	46.35	0.353	rgb(221,150,150)	1.907	None
NFAT5	AX746869	0.46264	46.35	0.348	rgb(221,151,151)	1.907	2,2
RORC	GRIN1	0.46264	46.35	0.352	rgb(221,150,150)	1.907	None
FOXA1	DNER	0.46206	46.34	0.338	rgb(221,153,153)	1.9068	None
FOXA1	FAM135B	0.46206	46.34	0.336	rgb(221,153,154)	1.9068	None
NR4A2	C2CD4B	0.46206	46.34	0.34	rgb(221,152,153)	1.9068	None
TGIF2	EMB	-0.46206	46.34	-3.4E-01	rgb(144,172,230)	1.9068	None
ZNF846	LOC100505716	0.46206	46.34	0.338	rgb(221,153,153)	1.9068	2,2
ETV1	ANKRD65	0.46147	46.33	0.325	rgb(221,155,156)	1.9066	None
HHEX	LIN7A	0.46147	46.33	0.333	rgb(221,153,154)	1.9066	None
NEUROD2	AKR1B1	0.46147	46.33	0.329	rgb(221,154,155)	1.9066	None
PRDM16	SPDYE7P	0.46147	46.33	0.332	rgb(221,154,154)	1.9066	None
RORC	FSD1	0.46147	46.33	0.326	rgb(221,155,155)	1.9066	None
RORC	KCNH3	0.46147	46.33	0.332	rgb(221,154,154)	1.9066	None
TP73	DLGAP3	0.46147	46.33	0.328	rgb(221,154,155)	1.9066	None
FOXA2	TMEFF2	0.46089	46.32	0.318	rgb(220,156,157)	1.9064	None
LMX1A	KCNN3	0.46089	46.32	0.321	rgb(221,156,156)	1.9064	None
MAFA	TMEM151B	0.46089	46.32	0.321	rgb(221,156,156)	1.9064	None
ETV1	LIN7A	0.4603	46.31	0.312	rgb(220,157,158)	1.9062	None
ETV1	NPM2	0.4603	46.31	0.306	rgb(220,159,159)	1.9062	None
FEV	SNAP25	0.4603	46.31	0.311	rgb(220,158,158)	1.9062	None
LMX1A	LINC00310	0.4603	46.31	0.309	rgb(220,158,159)	1.9062	None
NR4A3	PROX1	0.4603	46.31	0.314	rgb(220,157,158)	1.9062	None
ONECUT2	PBOV1	0.4603	46.31	0.312	rgb(220,157,158)	1.9062	None
PDX1	SBK1	0.4603	46.31	0.311	rgb(220,158,158)	1.9062	None
RORC	FCRL6	0.4603	46.31	0.31	rgb(220,158,159)	1.9062	None
SMAD9	GRASP	0.4603	46.31	0.314	rgb(220,157,158)	1.9062	None
ZFP82	CHD5	0.4603	46.31	0.31	rgb(220,158,158)	1.9062	None
ELF4	RGS11	-0.45971	46.3	-3.0E-01	rgb(152,178,228)	1.906	None
GATA6	ZBTB4	-0.45971	46.3	-3.0E-01	rgb(152,178,228)	1.906	None
MAFB	BAALC	0.45971	46.3	0.302	rgb(220,159,160)	1.906	None
ZFP28	BC122864	0.45971	46.3	0.298	rgb(220,160,161)	1.906	2,2
ZNF382	HIC1	-0.45971	46.3	-3.0E-01	rgb(152,177,228)	1.906	None
ZNF846	CPT1C	-0.45971	46.3	-3.0E-01	rgb(153,178,228)	1.906	None
ATOH8	FAM65C	0.45971	46.3	0.303	rgb(220,159,160)	1.906	2,2
HSF2	DYNC1I1	0.45913	46.29	0.293	rgb(220,161,162)	1.9058	None
ONECUT2	FW340055	0.45913	46.29	0.288	rgb(220,162,163)	1.9058	2,2
PAX6	PDGFD	0.45913	46.29	0.295	rgb(220,161,161)	1.9058	None
PBX1	CIB4	-0.45913	46.29	-2.9E-01	rgb(155,179,228)	1.9058	None
ZFHX2	PTCH1	0.45913	46.29	0.287	rgb(220,162,163)	1.9058	None
ZNF846	LOC286297	0.45913	46.29	0.295	rgb(220,161,161)	1.9058	2,2
GATA2	ISL1	0.45854	46.28	0.275	rgb(220,164,165)	1.9056	None
LTF	PCDH11X	-0.45854	46.28	-2.8E-01	rgb(156,180,228)	1.9056	2,2
NEUROD1	DACH1	0.45854	46.28	0.276	rgb(220,164,165)	1.9056	None
PAX6	UCHL1	0.45854	46.28	0.276	rgb(220,164,165)	1.9056	2,2
TGIF2	ADCY2	-0.45854	46.28	-2.8E-01	rgb(156,180,228)	1.9056	None
ARX	PDE8B	0.45795	46.27	0.275	rgb(220,165,165)	1.9054	None
LHX1	SLC38A3	0.45795	46.27	0.27	rgb(220,165,166)	1.9054	None
SPIB	SEZ6	0.45795	46.27	0.275	rgb(220,165,165)	1.9054	None
TEAD2	KCNH3	0.45795	46.27	0.274	rgb(220,165,165)	1.9054	None
TFCP2L1	BCL2	0.45795	46.27	0.273	rgb(220,165,165)	1.9054	None
ETV1	PDE8B	0.45737	46.26	0.264	rgb(220,167,167)	1.9052	None
GATA6	IGSF21	-0.45737	46.26	-2.6E-01	rgb(160,182,227)	1.9052	None
HSF2	ZFP2	-0.45737	46.26	-2.6E-01	rgb(161,183,227)	1.9052	None
MAFB	KCNJ3	0.45737	46.26	0.26	rgb(220,167,168)	1.9052	None
PRDM16	KIF19	-0.45737	46.26	-2.6E-01	rgb(161,183,227)	1.9052	None
ASCL2	ADAMTSL2	0.45678	46.25	0.254	rgb(220,168,169)	1.905	None
HOXB9	PRICKLE2	-0.45678	46.25	-2.5E-01	rgb(162,183,227)	1.905	None
LMX1A	ATCAY	0.45678	46.25	0.25	rgb(220,169,170)	1.905	2,2
LMX1A	PCDH20	0.45678	46.25	0.255	rgb(220,168,169)	1.905	2,2
NEUROD2	TOX	0.45678	46.25	0.249	rgb(220,169,170)	1.905	None
ARX	SSTR5	0.45619	46.24	0.245	rgb(220,170,171)	1.9048	None
ETV1	PCSK2	0.45619	46.24	0.237	rgb(220,172,172)	1.9048	None
FOXP2	NFASC	0.45619	46.24	0.24	rgb(220,171,172)	1.9048	None
LMX1A	CALY	0.45619	46.24	0.241	rgb(220,171,171)	1.9048	None
RORC	TTYH2	0.45619	46.24	0.242	rgb(220,171,171)	1.9048	None
MAFB	OR51E1	0.45561	46.23	0.231	rgb(220,173,173)	1.9046	None
NR4A3	KLHL32	0.45561	46.23	0.232	rgb(220,173,173)	1.9046	None
ONECUT2	FGF2	0.45561	46.23	0.233	rgb(220,173,173)	1.9046	None
SPIB	RSPH4A	-0.45561	46.23	-2.3E-01	rgb(167,187,226)	1.9046	None
TP73	CRLF1	0.45561	46.23	0.228	rgb(220,173,174)	1.9046	None
FOXA1	DENND2A	0.45502	46.22	0.219	rgb(219,175,176)	1.9044	None
MAFA	SOX4	0.45502	46.22	0.222	rgb(219,175,175)	1.9044	None
NR4A3	CADPS	0.45502	46.22	0.223	rgb(219,174,175)	1.9044	None
ELF4	ASRGL1	-0.45444	46.21	-2.1E-01	rgb(172,190,225)	1.9042	None
ETV1	CDHR3	0.45444	46.21	0.214	rgb(219,176,176)	1.9042	None
FEV	VGF	0.45444	46.21	0.209	rgb(219,177,178)	1.9042	None
HIF1A	ACTN3	-0.45444	46.21	-2.1E-01	rgb(171,189,225)	1.9042	None
LMX1B	ADCY1	0.45444	46.21	0.208	rgb(219,177,178)	1.9042	None
NR4A3	TTLL7	0.45444	46.21	0.214	rgb(219,176,177)	1.9042	None
RORC	L1TD1	-0.45444	46.21	-2.1E-01	rgb(172,190,225)	1.9042	None
FOXA1	BIVM-ERCC5	0.45385	46.2	0.2	rgb(219,179,179)	1.904	None
FOXP2	PEX5L	0.45385	46.2	0.205	rgb(219,178,178)	1.904	None
HSF2	SOGA3	0.45385	46.2	0.198	rgb(219,179,180)	1.904	None
LMX1B	JAM3	0.45385	46.2	0.198	rgb(219,179,180)	1.904	None
SMAD9	GABBR2	0.45385	46.2	0.204	rgb(219,178,178)	1.904	None
SOX4	MUC5B	-0.45326	46.19	-1.9E-01	rgb(175,191,224)	1.9038	None
SPIB	WNK3	0.45326	46.19	0.19	rgb(219,181,181)	1.9038	None
ZNF382	SMARCD2	-0.45326	46.19	-1.9E-01	rgb(176,192,224)	1.9038	None
FOXA2	DTX3	0.45268	46.18	0.176	rgb(219,183,184)	1.9036	2,2
LMX1A	GPR123	0.45268	46.18	0.183	rgb(219,182,182)	1.9036	2,2
ZNF846	HES6	-0.45268	46.18	-1.8E-01	rgb(177,193,224)	1.9036	None
RFX2	FAM161A	-0.45209	46.17	-1.7E-01	rgb(181,195,223)	1.9034	None
TEAD1	FAM71E2	0.45209	46.17	0.173	rgb(219,184,184)	1.9034	None
ONECUT3	UNC5D	0.4515	46.16	0.155	rgb(219,187,188)	1.9032	None
SMAD9	PTPN22	0.4515	46.16	0.159	rgb(219,187,187)	1.9032	None
ZNF846	CTAGE15	0.4515	46.16	0.163	rgb(219,186,186)	1.9032	2,2
HSF2	RSPH4A	-0.45092	46.15	-1.5E-01	rgb(185,197,223)	1.903	None
LMX1A	UNC79	0.45092	46.15	0.153	rgb(219,188,188)	1.903	None
SOX4	IFI44	0.45033	46.14	0.135	rgb(218,191,191)	1.9028	None
NEUROG3	ARHGAP9	-0.44974	46.13	-1.3E-01	rgb(188,199,222)	1.9026	None
SPIB	NEUROD2	0.44974	46.13	0.133	rgb(218,192,192)	1.9026	None
TFCP2L1	C1QL1	-0.44974	46.13	-1.3E-01	rgb(188,199,222)	1.9026	None
TFCP2L1	TPST2	-0.44974	46.13	-1.3E-01	rgb(189,200,222)	1.9026	None
HSF2	PTPN22	-0.44916	46.12	-1.2E-01	rgb(190,201,222)	1.9024	None
ELF4	CFH	0.44857	46.11	0.11	rgb(218,196,196)	1.9022	2,2
PAX4	GPR162	0.44857	46.11	0.109	rgb(218,196,196)	1.9022	None
ETS1	IFIT1	0.44799	46.1	0.104	rgb(218,197,197)	1.902	None
TFCP2L1	CBX2	0.44799	46.1	0.095	rgb(218,199,199)	1.902	None
TFCP2L1	CRYBA2	-0.44799	46.1	-1.0E-01	rgb(194,203,221)	1.902	None
GATA2	SDK2	0.4474	46.09	0.091	rgb(218,200,200)	1.9018	None
GATA4	RGS16	-0.4474	46.09	-8.7E-02	rgb(198,205,220)	1.9018	None
PDX1	CDK5R1	0.44681	46.08	0.075	rgb(218,203,203)	1.9016	None
NHLH1	INSM1	-0.44623	46.07	-7.3E-02	rgb(201,207,220)	1.9014	None
ASCL2	FAM101B	0.44564	46.06	0.059	rgb(218,206,206)	1.9012	2,2
HSF2	CITED2	0.44564	46.06	0.062	rgb(218,205,205)	1.9012	None
TFCP2L1	SDK2	-0.44564	46.06	-5.7E-02	rgb(205,209,219)	1.9012	None
PAX6	ASIC4	0.44505	46.05	0.053	rgb(218,207,207)	1.901	None
HSF2	DOCK8	-0.44447	46.02	-1.7E-02	rgb(213,215,218)	1.9004	None
MAFB	CADM3	0.44447	46.02	0.025	rgb(217,212,212)	1.9004	None
ARX	APLP1	0.44388	46	0.005	rgb(217,216,216)	1.9	None
NEUROG3	LOC100128288	0.44388	46	0.003	rgb(217,216,216)	1.9	None
SOX4	GGT5	0.44388	46	0.003	rgb(217,216,216)	1.9	None
LMX1A	PALMD	0.44329	45.92	0.925	rgb(227, 40, 42)	1.8984	None
TEAD1	EGFR	0.44329	45.92	0.92	rgb(227, 41, 43)	1.8984	None
RFX6	TNP1	0.44259	45.91	0.911	rgb(227, 43, 45)	1.8982	None
TGIF2	MAPK12	0.44259	45.91	0.907	rgb(227, 44, 46)	1.8982	None
ATF5	GCH1	-0.4419	45.85	-8.5E-01	rgb( 33,105,249)	1.897	None
ONECUT3	HIF1A	0.4419	45.85	0.854	rgb(226, 54, 56)	1.897	None
ONECUT2	SCN3A	0.4412	45.84	0.837	rgb(226, 57, 59)	1.8968	2,2
RFX3	MIAT	0.4412	45.84	0.841	rgb(226, 56, 58)	1.8968	None
MAFA	FAM135B	0.4405	45.82	0.823	rgb(226, 60, 61)	1.8964	None
MYRF	UBBP4	-0.4405	45.82	-8.2E-01	rgb( 38,108,248)	1.8964	2,2
EGR3	KCTD12	0.4398	45.81	0.806	rgb(226, 63, 65)	1.8962	None
PRDM16	PER2	0.4398	45.81	0.81	rgb(226, 62, 64)	1.8962	None
TEAD1	HDAC7	0.4391	45.8	0.8	rgb(226, 64, 66)	1.896	None
TFCP2L1	COL21A1	0.4391	45.8	0.799	rgb(226, 64, 66)	1.896	None
PBX1	INSM1	-0.4384	45.78	-7.8E-01	rgb( 47,113,247)	1.8956	None
FOXP2	HOPX	-0.4377	45.76	-7.6E-01	rgb( 53,117,246)	1.8952	None
GATA6	ANKRD13B	-0.4377	45.76	-7.6E-01	rgb( 53,117,246)	1.8952	None
RORC	BAMBI	-0.4377	45.76	-7.6E-01	rgb( 53,117,246)	1.8952	None
TGIF2	CLGN	0.4377	45.76	0.758	rgb(225, 72, 74)	1.8952	None
ONECUT3	DCHS1	0.437	45.75	0.752	rgb(225, 73, 75)	1.895	None
PROX1	DLC1	-0.437	45.75	-7.5E-01	rgb( 55,118,245)	1.895	None
TGIF2	TEAD1	0.437	45.75	0.747	rgb(225, 74, 76)	1.895	None
FEV	AK024119	0.4363	45.74	0.737	rgb(225, 76, 78)	1.8948	2,2
ELF4	EID1	-0.4356	45.73	-7.3E-01	rgb( 59,121,245)	1.8946	None
TFCP2L1	CBLN1	0.4356	45.73	0.734	rgb(225, 77, 78)	1.8946	None
TGIF2	MCF2L	0.4356	45.73	0.726	rgb(225, 78, 80)	1.8946	None
MAFB	ZNF117	-0.4349	45.72	-7.2E-01	rgb( 61,122,244)	1.8944	None
RORC	MYRF	0.4349	45.72	0.722	rgb(225, 79, 81)	1.8944	None
SPIB	ATF6	-0.4349	45.72	-7.2E-01	rgb( 61,122,244)	1.8944	None
HIC1	EPM2A	0.4342	45.71	0.714	rgb(225, 81, 82)	1.8942	None
TEAD1	MAPK7	-0.4342	45.71	-7.1E-01	rgb( 62,123,244)	1.8942	None
ZNF117	AK126286	0.4342	45.71	0.706	rgb(225, 82, 84)	1.8942	2,2
TGIF2	HDAC7	0.4335	45.7	0.704	rgb(225, 83, 84)	1.894	None
TGIF2	KSR2	0.4335	45.7	0.703	rgb(225, 83, 84)	1.894	None
ETS1	PRKCG	-0.4328	45.69	-6.9E-01	rgb( 68,126,243)	1.8938	None
GATA6	KCNH7	0.4321	45.68	0.681	rgb(224, 87, 88)	1.8936	None
PRDM16	OGFRL1	0.4321	45.68	0.684	rgb(225, 86, 88)	1.8936	None
ARNT2	MED12L	0.4314	45.67	0.667	rgb(224, 90, 91)	1.8934	None
ETS1	FGF2	-0.4314	45.67	-6.7E-01	rgb( 72,129,242)	1.8934	None
FOXA1	MAPK12	-0.4314	45.67	-6.7E-01	rgb( 71,128,243)	1.8934	None
LMX1A	SMAD9	0.4314	45.67	0.675	rgb(224, 88, 89)	1.8934	None
MAFB	FUT1	-0.4314	45.67	-6.7E-01	rgb( 72,129,242)	1.8934	None
RFX6	KCNK3	0.4314	45.67	0.667	rgb(224, 90, 91)	1.8934	None
SIM1	ASCL1	0.4314	45.67	0.67	rgb(224, 89, 90)	1.8934	2,2
ETS1	RSPH4A	-0.4307	45.66	-6.6E-01	rgb( 75,130,242)	1.8932	None
HIF1A	PROX1	0.4307	45.66	0.658	rgb(224, 91, 93)	1.8932	None
MAFA	EFCC1	0.4307	45.66	0.658	rgb(224, 91, 93)	1.8932	None
NFAT5	CDH22	-0.4307	45.66	-6.6E-01	rgb( 75,130,242)	1.8932	None
ONECUT3	ZFHX2	0.4307	45.66	0.656	rgb(224, 92, 93)	1.8932	None
PBX1	MLLT11	-0.4307	45.66	-6.6E-01	rgb( 73,129,242)	1.8932	None
SOX4	ANKRD18A	-0.4307	45.66	-6.6E-01	rgb( 73,130,242)	1.8932	None
TP73	PTP4A3	0.4307	45.66	0.662	rgb(224, 91, 92)	1.8932	None
ZFP28	SGSM1	-0.4307	45.66	-6.6E-01	rgb( 75,130,242)	1.8932	None
ETV1	TMPRSS6	0.43	45.65	0.654	rgb(224, 92, 93)	1.893	None
FEV	EML1	0.43	45.65	0.649	rgb(224, 93, 94)	1.893	None
PAX6	LIMCH1	0.43	45.65	0.651	rgb(224, 93, 94)	1.893	None
HSF2	ZFP62	0.4293	45.64	0.636	rgb(224, 96, 97)	1.8928	None
NFAT5	TFCP2L1	0.4293	45.64	0.643	rgb(224, 94, 96)	1.8928	None
SPIB	NPW	0.4293	45.64	0.637	rgb(224, 95, 97)	1.8928	None
ZNF846	CACNA2D1	-0.4293	45.64	-6.4E-01	rgb( 78,133,241)	1.8928	None
ZBTB4	KIAA0845	-0.4293	45.64	-6.4E-01	rgb( 78,132,241)	1.8928	2,2
ASCL1	MANEAL	0.4286	45.63	0.627	rgb(224, 97, 99)	1.8926	None
ETS1	SCGN	-0.4286	45.63	-6.3E-01	rgb( 81,134,241)	1.8926	None
FOXA2	PDX1	-0.4286	45.63	-6.3E-01	rgb( 80,134,241)	1.8926	None
GATA6	ADNP	0.4286	45.63	0.632	rgb(224, 96, 98)	1.8926	None
MAFA	GIP	0.4286	45.63	0.629	rgb(224, 97, 98)	1.8926	None
ONECUT3	MS4A8	-0.4286	45.63	-6.3E-01	rgb( 80,134,241)	1.8926	None
ZNF117	SLC7A4	-0.4286	45.63	-6.3E-01	rgb( 80,134,241)	1.8926	2,2
POU2F2	SPON1	0.4279	45.62	0.617	rgb(224, 99,100)	1.8924	None
TFCP2L1	MUC5AC	0.4279	45.62	0.616	rgb(224, 99,101)	1.8924	2,2
ZFHX2	MYRF	0.4279	45.62	0.625	rgb(224, 98, 99)	1.8924	None
GATA2	GLIS2	0.4272	45.61	0.612	rgb(224,100,101)	1.8922	None
MAFB	SMARCD2	-0.4272	45.61	-6.1E-01	rgb( 84,136,240)	1.8922	None
NKX6-1	GRIK3	0.4272	45.61	0.609	rgb(224,101,102)	1.8922	2,2
NR4A2	DDC	-0.4272	45.61	-6.1E-01	rgb( 84,136,240)	1.8922	None
PAX6	DCHS1	0.4272	45.61	0.607	rgb(224,101,102)	1.8922	None
ELF4	ANKRD13B	-0.4265	45.6	-6.0E-01	rgb( 88,138,240)	1.892	None
MAFB	PBX1	0.4265	45.6	0.604	rgb(224,102,103)	1.892	None
ONECUT3	CIB4	-0.4265	45.6	-6.0E-01	rgb( 87,138,240)	1.892	None
SPIB	RRAGD	0.4265	45.6	0.598	rgb(224,103,104)	1.892	None
ZFHX2	GPC2	0.4265	45.6	0.599	rgb(224,103,104)	1.892	None
EGR3	GAP43	-0.4258	45.59	-5.9E-01	rgb( 89,139,239)	1.8918	None
ETS1	EGFR	0.4258	45.59	0.594	rgb(224,104,105)	1.8918	None
GATA2	HIP1	0.4258	45.59	0.59	rgb(223,104,105)	1.8918	None
GATA6	RSPH4A	-0.4258	45.59	-5.9E-01	rgb( 88,139,240)	1.8918	None
MAFB	SYP	0.4258	45.59	0.587	rgb(223,105,106)	1.8918	None
NKX6-1	PTPRN2	0.4251	45.58	0.577	rgb(223,107,108)	1.8916	None
RFX3	KCNH7	0.4251	45.58	0.582	rgb(223,106,107)	1.8916	None
SMAD9	PLEKHB1	-0.4251	45.58	-5.8E-01	rgb( 91,140,239)	1.8916	None
SOX4	FAM171A2	0.4251	45.58	0.578	rgb(223,107,108)	1.8916	None
SPIB	SNED1	0.4251	45.58	0.579	rgb(223,106,108)	1.8916	None
TEAD2	TMEM151B	0.4251	45.58	0.577	rgb(223,107,108)	1.8916	None
TFCP2L1	HIP1	0.4251	45.58	0.579	rgb(223,106,108)	1.8916	None
TFCP2L1	SSTR3	0.4251	45.58	0.58	rgb(223,106,107)	1.8916	None
DZIP1	RAB40A	0.4251	45.58	0.575	rgb(223,107,108)	1.8916	2,2
FEV	SEPT3	0.4244	45.57	0.573	rgb(223,108,109)	1.8914	2,2
FOXP2	USP32P2	-0.4244	45.57	-5.7E-01	rgb( 93,142,239)	1.8914	None
HES4	LRAT	0.4244	45.57	0.571	rgb(223,108,109)	1.8914	None
LTF	ADAMTS2	-0.4244	45.57	-5.7E-01	rgb( 93,142,239)	1.8914	2,2
MAFB	NAV3	0.4244	45.57	0.575	rgb(223,107,108)	1.8914	None
NEUROD1	ACE	0.4244	45.57	0.57	rgb(223,108,109)	1.8914	None
NR4A2	INSM1	-0.4244	45.57	-5.7E-01	rgb( 93,142,239)	1.8914	None
ONECUT3	RPLP0P2	-0.4244	45.57	-5.7E-01	rgb( 94,142,239)	1.8914	None
PRDM16	AL832439	0.4244	45.57	0.569	rgb(223,108,109)	1.8914	2,2
GRHL3	AX747826	-0.4244	45.57	-5.7E-01	rgb( 93,142,239)	1.8914	2,2
ETV1	KCNJ6	0.4237	45.56	0.556	rgb(223,111,112)	1.8912	None
FOXA1	GAST	-0.4237	45.56	-5.6E-01	rgb( 96,143,238)	1.8912	2,2
PBX1	MTSS1	0.4237	45.56	0.56	rgb(223,110,111)	1.8912	None
POU2F2	DDC	-0.4237	45.56	-5.6E-01	rgb( 96,143,238)	1.8912	None
RFX2	RBP2	-0.4237	45.56	-5.6E-01	rgb( 94,142,238)	1.8912	None
HOXB9	CLGN	0.423	45.55	0.545	rgb(223,113,114)	1.891	None
HOXB9	P2RX6	-0.423	45.55	-5.5E-01	rgb( 98,145,238)	1.891	None
MAFA	MAST1	0.423	45.55	0.549	rgb(223,112,113)	1.891	None
MAFB	SULT1C2P1	-0.423	45.55	-5.5E-01	rgb( 98,145,238)	1.891	None
PBX1	S100A1	-0.423	45.55	-5.5E-01	rgb( 97,144,238)	1.891	None
SMAD9	NOXO1	0.423	45.55	0.551	rgb(223,112,113)	1.891	None
ZFP82	MAP3K12	0.423	45.55	0.55	rgb(223,112,113)	1.891	None
ADNP	BC127823	-0.423	45.55	-5.5E-01	rgb( 97,144,238)	1.891	2,2
LMX1B	PLCG2	0.4223	45.54	0.541	rgb(223,114,115)	1.8908	None
RORC	TUB	-0.4223	45.54	-5.4E-01	rgb(101,146,237)	1.8908	None
SPIB	AKR1B1	0.4223	45.54	0.542	rgb(223,113,115)	1.8908	None
TFCP2L1	LRIG1	0.4223	45.54	0.537	rgb(223,115,116)	1.8908	None
EGR3	ARHGAP22	-0.4216	45.53	-5.3E-01	rgb(101,147,237)	1.8906	None
GATA4	SHC3	-0.4216	45.53	-5.3E-01	rgb(101,147,237)	1.8906	None
HSF2	RPLP0P2	-0.4216	45.53	-5.3E-01	rgb(101,146,237)	1.8906	None
LHX1	RBFOX2	0.4216	45.53	0.529	rgb(223,116,117)	1.8906	None
MAFF	NACAD	0.4216	45.53	0.531	rgb(223,116,117)	1.8906	None
NR4A2	COL16A1	0.4216	45.53	0.525	rgb(223,117,118)	1.8906	None
NR4A3	TMEM151A	0.4216	45.53	0.532	rgb(223,115,117)	1.8906	None
ONECUT1	HOPX	-0.4216	45.53	-5.3E-01	rgb(101,147,237)	1.8906	None
PDX1	P2RX6	-0.4216	45.53	-5.3E-01	rgb(101,147,237)	1.8906	None
RORC	MAPK8IP1	0.4216	45.53	0.527	rgb(223,116,117)	1.8906	None
SMAD9	APLP1	0.4216	45.53	0.528	rgb(223,116,117)	1.8906	None
TEAD2	LIMD2	0.4216	45.53	0.529	rgb(223,116,117)	1.8906	2,2
TFCP2L1	KCNIP3	0.4216	45.53	0.525	rgb(223,117,118)	1.8906	None
ZFHX2	SLC38A3	-0.4216	45.53	-5.3E-01	rgb(103,148,237)	1.8906	None
ARX	GDAP1L1	0.4209	45.52	0.52	rgb(223,118,119)	1.8904	2,2
FOXA1	RAB3C	-0.4209	45.52	-5.2E-01	rgb(105,149,237)	1.8904	None
ZNF492	LOC653513	0.4209	45.52	0.52	rgb(223,118,119)	1.8904	2,2
ZNF846	BMS1P1	0.4209	45.52	0.517	rgb(223,118,119)	1.8904	2,2
FOXP2	LIMCH1	-0.4202	45.51	-5.1E-01	rgb(106,150,236)	1.8902	None
NKX6-1	PTPN22	0.4202	45.51	0.511	rgb(223,119,120)	1.8902	None
ONECUT3	TAGLN3	-0.4202	45.51	-5.1E-01	rgb(106,150,236)	1.8902	None
PRDM16	RPS6KL1	-0.4202	45.51	-5.1E-01	rgb(105,149,237)	1.8902	None
TEAD1	SSTR5-AS1	-0.4202	45.51	-5.1E-01	rgb(106,150,236)	1.8902	None
EGR3	GIP	-0.4195	45.5	-5.0E-01	rgb(109,152,236)	1.89	None
ETV1	EID1	-0.4195	45.5	-5.0E-01	rgb(108,151,236)	1.89	None
HOXB9	CAND2	-0.4195	45.5	-5.0E-01	rgb(109,151,236)	1.89	None
MXI1	RYBP	0.4195	45.5	0.503	rgb(223,121,122)	1.89	None
SMAD9	C2CD4A	0.4195	45.5	0.502	rgb(223,121,122)	1.89	None
SMAD9	RAP1GAP2	0.4195	45.5	0.495	rgb(222,122,123)	1.89	None
TP73	CCDC74A	-0.4195	45.5	-5.0E-01	rgb(108,151,236)	1.89	None
EGR3	NINJ1	0.4188	45.49	0.492	rgb(222,123,124)	1.8898	None
LMX1A	BOC	0.4188	45.49	0.493	rgb(222,123,124)	1.8898	None
NEUROD2	DLGAP3	0.4188	45.49	0.488	rgb(222,124,125)	1.8898	None
NHLH1	CLCA1	0.4188	45.49	0.494	rgb(222,123,124)	1.8898	None
PRDM16	EID2	-0.4188	45.49	-4.9E-01	rgb(110,152,236)	1.8898	None
LHX1	SMOC1	-0.4181	45.48	-4.8E-01	rgb(114,154,235)	1.8896	None
NHLH1	CSF1R	0.4181	45.48	0.478	rgb(222,126,127)	1.8896	None
RFX2	ZNF846	0.4181	45.48	0.476	rgb(222,126,127)	1.8896	None
RORC	CHST9	0.4181	45.48	0.478	rgb(222,126,127)	1.8896	2,2
SMAD9	AKNA	-0.4181	45.48	-4.8E-01	rgb(113,154,235)	1.8896	None
SOX4	EIF4EBP3	0.4181	45.48	0.48	rgb(222,125,126)	1.8896	None
SOX4	PDX1	0.4181	45.48	0.478	rgb(222,126,127)	1.8896	None
GRHL3	AX748285	-0.4181	45.48	-4.8E-01	rgb(112,153,235)	1.8896	2,2
ELF4	DLL1	-0.4174	45.47	-4.7E-01	rgb(114,154,235)	1.8894	None
GATA4	ALAS2	0.4174	45.47	0.466	rgb(222,128,129)	1.8894	None
GLIS2	SERTAD1	0.4174	45.47	0.475	rgb(222,126,127)	1.8894	None
EGR3	STMND1	-0.4167	45.46	-4.6E-01	rgb(116,156,235)	1.8892	None
LHX1	PEX5L	-0.4167	45.46	-4.6E-01	rgb(118,157,234)	1.8892	None
ONECUT1	MUC16	0.4167	45.46	0.461	rgb(222,129,130)	1.8892	None
SOX4	SH3RF3-AS1	0.4167	45.46	0.46	rgb(222,129,130)	1.8892	None
ELF4	INSRR	0.416	45.45	0.451	rgb(222,131,132)	1.889	None
FEV	AMPH	0.416	45.45	0.453	rgb(222,131,131)	1.889	None
FEV	RUNDC3A	0.416	45.45	0.453	rgb(222,130,131)	1.889	None
FOXA1	TMEFF2	0.416	45.45	0.453	rgb(222,130,131)	1.889	None
GATA2	CBX4	0.416	45.45	0.452	rgb(222,131,131)	1.889	None
GATA4	ZNF846	-0.416	45.45	-4.5E-01	rgb(119,157,234)	1.889	None
MYRF	ACSS3	0.416	45.45	0.455	rgb(222,130,131)	1.889	None
NEUROD2	EVL	0.416	45.45	0.445	rgb(222,132,133)	1.889	None
ONECUT1	MIR137HG	0.416	45.45	0.448	rgb(222,131,132)	1.889	None
SOX4	MSMB	0.416	45.45	0.447	rgb(222,132,132)	1.889	None
ASCL2	AX747090	0.4153	45.44	0.441	rgb(222,133,134)	1.8888	2,2
FOXA1	DCHS1	0.4153	45.44	0.438	rgb(222,133,134)	1.8888	None
FOXA1	KCNJ6	0.4153	45.44	0.444	rgb(222,132,133)	1.8888	None
GATA2	BAI2	0.4153	45.44	0.436	rgb(222,134,135)	1.8888	2,2
HIF1A	PPP1R3C	-0.4153	45.44	-4.4E-01	rgb(120,158,234)	1.8888	None
HSF2	SSTR2	0.4153	45.44	0.442	rgb(222,133,133)	1.8888	None
MAFA	KCNK16	-0.4153	45.44	-4.4E-01	rgb(121,159,234)	1.8888	None
MLXIPL	CFH	0.4153	45.44	0.436	rgb(222,134,135)	1.8888	2,2
NEUROD2	SOX4	0.4153	45.44	0.443	rgb(222,132,133)	1.8888	None
NR4A2	PCAT1	0.4153	45.44	0.444	rgb(222,132,133)	1.8888	None
SOX4	LRRTM3	-0.4153	45.44	-4.4E-01	rgb(121,158,234)	1.8888	None
SOX4	PLCXD3	-0.4153	45.44	-4.4E-01	rgb(122,159,234)	1.8888	None
ZFHX2	SRCIN1	0.4153	45.44	0.439	rgb(222,133,134)	1.8888	None
ZNF846	IFNE	0.4153	45.44	0.438	rgb(222,133,134)	1.8888	2,2
TSHZ1	FLJ22184	-0.4153	45.44	-4.4E-01	rgb(121,159,234)	1.8888	2,2
ASCL2	DPYSL4	0.4146	45.43	0.427	rgb(222,135,136)	1.8886	None
ATF5	GOLGA6L5	-0.4146	45.43	-4.3E-01	rgb(124,160,233)	1.8886	2,2
ETV1	UCN3	0.4146	45.43	0.433	rgb(222,134,135)	1.8886	None
MXI1	MAPK8IP1	-0.4146	45.43	-4.3E-01	rgb(124,161,233)	1.8886	None
NR4A2	KIAA0845	-0.4146	45.43	-4.3E-01	rgb(124,160,233)	1.8886	2,2
NR4A3	TMEM198	0.4146	45.43	0.428	rgb(222,135,136)	1.8886	None
ONECUT2	AK125301	0.4146	45.43	0.426	rgb(222,136,136)	1.8886	2,2
POU2F2	KCNK17	0.4146	45.43	0.431	rgb(222,135,136)	1.8886	None
TFCP2L1	EIF4EBP3	-0.4146	45.43	-4.3E-01	rgb(124,160,233)	1.8886	None
EGR3	G0S2	0.4139	45.42	0.419	rgb(222,137,138)	1.8884	None
FOXA2	FAM13A-AS1	-0.4139	45.42	-4.2E-01	rgb(126,162,233)	1.8884	None
GATA2	PDZD4	0.4139	45.42	0.42	rgb(222,137,138)	1.8884	None
NR4A2	DZIP1	-0.4139	45.42	-4.2E-01	rgb(126,162,233)	1.8884	None
SOX4	EYA4	-0.4139	45.42	-4.2E-01	rgb(125,161,233)	1.8884	None
SPIB	CCDC74B	-0.4139	45.42	-4.2E-01	rgb(126,162,233)	1.8884	None
ZNF382	SLC35F3	0.4139	45.42	0.422	rgb(222,136,137)	1.8884	None
EGR3	SLC7A2	0.4132	45.41	0.412	rgb(222,138,139)	1.8882	None
GATA6	SDK2	-0.4132	45.41	-4.1E-01	rgb(128,163,233)	1.8882	None
HIF1A	MLXIPL	-0.4132	45.41	-4.1E-01	rgb(129,163,232)	1.8882	None
HSF2	VOPP1	-0.4132	45.41	-4.1E-01	rgb(129,163,232)	1.8882	None
MAFA	AK127697	0.4132	45.41	0.409	rgb(222,139,140)	1.8882	2,2
ONECUT2	KDM1A	-0.4132	45.41	-4.1E-01	rgb(127,162,233)	1.8882	None
PDX1	APLP1	0.4132	45.41	0.41	rgb(222,139,140)	1.8882	None
SPIB	CADM2	0.4132	45.41	0.409	rgb(221,139,140)	1.8882	None
ZFHX2	CLCA1	0.4132	45.41	0.409	rgb(222,139,140)	1.8882	None
ZFP90	AK074396	-0.4132	45.41	-4.1E-01	rgb(128,163,233)	1.8882	2,2
KCNIP3	TRAM1L1	0.4132	45.41	0.408	rgb(221,139,140)	1.8882	2,2
TSHZ1	FAM64A	-0.4132	45.41	-4.1E-01	rgb(128,163,233)	1.8882	2,2
ARX	RASL11B	-0.4125	45.4	-4.0E-01	rgb(131,164,232)	1.888	None
ETS1	LIMCH1	0.4125	45.4	0.401	rgb(221,140,141)	1.888	None
MLXIPL	LOC100216479	0.4125	45.4	0.399	rgb(221,141,142)	1.888	2,2
MYRF	AX747853	-0.4125	45.4	-4.0E-01	rgb(131,165,232)	1.888	2,2
NR4A2	MAPK8IP1	-0.4125	45.4	-4.0E-01	rgb(130,164,232)	1.888	None
ONECUT1	AK026777	0.4125	45.4	0.397	rgb(221,141,142)	1.888	2,2
ONECUT3	AX747227	-0.4125	45.4	-4.0E-01	rgb(130,164,232)	1.888	2,2
RFX2	IFIT1	0.4125	45.4	0.398	rgb(221,141,142)	1.888	None
SMAD9	GATA4	-0.4125	45.4	-4.0E-01	rgb(131,164,232)	1.888	None
SPIB	AK123868	0.4125	45.4	0.404	rgb(221,140,141)	1.888	2,2
TEAD2	NR4A3	0.4125	45.4	0.401	rgb(221,140,141)	1.888	None
TFCP2L1	ST8SIA6-AS1	0.4125	45.4	0.404	rgb(221,140,141)	1.888	None
ZFHX2	TTLL7	0.4125	45.4	0.403	rgb(221,140,141)	1.888	None
ZFP92	HV535469	-0.4125	45.4	-4.0E-01	rgb(130,164,232)	1.888	2,2
HSF2	CHRNB4	-0.4118	45.39	-3.9E-01	rgb(132,165,232)	1.8878	None
LHX1	MEX3A	0.4118	45.39	0.39	rgb(221,143,143)	1.8878	None
MXI1	RSPH4A	0.4118	45.39	0.388	rgb(221,143,144)	1.8878	None
POU2F2	AK130076	0.4118	45.39	0.394	rgb(221,142,143)	1.8878	2,2
SOX4	ADAMTSL1	-0.4118	45.39	-3.9E-01	rgb(132,165,232)	1.8878	None
SPIB	KCNIP3	0.4118	45.39	0.39	rgb(221,142,143)	1.8878	None
TFCP2L1	ZFP92	0.4118	45.39	0.388	rgb(221,143,144)	1.8878	2,2
ETV1	MLLT11	0.4111	45.38	0.378	rgb(221,145,146)	1.8876	None
LHX1	HOMEZ	0.4111	45.38	0.376	rgb(221,145,146)	1.8876	None
LMX1A	LDHAL6A	-0.4111	45.38	-3.8E-01	rgb(134,167,232)	1.8876	None
SOX4	ACSL6	0.4111	45.38	0.379	rgb(221,145,145)	1.8876	None
ELF4	FER1L6-AS1	0.4104	45.37	0.374	rgb(221,145,146)	1.8874	None
GATA6	RPS3	0.4104	45.37	0.365	rgb(221,147,148)	1.8874	None
ISL1	ASCL1	0.4104	45.37	0.367	rgb(221,147,148)	1.8874	2,2
MAFA	CERKL	0.4104	45.37	0.366	rgb(221,147,148)	1.8874	None
MAFB	MAGED1	-0.4104	45.37	-3.7E-01	rgb(137,168,231)	1.8874	None
NHLH1	TSNAX-DISC1	-0.4104	45.37	-3.7E-01	rgb(136,168,231)	1.8874	None
TFCP2L1	IFIT1	0.4104	45.37	0.375	rgb(221,145,146)	1.8874	None
FEV	STMN3	0.4097	45.36	0.361	rgb(221,148,149)	1.8872	None
GATA2	AK096718	0.4097	45.36	0.358	rgb(221,149,149)	1.8872	2,2
LHX1	AGAP11	0.4097	45.36	0.364	rgb(221,147,148)	1.8872	None
ONECUT1	DPYSL3	-0.4097	45.36	-3.6E-01	rgb(138,169,231)	1.8872	None
SMAD9	CACNA1E	0.4097	45.36	0.363	rgb(221,148,148)	1.8872	None
SMAD9	MAPK10	0.4097	45.36	0.363	rgb(221,148,148)	1.8872	None
SOX4	BGN	-0.4097	45.36	-3.6E-01	rgb(138,169,231)	1.8872	None
ZNF519	GAL	-0.4097	45.36	-3.6E-01	rgb(138,169,231)	1.8872	None
GATA2	APBB2	-0.409	45.35	-3.5E-01	rgb(141,171,230)	1.887	None
HES4	HIC1	-0.409	45.35	-3.5E-01	rgb(142,171,230)	1.887	None
HOXB9	TCTEX1D4	-0.409	45.35	-3.5E-01	rgb(141,171,230)	1.887	None
LHX1	ATF6	-0.409	45.35	-3.5E-01	rgb(142,171,230)	1.887	None
NEUROD1	SLC12A5	0.409	45.35	0.345	rgb(221,151,152)	1.887	None
NHLH1	CACNA1H	0.409	45.35	0.346	rgb(221,151,152)	1.887	None
NR4A2	RCOR2	-0.409	45.35	-3.5E-01	rgb(141,171,230)	1.887	None
RORC	SAMD14	0.409	45.35	0.349	rgb(221,150,151)	1.887	None
ZNF846	AK123654	0.409	45.35	0.351	rgb(221,150,151)	1.887	2,2
FOXP2	COL12A1	0.4083	45.34	0.34	rgb(221,152,153)	1.8868	None
LMX1B	DBC1	0.4083	45.34	0.338	rgb(221,152,153)	1.8868	2,2
PRDM16	BTBD17	-0.4083	45.34	-3.4E-01	rgb(144,173,230)	1.8868	None
SPIB	CRLF1	0.4083	45.34	0.335	rgb(221,153,154)	1.8868	None
ZNF519	AX746617	0.4083	45.34	0.342	rgb(221,152,152)	1.8868	2,2
ETV1	KNDC1	0.4076	45.33	0.333	rgb(221,153,154)	1.8866	None
MAFB	ACE	0.4076	45.33	0.334	rgb(221,153,154)	1.8866	None
MAFB	EVL	0.4076	45.33	0.335	rgb(221,153,154)	1.8866	None
NFAT5	MALAT1	0.4076	45.33	0.327	rgb(221,155,155)	1.8866	None
NHLH1	TMEM190	-0.4076	45.33	-3.3E-01	rgb(145,173,230)	1.8866	None
SOX4	PRELP	0.4076	45.33	0.334	rgb(221,153,154)	1.8866	None
TFCP2L1	EPHA4	0.4076	45.33	0.333	rgb(221,153,154)	1.8866	None
TFCP2L1	ID4	-0.4076	45.33	-3.3E-01	rgb(146,174,229)	1.8866	None
ZNF492	LOC100652999	0.4076	45.33	0.326	rgb(221,155,155)	1.8866	2,2
ZNF846	AK094909	0.4076	45.33	0.325	rgb(221,155,156)	1.8866	2,2
FOXP2	SHC3	-0.4069	45.32	-3.2E-01	rgb(147,174,229)	1.8864	None
GATA4	USP41	0.4069	45.32	0.323	rgb(221,155,156)	1.8864	None
NR4A2	CYGB	0.4069	45.32	0.316	rgb(220,157,157)	1.8864	None
PDX1	ARHGAP22	-0.4069	45.32	-3.2E-01	rgb(149,175,229)	1.8864	None
RORC	KCNF1	0.4069	45.32	0.315	rgb(220,157,157)	1.8864	None
EGR3	LRP4-AS1	-0.4062	45.31	-3.1E-01	rgb(151,177,229)	1.8862	None
FEV	SIM1	0.4062	45.31	0.306	rgb(220,159,159)	1.8862	None
FOXA1	SLC51B	-0.4062	45.31	-3.1E-01	rgb(150,176,229)	1.8862	None
GLIS2	CHRNB2	0.4062	45.31	0.311	rgb(220,158,158)	1.8862	None
HOXB9	ATF6	0.4062	45.31	0.311	rgb(220,158,158)	1.8862	None
HSF2	SLC12A5	-0.4062	45.31	-3.1E-01	rgb(150,176,229)	1.8862	None
LHX1	CTNND1	-0.4062	45.31	-3.1E-01	rgb(151,177,229)	1.8862	None
RFX6	RIMBP2	0.4062	45.31	0.307	rgb(220,158,159)	1.8862	None
ZFP28	CACNA1E	0.4062	45.31	0.314	rgb(220,157,158)	1.8862	None
ZNF492	ABCC9	0.4062	45.31	0.307	rgb(220,158,159)	1.8862	2,2
ZNF846	KDM1A	-0.4062	45.31	-3.1E-01	rgb(151,177,229)	1.8862	None
FOXA2	LINC00939	-0.4055	45.3	-3.0E-01	rgb(151,177,229)	1.886	None
GATA4	DLC1	-0.4055	45.3	-3.0E-01	rgb(151,177,229)	1.886	None
GATA4	SCN1B	-0.4055	45.3	-3.0E-01	rgb(152,177,228)	1.886	None
HES4	SOX4	0.4055	45.3	0.295	rgb(220,161,161)	1.886	None
MAFA	SOGA3	0.4055	45.3	0.3	rgb(220,160,160)	1.886	None
NR4A2	FAM71E2	-0.4055	45.3	-3.0E-01	rgb(151,177,228)	1.886	None
PROX1	CDHR1	0.4055	45.3	0.297	rgb(220,160,161)	1.886	2,2
SOX4	LTF	0.4055	45.3	0.303	rgb(220,159,160)	1.886	None
TEAD1	ACE	0.4055	45.3	0.305	rgb(220,159,159)	1.886	None
TFCP2L1	KCNF1	-0.4055	45.3	-3.0E-01	rgb(152,178,228)	1.886	None
TGIF2	NPTX1	-0.4055	45.3	-3.0E-01	rgb(152,178,228)	1.886	None
LHX1	CCDC181	-0.4048	45.29	-2.9E-01	rgb(155,179,228)	1.8858	None
MAFA	KAT2B	0.4048	45.29	0.295	rgb(220,161,161)	1.8858	None
MAFF	CCL20	0.4048	45.29	0.287	rgb(220,162,163)	1.8858	None
SPIB	CACNA1E	0.4048	45.29	0.287	rgb(220,162,163)	1.8858	None
TFCP2L1	MALAT1	0.4048	45.29	0.292	rgb(220,161,162)	1.8858	None
HSF2	H1FX-AS1	0.4041	45.28	0.277	rgb(220,164,165)	1.8856	None
ISL1	BSN	0.4041	45.28	0.275	rgb(220,164,165)	1.8856	None
MAFA	MTUS2	-0.4041	45.28	-2.8E-01	rgb(155,180,228)	1.8856	None
RFX3	SAMD5	0.4041	45.28	0.275	rgb(220,164,165)	1.8856	None
ZNF846	AX748371	0.4041	45.28	0.278	rgb(220,164,164)	1.8856	2,2
ONECUT3	IPO11-LRRC70	-0.40341	45.27	-2.7E-01	rgb(158,181,227)	1.8854	2,2
TGIF2	PCYT1B	0.40341	45.27	0.268	rgb(220,166,166)	1.8854	None
ZFHX2	FBN1	0.40341	45.27	0.27	rgb(220,165,166)	1.8854	2,2
ZNF519	LOC100216546	0.40341	45.27	0.272	rgb(220,165,166)	1.8854	2,2
ETV1	PEX5L	0.40271	45.26	0.258	rgb(220,168,168)	1.8852	None
LHX1	FCRL6	-0.40271	45.26	-2.6E-01	rgb(161,183,227)	1.8852	None
ETV1	GLYATL3	0.40201	45.25	0.246	rgb(220,170,171)	1.885	None
GATA4	JPH4	-0.40201	45.25	-2.5E-01	rgb(163,184,226)	1.885	None
HSF2	PDGFD	-0.40201	45.25	-2.5E-01	rgb(162,184,227)	1.885	None
RORC	ZBTB4	0.40201	45.25	0.252	rgb(220,169,169)	1.885	None
SOX4	SMTNL2	-0.40201	45.25	-2.5E-01	rgb(163,184,226)	1.885	None
SPIB	GCK	0.40201	45.25	0.251	rgb(220,169,169)	1.885	None
ZFHX2	XAF1	0.40201	45.25	0.249	rgb(220,169,170)	1.885	2,2
ZFP28	HERC5	0.40201	45.25	0.245	rgb(220,170,171)	1.885	None
ASCL2	KCNAB2	0.40131	45.24	0.244	rgb(220,170,171)	1.8848	None
PAX4	RIIAD1	0.40131	45.24	0.236	rgb(220,172,172)	1.8848	None
PDX1	CAND2	-0.40131	45.24	-2.4E-01	rgb(164,185,226)	1.8848	None
ZFHX2	LINC00939	0.40131	45.24	0.236	rgb(220,172,172)	1.8848	None
ETS1	ELF4	0.40061	45.23	0.233	rgb(220,173,173)	1.8846	None
NEUROG3	EPHB3	0.40061	45.23	0.228	rgb(220,174,174)	1.8846	None
NR4A3	CELF4	0.40061	45.23	0.229	rgb(220,173,174)	1.8846	None
ARX	MIR7-3HG	0.39991	45.22	0.222	rgb(219,175,175)	1.8844	None
EGR3	POM121L9P	0.39991	45.22	0.223	rgb(219,174,175)	1.8844	None
MAFA	FKBP7	0.39991	45.22	0.22	rgb(219,175,175)	1.8844	None
MAFB	NPTX1	0.39991	45.22	0.218	rgb(219,175,176)	1.8844	None
PAX6	SNAP25	0.39991	45.22	0.219	rgb(219,175,176)	1.8844	None
PDX1	MUC15	0.39991	45.22	0.221	rgb(219,175,175)	1.8844	None
RORC	PCDHB15	-0.39921	45.21	-2.1E-01	rgb(172,190,225)	1.8842	None
ARNT2	FAM161A	0.39851	45.2	0.201	rgb(219,179,179)	1.884	None
HOXB9	EML1	0.39851	45.2	0.201	rgb(219,179,179)	1.884	None
LMX1B	GPR137C	0.39851	45.2	0.195	rgb(219,180,180)	1.884	None
ONECUT2	PBX1	0.39851	45.2	0.196	rgb(219,179,180)	1.884	None
TFCP2L1	OLFML2B	-0.39851	45.2	-2.0E-01	rgb(173,190,225)	1.884	None
NR4A2	GNG4	0.39781	45.19	0.19	rgb(219,181,181)	1.8838	None
PBX1	CELA3A	-0.39781	45.19	-1.9E-01	rgb(176,192,224)	1.8838	None
PDX1	PPP1R3C	0.39781	45.19	0.191	rgb(219,180,181)	1.8838	None
POU6F1	XAF1	0.39781	45.19	0.186	rgb(219,181,182)	1.8838	2,2
TGIF2	BCORL1	-0.39781	45.19	-1.9E-01	rgb(177,192,224)	1.8838	None
ASCL1	MAP1A	0.39711	45.18	0.177	rgb(219,183,184)	1.8836	None
ETV1	MAPK8IP1	0.39711	45.18	0.175	rgb(219,184,184)	1.8836	None
MAFA	LINC00939	-0.39711	45.18	-1.8E-01	rgb(178,193,224)	1.8836	None
POU6F1	AGAP11	0.39711	45.18	0.183	rgb(219,182,182)	1.8836	None
TGIF2	BGN	0.39711	45.18	0.183	rgb(219,182,182)	1.8836	None
TGIF2	RASL11B	0.39711	45.18	0.176	rgb(219,183,184)	1.8836	None
ZNF492	CIT	0.39711	45.18	0.181	rgb(219,182,183)	1.8836	None
ETS1	SPP1	-0.39641	45.17	-1.7E-01	rgb(181,195,223)	1.8834	None
LHX1	SPON1	0.39641	45.17	0.172	rgb(219,184,184)	1.8834	None
MAFA	CLSTN2	-0.39641	45.17	-1.7E-01	rgb(179,194,224)	1.8834	None
MYT1	CRISPLD1	0.39641	45.17	0.165	rgb(219,185,186)	1.8834	2,2
EGR3	TAF9B	-0.39571	45.16	-1.6E-01	rgb(182,196,223)	1.8832	None
GATA6	SPON1	0.39571	45.16	0.156	rgb(219,187,187)	1.8832	None
NR4A3	SOGA3	0.39571	45.16	0.164	rgb(219,186,186)	1.8832	None
ONECUT1	ROBO1	0.39571	45.16	0.16	rgb(219,186,187)	1.8832	None
SOX4	NEURL	0.39571	45.16	0.164	rgb(219,186,186)	1.8832	2,2
ZNF519	MMP11	-0.39571	45.16	-1.6E-01	rgb(182,196,223)	1.8832	None
PBX1	HEYL	-0.39501	45.15	-1.5E-01	rgb(184,197,223)	1.883	None
ZNF846	CLSTN2	0.39501	45.15	0.145	rgb(219,189,190)	1.883	None
ARX	CLCA1	0.39431	45.14	0.139	rgb(219,190,191)	1.8828	None
ETV1	CACNA1B	0.39431	45.14	0.135	rgb(218,191,191)	1.8828	2,2
GATA2	CPE	0.39431	45.14	0.136	rgb(218,191,191)	1.8828	None
GATA4	BAMBI	-0.39431	45.14	-1.4E-01	rgb(188,199,222)	1.8828	None
ZFP90	CHST10	0.39431	45.14	0.138	rgb(219,191,191)	1.8828	None
EGR3	MAGED1	-0.39361	45.13	-1.3E-01	rgb(188,199,222)	1.8826	None
FEV	MAP2	0.39361	45.13	0.127	rgb(218,193,193)	1.8826	None
LMX1A	ABCC8	0.39361	45.13	0.134	rgb(218,191,192)	1.8826	None
NKX2-2	GPR162	0.39361	45.13	0.134	rgb(218,191,192)	1.8826	None
NR4A3	SPEG	0.39361	45.13	0.134	rgb(218,191,192)	1.8826	None
ONECUT1	GLYATL3	0.39361	45.13	0.13	rgb(218,192,192)	1.8826	None
ELF4	NREP	-0.39291	45.12	-1.2E-01	rgb(192,202,221)	1.8824	None
ZNF846	MUC5B	0.39291	45.12	0.122	rgb(218,194,194)	1.8824	None
ETV1	MANEAL	0.39221	45.11	0.112	rgb(218,196,196)	1.8822	None
LMX1A	ASIC5	0.39221	45.11	0.107	rgb(218,197,197)	1.8822	2,2
NKX2-2	AK5	0.39221	45.11	0.111	rgb(218,196,196)	1.8822	None
NR4A3	INSRR	0.39221	45.11	0.111	rgb(218,196,196)	1.8822	None
LMX1B	HCP5	0.39151	45.1	0.096	rgb(218,199,199)	1.882	None
NKX6-1	NCALD	0.39151	45.1	0.095	rgb(218,199,199)	1.882	None
TEAD1	CCK	-0.39151	45.1	-1.0E-01	rgb(194,203,221)	1.882	None
FOXP2	CD96	0.39081	45.09	0.089	rgb(218,200,200)	1.8818	None
NR4A3	LRFN1	0.39081	45.09	0.093	rgb(218,199,199)	1.8818	None
TP73	RCOR2	0.39081	45.09	0.093	rgb(218,199,199)	1.8818	None
LMX1A	PDZD4	0.39011	45.08	0.078	rgb(218,202,202)	1.8816	None
ZFHX2	KCNH8	-0.39011	45.08	-7.8E-02	rgb(200,207,220)	1.8816	None
ARNT2	DPYSL3	0.38941	45.07	0.071	rgb(218,203,204)	1.8814	None
SOX4	IFI44L	0.38941	45.07	0.067	rgb(218,204,204)	1.8814	None
NR4A3	EFNB3	0.38871	45.05	0.054	rgb(218,207,207)	1.881	None
TFCP2L1	AVPR1B	-0.38871	45.05	-4.6E-02	rgb(207,211,219)	1.881	None
LHX1	UNC5D	-0.38801	45.04	-4.4E-02	rgb(207,211,219)	1.8808	None
LMX1B	CCDC154	0.38801	45.04	0.042	rgb(217,209,209)	1.8808	2,2
PAX6	ZDHHC8P1	-0.38801	45.04	-3.7E-02	rgb(209,212,218)	1.8808	None
MAFA	FOXA2	0.38731	45.03	0.027	rgb(217,212,212)	1.8806	None
NEUROG3	TUBB3	0.38731	45.03	0.032	rgb(217,211,211)	1.8806	None
FOXA1	EYA4	0.38661	45.02	0.019	rgb(217,213,213)	1.8804	None
MAFA	USH2A	0.38661	45.02	0.021	rgb(217,213,213)	1.8804	None
PRDM16	NDUFB6	0.38661	45.02	0.022	rgb(217,213,213)	1.8804	2,2
TGIF2	COL21A1	0.38591	45.01	0.011	rgb(217,215,215)	1.8802	None
ZFHX2	MEX3A	0.38521	44.89	0.892	rgb(227, 47, 48)	1.8778	None
ONECUT3	ID1	-0.38451	44.88	-8.8E-01	rgb( 25,100,251)	1.8776	None
ZFHX2	HINT1	-0.38382	44.87	-8.7E-01	rgb( 28,102,250)	1.8774	None
PRDM16	TMEM151B	0.38313	44.86	0.86	rgb(226, 53, 55)	1.8772	None
PBX1	NOL4	0.38243	44.85	0.853	rgb(226, 54, 56)	1.877	None
SPIB	NAV3	0.38243	44.85	0.848	rgb(226, 55, 57)	1.877	None
TGIF2	BAMBI	-0.38243	44.85	-8.5E-01	rgb( 32,104,249)	1.877	None
ZNF519	ONECUT3	-0.38174	44.82	-8.2E-01	rgb( 38,108,248)	1.8764	None
TGIF2	FAM227A	0.38104	44.8	0.8	rgb(226, 64, 66)	1.876	None
NEUROG3	SSTR5	-0.38035	44.79	-7.9E-01	rgb( 46,113,247)	1.8758	None
MYRF	TMOD1	-0.37965	44.78	-7.8E-01	rgb( 47,114,247)	1.8756	None
FOXP2	L1TD1	0.37896	44.77	0.767	rgb(225, 71, 72)	1.8754	2,2
ONECUT3	CDKN1A	-0.37896	44.77	-7.7E-01	rgb( 51,116,246)	1.8754	None
MAFF	FCGBP	0.37826	44.76	0.763	rgb(225, 71, 73)	1.8752	None
ONECUT3	ASIC1	0.37757	44.74	0.741	rgb(225, 75, 77)	1.8748	None
ETV1	SOCS1	-0.37687	44.73	-7.3E-01	rgb( 58,120,245)	1.8746	None
FOXA1	SLC7A2	0.37687	44.73	0.732	rgb(225, 77, 79)	1.8746	None
FOXA2	CD96	0.37687	44.73	0.729	rgb(225, 78, 79)	1.8746	None
TGIF2	PAM	-0.37618	44.72	-7.2E-01	rgb( 61,122,244)	1.8744	None
ADNP	SUCNR1	0.37618	44.72	0.718	rgb(225, 80, 81)	1.8744	2,2
ELF4	ZNF519	-0.37548	44.71	-7.1E-01	rgb( 63,124,244)	1.8742	None
MLXIPL	HES4	0.37479	44.7	0.702	rgb(225, 83, 84)	1.874	None
NFAT5	MED12L	0.37479	44.7	0.698	rgb(225, 84, 85)	1.874	None
RFX3	SSTR1	0.37479	44.7	0.7	rgb(225, 83, 85)	1.874	None
SMAD9	ZNF117	0.37479	44.7	0.702	rgb(225, 83, 84)	1.874	None
HIF1A	SPEG	0.37409	44.69	0.688	rgb(225, 86, 87)	1.8738	None
ETS1	CCND2	-0.3734	44.68	-6.8E-01	rgb( 69,127,243)	1.8736	None
ETS1	GPR148	0.3734	44.68	0.68	rgb(224, 87, 88)	1.8736	None
ONECUT3	CRYBA2	-0.3734	44.68	-6.8E-01	rgb( 69,127,243)	1.8736	None
HIF1A	FAM110B	-0.3727	44.67	-6.7E-01	rgb( 71,128,243)	1.8734	None
POU2F2	DKFZP434K028	0.3727	44.67	0.672	rgb(224, 89, 90)	1.8734	2,2
SIM1	SYT4	0.3727	44.67	0.67	rgb(224, 89, 90)	1.8734	2,2
ONECUT3	ABCA9	-0.37201	44.66	-6.6E-01	rgb( 73,130,242)	1.8732	None
ONECUT3	DNAJC12	-0.37201	44.66	-6.6E-01	rgb( 73,130,242)	1.8732	None
SOX4	SCN2A	0.37201	44.66	0.655	rgb(224, 92, 93)	1.8732	None
ZFHX2	WNK2	0.37201	44.66	0.657	rgb(224, 92, 93)	1.8732	None
ZFP28	BC015342	0.37201	44.66	0.662	rgb(224, 91, 92)	1.8732	2,2
RFX3	HOPX	-0.37132	44.65	-6.5E-01	rgb( 76,131,242)	1.873	None
TGIF2	LDB1	0.37132	44.65	0.652	rgb(224, 92, 94)	1.873	None
ZFHX2	PKIA	-0.37132	44.65	-6.5E-01	rgb( 77,132,242)	1.873	None
ZFHX2	SERPINI1	-0.37132	44.65	-6.5E-01	rgb( 75,131,242)	1.873	None
ZFHX2	ZNRF3-AS1	0.37132	44.65	0.653	rgb(224, 92, 94)	1.873	None
ETS1	CTXN1	-0.37062	44.64	-6.4E-01	rgb( 78,132,241)	1.8728	None
PBX1	CPLX1	-0.37062	44.64	-6.4E-01	rgb( 77,132,242)	1.8728	None
RORC	ATP6V1G2	0.37062	44.64	0.64	rgb(224, 95, 96)	1.8728	None
TFCP2L1	RORC	0.37062	44.64	0.635	rgb(224, 96, 97)	1.8728	None
ZFP82	CALY	-0.37062	44.64	-6.4E-01	rgb( 79,133,241)	1.8728	None
KCNIP3	CRISPLD1	0.37062	44.64	0.642	rgb(224, 94, 96)	1.8728	2,2
ATF6	AK128559	-0.36993	44.63	-6.3E-01	rgb( 80,133,241)	1.8726	2,2
GATA2	ZG16	0.36993	44.63	0.626	rgb(224, 97, 99)	1.8726	None
RORC	NCS1	-0.36993	44.63	-6.3E-01	rgb( 81,134,241)	1.8726	None
TGIF2	PHLDA2	-0.36993	44.63	-6.3E-01	rgb( 80,134,241)	1.8726	None
ZNF846	SSTR3	-0.36993	44.63	-6.3E-01	rgb( 81,134,241)	1.8726	None
GATA6	MYRF	-0.36923	44.62	-6.2E-01	rgb( 81,135,241)	1.8724	None
ONECUT3	TMEM196	-0.36923	44.62	-6.2E-01	rgb( 82,135,241)	1.8724	None
HIC1	LPPR3	0.36854	44.61	0.615	rgb(224,100,101)	1.8722	2,2
ISL1	ST6GALNAC5	0.36854	44.61	0.612	rgb(224,100,101)	1.8722	None
TGIF2	CCK	-0.36854	44.61	-6.1E-01	rgb( 85,137,240)	1.8722	None
ZNF846	CITED2	-0.36854	44.61	-6.1E-01	rgb( 85,137,240)	1.8722	None
ETS1	PLEKHB1	-0.36784	44.6	-6.0E-01	rgb( 87,138,240)	1.872	None
FEV	BAIAP3	0.36784	44.6	0.601	rgb(224,102,103)	1.872	None
FEV	JAM3	0.36784	44.6	0.605	rgb(224,102,103)	1.872	None
FOXA1	EPHB3	-0.36784	44.6	-6.0E-01	rgb( 86,137,240)	1.872	None
HES4	CDK5R1	0.36784	44.6	0.603	rgb(224,102,103)	1.872	None
HSF2	SMOC2	-0.36784	44.6	-6.0E-01	rgb( 88,138,240)	1.872	None
NR4A2	GYLTL1B	-0.36784	44.6	-6.0E-01	rgb( 87,138,240)	1.872	2,2
PAX4	FAM110B	0.36784	44.6	0.598	rgb(224,103,104)	1.872	None
PBX1	SST	-0.36784	44.6	-6.0E-01	rgb( 86,138,240)	1.872	None
RFX3	KCTD12	0.36784	44.6	0.604	rgb(224,102,103)	1.872	None
ZFHX2	LRRC10B	-0.36784	44.6	-6.0E-01	rgb( 86,138,240)	1.872	None
ZFHX2	SCUBE1	0.36784	44.6	0.603	rgb(224,102,103)	1.872	None
ONECUT3	SAMD11	-0.36715	44.59	-5.9E-01	rgb( 88,139,240)	1.8718	None
RORC	PCBP4	0.36715	44.59	0.589	rgb(223,105,106)	1.8718	None
ZFP28	RUNX1T1	0.36715	44.59	0.59	rgb(223,104,105)	1.8718	None
ZNF519	SUMO1P3	0.36715	44.59	0.586	rgb(223,105,106)	1.8718	2,2
GATA6	PAM	0.36645	44.58	0.577	rgb(223,107,108)	1.8716	None
NFAT5	AK126318	0.36645	44.58	0.577	rgb(223,107,108)	1.8716	2,2
NR4A2	FAM110B	-0.36645	44.58	-5.8E-01	rgb( 92,141,239)	1.8716	None
ZFP62	OCLM	0.36645	44.58	0.584	rgb(223,106,107)	1.8716	2,2
ETV1	TMEM151A	0.36576	44.57	0.575	rgb(223,107,108)	1.8714	None
GATA6	MLXIPL	-0.36576	44.57	-5.7E-01	rgb( 94,142,239)	1.8714	None
LHX1	SPOCK3	0.36576	44.57	0.574	rgb(223,107,109)	1.8714	None
MLXIPL	BRSK2	0.36576	44.57	0.575	rgb(223,107,108)	1.8714	None
NR4A3	STX1A	0.36576	44.57	0.566	rgb(223,109,110)	1.8714	None
TFCP2L1	IGFN1	0.36576	44.57	0.575	rgb(223,107,108)	1.8714	None
TFCP2L1	LSAMP	0.36576	44.57	0.571	rgb(223,108,109)	1.8714	None
HSF2	HECW2	0.36506	44.56	0.563	rgb(223,109,111)	1.8712	None
LHX1	ADCY5	-0.36506	44.56	-5.6E-01	rgb( 95,143,238)	1.8712	None
NR4A2	USH2A	0.36506	44.56	0.56	rgb(223,110,111)	1.8712	None
PDX1	SPINK4	-0.36506	44.56	-5.6E-01	rgb( 96,143,238)	1.8712	None
ZFHX2	GLIS2	0.36506	44.56	0.563	rgb(223,110,111)	1.8712	None
ETS1	AK026714	0.36437	44.55	0.547	rgb(223,113,114)	1.871	2,2
ETS1	ELAVL3	0.36437	44.55	0.554	rgb(223,111,112)	1.871	None
FOXA1	LOC100216546	-0.36437	44.55	-5.5E-01	rgb( 97,144,238)	1.871	2,2
HSF2	SH2D3C	-0.36437	44.55	-5.5E-01	rgb( 99,145,238)	1.871	None
NKX2-2	TSPAN11	0.36437	44.55	0.545	rgb(223,113,114)	1.871	None
PBX1	SIM1	0.36437	44.55	0.547	rgb(223,113,114)	1.871	None
POU6F1	SULT2A1	-0.36437	44.55	-5.5E-01	rgb( 97,144,238)	1.871	None
RORC	SPIB	-0.36437	44.55	-5.5E-01	rgb( 97,144,238)	1.871	None
SMAD9	DPYSL3	0.36437	44.55	0.553	rgb(223,111,113)	1.871	None
TEAD1	APBB2	0.36437	44.55	0.552	rgb(223,112,113)	1.871	None
ZNF382	SULT2A1	0.36437	44.55	0.545	rgb(223,113,114)	1.871	None
FEV	THBS4	0.36367	44.54	0.539	rgb(223,114,115)	1.8708	None
GATA4	SSTR2	-0.36367	44.54	-5.4E-01	rgb( 99,145,238)	1.8708	None
GATA6	CDH22	-0.36367	44.54	-5.4E-01	rgb( 99,145,238)	1.8708	None
LMX1B	CBX2	0.36367	44.54	0.535	rgb(223,115,116)	1.8708	None
RFX2	CITED2	0.36367	44.54	0.542	rgb(223,113,115)	1.8708	None
TEAD1	MAFF	-0.36367	44.54	-5.4E-01	rgb(100,146,238)	1.8708	None
ZFHX2	HMGN3	-0.36367	44.54	-5.4E-01	rgb( 99,145,238)	1.8708	None
ELF4	SPARC	-0.36298	44.53	-5.3E-01	rgb(102,147,237)	1.8706	None
GATA6	CYP27A1	-0.36298	44.53	-5.3E-01	rgb(102,147,237)	1.8706	None
MAFA	ELAVL3	0.36298	44.53	0.533	rgb(223,115,116)	1.8706	None
PBX1	CNOT6L	0.36298	44.53	0.534	rgb(223,115,116)	1.8706	None
SOX4	GAP43	-0.36298	44.53	-5.3E-01	rgb(101,146,237)	1.8706	None
SPIB	STARD8	0.36298	44.53	0.529	rgb(223,116,117)	1.8706	None
TEAD1	NKAIN1	-0.36298	44.53	-5.3E-01	rgb(103,147,237)	1.8706	None
FEV	MAP3K12	0.36228	44.52	0.519	rgb(223,118,119)	1.8704	None
PBX1	HGFAC	-0.36228	44.52	-5.2E-01	rgb(104,148,237)	1.8704	None
RFX3	KCNJ6	0.36228	44.52	0.519	rgb(223,118,119)	1.8704	None
EGR3	MAST1	-0.36159	44.51	-5.1E-01	rgb(106,149,236)	1.8702	None
ETS1	IMPG1	0.36159	44.51	0.515	rgb(223,119,120)	1.8702	None
ETV1	CENPE	0.36159	44.51	0.509	rgb(223,120,121)	1.8702	None
NR4A2	IGSF21	-0.36159	44.51	-5.1E-01	rgb(107,150,236)	1.8702	None
PRDM16	DQ598910	0.36159	44.51	0.51	rgb(223,120,121)	1.8702	2,2
RORC	PTPRN	0.36159	44.51	0.505	rgb(223,121,122)	1.8702	None
ZNF492	FFAR2	-0.36159	44.51	-5.1E-01	rgb(106,150,236)	1.8702	None
ZNF519	NCS1	-0.36159	44.51	-5.1E-01	rgb(107,150,236)	1.8702	None
GRHL3	NEURL	0.36159	44.51	0.508	rgb(223,120,121)	1.8702	2,2
ELF4	GDF1	-0.36089	44.5	-5.0E-01	rgb(109,151,236)	1.87	None
FOXA1	PER2	-0.36089	44.5	-5.0E-01	rgb(108,151,236)	1.87	None
SOX4	GPR137C	0.36089	44.5	0.501	rgb(223,121,122)	1.87	None
TFCP2L1	SAP30	-0.36089	44.5	-5.0E-01	rgb(108,151,236)	1.87	None
TFCP2L1	TMEM59L	-0.36089	44.5	-5.0E-01	rgb(109,151,236)	1.87	2,2
ZBTB4	PCDH11X	0.36089	44.5	0.501	rgb(223,121,122)	1.87	2,2
HOXB9	PTP4A3	0.3602	44.49	0.485	rgb(222,124,125)	1.8698	None
NEUROD2	PLEKHB1	0.3602	44.49	0.494	rgb(222,123,124)	1.8698	None
NKX6-1	ETV1	0.3602	44.49	0.487	rgb(222,124,125)	1.8698	None
NR4A2	SUSD2	-0.3602	44.49	-4.9E-01	rgb(110,152,236)	1.8698	None
RORC	TRPM2	0.3602	44.49	0.49	rgb(222,123,124)	1.8698	None
SOX4	TCTEX1D4	0.3602	44.49	0.485	rgb(222,124,125)	1.8698	None
TFCP2L1	ZMYM2	0.3602	44.49	0.492	rgb(222,123,124)	1.8698	None
ARX	KCNA6	0.35951	44.48	0.477	rgb(222,126,127)	1.8696	2,2
ETS1	PRDM16	0.35951	44.48	0.481	rgb(222,125,126)	1.8696	None
MAFA	WNT9A	0.35951	44.48	0.483	rgb(222,125,126)	1.8696	None
PBX1	USH2A	-0.35951	44.48	-4.8E-01	rgb(112,153,235)	1.8696	None
PDX1	ACTL6B	0.35951	44.48	0.484	rgb(222,125,126)	1.8696	None
RFX3	SPON2	-0.35951	44.48	-4.8E-01	rgb(114,154,235)	1.8696	None
TEAD1	CNPY1	0.35951	44.48	0.482	rgb(222,125,126)	1.8696	None
TEAD1	SMARCC1	0.35951	44.48	0.483	rgb(222,125,126)	1.8696	None
ZFHX2	CTSL2	-0.35951	44.48	-4.8E-01	rgb(113,154,235)	1.8696	2,2
EGR3	APBB1	-0.35881	44.47	-4.7E-01	rgb(115,155,235)	1.8694	None
ETV1	CHRNA5	0.35881	44.47	0.467	rgb(222,128,129)	1.8694	None
HOMEZ	FAM101B	-0.35881	44.47	-4.7E-01	rgb(116,155,235)	1.8694	2,2
MAFB	KSR2	0.35881	44.47	0.468	rgb(222,128,129)	1.8694	None
SMAD9	GFRA3	-0.35881	44.47	-4.7E-01	rgb(114,155,235)	1.8694	None
LMX1B	BSN	0.35812	44.46	0.459	rgb(222,129,130)	1.8692	None
LMX1B	CACNA1A	0.35812	44.46	0.46	rgb(222,129,130)	1.8692	None
MAFB	KAT2B	0.35812	44.46	0.465	rgb(222,128,129)	1.8692	None
NKX6-1	HLA-DQA2	0.35812	44.46	0.458	rgb(222,130,131)	1.8692	2,2
NR4A2	SAMD11	0.35812	44.46	0.458	rgb(222,130,131)	1.8692	None
PROX1	GPR133	0.35812	44.46	0.457	rgb(222,130,131)	1.8692	2,2
RORC	CLIP3	-0.35812	44.46	-4.6E-01	rgb(117,156,235)	1.8692	None
ZNF846	CCDC181	0.35812	44.46	0.458	rgb(222,130,131)	1.8692	None
ETS1	SCIMP	-0.35742	44.45	-4.5E-01	rgb(119,157,234)	1.869	None
FOXA1	KCNK3	-0.35742	44.45	-4.5E-01	rgb(118,157,234)	1.869	None
HIF1A	MRPL34	-0.35742	44.45	-4.5E-01	rgb(120,158,234)	1.869	None
LMX1A	EIF4EBP3	-0.35742	44.45	-4.5E-01	rgb(119,158,234)	1.869	None
NHLH1	MAST1	-0.35742	44.45	-4.5E-01	rgb(119,157,234)	1.869	None
ONECUT1	CRISPLD2	-0.35742	44.45	-4.5E-01	rgb(120,158,234)	1.869	None
ONECUT3	MAML3	0.35742	44.45	0.45	rgb(222,131,132)	1.869	None
TEAD1	GIP	-0.35742	44.45	-4.5E-01	rgb(119,157,234)	1.869	None
TGIF2	MDK	-0.35742	44.45	-4.5E-01	rgb(120,158,234)	1.869	None
ETS1	MAP1B	0.35673	44.44	0.436	rgb(222,134,135)	1.8688	None
GATA4	CRY2	0.35673	44.44	0.439	rgb(222,133,134)	1.8688	None
LMX1B	CD99L2	0.35673	44.44	0.442	rgb(222,132,133)	1.8688	None
MAFB	DDC	0.35673	44.44	0.44	rgb(222,133,134)	1.8688	None
ONECUT3	CLPS	-0.35673	44.44	-4.4E-01	rgb(122,159,234)	1.8688	None
ONECUT3	MRPL34	-0.35673	44.44	-4.4E-01	rgb(122,159,234)	1.8688	None
PAX4	AK092048	0.35673	44.44	0.435	rgb(222,134,135)	1.8688	2,2
RORC	SLC14A2	-0.35673	44.44	-4.4E-01	rgb(122,159,234)	1.8688	None
SPIB	HGFAC	0.35673	44.44	0.436	rgb(222,134,135)	1.8688	None
ZNF492	LOC100294362	0.35673	44.44	0.442	rgb(222,132,133)	1.8688	2,2
FOXA1	ADAM12	0.35603	44.43	0.428	rgb(222,135,136)	1.8686	None
HOXB9	AK091275	-0.35603	44.43	-4.3E-01	rgb(123,160,233)	1.8686	2,2
LMX1A	AL109792	0.35603	44.43	0.426	rgb(222,136,136)	1.8686	2,2
PAX6	BEX1	0.35603	44.43	0.427	rgb(222,136,136)	1.8686	2,2
PDX1	AP3B2	0.35603	44.43	0.427	rgb(222,135,136)	1.8686	None
TFCP2L1	AKNA	0.35603	44.43	0.434	rgb(222,134,135)	1.8686	None
AEBP1	WISP1	-0.35603	44.43	-4.3E-01	rgb(124,160,233)	1.8686	2,2
ARX	FSTL5	0.35534	44.42	0.423	rgb(222,136,137)	1.8684	None
ASCL1	MBOAT4	0.35534	44.42	0.418	rgb(222,137,138)	1.8684	None
NEUROG3	ELFN1	0.35534	44.42	0.417	rgb(222,137,138)	1.8684	None
NHLH1	GPC2	0.35534	44.42	0.425	rgb(222,136,137)	1.8684	None
NR4A3	MURC	0.35534	44.42	0.42	rgb(222,137,138)	1.8684	2,2
SMAD9	STMN3	0.35534	44.42	0.424	rgb(222,136,137)	1.8684	None
SPIB	SCIMP	-0.35534	44.42	-4.2E-01	rgb(125,161,233)	1.8684	None
TFCP2L1	SPDYE7P	0.35534	44.42	0.422	rgb(222,136,137)	1.8684	None
ZNF492	TDRD6	0.35534	44.42	0.418	rgb(222,137,138)	1.8684	2,2
ASCL1	RAB39B	0.35464	44.41	0.414	rgb(222,138,139)	1.8682	2,2
HOXB9	JAKMIP2	-0.35464	44.41	-4.1E-01	rgb(127,162,233)	1.8682	None
MAFA	KCNN3	0.35464	44.41	0.414	rgb(222,138,139)	1.8682	None
MAFB	CAMK2N2	0.35464	44.41	0.409	rgb(222,139,140)	1.8682	None
NHLH1	OGFRL1	-0.35464	44.41	-4.1E-01	rgb(129,163,232)	1.8682	None
RORC	NKTR	-0.35464	44.41	-4.1E-01	rgb(129,163,232)	1.8682	None
SPIB	SCG3	0.35464	44.41	0.412	rgb(222,138,139)	1.8682	None
ZNF846	AK302511	0.35464	44.41	0.407	rgb(221,139,140)	1.8682	2,2
FOXA1	ZFP28	0.35395	44.4	0.403	rgb(221,140,141)	1.868	None
HIC1	KCNA6	0.35395	44.4	0.4	rgb(221,141,141)	1.868	2,2
HSF2	ZBTB4	-0.35395	44.4	-4.0E-01	rgb(130,164,232)	1.868	None
NEUROD1	SEMA6B	0.35395	44.4	0.397	rgb(221,141,142)	1.868	None
NKX6-1	MAPK8IP2	0.35395	44.4	0.402	rgb(221,140,141)	1.868	2,2
PRDM16	CRY2	0.35395	44.4	0.403	rgb(221,140,141)	1.868	None
RFX3	BC127823	-0.35395	44.4	-4.0E-01	rgb(131,164,232)	1.868	2,2
SOX4	MAPK7	0.35395	44.4	0.397	rgb(221,141,142)	1.868	None
ETV1	TRPC7	0.35325	44.39	0.393	rgb(221,142,143)	1.8678	None
GATA6	RFX2	-0.35325	44.39	-3.9E-01	rgb(132,165,232)	1.8678	None
HSF2	VSTM2L	-0.35325	44.39	-3.9E-01	rgb(133,166,232)	1.8678	None
MAFB	SMARCA1	-0.35325	44.39	-3.9E-01	rgb(132,165,232)	1.8678	None
ONECUT2	MMP2	-0.35325	44.39	-3.9E-01	rgb(131,165,232)	1.8678	None
RORC	RTN1	0.35325	44.39	0.394	rgb(221,142,142)	1.8678	None
SPIB	ONECUT3	-0.35325	44.39	-3.9E-01	rgb(132,165,232)	1.8678	None
SPIB	PDGFD	-0.35325	44.39	-3.9E-01	rgb(132,166,232)	1.8678	None
ZNF846	CHST8	0.35325	44.39	0.385	rgb(221,143,144)	1.8678	None
EGR3	UNC79	-0.35256	44.38	-3.8E-01	rgb(134,166,232)	1.8676	None
HSF2	BCL2	0.35256	44.38	0.384	rgb(221,144,144)	1.8676	None
HSF2	NKTR	0.35256	44.38	0.382	rgb(221,144,145)	1.8676	None
LHX1	CERKL	0.35256	44.38	0.384	rgb(221,144,144)	1.8676	None
MXI1	EPHA4	-0.35256	44.38	-3.8E-01	rgb(136,167,231)	1.8676	None
PAX6	AK128153	0.35256	44.38	0.377	rgb(221,145,146)	1.8676	2,2
TEAD1	LRIG1	0.35256	44.38	0.376	rgb(221,145,146)	1.8676	None
TEAD1	TMOD2	0.35256	44.38	0.379	rgb(221,145,145)	1.8676	None
TGIF2	JPH4	-0.35256	44.38	-3.8E-01	rgb(135,167,231)	1.8676	None
FOXA1	RAB4B-EGLN2	0.35186	44.37	0.372	rgb(221,146,147)	1.8674	None
FOXA1	SPDYE7P	-0.35186	44.37	-3.7E-01	rgb(137,168,231)	1.8674	None
GATA4	GPC6	-0.35186	44.37	-3.7E-01	rgb(136,168,231)	1.8674	None
MAFB	ST6GALNAC5	0.35186	44.37	0.374	rgb(221,146,146)	1.8674	None
NR4A2	SPAG8	0.35186	44.37	0.372	rgb(221,146,147)	1.8674	None
NR4A3	POU6F1	0.35186	44.37	0.374	rgb(221,146,146)	1.8674	None
RORC	CHRM4	0.35186	44.37	0.367	rgb(221,147,148)	1.8674	None
SOX4	DNER	-0.35186	44.37	-3.7E-01	rgb(136,168,231)	1.8674	None
ZFHX2	LDB1	0.35186	44.37	0.369	rgb(221,147,147)	1.8674	None
HES4	MRPL34	0.35117	44.36	0.363	rgb(221,148,148)	1.8672	None
NR4A2	BCRP3	-0.35117	44.36	-3.6E-01	rgb(140,170,231)	1.8672	None
ONECUT2	AX748379	0.35117	44.36	0.364	rgb(221,147,148)	1.8672	2,2
ZFP82	GPC6	-0.35117	44.36	-3.6E-01	rgb(138,169,231)	1.8672	None
ZNF492	FAM13A-AS1	0.35117	44.36	0.359	rgb(221,149,149)	1.8672	None
ZNF846	ACSL6	0.35117	44.36	0.358	rgb(221,149,149)	1.8672	None
ZFP62	AX748285	0.35117	44.36	0.364	rgb(221,147,148)	1.8672	2,2
ETV1	PCYT1B	0.35047	44.35	0.348	rgb(221,151,151)	1.867	None
FEV	TRPC7	0.35047	44.35	0.355	rgb(221,149,150)	1.867	None
FOXA2	EMB	-0.35047	44.35	-3.5E-01	rgb(140,170,230)	1.867	None
GATA4	TMEFF2	0.35047	44.35	0.352	rgb(221,150,151)	1.867	None
GLIS2	TSHZ1	-0.35047	44.35	-3.5E-01	rgb(141,171,230)	1.867	None
HIC1	CAND2	0.35047	44.35	0.353	rgb(221,150,150)	1.867	None
HOXB9	CD300LF	0.35047	44.35	0.347	rgb(221,151,151)	1.867	None
LMX1A	CNIH2	0.35047	44.35	0.355	rgb(221,149,150)	1.867	None
MAFF	RBPMS	0.35047	44.35	0.349	rgb(221,150,151)	1.867	None
NEUROG3	PRR18	-0.35047	44.35	-3.5E-01	rgb(141,171,230)	1.867	None
PDX1	PBOV1	-0.35047	44.35	-3.5E-01	rgb(141,171,230)	1.867	None
RFX2	CCDC181	0.35047	44.35	0.354	rgb(221,149,150)	1.867	None
RFX3	WDR17	0.35047	44.35	0.348	rgb(221,151,151)	1.867	None
SOX4	KCNH8	0.35047	44.35	0.351	rgb(221,150,151)	1.867	None
TGIF2	LHX1	0.35047	44.35	0.354	rgb(221,149,150)	1.867	None
ARNT2	SEPT5-GP1BB	0.34978	44.34	0.336	rgb(221,153,153)	1.8668	2,2
FEV	MAPK8IP2	0.34978	44.34	0.338	rgb(221,152,153)	1.8668	2,2
GATA6	PGF	0.34978	44.34	0.342	rgb(221,152,152)	1.8668	None
PBX1	PRELP	-0.34978	44.34	-3.4E-01	rgb(143,172,230)	1.8668	None
ZFP28	CCDC74B	-0.34978	44.34	-3.4E-01	rgb(144,172,230)	1.8668	None
HSF2	CDKN1A	-0.34908	44.33	-3.3E-01	rgb(146,174,229)	1.8666	None
LHX1	LMO3	0.34908	44.33	0.332	rgb(221,154,154)	1.8666	None
MAFA	CD99L2	0.34908	44.33	0.33	rgb(221,154,155)	1.8666	None
SOX4	GCH1	0.34908	44.33	0.334	rgb(221,153,154)	1.8666	None
TFCP2L1	INSRR	0.34908	44.33	0.328	rgb(221,154,155)	1.8666	None
TGIF2	CADPS	0.34908	44.33	0.33	rgb(221,154,155)	1.8666	None
LMX1B	RUNX1T1	0.34839	44.32	0.319	rgb(221,156,157)	1.8664	None
PAX6	MIR7-3HG	0.34839	44.32	0.322	rgb(221,155,156)	1.8664	None
ETV1	PDGFD	0.3477	44.31	0.312	rgb(220,157,158)	1.8662	None
HIF1A	RPS14P3	-0.3477	44.31	-3.1E-01	rgb(150,176,229)	1.8662	2,2
HSF2	CDH5	-0.3477	44.31	-3.1E-01	rgb(149,176,229)	1.8662	None
MAFA	TMEM178B	-0.3477	44.31	-3.1E-01	rgb(149,176,229)	1.8662	None
NKX6-1	ABCC8	0.3477	44.31	0.306	rgb(220,159,159)	1.8662	None
ONECUT3	LOC100188947	-0.3477	44.31	-3.1E-01	rgb(150,176,229)	1.8662	2,2
PDX1	ZBTB4	0.3477	44.31	0.314	rgb(220,157,158)	1.8662	None
ZNF492	DPYSL3	-0.3477	44.31	-3.1E-01	rgb(151,177,229)	1.8662	None
ATF6	NPY	-0.347	44.3	-3.0E-01	rgb(152,177,228)	1.866	None
FEV	UCHL1	0.347	44.3	0.305	rgb(220,159,159)	1.866	2,2
NEUROG3	VSTM2L	0.347	44.3	0.303	rgb(220,159,160)	1.866	None
ONECUT3	PPP1R16B	0.347	44.3	0.298	rgb(220,160,161)	1.866	None
RFX2	HOMEZ	0.347	44.3	0.304	rgb(220,159,160)	1.866	None
RFX6	QDPR	0.347	44.3	0.301	rgb(220,159,160)	1.866	None
SOX4	FAM167A	0.347	44.3	0.303	rgb(220,159,160)	1.866	None
TFCP2L1	WDR17	0.347	44.3	0.295	rgb(220,161,161)	1.866	None
ZFHX2	ELAVL4	0.347	44.3	0.302	rgb(220,159,160)	1.866	None
ZFP92	PYY	-0.347	44.3	-3.0E-01	rgb(153,178,228)	1.866	None
ASCL2	GRAP2	0.34631	44.29	0.29	rgb(220,162,162)	1.8658	None
LMX1A	TMEM200A	0.34631	44.29	0.292	rgb(220,161,162)	1.8658	None
NR4A2	SMARCD2	-0.34631	44.29	-2.9E-01	rgb(154,178,228)	1.8658	None
ONECUT2	N4BP2L2-IT2	0.34631	44.29	0.288	rgb(220,162,163)	1.8658	2,2
RORC	LINC00494	0.34631	44.29	0.286	rgb(220,162,163)	1.8658	None
RORC	ZNF853	0.34631	44.29	0.292	rgb(220,161,162)	1.8658	None
SOX4	ST18	0.34631	44.29	0.292	rgb(220,161,162)	1.8658	None
ZNF519	AADAT	0.34631	44.29	0.289	rgb(220,162,162)	1.8658	None
LHX1	ABCC4	0.34561	44.28	0.281	rgb(220,163,164)	1.8656	None
LMX1B	NAALADL1	-0.34561	44.28	-2.8E-01	rgb(157,180,228)	1.8656	None
LMX1B	PCDHB10	0.34561	44.28	0.282	rgb(220,163,164)	1.8656	2,2
MAFA	MUC16	-0.34561	44.28	-2.8E-01	rgb(155,179,228)	1.8656	None
PAX4	LINC00310	-0.34561	44.28	-2.8E-01	rgb(157,180,228)	1.8656	None
TFCP2L1	SH3RF3-AS1	0.34561	44.28	0.278	rgb(220,164,164)	1.8656	None
TGIF2	DOK6	-0.34561	44.28	-2.8E-01	rgb(155,179,228)	1.8656	None
ASCL2	RORC	0.34492	44.27	0.27	rgb(220,166,166)	1.8654	None
GATA4	TRPM2	0.34492	44.27	0.265	rgb(220,166,167)	1.8654	None
LHX1	FGF9	0.34492	44.27	0.265	rgb(220,166,167)	1.8654	None
LMX1B	FAM19A5	0.34492	44.27	0.268	rgb(220,166,166)	1.8654	2,2
LMX1B	GDAP1	0.34492	44.27	0.273	rgb(220,165,165)	1.8654	None
MAFB	SCT	0.34492	44.27	0.266	rgb(220,166,167)	1.8654	None
NR4A3	ASIC4	0.34492	44.27	0.274	rgb(220,165,165)	1.8654	None
PDX1	USP41	0.34492	44.27	0.268	rgb(220,166,166)	1.8654	None
RFX3	ASIC4	0.34492	44.27	0.27	rgb(220,165,166)	1.8654	None
ETV1	DOCK8	0.34422	44.26	0.26	rgb(220,167,168)	1.8652	None
LHX1	PAX6	-0.34422	44.26	-2.6E-01	rgb(160,182,227)	1.8652	None
LHX1	RFX3	-0.34422	44.26	-2.6E-01	rgb(162,183,227)	1.8652	None
NR4A2	ITGA7	-0.34422	44.26	-2.6E-01	rgb(161,183,227)	1.8652	None
ELF4	PHLDA2	-0.34353	44.25	-2.5E-01	rgb(162,183,227)	1.865	None
LHX1	PPP1R3C	-0.34353	44.25	-2.5E-01	rgb(164,185,226)	1.865	None
MAFF	BAI2	0.34353	44.25	0.252	rgb(220,169,169)	1.865	2,2
NEUROG3	CD99L2	0.34353	44.25	0.252	rgb(220,169,169)	1.865	None
NHLH1	LEFTY1	0.34353	44.25	0.253	rgb(220,169,169)	1.865	None
ZNF846	ANKRD65	-0.34353	44.25	-2.5E-01	rgb(164,184,226)	1.865	None
GATA2	BC020343	0.34283	44.24	0.235	rgb(220,172,173)	1.8648	2,2
LHX1	SAMD5	-0.34283	44.24	-2.4E-01	rgb(165,186,226)	1.8648	None
MAFA	ATP6V1G2	0.34283	44.24	0.241	rgb(220,171,172)	1.8648	None
MAFB	HHEX	0.34283	44.24	0.236	rgb(220,172,172)	1.8648	None
NHLH1	RFX6	0.34283	44.24	0.238	rgb(220,172,172)	1.8648	None
PDX1	MMD2	0.34283	44.24	0.241	rgb(220,171,171)	1.8648	None
SOX4	GLT8D2	0.34283	44.24	0.239	rgb(220,171,172)	1.8648	None
SPIB	ACSS3	0.34283	44.24	0.244	rgb(220,170,171)	1.8648	None
ZNF846	SAP30	-0.34283	44.24	-2.4E-01	rgb(166,186,226)	1.8648	None
FOXP2	MAP2	0.34214	44.23	0.225	rgb(219,174,174)	1.8646	None
HSF2	LEFTY1	0.34214	44.23	0.231	rgb(220,173,173)	1.8646	None
HSF2	TMEM132C	0.34214	44.23	0.231	rgb(220,173,173)	1.8646	None
RORC	SMARCA1	-0.34214	44.23	-2.3E-01	rgb(168,187,226)	1.8646	None
RORC	SPEG	0.34214	44.23	0.227	rgb(219,174,174)	1.8646	None
TGIF2	KLK12	0.34214	44.23	0.232	rgb(220,173,173)	1.8646	None
PAX6	GUCY1A3	0.34144	44.22	0.223	rgb(219,174,175)	1.8644	2,2
PBX1	RASL11B	-0.34144	44.22	-2.2E-01	rgb(169,188,225)	1.8644	None
ZFHX2	ADAMTSL1	-0.34144	44.22	-2.2E-01	rgb(169,188,225)	1.8644	None
ZFHX2	NPAS3	0.34144	44.22	0.219	rgb(219,175,176)	1.8644	None
EGR3	ADAMTSL2	-0.34075	44.21	-2.1E-01	rgb(171,189,225)	1.8642	None
HIF1A	PP7080	-0.34075	44.21	-2.1E-01	rgb(170,189,225)	1.8642	2,2
HOXB9	IGFN1	-0.34075	44.21	-2.1E-01	rgb(171,189,225)	1.8642	None
HSF2	CBX2	0.34075	44.21	0.206	rgb(219,178,178)	1.8642	None
LMX1B	SLC26A7	0.34075	44.21	0.213	rgb(219,176,177)	1.8642	None
SMAD9	FOXA2	0.34075	44.21	0.212	rgb(219,177,177)	1.8642	None
SIM1	AK123868	0.34075	44.21	0.212	rgb(219,177,177)	1.8642	2,2
EGR3	TCEAL1	0.34005	44.2	0.2	rgb(219,179,179)	1.864	None
ETS1	PPP1R1A	-0.34005	44.2	-2.0E-01	rgb(173,190,225)	1.864	None
FOXP2	MAP3K12	0.34005	44.2	0.2	rgb(219,179,179)	1.864	None
GATA6	CRIP1	0.34005	44.2	0.202	rgb(219,178,179)	1.864	None
HEYL	LOC145837	0.34005	44.2	0.196	rgb(219,180,180)	1.864	2,2
NFAT5	AK123889	0.34005	44.2	0.2	rgb(219,179,179)	1.864	2,2
NR4A2	SEMA6B	-0.34005	44.2	-2.0E-01	rgb(174,191,224)	1.864	None
TGIF2	MLN	-0.34005	44.2	-2.0E-01	rgb(173,190,225)	1.864	None
ZNF846	PLEKHB1	-0.34005	44.2	-2.0E-01	rgb(174,191,225)	1.864	None
ARX	GRIK5	-0.33936	44.19	-1.9E-01	rgb(176,192,224)	1.8638	None
ETV1	GABRB3	0.33936	44.19	0.193	rgb(219,180,180)	1.8638	2,2
FOXA1	KSR2	0.33936	44.19	0.188	rgb(219,181,181)	1.8638	None
NEUROD2	LMX1B	0.33936	44.19	0.195	rgb(219,180,180)	1.8638	None
SMAD9	APBB2	-0.33936	44.19	-1.9E-01	rgb(176,192,224)	1.8638	None
TFCP2L1	FER1L6-AS1	-0.33936	44.19	-1.9E-01	rgb(177,192,224)	1.8638	None
ZFHX2	RASL11B	-0.33936	44.19	-1.9E-01	rgb(175,191,224)	1.8638	None
AEBP1	CR627225	-0.33936	44.19	-1.9E-01	rgb(175,191,224)	1.8638	2,2
FOXA2	FLJ22184	0.33866	44.18	0.181	rgb(219,182,183)	1.8636	2,2
NR4A3	GDF11	0.33866	44.18	0.18	rgb(219,183,183)	1.8636	None
SOX4	KCNF1	0.33866	44.18	0.179	rgb(219,183,183)	1.8636	None
SOX4	MYBPC3	0.33866	44.18	0.183	rgb(219,182,182)	1.8636	None
HOXB9	CDH5	-0.33797	44.17	-1.7E-01	rgb(180,195,223)	1.8634	None
HSF2	FGF9	-0.33797	44.17	-1.7E-01	rgb(179,194,224)	1.8634	None
RFX2	RSAD2	0.33797	44.17	0.174	rgb(219,184,184)	1.8634	None
TFCP2L1	STARD8	-0.33797	44.17	-1.7E-01	rgb(179,194,224)	1.8634	None
ETV1	ENPP2	0.33727	44.16	0.164	rgb(219,186,186)	1.8632	None
HSF2	ZNF519	0.33727	44.16	0.165	rgb(219,186,186)	1.8632	None
MAFA	DDN	0.33727	44.16	0.156	rgb(219,187,187)	1.8632	None
MAFA	MCOLN3	-0.33727	44.16	-1.6E-01	rgb(183,196,223)	1.8632	None
ZFP28	AKR1B1	-0.33727	44.16	-1.6E-01	rgb(183,197,223)	1.8632	None
HOXB9	SDCBP2-AS1	-0.33658	44.15	-1.5E-01	rgb(184,197,223)	1.863	None
LMX1B	CSH2	0.33658	44.15	0.147	rgb(219,189,189)	1.863	2,2
TFCP2L1	TEKT2	-0.33658	44.15	-1.5E-01	rgb(185,197,223)	1.863	None
HSF2	PTP4A3	-0.33588	44.14	-1.4E-01	rgb(186,198,222)	1.8628	None
PDX1	ZFHX2	0.33588	44.14	0.144	rgb(219,190,190)	1.8628	None
LMX1A	RAB3C	0.33519	44.13	0.135	rgb(218,191,192)	1.8626	None
SMAD9	TPST2	0.33519	44.13	0.134	rgb(218,191,192)	1.8626	None
NR4A2	CHRNA5	-0.3345	44.12	-1.2E-01	rgb(192,202,221)	1.8624	None
NR4A2	PCDHB15	0.3345	44.12	0.122	rgb(218,194,194)	1.8624	None
PDX1	CCND2	-0.3345	44.12	-1.2E-01	rgb(190,201,222)	1.8624	None
FEV	CAMK1G	0.3338	44.11	0.111	rgb(218,196,196)	1.8622	None
NEUROD2	GPC2	0.3338	44.11	0.11	rgb(218,196,196)	1.8622	None
NR4A2	CFH	0.3338	44.11	0.115	rgb(218,195,195)	1.8622	2,2
NR4A3	MAP3K12	0.3338	44.11	0.114	rgb(218,195,196)	1.8622	None
FEV	ZNF853	0.33311	44.1	0.102	rgb(218,197,198)	1.862	None
MAFA	CLCNKA	0.33311	44.1	0.098	rgb(218,198,198)	1.862	None
PAX4	NPW	0.33311	44.1	0.1	rgb(218,198,198)	1.862	None
SMAD9	CCL20	0.33311	44.1	0.096	rgb(218,199,199)	1.862	None
TFCP2L1	ADCY5	0.33311	44.1	0.105	rgb(218,197,197)	1.862	None
ELF4	KDM1A	0.33241	44.09	0.094	rgb(218,199,199)	1.8618	None
GATA4	NRXN2	0.33241	44.09	0.092	rgb(218,200,200)	1.8618	None
PDX1	REM2	-0.33241	44.09	-8.9E-02	rgb(198,205,220)	1.8618	None
NR4A3	FBXL16	0.33172	44.08	0.076	rgb(218,203,203)	1.8616	None
PAX4	KLK12	-0.33172	44.08	-7.6E-02	rgb(201,207,220)	1.8616	None
SMAD9	MLXIPL	0.33172	44.08	0.082	rgb(218,201,202)	1.8616	None
NKX2-2	MAP6	0.33102	44.07	0.067	rgb(218,204,204)	1.8614	None
ZNF846	TSSK4	0.33102	44.07	0.074	rgb(218,203,203)	1.8614	None
ETV1	RAB39B	0.33033	44.06	0.055	rgb(218,206,207)	1.8612	2,2
HOXB9	LRRC49	0.33033	44.06	0.061	rgb(218,205,205)	1.8612	None
ISL1	NFASC	0.33033	44.06	0.064	rgb(218,205,205)	1.8612	None
NR4A3	MPP2	0.33033	44.06	0.059	rgb(218,206,206)	1.8612	None
SMAD9	TMEM132B	0.33033	44.06	0.061	rgb(218,205,205)	1.8612	None
PDX1	SSTR5-AS1	0.32963	44.05	0.05	rgb(218,207,207)	1.861	None
TFCP2L1	SLC51B	-0.32963	44.05	-4.7E-02	rgb(207,211,219)	1.861	None
ZFP82	H1FX-AS1	0.32963	44.05	0.048	rgb(218,208,208)	1.861	None
ARX	RGS14	0.32894	44.04	0.043	rgb(217,209,209)	1.8608	None
POU2F2	CPE	0.32894	44.04	0.035	rgb(217,210,210)	1.8608	None
ZNF519	LRRN2	-0.32894	44.04	-4.4E-02	rgb(207,211,219)	1.8608	None
ZNF519	MAPK7	0.32894	44.04	0.043	rgb(217,209,209)	1.8608	None
PAX4	CRLF1	0.32824	44.03	0.027	rgb(217,212,212)	1.8606	None
TGIF2	SPP1	0.32824	44.03	0.03	rgb(217,211,211)	1.8606	None
PRDM16	UCP2	-0.32755	44.02	-1.7E-02	rgb(213,215,218)	1.8604	None
NR4A2	VWCE	0.32685	44.01	0.012	rgb(217,215,215)	1.8602	None
ONECUT2	AX746869	0.32685	44.01	0.012	rgb(217,215,215)	1.8602	2,2
LMX1B	TMEM132B	0.32616	43.83	0.828	rgb(226, 59, 60)	1.8566	None
ONECUT3	GPR142	0.32616	43.83	0.832	rgb(226, 58, 60)	1.8566	None
ONECUT3	RAP1GAP2	0.32551	43.82	0.816	rgb(226, 61, 63)	1.8564	None
PAX6	DGKB	0.32486	43.79	0.786	rgb(226, 67, 68)	1.8558	None
FEV	NOXO1	-0.32422	43.78	-7.8E-01	rgb( 48,114,247)	1.8556	None
NKX6-1	PCSK1N	0.32422	43.78	0.777	rgb(226, 69, 70)	1.8556	2,2
TFCP2L1	LOC100128288	-0.32422	43.78	-7.8E-01	rgb( 47,113,247)	1.8556	2,2
SMAD9	ROBO1	-0.32357	43.77	-7.7E-01	rgb( 49,115,246)	1.8554	None
FOXA1	ID2	0.32292	43.76	0.762	rgb(225, 71, 73)	1.8552	None
MAFB	VGF	0.32227	43.75	0.75	rgb(225, 74, 75)	1.855	None
NKX6-1	MIR137HG	-0.32227	43.75	-7.5E-01	rgb( 53,118,246)	1.855	None
HOXB9	ROBO1	0.32163	43.74	0.741	rgb(225, 75, 77)	1.8548	None
MAFA	RNF157	0.32098	43.71	0.712	rgb(225, 81, 83)	1.8542	None
LMX1A	FTCD	0.32033	43.69	0.688	rgb(225, 86, 87)	1.8538	None
EGR3	GLYATL3	-0.31969	43.68	-6.8E-01	rgb( 70,127,243)	1.8536	None
SOX4	CREBRF	0.31969	43.68	0.682	rgb(225, 87, 88)	1.8536	None
TGIF2	PALMD	0.31969	43.68	0.681	rgb(224, 87, 88)	1.8536	None
ZNF846	LOC727896	0.31969	43.68	0.676	rgb(224, 88, 89)	1.8536	2,2
HEYL	GYLTL1B	0.31904	43.67	0.674	rgb(224, 88, 90)	1.8534	2,2
NHLH1	FFAR1	-0.31839	43.66	-6.6E-01	rgb( 75,130,242)	1.8532	2,2
TGIF2	DPYSL3	0.31774	43.65	0.65	rgb(224, 93, 94)	1.853	None
FOXA2	SMAD9	0.3171	43.64	0.64	rgb(224, 95, 96)	1.8528	None
MAFA	PTPRN	-0.3171	43.64	-6.4E-01	rgb( 78,133,241)	1.8528	None
MAFB	GRHL3	-0.3171	43.64	-6.4E-01	rgb( 78,133,241)	1.8528	None
NFAT5	GOLGA6L5	0.3171	43.64	0.637	rgb(224, 95, 97)	1.8528	2,2
ZNF846	AK127443	0.3171	43.64	0.641	rgb(224, 95, 96)	1.8528	2,2
GATA6	NPW	0.31645	43.63	0.633	rgb(224, 96, 97)	1.8526	None
RORC	SAP30	0.31645	43.63	0.635	rgb(224, 96, 97)	1.8526	None
ONECUT2	USH2A	0.3158	43.62	0.621	rgb(224, 98,100)	1.8524	None
ETS1	VOPP1	0.31515	43.61	0.607	rgb(224,101,102)	1.8522	None
NFAT5	RPLP0P2	0.31515	43.61	0.607	rgb(224,101,102)	1.8522	None
NR4A3	PCED1B-AS1	0.31451	43.6	0.603	rgb(224,102,103)	1.852	None
ONECUT2	FAT3	0.31451	43.6	0.601	rgb(224,102,103)	1.852	None
PBX1	AL110171	-0.31451	43.6	-6.0E-01	rgb( 86,137,240)	1.852	2,2
TFCP2L1	MCF2L	0.31451	43.6	0.603	rgb(224,102,103)	1.852	None
ISL1	CADM2	0.31386	43.59	0.59	rgb(223,104,106)	1.8518	None
LMX1B	MLN	-0.31386	43.59	-5.9E-01	rgb( 89,139,239)	1.8518	None
NR4A2	RAPGEF4	0.31386	43.59	0.593	rgb(224,104,105)	1.8518	None
TEAD1	MYRF	0.31386	43.59	0.589	rgb(223,104,106)	1.8518	None
ZFP28	CTTNBP2	-0.31386	43.59	-5.9E-01	rgb( 88,139,240)	1.8518	None
ZNF846	NR2F2-AS1	0.31386	43.59	0.589	rgb(223,105,106)	1.8518	None
HSF2	CBFA2T3	0.31321	43.58	0.579	rgb(223,106,107)	1.8516	None
NKX6-1	ADAMTS2	0.31321	43.58	0.582	rgb(223,106,107)	1.8516	2,2
SMAD9	SPON1	-0.31321	43.58	-5.8E-01	rgb( 91,140,239)	1.8516	None
TEAD2	SPAG8	0.31321	43.58	0.583	rgb(223,106,107)	1.8516	None
ZFHX2	TUBB2B	-0.31321	43.58	-5.8E-01	rgb( 91,140,239)	1.8516	None
ZNF846	RFX2	0.31321	43.58	0.581	rgb(223,106,107)	1.8516	None
ZFP62	MAGEA5	0.31321	43.58	0.576	rgb(223,107,108)	1.8516	2,2
ATF6	AX747775	-0.31256	43.57	-5.7E-01	rgb( 94,142,239)	1.8514	2,2
ETS1	CRIP1	-0.31256	43.57	-5.7E-01	rgb( 93,141,239)	1.8514	None
PDX1	HIP1	-0.31256	43.57	-5.7E-01	rgb( 93,142,239)	1.8514	None
SOX4	PELI3	-0.31256	43.57	-5.7E-01	rgb( 93,141,239)	1.8514	None
ZNF492	MURC	0.31256	43.57	0.573	rgb(223,108,109)	1.8514	2,2
FEV	ARHGAP9	-0.31192	43.56	-5.6E-01	rgb( 96,143,238)	1.8512	None
FOXA2	CRISP3	-0.31192	43.56	-5.6E-01	rgb( 95,143,238)	1.8512	2,2
HOXB9	SLC35F3	0.31192	43.56	0.558	rgb(223,110,111)	1.8512	None
LHX1	ZNF117	-0.31192	43.56	-5.6E-01	rgb( 95,143,238)	1.8512	None
NHLH1	CRIP2	-0.31192	43.56	-5.6E-01	rgb( 96,144,238)	1.8512	None
TEAD1	DEFB1	-0.31192	43.56	-5.6E-01	rgb( 96,143,238)	1.8512	None
TFCP2L1	CTXN1	-0.31192	43.56	-5.6E-01	rgb( 96,144,238)	1.8512	None
GATA4	DEFB1	-0.31127	43.55	-5.5E-01	rgb( 98,145,238)	1.851	None
HOXB9	MAFF	0.31127	43.55	0.549	rgb(223,112,113)	1.851	None
MAFA	AEBP1	-0.31127	43.55	-5.5E-01	rgb( 98,145,238)	1.851	None
NR4A2	GAL	0.31127	43.55	0.549	rgb(223,112,113)	1.851	None
ONECUT3	TFCP2L1	0.31127	43.55	0.553	rgb(223,111,112)	1.851	None
RORC	EPHB3	0.31127	43.55	0.546	rgb(223,113,114)	1.851	None
TGIF2	UBL5	-0.31127	43.55	-5.5E-01	rgb( 97,144,238)	1.851	None
ATF5	CPE	-0.31062	43.54	-5.4E-01	rgb( 99,145,238)	1.8508	None
MAFB	AADAT	-0.31062	43.54	-5.4E-01	rgb( 99,145,238)	1.8508	None
PDX1	TMEM158	0.31062	43.54	0.54	rgb(223,114,115)	1.8508	None
SMAD9	MYRF	-0.31062	43.54	-5.4E-01	rgb(100,146,237)	1.8508	None
ZFHX2	NDRG4	0.31062	43.54	0.538	rgb(223,114,115)	1.8508	None
HSF2	CAMKV	-0.30997	43.53	-5.3E-01	rgb(101,147,237)	1.8506	None
MXI1	AK126318	-0.30997	43.53	-5.3E-01	rgb(102,147,237)	1.8506	2,2
NR4A3	GPR142	0.30997	43.53	0.528	rgb(223,116,117)	1.8506	None
ZNF492	NCALD	-0.30997	43.53	-5.3E-01	rgb(103,148,237)	1.8506	None
MAFA	EPM2A	0.30933	43.52	0.516	rgb(223,118,119)	1.8504	None
NR4A3	LSP1	-0.30933	43.52	-5.2E-01	rgb(105,149,237)	1.8504	None
ELF4	TPST2	0.30868	43.51	0.507	rgb(223,120,121)	1.8502	None
FEV	KCNMB2-IT1	0.30868	43.51	0.507	rgb(223,120,121)	1.8502	2,2
GATA6	TEAD1	0.30868	43.51	0.51	rgb(223,120,121)	1.8502	None
GLIS2	MAPK8IP2	0.30868	43.51	0.513	rgb(223,119,120)	1.8502	2,2
LMX1A	SAMD5	0.30868	43.51	0.51	rgb(223,120,121)	1.8502	None
MAFA	AMPH	0.30868	43.51	0.509	rgb(223,120,121)	1.8502	None
MAFB	PTPRN	0.30868	43.51	0.51	rgb(223,120,121)	1.8502	None
ONECUT3	POU2F2	-0.30868	43.51	-5.1E-01	rgb(106,150,236)	1.8502	None
RFX2	MCOLN3	0.30868	43.51	0.509	rgb(223,120,121)	1.8502	None
RORC	SH3RF3-AS1	0.30868	43.51	0.505	rgb(223,121,122)	1.8502	None
SPIB	GLIS2	-0.30868	43.51	-5.1E-01	rgb(107,150,236)	1.8502	None
TEAD1	CENPE	0.30868	43.51	0.515	rgb(223,119,120)	1.8502	None
TFCP2L1	TPPP3	-0.30868	43.51	-5.1E-01	rgb(106,150,236)	1.8502	None
ZFHX2	TENM2	0.30868	43.51	0.511	rgb(223,119,120)	1.8502	None
GATA4	C7	0.30803	43.5	0.503	rgb(223,121,122)	1.85	None
HIF1A	G0S2	-0.30803	43.5	-5.0E-01	rgb(109,151,236)	1.85	None
HOXB9	GABBR2	0.30803	43.5	0.502	rgb(223,121,122)	1.85	None
HSF2	DTX1	-0.30803	43.5	-5.0E-01	rgb(109,151,236)	1.85	None
MAFB	RUNX1T1	0.30803	43.5	0.498	rgb(222,122,123)	1.85	None
NEUROD1	NOV	0.30803	43.5	0.498	rgb(222,122,123)	1.85	2,2
POU6F1	GLT8D2	-0.30803	43.5	-5.0E-01	rgb(109,152,236)	1.85	None
PRDM16	CYMP	-0.30803	43.5	-5.0E-01	rgb(109,152,236)	1.85	None
RFX3	NHSL2	0.30803	43.5	0.497	rgb(222,122,123)	1.85	None
SMAD9	GPBAR1	0.30803	43.5	0.496	rgb(222,122,123)	1.85	None
SOX4	EMB	0.30803	43.5	0.501	rgb(223,121,122)	1.85	None
SOX4	LRAT	0.30803	43.5	0.496	rgb(222,122,123)	1.85	None
ZNF492	PROX1	0.30803	43.5	0.501	rgb(223,121,122)	1.85	None
ARNT2	BRSK2	0.30738	43.49	0.485	rgb(222,124,125)	1.8498	None
FEV	GFRA1	0.30738	43.49	0.49	rgb(222,123,124)	1.8498	None
FOXP2	CCDC181	0.30738	43.49	0.492	rgb(222,123,124)	1.8498	None
HSF2	DEFB1	0.30738	43.49	0.487	rgb(222,124,125)	1.8498	None
NKX6-1	GATA2	0.30738	43.49	0.493	rgb(222,123,124)	1.8498	2,2
ZFHX2	KCNE4	-0.30738	43.49	-4.9E-01	rgb(111,153,235)	1.8498	None
ZNF846	SBK1	-0.30738	43.49	-4.9E-01	rgb(110,152,236)	1.8498	None
GATA4	PRDM16	-0.30674	43.48	-4.8E-01	rgb(113,154,235)	1.8496	None
RORC	BRS3	-0.30674	43.48	-4.8E-01	rgb(113,154,235)	1.8496	None
TEAD1	HIP1	0.30674	43.48	0.48	rgb(222,125,126)	1.8496	None
TFCP2L1	SMARCA1	0.30674	43.48	0.476	rgb(222,126,127)	1.8496	None
ZFHX2	AK302511	0.30674	43.48	0.482	rgb(222,125,126)	1.8496	2,2
ZFP82	FCRL6	-0.30674	43.48	-4.8E-01	rgb(113,154,235)	1.8496	None
ZNF846	LDB1	-0.30674	43.48	-4.8E-01	rgb(113,154,235)	1.8496	None
FOXP2	ADCY5	0.30609	43.47	0.47	rgb(222,127,128)	1.8494	None
MAFA	NPW	0.30609	43.47	0.472	rgb(222,127,128)	1.8494	None
ONECUT3	MICAL2	0.30609	43.47	0.474	rgb(222,127,128)	1.8494	None
PRDM16	CYGB	-0.30609	43.47	-4.7E-01	rgb(116,155,235)	1.8494	None
LMX1A	SCG3	0.30544	43.46	0.464	rgb(222,128,129)	1.8492	None
MXI1	CLSPN	-0.30544	43.46	-4.6E-01	rgb(118,157,234)	1.8492	None
NR4A2	COL10A1	0.30544	43.46	0.462	rgb(222,129,130)	1.8492	None
AKNA	IPO11-LRRC70	-0.30544	43.46	-4.6E-01	rgb(118,157,234)	1.8492	2,2
FOXA1	MX2	0.30479	43.45	0.447	rgb(222,132,133)	1.849	None
GATA6	EPM2A	-0.30479	43.45	-4.5E-01	rgb(119,157,234)	1.849	None
MAFA	ACE	-0.30479	43.45	-4.5E-01	rgb(120,158,234)	1.849	None
NFAT5	TEAD1	0.30479	43.45	0.454	rgb(222,130,131)	1.849	None
PDX1	CHRNA5	-0.30479	43.45	-4.5E-01	rgb(119,157,234)	1.849	None
ST18	SOX4	0.30479	43.45	0.454	rgb(222,130,131)	1.849	None
AEBP1	ZFP92	0.30479	43.45	0.449	rgb(222,131,132)	1.849	2,2
GATA6	SSBP2	0.30415	43.44	0.439	rgb(222,133,134)	1.8488	None
HSF2	CYGB	-0.30415	43.44	-4.4E-01	rgb(121,159,234)	1.8488	None
LMX1B	NKAIN1	0.30415	43.44	0.445	rgb(222,132,133)	1.8488	None
MAFB	MAPK8IP1	0.30415	43.44	0.436	rgb(222,134,135)	1.8488	None
NEUROG3	DLL3	-0.30415	43.44	-4.4E-01	rgb(122,159,234)	1.8488	None
ZNF519	EPM2A	0.30415	43.44	0.435	rgb(222,134,135)	1.8488	None
ELF4	ARHGAP9	-0.3035	43.43	-4.3E-01	rgb(123,160,233)	1.8486	None
GLIS2	MIR29C	-0.3035	43.43	-4.3E-01	rgb(125,161,233)	1.8486	2,2
MAFA	PGF	0.3035	43.43	0.432	rgb(222,134,135)	1.8486	None
ONECUT2	CTAGE15	0.3035	43.43	0.433	rgb(222,134,135)	1.8486	2,2
POU6F1	LZTS1	-0.3035	43.43	-4.3E-01	rgb(124,160,233)	1.8486	None
SMAD9	CALY	0.3035	43.43	0.43	rgb(222,135,136)	1.8486	None
ZNF492	SYCP2	0.3035	43.43	0.431	rgb(222,135,135)	1.8486	None
HIC1	RRAGD	-0.30285	43.42	-4.2E-01	rgb(126,161,233)	1.8484	None
EGR3	HMGN3	0.30221	43.41	0.413	rgb(222,138,139)	1.8482	None
LMX1A	BEX1	0.30221	43.41	0.414	rgb(222,138,139)	1.8482	2,2
RORC	SCUBE1	0.30221	43.41	0.407	rgb(221,139,140)	1.8482	None
ZFP28	DYNC1I1	-0.30221	43.41	-4.1E-01	rgb(127,162,233)	1.8482	None
ZNF519	ATP1A3	-0.30221	43.41	-4.1E-01	rgb(127,163,233)	1.8482	None
ATF6	MLN	-0.30156	43.4	-4.0E-01	rgb(130,164,232)	1.848	None
ETV1	MYBPC3	-0.30156	43.4	-4.0E-01	rgb(131,164,232)	1.848	None
GATA6	EIF4EBP3	0.30156	43.4	0.398	rgb(221,141,142)	1.848	None
PRDM16	TTYH2	0.30156	43.4	0.401	rgb(221,140,141)	1.848	None
RORC	SPP1	-0.30156	43.4	-4.0E-01	rgb(129,164,232)	1.848	None
SOX4	KCNJ6	0.30156	43.4	0.402	rgb(221,140,141)	1.848	None
SOX4	PCDHB15	0.30156	43.4	0.4	rgb(221,141,141)	1.848	2,2
EGR3	ZFP82	0.30091	43.39	0.392	rgb(221,142,143)	1.8478	None
FOXA2	REG4	0.30091	43.39	0.39	rgb(221,143,143)	1.8478	None
GATA6	LOC283731	-0.30091	43.39	-3.9E-01	rgb(133,166,232)	1.8478	2,2
GATA6	TUBA1A	0.30091	43.39	0.386	rgb(221,143,144)	1.8478	None
TP73	CAMK2B	0.30091	43.39	0.388	rgb(221,143,144)	1.8478	None
ZFP28	AX746834	0.30091	43.39	0.389	rgb(221,143,143)	1.8478	2,2
ZNF519	MAD2L2	0.30091	43.39	0.394	rgb(221,142,142)	1.8478	None
HIC1	TTYH2	0.30026	43.38	0.381	rgb(221,144,145)	1.8476	None
TFCP2L1	GPR148	0.30026	43.38	0.383	rgb(221,144,145)	1.8476	None
TGIF2	TRIM35	0.30026	43.38	0.384	rgb(221,144,145)	1.8476	None
ASCL2	CSF1R	0.29962	43.37	0.372	rgb(221,146,147)	1.8474	None
ASCL2	TRIM35	0.29962	43.37	0.37	rgb(221,146,147)	1.8474	None
ATF5	AX747535	-0.29962	43.37	-3.7E-01	rgb(138,169,231)	1.8474	2,2
HES4	CEND1	0.29962	43.37	0.369	rgb(221,147,147)	1.8474	None
MAFA	GLT8D2	0.29962	43.37	0.366	rgb(221,147,148)	1.8474	None
MAFB	TTYH2	0.29962	43.37	0.375	rgb(221,145,146)	1.8474	None
NKX2-2	CAMK2B	0.29962	43.37	0.374	rgb(221,146,146)	1.8474	None
PRDM16	CEND1	-0.29962	43.37	-3.7E-01	rgb(136,168,231)	1.8474	None
RFX2	PGA4	-0.29962	43.37	-3.7E-01	rgb(136,168,231)	1.8474	None
ARX	SCT	0.29897	43.36	0.365	rgb(221,147,148)	1.8472	None
FEV	FJX1	-0.29897	43.36	-3.6E-01	rgb(138,169,231)	1.8472	None
HIF1A	TAF9B	-0.29897	43.36	-3.6E-01	rgb(138,169,231)	1.8472	None
LHX1	MIR137HG	0.29897	43.36	0.358	rgb(221,149,149)	1.8472	None
ONECUT2	AK128559	0.29897	43.36	0.362	rgb(221,148,149)	1.8472	2,2
PDX1	CXXC4	0.29897	43.36	0.36	rgb(221,148,149)	1.8472	None
SOX4	NPW	0.29897	43.36	0.362	rgb(221,148,149)	1.8472	None
SPIB	SLC51B	0.29897	43.36	0.364	rgb(221,147,148)	1.8472	None
TGIF2	NPY	0.29897	43.36	0.361	rgb(221,148,149)	1.8472	None
NPAS3	AK022997	0.29897	43.36	0.364	rgb(221,148,148)	1.8472	2,2
ETV1	LMO3	0.29832	43.35	0.35	rgb(221,150,151)	1.847	None
GATA2	LAMP5	-0.29832	43.35	-3.5E-01	rgb(141,171,230)	1.847	None
GATA6	CITED2	0.29832	43.35	0.351	rgb(221,150,151)	1.847	None
MAFF	SMAD9	0.29832	43.35	0.348	rgb(221,151,151)	1.847	None
NEUROG3	NPTX1	0.29832	43.35	0.351	rgb(221,150,151)	1.847	None
NR4A3	CACNA1B	0.29832	43.35	0.351	rgb(221,150,151)	1.847	2,2
PAX6	RGS4	0.29832	43.35	0.35	rgb(221,150,151)	1.847	None
PBX1	ATF5	0.29832	43.35	0.352	rgb(221,150,150)	1.847	None
SMAD9	GRHL3	0.29832	43.35	0.354	rgb(221,149,150)	1.847	None
SPIB	CDKN1C	0.29832	43.35	0.353	rgb(221,150,150)	1.847	None
ZNF519	CRLF1	-0.29832	43.35	-3.5E-01	rgb(141,171,230)	1.847	None
GATA4	PGF	0.29767	43.34	0.342	rgb(221,152,152)	1.8468	None
HSF2	BIVM-ERCC5	0.29767	43.34	0.345	rgb(221,151,152)	1.8468	None
LHX1	SVOP	-0.29767	43.34	-3.4E-01	rgb(143,172,230)	1.8468	None
MAFA	ENPP2	0.29767	43.34	0.336	rgb(221,153,154)	1.8468	None
TFCP2L1	NPM2	-0.29767	43.34	-3.4E-01	rgb(143,172,230)	1.8468	None
TGIF2	FAM171A2	0.29767	43.34	0.343	rgb(221,151,152)	1.8468	None
EGR3	MCOLN3	-0.29703	43.33	-3.3E-01	rgb(146,174,229)	1.8466	None
NFAT5	BC040358	0.29703	43.33	0.332	rgb(221,154,154)	1.8466	2,2
RORC	KAT2B	-0.29703	43.33	-3.3E-01	rgb(144,173,230)	1.8466	None
TP73	NAALADL1	-0.29703	43.33	-3.3E-01	rgb(146,174,229)	1.8466	None
HIF1A	LGR6	0.29638	43.32	0.317	rgb(220,156,157)	1.8464	None
HSF2	CALCOCO1	-0.29638	43.32	-3.2E-01	rgb(148,175,229)	1.8464	None
NEUROD2	CBLN1	0.29638	43.32	0.317	rgb(220,156,157)	1.8464	None
NR4A3	WNK2	0.29638	43.32	0.32	rgb(221,156,157)	1.8464	None
POU2F2	PLCXD3	0.29638	43.32	0.32	rgb(221,156,156)	1.8464	None
ZFHX2	SNED1	0.29638	43.32	0.318	rgb(220,156,157)	1.8464	None
ZFP82	INHBE	-0.29638	43.32	-3.2E-01	rgb(148,175,229)	1.8464	None
ARNT2	KIF5A	0.29573	43.31	0.306	rgb(220,159,159)	1.8462	None
POU2F2	NAIP	0.29573	43.31	0.313	rgb(220,157,158)	1.8462	2,2
PRDM16	FKBP7	-0.29573	43.31	-3.1E-01	rgb(149,175,229)	1.8462	None
TGIF2	CAND2	0.29573	43.31	0.306	rgb(220,159,159)	1.8462	None
TGIF2	RIMBP2	0.29573	43.31	0.307	rgb(220,158,159)	1.8462	None
ZNF519	ELL2	0.29573	43.31	0.315	rgb(220,157,158)	1.8462	None
ZNF519	FKSG51	0.29573	43.31	0.309	rgb(220,158,159)	1.8462	2,2
ASCL2	WNT6	0.29508	43.3	0.304	rgb(220,159,160)	1.846	None
EGR3	SEMA6B	0.29508	43.3	0.299	rgb(220,160,161)	1.846	None
GATA6	COL10A1	0.29508	43.3	0.299	rgb(220,160,160)	1.846	None
HOXB9	NRXN2	-0.29508	43.3	-3.0E-01	rgb(152,178,228)	1.846	None
NHLH1	C2CD4B	0.29508	43.3	0.303	rgb(220,159,160)	1.846	None
ONECUT1	NEAT1	0.29508	43.3	0.297	rgb(220,160,161)	1.846	None
PAX6	S100A1	0.29508	43.3	0.301	rgb(220,160,160)	1.846	None
EGR3	GDF11	0.29444	43.29	0.29	rgb(220,162,162)	1.8458	None
LMX1A	SFRP1	0.29444	43.29	0.289	rgb(220,162,162)	1.8458	None
MAFA	STMND1	-0.29444	43.29	-2.9E-01	rgb(153,178,228)	1.8458	None
TFCP2L1	ZFP62	0.29444	43.29	0.294	rgb(220,161,161)	1.8458	None
FOXP2	ADCY1	0.29379	43.28	0.282	rgb(220,163,164)	1.8456	None
GATA4	APBB1	0.29379	43.28	0.283	rgb(220,163,164)	1.8456	None
HSF2	RBP2	-0.29379	43.28	-2.8E-01	rgb(157,180,228)	1.8456	None
LMX1B	CNIH2	0.29379	43.28	0.278	rgb(220,164,164)	1.8456	None
LMX1B	PDZRN3	0.29379	43.28	0.284	rgb(220,163,163)	1.8456	None
MAFB	ELAVL4	0.29379	43.28	0.281	rgb(220,163,164)	1.8456	None
NEUROG3	LZTS1	0.29379	43.28	0.277	rgb(220,164,165)	1.8456	None
SPIB	SSTR5	0.29379	43.28	0.281	rgb(220,163,164)	1.8456	None
POU2F2	SYNGR3	0.29314	43.27	0.265	rgb(220,166,167)	1.8454	None
ETS1	LRRN2	-0.29249	43.26	-2.6E-01	rgb(161,183,227)	1.8452	None
NEUROD2	PCSK2	-0.29249	43.26	-2.6E-01	rgb(160,183,227)	1.8452	None
NFAT5	FW340027	0.29249	43.26	0.264	rgb(220,167,167)	1.8452	2,2
NKX2-2	JAKMIP2	0.29249	43.26	0.265	rgb(220,166,167)	1.8452	None
PAX4	TUBB4A	0.29249	43.26	0.259	rgb(220,168,168)	1.8452	2,2
EGR3	HCP5	0.29185	43.25	0.246	rgb(220,170,171)	1.845	None
GATA4	ATP8B2	-0.29185	43.25	-2.5E-01	rgb(162,184,227)	1.845	None
HOXB9	CCL20	0.29185	43.25	0.247	rgb(220,170,170)	1.845	None
MAFB	GLYATL3	0.29185	43.25	0.249	rgb(220,169,170)	1.845	None
MXI1	ACBD7	-0.29185	43.25	-2.5E-01	rgb(162,184,227)	1.845	None
ONECUT2	MTSS1	0.29185	43.25	0.248	rgb(220,170,170)	1.845	None
PAX4	CD200	0.29185	43.25	0.248	rgb(220,170,170)	1.845	None
TFCP2L1	RAB4B-EGLN2	0.29185	43.25	0.246	rgb(220,170,170)	1.845	None
TGIF2	KIF19	0.29185	43.25	0.252	rgb(220,169,169)	1.845	None
ZFP2	AK125960	-0.29185	43.25	-2.5E-01	rgb(163,184,227)	1.845	2,2
ASCL2	GPR162	0.2912	43.24	0.244	rgb(220,170,171)	1.8448	None
ETS1	FER1L6-AS1	0.2912	43.24	0.236	rgb(220,172,172)	1.8448	None
FOXP2	STARD9	0.2912	43.24	0.236	rgb(220,172,172)	1.8448	None
LMX1A	HLA-DQA2	0.2912	43.24	0.237	rgb(220,172,172)	1.8448	2,2
MAFB	AGT	0.2912	43.24	0.243	rgb(220,171,171)	1.8448	None
NEUROG3	FLJ00385	0.2912	43.24	0.238	rgb(220,172,172)	1.8448	2,2
NR4A2	CAND2	-0.2912	43.24	-2.4E-01	rgb(166,186,226)	1.8448	None
NR4A2	MDK	0.2912	43.24	0.235	rgb(220,172,172)	1.8448	None
ONECUT1	USP32P2	0.2912	43.24	0.239	rgb(220,171,172)	1.8448	None
ONECUT2	DHRS2	-0.2912	43.24	-2.4E-01	rgb(165,185,226)	1.8448	None
RORC	EFNB3	0.2912	43.24	0.241	rgb(220,171,171)	1.8448	None
TFCP2L1	CLPS	-0.2912	43.24	-2.4E-01	rgb(164,185,226)	1.8448	None
ZFP28	ARHGAP9	-0.2912	43.24	-2.4E-01	rgb(166,186,226)	1.8448	None
HSF2	ASRGL1	0.29055	43.23	0.227	rgb(219,174,174)	1.8446	None
LMX1A	PCDH17	0.29055	43.23	0.23	rgb(220,173,174)	1.8446	2,2
MAFA	EPHB3	0.29055	43.23	0.226	rgb(219,174,174)	1.8446	None
PDX1	MDK	0.29055	43.23	0.226	rgb(219,174,174)	1.8446	None
SOX4	LINC00939	-0.29055	43.23	-2.3E-01	rgb(167,187,226)	1.8446	None
TFCP2L1	SHC3	0.29055	43.23	0.232	rgb(220,173,173)	1.8446	None
ATF5	ZNF846	-0.2899	43.22	-2.2E-01	rgb(168,187,226)	1.8444	None
FOXP2	MYT1	0.2899	43.22	0.219	rgb(219,175,176)	1.8444	None
GATA4	CLCNKA	-0.2899	43.22	-2.2E-01	rgb(168,187,226)	1.8444	None
MAFB	TMEM132B	0.2899	43.22	0.218	rgb(219,175,176)	1.8444	None
NEUROD2	RCOR2	0.2899	43.22	0.22	rgb(219,175,175)	1.8444	None
NKX6-1	TRAM1L1	0.2899	43.22	0.222	rgb(219,175,175)	1.8444	2,2
NR4A3	C7	0.2899	43.22	0.224	rgb(219,174,175)	1.8444	None
TFCP2L1	GFRA1	-0.2899	43.22	-2.2E-01	rgb(168,187,226)	1.8444	None
GATA2	SCN3B	0.28926	43.21	0.214	rgb(219,176,176)	1.8442	None
GATA4	WNK3	-0.28926	43.21	-2.1E-01	rgb(171,189,225)	1.8442	None
HSF2	ZMYM2	0.28926	43.21	0.211	rgb(219,177,177)	1.8442	None
LHX1	CD52	0.28926	43.21	0.21	rgb(219,177,177)	1.8442	None
NR4A2	CTXN1	-0.28926	43.21	-2.1E-01	rgb(171,189,225)	1.8442	None
PDX1	XKR7	0.28926	43.21	0.208	rgb(219,177,178)	1.8442	None
RORC	NCALD	0.28926	43.21	0.215	rgb(219,176,176)	1.8442	None
TGIF2	SULT1C2P1	-0.28926	43.21	-2.1E-01	rgb(172,190,225)	1.8442	None
ZFHX2	ATP13A4	0.28926	43.21	0.211	rgb(219,177,177)	1.8442	None
ZFHX2	MDK	-0.28926	43.21	-2.1E-01	rgb(171,189,225)	1.8442	None
RORC	GATA4	-0.28861	43.2	-2.0E-01	rgb(173,190,225)	1.844	None
SOX4	PCSK2	-0.28861	43.2	-2.0E-01	rgb(174,191,224)	1.844	None
ZNF846	NOVA2	-0.28861	43.2	-2.0E-01	rgb(173,190,225)	1.844	None
RORC	INSRR	0.28796	43.19	0.187	rgb(219,181,182)	1.8438	None
SOX4	LINC00494	-0.28796	43.19	-1.9E-01	rgb(176,192,224)	1.8438	None
ELF4	PCYT1B	-0.28732	43.18	-1.8E-01	rgb(178,193,224)	1.8436	None
FOXA1	ABCC4	0.28732	43.18	0.176	rgb(219,183,184)	1.8436	None
LHX1	FAXC	-0.28732	43.18	-1.8E-01	rgb(178,193,224)	1.8436	None
LHX1	FER1L6-AS1	-0.28732	43.18	-1.8E-01	rgb(178,193,224)	1.8436	None
NR4A3	TP73	0.28732	43.18	0.18	rgb(219,183,183)	1.8436	None
SIM1	ATCAY	0.28732	43.18	0.184	rgb(219,182,182)	1.8436	2,2
LHX1	PPM1E	0.28667	43.17	0.174	rgb(219,184,184)	1.8434	None
POU2F2	BRS3	0.28667	43.17	0.169	rgb(219,185,185)	1.8434	None
POU6F1	DOK6	0.28667	43.17	0.166	rgb(219,185,186)	1.8434	None
ZFP92	PCAT1	-0.28667	43.17	-1.7E-01	rgb(181,195,223)	1.8434	None
ZNF846	DKK3	-0.28667	43.17	-1.7E-01	rgb(180,194,224)	1.8434	None
ARNT2	TEAD2	0.28602	43.16	0.16	rgb(219,186,187)	1.8432	None
HIF1A	MAPK12	0.28602	43.16	0.159	rgb(219,187,187)	1.8432	None
LMX1A	PAX6	0.28602	43.16	0.16	rgb(219,186,187)	1.8432	None
PRDM16	BEND5	-0.28602	43.16	-1.6E-01	rgb(182,196,223)	1.8432	None
SPIB	ZNF382	0.28602	43.16	0.156	rgb(219,187,188)	1.8432	2,2
ZNF846	ACTN3	-0.28602	43.16	-1.6E-01	rgb(183,196,223)	1.8432	None
MAFA	RASL11B	0.28537	43.15	0.149	rgb(219,189,189)	1.843	None
ETV1	SYT5	0.28473	43.14	0.139	rgb(219,190,191)	1.8428	None
FOXP2	FLT1	0.28473	43.14	0.138	rgb(219,191,191)	1.8428	None
POU2F2	PPP1R3C	0.28473	43.14	0.139	rgb(219,190,191)	1.8428	None
ZNF382	DPP10	0.28473	43.14	0.138	rgb(219,191,191)	1.8428	None
ZNF846	PDZD4	-0.28473	43.14	-1.4E-01	rgb(186,198,222)	1.8428	None
ELF4	QSOX2	-0.28408	43.13	-1.3E-01	rgb(189,200,222)	1.8426	None
RFX2	STMND1	0.28408	43.13	0.127	rgb(218,193,193)	1.8426	None
TFCP2L1	TFPI2	-0.28408	43.13	-1.3E-01	rgb(189,200,222)	1.8426	None
MAFB	STMN4	0.28343	43.12	0.122	rgb(218,194,194)	1.8424	None
ZFP28	APLN	-0.28343	43.12	-1.2E-01	rgb(192,202,221)	1.8424	None
ISL1	RTN4RL1	0.28278	43.11	0.11	rgb(218,196,196)	1.8422	None
LHX1	HSF2	-0.28278	43.11	-1.1E-01	rgb(194,203,221)	1.8422	None
LMX1B	HCN4	0.28278	43.11	0.109	rgb(218,196,196)	1.8422	None
ARX	MAPK12	0.28214	43.1	0.097	rgb(218,198,199)	1.842	None
MAFB	PPP1R1A	0.28214	43.1	0.099	rgb(218,198,198)	1.842	None
ONECUT1	JPH4	0.28214	43.1	0.101	rgb(218,198,198)	1.842	None
LMX1A	PDE8B	-0.28149	43.09	-8.7E-02	rgb(198,205,220)	1.8418	None
PDX1	CYP4F24P	-0.28149	43.09	-8.9E-02	rgb(198,205,220)	1.8418	None
SOX4	IGSF21	-0.28149	43.09	-8.5E-02	rgb(198,206,220)	1.8418	None
TFCP2L1	SERPINI1	-0.28149	43.09	-9.3E-02	rgb(197,205,221)	1.8418	None
GATA2	RGS16	0.28084	43.08	0.081	rgb(218,202,202)	1.8416	None
HES6	AX746995	0.28084	43.08	0.082	rgb(218,201,202)	1.8416	2,2
HOXB9	PPM1E	0.28084	43.08	0.084	rgb(218,201,201)	1.8416	None
ONECUT2	AK026714	0.28084	43.08	0.077	rgb(218,202,202)	1.8416	2,2
TFCP2L1	CELA3B	-0.28084	43.08	-8.4E-02	rgb(199,206,220)	1.8416	None
TFCP2L1	RPRML	-0.28084	43.08	-8.1E-02	rgb(199,206,220)	1.8416	None
ELF4	FCRL6	-0.28019	43.07	-7.2E-02	rgb(201,207,220)	1.8414	None
FOXP2	MSMB	0.28019	43.07	0.072	rgb(218,203,203)	1.8414	None
GATA2	LGI3	0.28019	43.07	0.075	rgb(218,203,203)	1.8414	None
TFCP2L1	IFI6	-0.28019	43.07	-7.1E-02	rgb(202,208,220)	1.8414	None
LHX1	AEBP1	0.27955	43.06	0.061	rgb(218,205,205)	1.8412	None
LHX1	PYY	0.27955	43.06	0.055	rgb(218,206,207)	1.8412	None
NR4A3	VWCE	0.27955	43.06	0.06	rgb(218,206,206)	1.8412	None
POU2F2	EGR3	-0.27955	43.06	-5.9E-02	rgb(204,209,219)	1.8412	None
ELF4	GDAP1	-0.2789	43.05	-5.0E-02	rgb(206,210,219)	1.841	None
ISL1	PCDH17	-0.2789	43.05	-5.4E-02	rgb(205,210,219)	1.841	2,2
ONECUT3	BAALC	-0.2789	43.05	-4.7E-02	rgb(207,211,219)	1.841	None
MAFF	PAM	-0.27825	43.04	-4.3E-02	rgb(208,211,219)	1.8408	None
POU2F2	GRAP2	-0.27825	43.04	-3.6E-02	rgb(209,212,218)	1.8408	None
SMAD9	SDK2	0.27825	43.04	0.036	rgb(217,210,210)	1.8408	None
ZNF846	KCNIP3	0.27825	43.04	0.037	rgb(217,210,210)	1.8408	None
LMX1B	LDB1	0.2776	43.03	0.031	rgb(217,211,211)	1.8406	None
PDX1	ZNF519	-0.2776	43.03	-3.1E-02	rgb(210,213,218)	1.8406	None
MAFA	MYBPC3	0.27696	43.02	0.018	rgb(217,214,214)	1.8404	None
RORC	CITED2	0.27696	43.02	0.025	rgb(217,212,212)	1.8404	None
NEUROD2	GDF11	0.27631	43.01	0.005	rgb(217,216,216)	1.8402	None
POU2F2	BTBD11	0.27631	43.01	0.009	rgb(217,215,215)	1.8402	None
ARX	TRPC4	0.27566	42.86	0.856	rgb(226, 53, 55)	1.8372	2,2
SOX4	RAB36	-0.27501	42.85	-8.5E-01	rgb( 32,105,249)	1.837	None
FOXP2	NREP	0.27436	42.82	0.821	rgb(226, 60, 62)	1.8364	None
TGIF2	SMOC2	0.27372	42.75	0.747	rgb(225, 74, 76)	1.835	None
HSF2	LRAT	0.27307	42.73	0.734	rgb(225, 77, 78)	1.8346	None
MAFA	FUT1	-0.27307	42.73	-7.3E-01	rgb( 60,121,245)	1.8346	None
ETS1	TFCP2L1	-0.27242	42.72	-7.2E-01	rgb( 61,122,244)	1.8344	None
NR4A3	ITPR1	0.27177	42.7	0.7	rgb(225, 83, 85)	1.834	None
ZNF519	NR4A2	0.27112	42.69	0.685	rgb(225, 86, 87)	1.8338	None
EGR3	C1QL1	-0.27047	42.68	-6.8E-01	rgb( 69,127,243)	1.8336	None
RORC	TOX3	0.27047	42.68	0.681	rgb(224, 87, 88)	1.8336	None
SOX4	KAT2B	0.27047	42.68	0.684	rgb(225, 86, 88)	1.8336	None
ASCL2	MSMB	-0.26982	42.67	-6.7E-01	rgb( 73,129,242)	1.8334	None
NR4A3	DEFB1	0.26917	42.64	0.642	rgb(224, 94, 96)	1.8328	None
MAFB	SMARCC1	-0.26853	42.63	-6.3E-01	rgb( 81,134,241)	1.8326	None
RORC	ATP8B2	0.26853	42.63	0.628	rgb(224, 97, 98)	1.8326	None
TEAD1	CYP27A1	-0.26853	42.63	-6.3E-01	rgb( 81,134,241)	1.8326	None
ZNF846	NEGR1	0.26853	42.63	0.633	rgb(224, 96, 97)	1.8326	None
ETS1	KCNIP3	-0.26788	42.62	-6.2E-01	rgb( 83,136,240)	1.8324	None
POU2F2	LOC100272216	0.26788	42.62	0.624	rgb(224, 98, 99)	1.8324	2,2
TEAD1	SDK1	0.26788	42.62	0.621	rgb(224, 98,100)	1.8324	None
MAFA	LRAT	-0.26723	42.61	-6.1E-01	rgb( 84,136,240)	1.8322	None
MYRF	PELI3	0.26723	42.61	0.606	rgb(224,101,102)	1.8322	None
ONECUT3	SIDT1	0.26723	42.61	0.608	rgb(224,101,102)	1.8322	None
RFX2	BRS3	0.26723	42.61	0.609	rgb(224,101,102)	1.8322	None
FOXA1	AX747535	-0.26658	42.6	-6.0E-01	rgb( 87,138,240)	1.832	2,2
MAFA	ABLIM2	-0.26658	42.6	-6.0E-01	rgb( 87,138,240)	1.832	None
SOX4	PCED1B-AS1	-0.26658	42.6	-6.0E-01	rgb( 87,138,240)	1.832	None
ELF4	USH2A	-0.26593	42.59	-5.9E-01	rgb( 90,140,239)	1.8318	None
HOXB9	WNT9A	-0.26593	42.59	-5.9E-01	rgb( 90,140,239)	1.8318	None
HIF1A	DDC	-0.26528	42.58	-5.8E-01	rgb( 91,140,239)	1.8316	None
MLXIPL	CR627394	0.26528	42.58	0.584	rgb(223,105,107)	1.8316	2,2
NR4A2	MMP2	-0.26528	42.58	-5.8E-01	rgb( 91,140,239)	1.8316	None
PAX6	MTSS1	0.26528	42.58	0.577	rgb(223,107,108)	1.8316	None
PDX1	RAB4B-EGLN2	0.26528	42.58	0.578	rgb(223,107,108)	1.8316	None
ZNF846	GSTM2	0.26528	42.58	0.583	rgb(223,106,107)	1.8316	None
HSF2	LAPTM5	-0.26463	42.57	-5.7E-01	rgb( 93,142,239)	1.8314	None
NR4A2	TEAD2	0.26463	42.57	0.567	rgb(223,109,110)	1.8314	None
ONECUT3	RBFOX2	0.26463	42.57	0.572	rgb(223,108,109)	1.8314	None
SOX4	FAM65C	0.26463	42.57	0.571	rgb(223,108,109)	1.8314	2,2
TGIF2	BIVM-ERCC5	0.26463	42.57	0.566	rgb(223,109,110)	1.8314	None
ZNF492	PTPRN2	-0.26463	42.57	-5.7E-01	rgb( 93,141,239)	1.8314	None
FOXA2	TMEM132C	0.26398	42.56	0.557	rgb(223,111,112)	1.8312	None
GATA6	ONECUT2	-0.26398	42.56	-5.6E-01	rgb( 95,143,238)	1.8312	None
NFAT5	NAALAD2	0.26398	42.56	0.56	rgb(223,110,111)	1.8312	2,2
TEAD1	CD300LF	-0.26398	42.56	-5.6E-01	rgb( 96,144,238)	1.8312	None
LMX1B	GRAMD2	0.26333	42.55	0.547	rgb(223,113,114)	1.831	2,2
POU2F2	RAB4B-EGLN2	0.26333	42.55	0.552	rgb(223,112,113)	1.831	None
SOX4	RPS6KL1	-0.26333	42.55	-5.5E-01	rgb( 98,144,238)	1.831	None
ETS1	ZFP62	0.26269	42.54	0.543	rgb(223,113,114)	1.8308	None
ETV1	PTPRN	0.26269	42.54	0.544	rgb(223,113,114)	1.8308	None
GATA6	ZFR2	-0.26269	42.54	-5.4E-01	rgb(100,146,237)	1.8308	2,2
LHX1	AK5	-0.26269	42.54	-5.4E-01	rgb(101,146,237)	1.8308	None
MXI1	REM2	0.26269	42.54	0.543	rgb(223,113,114)	1.8308	None
SPIB	BEX2	-0.26269	42.54	-5.4E-01	rgb(101,146,237)	1.8308	None
GRHL3	ZCCHC12	0.26269	42.54	0.545	rgb(223,113,114)	1.8308	2,2
ETV1	MTUS2	0.26204	42.53	0.526	rgb(223,117,118)	1.8306	None
HIC1	VASH2	0.26204	42.53	0.535	rgb(223,115,116)	1.8306	None
LHX1	LZTS1	-0.26204	42.53	-5.3E-01	rgb(102,147,237)	1.8306	None
TGIF2	PDZD4	0.26204	42.53	0.533	rgb(223,115,116)	1.8306	None
ZFHX2	TEAD2	0.26204	42.53	0.531	rgb(223,116,117)	1.8306	None
HSF2	GATA4	0.26139	42.52	0.523	rgb(223,117,118)	1.8304	None
PRDM16	ETS1	0.26139	42.52	0.516	rgb(223,118,119)	1.8304	None
SOX4	CCDC146	-0.26139	42.52	-5.2E-01	rgb(105,149,237)	1.8304	None
EGR3	SLC38A5	-0.26074	42.51	-5.1E-01	rgb(107,150,236)	1.8302	None
HSF2	SSTR5	0.26074	42.51	0.509	rgb(223,120,121)	1.8302	None
TGIF2	SMARCD2	0.26074	42.51	0.508	rgb(223,120,121)	1.8302	None
ETS1	FBXL16	-0.26009	42.5	-5.0E-01	rgb(108,151,236)	1.83	None
NR4A2	SCUBE1	-0.26009	42.5	-5.0E-01	rgb(109,151,236)	1.83	None
PROX1	LOC100506178	0.26009	42.5	0.497	rgb(222,122,123)	1.83	2,2
TFCP2L1	KCNH7	0.26009	42.5	0.501	rgb(223,121,122)	1.83	None
ZFP82	WNT9A	0.26009	42.5	0.499	rgb(222,122,123)	1.83	None
SIM1	LOC653513	0.26009	42.5	0.495	rgb(222,122,123)	1.83	2,2
FOXP2	PCDHA2	0.25944	42.49	0.49	rgb(222,123,124)	1.8298	None
HES4	LIMD2	0.25944	42.49	0.487	rgb(222,124,125)	1.8298	2,2
NR4A3	GALNT16	0.25944	42.49	0.493	rgb(222,123,124)	1.8298	None
RFX2	KIAA1324	-0.25944	42.49	-4.9E-01	rgb(111,153,236)	1.8298	None
TEAD1	CHST10	0.25944	42.49	0.488	rgb(222,124,125)	1.8298	None
ZNF846	OCLM	0.25944	42.49	0.485	rgb(222,124,125)	1.8298	2,2
FEV	SEPT5-GP1BB	0.25879	42.48	0.478	rgb(222,126,127)	1.8296	2,2
LMX1B	ELAVL4	0.25879	42.48	0.481	rgb(222,125,126)	1.8296	None
NEUROD2	CFC1	-0.25879	42.48	-4.8E-01	rgb(112,153,235)	1.8296	None
NR4A2	MAPK10	-0.25879	42.48	-4.8E-01	rgb(112,153,235)	1.8296	None
EGR3	TTLL7	0.25814	42.47	0.466	rgb(222,128,129)	1.8294	None
ETV1	SCUBE1	0.25814	42.47	0.466	rgb(222,128,129)	1.8294	None
LHX1	ASIC4	-0.25814	42.47	-4.7E-01	rgb(116,156,235)	1.8294	None
RORC	KIF19	0.25814	42.47	0.47	rgb(222,127,128)	1.8294	None
RORC	PTGDR2	0.25814	42.47	0.468	rgb(222,128,129)	1.8294	None
SMAD9	SRCIN1	0.25814	42.47	0.473	rgb(222,127,128)	1.8294	None
ZFHX2	IFI6	-0.25814	42.47	-4.7E-01	rgb(115,155,235)	1.8294	None
GATA4	FOXP2	-0.2575	42.46	-4.6E-01	rgb(117,156,234)	1.8292	None
HSF2	SULT1C2P1	0.2575	42.46	0.458	rgb(222,130,131)	1.8292	None
ONECUT2	AKR1B1	-0.2575	42.46	-4.6E-01	rgb(117,156,235)	1.8292	None
ZNF382	ZNF492	0.2575	42.46	0.457	rgb(222,130,131)	1.8292	2,2
ASCL1	EID2	0.25685	42.45	0.452	rgb(222,131,131)	1.829	None
LHX1	S100A1	0.25685	42.45	0.449	rgb(222,131,132)	1.829	None
NR4A3	TCTEX1D4	0.25685	42.45	0.448	rgb(222,131,132)	1.829	None
RORC	SDCBP2-AS1	-0.25685	42.45	-4.5E-01	rgb(120,158,234)	1.829	None
SOX4	AX746771	-0.25685	42.45	-4.5E-01	rgb(119,157,234)	1.829	2,2
SOX4	BCAT1	0.25685	42.45	0.447	rgb(222,132,132)	1.829	None
FOXP2	SPRED3	0.2562	42.44	0.435	rgb(222,134,135)	1.8288	None
HIF1A	FABP5	-0.2562	42.44	-4.4E-01	rgb(122,159,234)	1.8288	None
LHX1	LINC00310	0.2562	42.44	0.444	rgb(222,132,133)	1.8288	None
LHX1	TTLL6	0.2562	42.44	0.445	rgb(222,132,133)	1.8288	None
MAFA	MIR503HG	0.2562	42.44	0.439	rgb(222,133,134)	1.8288	None
MAFA	SAMD14	0.2562	42.44	0.44	rgb(222,133,134)	1.8288	None
MAFB	SFTPA2	-0.2562	42.44	-4.4E-01	rgb(122,159,234)	1.8288	None
MAFF	SLC26A7	-0.2562	42.44	-4.4E-01	rgb(122,159,234)	1.8288	None
SMAD9	MAPK12	-0.2562	42.44	-4.4E-01	rgb(122,159,234)	1.8288	None
TFCP2L1	SIDT1	0.2562	42.44	0.437	rgb(222,134,134)	1.8288	None
EGR3	CD99L2	0.25555	42.43	0.43	rgb(222,135,136)	1.8286	None
ETV1	CALY	0.25555	42.43	0.427	rgb(222,136,136)	1.8286	None
HOXB9	MYO3A	-0.25555	42.43	-4.3E-01	rgb(124,160,233)	1.8286	None
PAX6	KCNN3	0.25555	42.43	0.432	rgb(222,134,135)	1.8286	None
TFCP2L1	PRRT3	0.25555	42.43	0.43	rgb(222,135,136)	1.8286	None
ZNF519	MCOLN3	0.25555	42.43	0.429	rgb(222,135,136)	1.8286	None
AKNA	AK126286	0.25555	42.43	0.431	rgb(222,135,136)	1.8286	2,2
FOXA1	GCH1	0.2549	42.42	0.42	rgb(222,137,138)	1.8284	None
HIF1A	AX746771	-0.2549	42.42	-4.2E-01	rgb(125,161,233)	1.8284	2,2
LMX1A	ACSL6	0.2549	42.42	0.424	rgb(222,136,137)	1.8284	None
NHLH1	LINC00923	-0.2549	42.42	-4.2E-01	rgb(126,161,233)	1.8284	2,2
NR4A2	HSPA12A	-0.2549	42.42	-4.2E-01	rgb(127,162,233)	1.8284	None
SOX4	BIVM-ERCC5	-0.2549	42.42	-4.2E-01	rgb(126,162,233)	1.8284	None
TGIF2	MAFB	-0.2549	42.42	-4.2E-01	rgb(126,161,233)	1.8284	None
TP73	SERPINI1	0.2549	42.42	0.422	rgb(222,136,137)	1.8284	None
ETS1	TRPC7	-0.25425	42.41	-4.1E-01	rgb(128,163,233)	1.8282	None
FEV	ATCAY	0.25425	42.41	0.41	rgb(222,139,140)	1.8282	2,2
GATA6	COL16A1	-0.25425	42.41	-4.1E-01	rgb(128,163,233)	1.8282	None
GATA6	HOMEZ	-0.25425	42.41	-4.1E-01	rgb(127,162,233)	1.8282	None
MAFB	FAM155B	-0.25425	42.41	-4.1E-01	rgb(129,163,232)	1.8282	None
NR4A3	COL12A1	0.25425	42.41	0.409	rgb(221,139,140)	1.8282	None
POU6F1	UBE2QL1	0.25425	42.41	0.414	rgb(222,138,139)	1.8282	2,2
TFCP2L1	POU2F2	-0.25425	42.41	-4.1E-01	rgb(128,163,233)	1.8282	None
AKNA	NTS	-0.25425	42.41	-4.1E-01	rgb(128,163,233)	1.8282	2,2
ARX	MLN	0.2536	42.4	0.401	rgb(221,140,141)	1.828	None
EGR3	ID4	-0.2536	42.4	-4.0E-01	rgb(131,165,232)	1.828	None
GATA2	CERS1	-0.2536	42.4	-4.0E-01	rgb(130,164,232)	1.828	None
HSF2	NDRG4	-0.2536	42.4	-4.0E-01	rgb(131,165,232)	1.828	None
NEUROG3	PLEKHB1	0.2536	42.4	0.402	rgb(221,140,141)	1.828	None
ONECUT2	SPINK4	-0.2536	42.4	-4.0E-01	rgb(131,164,232)	1.828	None
SMAD9	LAPTM5	0.2536	42.4	0.404	rgb(221,140,141)	1.828	None
TEAD2	MAPK10	0.2536	42.4	0.397	rgb(221,141,142)	1.828	None
ZNF382	MEX3A	-0.2536	42.4	-4.0E-01	rgb(129,164,232)	1.828	None
AEBP1	MUC5AC	-0.2536	42.4	-4.0E-01	rgb(130,164,232)	1.828	2,2
GATA6	SRCIN1	-0.25295	42.39	-3.9E-01	rgb(132,165,232)	1.8278	None
HSF2	CLCNKA	0.25295	42.39	0.392	rgb(221,142,143)	1.8278	None
LHX1	CTAGE15	-0.25295	42.39	-3.9E-01	rgb(133,166,232)	1.8278	2,2
MAFA	BOC	0.25295	42.39	0.388	rgb(221,143,144)	1.8278	None
NEUROD2	IGSF10	0.25295	42.39	0.393	rgb(221,142,143)	1.8278	None
PAX6	RCOR3	0.25295	42.39	0.387	rgb(221,143,144)	1.8278	None
RFX2	JAZF1	0.25295	42.39	0.388	rgb(221,143,144)	1.8278	None
RFX2	MAFA	0.25295	42.39	0.386	rgb(221,143,144)	1.8278	None
ZNF846	TMOD2	0.25295	42.39	0.387	rgb(221,143,144)	1.8278	None
ETV1	DCX	0.2523	42.38	0.379	rgb(221,145,145)	1.8276	2,2
LMX1B	DSCAML1	0.2523	42.38	0.378	rgb(221,145,145)	1.8276	None
ONECUT3	GPC6	-0.2523	42.38	-3.8E-01	rgb(135,167,231)	1.8276	None
POU2F2	TPST2	0.2523	42.38	0.383	rgb(221,144,145)	1.8276	None
SOX4	LINC00310	-0.2523	42.38	-3.8E-01	rgb(134,167,232)	1.8276	None
ZNF492	NNMT	-0.2523	42.38	-3.8E-01	rgb(135,167,231)	1.8276	None
ZNF519	AK123889	0.2523	42.38	0.384	rgb(221,144,144)	1.8276	2,2
ASCL1	COL12A1	0.25166	42.37	0.373	rgb(221,146,146)	1.8274	None
ETS1	H1FX-AS1	-0.25166	42.37	-3.7E-01	rgb(137,168,231)	1.8274	None
HOXB9	CCDC181	0.25166	42.37	0.371	rgb(221,146,147)	1.8274	None
HOXB9	WNK2	-0.25166	42.37	-3.7E-01	rgb(137,168,231)	1.8274	None
ZNF519	DKK3	-0.25166	42.37	-3.7E-01	rgb(137,168,231)	1.8274	None
EGR3	MIR7-3HG	-0.25101	42.36	-3.6E-01	rgb(139,169,231)	1.8272	None
ELF4	RRAGD	0.25101	42.36	0.363	rgb(221,148,148)	1.8272	None
GATA4	JAKMIP2	-0.25101	42.36	-3.6E-01	rgb(138,169,231)	1.8272	None
HOXB9	ELAVL4	-0.25101	42.36	-3.6E-01	rgb(139,170,231)	1.8272	None
ONECUT3	KCNMB2	-0.25101	42.36	-3.6E-01	rgb(139,169,231)	1.8272	None
PBX1	MSI1	-0.25101	42.36	-3.6E-01	rgb(139,170,231)	1.8272	None
RORC	HIP1	-0.25101	42.36	-3.6E-01	rgb(139,170,231)	1.8272	None
SMAD9	FAXC	-0.25101	42.36	-3.6E-01	rgb(138,169,231)	1.8272	None
SPIB	LINC00310	0.25101	42.36	0.363	rgb(221,148,148)	1.8272	None
ZNF492	AK057596	0.25101	42.36	0.365	rgb(221,147,148)	1.8272	2,2
HOXB9	RGS9	0.25036	42.35	0.353	rgb(221,150,150)	1.827	None
ISL1	SCG3	-0.25036	42.35	-3.5E-01	rgb(140,170,230)	1.827	None
NR4A3	ARHGEF25	0.25036	42.35	0.346	rgb(221,151,152)	1.827	2,2
POU2F2	NFASC	0.25036	42.35	0.35	rgb(221,150,151)	1.827	None
RFX6	PAX4	0.25036	42.35	0.352	rgb(221,150,151)	1.827	2,2
ZFP92	LOC441204	-0.25036	42.35	-3.5E-01	rgb(142,171,230)	1.827	2,2
ZNF492	METTL21EP	0.25036	42.35	0.353	rgb(221,149,150)	1.827	None
HIF1A	GLT8D2	-0.24971	42.34	-3.4E-01	rgb(142,172,230)	1.8268	None
HOMEZ	RPS14P3	-0.24971	42.34	-3.4E-01	rgb(143,172,230)	1.8268	2,2
PAX6	MAP6	0.24971	42.34	0.337	rgb(221,153,153)	1.8268	None
PDX1	ADNP	-0.24971	42.34	-3.4E-01	rgb(142,171,230)	1.8268	None
RORC	RET	0.24971	42.34	0.345	rgb(221,151,152)	1.8268	None
ZNF382	LOC286297	0.24971	42.34	0.342	rgb(221,152,152)	1.8268	2,2
NR4A3	GPR137C	0.24906	42.33	0.329	rgb(221,154,155)	1.8266	None
TFCP2L1	DDC	-0.24906	42.33	-3.3E-01	rgb(145,173,230)	1.8266	None
GRHL3	FAM19A5	0.24906	42.33	0.326	rgb(221,155,155)	1.8266	2,2
FOXA2	RIIAD1	0.24841	42.32	0.316	rgb(220,157,157)	1.8264	None
HOXB9	PKIA	-0.24841	42.32	-3.2E-01	rgb(148,175,229)	1.8264	None
HSF2	CORO2B	0.24841	42.32	0.317	rgb(220,157,157)	1.8264	None
LHX1	CAND2	-0.24841	42.32	-3.2E-01	rgb(147,174,229)	1.8264	None
LMX1A	KCNMB2-IT1	0.24841	42.32	0.32	rgb(221,156,157)	1.8264	2,2
NHLH1	UBL5	0.24841	42.32	0.318	rgb(221,156,157)	1.8264	None
PDX1	CAMK1G	0.24841	42.32	0.319	rgb(221,156,157)	1.8264	None
POU2F2	LOC286297	0.24841	42.32	0.32	rgb(221,156,156)	1.8264	2,2
SOX4	SPC25	-0.24841	42.32	-3.2E-01	rgb(147,175,229)	1.8264	None
TGIF2	LZTS1	0.24841	42.32	0.317	rgb(220,156,157)	1.8264	None
ZFHX2	DPP10	0.24841	42.32	0.324	rgb(221,155,156)	1.8264	None
ARNT2	RUNDC3A	0.24776	42.31	0.31	rgb(220,158,158)	1.8262	None
FOXA1	ATF6	0.24776	42.31	0.311	rgb(220,158,158)	1.8262	None
LTF	CNTN3	-0.24776	42.31	-3.1E-01	rgb(150,176,229)	1.8262	2,2
ONECUT2	CELA3A	-0.24776	42.31	-3.1E-01	rgb(150,176,229)	1.8262	None
RORC	RGS16	0.24776	42.31	0.309	rgb(220,158,159)	1.8262	None
ARNT2	SSTR3	0.24711	42.3	0.301	rgb(220,160,160)	1.826	None
EGR3	FKBP7	0.24711	42.3	0.303	rgb(220,159,160)	1.826	None
ETS1	ANKRD65	0.24711	42.3	0.298	rgb(220,160,161)	1.826	None
ONECUT3	SLC51B	-0.24711	42.3	-3.0E-01	rgb(152,177,228)	1.826	None
PDX1	CITED2	0.24711	42.3	0.302	rgb(220,159,160)	1.826	None
TGIF2	PRRT3	0.24711	42.3	0.304	rgb(220,159,159)	1.826	None
ZFP82	TMEM132C	0.24711	42.3	0.303	rgb(220,159,160)	1.826	None
ZNF519	CSF1R	-0.24711	42.3	-3.0E-01	rgb(153,178,228)	1.826	None
EGR3	NPY	0.24647	42.29	0.294	rgb(220,161,161)	1.8258	None
FOXP2	AK5	0.24647	42.29	0.289	rgb(220,162,162)	1.8258	None
HSF2	NHLH1	-0.24647	42.29	-2.9E-01	rgb(155,179,228)	1.8258	None
LHX1	GLIS2	0.24647	42.29	0.286	rgb(220,162,163)	1.8258	None
LHX1	TUBA3FP	0.24647	42.29	0.29	rgb(220,162,162)	1.8258	None
MAFA	BEND5	0.24647	42.29	0.286	rgb(220,162,163)	1.8258	None
NKX2-2	VWCE	0.24647	42.29	0.294	rgb(220,161,161)	1.8258	None
NR4A3	MIR7-3HG	0.24647	42.29	0.294	rgb(220,161,161)	1.8258	None
ZFP82	TSNAX-DISC1	-0.24647	42.29	-2.9E-01	rgb(154,178,228)	1.8258	None
NR4A3	QSOX2	0.24582	42.28	0.28	rgb(220,163,164)	1.8256	None
SMAD9	DSCAML1	0.24582	42.28	0.279	rgb(220,164,164)	1.8256	None
TEAD2	WNK3	0.24582	42.28	0.284	rgb(220,163,163)	1.8256	None
ETS1	EID1	-0.24517	42.27	-2.7E-01	rgb(159,182,227)	1.8254	None
FEV	BEND5	0.24517	42.27	0.271	rgb(220,165,166)	1.8254	None
HIC1	RAP1GAP2	0.24517	42.27	0.275	rgb(220,164,165)	1.8254	None
ZNF382	CNTN3	0.24517	42.27	0.272	rgb(220,165,166)	1.8254	2,2
ZNF519	PLCE1-AS1	0.24517	42.27	0.273	rgb(220,165,165)	1.8254	2,2
ZNF846	AK310876	0.24517	42.27	0.268	rgb(220,166,166)	1.8254	2,2
ASCL2	FAM110B	0.24452	42.26	0.264	rgb(220,167,167)	1.8252	None
FEV	CELF5	0.24452	42.26	0.264	rgb(220,167,167)	1.8252	None
HOXB9	SSBP2	0.24452	42.26	0.259	rgb(220,168,168)	1.8252	None
MAFB	S100A1	0.24452	42.26	0.261	rgb(220,167,168)	1.8252	None
PDX1	CD200	0.24452	42.26	0.259	rgb(220,167,168)	1.8252	None
SMAD9	BTBD17	0.24452	42.26	0.263	rgb(220,167,167)	1.8252	None
SPIB	MUC5B	-0.24452	42.26	-2.6E-01	rgb(161,183,227)	1.8252	None
TFCP2L1	CYP27A1	-0.24452	42.26	-2.6E-01	rgb(161,183,227)	1.8252	None
ZNF492	AK055017	0.24452	42.26	0.256	rgb(220,168,169)	1.8252	2,2
HIC1	FBN1	0.24387	42.25	0.249	rgb(220,169,170)	1.825	2,2
LHX1	ST8SIA5	0.24387	42.25	0.253	rgb(220,169,169)	1.825	None
LHX1	ZBTB4	0.24387	42.25	0.246	rgb(220,170,171)	1.825	None
LMX1A	CLCA1	0.24387	42.25	0.248	rgb(220,170,170)	1.825	None
RORC	NEFL	0.24387	42.25	0.253	rgb(220,169,169)	1.825	None
RORC	NPY	-0.24387	42.25	-2.5E-01	rgb(164,184,226)	1.825	None
HOXB9	BRSK1	-0.24322	42.24	-2.4E-01	rgb(164,185,226)	1.8248	None
ONECUT1	NHSL2	0.24322	42.24	0.236	rgb(220,172,172)	1.8248	None
EGR3	TGIF2	0.24257	42.23	0.229	rgb(220,173,174)	1.8246	None
HOXB9	LMO3	0.24257	42.23	0.231	rgb(220,173,173)	1.8246	None
LMX1B	WDR17	0.24257	42.23	0.228	rgb(220,173,174)	1.8246	None
MAFA	NRXN2	0.24257	42.23	0.234	rgb(220,172,173)	1.8246	None
MAFB	HIC1	0.24257	42.23	0.226	rgb(219,174,174)	1.8246	None
NR4A3	GAD2	0.24257	42.23	0.227	rgb(219,174,174)	1.8246	None
PDX1	SYNM	-0.24257	42.23	-2.3E-01	rgb(168,187,226)	1.8246	None
RORC	ATOH8	0.24257	42.23	0.226	rgb(219,174,174)	1.8246	None
GATA2	IGSF10	0.24192	42.22	0.217	rgb(219,175,176)	1.8244	None
GATA2	MEP1B	0.24192	42.22	0.219	rgb(219,175,176)	1.8244	None
NHLH1	LINC00930	0.24192	42.22	0.222	rgb(219,175,175)	1.8244	2,2
NHLH1	SCN1B	0.24192	42.22	0.217	rgb(219,175,176)	1.8244	None
SMAD9	FKBP7	0.24192	42.22	0.217	rgb(219,176,176)	1.8244	None
TP73	AL117485	0.24192	42.22	0.22	rgb(219,175,175)	1.8244	2,2
ZFHX2	TTLL6	0.24192	42.22	0.222	rgb(219,175,175)	1.8244	None
ZFP28	CTNND1	0.24192	42.22	0.221	rgb(219,175,175)	1.8244	None
ZNF519	AK055017	0.24192	42.22	0.217	rgb(219,176,176)	1.8244	2,2
ATF6	LTF	-0.24127	42.21	-2.1E-01	rgb(172,190,225)	1.8242	None
HSF2	SYNGR3	-0.24127	42.21	-2.1E-01	rgb(171,189,225)	1.8242	None
NFAT5	AK130076	0.24127	42.21	0.214	rgb(219,176,176)	1.8242	2,2
ONECUT3	ALAS2	-0.24127	42.21	-2.1E-01	rgb(171,189,225)	1.8242	None
PDX1	HMGB3	-0.24127	42.21	-2.1E-01	rgb(171,189,225)	1.8242	None
HOXB9	ELAVL3	0.24063	42.2	0.2	rgb(219,179,179)	1.824	None
NEUROD2	NKAIN1	0.24063	42.2	0.196	rgb(219,180,180)	1.824	None
PDX1	CHRNB4	0.24063	42.2	0.2	rgb(219,179,179)	1.824	None
PRDM16	RGS5	-0.24063	42.2	-2.0E-01	rgb(174,191,225)	1.824	None
HOXB9	AVPR1B	0.23998	42.19	0.189	rgb(219,181,181)	1.8238	None
NHLH1	SPON2	0.23998	42.19	0.192	rgb(219,180,181)	1.8238	None
NR4A3	LTF	-0.23998	42.19	-1.9E-01	rgb(177,193,224)	1.8238	None
ONECUT2	DNAPTP1	0.23998	42.19	0.188	rgb(219,181,181)	1.8238	2,2
PDX1	LRRN2	0.23998	42.19	0.187	rgb(219,181,182)	1.8238	None
SMAD9	ABCC8	0.23998	42.19	0.186	rgb(219,181,182)	1.8238	None
ZNF846	APLP1	-0.23998	42.19	-1.9E-01	rgb(176,192,224)	1.8238	None
NPAS3	BC041484	0.23998	42.19	0.187	rgb(219,181,182)	1.8238	2,2
GATA6	PCED1B-AS1	-0.23933	42.18	-1.8E-01	rgb(177,193,224)	1.8236	None
PDX1	C1QL1	0.23933	42.18	0.185	rgb(219,182,182)	1.8236	None
RFX3	UBL5	-0.23933	42.18	-1.8E-01	rgb(178,193,224)	1.8236	None
TP73	HGFAC	0.23933	42.18	0.185	rgb(219,182,182)	1.8236	None
ZFP28	HIF1A	0.23933	42.18	0.175	rgb(219,184,184)	1.8236	None
SIM1	ECEL1	0.23933	42.18	0.179	rgb(219,183,183)	1.8236	2,2
PDX1	KCNAB2	0.23868	42.17	0.172	rgb(219,184,185)	1.8234	None
SOX4	SSTR2	0.23868	42.17	0.175	rgb(219,184,184)	1.8234	None
ZNF519	CBX7	-0.23868	42.17	-1.7E-01	rgb(181,195,223)	1.8234	None
NFAT5	AL831889	0.23803	42.16	0.16	rgb(219,186,187)	1.8232	2,2
PAX6	BAIAP3	0.23803	42.16	0.165	rgb(219,186,186)	1.8232	None
SOX4	CPA1	0.23803	42.16	0.164	rgb(219,186,186)	1.8232	None
SOX4	NOTUM	0.23803	42.16	0.161	rgb(219,186,187)	1.8232	None
TFCP2L1	LRAT	-0.23803	42.16	-1.6E-01	rgb(181,195,223)	1.8232	None
FOXP2	NR2F2-AS1	-0.23738	42.15	-1.5E-01	rgb(185,197,223)	1.823	None
LMX1A	MTUS2	0.23738	42.15	0.147	rgb(219,189,189)	1.823	None
TFCP2L1	KIF19	-0.23673	42.14	-1.4E-01	rgb(187,199,222)	1.8228	None
ZFHX2	CYMP	-0.23673	42.14	-1.4E-01	rgb(186,198,222)	1.8228	None
ASCL1	BC033961	0.23608	42.13	0.126	rgb(218,193,193)	1.8226	2,2
LMX1A	SLC30A4	-0.23608	42.13	-1.3E-01	rgb(189,200,222)	1.8226	None
NEUROD2	MAPK10	0.23608	42.13	0.127	rgb(218,193,193)	1.8226	None
PAX6	ICA1L	0.23608	42.13	0.134	rgb(218,191,192)	1.8226	None
RORC	SIDT1	0.23608	42.13	0.132	rgb(218,192,192)	1.8226	None
TEAD1	SLC51B	-0.23608	42.13	-1.3E-01	rgb(188,200,222)	1.8226	None
TFCP2L1	SEZ6	-0.23608	42.13	-1.3E-01	rgb(189,200,222)	1.8226	None
ZNF846	SYNM	0.23608	42.13	0.13	rgb(218,192,192)	1.8226	None
ETV1	PODXL2	0.23543	42.12	0.119	rgb(218,194,195)	1.8224	None
GLIS2	TSPAN7	0.23543	42.12	0.116	rgb(218,195,195)	1.8224	None
ONECUT1	RUNX1T1	0.23543	42.12	0.121	rgb(218,194,194)	1.8224	None
TFCP2L1	NRXN2	-0.23543	42.12	-1.2E-01	rgb(192,202,221)	1.8224	None
CBX2	PCDHB10	0.23543	42.12	0.119	rgb(218,194,195)	1.8224	2,2
EGR3	B3GAT1	-0.23479	42.11	-1.1E-01	rgb(193,202,221)	1.8222	None
ISL1	BEX1	-0.23414	42.1	-9.6E-02	rgb(196,204,221)	1.822	2,2
LMX1B	CELSR3	0.23414	42.1	0.1	rgb(218,198,198)	1.822	None
HMGN3	CRISP3	-0.23414	42.1	-1.0E-01	rgb(195,204,221)	1.822	2,2
MAFB	EFNB3	-0.23349	42.09	-9.3E-02	rgb(197,205,221)	1.8218	None
SMAD9	CXXC4	0.23349	42.09	0.091	rgb(218,200,200)	1.8218	None
ATF6	INHBE	-0.23284	42.07	-7.4E-02	rgb(201,207,220)	1.8214	None
FOXA1	ASRGL1	0.23284	42.07	0.069	rgb(218,204,204)	1.8214	None
NKX2-2	HEPACAM2	-0.23284	42.07	-7.1E-02	rgb(202,208,220)	1.8214	None
TFCP2L1	ZFP2	0.23284	42.07	0.065	rgb(218,205,205)	1.8214	None
EGR3	CHST8	-0.23219	42.06	-6.5E-02	rgb(203,208,219)	1.8212	None
ELF4	NHLH1	0.23219	42.06	0.062	rgb(218,205,205)	1.8212	None
FOXP2	PKIA	0.23219	42.06	0.056	rgb(218,206,206)	1.8212	None
MAFA	NOXO1	-0.23219	42.06	-6.0E-02	rgb(204,209,219)	1.8212	None
NFAT5	SYCP2	0.23219	42.06	0.056	rgb(218,206,206)	1.8212	None
POU2F2	RFX3	0.23219	42.06	0.061	rgb(218,205,205)	1.8212	None
TFCP2L1	ATOH8	-0.23219	42.06	-6.2E-02	rgb(204,209,219)	1.8212	None
TGIF2	WNT9A	0.23154	42.05	0.049	rgb(218,208,208)	1.821	None
NR4A2	CCL20	-0.23089	42.04	-3.8E-02	rgb(209,212,218)	1.8208	None
RFX3	NEGR1	-0.23089	42.04	-4.4E-02	rgb(208,211,219)	1.8208	None
ZFP92	MEP1B	-0.23089	42.04	-4.2E-02	rgb(208,211,219)	1.8208	None
ZNF846	LZTS1	-0.23089	42.04	-3.7E-02	rgb(209,212,218)	1.8208	None
ELF4	FJX1	-0.23024	42.03	-3.3E-02	rgb(210,213,218)	1.8206	None
SOX4	GADD45A	0.2296	42.02	0.023	rgb(217,213,213)	1.8204	None
ZFP82	ABCC4	0.2296	42.02	0.018	rgb(217,214,214)	1.8204	None
ZNF492	CHRNB4	-0.2296	42.02	-2.4E-02	rgb(212,214,218)	1.8204	None
ZNF519	ARNT2	-0.2296	42.02	-2.4E-02	rgb(212,214,218)	1.8204	None
ZNF846	ONECUT2	0.2296	42.02	0.015	rgb(217,214,214)	1.8204	None
ASCL2	HSPA12A	-0.22895	42.01	-1.5E-02	rgb(214,215,218)	1.8202	None
HSF2	ATP13A4	0.22895	42.01	0.005	rgb(217,216,216)	1.8202	None
CXXC4	GPR133	-0.2283	42	-2.2E-03	rgb(217,217,217)	1.82	2,2
ONECUT2	GOLGA6L5	0.2283	42	0.002	rgb(217,217,217)	1.82	2,2
ZFHX2	AB007962	0.2283	42	0.004	rgb(217,216,216)	1.82	2,2
ONECUT3	FAM171A2	0.22765	41.82	0.82	rgb(226, 60, 62)	1.8164	None
NEUROD2	RAP1GAP2	0.22698	41.8	0.797	rgb(226, 65, 66)	1.816	None
ONECUT2	AX747775	0.22631	41.77	0.773	rgb(225, 69, 71)	1.8154	2,2
GATA6	ONECUT3	-0.22564	41.76	-7.6E-01	rgb( 52,117,246)	1.8152	None
ONECUT3	CNOT6L	-0.22497	41.75	-7.5E-01	rgb( 54,118,245)	1.815	None
NEUROG3	P2RX6	0.2243	41.74	0.735	rgb(225, 77, 78)	1.8148	None
RFX3	ELL2	0.2243	41.74	0.742	rgb(225, 75, 77)	1.8148	None
ZNF382	CBLN1	-0.2243	41.74	-7.4E-01	rgb( 56,119,245)	1.8148	None
SPIB	GSTM2	-0.22364	41.73	-7.3E-01	rgb( 59,121,245)	1.8146	None
TGIF2	KAT2B	-0.22364	41.73	-7.3E-01	rgb( 58,120,245)	1.8146	None
ZFP28	POU2F2	0.22364	41.73	0.734	rgb(225, 77, 78)	1.8146	None
ETV1	RPLP0P2	0.22297	41.72	0.725	rgb(225, 79, 80)	1.8144	None
PDX1	KAT2B	-0.22297	41.72	-7.2E-01	rgb( 61,122,244)	1.8144	None
ETS1	WNT9A	0.2223	41.71	0.707	rgb(225, 82, 83)	1.8142	None
NR4A2	TTYH2	-0.2223	41.71	-7.1E-01	rgb( 63,124,244)	1.8142	None
SPIB	REM2	0.2223	41.71	0.706	rgb(225, 82, 84)	1.8142	None
ETS1	TMEM132B	0.22163	41.7	0.702	rgb(225, 83, 84)	1.814	None
FEV	KCNH2	0.22163	41.7	0.701	rgb(225, 83, 84)	1.814	None
NR4A3	TTC7B	0.22163	41.7	0.697	rgb(225, 84, 85)	1.814	None
GATA2	DENND2A	-0.22096	41.69	-6.9E-01	rgb( 67,126,243)	1.8138	None
ZNF492	IL17C	-0.22096	41.69	-6.9E-01	rgb( 68,126,243)	1.8138	2,2
LMX1A	SAP30	-0.22029	41.68	-6.8E-01	rgb( 70,127,243)	1.8136	None
TEAD1	DNAH11	0.22029	41.68	0.683	rgb(225, 87, 88)	1.8136	None
FEV	SMARCA1	-0.21962	41.67	-6.7E-01	rgb( 72,129,242)	1.8134	None
LMX1B	NNMT	0.21962	41.67	0.67	rgb(224, 89, 90)	1.8134	None
ETV1	USP13	0.21895	41.65	0.648	rgb(224, 93, 94)	1.813	None
FOXA1	PLCG2	-0.21895	41.65	-6.5E-01	rgb( 75,131,242)	1.813	None
ETS1	GPR173	-0.21828	41.64	-6.4E-01	rgb( 77,132,242)	1.8128	None
ZFHX2	MAP2	0.21762	41.63	0.631	rgb(224, 96, 98)	1.8126	None
RORC	SMOC2	0.21695	41.62	0.619	rgb(224, 99,100)	1.8124	None
ZNF492	GDAP1	0.21695	41.62	0.623	rgb(224, 98, 99)	1.8124	None
ADNP	HLA-DPA1	0.21695	41.62	0.619	rgb(224, 99,100)	1.8124	2,2
EGR3	PRKCG	-0.21628	41.61	-6.1E-01	rgb( 85,137,240)	1.8122	None
ST18	KIAA1456	0.21628	41.61	0.613	rgb(224,100,101)	1.8122	2,2
EGR3	CORO2B	0.21561	41.6	0.602	rgb(224,102,103)	1.812	None
NR4A2	FAM135B	-0.21561	41.6	-6.0E-01	rgb( 86,137,240)	1.812	None
PBX1	CNTD2	-0.21561	41.6	-6.0E-01	rgb( 87,138,240)	1.812	None
ISL1	RBP2	0.21494	41.59	0.592	rgb(224,104,105)	1.8118	None
ONECUT2	ADNP	0.21494	41.59	0.587	rgb(223,105,106)	1.8118	None
MXI1	MYO3A	0.21427	41.58	0.584	rgb(223,105,107)	1.8116	None
ZFHX2	DEFB1	-0.21427	41.58	-5.8E-01	rgb( 92,141,239)	1.8116	None
ZNF382	ABCC9	0.21427	41.58	0.581	rgb(223,106,107)	1.8116	2,2
FEV	FCRL6	0.2136	41.57	0.568	rgb(223,109,110)	1.8114	None
GATA6	PER2	0.2136	41.57	0.575	rgb(223,107,108)	1.8114	None
LHX1	TTC7B	-0.2136	41.57	-5.7E-01	rgb( 94,142,239)	1.8114	None
LMX1A	SYNM	0.2136	41.57	0.567	rgb(223,109,110)	1.8114	None
PDX1	ADCY5	0.2136	41.57	0.572	rgb(223,108,109)	1.8114	None
ZNF492	SIDT1	-0.2136	41.57	-5.7E-01	rgb( 94,142,239)	1.8114	None
ASCL2	GDAP1	0.21293	41.56	0.556	rgb(223,111,112)	1.8112	None
GATA4	NFAT5	-0.21293	41.56	-5.6E-01	rgb( 95,143,238)	1.8112	None
HHEX	ABCC4	0.21293	41.56	0.559	rgb(223,110,111)	1.8112	None
LHX1	BAALC	-0.21293	41.56	-5.6E-01	rgb( 96,143,238)	1.8112	None
NR4A3	SPIB	0.21293	41.56	0.559	rgb(223,110,111)	1.8112	None
TGIF2	CCDC74A	0.21293	41.56	0.563	rgb(223,110,111)	1.8112	None
ZNF519	PCAT1	0.21293	41.56	0.561	rgb(223,110,111)	1.8112	None
ETV1	SAMD14	0.21226	41.55	0.547	rgb(223,112,114)	1.811	None
LMX1A	SLC35F3	0.21226	41.55	0.548	rgb(223,112,113)	1.811	None
NR4A3	TMEM178B	0.21226	41.55	0.547	rgb(223,113,114)	1.811	None
ZNF519	SMAD9	0.21226	41.55	0.545	rgb(223,113,114)	1.811	None
EGR3	MEX3A	0.2116	41.54	0.542	rgb(223,114,115)	1.8108	None
ETS1	LAPTM5	0.2116	41.54	0.544	rgb(223,113,114)	1.8108	None
GATA6	SSTR3	-0.2116	41.54	-5.4E-01	rgb(101,146,237)	1.8108	None
HIF1A	IRF2BP1	-0.2116	41.54	-5.4E-01	rgb(100,146,237)	1.8108	None
LHX1	KCNK3	0.2116	41.54	0.542	rgb(223,114,115)	1.8108	None
LMX1B	SH2D3C	0.2116	41.54	0.538	rgb(223,114,115)	1.8108	None
NR4A2	CCDC74A	0.2116	41.54	0.543	rgb(223,113,114)	1.8108	None
POU6F1	EFCC1	0.2116	41.54	0.544	rgb(223,113,114)	1.8108	None
SOX4	SMARCD2	-0.2116	41.54	-5.4E-01	rgb( 99,146,238)	1.8108	None
ZNF492	SGSM1	0.2116	41.54	0.542	rgb(223,113,115)	1.8108	None
EGR3	CBX2	0.21093	41.53	0.534	rgb(223,115,116)	1.8106	None
EGR3	SOCS1	-0.21093	41.53	-5.3E-01	rgb(103,148,237)	1.8106	None
GATA2	TRPM2	-0.21093	41.53	-5.3E-01	rgb(103,148,237)	1.8106	None
GATA6	WNK3	0.21093	41.53	0.527	rgb(223,116,117)	1.8106	None
HEYL	FAM106CP	-0.21093	41.53	-5.3E-01	rgb(102,147,237)	1.8106	2,2
TFCP2L1	MTSS1	0.21093	41.53	0.533	rgb(223,115,116)	1.8106	None
ETS1	SOCS1	0.21026	41.52	0.516	rgb(223,118,119)	1.8104	None
PDX1	SHC3	0.21026	41.52	0.519	rgb(223,118,119)	1.8104	None
MYT1	AK123868	0.21026	41.52	0.515	rgb(223,119,120)	1.8104	2,2
ATF5	AK090700	-0.20959	41.51	-5.1E-01	rgb(107,150,236)	1.8102	2,2
ETS1	SLC35F3	-0.20959	41.51	-5.1E-01	rgb(106,149,236)	1.8102	None
HOMEZ	AX746995	-0.20959	41.51	-5.1E-01	rgb(106,149,236)	1.8102	2,2
RORC	GPR137C	-0.20959	41.51	-5.1E-01	rgb(106,150,236)	1.8102	None
ZFP28	CR627394	0.20959	41.51	0.507	rgb(223,120,121)	1.8102	2,2
ATF6	LINC00261	0.20892	41.5	0.498	rgb(222,122,123)	1.81	None
ETV1	GPR148	0.20892	41.5	0.495	rgb(222,122,123)	1.81	None
FOXA1	LGI3	-0.20892	41.5	-5.0E-01	rgb(109,151,236)	1.81	None
FOXA1	VN1R1	-0.20892	41.5	-5.0E-01	rgb(109,151,236)	1.81	2,2
GATA6	HMGN3	0.20892	41.5	0.499	rgb(222,122,123)	1.81	None
ONECUT3	EGFR	0.20892	41.5	0.496	rgb(222,122,123)	1.81	None
RORC	CSF1R	0.20892	41.5	0.498	rgb(222,122,123)	1.81	None
AEBP1	FAM65C	0.20892	41.5	0.503	rgb(223,121,122)	1.81	2,2
NFAT5	ANK2	0.20825	41.49	0.494	rgb(222,123,124)	1.8098	None
RFX2	MRPL34	-0.20825	41.49	-4.9E-01	rgb(111,153,235)	1.8098	None
FOXA1	ONECUT3	-0.20758	41.48	-4.8E-01	rgb(112,153,235)	1.8096	None
MAFB	RAB4B-EGLN2	-0.20758	41.48	-4.8E-01	rgb(112,153,235)	1.8096	None
PDX1	VCAN	-0.20758	41.48	-4.8E-01	rgb(112,153,235)	1.8096	None
RORC	PAX6	-0.20758	41.48	-4.8E-01	rgb(112,153,235)	1.8096	None
SMAD9	NFRKB	0.20758	41.48	0.482	rgb(222,125,126)	1.8096	None
TGIF2	TP73	0.20758	41.48	0.478	rgb(222,126,127)	1.8096	None
ZNF846	HMGB3	-0.20758	41.48	-4.8E-01	rgb(113,154,235)	1.8096	None
ZNF846	NRXN2	-0.20758	41.48	-4.8E-01	rgb(112,153,235)	1.8096	None
FOXA1	SLC38A3	-0.20691	41.47	-4.7E-01	rgb(116,155,235)	1.8094	None
MAFB	GDF11	-0.20691	41.47	-4.7E-01	rgb(115,155,235)	1.8094	None
NR4A2	ABCA9	0.20691	41.47	0.466	rgb(222,128,129)	1.8094	None
RORC	UNC79	-0.20691	41.47	-4.7E-01	rgb(114,155,235)	1.8094	None
FOXA1	CTNND1	-0.20624	41.46	-4.6E-01	rgb(116,156,235)	1.8092	None
GATA6	LINC00923	-0.20624	41.46	-4.6E-01	rgb(118,157,234)	1.8092	2,2
POU6F1	CCDC146	0.20624	41.46	0.465	rgb(222,128,129)	1.8092	None
RORC	GAP43	0.20624	41.46	0.459	rgb(222,129,130)	1.8092	None
ARX	BAALC	0.20558	41.45	0.45	rgb(222,131,132)	1.809	None
CXXC4	AK123868	0.20558	41.45	0.453	rgb(222,130,131)	1.809	2,2
GATA6	KCNH6	-0.20558	41.45	-4.5E-01	rgb(119,157,234)	1.809	None
GATA6	ZFP82	0.20558	41.45	0.454	rgb(222,130,131)	1.809	None
NKX6-1	MSMB	0.20558	41.45	0.448	rgb(222,131,132)	1.809	None
ONECUT2	SDCBP2-AS1	0.20558	41.45	0.454	rgb(222,130,131)	1.809	None
PAX6	LSAMP	0.20558	41.45	0.45	rgb(222,131,132)	1.809	None
RORC	SEMA6B	0.20558	41.45	0.453	rgb(222,131,131)	1.809	None
RORC	SPDYE7P	-0.20558	41.45	-4.5E-01	rgb(119,157,234)	1.809	None
TFCP2L1	CELF4	0.20558	41.45	0.453	rgb(222,130,131)	1.809	None
ZFHX2	SSTR2	0.20558	41.45	0.452	rgb(222,131,131)	1.809	None
ZNF519	HEYL	-0.20558	41.45	-4.5E-01	rgb(120,158,234)	1.809	None
LHX1	ZNF519	0.20491	41.44	0.438	rgb(222,133,134)	1.8088	None
SMAD9	KIRREL3	0.20491	41.44	0.443	rgb(222,132,133)	1.8088	None
ZFHX2	GPR173	0.20491	41.44	0.445	rgb(222,132,133)	1.8088	None
ZFP28	ASIC1	-0.20491	41.44	-4.4E-01	rgb(121,159,234)	1.8088	None
LHX1	TMEFF2	-0.20424	41.43	-4.3E-01	rgb(124,160,233)	1.8086	None
LMX1B	LDHAL6A	0.20424	41.43	0.434	rgb(222,134,135)	1.8086	None
EGR3	AK074396	-0.20357	41.42	-4.2E-01	rgb(127,162,233)	1.8084	2,2
ETS1	AEBP1	0.20357	41.42	0.418	rgb(222,137,138)	1.8084	None
HIF1A	AX747227	-0.20357	41.42	-4.2E-01	rgb(126,162,233)	1.8084	2,2
MAFA	PCAT1	0.20357	41.42	0.417	rgb(222,137,138)	1.8084	None
MAFB	SCGN	0.20357	41.42	0.421	rgb(222,137,137)	1.8084	None
RFX2	RAPGEF4	0.20357	41.42	0.424	rgb(222,136,137)	1.8084	None
RORC	KCNN3	0.20357	41.42	0.421	rgb(222,137,137)	1.8084	None
SMAD9	LRRC49	0.20357	41.42	0.416	rgb(222,138,138)	1.8084	None
TEAD1	ITGBL1	0.20357	41.42	0.423	rgb(222,136,137)	1.8084	None
ZFP82	GAP43	0.20357	41.42	0.421	rgb(222,137,138)	1.8084	None
MYT1	NOV	0.20357	41.42	0.422	rgb(222,136,137)	1.8084	2,2
ETV1	SDK2	0.2029	41.41	0.414	rgb(222,138,139)	1.8082	None
FOXA1	RBP1	0.2029	41.41	0.407	rgb(221,139,140)	1.8082	None
GATA2	MAPK7	0.2029	41.41	0.406	rgb(221,140,140)	1.8082	None
NR4A2	SYCP2	0.2029	41.41	0.413	rgb(222,138,139)	1.8082	None
ONECUT3	PALMD	0.2029	41.41	0.407	rgb(221,139,140)	1.8082	None
ELF4	FAM71E2	-0.20223	41.4	-4.0E-01	rgb(130,164,232)	1.808	None
FEV	MCOLN3	0.20223	41.4	0.399	rgb(221,141,142)	1.808	None
HHEX	EGFR	-0.20223	41.4	-4.0E-01	rgb(130,164,232)	1.808	None
HOXB9	TTLL7	-0.20223	41.4	-4.0E-01	rgb(130,164,232)	1.808	None
HSF2	USH2A	-0.20223	41.4	-4.0E-01	rgb(130,164,232)	1.808	None
LMX1B	EPHB3	0.20223	41.4	0.396	rgb(221,141,142)	1.808	None
LMX1B	EVL	0.20223	41.4	0.403	rgb(221,140,141)	1.808	None
POU2F2	GADD45A	0.20223	41.4	0.401	rgb(221,140,141)	1.808	None
PRDM16	UBL5	-0.20223	41.4	-4.0E-01	rgb(130,164,232)	1.808	None
ZFHX2	HIF1A	0.20223	41.4	0.396	rgb(221,141,142)	1.808	None
ZNF382	BIVM-ERCC5	0.20223	41.4	0.396	rgb(221,141,142)	1.808	None
ETS1	PTP4A3	-0.20156	41.39	-3.9E-01	rgb(133,166,232)	1.8078	None
FOXA1	RSAD2	0.20156	41.39	0.394	rgb(221,142,142)	1.8078	None
LHX1	CPA1	0.20156	41.39	0.387	rgb(221,143,144)	1.8078	None
NEUROG3	HIP1	0.20156	41.39	0.392	rgb(221,142,143)	1.8078	None
RORC	CRY2	0.20156	41.39	0.39	rgb(221,143,143)	1.8078	None
TFCP2L1	PRKCG	0.20156	41.39	0.395	rgb(221,142,142)	1.8078	None
ZNF519	KANK2	-0.20156	41.39	-3.9E-01	rgb(132,166,232)	1.8078	None
ZFP2	FAM65C	0.20156	41.39	0.392	rgb(221,142,143)	1.8078	2,2
GATA4	PCED1B-AS1	-0.20089	41.38	-3.8E-01	rgb(134,166,232)	1.8076	None
LMX1B	LZTS1	0.20089	41.38	0.377	rgb(221,145,146)	1.8076	None
ONECUT1	LAMP5	0.20089	41.38	0.381	rgb(221,144,145)	1.8076	None
ELF4	SPP1	-0.20022	41.37	-3.7E-01	rgb(136,168,231)	1.8074	None
NEUROG3	MPP2	0.20022	41.37	0.369	rgb(221,147,147)	1.8074	None
RORC	COL10A1	0.20022	41.37	0.37	rgb(221,146,147)	1.8074	None
SMAD9	WSCD1	-0.20022	41.37	-3.7E-01	rgb(138,169,231)	1.8074	None
TEAD2	CNOT6L	-0.20022	41.37	-3.7E-01	rgb(136,168,231)	1.8074	None
ZFP28	PLXNC1	-0.20022	41.37	-3.7E-01	rgb(137,168,231)	1.8074	None
ZNF846	ARNT2	-0.20022	41.37	-3.7E-01	rgb(138,169,231)	1.8074	None
FOXA2	MPP2	0.19956	41.36	0.361	rgb(221,148,149)	1.8072	None
HES4	AX746823	-0.19956	41.36	-3.6E-01	rgb(140,170,230)	1.8072	2,2
NKX6-1	FGF14	0.19956	41.36	0.357	rgb(221,149,149)	1.8072	None
NR4A3	AGAP11	0.19956	41.36	0.361	rgb(221,148,149)	1.8072	None
PDX1	KDM1A	-0.19956	41.36	-3.6E-01	rgb(138,169,231)	1.8072	None
POU2F2	RGS9	0.19956	41.36	0.356	rgb(221,149,150)	1.8072	None
SMAD9	KCNE4	0.19956	41.36	0.356	rgb(221,149,150)	1.8072	None
ELF4	PRRT3	-0.19889	41.35	-3.5E-01	rgb(141,171,230)	1.807	None
FEV	TMEM200A	0.19889	41.35	0.353	rgb(221,150,150)	1.807	None
FOXA1	PDGFD	-0.19889	41.35	-3.5E-01	rgb(140,170,230)	1.807	None
FOXA2	CRIP1	0.19889	41.35	0.354	rgb(221,149,150)	1.807	None
HSF2	MAP3K12	0.19889	41.35	0.351	rgb(221,150,151)	1.807	None
SMAD9	SH2D3C	0.19889	41.35	0.349	rgb(221,150,151)	1.807	None
ZNF846	GLIS2	-0.19889	41.35	-3.5E-01	rgb(141,171,230)	1.807	None
ZNF846	SULT2A1	-0.19889	41.35	-3.5E-01	rgb(140,170,230)	1.807	None
ZFP62	PP7080	-0.19889	41.35	-3.5E-01	rgb(140,170,230)	1.807	2,2
ASCL2	ACE	-0.19822	41.34	-3.4E-01	rgb(143,172,230)	1.8068	None
GATA6	SAMD11	-0.19822	41.34	-3.4E-01	rgb(144,173,230)	1.8068	None
HOXB9	SGSM1	-0.19822	41.34	-3.4E-01	rgb(144,172,230)	1.8068	None
POU2F2	GOLGA6L5	0.19822	41.34	0.341	rgb(221,152,153)	1.8068	2,2
ZNF492	LSAMP	0.19822	41.34	0.339	rgb(221,152,153)	1.8068	None
ZNF846	FCGBP	0.19822	41.34	0.336	rgb(221,153,154)	1.8068	None
HHEX	FKSG51	-0.19755	41.33	-3.3E-01	rgb(146,174,229)	1.8066	2,2
HSF2	VSTM4	0.19755	41.33	0.33	rgb(221,154,155)	1.8066	None
NR4A2	QDPR	-0.19755	41.33	-3.3E-01	rgb(145,173,230)	1.8066	None
NR4A3	CELSR3	0.19755	41.33	0.332	rgb(221,154,154)	1.8066	None
SOX4	DNAH11	-0.19755	41.33	-3.3E-01	rgb(145,173,230)	1.8066	None
TFCP2L1	ARHGAP9	-0.19755	41.33	-3.3E-01	rgb(145,173,230)	1.8066	None
TFCP2L1	GPR155	-0.19755	41.33	-3.3E-01	rgb(146,174,229)	1.8066	None
EGR3	TMEM132C	-0.19688	41.32	-3.2E-01	rgb(148,175,229)	1.8064	None
FOXA1	SYNM	-0.19688	41.32	-3.2E-01	rgb(148,175,229)	1.8064	None
GATA2	PCDH17	0.19688	41.32	0.323	rgb(221,155,156)	1.8064	2,2
NR4A2	GPR148	0.19688	41.32	0.319	rgb(221,156,157)	1.8064	None
POU2F2	RBPMS	0.19688	41.32	0.32	rgb(221,156,156)	1.8064	None
MYT1	GPR133	0.19688	41.32	0.316	rgb(220,157,157)	1.8064	2,2
ETS1	RGS5	-0.19621	41.31	-3.1E-01	rgb(149,176,229)	1.8062	None
FEV	ARNT2	0.19621	41.31	0.308	rgb(220,158,159)	1.8062	None
FOXA1	RBPMS	0.19621	41.31	0.313	rgb(220,157,158)	1.8062	None
GATA4	ENPP1	0.19621	41.31	0.312	rgb(220,157,158)	1.8062	None
LHX1	POM121L9P	0.19621	41.31	0.312	rgb(220,157,158)	1.8062	None
LMX1A	STMN4	0.19621	41.31	0.312	rgb(220,157,158)	1.8062	None
NR4A2	MAFA	0.19621	41.31	0.305	rgb(220,159,159)	1.8062	None
ZNF519	NAALAD2	0.19621	41.31	0.31	rgb(220,158,158)	1.8062	2,2
ATF6	LYPD8	-0.19554	41.3	-3.0E-01	rgb(153,178,228)	1.806	2,2
GATA2	FOXP2	-0.19554	41.3	-3.0E-01	rgb(153,178,228)	1.806	None
HOXB9	CDH22	-0.19554	41.3	-3.0E-01	rgb(152,178,228)	1.806	None
LTF	PHLDA2	0.19554	41.3	0.302	rgb(220,159,160)	1.806	None
RORC	USH2A	-0.19554	41.3	-3.0E-01	rgb(153,178,228)	1.806	None
SMAD9	SEMA6B	-0.19554	41.3	-3.0E-01	rgb(151,177,229)	1.806	None
SOX4	ZDHHC8P1	-0.19554	41.3	-3.0E-01	rgb(153,178,228)	1.806	None
FOXA1	CHRNB4	-0.19487	41.29	-2.9E-01	rgb(155,179,228)	1.8058	None
HOXB9	MAGED1	0.19487	41.29	0.288	rgb(220,162,163)	1.8058	None
HOXB9	SSTR5	-0.19487	41.29	-2.9E-01	rgb(154,179,228)	1.8058	None
HSF2	MMRN1	0.19487	41.29	0.29	rgb(220,162,162)	1.8058	None
LMX1A	RIC3	0.19487	41.29	0.291	rgb(220,161,162)	1.8058	2,2
LMX1B	HECW2	0.19487	41.29	0.292	rgb(220,161,162)	1.8058	None
MAFA	BEX2	0.19487	41.29	0.286	rgb(220,162,163)	1.8058	None
NEUROD2	NINJ1	0.19487	41.29	0.289	rgb(220,162,162)	1.8058	None
TEAD1	SPARC	-0.19487	41.29	-2.9E-01	rgb(153,178,228)	1.8058	None
ZNF846	LINC00202-1	0.19487	41.29	0.291	rgb(220,161,162)	1.8058	2,2
GLIS2	GPR123	0.1942	41.28	0.279	rgb(220,164,164)	1.8056	2,2
LHX1	FOXA2	0.1942	41.28	0.281	rgb(220,163,164)	1.8056	None
NEUROD1	TMEFF1	0.1942	41.28	0.282	rgb(220,163,164)	1.8056	None
ONECUT3	RIIAD1	-0.1942	41.28	-2.8E-01	rgb(156,180,228)	1.8056	None
TFCP2L1	ARHGAP22	-0.1942	41.28	-2.8E-01	rgb(157,180,228)	1.8056	None
TFCP2L1	MPP1	-0.1942	41.28	-2.8E-01	rgb(156,180,228)	1.8056	None
ZNF492	PCDHA2	0.1942	41.28	0.276	rgb(220,164,165)	1.8056	None
ZNF846	MIR29C	0.1942	41.28	0.283	rgb(220,163,164)	1.8056	2,2
ARX	LPPR5	0.19354	41.27	0.273	rgb(220,165,165)	1.8054	2,2
ETS1	ZNF853	-0.19354	41.27	-2.7E-01	rgb(159,182,227)	1.8054	None
GATA6	UNC5D	0.19354	41.27	0.273	rgb(220,165,165)	1.8054	None
HEYL	FJX1	0.19354	41.27	0.272	rgb(220,165,166)	1.8054	None
MAFB	IGSF10	0.19354	41.27	0.272	rgb(220,165,166)	1.8054	None
RORC	ST8SIA5	-0.19354	41.27	-2.7E-01	rgb(158,181,227)	1.8054	None
SMAD9	MAP1A	0.19354	41.27	0.268	rgb(220,166,166)	1.8054	None
ZFP92	GATA6	0.19354	41.27	0.267	rgb(220,166,166)	1.8054	None
SIM1	KCNA6	0.19354	41.27	0.267	rgb(220,166,167)	1.8054	2,2
FEV	KCNJ2	0.19287	41.26	0.259	rgb(220,168,168)	1.8052	None
MAFA	CACNA1H	0.19287	41.26	0.259	rgb(220,167,168)	1.8052	None
MAFA	SCG5	0.19287	41.26	0.255	rgb(220,168,169)	1.8052	None
MAFB	NEFM	0.19287	41.26	0.259	rgb(220,168,168)	1.8052	None
NR4A3	MYBPC3	-0.19287	41.26	-2.6E-01	rgb(161,183,227)	1.8052	None
ONECUT2	ELFN1	-0.19287	41.26	-2.6E-01	rgb(161,183,227)	1.8052	None
SOX4	LMX1A	-0.19287	41.26	-2.6E-01	rgb(160,182,227)	1.8052	None
TGIF2	CSF1R	0.19287	41.26	0.262	rgb(220,167,167)	1.8052	None
ASCL2	GRB14	0.1922	41.25	0.245	rgb(220,170,171)	1.805	None
ELF4	WNT6	-0.1922	41.25	-2.5E-01	rgb(163,184,227)	1.805	None
ETV1	STMN2	0.1922	41.25	0.249	rgb(220,169,170)	1.805	None
GATA2	CACNA1E	0.1922	41.25	0.252	rgb(220,169,169)	1.805	None
HOXB9	GATA6	0.1922	41.25	0.248	rgb(220,170,170)	1.805	None
MAFB	EID2	0.1922	41.25	0.25	rgb(220,169,170)	1.805	None
ONECUT2	FW340024	0.1922	41.25	0.249	rgb(220,170,170)	1.805	2,2
ONECUT3	KCNN3	-0.1922	41.25	-2.5E-01	rgb(162,184,227)	1.805	None
ZFHX2	UBBP4	-0.1922	41.25	-2.5E-01	rgb(163,184,226)	1.805	2,2
ZNF519	AK125871	0.1922	41.25	0.25	rgb(220,169,170)	1.805	2,2
FEV	ZNRF3-AS1	0.19153	41.24	0.245	rgb(220,170,171)	1.8048	None
FOXA1	FJX1	-0.19153	41.24	-2.4E-01	rgb(165,185,226)	1.8048	None
FOXA1	IRF2BP1	0.19153	41.24	0.24	rgb(220,171,172)	1.8048	None
LHX1	GRIK5	-0.19153	41.24	-2.4E-01	rgb(164,185,226)	1.8048	None
MAFB	AVPR1B	0.19153	41.24	0.24	rgb(220,171,172)	1.8048	None
NEUROD2	LRRC10B	0.19153	41.24	0.235	rgb(220,172,172)	1.8048	None
ASCL2	SH2D3C	0.19086	41.23	0.225	rgb(219,174,174)	1.8046	None
ATF6	DCHS1	0.19086	41.23	0.227	rgb(219,174,174)	1.8046	None
LMX1B	SLC25A53	0.19086	41.23	0.226	rgb(219,174,174)	1.8046	None
MAFF	AK074396	0.19086	41.23	0.232	rgb(220,173,173)	1.8046	2,2
NR4A3	GRIN1	0.19086	41.23	0.229	rgb(220,173,174)	1.8046	None
NR4A3	SERPINI1	0.19086	41.23	0.232	rgb(220,173,173)	1.8046	None
LHX1	FJX1	0.19019	41.22	0.222	rgb(219,175,175)	1.8044	None
LHX1	PBOV1	0.19019	41.22	0.222	rgb(219,175,175)	1.8044	None
LMX1A	PCSK1	0.19019	41.22	0.218	rgb(219,175,176)	1.8044	None
LMX1B	AK095045	0.19019	41.22	0.222	rgb(219,175,175)	1.8044	2,2
MAFB	PSD	0.19019	41.22	0.224	rgb(219,174,175)	1.8044	None
SMAD9	LOC100216479	0.19019	41.22	0.215	rgb(219,176,176)	1.8044	2,2
DACH1	CCDC154	0.19019	41.22	0.219	rgb(219,175,176)	1.8044	2,2
MAFA	OLFML2B	0.18952	41.21	0.213	rgb(219,176,177)	1.8042	None
NHLH1	CALY	-0.18952	41.21	-2.1E-01	rgb(172,189,225)	1.8042	None
NKX6-1	MALAT1	-0.18952	41.21	-2.1E-01	rgb(172,189,225)	1.8042	None
SOX4	USP41	0.18952	41.21	0.212	rgb(219,177,177)	1.8042	None
ZNF846	AX748285	0.18952	41.21	0.213	rgb(219,176,177)	1.8042	2,2
ZNF846	DQ598910	0.18952	41.21	0.209	rgb(219,177,177)	1.8042	2,2
ZNF117	CTSL2	-0.18952	41.21	-2.1E-01	rgb(172,189,225)	1.8042	2,2
ARNT2	HHEX	0.18885	41.2	0.196	rgb(219,180,180)	1.804	None
ARX	ASIC5	0.18885	41.2	0.199	rgb(219,179,179)	1.804	2,2
GATA6	DGKB	-0.18885	41.2	-2.0E-01	rgb(173,190,225)	1.804	None
PRDM16	ST8SIA6-AS1	0.18885	41.2	0.203	rgb(219,178,179)	1.804	None
ZNF117	IFNE	0.18885	41.2	0.2	rgb(219,179,179)	1.804	2,2
MAFB	ACSL6	0.18818	41.19	0.185	rgb(219,182,182)	1.8038	None
PDX1	DLGAP3	0.18818	41.19	0.191	rgb(219,180,181)	1.8038	None
HSF2	FCRL6	-0.18752	41.18	-1.8E-01	rgb(178,193,224)	1.8036	None
HSF2	HOMEZ	0.18752	41.18	0.175	rgb(219,183,184)	1.8036	None
LMX1A	GABRB3	0.18752	41.18	0.183	rgb(219,182,182)	1.8036	2,2
LMX1B	WSCD1	0.18752	41.18	0.179	rgb(219,183,183)	1.8036	None
POU2F2	NPAS3	0.18752	41.18	0.176	rgb(219,183,184)	1.8036	None
SPIB	GDF1	0.18752	41.18	0.18	rgb(219,183,183)	1.8036	None
ST18	SH3RF3-AS1	0.18752	41.18	0.177	rgb(219,183,184)	1.8036	None
ZNF846	TMEM70	-0.18752	41.18	-1.8E-01	rgb(179,194,224)	1.8036	None
HIC1	GPR123	0.18685	41.17	0.17	rgb(219,185,185)	1.8034	2,2
ISL1	SNAP25	0.18685	41.17	0.173	rgb(219,184,184)	1.8034	None
ONECUT1	CCDC162P	0.18685	41.17	0.17	rgb(219,185,185)	1.8034	None
TFCP2L1	BRSK1	-0.18685	41.17	-1.7E-01	rgb(180,194,224)	1.8034	None
ZNF846	RYBP	0.18685	41.17	0.167	rgb(219,185,185)	1.8034	None
ATF5	FCGBP	-0.18618	41.16	-1.6E-01	rgb(182,196,223)	1.8032	None
FOXA1	SPARC	0.18618	41.16	0.162	rgb(219,186,186)	1.8032	None
FOXP2	BAIAP3	0.18618	41.16	0.156	rgb(219,187,188)	1.8032	None
FOXP2	DDN	0.18618	41.16	0.157	rgb(219,187,187)	1.8032	None
GATA4	GCG	-0.18618	41.16	-1.6E-01	rgb(183,196,223)	1.8032	None
HSF2	GPC2	0.18618	41.16	0.164	rgb(219,186,186)	1.8032	None
NKX2-2	VSTM2L	0.18618	41.16	0.16	rgb(219,186,187)	1.8032	None
NKX6-1	ADCY2	0.18618	41.16	0.157	rgb(219,187,187)	1.8032	None
PROX1	PCDHB16	0.18618	41.16	0.158	rgb(219,187,187)	1.8032	2,2
MAFB	IFI44	0.18551	41.15	0.15	rgb(219,188,189)	1.803	None
NR4A2	PBOV1	0.18551	41.15	0.152	rgb(219,188,188)	1.803	None
TEAD1	FAM131B	0.18551	41.15	0.151	rgb(219,188,188)	1.803	None
ETS1	DKK3	-0.18484	41.14	-1.4E-01	rgb(186,198,222)	1.8028	None
FEV	BC033961	0.18484	41.14	0.138	rgb(219,191,191)	1.8028	2,2
HOXB9	SCT	0.18484	41.14	0.144	rgb(219,189,190)	1.8028	None
INSM1	FAM19A5	0.18484	41.14	0.144	rgb(219,189,190)	1.8028	2,2
GATA2	GPR123	0.18417	41.13	0.128	rgb(218,193,193)	1.8026	2,2
NR4A2	KDM1A	-0.18417	41.13	-1.3E-01	rgb(190,200,222)	1.8026	None
NR4A3	FAM71E2	0.18417	41.13	0.131	rgb(218,192,192)	1.8026	None
NR4A3	FOXP2	0.18417	41.13	0.131	rgb(218,192,192)	1.8026	None
SPIB	CHRNB2	0.18417	41.13	0.135	rgb(218,191,192)	1.8026	None
TFCP2L1	WNT6	-0.18417	41.13	-1.3E-01	rgb(189,200,222)	1.8026	None
EGR3	ELAVL3	-0.1835	41.12	-1.2E-01	rgb(191,201,221)	1.8024	None
GATA4	CDH5	0.1835	41.12	0.125	rgb(218,193,193)	1.8024	None
HOXB9	DNER	0.1835	41.12	0.116	rgb(218,195,195)	1.8024	None
HSF2	PRICKLE2	0.1835	41.12	0.123	rgb(218,194,194)	1.8024	None
MAFF	CAMK1G	-0.1835	41.12	-1.2E-01	rgb(191,201,222)	1.8024	None
ONECUT3	TSSK4	0.1835	41.12	0.123	rgb(218,194,194)	1.8024	None
PAX6	AK5	0.1835	41.12	0.118	rgb(218,195,195)	1.8024	None
PBX1	GRHL3	-0.1835	41.12	-1.2E-01	rgb(190,201,222)	1.8024	None
LHX1	DOK6	-0.18283	41.11	-1.1E-01	rgb(193,203,221)	1.8022	None
NKX2-2	CLIP3	0.18283	41.11	0.111	rgb(218,196,196)	1.8022	None
SPIB	FEV	0.18283	41.11	0.106	rgb(218,197,197)	1.8022	None
TEAD2	CD99L2	0.18283	41.11	0.111	rgb(218,196,196)	1.8022	None
ZFHX2	BIVM-ERCC5	0.18283	41.11	0.113	rgb(218,195,196)	1.8022	None
ZNF853	FAM106CP	-0.18283	41.11	-1.1E-01	rgb(193,202,221)	1.8022	2,2
HSF2	MAD2L2	0.18216	41.1	0.104	rgb(218,197,197)	1.802	None
NEUROG3	CRISPLD2	0.18216	41.1	0.102	rgb(218,198,198)	1.802	None
NFAT5	FAM106CP	0.18216	41.1	0.096	rgb(218,199,199)	1.802	2,2
PDX1	CLIP3	0.18216	41.1	0.1	rgb(218,198,198)	1.802	None
ETV1	GPC2	0.1815	41.09	0.094	rgb(218,199,199)	1.8018	None
ARX	MAPK8IP2	0.18083	41.08	0.081	rgb(218,202,202)	1.8016	2,2
LHX1	GRHL3	0.18083	41.08	0.082	rgb(218,201,201)	1.8016	None
NR4A2	PAK6	-0.18083	41.08	-8.2E-02	rgb(199,206,220)	1.8016	None
NR4A3	FTCD	0.18083	41.08	0.083	rgb(218,201,201)	1.8016	None
POU2F2	PYY	-0.18083	41.08	-7.5E-02	rgb(201,207,220)	1.8016	None
TGIF2	FCRL6	-0.18083	41.08	-8.2E-02	rgb(199,206,220)	1.8016	None
ETS1	BEX2	0.18016	41.07	0.066	rgb(218,204,204)	1.8014	None
NEUROG3	CACNA1H	0.18016	41.07	0.073	rgb(218,203,203)	1.8014	None
NR4A2	BGN	-0.18016	41.07	-6.7E-02	rgb(203,208,220)	1.8014	None
RORC	LRP4-AS1	0.18016	41.07	0.075	rgb(218,203,203)	1.8014	None
GATA4	METTL21EP	0.17949	41.06	0.061	rgb(218,205,205)	1.8012	None
LHX1	ATP6V1G2	-0.17949	41.06	-6.0E-02	rgb(204,209,219)	1.8012	None
ONECUT2	UBE2Q2P2	-0.17949	41.06	-5.8E-02	rgb(204,209,219)	1.8012	2,2
ETV1	RUNDC3A	0.17882	41.05	0.05	rgb(218,207,208)	1.801	None
FEV	SPRED3	-0.17882	41.05	-5.5E-02	rgb(205,210,219)	1.801	None
GATA2	PPM1E	-0.17882	41.05	-5.3E-02	rgb(205,210,219)	1.801	None
NFAT5	GOLGA6L9	0.17882	41.05	0.051	rgb(218,207,207)	1.801	2,2
PRDM16	MMP11	-0.17882	41.05	-5.4E-02	rgb(205,210,219)	1.801	None
ARNT2	SV2A	0.17815	41.04	0.039	rgb(217,210,210)	1.8008	None
LHX1	CPLX1	0.17815	41.04	0.043	rgb(217,209,209)	1.8008	None
NEUROD2	BCORL1	-0.17815	41.04	-4.1E-02	rgb(208,212,219)	1.8008	None
ONECUT3	SCN2A	0.17815	41.04	0.039	rgb(217,210,210)	1.8008	None
ZNF846	BEX2	-0.17815	41.04	-3.5E-02	rgb(209,212,218)	1.8008	None
PDX1	ZNRF3-AS1	-0.17748	41.03	-3.2E-02	rgb(210,213,218)	1.8006	None
SMAD9	CNIH2	0.17748	41.03	0.03	rgb(217,211,211)	1.8006	None
NEUROD2	WSCD1	0.17681	41.02	0.018	rgb(217,214,214)	1.8004	None
TGIF2	NEFM	-0.17681	41.02	-2.4E-02	rgb(212,214,218)	1.8004	None
ASCL2	KIF19	0.17614	41.01	0.013	rgb(217,215,215)	1.8002	None
ZNF846	PRKCG	0.17548	41	0.003	rgb(217,216,216)	1.8	None
MYRF	AK123314	-0.17481	40.9	-9.0E-01	rgb( 22, 99,251)	1.798	2,2
TEAD1	ATP8B2	0.17416	40.85	0.849	rgb(226, 55, 57)	1.797	None
GATA6	SMOC2	0.17352	40.81	0.81	rgb(226, 62, 64)	1.7962	None
EGR3	SMOC2	-0.17288	40.8	-8.0E-01	rgb( 44,112,247)	1.796	None
NEUROD1	DPEP1	0.17223	40.78	0.777	rgb(226, 69, 70)	1.7956	None
ASCL2	SNED1	0.17159	40.75	0.749	rgb(225, 74, 75)	1.795	None
GATA2	TOX3	-0.17094	40.72	-7.2E-01	rgb( 61,122,244)	1.7944	None
GATA2	CD96	-0.1703	40.71	-7.1E-01	rgb( 63,124,244)	1.7942	None
MLXIPL	TSSK4	0.1703	40.71	0.706	rgb(225, 82, 84)	1.7942	None
ARNT2	MAFF	-0.16966	40.69	-6.9E-01	rgb( 67,126,243)	1.7938	None
ETS1	CCL19	-0.16966	40.69	-6.9E-01	rgb( 68,126,243)	1.7938	None
RFX2	GPR173	0.16901	40.68	0.681	rgb(224, 87, 88)	1.7936	None
ETS1	KANK2	0.16837	40.67	0.67	rgb(224, 89, 90)	1.7934	None
HOXB9	RAB36	0.16837	40.67	0.674	rgb(224, 88, 90)	1.7934	None
NR4A2	EFCC1	-0.16837	40.67	-6.7E-01	rgb( 72,129,242)	1.7934	None
RFX6	FFAR2	0.16772	40.66	0.658	rgb(224, 91, 93)	1.7932	None
FOXA1	DLL3	0.16708	40.65	0.648	rgb(224, 93, 94)	1.793	2,2
FOXA2	DZIP1	0.16708	40.65	0.651	rgb(224, 93, 94)	1.793	None
ONECUT3	AL117485	0.16708	40.65	0.647	rgb(224, 94, 95)	1.793	2,2
PDX1	LINC00261	-0.16708	40.65	-6.5E-01	rgb( 77,132,242)	1.793	None
ELF4	RPS3	-0.16644	40.63	-6.3E-01	rgb( 81,134,241)	1.7926	None
HOMEZ	GATA6	-0.16644	40.63	-6.3E-01	rgb( 81,134,241)	1.7926	None
RFX3	CDK5R1	0.16644	40.63	0.628	rgb(224, 97, 98)	1.7926	None
RORC	SLC38A5	0.16644	40.63	0.633	rgb(224, 96, 97)	1.7926	None
EGR3	ITGA7	-0.16579	40.62	-6.2E-01	rgb( 82,135,241)	1.7924	None
NKX6-1	CIT	0.16579	40.62	0.619	rgb(224, 99,100)	1.7924	None
TEAD2	DNAH11	-0.16579	40.62	-6.2E-01	rgb( 83,136,240)	1.7924	None
LHX1	NCAM1	-0.16515	40.61	-6.1E-01	rgb( 84,136,240)	1.7922	2,2
PBX1	LEFTY1	-0.16515	40.61	-6.1E-01	rgb( 84,136,240)	1.7922	None
TFCP2L1	GPR142	-0.16515	40.61	-6.1E-01	rgb( 84,136,240)	1.7922	None
ZNF846	UNC5D	0.16515	40.61	0.609	rgb(224,101,102)	1.7922	None
PDX1	SAMD14	0.16451	40.6	0.603	rgb(224,102,103)	1.792	None
ZNF492	SCG5	-0.16451	40.6	-6.0E-01	rgb( 86,137,240)	1.792	None
ARX	PAX6	0.16386	40.59	0.592	rgb(224,104,105)	1.7918	None
HOXB9	HOPX	-0.16386	40.59	-5.9E-01	rgb( 90,140,239)	1.7918	None
MAFA	HDAC7	-0.16386	40.59	-5.9E-01	rgb( 89,139,239)	1.7918	None
NEUROG3	NPY	-0.16386	40.59	-5.9E-01	rgb( 89,139,239)	1.7918	None
ATF5	ICA1L	0.16322	40.58	0.584	rgb(223,106,107)	1.7916	None
FOXA1	GAP43	0.16322	40.58	0.581	rgb(223,106,107)	1.7916	None
GATA6	MYEF2	0.16322	40.58	0.578	rgb(223,107,108)	1.7916	None
HOXB9	CREBRF	-0.16322	40.58	-5.8E-01	rgb( 91,140,239)	1.7916	None
HSF2	SERPINI1	0.16322	40.58	0.582	rgb(223,106,107)	1.7916	None
RFX3	KIAA1456	0.16322	40.58	0.581	rgb(223,106,107)	1.7916	2,2
RFX6	CHRNA1	0.16322	40.58	0.58	rgb(223,106,107)	1.7916	None
LHX1	SLC25A53	-0.16257	40.57	-5.7E-01	rgb( 92,141,239)	1.7914	None
ZNF492	CACNB2	0.16257	40.57	0.571	rgb(223,108,109)	1.7914	2,2
ETS1	CHRM4	0.16193	40.56	0.565	rgb(223,109,110)	1.7912	None
FOXA2	HEPACAM2	0.16193	40.56	0.562	rgb(223,110,111)	1.7912	None
GATA6	HINT1	0.16193	40.56	0.562	rgb(223,110,111)	1.7912	None
HSF2	RCOR3	0.16193	40.56	0.559	rgb(223,110,111)	1.7912	None
PAX6	RUNX1T1	0.16193	40.56	0.563	rgb(223,109,111)	1.7912	None
GATA4	SLC6A16	-0.16129	40.55	-5.5E-01	rgb( 97,144,238)	1.791	None
SOX4	REG4	-0.16129	40.55	-5.5E-01	rgb( 97,144,238)	1.791	None
TGIF2	STXBP5L	-0.16129	40.55	-5.5E-01	rgb( 97,144,238)	1.791	None
ZFHX2	ATP6V1G2	-0.16129	40.55	-5.5E-01	rgb( 97,144,238)	1.791	None
ARNT2	RAB4B-EGLN2	-0.16064	40.54	-5.4E-01	rgb(100,146,238)	1.7908	None
ASCL1	CELF4	0.16064	40.54	0.541	rgb(223,114,115)	1.7908	None
GATA6	BRSK1	-0.16064	40.54	-5.4E-01	rgb(101,146,237)	1.7908	None
HOMEZ	AX747775	-0.16064	40.54	-5.4E-01	rgb(101,146,237)	1.7908	2,2
RORC	LRIG1	0.16064	40.54	0.537	rgb(223,114,116)	1.7908	None
JAZF1	FAM65C	-0.16064	40.54	-5.4E-01	rgb( 99,145,238)	1.7908	2,2
LMX1B	SAMD5	0.16	40.53	0.531	rgb(223,116,117)	1.7906	None
RFX6	CNGA3	0.16	40.53	0.533	rgb(223,115,116)	1.7906	None
SMAD9	POM121L9P	0.16	40.53	0.526	rgb(223,116,118)	1.7906	None
ZNF519	YPEL1	0.16	40.53	0.533	rgb(223,115,116)	1.7906	None
HIC1	CCDC146	0.15935	40.52	0.523	rgb(223,117,118)	1.7904	None
LMX1A	PODXL2	0.15935	40.52	0.52	rgb(223,118,119)	1.7904	None
NFAT5	SLC7A14	0.15935	40.52	0.524	rgb(223,117,118)	1.7904	None
PAX4	SAMD14	0.15935	40.52	0.517	rgb(223,118,119)	1.7904	None
RORC	CYP4F24P	-0.15935	40.52	-5.2E-01	rgb(104,148,237)	1.7904	None
ZFHX2	ONECUT1	0.15935	40.52	0.516	rgb(223,118,119)	1.7904	2,2
ETV1	CAND2	0.15871	40.51	0.509	rgb(223,120,121)	1.7902	None
FOXP2	RFX2	0.15871	40.51	0.514	rgb(223,119,120)	1.7902	None
NR4A3	PYY	-0.15871	40.51	-5.1E-01	rgb(105,149,237)	1.7902	None
SMAD9	ELL2	0.15871	40.51	0.513	rgb(223,119,120)	1.7902	None
TEAD1	ZNF519	0.15871	40.51	0.512	rgb(223,119,120)	1.7902	None
ZFHX2	CD99L2	0.15871	40.51	0.507	rgb(223,120,121)	1.7902	None
HOXB9	LRRC10B	-0.15807	40.5	-5.0E-01	rgb(108,151,236)	1.79	None
NR4A3	PRKCG	0.15807	40.5	0.503	rgb(223,121,122)	1.79	None
RFX2	CCDC74B	0.15807	40.5	0.503	rgb(223,121,122)	1.79	None
HOXB9	CR627225	-0.15742	40.49	-4.9E-01	rgb(110,152,236)	1.7898	2,2
NR4A2	FSD1	-0.15742	40.49	-4.9E-01	rgb(110,152,236)	1.7898	None
PAX6	SAMD11	0.15742	40.49	0.485	rgb(222,124,125)	1.7898	None
RORC	CPLX1	0.15742	40.49	0.486	rgb(222,124,125)	1.7898	None
TGIF2	FAM131B	0.15742	40.49	0.492	rgb(222,123,124)	1.7898	None
ZNF519	SPRED3	-0.15742	40.49	-4.9E-01	rgb(111,152,236)	1.7898	None
HIC1	GLT8D2	0.15678	40.48	0.48	rgb(222,125,126)	1.7896	None
HIF1A	AK129879	-0.15678	40.48	-4.8E-01	rgb(113,154,235)	1.7896	2,2
ZNF492	DQ598910	0.15678	40.48	0.477	rgb(222,126,127)	1.7896	2,2
EGR3	SH2D3C	0.15614	40.47	0.466	rgb(222,128,129)	1.7894	None
ETS1	CFC1	0.15614	40.47	0.472	rgb(222,127,128)	1.7894	None
GATA6	GRAMD2	-0.15614	40.47	-4.7E-01	rgb(115,155,235)	1.7894	2,2
LMX1B	ACBD7	0.15614	40.47	0.473	rgb(222,127,128)	1.7894	None
MAFB	MXI1	0.15614	40.47	0.474	rgb(222,126,127)	1.7894	None
POU6F1	GADD45A	-0.15614	40.47	-4.7E-01	rgb(114,154,235)	1.7894	None
RFX3	FGF14	0.15614	40.47	0.471	rgb(222,127,128)	1.7894	None
ETS1	KCNK16	0.15549	40.46	0.465	rgb(222,128,129)	1.7892	None
FOXA1	FGF9	-0.15549	40.46	-4.6E-01	rgb(118,157,234)	1.7892	None
HOMEZ	AK123314	-0.15549	40.46	-4.6E-01	rgb(118,157,234)	1.7892	2,2
MAFF	NPM2	-0.15549	40.46	-4.6E-01	rgb(116,156,235)	1.7892	None
NR4A2	CD99L2	-0.15549	40.46	-4.6E-01	rgb(117,156,235)	1.7892	None
TEAD2	PCAT1	0.15549	40.46	0.459	rgb(222,129,130)	1.7892	None
ZFP82	FOXA1	0.15549	40.46	0.46	rgb(222,129,130)	1.7892	None
ZNF519	TPH1	0.15549	40.46	0.463	rgb(222,128,129)	1.7892	None
ZNF853	CR627225	-0.15549	40.46	-4.6E-01	rgb(116,156,235)	1.7892	2,2
NR4A2	WDR17	0.15485	40.45	0.454	rgb(222,130,131)	1.789	None
ONECUT3	SNAP25	-0.15485	40.45	-4.5E-01	rgb(119,158,234)	1.789	None
PDX1	NINJ1	0.15485	40.45	0.455	rgb(222,130,131)	1.789	None
SMAD9	ARHGAP9	0.15485	40.45	0.455	rgb(222,130,131)	1.789	None
SOX4	AMBP	0.15485	40.45	0.449	rgb(222,131,132)	1.789	None
ST18	RAP1GAP2	-0.15485	40.45	-4.5E-01	rgb(118,157,234)	1.789	None
TEAD1	NOVA2	0.15485	40.45	0.448	rgb(222,131,132)	1.789	None
TEAD2	INSRR	-0.15485	40.45	-4.5E-01	rgb(119,157,234)	1.789	None
TEAD2	STMN3	0.15485	40.45	0.445	rgb(222,132,133)	1.789	None
ETV1	SCIMP	0.1542	40.44	0.435	rgb(222,134,135)	1.7888	None
ONECUT1	SPOCK3	0.1542	40.44	0.435	rgb(222,134,135)	1.7888	None
RORC	RFX2	0.15356	40.43	0.434	rgb(222,134,135)	1.7886	None
SOX4	CCL19	0.15356	40.43	0.43	rgb(222,135,136)	1.7886	None
SPIB	RBP2	0.15356	40.43	0.434	rgb(222,134,135)	1.7886	None
FEV	NHLH1	-0.15292	40.42	-4.2E-01	rgb(126,162,233)	1.7884	None
HSF2	FRMPD4	-0.15292	40.42	-4.2E-01	rgb(127,162,233)	1.7884	None
HSF2	KLHL32	0.15292	40.42	0.423	rgb(222,136,137)	1.7884	None
NR4A3	GIP	0.15292	40.42	0.418	rgb(222,137,138)	1.7884	None
ZFHX2	AK127443	0.15292	40.42	0.417	rgb(222,137,138)	1.7884	2,2
ATF5	CBFA2T3	-0.15227	40.41	-4.1E-01	rgb(129,163,232)	1.7882	None
ATF6	FAM161A	0.15227	40.41	0.408	rgb(221,139,140)	1.7882	None
FOXA2	EPHA4	0.15227	40.41	0.414	rgb(222,138,139)	1.7882	None
FOXA2	TMPRSS6	0.15227	40.41	0.407	rgb(221,139,140)	1.7882	None
HSF2	SYT5	0.15227	40.41	0.412	rgb(222,138,139)	1.7882	None
LHX1	GAP43	-0.15227	40.41	-4.1E-01	rgb(129,163,232)	1.7882	None
MAFA	TMEM145	0.15227	40.41	0.41	rgb(222,139,139)	1.7882	None
PDX1	CCL19	-0.15227	40.41	-4.1E-01	rgb(129,163,232)	1.7882	None
DZIP1	FAM101B	0.15227	40.41	0.408	rgb(221,139,140)	1.7882	2,2
EGR3	FBN1	-0.15163	40.4	-4.0E-01	rgb(130,164,232)	1.788	2,2
LHX1	RNF157	-0.15163	40.4	-4.0E-01	rgb(131,164,232)	1.788	None
PDX1	CNIH2	0.15163	40.4	0.402	rgb(221,140,141)	1.788	None
TFCP2L1	STMN3	-0.15163	40.4	-4.0E-01	rgb(131,165,232)	1.788	None
LMX1A	SGSM1	0.15098	40.39	0.39	rgb(221,142,143)	1.7878	None
NR4A2	LTF	-0.15098	40.39	-3.9E-01	rgb(132,166,232)	1.7878	None
NR4A3	RASD1	0.15098	40.39	0.389	rgb(221,143,144)	1.7878	None
PRDM16	TSSK4	0.15098	40.39	0.394	rgb(221,142,143)	1.7878	None
TEAD1	SPRED3	0.15098	40.39	0.394	rgb(221,142,142)	1.7878	None
TFCP2L1	ATP1A3	0.15098	40.39	0.394	rgb(221,142,142)	1.7878	None
ZNF519	GRIK5	-0.15098	40.39	-3.9E-01	rgb(133,166,232)	1.7878	None
ASCL2	BRSK2	0.15034	40.38	0.383	rgb(221,144,145)	1.7876	None
GATA4	MYRF	0.15034	40.38	0.379	rgb(221,145,145)	1.7876	None
HHEX	LDHAL6A	-0.15034	40.38	-3.8E-01	rgb(134,166,232)	1.7876	None
HIF1A	FJX1	-0.15034	40.38	-3.8E-01	rgb(135,167,231)	1.7876	None
LHX1	EMB	-0.15034	40.38	-3.8E-01	rgb(134,166,232)	1.7876	None
MAFB	NOXO1	-0.15034	40.38	-3.8E-01	rgb(135,167,231)	1.7876	None
ONECUT2	DNAJC12	-0.15034	40.38	-3.8E-01	rgb(135,167,231)	1.7876	None
RFX3	TPST2	-0.15034	40.38	-3.8E-01	rgb(135,167,231)	1.7876	None
SMAD9	TSPAN11	0.15034	40.38	0.379	rgb(221,145,145)	1.7876	None
TEAD2	HIC1	0.15034	40.38	0.383	rgb(221,144,145)	1.7876	None
ZNF846	KCNJ11	-0.15034	40.38	-3.8E-01	rgb(134,167,231)	1.7876	None
ELF4	VASH2	-0.1497	40.37	-3.7E-01	rgb(137,168,231)	1.7874	None
HIC1	GATA4	-0.1497	40.37	-3.7E-01	rgb(138,169,231)	1.7874	None
MAFA	FTCD	0.1497	40.37	0.368	rgb(221,147,147)	1.7874	None
GATA4	SLC7A4	0.14905	40.36	0.363	rgb(221,148,148)	1.7872	None
NR4A2	FOXP2	0.14905	40.36	0.357	rgb(221,149,150)	1.7872	None
NR4A2	GAD2	0.14905	40.36	0.362	rgb(221,148,149)	1.7872	None
TEAD2	GLIS2	0.14905	40.36	0.361	rgb(221,148,149)	1.7872	None
ZNF117	CNTN3	0.14905	40.36	0.36	rgb(221,148,149)	1.7872	2,2
EGR3	AK024092	-0.14841	40.35	-3.5E-01	rgb(140,170,230)	1.787	2,2
EGR3	TUBA1A	0.14841	40.35	0.346	rgb(221,151,152)	1.787	None
FOXA1	FAM153A	0.14841	40.35	0.351	rgb(221,150,151)	1.787	2,2
FOXA1	KLHL32	0.14841	40.35	0.348	rgb(221,151,151)	1.787	None
HOXB9	ZNF492	-0.14841	40.35	-3.5E-01	rgb(142,171,230)	1.787	2,2
LHX1	CELA3A	0.14841	40.35	0.355	rgb(221,149,150)	1.787	None
LHX1	ONECUT3	0.14841	40.35	0.348	rgb(221,151,151)	1.787	None
LMX1A	SNAP25	0.14841	40.35	0.348	rgb(221,151,151)	1.787	None
MAFA	KANK2	-0.14841	40.35	-3.5E-01	rgb(141,171,230)	1.787	None
MAFA	LDHAL6A	0.14841	40.35	0.35	rgb(221,150,151)	1.787	None
RORC	LTF	0.14841	40.35	0.349	rgb(221,150,151)	1.787	None
ZFP90	PGM5P2	0.14841	40.35	0.35	rgb(221,150,151)	1.787	2,2
LHX1	SSBP2	0.14776	40.34	0.344	rgb(221,151,152)	1.7868	None
ZFP28	KIF5A	0.14776	40.34	0.337	rgb(221,153,153)	1.7868	None
ZNF519	FAM106CP	0.14776	40.34	0.336	rgb(221,153,154)	1.7868	2,2
LMX1B	AK092048	0.14712	40.33	0.334	rgb(221,153,154)	1.7866	2,2
NKX6-1	TTLL6	0.14712	40.33	0.334	rgb(221,153,154)	1.7866	None
NR4A2	DLL1	-0.14712	40.33	-3.3E-01	rgb(145,173,230)	1.7866	None
ONECUT1	FLJ35024	0.14712	40.33	0.325	rgb(221,155,156)	1.7866	2,2
RFX2	SLC7A2	-0.14712	40.33	-3.3E-01	rgb(145,173,230)	1.7866	None
SPIB	PCBP4	0.14712	40.33	0.329	rgb(221,154,155)	1.7866	None
GATA6	NRXN2	-0.14648	40.32	-3.2E-01	rgb(147,175,229)	1.7864	None
LHX1	DQ592230	-0.14648	40.32	-3.2E-01	rgb(147,175,229)	1.7864	2,2
LMX1B	BC033961	0.14648	40.32	0.319	rgb(221,156,157)	1.7864	2,2
MAFB	NPM2	0.14648	40.32	0.323	rgb(221,155,156)	1.7864	None
POU6F1	JAKMIP2	-0.14648	40.32	-3.2E-01	rgb(147,174,229)	1.7864	None
SPIB	MSMB	0.14648	40.32	0.319	rgb(221,156,157)	1.7864	None
TFCP2L1	TRIM35	0.14648	40.32	0.316	rgb(220,157,157)	1.7864	None
ETS1	TMEM158	-0.14583	40.31	-3.1E-01	rgb(150,176,229)	1.7862	None
HES4	PRKCG	-0.14583	40.31	-3.1E-01	rgb(150,176,229)	1.7862	None
HSF2	ASIC1	0.14583	40.31	0.315	rgb(220,157,157)	1.7862	None
LHX1	SH2D3C	0.14583	40.31	0.307	rgb(220,158,159)	1.7862	None
MAFA	TMOD1	0.14583	40.31	0.308	rgb(220,158,159)	1.7862	None
NHLH1	TRIM35	0.14583	40.31	0.313	rgb(220,157,158)	1.7862	None
PDX1	MIR503HG	-0.14583	40.31	-3.1E-01	rgb(149,175,229)	1.7862	None
RORC	TEKT2	-0.14583	40.31	-3.1E-01	rgb(150,176,229)	1.7862	None
ZFHX2	NEGR1	0.14583	40.31	0.307	rgb(220,158,159)	1.7862	None
JAZF1	AK024092	0.14583	40.31	0.314	rgb(220,157,158)	1.7862	2,2
EGR3	IFI6	-0.14519	40.3	-3.0E-01	rgb(151,177,229)	1.786	None
FEV	RSPH4A	0.14519	40.3	0.298	rgb(220,160,161)	1.786	None
LHX1	RORC	-0.14519	40.3	-3.0E-01	rgb(151,177,229)	1.786	None
MAFB	KCNMB2	0.14519	40.3	0.298	rgb(220,160,161)	1.786	None
NR4A3	KCNH8	0.14519	40.3	0.297	rgb(220,160,161)	1.786	None
PAX6	ATP1A3	0.14519	40.3	0.298	rgb(220,160,161)	1.786	None
RFX2	MMD2	0.14519	40.3	0.297	rgb(220,160,161)	1.786	None
FOXA2	NEUROG3	0.14455	40.29	0.289	rgb(220,162,162)	1.7858	2,2
GATA4	CELA3B	-0.14455	40.29	-2.9E-01	rgb(154,178,228)	1.7858	None
HSF2	MLXIPL	-0.14455	40.29	-2.9E-01	rgb(154,179,228)	1.7858	None
LMX1A	KIRREL3	0.14455	40.29	0.288	rgb(220,162,163)	1.7858	None
RORC	TMEM178B	0.14455	40.29	0.287	rgb(220,162,163)	1.7858	None
SPIB	RUNX1T1	0.14455	40.29	0.285	rgb(220,162,163)	1.7858	None
TEAD1	ZG16	-0.14455	40.29	-2.9E-01	rgb(154,179,228)	1.7858	None
ZNF853	LIMD2	0.14455	40.29	0.294	rgb(220,161,161)	1.7858	2,2
FOXA1	KCNJ2	-0.1439	40.28	-2.8E-01	rgb(156,180,228)	1.7856	None
HOXB9	GSTM2	0.1439	40.28	0.283	rgb(220,163,163)	1.7856	None
MAFA	LMO3	0.1439	40.28	0.282	rgb(220,163,164)	1.7856	None
MAFB	SIM1	0.1439	40.28	0.283	rgb(220,163,163)	1.7856	None
NR4A3	RUNDC3A	0.1439	40.28	0.277	rgb(220,164,165)	1.7856	None
POU2F2	CCDC162P	0.1439	40.28	0.276	rgb(220,164,165)	1.7856	None
POU2F2	DEFB1	0.1439	40.28	0.285	rgb(220,163,163)	1.7856	None
POU6F1	ASRGL1	-0.1439	40.28	-2.8E-01	rgb(157,181,227)	1.7856	None
RORC	EPM2A	-0.1439	40.28	-2.8E-01	rgb(156,180,228)	1.7856	None
RORC	HERC5	-0.1439	40.28	-2.8E-01	rgb(157,180,228)	1.7856	None
SMAD9	CRYBA2	0.1439	40.28	0.279	rgb(220,164,164)	1.7856	None
SPIB	MYBPC3	0.1439	40.28	0.28	rgb(220,164,164)	1.7856	None
ZFHX2	CCK	-0.1439	40.28	-2.8E-01	rgb(157,180,228)	1.7856	None
GATA4	IRF2BP1	0.14326	40.27	0.265	rgb(220,166,167)	1.7854	None
HSF2	TAGLN3	0.14326	40.27	0.273	rgb(220,165,165)	1.7854	None
NR4A3	KCNJ2	0.14326	40.27	0.266	rgb(220,166,167)	1.7854	None
GATA2	TAC1	0.14261	40.26	0.255	rgb(220,168,169)	1.7852	2,2
MAFA	CRISPLD2	0.14261	40.26	0.262	rgb(220,167,168)	1.7852	None
NEUROD1	LMX1A	0.14261	40.26	0.255	rgb(220,168,169)	1.7852	None
NEUROG3	LOC283335	-0.14261	40.26	-2.6E-01	rgb(160,182,227)	1.7852	None
ELF4	FOXA2	-0.14197	40.25	-2.5E-01	rgb(164,184,226)	1.785	None
FOXA2	SERF2-C15ORF63	0.14197	40.25	0.249	rgb(220,169,170)	1.785	2,2
HSF2	STMN2	-0.14197	40.25	-2.5E-01	rgb(162,184,227)	1.785	None
SOX4	TUBB2B	-0.14197	40.25	-2.5E-01	rgb(164,185,226)	1.785	None
TFCP2L1	SFTPA2	0.14197	40.25	0.249	rgb(220,170,170)	1.785	None
TGIF2	TRIM24	0.14197	40.25	0.247	rgb(220,170,170)	1.785	None
ARX	TUBB2B	0.14133	40.24	0.243	rgb(220,171,171)	1.7848	None
FEV	NFASC	0.14133	40.24	0.241	rgb(220,171,171)	1.7848	None
HSF2	TTLL6	0.14133	40.24	0.242	rgb(220,171,171)	1.7848	None
LHX1	PCED1B-AS1	-0.14133	40.24	-2.4E-01	rgb(165,185,226)	1.7848	None
LTF	BC010924	-0.14133	40.24	-2.4E-01	rgb(165,186,226)	1.7848	2,2
NEUROG3	SSTR1	0.14133	40.24	0.238	rgb(220,172,172)	1.7848	None
NR4A3	STARD9	0.14133	40.24	0.237	rgb(220,172,172)	1.7848	None
PAX6	RIC3	0.14133	40.24	0.24	rgb(220,171,172)	1.7848	2,2
SMAD9	EVA1A	-0.14133	40.24	-2.4E-01	rgb(164,185,226)	1.7848	None
SOX4	TOX	0.14133	40.24	0.236	rgb(220,172,172)	1.7848	None
SPIB	ADAM12	0.14133	40.24	0.243	rgb(220,171,171)	1.7848	None
GATA6	ELF4	-0.14068	40.23	-2.3E-01	rgb(167,187,226)	1.7846	None
GATA6	LRRC49	0.14068	40.23	0.23	rgb(220,173,174)	1.7846	None
PAX6	LHX1	-0.14068	40.23	-2.3E-01	rgb(168,187,226)	1.7846	None
RORC	AKNA	0.14068	40.23	0.233	rgb(220,172,173)	1.7846	None
ZFP28	SUMO1P3	0.14068	40.23	0.228	rgb(220,173,174)	1.7846	2,2
ZNF492	FAM101B	0.14068	40.23	0.23	rgb(220,173,173)	1.7846	2,2
ZNF519	GALNT16	0.14068	40.23	0.233	rgb(220,172,173)	1.7846	None
LMX1B	LEFTY1	0.14004	40.22	0.224	rgb(219,174,175)	1.7844	None
NEUROD2	SPON2	0.14004	40.22	0.223	rgb(219,174,175)	1.7844	None
RFX3	TTLL7	0.14004	40.22	0.222	rgb(219,175,175)	1.7844	None
SOX4	CHD5	-0.14004	40.22	-2.2E-01	rgb(170,188,225)	1.7844	None
SPIB	PCSK1	0.14004	40.22	0.22	rgb(219,175,175)	1.7844	None
SPIB	TOX	0.14004	40.22	0.216	rgb(219,176,176)	1.7844	None
TEAD1	QSOX2	0.14004	40.22	0.224	rgb(219,174,175)	1.7844	None
ETS1	PCYT1B	-0.13939	40.21	-2.1E-01	rgb(171,189,225)	1.7842	None
ETV1	FFAR2	0.13939	40.21	0.209	rgb(219,177,177)	1.7842	None
FEV	GNAO1	0.13939	40.21	0.21	rgb(219,177,177)	1.7842	None
FOXA1	CSH1	0.13939	40.21	0.209	rgb(219,177,177)	1.7842	None
FOXP2	SCGB1C1	0.13939	40.21	0.208	rgb(219,177,178)	1.7842	2,2
LMX1B	ZFP28	0.13939	40.21	0.215	rgb(219,176,176)	1.7842	None
PDX1	MS4A8	0.13939	40.21	0.21	rgb(219,177,177)	1.7842	None
NEUROD2	YPEL1	0.13875	40.2	0.196	rgb(219,180,180)	1.784	None
ONECUT3	SCG5	-0.13875	40.2	-2.0E-01	rgb(173,190,225)	1.784	None
PDX1	GPC2	0.13875	40.2	0.202	rgb(219,179,179)	1.784	None
PDX1	RSAD2	0.13875	40.2	0.204	rgb(219,178,179)	1.784	None
POU2F2	PBOV1	0.13875	40.2	0.199	rgb(219,179,179)	1.784	None
ETS1	ISLR2	-0.13811	40.19	-1.9E-01	rgb(177,192,224)	1.7838	None
HIC1	NPTX2	-0.13811	40.19	-1.9E-01	rgb(176,192,224)	1.7838	None
HSF2	C7	0.13811	40.19	0.194	rgb(219,180,180)	1.7838	None
MAFA	FCGBP	-0.13811	40.19	-1.9E-01	rgb(176,192,224)	1.7838	None
ZNF382	GFRA3	0.13811	40.19	0.193	rgb(219,180,181)	1.7838	None
ZNF846	AX746991	0.13811	40.19	0.189	rgb(219,181,181)	1.7838	2,2
HOXB9	GPC2	-0.13746	40.18	-1.8E-01	rgb(177,193,224)	1.7836	None
MAFB	CACNA1E	0.13746	40.18	0.181	rgb(219,182,183)	1.7836	None
NEUROD2	AP3B2	0.13746	40.18	0.177	rgb(219,183,184)	1.7836	None
NEUROG3	UCP2	0.13746	40.18	0.183	rgb(219,182,182)	1.7836	None
SPIB	GFRA1	0.13746	40.18	0.185	rgb(219,182,182)	1.7836	None
ZFP82	DNAJC12	0.13746	40.18	0.177	rgb(219,183,183)	1.7836	None
ZNF492	KIAA1324	-0.13746	40.18	-1.8E-01	rgb(177,193,224)	1.7836	None
ZNF846	AX747158	0.13746	40.18	0.177	rgb(219,183,184)	1.7836	2,2
NEUROD1	INSM1	0.13682	40.17	0.166	rgb(219,185,186)	1.7834	None
PAX6	ASIC5	0.13682	40.17	0.169	rgb(219,185,185)	1.7834	2,2
ZNF846	DLL4	-0.13682	40.17	-1.7E-01	rgb(180,194,223)	1.7834	None
ATF5	AK310876	-0.13618	40.16	-1.6E-01	rgb(183,196,223)	1.7832	2,2
HSF2	HHEX	0.13618	40.16	0.163	rgb(219,186,186)	1.7832	None
LMX1B	AK024119	0.13618	40.16	0.158	rgb(219,187,187)	1.7832	2,2
SPIB	PLCG2	0.13618	40.16	0.164	rgb(219,186,186)	1.7832	None
HOMEZ	FOXP2	0.13553	40.15	0.148	rgb(219,189,189)	1.783	None
LHX1	CHRNB4	-0.13553	40.15	-1.5E-01	rgb(184,197,223)	1.783	None
LHX1	VCAN	-0.13553	40.15	-1.5E-01	rgb(184,197,223)	1.783	None
NFAT5	HOMEZ	-0.13553	40.15	-1.5E-01	rgb(184,197,223)	1.783	None
TFCP2L1	LINC00939	0.13553	40.15	0.146	rgb(219,189,189)	1.783	None
LHX1	SOGA3	0.13489	40.14	0.139	rgb(219,190,191)	1.7828	None
TFCP2L1	ID1	-0.13489	40.14	-1.4E-01	rgb(187,198,222)	1.7828	None
GATA4	HIP1	-0.13424	40.13	-1.3E-01	rgb(189,200,222)	1.7826	None
HSF2	GCG	-0.13424	40.13	-1.3E-01	rgb(188,199,222)	1.7826	None
LMX1B	AK093555	0.13424	40.13	0.129	rgb(218,192,193)	1.7826	2,2
PAX6	CELF5	0.13424	40.13	0.128	rgb(218,193,193)	1.7826	None
TEAD2	HMGB3	0.13424	40.13	0.135	rgb(218,191,192)	1.7826	None
TEAD2	LRFN1	0.13424	40.13	0.129	rgb(218,192,193)	1.7826	None
NPAS3	RIC3	0.13424	40.13	0.129	rgb(218,192,193)	1.7826	2,2
ONECUT1	CADM2	0.1336	40.12	0.123	rgb(218,194,194)	1.7824	None
MAFB	ASCL2	0.13296	40.11	0.113	rgb(218,195,196)	1.7822	None
ZFP82	SDK1	0.13296	40.11	0.111	rgb(218,196,196)	1.7822	None
EGR3	TRIM24	0.13231	40.1	0.105	rgb(218,197,197)	1.782	None
LHX1	GCG	-0.13231	40.1	-9.8E-02	rgb(196,204,221)	1.782	None
MAFA	TMEM70	0.13231	40.1	0.1	rgb(218,198,198)	1.782	None
SOX4	ATF5	-0.13231	40.1	-9.7E-02	rgb(196,204,221)	1.782	None
ASCL1	AK123868	0.13167	40.09	0.092	rgb(218,200,200)	1.7818	2,2
NEUROD1	MUC16	-0.13167	40.09	-8.9E-02	rgb(198,205,220)	1.7818	None
NR4A3	GPBAR1	-0.13167	40.09	-9.5E-02	rgb(196,205,221)	1.7818	None
ONECUT3	SPINK4	-0.13167	40.09	-8.9E-02	rgb(198,205,220)	1.7818	None
NKX6-1	KIRREL3	0.13102	40.08	0.076	rgb(218,202,203)	1.7816	None
PAX6	RUNDC3A	0.13102	40.08	0.083	rgb(218,201,201)	1.7816	None
ASCL2	ASIC4	0.13038	40.07	0.066	rgb(218,204,204)	1.7814	None
LHX1	NOTUM	0.13038	40.07	0.072	rgb(218,203,203)	1.7814	None
ETV1	PSD	0.12974	40.06	0.056	rgb(218,206,206)	1.7812	None
MAFB	FFAR2	-0.12974	40.06	-6.2E-02	rgb(204,209,219)	1.7812	None
ONECUT1	PBOV1	0.12974	40.06	0.059	rgb(218,206,206)	1.7812	None
LMX1A	GAP43	-0.12909	40.05	-4.6E-02	rgb(207,211,219)	1.781	None
LMX1B	DPP10	0.12909	40.05	0.049	rgb(218,208,208)	1.781	None
PRDM16	VN1R1	0.12909	40.05	0.052	rgb(218,207,207)	1.781	2,2
TEAD1	ITPR1	-0.12909	40.05	-5.1E-02	rgb(206,210,219)	1.781	None
TEAD2	CDKN1C	0.12909	40.05	0.047	rgb(218,208,208)	1.781	None
ATF6	PDZD4	-0.12845	40.04	-3.6E-02	rgb(209,212,218)	1.7808	None
ISL1	MIR7-3HG	-0.12845	40.04	-3.9E-02	rgb(209,212,218)	1.7808	None
LHX1	FSTL5	-0.12781	40.02	-2.2E-02	rgb(212,214,218)	1.7804	None
NEUROG3	DPYSL3	0.12781	40.02	0.022	rgb(217,213,213)	1.7804	None
SOX4	WNT9A	-0.12781	40.02	-2.2E-02	rgb(212,214,218)	1.7804	None
TP73	PLCG2	-0.12781	40.02	-2.5E-02	rgb(212,214,218)	1.7804	None
ASCL2	LGI3	-0.12716	40.01	-5.5E-03	rgb(216,216,217)	1.7802	None
ELF4	SULT1C2P1	0.12716	40.01	0.011	rgb(217,215,215)	1.7802	None
LMX1A	GLYATL3	-0.12716	40.01	-5.5E-03	rgb(216,216,217)	1.7802	None
MAFA	HES4	0.12716	40.01	0.012	rgb(217,215,215)	1.7802	None
ONECUT1	SRCIN1	0.12716	40.01	0.012	rgb(217,215,215)	1.7802	None
SPIB	SYNM	0.12716	40.01	0.009	rgb(217,215,215)	1.7802	None
TP73	PDZD4	0.12716	40.01	0.008	rgb(217,215,215)	1.7802	None
SPIB	ATP6V1G2	0.12652	39.79	0.788	rgb(226, 66, 68)	1.7758	None
FOXA2	ATP8B2	0.12596	39.75	0.755	rgb(225, 73, 74)	1.775	None
ARX	CYMP	-0.12541	39.74	-7.4E-01	rgb( 56,119,245)	1.7748	None
ARX	MPP1	0.12541	39.74	0.738	rgb(225, 76, 77)	1.7748	None
ETS1	ZFP82	-0.12541	39.74	-7.4E-01	rgb( 56,119,245)	1.7748	None
FOXA2	SLC25A53	0.12541	39.74	0.738	rgb(225, 76, 78)	1.7748	None
ASCL2	KANK2	0.12486	39.73	0.732	rgb(225, 77, 79)	1.7746	None
ZNF519	KIAA1456	0.12486	39.73	0.734	rgb(225, 77, 78)	1.7746	2,2
FOXA2	GAP43	0.1243	39.69	0.688	rgb(225, 86, 87)	1.7738	None
MYRF	AX746991	0.12375	39.68	0.679	rgb(224, 87, 89)	1.7736	2,2
ZFHX2	BAIAP3	0.12375	39.68	0.678	rgb(224, 87, 89)	1.7736	None
HIF1A	ELF4	0.1232	39.67	0.668	rgb(224, 89, 91)	1.7734	None
HOXB9	FOXA1	0.1232	39.67	0.673	rgb(224, 88, 90)	1.7734	None
ETS1	CCDC181	-0.12264	39.65	-6.5E-01	rgb( 75,131,242)	1.773	None
LMX1B	FLJ22184	0.12264	39.65	0.651	rgb(224, 93, 94)	1.773	2,2
ZNF846	PELI3	-0.12264	39.65	-6.5E-01	rgb( 75,131,242)	1.773	None
MAFA	KIRREL3	0.12209	39.64	0.644	rgb(224, 94, 95)	1.7728	None
GATA2	GOLGA6L5	0.12153	39.63	0.626	rgb(224, 97, 99)	1.7726	2,2
ETV1	CAMK2B	0.12098	39.62	0.62	rgb(224, 99,100)	1.7724	None
MAFB	CACNA2D1	0.12098	39.62	0.619	rgb(224, 99,100)	1.7724	None
MYRF	NDUFB6	-0.12098	39.62	-6.2E-01	rgb( 82,135,241)	1.7724	2,2
ETV1	C7	0.12043	39.61	0.61	rgb(224,101,102)	1.7722	None
FOXA2	CHD5	-0.12043	39.61	-6.1E-01	rgb( 84,136,240)	1.7722	None
PRDM16	KCNH8	0.12043	39.61	0.614	rgb(224,100,101)	1.7722	None
SMAD9	TENM2	0.12043	39.61	0.612	rgb(224,100,101)	1.7722	None
FOXA1	SLC7A14	-0.11987	39.6	-6.0E-01	rgb( 87,138,240)	1.772	None
ONECUT1	AK123868	0.11987	39.6	0.6	rgb(224,102,104)	1.772	2,2
SPIB	PPP1R14A	0.11987	39.6	0.603	rgb(224,102,103)	1.772	None
ZFP2	WISP1	0.11987	39.6	0.603	rgb(224,102,103)	1.772	2,2
ETS1	CCL20	0.11932	39.59	0.589	rgb(223,104,106)	1.7718	None
MAFF	BRS3	-0.11876	39.58	-5.8E-01	rgb( 90,140,239)	1.7716	None
NEUROD2	PPP1R16B	0.11876	39.58	0.585	rgb(223,105,106)	1.7716	None
FOXP2	HDAC7	-0.11821	39.57	-5.7E-01	rgb( 93,141,239)	1.7714	None
GATA6	VOPP1	0.11821	39.57	0.57	rgb(223,108,109)	1.7714	None
TGIF2	NR2F2-AS1	0.11821	39.57	0.574	rgb(223,107,109)	1.7714	None
LHX1	NAV3	-0.11766	39.56	-5.6E-01	rgb( 97,144,238)	1.7712	None
MAFA	OGFRL1	0.11766	39.56	0.558	rgb(223,110,112)	1.7712	None
PDX1	AB007962	0.11766	39.56	0.56	rgb(223,110,111)	1.7712	2,2
ATF6	DOCK8	0.1171	39.55	0.546	rgb(223,113,114)	1.771	None
LHX1	ITPR1	-0.1171	39.55	-5.5E-01	rgb( 98,144,238)	1.771	None
ARX	SCG3	0.11655	39.54	0.536	rgb(223,115,116)	1.7708	None
ASCL1	AK5	0.11655	39.54	0.537	rgb(223,114,116)	1.7708	None
ZNF519	MSI1	0.11655	39.54	0.542	rgb(223,113,115)	1.7708	None
FOXA2	FAM171B	-0.116	39.53	-5.3E-01	rgb(103,147,237)	1.7706	None
GATA2	FOXA1	-0.116	39.53	-5.3E-01	rgb(102,147,237)	1.7706	None
GATA4	LRAT	-0.116	39.53	-5.3E-01	rgb(102,147,237)	1.7706	None
NR4A3	AK056486	0.116	39.53	0.53	rgb(223,116,117)	1.7706	2,2
RORC	RASD1	-0.116	39.53	-5.3E-01	rgb(101,147,237)	1.7706	None
AKNA	AL110171	-0.116	39.53	-5.3E-01	rgb(103,147,237)	1.7706	2,2
PDX1	TRIM24	-0.11544	39.52	-5.2E-01	rgb(103,148,237)	1.7704	None
TEAD1	BAALC	-0.11544	39.52	-5.2E-01	rgb(105,149,237)	1.7704	None
ZFP82	CCDC154	0.11544	39.52	0.518	rgb(223,118,119)	1.7704	2,2
ZFP82	NPSR1-AS1	0.11544	39.52	0.52	rgb(223,118,119)	1.7704	None
NR4A2	SERPINA10	0.11489	39.51	0.509	rgb(223,120,121)	1.7702	None
TFCP2L1	CCDC40	0.11489	39.51	0.507	rgb(223,120,121)	1.7702	None
TFCP2L1	GDAP1	0.11489	39.51	0.508	rgb(223,120,121)	1.7702	None
ZFP28	APBB1	-0.11489	39.51	-5.1E-01	rgb(106,149,237)	1.7702	None
GATA2	SLC6A16	-0.11433	39.5	-5.0E-01	rgb(109,151,236)	1.77	None
HES4	AK074396	0.11433	39.5	0.501	rgb(223,121,122)	1.77	2,2
ZNF492	ZFR2	0.11433	39.5	0.501	rgb(223,121,122)	1.77	2,2
ONECUT1	PTPRN2	0.11378	39.49	0.492	rgb(222,123,124)	1.7698	None
ELF4	CITED1	-0.11323	39.48	-4.8E-01	rgb(113,154,235)	1.7696	None
HSF2	SMARCD2	0.11267	39.47	0.469	rgb(222,127,128)	1.7694	None
NEUROG3	CIB4	0.11267	39.47	0.468	rgb(222,128,129)	1.7694	None
RFX3	ICA1L	0.11267	39.47	0.471	rgb(222,127,128)	1.7694	None
ZFHX2	AK311213	0.11267	39.47	0.474	rgb(222,127,127)	1.7694	2,2
ZFHX2	SNAP25	0.11267	39.47	0.468	rgb(222,128,129)	1.7694	None
ZNF382	CCDC154	0.11267	39.47	0.466	rgb(222,128,129)	1.7694	2,2
HMGN3	AK316092	-0.11267	39.47	-4.7E-01	rgb(116,155,235)	1.7694	2,2
FOXA2	PLCG2	0.11212	39.46	0.461	rgb(222,129,130)	1.7692	None
GATA4	DACH1	-0.11212	39.46	-4.6E-01	rgb(118,157,234)	1.7692	None
HIC1	SH2D3C	-0.11212	39.46	-4.6E-01	rgb(116,156,235)	1.7692	None
ONECUT3	ABCC4	0.11212	39.46	0.457	rgb(222,130,131)	1.7692	None
ZFP82	JAZF1	-0.11212	39.46	-4.6E-01	rgb(117,156,234)	1.7692	None
ZNF117	NAIP	0.11212	39.46	0.458	rgb(222,130,130)	1.7692	2,2
FEV	WSCD1	0.11157	39.45	0.448	rgb(222,131,132)	1.769	None
GATA6	VWA5B2	-0.11157	39.45	-4.5E-01	rgb(119,157,234)	1.769	None
HSF2	AGAP11	-0.11157	39.45	-4.5E-01	rgb(120,158,234)	1.769	None
NR4A2	GPBAR1	0.11157	39.45	0.445	rgb(222,132,133)	1.769	None
SOX4	SPOCK3	-0.11157	39.45	-4.5E-01	rgb(120,158,234)	1.769	None
ZFHX2	AP3B2	0.11157	39.45	0.446	rgb(222,132,133)	1.769	None
ATF5	LYPD8	-0.11101	39.44	-4.4E-01	rgb(121,159,234)	1.7688	2,2
GATA6	THBS4	0.11101	39.44	0.438	rgb(222,133,134)	1.7688	None
LMX1B	PYY	-0.11101	39.44	-4.4E-01	rgb(121,159,234)	1.7688	None
MAFB	KAL1	0.11101	39.44	0.44	rgb(222,133,134)	1.7688	2,2
ONECUT3	SMARCD2	0.11101	39.44	0.437	rgb(222,134,134)	1.7688	None
PRDM16	NKD1	0.11101	39.44	0.444	rgb(222,132,133)	1.7688	None
ZNF846	FBXL16	0.11101	39.44	0.436	rgb(222,134,135)	1.7688	None
ETS1	SMAD9	0.11046	39.43	0.433	rgb(222,134,135)	1.7686	None
FOXA2	NFRKB	-0.11046	39.43	-4.3E-01	rgb(124,161,233)	1.7686	None
GATA6	CAMK2N2	0.11046	39.43	0.435	rgb(222,134,135)	1.7686	None
GATA6	SULT2A1	0.11046	39.43	0.426	rgb(222,136,137)	1.7686	None
HSF2	DLGAP3	-0.11046	39.43	-4.3E-01	rgb(123,160,233)	1.7686	None
NEUROG3	TMEM61	0.11046	39.43	0.426	rgb(222,136,136)	1.7686	None
NFAT5	SHF	-0.11046	39.43	-4.3E-01	rgb(123,160,233)	1.7686	None
POU2F2	RCOR3	0.11046	39.43	0.428	rgb(222,135,136)	1.7686	None
ETS1	S100A1	-0.1099	39.42	-4.2E-01	rgb(127,162,233)	1.7684	None
FOXA2	PBOV1	-0.1099	39.42	-4.2E-01	rgb(127,162,233)	1.7684	None
PAX4	UCHL1	0.1099	39.42	0.424	rgb(222,136,137)	1.7684	2,2
ETS1	SSTR5-AS1	0.10935	39.41	0.409	rgb(222,139,140)	1.7682	None
GATA2	SPC25	-0.10935	39.41	-4.1E-01	rgb(129,163,232)	1.7682	None
HSF2	MYT1	0.10935	39.41	0.406	rgb(221,139,140)	1.7682	None
MAFA	ADCY5	-0.10935	39.41	-4.1E-01	rgb(128,163,233)	1.7682	None
NEUROD1	PAPPA2	0.10935	39.41	0.406	rgb(221,139,140)	1.7682	None
ONECUT2	PKIA	0.10935	39.41	0.41	rgb(222,139,140)	1.7682	None
HOXB9	AX746823	-0.1088	39.4	-4.0E-01	rgb(131,165,232)	1.768	2,2
NR4A3	CRIP2	0.1088	39.4	0.396	rgb(221,141,142)	1.768	None
ZFHX2	LOC100130000	0.1088	39.4	0.401	rgb(221,140,141)	1.768	2,2
ZNF846	NPM2	-0.1088	39.4	-4.0E-01	rgb(130,164,232)	1.768	None
ELF4	MAPK7	0.10824	39.39	0.39	rgb(221,143,143)	1.7678	None
LMX1B	RNF157	0.10824	39.39	0.386	rgb(221,143,144)	1.7678	None
ONECUT1	PCDH17	0.10824	39.39	0.393	rgb(221,142,143)	1.7678	2,2
TFCP2L1	PER2	0.10824	39.39	0.393	rgb(221,142,143)	1.7678	None
GATA6	LRRC10B	-0.10769	39.38	-3.8E-01	rgb(134,167,232)	1.7676	None
LHX1	SYNM	0.10769	39.38	0.382	rgb(221,144,145)	1.7676	None
MAFA	VOPP1	0.10769	39.38	0.383	rgb(221,144,145)	1.7676	None
MAFB	SPOCK3	0.10769	39.38	0.384	rgb(221,144,144)	1.7676	None
MAFB	TMOD2	0.10769	39.38	0.381	rgb(221,144,145)	1.7676	None
NR4A2	TUB	0.10769	39.38	0.38	rgb(221,144,145)	1.7676	None
ONECUT2	VN1R1	0.10769	39.38	0.384	rgb(221,144,144)	1.7676	2,2
SMAD9	ONECUT3	-0.10769	39.38	-3.8E-01	rgb(134,167,231)	1.7676	None
GATA2	SRCIN1	0.10714	39.37	0.366	rgb(221,147,148)	1.7674	None
HIF1A	CRLF1	-0.10714	39.37	-3.7E-01	rgb(136,168,231)	1.7674	None
LHX1	AKT3	-0.10714	39.37	-3.7E-01	rgb(136,168,231)	1.7674	None
MAFA	ZG16	0.10714	39.37	0.367	rgb(221,147,148)	1.7674	None
NEUROG3	GAL	0.10714	39.37	0.366	rgb(221,147,148)	1.7674	None
ONECUT3	ACSL6	0.10714	39.37	0.365	rgb(221,147,148)	1.7674	None
ZNF846	RRAGD	0.10714	39.37	0.374	rgb(221,146,146)	1.7674	None
ELF4	ZFHX2	0.10658	39.36	0.36	rgb(221,148,149)	1.7672	None
MYRF	LOC100188947	-0.10658	39.36	-3.6E-01	rgb(139,169,231)	1.7672	2,2
NEUROD1	SLC8A1	0.10658	39.36	0.356	rgb(221,149,150)	1.7672	None
PDX1	F10	0.10658	39.36	0.357	rgb(221,149,150)	1.7672	None
DACH1	AX746995	0.10658	39.36	0.364	rgb(221,147,148)	1.7672	2,2
MYT1	AB074188	0.10658	39.36	0.361	rgb(221,148,149)	1.7672	2,2
FEV	CNGA3	0.10603	39.35	0.347	rgb(221,151,151)	1.767	None
NR4A2	GRIN1	-0.10603	39.35	-3.5E-01	rgb(142,171,230)	1.767	None
PBX1	CAND2	-0.10603	39.35	-3.5E-01	rgb(142,171,230)	1.767	None
PDX1	KIAA0845	-0.10603	39.35	-3.5E-01	rgb(140,170,230)	1.767	2,2
RFX3	SSTR5	0.10603	39.35	0.352	rgb(221,150,151)	1.767	None
ZFHX2	CRY2	0.10603	39.35	0.347	rgb(221,151,151)	1.767	None
DACH1	SCGB1C1	0.10603	39.35	0.347	rgb(221,151,151)	1.767	2,2
HES4	NOXO1	0.10547	39.34	0.342	rgb(221,152,152)	1.7668	None
LHX1	HECW2	-0.10547	39.34	-3.4E-01	rgb(143,172,230)	1.7668	None
MAFA	SSBP2	-0.10547	39.34	-3.4E-01	rgb(144,172,230)	1.7668	None
NR4A2	KIF19	-0.10547	39.34	-3.4E-01	rgb(143,172,230)	1.7668	None
TEAD1	AX747227	-0.10547	39.34	-3.4E-01	rgb(143,172,230)	1.7668	2,2
ZFHX2	BRSK2	0.10547	39.34	0.335	rgb(221,153,154)	1.7668	None
ZNF846	TEAD2	-0.10547	39.34	-3.4E-01	rgb(143,172,230)	1.7668	None
GATA2	GDF1	-0.10492	39.33	-3.3E-01	rgb(144,173,230)	1.7666	None
GLIS2	BC020343	0.10492	39.33	0.329	rgb(221,154,155)	1.7666	2,2
MAFA	HERC5	0.10492	39.33	0.328	rgb(221,154,155)	1.7666	None
NR4A2	INHBE	-0.10492	39.33	-3.3E-01	rgb(145,173,230)	1.7666	None
RORC	MAFA	-0.10492	39.33	-3.3E-01	rgb(144,173,230)	1.7666	None
TEAD2	NREP	-0.10492	39.33	-3.3E-01	rgb(146,174,229)	1.7666	None
TFCP2L1	APLP1	-0.10492	39.33	-3.3E-01	rgb(145,173,230)	1.7666	None
ZFHX2	AFF2	0.10492	39.33	0.325	rgb(221,155,156)	1.7666	2,2
ELF4	CDH22	-0.10437	39.32	-3.2E-01	rgb(148,175,229)	1.7664	None
GATA6	MAST1	-0.10437	39.32	-3.2E-01	rgb(148,175,229)	1.7664	None
LTF	LOC145837	0.10437	39.32	0.323	rgb(221,155,156)	1.7664	2,2
ETS1	RASL11B	-0.10381	39.31	-3.1E-01	rgb(150,176,229)	1.7662	None
GATA4	ZG16	0.10381	39.31	0.315	rgb(220,157,157)	1.7662	None
GATA6	CRY2	-0.10381	39.31	-3.1E-01	rgb(151,177,229)	1.7662	None
LMX1B	PKIA	0.10381	39.31	0.307	rgb(220,158,159)	1.7662	None
ZNF492	FAM106CP	0.10381	39.31	0.308	rgb(220,158,159)	1.7662	2,2
ZNF846	AK096291	0.10381	39.31	0.315	rgb(220,157,157)	1.7662	2,2
HSF2	OSBPL6	0.10326	39.3	0.3	rgb(220,160,160)	1.766	None
LHX1	ADCY2	-0.10326	39.3	-3.0E-01	rgb(151,177,229)	1.766	None
MAFA	EID2	0.10326	39.3	0.295	rgb(220,161,161)	1.766	None
SMAD9	CORO2B	0.10326	39.3	0.298	rgb(220,160,161)	1.766	None
ZFP28	ZFP92	0.10326	39.3	0.304	rgb(220,159,159)	1.766	2,2
ZNF846	CR627206	0.10326	39.3	0.295	rgb(220,161,161)	1.766	2,2
ARX	GPR133	0.10271	39.29	0.286	rgb(220,162,163)	1.7658	2,2
HSF2	EML1	0.10271	39.29	0.292	rgb(220,161,162)	1.7658	None
RFX2	GGT5	0.10271	39.29	0.291	rgb(220,161,162)	1.7658	None
ZNF492	LMO3	0.10271	39.29	0.291	rgb(220,162,162)	1.7658	None
EGR3	HES4	-0.10215	39.28	-2.8E-01	rgb(156,180,228)	1.7656	None
NEUROD2	TENM2	0.10215	39.28	0.284	rgb(220,163,163)	1.7656	None
NEUROG3	LOC400891	0.10215	39.28	0.277	rgb(220,164,165)	1.7656	2,2
ETS1	ACBD7	-0.1016	39.27	-2.7E-01	rgb(159,182,227)	1.7654	None
NR4A3	CTPS1	0.1016	39.27	0.271	rgb(220,165,166)	1.7654	None
RORC	LRRN2	0.1016	39.27	0.274	rgb(220,165,165)	1.7654	None
TGIF2	LTBP2	0.1016	39.27	0.266	rgb(220,166,167)	1.7654	None
ZNF382	RCOR2	-0.1016	39.27	-2.7E-01	rgb(158,181,227)	1.7654	None
ELF4	CSH1	0.10104	39.26	0.261	rgb(220,167,168)	1.7652	None
GATA6	LOC653513	-0.10104	39.26	-2.6E-01	rgb(160,182,227)	1.7652	2,2
LHX1	CEND1	-0.10104	39.26	-2.6E-01	rgb(161,183,227)	1.7652	None
PBX1	NPTX1	0.10104	39.26	0.264	rgb(220,167,167)	1.7652	None
RFX2	PPP1R16B	-0.10104	39.26	-2.6E-01	rgb(161,183,227)	1.7652	None
DACH1	DBC1	0.10104	39.26	0.257	rgb(220,168,168)	1.7652	2,2
LHX1	PALMD	-0.10049	39.25	-2.5E-01	rgb(162,184,227)	1.765	None
LMX1B	SCGB1C1	0.10049	39.25	0.247	rgb(220,170,170)	1.765	2,2
MAFB	UNC79	0.10049	39.25	0.251	rgb(220,169,170)	1.765	None
NKX6-1	CES1	0.10049	39.25	0.252	rgb(220,169,169)	1.765	2,2
PDX1	COL14A1	0.10049	39.25	0.246	rgb(220,170,171)	1.765	None
PRDM16	MX2	-0.10049	39.25	-2.5E-01	rgb(163,184,227)	1.765	None
SMAD9	SMOC1	-0.10049	39.25	-2.5E-01	rgb(164,185,226)	1.765	None
SOX4	ZNF846	-0.10049	39.25	-2.5E-01	rgb(162,183,227)	1.765	None
ZNF519	TDRD6	0.10049	39.25	0.249	rgb(220,170,170)	1.765	2,2
ZNF846	EFNB3	-0.10049	39.25	-2.5E-01	rgb(162,184,227)	1.765	None
GATA6	ATP1A3	-0.099937	39.24	-2.4E-01	rgb(164,185,226)	1.7648	None
GATA6	TRIM24	0.099937	39.24	0.24	rgb(220,171,172)	1.7648	None
POU2F2	JAZF1	0.099937	39.24	0.243	rgb(220,170,171)	1.7648	None
SMAD9	SPEG	0.099937	39.24	0.235	rgb(220,172,173)	1.7648	None
GATA6	MS4A8	-0.099383	39.23	-2.3E-01	rgb(168,187,226)	1.7646	None
LHX1	RAB3C	-0.099383	39.23	-2.3E-01	rgb(168,187,226)	1.7646	None
NEUROD2	SFTPA2	0.099383	39.23	0.227	rgb(219,174,174)	1.7646	None
PBX1	LINC00643	0.099383	39.23	0.229	rgb(220,173,174)	1.7646	None
MAFB	SYN1	0.098829	39.22	0.222	rgb(219,175,175)	1.7644	None
NR4A3	SAMD14	-0.098829	39.22	-2.2E-01	rgb(168,187,226)	1.7644	None
SMAD9	ADNP	-0.098829	39.22	-2.2E-01	rgb(170,188,225)	1.7644	None
EGR3	LOC653513	-0.098276	39.21	-2.1E-01	rgb(172,190,225)	1.7642	2,2
ETS1	VSTM4	0.098276	39.21	0.214	rgb(219,176,177)	1.7642	None
RFX6	CHGB	0.098276	39.21	0.209	rgb(219,177,177)	1.7642	None
ZNF519	GRASP	0.098276	39.21	0.208	rgb(219,177,178)	1.7642	None
ZNF846	DDN	-0.098276	39.21	-2.1E-01	rgb(172,189,225)	1.7642	None
FOXA2	WNK2	0.097722	39.2	0.202	rgb(219,178,179)	1.764	None
GATA6	APBB2	0.097722	39.2	0.198	rgb(219,179,180)	1.764	None
HIC1	NEFM	0.097722	39.2	0.203	rgb(219,178,179)	1.764	None
LHX1	FBXL16	-0.097722	39.2	-2.0E-01	rgb(174,191,224)	1.764	None
MAFB	GPR123	0.097722	39.2	0.201	rgb(219,179,179)	1.764	2,2
NR4A2	SLC6A17	-0.097722	39.2	-2.0E-01	rgb(174,191,225)	1.764	None
SMAD9	GALNT16	-0.097722	39.2	-2.0E-01	rgb(174,191,224)	1.764	None
HOXB9	LOC100130000	-0.097168	39.19	-1.9E-01	rgb(175,192,224)	1.7638	2,2
HOXB9	PDX1	0.097168	39.19	0.187	rgb(219,181,182)	1.7638	None
MAFB	PAPPA2	0.097168	39.19	0.19	rgb(219,181,181)	1.7638	None
RORC	MXI1	0.097168	39.19	0.189	rgb(219,181,181)	1.7638	None
RORC	SCGB1C1	-0.097168	39.19	-1.9E-01	rgb(176,192,224)	1.7638	None
ARX	ENPP2	0.096614	39.18	0.183	rgb(219,182,182)	1.7636	None
HIC1	DNER	0.096614	39.18	0.18	rgb(219,183,183)	1.7636	None
LMX1A	SPTBN4	0.096614	39.18	0.177	rgb(219,183,184)	1.7636	None
SOX4	NEUROD2	0.096614	39.18	0.175	rgb(219,184,184)	1.7636	None
SPIB	GCH1	0.096614	39.18	0.18	rgb(219,183,183)	1.7636	None
ZNF492	FW340027	0.096614	39.18	0.184	rgb(219,182,182)	1.7636	2,2
EGR3	GFRA3	-0.096061	39.17	-1.7E-01	rgb(179,194,224)	1.7634	None
HOXB9	FTCD	0.096061	39.17	0.175	rgb(219,184,184)	1.7634	None
MAFB	KCNH7	0.096061	39.17	0.165	rgb(219,185,186)	1.7634	None
NHLH1	UNC13A	-0.096061	39.17	-1.7E-01	rgb(179,194,224)	1.7634	None
NKX2-2	LMX1B	0.096061	39.17	0.166	rgb(219,185,186)	1.7634	None
ZFHX2	NAIP	0.096061	39.17	0.168	rgb(219,185,185)	1.7634	2,2
HSF2	STK33	0.095507	39.16	0.157	rgb(219,187,187)	1.7632	None
ONECUT2	AX748371	0.095507	39.16	0.156	rgb(219,187,188)	1.7632	2,2
PAX6	ZNF853	0.095507	39.16	0.165	rgb(219,185,186)	1.7632	None
SOX4	TMEM198	0.095507	39.16	0.159	rgb(219,187,187)	1.7632	None
ZNF382	PGM5	0.095507	39.16	0.16	rgb(219,187,187)	1.7632	None
HSF2	CERS1	0.094953	39.15	0.148	rgb(219,189,189)	1.763	None
HSF2	TTLL7	0.094953	39.15	0.152	rgb(219,188,188)	1.763	None
NHLH1	TMEM198	0.094953	39.15	0.153	rgb(219,188,188)	1.763	None
PRDM16	HES6	-0.094953	39.15	-1.5E-01	rgb(185,198,223)	1.763	None
SPIB	SGSM1	0.094953	39.15	0.146	rgb(219,189,189)	1.763	None
ZNF846	GALNT16	-0.094953	39.15	-1.5E-01	rgb(184,197,223)	1.763	None
MAFB	DOK6	0.094399	39.14	0.145	rgb(219,189,190)	1.7628	None
RFX2	APBB1	0.094399	39.14	0.142	rgb(219,190,190)	1.7628	None
ETV1	GCK	0.093845	39.13	0.126	rgb(218,193,193)	1.7626	None
FOXA2	RAB26	0.093845	39.13	0.126	rgb(218,193,193)	1.7626	None
MAFB	TMEM145	0.093845	39.13	0.126	rgb(218,193,193)	1.7626	None
PDX1	KIF1A	0.093845	39.13	0.134	rgb(218,191,192)	1.7626	None
RFX3	MAFA	-0.093845	39.13	-1.3E-01	rgb(190,200,222)	1.7626	None
HOXB9	CTPS1	-0.093292	39.12	-1.2E-01	rgb(192,202,221)	1.7624	None
SOX4	COL10A1	-0.093292	39.12	-1.2E-01	rgb(191,201,222)	1.7624	None
TFCP2L1	TMEM198	-0.093292	39.12	-1.2E-01	rgb(191,201,222)	1.7624	None
ETV1	FAM131B	0.092738	39.11	0.112	rgb(218,196,196)	1.7622	None
FEV	AB074188	0.092738	39.11	0.11	rgb(218,196,196)	1.7622	2,2
FOXA2	FAM110B	-0.092738	39.11	-1.1E-01	rgb(194,203,221)	1.7622	None
MAFB	MAP3K12	0.092738	39.11	0.106	rgb(218,197,197)	1.7622	None
TP73	RCOR3	-0.092738	39.11	-1.1E-01	rgb(192,202,221)	1.7622	None
ZFP90	HOMEZ	-0.092738	39.11	-1.1E-01	rgb(193,203,221)	1.7622	None
FEV	MAP1A	0.092184	39.1	0.098	rgb(218,198,198)	1.762	None
MAFB	CCK	0.092184	39.1	0.102	rgb(218,198,198)	1.762	None
MAFB	IFI44L	0.092184	39.1	0.1	rgb(218,198,198)	1.762	None
HOXB9	HSF2	-0.09163	39.09	-8.8E-02	rgb(198,205,220)	1.7618	None
ST18	SYP	0.091077	39.08	0.077	rgb(218,202,202)	1.7616	None
MAFA	NPTX1	0.090523	39.07	0.072	rgb(218,203,203)	1.7614	None
TEAD2	DTX3	0.090523	39.07	0.075	rgb(218,203,203)	1.7614	2,2
PDX1	FAM161A	-0.089969	39.06	-6.1E-02	rgb(204,209,219)	1.7612	None
RFX6	NTNG2	0.089969	39.06	0.059	rgb(218,206,206)	1.7612	None
NR4A3	LMX1B	0.089415	39.05	0.053	rgb(218,207,207)	1.761	None
SMAD9	CLSTN2	0.089415	39.05	0.048	rgb(218,208,208)	1.761	None
ATF6	CNTD2	0.088862	39.04	0.04	rgb(217,209,209)	1.7608	None
PDX1	PCED1B-AS1	-0.088862	39.04	-3.9E-02	rgb(209,212,218)	1.7608	None
SOX4	TRPC4	-0.088862	39.04	-4.1E-02	rgb(208,212,219)	1.7608	None
ZNF846	VN1R1	0.088862	39.04	0.036	rgb(217,210,210)	1.7608	2,2
EGR3	HMGB3	0.088308	39.03	0.029	rgb(217,212,212)	1.7606	None
GATA2	MUC5AC	-0.088308	39.03	-2.9E-02	rgb(211,213,218)	1.7606	2,2
NR4A3	NR4A2	0.088308	39.03	0.032	rgb(217,211,211)	1.7606	None
RFX3	ETS1	-0.088308	39.03	-3.0E-02	rgb(210,213,218)	1.7606	None
ETS1	FCRL6	0.087754	39.02	0.023	rgb(217,213,213)	1.7604	None
ETS1	NFRKB	-0.087754	39.02	-1.7E-02	rgb(213,215,218)	1.7604	None
POU6F1	KCNMB2	0.087754	39.02	0.018	rgb(217,214,214)	1.7604	None
ELF4	GRB14	-0.0872	39.01	-6.0E-03	rgb(216,216,217)	1.7602	None
ONECUT1	NR2F2-AS1	0.0872	39.01	0.006	rgb(217,216,216)	1.7602	None
EGR3	TAC1	-0.086646	39	-3.6E-03	rgb(216,217,217)	1.76	2,2
HSF2	CD300LF	0.086646	39	0.001	rgb(217,217,217)	1.76	None
TFCP2L1	TMPRSS6	0.086646	39	6.4E-04	rgb(217,217,217)	1.76	None
TEAD1	BTBD11	0.086093	38.85	0.846	rgb(226, 55, 57)	1.757	None
PBX1	CRIP2	-0.085583	38.81	-8.1E-01	rgb( 42,111,248)	1.7562	None
MXI1	MUC5AC	-0.085072	38.79	-7.9E-01	rgb( 46,113,247)	1.7558	2,2
MYRF	BC107568	-0.085072	38.79	-7.9E-01	rgb( 45,112,247)	1.7558	2,2
MAFB	RNF157	-0.084562	38.78	-7.8E-01	rgb( 49,115,246)	1.7556	None
NKX2-2	CPA1	0.084052	38.77	0.771	rgb(225, 70, 71)	1.7554	None
SOX4	PER2	0.083542	38.74	0.737	rgb(225, 76, 78)	1.7548	None
MAFB	DHRS2	0.083032	38.72	0.719	rgb(225, 80, 81)	1.7544	None
ARX	PMP22	-0.082522	38.7	-7.0E-01	rgb( 66,125,244)	1.754	None
SMAD9	SERTAD1	-0.082522	38.7	-7.0E-01	rgb( 65,125,244)	1.754	None
ZFP28	DPYSL3	0.082012	38.69	0.692	rgb(225, 85, 86)	1.7538	None
ELF4	SLC38A5	-0.081502	38.67	-6.7E-01	rgb( 71,128,243)	1.7534	None
FEV	ITGA7	0.081502	38.67	0.666	rgb(224, 90, 91)	1.7534	None
ONECUT2	MEP1B	0.081502	38.67	0.668	rgb(224, 89, 91)	1.7534	None
FOXA1	CADM2	0.080991	38.66	0.66	rgb(224, 91, 92)	1.7532	None
FOXA2	SCGB1A1	0.080481	38.64	0.643	rgb(224, 94, 96)	1.7528	None
RORC	CBLN1	-0.080481	38.64	-6.4E-01	rgb( 78,132,241)	1.7528	None
FOXA1	TNP1	0.079971	38.63	0.629	rgb(224, 97, 98)	1.7526	2,2
ZFP82	AK056486	0.079971	38.63	0.63	rgb(224, 97, 98)	1.7526	2,2
RFX3	SLC8A1	0.079461	38.62	0.616	rgb(224, 99,101)	1.7524	None
SOX4	SRCIN1	-0.078951	38.61	-6.1E-01	rgb( 85,137,240)	1.7522	None
ZNF117	AK026777	0.078441	38.6	0.596	rgb(224,103,104)	1.752	2,2
GATA6	COL12A1	0.077931	38.59	0.585	rgb(223,105,106)	1.7518	None
RFX2	NINJ1	-0.077931	38.59	-5.9E-01	rgb( 88,139,240)	1.7518	None
ELF4	RORC	0.077421	38.58	0.578	rgb(223,107,108)	1.7516	None
ZNF382	HBT8	0.077421	38.58	0.581	rgb(223,106,107)	1.7516	2,2
ELF4	PRELP	-0.076911	38.57	-5.7E-01	rgb( 94,142,238)	1.7514	None
ETV1	GRIK5	0.076911	38.57	0.569	rgb(223,108,109)	1.7514	None
FEV	FAM171A2	0.076911	38.57	0.566	rgb(223,109,110)	1.7514	None
NKX6-1	FAM101B	0.076911	38.57	0.569	rgb(223,108,110)	1.7514	2,2
SPIB	CAND2	-0.076911	38.57	-5.7E-01	rgb( 94,142,238)	1.7514	None
ZFP82	GLYATL3	0.076911	38.57	0.574	rgb(223,107,109)	1.7514	None
HEYL	FW340055	-0.0764	38.56	-5.6E-01	rgb( 95,143,238)	1.7512	2,2
HSF2	IGSF21	-0.0764	38.56	-5.6E-01	rgb( 96,143,238)	1.7512	None
MAFB	MSI1	0.0764	38.56	0.56	rgb(223,110,111)	1.7512	None
RFX2	HOPX	0.0764	38.56	0.556	rgb(223,111,112)	1.7512	None
TFCP2L1	SLC35F3	0.0764	38.56	0.56	rgb(223,110,111)	1.7512	None
FOXA2	DTX1	0.07589	38.55	0.545	rgb(223,113,114)	1.751	None
SOX4	TMEM151A	-0.07589	38.55	-5.5E-01	rgb( 97,144,238)	1.751	None
TGIF2	FTCD	-0.07589	38.55	-5.5E-01	rgb( 97,144,238)	1.751	None
ZNF846	UCN3	-0.07589	38.55	-5.5E-01	rgb( 98,144,238)	1.751	None
ZNF853	SEPT3	0.07589	38.55	0.554	rgb(223,111,112)	1.751	2,2
NEUROG3	ZMYM2	0.07538	38.54	0.543	rgb(223,113,114)	1.7508	None
HOMEZ	AK130076	-0.07487	38.53	-5.3E-01	rgb(101,147,237)	1.7506	2,2
NR4A2	IGFN1	-0.07487	38.53	-5.3E-01	rgb(102,147,237)	1.7506	None
RORC	RBP1	0.07487	38.53	0.525	rgb(223,117,118)	1.7506	None
EGR3	TOX3	0.07436	38.52	0.52	rgb(223,118,119)	1.7504	None
HES4	SCGB1C1	0.07436	38.52	0.519	rgb(223,118,119)	1.7504	2,2
HSF2	PDZD4	-0.07436	38.52	-5.2E-01	rgb(104,148,237)	1.7504	None
SMAD9	SGSM1	0.07436	38.52	0.515	rgb(223,119,120)	1.7504	None
NEUROD2	PGA3	-0.07385	38.51	-5.1E-01	rgb(107,150,236)	1.7502	None
TFCP2L1	PAM	-0.07385	38.51	-5.1E-01	rgb(107,150,236)	1.7502	None
EGR3	USP41	0.07334	38.5	0.503	rgb(223,121,122)	1.75	None
LHX1	AL117485	0.07334	38.5	0.501	rgb(223,121,122)	1.75	2,2
LMX1B	TTLL7	0.07334	38.5	0.502	rgb(223,121,122)	1.75	None
NR4A3	DKK3	0.07334	38.5	0.496	rgb(222,122,123)	1.75	None
ETS1	RUNDC3A	-0.07283	38.49	-4.9E-01	rgb(111,152,236)	1.7498	None
GATA2	RPS3	-0.072319	38.48	-4.8E-01	rgb(112,153,235)	1.7496	None
NKX6-1	INA	0.072319	38.48	0.482	rgb(222,125,126)	1.7496	2,2
ZNF846	XAF1	0.072319	38.48	0.479	rgb(222,126,127)	1.7496	2,2
HIC1	RPS16P5	-0.071809	38.47	-4.7E-01	rgb(115,155,235)	1.7494	2,2
HOXB9	LOC100128288	-0.071809	38.47	-4.7E-01	rgb(116,155,235)	1.7494	2,2
RORC	PDE2A	0.071809	38.47	0.474	rgb(222,126,127)	1.7494	None
ZNF846	SOCS1	-0.071809	38.47	-4.7E-01	rgb(116,155,235)	1.7494	None
ARX	SMTNL2	0.071299	38.46	0.458	rgb(222,130,130)	1.7492	None
EGR3	LTF	-0.071299	38.46	-4.6E-01	rgb(116,156,235)	1.7492	None
ETS1	BCORL1	0.071299	38.46	0.459	rgb(222,129,130)	1.7492	None
ETS1	COL10A1	-0.071299	38.46	-4.6E-01	rgb(118,157,234)	1.7492	None
FOXA1	GDAP1	0.071299	38.46	0.46	rgb(222,129,130)	1.7492	None
MAFB	PELI3	0.071299	38.46	0.462	rgb(222,129,130)	1.7492	None
MYRF	AK094909	0.071299	38.46	0.457	rgb(222,130,131)	1.7492	2,2
NHLH1	SGSM1	0.071299	38.46	0.464	rgb(222,128,129)	1.7492	None
ADNP	AK302511	0.071299	38.46	0.46	rgb(222,129,130)	1.7492	2,2
NR4A3	CD96	0.070789	38.45	0.454	rgb(222,130,131)	1.749	None
FOXA1	CNOT6L	-0.070279	38.44	-4.4E-01	rgb(122,159,234)	1.7488	None
HOXB9	CIT	-0.070279	38.44	-4.4E-01	rgb(121,159,234)	1.7488	None
NR4A3	NOTUM	0.070279	38.44	0.44	rgb(222,133,134)	1.7488	None
ZNF519	AK054970	0.070279	38.44	0.437	rgb(222,134,134)	1.7488	2,2
NKX2-2	RGS16	0.069769	38.43	0.432	rgb(222,134,135)	1.7486	None
SOX4	NKTR	0.069769	38.43	0.431	rgb(222,135,136)	1.7486	None
HOXB9	SH3GL1P1	-0.069259	38.42	-4.2E-01	rgb(126,161,233)	1.7484	2,2
RFX2	ASIC4	0.069259	38.42	0.419	rgb(222,137,138)	1.7484	None
RORC	SDK2	0.069259	38.42	0.419	rgb(222,137,138)	1.7484	None
FEV	G0S2	-0.068749	38.41	-4.1E-01	rgb(127,162,233)	1.7482	None
ONECUT1	KSR2	0.068749	38.41	0.407	rgb(221,139,140)	1.7482	None
PRDM16	GRHL3	-0.068749	38.41	-4.1E-01	rgb(127,162,233)	1.7482	None
RORC	CAMK2B	0.068749	38.41	0.405	rgb(221,140,140)	1.7482	None
TFCP2L1	BRSK2	-0.068749	38.41	-4.1E-01	rgb(128,163,233)	1.7482	None
ZFHX2	CACNA1A	0.068749	38.41	0.413	rgb(222,138,139)	1.7482	None
ZFHX2	SLC25A53	0.068749	38.41	0.413	rgb(222,138,139)	1.7482	None
LMX1A	FAM161A	0.068238	38.4	0.396	rgb(221,141,142)	1.748	None
RFX3	GPR142	0.068238	38.4	0.404	rgb(221,140,141)	1.748	None
RORC	DQ592230	-0.068238	38.4	-4.0E-01	rgb(130,164,232)	1.748	2,2
ZFHX2	DSCAML1	0.068238	38.4	0.401	rgb(221,140,141)	1.748	None
HOXB9	ID1	0.067728	38.39	0.39	rgb(221,143,143)	1.7478	None
LHX1	SERPINI1	-0.067728	38.39	-3.9E-01	rgb(132,165,232)	1.7478	None
EGR3	CRMP1	0.067218	38.38	0.377	rgb(221,145,146)	1.7476	None
NKX6-1	IGSF10	0.067218	38.38	0.376	rgb(221,145,146)	1.7476	None
PBX1	CAMKV	0.067218	38.38	0.382	rgb(221,144,145)	1.7476	None
RFX2	GRB14	-0.067218	38.38	-3.8E-01	rgb(134,167,232)	1.7476	None
RORC	KCNH6	0.067218	38.38	0.384	rgb(221,144,144)	1.7476	None
GATA4	DNAH11	0.066708	38.37	0.369	rgb(221,146,147)	1.7474	None
HES4	VN1R1	-0.066708	38.37	-3.7E-01	rgb(136,168,231)	1.7474	2,2
HSF2	CPA1	0.066708	38.37	0.372	rgb(221,146,147)	1.7474	None
HSF2	LRIG1	0.066708	38.37	0.368	rgb(221,147,148)	1.7474	None
LHX1	SLC35F3	-0.066708	38.37	-3.7E-01	rgb(137,168,231)	1.7474	None
MAFB	LINC00939	-0.066708	38.37	-3.7E-01	rgb(136,168,231)	1.7474	None
PROX1	AK310876	0.066708	38.37	0.372	rgb(221,146,147)	1.7474	2,2
SMAD9	ZFP62	-0.066708	38.37	-3.7E-01	rgb(137,168,231)	1.7474	None
EGR3	FOXA2	0.066198	38.36	0.36	rgb(221,148,149)	1.7472	None
NFAT5	AK123654	0.066198	38.36	0.361	rgb(221,148,149)	1.7472	2,2
SMAD9	EML1	0.066198	38.36	0.357	rgb(221,149,149)	1.7472	None
HOXB9	SYNM	0.065688	38.35	0.348	rgb(221,150,151)	1.747	None
MAFB	B3GAT1	0.065688	38.35	0.352	rgb(221,150,151)	1.747	None
MAFB	PGF	0.065688	38.35	0.347	rgb(221,151,151)	1.747	None
MAFB	RBFOX2	-0.065688	38.35	-3.5E-01	rgb(141,171,230)	1.747	None
NR4A3	EYA4	-0.065688	38.35	-3.5E-01	rgb(141,171,230)	1.747	None
RORC	UNC13A	-0.065688	38.35	-3.5E-01	rgb(142,171,230)	1.747	None
SOX4	LSAMP	-0.065688	38.35	-3.5E-01	rgb(141,171,230)	1.747	None
ZNF492	TENM2	0.065688	38.35	0.346	rgb(221,151,152)	1.747	None
ELF4	WDR17	-0.065178	38.34	-3.4E-01	rgb(142,171,230)	1.7468	None
FOXA1	TOX3	0.065178	38.34	0.338	rgb(221,152,153)	1.7468	None
GATA2	HIC1	0.065178	38.34	0.345	rgb(221,151,152)	1.7468	None
GATA4	SLC16A12	-0.065178	38.34	-3.4E-01	rgb(143,172,230)	1.7468	None
HOXB9	VOPP1	-0.065178	38.34	-3.4E-01	rgb(142,171,230)	1.7468	None
PDX1	LPPR3	0.065178	38.34	0.337	rgb(221,153,153)	1.7468	2,2
POU2F2	IGFN1	0.065178	38.34	0.34	rgb(221,152,153)	1.7468	None
RORC	ELF4	0.065178	38.34	0.336	rgb(221,153,153)	1.7468	None
TFCP2L1	AK5	-0.065178	38.34	-3.4E-01	rgb(143,172,230)	1.7468	None
TFCP2L1	LEFTY1	0.065178	38.34	0.338	rgb(221,152,153)	1.7468	None
NEUROD2	GPR142	0.064668	38.33	0.332	rgb(221,154,154)	1.7466	None
ZFP28	NR4A2	0.064668	38.33	0.328	rgb(221,154,155)	1.7466	None
ATF6	LOC727896	-0.064157	38.32	-3.2E-01	rgb(148,175,229)	1.7464	2,2
EGR3	WSCD1	-0.064157	38.32	-3.2E-01	rgb(147,174,229)	1.7464	None
HSF2	KCNAB2	0.064157	38.32	0.323	rgb(221,155,156)	1.7464	None
SOX4	REEP2	-0.064157	38.32	-3.2E-01	rgb(147,175,229)	1.7464	None
ZFP92	S100A1	-0.064157	38.32	-3.2E-01	rgb(147,174,229)	1.7464	None
ATF5	FW340027	-0.063647	38.31	-3.1E-01	rgb(151,177,229)	1.7462	2,2
EGR3	CRISP3	-0.063647	38.31	-3.1E-01	rgb(149,176,229)	1.7462	2,2
GATA4	FEV	0.063647	38.31	0.308	rgb(220,158,159)	1.7462	None
NR4A3	CYGB	0.063647	38.31	0.309	rgb(220,158,159)	1.7462	None
PRDM16	VCAN	0.063647	38.31	0.308	rgb(220,158,159)	1.7462	None
TFCP2L1	APBB1	-0.063647	38.31	-3.1E-01	rgb(149,176,229)	1.7462	None
TGIF2	POM121L9P	0.063647	38.31	0.312	rgb(220,157,158)	1.7462	None
ZNF846	UBE2Q2P2	0.063647	38.31	0.313	rgb(220,157,158)	1.7462	2,2
FOXA1	CXXC4	0.063137	38.3	0.303	rgb(220,159,160)	1.746	None
FOXA2	KCNF1	0.063137	38.3	0.301	rgb(220,160,160)	1.746	None
MYRF	PP7080	-0.063137	38.3	-3.0E-01	rgb(151,177,229)	1.746	2,2
NR4A3	DNER	0.063137	38.3	0.303	rgb(220,159,160)	1.746	None
PBX1	CBFA2T3	-0.063137	38.3	-3.0E-01	rgb(152,178,228)	1.746	None
PDX1	CBX7	0.063137	38.3	0.296	rgb(220,160,161)	1.746	None
ELF4	KANK2	0.062627	38.29	0.288	rgb(220,162,162)	1.7458	None
FEV	GRIK3	0.062627	38.29	0.289	rgb(220,162,162)	1.7458	2,2
GATA4	ITPR1	-0.062627	38.29	-2.9E-01	rgb(154,179,228)	1.7458	None
GATA6	PDZD4	-0.062627	38.29	-2.9E-01	rgb(154,179,228)	1.7458	None
MAFB	FAT3	0.062627	38.29	0.287	rgb(220,162,163)	1.7458	None
NR4A3	RAB40A	0.062627	38.29	0.292	rgb(220,161,162)	1.7458	2,2
RFX3	MMRN1	0.062627	38.29	0.294	rgb(220,161,161)	1.7458	None
SOX4	VCAN	0.062627	38.29	0.29	rgb(220,162,162)	1.7458	None
SPIB	FAM171A2	0.062627	38.29	0.287	rgb(220,162,163)	1.7458	None
HOXB9	LDB1	-0.062117	38.28	-2.8E-01	rgb(156,180,228)	1.7456	None
ELF4	CBX7	0.061607	38.27	0.269	rgb(220,166,166)	1.7454	None
ETV1	TTLL6	0.061607	38.27	0.265	rgb(220,166,167)	1.7454	None
HSF2	USP32P2	0.061607	38.27	0.271	rgb(220,165,166)	1.7454	None
ZFP82	SYP	0.061607	38.27	0.271	rgb(220,165,166)	1.7454	None
ASCL1	BRSK2	0.061097	38.26	0.26	rgb(220,167,168)	1.7452	None
EGR3	APBB2	0.061097	38.26	0.259	rgb(220,168,168)	1.7452	None
EGR3	SVOP	-0.061097	38.26	-2.6E-01	rgb(162,183,227)	1.7452	None
EGR3	TSPAN7	0.061097	38.26	0.258	rgb(220,168,168)	1.7452	None
LHX1	MMRN1	0.061097	38.26	0.261	rgb(220,167,168)	1.7452	None
MAFB	TPPP3	0.061097	38.26	0.257	rgb(220,168,168)	1.7452	None
NHLH1	AX746995	0.061097	38.26	0.259	rgb(220,167,168)	1.7452	2,2
SIM1	ERO1LB	0.061097	38.26	0.257	rgb(220,168,169)	1.7452	2,2
FOXA1	ANK2	-0.060587	38.25	-2.5E-01	rgb(162,184,227)	1.745	None
MAFB	TMPRSS6	0.060587	38.25	0.246	rgb(220,170,170)	1.745	None
TFCP2L1	MAP1A	0.060587	38.25	0.25	rgb(220,169,170)	1.745	None
LHX1	SERPINA10	-0.060076	38.24	-2.4E-01	rgb(164,185,226)	1.7448	None
PDX1	EVA1A	-0.060076	38.24	-2.4E-01	rgb(166,186,226)	1.7448	None
RFX2	ASRGL1	-0.060076	38.24	-2.4E-01	rgb(165,185,226)	1.7448	None
RORC	CAMK1G	-0.060076	38.24	-2.4E-01	rgb(164,185,226)	1.7448	None
ARNT2	QSOX2	0.059566	38.23	0.227	rgb(219,174,174)	1.7446	None
ASCL2	MYEF2	0.059566	38.23	0.235	rgb(220,172,173)	1.7446	None
FOXA1	AMBP	-0.059566	38.23	-2.3E-01	rgb(166,186,226)	1.7446	None
HOXB9	SPAG8	-0.059566	38.23	-2.3E-01	rgb(167,186,226)	1.7446	None
NR4A3	AK093555	0.059566	38.23	0.229	rgb(220,173,174)	1.7446	2,2
ST18	BAI1	0.059566	38.23	0.23	rgb(220,173,174)	1.7446	2,2
HMGN3	BC107568	0.059566	38.23	0.227	rgb(219,174,174)	1.7446	2,2
FEV	ATP1A3	0.059056	38.22	0.224	rgb(219,174,175)	1.7444	None
MAFA	TMPRSS6	0.059056	38.22	0.225	rgb(219,174,175)	1.7444	None
PROX1	TPPP3	-0.059056	38.22	-2.2E-01	rgb(169,188,225)	1.7444	None
TFCP2L1	F10	-0.059056	38.22	-2.2E-01	rgb(169,188,225)	1.7444	None
TGIF2	ATP1A3	0.059056	38.22	0.222	rgb(219,175,175)	1.7444	None
GATA4	CLCN4	-0.058546	38.21	-2.1E-01	rgb(172,189,225)	1.7442	None
GATA4	NPTX1	0.058546	38.21	0.206	rgb(219,178,178)	1.7442	None
LHX1	SHF	0.058546	38.21	0.209	rgb(219,177,177)	1.7442	None
AEBP1	TRAM1L1	0.058546	38.21	0.212	rgb(219,177,177)	1.7442	2,2
ETS1	MAPK7	0.058036	38.2	0.2	rgb(219,179,179)	1.744	None
LHX1	NHSL2	-0.058036	38.2	-2.0E-01	rgb(174,191,224)	1.744	None
HEYL	DTX3	0.057526	38.19	0.192	rgb(219,180,181)	1.7438	2,2
MAFB	KCNJ11	0.057526	38.19	0.195	rgb(219,180,180)	1.7438	None
RFX3	TCTEX1D4	0.057526	38.19	0.189	rgb(219,181,181)	1.7438	None
SPIB	TMEM59L	0.057526	38.19	0.186	rgb(219,182,182)	1.7438	2,2
ARX	SPOCK3	0.057016	38.18	0.18	rgb(219,183,183)	1.7436	None
GATA4	BASP1	0.057016	38.18	0.183	rgb(219,182,182)	1.7436	None
PDX1	UBL5	0.057016	38.18	0.184	rgb(219,182,182)	1.7436	None
FOXP2	GNG2	0.056506	38.17	0.168	rgb(219,185,185)	1.7434	None
HIF1A	LOC100188947	-0.056506	38.17	-1.7E-01	rgb(181,195,223)	1.7434	2,2
HOXB9	NPM2	-0.056506	38.17	-1.7E-01	rgb(181,195,223)	1.7434	None
LHX1	DLC1	-0.055995	38.16	-1.6E-01	rgb(182,196,223)	1.7432	None
LMX1A	CACNA1E	0.055995	38.16	0.156	rgb(219,187,188)	1.7432	None
LMX1A	KCNMA1	0.055995	38.16	0.158	rgb(219,187,187)	1.7432	None
SPIB	MLLT11	0.055995	38.16	0.164	rgb(219,186,186)	1.7432	None
TFCP2L1	ZNRF3-AS1	0.055995	38.16	0.159	rgb(219,187,187)	1.7432	None
GATA4	MPP2	-0.055485	38.15	-1.5E-01	rgb(184,197,223)	1.743	None
NR4A2	LIMCH1	0.055485	38.15	0.148	rgb(219,189,189)	1.743	None
ONECUT3	BC040358	0.055485	38.15	0.149	rgb(219,189,189)	1.743	2,2
ONECUT3	DTX1	0.055485	38.15	0.152	rgb(219,188,188)	1.743	None
RFX2	TTC7B	-0.055485	38.15	-1.5E-01	rgb(184,197,223)	1.743	None
SPIB	SLC18A1	0.055485	38.15	0.147	rgb(219,189,189)	1.743	None
ZFHX2	FAM171B	0.055485	38.15	0.154	rgb(219,188,188)	1.743	None
CBX2	AK095045	0.055485	38.15	0.15	rgb(219,188,189)	1.743	2,2
HSF2	USP13	-0.054975	38.14	-1.4E-01	rgb(187,199,222)	1.7428	None
TEAD2	FAM65C	-0.054975	38.14	-1.4E-01	rgb(186,198,222)	1.7428	2,2
GATA6	ZNF846	-0.054465	38.13	-1.3E-01	rgb(189,200,222)	1.7426	None
SMAD9	MS4A8	0.054465	38.13	0.135	rgb(218,191,192)	1.7426	None
TP73	MCF2L	0.054465	38.13	0.132	rgb(218,192,192)	1.7426	None
ZNF846	CPA1	-0.054465	38.13	-1.3E-01	rgb(189,200,222)	1.7426	None
EGR3	ACBD7	0.053955	38.12	0.119	rgb(218,194,195)	1.7424	None
HOXB9	TMEM61	0.053955	38.12	0.116	rgb(218,195,195)	1.7424	None
NEUROD2	EVA1A	0.053955	38.12	0.12	rgb(218,194,194)	1.7424	None
PDX1	GCG	-0.053955	38.12	-1.2E-01	rgb(191,201,222)	1.7424	None
PDX1	PAPPA2	-0.053955	38.12	-1.2E-01	rgb(190,201,222)	1.7424	None
SOX4	STARD9	0.053955	38.12	0.117	rgb(218,195,195)	1.7424	None
TEAD2	CCDC74A	-0.053955	38.12	-1.2E-01	rgb(190,201,222)	1.7424	None
FOXA2	SPINK4	-0.053445	38.11	-1.1E-01	rgb(194,203,221)	1.7422	None
FOXP2	AK093555	0.053445	38.11	0.107	rgb(218,196,197)	1.7422	2,2
LMX1A	BAALC	0.053445	38.11	0.111	rgb(218,196,196)	1.7422	None
MAFB	NRXN2	0.053445	38.11	0.113	rgb(218,195,196)	1.7422	None
MAFA	ZNF846	-0.052935	38.1	-1.0E-01	rgb(195,204,221)	1.742	None
MAFB	FUT7	-0.052935	38.1	-9.7E-02	rgb(196,204,221)	1.742	None
TGIF2	CORO2B	0.052935	38.1	0.102	rgb(218,197,198)	1.742	None
ZFP82	ST8SIA6-AS1	-0.052935	38.1	-1.0E-01	rgb(195,204,221)	1.742	None
ADNP	MFAP2	-0.052935	38.1	-1.0E-01	rgb(194,203,221)	1.742	2,2
EGR3	SERPINA10	-0.052425	38.09	-9.0E-02	rgb(197,205,220)	1.7418	None
NEUROD1	TMEM200A	0.052425	38.09	0.093	rgb(218,199,199)	1.7418	None
POU2F2	NOL4	0.052425	38.09	0.086	rgb(218,201,201)	1.7418	None
DZIP1	CFH	-0.052425	38.09	-9.4E-02	rgb(197,205,221)	1.7418	2,2
MAFA	MUC15	0.051915	38.08	0.08	rgb(218,202,202)	1.7416	None
SMAD9	LRAT	0.051915	38.08	0.079	rgb(218,202,202)	1.7416	None
TFCP2L1	HERC5	0.051915	38.08	0.081	rgb(218,202,202)	1.7416	None
ZNF492	IFIT1	-0.051915	38.08	-8.3E-02	rgb(199,206,220)	1.7416	None
ZFP62	BC122864	0.051915	38.08	0.08	rgb(218,202,202)	1.7416	2,2
GATA4	MPP1	0.051404	38.07	0.074	rgb(218,203,203)	1.7414	None
GATA6	RGS16	0.051404	38.07	0.066	rgb(218,204,205)	1.7414	None
MAFF	DDN	0.051404	38.07	0.069	rgb(218,204,204)	1.7414	None
ONECUT1	MYO3A	0.051404	38.07	0.074	rgb(218,203,203)	1.7414	None
RFX6	CDH22	0.051404	38.07	0.074	rgb(218,203,203)	1.7414	None
RFX6	JAKMIP2	-0.051404	38.07	-6.7E-02	rgb(203,208,220)	1.7414	None
HSF2	ZFP28	-0.050894	38.06	-5.7E-02	rgb(205,209,219)	1.7412	None
MAFF	JAZF1	0.050894	38.06	0.062	rgb(218,205,205)	1.7412	None
POU6F1	FAM64A	-0.050894	38.06	-6.2E-02	rgb(204,209,219)	1.7412	2,2
ASCL1	MIAT	0.050384	38.05	0.055	rgb(218,207,207)	1.741	None
RFX3	CBFA2T3	-0.050384	38.05	-5.0E-02	rgb(206,210,219)	1.741	None
ELF4	SSTR5-AS1	-0.049874	38.04	-3.7E-02	rgb(209,212,218)	1.7408	None
PAX6	FAM131B	0.049874	38.04	0.037	rgb(217,210,210)	1.7408	None
RFX2	CAND2	0.049874	38.04	0.043	rgb(217,209,209)	1.7408	None
ETV1	PROX1	0.049364	38.03	0.026	rgb(217,212,212)	1.7406	None
ARX	ZNF519	0.048854	38.02	0.018	rgb(217,213,214)	1.7404	None
MAFA	RPS3	-0.048854	38.02	-2.3E-02	rgb(212,214,218)	1.7404	None
MAFB	ACTL6B	0.048854	38.02	0.019	rgb(217,213,213)	1.7404	None
SPIB	CELF5	-0.048854	38.02	-1.7E-02	rgb(213,215,218)	1.7404	None
ARX	CALY	-0.048344	38.01	-9.6E-03	rgb(215,216,217)	1.7402	None
ELF4	CTPS1	0.048344	38.01	0.007	rgb(217,216,216)	1.7402	None
FEV	PDE8B	0.048344	38.01	0.006	rgb(217,216,216)	1.7402	None
LMX1A	COL14A1	-0.048344	38.01	-5.6E-03	rgb(216,216,217)	1.7402	None
PAX6	ZNF382	-0.048344	38.01	-1.1E-02	rgb(215,216,217)	1.7402	2,2
SPIB	SCN2A	0.048344	38.01	0.013	rgb(217,215,215)	1.7402	None
ZNF519	SHF	0.048344	38.01	0.014	rgb(217,214,214)	1.7402	None
POU6F1	CTTNBP2	-0.047834	38	-1.5E-03	rgb(217,217,217)	1.74	None
RFX6	SH3GL1P1	0.047834	38	0.002	rgb(217,217,217)	1.74	None
TGIF2	LRP4-AS1	0.047834	38	0.002	rgb(217,217,217)	1.74	None
LMX1B	ABCA9	0.047323	37.85	0.846	rgb(226, 55, 57)	1.737	None
ETS1	CADM2	0.046784	37.82	0.82	rgb(226, 60, 62)	1.7364	None
SMAD9	NDRG4	-0.046244	37.78	-7.8E-01	rgb( 47,114,247)	1.7356	None
GATA2	RAP1GAP2	0.045704	37.74	0.744	rgb(225, 75, 76)	1.7348	None
HSF2	VGF	-0.045704	37.74	-7.4E-01	rgb( 56,119,245)	1.7348	None
NEUROG3	BTBD11	0.045704	37.74	0.744	rgb(225, 75, 76)	1.7348	None
ONECUT2	CORO2B	-0.045164	37.71	-7.1E-01	rgb( 62,123,244)	1.7342	None
FOXA2	SNED1	-0.044624	37.69	-6.9E-01	rgb( 68,126,243)	1.7338	None
HIF1A	PCED1B-AS1	-0.044624	37.69	-6.9E-01	rgb( 68,126,243)	1.7338	None
FOXA1	AL117485	-0.044084	37.65	-6.5E-01	rgb( 76,131,242)	1.733	2,2
GATA6	FAM110B	0.044084	37.65	0.651	rgb(224, 93, 94)	1.733	None
ATF6	POU2F2	-0.043544	37.64	-6.4E-01	rgb( 78,132,241)	1.7328	None
ETS1	GPBAR1	-0.043544	37.64	-6.4E-01	rgb( 78,133,241)	1.7328	None
FEV	AL109792	0.043544	37.64	0.644	rgb(224, 94, 95)	1.7328	2,2
SOX4	BTBD11	-0.043544	37.64	-6.4E-01	rgb( 79,133,241)	1.7328	None
GATA2	CTTNBP2	-0.043004	37.63	-6.3E-01	rgb( 80,134,241)	1.7326	None
NR4A2	ZNRF3-AS1	0.043004	37.63	0.629	rgb(224, 97, 98)	1.7326	None
PRDM16	MAP6	-0.043004	37.63	-6.3E-01	rgb( 80,134,241)	1.7326	None
SPIB	AMPD3	0.042464	37.61	0.61	rgb(224,100,102)	1.7322	None
ZNF846	EIF4EBP3	0.041925	37.6	0.596	rgb(224,103,104)	1.732	None
RFX2	CBX2	-0.041385	37.59	-5.9E-01	rgb( 89,139,239)	1.7318	None
HIF1A	SLC7A4	-0.040845	37.58	-5.8E-01	rgb( 90,140,239)	1.7316	2,2
HOMEZ	GOLGA6L9	-0.040845	37.58	-5.8E-01	rgb( 91,141,239)	1.7316	2,2
ZNF492	CRISPLD2	-0.040845	37.58	-5.8E-01	rgb( 92,141,239)	1.7316	None
NR4A2	MRPL34	0.040305	37.57	0.567	rgb(223,109,110)	1.7314	None
ONECUT3	AKR1B1	0.040305	37.57	0.565	rgb(223,109,110)	1.7314	None
ZFHX2	FAM135B	0.040305	37.57	0.566	rgb(223,109,110)	1.7314	None
ETS1	MAST1	-0.039765	37.56	-5.6E-01	rgb( 95,143,238)	1.7312	None
MAFB	RPS16P5	-0.039765	37.56	-5.6E-01	rgb( 96,143,238)	1.7312	2,2
MXI1	TPPP3	-0.039765	37.56	-5.6E-01	rgb( 95,143,238)	1.7312	None
NR4A2	ARHGAP22	-0.039765	37.56	-5.6E-01	rgb( 95,143,238)	1.7312	None
POU2F2	ABLIM2	-0.039765	37.56	-5.6E-01	rgb( 96,144,238)	1.7312	None
FOXA1	AX746640	-0.039225	37.55	-5.5E-01	rgb( 97,144,238)	1.731	2,2
NR4A3	PPP1R14A	-0.039225	37.55	-5.5E-01	rgb( 97,144,238)	1.731	None
POU2F2	CNTD2	0.039225	37.55	0.547	rgb(223,112,114)	1.731	None
RORC	LZTS1	0.039225	37.55	0.547	rgb(223,113,114)	1.731	None
SMAD9	SSTR1	0.039225	37.55	0.553	rgb(223,111,112)	1.731	None
EGR3	LINGO1	-0.038685	37.54	-5.4E-01	rgb(100,146,237)	1.7308	None
ONECUT3	MTSS1	-0.038145	37.53	-5.3E-01	rgb(103,148,237)	1.7306	None
ZFP62	H2AFB3	-0.038145	37.53	-5.3E-01	rgb(103,148,237)	1.7306	2,2
PAX6	INA	0.037606	37.52	0.517	rgb(223,118,119)	1.7304	2,2
NR4A2	AMBP	-0.037066	37.51	-5.1E-01	rgb(107,150,236)	1.7302	None
TEAD2	RNF157	0.037066	37.51	0.507	rgb(223,120,121)	1.7302	None
ZFHX2	HMGB3	0.036526	37.5	0.497	rgb(222,122,123)	1.73	None
GATA2	BAMBI	0.035986	37.49	0.489	rgb(222,124,125)	1.7298	None
MAFB	SULT2A1	0.035986	37.49	0.49	rgb(222,123,124)	1.7298	None
ONECUT3	C7	0.035986	37.49	0.486	rgb(222,124,125)	1.7298	None
TFCP2L1	NOXO1	-0.035986	37.49	-4.9E-01	rgb(110,152,236)	1.7298	None
ZNF492	SMARCC1	-0.035986	37.49	-4.9E-01	rgb(110,152,236)	1.7298	None
AEBP1	AK127697	-0.035986	37.49	-4.9E-01	rgb(112,153,235)	1.7298	2,2
FOXA1	UCP2	0.035446	37.48	0.481	rgb(222,125,126)	1.7296	None
FOXA2	KCNJ2	-0.035446	37.48	-4.8E-01	rgb(113,154,235)	1.7296	None
NFAT5	PRICKLE2	0.035446	37.48	0.48	rgb(222,125,126)	1.7296	None
POU2F2	MAPK10	0.035446	37.48	0.479	rgb(222,126,126)	1.7296	None
SMAD9	ITGA7	-0.035446	37.48	-4.8E-01	rgb(112,153,235)	1.7296	None
ZNF382	AK056486	0.035446	37.48	0.483	rgb(222,125,126)	1.7296	2,2
GATA4	FGF2	-0.034906	37.47	-4.7E-01	rgb(115,155,235)	1.7294	None
ZNF846	AK130076	0.034906	37.47	0.468	rgb(222,128,129)	1.7294	2,2
GATA2	MIR137HG	0.034366	37.46	0.458	rgb(222,130,130)	1.7292	None
NHLH1	SIDT1	0.034366	37.46	0.46	rgb(222,129,130)	1.7292	None
ONECUT1	AX747090	0.034366	37.46	0.462	rgb(222,129,130)	1.7292	2,2
ONECUT3	STX1A	-0.034366	37.46	-4.6E-01	rgb(117,156,235)	1.7292	None
SMAD9	SLC14A2	-0.034366	37.46	-4.6E-01	rgb(117,156,235)	1.7292	None
KCNIP3	H2AFB3	0.034366	37.46	0.461	rgb(222,129,130)	1.7292	2,2
ETV1	MLN	0.033826	37.45	0.448	rgb(222,131,132)	1.729	None
FOXA2	SLC38A3	0.033826	37.45	0.454	rgb(222,130,131)	1.729	None
HSF2	TSSK4	0.033826	37.45	0.45	rgb(222,131,132)	1.729	None
TGIF2	CCL20	-0.033826	37.45	-4.5E-01	rgb(120,158,234)	1.729	None
ELF4	B3GAT1	0.033287	37.44	0.437	rgb(222,134,134)	1.7288	None
POU6F1	EPHB3	-0.033287	37.44	-4.4E-01	rgb(122,159,234)	1.7288	None
TP73	RPS6KL1	0.033287	37.44	0.438	rgb(222,133,134)	1.7288	None
ATF5	CRISP3	-0.032747	37.43	-4.3E-01	rgb(125,161,233)	1.7286	2,2
RORC	RAP1GAP2	0.032747	37.43	0.434	rgb(222,134,135)	1.7286	None
RORC	ZNF492	-0.032747	37.43	-4.3E-01	rgb(124,160,233)	1.7286	2,2
AEBP1	LOC389332	0.032747	37.43	0.433	rgb(222,134,135)	1.7286	2,2
MAFB	BEX2	-0.032207	37.42	-4.2E-01	rgb(126,162,233)	1.7284	None
NR4A3	SCG3	0.032207	37.42	0.424	rgb(222,136,137)	1.7284	None
ONECUT3	KLK12	-0.032207	37.42	-4.2E-01	rgb(126,161,233)	1.7284	None
TEAD1	SLC7A2	0.032207	37.42	0.423	rgb(222,136,137)	1.7284	None
ZFHX2	SLC51B	-0.032207	37.42	-4.2E-01	rgb(126,162,233)	1.7284	None
ZNF492	NR4A2	-0.032207	37.42	-4.2E-01	rgb(126,161,233)	1.7284	None
ZNF519	HMGN3	0.032207	37.42	0.423	rgb(222,136,137)	1.7284	None
EGR3	NOXO1	0.031667	37.41	0.409	rgb(222,139,140)	1.7282	None
FOXA2	ZFP28	0.031667	37.41	0.413	rgb(222,138,139)	1.7282	None
GATA6	LINC00310	0.031667	37.41	0.415	rgb(222,138,139)	1.7282	None
HOXB9	AX747850	-0.031667	37.41	-4.1E-01	rgb(129,164,232)	1.7282	2,2
NHLH1	SYNM	0.031667	37.41	0.411	rgb(222,138,139)	1.7282	None
SPIB	PCDH17	0.031667	37.41	0.414	rgb(222,138,139)	1.7282	2,2
TFCP2L1	GNG4	-0.031667	37.41	-4.1E-01	rgb(127,162,233)	1.7282	None
ZNF846	SLC38A5	0.031667	37.41	0.412	rgb(222,138,139)	1.7282	None
ATF5	NREP	0.031127	37.4	0.401	rgb(221,140,141)	1.728	None
ETS1	ATP13A4	-0.031127	37.4	-4.0E-01	rgb(130,164,232)	1.728	None
ETS1	CRMP1	-0.031127	37.4	-4.0E-01	rgb(129,164,232)	1.728	None
FOXA2	DOCK8	0.031127	37.4	0.397	rgb(221,141,142)	1.728	None
FOXP2	NAIP	0.031127	37.4	0.398	rgb(221,141,142)	1.728	2,2
HSF2	ITGBL1	-0.031127	37.4	-4.0E-01	rgb(129,164,232)	1.728	None
LMX1A	VSTM4	0.031127	37.4	0.404	rgb(221,140,141)	1.728	None
PRDM16	KCNH2	0.031127	37.4	0.403	rgb(221,140,141)	1.728	None
RORC	KCNH8	-0.031127	37.4	-4.0E-01	rgb(129,164,232)	1.728	None
SMAD9	KCNMB2	0.031127	37.4	0.397	rgb(221,141,142)	1.728	None
TFCP2L1	DSCAML1	-0.031127	37.4	-4.0E-01	rgb(129,164,232)	1.728	None
TGIF2	RRAGD	0.031127	37.4	0.404	rgb(221,140,141)	1.728	None
ASCL2	CHRNA3	0.030587	37.39	0.392	rgb(221,142,143)	1.7278	2,2
PDX1	RGS16	-0.030587	37.39	-3.9E-01	rgb(132,165,232)	1.7278	None
TGIF2	MPP1	-0.030587	37.39	-3.9E-01	rgb(132,166,232)	1.7278	None
ELF4	SFRP1	-0.030047	37.38	-3.8E-01	rgb(135,167,231)	1.7276	None
ETS1	MEP1B	0.030047	37.38	0.383	rgb(221,144,145)	1.7276	None
MAFA	SDK2	0.030047	37.38	0.379	rgb(221,145,145)	1.7276	None
ONECUT1	LOC283335	0.030047	37.38	0.375	rgb(221,145,146)	1.7276	2,2
RORC	NKD1	0.030047	37.38	0.379	rgb(221,145,145)	1.7276	None
SMAD9	DENND2A	0.030047	37.38	0.377	rgb(221,145,146)	1.7276	None
EGR3	ST8SIA5	-0.029507	37.37	-3.7E-01	rgb(137,168,231)	1.7274	None
HOXB9	ANKRD20A8P	-0.029507	37.37	-3.7E-01	rgb(137,168,231)	1.7274	2,2
MAFB	AGAP11	-0.029507	37.37	-3.7E-01	rgb(136,168,231)	1.7274	None
NEUROD2	STARD9	0.029507	37.37	0.371	rgb(221,146,147)	1.7274	None
TEAD1	LINGO1	-0.029507	37.37	-3.7E-01	rgb(137,168,231)	1.7274	None
HOMEZ	AX747853	-0.028968	37.36	-3.6E-01	rgb(138,169,231)	1.7272	2,2
HSF2	FTCD	0.028968	37.36	0.36	rgb(221,148,149)	1.7272	None
NKX2-2	PCBP4	0.028968	37.36	0.358	rgb(221,149,149)	1.7272	None
ZFHX2	SULT2A1	-0.028968	37.36	-3.6E-01	rgb(138,169,231)	1.7272	None
SIM1	GRAMD2	0.028968	37.36	0.356	rgb(221,149,150)	1.7272	2,2
HIC1	SERPINI1	0.028428	37.35	0.352	rgb(221,150,150)	1.727	None
SPIB	PTGDR2	0.028428	37.35	0.347	rgb(221,151,151)	1.727	None
ELF4	PDGFD	-0.027888	37.34	-3.4E-01	rgb(143,172,230)	1.7268	None
FOXA1	CTTNBP2	0.027888	37.34	0.339	rgb(221,152,153)	1.7268	None
LHX1	CNTD2	-0.027888	37.34	-3.4E-01	rgb(144,173,230)	1.7268	None
MAFA	MBOAT4	-0.027888	37.34	-3.4E-01	rgb(144,173,230)	1.7268	None
NHLH1	BIVM-ERCC5	-0.027888	37.34	-3.4E-01	rgb(143,172,230)	1.7268	None
NKX2-2	SH3RF3	0.027888	37.34	0.338	rgb(221,152,153)	1.7268	None
ONECUT3	KIRREL3	-0.027888	37.34	-3.4E-01	rgb(143,172,230)	1.7268	None
PDX1	SMAD9	0.027888	37.34	0.335	rgb(221,153,154)	1.7268	None
POU2F2	FRZB	0.027888	37.34	0.341	rgb(221,152,153)	1.7268	2,2
RFX2	PRRT3	0.027888	37.34	0.34	rgb(221,152,153)	1.7268	None
TEAD2	DYNC1I1	0.027888	37.34	0.34	rgb(221,152,153)	1.7268	None
ZNF846	ANKRD20A8P	0.027888	37.34	0.338	rgb(221,153,153)	1.7268	2,2
ETV1	LONRF2	0.027348	37.33	0.331	rgb(221,154,154)	1.7266	None
ETV1	MUC16	-0.027348	37.33	-3.3E-01	rgb(146,174,229)	1.7266	None
NR4A2	REEP2	0.027348	37.33	0.331	rgb(221,154,154)	1.7266	None
RORC	ZNRF3-AS1	-0.027348	37.33	-3.3E-01	rgb(146,174,229)	1.7266	None
FOXA1	CACNA2D1	0.026808	37.32	0.317	rgb(220,156,157)	1.7264	None
GATA6	ADAMTS2	-0.026808	37.32	-3.2E-01	rgb(148,175,229)	1.7264	2,2
HSF2	TP73	-0.026808	37.32	-3.2E-01	rgb(148,175,229)	1.7264	None
ONECUT1	ELFN1	0.026808	37.32	0.32	rgb(221,156,156)	1.7264	None
RORC	FSTL5	0.026808	37.32	0.324	rgb(221,155,156)	1.7264	None
LHX1	CDH5	0.026268	37.31	0.31	rgb(220,158,158)	1.7262	None
LHX1	CITED2	0.026268	37.31	0.307	rgb(220,158,159)	1.7262	None
LHX1	ZFP92	0.026268	37.31	0.311	rgb(220,158,158)	1.7262	2,2
MAFA	ACSL6	0.026268	37.31	0.305	rgb(220,159,159)	1.7262	None
RORC	SPON2	0.026268	37.31	0.311	rgb(220,158,158)	1.7262	None
SOX4	SYNGR3	0.026268	37.31	0.314	rgb(220,157,158)	1.7262	None
HSF2	KDM1A	0.025728	37.3	0.303	rgb(220,159,160)	1.726	None
MAFB	NR4A2	0.025728	37.3	0.297	rgb(220,160,161)	1.726	None
RFX3	ZNF117	0.025728	37.3	0.3	rgb(220,160,160)	1.726	None
TGIF2	CHST8	-0.025728	37.3	-3.0E-01	rgb(152,177,228)	1.726	None
CXXC4	KIAA1456	0.025188	37.29	0.295	rgb(220,161,161)	1.7258	2,2
NEUROG3	GATA4	-0.025188	37.29	-2.9E-01	rgb(154,179,228)	1.7258	None
RORC	PTCH1	0.025188	37.29	0.292	rgb(220,161,162)	1.7258	None
EGR3	AK056081	0.024648	37.28	0.283	rgb(220,163,164)	1.7256	2,2
HSF2	ENPP2	-0.024648	37.28	-2.8E-01	rgb(155,180,228)	1.7256	None
HSF2	PPP1R14A	-0.024648	37.28	-2.8E-01	rgb(156,180,228)	1.7256	None
ONECUT1	BC127823	-0.024648	37.28	-2.8E-01	rgb(157,180,228)	1.7256	2,2
RORC	ADD2	0.024648	37.28	0.277	rgb(220,164,165)	1.7256	None
RORC	ITGBL1	-0.024648	37.28	-2.8E-01	rgb(156,180,228)	1.7256	None
TGIF2	LONRF2	0.024648	37.28	0.277	rgb(220,164,165)	1.7256	None
ASCL1	EFCC1	0.024109	37.27	0.269	rgb(220,166,166)	1.7254	None
GATA4	PYY	-0.024109	37.27	-2.7E-01	rgb(158,181,227)	1.7254	None
HIF1A	AEBP1	0.024109	37.27	0.269	rgb(220,166,166)	1.7254	None
HOXB9	PEX5L	-0.024109	37.27	-2.7E-01	rgb(159,182,227)	1.7254	None
MAFB	ADD2	0.024109	37.27	0.267	rgb(220,166,167)	1.7254	None
SOX4	ID1	0.024109	37.27	0.272	rgb(220,165,166)	1.7254	None
TFCP2L1	RAB26	-0.024109	37.27	-2.7E-01	rgb(159,182,227)	1.7254	None
ZFHX2	SPINK4	-0.024109	37.27	-2.7E-01	rgb(158,181,227)	1.7254	None
ASCL2	SYT5	0.023569	37.26	0.262	rgb(220,167,168)	1.7252	None
FEV	RGS14	0.023569	37.26	0.26	rgb(220,167,168)	1.7252	None
SOX4	TTLL6	-0.023569	37.26	-2.6E-01	rgb(162,183,227)	1.7252	None
ZFP28	RAPGEF4	0.023569	37.26	0.257	rgb(220,168,168)	1.7252	None
ZNF382	PLEKHB1	-0.023569	37.26	-2.6E-01	rgb(160,182,227)	1.7252	None
NKX6-1	CCK	0.023029	37.25	0.247	rgb(220,170,170)	1.725	None
NKX6-1	FAM57B	0.023029	37.25	0.253	rgb(220,169,169)	1.725	2,2
SMAD9	TTLL7	0.023029	37.25	0.25	rgb(220,169,170)	1.725	None
SOX4	KCNH3	-0.023029	37.25	-2.5E-01	rgb(163,184,226)	1.725	None
SOX4	KCNK3	0.023029	37.25	0.245	rgb(220,170,171)	1.725	None
ETS1	CRY2	0.022489	37.24	0.244	rgb(220,170,171)	1.7248	None
GATA6	JPH4	-0.022489	37.24	-2.4E-01	rgb(166,186,226)	1.7248	None
HSF2	IMPG1	-0.022489	37.24	-2.4E-01	rgb(164,185,226)	1.7248	None
HSF2	KIAA1324	0.022489	37.24	0.236	rgb(220,172,172)	1.7248	None
NR4A2	MAPK4	-0.022489	37.24	-2.4E-01	rgb(165,185,226)	1.7248	None
ELF4	EID2	-0.021949	37.23	-2.3E-01	rgb(166,186,226)	1.7246	None
FOXA2	FCRL6	-0.021949	37.23	-2.3E-01	rgb(167,186,226)	1.7246	None
NR4A3	ADD2	0.021949	37.23	0.228	rgb(220,173,174)	1.7246	None
POU2F2	KDM1A	-0.021949	37.23	-2.3E-01	rgb(166,186,226)	1.7246	None
ARX	KCNJ3	0.021409	37.22	0.221	rgb(219,175,175)	1.7244	None
FOXP2	JPH4	0.021409	37.22	0.221	rgb(219,175,175)	1.7244	None
FOXP2	STMN2	0.021409	37.22	0.222	rgb(219,175,175)	1.7244	None
HOXB9	BCRP3	-0.021409	37.22	-2.2E-01	rgb(169,188,225)	1.7244	None
LHX1	ZNF846	-0.021409	37.22	-2.2E-01	rgb(169,188,225)	1.7244	None
MAFB	ASIC5	0.021409	37.22	0.225	rgb(219,174,175)	1.7244	2,2
ZFHX2	NKTR	0.021409	37.22	0.224	rgb(219,174,175)	1.7244	None
ZFP62	LOC100130000	0.021409	37.22	0.223	rgb(219,174,175)	1.7244	2,2
ETS1	CELF5	-0.020869	37.21	-2.1E-01	rgb(171,189,225)	1.7242	None
MAFB	KCNK16	0.020869	37.21	0.213	rgb(219,176,177)	1.7242	None
NHLH1	CAMK2N2	0.020869	37.21	0.21	rgb(219,177,177)	1.7242	None
NR4A3	MIR137HG	0.020869	37.21	0.214	rgb(219,176,177)	1.7242	None
RFX2	BAI2	0.020869	37.21	0.212	rgb(219,176,177)	1.7242	2,2
GATA6	FEV	-0.020329	37.2	-2.0E-01	rgb(173,190,225)	1.724	None
MAFB	TSPAN11	0.020329	37.2	0.198	rgb(219,179,180)	1.724	None
MAFA	ATF5	-0.01979	37.19	-1.9E-01	rgb(175,191,224)	1.7238	None
MAFB	SSTR5	0.01979	37.19	0.191	rgb(219,181,181)	1.7238	None
MYRF	RPS14P3	-0.01979	37.19	-1.9E-01	rgb(175,191,224)	1.7238	2,2
PBX1	HCP5	0.01979	37.19	0.195	rgb(219,180,180)	1.7238	None
RORC	APBB2	-0.01979	37.19	-1.9E-01	rgb(175,192,224)	1.7238	None
ZNF519	SERTAD1	0.01979	37.19	0.187	rgb(219,181,182)	1.7238	None
HES4	AK094909	-0.01925	37.18	-1.8E-01	rgb(179,194,224)	1.7236	2,2
HOXB9	FFAR2	0.01925	37.18	0.183	rgb(219,182,182)	1.7236	None
MAFB	GPR83	0.01925	37.18	0.177	rgb(219,183,183)	1.7236	2,2
NHLH1	RBP2	0.01925	37.18	0.179	rgb(219,183,183)	1.7236	None
NR4A2	MCOLN3	0.01925	37.18	0.184	rgb(219,182,182)	1.7236	None
NR4A3	GRASP	0.01925	37.18	0.182	rgb(219,182,183)	1.7236	None
RORC	B3GAT1	0.01925	37.18	0.177	rgb(219,183,184)	1.7236	None
ZNF846	SUSD2	-0.01925	37.18	-1.8E-01	rgb(178,193,224)	1.7236	None
HOXB9	CIB4	0.01871	37.17	0.171	rgb(219,184,185)	1.7234	None
MAFF	TTLL6	-0.01871	37.17	-1.7E-01	rgb(180,195,223)	1.7234	None
POU2F2	HMGB3	0.01871	37.17	0.174	rgb(219,184,184)	1.7234	None
TGIF2	RPLP0P2	-0.01871	37.17	-1.7E-01	rgb(179,194,224)	1.7234	None
GATA4	MIR503HG	-0.01817	37.16	-1.6E-01	rgb(183,196,223)	1.7232	None
HSF2	STARD8	-0.01817	37.16	-1.6E-01	rgb(181,195,223)	1.7232	None
PAX6	EFCC1	0.01817	37.16	0.155	rgb(219,187,188)	1.7232	None
FEV	MAPK12	0.01763	37.15	0.153	rgb(219,188,188)	1.723	None
TGIF2	ELAVL3	-0.01763	37.15	-1.5E-01	rgb(184,197,223)	1.723	None
NR4A2	MAGEA5	0.01709	37.14	0.144	rgb(219,190,190)	1.7228	2,2
SOX4	PAPPA2	-0.01709	37.14	-1.4E-01	rgb(187,199,222)	1.7228	None
SPIB	DSCAML1	0.01709	37.14	0.138	rgb(219,191,191)	1.7228	None
DZIP1	AK126318	0.01709	37.14	0.14	rgb(219,190,190)	1.7228	2,2
ARX	ST8SIA3	0.01655	37.13	0.126	rgb(218,193,193)	1.7226	None
NR4A2	SV2A	-0.01655	37.13	-1.3E-01	rgb(189,200,222)	1.7226	None
SPIB	KCNJ2	0.01655	37.13	0.132	rgb(218,192,192)	1.7226	None
ARX	PCSK2	0.01601	37.12	0.125	rgb(218,193,193)	1.7224	None
EGR3	SLC12A5	-0.01601	37.12	-1.2E-01	rgb(191,201,222)	1.7224	None
MAFA	STARD8	-0.01601	37.12	-1.2E-01	rgb(192,202,221)	1.7224	None
MXI1	GYLTL1B	-0.01601	37.12	-1.2E-01	rgb(192,202,221)	1.7224	2,2
ETS1	SYN1	-0.015471	37.1	-1.0E-01	rgb(195,204,221)	1.722	None
GATA2	SCG3	0.015471	37.1	0.095	rgb(218,199,199)	1.722	None
NR4A3	KIAA1456	0.015471	37.1	0.095	rgb(218,199,199)	1.722	2,2
PAX6	JPH4	0.015471	37.1	0.102	rgb(218,198,198)	1.722	None
TP73	KCNAB2	0.014931	37.09	0.092	rgb(218,199,200)	1.7218	None
ETV1	SPIB	-0.014391	37.08	-8.2E-02	rgb(199,206,220)	1.7216	None
NEUROD2	GLT8D2	-0.014391	37.08	-8.4E-02	rgb(199,206,220)	1.7216	None
ONECUT1	CACNA1C	0.014391	37.08	0.078	rgb(218,202,202)	1.7216	None
SMAD9	ATP8B2	0.014391	37.08	0.084	rgb(218,201,201)	1.7216	None
SOX4	RRAGD	-0.014391	37.08	-7.9E-02	rgb(200,207,220)	1.7216	None
ARX	PSD	0.013851	37.07	0.073	rgb(218,203,203)	1.7214	None
EGR3	MAPK7	0.013851	37.07	0.072	rgb(218,203,203)	1.7214	None
SOX4	TPPP3	-0.013851	37.07	-7.1E-02	rgb(202,208,220)	1.7214	None
SPIB	IFIT1	0.013851	37.07	0.067	rgb(218,204,204)	1.7214	None
EGR3	SPAG8	-0.013311	37.06	-6.3E-02	rgb(203,209,219)	1.7212	None
MAFA	CCL19	-0.013311	37.06	-6.3E-02	rgb(203,209,219)	1.7212	None
RORC	F10	-0.013311	37.06	-6.2E-02	rgb(204,209,219)	1.7212	None
PAX6	DPP10	0.012771	37.05	0.046	rgb(218,208,208)	1.721	None
TGIF2	HOMEZ	-0.012771	37.05	-5.1E-02	rgb(206,210,219)	1.721	None
TEAD1	FAXC	0.012231	37.04	0.036	rgb(217,210,210)	1.7208	None
ATF6	BCL2	0.011691	37.03	0.026	rgb(217,212,212)	1.7206	None
ETV1	KCNH2	-0.011691	37.03	-3.4E-02	rgb(210,213,218)	1.7206	None
FOXA2	CELA3A	0.011691	37.03	0.032	rgb(217,211,211)	1.7206	None
FOXP2	TRPM2	-0.011691	37.03	-2.9E-02	rgb(211,213,218)	1.7206	None
TEAD2	GRAP2	-0.011691	37.03	-3.2E-02	rgb(210,213,218)	1.7206	None
FOXA1	TMEM132C	-0.011152	37.02	-1.8E-02	rgb(213,215,218)	1.7204	None
GATA2	CALY	0.011152	37.02	0.023	rgb(217,213,213)	1.7204	None
GATA4	SDK1	-0.011152	37.02	-2.3E-02	rgb(212,214,218)	1.7204	None
ZNF846	GRIN1	-0.011152	37.02	-2.0E-02	rgb(213,214,218)	1.7204	None
MAFB	CRYBA2	-0.010612	37.01	-1.4E-02	rgb(214,215,218)	1.7202	None
