{"FLVCR2": [29.723380415834185, 436.41842945465015], "SYNPO": [41.52770657084682, 299.8064929412013], "NRCAM": [397.3752241767887, 447.8159579685073], "EPB41L4B": [874.6180143826261, 649.4412699499084], "SCG2": [103.33175476416613, 330.8212771452253], "CD36": [412.7063634353014, 308.9879935144719], "RAPGEF4": [326.90422059740985, 452.47362814562496], "B2M": [965.1169801475864, 635.2450620379932], "INSRR": [330.8285908691779, 358.68481643725454], "ATP2C2": [403.9208893750006, 343.00359768595763], "TMOD1": [304.1252286919432, 454.62372282441936], "ZNF702P": [17.47823751063777, 389.6477225365118], "CR627206": [432.4921026774653, 385.3690577773449], "ADAMTS5": [344.18232691713246, 421.37458012715456], "BCRP3": [973.8421550813124, 647.0516778409617], "LINGO3": [939.0241252537082, 703.1667837798918], "NTNG2": [359.38210485967534, 453.588929036717], "NALCN": [842.0240791938133, 665.6204034102167], "FSTL4": [348.25696149198876, 304.0556854409126], "CCSER1": [397.34438130595083, 302.9436026510455], "ADRA2B": [959.2764756972156, 565.9123226863028], "PTGER3": [923.3070353996418, 543.8359598195098], "DLGAP3": [372.52945288422933, 358.1553906112947], "TPPP3": [1000.0, 615.6544899204268], "DCX": [71.93890263853746, 449.8235052222082], "ARHGAP24": [981.5401451232838, 604.1434148919908], "EDN3": [867.3986299665694, 548.6539369361906], "LRRC73": [44.65709918189293, 402.7823031959382], "WDR66": [235.9461117622963, 388.94710335490487], "PRX": [913.4758589518469, 530.5584939293921], "GRIN2D": [911.1724354803818, 690.2006462014142], "SLITRK6": [27.58295087713725, 347.38885281627427], "FAM19A3": [42.56110877915569, 444.5735677891969], "SCG3": [85.90961096728836, 322.3606221850253], "CTSE": [878.0230372881945, 607.1376693987029], "LEFTY1": [953.9595744567123, 696.8403152098763], "NEGR1": [851.9594141227456, 654.7584182593605], "HTR7": [949.8982063163182, 680.3734584208083], "MEG3": [430.48015292360736, 340.95413246878604], "OCA2": [835.5184966386852, 629.5255171949034], "SULT1E1": [991.6134733699748, 656.402349694469], "NEAT1": [460.9646787319327, 409.41149448738145], "TSPAN8": [999.7809979907083, 602.2743118007052], "SLC15A1": [62.31654158752201, 326.4793699006732], "MUC13": [849.6893042874036, 677.8854783469396], "DKFZp586G0322": [666.7090422393514, 513.1471672356164], "NKX6-1": [70.45138496664777, 396.92680018249615], "AK097288": [441.8826277265209, 403.3092378082672], "CXCL6": [854.0659944271276, 612.2836845980261], "ROBO2": [353.91200437773614, 473.0129220968403], "TFPI2": [999.2854659232745, 629.3393005135384], "DQ575504": [787.8481796853641, 551.3215761374483], "CYP26A1": [845.9215194881942, 593.1111658455998], "GOLGA8A": [322.3430959636795, 322.98182564201613], "NTS": [341.0236378090209, 448.40455129464715], "SLC30A8": [388.96999127407264, 489.3668639253659], "ENOX1": [871.6899749413869, 627.5188006225325], "IGF2": [962.850617080061, 674.3090007998806], "HCN2": [937.7110549639635, 686.7066436491594], "IL10RA": [315.1729975048979, 359.12191696818206], "ELAVL2": [904.8606096678287, 553.2693069305984], "GRIA2": [-1.1368683772161603e-13, 382.94479571817715], "GABRG2": [10.173030476374493, 412.86829846761515], "RASSF4": [338.0536942069706, 467.36987005918087], "SOD3": [327.83570875381093, 479.6345243373559], "GMNN": [333.73686932487556, 312.9501988364863], "TTC6": [994.3700772977827, 590.4342519781735], "CNTN5": [86.87745062636878, 445.70698071873124], "CHL1": [99.67239349333852, 434.79377182901], "EDNRB": [886.4959103112067, 539.7688806364511], "PNMA2": [317.01668686562914, 378.61984500143706], "ARNTL": [981.6640509851984, 619.7778354731829], "ADAMTSL1": [371.87578910735033, 428.6738881801117], "CCNE2": [956.1663474884738, 603.8041995571645], "PLAC8": [779.3726913808679, 565.8734637739062], "PAMR1": [821.8997530849388, 607.7623742631871], "PCDHB6": [300.04524771671583, 409.74337791896676], "IGSF10": [0.8356566004281376, 365.19054552749117], "PALMD": [306.069844262789, 427.43618320101234], "RUNX1": [370.3163589763427, 474.66320585381453], "PIK3AP1": [301.9600389408566, 391.40320510507104], "PPP1R14C": [332.4307832273387, 385.34580160541816], "DSEL": [387.93478824575044, 324.46906453433144], "DCHS2": [399.68094720234376, 375.8870613437748], "GFOD1": [4.11610912617175, 398.6325213628816], "PALM2": [74.61591301402296, 337.1219222336174], "HOXB3": [313.58268704777936, 333.9495235384005], "PRICKLE2-AS1": [331.39364793906725, 405.3699914229119], "KCNK10": [341.635676062834, 328.07869333906376], "LMX1B": [38.43969727433, 388.32094591794817], "RHOJ": [101.63911003563499, 304.0691872180476], "SAMD15": [418.7081437152548, 456.4309138130962], "GOLGA6C": [899.3951752948419, 683.9422050127265], "MMD2": [461.63148972906635, 373.69988233494024], "PPP1R3C": [862.2549146340752, 569.4147408090507], "WNT1": [986.3879710094747, 565.0211086931009], "DCDC2": [415.64767907144557, 384.6852907971805], "AK096314": [976.0670440907584, 590.3416532623895], "KCNH1": [330.71141197102935, 342.4689870062318], "ETV4": [384.74796338247893, 305.0453491865476], "TNP1": [16.957497531797344, 322.1013670674161], "SLC19A2": [947.9670606743742, 588.7633504123079], "ST8SIA5": [945.2845935276223, 660.771593092377], "NOG": [452.6703983597824, 421.59271402841165], "ST8SIA3": [929.5860887494026, 668.4412330337461], "TNFAIP3": [28.140081860060604, 309.799359959718], "TNFAIP2": [294.1077852151936, 435.73752019955975], "SNCG": [924.8040395480718, 647.384400944852], "SHISA7": [431.1165763804844, 467.0116794946388], "ELOVL2": [878.5448627849454, 591.5716104919433], "DEPTOR": [788.6112829414435, 563.8075484670463], "OLIG3": [316.553546586112, 442.53643263897834], "KRT81": [370.0471767076911, 323.76657261933804], "SCTR": [450.34919857884427, 438.8841121243723], "SLC26A4": [403.62809228425374, 484.5710978425869], "AGTR1": [967.2330894101871, 579.0770395677711], "RXFP3": [387.2086894790709, 472.083675398429], "FOXC1": [98.45208927683564, 374.831720374985], "IL20RA": [19.297443775546867, 362.7538600833452], "CLDN10": [932.766469531005, 594.9277603289389], "FJX1": [366.3796017292393, 298.2246450569787], "EPHA8": [879.3690869335685, 665.7789228204643], "CCDC50": [81.57655646869262, 424.21950837713416], "PXDNL": [74.84649836253283, 292.5105186813203], "SMN1": [342.8167055629562, 486.6897595616715], "ME3": [873.7945371674491, 699.388900890819], "LHFPL4": [31.40446309364063, 374.89765017985485], "IL1A": [977.0443610705381, 676.1321669062793], "ITIH4": [967.8380461358145, 688.3271034898045], "SH3GL3": [939.6482739847336, 554.6649025719089], "MLF1": [864.1353574154558, 676.9247735319472], "STAT4": [979.4674874463781, 661.9907612769887], "FZD4": [18.66470307741531, 425.62513058542265], "STAT1": [961.4140194495083, 658.2694191735534], "PSD2": [327.3138045709534, 429.5037786877094], "MECOM": [863.4628519204784, 690.6880804240875], "UNC79": [6.689488493325939, 351.1971270663175], "CHRNB2": [425.96465790246987, 316.60120335382305], "BC021061": [352.9149508277473, 333.687406486182], "ELL2": [896.2783621512174, 570.3696843508677], "CITED1": [448.2283114016766, 339.00553485315606], "CHST6": [437.61908837072326, 326.66491695694504], "CADM2": [48.17175519064938, 428.04786443804045], "SUCNR1": [315.50138281928554, 468.4513264977779], "NLGN3": [63.39816902884195, 378.0353150492965], "RPS6KL1": [942.1852349531598, 533.6875397118566], "PLA2R1": [70.43682401289703, 312.5373525456955], "COL9A2": [909.0794250916014, 592.3168488821523], "COL9A3": [448.16722201354054, 370.9277014723104], "MAST1": [885.3369576720117, 693.9412481241839], "NLRP3": [839.9207900631843, 645.4237218455304], "SATB2": [433.8271346984773, 444.06852215710137], "ADAM28": [314.2330307177933, 408.159102496718], "SLC6A12": [373.88729856124417, 491.1118325829048], "LRIG3": [908.2875832119691, 707.4894813186796], "CCL2": [980.8054569981491, 634.4131791945457], "SLC8A3": [358.2274632876272, 490.85254228415454], "DUSP6": [841.4283139539659, 559.1317101463264], "SLC17A8": [49.3930682678523, 340.1234339772052], "ARID5A": [418.55304465042514, 354.3450975073546],