{"NGF": [582.9534362888224, 98.01295486444212], "IFFO2": [340.3083982488152, 348.95020505782946], "ADAMTS17": [444.59470163957, 41.464344596276135], "RASD1": [556.4198870804654, 738.6828193754059], "ONECUT3": [570.828245265435, 301.0114362609263], "PLAUR": [733.2410211039326, 738.7446958372481], "CLPS": [514.2253833726835, 985.0261840946825], "NMRK2": [595.3814306976118, 185.19583151472372], "KIAA2022": [619.8486669332535, 1000.0000000000001], "SOX9": [470.2672198977002, 780.9361794690988], "SOHLH2": [415.64333291274056, 211.72418428677776], "NPTX1": [770.2298146367639, 852.6632331098124], "RASAL1": [533.2182166220058, 458.9860809918679], "MNX1": [526.1643407764575, 72.86735571938578], "LINC00936": [656.8488192566014, 951.9653573991002], "LOC100130476": [442.2407440156071, 307.98611938389615], "FSTL3": [266.7520516969455, 280.8617581678962], "COTL1": [251.92282948665488, 99.09576019174631], "LOC340508": [505.6202755836651, 179.49892466873905], "CDKN1A": [292.32100658662534, 56.403111859900775], "DCHS2": [229.07533173742533, 154.66826898616398], "ANXA6": [430.21587846646116, 899.370014851569], "ARHGAP24": [400.22619910662695, 0.0], "BCAT1": [340.47444544853244, 20.946767373299394], "RASSF4": [502.82490894050636, 286.2356477261742], "POU5F1": [658.2576238511211, 723.5747554466494], "LOC390660": [715.2299654193417, 955.750452457859], "ATCAY": [469.5629189752079, 945.4322218649016], "LMO2": [456.92868484595255, 444.69484464477654], "LRRN4": [740.5551085754605, 902.6715320154468], "FOXC2": [230.5961312910795, 217.96691867032186], "CCDC169-SOHLH2": [585.8736995728061, 794.3937193539191], "CMTM8": [569.5308531075589, 966.7744696263829], "PDE4A": [770.9246682625746, 791.4911527355719], "TMEM151B": [423.2930299644947, 835.701291024471], "WNT1": [456.2510070558591, 135.09141274129007]}