{"SLC6A2": [777.9004830979206, 311.0595031495959], "TGM2": [750.4923991567305, 258.6189698802798], "IFFO2": [576.4900170074438, 867.3827896028474], "MPC2": [459.4810354204471, 633.7737325923459], "CKB": [732.0344012807723, 310.97222836102213], "B2M": [18.34755730196258, 705.4968469850585], "LRFN5": [760.0201442643793, 275.2569540638291], "APCDD1": [932.8965706884546, 135.33065015992122], "BDNF": [428.92204142737893, 598.9280711441221], "PFKP": [84.90327117138753, 691.8912837496489], "LHX1": [755.1837896497602, 304.1313685739655], "C11orf87": [418.5412808074304, 597.1568912658446], "PTGER4": [616.4972051131817, 426.4696916653402], "ARHGEF4": [521.4096848251764, 853.7783870289941], "GPR183": [794.0404273641618, 325.44610371564505], "ADAMTS9": [739.4971757021967, 272.55526268615796], "PLEKHH2": [602.754952290165, 863.969431310029], "COTL1": [0.5447943271514077, 674.5297338214473], "MICALCL": [82.62526130629487, 639.2217497858751], "MICAL2": [70.58693804732383, 628.5221181864354], "NAALAD2": [774.6261747801918, 277.5979715773176], "NEXN": [595.0967361070233, 839.2789206817617], "PLXND1": [726.38737918192, 344.3269623243903], "BANK1": [732.2456549341325, 280.88501188319833], "CDKN2B": [722.4690131166101, 302.5330329487754], "HLA-DPB1": [774.8526024688713, 298.1661390455288], "ENTPD3": [396.36726994317155, 562.186239433866], "LIPG": [428.21563464884133, 627.9502148454305], "DAAM2": [406.5669815782556, 537.6753691832412], "CTSC": [536.7713325643713, 894.4616247456894], "CRTAC1": [436.65108732821534, 550.855281257892], "RELN": [593.6652497731747, 884.5757399430969], "TNFRSF21": [65.55293195611983, 715.9736560108522], "SERPINI1": [474.87787318655745, 536.0068162799471], "SULT1E1": [492.7913358906106, 557.1120416339897], "NKX6-2": [490.50027933596834, 602.1704845133012], "SNAP25": [8.87827868706961, 666.7043800794946], "CNN1": [404.9124435632789, 566.9081511852968], "KCTD16": [784.002789411684, 270.628804361335], "CSPG5": [431.56171967663226, 540.9109985793094], "CXCL6": [745.8082988178289, 325.0786153413948], "MYL4": [504.6064878995338, 724.8874011580981], "AHR": [534.9953313787556, 874.9809157764138], "RUNX1": [458.91916566208045, 527.4380398529235], "CYP27C1": [412.3179907328045, 530.2256593771831], "PRSS23": [434.40960552296974, 527.8028155232369], "CSRP1": [0.0, 661.8495687759411], "GPR115": [19.108284235428584, 668.3524374732249], "STK38L": [759.3460203369971, 251.56544815584073], "ACTA2": [469.5051374126792, 614.0436694054938], "NGF": [475.6649506299195, 626.6108036047752], "ACTA1": [476.9158854764807, 604.1974194515426], "MGC45800": [59.234297443353455, 621.370911144526], "PDLIM5": [600.65692820177, 848.4543019219382], "ITGA1": [404.5723706141868, 615.1884457390524], "COL8A1": [420.41889753177117, 563.7360094655368], "SLC7A1": [23.85582993878546, 625.40957915432], "SPON1": [785.2659421966106, 258.8706159677763], "C9orf3": [391.6645006551839, 587.9537915656836], "STAC": [487.7199412383042, 548.8765269452068], "CXCR4": [422.10292717832414, 536.4904378760934], "ACADL": [64.27753226065863, 705.8338617690425], "TMEM185A": [487.28039474384605, 584.7149808696903], "PEG10": [788.91076961003, 339.59298785131693], "CYP11A1": [421.64177960042787, 526.0196748506744], "EGR2": [444.1016024842321, 578.5604206548059], "EGR3": [8.774758114595443, 639.6298101612077], "EGR1": [393.36973837052176, 552.8565153217424], "AFF3": [448.8309656968717, 612.6397630930811], "MEIS2": [37.26891990773868, 635.695817111708], "SAMD5": [715.7417696091907, 332.57860477562747], "ISG15": [576.5212921158313, 842.31929991741], "PIK3IP1": [78.86377876900946, 680.9183851736684], "ZIC1": [75.12169316005446, 707.4605609826317], "NKAIN4": [994.0832475088712, 140.4456312833952], "NPPB": [480.72576328125626, 564.8633678449056], "PANX2": [807.9092466333645, 308.39739196353725], "IGF2": [579.5244241531716, 855.2443639024083], "H19": [555.3950142693916, 900.7357585609607], "C1QL3": [408.7524924408832, 600.4599332187112], "CXXC5": [760.7634922779284, 334.6645421452113], "PDLIM3": [803.0605818126851, 325.976480820354], "C8orf47": [404.7604937400362, 589.8711544884973], "KCNQ5": [31.533349810966172, 688.6898425583079], "AL832007": [521.1779057652195, 866.7287914304699], "SHB": [734.8598143780935, 324.91205110444616], "COL4A4": [963.4490587567038, 99.63726848681358], "GALNT18": [395.018144716683, 596.4744246233284], "CHST1": [390.71407805409996, 568.9346568727565], "RHOB": [56.040479078569376, 636.6410173919363], "THBD": [38.77632378367463, 717.8345711840577], "AFP": [49.43719032901316, 709.5131680973544], "CPN1": [424.7784025772386, 553.6967168508227], "FGF1": [398.9168655057608, 578.9409735538952], "PMP22": [690.8856109486974, 366.3124758359982], "NLRP3": [494.1605216584975, 591.4950365543111], "DNAH5": [409.19560742468263, 547.7161726911936], "CDHR1": [953.4564116389934, 99.26424143903932], "TMEFF2": [733.9529760487114, 257.6534841123347], "ST8SIA3": [916.6944577000602, 162.78050262894777], "ST8SIA1": [556.9896949440423, 879.12336356717], "MEF2C": [59.34562265051102, 666.000324430358], "MECOM": [979.3921481024609, 119.48194018553284], "KRT15": [418.91700388767316, 625.8035735557436], "GPR126": [24.288064462750924, 679.6126065880283], "NPTXR": [473.73216461695904, 556.422421859325], "FILIP1": [21.14254234336954, 643.4563586987236], "MSLN": [993.5987329210943, 124.8769570521331], "HIVEP3": [559.0302884153994, 890.4827658204724], "C8orf34": [716.3487670729693, 283.4694211807107], "MYH11": [472.65784872737817, 657.5815143280004], "CCSER1": [532.7664240494985, 862.4955204058497], "FJX1": [774.711199504675, 335.67718977697484], "HSPB1": [570.0402782917236, 877.8327680684341], "RCAN1": [67.63751888396763, 646.4913528524171], "ACTC1": [458.8081195083349, 617.3017879284031], "NEB": [1000.0, 132.16380564854035], "ITPR2": [54.77144316433612, 696.531568536166], "KRT7": [773.410939831809, 263.3471377709166], "MMP24": [101.47286680082215, 648.62017905616], "PLP2": [599.228401181104, 873.0514932291204], "NES": [480.26751065613774, 654.3365523470989], "PIK3AP1": [995.7755512665642, 150.218595700405], "MLF1": [982.3113571980484, 129.9034664880122], "STAT4": [771.7770247187825, 252.7028021146184], "SIK1": [878.548918296558, 203.54945727928583], "INS-IGF2": [782.2237624611772, 285.20633105142264], "SNCAIP": [796.1544066749036, 269.3133792162312], "S1PR3": [468.48466059329485, 529.4398873550931], "ZNF385B": [545.3673096767485, 880.6387918327741], "RRAD": [925.9598919438554, 174.0882753645318], "NR2F1": [793.2546392886921, 283.86475566543595], "PTPLA": [445.0270579476235, 532.7142447533477], "HBEGF": [799.9133294646707, 314.8452074002893], "SMTNL2": [11.65376730449941, 650.555149036636], "BC021061": [531.8432229859905, 847.8397502431942], "VGLL3": [729.589519873552, 265.83138966357177], "NFKB2": [104.93043464065676, 662.1134509248653], "DUSP6": [1.9680490426177926, 650.0429635457286], "PKIA": [77.29923917026298, 662.4587130111523], "BEND7": [946.358191660178, 106.7090208213483], "HLA-DQB1": [39.8398092717639, 681.6922659495174], "SLFN12": [17.856116726528626, 634.0676389018447], "NMRK2": [92.29190055189008, 678.2850671267818], "MFAP3L": [46.61991461918353, 620.3373811743493], "NUAK1": [466.45354785587665, 549.0146515291171], "ANKS1A": [437.9232826635462, 613.4788981957325], "SYCP2": [12.104737608585879, 682.4107699956676], "HEY1": [789.3929668085171, 310.27978222408876], "ACOX3": [466.4719608983984, 601.1126147649203], "SLC25A47": [569.9225676287134, 900.1347134794689], "LRRN3": [35.92150394274336, 650.1002128385381], "IRS2": [397.69979487594776, 607.4419092057074], "ID1": [974.9394548957596, 102.68914690141582], "ARHGEF28": [427.20797491716814, 611.2385108936105], "PRR5L": [439.5212192421883, 520.4048592413727], "NMB": [487.8076174013113, 575.0984444352002], "KIAA1199": [413.30237759323904, 618.370072644038], "TUB": [475.26314539320185, 581.3573387299696], "LMOD1": [437.8478790179763, 629.1522553267918], "NEFL": [230.44698679073505, 626.8418828200791], "SLC25A30": [579.6016749465654, 896.6124990395864],