{"HIF3A": [313.52768379070494, 570.4077045125889], "PCSK2": [320.51391526963755, 536.9759173390933], "SCG3": [320.0700042390868, 129.0504151665579], "MFAP4": [271.8079370257432, 496.88442898139647], "JPH4": [898.8867561506804, 280.2727841390209], "SYNPR": [292.8096605729523, 502.1448089474875], "HPSE2": [638.5959946547114, 369.5391364251881], "LHX6": [622.6067793612671, 330.8414814189254], "LHX8": [360.7815605610078, 136.4831853950925], "AL953854.2-002": [285.148652173907, 564.9449465845158], "SV2C": [697.1921143053453, 345.6745202328005], "IRX1": [837.2347185595763, 295.40502021219527], "IRX2": [329.65737501636534, 178.92837562224338], "SLITRK6": [277.96122881753945, 545.3100304325674], "B3GALT2": [365.8055559067874, 187.52409566632733], "CAMKV": [369.6490565710397, 194.95757176834505], "GIF": [299.1996847628551, 159.31187118080481], "ABLIM2": [331.63816889001544, 208.50446341787574], "MUC16": [372.7774405706138, 151.37365315538077], "GATA2": [310.2262854321384, 144.15180751163047], "C5orf38": [411.6959110347074, 210.57412165128628], "KCNJ5": [53.95260087190883, 814.7298128969745], "ANGPTL4": [262.3348690362011, 544.0784815954299], "ANGPTL2": [356.6468779658156, 204.97364253900938], "GPR119": [305.9992392186414, 168.4625381241047], "NYAP1": [964.3679124504233, 304.6789977456481], "AFAP1L2": [22.74784007270614, 849.1920098223986], "ELAVL4": [276.5288983988369, 579.907633760137], "KCNJ8": [938.983460210753, 259.024147616957], "ELAVL3": [29.716826619654057, 833.7171784787486], "NOVA2": [981.0113434661162, 285.21114916033923], "CELF4": [244.84101317343377, 522.6629298511377], "CELF3": [686.0061955943569, 299.8958576675664], "COL3A1": [959.1683626441434, 242.9351718549016], "GABBR2": [670.6684997832026, 364.69510321381955], "TMEM132B": [5.419521704422834, 855.0436458769124], "GAP43": [13.897632487471299, 805.5238710090814], "PAMR1": [330.0688029919617, 522.9461448857087], "GRAP2": [72.35022338311092, 820.1522163854372], "BX538226": [258.7800898906514, 562.1700049926851], "ZIC1": [999.7150908847048, 262.73271669799135], "KCNIP1": [287.43827685409246, 520.7905846631472], "SDK1": [989.9366309091774, 294.7595525102926], "ALPK2": [32.107146095461246, 853.291319525449], "KCNK16": [619.9912191188627, 357.1368229854496], "NFASC": [670.166839386739, 299.010332960104], "SLC39A5": [293.4091918898525, 163.44131615677784], "KCNH6": [62.45227148595848, 823.5654752290113], "NOTUM": [319.0957194081968, 507.23569702388227], "NTNG2": [970.7024050364162, 298.1755491111002], "GLYATL2": [299.3075700737967, 166.78490072946795], "NOG": [27.972727324289906, 825.9711305394392], "INS": [900.0772582711895, 286.7001477226094], "LOC285484": [252.8870714006972, 518.7784028677975], "TMEM198": [333.32703207481535, 221.994570258389], "SLC18A1": [659.8671166272397, 368.0028277928169], "FOXC1": [5.2131419672890615, 818.3381949215104], "CRIP2": [349.84889422414125, 124.65255906129661], "GHRL": [31.70502602212065, 798.9028276367449], "KLHL29": [629.9826747320931, 335.6438719638656], "SLC4A4": [293.9530842113129, 173.83237573435767], "NPHP1": [977.6500439801559, 292.79358229550155], "ZNF835": [687.0285322623936, 336.71105648952675], "NEURL1B": [976.2248216966125, 264.7170445282094], "HIC1": [302.4869951301255, 175.06526856132996], "GDAP1": [22.02883826921635, 801.0328496754606], "PTX3": [985.2364753393267, 299.60146326176437], "ETV1": [280.1808616324086, 588.4572152955403], "C6orf185": [655.5348877417116, 284.35794847099714], "ILDR2": [307.9403053819793, 538.0268064563555], "RXRG": [326.88652874486394, 128.61760279997728], "AMPH": [269.0724736393761, 551.8534714530321], "MCAM": [264.05189079989776, 499.9445114310189], "SPIB": [15.786883357198633, 866.8715160158872], "WDR63": [8.242751699957068, 828.7292000701634], "F5": [288.3131092346233, 589.3305652596306], "NTN1": [657.3834484382435, 294.49012081314584], "AK5": [689.2659573498381, 359.20725450609586], "ATP1A3": [658.8427926786036, 331.89929958753135], "OXTR": [646.8249045073553, 297.8522558675234], "MME": [25.244444403616342, 809.6215788310622], "RUNX1T1": [628.6503688896869, 349.79330423542274], "TMEM151B": [3.1657918850919486, 848.233993295346], "KCNC1": [926.9024358902477, 270.00195973140364], "KCNC2": [625.2781859194076, 362.10183985653276], "ANKH": [664.5610858915118, 359.0047241653909], "SPNS2": [990.6600613793253, 283.78509865716313], "DIRAS2": [266.7262387124085, 561.6620709931469], "SIM1": [301.12804338984245, 144.85770988427998], "SLC38A3": [672.1802995791118, 372.64951952982113], "DPYD": [277.57555694079065, 572.5326707663279], "GRIN3A": [655.1768048830402, 376.0942995985709], "RAI2": [335.1887254013581, 553.1718702524361], "SLIT1": [998.2391141346429, 283.1643198429807], "CXCR4": [352.78898093593335, 131.90489581233257], "PRSS12": [75.98661579651758, 854.2455199417827], "DQ583756": [682.4131763757307, 323.6410657623291], "KLF10": [344.599348242157, 149.91303488375976], "WNK4": [318.107813481202, 338.71342530167095], "FAM84A": [968.0927768152158, 282.873912918655], "ST6GALNAC2": [300.42647426679815, 191.63214504897675], "RAB26": [365.37544954462754, 157.81913561272768], "DKK1": [343.8333681236866, 136.329746228067], "ANK2": [255.18070218854513, 548.037165981292], "MGAT4C": [680.9854539498688, 308.8286435049919], "AVPR1B": [235.2758019021663, 607.61002548168], "INSRR": [308.45425113385164, 186.3612609062475], "BC033961": [259.9042651317812, 575.8987734880141], "ZNF702P": [326.050125250664, 255.9071709801545], "SLC25A14": [37.62305503398164, 867.7713941951329], "ROS1": [344.4696501169064, 130.34601240220033], "MUC13": [300.18221008692, 497.82999431743826], "ARHGEF4": [231.76225176767372, 604.1615948626795], "CCSER1": [255.007651230634, 533.8003960022098], "PLEKHH2": [972.0519093930277, 306.64409563747637], "RELN": [616.692718491539, 342.6120769388619], "TYRP1": [691.9990011240318, 321.7215904004715], "JAKMIP1": [326.54666072562867, 169.01995054850403], "LIPH": [366.84302426693387, 133.26589928985172], "BC018887": [378.9456990802257, 180.80397494342677], "HPSE": [72.27476481937089, 841.2538418236385], "UCA1": [323.24234014052877, 530.3209588284493], "SYT4": [296.14084533009463, 520.1014312406251], "SYT5": [302.9149610600602, 511.3449510204425], "NRXN1": [37.181284021211184, 839.262867248337], "UBTD1": [315.09377006966616, 518.7496009543615], "GNG3": [42.462556332605914, 799.4488499238812], "SYNPO2": [284.90990002841994, 502.6804999445714], "MIR7-3HG": [280.42476290135266, 495.04260176179673], "CNTN6": [691.2759738481066, 303.8266926999771], "MDGA2": [650.883804621823, 310.43275532824373], "ADAMTSL1": [992.6119573751612, 250.2015218651618], "HSPB1": [311.56117623116256, 548.0324996095928], "SYP": [293.6691335850236, 509.6916845792771], "AB074188": [325.72172134548384, 573.1389308311954], "PPP1R14C": [381.2999292781168, 152.8049672047064], "RASGEF1B": [612.7139353572002, 334.6413738357373], "GCG": [306.3646214784796, 149.59610235050764], "GCK": [311.40687455044446, 154.24223778279668], "DNAH8": [272.4539041014863, 584.9191067910212], "FLJ42875": [321.2662106995476, 142.53680517006669], "SHISA3": [44.9064215580442, 866.5625882770145], "GAS1": [315.13005545346743, 139.57547972409114], "LUM": [247.59329333881803, 514.5835608370448], "AREG": [362.2342166089202, 198.18001671337674], "TTBK1": [330.41735590277364, 256.39676379003123], "MECOM": [675.581162673242, 303.32963002090753], "FAM167A": [674.4359249967652, 343.7278130169361], "RSPH1": [335.87267165645903, 130.38129010236582], "CDCP1": [342.61400603554046, 194.5446897406473], "C3orf67": [981.7546353601078, 239.95993809658245], "SH3RF2": [306.7352984028684, 137.73861095370395], "SH3RF3": [644.2966175502411, 359.6787286516402], "ASCL2": [986.9710366091062, 244.0727414112101], "COL5A3": [967.8312129578285, 244.56152916728274], "TMEM145": [987.685686165986, 261.8705318394303], "PTCHD2": [335.30933874570087, 546.1287615869433], "SYCP2": [313.58785835995303, 202.89778590937965], "IRS2": [632.546847114678, 361.9737360212844], "AMIGO2": [677.9155634569273, 360.0927943816095],