{"FAM222A": [558.9078344632196, 282.167778522967], "MFAP4": [520.1696668469096, 244.26327417988944], "AGT": [595.9465257721466, 643.1483427272889], "LHX6": [62.9524948210522, 99.6254246347284], "LHX8": [536.7751791567925, 274.3210961241301], "PTGER3": [947.2444597642834, 656.864534186605], "FAM114A1": [556.2766598929832, 244.12366500200557], "IRX1": [486.03675876938655, 275.82843264164944], "TMEM51": [928.9976391069576, 703.161312786947], "SLC38A5": [924.9628110150097, 658.2529694663872], "SLC38A3": [517.057543106157, 216.28428644601388], "CYP2B7P1": [128.93642090514015, 71.92351093480778], "KCNF1": [847.5484427447388, 671.3871163901478], "PAPPA": [503.7389407170958, 233.8538355389034], "GIF": [864.1160441510614, 678.9422435094658], "OCA2": [918.3152962050077, 630.1589103240639], "GATA2": [591.4348698039048, 637.1604431150733], "GATA3": [444.6115820010054, 994.9182481115754], "CR627203": [131.40220124373457, 92.29415606312216], "KAZALD1": [58.83489835739067, 73.47565241510591], "SGK1": [926.9037105805636, 647.7466163000279], "PTER": [946.6359372975821, 631.3486568697297], "SLC46A3": [503.54004096045554, 222.82540550644893], "ANGPTL4": [91.25023327829285, 121.72827573010835], "NPY": [936.1587544202168, 652.0670162662427], "FAM135B": [556.5593522690909, 255.65007324387304], "RASGRP1": [51.29838814375154, 91.33605673370789], "ATP2A3": [819.2198818619364, 646.1641113396448], "NRSN1": [926.5467134003812, 637.1408852738884], "ITGA4": [613.8749494730108, 10.519556291145761], "MYO18B": [66.0592582918809, 144.60518590704908], "COL3A1": [103.3776739701907, 80.87189630302595], "PHLDA1": [503.91315040277544, 278.9634868221896], "PEG10": [381.22262120664766, 966.2093042601127], "PPP1R1A": [931.9198265156035, 613.0668022688711], "LINC00526": [564.0576622984697, 9.06915320193906], "HRH2": [851.8003079788314, 607.1319878335281], "HRH1": [79.48767248082027, 65.79453111892963], "GRM4": [411.06761704600524, 997.5962543368482], "DSEL": [456.9116813716974, 957.8859549597896], "FOXJ1": [552.5279611493678, 294.1043707518619], "ALPK2": [925.9959285535972, 668.9214102504862], "KCNK12": [591.4441637802354, 600.6379498642195], "NFASC": [548.9491138077728, 229.93305993630037], "PPP1R17": [573.2581328766084, 661.1499746671246], "CHST6": [621.8012878499197, 55.94673708323353], "KCNH3": [438.1701662233516, 987.0266798734419], "GLYATL2": [433.43640877585545, 998.90324395054], "PTF1A": [46.141230359127405, 97.47495425527433], "KRT15": [583.8788736411906, 3.098605562198088], "LOC100507584": [66.68647278675991, 132.83825128996244], "C8orf34": [909.1660580711778, 604.4234619355525], "RCAN1": [555.9014259338826, 669.1340577088461], "MKRN3": [630.9042379722499, 635.0587679020001], "DLK1": [588.7966548522858, 245.0315191608068], "GLS": [856.1950294885141, 664.7060973671637], "LHFPL3": [73.07657914895833, 95.31035629227591], "NEDD9": [929.5295093298291, 685.4974253834807], "DL490846": [114.68628410609523, 60.69309416075282], "ATOH7": [753.3713540259316, 647.7081640286169], "TFPI": [486.3493728834102, 303.9835413416945], "SEZ6": [588.9422347412983, 677.9287625385008], "ELL2": [922.9821577444566, 707.5825516847374], "ATOH8": [550.818611647197, 324.1991724126501], "EDA": [460.4596771054255, 968.0700602497916], "SLC17A8": [542.924730091707, 213.81365230702403], "TPCN1": [936.5816943011862, 703.4018303579702], "ARID5B": [851.2661976950473, 648.2024634547197], "AK308944": [936.4559287408067, 680.9451819307488], "LMO1": [487.34806269855807, 252.88222168477756], "SSTR3": [477.6049075481892, 268.38127651311305], "SSTR2": [917.175027584044, 679.687917096531], "SPP1": [478.6670938067454, 257.4160264125187], "OXTR": [57.273302072191996, 136.4790518698194], "IFIH1": [71.12383687372386, 70.47685856383146], "MT2A": [873.681016550509, 703.5123936106979], "BAALC": [849.3806005597469, 632.0730703609545], "ANKH": [880.1445874649359, 636.7576970494865], "CPEB2": [593.2199745187881, 260.2140990990582], "PLCG2": [565.6067910311405, 23.442091594741214], "C15orf59": [500.6573319924997, 809.8312776380208], "PDE1C": [52.01542915677237, 127.41942077021298], "ST7": [618.3959324219569, 659.3055565625527], "NHS": [543.6591238666552, 222.5866570272541], "CLRN3": [453.9199734766086, 921.9318854856317], "SPOCK2": [146.98300453065053, 135.22362151979274], "SLC24A5": [91.44982191439226, 136.2178901450057], "IGFBPL1": [489.20365406474724, 294.58775005973945], "P2RY2": [571.794909930989, 44.74781699943526], "ZNF503": [502.8142352414257, 316.98682773958825], "CA8": [577.8183625900301, 294.8202127188242], "NIPAL4": [558.0130482929122, 39.38766025040064], "MUSTN1": [889.4510318351124, 704.0141264738437], "DKK1": [568.2535315040404, 562.0348442213045], "ANK1": [396.98649650197814, 928.6509395527405], "GAS7": [558.4024627026436, 604.8072242540636], "SLC1A3": [75.81739652979655, 126.03904276671824], "LINC00890": [899.954698048579, 718.0725329039003], "RSPH4A": [53.83827658366823, 103.91752644343774], "AMBP": [914.0216520420884, 650.7082228455483], "SLC25A19": [606.2560915078104, 672.4843095534029], "TMEM171": [628.4937749503027, 657.9674027629799], "COTL1": [569.0097342302813, 597.3394617836199], "CDH9": [885.4638394277232, 624.4424596222623], "SLC12A2": [582.2239121371304, 18.357129630953295], "SLC47A1": [122.9772570936139, 137.953545946865], "KNDC1": [428.48122851224684, 976.3015216369815], "PRX": [530.7084351784026, 314.7899229468003], "GLT8D2": [850.247206442891, 641.629355806443], "NAAA": [414.78379976093123, 963.3290992126973], "LIPH": [616.1971507209204, 603.6877165348857], "ARRDC4": [818.9424622964531, 654.5392094210918], "Em:AC008101.5": [560.9526963027065, 233.9976603972371], "CXCL5": [574.7505802708978, 559.3228340770025], "STK17B": [477.18209741747137, 280.0498689294725], "HPSE": [815.8715435399472, 569.3647907830731], "OR6T1": [512.6654823293827, 224.53615975295145], "SLC2A3": [611.8485490707142, 21.102538271648598], "SLC2A1": [599.3242729779003, 20.290275991706096], "SYT7": [479.9450575051436, 292.023884933507], "WNT7A": [119.02917656243608, 123.31556348856031], "ELMO1": [918.6297180807101, 714.3789663983375], "FOXP2": [892.4065139234269, 696.2481766851358], "STARD13": [909.5636047265549, 690.913554377549], "MYRIP": [531.7824441282634, 251.80875770822567], "KHDRBS2": [848.0545272980045, 682.2331169320757], "TRIB3": [152.5724124168322, 122.83799950944245], "LAMB3": [573.7198978983404, 3.9446400338945864], "LTBP2": [496.4283364051878, 247.6089265238263], "MT1X": [427.21435336423133, 963.3803776740779], "CCNE2": [584.6116270550034, 280.35321593503477], "MFSD2A": [626.6601845034152, 625.1251075925577], "LUM": [615.0947438361303, 625.8851480480993], "ANGPT2": [901.5592811977365, 637.4764975008844], "MT1E": [553.3058306766416, 28.889633441569515], "CLDN5": [98.67573970830057, 63.954437034243824], "BC070093": [567.3521673535037, 298.51952948616326], "SMIM6": [628.2454375105424, 22.213308852480225], "DNAH9": [579.3963055500052, 243.48623314885282], "CYP27A1": [133.59345794592497, 81.57434088621915], "MSLN": [77.34407117355659, 150.5198053098798], "SEZ6L": [935.4985347626955, 640.8640338053565], "CDKAL1": [593.0106069992064, 278.0328015065668], "STXBP1": [916.0087477577358, 703.2399595744362], "RCOR2": [954.0832660430583, 652.1521519234453], "CBX7": [62.8461030293285, 66.4606209018641], "KIF19": [855.5702876556381, 688.322587014697], "PTGDR2": [945.8118177256408, 645.9003732016006], "GAS2L3": [453.635244953414, 987.7484769842439], "FAM167A": [559.0415389115951, 268.40341547783316], "RSPH1": [572.5964258900387, 270.48223016958104], "ST6GALNAC2": [405.51264504722855, 986.6268392964541], "VGLL3": [596.7635668823232, 668.7042132074262], "CDCP1": [895.1520355417499, 617.2111236951927], "SH3RF3": [554.1396547028836, 217.20336987086313], "ASCL2": [437.9873255990764, 912.2864042499784], "GNB3": [550.1455735258622, 631.8367825938151], "COL5A3": [871.4804110428756, 655.824546954359], "DLL4": [897.0916239533287, 670.9072706726894], "LRRC32": [618.4049507956877, 614.4407990123493], "HHLA1": [512.8713797056414, 286.4550669218786],