{"PCSK6": [459.29503661140683, 489.8160985023306], "P4HA2": [309.0484516540465, 652.8343135349894], "B2M": [970.0486776195621, 283.40246323886106], "MFAP4": [620.9604438470911, 200.93474976733398], "L1CAM": [968.55136221968, 350.2166845758847], "LEMD1": [61.48696039367542, 361.8202858425016], "HKDC1": [73.3510613037763, 412.56595917771045], "SLC28A3": [435.8147607453926, 442.26840054718986], "BANK1": [555.6164454429434, 800.8258588781714], "IRX2": [907.6340640489709, 285.7060941686651], "IL18": [901.1451049608961, 304.3299022972694], "SLITRK2": [451.66926569168953, 441.19054589386343], "SLITRK1": [458.4205265457722, 435.1669364913837], "ARHGEF19": [13.976680432636044, 378.16791698478096], "CAMKV": [319.7566349347617, 628.4884238504417], "EHF": [475.4465464345602, 455.21295896005904], "GC": [925.868742511716, 354.6914166577953], "ABLIM2": [476.0665561852541, 412.90940385975676], "GATA2": [931.3566436620181, 347.04003798484337], "SNAP25": [667.338845816248, 229.52229695452044], "CCND1": [-1.1368683772161603e-13, 397.0075222529812], "HCN2": [492.3126988496098, 508.1387892549024], "STARD9": [935.3861939791518, 252.36954372509092], "GPR119": [493.5531047778468, 531.0762087610567], "LMO1": [506.0710208554892, 466.40192892466007], "NYAP1": [529.4641915611871, 807.0038613252809], "STK38L": [515.0966984728475, 780.4113693824322], "RASGRP1": [946.7199362381575, 336.2086701733702], "ANO9": [567.3896146654657, 776.3098048236654], "TNFSF15": [505.70803737727715, 443.56425715187333], "DIRAS2": [46.66581568202366, 411.89765544854083], "ALDH3A2": [562.4350089769387, 768.4786258010487], "GABRG2": [48.26645848500766, 439.0176592670456], "CDKN1A": [336.66624491890775, 627.7371039907958], "CELF3": [882.5698504205802, 336.5865651080811], "PHLDA1": [994.9544766854708, 317.7472469872574], "SERPINE1": [284.6477174568395, 428.66641947067694], "PHLDA2": [988.2643888546328, 328.7464441859454], "GAP43": [56.395345119592776, 434.9113605569099], "ZIC2": [637.7733864697527, 210.9812562239677], "TNFRSF9": [946.6758475242168, 269.2253427625701], "CCDC50": [917.5797884133558, 300.1185860457714], "SDK1": [377.7532779386645, 443.9157620295385], "HOXB2": [76.61229763790107, 402.01158404361786], "KCNQ5": [890.0794978087322, 303.1079727018689], "CNTFR": [604.5995701310794, 235.59043754474902], "DCDC2": [348.51342827748107, 637.5247774319942], "CCDC162P": [510.7705026071551, 434.2479616422526], "PTGER4": [942.0598565015905, 366.4824316249387], "HS3ST3B1": [908.5641018663025, 330.168820412442], "DLK1": [967.5676995341674, 341.8878531573821], "ADCYAP1": [950.4190165143773, 251.86105345449283], "LHFPL4": [992.7345668284879, 338.5103854402969], "PLP2": [974.0044097532696, 358.55383493873956], "NEURL1B": [336.89898316117274, 636.2289012943324], "TLL1": [941.863784283398, 255.45408465918158], "HIC1": [338.7642417398457, 667.0197164893834], "PSD2": [11.53084065915391, 426.891412574951], "SEZ6": [378.2634021813813, 438.50279279940145], "GGN": [487.11615817327856, 532.1309907108163], "S100A3": [512.249205960597, 799.1502351732954], "LAMA3": [499.3698448207725, 476.70348787011335], "CCBE1": [0.45050590095036114, 388.43724820187117], "RXRG": [10.323454250204009, 403.00440594617226], "CALB1": [606.8326438706349, 215.18750513896526], "SPIB": [432.86753462114996, 422.03478023141497], "ETV5": [970.0767315520433, 319.79727966211254], "THY1": [663.2961334654457, 212.75144925776434], "RAB33A": [7.942682826064129, 420.27426859284697], "F5": [368.3616745735835, 648.0620028120394], "ARID5A": [562.8967223424029, 792.5312796750156], "NTN1": [315.31822077684717, 657.7305036218747], "LMO2": [997.5774357595512, 324.21866001957005], "SSTR2": [929.6396097970543, 256.9898757684846], "SPP1": [909.0826924654189, 266.72335194672905], "MME": [985.161360463072, 294.17783140407073], "TMEM151B": [31.565468449570403, 357.4311858604687], "SPHK1": [506.11579750015414, 782.1643863390353], "KCNC2": [518.5892668099485, 484.32308167262346], "NGFR": [325.2078794824484, 641.9867970575106], "SH2D3C": [660.5913230066193, 235.21324948488694], "PPFIA3": [23.74208696307653, 437.13029948911765], "ATP13A3": [466.0435911694566, 423.58227268031686], "TM4SF1": [490.1581779752498, 458.1825659350649], "JAG1": [865.0778970681141, 287.91195062347896], "FBN2": [362.816554161537, 654.8299840504308], "KLHDC7A": [934.1427830327557, 335.8529234655868], "TBL1X": [45.213333620250864, 359.82880338205985], "RAB26": [944.1429976136058, 352.9512639133693], "IER5": [77.0961209807615, 390.96294721063464], "CYB5A": [961.2803908246865, 350.1069000282913], "IER3": [644.9078312356534, 227.22797098117013], "CAMK2N2": [932.5742737034145, 284.299869584794], "SLC1A1": [425.1558895106841, 444.92479388009247], "FUT9": [456.31510455680757, 475.2217265094052], "SPRED3": [915.7967904332577, 261.96134246439965], "MARCH3": [999.7016734552635, 311.65370646160153], "TMEM185A": [24.36527981532538, 364.51280964749617], "UBXN10": [490.2452957330952, 429.324442080183], "POPDC3": [623.1759373943132, 271.4164581414729], "SIX2": [931.4506031389285, 268.54836414939547], "NAALAD2": [26.875641924186993, 409.86387440027835], "RELN": [660.1719919377089, 250.035944032446], "RELB": [652.7288350232756, 256.7299113267204], "CDH5": [605.9544031820258, 224.22203415919986], "CDKN2B": [899.9757814282325, 326.63149049156846], "JAKMIP1": [323.63284288731376, 662.1563300156888], "LEFTY1": [329.6690808553086, 655.4824025279776], "TNFRSF21": [940.4381891869858, 263.1553959086513], "HRK": [330.42452346457316, 666.1786915767509], "GDAP1L1": [474.6406437693113, 493.9489687258727], "STK17B": [433.97253811158316, 466.84735706047115], "SLC41A2": [447.50975501361233, 433.89683960400384], "SLC2A6": [917.8889586060195, 276.0429560211776], "GNG5": [62.632212527276806, 428.51279141988636], "PKHD1": [982.0098455122838, 352.22145364387234], "ELMO1": [367.25144006298166, 638.6518998280959], "CCL2": [518.2632986187373, 434.13896202330176], "IL10RA": [75.34962457913844, 381.10240728000196], "KHDRBS2": [906.356946324802, 313.2279742737767], "CPB1": [4.962843280138827, 413.18407039913603], "TRIB3": [527.3098813459795, 780.2847908050892], "ARL4A": [973.5985386727814, 274.364780109339], "ITIH4": [643.0463070672889, 196.04037492663298], "C6orf141": [613.1579990672608, 209.29858274773972], "CEACAM6": [512.2224717750707, 424.27926177298144], "C10orf32-AS3MT": [978.1122945902137, 309.0120151229859], "IGF2": [504.22071890661346, 496.73072507588995], "RASGEF1B": [437.01992769548383, 490.15000579253217], "G0S2": [965.8705770140984, 329.4189577841124], "JAM2": [512.1269803944741, 492.2249524097005], "PALM2": [593.8317921610297, 234.29210760644264], "NPFFR2": [539.4085473034555, 794.5085283232252], "IGFBP3": [653.1979605700403, 222.53805686090482], "SHB": [299.6985360266171, 628.6702462972587], "CNGA3": [503.63963026408743, 416.0357914543855], "MTHFD2": [515.7308809736419, 451.4856839197628], "SST": [54.06203040206799, 355.05728268839874], "GPR112": [350.22265932177135, 664.3602006114854], "CYP27A1": [33.99902931710528, 416.69066866247533], "MYBPC1": [514.9364605258775, 461.5334719086966], "ZNF503": [20.438340159652967, 358.1696602944718], "HDAC9": [529.9660043819522, 789.9408937558951], "FABP7": [40.99447112831615, 431.1572472639496], "SPRY4": [300.2776483260752, 620.0006835070858], "GMNN": [357.81672291107, 661.2369728088327], "LUM": [48.571131058910396, 378.015108028495], "GABRA2": [523.4400705673218, 795.8118894214763], "AREG": [457.8399503940341, 411.09281977891396], "INS-IGF2": [72.67479855616511, 372.344222045276], "SNCAIP": [438.81464928262426, 433.51412366156785], "ELAVL3": [357.9207505106247, 641.7368576721467], "ADAP1": [467.13922474031983, 411.393123576961], "ITGA1": [891.0498050138992, 287.9049824756123], "MYT1L": [986.4211033523933, 286.91083405863606], "ENTPD3-AS1": [47.189029248681436, 423.2830420332986], "NTF3": [997.4459979497981, 295.41324232115767], "SH3RF2": [413.66789844788485, 441.83243666545786], "NLGN3": [601.0553904289202, 205.60398805861138], "RPS6KL1": [425.7625026706993, 471.4542331905194],