{"STX1A": [361.85984719802326, 456.8097460406825], "UBE2QL1": [981.9322859328254, 606.0391418964593], "FAM222A": [917.7403072406285, 593.9845997524689], "PCSK1": [920.4783846636086, 489.42427896320805], "GSTA1": [56.679101090757854, 523.1657345114209], "B2M": [926.6561923192065, 607.7791447595125], "HPCA": [518.8853935235165, 376.3184915162617], "JPH4": [443.3945547295609, 401.8228025528322], "GDAP1L1": [506.5103341835338, 368.9283808121909], "PPP1R3C": [875.8252855277999, 491.0129655950388], "PPP1R3B": [13.393103022418813, 424.36292978646793], "NTNG2": [910.9897940267504, 511.2781616304199], "NALCN": [438.0297644196161, 484.8677312110689], "GADD45A": [84.87352431010754, 510.8481129448238], "DLGAP3": [442.5657215440559, 369.8545853657753], "SUSD2": [361.23222068970716, 445.7857193115052], "MAPK8IP2": [409.75262119184515, 438.7798613995079], "AK130759": [489.30107335490175, 398.48898457453026], "EDN3": [455.6103399786965, 365.0883469940673], "SV2B": [399.74476950223175, 450.1356293093136], "GP2": [70.97450680716292, 519.5449075757458], "TMEM51": [992.490984883568, 582.7788590520611], "NPR1": [853.7585476233877, 526.9398624932538], "CEACAM6": [842.4429498525494, 545.6469304353155], "PTH2R": [900.2289578991463, 473.1162316699302], "CORIN": [469.4035872483168, 420.12464208641796], "BDKRB2": [543.7155712264155, 429.6714358586058], "MSX1": [0.0, 466.69239448744383], "CACNA2D3": [540.6570989923976, 442.9249052657427], "ATP2B2": [935.5911238685153, 589.2527280580786], "GATA3": [74.49593915240177, 464.06505913112846], "ADCY1": [471.49462994808255, 382.73958147108385], "LINC00634": [877.1638295300395, 625.3245182337417], "OR6T1": [946.2502411233982, 493.09769880787417], "SLC2A3": [991.3211076318021, 519.9467763082446], "PTER": [25.417060888603487, 416.3528733058771], "CPB1": [446.8642558131723, 416.965231276027], "SYT7": [456.54497950290965, 460.60245703573634], "LRTM1": [855.995852673673, 603.0138660453957], "LRTM2": [849.3475614526856, 586.9694437985797], "NTS": [925.8649402610247, 517.586041864299], "PTPRN2": [928.553753689881, 470.40758470895923], "STAR": [400.08566003661014, 469.157265415844], "ELAVL3": [468.4019664164204, 362.99000111373243], "GABRG2": [952.4791371635347, 628.9992839341564], "CELF4": [512.798122317557, 441.00628551510067], "CNTN5": [713.6381755918278, 500.7598896587115], "UNC93B1": [428.67949768524636, 414.18873086921576], "CRYBA2": [418.49708539091364, 387.6667908402636], "PRRT2": [885.5934820227978, 478.91362040132657], "RSAD2": [515.5409147750739, 500.42901846674164], "ESRRB": [480.5519393932723, 443.6068908959083], "NR4A2": [893.9046434810879, 512.0535847242373], "DCST2": [429.91666600541873, 377.182482183581], "HRH1": [530.6744892506265, 386.38383656922304], "ATP1A3": [540.419738955201, 416.4036965009362], "ANKRD18A": [964.686519513825, 574.4528546326867], "CLDN5": [494.70226938236016, 426.6257645830161], "LZTS1": [2.1287481698990405, 481.32642947516985], "DSEL": [73.50925978922078, 492.5033177820756], "C1QL1": [30.838035997628026, 461.89181686417425], "G0S2": [493.7721230188066, 365.07426198731326], "GCG": [929.866678652723, 630.0320846737102], "AREG": [938.9440041472187, 571.780771538035], "VGF": [437.5643130426271, 391.181943739282], "NPFFR2": [821.0457353076803, 523.676499796123], "IGFBP3": [518.1989933113642, 394.7886449163549], "CCDC162P": [858.2992801553602, 559.7942750605808], "SLC26A4": [980.0440473427097, 497.6108058280201], "DDX60": [849.698892897815, 511.6562496372796], "SBK2": [954.9512375642701, 477.82421910505605], "C19orf77": [904.4261443882394, 620.815240414621], "DNER": [886.3519492514268, 566.4370961617615], "CNNM1": [804.5623833273246, 529.2076399572676], "DEPTOR": [43.30870796279635, 502.6117465292403], "DNAH7": [56.07246481114646, 493.70209125790046], "KCNH3": [15.838779040001214, 507.6890288530257], "SST": [994.4938358780846, 531.4874949994451], "C2CD4B": [876.8770597890468, 603.109555051194], "IRF8": [485.14733533518853, 383.7198024812211], "ST8SIA3": [415.14589115039803, 486.730819850035], "INS": [502.89243189051626, 386.1348303515566], "SNCG": [452.62093780060735, 513.7608399820724], "SHISA7": [478.63193919950265, 513.4020830960449], "ITGAM": [464.89275012484677, 395.8813796939679], "ANXA13": [508.23125490563984, 408.84592241267063], "SCTR": [966.8882241832783, 484.1585307753414], "LRRC10B": [865.5024673558354, 615.7843338113582], "WNT3A": [969.4643230651711, 560.8281139998016], "C2CD4A": [891.5182901177277, 602.5338209710252], "TMEM130": [443.82552442432905, 453.933379626341], "TAGLN3": [67.82189810976126, 432.3607425505595], "TMEM179": [998.9955419874464, 569.8582835105551], "ODF3B": [945.8031625519627, 507.05169736534305], "KLHL29": [905.3500224476032, 636.7151869986499], "MSX2": [908.3907954286036, 550.7887038098762], "SVOP": [999.7254153940587, 543.0954350023758], "ADAMTS15": [39.31146205228572, 437.85282327857664], "GAD2": [940.6732367280401, 634.4483950680375], "LHFPL3": [890.5817179314558, 632.9085926220345], "TBC1D8": [1000.0, 556.1362409000302], "PODN": [489.49681139890106, 491.34568880865345], "FZD4": [91.27687888574201, 494.3456338054166], "BHMT": [18.871332463561203, 452.4792790476545], "NLRP3": [0.5979924040016158, 451.9629278851453], "UNC79": [423.44914809623043, 429.4227194463425], "CASR": [533.7297460845878, 468.5836611716119], "MYT1L": [424.93378054766913, 476.240403263014], "ELL2": [901.4114731725492, 582.7288264076136], "FUT8-AS1": [946.640348368495, 616.9010959012222], "SUCNR1": [258.72041435038955, 455.03395144689745], "DES": [866.8759715158728, 523.5685142455122], "NCCRP1": [740.348805492747, 509.6572432859939], "REEP1": [37.09091798472832, 408.88837187766734], "SMIM6": [951.3476188460794, 541.2200905009871], "UNC13A": [432.33899810964465, 441.7603855948854], "PDK4": [4.970158680596342, 437.2716709620422], "SV2C": [428.21992558628153, 460.4040631095666], "SLC43A1": [981.1145112777642, 535.8417695821322], "RGS16": [516.1100828121087, 479.6701959488954], "XKR7": [453.59965000540876, 382.74941030373486], "LRP1": [406.13944689581024, 421.94424026746185], "ATCAY": [524.7621436950324, 418.12592808907044], "KCNJ5": [919.3389157605598, 637.20601627813], "CAPSL": [864.2595316578984, 576.1281275921908], "CADPS2": [542.2377597755433, 457.1090331829162], "PAPPA2": [450.1236809129903, 491.9245805094771], "HHLA1": [42.17694698525543, 522.9682372454339], "SGPP2": [491.4988443151525, 514.3739416057992], "SOWAHA": [81.63254713513095, 416.05150310862405], "SSTR2": [439.46118138047717, 508.320996483197], "SSTR5": [427.4138581101621, 499.3047836752114], "C5orf54": [18.906331216520584, 472.7981069770568], "FER1L6": [481.1521029201117, 362.79398372187006], "IFIH1": [28.12913085052537, 517.4048894020548], "DNAH9": [876.9258438300344, 544.5454992094175], "MT2A": [815.6523127512407, 541.7932622787914], "C2CD2L": [891.997070302144, 616.259985399383], "TYRP1": [973.4438010684067, 615.6005396429947], "CDC42P3": [29.36172246356068, 482.5692082904478], "BAALC": [24.45562479219052, 438.4548128246813], "KREMEN2": [7.972139331551261, 494.74920687969797], "SMOC1": [960.8967952168019, 525.9351128329371], "SPTBN4": [976.6968759764698, 522.704029508077], "PAPSS2": [933.8691266602664, 487.9502923946604], "PPFIA3": [890.6480276245394, 492.8858944381035], "LHFPL3-AS2": [414.59426366960463, 408.70176234002304], "CCNA1": [521.479553268465, 456.93132564153007], "SCRT1": [503.4760278413758, 507.8316046960067], "SERPINE1": [963.3503046641583, 496.2196121876616], "RGS7": [942.329761359395, 472.6866857783282], "RMST": [526.4104629758874, 489.67097189763126], "USH1C": [50.9974548674619, 428.20450294580996], "TTC40": [960.8956750825961, 602.0805341165502], "Hfb1": [534.1902219372727, 399.8521717846902], "NPTXR": [877.2958698000355, 517.2876613081353], "COL8A1": [29.26487578017293, 496.75005212598353], "SEZ6L": [51.38975973787433, 406.1008382044039], "ST3GAL6": [86.40345669581632, 431.56130570287365], "TNR": [972.9410062795793, 593.3494776967348], "MLXIPL": [841.1281418222518, 566.915541600605],