{"AVPR1B": [279.1408736261855, 113.30319293257105], "TGM2": [897.8460607976859, 131.925991219097], "TIMP3": [18.29264339109642, 655.404541882017], "ACTG2": [184.30066463790766, 942.090427697025], "PCSK1": [83.24215563297878, 608.3338594499533], "SCG3": [816.3739272469563, 162.60752267072763], "CD36": [813.3202262562104, 290.8222494339722], "MFAP4": [886.5007418694063, 318.2938292230938], "L1CAM": [966.4958522721945, 300.6734398633985], "RASAL1": [877.4281842765331, 196.8330623065201], "APLP1": [247.14223959737453, 58.74369412400273], "TMEM171": [919.4457105214364, 135.4263613354915], "SLC35G2": [117.13700873329327, 712.3621976032045], "NCAN": [324.6653601679741, 844.1581795765521], "NTNG2": [39.288426030981896, 589.9468314496391], "RYR1": [846.6304501187336, 174.01855093267937], "FSTL5": [180.3460626626236, 980.9050692490534], "DCC": [247.81823327591275, 1000.0], "NAALAD2": [303.54121608875244, 853.1232053547594], "TTYH1": [921.8211468877472, 185.27170507326002], "ZIC2": [148.21198169259867, 8.81845889151549], "SV2B": [75.44147821664347, 90.03564087345859], "IRX1": [243.68509940182568, 868.7041100907172], "NECAB2": [341.90236469269104, 860.1029036810417], "IRX2": [986.6015794645969, 245.62589079263722], "SLITRK6": [108.27910791326804, 36.74800525985546], "CDK5R2": [318.20205624729266, 937.8499779074632], "KCNF1": [149.02040368495585, 903.9663969355468], "CAMKV": [294.58842847347256, 924.5383310793497], "HTR7": [985.2150655364163, 222.16366054642864], "SHOX2": [91.47611383009058, 700.3404464489436], "KCNN3": [168.09275752932032, 891.633923247734], "BC033961": [290.218972994093, 95.45674593927345], "MAN1A1": [41.889513371391274, 632.3928238076157], "LRRC73": [860.2625197664668, 331.9400559479867], "KCTD12": [191.42501743118655, 903.1297059896956], "BMP5": [284.1300294899237, 504.27042654107913], "C22orf42": [203.88790704039445, 580.2485558395476], "KIF5A": [101.87100016270426, 667.2467008157882], "OR6T1": [70.17172103460888, 584.7125222106376], "SYT5": [71.92473413593535, 114.04714608032481], "NRXN1": [352.46228388655015, 899.2006177357462], "SYT7": [35.13743769012382, 690.1045752505199], "GALR1": [975.6510506011558, 186.33495702816018], "GNG2": [163.48555344340178, 964.4078962157928], "ANGPTL2": [210.5405331656423, 940.9109193641445], "LRTM2": [69.96544899089406, 641.1802077624776], "CLVS1": [257.3309668732702, 33.29772929420665], "SCN3A": [108.45992821946714, 173.50164875430778], "ELAVL4": [202.02732400336254, 992.2733782628522], "ANKRD50": [219.41059653964896, 8.142866295813462], "ASPHD1": [261.09728600446886, 86.17940881497788], "ACVR1C": [901.491844489505, 273.2523553859015], "ELAVL3": [130.62712479606927, 22.34518424060974], "NOVA2": [35.69683499069839, 611.9204145955005], "FSBP": [961.0309895796871, 166.98489559877913], "DOCK5": [937.7000250846597, 168.72810374254755], "BCHE": [408.8292057647946, 370.273706197392], "CHL1": [828.0509248698886, 188.14821707704263], "CRYBA2": [162.96384514740868, 21.133842211788817], "CRH": [868.6864810468157, 165.48999228883866], "PNMA2": [117.77431337585489, 668.9433679405092], "SERPINE1": [101.2301652253056, 152.0577939066901], "TMEM132B": [13.398420535403204, 627.8456368789052], "PPM1E": [133.5037878712659, 172.75603595192615], "LOC728392": [882.2922297460171, 343.2822616166306], "LIMCH1": [950.7976168239966, 316.37570894258357], "GNG4": [209.8937665405681, 659.2265980595869], "CEACAM1": [796.4838604121653, 232.10286108537716], "MIAT": [914.1883036910722, 307.17275012971254], "MYPN": [296.643042150414, 880.4821019324734], "FBXL16": [196.0951400906208, 616.7132176478331], "CRMP1": [187.77645237195082, 27.85001516749105], "MT1E": [935.6719360173536, 289.01885283973655], "MT1F": [223.30244893559822, 213.76963436623763], "KCNIP1": [185.85178981209114, 753.3167360910252], "PTPRN2": [310.6021744446971, 977.0885542991587], "H19": [965.5301386421783, 234.79931659955204], "KCNK16": [164.6742990812999, 706.7090856739637], "KCNK17": [980.6980802737856, 265.7965015748499], "VGF": [901.3718917078545, 213.37930852016575], "LMX1A": [909.158068903982, 339.4645588160105], "HIST1H2BD": [236.89821810399832, 104.10222577268661], "PAX6": [344.14427173922184, 942.1800640810002], "IGFBP7": [148.6477250450087, 925.2786393417281], "ETV1": [858.785983513337, 242.99563417426307], "ABCG1": [173.25264492607172, 0.0], "TNP1": [932.4238187307234, 151.44240445167827], "SST": [853.9001091160382, 134.2470192340968], "PSD": [52.21354839691412, 660.64099358913], "INS": [245.007794843007, 168.32000528809743], "GPR179": [176.6850239009391, 65.79634755341755], "KLHL41": [198.57913530595616, 287.7252571467608], "TMEM196": [14.995254066831194, 598.1326319077493], "KRT81": [967.7761151747892, 280.26775105377646], "KIAA1377": [142.9752546500904, 685.9798607846802], "SOGA3": [831.2460190939826, 143.42207727928383], "TMEM130": [81.75715483472544, 134.2720384674501], "STX1B": [62.89987371591667, 711.2460527216926], "GHRL": [957.3760528552766, 194.87668529412113], "HDAC9": [199.17277663580327, 688.7177715770529], "SLC32A1": [128.78296858837098, 100.30394124053458], "GNG11": [958.8627689453049, 214.62958228222647], "OLFM3": [53.80708883854447, 570.0126785509282], "SPRY4": [82.55355261545435, 68.77760152400185], "TXNIP": [109.59576217808552, 87.27805159802239], "BTBD17": [233.78817788802, 563.6175229456389], "HTRA1": [257.46955672820775, 135.34494269013533], "SSTR5-AS1": [876.4039575865195, 131.44079862787214], "SH3GL2": [119.21464885863867, 129.89972429068], "NPY": [221.9378728447505, 176.39554551631676], "ELAVL2": [157.57999954264068, 591.9315962615619], "UNC79": [141.54415616694268, 72.60765070022967], "CHRNB2": [274.05120115124737, 49.354126369512414], "CASR": [319.03218308863813, 912.7520762103431], "DUSP4": [224.98454252631709, 998.5199899317065], "CITED1": [300.9238111585921, 958.3514846741775], "SLC8A2": [222.85270898405005, 972.6785177012785], "LYSMD2": [265.51419653675555, 900.3030072288905], "ILDR2": [205.18716816631627, 744.0082668073903], "NLGN3": [343.6088200803549, 881.0019681631582], "ATP8A1": [269.2540663752585, 940.255500005502], "FRMPD4": [220.18317897974302, 634.1186061117046], "C15orf48": [836.9825441681148, 305.3611377116017], "NUAK1": [349.92277807790543, 920.2399932907203], "GC": [140.009265252031, 46.60976640039547], "KCNB1": [202.40148606945786, 210.88677602424175], "OLIG3": [908.0116250159022, 231.97939978588857], "NEUROD1": [938.2111800915894, 261.2205757454657], "TPCN1": [96.1654102674355, 111.47922810244933], "CADPS2": [170.38364433357708, 561.4533028328538], "UNC80": [157.80540654983156, 42.706507878583125], "ATP1A3": [239.9849165562128, 945.007376112546], "LPAR3": [218.61698635174318, 457.67270125418645], "CFC1": [131.89522503118746, 548.6791066288472], "RAB39A": [276.594688297879, 971.6267610364353], "SLC7A7": [114.717080015372, 64.24196728510697], "CHGA": [99.60125441018783, 554.093979265229], "CHGB": [800.989135526251, 203.2068307057288], "GPRIN1": [153.45623981881465, 945.1710601246591], "CKMT1A": [291.90379003922504, 987.7888852807832], "CDC42P3": [801.762212757093, 262.47946326608854], "RUNDC3A": [60.02424806074339, 690.1711747749396], "UNC93B1": [197.55067154486312, 963.9085226920677], "SOX3": [91.71526027076868, 48.37376512527334], "SPTBN4": [92.58539704517074, 720.700603763679], "KLF11": [224.76553873763075, 907.2335814619853], "AP3B2": [238.4124476519288, 21.77192842598589], "PPFIA3": [159.4332842769172, 154.20364834005744], "CCNA1": [284.0559235631058, 71.07898844550402], "ANK2": [76.6109903254798, 535.3545542030269], "ABCB1": [28.07917276648209, 568.516676996644], "AL355711": [197.46875144105053, 2.5278418532052456], "LINC00242": [932.2803795570445, 330.2374162154643], "ANXA1": [867.6763278420522, 292.2946402163127], "ASCL1": [153.88381155741303, 531.7461980514593], "GRIN2D": [208.9251166605889, 79.48314984185168], "OSR2": [143.58940717189358, 617.8048991538243], "CPLX2": [118.10685536859256, 575.5118467088548], "CPLX1": [229.7236119488098, 41.713363917538175], "POU5F1": [330.8102264209276, 962.704422942749],