{"C3orf80": [269.2922653682198, 55.005450197154715], "TBX20": [656.1883028127684, 918.8327829647881], "SCG3": [371.8524776398255, 128.01189973515517], "SCG2": [418.35338391344055, 186.6864896539196], "RAPGEF4": [719.8947002641835, 893.6254442872187], "MARCH4": [533.2213691625701, 77.19433202008565], "MFAP4": [295.803255960628, 36.914403300622524], "HPCA": [611.5056684238446, 813.878901019418], "APOC3": [413.50257382963065, 453.6748072677083], "TMEM179": [731.4627185313469, 935.2861272611606], "ROS1": [409.1501493090426, 441.798200049873], "CPEB2": [642.9483533485762, 996.831497796514], "FAM182B": [493.25412597078576, 503.9573316069824], "FNDC5": [510.0657180998771, 497.57836150003936], "CACNA1B": [267.43081589198835, 72.211397558707], "CACNA1C": [455.3138564451825, 57.50930594535458], "PTGER3": [435.31523564556284, 392.3218971677728], "THY1": [513.3527182440018, 51.653180655572044], "NECAB2": [300.7279366952133, 62.22469631996938], "CAPN9": [600.8380537300873, 966.0237783883415], "IRX2": [335.1924222260755, 4.098002623324533], "JAKMIP1": [545.7941804021519, 429.71912146500676], "SPEF2": [522.8930105996712, 463.24346752817877], "ENPP1": [274.0387594360405, 40.64131834222678], "GC": [497.0939759149729, 3.1878588972329567], "MT1E": [515.5903808621107, 404.7069892597481], "U50535": [510.89020168335315, 30.182030985609288], "KCTD12": [539.1048578871852, 30.434557466444403], "GPR1": [594.6595303996453, 911.4631618452634], "ADCY1": [411.72036836712334, 467.9406486395128], "C22orf42": [472.3925824390678, 25.799959740284635], "KIF5A": [666.8980344249109, 883.3589207918044], "SLC2A1": [476.1794569465753, 122.56509815191407], "SYP": [506.5161896216727, 78.2783277676069], "CYP26A1": [655.6189532614771, 998.3239844083897], "GPR119": [536.2468756529539, 474.7308502205345], "MANEAL": [697.6169914969944, 872.4379710472372], "SCN3B": [489.1940327175188, 160.59453876927685], "INSRR": [320.38761252614086, 13.82927377206721], "IL10RA": [621.4056952050198, 810.1582645475713], "STMN3": [527.9062720874855, 446.96722507933305], "GRIA2": [615.9703685074179, 907.521873853516], "GNAO1": [501.71900472909175, 22.778193675885802], "ITGA4": [641.6829687305465, 853.331978751419], "KLHL35": [304.959845353539, 4.968629184051679], "FAXDC2": [655.3293358625118, 978.6821681157255], "CRYBA2": [443.44939067130315, 458.16327493770797], "CRH": [447.6399864863797, 20.48441726185274], "RSAD2": [360.7413223548685, 137.42507237837575], "TMEM132B": [328.74587395260085, 27.66894785786758], "ADAMTSL1": [697.8608760511572, 967.951642165592], "AMER3": [691.0764950234503, 949.3742304771616], "MIAT": [700.157753951562, 901.6001814180577], "TMEM189-UBE2V1": [726.205655220336, 947.945992964817], "ZIC2": [341.1724249015919, 73.3113174453415], "HRH3": [576.6634199504077, 702.9060627108032], "CDK5R2": [618.9234059116529, 986.8253540381457], "CRMP1": [442.3414041883191, 435.6490691761522], "SCT": [729.6802569358199, 903.0316099578495], "MT1G": [695.9257445475437, 920.0524223266666], "GCK": [589.3355287680091, 942.5508769416048], "DRC1": [469.37540235157434, 5.4436680314897785], "PTPRN2": [304.90687924970047, 105.30718128914424], "FOXJ1": [524.651315419544, 487.5476560137249], "G0S2": [282.09791674675137, 26.454689344004123], "TTC6": [444.0664361270705, 497.9417014292503], "KCNK16": [538.7833831627536, 409.59470040935173], "KCNK17": [321.2842759694075, 0.0], "THSD4": [345.9828797713759, 17.091578257389585], "UNC5A": [420.2330866310246, 479.69828803260395], "CHST8": [284.3599617607346, 80.43349513941666], "NFASC": [541.8217325468502, 88.52127720156128], "CNGA3": [435.8108956093759, 48.23369052024441], "GOLGA6C": [603.6016524888809, 924.4737560129993], "DDC": [457.2589990224331, 11.103235776553674], "ITPR1": [546.7732613327257, 444.33683560750495], "HMP19": [622.3660897936049, 860.9953862554355], "PRDM14": [301.7743367757831, 85.2689158554945], "KCNH6": [527.6175157244752, 38.039505486249766], "ETV5": [476.1053071736109, 506.3666845029893], "DNAH7": [458.44247839521967, 502.6005480193454], "LHX8": [686.7999682939173, 884.6736513678416], "ELOVL2": [677.5622989646467, 991.4926923831588], "TMEM196": [496.63451221916677, 451.5038860937149], "CACNA1A": [476.19095004669515, 409.34099760377023], "GAS1": [596.9329496705648, 953.6405112042183], "CD82": [607.3170103266644, 979.2451526915307], "EFCAB6": [668.5857094212648, 1000.0], "SOGA3": [343.14254287972767, 56.17916590531928], "A1CF": [693.9544017902111, 990.8081388301015], "FOXC1": [641.2502819377526, 976.8769058817159], "C2CD4B": [454.7934198406128, 417.5257138177545], "FSTL5": [628.3330683807291, 970.2547152074123], "GHRL": [510.3142354368066, 9.186686270009432], "VSTM2A": [311.38563287480747, 39.6053712983024], "MAPK11": [706.6951503525092, 883.9227469527192], "SMPD3": [511.33718919300054, 476.28006001398734], "BTBD11": [643.2707592608419, 951.1059812787631], "HTRA1": [503.04580553304544, 56.2172948367311], "SSTR5-AS1": [348.41239105234473, 32.667147713321754], "SLC25A53": [476.8188052003596, 485.78551518785224], "GDAP1": [303.5758259399445, 20.886621154544287], "KRT81": [671.2889652697945, 900.1528055764192], "CBLN4": [283.55586765780777, 98.2606691841217], "CHRNB2": [444.05096554325047, 408.3677440614711], "SCPEP1": [480.4286272133362, 240.39212091579256], "BSN": [660.4015242106375, 955.8819484855806], "TNFSF8": [481.3169005535461, 470.06480884871587], "SLC8A1": [496.215271985629, 485.9395141188543], "GPR83": [602.4250125415327, 898.9463084314192], "SUCNR1": [732.5691841080117, 919.2474994991995], "C10orf10": [627.4962665042751, 942.198666313519], "RPS6KL1": [428.7012547751374, 460.1378712340231], "CAMKV": [272.08631957682314, 88.6832149329513], "BC133018": [431.4745494200724, 421.6165429149324], "KCNIP1": [654.3995491951611, 868.939702835006], "FEV": [476.2501852757974, 79.57852030139628], "SEZ6": [476.6009819002641, 159.5517561913868], "TMEM145": [514.4116996238147, 438.4011842356886], "UNC13A": [487.9963660013113, 21.10178820360045], "KCNH1": [525.7843702328277, 55.81821784571011], "GABRB2": [614.7876777037352, 962.7770407338238], "C11orf87": [611.6572232295281, 946.9485484800957], "MAPK8IP2": [291.8555558313727, 15.898860365600115], "CNNM1": [630.5343452113699, 993.1346573340959], "RGS17": [325.3720811150082, 116.89829706786873], "XKR7": [706.1557100685628, 983.2577164164406], "KCNJ6": [672.2997365649826, 867.7971543699315], "GRIK3": [627.2115936194404, 896.9059605405424], "IGFALS": [543.7633449874807, 459.79693596204277], "SLC35D3": [348.0491195695584, 93.6582812855948], "GPD1": [493.0621423232301, 39.69578250471139], "KCNC2": [533.6927096223396, 422.2772388646623], "ANKH": [676.6707237152459, 955.1292212999251], "CHGA": [462.7689760145741, 395.4532894305655], "CHGB": [434.5419104593053, 66.40024586505541], "CKMT1A": [280.3105524945296, 62.34420914747068], "RUNDC3A": [498.14664064682114, 127.1505589823785], "MAP6": [529.1842266778906, 399.26678456893126], "GDAP1L1": [590.1347517591338, 929.0825676805492], "UCN3": [715.7950133127569, 972.4866467494725], "SPTBN4": [490.82772100233166, 100.83403451749712], "FBLL1": [482.7140631985311, 2.7601691827501895], "RIMBP2": [511.7591904056836, 113.01401466728464], "ASCL1": [421.75515117393365, 436.7442260435211], "PLCXD3": [477.36124367835583, 379.001950352485], "GRIN3A": [623.9937692719274, 881.588749592892], "RGS5": [410.6916134714275, 422.5648348942438], "RGS2": [420.4669936645606, 406.06703090896735], "TUBA3FP": [429.6083655397706, 490.98855466733676], "ACOT12": [688.1931954064154, 977.9857754136466], "DISP2": [444.25302425317994, 482.2216016226065], "TTLL6": [722.8549321399798, 960.6062788082395], "NR4A3": [479.48371255916976, 437.09873659531786], "RUNX1T1": [454.34363608450906, 471.1323592504394], "FAM150B": [669.3752275393887, 979.6758554939744], "BAIAP2L2": [288.75841704942786, 48.14836404775838], "CPLX2": [441.0143561915667, 33.09836680455953], "POU5F1": [521.1363763315493, 100.88261414129852], "RAB3A": [716.2668103563524, 910.5135938130312], "CALCA": [445.5766910852216, 77.67610066971181],