{"TAP1": [782.4788683259213, 934.4635469888824], "AVPR1A": [403.67273428918327, 88.41280227528927], "SH3RF3-AS1": [380.22266517265825, 498.1491464903625], "AMBP": [275.92130066153766, 3.432721340791204], "PCBP3": [390.101032553617, 515.7383027672524], "EPB41L4B": [727.3677898709238, 999.7203326961794], "GPAT2": [377.5049926073702, 93.00467587663763], "CDRT4": [234.77178997276013, 27.765266782174194], "HEPACAM2": [300.15817591726574, 550.9400094070851], "ZFAND4": [446.51646244600744, 620.0907608166079], "APOC3": [382.6099236942462, 76.03915562599195], "APCDD1": [693.3414143436136, 983.0317057094323], "AGT": [266.62759560357324, 0.929315839164019], "TMEM171": [215.58187791078703, 22.15111172290142], "LHX1": [750.7308217045178, 888.0788083942905], "PGBD5": [204.06157849056981, 84.90168629705681], "SAMD15": [217.79760932759092, 58.934969147386596], "LINC00305": [268.45816745423497, 62.583598632301175], "RGS5": [226.15258645302026, 91.02656932088382], "FAM182B": [347.7995170352002, 557.8049379180777], "GADD45A": [395.0198655136622, 74.57697675011275], "CACNA1B": [685.1482169352712, 906.000078342938], "POPDC3": [370.15664715159375, 561.0668818728254], "ADRA2A": [256.9780140069553, 0.0], "LYZ": [786.3779210662758, 924.1433671104387], "GADD45G": [749.4008303333644, 969.3783269659511], "DLGAP1": [357.96857642382923, 490.6775932232983], "NAALAD2": [764.3237583411976, 994.7219934905493], "RELN": [322.0938500932268, 568.8900428334049], "ATP6V0D2": [680.8605630606551, 957.6935373232914], "THY1": [208.78938676185643, 26.34979740121861], "SV2B": [426.33691415973226, 536.4429631021308], "WDR66": [236.94713359380412, 3.5604480305076436], "MYT1": [350.36739354508404, 395.27814640098046], "CALCRL": [693.7755488450408, 902.3005796194641], "HLA-DPB1": [725.1387300915335, 877.7235617832166], "SLITRK2": [753.5697136280327, 981.2992184707307], "SLC38A3": [719.4782191728714, 990.997821818826], "SLITRK1": [201.00600479375794, 41.32385082817848], "HOXD4": [293.9573742287607, 54.355251057967564], "PCSK6": [385.72285998797196, 533.8758404351872], "LRRC6": [414.3591433765996, 145.19746357559535], "NR4A2": [260.24500584789683, 69.12613664748233], "FLI1": [366.6410492777334, 526.6235677360102], "SP5": [427.0182333328759, 517.5798172605445], "BCAT1": [678.4917652707443, 941.7458528868929], "GSTA1": [744.7644837151474, 875.6108294398691], "EHF": [263.95463818809725, 24.40081777571504], "POSTN": [360.2671765497855, 569.1035524370753], "CALCA": [316.9460413630463, 545.1306393779071], "OCA2": [356.1347767193182, 152.8361971075584], "ADAMTS20": [420.60817826247035, 544.9215953107575], "CACNA2D3": [324.30446767699556, 555.9937083882596], "TSPAN8": [782.1307753033844, 962.3325059548602], "ATP2B2": [291.0595274510031, 14.732899125481822], "GATA3": [327.4132637719359, 495.72544558245573], "C5orf38": [345.82766129368775, 570.102209669434], "GPR3": [773.6450106608918, 885.0494945941157], "NME5": [344.76399803240116, 395.91806062336843], "SOCS1": [387.6698738940167, 159.98032347163306], "PLD1": [218.09684792983953, 100.30888891880181], "MPV17L": [384.3953428327061, 173.14942095110516], "CCND1": [226.73307537176333, 22.964511222015233], "ROBO2": [225.0175362547049, 78.12459455845709], "MAGED4": [404.4533159392766, 509.45530169340725], "SGCD": [366.3677702873461, 508.7340799505049], "MAMLD1": [406.57866407500796, 497.63221414059365], "ANGPTL4": [717.7338757553556, 960.6699724109544], "NPY": [766.0826423784157, 985.2280112829442], "DRC1": [253.5294253878022, 24.212290024752065], "HGFAC": [305.3975337929492, 562.3132287488481], "PTAFR": [735.5691702263466, 902.2156350929868], "SLC19A2": [197.3431363512011, 49.81285001807163], "SCN3A": [331.3308980733691, 518.4339941684017], "HHIPL1": [312.65648516083047, 572.2149408194365], "ANKRD50": [413.8068485449889, 517.6088881387069], "KCNJ8": [371.01726025573373, 591.8166357417814], "MYRIP": [775.2092438265122, 988.0290807821793], "ELAVL3": [738.5918017096055, 999.9999999999998], "SLC7A7": [744.1458873512983, 987.7316533892365], "KCNG2": [361.17592396658137, 592.6286233214583], "C9orf50": [243.21247294159775, 12.255069593250823], "ITGA4": [341.71953701689654, 590.4376876331803], "ITGB3": [700.5560940411824, 892.876639509971], "RRAS": [308.5229172608297, 541.6142396549635], "C1QL3": [356.5993732580958, 579.3304954607506], "CNTN5": [334.7612878949616, 484.37585693444913], "CRH": [366.4823741125407, 479.89720780367134], "PRRT2": [749.7641840291609, 897.4744146776711], "C11orf96": [366.0683102175246, 581.6841384356824], "HPSE2": [287.0202047720269, 64.38206036801091], "TSGA10IP": [792.2620926891999, 951.223175017846], "PRLR": [338.348601560717, 579.9041548298972], "AMER2": [728.0516634471498, 964.5770115554178], "AMER3": [424.23209173773466, 527.4559781971213], "APOH": [394.67603089762406, 84.52389477480824], "BICC1": [270.90154070416645, 13.194291500337613], "MIAT": [275.0874533869079, 38.33491966185653], "C6orf141": [252.32095487432312, 10.803071836832146], "GNG5": [299.6892294454044, 516.6764489286273], "GRM8": [754.776899204468, 876.0200554254984], "RNF135": [216.56494022972723, 83.21508766368521], "SYT14": [779.1916721646288, 944.7542783038275], "HOXB3": [705.9144200206426, 885.0967674562642], "GRM4": [299.3195146712112, 45.1704163112293], "DLX5": [346.0608862918611, 493.2958352435775], "ANKRD18A": [420.2496883062042, 512.0431414100698], "KCTD12": [277.9489001347197, 73.52111112293545], "NRTN": [367.98855600453396, 470.00065661326056], "SH2D3C": [429.7768540540971, 136.0272446698663], "SEZ6L": [349.0344109711047, 510.80577623153533], "FOXJ1": [296.68669431884865, 24.072612676338736], "G0S2": [320.03364312347, 518.6469317229285], "KLHL35": [736.9904920428908, 888.2044849239892], "GFOD2": [385.9362604033762, 85.47314774019617], "AREG": [408.156614220921, 551.1708644235923], "HOXB2": [374.65084618412885, 130.2688931987414], "KCNK17": [711.7040575574471, 896.0308084193905], "VGF": [335.0645407412908, 133.8502712627818], "UNC5A": [760.9073365291475, 950.6317521843753], "LMX1A": [398.20083954270086, 540.0718043658603], "TFCP2L1": [759.5573423687247, 925.067435084429], "C1orf53": [679.2990462373652, 924.607268607132], "BCRP3": [374.67849051002486, 577.8798848220972], "SLC26A4": [395.756726507585, 491.14493627088484], "ACO1": [414.40274287258967, 584.2723463221453], "CORO2B": [356.1109689725822, 476.12198433289757], "RAB26": [694.2280365525903, 924.6718051590228], "CHST5": [325.84458912019926, 481.9496270741098], "GALNT3": [756.6292422324741, 958.7170591766326], "BCAN": [406.8842567440165, 96.80361704584601], "OLFML2B": [390.55603703127815, 499.4299222317775], "PRDM14": [348.29581296645495, 579.7530148632512], "SCUBE1": [210.2171535889562, 66.09361049452468], "MTHFD2": [402.3099103466683, 484.1006692324363], "LRIG1": [763.4962273815686, 898.6668054179775], "TNP1": [336.2140576680064, 145.5028199464698], "GLYATL2": [310.86088037453186, 509.5458112464461], "CD274": [697.1680301938006, 913.568085175975], "NPAS3": [352.6072404020718, 452.1572003291922], "TCN1": [772.8197214251713, 929.3521097533655], "TNFAIP3": [421.84014795891966, 554.7283915045482], "INSM1": [331.0599890259224, 586.614447807814], "GPR179": [774.9974915609412, 899.4875150896726], "RRAD": [309.5959399385593, 552.8742769505598], "KLHL41": [380.07638464617065, 588.8623762466057], "MYBPC3": [784.6137270578001, 977.4669042856724], "ITGAM": [366.27971366995365, 124.31599167652982], "HECW2": [298.1558109158703, 539.5009014633117], "SLC28A3": [419.8089601571352, 153.7641862592575], "LDB2": [395.25017863739197, 578.9778203170763], "CHRNB2": [317.71341982787465, 487.4555553249606], "RXFP3": [404.0519083185657, 112.00996918515978], "RTN4RL2": [230.5402590270828, 70.35908220636361], "WNT3A": [337.37191417142867, 122.56298750782335], "ACTA2": [414.0660637446823, 563.1345183784017], "C2CD4B": [261.5145767943016, 11.160893994577236], "RSPH1": [694.2511935750531, 962.611821287659], "NPFFR2": [238.1835056446212, 42.869770036368834], "MYC": [379.93184621865566, 469.4327739164792],