{"HIF3A": [981.1145021554355, 126.0304554768702], "FLVCR2": [53.48580202328401, 872.3204210725696], "LINC00176": [527.2786113518225, 423.5908850604137], "MPC2": [501.1008314770209, 413.9909301920941], "CKB": [829.1904971018541, 69.45378161630583], "FAM222A": [377.9000813701306, 395.3900204586812], "MYL4": [920.5128948913074, 142.92119978533987], "L1CAM": [653.851940802707, 291.68905354650644], "MAFB": [33.336000213697275, 841.1856237020042], "RARB": [457.61696908441706, 418.89304376919773], "GADD45G": [79.64750034334645, 914.9403814975449], "FAM114A1": [58.200064197831125, 845.4282354247562], "MARVELD1": [499.8930229517382, 436.62191424744805], "FAM95A": [365.202495064092, 390.45568336399606], "ISG15": [913.5796507584935, 73.70222562440074], "MYC": [22.261746152155183, 880.095305622755], "FGG": [879.5309046096002, 177.4363890319653], "FGB": [375.02516356031015, 372.0817384055481], "RNF135": [827.5961082679759, 188.76975806632174], "HLA-DPB1": [477.7073376318698, 374.73632284255115], "ENTPD3": [846.6641899262274, 135.92920249371946], "LIPG": [526.8154534523173, 445.86325025102974], "ARHGEF19": [899.9836261299012, 33.6336264398559], "GLB1L2": [386.8938803334836, 357.67415950039157], "LEFTY1": [531.4393849950158, 396.3200102903557], "EHF": [843.9063479145101, 112.59650294097423], "HRK": [41.60803072117858, 930.8401192953758], "CXCL5": [418.6240898112658, 395.9303325035306], "NKX6-2": [881.2448272678986, 89.0055647328964], "GPR3": [963.4049765978881, 179.4557826092365], "NME5": [859.7030059189324, 91.94669925488665], "KAZALD1": [553.9888781237512, 347.0095518106558], "SOCS1": [150.9973809402378, 922.0793485745503], "RFX4": [385.6213712972092, 419.4207167872957], "HCN2": [997.2970958759963, 135.53086994701084], "PKIA": [444.5545564647914, 337.76107767678764], "PPFIBP2": [409.7098368342936, 371.8230978004275], "AHR": [918.4036421932911, 33.6850025157795], "SPEG": [441.36203205338643, 479.15040606944257], "SLC19A2": [878.2082473252455, 212.36402286922092], "GRIK2": [993.5028571512066, 167.77416180154898], "HHIPL1": [452.90621371796476, 370.17827711710544], "TNFSF15": [133.56160070884096, 902.7512444282403], "MYO18B": [25.49020377366412, 898.4744092059082], "SCHIP1": [842.5305472045197, 175.73625719378725], "CHL1": [837.5519317022502, 55.12558994619309], "TMEM185A": [493.5890785696405, 489.10260071431264], "AHNAK": [119.81163173169068, 884.22090261694], "FOS": [58.78840418432651, 899.1540649662454], "SOHLH2": [420.4804232865516, 474.5876558173588], "THBS1": [981.0583064803324, 180.37923961213946], "PNPLA3": [416.8211602520268, 347.22877451090227], "SAMD5": [367.44153290695954, 419.9062107198347], "IGF2-AS": [931.307219992203, 83.17441248754841], "GUCY1A2": [1000.0, 151.85798114639033], "HRH2": [985.5444920115563, 107.99761160503289], "TNFRSF9": [153.44724068591557, 903.6333942798587], "CEACAM6": [865.3916593321555, 65.08543880863408], "NPPB": [24.92079388563502, 940.1768060818927], "CCDC50": [144.03775494340329, 877.2009142448417], "PDLIM3": [67.59991941450619, 964.7287521826416], "UNC5C": [982.3124544368874, 76.26099922810147], "LMX1B": [507.7282098666149, 473.19200603056385], "VEGFC": [970.2232562856482, 60.55748520280821], "PTPN3": [783.6202323289083, 196.59705429863035], "AFP": [936.9672812294566, 38.96299880661121], "CMSS1": [430.88203922099257, 453.0546188349433], "GALNT3": [102.54524566618238, 922.6904434311764], "EGLN3": [56.940097882870305, 822.5918081812097], "PMP22": [427.82158497164676, 334.72828383198004], "KCNH1": [0.0, 875.6130439105152], "LRIG1": [13.350263568089872, 838.5086442515028], "MYBPC3": [496.8233754229841, 390.7455960749939], "SHISA3": [862.3512592127149, 208.04119184251385], "GAS1": [974.4900636319085, 199.103623349321], "FOXC2": [892.5515203136815, 137.6354868827712], "NXPH4": [35.9953493814578, 953.4499511714806], "TMEM88": [997.4719940250591, 119.04448298586925], "RCAN1": [137.3061371738803, 932.1768789524446], "ONECUT2": [51.6016588491226, 959.9163335658106], "JAZF1": [896.6747145045927, 63.603483772160814], "TBX3": [89.16305795785092, 875.3083493315664], "NPHP1": [833.6438501726186, 95.983009907915], "PTAFR": [813.6743230985777, 163.67187414974734], "GRASP": [403.103635575284, 350.9988661301782], "IL1A": [511.76231473915243, 367.06730351156796], "FLT1": [899.9411496573262, 188.33647893390642], "NEURL1B": [921.9321632862957, 116.91289593309443], "AREG": [414.66597657181, 503.3649275251226], "CATSPERG": [398.80661901329256, 484.92764264830635], "GDAP1": [100.39057856416184, 940.8443074388492], "ZNF385B": [480.9040630761077, 500.9247905537696], "SMTNL2": [401.434983512693, 465.090645275848], "FOSL2": [919.7789553299804, 193.8486565523006], "TCF24": [944.2986831155881, 216.07614840257642], "DNHD1": [91.72132164688878, 820.9468416796514], "ANKRD29": [461.9011206913448, 502.27920784865074], "LAMA3": [562.5401728461073, 360.4395884631602], "ESRRB": [395.36317593206036, 384.0684241378747], "CCBE1": [866.899955926371, 38.47606612303042], "COMP": [842.1168112142414, 82.90102562455337], "MCAM": [957.3752525305954, 115.22578077759334], "KIAA1045": [926.4422172901814, 54.44246062024661], "MFAP3L": [957.8665265075908, 136.116589074204], "GRAMD1C": [974.5642303662661, 165.400102629735], "LRIG3": [496.96146398218536, 456.56311843352546], "ANKS1A": [441.03447937864195, 501.3263690756185], "HEY1": [60.51291181408908, 937.582155687882], "GALNT14": [959.48034719988, 210.7917866030448], "RAB33A": [694.3319272046236, 264.86904769862235], "ID4": [970.2438380541364, 101.8906742034124], "LMO3": [523.0351511483217, 465.49417086213055], "NRARP": [812.2892758612444, 107.177619863561], "ID1": [14.643971474549971, 926.7023600803611], "NTM": [820.1078476119656, 142.4841727996357], "RAB17": [117.91754115781373, 956.7436201325178], "IER5": [946.7882053446881, 95.91068346937055], "LPAR3": [4.1021429979956565, 856.8528053992604], "CPN1": [417.7216991382385, 419.5058394965719], "HAPLN1": [431.03890244719247, 361.80913280820283], "CFC1": [127.36616493691923, 842.1146268632358], "NKD1": [29.442030610976076, 916.7388680710184], "TGFB3": [957.3579910187384, 194.57601021244574], "GPRIN1": [79.88151675328663, 943.4247991378592], "PRSS1": [397.6781189142212, 400.9623886675589], "MOXD1": [952.2662778468163, 155.27596962253108], "SOX9": [889.5026370723538, 224.33430068386576], "BAALC": [289.1621623005163, 627.3171690363293], "MYBL1": [934.2315163158194, 163.3452270117449], "FBLL1": [860.0549848714088, 157.89456419590175], "PARM1": [476.504541910131, 347.7052406281476], "RAB3IL1": [131.04527487848003, 946.7673465985099], "CEBPA": [852.6129810331613, 53.61617514181029], "KLF10": [942.4641118757172, 61.989545306224215], "PLEKHF1": [84.67747534734349, 966.366373560144], "ATP13A3": [883.647954972078, 34.33557410105669], "NPAS4": [489.8134189843794, 363.7221083869484], "TLN2": [478.83290981931293, 475.65366409700727], "FUT5": [937.9795395236797, 198.01299956430512], "DNASE1": [110.08701314336338, 829.8431059939873], "SLIT3": [391.10295490601777, 451.31305053682956], "LIPH": [963.9800830698473, 88.06716023960666], "LRRIQ1": [29.205037672845833, 824.0295878881653], "JAG1": [0.3007706252268463, 894.070233984487], "SPINK1": [903.4581131228409, 214.46495662530174], "TTLL7": [992.940730802701, 93.3836536062189], "TMEM51-AS1": [982.8033247346561, 148.1588774823918], "CALCRL": [364.6894151829104, 524.0767387420054], "NR4A3": [816.1077619951479, 89.366590727676], "ATP10D": [374.7164323208763, 533.0823195034664], "NIPAL4": [902.9252530322694, 98.47491548705204], "SERPINA3": [855.4882556257649, 191.4550869722992], "EBF2": [73.05625495194238, 814.1821260818217], "SSBP2": [914.2262606139342, 226.58775257268994], "NRP2": [815.5748027554002, 124.6193529105351], "TAP1": [929.8792439719464, 223.5454751661713], "SLC20A1": [375.56191489933497, 452.9083649977166], "TBL1X": [460.66938669840874, 475.42449694392207], "PLEKHG4": [101.9375630290399, 963.9140332400386], "LACC1": [956.9408694576811, 71.89605280810031], "MPPED1": [26.489487089872682, 860.7725578594641],