{"CDH11": [85.92784929251815, 912.9050434214719], "NGF": [308.5678568274937, 793.1763140126214], "AVPR1A": [211.97976468774542, 947.1659359519588], "FJX1": [64.09635602386015, 734.8452590971394], "NUAK1": [288.23827882334376, 698.9827685980365], "MYBL1": [699.8369800086806, 209.7965576458946], "IFFO2": [137.2162333827544, 634.7069828236091], "KIAA1653": [313.6987289531985, 649.7839991045769], "UNC93B1": [888.826216072344, 157.83498817252718], "BDNF": [1000.0000000000001, 193.47957996750955], "NAALADL2": [718.6339267891937, 136.51406809672136], "CARNS1": [996.3491352883518, 247.35926950982306], "KLF11": [815.4011808757547, 249.68734050347373], "PGBD5": [872.4346229304097, 52.83406404804123], "NR2F1": [864.5974650848826, 110.36199504022431], "PDZD8": [246.080167062379, 597.1292424987411], "CLIP3": [51.50620199861709, 854.6430274734912], "NEXN": [339.69011898425526, 855.6151181171325], "CASR": [982.6363076994915, 297.47611045749807], "DUSP4": [954.0653562749179, 342.7996007010759], "IRX3": [208.36234439601895, 740.6069668129361], "KIAA1683": [728.8253746422843, 376.1453101496716], "GFOD2": [79.77603771025707, 672.0184153382329], "LIPH": [363.14800105903106, 725.189291669386], "SCN8A": [21.18470496940779, 655.3532797928472], "TFCP2L1": [173.4752053097732, 874.8847337707682], "C1QTNF1": [146.2198776956049, 939.6462600850605], "TNFRSF21": [274.85276894690395, 929.36053162489], "SHOX2": [0.0, 730.9051161412774], "MERTK": [672.9605017774826, 306.8035427386373], "SLC25A25": [99.3747340961209, 849.5052181265521], "PTPN3": [78.0219340079783, 595.2824525292134], "SLC15A1": [21.620854215959696, 801.1434742027006], "FOXN3": [899.6259394274286, 363.34726205525874], "KCNJ6": [827.7215127574763, 367.68801509259805], "LRRC32": [581.1796699498923, 438.86599323675483], "NOG": [777.162634557257, 113.7232949960399], "TFPI2": [826.801007549844, 84.10915012563845], "KCNK12": [216.9554817353896, 634.3030791458878], "NECAB1": [373.7236944048146, 802.4298510057199], "PTGES3L-AARSD1": [158.9256325837257, 569.8020535455528], "PANX2": [926.8675344024283, 89.43810523569772], "CPN1": [112.23068567605554, 783.4371981655404], "AX747167": [954.1679055610099, 168.51160814957603], "TMEM151A": [242.61042259564923, 886.8635890936221]}