{"AVPR1B": [386.28073149237457, 564.8416940121091], "TGM2": [422.58523931823447, 601.7719901424132], "MPC2": [410.368123527109, 503.7827810187508], "PCSK2": [180.366941974011, 135.15764006614398], "PCSK6": [205.20364644443083, 108.33002999227077], "GSTA1": [474.6111127598798, 473.5452820267229], "CD36": [440.57630519285954, 647.0797842814844], "SYNPR": [444.4059970573468, 621.4225166126157], "HPSE2": [729.3159297679683, 821.5162086572534], "CACNA2D1": [138.25787235441925, 42.077652321365235], "LHX6": [481.91054779635874, 555.2778156691732], "AK092048": [171.53801282146077, 19.206656178551782], "PTGER4": [884.7399060042317, 923.3666500952775], "ADAMTS9": [189.6525991904631, 30.26418232242662], "NAV3": [441.90839629891093, 519.7717721734205], "GUCY1A2": [234.02645585310898, 46.57550864121208], "NAALAD2": [439.75488733877415, 548.8917245109484], "MFAP3L": [276.5505667223937, 226.36766153364545], "MYT1": [832.1393119251524, 960.786790005181], "RMST": [564.5859202891087, 510.7347569822063], "LIPG": [296.54174448029295, 137.58548311805427], "CRTAM": [780.4620614094097, 998.2918697683497], "SERP2": [568.1697008214144, 576.6485451198948], "MEG3": [797.7783648518576, 963.4284860293365], "SLC15A1": [812.4131653527277, 831.0504467378482], "NME5": [467.84700559909373, 501.64332059558814], "KCTD16": [313.78050324155294, 115.8273030561264], "CCND1": [140.17211324639834, 62.18851105198996], "ROBO2": [286.59358333184326, 88.06346317643124], "NRXN1": [163.24425119344738, 187.96766586221847], "SCGN": [312.9636460117354, 64.17376520818195], "GNG5": [161.1550635842737, 81.13452094939467], "GNG2": [511.00000445360877, 508.0852375026693], "ACOX3": [194.71826626848576, 6.23960864839745], "GRIK2": [214.35750204257454, 72.267840103873], "IL20RA": [315.2806176467701, 88.99018543830715], "NGF": [188.1779236602987, 189.662826293645], "C3orf67": [405.23327371709684, 580.6964143902778], "LPPR5": [407.9563488160338, 456.2066828910081], "CNTN6": [116.69304602261457, 95.97477238809847], "SLC25A30": [557.531855453292, 598.5748703433705], "ACADL": [214.51711411428158, 17.394562987442896], "CPA2": [530.0008392554262, 542.5506452309337], "MEIS2": [342.58034782789775, 315.6377735281058], "PNPLA3": [252.13157415449433, 94.43512413206668], "PALMD": [143.1540185374538, 172.99997491580908], "GRAP2": [182.6623816697956, 63.29637651683237], "MYPN": [408.123740459437, 535.2977702401719], "DCHS2": [824.1460009705166, 994.710076192823], "VGF": [387.97601717459577, 591.8976921414617], "UNC5A": [245.9743037952328, 8.785552863075281], "CCDC3": [739.4660537148561, 979.4379025884855], "SHB": [853.5913340749486, 848.8392845295521], "IGFBP7": [288.2522411252215, 61.8517834370374], "HOXA-AS4": [432.500314414899, 443.3228486410504], "ST8SIA5": [286.4633697428812, 23.223671801672936], "CDHR3": [121.37847396937025, 73.77607735644952], "SCN3A": [573.7023861070357, 554.2400813806616], "HECW2": [262.2842761115975, 46.09989205290083], "NXPH4": [499.6610991746169, 484.8547012466473], "FJX1": [147.3979586449786, 104.33852679051842], "TENM2": [748.9275680747974, 807.428892664037], "TXNIP": [655.2238846716326, 744.611242509441], "BTBD11": [154.2375808976288, 29.556269359565817], "MECOM": [782.2709728335833, 896.7013076224857], "DUSP4": [849.3429893168309, 938.8673120677186], "DLC1": [846.547192962734, 986.4794561176855], "RXRG": [572.6498642838234, 531.699593873131], "CALB1": [400.1285440541817, 615.1512140891709], "LINC00907": [646.0804823131867, 751.2815427383503], "RGS17": [876.1444611014429, 871.4749389621838], "COMMD3-BMI1": [121.90478564580002, 144.51409946127887], "F5": [826.0648927875837, 916.8186298580795], "CAPSL": [415.41681050818545, 637.119826198505], "CADM2": [712.9910326217498, 915.2334757037495], "PAPPA2": [871.7453169499086, 946.1840477090236], "UNC80": [698.1178411107708, 849.6469083644827], "CXXC5": [140.13426819437262, 129.91092187702114], "COL21A1": [114.64065664040498, 120.037498391962], "MYO16": [243.08955537865876, 191.43799984146813], "CDH11": [467.92705524874367, 627.1924028779222], "HS3ST5": [366.11926519184397, 356.4801887575253], "CDH12": [496.0050585600967, 607.6648061399363], "CAMK1D": [725.1355819681198, 955.1520072725318], "SYNPO2": [266.6811026634682, 12.282797621873101], "PCOLCE2": [161.30269686248454, 156.16905121247973], "MAP2": [765.2546995020957, 946.4244509817024], "FOXO1": [787.1167533726472, 850.776548724933], "LOC100996634": [712.800216002831, 840.7068016690312], "DSCAM": [861.7354870946299, 967.4115300264646], "SMOC2": [520.748913571797, 634.9747671925634], "FBLL1": [851.0097650078343, 897.3286746781737], "RAP1GAP": [551.0493000738245, 491.95442411088055], "LYPD1": [297.9670796822569, 214.149822714832], "NEFM": [213.83741525253367, 184.48800357589292], "PLCXD3": [529.292181279394, 478.9382206111053], "SLIT1": [540.890446411202, 618.066525675557], "SPINK1": [496.99137377741283, 647.6302350325691], "SPON1": [468.96078760795535, 650.2423494869771], "POU3F4": [228.63168466833127, 118.95138237337937], "SLCO2A1": [305.06595569977316, 39.09554431010315], "CES1": [759.006727135912, 992.818552676423], "MAN1C1": [739.7262130453521, 902.7064505595317], "RAB3C": [885.359343359595, 897.5929456609285], "FFAR4": [830.7318240429606, 870.8439803442513], "LOC283731": [285.65314249431265, 166.65660266381218], "CYB5A": [802.3757996391823, 1000.0], "ZFR2": [226.43960555113006, 0.0], "COL6A3": [521.8275290778488, 580.3215759520251]}