{"TAP1": [641.7897005046395, 994.6542051460051], "SLC6A2": [379.66821907885657, 433.5921622221963], "HSF4": [348.4902728037873, 94.22419096994128], "DL492557": [384.46292818811656, 521.2027680223381], "FAM222A": [643.4946909699136, 977.9716836190064], "TBX20": [655.334485343245, 970.7034933932191], "CDRT4": [585.2707153877743, 925.3089119209751], "NKX2-8": [385.5419053517819, 486.8650016379545], "JPH4": [440.77320230002476, 479.0680954319198], "TMEM179": [427.15772413694197, 434.69195039010026], "NKX2-2": [375.5244111919653, 69.73765333276498], "FBLN2": [662.3240380758547, 980.9444758222921], "AGT": [369.446871513695, 552.1909717196904], "BCL6": [646.2550542680891, 884.3018681533097], "LIX1": [429.38318777787373, 451.7443975075537], "ADRA2A": [669.8542797921789, 917.987736888989], "CA8": [380.44337660933206, 4.244019365533745], "CGREF1": [549.4848960633311, 925.1359246691986], "C5orf46": [337.17192112996224, 521.240648580648], "CDH5": [404.62348639592153, 45.891095214403094], "NECAB2": [315.33533579643915, 512.4598828098334], "GLT8D2": [412.8020855724869, 532.763193747111], "SLITRK6": [591.5621622173333, 984.349597590862], "SLCO3A1": [344.8214723978224, 24.391555326113803], "CDH20": [609.103649021132, 939.0547896787707], "HOXD1": [382.2640036775657, 99.97127940657003], "WNK4": [663.7603433852312, 932.1287225594756], "CXCL14": [420.6964515420904, 21.306251580918115], "CXCL1": [550.1136682696623, 952.0739120436036], "CXCL5": [560.9655404835428, 958.1461653632532], "RFX4": [561.1639068743889, 899.5214724884047], "FAM155B": [428.2096919871106, 45.97865671132536], "MEGF10": [354.4521500801489, 460.11371340472925], "SLC2A1": [587.7022535464481, 967.1200244820511], "GNG3": [413.31876753777664, 88.14250649911833], "WNT7A": [451.06139651773725, 472.47181472332704], "ID4": [434.47298721871323, 492.2871900438632], "AK308605": [384.80309628660365, 14.825484952183729], "MARCH3": [373.5204288956741, 452.22926148442525], "ACVR1C": [410.3767095856327, 545.7064822240756], "ATP2A3": [342.9733746760964, 531.2930223895846], "MAGED4": [344.2798395386933, 51.68870428997138], "CELF4": [568.122512236297, 918.2973221031433], "LPPR4": [415.3617310743098, 448.62898628189635], "SLC25A30": [603.6352165056959, 971.9444720592644], "MAFA": [613.3188350212158, 921.7660738103932], "HSD17B2": [364.2816982722496, 99.51468313451471], "CYP11A1": [403.93022119276213, 516.5235579914066], "AK097012": [394.00241703993845, 9.016994205801325], "PKDREJ": [510.61691180625735, 726.0607269327529], "PAMR1": [318.5983091066272, 488.97248604805964], "MFSD2A": [679.6338788811609, 893.2984886243108], "EGR4": [379.0551160715231, 540.283814907978], "HSBP1L1": [674.2966901221901, 950.103818477381], "KCNK16": [687.2299007900837, 933.7551222623563], "ZIC5": [429.8603621357037, 531.7074411701285], "ZIC2": [442.3035182663586, 514.0803677669222], "RNF135": [355.05397547980624, 438.57876174345085], "ANGPT2": [634.7742548510329, 893.7719292867594], "ANXA13": [595.2882029670895, 879.0290938489962], "CLDN5": [417.9446304595008, 479.370751829627], "DRC1": [426.26210763925553, 33.649111663545455], "FOXJ1": [396.0176362554131, 538.8226907738186], "DCHS2": [565.8562534602357, 979.9623675569786], "PODN": [342.33215035751823, 433.6984913208962], "HOXB2": [411.69776151392176, 497.9970181406722], "MN1": [657.2262801003374, 871.3769817718794], "C1orf53": [645.2720504397855, 926.0630664695057], "MMD2": [669.8115315211616, 881.4893351710357], "DCDC2": [558.2599437241073, 969.5723735028713], "BCAN": [630.6542199521241, 874.9655571359754], "ANG": [657.3922116259693, 893.5043850145858], "DEPTOR": [577.1094453588526, 989.6740397076189], "NLRP3": [594.0932350557695, 856.2401726100816], "LRIG1": [685.9300472475176, 920.9418939738742], "IRF4": [335.5479472634968, 86.77002012624303], "GPR179": [422.118672624095, 518.4579571776525], "MAOB": [396.43590740566447, 450.2366108809733], "MYBPC3": [640.6582134726347, 864.3405373772941], "HOXA9": [676.9235752859302, 962.553841490068], "SPOCK2": [604.606321331273, 998.1588009698208], "SLC18A1": [603.7421577571881, 958.8771760337556], "C8orf31": [345.5837179303751, 509.17174929112616], "BAAT": [612.0496335411888, 874.4980803211997], "C8orf34": [632.0288825103918, 941.9356808749342], "RTN4RL2": [356.54079873580747, 425.7380492421423], "ANKRD37": [613.3565089197813, 892.8878636945985], "KIF19": [319.81743197356127, 63.8110405882976], "SH3GL2": [592.5271502865953, 943.1523013624666], "TBC1D8": [652.4340657325117, 988.122980812938], "TP63": [657.323772573252, 946.8649882474652], "AJ420422": [373.50098926804753, 23.964665853681822], "AFAP1L2": [669.0653611407911, 903.6541661229173], "SMIM5": [393.694958198917, 434.12148530138063], "FAM21B": [429.54282304078913, 58.12227815822928], "CCDC74B": [368.59928910650933, 478.9801136427541], "NMNAT2": [327.7599013537997, 504.81316170074155], "RAB17": [571.8317342771355, 867.9847939871674], "FGD5": [427.8024490707429, 71.1002017031966], "CCBE1": [387.4599839267338, 49.73934377621333], "ASCL2": [364.1194337211185, 12.85244909986011], "SSX2IP": [390.877622872388, 383.99437302232116], "AK054990": [353.31869640024615, 547.4730453811034], "FRMPD1": [414.28817222573184, 73.26504203888157], "KCNB2": [436.95145276063056, 464.3911936181961], "BDKRB2": [649.189789573866, 906.9388210297566], "RAB33A": [570.2319458714132, 888.022517955458], "F5": [631.4175785485515, 971.0093577242476], "AX748395": [351.4601926891838, 6.554394815606543], "CAPSL": [387.65483719128827, 29.05232732046659], "PAPPA2": [312.0725278154009, 478.6824727529193], "SSTR1": [618.5063825114122, 999.9999999999999], "SOWAHA": [387.9359377850028, 415.76930185776087], "SUCNR1": [630.2840874158901, 996.7324725543815], "SLC35D3": [578.351598241224, 973.6383257859723], "LPAR3": [678.8992433319602, 937.5209843981274], "HAPLN1": [398.9373250210258, 95.15467948272516], "STEAP4": [408.4717636345672, 417.3590072454087], "CPED1": [423.67925186081504, 502.69788296254467], "SMN1": [405.2552189299812, 430.0706352633996], "KCNC2": [324.24346917839705, 77.69119557106802], "CD55": [396.4636842292354, 471.4490441923753], "TMEM257": [443.13738099216357, 451.10237801513927], "PLAUR": [319.5605980395448, 42.52629828046747], "MAP2": [332.8032864061922, 43.00734604480556], "SOX9": [381.38630433234255, 295.0016892723951], "DSCAM": [366.8069631495573, 522.0323973216946], "SOX3": [379.81893998538885, 383.56788959134417], "PLEKHN1": [340.44483850281824, 447.26367065771865], "GRID2": [672.1557115060277, 973.0508207144006], "SERTAD4": [369.18031920314877, 426.0004738543946], "CRABP2": [409.64527908158686, 14.641820952315584], "CEBPD": [407.461130090066, 30.138245879783767], "NEFM": [323.55297891233363, 521.4840331684445], "MMRN1": [331.53564699068255, 486.4513087955692], "TM4SF1": [357.8043075864106, 31.612435209999376], "PLCXD3": [328.83373043373786, 442.57136525614794], "ZAP70": [449.98272064437936, 495.1380948141129], "SLC16A12": [333.86227546328985, 18.02516585954652], "MSX2": [315.11322982501895, 499.0025573944101], "CLRN3": [546.7276277433599, 939.3383126056378], "MID1IP1": [341.62477764682467, 473.054277512825], "DLX2": [592.0207065032761, 995.4926951502866], "ANXA1": [592.9280101888838, 893.1213656655466], "BEX1": [365.6152604470737, 0.0], "PDIA2": [316.023129724928, 467.4020652592465], "EBF3": [363.8667410640409, 535.5355723995319], "RRN3P1": [561.5019728893812, 932.3311163662174], "RTEL1": [572.8167414362283, 945.0896705636109], "PGA4": [322.11373472708453, 452.84401964845716], "PGA3": [328.1122169159115, 463.9045523552094], "NEBL": [619.1568370165171, 861.1836333424724], "LACC1": [687.9274721845991, 947.5668233709305], "SEC11C": [324.9436133598134, 28.815421780691054], "EFCAB6": [622.7789772029383, 981.1424199050816], "LHFPL3-AS2": [334.1827184745868, 62.28070742876406], "RNF165": [554.3333824115288, 912.399882507465], "PHGR1": [566.3482693682524, 821.112815428758], "AK316321": [339.5669820512462, 541.9251652173723], "DRD2": [609.5727762294797, 987.1450734390853], "TFAP2A": [650.1764944539857, 958.853030018206],