{"IL13RA2": [935.0396823488531, 459.88299585635093], "AFAP1L2": [11.903567675155216, 572.723986568556], "IL23A": [299.70781504895587, 746.2725228395454], "MARCH4": [849.8488586793849, 325.53690969917], "SCG3": [177.35963568474256, 491.3556507479458], "CPLX2": [1000.0, 343.8941057191138], "SCGN": [935.9974885067063, 204.74298959761114], "CNGA3": [132.66299649182136, 824.2409793028708], "MYT1L": [195.163714473668, 639.5258645192088], "LPAR3": [396.3800833888779, 543.4781670834353], "C11orf87": [-5.684341886080802e-14, 733.13100995631], "NYAP1": [804.4817658459924, 175.7590206971292], "ST18": [753.9598152468012, 373.3948364473255]}