TF	Target	SignedQuantile	combStability	combPCorr	stroke	stroke.width	stroke.dasharray
ZNF788	ACTG1P4	0.91144	50.67	0.671	rgb(224, 89, 90)	1.9936	2,2
ZNF788	AK057596	0.060595	16	0	rgb(217,217,217)	1.3001	2,2
ZNF788	AK091593	0.12321	21	0	rgb(217,217,217)	1.4001	2,2
ZNF788	AK091624	0.48331	42.27	0.57	rgb(223,108,109)	1.8256	2,2
ZNF788	AK128833	0.67836	47.64	0.645	rgb(224, 94, 95)	1.933	2,2
ZNF788	AX746734	0.44073	39.36	0.361	rgb(221,148,149)	1.7674	2,2
ZNF788	AX747175	0.10029	19	0	rgb(217,217,217)	1.3601	2,2
ZNF788	AX747853	0.27869	32	0	rgb(217,217,217)	1.6201	2,2
ZNF788	BC006435	0.035399	15	0	rgb(217,217,217)	1.2801	2,2
ZNF788	BC043205	0.13057	21	0	rgb(217,217,217)	1.4001	2,2
ZNF788	C6orf185	0.28724	31	0	rgb(217,217,217)	1.6001	2,2
ZNF788	CCDC17	0.90202	50.61	0.612	rgb(224,100,101)	1.9924	2,2
ZNF788	COL6A4P2	0.060595	16	0	rgb(217,217,217)	1.3001	2,2
ZNF788	CRMP1	0.11582	20	0	rgb(217,217,217)	1.3801	2,2
ZNF788	FAM65C	0.12321	21	0	rgb(217,217,217)	1.4001	2,2
ZNF788	FLJ35282	0.81429	50.38	0.376	rgb(221,145,146)	1.9878	2,2
ZNF788	GOLGA6L5	0.8691	50.57	0.573	rgb(223,108,109)	1.9916	2,2
ZNF788	MARCH1	0.0067328	14	0	rgb(217,217,217)	1.2601	2,2
ZNF788	NEFL	0.52714	42.59	0.588	rgb(223,105,106)	1.832	2,2
ZNF788	NPTX2	0.0067328	14	0	rgb(217,217,217)	1.2601	2,2
ZNF788	RSPH10B2	0.035399	15	0	rgb(217,217,217)	1.2801	2,2
ZNF788	SCHIP1	0.15832	24	0	rgb(217,217,217)	1.4601	2,2
ZNF788	TAS2R20	0.37398	36.23	0.231	rgb(220,173,173)	1.7047	2,2
ZNF788	TRO	-0.89938	50.65	-0.65	rgb( 77,132,242)	1.9932	2,2
