{"FLVCR2": [194.80141017284853, 16.640058520788727], "SYNPO": [190.36263812308334, 38.158785694105575], "NRCAM": [341.89039952439646, 341.1622722477081], "EPB41L4B": [818.0576225629611, 929.9842190498891], "SCG2": [167.40860385101684, 66.60316866037482], "CD36": [344.2849020943678, 509.4535918735466], "RAPGEF4": [234.33982495186842, 401.1518609990001], "B2M": [876.0923087267224, 840.6885650953407], "INSRR": [273.2636013919122, 424.3028102592807], "ATP2C2": [297.4876924442031, 499.62645414756935], "TMOD1": [389.17055016705785, 322.9719717985998], "ZNF702P": [207.0679533144123, -5.684341886080802e-14], "CR627206": [427.33624307206605, 437.76253270154325], "ADAMTS5": [417.8506520643798, 346.93713599033686], "BCRP3": [872.0494434608511, 855.8052828776079], "LINGO3": [836.2455328483869, 948.5669892509281], "NTNG2": [292.7209502575708, 350.1776662167015], "NALCN": [849.819896976082, 859.9281811968611], "FSTL4": [302.03267469589406, 457.08974323448], "CCSER1": [328.4958802020829, 500.8545910713894], "ADRA2B": [831.3777558987852, 808.3244831038267], "PTGER3": [701.6930778756185, 935.9616021240013], "DLGAP3": [398.70152136928345, 451.04019982079154], "TPPP3": [724.9222299179014, 929.9067075970736], "DCX": [248.55582471375976, 30.538941607685217], "ARHGAP24": [853.3760407150809, 838.7311676462164], "EDN3": [722.1679372761653, 858.5007258330604], "LRRC73": [123.67631871200194, 103.08051265572612], "WDR66": [284.1742066188253, 254.367047075994], "PRX": [690.2932240899144, 925.5842447970242], "GRIN2D": [854.0673947906855, 951.7585512066031], "SLITRK6": [253.2782967589411, 73.30252011463296], "FAM19A3": [214.3122790333988, 16.17197961735559], "SCG3": [190.73636995594376, 65.99873229046949], "CTSE": [809.0584319693105, 858.2784616938404], "LEFTY1": [844.552936007169, 930.8946395194081], "NEGR1": [828.3845104119303, 843.2388704462255], "HTR7": [875.3111043690178, 914.0844044981035], "MEG3": [279.5605368134292, 383.0123905736241], "OCA2": [775.7299118542664, 809.1988767758409], "SULT1E1": [769.858150371648, 977.6907574580657], "NEAT1": [370.9684225149366, 363.0805249147779], "TSPAN8": [724.1483840047536, 905.0271744859856], "SLC15A1": [212.85891825454888, 71.27892011991457], "MUC13": [869.5630587032954, 881.6454493806132], "DKFZp586G0322": [588.1453725613945, 667.4303928353518], "NKX6-1": [147.52921472339028, 97.31385201362036], "AK097288": [411.7261500216857, 477.89306774721996], "CXCL6": [781.66630759027, 844.1785089952359], "ROBO2": [270.5975809226797, 439.082866996925], "TFPI2": [739.2976005868087, 946.736463194637], "DQ575504": [679.5412679663091, 779.3606247244724], "CYP26A1": [745.2048383122968, 831.6162757424133], "GOLGA8A": [265.31266136707507, 461.8848927420467], "NTS": [282.8755798783546, 358.45713483601935], "SLC30A8": [428.36003452053103, 328.68452515379545], "ENOX1": [805.4988911981332, 915.8377543709978], "IGF2": [861.5915614295583, 906.6173796380988], "HCN2": [887.8823093742494, 922.9392910039828], "IL10RA": [254.47819819022197, 432.75792901508254], "ELAVL2": [742.8716979657944, 911.6357654080108], "GRIA2": [134.3719462749446, 49.22667220097105], "GABRG2": [147.30470106885025, 20.058696304226487], "RASSF4": [245.3052945462639, 418.73324563915764], "SOD3": [401.7689807014448, 371.9204870842686], "GMNN": [282.47725739486674, 456.2819334978801], "TTC6": [743.1150910317053, 875.1504058772468], "CNTN5": [261.4910782924469, 44.95560294966117], "CHL1": [271.157184133911, 63.43469960703936], "EDNRB": [723.6952148880786, 886.0549066844126], "PNMA2": [272.74468882907644, 334.66521079220007], "ARNTL": [865.691952283435, 827.9557817544055], "ADAMTSL1": [440.4032660901233, 386.0334031440545], "CCNE2": [881.9678819227513, 887.3433232166904], "PLAC8": [669.4975415398994, 787.7100792667032], "PAMR1": [741.5613055628992, 804.227828269529], "PCDHB6": [333.0937454598251, 316.18916372594987], "IGSF10": [119.72266762151582, 50.88884607145286], "PALMD": [321.79492083115775, 329.40462565469113], "RUNX1": [303.5644224481573, 435.06317471298075], "PIK3AP1": [309.01387435788575, 316.2262095781101], "PPP1R14C": [260.6387574547169, 347.8371948833116], "DSEL": [371.8887136869814, 478.7446875844166], "DCHS2": [402.2191615050475, 402.389987009218], "GFOD1": [134.10425982157676, 32.720153031171094], "PALM2": [168.14648043101317, 135.20197692203396], "HOXB3": [250.80203323812356, 463.2235193787417], "PRICKLE2-AS1": [248.60307342193568, 361.1257457704679], "KCNK10": [267.9853061075524, 405.53477973370406], "LMX1B": [107.71885904008451, 95.99303402460072], "RHOJ": [129.21303460105747, 86.35014685647462], "SAMD15": [406.08208767008523, 431.124514386024], "GOLGA6C": [833.7733732255778, 961.8592517825922], "MMD2": [319.67313834876626, 380.6896392427317], "PPP1R3C": [699.4087043370012, 873.8188031204593], "WNT1": [783.3289405401079, 824.6739209561516], "DCDC2": [420.0839331221698, 410.99395934830625], "AK096314": [840.643644502834, 827.5171587485718], "KCNH1": [287.25554207553563, 413.4494466123856], "ETV4": [343.1754804147974, 467.55532823351996], "TNP1": [154.38318636617458, 45.3275694256933], "SLC19A2": [754.3675949678193, 995.8208557524395], "ST8SIA5": [792.8886776690559, 976.802103356945], "NOG": [376.1072226175444, 342.05938013801654], "ST8SIA3": [808.3117313472397, 983.1831998979962], "TNFAIP3": [173.15155012228064, 43.94141004955242], "TNFAIP2": [359.72897218408565, 304.4902965248996], "SNCG": [800.1619521810335, 1000.0], "SHISA7": [448.21965608622725, 375.5264890739828], "ELOVL2": [785.2361474828348, 930.7609917010345], "DEPTOR": [693.0712791513085, 777.5856959514022], "OLIG3": [301.22852039977806, 337.6337835745756], "KRT81": [251.48063618718726, 400.93175685934756], "SCTR": [443.8882450184628, 403.97514786527654], "SLC26A4": [438.51843747898147, 345.273488509249], "AGTR1": [847.568294053445, 812.900494986454], "RXFP3": [335.3456290255777, 436.559162763573], "FOXC1": [212.11392762187432, 112.18330785035948], "IL20RA": [118.61064217525904, 65.88779226395997], "CLDN10": [855.1218352435833, 877.9926856219138], "FJX1": [322.36065288525424, 461.0481596536438], "EPHA8": [806.6342071283951, 946.9092017578796], "CCDC50": [286.961639909946, 58.56441871590806], "PXDNL": [122.7229839428648, 133.378846047659], "SMN1": [415.7961399364742, 362.63809383410944], "ME3": [875.1795255403244, 951.4665997693055], "LHFPL4": [109.8929894231033, 78.72008084454723], "IL1A": [845.7665675128363, 897.6111789109025], "ITIH4": [839.1637976783641, 913.1152216728913], "SH3GL3": [736.4646261958454, 972.2771830086772], "MLF1": [887.3915015539237, 904.0098437629854], "STAT4": [758.0980904688809, 971.8299702578947], "FZD4": [174.37081393770075, 20.147334100678677], "STAT1": [780.6597570587444, 963.9556553605552], "PSD2": [237.99564139460432, 378.77316433073776], "MECOM": [881.2948318328673, 933.6480517337787], "UNC79": [166.34919895282184, 8.005339641092803], "CHRNB2": [362.7321787719163, 502.48500791945213], "BC021061": [284.0686358721277, 475.9896307224007], "ELL2": [762.0677151425615, 928.461044661927], "CITED1": [367.41177435555176, 461.5360180116485], "CHST6": [356.74962601290144, 482.1720535768217], "CADM2": [265.9513834025341, 22.599017866396423], "SUCNR1": [395.95846338531305, 348.8557876194413], "NLGN3": [165.84307706725644, 93.59011688347954], "RPS6KL1": [717.3597377274048, 953.0388848753257], "PLA2R1": [156.37108077458112, 147.7696220133003], "COL9A2": [830.5191381856935, 872.8492927793475], "COL9A3": [416.83033614691226, 458.76303320117376], "MAST1": [864.5294267393379, 965.6921468725627], "NLRP3": [807.3294069221133, 825.6720604099982], "SATB2": [432.0089468930529, 421.240814971233], "ADAM28": [384.46736781519655, 308.9600167604383], "SLC6A12": [412.05428272578246, 316.61798870704683], "LRIG3": [838.0786946762457, 987.8810730290585], "CCL2": [885.9667753379745, 861.9504231767934], "SLC8A3": [410.39527061855614, 333.98896838747], "DUSP6": [716.4798890513953, 827.3932414986934], "SLC17A8": [234.4367401132373, 85.93294051646456], "ARID5A": [315.3282248851049, 502.5253303132357],