{"NGF": [528.8985143647549, 96.13138360519906], "IFFO2": [418.7417902211447, 289.8584249595969], "ADAMTS17": [741.8895609200393, 163.1278232144909], "RASD1": [397.03188511759885, 844.0089645582025], "ONECUT3": [493.2526603640132, 320.96849922749476], "PLAUR": [279.47476278424125, 755.4166939387151], "CLPS": [581.2693162975002, 946.0486281783792], "NMRK2": [469.9162781124376, 186.70293791900463], "KIAA2022": [469.0852133713458, 1000.0], "SOX9": [491.083620645488, 871.70423048014], "SOHLH2": [552.5226960314282, 206.64261601232096], "NPTX1": [271.6866286373349, 885.7495302652385], "RASAL1": [525.0721081810891, 481.4687444835834], "MNX1": [621.9168862749245, 103.45547368074966], "LINC00936": [408.97451113457134, 996.5646974502708], "LOC100130476": [593.1725458732774, 303.13945934491505], "FSTL3": [378.5654310642721, 183.45010732275267], "COTL1": [505.39242175402933, 4.118214423593713], "LOC340508": [658.3840775782808, 194.36800739258598], "CDKN1A": [581.3069202007275, -5.684341886080802e-14], "DCHS2": [438.74007294908546, 38.44592831166284], "ANXA6": [623.0646423010492, 818.7160839808402], "ARHGAP24": [715.1057054918566, 82.407087644574], "BCAT1": [655.918506500468, 24.53661954991253], "RASSF4": [634.3041037195429, 356.7726236318231], "POU5F1": [343.1725436131671, 769.1366119950821], "LOC390660": [352.7934383560527, 976.2128250098868], "ATCAY": [618.1989688031362, 889.2818235599525], "LMO2": [497.25723710722303, 429.8569131364125], "LRRN4": [305.1341232207507, 938.6785111769227], "FOXC2": [391.77635682958396, 98.11813898144817], "CCDC169-SOHLH2": [447.82004577903126, 800.0370859322793], "CMTM8": [528.8705735750614, 983.6531133713622], "PDE4A": [258.11043907996066, 821.2760685612378], "TMEM151B": [559.4758948296164, 813.2589194497453], "WNT1": [716.3935299860948, 259.20179888740904]}