{"SLC6A2": [292.12581568075495, 279.5549140364758], "TGM2": [239.7209991884082, 225.47187029071637], "IFFO2": [982.3058350044405, 284.0563044079877], "MPC2": [728.7184622961659, 432.4317725577015], "CKB": [310.0066128555676, 199.1027532100294], "B2M": [709.1121460460515, 879.4896638698489], "LRFN5": [254.41122195113726, 220.248264515912], "APCDD1": [52.35144900859103, 161.18505950817087], "BDNF": [682.9913398963051, 398.31813945009014], "PFKP": [707.5716910804863, 826.1007959980016], "LHX1": [293.21592198961207, 237.30899431197628], "C11orf87": [665.0950143929355, 394.9059639410301], "PTGER4": [460.12195273452926, 329.37270456212826], "ARHGEF4": [951.4556230343898, 253.43049049863617], "GPR183": [266.93177557174454, 235.93050395120486], "ADAMTS9": [265.89707751135063, 189.74725683690315], "PLEKHH2": [997.3265347885864, 313.16194722773304], "COTL1": [755.533335563446, 855.4062376214918], "MICALCL": [741.428968241307, 812.1307982074637], "MICAL2": [752.4937648668116, 818.5512931949038], "NAALAD2": [265.3061827365771, 210.81157255824138], "NEXN": [989.3751633537282, 296.70448224442214], "PLXND1": [340.89137006556666, 255.37381841161942], "BANK1": [275.69585392950455, 184.97356164983887], "CDKN2B": [320.0656549511348, 195.00177563496447], "HLA-DPB1": [287.22707470174043, 255.16833790990142], "ENTPD3": [611.8004816964577, 458.1936524301321], "LIPG": [704.6055282552815, 471.5896397443779], "DAAM2": [639.4964800520529, 491.9535772926092], "CTSC": [953.9856186706479, 263.0292975621212], "CRTAC1": [678.136493834047, 491.6228308005109], "RELN": [974.6622345942054, 335.69178095423], "TNFRSF21": [689.4944286260302, 876.1932639983677], "SERPINI1": [675.8736302202399, 386.56828863964813], "SULT1E1": [635.3322597855722, 398.33222511216974], "NKX6-2": [708.2700136038013, 440.5840015675055], "SNAP25": [737.743407308764, 903.1040896056725], "CNN1": [628.1609795141553, 465.8375896944227], "KCTD16": [257.56636185445086, 258.8860366139514], "CSPG5": [686.840806203856, 497.587384619703], "CXCL6": [297.4776545217517, 196.72529940793459], "MYL4": [817.9428341523192, 368.26126001074954], "AHR": [930.3426679325739, 265.096699289975], "RUNX1": [699.9120916523078, 396.9705486183665], "CYP27C1": [652.8830488039023, 486.9849899643758], "PRSS23": [696.5085117398679, 417.14442782773034], "CSRP1": [769.5638467211033, 848.3598621265396], "GPR115": [768.6735323492836, 893.1155174496892], "STK38L": [238.46896531083593, 238.22820971198], "ACTA2": [711.7260923946174, 478.8834646944099], "NGF": [721.9530935595487, 416.6151753851326], "ACTA1": [703.0246188501723, 487.3655751996132], "MGC45800": [760.9031764469868, 827.1294374997848], "PDLIM5": [997.973450643545, 289.96952718786554], "ITGA1": [654.4898462385237, 455.7708979674739], "COL8A1": [649.3171616820983, 494.2405975663457], "SLC7A1": [744.1881440020493, 891.7110765070672], "SPON1": [245.9116582614692, 262.9782207133969], "C9orf3": [618.1171430170031, 417.1326597869148], "STAC": [648.7151881911678, 388.63552201240987], "CXCR4": [673.9533848441699, 501.30771456816035], "ACADL": [685.213715836488, 853.1587988840595], "TMEM185A": [632.1000673899653, 450.3380499255055], "PEG10": [330.3917328538181, 221.41243348128893], "CYP11A1": [660.8340249994051, 499.893722173596], "EGR2": [667.2754389723755, 444.15350599534617], "EGR3": [787.4825045987952, 866.3144520175535], "EGR1": [616.3388976265052, 469.10382244381685], "AFF3": [713.8029988680097, 448.0896953483117], "MEIS2": [776.8808093026605, 827.5165988857543], "SAMD5": [333.3916672584062, 268.3093479093138], "ISG15": [969.7234856558041, 307.3617793778408], "PIK3IP1": [696.1140787922825, 830.0344661392675], "ZIC1": [684.9684061196382, 865.256850179922], "NKAIN4": [22.15721564051239, 136.57845608862044], "NPPB": [678.5746483406233, 426.6069934484254], "PANX2": [316.2463277361544, 213.78491078551696], "IGF2": [973.8385478354213, 294.1947769593039], "H19": [978.9680677959517, 261.24710970282297], "C1QL3": [645.7163267215361, 397.6599664738644], "CXXC5": [284.71424001484235, 195.98026438707626], "PDLIM3": [327.9443524747894, 210.0125255658839], "C8orf47": [627.701182078941, 404.9749070817046], "KCNQ5": [776.9753607919938, 857.8457703325972], "AL832007": [939.1697078086008, 257.40670801771154], "SHB": [314.64615857563416, 264.87487703047253], "COL4A4": [3.9036520845488667, 122.96858154383295], "GALNT18": [622.4957205125689, 438.83164159262077], "CHST1": [619.3410880974182, 450.1436355739869], "RHOB": [713.1800378296923, 858.3061156278623], "THBD": [703.5435852237453, 892.2058385040364], "AFP": [694.9269977778697, 858.8414708418122], "CPN1": [664.7967972136323, 490.17825176677013], "FGF1": [610.4781922244723, 444.34145456887035], "PMP22": [375.90955988519454, 278.45269122587865], "NLRP3": [699.2044704493699, 450.11831214893186], "DNAH5": [629.62010538946, 486.9756900706269], "CDHR1": [10.67559550046849, 140.38142528545478], "TMEFF2": [250.0033962629433, 204.2135380085873], "ST8SIA3": [85.74004400541884, 161.30255948040434], "ST8SIA1": [925.3272037076881, 290.4110851955123], "MEF2C": [734.4135768559422, 843.0165336031915], "MECOM": [14.026905353382347, 120.1809293777618], "KRT15": [691.8189937715249, 470.0090330141056], "GPR126": [761.0891185270902, 886.8686474556092], "NPTXR": [661.5923871255477, 421.57449959711545], "FILIP1": [782.3977175863462, 876.9492063581815], "MSLN": [0.0, 145.77708916005008], "HIVEP3": [986.8134150611077, 268.7662816133877], "C8orf34": [298.66162693440134, 183.39901421547722], "MYH11": [749.7988484783709, 408.9405641641371], "CCSER1": [970.6467504067884, 273.9772584621779], "FJX1": [274.1437342469305, 203.5635291618613], "HSPB1": [991.72614584335, 277.735995919449], "RCAN1": [704.473084526817, 846.6394812317678], "ACTC1": [711.2055736917537, 462.97074206694305], "NEB": [10.387966434936004, 151.33720536160462], "ITPR2": [761.7717885001905, 869.8471507753832], "KRT7": [251.94187313098666, 246.61732160826278], "MMP24": [734.1760875365328, 795.5985342951838], "PLP2": [991.7682867676237, 323.1660048980058], "NES": [746.3526371789549, 401.220808637051], "PIK3AP1": [30.834211970982665, 120.31913334561068], "MLF1": [1.724534306355622, 132.4980795094163], "STAT4": [240.45969448295176, 251.01838684979793], "SIK1": [141.3863266790803, 175.54120071144797], "INS-IGF2": [270.3092058648956, 264.7869347763401], "SNCAIP": [255.14959622327004, 272.8555668458605], "S1PR3": [689.0875517441137, 389.73380468797336], "ZNF385B": [925.6514127264404, 276.1663494199636], "RRAD": [91.64538066856113, 146.18007899294014], "NR2F1": [285.1003817309643, 212.06948026530347], "PTPLA": [708.0614532634258, 409.6819276283603], "HBEGF": [271.23452978646753, 250.90398876258558], "SMTNL2": [747.9692307075574, 903.676496836647], "BC021061": [964.1032539935729, 263.47420711530117], "VGLL3": [257.2589554554594, 196.10952196943828], "NFKB2": [718.5093737830045, 798.387843982724], "DUSP6": [786.353240424185, 854.1920103070303], "PKIA": [692.6030546739973, 840.3902873991514], "BEND7": [17.4553318527407, 158.44285600185225], "HLA-DQB1": [752.393961906962, 878.758080076816], "SLFN12": [755.1830348103241, 897.7451301107548], "NMRK2": [716.6035291182909, 816.7370024519905], "MFAP3L": [769.606046819912, 819.4898521365092], "NUAK1": [646.2838395592205, 420.76095645126736], "ANKS1A": [706.6043770241985, 426.97324291644424], "SYCP2": [728.3192421152189, 903.0845734153136], "HEY1": [282.2076643148882, 265.12811778996473], "ACOX3": [691.9774563558519, 485.33387424691904], "SLC25A47": [941.4391237759685, 324.44358370711143], "LRRN3": [784.2793374861183, 834.7042625143298], "IRS2": [639.4920695579524, 442.4527098946413], "ID1": [17.604197535416574, 99.41274301765861], "ARHGEF28": [699.3452707713222, 407.5823809855537], "PRR5L": [684.5043587086116, 410.54336373382574], "NMB": [691.1942122917726, 437.9358126416658], "KIAA1199": [675.876559355791, 464.8768817821175], "TUB": [643.0700326878803, 464.7785200798044], "LMOD1": [719.6945464421774, 465.94065793965103], "NEFL": [704.5246862383192, 665.4919844032516],