{"HIF3A": [393.4074596700161, 623.2893125310302], "PCSK2": [426.9753149289303, 621.7223312782579], "SCG3": [703.1859083042565, 799.754583156578], "MFAP4": [369.5712148502638, 568.2129851185217], "JPH4": [922.9375852591219, 274.23462049566047], "SYNPR": [411.5236202963057, 587.5195183780194], "HPSE2": [785.3807253963848, 447.5029750700011], "LHX6": [764.9457892151618, 390.9527526294527], "LHX8": [670.9423771372528, 781.2985916129995], "AL953854.2-002": [354.7840343903336, 572.8672455351386], "SV2C": [725.5928499372405, 462.37108826735357], "IRX1": [876.8237337341731, 312.1822369342316], "IRX2": [700.8706154310702, 763.9611469083684], "SLITRK6": [406.0182516902906, 626.2102577919516], "B3GALT2": [693.1286628225663, 726.8278013408155], "CAMKV": [724.2623416866192, 723.0837974393064], "GIF": [742.3881139716935, 752.860214995887], "ABLIM2": [676.0359803436274, 739.3100312549902], "MUC16": [685.4583036534673, 787.4071140400821], "GATA2": [739.8344843359959, 741.6842218414976], "C5orf38": [718.5572684458907, 682.8268340304014], "KCNJ5": [46.41950929274117, 655.6811515757591], "ANGPTL4": [361.40066368708665, 595.5697202297239], "ANGPTL2": [690.3322416779623, 738.0034122994016], "GPR119": [742.7093083839474, 766.3324196926412], "NYAP1": [997.0641953135982, 219.4952199029417], "AFAP1L2": [36.23903504989789, 712.2223857083183], "ELAVL4": [413.8582243323814, 608.3633531535473], "KCNJ8": [961.1227159427226, 255.7661022343229], "ELAVL3": [33.631293560098925, 684.5132077621963], "NOVA2": [1000.0, 237.0473492858987], "CELF4": [351.78529714379516, 600.8105007255401], "CELF3": [737.6948436849997, 452.23665982913224], "COL3A1": [958.3445675588137, 205.11656460289714], "GABBR2": [762.4968736486575, 398.1988431040818], "TMEM132B": [0.5173371322741787, 684.5390117712733], "GAP43": [27.984236461011733, 700.9052571652499], "PAMR1": [430.8525752371795, 590.0473385767575], "GRAP2": [67.69061040437498, 680.4227444239444], "BX538226": [359.4225861960456, 635.7896042257596], "ZIC1": [988.2319160626025, 226.0243894446544], "KCNIP1": [365.98195593431063, 634.2010779846734], "SDK1": [981.8899384773789, 201.35685139418842], "ALPK2": [44.49605231365399, 711.0655663016327], "KCNK16": [787.7091847804941, 415.5174831662533], "NFASC": [769.8542976877419, 438.60662843265925], "SLC39A5": [703.5781980241152, 789.7224017922978], "KCNH6": [47.83926990107818, 648.689469263039], "NOTUM": [422.5197178474066, 572.0650405197684], "NTNG2": [999.8151168025671, 224.97438774895994], "GLYATL2": [744.146087123092, 759.7523354817665], "NOG": [24.16137253937029, 649.2977389781961], "INS": [918.6800410667499, 269.9286405023476], "LOC285484": [375.68026499666377, 604.9703876626102], "TMEM198": [660.7912894393689, 742.5021576283127], "SLC18A1": [708.1130157795552, 411.8865964331603], "FOXC1": [9.200261813203042, 689.042645237854], "CRIP2": [738.0559296291764, 788.8155942969017], "GHRL": [47.657071627720256, 698.5686091151535], "KLHL29": [771.4527626258764, 394.30145398809043], "SLC4A4": [697.7492405331044, 783.1224676063603], "NPHP1": [998.2602211394803, 231.015210427517], "ZNF835": [734.8558613878221, 467.50686710893626], "NEURL1B": [994.2599557664755, 250.53171242917534], "HIC1": [739.5362296833691, 772.0524631377131], "GDAP1": [37.803412526835245, 701.5237884028525], "PTX3": [987.3826108712201, 204.41265937051446], "ETV1": [416.53808098824464, 622.268810184134], "C6orf185": [781.4819616975105, 456.6017233657203], "ILDR2": [379.52853988021485, 632.1274955109392], "RXRG": [710.4036464592116, 797.5627815996743], "AMPH": [358.170495592037, 587.4655370932887], "MCAM": [364.2514735707874, 573.5900102518657], "SPIB": [3.153268093244151, 668.8125791366102], "WDR63": [19.609853487454757, 709.7020373466642], "F5": [419.26087614949245, 633.277602931372], "NTN1": [778.1617013172006, 435.10015098916733], "AK5": [722.4165388527954, 435.9002402513019], "ATP1A3": [738.9252818798861, 428.5399915434887], "OXTR": [777.4855265889317, 427.6870483877824], "MME": [35.57666361445706, 653.9987259154659], "RUNX1T1": [726.1827191584882, 396.96142329501646], "TMEM151B": [0.7299332435886754, 691.7738387309914], "KCNC1": [946.2301789500425, 258.91703930276014], "KCNC2": [790.4298012445695, 424.1671195942326], "ANKH": [712.1314270392942, 419.8132261753197], "SPNS2": [963.3574548477895, 197.37280338690937], "DIRAS2": [369.9724914568844, 577.3051018339866], "SIM1": [716.3204021859312, 793.8674908083281], "SLC38A3": [705.0811236564631, 419.6512048693186], "DPYD": [414.5848216902897, 596.5667403874145], "GRIN3A": [783.8803360031789, 421.5825492428381], "RAI2": [391.8938640000591, 638.6545453080969], "SLIT1": [970.0123775854855, 196.2587844185536], "CXCR4": [745.6448589456834, 777.958353264553], "PRSS12": [6.628738231784155, 676.1828914794066], "DQ583756": [718.8872253066097, 424.06181210586476], "KLF10": [667.1162512217807, 770.5441657424794], "WNK4": [564.429271760648, 686.8718973326413], "FAM84A": [941.1017702539311, 210.55234743010152], "ST6GALNAC2": [683.8060241429615, 774.3094024777291], "RAB26": [723.1547971851138, 778.2289256041474], "DKK1": [748.7007839790297, 772.5505472923732], "ANK2": [355.7057457843724, 607.1408422680561], "MGAT4C": [755.5433454493749, 417.28730819943473], "AVPR1B": [313.03699022719167, 623.0103290241179], "INSRR": [725.4161264004772, 766.1900500961963], "BC033961": [351.9333951345377, 622.0690061327076], "ZNF702P": [635.4813744104696, 720.7407270193848], "SLC25A14": [26.561125989474704, 659.286137600706], "ROS1": [727.2181786407048, 797.7695754280883], "MUC13": [402.499064680277, 568.3305317723218], "ARHGEF4": [312.07283872249064, 618.6876338864045], "CCSER1": [361.44473457014976, 602.064526093157], "PLEKHH2": [995.3751408376347, 213.4050347210582], "RELN": [734.8093417861082, 400.12659508834815], "TYRP1": [761.6973919031235, 469.5357748323655], "JAKMIP1": [689.9740490269925, 763.6716130871268], "LIPH": [674.8411128492439, 786.4603243028195], "BC018887": [706.2229712453673, 722.5370112733224], "HPSE": [59.512651075253075, 659.4698188608068], "UCA1": [384.0408137538469, 555.0536212717964], "SYT4": [392.7072789611341, 590.4583790761478], "SYT5": [385.2286073820983, 582.8361717509538], "NRXN1": [17.98454848445249, 651.4586343643147], "UBTD1": [378.1996001366167, 559.6663109683537], "GNG3": [57.73859296021885, 695.092714062632], "SYNPO2": [422.31187350260404, 584.9472432519326], "MIR7-3HG": [377.42689148182006, 566.9650930777705], "CNTN6": [724.7772973002253, 452.0077094065655], "MDGA2": [730.8138408785642, 405.5166111037632], "ADAMTSL1": [990.0126891342649, 239.9392848836094], "HSPB1": [380.8174837226235, 625.0795242869057], "SYP": [402.38971725125964, 587.345412793301], "AB074188": [402.04883164156894, 562.0271367210205], "PPP1R14C": [696.6145268388735, 794.7370140675005], "RASGEF1B": [742.3742807438243, 401.77011287732654], "GCG": [733.6887302429648, 744.2926905965093], "GCK": [732.9242643454451, 751.1726485733323], "DNAH8": [398.57640862537323, 575.6429507183572], "FLJ42875": [747.6468404134348, 745.2848889819045], "SHISA3": [28.685024215118574, 666.9797898471969], "GAS1": [745.1021101659967, 738.6785733853951], "LUM": [374.1871061591783, 596.4208617407995], "AREG": [686.8093684381225, 730.9819602749085], "TTBK1": [633.4737264384418, 724.8024674232179], "MECOM": [746.7470817034467, 412.82104203066024], "FAM167A": [728.8985205777634, 391.1355935839383], "RSPH1": [720.6477651230578, 799.5853706189386], "CDCP1": [737.9482622075809, 731.9661649406833], "C3orf67": [976.6759769066211, 239.92254660344423], "SH3RF2": [714.7612038381809, 802.1215119006655], "SH3RF3": [714.7941176297666, 400.06503879352647], "ASCL2": [978.8846573627986, 247.94641378255977], "COL5A3": [954.7676616690844, 198.5705098387058], "TMEM145": [979.1430033946206, 209.89520165645774], "PTCHD2": [401.2652571460039, 632.6262858184527], "SYCP2": [672.0622633858572, 758.7642999041251], "IRS2": [791.0252972503365, 433.3645853475034], "AMIGO2": [713.2944226170824, 428.81063494698014], "HOXA9": [733.7398190155884, 767.2851653687284],