{"FAM222A": [538.0296265262068, 649.6451458125619], "MFAP4": [515.778919636243, 717.6701544072793], "AGT": [315.69245599802775, 383.7346477169668], "LHX6": [966.0405825339112, 634.9497862172661], "LHX8": [520.8546429664616, 695.01720345381], "PTGER3": [16.4928060856667, 540.7542720360724], "FAM114A1": [553.6851438479068, 658.3640106421863], "IRX1": [539.4970657775968, 684.9921832287175], "TMEM51": [40.52308633758031, 577.6093482458718], "SLC38A5": [21.524811511258918, 530.9232902665946], "SLC38A3": [489.20409538264664, 739.5921777996814], "CYP2B7P1": [999.0286171991643, 611.2077795363402], "KCNF1": [82.2497141549295, 526.8176823853908], "PAPPA": [480.3382231328097, 671.0187517827097], "GIF": [85.08924963248882, 511.8769846621313], "OCA2": [13.557198687249524, 573.500735791632], "GATA2": [314.5582925402821, 425.6014369984569], "GATA3": [283.2644593510227, 76.81058391316685], "CR627203": [992.7393491902087, 596.2952446012571], "KAZALD1": [979.6098815455657, 608.5289728854264], "SGK1": [15.976888993842124, 524.2889094315788], "PTER": [22.136953526245293, 556.5938988259843], "SLC46A3": [496.2990530602011, 743.7917701605652], "ANGPTL4": [927.9073898402264, 619.1241829268974], "NPY": [28.838777485941705, 583.7382832109568], "FAM135B": [551.343701404427, 651.5923491960009], "RASGRP1": [981.8444685097343, 620.9805411840941], "ATP2A3": [120.63213117865257, 516.1326641609064], "NRSN1": [20.685460421419577, 580.0744217266762], "ITGA4": [543.9362592962551, 922.9793185655276], "MYO18B": [959.6348767307954, 665.1425375556609], "COL3A1": [975.7411157295435, 577.463137880316], "PHLDA1": [491.13500997645355, 699.007048038854], "PEG10": [335.198310151464, 54.683807971538215], "PPP1R1A": [27.615767624718444, 572.6306232100526], "LINC00526": [561.950019037121, 944.633735743238], "HRH2": [115.04766818011791, 572.8735834982066], "HRH1": [990.6847765417335, 625.7646555194974], "GRM4": [302.43900332335016, 58.52553974294392], "DSEL": [291.413438468021, 104.60840305332471], "FOXJ1": [531.6883722121838, 643.6371933446877], "ALPK2": [70.79975529492066, 599.611983804235], "KCNK12": [338.4597307505292, 445.3817587708561], "NFASC": [504.9613697161131, 657.1455940301346], "PPP1R17": [298.08795144716873, 391.8943099672269], "CHST6": [592.6037314835542, 924.4296737657078], "KCNH3": [336.00849286670825, 65.19366490755857], "GLYATL2": [288.17727010966985, 69.23398818432742], "PTF1A": [980.5227780281714, 633.8336738445292], "KRT15": [551.3992371578228, 938.0006057542954], "LOC100507584": [961.4556237210791, 653.6970708502995], "C8orf34": [70.78095266626286, 559.2892464233183], "RCAN1": [281.22060783014695, 407.8883435048054], "MKRN3": [293.2860795548575, 439.7174463245638], "DLK1": [574.648164664998, 695.2397873986282], "GLS": [92.40722807470286, 523.0163913366306], "LHFPL3": [968.5949360397065, 624.8792400767006], "NEDD9": [35.41680814403628, 600.2324777494168], "DL490846": [999.6653958739621, 628.7829509581834], "ATOH7": [177.11568213173607, 492.0957011775574], "TFPI": [532.1278908627105, 743.0364860061787], "SEZ6": [278.6832710673545, 435.9812755656408], "ELL2": [26.34822755660622, 520.6338320076209], "ATOH8": [556.489039213936, 737.0271711433409], "EDA": [284.6069162246743, 98.1396594098955], "SLC17A8": [477.4923365110384, 726.7091805742637], "TPCN1": [44.847897311543875, 585.1775321624019], "ARID5B": [103.73472076577082, 548.8176675490273], "AK308944": [60.21236749024666, 603.0413157454585], "LMO1": [536.188103852629, 722.7486754093156], "SSTR3": [513.7042673013812, 749.0292956859143], "SSTR2": [34.6228036303238, 549.525455722331], "SPP1": [515.9996573270555, 739.9943023402684], "OXTR": [969.1471699451743, 663.5340897770437], "IFIH1": [989.3839116881777, 615.3533052491048], "MT2A": [5.36401413552943, 570.4109292205396], "BAALC": [98.4977610058923, 533.0016862067216], "ANKH": [93.30775709354612, 571.7250013129799], "CPEB2": [549.8194159282361, 667.7558198216575], "PLCG2": [580.5208881233061, 943.1209741647897], "C15orf59": [317.3757472250066, 245.53607975857145], "PDE1C": [978.0478254362058, 660.0551687367142], "ST7": [291.8831471155861, 449.37878574774027], "NHS": [506.64824760022634, 647.9042533789382], "CLRN3": [308.459288419148, 133.55207597068102], "SPOCK2": [898.8059793899808, 619.6314582852737], "SLC24A5": [947.9016319905052, 590.7893627315277], "IGFBPL1": [536.9120146169256, 661.4445491402957], "P2RY2": [575.0379824560745, 917.7759685083731], "ZNF503": [545.6747162947347, 724.3929725776471], "CA8": [572.0771680585317, 710.7241793270017], "NIPAL4": [568.1659391241756, 928.9316268196785], "MUSTN1": [11.441511045375194, 581.2670627503716], "DKK1": [362.8730895144533, 481.6310900113187], "ANK1": [341.80215086317816, 103.90169894336316], "GAS7": [350.2394632340675, 450.13927193125545], "SLC1A3": [961.1120584338719, 595.3612088255791], "LINC00890": [33.60899734493324, 497.9009006114767], "RSPH4A": [985.7284600307662, 605.440035367064], "AMBP": [78.88702170137242, 592.9960345337834], "SLC25A19": [282.4885758767556, 445.46580337031895], "TMEM171": [304.56437689037364, 425.64666874639454], "COTL1": [355.73787732404173, 434.5787874669347], "CDH9": [42.30799573676103, 506.85947396579525], "SLC12A2": [596.7943580519777, 944.0578790642285], "SLC47A1": [916.6656410221558, 605.3283389972751], "KNDC1": [354.4106691757092, 95.47709537159977], "PRX": [497.3296328442385, 732.3734148413992], "GLT8D2": [102.50296816229837, 538.0822357814259], "NAAA": [356.96939533659423, 87.83603503452991], "LIPH": [320.71175383097295, 454.81849937706295], "ARRDC4": [123.46970164836199, 523.823388833349], "Em:AC008101.5": [561.6548257257734, 658.8528235793603], "CXCL5": [366.8461836196483, 475.42252527819795], "STK17B": [521.4098852014206, 749.7515977274372], "HPSE": [161.10036123782785, 585.2471687252231], "OR6T1": [485.41000002041375, 664.388409094327], "SLC2A3": [613.9131871978984, 929.1938543942317], "SLC2A1": [606.4403425985128, 937.9477267267137], "SYT7": [529.4447104110153, 750.5623778796578], "WNT7A": [930.8780275370639, 645.1282460621496], "ELMO1": [21.01778799539187, 514.4366007438505], "FOXP2": [52.0396608929438, 509.2048167064603], "STARD13": [40.31283185390839, 560.1373264426629], "MYRIP": [503.2643125803222, 690.3311067472449], "KHDRBS2": [77.76780481247067, 514.8472746088636], "TRIB3": [900.3409854284694, 634.2054574739615], "LAMB3": [559.0805255058235, 935.5901496303695], "LTBP2": [547.896355510419, 743.3099100849814], "MT1X": [342.71794720407024, 95.7016032920198], "CCNE2": [557.4542277513269, 697.4308871286512], "MFSD2A": [298.28516165644544, 454.6377923072114], "LUM": [305.92113238436144, 459.3651460031519], "ANGPT2": [85.92816125173368, 585.4914218486626], "MT1E": [570.4116982859166, 939.1553802863586], "CLDN5": [959.7037915389305, 582.198415175431], "BC070093": [572.2515492425425, 717.9281056654477], "SMIM6": [610.7326595770744, 920.1566313243986], "DNAH9": [576.8495566374511, 688.0310508397899], "CYP27A1": [996.6898323778278, 603.227267640736], "MSLN": [950.2323529295859, 663.6368640692746], "SEZ6L": [8.230680444700113, 526.9508897652508], "CDKAL1": [553.9995535416825, 688.1012179249335], "STXBP1": [45.581532855576256, 569.5660781648812], "RCOR2": [6.4463039205651285, 553.051815595908], "CBX7": [944.0495370247504, 576.7400930099283], "KIF19": [77.86683811609345, 503.2034880448997], "PTGDR2": [21.947462268278116, 547.6859864442893], "GAS2L3": [285.88449211385716, 84.37837563197661], "FAM167A": [545.0031482451463, 647.6883725794439], "RSPH1": [474.6054984799558, 680.9232168922656], "ST6GALNAC2": [305.83670741247374, 73.20796348093847], "VGLL3": [312.9833595357943, 397.81913079292576], "CDCP1": [41.17418292326431, 517.7020554597275], "SH3RF3": [473.6184267986241, 718.5309292970187], "ASCL2": [326.4522544056273, 135.7009034771276], "GNB3": [344.5822113514548, 437.36039930741833], "COL5A3": [53.77144875963103, 500.3475901433077], "DLL4": [52.39218895865076, 536.8332790886337], "LRRC32": [314.70770760607206, 461.35614782153243], "HHLA1": [514.32155076738, 663.8736387260337],