{"PCSK6": [476.3512218144771, 424.1228067800438], "P4HA2": [614.8989387379021, 88.55608510408041], "B2M": [315.445260413282, 908.3951022086742], "MFAP4": [653.5626825915543, 708.2158308952935], "L1CAM": [441.06639396478147, 932.324579451757], "LEMD1": [157.68234440279258, 16.138667554248627], "HKDC1": [172.31056736733734, 62.96067147888277], "SLC28A3": [475.125364726961, 380.44718622221103], "BANK1": [897.9115409508249, 223.09524682244995], "IRX2": [406.71597279383263, 911.3118414748674], "IL18": [391.16343329971596, 940.9476349772947], "SLITRK2": [526.5313958756511, 408.1353813451403], "SLITRK1": [507.7486178887018, 403.8263430983531], "ARHGEF19": [87.61051241781877, 30.702888908326145], "CAMKV": [642.1747469509501, 117.18196701916355], "EHF": [513.7353536275771, 379.23768567989845], "GC": [332.89181869207977, 967.3323831023482], "ABLIM2": [508.215587158179, 317.5549000737306], "GATA2": [338.80166116405513, 975.580832976561], "SNAP25": [663.9166519385835, 672.1099354771607], "CCND1": [95.09345050517646, 68.39712051468189], "HCN2": [579.0264347496043, 367.6890069320855], "STARD9": [355.49986758108713, 970.6914126101194], "GPR119": [602.3473265542405, 350.0807987764199], "LMO1": [526.3126140175766, 417.97221865935177], "NYAP1": [900.2549259312182, 268.71445250501654], "STK38L": [911.7540966185077, 221.04612423879126], "RASGRP1": [410.5259057915234, 967.0312972973506], "ANO9": [866.5126291005193, 206.38911341623879], "TNFSF15": [473.56621586789277, 336.0732879256603], "DIRAS2": [135.05995794674124, 44.07530940926017], "ALDH3A2": [871.5996817267744, 216.18287124128966], "GABRG2": [140.96160115931806, 22.392984939859616], "CDKN1A": [622.5650898365487, 103.04209789421992], "CELF3": [397.74316748798503, 859.8522314809497], "PHLDA1": [377.4002638309704, 993.2607740983984], "SERPINE1": [346.00486775149267, 234.69527279092154], "PHLDA2": [383.03256726166114, 999.9999999999999], "GAP43": [151.08568330925146, 28.739361529782173], "ZIC2": [671.4190964450279, 690.4393186451172], "TNFRSF9": [345.09368471071184, 944.5987030697485], "CCDC50": [393.71165235440844, 893.3992843730412], "SDK1": [429.2435703267114, 303.43239427848073], "HOXB2": [180.29407114014296, 54.344891204732335], "KCNQ5": [428.1985115546352, 893.1404324748155], "CNTFR": [664.2846806318494, 632.7241935399792], "DCDC2": [612.4265783360005, 108.59196544873453], "CCDC162P": [555.9472518796041, 398.9074051759765], "PTGER4": [415.5402553278406, 987.4285560611779], "HS3ST3B1": [364.7967300758414, 952.3330714180945], "DLK1": [309.97152190610257, 941.1497961226769], "ADCYAP1": [342.3304790677381, 908.7563224299082], "LHFPL4": [437.73818576773857, 959.1019805889514], "PLP2": [397.22590594903426, 987.314263722857], "NEURL1B": [584.86209665043, 123.38350416644147], "TLL1": [346.2795336431784, 967.6647809247291], "HIC1": [579.5179459546795, 107.43881896772751], "PSD2": [106.17150235049496, 8.969329625779096], "SEZ6": [425.39795717386596, 308.52927534669885], "GGN": [599.8286906236867, 342.6647783657405], "S100A3": [915.0649977053413, 251.7779629753952], "LAMA3": [539.1421837308459, 412.9656250719115], "CCBE1": [93.05214177059486, 57.39596711264278], "RXRG": [104.67924028869152, 28.885719582485763], "CALB1": [682.3175255925729, 648.393624159359], "SPIB": [555.2387723314475, 379.13784641517265], "ETV5": [316.6483689157738, 961.3057453695071], "THY1": [680.9762553860844, 688.9345348373419], "RAB33A": [100.04406236263355, 15.23325709413973], "F5": [587.0858514020008, 88.55192219810289], "ARID5A": [887.037450162889, 201.09787271025436], "NTN1": [605.9179416321982, 85.01532635168996], "LMO2": [434.0048193527666, 969.676382295872], "SSTR2": [365.98225476799473, 979.6135398199192], "SPP1": [389.9062500029804, 963.606939526935], "MME": [377.3026963113134, 966.8279967372341], "TMEM151B": [105.10615420306283, 91.15780223369524], "SPHK1": [914.8258903652845, 230.20677556546497], "KCNC2": [556.3248971195469, 415.8108864065574], "NGFR": [588.8787781793782, 102.37287478465663], "SH2D3C": [673.9175639294853, 667.3114568430447], "PPFIA3": [123.02206798573292, 10.185956041669442], "ATP13A3": [554.2112118570604, 347.5846063339025], "TM4SF1": [489.4107266130403, 336.0233054563118], "JAG1": [439.2290261317487, 863.6511595743942], "FBN2": [577.9512107004749, 90.33200371376722], "KLHDC7A": [433.8767335364688, 915.5610283755773], "TBL1X": [113.98157683574482, 94.8608863749206], "RAB26": [416.6671301067748, 974.5270020417952], "IER5": [180.82592775162445, 41.99781333256976], "CYB5A": [309.83457704512085, 932.1773707933214], "IER3": [629.1440974963813, 689.7773014547527], "CAMK2N2": [372.15305046266064, 892.8950273530907], "SLC1A1": [462.9676150194479, 363.28273965742795], "FUT9": [543.6698506096967, 340.45131455727443], "SPRED3": [382.1791807108774, 976.7968008200199], "MARCH3": [408.8063811538915, 980.8671551016394], "TMEM185A": [95.68070213268038, 85.9491099865445], "UBXN10": [488.77525235205064, 322.7710506843982], "POPDC3": [633.362037953322, 623.9678493230547], "SIX2": [416.3410935956252, 926.0923954697994], "NAALAD2": [136.41980297555673, 2.475199004118508], "RELN": [664.60027783785, 656.332669325194], "RELB": [661.2495287785289, 646.2918342482828], "CDH5": [674.852667867641, 640.1734528105527], "CDKN2B": [394.23139120778836, 881.7891555162774], "JAKMIP1": [596.4342411878893, 123.40174137689485], "LEFTY1": [578.5169457627641, 130.55955248486458], "TNFRSF21": [342.4673269476749, 958.3515303991799], "HRK": [594.4572934276471, 111.32946846296664], "GDAP1L1": [564.2459427748995, 345.5858962325917], "STK17B": [535.6220537335166, 333.95966211950974], "SLC41A2": [492.0398152876044, 391.7388786079381], "SLC2A6": [408.0777840763954, 949.1186421818888], "GNG5": [161.17142560944615, 36.96594394256374], "PKHD1": [388.4843623119211, 989.0718694674501], "ELMO1": [598.4497765541696, 95.40127437472597], "CCL2": [542.7744542494535, 385.9669021416472], "IL10RA": [178.67796864556098, 31.356378731527798], "KHDRBS2": [420.6221415943372, 903.3356064803282], "CPB1": [107.88184689346792, 68.28406218571251], "TRIB3": [906.9078240367483, 212.04074914917686], "ARL4A": [313.2101145765123, 916.3158775447455], "ITIH4": [646.8922826054302, 700.4236307972102], "C6orf141": [686.3589356930879, 659.1927971176437], "CEACAM6": [534.1690045826275, 372.50328930738016], "C10orf32-AS3MT": [329.94466278447015, 888.5114364429004], "IGF2": [570.5452565831247, 399.0086852803739], "RASGEF1B": [451.76215769920367, 382.8154636133328], "G0S2": [325.9433250161136, 975.7803026797155], "JAM2": [563.6141554780098, 408.7082084680517], "PALM2": [602.6286575271288, 660.0082750268792], "NPFFR2": [888.6888490828603, 267.7380316173871], "IGFBP3": [625.9015768576221, 705.5915386410891], "SHB": [620.827992811008, 120.52213981236798], "CNGA3": [520.0105728282377, 362.5166786264522], "MTHFD2": [507.20117458607757, 432.81698435335306], "SST": [123.67212699896976, 97.47973272389277], "GPR112": [562.1860567697763, 103.46182531873922], "CYP27A1": [121.63195670208017, 45.53703222164211], "MYBPC1": [497.2220536010732, 432.7321429216705], "ZNF503": [82.78593494414446, 52.79329806218141], "HDAC9": [891.9012234187185, 253.71068766934093], "FABP7": [118.15874483816629, 24.410848543433076], "SPRY4": [632.8961010580269, 121.58339569227036], "GMNN": [570.1064540092165, 96.04853238808295], "LUM": [156.1705427949367, 4.11615441524782], "GABRA2": [902.3757877192847, 250.80896533214843], "AREG": [528.1269165465837, 327.6638746089864], "INS-IGF2": [176.1062717322468, 21.3792962503162], "SNCAIP": [542.4117889125465, 402.5987800190986], "ELAVL3": [608.0488812591223, 99.43700192386882], "ADAP1": [517.611216433341, 326.8934774124808], "ITGA1": [417.2100210955891, 885.0641973780424], "MYT1L": [366.00333879248376, 968.761347543986], "ENTPD3-AS1": [125.05737990723878, 33.24341806978907], "NTF3": [364.17775454983615, 998.9892324532766], "SH3RF2": [452.8218306127132, 341.2718448194228], "NLGN3": [608.8231867425817, 697.1162438478194], "RPS6KL1": [456.73256342293655, 357.275234563723],