{"STX1A": [411.25517540237047, 369.2485790991725], "UBE2QL1": [636.9694834631335, 976.8714820952132], "FAM222A": [707.0733382134985, 900.9863958850685], "PCSK1": [599.6300177386577, 883.4228712631855], "GSTA1": [307.39596020849206, 92.49970565028258], "B2M": [552.6992693363431, 960.746379754107], "HPCA": [463.4735475340396, 513.2045377113064], "JPH4": [392.82097146659703, 557.7690773751065], "GDAP1L1": [471.24183280750617, 498.5843105133924], "PPP1R3C": [540.6517138577051, 894.5445863109055], "PPP1R3B": [341.9743952100158, 1.779538612099941], "NTNG2": [666.7987479531104, 844.2121735489097], "NALCN": [363.08502619280216, 504.6179078521451], "GADD45A": [323.4840721085851, 77.92416236777785], "DLGAP3": [490.75871133282345, 507.52117946017086], "SUSD2": [400.3737425402247, 370.92237879637696], "MAPK8IP2": [356.9734507099421, 537.2050485044902], "AK130759": [374.7718786955925, 450.5044728373051], "EDN3": [495.4897278107319, 493.042374831622], "SV2B": [417.46005536679195, 408.73494485891644], "GP2": [324.32120816517863, 96.58046956794107], "TMEM51": [650.7135271630985, 990.6987728453048], "NPR1": [604.8675949128084, 841.8570622441068], "CEACAM6": [566.9968704423553, 852.0645648256589], "PTH2R": [537.389469083327, 922.8796936983304], "CORIN": [413.62555914933256, 546.2149827259891], "BDKRB2": [340.77906908188845, 475.28998474393154], "MSX1": [313.5852941155606, 20.99512259506855], "CACNA2D3": [336.4433058493867, 489.27868194336065], "ATP2B2": [554.9713102839063, 973.2499405279183], "GATA3": [357.166110244541, 77.33261700325716], "ADCY1": [376.77406468593983, 427.2060090662046], "LINC00634": [673.8861189928142, 891.2615593002117], "OR6T1": [653.1071384548346, 889.5489189627569], "SLC2A3": [668.8851733714612, 913.2521520878915], "PTER": [356.19258571004053, 0.0], "CPB1": [442.0750281776964, 549.5574103183061], "SYT7": [442.15027946346373, 468.45273131095195], "LRTM1": [635.6867040065366, 865.220311261826], "LRTM2": [611.29504695914, 861.3143648841808], "NTS": [680.8199010551537, 852.1833570573256], "PTPRN2": [541.7943685247834, 948.8105931441178], "STAR": [434.03899239087, 404.9529899627326], "ELAVL3": [498.0970877858921, 477.5280054621422], "GABRG2": [685.5566977211447, 952.5524091944665], "CELF4": [375.649908107335, 532.0705133765715], "CNTN5": [527.9226128823655, 716.560233464183], "UNC93B1": [417.1457593135673, 425.1123366452571], "CRYBA2": [472.17003551138185, 533.8408549742553], "PRRT2": [536.9386813012718, 909.0857174744095], "RSAD2": [399.3118887319587, 445.2291903379559], "ESRRB": [422.1250380111615, 492.0801521494876], "NR4A2": [651.5493074011658, 838.9636457745943], "DCST2": [483.21900182888805, 521.4921790227883], "HRH1": [448.1899478812879, 520.5212467953688], "ATP1A3": [363.4993907874882, 470.67797559606356], "ANKRD18A": [585.9071900885623, 976.0663637363587], "CLDN5": [393.53714318510737, 536.5924124523381], "LZTS1": [301.50450908608843, 26.95917313887719], "DSEL": [323.4995558874559, 44.244142496047175], "C1QL1": [386.77190148576113, 40.568377892549506], "G0S2": [471.63616818396684, 482.7564453003405], "GCG": [704.2352089936836, 940.4829338088828], "AREG": [566.5613978369778, 981.130838023049], "VGF": [402.1992213128575, 423.8481625397203], "NPFFR2": [583.2703200338728, 815.6839392168046], "IGFBP3": [413.0073493298339, 527.7109798818159], "CCDC162P": [563.3995261327653, 871.9233972982286], "SLC26A4": [644.0562815012081, 935.7293060767421], "DDX60": [614.8758758205205, 830.9994052113998], "SBK2": [571.0783972075909, 945.6536650167936], "C19orf77": [581.804206484476, 957.2060538848841], "DNER": [690.5941154422641, 875.4146989829767], "CNNM1": [561.2997604916178, 809.6220492367312], "DEPTOR": [352.24222270343967, 31.492422631793943], "DNAH7": [335.134770500011, 33.425419228103806], "KCNH3": [292.62434935211195, 50.21400997034095], "SST": [669.4954849126564, 967.2862441294913], "C2CD4B": [558.2676409430636, 922.5414341018168], "IRF8": [425.90760669078395, 559.6431267539743], "ST8SIA3": [455.80117373277903, 419.08449990566356], "INS": [428.3833491953086, 542.0658669112784], "SNCG": [491.51642431573134, 451.94783539178684], "SHISA7": [468.0264816470662, 452.4480122800561], "ITGAM": [408.0611402570951, 561.9504026480482], "ANXA13": [387.13071012791, 463.19348863893106], "SCTR": [594.8850843529392, 949.7265443904319], "LRRC10B": [656.335659514844, 874.1141362132475], "WNT3A": [605.0184292804012, 981.4583008851632], "C2CD4A": [574.9304840072069, 920.795937903155], "TMEM130": [432.57397004670923, 458.29261234346694], "TAGLN3": [413.9793496718508, 57.67079605723211], "TMEM179": [662.2254962895375, 986.6412456336773], "ODF3B": [674.4114629166867, 876.679490151043], "KLHL29": [693.1160745696799, 910.1336614736558], "MSX2": [616.2733746655941, 904.655885593], "SVOP": [683.2669642761596, 970.0310223650683], "ADAMTS15": [396.93432495177655, 88.16206256551925], "GAD2": [697.1967141855362, 955.0997808803298], "LHFPL3": [688.9076726928996, 896.7435534986688], "TBC1D8": [674.4066867770553, 980.9415006543865], "PODN": [345.48327557553046, 453.0944478976444], "FZD4": [319.23040176860394, 60.32916871447617], "BHMT": [388.65908310414954, 57.436807930493615], "NLRP3": [320.2313296841012, 9.287591989563452], "UNC79": [434.71777702154395, 422.4915434030641], "CASR": [341.8301178981277, 515.4772810130905], "MYT1L": [380.020412633399, 509.2516935828562], "ELL2": [702.5129185343028, 885.7386172145125], "FUT8-AS1": [692.4089166642964, 936.8510102867878], "SUCNR1": [387.1846478318559, 265.48958746968356], "DES": [642.2447855970788, 847.672897320313], "NCCRP1": [540.243981458368, 742.8237735030035], "REEP1": [372.10704757894905, 1.5416741804829144], "SMIM6": [664.9410254094016, 950.6913601412858], "UNC13A": [431.14951638259095, 438.9699716727561], "PDK4": [333.3622612534307, 11.931207077003137], "SV2C": [443.4318329422939, 434.11110720735735], "SLC43A1": [678.2043717539386, 924.65708050567], "RGS16": [363.6982060026886, 434.430829544552], "XKR7": [389.214959776048, 419.7103065446221], "LRP1": [366.1234608851539, 547.9369550203378], "ATCAY": [381.34594958296475, 477.32154083452497], "KCNJ5": [697.9818340213159, 925.0395094345427], "CAPSL": [563.5937807972534, 893.2403758338573], "CADPS2": [339.9499345555806, 502.3717918630902], "PAPPA2": [366.0263624334317, 491.33354051156203], "HHLA1": [297.62086521577663, 78.98327178204318], "SGPP2": [450.9320003774504, 449.9421352788866], "SOWAHA": [406.912255442796, 28.966677505741586], "SSTR2": [481.6065293044208, 439.09448946231873], "SSTR5": [469.5126298936642, 429.5676199799138], "C5orf54": [369.23575529927064, 37.30208584405602], "FER1L6": [484.93863240985763, 475.97671058886914], "IFIH1": [294.01544023918564, 64.43366871563865], "DNAH9": [666.516157697288, 860.1949623455992], "MT2A": [570.3979278517982, 822.0577486098719], "C2CD2L": [583.948096399413, 935.3006785068853], "TYRP1": [624.316172023011, 984.5667700117433], "CDC42P3": [361.02892285540673, 18.361717054426094], "BAALC": [385.832421687928, 76.30831848520529], "KREMEN2": [302.23318901043183, 40.525305917036576], "SMOC1": [651.2866085846778, 957.0388762541812], "SPTBN4": [654.6329114802876, 970.9744949975458], "PAPSS2": [627.94046180493, 885.3792668250574], "PPFIA3": [552.495571836622, 883.7089023819017], "LHFPL3-AS2": [379.3778139408971, 553.127337306166], "CCNA1": [352.0545830059023, 524.9095543388863], "SCRT1": [419.1141503894149, 449.77701358179405], "SERPINE1": [611.9612503638266, 946.9739446346011], "RGS7": [554.9933012604845, 942.5589541918398], "RMST": [380.7449929063999, 439.20881116396276], "USH1C": [409.23132094753896, 73.90456473704069], "TTC40": [627.200303985196, 1000.0], "Hfb1": [427.01182305694624, 520.1693568770174], "NPTXR": [629.3061228940489, 842.1226988401462], "COL8A1": [374.131136795954, 22.3375948398093], "SEZ6L": [387.0090565612122, 8.036257680014046], "ST3GAL6": [412.5277401085696, 42.3833294088048], "TNR": [639.6595091124306, 995.6945491904085], "MLXIPL": [588.1518015889038, 852.4385366609542], "NUDT16P1": [688.5605303110231, 863.6880204495046],