{"AVPR1B": [196.21948103935034, 718.6172637860154], "TGM2": [889.7694911772217, 894.5814888139165], "TIMP3": [403.14045909175263, 299.11998963893643], "ACTG2": [506.81576769361754, 20.529438111070363], "PCSK1": [450.7355974415034, 379.25560721400007], "SCG3": [872.9791481650689, 962.3256269625638], "CD36": [758.1072080770147, 948.0213543710192], "MFAP4": [760.0819500765936, 990.9028024017392], "L1CAM": [736.0823402654355, 890.2965457736766], "RASAL1": [847.5020559997006, 985.6988956034869], "APLP1": [169.2127434808271, 725.0784676205501], "TMEM171": [885.2489537268148, 875.5980057267868], "SLC35G2": [397.3369023754992, 359.00715435228864], "NCAN": [594.9856004694652, 101.46617342937185], "NTNG2": [417.34488144601437, 316.190874576494], "RYR1": [861.7576064741758, 975.8380646257629], "FSTL5": [489.17687412557586, 14.904669628962552], "DCC": [433.0963039381508, 42.69633363537423], "NAALAD2": [603.7932603235371, 87.29019980644591], "TTYH1": [840.6530622649894, 867.9632686332942], "ZIC2": [109.41586248802082, 664.6850133252491], "SV2B": [203.7397870082517, 751.8495352684174], "IRX1": [506.1907832414802, 106.82421536984486], "NECAB2": [590.6687805523985, 118.43038429375525], "IRX2": [783.3181464134932, 843.972166548861], "SLITRK6": [269.60902421697887, 724.0861923912373], "CDK5R2": [470.91164990087, 73.71681758483214], "KCNF1": [558.3401841825042, 16.271045603897278], "CAMKV": [477.03732357915385, 45.62879392721584], "HTR7": [802.998896359905, 837.6795040092335], "SHOX2": [402.7772573539873, 375.38491712549023], "KCNN3": [575.2832840915787, 18.64720063080574], "BC033961": [191.70980300835498, 698.9772636559682], "MAN1A1": [432.879567844922, 275.93891345943365], "LRRC73": [744.6559788828736, 978.8434940417774], "KCTD12": [572.9717741416448, 35.016394068244836], "BMP5": [507.38521142114274, 485.2810960326809], "C22orf42": [553.8571744195116, 392.28031516952495], "KIF5A": [509.87990627135935, 309.70643778812206], "OR6T1": [431.6957651959118, 363.0487795099421], "SYT5": [181.8897886895977, 752.2260023412027], "NRXN1": [553.9966837014097, 116.38707411249817], "SYT7": [390.3427733516029, 310.5903478652846], "GALR1": [860.9028228873963, 876.5331480919377], "GNG2": [510.99108505309283, 0.0], "ANGPTL2": [488.2686547840567, 1.4031894132523348], "LRTM2": [470.0225155912048, 294.8419167411397], "CLVS1": [150.56300938669932, 652.1904156180708], "SCN3A": [256.47308100239917, 694.946911296509], "ELAVL4": [462.1755263853978, 10.001607636706467], "ANKRD50": [147.06051451169105, 697.3731829028388], "ASPHD1": [186.5656189690324, 733.9984814128031], "ACVR1C": [826.2194850676983, 933.311500214722], "ELAVL3": [143.4868812760244, 622.038511666858], "NOVA2": [410.39791590660036, 282.84738202832034], "FSBP": [864.8459778971179, 898.1659028905393], "DOCK5": [864.8507084682151, 918.813764825755], "BCHE": [520.5985085051506, 624.0375237903197], "CHL1": [830.7816043589021, 967.3606556425659], "CRYBA2": [129.26199595540317, 607.2350608795878], "CRH": [847.2475308938658, 955.0464367113311], "PNMA2": [497.591399922286, 399.6020704474784], "SERPINE1": [230.99992685153228, 701.9276908620232], "TMEM132B": [424.27170513262735, 290.66253384955644], "PPM1E": [273.1230313623792, 682.6815942600856], "LOC728392": [733.113093076925, 963.6312993628035], "LIMCH1": [729.0018464133748, 909.0288692291304], "GNG4": [501.556697697193, 271.6235375095768], "CEACAM1": [789.9993110614339, 975.151548067818], "MIAT": [778.0891356454852, 997.5740159810441], "MYPN": [603.0424051445556, 69.95230961878985], "FBXL16": [476.1559700114389, 277.34110404218563], "CRMP1": [117.64934967217147, 621.6369718084803], "MT1E": [796.724559579098, 1000.0], "MT1F": [255.7835920127057, 594.4459619175536], "KCNIP1": [515.6871392102125, 224.465029127239], "PTPRN2": [566.0633190825984, 56.02433136733009], "H19": [822.2660935414164, 836.3496951787735], "KCNK16": [543.4249121595777, 279.78374462371033], "KCNK17": [763.9982483026719, 855.2850997545241], "VGF": [820.1223902261228, 885.7113546381997], "LMX1A": [726.32506455996, 945.9769150245793], "HIST1H2BD": [168.76020317845024, 583.436094355637], "PAX6": [569.6940329142792, 85.3359830440532], "IGFBP7": [547.2329735582414, 4.926849619675522], "ETV1": [789.887707009689, 898.7614736632659], "ABCG1": [126.71090175523835, 667.7815495465716], "TNP1": [870.7681247216899, 860.6890717173247], "SST": [887.9897640763786, 930.8191497591433], "PSD": [453.65718221549747, 411.63392851783385], "INS": [206.56707067838994, 596.7493129724897], "GPR179": [159.06848425525038, 605.8241040370835], "KLHL41": [264.35680978879816, 527.3627680446721], "TMEM196": [444.14729579474465, 269.48054313119275], "KRT81": [747.5397025458029, 871.5784724069327], "KIAA1377": [548.5186454359397, 311.6864600448301], "SOGA3": [882.1987774645745, 947.4823866126944], "TMEM130": [160.70548506064904, 743.8864023638548], "STX1B": [390.1659101073955, 327.59144392631185], "GHRL": [856.3926897131197, 848.9814653362815], "HDAC9": [521.5412229948272, 265.5636363526116], "SLC32A1": [236.7888504486607, 727.7572599174014], "GNG11": [841.5341682389706, 836.3072076577164], "OLFM3": [422.79670631825064, 340.7382404786456], "SPRY4": [224.5115490504358, 750.438949483704], "TXNIP": [130.79140637390168, 717.001797109803], "BTBD17": [532.2370942857292, 424.1488895435157], "HTRA1": [185.71768114128173, 595.2414931311444], "SSTR5-AS1": [890.5841375119792, 913.0344367894241], "SH3GL2": [219.80504755129448, 724.7478497058871], "NPY": [259.51794547006136, 628.7429164668463], "ELAVL2": [503.9403764773303, 292.6008070455805], "UNC79": [121.03448130463391, 701.2710061961267], "CHRNB2": [168.19099168308793, 663.6779676638992], "CASR": [491.6818605969928, 59.291354304516005], "DUSP4": [443.92223089346356, 24.61938359949511], "CITED1": [448.36212824889475, 81.13061675680285], "SLC8A2": [540.7310517682163, 34.54670976299133], "LYSMD2": [598.1566515279718, 53.154439571052876], "ILDR2": [498.7700053129201, 219.5585692287513], "NLGN3": [572.2750518182347, 124.22659467705688], "ATP8A1": [457.8447570887083, 41.16318246727144], "FRMPD4": [477.4971114309727, 261.88784023010555], "C15orf48": [779.3282939762341, 942.4473234483531], "NUAK1": [551.998100403374, 95.02980711644835], "GC": [165.89183890463852, 625.2707943105182], "KCNB1": [227.18585058982626, 576.2816354706281], "OLIG3": [832.0468392266415, 994.3009303576258], "NEUROD1": [814.7791497747106, 998.0177510789972], "TPCN1": [143.72870805305104, 731.2984800069236], "CADPS2": [565.1413846381931, 370.5792517889387], "UNC80": [112.66901404468172, 684.3401241095628], "ATP1A3": [471.88778180621387, 22.956993477495303], "LPAR3": [339.61571469312963, 407.0709532082395], "CFC1": [570.8942360260303, 351.3910709965353], "RAB39A": [545.855270518129, 60.97019933514434], "SLC7A7": [255.5201265089422, 719.1226825965146], "CHGA": [565.2034616492366, 332.2216335146366], "CHGB": [811.2515831719966, 974.0129162069272], "GPRIN1": [530.3149241517256, 0.7520158097627245], "CKMT1A": [430.00112655249717, 80.31784175727779], "CDC42P3": [769.2264098753094, 967.7257402992617], "RUNDC3A": [415.73694297595375, 389.5949240751503], "UNC93B1": [525.0029821236798, 24.967660888006094], "SOX3": [248.39874051338262, 742.6418260778207], "SPTBN4": [391.20220200767, 343.85289616839356], "KLF11": [590.7361731349108, 38.06909884573122], "AP3B2": [157.29044903002898, 711.5809967604013], "PPFIA3": [249.18112470130632, 665.2067849631158], "CCNA1": [177.42257179366936, 683.3092470836496], "ANK2": [486.4400526846159, 329.9890608515511], "ABCB1": [446.0954576404217, 296.78727137429354], "AL355711": [139.31179627948984, 681.2287070575468], "LINC00242": [727.0464987915943, 927.5981704610713], "ANXA1": [804.333615726453, 944.5530080998481], "ASCL1": [530.8727669078062, 390.30577335498714], "GRIN2D": [148.91528590704962, 589.1902113284159], "OSR2": [482.24657573564025, 345.9611499615212], "CPLX2": [535.9477167391029, 314.80157314150665], "CPLX1": [130.99379688650924, 644.8031444107353], "POU5F1": [579.4703768335721, 69.11583105306329],