{"C3orf80": [967.6543985213291, 453.2252200014019], "TBX20": [78.64993157589191, 423.37032591101894], "SCG3": [872.0699980758282, 469.66784089179305], "SCG2": [811.8639378373243, 507.0221414601341], "RAPGEF4": [13.552154013216978, 464.0444031133894], "MARCH4": [910.4223241021123, 631.785701815835], "MFAP4": [934.5806066819607, 381.2884071202365], "HPCA": [187.3084696326444, 442.60195094050124], "APOC3": [521.9398571586636, 549.8562053894589], "TMEM179": [5.684341886080802e-14, 422.8727284339029], "ROS1": [527.0159789716312, 527.9706512741766], "CPEB2": [16.76012746453523, 419.0411130182442], "FAM182B": [597.1520298116928, 518.5387809508568], "FNDC5": [598.1946922428735, 536.3501013384632], "CACNA1B": [980.9402205326548, 443.4976459850743], "CACNA1C": [967.2633577025367, 627.0526433467875], "PTGER3": [513.0191378879293, 561.8579792179067], "THY1": [895.8958212456944, 643.8960921225807], "NECAB2": [921.8527743574805, 384.2697897418858], "CAPN9": [35.177781566801286, 360.38064540187673], "IRX2": [973.5558568134434, 392.92444255228236], "JAKMIP1": [574.9937228315591, 596.7339209217113], "SPEF2": [558.4503023716637, 463.75242249478447], "ENPP1": [992.4620349965223, 423.6925798346166], "GC": [919.752627719444, 546.6541583282259], "MT1E": [542.9665802535584, 596.8975237635566], "U50535": [911.3624608035519, 648.6570884449169], "KCTD12": [953.386270383819, 618.3834589655698], "GPR1": [80.55247569028995, 369.6030486988022], "ADCY1": [505.48046125152905, 540.0064365077028], "C22orf42": [942.3500776819526, 645.761126084617], "KIF5A": [97.35220496341145, 458.9888659662293], "SLC2A1": [860.4046280785228, 599.9107240665578], "SYP": [882.7055313544902, 633.5929104913523], "CYP26A1": [33.69689075285322, 433.24859394022667], "GPR119": [602.6338969303124, 572.8451699506849], "MANEAL": [79.98219873427234, 475.65032747549367], "SCN3B": [830.7581303483062, 567.9325859237715], "INSRR": [977.4262227181179, 407.10228987614573], "IL10RA": [184.88249971782295, 452.6747213019567], "STMN3": [570.6522498055738, 468.568605910452], "GRIA2": [105.90066489879797, 402.2639145793157], "GNAO1": [948.393171308712, 569.7174721007437], "ITGA4": [137.93674209292953, 449.3043957646285], "KLHL35": [960.866510056376, 380.9819978518028], "FAXDC2": [32.097016511416996, 461.45901271275096], "CRYBA2": [601.9798447439739, 481.346538108326], "CRH": [973.9466271830562, 562.6049377991833], "RSAD2": [865.8003275969936, 458.98977426902735], "TMEM132B": [954.2381286155032, 412.0258990001266], "ADAMTSL1": [104.43591823082267, 387.9964745652091], "AMER3": [116.71661218700928, 373.5843798234298], "MIAT": [75.067995542976, 490.3173495353186], "TMEM189-UBE2V1": [1.1631357937131952, 408.3087603888984], "ZIC2": [929.6273781130593, 448.1232038407318], "HRH3": [296.1961079360603, 471.1210009287159], "CDK5R2": [22.766914835130024, 388.83700156552914], "CRMP1": [610.6774951855167, 495.2712292731544], "SCT": [5.893486629644428, 451.0874421223293], "MT1G": [61.74778538978461, 486.96600061483923], "GCK": [44.54034629023005, 391.82805396947964], "DRC1": [950.8487106658757, 545.3891463038879], "PTPRN2": [899.9622320142521, 405.41488303557924], "FOXJ1": [597.1080270833186, 553.8062551065988], "G0S2": [993.635130767927, 411.1876518805967], "TTC6": [507.4973375604567, 497.41897962633436], "KCNK16": [561.4615247811964, 585.1287202088067], "KCNK17": [960.0040096402497, 393.1846795550204], "THSD4": [941.661329074494, 402.1500937461066], "UNC5A": [498.5379086676993, 528.1667319433146], "CHST8": [999.4188083636515, 446.8789520888764], "NFASC": [898.3404694491862, 623.8880011080716], "CNGA3": [982.5924563813815, 589.3739984534144], "GOLGA6C": [65.05808166638565, 366.9079105591271], "DDC": [963.8667712944912, 552.8511318310732], "ITPR1": [584.5340085865228, 588.8281765624718], "HMP19": [143.0101261815152, 429.5481502097539], "PRDM14": [909.9086796862771, 391.9386942462031], "KCNH6": [940.7539291151926, 595.8687248350227], "ETV5": [591.1134635422835, 502.03386121388337], "DNAH7": [585.0589598289084, 486.5072210498616], "LHX8": [75.31071727781813, 461.8447061646707], "ELOVL2": [53.466946166799005, 458.79617153489556], "TMEM196": [559.4217960302409, 503.276067856224], "CACNA1A": [609.6792881229633, 560.6973623721951], "GAS1": [41.79437594501616, 407.65237254467274], "CD82": [24.38566567842429, 369.96601643850494], "EFCAB6": [46.61479104889446, 443.91572751768956], "SOGA3": [914.741641668443, 420.43931270150597], "A1CF": [59.479777975853324, 386.9858441087558], "FOXC1": [22.412768957929302, 449.92728527251654], "C2CD4B": [585.6609987004853, 566.4850758969699], "FSTL5": [18.326714844626622, 434.9003629241261], "GHRL": [933.4526836537855, 560.4326084023107], "VSTM2A": [967.2379591368083, 421.4794680995807], "MAPK11": [89.78781514884594, 485.3022947142927], "SMPD3": [545.3890217538578, 467.50556274513286], "BTBD11": [77.61997377693035, 351.63705330578244], "HTRA1": [967.1759039939164, 591.327812731961], "SSTR5-AS1": [926.7701318071495, 405.9266370521931], "SLC25A53": [519.6114380845124, 481.4239189625515], "GDAP1": [986.864018564462, 399.0419882898426], "KRT81": [84.99376348142061, 445.7564333895722], "CBLN4": [994.2947198335542, 460.86157088033775], "CHRNB2": [616.4874533407236, 511.08038338742773], "SCPEP1": [753.3086965656931, 559.3960744336], "BSN": [92.06949378390408, 355.8511654452262], "TNFSF8": [545.4242648332782, 491.8539750513894], "SLC8A1": [532.2139334874606, 472.03686433466873], "GPR83": [93.45856484759514, 381.14174596436953], "SUCNR1": [1.6604356408577132, 437.1409877883551], "C10orf10": [62.57747702475194, 351.03876871026114], "RPS6KL1": [518.3590856494401, 516.057581739024], "CAMKV": [981.2214605169343, 459.0662836279095], "BC133018": [566.3584518965929, 565.9841023883429], "KCNIP1": [117.44111457478647, 455.0543837792193], "FEV": [908.5284833915923, 577.5743807510236], "SEZ6": [829.231047531252, 581.3057346646284], "TMEM145": [564.2578711707863, 483.73911626630195], "UNC13A": [926.7139795900187, 648.9612312897389], "KCNH1": [956.2393703400151, 598.9467973280917], "GABRB2": [30.715785677479687, 418.88193939250976], "C11orf87": [48.28717257041308, 354.5947790081704], "MAPK8IP2": [947.282487033757, 380.4830458665626], "CNNM1": [17.7803765023653, 403.21574399475185], "RGS17": [888.2053227850818, 426.576115183454], "XKR7": [35.86714757374921, 379.8307274409024], "KCNJ6": [107.74346948478376, 469.3174502089591], "GRIK3": [119.78204112688894, 411.70317650565926], "IGFALS": [597.109647277377, 585.4335076810761], "SLC35D3": [898.9694351614949, 442.4093460587315], "GPD1": [961.4488775346585, 577.7146338282666], "KCNC2": [561.7988943320717, 598.89796347997], "ANKH": [104.98738256706673, 363.26797449562196], "CHGA": [618.9396653118329, 528.181805239232], "CHGB": [979.6221844958679, 603.6406813048301], "CKMT1A": [1000.0, 433.28530041119103], "RUNDC3A": [864.2187728457018, 570.5104378268077], "MAP6": [547.6348846192146, 584.1847199770302], "GDAP1L1": [50.606461845492674, 372.82601726894796], "UCN3": [14.402124535820178, 380.40976906589873], "SPTBN4": [873.0000271763953, 618.4564585273367], "FBLL1": [934.7342138748033, 540.7161430730127], "RIMBP2": [882.0448259279883, 573.058464931715], "ASCL1": [545.9497754479216, 561.9052810078161], "PLCXD3": [508.8932101598405, 574.3645841908063], "GRIN3A": [122.77223742107958, 426.77397056103877], "RGS5": [535.00876683821, 544.2849606733117], "RGS2": [529.0349735990823, 564.2529079191047], "TUBA3FP": [500.4614434298888, 513.0587887594581], "ACOT12": [79.7174151862684, 390.95281562245384], "DISP2": [589.1665398705275, 472.1603535284296], "TTLL6": [5.2112865732387945, 393.55639080318014], "NR4A3": [564.1382155504019, 528.9424337894606], "RUNX1T1": [519.4931981478746, 500.5158747292229], "FAM150B": [45.15907375538927, 469.73085289567337], "BAIAP2L2": [965.5192391055889, 436.49778921959125], "CPLX2": [980.2611846815701, 575.1451299654979], "POU5F1": [885.8968252091775, 593.3469468377319], "RAB3A": [23.668260383841925, 475.03307257784314], "CALCA": [973.3721428799984, 615.0949448016515],