{"TAP1": [429.70095827398495, 903.9720311696399], "AVPR1A": [601.9193177088904, 145.34551607777735], "SH3RF3-AS1": [414.51343258984286, 436.1215312300909], "AMBP": [529.6418732183536, 69.54199732049005], "PCBP3": [434.9876079613392, 430.95064594850277], "EPB41L4B": [425.1648196044948, 915.2238147305704], "GPAT2": [618.0862489917788, 98.00706001285369], "CDRT4": [523.3822174813245, 15.803771912408536], "HEPACAM2": [370.8952024766595, 385.49794571422655], "ZFAND4": [385.25938077415674, 552.8573981725395], "APOC3": [606.4336834487315, 164.07917657518766], "APCDD1": [451.8813747187331, 939.3851091203096], "AGT": [538.3098772185884, 75.28100198718681], "TMEM171": [475.9173241835272, 80.11120444483316], "LHX1": [349.3910810957542, 918.8570536357372], "PGBD5": [469.68228143240594, 53.011854287663255], "SAMD15": [483.2331437938589, 9.3045287803738], "LINC00305": [541.1622886480537, 20.781058502262454], "RGS5": [506.8732017310642, 19.71054240814749], "FAM182B": [324.13117935766877, 460.93222584430066], "GADD45A": [604.6031507181498, 117.5958243773868], "CACNA1B": [428.34735531985604, 891.8324768578179], "POPDC3": [410.43786276636604, 418.30519756432193], "ADRA2A": [527.8291302679189, 85.00107165035644], "LYZ": [344.2820580367743, 942.7685451140152], "GADD45G": [438.3633211537439, 957.4157313616078], "DLGAP1": [392.90745824942644, 460.70274445904363], "NAALAD2": [383.3563055899373, 962.8900351124379], "RELN": [350.98114995917274, 418.1070303280103], "ATP6V0D2": [460.2296333962969, 939.9442257419062], "THY1": [468.56831281018503, 73.04279610453369], "SV2B": [422.220202026091, 481.2359461624287], "WDR66": [502.3542713562975, 91.76347642656134], "MYT1": [437.65452691105213, 333.79107486991904], "CALCRL": [417.22890836362046, 888.3899697890477], "HLA-DPB1": [352.7003809176565, 972.0031978796846], "SLITRK2": [372.61492588276235, 908.5604359464704], "SLC38A3": [370.4088073006011, 922.8665495247649], "SLITRK1": [461.4430924211237, 49.06481311107251], "HOXD4": [556.2986564478314, 41.52143735678624], "PCSK6": [425.1239644597017, 427.5108422892864], "LRRC6": [657.6291825674705, 99.7691963411769], "NR4A2": [514.7736947014617, 61.656816818066716], "FLI1": [384.1903169889928, 441.33986040864215], "SP5": [433.2348420135243, 468.36732474603394], "BCAT1": [450.59723708764756, 918.8679264952594], "GSTA1": [367.6428541779143, 988.0123475018312], "EHF": [542.7837321593247, 9.202354117948403], "POSTN": [400.7037143373393, 414.6555969404819], "CALCA": [374.9070600485155, 485.9889625131456], "OCA2": [679.063112373664, 121.8047679558928], "ADAMTS20": [401.58623255838836, 490.0464041709235], "CACNA2D3": [366.44760770461426, 488.51557179192093], "TSPAN8": [443.5672732712299, 965.9978326076721], "ATP2B2": [499.6340043309354, 73.70214928357501], "GATA3": [341.26906207711556, 411.04473921178], "C5orf38": [361.1933407813161, 483.31749211827815], "GPR3": [400.9447499353746, 1000.0], "NME5": [442.17359579115026, 336.362147597104], "SOCS1": [645.3047596230989, 177.08653143186453], "PLD1": [473.55261798622973, 33.64953399832967], "MPV17L": [660.3859119186905, 129.25951409708236], "CCND1": [523.4878620395272, 24.547862162659044], "ROBO2": [513.33567136962, 5.684341886080802e-14], "MAGED4": [387.7876603444008, 392.3559223087106], "SGCD": [399.75443380366914, 434.81637138757037], "MAMLD1": [395.6980874205233, 393.1461021524425], "ANGPTL4": [452.50866073959725, 972.875618986167], "NPY": [406.1993211883226, 980.4564251689233], "DRC1": [535.2622998005172, 3.450249121340164], "HGFAC": [361.10872447249153, 387.838093166016], "PTAFR": [406.11400187977, 992.3268248712461], "SLC19A2": [463.2969418266361, 36.72677016944152], "SCN3A": [370.020312925782, 433.5245366110832], "HHIPL1": [351.89039987962633, 391.47152794467536], "ANKRD50": [384.32441530206296, 474.54393225253057], "KCNJ8": [320.43757807715474, 439.87691252771685], "MYRIP": [374.6582709675148, 955.8728917690403], "ELAVL3": [411.7472343005332, 910.1493563338068], "SLC7A7": [362.94265843170143, 904.2041645878938], "KCNG2": [321.5810911359351, 429.6659955063712], "C9orf50": [526.6585456347236, 38.958497032665946], "ITGA4": [329.0727202944246, 410.83236293767123], "ITGB3": [355.2231915764547, 942.7162240990654], "RRAS": [348.6087681920239, 447.36796218180325], "C1QL3": [360.3835519480796, 494.26040915897534], "CNTN5": [426.7706967008675, 472.1695133525044], "CRH": [415.1361395021828, 453.12423524159027], "PRRT2": [397.59323989824674, 992.4679534878131], "C11orf96": [351.7789827240921, 491.35590440371004], "HPSE2": [556.7724184328514, 32.417753786602134], "TSGA10IP": [452.19587219319453, 964.5727210691672], "PRLR": [378.59082991043795, 412.83088534081736], "AMER2": [445.5101590635185, 981.1332426251533], "AMER3": [410.3702613417918, 482.6270246629739], "APOH": [599.4493668918901, 155.48179653750998], "BICC1": [497.5025943131492, 46.57961683731213], "MIAT": [521.9391291670704, 4.333659956876488], "C6orf141": [515.6604779626315, 35.37000944866713], "GNG5": [369.7190817619356, 403.38478159174304], "GRM8": [377.0002002913286, 994.1741000150492], "RNF135": [513.7954519958473, 12.635096199308691], "SYT14": [419.70399576923955, 899.2201245122307], "HOXB3": [352.0393313381742, 955.8821749394724], "GRM4": [554.3456551023874, 50.872082067416954], "DLX5": [377.22376443197993, 461.45355778739986], "ANKRD18A": [397.43094270749566, 473.9335666903267], "KCTD12": [553.2405254606315, 23.919636612052216], "NRTN": [421.34044653708344, 403.6131221291662], "SH2D3C": [665.622907823165, 164.65865561377308], "SEZ6L": [385.6703580820666, 427.8396340169966], "FOXJ1": [543.4465091827376, 39.24065848630465], "G0S2": [331.6523175185552, 425.836830894831], "KLHL35": [354.90336661558433, 912.9978812480745], "GFOD2": [608.4650005139583, 105.9143700266637], "AREG": [348.41498845548006, 471.3347401947362], "HOXB2": [620.9003086413283, 134.38565195511532], "KCNK17": [359.5380251071041, 934.0464260152686], "VGF": [656.0451334111931, 141.1647544464408], "UNC5A": [420.3011733219588, 975.2380089957945], "LMX1A": [363.62226513513497, 397.652451935839], "TFCP2L1": [429.81624752303526, 924.0624603379447], "C1orf53": [444.4199814885226, 904.4912592449123], "BCRP3": [344.7907416427146, 485.73570826011945], "SLC26A4": [427.104045669815, 438.24554428266566], "ACO1": [383.2853201250281, 509.774265654912], "CORO2B": [423.00625636246275, 447.9966476265374], "RAB26": [426.89930024687993, 976.2582568268795], "CHST5": [419.98542213265887, 467.24471730070485], "GALNT3": [439.7768299313343, 972.9478381058127], "BCAN": [615.997313247474, 149.05736035097667], "OLFML2B": [433.6613668204276, 421.9650077270448], "PRDM14": [390.39506903133736, 410.4692129580377], "SCUBE1": [474.6673262820486, 16.53722126517414], "MTHFD2": [400.0902555032742, 401.5113280890636], "LRIG1": [347.5814108665692, 927.1908628802288], "TNP1": [665.3868023266176, 145.21157571272124], "GLYATL2": [356.1286470957915, 401.05436271801017], "CD274": [405.98981768123707, 887.340554991095], "NPAS3": [421.615825894469, 383.48812107491926], "TCN1": [436.64199062481475, 912.9427094290933], "TNFAIP3": [410.2917190072948, 492.41884652910903], "INSM1": [335.5717344216329, 403.12334531392173], "GPR179": [413.4464384146358, 999.0169007411894], "RRAD": [339.52754474931305, 437.4544722778963], "KLHL41": [323.0752964658371, 449.38319346346344], "MYBPC3": [367.40166011553106, 948.7087685284802], "ITGAM": [646.3870197924202, 96.15505391792738], "HECW2": [381.18249511573123, 387.07203890311956], "SLC28A3": [640.6855661339556, 169.0541751810534], "LDB2": [347.7585121946971, 437.0965287486788], "CHRNB2": [412.3367642943731, 471.60229198137745], "RXFP3": [677.0963455789915, 139.42467054980645], "RTN4RL2": [501.6902018472441, 0.9304763568430872], "WNT3A": [648.7380040295733, 148.39700525903166], "ACTA2": [391.40658731452083, 495.6934905566974], "C2CD4B": [504.71536684514285, 36.827004192948266], "RSPH1": [402.28411377279383, 955.6968878686419], "NPFFR2": [498.191523912657, 23.101460872200164], "MYC": [408.70763051471283, 395.1084329988322],