{"HIF3A": [932.0793401673893, 393.82843935651346], "FLVCR2": [106.43658156526806, 541.5812306587254], "LINC00176": [559.1296574829138, 507.1332667466276], "MPC2": [478.90474166521653, 519.7661145414352], "CKB": [887.2229411197964, 424.11066422866617], "FAM222A": [542.3487476914199, 623.213963508344], "MYL4": [938.0138043701766, 467.7859845210028], "L1CAM": [703.258850040651, 507.1815723238367], "MAFB": [16.617511629379237, 564.2463639350821], "RARB": [528.2025258138532, 554.0045236661889], "GADD45G": [87.62384808616287, 524.4114946944951], "FAM114A1": [110.57152719230123, 556.3961397803469], "MARVELD1": [483.63030910651145, 505.91832478264104], "FAM95A": [552.4002423098984, 615.673830394548], "ISG15": [989.6095962091416, 448.0455697574254], "MYC": [26.895783579595104, 536.7175665491773], "FGG": [942.9439464907371, 386.4427738686624], "FGB": [563.7095369728278, 610.2704843591331], "RNF135": [860.2939699037133, 485.57205490342386], "HLA-DPB1": [575.3795061896438, 553.7025551883216], "ENTPD3": [906.3200874224202, 394.06197775676605], "LIPG": [543.6800948896297, 495.7923743622888], "ARHGEF19": [929.8298681109827, 377.23723584929473], "GLB1L2": [561.8454230409336, 597.0259218777824], "LEFTY1": [577.849761067388, 520.1799245057664], "EHF": [893.260456384286, 399.5644182554774], "HRK": [32.292721867227556, 509.5006103603332], "CXCL5": [520.0549520268781, 610.1213854097412], "NKX6-2": [961.873317004735, 516.5660887794888], "GPR3": [990.6653132491533, 411.9921108181927], "NME5": [961.7048328802299, 503.0762253812095], "KAZALD1": [619.7122554500328, 534.3779074451363], "SOCS1": [57.58040239828546, 627.3421356461763], "RFX4": [553.9612557182917, 570.0349603075091], "HCN2": [942.0614671342487, 374.266579815373], "PKIA": [491.1031960916558, 613.4282204754253], "PPFIBP2": [534.8863693362873, 605.316209617894], "AHR": [915.81790178763, 372.6578643538236], "SPEG": [502.8396702802275, 534.801381447021], "SLC19A2": [915.3542195566297, 523.2996633138061], "GRIK2": [971.5561204280938, 387.2169487434143], "HHIPL1": [577.2641939681621, 568.6036451339528], "TNFSF15": [76.69616281490511, 598.6389023795099], "MYO18B": [37.85668141432302, 526.0572040494012], "SCHIP1": [876.510082775364, 499.23305181404623], "CHL1": [903.9455311134009, 418.96481929968417], "TMEM185A": [487.1686670986353, 594.5045719003892], "AHNAK": [64.44984582912639, 585.4138672452616], "FOS": [101.5842715453129, 527.5478458578947], "SOHLH2": [500.399501510234, 517.1542084473459], "THBS1": [876.8400390541747, 449.2500175654271], "PNPLA3": [516.3761664495668, 621.3323339187232], "SAMD5": [556.2715868619337, 547.1106006035159], "IGF2-AS": [976.374822450151, 446.85197769803125], "GUCY1A2": [957.6673632730051, 378.79357448916653], "HRH2": [938.0873715693743, 409.17550392113264], "TNFRSF9": [69.70913573736641, 614.1324292728859], "CEACAM6": [941.398069607648, 431.7227322915718], "NPPB": [60.54061632420644, 534.3150486286341], "CCDC50": [49.49041219223386, 598.2930206614542], "PDLIM3": [32.83126906864629, 581.1221929655593], "UNC5C": [869.078305430569, 400.7459121605356], "LMX1B": [510.42055405702365, 490.5731691731178], "VEGFC": [878.6993022797355, 389.87010343907195], "PTPN3": [822.3566137071034, 471.1882338146171], "AFP": [902.614551690207, 376.2575909552082], "CMSS1": [493.62734382860134, 560.9474376368933], "GALNT3": [85.59620649637236, 510.8772979782923], "EGLN3": [110.91491477997369, 572.3175965249807], "PMP22": [502.4598611257184, 620.024438941203], "KCNH1": [1.1604392554094147, 555.4857203069246], "LRIG1": [3.06476045014972, 584.9700497754634], "MYBPC3": [479.6629257009494, 540.2268000647379], "SHISA3": [901.7961066748985, 518.4470511288417], "GAS1": [996.6191169134938, 424.5837177734611], "FOXC2": [916.0643972273349, 451.12808249046793], "NXPH4": [47.3302733739003, 547.6587848628498], "TMEM88": [861.0325616930315, 427.1095273225108], "RCAN1": [42.259401368043314, 624.3698276561412], "ONECUT2": [38.158745912296695, 564.1351193484436], "JAZF1": [987.3815339039393, 460.7452792322259], "TBX3": [73.41263813167114, 564.3228926512261], "NPHP1": [942.1664731533122, 498.6364054876659], "PTAFR": [854.205236171716, 461.8023467859457], "GRASP": [575.0606068863572, 595.1609194332823], "IL1A": [586.855093954537, 542.8794996013156], "FLT1": [963.845490268978, 396.6895555551631], "NEURL1B": [950.1108517850062, 485.6905055910779], "AREG": [454.60907686204825, 542.9211034215753], "CATSPERG": [458.738009288403, 561.3311928763214], "GDAP1": [72.66389987201211, 507.3511708278538], "ZNF385B": [480.17479853324045, 578.4730267816349], "SMTNL2": [511.73010690859167, 507.4865766346245], "FOSL2": [976.8018791221255, 412.94730498663006], "TCF24": [904.5696611967858, 481.5759858860577], "DNHD1": [102.07141314546152, 602.2011586204942], "ANKRD29": [476.2988377811483, 556.4995699358147], "LAMA3": [615.8017124576104, 522.975972394131], "ESRRB": [529.4622038530586, 623.7705763887591], "CCBE1": [961.1990461268906, 409.20487354567905], "COMP": [882.808772994457, 410.4028966568202], "MCAM": [971.8035480815562, 490.9270234879115], "KIAA1045": [996.7706107102387, 471.2635745074365], "MFAP3L": [975.4834883746878, 478.2903396820817], "GRAMD1C": [982.033578802882, 399.3020579721584], "LRIG3": [495.4990893486489, 496.7492748476152], "ANKS1A": [468.5071258190671, 534.7613913128607], "HEY1": [45.818925635656456, 504.42249051590693], "GALNT14": [997.0933546963759, 436.73988147438155], "RAB33A": [739.8854278215508, 498.3531585033669], "ID4": [951.6524070547532, 423.0852907063536], "LMO3": [527.1406387141666, 490.29128063824385], "NRARP": [901.8371561629851, 496.53162171699466], "ID1": [20.58926740831896, 518.13341683948], "NTM": [871.0473410502755, 470.8747784630888], "RAB17": [20.662211994858694, 611.1648885548352], "IER5": [963.0234066385269, 441.2460312734859], "LPAR3": [0.0, 570.1577482311212], "CPN1": [516.5633398242843, 596.3153748287712], "HAPLN1": [577.6209002557724, 582.1004873322337], "CFC1": [77.77947611063934, 623.1366948409479], "NKD1": [52.97642336602735, 521.6340535018303], "TGFB3": [889.7022325998506, 464.14555330198164], "GPRIN1": [59.94635388698657, 503.3379838773385], "PRSS1": [545.0282465073948, 588.7047677009705], "MOXD1": [969.6670815756638, 466.59016825278115], "SOX9": [929.8731044910055, 526.2846501090622], "BAALC": [320.31329660551427, 558.7977756289133], "MYBL1": [955.3057754012343, 465.8371965574467], "FBLL1": [919.8455334249961, 388.96413966473057], "PARM1": [469.5484337479132, 589.1196766545804], "RAB3IL1": [32.34038656399025, 615.7729003245454], "CEBPA": [921.9953435966249, 421.69659609844695], "KLF10": [991.3023420479318, 482.2646553809557], "PLEKHF1": [25.78459758014594, 594.7776637978791], "ATP13A3": [949.0964665216036, 394.9566391683561], "NPAS4": [471.0312602164977, 568.1814939043563], "TLN2": [499.3425183730421, 587.9954871196321], "FUT5": [983.8422992839097, 428.4936240133691], "DNASE1": [92.69175014788408, 614.9182639190021], "SLIT3": [526.7164438038862, 507.8310358260209], "LIPH": [977.4531283484691, 503.69556088471467], "LRRIQ1": [14.050282091843656, 578.8200026800869], "JAG1": [4.87399867271904, 541.6622953196102], "SPINK1": [942.6670618932585, 521.9786135998437], "TTLL7": [863.4964496300465, 413.91692655664633], "TMEM51-AS1": [864.4328480701913, 439.9360784729571], "CALCRL": [419.2764276470871, 561.4649282207956], "NR4A3": [924.9312949084438, 493.62072117748227], "ATP10D": [418.42514543425625, 551.1176068227352], "NIPAL4": [951.6540930810675, 507.2505293158425], "SERPINA3": [889.0341098374406, 510.5011595618053], "EBF2": [107.87535228794428, 587.7787065981374], "SSBP2": [930.1027491797299, 512.5763667494206], "NRP2": [884.6910315494868, 485.56564258868633], "TAP1": [914.9657513608863, 503.3342237162917], "SLC20A1": [540.7506961339612, 514.971618701831], "TBL1X": [505.91972875003074, 560.6243552807074], "PLEKHG4": [12.995133090797822, 600.5303132256037], "LACC1": [986.5609569208964, 494.17317837737534], "MPPED1": [20.08971729627922, 549.8577335928239], "CD163": [56.44688839368905, 613.018788094802],