{"CDH11": [288.1604631072181, 142.32582083991036], "NGF": [269.31313575654474, 273.55072453398185], "AVPR1A": [331.08402500355317, 15.892813078622737], "FJX1": [459.05543151173254, 170.04496986142368], "NUAK1": [319.2000694903647, 304.3297025496651], "MYBL1": [522.7299690653028, 808.9199293617175], "IFFO2": [414.5322208750678, 64.24691997316324], "KIAA1653": [272.17148144527044, 57.51616551606702], "UNC93B1": [677.3351006258672, 987.0426381045443], "BDNF": [709.1209697625773, 922.2917807361505], "NAALADL2": [503.39030426775656, 869.0390891450122], "CARNS1": [759.4253921082112, 919.3350276720505], "KLF11": [622.6406850379153, 835.6913002448421], "PGBD5": [589.0462184807133, 998.2735743646605], "NR2F1": [528.8804442413705, 961.7839168705066], "PDZD8": [381.15943159730216, 314.40571396852295], "CLIP3": [307.480451648025, 201.4527283809358], "NEXN": [236.56395689891173, 226.06433790189078], "CASR": [774.9872475861902, 874.876012078056], "DUSP4": [768.5331965330413, 827.3241430265589], "IRX3": [401.49279704400954, 184.66232675261955], "KIAA1683": [616.5073961687235, 700.4545920933667], "GFOD2": [465.64636509987434, 101.94469966592669], "LIPH": [235.14306115902608, 109.0874747575337], "SCN8A": [541.697740875831, 223.9575504417666], "TFCP2L1": [496.7703884790257, 33.46468751567181], "C1QTNF1": [306.5608356562909, 82.76407388544948], "TNFRSF21": [390.3571954403332, 5.684341886080802e-14], "SHOX2": [559.0215676921846, 171.9984494959417], "MERTK": [544.5199703858772, 725.2057544789714], "SLC25A25": [534.3956360817606, 71.90366668048551], "PTPN3": [502.64713158605264, 268.76746408943006], "SLC15A1": [555.2160359733288, 119.89434748987998], "FOXN3": [735.5666419464987, 788.6812124109158], "KCNJ6": [684.2979835628503, 753.2475574509532], "LRRC32": [537.1589067874332, 584.2844773805052], "NOG": [500.9724332136547, 921.0391065892627], "TFPI2": [635.1771270580513, 999.9999999999999], "KCNK12": [350.38234880316276, 57.280159914898206], "NECAB1": [225.0127524138099, 169.17369009195784], "PTGES3L-AARSD1": [446.44927856392366, 300.96588610857134], "PANX2": [578.3326970544404, 951.5028572814535], "CPN1": [378.462207039101, 219.8745457659405], "AX747167": [719.9878158501479, 970.9363512167795], "TMEM151A": [447.8074912460146, 8.002900456217276]}