{"AVPR1B": [480.1104763194285, 454.4337713826138], "TGM2": [475.80711105704114, 504.5011175901361], "MPC2": [528.1539364213282, 545.2054073994757], "PCSK2": [552.3443288285712, 937.319437126614], "PCSK6": [543.4488270270166, 956.9502311624378], "GSTA1": [508.43724824318804, 541.1828053069745], "CD36": [588.8793027077714, 426.74680998580874], "SYNPR": [457.5727139169956, 511.1393779752449], "HPSE2": [578.7339306538736, 170.07951589087668], "CACNA2D1": [411.7354437607198, 983.3638655100278], "LHX6": [526.9152334457806, 477.0631492748952], "AK092048": [444.9121785329895, 998.0046300446527], "PTGER4": [509.2833700255592, 11.309620309528214], "ADAMTS9": [458.5309594368367, 984.8988556417935], "NAV3": [573.4682986335116, 506.3194886614864], "GUCY1A2": [446.0562297718996, 959.5072687181589], "NAALAD2": [545.2933619990505, 499.9761747156964], "MFAP3L": [490.41325407422823, 803.6418755748823], "MYT1": [559.5136492497496, 20.862957768561728], "RMST": [569.1142801114348, 413.4928293963811], "LIPG": [428.4490694958383, 856.6506476706857], "CRTAM": [540.7316519305177, 18.03018909676996], "SERP2": [496.898000938511, 406.66307892524685], "MEG3": [575.5268171745182, 39.27597189843118], "SLC15A1": [492.92825819374974, 112.22995096181086], "NME5": [601.4993310444315, 512.7302943958632], "KCTD16": [405.17126446276285, 887.9947394607664], "CCND1": [397.13249636816965, 970.1665577157754], "ROBO2": [521.1716970560356, 922.3206621121001], "NRXN1": [532.2818980899737, 889.4819348402946], "SCGN": [503.1894714577974, 935.6003272214905], "GNG5": [425.8617841140939, 895.1161358508065], "GNG2": [550.2694869298045, 536.1332838470422], "ACOX3": [469.55016105562214, 1000.0000000000001], "GRIK2": [454.53305208535033, 933.3950816590559], "IL20RA": [399.3098696602792, 917.4117514011203], "NGF": [527.0257560550758, 870.7208208067561], "C3orf67": [500.4143162228049, 437.22940169623814], "LPPR5": [520.3932737087985, 582.2240603924297], "CNTN6": [377.5989712672956, 933.6051262510193], "SLC25A30": [476.1462982249407, 416.23131940054697], "ACADL": [488.1805113095612, 998.1710747045922], "CPA2": [579.0623662564938, 527.540721973057], "MEIS2": [493.7320298600045, 709.8059513126778], "PNPLA3": [529.8593340634042, 943.1987043256061], "PALMD": [549.6764812222056, 897.2469175987186], "GRAP2": [431.09684579347635, 922.7768454092209], "MYPN": [522.3817183656831, 517.5834840948364], "DCHS2": [581.7819271946875, 5.0510876407946625], "VGF": [474.0216056034529, 479.24179317983095], "UNC5A": [525.8583009086584, 979.9920101959667], "CCDC3": [508.904050499395, 49.810730714864405], "SHB": [480.61284340590925, 77.02014354744506], "IGFBP7": [406.5955301641201, 942.7103582633054], "HOXA-AS4": [502.09953488071045, 578.9669102790135], "ST8SIA5": [488.657415935192, 973.3196370686694], "CDHR3": [384.8703115916368, 953.5708133224393], "SCN3A": [520.4682943905524, 402.2482228939893], "HECW2": [423.4006938346012, 960.2352423493414], "NXPH4": [610.8162622229114, 488.78997373762627], "FJX1": [412.17934156802016, 868.9054487252433], "TENM2": [514.6758943813554, 165.16299501191264], "TXNIP": [530.8103943249765, 259.9091331503923], "BTBD11": [428.6201873815471, 990.666873840265], "MECOM": [551.9946667725701, 92.25423998295389], "DUSP4": [615.9356171947583, 46.579382449911975], "DLC1": [598.6672544378164, 15.997173049513435], "RXRG": [545.523205097471, 403.3529100788742], "CALB1": [527.7628520128394, 430.523030775003], "LINC00907": [551.0817145958687, 261.01254016732224], "RGS17": [480.9206379914931, 49.87000704289619], "COMMD3-BMI1": [378.62237197326033, 889.062377024024], "F5": [597.4067315246034, 67.30063151096317], "CAPSL": [556.4196409565592, 430.6110172547001], "CADM2": [518.5656123710963, 115.24944331874957], "PAPPA2": [532.5337491999619, 2.6813698802204726], "UNC80": [532.4219304816783, 167.86364387965222], "CXXC5": [390.18433436434384, 867.2714759901103], "COL21A1": [374.93233803787155, 911.6077900965405], "MYO16": [492.88102382847546, 844.4896258125968], "CDH11": [606.5763398565274, 443.84756714737716], "HS3ST5": [499.16970932578647, 670.6255927816837], "CDH12": [610.7667559811443, 467.7654479769152], "CAMK1D": [508.2098444297468, 76.76018014614289], "SYNPO2": [511.0929355697558, 969.2853168940817], "PCOLCE2": [551.7915005332432, 916.8756135092482], "MAP2": [577.2494512545795, 70.47032371536153], "FOXO1": [605.5627205791899, 121.96010200911411], "LOC100996634": [560.40498870817, 168.58663170985454], "DSCAM": [614.3820112418258, 27.742424757604567], "SMOC2": [448.9119339598771, 448.5439117546538], "FBLL1": [625.0676619621285, 68.24254374711717], "RAP1GAP": [577.5481375151858, 443.7388326415052], "LYPD1": [469.7450443976685, 801.0794284739886], "NEFM": [505.47815062326794, 866.1366359624362], "PLCXD3": [589.6848604827214, 466.637986207886], "SLIT1": [459.73768810716956, 430.34599619445845], "SPINK1": [444.5398498676045, 469.1664183786426], "SPON1": [446.91990692907575, 491.01871239173374], "POU3F4": [466.73623348398536, 900.7443718485945], "SLCO2A1": [487.6671624387851, 953.4019823699958], "CES1": [523.5423469654852, 32.49014623108616], "MAN1C1": [576.0563153308435, 115.36187758067837], "RAB3C": [491.8263778431507, 27.787594046205527], "FFAR4": [622.5804127491614, 91.78037673738896], "LOC283731": [451.5084607033577, 839.423119474226], "CYB5A": [560.0457367852878, 0.0], "ZFR2": [507.90362932730164, 992.4592707372946], "COL6A3": [592.867702592145, 494.9338290079874]}