{"TAP1": [77.1130291226161, 444.85857593085245], "SLC6A2": [572.376171849471, 490.42039134071416], "HSF4": [981.7527901353604, 619.0231660971776], "DL492557": [625.0900824331889, 439.6406627833166], "FAM222A": [47.8788786835554, 446.2244464701177], "TBX20": [102.50362780391518, 457.7126917498935], "CDRT4": [0.2629464679643547, 390.59214317667966], "NKX2-8": [562.4791751793068, 424.765621682529], "JPH4": [524.2526106080957, 430.6186810161829], "TMEM179": [585.3803313641515, 463.5279901321551], "NKX2-2": [931.962448060586, 609.9849680342116], "FBLN2": [45.308625626494404, 427.18621384825093], "AGT": [559.1200538763078, 353.9404468044528], "BCL6": [30.36113766827782, 357.0059140206601], "LIX1": [526.2146631997637, 461.99055465567807], "ADRA2A": [94.79694673561875, 376.8587126510917], "CA8": [899.0685807806104, 615.9607639036035], "CGREF1": [17.547849537354466, 411.8120024644474], "C5orf46": [595.5964036473245, 364.04002689172984], "CDH5": [923.0256216204396, 575.0627597838552], "NECAB2": [522.8173495967494, 370.7880456193565], "GLT8D2": [598.369675569319, 382.70136388493086], "SLITRK6": [3.8913208005824345, 428.0592781698908], "SLCO3A1": [962.6738115381758, 668.021214956769], "CDH20": [2.776459455360225, 379.36334075500156], "HOXD1": [985.4740139439414, 583.2010207890437], "WNK4": [98.43918397602647, 401.34117902151945], "CXCL14": [961.4854001030626, 562.5394672711631], "CXCL1": [22.891336703196828, 436.67783861284545], "CXCL5": [19.059918594539113, 450.4975333858341], "RFX4": [120.50475156261999, 360.700805873029], "FAM155B": [965.3156832181659, 579.4457350686008], "MEGF10": [502.0391818693652, 423.57074201293125], "SLC2A1": [0.553082830642154, 402.81248945382043], "GNG3": [1000.0, 606.1780541090584], "WNT7A": [541.0037953322607, 442.3030640769451], "ID4": [539.6790709791392, 411.6091041156072], "AK308605": [921.8746561276396, 653.5884933968948], "MARCH3": [503.15692933053356, 438.34071911402503], "ACVR1C": [540.5848478522233, 375.7326168159368], "ATP2A3": [586.9310854410774, 356.4682215975382], "MAGED4": [966.0700322196918, 648.8319559722261], "CELF4": [12.273462678394594, 400.55811564300575], "LPPR4": [514.6875919874581, 467.1455139117406], "SLC25A30": [16.4087878977964, 388.4586611345653], "MAFA": [76.29551873991545, 400.7234753819139], "HSD17B2": [985.1792972669265, 599.3151624587822], "CYP11A1": [612.5948325642951, 447.00558171642234], "AK097012": [923.8729737731496, 667.2315562109907], "PKDREJ": [295.24037731093017, 411.34331302524566], "PAMR1": [566.8615088019324, 381.1015394251529], "MFSD2A": [118.24261590084237, 393.11296789451], "EGR4": [628.3472498234058, 398.90476818229723], "HSBP1L1": [42.97992094101443, 369.7199209051074], "KCNK16": [55.1143020133685, 353.34030023200114], "ZIC5": [531.2461674810481, 387.3005560265112], "ZIC2": [522.4081356459374, 400.32640746438443], "RNF135": [532.0178192364494, 478.26648165039666], "ANGPT2": [71.77329861740182, 328.7610922572478], "ANXA13": [43.02123250770563, 343.4314742707603], "CLDN5": [613.6683313321289, 418.54532575045425], "DRC1": [974.2766145868706, 568.5184645292887], "FOXJ1": [620.407943310672, 387.3383419498396], "DCHS2": [39.12328767161421, 463.6675100347746], "PODN": [544.7828703060939, 472.7903247816171], "HOXB2": [559.9695504144111, 401.77188172252033], "MN1": [112.75807891657851, 431.9126511098164], "C1orf53": [12.118425690481843, 358.47902610702016], "MMD2": [117.11511450854408, 412.5535747534202], "DCDC2": [28.44923941136136, 458.201911893907], "BCAN": [22.685442112594842, 346.8726736466981], "ANG": [83.75999258905583, 334.06850538152304], "DEPTOR": [50.554888553377566, 469.106572449029], "NLRP3": [142.35547234320978, 414.45144646132286], "LRIG1": [110.1583101412856, 348.1611326861166], "IRF4": [967.9162733331653, 625.76914849093], "GPR179": [580.1411510354985, 385.0478776435433], "MAOB": [506.78054158405405, 453.61709051195436], "MYBPC3": [118.1659667362052, 443.83667032639704], "HOXA9": [37.99146965501944, 393.82991378179474], "SPOCK2": [12.16985025593516, 438.52093078663756], "SLC18A1": [31.9953848742839, 382.46603748431653], "C8orf31": [606.8951417848236, 366.7202578014741], "BAAT": [31.932509540773253, 338.97742588711117], "C8orf34": [6.255452309292366, 368.7468698761958], "RTN4RL2": [542.2899926344975, 487.84557786214197], "ANKRD37": [59.54488526338815, 331.63635697848326], "KIF19": [940.7197296363505, 643.350793535412], "SH3GL2": [55.50098692908614, 386.02466798120616], "TBC1D8": [89.80146133670766, 457.999066061656], "TP63": [94.52184588676911, 424.37755610456145], "AJ420422": [936.3491104507009, 670.0715430965374], "AFAP1L2": [89.49806994510638, 351.82251195748506], "SMIM5": [587.3153167479882, 485.7522292341007], "FAM21B": [963.2751766697645, 593.6887068363505], "CCDC74B": [608.945082571141, 391.7247057173461], "NMNAT2": [554.1634463483766, 371.0661954293699], "RAB17": [143.29869009742626, 392.6514802627477], "FGD5": [974.512532310501, 606.6404143379848], "CCBE1": [919.8769285795416, 592.128185956473], "ASCL2": [908.4227450907772, 657.0732950559454], "SSX2IP": [650.0887430466084, 476.25277712957154], "AK054990": [571.1057416871952, 353.99129932246046], "FRMPD1": [994.4008083345036, 617.5818091234962], "KCNB2": [521.4937758400301, 447.25545279662174], "BDKRB2": [21.699339264197533, 366.7768967819274], "RAB33A": [129.06761630954114, 377.4446646002034], "F5": [58.83768451419559, 455.89640098058914], "AX748395": [902.4542179889304, 644.9367910953918], "CAPSL": [903.5289417470907, 599.3269716932537], "PAPPA2": [583.1265547469214, 398.47710947384843], "SSTR1": [35.39973577937053, 440.58614563925994], "SOWAHA": [622.4721515916682, 461.9766034369613], "SUCNR1": [59.57963267756429, 438.1232454368113], "SLC35D3": [-5.684341886080802e-14, 415.97085704235695], "LPAR3": [95.47291733885021, 338.4208699230335], "HAPLN1": [996.2283510375778, 590.8285137819666], "STEAP4": [612.955110238747, 469.5250297584268], "CPED1": [610.9068311826959, 432.72677734703365], "SMN1": [600.9601061889066, 475.5206998613754], "KCNC2": [952.9309643624708, 631.9361119230728], "CD55": [611.336198969339, 405.1988528926322], "TMEM257": [561.3220783243048, 456.1550278944868], "PLAUR": [993.2008849484506, 637.7023063838806], "MAP2": [979.5334866940979, 640.2927193207183], "SOX9": [732.2743507688467, 510.2418384152626], "DSCAM": [629.8489711770751, 426.2175969961102], "SOX3": [655.4719247845294, 467.99156111179826], "PLEKHN1": [559.9639381103987, 475.5139296867903], "GRID2": [39.34761825166413, 411.5738559931382], "SERTAD4": [557.0527685856299, 490.89016099642487], "CRABP2": [948.1595976881989, 564.4601081530786], "CEBPD": [934.8814881687767, 566.2591035518797], "NEFM": [535.4562399117922, 363.4833307670575], "MMRN1": [506.6431753220677, 394.92148013426777], "TM4SF1": [949.2628931683088, 671.2389077427522], "PLCXD3": [575.7659795877254, 472.50572472042535], "ZAP70": [524.8024365252772, 418.75094088961276], "SLC16A12": [975.533750585434, 661.3268377409008], "MSX2": [513.731655606562, 382.00488730363674], "CLRN3": [21.559391539475143, 423.3802695852027], "MID1IP1": [503.3397437885898, 409.2043797825382], "DLX2": [64.55064034393223, 472.2179918806651], "ANXA1": [47.84650278802286, 332.39458916543686], "BEX1": [899.0117436987788, 631.5270992637192], "PDIA2": [591.2909795293618, 417.3381191162391], "EBF3": [630.4810163120612, 412.3890518143432], "RRN3P1": [79.92883867852595, 361.8820305716202], "RTEL1": [63.91400082566946, 369.03974423813696], "PGA4": [591.1936151574396, 455.64250490151], "PGA3": [591.7568364682836, 438.16877123553843], "NEBL": [126.85034476036316, 428.0272309419533], "LACC1": [72.16759223937439, 344.28828823788996], "SEC11C": [986.9865669992248, 651.367152950427], "EFCAB6": [72.61900118744612, 460.4583419889097], "LHFPL3-AS2": [951.1655280670266, 653.6389704396977], "RNF165": [101.71718938398269, 359.20479906421656], "PHGR1": [186.07875545639735, 410.93261199525307], "AK316321": [577.5081457225167, 364.57609551766427], "DRD2": [79.78147834272349, 470.67471676116435],