{"IL13RA2": [1000.0, 306.81018450991144], "AFAP1L2": [36.64064945545442, 505.0915352477508], "IL23A": [287.75054795858193, 718.3074672538573], "MARCH4": [967.8813729771454, 452.80137266453016], "SCG3": [209.6524133227444, 452.4791281250669], "CPLX2": [883.5626842328923, 232.46999320570058], "SCGN": [892.2863835018712, 369.7835466625462], "CNGA3": [114.07238973190465, 767.5300067942994], "MYT1L": [203.45316962851044, 598.726476875128], "LPAR3": [413.73521651641244, 537.3380389373278], "C11orf87": [0.0, 658.5220893750287], "NYAP1": [927.2604800536252, 549.6574140542685], "ST18": [787.6924622704983, 429.49314462246457]}