TF	Target	SignedQuantile	combStability	combPCorr	stroke	stroke-width	stroke-dasharray
RFX6	ST18	0.99986	51	0.995	rgb(228, 27, 29)	2	None
ASCL1	SV2B	0.99931	50.99	0.987	rgb(228, 29, 31)	1.9998	None
INSM1	PGA5	0.99931	50.99	0.987	rgb(228, 29, 31)	1.9998	None
RFX6	NEUROD1	0.99931	50.99	0.993	rgb(228, 27, 29)	1.9998	None
RFX6	NKX2-2	0.99931	50.99	0.992	rgb(228, 28, 30)	1.9998	None
NEUROD1	IGFBPL1	0.99793	50.99	0.988	rgb(228, 28, 30)	1.9998	None
NEUROD1	NEUROD1	0.99793	50.99	0.985	rgb(228, 29, 31)	1.9998	None
NEUROD1	RGS4	0.99793	50.99	0.986	rgb(228, 29, 31)	1.9998	None
NEUROD1	SCG3	0.99793	50.99	0.986	rgb(228, 29, 31)	1.9998	None
NEUROD1	SSTR2	0.99793	50.99	0.988	rgb(228, 28, 30)	1.9998	None
NEUROD1	VWA5B2	0.99793	50.99	0.991	rgb(228, 28, 30)	1.9998	None
RFX6	CNIH2	0.99793	50.99	0.985	rgb(228, 29, 31)	1.9998	None
RFX6	JAM3	0.99793	50.99	0.987	rgb(228, 29, 31)	1.9998	None
RFX6	KCNH6	0.99793	50.99	0.991	rgb(228, 28, 30)	1.9998	None
RFX6	OR51E1	0.99793	50.99	0.989	rgb(228, 28, 30)	1.9998	None
ETS1	GSTM2	-0.99724	50.98	-9.8E-01	rgb(  5, 88,254)	1.9996	None
NEUROD1	CHGA	0.99724	50.98	0.984	rgb(228, 29, 31)	1.9996	None
NEUROD1	SCN3A	0.99724	50.98	0.981	rgb(228, 30, 32)	1.9996	None
NFAT5	GPM6B	0.99724	50.98	0.978	rgb(228, 30, 32)	1.9996	2,2
RFX6	MARCH4	0.99724	50.98	0.979	rgb(228, 30, 32)	1.9996	None
ARX	AF131837	0.99669	50.97	0.972	rgb(228, 31, 33)	1.9994	2,2
ARX	MMRN1	0.99669	50.97	0.975	rgb(228, 31, 33)	1.9994	None
NEUROD1	UBE2QL1	0.99669	50.97	0.971	rgb(228, 32, 34)	1.9994	None
RFX6	CA8	0.99669	50.97	0.971	rgb(228, 32, 34)	1.9994	None
NEUROD1	HEPACAM2	0.99558	50.98	0.978	rgb(228, 30, 32)	1.9996	None
NEUROD1	RIMBP2	0.99558	50.98	0.976	rgb(228, 31, 33)	1.9996	None
NEUROD1	ST18	0.99558	50.98	0.985	rgb(228, 29, 31)	1.9996	None
NEUROG3	C2CD4A	0.99558	50.98	0.976	rgb(228, 31, 33)	1.9996	None
RFX6	CDK5R2	0.99558	50.98	0.981	rgb(228, 30, 32)	1.9996	None
RFX6	LOC728392	0.99558	50.98	0.979	rgb(228, 30, 32)	1.9996	None
RFX6	MAP2	0.99558	50.98	0.98	rgb(228, 30, 32)	1.9996	None
RFX6	RAP1GAP2	0.99558	50.98	0.985	rgb(228, 29, 31)	1.9996	None
ARX	ID4	0.99476	50.96	0.957	rgb(228, 34, 36)	1.9992	None
ATOH8	TMEM8C	0.99476	50.96	0.961	rgb(228, 33, 35)	1.9992	2,2
FOXP2	COL21A1	0.99476	50.96	0.959	rgb(228, 34, 36)	1.9992	None
NEUROD1	GPR119	0.99476	50.96	0.961	rgb(228, 33, 35)	1.9992	None
NEUROD1	SCG2	0.99476	50.96	0.964	rgb(228, 33, 35)	1.9992	None
NFAT5	TMEM212	0.99476	50.96	0.961	rgb(228, 33, 35)	1.9992	None
GATA6	CNOT6L	0.99407	50.97	0.973	rgb(228, 31, 33)	1.9994	None
NEUROD1	AGT	0.99407	50.97	0.972	rgb(228, 31, 33)	1.9994	None
NEUROD1	ENPP2	0.99407	50.97	0.97	rgb(228, 32, 34)	1.9994	None
NEUROD1	NKX2-2	0.99407	50.97	0.968	rgb(228, 32, 34)	1.9994	None
NEUROG3	SOX4	0.99407	50.97	0.97	rgb(228, 32, 34)	1.9994	None
ETV1	SV2A	0.99338	50.95	0.949	rgb(227, 36, 38)	1.999	None
FEV	BRS3	0.99338	50.95	0.952	rgb(227, 35, 37)	1.999	None
GATA2	FAM171B	0.99338	50.95	0.946	rgb(227, 36, 38)	1.999	None
LMX1A	GFRA3	0.99338	50.95	0.952	rgb(227, 35, 37)	1.999	None
NEUROD1	LOC100507351	0.99338	50.95	0.947	rgb(227, 36, 38)	1.999	None
FEV	SLC18A1	0.99227	50.94	0.945	rgb(227, 37, 38)	1.9988	None
FEV	TUB	0.99227	50.94	0.939	rgb(227, 38, 40)	1.9988	None
HHEX	TTR	0.99227	50.94	0.943	rgb(227, 37, 39)	1.9988	None
ISL1	SGCD	0.99227	50.94	0.945	rgb(227, 37, 38)	1.9988	None
NEUROD1	DUSP26	0.99227	50.94	0.942	rgb(227, 37, 39)	1.9988	None
NEUROD1	HES6	0.99227	50.94	0.936	rgb(227, 38, 40)	1.9988	None
NEUROD1	LOC642366	0.99227	50.96	0.962	rgb(228, 33, 35)	1.9992	None
RFX6	BTBD17	0.99227	50.94	0.94	rgb(227, 37, 39)	1.9988	None
DACH1	AK092048	0.99007	50.96	0.955	rgb(228, 35, 36)	1.9992	2,2
NEUROD1	DSCAML1	0.99007	50.96	0.96	rgb(228, 34, 36)	1.9992	None
NEUROD1	KCNJ11	0.99007	50.96	0.957	rgb(228, 34, 36)	1.9992	None
NEUROD1	SLC6A17	0.99007	50.96	0.964	rgb(228, 33, 35)	1.9992	None
NEUROD1	SLC8A1	0.99007	50.96	0.959	rgb(228, 34, 36)	1.9992	None
NEUROD1	SSTR5-AS1	0.99007	50.96	0.958	rgb(228, 34, 36)	1.9992	None
RFX2	GPR137C	0.99007	50.96	0.956	rgb(228, 34, 36)	1.9992	None
RFX6	ARNT2	0.99007	50.96	0.956	rgb(228, 34, 36)	1.9992	None
RFX6	CACNA1A	0.99007	50.96	0.957	rgb(228, 34, 36)	1.9992	None
RFX6	GABBR2	0.99007	50.96	0.96	rgb(228, 34, 36)	1.9992	None
RFX6	GNG2	0.99007	50.96	0.961	rgb(228, 34, 35)	1.9992	None
RFX6	KIF1A	0.99007	50.96	0.964	rgb(228, 33, 35)	1.9992	None
RFX6	NFASC	0.99007	50.96	0.965	rgb(228, 33, 35)	1.9992	None
RFX6	PDZRN3	0.99007	50.96	0.956	rgb(228, 34, 36)	1.9992	None
RFX6	PSD	0.99007	50.96	0.963	rgb(228, 33, 35)	1.9992	None
RFX6	SCGB1A1	0.99007	50.96	0.961	rgb(228, 33, 35)	1.9992	None
ASCL2	RAB36	0.988	50.93	0.931	rgb(227, 39, 41)	1.9986	None
ETV1	SCG5	0.988	50.93	0.934	rgb(227, 39, 40)	1.9986	None
ETV1	SST	0.988	50.93	0.927	rgb(227, 40, 42)	1.9986	None
FEV	AMER3	0.988	50.93	0.93	rgb(227, 39, 41)	1.9986	None
FEV	KCNK16	0.988	50.93	0.933	rgb(227, 39, 41)	1.9986	None
FEV	NEGR1	0.988	50.93	0.933	rgb(227, 39, 41)	1.9986	None
LMX1A	PYY	0.988	50.93	0.926	rgb(227, 40, 42)	1.9986	None
LMX1B	BAALC	0.988	50.93	0.93	rgb(227, 39, 41)	1.9986	None
NEUROD1	ADORA2A	0.988	50.93	0.932	rgb(227, 39, 41)	1.9986	None
NEUROD1	LRRTM3	0.988	50.93	0.933	rgb(227, 39, 41)	1.9986	None
PDX1	SESN2	0.988	50.93	0.926	rgb(227, 40, 42)	1.9986	None
RFX6	LOC646903	0.988	50.93	0.932	rgb(227, 39, 41)	1.9986	None
RFX6	TOX	0.988	50.93	0.932	rgb(227, 39, 41)	1.9986	None
SOX4	PROX1	0.988	50.93	0.927	rgb(227, 40, 42)	1.9986	None
TP73	AMPD3	0.988	50.93	0.926	rgb(227, 40, 42)	1.9986	None
ARX	FEV	0.98662	50.92	0.923	rgb(227, 41, 43)	1.9984	None
ARX	MAFB	0.98662	50.92	0.917	rgb(227, 42, 44)	1.9984	None
ARX	SVOP	0.98662	50.92	0.924	rgb(227, 41, 42)	1.9984	None
ETS1	CNOT6L	0.98662	50.92	0.915	rgb(227, 42, 44)	1.9984	None
FEV	NOVA2	0.98662	50.92	0.92	rgb(227, 41, 43)	1.9984	None
FOXA1	FAM13A-AS1	-0.98662	50.92	-9.2E-01	rgb( 18, 96,252)	1.9984	None
NEUROD1	ASXL3	0.98662	50.92	0.923	rgb(227, 41, 43)	1.9984	None
ONECUT2	FOXD4L2	0.98662	50.92	0.916	rgb(227, 42, 44)	1.9984	2,2
ONECUT2	PRDM16	0.98662	50.92	0.92	rgb(227, 41, 43)	1.9984	None
TEAD1	RFX3	0.98662	50.92	0.915	rgb(227, 42, 44)	1.9984	None
DACH1	PAX4	0.98372	50.95	0.951	rgb(227, 35, 37)	1.999	2,2
ELF4	RFX6	-0.98372	50.95	-9.5E-01	rgb( 10, 91,253)	1.999	None
FEV	PHLDA2	0.98372	50.95	0.951	rgb(227, 35, 37)	1.999	None
NEUROD1	ABCC8	0.98372	50.95	0.952	rgb(227, 35, 37)	1.999	None
NEUROD1	ADAMTSL2	0.98372	50.95	0.949	rgb(227, 36, 38)	1.999	None
NEUROD1	CAMK2B	0.98372	50.95	0.945	rgb(227, 36, 38)	1.999	None
NEUROD1	KCNJ6	0.98372	50.95	0.95	rgb(227, 36, 37)	1.999	None
NEUROD1	TMEM132B	0.98372	50.95	0.947	rgb(227, 36, 38)	1.999	None
NEUROD2	HES6	0.98372	50.95	0.953	rgb(227, 35, 37)	1.999	None
NEUROG3	RFX6	0.98372	50.95	0.947	rgb(227, 36, 38)	1.999	None
NEUROG3	SPON2	0.98372	50.95	0.955	rgb(228, 35, 37)	1.999	None
RFX6	DPP10	0.98372	50.95	0.946	rgb(227, 36, 38)	1.999	None
RFX6	GCK	0.98372	50.95	0.948	rgb(227, 36, 38)	1.999	None
RFX6	GDF11	0.98372	50.95	0.949	rgb(227, 36, 38)	1.999	None
RFX6	KCTD12	0.98372	50.95	0.948	rgb(227, 36, 38)	1.999	None
RFX6	MIAT	0.98372	50.95	0.955	rgb(228, 35, 37)	1.999	None
RFX6	MS4A8	0.98372	50.95	0.951	rgb(227, 35, 37)	1.999	None
RFX6	NDRG4	0.98372	50.95	0.947	rgb(227, 36, 38)	1.999	None
RFX6	WNK2	0.98372	50.95	0.945	rgb(227, 37, 38)	1.999	None
SOX4	BAMBI	-0.98372	50.95	-9.5E-01	rgb( 11, 92,253)	1.999	None
TFCP2L1	PTGDR2	0.98372	50.95	0.947	rgb(227, 36, 38)	1.999	None
ARX	CPB1	0.98193	50.91	0.907	rgb(227, 44, 46)	1.9982	None
FEV	PGM5	0.98193	50.91	0.909	rgb(227, 43, 45)	1.9982	None
FOXA2	NREP	0.98193	50.91	0.907	rgb(227, 44, 46)	1.9982	None
LMX1A	KIAA2022	0.98193	50.91	0.906	rgb(227, 44, 46)	1.9982	2,2
LMX1B	RAP1GAP2	0.98193	50.91	0.907	rgb(227, 44, 45)	1.9982	None
NEUROD1	DLL3	0.98193	50.91	0.913	rgb(227, 43, 44)	1.9982	None
NEUROD1	SUCNR1	0.98193	50.91	0.912	rgb(227, 43, 45)	1.9982	None
NEUROG3	KCNE4	0.98193	50.91	0.908	rgb(227, 44, 45)	1.9982	None
NKX2-2	ARHGEF25	0.98193	50.91	0.907	rgb(227, 44, 46)	1.9982	2,2
ONECUT2	LAMP5	-0.98193	50.91	-9.1E-01	rgb( 20, 97,252)	1.9982	None
RFX3	TEAD1	0.98193	50.91	0.91	rgb(227, 43, 45)	1.9982	None
RORC	ZNF117	-0.98193	50.91	-9.1E-01	rgb( 20, 97,251)	1.9982	None
SOX4	SUSD2	0.98193	50.91	0.907	rgb(227, 44, 46)	1.9982	None
ISL1	ID2	-0.98027	50.94	-9.4E-01	rgb( 13, 93,253)	1.9988	None
MAFA	GPR137C	0.98027	50.94	0.941	rgb(227, 37, 39)	1.9988	None
NEUROD1	BHMT	0.98027	50.94	0.94	rgb(227, 37, 39)	1.9988	None
NEUROD1	CADPS	0.98027	50.94	0.941	rgb(227, 37, 39)	1.9988	None
NEUROD1	PROX1	0.98027	50.94	0.936	rgb(227, 38, 40)	1.9988	None
NEUROD1	TMEM196	0.98027	50.94	0.943	rgb(227, 37, 39)	1.9988	None
NEUROG3	POM121L9P	0.98027	50.94	0.941	rgb(227, 37, 39)	1.9988	None
NEUROG3	SHF	0.98027	50.94	0.941	rgb(227, 37, 39)	1.9988	None
NEUROG3	SUSD2	0.98027	50.94	0.939	rgb(227, 38, 40)	1.9988	None
RFX6	NOL4	0.98027	50.94	0.943	rgb(227, 37, 39)	1.9988	None
RFX6	PTCH1	0.98027	50.94	0.944	rgb(227, 37, 39)	1.9988	None
RFX6	SYT5	0.98027	50.94	0.936	rgb(227, 38, 40)	1.9988	None
ETS1	MUC16	-0.97765	50.9	-9.0E-01	rgb( 22, 98,251)	1.998	None
ETS1	SOX4	0.97765	50.9	0.903	rgb(227, 45, 46)	1.998	None
ETV1	CHGB	0.97765	50.9	0.904	rgb(227, 44, 46)	1.998	None
FEV	GHRL	0.97765	50.9	0.905	rgb(227, 44, 46)	1.998	None
FEV	HLA-DQA2	0.97765	50.9	0.902	rgb(227, 45, 47)	1.998	2,2
FEV	SCGB1A1	0.97765	50.9	0.898	rgb(227, 45, 47)	1.998	None
FOXA1	SMOC2	-0.97765	50.9	-9.0E-01	rgb( 21, 98,251)	1.998	None
FOXP2	GIP	-0.97765	50.9	-9.0E-01	rgb( 23, 99,251)	1.998	None
LMX1B	FGF9	0.97765	50.9	0.899	rgb(227, 45, 47)	1.998	None
LMX1B	FUT1	0.97765	50.9	0.902	rgb(227, 45, 46)	1.998	None
LMX1B	PTCHD2	0.97765	50.9	0.902	rgb(227, 45, 47)	1.998	2,2
MXI1	ID1	0.97765	50.9	0.903	rgb(227, 45, 46)	1.998	None
NFAT5	ANP32A-IT1	0.97765	50.9	0.899	rgb(227, 45, 47)	1.998	2,2
ONECUT3	SSBP2	-0.97765	50.9	-9.0E-01	rgb( 22, 98,251)	1.998	None
PBX1	CREBRF	0.97765	50.9	0.897	rgb(227, 46, 47)	1.998	None
SOX4	CYP27A1	0.97765	50.9	0.897	rgb(227, 46, 47)	1.998	None
SOX4	PCBP4	0.97765	50.9	0.898	rgb(227, 45, 47)	1.998	None
TEAD2	MMP11	0.97765	50.9	0.895	rgb(227, 46, 48)	1.998	None
ZNF846	NKTR	0.97765	50.9	0.901	rgb(227, 45, 47)	1.998	None
ELF4	PCYT1B	-0.97434	50.93	-9.3E-01	rgb( 15, 94,252)	1.9986	None
HES4	ITPR1	0.97434	50.93	0.926	rgb(227, 40, 42)	1.9986	None
HIF1A	ADCY1	-0.97434	50.93	-9.3E-01	rgb( 15, 94,252)	1.9986	None
MAFA	ELAVL3	0.97434	50.93	0.933	rgb(227, 39, 41)	1.9986	None
NEUROD1	CRYBA2	0.97434	50.93	0.927	rgb(227, 40, 42)	1.9986	None
NEUROD1	ELOVL4	0.97434	50.93	0.93	rgb(227, 39, 41)	1.9986	None
NEUROD1	NKD1	0.97434	50.93	0.925	rgb(227, 40, 42)	1.9986	None
NEUROD2	STARD9	0.97434	50.93	0.931	rgb(227, 39, 41)	1.9986	None
NEUROG3	CABP7	0.97434	50.93	0.933	rgb(227, 39, 41)	1.9986	None
NEUROG3	CCND2	0.97434	50.93	0.932	rgb(227, 39, 41)	1.9986	None
NEUROG3	CELA3A	0.97434	50.93	0.928	rgb(227, 40, 42)	1.9986	None
NEUROG3	OLFML2B	0.97434	50.93	0.93	rgb(227, 39, 41)	1.9986	None
NEUROG3	PRELP	0.97434	50.93	0.929	rgb(227, 40, 42)	1.9986	None
POU6F1	CYGB	-0.97434	50.93	-9.3E-01	rgb( 16, 95,252)	1.9986	None
RFX6	ASIC4	0.97434	50.93	0.935	rgb(227, 38, 40)	1.9986	None
RFX6	ELAVL4	0.97434	50.93	0.934	rgb(227, 39, 40)	1.9986	None
RFX6	GALNT16	0.97434	50.93	0.93	rgb(227, 39, 41)	1.9986	None
RFX6	MAP6	0.97434	50.93	0.933	rgb(227, 39, 41)	1.9986	None
RFX6	RRAGD	0.97434	50.93	0.935	rgb(227, 38, 40)	1.9986	None
RFX6	SPTBN4	0.97434	50.93	0.929	rgb(227, 40, 41)	1.9986	None
RFX6	TPST2	0.97434	50.93	0.932	rgb(227, 39, 41)	1.9986	None
SPIB	POM121L9P	-0.97434	50.93	-9.3E-01	rgb( 15, 94,252)	1.9986	None
TEAD1	TMEM198	-0.97434	50.93	-9.3E-01	rgb( 16, 95,252)	1.9986	None
ZNF117	GOLGA6L9	0.97434	50.93	0.93	rgb(227, 39, 41)	1.9986	2,2
ATF5	IL17C	-0.97254	50.89	-8.9E-01	rgb( 23, 99,251)	1.9978	None
ETV1	ANKRD13B	0.97254	50.89	0.889	rgb(227, 47, 49)	1.9978	None
ETV1	ELAVL3	0.97254	50.89	0.892	rgb(227, 47, 48)	1.9978	None
GATA6	CORO2B	-0.97254	50.89	-8.9E-01	rgb( 25,100,251)	1.9978	None
LMX1B	SLC6A16	0.97254	50.89	0.89	rgb(227, 47, 49)	1.9978	None
NEUROD1	SEPT5-GP1BB	0.97254	50.89	0.89	rgb(227, 47, 49)	1.9978	2,2
NFAT5	AK094325	0.97254	50.89	0.887	rgb(227, 48, 49)	1.9978	2,2
NFAT5	NEAT1	0.97254	50.89	0.892	rgb(227, 47, 48)	1.9978	None
PRDM16	PRKXP1	0.97254	50.89	0.886	rgb(227, 48, 49)	1.9978	None
RFX6	LINC00643	0.97254	50.89	0.89	rgb(227, 47, 49)	1.9978	None
SOX4	SPARC	0.97254	50.89	0.889	rgb(227, 47, 49)	1.9978	None
TEAD2	TGIF2	0.97254	50.89	0.886	rgb(227, 48, 49)	1.9978	None
TFCP2L1	FCGBP	0.97254	50.89	0.893	rgb(227, 46, 48)	1.9978	None
DACH1	SCGB1C1	0.96923	50.92	0.917	rgb(227, 42, 44)	1.9984	2,2
ELF4	UNC79	-0.96923	50.92	-9.2E-01	rgb( 16, 95,252)	1.9984	None
NEUROD1	INSM1	0.96923	50.92	0.922	rgb(227, 41, 43)	1.9984	None
NEUROD1	KLHL32	0.96923	50.92	0.925	rgb(227, 40, 42)	1.9984	None
NEUROD1	LOC100129175	0.96923	50.92	0.921	rgb(227, 41, 43)	1.9984	None
NEUROD1	SVOP	0.96923	50.92	0.918	rgb(227, 42, 44)	1.9984	None
NEUROD1	TMEM200A	0.96923	50.92	0.923	rgb(227, 41, 42)	1.9984	None
NEUROD2	GNAO1	0.96923	50.92	0.916	rgb(227, 42, 44)	1.9984	None
NEUROD2	KCNH8	0.96923	50.92	0.923	rgb(227, 41, 42)	1.9984	None
NEUROD2	PLEKHB1	0.96923	50.92	0.917	rgb(227, 42, 44)	1.9984	None
ONECUT1	AK5	0.96923	50.92	0.921	rgb(227, 41, 43)	1.9984	None
ONECUT1	CPE	0.96923	50.92	0.922	rgb(227, 41, 43)	1.9984	None
RFX6	B3GAT1	0.96923	50.92	0.918	rgb(227, 42, 44)	1.9984	None
RFX6	BOC	0.96923	50.92	0.92	rgb(227, 41, 43)	1.9984	None
RFX6	CXXC4	0.96923	50.92	0.922	rgb(227, 41, 43)	1.9984	None
RFX6	FEV	0.96923	50.92	0.922	rgb(227, 41, 43)	1.9984	None
RFX6	GPR133	0.96923	50.92	0.918	rgb(227, 42, 43)	1.9984	2,2
RFX6	PCSK1N	0.96923	50.92	0.919	rgb(227, 41, 43)	1.9984	None
RFX6	SLC16A12	0.96923	50.92	0.915	rgb(227, 42, 44)	1.9984	None
RFX6	STMN2	0.96923	50.92	0.915	rgb(227, 42, 44)	1.9984	None
RFX6	TAGLN3	0.96923	50.92	0.922	rgb(227, 41, 43)	1.9984	None
RORC	GRASP	-0.96923	50.92	-9.2E-01	rgb( 18, 96,252)	1.9984	None
TFCP2L1	MLLT11	0.96923	50.92	0.924	rgb(227, 40, 42)	1.9984	None
ZNF846	SOX4	0.96923	50.92	0.923	rgb(227, 41, 42)	1.9984	None
ARX	CPT1C	0.96661	50.88	0.877	rgb(227, 49, 51)	1.9976	None
ASCL1	KCNB2	0.96661	50.88	0.875	rgb(227, 50, 52)	1.9976	None
ASCL2	KIAA1324	0.96661	50.88	0.877	rgb(227, 50, 51)	1.9976	None
ELF4	CD52	-0.96661	50.88	-8.8E-01	rgb( 27,101,250)	1.9976	None
FEV	FBXL16	0.96661	50.88	0.885	rgb(227, 48, 50)	1.9976	None
HIF1A	CBLN1	-0.96661	50.88	-8.8E-01	rgb( 26,101,250)	1.9976	None
ISL1	SYT4	0.96661	50.88	0.875	rgb(227, 50, 52)	1.9976	2,2
LHX1	CORO2B	-0.96661	50.88	-8.8E-01	rgb( 26,101,250)	1.9976	None
LMX1A	STX1A	0.96661	50.88	0.882	rgb(227, 48, 50)	1.9976	None
LMX1B	RGS5	0.96661	50.88	0.882	rgb(227, 48, 50)	1.9976	None
MXI1	RAB36	-0.96661	50.88	-8.8E-01	rgb( 25,100,251)	1.9976	None
NFAT5	ONECUT2	0.96661	50.88	0.882	rgb(227, 49, 50)	1.9976	None
ONECUT2	AX747850	0.96661	50.88	0.884	rgb(227, 48, 50)	1.9976	2,2
PDX1	CDKN1A	0.96661	50.88	0.883	rgb(227, 48, 50)	1.9976	None
PDX1	CENPE	-0.96661	50.88	-8.8E-01	rgb( 26,101,251)	1.9976	None
SMAD9	IRF2BP1	-0.96661	50.88	-8.8E-01	rgb( 26,101,250)	1.9976	None
SOX4	SBK1	0.96661	50.88	0.877	rgb(227, 50, 51)	1.9976	None
SOX4	UBE2QL1	-0.96661	50.88	-8.8E-01	rgb( 27,101,250)	1.9976	None
TEAD2	TUBB3	0.96661	50.88	0.882	rgb(227, 49, 50)	1.9976	None
ARX	YPEL1	-0.96289	50.91	-9.1E-01	rgb( 19, 96,252)	1.9982	None
ELF4	PDE8B	-0.96289	50.91	-9.1E-01	rgb( 19, 96,252)	1.9982	None
ETS1	IRF2BP1	0.96289	50.91	0.914	rgb(227, 42, 44)	1.9982	None
MAFA	AVPR1B	0.96289	50.91	0.907	rgb(227, 44, 45)	1.9982	None
MAFA	NEFM	0.96289	50.91	0.906	rgb(227, 44, 46)	1.9982	None
MAFA	PTPRN	0.96289	50.91	0.905	rgb(227, 44, 46)	1.9982	None
NEUROD1	KCNMA1	0.96289	50.91	0.905	rgb(227, 44, 46)	1.9982	None
NEUROD1	SIM1	0.96289	50.91	0.909	rgb(227, 43, 45)	1.9982	None
NEUROD2	AKR1B1	0.96289	50.91	0.91	rgb(227, 43, 45)	1.9982	None
NEUROD2	STXBP1	0.96289	50.91	0.908	rgb(227, 44, 45)	1.9982	None
NEUROG3	ARHGAP9	0.96289	50.91	0.913	rgb(227, 43, 45)	1.9982	None
NKX2-2	NPM2	-0.96289	50.91	-9.1E-01	rgb( 20, 97,251)	1.9982	None
NR4A2	LIN7A	0.96289	50.91	0.91	rgb(227, 43, 45)	1.9982	None
NR4A3	CD52	-0.96289	50.91	-9.1E-01	rgb( 20, 97,251)	1.9982	None
NR4A3	DZIP1	-0.96289	50.91	-9.1E-01	rgb( 20, 97,251)	1.9982	None
ONECUT1	DOCK8	0.96289	50.91	0.909	rgb(227, 43, 45)	1.9982	None
RFX6	CACNB2	0.96289	50.91	0.91	rgb(227, 43, 45)	1.9982	None
RFX6	DDN	0.96289	50.91	0.914	rgb(227, 42, 44)	1.9982	None
RFX6	FSTL5	0.96289	50.91	0.908	rgb(227, 44, 45)	1.9982	None
RFX6	GRIN1	0.96289	50.91	0.913	rgb(227, 43, 44)	1.9982	None
RFX6	KCNH2	0.96289	50.91	0.905	rgb(227, 44, 46)	1.9982	None
RFX6	MIR7-3HG	0.96289	50.91	0.907	rgb(227, 44, 46)	1.9982	None
RORC	CBX7	0.96289	50.91	0.905	rgb(227, 44, 46)	1.9982	None
SPIB	CCL20	0.96289	50.91	0.906	rgb(227, 44, 46)	1.9982	None
TEAD1	ATP13A4	0.96289	50.91	0.91	rgb(227, 43, 45)	1.9982	None
TFCP2L1	ACTN3	0.96289	50.91	0.91	rgb(227, 43, 45)	1.9982	None
TFCP2L1	USP41	0.96289	50.91	0.91	rgb(227, 43, 45)	1.9982	None
ASCL2	STXBP1	0.95944	50.87	0.866	rgb(227, 52, 53)	1.9974	None
ETS1	RNF157-AS1	-0.95944	50.87	-8.7E-01	rgb( 28,102,250)	1.9974	None
FEV	TPST2	0.95944	50.87	0.872	rgb(227, 50, 52)	1.9974	None
FOXP2	ROBO1	0.95944	50.87	0.873	rgb(227, 50, 52)	1.9974	None
GATA2	NDRG4	0.95944	50.87	0.868	rgb(227, 51, 53)	1.9974	None
HES4	HINT1	0.95944	50.87	0.87	rgb(227, 51, 52)	1.9974	None
LMX1A	TPH1	0.95944	50.87	0.874	rgb(227, 50, 52)	1.9974	None
LMX1B	NOL4	0.95944	50.87	0.865	rgb(227, 52, 53)	1.9974	None
MXI1	ETS1	0.95944	50.87	0.867	rgb(227, 51, 53)	1.9974	None
NEUROD2	ARHGAP22	0.95944	50.87	0.871	rgb(227, 51, 52)	1.9974	None
NEUROG3	PMP22	0.95944	50.87	0.874	rgb(227, 50, 52)	1.9974	None
NFAT5	AK124970	0.95944	50.87	0.871	rgb(227, 51, 52)	1.9974	2,2
NR4A3	STMND1	-0.95944	50.87	-8.7E-01	rgb( 29,103,250)	1.9974	None
PAX4	CELA3A	0.95944	50.87	0.866	rgb(227, 52, 53)	1.9974	None
PDX1	ASRGL1	0.95944	50.87	0.866	rgb(227, 52, 53)	1.9974	None
PDX1	SAMD11	0.95944	50.87	0.87	rgb(227, 51, 52)	1.9974	None
POU2F2	CCDC146	0.95944	50.87	0.87	rgb(227, 51, 53)	1.9974	None
RFX6	PRR18	0.95944	50.87	0.874	rgb(227, 50, 52)	1.9974	None
SOX4	CDH5	0.95944	50.87	0.873	rgb(227, 50, 52)	1.9974	None
SOX4	MDK	0.95944	50.87	0.875	rgb(227, 50, 52)	1.9974	None
SOX4	PLCG2	0.95944	50.87	0.867	rgb(227, 51, 53)	1.9974	None
TEAD2	RAB36	0.95944	50.87	0.865	rgb(227, 52, 53)	1.9974	None
ZFHX2	CHRNA1	-0.95944	50.87	-8.7E-01	rgb( 29,103,250)	1.9974	None
ZNF846	ABCC9	0.95944	50.87	0.865	rgb(227, 52, 53)	1.9974	2,2
ZNF846	BC029255	0.95944	50.87	0.872	rgb(227, 50, 52)	1.9974	2,2
EGR3	EMB	-0.9564	50.86	-8.6E-01	rgb( 31,104,250)	1.9972	None
ETS1	TSHZ1	0.9564	50.86	0.858	rgb(226, 53, 55)	1.9972	None
ETV1	CCDC74B	0.9564	50.86	0.862	rgb(226, 52, 54)	1.9972	None
ETV1	RIMBP2	0.9564	50.86	0.858	rgb(226, 53, 55)	1.9972	None
FEV	ASCL1	0.9564	50.86	0.859	rgb(226, 53, 55)	1.9972	2,2
FEV	BRSK1	0.9564	50.86	0.862	rgb(226, 52, 54)	1.9972	None
FOXP2	STK31	0.9564	50.86	0.861	rgb(226, 53, 54)	1.9972	None
LMX1A	RGS11	0.9564	50.86	0.864	rgb(227, 52, 54)	1.9972	None
MAFA	CHGA	-0.9564	50.86	-8.6E-01	rgb( 31,104,250)	1.9972	None
NEUROG3	AKR1B1	0.9564	50.86	0.859	rgb(226, 53, 55)	1.9972	None
NEUROG3	ELF4	-0.9564	50.86	-8.6E-01	rgb( 30,104,250)	1.9972	None
ONECUT3	MSMB	-0.9564	50.86	-8.6E-01	rgb( 31,104,250)	1.9972	None
PDX1	BAMBI	0.9564	50.86	0.856	rgb(226, 54, 55)	1.9972	None
RFX6	TUBA3FP	0.9564	50.86	0.858	rgb(226, 53, 55)	1.9972	None
SOX4	MEX3A	0.9564	50.86	0.858	rgb(226, 53, 55)	1.9972	None
SOX4	RAP1GAP2	0.9564	50.86	0.861	rgb(226, 53, 54)	1.9972	None
SPIB	MS4A8	0.9564	50.86	0.864	rgb(227, 52, 54)	1.9972	None
TFCP2L1	CACNA1C	-0.9564	50.86	-8.6E-01	rgb( 31,104,250)	1.9972	None
TFCP2L1	PTPRN2	0.9564	50.86	0.862	rgb(226, 52, 54)	1.9972	None
TP73	CYMP	0.9564	50.86	0.856	rgb(226, 54, 55)	1.9972	None
TP73	SHF	0.9564	50.86	0.861	rgb(226, 52, 54)	1.9972	None
ZNF519	ZNF846	0.9564	50.86	0.862	rgb(226, 52, 54)	1.9972	None
ARX	H1FX-AS1	-0.95185	50.9	-9.0E-01	rgb( 22, 98,251)	1.998	None
DACH1	FAM105A	0.95185	50.9	0.898	rgb(227, 45, 47)	1.998	2,2
ELF4	C1QL1	-0.95185	50.9	-9.0E-01	rgb( 22, 98,251)	1.998	None
ELF4	FAM131B	-0.95185	50.9	-9.0E-01	rgb( 22, 98,251)	1.998	None
ELF4	SLC26A7	-0.95185	50.9	-9.0E-01	rgb( 23, 99,251)	1.998	None
FEV	CENPE	0.95185	50.9	0.902	rgb(227, 45, 47)	1.998	None
ISL1	LONRF2	0.95185	50.9	0.9	rgb(227, 45, 47)	1.998	None
ISL1	SSBP2	-0.95185	50.9	-9.0E-01	rgb( 21, 98,251)	1.998	None
MAFA	STXBP5L	0.95185	50.9	0.904	rgb(227, 44, 46)	1.998	None
MYT1	AK024119	0.95185	50.9	0.896	rgb(227, 46, 48)	1.998	2,2
MYT1	AL109792	0.95185	50.9	0.9	rgb(227, 45, 47)	1.998	2,2
NEUROD1	MCF2L	0.95185	50.9	0.902	rgb(227, 45, 47)	1.998	None
NEUROD1	OSBPL6	0.95185	50.9	0.9	rgb(227, 45, 47)	1.998	None
NEUROD1	RPRML	0.95185	50.9	0.895	rgb(227, 46, 48)	1.998	None
NEUROD1	SSTR3	0.95185	50.9	0.897	rgb(227, 46, 47)	1.998	None
NEUROD2	GPC2	0.95185	50.9	0.899	rgb(227, 45, 47)	1.998	None
NEUROG3	SPINK4	0.95185	50.9	0.896	rgb(227, 46, 48)	1.998	None
NR4A2	PRELP	0.95185	50.9	0.904	rgb(227, 44, 46)	1.998	None
PAX4	CXXC4	-0.95185	50.9	-9.0E-01	rgb( 21, 98,251)	1.998	None
PBX1	RASL11B	0.95185	50.9	0.9	rgb(227, 45, 47)	1.998	None
POU6F1	GDF11	-0.95185	50.9	-9.0E-01	rgb( 23, 99,251)	1.998	None
RFX2	AK5	0.95185	50.9	0.901	rgb(227, 45, 47)	1.998	None
RFX2	BRSK2	0.95185	50.9	0.896	rgb(227, 46, 48)	1.998	None
RFX2	GDAP1	0.95185	50.9	0.896	rgb(227, 46, 48)	1.998	None
RFX6	BAIAP3	0.95185	50.9	0.899	rgb(227, 45, 47)	1.998	None
RFX6	FRMPD4	0.95185	50.9	0.901	rgb(227, 45, 47)	1.998	None
RFX6	MED12L	0.95185	50.9	0.903	rgb(227, 44, 46)	1.998	None
RFX6	NAT8L	0.95185	50.9	0.897	rgb(227, 46, 47)	1.998	None
SPIB	IFI6	0.95185	50.9	0.903	rgb(227, 45, 46)	1.998	None
TEAD1	TMOD2	-0.95185	50.9	-9.0E-01	rgb( 22, 99,251)	1.998	None
TFCP2L1	ANKRD65	0.95185	50.9	0.905	rgb(227, 44, 46)	1.998	None
ZNF117	ABCC9	0.95185	50.9	0.901	rgb(227, 45, 47)	1.998	2,2
ZNF846	SVOP	-0.95185	50.9	-9.0E-01	rgb( 22, 99,251)	1.998	None
ARX	KIF1A	0.9484	50.85	0.845	rgb(226, 56, 57)	1.997	None
ASCL2	PLEKHB1	0.9484	50.85	0.854	rgb(226, 54, 55)	1.997	None
EGR3	SMARCA1	0.9484	50.85	0.848	rgb(226, 55, 57)	1.997	None
ETS1	UCP2	-0.9484	50.85	-8.5E-01	rgb( 32,104,249)	1.997	None
ETS1	XKR7	0.9484	50.85	0.85	rgb(226, 55, 56)	1.997	None
ETV1	KCNH3	0.9484	50.85	0.854	rgb(226, 54, 56)	1.997	None
HIF1A	ATF7IP	0.9484	50.85	0.849	rgb(226, 55, 56)	1.997	None
LMX1B	MAP6	0.9484	50.85	0.849	rgb(226, 55, 57)	1.997	None
NEUROD1	FFAR1	0.9484	50.85	0.847	rgb(226, 55, 57)	1.997	None
NEUROD2	VASH2	0.9484	50.85	0.848	rgb(226, 55, 57)	1.997	None
NKX2-2	GNAO1	0.9484	50.85	0.85	rgb(226, 55, 56)	1.997	None
NR4A2	PER2	0.9484	50.85	0.853	rgb(226, 54, 56)	1.997	None
NR4A2	ZNF117	0.9484	50.85	0.85	rgb(226, 55, 56)	1.997	None
ONECUT2	AK090700	0.9484	50.85	0.846	rgb(226, 55, 57)	1.997	2,2
ONECUT2	QDPR	-0.9484	50.85	-8.5E-01	rgb( 34,105,249)	1.997	None
PAX4	C1QL1	0.9484	50.85	0.852	rgb(226, 54, 56)	1.997	None
PAX4	LAPTM5	0.9484	50.85	0.855	rgb(226, 54, 55)	1.997	None
PDX1	CBX2	0.9484	50.85	0.851	rgb(226, 55, 56)	1.997	None
SOX4	CYMP	0.9484	50.85	0.854	rgb(226, 54, 56)	1.997	None
SOX4	MEX3B	0.9484	50.85	0.855	rgb(226, 54, 55)	1.997	None
SPIB	CELSR3	0.9484	50.85	0.85	rgb(226, 55, 56)	1.997	None
ZFHX2	CCDC40	0.9484	50.85	0.847	rgb(226, 55, 57)	1.997	None
ZNF519	CBLN1	-0.9484	50.85	-8.5E-01	rgb( 33,105,249)	1.997	None
ZNF846	HNRNPU-AS1	0.9484	50.85	0.848	rgb(226, 55, 57)	1.997	2,2
ZNF846	LOC646214	0.9484	50.85	0.847	rgb(226, 55, 57)	1.997	2,2
EGR3	ATP13A4	-0.94371	50.89	-8.9E-01	rgb( 24, 99,251)	1.9978	None
ELF4	BSN	-0.94371	50.89	-8.9E-01	rgb( 25,100,251)	1.9978	None
ISL1	CCL20	-0.94371	50.89	-8.9E-01	rgb( 24,100,251)	1.9978	None
ISL1	CDKN1A	-0.94371	50.89	-8.9E-01	rgb( 23, 99,251)	1.9978	None
ISL1	TMEM212	0.94371	50.89	0.887	rgb(227, 48, 49)	1.9978	None
LMX1A	ATP13A4	-0.94371	50.89	-8.9E-01	rgb( 23, 99,251)	1.9978	None
MAFA	SPOCK3	0.94371	50.89	0.891	rgb(227, 47, 49)	1.9978	None
MAFB	SRCIN1	0.94371	50.89	0.886	rgb(227, 48, 50)	1.9978	None
NEUROD1	CACNA1H	0.94371	50.89	0.893	rgb(227, 46, 48)	1.9978	None
NEUROD1	ETV1	0.94371	50.89	0.886	rgb(227, 48, 50)	1.9978	None
NEUROD1	GNG4	0.94371	50.89	0.886	rgb(227, 48, 50)	1.9978	None
NEUROD1	NPTX2	0.94371	50.89	0.891	rgb(227, 47, 49)	1.9978	None
NEUROG3	COL16A1	0.94371	50.89	0.888	rgb(227, 47, 49)	1.9978	None
NEUROG3	GFRA1	0.94371	50.89	0.887	rgb(227, 48, 49)	1.9978	None
NEUROG3	KIF19	0.94371	50.89	0.886	rgb(227, 48, 49)	1.9978	None
NEUROG3	LRRC10B	0.94371	50.89	0.893	rgb(227, 46, 48)	1.9978	None
NKX6-1	PCDHA2	0.94371	50.89	0.892	rgb(227, 47, 48)	1.9978	None
PAX4	COL16A1	-0.94371	50.89	-8.9E-01	rgb( 24, 99,251)	1.9978	None
PAX6	DOCK8	-0.94371	50.89	-8.9E-01	rgb( 24, 99,251)	1.9978	None
PDX1	SPAG8	-0.94371	50.89	-8.9E-01	rgb( 24, 99,251)	1.9978	None
RFX6	ELFN1	0.94371	50.89	0.894	rgb(227, 46, 48)	1.9978	None
RFX6	GAD2	0.94371	50.89	0.885	rgb(227, 48, 50)	1.9978	None
RFX6	GHRL	0.94371	50.89	0.895	rgb(227, 46, 48)	1.9978	None
RFX6	GPR155	0.94371	50.89	0.891	rgb(227, 47, 49)	1.9978	None
RFX6	H1FX-AS1	0.94371	50.89	0.89	rgb(227, 47, 49)	1.9978	None
RFX6	NOVA2	0.94371	50.89	0.885	rgb(227, 48, 50)	1.9978	None
RORC	CELA3A	-0.94371	50.89	-8.9E-01	rgb( 25,100,251)	1.9978	None
TEAD1	BSN	-0.94371	50.89	-8.9E-01	rgb( 24,100,251)	1.9978	None
TEAD1	SLC51B	-0.94371	50.89	-8.9E-01	rgb( 25,100,251)	1.9978	None
TEAD1	SYP	-0.94371	50.89	-8.9E-01	rgb( 23, 99,251)	1.9978	None
TFCP2L1	HMGN3	0.94371	50.89	0.894	rgb(227, 46, 48)	1.9978	None
TFCP2L1	PMP22	0.94371	50.89	0.892	rgb(227, 47, 48)	1.9978	None
ZFHX2	SVOP	-0.94371	50.89	-8.9E-01	rgb( 23, 99,251)	1.9978	None
ZNF117	GOLGA6L5	0.94371	50.89	0.886	rgb(227, 48, 50)	1.9978	2,2
ASCL2	BAIAP3	0.94123	50.84	0.839	rgb(226, 57, 58)	1.9968	None
EGR3	CD300LF	-0.94123	50.84	-8.4E-01	rgb( 35,106,249)	1.9968	None
ETS1	HMGN3	-0.94123	50.84	-8.4E-01	rgb( 35,107,249)	1.9968	None
FEV	WNK3	0.94123	50.84	0.842	rgb(226, 56, 58)	1.9968	None
FOXA1	ZFP90	0.94123	50.84	0.839	rgb(226, 57, 58)	1.9968	None
FOXA2	DHRS2	0.94123	50.84	0.844	rgb(226, 56, 57)	1.9968	None
LMX1A	ADCY2	0.94123	50.84	0.836	rgb(226, 57, 59)	1.9968	None
MAFA	PPP1R14A	0.94123	50.84	0.839	rgb(226, 57, 58)	1.9968	None
MAFA	PYY	0.94123	50.84	0.838	rgb(226, 57, 59)	1.9968	None
MAFF	APBB2	-0.94123	50.84	-8.4E-01	rgb( 34,106,249)	1.9968	None
MAFF	BC043205	-0.94123	50.84	-8.4E-01	rgb( 35,106,249)	1.9968	2,2
NR4A3	HEYL	0.94123	50.84	0.842	rgb(226, 56, 58)	1.9968	None
NR4A3	RNF157-AS1	0.94123	50.84	0.839	rgb(226, 57, 59)	1.9968	None
PDX1	IFI6	0.94123	50.84	0.845	rgb(226, 56, 57)	1.9968	None
PRDM16	NKTR	0.94123	50.84	0.84	rgb(226, 56, 58)	1.9968	None
SMAD9	MTSS1	0.94123	50.84	0.836	rgb(226, 57, 59)	1.9968	None
SOX4	GRHL3	0.94123	50.84	0.843	rgb(226, 56, 58)	1.9968	None
ZFP82	NREP	0.94123	50.84	0.84	rgb(226, 57, 58)	1.9968	None
ARX	LINC00617	0.9386	50.83	0.826	rgb(226, 59, 61)	1.9966	2,2
ETS1	CCDC74A	-0.9386	50.83	-8.3E-01	rgb( 37,107,249)	1.9966	None
ETS1	SCG5	-0.9386	50.83	-8.3E-01	rgb( 36,107,249)	1.9966	None
ETV1	STXBP5L	0.9386	50.83	0.826	rgb(226, 59, 61)	1.9966	None
FOXP2	BCAT1	0.9386	50.83	0.828	rgb(226, 59, 60)	1.9966	None
FOXP2	FAM110B	0.9386	50.83	0.831	rgb(226, 58, 60)	1.9966	None
HES4	LOC389332	0.9386	50.83	0.827	rgb(226, 59, 61)	1.9966	2,2
LMX1B	ZCCHC18	0.9386	50.83	0.835	rgb(226, 58, 59)	1.9966	None
MAFF	MXI1	0.9386	50.83	0.827	rgb(226, 59, 61)	1.9966	None
NFAT5	BMS1P1	0.9386	50.83	0.828	rgb(226, 59, 60)	1.9966	2,2
NKX2-2	CPE	0.9386	50.83	0.826	rgb(226, 59, 61)	1.9966	None
PAX4	RUNDC3A	0.9386	50.83	0.831	rgb(226, 58, 60)	1.9966	None
PDX1	ANKRD18A	-0.9386	50.83	-8.3E-01	rgb( 36,107,249)	1.9966	None
PDX1	ID1	0.9386	50.83	0.827	rgb(226, 59, 61)	1.9966	None
PDX1	LAMP5	-0.9386	50.83	-8.3E-01	rgb( 37,108,248)	1.9966	None
RORC	PDX1	0.9386	50.83	0.826	rgb(226, 59, 61)	1.9966	None
TEAD1	ID2	-0.9386	50.83	-8.3E-01	rgb( 37,108,249)	1.9966	None
TGIF2	MXI1	-0.9386	50.83	-8.3E-01	rgb( 37,108,249)	1.9966	None
ZNF846	GPR137C	0.9386	50.83	0.833	rgb(226, 58, 59)	1.9966	None
ARX	SCN1B	-0.93405	50.88	-8.8E-01	rgb( 25,100,251)	1.9976	None
ELF4	CNGA3	-0.93405	50.88	-8.8E-01	rgb( 26,101,250)	1.9976	None
ELF4	MANEAL	-0.93405	50.88	-8.8E-01	rgb( 26,101,250)	1.9976	None
ELF4	VCAN	-0.93405	50.88	-8.8E-01	rgb( 25,100,251)	1.9976	None
ETS1	AGAP11	-0.93405	50.88	-8.8E-01	rgb( 25,100,251)	1.9976	None
ISL1	CIT	0.93405	50.88	0.883	rgb(227, 48, 50)	1.9976	None
MYT1	SYT4	0.93405	50.88	0.878	rgb(227, 49, 51)	1.9976	2,2
MYT1	TDO2	0.93405	50.88	0.876	rgb(227, 50, 51)	1.9976	2,2
NEUROD2	PPP1R16B	0.93405	50.88	0.879	rgb(227, 49, 51)	1.9976	None
NEUROG3	BTBD17	0.93405	50.88	0.876	rgb(227, 50, 51)	1.9976	None
NEUROG3	CHRNA1	0.93405	50.88	0.877	rgb(227, 50, 51)	1.9976	None
NEUROG3	SOCS1	0.93405	50.88	0.875	rgb(227, 50, 52)	1.9976	None
NR4A2	SULT2A1	0.93405	50.88	0.88	rgb(227, 49, 51)	1.9976	None
ONECUT1	RIIAD1	0.93405	50.88	0.88	rgb(227, 49, 51)	1.9976	None
PAX6	SOCS1	-0.93405	50.88	-8.8E-01	rgb( 26,101,250)	1.9976	None
RFX3	NCS1	0.93405	50.88	0.883	rgb(227, 48, 50)	1.9976	None
RFX6	AMER3	0.93405	50.88	0.884	rgb(227, 48, 50)	1.9976	None
RFX6	CAMKV	0.93405	50.88	0.882	rgb(227, 48, 50)	1.9976	None
RFX6	EFNB3	0.93405	50.88	0.881	rgb(227, 49, 51)	1.9976	None
RFX6	KCNK16	0.93405	50.88	0.875	rgb(227, 50, 52)	1.9976	None
RFX6	MTSS1	0.93405	50.88	0.884	rgb(227, 48, 50)	1.9976	None
RFX6	PAX6	0.93405	50.88	0.884	rgb(227, 48, 50)	1.9976	None
RFX6	QDPR	0.93405	50.88	0.883	rgb(227, 48, 50)	1.9976	None
RFX6	TUB	0.93405	50.88	0.879	rgb(227, 49, 51)	1.9976	None
RFX6	WSCD1	0.93405	50.88	0.883	rgb(227, 48, 50)	1.9976	None
SPIB	APBB2	-0.93405	50.88	-8.8E-01	rgb( 26,101,250)	1.9976	None
SPIB	SLC7A2	-0.93405	50.88	-8.8E-01	rgb( 25,100,251)	1.9976	None
TEAD1	DNAJC12	-0.93405	50.88	-8.8E-01	rgb( 26,101,251)	1.9976	None
TEAD1	ID4	-0.93405	50.88	-8.8E-01	rgb( 26,101,251)	1.9976	None
TFCP2L1	EID1	0.93405	50.88	0.878	rgb(227, 49, 51)	1.9976	None
TFCP2L1	TMEM70	0.93405	50.88	0.879	rgb(227, 49, 51)	1.9976	None
ZNF117	AK125871	0.93405	50.88	0.882	rgb(227, 49, 50)	1.9976	2,2
ZNF846	SMARCC1	0.93405	50.88	0.876	rgb(227, 50, 51)	1.9976	None
ARNT2	LMX1B	0.93102	50.82	0.816	rgb(226, 61, 63)	1.9964	None
ELF4	USP13	-0.93102	50.82	-8.2E-01	rgb( 40,109,248)	1.9964	None
ETV1	AADAT	0.93102	50.82	0.816	rgb(226, 61, 63)	1.9964	None
ETV1	GNG2	0.93102	50.82	0.824	rgb(226, 60, 61)	1.9964	None
ETV1	KCNB2	0.93102	50.82	0.821	rgb(226, 60, 62)	1.9964	None
FEV	GNG2	0.93102	50.82	0.818	rgb(226, 61, 62)	1.9964	None
FOXP2	PCDHB9	0.93102	50.82	0.825	rgb(226, 59, 61)	1.9964	2,2
GATA2	GHRL	0.93102	50.82	0.819	rgb(226, 61, 62)	1.9964	None
HEYL	NEUROD2	0.93102	50.82	0.822	rgb(226, 60, 62)	1.9964	None
LMX1B	CACNA2D1	0.93102	50.82	0.815	rgb(226, 61, 63)	1.9964	None
LMX1B	MSI1	0.93102	50.82	0.818	rgb(226, 61, 62)	1.9964	None
NKX2-2	NHLH1	0.93102	50.82	0.817	rgb(226, 61, 63)	1.9964	None
NKX2-2	PRRT3	0.93102	50.82	0.816	rgb(226, 61, 63)	1.9964	None
NKX2-2	RGS9	0.93102	50.82	0.825	rgb(226, 59, 61)	1.9964	None
ONECUT2	AX747535	0.93102	50.82	0.82	rgb(226, 60, 62)	1.9964	2,2
PDX1	CLSPN	-0.93102	50.82	-8.2E-01	rgb( 39,109,248)	1.9964	None
POU2F2	CD96	0.93102	50.82	0.821	rgb(226, 60, 62)	1.9964	None
RORC	COL21A1	-0.93102	50.82	-8.2E-01	rgb( 40,109,248)	1.9964	None
RORC	NOXO1	0.93102	50.82	0.822	rgb(226, 60, 62)	1.9964	None
TGIF2	TEAD2	0.93102	50.82	0.821	rgb(226, 60, 62)	1.9964	None
ZNF492	DENND2A	0.93102	50.82	0.817	rgb(226, 61, 62)	1.9964	None
ZNF846	AK123889	0.93102	50.82	0.82	rgb(226, 60, 62)	1.9964	2,2
ARX	C7	-0.92757	50.87	-8.7E-01	rgb( 28,102,250)	1.9974	None
ARX	PCSK2	0.92757	50.87	0.869	rgb(227, 51, 53)	1.9974	None
ARX	PCYT1B	-0.92757	50.87	-8.7E-01	rgb( 28,102,250)	1.9974	None
ELF4	NR4A3	-0.92757	50.87	-8.7E-01	rgb( 29,102,250)	1.9974	None
ELF4	SEZ6	-0.92757	50.87	-8.7E-01	rgb( 27,102,250)	1.9974	None
ELF4	SYN1	-0.92757	50.87	-8.7E-01	rgb( 28,102,250)	1.9974	None
GATA2	TRIM35	0.92757	50.87	0.87	rgb(227, 51, 53)	1.9974	None
HHEX	TMEM59L	0.92757	50.87	0.867	rgb(227, 51, 53)	1.9974	2,2
HSF2	PHLDA2	0.92757	50.87	0.869	rgb(227, 51, 53)	1.9974	None
LMX1A	EFCC1	-0.92757	50.87	-8.7E-01	rgb( 29,103,250)	1.9974	None
LMX1A	PDE8B	-0.92757	50.87	-8.7E-01	rgb( 28,102,250)	1.9974	None
MAFB	KCNJ3	0.92757	50.87	0.866	rgb(227, 52, 53)	1.9974	None
MAFB	SNED1	0.92757	50.87	0.866	rgb(227, 52, 53)	1.9974	None
MAFB	SYT14	0.92757	50.87	0.872	rgb(227, 50, 52)	1.9974	None
MAFB	TMEM151B	0.92757	50.87	0.869	rgb(227, 51, 53)	1.9974	None
MYT1	ASCL1	0.92757	50.87	0.867	rgb(227, 51, 53)	1.9974	2,2
NEUROD1	SLC18A1	0.92757	50.87	0.868	rgb(227, 51, 53)	1.9974	None
NEUROG3	CLPS	0.92757	50.87	0.871	rgb(227, 51, 52)	1.9974	None
NEUROG3	MYBPC2	0.92757	50.87	0.867	rgb(227, 51, 53)	1.9974	None
RFX3	HECW2	0.92757	50.87	0.867	rgb(227, 51, 53)	1.9974	None
RFX6	CERS1	0.92757	50.87	0.875	rgb(227, 50, 52)	1.9974	None
RFX6	MAPK4	0.92757	50.87	0.871	rgb(227, 51, 52)	1.9974	None
SOX4	IGSF21	-0.92757	50.87	-8.7E-01	rgb( 28,102,250)	1.9974	None
SOX4	TRPC4	-0.92757	50.87	-8.7E-01	rgb( 28,102,250)	1.9974	None
ZNF117	AK123889	0.92757	50.87	0.867	rgb(227, 51, 53)	1.9974	2,2
ARX	GAD2	0.9237	50.81	0.815	rgb(226, 61, 63)	1.9962	None
ATF6	ST8SIA6-AS1	-0.9237	50.81	-8.1E-01	rgb( 41,110,248)	1.9962	None
ETV1	ANK2	0.9237	50.81	0.81	rgb(226, 62, 64)	1.9962	None
FEV	SYT5	0.9237	50.81	0.814	rgb(226, 62, 63)	1.9962	None
FOXA1	TMPRSS6	-0.9237	50.81	-8.1E-01	rgb( 42,110,248)	1.9962	None
FOXP2	RIIAD1	0.9237	50.81	0.805	rgb(226, 63, 65)	1.9962	None
HIF1A	SPC25	-0.9237	50.81	-8.1E-01	rgb( 42,111,248)	1.9962	None
LMX1A	GIP	0.9237	50.81	0.808	rgb(226, 63, 64)	1.9962	None
LMX1A	SCG2	0.9237	50.81	0.807	rgb(226, 63, 65)	1.9962	None
MAFA	PGA3	0.9237	50.81	0.807	rgb(226, 63, 64)	1.9962	None
MAFB	TSPAN7	0.9237	50.81	0.814	rgb(226, 61, 63)	1.9962	None
NEUROD1	ADAMTS2	0.9237	50.81	0.811	rgb(226, 62, 64)	1.9962	None
NEUROD1	CLPS	0.9237	50.81	0.811	rgb(226, 62, 64)	1.9962	None
NEUROD1	PDE2A	0.9237	50.84	0.84	rgb(226, 56, 58)	1.9968	None
NEUROG3	DKK3	0.9237	50.81	0.814	rgb(226, 62, 63)	1.9962	None
NFAT5	FCRL6	0.9237	50.81	0.813	rgb(226, 62, 63)	1.9962	None
PDX1	ETV1	-0.9237	50.81	-8.1E-01	rgb( 41,110,248)	1.9962	None
PRDM16	TCEAL1	-0.9237	50.81	-8.1E-01	rgb( 41,110,248)	1.9962	None
PRDM16	TFPI2	-0.9237	50.81	-8.1E-01	rgb( 41,110,248)	1.9962	None
RORC	PRKXP1	-0.9237	50.81	-8.1E-01	rgb( 42,111,248)	1.9962	None
RORC	RCOR2	0.9237	50.81	0.808	rgb(226, 63, 64)	1.9962	None
SMAD9	C1QL1	0.9237	50.81	0.814	rgb(226, 62, 63)	1.9962	None
SOX4	AMPD3	0.9237	50.81	0.807	rgb(226, 63, 64)	1.9962	None
SOX4	PTCH1	0.9237	50.81	0.811	rgb(226, 62, 64)	1.9962	None
SPIB	RFX6	0.9237	50.81	0.808	rgb(226, 63, 64)	1.9962	None
TGIF2	NCS1	0.9237	50.81	0.809	rgb(226, 62, 64)	1.9962	None
ZFP62	AK091275	0.9237	50.81	0.808	rgb(226, 63, 64)	1.9962	2,2
ZFP82	CCK	0.9237	50.81	0.808	rgb(226, 63, 64)	1.9962	None
ATF5	CPE	0.91887	50.86	0.86	rgb(226, 53, 54)	1.9972	None
DACH1	CHRNA3	0.91887	50.86	0.862	rgb(226, 52, 54)	1.9972	2,2
ELF4	ELAVL3	-0.91887	50.86	-8.6E-01	rgb( 30,104,250)	1.9972	None
ELF4	GHRL	-0.91887	50.86	-8.6E-01	rgb( 31,104,250)	1.9972	None
ETS1	RORC	-0.91887	50.86	-8.6E-01	rgb( 31,104,250)	1.9972	None
GATA4	LIN7A	0.91887	50.86	0.857	rgb(226, 53, 55)	1.9972	None
ISL1	NKTR	0.91887	50.86	0.864	rgb(226, 52, 54)	1.9972	None
LMX1A	LIN7A	-0.91887	50.86	-8.6E-01	rgb( 30,103,250)	1.9972	None
LMX1A	MAGED1	-0.91887	50.86	-8.6E-01	rgb( 31,104,250)	1.9972	None
LMX1A	UCN3	-0.91887	50.86	-8.6E-01	rgb( 30,103,250)	1.9972	None
MYT1	AB074188	0.91887	50.86	0.862	rgb(226, 52, 54)	1.9972	2,2
NEUROD1	REEP2	0.91887	50.86	0.859	rgb(226, 53, 55)	1.9972	None
NEUROD1	ST8SIA5	0.91887	50.86	0.86	rgb(226, 53, 55)	1.9972	None
NEUROD2	CADPS	0.91887	50.86	0.864	rgb(227, 52, 54)	1.9972	None
NEUROD2	MYEF2	0.91887	50.86	0.863	rgb(226, 52, 54)	1.9972	None
NEUROG3	BCL2	0.91887	50.86	0.863	rgb(226, 52, 54)	1.9972	None
NEUROG3	DLL4	0.91887	50.86	0.856	rgb(226, 54, 55)	1.9972	None
NEUROG3	KLK12	0.91887	50.86	0.863	rgb(226, 52, 54)	1.9972	None
NHLH1	C2CD4B	0.91887	50.86	0.86	rgb(226, 53, 54)	1.9972	None
PBX1	PRELP	0.91887	50.86	0.86	rgb(226, 53, 54)	1.9972	None
RFX3	PTPRN	0.91887	50.86	0.856	rgb(226, 53, 55)	1.9972	None
RFX6	CNGA3	0.91887	50.86	0.86	rgb(226, 53, 54)	1.9972	None
RFX6	FAM110B	0.91887	50.86	0.855	rgb(226, 54, 55)	1.9972	None
RFX6	GATA2	0.91887	50.86	0.861	rgb(226, 52, 54)	1.9972	None
RFX6	LIMCH1	0.91887	50.86	0.859	rgb(226, 53, 55)	1.9972	None
RFX6	MAP1B	0.91887	50.86	0.857	rgb(226, 53, 55)	1.9972	None
RFX6	SPRED3	0.91887	50.86	0.859	rgb(226, 53, 55)	1.9972	None
RFX6	TEKT2	0.91887	50.86	0.861	rgb(226, 53, 54)	1.9972	None
RORC	SPARC	-0.91887	50.86	-8.6E-01	rgb( 30,103,250)	1.9972	None
SMAD9	RASL11B	-0.91887	50.86	-8.6E-01	rgb( 31,104,249)	1.9972	None
SPIB	CRMP1	0.91887	50.86	0.862	rgb(226, 52, 54)	1.9972	None
TFCP2L1	DLL1	0.91887	50.86	0.857	rgb(226, 53, 55)	1.9972	None
TFCP2L1	FLT1	0.91887	50.86	0.859	rgb(226, 53, 55)	1.9972	None
TFCP2L1	UCP2	0.91887	50.86	0.862	rgb(226, 52, 54)	1.9972	None
ZNF519	GRASP	-0.91887	50.86	-8.6E-01	rgb( 31,104,250)	1.9972	None
ASCL1	KCNF1	-0.91391	50.8	-8.0E-01	rgb( 43,111,247)	1.996	None
ASCL2	PNMAL1	0.91391	50.8	0.8	rgb(226, 64, 66)	1.996	2,2
ELF4	SMTNL2	-0.91391	50.8	-8.0E-01	rgb( 44,112,247)	1.996	None
ELF4	SST	-0.91391	50.81	-8.1E-01	rgb( 42,110,248)	1.9962	None
ETS1	MAGED1	-0.91391	50.8	-8.0E-01	rgb( 43,111,248)	1.996	None
ETV1	BEX2	0.91391	50.8	0.804	rgb(226, 63, 65)	1.996	None
ETV1	KCNH8	0.91391	50.8	0.801	rgb(226, 64, 66)	1.996	None
ETV1	NALCN	0.91391	50.8	0.802	rgb(226, 64, 65)	1.996	None
ETV1	NCS1	0.91391	50.8	0.805	rgb(226, 63, 65)	1.996	None
FEV	ACSS3	0.91391	50.8	0.804	rgb(226, 63, 65)	1.996	None
FEV	FAM181B	0.91391	50.8	0.796	rgb(226, 65, 67)	1.996	2,2
FOXA1	CBX4	-0.91391	50.8	-8.0E-01	rgb( 44,112,247)	1.996	None
FOXA1	CDH5	-0.91391	50.8	-8.0E-01	rgb( 44,112,247)	1.996	None
FOXA2	ACBD7	0.91391	50.8	0.797	rgb(226, 65, 66)	1.996	None
GATA6	TMEM212	-0.91391	50.8	-8.0E-01	rgb( 43,111,247)	1.996	None
LMX1B	ZFHX2	0.91391	50.8	0.801	rgb(226, 64, 66)	1.996	None
MAFA	CAMK2N2	-0.91391	50.8	-8.0E-01	rgb( 42,111,248)	1.996	None
MAFB	MLLT11	0.91391	50.8	0.804	rgb(226, 63, 65)	1.996	None
NEUROD1	DACT1	0.91391	50.8	0.8	rgb(226, 64, 66)	1.996	None
NEUROD1	TACR3	0.91391	50.81	0.806	rgb(226, 63, 65)	1.9962	None
NEUROG3	LINC00261	0.91391	50.8	0.798	rgb(226, 65, 66)	1.996	None
NFAT5	LOC646214	0.91391	50.8	0.805	rgb(226, 63, 65)	1.996	2,2
NKX2-2	GRASP	0.91391	50.8	0.803	rgb(226, 64, 65)	1.996	None
NR4A3	CCDC40	0.91391	50.8	0.802	rgb(226, 64, 65)	1.996	None
PDX1	NCS1	0.91391	50.8	0.795	rgb(226, 65, 67)	1.996	None
POU2F2	AK026379	0.91391	50.8	0.803	rgb(226, 64, 65)	1.996	2,2
RFX2	SHC3	-0.91391	50.8	-8.0E-01	rgb( 43,111,247)	1.996	None
SOX4	CBFA2T3	0.91391	50.8	0.799	rgb(226, 64, 66)	1.996	None
SOX4	SAP30	0.91391	50.8	0.798	rgb(226, 65, 66)	1.996	None
SOX4	ZCCHC18	0.91391	50.8	0.801	rgb(226, 64, 66)	1.996	None
TEAD1	DLC1	0.91391	50.8	0.796	rgb(226, 65, 66)	1.996	None
TFCP2L1	ATP13A4	0.91391	50.8	0.802	rgb(226, 64, 65)	1.996	None
TGIF2	SMARCC1	0.91391	50.8	0.798	rgb(226, 65, 66)	1.996	None
ZNF846	FKSG51	0.91391	50.8	0.799	rgb(226, 64, 66)	1.996	2,2
ZNF846	POU2F2	0.91391	50.8	0.8	rgb(226, 64, 66)	1.996	None
ZNF846	RNF157-AS1	0.91391	50.8	0.796	rgb(226, 65, 67)	1.996	None
ARX	ZCCHC18	-0.91004	50.85	-8.5E-01	rgb( 33,105,249)	1.997	None
ELF4	GSTM2	-0.91004	50.85	-8.5E-01	rgb( 32,105,249)	1.997	None
ELF4	RIMBP2	-0.91004	50.85	-8.5E-01	rgb( 32,105,249)	1.997	None
FOXA2	GHRL	-0.91004	50.85	-8.5E-01	rgb( 32,104,249)	1.997	None
FOXP2	TMOD2	-0.91004	50.85	-8.5E-01	rgb( 32,104,249)	1.997	None
HHEX	GLYATL3	0.91004	50.85	0.849	rgb(226, 55, 57)	1.997	None
ISL1	NFAT5	0.91004	50.85	0.854	rgb(226, 54, 56)	1.997	None
LMX1A	KCNMB2	-0.91004	50.85	-8.5E-01	rgb( 31,104,249)	1.997	None
LMX1A	POM121L9P	0.91004	50.85	0.845	rgb(226, 56, 57)	1.997	None
MYT1	AF131837	0.91004	50.85	0.854	rgb(226, 54, 56)	1.997	2,2
NEUROD1	LMX1A	0.91004	50.85	0.853	rgb(226, 54, 56)	1.997	None
NEUROD1	PAPPA2	0.91004	50.85	0.847	rgb(226, 55, 57)	1.997	None
NEUROG3	ADORA2A	0.91004	50.85	0.847	rgb(226, 55, 57)	1.997	None
NEUROG3	NPTX1	0.91004	50.85	0.855	rgb(226, 54, 55)	1.997	None
NEUROG3	TMEM59L	0.91004	50.85	0.854	rgb(226, 54, 56)	1.997	None
NR4A3	AADAT	-0.91004	50.85	-8.5E-01	rgb( 33,105,249)	1.997	None
RFX3	CBX2	0.91004	50.85	0.848	rgb(226, 55, 57)	1.997	None
RFX3	SNAP25	0.91004	50.85	0.846	rgb(226, 55, 57)	1.997	None
RFX6	KCNF1	-0.91004	50.85	-8.5E-01	rgb( 33,105,249)	1.997	None
RFX6	LINC00494	0.91004	50.85	0.848	rgb(226, 55, 57)	1.997	None
RFX6	REM2	0.91004	50.85	0.855	rgb(226, 54, 55)	1.997	None
RORC	FOXP2	-0.91004	50.85	-8.5E-01	rgb( 32,104,249)	1.997	None
RORC	LAMP5	-0.91004	50.85	-8.5E-01	rgb( 33,105,249)	1.997	None
SMAD9	MAPK12	0.91004	50.85	0.848	rgb(226, 55, 57)	1.997	None
TEAD1	CNTD2	-0.91004	50.85	-8.5E-01	rgb( 33,105,249)	1.997	None
ZNF117	GPM6B	0.91004	50.85	0.849	rgb(226, 55, 57)	1.997	2,2
ZNF382	AP3B2	-0.91004	50.85	-8.5E-01	rgb( 33,105,249)	1.997	None
ZNF382	MIR7-3HG	-0.91004	50.85	-8.5E-01	rgb( 32,105,249)	1.997	None
ASCL1	KLHL32	0.90549	50.79	0.794	rgb(226, 65, 67)	1.9958	None
ASCL2	SMOC1	0.90549	50.79	0.794	rgb(226, 65, 67)	1.9958	None
ATF5	GYLTL1B	0.90549	50.79	0.79	rgb(226, 66, 68)	1.9958	2,2
ATF6	NOXO1	-0.90549	50.79	-7.9E-01	rgb( 47,113,247)	1.9958	None
EGR3	ADCY5	0.90549	50.79	0.789	rgb(226, 66, 68)	1.9958	None
ETV1	IGSF10	0.90549	50.79	0.792	rgb(226, 66, 67)	1.9958	None
FEV	FAM57B	0.90549	50.79	0.791	rgb(226, 66, 68)	1.9958	2,2
FEV	KCNH6	0.90549	50.79	0.786	rgb(226, 67, 68)	1.9958	None
FOXA2	C7	0.90549	50.79	0.795	rgb(226, 65, 67)	1.9958	None
FOXP2	CSH1	0.90549	50.79	0.789	rgb(226, 66, 68)	1.9958	None
GATA2	ABLIM2	0.90549	50.79	0.791	rgb(226, 66, 68)	1.9958	None
GATA6	DNAH11	0.90549	50.79	0.793	rgb(226, 66, 67)	1.9958	None
HES4	USP13	-0.90549	50.79	-7.9E-01	rgb( 46,113,247)	1.9958	None
ISL1	MIAT	0.90549	50.79	0.785	rgb(226, 67, 69)	1.9958	None
MAFA	SLC6A16	0.90549	50.79	0.786	rgb(226, 67, 68)	1.9958	None
MAFB	KIF5A	0.90549	50.79	0.793	rgb(226, 65, 67)	1.9958	None
MAFB	NKX6-1	0.90549	50.79	0.791	rgb(226, 66, 68)	1.9958	None
NEUROG3	LOC642366	-0.90549	50.81	-8.1E-01	rgb( 41,110,248)	1.9962	None
NR4A3	MCF2L	0.90549	50.79	0.79	rgb(226, 66, 68)	1.9958	None
ONECUT1	TFCP2L1	-0.90549	50.79	-7.9E-01	rgb( 46,113,247)	1.9958	None
ONECUT2	EVA1A	-0.90549	50.79	-7.9E-01	rgb( 45,112,247)	1.9958	None
ONECUT2	MUC16	0.90549	50.79	0.785	rgb(226, 67, 69)	1.9958	None
ONECUT2	ZFP62	0.90549	50.79	0.789	rgb(226, 66, 68)	1.9958	None
ONECUT3	TOX3	-0.90549	50.79	-7.9E-01	rgb( 46,113,247)	1.9958	None
PDX1	AKR1B1	-0.90549	50.79	-7.9E-01	rgb( 45,112,247)	1.9958	None
PDX1	ATP13A4	0.90549	50.79	0.787	rgb(226, 67, 68)	1.9958	None
PDX1	HDAC7	0.90549	50.79	0.786	rgb(226, 67, 68)	1.9958	None
SOX4	C2CD4A	0.90549	50.79	0.79	rgb(226, 66, 68)	1.9958	None
SOX4	CORO2B	0.90549	50.79	0.792	rgb(226, 66, 67)	1.9958	None
SOX4	DKK3	-0.90549	50.79	-7.9E-01	rgb( 46,113,247)	1.9958	None
TP73	ITGA7	0.90549	50.79	0.795	rgb(226, 65, 67)	1.9958	None
ZFHX2	NFASC	0.90549	50.79	0.795	rgb(226, 65, 67)	1.9958	None
ZFHX2	ZFP82	0.90549	50.79	0.791	rgb(226, 66, 68)	1.9958	None
AKNA	AX747114	-0.90204	50.84	-8.4E-01	rgb( 34,105,249)	1.9968	2,2
ARX	VSTM4	0.90204	50.84	0.842	rgb(226, 56, 58)	1.9968	None
ELF4	SNED1	-0.90204	50.84	-8.4E-01	rgb( 35,107,249)	1.9968	None
ELF4	SV2B	-0.90204	50.84	-8.4E-01	rgb( 35,106,249)	1.9968	None
ELF4	TRPC4	-0.90204	50.84	-8.4E-01	rgb( 36,107,249)	1.9968	None
ETS1	TMEM212	-0.90204	50.84	-8.4E-01	rgb( 34,106,249)	1.9968	None
FEV	CCND2	0.90204	50.84	0.836	rgb(226, 57, 59)	1.9968	None
LHX1	LINC00939	-0.90204	50.84	-8.4E-01	rgb( 34,105,249)	1.9968	None
NEUROD1	DPEP1	0.90204	50.84	0.839	rgb(226, 57, 58)	1.9968	None
NEUROD2	AP3B2	0.90204	50.84	0.84	rgb(226, 57, 58)	1.9968	None
NEUROD2	PGA5	0.90204	50.84	0.842	rgb(226, 56, 58)	1.9968	None
NEUROG3	TFCP2L1	-0.90204	50.84	-8.4E-01	rgb( 35,107,249)	1.9968	None
NFAT5	SULT2A1	-0.90204	50.84	-8.4E-01	rgb( 34,106,249)	1.9968	None
NHLH1	ELAVL4	-0.90204	50.84	-8.4E-01	rgb( 35,106,249)	1.9968	None
NR4A2	SLC7A2	-0.90204	50.84	-8.4E-01	rgb( 34,106,249)	1.9968	None
NR4A2	SOX4	0.90204	50.84	0.844	rgb(226, 56, 57)	1.9968	None
RFX2	BAALC	0.90204	50.84	0.837	rgb(226, 57, 59)	1.9968	None
RFX6	CACNA2D1	0.90204	50.84	0.841	rgb(226, 56, 58)	1.9968	None
RFX6	CPLX2	0.90204	50.84	0.844	rgb(226, 56, 57)	1.9968	None
RFX6	RTN1	0.90204	50.84	0.84	rgb(226, 57, 58)	1.9968	None
TEAD1	LYPD8	-0.90204	50.84	-8.4E-01	rgb( 36,107,249)	1.9968	2,2
ZNF117	ADAM20P1	0.90204	50.84	0.843	rgb(226, 56, 58)	1.9968	2,2
ZNF382	GATA6	0.90204	50.84	0.842	rgb(226, 56, 58)	1.9968	None
ZNF492	GLYATL3	-0.90204	50.84	-8.4E-01	rgb( 36,107,249)	1.9968	None
ZNF846	RBPMS	-0.90204	50.84	-8.4E-01	rgb( 34,106,249)	1.9968	None
ARX	COL10A1	-0.89859	50.78	-7.8E-01	rgb( 48,114,247)	1.9956	None
ASCL2	PTPRN2	0.89859	50.78	0.779	rgb(226, 68, 70)	1.9956	None
ETS1	HHEX	-0.89859	50.78	-7.8E-01	rgb( 47,114,247)	1.9956	None
ETV1	ERO1LB	0.89859	50.78	0.778	rgb(226, 68, 70)	1.9956	2,2
GATA4	MYEF2	-0.89859	50.78	-7.8E-01	rgb( 47,114,247)	1.9956	None
HES4	MFAP2	0.89859	50.78	0.785	rgb(226, 67, 69)	1.9956	2,2
LHX1	FAM171B	-0.89859	50.78	-7.8E-01	rgb( 47,114,247)	1.9956	None
MAFF	SHF	0.89859	50.78	0.782	rgb(226, 68, 69)	1.9956	None
NKX6-1	LY6H	0.89859	50.78	0.784	rgb(226, 67, 69)	1.9956	2,2
NR4A3	CLGN	0.89859	50.78	0.784	rgb(226, 67, 69)	1.9956	None
NR4A3	MMP2	0.89859	50.78	0.78	rgb(226, 68, 70)	1.9956	None
ONECUT1	USH2A	0.89859	50.78	0.779	rgb(226, 68, 70)	1.9956	None
PBX1	CCK	-0.89859	50.78	-7.8E-01	rgb( 47,113,247)	1.9956	None
PDX1	CTXN1	0.89859	50.78	0.785	rgb(226, 67, 69)	1.9956	None
POU6F1	MEP1B	-0.89859	50.78	-7.8E-01	rgb( 48,114,247)	1.9956	None
PRDM16	BEX2	-0.89859	50.78	-7.8E-01	rgb( 48,114,247)	1.9956	None
PRDM16	NFRKB	0.89859	50.78	0.782	rgb(226, 68, 69)	1.9956	None
TFCP2L1	KSR2	0.89859	50.78	0.785	rgb(226, 67, 69)	1.9956	None
TGIF2	CHRM4	0.89859	50.78	0.777	rgb(226, 69, 70)	1.9956	None
TGIF2	CLCA1	0.89859	50.82	0.815	rgb(226, 61, 63)	1.9964	None
TGIF2	TCEAL1	-0.89859	50.78	-7.8E-01	rgb( 48,114,247)	1.9956	None
ZNF117	AB007962	0.89859	50.78	0.784	rgb(226, 67, 69)	1.9956	2,2
ZNF519	IRF2BP1	-0.89859	50.78	-7.8E-01	rgb( 48,114,247)	1.9956	None
ZNF846	LOC100652999	0.89859	50.78	0.775	rgb(226, 69, 71)	1.9956	2,2
ZNF846	RBFOX2	0.89859	50.78	0.784	rgb(226, 67, 69)	1.9956	None
ARX	ACTL6B	-0.89432	50.83	-8.3E-01	rgb( 38,108,248)	1.9966	None
ARX	HES6	-0.89432	50.83	-8.3E-01	rgb( 37,107,249)	1.9966	None
ASCL1	AX747158	-0.89432	50.83	-8.3E-01	rgb( 37,107,249)	1.9966	2,2
ELF4	PRKCG	-0.89432	50.83	-8.3E-01	rgb( 36,107,249)	1.9966	None
ELF4	SCN3B	-0.89432	50.83	-8.3E-01	rgb( 37,107,249)	1.9966	None
FOXA1	ACTL6B	0.89432	50.83	0.826	rgb(226, 59, 61)	1.9966	None
GATA6	CLCN4	-0.89432	50.83	-8.3E-01	rgb( 36,107,249)	1.9966	None
HEYL	BC005905	-0.89432	50.83	-8.3E-01	rgb( 36,107,249)	1.9966	2,2
LHX1	HIF1A	0.89432	50.83	0.831	rgb(226, 58, 60)	1.9966	None
LMX1A	KCNK17	-0.89432	50.83	-8.3E-01	rgb( 36,107,249)	1.9966	None
LMX1B	UCP2	-0.89432	50.83	-8.3E-01	rgb( 36,107,249)	1.9966	None
NEUROD1	BAALC	0.89432	50.83	0.831	rgb(226, 58, 60)	1.9966	None
NEUROD1	CDH22	0.89432	50.83	0.829	rgb(226, 59, 60)	1.9966	None
NEUROD1	GPR148	0.89432	50.83	0.831	rgb(226, 58, 60)	1.9966	None
NEUROD2	PGA4	0.89432	50.83	0.83	rgb(226, 58, 60)	1.9966	None
NEUROG3	BAI2	0.89432	50.83	0.83	rgb(226, 58, 60)	1.9966	2,2
NEUROG3	CELA3B	0.89432	50.83	0.833	rgb(226, 58, 60)	1.9966	None
NEUROG3	ELFN1	0.89432	50.83	0.828	rgb(226, 59, 60)	1.9966	None
NEUROG3	GGT5	0.89432	50.83	0.833	rgb(226, 58, 60)	1.9966	None
NKX2-2	EFCC1	-0.89432	50.83	-8.3E-01	rgb( 37,108,248)	1.9966	None
RFX3	ARNT2	0.89432	50.83	0.828	rgb(226, 59, 61)	1.9966	None
RFX6	FAM171A2	0.89432	50.83	0.827	rgb(226, 59, 61)	1.9966	None
RFX6	GRIK5	0.89432	50.83	0.826	rgb(226, 59, 61)	1.9966	None
RFX6	TNP1	0.89432	50.83	0.911	rgb(227, 43, 45)	1.9966	None
SIM1	PAK3	0.89432	50.83	0.832	rgb(226, 58, 60)	1.9966	2,2
SOX4	PPP1R1A	-0.89432	50.83	-8.3E-01	rgb( 37,107,249)	1.9966	None
TEAD1	G0S2	-0.89432	50.83	-8.3E-01	rgb( 36,107,249)	1.9966	None
TEAD1	MUC15	-0.89432	50.83	-8.3E-01	rgb( 37,107,249)	1.9966	None
TEAD1	RUNX1T1	-0.89432	50.83	-8.3E-01	rgb( 37,108,249)	1.9966	None
TFCP2L1	CDKN1C	0.89432	50.83	0.833	rgb(226, 58, 60)	1.9966	None
ZNF117	AK055017	0.89432	50.83	0.826	rgb(226, 59, 61)	1.9966	2,2
ARNT2	HMP19	0.88866	50.77	0.775	rgb(226, 69, 71)	1.9954	2,2
ASCL1	GCH1	0.88866	50.77	0.774	rgb(226, 69, 71)	1.9954	None
ASCL2	LINC00261	0.88866	50.77	0.767	rgb(225, 71, 72)	1.9954	None
EGR3	DPEP1	-0.88866	50.77	-7.7E-01	rgb( 50,115,246)	1.9954	None
ETV1	GPBAR1	0.88866	50.77	0.775	rgb(226, 69, 71)	1.9954	None
ETV1	SRCIN1	0.88866	50.77	0.77	rgb(225, 70, 71)	1.9954	None
FEV	DENND2A	0.88866	50.77	0.773	rgb(226, 69, 71)	1.9954	None
FOXA1	CD300LF	0.88866	50.77	0.771	rgb(225, 70, 71)	1.9954	None
FOXP2	APLN	-0.88866	50.77	-7.7E-01	rgb( 50,115,246)	1.9954	None
FOXP2	SCGB1A1	0.88866	50.77	0.772	rgb(225, 70, 71)	1.9954	None
GATA6	SPRED3	-0.88866	50.77	-7.7E-01	rgb( 51,116,246)	1.9954	None
HES4	AGT	0.88866	50.77	0.774	rgb(226, 69, 71)	1.9954	None
HHEX	ACOT7	0.88866	50.77	0.769	rgb(225, 70, 72)	1.9954	None
HIF1A	BCORL1	0.88866	50.77	0.768	rgb(225, 70, 72)	1.9954	None
HIF1A	SAP30	-0.88866	50.77	-7.7E-01	rgb( 50,115,246)	1.9954	None
HSF2	FAM171B	0.88866	50.77	0.768	rgb(225, 70, 72)	1.9954	None
LMX1B	FOXP2	0.88866	50.77	0.771	rgb(225, 70, 71)	1.9954	None
LMX1B	LRRC49	0.88866	50.77	0.77	rgb(225, 70, 72)	1.9954	None
MAFA	MSI1	0.88866	50.77	0.774	rgb(226, 69, 71)	1.9954	None
MAFA	TTYH2	0.88866	50.77	0.767	rgb(225, 71, 72)	1.9954	None
MAFF	NFRKB	0.88866	50.77	0.774	rgb(226, 69, 71)	1.9954	None
NHLH1	COL16A1	0.88866	50.77	0.77	rgb(225, 70, 72)	1.9954	None
NKX2-2	LINC00261	0.88866	50.77	0.774	rgb(226, 69, 71)	1.9954	None
NR4A3	LINC00939	0.88866	50.77	0.769	rgb(225, 70, 72)	1.9954	None
ONECUT1	ST6GALNAC5	0.88866	50.77	0.773	rgb(225, 69, 71)	1.9954	None
PDX1	GATA4	0.88866	50.77	0.769	rgb(225, 70, 72)	1.9954	None
PRDM16	TMEM212	0.88866	50.77	0.772	rgb(225, 70, 71)	1.9954	None
RFX6	CACNG4	0.88866	50.77	0.772	rgb(225, 70, 71)	1.9954	None
SOX4	HES4	0.88866	50.77	0.768	rgb(225, 70, 72)	1.9954	None
TGIF2	CRISPLD2	0.88866	50.77	0.772	rgb(225, 70, 71)	1.9954	None
TGIF2	CTPS1	0.88866	50.77	0.767	rgb(225, 70, 72)	1.9954	None
TGIF2	CYP4F24P	-0.88866	50.77	-7.7E-01	rgb( 51,116,246)	1.9954	None
TGIF2	KDM1A	0.88866	50.77	0.774	rgb(226, 69, 71)	1.9954	None
TP73	OSBPL6	0.88866	50.77	0.772	rgb(225, 70, 71)	1.9954	None
ZFHX2	ADCY1	0.88866	50.77	0.772	rgb(225, 70, 71)	1.9954	None
ZFHX2	AK056486	0.88866	50.77	0.774	rgb(226, 69, 71)	1.9954	2,2
ZNF382	BC043205	0.88866	50.77	0.77	rgb(225, 70, 72)	1.9954	2,2
ZNF846	AK057596	0.88866	50.77	0.771	rgb(225, 70, 71)	1.9954	2,2
ZNF846	AK094916	0.88866	50.77	0.769	rgb(225, 70, 72)	1.9954	2,2
ZNF846	SPDYE7P	0.88866	50.77	0.771	rgb(225, 70, 71)	1.9954	None
ZNF846	TTLL6	0.88866	50.77	0.766	rgb(225, 71, 72)	1.9954	None
ARNT2	TAF9B	0.88411	50.82	0.819	rgb(226, 61, 62)	1.9964	None
ASCL2	SCN1B	-0.88411	50.82	-8.2E-01	rgb( 40,109,248)	1.9964	None
ELF4	SFTPA2	0.88411	50.82	0.821	rgb(226, 60, 62)	1.9964	None
ELF4	SYP	-0.88411	50.82	-8.2E-01	rgb( 38,108,248)	1.9964	None
ETS1	LINC00310	-0.88411	50.82	-8.2E-01	rgb( 40,109,248)	1.9964	None
FEV	SYT14	0.88411	50.82	0.815	rgb(226, 61, 63)	1.9964	None
HIF1A	SPP1	-0.88411	50.82	-8.2E-01	rgb( 39,109,248)	1.9964	None
ISL1	IRF2BP1	-0.88411	50.82	-8.2E-01	rgb( 38,108,248)	1.9964	None
MAFA	CNGA3	0.88411	50.82	0.825	rgb(226, 59, 61)	1.9964	None
MAFB	LRP4-AS1	0.88411	50.82	0.818	rgb(226, 61, 62)	1.9964	None
MYT1	HMP19	0.88411	50.82	0.819	rgb(226, 60, 62)	1.9964	2,2
NEUROD1	AMPD3	0.88411	50.82	0.818	rgb(226, 61, 62)	1.9964	None
NEUROD2	CIT	0.88411	50.82	0.822	rgb(226, 60, 62)	1.9964	None
NEUROD2	RGAG4	0.88411	50.82	0.824	rgb(226, 60, 61)	1.9964	2,2
NR4A2	IGFN1	0.88411	50.82	0.822	rgb(226, 60, 62)	1.9964	None
NR4A2	TLE3	0.88411	50.82	0.82	rgb(226, 60, 62)	1.9964	None
PAX6	SLC25A53	-0.88411	50.82	-8.2E-01	rgb( 39,109,248)	1.9964	None
PAX6	SYT14	-0.88411	50.82	-8.2E-01	rgb( 39,109,248)	1.9964	None
PBX1	TFCP2L1	0.88411	50.82	0.816	rgb(226, 61, 63)	1.9964	None
RFX6	GRAP2	0.88411	50.82	0.816	rgb(226, 61, 63)	1.9964	None
RFX6	KCNK3	0.88411	50.82	0.818	rgb(226, 61, 62)	1.9964	None
RFX6	NEGR1	0.88411	50.82	0.825	rgb(226, 59, 61)	1.9964	None
RFX6	RFX3	0.88411	50.82	0.82	rgb(226, 60, 62)	1.9964	None
RFX6	RSAD2	0.88411	50.82	0.821	rgb(226, 60, 62)	1.9964	None
RFX6	STMN4	0.88411	50.82	0.823	rgb(226, 60, 62)	1.9964	None
SIM1	ATCAY	0.88411	50.82	0.817	rgb(226, 61, 63)	1.9964	2,2
TEAD1	ACBD7	-0.88411	50.82	-8.2E-01	rgb( 40,109,248)	1.9964	None
TFCP2L1	RASL11B	0.88411	50.82	0.825	rgb(226, 60, 61)	1.9964	None
TFCP2L1	SERPINI1	0.88411	50.82	0.818	rgb(226, 61, 62)	1.9964	None
ZFHX2	VASH2	0.88411	50.82	0.82	rgb(226, 60, 62)	1.9964	None
ZNF117	AK057596	0.88411	50.82	0.819	rgb(226, 61, 62)	1.9964	2,2
ZNF117	AX746834	0.88411	50.82	0.824	rgb(226, 60, 61)	1.9964	2,2
ZNF117	BC005905	0.88411	50.82	0.824	rgb(226, 60, 61)	1.9964	2,2
EGR3	RPS6KL1	-0.8801	50.81	-8.1E-01	rgb( 40,109,248)	1.9962	None
ELF4	AP3B2	-0.8801	50.81	-8.1E-01	rgb( 41,110,248)	1.9962	None
ELF4	CRMP1	-0.8801	50.81	-8.1E-01	rgb( 42,111,248)	1.9962	None
ELF4	CTPS1	-0.8801	50.81	-8.1E-01	rgb( 41,110,248)	1.9962	None
ELF4	MBOAT4	-0.8801	50.81	-8.1E-01	rgb( 41,110,248)	1.9962	None
ETS1	LINC00939	-0.8801	50.81	-8.1E-01	rgb( 41,110,248)	1.9962	None
LHX1	UCN3	-0.8801	50.81	-8.1E-01	rgb( 41,110,248)	1.9962	None
MAFA	TLE3	0.8801	50.81	0.808	rgb(226, 63, 64)	1.9962	None
NEUROD1	CDHR3	0.8801	50.81	0.812	rgb(226, 62, 63)	1.9962	None
NEUROD2	ZDHHC8P1	0.8801	50.81	0.815	rgb(226, 61, 63)	1.9962	None
NEUROG3	KCNK3	0.8801	50.81	0.813	rgb(226, 62, 63)	1.9962	None
NR4A2	AMPD3	0.8801	50.81	0.808	rgb(226, 63, 64)	1.9962	None
NR4A2	HES6	0.8801	50.81	0.81	rgb(226, 62, 64)	1.9962	None
NR4A2	ITGA7	0.8801	50.81	0.809	rgb(226, 63, 64)	1.9962	None
NR4A2	PCDHA2	0.8801	50.81	0.807	rgb(226, 63, 64)	1.9962	None
NR4A2	PDE8B	0.8801	50.81	0.814	rgb(226, 61, 63)	1.9962	None
PBX1	HOMEZ	0.8801	50.81	0.814	rgb(226, 61, 63)	1.9962	None
POU6F1	EPHB3	-0.8801	50.81	-8.1E-01	rgb( 41,110,248)	1.9962	None
RFX6	FFAR2	0.8801	50.81	0.808	rgb(226, 63, 64)	1.9962	None
RFX6	HCN4	0.8801	50.81	0.81	rgb(226, 62, 64)	1.9962	None
RFX6	SAMD14	0.8801	50.81	0.813	rgb(226, 62, 63)	1.9962	None
SOX4	ZMYM2	0.8801	50.81	0.808	rgb(226, 63, 64)	1.9962	None
TEAD1	HECW2	-0.8801	50.81	-8.1E-01	rgb( 41,110,248)	1.9962	None
TEAD1	ZG16	-0.8801	50.81	-8.1E-01	rgb( 41,110,248)	1.9962	None
TFCP2L1	ASCL2	0.8801	50.81	0.809	rgb(226, 63, 64)	1.9962	None
TFCP2L1	TTR	0.8801	50.81	0.813	rgb(226, 62, 63)	1.9962	None
ZFP28	ATP13A4	-0.8801	50.81	-8.1E-01	rgb( 40,109,248)	1.9962	None
ZNF117	WDR52	0.8801	50.81	0.813	rgb(226, 62, 63)	1.9962	2,2
ZNF382	KLHL32	-0.8801	50.81	-8.1E-01	rgb( 41,110,248)	1.9962	None
ARX	LMX1A	0.87362	50.76	0.757	rgb(225, 72, 74)	1.9952	None
ASCL1	TRPM2	0.87362	50.76	0.764	rgb(225, 71, 73)	1.9952	None
EGR3	CCK	-0.87362	50.76	-7.6E-01	rgb( 51,116,246)	1.9952	None
EGR3	NEAT1	-0.87362	50.76	-7.6E-01	rgb( 52,117,246)	1.9952	None
ETS1	REG4	-0.87362	50.76	-7.6E-01	rgb( 52,117,246)	1.9952	None
ETV1	SPOCK3	0.87362	50.76	0.762	rgb(225, 71, 73)	1.9952	None
FEV	AKT3	0.87362	50.76	0.759	rgb(225, 72, 74)	1.9952	None
FEV	ALAS2	0.87362	50.76	0.762	rgb(225, 71, 73)	1.9952	None
FEV	FAM131B	0.87362	50.76	0.758	rgb(225, 72, 74)	1.9952	None
FEV	IL17C	0.87362	50.76	0.765	rgb(225, 71, 72)	1.9952	None
FEV	ITGBL1	0.87362	50.76	0.762	rgb(225, 72, 73)	1.9952	None
FEV	NACAD	0.87362	50.76	0.761	rgb(225, 72, 73)	1.9952	None
FEV	STMN2	0.87362	50.76	0.762	rgb(225, 71, 73)	1.9952	None
FOXA1	PMP22	-0.87362	50.76	-7.6E-01	rgb( 53,117,246)	1.9952	None
GATA2	AMBP	0.87362	50.76	0.758	rgb(225, 72, 74)	1.9952	None
HIC1	LRRC16B	0.87362	50.76	0.765	rgb(225, 71, 73)	1.9952	2,2
HSF2	MAFF	-0.87362	50.76	-7.6E-01	rgb( 51,116,246)	1.9952	None
LHX1	CD96	0.87362	50.76	0.758	rgb(225, 72, 74)	1.9952	None
LMX1A	ADAMTSL1	0.87362	50.76	0.763	rgb(225, 71, 73)	1.9952	None
LMX1A	LAPTM5	-0.87362	50.76	-7.6E-01	rgb( 52,116,246)	1.9952	None
LMX1B	CTTNBP2	0.87362	50.76	0.757	rgb(225, 72, 74)	1.9952	None
LMX1B	FAM153A	0.87362	50.76	0.762	rgb(225, 71, 73)	1.9952	2,2
LMX1B	TUBA1A	0.87362	50.76	0.758	rgb(225, 72, 74)	1.9952	None
NEUROG3	FUT1	0.87362	50.76	0.756	rgb(225, 73, 74)	1.9952	None
NFAT5	JX088243	0.87362	50.76	0.757	rgb(225, 72, 74)	1.9952	2,2
NFAT5	RASD1	-0.87362	50.76	-7.6E-01	rgb( 52,117,246)	1.9952	None
NHLH1	GOLGA7B	0.87362	50.76	0.756	rgb(225, 73, 74)	1.9952	None
NR4A2	TMEM178B	-0.87362	50.76	-7.6E-01	rgb( 52,117,246)	1.9952	None
ONECUT2	NFAT5	0.87362	50.76	0.762	rgb(225, 71, 73)	1.9952	None
PDX1	TFCP2L1	0.87362	50.76	0.76	rgb(225, 72, 73)	1.9952	None
PRDM16	AX746640	0.87362	50.76	0.761	rgb(225, 72, 73)	1.9952	2,2
RFX6	PGA3	0.87362	50.76	0.76	rgb(225, 72, 73)	1.9952	None
RORC	GDF11	0.87362	50.76	0.761	rgb(225, 72, 73)	1.9952	None
SMAD9	CCDC74A	0.87362	50.76	0.76	rgb(225, 72, 73)	1.9952	None
SOX4	ETS1	0.87362	50.76	0.755	rgb(225, 73, 74)	1.9952	None
SOX4	NKAIN1	0.87362	50.76	0.758	rgb(225, 72, 74)	1.9952	None
TFCP2L1	P2RX6	-0.87362	50.76	-7.6E-01	rgb( 51,116,246)	1.9952	None
TFCP2L1	VGF	-0.87362	50.76	-7.6E-01	rgb( 53,117,246)	1.9952	None
ZFHX2	PPP1R14A	-0.87362	50.76	-7.6E-01	rgb( 53,117,246)	1.9952	None
ZFHX2	RPS6KL1	0.87362	50.76	0.76	rgb(225, 72, 73)	1.9952	None
ZFP2	BC005905	-0.87362	50.76	-7.6E-01	rgb( 52,117,246)	1.9952	2,2
ZFP28	GFRA3	-0.87362	50.76	-7.6E-01	rgb( 51,116,246)	1.9952	None
ZNF382	FER1L6-AS1	0.87362	50.76	0.755	rgb(225, 73, 74)	1.9952	None
ZNF519	MYEF2	0.87362	50.76	0.757	rgb(225, 72, 74)	1.9952	None
ZNF519	PER2	0.87362	50.76	0.758	rgb(225, 72, 74)	1.9952	None
ZNF846	ANKRD18A	0.87362	50.76	0.762	rgb(225, 71, 73)	1.9952	None
ZNF846	MRPL34	-0.87362	50.76	-7.6E-01	rgb( 52,117,246)	1.9952	None
ETV1	MAST1	0.8699	50.75	0.75	rgb(225, 74, 75)	1.995	None
ETV1	PTP4A3	0.8699	50.75	0.747	rgb(225, 74, 76)	1.995	None
ETV1	WDR17	0.8699	50.75	0.755	rgb(225, 73, 74)	1.995	None
FEV	PPP1R1A	0.8699	50.75	0.746	rgb(225, 74, 76)	1.995	None
FOXA1	LEFTY1	0.8699	50.75	0.749	rgb(225, 74, 76)	1.995	None
FOXP2	ADD2	0.8699	50.75	0.753	rgb(225, 73, 75)	1.995	None
FOXP2	PGM5	0.8699	50.75	0.752	rgb(225, 73, 75)	1.995	None
FOXP2	ZCCHC12	0.8699	50.75	0.748	rgb(225, 74, 76)	1.995	2,2
GATA6	GRHL3	-0.8699	50.75	-7.5E-01	rgb( 55,119,245)	1.995	None
GLIS2	CACNA1H	0.8699	50.75	0.753	rgb(225, 73, 75)	1.995	None
HSF2	TMPRSS6	-0.8699	50.75	-7.5E-01	rgb( 55,118,245)	1.995	None
MAFA	PTGDR2	0.8699	50.75	0.749	rgb(225, 74, 75)	1.995	None
MAFF	RFX2	0.8699	50.75	0.746	rgb(225, 74, 76)	1.995	None
MAFF	SMARCC1	-0.8699	50.75	-7.5E-01	rgb( 55,118,245)	1.995	None
NHLH1	GGT5	0.8699	50.75	0.748	rgb(225, 74, 76)	1.995	None
ONECUT2	FAM13A-AS1	0.8699	50.75	0.745	rgb(225, 75, 76)	1.995	None
PRDM16	SFTPA2	-0.8699	50.75	-7.5E-01	rgb( 54,118,246)	1.995	None
RFX2	AEBP1	-0.8699	50.75	-7.5E-01	rgb( 54,118,246)	1.995	None
RORC	SV2A	0.8699	50.75	0.75	rgb(225, 74, 75)	1.995	None
SOX4	CHRNA1	0.8699	50.75	0.75	rgb(225, 74, 75)	1.995	None
SOX4	INSM1	0.8699	50.75	0.745	rgb(225, 75, 76)	1.995	None
TFCP2L1	ZFP28	0.8699	50.75	0.746	rgb(225, 74, 76)	1.995	None
TGIF2	CENPE	0.8699	50.75	0.754	rgb(225, 73, 74)	1.995	None
TGIF2	TUBB2B	0.8699	50.75	0.75	rgb(225, 74, 75)	1.995	None
TP73	FABP5	0.8699	50.75	0.75	rgb(225, 74, 75)	1.995	None
ZNF519	PTPN22	0.8699	50.75	0.746	rgb(225, 75, 76)	1.995	None
ZNF846	WDR52	0.8699	50.75	0.754	rgb(225, 73, 74)	1.995	2,2
ARNT2	TEAD2	-0.86369	50.8	-8.0E-01	rgb( 43,111,248)	1.996	None
EGR3	BAMBI	-0.86369	50.8	-8.0E-01	rgb( 43,111,248)	1.996	None
ELF4	EPHA8	-0.86369	50.8	-8.0E-01	rgb( 42,111,248)	1.996	None
ELF4	GPR148	-0.86369	50.8	-8.0E-01	rgb( 44,112,247)	1.996	None
ELF4	HINT1	0.86369	50.8	0.795	rgb(226, 65, 67)	1.996	None
ELF4	SPOCK3	-0.86369	50.8	-8.0E-01	rgb( 44,112,247)	1.996	None
ELF4	SRCIN1	-0.86369	50.8	-8.0E-01	rgb( 44,112,247)	1.996	None
ELF4	STXBP5L	-0.86369	50.8	-8.0E-01	rgb( 44,112,247)	1.996	None
FOXA2	SMARCC1	0.86369	50.8	0.799	rgb(226, 64, 66)	1.996	None
HEYL	AK123889	-0.86369	50.8	-8.0E-01	rgb( 44,112,247)	1.996	2,2
HIC1	FBXL16	-0.86369	50.8	-8.0E-01	rgb( 42,111,248)	1.996	None
MAFA	CHGB	0.86369	50.8	0.796	rgb(226, 65, 67)	1.996	None
MAFA	FAM135B	0.86369	50.8	0.823	rgb(226, 60, 61)	1.996	None
NEUROD1	AKT3	0.86369	50.8	0.804	rgb(226, 63, 65)	1.996	None
NEUROD1	CELF3	0.86369	50.8	0.799	rgb(226, 64, 66)	1.996	None
NEUROD1	CPB1	0.86369	50.8	0.8	rgb(226, 64, 66)	1.996	None
NEUROD1	KCNN3	0.86369	50.8	0.804	rgb(226, 63, 65)	1.996	None
NEUROD1	VASH2	0.86369	50.8	0.798	rgb(226, 65, 66)	1.996	None
NEUROD2	SDK2	0.86369	50.8	0.797	rgb(226, 65, 66)	1.996	None
NKX2-2	ZFHX2	-0.86369	50.8	-8.0E-01	rgb( 44,112,247)	1.996	None
NR4A2	CYMP	0.86369	50.8	0.796	rgb(226, 65, 67)	1.996	None
NR4A2	NEFM	-0.86369	50.8	-8.0E-01	rgb( 44,112,247)	1.996	None
NR4A2	RIIAD1	0.86369	50.8	0.799	rgb(226, 64, 66)	1.996	None
ONECUT1	PALMD	0.86369	50.8	0.802	rgb(226, 64, 65)	1.996	None
ONECUT1	ROBO1	0.86369	50.8	0.796	rgb(226, 65, 66)	1.996	None
ONECUT3	RBPMS	-0.86369	50.8	-8.0E-01	rgb( 43,111,247)	1.996	None
PAX4	ADNP	0.86369	50.8	0.796	rgb(226, 65, 67)	1.996	None
PAX4	CADM2	-0.86369	50.8	-8.0E-01	rgb( 43,111,247)	1.996	None
PAX6	MYBPC3	-0.86369	50.8	-8.0E-01	rgb( 43,111,248)	1.996	None
PAX6	RFX6	-0.86369	50.8	-8.0E-01	rgb( 43,111,247)	1.996	None
RFX6	MMP2	0.86369	50.8	0.795	rgb(226, 65, 67)	1.996	None
RFX6	RAPGEF4	0.86369	50.8	0.8	rgb(226, 64, 66)	1.996	None
RFX6	RTN4RL1	0.86369	50.8	0.802	rgb(226, 64, 65)	1.996	None
SMAD9	BRSK2	0.86369	50.8	0.799	rgb(226, 64, 66)	1.996	None
TEAD1	CBFA2T3	-0.86369	50.8	-8.0E-01	rgb( 42,111,248)	1.996	None
TEAD1	CELSR3	-0.86369	50.8	-8.0E-01	rgb( 43,111,247)	1.996	None
TEAD1	KCNMB2	-0.86369	50.8	-8.0E-01	rgb( 43,111,247)	1.996	None
TEAD1	SPAG8	-0.86369	50.8	-8.0E-01	rgb( 44,112,247)	1.996	None
TFCP2L1	TSPAN7	0.86369	50.8	0.797	rgb(226, 65, 66)	1.996	None
ZFHX2	DNAH11	-0.86369	50.8	-8.0E-01	rgb( 44,112,247)	1.996	None
ZFHX2	NCALD	-0.86369	50.8	-8.0E-01	rgb( 43,111,247)	1.996	None
ZFHX2	SULT2A1	-0.86369	50.8	-8.0E-01	rgb( 44,112,247)	1.996	None
ZNF382	SCGB1A1	-0.86369	50.8	-8.0E-01	rgb( 44,112,247)	1.996	None
ZNF846	GSTM2	-0.86369	50.8	-8.0E-01	rgb( 43,111,248)	1.996	None
ZNF846	PCYT1B	0.86369	50.8	0.796	rgb(226, 65, 67)	1.996	None
ARX	PTPRN	0.85858	50.74	0.739	rgb(225, 76, 77)	1.9948	None
ASCL2	LONRF2	0.85858	50.74	0.737	rgb(225, 76, 78)	1.9948	None
DZIP1	LOC283335	0.85858	50.74	0.738	rgb(225, 76, 78)	1.9948	2,2
EGR3	SPIB	-0.85858	50.74	-7.4E-01	rgb( 56,119,245)	1.9948	None
EGR3	ZG16	-0.85858	50.74	-7.4E-01	rgb( 57,120,245)	1.9948	None
ETV1	AVPR1B	0.85858	50.74	0.74	rgb(225, 76, 77)	1.9948	None
FEV	FAM155B	0.85858	50.74	0.744	rgb(225, 75, 76)	1.9948	None
FEV	GLYATL3	0.85858	50.74	0.739	rgb(225, 76, 77)	1.9948	None
FOXA1	BASP1	0.85858	50.74	0.736	rgb(225, 76, 78)	1.9948	None
FOXA1	MICAL2	0.85858	50.74	0.736	rgb(225, 76, 78)	1.9948	None
FOXA1	PDX1	0.85858	50.74	0.739	rgb(225, 76, 77)	1.9948	None
GATA4	PDX1	0.85858	50.74	0.741	rgb(225, 75, 77)	1.9948	None
GATA6	NEGR1	0.85858	50.74	0.741	rgb(225, 75, 77)	1.9948	None
HES4	RAB26	0.85858	50.74	0.736	rgb(225, 76, 78)	1.9948	None
HOXB9	SPC25	-0.85858	50.74	-7.4E-01	rgb( 57,120,245)	1.9948	None
HSF2	HES4	-0.85858	50.74	-7.4E-01	rgb( 56,119,245)	1.9948	None
HSF2	STK31	0.85858	50.74	0.742	rgb(225, 75, 77)	1.9948	None
HSF2	ZFP90	0.85858	50.74	0.737	rgb(225, 76, 78)	1.9948	None
MAFA	CCK	0.85858	50.74	0.742	rgb(225, 75, 77)	1.9948	None
MAFA	NHSL2	0.85858	50.74	0.739	rgb(225, 76, 77)	1.9948	None
MAFF	ELF4	0.85858	50.74	0.738	rgb(225, 76, 78)	1.9948	None
NEUROD1	ATOH8	0.85858	50.74	0.737	rgb(225, 76, 78)	1.9948	None
NEUROG3	ZCCHC12	0.85858	50.74	0.738	rgb(225, 76, 78)	1.9948	None
PAX6	HGFAC	-0.85858	50.74	-7.4E-01	rgb( 56,119,245)	1.9948	None
PAX6	SLC38A5	-0.85858	50.74	-7.4E-01	rgb( 56,119,245)	1.9948	None
PDX1	ASIC1	-0.85858	50.74	-7.4E-01	rgb( 57,120,245)	1.9948	None
PDX1	CIT	-0.85858	50.74	-7.4E-01	rgb( 57,120,245)	1.9948	None
PDX1	GPBAR1	0.85858	50.74	0.744	rgb(225, 75, 76)	1.9948	None
RFX3	MYEF2	0.85858	50.74	0.738	rgb(225, 76, 77)	1.9948	None
SOX4	DLL1	0.85858	50.74	0.738	rgb(225, 76, 78)	1.9948	None
SOX4	EVA1A	0.85858	50.74	0.743	rgb(225, 75, 77)	1.9948	None
SOX4	LONRF2	-0.85858	50.74	-7.4E-01	rgb( 57,120,245)	1.9948	None
SPIB	MYBPC2	-0.85858	50.74	-7.9E-01	rgb( 46,113,247)	1.9948	None
SPIB	OGFRL1	0.85858	50.74	0.735	rgb(225, 77, 78)	1.9948	None
TFCP2L1	MAFF	-0.85858	50.74	-7.4E-01	rgb( 55,119,245)	1.9948	None
TP73	CLCNKA	0.85858	50.74	0.74	rgb(225, 76, 77)	1.9948	None
ZNF846	AK054970	0.85858	50.74	0.743	rgb(225, 75, 77)	1.9948	2,2
ARX	HES4	-0.85334	50.79	-7.9E-01	rgb( 45,113,247)	1.9958	None
ASCL1	AP3B2	0.85334	50.79	0.788	rgb(226, 67, 68)	1.9958	None
ATF6	CPE	0.85334	50.79	0.791	rgb(226, 66, 67)	1.9958	None
ELF4	GFRA3	-0.85334	50.79	-7.9E-01	rgb( 45,112,247)	1.9958	None
ELF4	LSAMP	-0.85334	50.79	-7.9E-01	rgb( 45,113,247)	1.9958	None
ETS1	PER2	-0.85334	50.79	-7.9E-01	rgb( 45,112,247)	1.9958	None
HEYL	AK024092	-0.85334	50.79	-7.9E-01	rgb( 47,113,247)	1.9958	2,2
HIF1A	SSTR5-AS1	-0.85334	50.79	-7.9E-01	rgb( 45,112,247)	1.9958	None
ISL1	CLSPN	0.85334	50.79	0.792	rgb(226, 66, 67)	1.9958	None
LHX1	NEFL	-0.85334	50.79	-7.9E-01	rgb( 45,112,247)	1.9958	None
LMX1A	FRMPD4	-0.85334	50.79	-7.9E-01	rgb( 45,112,247)	1.9958	None
LMX1A	PMP22	0.85334	50.79	0.788	rgb(226, 66, 68)	1.9958	None
MAFA	SCT	0.85334	50.79	0.789	rgb(226, 66, 68)	1.9958	None
MLXIPL	JPH4	-0.85334	50.79	-7.9E-01	rgb( 47,113,247)	1.9958	None
NEUROD1	STXBP5L	0.85334	50.79	0.79	rgb(226, 66, 68)	1.9958	None
NEUROD1	SYNGR3	0.85334	50.79	0.79	rgb(226, 66, 68)	1.9958	None
NEUROD1	TOX	0.85334	50.79	0.792	rgb(226, 66, 67)	1.9958	None
NEUROG3	NPW	0.85334	50.79	0.793	rgb(226, 66, 67)	1.9958	None
NEUROG3	TP73	0.85334	50.79	0.795	rgb(226, 65, 67)	1.9958	None
NHLH1	ID1	0.85334	50.79	0.795	rgb(226, 65, 67)	1.9958	None
NKX2-2	SERTAD1	0.85334	50.79	0.793	rgb(226, 66, 67)	1.9958	None
ONECUT1	SLC25A53	0.85334	50.79	0.789	rgb(226, 66, 68)	1.9958	None
PRDM16	RGS14	-0.85334	50.79	-7.9E-01	rgb( 45,112,247)	1.9958	None
RFX3	MAP3K12	0.85334	50.79	0.793	rgb(226, 65, 67)	1.9958	None
RFX3	NNMT	0.85334	50.79	0.791	rgb(226, 66, 68)	1.9958	None
RFX6	ATP1A3	0.85334	50.79	0.786	rgb(226, 67, 68)	1.9958	None
RFX6	CAMK1G	0.85334	50.79	0.79	rgb(226, 66, 68)	1.9958	None
RFX6	ITGBL1	0.85334	50.79	0.795	rgb(226, 65, 67)	1.9958	None
RORC	TUBB2B	-0.85334	50.79	-7.9E-01	rgb( 45,113,247)	1.9958	None
SMAD9	TMEM132B	0.85334	50.79	0.793	rgb(226, 66, 67)	1.9958	None
SPIB	ID2	0.85334	50.79	0.786	rgb(226, 67, 68)	1.9958	None
SPIB	PRKXP1	-0.85334	50.79	-7.9E-01	rgb( 45,112,247)	1.9958	None
TEAD1	EFCC1	-0.85334	50.79	-7.9E-01	rgb( 47,113,247)	1.9958	None
TEAD1	RPLP0P2	-0.85334	50.79	-7.9E-01	rgb( 45,112,247)	1.9958	None
TFCP2L1	RPS6KL1	0.85334	50.79	0.791	rgb(226, 66, 68)	1.9958	None
ZNF117	AK090700	0.85334	50.79	0.794	rgb(226, 65, 67)	1.9958	2,2
ZNF117	NAALAD2	0.85334	50.79	0.794	rgb(226, 65, 67)	1.9958	2,2
ZNF846	ZNF846	-0.85334	50.79	-7.9E-01	rgb( 45,112,247)	1.9958	None
DZIP1	HBT8	0.84851	50.73	0.731	rgb(225, 77, 79)	1.9946	2,2
ETV1	CDK5R2	0.84851	50.73	0.726	rgb(225, 78, 80)	1.9946	None
ETV1	ISL1	0.84851	50.73	0.727	rgb(225, 78, 80)	1.9946	None
ETV1	MAP1B	0.84851	50.73	0.726	rgb(225, 78, 80)	1.9946	None
ETV1	RAB3C	0.84851	50.73	0.726	rgb(225, 78, 80)	1.9946	None
ETV1	SCN3B	0.84851	50.73	0.734	rgb(225, 77, 78)	1.9946	None
FOXA1	ADAMTSL1	-0.84851	50.73	-7.3E-01	rgb( 59,121,245)	1.9946	None
FOXA1	VOPP1	-0.84851	50.73	-7.3E-01	rgb( 59,121,245)	1.9946	None
GATA2	GPC6	0.84851	50.73	0.734	rgb(225, 77, 78)	1.9946	None
GATA4	GPR162	0.84851	50.73	0.73	rgb(225, 78, 79)	1.9946	None
HES4	TMEM158	0.84851	50.73	0.734	rgb(225, 77, 78)	1.9946	None
HIF1A	TMEM61	-0.84851	50.73	-7.3E-01	rgb( 58,120,245)	1.9946	None
HSF2	MAPK12	-0.84851	50.73	-7.3E-01	rgb( 58,120,245)	1.9946	None
LMX1B	LGR6	0.84851	50.73	0.73	rgb(225, 78, 79)	1.9946	None
LMX1B	PAK7	0.84851	50.73	0.727	rgb(225, 78, 80)	1.9946	2,2
LTF	FLJ00385	0.84851	50.73	0.728	rgb(225, 78, 79)	1.9946	2,2
MAFB	KCNMA1	0.84851	50.73	0.728	rgb(225, 78, 79)	1.9946	None
MAFF	ATF7IP	-0.84851	50.73	-7.3E-01	rgb( 59,121,245)	1.9946	None
NFAT5	AK125301	0.84851	50.73	0.735	rgb(225, 77, 78)	1.9946	2,2
NFAT5	UCP2	-0.84851	50.73	-7.3E-01	rgb( 58,121,245)	1.9946	None
NR4A2	TGIF2	-0.84851	50.73	-7.3E-01	rgb( 58,121,245)	1.9946	None
ONECUT1	REG4	-0.84851	50.73	-7.3E-01	rgb( 58,120,245)	1.9946	None
ONECUT2	KLK12	-0.84851	50.73	-7.3E-01	rgb( 59,121,245)	1.9946	None
ONECUT2	WDR52	0.84851	50.73	0.727	rgb(225, 78, 80)	1.9946	2,2
PDX1	CCL20	0.84851	50.73	0.729	rgb(225, 78, 79)	1.9946	None
PDX1	CTPS1	-0.84851	50.73	-7.3E-01	rgb( 58,120,245)	1.9946	None
PDX1	LEFTY1	0.84851	50.73	0.73	rgb(225, 78, 79)	1.9946	None
POU6F1	ATP13A4	0.84851	50.73	0.729	rgb(225, 78, 79)	1.9946	None
PRDM16	BMS1P1	0.84851	50.73	0.732	rgb(225, 77, 79)	1.9946	2,2
PRDM16	TEAD2	-0.84851	50.73	-7.3E-01	rgb( 59,121,245)	1.9946	None
SOX4	COL16A1	0.84851	50.73	0.729	rgb(225, 78, 79)	1.9946	None
TGIF2	ANKRD18A	0.84851	50.73	0.732	rgb(225, 77, 79)	1.9946	None
TGIF2	REG4	0.84851	50.73	0.731	rgb(225, 77, 79)	1.9946	None
ZFHX2	SV2B	0.84851	50.73	0.727	rgb(225, 78, 80)	1.9946	None
ZNF492	BC041449	0.84851	50.73	0.734	rgb(225, 77, 78)	1.9946	2,2
ARX	BMS1P1	0.84244	50.78	0.779	rgb(226, 68, 70)	1.9956	2,2
ARX	NINJ1	-0.84244	50.78	-7.8E-01	rgb( 48,114,247)	1.9956	None
ARX	OR51E1	-0.84244	50.78	-7.8E-01	rgb( 47,114,247)	1.9956	None
DACH1	CCDC154	0.84244	50.78	0.785	rgb(226, 67, 69)	1.9956	2,2
EGR3	HHEX	-0.84244	50.78	-7.8E-01	rgb( 48,114,247)	1.9956	None
EGR3	REM2	0.84244	50.78	0.782	rgb(226, 68, 69)	1.9956	None
ELF4	ST8SIA3	-0.84244	50.78	-7.8E-01	rgb( 47,114,247)	1.9956	None
ETS1	LRP4-AS1	-0.84244	50.78	-7.8E-01	rgb( 48,114,247)	1.9956	None
ETS1	ST8SIA6-AS1	-0.84244	50.78	-7.8E-01	rgb( 49,115,246)	1.9956	None
GRHL3	LINC00930	0.84244	50.78	0.778	rgb(226, 68, 70)	1.9956	2,2
LHX1	SCN1B	-0.84244	50.78	-7.8E-01	rgb( 47,114,247)	1.9956	None
LHX1	SLC7A4	-0.84244	50.78	-7.8E-01	rgb( 48,114,247)	1.9956	None
LMX1A	LMX1A	-0.84244	50.78	-7.8E-01	rgb( 47,114,247)	1.9956	None
MAFA	CPT1C	0.84244	50.78	0.783	rgb(226, 68, 69)	1.9956	None
NEUROD1	FAM167A	0.84244	50.78	0.782	rgb(226, 68, 69)	1.9956	None
NEUROG3	AMPD3	0.84244	50.78	0.784	rgb(226, 67, 69)	1.9956	None
NEUROG3	MAFA	0.84244	50.78	0.777	rgb(226, 69, 70)	1.9956	None
NEUROG3	SEMA6B	0.84244	50.78	0.781	rgb(226, 68, 69)	1.9956	None
NKX6-1	SLC26A7	-0.84244	50.78	-7.8E-01	rgb( 47,114,247)	1.9956	None
NR4A2	ARHGAP9	0.84244	50.78	0.78	rgb(226, 68, 70)	1.9956	None
NR4A2	PPP1R14A	0.84244	50.78	0.778	rgb(226, 68, 70)	1.9956	None
NR4A3	MAGED1	-0.84244	50.78	-7.8E-01	rgb( 47,114,247)	1.9956	None
ONECUT3	MEP1B	0.84244	50.78	0.777	rgb(226, 69, 70)	1.9956	None
PAX6	GFRA1	-0.84244	50.78	-7.8E-01	rgb( 47,114,247)	1.9956	None
POU2F2	MAFA	-0.84244	50.78	-7.8E-01	rgb( 48,114,247)	1.9956	None
RFX3	LIN7A	0.84244	50.78	0.784	rgb(226, 67, 69)	1.9956	None
RFX6	CHGB	0.84244	50.78	0.78	rgb(226, 68, 70)	1.9956	None
RFX6	CNPY1	0.84244	50.78	0.775	rgb(226, 69, 70)	1.9956	None
RFX6	TMEM178B	0.84244	50.78	0.782	rgb(226, 68, 69)	1.9956	None
SIM1	AF070581	0.84244	50.78	0.776	rgb(226, 69, 70)	1.9956	2,2
SMAD9	NCS1	0.84244	50.78	0.777	rgb(226, 69, 70)	1.9956	None
SOX4	EFNB3	-0.84244	50.78	-7.8E-01	rgb( 48,114,247)	1.9956	None
ST18	CYP27A1	-0.84244	50.78	-7.8E-01	rgb( 47,114,247)	1.9956	None
TEAD1	GRASP	-0.84244	50.78	-7.8E-01	rgb( 48,114,247)	1.9956	None
TEAD1	LINGO1	-0.84244	50.78	-7.8E-01	rgb( 48,114,247)	1.9956	None
TEAD1	PDE8B	-0.84244	50.78	-7.8E-01	rgb( 47,113,247)	1.9956	None
TEAD1	RIIAD1	-0.84244	50.78	-7.8E-01	rgb( 47,114,247)	1.9956	None
TFCP2L1	CRIP1	0.84244	50.78	0.784	rgb(226, 67, 69)	1.9956	None
TFCP2L1	EID2	0.84244	50.78	0.776	rgb(226, 69, 70)	1.9956	None
TFCP2L1	NPM2	0.84244	50.78	0.784	rgb(226, 67, 69)	1.9956	None
ZFHX2	ADAMTSL1	-0.84244	50.78	-7.8E-01	rgb( 48,114,247)	1.9956	None
ZFP82	ELAVL3	0.84244	50.78	0.779	rgb(226, 68, 70)	1.9956	None
ZNF382	ST6GALNAC5	-0.84244	50.78	-7.8E-01	rgb( 48,114,247)	1.9956	None
ZNF519	KANK2	0.84244	50.78	0.779	rgb(226, 68, 70)	1.9956	None
AEBP1	MRC1	0.83444	50.72	0.715	rgb(225, 80, 82)	1.9944	2,2
ARNT2	SDK1	0.83444	50.72	0.717	rgb(225, 80, 81)	1.9944	None
ASCL2	DLL1	0.83444	50.72	0.725	rgb(225, 79, 80)	1.9944	None
ASCL2	LSAMP	0.83444	50.72	0.723	rgb(225, 79, 80)	1.9944	None
ASCL2	REEP2	0.83444	50.72	0.717	rgb(225, 80, 82)	1.9944	None
ATF6	NEAT1	-0.83444	50.72	-7.2E-01	rgb( 62,123,244)	1.9944	None
ELF4	FKBP7	-0.83444	50.72	-7.2E-01	rgb( 61,122,244)	1.9944	None
ETS1	HLA-DPA1	-0.83444	50.72	-7.2E-01	rgb( 61,122,244)	1.9944	None
ETV1	CRMP1	0.83444	50.72	0.72	rgb(225, 80, 81)	1.9944	None
ETV1	GNAO1	0.83444	50.72	0.723	rgb(225, 79, 80)	1.9944	None
ETV1	KCNK16	0.83444	50.72	0.717	rgb(225, 80, 82)	1.9944	None
ETV1	MAP6	0.83444	50.72	0.718	rgb(225, 80, 81)	1.9944	None
ETV1	NHSL2	0.83444	50.72	0.722	rgb(225, 79, 81)	1.9944	None
ETV1	SPEG	0.83444	50.72	0.716	rgb(225, 80, 82)	1.9944	None
FEV	TMEM151B	0.83444	50.72	0.722	rgb(225, 79, 81)	1.9944	None
FOXA1	TMOD1	-0.83444	50.72	-7.2E-01	rgb( 60,121,245)	1.9944	None
FOXA2	KLHL32	0.83444	50.72	0.722	rgb(225, 79, 81)	1.9944	None
FOXP2	DENND2A	0.83444	50.72	0.721	rgb(225, 79, 81)	1.9944	None
FOXP2	SPON1	0.83444	50.72	0.716	rgb(225, 80, 82)	1.9944	None
GATA4	KCNE4	0.83444	50.72	0.721	rgb(225, 79, 81)	1.9944	None
GATA6	DLC1	0.83444	50.72	0.716	rgb(225, 80, 82)	1.9944	None
HES6	TMEM35	0.83444	50.72	0.716	rgb(225, 80, 82)	1.9944	2,2
HOXB9	MYBPC2	-0.83444	50.72	-7.2E-01	rgb( 60,122,244)	1.9944	None
HSF2	CBX4	-0.83444	50.72	-7.2E-01	rgb( 60,122,244)	1.9944	None
HSF2	HDAC7	-0.83444	50.72	-7.2E-01	rgb( 61,122,244)	1.9944	None
HSF2	KCNIP3	-0.83444	50.72	-7.2E-01	rgb( 61,122,244)	1.9944	None
HSF2	MYEF2	0.83444	50.72	0.724	rgb(225, 79, 80)	1.9944	None
LHX1	RAB36	0.83444	50.72	0.72	rgb(225, 79, 81)	1.9944	None
LMX1A	FAT3	0.83444	50.72	0.724	rgb(225, 79, 80)	1.9944	None
LMX1A	ICA1L	0.83444	50.72	0.72	rgb(225, 79, 81)	1.9944	None
LMX1B	KCTD12	0.83444	50.72	0.72	rgb(225, 79, 81)	1.9944	None
LTF	ENPP1	-0.83444	50.72	-7.2E-01	rgb( 62,122,244)	1.9944	None
MAFA	COL12A1	-0.83444	50.72	-7.2E-01	rgb( 61,122,244)	1.9944	None
MAFB	CHGA	0.83444	50.72	0.724	rgb(225, 79, 80)	1.9944	None
NEUROG3	DACT1	-0.83444	50.72	-7.2E-01	rgb( 60,121,245)	1.9944	None
NFAT5	BMS1P6	0.83444	50.72	0.72	rgb(225, 79, 81)	1.9944	2,2
NHLH1	CELA3B	0.83444	50.72	0.719	rgb(225, 80, 81)	1.9944	None
NR4A3	UNC13A	0.83444	50.72	0.723	rgb(225, 79, 80)	1.9944	None
ONECUT1	KCNE4	0.83444	50.72	0.72	rgb(225, 80, 81)	1.9944	None
ONECUT2	AK096291	0.83444	50.72	0.722	rgb(225, 79, 81)	1.9944	2,2
PRDM16	ACOT7	-0.83444	50.72	-7.2E-01	rgb( 62,123,244)	1.9944	None
RFX6	CACNA1H	0.83444	50.72	0.716	rgb(225, 80, 82)	1.9944	None
RORC	CHST10	0.83444	50.72	0.717	rgb(225, 80, 82)	1.9944	None
RORC	TCTEX1D4	-0.83444	50.72	-7.2E-01	rgb( 62,122,244)	1.9944	None
SMAD9	BAI2	0.83444	50.72	0.716	rgb(225, 80, 82)	1.9944	2,2
SMAD9	COL16A1	0.83444	50.72	0.715	rgb(225, 80, 82)	1.9944	None
SMAD9	RORC	0.83444	50.72	0.72	rgb(225, 79, 81)	1.9944	None
SOX4	HES6	0.83444	50.72	0.717	rgb(225, 80, 81)	1.9944	None
SOX4	PMP22	0.83444	50.72	0.723	rgb(225, 79, 80)	1.9944	None
SPIB	MDK	0.83444	50.72	0.718	rgb(225, 80, 81)	1.9944	None
TFCP2L1	AEBP1	-0.83444	50.72	-7.2E-01	rgb( 62,122,244)	1.9944	None
TFCP2L1	KANK2	0.83444	50.72	0.724	rgb(225, 79, 80)	1.9944	None
TFCP2L1	PCYT1B	0.83444	50.72	0.722	rgb(225, 79, 81)	1.9944	None
TGIF2	CYP27A1	-0.83444	50.72	-7.2E-01	rgb( 61,122,244)	1.9944	None
TP73	FOXA1	-0.83444	50.72	-7.2E-01	rgb( 61,122,244)	1.9944	None
ZFHX2	SBK1	0.83444	50.72	0.717	rgb(225, 80, 82)	1.9944	None
ZFHX2	SCG5	-0.83444	50.72	-7.2E-01	rgb( 62,122,244)	1.9944	None
ZNF846	AK024092	0.83444	50.72	0.723	rgb(225, 79, 80)	1.9944	2,2
ARNT2	TUBB3	-0.82768	50.77	-7.7E-01	rgb( 51,116,246)	1.9954	None
ARX	BC029255	0.82768	50.77	0.771	rgb(225, 70, 71)	1.9954	2,2
ARX	PKIA	-0.82768	50.77	-7.7E-01	rgb( 51,116,246)	1.9954	None
ASCL1	SCUBE1	0.82768	50.77	0.771	rgb(225, 70, 71)	1.9954	None
ATF5	BAALC	0.82768	50.77	0.769	rgb(225, 70, 72)	1.9954	None
ATOH8	PAX4	0.82768	50.77	0.766	rgb(225, 71, 72)	1.9954	2,2
EGR3	ZNF117	-0.82768	50.77	-7.7E-01	rgb( 50,115,246)	1.9954	None
ELF4	BC043205	-0.82768	50.77	-7.7E-01	rgb( 50,115,246)	1.9954	2,2
ELF4	EFNB3	-0.82768	50.77	-7.7E-01	rgb( 49,115,246)	1.9954	None
ELF4	RNF157-AS1	-0.82768	50.77	-7.7E-01	rgb( 50,115,246)	1.9954	None
ETS1	ZFP28	-0.82768	50.77	-7.7E-01	rgb( 49,115,246)	1.9954	None
ETV1	ZMYM2	-0.82768	50.77	-7.7E-01	rgb( 51,116,246)	1.9954	None
GATA4	MMRN1	0.82768	50.77	0.77	rgb(225, 70, 71)	1.9954	None
GATA6	ETS1	0.82768	50.77	0.772	rgb(225, 70, 71)	1.9954	None
GRHL3	LIMD2	0.82768	50.77	0.767	rgb(225, 70, 72)	1.9954	2,2
GRHL3	PCDHB10	0.82768	50.77	0.769	rgb(225, 70, 72)	1.9954	2,2
GRHL3	PCDHB16	0.82768	50.77	0.769	rgb(225, 70, 72)	1.9954	2,2
LHX1	NEGR1	0.82768	50.77	0.769	rgb(225, 70, 72)	1.9954	None
MAFA	GIP	0.82768	50.77	0.771	rgb(225, 70, 71)	1.9954	None
MAFA	SPRED3	0.82768	50.77	0.771	rgb(225, 70, 71)	1.9954	None
MAFA	TMPRSS6	0.82768	50.77	0.766	rgb(225, 71, 72)	1.9954	None
NEUROD1	CLSTN2	0.82768	50.77	0.768	rgb(225, 70, 72)	1.9954	None
NEUROD1	DPYSL4	0.82768	50.77	0.769	rgb(225, 70, 72)	1.9954	None
NEUROD1	PTP4A3	0.82768	50.77	0.769	rgb(225, 70, 72)	1.9954	None
NEUROD1	ST6GALNAC5	0.82768	50.77	0.766	rgb(225, 71, 72)	1.9954	None
NEUROD1	TMEFF1	0.82768	50.77	0.767	rgb(225, 71, 72)	1.9954	None
NEUROD1	VGF	0.82768	50.77	0.765	rgb(225, 71, 72)	1.9954	None
NEUROD2	ANKRD13B	0.82768	50.77	0.766	rgb(225, 71, 72)	1.9954	None
NEUROG3	BCRP3	0.82768	50.77	0.767	rgb(225, 70, 72)	1.9954	None
NR4A2	POU2F2	0.82768	50.77	0.768	rgb(225, 70, 72)	1.9954	None
NR4A2	SLC51B	0.82768	50.77	0.773	rgb(226, 69, 71)	1.9954	None
PAX6	C1QL1	-0.82768	50.77	-7.7E-01	rgb( 49,115,246)	1.9954	None
PBX1	CRYBA2	-0.82768	50.77	-7.7E-01	rgb( 49,115,246)	1.9954	None
PRDM16	PLCXD3	0.82768	50.77	0.767	rgb(225, 71, 72)	1.9954	None
RFX6	LAPTM5	0.82768	50.77	0.769	rgb(225, 70, 72)	1.9954	None
RORC	NEFL	-0.82768	50.77	-7.7E-01	rgb( 49,115,246)	1.9954	None
RORC	WNK3	-0.82768	50.77	-7.7E-01	rgb( 49,115,246)	1.9954	None
SMAD9	TMOD2	0.82768	50.77	0.771	rgb(225, 70, 71)	1.9954	None
SOX4	CLCN4	0.82768	50.77	0.766	rgb(225, 71, 72)	1.9954	None
TEAD1	FAM71E2	-0.82768	50.77	-7.7E-01	rgb( 51,116,246)	1.9954	None
TEAD1	MUC5AC	0.82768	50.77	0.77	rgb(225, 70, 71)	1.9954	2,2
TEAD1	P2RX6	-0.82768	50.77	-7.7E-01	rgb( 51,116,246)	1.9954	None
TEAD2	SPEG	0.82768	50.77	0.768	rgb(225, 70, 72)	1.9954	None
TFCP2L1	SAP30	0.82768	50.77	0.768	rgb(225, 70, 72)	1.9954	None
ZFHX2	CHST9	-0.82768	50.77	-7.7E-01	rgb( 51,116,246)	1.9954	2,2
ZFHX2	MLN	-0.82768	50.77	-7.7E-01	rgb( 51,116,246)	1.9954	None
ZFP90	AMPD3	0.82768	50.77	0.773	rgb(226, 69, 71)	1.9954	None
ZNF117	AK125301	0.82768	50.77	0.775	rgb(226, 69, 71)	1.9954	2,2
ZNF519	RFX3	0.82768	50.77	0.769	rgb(225, 70, 72)	1.9954	None
ELF4	NALCN	-0.82354	50.71	-7.1E-01	rgb( 64,124,244)	1.9942	None
ELF4	SESN2	0.82354	50.71	0.712	rgb(225, 81, 82)	1.9942	None
ETS1	CTPS1	-0.82354	50.71	-7.1E-01	rgb( 62,123,244)	1.9942	None
ETS1	DPEP1	0.82354	50.71	0.714	rgb(225, 81, 82)	1.9942	None
ETV1	GIP	0.82354	50.71	0.713	rgb(225, 81, 82)	1.9942	None
ETV1	GSTM2	0.82354	50.71	0.711	rgb(225, 81, 83)	1.9942	None
FEV	DDN	0.82354	50.71	0.706	rgb(225, 82, 84)	1.9942	None
FOXA1	KIAA1324	0.82354	50.71	0.707	rgb(225, 82, 83)	1.9942	None
FOXA1	TRIM24	0.82354	50.71	0.709	rgb(225, 82, 83)	1.9942	None
FOXP2	DQ583756	0.82354	50.71	0.705	rgb(225, 82, 84)	1.9942	2,2
HHEX	DTX3	0.82354	50.71	0.712	rgb(225, 81, 82)	1.9942	2,2
LMX1A	AK096718	0.82354	50.71	0.71	rgb(225, 81, 83)	1.9942	2,2
LMX1A	CACNA1B	0.82354	50.71	0.714	rgb(225, 81, 82)	1.9942	2,2
MAFB	SH2D3C	0.82354	50.71	0.714	rgb(225, 81, 82)	1.9942	None
NEUROD1	CLCN4	0.82354	50.71	0.711	rgb(225, 81, 83)	1.9942	None
NEUROG3	QDPR	0.82354	50.71	0.707	rgb(225, 82, 83)	1.9942	None
NKX2-2	CTXN1	0.82354	50.71	0.714	rgb(225, 81, 82)	1.9942	None
NR4A2	FAM13A-AS1	0.82354	50.71	0.714	rgb(225, 81, 82)	1.9942	None
NR4A2	WNK2	-0.82354	50.71	-7.1E-01	rgb( 62,123,244)	1.9942	None
PAX6	MAPK10	0.82354	50.71	0.708	rgb(225, 82, 83)	1.9942	None
SOX4	CERS6-AS1	-0.82354	50.71	-7.1E-01	rgb( 63,123,244)	1.9942	2,2
SOX4	NKD1	0.82354	50.71	0.707	rgb(225, 82, 83)	1.9942	None
TEAD2	FAM167A	0.82354	50.71	0.713	rgb(225, 81, 82)	1.9942	None
TFCP2L1	PPP1R14A	-0.82354	50.71	-7.1E-01	rgb( 64,124,244)	1.9942	None
TGIF2	CREBRF	-0.82354	50.71	-7.1E-01	rgb( 62,123,244)	1.9942	None
ZFHX2	NEUROD2	0.82354	50.71	0.707	rgb(225, 82, 83)	1.9942	None
ZNF492	CD96	0.82354	50.71	0.714	rgb(225, 81, 82)	1.9942	None
ZNF519	ABCC9	0.82354	50.71	0.715	rgb(225, 80, 82)	1.9942	2,2
ZNF846	FUT1	-0.82354	50.71	-7.1E-01	rgb( 63,123,244)	1.9942	None
ZNF846	ZMYM2	0.82354	50.71	0.706	rgb(225, 82, 84)	1.9942	None
ARNT2	QSOX2	-0.81885	50.76	-7.6E-01	rgb( 52,117,246)	1.9952	None
ARX	PTPN22	0.81885	50.76	0.762	rgb(225, 71, 73)	1.9952	None
ELF4	ISLR2	-0.81885	50.76	-7.6E-01	rgb( 52,117,246)	1.9952	None
FEV	DACH1	0.81885	50.76	0.765	rgb(225, 71, 72)	1.9952	None
GATA4	RUNX1T1	0.81885	50.76	0.759	rgb(225, 72, 74)	1.9952	None
HIC1	AK057596	-0.81885	50.76	-7.6E-01	rgb( 52,117,246)	1.9952	2,2
LMX1A	APLP1	-0.81885	50.76	-7.6E-01	rgb( 52,116,246)	1.9952	None
LMX1A	CPB1	-0.81885	50.76	-7.6E-01	rgb( 52,117,246)	1.9952	None
MYT1	AK022997	0.81885	50.76	0.764	rgb(225, 71, 73)	1.9952	2,2
NEUROD1	ACE	0.81885	50.76	0.763	rgb(225, 71, 73)	1.9952	None
NEUROD1	PLCXD3	0.81885	50.76	0.765	rgb(225, 71, 72)	1.9952	None
NEUROD1	SMAD9	0.81885	50.76	0.765	rgb(225, 71, 72)	1.9952	None
NEUROD1	TENM2	0.81885	50.76	0.759	rgb(225, 72, 73)	1.9952	None
NEUROG3	FAM167A	0.81885	50.76	0.761	rgb(225, 72, 73)	1.9952	None
NEUROG3	GADD45A	0.81885	50.76	0.76	rgb(225, 72, 73)	1.9952	None
NEUROG3	LOC100506178	0.81885	50.76	0.764	rgb(225, 71, 73)	1.9952	None
NEUROG3	LTF	0.81885	50.76	0.757	rgb(225, 72, 74)	1.9952	None
NEUROG3	STMN3	0.81885	50.76	0.757	rgb(225, 72, 74)	1.9952	None
NEUROG3	TUBB3	0.81885	50.76	0.758	rgb(225, 72, 74)	1.9952	None
NKX2-2	DZIP1	-0.81885	50.76	-7.6E-01	rgb( 51,116,246)	1.9952	None
NR4A2	GRASP	0.81885	50.76	0.763	rgb(225, 71, 73)	1.9952	None
NR4A2	PTPRN2	-0.81885	50.76	-7.6E-01	rgb( 53,117,246)	1.9952	None
ONECUT3	DLL3	-0.81885	50.76	-7.6E-01	rgb( 53,117,246)	1.9952	2,2
PAX4	ASIC1	0.81885	50.76	0.763	rgb(225, 71, 73)	1.9952	None
PAX4	FGF9	-0.81885	50.76	-7.6E-01	rgb( 52,117,246)	1.9952	None
PAX6	KCNB2	-0.81885	50.76	-7.6E-01	rgb( 52,117,246)	1.9952	None
PRDM16	SULT2A1	-0.81885	50.76	-7.6E-01	rgb( 52,117,246)	1.9952	None
PRDM16	UNC5D	0.81885	50.76	0.758	rgb(225, 72, 74)	1.9952	None
RFX2	FGF14	0.81885	50.76	0.76	rgb(225, 72, 73)	1.9952	None
TEAD1	INHBE	-0.81885	50.76	-7.6E-01	rgb( 52,117,246)	1.9952	None
TEAD1	PGF	-0.81885	50.76	-7.6E-01	rgb( 51,116,246)	1.9952	None
TP73	ZNF853	0.81885	50.76	0.758	rgb(225, 72, 74)	1.9952	None
ZNF117	HNRNPU-AS1	0.81885	50.76	0.764	rgb(225, 71, 73)	1.9952	2,2
ZNF382	CALY	-0.81885	50.76	-7.6E-01	rgb( 52,116,246)	1.9952	None
EGR3	UNC13A	-0.81416	50.7	-7.0E-01	rgb( 65,125,244)	1.994	None
ETV1	SPRED3	0.81416	50.7	0.703	rgb(225, 83, 84)	1.994	None
FEV	CLIP3	0.81416	50.7	0.704	rgb(225, 83, 84)	1.994	None
FEV	PEX5L	0.81416	50.7	0.704	rgb(225, 83, 84)	1.994	None
FOXA1	POM121L9P	-0.81416	50.7	-7.0E-01	rgb( 66,125,244)	1.994	None
GATA4	ZFP90	-0.81416	50.7	-7.0E-01	rgb( 65,125,244)	1.994	None
LMX1A	AB074188	0.81416	50.7	0.696	rgb(225, 84, 85)	1.994	2,2
MAFA	UBL5	0.81416	50.7	0.701	rgb(225, 83, 85)	1.994	None
MAFB	LINC00643	0.81416	50.7	0.697	rgb(225, 84, 85)	1.994	None
NEUROD2	CHRNB4	0.81416	50.7	0.701	rgb(225, 83, 84)	1.994	None
NEUROG3	ASXL3	-0.81416	50.7	-7.0E-01	rgb( 66,125,243)	1.994	None
NEUROG3	EGR3	0.81416	50.7	0.696	rgb(225, 84, 85)	1.994	None
NFAT5	AL832439	0.81416	50.7	0.7	rgb(225, 83, 85)	1.994	2,2
NHLH1	SLC7A4	0.81416	50.7	0.699	rgb(225, 83, 85)	1.994	None
NR4A3	GSTM2	0.81416	50.7	0.697	rgb(225, 84, 85)	1.994	None
PDX1	SSTR5	0.81416	50.7	0.695	rgb(225, 84, 86)	1.994	None
RFX6	VWA5B2	0.81416	50.7	0.703	rgb(225, 83, 84)	1.994	None
RORC	SLC6A16	-0.81416	50.7	-7.0E-01	rgb( 66,125,244)	1.994	None
SMAD9	SCN1B	0.81416	50.7	0.705	rgb(225, 82, 84)	1.994	None
SMAD9	SOCS1	0.81416	50.7	0.695	rgb(225, 84, 86)	1.994	None
SOX4	DLL4	0.81416	50.7	0.696	rgb(225, 84, 86)	1.994	None
SOX4	KIRREL3	-0.81416	50.7	-7.0E-01	rgb( 64,124,244)	1.994	None
SOX4	TUBA1A	0.81416	50.7	0.701	rgb(225, 83, 84)	1.994	None
SPIB	CAMKV	0.81416	50.7	0.697	rgb(225, 84, 85)	1.994	None
SPIB	NFASC	0.81416	50.7	0.696	rgb(225, 84, 85)	1.994	None
TFCP2L1	ZFR2	-0.81416	50.7	-7.0E-01	rgb( 66,125,243)	1.994	2,2
ZFHX2	KIF5A	0.81416	50.7	0.697	rgb(225, 84, 85)	1.994	None
ZFP28	RSAD2	0.81416	50.7	0.704	rgb(225, 83, 84)	1.994	None
ZFP90	PNMAL1	0.81416	50.7	0.702	rgb(225, 83, 84)	1.994	2,2
ZNF846	AGT	-0.81416	50.7	-7.0E-01	rgb( 64,124,244)	1.994	None
ZNF846	C2CD4B	-0.81416	50.7	-7.0E-01	rgb( 64,124,244)	1.994	None
ZNF846	GOLGA7B	-0.81416	50.7	-7.0E-01	rgb( 66,125,243)	1.994	None
ZNF846	PCDH11X	0.81416	50.7	0.697	rgb(225, 84, 85)	1.994	2,2
ZNF846	SERPINA10	-0.81416	50.7	-7.0E-01	rgb( 65,124,244)	1.994	None
ARNT2	CACNA1H	-0.81002	50.75	-7.5E-01	rgb( 55,118,245)	1.995	None
ASCL2	KANK2	0.81002	50.75	0.75	rgb(225, 74, 75)	1.995	None
ATF6	SV2A	0.81002	50.75	0.746	rgb(225, 75, 76)	1.995	None
ELF4	CELF4	-0.81002	50.75	-7.5E-01	rgb( 53,117,246)	1.995	None
ELF4	PPP1R1A	-0.81002	50.75	-7.5E-01	rgb( 54,118,246)	1.995	None
FOXA1	BC127823	-0.81002	50.75	-7.5E-01	rgb( 55,118,245)	1.995	2,2
HSF2	GATA4	-0.81002	50.75	-7.5E-01	rgb( 55,118,245)	1.995	None
ISL1	AK126318	0.81002	50.75	0.748	rgb(225, 74, 76)	1.995	2,2
ISL1	BC022892	0.81002	50.75	0.746	rgb(225, 74, 76)	1.995	2,2
LHX1	SESN2	0.81002	50.75	0.75	rgb(225, 74, 75)	1.995	None
LMX1A	SVOP	-0.81002	50.75	-7.5E-01	rgb( 55,118,245)	1.995	None
MYT1	DCX	0.81002	50.75	0.755	rgb(225, 73, 74)	1.995	2,2
NEUROD1	COL22A1	0.81002	50.75	0.747	rgb(225, 74, 76)	1.995	None
NEUROD1	DACH1	0.81002	50.75	0.747	rgb(225, 74, 76)	1.995	None
NR4A2	FAM110B	0.81002	50.75	0.752	rgb(225, 73, 75)	1.995	None
NR4A2	SPARC	0.81002	50.75	0.75	rgb(225, 74, 75)	1.995	None
NR4A2	TOX	0.81002	50.75	0.746	rgb(225, 75, 76)	1.995	None
NR4A3	ADAMTSL1	-0.81002	50.75	-7.5E-01	rgb( 54,118,246)	1.995	None
NR4A3	WNK2	-0.81002	50.75	-7.5E-01	rgb( 55,119,245)	1.995	None
ONECUT1	NPAS3	0.81002	50.75	0.748	rgb(225, 74, 76)	1.995	None
ONECUT1	PPP1R1A	0.81002	50.75	0.754	rgb(225, 73, 74)	1.995	None
PBX1	CACNA1C	-0.81002	50.75	-7.5E-01	rgb( 54,118,246)	1.995	None
RFX2	FLJ22184	0.81002	50.75	0.753	rgb(225, 73, 75)	1.995	2,2
RFX3	ACOT7	0.81002	50.75	0.747	rgb(225, 74, 76)	1.995	None
RFX6	APLP1	0.81002	50.75	0.753	rgb(225, 73, 75)	1.995	None
RFX6	CPA1	0.81002	50.75	0.753	rgb(225, 73, 75)	1.995	None
SIM1	KIAA2022	0.81002	50.75	0.752	rgb(225, 73, 75)	1.995	2,2
SPIB	MAFF	0.81002	50.75	0.752	rgb(225, 73, 75)	1.995	None
ZFP28	CCDC74B	0.81002	50.75	0.745	rgb(225, 75, 76)	1.995	None
ZFP82	CCL19	0.81002	50.75	0.755	rgb(225, 73, 74)	1.995	None
ASCL1	NPTXR	0.80491	50.69	0.686	rgb(225, 86, 87)	1.9938	None
ASCL2	FER1L6-AS1	-0.80491	50.69	-6.9E-01	rgb( 66,125,243)	1.9938	None
ASCL2	SH3RF3	0.80491	50.69	0.688	rgb(225, 86, 87)	1.9938	None
ATF6	ID1	-0.80491	50.69	-6.9E-01	rgb( 67,126,243)	1.9938	None
EGR3	ELFN1	-0.80491	50.69	-6.9E-01	rgb( 68,126,243)	1.9938	None
EGR3	TLE3	-0.80491	50.69	-6.9E-01	rgb( 66,125,243)	1.9938	None
ELF4	CTNND1	0.80491	50.69	0.693	rgb(225, 85, 86)	1.9938	None
ELF4	FAM64A	-0.80491	50.69	-6.9E-01	rgb( 68,126,243)	1.9938	2,2
ETS1	TAF9B	0.80491	50.69	0.691	rgb(225, 85, 86)	1.9938	None
ETV1	PDE2A	0.80491	50.69	0.689	rgb(225, 85, 87)	1.9938	None
FOXA1	PCDHB10	0.80491	50.69	0.69	rgb(225, 85, 87)	1.9938	2,2
FOXA1	PPP1R14A	-0.80491	50.69	-6.9E-01	rgb( 67,126,243)	1.9938	None
GATA2	GPR112	0.80491	50.69	0.687	rgb(225, 86, 87)	1.9938	2,2
GATA2	TMOD1	0.80491	50.69	0.692	rgb(225, 85, 86)	1.9938	None
GATA4	RBFOX2	-0.80491	50.69	-6.9E-01	rgb( 66,125,243)	1.9938	None
INSM1	PAX4	0.80491	50.69	0.695	rgb(225, 84, 86)	1.9938	2,2
LMX1A	LINC00617	0.80491	50.69	0.694	rgb(225, 84, 86)	1.9938	2,2
LMX1A	ZDHHC8P1	0.80491	50.69	0.691	rgb(225, 85, 86)	1.9938	None
LMX1B	FEV	0.80491	50.69	0.686	rgb(225, 86, 87)	1.9938	None
LMX1B	ST8SIA5	0.80491	50.69	0.694	rgb(225, 84, 86)	1.9938	None
MAFA	CPLX1	0.80491	50.69	0.694	rgb(225, 84, 86)	1.9938	None
MAFA	HOMEZ	-0.80491	50.69	-6.9E-01	rgb( 67,126,243)	1.9938	None
NHLH1	ACTN3	0.80491	50.69	0.69	rgb(225, 85, 87)	1.9938	None
NHLH1	ARHGAP9	0.80491	50.69	0.69	rgb(225, 85, 87)	1.9938	None
NKX2-2	TMEM198	0.80491	50.69	0.694	rgb(225, 84, 86)	1.9938	None
ONECUT1	EDIL3	0.80491	50.69	0.689	rgb(225, 85, 87)	1.9938	2,2
ONECUT2	LDHAL6A	0.80491	50.69	0.692	rgb(225, 85, 86)	1.9938	None
ONECUT2	TAGLN3	-0.80491	50.69	-6.9E-01	rgb( 66,125,243)	1.9938	None
PBX1	RPS3	-0.80491	50.69	-6.9E-01	rgb( 68,126,243)	1.9938	None
PDX1	FOXA2	-0.80491	50.69	-6.9E-01	rgb( 66,125,243)	1.9938	None
PDX1	HOPX	-0.80491	50.69	-6.9E-01	rgb( 67,126,243)	1.9938	None
PRDM16	CTNND1	0.80491	50.69	0.694	rgb(225, 84, 86)	1.9938	None
PROX1	AK026379	0.80491	50.69	0.694	rgb(225, 84, 86)	1.9938	2,2
RFX6	CELF3	0.80491	50.69	0.693	rgb(225, 85, 86)	1.9938	None
SPIB	AGT	0.80491	50.69	0.69	rgb(225, 85, 87)	1.9938	None
TGIF2	HSPA12A	0.80491	50.69	0.693	rgb(225, 85, 86)	1.9938	None
ZNF492	CDHR3	0.80491	50.69	0.694	rgb(225, 84, 86)	1.9938	None
ARX	JX088243	0.7987	50.74	0.736	rgb(225, 77, 78)	1.9948	2,2
ASCL1	ABLIM2	0.7987	50.74	0.738	rgb(225, 76, 77)	1.9948	None
ATOH8	LOC400891	0.7987	50.74	0.742	rgb(225, 75, 77)	1.9948	2,2
ELF4	TMEM70	0.7987	50.74	0.74	rgb(225, 76, 77)	1.9948	None
ETS1	MYBPC2	-0.7987	50.74	-7.4E-01	rgb( 57,119,245)	1.9948	None
GRHL3	FAM105A	0.7987	50.74	0.74	rgb(225, 76, 77)	1.9948	2,2
LHX1	SPC25	-0.7987	50.74	-7.4E-01	rgb( 56,119,245)	1.9948	None
LMX1B	HSF2	-0.7987	50.74	-7.4E-01	rgb( 56,119,245)	1.9948	None
MAFA	CALY	0.7987	50.74	0.745	rgb(225, 75, 76)	1.9948	None
MAFA	OGFRL1	0.7987	50.74	0.739	rgb(225, 76, 77)	1.9948	None
MAFB	BEND5	0.7987	50.74	0.735	rgb(225, 77, 78)	1.9948	None
MAFF	LOC100272216	-0.7987	50.74	-7.4E-01	rgb( 56,119,245)	1.9948	2,2
MYT1	ARX	0.7987	50.74	0.741	rgb(225, 75, 77)	1.9948	2,2
NEUROD2	CFC1	0.7987	50.74	0.736	rgb(225, 76, 78)	1.9948	None
NEUROD2	MMP2	0.7987	50.74	0.744	rgb(225, 75, 76)	1.9948	None
NEUROD2	ST18	0.7987	50.74	0.741	rgb(225, 75, 77)	1.9948	None
NEUROG3	HOPX	0.7987	50.74	0.736	rgb(225, 77, 78)	1.9948	None
NEUROG3	PPP1R3C	0.7987	50.74	0.736	rgb(225, 76, 78)	1.9948	None
NR4A2	AX746771	-0.7987	50.74	-7.4E-01	rgb( 57,119,245)	1.9948	2,2
NR4A2	CD52	0.7987	50.74	0.744	rgb(225, 75, 76)	1.9948	None
NR4A2	CRLF1	0.7987	50.74	0.738	rgb(225, 76, 78)	1.9948	None
NR4A2	CXCR7	0.7987	50.74	0.739	rgb(225, 76, 77)	1.9948	2,2
NR4A2	GADD45A	0.7987	50.74	0.739	rgb(225, 76, 77)	1.9948	None
NR4A2	GPR137C	0.7987	50.74	0.736	rgb(225, 76, 78)	1.9948	None
NR4A2	RAB26	0.7987	50.74	0.744	rgb(225, 75, 76)	1.9948	None
ONECUT1	AX746617	0.7987	50.74	0.74	rgb(225, 76, 77)	1.9948	2,2
ONECUT2	ID1	-0.7987	50.74	-7.4E-01	rgb( 57,120,245)	1.9948	None
PAX6	PCYT1B	-0.7987	50.74	-7.4E-01	rgb( 56,119,245)	1.9948	None
PBX1	GATA6	-0.7987	50.74	-7.4E-01	rgb( 56,119,245)	1.9948	None
PRDM16	ATP13A4	0.7987	50.74	0.743	rgb(225, 75, 77)	1.9948	None
RFX6	JPH4	0.7987	50.74	0.737	rgb(225, 76, 78)	1.9948	None
RFX6	LY6H	0.7987	50.74	0.735	rgb(225, 77, 78)	1.9948	None
RORC	DPEP1	0.7987	50.74	0.742	rgb(225, 75, 77)	1.9948	None
SIM1	CRISPLD1	0.7987	50.74	0.744	rgb(225, 75, 76)	1.9948	2,2
SMAD9	ETS1	0.7987	50.74	0.741	rgb(225, 76, 77)	1.9948	None
SOX4	BGN	-0.7987	50.74	-7.4E-01	rgb( 55,119,245)	1.9948	None
TEAD1	ATOH8	-0.7987	50.74	-7.4E-01	rgb( 57,120,245)	1.9948	None
TEAD1	CHRNA5	-0.7987	50.74	-7.4E-01	rgb( 57,120,245)	1.9948	None
TEAD1	HDAC7	0.7987	50.74	0.8	rgb(226, 64, 66)	1.9948	None
TEAD1	SH3RF3	-0.7987	50.74	-7.4E-01	rgb( 56,119,245)	1.9948	None
ZFHX2	FRMPD4	-0.7987	50.74	-7.4E-01	rgb( 57,120,245)	1.9948	None
ZFHX2	ZDHHC8P1	-0.7987	50.74	-7.4E-01	rgb( 57,120,245)	1.9948	None
ZNF117	BMS1P1	0.7987	50.74	0.736	rgb(225, 76, 78)	1.9948	2,2
ZNF382	CDH5	0.7987	50.74	0.744	rgb(225, 75, 76)	1.9948	None
ZNF382	GNAO1	-0.7987	50.74	-7.4E-01	rgb( 56,119,245)	1.9948	None
ASCL2	TP73	0.7936	50.68	0.676	rgb(224, 88, 89)	1.9936	None
EGR3	TMEM158	0.7936	50.68	0.679	rgb(224, 87, 89)	1.9936	None
EGR3	ZFP2	0.7936	50.68	0.677	rgb(224, 88, 89)	1.9936	None
ETV1	GRASP	-0.7936	50.68	-6.8E-01	rgb( 69,127,243)	1.9936	None
ETV1	TMOD2	0.7936	50.68	0.68	rgb(224, 87, 88)	1.9936	None
FOXA1	RRAGD	0.7936	50.68	0.679	rgb(224, 87, 89)	1.9936	None
FOXP2	STK33	0.7936	50.68	0.677	rgb(224, 88, 89)	1.9936	None
GATA4	SCN3B	0.7936	50.68	0.684	rgb(225, 86, 88)	1.9936	None
HIF1A	MAML3	0.7936	50.68	0.675	rgb(224, 88, 89)	1.9936	None
HOXB9	SLC6A16	-0.7936	50.68	-6.8E-01	rgb( 69,127,243)	1.9936	None
HSF2	LRRC10B	-0.7936	50.68	-6.8E-01	rgb( 70,128,243)	1.9936	None
ISL1	PCSK1	0.7936	50.68	0.685	rgb(225, 86, 88)	1.9936	None
LHX1	C2CD4A	0.7936	50.68	0.682	rgb(225, 87, 88)	1.9936	None
NEUROD2	SH3RF3	0.7936	50.68	0.684	rgb(225, 86, 88)	1.9936	None
NFAT5	CR627206	0.7936	50.68	0.677	rgb(224, 88, 89)	1.9936	2,2
NKX6-1	SYCP2	-0.7936	50.68	-6.8E-01	rgb( 69,127,243)	1.9936	None
NR4A3	ADCY5	0.7936	50.68	0.681	rgb(224, 87, 88)	1.9936	None
ONECUT1	KIRREL3	0.7936	50.68	0.733	rgb(225, 77, 78)	1.9936	None
ONECUT3	MUC16	0.7936	50.68	0.676	rgb(224, 88, 89)	1.9936	None
PDX1	PTPRN2	0.7936	50.68	0.677	rgb(224, 88, 89)	1.9936	None
PDX1	TUBB2B	0.7936	50.68	0.683	rgb(225, 86, 88)	1.9936	None
RFX2	HSF2	-0.7936	50.68	-6.8E-01	rgb( 69,127,243)	1.9936	None
RFX3	MAML3	0.7936	50.68	0.676	rgb(224, 88, 89)	1.9936	None
SOX4	LZTS1	0.7936	50.68	0.678	rgb(224, 88, 89)	1.9936	None
SOX4	NALCN	-0.7936	50.68	-6.8E-01	rgb( 69,127,243)	1.9936	None
SOX4	VASH2	0.7936	50.68	0.676	rgb(224, 88, 89)	1.9936	None
SPIB	AK022997	0.7936	50.68	0.68	rgb(224, 87, 89)	1.9936	2,2
SPIB	CPE	0.7936	50.68	0.682	rgb(224, 87, 88)	1.9936	None
SPIB	MTSS1	0.7936	50.68	0.676	rgb(224, 88, 89)	1.9936	None
SPIB	SPDYE7P	0.7936	50.68	0.683	rgb(225, 87, 88)	1.9936	None
TEAD2	PRDM16	-0.7936	50.68	-6.8E-01	rgb( 69,127,243)	1.9936	None
TFCP2L1	LRFN1	-0.7936	50.68	-6.8E-01	rgb( 70,127,243)	1.9936	None
TFCP2L1	QSOX2	0.7936	50.68	0.678	rgb(224, 87, 89)	1.9936	None
TGIF2	TFPI2	0.7936	50.68	0.682	rgb(224, 87, 88)	1.9936	None
ZNF519	FAM227A	0.7936	50.68	0.681	rgb(224, 87, 88)	1.9936	None
ZNF846	AX746640	0.7936	50.68	0.681	rgb(224, 87, 88)	1.9936	2,2
ZNF846	LINC00923	0.7936	50.68	0.68	rgb(224, 87, 89)	1.9936	2,2
ASCL1	LSP1	0.7878	50.73	0.726	rgb(225, 78, 80)	1.9946	None
ELF4	C7	-0.7878	50.73	-7.3E-01	rgb( 58,121,245)	1.9946	None
ELF4	KIF5A	-0.7878	50.73	-7.3E-01	rgb( 59,121,245)	1.9946	None
ELF4	MAFA	0.7878	50.73	0.728	rgb(225, 78, 79)	1.9946	None
GATA2	SLC7A14	0.7878	50.73	0.732	rgb(225, 77, 79)	1.9946	None
GLIS2	KANK2	0.7878	50.73	0.735	rgb(225, 77, 78)	1.9946	None
GRHL3	NEURL	0.7878	50.73	0.727	rgb(225, 78, 80)	1.9946	2,2
HSF2	ATF6	0.7878	50.73	0.778	rgb(226, 68, 70)	1.9946	None
ISL1	PCED1B-AS1	0.7878	50.73	0.727	rgb(225, 78, 80)	1.9946	None
LHX1	GAD2	-0.7878	50.73	-7.3E-01	rgb( 59,121,245)	1.9946	None
MAFB	ATF6	-0.7878	50.73	-7.3E-01	rgb( 58,120,245)	1.9946	None
MAFB	CCND2	-0.7878	50.73	-7.3E-01	rgb( 58,120,245)	1.9946	None
MAFB	RUNDC3A	0.7878	50.73	0.733	rgb(225, 77, 78)	1.9946	None
MAFF	AK310876	-0.7878	50.73	-7.3E-01	rgb( 60,121,245)	1.9946	2,2
MYT1	BC033961	0.7878	50.73	0.734	rgb(225, 77, 78)	1.9946	2,2
NEUROG3	AK5	0.7878	50.73	0.731	rgb(225, 77, 79)	1.9946	None
NEUROG3	NINJ1	0.7878	50.73	0.732	rgb(225, 77, 79)	1.9946	None
NEUROG3	NOTUM	0.7878	50.73	0.733	rgb(225, 77, 78)	1.9946	None
NR4A2	HECW2	0.7878	50.73	0.729	rgb(225, 78, 79)	1.9946	None
NR4A2	LAPTM5	0.7878	50.73	0.729	rgb(225, 78, 79)	1.9946	None
NR4A2	LOC100129175	0.7878	50.73	0.733	rgb(225, 77, 78)	1.9946	2,2
NR4A2	MRPL34	0.7878	50.73	0.73	rgb(225, 78, 79)	1.9946	None
NR4A2	NRXN2	0.7878	50.73	0.73	rgb(225, 78, 79)	1.9946	None
PAX6	GNG2	-0.7878	50.73	-7.3E-01	rgb( 59,121,245)	1.9946	None
RFX3	KCTD12	0.7878	50.73	0.731	rgb(225, 77, 79)	1.9946	None
RFX6	MAP3K12	0.7878	50.73	0.727	rgb(225, 78, 80)	1.9946	None
RFX6	SNED1	0.7878	50.73	0.73	rgb(225, 78, 79)	1.9946	None
RORC	ACBD7	-0.7878	50.73	-7.3E-01	rgb( 58,120,245)	1.9946	None
SIM1	AK096718	0.7878	50.73	0.726	rgb(225, 78, 80)	1.9946	2,2
SIM1	SYT4	0.7878	50.73	0.73	rgb(225, 78, 79)	1.9946	2,2
SMAD9	ONECUT3	0.7878	50.73	0.729	rgb(225, 78, 79)	1.9946	None
SPIB	NKD1	-0.7878	50.73	-7.3E-01	rgb( 59,121,245)	1.9946	None
SPIB	PGA4	0.7878	50.73	0.726	rgb(225, 78, 80)	1.9946	None
TEAD1	BRSK2	-0.7878	50.73	-7.3E-01	rgb( 59,121,245)	1.9946	None
TEAD1	LIN7A	-0.7878	50.73	-7.3E-01	rgb( 58,120,245)	1.9946	None
TEAD1	RNF157	-0.7878	50.73	-7.3E-01	rgb( 59,121,245)	1.9946	None
TFCP2L1	NPTXR	0.7878	50.73	0.73	rgb(225, 78, 79)	1.9946	None
ZFHX2	KCNJ3	-0.7878	50.73	-7.3E-01	rgb( 59,121,245)	1.9946	None
ZFHX2	RGS11	-0.7878	50.73	-7.3E-01	rgb( 58,121,245)	1.9946	None
ZNF382	ATP1A3	-0.7878	50.73	-7.3E-01	rgb( 60,121,245)	1.9946	None
ZNF846	APLP1	-0.7878	50.73	-7.3E-01	rgb( 58,120,245)	1.9946	None
ZNF846	SYT14	0.7878	50.73	0.731	rgb(225, 77, 79)	1.9946	None
ARX	CACNA1C	0.78284	50.67	0.668	rgb(224, 89, 91)	1.9934	None
ELF4	MUC15	-0.78284	50.67	-6.7E-01	rgb( 71,128,243)	1.9934	None
ELF4	VWCE	-0.78284	50.67	-6.7E-01	rgb( 71,128,243)	1.9934	None
FEV	MMD2	0.78284	50.67	0.666	rgb(224, 90, 91)	1.9934	None
FEV	SCGN	0.78284	50.67	0.665	rgb(224, 90, 91)	1.9934	None
FOXA1	MYBPC3	0.78284	50.67	0.675	rgb(224, 88, 89)	1.9934	None
FOXA1	PRELP	-0.78284	50.67	-6.7E-01	rgb( 72,129,242)	1.9934	None
FOXP2	FAM105A	0.78284	50.67	0.671	rgb(224, 89, 90)	1.9934	2,2
GATA4	CBX4	0.78284	50.67	0.669	rgb(224, 89, 91)	1.9934	None
GATA6	PDE2A	-0.78284	50.67	-6.7E-01	rgb( 71,128,243)	1.9934	None
LMX1A	LINC00890	0.78284	50.67	0.666	rgb(224, 90, 91)	1.9934	2,2
LMX1A	NEFL	0.78284	50.67	0.671	rgb(224, 89, 90)	1.9934	None
LMX1B	ALAS2	0.78284	50.67	0.673	rgb(224, 88, 90)	1.9934	None
MAFA	MRPL34	0.78284	50.67	0.667	rgb(224, 90, 91)	1.9934	None
MAFB	SCGB1A1	0.78284	50.67	0.667	rgb(224, 90, 91)	1.9934	None
NFAT5	AK055017	0.78284	50.67	0.671	rgb(224, 89, 90)	1.9934	2,2
NFAT5	AX746823	0.78284	50.67	0.667	rgb(224, 90, 91)	1.9934	2,2
NHLH1	SSTR1	0.78284	50.67	0.665	rgb(224, 90, 91)	1.9934	None
NR4A2	CEND1	-0.78284	50.67	-6.7E-01	rgb( 72,129,242)	1.9934	None
RFX3	TMEM190	-0.78284	50.67	-6.7E-01	rgb( 72,129,242)	1.9934	None
SMAD9	RFX6	0.78284	50.67	0.671	rgb(224, 89, 90)	1.9934	None
SOX4	GFRA1	0.78284	50.67	0.673	rgb(224, 88, 90)	1.9934	None
SOX4	HNRPF	-0.78284	50.67	-6.7E-01	rgb( 71,128,242)	1.9934	2,2
SOX4	TMEM70	0.78284	50.67	0.672	rgb(224, 89, 90)	1.9934	None
SPIB	CACNA1A	0.78284	50.67	0.669	rgb(224, 89, 91)	1.9934	None
TEAD1	ETV1	0.78284	50.67	0.67	rgb(224, 89, 90)	1.9934	None
TFCP2L1	ATP8B2	-0.78284	50.67	-6.7E-01	rgb( 72,129,242)	1.9934	None
TFCP2L1	UCHL1	-0.78284	50.67	-6.7E-01	rgb( 71,128,243)	1.9934	2,2
TGIF2	TMOD2	0.78284	50.67	0.671	rgb(224, 89, 90)	1.9934	None
ZFHX2	AKT3	-0.78284	50.71	-7.1E-01	rgb( 63,123,244)	1.9942	None
ZFP28	ONECUT2	0.78284	50.67	0.673	rgb(224, 89, 90)	1.9934	None
ZFP82	PRICKLE2	0.78284	50.67	0.675	rgb(224, 88, 90)	1.9934	None
ZNF519	AX747158	0.78284	50.67	0.673	rgb(224, 88, 90)	1.9934	2,2
ZNF519	FAM161A	0.78284	50.67	0.667	rgb(224, 90, 91)	1.9934	None
ZNF846	FW340055	0.78284	50.67	0.667	rgb(224, 90, 91)	1.9934	2,2
ZNF846	GOLGA6L9	0.78284	50.67	0.674	rgb(224, 88, 90)	1.9934	2,2
ELF4	DNAH11	-0.7769	50.72	-7.2E-01	rgb( 61,122,244)	1.9944	None
ELF4	FAM227A	-0.7769	50.72	-7.2E-01	rgb( 60,122,244)	1.9944	None
ELF4	MAFB	-0.7769	50.72	-7.2E-01	rgb( 60,122,244)	1.9944	None
ELF4	OGFRL1	-0.7769	50.72	-7.2E-01	rgb( 60,122,244)	1.9944	None
FEV	KNDC1	-0.7769	50.72	-7.2E-01	rgb( 62,123,244)	1.9944	None
GATA4	ALAS2	0.7769	50.72	0.721	rgb(225, 79, 81)	1.9944	None
GATA4	KIF5A	0.7769	50.72	0.725	rgb(225, 79, 80)	1.9944	None
HEYL	AK054970	-0.7769	50.72	-7.2E-01	rgb( 60,122,244)	1.9944	2,2
HSF2	AMPH	-0.7769	50.72	-7.2E-01	rgb( 61,122,244)	1.9944	None
HSF2	GDF1	-0.7769	50.72	-7.2E-01	rgb( 61,122,244)	1.9944	None
LMX1A	FAM135B	-0.7769	50.72	-7.2E-01	rgb( 62,123,244)	1.9944	None
LMX1B	LMO3	0.7769	50.72	0.725	rgb(225, 79, 80)	1.9944	None
MAFA	ADAMTSL1	0.7769	50.72	0.725	rgb(225, 79, 80)	1.9944	None
MAFA	GPR112	0.7769	50.72	0.721	rgb(225, 79, 81)	1.9944	2,2
NEUROD1	SGCD	0.7769	50.72	0.724	rgb(225, 79, 80)	1.9944	None
NEUROG3	CPLX1	0.7769	50.72	0.719	rgb(225, 80, 81)	1.9944	None
NEUROG3	NOXO1	0.7769	50.72	0.716	rgb(225, 80, 82)	1.9944	None
NKX2-2	RPS6KL1	-0.7769	50.72	-7.2E-01	rgb( 61,122,244)	1.9944	None
NR4A2	CHST8	-0.7769	50.72	-7.2E-01	rgb( 61,122,244)	1.9944	None
ONECUT3	IPO11-LRRC70	-0.7769	50.72	-7.2E-01	rgb( 62,122,244)	1.9944	2,2
PDX1	PCYT1B	-0.7769	50.72	-7.2E-01	rgb( 60,122,244)	1.9944	None
PRDM16	EMB	-0.7769	50.72	-7.2E-01	rgb( 60,121,244)	1.9944	None
RFX6	SFRP1	0.7769	50.72	0.72	rgb(225, 79, 81)	1.9944	None
RORC	KIF19	-0.7769	50.72	-7.2E-01	rgb( 61,122,244)	1.9944	None
SIM1	FBN1	0.7769	50.72	0.716	rgb(225, 80, 82)	1.9944	2,2
SIM1	XAF1	0.7769	50.72	0.718	rgb(225, 80, 81)	1.9944	2,2
SOX4	MAFB	-0.7769	50.72	-7.2E-01	rgb( 60,121,245)	1.9944	None
SPIB	CDKN1A	0.7769	50.72	0.723	rgb(225, 79, 80)	1.9944	None
TEAD1	ADCY2	-0.7769	50.72	-7.2E-01	rgb( 62,123,244)	1.9944	None
TEAD1	GPR162	-0.7769	50.72	-7.2E-01	rgb( 61,122,244)	1.9944	None
TEAD1	MPP1	-0.7769	50.72	-7.2E-01	rgb( 61,122,244)	1.9944	None
TEAD1	ONECUT3	0.7769	50.72	0.921	rgb(227, 41, 43)	1.9944	None
TEAD1	RGS5	-0.7769	50.72	-7.2E-01	rgb( 60,121,245)	1.9944	None
TFCP2L1	BGN	0.7769	50.72	0.717	rgb(225, 80, 82)	1.9944	None
TFCP2L1	FOXA2	0.7769	50.72	0.718	rgb(225, 80, 81)	1.9944	None
TFCP2L1	PPP1R1A	0.7769	50.72	0.725	rgb(225, 79, 80)	1.9944	None
TFCP2L1	SH3RF3-AS1	0.7769	50.72	0.722	rgb(225, 79, 80)	1.9944	None
TFCP2L1	UNC13A	0.7769	50.72	0.721	rgb(225, 79, 81)	1.9944	None
ZFHX2	ISL1	-0.7769	50.72	-7.2E-01	rgb( 60,122,244)	1.9944	None
ZFHX2	SERPINA10	-0.7769	50.72	-7.2E-01	rgb( 61,122,244)	1.9944	None
ZFP28	SERPINA10	-0.7769	50.72	-7.2E-01	rgb( 61,122,244)	1.9944	None
ZNF117	BMS1P6	0.7769	50.72	0.716	rgb(225, 80, 82)	1.9944	2,2
ZNF117	LINC00202-1	0.7769	50.72	0.718	rgb(225, 80, 81)	1.9944	2,2
ARX	DOK6	0.77359	50.66	0.662	rgb(224, 91, 92)	1.9932	None
ATF6	ITGA7	-0.77359	50.66	-6.6E-01	rgb( 75,130,242)	1.9932	None
ATOH8	BAI1	0.77359	50.66	0.658	rgb(224, 91, 93)	1.9932	2,2
EGR3	FAM13A-AS1	-0.77359	50.66	-6.6E-01	rgb( 74,130,242)	1.9932	None
EGR3	GPR137C	-0.77359	50.68	-6.8E-01	rgb( 68,127,243)	1.9936	None
ETV1	CERKL	0.77359	50.66	0.659	rgb(224, 91, 92)	1.9932	None
ETV1	RFX6	0.77359	50.66	0.656	rgb(224, 92, 93)	1.9932	None
FEV	FGF14	0.77359	50.66	0.659	rgb(224, 91, 93)	1.9932	None
GATA4	CLGN	0.77359	50.66	0.663	rgb(224, 90, 92)	1.9932	None
MAFA	IFI6	0.77359	50.66	0.665	rgb(224, 90, 91)	1.9932	None
MAFF	HSPA12A	-0.77359	50.66	-6.6E-01	rgb( 75,130,242)	1.9932	None
NR4A3	KIAA1324	0.77359	50.66	0.662	rgb(224, 91, 92)	1.9932	None
ONECUT2	CR627394	0.77359	50.66	0.655	rgb(224, 92, 93)	1.9932	2,2
PAX4	LSP1	0.77359	50.66	0.664	rgb(224, 90, 91)	1.9932	None
PDX1	NAT8L	0.77359	50.66	0.661	rgb(224, 91, 92)	1.9932	2,2
POU2F2	FAM13A-AS1	0.77359	50.66	0.658	rgb(224, 91, 93)	1.9932	None
POU2F2	TRIM24	-0.77359	50.66	-6.6E-01	rgb( 74,130,242)	1.9932	None
RFX6	INSM1	0.77359	50.66	0.663	rgb(224, 90, 92)	1.9932	None
SOX4	SERPINI1	0.77359	50.66	0.66	rgb(224, 91, 92)	1.9932	None
SPIB	DOCK8	0.77359	50.66	0.663	rgb(224, 90, 92)	1.9932	None
TGIF2	BCRP3	-0.77359	50.66	-6.6E-01	rgb( 74,130,242)	1.9932	None
TGIF2	TSPAN11	0.77359	50.66	0.66	rgb(224, 91, 92)	1.9932	None
ZNF492	H2AFB3	0.77359	50.66	0.665	rgb(224, 90, 91)	1.9932	2,2
ZNF846	MAD2L2	-0.77359	50.66	-6.6E-01	rgb( 74,130,242)	1.9932	None
ARX	ATF7IP	0.76738	50.71	0.712	rgb(225, 81, 82)	1.9942	None
ARX	PBX1	0.76738	50.71	0.713	rgb(225, 81, 82)	1.9942	None
EGR3	AADAT	-0.76738	50.71	-7.1E-01	rgb( 64,124,244)	1.9942	None
EGR3	MAFB	-0.76738	50.71	-7.1E-01	rgb( 62,123,244)	1.9942	None
EGR3	TTR	-0.76738	50.71	-7.1E-01	rgb( 64,124,244)	1.9942	None
ELF4	MLLT11	-0.76738	50.71	-7.1E-01	rgb( 64,124,244)	1.9942	None
ELF4	SLC38A5	0.76738	50.71	0.706	rgb(225, 82, 84)	1.9942	None
FOXA2	SLC7A2	0.76738	50.71	0.71	rgb(225, 81, 83)	1.9942	None
GATA4	KCNH8	0.76738	50.71	0.713	rgb(225, 81, 82)	1.9942	None
GATA6	MXI1	0.76738	50.71	0.709	rgb(225, 82, 83)	1.9942	None
HIC1	AX747114	-0.76738	50.71	-7.1E-01	rgb( 62,123,244)	1.9942	2,2
HSF2	SLC35F3	-0.76738	50.71	-7.1E-01	rgb( 64,124,244)	1.9942	None
LHX1	LAPTM5	-0.76738	50.71	-7.1E-01	rgb( 64,124,244)	1.9942	None
LMX1A	MAPK7	-0.76738	50.71	-7.1E-01	rgb( 62,123,244)	1.9942	None
LMX1B	PPM1E	0.76738	50.71	0.713	rgb(225, 81, 82)	1.9942	None
MAFA	CHD5	0.76738	50.71	0.714	rgb(225, 81, 82)	1.9942	None
MAFA	GFRA3	0.76738	50.71	0.707	rgb(225, 82, 83)	1.9942	None
MAFB	NFRKB	0.76738	50.71	0.715	rgb(225, 81, 82)	1.9942	None
MAFF	AK056081	-0.76738	50.71	-7.1E-01	rgb( 62,123,244)	1.9942	2,2
MAFF	ITPR1	-0.76738	50.71	-7.8E-01	rgb( 48,114,247)	1.9942	None
MAFF	LRRN2	-0.76738	50.71	-7.1E-01	rgb( 63,123,244)	1.9942	None
NEUROD1	TTLL7	0.76738	50.71	0.706	rgb(225, 82, 84)	1.9942	None
NEUROG3	NKAIN1	0.76738	50.71	0.709	rgb(225, 82, 83)	1.9942	None
NEUROG3	SFRP1	0.76738	50.71	0.713	rgb(225, 81, 82)	1.9942	None
NHLH1	SERTAD1	0.76738	50.71	0.711	rgb(225, 81, 83)	1.9942	None
ONECUT1	AK056486	0.76738	50.71	0.712	rgb(225, 81, 82)	1.9942	2,2
PAX6	ZNF853	-0.76738	50.71	-7.1E-01	rgb( 62,123,244)	1.9942	None
PBX1	TMEM151A	-0.76738	50.71	-7.5E-01	rgb( 54,118,245)	1.9942	None
POU2F2	ACTL6B	-0.76738	50.71	-7.1E-01	rgb( 63,124,244)	1.9942	None
RFX6	BASP1	0.76738	50.71	0.709	rgb(225, 82, 83)	1.9942	None
RFX6	IGSF10	0.76738	50.71	0.712	rgb(225, 81, 82)	1.9942	None
RFX6	TSPAN11	0.76738	50.71	0.713	rgb(225, 81, 82)	1.9942	None
SIM1	KIF5C	0.76738	50.71	0.715	rgb(225, 80, 82)	1.9942	2,2
SMAD9	KCNH8	0.76738	50.71	0.705	rgb(225, 82, 84)	1.9942	None
TEAD1	CXCR7	-0.76738	50.71	-7.1E-01	rgb( 62,123,244)	1.9942	2,2
TEAD2	GLIS2	0.76738	50.71	0.715	rgb(225, 80, 82)	1.9942	None
TFCP2L1	MAD2L2	0.76738	50.71	0.713	rgb(225, 81, 82)	1.9942	None
TGIF2	CALCOCO1	0.76738	50.71	0.709	rgb(225, 82, 83)	1.9942	None
ZFHX2	CFC1	-0.76738	50.71	-7.1E-01	rgb( 64,124,244)	1.9942	None
ZFHX2	KCNMA1	-0.76738	50.71	-7.1E-01	rgb( 63,123,244)	1.9942	None
ZNF382	DCHS1	-0.76738	50.71	-7.1E-01	rgb( 62,123,244)	1.9942	None
ZNF382	KCNN3	-0.76738	50.71	-7.1E-01	rgb( 62,123,244)	1.9942	None
ZNF492	CITED2	-0.76738	50.71	-7.1E-01	rgb( 63,124,244)	1.9942	None
ZNF492	MX2	-0.76738	50.71	-7.1E-01	rgb( 63,123,244)	1.9942	None
ZNF846	JAZF1	-0.76738	50.71	-7.1E-01	rgb( 63,123,244)	1.9942	None
ARX	SEZ6	0.76118	50.65	0.654	rgb(224, 92, 93)	1.993	None
ARX	SSTR5-AS1	0.76118	50.65	0.646	rgb(224, 94, 95)	1.993	None
ASCL1	KCNK17	0.76118	50.65	0.651	rgb(224, 93, 94)	1.993	None
ASCL2	MANEAL	0.76118	50.65	0.651	rgb(224, 93, 94)	1.993	None
ASCL2	PTGDR2	0.76118	50.65	0.653	rgb(224, 92, 94)	1.993	None
ETS1	MTUS2	-0.76118	50.65	-6.5E-01	rgb( 75,131,242)	1.993	None
ETV1	TMEM145	0.76118	50.65	0.655	rgb(224, 92, 93)	1.993	None
FEV	CERS1	0.76118	50.65	0.648	rgb(224, 93, 95)	1.993	None
FEV	NOL4	0.76118	50.65	0.648	rgb(224, 93, 95)	1.993	None
FOXA1	GRHL3	0.76118	50.65	0.65	rgb(224, 93, 94)	1.993	None
FOXA1	KCNE4	-0.76118	50.65	-6.5E-01	rgb( 76,132,242)	1.993	None
FOXA1	RORC	-0.76118	50.65	-6.5E-01	rgb( 76,131,242)	1.993	None
GATA2	ABCC8	0.76118	50.65	0.649	rgb(224, 93, 94)	1.993	None
GATA2	CACNA1C	0.76118	50.65	0.645	rgb(224, 94, 95)	1.993	None
GATA2	PAK7	0.76118	50.65	0.65	rgb(224, 93, 94)	1.993	2,2
HIF1A	EIF4EBP3	-0.76118	50.65	-6.5E-01	rgb( 77,132,242)	1.993	None
HOXB9	LOC286297	-0.76118	50.65	-6.5E-01	rgb( 76,131,242)	1.993	2,2
LHX1	ANKRD18A	0.76118	50.65	0.648	rgb(224, 93, 94)	1.993	None
LHX1	TOX3	-0.76118	50.65	-6.5E-01	rgb( 75,131,242)	1.993	None
LMX1A	PCSK2	-0.76118	50.66	-6.6E-01	rgb( 74,130,242)	1.9932	None
LMX1B	CD200	0.76118	50.65	0.654	rgb(224, 92, 93)	1.993	None
LMX1B	CXXC4	0.76118	50.65	0.649	rgb(224, 93, 94)	1.993	None
MAFA	TP73	0.76118	50.65	0.653	rgb(224, 92, 94)	1.993	None
MYT1	PTCHD2	0.76118	50.65	0.654	rgb(224, 92, 93)	1.993	2,2
NR4A2	EML1	-0.76118	50.65	-6.5E-01	rgb( 76,131,242)	1.993	None
NR4A2	LMO3	0.76118	50.65	0.654	rgb(224, 92, 93)	1.993	None
ONECUT1	AK094786	0.76118	50.65	0.646	rgb(224, 94, 95)	1.993	2,2
ONECUT2	UBBP4	-0.76118	50.65	-6.5E-01	rgb( 76,131,242)	1.993	2,2
ONECUT3	LAMP5	0.76118	50.65	0.651	rgb(224, 93, 94)	1.993	None
PAX6	QDPR	0.76118	50.65	0.646	rgb(224, 94, 95)	1.993	None
PDX1	PDGFD	0.76118	50.65	0.651	rgb(224, 93, 94)	1.993	None
RFX2	CELF4	-0.76118	50.65	-6.5E-01	rgb( 75,131,242)	1.993	None
RFX2	FABP5	-0.76118	50.65	-6.5E-01	rgb( 76,131,242)	1.993	None
RORC	AEBP1	0.76118	50.65	0.647	rgb(224, 93, 95)	1.993	None
SOX4	SPIB	0.76118	50.65	0.653	rgb(224, 92, 94)	1.993	None
TEAD1	DKK3	0.76118	50.65	0.651	rgb(224, 93, 94)	1.993	None
TEAD2	YPEL1	0.76118	50.65	0.654	rgb(224, 92, 93)	1.993	None
TFCP2L1	COL22A1	0.76118	50.65	0.65	rgb(224, 93, 94)	1.993	None
TFCP2L1	METTL21EP	0.76118	50.65	0.651	rgb(224, 93, 94)	1.993	None
TFCP2L1	PHLDA2	-0.76118	50.65	-6.5E-01	rgb( 77,132,242)	1.993	None
TP73	RAB26	0.76118	50.65	0.645	rgb(224, 94, 95)	1.993	None
ZFHX2	COL22A1	0.76118	50.65	0.655	rgb(224, 92, 93)	1.993	None
ZNF846	AK125960	0.76118	50.65	0.646	rgb(224, 94, 95)	1.993	2,2
ZNF846	BC010924	0.76118	50.65	0.65	rgb(224, 93, 94)	1.993	2,2
ZNF846	SNED1	0.76118	50.65	0.648	rgb(224, 93, 95)	1.993	None
AEBP1	CHL1	0.74986	50.7	0.695	rgb(225, 84, 86)	1.994	2,2
ARX	MUC15	-0.74986	50.7	-7.0E-01	rgb( 65,124,244)	1.994	None
ARX	TMEFF2	0.74986	50.7	0.744	rgb(225, 75, 76)	1.994	None
ASCL1	KCNJ6	0.74986	50.64	0.645	rgb(224, 94, 95)	1.9928	None
ASCL2	RYBP	-0.74986	50.64	-6.4E-01	rgb( 78,133,241)	1.9928	None
ATF6	PYY	0.74986	50.7	0.704	rgb(225, 83, 84)	1.994	None
EGR3	ABCC4	0.74986	50.64	0.64	rgb(224, 95, 96)	1.9928	None
EGR3	NREP	0.74986	50.64	0.641	rgb(224, 95, 96)	1.9928	None
ELF4	CCL19	-0.74986	50.7	-7.0E-01	rgb( 65,124,244)	1.994	None
ELF4	MYBPC3	-0.74986	50.7	-7.0E-01	rgb( 64,124,244)	1.994	None
ELF4	RUNDC3A	-0.74986	50.7	-7.0E-01	rgb( 64,124,244)	1.994	None
ETV1	BMS1P1	-0.74986	50.7	-7.0E-01	rgb( 64,124,244)	1.994	2,2
ETV1	SLC8A1	0.74986	50.64	0.639	rgb(224, 95, 96)	1.9928	None
FEV	SPP1	0.74986	50.64	0.637	rgb(224, 95, 97)	1.9928	None
FOXA1	C7	0.74986	50.64	0.636	rgb(224, 95, 97)	1.9928	None
FOXA2	ZFP90	0.74986	50.64	0.641	rgb(224, 95, 96)	1.9928	None
FOXP2	CHRNB2	-0.74986	50.7	-7.0E-01	rgb( 65,125,244)	1.994	None
GATA2	RTN4RL1	0.74986	50.64	0.642	rgb(224, 94, 96)	1.9928	None
GATA6	CTXN1	0.74986	50.64	0.643	rgb(224, 94, 96)	1.9928	None
HEYL	HNRNPU-AS1	-0.74986	50.7	-7.0E-01	rgb( 65,125,244)	1.994	2,2
HHEX	LIN7A	0.74986	50.7	0.702	rgb(225, 83, 84)	1.994	None
HIC1	DZIP1	-0.74986	50.64	-6.4E-01	rgb( 78,132,241)	1.9928	None
HIC1	SAMD5	-0.74986	50.7	-7.0E-01	rgb( 65,125,244)	1.994	None
HOMEZ	LYPD8	-0.74986	50.64	-6.4E-01	rgb( 79,133,241)	1.9928	2,2
HOXB9	TRPC4	0.74986	50.7	0.7	rgb(225, 83, 85)	1.994	None
HSF2	RFX6	-0.74986	50.7	-7.0E-01	rgb( 66,125,243)	1.994	None
ISL1	USP13	0.74986	50.7	0.702	rgb(225, 83, 84)	1.994	None
LHX1	TUBB2B	-0.74986	50.64	-6.4E-01	rgb( 78,132,241)	1.9928	None
LHX1	USH2A	-0.74986	50.7	-7.0E-01	rgb( 66,125,244)	1.994	None
LMX1A	DHRS2	-0.74986	50.7	-7.0E-01	rgb( 66,125,243)	1.994	None
LMX1A	S100A1	-0.74986	50.7	-7.0E-01	rgb( 66,125,243)	1.994	None
LMX1A	SERPINA10	0.74986	50.64	0.638	rgb(224, 95, 96)	1.9928	None
LMX1B	SEPT3	0.74986	50.64	0.643	rgb(224, 94, 96)	1.9928	2,2
MAFA	BCAT1	-0.74986	50.64	-6.4E-01	rgb( 78,133,241)	1.9928	None
MAFF	VOPP1	0.74986	50.7	0.704	rgb(225, 82, 84)	1.994	None
NEUROD1	LRRN2	0.74986	50.7	0.7	rgb(225, 83, 85)	1.994	None
NEUROG3	MDK	0.74986	50.7	0.703	rgb(225, 83, 84)	1.994	None
NEUROG3	VWCE	0.74986	50.7	0.701	rgb(225, 83, 84)	1.994	None
NKX2-2	WNK2	-0.74986	50.7	-7.0E-01	rgb( 65,124,244)	1.994	None
NR4A2	DLL4	0.74986	50.7	0.703	rgb(225, 83, 84)	1.994	None
NR4A2	EIF4EBP3	0.74986	50.64	0.647	rgb(224, 93, 95)	1.9928	None
NR4A2	FOXP2	0.74986	50.7	0.695	rgb(225, 84, 86)	1.994	None
NR4A2	KCNK17	0.74986	50.7	0.697	rgb(225, 84, 85)	1.994	None
NR4A2	NCAM1	-0.74986	50.64	-6.4E-01	rgb( 79,133,241)	1.9928	None
NR4A2	NOL4	0.74986	50.7	0.702	rgb(225, 83, 84)	1.994	None
NR4A2	PGM5	0.74986	50.7	0.696	rgb(225, 84, 85)	1.994	None
NR4A2	SH3RF3	0.74986	50.7	0.704	rgb(225, 83, 84)	1.994	None
NR4A2	SUMO1P3	0.74986	50.64	0.638	rgb(224, 95, 96)	1.9928	2,2
NR4A3	CDHR3	0.74986	50.64	0.641	rgb(224, 95, 96)	1.9928	None
ONECUT1	AK127443	0.74986	50.7	0.697	rgb(225, 84, 85)	1.994	2,2
ONECUT1	C7	0.74986	50.7	0.697	rgb(225, 84, 85)	1.994	None
ONECUT1	UBE2Q2P2	0.74986	50.7	0.697	rgb(225, 84, 85)	1.994	2,2
ONECUT3	DZIP1	0.74986	50.7	0.702	rgb(225, 83, 84)	1.994	None
PAX6	ELL2	-0.74986	50.7	-7.0E-01	rgb( 66,125,243)	1.994	None
PAX6	LINC00907	0.74986	50.64	0.637	rgb(224, 95, 97)	1.9928	2,2
PBX1	ONECUT2	0.74986	50.64	0.639	rgb(224, 95, 96)	1.9928	None
PBX1	RAP1GAP2	0.74986	50.7	0.699	rgb(225, 83, 85)	1.994	None
PDX1	SPP1	0.74986	50.64	0.642	rgb(224, 94, 96)	1.9928	None
PDX1	TP73	-0.74986	50.64	-6.4E-01	rgb( 79,133,241)	1.9928	None
PRDM16	AK094916	0.74986	50.64	0.642	rgb(224, 94, 96)	1.9928	2,2
RFX2	NEFL	-0.74986	50.64	-6.4E-01	rgb( 78,132,241)	1.9928	None
RFX6	APBB1	0.74986	50.7	0.697	rgb(225, 84, 85)	1.994	None
RFX6	CD200	0.74986	50.7	0.704	rgb(225, 83, 84)	1.994	None
RFX6	DGKB	0.74986	50.7	0.703	rgb(225, 83, 84)	1.994	None
RORC	NR4A3	0.74986	50.64	0.644	rgb(224, 94, 95)	1.9928	None
RORC	VWCE	0.74986	50.64	0.638	rgb(224, 95, 96)	1.9928	None
SOX4	DQ592230	-0.74986	50.64	-6.4E-01	rgb( 77,132,241)	1.9928	2,2
SOX4	DSCAML1	0.74986	50.64	0.642	rgb(224, 94, 96)	1.9928	None
SOX4	HEPACAM2	0.74986	50.64	0.64	rgb(224, 95, 96)	1.9928	None
SPIB	MXI1	0.74986	50.7	0.7	rgb(225, 83, 85)	1.994	None
TFCP2L1	LYPD8	-0.74986	50.64	-6.4E-01	rgb( 79,133,241)	1.9928	2,2
TFCP2L1	MUC5B	0.74986	50.64	0.642	rgb(224, 94, 96)	1.9928	None
TFCP2L1	PGA4	-0.74986	50.64	-6.4E-01	rgb( 79,133,241)	1.9928	None
TFCP2L1	RUNDC3A	0.74986	50.7	0.696	rgb(225, 84, 85)	1.994	None
ZFHX2	CELA3B	0.74986	50.7	0.701	rgb(225, 83, 85)	1.994	None
ZFHX2	SPC25	0.74986	50.7	0.697	rgb(225, 84, 85)	1.994	None
ZFP28	CERKL	-0.74986	50.7	-7.0E-01	rgb( 65,125,244)	1.994	None
ZFP82	PTPRN2	0.74986	50.64	0.661	rgb(224, 91, 92)	1.9928	None
ZFP90	OGFRL1	0.74986	50.64	0.644	rgb(224, 94, 95)	1.9928	None
ZNF117	IFNE	0.74986	50.7	0.702	rgb(225, 83, 84)	1.994	2,2
ZNF519	NFAT5	0.74986	50.64	0.644	rgb(224, 94, 95)	1.9928	None
ZNF846	ABCC8	-0.74986	50.7	-7.0E-01	rgb( 64,124,244)	1.994	None
ASCL2	GPR173	0.74572	50.63	0.631	rgb(224, 97, 98)	1.9926	None
EGR3	N4BP2L2-IT2	-0.74572	50.63	-6.3E-01	rgb( 80,134,241)	1.9926	2,2
ELF4	HEYL	-0.74572	50.63	-6.3E-01	rgb( 80,134,241)	1.9926	None
ETV1	BSN	0.74572	50.63	0.628	rgb(224, 97, 98)	1.9926	None
ETV1	RET	0.74572	50.63	0.626	rgb(224, 97, 99)	1.9926	None
ETV1	USP41	0.74572	50.63	0.631	rgb(224, 96, 98)	1.9926	None
FOXA1	SMARCC1	0.74572	50.63	0.633	rgb(224, 96, 97)	1.9926	None
FOXA2	PODXL2	0.74572	50.63	0.633	rgb(224, 96, 97)	1.9926	None
FOXP2	MUC16	0.74572	50.63	0.626	rgb(224, 97, 99)	1.9926	None
GATA2	AGT	0.74572	50.63	0.635	rgb(224, 96, 97)	1.9926	None
HSF2	CADPS	0.74572	50.63	0.635	rgb(224, 96, 97)	1.9926	None
HSF2	CCDC40	0.74572	50.63	0.626	rgb(224, 98, 99)	1.9926	None
LMX1B	COL22A1	0.74572	50.63	0.633	rgb(224, 96, 97)	1.9926	None
MAFA	LINC00643	-0.74572	50.63	-6.3E-01	rgb( 81,134,241)	1.9926	None
MAFA	RAB4B-EGLN2	-0.74572	50.63	-6.3E-01	rgb( 80,134,241)	1.9926	None
NKX6-1	AK096718	0.74572	50.63	0.626	rgb(224, 97, 99)	1.9926	2,2
NR4A2	SNAP25	0.74572	50.63	0.631	rgb(224, 96, 98)	1.9926	None
PAX4	SPINK4	0.74572	50.63	0.629	rgb(224, 97, 98)	1.9926	None
PDX1	SMTNL2	0.74572	50.63	0.625	rgb(224, 98, 99)	1.9926	None
RORC	LGI3	0.74572	50.63	0.63	rgb(224, 97, 98)	1.9926	None
RORC	MYBPC2	0.74572	50.63	0.63	rgb(224, 97, 98)	1.9926	None
SOX4	FABP5	-0.74572	50.63	-6.3E-01	rgb( 80,134,241)	1.9926	None
SOX4	HECW2	0.74572	50.63	0.626	rgb(224, 98, 99)	1.9926	None
SPIB	RIIAD1	0.74572	50.63	0.627	rgb(224, 97, 98)	1.9926	None
TEAD2	PODXL2	0.74572	50.63	0.626	rgb(224, 97, 99)	1.9926	None
TGIF2	ASIC4	0.74572	50.63	0.63	rgb(224, 97, 98)	1.9926	None
ZNF382	LINC00202-1	0.74572	50.63	0.626	rgb(224, 97, 99)	1.9926	2,2
ZNF519	RCOR3	0.74572	50.63	0.63	rgb(224, 97, 98)	1.9926	None
ZNF846	BC005905	0.74572	50.63	0.625	rgb(224, 98, 99)	1.9926	2,2
ZNF846	WISP1	0.74572	50.63	0.63	rgb(224, 97, 98)	1.9926	2,2
ARX	TSSK4	0.73951	50.69	0.692	rgb(225, 85, 86)	1.9938	None
ASCL1	AK125871	-0.73951	50.69	-6.9E-01	rgb( 67,126,243)	1.9938	2,2
ASCL1	CIB4	-0.73951	50.69	-6.9E-01	rgb( 67,126,243)	1.9938	None
ASCL1	MAPK4	0.73951	50.69	0.687	rgb(225, 86, 87)	1.9938	None
EGR3	CBX4	0.73951	50.69	0.686	rgb(225, 86, 87)	1.9938	None
EGR3	GATA4	-0.73951	50.69	-6.9E-01	rgb( 67,126,243)	1.9938	None
ELF4	WNT6	-0.73951	50.69	-6.9E-01	rgb( 68,126,243)	1.9938	None
ETV1	ANKRD65	-0.73951	50.69	-6.9E-01	rgb( 68,126,243)	1.9938	None
GATA2	ATP13A4	0.73951	50.69	0.689	rgb(225, 85, 87)	1.9938	None
GATA4	CACNA1C	0.73951	50.69	0.689	rgb(225, 85, 87)	1.9938	None
GATA4	GCH1	0.73951	50.69	0.694	rgb(225, 84, 86)	1.9938	None
GLIS2	BC005905	-0.73951	50.69	-6.9E-01	rgb( 68,126,243)	1.9938	2,2
HEYL	GOLGA6L9	-0.73951	50.69	-6.9E-01	rgb( 66,125,243)	1.9938	2,2
HHEX	FAM101B	0.73951	50.69	0.692	rgb(225, 85, 86)	1.9938	2,2
HSF2	CHD5	-0.73951	50.69	-6.9E-01	rgb( 68,126,243)	1.9938	None
ISL1	ZNF846	0.73951	50.69	0.685	rgb(225, 86, 87)	1.9938	None
LHX1	NEAT1	-0.73951	50.69	-6.9E-01	rgb( 67,126,243)	1.9938	None
LMX1A	CHRNA1	0.73951	50.69	0.691	rgb(225, 85, 86)	1.9938	None
LMX1A	KIF5A	-0.73951	50.69	-6.9E-01	rgb( 68,126,243)	1.9938	None
LMX1A	LOC100652999	0.73951	50.69	0.691	rgb(225, 85, 86)	1.9938	2,2
LMX1A	RAB36	-0.73951	50.69	-6.9E-01	rgb( 66,125,243)	1.9938	None
LMX1B	DGKB	0.73951	50.69	0.694	rgb(225, 85, 86)	1.9938	None
NEUROG3	ACSL6	0.73951	50.69	0.691	rgb(225, 85, 86)	1.9938	None
NR4A2	CCDC74A	-0.73951	50.69	-6.9E-01	rgb( 68,126,243)	1.9938	None
NR4A2	DENND2A	0.73951	50.69	0.687	rgb(225, 86, 87)	1.9938	None
NR4A2	PALMD	-0.73951	50.69	-6.9E-01	rgb( 68,126,243)	1.9938	None
ONECUT1	KCNH7	0.73951	50.69	0.689	rgb(225, 85, 87)	1.9938	None
PAX6	ABCA9	-0.73951	50.69	-6.9E-01	rgb( 68,126,243)	1.9938	None
PDX1	PGF	0.73951	50.69	0.689	rgb(225, 85, 87)	1.9938	None
PRDM16	DLC1	0.73951	50.69	0.688	rgb(225, 86, 87)	1.9938	None
RFX6	SPEG	0.73951	50.69	0.687	rgb(225, 86, 87)	1.9938	None
RFX6	STARD8	0.73951	50.69	0.694	rgb(225, 84, 86)	1.9938	None
RORC	L1TD1	-0.73951	50.69	-6.9E-01	rgb( 68,126,243)	1.9938	None
TEAD1	BOC	-0.73951	50.69	-6.9E-01	rgb( 66,125,243)	1.9938	None
TEAD1	KIF5A	-0.73951	50.69	-6.9E-01	rgb( 68,126,243)	1.9938	None
TEAD1	PYY	-0.73951	50.69	-6.9E-01	rgb( 67,126,243)	1.9938	None
TFCP2L1	NREP	0.73951	50.69	0.69	rgb(225, 85, 86)	1.9938	None
TFCP2L1	PCDHB9	0.73951	50.69	0.694	rgb(225, 84, 86)	1.9938	None
TFCP2L1	QDPR	0.73951	50.69	0.685	rgb(225, 86, 87)	1.9938	None
ZFHX2	NINJ1	0.73951	50.69	0.688	rgb(225, 86, 87)	1.9938	None
ZFHX2	NPM2	-0.73951	50.69	-6.9E-01	rgb( 68,127,243)	1.9938	None
ZFP90	CAMKV	0.73951	50.69	0.693	rgb(225, 85, 86)	1.9938	None
ZNF846	CEND1	-0.73951	50.69	-6.9E-01	rgb( 67,126,243)	1.9938	None
ZNF846	CHST8	-0.73951	50.69	-6.9E-01	rgb( 66,125,243)	1.9938	None
ZNF846	GDAP1	0.73951	50.69	0.693	rgb(225, 85, 86)	1.9938	None
ARX	FAM181B	0.73482	50.62	0.615	rgb(224,100,101)	1.9924	2,2
ATF5	IRF2BP1	0.73482	50.62	0.624	rgb(224, 98, 99)	1.9924	None
EGR3	COL10A1	-0.73482	50.62	-6.2E-01	rgb( 82,135,241)	1.9924	None
EGR3	SLC51B	-0.73482	50.62	-6.2E-01	rgb( 81,135,241)	1.9924	None
EGR3	TMEFF1	0.73482	50.62	0.619	rgb(224, 99,100)	1.9924	None
ELF4	EVA1A	-0.73482	50.62	-6.2E-01	rgb( 82,135,241)	1.9924	None
ETV1	CNGA3	0.73482	50.62	0.619	rgb(224, 99,100)	1.9924	None
ETV1	CRYBA2	0.73482	50.62	0.621	rgb(224, 98,100)	1.9924	None
ETV1	IL17C	-0.73482	50.62	-6.2E-01	rgb( 82,135,241)	1.9924	None
FOXA1	SIM1	0.73482	50.62	0.62	rgb(224, 99,100)	1.9924	None
FOXA1	TLE3	-0.73482	50.62	-6.2E-01	rgb( 83,136,240)	1.9924	None
FOXA2	ACTL6B	-0.73482	50.62	-6.9E-01	rgb( 68,126,243)	1.9924	None
GATA6	DNAPTP1	-0.73482	50.62	-6.2E-01	rgb( 83,135,240)	1.9924	2,2
HSF2	TCEAL1	0.73482	50.62	0.616	rgb(224, 99,101)	1.9924	None
NFAT5	DQ592230	0.73482	50.62	0.621	rgb(224, 98,100)	1.9924	2,2
NR4A2	CIT	-0.73482	50.62	-6.2E-01	rgb( 82,135,241)	1.9924	None
NR4A2	SSTR3	-0.73482	50.62	-6.2E-01	rgb( 82,135,241)	1.9924	None
NR4A3	ELAVL4	0.73482	50.62	0.623	rgb(224, 98, 99)	1.9924	None
NR4A3	PRICKLE2	0.73482	50.62	0.616	rgb(224, 99,100)	1.9924	None
PDX1	PRKCG	-0.73482	50.62	-6.2E-01	rgb( 83,135,240)	1.9924	None
RORC	CNPY1	0.73482	50.62	0.623	rgb(224, 98, 99)	1.9924	None
RORC	G0S2	0.73482	50.62	0.619	rgb(224, 99,100)	1.9924	None
SOX4	IGFN1	0.73482	50.62	0.625	rgb(224, 98, 99)	1.9924	None
SOX4	PALMD	-0.73482	50.62	-7.3E-01	rgb( 59,121,245)	1.9924	None
SOX4	UCN3	-0.73482	50.62	-6.2E-01	rgb( 82,135,241)	1.9924	None
SPIB	CD200	0.73482	50.62	0.624	rgb(224, 98, 99)	1.9924	None
SPIB	NAALADL1	0.73482	50.62	0.621	rgb(224, 98,100)	1.9924	None
TEAD2	UNC13A	0.73482	50.62	0.623	rgb(224, 98, 99)	1.9924	None
TGIF2	CAMKV	0.73482	50.62	0.617	rgb(224, 99,100)	1.9924	None
ZFHX2	CRIP1	-0.73482	50.62	-6.2E-01	rgb( 82,135,241)	1.9924	None
ZFP82	WNK2	0.73482	50.62	0.622	rgb(224, 98,100)	1.9924	None
ZNF382	EVL	0.73482	50.62	0.624	rgb(224, 98, 99)	1.9924	None
ZNF492	BC006435	0.73482	50.62	0.617	rgb(224, 99,100)	1.9924	2,2
ZNF846	RCOR3	0.73482	50.62	0.624	rgb(224, 98, 99)	1.9924	None
ARX	CR627206	0.72861	50.68	0.677	rgb(224, 88, 89)	1.9936	2,2
ARX	SV2B	-0.72861	50.68	-6.8E-01	rgb( 69,127,243)	1.9936	None
EGR3	CDKN1C	-0.72861	50.68	-6.8E-01	rgb( 71,128,243)	1.9936	None
ETS1	TFPI2	0.72861	50.68	0.68	rgb(224, 87, 88)	1.9936	None
ETS1	TMOD2	0.72861	50.68	0.678	rgb(224, 87, 89)	1.9936	None
FOXP2	CRMP1	-0.72861	50.68	-6.8E-01	rgb( 69,127,243)	1.9936	None
HIC1	RPS6KL1	-0.72861	50.68	-6.8E-01	rgb( 70,127,243)	1.9936	None
HIF1A	LOC100507351	-0.72861	50.68	-6.8E-01	rgb( 70,128,243)	1.9936	2,2
HSF2	SSTR5	-0.72861	50.68	-6.8E-01	rgb( 70,127,243)	1.9936	None
LMX1B	MEP1B	0.72861	50.68	0.677	rgb(224, 88, 89)	1.9936	None
LTF	PHLDA2	0.72861	50.68	0.683	rgb(225, 87, 88)	1.9936	None
MAFA	ELFN1	0.72861	50.68	0.675	rgb(224, 88, 89)	1.9936	None
MAFA	KAT2B	0.72861	50.68	0.683	rgb(225, 87, 88)	1.9936	None
MAFB	MYO3A	0.72861	50.68	0.683	rgb(225, 87, 88)	1.9936	None
MYT1	ASIC5	0.72861	50.68	0.676	rgb(224, 88, 89)	1.9936	2,2
NEUROD1	F10	0.72861	50.68	0.684	rgb(225, 86, 88)	1.9936	None
NEUROD1	IFI44	0.72861	50.68	0.678	rgb(224, 88, 89)	1.9936	None
NEUROD1	KLK12	0.72861	50.68	0.683	rgb(225, 87, 88)	1.9936	None
NEUROG3	HGFAC	0.72861	50.68	0.675	rgb(224, 88, 89)	1.9936	None
NHLH1	HINT1	0.72861	50.68	0.678	rgb(224, 87, 89)	1.9936	None
NHLH1	SYNM	-0.72861	50.68	-6.8E-01	rgb( 70,128,243)	1.9936	None
NHLH1	ZFP2	0.72861	50.68	0.683	rgb(225, 87, 88)	1.9936	None
NR4A2	BTBD11	-0.72861	50.68	-6.8E-01	rgb( 70,127,243)	1.9936	None
NR4A2	CDKN1C	0.72861	50.68	0.678	rgb(224, 88, 89)	1.9936	None
NR4A2	SPON1	0.72861	50.68	0.679	rgb(224, 87, 89)	1.9936	None
NR4A2	SSTR5-AS1	-0.72861	50.68	-6.8E-01	rgb( 69,127,243)	1.9936	None
NR4A2	SUSD2	0.72861	50.68	0.681	rgb(224, 87, 88)	1.9936	None
RFX3	MCF2L	0.72861	50.68	0.675	rgb(224, 88, 89)	1.9936	None
RFX6	CTXN1	0.72861	50.68	0.683	rgb(225, 86, 88)	1.9936	None
RFX6	LRAT	0.72861	50.68	0.683	rgb(225, 87, 88)	1.9936	None
RFX6	NACAD	0.72861	50.68	0.681	rgb(224, 87, 88)	1.9936	None
SMAD9	HMGN3	-0.72861	50.68	-6.8E-01	rgb( 69,127,243)	1.9936	None
SMAD9	MBOAT4	0.72861	50.68	0.676	rgb(224, 88, 89)	1.9936	None
SPIB	RYBP	0.72861	50.68	0.683	rgb(225, 87, 88)	1.9936	None
TEAD1	CHRNB2	-0.72861	50.68	-6.8E-01	rgb( 69,127,243)	1.9936	None
TEAD1	RBP2	-0.72861	50.68	-6.8E-01	rgb( 69,127,243)	1.9936	None
TEAD1	SH2D3C	-0.72861	50.68	-6.8E-01	rgb( 70,127,243)	1.9936	None
TEAD2	HDAC7	0.72861	50.68	0.683	rgb(225, 86, 88)	1.9936	None
TFCP2L1	ZNF853	0.72861	50.68	0.678	rgb(224, 88, 89)	1.9936	None
ZFP90	ARHGAP9	0.72861	50.68	0.68	rgb(224, 87, 88)	1.9936	None
ZNF117	AX748371	0.72861	50.68	0.679	rgb(224, 87, 89)	1.9936	2,2
ZNF117	LOC646214	0.72861	50.68	0.677	rgb(224, 88, 89)	1.9936	2,2
ZNF382	PPP1R16B	0.72861	50.68	0.677	rgb(224, 88, 89)	1.9936	None
ZNF382	USP41	-0.72861	50.68	-6.8E-01	rgb( 69,127,243)	1.9936	None
ZNF846	SLC7A2	0.72861	50.68	0.685	rgb(225, 86, 88)	1.9936	None
ARNT2	AKT3	0.72365	50.61	0.612	rgb(224,100,101)	1.9922	None
ASCL2	TMEM151A	0.72365	50.61	0.612	rgb(224,100,101)	1.9922	None
ETS1	MXI1	0.72365	50.61	0.608	rgb(224,101,102)	1.9922	None
ETV1	CPLX2	0.72365	50.61	0.606	rgb(224,101,102)	1.9922	None
FOXA1	PGM5	0.72365	50.61	0.608	rgb(224,101,102)	1.9922	None
FOXA1	TMEM212	-0.72365	50.61	-6.1E-01	rgb( 85,137,240)	1.9922	None
GATA6	STX1A	-0.72365	50.61	-6.1E-01	rgb( 86,137,240)	1.9922	None
GRHL3	BC041449	-0.72365	50.61	-6.1E-01	rgb( 84,136,240)	1.9922	2,2
HES4	SYNGR3	0.72365	50.61	0.606	rgb(224,101,103)	1.9922	None
HSF2	GDAP1	0.72365	50.61	0.609	rgb(224,101,102)	1.9922	None
LMX1B	MMP2	0.72365	50.61	0.609	rgb(224,101,102)	1.9922	None
MAFA	PTPN22	0.72365	50.61	0.607	rgb(224,101,102)	1.9922	None
MAFF	ASCL2	-0.72365	50.61	-6.1E-01	rgb( 86,137,240)	1.9922	None
NHLH1	FLJ38723	0.72365	50.61	0.605	rgb(224,101,103)	1.9922	2,2
NKX2-2	FOXA2	0.72365	50.61	0.607	rgb(224,101,102)	1.9922	None
NKX2-2	VWA5B2	0.72365	50.61	0.606	rgb(224,101,103)	1.9922	None
NPAS3	KAL1	0.72365	50.61	0.615	rgb(224,100,101)	1.9922	2,2
NR4A2	PRKXP1	0.72365	50.61	0.609	rgb(224,101,102)	1.9922	None
ONECUT2	PPP1R1A	-0.72365	50.61	-6.1E-01	rgb( 85,137,240)	1.9922	None
PBX1	CCDC162P	0.72365	50.61	0.611	rgb(224,100,101)	1.9922	None
PDX1	GLIS2	0.72365	50.61	0.613	rgb(224,100,101)	1.9922	None
PDX1	SCG2	-0.72365	50.61	-6.1E-01	rgb( 84,136,240)	1.9922	None
POU2F2	MLXIPL	0.72365	50.61	0.612	rgb(224,100,101)	1.9922	None
RFX3	PGA3	-0.72365	50.61	-6.1E-01	rgb( 84,136,240)	1.9922	None
SMAD9	CBFA2T3	0.72365	50.61	0.61	rgb(224,100,102)	1.9922	None
SMAD9	LRP4-AS1	0.72365	50.61	0.613	rgb(224,100,101)	1.9922	None
SOX4	COL22A1	0.72365	50.61	0.613	rgb(224,100,101)	1.9922	None
SOX4	ID4	0.72365	50.61	0.608	rgb(224,101,102)	1.9922	None
SOX4	MUC15	0.72365	50.61	0.607	rgb(224,101,102)	1.9922	None
SOX4	RBP1	0.72365	50.61	0.608	rgb(224,101,102)	1.9922	None
TGIF2	GDF11	0.72365	50.61	0.611	rgb(224,100,101)	1.9922	None
ZNF519	DACT1	-0.72365	50.61	-6.1E-01	rgb( 85,137,240)	1.9922	2,2
ZNF846	AK026714	0.72365	50.61	0.606	rgb(224,101,103)	1.9922	2,2
ZNF846	CDKN1C	-0.72365	50.61	-6.1E-01	rgb( 84,136,240)	1.9922	None
ZNF846	TCTEX1D4	0.72365	50.61	0.61	rgb(224,100,102)	1.9922	None
ZNF846	WNK3	0.72365	50.61	0.61	rgb(224,100,102)	1.9922	None
ASCL1	CHRNB2	0.71703	50.67	0.674	rgb(224, 88, 90)	1.9934	None
ASCL1	SCIMP	-0.71703	50.67	-6.7E-01	rgb( 72,129,242)	1.9934	None
ASCL2	NPTXR	-0.71703	50.67	-6.7E-01	rgb( 72,129,242)	1.9934	None
ELF4	MAFF	0.71703	50.67	0.726	rgb(225, 78, 80)	1.9934	None
ELF4	STMN3	-0.71703	50.67	-6.7E-01	rgb( 71,128,243)	1.9934	None
ETS1	CHRNA5	0.71703	50.67	0.667	rgb(224, 90, 91)	1.9934	None
ETS1	REM2	0.71703	50.67	0.672	rgb(224, 89, 90)	1.9934	None
ETS1	SPAG8	-0.71703	50.67	-6.7E-01	rgb( 71,128,243)	1.9934	None
FEV	CELF5	0.71703	50.67	0.669	rgb(224, 89, 91)	1.9934	None
FOXP2	TRPM2	-0.71703	50.67	-6.7E-01	rgb( 71,128,243)	1.9934	None
HHEX	INA	0.71703	50.67	0.668	rgb(224, 89, 91)	1.9934	2,2
HIC1	BAI2	-0.71703	50.67	-6.7E-01	rgb( 72,129,242)	1.9934	2,2
HOXB9	CREBRF	0.71703	50.67	0.669	rgb(224, 89, 91)	1.9934	None
KCNIP3	BEX1	0.71703	50.67	0.674	rgb(224, 88, 90)	1.9934	2,2
LHX1	DNAH11	0.71703	50.67	0.667	rgb(224, 90, 91)	1.9934	None
LHX1	PCSK2	-0.71703	50.67	-6.7E-01	rgb( 73,129,242)	1.9934	None
LHX1	SPP1	0.71703	50.67	0.667	rgb(224, 90, 91)	1.9934	None
LMX1A	TMEM151A	-0.71703	50.67	-6.7E-01	rgb( 72,129,242)	1.9934	None
LMX1B	LINC00310	0.71703	50.67	0.674	rgb(224, 88, 90)	1.9934	None
NEUROD1	SGSM1	0.71703	50.67	0.673	rgb(224, 88, 90)	1.9934	None
NEUROG3	HES6	0.71703	50.67	0.669	rgb(224, 89, 91)	1.9934	None
NFAT5	TMEM198	-0.71703	50.67	-7.8E-01	rgb( 48,114,247)	1.9934	None
NPAS3	AK095045	0.71703	50.67	0.666	rgb(224, 90, 91)	1.9934	2,2
NR4A2	ABCC4	-0.71703	50.67	-6.7E-01	rgb( 71,128,243)	1.9934	None
NR4A2	CACNA2D1	0.71703	50.67	0.671	rgb(224, 89, 90)	1.9934	None
NR4A2	CLPS	0.71703	50.67	0.665	rgb(224, 90, 91)	1.9934	None
NR4A2	KIRREL3	-0.71703	50.67	-6.7E-01	rgb( 72,129,242)	1.9934	None
NR4A2	L1TD1	0.71703	50.67	0.669	rgb(224, 89, 91)	1.9934	2,2
NR4A2	MSI1	-0.71703	50.67	-7.0E-01	rgb( 64,124,244)	1.9934	None
NR4A2	RFX3	0.71703	50.67	0.67	rgb(224, 89, 90)	1.9934	None
NR4A2	TFPI2	0.71703	50.67	0.665	rgb(224, 90, 91)	1.9934	None
NR4A2	YPEL1	0.71703	50.67	0.666	rgb(224, 90, 91)	1.9934	None
NR4A3	STMN2	0.71703	50.67	0.669	rgb(224, 89, 90)	1.9934	None
PAX4	LAMP5	0.71703	50.67	0.667	rgb(224, 90, 91)	1.9934	None
PBX1	AL117485	0.71703	50.67	0.67	rgb(224, 89, 90)	1.9934	2,2
PBX1	KIRREL3	-0.71703	50.67	-6.7E-01	rgb( 72,129,242)	1.9934	None
PRDM16	F10	-0.71703	50.67	-6.7E-01	rgb( 72,129,242)	1.9934	None
RFX2	CCDC181	0.71703	50.67	0.667	rgb(224, 90, 91)	1.9934	None
RFX6	MLN	0.71703	50.67	0.673	rgb(224, 88, 90)	1.9934	None
SPIB	LRIG1	-0.71703	50.67	-6.7E-01	rgb( 72,129,242)	1.9934	None
TFCP2L1	HEYL	0.71703	50.67	0.67	rgb(224, 89, 90)	1.9934	None
TFCP2L1	ISL1	0.71703	50.67	0.675	rgb(224, 88, 89)	1.9934	None
ZFHX2	CDKN1C	-0.71703	50.67	-6.7E-01	rgb( 72,129,242)	1.9934	None
ZFHX2	FGF14	-0.71703	50.67	-6.7E-01	rgb( 71,128,243)	1.9934	None
ZFHX2	SAMD11	-0.71703	50.67	-6.7E-01	rgb( 72,129,242)	1.9934	None
ZFP90	BHMT	0.71703	50.67	0.674	rgb(224, 88, 90)	1.9934	2,2
ZNF382	PGM5	-0.71703	50.67	-6.7E-01	rgb( 72,129,242)	1.9934	None
ZNF846	ANKRD65	-0.71703	50.67	-6.7E-01	rgb( 72,129,242)	1.9934	None
ELF4	CRISPLD2	-0.71164	50.6	-6.0E-01	rgb( 86,137,240)	1.992	None
ELF4	HMGB3	-0.71164	50.6	-6.0E-01	rgb( 88,138,240)	1.992	None
FEV	SPIB	0.71164	50.6	0.669	rgb(224, 89, 91)	1.992	None
FEV	ZFP2	-0.71164	50.64	-6.4E-01	rgb( 78,132,241)	1.9928	None
FOXP2	DACH1	0.71164	50.6	0.604	rgb(224,102,103)	1.992	None
GATA2	UCN3	0.71164	50.6	0.602	rgb(224,102,103)	1.992	None
GRHL3	PCDHB15	0.71164	50.6	0.675	rgb(224, 88, 89)	1.992	2,2
HIC1	KANK2	-0.71164	50.6	-6.0E-01	rgb( 86,137,240)	1.992	None
KCNIP3	TMEM59L	0.71164	50.6	0.599	rgb(224,103,104)	1.992	2,2
LHX1	L1TD1	0.71164	50.6	0.604	rgb(224,102,103)	1.992	2,2
LHX1	RNF157-AS1	0.71164	50.6	0.602	rgb(224,102,103)	1.992	None
LMX1A	CFC1	-0.71164	50.66	-6.6E-01	rgb( 75,131,242)	1.9932	None
MAFA	GOLGA7B	0.71164	50.6	0.601	rgb(224,102,103)	1.992	None
MAFA	RGS5	0.71164	50.6	0.599	rgb(224,103,104)	1.992	None
NEUROD1	SCGN	0.71164	50.6	0.64	rgb(224, 95, 96)	1.992	None
NFAT5	UBE2Q2P2	0.71164	50.6	0.596	rgb(224,103,104)	1.992	2,2
NHLH1	POM121L9P	0.71164	50.6	0.795	rgb(226, 65, 67)	1.992	None
NHLH1	SDPR	0.71164	50.6	0.603	rgb(224,102,103)	1.992	2,2
NR4A2	NR4A3	0.71164	50.6	0.597	rgb(224,103,104)	1.992	None
NR4A2	TMEM158	-0.71164	50.6	-6.0E-01	rgb( 86,137,240)	1.992	None
NR4A3	GPR83	0.71164	50.6	0.599	rgb(224,103,104)	1.992	2,2
ONECUT2	LRP4-AS1	0.71164	50.6	0.604	rgb(224,102,103)	1.992	None
PDX1	SPEG	0.71164	50.6	0.595	rgb(224,103,105)	1.992	None
RORC	ACTN3	0.71164	50.6	0.596	rgb(224,103,104)	1.992	None
RORC	GRIK5	0.71164	50.6	0.599	rgb(224,103,104)	1.992	None
RORC	ISLR2	0.71164	50.6	0.613	rgb(224,100,101)	1.992	None
SMAD9	FAM167A	0.71164	50.6	0.602	rgb(224,102,103)	1.992	None
SMAD9	PGA4	0.71164	50.6	0.604	rgb(224,102,103)	1.992	None
SOX4	TUB	0.71164	50.6	0.597	rgb(224,103,104)	1.992	None
TEAD2	RBP1	0.71164	50.6	0.604	rgb(224,102,103)	1.992	None
TFCP2L1	MDK	-0.71164	50.6	-6.0E-01	rgb( 86,138,240)	1.992	None
TGIF2	RCOR3	-0.71164	50.6	-6.0E-01	rgb( 86,137,240)	1.992	None
TGIF2	VSTM2L	0.71164	50.6	0.595	rgb(224,103,105)	1.992	None
TP73	TSHZ1	-0.71164	50.6	-6.0E-01	rgb( 87,138,240)	1.992	None
TP73	UCP2	0.71164	50.6	0.599	rgb(224,103,104)	1.992	None
ZNF492	SPRED3	0.71164	50.6	0.602	rgb(224,102,103)	1.992	None
ZNF519	ICA1L	0.71164	50.6	0.605	rgb(224,101,103)	1.992	None
ZNF846	ATP6V0E2	-0.71164	50.6	-6.0E-01	rgb( 87,138,240)	1.992	None
ZNF846	NOTUM	-0.71164	50.6	-6.0E-01	rgb( 87,138,240)	1.992	None
EGR3	ELAVL3	-0.70792	50.66	-6.6E-01	rgb( 73,129,242)	1.9932	None
ELF4	KIAA1324	-0.70792	50.66	-6.6E-01	rgb( 75,130,242)	1.9932	None
ELF4	PDE2A	-0.70792	50.66	-6.6E-01	rgb( 73,130,242)	1.9932	None
ETS1	ANKRD65	0.70792	50.66	0.658	rgb(224, 91, 93)	1.9932	None
LMX1B	KCNAB2	-0.70792	50.66	-6.6E-01	rgb( 73,129,242)	1.9932	None
MAFA	ANK2	0.70792	50.66	0.656	rgb(224, 92, 93)	1.9932	None
MAFA	LINC00890	0.70792	50.66	0.659	rgb(224, 91, 92)	1.9932	2,2
MAFF	BC040358	-0.70792	50.66	-6.6E-01	rgb( 75,130,242)	1.9932	2,2
MYT1	KCNMB2-IT1	0.70792	50.66	0.664	rgb(224, 90, 91)	1.9932	2,2
NEUROD1	AVPR1B	0.70792	50.66	0.662	rgb(224, 91, 92)	1.9932	None
NFAT5	ADCY1	-0.70792	50.66	-6.6E-01	rgb( 74,130,242)	1.9932	None
NR4A2	KIAA1324	-0.70792	50.66	-6.6E-01	rgb( 73,129,242)	1.9932	None
NR4A2	MEX3A	0.70792	50.66	0.656	rgb(224, 92, 93)	1.9932	None
NR4A2	MS4A8	0.70792	50.66	0.66	rgb(224, 91, 92)	1.9932	None
NR4A2	PLCG2	0.70792	50.66	0.66	rgb(224, 91, 92)	1.9932	None
ONECUT1	PGM5	0.70792	50.66	0.665	rgb(224, 90, 91)	1.9932	None
ONECUT3	BC041449	0.70792	50.66	0.657	rgb(224, 92, 93)	1.9932	2,2
PBX1	PAX6	-0.70792	50.66	-6.6E-01	rgb( 73,129,242)	1.9932	None
PRDM16	DNAH11	0.70792	50.66	0.657	rgb(224, 92, 93)	1.9932	None
RFX6	ADCY5	0.70792	50.66	0.66	rgb(224, 91, 92)	1.9932	None
RFX6	SDK1	0.70792	50.66	0.662	rgb(224, 91, 92)	1.9932	None
SMAD9	CADM2	0.70792	50.66	0.661	rgb(224, 91, 92)	1.9932	None
SOX4	GNG4	-0.70792	50.66	-6.6E-01	rgb( 75,130,242)	1.9932	None
TEAD1	MIR503HG	-0.70792	50.66	-6.6E-01	rgb( 74,130,242)	1.9932	None
TFCP2L1	OGFRL1	0.70792	50.66	0.658	rgb(224, 91, 93)	1.9932	None
ZFHX2	DIRAS1	-0.70792	50.66	-6.6E-01	rgb( 75,130,242)	1.9932	2,2
ZNF519	EGFR	0.70792	50.66	0.657	rgb(224, 92, 93)	1.9932	None
ARX	AK054990	0.70268	50.59	0.591	rgb(224,104,105)	1.9918	2,2
ARX	FRMPD4	0.70268	50.59	0.593	rgb(224,104,105)	1.9918	None
ASCL2	KCNJ11	0.70268	50.59	0.591	rgb(223,104,105)	1.9918	None
ASCL2	RIMBP2	0.70268	50.59	0.592	rgb(224,104,105)	1.9918	None
ASCL2	SDK2	0.70268	50.59	0.593	rgb(224,104,105)	1.9918	None
EGR3	AK125960	-0.70268	50.59	-5.9E-01	rgb( 90,139,239)	1.9918	2,2
ETS1	GCG	0.70268	50.59	0.594	rgb(224,104,105)	1.9918	None
ETV1	AMPH	0.70268	50.59	0.589	rgb(223,104,106)	1.9918	None
ETV1	KCNH6	0.70268	50.59	0.592	rgb(224,104,105)	1.9918	None
FOXA1	PEX5L	0.70268	50.59	0.592	rgb(224,104,105)	1.9918	None
GATA4	ID4	0.70268	50.59	0.843	rgb(226, 56, 58)	1.9918	None
GATA4	LGI3	0.70268	50.59	0.589	rgb(223,105,106)	1.9918	None
HIF1A	SCN1B	-0.70268	50.59	-5.9E-01	rgb( 89,139,239)	1.9918	None
HSF2	FUT1	0.70268	50.59	0.593	rgb(224,104,105)	1.9918	None
HSF2	TMEM145	-0.70268	50.59	-5.9E-01	rgb( 90,140,239)	1.9918	None
LMX1B	BC041484	0.70268	50.59	0.591	rgb(224,104,105)	1.9918	2,2
MAFA	BC041449	-0.70268	50.59	-5.9E-01	rgb( 89,139,239)	1.9918	2,2
MAFF	ADORA2A	0.70268	50.59	0.592	rgb(224,104,105)	1.9918	2,2
NEUROG3	CACNB2	-0.70268	50.59	-5.9E-01	rgb( 89,139,239)	1.9918	None
NKX2-2	SPON2	0.70268	50.59	0.588	rgb(223,105,106)	1.9918	None
NR4A2	RGS11	-0.70268	50.59	-5.9E-01	rgb( 89,139,239)	1.9918	None
NR4A3	AGT	0.70268	50.59	0.593	rgb(224,104,105)	1.9918	None
NR4A3	AK311213	0.70268	50.59	0.588	rgb(223,105,106)	1.9918	2,2
PAX6	CPLX2	0.70268	50.59	0.586	rgb(223,105,106)	1.9918	None
PDX1	AEBP1	0.70268	50.59	0.59	rgb(223,104,105)	1.9918	None
PDX1	FCGBP	-0.70268	50.59	-7.1E-01	rgb( 62,123,244)	1.9918	None
PDX1	GGT5	-0.70268	50.59	-5.9E-01	rgb( 88,139,240)	1.9918	None
PDX1	LINC00939	-0.70268	50.59	-5.9E-01	rgb( 88,139,240)	1.9918	None
POU2F2	GCG	-0.70268	50.59	-5.9E-01	rgb( 89,139,239)	1.9918	None
RORC	SLC6A17	0.70268	50.59	0.588	rgb(223,105,106)	1.9918	None
SMAD9	FUT7	0.70268	50.59	0.592	rgb(224,104,105)	1.9918	None
SOX4	DPYSL3	0.70268	50.59	0.591	rgb(224,104,105)	1.9918	None
SOX4	FTCD	-0.70268	50.59	-5.9E-01	rgb( 88,139,240)	1.9918	None
SPIB	MAPK12	0.70268	50.59	0.594	rgb(224,103,105)	1.9918	None
TEAD1	DOCK8	0.70268	50.59	0.593	rgb(224,104,105)	1.9918	None
TFCP2L1	PCBP4	-0.70268	50.59	-5.9E-01	rgb( 89,139,239)	1.9918	None
ZFP28	IFI44L	0.70268	50.59	0.593	rgb(224,104,105)	1.9918	None
ZNF519	LOC284581	0.70268	50.59	0.593	rgb(224,104,105)	1.9918	2,2
ASCL1	RFX2	0.69826	50.65	0.653	rgb(224, 92, 93)	1.993	None
ATF6	RFX3	-0.69826	50.65	-6.5E-01	rgb( 77,132,242)	1.993	None
EGR3	PHLDA2	0.69826	50.65	0.646	rgb(224, 94, 95)	1.993	None
ELF4	ALAS2	-0.69826	50.65	-6.5E-01	rgb( 76,131,242)	1.993	None
ELF4	LRRC10B	0.69826	50.65	0.65	rgb(224, 93, 94)	1.993	None
ETV1	REG4	0.69826	50.65	0.653	rgb(224, 92, 94)	1.993	None
ETV1	SPP1	0.69826	50.65	0.651	rgb(224, 93, 94)	1.993	None
FOXA2	PRICKLE2	0.69826	50.65	0.646	rgb(224, 94, 95)	1.993	None
FOXA2	SLC51B	-0.69826	50.65	-6.5E-01	rgb( 76,131,242)	1.993	None
LMX1A	ZFP90	-0.69826	50.65	-6.5E-01	rgb( 76,131,242)	1.993	None
LMX1A	ZNF492	0.69826	50.65	0.652	rgb(224, 93, 94)	1.993	2,2
LMX1B	MPP1	0.69826	50.65	0.648	rgb(224, 93, 94)	1.993	None
LMX1B	TSNAX-DISC1	0.69826	50.65	0.655	rgb(224, 92, 93)	1.993	None
MAFF	TTLL6	-0.69826	50.65	-6.5E-01	rgb( 77,132,242)	1.993	None
NEUROD1	KIF5C	0.69826	50.65	0.646	rgb(224, 94, 95)	1.993	2,2
NEUROD1	LOC100128288	0.69826	50.65	0.655	rgb(224, 92, 93)	1.993	None
NEUROD1	LZTS1	0.69826	50.65	0.653	rgb(224, 92, 94)	1.993	None
NEUROG3	SSTR1	0.69826	50.65	0.651	rgb(224, 93, 94)	1.993	None
NR4A2	KCNH7	0.69826	50.65	0.65	rgb(224, 93, 94)	1.993	None
NR4A2	PCBP4	0.69826	50.65	0.652	rgb(224, 93, 94)	1.993	None
NR4A2	SPEG	-0.69826	50.65	-6.5E-01	rgb( 76,131,242)	1.993	None
ONECUT3	NNMT	-0.69826	50.65	-6.5E-01	rgb( 76,131,242)	1.993	None
PDX1	FAM227A	-0.69826	50.65	-6.5E-01	rgb( 76,131,242)	1.993	None
PRDM16	NEFM	-0.69826	50.65	-6.5E-01	rgb( 75,131,242)	1.993	None
RFX6	RGS14	0.69826	50.65	0.649	rgb(224, 93, 94)	1.993	None
RFX6	TMEM151A	0.69826	50.65	0.654	rgb(224, 92, 93)	1.993	None
RORC	NREP	-0.69826	50.65	-6.5E-01	rgb( 77,132,242)	1.993	None
TEAD1	DOK6	-0.69826	50.65	-6.5E-01	rgb( 76,131,242)	1.993	None
TFCP2L1	CHRM4	0.69826	50.65	0.648	rgb(224, 93, 95)	1.993	None
TP73	TUB	-0.69826	50.65	-6.5E-01	rgb( 75,131,242)	1.993	None
ZFP62	FW340024	0.69826	50.65	0.649	rgb(224, 93, 94)	1.993	2,2
ZNF117	AK054970	0.69826	50.65	0.648	rgb(224, 93, 95)	1.993	2,2
ARX	SLC7A4	-0.69288	50.58	-5.8E-01	rgb( 91,140,239)	1.9916	None
ASCL2	ASIC1	0.69288	50.58	0.581	rgb(223,106,107)	1.9916	None
CBX2	PCDHB16	0.69288	50.58	0.583	rgb(223,106,107)	1.9916	2,2
EGR3	ANK2	-0.69288	50.58	-5.8E-01	rgb( 90,140,239)	1.9916	None
EGR3	XKR7	0.69288	50.58	0.582	rgb(223,106,107)	1.9916	None
ETV1	CACNA1A	0.69288	50.58	0.579	rgb(223,106,107)	1.9916	None
ETV1	SCG3	0.69288	50.58	0.582	rgb(223,106,107)	1.9916	None
FOXA1	SPOCK3	-0.69288	50.58	-5.8E-01	rgb( 92,141,239)	1.9916	None
FOXP2	SH3RF3	0.69288	50.58	0.58	rgb(223,106,107)	1.9916	None
FOXP2	TMEM132C	-0.69288	50.58	-5.8E-01	rgb( 91,140,239)	1.9916	None
GATA2	SLC16A12	0.69288	50.58	0.585	rgb(223,105,106)	1.9916	None
GATA4	FAM171B	0.69288	50.58	0.575	rgb(223,107,108)	1.9916	None
HSF2	CTTNBP2	0.69288	50.58	0.578	rgb(223,107,108)	1.9916	None
ISL1	ARX	0.69288	50.58	0.582	rgb(223,106,107)	1.9916	2,2
LMX1A	PAPPA2	0.69288	50.58	0.583	rgb(223,106,107)	1.9916	None
LMX1A	SNED1	0.69288	50.58	0.584	rgb(223,106,107)	1.9916	None
MAFF	CADM3	0.69288	50.58	0.58	rgb(223,106,107)	1.9916	None
NFAT5	BC005905	0.69288	50.58	0.578	rgb(223,107,108)	1.9916	2,2
NHLH1	PRELP	0.69288	50.58	0.58	rgb(223,106,107)	1.9916	None
NHLH1	TP73	0.69288	50.58	0.581	rgb(223,106,107)	1.9916	None
NKX6-1	MED12L	0.69288	50.58	0.583	rgb(223,106,107)	1.9916	None
NR4A2	NCS1	0.69288	50.58	0.583	rgb(223,106,107)	1.9916	None
NR4A2	SERTAD1	0.69288	50.58	0.584	rgb(223,105,107)	1.9916	None
NR4A2	TMEM190	0.69288	50.58	0.578	rgb(223,107,108)	1.9916	None
NR4A3	CNPY1	-0.69288	50.58	-5.8E-01	rgb( 90,140,239)	1.9916	None
PAX4	RAB26	0.69288	50.58	0.582	rgb(223,106,107)	1.9916	None
PAX6	GALNT16	0.69288	50.58	0.575	rgb(223,107,108)	1.9916	None
PAX6	ST8SIA3	0.69288	50.58	0.577	rgb(223,107,108)	1.9916	None
RORC	SLC7A4	0.69288	50.58	0.576	rgb(223,107,108)	1.9916	None
SMAD9	CAMK2N2	0.69288	50.58	0.58	rgb(223,106,107)	1.9916	None
SMAD9	NOTUM	0.69288	50.58	0.576	rgb(223,107,108)	1.9916	None
SOX4	LRRC10B	0.69288	50.58	0.583	rgb(223,106,107)	1.9916	None
SOX4	MYBPC2	0.69288	50.58	0.585	rgb(223,105,107)	1.9916	None
SOX4	RCOR2	0.69288	50.58	0.577	rgb(223,107,108)	1.9916	None
SPIB	CCDC162P	0.69288	50.58	0.578	rgb(223,107,108)	1.9916	None
TEAD1	NEUROD2	-0.69288	50.58	-8.4E-01	rgb( 34,106,249)	1.9916	None
ZFP82	ARNT2	0.69288	50.58	0.577	rgb(223,107,108)	1.9916	None
ZNF492	AX746834	0.69288	50.58	0.582	rgb(223,106,107)	1.9916	2,2
ZNF846	ATF5	-0.69288	50.58	-5.8E-01	rgb( 91,141,239)	1.9916	None
ARX	CD200	-0.68709	50.64	-6.4E-01	rgb( 78,133,241)	1.9928	None
ARX	HMGB3	-0.68709	50.64	-6.4E-01	rgb( 78,133,241)	1.9928	None
ELF4	ANKRD65	-0.68709	50.64	-6.4E-01	rgb( 78,133,241)	1.9928	None
ELF4	FAT3	-0.68709	50.64	-6.4E-01	rgb( 78,132,241)	1.9928	None
ELF4	ISL1	-0.68709	50.64	-6.4E-01	rgb( 79,133,241)	1.9928	None
ELF4	LINGO1	0.68709	50.64	0.643	rgb(224, 94, 95)	1.9928	None
ELF4	MTUS2	-0.68709	50.64	-6.4E-01	rgb( 79,133,241)	1.9928	None
ELF4	SDK1	-0.68709	50.64	-6.4E-01	rgb( 78,133,241)	1.9928	None
ETV1	STMN4	0.68709	50.64	0.642	rgb(224, 94, 96)	1.9928	None
HES4	LINC00261	0.68709	50.64	0.638	rgb(224, 95, 96)	1.9928	None
HEYL	AK130076	-0.68709	50.64	-6.4E-01	rgb( 78,132,241)	1.9928	2,2
HSF2	CHST10	-0.68709	50.64	-6.4E-01	rgb( 77,132,241)	1.9928	None
HSF2	UNC13A	-0.68709	50.64	-6.4E-01	rgb( 78,132,241)	1.9928	None
LMX1A	PODXL2	-0.68709	50.64	-6.4E-01	rgb( 78,132,241)	1.9928	None
MAFF	GPR173	-0.68709	50.64	-6.4E-01	rgb( 79,133,241)	1.9928	None
MAFF	MAPK10	-0.68709	50.64	-6.4E-01	rgb( 78,132,241)	1.9928	None
NEUROD1	KIF19	0.68709	50.64	0.641	rgb(224, 95, 96)	1.9928	None
NEUROD1	MUC5B	-0.68709	50.64	-6.4E-01	rgb( 79,133,241)	1.9928	None
NEUROD1	RPS16P5	-0.68709	50.64	-6.4E-01	rgb( 78,132,241)	1.9928	None
NEUROG3	CITED1	0.68709	50.64	0.645	rgb(224, 94, 95)	1.9928	None
NKX2-2	SSTR3	-0.68709	50.64	-6.4E-01	rgb( 78,132,241)	1.9928	None
NR4A2	CDH5	0.68709	50.64	0.641	rgb(224, 94, 96)	1.9928	None
NR4A2	HDAC7	-0.68709	50.64	-6.4E-01	rgb( 78,132,241)	1.9928	None
NR4A2	INSM1	0.68709	50.64	0.639	rgb(224, 95, 96)	1.9928	None
NR4A2	MSMB	0.68709	50.64	0.645	rgb(224, 94, 95)	1.9928	None
NR4A2	WNK3	0.68709	50.64	0.643	rgb(224, 94, 95)	1.9928	None
PAX4	RIIAD1	-0.68709	50.64	-6.4E-01	rgb( 78,132,241)	1.9928	None
PBX1	ASRGL1	0.68709	50.64	0.636	rgb(224, 96, 97)	1.9928	None
PRDM16	AEBP1	-0.68709	50.64	-6.4E-01	rgb( 79,133,241)	1.9928	None
RFX6	CABP7	0.68709	50.64	0.883	rgb(227, 48, 50)	1.9928	None
RORC	PCDHB15	-0.68709	50.64	-6.4E-01	rgb( 79,133,241)	1.9928	None
SMAD9	PDZD4	0.68709	50.64	0.637	rgb(224, 95, 97)	1.9928	None
TEAD1	COL14A1	-0.68709	50.64	-6.4E-01	rgb( 78,132,241)	1.9928	None
TEAD1	PCBP4	-0.68709	50.64	-6.4E-01	rgb( 79,133,241)	1.9928	None
ZFHX2	CELF4	-0.68709	50.64	-6.4E-01	rgb( 78,132,241)	1.9928	None
ZFHX2	GPR123	-0.68709	50.64	-6.4E-01	rgb( 77,132,241)	1.9928	2,2
ZFP28	SCN2A	0.68709	50.64	0.645	rgb(224, 94, 95)	1.9928	None
ZNF117	AX748379	0.68709	50.64	0.635	rgb(224, 96, 97)	1.9928	2,2
ZNF382	DPP10	-0.68709	50.64	-6.4E-01	rgb( 77,132,241)	1.9928	None
ZNF846	CACNA2D1	0.68709	50.64	0.643	rgb(224, 94, 96)	1.9928	None
ZNF846	CNOT6L	-0.68709	50.64	-6.4E-01	rgb( 79,133,241)	1.9928	None
ZNF846	REM2	-0.68709	50.64	-6.4E-01	rgb( 79,133,241)	1.9928	None
ARX	HOXB9	0.68198	50.57	0.568	rgb(223,109,110)	1.9914	None
ARX	ISL1	0.68198	50.57	0.57	rgb(223,108,109)	1.9914	None
ASCL2	CADPS	0.68198	50.57	0.567	rgb(223,109,110)	1.9914	None
EGR3	AVPR1B	-0.68198	50.57	-5.7E-01	rgb( 94,142,238)	1.9914	None
ETS1	CHST10	-0.68198	50.57	-5.7E-01	rgb( 92,141,239)	1.9914	None
ETV1	BOC	0.68198	50.57	0.572	rgb(223,108,109)	1.9914	None
ETV1	COL14A1	0.68198	50.57	0.57	rgb(223,108,109)	1.9914	None
FEV	GDF1	0.68198	50.57	0.82	rgb(226, 60, 62)	1.9914	None
FEV	MIR7-3HG	0.68198	50.57	0.573	rgb(223,107,109)	1.9914	None
GATA2	TSPAN11	0.68198	50.57	0.575	rgb(223,107,108)	1.9914	None
GATA6	ADCY2	-0.68198	50.57	-5.7E-01	rgb( 93,141,239)	1.9914	None
GATA6	FSD1	-0.68198	50.57	-5.7E-01	rgb( 93,142,239)	1.9914	None
HIF1A	ZFP90	0.68198	50.57	0.57	rgb(223,108,109)	1.9914	None
LMX1A	AK054990	0.68198	50.57	0.57	rgb(223,108,109)	1.9914	2,2
LMX1A	RPRML	0.68198	50.57	0.574	rgb(223,107,108)	1.9914	None
MAFB	GAP43	0.68198	50.57	0.57	rgb(223,108,109)	1.9914	None
MXI1	SLC51B	0.68198	50.57	0.565	rgb(223,109,110)	1.9914	None
NEUROG3	CADPS	0.68198	50.57	0.567	rgb(223,109,110)	1.9914	None
NFAT5	ZNF492	0.68198	50.57	0.574	rgb(223,107,109)	1.9914	2,2
NKX2-2	HECW2	0.68198	50.57	0.571	rgb(223,108,109)	1.9914	None
RORC	DHRS2	0.68198	50.57	0.568	rgb(223,108,110)	1.9914	None
SMAD9	DYNC1I1	0.68198	50.57	0.566	rgb(223,109,110)	1.9914	None
SMAD9	RYBP	0.68198	50.57	0.572	rgb(223,108,109)	1.9914	None
SOX4	ELAVL3	-0.68198	50.57	-5.7E-01	rgb( 94,142,239)	1.9914	None
SOX4	OLFML2B	0.68198	50.57	0.731	rgb(225, 77, 79)	1.9914	None
SPIB	FSD1	0.68198	50.57	0.566	rgb(223,109,110)	1.9914	None
TEAD1	PTCH1	0.68198	50.57	0.57	rgb(223,108,109)	1.9914	None
TEAD2	TEKT2	0.68198	50.57	0.57	rgb(223,108,109)	1.9914	None
TGIF2	PRICKLE2	0.68198	50.57	0.567	rgb(223,109,110)	1.9914	None
TSHZ1	CR627394	0.68198	50.57	0.574	rgb(223,107,108)	1.9914	2,2
ZFP28	F10	-0.68198	50.57	-5.7E-01	rgb( 94,142,239)	1.9914	None
ZFP82	ABLIM2	0.68198	50.57	0.575	rgb(223,107,108)	1.9914	None
ZFP82	MEX3A	0.68198	50.57	0.566	rgb(223,109,110)	1.9914	None
ZNF492	AMPD3	0.68198	50.57	0.571	rgb(223,108,109)	1.9914	None
ZNF846	SERTAD1	-0.68198	50.57	-5.7E-01	rgb( 94,142,239)	1.9914	None
ZNF846	TPST2	-0.68198	50.57	-5.7E-01	rgb( 93,142,239)	1.9914	None
ZNF846	ZNF853	-0.68198	50.57	-5.7E-01	rgb( 93,142,239)	1.9914	None
ARX	GPM6B	0.67826	50.63	0.634	rgb(224, 96, 97)	1.9926	2,2
ARX	SLC26A7	-0.67826	50.63	-6.3E-01	rgb( 80,134,241)	1.9926	None
ASCL1	SDK2	0.67826	50.63	0.632	rgb(224, 96, 98)	1.9926	None
ELF4	GPR162	-0.67826	50.63	-6.3E-01	rgb( 79,133,241)	1.9926	None
ELF4	HMGN3	-0.67826	50.63	-6.3E-01	rgb( 81,134,241)	1.9926	None
ETS1	FAM13A-AS1	-0.67826	50.63	-6.3E-01	rgb( 80,134,241)	1.9926	None
ETV1	ONECUT2	-0.67826	50.63	-6.3E-01	rgb( 80,134,241)	1.9926	None
FOXA1	UBL5	-0.67826	50.63	-6.3E-01	rgb( 81,134,241)	1.9926	None
GATA2	KCNH8	0.67826	50.63	0.635	rgb(224, 96, 97)	1.9926	None
GATA4	CCDC146	0.67826	50.63	0.631	rgb(224, 96, 98)	1.9926	None
LHX1	FOXA1	0.67826	50.63	0.627	rgb(224, 97, 98)	1.9926	None
MAFA	PTP4A3	0.67826	50.63	0.633	rgb(224, 96, 97)	1.9926	None
MAFF	SFTPA2	-0.67826	50.63	-6.3E-01	rgb( 80,134,241)	1.9926	None
MYRF	LOC389332	0.67826	50.63	0.633	rgb(224, 96, 97)	1.9926	2,2
NEUROG3	PAM	0.67826	50.63	0.629	rgb(224, 97, 98)	1.9926	None
NKX2-2	CPB1	-0.67826	50.63	-6.3E-01	rgb( 80,134,241)	1.9926	None
NR4A2	BRSK1	0.67826	50.63	0.627	rgb(224, 97, 98)	1.9926	None
NR4A2	NHLH1	0.67826	50.63	0.633	rgb(224, 96, 97)	1.9926	None
NR4A2	SAP30	0.67826	50.63	0.627	rgb(224, 97, 99)	1.9926	None
PBX1	BAMBI	-0.67826	50.63	-6.3E-01	rgb( 80,134,241)	1.9926	None
PBX1	STXBP5L	-0.67826	50.63	-6.3E-01	rgb( 80,134,241)	1.9926	None
PRDM16	RRAGD	0.67826	50.63	0.627	rgb(224, 97, 98)	1.9926	None
SIM1	GPR116	0.67826	50.63	0.633	rgb(224, 96, 97)	1.9926	2,2
TEAD1	GIP	-0.67826	50.63	-6.3E-01	rgb( 81,134,241)	1.9926	None
TEAD2	CHRNA5	-0.67826	50.63	-6.3E-01	rgb( 79,133,241)	1.9926	None
ZFHX2	MEX3B	0.67826	50.63	0.631	rgb(224, 97, 98)	1.9926	None
ZNF382	SIM1	-0.67826	50.63	-6.3E-01	rgb( 80,134,241)	1.9926	None
ARNT2	CAMKV	0.67329	50.56	0.562	rgb(223,110,111)	1.9912	None
ASCL2	TUBB4A	0.67329	50.56	0.562	rgb(223,110,111)	1.9912	2,2
ATOH8	CTSL2	0.67329	50.56	0.555	rgb(223,111,112)	1.9912	2,2
ELF4	SCIMP	0.67329	50.56	0.558	rgb(223,110,111)	1.9912	None
ETS1	GPR155	0.67329	50.56	0.56	rgb(223,110,111)	1.9912	None
FEV	CRYBA2	0.67329	50.56	0.56	rgb(223,110,111)	1.9912	None
GATA2	CHL1	0.67329	50.56	0.563	rgb(223,110,111)	1.9912	None
GATA2	ERO1LB	0.67329	50.56	0.562	rgb(223,110,111)	1.9912	2,2
HSF2	RGS4	0.67329	50.56	0.556	rgb(223,111,112)	1.9912	None
HSF2	SERPINA10	0.67329	50.56	0.56	rgb(223,110,111)	1.9912	None
HSF2	UBL5	-0.67329	50.56	-5.6E-01	rgb( 96,143,238)	1.9912	None
LHX1	NPSR1-AS1	0.67329	50.56	0.565	rgb(223,109,110)	1.9912	None
LMX1B	KCNH8	0.67329	50.56	0.56	rgb(223,110,111)	1.9912	None
LMX1B	TMEM196	0.67329	50.56	0.616	rgb(224, 99,101)	1.9912	None
MAFA	GADD45A	0.67329	50.56	0.557	rgb(223,111,112)	1.9912	None
MAFA	ICA1L	-0.67329	50.56	-5.6E-01	rgb( 94,142,238)	1.9912	None
MAFF	NRXN2	0.67329	50.56	0.557	rgb(223,111,112)	1.9912	None
NEUROG3	RASL11B	0.67329	50.56	0.567	rgb(223,109,110)	1.9912	None
NHLH1	AEBP1	0.67329	50.56	0.557	rgb(223,111,112)	1.9912	None
NHLH1	SOX4	0.67329	50.56	0.555	rgb(223,111,112)	1.9912	None
NKX6-1	BAI1	0.67329	50.56	0.555	rgb(223,111,112)	1.9912	2,2
NR4A2	DUSP2	-0.67329	50.56	-5.6E-01	rgb( 96,144,238)	1.9912	None
ONECUT2	APLN	-0.67329	50.56	-5.6E-01	rgb( 95,143,238)	1.9912	None
PDX1	COL16A1	0.67329	50.56	0.562	rgb(223,110,111)	1.9912	None
SMAD9	BGN	0.67329	50.56	0.564	rgb(223,109,110)	1.9912	None
SMAD9	EDIL3	0.67329	50.56	0.558	rgb(223,110,112)	1.9912	None
SOX4	CPE	0.67329	50.56	0.555	rgb(223,111,112)	1.9912	None
SOX4	SPINK4	0.67329	50.56	0.557	rgb(223,111,112)	1.9912	None
SPIB	DPP10	0.67329	50.56	0.565	rgb(223,109,110)	1.9912	None
SPIB	KNDC1	-0.67329	50.56	-5.6E-01	rgb( 95,143,238)	1.9912	None
TFCP2L1	ADCY2	-0.67329	50.56	-5.6E-01	rgb( 96,144,238)	1.9912	None
ZNF492	AK128559	0.67329	50.56	0.562	rgb(223,110,111)	1.9912	2,2
ZNF519	BAMBI	-0.67329	50.56	-5.6E-01	rgb( 96,143,238)	1.9912	None
ZNF519	TUBB3	-0.67329	50.56	-5.6E-01	rgb( 95,143,238)	1.9912	None
ZNF519	VOPP1	-0.67329	50.56	-5.6E-01	rgb( 96,143,238)	1.9912	None
ZNF846	FAM110B	-0.67329	50.56	-5.6E-01	rgb( 95,143,238)	1.9912	None
ELF4	LINC00939	-0.66722	50.62	-6.2E-01	rgb( 83,135,241)	1.9924	None
ELF4	NEFM	-0.66722	50.62	-6.2E-01	rgb( 83,136,240)	1.9924	None
ELF4	TTLL6	-0.66722	50.62	-6.2E-01	rgb( 83,136,240)	1.9924	None
ETS1	ZFP62	-0.66722	50.62	-6.2E-01	rgb( 82,135,241)	1.9924	None
ETS1	ZNF846	-0.66722	50.62	-6.2E-01	rgb( 82,135,241)	1.9924	None
FOXP2	GFRA1	-0.66722	50.62	-6.2E-01	rgb( 83,136,240)	1.9924	None
GATA2	CHD5	0.66722	50.62	0.621	rgb(224, 98,100)	1.9924	None
GATA2	USP41	0.66722	50.62	0.622	rgb(224, 98,100)	1.9924	None
GATA4	ISL1	0.66722	50.62	0.617	rgb(224, 99,100)	1.9924	None
GATA4	SEZ6	0.66722	50.62	0.621	rgb(224, 98,100)	1.9924	None
HIC1	MAP3K12	-0.66722	50.62	-6.2E-01	rgb( 82,135,241)	1.9924	None
HOMEZ	FOXP2	-0.66722	50.62	-6.2E-01	rgb( 82,135,241)	1.9924	None
HSF2	ZNF117	0.66722	50.62	0.622	rgb(224, 98, 99)	1.9924	None
LMX1A	BASP1	0.66722	50.62	0.883	rgb(227, 48, 50)	1.9924	None
MAFA	ADAMTSL2	0.66722	50.62	0.618	rgb(224, 99,100)	1.9924	None
MAFA	CCDC74A	-0.66722	50.62	-6.2E-01	rgb( 83,135,241)	1.9924	None
MAFA	IGSF10	0.66722	50.62	0.62	rgb(224, 99,100)	1.9924	None
MAFA	PDE2A	0.66722	50.62	0.621	rgb(224, 98,100)	1.9924	None
MAFB	SCIMP	0.66722	50.62	0.618	rgb(224, 99,100)	1.9924	None
MAFF	GDF11	-0.66722	50.62	-6.2E-01	rgb( 82,135,241)	1.9924	None
MAFF	WSCD1	0.66722	50.62	0.617	rgb(224, 99,100)	1.9924	None
NEUROD1	BAI1	0.66722	50.62	0.622	rgb(224, 98, 99)	1.9924	2,2
NEUROD2	ISLR2	0.66722	50.62	0.621	rgb(224, 98,100)	1.9924	None
NEUROG3	INSRR	0.66722	50.62	0.617	rgb(224, 99,100)	1.9924	None
NR4A2	GFRA1	0.66722	50.62	0.623	rgb(224, 98, 99)	1.9924	None
NR4A2	QSOX2	-0.66722	50.62	-6.2E-01	rgb( 82,135,241)	1.9924	None
PAX6	CLSPN	0.66722	50.62	0.625	rgb(224, 98, 99)	1.9924	None
PAX6	STK31	-0.66722	50.62	-6.2E-01	rgb( 83,136,240)	1.9924	None
PRDM16	HINT1	-0.66722	50.62	-6.2E-01	rgb( 83,136,240)	1.9924	None
PRDM16	UNC79	-0.66722	50.62	-6.2E-01	rgb( 82,135,241)	1.9924	None
RFX2	TUBB4A	0.66722	50.62	0.623	rgb(224, 98, 99)	1.9924	2,2
RFX3	FAM167A	0.66722	50.62	0.621	rgb(224, 98,100)	1.9924	None
RFX3	HSF2	0.66722	50.62	0.616	rgb(224, 99,101)	1.9924	None
RORC	BEND5	-0.66722	50.62	-6.2E-01	rgb( 82,135,241)	1.9924	None
SPIB	CABP7	-0.66722	50.62	-6.2E-01	rgb( 83,135,240)	1.9924	None
SPIB	GRB14	-0.66722	50.62	-6.2E-01	rgb( 82,135,241)	1.9924	None
SPIB	IL17C	0.66722	50.62	0.619	rgb(224, 99,100)	1.9924	None
TFCP2L1	FER1L6-AS1	-0.66722	50.62	-6.2E-01	rgb( 83,135,241)	1.9924	None
TFCP2L1	SEZ6	0.66722	50.62	0.619	rgb(224, 99,100)	1.9924	None
TFCP2L1	UNC79	0.66722	50.62	0.618	rgb(224, 99,100)	1.9924	None
ZFHX2	ADAM12	-0.66722	50.62	-6.2E-01	rgb( 83,136,240)	1.9924	None
ZFHX2	EID2	-0.66722	50.62	-6.2E-01	rgb( 81,135,241)	1.9924	None
ZFP82	MYBPC2	-0.66722	50.62	-6.2E-01	rgb( 82,135,241)	1.9924	None
ZNF382	NPAS3	-0.66722	50.62	-6.2E-01	rgb( 82,135,241)	1.9924	None
ASCL2	CHST8	0.66211	50.55	0.554	rgb(223,111,112)	1.991	None
ASCL2	KCNH2	0.66211	50.55	0.549	rgb(223,112,113)	1.991	None
EGR3	ELF4	-0.66211	50.55	-5.5E-01	rgb( 97,144,238)	1.991	None
EGR3	VSTM2L	-0.66211	50.55	-5.5E-01	rgb( 98,145,238)	1.991	None
ETV1	EFNB3	0.66211	50.55	0.55	rgb(223,112,113)	1.991	None
ETV1	NEFM	0.66211	50.55	0.554	rgb(223,111,112)	1.991	None
GATA4	SCN2A	-0.66211	50.55	-5.5E-01	rgb( 97,144,238)	1.991	None
GATA6	NFRKB	-0.66211	50.55	-5.5E-01	rgb( 97,144,238)	1.991	None
HES4	GRASP	0.66211	50.55	0.548	rgb(223,112,114)	1.991	None
HIC1	L1TD1	-0.66211	50.55	-5.5E-01	rgb( 98,144,238)	1.991	None
HOXB9	LINC00202-1	-0.66211	50.55	-5.5E-01	rgb( 98,144,238)	1.991	2,2
LMX1B	ARNT2	0.66211	50.55	0.547	rgb(223,113,114)	1.991	None
LMX1B	TUBB2B	0.66211	50.55	0.55	rgb(223,112,113)	1.991	None
MAFB	CCL19	0.66211	50.55	0.554	rgb(223,111,112)	1.991	None
NHLH1	CDKN1C	0.66211	50.55	0.553	rgb(223,111,112)	1.991	None
NR4A3	CACNA2D1	0.66211	50.55	0.553	rgb(223,111,112)	1.991	None
NR4A3	KCNB2	0.66211	50.55	0.554	rgb(223,111,112)	1.991	None
ONECUT2	JX088243	0.66211	50.55	0.545	rgb(223,113,114)	1.991	2,2
ONECUT2	SERF2-C15ORF63	-0.66211	50.55	-5.5E-01	rgb( 98,145,238)	1.991	2,2
PAX6	EYA4	0.66211	50.55	0.549	rgb(223,112,113)	1.991	None
PDX1	VSTM4	-0.66211	50.55	-5.5E-01	rgb( 97,144,238)	1.991	None
RFX2	HV535469	0.66211	50.55	0.55	rgb(223,112,113)	1.991	2,2
RORC	POU6F1	0.66211	50.55	0.549	rgb(223,112,113)	1.991	None
SMAD9	CPE	0.66211	50.55	0.549	rgb(223,112,113)	1.991	None
SOX4	HOPX	0.66211	50.55	0.548	rgb(223,112,113)	1.991	None
SOX4	PPP1R3C	0.66211	50.55	0.552	rgb(223,112,113)	1.991	None
SOX4	USP13	-0.66211	50.55	-5.5E-01	rgb( 99,145,238)	1.991	None
SPIB	ISL1	0.66211	50.55	0.548	rgb(223,112,113)	1.991	None
SPIB	RSAD2	0.66211	50.55	0.547	rgb(223,113,114)	1.991	None
TEAD2	MEX3A	0.66211	50.55	0.549	rgb(223,112,113)	1.991	None
TFCP2L1	HES4	-0.66211	50.55	-5.5E-01	rgb( 98,145,238)	1.991	None
TGIF2	TMEM70	-0.66211	50.55	-5.5E-01	rgb( 99,145,238)	1.991	None
TP73	ATP6V0E2	0.66211	50.55	0.548	rgb(223,112,113)	1.991	None
ZFHX2	RAPGEF4	0.66211	50.55	0.55	rgb(223,112,113)	1.991	None
ZFHX2	TMEM70	-0.66211	50.55	-5.5E-01	rgb( 97,144,238)	1.991	None
ZNF492	AX747756	0.66211	50.55	0.554	rgb(223,111,112)	1.991	2,2
ZNF492	USP32P2	0.66211	50.6	0.604	rgb(224,102,103)	1.992	None
ARX	ANKRD36B	0.65508	50.61	0.606	rgb(224,101,103)	1.9922	2,2
ARX	CXXC4	-0.65508	50.61	-6.1E-01	rgb( 84,136,240)	1.9922	None
EGR3	NOXO1	0.65508	50.61	0.608	rgb(224,101,102)	1.9922	None
ELF4	DOK6	-0.65508	50.61	-6.1E-01	rgb( 85,137,240)	1.9922	None
ELF4	ITGBL1	-0.65508	50.61	-6.1E-01	rgb( 85,137,240)	1.9922	None
ELF4	KCNH8	-0.65508	50.61	-6.1E-01	rgb( 85,136,240)	1.9922	None
ETS1	POU6F1	-0.65508	50.61	-6.1E-01	rgb( 86,137,240)	1.9922	None
ETS1	QDPR	0.65508	50.61	0.605	rgb(224,101,103)	1.9922	None
GATA4	LOC653513	0.65508	50.61	0.61	rgb(224,100,102)	1.9922	2,2
GATA4	TMEFF2	0.65508	50.61	0.613	rgb(224,100,101)	1.9922	None
HOXB9	PBX1	0.65508	50.61	0.608	rgb(224,101,102)	1.9922	None
HSF2	F10	-0.65508	50.61	-6.1E-01	rgb( 84,136,240)	1.9922	None
HSF2	MBOAT4	-0.65508	50.61	-6.1E-01	rgb( 85,137,240)	1.9922	None
LHX1	EPM2A	-0.65508	50.61	-6.1E-01	rgb( 84,136,240)	1.9922	None
LMX1A	LRP4-AS1	0.65508	50.61	0.615	rgb(224,100,101)	1.9922	None
MAFA	NKX6-1	0.65508	50.61	0.611	rgb(224,100,102)	1.9922	None
MAFA	NRXN2	0.65508	50.61	0.609	rgb(224,101,102)	1.9922	None
MAFA	SCN3B	0.65508	50.61	0.615	rgb(224,100,101)	1.9922	None
MAFA	UNC79	0.65508	50.61	0.613	rgb(224,100,101)	1.9922	None
MAFB	EID1	-0.65508	50.61	-6.1E-01	rgb( 85,136,240)	1.9922	None
MAFB	TAF9B	0.65508	50.61	0.611	rgb(224,100,102)	1.9922	None
MAFF	GOLGA7B	-0.65508	50.61	-6.1E-01	rgb( 84,136,240)	1.9922	None
MXI1	SPIB	-0.65508	50.61	-6.1E-01	rgb( 85,137,240)	1.9922	None
MYRF	TMOD1	-0.65508	50.61	-7.8E-01	rgb( 47,114,247)	1.9922	None
NEUROD1	DUSP2	0.65508	50.61	0.612	rgb(224,100,101)	1.9922	None
NEUROG3	DQ592230	-0.65508	50.61	-6.1E-01	rgb( 84,136,240)	1.9922	2,2
NEUROG3	TUBA3FP	0.65508	50.61	0.612	rgb(224,100,101)	1.9922	None
NKX2-2	AK129879	0.65508	50.61	0.611	rgb(224,100,101)	1.9922	2,2
NR4A2	ABLIM2	-0.65508	50.61	-6.1E-01	rgb( 85,137,240)	1.9922	None
NR4A2	AK316092	0.65508	50.61	0.608	rgb(224,101,102)	1.9922	2,2
NR4A2	CD200	0.65508	50.61	0.615	rgb(224,100,101)	1.9922	None
NR4A2	PCDHB9	0.65508	50.61	0.606	rgb(224,101,102)	1.9922	2,2
NR4A2	UNC79	0.65508	50.61	0.615	rgb(224,100,101)	1.9922	None
ONECUT1	KSR2	0.65508	50.61	0.607	rgb(224,101,102)	1.9922	None
PAX6	GRIN1	0.65508	50.61	0.608	rgb(224,101,102)	1.9922	None
PAX6	LAMP5	0.65508	50.61	0.611	rgb(224,100,101)	1.9922	None
PBX1	MYRF	0.65508	50.61	0.611	rgb(224,100,101)	1.9922	None
PRDM16	KCNK3	-0.65508	50.61	-6.1E-01	rgb( 84,136,240)	1.9922	None
RFX6	AK056486	0.65508	50.61	0.614	rgb(224,100,101)	1.9922	2,2
RFX6	CYP4F24P	0.65508	50.61	0.671	rgb(224, 89, 90)	1.9922	None
TEAD1	CELA3A	-0.65508	50.61	-6.1E-01	rgb( 85,137,240)	1.9922	None
TEAD1	CYP4F24P	-0.65508	50.61	-6.3E-01	rgb( 80,134,241)	1.9922	None
TFCP2L1	CRIP2	0.65508	50.61	0.612	rgb(224,100,101)	1.9922	None
TFCP2L1	PRRT3	0.65508	50.61	0.606	rgb(224,101,102)	1.9922	None
ZFHX2	AP3B2	-0.65508	50.61	-6.1E-01	rgb( 85,137,240)	1.9922	None
ZFHX2	APLP1	-0.65508	50.61	-6.1E-01	rgb( 84,136,240)	1.9922	None
ZFHX2	ARX	-0.65508	50.61	-6.1E-01	rgb( 85,137,240)	1.9922	2,2
ZFHX2	NTS	-0.65508	50.61	-6.1E-01	rgb( 85,137,240)	1.9922	2,2
ZFHX2	PAPPA2	-0.65508	50.61	-6.1E-01	rgb( 84,136,240)	1.9922	None
ZFHX2	TPH1	-0.65508	50.61	-6.1E-01	rgb( 84,136,240)	1.9922	None
ZNF117	AX747756	0.65508	50.61	0.613	rgb(224,100,101)	1.9922	2,2
ARX	GRIK3	0.6508	50.54	0.542	rgb(223,113,115)	1.9908	2,2
ETS1	ELL2	0.6508	50.54	0.538	rgb(223,114,115)	1.9908	None
ETS1	PRKXP1	-0.6508	50.54	-5.4E-01	rgb(100,146,238)	1.9908	None
ETV1	B3GAT1	0.6508	50.54	0.536	rgb(223,115,116)	1.9908	None
ETV1	NFASC	0.6508	50.54	0.543	rgb(223,113,114)	1.9908	None
ETV1	RTN1	0.6508	50.54	0.543	rgb(223,113,114)	1.9908	None
ETV1	UNC79	0.6508	50.54	0.539	rgb(223,114,115)	1.9908	None
FEV	TMEFF1	0.6508	50.54	0.538	rgb(223,114,115)	1.9908	None
FOXP2	DOCK8	0.6508	50.54	0.543	rgb(223,113,114)	1.9908	None
FOXP2	POU2F2	0.6508	50.54	0.54	rgb(223,114,115)	1.9908	None
HHEX	DQ583756	0.6508	50.54	0.538	rgb(223,114,115)	1.9908	2,2
HIF1A	EGFR	0.6508	50.54	0.537	rgb(223,114,115)	1.9908	None
HSF2	GADD45A	-0.6508	50.54	-5.4E-01	rgb(100,146,238)	1.9908	None
HSF2	TMOD2	0.6508	50.54	0.541	rgb(223,114,115)	1.9908	None
LHX1	MMP11	0.6508	50.54	0.542	rgb(223,113,115)	1.9908	None
LMX1A	LPPR5	0.6508	50.54	0.539	rgb(223,114,115)	1.9908	2,2
MAFB	CDKN1C	0.6508	50.54	0.539	rgb(223,114,115)	1.9908	None
MAFB	TEKT2	0.6508	50.54	0.536	rgb(223,115,116)	1.9908	None
MLXIPL	MFAP2	0.6508	50.54	0.536	rgb(223,115,116)	1.9908	2,2
NEUROG3	SUCNR1	-0.6508	50.54	-5.4E-01	rgb(101,146,237)	1.9908	None
ONECUT1	AK128153	0.6508	50.54	0.536	rgb(223,115,116)	1.9908	2,2
ONECUT2	LOC100505716	0.6508	50.54	0.537	rgb(223,114,115)	1.9908	2,2
PDX1	CYP27A1	0.6508	50.54	0.545	rgb(223,113,114)	1.9908	None
PDX1	SLC7A4	0.6508	50.54	0.603	rgb(224,102,103)	1.9908	None
RORC	PPP1R3C	0.6508	50.54	0.541	rgb(223,114,115)	1.9908	None
SOX4	HCP5	0.6508	50.54	0.544	rgb(223,113,114)	1.9908	None
SPIB	GNG2	0.6508	50.54	0.544	rgb(223,113,114)	1.9908	None
SPIB	SYT14	0.6508	50.54	0.538	rgb(223,114,115)	1.9908	None
ZFHX2	PGM5P2	0.6508	50.54	0.545	rgb(223,113,114)	1.9908	2,2
ZNF492	MUC5B	0.6508	50.54	0.538	rgb(223,114,115)	1.9908	None
ZNF846	FUT7	-0.6508	50.54	-5.4E-01	rgb( 99,145,238)	1.9908	None
ARNT2	CELSR3	0.64528	50.6	0.71	rgb(225, 81, 83)	1.992	None
ARNT2	CITED2	0.64528	50.6	0.604	rgb(224,102,103)	1.992	None
ARX	MLN	0.64528	50.6	0.604	rgb(224,102,103)	1.992	None
ELF4	HLA-DPA1	-0.64528	50.6	-6.0E-01	rgb( 87,138,240)	1.992	None
ELF4	NOXO1	0.64528	50.6	0.6	rgb(224,102,104)	1.992	None
ELF4	SV2A	-0.64528	50.6	-6.0E-01	rgb( 88,138,240)	1.992	None
ELF4	VSTM4	-0.64528	50.6	-6.0E-01	rgb( 87,138,240)	1.992	None
ETS1	LOC100505716	-0.64528	50.6	-6.0E-01	rgb( 86,137,240)	1.992	2,2
GATA2	NPTX1	0.64528	50.6	0.597	rgb(224,103,104)	1.992	None
HES4	CFH	-0.64528	50.6	-6.0E-01	rgb( 87,138,240)	1.992	2,2
HHEX	CDHR3	0.64528	50.6	0.602	rgb(224,102,103)	1.992	None
HOMEZ	LPPR3	-0.64528	50.6	-6.0E-01	rgb( 87,138,240)	1.992	2,2
HSF2	SMAD9	0.64528	50.6	0.599	rgb(224,103,104)	1.992	None
LHX1	KIF1A	-0.64528	50.6	-6.0E-01	rgb( 88,138,240)	1.992	None
LHX1	PCED1B-AS1	-0.64528	50.6	-6.0E-01	rgb( 86,138,240)	1.992	None
LMX1A	SAMD14	-0.64528	50.6	-6.0E-01	rgb( 86,137,240)	1.992	None
MAFF	AK311213	-0.64528	50.6	-6.0E-01	rgb( 87,138,240)	1.992	2,2
NEUROD1	NRXN2	0.64528	50.6	0.598	rgb(224,103,104)	1.992	None
NEUROD1	PCSK1	0.64528	50.6	0.598	rgb(224,103,104)	1.992	None
NEUROG3	NEURL	0.64528	50.6	0.605	rgb(224,101,103)	1.992	2,2
NKX2-2	PELI3	-0.64528	50.6	-6.0E-01	rgb( 87,138,240)	1.992	None
NKX2-2	PTGDR2	-0.64528	50.6	-6.0E-01	rgb( 86,137,240)	1.992	None
NKX6-1	MICAL2	0.64528	50.6	0.601	rgb(224,102,103)	1.992	None
NR4A2	CRIP2	-0.64528	50.6	-6.0E-01	rgb( 87,138,240)	1.992	None
NR4A2	HIC1	-0.64528	50.6	-6.0E-01	rgb( 86,137,240)	1.992	None
NR4A2	LRFN1	0.64528	50.6	0.598	rgb(224,103,104)	1.992	None
PDX1	FOXP2	-0.64528	50.6	-6.0E-01	rgb( 88,138,240)	1.992	None
PRDM16	SYT5	-0.64528	50.6	-6.0E-01	rgb( 86,137,240)	1.992	None
RFX2	STK33	0.64528	50.6	0.598	rgb(224,103,104)	1.992	None
RFX6	L1TD1	0.64528	50.6	0.596	rgb(224,103,104)	1.992	None
RFX6	NKAIN1	0.64528	50.6	0.6	rgb(224,102,104)	1.992	None
RFX6	PAK3	0.64528	50.6	0.597	rgb(224,103,104)	1.992	2,2
RORC	SMARCA1	-0.64528	50.6	-6.0E-01	rgb( 87,138,240)	1.992	None
SPIB	EPHA8	0.64528	50.6	0.605	rgb(224,101,103)	1.992	None
SPIB	SLC30A4	0.64528	50.6	0.6	rgb(224,102,104)	1.992	None
TEAD1	TMEM145	-0.64528	50.6	-6.0E-01	rgb( 87,138,240)	1.992	None
ZFHX2	GAD2	-0.64528	50.6	-7.6E-01	rgb( 51,116,246)	1.992	None
ZFHX2	NEFL	-0.64528	50.6	-6.0E-01	rgb( 87,138,240)	1.992	None
ZFHX2	SPOCK3	-0.64528	50.6	-6.0E-01	rgb( 87,138,240)	1.992	None
ZNF492	CPE	-0.64528	50.6	-6.0E-01	rgb( 87,138,240)	1.992	None
ASCL1	CACNA1A	0.63976	50.53	0.526	rgb(223,117,118)	1.9906	None
ELF4	HCP5	-0.63976	50.53	-5.3E-01	rgb(103,148,237)	1.9906	None
ETV1	GPR137C	0.63976	50.53	0.535	rgb(223,115,116)	1.9906	None
ETV1	PPP1R1A	0.63976	50.53	0.534	rgb(223,115,116)	1.9906	None
FOXA1	C2CD4A	0.63976	50.53	0.53	rgb(223,116,117)	1.9906	None
FOXA1	CIB4	-0.63976	50.53	-5.3E-01	rgb(101,147,237)	1.9906	None
FOXA1	MAGED1	0.63976	50.53	0.531	rgb(223,116,117)	1.9906	None
GATA4	MAST1	-0.63976	50.53	-5.3E-01	rgb(103,147,237)	1.9906	None
GATA4	PRELP	-0.63976	50.53	-5.3E-01	rgb(102,147,237)	1.9906	None
GATA4	RTN1	0.63976	50.53	0.526	rgb(223,117,118)	1.9906	None
GATA4	STXBP1	-0.63976	50.53	-5.3E-01	rgb(102,147,237)	1.9906	None
HOMEZ	WISP1	0.63976	50.53	0.529	rgb(223,116,117)	1.9906	2,2
HSF2	FKBP7	0.63976	50.53	0.528	rgb(223,116,117)	1.9906	None
ISL1	ETV1	0.63976	50.53	0.526	rgb(223,117,118)	1.9906	None
LHX1	ACOT7	0.63976	50.53	0.528	rgb(223,116,117)	1.9906	None
LMX1A	VCAN	0.63976	50.53	0.533	rgb(223,115,116)	1.9906	None
MAFA	NEUROD2	0.63976	50.53	0.533	rgb(223,115,116)	1.9906	None
MAFA	VWCE	0.63976	50.53	0.527	rgb(223,116,117)	1.9906	None
MAFB	CERKL	0.63976	50.53	0.53	rgb(223,116,117)	1.9906	None
MAFB	SST	0.63976	50.53	0.531	rgb(223,116,117)	1.9906	None
NEUROD2	ARHGAP9	0.63976	50.53	0.526	rgb(223,116,118)	1.9906	None
NEUROD2	SERPINI1	0.63976	50.53	0.713	rgb(225, 81, 82)	1.9906	None
NR4A2	POU6F1	0.63976	50.53	0.527	rgb(223,116,117)	1.9906	None
ONECUT2	DQ598910	0.63976	50.53	0.535	rgb(223,115,116)	1.9906	2,2
PAX4	USP41	0.63976	50.53	0.531	rgb(223,116,117)	1.9906	None
PDX1	NEFL	-0.63976	50.53	-5.3E-01	rgb(101,147,237)	1.9906	None
PDX1	RTN4RL1	0.63976	50.53	0.528	rgb(223,116,117)	1.9906	None
PDX1	SPC25	-0.63976	50.53	-5.3E-01	rgb(102,147,237)	1.9906	None
RFX6	INSRR	0.63976	50.53	0.527	rgb(223,116,117)	1.9906	None
RORC	SPON1	-0.63976	50.53	-5.3E-01	rgb(102,147,237)	1.9906	None
SOX4	BOC	0.63976	50.53	0.527	rgb(223,116,117)	1.9906	None
SPIB	NRXN2	0.63976	50.53	0.53	rgb(223,116,117)	1.9906	None
TFCP2L1	NAALADL1	-0.63976	50.53	-5.3E-01	rgb(101,147,237)	1.9906	None
TGIF2	RNF157-AS1	0.63976	50.53	0.526	rgb(223,117,118)	1.9906	None
ZFHX2	GPR133	0.63976	50.53	0.527	rgb(223,116,117)	1.9906	2,2
ZFP92	AK316092	0.63976	50.53	0.532	rgb(223,115,116)	1.9906	2,2
ZNF382	BC006435	0.63976	50.53	0.53	rgb(223,116,117)	1.9906	2,2
ZNF846	CHRNA5	-0.63976	50.53	-5.3E-01	rgb(103,148,237)	1.9906	None
ZNF846	EID2	-0.63976	50.53	-5.3E-01	rgb(102,147,237)	1.9906	None
ZNF846	UBL5	0.63976	50.53	0.638	rgb(224, 95, 96)	1.9906	None
ASCL2	SV2B	-0.63383	50.59	-5.9E-01	rgb( 88,138,240)	1.9918	None
ATF5	PLCE1-AS1	0.63383	50.59	0.591	rgb(224,104,105)	1.9918	2,2
ELF4	BRSK1	-0.63383	50.59	-5.9E-01	rgb( 88,139,240)	1.9918	None
ELF4	PDGFD	-0.63383	50.59	-5.9E-01	rgb( 89,139,239)	1.9918	None
ELF4	USP41	-0.63383	50.59	-5.9E-01	rgb( 88,139,240)	1.9918	None
ETV1	DPYSL4	-0.63383	50.59	-7.1E-01	rgb( 62,123,244)	1.9918	None
GATA4	LAMP5	0.63383	50.59	0.585	rgb(223,105,106)	1.9918	None
GATA4	VCAN	0.63383	50.59	0.585	rgb(223,105,106)	1.9918	None
GRHL3	RPS16P5	0.63383	50.59	0.585	rgb(223,105,106)	1.9918	2,2
LMX1A	FAM13A-AS1	0.63383	50.59	0.593	rgb(224,104,105)	1.9918	None
LMX1A	LOC100131257	0.63383	50.59	0.588	rgb(223,105,106)	1.9918	2,2
LMX1A	SMARCC1	-0.63383	50.59	-5.9E-01	rgb( 89,139,239)	1.9918	None
MAFA	ENPP1	0.63383	50.59	0.587	rgb(223,105,106)	1.9918	None
MAFA	FAM179A	0.63383	50.59	0.586	rgb(223,105,106)	1.9918	2,2
NEUROG3	NCS1	0.63383	50.59	0.586	rgb(223,105,106)	1.9918	None
NFAT5	EGR3	-0.63383	50.59	-5.9E-01	rgb( 88,139,240)	1.9918	None
NHLH1	WNT6	0.63383	50.59	0.586	rgb(223,105,106)	1.9918	None
NR4A2	HEPACAM2	0.63383	50.59	0.593	rgb(224,104,105)	1.9918	None
NR4A2	MAST1	-0.63383	50.59	-5.9E-01	rgb( 90,140,239)	1.9918	None
NR4A2	MDK	0.63383	50.59	0.586	rgb(223,105,106)	1.9918	None
NR4A2	TUB	0.63383	50.59	0.589	rgb(223,105,106)	1.9918	None
NR4A3	CREBRF	0.63383	50.59	0.593	rgb(224,104,105)	1.9918	None
PBX1	CHRM4	0.63383	50.59	0.586	rgb(223,105,106)	1.9918	None
PBX1	SST	-0.63383	50.59	-6.0E-01	rgb( 86,138,240)	1.9918	None
PDX1	WNT9A	-0.63383	50.59	-5.9E-01	rgb( 88,139,240)	1.9918	None
PRDM16	AMPD3	0.63383	50.59	0.588	rgb(223,105,106)	1.9918	None
RFX6	CELF5	0.63383	50.59	0.587	rgb(223,105,106)	1.9918	None
RFX6	TUBA1A	0.63383	50.59	0.587	rgb(223,105,106)	1.9918	None
TEAD1	CDH5	-0.63383	50.59	-5.9E-01	rgb( 89,139,239)	1.9918	None
TEAD1	EVL	-0.63383	50.59	-5.9E-01	rgb( 88,139,240)	1.9918	None
TEAD1	LRRC10B	-0.63383	50.59	-5.9E-01	rgb( 90,140,239)	1.9918	None
TEAD1	PODXL2	-0.63383	50.59	-5.9E-01	rgb( 89,139,239)	1.9918	None
TEAD1	PRKCG	-0.63383	50.59	-5.9E-01	rgb( 89,139,239)	1.9918	None
TFCP2L1	SV2A	0.63383	50.59	0.586	rgb(223,105,106)	1.9918	None
ZFHX2	AK054990	-0.63383	50.59	-5.9E-01	rgb( 89,139,239)	1.9918	2,2
ZFHX2	COL14A1	-0.63383	50.59	-5.9E-01	rgb( 89,139,239)	1.9918	None
ZFHX2	DDC	-0.63383	50.59	-5.9E-01	rgb( 88,139,240)	1.9918	None
ZFHX2	LINC00890	-0.63383	50.59	-5.9E-01	rgb( 89,139,239)	1.9918	2,2
ZFP62	MIR29C	0.63383	50.59	0.586	rgb(223,105,106)	1.9918	2,2
ZFP92	XAF1	0.63383	50.59	0.59	rgb(223,104,106)	1.9918	2,2
ZNF492	PDX1	-0.63383	50.59	-5.9E-01	rgb( 89,139,239)	1.9918	None
ZNF846	ACOT7	0.63383	50.59	0.586	rgb(223,105,106)	1.9918	None
ZNF846	LIMCH1	-0.63383	50.59	-5.9E-01	rgb( 89,139,239)	1.9918	None
ATF6	STXBP1	0.62873	50.52	0.515	rgb(223,119,120)	1.9904	None
ELF4	HES6	-0.62873	50.52	-5.2E-01	rgb(103,148,237)	1.9904	None
ETV1	FAM227A	0.62873	50.52	0.521	rgb(223,117,118)	1.9904	None
ETV1	MAP2	0.62873	50.52	0.52	rgb(223,118,119)	1.9904	None
ETV1	PCSK1	0.62873	50.52	0.516	rgb(223,118,119)	1.9904	None
FOXA1	NNMT	0.62873	50.52	0.52	rgb(223,118,119)	1.9904	None
FOXA2	CBX7	-0.62873	50.52	-5.2E-01	rgb(105,149,237)	1.9904	None
FOXA2	SPARC	0.62873	50.52	0.518	rgb(223,118,119)	1.9904	None
GATA2	SLC7A4	0.62873	50.52	0.521	rgb(223,117,119)	1.9904	None
GATA4	GDF1	0.62873	50.52	0.518	rgb(223,118,119)	1.9904	None
GATA4	SPC25	-0.62873	50.52	-5.2E-01	rgb(104,148,237)	1.9904	None
HSF2	MS4A8	-0.62873	50.52	-5.2E-01	rgb(104,148,237)	1.9904	None
LHX1	PDE8B	-0.62873	50.52	-5.2E-01	rgb(103,148,237)	1.9904	None
LHX1	PDX1	0.62873	50.52	0.517	rgb(223,118,119)	1.9904	None
LHX1	RPS3	0.62873	50.52	0.52	rgb(223,118,119)	1.9904	None
LMX1A	KCNJ3	-0.62873	50.52	-5.5E-01	rgb( 99,145,238)	1.9904	None
MAFA	HEYL	0.62873	50.52	0.523	rgb(223,117,118)	1.9904	None
NEUROG3	GLT8D2	0.62873	50.52	0.752	rgb(225, 73, 75)	1.9904	None
NFAT5	AK125858	0.62873	50.52	0.521	rgb(223,118,119)	1.9904	2,2
NFAT5	AX746991	0.62873	50.52	0.523	rgb(223,117,118)	1.9904	2,2
NR4A3	PSD	0.62873	50.52	0.518	rgb(223,118,119)	1.9904	None
NR4A3	RAB39B	0.62873	50.52	0.521	rgb(223,118,119)	1.9904	2,2
NR4A3	ZDHHC8P1	0.62873	50.52	0.517	rgb(223,118,119)	1.9904	None
PAX6	FGF14	0.62873	50.52	0.522	rgb(223,117,118)	1.9904	None
PDX1	CRY2	0.62873	50.52	0.518	rgb(223,118,119)	1.9904	None
PRDM16	BC029255	0.62873	50.52	0.522	rgb(223,117,118)	1.9904	2,2
RFX2	EID2	-0.62873	50.52	-5.2E-01	rgb(104,149,237)	1.9904	None
SMAD9	CAMK2B	0.62873	50.52	0.517	rgb(223,118,119)	1.9904	None
SOX4	SLC51B	0.62873	50.52	0.524	rgb(223,117,118)	1.9904	None
SOX4	SPON2	0.62873	50.52	0.818	rgb(226, 61, 62)	1.9904	None
TFCP2L1	CPA1	-0.62873	50.52	-5.2E-01	rgb(103,148,237)	1.9904	None
ZFHX2	CAMK1G	0.62873	50.52	0.515	rgb(223,119,120)	1.9904	None
ZFP82	CRISPLD2	0.62873	50.52	0.521	rgb(223,117,119)	1.9904	None
ZFP82	FAT3	0.62873	50.52	0.515	rgb(223,119,120)	1.9904	None
ZNF492	BC022892	0.62873	50.52	0.52	rgb(223,118,119)	1.9904	2,2
ZNF492	DKFZP434K028	0.62873	50.52	0.524	rgb(223,117,118)	1.9904	2,2
ZNF492	SGCD	0.62873	50.52	0.515	rgb(223,119,120)	1.9904	None
ATF6	ASXL3	0.62376	50.51	0.513	rgb(223,119,120)	1.9902	None
EGR3	ENPP1	-0.62376	50.51	-5.1E-01	rgb(107,150,236)	1.9902	None
ELF4	CHST10	-0.62376	50.51	-5.1E-01	rgb(107,150,236)	1.9902	None
ETV1	SEPT5-GP1BB	0.62376	50.51	0.511	rgb(223,119,120)	1.9902	2,2
FEV	SYN1	0.62376	50.51	0.511	rgb(223,119,120)	1.9902	None
FOXA1	NALCN	-0.62376	50.51	-5.1E-01	rgb(107,150,236)	1.9902	None
FOXA1	PCSK2	-0.62376	50.51	-5.1E-01	rgb(106,149,236)	1.9902	None
FOXA2	KCNJ3	-0.62376	50.51	-5.1E-01	rgb(106,149,237)	1.9902	None
FOXP2	LINC00261	0.62376	50.51	0.514	rgb(223,119,120)	1.9902	None
FOXP2	TOX	0.62376	50.51	0.51	rgb(223,120,121)	1.9902	None
GATA2	CCDC181	0.62376	50.51	0.512	rgb(223,119,120)	1.9902	None
GATA2	PCDH20	0.62376	50.51	0.513	rgb(223,119,120)	1.9902	2,2
HOXB9	FOXP2	-0.62376	50.51	-5.1E-01	rgb(106,150,236)	1.9902	None
HSF2	KCNH8	0.62376	50.51	0.505	rgb(223,120,121)	1.9902	None
HSF2	TRPC7	-0.62376	50.51	-5.1E-01	rgb(107,150,236)	1.9902	None
LMX1B	EPHA4	0.62376	50.51	0.515	rgb(223,119,120)	1.9902	None
MAFA	RASD1	0.62376	50.58	0.584	rgb(223,106,107)	1.9916	None
MAFB	RAB3C	0.62376	50.51	0.514	rgb(223,119,120)	1.9902	None
NEUROG3	LOC100129175	-0.62376	50.51	-5.1E-01	rgb(107,150,236)	1.9902	None
NEUROG3	NPSR1-AS1	0.62376	50.51	0.6	rgb(224,102,104)	1.9902	None
NR4A3	SPTBN4	0.62376	50.51	0.506	rgb(223,120,121)	1.9902	None
NR4A3	TRAM1L1	0.62376	50.51	0.513	rgb(223,119,120)	1.9902	2,2
PAX4	INS-IGF2	0.62376	50.51	0.506	rgb(223,120,121)	1.9902	None
PAX6	SPTBN4	0.62376	50.51	0.514	rgb(223,119,120)	1.9902	None
PBX1	TUBB3	-0.62376	50.51	-5.1E-01	rgb(107,150,236)	1.9902	None
RFX6	EGR3	-0.62376	50.51	-5.1E-01	rgb(107,150,236)	1.9902	None
RORC	BCORL1	0.62376	50.51	0.512	rgb(223,119,120)	1.9902	None
RORC	CPLX2	0.62376	50.51	0.509	rgb(223,120,121)	1.9902	None
SMAD9	PCSK1	0.62376	50.51	0.509	rgb(223,120,121)	1.9902	None
SMAD9	PROX1	0.62376	50.51	0.51	rgb(223,120,121)	1.9902	None
SOX4	CITED2	0.62376	50.51	0.508	rgb(223,120,121)	1.9902	None
SOX4	CSF1R	0.62376	50.51	0.789	rgb(226, 66, 68)	1.9902	None
SOX4	TFPI2	0.62376	50.51	0.508	rgb(223,120,121)	1.9902	None
TFCP2L1	GPR137C	-0.62376	50.51	-5.1E-01	rgb(106,150,236)	1.9902	None
TFCP2L1	REM2	-0.62376	50.51	-5.1E-01	rgb(106,149,237)	1.9902	None
ZNF519	MAGED1	-0.62376	50.51	-5.1E-01	rgb(107,150,236)	1.9902	None
ARX	LOC100505716	0.61741	50.58	0.581	rgb(223,106,107)	1.9916	2,2
DACH1	AX746995	0.61741	50.58	0.584	rgb(223,105,107)	1.9916	2,2
DACH1	CSH2	0.61741	50.58	0.578	rgb(223,107,108)	1.9916	2,2
ELF4	CHST8	-0.61741	50.58	-5.8E-01	rgb( 91,140,239)	1.9916	None
ETS1	CR627394	-0.61741	50.58	-5.8E-01	rgb( 91,141,239)	1.9916	2,2
ISL1	AX746823	0.61741	50.58	0.575	rgb(223,107,108)	1.9916	2,2
LMX1A	DOCK8	-0.61741	50.58	-5.8E-01	rgb( 91,141,239)	1.9916	None
LMX1A	KCNH8	-0.61741	50.58	-5.8E-01	rgb( 90,140,239)	1.9916	None
LMX1A	LTBP2	-0.61741	50.58	-5.8E-01	rgb( 91,140,239)	1.9916	None
LMX1A	NKX6-1	-0.61741	50.58	-5.8E-01	rgb( 90,140,239)	1.9916	2,2
MAFA	BRS3	0.61741	50.58	0.576	rgb(223,107,108)	1.9916	None
MAFA	GNAO1	0.61741	50.58	0.581	rgb(223,106,107)	1.9916	None
MAFA	IFI44	-0.61741	50.58	-5.8E-01	rgb( 92,141,239)	1.9916	None
MAFA	MIAT	0.61741	50.58	0.582	rgb(223,106,107)	1.9916	None
MAFB	NKTR	0.61741	50.58	0.578	rgb(223,107,108)	1.9916	None
MYRF	PCDH11X	-0.61741	50.58	-5.8E-01	rgb( 91,140,239)	1.9916	2,2
MYT1	NXF2	0.61741	50.58	0.583	rgb(223,106,107)	1.9916	2,2
NEUROD1	LMX1B	0.61741	50.58	0.582	rgb(223,106,107)	1.9916	None
NEUROG3	SYT14	0.61741	50.58	0.583	rgb(223,106,107)	1.9916	None
NHLH1	UNC13A	-0.61741	50.58	-5.8E-01	rgb( 90,140,239)	1.9916	None
NKX2-2	NR4A2	0.61741	50.58	0.581	rgb(223,106,107)	1.9916	None
NKX6-1	LAMP5	-0.61741	50.58	-5.8E-01	rgb( 92,141,239)	1.9916	None
NR4A2	GIP	-0.61741	50.58	-5.8E-01	rgb( 91,140,239)	1.9916	None
NR4A2	MX2	0.61741	50.58	0.581	rgb(223,106,107)	1.9916	None
NR4A2	NDRG4	-0.61741	50.58	-8.1E-01	rgb( 40,110,248)	1.9916	None
ONECUT1	ADD2	0.61741	50.58	0.578	rgb(223,107,108)	1.9916	None
ONECUT1	CELSR3	0.61741	50.58	0.579	rgb(223,106,108)	1.9916	None
ONECUT1	STX1A	0.61741	50.58	0.576	rgb(223,107,108)	1.9916	None
ONECUT2	MXI1	-0.61741	50.58	-5.8E-01	rgb( 92,141,239)	1.9916	None
ONECUT3	SHC3	0.61741	50.58	0.581	rgb(223,106,107)	1.9916	None
PAX6	CD200	-0.61741	50.58	-5.8E-01	rgb( 91,141,239)	1.9916	None
PRDM16	OR51E1	-0.61741	50.58	-5.8E-01	rgb( 91,140,239)	1.9916	None
RFX3	DQ583756	0.61741	50.58	0.58	rgb(223,106,107)	1.9916	2,2
SPIB	ASIC1	-0.61741	50.58	-5.8E-01	rgb( 91,140,239)	1.9916	None
SPIB	BEND5	-0.61741	50.58	-5.8E-01	rgb( 91,140,239)	1.9916	None
TEAD1	COL10A1	0.61741	50.58	0.76	rgb(225, 72, 73)	1.9916	None
TEAD1	LGR6	-0.61741	50.58	-5.8E-01	rgb( 91,140,239)	1.9916	None
TEAD1	PPP1R16B	-0.61741	50.58	-5.8E-01	rgb( 91,141,239)	1.9916	None
TEAD1	SCN2A	-0.61741	50.58	-5.8E-01	rgb( 91,141,239)	1.9916	None
TFCP2L1	INS-IGF2	0.61741	50.58	0.576	rgb(223,107,108)	1.9916	None
TFCP2L1	LSP1	0.61741	50.58	0.575	rgb(223,107,108)	1.9916	None
TFCP2L1	PGA3	0.61741	50.58	0.575	rgb(223,107,108)	1.9916	None
ZFHX2	CLEC4G	-0.61741	50.58	-5.8E-01	rgb( 92,141,239)	1.9916	2,2
ZFHX2	GPBAR1	-0.61741	50.58	-5.8E-01	rgb( 91,140,239)	1.9916	None
ZFHX2	KIAA2022	-0.61741	50.58	-5.8E-01	rgb( 92,141,239)	1.9916	2,2
ZNF382	KAL1	-0.61741	50.58	-5.8E-01	rgb( 91,140,239)	1.9916	2,2
ASCL1	GPR148	0.61327	50.5	0.498	rgb(222,122,123)	1.99	None
ASCL2	NPM2	0.61327	50.5	0.498	rgb(222,122,123)	1.99	None
ATF6	SCG2	-0.61327	50.5	-5.0E-01	rgb(107,150,236)	1.99	None
EGR3	GATA2	-0.61327	50.5	-5.0E-01	rgb(109,151,236)	1.99	2,2
EGR3	LRIG1	0.61327	50.5	0.642	rgb(224, 94, 96)	1.99	None
ETS1	SLC30A4	-0.61327	50.55	-5.5E-01	rgb( 97,144,238)	1.991	None
ETV1	ABCC8	0.61327	50.5	0.496	rgb(222,122,123)	1.99	None
ETV1	NHLH1	-0.61327	50.5	-5.0E-01	rgb(109,151,236)	1.99	None
FEV	MAPK8IP1	0.61327	50.5	0.501	rgb(223,121,122)	1.99	None
FEV	RET	0.61327	50.5	0.501	rgb(223,121,122)	1.99	None
FOXA1	ACOT7	0.61327	50.5	0.505	rgb(223,121,122)	1.99	None
FOXA1	KCNF1	-0.61327	50.5	-5.0E-01	rgb(110,152,236)	1.99	None
FOXP2	CCDC154	0.61327	50.5	0.5	rgb(223,121,122)	1.99	2,2
FOXP2	KCNH7	0.61327	50.5	0.503	rgb(223,121,122)	1.99	None
GLIS2	PSD	0.61327	50.5	0.504	rgb(223,121,122)	1.99	None
LMX1A	HCP5	0.61327	50.5	0.497	rgb(222,122,123)	1.99	None
LMX1B	SPARC	0.61327	50.5	0.497	rgb(222,122,123)	1.99	None
NFAT5	AX748379	0.61327	50.5	0.502	rgb(223,121,122)	1.99	2,2
NFAT5	LOC100216546	0.61327	50.5	0.497	rgb(222,122,123)	1.99	2,2
ONECUT3	AF090102	-0.61327	50.5	-5.0E-01	rgb(108,151,236)	1.99	2,2
PAX6	RTN1	0.61327	50.5	0.497	rgb(222,122,123)	1.99	None
PDX1	ADCY1	-0.61327	50.5	-5.3E-01	rgb(103,148,237)	1.99	None
RORC	OLFML2B	0.61327	50.5	0.501	rgb(223,121,122)	1.99	None
TFCP2L1	BAI2	-0.61327	50.5	-5.0E-01	rgb(109,151,236)	1.99	2,2
TFCP2L1	FTCD	0.61327	50.5	0.5	rgb(223,121,122)	1.99	None
TFCP2L1	NEUROD1	-0.61327	50.5	-5.0E-01	rgb(108,150,236)	1.99	None
TFCP2L1	SCT	-0.61327	50.5	-5.0E-01	rgb(109,151,236)	1.99	None
ZFHX2	PLCXD3	0.61327	50.5	0.498	rgb(222,122,123)	1.99	None
ZNF492	AX746617	0.61327	50.5	0.743	rgb(225, 75, 77)	1.99	2,2
ZNF492	CELF5	0.61327	50.5	0.507	rgb(223,120,121)	1.99	None
ASCL1	KCNMB2	0.60927	50.57	0.572	rgb(223,108,109)	1.9914	None
ASCL2	KCNB2	-0.60927	50.57	-5.7E-01	rgb( 94,142,239)	1.9914	None
ELF4	FAM155B	-0.60927	50.57	-5.8E-01	rgb( 92,141,239)	1.9914	None
ETV1	CREBRF	-0.60927	50.57	-5.7E-01	rgb( 92,141,239)	1.9914	None
FEV	SFRP1	0.60927	50.57	0.572	rgb(223,108,109)	1.9914	None
GATA6	VSTM2L	-0.60927	50.57	-5.7E-01	rgb( 93,142,239)	1.9914	None
HEYL	AK055017	-0.60927	50.57	-5.7E-01	rgb( 93,142,239)	1.9914	2,2
HHEX	ETV1	0.60927	50.57	0.814	rgb(226, 61, 63)	1.9914	None
HIC1	CCDC146	-0.60927	50.57	-5.7E-01	rgb( 94,142,238)	1.9914	None
HSF2	PDZD4	-0.60927	50.57	-5.7E-01	rgb( 94,142,239)	1.9914	None
LTF	FOXD4L2	0.60927	50.57	0.575	rgb(223,107,108)	1.9914	2,2
MAFA	MAPK8IP1	0.60927	50.57	0.573	rgb(223,107,109)	1.9914	None
NEUROG3	C1QL1	0.60927	50.57	0.569	rgb(223,108,110)	1.9914	None
NR4A2	GALNT16	-0.60927	50.57	-5.7E-01	rgb( 94,142,238)	1.9914	None
NR4A3	GALNT16	0.60927	50.57	0.569	rgb(223,108,110)	1.9914	None
PDX1	CCDC74B	-0.60927	50.57	-5.7E-01	rgb( 92,141,239)	1.9914	None
PRDM16	SDK1	0.60927	50.57	0.565	rgb(223,109,110)	1.9914	None
RORC	OGFRL1	-0.60927	50.57	-5.7E-01	rgb( 93,141,239)	1.9914	None
RORC	TLE3	0.60927	50.57	0.571	rgb(223,108,109)	1.9914	None
SIM1	GUCY1A3	0.60927	50.57	0.57	rgb(223,108,109)	1.9914	2,2
TEAD1	CELA3B	-0.60927	50.57	-5.7E-01	rgb( 93,142,239)	1.9914	None
TEAD1	GCH1	-0.60927	50.57	-5.7E-01	rgb( 92,141,239)	1.9914	None
TEAD2	ATP6V1G2	-0.60927	50.57	-5.7E-01	rgb( 93,141,239)	1.9914	None
TGIF2	UNC13A	0.60927	50.57	0.565	rgb(223,109,110)	1.9914	None
ZFHX2	CACNA1B	-0.60927	50.57	-5.7E-01	rgb( 92,141,239)	1.9914	2,2
ZFHX2	GNG2	-0.60927	50.57	-5.7E-01	rgb( 94,142,239)	1.9914	None
ZNF117	AK124970	0.60927	50.57	0.574	rgb(223,107,109)	1.9914	2,2
ZNF117	DNAPTP1	0.60927	50.57	0.569	rgb(223,108,109)	1.9914	2,2
ZNF117	HBT8	0.60927	50.57	0.571	rgb(223,108,109)	1.9914	2,2
ARX	CHST8	0.60541	50.49	0.491	rgb(222,123,124)	1.9898	None
ASCL2	STMN3	0.60541	50.49	0.493	rgb(222,123,124)	1.9898	None
ETS1	AADAT	-0.60541	50.49	-4.9E-01	rgb(110,152,236)	1.9898	None
ETS1	CTNND1	0.60541	50.49	0.487	rgb(222,124,125)	1.9898	None
ETV1	KIF5A	0.60541	50.49	0.49	rgb(222,123,124)	1.9898	None
ETV1	MYT1	0.60541	50.49	0.489	rgb(222,124,125)	1.9898	None
FEV	GPC6	0.60541	50.49	0.496	rgb(222,122,123)	1.9898	None
FOXA1	ACSL6	-0.60541	50.49	-4.9E-01	rgb(110,152,236)	1.9898	None
FOXA1	MAGEA5	-0.60541	50.49	-4.9E-01	rgb(112,153,235)	1.9898	2,2
FOXA1	PCDHA2	0.60541	50.49	0.485	rgb(222,124,125)	1.9898	None
GATA2	CPB1	0.60541	50.49	0.487	rgb(222,124,125)	1.9898	None
GATA6	RTN1	-0.60541	50.49	-4.9E-01	rgb(110,152,236)	1.9898	None
HEYL	IGHG1	0.60541	50.49	0.494	rgb(222,123,124)	1.9898	2,2
HSF2	IFI6	-0.60541	50.49	-7.8E-01	rgb( 49,115,246)	1.9898	None
LMX1A	GAD2	-0.60541	50.49	-6.0E-01	rgb( 88,138,240)	1.9898	None
MXI1	FAM161A	-0.60541	50.49	-4.9E-01	rgb(110,152,236)	1.9898	None
NHLH1	FUT7	0.60541	50.49	0.487	rgb(222,124,125)	1.9898	None
NR4A2	TUBB3	-0.60541	50.49	-4.9E-01	rgb(110,152,236)	1.9898	None
NR4A3	AK128153	0.60541	50.49	0.486	rgb(222,124,125)	1.9898	2,2
PDX1	MFAP2	0.60541	50.49	0.492	rgb(222,123,124)	1.9898	2,2
RORC	CD52	0.60541	50.49	0.493	rgb(222,123,124)	1.9898	None
SOX4	SFTPA2	0.60541	50.49	0.489	rgb(222,124,125)	1.9898	None
SPIB	GNAO1	0.60541	50.49	0.49	rgb(222,123,124)	1.9898	None
TFCP2L1	PCDHB15	0.60541	50.53	0.529	rgb(223,116,117)	1.9906	None
TGIF2	SLC30A4	-0.60541	50.49	-4.9E-01	rgb(112,153,235)	1.9898	None
TP73	NPTXR	0.60541	50.49	0.492	rgb(222,123,124)	1.9898	None
ZFP90	LSAMP	0.60541	50.49	0.487	rgb(222,124,125)	1.9898	None
ZNF846	AK124194	0.60541	50.49	0.491	rgb(222,123,124)	1.9898	2,2
ARX	VN1R1	0.5992	50.56	0.555	rgb(223,111,112)	1.9912	2,2
ATF5	AK310876	0.5992	50.56	0.564	rgb(223,109,110)	1.9912	2,2
EGR3	SLC7A4	0.5992	50.56	0.556	rgb(223,111,112)	1.9912	None
ELF4	CLCNKA	0.5992	50.56	0.557	rgb(223,111,112)	1.9912	None
ELF4	PDZD4	-0.5992	50.56	-5.6E-01	rgb( 96,143,238)	1.9912	None
ETS1	KDM1A	0.5992	50.56	0.561	rgb(223,110,111)	1.9912	None
ETV1	IMPG1	-0.5992	50.56	-5.6E-01	rgb( 95,143,238)	1.9912	None
ETV1	SLC30A4	-0.5992	50.56	-5.6E-01	rgb( 97,144,238)	1.9912	None
GATA4	GLYATL3	0.5992	50.56	0.561	rgb(223,110,111)	1.9912	None
GATA4	KCNMB2	0.5992	50.56	0.561	rgb(223,110,111)	1.9912	None
GATA6	PLEKHB1	-0.5992	50.56	-5.6E-01	rgb( 96,143,238)	1.9912	None
HES4	CTPS1	0.5992	50.56	0.565	rgb(223,109,110)	1.9912	None
HSF2	FER1L6-AS1	0.5992	50.56	0.561	rgb(223,110,111)	1.9912	None
LMX1A	CADM2	-0.5992	50.56	-5.6E-01	rgb( 96,144,238)	1.9912	None
LMX1A	SMAD9	0.5992	50.56	0.675	rgb(224, 88, 89)	1.9912	None
LMX1B	CALY	0.5992	50.56	0.562	rgb(223,110,111)	1.9912	None
MAFA	BOC	0.5992	50.56	0.56	rgb(223,110,111)	1.9912	None
MAFB	CRIP1	-0.5992	50.56	-5.6E-01	rgb( 96,144,238)	1.9912	None
MYRF	CTSL2	0.5992	50.56	0.562	rgb(223,110,111)	1.9912	2,2
NEUROG3	SPARC	0.5992	50.56	0.563	rgb(223,110,111)	1.9912	None
NEUROG3	STARD9	0.5992	50.56	0.563	rgb(223,110,111)	1.9912	None
NKX6-1	SULT1C2P1	-0.5992	50.56	-5.6E-01	rgb( 96,144,238)	1.9912	None
NR4A2	CHRM4	0.5992	50.56	0.564	rgb(223,109,110)	1.9912	None
NR4A2	DNAH11	0.5992	50.56	0.561	rgb(223,110,111)	1.9912	None
NR4A2	GSTM2	-0.5992	50.56	-5.6E-01	rgb( 95,143,238)	1.9912	None
NR4A3	CRISPLD2	-0.5992	50.56	-5.6E-01	rgb( 96,143,238)	1.9912	None
ONECUT1	DTX1	0.5992	50.56	0.679	rgb(224, 87, 89)	1.9912	None
PBX1	TPST2	-0.5992	50.56	-5.6E-01	rgb( 96,143,238)	1.9912	None
PDX1	DLC1	0.5992	50.56	0.565	rgb(223,109,110)	1.9912	None
PDX1	IGFN1	-0.5992	50.56	-5.6E-01	rgb( 95,143,238)	1.9912	None
POU6F1	CR627394	0.5992	50.56	0.56	rgb(223,110,111)	1.9912	2,2
PRDM16	ADNP	0.5992	50.56	0.561	rgb(223,110,111)	1.9912	None
PRDM16	KCNJ11	-0.5992	50.56	-5.6E-01	rgb( 95,143,238)	1.9912	None
RFX6	BCRP3	-0.5992	50.56	-5.6E-01	rgb( 95,143,238)	1.9912	None
RFX6	FBXL16	0.5992	50.56	0.561	rgb(223,110,111)	1.9912	None
SOX4	CCL19	-0.5992	50.56	-5.6E-01	rgb( 96,143,238)	1.9912	None
SOX4	MANEAL	-0.5992	50.56	-5.6E-01	rgb( 95,143,238)	1.9912	None
SOX4	PGA3	-0.5992	50.56	-5.6E-01	rgb( 94,142,238)	1.9912	None
TEAD1	CD300LF	0.5992	50.56	0.558	rgb(223,110,112)	1.9912	None
TEAD1	NCALD	-0.5992	50.56	-5.6E-01	rgb( 95,143,238)	1.9912	None
TEAD2	LHX1	0.5992	50.56	0.56	rgb(223,110,111)	1.9912	None
TEAD2	SLC6A17	-0.5992	50.56	-5.6E-01	rgb( 95,143,238)	1.9912	None
TFCP2L1	FKBP7	0.5992	50.56	0.555	rgb(223,111,112)	1.9912	None
TFCP2L1	FSD1	0.5992	50.56	0.557	rgb(223,111,112)	1.9912	None
ZFHX2	CPA1	0.5992	50.56	0.56	rgb(223,110,111)	1.9912	None
ATF6	CHGB	-0.59547	50.48	-4.8E-01	rgb(113,154,235)	1.9896	None
EGR3	NRXN2	-0.59547	50.48	-4.8E-01	rgb(112,153,235)	1.9896	None
ETV1	JAM3	0.59547	50.48	0.477	rgb(222,126,127)	1.9896	None
GATA2	PTPRN	0.59547	50.48	0.477	rgb(222,126,127)	1.9896	None
GATA4	COL12A1	0.59547	50.48	0.481	rgb(222,125,126)	1.9896	None
GATA4	FGF9	0.59547	50.48	0.481	rgb(222,125,126)	1.9896	None
LTF	CTAGE15	-0.59547	50.48	-4.8E-01	rgb(112,153,235)	1.9896	2,2
MAFB	GATA4	0.59547	50.48	0.479	rgb(222,126,127)	1.9896	None
MXI1	SLC7A2	-0.59547	50.48	-4.8E-01	rgb(114,154,235)	1.9896	None
NKX6-1	TMEM59L	0.59547	50.48	0.484	rgb(222,124,125)	1.9896	2,2
PAX4	SYP	0.59547	50.48	0.483	rgb(222,125,126)	1.9896	None
PAX6	KCTD12	-0.59547	50.48	-7.3E-01	rgb( 58,120,245)	1.9896	None
PDX1	HCN4	0.59547	50.48	0.482	rgb(222,125,126)	1.9896	None
PROX1	FLJ38723	0.59547	50.48	0.479	rgb(222,125,126)	1.9896	2,2
RORC	TSPAN7	0.59547	50.48	0.478	rgb(222,126,127)	1.9896	None
SOX4	CCDC74B	-0.59547	50.48	-4.8E-01	rgb(114,154,235)	1.9896	None
SOX4	KIF19	0.59547	50.48	0.476	rgb(222,126,127)	1.9896	None
SOX4	SEMA6B	0.59547	50.48	0.481	rgb(222,125,126)	1.9896	None
TEAD1	RBFOX2	0.59547	50.48	0.481	rgb(222,125,126)	1.9896	None
TEAD2	PGA4	0.59547	50.48	0.481	rgb(222,125,126)	1.9896	None
ZFHX2	SLC30A4	0.59547	50.48	0.508	rgb(223,120,121)	1.9896	None
ZFHX2	ZNF846	0.59547	50.48	0.482	rgb(222,125,126)	1.9896	None
ZFP28	SLC38A5	-0.59547	50.48	-6.1E-01	rgb( 85,137,240)	1.9896	None
ZFP82	TTLL6	0.59547	50.48	0.484	rgb(222,125,126)	1.9896	None
ZNF846	AX748379	0.59547	50.48	0.483	rgb(222,125,126)	1.9896	2,2
ZNF846	NOXO1	-0.59547	50.48	-4.8E-01	rgb(114,154,235)	1.9896	None
ZNF846	PGA4	-0.59547	50.48	-4.8E-01	rgb(114,154,235)	1.9896	None
ARX	LIMCH1	0.59106	50.55	0.549	rgb(223,112,113)	1.991	None
ASCL2	WNT6	-0.59106	50.55	-5.5E-01	rgb( 97,144,238)	1.991	None
ATF5	ELOVL4	-0.59106	50.55	-5.5E-01	rgb( 99,145,238)	1.991	2,2
EGR3	STK33	-0.59106	50.55	-5.5E-01	rgb( 97,144,238)	1.991	None
EGR3	ZMYM2	0.59106	50.55	0.55	rgb(223,112,113)	1.991	None
ETS1	NKTR	-0.59106	50.55	-5.5E-01	rgb( 97,144,238)	1.991	None
ETS1	ZNF519	-0.59106	50.55	-5.5E-01	rgb( 98,144,238)	1.991	None
GATA2	KIF5A	0.59106	50.55	0.545	rgb(223,113,114)	1.991	None
HIC1	CELF4	-0.59106	50.55	-5.5E-01	rgb( 99,145,238)	1.991	None
HSF2	S100A1	-0.59106	50.55	-5.5E-01	rgb( 98,145,238)	1.991	None
LMX1A	ETV1	-0.59106	50.55	-5.5E-01	rgb( 98,144,238)	1.991	None
LMX1A	SPC25	0.59106	50.55	0.547	rgb(223,113,114)	1.991	None
MAFA	CPB1	0.59106	50.55	0.552	rgb(223,112,113)	1.991	None
MAFA	NTS	0.59106	50.55	0.553	rgb(223,111,113)	1.991	2,2
NKX2-2	MAPK12	-0.59106	50.55	-5.5E-01	rgb( 98,145,238)	1.991	None
NKX2-2	RFX3	-0.59106	50.55	-5.5E-01	rgb( 97,144,238)	1.991	None
NR4A2	BCAT1	-0.59106	50.55	-6.3E-01	rgb( 80,134,241)	1.991	None
NR4A2	CYP27A1	0.59106	50.55	0.549	rgb(223,112,113)	1.991	None
NR4A3	CHST10	-0.59106	50.55	-5.5E-01	rgb( 97,144,238)	1.991	None
NR4A3	PCDHB15	0.59106	50.55	0.554	rgb(223,111,112)	1.991	None
ONECUT1	TMEFF2	0.59106	50.55	0.553	rgb(223,111,112)	1.991	None
PAX4	RSPH4A	-0.59106	50.55	-5.5E-01	rgb( 98,144,238)	1.991	None
PBX1	HGFAC	0.59106	50.55	0.545	rgb(223,113,114)	1.991	None
PDX1	ZFHX2	-0.59106	50.55	-5.5E-01	rgb( 98,144,238)	1.991	None
PRDM16	SPOCK3	-0.59106	50.55	-5.5E-01	rgb( 98,145,238)	1.991	None
RFX6	MYT1	0.59106	50.55	0.546	rgb(223,113,114)	1.991	None
RORC	TDRD6	-0.59106	50.55	-5.5E-01	rgb( 97,144,238)	1.991	None
SMAD9	RUNX1T1	0.59106	50.55	0.546	rgb(223,113,114)	1.991	None
SPIB	TCEAL1	-0.59106	50.55	-5.5E-01	rgb( 98,145,238)	1.991	None
TFCP2L1	PDGFD	0.59106	50.55	0.55	rgb(223,112,113)	1.991	None
ZFHX2	VCAN	-0.59106	50.55	-5.5E-01	rgb( 97,144,238)	1.991	None
ZNF846	ZDHHC8P1	-0.59106	50.55	-5.5E-01	rgb( 98,144,238)	1.991	None
ARNT2	RGAG4	0.58692	50.47	0.468	rgb(222,128,129)	1.9894	2,2
ASCL2	UCP2	0.58692	50.47	0.474	rgb(222,126,127)	1.9894	None
ATF6	CENPE	0.58692	50.47	0.466	rgb(222,128,129)	1.9894	None
EGR3	KCNJ11	-0.58692	50.47	-4.7E-01	rgb(114,155,235)	1.9894	None
ETV1	CTPS1	0.58692	50.47	0.468	rgb(222,128,129)	1.9894	None
ETV1	JAKMIP2	0.58692	50.47	0.465	rgb(222,128,129)	1.9894	None
ETV1	QSOX2	0.58692	50.47	0.466	rgb(222,128,129)	1.9894	None
FEV	FAM71E2	0.58692	50.47	0.467	rgb(222,128,129)	1.9894	None
FOXA1	TMOD2	0.58692	50.47	0.934	rgb(227, 39, 40)	1.9894	None
HSF2	NR4A3	0.58692	50.47	0.474	rgb(222,126,127)	1.9894	None
HSF2	VCAN	0.58692	50.47	0.473	rgb(222,127,128)	1.9894	None
LHX1	LAMP5	0.58692	50.47	0.475	rgb(222,126,127)	1.9894	None
LMX1A	MIR7-3HG	-0.58692	50.47	-6.0E-01	rgb( 88,138,240)	1.9894	None
LMX1B	NACAD	0.58692	50.47	0.468	rgb(222,128,129)	1.9894	None
NEUROD2	PRELP	0.58692	50.47	0.473	rgb(222,127,128)	1.9894	None
NFAT5	IRF2BP1	-0.58692	50.47	-4.7E-01	rgb(114,155,235)	1.9894	None
NKX6-1	LOC283731	0.58692	50.47	0.466	rgb(222,128,129)	1.9894	2,2
ONECUT2	AX747756	0.58692	50.47	0.474	rgb(222,126,127)	1.9894	2,2
PDX1	FER1L6-AS1	-0.58692	50.47	-4.7E-01	rgb(115,155,235)	1.9894	None
PDX1	TEAD1	-0.58692	50.47	-4.7E-01	rgb(115,155,235)	1.9894	None
PRDM16	CR627206	0.58692	50.47	0.466	rgb(222,128,129)	1.9894	2,2
RFX3	NEFL	-0.58692	50.47	-4.7E-01	rgb(115,155,235)	1.9894	None
TEAD2	TTC7B	0.58692	50.47	0.474	rgb(222,126,127)	1.9894	None
TFCP2L1	MS4A8	-0.58692	50.47	-4.7E-01	rgb(115,155,235)	1.9894	None
TGIF2	ATF5	0.58692	50.47	0.471	rgb(222,127,128)	1.9894	None
ZFHX2	BASP1	0.58692	50.47	0.471	rgb(222,127,128)	1.9894	None
ZFHX2	FAM227A	0.58692	50.47	0.469	rgb(222,127,128)	1.9894	None
ZFP82	FAM171B	0.58692	50.47	0.471	rgb(222,127,128)	1.9894	None
ZNF519	NR2F2-AS1	0.58692	50.47	0.473	rgb(222,127,128)	1.9894	None
ZNF846	KCNF1	-0.58692	50.47	-4.7E-01	rgb(116,155,235)	1.9894	None
ASCL2	SSTR3	0.58375	50.46	0.464	rgb(222,128,129)	1.9892	None
EGR3	PTP4A3	-0.58375	50.46	-4.6E-01	rgb(118,157,234)	1.9892	None
EGR3	SYNM	-0.58375	50.46	-4.6E-01	rgb(118,157,234)	1.9892	None
ETV1	ISLR2	0.58375	50.46	0.459	rgb(222,129,130)	1.9892	None
FEV	DPP10	0.58375	50.46	0.464	rgb(222,128,129)	1.9892	None
GATA2	SAMD11	0.58375	50.46	0.459	rgb(222,129,130)	1.9892	None
GATA4	ACTN3	-0.58375	50.46	-4.6E-01	rgb(118,157,234)	1.9892	None
HES4	TFCP2L1	-0.58375	50.46	-4.6E-01	rgb(117,156,234)	1.9892	None
LMX1A	GPR112	0.58375	50.46	0.463	rgb(222,129,129)	1.9892	2,2
LMX1A	STXBP5L	0.58375	50.46	0.463	rgb(222,128,129)	1.9892	None
NEUROD2	FAM171A2	0.58375	50.46	0.456	rgb(222,130,131)	1.9892	None
NFAT5	AX748371	0.58375	50.46	0.457	rgb(222,130,131)	1.9892	2,2
NHLH1	TMEM61	0.58375	50.46	0.461	rgb(222,129,130)	1.9892	None
NKX6-1	CAND2	0.58375	50.46	0.456	rgb(222,130,131)	1.9892	None
NKX6-1	LINC00907	0.58375	50.46	0.461	rgb(222,129,130)	1.9892	2,2
NR4A2	MXI1	0.58375	50.46	0.464	rgb(222,128,129)	1.9892	None
NR4A2	STMN2	-0.58375	50.46	-4.8E-01	rgb(113,154,235)	1.9892	None
NR4A3	NPY	0.58375	50.46	0.463	rgb(222,129,130)	1.9892	None
RFX2	RBPMS	0.58375	50.46	0.464	rgb(222,128,129)	1.9892	None
RORC	NHLH1	-0.58375	50.46	-4.6E-01	rgb(117,156,235)	1.9892	None
RORC	NPTX1	0.58375	50.46	0.459	rgb(222,129,130)	1.9892	None
RORC	SHF	0.58375	50.46	0.46	rgb(222,129,130)	1.9892	None
SOX4	MAPK4	0.58375	50.46	0.457	rgb(222,130,131)	1.9892	None
ARNT2	TMEM151B	-0.57809	50.54	-5.4E-01	rgb(100,146,237)	1.9908	None
EGR3	DPYSL4	0.57809	50.54	0.541	rgb(223,114,115)	1.9908	None
ELF4	FUT1	-0.57809	50.54	-5.4E-01	rgb( 99,145,238)	1.9908	None
ELF4	PNMAL1	-0.57809	50.54	-5.4E-01	rgb( 99,145,238)	1.9908	2,2
ETS1	INHBE	0.57809	50.54	0.536	rgb(223,115,116)	1.9908	None
FOXA2	TRIM24	0.57809	50.54	0.543	rgb(223,113,114)	1.9908	None
HHEX	NCALD	0.57809	50.54	0.544	rgb(223,113,114)	1.9908	None
HIC1	MCOLN3	-0.57809	50.54	-5.4E-01	rgb(100,146,238)	1.9908	None
HIC1	NEFM	-0.57809	50.54	-5.4E-01	rgb( 99,145,238)	1.9908	None
LHX1	AGAP11	-0.57809	50.54	-5.4E-01	rgb( 99,145,238)	1.9908	None
LHX1	AKR1B1	-0.57809	50.54	-5.4E-01	rgb(101,146,237)	1.9908	None
LMX1A	ACTN3	0.57809	50.54	0.542	rgb(223,113,115)	1.9908	None
LMX1A	BAALC	-0.57809	50.54	-5.4E-01	rgb(101,146,237)	1.9908	None
LMX1A	SYP	-0.57809	50.54	-5.4E-01	rgb(100,146,238)	1.9908	None
LTF	LOC286297	0.57809	50.54	0.542	rgb(223,114,115)	1.9908	2,2
MAFA	FFAR1	0.57809	50.54	0.544	rgb(223,113,114)	1.9908	2,2
MAFA	RFX6	0.57809	50.54	0.539	rgb(223,114,115)	1.9908	None
MAFA	TAC1	0.57809	50.54	0.545	rgb(223,113,114)	1.9908	2,2
MAFF	AK056486	-0.57809	50.54	-5.4E-01	rgb(100,146,238)	1.9908	2,2
MYT1	AK123868	0.57809	50.54	0.544	rgb(223,113,114)	1.9908	2,2
MYT1	SEPT3	0.57809	50.54	0.537	rgb(223,114,116)	1.9908	2,2
NEUROD1	HSPA12A	0.57809	50.54	0.542	rgb(223,113,115)	1.9908	None
NEUROG3	FFAR2	0.57809	50.54	0.544	rgb(223,113,114)	1.9908	None
NFAT5	FAT3	-0.57809	50.54	-5.4E-01	rgb(100,146,238)	1.9908	None
NFAT5	LOC100128288	0.57809	50.54	0.54	rgb(223,114,115)	1.9908	2,2
NR4A2	NFASC	0.57809	50.54	0.541	rgb(223,114,115)	1.9908	None
NR4A2	RET	-0.57809	50.54	-5.4E-01	rgb( 99,145,238)	1.9908	None
NR4A2	RUNDC3A	0.57809	50.54	0.541	rgb(223,114,115)	1.9908	None
PAX6	LTBP2	-0.57809	50.54	-5.4E-01	rgb(100,146,238)	1.9908	None
PBX1	MSI1	0.57809	50.54	0.542	rgb(223,114,115)	1.9908	None
PBX1	VASH2	0.57809	50.54	0.536	rgb(223,115,116)	1.9908	None
PDX1	ANKRD13B	-0.57809	50.54	-5.4E-01	rgb(100,146,237)	1.9908	None
PDX1	CNTD2	-0.57809	50.54	-5.4E-01	rgb(100,146,237)	1.9908	None
SOX4	SESN2	-0.57809	50.54	-5.4E-01	rgb( 99,145,238)	1.9908	None
SPIB	SMARCD2	-0.57809	50.54	-5.4E-01	rgb(101,146,237)	1.9908	None
TEAD1	MANEAL	-0.57809	50.54	-5.4E-01	rgb(101,146,237)	1.9908	None
TFCP2L1	IGFN1	0.57809	50.54	0.575	rgb(223,107,108)	1.9908	None
ZFHX2	SLC26A7	-0.57809	50.54	-5.4E-01	rgb(101,146,237)	1.9908	None
ZNF117	AL832439	0.57809	50.54	0.541	rgb(223,114,115)	1.9908	2,2
ZNF382	LTF	0.57809	50.54	0.537	rgb(223,114,115)	1.9908	None
ZNF853	RAB40A	0.57809	50.54	0.536	rgb(223,115,116)	1.9908	2,2
ASCL1	CADM3	0.57423	50.45	0.455	rgb(222,130,131)	1.989	None
ASCL2	CLSPN	0.57423	50.45	0.452	rgb(222,131,132)	1.989	None
ASCL2	GPC2	0.57423	50.45	0.452	rgb(222,131,132)	1.989	None
EGR3	GRIN1	-0.57423	50.45	-4.5E-01	rgb(118,157,234)	1.989	None
ETV1	EPHA4	0.57423	50.45	0.453	rgb(222,131,131)	1.989	None
ETV1	EPHA8	0.57423	50.45	0.449	rgb(222,131,132)	1.989	None
ETV1	GHRL	0.57423	50.45	0.453	rgb(222,130,131)	1.989	None
ETV1	KIF5C	0.57423	50.45	0.45	rgb(222,131,132)	1.989	2,2
ETV1	SPTBN4	0.57423	50.45	0.453	rgb(222,130,131)	1.989	None
GATA2	NTS	0.57423	50.45	0.448	rgb(222,131,132)	1.989	2,2
GATA4	BTBD11	-0.57423	50.45	-4.5E-01	rgb(120,158,234)	1.989	None
LMX1B	HSPA12A	0.57423	50.45	0.448	rgb(222,131,132)	1.989	None
MAFA	ZFP90	-0.57423	50.45	-4.5E-01	rgb(119,157,234)	1.989	None
MAFB	CPLX2	0.57423	50.45	0.446	rgb(222,132,133)	1.989	None
MAFB	SLC8A1	0.57423	50.45	0.454	rgb(222,130,131)	1.989	None
NR4A3	SH3RF3-AS1	0.57423	50.45	0.446	rgb(222,132,133)	1.989	None
ONECUT1	MTUS2	0.57423	50.45	0.454	rgb(222,130,131)	1.989	None
POU2F2	PCYT1B	0.57423	50.45	0.762	rgb(225, 71, 73)	1.989	None
RORC	GGT5	0.57423	50.45	0.452	rgb(222,131,132)	1.989	None
RORC	RGS11	0.57423	50.45	0.449	rgb(222,131,132)	1.989	None
RORC	WNT9A	0.57423	50.45	0.451	rgb(222,131,132)	1.989	None
TEAD2	H1FX-AS1	0.57423	50.45	0.454	rgb(222,130,131)	1.989	None
TFCP2L1	ZDHHC8P1	-0.57423	50.45	-4.5E-01	rgb(118,157,234)	1.989	None
TGIF2	GYLTL1B	0.57423	50.45	0.45	rgb(222,131,132)	1.989	2,2
TGIF2	LINC00310	-0.57423	50.45	-4.5E-01	rgb(119,157,234)	1.989	None
ZFP28	IFI44	0.57423	50.45	0.449	rgb(222,131,132)	1.989	None
ZNF492	MAPK10	0.57423	50.45	0.451	rgb(222,131,132)	1.989	None
ZNF846	AX746834	0.57423	50.45	0.454	rgb(222,130,131)	1.989	2,2
ARX	PCBP4	-0.5694	50.53	-5.3E-01	rgb(102,147,237)	1.9906	None
ASCL1	MANEAL	0.5694	50.53	0.627	rgb(224, 97, 99)	1.9906	None
EGR3	BCRP3	-0.5694	50.53	-5.3E-01	rgb(101,147,237)	1.9906	None
ELF4	KNDC1	-0.5694	50.53	-5.3E-01	rgb(101,147,237)	1.9906	None
FEV	ATP6V0E2	0.5694	50.53	0.525	rgb(223,117,118)	1.9906	None
FEV	BCORL1	-0.5694	50.53	-5.3E-01	rgb(103,147,237)	1.9906	None
GATA2	RTN1	0.5694	50.53	0.532	rgb(223,115,116)	1.9906	None
GATA4	TPH1	0.5694	50.53	0.527	rgb(223,116,117)	1.9906	None
HHEX	TPH1	0.5694	50.53	0.53	rgb(223,116,117)	1.9906	None
HIF1A	GPR116	-0.5694	50.53	-5.3E-01	rgb(102,147,237)	1.9906	2,2
HSF2	TUBB2B	-0.5694	50.53	-5.3E-01	rgb(101,147,237)	1.9906	None
LHX1	CD52	-0.5694	50.53	-5.3E-01	rgb(102,147,237)	1.9906	None
LMX1A	LDHAL6A	0.5694	50.53	0.53	rgb(223,116,117)	1.9906	None
MAFA	SYNM	0.5694	50.53	0.535	rgb(223,115,116)	1.9906	None
MAFB	CFC1	0.5694	50.53	0.529	rgb(223,116,117)	1.9906	None
MAFB	TCEAL1	-0.5694	50.53	-5.3E-01	rgb(102,147,237)	1.9906	None
NHLH1	CTPS1	-0.5694	50.53	-5.3E-01	rgb(101,147,237)	1.9906	None
NR4A2	NKAIN1	0.5694	50.53	0.528	rgb(223,116,117)	1.9906	None
NR4A2	PROX1	0.5694	50.53	0.528	rgb(223,116,117)	1.9906	None
NR4A2	SERPINI1	0.5694	50.53	0.53	rgb(223,116,117)	1.9906	None
PDX1	LDB1	-0.5694	50.53	-5.3E-01	rgb(102,147,237)	1.9906	None
PRDM16	AKNA	0.5694	50.53	0.529	rgb(223,116,117)	1.9906	None
RFX6	PDE2A	0.5694	50.53	0.525	rgb(223,117,118)	1.9906	None
RFX6	TRPC7	0.5694	50.53	0.529	rgb(223,116,117)	1.9906	None
RORC	EPHA4	-0.5694	50.53	-5.3E-01	rgb(101,147,237)	1.9906	None
RORC	NCAM1	0.5694	50.53	0.535	rgb(223,115,116)	1.9906	None
SMAD9	EGR3	-0.5694	50.53	-5.3E-01	rgb(102,147,237)	1.9906	None
SPIB	REG4	-0.5694	50.53	-5.3E-01	rgb(103,148,237)	1.9906	None
TEAD1	MAFF	-0.5694	50.53	-5.4E-01	rgb(100,146,238)	1.9906	None
TEAD1	MAP2	-0.5694	50.53	-5.3E-01	rgb(102,147,237)	1.9906	None
TEAD2	MAFF	0.5694	50.53	0.533	rgb(223,115,116)	1.9906	None
TFCP2L1	CLPS	0.5694	50.53	0.534	rgb(223,115,116)	1.9906	None
ZFHX2	ABCC8	-0.5694	50.53	-5.3E-01	rgb(102,147,237)	1.9906	None
ZFHX2	FLT1	0.5694	50.53	0.527	rgb(223,116,117)	1.9906	None
ZFHX2	MMRN1	-0.5694	50.53	-5.3E-01	rgb(102,147,237)	1.9906	None
ASCL1	DCX	0.56554	50.44	0.442	rgb(222,132,133)	1.9888	2,2
EGR3	UBE2QL1	-0.56554	50.44	-4.4E-01	rgb(123,160,234)	1.9888	2,2
ETV1	CFC1	0.56554	50.44	0.44	rgb(222,133,134)	1.9888	None
FEV	KCNK17	0.56554	50.44	0.441	rgb(222,133,134)	1.9888	None
FOXA1	PLCXD3	0.56554	50.44	0.44	rgb(222,133,134)	1.9888	None
GATA2	KCNK3	0.56554	50.44	0.439	rgb(222,133,134)	1.9888	None
HES4	C2CD4B	0.56554	50.44	0.439	rgb(222,133,134)	1.9888	None
HSF2	REM2	-0.56554	50.44	-4.4E-01	rgb(121,159,234)	1.9888	None
LHX1	MIR503HG	-0.56554	50.44	-4.4E-01	rgb(122,159,234)	1.9888	None
LHX1	PGF	-0.56554	50.44	-4.4E-01	rgb(122,159,234)	1.9888	None
LHX1	TRPM2	-0.56554	50.44	-4.4E-01	rgb(121,158,234)	1.9888	None
MAFB	SYT5	0.56554	50.44	0.439	rgb(222,133,134)	1.9888	None
NEUROD2	WNT9A	0.56554	50.44	0.442	rgb(222,133,133)	1.9888	None
NFAT5	BC022892	0.56554	50.44	0.436	rgb(222,134,135)	1.9888	2,2
NR4A3	ZNF853	0.56554	50.44	0.437	rgb(222,133,134)	1.9888	None
ONECUT1	GABRB3	0.56554	50.44	0.437	rgb(222,134,134)	1.9888	2,2
POU6F1	FAM110B	-0.56554	50.44	-4.4E-01	rgb(122,159,234)	1.9888	None
RFX3	CNGA3	0.56554	50.44	0.443	rgb(222,132,133)	1.9888	None
RFX6	CNTN3	-0.56554	50.44	-4.4E-01	rgb(120,158,234)	1.9888	None
SOX4	MS4A8	0.56554	50.44	0.438	rgb(222,133,134)	1.9888	None
SOX4	TMOD1	0.56554	50.44	0.436	rgb(222,134,135)	1.9888	None
SPIB	AK5	0.56554	50.44	0.438	rgb(222,133,134)	1.9888	None
TFCP2L1	CNTD2	-0.56554	50.44	-4.4E-01	rgb(123,160,234)	1.9888	None
ZFHX2	REM2	-0.56554	50.44	-4.4E-01	rgb(122,159,234)	1.9888	None
ZFP82	MCF2L	0.56554	50.44	0.439	rgb(222,133,134)	1.9888	None
ZFP90	MAGEA5	-0.56554	50.44	-4.4E-01	rgb(122,159,234)	1.9888	2,2
ZNF519	WNT9A	-0.56554	50.44	-4.4E-01	rgb(121,158,234)	1.9888	None
ZNF846	EID1	-0.56554	50.44	-4.4E-01	rgb(121,159,234)	1.9888	None
ARX	VCAN	-0.56222	50.43	-6.4E-01	rgb( 78,132,241)	1.9886	None
EGR3	PCYT1B	0.56222	50.43	0.434	rgb(222,134,135)	1.9886	None
ETV1	OGFRL1	0.56222	50.43	0.432	rgb(222,135,135)	1.9886	None
ETV1	SCGN	0.56222	50.43	0.426	rgb(222,136,136)	1.9886	None
FOXA2	FLT1	0.56222	50.43	0.427	rgb(222,136,136)	1.9886	None
FOXA2	GFRA1	0.56222	50.43	0.426	rgb(222,136,137)	1.9886	None
FOXA2	MMD2	0.56222	50.43	0.434	rgb(222,134,135)	1.9886	None
HOXB9	PAX6	0.56222	50.43	0.427	rgb(222,136,136)	1.9886	None
HSF2	GPR155	0.56222	50.43	0.432	rgb(222,134,135)	1.9886	None
LMX1B	SLC18A1	0.56222	50.43	0.443	rgb(222,132,133)	1.9886	None
LMX1B	TOX	0.56222	50.43	0.425	rgb(222,136,137)	1.9886	None
NEUROD2	MAP1A	0.56222	50.44	0.438	rgb(222,133,134)	1.9888	None
NHLH1	NPTXR	0.56222	50.43	0.431	rgb(222,135,136)	1.9886	None
NR4A3	CDKN1C	0.56222	50.43	0.425	rgb(222,136,137)	1.9886	None
PAX6	NPTX2	0.56222	50.43	0.426	rgb(222,136,137)	1.9886	None
POU6F1	BIVM-ERCC5	0.56222	50.43	0.425	rgb(222,136,137)	1.9886	None
PRDM16	MYRF	0.56222	50.43	0.427	rgb(222,135,136)	1.9886	None
SOX4	KLK12	0.56222	50.43	0.426	rgb(222,136,136)	1.9886	None
SOX4	PCDHB16	0.56222	50.43	0.427	rgb(222,136,136)	1.9886	2,2
SPIB	PDE2A	0.56222	50.43	0.431	rgb(222,135,135)	1.9886	None
TGIF2	MANEAL	0.56222	50.43	0.426	rgb(222,136,137)	1.9886	None
TGIF2	STK33	0.56222	50.43	0.432	rgb(222,134,135)	1.9886	None
ZFP28	CSH1	-0.56222	50.43	-4.3E-01	rgb(123,160,233)	1.9886	None
ZNF492	SOCS1	-0.56222	50.43	-4.3E-01	rgb(124,160,233)	1.9886	None
ARX	ACOT7	-0.55753	50.52	-5.2E-01	rgb(104,148,237)	1.9904	None
ARX	CD52	-0.55753	50.52	-5.2E-01	rgb(104,149,237)	1.9904	None
ASCL2	MAP1A	-0.55753	50.52	-5.2E-01	rgb(104,148,237)	1.9904	None
EGR3	PDGFD	-0.55753	50.52	-5.2E-01	rgb(104,148,237)	1.9904	None
EGR3	SESN2	-0.55753	50.52	-5.2E-01	rgb(104,149,237)	1.9904	None
ELF4	SYT14	-0.55753	50.52	-5.2E-01	rgb(103,148,237)	1.9904	None
ELF4	XKR7	-0.55753	50.52	-5.2E-01	rgb(105,149,237)	1.9904	None
ETS1	SMAD9	-0.55753	50.52	-5.2E-01	rgb(105,149,237)	1.9904	None
FEV	KIAA0845	0.55753	50.52	0.518	rgb(223,118,119)	1.9904	2,2
GATA4	FW340055	0.55753	50.52	0.519	rgb(223,118,119)	1.9904	2,2
GATA4	STMN2	0.55753	50.52	0.519	rgb(223,118,119)	1.9904	None
MAFA	CLCN4	0.55753	50.52	0.523	rgb(223,117,118)	1.9904	None
MAFA	LYPD8	0.55753	50.52	0.519	rgb(223,118,119)	1.9904	2,2
MAFF	HBT8	-0.55753	50.52	-5.2E-01	rgb(104,149,237)	1.9904	2,2
MAFF	KIAA1324	-0.55753	50.52	-5.2E-01	rgb(104,148,237)	1.9904	None
NEUROD1	RGS9	0.55753	50.52	0.516	rgb(223,118,119)	1.9904	None
NEUROG3	STXBP1	0.55753	50.52	0.525	rgb(223,117,118)	1.9904	None
NR4A2	ASIC1	-0.55753	50.52	-5.2E-01	rgb(103,148,237)	1.9904	None
NR4A2	MUC5B	-0.55753	50.52	-5.2E-01	rgb(104,148,237)	1.9904	None
NR4A2	PTP4A3	-0.55753	50.52	-5.2E-01	rgb(103,148,237)	1.9904	None
NR4A2	TMEM61	0.55753	50.52	0.525	rgb(223,117,118)	1.9904	None
NR4A3	BCRP3	-0.55753	50.52	-5.2E-01	rgb(104,148,237)	1.9904	None
ONECUT1	SNAP25	0.55753	50.52	0.521	rgb(223,118,119)	1.9904	None
PAX6	KCNIP3	-0.55753	50.52	-5.2E-01	rgb(105,149,237)	1.9904	None
RFX2	MAPK8IP1	0.55753	50.52	0.52	rgb(223,118,119)	1.9904	None
RORC	RGS5	-0.55753	50.52	-5.2E-01	rgb(105,149,237)	1.9904	None
SIM1	GRIK3	0.55753	50.52	0.522	rgb(223,117,118)	1.9904	2,2
SPIB	ISLR2	0.55753	50.52	0.521	rgb(223,118,119)	1.9904	None
TEAD1	CACNA1E	-0.55753	50.52	-5.2E-01	rgb(104,148,237)	1.9904	None
TEAD1	CHRNA1	-0.55753	50.52	-5.2E-01	rgb(103,148,237)	1.9904	None
TEAD1	SLC6A16	-0.55753	50.52	-5.2E-01	rgb(103,148,237)	1.9904	None
TEAD2	KAT2B	-0.55753	50.52	-5.2E-01	rgb(104,148,237)	1.9904	None
ZFHX2	LOC100216479	-0.55753	50.52	-5.2E-01	rgb(103,148,237)	1.9904	2,2
ZFP82	SMTNL2	0.55753	50.52	0.522	rgb(223,117,118)	1.9904	None
ARNT2	MUC5B	-0.55519	50.42	-4.2E-01	rgb(126,162,233)	1.9884	None
ASCL2	PODXL2	0.55519	50.42	0.421	rgb(222,137,137)	1.9884	None
EGR3	SMARCC1	0.55519	50.42	0.421	rgb(222,137,137)	1.9884	None
ETV1	RASD1	0.55519	50.42	0.42	rgb(222,137,138)	1.9884	None
FOXA1	EML1	0.55519	50.42	0.423	rgb(222,136,137)	1.9884	None
GATA2	STXBP5L	0.55519	50.42	0.417	rgb(222,137,138)	1.9884	None
HMGN3	DTX3	0.55519	50.42	0.428	rgb(222,135,136)	1.9884	2,2
MAFB	SGCD	0.55519	50.42	0.416	rgb(222,138,138)	1.9884	None
MLXIPL	ZNF382	0.55519	50.42	0.42	rgb(222,137,138)	1.9884	2,2
ONECUT2	BMS1P1	0.55519	50.42	0.424	rgb(222,136,137)	1.9884	2,2
RFX6	LOC100652999	0.55519	50.42	0.424	rgb(222,136,137)	1.9884	None
RORC	ADAMTSL2	0.55519	50.42	0.416	rgb(222,138,138)	1.9884	None
TFCP2L1	FAM155B	0.55519	50.47	0.472	rgb(222,127,128)	1.9894	None
TFCP2L1	PCSK2	-0.55519	50.42	-4.2E-01	rgb(126,161,233)	1.9884	None
TGIF2	EPM2A	0.55519	50.42	0.422	rgb(222,136,137)	1.9884	None
TGIF2	OR51E1	0.55519	50.42	0.424	rgb(222,136,137)	1.9884	None
ZNF846	AK125858	0.55519	50.42	0.417	rgb(222,137,138)	1.9884	2,2
ARX	BMS1P6	0.5516	50.51	0.514	rgb(223,119,120)	1.9902	2,2
ARX	FCRL6	0.5516	50.51	0.506	rgb(223,120,121)	1.9902	None
ATF6	VGF	0.5516	50.51	0.512	rgb(223,119,120)	1.9902	None
ELF4	CD300LF	0.5516	50.51	0.515	rgb(223,119,120)	1.9902	None
FEV	RGS4	0.5516	50.51	0.507	rgb(223,120,121)	1.9902	None
FOXA2	LINC00494	-0.5516	50.51	-5.1E-01	rgb(107,150,236)	1.9902	None
HEYL	GYLTL1B	0.5516	50.51	0.674	rgb(224, 88, 90)	1.9902	2,2
HHEX	RPRML	0.5516	50.51	0.507	rgb(223,120,121)	1.9902	None
HIC1	MTSS1	-0.5516	50.51	-5.1E-01	rgb(107,150,236)	1.9902	None
HIF1A	CNGA3	-0.5516	50.51	-5.1E-01	rgb(106,150,236)	1.9902	None
HSF2	MYBPC3	-0.5516	50.51	-5.1E-01	rgb(106,150,236)	1.9902	None
MAFA	REM2	0.5516	50.51	0.513	rgb(223,119,120)	1.9902	None
NEUROG3	KCNIP3	0.5516	50.51	0.511	rgb(223,119,120)	1.9902	None
NEUROG3	VSTM2L	0.5516	50.51	0.506	rgb(223,120,121)	1.9902	None
NR4A2	PGA5	0.5516	50.51	0.511	rgb(223,119,120)	1.9902	None
PDX1	LMO3	-0.5516	50.51	-5.1E-01	rgb(106,149,237)	1.9902	None
PRDM16	ZNRF3-AS1	0.5516	50.51	0.506	rgb(223,120,121)	1.9902	None
SMAD9	MAP1A	0.5516	50.51	0.511	rgb(223,119,120)	1.9902	None
TFCP2L1	C2CD4B	0.5516	50.51	0.511	rgb(223,119,120)	1.9902	None
ZFHX2	LGI3	-0.5516	50.51	-5.1E-01	rgb(107,150,236)	1.9902	None
ZFHX2	PDE8B	-0.5516	50.51	-5.1E-01	rgb(107,150,236)	1.9902	None
ZFP62	BC127823	-0.5516	50.51	-5.1E-01	rgb(107,150,236)	1.9902	2,2
ZFP82	BCORL1	0.5516	50.51	0.506	rgb(223,120,121)	1.9902	None
ZNF846	GRIN1	-0.5516	50.51	-5.1E-01	rgb(106,150,236)	1.9902	None
ZNF846	RAB36	0.5516	50.51	0.512	rgb(223,119,120)	1.9902	None
ZNF846	RET	-0.5516	50.51	-5.1E-01	rgb(107,150,236)	1.9902	None
ARNT2	LINC00261	0.54815	50.41	0.413	rgb(222,138,139)	1.9882	None
ASCL2	SLC7A2	0.54815	50.41	0.413	rgb(222,138,139)	1.9882	None
EGR3	CYP27A1	-0.54815	50.41	-4.1E-01	rgb(127,163,233)	1.9882	None
FOXA2	CSH1	0.54815	50.41	0.412	rgb(222,138,139)	1.9882	None
GATA2	AK311257	0.54815	50.41	0.412	rgb(222,138,139)	1.9882	2,2
GATA2	KIF5C	0.54815	50.41	0.414	rgb(222,138,139)	1.9882	2,2
HSF2	ADNP	0.54815	50.41	0.406	rgb(221,139,140)	1.9882	None
LMX1A	LOC100216479	0.54815	50.41	0.406	rgb(221,139,140)	1.9882	2,2
LMX1A	ST6GALNAC5	0.54815	50.41	0.41	rgb(222,139,140)	1.9882	None
MAFA	SGCD	-0.54815	50.41	-4.1E-01	rgb(127,163,233)	1.9882	None
MAFB	CAMK1G	0.54815	50.41	0.406	rgb(221,140,140)	1.9882	None
NEUROD2	CLPS	0.54815	50.41	0.858	rgb(226, 53, 55)	1.9882	None
NR4A2	TCTEX1D4	0.54815	50.41	0.411	rgb(222,139,139)	1.9882	None
NR4A3	AK024119	0.54815	50.41	0.408	rgb(221,139,140)	1.9882	2,2
NR4A3	COL16A1	0.54815	50.41	0.414	rgb(222,138,139)	1.9882	None
ONECUT2	AK124194	0.54815	50.41	0.412	rgb(222,138,139)	1.9882	2,2
ONECUT3	CTTNBP2	-0.54815	50.41	-4.1E-01	rgb(129,163,232)	1.9882	None
PAX4	LZTS1	0.54815	50.41	0.41	rgb(222,139,139)	1.9882	None
RORC	NPTXR	0.54815	50.41	0.415	rgb(222,138,139)	1.9882	None
SMAD9	CLCNKA	-0.54815	50.41	-4.5E-01	rgb(119,158,234)	1.9882	None
SPIB	ANKRD65	0.54815	50.41	0.408	rgb(221,139,140)	1.9882	None
SPIB	UNC79	0.54815	50.41	0.405	rgb(221,140,140)	1.9882	None
ZFHX2	LMO3	-0.54815	50.41	-4.1E-01	rgb(129,163,232)	1.9882	None
ZFP28	CELF4	-0.54815	50.41	-5.6E-01	rgb( 94,142,238)	1.9882	None
ZNF846	NEAT1	0.54815	50.41	0.405	rgb(221,140,140)	1.9882	None
ARX	INSM1	-0.5447	50.5	-5.0E-01	rgb(108,150,236)	1.99	None
ASCL1	KAT2B	0.5447	50.5	0.501	rgb(223,121,122)	1.99	None
ELF4	TMEM151B	-0.5447	50.5	-5.0E-01	rgb(109,151,236)	1.99	None
ELF4	ZFP90	-0.5447	50.5	-5.0E-01	rgb(109,151,236)	1.99	None
HIC1	SYT5	-0.5447	50.5	-5.0E-01	rgb(108,151,236)	1.99	None
HSF2	KCNB2	-0.5447	50.5	-5.0E-01	rgb(107,150,236)	1.99	None
HSF2	PELI3	-0.5447	50.5	-5.0E-01	rgb(108,151,236)	1.99	None
ISL1	ANP32A-IT1	0.5447	50.5	0.498	rgb(222,122,123)	1.99	2,2
LHX1	PBX1	0.5447	50.5	0.503	rgb(223,121,122)	1.99	None
LMX1B	BC006435	0.5447	50.5	0.501	rgb(223,121,122)	1.99	2,2
MAFA	GATA2	0.5447	50.5	0.503	rgb(223,121,122)	1.99	2,2
MAFF	FCGBP	0.5447	50.5	0.763	rgb(225, 71, 73)	1.99	None
MYT1	SEPT5-GP1BB	0.5447	50.5	0.499	rgb(222,122,123)	1.99	2,2
NEUROG3	CACNG4	0.5447	50.5	0.501	rgb(223,121,122)	1.99	None
NR4A2	OGFRL1	0.5447	50.5	0.496	rgb(222,122,123)	1.99	None
NR4A3	CHRNA5	-0.5447	50.5	-5.0E-01	rgb(109,151,236)	1.99	None
ONECUT1	LMX1A	0.5447	50.5	0.503	rgb(223,121,122)	1.99	None
PBX1	BOC	-0.5447	50.5	-5.0E-01	rgb(109,151,236)	1.99	None
PDX1	FSTL5	-0.5447	50.5	-5.7E-01	rgb( 92,141,239)	1.99	None
PDX1	WDR17	-0.5447	50.5	-5.0E-01	rgb(109,151,236)	1.99	None
PROX1	ASCL2	0.5447	50.5	0.503	rgb(223,121,122)	1.99	None
SMAD9	FABP5	-0.5447	50.5	-5.0E-01	rgb(109,151,236)	1.99	None
TEAD1	PLCG2	-0.5447	50.5	-5.0E-01	rgb(109,151,236)	1.99	None
TEAD2	NTNG2	0.5447	50.5	0.501	rgb(223,121,122)	1.99	None
ZFHX2	FSTL5	-0.5447	50.5	-5.0E-01	rgb(108,150,236)	1.99	None
ARX	CYP4F24P	0.54236	50.4	0.397	rgb(221,141,142)	1.988	None
ARX	FGF14	0.54236	50.4	0.396	rgb(221,141,142)	1.988	None
ETV1	ITGBL1	0.54236	50.4	0.398	rgb(221,141,142)	1.988	None
FEV	CPLX2	0.54236	50.4	0.404	rgb(221,140,141)	1.988	None
FOXA1	AK125960	-0.54236	50.4	-4.0E-01	rgb(130,164,232)	1.988	2,2
FOXA2	ZNF846	-0.54236	50.4	-4.0E-01	rgb(130,164,232)	1.988	None
GATA2	GPR83	0.54236	50.4	0.403	rgb(221,140,141)	1.988	2,2
GATA4	PDZD4	0.54236	50.4	0.651	rgb(224, 93, 94)	1.988	None
MAFA	PGA5	0.54236	50.4	0.401	rgb(221,140,141)	1.988	None
MAFB	RASD1	0.54236	50.4	0.403	rgb(221,140,141)	1.988	None
NEUROD2	RASL10B	0.54236	50.4	0.432	rgb(222,135,135)	1.988	2,2
NFAT5	ANKRD36B	0.54236	50.4	0.401	rgb(221,140,141)	1.988	2,2
NKX6-1	KCNMB2	0.54236	50.4	0.398	rgb(221,141,142)	1.988	None
NR4A2	GDF11	-0.54236	50.4	-4.0E-01	rgb(131,165,232)	1.988	None
PAX6	ASCL2	0.54236	50.4	0.464	rgb(222,128,129)	1.988	None
SOX4	MAP1B	0.54236	50.4	0.395	rgb(221,142,142)	1.988	None
ZNF846	MPP1	-0.54236	50.4	-4.0E-01	rgb(130,164,232)	1.988	None
ARX	CFC1	0.53905	50.39	0.39	rgb(221,142,143)	1.9878	None
ASCL1	AF070581	0.53905	50.39	0.389	rgb(221,143,143)	1.9878	2,2
ETV1	PRKCG	0.53905	50.39	0.394	rgb(221,142,143)	1.9878	None
FEV	CRMP1	0.53905	50.39	0.386	rgb(221,143,144)	1.9878	None
FEV	LIN7A	0.53905	50.39	0.391	rgb(221,142,143)	1.9878	None
FOXA2	LOC145837	0.53905	50.39	0.386	rgb(221,143,144)	1.9878	2,2
GATA2	KCNMB2	0.53905	50.39	0.392	rgb(221,142,143)	1.9878	None
ISL1	KIF5C	0.53905	50.39	0.391	rgb(221,142,143)	1.9878	2,2
LMX1A	DIRAS1	0.53905	50.39	0.394	rgb(221,142,143)	1.9878	2,2
LMX1A	LIMCH1	0.53905	50.39	0.387	rgb(221,143,144)	1.9878	None
MAFB	GPR162	0.53905	50.39	0.394	rgb(221,142,143)	1.9878	None
MAFB	PLXNC1	0.53905	50.39	0.392	rgb(221,142,143)	1.9878	None
NEUROG3	VASH2	0.53905	50.39	0.385	rgb(221,143,144)	1.9878	None
NHLH1	YPEL1	0.53905	50.39	0.388	rgb(221,143,144)	1.9878	None
NKX2-2	PAX4	0.53905	50.39	0.395	rgb(221,142,142)	1.9878	2,2
NR4A2	CNPY1	-0.53905	50.39	-3.9E-01	rgb(133,166,232)	1.9878	None
SPIB	MBOAT4	0.53905	50.39	0.39	rgb(221,143,143)	1.9878	None
TFCP2L1	PLCG2	-0.53905	50.39	-3.9E-01	rgb(133,166,232)	1.9878	None
TFCP2L1	RPLP0P2	-0.53905	50.39	-3.9E-01	rgb(133,166,232)	1.9878	None
ZFP28	TFCP2L1	0.53905	50.39	0.388	rgb(221,143,144)	1.9878	None
ZFP90	CDKN1A	-0.53905	50.4	-4.0E-01	rgb(131,164,232)	1.988	None
ZNF492	AX747775	0.53905	50.39	0.39	rgb(221,143,143)	1.9878	2,2
ZNF846	POU6F1	0.53905	50.39	0.388	rgb(221,143,144)	1.9878	None
ZNF846	PTPN22	0.53905	50.39	0.389	rgb(221,143,143)	1.9878	None
ARX	TUBA1A	-0.53394	50.49	-4.9E-01	rgb(111,152,236)	1.9898	None
EGR3	SLC6A17	0.53394	50.49	0.485	rgb(222,124,125)	1.9898	None
ELF4	RAB36	-0.53394	50.49	-4.9E-01	rgb(111,153,235)	1.9898	None
ELF4	SLC18A1	-0.53394	50.49	-4.9E-01	rgb(110,152,236)	1.9898	None
ELF4	TMEM198	-0.53394	50.49	-4.9E-01	rgb(110,152,236)	1.9898	None
ETS1	FW340055	0.53394	50.49	0.84	rgb(226, 56, 58)	1.9898	2,2
FOXP2	PODXL2	-0.53394	50.49	-4.9E-01	rgb(111,153,235)	1.9898	None
GATA2	MTSS1	0.53394	50.49	0.489	rgb(222,124,125)	1.9898	None
GATA2	USP32P2	0.53394	50.49	0.486	rgb(222,124,125)	1.9898	None
HIC1	STXBP5L	-0.53394	50.49	-4.9E-01	rgb(111,153,235)	1.9898	None
HSF2	PTPN22	0.53394	50.49	0.488	rgb(222,124,125)	1.9898	None
HSF2	RSPH4A	-0.53394	50.49	-4.9E-01	rgb(111,152,236)	1.9898	None
LHX1	CDH22	-0.53394	50.49	-4.9E-01	rgb(110,152,236)	1.9898	None
LMX1A	MAGEA5	0.53394	50.49	0.486	rgb(222,124,125)	1.9898	2,2
LMX1A	NAALADL1	0.53394	50.49	0.493	rgb(222,123,124)	1.9898	None
MAFF	DDN	0.53394	50.49	0.488	rgb(222,124,125)	1.9898	None
NEUROD1	MYT1	0.53394	50.49	0.486	rgb(222,124,125)	1.9898	None
NHLH1	SYNGR3	0.53394	50.49	0.493	rgb(222,123,124)	1.9898	None
NR4A2	HEYL	0.53394	50.49	0.487	rgb(222,124,125)	1.9898	None
NR4A2	KIF19	0.53394	50.49	0.494	rgb(222,123,124)	1.9898	None
NR4A2	REG4	-0.53394	50.49	-4.9E-01	rgb(110,152,236)	1.9898	None
NR4A2	TMEM145	-0.53394	50.49	-4.9E-01	rgb(110,152,236)	1.9898	None
PAX4	MCOLN3	-0.53394	50.49	-4.9E-01	rgb(111,153,236)	1.9898	None
PAX6	ACSS3	-0.53394	50.49	-4.9E-01	rgb(110,152,236)	1.9898	None
PBX1	CRIP2	-0.53394	50.49	-8.1E-01	rgb( 42,111,248)	1.9898	None
RFX6	NAV3	0.53394	50.49	0.49	rgb(222,123,124)	1.9898	None
RFX6	PNMAL1	0.53394	50.49	0.491	rgb(222,123,124)	1.9898	2,2
RORC	LINC00261	-0.53394	50.49	-4.9E-01	rgb(111,153,236)	1.9898	None
SIM1	GPR123	0.53394	50.49	0.487	rgb(222,124,125)	1.9898	2,2
SMAD9	HDAC7	0.53394	50.49	0.49	rgb(222,123,124)	1.9898	None
TEAD1	MMP2	-0.53394	50.49	-4.9E-01	rgb(110,152,236)	1.9898	None
TEAD1	MYRF	0.53394	50.49	0.589	rgb(223,104,106)	1.9898	None
TGIF2	NFRKB	0.53394	50.49	0.488	rgb(222,124,125)	1.9898	None
ZFHX2	CACNA1E	-0.53394	50.49	-4.9E-01	rgb(111,152,236)	1.9898	None
ZFHX2	STXBP5L	-0.53394	50.49	-4.9E-01	rgb(110,152,236)	1.9898	None
ZNF382	ACBD7	0.53394	50.49	0.701	rgb(225, 83, 85)	1.9898	None
ZNF382	LOC653513	-0.53394	50.49	-4.9E-01	rgb(111,153,235)	1.9898	2,2
ASCL2	MTUS2	0.53159	50.38	0.378	rgb(221,145,146)	1.9876	None
ETV1	DOK6	0.53159	50.38	0.384	rgb(221,144,144)	1.9876	None
HOXB9	CLSPN	-0.53159	50.38	-3.8E-01	rgb(135,167,231)	1.9876	None
HSF2	IFI44	-0.53159	50.38	-3.8E-01	rgb(134,167,231)	1.9876	None
HSF2	RIMBP2	0.53159	50.38	0.382	rgb(221,144,145)	1.9876	None
LMX1B	VCAN	0.53159	50.38	0.377	rgb(221,145,146)	1.9876	None
NEUROG3	BHMT	0.53159	50.38	0.376	rgb(221,145,146)	1.9876	None
NR4A2	ID2	0.53159	50.38	0.384	rgb(221,144,144)	1.9876	None
NR4A3	GRB14	0.53159	50.38	0.383	rgb(221,144,145)	1.9876	None
PAX6	CHL1	0.53159	50.38	0.375	rgb(221,145,146)	1.9876	None
PDX1	MAFB	0.53159	50.38	0.443	rgb(222,132,133)	1.9876	None
RORC	EPHA8	0.53159	50.38	0.571	rgb(223,108,109)	1.9876	None
SPIB	CDHR3	0.53159	50.38	0.383	rgb(221,144,145)	1.9876	None
TEAD2	MMP2	0.53159	50.38	0.379	rgb(221,145,145)	1.9876	None
TGIF2	BEND5	0.53159	50.38	0.38	rgb(221,144,145)	1.9876	None
ZFHX2	GAL	-0.53159	50.38	-3.8E-01	rgb(135,167,231)	1.9876	None
ZNF846	TTYH2	-0.53159	50.38	-3.8E-01	rgb(134,167,231)	1.9876	None
ARX	AX746869	0.5287	50.48	0.478	rgb(222,126,127)	1.9896	2,2
ATF5	CDHR1	0.5287	50.48	0.481	rgb(222,125,126)	1.9896	2,2
ELF4	ZFP2	-0.5287	50.48	-4.8E-01	rgb(113,154,235)	1.9896	None
ELF4	ZNF117	-0.5287	50.48	-4.8E-01	rgb(113,154,235)	1.9896	None
ETS1	AX746640	-0.5287	50.48	-4.8E-01	rgb(113,154,235)	1.9896	2,2
GATA4	CLCN4	0.5287	50.48	0.48	rgb(222,125,126)	1.9896	None
GATA4	DPEP1	0.5287	50.48	0.484	rgb(222,125,125)	1.9896	None
HSF2	SCIMP	-0.5287	50.48	-4.8E-01	rgb(114,154,235)	1.9896	None
MAFA	SERPINA10	0.5287	50.48	0.485	rgb(222,124,125)	1.9896	None
MLXIPL	FJX1	0.5287	50.48	0.476	rgb(222,126,127)	1.9896	None
MYRF	AX747850	-0.5287	50.48	-4.8E-01	rgb(113,154,235)	1.9896	2,2
NR4A2	PAPPA2	-0.5287	50.48	-4.8E-01	rgb(114,154,235)	1.9896	None
NR4A2	TPH1	-0.5287	50.48	-4.8E-01	rgb(112,153,235)	1.9896	None
PBX1	CDK5R2	-0.5287	50.48	-4.8E-01	rgb(113,154,235)	1.9896	None
PRDM16	CNPY1	-0.5287	50.48	-4.8E-01	rgb(113,153,235)	1.9896	None
TEAD2	LOC284581	-0.5287	50.48	-4.8E-01	rgb(113,154,235)	1.9896	2,2
ZFHX2	ADCY2	-0.5287	50.48	-4.8E-01	rgb(113,154,235)	1.9896	None
ZFHX2	FAT3	-0.5287	50.48	-4.8E-01	rgb(112,153,235)	1.9896	None
ZFHX2	ST6GALNAC5	-0.5287	50.48	-4.8E-01	rgb(112,153,235)	1.9896	None
ZFHX2	TMEM132B	-0.5287	50.48	-4.8E-01	rgb(113,154,235)	1.9896	None
ZNF846	LONRF2	0.5287	50.48	0.48	rgb(222,125,126)	1.9896	None
ARX	AX746640	0.52594	50.47	0.474	rgb(222,127,127)	1.9894	2,2
ARX	WDR52	0.52594	50.47	0.471	rgb(222,127,128)	1.9894	2,2
ATF6	MAFF	0.52594	50.47	0.474	rgb(222,127,127)	1.9894	None
DACH1	RGAG4	0.52594	50.47	0.468	rgb(222,128,129)	1.9894	2,2
ELF4	FAM171B	-0.52594	50.47	-4.7E-01	rgb(116,156,235)	1.9894	None
ETV1	PRKXP1	-0.52594	50.47	-4.7E-01	rgb(116,155,235)	1.9894	None
GATA2	CLGN	0.52594	50.47	0.473	rgb(222,127,128)	1.9894	None
GLIS2	AX747756	-0.52594	50.47	-4.7E-01	rgb(114,154,235)	1.9894	2,2
HHEX	GFRA1	0.52594	50.47	0.469	rgb(222,127,128)	1.9894	None
LHX1	COL12A1	0.52594	50.47	0.466	rgb(222,128,129)	1.9894	None
MAFA	RPS3	-0.52594	50.47	-4.7E-01	rgb(114,155,235)	1.9894	None
NFAT5	PGF	0.52594	50.47	0.466	rgb(222,128,129)	1.9894	None
NR4A2	INSRR	0.52594	50.47	0.468	rgb(222,128,128)	1.9894	None
NR4A2	REEP2	-0.52594	50.47	-4.7E-01	rgb(115,155,235)	1.9894	None
NR4A2	SPIB	-0.52594	50.47	-5.1E-01	rgb(106,150,236)	1.9894	None
NR4A2	STK33	0.52594	50.47	0.473	rgb(222,127,128)	1.9894	None
RFX6	DACH1	0.52594	50.47	0.467	rgb(222,128,129)	1.9894	None
RORC	COL10A1	0.52594	50.47	0.465	rgb(222,128,129)	1.9894	None
SMAD9	RAP1GAP2	0.52594	50.47	0.495	rgb(222,122,123)	1.9894	None
ZNF846	EPHA4	0.52594	50.47	0.469	rgb(222,127,128)	1.9894	None
CXXC4	AFF2	0.52276	50.37	0.368	rgb(221,147,148)	1.9874	2,2
EGR3	TPST2	-0.52276	50.37	-3.7E-01	rgb(136,168,231)	1.9874	None
ETV1	CCL19	0.52276	50.37	0.372	rgb(221,146,147)	1.9874	None
ETV1	SFRP1	0.52276	50.37	0.371	rgb(221,146,147)	1.9874	None
FEV	XKR7	0.52276	50.37	0.368	rgb(221,147,148)	1.9874	None
FOXP2	KIAA1456	0.52276	50.37	0.373	rgb(221,146,147)	1.9874	2,2
HES6	FAM105A	0.52276	50.37	0.366	rgb(221,147,148)	1.9874	2,2
HSF2	EGR3	0.52276	50.37	0.367	rgb(221,147,148)	1.9874	None
HSF2	RPS6KL1	0.52276	50.37	0.374	rgb(221,146,146)	1.9874	None
MAFA	ASCL2	0.52276	50.45	0.454	rgb(222,130,131)	1.989	None
MAFB	MUC16	0.52276	50.37	0.66	rgb(224, 91, 92)	1.9874	None
NR4A3	RIMBP2	0.52276	50.37	0.374	rgb(221,146,146)	1.9874	None
ONECUT2	BMS1P6	0.52276	50.37	0.368	rgb(221,147,147)	1.9874	2,2
PAX6	ISLR2	-0.52276	50.37	-4.9E-01	rgb(110,152,236)	1.9874	None
PAX6	PLXNC1	0.52276	50.37	0.374	rgb(221,146,146)	1.9874	None
PRDM16	AK026714	0.52276	50.37	0.368	rgb(221,147,147)	1.9874	2,2
SMAD9	SAMD11	0.52276	50.37	0.369	rgb(221,146,147)	1.9874	None
TEAD2	MAPK8IP1	0.52276	50.37	0.365	rgb(221,147,148)	1.9874	None
TFCP2L1	ADAMTSL2	-0.52276	50.37	-3.7E-01	rgb(137,169,231)	1.9874	None
TFCP2L1	BAALC	-0.52276	50.37	-3.7E-01	rgb(137,169,231)	1.9874	None
TGIF2	STXBP1	0.52276	50.37	0.367	rgb(221,147,148)	1.9874	None
TP73	CHRNA5	0.52276	50.37	0.369	rgb(221,147,147)	1.9874	None
TP73	LOC400891	0.52276	50.37	0.374	rgb(221,146,146)	1.9874	2,2
ATF5	AK024092	-0.52001	50.36	-3.6E-01	rgb(139,169,231)	1.9872	2,2
CXXC4	XAF1	0.52001	50.36	0.358	rgb(221,149,149)	1.9872	2,2
ETS1	EMB	0.52001	50.36	0.355	rgb(221,149,150)	1.9872	None
ETS1	SV2A	-0.52001	50.36	-3.6E-01	rgb(139,170,231)	1.9872	None
ETV1	XKR7	0.52001	50.36	0.363	rgb(221,148,148)	1.9872	None
FOXA1	NPAS3	0.52001	50.36	0.364	rgb(221,147,148)	1.9872	None
GATA2	CDHR3	0.52001	50.36	0.357	rgb(221,149,149)	1.9872	None
LMX1B	GABBR2	0.52001	50.36	0.364	rgb(221,148,148)	1.9872	None
MAFA	CDH22	0.52001	50.36	0.364	rgb(221,148,148)	1.9872	None
MAFA	NKD1	0.52001	50.36	0.36	rgb(221,148,149)	1.9872	None
NFAT5	AGAP11	0.52001	50.36	0.36	rgb(221,148,149)	1.9872	None
NR4A3	CACNA1H	0.52001	50.36	0.359	rgb(221,148,149)	1.9872	None
NR4A3	TTLL6	0.52001	50.36	0.36	rgb(221,148,149)	1.9872	None
PDX1	CD52	0.52001	50.36	0.428	rgb(222,135,136)	1.9872	None
PDX1	IFI44L	0.52001	50.36	0.36	rgb(221,148,149)	1.9872	None
PDX1	OR51E1	0.52001	50.36	0.57	rgb(223,108,109)	1.9872	None
RFX6	HEPACAM2	0.52001	50.36	0.362	rgb(221,148,149)	1.9872	None
SOX4	CABP7	0.52001	50.36	0.762	rgb(225, 71, 73)	1.9872	None
SOX4	VWCE	0.52001	50.36	0.359	rgb(221,148,149)	1.9872	None
SPIB	GPR155	0.52001	50.36	0.361	rgb(221,148,149)	1.9872	None
DACH1	ARHGEF25	0.51642	50.46	0.455	rgb(222,130,131)	1.9892	2,2
ELF4	CRISP3	0.51642	50.46	0.458	rgb(222,130,130)	1.9892	2,2
ETS1	UBL5	0.51642	50.46	0.462	rgb(222,129,130)	1.9892	None
FOXA1	AK026777	0.51642	50.46	0.461	rgb(222,129,130)	1.9892	2,2
GATA2	HOMEZ	-0.51642	50.46	-4.6E-01	rgb(117,156,234)	1.9892	None
HIF1A	CDHR3	-0.51642	50.46	-4.6E-01	rgb(117,156,235)	1.9892	None
HSF2	CSH1	0.51642	50.46	0.463	rgb(222,129,130)	1.9892	None
NEUROG3	CNPY1	0.51642	50.46	0.462	rgb(222,129,130)	1.9892	None
NKX2-2	SLC8A1	-0.51642	50.46	-4.6E-01	rgb(116,156,235)	1.9892	None
NR4A2	CREBRF	0.51642	50.46	0.463	rgb(222,129,130)	1.9892	None
NR4A2	ISLR2	-0.51642	50.46	-4.6E-01	rgb(116,156,235)	1.9892	None
NR4A2	KAT2B	0.51642	50.46	0.464	rgb(222,128,129)	1.9892	None
NR4A2	RBP2	0.51642	50.46	0.461	rgb(222,129,130)	1.9892	None
NR4A2	TP73	0.51642	50.46	0.462	rgb(222,129,130)	1.9892	None
ONECUT1	SLC7A14	0.51642	50.46	0.46	rgb(222,129,130)	1.9892	None
RFX3	DTX3	0.51642	50.46	0.457	rgb(222,130,131)	1.9892	2,2
SIM1	LOC100216479	0.51642	50.46	0.464	rgb(222,128,129)	1.9892	2,2
SOX4	FAM161A	0.51642	50.46	0.456	rgb(222,130,131)	1.9892	None
SOX4	TPST2	-0.51642	50.46	-4.6E-01	rgb(118,157,234)	1.9892	None
TEAD1	CADM2	-0.51642	50.46	-4.6E-01	rgb(117,156,235)	1.9892	None
TEAD1	GPR83	-0.51642	50.46	-4.6E-01	rgb(118,157,234)	1.9892	2,2
TEAD1	RAB3C	-0.51642	50.46	-4.6E-01	rgb(118,157,234)	1.9892	None
ZFHX2	CHRNB4	0.51642	50.46	0.459	rgb(222,129,130)	1.9892	None
ZFHX2	SPTBN4	-0.51642	50.46	-4.6E-01	rgb(116,156,235)	1.9892	None
ZFHX2	TUBB2B	-0.51642	50.46	-5.8E-01	rgb( 91,140,239)	1.9892	None
ZNF519	ATF7IP	0.51642	50.46	0.46	rgb(222,129,130)	1.9892	None
ASCL2	MAPK4	0.51462	50.35	0.349	rgb(221,150,151)	1.987	None
FOXA1	GIP	-0.51462	50.35	-3.5E-01	rgb(142,171,230)	1.987	None
FOXA1	ISLR2	-0.51462	50.35	-3.5E-01	rgb(140,170,230)	1.987	None
FOXA1	SERPINA10	0.51462	50.35	0.605	rgb(224,101,103)	1.987	None
GATA2	KCNMA1	0.51462	50.35	0.348	rgb(221,150,151)	1.987	None
MAFA	BCRP3	0.51462	50.35	0.353	rgb(221,150,150)	1.987	None
NR4A3	AP3B2	0.51462	50.35	0.353	rgb(221,150,150)	1.987	None
NR4A3	YPEL1	0.51462	50.35	0.348	rgb(221,151,151)	1.987	None
RFX2	SULT1C2P1	0.51462	50.35	0.354	rgb(221,149,150)	1.987	None
SOX4	LRFN1	-0.51462	50.35	-4.9E-01	rgb(111,152,236)	1.987	None
TFCP2L1	CHGB	-0.51462	50.35	-3.5E-01	rgb(142,171,230)	1.987	None
TFCP2L1	CPE	0.51462	50.35	0.848	rgb(226, 55, 57)	1.987	None
TGIF2	IGFN1	0.51462	50.35	0.349	rgb(221,150,151)	1.987	None
ARNT2	DCHS1	-0.51187	50.45	-4.5E-01	rgb(119,157,234)	1.989	None
ARX	CELF3	-0.51187	50.45	-4.5E-01	rgb(120,158,234)	1.989	None
ARX	CTXN1	-0.51187	50.45	-4.5E-01	rgb(120,158,234)	1.989	None
EGR3	JAM3	-0.51187	50.45	-4.5E-01	rgb(119,157,234)	1.989	None
ELF4	DQ583756	-0.51187	50.45	-4.5E-01	rgb(120,158,234)	1.989	2,2
HIF1A	ENPP1	-0.51187	50.45	-4.5E-01	rgb(118,157,234)	1.989	None
LHX1	TMEM132C	-0.51187	50.45	-4.5E-01	rgb(119,157,234)	1.989	None
LMX1A	FER1L6-AS1	0.51187	50.45	0.447	rgb(222,132,132)	1.989	None
LMX1A	GPR173	-0.51187	50.45	-4.5E-01	rgb(119,158,234)	1.989	None
MAFA	TPH1	0.51187	50.45	0.447	rgb(222,132,132)	1.989	None
NR4A2	GPBAR1	-0.51187	50.45	-4.5E-01	rgb(120,158,234)	1.989	None
NR4A2	HES4	0.51187	50.45	0.448	rgb(222,131,132)	1.989	None
ONECUT1	SCN2A	0.51187	50.45	0.453	rgb(222,131,131)	1.989	None
ONECUT1	TTLL6	0.51187	50.45	0.445	rgb(222,132,133)	1.989	None
ONECUT1	UBBP4	-0.51187	50.45	-4.5E-01	rgb(119,158,234)	1.989	2,2
PDX1	CCDC40	-0.51187	50.45	-4.5E-01	rgb(120,158,234)	1.989	None
PRDM16	LSP1	-0.51187	50.45	-4.5E-01	rgb(120,158,234)	1.989	None
RFX6	PELI3	0.51187	50.45	0.453	rgb(222,131,131)	1.989	None
TEAD1	LOC100216479	-0.51187	50.45	-4.5E-01	rgb(119,158,234)	1.989	2,2
ZFHX2	GAST	-0.51187	50.45	-4.5E-01	rgb(120,158,234)	1.989	2,2
ETV1	TPH1	0.5098	50.34	0.343	rgb(221,151,152)	1.9868	None
GATA2	VCAN	0.5098	50.34	0.343	rgb(221,151,152)	1.9868	None
HIC1	CELF5	-0.5098	50.34	-5.0E-01	rgb(108,151,236)	1.9868	None
HIC1	KNDC1	0.5098	50.34	0.343	rgb(221,151,152)	1.9868	None
LMX1A	HMGB3	-0.5098	50.34	-3.4E-01	rgb(143,172,230)	1.9868	None
LMX1A	MLN	0.5098	50.34	0.342	rgb(221,152,152)	1.9868	None
LMX1A	NTS	0.5098	50.34	0.339	rgb(221,152,153)	1.9868	2,2
MAFA	DLL1	0.5098	50.34	0.341	rgb(221,152,153)	1.9868	None
NR4A3	BGN	0.5098	50.34	0.339	rgb(221,152,153)	1.9868	None
PAX6	GPR173	-0.5098	50.34	-8.0E-01	rgb( 43,111,248)	1.9868	None
PDX1	MEX3A	0.5098	50.34	0.34	rgb(221,152,153)	1.9868	None
SOX4	ASXL3	0.5098	50.34	0.338	rgb(221,152,153)	1.9868	None
SPIB	KCNB2	0.5098	50.34	0.344	rgb(221,151,152)	1.9868	None
SPIB	TMEM151B	0.5098	50.34	0.341	rgb(221,152,153)	1.9868	None
TFCP2L1	PCDHB10	-0.5098	50.34	-3.4E-01	rgb(142,172,230)	1.9868	None
EGR3	RET	-0.50759	50.33	-3.3E-01	rgb(146,174,229)	1.9866	None
ETS1	RYBP	0.50759	50.33	0.333	rgb(221,153,154)	1.9866	None
FOXA1	TFPI2	0.50759	50.33	0.33	rgb(221,154,155)	1.9866	None
HSF2	ZCCHC18	-0.50759	50.33	-5.5E-01	rgb( 98,145,238)	1.9866	None
LMX1A	FAM179A	0.50759	50.33	0.331	rgb(221,154,154)	1.9866	2,2
NFAT5	AX747756	0.50759	50.33	0.327	rgb(221,155,155)	1.9866	2,2
NKX2-2	IFI44L	0.50759	50.33	0.325	rgb(221,155,156)	1.9866	None
NR4A3	LGR6	0.50759	50.33	0.326	rgb(221,155,155)	1.9866	None
PRDM16	LINC00939	0.50759	50.33	0.331	rgb(221,154,154)	1.9866	None
PRDM16	N4BP2L2-IT2	0.50759	50.33	0.335	rgb(221,153,154)	1.9866	2,2
RORC	VSTM4	-0.50759	50.33	-3.3E-01	rgb(146,174,229)	1.9866	None
SMAD9	PTCH1	0.50759	50.33	0.328	rgb(221,154,155)	1.9866	None
SOX4	ACSS3	0.50759	50.33	0.328	rgb(221,154,155)	1.9866	None
SOX4	LIN7A	0.50759	50.33	0.332	rgb(221,154,154)	1.9866	None
ST18	MAP2	0.50759	50.33	0.334	rgb(221,153,154)	1.9866	None
ZFP82	C7	0.50759	50.33	0.326	rgb(221,155,155)	1.9866	None
ELF4	FGF14	-0.50442	50.44	-4.4E-01	rgb(122,159,234)	1.9888	None
ELF4	HSPA12A	-0.50442	50.44	-4.4E-01	rgb(122,159,234)	1.9888	None
ELF4	WNK3	-0.50442	50.44	-4.4E-01	rgb(121,158,234)	1.9888	None
LHX1	FER1L6-AS1	-0.50442	50.44	-4.4E-01	rgb(121,158,234)	1.9888	None
LMX1A	ATF6	-0.50442	50.44	-4.4E-01	rgb(121,158,234)	1.9888	None
MAFA	CFC1	0.50442	50.44	0.437	rgb(222,134,134)	1.9888	None
MAFA	GAST	0.50442	50.44	0.443	rgb(222,132,133)	1.9888	2,2
MAFF	AK093555	-0.50442	50.44	-4.4E-01	rgb(120,158,234)	1.9888	2,2
MAFF	LSAMP	-0.50442	50.44	-4.4E-01	rgb(122,159,234)	1.9888	None
NR4A2	MAP1B	0.50442	50.44	0.441	rgb(222,133,134)	1.9888	None
NR4A2	SEMA6B	0.50442	50.44	0.444	rgb(222,132,133)	1.9888	None
NR4A2	SGCD	-0.50442	50.44	-4.4E-01	rgb(122,159,234)	1.9888	None
NR4A2	STMND1	0.50442	50.44	0.442	rgb(222,133,133)	1.9888	None
ONECUT1	PEX5L	0.50442	50.44	0.439	rgb(222,133,134)	1.9888	None
ONECUT1	POU2F2	0.50442	50.44	0.443	rgb(222,132,133)	1.9888	None
PBX1	AMPH	-0.50442	50.44	-4.4E-01	rgb(121,159,234)	1.9888	None
RFX6	MAPK10	0.50442	50.44	0.439	rgb(222,133,134)	1.9888	None
RFX6	PTCHD2	0.50442	50.44	0.44	rgb(222,133,134)	1.9888	2,2
SIM1	KCNA6	0.50442	50.44	0.439	rgb(222,133,134)	1.9888	2,2
SOX4	SULT1C2P1	0.50442	50.44	0.442	rgb(222,133,134)	1.9888	None
TEAD1	MSI1	-0.50442	50.44	-4.4E-01	rgb(121,158,234)	1.9888	None
ZFHX2	ANKRD18A	0.50442	50.44	0.436	rgb(222,134,135)	1.9888	None
ZNF846	COL21A1	0.50442	50.44	0.435	rgb(222,134,135)	1.9888	None
FOXA2	CELA3B	0.50304	50.32	0.323	rgb(221,155,156)	1.9864	None
FOXP2	SLC18A1	0.50304	50.32	0.323	rgb(221,155,156)	1.9864	None
GATA2	SPTBN4	0.50304	50.32	0.321	rgb(221,156,156)	1.9864	None
GATA2	TMEM132B	0.50304	50.32	0.316	rgb(220,157,157)	1.9864	None
MAFB	CHGB	0.50304	50.32	0.322	rgb(221,156,156)	1.9864	None
NHLH1	LRRC10B	0.50304	50.32	0.315	rgb(220,157,157)	1.9864	None
NHLH1	MAD2L2	0.50304	50.32	0.355	rgb(221,149,150)	1.9864	None
NR4A2	CLSPN	-0.50304	50.32	-3.2E-01	rgb(147,175,229)	1.9864	None
TFCP2L1	G0S2	-0.50304	50.32	-3.2E-01	rgb(148,175,229)	1.9864	None
TGIF2	CPT1C	0.50304	50.32	0.325	rgb(221,155,156)	1.9864	None
ARX	RAB26	-0.50028	50.43	-4.3E-01	rgb(124,160,233)	1.9886	None
ARX	SMTNL2	0.50028	50.43	0.458	rgb(222,130,130)	1.9886	None
ATOH8	TUBB4A	0.50028	50.43	0.427	rgb(222,136,136)	1.9886	2,2
EGR3	GDF11	0.50028	50.43	0.433	rgb(222,134,135)	1.9886	None
HEYL	AX747535	-0.50028	50.43	-4.3E-01	rgb(124,160,233)	1.9886	2,2
LMX1A	LOC100216546	0.50028	50.43	0.43	rgb(222,135,136)	1.9886	2,2
MAFB	SV2B	0.50028	50.43	0.427	rgb(222,135,136)	1.9886	None
MYT1	AF070581	0.50028	50.43	0.571	rgb(223,108,109)	1.9886	2,2
NR4A2	FAM171A2	0.50028	50.43	0.429	rgb(222,135,136)	1.9886	None
ONECUT1	CACNA1A	0.50028	50.43	0.427	rgb(222,135,136)	1.9886	None
PAX6	EML1	-0.50028	50.43	-4.3E-01	rgb(124,160,233)	1.9886	None
PAX6	STARD9	-0.50028	50.43	-4.3E-01	rgb(123,160,233)	1.9886	None
PBX1	CD96	0.50028	50.43	0.427	rgb(222,135,136)	1.9886	None
PBX1	LTBP2	0.50028	50.43	0.431	rgb(222,135,136)	1.9886	None
POU2F2	HSF2	-0.50028	50.43	-4.3E-01	rgb(124,160,233)	1.9886	None
RFX3	TMEM151A	0.50028	50.43	0.433	rgb(222,134,135)	1.9886	None
RFX6	TAC1	0.50028	50.43	0.432	rgb(222,134,135)	1.9886	None
TEAD1	SCG5	-0.50028	50.43	-4.3E-01	rgb(124,160,233)	1.9886	None
ZNF117	ANKRD36B	0.50028	50.43	0.433	rgb(222,134,135)	1.9886	2,2
ZNF492	DOCK8	-0.50028	50.43	-4.3E-01	rgb(123,160,233)	1.9886	None
EGR3	MDK	-0.49807	50.31	-6.9E-01	rgb( 68,126,243)	1.9862	None
FOXP2	DPP10	0.49807	50.31	0.31	rgb(220,158,158)	1.9862	None
GATA2	CES1	0.49807	50.31	0.311	rgb(220,158,158)	1.9862	2,2
GATA2	LINC00890	0.49807	50.31	0.312	rgb(220,158,158)	1.9862	2,2
ISL1	DCX	0.49807	50.31	0.306	rgb(220,158,159)	1.9862	2,2
MAFF	PRICKLE2	-0.49807	50.31	-3.1E-01	rgb(149,176,229)	1.9862	None
NHLH1	GLT8D2	0.49807	50.31	0.311	rgb(220,158,158)	1.9862	None
NKX2-2	DOCK8	0.49807	50.31	0.314	rgb(220,157,158)	1.9862	None
NKX6-1	FAM179A	0.49807	50.31	0.309	rgb(220,158,159)	1.9862	2,2
NR4A3	KCTD12	0.49807	50.31	0.311	rgb(220,158,158)	1.9862	None
NR4A3	NPTXR	-0.49807	50.31	-4.4E-01	rgb(122,159,234)	1.9862	None
POU2F2	RPS3	-0.49807	50.31	-3.1E-01	rgb(149,176,229)	1.9862	None
RORC	AADAT	-0.49807	50.31	-3.1E-01	rgb(150,176,229)	1.9862	None
SPIB	ADCY1	0.49807	50.31	0.315	rgb(220,157,157)	1.9862	None
TFCP2L1	PCDHB16	0.49807	50.31	0.31	rgb(220,158,158)	1.9862	None
ZNF492	TUB	0.49807	50.31	0.313	rgb(220,157,158)	1.9862	None
ASCL2	GDF11	0.49683	50.3	0.295	rgb(220,161,161)	1.986	None
GATA4	TAF9B	-0.49683	50.3	-3.0E-01	rgb(151,177,229)	1.986	None
ISL1	GPR64	0.49683	50.3	0.301	rgb(220,160,160)	1.986	2,2
MAFA	ATOH8	0.49683	50.3	0.304	rgb(220,159,160)	1.986	None
MAFA	PRKXP1	-0.49683	50.3	-3.0E-01	rgb(152,177,228)	1.986	None
NR4A3	BOC	0.49683	50.3	0.302	rgb(220,159,160)	1.986	None
ONECUT1	MED12L	0.49683	50.3	0.301	rgb(220,160,160)	1.986	None
PDX1	IFI44	0.49683	50.3	0.297	rgb(220,160,161)	1.986	None
ZNF519	MAPK4	-0.49683	50.3	-3.0E-01	rgb(153,178,228)	1.986	None
ARX	AX747826	0.49462	50.42	0.423	rgb(222,136,137)	1.9884	2,2
ARX	CALCOCO1	0.49462	50.42	0.425	rgb(222,136,137)	1.9884	None
ASCL2	ELL2	-0.49462	50.42	-4.2E-01	rgb(125,161,233)	1.9884	None
ETS1	MMP11	0.49462	50.42	0.424	rgb(222,136,137)	1.9884	None
GATA2	SLC8A1	0.49462	50.42	0.418	rgb(222,137,138)	1.9884	None
LHX1	ZDHHC8P1	-0.49462	50.42	-4.2E-01	rgb(126,162,233)	1.9884	None
NEUROD1	SRCIN1	0.49462	50.42	0.425	rgb(222,136,137)	1.9884	None
NR4A2	AVPR1B	-0.49462	50.42	-4.2E-01	rgb(125,161,233)	1.9884	None
PBX1	AGT	-0.49462	50.42	-4.2E-01	rgb(127,162,233)	1.9884	None
RFX6	PLCG2	0.49462	50.42	0.422	rgb(222,136,137)	1.9884	None
SIM1	CHST9	0.49462	50.42	0.422	rgb(222,136,137)	1.9884	2,2
TGIF2	LRRTM3	0.49462	50.42	0.422	rgb(222,136,137)	1.9884	None
ZFHX2	MEP1B	-0.49462	50.42	-4.2E-01	rgb(126,161,233)	1.9884	None
ZFHX2	PCSK2	-0.49462	50.42	-4.2E-01	rgb(125,161,233)	1.9884	None
ZNF382	TRIM24	0.49462	50.42	0.417	rgb(222,137,138)	1.9884	None
ZNF846	HSPA12A	0.49462	50.42	0.423	rgb(222,136,137)	1.9884	None
ETV1	REEP2	0.49214	50.29	0.291	rgb(220,161,162)	1.9858	None
FEV	GCK	0.49214	50.29	0.292	rgb(220,161,162)	1.9858	None
FEV	STMN4	0.49214	50.29	0.286	rgb(220,162,163)	1.9858	None
GATA2	FAM179A	0.49214	50.29	0.293	rgb(220,161,162)	1.9858	2,2
HSF2	LINC00261	0.49214	50.29	0.294	rgb(220,161,161)	1.9858	None
HSF2	VASH2	0.49214	50.29	0.292	rgb(220,161,162)	1.9858	None
LHX1	EID2	0.49214	50.29	0.286	rgb(220,162,163)	1.9858	None
PAX6	GPR148	-0.49214	50.29	-6.3E-01	rgb( 80,134,241)	1.9858	None
POU2F2	ELL2	0.49214	50.29	0.285	rgb(220,162,163)	1.9858	None
RORC	FAM71E2	-0.49214	50.29	-7.8E-01	rgb( 48,114,247)	1.9858	None
SPIB	CCDC74A	-0.49214	50.29	-2.9E-01	rgb(154,179,228)	1.9858	None
TFCP2L1	BTBD17	-0.49214	50.29	-2.9E-01	rgb(154,179,228)	1.9858	None
TFCP2L1	DPEP1	-0.49214	50.29	-2.9E-01	rgb(154,179,228)	1.9858	None
TP73	FLJ00385	0.49214	50.29	0.285	rgb(220,162,163)	1.9858	2,2
TP73	IGHG1	0.49214	50.29	0.287	rgb(220,162,163)	1.9858	2,2
ZFP28	CIB4	-0.49214	50.29	-2.9E-01	rgb(155,179,228)	1.9858	None
ZFP82	CBX2	0.49214	50.29	0.392	rgb(221,142,143)	1.9858	None
ZNF492	FAT3	0.49214	50.29	0.285	rgb(220,163,163)	1.9858	None
ELF4	TMEFF1	-0.48938	50.41	-4.1E-01	rgb(128,163,233)	1.9882	None
GATA2	ACSL6	0.48938	50.41	0.407	rgb(221,139,140)	1.9882	None
GATA2	NEFM	0.48938	50.41	0.41	rgb(222,139,140)	1.9882	None
HIC1	CDHR3	-0.48938	50.41	-4.1E-01	rgb(129,163,232)	1.9882	None
HIF1A	BSN	-0.48938	50.41	-4.1E-01	rgb(129,163,232)	1.9882	None
HSF2	SEZ6	-0.48938	50.41	-4.1E-01	rgb(129,163,232)	1.9882	None
LMX1B	ATP6V0E2	-0.48938	50.41	-4.1E-01	rgb(129,163,232)	1.9882	None
LMX1B	STXBP5L	0.48938	50.41	0.411	rgb(222,138,139)	1.9882	None
LTF	MUC5B	0.48938	50.41	0.411	rgb(222,139,139)	1.9882	None
MYRF	NEUROD1	0.48938	50.41	0.408	rgb(221,139,140)	1.9882	None
NEUROD1	RAB39B	0.48938	50.41	0.753	rgb(225, 73, 75)	1.9882	2,2
NR4A2	RRAGD	0.48938	50.41	0.406	rgb(221,140,140)	1.9882	None
PDX1	SPARC	-0.48938	50.41	-4.1E-01	rgb(129,163,232)	1.9882	None
RFX6	RGS9	0.48938	50.41	0.412	rgb(222,138,139)	1.9882	None
SIM1	LINC00617	0.48938	50.41	0.411	rgb(222,138,139)	1.9882	2,2
SPIB	NFRKB	0.48938	50.41	0.407	rgb(221,139,140)	1.9882	None
TEAD1	AK026379	-0.48938	50.41	-4.1E-01	rgb(129,163,232)	1.9882	2,2
TEAD1	PGA4	-0.48938	50.41	-4.1E-01	rgb(127,162,233)	1.9882	None
TFCP2L1	FAM106CP	-0.48938	50.41	-4.1E-01	rgb(127,162,233)	1.9882	2,2
ZFHX2	UNC79	-0.48938	50.41	-4.1E-01	rgb(128,163,233)	1.9882	None
ASCL2	USP13	0.488	50.28	0.281	rgb(220,163,164)	1.9856	None
EGR3	UCN3	-0.488	50.28	-2.8E-01	rgb(156,180,228)	1.9856	None
GATA4	RSPH4A	0.488	50.28	0.281	rgb(220,163,164)	1.9856	None
INSM1	CAMK2B	-0.488	50.28	-5.8E-01	rgb( 91,140,239)	1.9856	None
LMX1B	ACTL6B	0.488	50.28	0.483	rgb(222,125,126)	1.9856	None
NR4A3	MLLT11	0.488	50.28	0.28	rgb(220,164,164)	1.9856	None
PAX6	MCOLN3	0.488	50.28	0.285	rgb(220,163,163)	1.9856	None
TFCP2L1	ABCC4	0.488	50.28	0.278	rgb(220,164,165)	1.9856	None
TFCP2L1	ZG16	-0.488	50.28	-2.8E-01	rgb(156,180,228)	1.9856	None
TGIF2	VASH2	0.488	50.28	0.278	rgb(220,164,164)	1.9856	None
ARX	ST8SIA5	-0.48703	50.27	-4.3E-01	rgb(124,161,233)	1.9854	None
LMX1A	C1QL1	0.48703	50.27	0.266	rgb(220,166,167)	1.9854	None
MAFB	CLSTN2	0.48703	50.27	0.267	rgb(220,166,167)	1.9854	None
PDX1	RORC	0.48703	50.27	0.273	rgb(220,165,165)	1.9854	None
SMAD9	SSTR5-AS1	0.48703	50.27	0.272	rgb(220,165,166)	1.9854	None
TEAD2	GPC2	0.48703	50.27	0.612	rgb(224,100,101)	1.9854	None
TGIF2	CNOT6L	-0.48703	50.27	-2.7E-01	rgb(158,181,227)	1.9854	None
ARX	SPP1	-0.48469	50.4	-4.0E-01	rgb(130,164,232)	1.988	None
ARX	TMEM158	-0.48469	50.4	-4.0E-01	rgb(129,164,232)	1.988	None
ELF4	CITED1	-0.48469	50.4	-4.8E-01	rgb(113,154,235)	1.988	None
LHX1	TMOD1	-0.48469	50.4	-4.0E-01	rgb(131,165,232)	1.988	None
LMX1A	AX748371	0.48469	50.4	0.4	rgb(221,141,141)	1.988	2,2
MYT1	NOV	0.48469	50.4	0.422	rgb(222,136,137)	1.988	2,2
NKX2-2	RNF157	-0.48469	50.4	-4.0E-01	rgb(130,164,232)	1.988	None
NPAS3	HMP19	0.48469	50.4	0.403	rgb(221,140,141)	1.988	2,2
ONECUT1	ANKRD18A	0.48469	50.4	0.4	rgb(221,141,141)	1.988	None
PRDM16	MRPL34	-0.48469	50.4	-4.0E-01	rgb(131,165,232)	1.988	None
PRDM16	SOGA3	0.48469	50.4	0.591	rgb(224,104,105)	1.988	None
PRDM16	TEKT2	-0.48469	50.4	-4.0E-01	rgb(131,164,232)	1.988	None
ZFHX2	ASIC5	-0.48469	50.4	-4.0E-01	rgb(129,164,232)	1.988	2,2
ZFHX2	RPRML	-0.48469	50.4	-4.0E-01	rgb(131,165,232)	1.988	None
ZFP82	STARD8	-0.48469	50.4	-4.0E-01	rgb(129,164,232)	1.988	None
ZNF117	JX088243	0.48469	50.4	0.396	rgb(221,141,142)	1.988	2,2
ZNF846	RTN1	-0.48469	50.4	-4.0E-01	rgb(131,165,232)	1.988	None
ETV1	SYN1	0.48386	50.26	0.261	rgb(220,167,168)	1.9852	None
FEV	B3GAT1	0.48386	50.26	0.554	rgb(223,111,112)	1.9852	None
FOXP2	NPAS3	0.48386	50.26	0.262	rgb(220,167,167)	1.9852	None
LHX1	PAPPA2	-0.48386	50.26	-3.6E-01	rgb(139,169,231)	1.9852	None
TFCP2L1	SSTR5-AS1	-0.48386	50.26	-2.6E-01	rgb(160,182,227)	1.9852	None
ZNF846	DUSP2	-0.48386	50.26	-2.6E-01	rgb(160,182,227)	1.9852	None
ASCL2	DDC	0.48303	50.25	0.249	rgb(220,169,170)	1.985	None
FEV	PCYT1B	0.48303	50.25	0.247	rgb(220,170,170)	1.985	None
LMX1A	FHL1	0.48303	50.25	0.248	rgb(220,170,170)	1.985	2,2
LMX1B	SCGB1A1	0.48303	50.25	0.253	rgb(220,169,169)	1.985	None
NEUROG3	INSM1	0.48303	50.25	0.557	rgb(223,111,112)	1.985	None
NR4A2	CHST10	-0.48303	50.25	-3.4E-01	rgb(143,172,230)	1.985	None
ARX	MMD2	-0.47958	50.39	-3.9E-01	rgb(133,166,232)	1.9878	None
ASCL2	CRIP2	0.47958	50.24	0.241	rgb(220,171,171)	1.9848	None
ELF4	ATP6V0E2	-0.47958	50.39	-3.9E-01	rgb(133,166,232)	1.9878	None
FOXA1	FER1L6-AS1	-0.47958	50.24	-2.4E-01	rgb(165,185,226)	1.9848	None
FOXP2	PGA5	-0.47958	50.39	-3.9E-01	rgb(133,166,232)	1.9878	None
GATA4	CHL1	0.47958	50.39	0.392	rgb(221,142,143)	1.9878	None
MAFA	ABCC8	0.47958	50.39	0.395	rgb(221,142,142)	1.9878	None
MAFA	AMPH	0.47958	50.39	0.509	rgb(223,120,121)	1.9878	None
MAFA	TUBA3FP	0.47958	50.24	0.241	rgb(220,171,171)	1.9848	None
NEUROG3	APBB2	-0.47958	50.39	-3.9E-01	rgb(133,166,232)	1.9878	None
NEUROG3	PCBP4	0.47958	50.39	0.388	rgb(221,143,144)	1.9878	None
NKX2-2	IFI44	0.47958	50.24	0.242	rgb(220,171,171)	1.9848	None
NPAS3	BC041484	0.47958	50.39	0.392	rgb(221,142,143)	1.9878	2,2
NR4A2	NKD1	-0.47958	50.39	-4.7E-01	rgb(115,155,235)	1.9878	None
ONECUT1	ALAS2	0.47958	50.39	0.386	rgb(221,143,144)	1.9878	None
PAX4	IFI44	-0.47958	50.39	-3.9E-01	rgb(133,166,232)	1.9878	None
PRDM16	FFAR2	-0.47958	50.39	-3.9E-01	rgb(133,166,232)	1.9878	None
SMAD9	SLC12A5	0.47958	50.24	0.241	rgb(220,171,172)	1.9848	None
SOX4	OSBPL6	0.47958	50.24	0.237	rgb(220,172,172)	1.9848	None
SOX4	SCN1B	0.47958	50.24	0.245	rgb(220,170,171)	1.9848	None
TFCP2L1	LINC00930	0.47958	50.39	0.388	rgb(221,143,144)	1.9878	2,2
ZFP82	INHBE	0.47958	50.39	0.395	rgb(221,142,142)	1.9878	None
ZNF117	AX746869	0.47958	50.39	0.385	rgb(221,143,144)	1.9878	2,2
ZNF492	CSH1	-0.47958	50.39	-3.9E-01	rgb(133,166,232)	1.9878	None
ZNF846	B3GAT1	-0.47958	50.39	-3.9E-01	rgb(133,166,232)	1.9878	None
FOXA2	SCG5	0.47875	50.23	0.228	rgb(220,173,174)	1.9846	None
NR4A3	ACSS3	0.47875	50.23	0.232	rgb(220,173,173)	1.9846	None
ONECUT1	GPR142	0.47875	50.23	0.23	rgb(220,173,174)	1.9846	None
TEAD1	ASXL3	0.47875	50.23	0.229	rgb(220,173,174)	1.9846	None
TFCP2L1	LGI3	-0.47875	50.23	-2.3E-01	rgb(168,187,226)	1.9846	None
ZFP82	DQ583756	0.47875	50.23	0.235	rgb(220,172,173)	1.9846	2,2
HEYL	NEUROG3	0.47765	50.22	0.215	rgb(219,176,176)	1.9844	2,2
KCNIP3	BAI1	0.47765	50.22	0.22	rgb(219,175,175)	1.9844	2,2
LMX1B	LIN7A	0.47765	50.22	0.218	rgb(219,175,176)	1.9844	None
LMX1B	RIMBP2	0.47765	50.22	0.219	rgb(219,175,176)	1.9844	None
MAFB	CACNG4	0.47765	50.22	0.366	rgb(221,147,148)	1.9844	None
MAFB	SSTR5-AS1	0.47765	50.22	0.217	rgb(219,176,176)	1.9844	None
ONECUT1	ANK2	0.47765	50.22	0.215	rgb(219,176,176)	1.9844	None
SPIB	HECW2	0.47765	50.22	0.219	rgb(219,175,176)	1.9844	None
ARX	STMN2	-0.4753	50.38	-3.8E-01	rgb(135,167,231)	1.9876	None
ELF4	DKK3	-0.4753	50.38	-3.8E-01	rgb(136,167,231)	1.9876	None
LHX1	AX746771	-0.4753	50.38	-3.8E-01	rgb(135,167,231)	1.9876	2,2
LHX1	SCG2	-0.4753	50.38	-3.8E-01	rgb(136,167,231)	1.9876	None
LMX1A	ST8SIA5	-0.4753	50.38	-3.8E-01	rgb(134,167,232)	1.9876	None
LMX1A	TMEM132C	-0.4753	50.38	-3.8E-01	rgb(134,167,232)	1.9876	None
MYT1	RIC3	0.4753	50.38	0.381	rgb(221,144,145)	1.9876	2,2
NEUROG3	NEFM	0.4753	50.38	0.385	rgb(221,144,144)	1.9876	None
ONECUT1	EYA4	0.4753	50.38	0.409	rgb(221,139,140)	1.9876	None
ONECUT3	ABCA9	-0.4753	50.38	-6.6E-01	rgb( 73,130,242)	1.9876	None
PAX4	KIF1A	-0.4753	50.38	-3.8E-01	rgb(134,167,231)	1.9876	None
PRDM16	KCNH2	0.4753	50.38	0.403	rgb(221,140,141)	1.9876	None
RFX6	TMPRSS6	0.4753	50.38	0.381	rgb(221,144,145)	1.9876	None
SIM1	MAPK8IP2	0.4753	50.38	0.381	rgb(221,144,145)	1.9876	2,2
ZFHX2	GPR162	-0.4753	50.38	-3.8E-01	rgb(135,167,231)	1.9876	None
ZFHX2	KCNK17	-0.4753	50.38	-3.8E-01	rgb(134,167,232)	1.9876	None
ZNF382	XAF1	-0.4753	50.38	-3.8E-01	rgb(134,167,232)	1.9876	2,2
EGR3	FUT1	0.47448	50.21	0.209	rgb(219,177,178)	1.9842	None
FOXA2	EPHB3	0.47448	50.21	0.213	rgb(219,176,177)	1.9842	None
MAFA	VSTM2L	0.47448	50.21	0.528	rgb(223,116,117)	1.9842	None
NKX2-2	STMN3	0.47448	50.21	0.205	rgb(219,178,178)	1.9842	None
TEAD1	DCHS1	0.47448	50.21	0.205	rgb(219,178,178)	1.9842	None
ZNF492	DGKB	0.47448	50.21	0.205	rgb(219,178,178)	1.9842	None
HOXB9	APLN	0.4742	50.2	0.196	rgb(219,180,180)	1.984	None
SPIB	C1QL1	0.4742	50.2	0.2	rgb(219,179,179)	1.984	None
ETS1	ATP6V0E2	-0.47365	50.19	-1.9E-01	rgb(175,191,224)	1.9838	None
ETV1	INA	0.47365	50.19	0.189	rgb(219,181,181)	1.9838	2,2
FEV	RTN1	0.47365	50.19	0.373	rgb(221,146,147)	1.9838	None
RORC	TMEM70	0.47365	50.19	0.19	rgb(219,181,181)	1.9838	None
FEV	PDE2A	0.47296	50.18	0.184	rgb(219,182,182)	1.9836	None
FEV	TSPAN11	0.47296	50.18	0.182	rgb(219,182,183)	1.9836	None
TFCP2L1	MLN	-0.47296	50.18	-1.8E-01	rgb(178,193,224)	1.9836	None
TFCP2L1	RGS16	0.47296	50.18	0.305	rgb(220,159,159)	1.9836	None
ZNF519	SBK1	-0.47296	50.18	-1.8E-01	rgb(178,193,224)	1.9836	None
NEUROG3	LOC145837	0.47254	50.17	0.173	rgb(219,184,184)	1.9834	2,2
NR4A2	FUT1	0.47254	50.17	0.549	rgb(223,112,113)	1.9834	None
TEAD2	FLJ22184	0.47254	50.17	0.174	rgb(219,184,184)	1.9834	2,2
ARX	ST8SIA3	0.46978	50.37	0.37	rgb(221,146,147)	1.9874	None
ASCL1	WDR17	0.46978	50.37	0.37	rgb(221,146,147)	1.9874	None
ASCL1	ZBTB4	0.46978	50.37	0.372	rgb(221,146,147)	1.9874	None
ASCL2	KCNK17	-0.46978	50.37	-3.7E-01	rgb(137,168,231)	1.9874	None
GATA2	FW340024	0.46978	50.37	0.366	rgb(221,147,148)	1.9874	2,2
HSF2	INS-IGF2	-0.46978	50.37	-3.7E-01	rgb(136,168,231)	1.9874	None
MAFA	FSTL5	0.46978	50.37	0.369	rgb(221,147,147)	1.9874	None
MAFA	GNG4	0.46978	50.37	0.372	rgb(221,146,147)	1.9874	None
NHLH1	SOCS1	0.46978	50.37	0.37	rgb(221,146,147)	1.9874	None
NKX2-2	ITPR1	-0.46978	50.37	-3.7E-01	rgb(137,169,231)	1.9874	None
NPAS3	PCDHB10	0.46978	50.37	0.368	rgb(221,147,147)	1.9874	2,2
NR4A2	SLC12A5	-0.46978	50.37	-3.7E-01	rgb(137,169,231)	1.9874	None
RFX6	JAKMIP2	0.46978	50.37	0.375	rgb(221,145,146)	1.9874	None
SIM1	ERO1LB	0.46978	50.37	0.366	rgb(221,147,148)	1.9874	2,2
SMAD9	ACSS3	0.46978	50.37	0.366	rgb(221,147,148)	1.9874	None
TEAD1	ST8SIA6-AS1	-0.46978	50.37	-3.7E-01	rgb(136,168,231)	1.9874	None
TEAD2	WNK3	0.46978	50.37	0.371	rgb(221,146,147)	1.9874	None
TFCP2L1	STMN3	-0.46978	50.37	-4.0E-01	rgb(131,165,232)	1.9874	None
ZFHX2	ID4	-0.46978	50.37	-3.7E-01	rgb(137,169,231)	1.9874	None
ZNF117	OCLM	0.46978	50.37	0.371	rgb(221,146,147)	1.9874	2,2
ASCL2	ELFN1	0.46909	50.16	0.479	rgb(222,125,126)	1.9832	None
FOXP2	JAM3	0.46909	50.16	0.165	rgb(219,185,186)	1.9832	None
NHLH1	NOVA2	0.46909	50.16	0.16	rgb(219,186,187)	1.9832	None
RFX2	MAPK7	0.46909	50.16	0.155	rgb(219,187,188)	1.9832	None
TP73	CLPS	0.46909	50.16	0.157	rgb(219,187,187)	1.9832	None
MAFA	LRRC10B	0.46854	50.15	0.148	rgb(219,189,189)	1.983	None
NR4A3	NCAM1	0.46854	50.15	0.147	rgb(219,189,189)	1.983	None
PDX1	COL22A1	-0.46854	50.15	-5.2E-01	rgb(104,148,237)	1.983	None
TGIF2	PLEKHB1	0.46854	50.15	0.147	rgb(219,189,189)	1.983	None
EGR3	RPS3	0.46799	50.14	0.42	rgb(222,137,138)	1.9828	None
LMX1A	FBN1	0.46799	50.14	0.138	rgb(219,191,191)	1.9828	2,2
LMX1B	GPR173	0.46799	50.14	0.138	rgb(219,191,191)	1.9828	None
TFCP2L1	KIT	0.46799	50.36	0.356	rgb(221,149,150)	1.9872	None
GATA2	PDE2A	0.46785	50.13	0.128	rgb(218,193,193)	1.9826	None
TEAD2	HHEX	0.46772	50.11	0.491	rgb(222,123,124)	1.9822	None
EGR3	SSTR5	-0.46551	50.36	-3.6E-01	rgb(139,170,231)	1.9872	None
ELF4	AK093555	-0.46551	50.36	-3.6E-01	rgb(138,169,231)	1.9872	2,2
ELF4	ZNF853	-0.46551	50.36	-3.6E-01	rgb(139,170,231)	1.9872	None
FOXA2	SUSD2	0.46551	50.1	0.103	rgb(218,197,198)	1.982	None
GATA2	KCNH6	0.46551	50.1	0.098	rgb(218,198,198)	1.982	None
HSF2	MMRN1	-0.46551	50.36	-3.6E-01	rgb(140,170,231)	1.9872	None
LMX1A	GPBAR1	-0.46551	50.36	-3.6E-01	rgb(140,170,231)	1.9872	None
NEUROG3	HECW2	0.46551	50.36	0.364	rgb(221,147,148)	1.9872	None
NR4A2	CNOT6L	0.46551	50.36	0.358	rgb(221,149,149)	1.9872	None
NR4A2	LRAT	0.46551	50.36	0.358	rgb(221,149,149)	1.9872	None
PAX4	TMEM178B	0.46551	50.36	0.355	rgb(221,149,150)	1.9872	None
RFX2	MAP1A	0.46551	50.36	0.356	rgb(221,149,150)	1.9872	None
RFX6	PCSK1	0.46551	50.36	0.364	rgb(221,147,148)	1.9872	None
RORC	STK33	-0.46551	50.36	-5.3E-01	rgb(103,147,237)	1.9872	None
SPIB	NOVA2	0.46551	50.36	0.365	rgb(221,147,148)	1.9872	None
ZFP82	XKR7	0.46551	50.36	0.402	rgb(221,140,141)	1.9872	None
TEAD2	FUT1	0.46537	50.09	0.088	rgb(218,200,200)	1.9818	None
ARNT2	TMEM158	0.46509	50.08	0.076	rgb(218,202,203)	1.9816	None
ETS1	CREBRF	0.46509	50.08	0.078	rgb(218,202,202)	1.9816	None
TFCP2L1	LHX1	-0.46496	50.06	-5.7E-02	rgb(205,209,219)	1.9812	None
MXI1	GRB14	-0.46482	50.04	-4.0E-02	rgb(208,212,219)	1.9808	None
ISL1	GNAO1	0.46468	50.03	0.03	rgb(217,211,211)	1.9806	None
RFX6	DNAJC12	0.46427	49.97	0.971	rgb(228, 32, 34)	1.9794	None
TEAD1	CACNA2D1	0.46427	49.97	0.97	rgb(228, 32, 34)	1.9794	None
LMX1A	CLEC4G	0.46413	49.96	0.959	rgb(228, 34, 36)	1.9792	2,2
ONECUT3	PRDM16	0.46399	49.94	0.944	rgb(227, 37, 39)	1.9788	None
LMX1A	CHST9	0.46358	49.92	0.917	rgb(227, 42, 44)	1.9784	2,2
PAX4	CNIH2	0.46358	49.92	0.923	rgb(227, 41, 43)	1.9784	None
RFX3	NINJ1	-0.46358	49.92	-9.2E-01	rgb( 17, 95,252)	1.9784	None
ARX	N4BP2L2-IT2	0.46123	50.35	0.351	rgb(221,150,151)	1.987	2,2
CBX2	AK095045	0.46123	50.35	0.347	rgb(221,151,151)	1.987	2,2
ELF4	AEBP1	-0.46123	50.35	-3.5E-01	rgb(140,170,230)	1.987	None
ISL1	ZNF117	0.46123	50.35	0.351	rgb(221,150,151)	1.987	None
NEUROD1	GAP43	0.46123	50.35	0.349	rgb(221,150,151)	1.987	None
NEUROG3	TMOD1	0.46123	50.35	0.345	rgb(221,151,152)	1.987	None
NHLH1	IL17C	0.46123	50.35	0.735	rgb(225, 77, 78)	1.987	None
NKX2-2	ID2	0.46123	50.35	0.352	rgb(221,150,151)	1.987	None
NR4A2	CCDC162P	0.46123	50.35	0.347	rgb(221,151,151)	1.987	None
NR4A2	SCG5	-0.46123	50.35	-3.5E-01	rgb(140,170,230)	1.987	None
NR4A2	VWCE	0.46123	50.35	0.352	rgb(221,150,151)	1.987	None
ONECUT1	KCNMA1	0.46123	50.35	0.584	rgb(223,106,107)	1.987	None
PRDM16	CACNG4	-0.46123	50.35	-3.5E-01	rgb(140,170,230)	1.987	None
RFX2	DTX3	0.46123	50.35	0.354	rgb(221,149,150)	1.987	2,2
RFX6	HOPX	0.46123	49.91	0.906	rgb(227, 44, 46)	1.9782	None
SIM1	LOC653513	0.46123	50.35	0.495	rgb(222,122,123)	1.987	2,2
SMAD9	XKR7	0.46123	50.35	0.351	rgb(221,150,151)	1.987	None
TEAD1	LONRF2	0.46109	49.9	0.895	rgb(227, 46, 48)	1.978	None
ETV1	NCALD	0.4604	49.89	0.894	rgb(227, 46, 48)	1.9778	None
LMX1A	F10	0.4604	49.89	0.892	rgb(227, 47, 48)	1.9778	None
NEUROD1	CBLN1	0.4604	49.89	0.89	rgb(227, 47, 49)	1.9778	None
POU6F1	NAV3	0.4604	49.89	0.887	rgb(227, 48, 49)	1.9778	None
RFX3	ITGA7	0.4604	49.89	0.892	rgb(227, 47, 48)	1.9778	None
HIF1A	PCBP4	-0.45971	49.87	-8.7E-01	rgb( 28,102,250)	1.9774	None
NEUROD2	LOC100188947	0.45971	49.87	0.872	rgb(227, 50, 52)	1.9774	2,2
SOX4	ASIC1	-0.45971	49.87	-8.7E-01	rgb( 29,103,250)	1.9774	None
TFCP2L1	RAB36	0.45971	49.87	0.866	rgb(227, 52, 53)	1.9774	None
ZNF846	LOC100294362	0.45971	49.87	0.869	rgb(227, 51, 53)	1.9774	2,2
INSM1	NEURL	0.45944	49.86	0.865	rgb(227, 52, 54)	1.9772	2,2
MXI1	ACOT7	-0.45944	49.86	-8.6E-01	rgb( 30,103,250)	1.9772	None
TGIF2	CITED2	-0.4593	49.85	-8.5E-01	rgb( 32,105,249)	1.977	None
ASCL1	GPC2	0.45723	50.34	0.342	rgb(221,152,152)	1.9868	None
EGR3	ADAMTSL2	0.45723	50.34	0.341	rgb(221,152,152)	1.9868	None
EGR3	RCOR2	0.45723	50.34	0.343	rgb(221,151,152)	1.9868	None
ELF4	MAP1B	-0.45723	50.34	-3.4E-01	rgb(144,173,230)	1.9868	None
HIC1	ACSS3	-0.45723	50.34	-3.4E-01	rgb(143,172,230)	1.9868	None
HSF2	CLCN4	0.45723	50.34	0.361	rgb(221,148,149)	1.9868	None
MAFF	LINC00494	0.45723	50.34	0.344	rgb(221,151,152)	1.9868	None
NR4A2	RASD1	0.45723	50.34	0.339	rgb(221,152,153)	1.9868	None
NR4A2	RTN1	-0.45723	50.34	-3.4E-01	rgb(142,172,230)	1.9868	None
ONECUT1	RUNX1T1	0.45723	50.34	0.342	rgb(221,152,152)	1.9868	None
PRDM16	LHX1	-0.45723	50.34	-3.4E-01	rgb(144,173,230)	1.9868	None
RFX6	HHEX	0.45723	50.34	0.343	rgb(221,151,152)	1.9868	None
TEAD1	IGSF10	0.45723	50.34	0.658	rgb(224, 91, 93)	1.9868	None
TEAD1	SLC16A12	-0.45723	50.34	-3.4E-01	rgb(144,173,230)	1.9868	None
ZNF846	HMGB3	-0.45723	50.34	-4.8E-01	rgb(113,154,235)	1.9868	None
FEV	DNAH11	0.45626	49.84	0.844	rgb(226, 56, 57)	1.9768	None
FOXA1	DEFB1	0.45626	49.84	0.845	rgb(226, 56, 57)	1.9768	None
GATA6	PCBP4	-0.45626	49.84	-8.4E-01	rgb( 35,106,249)	1.9768	None
LMX1B	BCL2	0.45626	49.84	0.84	rgb(226, 57, 58)	1.9768	None
NR4A2	SLC6A16	0.45626	49.84	0.844	rgb(226, 56, 58)	1.9768	None
PBX1	ZMYM2	0.45626	49.84	0.837	rgb(226, 57, 59)	1.9768	None
PRDM16	RBP1	-0.45626	49.84	-8.4E-01	rgb( 36,107,249)	1.9768	None
PRDM16	PCED1B-AS1	0.45585	49.83	0.829	rgb(226, 59, 60)	1.9766	None
TP73	HIF1A	-0.45585	49.83	-8.3E-01	rgb( 37,107,249)	1.9766	None
ZFP82	RAP1GAP2	0.45585	49.83	0.828	rgb(226, 59, 60)	1.9766	None
DZIP1	AK093555	0.45392	49.82	0.82	rgb(226, 60, 62)	1.9764	2,2
ELF4	KCNIP3	-0.45392	50.33	-3.3E-01	rgb(145,173,230)	1.9866	None
GATA4	WNK3	0.45392	50.33	0.33	rgb(221,154,155)	1.9866	None
HSF2	CHST8	-0.45392	50.33	-3.3E-01	rgb(146,174,229)	1.9866	None
KCNIP3	DIRAS1	0.45392	50.33	0.471	rgb(222,127,128)	1.9866	2,2
NEUROG3	DYNC1I1	0.45392	50.33	0.328	rgb(221,154,155)	1.9866	None
NR4A2	CCDC74B	-0.45392	50.33	-3.3E-01	rgb(145,173,230)	1.9866	None
NR4A2	MAGEA5	0.45392	50.33	0.332	rgb(221,154,154)	1.9866	2,2
PRDM16	MIR137HG	-0.45392	50.33	-3.3E-01	rgb(146,174,230)	1.9866	None
RFX2	VSTM2L	0.45392	50.33	0.33	rgb(221,154,155)	1.9866	None
RFX6	SCGN	0.45392	50.33	0.327	rgb(221,155,155)	1.9866	None
SOX4	NINJ1	0.45392	49.82	0.818	rgb(226, 61, 62)	1.9764	None
TEAD1	ADCY1	-0.45392	50.33	-3.3E-01	rgb(145,173,230)	1.9866	None
TP73	JAZF1	-0.45392	49.82	-8.2E-01	rgb( 40,109,248)	1.9764	None
ISL1	TMEM196	0.45337	49.81	0.806	rgb(226, 63, 65)	1.9762	None
MAFA	STK31	-0.45337	49.81	-8.1E-01	rgb( 41,110,248)	1.9762	None
TEAD1	ATF7IP	0.45337	49.81	0.811	rgb(226, 62, 64)	1.9762	None
ZNF519	ST8SIA6-AS1	0.45337	49.81	0.806	rgb(226, 63, 65)	1.9762	None
FOXA2	EGFR	-0.45254	49.8	-8.0E-01	rgb( 43,111,247)	1.976	None
FOXP2	HERC5	0.45254	49.8	0.795	rgb(226, 65, 67)	1.976	None
MXI1	ID2	0.45254	49.8	0.797	rgb(226, 65, 66)	1.976	None
PRDM16	HCN4	0.45254	49.8	0.801	rgb(226, 64, 66)	1.976	None
RORC	CHRNA1	0.45254	49.8	0.801	rgb(226, 64, 66)	1.976	None
TEAD1	PBX1	0.45254	49.8	0.796	rgb(226, 65, 66)	1.976	None
EGR3	CACNB2	0.45075	50.32	0.393	rgb(221,142,143)	1.9864	None
ELF4	BEX2	-0.45075	50.32	-3.2E-01	rgb(147,174,229)	1.9864	None
ETS1	TGIF2	0.45075	50.32	0.319	rgb(221,156,157)	1.9864	None
HSF2	SULT1C2P1	0.45075	50.32	0.458	rgb(222,130,131)	1.9864	None
NEUROD1	LRRC16B	0.45075	50.32	0.322	rgb(221,156,156)	1.9864	2,2
NEUROD1	MEX3B	0.45075	50.32	0.318	rgb(220,156,157)	1.9864	None
RFX6	PPM1E	0.45075	50.32	0.319	rgb(221,156,157)	1.9864	None
SMAD9	COL22A1	0.45075	50.32	0.316	rgb(220,157,157)	1.9864	None
SOX4	CDKN1A	-0.45075	50.32	-3.2E-01	rgb(149,175,229)	1.9864	None
TEAD1	AMBP	-0.45075	50.32	-3.2E-01	rgb(147,174,229)	1.9864	None
TEAD1	CYP27A1	-0.45075	50.32	-6.3E-01	rgb( 81,134,241)	1.9864	None
TEAD1	TUBB2B	-0.45075	50.32	-3.2E-01	rgb(148,175,229)	1.9864	None
ZFP92	CTSL2	-0.45075	50.32	-3.2E-01	rgb(147,175,229)	1.9864	2,2
ARX	KCNB2	-0.44992	50.31	-3.1E-01	rgb(150,176,229)	1.9862	None
ARX	SULT1C2P1	0.44992	50.31	0.308	rgb(220,158,159)	1.9862	None
NEUROG3	FRZB	0.44992	50.31	0.307	rgb(220,158,159)	1.9862	None
NHLH1	MUC5B	-0.44992	50.31	-3.1E-01	rgb(149,176,229)	1.9862	None
PBX1	LRRC10B	0.44992	50.31	0.306	rgb(220,159,159)	1.9862	None
ZFHX2	WDR17	-0.44992	50.31	-3.1E-01	rgb(149,176,229)	1.9862	None
FEV	NPAS3	0.44881	49.79	0.788	rgb(226, 67, 68)	1.9758	None
FOXA1	SUSD2	-0.44881	49.79	-7.9E-01	rgb( 46,113,247)	1.9758	None
HIC1	DTX1	0.44881	49.79	0.792	rgb(226, 66, 67)	1.9758	None
MAFA	TNP1	-0.44881	49.79	-7.9E-01	rgb( 45,113,247)	1.9758	2,2
ONECUT3	AKNA	0.44881	49.79	0.788	rgb(226, 67, 68)	1.9758	None
PRDM16	LOC100272216	0.44881	49.79	0.794	rgb(226, 65, 67)	1.9758	2,2
SOX4	RBP2	0.44881	49.79	0.786	rgb(226, 67, 69)	1.9758	None
ZNF846	ZNF519	0.44881	49.79	0.79	rgb(226, 66, 68)	1.9758	None
ETV1	LOC441204	0.44854	49.78	0.776	rgb(226, 69, 70)	1.9756	2,2
RORC	ATP13A4	-0.44854	49.78	-7.8E-01	rgb( 47,114,247)	1.9756	None
HIC1	FLJ35024	0.44785	49.77	0.771	rgb(225, 70, 71)	1.9754	2,2
NEUROG3	LRIG1	0.44785	49.87	0.866	rgb(227, 52, 53)	1.9774	None
PDX1	CRISPLD2	-0.44785	49.77	-7.7E-01	rgb( 50,116,246)	1.9754	None
RFX3	VSTM2L	-0.44785	49.77	-7.7E-01	rgb( 50,115,246)	1.9754	None
RORC	KANK2	-0.44785	49.77	-7.7E-01	rgb( 49,115,246)	1.9754	None
ARX	AL832439	0.44702	50.3	0.304	rgb(220,159,160)	1.986	2,2
ASCL1	FAM171A2	0.44702	50.3	0.296	rgb(220,161,161)	1.986	None
NKX2-2	SGCD	-0.44702	50.3	-3.0E-01	rgb(152,177,228)	1.986	None
POU2F2	PRDM16	0.44702	50.3	0.301	rgb(220,159,160)	1.986	None
RFX6	CCDC74B	0.44702	50.3	0.297	rgb(220,160,161)	1.986	None
SPIB	ST8SIA3	0.44702	50.3	0.302	rgb(220,159,160)	1.986	None
ADNP	CITED1	-0.44605	49.76	-7.6E-01	rgb( 51,116,246)	1.9752	2,2
ETS1	ENPP1	0.44605	49.76	0.756	rgb(225, 73, 74)	1.9752	None
LMX1B	STXBP1	0.44605	49.76	0.758	rgb(225, 72, 74)	1.9752	None
PBX1	CELA3B	-0.44605	49.76	-7.6E-01	rgb( 53,117,246)	1.9752	None
PBX1	RFX3	0.44605	49.76	0.756	rgb(225, 73, 74)	1.9752	None
RFX3	ST18	0.44605	49.76	0.763	rgb(225, 71, 73)	1.9752	None
RFX6	LRRN2	0.44605	49.76	0.759	rgb(225, 72, 74)	1.9752	None
EGR3	KCNF1	0.44495	50.29	0.291	rgb(220,162,162)	1.9858	None
HOXB9	IFI44L	0.44495	50.29	0.29	rgb(220,162,162)	1.9858	None
LHX1	CLSPN	-0.44495	50.29	-2.9E-01	rgb(154,179,228)	1.9858	None
LMX1A	SDK1	-0.44495	50.29	-2.9E-01	rgb(153,178,228)	1.9858	None
MAFA	CPLX2	0.44495	50.29	0.289	rgb(220,162,162)	1.9858	None
NEUROD1	C2CD4B	0.44495	50.29	0.29	rgb(220,162,162)	1.9858	None
SMAD9	ZBTB4	0.44495	50.29	0.295	rgb(220,161,161)	1.9858	None
SOX4	IMPG1	-0.44495	50.29	-2.9E-01	rgb(154,179,228)	1.9858	None
FEV	CYGB	-0.44371	49.75	-9.0E-01	rgb( 21, 98,251)	1.975	None
MAFA	THBS4	0.44371	49.75	0.746	rgb(225, 74, 76)	1.975	None
MXI1	SYNGR3	0.44371	49.75	0.75	rgb(225, 74, 75)	1.975	None
NKX2-2	GCK	0.44371	49.75	0.755	rgb(225, 73, 74)	1.975	None
ONECUT3	CCL20	-0.44371	49.75	-7.5E-01	rgb( 54,118,245)	1.975	None
PAX4	SOCS1	0.44371	49.75	0.752	rgb(225, 73, 75)	1.975	None
TFCP2L1	GSTM2	-0.44371	49.75	-7.5E-01	rgb( 54,118,246)	1.975	None
ZNF492	NREP	-0.44371	49.75	-7.5E-01	rgb( 54,118,246)	1.975	None
ZNF846	ANKRD13B	-0.44371	49.75	-7.5E-01	rgb( 53,117,246)	1.975	None
ELF4	BGN	-0.44274	50.28	-2.8E-01	rgb(157,180,228)	1.9856	None
MAFA	B3GAT1	0.44274	50.28	0.277	rgb(220,164,165)	1.9856	None
PAX4	CCDC162P	-0.44274	50.28	-2.8E-01	rgb(156,180,228)	1.9856	None
PDX1	BGN	0.44274	50.28	0.424	rgb(222,136,137)	1.9856	None
RFX2	CPT1C	0.44274	50.28	0.278	rgb(220,164,164)	1.9856	None
RFX6	ATP8B2	0.44274	50.28	0.285	rgb(220,163,163)	1.9856	None
ZNF117	BC022892	0.44274	50.28	0.284	rgb(220,163,163)	1.9856	2,2
ISL1	LINC00939	0.44164	50.27	0.268	rgb(220,166,166)	1.9854	None
NEUROD1	VSTM2L	0.44164	50.27	0.279	rgb(220,164,164)	1.9854	None
NEUROD2	CRISP3	-0.44164	50.27	-2.7E-01	rgb(159,182,227)	1.9854	2,2
PDX1	CYGB	0.44164	50.27	0.327	rgb(221,155,155)	1.9854	None
RFX3	KIAA1324	0.44164	50.27	0.272	rgb(220,165,166)	1.9854	None
ZNF117	ANP32A-IT1	0.44164	50.27	0.269	rgb(220,166,166)	1.9854	2,2
ZNF117	LOC100131257	0.44164	50.27	0.27	rgb(220,165,166)	1.9854	2,2
ZNF846	MALAT1	0.44164	50.27	0.467	rgb(222,128,129)	1.9854	None
ASCL2	INA	0.44054	49.74	0.737	rgb(225, 76, 78)	1.9748	2,2
ATF5	LRAT	-0.44054	49.74	-7.4E-01	rgb( 55,119,245)	1.9748	None
FOXP2	FAXC	0.44054	49.74	0.743	rgb(225, 75, 77)	1.9748	None
HOXB9	ELL2	0.44054	49.74	0.74	rgb(225, 76, 77)	1.9748	None
PDX1	IRF2BP1	0.44054	49.74	0.738	rgb(225, 76, 77)	1.9748	None
PDX1	SSBP2	0.44054	49.74	0.741	rgb(225, 75, 77)	1.9748	None
RFX2	NDRG4	0.44054	49.74	0.744	rgb(225, 75, 76)	1.9748	None
TP73	RBPMS	-0.44054	49.74	-7.4E-01	rgb( 57,120,245)	1.9748	None
ASCL1	WNT6	0.43805	49.73	0.73	rgb(225, 78, 79)	1.9746	None
ELF4	MIR137HG	-0.43805	50.26	-2.6E-01	rgb(161,183,227)	1.9852	None
ELF4	PAK6	-0.43805	50.26	-2.6E-01	rgb(162,183,227)	1.9852	None
FOXA2	RBP1	0.43805	49.73	0.729	rgb(225, 78, 79)	1.9746	None
LMX1B	MYO3A	-0.43805	49.73	-7.3E-01	rgb( 59,121,245)	1.9746	None
MYT1	ECEL1	0.43805	50.26	0.402	rgb(221,140,141)	1.9852	2,2
NEUROD1	CERKL	0.43805	50.26	0.255	rgb(220,168,169)	1.9852	None
PDX1	DZIP1	-0.43805	49.73	-7.3E-01	rgb( 59,121,245)	1.9746	None
RORC	HSPA12A	-0.43805	50.26	-2.6E-01	rgb(160,182,227)	1.9852	None
SOX4	APLP1	-0.43805	49.73	-7.3E-01	rgb( 58,120,245)	1.9746	None
TEAD1	CACNA1C	-0.43805	50.26	-2.6E-01	rgb(160,182,227)	1.9852	None
TFCP2L1	TEKT2	0.43805	50.26	0.261	rgb(220,167,168)	1.9852	None
TGIF2	ZNF519	-0.43805	49.73	-7.3E-01	rgb( 59,121,245)	1.9746	None
TP73	FLJ38723	0.43805	49.73	0.735	rgb(225, 77, 78)	1.9746	2,2
ZFHX2	FAM179A	-0.43805	50.26	-2.6E-01	rgb(161,183,227)	1.9852	2,2
ZFHX2	ZNF117	0.43805	49.73	0.728	rgb(225, 78, 79)	1.9746	None
ZNF117	AK096291	0.43805	50.26	0.26	rgb(220,167,168)	1.9852	2,2
ZNF846	DLGAP3	-0.43805	49.73	-7.3E-01	rgb( 59,121,245)	1.9746	None
ATOH8	FAM65C	0.43695	50.25	0.303	rgb(220,159,160)	1.985	2,2
EGR3	NPY	0.43695	50.25	0.294	rgb(220,161,161)	1.985	None
MAFA	SCG2	0.43695	50.25	0.252	rgb(220,169,169)	1.985	None
PRDM16	BTBD17	-0.43695	50.25	-3.4E-01	rgb(144,173,230)	1.985	None
RFX2	KCNH3	0.43695	50.25	0.246	rgb(220,170,171)	1.985	None
ZFHX2	APBB1	-0.43695	50.25	-2.5E-01	rgb(162,184,227)	1.985	None
ZFHX2	CEND1	-0.43695	50.25	-2.5E-01	rgb(163,184,226)	1.985	None
ZNF846	PTP4A3	-0.43695	50.25	-2.5E-01	rgb(163,184,227)	1.985	None
FOXA2	AK5	0.43571	49.72	0.722	rgb(225, 79, 80)	1.9744	None
LMX1A	FFAR3	0.43571	49.72	0.717	rgb(225, 80, 81)	1.9744	2,2
LTF	IGHG1	0.43571	49.72	0.718	rgb(225, 80, 81)	1.9744	2,2
MAFF	CIT	-0.43571	49.72	-7.2E-01	rgb( 61,122,244)	1.9744	None
PDX1	MSMB	0.43571	49.72	0.718	rgb(225, 80, 81)	1.9744	None
POU2F2	CXXC4	0.43571	49.72	0.718	rgb(225, 80, 81)	1.9744	None
SOX4	POU2F2	0.43571	49.72	0.724	rgb(225, 79, 80)	1.9744	None
TFCP2L1	ZNF117	0.43571	49.72	0.721	rgb(225, 79, 81)	1.9744	None
ZNF492	HOXB9	-0.43571	49.72	-7.2E-01	rgb( 61,122,244)	1.9744	2,2
NEUROD2	TMEM35	0.43515	50.24	0.237	rgb(220,172,172)	1.9848	2,2
NKX2-2	NEFL	-0.43515	50.24	-2.4E-01	rgb(165,186,226)	1.9848	None
PRDM16	CRYBA2	-0.43515	50.24	-2.4E-01	rgb(165,186,226)	1.9848	None
PRDM16	JPH4	-0.43515	50.24	-2.4E-01	rgb(165,185,226)	1.9848	None
FOXA1	GLT8D2	-0.43446	49.71	-7.1E-01	rgb( 63,123,244)	1.9742	None
GATA6	FGF9	0.43446	49.71	0.712	rgb(225, 81, 82)	1.9742	None
NR4A2	DCHS1	-0.43446	49.71	-7.1E-01	rgb( 63,123,244)	1.9742	None
RFX2	THBS4	0.43446	49.71	0.711	rgb(225, 81, 83)	1.9742	None
SPIB	ARHGAP22	-0.43446	49.71	-7.1E-01	rgb( 62,123,244)	1.9742	None
ETS1	CTXN1	-0.43364	50.23	-6.4E-01	rgb( 78,132,241)	1.9846	None
LHX1	ASIC1	-0.43364	50.23	-2.3E-01	rgb(168,187,226)	1.9846	None
LMX1A	BRSK2	-0.43364	50.23	-2.3E-01	rgb(166,186,226)	1.9846	None
MAFF	MYEF2	-0.43364	50.23	-2.3E-01	rgb(167,186,226)	1.9846	None
PRDM16	CALCOCO1	0.43364	50.23	0.502	rgb(223,121,122)	1.9846	None
SMAD9	CRY2	0.43364	50.23	0.234	rgb(220,172,173)	1.9846	None
NEUROD1	BEX1	0.43281	49.7	0.696	rgb(225, 84, 85)	1.974	2,2
PDX1	CHRNA1	-0.43281	49.7	-7.0E-01	rgb( 65,125,244)	1.974	None
POU2F2	LMX1B	0.43281	49.7	0.698	rgb(225, 84, 85)	1.974	None
PRDM16	JX088243	0.43281	49.7	0.701	rgb(225, 83, 85)	1.974	2,2
SMAD9	SBK1	0.43281	49.7	0.75	rgb(225, 74, 75)	1.974	None
ZFP82	GOLGA7B	0.43281	49.7	0.701	rgb(225, 83, 85)	1.974	None
ELF4	AADAT	-0.43212	50.22	-2.2E-01	rgb(170,188,225)	1.9844	None
NEUROG3	NPY	-0.43212	50.22	-5.9E-01	rgb( 89,139,239)	1.9844	None
NR4A2	SH3RF3-AS1	-0.43212	50.22	-7.1E-01	rgb( 63,123,244)	1.9844	None
NR4A2	TTR	0.43212	50.22	0.357	rgb(221,149,149)	1.9844	None
TFCP2L1	LOC145837	0.43212	50.22	0.224	rgb(219,174,175)	1.9844	2,2
HIC1	MAPK12	-0.43143	50.21	-2.1E-01	rgb(171,189,225)	1.9842	None
LMX1B	RBFOX2	-0.43143	50.21	-2.1E-01	rgb(171,189,225)	1.9842	None
MAFA	SNED1	0.43143	50.21	0.208	rgb(219,177,178)	1.9842	None
NEUROD1	CHRNB4	0.43143	50.21	0.208	rgb(219,177,178)	1.9842	None
ONECUT1	DCHS1	0.43143	50.21	0.334	rgb(221,153,154)	1.9842	None
GATA4	HOXB9	-0.43005	49.69	-6.9E-01	rgb( 68,126,243)	1.9738	2,2
HOXB9	CHRNA1	-0.43005	49.69	-6.9E-01	rgb( 67,126,243)	1.9738	None
MAFB	METTL21EP	-0.43005	49.69	-6.9E-01	rgb( 67,125,243)	1.9738	None
NR4A2	LRIG1	-0.43005	49.69	-6.9E-01	rgb( 67,126,243)	1.9738	None
POU6F1	MLXIPL	0.43005	49.69	0.692	rgb(225, 85, 86)	1.9738	None
RFX3	RSPH4A	0.43005	49.69	0.689	rgb(225, 85, 87)	1.9738	None
SOX4	CELA3B	0.43005	49.69	0.691	rgb(225, 85, 86)	1.9738	None
SPIB	RNF157	0.43005	49.69	0.694	rgb(225, 85, 86)	1.9738	None
TEAD1	ANKRD18A	0.43005	49.69	0.694	rgb(225, 84, 86)	1.9738	None
ZNF846	CR627394	0.43005	49.69	0.691	rgb(225, 85, 86)	1.9738	2,2
ARX	LOC646214	0.42908	50.2	0.196	rgb(219,180,180)	1.984	2,2
ELF4	ACSS3	-0.42908	50.2	-2.0E-01	rgb(174,191,225)	1.984	None
HSF2	RASD1	-0.42908	50.2	-2.0E-01	rgb(174,191,225)	1.984	None
PBX1	METTL21EP	-0.42908	50.2	-2.0E-01	rgb(174,191,224)	1.984	None
RFX6	CHST8	0.42908	50.2	0.195	rgb(219,180,180)	1.984	None
RFX6	DENND2A	0.42908	50.2	0.204	rgb(219,178,179)	1.984	None
SPIB	FKBP7	-0.42908	50.2	-2.0E-01	rgb(173,190,225)	1.984	None
ETS1	CACNA1C	0.42826	49.68	0.683	rgb(225, 87, 88)	1.9736	None
ETS1	EPM2A	-0.42826	49.68	-6.8E-01	rgb( 70,128,243)	1.9736	None
HOXB9	GNG2	0.42826	49.68	0.679	rgb(224, 87, 89)	1.9736	None
HSF2	DPYSL3	0.42826	49.68	0.676	rgb(224, 88, 89)	1.9736	None
NR4A3	ZNF117	0.42826	49.68	0.677	rgb(224, 88, 89)	1.9736	None
TEAD2	ZMYM2	-0.42826	49.68	-6.8E-01	rgb( 70,128,243)	1.9736	None
MAFA	ITGBL1	0.42784	50.19	0.188	rgb(219,181,181)	1.9838	None
SIM1	AK123868	0.42784	50.19	0.212	rgb(219,177,177)	1.9838	2,2
ZFP82	CRLF1	-0.42784	50.19	-1.9E-01	rgb(176,192,224)	1.9838	None
MAFA	FRMPD4	0.42757	50.18	0.185	rgb(219,182,182)	1.9836	None
ZFHX2	CALY	-0.42757	50.18	-1.8E-01	rgb(178,194,224)	1.9836	None
EGR3	GADD45A	-0.42688	49.67	-6.7E-01	rgb( 72,129,242)	1.9734	None
MAFF	ABCC4	-0.42688	49.67	-6.7E-01	rgb( 71,128,243)	1.9734	None
NR4A3	TPPP3	0.42688	49.67	0.672	rgb(224, 89, 90)	1.9734	None
TFCP2L1	DEFB1	-0.42688	49.67	-6.7E-01	rgb( 72,129,242)	1.9734	None
ZNF519	LONRF2	0.42688	49.67	0.667	rgb(224, 90, 91)	1.9734	None
NKX2-2	RGS5	-0.42646	50.17	-1.7E-01	rgb(180,195,223)	1.9834	None
PAX4	DPP10	-0.42646	50.17	-1.7E-01	rgb(180,195,223)	1.9834	None
ZFHX2	MIR7-3HG	-0.42646	50.17	-1.7E-01	rgb(180,195,223)	1.9834	None
MAFA	CCL19	0.42619	50.16	0.156	rgb(219,187,187)	1.9832	None
SPIB	TTYH2	0.42619	50.16	0.159	rgb(219,187,187)	1.9832	None
ETS1	NFRKB	-0.42577	50.14	-1.4E-01	rgb(186,198,222)	1.9828	None
HIC1	AP3B2	-0.42577	50.14	-1.4E-01	rgb(186,198,222)	1.9828	None
MAFA	SST	-0.42577	50.14	-2.7E-01	rgb(159,182,227)	1.9828	None
ZNF117	UBE2Q2P2	0.42563	50.13	0.135	rgb(218,191,192)	1.9826	2,2
NEUROD1	AMER3	0.42536	50.12	0.12	rgb(218,194,194)	1.9824	None
NR4A2	PTCH1	-0.42536	50.12	-1.2E-01	rgb(191,201,222)	1.9824	None
ISL1	SPC25	-0.42522	50.11	-1.1E-01	rgb(193,202,221)	1.9822	None
MAFA	NDRG4	0.42494	50.1	0.096	rgb(218,199,199)	1.982	None
PAX4	IFI44L	-0.42494	50.1	-9.7E-02	rgb(196,204,221)	1.982	None
ADNP	TACR3	0.42301	49.66	0.664	rgb(224, 90, 91)	1.9732	2,2
EGR3	CPLX2	-0.42301	49.66	-6.6E-01	rgb( 74,130,242)	1.9732	None
ETV1	KCNIP3	0.42301	49.66	0.661	rgb(224, 91, 92)	1.9732	None
FEV	CELF3	0.42301	49.66	0.661	rgb(224, 91, 92)	1.9732	None
FEV	MYBPC3	0.42301	49.66	0.66	rgb(224, 91, 92)	1.9732	None
GATA4	TRIM35	0.42301	49.66	0.659	rgb(224, 91, 92)	1.9732	None
GATA6	SLC25A53	-0.42301	49.66	-6.6E-01	rgb( 73,130,242)	1.9732	None
GRHL3	CR627206	-0.42301	49.66	-6.6E-01	rgb( 75,130,242)	1.9732	2,2
LMX1A	GPR116	0.42301	49.66	0.662	rgb(224, 91, 92)	1.9732	2,2
NR4A3	HSF2	0.42301	49.66	0.659	rgb(224, 91, 92)	1.9732	None
SPIB	ENPP1	0.42301	49.66	0.658	rgb(224, 91, 93)	1.9732	None
ZFHX2	MAP3K12	0.42301	49.66	0.664	rgb(224, 90, 92)	1.9732	None
ZFP28	SMOC2	-0.42301	49.66	-6.6E-01	rgb( 73,129,242)	1.9732	None
ZNF846	CATSPER2	0.42301	49.66	0.659	rgb(224, 91, 92)	1.9732	2,2
ONECUT1	GCH1	0.42288	50.08	0.077	rgb(218,202,203)	1.9816	None
NR4A3	CYP27A1	-0.4226	50.07	-6.7E-02	rgb(202,208,220)	1.9814	None
ZFHX2	IFI6	-0.4226	50.07	-4.7E-01	rgb(115,155,235)	1.9814	None
RFX6	GPR142	0.42232	50.06	0.058	rgb(218,206,206)	1.9812	None
ZFHX2	ETV1	-0.42232	50.06	-5.8E-02	rgb(204,209,219)	1.9812	None
LMX1A	SYCP2	-0.42205	50.04	-4.1E-02	rgb(208,212,219)	1.9808	None
ZFHX2	LMX1A	0.42205	50.04	0.04	rgb(217,209,209)	1.9808	None
TEAD1	ADAM12	-0.42177	50.03	-3.4E-02	rgb(210,213,218)	1.9806	None
ZFHX2	CLCA1	0.42177	50.03	0.409	rgb(222,139,140)	1.9806	None
GATA4	GHRL	0.42108	50.01	0.011	rgb(217,215,215)	1.9802	None
RFX3	RBP1	-0.42108	50.01	-1.1E-02	rgb(215,216,217)	1.9802	None
ELF4	ZBTB4	0.4186	49.65	0.649	rgb(224, 93, 94)	1.973	None
FOXA2	FTCD	0.4186	49.65	0.652	rgb(224, 92, 94)	1.973	None
GATA6	ADCY5	-0.4186	49.65	-6.5E-01	rgb( 77,132,242)	1.973	None
HIF1A	ETS1	0.4186	49.65	0.646	rgb(224, 94, 95)	1.973	None
HOXB9	CHRM4	-0.4186	49.65	-6.5E-01	rgb( 75,131,242)	1.973	None
MAFB	FAM227A	0.4186	49.9	0.899	rgb(227, 45, 47)	1.978	None
NR4A3	EMB	-0.4186	49.65	-6.5E-01	rgb( 75,131,242)	1.973	None
POU2F2	SLC35F3	-0.4186	49.65	-6.5E-01	rgb( 75,131,242)	1.973	None
POU2F2	STMND1	0.4186	49.65	0.655	rgb(224, 92, 93)	1.973	None
RFX3	COL12A1	0.4186	49.65	0.651	rgb(224, 93, 94)	1.973	None
RORC	C2CD4A	-0.4186	49.9	-9.0E-01	rgb( 22, 99,251)	1.978	None
RORC	LINC00939	-0.4186	49.65	-6.5E-01	rgb( 77,132,242)	1.973	None
SOX4	ZNRF3-AS1	-0.4186	49.65	-6.5E-01	rgb( 76,131,242)	1.973	None
SPIB	RAPGEF4	0.4186	49.65	0.652	rgb(224, 92, 94)	1.973	None
TGIF2	SBK1	0.4186	49.65	0.647	rgb(224, 93, 95)	1.973	None
TGIF2	SMOC1	0.4186	49.65	0.648	rgb(224, 93, 95)	1.973	None
ZNF519	LPPR3	-0.4186	49.65	-6.5E-01	rgb( 76,131,242)	1.973	2,2
NEUROG3	KCNF1	0.41832	49.89	0.889	rgb(227, 47, 49)	1.9778	None
PRDM16	MAGED1	0.41832	49.89	0.894	rgb(227, 46, 48)	1.9778	None
ATF5	FRZB	-0.41791	49.64	-6.4E-01	rgb( 78,132,241)	1.9728	2,2
ATF6	NCALD	-0.41791	49.64	-6.4E-01	rgb( 79,133,241)	1.9728	None
LTF	LOC646903	-0.41791	49.64	-6.4E-01	rgb( 77,132,241)	1.9728	2,2
NEUROD1	MUC16	-0.41722	49.88	-8.8E-01	rgb( 27,101,250)	1.9776	None
NEUROG3	CSF1R	0.41722	49.88	0.883	rgb(227, 48, 50)	1.9776	None
NEUROG3	TTYH2	0.41722	49.88	0.879	rgb(227, 49, 51)	1.9776	None
NKX2-2	SVOP	-0.41722	49.88	-8.8E-01	rgb( 26,101,251)	1.9776	None
RFX3	KCNH7	0.41722	49.88	0.883	rgb(227, 48, 50)	1.9776	None
HEYL	AK090700	-0.4168	49.87	-8.7E-01	rgb( 28,102,250)	1.9774	2,2
ISL1	ASIC1	0.4168	49.87	0.872	rgb(227, 50, 52)	1.9774	None
MAFA	LOC642366	0.4168	49.87	0.866	rgb(227, 52, 53)	1.9774	2,2
SMAD9	GRASP	0.41667	49.86	0.863	rgb(226, 52, 54)	1.9772	None
EGR3	SH3GL1P1	-0.41529	49.63	-6.3E-01	rgb( 80,133,241)	1.9726	2,2
FOXA1	DHRS2	0.41529	49.63	0.632	rgb(224, 96, 98)	1.9726	None
FOXA1	PGF	-0.41529	49.63	-6.3E-01	rgb( 79,133,241)	1.9726	None
LMX1B	LTBP2	0.41529	49.63	0.63	rgb(224, 97, 98)	1.9726	None
MAFB	CDHR3	0.41529	49.63	0.628	rgb(224, 97, 98)	1.9726	None
NHLH1	SH3RF3	0.41529	49.63	0.63	rgb(224, 97, 98)	1.9726	None
ONECUT2	AMBP	-0.41529	49.63	-6.3E-01	rgb( 81,134,241)	1.9726	None
PAX6	MAFA	-0.41529	49.63	-6.3E-01	rgb( 80,134,241)	1.9726	None
TEAD1	RBPMS	-0.41529	49.63	-6.3E-01	rgb( 80,133,241)	1.9726	None
TGIF2	USP13	0.41529	49.63	0.625	rgb(224, 98, 99)	1.9726	None
FEV	CCL19	0.41432	49.85	0.846	rgb(226, 55, 57)	1.977	None
MAFB	BASP1	0.41432	49.85	0.848	rgb(226, 55, 57)	1.977	None
NEUROG3	PHLDA2	0.41432	49.85	0.854	rgb(226, 54, 56)	1.977	None
PDX1	FRMPD4	0.41432	49.85	0.849	rgb(226, 55, 56)	1.977	None
SOX4	FAM227A	0.41432	49.85	0.851	rgb(226, 55, 56)	1.977	None
TEAD1	NR4A3	-0.41432	49.85	-8.5E-01	rgb( 32,105,249)	1.977	None
ZFHX2	PTCH1	0.41432	49.85	0.849	rgb(226, 55, 57)	1.977	None
FOXA1	COL12A1	0.41198	49.62	0.622	rgb(224, 98, 99)	1.9724	None
HIC1	CRIP2	0.41198	49.62	0.621	rgb(224, 98,100)	1.9724	None
INSM1	FAM105A	0.41198	49.62	0.624	rgb(224, 98, 99)	1.9724	2,2
NEUROD1	NTNG2	0.41198	49.84	0.836	rgb(226, 57, 59)	1.9768	None
NKX2-2	CELF3	0.41198	49.62	0.618	rgb(224, 99,100)	1.9724	None
NKX6-1	CERS6-AS1	0.41198	49.62	0.623	rgb(224, 98, 99)	1.9724	2,2
ONECUT3	TEAD1	0.41198	49.62	0.625	rgb(224, 98, 99)	1.9724	None
PAX6	MBOAT4	-0.41198	49.84	-8.4E-01	rgb( 35,107,249)	1.9768	None
PDX1	FAM64A	-0.41198	49.62	-6.2E-01	rgb( 83,135,240)	1.9724	2,2
RFX3	CLIP3	0.41198	49.84	0.839	rgb(226, 57, 58)	1.9768	None
RORC	CD99L2	0.41198	49.62	0.619	rgb(224, 99,100)	1.9724	None
SOX4	APBB1	-0.41198	49.84	-8.4E-01	rgb( 35,107,249)	1.9768	None
ST18	KIT	0.41198	49.62	0.615	rgb(224, 99,101)	1.9724	2,2
TGIF2	KCNH2	0.41198	49.62	0.623	rgb(224, 98, 99)	1.9724	None
ZFP82	PTCH1	0.41198	49.62	0.617	rgb(224, 99,100)	1.9724	None
ZNF382	AK054970	0.41198	49.62	0.622	rgb(224, 98, 99)	1.9724	2,2
ZNF846	MEX3A	-0.41198	49.62	-6.2E-01	rgb( 82,135,241)	1.9724	None
ELF4	ID4	-0.41129	49.83	-8.3E-01	rgb( 37,108,248)	1.9766	None
HIC1	SPAG8	0.41129	49.83	0.83	rgb(226, 58, 60)	1.9766	None
NKX6-1	ELAVL4	-0.41129	49.83	-8.3E-01	rgb( 36,107,249)	1.9766	None
RFX6	TPH1	0.41129	49.83	0.835	rgb(226, 58, 59)	1.9766	None
TFCP2L1	EVA1A	0.41129	49.83	0.832	rgb(226, 58, 60)	1.9766	None
FOXA2	SSTR5-AS1	-0.41073	49.82	-8.2E-01	rgb( 40,109,248)	1.9764	None
MYT1	FHL1	0.41073	49.82	0.816	rgb(226, 61, 63)	1.9764	2,2
RORC	EPHB3	-0.41073	49.82	-8.2E-01	rgb( 40,109,248)	1.9764	None
SMAD9	LDB1	0.41073	49.82	0.817	rgb(226, 61, 63)	1.9764	None
ASCL2	BC107568	0.40811	49.61	0.611	rgb(224,100,102)	1.9722	2,2
ASCL2	BTBD11	0.40811	49.61	0.607	rgb(224,101,102)	1.9722	None
ASCL2	CADM3	0.40811	49.61	0.607	rgb(224,101,102)	1.9722	None
ELF4	PLCXD3	-0.40811	49.81	-8.1E-01	rgb( 40,110,248)	1.9762	None
ETV1	CHST10	0.40811	49.61	0.613	rgb(224,100,101)	1.9722	None
LHX1	FAM13A-AS1	-0.40811	49.61	-6.1E-01	rgb( 85,137,240)	1.9722	None
LMX1B	AK022997	0.40811	49.61	0.615	rgb(224,100,101)	1.9722	2,2
MAFB	PDE8B	0.40811	49.81	0.813	rgb(226, 62, 63)	1.9762	None
NEUROD1	LINC00261	0.40811	49.81	0.807	rgb(226, 63, 65)	1.9762	None
NEUROD2	KCNB2	0.40811	49.81	0.814	rgb(226, 62, 63)	1.9762	None
NHLH1	VGF	-0.40811	49.61	-6.1E-01	rgb( 85,136,240)	1.9722	None
NR4A3	TMEM158	0.40811	49.61	0.614	rgb(224,100,101)	1.9722	None
PAX6	AP3B2	-0.40811	49.81	-8.1E-01	rgb( 41,110,248)	1.9762	None
PDX1	ACSL6	-0.40811	49.61	-6.1E-01	rgb( 84,136,240)	1.9722	None
SOX4	GRIK5	-0.40811	49.61	-6.1E-01	rgb( 84,136,240)	1.9722	None
SPIB	MAGED1	-0.40811	49.61	-6.1E-01	rgb( 85,137,240)	1.9722	None
TP73	WNK2	0.40811	49.61	0.605	rgb(224,101,103)	1.9722	None
ZNF846	ICA1L	0.40811	49.61	0.607	rgb(224,101,102)	1.9722	None
ZNF846	SYP	-0.40811	49.61	-6.1E-01	rgb( 86,137,240)	1.9722	None
ATF6	PCSK1N	0.40591	49.8	0.802	rgb(226, 64, 65)	1.976	2,2
ETS1	CBX7	0.40591	49.6	0.599	rgb(224,102,104)	1.972	None
FOXP2	SCN2A	0.40591	49.6	0.599	rgb(224,103,104)	1.972	None
GATA2	PDX1	0.40591	49.8	0.804	rgb(226, 63, 65)	1.976	None
GATA6	BASP1	-0.40591	49.6	-6.0E-01	rgb( 86,137,240)	1.972	None
LMX1A	BIVM-ERCC5	-0.40591	49.8	-8.0E-01	rgb( 44,112,247)	1.976	None
LMX1A	UNC5D	0.40591	49.8	0.804	rgb(226, 63, 65)	1.976	None
MYT1	FFAR3	0.40591	49.8	0.795	rgb(226, 65, 67)	1.976	2,2
NEUROG3	CBLN1	0.40591	49.8	0.8	rgb(226, 64, 66)	1.976	None
NEUROG3	DNAJC12	0.40591	49.8	0.802	rgb(226, 64, 65)	1.976	None
NR4A2	DOCK8	0.40591	49.8	0.795	rgb(226, 65, 67)	1.976	None
NR4A3	PRKXP1	0.40591	49.6	0.6	rgb(224,102,104)	1.972	None
PDX1	PCSK2	0.40591	49.8	0.802	rgb(226, 64, 65)	1.976	None
TEAD2	RFX6	0.40591	49.6	0.595	rgb(224,103,104)	1.972	None
TGIF2	COL14A1	-0.40591	49.6	-6.0E-01	rgb( 88,138,240)	1.972	None
ZNF519	AGAP11	0.40591	49.6	0.598	rgb(224,103,104)	1.972	None
ASCL2	ABLIM2	0.40466	49.59	0.585	rgb(223,105,106)	1.9718	None
ETV1	SYP	0.40466	49.59	0.588	rgb(223,105,106)	1.9718	None
FOXP2	RAB26	0.40466	49.59	0.587	rgb(223,105,106)	1.9718	None
MAFA	AMBP	0.40466	49.59	0.592	rgb(224,104,105)	1.9718	None
NEUROG3	SDPR	0.40466	49.59	0.593	rgb(224,104,105)	1.9718	2,2
ONECUT1	RAB4B-EGLN2	0.40466	49.59	0.586	rgb(223,105,106)	1.9718	None
RFX2	PAM	0.40466	49.59	0.587	rgb(223,105,106)	1.9718	None
RORC	INHBE	0.40466	49.59	0.59	rgb(223,104,105)	1.9718	None
ZNF519	LINC00202-1	0.40466	49.59	0.591	rgb(224,104,105)	1.9718	2,2
EGR3	TMOD2	-0.40246	49.79	-7.9E-01	rgb( 45,112,247)	1.9758	None
FOXA1	ITPR1	0.40246	49.79	0.795	rgb(226, 65, 67)	1.9758	None
LMX1B	EFCC1	0.40246	49.79	0.791	rgb(226, 66, 67)	1.9758	None
LMX1B	SMARCD2	-0.40246	49.79	-7.9E-01	rgb( 46,113,247)	1.9758	None
NEUROD2	DOCK8	0.40246	49.79	0.787	rgb(226, 67, 68)	1.9758	None
NEUROG3	EPHB3	0.40246	49.79	0.791	rgb(226, 66, 68)	1.9758	None
NPAS3	UNC13A	0.40246	49.79	0.794	rgb(226, 65, 67)	1.9758	2,2
NR4A2	ELAVL4	0.40246	49.79	0.792	rgb(226, 66, 67)	1.9758	None
NR4A3	CDH22	-0.40246	49.79	-7.9E-01	rgb( 45,112,247)	1.9758	None
PAX6	NOL4	-0.40246	49.79	-7.9E-01	rgb( 47,113,247)	1.9758	None
RORC	IGFN1	-0.40246	49.79	-7.9E-01	rgb( 45,113,247)	1.9758	None
RORC	INSRR	-0.40246	49.79	-7.9E-01	rgb( 46,113,247)	1.9758	None
SMAD9	ZFHX2	0.40246	49.79	0.79	rgb(226, 66, 68)	1.9758	None
SOX4	GGT5	0.40246	49.79	0.786	rgb(226, 67, 68)	1.9758	None
SPIB	TSSK4	-0.40246	49.79	-7.9E-01	rgb( 46,113,247)	1.9758	None
ZBTB4	AF090102	-0.40246	49.79	-7.9E-01	rgb( 47,113,247)	1.9758	2,2
ETS1	FAM71E2	0.40149	49.58	0.575	rgb(223,107,108)	1.9716	None
FOXA1	DPP10	0.40149	49.58	0.581	rgb(223,106,107)	1.9716	None
LHX1	ADD2	-0.40149	49.58	-5.8E-01	rgb( 91,140,239)	1.9716	None
LHX1	LMX1B	0.40149	49.58	0.583	rgb(223,106,107)	1.9716	None
PRDM16	ONECUT2	0.40149	49.58	0.576	rgb(223,107,108)	1.9716	None
RORC	SFTPA2	0.40149	49.58	0.583	rgb(223,106,107)	1.9716	None
SOX4	ZFP90	-0.40149	49.58	-5.8E-01	rgb( 92,141,239)	1.9716	None
AKNA	IPO11-LRRC70	-0.40052	49.78	-7.8E-01	rgb( 48,114,247)	1.9756	2,2
FEV	PTP4A3	0.40052	49.78	0.781	rgb(226, 68, 69)	1.9756	None
NEUROD1	MPP2	0.40052	49.78	0.778	rgb(226, 68, 70)	1.9756	None
PAX6	RYBP	-0.40052	49.78	-7.8E-01	rgb( 49,115,246)	1.9756	None
RFX3	NACAD	0.40052	49.78	0.78	rgb(226, 68, 70)	1.9756	None
RFX6	PLXNC1	0.40052	49.78	0.783	rgb(226, 67, 69)	1.9756	None
ZFP62	AX747535	0.40052	49.78	0.782	rgb(226, 68, 69)	1.9756	2,2
EGR3	BAALC	-0.3997	49.77	-7.7E-01	rgb( 49,115,246)	1.9754	None
ELF4	KCNB2	-0.3997	49.77	-7.7E-01	rgb( 50,115,246)	1.9754	None
ELF4	MAPK7	0.3997	49.77	0.774	rgb(226, 69, 71)	1.9754	None
ISL1	ONECUT2	0.3997	49.77	0.766	rgb(225, 71, 72)	1.9754	None
LMX1B	KDM1A	-0.3997	49.77	-7.7E-01	rgb( 50,116,246)	1.9754	None
TGIF2	PGA5	0.3997	49.77	0.77	rgb(225, 70, 71)	1.9754	None
GATA6	ZMYM2	0.39735	49.57	0.571	rgb(223,108,109)	1.9714	None
LHX1	RAB4B-EGLN2	-0.39735	49.57	-5.7E-01	rgb( 94,142,238)	1.9714	None
LMX1A	ARX	0.39735	49.57	0.571	rgb(223,108,109)	1.9714	2,2
LMX1B	KIRREL3	-0.39735	49.57	-5.7E-01	rgb( 93,141,239)	1.9714	None
MAFA	IGHG1	0.39735	49.57	0.571	rgb(223,108,109)	1.9714	2,2
MAFA	MAFB	0.39735	49.57	0.574	rgb(223,107,109)	1.9714	None
NEUROD2	PMP22	0.39735	49.57	0.566	rgb(223,109,110)	1.9714	None
NEUROG3	IMPG1	-0.39735	49.57	-5.7E-01	rgb( 94,142,238)	1.9714	None
ONECUT3	JAZF1	-0.39735	49.57	-5.7E-01	rgb( 93,142,239)	1.9714	None
PDX1	ST8SIA3	-0.39735	49.57	-5.7E-01	rgb( 94,142,238)	1.9714	None
SOX4	AK316092	0.39735	49.57	0.574	rgb(223,107,109)	1.9714	2,2
SOX4	SPEG	-0.39735	49.57	-5.7E-01	rgb( 92,141,239)	1.9714	None
TFCP2L1	KLHL32	-0.39735	49.57	-5.7E-01	rgb( 94,142,238)	1.9714	None
ZFHX2	DPEP1	-0.39735	49.57	-5.7E-01	rgb( 94,142,239)	1.9714	None
ZFHX2	SAP30	-0.39735	49.57	-5.7E-01	rgb( 93,142,239)	1.9714	None
ZNF382	NAIP	0.39735	49.57	0.57	rgb(223,108,109)	1.9714	2,2
ZNF519	AL831889	0.39735	49.57	0.572	rgb(223,108,109)	1.9714	2,2
ATOH8	FLJ00385	0.39639	49.76	0.758	rgb(225, 72, 74)	1.9752	2,2
EGR3	VOPP1	0.39639	49.76	0.763	rgb(225, 71, 73)	1.9752	None
NKX2-2	MAP3K12	-0.39639	49.76	-7.6E-01	rgb( 53,117,246)	1.9752	None
SOX4	MAPK7	-0.39639	49.76	-7.6E-01	rgb( 52,117,246)	1.9752	None
SOX4	MYEF2	0.39639	49.76	0.764	rgb(225, 71, 73)	1.9752	None
ZFP92	S100A1	-0.39639	49.76	-7.6E-01	rgb( 53,117,246)	1.9752	None
ZNF846	UNC5D	-0.39639	49.76	-7.6E-01	rgb( 53,117,246)	1.9752	None
LMX1B	USP41	-0.3957	49.75	-7.5E-01	rgb( 54,118,246)	1.975	None
NEUROD2	GRAP2	0.3957	49.75	0.745	rgb(225, 75, 76)	1.975	None
NEUROG3	ATOH8	0.3957	49.75	0.75	rgb(225, 74, 75)	1.975	None
NHLH1	NR4A3	0.3957	49.75	0.748	rgb(225, 74, 76)	1.975	None
SOX4	WNT9A	0.3957	49.75	0.748	rgb(225, 74, 76)	1.975	None
EGR3	HGFAC	0.39349	49.56	0.556	rgb(223,111,112)	1.9712	None
ETV1	FKBP7	0.39349	49.56	0.564	rgb(223,109,110)	1.9712	None
FOXA1	KCNK17	0.39349	49.56	0.557	rgb(223,111,112)	1.9712	None
FOXA2	GDAP1	0.39349	49.56	0.56	rgb(223,110,111)	1.9712	None
FOXA2	MAGED1	0.39349	49.56	0.562	rgb(223,110,111)	1.9712	None
HOXB9	MMP2	0.39349	49.56	0.557	rgb(223,111,112)	1.9712	None
HSF2	SIDT1	0.39349	49.56	0.564	rgb(223,109,110)	1.9712	None
HSF2	TRIM24	0.39349	49.56	0.558	rgb(223,110,111)	1.9712	None
LMX1A	LOC283731	0.39349	49.56	0.557	rgb(223,111,112)	1.9712	2,2
MAFA	JAM3	0.39349	49.56	0.564	rgb(223,109,110)	1.9712	None
NKX2-2	SYT5	0.39349	49.56	0.561	rgb(223,110,111)	1.9712	None
ONECUT2	LOC100131257	0.39349	49.56	0.56	rgb(223,110,111)	1.9712	2,2
RORC	FOXA1	-0.39349	49.56	-5.6E-01	rgb( 96,143,238)	1.9712	None
SOX4	GPC6	-0.39349	49.56	-5.6E-01	rgb( 95,143,238)	1.9712	None
TFCP2L1	LMO3	0.39349	49.56	0.558	rgb(223,110,112)	1.9712	None
ZNF846	TPPP3	-0.39349	49.56	-5.6E-01	rgb( 95,143,238)	1.9712	None
ARX	AKNA	0.39183	49.74	0.737	rgb(225, 76, 78)	1.9748	None
EGR3	ZFHX2	-0.39183	49.74	-7.4E-01	rgb( 56,119,245)	1.9748	None
LMX1A	IFI6	-0.39183	49.74	-7.4E-01	rgb( 56,119,245)	1.9748	None
LMX1B	H1FX-AS1	-0.39183	49.74	-7.4E-01	rgb( 57,120,245)	1.9748	None
LMX1B	SNED1	0.39183	49.74	0.742	rgb(225, 75, 77)	1.9748	None
MAFA	ETV1	0.39183	49.74	0.742	rgb(225, 75, 77)	1.9748	None
MAFA	TMEM190	0.39183	49.74	0.74	rgb(225, 76, 77)	1.9748	None
SOX4	REEP2	-0.39183	49.74	-7.4E-01	rgb( 56,119,245)	1.9748	None
ST18	TCTEX1D4	0.39183	49.74	0.742	rgb(225, 75, 77)	1.9748	None
TEAD1	VASH2	-0.39183	49.74	-7.4E-01	rgb( 57,120,245)	1.9748	None
TGIF2	CRISP3	0.39183	49.74	0.74	rgb(225, 76, 77)	1.9748	2,2
ZFHX2	NOL4	-0.39183	49.74	-7.4E-01	rgb( 56,119,245)	1.9748	None
ARX	COL16A1	-0.38893	49.73	-7.3E-01	rgb( 59,121,245)	1.9746	None
ETS1	CNGA3	0.38893	49.55	0.548	rgb(223,112,113)	1.971	None
GLIS2	ECEL1	0.38893	49.55	0.554	rgb(223,111,112)	1.971	2,2
HSF2	CPB1	-0.38893	49.55	-5.5E-01	rgb( 98,145,238)	1.971	None
HSF2	SPRED3	-0.38893	49.55	-5.5E-01	rgb( 98,145,238)	1.971	None
LMX1B	ACTN3	-0.38893	49.73	-7.3E-01	rgb( 60,121,245)	1.9746	None
LMX1B	SIDT1	-0.38893	49.73	-7.3E-01	rgb( 59,121,245)	1.9746	None
MYRF	AL832439	-0.38893	49.73	-7.3E-01	rgb( 59,121,245)	1.9746	2,2
NEUROG3	CHGA	-0.38893	49.73	-7.3E-01	rgb( 59,121,245)	1.9746	None
NR4A3	DLGAP3	0.38893	49.55	0.547	rgb(223,112,114)	1.971	None
NR4A3	STMN3	0.38893	49.55	0.548	rgb(223,112,113)	1.971	None
ONECUT1	GPR116	0.38893	49.55	0.548	rgb(223,112,113)	1.971	2,2
PBX1	SIDT1	0.38893	49.73	0.725	rgb(225, 78, 80)	1.9746	None
PDX1	KLHL32	0.38893	49.73	0.728	rgb(225, 78, 79)	1.9746	None
PDX1	TTLL7	-0.38893	49.73	-7.3E-01	rgb( 59,121,245)	1.9746	None
POU2F2	PCED1B-AS1	0.38893	49.55	0.552	rgb(223,112,113)	1.971	None
RFX2	GRIN1	-0.38893	49.55	-5.5E-01	rgb( 98,145,238)	1.971	None
SOX4	TUBB3	0.38893	49.55	0.553	rgb(223,111,113)	1.971	None
ZFHX2	BIVM-ERCC5	0.38893	49.73	0.73	rgb(225, 78, 79)	1.9746	None
ZFP28	PDZRN3	-0.38893	49.55	-5.5E-01	rgb( 97,144,238)	1.971	None
ZNF519	HNRNPU-AS1	0.38893	49.55	0.545	rgb(223,113,114)	1.971	2,2
EGR3	PLCXD3	-0.38825	49.72	-7.2E-01	rgb( 60,122,244)	1.9744	None
LMX1B	CPB1	0.38825	49.72	0.716	rgb(225, 80, 82)	1.9744	None
LMX1B	ITPR1	-0.38825	49.72	-7.2E-01	rgb( 61,122,244)	1.9744	None
LMX1B	LMX1A	0.38825	49.72	0.715	rgb(225, 80, 82)	1.9744	None
TFCP2L1	PPP1R3C	0.38825	49.72	0.719	rgb(225, 80, 81)	1.9744	None
ETS1	CCDC146	-0.387	49.71	-7.1E-01	rgb( 63,123,244)	1.9742	None
ISL1	CENPE	0.387	49.71	0.706	rgb(225, 82, 83)	1.9742	None
LHX1	HOMEZ	0.387	49.71	0.714	rgb(225, 81, 82)	1.9742	None
MAFA	LOC283731	0.387	49.71	0.708	rgb(225, 82, 83)	1.9742	2,2
NEUROD2	CLCNKA	0.387	49.71	0.714	rgb(225, 81, 82)	1.9742	None
NKX6-1	MLXIPL	-0.387	49.71	-7.1E-01	rgb( 63,124,244)	1.9742	None
POU2F2	MRPL34	-0.387	49.71	-7.1E-01	rgb( 63,123,244)	1.9742	None
TFCP2L1	CRLF1	0.387	49.71	0.711	rgb(225, 81, 83)	1.9742	None
ZNF846	BAMBI	0.387	49.71	0.71	rgb(225, 81, 83)	1.9742	None
ASCL1	TDO2	0.38521	49.54	0.54	rgb(223,114,115)	1.9708	2,2
EGR3	DYNC1I1	0.38521	49.54	0.539	rgb(223,114,115)	1.9708	None
ETV1	APLP1	0.38521	49.54	0.536	rgb(223,115,116)	1.9708	None
ETV1	TMEM200A	0.38521	49.54	0.544	rgb(223,113,114)	1.9708	None
FEV	RAPGEF4	0.38521	49.54	0.542	rgb(223,113,115)	1.9708	None
FOXA1	ATOH8	-0.38521	49.54	-5.4E-01	rgb(100,146,237)	1.9708	None
HOXB9	DLL4	-0.38521	49.54	-5.4E-01	rgb(100,146,238)	1.9708	None
HSF2	NAV3	0.38521	49.54	0.542	rgb(223,113,114)	1.9708	None
LHX1	TMEM196	-0.38521	49.54	-5.4E-01	rgb(100,146,237)	1.9708	None
NHLH1	PPP1R14A	0.38521	49.54	0.544	rgb(223,113,114)	1.9708	None
PDX1	CDKN1C	0.38521	49.54	0.539	rgb(223,114,115)	1.9708	None
SOX4	BCL2	0.38521	49.54	0.537	rgb(223,114,115)	1.9708	None
SOX4	LIMCH1	0.38521	49.54	0.544	rgb(223,113,114)	1.9708	None
ARX	RGS9	-0.38093	49.7	-7.0E-01	rgb( 66,125,243)	1.974	None
ATF6	SYN1	0.38093	49.7	0.703	rgb(225, 83, 84)	1.974	None
ELF4	UCN3	-0.38093	49.7	-7.0E-01	rgb( 64,124,244)	1.974	None
FEV	ARX	0.38093	49.53	0.531	rgb(223,116,117)	1.9706	2,2
GATA2	GPR162	0.38093	49.53	0.531	rgb(223,116,117)	1.9706	None
GATA2	PPP1R16B	0.38093	49.53	0.53	rgb(223,116,117)	1.9706	None
GATA6	EMB	0.38093	49.7	0.703	rgb(225, 83, 84)	1.974	None
GATA6	GCG	0.38093	49.53	0.529	rgb(223,116,117)	1.9706	None
HOXB9	LTBP2	0.38093	49.53	0.525	rgb(223,117,118)	1.9706	None
HSF2	CCND2	0.38093	49.7	0.698	rgb(225, 84, 85)	1.974	None
HSF2	KCNJ2	-0.38093	49.7	-7.0E-01	rgb( 64,124,244)	1.974	None
HSF2	MAP3K12	-0.38093	49.7	-7.0E-01	rgb( 65,124,244)	1.974	None
MAFA	CRLF1	0.38093	49.53	0.528	rgb(223,116,117)	1.9706	None
MAFA	RGS16	0.38093	49.53	0.531	rgb(223,116,117)	1.9706	None
MAFA	TPPP3	0.38093	49.7	0.703	rgb(225, 83, 84)	1.974	None
MAFB	KCNK17	0.38093	49.7	0.702	rgb(225, 83, 84)	1.974	None
MAFB	SERF2-C15ORF63	-0.38093	49.7	-7.0E-01	rgb( 66,125,243)	1.974	2,2
NR4A3	CRLF1	-0.38093	49.7	-7.0E-01	rgb( 65,124,244)	1.974	None
ONECUT1	ADCY5	0.38093	49.53	0.534	rgb(223,115,116)	1.9706	None
ONECUT2	SLC51B	-0.38093	49.7	-7.0E-01	rgb( 64,124,244)	1.974	None
PAX4	CYGB	0.38093	49.53	0.531	rgb(223,116,117)	1.9706	None
PDX1	STMND1	0.38093	49.53	0.53	rgb(223,116,117)	1.9706	None
RFX6	NOTUM	-0.38093	49.7	-7.0E-01	rgb( 64,124,244)	1.974	None
SIM1	IFI44L	0.38093	49.7	0.696	rgb(225, 84, 85)	1.974	2,2
SOX4	RTN1	-0.38093	49.7	-7.0E-01	rgb( 66,125,243)	1.974	None
SOX4	SCUBE1	0.38093	49.53	0.534	rgb(223,115,116)	1.9706	None
TFCP2L1	PDZD4	0.38093	49.7	0.704	rgb(225, 83, 84)	1.974	None
TGIF2	HIP1	0.38093	49.53	0.525	rgb(223,117,118)	1.9706	None
ZFHX2	GCH1	-0.38093	49.7	-7.0E-01	rgb( 65,124,244)	1.974	None
ZFP28	INHBE	-0.38093	49.53	-5.3E-01	rgb(102,147,237)	1.9706	None
ZNF846	DPYSL3	0.38093	49.7	0.704	rgb(225, 82, 84)	1.974	None
ETS1	CAND2	0.37969	49.69	0.685	rgb(225, 86, 88)	1.9738	None
GATA4	NDRG4	0.37969	49.69	0.687	rgb(225, 86, 87)	1.9738	None
HSF2	CRY2	-0.37969	49.69	-6.9E-01	rgb( 67,126,243)	1.9738	None
MAFA	SFRP1	0.37969	49.69	0.686	rgb(225, 86, 87)	1.9738	None
MYT1	FAM181B	0.37969	49.69	0.692	rgb(225, 85, 86)	1.9738	2,2
ONECUT1	TEAD1	0.37969	49.69	0.688	rgb(225, 86, 87)	1.9738	None
ONECUT2	PMP22	0.37969	49.69	0.686	rgb(225, 86, 87)	1.9738	None
SOX4	CHGA	-0.37969	49.69	-6.9E-01	rgb( 66,125,243)	1.9738	None
SPIB	GDF1	0.37969	49.69	0.695	rgb(225, 84, 86)	1.9738	None
ADNP	AX747114	-0.3779	49.52	-5.2E-01	rgb(104,148,237)	1.9704	2,2
ATF6	TMEM132B	-0.3779	49.52	-5.2E-01	rgb(104,149,237)	1.9704	None
LHX1	SLC14A2	0.3779	49.52	0.516	rgb(223,118,119)	1.9704	None
MAFA	FLT1	0.3779	49.52	0.516	rgb(223,119,120)	1.9704	None
NKX6-1	GDAP1L1	0.3779	49.52	0.52	rgb(223,118,119)	1.9704	2,2
POU2F2	CCL20	0.3779	49.52	0.519	rgb(223,118,119)	1.9704	None
RORC	CHGB	0.3779	49.52	0.521	rgb(223,117,118)	1.9704	None
RORC	DLL4	0.3779	49.52	0.524	rgb(223,117,118)	1.9704	None
SMAD9	PGF	-0.3779	49.52	-5.2E-01	rgb(104,148,237)	1.9704	None
SMAD9	RPLP0P2	0.3779	49.52	0.517	rgb(223,118,119)	1.9704	None
TFCP2L1	CXCR7	-0.3779	49.52	-5.2E-01	rgb(105,149,237)	1.9704	2,2
TFCP2L1	MCOLN3	0.3779	49.52	0.524	rgb(223,117,118)	1.9704	None
ZFP82	ATP13A4	0.3779	49.52	0.522	rgb(223,117,118)	1.9704	None
EGR3	AMER3	-0.37652	49.68	-6.8E-01	rgb( 70,128,243)	1.9736	None
ETV1	SLC26A7	-0.37652	49.68	-6.8E-01	rgb( 70,127,243)	1.9736	None
HIC1	BC006435	-0.37652	49.68	-6.8E-01	rgb( 70,128,243)	1.9736	2,2
LMX1A	LEFTY1	-0.37652	49.68	-6.8E-01	rgb( 70,127,243)	1.9736	None
LMX1A	TSNAX-DISC1	0.37652	49.68	0.676	rgb(224, 88, 89)	1.9736	None
MAFA	PLXNC1	0.37652	49.68	0.682	rgb(225, 87, 88)	1.9736	None
MAFB	ACTL6B	0.37652	49.68	0.676	rgb(224, 88, 89)	1.9736	None
NEUROG3	PTCH1	0.37652	49.68	0.684	rgb(225, 86, 88)	1.9736	None
SPIB	WNK3	0.37652	49.68	0.683	rgb(225, 87, 88)	1.9736	None
ZFHX2	CES1	-0.37652	49.68	-6.8E-01	rgb( 69,127,243)	1.9736	2,2
ARX	SFTPA2	-0.37459	49.51	-5.1E-01	rgb(106,149,236)	1.9702	None
FEV	CNPY1	0.37459	49.51	0.515	rgb(223,119,120)	1.9702	None
HIC1	TRAM1L1	0.37459	49.51	0.514	rgb(223,119,120)	1.9702	2,2
INSM1	GRAP2	0.37459	49.51	0.51	rgb(223,120,121)	1.9702	None
LMX1A	TMEM190	0.37459	49.51	0.505	rgb(223,120,121)	1.9702	None
MAFB	CHD5	0.37459	49.51	0.514	rgb(223,119,120)	1.9702	None
NEUROD2	SPINK4	0.37459	49.67	0.675	rgb(224, 88, 89)	1.9734	None
NFAT5	SPAG8	0.37459	49.51	0.515	rgb(223,119,120)	1.9702	None
NR4A2	LINC00261	-0.37459	49.51	-5.1E-01	rgb(107,150,236)	1.9702	None
POU2F2	RYBP	0.37459	49.51	0.508	rgb(223,120,121)	1.9702	None
SOX4	LDHAL6A	-0.37459	49.51	-5.1E-01	rgb(106,149,236)	1.9702	None
SOX4	MLLT11	0.37459	49.51	0.507	rgb(223,120,121)	1.9702	None
SOX4	SH3RF3	0.37459	49.51	0.512	rgb(223,119,120)	1.9702	None
SOX4	SLC12A5	-0.37459	49.51	-5.1E-01	rgb(106,150,236)	1.9702	None
EGR3	NCS1	-0.37279	49.67	-6.7E-01	rgb( 71,128,242)	1.9734	None
ELF4	CRYBA2	-0.37279	49.67	-6.7E-01	rgb( 72,129,242)	1.9734	None
LMX1B	KCNK17	0.37279	49.67	0.665	rgb(224, 90, 91)	1.9734	None
MAFA	MIR7-3HG	0.37279	49.67	0.672	rgb(224, 89, 90)	1.9734	None
MAFA	ZMYM2	0.37279	49.67	0.672	rgb(224, 89, 90)	1.9734	None
NEUROG3	TMEM61	0.37279	49.67	0.668	rgb(224, 89, 91)	1.9734	None
NKX2-2	ASRGL1	0.37279	49.67	0.675	rgb(224, 88, 89)	1.9734	None
PAX6	FAM131B	-0.37279	49.67	-6.7E-01	rgb( 71,128,243)	1.9734	None
PRDM16	TRIM35	0.37279	49.67	0.807	rgb(226, 63, 65)	1.9734	None
SMAD9	GNAO1	0.37279	49.67	0.675	rgb(224, 88, 90)	1.9734	None
SOX4	PDGFD	-0.37279	49.67	-6.7E-01	rgb( 71,128,243)	1.9734	None
TEAD1	SAMD14	-0.37279	49.67	-6.7E-01	rgb( 71,128,243)	1.9734	None
TFCP2L1	SMOC2	0.37279	49.67	0.673	rgb(224, 88, 90)	1.9734	None
ELF4	CYMP	-0.37114	49.5	-5.0E-01	rgb(109,151,236)	1.97	None
ETS1	DUSP2	0.37114	49.5	0.543	rgb(223,113,114)	1.97	None
HIF1A	NDUFB6	-0.37114	49.5	-5.0E-01	rgb(109,151,236)	1.97	2,2
MAFB	COL22A1	0.37114	49.5	0.496	rgb(222,122,123)	1.97	None
NFAT5	TSSK4	0.37114	49.5	0.499	rgb(222,122,123)	1.97	None
NHLH1	ID4	0.37114	49.5	0.502	rgb(223,121,122)	1.97	None
PBX1	PCDHA2	0.37114	49.5	0.498	rgb(222,122,123)	1.97	None
PRDM16	BMS1P6	0.37114	49.5	0.502	rgb(223,121,122)	1.97	2,2
TEAD1	MAD2L2	-0.37114	49.5	-5.0E-01	rgb(109,151,236)	1.97	None
TFCP2L1	TMEM61	0.37114	49.6	0.603	rgb(224,102,103)	1.972	None
ZNF846	IFIT1	-0.37114	49.5	-5.0E-01	rgb(109,151,236)	1.97	None
ZNF846	LOC100131257	0.37114	49.5	0.5	rgb(223,121,122)	1.97	2,2
ARX	FHL1	0.36976	49.49	0.487	rgb(222,124,125)	1.9698	2,2
ASCL2	H1FX-AS1	0.36976	49.49	0.485	rgb(222,124,125)	1.9698	None
EGR3	CALCOCO1	-0.36976	49.49	-4.9E-01	rgb(111,153,236)	1.9698	None
FOXP2	GABBR2	0.36976	49.49	0.493	rgb(222,123,124)	1.9698	None
GATA6	UCN3	-0.36976	49.49	-4.9E-01	rgb(112,153,235)	1.9698	None
NR4A3	CXXC4	0.36976	49.49	0.493	rgb(222,123,124)	1.9698	None
PROX1	KIT	0.36976	49.49	0.488	rgb(222,124,125)	1.9698	2,2
PROX1	NEURL	0.36976	49.49	0.487	rgb(222,124,125)	1.9698	2,2
ZFHX2	LINC00310	0.36976	49.49	0.495	rgb(222,123,124)	1.9698	None
ZNF846	AX747756	0.36976	49.49	0.491	rgb(222,123,124)	1.9698	2,2
ARX	GABBR2	-0.36741	49.66	-6.6E-01	rgb( 74,130,242)	1.9732	None
EGR3	GPC2	-0.36741	49.66	-6.6E-01	rgb( 74,130,242)	1.9732	None
GATA4	CAMKV	0.36741	49.66	0.659	rgb(224, 91, 93)	1.9732	None
HIF1A	BRSK2	-0.36741	49.66	-6.6E-01	rgb( 73,129,242)	1.9732	None
LMX1B	FLT1	-0.36741	49.66	-6.6E-01	rgb( 73,130,242)	1.9732	None
LMX1B	SVOP	0.36741	49.66	0.663	rgb(224, 90, 92)	1.9732	None
NEUROD2	FAM105A	0.36741	49.66	0.663	rgb(224, 90, 92)	1.9732	2,2
NEUROG3	RCOR2	0.36741	49.66	0.664	rgb(224, 90, 92)	1.9732	None
NKX6-1	SLC7A14	-0.36741	49.66	-6.6E-01	rgb( 75,130,242)	1.9732	None
NR4A3	SCN3B	0.36741	49.66	0.663	rgb(224, 90, 92)	1.9732	None
ONECUT1	DKFZP434K028	0.36741	49.66	0.664	rgb(224, 90, 91)	1.9732	2,2
ONECUT1	HIP1	0.36741	49.66	0.664	rgb(224, 90, 92)	1.9732	None
ONECUT3	BASP1	-0.36741	49.66	-6.6E-01	rgb( 74,130,242)	1.9732	None
PRDM16	CABP7	-0.36741	49.66	-6.6E-01	rgb( 75,130,242)	1.9732	None
PRDM16	SLC51B	-0.36741	49.66	-6.6E-01	rgb( 73,129,242)	1.9732	None
ZFP82	BC006435	-0.36741	49.66	-6.6E-01	rgb( 74,130,242)	1.9732	2,2
ZNF117	AK128559	0.36741	49.66	0.658	rgb(224, 91, 93)	1.9732	2,2
ARX	LAPTM5	-0.36631	49.65	-6.5E-01	rgb( 76,132,242)	1.973	None
EGR3	SOX4	-0.36631	49.65	-6.5E-01	rgb( 76,131,242)	1.973	None
ELF4	SCT	-0.36631	49.65	-6.5E-01	rgb( 75,131,242)	1.973	None
ETV1	ATF5	0.36631	49.65	0.649	rgb(224, 93, 94)	1.973	None
PDX1	PRRT3	-0.36631	49.65	-6.5E-01	rgb( 77,132,242)	1.973	None
PRDM16	MTSS1	-0.36631	49.65	-6.5E-01	rgb( 76,131,242)	1.973	None
SMAD9	BSN	0.36631	49.65	0.65	rgb(224, 93, 94)	1.973	None
TEAD1	FRZB	-0.36631	49.65	-6.5E-01	rgb( 76,131,242)	1.973	2,2
ATF6	NAALADL1	0.36327	49.48	0.661	rgb(224, 91, 92)	1.9696	None
ETS1	CITED1	0.36327	49.48	0.482	rgb(222,125,126)	1.9696	None
FOXP2	SLC16A12	0.36327	49.48	0.48	rgb(222,125,126)	1.9696	None
GATA4	CYP27A1	0.36327	49.48	0.477	rgb(222,126,127)	1.9696	None
GATA4	ZMYM2	-0.36327	49.48	-4.8E-01	rgb(112,153,235)	1.9696	None
GATA6	TAF9B	-0.36327	49.48	-4.8E-01	rgb(113,154,235)	1.9696	None
HOXB9	ZNF519	-0.36327	49.48	-4.8E-01	rgb(112,153,235)	1.9696	None
HSF2	WNK3	-0.36327	49.48	-6.6E-01	rgb( 75,130,242)	1.9696	None
LMX1A	TMEM132B	0.36327	49.48	0.481	rgb(222,125,126)	1.9696	None
LMX1B	CADPS	0.36327	49.48	0.479	rgb(222,126,126)	1.9696	None
MAFB	CACNA1C	0.36327	49.48	0.477	rgb(222,126,127)	1.9696	None
NEUROD2	SSTR3	0.36327	49.48	0.48	rgb(222,125,126)	1.9696	None
PDX1	LAPTM5	-0.36327	49.48	-4.8E-01	rgb(114,154,235)	1.9696	None
POU6F1	FER1L6-AS1	-0.36327	49.48	-4.8E-01	rgb(113,154,235)	1.9696	None
RFX6	CADPS	0.36327	49.48	0.479	rgb(222,126,127)	1.9696	None
RORC	TRPC7	0.36327	49.48	0.478	rgb(222,126,127)	1.9696	None
SOX4	CELA3A	0.36327	49.48	0.483	rgb(222,125,126)	1.9696	None
SOX4	SMOC1	-0.36327	49.48	-4.8E-01	rgb(112,153,235)	1.9696	None
TFCP2L1	FAM19A5	-0.36327	49.48	-4.8E-01	rgb(113,154,235)	1.9696	2,2
TGIF2	ID2	-0.36327	49.48	-4.8E-01	rgb(114,154,235)	1.9696	None
ZFP82	SMARCA1	0.36327	49.48	0.603	rgb(224,102,103)	1.9696	None
ZNF846	AK128559	0.36327	49.48	0.478	rgb(222,126,127)	1.9696	2,2
ETS1	MLXIPL	-0.36134	49.64	-6.4E-01	rgb( 79,133,241)	1.9728	None
LHX1	FAM19A5	-0.36134	49.64	-6.4E-01	rgb( 78,132,241)	1.9728	2,2
LHX1	SHC3	-0.36134	49.64	-6.4E-01	rgb( 78,132,241)	1.9728	None
LMX1A	TTR	-0.36134	49.64	-6.4E-01	rgb( 77,132,242)	1.9728	None
MAFA	ITGA7	0.36134	49.64	0.639	rgb(224, 95, 96)	1.9728	None
NPAS3	DBC1	0.36134	49.64	0.636	rgb(224, 96, 97)	1.9728	2,2
NR4A2	DLL1	0.36134	49.64	0.639	rgb(224, 95, 96)	1.9728	None
PAX4	GRASP	-0.36134	49.64	-6.4E-01	rgb( 78,133,241)	1.9728	None
PAX6	DACH1	-0.36134	49.64	-6.4E-01	rgb( 77,132,241)	1.9728	None
PAX6	DEFB1	-0.36134	49.64	-6.4E-01	rgb( 77,132,241)	1.9728	None
RFX2	UCP2	0.36134	49.64	0.64	rgb(224, 95, 96)	1.9728	None
RFX6	MTUS2	0.36134	49.64	0.642	rgb(224, 94, 96)	1.9728	None
RORC	GDAP1	-0.36134	49.64	-6.4E-01	rgb( 78,133,241)	1.9728	None
TP73	PDE8B	-0.36134	49.64	-6.4E-01	rgb( 78,132,241)	1.9728	None
AKNA	AX747227	-0.36038	49.47	-6.3E-01	rgb( 79,133,241)	1.9694	2,2
FOXA1	LINC00494	0.36038	49.47	0.493	rgb(222,123,124)	1.9694	None
HOXB9	FAXC	0.36038	49.47	0.471	rgb(222,127,128)	1.9694	None
MAFA	MICAL2	-0.36038	49.47	-4.7E-01	rgb(114,155,235)	1.9694	None
SMAD9	CNTD2	0.36038	49.47	0.468	rgb(222,128,129)	1.9694	None
ZFP82	FLT1	0.36038	49.47	0.47	rgb(222,127,128)	1.9694	None
ZNF846	N4BP2L2-IT2	0.36038	49.47	0.474	rgb(222,126,127)	1.9694	2,2
ARX	TUBB3	-0.35844	49.63	-6.3E-01	rgb( 80,134,241)	1.9726	None
FOXA2	LYPD8	-0.35844	49.63	-6.3E-01	rgb( 80,134,241)	1.9726	2,2
HIC1	GATA4	0.35844	49.63	0.629	rgb(224, 97, 98)	1.9726	None
HIF1A	LGR6	-0.35844	49.63	-6.3E-01	rgb( 81,134,241)	1.9726	None
HSF2	CACNA1E	-0.35844	49.63	-6.3E-01	rgb( 80,134,241)	1.9726	None
HSF2	FAM131B	-0.35844	49.63	-6.3E-01	rgb( 80,134,241)	1.9726	None
MAFA	CERKL	0.35844	49.63	0.629	rgb(224, 97, 98)	1.9726	None
MYT1	DBC1	0.35844	49.63	0.629	rgb(224, 97, 98)	1.9726	2,2
NR4A2	BC020343	-0.35844	49.63	-6.3E-01	rgb( 81,134,241)	1.9726	2,2
ONECUT1	AK125858	0.35844	49.63	0.63	rgb(224, 97, 98)	1.9726	2,2
ONECUT1	BCL2	0.35844	49.63	0.634	rgb(224, 96, 97)	1.9726	None
PDX1	ARHGAP9	-0.35844	49.63	-6.3E-01	rgb( 80,134,241)	1.9726	None
TFCP2L1	TMEM35	0.35844	49.63	0.629	rgb(224, 97, 98)	1.9726	2,2
ZNF519	TEAD1	0.35844	49.63	0.629	rgb(224, 97, 98)	1.9726	None
ASCL2	MCF2L	0.35637	49.46	0.463	rgb(222,129,129)	1.9692	None
EGR3	CLCNKA	-0.35637	49.46	-4.6E-01	rgb(117,156,234)	1.9692	None
EGR3	RPRML	-0.35637	49.46	-4.6E-01	rgb(117,156,235)	1.9692	None
HOXB9	SMAD9	0.35637	49.46	0.455	rgb(222,130,131)	1.9692	None
HOXB9	SUSD2	-0.35637	49.46	-4.6E-01	rgb(117,156,234)	1.9692	None
HSF2	MAPK7	-0.35637	49.46	-4.6E-01	rgb(117,156,234)	1.9692	None
LHX1	CAMK1G	-0.35637	49.46	-4.6E-01	rgb(117,156,235)	1.9692	None
LMX1B	LAMP5	0.35637	49.46	0.46	rgb(222,129,130)	1.9692	None
NEUROD2	SCN3B	-0.35637	49.46	-4.6E-01	rgb(118,157,234)	1.9692	None
NEUROD2	TAGLN3	0.35637	49.46	0.638	rgb(224, 95, 96)	1.9692	None
NPAS3	PGM5P2	0.35637	49.46	0.647	rgb(224, 93, 95)	1.9692	2,2
NR4A3	DOCK8	0.35637	49.46	0.46	rgb(222,129,130)	1.9692	None
PDX1	PPP1R16B	-0.35637	49.46	-4.6E-01	rgb(116,156,235)	1.9692	None
TFCP2L1	JAZF1	-0.35637	49.46	-4.6E-01	rgb(118,157,234)	1.9692	None
ZNF846	CD99L2	0.35637	49.46	0.588	rgb(223,105,106)	1.9692	None
EGR3	NKTR	-0.35458	49.62	-6.2E-01	rgb( 83,135,241)	1.9724	None
ELF4	SCGN	-0.35458	49.62	-6.2E-01	rgb( 84,136,240)	1.9724	None
HSF2	FSD1	-0.35458	49.62	-6.2E-01	rgb( 82,135,241)	1.9724	None
LMX1A	AK125960	0.35458	49.62	0.622	rgb(224, 98, 99)	1.9724	2,2
NR4A3	LSP1	-0.35458	49.62	-6.2E-01	rgb( 82,135,241)	1.9724	None
POU6F1	METTL21EP	0.35458	49.62	0.621	rgb(224, 98,100)	1.9724	None
PRDM16	DLL4	-0.35458	49.62	-6.2E-01	rgb( 83,136,240)	1.9724	None
RFX6	CALY	0.35458	49.62	0.623	rgb(224, 98, 99)	1.9724	None
RFX6	CCDC40	0.35458	49.62	0.618	rgb(224, 99,100)	1.9724	None
SPIB	GHRL	0.35458	49.62	0.622	rgb(224, 98, 99)	1.9724	None
TEAD1	MICAL2	0.35458	49.62	0.621	rgb(224, 98,100)	1.9724	None
TGIF2	LINC00643	0.35458	49.62	0.617	rgb(224, 99,100)	1.9724	None
ZNF117	AK130076	0.35458	49.62	0.622	rgb(224, 98, 99)	1.9724	2,2
EGR3	RASD1	-0.3532	49.45	-4.5E-01	rgb(120,158,234)	1.969	None
FEV	EFNB3	0.3532	49.45	0.451	rgb(222,131,132)	1.969	None
FEV	NTNG2	0.3532	49.45	0.454	rgb(222,130,131)	1.969	None
GATA6	CCDC146	-0.3532	49.45	-4.5E-01	rgb(119,157,234)	1.969	None
MAFA	ATF6	-0.3532	49.45	-4.5E-01	rgb(119,157,234)	1.969	None
NFAT5	SERPINI1	-0.3532	49.45	-4.5E-01	rgb(119,158,234)	1.969	None
PDX1	HHEX	0.3532	49.45	0.453	rgb(222,131,131)	1.969	None
SOX4	FLT1	0.3532	49.45	0.448	rgb(222,131,132)	1.969	None
SOX4	PEX5L	-0.3532	49.45	-5.1E-01	rgb(105,149,237)	1.969	None
SPIB	ASIC4	0.3532	49.45	0.452	rgb(222,131,132)	1.969	None
EGR3	SSTR3	0.35127	49.61	0.614	rgb(224,100,101)	1.9722	None
ETV1	CERS1	0.35127	49.61	0.609	rgb(224,101,102)	1.9722	None
HIC1	AX747158	-0.35127	49.61	-6.1E-01	rgb( 84,136,240)	1.9722	2,2
HIC1	PRKCG	-0.35127	49.61	-6.1E-01	rgb( 84,136,240)	1.9722	None
LHX1	USP32P2	-0.35127	49.61	-6.1E-01	rgb( 85,137,240)	1.9722	None
LMX1B	ZNRF3-AS1	0.35127	49.61	0.613	rgb(224,100,101)	1.9722	None
MAFF	CDHR1	-0.35127	49.61	-6.1E-01	rgb( 84,136,240)	1.9722	2,2
PAX4	SMARCD2	0.35127	49.61	0.612	rgb(224,100,101)	1.9722	None
PAX6	AKT3	-0.35127	49.61	-6.1E-01	rgb( 85,136,240)	1.9722	None
PBX1	HES6	0.35127	49.61	0.608	rgb(224,101,102)	1.9722	None
PBX1	PCSK1	-0.35127	49.61	-6.1E-01	rgb( 84,136,240)	1.9722	None
SPIB	KIF19	-0.35127	49.61	-6.1E-01	rgb( 85,137,240)	1.9722	None
ZFHX2	POM121L9P	0.35127	49.61	0.614	rgb(224,100,101)	1.9722	None
ZNF492	DLGAP3	-0.35127	49.61	-6.1E-01	rgb( 84,136,240)	1.9722	None
FOXA1	ROBO1	0.34989	49.44	0.442	rgb(222,133,133)	1.9688	None
HOXB9	PCAT1	-0.34989	49.44	-4.4E-01	rgb(122,159,234)	1.9688	None
MAFA	INSRR	0.34989	49.44	0.439	rgb(222,133,134)	1.9688	None
NR4A2	LINC00939	0.34989	49.44	0.436	rgb(222,134,135)	1.9688	None
ONECUT1	ZNF382	0.34989	49.44	0.443	rgb(222,132,133)	1.9688	2,2
RFX3	AK129879	-0.34989	49.44	-4.4E-01	rgb(121,158,234)	1.9688	2,2
SMAD9	C2CD4B	0.34989	49.44	0.436	rgb(222,134,135)	1.9688	None
SMAD9	MAPK4	0.34989	49.44	0.44	rgb(222,133,134)	1.9688	None
SMAD9	SEZ6	0.34989	49.44	0.442	rgb(222,133,133)	1.9688	None
SOX4	CTTNBP2	0.34989	49.44	0.437	rgb(222,134,134)	1.9688	None
ARNT2	ASRGL1	-0.3463	49.6	-6.0E-01	rgb( 87,138,240)	1.972	None
EGR3	THBS4	0.3463	49.43	0.432	rgb(222,135,135)	1.9686	None
ELF4	OLFML2B	0.3463	49.6	0.601	rgb(224,102,103)	1.972	None
FEV	CNIH2	0.3463	49.43	0.435	rgb(222,134,135)	1.9686	None
GATA2	TMEM190	0.3463	49.43	0.426	rgb(222,136,136)	1.9686	None
GATA2	VGF	0.3463	49.43	0.427	rgb(222,135,136)	1.9686	None
HIC1	AK054970	-0.3463	49.6	-6.0E-01	rgb( 87,138,240)	1.972	2,2
HOXB9	ST8SIA3	-0.3463	49.43	-4.3E-01	rgb(123,160,233)	1.9686	None
HSF2	IFI44L	0.3463	49.43	0.431	rgb(222,135,136)	1.9686	None
LMX1A	GPR162	-0.3463	49.6	-6.0E-01	rgb( 86,137,240)	1.972	None
LMX1B	IFI6	0.3463	49.6	0.603	rgb(224,102,103)	1.972	None
LMX1B	SMOC2	-0.3463	49.6	-6.0E-01	rgb( 86,138,240)	1.972	None
MAFB	FAM71E2	0.3463	49.6	0.597	rgb(224,103,104)	1.972	None
ONECUT2	CD300LF	-0.3463	49.6	-6.0E-01	rgb( 87,138,240)	1.972	None
ONECUT3	SUCNR1	0.3463	49.6	0.597	rgb(224,103,104)	1.972	2,2
PDX1	FJX1	-0.3463	49.43	-4.3E-01	rgb(124,160,233)	1.9686	None
SOX4	SIDT1	0.3463	49.43	0.425	rgb(222,136,137)	1.9686	None
SOX4	TMEM158	0.3463	49.43	0.435	rgb(222,134,135)	1.9686	None
TEAD1	GPBAR1	-0.3463	49.6	-6.0E-01	rgb( 88,138,240)	1.972	None
TFCP2L1	SCN3B	0.3463	49.6	0.599	rgb(224,103,104)	1.972	None
TFCP2L1	SYN1	-0.3463	49.43	-4.3E-01	rgb(124,160,233)	1.9686	None
ZFHX2	KIF5C	-0.3463	49.6	-6.0E-01	rgb( 87,138,240)	1.972	2,2
ZFP62	PP7080	-0.3463	49.6	-6.0E-01	rgb( 88,138,240)	1.972	2,2
ZFP82	CORO2B	0.3463	49.43	0.432	rgb(222,134,135)	1.9686	None
ZFP90	HINT1	-0.3463	49.43	-4.3E-01	rgb(124,161,233)	1.9686	None
ZNF846	CRIP1	-0.3463	49.43	-4.3E-01	rgb(124,161,233)	1.9686	None
ASCL2	PCDHB15	0.34534	49.42	0.478	rgb(222,126,127)	1.9684	None
LMX1A	KIF5C	0.34534	49.42	0.421	rgb(222,137,138)	1.9684	2,2
MAFA	TMEFF1	-0.34534	49.42	-4.2E-01	rgb(126,162,233)	1.9684	None
NR4A3	CHRM4	0.34534	49.42	0.419	rgb(222,137,138)	1.9684	None
NR4A3	IGFN1	0.34534	49.42	0.424	rgb(222,136,137)	1.9684	None
NR4A3	LMO3	0.34534	49.42	0.419	rgb(222,137,138)	1.9684	None
SOX4	PAK6	-0.34534	49.42	-4.2E-01	rgb(126,162,233)	1.9684	None
ASCL2	GPR142	-0.34437	49.41	-5.1E-01	rgb(106,149,236)	1.9682	None
ELF4	LRRC49	-0.34437	49.41	-4.1E-01	rgb(128,163,233)	1.9682	None
ELF4	NKD1	0.34437	49.41	0.778	rgb(226, 68, 70)	1.9682	None
FOXA1	FW340027	-0.34437	49.41	-4.1E-01	rgb(129,163,232)	1.9682	2,2
HSF2	SPAG8	0.34437	49.41	0.748	rgb(225, 74, 76)	1.9682	None
MAFA	KLK12	0.34437	49.41	0.414	rgb(222,138,139)	1.9682	None
ZNF382	ONECUT1	0.34437	49.41	0.407	rgb(221,139,140)	1.9682	2,2
EGR3	NTNG2	-0.3423	49.59	-5.9E-01	rgb( 90,140,239)	1.9718	None
FOXA2	KCNK16	-0.3423	49.59	-5.9E-01	rgb( 89,139,239)	1.9718	None
FOXA2	MUC16	0.3423	49.59	0.594	rgb(224,103,105)	1.9718	None
LMX1A	AX747775	0.3423	49.59	0.595	rgb(224,103,105)	1.9718	2,2
LMX1A	GAP43	-0.3423	49.59	-5.9E-01	rgb( 88,139,240)	1.9718	None
LMX1B	KCNJ6	0.3423	49.59	0.587	rgb(223,105,106)	1.9718	None
MAFA	SIM1	0.3423	49.59	0.587	rgb(223,105,106)	1.9718	None
NEUROD1	CD99L2	0.3423	49.59	0.593	rgb(224,104,105)	1.9718	None
NKX2-2	SH3RF3-AS1	-0.3423	49.59	-5.9E-01	rgb( 90,140,239)	1.9718	None
NR4A2	ST18	0.3423	49.59	0.591	rgb(224,104,105)	1.9718	None
PRDM16	FUT7	-0.3423	49.59	-5.9E-01	rgb( 88,139,240)	1.9718	None
SOX4	SEZ6	-0.3423	49.59	-5.9E-01	rgb( 89,139,239)	1.9718	None
TEAD1	AKNA	0.3423	49.59	0.593	rgb(224,104,105)	1.9718	None
TEAD1	SCUBE1	-0.3423	49.59	-5.9E-01	rgb( 89,139,239)	1.9718	None
ZNF117	CR627394	0.3423	49.59	0.589	rgb(223,104,106)	1.9718	2,2
ETV1	ARNT2	0.34065	49.4	0.402	rgb(221,140,141)	1.968	None
ETV1	ZFP90	0.34065	49.4	0.398	rgb(221,141,142)	1.968	None
GATA6	CLGN	-0.34065	49.4	-4.0E-01	rgb(131,165,232)	1.968	None
HIF1A	AX747853	-0.34065	49.4	-4.0E-01	rgb(130,164,232)	1.968	2,2
HSF2	DUSP2	-0.34065	49.4	-4.0E-01	rgb(131,165,232)	1.968	None
MAFA	FJX1	0.34065	49.4	0.397	rgb(221,141,142)	1.968	None
NKX6-1	SCUBE1	0.34065	49.4	0.4	rgb(221,141,141)	1.968	None
PAX6	VGF	0.34065	49.4	0.396	rgb(221,141,142)	1.968	None
RFX6	NKD1	0.34065	49.4	0.399	rgb(221,141,142)	1.968	None
ZFHX2	NACAD	0.34065	49.4	0.397	rgb(221,141,142)	1.968	None
ZNF382	BC010924	0.34065	49.4	0.398	rgb(221,141,142)	1.968	2,2
ZNF846	FAM171A2	-0.34065	49.4	-4.0E-01	rgb(129,164,232)	1.968	None
ELF4	CHRM4	-0.33858	49.58	-5.8E-01	rgb( 91,140,239)	1.9716	None
HIC1	BC010924	-0.33858	49.58	-5.8E-01	rgb( 91,140,239)	1.9716	2,2
HIC1	LINC00907	-0.33858	49.58	-5.8E-01	rgb( 91,140,239)	1.9716	2,2
LHX1	MTUS2	-0.33858	49.58	-5.8E-01	rgb( 91,140,239)	1.9716	None
LTF	ADAM20P1	0.33858	49.58	0.582	rgb(223,106,107)	1.9716	2,2
LTF	LOC727896	0.33858	49.58	0.581	rgb(223,106,107)	1.9716	2,2
MAFA	FAM71E2	-0.33858	49.58	-5.8E-01	rgb( 91,140,239)	1.9716	None
MAFA	GABRB3	0.33858	49.58	0.581	rgb(223,106,107)	1.9716	2,2
MAFF	CAMK1G	0.33858	49.58	0.584	rgb(223,105,107)	1.9716	None
NEUROG3	WNT9A	0.33858	49.58	0.578	rgb(223,107,108)	1.9716	None
PAX6	CNGA3	-0.33858	49.58	-5.8E-01	rgb( 91,140,239)	1.9716	None
PBX1	AK316092	0.33858	49.58	0.581	rgb(223,106,107)	1.9716	2,2
PBX1	ZDHHC8P1	-0.33858	49.58	-5.8E-01	rgb( 92,141,239)	1.9716	None
RFX6	FAXC	0.33858	49.58	0.584	rgb(223,105,107)	1.9716	None
RORC	SPP1	-0.33858	49.58	-5.8E-01	rgb( 92,141,239)	1.9716	None
EGR3	CDHR3	-0.33747	49.39	-3.9E-01	rgb(133,166,232)	1.9678	None
FOXP2	EYA4	0.33747	49.39	0.388	rgb(221,143,144)	1.9678	None
HOXB9	ATF7IP	-0.33747	49.39	-3.9E-01	rgb(133,166,232)	1.9678	None
NKX2-2	RGAG4	0.33747	49.39	0.392	rgb(221,142,143)	1.9678	2,2
RORC	KCNAB2	0.33747	49.39	0.393	rgb(221,142,143)	1.9678	None
SPIB	CRYBA2	0.33747	49.39	0.39	rgb(221,143,143)	1.9678	None
TFCP2L1	CAMK1G	-0.33747	49.39	-3.9E-01	rgb(132,165,232)	1.9678	None
TFCP2L1	CDK5R2	-0.33747	49.39	-3.9E-01	rgb(133,166,232)	1.9678	None
ASCL2	RPRML	0.33582	49.38	0.381	rgb(221,144,145)	1.9676	None
EGR3	BOC	-0.33582	49.38	-3.8E-01	rgb(134,166,232)	1.9676	None
ETS1	NAALADL1	0.33582	49.38	0.384	rgb(221,144,144)	1.9676	None
MAFA	HOPX	0.33582	49.38	0.384	rgb(221,144,144)	1.9676	None
MAFA	SYT14	0.33582	49.38	0.377	rgb(221,145,146)	1.9676	None
NR4A3	AKT3	0.33582	49.38	0.382	rgb(221,144,145)	1.9676	None
PDX1	TAF9B	-0.33582	49.38	-3.8E-01	rgb(135,167,231)	1.9676	None
SPIB	MAP2	0.33582	49.38	0.379	rgb(221,145,145)	1.9676	None
TEAD1	PDX1	0.33582	49.38	0.701	rgb(225, 83, 84)	1.9676	None
TGIF2	ACSS3	0.33582	49.38	0.383	rgb(221,144,145)	1.9676	None
TGIF2	LINC00930	0.33582	49.38	0.377	rgb(221,145,146)	1.9676	2,2
ZNF492	IFNE	0.33582	49.38	0.497	rgb(222,122,123)	1.9676	2,2
ARNT2	NFRKB	0.33347	49.57	0.569	rgb(223,108,109)	1.9714	None
ELF4	KANK2	-0.33347	49.57	-5.7E-01	rgb( 92,141,239)	1.9714	None
ELF4	KCNK16	-0.33347	49.57	-5.7E-01	rgb( 94,142,239)	1.9714	None
ETS1	CORO2B	0.33347	49.57	0.572	rgb(223,108,109)	1.9714	None
HIF1A	ZNF382	-0.33347	49.57	-5.7E-01	rgb( 94,142,238)	1.9714	2,2
LMX1B	HCN4	0.33347	49.57	0.567	rgb(223,109,110)	1.9714	None
MAFA	KCNH3	0.33347	49.57	0.569	rgb(223,108,110)	1.9714	None
NEUROG3	TCEAL1	0.33347	49.57	0.568	rgb(223,108,110)	1.9714	None
PAX6	TENM2	-0.33347	49.57	-5.7E-01	rgb( 94,142,239)	1.9714	None
PBX1	CACNA1A	-0.33347	49.57	-5.7E-01	rgb( 93,142,239)	1.9714	None
PRDM16	NRXN2	-0.33347	49.57	-5.7E-01	rgb( 93,141,239)	1.9714	None
PRDM16	PRDM16	0.33347	49.57	0.573	rgb(223,108,109)	1.9714	None
PRDM16	UNC13A	0.33347	49.57	0.585	rgb(223,105,106)	1.9714	None
TEAD1	ATP8B2	0.33347	49.57	0.849	rgb(226, 55, 57)	1.9714	None
TEAD1	RAB26	-0.33347	49.57	-5.7E-01	rgb( 92,141,239)	1.9714	None
ZFHX2	LIMCH1	-0.33347	49.57	-5.7E-01	rgb( 92,141,239)	1.9714	None
ZNF846	ADORA2A	-0.33347	49.57	-5.7E-01	rgb( 93,141,239)	1.9714	2,2
ELF4	SLC6A17	-0.33209	49.37	-3.7E-01	rgb(137,168,231)	1.9674	None
GATA6	LINGO1	-0.33209	49.37	-3.7E-01	rgb(136,168,231)	1.9674	None
HSF2	LRFN1	-0.33209	49.37	-4.0E-01	rgb(130,164,232)	1.9674	None
LMX1A	PKIA	0.33209	49.37	0.373	rgb(221,146,147)	1.9674	None
LTF	NEUROG3	0.33209	49.37	0.368	rgb(221,147,147)	1.9674	2,2
NR4A2	ZFP62	0.33209	49.37	0.414	rgb(222,138,139)	1.9674	None
NR4A3	PDE8B	0.33209	49.37	0.371	rgb(221,146,147)	1.9674	None
ONECUT2	ATF7IP	0.33209	49.37	0.372	rgb(221,146,147)	1.9674	None
PRDM16	AX746869	0.33209	49.37	0.371	rgb(221,146,147)	1.9674	2,2
TGIF2	CHRNB4	0.33209	49.37	0.366	rgb(221,147,148)	1.9674	None
ATF6	SCT	0.32947	49.56	0.558	rgb(223,110,111)	1.9712	None
ELF4	LONRF2	-0.32947	49.56	-5.6E-01	rgb( 96,143,238)	1.9712	None
ELF4	S100A1	-0.32947	49.56	-5.6E-01	rgb( 95,143,238)	1.9712	None
GATA2	CERKL	0.32947	49.56	0.559	rgb(223,110,111)	1.9712	None
HIC1	AX746617	-0.32947	49.56	-5.6E-01	rgb( 96,144,238)	1.9712	2,2
HSF2	PGF	-0.32947	49.56	-5.6E-01	rgb( 96,144,238)	1.9712	None
LHX1	PKIA	-0.32947	49.56	-5.6E-01	rgb( 96,143,238)	1.9712	None
MLXIPL	ID2	-0.32947	49.56	-5.6E-01	rgb( 96,143,238)	1.9712	None
MYT1	GPR112	0.32947	49.56	0.558	rgb(223,110,111)	1.9712	2,2
NEUROD2	PNMAL1	0.32947	49.56	0.56	rgb(223,110,111)	1.9712	2,2
NKX6-1	SDK1	0.32947	49.56	0.559	rgb(223,110,111)	1.9712	None
PAX4	POU2F2	-0.32947	49.56	-5.6E-01	rgb( 96,144,238)	1.9712	None
RFX2	SPIB	0.32947	49.56	0.565	rgb(223,109,110)	1.9712	None
RFX6	RGAG4	0.32947	49.56	0.56	rgb(223,110,111)	1.9712	2,2
SIM1	DCX	0.32947	49.56	0.56	rgb(223,110,111)	1.9712	2,2
SOX4	PELI3	-0.32947	49.56	-5.7E-01	rgb( 93,141,239)	1.9712	None
TFCP2L1	FAM135B	0.32947	49.56	0.562	rgb(223,110,111)	1.9712	None
ZFHX2	SCGN	-0.32947	49.56	-5.6E-01	rgb( 95,143,238)	1.9712	None
ZNF846	MLN	-0.32947	49.56	-5.6E-01	rgb( 95,143,238)	1.9712	None
ASCL1	GCK	0.32809	49.36	0.356	rgb(221,149,150)	1.9672	None
ASCL2	LSP1	-0.32809	49.44	-4.4E-01	rgb(122,159,234)	1.9688	None
ETV1	AX747090	0.32809	49.36	0.356	rgb(221,149,150)	1.9672	2,2
ETV1	FRMPD4	0.32809	49.36	0.361	rgb(221,148,149)	1.9672	None
GATA6	USP32P2	-0.32809	49.36	-3.6E-01	rgb(140,170,231)	1.9672	None
MAFA	GGT5	0.32809	49.36	0.363	rgb(221,148,148)	1.9672	None
NHLH1	PTGDR2	0.32809	49.36	0.357	rgb(221,149,149)	1.9672	None
NR4A2	LINC00494	-0.32809	49.36	-3.6E-01	rgb(139,170,231)	1.9672	None
NR4A2	WSCD1	-0.32809	49.36	-3.6E-01	rgb(138,169,231)	1.9672	None
PDX1	ZNF117	-0.32809	49.36	-6.3E-01	rgb( 81,134,241)	1.9672	None
MAFA	CRIP1	0.32671	49.35	0.348	rgb(221,150,151)	1.967	None
MAFB	GNG4	0.32671	49.35	0.352	rgb(221,150,150)	1.967	None
NR4A2	ZFP2	0.32671	49.35	0.352	rgb(221,150,150)	1.967	None
PDX1	SDCBP2-AS1	-0.32671	49.35	-5.3E-01	rgb(103,147,237)	1.967	None
PRDM16	GPR155	0.32671	49.35	0.352	rgb(221,150,151)	1.967	None
RORC	CDK5R2	0.32671	49.35	0.352	rgb(221,150,150)	1.967	None
TFCP2L1	CTSL2	-0.32671	49.35	-3.5E-01	rgb(141,171,230)	1.967	2,2
TGIF2	SYT14	0.32671	49.35	0.347	rgb(221,151,151)	1.967	None
TP73	IGFN1	0.32671	49.35	0.347	rgb(221,151,151)	1.967	None
ZFP90	LINGO1	-0.32671	49.35	-3.5E-01	rgb(141,171,230)	1.967	None
EGR3	CAMK1G	-0.32478	49.55	-5.5E-01	rgb( 99,145,238)	1.971	None
ELF4	APLP1	-0.32478	49.55	-5.5E-01	rgb( 98,144,238)	1.971	None
ETS1	FKBP7	0.32478	49.55	0.553	rgb(223,111,112)	1.971	None
HSF2	TPPP3	-0.32478	49.55	-5.5E-01	rgb( 97,144,238)	1.971	None
MLXIPL	TSSK4	0.32478	49.55	0.706	rgb(225, 82, 84)	1.971	None
NEUROG3	DPYSL3	0.32478	49.55	0.554	rgb(223,111,112)	1.971	None
NR4A2	ENPP1	0.32478	49.55	0.552	rgb(223,112,113)	1.971	None
PBX1	GRIK5	-0.32478	49.55	-5.5E-01	rgb( 98,144,238)	1.971	None
PBX1	HEYL	0.32478	49.55	0.554	rgb(223,111,112)	1.971	None
SIM1	ASCL1	0.32478	49.55	0.67	rgb(224, 89, 90)	1.971	2,2
TEAD1	DEFB1	-0.32478	49.55	-5.6E-01	rgb( 96,143,238)	1.971	None
ZFHX2	FHL1	-0.32478	49.55	-5.5E-01	rgb( 97,144,238)	1.971	2,2
ZFP62	AX748285	0.32478	49.55	0.549	rgb(223,112,113)	1.971	2,2
ZNF846	DNAH11	-0.32478	49.55	-5.5E-01	rgb( 99,145,238)	1.971	None
FOXA1	GALNT16	-0.32354	49.34	-5.1E-01	rgb(107,150,236)	1.9668	None
GATA2	GABRB3	0.32354	49.34	0.342	rgb(221,152,152)	1.9668	2,2
LMX1B	C7	0.32354	49.34	0.341	rgb(221,152,153)	1.9668	None
NFAT5	PTGDR2	-0.32354	49.34	-3.4E-01	rgb(143,172,230)	1.9668	None
NHLH1	GAL	0.32354	49.34	0.339	rgb(221,152,153)	1.9668	None
SOX4	HGFAC	0.32354	49.34	0.336	rgb(221,153,153)	1.9668	None
TFCP2L1	KCNK3	-0.32354	49.34	-3.4E-01	rgb(144,172,230)	1.9668	None
TFCP2L1	TMOD1	-0.32354	49.34	-3.4E-01	rgb(143,172,230)	1.9668	None
ZNF846	ATOH8	-0.32354	49.34	-3.4E-01	rgb(144,173,230)	1.9668	None
ARX	PAPPA2	0.32174	49.54	0.537	rgb(223,114,115)	1.9708	None
LHX1	FJX1	-0.32174	49.54	-5.4E-01	rgb(100,146,238)	1.9708	None
MAFA	CDHR3	0.32174	49.54	0.539	rgb(223,114,115)	1.9708	None
NKX6-1	TRIM24	0.32174	49.54	0.544	rgb(223,113,114)	1.9708	None
NR4A2	GPR162	0.32174	49.54	0.543	rgb(223,113,114)	1.9708	None
PAX6	DPYSL4	-0.32174	49.54	-5.4E-01	rgb(100,146,237)	1.9708	None
PAX6	GABBR2	-0.32174	49.54	-5.4E-01	rgb( 99,145,238)	1.9708	None
PBX1	EPHB3	0.32174	49.54	0.539	rgb(223,114,115)	1.9708	None
TFCP2L1	SOGA3	0.32174	49.54	0.536	rgb(223,115,116)	1.9708	None
ZFHX2	AEBP1	-0.32174	49.54	-5.4E-01	rgb(100,146,237)	1.9708	None
ZFP82	ETS1	0.32174	49.54	0.537	rgb(223,114,116)	1.9708	None
ZNF492	MSMB	-0.32174	49.54	-5.4E-01	rgb(100,146,238)	1.9708	None
ZNF846	HECW2	0.32174	49.54	0.545	rgb(223,113,114)	1.9708	None
ETS1	ZFP2	0.32078	49.34	0.339	rgb(221,152,153)	1.9668	None
ETV1	AMER3	0.32078	49.33	0.331	rgb(221,154,154)	1.9666	None
LHX1	LIMCH1	-0.32078	49.33	-3.3E-01	rgb(144,173,230)	1.9666	None
LHX1	STK33	-0.32078	49.33	-3.3E-01	rgb(145,173,230)	1.9666	None
LMX1B	STARD9	0.32078	49.33	0.332	rgb(221,154,154)	1.9666	None
MAFA	AKT3	-0.32078	49.33	-3.3E-01	rgb(146,174,229)	1.9666	None
PRDM16	BC040358	0.32078	49.33	0.332	rgb(221,154,154)	1.9666	2,2
ELF4	CRY2	0.3194	49.32	0.318	rgb(220,156,157)	1.9664	None
ETS1	KCNH3	-0.3194	49.32	-3.2E-01	rgb(147,174,229)	1.9664	None
HOXB9	FRMPD4	0.3194	49.32	0.319	rgb(221,156,157)	1.9664	None
MAFB	MUC5AC	-0.3194	49.32	-3.2E-01	rgb(148,175,229)	1.9664	2,2
PAX6	NPY	0.3194	49.32	0.32	rgb(221,156,157)	1.9664	None
PDX1	SFTPA2	-0.3194	49.32	-4.3E-01	rgb(123,160,233)	1.9664	None
SPIB	ALAS2	0.3194	49.32	0.321	rgb(221,156,156)	1.9664	None
TEAD1	STMN4	-0.3194	49.32	-3.2E-01	rgb(148,175,229)	1.9664	None
ZNF519	BC122864	0.3194	49.32	0.32	rgb(221,156,157)	1.9664	2,2
ZNF846	FKBP7	-0.3194	49.32	-3.2E-01	rgb(148,175,229)	1.9664	None
ARNT2	RYBP	0.31747	49.53	0.533	rgb(223,115,116)	1.9706	None
EGR3	NEFL	0.31747	49.53	0.53	rgb(223,116,117)	1.9706	None
ETS1	COL10A1	-0.31747	49.53	-5.3E-01	rgb(103,147,237)	1.9706	None
HIC1	ABCC9	-0.31747	49.53	-5.3E-01	rgb(101,147,237)	1.9706	2,2
LMX1B	TMEM132B	0.31747	49.53	0.828	rgb(226, 59, 60)	1.9706	None
MAFA	ST6GALNAC5	0.31747	49.53	0.526	rgb(223,117,118)	1.9706	None
NEUROG3	LZTS1	0.31747	49.53	0.533	rgb(223,115,116)	1.9706	None
ONECUT1	AX747756	0.31747	49.53	0.528	rgb(223,116,117)	1.9706	2,2
PRDM16	KCNJ2	-0.31747	49.53	-5.3E-01	rgb(103,148,237)	1.9706	None
RFX2	CAMK2B	0.31747	49.53	0.534	rgb(223,115,116)	1.9706	None
SPIB	FAM131B	0.31747	49.53	0.526	rgb(223,117,118)	1.9706	None
ZFHX2	CACNA1A	-0.31747	49.53	-5.3E-01	rgb(102,147,237)	1.9706	None
ZFHX2	HMGB3	0.31747	49.53	0.532	rgb(223,115,116)	1.9706	None
ZNF846	CDK5R2	-0.31747	49.53	-5.3E-01	rgb(101,147,237)	1.9706	None
ASCL1	CDK5R1	0.3165	49.31	0.313	rgb(220,157,158)	1.9662	None
ASCL2	CRYBA2	0.3165	49.31	0.306	rgb(220,159,159)	1.9662	None
GATA2	GCG	0.3165	49.31	0.312	rgb(220,157,158)	1.9662	None
LMX1B	NFASC	0.3165	49.31	0.305	rgb(220,159,159)	1.9662	None
MAFB	NPY	0.3165	49.31	0.308	rgb(220,158,159)	1.9662	None
MAFB	SEZ6	0.3165	49.31	0.306	rgb(220,159,159)	1.9662	None
NFAT5	AX748285	0.3165	49.31	0.312	rgb(220,157,158)	1.9662	2,2
NEUROG3	LINC00494	-0.31609	49.3	-3.0E-01	rgb(152,178,228)	1.966	None
PRDM16	EGFR	0.31609	49.3	0.655	rgb(224, 92, 93)	1.966	None
TP73	LRFN1	0.31609	49.3	0.302	rgb(220,159,160)	1.966	None
FEV	JAM3	0.31457	49.52	0.605	rgb(224,102,103)	1.9704	None
HSF2	ACSS3	-0.31457	49.52	-5.2E-01	rgb(104,149,237)	1.9704	None
HSF2	CAMKV	-0.31457	49.52	-5.3E-01	rgb(101,147,237)	1.9704	None
LHX1	RGS16	-0.31457	49.52	-5.2E-01	rgb(105,149,237)	1.9704	None
LMX1A	CERKL	-0.31457	49.52	-5.2E-01	rgb(104,148,237)	1.9704	None
NKX2-2	EIF4EBP3	0.31457	49.52	0.52	rgb(223,118,119)	1.9704	None
NKX6-1	CCK	-0.31457	49.52	-5.2E-01	rgb(104,148,237)	1.9704	None
NR4A2	SLC7A14	-0.31457	49.52	-5.2E-01	rgb(104,148,237)	1.9704	None
PRDM16	CDK5R2	-0.31457	49.52	-5.2E-01	rgb(104,148,237)	1.9704	None
TEAD1	KCNE4	-0.31457	49.52	-5.2E-01	rgb(104,148,237)	1.9704	None
ZNF117	N4BP2L2-IT2	0.31457	49.52	0.518	rgb(223,118,119)	1.9704	2,2
NR4A3	MAP1B	0.31402	49.29	0.289	rgb(220,162,162)	1.9658	None
SOX4	CSH1	0.31402	49.29	0.287	rgb(220,162,163)	1.9658	None
TGIF2	WNK2	0.31402	49.29	0.287	rgb(220,162,163)	1.9658	None
ZNF846	AX746617	0.31402	49.29	0.289	rgb(220,162,162)	1.9658	2,2
GATA2	FHL1	0.31319	49.28	0.277	rgb(220,164,165)	1.9656	2,2
HOXB9	H1FX-AS1	-0.31319	49.28	-2.8E-01	rgb(156,180,228)	1.9656	None
LMX1B	MAP2	0.31319	49.28	0.283	rgb(220,163,163)	1.9656	None
ONECUT1	SGSM1	0.31319	49.28	0.28	rgb(220,164,164)	1.9656	None
PDX1	KCNH3	-0.31319	49.28	-3.2E-01	rgb(147,175,229)	1.9656	None
TEAD2	CDK5R1	0.31319	49.28	0.284	rgb(220,163,163)	1.9656	None
GATA2	ANKRD13B	0.31153	49.51	0.506	rgb(223,120,121)	1.9702	None
GATA2	C7	0.31153	49.51	0.506	rgb(223,120,121)	1.9702	None
LHX1	TMEM70	-0.31153	49.51	-5.1E-01	rgb(106,149,237)	1.9702	None
MAFA	AK096718	0.31153	49.51	0.509	rgb(223,120,121)	1.9702	2,2
MAFA	NTNG2	-0.31153	49.51	-5.1E-01	rgb(107,150,236)	1.9702	None
MAFF	UBE2Q2P2	-0.31153	49.51	-5.1E-01	rgb(107,150,236)	1.9702	2,2
MYRF	AMBP	0.31153	49.51	0.512	rgb(223,119,120)	1.9702	None
NR4A2	CDH22	0.31153	49.51	0.513	rgb(223,119,120)	1.9702	None
NR4A2	FUT7	0.31153	49.51	0.511	rgb(223,119,120)	1.9702	None
PRDM16	VWCE	0.31153	49.51	0.515	rgb(223,119,120)	1.9702	None
TFCP2L1	SBK1	0.31153	49.51	0.508	rgb(223,120,121)	1.9702	None
TP73	TSPAN11	0.31153	49.51	0.505	rgb(223,120,121)	1.9702	None
GATA2	LOC100216479	0.31112	49.27	0.268	rgb(220,166,166)	1.9654	2,2
HSF2	INSRR	-0.31112	49.27	-6.3E-01	rgb( 80,134,241)	1.9654	None
PDX1	NKTR	-0.31112	49.27	-2.7E-01	rgb(158,181,227)	1.9654	None
ELF4	GYLTL1B	-0.31043	49.26	-2.6E-01	rgb(161,183,227)	1.9652	2,2
MAFA	DNAH11	-0.31043	49.26	-2.6E-01	rgb(160,182,227)	1.9652	None
NR4A3	RIIAD1	0.31043	49.26	0.263	rgb(220,167,167)	1.9652	None
RFX2	AADAT	-0.31043	49.26	-2.6E-01	rgb(160,182,227)	1.9652	None
TEAD2	LTBP2	0.31043	49.26	0.259	rgb(220,168,168)	1.9652	None
HIF1A	ASCL2	-0.30974	49.25	-2.5E-01	rgb(162,183,227)	1.965	None
LMX1A	ACTL6B	-0.30974	49.25	-3.1E-01	rgb(150,177,229)	1.965	None
NR4A3	SERPINA10	0.30974	49.25	0.252	rgb(220,169,169)	1.965	None
PBX1	ATOH8	0.30974	49.25	0.317	rgb(220,157,157)	1.965	None
PBX1	HSF2	0.30974	49.25	0.248	rgb(220,170,170)	1.965	None
ARX	TPPP3	0.30698	49.23	0.226	rgb(219,174,174)	1.9646	None
ELF4	PHLDA2	0.30698	49.5	0.498	rgb(222,122,123)	1.97	None
ELF4	PODXL2	-0.30698	49.5	-5.0E-01	rgb(109,151,236)	1.97	None
ETS1	NOXO1	-0.30698	49.5	-5.0E-01	rgb(107,150,236)	1.97	None
GATA4	LGR6	0.30698	49.23	0.227	rgb(220,174,174)	1.9646	None
HIC1	ZNF382	-0.30698	49.5	-5.0E-01	rgb(108,151,236)	1.97	2,2
LTF	CR627225	0.30698	49.5	0.496	rgb(222,122,123)	1.97	2,2
NR4A2	FGF14	0.30698	49.5	0.504	rgb(223,121,122)	1.97	None
NR4A2	GOLGA7B	0.30698	49.5	0.497	rgb(222,122,123)	1.97	None
ONECUT1	NHSL2	0.30698	49.5	0.501	rgb(223,121,122)	1.97	None
ONECUT2	KDM1A	0.30698	49.5	0.503	rgb(223,121,122)	1.97	None
PAX6	SPP1	-0.30698	49.5	-5.0E-01	rgb(108,151,236)	1.97	None
PDX1	LINGO1	-0.30698	49.5	-5.0E-01	rgb(109,152,236)	1.97	None
POU6F1	CYP4F24P	0.30698	49.5	0.499	rgb(222,122,123)	1.97	None
SMAD9	CELSR3	0.30698	49.5	0.502	rgb(223,121,122)	1.97	None
SOX4	STMND1	-0.30698	49.5	-5.0E-01	rgb(110,152,236)	1.97	None
SPIB	GAD2	0.30698	49.5	0.504	rgb(223,121,122)	1.97	None
TEAD1	RPS14P3	-0.30698	49.5	-5.0E-01	rgb(109,151,236)	1.97	2,2
ZNF117	TDRD6	0.30698	49.23	0.232	rgb(220,173,173)	1.9646	2,2
ZNF853	LOC727896	-0.30698	49.5	-5.0E-01	rgb(108,151,236)	1.97	2,2
ASCL2	FOXA2	0.30602	49.22	0.223	rgb(219,174,175)	1.9644	None
ELF4	KCNJ3	0.30602	49.22	0.22	rgb(219,175,175)	1.9644	None
ETV1	CDK5R1	0.30602	49.22	0.216	rgb(219,176,176)	1.9644	None
ETV1	MAP1A	0.30602	49.22	0.221	rgb(219,175,175)	1.9644	None
HOXB9	COL14A1	0.30602	49.22	0.217	rgb(219,176,176)	1.9644	None
MLXIPL	LOC653513	0.30602	49.22	0.22	rgb(219,175,175)	1.9644	2,2
TFCP2L1	FABP5	0.30602	49.22	0.313	rgb(220,157,158)	1.9644	None
PAX4	SLC38A3	0.3056	49.21	0.211	rgb(219,177,177)	1.9642	None
PROX1	RFX6	0.3056	49.21	0.205	rgb(219,178,178)	1.9642	None
RORC	ZNF519	-0.3056	49.21	-2.1E-01	rgb(171,189,225)	1.9642	None
GATA2	CRIP1	-0.30519	49.2	-2.0E-01	rgb(173,190,225)	1.964	None
GATA2	PCSK1	0.30519	49.2	0.197	rgb(219,179,180)	1.964	None
POU2F2	CXCR7	0.30519	49.2	0.203	rgb(219,178,179)	1.964	2,2
ARX	SLC25A53	-0.30298	49.49	-4.9E-01	rgb(110,152,236)	1.9698	None
ASCL1	CELSR3	0.30298	49.49	0.489	rgb(222,124,125)	1.9698	None
EGR3	GDF1	-0.30298	49.49	-4.9E-01	rgb(112,153,235)	1.9698	None
ELF4	TUB	-0.30298	49.49	-4.9E-01	rgb(110,152,236)	1.9698	None
FEV	JPH4	0.30298	49.49	0.492	rgb(222,123,124)	1.9698	None
NEUROD1	KSR2	0.30298	49.49	0.491	rgb(222,123,124)	1.9698	None
NEUROG3	CACNA1H	0.30298	49.49	0.486	rgb(222,124,125)	1.9698	None
NKX2-2	RGS11	-0.30298	49.49	-4.9E-01	rgb(111,153,235)	1.9698	None
NKX6-1	RPS14P3	-0.30298	49.49	-4.9E-01	rgb(112,153,235)	1.9698	2,2
ONECUT1	CCDC181	0.30298	49.49	0.488	rgb(222,124,125)	1.9698	None
PAX4	CACNA1H	-0.30298	49.49	-4.9E-01	rgb(111,152,236)	1.9698	None
PBX1	STK33	0.30298	49.49	0.487	rgb(222,124,125)	1.9698	None
SOX4	ST8SIA3	-0.30298	49.49	-4.9E-01	rgb(110,152,236)	1.9698	None
SPIB	STARD8	0.30298	49.49	0.529	rgb(223,116,117)	1.9698	None
TFCP2L1	SDK2	0.30298	49.49	0.492	rgb(222,123,124)	1.9698	None
ZFHX2	ZFP28	-0.30298	49.49	-4.9E-01	rgb(111,152,236)	1.9698	None
PRDM16	TUBA1A	-0.3027	49.19	-4.0E-01	rgb(130,164,232)	1.9638	None
TFCP2L1	MIR503HG	-0.3027	49.19	-1.9E-01	rgb(176,192,224)	1.9638	None
FEV	ADAM12	0.3016	49.18	0.175	rgb(219,184,184)	1.9636	None
GATA4	STMN4	0.3016	49.18	0.393	rgb(221,142,143)	1.9636	None
HOXB9	GNG4	-0.3016	49.18	-1.8E-01	rgb(177,193,224)	1.9636	None
HSF2	BAMBI	-0.3016	49.18	-1.8E-01	rgb(178,193,224)	1.9636	None
LMX1A	SPOCK3	0.3016	49.18	0.182	rgb(219,182,183)	1.9636	None
NEUROD2	LINC00930	0.3016	49.18	0.676	rgb(224, 88, 89)	1.9636	2,2
NR4A2	NFRKB	0.3016	49.18	0.178	rgb(219,183,183)	1.9636	None
ZNF519	SPDYE7P	0.3016	49.18	0.184	rgb(219,182,182)	1.9636	None
AEBP1	HV535469	-0.29967	49.48	-4.8E-01	rgb(113,154,235)	1.9696	2,2
ELF4	KLHL32	-0.29967	49.48	-4.8E-01	rgb(112,153,235)	1.9696	None
FEV	NALCN	0.29967	49.48	0.481	rgb(222,125,126)	1.9696	None
HIC1	OSBPL6	0.29967	49.48	0.482	rgb(222,125,126)	1.9696	None
LHX1	CALY	-0.29967	49.17	-1.7E-01	rgb(180,194,223)	1.9634	None
LMX1B	LAPTM5	-0.29967	49.48	-4.8E-01	rgb(113,154,235)	1.9696	None
LMX1B	SLC26A7	0.29967	49.48	0.477	rgb(222,126,127)	1.9696	None
MAFA	VASH2	-0.29967	49.48	-4.8E-01	rgb(113,154,235)	1.9696	None
MAFB	ACOT7	-0.29967	49.48	-4.8E-01	rgb(113,154,235)	1.9696	None
NR4A2	TEAD2	0.29967	49.48	0.567	rgb(223,109,110)	1.9696	None
PAX4	BC015342	-0.29967	49.48	-4.8E-01	rgb(113,154,235)	1.9696	2,2
PAX6	SLC12A5	0.29967	49.17	0.173	rgb(219,184,184)	1.9634	None
TEAD1	CALY	-0.29967	49.48	-4.8E-01	rgb(113,154,235)	1.9696	None
ZNF117	PGM5P2	0.29967	49.48	0.48	rgb(222,125,126)	1.9696	2,2
ETV1	SCGB1A1	0.29939	49.16	0.163	rgb(219,186,186)	1.9632	None
FEV	RASD1	0.29939	49.16	0.236	rgb(220,172,172)	1.9632	None
MAFB	HCP5	0.29912	49.15	0.315	rgb(220,157,157)	1.963	None
ZNF492	AK130076	0.29912	49.15	0.147	rgb(219,189,189)	1.963	2,2
ARX	ST6GALNAC5	0.29843	49.14	0.136	rgb(218,191,191)	1.9628	None
MAFA	P2RX6	0.29843	49.14	0.144	rgb(219,190,190)	1.9628	None
MAFA	TMEM61	0.29843	49.14	0.143	rgb(219,190,190)	1.9628	None
SOX4	CDKN1C	0.29843	49.14	0.144	rgb(219,190,190)	1.9628	None
TFCP2L1	TUBA3FP	-0.29843	49.14	-1.4E-01	rgb(186,198,222)	1.9628	None
RORC	SPC25	-0.29829	49.13	-1.3E-01	rgb(189,200,222)	1.9626	None
ASCL1	AK022997	0.29788	49.11	0.114	rgb(218,195,196)	1.9622	2,2
EGR3	ST8SIA3	-0.29788	49.11	-1.1E-01	rgb(192,202,221)	1.9622	None
PDX1	MYEF2	-0.29788	49.11	-1.1E-01	rgb(194,203,221)	1.9622	None
EGR3	AK054970	-0.29539	49.47	-4.7E-01	rgb(116,156,235)	1.9694	2,2
ETS1	CRLF1	0.29539	49.47	0.471	rgb(222,127,128)	1.9694	None
HIF1A	KCNJ6	-0.29539	49.47	-4.7E-01	rgb(114,154,235)	1.9694	None
LMX1B	EID2	0.29539	49.47	0.468	rgb(222,128,129)	1.9694	None
LMX1B	P2RX6	-0.29539	49.47	-4.7E-01	rgb(115,155,235)	1.9694	None
LMX1B	SCGN	0.29539	49.47	0.472	rgb(222,127,128)	1.9694	None
MAFA	SCIMP	0.29539	49.1	0.098	rgb(218,198,199)	1.962	None
MAFF	PROX1	-0.29539	49.47	-4.7E-01	rgb(116,156,235)	1.9694	None
NEUROG3	MRPL34	0.29539	49.47	0.474	rgb(222,127,127)	1.9694	None
NR4A2	CYP4F24P	-0.29539	49.47	-4.7E-01	rgb(114,154,235)	1.9694	None
NR4A2	DOK6	-0.29539	49.47	-4.7E-01	rgb(116,156,235)	1.9694	None
NR4A2	FFAR2	-0.29539	49.47	-4.7E-01	rgb(115,155,235)	1.9694	None
NR4A2	LOC286297	0.29539	49.47	0.474	rgb(222,127,127)	1.9694	2,2
NR4A3	TP73	-0.29539	49.47	-4.7E-01	rgb(115,155,235)	1.9694	None
ONECUT1	NAV3	0.29539	49.47	0.468	rgb(222,128,129)	1.9694	None
PBX1	KCNN3	-0.29539	49.47	-4.7E-01	rgb(115,155,235)	1.9694	None
SPIB	ID1	0.29539	49.47	0.471	rgb(222,127,128)	1.9694	None
ZNF117	AK094909	0.29539	49.47	0.47	rgb(222,127,128)	1.9694	2,2
ARX	CNGA3	0.29512	49.09	0.089	rgb(218,200,200)	1.9618	None
HOXB9	CFC1	0.29512	49.09	0.086	rgb(218,200,201)	1.9618	None
TGIF2	GDAP1	0.29498	49.07	0.073	rgb(218,203,203)	1.9614	None
MAFB	AMPH	0.29484	49.06	0.064	rgb(218,205,205)	1.9612	None
ETS1	MAFF	-0.2947	49.05	-5.4E-02	rgb(205,210,219)	1.961	None
LMX1A	FSTL5	0.29443	49.04	0.044	rgb(217,209,209)	1.9608	None
ZFHX2	ONECUT2	0.29443	49.04	0.044	rgb(217,209,209)	1.9608	None
ELF4	NFRKB	-0.29429	49.03	-3.1E-02	rgb(210,213,218)	1.9606	None
FEV	NXF2	0.29263	48.98	0.975	rgb(228, 31, 33)	1.9596	2,2
HIC1	DNER	-0.29263	49.46	-4.6E-01	rgb(118,157,234)	1.9692	None
NEUROG3	PLCG2	0.29263	49.46	0.462	rgb(222,129,130)	1.9692	None
NKX2-2	GDAP1	-0.29263	49.46	-4.6E-01	rgb(118,157,234)	1.9692	None
NR4A2	DPYSL4	0.29263	49.46	0.462	rgb(222,129,130)	1.9692	None
PBX1	LINC00643	-0.29263	49.46	-4.6E-01	rgb(117,156,234)	1.9692	None
RFX3	PGA4	0.29263	49.46	0.462	rgb(222,129,130)	1.9692	None
RORC	FAM161A	-0.29263	49.46	-4.6E-01	rgb(117,156,235)	1.9692	None
TEAD1	GPR64	-0.29263	49.46	-4.6E-01	rgb(116,156,235)	1.9692	2,2
ZNF382	GPR119	-0.29263	49.46	-4.6E-01	rgb(117,156,235)	1.9692	2,2
ZNF846	FGF14	-0.29263	49.46	-4.6E-01	rgb(117,156,234)	1.9692	None
FEV	AP3B2	0.29236	48.95	0.953	rgb(227, 35, 37)	1.959	None
FEV	HMP19	0.29236	48.95	0.951	rgb(227, 35, 37)	1.959	2,2
FEV	CD300LF	-0.29222	48.94	-9.4E-01	rgb( 14, 93,253)	1.9588	None
ISL1	PLCXD3	0.29208	48.93	0.934	rgb(227, 39, 40)	1.9586	None
RFX6	SLC6A17	0.29194	48.91	0.913	rgb(227, 43, 45)	1.9582	None
ATF6	LY6H	0.29084	49.45	0.45	rgb(222,131,132)	1.969	2,2
ELF4	STK31	-0.29084	49.45	-4.5E-01	rgb(119,157,234)	1.969	None
GATA2	NCAM1	0.29084	48.88	0.876	rgb(227, 50, 51)	1.9576	2,2
LMX1A	BSN	-0.29084	49.45	-4.5E-01	rgb(119,157,234)	1.969	None
MAFB	FAM155B	0.29084	49.45	0.448	rgb(222,131,132)	1.969	None
ONECUT1	ANKRD20A8P	0.29084	49.45	0.448	rgb(222,131,132)	1.969	2,2
ONECUT1	JAKMIP2	0.29084	49.45	0.446	rgb(222,132,133)	1.969	None
PBX1	GFRA3	-0.29084	49.45	-4.5E-01	rgb(120,158,234)	1.969	None
MXI1	NR4A2	0.29056	48.87	0.87	rgb(227, 51, 53)	1.9574	None
ONECUT3	CELSR3	0.29056	48.87	0.869	rgb(227, 51, 53)	1.9574	None
FOXA1	TMEM151A	0.29042	48.84	0.836	rgb(226, 57, 59)	1.9568	None
NKX2-2	CHRNA3	0.29015	48.83	0.827	rgb(226, 59, 61)	1.9566	2,2
NKX6-1	SSTR1	0.29015	48.83	0.828	rgb(226, 59, 61)	1.9566	None
ETV1	SLC7A14	0.28974	48.81	0.806	rgb(226, 63, 65)	1.9562	None
PRDM16	SSTR3	0.28974	48.81	0.811	rgb(226, 62, 64)	1.9562	None
SOX4	NDRG4	0.28974	48.81	0.812	rgb(226, 62, 64)	1.9562	None
PDX1	HINT1	0.28932	48.8	0.796	rgb(226, 65, 67)	1.956	None
RFX3	BSN	0.28932	48.8	0.799	rgb(226, 64, 66)	1.956	None
TGIF2	CELF4	-0.28932	48.8	-8.0E-01	rgb( 42,111,248)	1.956	None
EGR3	GATA6	0.28698	48.79	0.786	rgb(226, 67, 68)	1.9558	None
ETV1	SMARCA1	0.28698	48.79	0.792	rgb(226, 66, 67)	1.9558	None
LHX1	SDK2	-0.28698	49.44	-4.4E-01	rgb(122,159,234)	1.9688	None
LHX1	STX1A	-0.28698	49.44	-4.4E-01	rgb(121,159,234)	1.9688	None
LMX1B	MEX3B	0.28698	48.79	0.786	rgb(226, 67, 68)	1.9558	None
MAFA	CACNA1C	0.28698	49.44	0.441	rgb(222,133,134)	1.9688	None
NKX2-2	MAPK8IP1	-0.28698	49.44	-4.4E-01	rgb(120,158,234)	1.9688	None
NR4A2	FAM135B	-0.28698	49.44	-6.0E-01	rgb( 86,137,240)	1.9688	None
NR4A2	HHEX	-0.28698	49.44	-4.4E-01	rgb(121,159,234)	1.9688	None
PBX1	ID2	-0.28698	49.44	-4.4E-01	rgb(122,159,234)	1.9688	None
PRDM16	HES4	-0.28698	48.79	-7.9E-01	rgb( 46,113,247)	1.9558	None
SOX4	KCNB2	0.28698	48.79	0.789	rgb(226, 66, 68)	1.9558	None
TFCP2L1	SDPR	0.28698	49.44	0.443	rgb(222,132,133)	1.9688	2,2
ZFHX2	PCSK1	-0.28698	49.44	-4.4E-01	rgb(123,160,234)	1.9688	None
ZFP92	PGM5P2	0.28698	49.44	0.443	rgb(222,132,133)	1.9688	2,2
ZNF117	AK126286	0.28698	49.44	0.706	rgb(225, 82, 84)	1.9688	2,2
ZNF117	FAM106CP	0.28698	49.44	0.442	rgb(222,133,133)	1.9688	2,2
ASCL2	SOCS1	-0.28615	48.78	-7.8E-01	rgb( 47,113,247)	1.9556	None
LTF	RNF157	-0.28615	48.78	-7.8E-01	rgb( 48,114,247)	1.9556	None
NR4A3	SDCBP2-AS1	0.28615	48.78	0.78	rgb(226, 68, 70)	1.9556	None
ONECUT2	SMARCD2	-0.28615	48.78	-7.8E-01	rgb( 47,114,247)	1.9556	None
PAX4	C2CD4A	0.28615	48.78	0.783	rgb(226, 67, 69)	1.9556	None
ZNF846	ADAM20P1	0.28615	48.78	0.776	rgb(226, 69, 70)	1.9556	2,2
PBX1	KAT2B	0.28587	48.77	0.771	rgb(225, 70, 71)	1.9554	None
RORC	GNAO1	0.28587	48.77	0.767	rgb(225, 70, 72)	1.9554	None
ONECUT1	STK31	0.28573	48.76	0.756	rgb(225, 73, 74)	1.9552	None
ARX	SPARC	-0.28284	49.43	-4.3E-01	rgb(124,160,233)	1.9686	None
ETV1	NOL4	0.28284	48.75	0.749	rgb(225, 74, 75)	1.955	None
ETV1	SIM1	0.28284	48.75	0.745	rgb(225, 75, 76)	1.955	None
LMX1A	FOXA1	-0.28284	49.43	-4.3E-01	rgb(123,160,233)	1.9686	None
LMX1A	STXBP1	-0.28284	49.43	-4.3E-01	rgb(124,160,233)	1.9686	None
MAFA	CES1	0.28284	49.43	0.433	rgb(222,134,135)	1.9686	2,2
NR4A2	ELOVL4	-0.28284	49.43	-4.3E-01	rgb(124,160,233)	1.9686	2,2
NR4A2	LSP1	0.28284	49.43	0.43	rgb(222,135,136)	1.9686	None
NR4A3	HMGN3	0.28284	48.75	0.749	rgb(225, 74, 76)	1.955	None
ONECUT1	CRYBA2	0.28284	49.43	0.431	rgb(222,135,135)	1.9686	None
PAX6	RGS9	-0.28284	49.43	-4.3E-01	rgb(124,160,233)	1.9686	None
PBX1	LMX1A	-0.28284	49.43	-4.3E-01	rgb(124,161,233)	1.9686	None
RFX6	LRRC49	0.28284	49.43	0.434	rgb(222,134,135)	1.9686	None
RORC	SMARCD2	0.28284	48.75	0.747	rgb(225, 74, 76)	1.955	None
SIM1	ARX	0.28284	49.43	0.426	rgb(222,136,137)	1.9686	2,2
SIM1	MURC	0.28284	49.43	0.431	rgb(222,135,136)	1.9686	2,2
SOX4	SMTNL2	-0.28284	49.43	-4.3E-01	rgb(123,160,233)	1.9686	None
SPIB	PAM	0.28284	49.43	0.429	rgb(222,135,136)	1.9686	None
TEAD1	SMARCC1	0.28284	49.43	0.483	rgb(222,125,126)	1.9686	None
ZFHX2	CSF1R	0.28284	49.43	0.427	rgb(222,135,136)	1.9686	None
ZNF492	SCIMP	0.28284	48.75	0.75	rgb(225, 74, 75)	1.955	2,2
EGR3	HOMEZ	0.28242	48.74	0.744	rgb(225, 75, 76)	1.9548	None
GATA2	STK31	-0.28242	48.74	-7.4E-01	rgb( 55,119,245)	1.9548	None
MAFA	DLGAP3	-0.28242	48.74	-7.4E-01	rgb( 57,119,245)	1.9548	None
ELF4	GCG	-0.28146	49.42	-4.2E-01	rgb(126,161,233)	1.9684	None
ETS1	ADCY2	0.28146	49.42	0.423	rgb(222,136,137)	1.9684	None
HIC1	HIC1	-0.28146	49.42	-4.2E-01	rgb(126,161,233)	1.9684	None
LHX1	CCK	-0.28146	49.42	-5.3E-01	rgb(101,147,237)	1.9684	None
PAX6	RSAD2	-0.28146	49.42	-4.2E-01	rgb(125,161,233)	1.9684	None
PRDM16	CACNA1E	-0.28146	49.42	-4.2E-01	rgb(125,161,233)	1.9684	None
RORC	SLC51B	0.28146	49.42	0.416	rgb(222,138,138)	1.9684	None
FOXA2	CFH	-0.28063	48.73	-7.3E-01	rgb( 58,120,245)	1.9546	2,2
HSF2	TSHZ1	0.28063	48.73	0.735	rgb(225, 77, 78)	1.9546	None
ONECUT2	SH3GL1P1	0.28063	48.73	0.734	rgb(225, 77, 78)	1.9546	2,2
PDX1	RGS5	-0.28063	48.73	-7.3E-01	rgb( 58,120,245)	1.9546	None
TGIF2	CACNA1C	-0.28063	48.73	-7.3E-01	rgb( 60,121,245)	1.9546	None
TP73	IRF2BP1	0.28063	48.73	0.732	rgb(225, 77, 79)	1.9546	None
LMX1A	SCN2A	0.28035	48.72	0.719	rgb(225, 80, 81)	1.9544	None
TFCP2L1	MTUS2	0.28035	48.72	0.717	rgb(225, 80, 82)	1.9544	None
HES4	FAM64A	0.27897	49.41	0.413	rgb(222,138,139)	1.9682	2,2
MAFF	TMEM190	0.27897	49.41	0.407	rgb(221,139,140)	1.9682	None
ONECUT1	AK123654	0.27897	49.41	0.408	rgb(221,139,140)	1.9682	2,2
PRDM16	NPM2	-0.27897	49.41	-4.1E-01	rgb(129,164,232)	1.9682	None
RORC	FUT1	-0.27897	49.41	-4.1E-01	rgb(128,163,233)	1.9682	None
SOX4	HMGB3	0.27897	49.41	0.41	rgb(222,139,140)	1.9682	None
SPIB	OLFML2B	-0.27897	49.41	-4.1E-01	rgb(129,163,232)	1.9682	None
TEAD1	RAPGEF4	-0.27897	49.41	-4.1E-01	rgb(128,163,233)	1.9682	None
ZFP62	OCLM	0.27897	49.41	0.584	rgb(223,106,107)	1.9682	2,2
ZNF492	IFIT1	-0.27897	49.41	-4.1E-01	rgb(128,163,233)	1.9682	None
FEV	C1QL1	0.27828	48.71	0.711	rgb(225, 81, 83)	1.9542	None
HOMEZ	FLJ35024	-0.27828	48.71	-7.1E-01	rgb( 63,123,244)	1.9542	2,2
LMX1A	SIDT1	-0.27828	48.71	-7.1E-01	rgb( 63,123,244)	1.9542	None
LTF	MARCH4	-0.27828	48.71	-7.1E-01	rgb( 62,123,244)	1.9542	2,2
ZNF846	SSTR5	-0.27828	48.71	-7.1E-01	rgb( 64,124,244)	1.9542	None
ASCL1	PPM1E	0.27746	48.7	0.697	rgb(225, 84, 85)	1.954	None
ATOH8	KIT	0.27746	48.7	0.696	rgb(225, 84, 85)	1.954	2,2
FOXA1	SH3RF3	-0.27746	48.7	-7.0E-01	rgb( 65,125,244)	1.954	None
HIF1A	EVL	-0.27746	48.7	-7.0E-01	rgb( 65,125,244)	1.954	None
HSF2	KANK2	0.27746	48.7	0.703	rgb(225, 83, 84)	1.954	None
NR4A3	SLC35F3	0.27746	48.7	0.704	rgb(225, 83, 84)	1.954	None
FOXA1	DLL1	-0.27649	48.69	-6.9E-01	rgb( 67,126,243)	1.9538	None
HSF2	EYA4	0.27649	48.69	0.686	rgb(225, 86, 87)	1.9538	None
ONECUT2	ZFHX2	0.27649	48.69	0.693	rgb(225, 85, 86)	1.9538	None
PDX1	NEGR1	0.27649	48.69	0.686	rgb(225, 86, 87)	1.9538	None
SMAD9	SIDT1	0.27649	48.69	0.688	rgb(225, 86, 87)	1.9538	None
SMAD9	ZFP82	0.27649	48.69	0.695	rgb(225, 84, 86)	1.9538	None
ZFHX2	RBFOX2	0.27649	49.3	0.692	rgb(225, 85, 86)	1.966	None
ASCL2	MYEF2	-0.27414	49.4	-4.0E-01	rgb(130,164,232)	1.968	None
ETS1	PTPN22	-0.27414	49.4	-4.0E-01	rgb(129,164,232)	1.968	None
FEV	SCG5	0.27414	49.4	0.402	rgb(221,140,141)	1.968	None
GATA4	CPB1	0.27414	49.4	0.395	rgb(221,142,142)	1.968	None
GATA4	PCSK1	0.27414	49.4	0.404	rgb(221,140,141)	1.968	None
HOXB9	ZCCHC18	0.27414	49.4	0.404	rgb(221,140,141)	1.968	None
LMX1B	KSR2	0.27414	49.4	0.396	rgb(221,141,142)	1.968	None
MAFB	SDK2	0.27414	49.4	0.402	rgb(221,140,141)	1.968	None
MYRF	AK126286	-0.27414	49.4	-4.0E-01	rgb(130,164,232)	1.968	2,2
NEUROG3	LRRN2	0.27414	49.4	0.588	rgb(223,105,106)	1.968	None
NR4A2	ASIC4	0.27414	49.4	0.396	rgb(221,141,142)	1.968	None
NR4A2	SPOCK3	-0.27414	49.4	-4.0E-01	rgb(130,164,232)	1.968	None
NR4A3	GPR148	0.27414	49.4	0.399	rgb(221,141,142)	1.968	None
ONECUT1	PBOV1	0.27414	49.4	0.405	rgb(221,140,140)	1.968	None
RFX2	BAIAP3	0.27414	49.4	0.404	rgb(221,140,141)	1.968	None
ST18	LPPR3	-0.27414	49.4	-4.0E-01	rgb(131,165,232)	1.968	2,2
ZFHX2	FFAR3	-0.27414	49.4	-4.0E-01	rgb(129,164,232)	1.968	2,2
ASCL1	MYT1	0.27345	48.68	0.684	rgb(225, 86, 88)	1.9536	None
LMX1A	DDC	0.27345	48.68	0.684	rgb(225, 86, 88)	1.9536	None
MAFB	DUSP2	0.27345	48.68	0.68	rgb(224, 87, 88)	1.9536	None
NKX2-2	PTPN22	-0.27345	48.68	-6.8E-01	rgb( 69,127,243)	1.9536	None
TGIF2	INSRR	0.27345	48.68	0.678	rgb(224, 88, 89)	1.9536	None
FOXP2	STXBP5L	-0.27263	48.67	-6.7E-01	rgb( 71,128,242)	1.9534	None
ONECUT2	USP32P2	0.27263	48.67	0.667	rgb(224, 90, 91)	1.9534	None
TEAD2	SMARCA1	-0.27263	48.67	-6.7E-01	rgb( 71,128,243)	1.9534	None
TFCP2L1	BAMBI	-0.27263	48.67	-6.7E-01	rgb( 72,129,242)	1.9534	None
TP73	SSBP2	-0.27263	48.67	-6.7E-01	rgb( 71,128,243)	1.9534	None
ZFHX2	AGAP11	0.27263	48.67	0.674	rgb(224, 88, 90)	1.9534	None
HSF2	SAMD5	0.27249	48.66	0.66	rgb(224, 91, 92)	1.9532	None
ARX	MIR137HG	0.27194	48.65	0.653	rgb(224, 92, 94)	1.953	None
MAFF	MFAP2	0.27194	48.65	0.647	rgb(224, 94, 95)	1.953	2,2
ONECUT3	GCH1	-0.27194	48.65	-6.5E-01	rgb( 76,131,242)	1.953	None
TGIF2	CCDC40	0.27194	48.65	0.652	rgb(224, 92, 94)	1.953	None
ATOH8	IGHG1	0.26987	49.39	0.389	rgb(221,143,143)	1.9678	2,2
ELF4	GADD45A	0.26987	49.39	0.389	rgb(221,143,143)	1.9678	None
ELF4	GPC6	-0.26987	49.39	-3.9E-01	rgb(133,166,232)	1.9678	None
LMX1A	RPS6KL1	-0.26987	49.39	-3.9E-01	rgb(133,166,232)	1.9678	None
LMX1B	DPP10	0.26987	49.39	0.388	rgb(221,143,144)	1.9678	None
MAFF	AMER3	0.26987	49.39	0.389	rgb(221,143,144)	1.9678	None
MYT1	PCDH17	0.26987	49.39	0.391	rgb(221,142,143)	1.9678	2,2
NKX2-2	SPRED3	-0.26987	49.39	-3.9E-01	rgb(133,166,232)	1.9678	None
NR4A2	AK074396	0.26987	49.39	0.394	rgb(221,142,143)	1.9678	2,2
NR4A3	SGCD	0.26987	49.39	0.387	rgb(221,143,144)	1.9678	None
ONECUT1	RBFOX2	0.26987	49.39	0.388	rgb(221,143,144)	1.9678	None
RFX6	EML1	0.26987	49.39	0.391	rgb(221,142,143)	1.9678	None
SPIB	ITGBL1	0.26987	49.39	0.388	rgb(221,143,144)	1.9678	None
ZFHX2	LPPR5	-0.26987	49.39	-3.9E-01	rgb(132,165,232)	1.9678	2,2
ZNF117	AK125858	0.26987	49.39	0.388	rgb(221,143,144)	1.9678	2,2
GATA6	TMEFF2	-0.26876	48.64	-6.4E-01	rgb( 78,132,241)	1.9528	None
GATA6	TSPAN11	-0.26876	48.64	-6.4E-01	rgb( 78,133,241)	1.9528	None
HIF1A	SMARCC1	0.26876	48.64	0.635	rgb(224, 96, 97)	1.9528	None
LMX1A	MEP1B	0.26876	48.64	0.636	rgb(224, 95, 97)	1.9528	None
NR4A2	CAMK2N2	-0.26876	48.64	-6.4E-01	rgb( 79,133,241)	1.9528	None
NR4A3	SLC7A2	0.26876	48.64	0.645	rgb(224, 94, 95)	1.9528	None
PRDM16	EIF4EBP3	-0.26876	48.64	-6.4E-01	rgb( 79,133,241)	1.9528	None
RORC	CBX2	0.26876	48.64	0.636	rgb(224, 95, 97)	1.9528	None
FEV	GSTM2	0.2678	49.38	0.383	rgb(221,144,145)	1.9676	None
NR4A2	FTCD	-0.2678	49.38	-3.8E-01	rgb(134,167,232)	1.9676	None
NR4A2	SBK1	0.2678	49.38	0.381	rgb(221,144,145)	1.9676	None
NR4A2	SLC38A3	0.2678	49.38	0.375	rgb(221,145,146)	1.9676	None
PBX1	MCF2L	0.2678	49.38	0.383	rgb(221,144,145)	1.9676	None
PRDM16	RFX2	0.2678	49.38	0.377	rgb(221,145,146)	1.9676	None
ZFHX2	RUNX1T1	-0.2678	49.38	-3.8E-01	rgb(135,167,231)	1.9676	None
ETV1	MYEF2	0.26669	48.63	0.634	rgb(224, 96, 97)	1.9526	None
GLIS2	DKFZP434K028	-0.26669	48.63	-6.3E-01	rgb( 81,134,241)	1.9526	2,2
LTF	GPR119	-0.26669	48.63	-6.3E-01	rgb( 80,134,241)	1.9526	2,2
MAFA	NREP	0.26669	48.63	0.628	rgb(224, 97, 98)	1.9526	None
MXI1	DQ583756	-0.26669	48.63	-6.3E-01	rgb( 80,134,241)	1.9526	2,2
SMAD9	PMP22	0.26669	48.63	0.625	rgb(224, 98, 99)	1.9526	None
SOX4	MUC5AC	-0.26669	48.63	-6.3E-01	rgb( 81,134,241)	1.9526	2,2
SOX4	TMEM200A	0.26669	48.63	0.627	rgb(224, 97, 98)	1.9526	None
ARX	ONECUT2	0.26559	49.37	0.367	rgb(221,147,148)	1.9674	None
GATA4	KCNMA1	0.26559	49.37	0.373	rgb(221,146,147)	1.9674	None
MAFA	RAB3C	0.26559	49.37	0.366	rgb(221,147,148)	1.9674	None
MAFF	EPHB3	-0.26559	49.37	-3.7E-01	rgb(136,168,231)	1.9674	None
MYRF	AK091275	-0.26559	49.37	-3.7E-01	rgb(137,168,231)	1.9674	2,2
ZFP82	LOC100128288	-0.26559	49.37	-3.7E-01	rgb(137,168,231)	1.9674	2,2
ZFP82	ZCCHC18	-0.26559	49.37	-3.7E-01	rgb(137,168,231)	1.9674	None
ZNF382	RFX2	-0.26559	49.37	-3.7E-01	rgb(137,168,231)	1.9674	None
ARX	TAGLN3	0.26449	48.62	0.618	rgb(224, 99,100)	1.9524	None
ASCL2	PAK7	0.26449	48.62	0.621	rgb(224, 98,100)	1.9524	2,2
ATF6	SDCBP2-AS1	-0.26449	48.62	-6.2E-01	rgb( 82,135,241)	1.9524	None
FEV	AK095045	0.26449	48.62	0.616	rgb(224, 99,101)	1.9524	2,2
FEV	REEP2	0.26449	48.62	0.617	rgb(224, 99,100)	1.9524	None
GATA4	CACNA1E	0.26449	48.62	0.621	rgb(224, 98,100)	1.9524	None
MAFA	MARCH4	-0.26449	48.62	-6.2E-01	rgb( 83,135,241)	1.9524	2,2
MAFA	SLC38A5	0.26449	48.62	0.622	rgb(224, 98,100)	1.9524	None
HSF2	POU6F1	-0.26311	49.36	-3.6E-01	rgb(138,169,231)	1.9672	None
LHX1	MPP2	-0.26311	49.36	-3.6E-01	rgb(140,170,231)	1.9672	None
MAFB	BCRP3	-0.26311	49.36	-3.6E-01	rgb(138,169,231)	1.9672	None
NEUROD1	TMOD1	0.26311	49.36	0.358	rgb(221,149,149)	1.9672	None
NEUROG3	TMEM158	0.26311	49.36	0.358	rgb(221,149,149)	1.9672	None
NHLH1	DZIP1	-0.26311	49.36	-3.6E-01	rgb(138,169,231)	1.9672	None
RFX6	STK33	0.26311	49.36	0.365	rgb(221,147,148)	1.9672	None
ZFHX2	FAXC	-0.26311	49.36	-3.6E-01	rgb(138,169,231)	1.9672	None
ZFP82	H2AFB3	-0.26311	49.36	-3.6E-01	rgb(140,170,231)	1.9672	2,2
ZNF846	UCN3	-0.26311	49.36	-5.5E-01	rgb( 98,144,238)	1.9672	None
FEV	PRKCG	0.26228	48.61	0.614	rgb(224,100,101)	1.9522	None
HSF2	TCTEX1D4	-0.26228	48.61	-6.1E-01	rgb( 85,137,240)	1.9522	None
LHX1	CTTNBP2	-0.26228	48.61	-6.1E-01	rgb( 84,136,240)	1.9522	None
MAFB	ENPP1	0.26228	48.61	0.612	rgb(224,100,101)	1.9522	None
ONECUT3	USP32P2	-0.26228	48.61	-6.1E-01	rgb( 84,136,240)	1.9522	None
RORC	PDZRN3	0.26228	48.61	0.605	rgb(224,101,103)	1.9522	None
EGR3	LYPD8	-0.26118	48.6	-6.0E-01	rgb( 87,138,240)	1.952	2,2
LHX1	ADAM12	-0.26118	48.6	-6.0E-01	rgb( 86,137,240)	1.952	None
NHLH1	SDK2	0.26118	48.6	0.596	rgb(224,103,104)	1.952	None
NR4A3	PNMAL1	0.26118	48.6	0.603	rgb(224,102,103)	1.952	2,2
RORC	RFX3	0.26118	48.6	0.6	rgb(224,102,104)	1.952	None
TEAD2	FOXA1	0.26118	48.6	0.605	rgb(224,102,103)	1.952	None
TGIF2	CIT	0.26118	48.6	0.602	rgb(224,102,103)	1.952	None
ZNF846	PGF	-0.26118	48.6	-6.0E-01	rgb( 88,138,240)	1.952	None
ATF6	SYT5	0.25897	49.35	0.352	rgb(221,150,150)	1.967	None
EGR3	CRIP1	0.25897	49.35	0.352	rgb(221,150,151)	1.967	None
ELF4	SPEG	-0.25897	49.35	-3.5E-01	rgb(140,170,230)	1.967	None
GATA4	UCN3	0.25897	49.35	0.349	rgb(221,150,151)	1.967	None
MXI1	SV2A	-0.25897	49.35	-3.5E-01	rgb(141,171,230)	1.967	None
NHLH1	CLGN	0.25897	49.35	0.347	rgb(221,151,151)	1.967	None
NR4A2	BCRP3	-0.25897	49.35	-3.6E-01	rgb(140,170,231)	1.967	None
NR4A2	CRYBA2	-0.25897	49.35	-3.5E-01	rgb(142,171,230)	1.967	None
PAX6	RCOR2	-0.25897	49.35	-3.5E-01	rgb(142,171,230)	1.967	None
PBX1	PALMD	-0.25897	49.35	-3.5E-01	rgb(141,171,230)	1.967	None
PRDM16	TPST2	-0.25897	49.35	-3.5E-01	rgb(142,171,230)	1.967	None
RFX6	MMD2	0.25897	49.35	0.351	rgb(221,150,151)	1.967	None
RORC	SGCD	0.25897	49.35	0.518	rgb(223,118,119)	1.967	None
SIM1	GABRB3	0.25897	49.35	0.348	rgb(221,151,151)	1.967	2,2
SOX4	RET	-0.25897	49.35	-3.5E-01	rgb(142,171,230)	1.967	None
SPIB	USP13	-0.25897	49.35	-3.5E-01	rgb(142,171,230)	1.967	None
FOXA1	CBX7	-0.25814	48.59	-5.9E-01	rgb( 89,139,239)	1.9518	None
GATA4	TFPI2	-0.25814	48.59	-5.9E-01	rgb( 90,139,239)	1.9518	None
GATA6	CBX4	0.25814	48.59	0.588	rgb(223,105,106)	1.9518	None
LHX1	CREBRF	-0.25814	48.59	-5.9E-01	rgb( 89,139,239)	1.9518	None
MAFA	GPR119	-0.25814	48.59	-5.9E-01	rgb( 90,140,239)	1.9518	2,2
NR4A2	WNT9A	-0.25814	48.59	-5.9E-01	rgb( 89,139,239)	1.9518	None
ELF4	TMEM145	-0.25717	49.34	-3.4E-01	rgb(144,173,230)	1.9668	None
NR4A2	SLC14A2	0.25717	49.34	0.42	rgb(222,137,138)	1.9668	None
ONECUT1	BC006435	0.25717	49.34	0.336	rgb(221,153,153)	1.9668	2,2
ONECUT1	PODXL2	0.25717	49.34	0.335	rgb(221,153,154)	1.9668	None
TEAD2	CELF4	-0.25717	49.34	-3.4E-01	rgb(143,172,230)	1.9668	None
ZFHX2	CBX7	-0.25717	49.34	-3.4E-01	rgb(142,172,230)	1.9668	None
ZNF117	AX747775	0.25717	49.34	0.339	rgb(221,152,153)	1.9668	2,2
EGR3	ANKRD13B	0.25607	48.58	0.575	rgb(223,107,108)	1.9516	None
ELF4	NEUROG3	-0.25607	48.58	-5.8E-01	rgb( 92,141,239)	1.9516	2,2
MAFB	FSTL5	0.25607	48.58	0.575	rgb(223,107,108)	1.9516	None
ONECUT1	KCNMB2	0.25607	48.58	0.581	rgb(223,106,107)	1.9516	None
TGIF2	ADNP	0.25607	48.58	0.579	rgb(223,106,108)	1.9516	None
TP73	CADM3	-0.25607	48.58	-5.8E-01	rgb( 91,141,239)	1.9516	None
ZFP82	SMOC2	0.25607	48.58	0.584	rgb(223,105,107)	1.9516	None
ZNF519	CRYBA2	-0.25607	48.58	-5.8E-01	rgb( 91,140,239)	1.9516	None
EGR3	RFX6	-0.25497	49.33	-3.3E-01	rgb(145,173,230)	1.9666	None
NEUROG3	CORO2B	0.25497	49.33	0.333	rgb(221,153,154)	1.9666	None
NR4A2	HMGN3	-0.25497	49.33	-3.3E-01	rgb(145,173,230)	1.9666	None
PRDM16	FAM71E2	0.25497	49.33	0.334	rgb(221,153,154)	1.9666	None
SIM1	GPR64	0.25497	49.33	0.326	rgb(221,155,155)	1.9666	2,2
SPIB	TRPC7	0.25497	49.33	0.327	rgb(221,155,155)	1.9666	None
TEAD1	FAM131B	-0.25497	49.33	-3.3E-01	rgb(146,174,229)	1.9666	None
TFCP2L1	ATOH8	0.25497	49.33	0.326	rgb(221,155,155)	1.9666	None
FOXA1	AGAP11	-0.25428	48.57	-5.7E-01	rgb( 93,142,239)	1.9514	None
GATA6	MPP1	0.25428	48.57	0.567	rgb(223,109,110)	1.9514	None
PDX1	CSF1R	-0.25428	48.57	-5.7E-01	rgb( 94,142,238)	1.9514	None
RFX3	TUBA1A	-0.25428	48.57	-5.7E-01	rgb( 94,142,239)	1.9514	None
SMAD9	KCTD12	0.25428	48.57	0.575	rgb(223,107,108)	1.9514	None
ELF4	GIP	-0.25317	49.32	-3.2E-01	rgb(147,174,229)	1.9664	None
ELF4	PRICKLE2	-0.25317	49.32	-3.2E-01	rgb(147,175,229)	1.9664	None
GATA4	SNAP25	0.25317	49.32	0.317	rgb(220,156,157)	1.9664	None
GLIS2	AX748379	-0.25317	49.32	-3.2E-01	rgb(149,175,229)	1.9664	2,2
LHX1	MLN	-0.25317	49.32	-3.2E-01	rgb(147,174,229)	1.9664	None
NR4A2	CALY	-0.25317	49.32	-3.2E-01	rgb(147,174,229)	1.9664	None
RFX6	ICA1L	0.25317	49.32	0.316	rgb(220,157,157)	1.9664	None
SIM1	FAM181B	0.25317	49.32	0.316	rgb(220,157,157)	1.9664	2,2
FOXA1	CACNA1E	-0.25193	48.56	-5.6E-01	rgb( 95,143,238)	1.9512	None
FOXA2	FGF2	-0.25193	48.56	-5.6E-01	rgb( 95,143,238)	1.9512	None
FOXA2	RGS14	0.25193	48.56	0.558	rgb(223,110,112)	1.9512	None
NKX6-1	POM121L9P	-0.25193	48.56	-5.6E-01	rgb( 96,143,238)	1.9512	None
PBX1	SESN2	0.25193	48.56	0.563	rgb(223,109,111)	1.9512	None
RORC	TSHZ1	0.25193	48.56	0.556	rgb(223,111,112)	1.9512	None
ST18	TMEM61	0.25193	48.56	0.563	rgb(223,109,111)	1.9512	None
TP73	SIDT1	0.25193	48.56	0.562	rgb(223,110,111)	1.9512	None
ZNF853	RASL10B	0.25193	48.56	0.562	rgb(223,110,111)	1.9512	2,2
FOXA1	GOLGA7B	-0.25124	48.55	-5.5E-01	rgb( 98,144,238)	1.951	None
GATA6	CRIP2	0.25124	48.55	0.555	rgb(223,111,112)	1.951	None
GATA6	STK33	-0.25124	48.55	-5.5E-01	rgb( 98,144,238)	1.951	None
TEAD2	CELF5	0.25124	48.55	0.572	rgb(223,108,109)	1.951	None
ZFHX2	CBX2	0.25124	48.55	0.553	rgb(223,111,112)	1.951	None
ELF4	SPON1	-0.24986	49.31	-3.1E-01	rgb(150,176,229)	1.9662	None
HSF2	NALCN	0.24986	49.31	0.369	rgb(221,146,147)	1.9662	None
LHX1	CYMP	-0.24986	49.31	-3.1E-01	rgb(150,176,229)	1.9662	None
LMX1B	AX747853	0.24986	49.31	0.307	rgb(220,158,159)	1.9662	2,2
MYRF	ANKRD36B	-0.24986	49.31	-3.1E-01	rgb(150,176,229)	1.9662	2,2
NR4A2	PCDHB15	0.24986	49.31	0.306	rgb(220,159,159)	1.9662	None
RFX2	GPR173	0.24986	49.31	0.681	rgb(224, 87, 88)	1.9662	None
TFCP2L1	CAMK2N2	0.24986	49.31	0.312	rgb(220,157,158)	1.9662	None
ZFHX2	FAM171B	-0.24986	49.31	-3.1E-01	rgb(149,176,229)	1.9662	None
ZNF117	AK094325	0.24986	49.31	0.307	rgb(220,158,159)	1.9662	2,2
ATF6	RBFOX2	0.24917	48.54	0.541	rgb(223,114,115)	1.9508	None
ETS1	DNER	-0.24917	48.54	-5.4E-01	rgb(100,146,237)	1.9508	None
MAFA	CNTD2	0.24917	48.54	0.545	rgb(223,113,114)	1.9508	None
PDX1	MTSS1	0.24917	48.54	0.543	rgb(223,113,114)	1.9508	None
TEAD2	BC107568	0.24917	48.54	0.536	rgb(223,115,116)	1.9508	2,2
EGR3	CCDC162P	-0.24793	49.3	-3.0E-01	rgb(152,178,228)	1.966	None
HES4	KCNF1	0.24793	49.3	0.304	rgb(220,159,159)	1.966	None
LMX1A	EMB	0.24793	49.3	0.295	rgb(220,161,161)	1.966	None
LMX1B	ATP8B2	-0.24793	49.3	-3.0E-01	rgb(152,177,228)	1.966	None
NEUROD1	TMEM61	0.24793	49.3	0.299	rgb(220,160,160)	1.966	None
NR4A2	GPC6	-0.24793	49.3	-3.0E-01	rgb(151,177,229)	1.966	None
RFX6	TMEM200A	0.24793	49.3	0.477	rgb(222,126,127)	1.966	None
RORC	UNC13A	-0.24793	49.3	-3.5E-01	rgb(142,171,230)	1.966	None
SIM1	LINC00890	0.24793	49.3	0.298	rgb(220,160,161)	1.966	2,2
ASCL1	DNER	0.24641	48.53	0.533	rgb(223,115,116)	1.9506	None
ETS1	CDKN1A	0.24641	48.53	0.529	rgb(223,116,117)	1.9506	None
FOXA1	RPLP0P2	-0.24641	48.53	-5.3E-01	rgb(102,147,237)	1.9506	None
GATA2	CAMK2N2	0.24641	48.53	0.531	rgb(223,116,117)	1.9506	None
MAFA	SLC16A12	0.24641	48.53	0.532	rgb(223,115,116)	1.9506	None
NR4A2	REM2	-0.24641	48.53	-5.3E-01	rgb(101,146,237)	1.9506	None
PAX6	MYO3A	0.24641	48.53	0.531	rgb(223,116,117)	1.9506	None
PBX1	TMEM70	-0.24641	48.53	-5.3E-01	rgb(101,147,237)	1.9506	None
RORC	LRRC10B	0.24641	48.53	0.529	rgb(223,116,117)	1.9506	None
SMAD9	LRRC10B	0.24641	48.53	0.526	rgb(223,117,118)	1.9506	None
ZNF492	SCN2A	0.24641	48.53	0.525	rgb(223,117,118)	1.9506	None
ATF6	PDZD4	0.24558	49.29	0.292	rgb(220,161,162)	1.9658	None
ELF4	MUC16	-0.24558	49.29	-2.9E-01	rgb(153,178,228)	1.9658	None
GATA2	SPEG	0.24558	49.29	0.287	rgb(220,162,163)	1.9658	None
MAFB	TMEM212	0.24558	49.29	0.289	rgb(220,162,162)	1.9658	None
RFX3	KNDC1	0.24558	49.29	0.303	rgb(220,159,160)	1.9658	None
RFX3	LMX1B	0.24558	49.29	0.294	rgb(220,161,161)	1.9658	None
ARX	SBK1	-0.24476	49.28	-2.8E-01	rgb(157,181,228)	1.9656	None
ELF4	KCNH3	-0.24476	49.28	-2.8E-01	rgb(156,180,228)	1.9656	None
HSF2	TSSK4	0.24476	49.28	0.45	rgb(222,131,132)	1.9656	None
LHX1	FAM161A	-0.24476	49.28	-2.8E-01	rgb(156,180,228)	1.9656	None
ONECUT1	MYT1	0.24476	49.28	0.28	rgb(220,163,164)	1.9656	None
ZNF492	ALAS2	-0.24476	49.28	-2.8E-01	rgb(156,180,228)	1.9656	None
ETS1	ATF5	-0.24324	48.52	-5.2E-01	rgb(104,148,237)	1.9504	None
ETS1	CYP27A1	0.24324	48.52	0.522	rgb(223,117,118)	1.9504	None
FOXA1	BAMBI	0.24324	48.52	0.519	rgb(223,118,119)	1.9504	None
FOXA2	ITPR1	0.24324	48.52	0.522	rgb(223,117,118)	1.9504	None
GATA6	ABCA9	-0.24324	48.52	-5.2E-01	rgb(105,149,237)	1.9504	None
MAFA	LINC00310	0.24324	48.52	0.518	rgb(223,118,119)	1.9504	None
NR4A3	C2CD4B	0.24324	48.52	0.519	rgb(223,118,119)	1.9504	None
PDX1	APBB1	0.24324	48.52	0.52	rgb(223,118,119)	1.9504	None
SOX4	ADCY1	0.24324	48.52	0.521	rgb(223,118,119)	1.9504	None
SOX4	APLN	0.24324	48.52	0.521	rgb(223,118,119)	1.9504	None
ZFHX2	CELF3	0.24324	48.52	0.522	rgb(223,117,118)	1.9504	None
ARNT2	CCDC40	-0.24241	49.27	-2.7E-01	rgb(159,182,227)	1.9654	None
GATA6	FW340055	0.24241	49.27	0.268	rgb(220,166,166)	1.9654	2,2
LMX1B	SOGA3	0.24241	49.27	0.272	rgb(220,165,166)	1.9654	None
NKX2-2	ASIC4	-0.24241	49.27	-2.7E-01	rgb(159,182,227)	1.9654	None
RFX3	CADPS	-0.24241	49.27	-2.7E-01	rgb(158,181,227)	1.9654	None
ZFHX2	GIP	-0.24241	49.27	-2.7E-01	rgb(158,181,227)	1.9654	None
ARX	GCG	0.24214	49.26	0.48	rgb(222,125,126)	1.9652	None
ONECUT2	PAM	-0.24214	49.26	-2.6E-01	rgb(161,183,227)	1.9652	None
ARX	FAM131B	-0.24172	49.25	-2.5E-01	rgb(163,184,226)	1.965	None
ETS1	RCOR3	-0.24172	49.25	-2.5E-01	rgb(162,184,227)	1.965	None
MAFB	MLXIPL	0.24172	49.25	0.248	rgb(220,170,170)	1.965	None
ETS1	ZCCHC18	-0.23979	48.51	-5.1E-01	rgb(106,150,236)	1.9502	None
ETV1	G0S2	0.23979	48.51	0.515	rgb(223,119,120)	1.9502	None
FOXP2	SLC14A2	0.23979	48.51	0.51	rgb(223,120,121)	1.9502	None
HIF1A	CPA1	-0.23979	48.51	-5.1E-01	rgb(106,150,236)	1.9502	None
HMGN3	SERF2-C15ORF63	0.23979	48.51	0.505	rgb(223,121,122)	1.9502	2,2
HOXB9	CCL19	0.23979	48.51	0.561	rgb(223,110,111)	1.9502	None
LHX1	BRSK2	0.23979	48.51	0.51	rgb(223,120,121)	1.9502	None
MAFA	SPAG8	0.23979	48.51	0.513	rgb(223,119,120)	1.9502	None
ONECUT3	DENND2A	-0.23979	48.51	-5.1E-01	rgb(107,150,236)	1.9502	None
RORC	CABP7	0.23979	48.51	0.51	rgb(223,120,121)	1.9502	None
RORC	CHST8	0.23979	48.51	0.508	rgb(223,120,121)	1.9502	None
TFCP2L1	CDKN1A	-0.23979	48.51	-5.1E-01	rgb(105,149,237)	1.9502	None
TFCP2L1	NINJ1	-0.23979	48.51	-5.1E-01	rgb(107,150,236)	1.9502	None
ZFP62	PLCE1-AS1	0.23979	48.51	0.511	rgb(223,119,121)	1.9502	2,2
GATA4	PLCXD3	0.2391	49.24	0.244	rgb(220,170,171)	1.9648	None
NEUROD2	LOC145837	0.2391	49.24	0.24	rgb(220,171,172)	1.9648	2,2
ONECUT1	STARD9	0.2391	49.24	0.237	rgb(220,172,172)	1.9648	None
PDX1	TMEM178B	-0.2391	49.24	-2.4E-01	rgb(166,186,226)	1.9648	None
RFX6	RET	0.2391	49.24	0.238	rgb(220,172,172)	1.9648	None
ETS1	RAB3C	0.23855	49.23	0.229	rgb(220,173,174)	1.9646	None
GATA2	CELF4	0.23855	49.23	0.227	rgb(220,174,174)	1.9646	None
LMX1B	SH2D3C	0.23855	49.23	0.538	rgb(223,114,115)	1.9646	None
RFX6	ADD2	0.23855	49.23	0.227	rgb(219,174,174)	1.9646	None
ARX	BEND5	-0.23689	49.22	-2.2E-01	rgb(170,188,225)	1.9644	None
ETS1	PHLDA2	-0.23689	48.5	-5.0E-01	rgb(109,151,236)	1.95	None
ETS1	TLE3	0.23689	48.5	0.502	rgb(223,121,122)	1.95	None
FOXP2	PTCH1	0.23689	48.5	0.498	rgb(222,122,123)	1.95	None
NR4A2	IRF2BP1	0.23689	49.22	0.219	rgb(219,175,176)	1.9644	None
PDX1	GCG	0.23689	49.22	0.218	rgb(219,175,176)	1.9644	None
SOX4	BRSK1	0.23689	48.5	0.503	rgb(223,121,122)	1.95	None
SOX4	DZIP1	-0.23689	48.5	-5.0E-01	rgb(107,150,236)	1.95	None
TFCP2L1	MBOAT4	0.23689	48.5	0.497	rgb(222,122,123)	1.95	None
TFCP2L1	SOCS1	-0.23689	48.5	-5.0E-01	rgb(109,151,236)	1.95	None
TFCP2L1	TDRD6	0.23689	48.5	0.505	rgb(223,121,122)	1.95	2,2
ZNF519	NR4A3	0.23689	48.5	0.499	rgb(222,122,123)	1.95	None
KCNIP3	GPR64	0.2362	49.21	0.212	rgb(219,177,177)	1.9642	2,2
LMX1A	ZNF519	0.2362	49.21	0.211	rgb(219,177,177)	1.9642	None
NEUROG3	BAI1	0.2362	49.21	0.213	rgb(219,176,177)	1.9642	2,2
PDX1	SBK1	0.2362	49.21	0.311	rgb(220,158,158)	1.9642	None
ZNF846	LDB1	-0.2362	49.21	-4.8E-01	rgb(113,154,235)	1.9642	None
MXI1	FGF14	-0.23551	49.2	-2.0E-01	rgb(174,191,225)	1.964	None
NEUROD1	TRPM2	0.23551	49.2	0.203	rgb(219,178,179)	1.964	None
PRDM16	KCNK16	-0.23551	49.2	-2.0E-01	rgb(174,191,225)	1.964	None
ZFHX2	AK096718	-0.23551	49.2	-2.0E-01	rgb(173,190,225)	1.964	2,2
ZNF846	HLA-DPA1	-0.23551	49.2	-4.1E-01	rgb(129,163,232)	1.964	None
NEUROG3	CDH5	0.23538	49.19	0.189	rgb(219,181,181)	1.9638	None
HES4	GYLTL1B	0.23482	49.18	0.183	rgb(219,182,182)	1.9636	2,2
ISL1	TEAD1	0.23482	49.18	0.179	rgb(219,183,183)	1.9636	None
ZFHX2	C1QL1	-0.23482	49.18	-1.8E-01	rgb(179,194,224)	1.9636	None
ZNF117	LOC284581	0.23482	49.18	0.18	rgb(219,183,183)	1.9636	2,2
ASCL1	CRISPLD1	0.23206	48.49	0.487	rgb(222,124,125)	1.9498	2,2
EGR3	NEGR1	0.23206	48.49	0.492	rgb(222,123,124)	1.9498	None
ETS1	PBOV1	-0.23206	48.49	-4.9E-01	rgb(110,152,236)	1.9498	None
GATA4	MTUS2	-0.23206	48.49	-4.9E-01	rgb(111,152,236)	1.9498	None
HOXB9	FAM161A	0.23206	48.49	0.486	rgb(222,124,125)	1.9498	None
HSF2	DCHS1	0.23206	48.49	0.492	rgb(222,123,124)	1.9498	None
HSF2	PRDM16	-0.23206	48.49	-4.9E-01	rgb(110,152,236)	1.9498	None
NEUROG3	POU6F1	-0.23206	48.49	-4.9E-01	rgb(110,152,236)	1.9498	None
NR4A3	LEFTY1	0.23206	48.49	0.492	rgb(222,123,124)	1.9498	None
ONECUT3	MRC1	0.23206	48.49	0.486	rgb(222,124,125)	1.9498	2,2
PBX1	HES4	-0.23206	48.49	-4.9E-01	rgb(112,153,235)	1.9498	None
PDX1	H1FX-AS1	0.23206	48.49	0.495	rgb(222,123,123)	1.9498	None
PDX1	USP13	-0.23206	48.49	-4.9E-01	rgb(110,152,236)	1.9498	None
RFX3	MMD2	0.23206	48.49	0.494	rgb(222,123,124)	1.9498	None
RORC	TP73	0.23206	48.49	0.489	rgb(222,124,125)	1.9498	None
SOX4	LMO3	-0.23206	48.49	-4.9E-01	rgb(111,152,236)	1.9498	None
SOX4	MBOAT4	0.23206	48.49	0.493	rgb(222,123,124)	1.9498	None
TEAD2	SOCS1	0.23206	48.49	0.494	rgb(222,123,124)	1.9498	None
ZBTB4	AX747535	0.23206	48.49	0.491	rgb(222,123,124)	1.9498	2,2
ZNF519	IFIT1	0.23206	48.49	0.486	rgb(222,124,125)	1.9498	None
ASCL1	AK316092	0.23151	49.17	0.175	rgb(219,184,184)	1.9634	2,2
ASCL1	TMEM198	0.23151	49.17	0.173	rgb(219,184,184)	1.9634	None
GATA4	RPS3	-0.23151	49.17	-1.7E-01	rgb(179,194,224)	1.9634	None
PAX4	GOLGA6L5	-0.23151	49.17	-1.7E-01	rgb(180,195,223)	1.9634	2,2
EGR3	LMX1A	-0.23096	48.48	-4.8E-01	rgb(113,154,235)	1.9496	None
FOXA1	EVA1A	-0.23096	48.48	-4.8E-01	rgb(114,154,235)	1.9496	None
GATA4	SRCIN1	-0.23096	48.48	-4.8E-01	rgb(113,154,235)	1.9496	None
LMX1A	KCNJ2	0.23096	48.48	0.48	rgb(222,125,126)	1.9496	None
EGR3	NKD1	0.23055	49.16	0.155	rgb(219,187,188)	1.9632	None
GATA6	CHL1	-0.23055	49.16	-1.6E-01	rgb(182,196,223)	1.9632	None
LMX1B	PDZRN3	0.23055	49.16	0.284	rgb(220,163,163)	1.9632	None
NR4A2	SLC35F3	-0.23013	49.15	-1.5E-01	rgb(184,197,223)	1.963	None
NR4A3	ASIC1	-0.23013	49.15	-1.5E-01	rgb(185,198,223)	1.963	None
SPIB	STMN2	0.23013	49.15	0.152	rgb(219,188,188)	1.963	None
RFX6	MSI1	0.22986	49.14	0.136	rgb(218,191,191)	1.9628	None
TEAD1	TUBA3FP	-0.22986	49.14	-1.4E-01	rgb(187,199,222)	1.9628	None
RFX6	MAST1	0.22972	49.13	0.131	rgb(218,192,192)	1.9626	None
ELF4	CSH1	0.22917	49.12	0.261	rgb(220,167,168)	1.9624	None
ETS1	ONECUT2	-0.22917	49.12	-1.2E-01	rgb(192,202,221)	1.9624	None
MAFA	CBX4	0.22917	49.12	0.121	rgb(218,194,194)	1.9624	None
ZNF492	AK126318	0.22917	49.12	0.122	rgb(218,194,194)	1.9624	2,2
HIC1	DHRS2	-0.22861	49.11	-1.1E-01	rgb(194,203,221)	1.9622	None
ONECUT1	TMEM196	0.22861	49.11	0.111	rgb(218,196,196)	1.9622	None
PDX1	MMP2	-0.22861	49.11	-1.1E-01	rgb(193,202,221)	1.9622	None
SIM1	ASIC5	0.22861	49.11	0.109	rgb(218,196,196)	1.9622	2,2
ASCL2	PPP1R16B	0.22655	48.47	0.473	rgb(222,127,128)	1.9494	None
FOXP2	WNK2	0.22655	48.47	0.467	rgb(222,128,129)	1.9494	None
GATA4	IGSF21	0.22655	48.47	0.465	rgb(222,128,129)	1.9494	None
HOXB9	FLT1	-0.22655	48.47	-4.7E-01	rgb(115,155,235)	1.9494	None
HOXB9	RFX2	0.22655	48.47	0.467	rgb(222,128,129)	1.9494	None
LHX1	SAMD14	-0.22655	48.47	-4.7E-01	rgb(115,155,235)	1.9494	None
MAFA	DYNC1I1	0.22655	48.47	0.471	rgb(222,127,128)	1.9494	None
NR4A3	ACE	-0.22655	48.47	-4.7E-01	rgb(115,155,235)	1.9494	None
NR4A3	DPYSL4	0.22655	48.47	0.467	rgb(222,128,129)	1.9494	None
ONECUT1	KIAA2022	0.22655	48.47	0.466	rgb(222,128,129)	1.9494	2,2
PDX1	DNER	0.22655	48.47	0.475	rgb(222,126,127)	1.9494	None
POU6F1	HERC5	0.22655	48.47	0.475	rgb(222,126,127)	1.9494	None
TGIF2	EFNB3	0.22655	48.47	0.467	rgb(222,128,129)	1.9494	None
TP73	CBFA2T3	0.22655	48.47	0.473	rgb(222,127,128)	1.9494	None
ZNF492	LOC100131257	0.22655	48.47	0.468	rgb(222,128,128)	1.9494	2,2
ONECUT1	GPC6	0.22627	49.1	0.097	rgb(218,198,199)	1.962	None
TEAD1	NTS	-0.22627	49.1	-1.0E-01	rgb(195,204,221)	1.962	2,2
MAFA	PAPPA2	0.22586	49.09	0.092	rgb(218,199,200)	1.9618	None
NR4A3	CTPS1	0.22586	49.09	0.271	rgb(220,165,166)	1.9618	None
SOX4	CHL1	0.22586	49.09	0.094	rgb(218,199,199)	1.9618	None
RORC	DPYSL4	0.22572	49.08	0.116	rgb(218,195,195)	1.9616	None
EGR3	FFAR1	-0.2242	48.46	-4.6E-01	rgb(116,156,235)	1.9492	2,2
ELF4	CENPE	0.2242	49.07	0.07	rgb(218,204,204)	1.9614	None
FEV	GRIK5	0.2242	48.46	0.463	rgb(222,129,129)	1.9492	None
FOXA1	LRRC49	0.2242	48.46	0.456	rgb(222,130,131)	1.9492	None
LHX1	ABLIM2	0.2242	49.07	0.559	rgb(223,110,111)	1.9614	None
MAFB	VWCE	-0.2242	48.46	-4.6E-01	rgb(117,156,234)	1.9492	None
NEUROD2	RET	-0.2242	48.46	-4.6E-01	rgb(118,157,234)	1.9492	None
NR4A2	B3GAT1	-0.2242	48.46	-4.6E-01	rgb(118,157,234)	1.9492	None
SIM1	AK054990	0.2242	49.07	0.074	rgb(218,203,203)	1.9614	2,2
TFCP2L1	TRIM24	0.2242	48.46	0.46	rgb(222,129,130)	1.9492	None
TFCP2L1	WNT6	-0.2242	49.07	-1.3E-01	rgb(189,200,222)	1.9614	None
FEV	ZBTB4	-0.22406	49.06	-6.0E-02	rgb(204,209,219)	1.9612	None
ELF4	QSOX2	-0.22392	49.05	-1.3E-01	rgb(189,200,222)	1.961	None
ZFHX2	F10	0.22379	49.04	0.041	rgb(217,209,209)	1.9608	None
RFX6	PRKCG	0.22365	49.03	0.031	rgb(217,211,211)	1.9606	None
TFCP2L1	MAFB	0.22351	49.02	0.018	rgb(217,214,214)	1.9604	None
DACH1	CSH1	0.22296	48.92	0.916	rgb(227, 42, 44)	1.9584	2,2
HSF2	HGFAC	0.22172	48.45	0.453	rgb(222,130,131)	1.949	None
HSF2	LOC727896	-0.22172	48.45	-4.5E-01	rgb(119,157,234)	1.949	2,2
LHX1	MEX3B	0.22172	48.45	0.448	rgb(222,131,132)	1.949	None
LHX1	PLCXD3	-0.22172	48.45	-4.5E-01	rgb(119,157,234)	1.949	None
NFAT5	AK094909	0.22172	48.45	0.446	rgb(222,132,133)	1.949	2,2
NR4A3	MUC15	0.22172	48.45	0.452	rgb(222,131,132)	1.949	None
PDX1	FOXA1	0.22172	48.45	0.454	rgb(222,130,131)	1.949	None
PDX1	REG4	-0.22172	48.45	-4.5E-01	rgb(120,158,234)	1.949	None
TFCP2L1	SAMD5	0.22172	48.91	0.914	rgb(227, 42, 44)	1.9582	None
NKX2-2	CYGB	0.22144	48.9	0.903	rgb(227, 44, 46)	1.958	None
RFX6	EPHA4	0.22144	48.9	0.901	rgb(227, 45, 47)	1.958	None
TFCP2L1	IFI6	0.22116	48.86	0.862	rgb(226, 52, 54)	1.9572	None
ZBTB4	UBBP4	-0.22116	48.86	-8.6E-01	rgb( 30,103,250)	1.9572	2,2
FOXP2	RUNX1T1	-0.22075	48.85	-8.5E-01	rgb( 33,105,249)	1.957	None
GATA4	TFCP2L1	-0.22075	48.85	-8.5E-01	rgb( 32,104,249)	1.957	None
NFAT5	TFCP2L1	-0.22075	48.85	-8.5E-01	rgb( 32,104,249)	1.957	None
RFX6	CACNA1C	0.22047	48.84	0.84	rgb(226, 57, 58)	1.9568	None
TFCP2L1	NHSL2	0.22047	48.84	0.839	rgb(226, 57, 58)	1.9568	None
FOXA2	CIT	0.21882	48.44	0.443	rgb(222,132,133)	1.9488	None
HES4	SLC7A2	-0.21882	48.44	-4.4E-01	rgb(122,159,234)	1.9488	None
HSF2	ATP6V0E2	0.21882	48.44	0.445	rgb(222,132,133)	1.9488	None
MAFB	ADCY1	0.21882	48.44	0.44	rgb(222,133,134)	1.9488	None
NR4A2	FAM64A	-0.21882	48.44	-4.4E-01	rgb(120,158,234)	1.9488	2,2
NR4A2	RSAD2	0.21882	48.44	0.436	rgb(222,134,135)	1.9488	None
SOX4	INHBE	0.21882	48.44	0.437	rgb(222,133,134)	1.9488	None
SOX4	SERPINA10	-0.21882	48.44	-4.4E-01	rgb(122,159,234)	1.9488	None
TFCP2L1	DLGAP3	0.21882	48.44	0.444	rgb(222,132,133)	1.9488	None
TFCP2L1	LRRC10B	-0.21882	48.44	-4.4E-01	rgb(122,159,234)	1.9488	None
TFCP2L1	MMP2	-0.21882	48.44	-4.4E-01	rgb(121,159,234)	1.9488	None
TFCP2L1	NOTUM	-0.21882	48.44	-4.4E-01	rgb(122,159,234)	1.9488	None
DACH1	KIAA1456	0.21827	48.83	0.829	rgb(226, 59, 60)	1.9566	2,2
LHX1	RUNX1T1	0.21827	48.83	0.827	rgb(226, 59, 61)	1.9566	None
LMX1B	MYRF	-0.21827	48.83	-8.3E-01	rgb( 38,108,248)	1.9566	None
TFCP2L1	ZNRF3-AS1	-0.21827	48.83	-8.3E-01	rgb( 37,108,248)	1.9566	None
ETS1	NINJ1	0.21772	48.82	0.818	rgb(226, 61, 62)	1.9564	None
FOXA1	PYY	0.21772	48.82	0.816	rgb(226, 61, 63)	1.9564	None
NEUROD1	KIAA1324	0.21772	48.82	0.822	rgb(226, 60, 62)	1.9564	None
SOX4	SLC38A5	0.21772	48.82	0.821	rgb(226, 60, 62)	1.9564	None
JAZF1	MARCH4	0.21744	48.81	0.807	rgb(226, 63, 65)	1.9562	2,2
RORC	AMPH	-0.21744	48.81	-8.1E-01	rgb( 41,110,248)	1.9562	None
PAX4	BCL2	-0.2173	48.8	-8.0E-01	rgb( 43,111,248)	1.956	None
ATF6	CXCR7	-0.2162	48.43	-4.3E-01	rgb(124,161,233)	1.9486	2,2
ETV1	KCTD12	0.2162	48.43	0.427	rgb(222,135,136)	1.9486	None
FOXP2	RFX3	0.2162	48.43	0.433	rgb(222,134,135)	1.9486	None
GATA4	SDCBP2-AS1	-0.2162	48.43	-4.3E-01	rgb(123,160,233)	1.9486	None
GATA6	GAP43	-0.2162	48.43	-4.3E-01	rgb(124,160,233)	1.9486	None
ONECUT1	BC020343	0.2162	48.43	0.43	rgb(222,135,136)	1.9486	2,2
SIM1	AFF2	0.2162	48.43	0.496	rgb(222,122,123)	1.9486	2,2
ZNF846	NFAT5	0.2162	48.43	0.433	rgb(222,134,135)	1.9486	None
ETS1	DEFB1	0.21592	48.79	0.789	rgb(226, 66, 68)	1.9558	None
HSF2	ARHGAP9	0.21592	48.79	0.787	rgb(226, 67, 68)	1.9558	None
ETV1	PAX6	0.21537	48.42	0.424	rgb(222,136,137)	1.9484	None
HOXB9	TMEM212	-0.21537	48.42	-4.2E-01	rgb(126,162,233)	1.9484	None
HSF2	GPR173	-0.21537	48.75	-7.5E-01	rgb( 54,118,245)	1.955	None
PRDM16	CAMK2N2	-0.21537	48.42	-4.2E-01	rgb(126,162,233)	1.9484	None
ELF4	PYY	0.21468	48.78	0.784	rgb(226, 67, 69)	1.9556	None
RFX2	DNAJC12	0.21468	48.78	0.784	rgb(226, 67, 69)	1.9556	None
SOX4	HSF2	0.21468	48.78	0.785	rgb(226, 67, 69)	1.9556	None
TFCP2L1	SSTR1	0.21468	48.78	0.784	rgb(226, 67, 69)	1.9556	None
ZNF117	AL831889	0.21468	48.78	0.778	rgb(226, 68, 70)	1.9556	2,2
ARX	MDK	-0.21427	48.77	-7.7E-01	rgb( 50,115,246)	1.9554	None
EGR3	NKAIN1	-0.21427	48.77	-7.7E-01	rgb( 49,115,246)	1.9554	None
RORC	ARHGAP22	-0.21427	48.77	-7.7E-01	rgb( 51,116,246)	1.9554	None
MAFB	TMEM198	0.21302	48.41	0.415	rgb(222,138,139)	1.9482	None
NR4A3	CHRNB2	0.21302	48.41	0.408	rgb(221,139,140)	1.9482	None
POU2F2	SV2A	-0.21302	48.41	-4.1E-01	rgb(128,163,233)	1.9482	None
RFX3	HIF1A	0.21302	48.41	0.409	rgb(221,139,140)	1.9482	None
RORC	AVPR1B	0.21302	48.41	0.412	rgb(222,138,139)	1.9482	None
RORC	GPR162	0.21302	48.41	0.413	rgb(222,138,139)	1.9482	None
RORC	HOMEZ	0.21302	48.41	0.412	rgb(222,138,139)	1.9482	None
TFCP2L1	MSI1	0.21302	48.41	0.414	rgb(222,138,139)	1.9482	None
ZFP28	MPP2	-0.21302	48.41	-4.1E-01	rgb(128,163,233)	1.9482	None
HSF2	TFPI2	0.2122	48.76	0.762	rgb(225, 71, 73)	1.9552	None
NEUROG3	SLC38A5	0.2122	48.76	0.759	rgb(225, 72, 73)	1.9552	None
PAX6	MAPK7	-0.2122	48.76	-7.6E-01	rgb( 52,117,246)	1.9552	None
RORC	CYP4F24P	0.2122	48.76	0.758	rgb(225, 72, 74)	1.9552	None
TEAD1	DDC	-0.2122	48.76	-7.6E-01	rgb( 52,116,246)	1.9552	None
TGIF2	KCNK16	0.2122	48.76	0.758	rgb(225, 72, 74)	1.9552	None
ASCL2	TEKT2	0.21137	48.4	0.404	rgb(221,140,141)	1.948	None
FOXA1	PODXL2	0.21137	48.4	0.397	rgb(221,141,142)	1.948	None
MAFA	PGM5	-0.21137	48.4	-4.0E-01	rgb(130,164,232)	1.948	None
PDX1	DLL4	0.21137	48.4	0.396	rgb(221,141,142)	1.948	None
PRDM16	FAM227A	0.21137	48.4	0.401	rgb(221,140,141)	1.948	None
SPIB	GADD45A	0.21137	48.4	0.404	rgb(221,140,141)	1.948	None
MAFA	MAGED1	-0.21082	48.75	-7.5E-01	rgb( 55,118,245)	1.955	None
NKX2-2	NINJ1	0.21082	48.75	0.752	rgb(225, 73, 75)	1.955	None
PDX1	PDX1	-0.21082	48.75	-7.5E-01	rgb( 54,118,246)	1.955	None
TEAD1	GDAP1	-0.21082	48.75	-7.5E-01	rgb( 53,117,246)	1.955	None
ARX	ZBTB4	0.20999	48.74	0.741	rgb(225, 76, 77)	1.9548	None
ONECUT2	CELA3B	0.20999	48.74	0.738	rgb(225, 76, 77)	1.9548	None
ONECUT2	FAM110B	0.20999	48.74	0.735	rgb(225, 77, 78)	1.9548	None
SOX4	SPDYE7P	0.20999	48.74	0.737	rgb(225, 76, 78)	1.9548	None
ZFP82	BASP1	-0.20999	48.74	-7.4E-01	rgb( 56,119,245)	1.9548	None
ZNF846	AMER3	-0.20999	48.74	-7.4E-01	rgb( 57,119,245)	1.9548	None
ARX	ADAMTSL1	0.20875	48.39	0.39	rgb(221,142,143)	1.9478	None
ETV1	PLXNC1	0.20875	48.39	0.386	rgb(221,143,144)	1.9478	None
FEV	CHRNB2	0.20875	48.39	0.39	rgb(221,142,143)	1.9478	None
GLIS2	AK095045	0.20875	48.39	0.393	rgb(221,142,143)	1.9478	2,2
NR4A3	RTN4RL1	0.20875	48.39	0.39	rgb(221,143,143)	1.9478	None
PRDM16	BC022892	0.20875	48.39	0.394	rgb(221,142,143)	1.9478	2,2
SMAD9	SCT	0.20875	48.39	0.39	rgb(221,143,143)	1.9478	None
SOX4	LTBP2	0.20875	48.39	0.387	rgb(221,143,144)	1.9478	None
TFCP2L1	MYBPC3	0.20875	48.39	0.389	rgb(221,143,143)	1.9478	None
ATF6	RUNDC3A	0.20709	48.73	0.731	rgb(225, 77, 79)	1.9546	None
EGR3	NNMT	0.20709	48.38	0.385	rgb(221,143,144)	1.9476	None
ELF4	CALCOCO1	0.20709	48.38	0.377	rgb(221,145,146)	1.9476	None
GATA4	PCDHA2	0.20709	48.73	0.728	rgb(225, 78, 79)	1.9546	None
MAFF	GNG2	0.20709	48.73	0.733	rgb(225, 77, 78)	1.9546	None
NKX2-2	MRPL34	0.20709	48.73	0.731	rgb(225, 77, 79)	1.9546	None
ONECUT1	SDCBP2-AS1	0.20709	48.73	0.733	rgb(225, 77, 79)	1.9546	None
PAX6	KCNH8	-0.20709	48.73	-7.3E-01	rgb( 60,121,245)	1.9546	None
TGIF2	CCDC181	0.20709	48.38	0.38	rgb(221,144,145)	1.9476	None
TGIF2	CYGB	0.20709	48.38	0.379	rgb(221,145,145)	1.9476	None
ZFHX2	ATP6V0E2	-0.20709	48.38	-3.8E-01	rgb(134,166,232)	1.9476	None
ZNF492	ENPP1	-0.20709	48.73	-7.3E-01	rgb( 59,121,245)	1.9546	None
EGR3	ZDHHC8P1	-0.20557	48.72	-7.2E-01	rgb( 61,122,244)	1.9544	None
FOXA1	SAMD5	0.20557	48.72	0.72	rgb(225, 79, 81)	1.9544	None
GATA2	WNK3	0.20557	48.72	0.721	rgb(225, 79, 81)	1.9544	None
LMX1A	MEX3A	-0.20557	48.72	-7.2E-01	rgb( 61,122,244)	1.9544	None
LMX1B	RBP2	0.20557	48.72	0.721	rgb(225, 79, 81)	1.9544	None
MAFB	SPDYE7P	0.20557	48.72	0.716	rgb(225, 80, 82)	1.9544	None
NKX6-1	JAM3	-0.20557	48.72	-7.2E-01	rgb( 60,121,245)	1.9544	None
TGIF2	AMPH	0.20557	48.72	0.724	rgb(225, 79, 80)	1.9544	None
ZFHX2	CBX4	-0.20557	48.72	-7.2E-01	rgb( 61,122,244)	1.9544	None
ZFHX2	SLC6A16	0.20557	48.72	0.717	rgb(225, 80, 81)	1.9544	None
ZNF492	PAM	-0.20557	48.72	-7.2E-01	rgb( 61,122,244)	1.9544	None
ETS1	QSOX2	-0.20419	48.37	-3.7E-01	rgb(136,168,231)	1.9474	None
FOXA1	FOXP2	0.20419	48.37	0.371	rgb(221,146,147)	1.9474	None
FOXP2	SFTPA2	0.20419	48.37	0.372	rgb(221,146,147)	1.9474	None
HES4	L1TD1	-0.20419	48.37	-3.7E-01	rgb(137,168,231)	1.9474	None
LMX1B	ICA1L	0.20419	48.37	0.365	rgb(221,147,148)	1.9474	None
MAFA	CDKN1C	0.20419	48.37	0.366	rgb(221,147,148)	1.9474	None
PDX1	AVPR1B	-0.20419	48.37	-3.7E-01	rgb(137,168,231)	1.9474	None
RORC	BGN	-0.20419	48.37	-6.1E-01	rgb( 84,136,240)	1.9474	None
ZFP28	PGM5	0.20419	48.37	0.366	rgb(221,147,148)	1.9474	None
ZNF492	LOC100216546	0.20419	48.37	0.373	rgb(221,146,147)	1.9474	2,2
EGR3	TMPRSS6	0.20364	48.71	0.707	rgb(225, 82, 83)	1.9542	None
ELF4	CELSR3	-0.20364	48.71	-7.1E-01	rgb( 62,123,244)	1.9542	None
RORC	CADPS	-0.20364	48.71	-7.1E-01	rgb( 63,123,244)	1.9542	None
SPIB	MCF2L	-0.20364	48.71	-7.1E-01	rgb( 63,124,244)	1.9542	None
LHX1	CHRNA5	-0.20281	48.36	-3.6E-01	rgb(138,169,231)	1.9472	None
LHX1	ZFP28	-0.20281	48.36	-3.6E-01	rgb(139,169,231)	1.9472	None
LMX1A	MYO3A	0.20281	48.36	0.358	rgb(221,149,149)	1.9472	None
MAFA	ASRGL1	0.20281	48.36	0.356	rgb(221,149,150)	1.9472	None
TGIF2	WSCD1	0.20281	48.36	0.355	rgb(221,149,150)	1.9472	None
ZFP28	CXXC4	0.20281	48.36	0.363	rgb(221,148,148)	1.9472	None
ETS1	DCHS1	0.20171	48.7	0.696	rgb(225, 84, 85)	1.954	None
GRHL3	EPHA8	0.20171	48.7	0.697	rgb(225, 84, 85)	1.954	2,2
MAFB	SMARCD2	-0.20171	48.7	-7.0E-01	rgb( 65,125,244)	1.954	None
ONECUT2	CPLX1	0.20171	48.7	0.7	rgb(225, 83, 85)	1.954	None
ONECUT3	TMEFF2	-0.20171	48.7	-7.0E-01	rgb( 66,125,243)	1.954	None
ST18	RGAG4	0.20171	48.35	0.35	rgb(221,150,151)	1.947	2,2
TEAD1	CYGB	-0.20171	48.7	-7.0E-01	rgb( 64,124,244)	1.954	None
ZNF519	CDK5R2	-0.20171	48.35	-3.5E-01	rgb(141,171,230)	1.947	None
LMX1B	COL21A1	0.20088	48.69	0.693	rgb(225, 85, 86)	1.9538	None
NHLH1	TCTEX1D4	0.20088	48.69	0.692	rgb(225, 85, 86)	1.9538	None
NR4A2	IFI6	0.20088	48.69	0.689	rgb(225, 85, 87)	1.9538	None
PBX1	LRIG1	0.20088	48.69	0.688	rgb(225, 86, 87)	1.9538	None
SIM1	CACNA1B	0.20088	48.69	0.691	rgb(225, 85, 86)	1.9538	2,2
ZFP82	HOMEZ	0.20088	48.69	0.689	rgb(225, 85, 87)	1.9538	None
ASCL2	PSD	0.1995	48.34	0.34	rgb(221,152,153)	1.9468	None
EGR3	SDK1	0.1995	48.34	0.336	rgb(221,153,154)	1.9468	None
ELF4	NTNG2	-0.1995	48.34	-3.7E-01	rgb(136,168,231)	1.9468	None
HES6	BC107568	0.1995	48.34	0.339	rgb(221,152,153)	1.9468	2,2
HSF2	FAM161A	0.1995	48.34	0.342	rgb(221,152,152)	1.9468	None
LTF	SDPR	0.1995	48.34	0.339	rgb(221,152,153)	1.9468	2,2
NR4A3	SYP	0.1995	48.34	0.338	rgb(221,152,153)	1.9468	None
PAX4	CELA3B	0.1995	48.34	0.336	rgb(221,153,153)	1.9468	None
PRDM16	DNAPTP1	0.1995	48.34	0.345	rgb(221,151,152)	1.9468	2,2
RFX3	SLC6A17	0.1995	48.34	0.344	rgb(221,151,152)	1.9468	None
ETV1	CBX7	-0.19854	48.68	-6.8E-01	rgb( 70,127,243)	1.9536	None
GATA2	ELAVL4	0.19854	48.68	0.681	rgb(224, 87, 88)	1.9536	None
HIF1A	LINC00939	-0.19854	48.68	-6.8E-01	rgb( 70,128,243)	1.9536	None
LHX1	DLL1	-0.19854	48.68	-6.8E-01	rgb( 69,127,243)	1.9536	None
RFX2	FBXL16	0.19854	48.68	0.678	rgb(224, 87, 89)	1.9536	None
SOX4	TRPM2	-0.19854	48.68	-6.8E-01	rgb( 69,127,243)	1.9536	None
ZFP82	H1FX-AS1	-0.19854	48.68	-6.8E-01	rgb( 68,127,243)	1.9536	None
NKX6-1	RPRML	0.19785	48.33	0.325	rgb(221,155,156)	1.9466	None
RFX2	MX2	0.19785	48.33	0.73	rgb(225, 78, 79)	1.9466	None
SOX4	CHRNB2	0.19785	48.33	0.333	rgb(221,153,154)	1.9466	None
SPIB	XKR7	0.19785	48.33	0.333	rgb(221,153,154)	1.9466	None
TFCP2L1	CBX4	-0.19785	48.33	-3.3E-01	rgb(145,173,230)	1.9466	None
ASCL2	TRPM2	-0.19716	48.67	-6.7E-01	rgb( 71,128,243)	1.9534	None
LMX1B	DENND2A	0.19716	48.67	0.667	rgb(224, 90, 91)	1.9534	None
NKX2-2	TMEM132C	-0.19716	48.67	-6.7E-01	rgb( 72,129,242)	1.9534	None
NR4A2	GCH1	0.19716	48.67	0.667	rgb(224, 90, 91)	1.9534	None
ZNF846	MEX3B	0.19716	48.67	0.666	rgb(224, 90, 91)	1.9534	None
ASCL2	WNT9A	0.19619	48.32	0.317	rgb(220,157,157)	1.9464	None
ETS1	GRB14	-0.19619	48.32	-3.2E-01	rgb(147,175,229)	1.9464	None
LHX1	BCAT1	-0.19619	48.32	-3.2E-01	rgb(147,174,229)	1.9464	None
MAFA	TEKT2	0.19619	48.32	0.32	rgb(221,156,157)	1.9464	None
NR4A3	SLC12A5	0.19619	48.32	0.324	rgb(221,155,156)	1.9464	None
PAX6	MURC	0.19619	48.32	0.319	rgb(221,156,157)	1.9464	2,2
SMAD9	RGS9	0.19619	48.32	0.321	rgb(221,156,156)	1.9464	None
ASCL1	SDCBP2-AS1	-0.1955	48.66	-6.6E-01	rgb( 75,130,242)	1.9532	None
LTF	BC040358	0.1955	48.66	0.657	rgb(224, 92, 93)	1.9532	2,2
MYT1	DIRAS1	0.1955	48.66	0.656	rgb(224, 92, 93)	1.9532	2,2
NEUROD1	RBP1	0.1955	48.66	0.658	rgb(224, 91, 93)	1.9532	None
NEUROD2	PGA3	0.1955	48.66	0.661	rgb(224, 91, 92)	1.9532	None
ARX	DEFB1	-0.1944	48.65	-6.5E-01	rgb( 76,131,242)	1.953	None
ELF4	ABLIM2	-0.1944	48.65	-6.5E-01	rgb( 77,132,242)	1.953	None
ETS1	RBP2	0.1944	48.65	0.653	rgb(224, 92, 94)	1.953	None
GATA4	BRSK1	0.1944	48.65	0.651	rgb(224, 93, 94)	1.953	None
HIF1A	MIR503HG	-0.1944	48.65	-8.5E-01	rgb( 33,105,249)	1.953	None
MAFF	JAZF1	0.1944	48.65	0.652	rgb(224, 92, 94)	1.953	None
NKX6-1	MAML3	0.1944	48.65	0.655	rgb(224, 92, 93)	1.953	None
TEAD1	TCTEX1D4	-0.1944	48.65	-6.5E-01	rgb( 76,132,242)	1.953	None
EGR3	CYGB	-0.19288	48.31	-7.8E-01	rgb( 47,114,247)	1.9462	None
EGR3	FOXD4L2	-0.19288	48.31	-3.1E-01	rgb(150,176,229)	1.9462	2,2
ETV1	ADAMTSL2	0.19288	48.31	0.314	rgb(220,157,158)	1.9462	None
ETV1	THBS4	0.19288	48.31	0.305	rgb(220,159,159)	1.9462	None
GATA4	CCDC162P	0.19288	48.31	0.307	rgb(220,158,159)	1.9462	None
GLIS2	SLC12A5	0.19288	48.31	0.307	rgb(220,158,159)	1.9462	None
NEUROD2	HOXB9	-0.19288	48.31	-3.1E-01	rgb(149,176,229)	1.9462	None
TEAD2	MAD2L2	0.19288	48.31	0.307	rgb(220,158,159)	1.9462	None
TFCP2L1	ISLR2	-0.19288	48.31	-3.1E-01	rgb(150,176,229)	1.9462	None
ZNF846	AX746869	0.19288	48.31	0.314	rgb(220,157,158)	1.9462	2,2
ZNF846	LRFN1	-0.19288	48.31	-3.1E-01	rgb(149,176,229)	1.9462	None
EGR3	PCAT1	-0.19109	48.64	-6.4E-01	rgb( 77,132,241)	1.9528	None
EGR3	ZNF846	-0.19109	48.64	-6.4E-01	rgb( 79,133,241)	1.9528	None
ELF4	REEP2	-0.19109	48.64	-6.4E-01	rgb( 78,133,241)	1.9528	None
GATA2	ADCY2	0.19109	48.3	0.303	rgb(220,159,160)	1.946	None
GATA2	ASIC5	0.19109	48.3	0.299	rgb(220,160,160)	1.946	2,2
HHEX	CADM2	0.19109	48.64	0.64	rgb(224, 95, 96)	1.9528	None
HSF2	RGS5	0.19109	48.3	0.299	rgb(220,160,160)	1.946	None
MAFB	SNAP25	0.19109	48.64	0.644	rgb(224, 94, 95)	1.9528	None
MYRF	AK127443	-0.19109	48.64	-6.4E-01	rgb( 78,132,241)	1.9528	2,2
NEUROD2	CHRNA1	0.19109	48.3	0.298	rgb(220,160,161)	1.946	None
PRDM16	TSPAN11	-0.19109	48.64	-6.4E-01	rgb( 79,133,241)	1.9528	None
SOX4	ARHGAP9	0.19109	48.3	0.296	rgb(220,160,161)	1.946	None
TEAD1	APBB2	0.19109	48.64	0.636	rgb(224, 95, 97)	1.9528	None
ETS1	RSAD2	-0.19054	48.29	-4.6E-01	rgb(116,156,235)	1.9458	None
GATA2	GPR64	0.19054	48.29	0.289	rgb(220,162,162)	1.9458	2,2
RORC	LSP1	0.19054	48.29	0.289	rgb(220,162,162)	1.9458	None
ZNF846	BC022892	0.19054	48.29	0.285	rgb(220,163,163)	1.9458	2,2
EGR3	KIF1A	-0.1886	48.28	-2.8E-01	rgb(156,180,228)	1.9456	None
ELF4	ANK2	-0.1886	48.63	-6.3E-01	rgb( 81,134,241)	1.9526	None
ELF4	DLL1	-0.1886	48.63	-6.3E-01	rgb( 80,133,241)	1.9526	None
GATA2	CAMKV	0.1886	48.28	0.277	rgb(220,164,165)	1.9456	None
GATA2	SLC6A16	0.1886	48.63	0.625	rgb(224, 98, 99)	1.9526	None
GATA6	TMEM178B	-0.1886	48.28	-2.8E-01	rgb(155,179,228)	1.9456	None
LMX1B	PKIA	0.1886	48.63	0.631	rgb(224, 96, 98)	1.9526	None
NKX2-2	IGSF21	-0.1886	48.63	-6.3E-01	rgb( 81,134,241)	1.9526	None
PDX1	HMGB3	-0.1886	48.63	-6.3E-01	rgb( 79,133,241)	1.9526	None
RORC	RIIAD1	-0.1886	48.63	-6.3E-01	rgb( 80,134,241)	1.9526	None
SIM1	LOC283731	0.1886	48.63	0.629	rgb(224, 97, 98)	1.9526	2,2
SMAD9	BAMBI	0.1886	48.63	0.633	rgb(224, 96, 97)	1.9526	None
SPIB	KLHL32	0.1886	48.28	0.283	rgb(220,163,163)	1.9456	None
ZFHX2	LINC00939	0.1886	48.63	0.633	rgb(224, 96, 97)	1.9526	None
ETV1	TEKT2	0.18805	48.27	0.27	rgb(220,165,166)	1.9454	None
LMX1B	RGS9	0.18805	48.27	0.267	rgb(220,166,167)	1.9454	None
PAX6	GRIK5	0.18805	48.27	0.266	rgb(220,166,167)	1.9454	None
ZNF846	CAMK2N2	-0.18805	48.27	-2.7E-01	rgb(159,181,227)	1.9454	None
ARX	DLL4	-0.1875	48.62	-6.2E-01	rgb( 83,135,240)	1.9524	None
GATA4	ADAM12	0.1875	48.62	0.617	rgb(224, 99,100)	1.9524	None
LMX1B	NEGR1	0.1875	48.62	0.616	rgb(224, 99,100)	1.9524	None
PAX6	MTSS1	-0.1875	48.62	-6.2E-01	rgb( 82,135,241)	1.9524	None
ARX	NKAIN1	-0.18571	48.61	-6.1E-01	rgb( 84,136,240)	1.9522	None
ELF4	CAND2	-0.18571	48.61	-6.1E-01	rgb( 85,136,240)	1.9522	None
FOXA2	MCF2L	0.18571	48.61	0.609	rgb(224,101,102)	1.9522	None
GATA4	ADNP	-0.18571	48.26	-2.6E-01	rgb(160,182,227)	1.9452	None
GATA4	PEX5L	0.18571	48.61	0.614	rgb(224,100,101)	1.9522	None
HSF2	HOXB9	0.18571	48.26	0.261	rgb(220,167,168)	1.9452	None
HSF2	LAPTM5	0.18571	48.61	0.608	rgb(224,101,102)	1.9522	None
NEUROD1	SYNM	0.18571	48.61	0.606	rgb(224,101,103)	1.9522	None
PDX1	KCNJ2	0.18571	48.26	0.263	rgb(220,167,167)	1.9452	None
PDX1	LDHAL6A	-0.18571	48.26	-2.6E-01	rgb(161,183,227)	1.9452	None
RORC	SYN1	-0.18571	48.26	-2.6E-01	rgb(161,183,227)	1.9452	None
TEAD1	ACE	0.18571	48.61	0.614	rgb(224,100,101)	1.9522	None
TGIF2	KCNJ3	-0.18571	48.26	-2.6E-01	rgb(161,183,227)	1.9452	None
ZNF846	SERF2-C15ORF63	-0.18557	48.25	-2.5E-01	rgb(164,185,226)	1.945	2,2
ETV1	TSPAN11	0.18488	48.24	0.235	rgb(220,172,173)	1.9448	None
MAFB	GNAO1	0.18488	48.24	0.238	rgb(220,172,172)	1.9448	None
NR4A3	CERKL	0.18488	48.24	0.241	rgb(220,171,171)	1.9448	None
PAX6	SEZ6	-0.18488	48.56	-5.6E-01	rgb( 95,143,238)	1.9512	None
ZNF519	AK126318	0.18488	48.24	0.239	rgb(220,171,172)	1.9448	2,2
AKNA	AL110171	-0.1835	48.6	-6.0E-01	rgb( 86,137,240)	1.952	2,2
ELF4	ARHGAP22	0.1835	48.6	0.604	rgb(224,102,103)	1.952	None
LMX1A	PCED1B-AS1	0.1835	48.6	0.599	rgb(224,103,104)	1.952	None
MAFF	PCED1B-AS1	-0.1835	48.6	-6.0E-01	rgb( 86,137,240)	1.952	None
NKX2-2	ST8SIA5	-0.1835	48.6	-6.0E-01	rgb( 86,137,240)	1.952	None
ONECUT1	LINC00923	0.1835	48.6	0.596	rgb(224,103,104)	1.952	2,2
PBX1	COL16A1	0.1835	48.6	0.6	rgb(224,102,104)	1.952	None
PRDM16	SLC38A3	-0.1835	48.6	-6.0E-01	rgb( 87,138,240)	1.952	None
ZFHX2	FLJ35024	-0.1835	48.6	-6.0E-01	rgb( 87,138,240)	1.952	2,2
ZFHX2	TDO2	-0.1835	48.6	-6.0E-01	rgb( 87,138,240)	1.952	2,2
HOXB9	TLE3	-0.1824	48.23	-2.3E-01	rgb(168,187,226)	1.9446	None
NKX2-2	TMEFF2	-0.1824	48.23	-5.1E-01	rgb(107,150,236)	1.9446	None
ONECUT2	BC005905	0.1824	48.23	0.23	rgb(220,173,173)	1.9446	2,2
PRDM16	CLSTN2	0.1824	48.23	0.227	rgb(219,174,174)	1.9446	None
SOX4	SHF	0.1824	48.23	0.233	rgb(220,173,173)	1.9446	None
ZFP28	MCOLN3	0.1824	48.23	0.233	rgb(220,172,173)	1.9446	None
ZNF382	MURC	0.1824	48.23	0.227	rgb(219,174,174)	1.9446	2,2
ZNF846	VOPP1	-0.1824	48.23	-2.3E-01	rgb(167,186,226)	1.9446	None
ASCL1	SOGA3	0.18143	48.59	0.594	rgb(224,104,105)	1.9518	None
FEV	UCP2	0.18143	48.59	0.595	rgb(224,103,105)	1.9518	None
GATA2	EIF4EBP3	-0.18143	48.59	-5.9E-01	rgb( 90,140,239)	1.9518	None
MXI1	NACAD	-0.18143	48.59	-5.9E-01	rgb( 90,140,239)	1.9518	None
NEUROD2	GYLTL1B	0.18143	48.59	0.586	rgb(223,105,106)	1.9518	2,2
NPAS3	FAM153A	0.18143	48.59	0.588	rgb(223,105,106)	1.9518	2,2
SOX4	CPLX2	-0.18143	48.59	-5.9E-01	rgb( 90,140,239)	1.9518	None
ELF4	RET	-0.18033	48.58	-5.8E-01	rgb( 91,140,239)	1.9516	None
ETV1	SSTR2	0.18033	48.22	0.219	rgb(219,175,176)	1.9444	None
HOXB9	KCNN3	0.18033	48.22	0.219	rgb(219,175,176)	1.9444	None
MAFA	TMEM158	-0.18033	48.22	-5.1E-01	rgb(107,150,236)	1.9444	None
PAX6	SAMD11	-0.18033	48.58	-5.8E-01	rgb( 91,140,239)	1.9516	None
TEAD1	NFAT5	0.18033	48.22	0.219	rgb(219,175,176)	1.9444	None
TFCP2L1	SMTNL2	-0.18033	48.22	-2.2E-01	rgb(168,187,226)	1.9444	None
ZNF492	HMGN3	-0.18033	48.22	-2.2E-01	rgb(169,188,225)	1.9444	None
PDX1	CD300LF	0.17991	48.21	0.208	rgb(219,177,178)	1.9442	None
TFCP2L1	MAPK4	0.17991	48.21	0.691	rgb(225, 85, 86)	1.9442	None
ZNF846	DNAPTP1	0.17991	48.21	0.212	rgb(219,176,177)	1.9442	2,2
ONECUT3	PTPRN2	0.17977	48.2	0.199	rgb(219,179,179)	1.944	None
ELF4	CCDC74B	-0.17867	48.57	-5.7E-01	rgb( 92,141,239)	1.9514	None
ETV1	GFRA1	0.17867	48.19	0.194	rgb(219,180,180)	1.9438	None
LMX1A	CES1	0.17867	48.19	0.19	rgb(219,181,181)	1.9438	2,2
LTF	DNAPTP1	0.17867	48.57	0.568	rgb(223,109,110)	1.9514	2,2
ONECUT3	PBOV1	-0.17867	48.57	-5.7E-01	rgb( 92,141,239)	1.9514	None
ONECUT3	RFX2	-0.17867	48.57	-5.7E-01	rgb( 93,142,239)	1.9514	None
RORC	LRFN1	-0.17867	48.57	-5.7E-01	rgb( 94,142,239)	1.9514	None
SPIB	SLC18A1	0.17867	48.57	0.575	rgb(223,107,108)	1.9514	None
ELF4	MAD2L2	-0.17812	48.18	-1.8E-01	rgb(179,194,224)	1.9436	None
FOXA2	CADPS	0.17812	48.18	0.183	rgb(219,182,182)	1.9436	None
NR4A3	LINC00494	-0.17812	48.18	-2.6E-01	rgb(161,183,227)	1.9436	None
RFX3	TTR	-0.17812	48.18	-1.8E-01	rgb(177,193,224)	1.9436	None
ATF5	KCNJ3	-0.17798	48.17	-1.7E-01	rgb(179,194,224)	1.9434	None
ASCL2	CHRNB2	-0.17715	48.56	-5.6E-01	rgb( 95,143,238)	1.9512	None
MAFA	BAMBI	-0.17715	48.56	-5.6E-01	rgb( 95,143,238)	1.9512	None
MAFA	LPPR5	0.17715	48.56	0.559	rgb(223,110,111)	1.9512	2,2
ONECUT3	MMP2	-0.17715	48.56	-5.6E-01	rgb( 96,144,238)	1.9512	None
PAX6	RRAGD	-0.17715	48.56	-5.6E-01	rgb( 96,143,238)	1.9512	None
TFCP2L1	SLC38A3	0.17715	48.56	0.563	rgb(223,109,111)	1.9512	None
MAFA	SULT1C2P1	0.17646	48.16	0.158	rgb(219,187,187)	1.9432	None
NR4A3	EVL	0.17646	48.16	0.156	rgb(219,187,188)	1.9432	None
SOX4	ASRGL1	0.17646	48.16	0.156	rgb(219,187,188)	1.9432	None
SPIB	SLC8A1	0.17646	48.16	0.161	rgb(219,186,187)	1.9432	None
ZFHX2	ZG16	-0.17646	48.16	-1.6E-01	rgb(181,195,223)	1.9432	None
HSF2	PDGFD	0.17577	48.55	0.548	rgb(223,112,113)	1.951	None
LMX1B	PTCH1	-0.17577	48.55	-5.5E-01	rgb( 97,144,238)	1.951	None
NKX2-2	ONECUT3	-0.17577	48.55	-5.5E-01	rgb( 97,144,238)	1.951	None
PDX1	SLC6A16	-0.17577	48.55	-5.5E-01	rgb( 98,144,238)	1.951	None
ZFHX2	MIAT	-0.17577	48.55	-5.5E-01	rgb( 98,144,238)	1.951	None
EGR3	RBP1	0.17508	48.15	0.147	rgb(219,189,189)	1.943	None
GATA6	CALY	-0.17508	48.15	-1.5E-01	rgb(184,197,223)	1.943	None
RORC	FAM167A	0.17508	48.15	0.151	rgb(219,188,188)	1.943	None
RORC	SSTR3	0.17508	48.15	0.146	rgb(219,189,189)	1.943	None
ZNF846	SPON2	-0.17508	48.15	-1.5E-01	rgb(184,197,223)	1.943	None
ETS1	STMN2	0.17467	48.13	0.128	rgb(218,193,193)	1.9426	None
ETV1	CHST8	0.17467	48.13	0.13	rgb(218,192,192)	1.9426	None
SOX4	MAFA	0.17467	48.13	0.651	rgb(224, 93, 94)	1.9426	None
LHX1	APLN	-0.17453	48.12	-1.2E-01	rgb(192,202,221)	1.9424	None
ELF4	RGS5	-0.17425	48.11	-1.1E-01	rgb(193,203,221)	1.9422	None
RFX6	IGFBPL1	0.17425	48.11	0.108	rgb(218,196,196)	1.9422	None
FOXP2	UNC5D	0.17398	48.08	0.079	rgb(218,202,202)	1.9416	None
PAX6	RET	0.17398	48.08	0.08	rgb(218,202,202)	1.9416	None
ZNF846	NINJ1	-0.17384	48.07	-7.2E-02	rgb(201,207,220)	1.9414	None
DACH1	TMEM35	0.17232	48.54	0.539	rgb(223,114,115)	1.9508	2,2
ETV1	DKK3	-0.17232	48.06	-6.3E-02	rgb(203,209,219)	1.9412	None
LMX1B	MIAT	0.17232	48.54	0.537	rgb(223,114,115)	1.9508	None
LTF	LINC00202-1	0.17232	48.54	0.54	rgb(223,114,115)	1.9508	2,2
ONECUT1	SPON1	0.17232	48.54	0.538	rgb(223,114,115)	1.9508	None
PBX1	MYO3A	-0.17232	48.54	-5.4E-01	rgb(100,146,237)	1.9508	None
SPIB	SMARCA1	-0.17232	48.54	-5.4E-01	rgb(100,146,238)	1.9508	None
TEAD1	CDHR1	-0.17232	48.54	-5.4E-01	rgb(100,146,237)	1.9508	2,2
TFCP2L1	SMARCA1	-0.17232	48.54	-5.4E-01	rgb(100,146,237)	1.9508	None
ZFHX2	PCDH17	-0.17232	48.54	-5.4E-01	rgb(100,146,237)	1.9508	2,2
ZFP2	ADORA2A	-0.17232	48.54	-5.4E-01	rgb(101,146,237)	1.9508	2,2
ETV1	KCNMA1	0.17205	48.05	0.05	rgb(218,208,208)	1.941	None
FOXA1	NEGR1	-0.17205	48.05	-4.7E-02	rgb(207,211,219)	1.941	None
RFX3	NPW	-0.17191	47.95	-9.5E-01	rgb( 10, 91,253)	1.939	None
NEUROG3	CAMK2B	0.17136	48.53	0.529	rgb(223,116,117)	1.9506	None
NKX6-1	FAM135B	0.17136	47.93	0.931	rgb(227, 39, 41)	1.9386	None
PRDM16	MAP6	-0.17136	48.53	-6.3E-01	rgb( 80,134,241)	1.9506	None
ST18	SYCP2	0.17136	48.53	0.532	rgb(223,115,116)	1.9506	None
TEAD1	ZBTB4	0.17122	47.9	0.899	rgb(227, 45, 47)	1.938	None
ARX	AK094786	0.17108	47.87	0.867	rgb(227, 51, 53)	1.9374	2,2
ETV1	NR4A3	0.17081	47.86	0.859	rgb(226, 53, 55)	1.9372	None
FEV	NDRG4	0.17081	47.86	0.865	rgb(227, 52, 54)	1.9372	None
FEV	IGSF21	0.17053	47.85	0.849	rgb(226, 55, 57)	1.937	None
LTF	LOC100507351	-0.17053	47.85	-8.5E-01	rgb( 32,105,249)	1.937	2,2
ASCL1	DBC1	0.17012	47.84	0.842	rgb(226, 56, 58)	1.9368	2,2
HIF1A	PMP22	-0.17012	47.84	-8.4E-01	rgb( 35,107,249)	1.9368	None
LMX1A	SHC3	0.17012	47.84	0.836	rgb(226, 57, 59)	1.9368	None
ELF4	MYBPC2	-0.1697	47.83	-8.3E-01	rgb( 37,108,248)	1.9366	None
ZFP82	ROBO1	0.1697	47.83	0.833	rgb(226, 58, 60)	1.9366	None
ZNF846	CBLN1	0.1697	47.83	0.828	rgb(226, 59, 61)	1.9366	None
ASCL1	PBX1	0.16805	48.52	0.518	rgb(223,118,119)	1.9504	None
ASCL1	PCDHB15	0.16805	48.52	0.522	rgb(223,117,118)	1.9504	None
ASCL1	PDGFD	0.16805	48.52	0.518	rgb(223,118,119)	1.9504	None
EGR3	RORC	0.16805	48.52	0.516	rgb(223,119,120)	1.9504	None
HHEX	SGSM1	0.16805	48.52	0.517	rgb(223,118,119)	1.9504	None
MAFA	KANK2	-0.16805	48.52	-5.2E-01	rgb(105,149,237)	1.9504	None
MAFB	RPS3	-0.16805	48.52	-5.2E-01	rgb(104,148,237)	1.9504	None
ONECUT1	LOC441204	0.16805	48.52	0.521	rgb(223,117,118)	1.9504	2,2
ONECUT3	AL832439	0.16805	48.52	0.522	rgb(223,117,118)	1.9504	2,2
PAX6	POU2F2	-0.16805	48.52	-5.2E-01	rgb(104,148,237)	1.9504	None
RFX3	PTCHD2	0.16805	48.52	0.521	rgb(223,117,119)	1.9504	2,2
SMAD9	LMX1B	0.16805	48.52	0.521	rgb(223,117,119)	1.9504	None
FOXA2	CCDC146	-0.16749	47.82	-8.2E-01	rgb( 38,108,248)	1.9364	None
HIF1A	NREP	-0.16749	47.82	-8.2E-01	rgb( 38,108,248)	1.9364	None
TGIF2	EPHB3	0.16749	47.82	0.821	rgb(226, 60, 62)	1.9364	None
ZFHX2	GADD45A	-0.16749	47.82	-8.2E-01	rgb( 40,109,248)	1.9364	None
HHEX	ELOVL4	0.16722	47.81	0.809	rgb(226, 63, 64)	1.9362	2,2
ONECUT3	ITPR1	0.16722	47.81	0.811	rgb(226, 62, 64)	1.9362	None
SOX4	THBS4	-0.16694	47.79	-7.9E-01	rgb( 46,113,247)	1.9358	None
ZFP82	NAV3	0.16694	47.79	0.79	rgb(226, 66, 68)	1.9358	None
ASCL1	CEND1	0.16653	47.78	0.782	rgb(226, 68, 69)	1.9356	None
FOXA1	CELA3A	-0.16653	47.78	-7.8E-01	rgb( 48,114,247)	1.9356	None
POU2F2	RPS16P5	0.16653	47.78	0.781	rgb(226, 68, 69)	1.9356	2,2
HIC1	BTBD11	0.16639	47.76	0.755	rgb(225, 73, 74)	1.9352	None
PAX6	MPP2	0.16611	47.75	0.75	rgb(225, 74, 75)	1.935	None
RORC	PCED1B-AS1	-0.16611	47.75	-7.5E-01	rgb( 54,118,245)	1.935	None
ZNF846	TOX3	0.16598	47.74	0.738	rgb(225, 76, 78)	1.9348	None
ARX	CPA1	-0.16391	48.51	-5.1E-01	rgb(107,150,236)	1.9502	None
ELF4	HHEX	-0.16391	48.51	-5.1E-01	rgb(107,150,236)	1.9502	None
ELF4	ZFP62	-0.16391	48.51	-5.1E-01	rgb(106,150,236)	1.9502	None
ETS1	TSSK4	-0.16391	48.51	-5.1E-01	rgb(105,149,237)	1.9502	None
GATA4	BC022892	0.16391	48.51	0.506	rgb(223,120,121)	1.9502	2,2
LHX1	ST8SIA6-AS1	-0.16391	48.51	-5.1E-01	rgb(107,150,236)	1.9502	None
LMX1A	SNAP25	-0.16391	48.51	-5.1E-01	rgb(107,150,236)	1.9502	None
MAFA	PCDH20	0.16391	48.51	0.511	rgb(223,119,120)	1.9502	2,2
NEUROG3	CD99L2	0.16391	48.51	0.509	rgb(223,120,121)	1.9502	None
NFAT5	DLC1	0.16391	48.51	0.513	rgb(223,119,120)	1.9502	None
NR4A2	CD96	0.16391	48.51	0.511	rgb(223,119,120)	1.9502	None
NR4A2	CELSR3	0.16391	48.51	0.506	rgb(223,120,121)	1.9502	None
NR4A2	STXBP5L	-0.16391	48.51	-5.1E-01	rgb(107,150,236)	1.9502	None
TFCP2L1	TUBA1A	0.16391	48.51	0.51	rgb(223,120,121)	1.9502	None
ZNF382	RBP2	0.16391	48.51	0.508	rgb(223,120,121)	1.9502	None
ZNF492	BTBD11	-0.16363	47.73	-7.3E-01	rgb( 58,120,245)	1.9346	None
ZNF846	NDUFB6	-0.16363	47.73	-7.3E-01	rgb( 58,120,245)	1.9346	2,2
MAFA	SMOC2	0.16322	47.72	0.717	rgb(225, 80, 81)	1.9344	None
ONECUT3	APBB1	0.16322	47.72	0.716	rgb(225, 80, 82)	1.9344	None
SOX4	MAFF	0.16322	47.72	0.715	rgb(225, 80, 82)	1.9344	None
ARX	LOC100131257	0.16225	48.5	0.498	rgb(222,122,123)	1.95	2,2
HIC1	AX747826	-0.16225	48.5	-5.0E-01	rgb(109,151,236)	1.95	2,2
LMX1A	SLC25A53	-0.16225	48.5	-5.0E-01	rgb(109,151,236)	1.95	None
RFX6	GRAMD2	0.16225	48.5	0.501	rgb(223,121,122)	1.95	2,2
ZNF382	GFRA3	-0.16225	48.5	-5.0E-01	rgb(108,151,236)	1.95	None
ZNF846	CFC1	-0.16225	48.5	-5.1E-01	rgb(105,149,237)	1.95	None
ZNF846	KCNH6	-0.16225	48.5	-5.0E-01	rgb(109,151,236)	1.95	None
ASCL1	KCNH7	0.16156	47.71	0.715	rgb(225, 80, 82)	1.9342	None
HOXB9	AX747090	-0.16156	47.71	-7.1E-01	rgb( 63,123,244)	1.9342	2,2
ONECUT2	METTL21EP	0.16156	47.71	0.706	rgb(225, 82, 84)	1.9342	None
ONECUT3	RBP2	-0.16156	47.71	-7.1E-01	rgb( 63,123,244)	1.9342	None
TGIF2	CPLX1	0.16156	47.71	0.706	rgb(225, 82, 84)	1.9342	None
FOXA1	CELA3B	-0.16101	47.7	-7.0E-01	rgb( 66,125,243)	1.934	None
MAFA	BASP1	0.16101	47.7	0.697	rgb(225, 84, 85)	1.934	None
SOX4	RSPH4A	0.16101	48.18	0.703	rgb(225, 83, 84)	1.9436	None
TEAD1	TRIM24	0.16101	47.7	0.701	rgb(225, 83, 84)	1.934	None
ETV1	ATP6V0E2	0.16087	47.69	0.686	rgb(225, 86, 87)	1.9338	None
ZNF519	GPR173	0.16073	47.68	0.682	rgb(224, 87, 88)	1.9336	None
EGR3	USH2A	-0.15797	48.38	-6.7E-01	rgb( 73,129,242)	1.9476	None
FOXP2	LGR6	-0.15797	48.49	-4.9E-01	rgb(110,152,236)	1.9498	None
GRHL3	FAM19A5	0.15797	48.49	0.489	rgb(222,124,125)	1.9498	2,2
HSF2	CBLN1	-0.15797	47.67	-6.7E-01	rgb( 72,129,242)	1.9334	None
ISL1	TDO2	0.15797	47.67	0.666	rgb(224, 90, 91)	1.9334	2,2
LMX1B	TOX3	-0.15797	48.49	-4.9E-01	rgb(110,152,236)	1.9498	None
LTF	SH3GL1P1	0.15797	48.49	0.492	rgb(222,123,124)	1.9498	2,2
MAFA	KCNB2	0.15797	48.49	0.49	rgb(222,123,124)	1.9498	None
MAFA	MAP1A	0.15797	48.49	0.49	rgb(222,123,124)	1.9498	None
MAFA	RPLP0P2	0.15797	48.49	0.495	rgb(222,123,123)	1.9498	None
MAFF	SERTAD1	0.15797	47.67	0.674	rgb(224, 88, 90)	1.9334	None
NEUROD1	CA8	0.15797	48.49	0.49	rgb(222,123,124)	1.9498	None
NKX2-2	GPR142	0.15797	47.67	0.669	rgb(224, 89, 90)	1.9334	None
NR4A3	RSAD2	0.15797	48.49	0.487	rgb(222,124,125)	1.9498	None
ONECUT1	SIDT1	-0.15797	48.49	-4.9E-01	rgb(110,152,236)	1.9498	None
PBX1	ATF5	0.15797	48.49	0.492	rgb(222,123,124)	1.9498	None
PDX1	VGF	0.15797	48.49	0.489	rgb(222,124,125)	1.9498	None
SMAD9	CDKN1A	0.15797	48.49	0.487	rgb(222,124,125)	1.9498	None
SOX4	TAF9B	0.15797	48.49	0.487	rgb(222,124,125)	1.9498	None
ZNF519	RPS3	-0.15797	47.67	-6.7E-01	rgb( 72,129,242)	1.9334	None
ASCL1	SCN1B	0.15618	48.48	0.48	rgb(222,125,126)	1.9496	None
ELF4	CDKN1A	0.15618	47.66	0.655	rgb(224, 92, 93)	1.9332	None
HSF2	EFCC1	-0.15618	47.66	-6.6E-01	rgb( 75,130,242)	1.9332	None
MAFB	CLCNKA	0.15618	48.48	0.478	rgb(222,126,127)	1.9496	None
NKX6-1	BCAT1	0.15618	48.48	0.476	rgb(222,126,127)	1.9496	None
ONECUT3	TLE3	0.15618	47.66	0.662	rgb(224, 90, 92)	1.9332	None
PBX1	DOK6	-0.15618	48.48	-4.8E-01	rgb(113,154,235)	1.9496	None
RORC	LDB1	0.15618	47.66	0.656	rgb(224, 92, 93)	1.9332	None
SMAD9	IGFN1	0.15618	48.48	0.476	rgb(222,126,127)	1.9496	None
SOX4	DHRS2	-0.15618	47.66	-6.6E-01	rgb( 73,129,242)	1.9332	None
TFCP2L1	KIAA1324	0.15618	47.66	0.662	rgb(224, 91, 92)	1.9332	None
TGIF2	MEP1B	-0.15618	47.66	-6.6E-01	rgb( 74,130,242)	1.9332	None
ZNF846	FRZB	-0.15618	48.48	-4.8E-01	rgb(113,154,235)	1.9496	2,2
HOXB9	AMBP	-0.15563	47.65	-6.5E-01	rgb( 76,131,242)	1.933	None
NEUROD1	CNPY1	0.15563	47.65	0.647	rgb(224, 93, 95)	1.933	None
NR4A3	RBP2	-0.15563	47.65	-6.5E-01	rgb( 76,131,242)	1.933	None
TEAD1	SYNM	0.15563	47.65	0.647	rgb(224, 93, 95)	1.933	None
AEBP1	AK316092	0.15356	48.47	0.466	rgb(222,128,129)	1.9494	2,2
ARNT2	FAM161A	-0.15356	48.47	-4.7E-01	rgb(115,155,235)	1.9494	None
ARX	HCP5	-0.15356	48.47	-4.7E-01	rgb(115,155,235)	1.9494	None
ELF4	FGF9	-0.15356	48.47	-4.7E-01	rgb(115,155,235)	1.9494	None
LMX1A	ST8SIA6-AS1	0.15356	48.47	0.469	rgb(222,127,128)	1.9494	None
MAFA	EMB	0.15356	48.47	0.473	rgb(222,127,128)	1.9494	None
NR4A2	CCDC40	-0.15356	47.64	-6.4E-01	rgb( 77,132,241)	1.9328	None
PAX6	CBX4	0.15356	48.47	0.472	rgb(222,127,128)	1.9494	None
PBX1	MDK	-0.15356	47.64	-6.4E-01	rgb( 77,132,241)	1.9328	None
PDX1	GPR173	0.15356	47.64	0.642	rgb(224, 94, 96)	1.9328	None
PRDM16	IPO11-LRRC70	-0.15356	47.64	-6.4E-01	rgb( 79,133,241)	1.9328	2,2
RFX6	IGSF21	0.15356	48.47	0.468	rgb(222,128,128)	1.9494	None
SPIB	UCP2	-0.15356	48.47	-4.7E-01	rgb(116,155,235)	1.9494	None
TGIF2	MED12L	0.15356	47.64	0.637	rgb(224, 95, 97)	1.9328	None
ZNF846	LHX1	0.15356	48.47	0.472	rgb(222,127,128)	1.9494	None
EGR3	SLC35F3	-0.15259	47.63	-6.3E-01	rgb( 79,133,241)	1.9326	None
GATA6	FAM167A	-0.15259	47.63	-6.3E-01	rgb( 80,134,241)	1.9326	None
HSF2	DZIP1	0.15259	47.63	0.63	rgb(224, 97, 98)	1.9326	None
MAFB	CPT1C	-0.15259	47.63	-6.3E-01	rgb( 80,134,241)	1.9326	None
NFAT5	FOXA2	-0.15259	47.63	-6.3E-01	rgb( 79,133,241)	1.9326	None
PROX1	CDH22	0.15259	47.63	0.631	rgb(224, 97, 98)	1.9326	None
TEAD1	CACNA1H	0.15259	47.63	0.632	rgb(224, 96, 98)	1.9326	None
LMX1B	MSMB	0.15163	48.46	0.464	rgb(222,128,129)	1.9492	None
MAFF	NPSR1-AS1	-0.15163	48.46	-4.6E-01	rgb(116,156,235)	1.9492	None
NR4A2	CPE	0.15163	48.46	0.461	rgb(222,129,130)	1.9492	None
NR4A2	SV2A	-0.15163	48.46	-4.6E-01	rgb(117,156,235)	1.9492	None
RFX3	KCNH3	0.15163	48.46	0.46	rgb(222,129,130)	1.9492	None
TEAD1	NR4A2	-0.15163	48.46	-4.6E-01	rgb(118,157,234)	1.9492	None
TEAD2	CHD5	-0.15163	48.46	-4.6E-01	rgb(117,156,235)	1.9492	None
ETV1	FAXC	0.15121	47.62	0.616	rgb(224, 99,101)	1.9324	None
FEV	SPTBN4	0.15121	47.62	0.62	rgb(224, 99,100)	1.9324	None
SMAD9	GSTM2	0.15121	47.62	0.624	rgb(224, 98, 99)	1.9324	None
HSF2	CAMK1G	-0.15066	48.45	-4.5E-01	rgb(120,158,234)	1.949	None
MAFF	TMEM35	-0.15066	48.45	-4.5E-01	rgb(120,158,234)	1.949	2,2
MLXIPL	CELA3A	0.15066	48.45	0.447	rgb(222,132,133)	1.949	None
RFX3	CACNG4	0.15066	48.45	0.451	rgb(222,131,132)	1.949	None
ETV1	WNT6	-0.14983	47.61	-6.1E-01	rgb( 84,136,240)	1.9322	None
MAFA	TSSK4	0.14983	47.61	0.613	rgb(224,100,101)	1.9322	None
MAFB	CHRM4	0.14983	47.61	0.608	rgb(224,101,102)	1.9322	None
NKX6-1	ABCA9	-0.14983	47.61	-6.1E-01	rgb( 85,137,240)	1.9322	None
POU2F2	SLC7A2	-0.14983	47.61	-6.1E-01	rgb( 84,136,240)	1.9322	None
ZFP28	SHC3	-0.14983	47.61	-6.1E-01	rgb( 84,136,240)	1.9322	None
ARNT2	SV2A	-0.14832	48.44	-4.4E-01	rgb(122,159,234)	1.9488	None
ELF4	EID2	-0.14832	48.44	-4.4E-01	rgb(122,159,234)	1.9488	None
FEV	HGFAC	0.14832	47.6	0.601	rgb(224,102,103)	1.932	None
FOXP2	DNAH11	0.14832	47.6	0.596	rgb(224,103,104)	1.932	None
LHX1	CACNA2D1	0.14832	48.44	0.442	rgb(222,133,133)	1.9488	None
LMX1B	FRMPD4	0.14832	48.44	0.443	rgb(222,132,133)	1.9488	None
NR4A2	AK091275	0.14832	48.44	0.44	rgb(222,133,134)	1.9488	2,2
PDX1	WSCD1	-0.14832	47.6	-6.0E-01	rgb( 87,138,240)	1.932	None
RORC	GPR148	-0.14832	47.6	-6.0E-01	rgb( 86,137,240)	1.932	None
TFCP2L1	PODXL2	0.14832	48.44	0.442	rgb(222,133,133)	1.9488	None
ZFHX2	UBE2Q2P2	0.14832	47.6	0.599	rgb(224,103,104)	1.932	2,2
ARX	NOTUM	-0.1479	48.43	-4.3E-01	rgb(124,160,233)	1.9486	None
HIF1A	FOXD4L2	-0.1479	48.43	-4.3E-01	rgb(124,161,233)	1.9486	2,2
MAFB	GOLGA6L5	0.1479	48.43	0.427	rgb(222,135,136)	1.9486	2,2
EGR3	CBFA2T3	-0.14666	47.59	-5.9E-01	rgb( 90,139,239)	1.9318	None
GATA2	CBX7	0.14666	47.59	0.59	rgb(223,104,106)	1.9318	None
LMX1B	RAPGEF4	0.14666	47.59	0.59	rgb(223,104,106)	1.9318	None
MAFF	SMARCD2	-0.14666	47.59	-5.9E-01	rgb( 88,139,240)	1.9318	None
POU2F2	SLC26A7	0.14666	47.59	0.591	rgb(223,104,105)	1.9318	None
SMAD9	ARHGAP22	0.14666	47.59	0.594	rgb(224,104,105)	1.9318	None
TGIF2	HCN4	0.14666	47.59	0.592	rgb(224,104,105)	1.9318	None
TGIF2	QSOX2	0.14666	47.59	0.589	rgb(223,105,106)	1.9318	None
ZNF846	NNMT	-0.14666	47.59	-5.9E-01	rgb( 89,139,239)	1.9318	None
ETS1	NHLH1	0.14597	48.42	0.417	rgb(222,137,138)	1.9484	None
LMX1A	TMEM212	0.14597	48.42	0.421	rgb(222,137,137)	1.9484	None
MAFA	HES4	0.14597	48.42	0.421	rgb(222,137,138)	1.9484	None
MAFA	TUBB3	-0.14597	48.42	-4.2E-01	rgb(126,161,233)	1.9484	None
ST18	ACSS3	-0.14597	48.42	-4.2E-01	rgb(127,162,233)	1.9484	None
ARNT2	CHRNB2	-0.14473	48.41	-4.1E-01	rgb(127,162,233)	1.9482	None
ARX	VASH2	-0.14473	48.41	-4.1E-01	rgb(128,163,233)	1.9482	None
ETV1	GNG4	0.14473	47.58	0.582	rgb(223,106,107)	1.9316	None
FOXA1	ICA1L	0.14473	47.58	0.579	rgb(223,106,108)	1.9316	None
FOXA2	LRP4-AS1	-0.14473	47.58	-5.8E-01	rgb( 91,140,239)	1.9316	None
NPAS3	ASCL1	0.14473	48.41	0.409	rgb(221,139,140)	1.9482	2,2
POU2F2	PLCE1-AS1	0.14473	47.58	0.585	rgb(223,105,106)	1.9316	2,2
SOX4	TMEM178B	0.14473	47.58	0.584	rgb(223,105,107)	1.9316	None
TGIF2	ITPR1	0.14473	47.58	0.579	rgb(223,106,108)	1.9316	None
ETS1	FAM110B	0.1439	48.4	0.404	rgb(221,140,141)	1.948	None
MYRF	BC010924	-0.1439	48.4	-4.0E-01	rgb(130,164,232)	1.948	2,2
ONECUT1	MURC	0.1439	48.4	0.401	rgb(221,140,141)	1.948	2,2
PDX1	KIF1A	0.1439	48.4	0.4	rgb(221,141,141)	1.948	None
SOX4	KCNF1	0.1439	48.4	0.403	rgb(221,140,141)	1.948	None
ZNF492	EGR3	0.1439	48.4	0.399	rgb(221,141,142)	1.948	None
FOXP2	SAP30	0.14335	47.57	0.568	rgb(223,108,110)	1.9314	None
ONECUT1	CLPS	-0.14335	47.57	-5.7E-01	rgb( 94,142,239)	1.9314	None
ONECUT2	ELL2	0.14335	47.57	0.569	rgb(223,108,109)	1.9314	None
TEAD2	APLP1	0.14335	47.57	0.571	rgb(223,108,109)	1.9314	None
LHX1	METTL21EP	-0.14294	48.05	-5.6E-01	rgb( 96,144,238)	1.941	None
MAFA	NEUROG3	0.14294	47.56	0.564	rgb(223,109,110)	1.9312	2,2
NR4A2	ATP1A3	-0.14294	47.56	-5.6E-01	rgb( 96,143,238)	1.9312	None
ARNT2	CELF5	-0.14128	48.39	-3.9E-01	rgb(133,166,232)	1.9478	None
ARX	SERTAD1	-0.14128	48.39	-3.9E-01	rgb(132,165,232)	1.9478	None
ASCL1	HCN4	0.14128	47.55	0.555	rgb(223,111,112)	1.931	None
EGR3	TUBB3	0.14128	47.55	0.549	rgb(223,112,113)	1.931	None
ELF4	AVPR1B	-0.14128	48.39	-3.9E-01	rgb(133,166,232)	1.9478	None
FEV	CLCNKA	-0.14128	47.55	-5.5E-01	rgb( 97,144,238)	1.931	None
FOXA2	TMPRSS6	0.14128	48.39	0.407	rgb(221,139,140)	1.9478	None
HSF2	CELF4	0.14128	47.55	0.55	rgb(223,112,113)	1.931	None
LHX1	HOPX	-0.14128	48.39	-3.9E-01	rgb(133,166,232)	1.9478	None
NR4A2	CXXC4	0.14128	48.39	0.388	rgb(221,143,144)	1.9478	None
PBX1	GCH1	-0.14128	48.39	-3.9E-01	rgb(133,166,232)	1.9478	None
PDX1	CD96	-0.14128	48.39	-3.9E-01	rgb(132,166,232)	1.9478	None
CBX2	RIC3	0.14059	48.38	0.539	rgb(223,114,115)	1.9476	2,2
FOXP2	SPC25	0.14059	47.54	0.536	rgb(223,115,116)	1.9308	None
RORC	MAML3	0.14059	47.54	0.539	rgb(223,114,115)	1.9308	None
ZFP82	NFAT5	0.14059	47.54	0.541	rgb(223,114,115)	1.9308	None
ZNF492	TSNAX-DISC1	0.14059	47.54	0.541	rgb(223,114,115)	1.9308	None
EGR3	REEP2	-0.1399	48.38	-3.8E-01	rgb(134,167,232)	1.9476	None
ETS1	SMTNL2	0.1399	48.38	0.38	rgb(221,144,145)	1.9476	None
HSF2	ID4	-0.1399	48.38	-3.8E-01	rgb(134,166,232)	1.9476	None
NPAS3	CRISPLD1	0.1399	48.38	0.385	rgb(221,143,144)	1.9476	2,2
NR4A3	INSM1	-0.1399	48.38	-3.8E-01	rgb(135,167,231)	1.9476	None
ETS1	ZNF853	0.13949	48.37	0.371	rgb(221,146,147)	1.9474	None
LHX1	DPP10	0.13949	48.37	0.365	rgb(221,147,148)	1.9474	None
LHX1	GATA6	0.13949	48.37	0.366	rgb(221,147,148)	1.9474	None
AEBP1	NKX6-1	0.1388	48.36	0.356	rgb(221,149,150)	1.9472	2,2
MAFF	AL117485	-0.1388	48.36	-3.6E-01	rgb(139,169,231)	1.9472	2,2
MAFF	RAP1GAP2	-0.1388	48.36	-3.6E-01	rgb(138,169,231)	1.9472	None
MYRF	AX747826	-0.1388	48.36	-3.6E-01	rgb(139,170,231)	1.9472	2,2
RFX3	CRIP2	0.1388	48.36	0.36	rgb(221,148,149)	1.9472	None
ETV1	ONECUT1	0.13756	47.53	0.534	rgb(223,115,116)	1.9306	2,2
FOXA1	AK094916	-0.13756	47.53	-5.3E-01	rgb(102,147,237)	1.9306	2,2
FOXP2	SPOCK3	-0.13756	47.53	-5.3E-01	rgb(102,147,237)	1.9306	None
HOXB9	FCGBP	-0.13756	47.53	-5.3E-01	rgb(101,147,237)	1.9306	None
MAFF	SYCP2	-0.13756	47.53	-5.3E-01	rgb(103,147,237)	1.9306	None
MYT1	PAK3	0.13756	47.53	0.526	rgb(223,117,118)	1.9306	2,2
NKX6-1	KCNMA1	0.13756	47.53	0.532	rgb(223,115,116)	1.9306	None
ONECUT2	CACNA1E	0.13756	47.53	0.525	rgb(223,117,118)	1.9306	None
RORC	MCOLN3	-0.13756	47.53	-5.3E-01	rgb(103,148,237)	1.9306	None
ETS1	ENPP2	0.13714	48.35	0.35	rgb(221,150,151)	1.947	None
GATA4	DNAH11	0.13714	48.35	0.369	rgb(221,146,147)	1.947	None
ONECUT3	FGF2	0.13714	48.35	0.354	rgb(221,149,150)	1.947	None
ETS1	TMEFF1	0.13618	47.52	0.518	rgb(223,118,119)	1.9304	None
GATA4	ZNRF3-AS1	-0.13618	47.52	-5.2E-01	rgb(103,148,237)	1.9304	None
HIF1A	ADNP	0.13618	47.52	0.515	rgb(223,119,120)	1.9304	None
HSF2	HIF1A	0.13618	47.52	0.52	rgb(223,118,119)	1.9304	None
NHLH1	CORO2B	0.13618	47.52	0.517	rgb(223,118,119)	1.9304	None
PRDM16	PLXNC1	0.13618	47.52	0.519	rgb(223,118,119)	1.9304	None
RORC	DUSP2	0.13618	47.52	0.52	rgb(223,118,119)	1.9304	None
GATA4	SLC7A4	0.13507	48.34	0.363	rgb(221,148,148)	1.9468	None
HSF2	SV2A	-0.13507	48.34	-3.4E-01	rgb(142,172,230)	1.9468	None
NEUROG3	ANKRD20A8P	-0.13507	48.34	-3.4E-01	rgb(144,172,230)	1.9468	2,2
NR4A2	ACSS3	0.13507	48.34	0.336	rgb(221,153,153)	1.9468	None
PBX1	C2CD4A	0.13507	48.34	0.341	rgb(221,152,153)	1.9468	None
PBX1	NPAS3	-0.13507	48.34	-3.4E-01	rgb(142,172,230)	1.9468	None
PRDM16	SGSM1	-0.13507	48.34	-3.4E-01	rgb(142,172,230)	1.9468	None
SIM1	FAM179A	0.13507	48.34	0.342	rgb(221,152,152)	1.9468	2,2
ARX	IFI6	0.13397	47.51	0.508	rgb(223,120,121)	1.9302	None
FOXA2	RNF157	0.13397	47.51	0.507	rgb(223,120,121)	1.9302	None
GATA4	FKSG51	-0.13397	47.51	-5.1E-01	rgb(106,149,236)	1.9302	2,2
HES4	LOC284581	-0.13397	47.51	-5.1E-01	rgb(105,149,237)	1.9302	2,2
LMX1B	RTN4RL1	0.13397	47.51	0.513	rgb(223,119,120)	1.9302	None
MAFA	HIC1	-0.13397	47.51	-5.1E-01	rgb(107,150,236)	1.9302	None
NR4A3	AMPH	-0.13397	47.51	-5.1E-01	rgb(105,149,237)	1.9302	None
SOX4	HINT1	0.13397	47.51	0.508	rgb(223,120,121)	1.9302	None
ELF4	SFRP1	-0.13286	48.33	-3.8E-01	rgb(135,167,231)	1.9466	None
LMX1A	PTPRN2	-0.13286	48.33	-3.3E-01	rgb(146,174,230)	1.9466	None
MAFB	MAST1	0.13286	48.33	0.331	rgb(221,154,154)	1.9466	None
MYRF	AK026777	-0.13286	48.33	-3.3E-01	rgb(145,173,230)	1.9466	2,2
MYRF	AX748379	-0.13286	48.33	-3.3E-01	rgb(146,174,229)	1.9466	2,2
NFAT5	CCDC154	-0.13286	48.33	-3.3E-01	rgb(146,174,229)	1.9466	2,2
PRDM16	RGS4	-0.13286	48.33	-3.3E-01	rgb(145,173,230)	1.9466	None
ZFHX2	TAC1	-0.13286	48.33	-3.3E-01	rgb(146,174,229)	1.9466	2,2
ELF4	COL21A1	-0.13121	47.5	-5.0E-01	rgb(108,151,236)	1.93	None
HSF2	SLC14A2	-0.13121	47.5	-5.0E-01	rgb(108,150,236)	1.93	None
MAFA	ANKRD20A8P	-0.13121	47.5	-5.0E-01	rgb(109,151,236)	1.93	2,2
NR4A3	ATP1A3	0.13121	47.5	0.497	rgb(222,122,123)	1.93	None
ONECUT3	JPH4	-0.13121	47.5	-5.0E-01	rgb(109,151,236)	1.93	None
PBX1	CXXC4	0.13121	47.5	0.501	rgb(223,121,122)	1.93	None
POU2F2	SLC14A2	0.13121	47.5	0.5	rgb(222,122,123)	1.93	None
PROX1	AL117485	0.13121	47.5	0.5	rgb(222,122,123)	1.93	2,2
RORC	KCNIP3	0.13121	47.5	0.502	rgb(223,121,122)	1.93	None
RORC	LMO3	-0.13121	47.5	-5.0E-01	rgb(109,151,236)	1.93	None
ZNF382	AL831889	0.13121	47.5	0.503	rgb(223,121,122)	1.93	2,2
ZNF519	NALCN	-0.13121	47.5	-5.0E-01	rgb(109,151,236)	1.93	None
ETV1	BCORL1	-0.13038	48.32	-3.2E-01	rgb(148,175,229)	1.9464	None
LHX1	PGM5	0.13038	48.32	0.315	rgb(220,157,157)	1.9464	None
PDX1	DLGAP3	-0.13038	48.32	-3.2E-01	rgb(147,174,229)	1.9464	None
PDX1	SULT1C2P1	-0.13038	48.32	-3.2E-01	rgb(148,175,229)	1.9464	None
PRDM16	HEPACAM2	-0.13038	48.32	-3.2E-01	rgb(147,175,229)	1.9464	None
TFCP2L1	HMGB3	0.13038	48.32	0.319	rgb(221,156,157)	1.9464	None
ARX	TUBB2B	-0.12942	48.31	-3.1E-01	rgb(149,176,229)	1.9462	None
FEV	EGFR	-0.12942	48.31	-3.1E-01	rgb(149,176,229)	1.9462	None
NEUROD2	FLJ38723	0.12942	48.31	0.312	rgb(220,157,158)	1.9462	2,2
NEUROG3	MXI1	0.12942	48.31	0.312	rgb(220,157,158)	1.9462	None
PAX4	CNTN3	-0.12942	48.31	-3.1E-01	rgb(150,176,229)	1.9462	2,2
SOX4	MMP11	0.12942	48.31	0.312	rgb(220,157,158)	1.9462	None
TEAD1	NHLH1	-0.12942	48.31	-3.1E-01	rgb(150,177,229)	1.9462	None
FEV	SLC25A53	0.12804	47.49	0.487	rgb(222,124,125)	1.9298	None
FOXA2	STK33	0.12804	47.49	0.485	rgb(222,124,125)	1.9298	None
HOXB9	UNC13A	0.12804	47.49	0.493	rgb(222,123,124)	1.9298	None
HSF2	PDZRN3	0.12804	47.49	0.494	rgb(222,123,124)	1.9298	None
MAFA	RTN4RL1	-0.12804	47.49	-4.9E-01	rgb(111,153,236)	1.9298	None
RORC	MAP1B	-0.12804	47.49	-4.9E-01	rgb(111,153,236)	1.9298	None
SOX4	ATP6V0E2	-0.12804	47.49	-4.9E-01	rgb(110,152,236)	1.9298	None
TEAD1	EPHA4	0.12804	47.49	0.488	rgb(222,124,125)	1.9298	None
TP73	NR4A3	0.12804	47.49	0.485	rgb(222,124,125)	1.9298	None
ZNF519	C1QL1	-0.12804	47.49	-4.9E-01	rgb(111,153,236)	1.9298	None
ARX	AX747756	0.12624	48.3	0.296	rgb(220,161,161)	1.946	2,2
EGR3	TTLL6	-0.12624	48.3	-3.0E-01	rgb(152,178,228)	1.946	None
MAFF	CDH22	-0.12624	48.3	-3.0E-01	rgb(152,177,228)	1.946	None
NEUROD2	IGSF10	0.12624	48.3	0.393	rgb(221,142,143)	1.946	None
NPAS3	NXF2	0.12624	48.3	0.299	rgb(220,160,160)	1.946	2,2
NR4A2	CHGB	-0.12624	48.3	-3.0E-01	rgb(151,177,229)	1.946	None
NR4A2	DDC	-0.12624	48.3	-6.1E-01	rgb( 84,136,240)	1.946	None
ONECUT1	GDAP1	0.12624	48.3	0.302	rgb(220,159,160)	1.946	None
PAX6	TCEAL1	-0.12624	48.3	-3.0E-01	rgb(151,177,229)	1.946	None
PDX1	RAB36	-0.12624	48.3	-3.0E-01	rgb(152,178,228)	1.946	None
PRDM16	NALCN	0.12624	48.3	0.519	rgb(223,118,119)	1.946	None
SPIB	ELF4	0.12624	48.3	0.301	rgb(220,160,160)	1.946	None
ZFP2	AK125960	-0.12624	48.3	-3.0E-01	rgb(152,177,228)	1.946	2,2
ETV1	AK311257	0.12486	47.48	0.477	rgb(222,126,127)	1.9296	2,2
GATA6	FLT1	-0.12486	47.48	-4.8E-01	rgb(114,154,235)	1.9296	None
HSF2	NEFM	-0.12486	47.48	-5.9E-01	rgb( 88,139,240)	1.9296	None
ONECUT1	GPR112	0.12486	47.48	0.481	rgb(222,125,126)	1.9296	2,2
PBX1	AKR1B1	-0.12486	47.48	-4.8E-01	rgb(114,154,235)	1.9296	None
POU6F1	SIM1	0.12486	47.48	0.483	rgb(222,125,126)	1.9296	None
SMAD9	MALAT1	0.12486	47.48	0.484	rgb(222,125,126)	1.9296	None
SMAD9	MAST1	0.12486	47.48	0.484	rgb(222,125,126)	1.9296	None
TGIF2	KCNAB2	0.12486	47.48	0.483	rgb(222,125,126)	1.9296	None
TGIF2	TTC7B	0.12486	47.48	0.484	rgb(222,125,126)	1.9296	None
ARX	KLK12	-0.12403	48.29	-2.9E-01	rgb(155,179,228)	1.9458	None
RFX3	MAP1A	0.12403	48.29	0.288	rgb(220,162,163)	1.9458	None
SIM1	PCDHB10	0.12403	48.29	0.295	rgb(220,161,161)	1.9458	2,2
ST18	SYP	-0.12403	48.29	-2.9E-01	rgb(155,179,228)	1.9458	None
TEAD2	BEX2	0.12403	48.29	0.285	rgb(220,163,163)	1.9458	None
ZFHX2	CLSPN	0.12403	48.29	0.29	rgb(220,162,162)	1.9458	None
FOXA2	NPSR1-AS1	0.12321	47.47	0.472	rgb(222,127,128)	1.9294	None
MAFB	FSD1	0.12321	47.47	0.469	rgb(222,127,128)	1.9294	None
NKX2-2	GABBR2	0.12321	47.47	0.474	rgb(222,127,127)	1.9294	None
ONECUT3	DYNC1I1	-0.12321	47.47	-4.7E-01	rgb(114,154,235)	1.9294	None
ONECUT3	EMB	-0.12321	47.47	-4.7E-01	rgb(115,155,235)	1.9294	None
SOX4	CENPE	-0.12321	47.47	-4.7E-01	rgb(115,155,235)	1.9294	None
ELF4	SPIB	-0.12238	48.28	-2.8E-01	rgb(156,180,228)	1.9456	None
ISL1	HGFAC	-0.12238	48.28	-2.8E-01	rgb(157,180,228)	1.9456	None
LMX1B	JAM3	0.12238	48.28	0.282	rgb(220,163,164)	1.9456	None
NR4A2	MAPK12	0.12238	48.28	0.28	rgb(220,163,164)	1.9456	None
RFX2	BRS3	0.12238	48.28	0.609	rgb(224,101,102)	1.9456	None
ZFHX2	SYCP2	0.12238	48.28	0.277	rgb(220,164,165)	1.9456	None
ETS1	PAM	-0.12141	47.46	-4.9E-01	rgb(110,152,236)	1.9292	None
GATA4	FLT1	-0.12141	47.46	-4.6E-01	rgb(116,156,235)	1.9292	None
HSF2	LRP4-AS1	-0.12141	47.46	-4.6E-01	rgb(118,157,234)	1.9292	None
NEUROD2	PAPPA2	-0.12141	47.46	-4.6E-01	rgb(117,156,235)	1.9292	None
ONECUT1	AMBP	-0.12141	47.46	-4.6E-01	rgb(116,156,235)	1.9292	None
RFX2	CDK5R1	-0.12141	47.46	-4.6E-01	rgb(117,156,235)	1.9292	None
TFCP2L1	COL12A1	0.12141	47.46	0.462	rgb(222,129,130)	1.9292	None
RORC	CCL19	0.12114	47.45	0.449	rgb(222,131,132)	1.929	None
TP73	PBX1	-0.12114	47.45	-4.5E-01	rgb(120,158,234)	1.929	None
EGR3	CCDC74A	-0.12003	48.27	-2.7E-01	rgb(158,181,227)	1.9454	None
ELF4	PTPRN	-0.12003	48.27	-2.7E-01	rgb(158,181,227)	1.9454	None
HSF2	LRRTM3	0.12003	48.27	0.266	rgb(220,166,167)	1.9454	None
MAFA	SYNGR3	0.12003	48.27	0.275	rgb(220,165,165)	1.9454	None
RFX3	MAPK8IP1	0.12003	48.27	0.266	rgb(220,166,167)	1.9454	None
ZFHX2	SYN1	-0.12003	48.27	-2.7E-01	rgb(158,181,227)	1.9454	None
ZFP90	FAM64A	0.12003	48.27	0.265	rgb(220,166,167)	1.9454	2,2
ZNF846	SLC12A5	-0.12003	48.27	-2.7E-01	rgb(158,181,227)	1.9454	None
HIC1	STXBP1	-0.11948	48.26	-2.6E-01	rgb(160,182,227)	1.9452	None
NEUROD1	CACNA2D1	0.11948	48.26	0.262	rgb(220,167,168)	1.9452	None
NEUROG3	SERPINI1	0.11948	48.26	0.262	rgb(220,167,168)	1.9452	None
TGIF2	DKK3	-0.11948	48.26	-2.6E-01	rgb(161,183,227)	1.9452	None
ASCL2	CDH22	0.1181	47.44	0.444	rgb(222,132,133)	1.9288	None
EGR3	PAK6	0.1181	47.44	0.436	rgb(222,134,135)	1.9288	None
FOXA1	LRP4-AS1	-0.1181	47.44	-4.4E-01	rgb(121,159,234)	1.9288	None
HOXB9	BC040358	-0.1181	47.44	-4.4E-01	rgb(121,159,234)	1.9288	2,2
LHX1	DNER	-0.1181	47.44	-4.4E-01	rgb(122,159,234)	1.9288	None
MAFB	MAP2	0.1181	47.44	0.437	rgb(222,134,134)	1.9288	None
NR4A2	NEAT1	0.1181	47.44	0.438	rgb(222,133,134)	1.9288	None
PAX4	DLL1	0.1181	47.44	0.441	rgb(222,133,134)	1.9288	None
POU6F1	PPM1E	0.1181	47.44	0.435	rgb(222,134,135)	1.9288	None
ZNF519	COL22A1	-0.1181	47.44	-4.4E-01	rgb(122,159,234)	1.9288	None
ARX	SLC38A3	-0.11727	48.25	-2.5E-01	rgb(162,183,227)	1.945	None
ETV1	CITED1	0.11727	48.25	0.249	rgb(220,169,170)	1.945	None
GATA2	TPH1	0.11727	48.25	0.248	rgb(220,170,170)	1.945	None
NKX2-2	APLN	0.11727	48.25	0.249	rgb(220,170,170)	1.945	None
RFX6	POU2F2	0.11727	48.25	0.254	rgb(220,168,169)	1.945	None
ZFHX2	CCK	-0.11727	48.25	-2.8E-01	rgb(157,180,228)	1.945	None
ELF4	ACBD7	-0.11686	48.24	-2.4E-01	rgb(166,186,226)	1.9448	None
NPAS3	AK022997	0.11686	48.24	0.364	rgb(221,148,148)	1.9448	2,2
NPAS3	FAM181B	0.11686	48.24	0.238	rgb(220,172,172)	1.9448	2,2
ASCL2	FBXL16	0.11534	47.43	0.427	rgb(222,135,136)	1.9286	None
ATF5	NKD1	0.11534	47.43	0.43	rgb(222,135,136)	1.9286	None
EGR3	TMOD1	-0.11534	47.43	-4.3E-01	rgb(124,161,233)	1.9286	None
HIF1A	MICAL2	0.11534	47.43	0.429	rgb(222,135,136)	1.9286	None
HSF2	ADCY2	-0.11534	47.43	-4.3E-01	rgb(124,160,233)	1.9286	None
MAFA	DTX1	0.11534	47.43	0.427	rgb(222,136,136)	1.9286	None
RORC	SYNM	-0.11534	47.43	-4.3E-01	rgb(123,160,233)	1.9286	None
SPIB	NHSL2	0.11534	47.43	0.429	rgb(222,135,136)	1.9286	None
TFCP2L1	NKAIN1	-0.11534	47.43	-4.3E-01	rgb(123,160,233)	1.9286	None
ZFP90	PGF	-0.11534	47.43	-4.3E-01	rgb(124,160,233)	1.9286	None
ZNF846	RGS14	-0.11534	47.43	-4.3E-01	rgb(123,160,233)	1.9286	None
ARX	VSTM2L	-0.11438	48.23	-2.3E-01	rgb(167,186,226)	1.9446	None
ETV1	CLIP3	-0.11438	48.23	-2.3E-01	rgb(167,187,226)	1.9446	None
HOMEZ	MFAP2	-0.11438	48.23	-2.3E-01	rgb(168,187,226)	1.9446	2,2
LMX1A	RAB3C	-0.11438	48.23	-2.3E-01	rgb(168,187,226)	1.9446	None
LMX1B	GAD2	0.11438	48.23	0.234	rgb(220,172,173)	1.9446	None
MAFA	PDGFD	0.11438	48.23	0.228	rgb(220,173,174)	1.9446	None
NEUROG3	P2RX6	0.11438	48.23	0.735	rgb(225, 77, 78)	1.9446	None
ATF6	TMEM198	-0.11313	47.42	-4.2E-01	rgb(125,161,233)	1.9284	None
CXXC4	PCDHB10	0.11313	47.42	0.416	rgb(222,138,138)	1.9284	2,2
ELF4	CHRNA5	-0.11313	47.42	-4.2E-01	rgb(125,161,233)	1.9284	None
GATA2	COL22A1	0.11313	47.42	0.416	rgb(222,138,138)	1.9284	None
HSF2	GLIS2	-0.11313	47.42	-4.2E-01	rgb(127,162,233)	1.9284	None
ONECUT2	ANKRD36B	0.11313	47.42	0.423	rgb(222,136,137)	1.9284	2,2
PDX1	NR4A2	0.11313	47.42	0.421	rgb(222,137,137)	1.9284	None
SMAD9	CBX2	0.11313	47.42	0.422	rgb(222,136,137)	1.9284	None
TGIF2	TSHZ1	-0.11313	47.42	-4.2E-01	rgb(125,161,233)	1.9284	None
HSF2	RPLP0P2	-0.11258	48.22	-5.3E-01	rgb(101,146,237)	1.9444	None
PDX1	HLA-DPA1	0.11258	48.22	0.224	rgb(219,174,175)	1.9444	None
RFX6	ADAMTS2	0.11258	48.22	0.217	rgb(219,176,176)	1.9444	None
ZFHX2	CACNA1C	-0.11258	48.22	-2.2E-01	rgb(170,188,225)	1.9444	None
EGR3	PTPN22	-0.11107	48.21	-2.1E-01	rgb(172,189,225)	1.9442	None
ELF4	KCNK17	-0.11107	48.21	-2.1E-01	rgb(171,189,225)	1.9442	None
ETV1	HSPA12A	0.11107	47.41	0.414	rgb(222,138,139)	1.9282	None
HSF2	ATP6V1G2	0.11107	47.41	0.411	rgb(222,138,139)	1.9282	None
HSF2	GPR148	0.11107	47.41	0.407	rgb(221,139,140)	1.9282	None
LHX1	TSHZ1	0.11107	48.21	0.206	rgb(219,178,178)	1.9442	None
LMX1A	CCK	-0.11107	48.21	-2.1E-01	rgb(172,190,225)	1.9442	None
ONECUT3	SRCIN1	0.11107	47.41	0.41	rgb(222,139,140)	1.9282	None
PAX6	TAF9B	-0.11107	48.21	-2.1E-01	rgb(172,190,225)	1.9442	None
RORC	MEX3A	0.11107	47.41	0.409	rgb(222,139,140)	1.9282	None
SMAD9	DLL4	0.11107	47.41	0.408	rgb(221,139,140)	1.9282	None
ELF4	CHGB	-0.11051	48.2	-2.0E-01	rgb(173,190,225)	1.944	None
ONECUT1	SPTBN4	0.11051	48.2	0.199	rgb(219,179,179)	1.944	None
RFX6	LINC00261	0.11051	48.2	0.197	rgb(219,179,180)	1.944	None
ZNF846	TMEFF1	-0.11051	48.2	-2.0E-01	rgb(174,191,225)	1.944	None
LHX1	GCG	-0.1101	48.19	-1.9E-01	rgb(175,192,224)	1.9438	None
MAFA	MCOLN3	0.1101	48.19	0.192	rgb(219,180,181)	1.9438	None
MAFF	ATP6V1G2	-0.1101	48.19	-1.9E-01	rgb(175,191,224)	1.9438	None
EGR3	NFRKB	-0.10927	47.4	-4.0E-01	rgb(129,164,232)	1.928	None
ETV1	TMEM132C	0.10927	47.4	0.396	rgb(221,141,142)	1.928	None
HOXB9	CXXC4	0.10927	47.4	0.4	rgb(221,141,141)	1.928	None
MAFA	LAPTM5	0.10927	47.4	0.397	rgb(221,141,142)	1.928	None
ZNF382	DNER	0.10927	47.4	0.399	rgb(221,141,142)	1.928	None
ZNF846	CDK5R1	0.10927	47.4	0.471	rgb(222,127,128)	1.928	None
GATA2	RCOR3	0.10913	48.18	0.182	rgb(219,182,183)	1.9436	None
ZFHX2	CPB1	-0.10886	48.17	-1.7E-01	rgb(181,195,223)	1.9434	None
ZFHX2	RAB3C	-0.10886	48.17	-1.7E-01	rgb(180,194,224)	1.9434	None
ELF4	UBE2QL1	0.10762	47.39	0.395	rgb(221,142,142)	1.9278	2,2
MAFA	FAM155B	0.10762	47.39	0.395	rgb(221,142,142)	1.9278	None
MAFA	SSTR1	0.10762	47.39	0.386	rgb(221,143,144)	1.9278	None
MYRF	ACSS3	0.10762	48.16	0.455	rgb(222,130,131)	1.9432	None
MYT1	ERO1LB	0.10762	48.16	0.157	rgb(219,187,187)	1.9432	2,2
NEUROG3	LINC00930	0.10762	47.39	0.394	rgb(221,142,143)	1.9278	2,2
ONECUT2	CORO2B	-0.10762	48.16	-7.1E-01	rgb( 62,123,244)	1.9432	None
SOX4	NPM2	-0.10762	47.39	-3.9E-01	rgb(132,165,232)	1.9278	None
ZNF846	CHGB	-0.10762	47.39	-3.9E-01	rgb(132,165,232)	1.9278	None
NEUROD2	KCNK3	0.10734	48.15	0.154	rgb(219,188,188)	1.943	None
RORC	GFRA1	-0.10734	48.15	-1.5E-01	rgb(185,197,223)	1.943	None
ARX	CAMK2B	-0.10679	48.14	-1.4E-01	rgb(186,198,222)	1.9428	None
ARX	SCGB1A1	-0.10679	48.14	-1.4E-01	rgb(186,198,222)	1.9428	None
EGR3	WDR17	-0.10679	48.14	-1.4E-01	rgb(187,199,222)	1.9428	None
ONECUT1	FAT3	0.10679	48.14	0.144	rgb(219,190,190)	1.9428	None
ONECUT1	BCAT1	0.10665	48.13	0.128	rgb(218,192,193)	1.9426	None
NEUROD1	NEURL	0.10651	48.12	0.12	rgb(218,194,194)	1.9424	2,2
ARX	MMP11	-0.10444	48.11	-1.1E-01	rgb(194,203,221)	1.9422	None
FOXA2	RRAGD	0.10444	47.38	0.384	rgb(221,144,144)	1.9276	None
FOXP2	AFF2	0.10444	47.38	0.383	rgb(221,144,145)	1.9276	2,2
GATA4	COL10A1	0.10444	47.38	0.379	rgb(221,145,145)	1.9276	None
GATA6	KIAA0845	0.10444	47.38	0.381	rgb(221,144,145)	1.9276	2,2
HIC1	NAALADL1	-0.10444	47.38	-3.8E-01	rgb(134,167,231)	1.9276	None
HIC1	TMEM145	0.10444	47.38	0.383	rgb(221,144,145)	1.9276	None
MAFA	MLLT11	-0.10444	48.11	-1.1E-01	rgb(192,202,221)	1.9422	None
NR4A3	NAIP	0.10444	47.38	0.384	rgb(221,144,144)	1.9276	2,2
PRDM16	SPIB	-0.10444	48.11	-1.1E-01	rgb(192,202,221)	1.9422	None
SPIB	KCNJ6	0.10444	47.38	0.384	rgb(221,144,144)	1.9276	None
TFCP2L1	GDF11	-0.10444	47.38	-3.8E-01	rgb(134,167,232)	1.9276	None
TGIF2	ELL2	-0.10444	47.38	-3.8E-01	rgb(134,167,231)	1.9276	None
TGIF2	RASL10B	0.10444	47.38	0.38	rgb(221,145,145)	1.9276	2,2
TGIF2	ZFP28	-0.10444	47.38	-3.8E-01	rgb(135,167,231)	1.9276	None
GATA4	ZFP82	0.1043	48.1	0.103	rgb(218,197,197)	1.942	None
ARX	CTTNBP2	-0.10375	48.09	-8.6E-02	rgb(198,206,220)	1.9418	None
ELF4	GNAO1	0.10375	48.09	0.091	rgb(218,200,200)	1.9418	None
HSF2	HCN4	-0.10375	48.09	-8.6E-02	rgb(198,206,220)	1.9418	None
TFCP2L1	SPDYE7P	0.10375	48.09	0.422	rgb(222,136,137)	1.9418	None
ETV1	WNK2	0.10292	47.37	0.365	rgb(221,147,148)	1.9274	None
FEV	ISL1	0.10292	47.37	0.367	rgb(221,147,148)	1.9274	None
FOXA1	RIMBP2	0.10292	47.37	0.366	rgb(221,147,148)	1.9274	None
GATA2	MTUS2	0.10292	47.37	0.374	rgb(221,146,146)	1.9274	None
MAFA	ZFP28	-0.10292	47.37	-3.7E-01	rgb(138,169,231)	1.9274	None
RORC	RRAGD	0.10292	47.37	0.372	rgb(221,146,147)	1.9274	None
RFX2	CRIP2	0.10265	48.07	0.067	rgb(218,204,204)	1.9414	None
ZFHX2	PCDH20	-0.10265	48.07	-6.7E-02	rgb(202,208,220)	1.9414	2,2
ASCL1	PTGDR2	0.10237	48.06	0.064	rgb(218,205,205)	1.9412	None
LMX1B	RGS16	-0.10237	48.06	-5.8E-02	rgb(204,209,219)	1.9412	None
GATA4	LINC00310	0.10168	47.36	0.362	rgb(221,148,149)	1.9272	None
HOXB9	GRAP2	-0.10168	47.36	-3.6E-01	rgb(138,169,231)	1.9272	None
LMX1A	HSF2	-0.10168	47.36	-3.6E-01	rgb(139,170,231)	1.9272	None
ONECUT1	ACSL6	0.10168	47.36	0.355	rgb(221,149,150)	1.9272	None
ZNF519	SFRP1	-0.10168	47.36	-3.6E-01	rgb(139,169,231)	1.9272	None
MAFA	TMEM132C	0.10155	48.04	0.043	rgb(217,209,209)	1.9408	None
NEUROD1	IL17C	-0.10127	48.03	-2.6E-02	rgb(211,214,218)	1.9406	None
NHLH1	CENPE	0.10127	48.03	0.03	rgb(217,211,211)	1.9406	None
SIM1	GPR112	0.10113	48.02	0.02	rgb(217,213,213)	1.9404	2,2
FEV	EID1	0.10086	48.01	0.012	rgb(217,215,215)	1.9402	None
SMAD9	LIN7A	0.10086	48.01	0.013	rgb(217,215,215)	1.9402	None
MYT1	HLA-DQA2	0.10072	47.91	0.912	rgb(227, 43, 45)	1.9382	2,2
TFCP2L1	BTBD11	0.10058	47.89	0.893	rgb(227, 46, 48)	1.9378	None
FEV	IFIT1	0.099338	47.35	0.347	rgb(221,151,151)	1.927	None
ISL1	ADAM12	0.099338	47.35	0.353	rgb(221,150,150)	1.927	None
NKX2-2	KLK12	0.099338	47.35	0.35	rgb(221,150,151)	1.927	None
NKX6-1	ST6GALNAC5	0.099338	47.35	0.355	rgb(221,149,150)	1.927	None
ONECUT2	CLCA1	-0.099338	47.35	-3.5E-01	rgb(141,171,230)	1.927	None
ONECUT3	ADNP	0.099338	47.35	0.353	rgb(221,150,150)	1.927	None
SMAD9	MMD2	-0.099338	47.35	-3.5E-01	rgb(140,170,230)	1.927	None
TFCP2L1	KIRREL3	-0.099338	47.35	-3.5E-01	rgb(141,171,230)	1.927	None
ZNF519	IFNE	0.099338	47.35	0.349	rgb(221,150,151)	1.927	2,2
ARX	ALAS2	-0.099062	47.87	-8.7E-01	rgb( 27,102,250)	1.9374	None
FOXA1	BTBD11	0.099062	47.87	0.874	rgb(227, 50, 52)	1.9374	None
ELF4	VOPP1	0.098786	47.86	0.861	rgb(226, 53, 54)	1.9372	None
NEUROD1	PCSK2	0.098786	47.86	0.861	rgb(226, 53, 54)	1.9372	None
MYT1	CADM3	0.098372	47.84	0.844	rgb(226, 56, 57)	1.9368	2,2
SPIB	QSOX2	-0.098372	47.84	-8.4E-01	rgb( 34,106,249)	1.9368	None
SPIB	VWCE	-0.098372	47.84	-8.4E-01	rgb( 34,106,249)	1.9368	None
ASCL1	PSD	0.097406	47.34	0.341	rgb(221,152,153)	1.9268	None
GATA2	FFAR3	0.097406	47.34	0.34	rgb(221,152,153)	1.9268	2,2
GATA2	LPPR5	0.097406	47.34	0.34	rgb(221,152,153)	1.9268	2,2
GATA4	DTX1	-0.097406	47.34	-3.4E-01	rgb(144,173,230)	1.9268	None
HSF2	LTBP2	0.097406	47.34	0.336	rgb(221,153,153)	1.9268	None
NR4A3	CPLX1	0.097406	47.34	0.336	rgb(221,153,154)	1.9268	None
ZNF492	TTR	-0.097406	47.34	-3.4E-01	rgb(144,172,230)	1.9268	None
HIC1	EGFR	0.09713	47.83	0.835	rgb(226, 58, 59)	1.9366	None
SOX4	BAALC	-0.09713	47.83	-8.3E-01	rgb( 36,107,249)	1.9366	None
FOXA2	ATF7IP	0.096854	47.82	0.825	rgb(226, 59, 61)	1.9364	None
TFCP2L1	BC107568	0.096854	47.82	0.822	rgb(226, 60, 62)	1.9364	2,2
ZNF846	PDE2A	-0.096716	47.81	-8.1E-01	rgb( 41,110,248)	1.9362	None
ONECUT1	CPLX1	0.09644	47.8	0.796	rgb(226, 65, 67)	1.936	None
SOX4	TMEFF2	-0.09644	47.8	-8.0E-01	rgb( 44,112,247)	1.936	None
EGR3	MAP3K12	-0.096302	47.79	-7.9E-01	rgb( 46,113,247)	1.9358	None
ETV1	CHD5	0.095337	47.33	0.331	rgb(221,154,154)	1.9266	None
ETV1	EFCC1	0.095337	47.33	0.325	rgb(221,155,156)	1.9266	None
FOXA1	ARNT2	0.095337	47.33	0.33	rgb(221,154,155)	1.9266	None
HSF2	GNG4	-0.095337	47.33	-3.3E-01	rgb(146,174,229)	1.9266	None
NR4A3	ETV1	0.095337	47.33	0.332	rgb(221,154,154)	1.9266	None
SMAD9	GDAP1L1	0.095337	47.33	0.327	rgb(221,155,155)	1.9266	2,2
ZNF846	SCN1B	-0.095337	47.33	-3.3E-01	rgb(146,174,229)	1.9266	None
EGR3	LEFTY1	-0.094647	47.78	-7.8E-01	rgb( 48,114,247)	1.9356	None
FEV	MAPK12	0.094647	47.78	0.777	rgb(226, 69, 70)	1.9356	None
HSF2	TTYH2	-0.094647	47.78	-7.8E-01	rgb( 47,114,247)	1.9356	None
ONECUT1	GRB14	0.094647	47.78	0.777	rgb(226, 69, 70)	1.9356	None
PAX6	SOX4	-0.094647	47.78	-7.8E-01	rgb( 48,114,247)	1.9356	None
FOXA1	TTLL7	0.093819	47.77	0.775	rgb(226, 69, 71)	1.9354	None
GATA2	DPEP1	-0.093819	47.77	-7.7E-01	rgb( 50,116,246)	1.9354	None
GATA6	TRIM35	-0.093819	47.77	-7.7E-01	rgb( 50,115,246)	1.9354	None
HOXB9	MAGED1	-0.093819	47.77	-7.7E-01	rgb( 49,115,246)	1.9354	None
PDX1	GADD45A	0.093819	47.77	0.768	rgb(225, 70, 72)	1.9354	None
TFCP2L1	ADCY1	0.093819	47.77	0.767	rgb(225, 71, 72)	1.9354	None
FOXP2	ITGA7	0.092439	47.32	0.319	rgb(221,156,157)	1.9264	None
GATA4	SEMA6B	0.092439	47.32	0.318	rgb(221,156,157)	1.9264	None
HOXB9	MYBPC3	-0.092439	47.32	-3.2E-01	rgb(148,175,229)	1.9264	None
HSF2	MUC5B	-0.092439	47.32	-4.1E-01	rgb(127,163,233)	1.9264	None
HSF2	TUB	0.092439	47.32	0.32	rgb(221,156,157)	1.9264	None
MAFA	CSF1R	0.092439	47.32	0.315	rgb(220,157,157)	1.9264	None
MAFA	SHF	0.092439	47.32	0.325	rgb(221,155,156)	1.9264	None
POU2F2	CDHR1	0.092439	47.32	0.325	rgb(221,155,156)	1.9264	2,2
RORC	APLN	0.092439	47.32	0.317	rgb(220,156,157)	1.9264	None
SOX4	GPC2	0.092439	47.32	0.321	rgb(221,156,156)	1.9264	None
GATA4	GAP43	0.091474	47.76	0.764	rgb(225, 71, 73)	1.9352	None
HHEX	ENPP1	0.091474	47.76	0.764	rgb(225, 71, 73)	1.9352	None
HSF2	PTPRN2	-0.091474	47.76	-7.6E-01	rgb( 51,116,246)	1.9352	None
LHX1	SSBP2	0.091474	47.76	0.763	rgb(225, 71, 73)	1.9352	None
NKX2-2	AGAP11	-0.091474	47.76	-7.6E-01	rgb( 52,117,246)	1.9352	None
NPAS3	PCDHB9	0.091474	47.76	0.763	rgb(225, 71, 73)	1.9352	2,2
SMAD9	HERC5	0.091474	47.76	0.765	rgb(225, 71, 72)	1.9352	None
PAX4	PTCH1	-0.09106	47.75	-7.5E-01	rgb( 55,118,245)	1.935	None
TFCP2L1	FAM110B	0.09106	47.75	0.748	rgb(225, 74, 76)	1.935	None
ZNF846	VASH2	0.09106	47.75	0.748	rgb(225, 74, 76)	1.935	None
ASCL1	CCDC146	-0.089542	47.74	-7.4E-01	rgb( 55,119,245)	1.9348	None
GATA2	ANK2	0.089542	47.31	0.307	rgb(220,158,159)	1.9262	None
LHX1	ELAVL4	-0.089542	47.31	-3.1E-01	rgb(149,175,229)	1.9262	None
MAFA	SESN2	-0.089542	47.31	-3.1E-01	rgb(151,177,229)	1.9262	None
MAFB	PRKXP1	0.089542	47.74	0.743	rgb(225, 75, 76)	1.9348	None
MXI1	MAP1A	-0.089542	47.31	-3.1E-01	rgb(150,176,229)	1.9262	None
NFAT5	LOC284581	0.089542	47.31	0.313	rgb(220,157,158)	1.9262	2,2
PDX1	SLC30A4	-0.089542	47.55	-5.5E-01	rgb( 97,144,238)	1.931	None
SOX4	NEFM	-0.089542	47.31	-3.1E-01	rgb(150,176,229)	1.9262	None
TFCP2L1	SLC30A4	0.089542	47.31	0.313	rgb(220,157,158)	1.9262	None
ZNF519	GADD45A	-0.089542	47.31	-3.1E-01	rgb(150,176,229)	1.9262	None
MAFA	CHRM4	0.088714	47.73	0.73	rgb(225, 78, 79)	1.9346	None
NKX2-2	ATF6	-0.088714	47.73	-7.3E-01	rgb( 58,120,245)	1.9346	None
NR4A2	LOC283731	-0.088714	47.73	-7.3E-01	rgb( 60,121,245)	1.9346	2,2
TFCP2L1	NPSR1-AS1	0.088714	47.73	0.733	rgb(225, 77, 78)	1.9346	None
TFCP2L1	RBP1	0.088714	47.73	0.73	rgb(225, 78, 79)	1.9346	None
ZFHX2	DACT1	-0.088714	47.73	-7.3E-01	rgb( 59,121,245)	1.9346	2,2
ETV1	HHEX	0.087748	47.3	0.302	rgb(220,159,160)	1.926	None
HES4	APBB2	-0.087748	47.3	-3.0E-01	rgb(152,178,228)	1.926	None
MAFA	CTNND1	-0.087748	47.3	-3.0E-01	rgb(151,177,229)	1.926	None
NR4A3	CELF5	0.087748	47.3	0.299	rgb(220,160,161)	1.926	None
RFX6	GGT5	0.087748	47.3	0.304	rgb(220,159,159)	1.926	None
SMAD9	MAD2L2	0.087748	47.3	0.3	rgb(220,160,160)	1.926	None
SOX4	NPTX1	0.087748	47.3	0.296	rgb(220,160,161)	1.926	None
ELF4	ICA1L	-0.087196	47.71	-7.1E-01	rgb( 63,123,244)	1.9342	None
LMX1A	MAPK8IP2	-0.087196	47.71	-7.1E-01	rgb( 62,123,244)	1.9342	2,2
SOX4	CCDC40	0.087196	47.71	0.709	rgb(225, 82, 83)	1.9342	None
TGIF2	TPPP3	-0.087196	47.71	-7.1E-01	rgb( 63,123,244)	1.9342	None
FEV	RSAD2	0.086231	47.29	0.285	rgb(220,162,163)	1.9258	None
HIF1A	TMEM145	-0.086231	47.29	-2.9E-01	rgb(155,179,228)	1.9258	None
LHX1	KCNH3	0.086231	47.29	0.286	rgb(220,162,163)	1.9258	None
LHX1	SMAD9	0.086231	47.29	0.288	rgb(220,162,163)	1.9258	None
NHLH1	DLL4	0.086231	47.29	0.29	rgb(220,162,162)	1.9258	None
TGIF2	FAM71E2	0.086231	47.29	0.286	rgb(220,162,163)	1.9258	None
ZNF846	PLCE1-AS1	0.086231	47.29	0.286	rgb(220,162,163)	1.9258	2,2
ARX	MEX3B	-0.085265	47.7	-7.0E-01	rgb( 65,125,244)	1.934	None
ETS1	AMPH	0.085265	47.7	0.7	rgb(225, 83, 85)	1.934	None
HIF1A	AK123868	-0.085265	47.7	-7.0E-01	rgb( 66,125,243)	1.934	2,2
LMX1B	MCF2L	-0.085265	47.7	-7.0E-01	rgb( 65,125,244)	1.934	None
LMX1B	TLE3	-0.085265	47.7	-7.0E-01	rgb( 65,125,244)	1.934	None
NEUROD1	TTC7B	0.085265	47.7	0.695	rgb(225, 84, 86)	1.934	None
ZNF382	AK024119	-0.085265	47.7	-7.0E-01	rgb( 66,125,244)	1.934	2,2
ETV1	INHBE	0.084437	47.28	0.276	rgb(220,164,165)	1.9256	None
FOXP2	MURC	0.084437	47.28	0.278	rgb(220,164,164)	1.9256	2,2
HSF2	TENM2	-0.084437	47.28	-2.8E-01	rgb(156,180,228)	1.9256	None
NR4A2	CTPS1	-0.084437	47.28	-2.8E-01	rgb(156,180,228)	1.9256	None
TFCP2L1	AKR1B1	-0.084437	47.28	-2.8E-01	rgb(157,180,228)	1.9256	None
TFCP2L1	RFX6	-0.084437	47.28	-2.8E-01	rgb(156,180,228)	1.9256	None
FOXA1	TMEFF2	0.084023	47.69	0.693	rgb(225, 85, 86)	1.9338	None
LMX1B	ATF7IP	-0.084023	47.69	-6.9E-01	rgb( 67,126,243)	1.9338	None
NEUROG3	GRHL3	0.084023	47.69	0.695	rgb(225, 84, 86)	1.9338	None
GATA6	TTLL6	-0.083057	47.27	-2.7E-01	rgb(158,181,227)	1.9254	None
LHX1	LRP4-AS1	-0.083057	47.27	-2.7E-01	rgb(159,182,227)	1.9254	None
LMX1B	DOCK8	0.083057	47.27	0.267	rgb(220,166,167)	1.9254	None
MAFB	SLC12A5	0.083057	47.27	0.268	rgb(220,166,166)	1.9254	None
PRDM16	YPEL1	-0.083057	47.27	-2.7E-01	rgb(158,181,227)	1.9254	None
RFX2	CACNG4	0.083057	47.27	0.271	rgb(220,165,166)	1.9254	None
ZNF846	ADAMTSL1	-0.083057	47.27	-5.9E-01	rgb( 89,139,239)	1.9254	None
MAFB	BC020343	0.082092	47.68	0.68	rgb(224, 87, 88)	1.9336	2,2
NKX6-1	PTPN22	-0.082092	47.68	-6.8E-01	rgb( 69,127,243)	1.9336	None
ONECUT3	EGFR	0.082092	47.68	0.676	rgb(224, 88, 89)	1.9336	None
PDX1	GAD2	0.082092	47.68	0.682	rgb(224, 87, 88)	1.9336	None
RFX6	THBS4	0.082092	47.68	0.678	rgb(224, 87, 89)	1.9336	None
SMAD9	HSF2	-0.082092	47.68	-6.8E-01	rgb( 69,127,243)	1.9336	None
TFCP2L1	NOXO1	0.082092	47.68	0.681	rgb(224, 87, 88)	1.9336	None
HEYL	LOC646214	-0.081816	47.67	-6.7E-01	rgb( 72,129,242)	1.9334	2,2
LMX1B	KCNMB2	0.081816	47.67	0.668	rgb(224, 89, 91)	1.9334	None
ARX	PRDM16	0.081402	47.66	0.664	rgb(224, 90, 91)	1.9332	None
LMX1A	TTLL6	-0.081402	47.66	-6.6E-01	rgb( 73,129,242)	1.9332	None
MAFB	C1QL1	0.081402	47.66	0.664	rgb(224, 90, 92)	1.9332	None
EGR3	KDM1A	0.079608	47.26	0.262	rgb(220,167,167)	1.9252	None
ETV1	ASIC5	0.079608	47.26	0.259	rgb(220,167,168)	1.9252	2,2
ETV1	PDZD4	0.079608	47.26	0.261	rgb(220,167,168)	1.9252	None
GLIS2	HIC1	0.079608	47.26	0.263	rgb(220,167,167)	1.9252	None
HOXB9	GAL	0.079608	47.26	0.255	rgb(220,168,169)	1.9252	None
LHX1	COL14A1	-0.079608	47.26	-2.6E-01	rgb(160,182,227)	1.9252	None
LHX1	LDB1	0.079608	47.61	0.612	rgb(224,100,101)	1.9322	None
LMX1A	GPR64	0.079608	47.26	0.259	rgb(220,168,168)	1.9252	2,2
LMX1B	PSD	0.079608	47.26	0.26	rgb(220,167,168)	1.9252	None
RORC	CHRNB2	0.079608	47.26	0.256	rgb(220,168,169)	1.9252	None
RORC	TMEM145	0.079608	47.26	0.263	rgb(220,167,167)	1.9252	None
SMAD9	VSTM4	-0.079608	47.26	-2.6E-01	rgb(161,183,227)	1.9252	None
ZFP90	ADORA2A	-0.079608	47.26	-2.6E-01	rgb(160,182,227)	1.9252	2,2
ATF5	AK026379	0.07878	47.65	0.653	rgb(224, 92, 94)	1.933	2,2
HOXB9	HSF2	0.07878	47.65	0.648	rgb(224, 93, 95)	1.933	None
MYT1	CLEC4G	0.07878	47.65	0.651	rgb(224, 93, 94)	1.933	2,2
SPIB	ST8SIA5	0.07878	47.65	0.651	rgb(224, 93, 94)	1.933	None
TEAD1	SDCBP2-AS1	-0.07878	47.65	-6.5E-01	rgb( 76,131,242)	1.933	None
ZFHX2	AKR1B1	0.07878	47.65	0.652	rgb(224, 92, 94)	1.933	None
FEV	CLSPN	0.078091	47.64	0.64	rgb(224, 95, 96)	1.9328	None
LMX1B	CERKL	0.078091	47.25	0.253	rgb(220,169,169)	1.925	None
ONECUT1	APLN	-0.078091	47.64	-6.4E-01	rgb( 79,133,241)	1.9328	None
SMAD9	MLLT11	0.078091	47.25	0.253	rgb(220,169,169)	1.925	None
SPIB	BSN	0.078091	47.25	0.25	rgb(220,169,170)	1.925	None
LMX1A	ERO1LB	0.077401	47.24	0.242	rgb(220,171,171)	1.9248	2,2
MAFB	LRRC16B	0.077401	47.24	0.235	rgb(220,172,173)	1.9248	2,2
PRDM16	TUBB3	-0.077401	47.24	-2.4E-01	rgb(165,185,226)	1.9248	None
RFX2	MXI1	0.077401	47.24	0.235	rgb(220,172,173)	1.9248	None
ZNF519	QDPR	-0.077401	47.24	-2.4E-01	rgb(166,186,226)	1.9248	None
EGR3	ICA1L	-0.076435	47.63	-6.3E-01	rgb( 81,134,241)	1.9326	None
FEV	PDX1	-0.076435	47.63	-6.3E-01	rgb( 81,134,241)	1.9326	None
KCNIP3	CRISPLD1	0.076435	47.63	0.642	rgb(224, 94, 96)	1.9326	2,2
LMX1A	DTX1	-0.076435	47.63	-6.3E-01	rgb( 81,134,241)	1.9326	None
ONECUT1	BAALC	0.076435	47.63	0.626	rgb(224, 97, 99)	1.9326	None
PBX1	CBFA2T3	0.076435	47.63	0.627	rgb(224, 97, 99)	1.9326	None
PRDM16	KCNH8	-0.076435	47.63	-6.3E-01	rgb( 81,134,241)	1.9326	None
ETV1	ST8SIA5	0.076021	47.23	0.233	rgb(220,172,173)	1.9246	None
NR4A3	NKD1	0.076021	47.23	0.229	rgb(220,173,174)	1.9246	None
PDX1	GRHL3	0.076021	47.23	0.227	rgb(220,174,174)	1.9246	None
GATA2	OSBPL6	-0.075331	47.62	-6.2E-01	rgb( 83,135,240)	1.9324	None
ONECUT1	HECW2	0.075331	47.62	0.618	rgb(224, 99,100)	1.9324	None
PAX6	BRS3	-0.075331	47.62	-6.2E-01	rgb( 82,135,241)	1.9324	None
RFX3	LRRC49	0.075331	47.62	0.621	rgb(224, 98,100)	1.9324	None
TFCP2L1	TMEM151B	0.075331	47.62	0.619	rgb(224, 99,100)	1.9324	None
MAFB	CNGA3	0.074779	47.22	0.216	rgb(219,176,176)	1.9244	None
POU2F2	MCOLN3	0.074779	47.22	0.223	rgb(219,174,175)	1.9244	None
RFX3	STARD8	0.074779	47.22	0.222	rgb(219,175,175)	1.9244	None
TFCP2L1	SYNGR3	-0.074779	47.22	-2.2E-01	rgb(170,188,225)	1.9244	None
SPIB	MYT1	0.074365	47.21	0.21	rgb(219,177,177)	1.9242	None
ZFP82	PNMAL1	0.074365	47.21	0.21	rgb(219,177,177)	1.9242	2,2
ZNF117	AK310876	0.074365	47.35	0.349	rgb(221,150,151)	1.927	2,2
EGR3	BEX2	0.074227	47.2	0.196	rgb(219,180,180)	1.924	None
ARX	UBE2Q2P2	0.0734	47.61	0.614	rgb(224,100,101)	1.9322	2,2
GATA4	AK124194	0.0734	47.61	0.613	rgb(224,100,101)	1.9322	2,2
NHLH1	CYP27A1	0.0734	47.61	0.609	rgb(224,101,102)	1.9322	None
PRDM16	CACNA1A	-0.0734	47.61	-6.1E-01	rgb( 84,136,240)	1.9322	None
PRDM16	MX2	0.0734	47.61	0.606	rgb(224,101,102)	1.9322	None
ZFP28	BCL2	-0.0734	47.61	-6.1E-01	rgb( 85,137,240)	1.9322	None
ATF5	ETS1	-0.07271	47.19	-1.9E-01	rgb(176,192,224)	1.9238	None
FOXA2	CD99L2	0.07271	47.19	0.187	rgb(219,181,182)	1.9238	None
MAFF	SLC51B	0.07271	47.19	0.186	rgb(219,182,182)	1.9238	None
NR4A3	TMEM151B	0.07271	47.19	0.186	rgb(219,181,182)	1.9238	None
SPIB	STARD9	0.07271	47.19	0.188	rgb(219,181,182)	1.9238	None
MAFA	CTXN1	0.072434	47.18	0.185	rgb(219,182,182)	1.9236	None
TP73	RNF157-AS1	0.072434	47.18	0.177	rgb(219,183,184)	1.9236	None
RFX6	TMEM190	0.072158	47.6	0.598	rgb(224,103,104)	1.932	None
ZFP62	CR627225	0.072158	47.6	0.601	rgb(224,102,103)	1.932	2,2
NEUROD1	GAD2	0.071882	47.17	0.172	rgb(219,184,185)	1.9234	None
ONECUT1	LDHAL6A	0.071882	47.17	0.174	rgb(219,184,184)	1.9234	None
EGR3	SCT	-0.071468	47.16	-1.6E-01	rgb(182,196,223)	1.9232	None
RFX2	COL21A1	-0.071468	47.16	-1.6E-01	rgb(182,196,223)	1.9232	None
RFX2	STARD8	0.071468	47.16	0.16	rgb(219,186,187)	1.9232	None
LHX1	AKNA	-0.071192	47.15	-1.5E-01	rgb(184,197,223)	1.923	None
TGIF2	ANKRD13B	0.071192	47.15	0.154	rgb(219,188,188)	1.923	None
ETS1	JPH4	0.069536	47.59	0.595	rgb(224,103,105)	1.9318	None
ETS1	PPP1R14A	0.069536	47.59	0.591	rgb(224,104,105)	1.9318	None
HEYL	FRZB	-0.069536	47.59	-5.9E-01	rgb( 90,140,239)	1.9318	2,2
HHEX	HBT8	0.069536	47.59	0.59	rgb(223,104,106)	1.9318	2,2
LHX1	CIB4	-0.069536	47.59	-5.9E-01	rgb( 88,139,240)	1.9318	None
LHX1	SYNM	-0.069536	47.59	-5.9E-01	rgb( 90,140,239)	1.9318	None
MAFA	CHRNA1	0.069536	47.14	0.144	rgb(219,189,190)	1.9228	None
MAFA	FFAR3	0.069536	47.59	0.586	rgb(223,105,106)	1.9318	2,2
MYT1	LPPR5	0.069536	47.59	0.594	rgb(224,104,105)	1.9318	2,2
NEUROG3	CNOT6L	0.069536	47.59	0.588	rgb(223,105,106)	1.9318	None
TFCP2L1	LRRC49	0.069536	47.59	0.591	rgb(224,104,105)	1.9318	None
ZNF492	SOGA3	0.069536	47.14	0.136	rgb(218,191,191)	1.9228	None
ATOH8	CNTN3	-0.068295	47.58	-5.8E-01	rgb( 91,140,239)	1.9316	2,2
FOXA1	SBK1	0.068295	47.13	0.126	rgb(218,193,193)	1.9226	None
HHEX	MAPK10	0.068295	47.58	0.585	rgb(223,105,107)	1.9316	None
NFAT5	LYPD8	0.068295	47.58	0.583	rgb(223,106,107)	1.9316	2,2
NKX2-2	TENM2	-0.068295	47.58	-5.8E-01	rgb( 91,140,239)	1.9316	None
RORC	FFAR2	0.068295	47.13	0.132	rgb(218,192,192)	1.9226	None
RORC	SSTR1	0.068295	47.13	0.132	rgb(218,192,192)	1.9226	None
TFCP2L1	INHBE	-0.068295	47.13	-1.3E-01	rgb(189,200,222)	1.9226	None
ZFP82	DQ592230	-0.068295	47.58	-5.8E-01	rgb( 92,141,239)	1.9316	2,2
ETV1	AKT3	0.068019	47.11	0.11	rgb(218,196,196)	1.9222	None
TGIF2	CLSPN	0.068019	47.11	0.11	rgb(218,196,196)	1.9222	None
FOXA1	ATP8B2	-0.067605	47.1	-9.7E-02	rgb(196,204,221)	1.922	None
NR4A2	MAPK7	0.067605	47.1	0.105	rgb(218,197,197)	1.922	None
ONECUT2	AL832439	0.067605	47.1	0.096	rgb(218,199,199)	1.922	2,2
PRDM16	TMEM158	-0.067467	47.09	-8.8E-02	rgb(198,205,220)	1.9218	None
ATF6	MAML3	-0.066363	47.57	-5.7E-01	rgb( 93,142,239)	1.9314	None
ETS1	USP41	0.066363	47.57	0.57	rgb(223,108,109)	1.9314	None
LHX1	CCDC146	-0.066363	47.57	-5.7E-01	rgb( 93,142,239)	1.9314	None
LMX1A	ZNRF3-AS1	-0.066363	47.57	-5.7E-01	rgb( 93,142,239)	1.9314	None
LMX1B	SCG3	0.066363	47.57	0.565	rgb(223,109,110)	1.9314	None
MAFF	WNK2	-0.066363	47.57	-5.7E-01	rgb( 94,142,239)	1.9314	None
NKX6-1	NPW	-0.066363	47.57	-5.7E-01	rgb( 93,142,239)	1.9314	None
SOX4	APBB2	0.066363	47.57	0.573	rgb(223,108,109)	1.9314	None
MAFA	MX2	-0.065949	47.07	-7.0E-02	rgb(202,208,220)	1.9214	None
RFX6	CBFA2T3	0.065949	47.07	0.156	rgb(219,187,187)	1.9214	None
ZNF846	GATA6	-0.065949	47.07	-7.2E-02	rgb(201,208,220)	1.9214	None
NR4A3	BRSK2	0.065673	47.05	0.046	rgb(218,208,208)	1.921	None
TP73	PTGDR2	0.065673	47.05	0.051	rgb(218,207,207)	1.921	None
POU2F2	CLIP3	0.065535	47.04	0.04	rgb(217,209,209)	1.9208	None
ASCL1	ELAVL4	-0.064983	47.02	-6.7E-01	rgb( 71,128,243)	1.9204	None
EGR3	GAST	-0.064983	47.02	-2.4E-02	rgb(212,214,218)	1.9204	2,2
GATA2	GAST	0.064983	47.02	0.015	rgb(217,214,214)	1.9204	2,2
MAFA	SLC7A14	0.064983	47.02	0.512	rgb(223,119,120)	1.9204	None
ARX	DQ592230	0.063052	47.56	0.558	rgb(223,110,112)	1.9312	2,2
ARX	SERF2-C15ORF63	-0.063052	47.56	-5.6E-01	rgb( 94,142,238)	1.9312	2,2
EGR3	FUT7	0.063052	47.56	0.56	rgb(223,110,111)	1.9312	None
ELF4	ST6GALNAC5	-0.063052	47.56	-5.6E-01	rgb( 97,144,238)	1.9312	None
HSF2	SHC3	-0.063052	47.56	-5.6E-01	rgb( 97,144,238)	1.9312	None
LMX1A	RASL11B	0.063052	47.56	0.558	rgb(223,110,112)	1.9312	None
LTF	MAGEA5	0.063052	47.56	0.557	rgb(223,111,112)	1.9312	2,2
NEUROD2	CHRNA3	0.063052	47.56	0.557	rgb(223,111,112)	1.9312	2,2
NR4A2	PYY	-0.063052	47.56	-5.6E-01	rgb( 95,143,238)	1.9312	None
ONECUT1	ONECUT1	0.063052	47.56	0.562	rgb(223,110,111)	1.9312	2,2
RFX2	IFIT1	0.063052	47.56	0.56	rgb(223,110,111)	1.9312	None
SMAD9	ATP6V0E2	-0.063052	47.56	-5.6E-01	rgb( 96,144,238)	1.9312	None
ZNF846	NEGR1	0.063052	47.56	0.633	rgb(224, 96, 97)	1.9312	None
FEV	APBB1	0.062914	46.92	0.922	rgb(227, 41, 43)	1.9184	None
ASCL2	COL21A1	0.0625	46.87	0.868	rgb(227, 51, 53)	1.9174	None
NEUROG3	ASIC1	0.0625	46.87	0.868	rgb(227, 51, 53)	1.9174	None
PDX1	CCDC146	-0.0625	46.87	-8.7E-01	rgb( 29,103,250)	1.9174	None
ONECUT3	METTL21EP	-0.062362	46.86	-8.6E-01	rgb( 30,103,250)	1.9172	None
ARNT2	RUNDC3A	-0.061396	47.55	-5.5E-01	rgb( 98,144,238)	1.931	None
ASCL2	PAK6	0.061396	46.85	0.853	rgb(226, 54, 56)	1.917	None
LMX1B	KCNN3	0.061396	47.55	0.553	rgb(223,111,112)	1.931	None
MAFF	KCNMA1	0.061396	47.55	0.549	rgb(223,112,113)	1.931	None
NFAT5	BRSK1	-0.061396	47.55	-5.5E-01	rgb( 98,145,238)	1.931	None
TEAD1	TMEFF2	-0.061396	47.55	-5.5E-01	rgb( 97,144,238)	1.931	None
ZNF492	RAPGEF4	-0.061396	47.55	-5.5E-01	rgb( 97,144,238)	1.931	None
EGR3	ROBO1	-0.060568	46.84	-8.4E-01	rgb( 35,106,249)	1.9168	None
LHX1	ZNF519	-0.060568	47.54	-5.4E-01	rgb( 99,145,238)	1.9308	None
NEUROD1	SPOCK3	0.060568	47.54	0.539	rgb(223,114,115)	1.9308	None
NEUROG3	LINGO1	0.060568	46.84	0.84	rgb(226, 56, 58)	1.9168	None
TEAD1	VOPP1	-0.060568	47.54	-5.4E-01	rgb( 99,145,238)	1.9308	None
ZNF846	ROBO1	0.060568	46.84	0.835	rgb(226, 57, 59)	1.9168	None
RFX6	LRRC16B	0.060292	46.83	0.829	rgb(226, 59, 60)	1.9166	2,2
SPIB	PELI3	0.060292	46.83	0.828	rgb(226, 59, 60)	1.9166	None
NR4A2	VGF	-0.060155	46.82	-8.2E-01	rgb( 40,109,248)	1.9164	None
FEV	CDK5R2	0.059879	46.81	0.809	rgb(226, 63, 64)	1.9162	None
NFAT5	IMPG1	0.059879	46.81	0.814	rgb(226, 61, 63)	1.9162	2,2
GATA6	ATP8B2	-0.059603	46.79	-7.9E-01	rgb( 45,112,247)	1.9158	None
MAFA	PCDHA2	-0.059603	46.79	-7.9E-01	rgb( 46,113,247)	1.9158	None
ARNT2	RNF157	-0.058775	47.53	-5.3E-01	rgb(103,148,237)	1.9306	None
LHX1	ZBTB4	0.058775	47.53	0.529	rgb(223,116,117)	1.9306	None
PAX6	SMOC2	0.058775	47.53	0.533	rgb(223,115,116)	1.9306	None
PDX1	REM2	0.058775	47.53	0.532	rgb(223,115,116)	1.9306	None
RFX2	DNAH11	0.058775	47.53	0.525	rgb(223,117,118)	1.9306	None
TEAD1	SMOC2	-0.058775	47.53	-5.3E-01	rgb(102,147,237)	1.9306	None
ONECUT3	ELL2	-0.058499	46.77	-7.7E-01	rgb( 51,116,246)	1.9154	None
POU2F2	MYRF	-0.058499	46.77	-7.7E-01	rgb( 50,116,246)	1.9154	None
FOXA1	SLC25A53	0.058361	46.76	0.759	rgb(225, 72, 74)	1.9152	None
ASCL1	RGS16	0.057395	47.52	0.519	rgb(223,118,119)	1.9304	None
MAFB	KIRREL3	0.057395	47.52	0.525	rgb(223,117,118)	1.9304	None
MAFF	FW340027	-0.057395	47.52	-5.2E-01	rgb(104,148,237)	1.9304	2,2
ONECUT3	DPYSL3	-0.057395	47.52	-5.2E-01	rgb(104,148,237)	1.9304	None
PAX4	PLCE1-AS1	-0.057395	47.52	-5.2E-01	rgb(105,149,237)	1.9304	2,2
PRDM16	DYNC1I1	-0.057395	47.52	-5.2E-01	rgb(104,148,237)	1.9304	None
TEAD1	SSBP2	0.057395	47.52	0.52	rgb(223,118,119)	1.9304	None
FEV	KSR2	0.056843	46.75	0.753	rgb(225, 73, 75)	1.915	None
LMX1B	CPLX1	0.056843	46.75	0.755	rgb(225, 73, 74)	1.915	None
PAX6	NOTUM	-0.056843	46.75	-7.5E-01	rgb( 55,118,245)	1.915	None
ZNF846	AX747826	0.056843	46.75	0.752	rgb(225, 73, 75)	1.915	2,2
ETS1	SULT2A1	0.056705	46.74	0.742	rgb(225, 75, 77)	1.9148	None
EGR3	LAPTM5	-0.056291	46.73	-7.3E-01	rgb( 60,121,245)	1.9146	None
LHX1	COL21A1	0.056291	46.73	0.729	rgb(225, 78, 79)	1.9146	None
ONECUT2	ABCA9	0.056291	46.73	0.727	rgb(225, 78, 80)	1.9146	None
RORC	P2RX6	0.05574	46.72	0.717	rgb(225, 80, 82)	1.9144	None
SOX4	PCDHA2	0.05574	46.72	0.725	rgb(225, 79, 80)	1.9144	None
TEAD1	FLJ38723	0.05574	46.72	0.716	rgb(225, 80, 82)	1.9144	2,2
ZFHX2	RAP1GAP2	0.05574	46.72	0.718	rgb(225, 80, 81)	1.9144	None
ATF6	LOC100294362	-0.055188	46.71	-7.1E-01	rgb( 62,123,244)	1.9142	2,2
TEAD2	CRIP2	0.055188	46.71	0.706	rgb(225, 82, 84)	1.9142	None
ZFP28	LRRTM3	0.055188	46.71	0.713	rgb(225, 81, 82)	1.9142	2,2
ZNF492	LOC100128288	0.055188	46.71	0.706	rgb(225, 82, 84)	1.9142	2,2
NR4A3	METTL21EP	0.054912	46.7	0.697	rgb(225, 84, 85)	1.914	None
ZNF492	CACNA1C	0.054912	46.7	0.703	rgb(225, 83, 84)	1.914	None
ARX	QDPR	-0.053118	47.51	-5.1E-01	rgb(107,150,236)	1.9302	None
ETS1	ELAVL3	0.053118	47.51	0.554	rgb(223,111,112)	1.9302	None
FOXP2	PEX5L	-0.053118	47.51	-5.1E-01	rgb(105,149,237)	1.9302	None
INSM1	IFIT1	-0.053118	47.51	-5.1E-01	rgb(107,150,236)	1.9302	None
LMX1B	FGF2	0.053118	47.51	0.515	rgb(223,119,120)	1.9302	None
LMX1B	SULT2A1	0.053118	47.51	0.506	rgb(223,120,121)	1.9302	None
MAFF	BRS3	-0.053118	47.51	-5.8E-01	rgb( 90,140,239)	1.9302	None
NR4A2	SMARCD2	-0.053118	47.51	-5.1E-01	rgb(106,150,236)	1.9302	None
NR4A3	MAPK4	-0.053118	47.51	-5.1E-01	rgb(106,150,236)	1.9302	None
PAX6	RUNDC3A	-0.053118	47.51	-5.1E-01	rgb(107,150,236)	1.9302	None
SPIB	PPP1R1A	0.053118	47.51	0.511	rgb(223,119,120)	1.9302	None
ZFHX2	RGS5	0.053118	47.51	0.508	rgb(223,120,121)	1.9302	None
ZFP82	GPR173	-0.053118	47.51	-5.1E-01	rgb(107,150,236)	1.9302	None
FEV	RUNX1T1	0.052704	46.68	0.676	rgb(224, 88, 89)	1.9136	None
POU6F1	DLC1	0.052704	46.68	0.676	rgb(224, 88, 89)	1.9136	None
RORC	ST8SIA6-AS1	0.052704	46.68	0.678	rgb(224, 87, 89)	1.9136	None
NR4A2	EID1	0.052152	46.67	0.667	rgb(224, 90, 91)	1.9134	None
SOX4	ATP8B2	0.052152	46.67	0.67	rgb(224, 89, 90)	1.9134	None
SOX4	CXCR7	0.052152	46.67	0.67	rgb(224, 89, 90)	1.9134	2,2
SOX4	IRF2BP1	0.052152	46.67	0.67	rgb(224, 89, 90)	1.9134	None
FEV	TMEM158	0.051049	47.5	0.498	rgb(222,122,123)	1.93	None
HEYL	IFNE	-0.051049	47.5	-5.0E-01	rgb(109,151,236)	1.93	2,2
HIF1A	STARD9	-0.051049	47.5	-5.0E-01	rgb(109,151,236)	1.93	None
LHX1	VCAN	-0.051049	47.5	-5.0E-01	rgb(108,151,236)	1.93	None
PDX1	POM121L9P	-0.051049	47.5	-5.0E-01	rgb(108,151,236)	1.93	None
PRDM16	TTYH2	0.051049	47.5	0.499	rgb(222,122,123)	1.93	None
RORC	SMARCC1	-0.051049	47.5	-5.0E-01	rgb(108,151,236)	1.93	None
SMAD9	KCNIP3	0.051049	47.5	0.503	rgb(223,121,122)	1.93	None
FOXP2	RBP2	-0.050497	46.66	-6.6E-01	rgb( 73,129,242)	1.9132	None
MAFF	CPE	0.050497	46.66	0.664	rgb(224, 90, 91)	1.9132	None
NHLH1	MAML3	0.050497	46.66	0.657	rgb(224, 92, 93)	1.9132	None
NR4A2	STMN3	-0.050497	46.66	-6.6E-01	rgb( 74,130,242)	1.9132	None
ASCL1	MALAT1	-0.049531	47.49	-4.9E-01	rgb(111,152,236)	1.9298	None
ATF6	TFCP2L1	-0.049531	47.49	-4.9E-01	rgb(111,152,236)	1.9298	None
ELF4	CAMK2N2	-0.049531	47.49	-4.9E-01	rgb(110,152,236)	1.9298	None
HSF2	IRF2BP1	-0.049531	47.49	-4.9E-01	rgb(111,152,236)	1.9298	None
LMX1A	KDM1A	-0.049531	47.49	-4.9E-01	rgb(111,153,235)	1.9298	None
TFCP2L1	NEFM	0.049531	47.49	0.487	rgb(222,124,125)	1.9298	None
ZNF492	CBX7	-0.049531	47.49	-4.9E-01	rgb(111,153,236)	1.9298	None
EGR3	CXCR7	-0.048841	46.65	-6.5E-01	rgb( 75,131,242)	1.913	2,2
FEV	HLA-DPA1	0.048841	46.65	0.646	rgb(224, 94, 95)	1.913	None
ONECUT3	EML1	-0.048841	46.65	-6.5E-01	rgb( 76,131,242)	1.913	None
PRDM16	CYP4F24P	0.048841	46.65	0.651	rgb(224, 93, 94)	1.913	None
SOX4	TSSK4	-0.048841	46.65	-6.5E-01	rgb( 77,132,242)	1.913	None
ELF4	TCEAL1	-0.048427	46.64	-6.4E-01	rgb( 78,133,241)	1.9128	None
ETV1	EVL	0.048427	46.64	0.636	rgb(224, 96, 97)	1.9128	None
RORC	NFAT5	-0.048427	46.64	-6.4E-01	rgb( 78,133,241)	1.9128	None
EGR3	KAL1	-0.047737	47.48	-4.8E-01	rgb(113,154,235)	1.9296	2,2
HIF1A	CDK5R1	-0.047737	47.48	-4.8E-01	rgb(113,154,235)	1.9296	None
PAX6	TOX3	-0.047737	47.48	-4.8E-01	rgb(113,154,235)	1.9296	None
PBX1	CRISPLD2	0.047737	47.48	0.485	rgb(222,124,125)	1.9296	None
PBX1	SERTAD1	-0.047737	47.48	-4.8E-01	rgb(112,153,235)	1.9296	None
ATF5	ST8SIA6-AS1	-0.047461	46.63	-6.3E-01	rgb( 80,134,241)	1.9126	None
GATA4	PER2	-0.047461	46.63	-6.3E-01	rgb( 80,134,241)	1.9126	None
ARNT2	DPYSL4	0.046909	46.62	0.616	rgb(224, 99,101)	1.9124	None
ARX	LGI3	0.046909	46.62	0.617	rgb(224, 99,100)	1.9124	None
NKX6-1	SDCBP2-AS1	-0.046909	46.62	-6.2E-01	rgb( 82,135,241)	1.9124	None
POU6F1	FAM135B	0.046909	46.62	0.621	rgb(224, 98,100)	1.9124	None
GLIS2	INS-IGF2	0.046772	46.61	0.608	rgb(224,101,102)	1.9122	2,2
PBX1	SUSD2	0.04622	46.6	0.606	rgb(224,101,103)	1.912	None
RORC	TMEM61	0.04622	46.6	0.605	rgb(224,101,103)	1.912	None
TGIF2	SDCBP2-AS1	0.04622	46.6	0.596	rgb(224,103,104)	1.912	None
ZNF846	RORC	-0.04622	46.6	-6.0E-01	rgb( 88,138,240)	1.912	None
ARX	LDHAL6A	0.044702	47.47	0.473	rgb(222,127,128)	1.9294	None
ARX	LOC284581	0.044702	47.47	0.47	rgb(222,127,128)	1.9294	2,2
EGR3	BTBD17	-0.044702	47.47	-4.7E-01	rgb(115,155,235)	1.9294	None
EGR3	TMEM132C	-0.044702	47.47	-4.7E-01	rgb(115,155,235)	1.9294	None
NEUROD1	MEP1B	0.044702	47.47	0.474	rgb(222,127,127)	1.9294	None
NR4A2	LINGO1	-0.044702	47.47	-4.7E-01	rgb(115,155,235)	1.9294	None
ONECUT1	APBB1	0.044702	47.47	0.468	rgb(222,128,129)	1.9294	None
PDX1	SIDT1	-0.044702	47.47	-4.7E-01	rgb(116,155,235)	1.9294	None
SPIB	SSTR5-AS1	0.044702	47.47	0.467	rgb(222,128,129)	1.9294	None
SPIB	VSTM4	0.044702	47.47	0.468	rgb(222,128,128)	1.9294	None
ZNF492	SYT5	-0.044702	47.47	-4.7E-01	rgb(115,155,235)	1.9294	None
ATF6	PTCH1	0.04415	46.59	0.588	rgb(223,105,106)	1.9118	None
ELF4	AMPH	0.04415	46.59	0.593	rgb(224,104,105)	1.9118	None
SOX4	KCNIP3	0.04415	46.59	0.587	rgb(223,105,106)	1.9118	None
ZNF519	CBX4	-0.04415	46.59	-5.9E-01	rgb( 89,139,239)	1.9118	None
ELF4	ATF5	-0.043046	47.46	-4.6E-01	rgb(116,156,235)	1.9292	None
HEYL	WDR52	-0.043046	47.46	-4.6E-01	rgb(117,156,235)	1.9292	2,2
MAFF	SLC26A7	0.043046	47.46	0.464	rgb(222,128,129)	1.9292	None
PBX1	ACBD7	0.043046	47.46	0.457	rgb(222,130,131)	1.9292	None
RFX3	CDK5R1	0.043046	47.46	0.628	rgb(224, 97, 98)	1.9292	None
TFCP2L1	CCDC74A	0.043046	47.46	0.456	rgb(222,130,131)	1.9292	None
ZNF382	ADD2	-0.043046	47.46	-4.6E-01	rgb(118,157,234)	1.9292	None
ZNF853	LPPR3	0.043046	47.46	0.455	rgb(222,130,131)	1.9292	2,2
GATA6	SOX4	0.042081	46.58	0.58	rgb(223,106,107)	1.9116	None
HIF1A	LDB1	0.042081	46.58	0.575	rgb(223,107,108)	1.9116	None
LMX1A	GAST	0.042081	46.58	0.583	rgb(223,106,107)	1.9116	2,2
ONECUT3	TTR	-0.042081	47.22	-5.8E-01	rgb( 91,140,239)	1.9244	None
RORC	MPP2	0.042081	46.58	0.576	rgb(223,107,108)	1.9116	None
RORC	PAM	0.042081	46.58	0.583	rgb(223,106,107)	1.9116	None
ZFP82	PCDHA2	0.042081	46.58	0.58	rgb(223,106,107)	1.9116	None
FOXP2	CSH2	0.041805	46.57	0.569	rgb(223,108,110)	1.9114	2,2
RORC	STX1A	-0.041805	46.57	-5.7E-01	rgb( 94,142,238)	1.9114	None
ARX	AK125301	0.041115	47.45	0.453	rgb(222,130,131)	1.929	2,2
EGR3	CERS1	-0.041115	47.45	-4.5E-01	rgb(119,157,234)	1.929	None
GATA2	SH3GL1P1	0.041115	47.45	0.446	rgb(222,132,133)	1.929	2,2
PAX4	SMOC1	0.041115	47.45	0.449	rgb(222,131,132)	1.929	None
SMAD9	MYBPC3	0.041115	47.45	0.451	rgb(222,131,132)	1.929	None
GATA6	MMP11	0.040425	46.56	0.564	rgb(223,109,110)	1.9112	None
HSF2	GALNT16	-0.040425	46.56	-5.6E-01	rgb( 96,143,238)	1.9112	None
LMX1A	TAC1	0.040425	46.56	0.559	rgb(223,110,111)	1.9112	2,2
ONECUT3	SH3RF3	0.040425	46.56	0.559	rgb(223,110,111)	1.9112	None
TEAD1	TGIF2	0.040425	46.56	0.563	rgb(223,109,111)	1.9112	None
EGR3	CHRM4	-0.039597	47.44	-4.4E-01	rgb(122,159,234)	1.9288	None
MAFB	UNC79	0.039597	47.44	0.442	rgb(222,132,133)	1.9288	None
NR4A2	AK5	0.039597	47.44	0.437	rgb(222,134,134)	1.9288	None
PAX4	DSCAML1	-0.039597	47.44	-4.4E-01	rgb(121,159,234)	1.9288	None
PBX1	TMEM212	0.039597	47.44	0.442	rgb(222,133,134)	1.9288	None
PRDM16	PALMD	0.039597	47.44	0.438	rgb(222,133,134)	1.9288	None
FOXP2	FOXA1	0.039045	46.55	0.548	rgb(223,112,113)	1.911	None
GATA6	CNTD2	-0.039045	46.55	-5.5E-01	rgb( 98,144,238)	1.911	None
LTF	GATA2	-0.039045	46.55	-5.5E-01	rgb( 98,145,238)	1.911	2,2
PAX4	KANK2	-0.039045	46.55	-5.5E-01	rgb( 97,144,238)	1.911	None
GATA4	TMPRSS6	0.038493	46.54	0.537	rgb(223,114,115)	1.9108	None
GATA6	BCAT1	0.038493	46.54	0.542	rgb(223,114,115)	1.9108	None
LMX1A	DSCAML1	0.038493	46.54	0.54	rgb(223,114,115)	1.9108	None
SOX4	TLE3	0.038493	46.54	0.535	rgb(223,115,116)	1.9108	None
EGR3	ATOH8	-0.038079	46.53	-5.3E-01	rgb(102,147,237)	1.9106	None
FOXA1	CHD5	-0.038079	46.53	-5.3E-01	rgb(102,147,237)	1.9106	None
RORC	ST8SIA3	0.038079	46.53	0.528	rgb(223,116,117)	1.9106	None
ARNT2	YPEL1	-0.036976	47.43	-4.3E-01	rgb(123,160,233)	1.9286	None
ELF4	PELI3	-0.036976	47.43	-4.3E-01	rgb(125,161,233)	1.9286	None
INSM1	PBX1	0.036976	47.43	0.434	rgb(222,134,135)	1.9286	None
LHX1	ARHGAP22	-0.036976	47.43	-4.3E-01	rgb(123,160,234)	1.9286	None
LMX1A	LGR6	-0.036976	47.43	-4.3E-01	rgb(125,161,233)	1.9286	None
LMX1B	MTUS2	0.036976	47.43	0.428	rgb(222,135,136)	1.9286	None
NEUROG3	DLL3	-0.036976	47.43	-4.4E-01	rgb(122,159,234)	1.9286	None
NEUROG3	NAALADL1	0.036976	47.43	0.434	rgb(222,134,135)	1.9286	None
EGR3	KCNB2	-0.036148	47.42	-4.2E-01	rgb(126,161,233)	1.9284	None
LMX1A	PNMAL1	-0.036148	47.42	-4.2E-01	rgb(125,161,233)	1.9284	2,2
LMX1B	SV2B	0.036148	47.42	0.424	rgb(222,136,137)	1.9284	None
NR4A2	LMX1B	0.036148	47.42	0.418	rgb(222,137,138)	1.9284	None
PRDM16	STXBP1	0.036148	47.42	0.416	rgb(222,138,138)	1.9284	None
ZFHX2	AF131837	-0.036148	47.42	-4.2E-01	rgb(125,161,233)	1.9284	2,2
ETS1	CENPE	-0.034768	46.52	-5.2E-01	rgb(105,149,237)	1.9104	None
ETS1	RASD1	0.034768	46.52	0.52	rgb(223,118,119)	1.9104	None
GATA2	PGF	0.034768	46.52	0.524	rgb(223,117,118)	1.9104	None
HSF2	SLC16A12	-0.034768	46.52	-5.2E-01	rgb(103,148,237)	1.9104	None
MAFA	SPDYE7P	0.034768	46.52	0.523	rgb(223,117,118)	1.9104	None
RORC	LINGO1	0.034768	46.52	0.517	rgb(223,118,119)	1.9104	None
RORC	MSI1	0.034768	46.52	0.524	rgb(223,117,118)	1.9104	None
RORC	MUC5B	0.034768	46.52	0.517	rgb(223,118,119)	1.9104	None
SMAD9	NPW	0.034768	46.52	0.522	rgb(223,117,118)	1.9104	None
TEAD2	FSD1	0.034768	46.52	0.516	rgb(223,118,119)	1.9104	None
MAFB	CRLF1	0.034078	47.41	0.412	rgb(222,138,139)	1.9282	None
MAFF	NAIP	-0.034078	47.41	-4.1E-01	rgb(129,164,232)	1.9282	2,2
NEUROG3	CPLX2	-0.034078	47.41	-4.1E-01	rgb(128,163,233)	1.9282	None
RFX3	HEYL	0.034078	47.41	0.405	rgb(221,140,140)	1.9282	None
ZFP90	WSCD1	0.034078	47.41	0.411	rgb(222,139,139)	1.9282	None
FOXA1	ADORA2A	-0.033251	46.51	-5.1E-01	rgb(107,150,236)	1.9102	2,2
GATA4	STK31	-0.033251	46.51	-5.1E-01	rgb(106,150,236)	1.9102	None
ONECUT3	TMEM132B	0.033251	46.51	0.506	rgb(223,120,121)	1.9102	None
TFCP2L1	CDK5R1	0.033251	46.51	0.509	rgb(223,120,121)	1.9102	None
TGIF2	HINT1	-0.033251	46.51	-5.1E-01	rgb(107,150,236)	1.9102	None
ZNF519	ATP6V1G2	0.033251	46.51	0.511	rgb(223,119,120)	1.9102	None
ASCL1	BTBD17	-0.032423	47.4	-4.0E-01	rgb(130,164,232)	1.928	None
ELF4	SHC3	-0.032423	47.4	-4.0E-01	rgb(130,164,232)	1.928	None
ETS1	NOTUM	-0.032423	47.4	-4.0E-01	rgb(129,164,232)	1.928	None
HIC1	H2AFB3	-0.032423	47.4	-4.0E-01	rgb(129,164,232)	1.928	2,2
NEUROG3	RAB26	0.032423	47.4	0.396	rgb(221,141,142)	1.928	None
RORC	TGIF2	-0.032423	47.4	-4.0E-01	rgb(130,164,232)	1.928	None
HSF2	MALAT1	0.031733	46.5	0.498	rgb(222,122,123)	1.91	None
PDX1	BRSK1	0.031733	46.5	0.498	rgb(222,122,123)	1.91	None
PRDM16	SERTAD1	-0.031733	46.5	-5.0E-01	rgb(108,151,236)	1.91	None
SOX4	TMEM145	-0.031733	46.5	-5.0E-01	rgb(109,151,236)	1.91	None
ZNF117	AK311213	0.031733	46.5	0.498	rgb(222,122,123)	1.91	2,2
ARX	CLCA1	-0.030629	47.39	-3.9E-01	rgb(133,166,232)	1.9278	None
ELF4	ITPR1	-0.030629	47.39	-3.9E-01	rgb(132,165,232)	1.9278	None
LHX1	DGKB	-0.030629	47.39	-3.9E-01	rgb(131,165,232)	1.9278	None
MAFB	N4BP2L2-IT2	0.030629	47.39	0.388	rgb(221,143,144)	1.9278	2,2
NEUROD1	FGF9	0.030629	47.39	0.386	rgb(221,143,144)	1.9278	None
NR4A2	ADAM12	0.030629	47.39	0.393	rgb(221,142,143)	1.9278	None
NR4A2	MANEAL	-0.030629	47.39	-3.9E-01	rgb(133,166,232)	1.9278	None
ONECUT3	CCDC181	-0.030629	47.39	-3.9E-01	rgb(132,166,232)	1.9278	None
ARX	GUCY1A3	0.029525	46.49	0.486	rgb(222,124,125)	1.9098	2,2
ETV1	SLC16A12	0.029525	46.49	0.486	rgb(222,124,125)	1.9098	None
ETV1	SOGA3	0.029525	46.49	0.487	rgb(222,124,125)	1.9098	None
NKX6-1	AK054990	0.029525	46.49	0.49	rgb(222,123,124)	1.9098	2,2
PDX1	CFH	0.029525	46.49	0.486	rgb(222,124,125)	1.9098	2,2
PDX1	MLXIPL	0.029525	46.49	0.492	rgb(222,123,124)	1.9098	None
TGIF2	MALAT1	-0.029525	46.49	-4.9E-01	rgb(111,152,236)	1.9098	None
ZNF846	FJX1	-0.029525	46.49	-4.9E-01	rgb(111,153,236)	1.9098	None
GATA2	KIAA1456	0.028698	47.38	0.382	rgb(221,144,145)	1.9276	2,2
LTF	N4BP2L2-IT2	0.028698	47.38	0.383	rgb(221,144,145)	1.9276	2,2
MAFB	CADM3	0.028698	47.38	0.38	rgb(221,144,145)	1.9276	None
NKX2-2	PHLDA2	0.028698	47.38	0.383	rgb(221,144,145)	1.9276	None
NR4A2	TRIM35	0.028698	47.38	0.382	rgb(221,144,145)	1.9276	None
ZFHX2	GLT8D2	0.028698	47.38	0.377	rgb(221,145,146)	1.9276	None
FEV	ASIC4	0.027318	46.48	0.479	rgb(222,125,126)	1.9096	None
GATA6	SDCBP2-AS1	-0.027318	46.48	-4.8E-01	rgb(112,153,235)	1.9096	None
HOXB9	CEND1	-0.027318	46.48	-4.8E-01	rgb(113,154,235)	1.9096	None
LHX1	FGF14	-0.027318	46.48	-4.8E-01	rgb(112,153,235)	1.9096	None
LMX1B	SLC38A3	0.027318	46.48	0.479	rgb(222,126,126)	1.9096	None
MAFB	CACNA1A	0.027318	46.48	0.485	rgb(222,124,125)	1.9096	None
RFX3	SNED1	0.027318	46.48	0.481	rgb(222,125,126)	1.9096	None
TFCP2L1	LONRF2	0.027318	46.48	0.477	rgb(222,126,127)	1.9096	None
ZNF492	ELAVL4	-0.027318	46.48	-7.9E-01	rgb( 45,112,247)	1.9096	None
ZNF492	NR2F2-AS1	-0.027318	46.48	-4.8E-01	rgb(112,153,235)	1.9096	None
ARX	CDKN1C	-0.02649	47.37	-3.7E-01	rgb(137,168,231)	1.9274	None
ASCL2	WDR17	-0.02649	47.37	-3.7E-01	rgb(137,168,231)	1.9274	None
LMX1A	MIR29C	0.02649	47.37	0.369	rgb(221,146,147)	1.9274	2,2
NR4A2	SPDYE7P	0.02649	47.37	0.369	rgb(221,147,147)	1.9274	None
RFX2	CCDC74A	0.02649	47.37	0.368	rgb(221,147,147)	1.9274	None
RFX6	COL16A1	0.02649	47.37	0.37	rgb(221,146,147)	1.9274	None
AEBP1	AK126318	-0.025524	46.47	-4.7E-01	rgb(115,155,235)	1.9094	2,2
GATA4	VOPP1	0.025524	46.47	0.472	rgb(222,127,128)	1.9094	None
LHX1	GPR173	-0.025524	46.47	-4.7E-01	rgb(115,155,235)	1.9094	None
MAFA	AADAT	0.025524	46.47	0.468	rgb(222,128,129)	1.9094	None
PRDM16	SCN3B	0.025524	46.47	0.471	rgb(222,127,128)	1.9094	None
SOX4	SERTAD1	0.025524	46.47	0.467	rgb(222,128,129)	1.9094	None
ZNF519	GRB14	0.025524	46.47	0.47	rgb(222,127,128)	1.9094	None
LMX1B	CPT1C	-0.024834	47.36	-3.6E-01	rgb(138,169,231)	1.9272	None
PAX4	RAPGEF4	-0.024834	47.36	-3.6E-01	rgb(138,169,231)	1.9272	None
PDX1	GSTM2	-0.024834	47.36	-3.6E-01	rgb(139,169,231)	1.9272	None
PDX1	MAP1B	0.024834	47.36	0.36	rgb(221,148,149)	1.9272	None
ZFHX2	FAM161A	-0.024834	47.36	-3.6E-01	rgb(138,169,231)	1.9272	None
EGR3	KAT2B	-0.024007	46.46	-4.6E-01	rgb(117,156,235)	1.9092	None
FOXA1	FAM171B	0.024007	46.46	0.459	rgb(222,129,130)	1.9092	None
HSF2	GRIN1	-0.024007	46.46	-4.6E-01	rgb(117,156,234)	1.9092	None
LHX1	AK026777	-0.024007	46.46	-4.6E-01	rgb(117,156,234)	1.9092	2,2
PDX1	ZG16	-0.024007	46.46	-4.6E-01	rgb(117,156,234)	1.9092	None
POU2F2	LIN7A	0.024007	46.46	0.46	rgb(222,129,130)	1.9092	None
ELF4	CERS1	0.023041	47.35	0.346	rgb(221,151,152)	1.927	None
ETS1	FCGBP	-0.023041	47.35	-3.5E-01	rgb(140,170,230)	1.927	None
LHX1	KCNK3	0.023041	47.35	0.542	rgb(223,114,115)	1.927	None
LMX1B	CHRM4	-0.023041	47.35	-3.5E-01	rgb(141,171,230)	1.927	None
LMX1B	TRPM2	0.023041	47.35	0.355	rgb(221,149,150)	1.927	None
NR4A2	SPAG8	0.023041	47.35	0.372	rgb(221,146,147)	1.927	None
NR4A3	LINC00261	-0.023041	47.35	-3.5E-01	rgb(140,170,230)	1.927	None
ASCL2	CREBRF	-0.021937	46.45	-4.5E-01	rgb(120,158,234)	1.909	None
GATA6	ST6GALNAC5	-0.021937	46.45	-4.5E-01	rgb(120,158,234)	1.909	None
HOXB9	STK31	0.021937	46.45	0.446	rgb(222,132,133)	1.909	None
HSF2	NNMT	0.021937	46.45	0.452	rgb(222,131,132)	1.909	None
NHLH1	LOC400891	0.021937	46.45	0.449	rgb(222,131,132)	1.909	2,2
NKX2-2	SUSD2	0.021937	46.45	0.45	rgb(222,131,132)	1.909	None
RORC	CD300LF	0.021937	46.45	0.447	rgb(222,132,133)	1.909	None
ZNF519	NEUROD2	0.021937	46.45	0.45	rgb(222,131,132)	1.909	None
ARX	NALCN	0.021385	47.34	0.338	rgb(221,152,153)	1.9268	None
FEV	WSCD1	0.021385	47.34	0.448	rgb(222,131,132)	1.9268	None
HIC1	TEKT2	0.021385	47.34	0.338	rgb(221,152,153)	1.9268	None
NR4A2	FCRL6	0.021385	47.34	0.336	rgb(221,153,154)	1.9268	None
ELF4	ACTN3	-0.01973	46.44	-4.4E-01	rgb(121,159,234)	1.9088	None
ETS1	NRXN2	0.01973	46.44	0.438	rgb(222,133,134)	1.9088	None
GATA4	CATSPER2	-0.01973	46.44	-4.4E-01	rgb(123,160,234)	1.9088	2,2
HES6	TUBB4A	0.01973	46.44	0.441	rgb(222,133,134)	1.9088	2,2
MAFA	ACE	-0.01973	47.33	-4.5E-01	rgb(120,158,234)	1.9266	None
NR4A2	ANKRD18A	-0.01973	47.33	-3.3E-01	rgb(146,174,229)	1.9266	None
PAX6	CHRNB2	-0.01973	47.33	-3.3E-01	rgb(146,174,229)	1.9266	None
SMAD9	HIC1	0.01973	46.44	0.441	rgb(222,133,134)	1.9088	None
SOX4	QSOX2	0.01973	47.33	0.334	rgb(221,153,154)	1.9266	None
TEAD1	GDF11	0.01973	46.44	0.445	rgb(222,132,133)	1.9088	None
TGIF2	FJX1	0.01973	46.44	0.436	rgb(222,134,135)	1.9088	None
TSHZ1	AX746771	-0.01973	46.44	-4.4E-01	rgb(122,159,234)	1.9088	2,2
ELF4	RCOR3	-0.019454	47.32	-3.2E-01	rgb(147,174,229)	1.9264	None
MAFA	RRAGD	-0.019454	47.32	-3.2E-01	rgb(147,175,229)	1.9264	None
ASCL1	ADCY1	0.01835	47.31	0.313	rgb(220,157,158)	1.9262	None
FOXA1	GNG2	0.01835	46.43	0.432	rgb(222,134,135)	1.9086	None
FOXA1	NEFM	-0.01835	46.43	-4.3E-01	rgb(124,160,233)	1.9086	None
GATA6	GYLTL1B	-0.01835	47.31	-3.1E-01	rgb(151,177,229)	1.9262	2,2
NEUROD1	PAK7	0.01835	47.31	0.31	rgb(220,158,158)	1.9262	2,2
NEUROD2	AL117485	0.01835	46.43	0.431	rgb(222,135,135)	1.9086	2,2
SOX4	TRIM24	0.01835	47.31	0.307	rgb(220,158,159)	1.9262	None
TFCP2L1	FUT1	0.01835	46.43	0.428	rgb(222,135,136)	1.9086	None
EGR3	NFAT5	-0.018074	47.3	-3.0E-01	rgb(153,178,228)	1.926	None
EGR3	SV2B	-0.018074	47.3	-3.0E-01	rgb(152,177,228)	1.926	None
FOXA2	LRIG1	0.016832	46.42	0.422	rgb(222,136,137)	1.9084	None
ISL1	DIRAS1	0.016832	46.42	0.421	rgb(222,137,137)	1.9084	2,2
LTF	MEX3B	0.016832	46.42	0.424	rgb(222,136,137)	1.9084	None
MAFA	FAM131B	-0.016832	46.42	-4.2E-01	rgb(125,161,233)	1.9084	None
RORC	GPR155	-0.016832	46.42	-4.2E-01	rgb(126,161,233)	1.9084	None
TEAD1	SERTAD1	-0.016832	46.42	-4.2E-01	rgb(127,162,233)	1.9084	None
TFCP2L1	ONECUT3	0.016832	46.42	0.419	rgb(222,137,138)	1.9084	None
ZNF382	GOLGA6L9	0.016832	46.42	0.425	rgb(222,136,137)	1.9084	2,2
ZNF519	GOLGA6L9	0.016832	46.42	0.422	rgb(222,136,137)	1.9084	2,2
GATA2	LOC653513	0.015453	47.29	0.293	rgb(220,161,162)	1.9258	2,2
HIC1	STX1A	-0.015453	47.29	-2.9E-01	rgb(154,178,228)	1.9258	None
HSF2	ZNF519	0.015453	47.29	0.286	rgb(220,162,163)	1.9258	None
LMX1A	AK130076	0.015453	47.29	0.286	rgb(220,162,163)	1.9258	2,2
NEUROD1	GPR83	0.015453	47.29	0.293	rgb(220,161,162)	1.9258	2,2
NEUROD1	TPPP3	-0.015453	47.29	-2.9E-01	rgb(153,178,228)	1.9258	None
PRDM16	AGT	-0.015453	47.29	-2.9E-01	rgb(153,178,228)	1.9258	None
RFX2	KCNJ11	0.015453	47.29	0.288	rgb(220,162,163)	1.9258	None
SIM1	NCAM1	0.015453	47.29	0.288	rgb(220,162,163)	1.9258	2,2
ZFHX2	SCG2	-0.015453	47.29	-2.9E-01	rgb(154,179,228)	1.9258	None
MAFA	PCSK1	0.015177	47.28	0.282	rgb(220,163,164)	1.9256	None
NR4A2	PCAT1	0.015177	47.28	0.444	rgb(222,132,133)	1.9256	None
ETS1	PBX1	0.013935	46.41	0.411	rgb(222,138,139)	1.9082	None
GATA2	LTF	-0.013935	46.41	-4.1E-01	rgb(129,163,232)	1.9082	None
HSF2	PROX1	0.013935	46.41	0.407	rgb(221,139,140)	1.9082	None
MAFB	RPS6KL1	0.013935	46.41	0.409	rgb(221,139,140)	1.9082	None
NKX6-1	AK056081	-0.013935	46.41	-4.1E-01	rgb(128,163,233)	1.9082	2,2
SPIB	MLXIPL	0.013935	46.41	0.413	rgb(222,138,139)	1.9082	None
TFCP2L1	NDRG4	-0.013935	46.41	-4.1E-01	rgb(128,163,233)	1.9082	None
TGIF2	SCT	-0.013935	46.41	-4.1E-01	rgb(129,163,232)	1.9082	None
ZNF519	HBT8	0.013935	46.41	0.407	rgb(221,139,140)	1.9082	2,2
ELF4	FOXA2	-0.013107	47.27	-2.7E-01	rgb(159,182,227)	1.9254	None
ETS1	PLEKHB1	-0.013107	47.27	-6.0E-01	rgb( 87,138,240)	1.9254	None
ETS1	SULT1C2P1	-0.013107	47.27	-2.7E-01	rgb(157,181,227)	1.9254	None
LHX1	NPM2	-0.013107	47.27	-2.7E-01	rgb(157,181,227)	1.9254	None
PRDM16	INHBE	0.013107	47.27	0.275	rgb(220,165,165)	1.9254	None
TEAD1	GRAP2	-0.013107	47.27	-2.7E-01	rgb(159,182,227)	1.9254	None
GATA2	KIRREL3	0.012555	46.4	0.401	rgb(221,140,141)	1.908	None
RORC	ZDHHC8P1	-0.012555	46.4	-4.0E-01	rgb(129,164,232)	1.908	None
TGIF2	GRB14	0.012555	46.4	0.397	rgb(221,141,142)	1.908	None
ZNF846	SCUBE1	-0.012555	46.4	-4.0E-01	rgb(130,164,232)	1.908	None
ARX	LEFTY1	-0.011865	47.26	-2.6E-01	rgb(161,183,227)	1.9252	None
ELF4	SCG5	-0.011865	47.26	-2.6E-01	rgb(161,183,227)	1.9252	None
ETS1	KCNH2	0.011865	47.26	0.264	rgb(220,167,167)	1.9252	None
GATA4	METTL21EP	-0.011865	47.26	-2.6E-01	rgb(160,182,227)	1.9252	None
NR4A2	SST	-0.011865	47.26	-2.6E-01	rgb(161,183,227)	1.9252	None
LHX1	DPEP1	-0.011451	47.25	-2.5E-01	rgb(163,184,226)	1.925	None
MYRF	AX746869	-0.011451	47.25	-2.5E-01	rgb(164,185,226)	1.925	2,2
SPIB	ATOH8	-0.011451	47.25	-2.5E-01	rgb(162,183,227)	1.925	None
HEYL	TMEM35	0.010624	46.39	0.388	rgb(221,143,144)	1.9078	2,2
LHX1	NPAS3	-0.010624	46.39	-3.9E-01	rgb(132,165,232)	1.9078	None
NR4A2	LONRF2	-0.010624	46.39	-3.9E-01	rgb(132,165,232)	1.9078	None
NR4A3	CDHR1	0.010624	46.39	0.392	rgb(221,142,143)	1.9078	2,2
ZFP28	WNK3	0.010624	46.39	0.39	rgb(221,142,143)	1.9078	None
ZFP82	F10	-0.010624	46.39	-3.9E-01	rgb(132,166,232)	1.9078	None
ONECUT1	CDHR1	0.010486	46.38	0.381	rgb(221,144,145)	1.9076	2,2
ELF4	CFC1	-0.0097958	47.24	-2.4E-01	rgb(166,186,226)	1.9248	None
ELF4	IGSF10	-0.0097958	47.24	-2.4E-01	rgb(164,185,226)	1.9248	None
GATA4	CACNA1A	0.0097958	47.24	0.241	rgb(220,171,171)	1.9248	None
HEYL	BC029255	-0.0097958	47.24	-2.4E-01	rgb(164,185,226)	1.9248	2,2
HSF2	MIR137HG	-0.0097958	47.24	-2.4E-01	rgb(164,185,226)	1.9248	None
ATF5	ID1	-0.0084161	46.37	-3.7E-01	rgb(137,169,231)	1.9074	None
ELF4	FAXC	-0.0084161	47.23	-2.3E-01	rgb(167,187,226)	1.9246	None
ISL1	AK094325	0.0084161	47.23	0.233	rgb(220,172,173)	1.9246	2,2
NR4A2	ALAS2	0.0084161	47.23	0.234	rgb(220,172,173)	1.9246	None
NR4A2	KCNIP3	-0.0084161	47.23	-2.3E-01	rgb(166,186,226)	1.9246	None
ONECUT1	SLC14A2	0.0084161	46.37	0.372	rgb(221,146,147)	1.9074	None
PAX6	CELF4	0.0084161	46.37	0.369	rgb(221,147,147)	1.9074	None
TFCP2L1	COL16A1	-0.0084161	46.37	-3.7E-01	rgb(136,168,231)	1.9074	None
TFCP2L1	OSBPL6	-0.0084161	46.37	-3.7E-01	rgb(136,168,231)	1.9074	None
ZFP28	FSTL5	0.0084161	46.37	0.373	rgb(221,146,147)	1.9074	None
RFX6	DHRS2	0.0081402	47.22	0.218	rgb(219,175,176)	1.9244	None
SIM1	TDO2	0.0081402	47.22	0.22	rgb(219,175,175)	1.9244	2,2
EGR3	RGS14	0.0067605	46.36	0.612	rgb(224,100,101)	1.9072	None
FOXA2	NEAT1	-0.0067605	46.36	-3.6E-01	rgb(139,169,231)	1.9072	None
FOXA2	PBX1	-0.0067605	46.36	-3.6E-01	rgb(138,169,231)	1.9072	None
GATA6	FOXD4L2	-0.0067605	46.36	-3.6E-01	rgb(140,170,231)	1.9072	2,2
HOXB9	FAM171B	0.0067605	47.21	0.214	rgb(219,176,176)	1.9242	None
MYT1	GPR64	0.0067605	47.21	0.213	rgb(219,176,177)	1.9242	2,2
NEUROD1	PCBP4	0.0067605	47.21	0.213	rgb(219,176,177)	1.9242	None
SMAD9	EVL	0.0067605	46.36	0.364	rgb(221,147,148)	1.9072	None
SPIB	GPR64	0.0067605	46.36	0.36	rgb(221,148,149)	1.9072	2,2
TP73	MAGED1	0.0067605	46.36	0.364	rgb(221,147,148)	1.9072	None
ARX	FOXP2	-0.0064845	47.2	-2.0E-01	rgb(173,190,225)	1.924	None
TEAD1	SLC35F3	-0.0064845	47.2	-2.0E-01	rgb(173,190,225)	1.924	None
ETV1	JPH4	0.0057947	46.35	0.354	rgb(221,149,150)	1.907	None
LHX1	BOC	-0.0057947	46.35	-3.5E-01	rgb(142,171,230)	1.907	None
MAFA	NPSR1-AS1	0.0057947	46.35	0.353	rgb(221,150,150)	1.907	None
NFAT5	AX746869	0.0057947	46.35	0.348	rgb(221,151,151)	1.907	2,2
RORC	GRIN1	0.0057947	46.35	0.352	rgb(221,150,150)	1.907	None
ELF4	RGS4	-0.0052428	47.19	-1.9E-01	rgb(175,192,224)	1.9238	None
FEV	PLEKHB1	0.0052428	47.19	0.192	rgb(219,180,181)	1.9238	None
GATA2	KCNE4	0.0052428	47.19	0.194	rgb(219,180,180)	1.9238	None
NKX6-1	AX747227	-0.0052428	47.19	-1.9E-01	rgb(175,191,224)	1.9238	2,2
FOXA1	DNER	0.004553	46.34	0.338	rgb(221,153,153)	1.9068	None
FOXA1	FAM135B	0.004553	46.34	0.548	rgb(223,112,113)	1.9068	None
NR4A2	C2CD4B	0.004553	46.34	0.34	rgb(221,152,153)	1.9068	None
TGIF2	EMB	-0.004553	46.34	-3.4E-01	rgb(144,172,230)	1.9068	None
ZNF846	LOC100505716	0.004553	46.34	0.338	rgb(221,153,153)	1.9068	2,2
ATF5	LOC100272216	0.0038631	47.18	0.179	rgb(219,183,183)	1.9236	2,2
ELF4	ITGA7	-0.0038631	47.18	-1.8E-01	rgb(177,193,224)	1.9236	None
MAFF	FLT1	-0.0038631	47.18	-1.8E-01	rgb(178,193,224)	1.9236	None
PAX6	ID2	-0.0038631	47.18	-1.8E-01	rgb(177,193,224)	1.9236	None
TFCP2L1	FLJ00385	0.0038631	47.18	0.176	rgb(219,183,184)	1.9236	2,2
ONECUT3	ONECUT3	0.0034492	47.17	0.171	rgb(219,184,185)	1.9234	None
ZNF382	CBLN1	-0.0034492	47.17	-7.4E-01	rgb( 56,119,245)	1.9234	None
ZNF846	ABCC4	0.0034492	47.17	0.168	rgb(219,185,185)	1.9234	None
PRDM16	SPDYE7P	0.0028974	46.33	0.332	rgb(221,154,154)	1.9066	None
RORC	FSD1	0.0028974	46.33	0.326	rgb(221,155,155)	1.9066	None
RORC	KCNH3	0.0028974	46.33	0.332	rgb(221,154,154)	1.9066	None
TP73	DLGAP3	0.0028974	46.33	0.328	rgb(221,154,155)	1.9066	None
ASCL2	SOGA3	-0.0026214	47.16	-1.6E-01	rgb(183,196,223)	1.9232	None
NR4A3	POU6F1	0.0026214	47.16	0.374	rgb(221,146,146)	1.9232	None
FOXA2	TMEFF2	0.0020695	46.32	0.318	rgb(220,156,157)	1.9064	None
LMX1A	KCNN3	0.0020695	46.32	0.321	rgb(221,156,156)	1.9064	None
MAFA	TMEM151B	0.0020695	46.32	0.321	rgb(221,156,156)	1.9064	None
NEUROD1	CNGA3	0.0020695	47.15	0.149	rgb(219,189,189)	1.923	None
SPIB	RFX2	0.0019316	47.12	0.123	rgb(218,193,194)	1.9224	None
ARX	NKTR	0.0013797	47.11	0.105	rgb(218,197,197)	1.9222	None
HEYL	LOC100294362	-0.0013797	47.11	-1.1E-01	rgb(194,203,221)	1.9222	2,2
LMX1A	GRIK5	-0.0013797	47.11	-1.1E-01	rgb(192,202,221)	1.9222	None
ZFHX2	PMP22	0.0013797	47.11	0.107	rgb(218,197,197)	1.9222	None
GATA2	GDF1	-0.0012417	47.09	-3.3E-01	rgb(144,173,230)	1.9218	None
