>MA1574.1 THRB
2306.00 4047.00 167.00 104.00  20.00  35.00 8626.00 8626.00 8626.00  24.00  36.00  23.00 136.00 8626.00 1936.00
1397.00 234.00  52.00  14.00 132.00 8626.00  16.00 165.00  43.00   6.00  14.00 246.00 8626.00 148.00 2190.00
3705.00 4579.00 8626.00 8626.00 726.00 824.00 817.00 2025.00 1900.00 8626.00 8626.00 1400.00 726.00 3668.00 2160.00
1219.00  74.00 392.00 1892.00 8626.00 1851.00  13.00 1587.00  11.00  61.00 2010.00 8626.00 2555.00 225.00 2340.00
>MA1573.1 THAP11
154.00 200.00 195.00 443.00   0.00   2.00 411.00   1.00 402.00 165.00  32.00   3.00   4.00   1.00   2.00 383.00  34.00 153.00 247.00
 73.00  19.00   5.00   5.00 448.00  15.00  16.00 446.00   8.00  39.00 107.00  17.00 440.00 448.00 443.00   5.00  23.00 184.00  84.00
152.00 214.00 243.00   2.00   1.00   1.00  10.00   1.00  34.00  33.00  47.00   5.00   1.00   1.00   2.00  58.00 365.00  89.00  85.00
 72.00  18.00   8.00   1.00   2.00 433.00  14.00   3.00   7.00 214.00 265.00 426.00   6.00   1.00   4.00   5.00  29.00  25.00  35.00
>MA1570.1 TFAP4(var.2)
479.00 217.00   0.00 479.00   0.00 479.00   0.00   0.00 103.00  60.00
130.00 144.00 479.00   0.00 220.00 149.00   0.00   3.00  14.00 210.00
197.00   0.00   0.00  14.00 161.00 287.00   0.00 479.00 156.00 110.00
 39.00 129.00   0.00   0.00 479.00   0.00 479.00   0.00 206.00 479.00
>MA1569.1 TFAP2E
2554.00   0.00   0.00   0.00   0.00 1440.00 7716.00   0.00   0.00   0.00 4904.00
5504.00 6924.00 14449.00 14449.00 4768.00 5928.00 2419.00   0.00   0.00 14449.00 1506.00
1434.00 14449.00   0.00   0.00 2053.00 5766.00 4463.00 14449.00 14449.00 6818.00 5310.00
4957.00   0.00   0.00   0.00 7858.00 1316.00   0.00   0.00   0.00   0.00 2729.00
>MA1572.1 TGIF2LY
736.00 162.00 5209.00 123.00 5209.00 130.00 1033.00 140.00 175.00 1084.00 135.00 5209.00
836.00 270.00 163.00 5209.00  37.00 1267.00 2850.00 848.00  61.00 371.00 5209.00 362.00
415.00 5209.00 349.00  66.00 833.00 2794.00 1188.00  73.00 5209.00 145.00 259.00 807.00
5209.00 104.00 1197.00 144.00 110.00 1018.00 138.00 5209.00 121.00 5209.00 172.00 679.00
>MA1571.1 TGIF2LX
237.00  52.00 2539.00  32.00 2539.00  37.00 380.00  37.00  64.00 428.00  45.00 2539.00
355.00 187.00  64.00 2539.00  18.00 575.00 1568.00 318.00  23.00 127.00 2539.00 132.00
145.00 2539.00 132.00  29.00 316.00 1566.00 554.00  23.00 2539.00  72.00 172.00 361.00
2539.00  47.00 428.00  59.00  40.00 362.00  38.00 2539.00  22.00 2539.00  66.00 232.00
>MA1566.1 TBX3
644.00 2544.00 427.00   6.00  16.00   0.00 115.00 170.00 2544.00 760.00
399.00 481.00 862.00  45.00 735.00   0.00 634.00 1471.00 410.00 586.00
1003.00 1207.00 2544.00 2544.00   0.00 2544.00 155.00 2544.00 947.00 620.00
497.00 760.00 302.00   0.00 2544.00   0.00 2544.00 1112.00 484.00 578.00
>MA1565.1 TBX18
216.00 343.00 778.00  73.00  14.00   7.00  21.00 100.00  52.00 778.00 778.00 305.00
 86.00 103.00  62.00  57.00   0.00  80.00   6.00  98.00 161.00   1.00  62.00 137.00
316.00 435.00 159.00 778.00 778.00   0.00 778.00 109.00 778.00   5.00 265.00 246.00
160.00 148.00  59.00  47.00   0.00 778.00   2.00 778.00  32.00  34.00  95.00  90.00
>MA1568.1 TCF21(var.2)
113.00 872.00  89.00   4.00 872.00   0.00 872.00  21.00   4.00  19.00  87.00 301.00
398.00  20.00 872.00 872.00   0.00  54.00  43.00 107.00   0.00  86.00 441.00 150.00
175.00 352.00 205.00  12.00 164.00  67.00  71.00   0.00 872.00 533.00   6.00 315.00
186.00 194.00  28.00   2.00  14.00 872.00   0.00 872.00  18.00 339.00 431.00 105.00
>MA1567.1 TBX6
2998.00 11087.00 1882.00  58.00  44.00  14.00 552.00 1430.00 11087.00 4550.00
1630.00 1173.00 2913.00  63.00 1002.00   0.00 3053.00 4876.00 652.00 2066.00
4003.00 3347.00 11087.00 11087.00   0.00 11087.00 320.00 11087.00 2251.00 2141.00
2456.00 2157.00 1058.00   0.00 11087.00  12.00 11087.00 5964.00 713.00 2330.00
>MA0598.3 EHF
3260.00 2702.00 2114.00 13414.00 169.00 427.00 140.00 195.00 158.00 428.00 695.00 2315.00 2247.00 3216.00 3083.00
4341.00 4628.00 8887.00 456.00 13116.00 167.00 164.00 14833.00 14997.00 608.00 2983.00 3029.00 1762.00 3671.00 4829.00
4102.00 3355.00 1540.00 775.00 377.00 152.00 199.00 139.00 101.00 1538.00 9061.00 3299.00 1264.00 3088.00 3194.00
3665.00 4683.00 2827.00 723.00 1706.00 14622.00 14865.00 201.00 112.00 12794.00 2629.00 6725.00 10095.00 5393.00 4262.00
>MA0825.1 MNT
279.00 187.00  27.00 681.00   0.00  15.00   0.00   0.00 150.00 159.00
128.00 228.00 681.00   0.00 681.00   0.00   0.00   0.00 281.00 229.00
145.00 203.00   0.00   0.00   7.00 681.00  15.00 681.00 131.00  75.00
129.00  63.00   5.00  21.00  16.00   0.00 681.00  25.00 120.00 219.00
>MA1134.1 FOS::JUNB
174.00 593.00   1.00   1.00 965.00  48.00   1.00  27.00 998.00   7.00 275.00 283.00
168.00 105.00   1.00   1.00  30.00 309.00   1.00 971.00   1.00 284.00 363.00 304.00
372.00 267.00   1.00 868.00   1.00 618.00   3.00   1.00   1.00  51.00 178.00 256.00
286.00  36.00 998.00 131.00   4.00  25.00 996.00   1.00   1.00 658.00 184.00 156.00
>MA1135.1 FOSB::JUNB
119.00 598.00   1.00   1.00 997.00  34.00   2.00 191.00 998.00  37.00
182.00  61.00   0.00   0.00   1.00 596.00   1.00 808.00   0.00 259.00
429.00 321.00   1.00 980.00   1.00 309.00  39.00   1.00   1.00 126.00
270.00  20.00 998.00  19.00   1.00  61.00 958.00   1.00   1.00 578.00
>MA1136.1 FOSB::JUNB(var.2)
561.00  30.00  13.00 869.00  30.00  52.00  56.00 173.00 923.00  11.00
 59.00  36.00  46.00  44.00 842.00  35.00  80.00 776.00  16.00 260.00
368.00  16.00 700.00  60.00  27.00 893.00  28.00  36.00  30.00  65.00
 12.00 917.00 242.00  28.00 101.00  20.00 836.00  15.00  31.00 664.00
>MA0710.1 NOTO
5631.00 774.00 7097.00 15096.00 21405.00   0.00 374.00 21405.00 7038.00 4078.00
5682.00 13986.00 4001.00 6310.00   0.00   0.00  62.00   0.00 3856.00 7711.00
6529.00 617.00 573.00   0.00   0.00   0.00 422.00 2057.00 7679.00 5493.00
3563.00 7419.00 21405.00 139.00   0.00 21405.00 21405.00 1904.00 2832.00 4124.00
>MA1138.1 FOSL2::JUNB
151.00 621.00   0.00   0.00 999.00  54.00   1.00 168.00 999.00  35.00
164.00  53.00   0.00   0.00   0.00 568.00   0.00 831.00   0.00 251.00
407.00 314.00   0.00 985.00   0.00 292.00  26.00   0.00   0.00 112.00
277.00  13.00 999.00  14.00   0.00  85.00 973.00   0.00   0.00 602.00
>MA1139.1 FOSL2::JUNB(var.2)
227.00 638.00   8.00  12.00 972.00  10.00  74.00  10.00 186.00 968.00  28.00 263.00
150.00  65.00  17.00  21.00   5.00 899.00  16.00  12.00 778.00   5.00 266.00 358.00
359.00 268.00   6.00 780.00  13.00  17.00 900.00   6.00  23.00  19.00  67.00 151.00
263.00  29.00 969.00 187.00  10.00  74.00  10.00 972.00  13.00   8.00 639.00 228.00
>MA1141.1 FOS::JUND
183.00 182.00 593.00   0.00   0.00 894.00  75.00   0.00  29.00 999.00  21.00 250.00 264.00
244.00 167.00 104.00   1.00   0.00  91.00  40.00   0.00 970.00   0.00 290.00 370.00 264.00
315.00 389.00 266.00   0.00 871.00   0.00 867.00   0.00   0.00   0.00  77.00 195.00 292.00
258.00 263.00  38.00 999.00 129.00  15.00  19.00 999.00   0.00   0.00 612.00 185.00 180.00
>MA0057.1 MZF1(var.2)
  1.00   2.00  15.00   0.00   0.00   0.00   0.00   3.00  10.00   8.00
  4.00   0.00   1.00   0.00   0.00   2.00   0.00   1.00   0.00   2.00
  7.00   7.00   0.00  11.00  15.00  14.00  14.00   8.00   4.00   4.00
  4.00   7.00   0.00   5.00   1.00   0.00   2.00   4.00   2.00   2.00
>MA1143.1 FOSL1::JUND(var.2)
561.00  36.00  39.00 870.00  32.00 116.00 117.00 546.00 645.00 123.00
 75.00  50.00 101.00  45.00 835.00  59.00 262.00 330.00  66.00 401.00
324.00  44.00 777.00  41.00  64.00 649.00  39.00  83.00 100.00  82.00
 40.00 870.00  82.00  44.00  68.00 176.00 582.00  41.00 188.00 394.00
>MA0059.1 MAX::MYC
  7.00  15.00   2.00   1.00  21.00   0.00   1.00   0.00   0.00   1.00   3.00
  1.00   1.00   9.00  20.00   0.00  20.00   0.00   1.00   0.00   1.00   5.00
  9.00   4.00   9.00   0.00   0.00   0.00  20.00   0.00  21.00  18.00   0.00
  4.00   1.00   1.00   0.00   0.00   1.00   0.00  20.00   0.00   1.00  13.00
>MA0122.2 NKX3-2
2202.00 1715.00  21.00 5712.00 170.00   5.00  26.00 5712.00 5712.00
1032.00 5712.00 5712.00 105.00 5712.00  36.00 197.00 357.00 1339.00
1611.00 2832.00  18.00  49.00  26.00  25.00   0.00 173.00 2456.00
867.00 615.00 488.00 272.00  27.00 5712.00 5712.00 761.00 1876.00
>MA0708.1 MSX2
517.00 105.00 3400.00 3400.00   0.00  52.00 3400.00 1198.00
1688.00 2592.00 161.00  28.00   0.00 169.00  61.00 791.00
835.00  44.00  67.00   0.00   0.00  72.00   0.00 892.00
360.00 807.00  84.00   0.00 3400.00 3400.00  21.00 518.00
>MA0707.1 MNX1
213.00 127.00   1.00 610.00 610.00   8.00 140.00 610.00 319.00 264.00
 25.00 167.00 217.00 121.00  36.00  43.00  21.00   0.00  54.00 123.00
214.00 191.00   7.00   0.00   0.00   0.00  65.00   0.00 112.00 109.00
158.00 125.00 393.00  56.00   0.00 610.00 610.00   0.00 124.00 115.00
>MA0594.2 HOXA9
651.00 277.00  77.00 627.00   0.00 1644.00 1644.00 1644.00 370.00 350.00
381.00 534.00 1644.00  17.00  47.00 123.00  86.00 874.00 485.00 449.00
993.00 145.00  16.00 1644.00   0.00  74.00  23.00 215.00 336.00 498.00
 33.00 1644.00  71.00   0.00 1644.00 1262.00 177.00 875.00 453.00 347.00
>MA0158.2 HOXA5
142.00   0.00 3130.00 3130.00   0.00   0.00 3130.00 480.00
832.00 1052.00 1632.00   0.00   0.00   0.00   0.00 1463.00
1759.00   0.00  81.00   0.00   0.00 885.00   0.00 1133.00
397.00 2078.00   0.00   0.00 3130.00 3130.00   0.00  54.00
>MA0902.2 HOXB2
807.00  51.00 6827.00 6827.00   0.00   0.00 6827.00 1273.00
2038.00 2834.00 3276.00   0.00   0.00   0.00   0.00 2031.00
2925.00   0.00 199.00   0.00   0.00 1876.00   0.00 2933.00
1056.00 3993.00   0.00   0.00 6827.00 6827.00   0.00 589.00
>MA0485.2 HOXC9
4347.00   0.00   0.00 4250.00   5.00 15541.00 15541.00 15541.00 15541.00 3256.00
1760.00 147.00 15541.00   0.00   5.00   0.00   0.00  12.00 2033.00 5037.00
15541.00   0.00   0.00 15541.00  11.00   0.00   0.00   0.00 1366.00 2191.00
  0.00 15541.00   0.00   0.00 15541.00 2094.00   0.00   0.00 3541.00 5057.00
>MA0904.2 HOXB5
381.00   0.00 3067.00 3067.00   0.00   6.00 3067.00 253.00
1120.00 537.00 1031.00   0.00   0.00  26.00   0.00 1219.00
1273.00   0.00   0.00   0.00   0.00 1061.00 564.00 1146.00
294.00 3067.00   0.00   0.00 3067.00 3067.00   0.00 450.00
>MA0912.2 HOXD3
276.00   0.00 14562.00 14562.00   0.00   0.00 14562.00 714.00
11615.00  94.00 742.00   0.00   0.00   0.00   0.00 8987.00
827.00   0.00   0.00   0.00   0.00 4453.00 2198.00 3187.00
2947.00 14562.00   0.00   0.00 14562.00 14562.00   0.00 1674.00
>MA0909.2 HOXD13
 45.00  65.00   0.00 368.00 368.00   6.00 368.00 368.00 368.00 368.00  60.00
182.00 368.00 368.00 140.00   0.00   0.00   0.00   0.00  73.00 249.00 303.00
129.00 329.00   0.00   0.00   5.00   0.00   0.00  12.00   0.00  13.00   3.00
 12.00   0.00   0.00   0.00   0.00 368.00   0.00   0.00   0.00   0.00   2.00
>MA0913.2 HOXD9
1300.00   0.00 16363.00 16363.00 215.00 16363.00 16363.00 16363.00 16363.00 4149.00
872.00 9773.00 8643.00 226.00   0.00   8.00   0.00   0.00 2202.00 5804.00
16363.00  42.00 675.00 439.00   0.00   0.00   0.00   0.00 1216.00 2169.00
655.00 6590.00 927.00   4.00 16363.00 5445.00 123.00   0.00 2194.00 4241.00
>MA1596.1 ZNF460
412.00  49.00  19.00  27.00  17.00 851.00  61.00   6.00   1.00  13.00   3.00   5.00  12.00 516.00 987.00 243.00
131.00 1264.00 1460.00 218.00 1519.00 495.00  23.00 1588.00 1596.00  12.00 1584.00 1583.00 1533.00 110.00 175.00 158.00
1023.00 185.00  67.00  83.00  47.00 181.00 1493.00   7.00   9.00  17.00  15.00  15.00  27.00 930.00 421.00 1147.00
 46.00 114.00  66.00 1284.00  29.00  85.00  35.00  11.00   6.00 1570.00  10.00   9.00  40.00  56.00  29.00  64.00
>MA1597.1 ZNF528
 84.00  69.00 100.00 524.00  32.00   7.00  22.00 608.00 579.00   5.00  35.00  15.00 606.00  11.00   1.00  11.00  16.00
380.00 367.00 404.00  12.00   3.00   5.00   2.00   3.00   4.00   1.00 414.00 590.00   2.00  47.00  97.00 129.00 558.00
 66.00  87.00  64.00  61.00 573.00 598.00 590.00   3.00  26.00 608.00  54.00   3.00   7.00  11.00  14.00  62.00   8.00
 86.00  93.00  48.00  19.00   8.00   6.00   2.00   2.00   7.00   2.00 113.00   8.00   1.00 547.00 504.00 414.00  34.00
>MA1599.1 ZNF682
205.00 304.00 110.00 103.00 100.00  48.00 953.00 999.00   6.00  13.00   5.00   7.00  66.00 367.00 324.00 192.00
423.00 234.00  85.00  42.00 795.00 597.00  72.00  31.00   7.00 999.00 1033.00 1034.00 896.00 117.00 254.00 260.00
214.00 349.00 774.00 877.00 105.00  55.00  20.00  22.00 1038.00  13.00   9.00  10.00  32.00 118.00 300.00 194.00
216.00 171.00  89.00  36.00  58.00 358.00  13.00   6.00   7.00  33.00  11.00   7.00  64.00 456.00 180.00 412.00
>MA1600.1 ZNF684
524.00  82.00 1238.00   9.00 1184.00  60.00   9.00  13.00  40.00 1012.00   3.00  44.00   7.00   0.00 249.00  56.00 216.00 606.00
168.00 403.00  24.00 1253.00  11.00 216.00  14.00 1236.00 1221.00   9.00 1226.00 1253.00 1229.00 1263.00 129.00  59.00 168.00 201.00
362.00 314.00  68.00   9.00 110.00 1135.00  59.00  25.00   2.00  57.00  63.00  10.00   7.00   0.00  18.00  14.00 514.00 326.00
206.00 721.00  19.00  19.00 131.00  74.00 1259.00  10.00  67.00 220.00  61.00   6.00  92.00   3.00 1107.00 1224.00 619.00 127.00
>MA1601.1 ZNF75D
2111.00 1057.00   2.00  10.00  26.00  46.00  24.00 6706.00 4094.00 5245.00
1573.00 715.00   0.00  59.00  18.00  44.00  29.00  20.00 576.00 256.00
1850.00 1468.00 6757.00   4.00 6710.00 6545.00 6678.00  15.00 1693.00 746.00
1225.00 3519.00   0.00 6686.00   5.00 124.00  28.00  18.00 396.00 512.00
>MA1602.1 ZSCAN29
 68.00  20.00   0.00   4.00   0.00 989.00   4.00 647.00   0.00 306.00 127.00 199.00
497.00   0.00  16.00 993.00  48.00   4.00 838.00   0.00 961.00 207.00  40.00 294.00
124.00 977.00   4.00   0.00   0.00   0.00   0.00 350.00  24.00 310.00 786.00 326.00
310.00   0.00 977.00   0.00 949.00   4.00 155.00   0.00  12.00 175.00  44.00 179.00
>MA0763.1 ETV3
215.00  18.00   9.00   0.00   0.00 215.00 215.00  58.00   0.00  52.00
 27.00 215.00 215.00   0.00   0.00   8.00   0.00  14.00  32.00  41.00
 38.00  14.00   0.00 215.00 215.00   0.00   0.00 215.00   7.00  98.00
 24.00  31.00  13.00  14.00  16.00   4.00  71.00   0.00 215.00  25.00
>MA0762.1 ETV2
1184.00 1184.00  57.00 116.00   0.00   0.00 1184.00 1184.00 846.00  18.00 742.00
251.00  10.00 1184.00 1184.00   0.00   0.00   0.00   1.00   2.00 440.00 161.00
398.00  23.00 109.00   3.00 1184.00 1184.00   0.00   0.00 337.00  66.00 441.00
369.00   5.00   0.00   0.00   0.00   0.00   0.00 143.00   0.00 1184.00 231.00
>MA0098.3 ETS1
2683.00 180.00 425.00   0.00   0.00 2683.00 2683.00 1102.00  89.00 803.00
210.00 2683.00 2683.00  21.00   0.00   0.00   9.00  21.00 712.00 401.00
640.00 297.00   7.00 2683.00 2683.00   0.00  31.00 1580.00 124.00 1083.00
241.00  22.00   0.00   0.00  12.00   0.00 909.00  12.00 1970.00 396.00
>MA0474.2 ERG
4566.00 646.00 635.00   1.00   0.00 4566.00 4566.00 1990.00 137.00 1006.00
268.00 4566.00 4566.00   0.00   1.00  20.00 119.00 100.00 1586.00 1100.00
848.00 398.00  22.00 4566.00 4566.00   0.00   7.00 2576.00 355.00 1668.00
928.00  97.00   6.00   0.00  29.00   7.00 1245.00  28.00 4566.00 792.00
>MA0760.1 ERF
205.00   7.00  25.00   0.00   0.00 205.00 205.00  82.00   0.00  62.00
  4.00 205.00 205.00   0.00   3.00   3.00   0.00  17.00  41.00  28.00
 33.00   8.00   6.00 205.00 205.00   3.00   0.00 205.00  11.00  92.00
  3.00  34.00   0.00   0.00   0.00   2.00  30.00   0.00 205.00  22.00
>MA0156.2 FEV
7249.00 1165.00 614.00  13.00   2.00 7249.00 7249.00 3318.00 444.00 2134.00
574.00 7249.00 7249.00   0.00   1.00  11.00 154.00 366.00 1821.00 1358.00
1555.00 718.00  51.00 7249.00 7249.00   3.00   6.00 7249.00 624.00 2257.00
1629.00 243.00   3.00   2.00   9.00  18.00 2196.00  92.00 7249.00 1499.00
>MA0641.1 ELF4
598.00 705.00 198.00  17.00  54.00   1.00   0.00 739.00 737.00  43.00   4.00 403.00
109.00  73.00 930.00 990.00 997.00   0.00   0.00   0.00   5.00  18.00  56.00  83.00
160.00  15.00  75.00 105.00   6.00 1226.00 1226.00   2.00   2.00 1207.00  28.00 463.00
192.00 149.00 106.00   1.00   0.00   0.00   2.00   2.00   4.00   6.00 979.00 113.00
>MA0136.2 ELF5
2416.00 1221.00 987.00 1458.00   3.00   5.00 2699.00 2646.00 890.00 477.00 959.00
252.00 2298.00 2453.00 2528.00   0.00   0.00  11.00  61.00 155.00 716.00 371.00
301.00 955.00 1266.00 309.00 3307.00 3315.00   1.00   0.00 2857.00 312.00 762.00
793.00 866.00  97.00  56.00  20.00  25.00   4.00 245.00  84.00 2470.00 663.00
>MA0639.1 DBP
1552.00 3706.00   5.00   4.00 7100.00   2.00 3180.00   3.00 7100.00 7100.00 158.00 2574.00
1714.00 1130.00   4.00   6.00   0.00 7100.00  17.00 541.00 288.00   1.00 3707.00 1657.00
1903.00 3393.00   2.00 602.00 498.00  21.00 7100.00   7.00   7.00   2.00 1543.00 1747.00
1930.00  93.00 7100.00 7100.00   4.00 2664.00   1.00 7100.00   6.00   2.00 3393.00 1122.00
>MA0635.1 BARHL2
3318.00 3328.00 643.00 12855.00 12855.00 12855.00 443.00 1570.00 3606.00 2171.00
3450.00 4078.00   0.00   0.00   0.00 116.00 12855.00   0.00 2190.00 2997.00
4374.00 1756.00   0.00   0.00   0.00 1086.00 127.00 12855.00 4877.00 1276.00
1713.00 3693.00 12855.00 1969.00   0.00 4032.00 7756.00 1335.00 2182.00 6411.00
>MA0636.1 BHLHE41
2894.00  98.00   2.00 5574.00   1.00   2.00  19.00   1.00 5574.00  74.00
1046.00  17.00 5574.00  12.00 5574.00   1.00  16.00   1.00 1229.00 5574.00
5574.00 1831.00   3.00  21.00   1.00 5574.00  16.00 5574.00   7.00 985.00
 59.00 5574.00   1.00   3.00   5.00   0.00 5574.00   0.00  23.00 1963.00
>MA0637.1 CENPB
685.00 100.00   2.00 173.00  12.00 2209.00 297.00 1706.00 1293.00 2168.00 3686.00 284.00 872.00 5580.00 5580.00
5580.00 5580.00 5580.00 186.00 5580.00 629.00 433.00 1638.00 1767.00 822.00 694.00 5580.00  85.00 582.00 286.00
  3.00   4.00   1.00 5580.00 1423.00 1147.00   0.00 1157.00 1479.00 760.00 1893.00  11.00 5580.00  61.00  59.00
734.00 144.00  14.00 210.00 2557.00 1595.00 5580.00 1079.00 1041.00 1830.00 597.00 100.00   0.00 1903.00 201.00
>MA0638.1 CREB3
 79.00  32.00  20.00  92.00   7.00 305.00   0.00   3.00   1.00  10.00 300.00   7.00  65.00 119.00
 78.00  78.00   0.00 207.00 241.00   0.00 245.00   0.00   1.00 245.00   2.00 115.00 210.00  50.00
107.00  75.00 390.00   2.00  16.00   0.00   0.00 447.00   0.00   8.00  12.00  28.00  35.00  98.00
 50.00 284.00 129.00  20.00   7.00   1.00   0.00   2.00 376.00   4.00   6.00 161.00  59.00  43.00
>MA0914.1 ISL2
1585.00 160.00 5631.00 3161.00 218.00 278.00 5631.00 5631.00
2616.00 5631.00 162.00 5631.00 130.00 718.00 206.00 1231.00
5631.00 126.00 134.00 171.00 169.00  13.00  59.00 3258.00
1102.00 1019.00 248.00 398.00 5631.00 5631.00 1354.00 1508.00
>MA0908.1 HOXD11
128.00   0.00  16.00  68.00   8.00 175.00 230.00 230.00 230.00  88.00
 54.00   0.00 230.00   0.00   0.00   0.00   0.00   4.00  29.00  51.00
230.00   0.00   0.00 230.00   0.00   0.00   0.00   0.00  28.00  23.00
  0.00 230.00  23.00   0.00 230.00  56.00   3.00   7.00  71.00  69.00
>MA1513.1 KLF15
1184.00 937.00  40.00  93.00   0.00   0.00  11.00  55.00  12.00 1566.00 1067.00
2903.00 6506.00 11234.00 10940.00 11368.00   0.00 11345.00 10954.00 11254.00 6267.00 5013.00
5538.00 2117.00  86.00 333.00   1.00 11369.00   2.00 359.00 100.00 1934.00 3124.00
1744.00 1809.00   9.00   3.00   0.00   0.00  11.00   1.00   3.00 1602.00 2165.00
>MA1514.1 KLF17
8969.00 19057.00 221.00 144.00 28922.00  85.00 7236.00 4563.00 19142.00 827.00 132.00 221.00 12266.00 3892.00 4465.00
14366.00 9728.00 30181.00 30201.00 197.00 30107.00 6958.00 29153.00 1076.00 29551.00 30200.00 30199.00 14825.00 4873.00 9629.00
3318.00 2102.00 122.00 105.00  84.00  53.00 24407.00 104.00 5176.00 1410.00 201.00  80.00 3845.00 2368.00 2851.00
3579.00 2132.00 114.00  87.00 2495.00 423.00 1243.00 373.00 8373.00 220.00  57.00 233.00 3318.00 23588.00 17959.00
>MA1507.1 HOXD4
1186.00   0.00 1542.00 3405.00   0.00   0.00 3405.00 1102.00
705.00 1184.00 1862.00   0.00   0.00   0.00   0.00 525.00
1155.00   0.00   0.00 176.00   0.00   0.00 194.00 1147.00
359.00 3405.00   0.00   0.00 3405.00 3405.00   0.00 631.00
>MA1508.1 IKZF1
3295.00 4187.00 8122.00 9137.00 673.00 10194.00 125.00 418.00 10323.00 10254.00 3300.00 2221.00
2055.00 2292.00 1158.00 473.00 8678.00 212.00 106.00 178.00 247.00 114.00 1675.00 2991.00
3873.00 2868.00 1007.00 956.00 1272.00 252.00 10569.00 10185.00 297.00 261.00 4919.00 2317.00
1695.00 1571.00 631.00 352.00 295.00 260.00 118.00 137.00  51.00 289.00 1024.00 3389.00
>MA1505.1 HOXC8
1766.00   0.00 9273.00 9273.00   0.00 961.00 9273.00 2265.00
1552.00 4555.00 2727.00  20.00   0.00  99.00   0.00 3851.00
3724.00   0.00  19.00   0.00 211.00 2656.00 4325.00 1469.00
2230.00 9273.00 983.00   0.00 9273.00 9273.00   0.00 1687.00
>MA1506.1 HOXD10
1258.00 1102.00   0.00  32.00 1273.00   0.00 4645.00 4645.00 4645.00 4645.00 1316.00
528.00 412.00  40.00 4645.00   1.00   0.00   0.00   0.00  36.00 463.00 1450.00
2400.00 4645.00   2.00   0.00 4645.00 151.00  18.00   0.00   0.00 262.00 483.00
459.00   0.00 4645.00   0.00   0.00 4645.00 370.00   0.00   7.00 728.00 1396.00
>MA1511.1 KLF10
4746.00 6633.00 633.00 18751.00 238.00 13506.00   1.00   0.00   0.00 7545.00 934.00
2435.00 12654.00 19619.00 1663.00 19907.00  11.00 19995.00 19994.00 19244.00 11403.00 13118.00
14086.00 1299.00  98.00 1723.00   3.00 6234.00   2.00   0.00   0.00 587.00 770.00
1251.00 1373.00 485.00   6.00 157.00 543.00   0.00   0.00 2198.00 2686.00 6274.00
>MA1512.1 KLF11
1882.00 2022.00 650.00 8655.00   0.00 2426.00  11.00   1.00   0.00 4689.00 581.00
2054.00 5549.00 8662.00 1289.00 9142.00  52.00 9161.00 9166.00 8941.00 4226.00 8403.00
3930.00 401.00 156.00 115.00   0.00 8291.00  18.00  20.00   4.00  69.00 358.00
1299.00 1192.00 506.00  27.00  38.00 349.00  23.00   7.00 885.00 761.00 1281.00
>MA1509.1 IRF6
2652.00  67.00   0.00  48.00 2652.00 2314.00 2652.00   0.00  98.00
164.00 2652.00 2652.00   5.00   0.00   0.00   0.00 2652.00 368.00
648.00  62.00  22.00 2652.00   0.00   9.00  17.00  12.00   7.00
 89.00 561.00  19.00   9.00  26.00 338.00   2.00   0.00 2284.00
>MA1475.1 CREB3L4(var.2)
229.00 504.00   0.00  35.00 1293.00   0.00  81.00  16.00 176.00 1293.00 116.00 234.00
224.00 221.00 138.00 265.00  27.00 1293.00   3.00 100.00 1293.00  35.00 748.00 582.00
570.00 790.00  48.00 1293.00  83.00   6.00 1293.00  36.00 227.00 153.00 282.00 265.00
270.00  75.00 1293.00 258.00  39.00  43.00   0.00 1293.00  59.00  40.00 546.00 212.00
>MA0030.1 FOXF2
  1.00  10.00  17.00  13.00   3.00   7.00   0.00  27.00  27.00  27.00   0.00  27.00  16.00   7.00
 10.00   7.00   4.00   5.00  11.00   0.00   0.00   0.00   0.00   0.00  25.00   0.00   4.00   4.00
  7.00   5.00   2.00   5.00   8.00  20.00   0.00   0.00   0.00   0.00   0.00   0.00   2.00   6.00
  9.00   5.00   4.00   5.00   0.00   0.00  27.00   0.00   0.00   0.00   2.00   0.00   5.00  10.00
>MA0031.1 FOXD1
  1.00   0.00  19.00  20.00  18.00   1.00  20.00   7.00
  1.00   0.00   1.00   0.00   1.00  18.00   0.00   2.00
 17.00   0.00   0.00   0.00   1.00   0.00   0.00   3.00
  1.00  20.00   0.00   0.00   0.00   1.00   0.00   8.00
>MA1137.1 FOSL1::JUNB
237.00 216.00 566.00  23.00  36.00 917.00  63.00  59.00 271.00 904.00  53.00 300.00 247.00
269.00 146.00 100.00  16.00  21.00  20.00 626.00  23.00 683.00  21.00 225.00 298.00 300.00
195.00 376.00 287.00  16.00 880.00  21.00 198.00 115.00   9.00  38.00 170.00 204.00 223.00
300.00 263.00  47.00 945.00  63.00  42.00 113.00 803.00  37.00  37.00 552.00 198.00 230.00
>MA0796.1 TGIF1
 39.00   9.00 8828.00   1.00 8861.00  14.00 452.00   1.00  11.00  45.00  36.00 9034.00
 19.00   8.00   3.00 13304.00   5.00  20.00 10562.00  62.00  13.00  24.00 13485.00  17.00
  1.00 13499.00  20.00   5.00  22.00 12673.00 2520.00   8.00 13261.00   3.00  13.00  32.00
13221.00   4.00   0.00   7.00   4.00 963.00  12.00 12775.00   9.00 12656.00  17.00  33.00
>MA0795.1 SMAD3
554.00  20.00 103.00   9.00   0.00 3491.00   0.00 3491.00  20.00 3491.00
1829.00  16.00  29.00 3491.00  46.00  30.00  10.00 199.00 3491.00 434.00
 87.00 3491.00  83.00  11.00  31.00  22.00 3491.00   5.00  10.00 316.00
1662.00  18.00 3491.00   6.00 3491.00   0.00   3.00  56.00  20.00 758.00
>MA0600.2 RFX2
1381.00 270.00  28.00 1990.00 3948.00  12.00   2.00 9773.00 215.00 3132.00 2007.00 1359.00 9266.00 9876.00   7.00 2415.00
5653.00  12.00  38.00 888.00 237.00 13197.00 12326.00  38.00  88.00   7.00 128.00 8298.00  26.00  14.00 14067.00 3654.00
4042.00 13942.00  14.00  14.00 8026.00  93.00   5.00  65.00  29.00 12113.00 13075.00 354.00 958.00  25.00   1.00 5451.00
2336.00   8.00 13836.00 12503.00 1175.00 1459.00 3386.00 184.00 13479.00   2.00   3.00 4297.00 1194.00  16.00 309.00 1441.00
>MA0794.1 PROX1
174.00 3367.00 3367.00  63.00 3367.00  31.00  15.00  11.00   3.00   4.00  17.00 2133.00
1503.00  17.00 229.00   0.00  21.00 3367.00   2.00 1692.00 3367.00   3.00 171.00 553.00
543.00  94.00  48.00 3367.00  84.00   0.00 3367.00   8.00  12.00 128.00  39.00 607.00
1147.00  46.00 420.00   1.00   2.00  36.00 299.00 1675.00  18.00 3367.00 3367.00  74.00
>MA0510.2 RFX5
277.00  90.00   4.00  47.00 821.00   3.00   1.00 2146.00 144.00 760.00 143.00 139.00 2166.00 2206.00  26.00 462.00
1075.00   0.00  33.00  98.00  81.00 2378.00 2118.00  42.00  56.00  11.00  48.00 1613.00  10.00  21.00 2379.00 890.00
790.00 2819.00  15.00  10.00 1675.00  38.00   7.00  47.00  22.00 2266.00 2664.00  61.00  99.00  16.00  12.00 905.00
490.00   9.00 2902.00 2842.00 142.00  69.00 725.00 188.00 2872.00   8.00   0.00 882.00  46.00   9.00  67.00 286.00
>MA0799.1 RFX4
2196.00 2259.00 417.00 6538.00 4222.00   3.00   1.00 10325.00 965.00 2944.00 4464.00 1340.00 8911.00 9968.00  33.00 2000.00
4157.00  17.00 380.00 2705.00 464.00 9323.00 8836.00 856.00 664.00  68.00 559.00 5757.00 127.00 145.00 8784.00 3460.00
2887.00 15889.00 203.00 121.00 6675.00  18.00  45.00 936.00 523.00 14990.00 13778.00  98.00 1785.00 189.00  11.00 5109.00
2408.00 246.00 13637.00 10463.00 2315.00 1626.00 3472.00 967.00 15458.00   1.00 107.00 3910.00 4986.00  25.00 304.00 1853.00
>MA0797.1 TGIF2
477.00  97.00 11801.00 127.00 11801.00 324.00 1501.00  71.00 150.00 601.00  70.00 11801.00
421.00  48.00  34.00 11801.00  25.00 262.00 7459.00 410.00  77.00 621.00 11801.00 172.00
153.00 11801.00 396.00  51.00 270.00 11801.00 4341.00  57.00 11801.00 123.00 136.00 395.00
11801.00  52.00 155.00 156.00  41.00 2690.00  91.00 11801.00  83.00 11801.00 113.00 420.00
>MA1631.1 ASCL1(var.2)
6833.00 8952.00 5836.00 184.00 32315.00 163.00 196.00 368.00 251.00 399.00 4490.00 7083.00 5972.00
11805.00 7998.00 6654.00 33562.00 563.00 30169.00 33402.00 740.00 445.00 28844.00 17883.00 10555.00 11996.00
8371.00 8601.00 18576.00 321.00 860.00 3209.00 607.00 492.00 33411.00 2719.00 2966.00 8939.00 8356.00
7347.00 8805.00 3290.00 289.00 618.00 815.00 151.00 32756.00 249.00 2394.00 9017.00 7779.00 8032.00
>MA1632.1 ATF2
20122.00 19157.00 48582.00 516.00 1170.00 57761.00 1051.00 1365.00 963.00 4372.00 57899.00 2949.00 13720.00
10795.00 10292.00 3145.00 899.00 408.00 396.00 16970.00 886.00 316.00 53464.00 218.00 14153.00 15785.00
11910.00 18924.00 6229.00 328.00 55318.00 262.00 23207.00 56882.00 283.00 649.00 768.00 5971.00 11553.00
16567.00 11021.00 1438.00 57651.00 2498.00 975.00 18166.00 261.00 57832.00 909.00 509.00 36321.00 18336.00
>MA0800.1 EOMES
4526.00 9832.00 1775.00  23.00  19.00   9.00 495.00 210.00 9832.00 9832.00 9832.00 5649.00 2501.00
911.00 158.00 1004.00  92.00 600.00   8.00 1540.00 550.00  28.00 1956.00 4337.00 1960.00 2577.00
2274.00 1259.00 9832.00 9832.00  50.00 9832.00  98.00 9832.00  99.00 1022.00 2941.00 1966.00 1954.00
2122.00 653.00 1305.00  94.00 9832.00   3.00 9832.00 980.00  24.00 3351.00 3781.00 4183.00 2800.00
>MA0511.2 RUNX2
3872.00 6621.00 6621.00   0.00   0.00 1914.00   0.00 6621.00 4202.00
1092.00 556.00 325.00 6621.00 6621.00  36.00 6621.00 476.00 677.00
326.00 1215.00   0.00   0.00   0.00 4707.00   0.00 458.00 1134.00
2748.00 582.00   0.00   0.00   0.00 120.00   0.00 191.00 607.00
>MA0706.1 MEOX2
8099.00 3262.00 1469.00 23930.00 23930.00  76.00 1152.00 23930.00 9634.00 5918.00
3821.00 8942.00 5055.00 8988.00 788.00  38.00 6039.00 359.00 3380.00 7195.00
6833.00 14987.00 642.00 3016.00 272.00 169.00 4974.00 4099.00 4086.00 5708.00
5176.00 2754.00 23930.00 900.00 492.00 23930.00 23930.00 1032.00 6830.00 5108.00
>MA0517.1 STAT1::STAT2
 69.00 150.00 430.00   3.00   0.00   3.00   3.00   0.00 255.00 107.00   4.00  10.00   4.00  15.00  28.00
 63.00 230.00   7.00 148.00   2.00   2.00  13.00 581.00  75.00 111.00  13.00   2.00 170.00 489.00 365.00
 77.00  84.00 151.00 467.00   0.00   0.00   4.00   0.00 191.00 161.00  10.00   0.00   4.00   9.00  36.00
411.00 156.00  32.00   2.00 618.00 615.00 600.00  39.00  99.00 241.00 593.00 608.00 442.00 107.00 191.00
>MA0513.1 SMAD2::SMAD3::SMAD4
166.00 196.00  14.00  33.00   0.00   0.00 106.00 211.00   0.00 765.00  30.00 117.00 110.00
432.00  75.00   8.00  45.00 899.00   0.00 231.00 125.00 896.00  19.00 736.00 583.00 214.00
168.00  34.00 877.00 103.00   0.00   0.00 539.00 280.00   3.00  18.00 133.00  47.00  35.00
133.00 594.00   0.00 718.00   0.00 899.00  23.00 283.00   0.00  97.00   0.00 152.00 540.00
>MA0753.2 ZNF740
186.00 162.00 727.00  60.00 110.00  18.00  22.00  23.00  10.00   2.00 115.00 1055.00 207.00
502.00 677.00 343.00 1055.00 1055.00 1055.00 1055.00 1055.00 1055.00 1055.00 1055.00 239.00 1055.00
182.00  72.00 1055.00  37.00  14.00   4.00   7.00   3.00   7.00   3.00   6.00  68.00  54.00
185.00 378.00 312.00  49.00   1.00  16.00  15.00  11.00   6.00   3.00   4.00 134.00 246.00
>MA0632.2 TCFL5
2810.00   0.00 72543.00   0.00 1566.00 1765.00 3520.00 1593.00 72543.00 10588.00
10582.00 72543.00   0.00 72543.00   0.00 57092.00 657.00 72543.00 44394.00 47538.00
22297.00   0.00 29710.00   0.00 72543.00   0.00 72543.00 4594.00 19096.00 5747.00
36854.00   0.00 9359.00 1643.00   0.00 15451.00   0.00 635.00 25921.00 8670.00
>MA0871.2 TFEC
3273.00 1841.00   0.00 7952.00   0.00  69.00   0.00   0.00 7952.00  17.00 1850.00
4679.00 2887.00 7952.00   0.00 7952.00   0.00   0.00   4.00 411.00 6900.00 2828.00
2355.00 2302.00   3.00 145.00   0.00 7952.00   0.00 7952.00 143.00  58.00 1708.00
2725.00 922.00   0.00 374.00 210.00   0.00 7952.00   0.00  47.00 1052.00 1566.00
>MA0060.3 NFYA
1897.00 1924.00  23.00  31.00 4683.00 4584.00  37.00 166.00 4088.00 611.00 1855.00
757.00 404.00 4657.00 4713.00  29.00  94.00 132.00 4215.00 213.00 1131.00 1369.00
1815.00 1858.00  34.00  28.00  17.00 124.00  11.00 319.00 489.00 2713.00 887.00
356.00 639.00 111.00  53.00  96.00  23.00 4645.00 125.00  35.00 370.00 714.00
>MA1110.1 NR1H4
 76.00  68.00 461.00 413.00   3.00  24.00 455.00  26.00  12.00  72.00 135.00
 83.00 240.00  10.00  28.00  15.00   7.00  22.00 468.00 476.00 135.00 131.00
117.00  87.00  12.00  36.00   6.00 462.00  14.00   0.00   6.00  81.00 105.00
229.00 110.00  22.00  28.00 481.00  12.00  14.00  11.00  11.00 217.00 134.00
>MA1111.1 NR2F2
488.00 1027.00 1788.00 2084.00  37.00  33.00  17.00  30.00 2111.00 633.00 847.00
692.00 456.00  37.00  15.00  16.00  12.00  22.00 1978.00  16.00 503.00 384.00
418.00 320.00 173.00  82.00 2108.00 2132.00  30.00  26.00  43.00 544.00 572.00
606.00 401.00 206.00  23.00  43.00  27.00 2135.00 170.00  34.00 524.00 401.00
>MA0101.1 REL
  0.00   0.00   1.00   5.00   6.00   5.00   1.00   2.00   0.00   1.00
  5.00   1.00   0.00   1.00   5.00   1.00   0.00   0.00  15.00  16.00
  8.00  15.00  15.00   9.00   3.00   1.00   0.00   0.00   0.00   0.00
  4.00   1.00   1.00   2.00   3.00  10.00  16.00  15.00   2.00   0.00
>MA0634.1 ALX3
1251.00 987.00 794.00 7877.00 7877.00  76.00 697.00 7877.00 2597.00 2759.00
2174.00 3402.00 3367.00 506.00 317.00  72.00 729.00 449.00 1671.00 2446.00
1062.00 1150.00 345.00 885.00 141.00   8.00 239.00  87.00 2205.00 1503.00
3390.00 2337.00 4510.00 629.00 231.00 7877.00 7877.00 977.00 1403.00 1168.00
>MA0104.4 MYCN
1488.00 1734.00 480.00  34.00 6369.00  22.00 323.00 274.00   7.00 420.00 1101.00 1148.00
1894.00 1550.00 5341.00 6929.00  56.00 6517.00 122.00 285.00  14.00 743.00 2599.00 2454.00
2454.00 2599.00 743.00  14.00 285.00 122.00 6517.00  56.00 6929.00 5341.00 1550.00 1894.00
1148.00 1101.00 420.00   7.00 274.00 323.00  22.00 6369.00  34.00 480.00 1734.00 1488.00
>MA1109.1 NEUROD1
561.00 755.00 1289.00  17.00 2241.00  16.00 2034.00  55.00  13.00  59.00 373.00 692.00 538.00
429.00 323.00 452.00 2240.00   7.00  24.00 150.00  51.00   7.00  93.00 911.00 540.00 591.00
726.00 906.00 494.00  13.00  16.00 2152.00  77.00  19.00 2231.00 1962.00 418.00 599.00 628.00
566.00 298.00  47.00  12.00  18.00  90.00  21.00 2157.00  31.00 168.00 580.00 451.00 525.00
>MA0161.2 NFIC
2615.00 3896.00 412.00 154.00 352.00 310.00 223.00 264.00 10158.00 2626.00 3344.00
2647.00 2137.00 10542.00 303.00 333.00 129.00 121.00 10725.00 397.00 2951.00 2712.00
2478.00 2086.00 329.00 369.00 177.00 11087.00 10973.00  88.00 478.00 3186.00 2760.00
3867.00 3488.00 324.00 10781.00 10745.00  81.00 290.00 530.00 574.00 2844.00 2791.00
>MA0630.1 SHOX
179.00  74.00 852.00 991.00  15.00  98.00 416.00 301.00
301.00  30.00  48.00   2.00  15.00  50.00  48.00 187.00
162.00   9.00  55.00   5.00  27.00  84.00 424.00 379.00
357.00 886.00  45.00   2.00 943.00 768.00 111.00 133.00
>MA0014.3 PAX5
540.00 625.00  18.00  18.00 111.00  94.00  16.00 1243.00  32.00  69.00 377.00 263.00
179.00 148.00 151.00 1276.00  35.00  88.00  37.00  39.00 1305.00 1081.00 405.00 403.00
578.00 354.00 1231.00  34.00 1243.00  30.00 1355.00  70.00  57.00 118.00 312.00 359.00
115.00 285.00  12.00  84.00  23.00 1200.00   4.00  60.00  18.00 144.00 318.00 387.00
>MA0628.1 POU6F1
507.00 151.00  32.00 905.00 938.00  14.00  18.00 950.00 353.00  89.00
193.00 351.00  10.00  70.00  34.00  14.00   8.00   8.00 145.00 211.00
211.00 145.00   8.00   8.00  14.00  34.00  70.00  10.00 351.00 193.00
 89.00 353.00 950.00  18.00  14.00 938.00 905.00  32.00 151.00 507.00
>MA0829.2 SREBF1(var.2)
2535.00 2040.00 4921.00 178.00 103.00 6892.00  48.00 191.00 130.00  63.00 6710.00 141.00 1173.00 1370.00
1208.00 1659.00 484.00 165.00 6770.00  61.00 5502.00 4187.00 100.00 221.00 118.00 1456.00 2261.00 2000.00
1991.00 2254.00 1576.00 128.00 158.00  57.00 1467.00 2702.00  45.00 6786.00 116.00 510.00 1590.00 1134.00
1407.00 1188.00 160.00 6670.00 110.00 131.00 124.00  61.00 6866.00  71.00 197.00 5034.00 2117.00 2637.00
>MA0522.3 TCF3
6270.00 8032.00 469.00 28916.00 309.00 1127.00 380.00 1089.00 295.00 7276.00 5485.00
10212.00 9269.00 29379.00 396.00 28640.00 27199.00 2003.00 1038.00 28742.00 8727.00 10122.00
8539.00 9432.00 708.00 1574.00 1362.00 2652.00 1339.00 28642.00 987.00 8025.00 9222.00
6240.00 4528.00 705.00 375.00 950.00 283.00 27539.00 492.00 1237.00 7233.00 6432.00
>MA0080.5 SPI1
42201.00 48240.00 54154.00 78831.00 81904.00 99739.00 15301.00 113087.00 5230.00 3323.00 129177.00 127888.00 11279.00 13931.00 11028.00 90925.00 60831.00 59460.00 39411.00 42838.00
22587.00 21262.00 20183.00 11424.00 12269.00 2914.00 10958.00 3425.00 568.00 954.00 1339.00 792.00 9931.00 3717.00 12697.00 11316.00 20113.00 16927.00 26246.00 24884.00
38405.00 34277.00 37341.00 25893.00 25580.00 13479.00 100825.00 12544.00 125703.00 127639.00 1407.00 1308.00 109802.00 7231.00 103485.00 20647.00 30577.00 29188.00 34829.00 28335.00
30010.00 29424.00 21525.00 17055.00 13450.00 17071.00 6119.00 4147.00 1702.00 1287.00 1280.00 3215.00 2191.00 108324.00 5993.00 10315.00 21682.00 27628.00 32717.00 37146.00
>MA0081.2 SPIB
5347.00 4682.00 2179.00 379.00 24319.00 239.00 450.00 190.00 206.00 275.00 865.00 1020.00 4963.00 2838.00 4159.00 4026.00
5797.00 8293.00 6429.00 23971.00 619.00 22730.00 236.00 200.00 26145.00 25492.00 4517.00 20113.00 3922.00 5425.00 6029.00 8589.00
4026.00 4544.00 3193.00 1721.00 669.00 2516.00 157.00 243.00 153.00 129.00 1829.00 2316.00 781.00 2087.00 2409.00 4165.00
11760.00 9411.00 15129.00 859.00 1323.00 1445.00 26087.00 26297.00 426.00 1034.00 19719.00 3481.00 17264.00 16580.00 14333.00 10150.00
>MA0745.2 SNAI2
14658.00 7668.00 10322.00 408.00 44963.00 112.00 246.00  78.00 179.00 814.00 12017.00 13586.00 6215.00
10031.00 12314.00 6393.00 44463.00 202.00 45144.00 44739.00 313.00 254.00 6467.00 18771.00 11016.00 13476.00
11169.00 9490.00 26742.00 323.00 424.00 326.00 487.00 196.00 45257.00 1263.00 6281.00 12297.00 8219.00
9958.00 16344.00 2359.00 622.00 227.00 234.00 344.00 45229.00 126.00 37272.00 8747.00 8917.00 17906.00
>MA0143.4 SOX2
29105.00 30279.00 83515.00 1307.00 81587.00 80825.00 4815.00 9926.00 14772.00 28860.00 28960.00
11041.00 15154.00 436.00 78356.00 1205.00 1742.00 732.00 800.00 6264.00 17158.00 17475.00
21434.00 17157.00 418.00 1243.00 550.00 2002.00 930.00 73372.00 54414.00 17765.00 15998.00
24174.00 23164.00 1385.00 4848.00 2412.00 1185.00 79277.00 1656.00 10304.00 21971.00 23321.00
>MA0743.2 SCRT1
16320.00 22932.00 17036.00 4413.00 1456.00 45606.00 57271.00 213.00 58758.00 7017.00 1664.00 883.00 7813.00 10722.00 13382.00 16484.00
14118.00 10314.00 8693.00 7425.00 54835.00 8751.00 370.00 59557.00 234.00 557.00 466.00 1098.00 3296.00 8788.00 14903.00 12837.00
14307.00 14514.00 10154.00 16396.00 1297.00 1835.00 1566.00 224.00 159.00 51330.00 56500.00 259.00 41190.00 26973.00 13470.00 11049.00
15464.00 12449.00 24326.00 31975.00 2621.00 4017.00 1002.00 215.00 1058.00 1305.00 1579.00 57969.00 7910.00 13726.00 18454.00 19839.00
>MA0744.2 SCRT2
18855.00 23310.00 29945.00 5353.00 1378.00 53425.00 62366.00 231.00 63880.00 7306.00 1862.00 2078.00 10481.00 13383.00 16058.00 17881.00
13345.00 12732.00 6319.00 7236.00 59161.00 5536.00 413.00 64856.00 294.00 728.00 972.00 3475.00 5661.00 11351.00 16085.00 13846.00
17680.00 17497.00 12473.00 35769.00 1339.00 2265.00 1878.00 319.00 252.00 56105.00 60636.00 1168.00 38133.00 25288.00 14716.00 12430.00
15730.00 12071.00 16873.00 17252.00 3732.00 4384.00 953.00 204.00 1184.00 1471.00 2140.00 58889.00 11335.00 15588.00 18751.00 21453.00
>MA0830.2 TCF4
6048.00 7034.00 4168.00 243.00 27023.00 216.00 356.00 372.00 251.00 1694.00 5534.00 6413.00 5133.00
10052.00 6754.00 5062.00 28686.00 635.00 26765.00 27724.00 1016.00 540.00 18935.00 12872.00 8658.00 9843.00
7140.00 8618.00 18498.00 321.00 1295.00 1733.00 1197.00 679.00 28432.00 5281.00 4933.00 7964.00 7662.00
6225.00 7059.00 1737.00 215.00 512.00 751.00 188.00 27398.00 242.00 3555.00 6126.00 6430.00 6827.00
>MA0769.2 TCF7
3021.00 3110.00 252.00 246.00 302.00 360.00 266.00 14577.00 4421.00 2913.00 3496.00
3657.00 4604.00 14379.00 125.00 248.00  62.00 278.00  63.00 855.00 4774.00 2740.00
3981.00 3198.00 206.00  67.00 266.00  83.00 13972.00 115.00 1220.00 5325.00 1688.00
4335.00 4082.00 157.00 14556.00 14178.00 14489.00 478.00 239.00 8498.00 1982.00 7070.00
>MA1121.1 TEAD2
137.00  88.00 441.00  39.00 517.00   2.00  15.00   8.00   8.00 263.00 112.00 111.00 109.00
145.00 238.00  17.00 478.00   5.00  10.00   8.00 500.00 513.00  60.00 111.00 172.00 221.00
112.00  81.00  70.00  14.00  11.00   6.00   9.00  10.00   3.00  56.00 207.00 147.00 117.00
148.00 135.00  14.00  11.00   9.00 524.00 510.00  24.00  18.00 163.00 112.00 112.00  95.00
>MA1120.1 SOX13
1539.00 1795.00 4451.00  55.00 4329.00 4390.00 156.00 585.00 778.00 1228.00 1228.00
663.00 958.00  22.00 4276.00  55.00  48.00  77.00  57.00 647.00 1257.00 1126.00
1395.00 1049.00  40.00  60.00  50.00  63.00  28.00 3837.00 2666.00 1074.00 1046.00
955.00 750.00  39.00 161.00 118.00  51.00 4291.00  73.00 461.00 993.00 1152.00
>MA0910.2 HOXD8
537.00   0.00 3629.00 3629.00   0.00 178.00 3629.00 943.00
405.00 2150.00 3006.00   0.00   0.00   0.00   0.00 1683.00
2287.00   0.00  47.00   0.00   0.00 507.00   0.00 551.00
399.00 1480.00   0.00   0.00 3629.00 3629.00   0.00 452.00
>MA0662.1 MIXL1
6774.00 3981.00 2635.00 27042.00 27042.00   0.00 1385.00 27042.00 9688.00 8054.00
6037.00 9030.00 11639.00 1911.00 662.00 510.00 4270.00 1903.00 4894.00 8462.00
6646.00 5461.00 1245.00 3660.00 556.00 181.00 2031.00 115.00 8529.00 6129.00
7585.00 8570.00 15403.00 1038.00 736.00 27042.00 27042.00 2895.00 3931.00 4397.00
>MA0663.1 MLX
177.00   0.00   3.00 234.00   0.00   1.00   2.00   2.00 240.00  23.00
  4.00  17.00 251.00   0.00 257.00   0.00   1.00   0.00   9.00  84.00
110.00  61.00   3.00   6.00   0.00 558.00   1.00 555.00  35.00   6.00
 41.00 322.00   4.00   0.00   0.00   1.00 315.00   5.00  16.00 235.00
>MA0664.1 MLXIPL
345.00 126.00   0.00 411.00   2.00  20.00   0.00   0.00 356.00 138.00
 31.00  28.00 448.00   0.00 452.00   2.00   0.00   0.00 110.00 181.00
220.00 133.00  11.00   2.00  12.00 735.00   3.00 727.00  87.00  53.00
113.00 468.00   0.00   5.00   0.00   0.00 562.00   0.00 113.00 442.00
>MA0665.1 MSC
 69.00  69.00   0.00  69.00   0.00   0.00   0.00   0.00   3.00   0.00
  0.00  12.00  69.00   0.00  12.00  69.00   0.00   0.00  10.00   9.00
 18.00   3.00   3.00   0.00  69.00   3.00   0.00  69.00   4.00   4.00
  7.00   0.00   1.00   0.00   0.00   0.00  69.00   4.00  69.00  69.00
>MA0666.1 MSX1
461.00  82.00 3073.00 3073.00   0.00  63.00 3073.00 855.00
1324.00 2117.00 332.00 107.00   0.00 205.00 118.00 814.00
787.00  33.00 139.00   0.00  31.00 251.00 105.00 945.00
501.00 956.00  16.00   0.00 3073.00 3073.00  91.00 460.00
>MA0667.1 MYF6
444.00 444.00   0.00 444.00 159.00  12.00  11.00   0.00   2.00   0.00
 12.00  18.00 444.00   3.00  30.00 353.00   0.00   2.00  22.00 159.00
 70.00  24.00   0.00   7.00 256.00  35.00   0.00 444.00   0.00   7.00
  7.00   1.00   0.00   0.00  12.00  56.00 444.00   0.00 444.00 444.00
>MA0668.1 NEUROD2
604.00 527.00   0.00 1587.00   0.00 1587.00   0.00   0.00   0.00 209.00
119.00 875.00 1587.00   0.00 156.00 120.00 328.00   0.00 373.00 592.00
769.00 240.00  95.00 308.00   0.00  38.00   0.00 1587.00 705.00 101.00
 95.00   0.00   0.00  52.00 1587.00   4.00 1587.00 112.00 548.00 685.00
>MA0669.1 NEUROG2
246.00 426.00   1.00 426.00   4.00 426.00   5.00   0.00   3.00   0.00
  2.00 150.00 426.00   0.00   5.00   8.00   3.00   0.00 170.00 307.00
180.00  65.00   0.00   3.00  20.00   5.00   0.00 426.00 147.00   0.00
  0.00   0.00   5.00   0.00 426.00   0.00 426.00   0.00 426.00 119.00
>MA0670.1 NFIA
22969.00 20706.00   0.00   0.00   0.00   0.00 89071.00 89418.00 23752.00 27709.00
22347.00 14274.00   0.00   0.00 93597.00 93394.00   0.00   0.00 21852.00 14439.00
24321.00 35089.00   0.00 98253.00   0.00   0.00   0.00   0.00 29423.00 16505.00
22282.00 23019.00 95496.00   0.00   0.00   0.00   0.00   0.00 17410.00 32052.00
>MA0671.1 NFIX
7951.00 7832.00 11279.00 132.00   3.00   0.00 32864.00 32864.00 8251.00
8810.00 6134.00 9695.00 186.00 32864.00 32864.00 2230.00 1356.00 9039.00
8725.00 10855.00 5911.00 32864.00 3257.00   0.00 180.00 12688.00 9135.00
7378.00 8043.00 32864.00 2539.00  29.00   0.00 110.00 2399.00 6439.00
>MA1119.1 SIX2
1673.00 1607.00 963.00 840.00 165.00 3578.00 4885.00 5275.00 190.00 586.00 325.00 321.00 5202.00 553.00 2415.00 858.00
1234.00 1242.00 2910.00 215.00  56.00 319.00 264.00  39.00 4367.00 4169.00 295.00 114.00  75.00 615.00 1812.00 2523.00
1145.00 1226.00 828.00 561.00 5065.00 273.00  66.00  74.00 170.00 196.00 175.00 4830.00  85.00 1193.00 563.00 511.00
1401.00 1378.00 752.00 3837.00 167.00 1283.00 238.00  65.00 726.00 502.00 4658.00 188.00  91.00 3092.00 663.00 1561.00
>MA0650.2 HOXA13
294.00  63.00   0.00 954.00 954.00   0.00 954.00 954.00 954.00 954.00 196.00
351.00 954.00 954.00 394.00   0.00   0.00   0.00   0.00   0.00 245.00 758.00
290.00 254.00   0.00   0.00   0.00   0.00  17.00   1.00   0.00  36.00 102.00
 18.00   0.00  54.00   0.00   0.00 954.00   0.00   0.00   0.00  82.00 194.00
>MA0693.2 VDR
222.00 356.00 555.00  24.00  17.00  61.00  55.00 886.00
280.00  45.00  24.00  25.00  23.00  31.00 743.00  19.00
 43.00 567.00 386.00 919.00  70.00  82.00  28.00  76.00
455.00  32.00  34.00  32.00 890.00 827.00 174.00  19.00
>MA0657.1 KLF13
1508.00 733.00 1891.00 496.00  75.00 2384.00   0.00  24.00   0.00   4.00   1.00 509.00   3.00 156.00 247.00 735.00 404.00 285.00
248.00  46.00   0.00 923.00 924.00   0.00 1353.00   2.00 1596.00 1469.00 1760.00 1766.00 638.00 350.00 235.00 554.00 176.00 221.00
915.00 796.00 4630.00  58.00   2.00  11.00   7.00 3028.00   0.00   0.00   0.00   0.00   3.00  54.00 270.00 841.00 483.00 1226.00
590.00 1766.00  59.00 102.00  61.00   0.00   3.00   9.00   7.00   0.00  16.00  10.00 1403.00 2040.00 2968.00 2247.00 1672.00 560.00
>MA0656.1 JDP2(var.2)
4260.00 24403.00   3.00  11.00 24403.00   5.00 587.00  15.00 1777.00 24403.00  47.00 4383.00
5483.00 1319.00   9.00   0.00   7.00 24403.00   5.00  24.00 24403.00  10.00 12119.00 12117.00
11036.00 1403.00   3.00 24403.00   6.00   6.00 24403.00   7.00   4.00   9.00 835.00 4124.00
3623.00  17.00 24403.00 1939.00   6.00 338.00   2.00 24403.00   1.00   0.00 12283.00 3778.00
>MA0658.1 LHX6
1857.00 529.00   0.00 4438.00 4438.00   0.00   0.00 4438.00 1668.00 548.00
769.00 3015.00 253.00  90.00  14.00  98.00 766.00   0.00 637.00 1654.00
1548.00 791.00  28.00 487.00   0.00  15.00 108.00 243.00 2769.00 728.00
264.00 1422.00 4438.00   0.00   0.00 4438.00 4438.00   2.00 194.00 1507.00
>MA0653.1 IRF9
3467.00 2392.00  49.00  43.00 3467.00 3467.00 3467.00  43.00  16.00   2.00 3467.00 3467.00 3467.00   4.00  99.00
 52.00 498.00 3467.00   3.00   5.00   0.00   2.00 3467.00 3467.00   0.00   2.00   1.00   0.00 3467.00 1129.00
 43.00 204.00  33.00 3467.00   1.00   0.00   0.00 197.00   0.00 3467.00   0.00   0.00   0.00 239.00   7.00
110.00 1076.00 118.00   5.00   0.00   3.00   1.00   9.00 831.00   1.00   0.00  21.00   3.00   2.00 2338.00
>MA0652.1 IRF8
1309.00  63.00   3.00 5878.00 5878.00 5878.00  54.00   6.00   0.00 5878.00 5878.00 5878.00  11.00 321.00
1996.00 5878.00   0.00   2.00   0.00   0.00 5878.00 5878.00   0.00   0.00   0.00   5.00 5878.00 1454.00
571.00  19.00 5878.00   0.00   0.00   0.00 580.00   0.00 5878.00   3.00   2.00   0.00 1061.00   8.00
2002.00 884.00   2.00   0.00  33.00   3.00   6.00 1228.00   0.00   0.00  68.00   0.00  15.00 5878.00
>MA0655.1 JDP2
1634.00   5.00   0.00 1634.00  14.00   6.00  22.00 1634.00  22.00
 19.00   6.00   3.00   1.00 1200.00   0.00 1634.00   0.00 404.00
140.00   1.00 1634.00   2.00 434.00   6.00   3.00   0.00   5.00
  8.00 1634.00  22.00  25.00  13.00 1634.00   9.00   7.00 1634.00
>MA0654.1 ISX
318.00  10.00 2065.00 2065.00   0.00   0.00 2065.00 770.00
863.00 1003.00  48.00  16.00   0.00   0.00   0.00 307.00
364.00   0.00   5.00   0.00   0.00  24.00   0.00 704.00
520.00 1061.00  24.00  10.00 2065.00 2065.00  49.00 283.00
>MA0737.1 GLIS3
  8.00 422.00   0.00   0.00   2.00   0.00   4.00   0.00 886.00   1.00 226.00 529.00 218.00   0.00
 41.00   2.00 289.00 280.00 309.00 288.00 200.00 211.00   1.00 204.00  17.00   2.00  56.00  16.00
674.00  13.00   1.00   0.00   0.00   0.00   0.00   0.00  67.00   8.00 648.00  31.00   4.00 608.00
258.00   0.00   1.00   0.00   9.00   1.00   0.00  20.00   9.00  17.00  78.00  87.00  37.00   4.00
>MA0738.1 HIC2
2606.00   0.00 494.00  23.00 435.00 1466.00 2493.00 770.00 760.00
394.00 117.00 354.00 4891.00 4891.00 3425.00 710.00 2200.00 1732.00
2285.00   0.00 4891.00  14.00   0.00   0.00 1290.00 1237.00 1001.00
367.00 4891.00 151.00   0.00  59.00   0.00 399.00 684.00 1398.00
>MA0740.1 KLF14
430.00 1205.00 526.00   0.00 1708.00   2.00  69.00   0.00   0.00   0.00 716.00  32.00 280.00 649.00
215.00  73.00 1360.00 1599.00 136.00 1596.00  36.00 1602.00 1604.00 1609.00 961.00 1463.00 594.00 741.00
966.00 2280.00  96.00  10.00  58.00   0.00 2939.00   3.00   3.00   4.00   1.00  15.00  89.00 314.00
693.00  71.00 404.00 248.00   5.00   2.00  31.00   0.00   6.00  65.00  31.00 559.00 1041.00 1670.00
>MA0733.1 EGR4
1167.00 1143.00 2745.00 101.00 556.00  11.00 120.00   0.00 4500.00  44.00 233.00  10.00 4608.00 1721.00 1483.00 1191.00
1459.00 1664.00 1924.00 4466.00 475.00 4447.00 4448.00 4403.00 1055.00 4402.00 1793.00 4354.00 839.00 1399.00 819.00 1118.00
1004.00 527.00 151.00 150.00 7053.00  63.00 107.00 110.00 348.00 114.00 6862.00 183.00 829.00 409.00 655.00 935.00
1953.00 2131.00 158.00 319.00 707.00  88.00  76.00 131.00 363.00 245.00 253.00 219.00 483.00 1778.00 2762.00 2422.00
>MA0660.1 MEF2B
1385.00  18.00   0.00 3150.00 1495.00 3150.00 3150.00 3150.00   0.00 3150.00  98.00 1013.00
 72.00 3150.00  25.00   0.00   2.00   0.00   3.00   0.00   0.00   3.00  19.00 2138.00
1766.00   0.00   0.00   0.00   0.00  12.00   2.00   0.00   0.00   2.00 3150.00  99.00
505.00  12.00 3150.00  15.00 1655.00 710.00 143.00  45.00 3150.00   3.00   3.00 506.00
>MA0735.1 GLIS1
3236.00   3.00 6314.00   0.00   4.00   0.00   3.00   0.00   6.00 6781.00   0.00   7.00 5759.00 2846.00   7.00 857.00
1842.00  44.00   0.00 4807.00 4769.00 4796.00 4817.00 4702.00 4505.00   3.00 4549.00   0.00   4.00 1340.00   5.00 3054.00
100.00 8617.00   6.00   2.00   2.00  11.00   5.00   0.00   5.00 160.00   0.00 10081.00  32.00   0.00 9572.00 1344.00
891.00 1016.00   8.00   0.00   3.00   0.00   2.00   7.00   2.00   6.00   0.00  51.00 2024.00 2786.00  24.00 1029.00
>MA0736.1 GLIS2
 74.00 813.00   3.00   4.00   7.00   2.00  56.00  52.00 412.00   3.00 459.00 484.00 407.00  15.00
179.00  94.00 1072.00 1074.00 1074.00 1087.00 1061.00 1056.00  12.00 1080.00  36.00  16.00 265.00 187.00
929.00 130.00   3.00   0.00   0.00   0.00   0.00   1.00 915.00  28.00 909.00 234.00 112.00 1051.00
439.00   1.00   5.00   1.00  14.00   0.00   4.00  99.00  50.00  69.00  64.00 228.00 197.00  63.00
>MA0828.1 SREBF2(var.2)
2898.00 385.00   7.00 3957.00   3.00  21.00  44.00   3.00 3957.00  20.00
284.00 130.00 3957.00   2.00 3957.00 341.00 240.00  13.00   8.00 2114.00
1059.00  16.00  16.00  75.00  82.00 3957.00   0.00 3957.00  39.00 104.00
 13.00 3957.00   1.00  12.00  11.00   0.00 3957.00   8.00 122.00 1843.00
>MA0827.1 OLIG3
1915.00 800.00 222.00 1915.00   0.00 1915.00  56.00   4.00  28.00 265.00
204.00 1115.00 1915.00  10.00  26.00 103.00 224.00   4.00 662.00 964.00
427.00 208.00   0.00  99.00  72.00  11.00   2.00 1915.00 904.00 176.00
132.00   6.00   3.00  22.00 1915.00   0.00 1915.00 275.00 1010.00 1915.00
>MA0826.1 OLIG1
11391.00 5931.00  52.00 11391.00  12.00 11391.00 195.00   0.00  12.00 490.00
240.00 4142.00 11391.00   1.00  15.00  80.00 175.00   0.00 2082.00 2812.00
1526.00 1321.00   0.00 139.00 113.00  17.00   0.00 11391.00 4568.00 257.00
205.00   0.00   0.00  80.00 11391.00  10.00 11391.00  74.00 4730.00 11391.00
>MA0834.1 ATF7
3922.00 5130.00 19329.00  11.00  26.00 19329.00  20.00  79.00  25.00 2698.00 19329.00  82.00 5628.00 5680.00
6606.00 2440.00 368.00   4.00   7.00   8.00 19329.00   9.00  16.00 19329.00   2.00 7305.00 8116.00 4920.00
4161.00 7299.00 3772.00  43.00 19329.00  58.00  33.00 19329.00  77.00  51.00  49.00 440.00 2129.00 5892.00
4641.00 4461.00  41.00 19329.00 1759.00  12.00  68.00   4.00 19329.00  22.00  11.00 19329.00 3456.00 2839.00
>MA0623.2 NEUROG1
1658.00 1898.00   0.00 3518.00   4.00 3518.00   0.00   0.00  23.00  68.00
118.00 876.00 3518.00   0.00 114.00   0.00  86.00   0.00 655.00 1844.00
1860.00 729.00   8.00  63.00   0.00  80.00   0.00 3518.00 907.00 187.00
 33.00  14.00   0.00   0.00 3518.00   0.00 3518.00   0.00 1933.00 1673.00
>MA1464.1 ARNT2
11781.00 9572.00 505.00 40622.00   0.00  84.00 651.00  14.00 18559.00 7892.00
4265.00 4901.00 40622.00 122.00 40622.00   0.00 932.00   0.00 22063.00 12448.00
28841.00 9525.00 115.00 532.00   0.00 40622.00 111.00 40622.00 3912.00 12031.00
1951.00 40622.00   0.00 460.00 148.00   0.00 40622.00 971.00 7159.00 8251.00
>MA1463.1 ARGFX
3893.00 2558.00 270.00 16589.00 16589.00   0.00   0.00 16589.00 10340.00 6983.00
1750.00 16589.00 1130.00  46.00   0.00   0.00  44.00 499.00 563.00 4098.00
4467.00 1748.00  96.00   0.00   0.00   0.00   0.00 1492.00 6249.00 2351.00
6479.00 4423.00 16589.00   4.00   0.00 16589.00 16589.00 1048.00 900.00 3158.00
>MA0139.1 CTCF
 87.00 167.00 281.00  56.00   8.00 744.00  40.00 107.00 851.00   5.00 333.00  54.00  12.00  56.00 104.00 372.00  82.00 117.00 402.00
291.00 145.00  49.00 800.00 903.00  13.00 528.00 433.00  11.00   0.00   3.00  12.00   0.00   8.00 733.00  13.00 482.00 322.00 181.00
 76.00 414.00 449.00  21.00   0.00  65.00 334.00  48.00  32.00 903.00 566.00 504.00 890.00 775.00   5.00 507.00 307.00  73.00 266.00
459.00 187.00 134.00  36.00   2.00  91.00  11.00 324.00  18.00   3.00   9.00 341.00   8.00  71.00  67.00  17.00  37.00 396.00  59.00
>MA0114.4 HNF4A
10046.00 9788.00 1468.00 43321.00 40217.00 43264.00 716.00 927.00 2770.00 1363.00 36654.00 13574.00 15279.00
7136.00 14435.00 41443.00 1257.00 1370.00 544.00 916.00 695.00 37804.00 42341.00 2782.00 9863.00 9070.00
13905.00 9294.00 1237.00 1061.00 3615.00 1897.00 43528.00 2184.00 1826.00 643.00 2936.00 13014.00 11714.00
15417.00 12987.00 2356.00 865.00 1302.00 799.00 1344.00 42698.00 4104.00 2157.00 4132.00 10053.00 10441.00
>MA0484.2 HNF4G
3843.00 3655.00 434.00 17011.00 15704.00 16963.00 208.00 277.00 1118.00 564.00 14053.00 5008.00 5812.00
2786.00 5660.00 16488.00 449.00 507.00 172.00 329.00 227.00 14917.00 16495.00 1190.00 4073.00 3718.00
5560.00 3820.00 419.00 456.00 1576.00 769.00 17215.00 841.00 697.00 226.00 1299.00 5326.00 4662.00
6033.00 5087.00 881.00 306.00 435.00 318.00 470.00 16877.00 1490.00 937.00 1680.00 3815.00 4030.00
>MA0062.3 GABPA
15887.00 10981.00 7639.00 52260.00 929.00 3885.00 862.00 1398.00 993.00 1722.00 2219.00 5344.00 11903.00 13522.00
16922.00 21679.00 41398.00 3988.00 55664.00 1443.00 1230.00 61373.00 63107.00 1542.00 6328.00 12006.00 18154.00 17382.00
15945.00 13751.00 6989.00 4873.00 2169.00 965.00 1633.00 1150.00 520.00 4561.00 51920.00 7720.00 15081.00 13187.00
16725.00 19068.00 9453.00 4358.00 6717.00 59186.00 61754.00 1558.00 859.00 57654.00 5012.00 40409.00 20341.00 21388.00
>MA0035.4 GATA1
22209.00 17328.00 3953.00 1314.00 49692.00 67550.00 2206.00 2567.00 7397.00 26545.00 22656.00
12209.00 14489.00 62419.00 595.00 710.00 1292.00 1238.00 65937.00 3025.00 11186.00 15261.00
13955.00 11088.00 2712.00 652.00 856.00 988.00 618.00 1471.00 765.00 14358.00 9325.00
23455.00 28923.00 2744.00 69267.00 20570.00 1998.00 67766.00 1853.00 60641.00 19739.00 24586.00
>MA1103.2 FOXK2
6548.00 4861.00 2697.00 360.00 15913.00 14387.00 15593.00 499.00 15709.00 4836.00 4855.00
2872.00 2198.00 551.00 210.00 277.00 1291.00 330.00 14282.00 295.00 3877.00 3788.00
3471.00 3423.00 12737.00 327.00 148.00 436.00 391.00 426.00 170.00 3950.00 5012.00
3788.00 6197.00 694.00 15782.00 341.00 565.00 365.00 1472.00 505.00 4016.00 3024.00
>MA0481.3 FOXP1
26982.00 26879.00 10463.00 1209.00 69603.00 65236.00 70030.00 1336.00 68456.00 20210.00 25974.00
13908.00 6209.00 1573.00 727.00 2095.00 5067.00 1487.00 61094.00 1904.00 17235.00 14312.00
16635.00 14136.00 59571.00 920.00 1073.00 1830.00 1132.00 1493.00 749.00 15846.00 12809.00
17193.00 27494.00 3111.00 71862.00 1947.00 2585.00 2069.00 10795.00 3609.00 21427.00 21623.00
>MA1105.2 GRHL2
14483.00 17842.00 36467.00 37065.00 503.00 34024.00 2824.00 642.00 1878.00 1752.00 7061.00 8868.00
9741.00 6996.00 1147.00 712.00 40446.00 1543.00 581.00 987.00 2331.00 2000.00 9341.00 8528.00
9161.00 10776.00 2646.00 2841.00 609.00 485.00 37226.00 39624.00 748.00 1220.00 7961.00 10536.00
8493.00 6264.00 1618.00 1260.00 320.00 5826.00 1247.00 625.00 36921.00 36906.00 17515.00 13946.00
>MA0043.3 HLF
6810.00 6191.00 8789.00 295.00 162.00 22746.00 197.00 2418.00 369.00 24156.00 24055.00 1399.00 8897.00 6902.00
5063.00 4009.00 4432.00 242.00  96.00 125.00 1548.00 112.00 17203.00 122.00  67.00 13237.00 6412.00 5267.00
5626.00 6297.00 9793.00 148.00 895.00 1344.00 253.00 21705.00 199.00  48.00 189.00 3300.00 3218.00 5523.00
6925.00 7927.00 1410.00 23739.00 23271.00 209.00 22426.00 189.00 6653.00  98.00 113.00 6488.00 5897.00 6732.00
>MA0482.2 GATA4
14632.00 13534.00 3977.00 3150.00 1586.00 1650.00 54420.00 770.00 480.00 7659.00 11041.00 15349.00
11761.00 12703.00 38289.00 50062.00 1429.00 1377.00 1703.00 582.00 56544.00 1792.00 16059.00 14580.00
11083.00 11207.00 5099.00 1103.00 749.00 808.00 1245.00 539.00 568.00 1376.00 15225.00 8955.00
21538.00 21570.00 11649.00 4699.00 55250.00 55179.00 1646.00 57123.00 1422.00 48187.00 16689.00 20130.00
>MA1104.2 GATA6
22320.00 20858.00 35360.00 5912.00 4535.00 2560.00 5044.00 76686.00 1507.00 1096.00 13149.00 18911.00 22172.00
16229.00 14161.00 13347.00 11831.00 62936.00 1439.00 1393.00 815.00 852.00 75930.00 3228.00 19054.00 17969.00
13432.00 11894.00 10394.00 7066.00 6459.00 580.00 615.00 819.00 456.00 712.00 1810.00 18153.00 11605.00
27463.00 32531.00 20343.00 54635.00 5514.00 74865.00 72392.00 1124.00 76629.00 1706.00 61257.00 23326.00 27698.00
>MA0050.2 IRF1
316.00 251.00 173.00 138.00 735.00  24.00  12.00   0.00   0.00   0.00 913.00  20.00  16.00   7.00  11.00  17.00 513.00 218.00 145.00 198.00 166.00
320.00 284.00 324.00 430.00 101.00 792.00   0.00  31.00  56.00 1249.00  39.00 787.00   1.00  14.00  58.00 1023.00 245.00 464.00 186.00 193.00 331.00
266.00 251.00 212.00 148.00 361.00 506.00   0.00   0.00   4.00   0.00 238.00 345.00   0.00   5.00   0.00  28.00 263.00 291.00 114.00  99.00 151.00
460.00 576.00 653.00 646.00 165.00  40.00 1350.00 1331.00 1302.00 113.00 172.00 210.00 1345.00 1336.00 1293.00 294.00 341.00 389.00 917.00 872.00 714.00
>MA1654.1 ZNF16
664.00 362.00  48.00 353.00  17.00  12.00   1.00 832.00  13.00   7.00  10.00 800.00  31.00 165.00  24.00 611.00 524.00  66.00  89.00  59.00  32.00  62.00  67.00
 91.00 222.00  79.00  14.00   2.00   4.00  10.00   0.00   1.00 794.00 748.00  17.00 174.00  26.00  16.00  92.00  17.00   4.00   7.00 160.00  56.00 270.00 109.00
 58.00 227.00 128.00 312.00 809.00 804.00 821.00   1.00 816.00   4.00   0.00  12.00  31.00 436.00 782.00  95.00 215.00 711.00 725.00  75.00 138.00 136.00  95.00
 20.00  22.00 578.00 154.00   5.00  13.00   1.00   0.00   3.00  28.00  75.00   4.00 597.00 206.00  11.00  35.00  77.00  52.00  12.00 539.00 607.00 365.00 562.00
>MA1653.1 ZNF148
1399.00 1263.00  82.00 132.00 136.00  89.00 133.00  66.00 352.00 442.00 846.00 841.00
4593.00 4057.00 10799.00 10396.00 10526.00 10833.00  14.00 10954.00 9922.00 9283.00 7239.00 7114.00
2241.00 3215.00 205.00 471.00 401.00 211.00 1012.00 112.00 460.00 392.00 1924.00 2064.00
2966.00 2664.00 113.00 200.00 136.00  66.00 10040.00  67.00 465.00 1082.00 1190.00 1180.00
>MA1656.1 ZNF449
1809.00 2104.00 4135.00 6239.00 108.00 139.00  64.00  68.00 6851.00 6620.00 184.00 1143.00 2595.00 1670.00
2716.00 2320.00 1759.00 582.00  92.00 7088.00 7540.00 7479.00 300.00  96.00 7244.00 5029.00 1875.00 2195.00
1566.00 1921.00 1463.00 224.00 7368.00 322.00  28.00  54.00 182.00 829.00 167.00 473.00 1585.00 2237.00
1569.00 1315.00 303.00 615.00  92.00 111.00  28.00  59.00 327.00 115.00  65.00 1015.00 1605.00 1558.00
>MA1655.1 ZNF341
4266.00 5117.00 1504.00 17074.00 17700.00 301.00 17627.00 168.00 227.00 3082.00 5305.00 3756.00
4256.00 2180.00 2043.00 955.00 211.00 16813.00 399.00 359.00 18003.00 10946.00 4431.00 5745.00
5798.00 8832.00 13739.00 513.00 576.00 1033.00 468.00 17972.00 270.00 2289.00 4672.00 5691.00
4408.00 2599.00 1442.00 186.00 241.00 581.00 234.00 229.00 228.00 2411.00 4320.00 3536.00
>MA1657.1 ZNF652
2045.00 6158.00 11418.00 11220.00 267.00 7606.00 178.00 220.00 240.00 11708.00 9189.00 4035.00
2744.00 2126.00 372.00  89.00 573.00 106.00 109.00 155.00 274.00 215.00 1216.00 2715.00
4106.00 2230.00 317.00 660.00 10998.00 4279.00 11940.00 182.00 249.00 205.00 1032.00 2185.00
3478.00 1859.00 266.00 404.00 535.00 382.00 146.00 11816.00 11610.00 245.00 936.00 3438.00
>MA1583.1 ZFP57
1156.00 1553.00 2236.00 639.00  12.00  24.00  26.00  11.00  91.00  38.00 5116.00 1450.00 1351.00
1721.00 1611.00 1514.00 1061.00  37.00  71.00 6254.00 5595.00  16.00 5828.00 331.00 1699.00 1665.00
1829.00 1598.00 1643.00 1255.00 140.00 6213.00  16.00 719.00 6166.00 279.00 729.00 1896.00 1627.00
1626.00 1570.00 939.00 3377.00 6143.00  24.00  36.00   7.00  59.00 187.00 156.00 1287.00 1689.00
>MA1584.1 ZIC5
6068.00 555.00 19266.00 250.00 147.00 1311.00   5.00  67.00  10.00 2110.00   2.00 2536.00 251.00 5255.00  52.00 8073.00
6877.00 3318.00 2320.00 21201.00 21163.00 20221.00 21263.00 21235.00 17685.00  21.00 19607.00 3844.00   8.00 9445.00 1733.00 11606.00
5212.00 17329.00 2765.00   0.00  58.00 470.00   0.00   2.00   0.00 20412.00 235.00 3252.00 21153.00 1725.00 19961.00 792.00
3106.00 5687.00   0.00  17.00  57.00 328.00   1.00   2.00 3577.00  23.00 5843.00 18007.00   2.00 10267.00 2756.00 5356.00
>MA1581.1 ZBTB6
593.00 398.00 312.00  94.00  29.00 207.00  13.00 2158.00  58.00  56.00 102.00 589.00 541.00
317.00 623.00 1157.00 2080.00 104.00  45.00  59.00  28.00  20.00 2087.00 1814.00 707.00 593.00
713.00 481.00 593.00  25.00  52.00 409.00 2148.00  20.00 2135.00  38.00  88.00 467.00 749.00
604.00 725.00 165.00  28.00 2042.00 1566.00   7.00  21.00  14.00  46.00 223.00 464.00 344.00
>MA1579.1 ZBTB26
399.00 449.00 274.00   9.00  20.00   5.00 1535.00  27.00 1582.00 1134.00 669.00 583.00 432.00 425.00 381.00
386.00 342.00 872.00   5.00 1592.00 1503.00  17.00   3.00  22.00 138.00 327.00 378.00 379.00 409.00 449.00
402.00 412.00 123.00   5.00  12.00  13.00  49.00 1581.00   9.00 223.00 322.00 338.00 483.00 392.00 327.00
440.00 424.00 358.00 1608.00   3.00 106.00  26.00  16.00  14.00 132.00 309.00 328.00 333.00 401.00 470.00
>MA1580.1 ZBTB32
882.00 356.00   5.00 3560.00   0.00 3556.00   0.00   0.00 2390.00 1559.00
764.00   3.00   1.00   5.00 3560.00   3.00   3.00   4.00 109.00 213.00
 65.00 3057.00   3.00   0.00   1.00   4.00 3562.00   0.00 723.00 215.00
1849.00 156.00 3563.00   0.00   0.00   8.00   6.00 3558.00 339.00 1574.00
>MA1577.1 TLX2
997.00 1435.00 7799.00 7799.00   0.00   0.00 7799.00 2184.00
2572.00 7799.00   0.00   0.00   0.00   0.00   0.00 1323.00
1851.00 1112.00  80.00   0.00   0.00   0.00   0.00 3439.00
2379.00 8156.00   0.00   0.00 7799.00 7799.00   0.00 852.00
>MA1578.1 VEZF1
 71.00   1.00   4.00   2.00   6.00  10.00 406.00  44.00 240.00 333.00
790.00 997.00 995.00 997.00 989.00 977.00 357.00 550.00 171.00 173.00
137.00   0.00   0.00   0.00   0.00   3.00 110.00  70.00 211.00 152.00
  0.00   0.00   0.00   0.00   4.00   8.00 125.00 334.00 377.00 339.00
>MA1575.1 THRB(var.2)
1010.00  26.00 252.00 4111.00  29.00   1.00   0.00 286.00 2454.00 1060.00  63.00 1469.00 4111.00   0.00   0.00 1688.00 199.00 4111.00 835.00
624.00 618.00 642.00 351.00 4111.00 4111.00 1178.00 1512.00 241.00 1033.00 1266.00 904.00 106.00   3.00   0.00 470.00 4111.00   5.00 1649.00
1640.00  15.00 4111.00 432.00   2.00   2.00  77.00 872.00 1353.00 939.00 312.00 1488.00 1233.00 4111.00 4111.00 303.00 686.00 629.00 610.00
837.00 4111.00 230.00 1787.00   0.00   8.00 4111.00 1441.00  63.00 1079.00 2470.00 251.00   2.00   0.00  30.00 4111.00 291.00   5.00 1017.00
>MA1576.1 THRB(var.3)
119.00   0.00  28.00 389.00   0.00   0.00  13.00  11.00 263.00  42.00 102.00   0.00   0.00 389.00   0.00   7.00   0.00   0.00 323.00
 31.00   8.00  89.00  19.00 389.00 389.00  75.00 134.00  28.00 221.00  86.00   0.00   0.00  11.00 389.00 389.00   9.00 175.00   8.00
157.00   0.00 389.00  17.00   4.00  59.00  38.00  93.00  89.00  71.00 205.00   6.00 389.00   0.00   0.00   3.00   0.00  73.00  74.00
 82.00 381.00  45.00  71.00  17.00  20.00 389.00 151.00   9.00  54.00   0.00 393.00   3.00  86.00   2.00   4.00 389.00 214.00   0.00
>MA0697.1 ZIC3
 20.00 163.00   7.00   7.00  22.00   0.00   0.00   0.00  22.00   4.00  18.00   3.00  24.00   3.00  56.00
 50.00  32.00 203.00 204.00 188.00 209.00 206.00 142.00   5.00 178.00  26.00   0.00  89.00   2.00  79.00
163.00  43.00   0.00   3.00   0.00   0.00   0.00   0.00 217.00   6.00  53.00 225.00  13.00 214.00  13.00
 69.00   0.00   4.00   7.00  19.00   0.00   0.00  61.00   2.00  29.00 163.00   3.00  74.00  23.00  53.00
>MA0698.1 ZBTB18
3561.00 7064.00 1177.00 3618.00  21.00 13670.00   3.00 13670.00  14.00   3.00  48.00 210.00 1725.00
4188.00 753.00 1937.00 13670.00 13670.00   5.00 245.00 1048.00  15.00   1.00 314.00 177.00 4042.00
2499.00 2535.00 5212.00 1899.00   3.00  33.00 13670.00 278.00  94.00 13670.00  36.00 5530.00 3876.00
3423.00 3319.00 13670.00  60.00   8.00 206.00   6.00 297.00 13670.00   1.00 13670.00 8140.00 4027.00
>MA0699.1 LBX2
809.00 366.00 157.00 2996.00 2996.00   0.00 150.00 2996.00 990.00 722.00
739.00 1437.00 1634.00 338.00 290.00  29.00 258.00  34.00 434.00 977.00
832.00 477.00 109.00 325.00 130.00 118.00 293.00 106.00 1135.00 737.00
616.00 715.00 1362.00  57.00  89.00 2996.00 2996.00 148.00 438.00 560.00
>MA0694.1 ZBTB7B
533.00 144.00 394.00 1852.00   5.00   0.00 1852.00   5.00   0.00 803.00 1852.00 996.00
159.00 1852.00  19.00 238.00 1852.00 1852.00 820.00 1852.00 1852.00 474.00 295.00 309.00
795.00 224.00 1852.00   0.00   1.00   2.00   2.00   0.00   0.00 1852.00 221.00 245.00
365.00  54.00  78.00   3.00   0.00   0.00   3.00   1.00   7.00 305.00 365.00 302.00
>MA0695.1 ZBTB7C
272.00 183.00 351.00 1018.00  39.00   0.00 1018.00  18.00  90.00 253.00 1018.00 333.00
118.00 1018.00 128.00 225.00 1018.00 1018.00 269.00 1018.00 1018.00 138.00 444.00 315.00
463.00 215.00 1018.00   8.00   0.00   5.00   8.00   7.00  54.00 527.00 251.00 196.00
164.00 110.00 137.00  24.00   0.00  14.00  10.00  17.00  90.00 100.00 419.00 174.00
>MA0696.1 ZIC1
1113.00 22722.00 836.00 1264.00 2606.00   0.00 185.00  22.00 2156.00  23.00 1215.00  73.00 3121.00  35.00
3934.00 2660.00 28949.00 29217.00 25527.00 29399.00 29532.00 18412.00  45.00 27426.00 1757.00  24.00 7693.00 520.00
25702.00 7408.00  58.00 204.00 327.00   4.00  10.00   0.00 31995.00 439.00 5531.00 34649.00 1690.00 34431.00
8960.00  23.00 125.00 281.00 927.00   7.00  14.00 10313.00  14.00 6735.00 27084.00   1.00 16190.00 2725.00
>MA0162.4 EGR1
7087.00 3997.00 14508.00 642.00 5110.00 227.00 1440.00 314.00 22297.00 153.00 4696.00 969.00 8903.00 3809.00
11610.00 14749.00 10303.00 28403.00 1131.00 29338.00 27321.00 28958.00 5420.00 29507.00 2806.00 25196.00 10441.00 13686.00
6621.00 7211.00 3854.00 756.00 22237.00 665.00 1455.00 698.00 2122.00 699.00 20544.00 2157.00 6345.00 7852.00
5280.00 4641.00 1933.00 797.00 2120.00 368.00 382.00 628.00 759.00 239.00 2552.00 2276.00 4909.00 5251.00
>MA1133.1 JUN::JUNB(var.2)
 54.00 376.00  58.00  51.00 787.00  23.00  55.00  30.00  91.00 919.00  33.00 212.00
132.00 108.00  43.00  28.00  22.00 862.00  36.00  27.00 834.00  19.00 125.00 254.00
358.00 486.00  25.00 703.00  63.00  47.00 867.00  40.00  35.00  35.00 130.00 255.00
457.00  30.00 875.00 218.00 129.00  68.00  42.00 903.00  40.00  26.00 712.00 278.00
>MA1132.1 JUN::JUNB
203.00 627.00  11.00  10.00 944.00  27.00  58.00 161.00 931.00 188.00
128.00 134.00  10.00  21.00  10.00 826.00  24.00 707.00  24.00 248.00
408.00 189.00  34.00 921.00  28.00 115.00 353.00  10.00  18.00  64.00
261.00  50.00 946.00  47.00  18.00  33.00 565.00 122.00  27.00 500.00
>MA1129.1 FOSL1::JUN(var.2)
639.00  28.00  33.00 825.00  22.00  93.00  41.00 238.00 917.00  24.00
 69.00  30.00  56.00  26.00 845.00  36.00 105.00 670.00  22.00 264.00
266.00  24.00 672.00 106.00  38.00 847.00  27.00  58.00  31.00  71.00
 26.00 919.00 240.00  43.00  95.00  24.00 827.00  35.00  30.00 641.00
>MA0661.1 MEOX1
906.00 150.00  64.00 3000.00 3000.00   8.00  14.00 3000.00 956.00 572.00
704.00 1637.00 406.00 848.00   0.00  29.00 242.00   0.00 911.00 1309.00
986.00 1363.00  53.00 151.00   2.00   0.00 328.00 338.00 449.00 614.00
405.00 115.00 3000.00  39.00   3.00 3000.00 3000.00   6.00 683.00 506.00
>MA1131.1 FOSL2::JUN(var.2)
222.00 633.00   6.00   7.00 963.00  11.00  92.00  14.00 351.00 961.00  38.00
 94.00  30.00   8.00  14.00   6.00 906.00  45.00  70.00 625.00  10.00 218.00
459.00 323.00   8.00 917.00   9.00  22.00 845.00   9.00  16.00  13.00 166.00
224.00  15.00 978.00  62.00  23.00  61.00  17.00 908.00   8.00  15.00 578.00
>MA1130.1 FOSL2::JUN
189.00 214.00 542.00   1.00   1.00 847.00 103.00   1.00  20.00 998.00  19.00 269.00
248.00 179.00 121.00   1.00   1.00 123.00 141.00   1.00 979.00   0.00 299.00 341.00
295.00 338.00 282.00   1.00 840.00   1.00 698.00   1.00   1.00   1.00  93.00 180.00
268.00 269.00  55.00 998.00 158.00  29.00  58.00 998.00   1.00   1.00 589.00 209.00
>MA0099.3 FOS::JUN
592.00   3.00   7.00 820.00  78.00   5.00  30.00 992.00  24.00 277.00
111.00   5.00   1.00 131.00 180.00   2.00 963.00   2.00 313.00 397.00
257.00   2.00 824.00   4.00 688.00   2.00   3.00   2.00  95.00 164.00
 40.00 990.00 168.00  45.00  54.00 991.00   4.00   4.00 568.00 162.00
>MA0037.3 GATA3
502.00   0.00 999.00   0.00 914.00 862.00 114.00 423.00
226.00   0.00   0.00   0.00   2.00  15.00 301.00 188.00
  1.00 999.00   0.00   0.00   0.00  76.00 476.00 321.00
271.00   0.00   0.00 999.00  83.00  47.00 109.00  68.00
>MA1127.1 FOSB::JUN
193.00 649.00  12.00  17.00 954.00  48.00  75.00  25.00 247.00 949.00  92.00
 70.00  87.00  10.00  10.00   8.00 886.00  14.00  57.00 697.00  16.00 261.00
575.00 216.00  12.00 872.00  17.00  25.00 897.00  14.00  20.00  14.00  53.00
162.00  48.00 965.00 100.00  20.00  42.00  14.00 904.00  36.00  21.00 593.00
>MA1126.1 FOS::JUN(var.2)
266.00 556.00  47.00  42.00 748.00  80.00 131.00  40.00  53.00 907.00  30.00 299.00 322.00 190.00 161.00 203.00
 63.00  45.00  74.00 112.00  31.00 838.00 114.00  23.00 846.00  24.00 234.00 322.00 313.00 178.00  75.00 291.00
419.00 369.00  62.00 655.00 135.00  41.00 722.00  32.00  44.00  36.00  60.00 160.00 161.00 261.00 238.00 207.00
252.00  30.00 816.00 191.00  86.00  41.00  34.00 905.00  57.00  33.00 676.00 220.00 204.00 371.00 526.00 298.00
>MA0766.2 GATA5
2498.00 8021.00   0.00 15369.00   0.00 15369.00 15369.00 212.00 7190.00 5019.00
6615.00 2328.00   0.00   0.00   0.00   0.00   0.00 7594.00 3215.00 4579.00
3535.00  52.00 15369.00   0.00   0.00   0.00 200.00 7774.00 8179.00 3144.00
2722.00 7348.00   0.00   0.00 15369.00 331.00 204.00 586.00 668.00 2626.00
>MA0038.2 GFI1
3668.00 19146.00 30168.00 30150.00   0.00  15.00 29255.00 838.00 7748.00 2294.00 292.00 16713.00
11575.00 10155.00   2.00   0.00   0.00 30139.00   0.00 27769.00  54.00 266.00 27891.00 5221.00
7376.00 812.00   0.00   0.00   0.00   0.00   0.00 3888.00 8349.00 27514.00   0.00 4079.00
7527.00 565.00   0.00   1.00 30161.00  10.00 1594.00   0.00 13996.00 888.00 3702.00 4134.00
>MA0847.2 FOXD2
1404.00 865.00 2183.00 5995.00 2482.00 2608.00 148.00 5995.00 5995.00 5995.00   0.00 5995.00 2400.00
1834.00 2406.00  36.00  92.00 1208.00 101.00 1005.00 658.00 209.00   0.00 5995.00  53.00 1003.00
2314.00 309.00   3.00 1294.00 752.00 5995.00   0.00  11.00  17.00  25.00   0.00 125.00 515.00
442.00 3589.00 3812.00  23.00 1553.00   6.00 5995.00  11.00  11.00  33.00 2297.00 209.00 2076.00
>MA0476.1 FOS
7879.00 7475.00   0.00   0.00 29396.00 998.00   0.00   0.00 29396.00 258.00 4006.00
712.00 10177.00   0.00   0.00   0.00 14079.00   0.00 29396.00   0.00 5823.00 8236.00
9686.00 10841.00   0.00 27108.00   0.00 11206.00   0.00   0.00   0.00 1538.00 7897.00
11119.00 903.00 29396.00 2288.00   0.00 3113.00 29396.00   0.00   0.00 21777.00 9257.00
>MA0616.2 HES2
775.00 1501.00 118.00 6455.00   0.00   0.00   0.00  53.00 512.00 966.00
1193.00 1107.00 8483.00   0.00 8483.00   0.00 1098.00  15.00 4634.00 4464.00
8483.00 8483.00  85.00 2028.00   0.00 8483.00   0.00 8483.00 1289.00 1735.00
798.00 1581.00  73.00   0.00 129.00   0.00 8483.00   0.00 3849.00 1319.00
>MA0734.2 GLI2
5234.00  88.00 14096.00   0.00   0.00 15762.00   0.00 3319.00 167.00 16175.00 1207.00 3354.00 7613.00 4438.00 503.00
4901.00 215.00 2886.00 16427.00 16442.00 675.00 16444.00 15079.00 16216.00   7.00 15453.00 4113.00 1810.00 9203.00 1257.00
4702.00 15957.00 1758.00   0.00   0.00  97.00   0.00   0.00  13.00 539.00 694.00 13225.00 3253.00 1368.00 15481.00
1607.00 728.00   0.00   8.00   1.00 302.00   0.00   0.00 152.00  24.00 841.00 1146.00 7647.00 5871.00 777.00
>MA0893.2 GSX2
816.00 503.00 2775.00 4998.00   0.00   0.00 4998.00 2158.00
2277.00 2611.00 2223.00   0.00 121.00   0.00   0.00 659.00
2721.00 400.00  95.00 708.00   0.00  77.00 1005.00 2840.00
  0.00 4998.00  29.00   0.00 4998.00 4998.00  20.00 918.00
>MA0478.1 FOSL2
833.00 1525.00 2861.00   0.00   0.00 5075.00   0.00   0.00 205.00 5318.00   0.00
994.00 592.00  55.00   0.00   0.00  51.00 3286.00   0.00 5113.00   0.00 1399.00
2086.00 2707.00 2328.00   0.00 5318.00 192.00 1838.00   0.00   0.00   0.00 1933.00
1405.00 494.00  74.00 5318.00   0.00   0.00 194.00 5318.00   0.00   0.00 1986.00
>MA0900.2 HOXA2
8880.00   0.00 39674.00 56949.00   0.00   0.00 56949.00 10641.00
19452.00 3636.00 17275.00   0.00   0.00   0.00   0.00 16330.00
22686.00   0.00 290.00   0.00   0.00   0.00 2052.00 22246.00
5931.00 56949.00   0.00   0.00 56949.00 56949.00   0.00 7731.00
>MA0465.2 CDX2
11369.00 11735.00 3157.00 1226.00 26720.00 29957.00 274.00 29221.00 30645.00 30125.00 13752.00 10200.00
6380.00 2568.00 2096.00 26587.00 3312.00 414.00 391.00 761.00 349.00 595.00 5299.00 6905.00
7434.00 8816.00 24214.00 607.00 184.00 1196.00 386.00 999.00 366.00 502.00 5884.00 5934.00
6843.00 8907.00 2559.00 3606.00 1810.00 459.00 30975.00 1045.00 666.00 804.00 7091.00 8987.00
>MA0767.1 GCM2
179.00 1320.00  23.00 263.00  84.00  51.00   0.00   1.00  92.00 599.00
340.00  77.00  41.00  32.00 1320.00   1.00   0.00   0.00 533.00 140.00
375.00 299.00  24.00 1320.00 138.00 1320.00 1320.00 1320.00  91.00 341.00
427.00  45.00 1320.00   0.00 127.00  66.00  13.00   0.00 1320.00 240.00
>MA0768.1 LEF1
601.00 655.00 697.00   5.00 699.00   9.00  14.00 711.00 709.00 712.00  33.00 197.00 309.00 367.00 366.00
139.00  26.00   7.00 242.00   0.00   3.00 935.00   0.00   0.00   0.00  24.00 184.00 164.00  63.00  95.00
215.00 207.00  34.00 1053.00   4.00   0.00  49.00   0.00   4.00  13.00 1068.00 851.00 559.00  88.00  77.00
138.00  63.00  14.00   3.00  15.00 898.00   5.00   4.00   0.00   4.00   0.00 124.00 121.00 372.00 422.00
>MA0770.1 HSF2
173.00  23.00  16.00   1.00 3187.00   2.00 3187.00 3187.00 170.00 999.00 142.00  45.00  89.00
 37.00   2.00 3187.00 710.00 565.00   0.00  49.00   1.00 1406.00 468.00  68.00  89.00 3187.00
 91.00  47.00   2.00 293.00 792.00 3187.00   4.00  23.00 630.00 1209.00  88.00  43.00 117.00
3187.00 3187.00   0.00 3187.00   0.00   1.00  28.00 108.00 981.00 511.00 3187.00 3187.00 364.00
>MA0771.1 HSF4
1918.00 728.00  94.00  62.00 10067.00   3.00 10067.00 10067.00 1356.00 2602.00 1317.00 320.00  98.00
1026.00  91.00 10067.00 4329.00 4012.00  12.00 832.00 414.00 3686.00 2220.00 284.00  80.00 10067.00
1116.00 985.00 111.00 3252.00 4790.00 10067.00  49.00 369.00 2184.00 3325.00 384.00 136.00 100.00
10067.00 10067.00  70.00 10067.00  33.00   8.00 837.00 1654.00 2841.00 1920.00 10067.00 10067.00 213.00
>MA0138.2 REST
211.00  58.00  76.00 1452.00  34.00 122.00 1575.00   3.00  35.00 913.00 219.00  39.00  20.00 1406.00  13.00 1574.00  42.00 205.00 366.00 213.00 179.00
174.00 269.00 1366.00  30.00  44.00 978.00   7.00 1586.00 1481.00 201.00 375.00   7.00   5.00 112.00 1280.00   9.00  13.00 1007.00  31.00 933.00 1114.00
366.00 146.00  50.00  94.00 1516.00 323.00  12.00  12.00  20.00 162.00 124.00 1551.00 1577.00  34.00 233.00   7.00 1530.00 183.00 688.00 319.00  37.00
840.00 1124.00 105.00  26.00  10.00 182.00  12.00   5.00  70.00 329.00 886.00   7.00   2.00  51.00  74.00  10.00   9.00 198.00 507.00 125.00 260.00
>MA0773.1 MEF2D
2120.00  28.00   3.00 5803.00 2782.00 5803.00 5803.00 5803.00   0.00 5803.00 339.00 3206.00
109.00 5803.00  22.00   8.00   0.00   4.00   0.00   2.00   0.00   0.00  17.00 2598.00
1933.00   0.00   0.00   2.00   2.00   0.00   2.00   1.00   0.00   4.00 5803.00  70.00
1642.00  53.00 5803.00   6.00 3021.00 778.00 217.00  69.00 5803.00   0.00   5.00 585.00
>MA0498.2 MEIS1
23727.00 8690.00   0.00 77159.00   0.00 77159.00 17224.00
18797.00 5575.00 1249.00 2903.00 77159.00   0.00 14864.00
9714.00 3174.00 77159.00 672.00   0.00 9263.00 29965.00
24921.00 77159.00   0.00   0.00 1155.00 3861.00 15106.00
>MA0774.1 MEIS2
408.00  31.00   0.00 1351.00   9.00 1351.00  83.00 157.00
264.00   3.00   0.00   3.00 1351.00   7.00  98.00 701.00
314.00  40.00 1351.00  25.00   0.00   4.00 1351.00 650.00
1351.00 1351.00   0.00  62.00   5.00   0.00  67.00  88.00
>MA0150.1 NFE2L2
 10.00   0.00   0.00  20.00   0.00   6.00   5.00  16.00   0.00   0.00  15.00
  1.00   0.00   0.00   0.00  17.00   2.00  10.00   0.00   0.00  20.00   2.00
  9.00   0.00  19.00   0.00   1.00   1.00   1.00   2.00  20.00   0.00   2.00
  0.00  20.00   1.00   0.00   2.00  11.00   4.00   2.00   0.00   0.00   1.00
>MA0817.1 BHLHE23
2550.00 5005.00 2779.00  21.00 5005.00   0.00 5005.00  47.00   0.00  13.00 243.00 1523.00
686.00  55.00 1286.00 5005.00   0.00   4.00   5.00 115.00   4.00 1203.00 1468.00 911.00
858.00 890.00 932.00   0.00  67.00   1.00   3.00   5.00 5005.00 1771.00  92.00 964.00
912.00  44.00   8.00   0.00  17.00 5005.00   0.00 5005.00   7.00 2018.00 5005.00 1606.00
>MA0692.1 TFEB
4967.00 2545.00  17.00 8715.00   0.00 2762.00 454.00   9.00 8715.00 283.00
1553.00 4936.00 8715.00 286.00 8715.00 288.00 169.00  10.00 2342.00 5889.00
3748.00 2731.00   0.00  62.00  83.00 8715.00 150.00 8715.00 872.00 558.00
343.00 8715.00   3.00 274.00 1155.00   5.00 8715.00  11.00 807.00 2826.00
>MA0145.3 TFCP2
339.00 575.00 575.00   1.00   5.00 129.00   1.00 189.00  46.00  96.00
 61.00   6.00   2.00 575.00 575.00   3.00   9.00  35.00  60.00 196.00
129.00  24.00   8.00   2.00   1.00 575.00 575.00   0.00  20.00  31.00
 47.00  32.00 102.00   0.00 119.00   7.00   1.00 575.00 575.00 252.00
>MA0492.1 JUND(var.2)
11448.00 13436.00 11261.00 13616.00 25347.00   0.00   0.00 33631.00   0.00 5124.00   0.00 8793.00 33631.00 267.00 10255.00
4326.00 3228.00 4836.00 2452.00 169.00   0.00   0.00   0.00 10406.00 1824.00 3935.00 24697.00   0.00 5470.00 10841.00
7996.00 8721.00 8110.00 15761.00 8115.00   0.00 33511.00   0.00 8287.00 26683.00   0.00 141.00   0.00 2407.00 6351.00
9861.00 8246.00 9424.00 1802.00   0.00 33631.00 120.00   0.00 14938.00   0.00 29696.00   0.00   0.00 25487.00 6184.00
>MA0083.3 SRF
214.00  75.00 627.00   0.00   3.00 1137.00  54.00 1163.00   1.00 1162.00 439.00   8.00   8.00 262.00 337.00 913.00
125.00 152.00 611.00 1771.00 1787.00  13.00   0.00   0.00   5.00   0.00  12.00   9.00   2.00 105.00 1023.00  63.00
 80.00 1144.00 144.00  15.00  11.00  18.00   6.00   2.00   8.00   0.00   0.00 1896.00 1872.00 670.00 145.00  98.00
1129.00 372.00 167.00   0.00  19.00  61.00 1571.00   0.00 1610.00  16.00 1074.00   0.00   7.00 686.00  72.00 248.00
>MA0687.1 SPIC
144.00 162.00 186.00 194.00 171.00  30.00  88.00   0.00  13.00 204.00 192.00  13.00  45.00 115.00
 83.00  31.00  25.00   9.00   0.00  75.00  59.00   8.00   0.00   7.00  31.00   0.00  24.00  36.00
 68.00  70.00  13.00   0.00   0.00 181.00  48.00 217.00 232.00   0.00  13.00 231.00  17.00   9.00
 72.00  40.00  18.00   4.00  75.00  13.00   0.00   3.00  26.00  16.00   8.00   0.00 194.00  19.00
>MA0688.1 TBX2
1258.00 3181.00 602.00   9.00   0.00  26.00 307.00 310.00 3181.00 2525.00 1477.00
402.00  59.00 519.00  36.00 329.00   0.00 392.00 1289.00  26.00 491.00 446.00
717.00 716.00 3181.00 3181.00  21.00 3181.00  27.00 3181.00 125.00 527.00 590.00
804.00 442.00 353.00  14.00 3181.00  12.00 3181.00 1409.00 120.00 656.00 667.00
>MA0009.2 TBXT
 52.00 2241.00 3816.00   0.00 4107.00 218.00 2277.00 629.00 4161.00 1066.00 665.00   0.00  12.00 504.00 373.00 4171.00
156.00 4778.00  55.00 5262.00   0.00 5104.00 4418.00 611.00 121.00 2004.00 135.00 190.00   0.00 2352.00 1237.00  12.00
 22.00 1321.00 1415.00   0.00 141.00 111.00 1667.00 214.00 491.00 5819.00 7304.00  13.00 7628.00  69.00 7058.00 111.00
6886.00 254.00 217.00   2.00   0.00 400.00 809.00 6551.00 417.00 2921.00 366.00 6777.00   0.00 5975.00 1657.00  17.00
>MA0690.1 TBX21
2322.00 4395.00 612.00   2.00   6.00   1.00 185.00  80.00 4395.00 4395.00
263.00  30.00 239.00  17.00 180.00   0.00 331.00 126.00   0.00 441.00
937.00 359.00 4395.00 4395.00  16.00 4395.00  34.00 4395.00  38.00 317.00
872.00 146.00 398.00  33.00 4395.00   2.00 4395.00 364.00   0.00 1287.00
>MA0689.1 TBX20
197.00 572.00  50.00   0.00   0.00   0.00   8.00  48.00 572.00 572.00 154.00
  4.00  23.00  34.00   0.00   0.00   1.00   1.00  10.00   1.00  16.00  60.00
121.00  54.00 572.00 572.00  10.00 572.00  11.00 572.00   6.00  53.00 300.00
250.00  24.00  26.00  40.00 572.00   4.00 572.00  82.00  10.00 170.00  59.00
>MA0691.1 TFAP4
3423.00 2159.00   0.00 3423.00   2.00  21.00   1.00   0.00 1810.00 299.00
500.00 546.00 3423.00   2.00  85.00 3423.00   1.00   1.00 114.00 682.00
337.00  62.00   0.00   0.00 3423.00  49.00   0.00 3423.00 333.00 433.00
228.00 1264.00   0.00   0.00  14.00   6.00 3423.00   0.00 1613.00 3423.00
>MA0899.1 HOXA10
2315.00 2425.00 153.00 8381.00 8381.00 367.00 5960.00 8381.00 8381.00 8381.00 3017.00
1423.00 1757.00 3867.00 4516.00 455.00  11.00  84.00  36.00 568.00 2082.00 2089.00
2993.00 8381.00  59.00 1022.00 718.00   0.00 121.00  76.00 125.00 1560.00 1230.00
1651.00 1341.00 4515.00 957.00 267.00 8381.00 2422.00 384.00 331.00 2058.00 2045.00
>MA0903.1 HOXB3
4500.00 2554.00 1744.00 7793.00 12899.00   0.00 441.00 12899.00 4542.00 3199.00
2526.00 4145.00 4979.00 5106.00 545.00 150.00 839.00 119.00 2119.00 3995.00
3151.00 4005.00 604.00 838.00 640.00   0.00   0.00   0.00 4732.00 2981.00
2722.00 2194.00 7920.00 697.00 242.00 12899.00 12899.00 574.00 1506.00 2724.00
>MA0905.1 HOXC10
1495.00  26.00 315.00 2638.00  27.00 2165.00 3211.00 3211.00 3211.00 988.00
1044.00 245.00 3211.00   6.00   0.00   5.00   3.00  76.00 551.00 679.00
3211.00   0.00  12.00 3211.00   0.00   4.00   5.00  86.00 532.00 453.00
 15.00 3211.00 152.00  24.00 3211.00 1047.00 102.00 187.00 1069.00 1092.00
>MA0863.1 MTF1
  1.00   3.00   1.00   2.00   1.00  53.00   2.00  52.00   0.00   1.00   9.00   0.00  46.00   2.00
  0.00   5.00   1.00   1.00  71.00   0.00  69.00   3.00  67.00   0.00   2.00  63.00  10.00  62.00
  4.00  10.00   0.00  66.00   0.00   1.00   2.00   1.00   0.00  70.00  42.00   0.00   7.00   1.00
 50.00  40.00  53.00   0.00   0.00   1.00   0.00   1.00   0.00   1.00  10.00   8.00   2.00   3.00
>MA0862.1 GMEB2
 34.00  25.00 239.00   4.00   0.00   0.00 239.00 239.00
 75.00  10.00   0.00 239.00   4.00  21.00  66.00  84.00
109.00  86.00   5.00   0.00 239.00   0.00  12.00  24.00
239.00 239.00   0.00   0.00   0.00 239.00   9.00   5.00
>MA0861.1 TP73
3617.00 6206.00   0.00 8760.00 3837.00   8.00 130.00 1377.00 2166.00 3488.00 3988.00 9639.00   0.00 10125.00 256.00  16.00 993.00 4008.00
313.00 429.00 10829.00 124.00 293.00  28.00 2591.00 8161.00 2940.00 2418.00 441.00 145.00 11703.00 143.00 5965.00 170.00 6944.00 5125.00
3891.00 3304.00   0.00 557.00 806.00 11787.00  91.00 783.00 2230.00 3558.00 7797.00 1414.00   0.00 279.00 130.00 13026.00 181.00 519.00
3689.00 208.00   0.00 198.00 11480.00   1.00 11892.00 2749.00 4242.00 2457.00 1002.00 442.00   0.00 2302.00 8476.00  39.00 6995.00 2232.00
>MA0106.3 TP53
7544.00 10514.00  45.00 11931.00 1710.00   8.00 244.00 1228.00 1145.00 3851.00 3584.00 7104.00   0.00 12925.00 1825.00 327.00 879.00 1472.00
1037.00 116.00 19689.00 204.00 374.00   2.00 12014.00 17286.00 11875.00 1474.00 756.00  26.00 19350.00 250.00 118.00  33.00 3338.00 9183.00
6563.00 2433.00  13.00 653.00 137.00 20393.00 109.00 417.00 2151.00 9954.00 17846.00 8821.00   4.00 157.00  89.00 20549.00 116.00 825.00
2268.00 735.00 837.00 739.00 18893.00   0.00 7106.00 2642.00 3774.00 2118.00 1546.00 190.00   1.00 1155.00 17864.00  68.00 17859.00 9120.00
>MA0866.1 SOX21
15806.00 15806.00  15.00 15806.00 15806.00   6.00 348.00 1909.00 128.00 15806.00  64.00  84.00  10.00  33.00 279.00
 83.00 250.00 15806.00   7.00  13.00   3.00  15.00 1271.00 7221.00  20.00   9.00  15.00   4.00  17.00 790.00
199.00 2008.00  28.00  22.00  56.00  30.00 9624.00 7901.00  73.00  40.00 10733.00  77.00 15806.00  37.00 484.00
106.00 232.00  24.00   1.00   0.00 15806.00 5819.00 4725.00 8384.00   1.00 5073.00 15806.00   8.00 15806.00 15806.00
>MA0865.1 E2F8
  3.00   0.00   0.00   0.00   0.00   0.00   4.00   0.00   2.00  80.00  83.00  79.00
  3.00   3.00   0.00  98.00  96.00  97.00   7.00  96.00  93.00   1.00   0.00   2.00
  1.00   0.00   1.00   0.00   0.00   1.00 119.00   0.00   4.00   3.00   0.00   1.00
 87.00  90.00  92.00   1.00   3.00   0.00   0.00   1.00   0.00   1.00   0.00   4.00
>MA0024.3 E2F1
254.00 241.00 208.00  54.00   0.00   0.00   0.00   2.00   0.00 524.00 510.00 493.00
115.00  46.00  36.00  71.00  32.00 599.00   1.00 588.00 577.00 171.00  80.00  59.00
 89.00 100.00 145.00 888.00 950.00   0.00 1009.00  17.00  46.00  20.00  58.00 112.00
565.00 638.00 627.00   1.00   0.00   2.00   0.00   0.00  50.00 119.00 182.00 219.00
>MA1502.1 HOXB8
522.00   0.00 4474.00 4474.00   0.00 284.00 4474.00 1174.00
536.00 2560.00 3374.00   0.00   0.00   0.00   0.00 1704.00
2779.00   0.00  89.00   0.00   0.00 542.00   0.00 830.00
637.00 1914.00   0.00   0.00 4474.00 4474.00   0.00 766.00
>MA1501.1 HOXB7
188.00   0.00   0.00 828.00 828.00   0.00  79.00 828.00 324.00 132.00
144.00   0.00 359.00 222.00  29.00   0.00   3.00   0.00 165.00 354.00
380.00 828.00  51.00   0.00   0.00  31.00   0.00 151.00 268.00 250.00
116.00  87.00 828.00   0.00   0.00 828.00 828.00   0.00  71.00  92.00
>MA1500.1 HOXB6
1357.00   0.00 6192.00 6192.00   0.00 403.00 3128.00 691.00
2468.00 710.00 647.00   0.00 436.00 926.00   0.00 4868.00
2395.00   0.00   0.00   0.00 727.00 4139.00 3064.00 996.00
3724.00 6192.00 564.00   0.00 6192.00 6192.00   0.00 1324.00
>MA1499.1 HOXB4
4683.00   0.00 3621.00 9080.00   0.00   0.00 9080.00 4397.00
1377.00 2103.00 5459.00   0.00   0.00   0.00   0.00 1409.00
4397.00   0.00   0.00 265.00   0.00 271.00  55.00 4683.00
1021.00 9080.00   0.00   0.00 9080.00 9080.00   0.00 1388.00
>MA1498.1 HOXA7
481.00   0.00 4227.00 4227.00   0.00 159.00 4227.00 828.00
839.00 2319.00 3335.00  83.00   0.00   0.00   0.00 1720.00
2302.00   9.00 417.00  25.00   0.00 815.00   0.00 977.00
605.00 1908.00 226.00 148.00 4227.00 4227.00   0.00 702.00
>MA1497.1 HOXA6
1275.00 1337.00  87.00 7201.00 7201.00   0.00 1911.00 7201.00 2700.00 1234.00
1595.00 1725.00 2967.00 3768.00 745.00   0.00 233.00  94.00 1377.00 2457.00
2728.00 7201.00 100.00 833.00 908.00   0.00 553.00 502.00 1632.00 2020.00
1603.00 1605.00 4234.00 1482.00  11.00 7201.00 7201.00 663.00 1492.00 1489.00
>MA1496.1 HOXA4
1089.00   0.00 893.00 2454.00   0.00   0.00 2454.00 636.00
397.00 967.00 1561.00   0.00   0.00 173.00 146.00 593.00
1365.00   0.00 176.00 684.00  39.00 171.00 260.00 840.00
 94.00 2454.00   0.00   0.00 2454.00 2454.00   0.00 385.00
>MA1495.1 HOXA1
1167.00   0.00 7406.00 7406.00   0.00   0.00 7406.00 1175.00
2244.00 1546.00 2083.00   0.00   0.00 1310.00   0.00 2811.00
2667.00   0.00 1244.00   0.00   0.00 2265.00 1576.00 2237.00
1328.00 7406.00   0.00   0.00 7406.00 7406.00   0.00 1182.00
>MA0048.2 NHLH1
788.00 461.00   3.00 2166.00   0.00  96.00   0.00   2.00 296.00 308.00
2166.00 179.00 2166.00   3.00 301.00 2166.00   4.00   4.00 2166.00 736.00
181.00 2166.00   0.00   1.00 2166.00 124.00   4.00 2166.00 102.00 2166.00
111.00 142.00   0.00   0.00 114.00   0.00 2166.00   1.00 350.00 1489.00
>MA1504.1 HOXC4
2731.00 188.00 3607.00 8759.00   0.00   0.00 8759.00 2776.00
1867.00 3111.00 5152.00   0.00   0.00   0.00   0.00 1679.00
2809.00   0.00   0.00 583.00   0.00   0.00 825.00 2713.00
1353.00 8759.00   0.00   0.00 8759.00 8759.00   0.00 1592.00
>MA1503.1 HOXB9
622.00   0.00   0.00 644.00   0.00 1842.00 1842.00 1842.00 1842.00 417.00
280.00  43.00 1842.00   6.00   0.00  12.00   0.00  42.00 295.00 458.00
1842.00   0.00   0.00 1842.00   1.00   3.00   0.00   0.00 201.00 261.00
  2.00 1842.00   0.00   0.00 1842.00 462.00   0.00  17.00 486.00 706.00
>MA0715.1 PROP1
 63.00 575.00 575.00  41.00  28.00 183.00 575.00 575.00   2.00  13.00 575.00
 12.00   0.00   0.00  39.00 209.00  57.00  38.00   3.00   0.00  18.00   0.00
 10.00   0.00   2.00  18.00  20.00  78.00   0.00  46.00   0.00   6.00  15.00
575.00  11.00   0.00 575.00 367.00 258.00  33.00   6.00 575.00 575.00  47.00
>MA0714.1 PITX3
1626.00 1602.00 493.00 6253.00 6253.00 262.00 318.00 227.00 1138.00
1924.00 2899.00  51.00  32.00   0.00 138.00 6253.00 6253.00 2950.00
1634.00 806.00   9.00 260.00  15.00 1101.00 166.00 239.00 970.00
1069.00 3354.00 6253.00 158.00   0.00 6253.00 236.00 968.00 1195.00
>MA0717.1 RAX2
5334.00 3558.00 38860.00 38860.00 270.00 2167.00 38860.00 13411.00
15810.00 19645.00 3060.00 1523.00 738.00 4232.00 2644.00 7487.00
7049.00 1688.00 4490.00 757.00 125.00 2513.00 360.00 12362.00
10666.00 19215.00 2421.00 1030.00 38860.00 38860.00 4258.00 5601.00
>MA0716.1 PRRX1
4132.00 2373.00 23897.00 23897.00   0.00 1264.00 23897.00 9498.00
9063.00 11122.00 1088.00 503.00   3.00 2302.00 644.00 4269.00
4339.00 1121.00 1776.00 202.00   0.00 1004.00 136.00 6366.00
6364.00 12775.00 810.00 209.00 23897.00 23897.00 1229.00 3765.00
>MA0711.1 OTX1
5118.00 745.00 23441.00 23441.00 243.00 647.00 789.00 1873.00
6501.00  90.00   0.00   0.00   0.00 23441.00 23441.00 6182.00
3186.00   0.00 254.00   0.00 3160.00 659.00 8662.00 10599.00
8636.00 23441.00 544.00   0.00 23441.00 378.00 3363.00 4787.00
>MA0713.1 PHOX2A
2164.00 11434.00 11434.00 1362.00 639.00 1262.00 11434.00 11434.00   0.00 1135.00 11434.00
1240.00 225.00   0.00 4424.00 5304.00 4580.00 717.00 199.00  10.00 778.00 229.00
497.00 1539.00  34.00 629.00 2300.00 806.00 1896.00 309.00   2.00  81.00 816.00
11434.00 1001.00   5.00 11434.00 6130.00 6855.00 437.00 132.00 11434.00 11434.00 1657.00
>MA0132.2 PDX1
1483.00 292.00 4839.00 7130.00   0.00   0.00 7130.00 2181.00
2206.00 2469.00 2291.00  45.00   0.00   0.00   0.00 1216.00
2441.00   0.00 185.00   0.00   0.00   0.00   0.00 2881.00
999.00 4661.00  78.00   0.00 7130.00 7130.00   0.00 852.00
>MA1648.1 TCF12(var.2)
13014.00 14835.00 955.00 52529.00 744.00 1913.00 1380.00 2819.00 1089.00 13867.00 11414.00
19393.00 17594.00 57848.00 2007.00 55598.00 55765.00 3886.00 2088.00 55061.00 17603.00 18154.00
16996.00 18560.00 1186.00 5607.00 3780.00 3536.00 2625.00 55922.00 2314.00 14293.00 20060.00
12473.00 10887.00 1887.00 1733.00 1754.00 662.00 53985.00 1047.00 3412.00 16113.00 12248.00
>MA0719.1 RHOXF1
3224.00 2837.00 5543.00 10916.00   0.00   0.00   0.00 3223.00
2644.00   0.00   0.00   0.00   0.00 10916.00 10916.00 3453.00
1855.00 478.00 5373.00   0.00 3540.00   0.00   0.00 2117.00
3193.00 10916.00 1367.00   0.00 7376.00   0.00 2275.00 2123.00
>MA0718.1 RAX
775.00 339.00 214.00 2412.00 2412.00 123.00  71.00 2412.00 1051.00 539.00
370.00 961.00 1281.00  17.00  38.00   0.00  71.00   0.00 284.00 838.00
921.00 419.00  25.00   3.00  12.00   0.00  49.00  20.00 701.00 383.00
347.00 693.00 1131.00  40.00  24.00 2412.00 2412.00 126.00 375.00 652.00
>MA0258.2 ESR2
5410.00 429.00  59.00  74.00   0.00 8098.00 502.00 2092.00 1808.00 1602.00 1121.00 3278.00 434.00 1111.00 834.00
 96.00   0.00   0.00 147.00 7621.00   1.00 4202.00 3235.00 2510.00 975.00 398.00 2056.00 6469.00 5854.00 2708.00
2563.00 7170.00 8143.00 989.00 533.00  57.00 2738.00 1688.00 2173.00 533.00 6658.00 1391.00 363.00   0.00 606.00
174.00 644.00  41.00 7033.00  89.00  87.00 801.00 1228.00 1752.00 5133.00  66.00 1518.00 977.00 1278.00 4095.00
>MA0076.2 ELK4
298.00 391.00 2034.00   0.00   8.00   0.00   0.00   0.00   0.00   0.00 290.00
1458.00 1905.00 145.00 2688.00   0.00   0.00 3427.00 3427.00   0.00 501.00 1253.00
886.00 570.00 1038.00  16.00   0.00   0.00   0.00   0.00 2915.00 2843.00 668.00
785.00 561.00 210.00 723.00 3419.00 3427.00   0.00   0.00 512.00  83.00 1216.00
>MA0784.1 POU1F1
1211.00 1128.00 276.00 2128.00  45.00  28.00  98.00 1267.00 2128.00 2128.00  76.00 222.00 2128.00 736.00
247.00 123.00  83.00  14.00  74.00  11.00 2128.00  12.00  11.00  10.00  37.00 241.00 174.00 479.00
273.00 187.00 108.00  32.00  26.00 2128.00 164.00   7.00  82.00   0.00  40.00 840.00 194.00 2128.00
397.00 1000.00 2128.00  19.00 2128.00 176.00 536.00 861.00  85.00   3.00 2128.00 1287.00 273.00 547.00
>MA0810.1 TFAP2A(var.2)
678.00 838.00  15.00   0.00  10.00 197.00 1324.00 1697.00 191.00   5.00 101.00 1922.00
1183.00 1906.00 4006.00 4006.00 2812.00 1653.00 1439.00 407.00  34.00 788.00 4006.00 434.00
173.00 4006.00 229.00  10.00 221.00 831.00 1054.00 1873.00 4006.00 4006.00 468.00 979.00
1971.00 147.00   0.00  33.00 963.00 1324.00 189.00  28.00   0.00  10.00 226.00 671.00
>MA0805.1 TBX1
11931.00 1560.00   0.00  28.00   0.00 142.00 141.00 11931.00
113.00 711.00   0.00 214.00   5.00 613.00 720.00  33.00
1007.00 11931.00 11931.00 141.00 11931.00 109.00 11931.00  18.00
564.00 669.00   0.00 11931.00   0.00 11931.00 1039.00   0.00
>MA0806.1 TBX4
18646.00 3082.00  38.00   0.00   0.00 1551.00 1355.00 18646.00
437.00 2328.00 189.00 1644.00   0.00 2859.00 5396.00 588.00
2353.00 18646.00 18646.00 191.00 18646.00 304.00 18646.00 1733.00
1283.00 1162.00  33.00 18646.00   0.00 18646.00 8384.00 965.00
>MA0807.1 TBX5
1804.00 235.00   0.00  45.00  27.00 162.00 126.00 1804.00
 89.00 190.00   0.00 131.00   0.00 225.00 616.00  76.00
409.00 1804.00 1804.00 166.00 1804.00 201.00 1804.00 343.00
207.00 133.00  28.00 1804.00   0.00 1804.00 915.00 283.00
>MA0808.1 TEAD3
12530.00 2524.00 21444.00   0.00 4566.00   0.00   0.00 21444.00
 66.00 18920.00   0.00   0.00  23.00 21444.00 21444.00 1039.00
8913.00 441.00   0.00   0.00 969.00   0.00   0.00 8654.00
1109.00   0.00   0.00 21444.00 16878.00   0.00   4.00 13663.00
>MA0801.1 MGA
30489.00 4310.00  16.00  12.00  14.00 1042.00 689.00 30489.00
1151.00 3737.00 509.00 3534.00   1.00 3089.00 1753.00 110.00
8873.00 30489.00 30489.00  96.00 30489.00 381.00 30489.00 920.00
4160.00 1929.00 104.00 30489.00  11.00 30489.00 6465.00 274.00
>MA0802.1 TBR1
34509.00 6880.00  70.00  39.00   0.00 2386.00 1175.00 34509.00 25869.00 18507.00
359.00 3255.00 254.00 1759.00   6.00 4742.00 2551.00  90.00 2575.00 5619.00
3329.00 34509.00 34509.00  88.00 34509.00 157.00 34509.00 584.00 1488.00 4537.00
1433.00 4480.00 213.00 34509.00   4.00 34509.00 7001.00 205.00 4576.00 5846.00
>MA0803.1 TBX15
10502.00 458.00  19.00  61.00   0.00 140.00  44.00 10502.00
 74.00 101.00   7.00 175.00   8.00 435.00 454.00  71.00
664.00 10502.00 10502.00 245.00 10502.00 324.00 10502.00 306.00
112.00 103.00   0.00 10502.00   0.00 10502.00 937.00  96.00
>MA0804.1 TBX19
10247.00 7363.00 343.00 13892.00 23300.00  76.00 31154.00 2675.00 7973.00 5455.00 29962.00 5373.00 8127.00  82.00 278.00 2765.00 2535.00 31606.00 19937.00 16038.00
5394.00 4213.00 1043.00 24809.00 456.00 31489.00  50.00 29630.00 15621.00 4319.00 1692.00 7005.00 1730.00 2983.00  20.00 12022.00 6135.00 111.00 4953.00 5961.00
7955.00 7813.00 221.00 9198.00 12031.00  96.00 1899.00 1507.00 7432.00 2831.00 4295.00 19801.00 43953.00 265.00 48757.00 694.00 39866.00 858.00 4529.00 5924.00
15259.00 21130.00 44289.00 2402.00 1889.00 228.00  27.00 5303.00 4383.00 40120.00 4116.00 8983.00 3921.00 43499.00 128.00 26200.00 13125.00 235.00 5442.00 8228.00
>MA0163.1 PLAG1
  0.00   3.00   0.00   0.00   0.00   0.00   4.00  12.00  11.00   2.00   0.00   0.00   0.00   2.00
  0.00   0.00   0.00   0.00  14.00  15.00  10.00   0.00   5.00   0.00   0.00   0.00   0.00   0.00
 18.00  14.00  18.00  17.00   4.00   1.00   1.00   0.00   2.00  14.00  18.00  18.00  16.00  16.00
  0.00   1.00   0.00   1.00   0.00   2.00   3.00   6.00   0.00   2.00   0.00   0.00   2.00   0.00
>MA0501.1 MAF::NFE2
726.00   0.00   0.00 1090.00  16.00 110.00  80.00 978.00   8.00   0.00 931.00 383.00 361.00 292.00 211.00
 26.00   0.00   0.00   0.00 871.00   1.00 937.00   0.00   4.00 1063.00  17.00 203.00 100.00 102.00 283.00
334.00   0.00 1082.00   0.00 166.00  12.00  22.00  51.00 1041.00  22.00  73.00 283.00 130.00  91.00 106.00
  4.00 1090.00   8.00   0.00  37.00 967.00  51.00  61.00  37.00   5.00  69.00 221.00 499.00 605.00 490.00
>MA0504.1 NR2C2
129.00  82.00 193.00   0.00  10.00   3.00   6.00 343.00 187.00 324.00  10.00  11.00   0.00   9.00 290.00
126.00  70.00   6.00   8.00   3.00   0.00 309.00   0.00   0.00   0.00   0.00   0.00  27.00 315.00   0.00
 90.00 221.00 195.00 366.00 355.00  79.00  54.00  48.00 208.00  71.00 385.00 336.00  89.00  35.00  92.00
 50.00  22.00   1.00  21.00  27.00 313.00  26.00   4.00   0.00   0.00   0.00  48.00 279.00  36.00  13.00
>MA0506.1 NRF1
602.00 623.00 196.00   0.00 1514.00   0.00   0.00   0.00   0.00  74.00 2245.00
375.00 4001.00 189.00 4016.00 1862.00 403.00   0.00 4338.00 349.00 4550.00 804.00
3647.00   0.00 4239.00 468.00 935.00 528.00 4624.00   0.00 4275.00   0.00 1575.00
  0.00   0.00   0.00 140.00 313.00 3693.00   0.00 286.00   0.00   0.00   0.00
>MA0507.1 POU2F2
415.00 530.00 605.00 2016.00   0.00 256.00   0.00 158.00   0.00 2257.00   0.00 1159.00 594.00
635.00 266.00 825.00  19.00   0.00   2.00   0.00   0.00 2271.00  30.00   2.00  39.00 361.00
402.00 593.00 415.00   1.00   0.00   0.00   0.00 1997.00   0.00   0.00   0.00 613.00 107.00
835.00 898.00 442.00 251.00 2287.00 2029.00 2287.00 132.00  16.00   0.00 2285.00 476.00 1225.00
>MA0107.1 RELA
  0.00   0.00   0.00  11.00  10.00   2.00   0.00   0.00   0.00   0.00
  4.00   0.00   0.00   0.00   3.00   0.00   0.00   2.00  18.00  18.00
 11.00  17.00  18.00   7.00   4.00   0.00   0.00   0.00   0.00   0.00
  3.00   1.00   0.00   0.00   1.00  16.00  18.00  16.00   0.00   0.00
>MA0479.1 FOXH1
939.00 1578.00 973.00 8211.00 7547.00   0.00 2374.00 1414.00 8211.00   0.00 7138.00
2840.00 2333.00 3261.00   0.00   0.00   0.00 5773.00 6797.00   0.00 8211.00   0.00
1490.00 2137.00 3156.00   0.00 229.00   0.00   0.00   0.00   0.00   0.00   0.00
2942.00 2163.00 821.00   0.00 435.00 8211.00  64.00   0.00   0.00   0.00 1073.00
>MA1150.1 RORB
785.00 526.00 233.00  53.00 602.00  16.00  32.00  28.00  47.00 896.00 205.00
 14.00  26.00 162.00 165.00  14.00  25.00  13.00 146.00 781.00  15.00 326.00
 29.00  24.00 201.00 235.00 358.00 907.00 928.00  50.00  17.00  63.00 145.00
172.00 425.00 403.00 547.00  26.00  52.00  27.00 776.00 155.00  26.00 324.00
>MA1106.1 HIF1A
197.00 105.00 976.00   0.00   1.00   2.00  84.00  88.00 206.00 164.00
229.00 270.00   0.00 979.00   0.00  33.00  41.00 837.00 290.00 315.00
414.00 263.00   2.00   0.00 979.00  11.00 844.00  20.00 257.00 271.00
140.00 342.00   2.00   1.00   0.00 934.00  11.00  35.00 227.00 230.00
>MA0147.3 MYC
1038.00 1019.00 438.00  44.00 4600.00  54.00 169.00  59.00  23.00 419.00 961.00 755.00
1345.00 1287.00 3746.00 4840.00  59.00 4525.00 157.00 162.00  56.00 2801.00 1524.00 1785.00
1649.00 1757.00 472.00  31.00 170.00  70.00 4578.00  63.00 4817.00 1198.00 1036.00 1348.00
910.00 879.00 286.00  27.00 113.00 293.00  38.00 4658.00  46.00 524.00 1421.00 1054.00
>MA0002.1 RUNX1
 10.00  12.00   4.00   1.00   2.00   2.00   0.00   0.00   0.00   8.00  13.00
  2.00   2.00   7.00   1.00   0.00   8.00   0.00   0.00   1.00   2.00   2.00
  3.00   1.00   1.00   0.00  23.00   0.00  26.00  26.00   0.00   0.00   4.00
 11.00  11.00  14.00  24.00   1.00  16.00   0.00   0.00  25.00  16.00   7.00
>MA1146.1 NR1H4::RXRA
223.00 653.00  29.00  22.00  24.00  11.00 720.00 144.00  23.00 108.00 763.00 134.00 113.00  25.00  95.00
172.00  55.00  15.00   9.00  49.00 875.00  13.00 121.00  92.00 102.00 112.00 773.00 798.00 383.00 313.00
451.00 280.00 937.00 646.00 101.00  13.00 249.00  75.00  48.00 753.00  78.00   9.00  38.00  71.00 212.00
154.00  11.00  19.00 324.00 826.00 100.00  17.00 660.00 838.00  37.00  48.00  83.00  51.00 521.00 380.00
>MA0066.1 PPARG
  3.00   3.00  19.00   0.00   1.00   0.00   2.00  26.00   5.00   5.00   4.00   1.00   2.00  22.00   1.00   0.00   3.00  22.00   5.00   7.00
  8.00   0.00   0.00   1.00   0.00   1.00  23.00   1.00  15.00   7.00   2.00   0.00   5.00   5.00  27.00  25.00  12.00   5.00  12.00   0.00
 14.00   0.00   9.00  27.00  26.00   4.00   3.00   0.00   4.00  10.00  18.00   2.00  20.00   0.00   0.00   0.00   0.00   0.00   6.00   1.00
  3.00  25.00   0.00   0.00   1.00  23.00   0.00   1.00   4.00   6.00   4.00  25.00   1.00   1.00   0.00   3.00  13.00   1.00   5.00  20.00
>MA0027.2 EN1
427.00 104.00 2891.00 2891.00   0.00  57.00 2891.00 689.00
1174.00 1328.00  99.00  28.00   0.00 483.00   0.00 683.00
765.00   5.00  71.00   0.00   0.00 162.00  30.00 1216.00
525.00 1562.00   0.00   0.00 2891.00 2891.00 132.00 302.00
>MA0906.1 HOXC12
1450.00 1260.00  11.00 199.00 376.00   0.00 4297.00 4297.00 4297.00 4297.00 1442.00
259.00 708.00  68.00 4297.00   2.00   2.00  14.00   0.00  13.00 636.00 1139.00
2172.00 4297.00   2.00  12.00 4297.00   1.00   5.00   2.00   0.00 269.00 372.00
417.00   1.00 4297.00 163.00   0.00 4297.00 553.00  25.00  29.00 515.00 1344.00
>MA0907.1 HOXC13
165.00  44.00   4.00  26.00 251.00   0.00 1257.00 1257.00 1257.00 1257.00 389.00
288.00 1257.00  21.00 1257.00   4.00   0.00   1.00   4.00   0.00 173.00 358.00
495.00  58.00   5.00  10.00 1257.00   5.00   2.00   2.00   0.00  89.00 147.00
309.00  13.00 1257.00 132.00   4.00 1257.00 165.00   8.00   1.00 205.00 362.00
>MA1544.1 OVOL1
6192.00 9556.00 8031.00 15006.00   0.00   0.00   1.00   0.00   0.00 15006.00 951.00 3355.00 1613.00 2923.00
2530.00 505.00 793.00 389.00 15006.00 15006.00   0.00   0.00   0.00   9.00 5767.00 3695.00 6591.00 3936.00
3015.00 5450.00 3334.00   0.00   0.00   0.00 15006.00   4.00   0.00   0.00 2465.00 3415.00 522.00 4872.00
3269.00 4724.00 6974.00 2100.00   0.00   0.00   4.00 15006.00 15006.00   0.00 15006.00 4541.00 8415.00 3275.00
>MA1538.1 NR2F1(var.3)
1651.00 2466.00  44.00  75.00  22.00  20.00 2473.00 813.00   0.00  81.00 3515.00   0.00 131.00  57.00 308.00
280.00  75.00 121.00  45.00  87.00 3515.00  58.00 855.00  89.00  15.00  95.00 3515.00 3515.00 949.00 1177.00
1271.00 1049.00 3515.00 3515.00 232.00  58.00 1041.00 858.00  52.00 3515.00   0.00   1.00  75.00  32.00 205.00
312.00  79.00 356.00  67.00 3515.00 171.00   4.00 990.00 3515.00  12.00   0.00  45.00  50.00 2566.00 1825.00
>MA1537.1 NR2F1(var.2)
12164.00 20462.00 317.00 468.00   8.00  10.00 33956.00 33956.00 33956.00  13.00 242.00  21.00  37.00 33956.00 9117.00
4591.00 436.00 122.00  42.00 465.00 33956.00   6.00 228.00  48.00   0.00   0.00 751.00 33956.00 279.00 9477.00
13408.00 13494.00 33956.00 33956.00 1340.00 641.00 606.00 3361.00 2542.00 33956.00 33956.00 1854.00 1543.00 6237.00 7332.00
3792.00 280.00 767.00 744.00 33956.00 2239.00  19.00 2711.00  41.00  59.00 494.00 33956.00 4148.00 720.00 8029.00
>MA1536.1 NR2C2(var.2)
6236.00 10232.00   0.00   0.00   0.00   0.00 18628.00 5065.00
3111.00 719.00 236.00   0.00   0.00 18628.00   0.00 4757.00
6420.00 8395.00 18628.00 18628.00 1588.00 1643.00 6639.00 3684.00
2861.00   0.00 1341.00 4790.00 18628.00 4406.00   0.00 5122.00
>MA1535.1 NR2C1
2552.00 4035.00 4866.00   0.00   0.00   0.00   0.00 9622.00 2298.00
2848.00 1225.00 227.00   0.00   0.00   0.00 9622.00   0.00 2786.00
1997.00 5587.00 4756.00 9622.00 9622.00 271.00 321.00 1716.00 2039.00
2225.00 1316.00  55.00 297.00   0.00 9622.00   0.00   0.00 2499.00
>MA1542.1 OSR1
1028.00 448.00   0.00   4.00 4890.00  10.00   0.00  62.00 407.00 1102.00
1302.00 235.00 4890.00  99.00  83.00 4890.00 2103.00   4.00 612.00 545.00
717.00 4890.00   0.00   0.00  38.00   0.00   5.00 4890.00 504.00 1512.00
1843.00  17.00  18.00 4890.00 444.00   0.00 2787.00  24.00 4890.00 1731.00
>MA1541.1 NR6A1
171.00 255.00 124.00 896.00 896.00  13.00  19.00   1.00   7.00 896.00 896.00  21.00  29.00  91.00  39.00 896.00 282.00
197.00 473.00 896.00   4.00  91.00   9.00  12.00  74.00 896.00   0.00  96.00  15.00  11.00 185.00 896.00  20.00 177.00
313.00 348.00 342.00  44.00  72.00 896.00 443.00  26.00  29.00   2.00  35.00 896.00 524.00 355.00 109.00 359.00 207.00
216.00 896.00 132.00  11.00  51.00  62.00 453.00 896.00  40.00  14.00  65.00  62.00 373.00 896.00 254.00  41.00 230.00
>MA1540.1 NR5A1
767.00 906.00  84.00 4118.00 4118.00   0.00   0.00 951.00  70.00 4118.00 849.00
991.00 1690.00 4118.00   0.00 128.00   0.00   0.00 2021.00 4118.00 242.00 1323.00
1268.00 902.00 716.00 287.00 137.00 4118.00 4118.00 381.00 218.00 1684.00 820.00
1093.00 2428.00 135.00   4.00 143.00  86.00   0.00 4118.00 651.00 287.00 1126.00
>MA1539.1 NR2F6(var.3)
6349.00 8959.00  31.00  38.00  26.00   4.00 9114.00 2492.00  66.00 387.00 11749.00 159.00  82.00  23.00 910.00
727.00  26.00   1.00  12.00  78.00 11749.00  39.00 3333.00 333.00 206.00 255.00 11749.00 11749.00 2844.00 3745.00
3736.00 2789.00 11749.00 11749.00 253.00 216.00 2634.00 2972.00  67.00 11749.00 107.00   0.00   9.00  26.00 718.00
937.00  20.00 124.00 145.00 11749.00 443.00  46.00 2952.00 11749.00   9.00   3.00  36.00  24.00 8905.00 6376.00
>MA0088.2 ZNF143
 87.00 949.00  21.00   2.00   0.00 1609.00   0.00 1295.00 1572.00   6.00  59.00   0.00 1503.00 345.00 102.00 382.00
509.00   0.00 1590.00 1609.00 1609.00   0.00 917.00 143.00   0.00   0.00  36.00 1609.00 153.00 1067.00 1138.00  21.00
153.00  13.00   1.00   0.00   0.00   4.00  61.00 310.00  67.00   1.00 1553.00   0.00   3.00  15.00  13.00 1518.00
1285.00 652.00   1.00   0.00   0.00   3.00 686.00   0.00   1.00 1609.00   9.00   0.00  27.00 1080.00 1199.00 120.00
>MA0751.1 ZIC4
578.00 3013.00 315.00 209.00 614.00   8.00 114.00  24.00 1095.00  24.00 1052.00 258.00 704.00  74.00 1083.00
934.00 812.00 2870.00 2890.00 2757.00 2999.00 2985.00 2222.00  68.00 2279.00 865.00  18.00 1044.00 452.00 1224.00
4126.00 1553.00  52.00 121.00 225.00   0.00   0.00   6.00 4795.00 252.00 1903.00 5086.00 599.00 4522.00 363.00
1887.00  21.00  98.00 147.00 275.00   1.00  11.00 1078.00  69.00 1017.00 3488.00  67.00 1454.00 1156.00 916.00
>MA0046.2 HNF1A
5209.00 6981.00 376.00 2914.00 14149.00 14149.00 1274.00 3340.00 14149.00 711.00  42.00 14149.00 14149.00 1488.00 3972.00
2441.00 415.00 1060.00 2170.00   3.00 633.00 423.00 3750.00   9.00  13.00 228.00 237.00 695.00 14149.00 3427.00
3490.00 7168.00 903.00 544.00 246.00   8.00   7.00 4540.00 339.00 845.00   4.00 1337.00 1095.00 655.00 2275.00
3009.00 636.00 14149.00 14149.00  14.00 364.00 14149.00 2518.00 651.00 14149.00 14149.00 1638.00 174.00 914.00 4475.00
>MA0649.1 HEY2
107.00 651.00  84.00 1800.00   7.00  27.00  36.00   0.00  50.00 285.00
 99.00 305.00 1800.00   0.00 1800.00  72.00 120.00  34.00 1047.00 869.00
1800.00 620.00  83.00 128.00   0.00 1800.00   0.00 1800.00 128.00 382.00
101.00 224.00  58.00   0.00   0.00   0.00 1800.00  30.00 753.00 264.00
>MA0131.2 HINFP
 23.00 285.00 276.00   1.00   0.00   0.00   0.00   0.00   0.00   1.00  85.00  77.00
340.00 131.00  45.00 388.00  14.00   0.00 404.00 413.00  31.00 395.00  55.00  84.00
106.00 113.00 217.00  97.00 484.00   0.00  13.00   0.00 472.00  15.00 188.00 154.00
100.00  53.00  17.00   7.00  10.00 470.00   0.00   3.00  21.00  12.00  97.00 107.00
>MA0647.1 GRHL1
1345.00 2491.00 2491.00 2491.00   0.00 371.00 332.00   0.00  76.00 127.00 761.00 685.00
472.00 109.00   3.00   1.00 2491.00 2491.00  52.00   1.00   4.00 186.00 537.00 289.00
247.00 409.00 112.00   7.00   0.00  51.00 2491.00 2491.00   2.00  12.00 244.00 655.00
427.00 418.00  62.00  28.00   0.00 221.00 200.00   0.00 2491.00 2491.00 2491.00 862.00
>MA0648.1 GSC
1249.00 955.00   0.00 6081.00 6081.00   0.00 416.00 315.00 836.00 1097.00
1912.00 2885.00  54.00  71.00   0.00  25.00 6081.00 6081.00 2398.00 2197.00
2039.00 553.00   0.00 176.00   0.00 144.00 452.00 828.00 1732.00 619.00
882.00 1688.00 6081.00  89.00   0.00 6081.00 787.00 1099.00 1115.00 2168.00
>MA0747.1 SP8
 52.00  54.00  25.00 133.00   7.00  25.00   5.00   2.00   0.00  90.00  13.00  31.00
 27.00 113.00 167.00  33.00 167.00  37.00 167.00 167.00 167.00  77.00 167.00  52.00
 78.00   0.00   0.00   1.00   1.00 167.00   6.00   3.00   4.00   6.00  21.00   1.00
 10.00   4.00  13.00   2.00   5.00  39.00   2.00   0.00  15.00   3.00  39.00  82.00
>MA0651.1 HOXC11
683.00 1040.00  38.00  57.00 569.00  12.00 1784.00 2460.00 2460.00 2460.00 707.00
260.00 479.00  41.00 2460.00   0.00   0.00   6.00   0.00  43.00 431.00 628.00
1110.00 2460.00  22.00  12.00 2460.00   0.00  25.00   0.00  17.00 279.00 384.00
406.00   0.00 2460.00  98.00   0.00 2460.00 676.00  42.00  22.00 776.00 741.00
>MA0749.1 ZBED1
1153.00 441.00 3841.00   6.00   0.00 127.00   4.00   4.00 5326.00   6.00 5276.00 118.00 3123.00
2613.00  22.00  15.00   8.00 5373.00   3.00 5357.00   4.00   9.00 4330.00  11.00 273.00 270.00
591.00  56.00 2065.00   0.00   6.00 5979.00   0.00 6013.00  12.00   0.00  10.00 635.00 1876.00
711.00 5321.00   8.00 5510.00  18.00   2.00 110.00   0.00   0.00 865.00 144.00 5055.00 608.00
>MA0609.2 CREM
3865.00 3966.00 5881.00 2936.00 559.00 434.00 15694.00 517.00 1582.00 400.00 672.00 15228.00 789.00 3757.00 3582.00 3801.00
4230.00 5521.00 2908.00 2159.00 730.00 1038.00 313.00 14031.00 901.00 622.00 14883.00 508.00 11146.00 4473.00 3957.00 5132.00
5132.00 3956.00 4474.00 11144.00 506.00 14883.00 619.00 897.00 14026.00 314.00 1039.00 730.00 2156.00 2910.00 5523.00 4230.00
3800.00 3584.00 3764.00 788.00 15232.00 672.00 401.00 1582.00 518.00 15691.00 433.00 561.00 2936.00 5887.00 3965.00 3864.00
>MA0466.2 CEBPB
10585.00  33.00  17.00 10930.00 393.00 3521.00 2527.00 22732.00 22732.00 155.00
5007.00  34.00  14.00  34.00 22732.00 555.00 22732.00 636.00   9.00 10617.00
6282.00   8.00 2276.00 11803.00 221.00 22732.00   3.00   9.00   0.00 940.00
859.00 22732.00 22732.00 2237.00 2217.00 486.00 2135.00   0.00   9.00 12116.00
>MA0837.1 CEBPE
1785.00  28.00  21.00 1819.00 119.00 764.00 626.00 3974.00 3974.00  55.00
904.00  50.00   9.00   7.00 3974.00 174.00 3974.00 200.00   0.00 1850.00
1079.00  15.00 544.00 2155.00  75.00 3974.00  13.00   0.00   0.00 208.00
206.00 3974.00 3974.00 478.00 574.00 141.00 459.00   4.00   4.00 2124.00
>MA0838.1 CEBPG
12768.00 183.00  46.00 8599.00 114.00 1390.00 534.00 20742.00 20742.00 159.00
2441.00  99.00  18.00   2.00 20742.00 184.00 20742.00   0.00   0.00 8886.00
5249.00 213.00 904.00 12143.00  30.00 20742.00  44.00  45.00  23.00 347.00
284.00 20742.00 20742.00 292.00 449.00 381.00 1129.00  16.00  46.00 11855.00
>MA0839.1 CREB3L1
247.00  38.00  20.00  61.00   3.00 671.00   0.00  21.00   7.00 121.00 671.00  60.00  76.00 671.00
143.00 159.00   3.00 671.00 671.00   0.00 671.00   3.00   0.00 671.00  33.00 186.00 671.00  65.00
181.00  29.00 671.00   0.00   0.00   3.00   3.00 671.00   3.00  40.00  72.00 125.00  64.00 167.00
100.00 671.00  18.00   2.00   5.00   0.00   0.00   0.00 671.00  10.00  39.00 300.00  79.00 127.00
>MA0841.1 NFE2
5589.00 18831.00   2.00   0.00 18831.00  37.00   0.00   1.00 18831.00   0.00 487.00
7208.00   9.00   8.00   0.00  11.00 14360.00  20.00 18831.00  13.00 2689.00 9860.00
5303.00 1306.00   0.00 18831.00   0.00 4472.00   3.00   0.00   8.00  10.00 5067.00
731.00   5.00 18831.00   2.00   4.00  17.00 18831.00   3.00   5.00 18831.00 3417.00
>MA0889.1 GBX1
10001.00 1674.00 243.00 27339.00 27339.00  45.00 312.00 27339.00 5720.00 3526.00
6727.00 14978.00 13543.00 589.00 172.00 128.00 438.00  50.00 6377.00 11717.00
7838.00 6964.00  15.00 758.00  29.00   1.00 246.00   8.00 12203.00 5441.00
2774.00 3723.00 13796.00 157.00  23.00 27339.00 27339.00 321.00 3039.00 6655.00
>MA0888.1 EVX2
4411.00 5143.00 2541.00 10108.00 20419.00   5.00 303.00 20419.00 4090.00 3778.00
5113.00 6306.00 5669.00 5018.00 156.00 166.00 863.00   0.00 4858.00 7715.00
7814.00 7041.00 969.00 4541.00 881.00 702.00 445.00 1559.00 7789.00 4997.00
3082.00 1929.00 20419.00 752.00   0.00 20419.00 20419.00 446.00 3682.00 3930.00
>MA0891.1 GSC2
461.00 356.00 116.00 2016.00 2016.00   0.00 255.00 182.00 205.00 509.00
686.00 839.00   0.00  87.00  11.00  41.00 2016.00 2016.00 668.00 814.00
442.00 190.00   0.00  56.00   0.00 145.00 179.00 422.00 698.00 168.00
427.00 630.00 2016.00 201.00 132.00 2016.00 204.00 439.00 444.00 525.00
>MA0890.1 GBX2
10334.00 3761.00 699.00 27366.00 27366.00   0.00 318.00 27366.00 8236.00 5389.00
5147.00 10517.00 15511.00 570.00 250.00  61.00 570.00  73.00 4502.00 9159.00
8145.00 8429.00 106.00 1113.00 114.00  65.00 673.00  30.00 10638.00 7075.00
3740.00 4658.00 11855.00 227.00  25.00 27366.00 27366.00 650.00 3991.00 5743.00
>MA0892.1 GSX1
331.00 164.00 124.00 781.00 1183.00  90.00 106.00 1183.00 448.00 350.00
391.00 535.00 450.00 402.00 106.00  79.00 106.00   0.00 249.00 305.00
209.00 258.00  48.00  60.00 123.00   3.00   0.00   9.00 313.00 214.00
252.00 226.00 733.00 177.00  50.00 1183.00 1183.00 103.00 173.00 315.00
>MA0895.1 HMBOX1
487.00 122.00  75.00 1231.00   2.00  26.00 237.00 1231.00 753.00 202.00
449.00 683.00  25.00   0.00  51.00   1.00  50.00   4.00 478.00 542.00
194.00 186.00  63.00 367.00 1231.00   5.00   8.00  17.00 130.00 370.00
101.00 547.00 1231.00  44.00   5.00 1231.00 1231.00 102.00 140.00 117.00
>MA0894.1 HESX1
831.00 879.00 187.00 4072.00 4072.00   0.00   0.00 1892.00 1245.00 801.00
753.00 1432.00   0.00   0.00   7.00   0.00  15.00  38.00 772.00 1601.00
1743.00 447.00  34.00  53.00   9.00  15.00   0.00 2180.00 1681.00 461.00
744.00 1313.00 4072.00  31.00   0.00 4072.00 4072.00  97.00 373.00 1209.00
>MA0051.1 IRF2
  0.00   2.00  12.00  11.00  12.00   2.00   0.00   0.00  12.00  12.00  12.00   0.00   0.00   5.00   6.00   6.00   5.00   3.00
  4.00   0.00   0.00   0.00   0.00   0.00   6.00   0.00   0.00   0.00   0.00   6.00   7.00   2.00   0.00   1.00   2.00   6.00
  7.00  10.00   0.00   0.00   0.00  10.00   0.00  12.00   0.00   0.00   0.00   6.00   2.00   3.00   2.00   1.00   1.00   1.00
  1.00   0.00   0.00   1.00   0.00   0.00   6.00   0.00   0.00   0.00   0.00   0.00   3.00   2.00   4.00   4.00   4.00   2.00
>MA0149.1 EWSR1-FLI1
  0.00   2.00 104.00 104.00   1.00   2.00 103.00 102.00   0.00   0.00  99.00 105.00   0.00   0.00 100.00 102.00   5.00   3.00
  0.00   0.00   0.00   0.00   0.00   0.00   0.00   0.00   0.00   2.00   4.00   0.00   0.00   2.00   3.00   0.00   0.00   3.00
105.00 103.00   1.00   1.00 104.00 102.00   2.00   3.00 104.00 103.00   2.00   0.00 105.00 103.00   0.00   2.00  97.00  97.00
  0.00   0.00   0.00   0.00   0.00   1.00   0.00   0.00   1.00   0.00   0.00   0.00   0.00   0.00   2.00   1.00   3.00   2.00
>MA0509.2 RFX1
3238.00 3485.00 429.00 132.00 486.00 1089.00 122.00  64.00 16567.00 2378.00 2058.00 2607.00 4511.00 9394.00
5591.00 2608.00 107.00 300.00 518.00 302.00 17171.00 6614.00 313.00 843.00 483.00 1564.00 5984.00 1917.00
3749.00 5166.00 17249.00 170.00 168.00 15836.00  99.00 103.00 773.00 2717.00 14464.00 12433.00 3569.00 3717.00
5414.00 6733.00 207.00 17390.00 16820.00 765.00 600.00 11211.00 339.00 12054.00 987.00 1388.00 3928.00 2964.00
>MA0508.3 PRDM1
8762.00 17153.00 1199.00 1283.00 2181.00 1813.00 1377.00 3549.00 1710.00 10522.00 10124.00
17788.00 12288.00 52752.00 467.00 1346.00 488.00 53465.00 1076.00 52821.00 13567.00 17518.00
6638.00 8768.00 701.00 826.00 1011.00 561.00 207.00 1390.00 290.00 4098.00 7861.00
22293.00 17272.00 829.00 52905.00 50943.00 52619.00 432.00 49466.00 660.00 27294.00 19978.00
>MA0627.2 POU2F3
17399.00 26660.00 8522.00 54550.00 1090.00 980.00 946.00 54915.00 51382.00 55302.00 5115.00 16288.00 18907.00
11383.00 6824.00 6885.00 194.00 322.00 251.00 50288.00  80.00 567.00 164.00 3478.00 10595.00 11936.00
10722.00 8770.00 3029.00 354.00 1251.00 51971.00 1079.00 138.00 804.00 233.00 4098.00 13237.00 7941.00
16525.00 13775.00 37593.00 931.00 53366.00 2827.00 3716.00 896.00 3276.00 330.00 43338.00 15909.00 17245.00
>MA0782.2 PKNOX1
9811.00 10245.00 5222.00 1654.00 36759.00 2325.00 1140.00 555.00 36374.00 651.00 33982.00 2745.00 8452.00 8617.00 10522.00
9503.00 9828.00 1625.00 1160.00 678.00 4123.00 878.00 1004.00 410.00 37846.00 944.00 4759.00 16341.00 9386.00 9268.00
9599.00 9535.00 3322.00 36106.00 1330.00 26182.00 1027.00 37713.00 2459.00 580.00 2408.00 27367.00 9128.00 9060.00 10296.00
11050.00 10355.00 29794.00 1043.00 1196.00 7333.00 36918.00 691.00 720.00 886.00 2629.00 5092.00 6042.00 12900.00 9877.00
>MA0681.2 PHOX2B
18530.00 19443.00 10344.00 42696.00 51239.00 1742.00 2451.00 43074.00 48550.00 50675.00 921.00 4103.00 42869.00 16088.00 20366.00 18565.00
7301.00 7036.00 2748.00 1935.00 496.00 615.00 36619.00 1895.00 1453.00 451.00 329.00 1923.00 1936.00 4909.00 8280.00 7409.00
8172.00 6744.00 2542.00 2289.00 508.00 467.00 1873.00 588.00 1418.00 761.00 372.00 1232.00 2155.00 5569.00 7630.00 6999.00
19233.00 20013.00 37602.00 6316.00 993.00 50412.00 12293.00 7679.00 1815.00 1349.00 51614.00 45978.00 6276.00 26670.00 16960.00 20263.00
>MA1113.2 PBX2
8363.00 8307.00 4925.00 26620.00 225.00 24368.00 27245.00 27259.00 704.00 2298.00 25945.00 6993.00 7897.00
5863.00 8859.00 19645.00 629.00 588.00 2266.00 574.00 754.00 453.00 23894.00 848.00 7057.00 7086.00
9625.00 3047.00 1585.00 1710.00 317.00 817.00 343.00 569.00 327.00 555.00 352.00 3952.00 5574.00
5745.00 9383.00 3441.00 637.00 28466.00 2145.00 1434.00 1014.00 28112.00 2849.00 2451.00 11594.00 9039.00
>MA0712.2 OTX2
42531.00 39166.00 37155.00 5435.00 2918.00 116411.00 765.00 1913.00 114798.00 30848.00 39802.00 36006.00
24445.00 17328.00 5322.00 827.00 1620.00 2220.00 598.00 1771.00 636.00 12347.00 25479.00 20623.00
22124.00 31825.00 55814.00 111741.00 113842.00 706.00 787.00 1407.00 1302.00 52479.00 27153.00 29814.00
31579.00 32360.00 22388.00 2676.00 2299.00 1342.00 118529.00 115588.00 3943.00 25005.00 28245.00 34236.00
>MA0679.2 ONECUT1
26518.00 28608.00 30060.00 37926.00 52146.00 60015.00 482.00 1345.00 59595.00 60870.00 225.00 48524.00 31039.00 25104.00 18744.00 19932.00
10013.00 8237.00 8478.00 7555.00 1011.00 358.00 294.00 60181.00 438.00 247.00 356.00 3451.00 10186.00 10401.00 10389.00 11847.00
11814.00 12368.00 9656.00 6149.00 7794.00 1166.00 241.00 278.00 1226.00 366.00 162.00 6072.00 7660.00 8008.00 10129.00 11206.00
13874.00 13006.00 14025.00 10589.00 1268.00 680.00 61202.00 415.00 960.00 736.00 61476.00 4172.00 13334.00 18706.00 22957.00 19234.00
>MA0095.2 YY1
1126.00 6975.00 6741.00 2506.00 7171.00   0.00  11.00  13.00 812.00 867.00 899.00 1332.00
4583.00   0.00  99.00 1117.00   0.00  12.00   0.00   0.00 5637.00 1681.00 875.00 4568.00
801.00 181.00 268.00 3282.00   0.00   0.00 7160.00 7158.00  38.00 2765.00 4655.00 391.00
661.00  15.00  63.00 266.00   0.00 7159.00   0.00   0.00 684.00 1858.00 742.00 880.00
>MA0684.2 RUNX3
7768.00 9558.00 19136.00 26243.00 427.00 495.00 6357.00 611.00 26121.00 16137.00 8778.00 6879.00
6083.00 5007.00 2662.00 315.00 26293.00 26208.00 419.00 26015.00 414.00 3077.00 5994.00 6900.00
6685.00 3547.00 3500.00 431.00 198.00 385.00 1911.00 390.00 338.00 4696.00 5642.00 6372.00
6841.00 9265.00 2079.00 388.00 459.00 289.00 18690.00 361.00 504.00 3467.00 6963.00 7226.00
>MA0798.2 RFX3
560.00 686.00 136.00  36.00 129.00 325.00  43.00  50.00 3961.00 316.00 293.00 376.00 1072.00 2244.00
1678.00 927.00  46.00  91.00 263.00 144.00 3940.00 2115.00 100.00 150.00  46.00 230.00 1641.00 432.00
966.00 1370.00 4093.00  78.00  78.00 3597.00  41.00  35.00 222.00 414.00 3881.00 3574.00 748.00 1117.00
1141.00 1362.00  70.00 4140.00 3875.00 279.00 321.00 2145.00  62.00 3465.00 125.00 165.00 884.00 552.00
>MA0524.2 TFAP2C
1289.00 878.00  70.00  24.00  37.00 516.00 2405.00 2216.00 163.00 111.00 254.00 3485.00
1427.00 1693.00 5834.00 5834.00 3594.00 2124.00 1450.00 341.00  12.00 742.00 5834.00 389.00
308.00 5834.00 621.00   9.00 384.00 1327.00 1702.00 3261.00 5834.00 5834.00 1172.00 1035.00
2810.00 139.00  51.00 121.00 1820.00 1867.00 277.00  17.00  16.00  37.00 599.00 925.00
>MA0815.1 TFAP2C(var.3)
532.00   0.00   0.00   0.00  17.00  89.00 365.00 1013.00 380.00   0.00   0.00   0.00 1282.00
350.00 659.00 2496.00 2408.00 2073.00 1001.00 913.00 362.00 110.00   0.00   0.00 2128.00 174.00
215.00 2379.00   0.00   0.00  95.00 404.00 924.00 984.00 2359.00 3082.00 3137.00 519.00 343.00
1466.00   0.00   0.00   0.00 330.00 1217.00 425.00  73.00  20.00   0.00   0.00   0.00 435.00
>MA0811.1 TFAP2B
716.00 672.00  23.00   1.00  11.00 209.00 1297.00 1274.00  83.00  37.00  92.00 1842.00
763.00 1006.00 3179.00 3179.00 2054.00 1199.00 815.00 213.00  17.00 417.00 3179.00 189.00
180.00 3179.00 261.00   0.00 152.00 679.00 888.00 1693.00 3179.00 3179.00 484.00 670.00
1520.00 102.00  23.00  34.00 963.00 1092.00 179.00   0.00   0.00  12.00 239.00 479.00
>MA0154.4 EBF1
14160.00 11403.00 2352.00 1321.00 568.00 648.00 2539.00 34745.00 3502.00 2617.00 1515.00 8856.00 31636.00 11229.00 11903.00
8868.00 9554.00 4506.00 34665.00 43256.00 42562.00 39675.00 1707.00 814.00 495.00 455.00 2462.00 6355.00 13299.00 10836.00
10891.00 13481.00 5497.00 1920.00 371.00 443.00 862.00 1723.00 38728.00 41651.00 42789.00 32761.00 4957.00 9855.00 9173.00
11506.00 10987.00 33070.00 7519.00 1230.00 1772.00 2349.00 7250.00 2381.00 662.00 666.00 1346.00 2477.00 11042.00 13513.00
>MA0813.1 TFAP2B(var.3)
306.00   0.00   0.00   0.00   5.00  32.00 147.00 583.00 292.00   0.00   0.00   0.00 650.00
153.00 329.00 924.00 871.00 774.00 469.00 345.00 200.00  53.00   0.00   0.00 897.00 106.00
 95.00 1063.00   0.00   0.00  22.00 132.00 392.00 367.00 837.00 1236.00 1346.00 163.00 179.00
751.00   0.00   0.00   0.00 136.00 571.00 384.00  41.00  11.00   0.00   0.00   0.00 226.00
>MA0812.1 TFAP2B(var.2)
1784.00  36.00   0.00   0.00  16.00 576.00 3480.00 235.00   6.00  47.00 1822.00
1412.00 609.00 4549.00 4549.00 1204.00 2126.00 608.00   4.00  10.00 4250.00 371.00
232.00 3940.00   4.00   1.00 612.00 1498.00 446.00 4549.00 4549.00 299.00 1149.00
1121.00  30.00   0.00 158.00 2716.00 348.00  14.00   2.00   1.00  25.00 1207.00
>MA0018.4 CREB1
21395.00 21088.00 28567.00 1911.00 1728.00 73505.00 2186.00 1417.00 8889.00 3533.00 75819.00 10287.00 22488.00
17829.00 15046.00 13032.00 970.00 2298.00 1748.00 14144.00 1895.00 1231.00 71982.00 1018.00 21582.00 21876.00
15570.00 21104.00 27796.00 1109.00 72555.00 2012.00 6339.00 74401.00 1207.00 2177.00 1222.00 14802.00 13550.00
24750.00 22306.00 10149.00 75554.00 2963.00 2279.00 56875.00 1831.00 68217.00 1852.00 1485.00 32873.00 21630.00
>MA0471.2 E2F6
7296.00 8379.00 9537.00 2110.00 266.00 3856.00 1173.00 338.00 354.00 29337.00 25725.00 8995.00 7616.00
8075.00 7405.00 5102.00 1148.00 837.00 26424.00 539.00 434.00 834.00 1171.00 1595.00 7410.00 8477.00
12358.00 11649.00 11562.00 29387.00 31790.00 693.00 30573.00 31973.00 31614.00 2322.00 5021.00 12530.00 11405.00
5369.00 5665.00 6897.00 453.00 205.00 2125.00 813.00 353.00 296.00 268.00 757.00 4163.00 5600.00
>MA1102.2 CTCFL
5825.00 2659.00 1301.00 17270.00  86.00 684.00 349.00 193.00 351.00 181.00 4166.00 1771.00
4180.00 7033.00 12867.00 413.00 481.00 600.00 1141.00 767.00 270.00 17593.00 3015.00 7727.00
4844.00 7094.00 2033.00 329.00 17285.00 16511.00 15425.00 16819.00 17001.00  68.00 9299.00 6341.00
3188.00 1251.00 1836.00  25.00 185.00 242.00 1122.00 258.00 415.00 195.00 1557.00 2198.00
>MA0464.2 BHLHE40
3824.00 1391.00  59.00 11222.00  23.00  66.00 167.00   4.00 5927.00 1544.00
3025.00 481.00 11222.00 130.00 11222.00  30.00 248.00  12.00 5295.00 5706.00
2926.00 5000.00   0.00  78.00   2.00 11222.00  87.00 11222.00 129.00 1385.00
1447.00 6222.00  14.00  77.00  32.00   0.00 11222.00  72.00 500.00 2587.00
>MA0835.2 BATF3
3609.00 6137.00 132.00 245.00 11670.00 408.00 267.00 1248.00 11529.00 2334.00 4521.00
1245.00 2106.00  59.00  62.00  92.00 10589.00  79.00 10347.00  84.00 1664.00 2733.00
2608.00 1831.00  37.00 10420.00  87.00 560.00 117.00  88.00 117.00 2249.00 1255.00
4503.00 1891.00 11737.00 1238.00 116.00 408.00 11502.00 282.00 235.00 5718.00 3456.00
>MA0836.2 CEBPD
5117.00 9693.00 210.00 199.00 1867.00 263.00 15974.00 1341.00 20540.00 20374.00 2102.00 7277.00 5596.00
3598.00 3597.00 297.00  81.00 299.00 20683.00 1022.00 17458.00 652.00 315.00 6342.00 5121.00 5175.00
5549.00 5735.00 200.00 233.00 17309.00 214.00 2625.00 377.00  75.00 404.00 3134.00 3583.00 4379.00
7188.00 2427.00 20745.00 20939.00 1977.00 292.00 1831.00 2276.00 185.00 359.00 9874.00 5471.00 6302.00
>MA0102.4 CEBPA
24010.00 17688.00 54374.00 869.00 1002.00 9252.00 1148.00 62409.00 6095.00 71916.00 75177.00 4506.00 28052.00 21658.00
14823.00 12801.00 7284.00 826.00 282.00 936.00 75124.00 3535.00 61538.00 5655.00 1034.00 16193.00 17396.00 17147.00
15847.00 20062.00 12772.00 722.00 2365.00 57887.00 678.00 6751.00 1583.00 340.00 1381.00 7312.00 12932.00 16045.00
24323.00 28452.00 4573.00 76586.00 75354.00 10928.00 2053.00 6308.00 9787.00 1092.00 1411.00 50992.00 20623.00 24153.00
>MA0596.1 SREBF2
 24.00   0.00   0.00  10.00   2.00   2.00   0.00   0.00  47.00   2.00
  9.00   0.00   3.00   0.00  10.00   9.00   0.00   0.00   0.00  16.00
 14.00   0.00  44.00  37.00  27.00  36.00   0.00  47.00   0.00   2.00
  0.00  47.00   0.00   0.00   8.00   0.00  47.00   0.00   0.00  27.00
>MA0597.1 THAP1
 18.00  15.00  20.00   7.00   3.00  58.00  47.00  30.00 116.00
 93.00  47.00   0.00 182.00 195.00 136.00  17.00  71.00  34.00
 27.00  12.00 137.00   0.00   0.00   1.00  77.00  41.00  17.00
 61.00 125.00  42.00  10.00   1.00   4.00  58.00  57.00  32.00
>MA1651.1 ZFP42
368.00 454.00 405.00 391.00 329.00 1608.00 1553.00 817.00 1724.00   6.00   5.00  25.00  31.00  42.00  82.00 125.00 166.00 417.00 267.00 366.00 441.00
469.00 420.00 402.00 660.00 991.00  32.00  54.00 161.00   7.00  13.00   5.00  29.00 1703.00 116.00 281.00 1377.00 1079.00 457.00 651.00 563.00 405.00
502.00 412.00 390.00 327.00 198.00  79.00  69.00 668.00  13.00   7.00 1741.00 1574.00   7.00 325.00 1241.00  78.00 187.00 359.00 424.00 447.00 504.00
413.00 466.00 555.00 374.00 234.00  33.00  76.00 106.00   8.00 1726.00   1.00 124.00  11.00 1269.00 148.00 172.00 320.00 519.00 410.00 376.00 402.00
>MA1652.1 ZKSCAN5
870.00 822.00 1510.00 136.00  38.00 3199.00 1446.00  92.00  73.00  43.00 3199.00 375.00 1268.00 1169.00
636.00 704.00 315.00  30.00  27.00  62.00  27.00  37.00  86.00  24.00  41.00 370.00 504.00 569.00
1161.00 1197.00 801.00 3111.00 3236.00  47.00 1827.00 3149.00  76.00 3251.00  62.00 2034.00 1078.00 1052.00
660.00 604.00 701.00  50.00  26.00  19.00  27.00  49.00 3092.00   9.00  25.00 548.00 477.00 537.00
>MA0497.1 MEF2C
705.00 733.00 431.00 382.00   0.00 1616.00 1706.00 2107.00 2131.00 2135.00  56.00 2177.00 389.00 975.00 1009.00
321.00 151.00 196.00 1412.00 985.00 256.00  32.00   0.00   0.00   0.00  62.00   0.00 120.00 836.00 450.00
676.00 573.00 822.00  78.00   0.00  74.00 241.00  87.00   2.00   4.00   0.00  32.00 1671.00 148.00 126.00
507.00 752.00 760.00 337.00 1224.00 263.00 230.00  15.00  76.00  70.00 2091.00   0.00  29.00 250.00 624.00
>MA1645.1 NKX2-2
6953.00 9464.00 7295.00 2438.00 618.00 23748.00 478.00 490.00 397.00 21326.00 20003.00 6909.00 7980.00 7413.00
6959.00 5638.00 5558.00 20232.00 24341.00 463.00 24693.00 452.00 24058.00 2772.00 2104.00 6627.00 5942.00 6271.00
4904.00 4854.00 6329.00 2293.00 176.00 257.00 420.00 295.00 838.00 580.00 2266.00 7589.00 5554.00 6050.00
7207.00 6067.00 6841.00 1060.00 888.00 1555.00 432.00 24786.00 730.00 1345.00 1650.00 4898.00 6547.00 6289.00
>MA1646.1 OSR2
4437.00 4244.00 8520.00 254.00 13599.00 216.00 11678.00 13725.00 416.00 666.00 4386.00 4048.00
3641.00 4206.00 2221.00 13937.00 197.00 229.00 703.00 288.00 170.00 12109.00 4274.00 3304.00
3246.00 3006.00 2117.00 406.00 737.00 14206.00 901.00 516.00 13982.00 841.00 2266.00 4726.00
3484.00 3352.00 1950.00 211.00 275.00 157.00 1526.00 279.00 240.00 1192.00 3882.00 2730.00
>MA1643.1 NFIB
1055.00 1181.00 424.00 273.00 133.00   5.00  16.00 148.00 3178.00 443.00 1087.00 594.00 701.00  14.00  16.00   8.00 3937.00 2989.00 552.00 1156.00 1367.00
946.00 839.00 2911.00 3142.00  20.00  11.00  12.00 4223.00 519.00 1190.00 792.00 532.00 181.00  31.00 4357.00 4382.00 373.00 161.00 467.00 1193.00 1015.00
1023.00 1298.00 526.00 193.00 162.00 4389.00 4372.00  27.00 175.00 608.00 1149.00 2822.00 451.00 4191.00  23.00  11.00  36.00 1055.00 2969.00 874.00 984.00
1392.00 1098.00 555.00 808.00 4101.00  11.00  16.00  18.00 544.00 2175.00 1388.00 468.00 3083.00 180.00  20.00  15.00  70.00 211.00 428.00 1193.00 1050.00
>MA1644.1 NFYC
5184.00 4351.00 287.00 380.00 12776.00 12317.00 259.00 532.00 11826.00 2167.00 5181.00
2115.00 1746.00 12507.00 12880.00 325.00 376.00 374.00 11224.00 711.00 3708.00 3231.00
4643.00 4981.00 394.00 111.00 103.00 549.00  71.00 1464.00 891.00 5967.00 2608.00
1674.00 2538.00 428.00 245.00 412.00 374.00 12912.00 396.00 188.00 1774.00 2596.00
>MA1649.1 ZBTB12
1463.00 752.00 144.00 130.00 1841.00  86.00 4475.00 4508.00  51.00 1326.00 963.00
1018.00 1341.00 4377.00 216.00  73.00  80.00 114.00  65.00 4511.00 1790.00 1481.00
1398.00 784.00 175.00 190.00 2797.00 4478.00 106.00 103.00  50.00 647.00 992.00
888.00 1890.00  71.00 4231.00  56.00 123.00  72.00  91.00 155.00 1004.00 1331.00
>MA1650.1 ZBTB14
570.00 501.00 335.00  41.00  93.00  68.00 132.00  56.00 4500.00  99.00 970.00 442.00
1779.00 1972.00 3525.00 4292.00 294.00 4078.00 305.00 4178.00  37.00 3674.00 1618.00 2260.00
1668.00 1555.00 614.00 155.00 4098.00 319.00 4043.00 261.00  10.00 651.00 1451.00 1239.00
530.00 519.00  73.00  59.00  62.00  82.00  67.00  52.00   0.00 123.00 508.00 606.00
>MA1647.1 PRDM4
1980.00 2041.00 281.00 860.00 293.00 147.00 169.00 195.00 481.00 2111.00 2580.00
1163.00 1012.00 6504.00 286.00 110.00 137.00 405.00 138.00 6353.00 1456.00 1532.00
2553.00 2079.00 316.00 566.00 6813.00  82.00 393.00 111.00 129.00 726.00 1344.00
1559.00 2123.00 154.00 5543.00  39.00 6889.00 6288.00 6811.00 292.00 2962.00 1799.00
>MA0595.1 SREBF1
 28.00   0.00   0.00  58.00   0.00   6.00   0.00   2.00  58.00   0.00
 14.00   0.00  58.00   0.00  51.00  38.00  44.00  45.00   0.00  26.00
 16.00   0.00   0.00   0.00   7.00  13.00   0.00  11.00   0.00   7.00
  0.00  58.00   0.00   0.00   0.00   1.00  14.00   0.00   0.00  25.00
>MA1554.1 RFX7
  0.00   0.00   0.00   0.00  95.00   2.00   0.00 279.00  37.00
164.00   2.00  24.00  27.00   0.00 279.00 115.00  22.00 106.00
 63.00 279.00   0.00   0.00 279.00  35.00  13.00 104.00  27.00
 58.00   0.00 279.00 279.00  38.00  19.00 164.00  27.00 109.00
>MA1553.1 RARG(var.3)
1689.00 2761.00 111.00  39.00 344.00  28.00 2607.00  33.00  91.00 3442.00 997.00 106.00  54.00 427.00
296.00 332.00  37.00  28.00 293.00 3442.00   9.00  50.00  46.00 196.00 3442.00 3442.00 687.00 998.00
978.00 681.00 3442.00 3442.00 323.00  58.00 835.00  13.00 3442.00 128.00   5.00  18.00 275.00 282.00
479.00 108.00 156.00 1109.00 3442.00 150.00  22.00 3442.00  12.00 200.00  12.00  48.00 2756.00 1736.00
>MA1548.1 PLAGL2
224.00  39.00   0.00   0.00   0.00   0.00   0.00   0.00  90.00 210.00
224.00  39.00   0.00 151.00 799.00 999.00 999.00 925.00 684.00 210.00
224.00 813.00 999.00 848.00 200.00   0.00   0.00   0.00  25.00 210.00
327.00 107.00   0.00   0.00   0.00   0.00   0.00  74.00 198.00 369.00
>MA1547.1 PITX2
6050.00 259.00 10956.00 10956.00   0.00   0.00 197.00 2119.00
5519.00   0.00   0.00   0.00   0.00 10956.00 10956.00 5773.00
4140.00   0.00  17.00   0.00 147.00   0.00 248.00 1692.00
5436.00 10956.00   0.00   0.00 10956.00 1455.00 364.00 1371.00
>MA1546.1 PAX3(var.2)
203.00 112.00   1.00 181.00   9.00 1344.00  13.00 161.00   3.00 197.00 512.00 1344.00  50.00  83.00 1344.00 390.00
515.00 880.00   2.00  79.00 1344.00   2.00 1344.00   1.00 836.00 414.00 228.00 152.00  43.00 138.00  66.00 326.00
216.00 464.00 1344.00   6.00  23.00  19.00   2.00 1344.00 508.00 127.00 138.00 353.00  24.00  52.00 108.00 363.00
411.00 167.00 126.00 1344.00 263.00   2.00 201.00   0.00   6.00 606.00 467.00  86.00 1344.00 1344.00 215.00 266.00
>MA1545.1 OVOL2
4025.00 5375.00 8885.00   3.00   0.00   0.00   0.00   0.00 12491.00 1859.00 3243.00 2782.00 2673.00
1033.00 1849.00 1602.00 12491.00 12491.00   0.00 1402.00   0.00  13.00 5644.00 2607.00 5865.00 3144.00
4556.00 4568.00 450.00  24.00  41.00 12491.00   0.00   9.00 151.00 3448.00 3395.00 1793.00 3872.00
2877.00 7116.00 3607.00   0.00   0.00   0.00 12491.00 12491.00   0.00 6848.00 3246.00 6626.00 2802.00
>MA1552.1 RARB(var.3)
217.00 361.00   3.00  10.00  21.00   5.00 322.00   3.00  16.00 472.00  76.00  12.00  10.00  63.00
 30.00  45.00  17.00   4.00  64.00 472.00   0.00   5.00   8.00  26.00 472.00 472.00 101.00 128.00
169.00 111.00 472.00 472.00  52.00   7.00 150.00   0.00 472.00  18.00   0.00   8.00  45.00  55.00
 56.00   0.00  31.00  76.00 472.00  16.00   3.00 472.00   4.00  13.00   7.00  16.00 371.00 226.00
>MA1550.1 PPARD
4797.00 4470.00 6328.00 101.00 126.00  21.00  46.00 13105.00 12527.00 12693.00  35.00  29.00   0.00 115.00 12302.00 3806.00
2889.00 1311.00  75.00  20.00  10.00  28.00 11669.00   0.00  34.00   7.00  12.00   1.00  39.00 11920.00  39.00 3779.00
2378.00 7620.00 6808.00 13067.00 12074.00 415.00 931.00 151.00 866.00 1081.00 13135.00 12249.00 406.00 655.00 1641.00 2027.00
3116.00 977.00  13.00  87.00 2112.00 12957.00 1894.00   0.00 400.00   0.00  45.00 1832.00 12921.00 1600.00  51.00 3568.00
>MA1549.1 POU6F1(var.2)
2756.00 164.00 6413.00 6413.00   0.00  67.00 6413.00 314.00 1972.00 1577.00
416.00 273.00 179.00   0.00   0.00 206.00  96.00 851.00 3065.00 1238.00
1930.00  10.00 255.00   0.00 298.00 5799.00   0.00 6413.00 3348.00 1534.00
1312.00 6413.00   0.00   0.00 6413.00 615.00 411.00 1855.00 1462.00 2064.00
>MA0077.1 SOX9
  3.00   8.00  71.00   2.00   7.00   2.00  13.00   9.00  14.00
 55.00  38.00   1.00   1.00   0.00   2.00   0.00   7.00  31.00
  9.00   6.00   0.00   2.00   4.00  72.00   4.00   6.00   7.00
  9.00  24.00   4.00  71.00  65.00   0.00  59.00  54.00  24.00
>MA0072.1 RORA(var.2)
  9.00  17.00  15.00  35.00  23.00   2.00   0.00  28.00   0.00   0.00   0.00   0.00  36.00  15.00
  8.00   2.00   0.00   1.00   0.00  12.00   0.00   0.00   0.00   0.00   0.00  36.00   0.00   6.00
  8.00   7.00   3.00   0.00   0.00  13.00   0.00   8.00  36.00  36.00   0.00   0.00   0.00  10.00
 11.00  10.00  18.00   0.00  13.00   9.00  36.00   0.00   0.00   0.00  36.00   0.00   0.00   5.00
>MA0073.1 RREB1
  3.00   1.00   3.00   0.00   7.00   9.00   8.00   4.00   0.00  11.00   4.00   1.00   3.00   4.00   2.00   4.00   4.00   4.00   1.00   4.00
  8.00  10.00   8.00  11.00   4.00   2.00   3.00   6.00  11.00   0.00   7.00  10.00   8.00   6.00   9.00   5.00   5.00   6.00   7.00   4.00
  0.00   0.00   0.00   0.00   0.00   0.00   0.00   0.00   0.00   0.00   0.00   0.00   0.00   1.00   0.00   0.00   1.00   0.00   3.00   2.00
  0.00   0.00   0.00   0.00   0.00   0.00   0.00   1.00   0.00   0.00   0.00   0.00   0.00   0.00   0.00   2.00   1.00   1.00   0.00   1.00
>MA0074.1 RXRA::VDR
  3.00   0.00   0.00   0.00   0.00   9.00   4.00   2.00   2.00   5.00   0.00   0.00   1.00   0.00   7.00
  0.00   0.00   0.00   0.00   9.00   0.00   2.00   4.00   0.00   0.00   0.00   0.00   0.00   9.00   1.00
  7.00  10.00   9.00   0.00   0.00   1.00   0.00   2.00   8.00   5.00  10.00   0.00   0.00   0.00   2.00
  0.00   0.00   1.00  10.00   1.00   0.00   4.00   2.00   0.00   0.00   0.00  10.00   9.00   1.00   0.00
>MA0491.2 JUND
28467.00 29234.00 70166.00 644.00 1365.00 103797.00 4634.00 2053.00 4915.00 103420.00 2796.00 27969.00 28212.00
21965.00 19712.00 10173.00 757.00 873.00 650.00 76028.00 496.00 98628.00 751.00 12025.00 28250.00 29793.00
25006.00 31347.00 20586.00 443.00 99787.00 573.00 20633.00 1147.00 953.00 965.00 7908.00 22249.00 19236.00
30507.00 25652.00 5020.00 104101.00 3920.00 925.00 4650.00 102249.00 1449.00 809.00 83216.00 27477.00 28704.00
>MA1155.1 ZSCAN4
257.00 290.00   0.00 1292.00   0.00 1281.00   3.00 772.00   7.00   8.00   3.00 1118.00 1225.00 1269.00 1000.00
383.00   2.00 1676.00   0.00 1665.00   0.00 1702.00 374.00 1684.00  11.00  50.00 107.00 279.00   0.00 200.00
112.00 1737.00   1.00   0.00   0.00   2.00   0.00 320.00   0.00  75.00 1873.00 230.00   0.00   2.00 365.00
1373.00   0.00   0.00   2.00   0.00   2.00  73.00   8.00   2.00 1699.00 218.00 362.00   6.00   1.00 229.00
>MA1125.1 ZNF384
9460.00 9116.00 9522.00 13125.00 30354.00 30191.00 30072.00 30252.00 30202.00 30406.00 20322.00 18916.00
4945.00 7025.00 3456.00 7691.00   7.00  35.00  21.00  13.00  26.00   6.00 2908.00 3963.00
5650.00 5133.00 4678.00 4721.00  13.00  19.00  26.00  15.00  14.00   0.00 2767.00 2898.00
10378.00 9159.00 12777.00 4896.00  59.00 188.00 314.00 153.00 191.00  21.00 4436.00 4656.00
>MA1154.1 ZNF282
 21.00  39.00  16.00   3.00   0.00   0.00   0.00 140.00  12.00 256.00 277.00   2.00 242.00   1.00  14.00 157.00  44.00
196.00  21.00   0.00   2.00 209.00 208.00 205.00  99.00 132.00   3.00   0.00 210.00  44.00 210.00   0.00  40.00  98.00
 50.00   7.00   8.00   3.00   2.00   0.00   3.00   0.00   2.00  37.00   0.00   4.00   2.00   2.00 297.00  60.00  97.00
 45.00 378.00 387.00 380.00   0.00   1.00   2.00  21.00 126.00  61.00   2.00   3.00   7.00   2.00 129.00  43.00  51.00
>MA0103.3 ZEB1
3211.00 4685.00 114.00 19905.00  32.00 193.00   4.00 441.00 1982.00 4258.00 3490.00
7998.00 5550.00 19195.00   0.00 19878.00 19257.00 501.00 178.00 9561.00 6117.00 6955.00
5228.00 5179.00 158.00 223.00  97.00 649.00 355.00 19381.00 5178.00 6601.00 5828.00
3692.00 4715.00 662.00   1.00 122.00  30.00 19269.00 129.00 3408.00 3153.00 3856.00
>MA1124.1 ZNF24
2055.00 18028.00 958.00 432.00 326.00 22437.00  97.00 182.00 354.00 22034.00 1010.00 985.00 2062.00
17056.00 1816.00 2102.00 544.00 22137.00 219.00 887.00 330.00 22068.00 402.00 2062.00 2128.00 17701.00
1345.00 1967.00 739.00 461.00 118.00 501.00 128.00 182.00  93.00 589.00 811.00 1045.00 856.00
2848.00 1493.00 19505.00 21867.00 723.00 147.00 22192.00 22610.00 789.00 279.00 19421.00 19146.00 2685.00
>MA0750.2 ZBTB7A
4136.00 2783.00 477.00 2490.00 173.00 114.00 13854.00 13719.00 629.00 1141.00 1744.00 2709.00 2850.00
3512.00 5356.00 12469.00 11293.00 210.00 163.00 274.00 343.00 711.00 3433.00 2485.00 4386.00 4856.00
4167.00 4397.00 1496.00 624.00 14130.00 14239.00 335.00 261.00 13112.00 1623.00 9142.00 5862.00 4669.00
2826.00 2105.00 199.00 234.00 128.00 125.00 178.00 318.00 189.00 8444.00 1270.00 1684.00 2266.00
>MA1122.1 TFDP1
411.00 263.00  48.00  28.00  14.00  36.00  27.00 1855.00 1645.00 465.00 381.00
491.00 684.00  71.00 1886.00  54.00  80.00  32.00  24.00 170.00 647.00 604.00
777.00 940.00 1862.00  22.00 1932.00 1865.00 1919.00  98.00 137.00 648.00 648.00
328.00 120.00  26.00  71.00   7.00  26.00  29.00  30.00  55.00 247.00 374.00
>MA0746.2 SP3
1267.00 2146.00 664.00 160.00 5253.00   6.00 465.00   0.00   0.00   2.00 3430.00 556.00 1516.00
1884.00 531.00 6591.00 6591.00 1338.00 6591.00   0.00 6591.00 6591.00 6591.00 3160.00 5116.00 2608.00
1895.00 4445.00 226.00  54.00   2.00   0.00 6591.00   0.00   0.00   2.00  39.00 297.00 524.00
1545.00 421.00 345.00 202.00  11.00  12.00 504.00   0.00   9.00 718.00 552.00 1475.00 1943.00
>MA0516.2 SP2
256.00  53.00 613.00 753.00  54.00  34.00  14.00  16.00   4.00  82.00   0.00   5.00  23.00 402.00  22.00 109.00 150.00
308.00 171.00  76.00  84.00 127.00 456.00 774.00 786.00 788.00  52.00 795.00 793.00 774.00 390.00 679.00 221.00 203.00
123.00  57.00   0.00  33.00 791.00   8.00   1.00  13.00  22.00 780.00   0.00  26.00   0.00  22.00   1.00   0.00  88.00
106.00 608.00 180.00  67.00  43.00 327.00   0.00   8.00  12.00  45.00  18.00   7.00  27.00  17.00 101.00 503.00 352.00
>MA0079.4 SP1
7866.00 28233.00 28895.00 14584.00 962.00  55.00 42154.00   0.00 959.00   0.00   8.00   0.00 24666.00 1195.00 12598.00
13273.00 1872.00 1530.00   0.00 48854.00 49649.00 12672.00 49660.00   0.00 49666.00 49662.00 48772.00 24196.00 37612.00 15606.00
9691.00 999.00 19477.00 37543.00  82.00   0.00   0.00   0.00 48957.00   0.00   0.00   0.00  15.00 919.00 3044.00
18833.00 19877.00 1184.00 153.00 124.00 1670.00   0.00  31.00 867.00  17.00   0.00 1440.00 1373.00 10717.00 18415.00
>MA0868.2 SOX8
1827.00 740.00 1827.00 1827.00   3.00 1827.00 1827.00 273.00 1356.00 300.00
1124.00 414.00 151.00   0.00 1827.00   0.00  43.00  36.00 208.00 421.00
854.00 1827.00 263.00   0.00  35.00   0.00   0.00  20.00 1827.00 912.00
724.00 571.00 222.00  45.00  70.00  16.00  36.00 1827.00 287.00 193.00
>MA0867.2 SOX4
3190.00 5582.00 5582.00   0.00 5582.00 5582.00 5582.00 1018.00 2093.00 1775.00
1771.00 951.00   0.00 5582.00   1.00   6.00 120.00  64.00 1422.00 1438.00
5582.00 2047.00   0.00  37.00   6.00  11.00  50.00 5582.00 3489.00 1889.00
2286.00 431.00   9.00  33.00   0.00   0.00 2719.00  83.00 174.00 480.00
>MA0075.3 PRRX2
778.00 122.00 6720.00 6720.00   0.00   0.00 6720.00 2291.00
6720.00 2008.00  29.00   0.00   0.00   0.00   1.00 1271.00
1613.00 131.00   3.00   0.00   0.00   0.00 399.00 1862.00
1933.00 4711.00   0.00   0.00 6720.00 6720.00   0.00 1295.00
>MA0682.2 PITX1
2898.00   0.00 10531.00 10531.00   0.00 143.00  68.00 2348.00
6099.00   0.00   0.00   0.00   0.00 10531.00 10531.00 4194.00
2382.00   0.00   0.00   0.00 1039.00   0.00 134.00 1876.00
4432.00 10531.00   0.00   0.00 10531.00 141.00 547.00 2113.00
>MA0470.2 E2F4
4332.00 3440.00 2541.00 946.00 318.00  10.00  15.00   9.00   0.00  29.00 12269.00 4886.00 4627.00 5354.00
1036.00 926.00 476.00 489.00 2176.00  50.00 13954.00   7.00 13939.00 13730.00 4540.00 2001.00 906.00 2863.00
1772.00 968.00 3027.00 1561.00 13671.00 13939.00   2.00 13950.00  53.00 3993.00 1062.00 524.00 846.00 2397.00
9141.00 12851.00 12536.00 13460.00  20.00   0.00  11.00  25.00   0.00 577.00 2504.00 8279.00 8792.00 6866.00
>MA0612.2 EMX1
1276.00  19.00 9544.00 9544.00   0.00   0.00 9544.00 1333.00
3425.00 2263.00 1235.00   0.00   0.00   0.00   0.00 2633.00
3066.00   0.00   0.00   0.00   0.00 933.00   0.00 4516.00
1777.00 7281.00   0.00   0.00 9544.00 9544.00   0.00 1062.00
>MA0463.2 BCL6
1714.00 1156.00 975.00 195.00 354.00 647.00  47.00   1.00 159.00 5714.00 640.00  34.00 5616.00 5656.00 1568.00 1299.00
1345.00 2487.00 144.00 5787.00 257.00 789.00   7.00 5824.00 978.00 112.00  44.00  87.00 153.00  88.00 1910.00 1066.00
1289.00 899.00 5569.00 106.00  71.00 822.00   5.00   4.00 4640.00  75.00 5692.00 5791.00 460.00 136.00 311.00 1577.00
1498.00 4600.00 376.00 149.00 5756.00 5331.00 5831.00 186.00 3168.00 219.00 123.00 204.00 338.00 591.00 3515.00 1903.00
>MA0878.2 CDX1
3246.00 1842.00   0.00 7213.00 18998.00   0.00 18998.00 18998.00 18998.00 18998.00 1782.00
2471.00   0.00 13342.00 11785.00   0.00   0.00   0.00   0.00   0.00 7224.00 10693.00
8784.00 18998.00   1.00  28.00   0.00   0.00  10.00   0.00  19.00 1687.00 2693.00
4498.00   3.00 5655.00   0.00   0.00 18998.00   0.00   0.00   0.00 3371.00 3829.00
>MA0864.2 E2F2
1371.00 1926.00 1329.00 1251.00 1129.00 282.00   2.00  20.00  17.00   3.00 348.00 4319.00 1764.00 1645.00 2183.00 726.00
681.00 316.00 528.00 314.00 163.00 1370.00  32.00 4669.00   0.00 4645.00 4434.00 1192.00 579.00 516.00 1016.00 1710.00
1951.00 811.00 1082.00 876.00 927.00 4565.00 4653.00   0.00 4673.00  26.00 1102.00 271.00 118.00 528.00 575.00 803.00
671.00 2567.00 3641.00 3872.00 4386.00  33.00   1.00   0.00   4.00   1.00 229.00 1123.00 2759.00 2678.00 2187.00 1435.00
>MA0469.3 E2F3
11774.00 9758.00 4706.00 2828.00 2537.00  72.00  11.00  17.00  26.00  14.00   0.00 27525.00 27860.00 28547.00 25059.00 6056.00
2813.00 153.00  81.00 320.00  98.00 3846.00   0.00 29393.00  14.00 29427.00 29368.00 3862.00 113.00  80.00 397.00 8775.00
8684.00 336.00  83.00 109.00 3968.00 29311.00 29421.00   9.00 29386.00   0.00 3755.00  78.00 272.00  92.00 114.00 2756.00
6153.00 25118.00 28522.00 27783.00 27496.00   0.00  12.00  24.00  25.00   8.00  71.00 2530.00 2677.00 4552.00 9732.00 11838.00
>MA1100.2 ASCL1
1267.00 1334.00   0.00 4413.00 107.00 729.00 118.00  52.00 177.00 843.00
926.00 521.00 4413.00 157.00 1288.00 4413.00  24.00   0.00 3065.00 1487.00
1495.00 3079.00   0.00  60.00 4413.00 1320.00 121.00 4413.00 814.00 889.00
726.00 354.00  14.00 218.00 625.00  20.00 4413.00  29.00 1349.00 1194.00
>MA0605.2 ATF3
8505.00 24741.00   0.00   0.00 40546.00   0.00 891.00   0.00 1520.00 40546.00   0.00 6919.00
8220.00 1354.00   0.00   0.00   0.00 40546.00   0.00   0.00 40546.00   0.00 15737.00 16820.00
16894.00 15805.00   1.00 40546.00   0.00   0.00 40546.00   0.00   0.00   0.00 1094.00 8242.00
6926.00   0.00 40546.00 1366.00   0.00 556.00   0.00 40546.00   0.00   0.00 24808.00 8564.00
>MA0877.2 BARHL1
837.00 193.00 4725.00 4725.00 4725.00   0.00 622.00 1065.00
1889.00   0.00  65.00  55.00 199.00 4725.00   0.00 1001.00
1280.00   0.00 275.00   0.00 662.00   0.00 4725.00 1508.00
718.00 4725.00 1232.00   0.00 2114.00 2008.00 259.00 1151.00
>MA0462.2 BATF::JUN
10765.00 18789.00 367.00 834.00 37280.00 1399.00 755.00 3955.00 36854.00 6299.00 13407.00
4762.00 7260.00 275.00 400.00 204.00 31168.00 241.00 32770.00 318.00 6105.00 9668.00
9317.00 6729.00 182.00 33135.00 350.00 4188.00 539.00 522.00 424.00 7745.00 4923.00
13310.00 5376.00 37330.00 3785.00 320.00 1399.00 36619.00 907.00 558.00 18005.00 10156.00
>MA0159.1 RARA::RXRA
 12.00   0.00   1.00   0.00   0.00  22.00   4.00   5.00   5.00  13.00   5.00  17.00   1.00   0.00   2.00   1.00  21.00
  0.00   0.00   0.00   0.00  18.00   0.00   7.00   8.00   4.00   1.00   6.00   3.00   1.00   1.00   1.00  17.00   0.00
 11.00  23.00  13.00   1.00   3.00   1.00   5.00   9.00  11.00   7.00  12.00   3.00  20.00  16.00   3.00   3.00   1.00
  0.00   0.00   9.00  22.00   2.00   0.00   7.00   1.00   3.00   2.00   0.00   0.00   1.00   6.00  17.00   2.00   1.00
>MA0155.1 INSM1
  1.00   0.00   0.00   6.00  16.00   0.00   0.00   0.00   0.00   0.00   3.00  10.00
  0.00   0.00   8.00  15.00   0.00   0.00   1.00   0.00   0.00   2.00  16.00   0.00
  4.00  20.00   3.00   0.00   0.00  24.00  23.00  24.00  24.00  16.00   0.00  12.00
 19.00   4.00  13.00   3.00   8.00   0.00   0.00   0.00   0.00   6.00   5.00   2.00
>MA0152.1 NFATC2
  3.00   1.00   1.00   0.00   1.00   0.00  18.00
  1.00   2.00   1.00   0.00  25.00  26.00   3.00
  2.00   2.00   0.00   0.00   0.00   0.00   1.00
 20.00  21.00  24.00  26.00   0.00   0.00   4.00
>MA0779.1 PAX1
314.00   3.00 234.00   3.00 3574.00   2.00   3.00   0.00 2215.00  11.00   1.00 3579.00 824.00  74.00 849.00 1453.00 2643.00
3157.00   0.00  80.00 4490.00 213.00 4489.00   2.00 4404.00  81.00 425.00 1769.00   2.00 1629.00 612.00  11.00 2561.00 2136.00
1423.00 5266.00   0.00   1.00   2.00   0.00 5304.00 1017.00  43.00   2.00 4652.00 595.00 1230.00  32.00 4289.00 1147.00 780.00
327.00  79.00 4396.00 475.00   0.00 651.00   3.00   0.00 1529.00 4290.00  54.00   0.00 744.00 4185.00 880.00   0.00 1290.00
>MA0778.1 NFKB2
5041.00 101.00   1.00   8.00 2663.00 8380.00 5182.00 1173.00 852.00 256.00   2.00   8.00 1527.00
2456.00  97.00   1.00   5.00  11.00 977.00  60.00 1395.00 11011.00 12673.00 12710.00 12888.00 3324.00
2306.00 16291.00 16041.00 16055.00 13129.00 856.00  51.00 1077.00  19.00   1.00   1.00   3.00 2182.00
1980.00   4.00   3.00 565.00 987.00 636.00 5970.00 10976.00 1867.00  44.00   2.00  23.00 5985.00
>MA0781.1 PAX9
154.00   0.00  67.00   0.00 3241.00   0.00   0.00   0.00 1840.00   1.00   3.00 3083.00 622.00   6.00 142.00 1249.00 2184.00
2410.00   0.00  13.00 3775.00  71.00 3860.00   0.00 3695.00  83.00  68.00 1412.00   0.00 1423.00 207.00   8.00 2390.00 1334.00
1176.00 3811.00   6.00   0.00   2.00   0.00 3945.00 727.00  13.00   0.00 3552.00 468.00 962.00   0.00 3608.00 471.00 644.00
244.00  10.00 3107.00 171.00   1.00 267.00   0.00   0.00 1141.00 3188.00   3.00   0.00 444.00 3132.00 251.00   0.00 852.00
>MA0780.1 PAX3
1994.00 7945.00 7945.00   9.00  12.00 2684.00 7945.00   0.00  58.00 7945.00
243.00  32.00  24.00 101.00 5267.00  48.00  22.00  14.00  97.00 233.00
394.00  96.00  12.00  17.00  62.00 5261.00  57.00  14.00  42.00 197.00
7945.00  31.00  13.00 7945.00 2678.00   7.00  31.00 7945.00 7945.00 1061.00
>MA0776.1 MYBL1
1591.00 347.00 258.00  49.00   9.00  10.00 2209.00 2209.00  14.00 164.00 493.00 332.00
 25.00 2209.00 2209.00   7.00  26.00   8.00   0.00  18.00 2209.00 1733.00 362.00 765.00
391.00 122.00 266.00 2209.00   0.00   0.00  12.00  24.00   1.00 2209.00 2209.00  40.00
201.00 112.00   0.00   4.00 2209.00 2209.00  14.00   0.00  12.00 945.00 888.00 1072.00
>MA0775.1 MEIS3
1866.00 465.00   0.00 7165.00  53.00 7165.00 1690.00 960.00
 60.00 383.00   6.00  20.00 7165.00   8.00 1889.00 2342.00
1788.00 260.00 7165.00 455.00   8.00 468.00 7165.00 2888.00
3451.00 7165.00   0.00  53.00 160.00 145.00 2094.00 975.00
>MA0105.4 NFKB1
8441.00   9.00   0.00   4.00 229.00 12004.00 7003.00  22.00  17.00 497.00   4.00   6.00 1231.00
2013.00   0.00   3.00   0.00   3.00  62.00  18.00 1311.00 9574.00 9536.00 9591.00 9642.00 1293.00
990.00 19047.00 19177.00 19167.00 19458.00 821.00  32.00 116.00   4.00   1.00   1.00   2.00 3348.00
818.00   5.00   2.00 318.00  27.00  27.00 6744.00 14372.00 130.00   3.00   2.00   8.00 9386.00
>MA0160.1 NR4A2
  8.00  13.00   0.00   3.00   2.00   0.00  14.00   3.00
  1.00   0.00   0.00   0.00   2.00  13.00   0.00   8.00
  3.00   1.00  13.00  11.00   0.00   0.00   0.00   2.00
  1.00   0.00   1.00   0.00  10.00   1.00   0.00   0.00
>MA0686.1 SPDEF
4628.00 1890.00  52.00 237.00   2.00   6.00 4628.00 532.00 1566.00  58.00 1911.00
101.00 2737.00 4628.00 4628.00   2.00   0.00   0.00  69.00 601.00 1345.00 568.00
176.00 536.00  92.00   1.00 4628.00 4628.00   6.00  11.00 4628.00  28.00 1339.00
912.00  77.00   0.00   1.00   0.00   8.00   2.00 4628.00  66.00 4628.00 810.00
>MA0833.2 ATF4
12094.00 11782.00 20881.00 498.00 228.00 32087.00 243.00 156.00 4906.00 32904.00 32963.00 803.00 12607.00 11049.00
5054.00 4365.00 5781.00 386.00 198.00 217.00 1626.00  51.00 23000.00 169.00  70.00 6134.00 9846.00 6064.00
9022.00 10152.00 5970.00 297.00 32315.00 543.00 328.00 32958.00 105.00  74.00 112.00 2808.00 4718.00 5731.00
7106.00 6977.00 644.00 32095.00 535.00 429.00 31079.00 111.00 5265.00 129.00 131.00 23531.00 6105.00 10432.00
>MA0683.1 POU4F2
1490.00 110.00 193.00 1160.00 3079.00   1.00 2990.00 2621.00  76.00 304.00 3098.00 3187.00  19.00 130.00 3078.00 739.00
479.00 121.00  34.00 2471.00   6.00   0.00   9.00  82.00  54.00   9.00  26.00   4.00  30.00 168.00 232.00 676.00
771.00  53.00 3440.00   2.00   4.00   0.00  14.00  53.00  28.00   8.00 234.00   9.00  69.00 2193.00 269.00 2852.00
509.00 2757.00  81.00   5.00  11.00 2829.00 258.00 737.00 2735.00 2669.00  57.00   0.00 2761.00 1072.00 236.00 285.00
>MA0680.1 PAX7
679.00 3708.00 3708.00   6.00  10.00 1135.00 3708.00  12.00  21.00 3708.00
 68.00  18.00   3.00  21.00 2934.00  27.00   0.00   0.00  25.00  72.00
 98.00  16.00   0.00   3.00  24.00 2573.00  10.00   0.00   9.00  47.00
3708.00   6.00   0.00 3708.00 774.00   0.00  10.00 3708.00 3708.00 249.00
>MA0685.1 SP4
621.00 2173.00 2600.00 939.00 260.00   2.00 3004.00   2.00  10.00   2.00   3.00   0.00 1840.00 113.00 1140.00 582.00 967.00
1405.00 156.00 146.00   6.00 4443.00 4492.00 991.00 4662.00  14.00 4681.00 4732.00 4667.00 2430.00 4276.00 897.00 1206.00 1180.00
823.00  65.00 1639.00 4774.00   0.00   5.00   3.00   0.00 5444.00   4.00   2.00   3.00   9.00  21.00 234.00 363.00 556.00
1622.00 1809.00 199.00  16.00   4.00 135.00   0.00   0.00  55.00   0.00   0.00  72.00  67.00 1067.00 3043.00 2078.00 1509.00
>MA0028.2 ELK1
45807.00 1217.00 359.00   0.00   4.00 45807.00 45807.00 3016.00 916.00 13274.00
2750.00 45807.00 45807.00  21.00  41.00 233.00 333.00 2361.00 6309.00 6673.00
12959.00 1478.00  59.00 45807.00 45807.00  62.00  60.00 45807.00 1123.00 17273.00
5718.00 236.00  21.00  26.00 713.00  25.00 2165.00 294.00 45807.00 8587.00
>MA0873.1 HOXD12
629.00 485.00   1.00   3.00 207.00   1.00 1367.00 1367.00 1367.00 1367.00 538.00
155.00 387.00  49.00 1367.00   2.00  10.00   0.00   0.00   0.00 185.00 482.00
525.00 1367.00   8.00   5.00 1367.00   0.00   2.00   3.00   6.00  48.00  77.00
 58.00  12.00 1367.00   0.00   0.00 1367.00 222.00   0.00  44.00 317.00 271.00
>MA0875.1 BARX1
1872.00 590.00 3339.00 6805.00   0.00   0.00 6805.00 1917.00
1821.00 5138.00 1992.00 207.00   0.00   0.00   0.00 1391.00
2236.00 246.00 1386.00 192.00   0.00   0.00   0.00 2420.00
877.00 1667.00  87.00   0.00 6805.00 6805.00   0.00 1077.00
>MA0872.1 TFAP2A(var.3)
262.00   0.00   0.00   0.00  48.00  55.00 188.00 556.00 192.00   0.00   0.00   0.00 721.00
154.00 357.00 1368.00 1373.00 1115.00 524.00 506.00 224.00  66.00   0.00   0.00 1099.00 102.00
134.00 1359.00   0.00   0.00  95.00 212.00 546.00 538.00 1420.00 1911.00 1903.00 366.00 198.00
837.00   0.00   0.00   0.00 131.00 650.00 251.00  75.00  53.00   0.00   0.00   0.00 260.00
>MA0876.1 BSX
1449.00 688.00 4036.00 8832.00   0.00  96.00 8832.00 2770.00
3929.00 5585.00 2483.00 194.00   0.00   0.00   0.00 2369.00
2290.00 103.00 2197.00 1078.00   0.00   0.00   0.00 2417.00
1164.00 3247.00 116.00  66.00 8832.00 8832.00   0.00 1276.00
>MA1485.1 FERD3L
2158.00 450.00 14384.00 15390.00  36.00 29605.00   0.00 3649.00  81.00   0.00 1268.00 103.00 29605.00   0.00
 68.00 20049.00 2443.00 9363.00 29605.00 126.00 841.00 29605.00 129.00   0.00 3878.00 8664.00 809.00 29605.00
29605.00 348.00 12703.00 3142.00   0.00 118.00 29605.00 471.00 210.00 29605.00 3395.00 5920.00 9815.00   0.00
225.00 9557.00  74.00 1710.00   0.00 144.00 4691.00   0.00 29605.00   0.00 21065.00 14919.00 958.00  48.00
>MA1487.1 FOXE1
 54.00 288.00  37.00 191.00 664.00 664.00 664.00   0.00 664.00 664.00 664.00   0.00 664.00 521.00 148.00
289.00 381.00 298.00   0.00  15.00  57.00   0.00 324.00  10.00   8.00   0.00 664.00   0.00  84.00 180.00
165.00 283.00  38.00   0.00  30.00  58.00 228.00   0.00   0.00   0.00   0.00   0.00   3.00 123.00 100.00
155.00   0.00 366.00 664.00   0.00 194.00   0.00 340.00   0.00   0.00   0.00   0.00   0.00 142.00 235.00
>MA1489.1 FOXN3
  9.00   9.00 971.00 971.00 971.00   9.00 971.00 971.00
  9.00   9.00   9.00   9.00   9.00 971.00   9.00   9.00
971.00   9.00   9.00   9.00   9.00   9.00   9.00   9.00
  9.00 971.00   9.00   9.00   9.00   9.00   9.00   9.00
>MA0777.1 MYBL2
785.00 1232.00  87.00 107.00   5.00   9.00   0.00 1232.00 1232.00 1232.00  14.00  57.00  82.00 228.00  40.00
 34.00 122.00 1232.00 1232.00   0.00   6.00   9.00  74.00  31.00  38.00 1232.00 418.00 123.00 466.00 655.00
447.00 722.00  85.00 190.00 1232.00  24.00   0.00  77.00  16.00  28.00   6.00 467.00 1232.00  95.00  18.00
 41.00 464.00  39.00  30.00   1.00 1232.00 1232.00 561.00   4.00  79.00   4.00 289.00  95.00 766.00 577.00
>MA1491.1 GLI3
9265.00 177.00 17348.00  68.00   7.00 18184.00   3.00 4984.00 528.00 18709.00 2186.00 4643.00 8397.00 6506.00 953.00
7913.00 232.00 3972.00 19263.00 19329.00 2211.00 19326.00 18084.00 18879.00   0.00 17927.00 5419.00 3326.00 11363.00 2625.00
7702.00 18754.00 2832.00   7.00   1.00 194.00   4.00   1.00  15.00 1486.00 1360.00 12721.00 5324.00 2363.00 17621.00
2622.00 1323.00   3.00   0.00   0.00 699.00   1.00   2.00 323.00   0.00 1506.00 1615.00 9056.00 6602.00 1731.00
>MA1493.1 HES6
 12.00  16.00  17.00 439.00   2.00  10.00   0.00   0.00  33.00  79.00
 39.00  35.00 439.00   0.00 439.00  12.00   7.00   0.00  21.00 152.00
439.00 439.00  19.00   9.00   9.00 439.00  29.00 439.00   0.00   0.00
 43.00  13.00  15.00  11.00  16.00   0.00 439.00   0.00 439.00 209.00
>MA1494.1 HNF4A(var.2)
212.00 301.00   3.00   2.00 100.00   7.00 651.00 651.00 651.00   0.00   3.00   0.00   2.00 465.00 174.00
 70.00   7.00   2.00   1.00 651.00 651.00   0.00   1.00   0.00   0.00   0.00   4.00 651.00   5.00 217.00
325.00 350.00 651.00  17.00  41.00   4.00   7.00   2.00   5.00 651.00 651.00  24.00   7.00 186.00 101.00
 43.00   7.00   7.00 651.00 104.00  15.00   0.00   3.00   0.00   1.00  64.00 651.00  35.00   9.00 159.00
>MA0726.1 VSX2
427.00 1080.00 13809.00 13809.00 118.00 626.00 13809.00 2891.00
9554.00 2725.00 397.00 124.00 186.00 567.00 321.00 3243.00
445.00 363.00 343.00 123.00  92.00 447.00 2109.00 4288.00
4255.00 13809.00 402.00  63.00 13809.00 13809.00 1014.00 3387.00
>MA0112.3 ESR1
232.00 402.00   0.00   2.00   0.00   1.00 471.00 108.00 127.00 235.00   0.00   2.00 491.00   0.00  15.00   0.00  35.00
 65.00   6.00   0.00   0.00   0.00 452.00   0.00 338.00 223.00  88.00  23.00   0.00   1.00 460.00 455.00 143.00  68.00
101.00 206.00 623.00 638.00   3.00   0.00  30.00  53.00 340.00 284.00   1.00 632.00   1.00   2.00   0.00   7.00 209.00
 88.00   0.00  34.00   0.00 549.00   2.00   0.00  23.00  65.00  13.00 510.00   0.00   0.00   0.00   0.00 502.00 204.00
>MA0724.1 VENTX
17344.00 9981.00 562.00 7795.00 23923.00   0.00   0.00 23923.00 8820.00
983.00 13942.00 23923.00 5650.00 203.00   0.00   0.00   0.00 706.00
1934.00 6941.00   0.00 16128.00   0.00   0.00   0.00   0.00 15103.00
3662.00 5912.00 3964.00 626.00  74.00 23923.00 23923.00   0.00 2189.00
>MA0725.1 VSX1
756.00 1836.00 13572.00 13572.00 172.00 898.00 13572.00 2626.00
8453.00 3131.00 626.00 154.00 199.00 761.00 516.00 3555.00
561.00 572.00 553.00 172.00 103.00 984.00 3337.00 3658.00
5119.00 13572.00 554.00  90.00 13572.00 13572.00 1372.00 3732.00
>MA0722.1 VAX1
447.00 679.00 5253.00 5253.00 297.00 508.00 5253.00 977.00
2775.00 995.00 863.00 153.00  86.00 321.00  87.00 1911.00
455.00 101.00 189.00  46.00 213.00 1951.00 1332.00 933.00
2479.00 5253.00 302.00 133.00 5253.00 5253.00 398.00 1433.00
>MA0723.1 VAX2
921.00 1410.00 14297.00 14297.00 576.00 1341.00 14297.00 2711.00
7816.00 2823.00 2781.00 213.00 161.00 987.00 179.00 5648.00
1384.00 221.00 414.00  94.00 564.00 5673.00 3818.00 2869.00
6482.00 14297.00 565.00 218.00 14297.00 14297.00 562.00 3069.00
>MA0721.1 UNCX
4980.00 3975.00 36926.00 36926.00 481.00 3111.00 36926.00 13811.00
13363.00 16800.00 2540.00 1302.00 806.00 3958.00 2211.00 7825.00
5711.00 2086.00 4582.00 420.00 117.00 1782.00 731.00 10480.00
12871.00 20126.00 2629.00 890.00 36926.00 36926.00 3885.00 4810.00
>MA0141.3 ESRRB
108.00   9.00 1746.00 1746.00   3.00   1.00   6.00   2.00 1746.00 702.00 692.00
373.00 1746.00   1.00   1.00   2.00   4.00  11.00 1746.00   0.00 256.00 328.00
 75.00 255.00   0.00   3.00 1746.00 1746.00   8.00   1.00  56.00  42.00 189.00
1746.00   7.00   4.00   0.00   1.00   3.00 1746.00  15.00   3.00 1045.00 537.00
>MA0007.2 AR
6277.00 6497.00   0.00 6462.00 11206.00  26.00 10426.00 1478.00 4353.00 3312.00 3241.00   0.00 2214.00 2656.00 1599.00
1112.00   0.00   0.00 1304.00   0.00 11115.00   0.00 2976.00 2096.00 3249.00 142.00 525.00 1262.00 2434.00 7032.00
3049.00 4709.00 11206.00 1254.00   0.00  65.00 107.00 4023.00 2151.00 3291.00 305.00 10681.00 671.00 2460.00 298.00
768.00   0.00   0.00 2186.00   0.00   0.00 673.00 2729.00 2606.00 1354.00 7518.00   0.00 7059.00 3656.00 2277.00
>MA0527.1 ZBTB33
 82.00   6.00  28.00  10.00   0.00  35.00   2.00   0.00 461.00   8.00 416.00  85.00  19.00  79.00  90.00
256.00  66.00 659.00  89.00 705.00   0.00 668.00   0.00  80.00  57.00  94.00 232.00 328.00 145.00 233.00
146.00  32.00  11.00   5.00   0.00 667.00   0.00 705.00 118.00 450.00 141.00 136.00  43.00 109.00 266.00
221.00 601.00   7.00 601.00   0.00   3.00  35.00   0.00  46.00 190.00  54.00 252.00 315.00 372.00 116.00
>MA0523.1 TCF7L2
1525.00 1808.00 3070.00  85.00 2795.00 138.00 155.00 4188.00 4103.00 4169.00 303.00 1035.00 1398.00 1782.00
756.00 840.00 136.00 1947.00  26.00   0.00 3304.00   0.00  15.00   0.00  37.00 849.00 1123.00 826.00
1140.00 1153.00 559.00 2008.00   0.00   0.00 729.00   0.00  70.00  19.00 3848.00 2008.00 1210.00 757.00
767.00 387.00 423.00 148.00 1367.00 4050.00   0.00   0.00   0.00   0.00   0.00 296.00 457.00 823.00
>MA0783.1 PKNOX2
 37.00   1.00 1124.00   0.00 1169.00   7.00  39.00   0.00   3.00  10.00  11.00 1190.00
  0.00   6.00   3.00 1250.00   0.00   0.00 304.00   4.00   1.00  29.00 1265.00   1.00
  9.00 1389.00  13.00   0.00   1.00 1298.00 702.00   0.00 1370.00   5.00   6.00  21.00
1192.00   0.00   6.00   9.00   4.00 118.00   0.00 1204.00   0.00 1167.00   3.00   9.00
>MA0646.1 GCM1
2522.00 21439.00 161.00 4371.00 1002.00 594.00   0.00   0.00 146.00 21439.00 789.00
8553.00 1811.00 154.00 274.00 21439.00 255.00   4.00  18.00 4992.00 2905.00 13412.00
5154.00 4010.00  96.00 21439.00 572.00 21439.00 21439.00 21439.00 147.00 7971.00 4829.00
5210.00 261.00 21439.00  15.00 880.00 3815.00  35.00  10.00 21439.00 2014.00 2409.00
>MA0593.1 FOXP2
330.00 340.00 160.00  59.00 766.00 766.00 766.00   0.00 766.00 297.00 332.00
113.00   7.00   0.00   0.00   0.00   0.00   0.00 757.00   0.00 154.00 124.00
190.00 142.00 606.00   0.00   0.00   0.00   0.00   0.00   0.00 293.00 184.00
133.00 277.00   0.00 707.00   0.00   0.00   0.00   9.00   0.00  22.00 126.00
>MA0850.1 FOXP3
 74.00  20.00 211.00 211.00 211.00   0.00 211.00
  0.00  52.00   0.00   0.00  15.00 211.00   0.00
137.00   0.00   0.00   9.00  49.00  32.00  18.00
  0.00 211.00  31.00   8.00   0.00  39.00   0.00
>MA0844.1 XBP1
4396.00 3270.00 1104.00 974.00 3699.00 167.00 7840.00   9.00  52.00   0.00 380.00 8004.00 230.00 989.00
558.00 1017.00 1191.00 367.00 3809.00 7169.00  17.00 7356.00   0.00  16.00 7264.00  48.00 2273.00 6313.00
801.00 2413.00 2669.00 9168.00  59.00 222.00 276.00   2.00 11353.00   8.00  47.00 173.00 3157.00 1217.00
2467.00 1780.00 3999.00 2321.00 247.00 442.00 118.00  10.00  10.00 9107.00  35.00  92.00 6389.00 1250.00
>MA0843.1 TEF
541.00 1971.00  90.00 107.00 3601.00  17.00 1324.00   0.00 3601.00 3601.00   0.00 1383.00
1053.00 372.00  18.00   0.00   0.00 3601.00   0.00 133.00  76.00   0.00 2120.00 1141.00
853.00 1630.00   5.00  31.00 108.00   0.00 2277.00  43.00  11.00  19.00 269.00 554.00
1154.00   8.00 3601.00 3601.00   0.00 446.00   0.00 3601.00 161.00  10.00 1481.00 522.00
>MA0032.2 FOXC1
6452.00 14324.00 7893.00 4858.00 2496.00 13117.00 18489.00 18489.00 122.00 18489.00 6702.00
772.00 728.00 2008.00 336.00 1652.00 5372.00 108.00  56.00 8782.00  27.00 1558.00
304.00 4165.00 2422.00 13631.00 390.00  21.00   0.00 141.00 165.00 433.00 1107.00
12038.00 1386.00 10596.00  51.00 18489.00  45.00  57.00 112.00 9708.00 184.00 11787.00
>MA0845.1 FOXB1
2393.00 5343.00 1983.00 1159.00 180.00 4891.00 6841.00 6841.00  28.00 6841.00 1704.00
272.00 263.00 218.00  54.00 240.00 1950.00 213.00  47.00 2252.00   0.00 573.00
190.00 1498.00 409.00 6841.00 113.00  75.00   0.00  47.00 104.00 157.00 556.00
4448.00 561.00 4858.00 124.00 6841.00  73.00 381.00 216.00 4589.00 147.00 4008.00
>MA0846.1 FOXC2
8939.00 20456.00 11301.00 6418.00 2005.00 20456.00 20456.00 20456.00  31.00 20456.00 13296.00 10995.00
1279.00 1652.00 3476.00 440.00 3773.00 6759.00 344.00 105.00 14435.00 101.00 2087.00 3080.00
454.00 5093.00 3129.00 14038.00 321.00  87.00  81.00 279.00  68.00 328.00 1710.00 2649.00
11517.00 2080.00 9155.00 136.00 20456.00 122.00 107.00 242.00 6021.00 215.00 7160.00 9461.00
>MA0849.1 FOXO6
1445.00 154.00 7025.00 7025.00 7025.00   0.00 7025.00
  0.00   0.00 1147.00 195.00   0.00 7025.00   0.00
7025.00  32.00   7.00   0.00   0.00  31.00  13.00
  0.00 7025.00   0.00  26.00   0.00 385.00   0.00
>MA0848.1 FOXO4
1669.00 345.00 5378.00 5378.00 5378.00  58.00 5378.00
 13.00  69.00 1259.00 146.00   0.00 5378.00  10.00
5378.00 123.00  32.00  19.00  90.00  33.00  10.00
  0.00 5378.00  20.00  20.00  10.00 958.00  40.00
>MA1480.1 DPRX
4696.00 936.00 5801.00   0.00 8562.00 8562.00   0.00 1014.00 303.00 1521.00
1411.00 1011.00 2761.00   0.00 1730.00   0.00   0.00 8562.00 8562.00 2970.00
1509.00 8562.00 110.00   0.00 1121.00   0.00 198.00 222.00 754.00 2269.00
945.00 437.00 370.00 8562.00 1071.00   0.00 8562.00 350.00 3231.00 1802.00
>MA1479.1 DMRTC2
654.00 643.00 185.00  48.00   0.00 459.00 100.00 873.00   0.00 873.00 242.00 142.00
102.00  60.00  78.00  90.00  12.00 267.00  80.00   6.00 873.00   0.00 165.00 141.00
 83.00 107.00  36.00 134.00 873.00   1.00   7.00   0.00   2.00  40.00  80.00 153.00
219.00 230.00 873.00 873.00   0.00 147.00 873.00   5.00   0.00  73.00 873.00 437.00
>MA1481.1 DRGX
1172.00 1079.00 14867.00 14867.00   0.00   0.00 14867.00 3117.00
8180.00 5997.00 501.00   0.00   0.00 813.00  17.00 4651.00
2692.00 1111.00 2037.00   0.00   0.00 209.00 962.00 3995.00
6687.00 8870.00   0.00   0.00 14867.00 14867.00 144.00 3105.00
>MA1476.1 DLX5
2115.00 125.00 12919.00 12919.00   0.00   0.00 12919.00 2285.00
3457.00 7614.00  68.00   0.00   0.00   0.00   0.00 3811.00
5502.00   0.00  47.00   0.00   0.00   0.00   0.00 3096.00
1845.00 5305.00   0.00   0.00 12919.00 12919.00   0.00 3727.00
>MA0468.1 DUX4
7297.00 37001.00 38217.00 5228.00   0.00   0.00 35278.00 38217.00   0.00   0.00 33798.00
2495.00   0.00   0.00 11675.00 16478.00 13951.00 2889.00   0.00   0.00 37408.00   0.00
979.00 1216.00   0.00 2002.00 4981.00 6127.00   0.00   0.00   0.00   0.00   0.00
27446.00   0.00   0.00 19312.00 16758.00 18139.00  50.00   0.00 38217.00 809.00 4419.00
>MA1478.1 DMRTA2
765.00 839.00 822.00 324.00   0.00 727.00 578.00 1710.00   0.00 1710.00 931.00 357.00
320.00 183.00 433.00 773.00   1.00 527.00 147.00   9.00 1710.00  23.00 378.00 399.00
276.00 292.00 380.00 557.00 1710.00  10.00  29.00  71.00   0.00  78.00 662.00 432.00
348.00 395.00 1710.00 1710.00   6.00 983.00 1710.00  13.00   3.00 261.00 1710.00 1710.00
>MA1484.1 ETS2
5261.00 16738.00 643.00 1279.00   7.00   4.00 16738.00 11582.00 3050.00   0.00
2830.00 471.00 16738.00 16738.00   0.00   7.00  13.00 204.00   0.00 8136.00
5702.00 3136.00 1306.00   0.00 16738.00 16738.00   7.00   0.00 13730.00 415.00
2945.00 727.00   0.00   0.00   5.00   0.00   0.00 4953.00   0.00 8190.00
>MA1483.1 ELF2
9934.00 20352.00 6114.00 544.00 592.00   0.00  21.00 20352.00 20352.00 3123.00 946.00 8041.00
2913.00 1981.00 20352.00 20352.00 20352.00   0.00   2.00   5.00   6.00 383.00 2943.00 2743.00
3382.00 428.00 980.00 1806.00   5.00 20352.00 20352.00   6.00   0.00 20352.00 177.00 7278.00
4123.00 3941.00 2372.00  17.00   7.00   0.00   8.00   0.00  89.00   0.00 20352.00 2291.00
>MA0115.1 NR1H2::RXRA
 17.00  17.00  20.00   0.00   0.00   0.00   0.00  25.00  24.00  25.00   0.00   0.00   0.00   0.00  25.00  20.00   0.00
  5.00   1.00   0.00   0.00   0.00   0.00  25.00   0.00   0.00   0.00   0.00   0.00   0.00  25.00   0.00   1.00  15.00
  0.00   5.00   5.00  25.00  24.00   0.00   0.00   0.00   0.00   0.00  25.00  25.00   0.00   0.00   0.00   2.00   6.00
  3.00   2.00   0.00   0.00   1.00  25.00   0.00   0.00   1.00   0.00   0.00   0.00  25.00   0.00   0.00   2.00   4.00
>MA0119.1 NFIC::TLX1
  0.00   0.00   0.00   0.00  14.00   2.00   2.00   7.00   4.00   0.00   0.00   0.00  16.00  14.00
  0.00   0.00   0.00  16.00   1.00   8.00   8.00   1.00   3.00   0.00  16.00  16.00   0.00   0.00
  0.00  16.00  16.00   0.00   0.00   5.00   4.00   5.00   2.00  16.00   0.00   0.00   0.00   1.00
 16.00   0.00   0.00   0.00   1.00   1.00   2.00   3.00   7.00   0.00   0.00   0.00   0.00   1.00
>MA0047.3 FOXA2
112241.00 93740.00 18770.00 3737.00 243805.00 223061.00 248214.00 2411.00 246665.00 76950.00 85410.00
34080.00 12432.00 2928.00 2037.00 9424.00 22429.00 3329.00 196969.00 3086.00 50576.00 53633.00
63806.00 38538.00 236311.00 1890.00 2641.00 6484.00 2805.00 3603.00 2984.00 50527.00 56632.00
52026.00 117443.00 4144.00 254489.00 6283.00 10179.00 7805.00 59170.00 9418.00 84100.00 66478.00
>MA0852.2 FOXK1
329.00 416.00 247.00 143.00  60.00 1003.00 999.00 1022.00  10.00 1015.00 512.00 185.00 242.00 283.00
184.00 175.00 142.00  28.00   5.00  37.00  37.00  13.00 958.00  16.00 199.00 201.00 269.00 288.00
258.00 270.00 272.00 868.00  44.00  10.00  11.00  10.00  12.00  12.00 204.00 568.00 362.00 270.00
285.00 195.00 395.00  17.00 947.00   6.00   9.00  11.00  76.00  13.00 141.00 102.00 183.00 215.00
>MA0036.3 GATA2
3303.00 1986.00 940.00 444.00 417.00 14098.00 145.00  96.00 2373.00 2912.00 3278.00
2978.00 4099.00 10607.00 259.00  34.00  14.00  77.00 13786.00 492.00 3714.00 3874.00
3201.00 2966.00 1223.00 150.00  21.00  43.00  48.00 126.00 367.00 3656.00 2216.00
4731.00 5162.00 1443.00 13360.00 13741.00  58.00 13943.00 205.00 10981.00 3931.00 4845.00
>MA0599.1 KLF5
1429.00   0.00   0.00 3477.00   0.00 5051.00   0.00   0.00   0.00 3915.00
2023.00 11900.00 12008.00 9569.00 13611.00   0.00 13611.00 13611.00 13135.00 5595.00
7572.00   0.00   0.00   0.00   0.00 5182.00   0.00   0.00   0.00   0.00
2587.00 1711.00 1603.00 565.00   0.00 3378.00   0.00   0.00 476.00 4101.00
>MA1142.1 FOSL1::JUND
265.00 551.00  30.00  22.00 864.00  49.00  98.00 270.00 912.00 174.00
221.00 127.00  23.00  61.00  12.00 581.00  45.00 641.00  40.00 212.00
279.00 282.00  34.00 777.00  82.00 191.00 187.00  25.00  17.00 144.00
235.00  40.00 913.00 140.00  41.00 180.00 669.00  64.00  31.00 470.00
>MA1151.1 RORC
306.00 329.00 855.00 527.00 225.00  43.00 623.00   5.00  36.00  59.00   6.00 785.00
179.00 114.00  14.00  10.00 249.00  87.00  24.00   2.00   3.00 112.00 822.00  12.00
260.00 141.00  11.00  32.00 277.00 116.00 343.00 919.00 952.00 168.00  19.00 161.00
255.00 416.00 120.00 431.00 249.00 753.00  11.00  74.00   8.00 661.00 153.00  42.00
>MA0065.1 PPARG::RXRA
 10.00   7.00  19.00  13.00  17.00   0.00   0.00   0.00   2.00  41.00  41.00  39.00   0.00   0.00   0.00   2.00  38.00  10.00  13.00   7.00
 12.00  13.00   4.00   1.00   0.00   0.00   0.00   2.00  37.00   0.00   0.00   0.00   0.00   0.00   2.00  36.00   1.00  12.00  15.00  10.00
  7.00   8.00   6.00  27.00  24.00  41.00  39.00   0.00   2.00   0.00   0.00   2.00  41.00  39.00   0.00   1.00   2.00   4.00   9.00  12.00
 12.00  13.00  12.00   0.00   0.00   0.00   2.00  39.00   0.00   0.00   0.00   0.00   0.00   2.00  39.00   2.00   0.00  15.00   4.00  12.00
>MA1149.1 RARA::RXRG
345.00 496.00  13.00  11.00   5.00  18.00 874.00 272.00 215.00 211.00 344.00 348.00 495.00  26.00  12.00  60.00  73.00 702.00
113.00  38.00   3.00   3.00  15.00 831.00   5.00 239.00 249.00 212.00 199.00 133.00  90.00   4.00   5.00 112.00 696.00  53.00
413.00 460.00 954.00 828.00  71.00  58.00 111.00 154.00 320.00 272.00 231.00 397.00 390.00 927.00 815.00 226.00  97.00 206.00
129.00   6.00  30.00 158.00 909.00  93.00  10.00 334.00 215.00 305.00 227.00 121.00  25.00  43.00 169.00 601.00 135.00  40.00
>MA1148.1 PPARA::RXRA
548.00 431.00 247.00  61.00 492.00  68.00  80.00  42.00 131.00 887.00 669.00 807.00 111.00  18.00  17.00  90.00 689.00 222.00
140.00  73.00 211.00  94.00  95.00  19.00  15.00 157.00 445.00  16.00  24.00  25.00  16.00  14.00  49.00 598.00  37.00 237.00
108.00  60.00 332.00 238.00 370.00 843.00 856.00 245.00 201.00  67.00 208.00 143.00 862.00 784.00 115.00 146.00 230.00 243.00
204.00 437.00 210.00 608.00  42.00  71.00  49.00 556.00 223.00  30.00  99.00  25.00  11.00 184.00 818.00 166.00  43.00 298.00
>MA1147.1 NR4A2::RXRA
288.00 498.00  20.00  51.00  46.00   7.00 592.00 248.00   2.00  70.00 926.00 157.00  40.00   5.00 104.00
212.00 124.00  11.00   7.00 134.00 824.00  38.00  60.00  69.00  82.00  54.00 830.00 937.00 535.00 473.00
371.00 348.00 924.00 804.00 128.00  31.00 343.00  87.00   5.00 836.00  17.00   2.00   4.00  23.00 180.00
130.00  29.00  46.00 139.00 691.00 138.00  27.00 604.00 924.00  12.00   3.00  11.00  20.00 437.00 244.00
>MA0069.1 PAX6
  2.00   2.00   4.00  39.00   3.00   1.00   1.00  21.00   1.00   2.00  36.00  11.00   1.00   1.00
  4.00   2.00  26.00   2.00  34.00   0.00  37.00   2.00   4.00  14.00   0.00  11.00   5.00   0.00
  4.00   0.00   1.00   1.00   1.00  41.00   4.00   2.00   1.00  25.00   6.00  13.00   3.00  17.00
 33.00  39.00  12.00   1.00   5.00   1.00   1.00  18.00  37.00   2.00   1.00   8.00  34.00  25.00
>MA1145.1 FOSL2::JUND(var.2)
198.00 219.00 559.00  26.00   7.00 943.00  12.00 135.00  28.00  33.00 972.00  23.00 217.00 162.00 248.00
177.00 189.00  45.00  27.00  46.00   6.00 911.00  15.00  12.00 942.00   6.00 345.00 434.00 222.00 288.00
286.00 340.00 340.00  10.00 678.00  31.00  35.00 823.00  10.00  15.00  11.00  55.00 104.00 416.00 241.00
339.00 252.00  57.00 937.00 268.00  20.00  41.00  28.00 950.00  11.00  11.00 577.00 245.00 200.00 223.00
>MA1144.1 FOSL2::JUND
137.00 634.00   0.00   0.00 998.00  46.00   6.00 140.00 999.00  38.00
143.00  60.00   0.00   0.00   1.00 604.00   0.00 860.00   0.00 266.00
446.00 291.00   0.00 990.00   0.00 292.00  60.00   0.00   0.00 113.00
275.00  14.00 999.00  10.00   0.00  58.00 934.00   0.00   0.00 583.00
>MA0070.1 PBX1
  5.00   3.00  16.00   1.00   0.00  17.00  17.00   0.00   0.00  16.00  12.00   8.00
  6.00   9.00   1.00   1.00  18.00   1.00   0.00   0.00  18.00   1.00   0.00   2.00
  2.00   3.00   1.00   0.00   0.00   0.00   0.00   1.00   0.00   0.00   1.00   2.00
  5.00   3.00   0.00  16.00   0.00   0.00   1.00  17.00   0.00   1.00   5.00   6.00
>MA0071.1 RORA
 15.00   9.00   6.00  11.00  21.00   0.00   0.00   0.00   0.00  25.00
  1.00   1.00  12.00   2.00   0.00   0.00   0.00   0.00  25.00   0.00
  2.00   0.00   4.00   5.00   4.00  25.00  25.00   0.00   0.00   0.00
  7.00  15.00   3.00   7.00   0.00   0.00   0.00  25.00   0.00   0.00
>MA0831.2 TFE3
  1.00 719.00   1.00 129.00   4.00   1.00 815.00   3.00
996.00  34.00 830.00   9.00   4.00   1.00  77.00 522.00
  1.00 109.00   5.00 861.00   4.00 997.00  70.00  37.00
  1.00 138.00 164.00   1.00 988.00   1.00  38.00 438.00
>MA1152.1 SOX15
 32.00  62.00 631.00   3.00   3.00  83.00  24.00 180.00 215.00 241.00
554.00 412.00   3.00   3.00   2.00  21.00   2.00 188.00 253.00 188.00
147.00  26.00   5.00   6.00   2.00 890.00   3.00 125.00 114.00 165.00
267.00 501.00 362.00 988.00 994.00   5.00 971.00 506.00 418.00 407.00
>MA1594.1 ZNF382
3566.00 620.00 305.00 1784.00 276.00 3587.00 155.00 4177.00 420.00  93.00 4192.00  58.00 600.00 4204.00  14.00 1957.00 558.00 3943.00 122.00 915.00 184.00 360.00 3404.00 171.00
119.00 120.00 332.00  47.00  41.00 246.00 2049.00  16.00 232.00 2762.00  12.00 3882.00 1693.00  16.00 4073.00 1446.00  43.00  62.00 1605.00 2982.00 3607.00 2615.00 153.00 3415.00
342.00 2797.00 3518.00 2131.00 3822.00 307.00 305.00  44.00 163.00  36.00  25.00 170.00  31.00  24.00  39.00  91.00 3578.00 167.00  95.00 143.00  61.00  88.00 249.00 143.00
225.00 715.00  97.00 290.00 113.00 112.00 1743.00  15.00 3437.00 1361.00  23.00 142.00 1928.00   8.00 126.00 758.00  73.00  80.00 2430.00 212.00 400.00 1189.00 446.00 523.00
>MA1593.1 ZNF317
2959.00 4274.00 9381.00 281.00 10344.00 691.00 395.00 9323.00 284.00 10825.00 2072.00 3852.00
1201.00 2141.00 357.00 10821.00  85.00 192.00 10608.00 250.00 186.00 208.00 4399.00 1709.00
1985.00 3670.00 480.00 183.00 317.00 10374.00 223.00 289.00 10730.00 206.00 1334.00 1481.00
5318.00 1378.00 1245.00 178.00 717.00 206.00 237.00 1601.00 263.00 224.00 3658.00 4421.00
>MA1592.1 ZNF274
7978.00 10812.00 1041.00 16867.00 139.00  11.00 30115.00 1770.00  71.00 114.00  15.00   0.00   5.00 8629.00 4050.00 7599.00
7294.00 4819.00 9979.00  23.00 300.00   5.00  19.00 2889.00  20.00 13338.00 31181.00   0.00 29919.00 907.00 15335.00 5479.00
8315.00 17492.00 2362.00 13540.00 4331.00 31185.00 1445.00 29909.00 104.00   0.00   6.00   0.00   0.00 20538.00 6974.00 8877.00
7598.00 3308.00 26041.00 2655.00 29357.00   0.00 1242.00 164.00 31153.00 27470.00   8.00 31180.00 2991.00 5406.00 12410.00 9231.00
>MA1589.1 ZNF140
325.00 1140.00 279.00  29.00 1708.00  26.00  10.00 522.00  11.00 1823.00 1816.00   8.00  71.00  19.00  29.00 221.00 310.00 338.00 455.00 234.00 280.00
272.00 173.00  38.00  10.00  14.00  11.00 875.00   6.00   1.00   2.00   9.00  87.00  33.00  10.00 1606.00 128.00 131.00 159.00 190.00 290.00 966.00
258.00 341.00 1223.00 1788.00 108.00 1787.00  36.00 1194.00 1812.00   7.00  12.00  27.00  48.00 1806.00  22.00  69.00 1241.00 1168.00 1005.00 248.00 253.00
985.00 186.00 300.00  13.00  10.00  16.00 919.00 118.00  16.00   8.00   3.00 1718.00 1688.00   5.00 183.00 1422.00 158.00 175.00 190.00 1068.00 341.00
>MA1588.1 ZNF136
1129.00 1628.00 3078.00  38.00  27.00  57.00  39.00 433.00 287.00 110.00 157.00  83.00 165.00 1889.00 575.00
142.00 151.00  29.00  34.00  69.00 2910.00  83.00  93.00  17.00  48.00 672.00  60.00  40.00 120.00 1973.00
1820.00 286.00  69.00  34.00  27.00  31.00  46.00 511.00 2799.00 2995.00  33.00 102.00 2904.00 1048.00  82.00
110.00 1136.00  25.00 3095.00 3078.00 203.00 3033.00 2164.00  98.00  48.00 2339.00 2956.00  92.00 144.00 571.00
>MA1587.1 ZNF135
 49.00  16.00   4.00   7.00  60.00 886.00  17.00   1.00   1.00   3.00  36.00  55.00 303.00 449.00
595.00 858.00  37.00 772.00  25.00   3.00 896.00 939.00   6.00 936.00 800.00 399.00  66.00  35.00
122.00  22.00  15.00  10.00 862.00  52.00  26.00   2.00   2.00   6.00   7.00  48.00 523.00 421.00
182.00  52.00 892.00 159.00   1.00   7.00   9.00   6.00 939.00   3.00 105.00 446.00  56.00  43.00
>MA1585.1 ZKSCAN1
4633.00 187.00 6054.00  18.00   0.00 6079.00  12.00  13.00 605.00 1273.00
456.00 2268.00  53.00   5.00   0.00  48.00 101.00  12.00 1303.00 1480.00
584.00 364.00  20.00 6092.00   0.00   0.00 5980.00 6075.00 750.00 2880.00
454.00 3308.00   0.00  12.00 6127.00   0.00  34.00  27.00 3469.00 494.00
>MA1633.1 BACH1
3257.00 6929.00 105.00  97.00 15046.00 443.00 650.00 576.00 14778.00 339.00 769.00 8799.00 4492.00
3946.00 3833.00 267.00 149.00 230.00 12597.00 220.00 14563.00 194.00 623.00 13382.00 2167.00 3574.00
4835.00 3848.00 149.00 14831.00 167.00 2083.00 266.00 178.00 310.00 13050.00 858.00 1971.00 3553.00
3519.00 947.00 15036.00 480.00 114.00 434.00 14421.00 240.00 275.00 1545.00 548.00 2620.00 3938.00
>MA1529.1 NHLH2
4834.00 4312.00 3741.00 4921.00 5603.00 2378.00   2.00 21364.00   6.00 525.00   0.00   0.00 693.00 210.00 1184.00 3766.00 6392.00 3601.00
2655.00 2219.00 1065.00 6141.00 15451.00 2324.00 21359.00   0.00 2459.00 20268.00  14.00   2.00 20611.00 204.00 7207.00 18351.00 13462.00 11271.00
9732.00 13903.00 18450.00 4908.00 671.00 18930.00   2.00  26.00 20096.00 2266.00   3.00 21363.00 275.00 20977.00 1520.00 1183.00 1579.00 2264.00
4143.00 5198.00 2763.00 5394.00 151.00 2634.00   5.00   1.00 1054.00   0.00 21358.00   0.00 1230.00 740.00 13503.00 2533.00 3330.00 4228.00
>MA1530.1 NKX6-3
1400.00   0.00 153.00 6906.00   0.00   0.00 6906.00 6906.00 3050.00
2731.00 4562.00 6753.00   0.00   0.00 467.00   0.00 789.00 1370.00
2723.00   0.00 533.00   0.00   0.00   0.00 701.00 379.00 885.00
 51.00 6906.00 626.00   0.00 6906.00 6906.00   0.00 3753.00 1601.00
>MA1531.1 NR1D1
3233.00  16.00  51.00   0.00   0.00 6595.00 625.00  20.00 3576.00   0.00   8.00 213.00   1.00 6595.00 1674.00
358.00   2.00   0.00 206.00 6595.00   2.00 1241.00 117.00  92.00   0.00   0.00 429.00 6595.00   4.00 1532.00
3362.00 6595.00 6595.00 1647.00   2.00   2.00 4428.00 213.00 3018.00 6595.00 6595.00 700.00  89.00 917.00 1809.00
 43.00 723.00  12.00 6595.00 4243.00   7.00 301.00 6595.00  11.00 1113.00   6.00 6595.00 344.00  20.00 1580.00
>MA1532.1 NR1D2
738.00  36.00  43.00   5.00  61.00 1655.00 236.00  69.00 765.00  14.00  40.00 136.00  32.00 1655.00 390.00
121.00   1.00   4.00  92.00 1655.00   0.00 299.00 128.00  34.00   0.00   4.00 125.00 1655.00  18.00 278.00
917.00 1655.00 1655.00 470.00  23.00  29.00 865.00 191.00 890.00 1655.00 1655.00 268.00 134.00 554.00 457.00
 62.00 557.00  56.00 1655.00 2518.00  91.00 255.00 1655.00  40.00 797.00  17.00 1655.00 662.00  94.00 530.00
>MA1525.1 NFATC4
1652.00 4349.00  95.00   0.00   0.00 4349.00 4349.00 4349.00 4349.00 1132.00
916.00 329.00 1534.00   0.00   0.00  39.00   0.00 1084.00 3276.00 632.00
963.00 2369.00   0.00 4349.00 4349.00   0.00   0.00 127.00 1789.00 348.00
819.00 843.00 2816.00   0.00   0.00   0.00   0.00 259.00 1292.00 2239.00
>MA1527.1 NFIC(var.2)
398.00 167.00   0.00   0.00   0.00 100.00 696.00 389.00 443.00 476.00 203.00   0.00   0.00   3.00 2118.00 1086.00 364.00
560.00 616.00   0.00   0.00   3.00 2118.00 268.00 705.00 580.00 382.00 340.00   0.00 2118.00 2118.00   0.00  19.00 695.00
761.00  65.00   5.00 2118.00 2118.00   0.00 694.00 492.00 678.00 881.00  97.00 2118.00  13.00   0.00   0.00 1032.00 647.00
399.00 2118.00 2118.00   0.00   0.00   0.00 461.00 531.00 417.00 379.00 2118.00   0.00   0.00   0.00   0.00 154.00 412.00
>MA1528.1 NFIX(var.2)
3182.00 4530.00 127.00   0.00   0.00 1819.00 7104.00 3125.00 3061.00 3423.00 1773.00   0.00   0.00   0.00 17346.00 8330.00 2858.00
4287.00 3912.00 231.00   0.00   0.00 17346.00 1890.00 5920.00 4769.00 2529.00 2300.00   0.00 17346.00 17346.00 1856.00 2165.00 5304.00
6640.00 3397.00 2386.00 17346.00 17346.00   0.00 5090.00 3846.00 5991.00 7942.00 1423.00 17346.00   0.00   0.00  63.00 9016.00 5740.00
3238.00 17346.00 17346.00   0.00   0.00 175.00 3262.00 4455.00 3525.00 3453.00 17346.00 459.00   0.00   0.00 314.00 3322.00 3443.00
>MA1533.1 NR1I2
 58.00   4.00   9.00 164.00 164.00   3.00   7.00   9.00  51.00  66.00   0.00  21.00 164.00 164.00   0.00   1.00  11.00
 18.00  60.00   0.00  40.00  61.00 164.00  50.00  86.00  30.00  23.00  46.00   2.00  41.00  51.00 164.00  54.00  83.00
 55.00   9.00 164.00  24.00   0.00   1.00   3.00  51.00  56.00  40.00   0.00 164.00  12.00   2.00   0.00   5.00  33.00
 33.00 103.00   2.00  13.00   0.00   0.00 114.00  18.00  27.00  36.00 117.00   9.00   5.00   0.00   3.00 109.00  37.00
>MA1534.1 NR1I3
23587.00 162.00 6626.00 48424.00 48424.00   0.00   0.00 14101.00 11057.00
4558.00 11168.00 100.00 2613.00 2972.00 48424.00 1870.00 15443.00 8163.00
13053.00   0.00 48424.00 342.00   0.00   0.00   0.00 3267.00 4479.00
7226.00 48424.00   0.00 791.00   0.00   0.00 48424.00 34323.00 37367.00
>MA0644.1 ESX1
10665.00 6473.00 2884.00 35623.00 35623.00 756.00 3721.00 35623.00 12065.00 7586.00
8153.00 15223.00 17981.00 3018.00 2440.00 995.00 4545.00 477.00 7659.00 14583.00
9485.00 5362.00 472.00 3416.00 867.00   4.00 1274.00 449.00 10210.00 6231.00
7321.00 8564.00 17642.00 2400.00 1089.00 35623.00 35623.00 2501.00 5689.00 7223.00
>MA0642.1 EN2
402.00 212.00  10.00 1648.00 1648.00   0.00   0.00 1648.00 350.00 181.00
564.00 681.00 1024.00 297.00 105.00   0.00 420.00   0.00 491.00 708.00
456.00 412.00  35.00 164.00   7.00   0.00 203.00  45.00 630.00 476.00
225.00 343.00 624.00  53.00   0.00 1648.00 1648.00   0.00 177.00 283.00
>MA0759.1 ELK3
2237.00 269.00 120.00   1.00   2.00 2237.00 2237.00 498.00 151.00 778.00
294.00 2237.00 2237.00   0.00   4.00   7.00  43.00 245.00 487.00 318.00
713.00 223.00  14.00 2237.00 2237.00   3.00   0.00 2237.00 168.00 649.00
456.00  77.00   8.00   0.00  78.00   1.00 353.00  58.00 2237.00 492.00
>MA0033.2 FOXL1
2102.00  10.00 4780.00 4780.00 4780.00   0.00 4780.00
 13.00 416.00 628.00  38.00  82.00 3723.00  54.00
2678.00   0.00  57.00   0.00  50.00   0.00   0.00
140.00 4780.00   0.00  15.00   0.00 1057.00  17.00
>MA0042.2 FOXI1
618.00  74.00 5175.00 5175.00 5175.00 157.00 5175.00
 39.00  60.00 540.00  23.00  23.00 5175.00  12.00
5175.00  35.00  37.00   0.00  29.00  48.00  25.00
  0.00 5175.00   0.00   0.00  66.00 810.00   0.00
>MA0475.2 FLI1
43586.00 2926.00 2806.00   5.00   0.00 43586.00 43586.00 19102.00 897.00 10642.00
1460.00 43586.00 43586.00   0.00   0.00  21.00 230.00 563.00 11173.00 7716.00
5132.00 1858.00  90.00 43586.00 43586.00  19.00  24.00 24484.00 1986.00 18560.00
4483.00 292.00   0.00   2.00  60.00  11.00 6065.00  83.00 32413.00 6668.00
>MA0645.1 ETV6
9414.00 342.00 1476.00   7.00  21.00 6687.00 6687.00 768.00 184.00 2049.00
6562.00 2394.00 6379.00   0.00   0.00   0.00  13.00  52.00 834.00 342.00
4684.00 4292.00 397.00 6687.00 6687.00   7.00  32.00 6687.00 233.00 3205.00
2002.00 441.00 308.00  13.00  22.00   0.00  41.00   0.00 6687.00 1091.00
>MA0754.1 CUX1
4099.00 25659.00 25659.00  71.00  51.00 9580.00 25659.00 150.00 25659.00 8168.00
4649.00 3296.00 109.00 294.00 25659.00 264.00  45.00  95.00 9420.00 7633.00
2401.00 15550.00 192.00  77.00  53.00 16079.00  85.00  29.00 7560.00 3958.00
25659.00 7605.00 167.00 25659.00 595.00 130.00 231.00 25659.00 7079.00 5900.00
>MA0755.1 CUX2
8111.00 45569.00 45569.00 479.00  74.00 13767.00 45569.00 396.00 45569.00 19809.00
4573.00 5067.00 250.00 1841.00 45569.00 208.00  69.00 278.00 11730.00 9534.00
4247.00 23534.00 540.00 485.00  94.00 31803.00 163.00  66.00 7587.00 5056.00
45569.00 12191.00 345.00 45569.00 736.00 395.00 191.00 45569.00 12097.00 11171.00
>MA0752.1 ZNF410
661.00 1715.00   1.00 3985.00  50.00  69.00  12.00   0.00 3985.00   0.00 3987.00 3983.00   4.00 3930.00 1069.00 172.00 798.00
700.00 1872.00 3641.00   2.00  33.00 3949.00 3986.00 3986.00   5.00   9.00   8.00   2.00   6.00  17.00 1285.00 818.00 2628.00
950.00 399.00   0.00   1.00 124.00   1.00   0.00   1.00   1.00   0.00   0.00   3.00   0.00  43.00 619.00 788.00  93.00
1677.00   2.00 370.00   4.00 3827.00   4.00   0.00   0.00   2.00 3987.00   0.00   1.00 3984.00  24.00 1015.00 2274.00 520.00
>MA0157.2 FOXO3
 21.00   0.00 532.00 532.00 532.00  15.00 532.00 317.00
  0.00   0.00  16.00   1.00  10.00 532.00  11.00  12.00
532.00  13.00   5.00   0.00   0.00   0.00   0.00  36.00
  0.00 532.00   1.00   0.00   0.00   3.00   0.00 215.00
>MA0758.1 E2F7
222.00  38.00   0.00   0.00   0.00   0.00   0.00   2.00   0.00   0.00 912.00 930.00 859.00 608.00
 72.00   7.00   3.00   1.00 960.00 961.00 965.00   1.00 986.00 977.00   0.00   1.00   2.00   2.00
182.00  18.00   0.00   0.00   2.00  10.00   0.00 995.00   0.00  17.00   0.00   3.00   0.00   2.00
577.00 891.00 963.00 957.00   0.00   0.00   0.00   0.00   0.00   1.00   5.00   6.00  43.00 292.00
>MA0756.1 ONECUT2
1028.00 1363.00 2378.00 2378.00 2378.00 2378.00   8.00   6.00 893.00 2378.00  20.00 2378.00 1547.00 651.00
445.00 192.00 254.00 157.00  12.00   1.00   8.00 2378.00  16.00   2.00  14.00  84.00 576.00 526.00
539.00 515.00 375.00  83.00 114.00  18.00   9.00   0.00 1485.00   1.00   0.00 105.00 238.00 237.00
366.00 307.00 507.00 595.00  20.00   6.00 2378.00   5.00   0.00  22.00 2378.00 205.00 832.00 964.00
>MA0757.1 ONECUT3
2839.00 3851.00 6080.00 6080.00 6080.00 6080.00  32.00  23.00 3950.00 6080.00  43.00 6080.00 3620.00 1862.00
1022.00 379.00 274.00 173.00  28.00   5.00 103.00 6080.00  20.00   6.00   6.00 105.00 861.00 1271.00
1388.00 1141.00 498.00 112.00 102.00  41.00  14.00   3.00 2130.00   9.00   7.00 187.00 417.00 633.00
831.00 709.00 878.00 1221.00  54.00  11.00 6080.00   5.00  11.00  22.00 6080.00 345.00 1182.00 2315.00
>MA1466.1 ATF6
 87.00 148.00 743.00   0.00   3.00 1158.00   0.00   2.00   0.00  25.00   7.00  30.00 1158.00 240.00
234.00 234.00 192.00   2.00   3.00   1.00 1158.00   0.00   3.00   0.00   1.00 1158.00  56.00 301.00
114.00 1158.00 415.00   0.00 1158.00  11.00   0.00 1158.00   0.00 1158.00 1158.00   0.00 274.00 346.00
723.00 277.00   4.00 1158.00   4.00   2.00   1.00   0.00 1158.00  15.00 196.00  12.00  57.00 271.00
>MA0887.1 EVX1
1959.00 2045.00 1196.00 3899.00 7894.00   0.00 232.00 7894.00 1333.00 1432.00
1806.00 2506.00 2343.00 1752.00  29.00  67.00 463.00  14.00 2098.00 3318.00
3092.00 2629.00 269.00 1885.00 236.00 267.00 171.00 725.00 2720.00 1958.00
1037.00 714.00 7894.00 358.00   0.00 7894.00 7894.00 172.00 1743.00 1186.00
>MA0886.1 EMX2
10479.00 5704.00 834.00 37262.00 37262.00   0.00   0.00 37262.00 9139.00 5970.00
8412.00 13337.00 7761.00 4938.00   0.00   0.00   0.00   0.00 7124.00 13054.00
12802.00 10582.00   0.00 678.00   0.00   0.00 4025.00   0.00 17672.00 10195.00
5569.00 7639.00 29501.00 1236.00   0.00 37262.00 37262.00   0.00 3328.00 8043.00
>MA1418.1 IRF3
4596.00 3597.00 8451.00 12887.00 18311.00 19157.00 14210.00 288.00 154.00 19385.00 19350.00 19428.00 423.00 711.00 394.00 19322.00 19386.00 19410.00 569.00 4482.00 8274.00
6118.00 7115.00 700.00  17.00  83.00 214.00 14600.00 7338.00  14.00  15.00  15.00  22.00 18363.00 18316.00   8.00 137.00  51.00  84.00 17758.00 12661.00 2072.00
7839.00 9273.00 14773.00 9047.00 3484.00 193.00 5575.00 26852.00 27999.00  55.00  59.00  43.00 1150.00 3396.00 27995.00  83.00  36.00  56.00 3274.00 4797.00 10606.00
4120.00 2952.00 2099.00 629.00 2153.00 377.00 6865.00 3058.00  19.00  10.00  54.00 324.00 864.00 2348.00   8.00  26.00 486.00 787.00 516.00 20225.00 2389.00
>MA1419.1 IRF4
10448.00 364.00 350.00 45331.00 45331.00 45331.00 187.00  27.00  57.00 45331.00 45331.00 45331.00 829.00 1377.00 25202.00
18876.00 45331.00  66.00 124.00   8.00   6.00 45331.00 45331.00   6.00  46.00  11.00  15.00 45331.00 17589.00 4640.00
2105.00  87.00 45331.00  91.00  25.00   4.00 593.00   4.00 45331.00   7.00  23.00   4.00 4251.00 253.00 5644.00
13901.00 5937.00  31.00 112.00 444.00   8.00 497.00 3801.00   3.00   5.00 1002.00  13.00  80.00 27742.00 9846.00
>MA1420.1 IRF5
 35.00  10.00  15.00 223.00 224.00 225.00   1.00   0.00 105.00 224.00 206.00 223.00  29.00  22.00
169.00 177.00   3.00   2.00   5.00   0.00 180.00 182.00  30.00  11.00   6.00  84.00 171.00  80.00
 22.00  17.00 357.00   6.00   4.00   5.00   0.00   0.00 365.00   7.00  25.00  12.00  25.00  23.00
 42.00  38.00  21.00   7.00  44.00   1.00   4.00  37.00   8.00   1.00  40.00  15.00  22.00 157.00
>MA1421.1 TCF7L1
109.00 159.00 159.00   0.00 159.00   0.00   5.00 159.00 159.00 159.00   0.00  28.00
 20.00   7.00   0.00  33.00   9.00   6.00 159.00   2.00   0.00   0.00   9.00   9.00
  6.00  30.00   0.00 126.00  13.00   9.00   0.00   1.00   0.00   2.00 159.00 113.00
 24.00   7.00   5.00   6.00  18.00 159.00   0.00   0.00   0.00   0.00   5.00   9.00
>MA0884.1 DUXA
224.00 241.00 655.00 1014.00 136.00  12.00  23.00 1014.00 1014.00   0.00   0.00 1014.00 364.00
313.00 285.00   5.00   6.00 394.00 392.00 344.00  56.00   7.00   1.00 1014.00  29.00 178.00
194.00 111.00 359.00  11.00 125.00 193.00 116.00  47.00  10.00   5.00   3.00  52.00 283.00
283.00 1014.00  12.00   5.00 620.00 417.00 1014.00  22.00   7.00 1014.00 108.00  92.00 189.00
>MA0882.1 DLX6
602.00 137.00 2623.00 2623.00  12.00  48.00 2623.00 703.00
925.00 1410.00 273.00 124.00   0.00 140.00  30.00 823.00
680.00  21.00 143.00   0.00   0.00  68.00  16.00 473.00
415.00 1212.00 184.00  56.00 2623.00 2623.00 193.00 624.00
>MA1524.1 MSGN1
1190.00 3096.00 663.00   0.00 6373.00 2424.00 3766.00  10.00   0.00 412.00 514.00 1388.00
2080.00 576.00 6373.00 6373.00   0.00 627.00 190.00 287.00  10.00 1132.00 3269.00 1976.00
1615.00 3277.00 1613.00  17.00 374.00 112.00 814.00  17.00 6373.00 3104.00 1503.00 1781.00
1488.00 408.00 726.00   0.00   0.00 3950.00 2607.00 6373.00   0.00 3269.00 3104.00 1228.00
>MA1523.1 MSANTD3
 98.00 111.00 332.00  64.00 980.00  31.00  37.00  47.00 775.00 271.00
269.00 211.00 272.00 723.00   0.00 896.00   7.00 862.00 140.00 568.00
515.00 220.00 249.00  31.00   2.00  27.00   0.00  29.00  24.00  63.00
117.00 456.00 145.00 180.00  16.00  45.00 954.00  60.00  59.00  96.00
>MA1128.1 FOSL1::JUN
208.00 172.00 602.00   1.00   3.00 994.00  26.00  33.00 159.00 984.00  57.00 296.00 277.00
246.00 159.00  89.00   2.00   2.00   2.00 826.00   2.00 835.00   4.00 245.00 308.00 289.00
253.00 380.00 283.00   1.00 957.00   2.00  51.00 140.00   2.00   9.00 119.00 173.00 237.00
293.00 289.00  26.00 996.00  38.00   3.00  97.00 826.00   4.00   4.00 579.00 223.00 196.00
>MA1516.1 KLF3
7717.00 24771.00 1442.00 298.00 26757.00 2261.00 4245.00 202.00  83.00  77.00 17029.00
2655.00 615.00 43259.00 43259.00 707.00 43259.00 334.00 43259.00 43259.00 43259.00 10099.00
26568.00 18489.00 1954.00 248.00 16503.00  21.00 43259.00  31.00  29.00  48.00 1514.00
6319.00 207.00 705.00 335.00 419.00 1409.00 1212.00   0.00   0.00 1218.00 14617.00
>MA0100.3 MYB
425.00 292.00   0.00 1478.00 1519.00   0.00   1.00   8.00 401.00 422.00
422.00 428.00 1513.00   3.00   2.00 1527.00  60.00   3.00 482.00 528.00
300.00 397.00   5.00  39.00   0.00   0.00  68.00 1516.00 147.00 225.00
380.00 410.00   9.00   7.00   6.00   0.00 1398.00   0.00 497.00 352.00
>MA1518.1 LHX1
2684.00 949.00 14954.00 14954.00   0.00 1101.00 14954.00 3023.00
4118.00 9230.00 4878.00 270.00   0.00 5413.00 495.00 5037.00
5234.00 572.00 4035.00  39.00   0.00 3100.00 617.00 3908.00
2918.00 5724.00 2084.00 569.00 14954.00 14954.00 2105.00 2986.00
>MA1517.1 KLF6
443.00 1035.00 569.00 432.00 2192.00   0.00 1024.00   0.00  25.00  71.00 955.00
624.00 490.00 2192.00 2192.00 284.00 2192.00   0.00 2192.00 2192.00 2192.00 665.00
626.00 1157.00 332.00 298.00  60.00   0.00 2192.00   0.00  60.00  12.00  52.00
499.00 136.00 219.00 140.00  60.00  24.00   0.00   0.00   0.00  64.00 520.00
>MA1520.1 MAF
968.00 213.00  80.00 364.00 439.00 316.00 2712.00 387.00 529.00 609.00 2904.00 216.00  48.00 2353.00 977.00
516.00 516.00  45.00 2837.00 243.00 185.00 343.00 1277.00  89.00 2776.00 103.00  51.00 2964.00  72.00 575.00
587.00  51.00 2938.00  53.00 116.00 2739.00 116.00 1431.00 404.00 156.00 314.00 2821.00  56.00 562.00 486.00
922.00 2397.00   8.00 219.00 2859.00 682.00 432.00 344.00 2715.00 301.00 359.00 329.00  66.00 210.00 955.00
>MA1519.1 LHX5
394.00   0.00 7142.00 7142.00   0.00   0.00 7142.00 2749.00
3420.00 2093.00 187.00   0.00   0.00 144.00   0.00 1576.00
3721.00   0.00   0.00   0.00   0.00  28.00 160.00 1483.00
1215.00 5049.00   0.00   0.00 7142.00 7142.00   0.00 1333.00
>MA1522.1 MAZ
2480.00 1819.00  17.00  49.00  36.00  39.00   6.00  90.00  23.00 1109.00 2016.00
5198.00 5068.00 14945.00 14630.00 14731.00 14676.00   0.00 14961.00 14944.00 9372.00 6775.00
4277.00 5163.00  75.00 384.00 290.00 347.00 130.00   8.00  96.00 1768.00 2539.00
3108.00 3013.00  26.00   0.00   6.00   1.00 14927.00   4.00   0.00 2814.00 3733.00
>MA1521.1 MAFA
2273.00 673.00 304.00 970.00 973.00 668.00 7498.00 602.00 1281.00 1204.00 8128.00 473.00  26.00 6132.00 2465.00
1563.00 1857.00 206.00 7939.00 986.00 475.00 1615.00 3985.00 240.00 7985.00 453.00 104.00 8371.00 223.00 2126.00
2152.00 316.00 8343.00 185.00 451.00 8028.00 317.00 4024.00 1781.00 422.00 889.00 7957.00 221.00 1956.00 1532.00
2475.00 6277.00 119.00 540.00 8138.00 1291.00 1231.00 657.00 7524.00 715.00 1123.00 973.00 258.00 802.00 2340.00
>MA0620.3 MITF
16903.00 17916.00 20979.00 23673.00 19441.00 2416.00 237.00 61547.00 313.00 14306.00 759.00 208.00 53124.00 2119.00 14149.00 16527.00 16378.00 17807.00
14427.00 14092.00 11587.00 7202.00 5205.00 4997.00 62666.00 751.00 47772.00 1140.00 469.00 416.00 2990.00 36765.00 18498.00 14437.00 15135.00 14383.00
14387.00 15140.00 14438.00 18498.00 36761.00 2991.00 416.00 469.00 1140.00 47768.00 751.00 62666.00 4999.00 5204.00 7207.00 11586.00 14097.00 14433.00
17810.00 16379.00 16523.00 14154.00 2120.00 53123.00 208.00 760.00 14302.00 313.00 61548.00 237.00 2414.00 19439.00 23673.00 20977.00 17917.00 16904.00
>MA1108.2 MXI1
5786.00 6184.00 109.00 21870.00  10.00 20506.00   0.00 527.00 2833.00 4945.00
4724.00 5841.00 21382.00   1.00 21552.00   0.00 507.00 114.00 5329.00 6343.00
6326.00 6078.00  97.00 170.00  18.00 1542.00   0.00 21232.00 7228.00 5394.00
5212.00 3945.00 460.00   7.00 468.00   0.00 21541.00 175.00 6658.00 5366.00
>MA0499.2 MYOD1
7175.00 9462.00 4549.00 349.00 32281.00 463.00 534.00 241.00 208.00 402.00 1808.00 9462.00 5687.00
11279.00 7103.00 5622.00 33328.00 583.00 25275.00 32504.00 563.00 386.00 2555.00 19052.00 10485.00 11760.00
8118.00 8444.00 21884.00 354.00 849.00 7336.00 932.00 366.00 33468.00 1699.00 4440.00 6202.00 7495.00
7728.00 9291.00 2245.00 269.00 587.00 1226.00 330.00 33130.00 238.00 29644.00 9000.00 8151.00 9358.00
>MA0500.2 MYOG
5310.00 8428.00 7159.00  86.00 21782.00  95.00 167.00 163.00 182.00 1667.00 4667.00 5018.00
6381.00 3754.00 2730.00 21988.00 176.00 130.00 21964.00 238.00 102.00 10792.00 5497.00 5660.00
5596.00 5483.00 10790.00 101.00 236.00 21963.00 131.00 179.00 21985.00 2706.00 3718.00 6369.00
5070.00 4692.00 1678.00 182.00 163.00 169.00  95.00 21777.00  88.00 7192.00 8475.00 5310.00
>MA0056.2 MZF1
2141.00 2477.00 5855.00 7149.00 106.00 100.00 135.00 111.00 117.00 6036.00 1693.00 2096.00 1762.00
2260.00 1944.00 1016.00 426.00  56.00 7949.00 7939.00 7919.00 7673.00 611.00 3007.00 2078.00 2206.00
1808.00 1543.00 999.00 385.00  98.00 100.00  54.00  58.00  83.00 484.00 1523.00 1482.00 1773.00
2033.00 2278.00 372.00 282.00 7982.00  93.00 114.00 154.00 369.00 1111.00 2019.00 2586.00 2501.00
>MA0089.2 NFE2L1
1244.00 878.00 992.00 2582.00  12.00  17.00 3336.00  51.00 218.00 185.00 3171.00  57.00  16.00 2857.00 1362.00 1145.00
703.00 946.00 853.00  57.00   5.00   7.00   4.00 2864.00  12.00 3049.00   9.00  18.00 3281.00  64.00 517.00 224.00
671.00 1050.00 742.00 706.00   2.00 3308.00  10.00 358.00  35.00  25.00  78.00 3018.00  33.00 142.00 694.00 305.00
738.00 482.00 769.00  11.00 3337.00  24.00   6.00  83.00 3091.00  97.00  98.00 263.00  26.00 293.00 783.00 1682.00
>MA0025.2 NFIL3
6368.00 9041.00 870.00 468.00 21353.00 659.00 1460.00 1358.00 21848.00 21911.00 2193.00 7671.00 6692.00
3904.00 3896.00 681.00 208.00 220.00 1511.00 467.00 12004.00 543.00 251.00 4959.00 5630.00 4929.00
5615.00 7261.00 518.00 1714.00 990.00 492.00 20459.00 454.00 171.00 360.00 2701.00 4152.00 4482.00
7109.00 2798.00 20927.00 20606.00 433.00 20334.00 610.00 9180.00 434.00 474.00 13143.00 5543.00 6893.00
>MA0502.2 NFYB
813.00 438.00 193.00 6983.00 134.00  84.00  53.00  63.00 154.00 154.00 3121.00 2317.00
3803.00 2705.00 5447.00 181.00 241.00  37.00  41.00  58.00 6488.00 5823.00 1670.00 1489.00
1421.00 901.00 1481.00  57.00 227.00 102.00 7250.00 7272.00 173.00 139.00 1635.00 2663.00
1417.00 3410.00 333.00 233.00 6852.00 7231.00 110.00  61.00 639.00 1338.00 1028.00 985.00
>MA0063.2 NKX2-5
1723.00 1526.00  96.00 5246.00 144.00 135.00 222.00 4819.00 4931.00 1485.00 1827.00
1024.00 1646.00 5002.00  48.00 5098.00  82.00 4319.00 120.00 165.00 1406.00 1251.00
1687.00 1318.00  24.00  76.00  49.00  61.00  62.00 217.00  98.00 1478.00 1084.00
1010.00 954.00 322.00  74.00 153.00 5166.00 841.00 288.00 250.00 1075.00 1282.00
>MA1112.2 NR4A1
3484.00 4463.00 14313.00 15268.00 15684.00 427.00 300.00 365.00  70.00 15126.00 4456.00 5239.00
3283.00 3563.00 236.00 117.00  62.00  92.00 166.00 824.00 14949.00 151.00 3987.00 3370.00
4159.00 3380.00 823.00 333.00 128.00 12434.00 14964.00 1358.00 151.00 329.00 4075.00 3887.00
5001.00 4521.00 555.00 209.00  53.00 2974.00 497.00 13380.00 757.00 321.00 3409.00 3431.00
>MA1640.1 MEIS2(var.2)
6212.00 6445.00 9929.00 3885.00 1478.00 19361.00 576.00 712.00 1623.00 19344.00 474.00 2623.00 5762.00 3882.00 4556.00
3311.00 4041.00 2365.00 468.00 302.00 207.00 268.00 201.00 582.00 177.00 1053.00 1089.00 1609.00 6518.00 5248.00
5768.00 4683.00 3896.00 1400.00 17326.00 224.00 499.00 278.00 1801.00 495.00 502.00 12862.00 8199.00 4176.00 3361.00
4882.00 5004.00 3983.00 14420.00 1067.00 381.00 18830.00 18982.00 16167.00 157.00 18144.00 3599.00 4603.00 5597.00 7008.00
>MA1639.1 MEIS1(var.2)
1824.00 1864.00 970.00 6383.00  80.00 2295.00 6063.00 6112.00 127.00 156.00 5433.00 1735.00 1872.00
1425.00 1979.00 4571.00  61.00  69.00 3580.00 336.00 214.00  87.00 6367.00 279.00 1504.00 1542.00
1902.00 762.00 183.00 218.00  83.00 252.00  33.00 192.00  63.00  61.00 152.00 934.00 1261.00
1585.00 2131.00 1012.00  74.00 6504.00 609.00 304.00 218.00 6459.00 152.00 872.00 2563.00 2061.00
>MA0821.1 HES5
216.00  47.00 764.00   0.00 1559.00   1.00   1.00   0.00   0.00   0.00   0.00 651.00
779.00   6.00  63.00 1559.00   0.00 1559.00   0.00   7.00   0.00 1559.00 1559.00 153.00
 30.00 1559.00 1559.00   0.00   1.00   0.00 1559.00   0.00 1559.00  14.00   1.00 475.00
535.00   1.00   0.00   0.00   0.00   1.00   0.00 1559.00   0.00 267.00  14.00 279.00
>MA0822.1 HES7
168.00  24.00 160.00   1.00 1864.00   0.00   4.00   3.00   2.00   8.00   0.00 946.00
790.00  19.00  29.00 1864.00   3.00 1864.00   1.00   3.00   1.00 1864.00 1864.00  47.00
 43.00 1864.00 1864.00   0.00   7.00   0.00 1864.00   1.00 1864.00   5.00   9.00 734.00
863.00   3.00   2.00   3.00   0.00   0.00   1.00 1864.00   0.00  93.00   9.00 137.00
>MA0819.1 CLOCK
226.00 429.00  11.00 429.00  16.00  40.00   3.00   0.00   1.00  89.00
 35.00  85.00 429.00   5.00 429.00   0.00   5.00   3.00 152.00 128.00
 93.00  89.00   2.00  15.00   0.00 429.00   5.00 429.00 110.00  39.00
 75.00  13.00   2.00   0.00  28.00   0.00 429.00   9.00 429.00 174.00
>MA1635.1 BHLHE22(var.2)
3886.00 4453.00   0.00 18267.00   1.00  14.00   0.00  14.00 1526.00 4398.00
5621.00 5110.00 18331.00  37.00  53.00 18288.00  52.00  15.00 7269.00 4447.00
4447.00 7267.00  11.00  52.00 18288.00  53.00  37.00 18327.00 5112.00 5625.00
4402.00 1526.00  14.00   0.00  14.00   1.00 18267.00   0.00 4449.00 3886.00
>MA1634.1 BATF
13555.00 22575.00 483.00 1139.00 45946.00 2051.00 1130.00 4742.00 45316.00 8146.00 16139.00
5742.00 8931.00 355.00 570.00 250.00 37333.00 306.00 40279.00 431.00 7566.00 12048.00
11492.00 8627.00 283.00 40617.00 341.00 5573.00 836.00 711.00 507.00 9681.00 5919.00
16219.00 6875.00 45887.00 4682.00 471.00 2051.00 44736.00 1276.00 754.00 21615.00 12902.00
>MA0818.1 BHLHE22
520.00 189.00   6.00 520.00   0.00 520.00  11.00   0.00   4.00  36.00
 26.00 229.00 520.00   6.00   2.00   4.00  48.00   2.00 193.00 254.00
172.00  99.00   0.00  24.00   0.00   2.00   0.00 520.00 123.00  21.00
 21.00   4.00   0.00   8.00 520.00   2.00 520.00   4.00 201.00 520.00
>MA0765.2 ETV5
4531.00 4782.00 19410.00 312.00 1043.00 222.00 243.00 367.00 1295.00 3017.00 4679.00
8003.00 10307.00 2443.00 24041.00 1145.00 956.00 25484.00 25061.00 1743.00 6921.00 8378.00
7117.00 6129.00 3017.00 994.00 408.00 816.00 336.00 498.00 18757.00 11944.00 6039.00
6667.00 5100.00 1448.00 971.00 23722.00 24324.00 255.00 392.00 4523.00 4436.00 7222.00
>MA0477.2 FOSL1
14979.00 15921.00 35056.00 260.00 515.00 56806.00 2557.00 1060.00 3133.00 56408.00 2716.00 14671.00 13956.00
12491.00 11018.00 6703.00 460.00 301.00 287.00 43918.00 163.00 53711.00 344.00 10399.00 15640.00 17637.00
14848.00 16855.00 13127.00 183.00 54619.00 286.00 8615.00 598.00 278.00 566.00 6533.00 12314.00 11065.00
15363.00 13887.00 2795.00 56778.00 2246.00 302.00 2591.00 55860.00 559.00 363.00 38033.00 15056.00 15023.00
>MA0761.2 ETV1
12622.00 11359.00 22801.00 1848.00 33305.00 231.00 378.00 36130.00 33368.00 4235.00 3343.00 7922.00 11678.00 9861.00
7468.00 8638.00 4339.00 32139.00 3064.00 275.00 271.00 471.00 486.00 1307.00 3889.00 5060.00 7475.00 9114.00
9643.00 10407.00 6015.00 2389.00 573.00 36483.00 36121.00 375.00 412.00 31256.00 3146.00 18967.00 10820.00 9698.00
7606.00 6935.00 4184.00 963.00 397.00 350.00 569.00 363.00 3073.00 541.00 26961.00 5390.00 7366.00 8666.00
>MA0764.2 ETV4
3119.00 1206.00 8353.00   0.00   1.00 8374.00 8333.00  11.00 1296.00 2336.00
1494.00 4608.00  61.00  92.00   1.00   0.00  73.00  28.00 2194.00 1597.00
2721.00 1936.00   0.00 8308.00 8345.00   0.00   0.00 8344.00 1949.00 3055.00
1080.00 664.00   0.00  14.00  67.00  40.00   8.00  31.00 2975.00 1426.00
>MA0640.2 ELF3
11697.00 9834.00 5684.00 6456.00 40643.00 554.00 1171.00 432.00 662.00 447.00 776.00 2377.00 9010.00 10659.00
12661.00 13181.00 24731.00 27973.00 2040.00 41950.00 1368.00 943.00 46481.00 47107.00 1315.00 9278.00 13291.00 9085.00
10255.00 11894.00 6930.00 4122.00 2615.00 1365.00 768.00 954.00 566.00 473.00 1989.00 28319.00 13945.00 6001.00
13889.00 13593.00 11157.00 9951.00 3204.00 4633.00 45195.00 46173.00 793.00 475.00 44422.00 8528.00 12256.00 22757.00
>MA0592.3 ESRRA
5231.00 3546.00 2305.00 972.00 24681.00 24744.00 480.00 223.00 1003.00 293.00 24648.00 5535.00 9325.00
5066.00 8789.00 6446.00 21854.00 355.00 415.00 340.00 146.00 379.00 23989.00 226.00 9140.00 5586.00
9007.00 6312.00 1850.00 2323.00 556.00 569.00 24676.00 25332.00 949.00 786.00 781.00 4455.00 5892.00
6691.00 7348.00 15394.00 846.00 403.00 267.00 499.00 294.00 23664.00 927.00 340.00 6865.00 5192.00
>MA0058.3 MAX
3307.00 1915.00  39.00 6876.00   0.00 329.00  69.00   0.00 1341.00 1122.00
1556.00 2809.00 6876.00   0.00 6876.00  39.00 159.00  27.00 2450.00 2225.00
1295.00 1514.00   0.00  87.00   7.00 6876.00  20.00 6876.00 1638.00 986.00
719.00 637.00   0.00  38.00 229.00  19.00 6876.00  36.00 1446.00 2543.00
>MA0473.3 ELF1
18678.00 18648.00 17440.00 3094.00 42164.00 320.00 649.00 45930.00 45243.00 4063.00 3009.00 5688.00 12561.00 12020.00
8627.00 7834.00 12699.00 37923.00 4038.00 421.00 505.00 796.00 705.00 1570.00 1993.00 4236.00 11843.00 12681.00
11540.00 11305.00 10440.00 4819.00 932.00 46642.00 45970.00 676.00 779.00 41738.00 2007.00 34757.00 16920.00 13472.00
8925.00 9983.00 7191.00 1934.00 636.00 387.00 646.00 368.00 1043.00 399.00 40761.00 3089.00 6446.00 9597.00
>MA1099.2 HES1
3321.00 5858.00 464.00 9446.00   0.00  21.00 253.00   1.00 1126.00 2742.00
3492.00 2072.00 18526.00   0.00 18526.00   0.00 4057.00   0.00 6203.00 12513.00
18526.00 18526.00   0.00 9081.00   0.00 18526.00   0.00 18526.00 6360.00 6013.00
4239.00 8007.00  18.00 232.00 791.00   0.00 18526.00  53.00 4837.00 3216.00
>MA0488.1 JUN
8141.00 7116.00 6496.00 16526.00   0.00   0.00 20967.00   0.00   0.00 938.00 6904.00 20968.00 203.00
2792.00 2938.00 1903.00 729.00   0.00   0.00   0.00 3438.00 608.00 3531.00 14064.00   0.00 3704.00
4894.00 4985.00 9682.00 3713.00   0.00 20849.00   0.00 4512.00 20360.00   0.00   0.00   0.00 1016.00
5141.00 5929.00 2887.00   0.00 20968.00 119.00   1.00 13018.00   0.00 16499.00   0.00   0.00 16045.00
>MA0489.1 JUN(var.2)
4852.00 3927.00 3726.00 4396.00 4146.00 5930.00   0.00   0.00 10953.00 382.00 199.00 956.00 10956.00 376.00
1250.00 1324.00 1127.00 1122.00 593.00 993.00   0.00   0.00   0.00 5704.00   0.00 10000.00   0.00 2509.00
2818.00 4110.00 4330.00 3461.00 4213.00 4033.00   0.00 10956.00   0.00 4090.00   0.00   0.00   0.00 2645.00
2036.00 1595.00 1773.00 1977.00 2004.00   0.00 10956.00   0.00   3.00 780.00 10757.00   0.00   0.00 5426.00
>MA1683.1 FOXA3
18375.00 16693.00 4481.00 758.00 45178.00 43099.00 46046.00 951.00 45552.00 13442.00 14902.00
8520.00 3627.00 1464.00 903.00 1980.00 3883.00 973.00 39509.00 933.00 9975.00 9884.00
12744.00 9296.00 40396.00 690.00 636.00 977.00 934.00 1205.00 614.00 11451.00 11103.00
9298.00 19321.00 2596.00 46586.00 1143.00 978.00 984.00 7272.00 1838.00 14069.00 13048.00
>MA0618.1 LBX1
217.00   0.00 999.00 999.00   0.00 143.00 731.00  29.00
131.00  49.00   0.00   0.00 262.00   0.00   0.00 114.00
174.00   0.00   0.00   0.00   0.00 119.00 268.00 799.00
478.00 951.00   0.00   0.00 738.00 738.00   0.00  57.00
>MA0091.1 TAL1::TCF3
 13.00   9.00  39.00  20.00   0.00  44.00   0.00  12.00   0.00   0.00   0.00   4.00
 14.00  10.00   0.00  24.00  43.00   0.00   1.00  32.00   0.00   0.00   3.00   4.00
  8.00  20.00   3.00   0.00   1.00   0.00  11.00   0.00   0.00  43.00  20.00   2.00
  9.00   5.00   2.00   0.00   0.00   0.00  32.00   0.00  44.00   1.00  21.00  34.00
>MA1515.1 KLF2
1054.00 2510.00 741.00 403.00 4622.00   0.00 1702.00   0.00 128.00  68.00 1838.00
1376.00 1103.00 4622.00 4622.00 2265.00 4622.00 274.00 4622.00 4622.00 4622.00 1142.00
1320.00 2112.00 495.00 186.00 1060.00   0.00 2920.00  49.00 195.00 105.00 389.00
872.00 433.00 346.00 312.00 214.00  78.00 167.00  22.00   9.00 444.00 1253.00
>MA0625.1 NFATC3
421.00 179.00 117.00  14.00   3.00  36.00   8.00 552.00 173.00 215.00
 93.00 181.00  40.00  10.00  23.00 933.00 959.00  39.00 251.00 211.00
139.00 168.00  73.00   5.00   9.00   1.00  23.00 342.00 133.00 173.00
348.00 472.00 770.00 971.00 966.00  30.00  10.00  67.00 443.00 400.00
>MA0084.1 SRY
  5.00   8.00  15.00  18.00  25.00   0.00  28.00  27.00   7.00
  5.00   3.00   0.00   3.00   0.00  26.00   0.00   0.00   0.00
 10.00   4.00   3.00   3.00   0.00   0.00   0.00   1.00   2.00
  8.00  13.00  10.00   4.00   3.00   2.00   0.00   0.00  19.00
>MA1642.1 NEUROG2(var.2)
8690.00 9047.00 12089.00 16448.00 278.00 33720.00 400.00 32746.00 649.00 280.00 1523.00 6665.00 9464.00
7353.00 6843.00 6467.00 8154.00 33559.00 211.00 793.00 952.00 904.00 205.00 2966.00 10441.00 9034.00
10813.00 10123.00 11114.00 8039.00 317.00 301.00 30392.00 418.00 323.00 33422.00 24998.00 7581.00 8709.00
7535.00 8378.00 4721.00 1750.00 237.00 159.00 2806.00 275.00 32515.00 484.00 4904.00 9704.00 7184.00
>MA0093.3 USF1
14420.00 16095.00 7574.00 3841.00 533.00 53654.00 418.00 3453.00 448.00 403.00 45587.00 1845.00 11280.00 14087.00
10466.00 6276.00 3030.00 9543.00 53536.00 654.00 13185.00 1387.00 264.00 817.00 3045.00 41450.00 19456.00 14475.00
14648.00 20788.00 43094.00 3912.00 766.00 477.00 3666.00 50076.00 601.00 53634.00 4679.00 3018.00 6943.00 10333.00
15800.00 12175.00 1636.00 38038.00 499.00 549.00 38065.00 418.00 54021.00 480.00 2023.00 9021.00 17655.00 16439.00
>MA1123.2 TWIST1
8329.00 7822.00 7536.00 3733.00 377.00 26713.00 440.00 24524.00 357.00 380.00 1801.00 4070.00 6823.00
5761.00 5530.00 4597.00 20412.00 26665.00 136.00 1320.00 1687.00 456.00 396.00 2919.00 7402.00 6561.00
6485.00 5722.00 5772.00 2336.00 117.00 210.00 24166.00 908.00 288.00 25975.00 4069.00 7273.00 6213.00
6758.00 8259.00 9428.00 852.00 174.00 274.00 1407.00 214.00 26232.00 582.00 18544.00 8588.00 7736.00
>MA0748.2 YY2
1973.00 1280.00 5263.00  58.00  48.00 126.00 109.00  64.00 411.00 961.00 939.00
1591.00 1607.00  46.00 273.00 120.00 101.00 5384.00 330.00 516.00 2876.00 1535.00
1068.00 2143.00 359.00 125.00 5509.00 5376.00  25.00 5231.00 4474.00 920.00 2373.00
1072.00 674.00  36.00 5248.00  27.00 101.00 186.00  79.00 303.00 947.00 857.00
>MA0526.3 USF2
9447.00 10547.00 6562.00 2754.00 365.00 36933.00 312.00 1744.00 357.00 336.00 31293.00 1448.00 7698.00 10035.00
7703.00 5509.00 3199.00 6524.00 36957.00 546.00 10979.00 788.00 198.00 560.00 2132.00 28475.00 13806.00 9793.00
9957.00 14329.00 26611.00 3097.00 525.00 329.00 1910.00 35413.00 498.00 36978.00 3248.00 2401.00 4691.00 7667.00
11111.00 7833.00 1846.00 25843.00 371.00 410.00 25017.00 273.00 37165.00 344.00 1545.00 5894.00 12023.00 10723.00
>MA0809.2 TEAD4
18932.00 17306.00 61263.00 7543.00 74797.00 965.00 2673.00 1366.00 1314.00 61802.00 16617.00 19272.00
22343.00 26577.00 2414.00 66205.00 1218.00 1129.00 1176.00 72555.00 75066.00 3874.00 13864.00 20301.00
15111.00 15427.00 11265.00 3295.00 569.00 1025.00 2100.00 1580.00 212.00 1191.00 32220.00 22630.00
21700.00 18776.00 3144.00 1043.00 1502.00 74967.00 72137.00 2585.00 1494.00 11219.00 15385.00 15883.00
>MA0090.3 TEAD1
17689.00 16651.00 58030.00 6096.00 68106.00 535.00 4976.00 1348.00 702.00 57190.00 9124.00 13252.00 19194.00
19272.00 22059.00 1248.00 61276.00 646.00 700.00 622.00 66953.00 67635.00 1729.00 6215.00 20002.00 21358.00
14429.00 12053.00 9179.00 1923.00 946.00 646.00 1210.00 765.00 374.00 2051.00 47856.00 26525.00 16344.00
19008.00 19635.00 1941.00 1103.00 700.00 68517.00 63590.00 1332.00 1687.00 9428.00 7203.00 10619.00 13502.00
>MA0814.2 TFAP2C(var.2)
11314.00 13628.00 3782.00 736.00 482.00 1367.00 1323.00 51058.00 874.00 714.00 4313.00 10186.00 16182.00 12086.00
15858.00 12565.00 14686.00 57108.00 57617.00 5539.00 3036.00 4733.00 1486.00 1575.00 42758.00 12553.00 15252.00 16468.00
17038.00 20129.00 37729.00 2273.00 2060.00 4910.00 55222.00 3944.00 57995.00 57916.00 9867.00 27373.00 18680.00 17367.00
16609.00 14497.00 4622.00 702.00 660.00 49003.00 1238.00 1084.00 464.00 614.00 3881.00 10707.00 10705.00 14898.00
>MA0003.4 TFAP2A
4335.00 2763.00 2842.00 1088.00 280.00 116.00 278.00 530.00 13567.00 186.00 154.00 1221.00 4220.00 5204.00
4092.00 4620.00 2634.00 3615.00 15321.00 15351.00 1173.00 13536.00 739.00 217.00 234.00 9445.00 4783.00 3915.00
4072.00 3374.00 3791.00 9961.00 187.00 212.00 750.00 1406.00 1229.00 15432.00 15422.00 4098.00 3051.00 3841.00
3469.00 5211.00 6701.00 1304.00 180.00 289.00 13767.00 496.00 433.00 133.00 158.00 1204.00 3914.00 3008.00
>MA1116.1 RBPJ
345.00 489.00   2.00  35.00   9.00   7.00 2369.00 2382.00 742.00 565.00
842.00 872.00  12.00  25.00  20.00   8.00   0.00  15.00 655.00 579.00
604.00 787.00   2.00 2341.00 2313.00 2309.00   4.00   1.00 592.00 711.00
611.00 254.00 2386.00   1.00  60.00  78.00  29.00   4.00 413.00 547.00
>MA1115.1 POU5F1
4982.00 3603.00 12693.00  83.00 717.00 533.00 11756.00 10560.00 12280.00 2556.00 3476.00
1290.00 2785.00 122.00 130.00 192.00 10310.00 132.00 690.00 270.00 2104.00 2450.00
1996.00 1908.00 229.00  67.00 11571.00 548.00 118.00 1026.00 257.00 2071.00 3551.00
4846.00 4818.00  70.00 12834.00 634.00 1723.00 1108.00 838.00 307.00 6383.00 3637.00
>MA1114.1 PBX3
1595.00 1510.00 1320.00 596.00 228.00 6426.00 335.00 247.00 146.00 6164.00 150.00 6091.00 369.00 884.00 1251.00 1869.00 1495.00
1711.00 1724.00 1849.00 225.00 227.00 125.00 788.00 199.00 242.00 108.00 6524.00 129.00 412.00 1377.00 2654.00 1619.00 1801.00
2192.00 1934.00 1928.00 503.00 6406.00 214.00 4929.00 285.00 6550.00 604.00 209.00 425.00 5691.00 4077.00 1591.00 2068.00 2217.00
1523.00 1853.00 1924.00 5697.00 160.00 256.00 969.00 6290.00  83.00 145.00 138.00 376.00 549.00 683.00 1525.00 1465.00 1508.00
>MA0442.2 SOX10
683.00 723.00 1118.00 2023.00   3.00 2029.00 1968.00 1959.00  10.00 666.00 638.00
397.00 283.00 372.00   4.00 1989.00   7.00  28.00  23.00  13.00 552.00 555.00
527.00 571.00 317.00   3.00  11.00   7.00  20.00  12.00 2012.00 619.00 505.00
448.00 478.00 248.00  25.00  52.00  12.00  39.00  61.00  20.00 218.00 357.00
>MA0528.2 ZNF263
13287.00 11016.00 13001.00 1610.00 789.00 950.00 53900.00 830.00 695.00 52499.00 9539.00 8436.00
13040.00 14909.00 6183.00 1659.00 1544.00 972.00 1660.00 966.00 2190.00 1758.00 15413.00 11689.00
20283.00 17883.00 28912.00 51804.00 52818.00 53435.00 163.00 52875.00 52741.00 1448.00 24825.00 25115.00
9733.00 12535.00 8247.00 1270.00 1192.00 986.00 620.00 1672.00 717.00 638.00 6566.00 11103.00
>MA1118.1 SIX1
 96.00 400.00 1049.00 1076.00  43.00 112.00  51.00  48.00 1070.00 146.00 546.00
 43.00  77.00  18.00   8.00 959.00 871.00  46.00   9.00   7.00 179.00 360.00
859.00  90.00   6.00  10.00  12.00  31.00  30.00 1025.00  11.00 289.00  73.00
110.00 541.00  35.00  14.00  94.00  94.00 981.00  26.00  20.00 494.00 129.00
>MA1117.1 RELB
796.00 1231.00 2833.00 210.00  90.00 144.00  92.00 146.00  79.00 796.00 711.00
414.00 561.00 127.00 107.00 103.00 2928.00 3098.00 3013.00 3035.00 628.00 921.00
1575.00 794.00 157.00 159.00  53.00  40.00  28.00  58.00 107.00 984.00 996.00
505.00 704.00 173.00 2814.00 3044.00 178.00  72.00  73.00  69.00 882.00 662.00
>MA0842.2 NRL
14408.00 21189.00 17467.00 14033.00 6835.00 581.00   1.00 1008.00   0.00  73.00 27228.00  47.00 6001.00
3102.00 838.00 319.00 1314.00 5669.00 2768.00   0.00 27228.00   8.00   0.00   0.00 27228.00 1669.00
5588.00 3685.00 635.00 822.00 7983.00  68.00 27228.00  22.00   0.00 27228.00   4.00 559.00 14528.00
4130.00 6039.00 9761.00 13194.00 6741.00 27228.00   0.00  14.00 27228.00 1036.00   0.00 2394.00 5030.00
>MA1140.2 JUNB(var.2)
 50.00 305.00   1.00   0.00 305.00   0.00   0.00   1.00  17.00 305.00   0.00  40.00
 46.00   7.00   1.00   0.00   1.00 305.00   1.00   3.00 305.00   2.00 114.00 187.00
162.00  15.00   4.00 305.00   1.00   0.00 305.00   1.00   3.00   1.00  10.00  43.00
 47.00   6.00 305.00  13.00   0.00   2.00   0.00 305.00   1.00   1.00 191.00  35.00
>MA0701.2 LHX9
390.00   0.00 6075.00 6075.00   0.00   0.00 6075.00 2261.00
6075.00 2093.00 505.00   0.00   0.00   0.00   0.00 1013.00
1056.00   0.00   0.00   0.00   0.00 170.00 305.00 1946.00
1219.00 3983.00  20.00   0.00 6075.00 6075.00   0.00 856.00
>MA0702.2 LMX1A
 90.00   0.00 7355.00 7355.00   0.00   0.00 7355.00 2812.00
2222.00  31.00   0.00   9.00  50.00   0.00 102.00 2558.00
305.00  19.00   0.00   0.00   0.00   0.00 501.00 1158.00
5133.00 7355.00   0.00   0.00 7355.00 7355.00   0.00 827.00
>MA0703.2 LMX1B
1894.00 2005.00 1109.00   0.00   0.00 4064.00 4064.00   0.00   0.00 4064.00 2319.00
617.00 680.00 548.00 599.00   0.00   0.00   0.00   0.00   0.00  12.00 785.00
890.00 756.00 936.00 190.00   0.00   0.00   0.00   0.00   0.00   0.00 350.00
663.00 2058.00 2955.00 3465.00 4064.00   0.00   0.00 4064.00 4064.00   0.00 609.00
>MA1641.1 MYF5
2698.00 3507.00 7490.00  95.00 10965.00 100.00 223.00 129.00  42.00 578.00 1572.00 2554.00
2700.00 2986.00 1368.00 10911.00  47.00 230.00 10657.00  68.00 161.00 1775.00 3146.00 3258.00
3258.00 3145.00 1774.00 161.00  69.00 10658.00 230.00  47.00 10912.00 1368.00 2985.00 2701.00
2554.00 1572.00 578.00  43.00 129.00 222.00 100.00 10966.00  95.00 7489.00 3507.00 2697.00
>MA0678.1 OLIG2
1609.00 680.00  74.00 1609.00   0.00 1609.00  21.00  10.00   4.00 146.00
 90.00 929.00 1609.00   2.00   0.00  22.00 159.00   3.00 396.00 689.00
283.00 142.00   4.00  53.00   0.00  18.00   0.00 1609.00 866.00  57.00
108.00  16.00   0.00  22.00 1609.00   4.00 1609.00 117.00 744.00 1609.00
>MA0675.1 NKX6-2
3761.00 1172.00 11354.00 18935.00 584.00 2468.00 18935.00 9971.00
6072.00 7831.00 7581.00 310.00   0.00 2233.00 370.00 3457.00
5228.00 814.00 1053.00 191.00   0.00 551.00 775.00 1660.00
3874.00 11104.00 2582.00 546.00 18935.00 18935.00 678.00 3846.00
>MA0674.1 NKX6-1
403.00   0.00 1407.00 2212.00   0.00  58.00 2212.00 1450.00
695.00 573.00 805.00 200.00   0.00  45.00  27.00 294.00
734.00   0.00   0.00  12.00   0.00   0.00 132.00 142.00
381.00 1640.00 195.00  40.00 2212.00 2212.00  17.00 327.00
>MA0673.1 NKX2-8
1942.00  70.00 8562.00  14.00   0.00  23.00 1738.00 8562.00 3194.00
3529.00 8562.00 595.00 8562.00  91.00 3197.00 2267.00 908.00 1964.00
2843.00   0.00   0.00   0.00   0.00   0.00 4286.00 696.00 2593.00
249.00 2155.00 516.00 110.00 8562.00 8562.00 271.00 2158.00 811.00
>MA0672.1 NKX2-3
3572.00 2025.00  38.00 9278.00   8.00   0.00   0.00 4241.00 9278.00 3170.00
2182.00 9278.00 9278.00  98.00 9278.00   0.00 939.00 1451.00 917.00 2754.00
1989.00 4499.00   0.00  16.00   0.00  18.00   0.00 5037.00 1831.00 2788.00
1535.00 140.00 132.00 250.00   0.00 9278.00 9278.00 343.00 2437.00 566.00
>MA0793.1 POU6F2
1848.00 714.00 239.00  75.00 1192.00 3297.00   0.00   0.00 3297.00 1268.00
321.00 1181.00 3297.00  64.00 2105.00  75.00   4.00  12.00  27.00 546.00
582.00 2116.00 219.00 114.00  50.00   0.00   0.00  41.00  22.00 205.00
546.00 266.00 257.00 3297.00  81.00  21.00 3297.00 3297.00  53.00 1278.00
>MA0790.1 POU4F1
2418.00 153.00 1032.00 1720.00 2950.00  91.00 2811.00 2915.00 465.00 390.00 2825.00 3181.00 276.00 1054.00
1035.00 236.00 376.00 1661.00  47.00  15.00 102.00 124.00 106.00  72.00 668.00  36.00 359.00 652.00
1085.00 125.00 3857.00  29.00  25.00  15.00 145.00 144.00 129.00 262.00 696.00  54.00 220.00 3454.00
949.00 3553.00 750.00  76.00 139.00 3511.00 1316.00 638.00 3201.00 3218.00 1116.00  15.00 3102.00 1576.00
>MA0791.1 POU4F3
1663.00 292.00 1067.00 1868.00 3264.00  96.00 3041.00 3106.00 433.00 479.00 3100.00 3447.00 212.00 1008.00 3062.00 1023.00
635.00 321.00 374.00 2014.00  42.00  21.00 126.00 121.00 101.00  66.00 651.00  19.00 355.00 855.00 1366.00 836.00
867.00 303.00 4723.00  24.00  36.00  25.00 133.00 126.00 166.00 194.00 789.00  25.00 180.00 4058.00 896.00 1729.00
761.00 4134.00 1067.00  69.00 132.00 4004.00 1579.00 658.00 3805.00 3728.00 868.00  22.00 3774.00 1753.00 981.00 693.00
>MA0788.1 POU3F3
576.00 440.00 129.00 1078.00  25.00  22.00  28.00 506.00 1078.00 1078.00  53.00 240.00 536.00
 75.00  41.00  57.00  11.00  33.00  10.00 1078.00   4.00  11.00   6.00  20.00 141.00  85.00
137.00 131.00  64.00  12.00  49.00 1078.00 118.00   1.00  77.00  15.00  12.00 237.00 115.00
290.00 637.00 1078.00  30.00 1078.00  86.00 343.00 572.00  79.00  14.00 1078.00 1078.00 542.00
>MA0789.1 POU3F4
941.00 11117.00  59.00  53.00 136.00 6447.00 11117.00 11117.00 705.00
349.00  23.00  59.00  19.00 11117.00  10.00 332.00  47.00 247.00
136.00  68.00  24.00 11117.00 602.00  56.00 315.00  88.00 292.00
11117.00  26.00 11117.00 245.00 2565.00 4670.00 885.00 168.00 11117.00
>MA0786.1 POU3F1
1034.00 505.00 2471.00  44.00  37.00 170.00 1423.00 2471.00 2471.00 259.00 382.00 1510.00
126.00 186.00   7.00  53.00  13.00 2471.00   1.00 103.00  20.00  95.00 302.00 478.00
322.00 128.00  26.00  21.00 2471.00 413.00  21.00 130.00  25.00 128.00 620.00 452.00
1437.00 2471.00  21.00 2471.00 232.00 1119.00 1048.00 284.00  63.00 2471.00 1167.00 961.00
>MA0787.1 POU3F2
591.00 163.00 1292.00  28.00  19.00  68.00 688.00 1292.00 1292.00  63.00 137.00 1292.00
 61.00  65.00  16.00  30.00   9.00 1292.00   4.00  16.00   6.00  19.00 165.00 262.00
171.00  40.00  25.00  12.00 1292.00 153.00   1.00  32.00   0.00  28.00 452.00 261.00
700.00 1292.00   0.00 1292.00  60.00 372.00 604.00  45.00  13.00 1292.00 840.00 562.00
>MA0068.2 PAX4
 37.00  58.00 333.00 333.00   0.00  18.00 333.00 150.00
333.00  30.00   2.00   0.00   0.00  11.00  89.00  93.00
 47.00 120.00   0.00   0.00   5.00  10.00  11.00 333.00
105.00 333.00   3.00   0.00 333.00 333.00  12.00  41.00
>MA0785.1 POU2F1
5076.00 5351.00 756.00 10582.00 153.00 186.00 300.00 6932.00 10582.00 10582.00 1422.00 1976.00
1938.00 1046.00 1347.00  12.00 501.00  82.00 10582.00  33.00 108.00  37.00 457.00 1840.00
1494.00 2142.00 474.00  29.00 213.00 10582.00 1351.00  46.00 879.00  51.00 755.00 2504.00
2075.00 5231.00 10582.00  43.00 10582.00 1326.00 3375.00 3651.00 787.00 158.00 10582.00 4262.00
>MA1559.1 SNAI3
2952.00 3917.00  23.00 6248.00 118.00   0.00   0.00  94.00 432.00 4680.00
661.00   0.00 6248.00   0.00  29.00  18.00  12.00   0.00 6248.00 688.00
1525.00 2331.00   0.00  34.00 6248.00 6248.00  28.00 6248.00 1701.00 1569.00
1110.00 183.00  35.00   3.00  43.00   0.00 6248.00  30.00 3161.00 553.00
>MA1560.1 SOHLH2
230.00 172.00  45.00 1212.00   0.00  14.00  36.00  41.00 272.00 381.00
485.00 264.00 1212.00   0.00 1212.00   0.00  65.00   4.00 1212.00 239.00
184.00 1212.00  29.00  41.00  11.00 1212.00   0.00 1212.00 172.00 369.00
313.00 276.00  70.00   0.00   7.00  15.00 1212.00   4.00 153.00 224.00
>MA1561.1 SOX12
854.00 153.00  48.00  47.00 854.00 854.00   0.00 854.00 854.00 129.00 198.00
267.00 854.00 854.00  26.00  26.00   2.00 854.00   0.00  91.00 211.00 210.00
109.00  58.00  34.00 854.00   2.00   4.00   0.00   0.00  44.00  57.00 305.00
138.00  78.00  56.00  48.00   1.00   0.00   3.00   0.00  20.00 854.00 141.00
>MA1562.1 SOX14
265.00  68.00  44.00 594.00 594.00   4.00 594.00 594.00   0.00  75.00
594.00 594.00  18.00   8.00  13.00 594.00   0.00  17.00   2.00  67.00
214.00  44.00 594.00  27.00   0.00  10.00   0.00   0.00  16.00 372.00
182.00  99.00  70.00  37.00  19.00  17.00   0.00   5.00 594.00  80.00
>MA1555.1 RXRB(var.2)
614.00 934.00  59.00  27.00  35.00  23.00 1207.00  11.00  92.00 1803.00 309.00  58.00  18.00 124.00
190.00  59.00  29.00  39.00  85.00 1803.00  15.00  59.00  35.00  53.00 1803.00 1803.00 866.00 868.00
851.00 870.00 1803.00 1803.00 157.00  41.00 596.00   0.00 1803.00  41.00  11.00  32.00  14.00 194.00
148.00  15.00 103.00 270.00 1803.00 123.00   7.00 1803.00   8.00  14.00  23.00  58.00 937.00 617.00
>MA1556.1 RXRG(var.2)
803.00 1264.00   0.00   7.00  12.00   0.00 2117.00   0.00  64.00 2117.00 144.00 144.00  23.00 135.00
164.00   7.00 107.00  31.00   5.00 2117.00  15.00 838.00  55.00 214.00 2117.00 2117.00 882.00 996.00
1071.00 853.00 2117.00 2117.00  33.00   1.00   0.00   0.00 2117.00  78.00  63.00 176.00  57.00 226.00
 79.00   0.00   0.00  99.00 2117.00  16.00   0.00 1279.00  26.00 119.00  64.00  37.00 1235.00 761.00
>MA1557.1 SMAD5
766.00  34.00 315.00  41.00   1.00 4924.00  21.00 4924.00  22.00 4924.00
2395.00  16.00 108.00 4924.00 226.00 543.00  33.00 482.00 4924.00 784.00
337.00 4924.00 447.00  39.00 585.00 134.00 4924.00  20.00   5.00 482.00
2529.00   5.00 4924.00   5.00 4924.00   8.00   6.00 281.00  24.00 1408.00
>MA1558.1 SNAI1
5274.00 6993.00 446.00 19982.00 1766.00  72.00  38.00 706.00 1639.00 10088.00
3187.00 501.00 19982.00 297.00 517.00   5.00   0.00   0.00 10938.00 4592.00
6410.00 12989.00 275.00  91.00 19982.00 19982.00  42.00 19982.00 5306.00 9894.00
5112.00 3518.00 340.00 568.00 306.00  28.00 19982.00 311.00 9044.00 6356.00
>MA1563.1 SOX18
153.00 589.00   0.00 589.00 589.00   0.00 188.00 116.00
216.00  33.00 589.00 139.00 104.00 374.00   0.00 287.00
168.00 140.00   0.00 216.00  67.00   0.00 589.00 190.00
 52.00  94.00   0.00  27.00  14.00 589.00   0.00   0.00
>MA1564.1 SP9
834.00 566.00 321.00 2451.00   2.00 211.00  22.00   0.00  39.00 1192.00 188.00 420.00
440.00 2451.00 2451.00 1127.00 2451.00 200.00 2451.00 2451.00 2451.00 1259.00 1863.00 1167.00
952.00 309.00 113.00  56.00  17.00 2451.00   0.00   0.00  24.00  38.00 191.00 204.00
226.00 518.00 284.00  96.00   9.00 173.00  14.00  30.00 412.00 353.00 588.00 660.00
>MA0727.1 NR3C2
8406.00 15033.00  57.00 17523.00 30042.00   0.00 33515.00 7347.00 17996.00 22920.00 401.00   0.00   4.00 13789.00  16.00 560.00 9074.00
6688.00 226.00   8.00 1377.00  15.00 49953.00  28.00 18273.00 4833.00 1933.00 996.00   9.00  23.00 7366.00 42687.00 25680.00 17397.00
20193.00 26931.00 55731.00 6650.00  13.00   5.00 1053.00 3144.00 8538.00 14022.00  22.00 58888.00   3.00 1346.00   9.00 582.00 7774.00
12758.00 535.00  60.00 13654.00   9.00   0.00 221.00 16489.00 11062.00 4023.00 43465.00   0.00 44513.00 18547.00  83.00 16504.00 8792.00
>MA0113.3 NR3C1
6520.00 8885.00  40.00 8932.00 18207.00   0.00 18421.00 2470.00 7736.00 11413.00  81.00   0.00   8.00 8832.00  33.00 234.00 6219.00
2274.00 107.00   7.00 599.00   8.00 24481.00  18.00 9569.00 3656.00 964.00 565.00  11.00   9.00 3149.00 24380.00 14665.00 8912.00
9169.00 12768.00 27337.00 2854.00   9.00  14.00 698.00 1583.00 5589.00 7861.00  50.00 27160.00  50.00 648.00   5.00 188.00 3101.00
4861.00 225.00  38.00 10448.00  10.00   0.00  71.00 10711.00 5972.00 1822.00 23751.00   5.00 24434.00 10375.00  58.00 9821.00 5075.00
>MA0017.2 NR2F1
4802.00 7266.00 6333.00 8496.00   0.00   0.00   0.00   0.00 12059.00 5116.00 3229.00 3276.00 5681.00
11446.00 1692.00 387.00   0.00  30.00   0.00   0.00 12059.00   0.00 3055.00 2966.00 2470.00 2912.00
3276.00 1153.00 4869.00 3791.00 12059.00 12059.00   0.00   0.00  91.00 1618.00 4395.00 3886.00 36863.00
3980.00 1948.00 469.00   0.00   0.00   0.00 12059.00   0.00   0.00 2270.00 1469.00 2427.00 3466.00
>MA0731.1 BCL6B
  0.00   3.00   0.00   0.00   0.00   0.00   0.00   0.00 280.00   0.00   0.00 289.00 290.00   0.00   0.00 113.00 183.00
 19.00   0.00 367.00   0.00   0.00   0.00 384.00  12.00   0.00   0.00   0.00   0.00   0.00   2.00  16.00 243.00 146.00
  0.00 186.00   0.00   0.00   0.00   2.00   0.00  34.00   0.00 173.00 171.00   2.00   0.00   0.00   0.00   9.00   7.00
207.00   1.00   2.00 212.00 213.00 212.00   0.00 214.00   0.00   0.00   0.00   0.00   0.00 215.00 211.00   0.00   0.00
>MA0730.1 RARA(var.2)
1089.00   0.00   0.00   6.00  10.00 1391.00 301.00 213.00 147.00 972.00 1015.00 1126.00   2.00   1.00   8.00   4.00 1486.00
 24.00   0.00   2.00  11.00 1980.00  16.00 397.00 432.00 677.00 118.00  17.00  16.00   0.00   7.00  11.00 1923.00   3.00
313.00 1488.00 1451.00  17.00   9.00  11.00  84.00 584.00 157.00 198.00 348.00 269.00 1455.00 1440.00  13.00  26.00  25.00
  0.00   2.00  71.00 1143.00  21.00   2.00 581.00 223.00 502.00 228.00   7.00   1.00   4.00  35.00 1131.00  22.00  10.00
>MA0729.1 RARA
250.00 507.00   0.00   1.00   0.00   2.00 528.00 526.00 526.00 522.00   0.00   0.00   3.00   0.00 540.00 539.00   2.00   0.00
  1.00   1.00   0.00   0.00   5.00 707.00   0.00   0.00   0.00   5.00   0.00   0.00   0.00 705.00   0.00  36.00   0.00 115.00
513.00  35.00 745.00 746.00   1.00  26.00   4.00  28.00   3.00   4.00 759.00 754.00   0.00   0.00   1.00  30.00 228.00 226.00
  4.00   0.00   0.00  19.00 559.00   0.00   0.00 162.00  37.00   0.00   1.00 101.00 546.00   2.00   0.00 181.00 328.00 212.00
>MA0732.1 EGR3
337.00 444.00 1031.00   2.00  66.00   0.00   0.00   0.00 1159.00   0.00  39.00   2.00 1262.00 406.00 396.00
645.00 485.00 701.00 1855.00  32.00 1856.00 1858.00 1823.00 455.00 1875.00  28.00 1899.00  54.00 600.00 346.00
278.00 191.00  10.00   0.00 2158.00   2.00   0.00   7.00  11.00   7.00 2152.00   1.00 168.00 110.00 230.00
470.00 540.00  20.00  13.00  36.00   0.00  10.00  80.00   4.00   2.00  26.00  21.00  80.00 549.00 683.00
>MA0472.2 EGR2
1157.00   0.00 295.00   6.00  24.00   0.00 2147.00   0.00 106.00   4.00 1731.00
679.00 1551.00   0.00 1558.00 1554.00 1468.00 110.00 1573.00   0.00 1585.00 157.00
 94.00  28.00 3731.00  25.00  15.00  38.00  26.00   2.00 4034.00  20.00 542.00
142.00  73.00 222.00  29.00  13.00 277.00   2.00  23.00 171.00 115.00 430.00
>MA0140.2 GATA1::TAL1
1114.00 206.00 318.00 4955.00   0.00   0.00 2049.00 658.00 963.00 1191.00 1778.00 1038.00 1352.00 1885.00 1381.00 110.00 4659.00 160.00
2038.00 807.00   0.00   0.00   0.00 4955.00  63.00 1331.00 1214.00 1127.00 1130.00 1237.00 1142.00 1033.00 1237.00 4822.00   0.00 890.00
967.00 159.00   0.00   0.00   0.00   0.00  55.00 2214.00 1244.00 1520.00 990.00 1712.00 1466.00 820.00 1884.00  23.00   0.00 3544.00
836.00 3783.00 4637.00   0.00 4955.00   0.00 2788.00 752.00 1534.00 1117.00 1057.00 968.00 995.00 1217.00 453.00   0.00 296.00 361.00
>MA0144.2 STAT3
1936.00 708.00 250.00 1006.00 840.00 3692.00 1574.00 2532.00 21620.00 21620.00 9311.00
8571.00   0.00 346.00 19585.00 7780.00   0.00   0.00   0.00   0.00   0.00 962.00
3801.00   0.00 5850.00   0.00   0.00 11456.00 20046.00 18686.00   0.00   0.00 6579.00
7312.00 20912.00 15174.00 1029.00 13000.00 6472.00   0.00 402.00   0.00   0.00 4768.00
>MA0137.3 STAT1
366.00   0.00   0.00 361.00 109.00 1739.00 163.00  29.00 3620.00 3624.00 1879.00
731.00  52.00   6.00 3262.00 2009.00   0.00   0.00   7.00   0.00   5.00 311.00
785.00   0.00 110.00   6.00   0.00 1637.00 3466.00 3426.00   9.00   0.00 725.00
1747.00 3577.00 3513.00   0.00 1511.00 253.00   0.00 167.00   0.00   0.00 714.00
>MA0772.1 IRF7
373.00  97.00  36.00 957.00 957.00 957.00 279.00   8.00  30.00 957.00 957.00 957.00 1184.00 160.00
323.00 957.00  67.00   3.00   0.00   2.00 156.00 582.00   3.00  16.00   3.00  10.00 957.00 153.00
 71.00  50.00 957.00   1.00   0.00   1.00 505.00   2.00 957.00   4.00   3.00   7.00 1235.00  31.00
191.00  46.00  90.00   0.00   1.00   1.00  17.00 375.00   7.00   5.00   1.00  41.00 301.00 804.00
>MA0153.2 HNF1B
1528.00 541.00 5730.00 30839.00 30839.00 1944.00 6502.00 30839.00 1323.00  80.00 30839.00 30839.00 1790.00
1030.00 2552.00 3466.00  13.00 1163.00 809.00 9236.00  73.00 416.00 665.00 794.00 1472.00 17114.00
30839.00 1434.00 778.00 398.00 140.00  66.00 9626.00 600.00 1589.00   1.00 5271.00 1980.00 725.00
1628.00 30839.00 30839.00  49.00 612.00 30839.00 5474.00 1047.00 30839.00 30839.00 3119.00 406.00 13724.00
>MA0525.2 TP63
1586.00 2261.00   0.00 2246.00 692.00   0.00  14.00  97.00 649.00 112.00 993.00 2192.00   0.00 2151.00  75.00   0.00  49.00 701.00
 26.00   1.00 2533.00   0.00  33.00   0.00  85.00 1025.00 478.00 681.00   1.00   0.00 2788.00   0.00 617.00   0.00 202.00 2099.00
997.00 185.00   0.00  76.00   0.00 4021.00   0.00  26.00 2070.00 1656.00 2132.00  48.00   0.00   1.00   8.00 3532.00   1.00 198.00
115.00  21.00   0.00   4.00 2353.00   0.00 3025.00 1961.00  13.00 829.00  47.00  45.00   0.00 192.00 2823.00   0.00 3126.00 606.00
>MA0855.1 RXRB
1430.00 1659.00  14.00   1.00   0.00  37.00 5823.00 5820.00 5729.00   1.00   2.00   1.00  16.00 5738.00
342.00   8.00   1.00   0.00   2.00 7053.00   0.00   5.00   1.00   0.00   0.00   2.00 7053.00  13.00
3156.00 3737.00 3955.00 3642.00  11.00 112.00  12.00 119.00 221.00 3867.00 3745.00  19.00 102.00 299.00
224.00   3.00  10.00 492.00 4481.00 350.00   1.00  31.00   0.00   7.00 312.00 4431.00 184.00   3.00
>MA0856.1 RXRG
7824.00 14207.00  49.00 102.00   5.00  28.00 37922.00 34468.00 33003.00   9.00  12.00   2.00  78.00 36677.00
3800.00  63.00   4.00   9.00  35.00 56980.00   0.00  14.00   0.00   1.00   1.00  17.00 49963.00  43.00
21426.00 20865.00 23554.00 22312.00 126.00 734.00  76.00 970.00 1634.00 29532.00 27903.00 134.00 935.00 2323.00
1886.00  20.00  77.00 3946.00 39123.00 3942.00   4.00 574.00   5.00  20.00 3913.00 37558.00 2999.00  27.00
>MA1471.1 BARX2
8675.00 16962.00 18517.00 28388.00 28388.00 2814.00 15759.00 28388.00   7.00  19.00 28388.00 6425.00
6473.00 3613.00  69.00  30.00 3348.00 16934.00 28388.00  49.00   0.00 2051.00 325.00 9281.00
6745.00 3632.00  47.00  99.00 2920.00 1342.00 5135.00 10009.00  41.00   0.00 415.00 7422.00
6494.00 11426.00 9871.00 7507.00 2847.00 11453.00 3452.00   0.00 28388.00 28388.00 4259.00 5260.00
>MA1472.1 BHLHA15(var.2)
697.00 897.00  47.00 1504.00  11.00 445.00  54.00   0.00  54.00 202.00
281.00 607.00 1504.00  33.00  30.00 1504.00   4.00   0.00 610.00 410.00
357.00 591.00   6.00  33.00 1504.00  72.00   0.00 1504.00 489.00 316.00
170.00  81.00  33.00 137.00 467.00  11.00 1504.00   0.00 1015.00 577.00
>MA1101.2 BACH2
26746.00 38327.00 59307.00 12404.00 9369.00 62993.00   1.00   6.00 67846.00  50.00   3.00 115.00 68264.00  47.00 4522.00 19650.00 18457.00 23586.00 15261.00
12203.00 8823.00 5534.00 21218.00 61580.00 260.00   7.00   0.00 1088.00 37438.00  20.00 68215.00   2.00 11634.00 35220.00 17682.00 13438.00 10703.00 15623.00
13720.00 9605.00 8490.00 21257.00 6727.00 15304.00   1.00 68240.00  13.00 30785.00 856.00   0.00  11.00 2028.00 30498.00 19155.00 7650.00 8221.00 11268.00
15601.00 24469.00 15405.00 13391.00 8116.00   0.00 68266.00  54.00   6.00  18.00 67975.00   3.00   0.00 63746.00 5274.00 11783.00 54749.00 39012.00 26118.00
>MA0792.1 POU5F1B
1326.00 9519.00 171.00 322.00 398.00 6299.00 9519.00 9519.00 1559.00
1778.00  21.00 364.00  94.00 9519.00  51.00 144.00  65.00 537.00
808.00  67.00 206.00 9519.00 1293.00  65.00 856.00  97.00 750.00
9519.00  84.00 9519.00 1790.00 3828.00 3220.00 896.00 203.00 9519.00
>MA1467.1 ATOH1(var.2)
1368.00 1008.00   0.00 1368.00   0.00 204.00   0.00   0.00  93.00   0.00
171.00 179.00 1368.00   0.00   0.00 1368.00   0.00   0.00 296.00 943.00
466.00 182.00   0.00   0.00 1368.00   0.00   0.00 1368.00  35.00   0.00
  0.00   0.00   0.00  76.00 181.00   0.00 1368.00   0.00 944.00 426.00
>MA1468.1 ATOH7
712.00 302.00   0.00 712.00  15.00 712.00   0.00   0.00   5.00  17.00
 97.00 211.00 712.00   0.00 106.00 180.00  25.00   0.00 155.00 400.00
142.00 154.00   0.00 102.00  59.00  78.00  25.00 712.00 261.00   2.00
 62.00  45.00   0.00  58.00 712.00   0.00 712.00   0.00 291.00 312.00
>MA0259.1 ARNT::HIF1A
 27.00  10.00  78.00   0.00   0.00   0.00   0.00  18.00
 28.00  29.00   2.00 103.00   0.00   0.00   0.00  51.00
 49.00  34.00  23.00   0.00 104.00   0.00 104.00  20.00
  0.00  31.00   1.00   1.00   0.00 104.00   0.00  15.00
>MA1473.1 CDX4
3713.00 2533.00   0.00 12392.00 23367.00   0.00 23367.00 23367.00 23367.00 23367.00 2715.00
2229.00 1064.00 14682.00 10976.00   0.00   0.00   0.00   0.00  57.00 6493.00 11454.00
12156.00 23367.00   0.00  25.00   0.00   0.00   0.00   0.00   0.00 2168.00 3758.00
5269.00  98.00 8686.00   0.00   0.00 23367.00   0.00   0.00   0.00 4827.00 5441.00
>MA1474.1 CREB3L4
876.00 828.00 1118.00 260.00 3891.00  13.00 306.00  53.00 500.00 3891.00 284.00 664.00
1802.00 247.00 3891.00 3891.00  50.00 3891.00  65.00 301.00 3891.00 515.00 2584.00 1740.00
959.00 3891.00 165.00 112.00 208.00  20.00 3891.00  63.00 690.00 769.00 729.00 788.00
2090.00 1403.00 246.00 221.00   8.00 130.00   0.00 3891.00 279.00 275.00 1308.00 698.00
>MA0124.1 NKX3-1
 13.00   0.00  20.00   0.00   1.00   1.00  19.00
  1.00   1.00   0.00  19.00   0.00   0.00   0.00
  3.00   0.00   0.00   0.00   0.00   0.00   1.00
  3.00  19.00   0.00   1.00  19.00  19.00   0.00
>MA0823.1 HEY1
437.00 1373.00   1.00 3338.00   0.00   0.00   0.00  32.00 333.00 475.00
761.00 656.00 3338.00  30.00 3338.00  18.00 474.00  19.00 1762.00 2172.00
1788.00 1199.00   3.00 123.00   0.00 3338.00  10.00 3338.00 380.00 373.00
352.00 110.00  15.00  21.00   0.00   0.00 3338.00  22.00 863.00 318.00
>MA0130.1 ZNF354C
  7.00   3.00   0.00   0.00  16.00   0.00
  6.00   2.00  16.00  16.00   0.00  15.00
  3.00   0.00   0.00   0.00   0.00   1.00
  0.00  11.00   0.00   0.00   0.00   0.00
>MA1638.1 HAND2
10136.00 8836.00  19.00 29222.00  12.00 30192.00  14.00 234.00 5217.00 6165.00
5564.00 11298.00 30062.00 410.00  42.00  30.00 2276.00 149.00 7690.00 10227.00
7463.00 6994.00 132.00 647.00 30144.00  38.00  31.00 29851.00 8878.00 6108.00
7120.00 3155.00  70.00   4.00  85.00  23.00 27962.00  49.00 8498.00 7783.00
>MA1637.1 EBF3
3818.00 2542.00 219.00 382.00 336.00 15089.00 15926.00 515.00 881.00 569.00 16662.00 6587.00 5692.00
5155.00 6008.00 21297.00 20681.00 21017.00 3634.00 1150.00 260.00 230.00 515.00 1819.00 6114.00 5487.00
6102.00 3048.00 361.00 261.00 324.00 1436.00 3374.00 21188.00 20589.00 20515.00 1985.00 5789.00 4566.00
6987.00 10464.00 185.00 738.00 385.00 1903.00 1612.00  99.00 362.00 463.00 1596.00 3572.00 6317.00
>MA1636.1 CEBPG(var.2)
12055.00 11639.00 25956.00 318.00 659.00 31891.00 2082.00 522.00 4374.00 36286.00 36428.00 1081.00 12949.00 12999.00 8847.00
7638.00 4688.00 3080.00 249.00 351.00 481.00 2719.00 215.00 28897.00 582.00 191.00 4761.00 15060.00 7052.00 8978.00
8655.00 10136.00 7547.00 306.00 29947.00 2565.00 1101.00 36189.00 309.00 129.00 304.00 2291.00 4027.00 5334.00 5957.00
8968.00 10853.00 733.00 36443.00 6359.00 2379.00 31414.00 390.00 3736.00 319.00 393.00 29183.00 5280.00 11931.00 13534.00
>MA0820.1 FIGLA
886.00 690.00   0.00 1780.00   0.00   9.00  56.00  36.00 154.00 455.00
270.00 693.00 1780.00  46.00 1780.00 1780.00   0.00  33.00 225.00 283.00
175.00 160.00   0.00   0.00 527.00 311.00  17.00 1780.00 569.00 289.00
449.00 237.00  29.00  14.00   0.00   0.00 1780.00  65.00 832.00 753.00
>MA0052.4 MEF2A
5075.00 4033.00 1984.00 627.00 12437.00 13132.00 14680.00 14453.00 14956.00 441.00 15582.00 2566.00 7709.00 6171.00 5254.00
2119.00 1960.00 10919.00 2974.00 1013.00 253.00 141.00 231.00 173.00 349.00  50.00 1060.00 4039.00 3523.00 3812.00
3651.00 4493.00 1007.00 236.00 1066.00 610.00 506.00 241.00 202.00 215.00 422.00 11104.00 1605.00 1810.00 2479.00
5317.00 5676.00 2252.00 12325.00 1646.00 2167.00 835.00 1237.00 831.00 15157.00 108.00 1432.00 2809.00 4658.00 4617.00
>MA0496.3 MAFK
11946.00 9602.00 14089.00 1616.00 1108.00 47484.00 2492.00 2722.00 1818.00 47675.00 1439.00 2664.00 24802.00 15933.00 14818.00
10789.00 10655.00 27000.00 1568.00 1366.00 1670.00 39125.00 1133.00 47872.00 882.00 1921.00 43458.00 14138.00 10737.00 9756.00
9969.00 21904.00 6706.00 1058.00 46695.00 1306.00 7573.00 1081.00 957.00 1267.00 44013.00 3327.00 4590.00 10512.00 8541.00
19030.00 9573.00 3939.00 47492.00 2565.00 1274.00 2544.00 46798.00 1087.00 1910.00 4361.00 2285.00 8204.00 14552.00 18619.00
>MA0148.4 FOXA1
134110.00 115096.00 23286.00 11061.00 297679.00 294900.00 312906.00 7396.00 308904.00 42299.00 82540.00 88104.00
53261.00 16071.00 5935.00 13932.00 14648.00 13410.00 2452.00 272943.00 3674.00 23038.00 60571.00 64037.00
64510.00 53682.00 281612.00 6092.00 5243.00 3774.00 3652.00 4805.00 3226.00 27283.00 94376.00 70936.00
70922.00 137954.00 11970.00 291718.00 5233.00 10719.00 3793.00 37659.00 6999.00 230183.00 85316.00 99726.00
>MA0490.2 JUNB
22772.00 23561.00 56607.00 538.00 770.00 78101.00 4755.00 1999.00 5243.00 77675.00 3722.00 21544.00 21137.00
16583.00 15807.00 7817.00 654.00 550.00 523.00 59784.00 289.00 73199.00 588.00 8876.00 19230.00 20653.00
18150.00 20403.00 11566.00 322.00 74757.00 550.00 10519.00 913.00 617.00 900.00 7508.00 16491.00 15068.00
22351.00 20085.00 3866.00 78342.00 3779.00 682.00 4798.00 76655.00 797.00 693.00 59750.00 22591.00 22998.00
>MA0901.2 HOXB13
31357.00 27207.00 11896.00 4212.00 66409.00 73044.00 421.00 73612.00 75997.00 76077.00 70230.00 22968.00 26156.00 25171.00
10859.00 13275.00 47674.00 65312.00 4611.00 726.00 550.00 523.00 599.00 760.00 2465.00 12415.00 13152.00 13391.00
13066.00 15206.00 9096.00 582.00 351.00 1913.00 586.00 1083.00 490.00 625.00 1882.00 7376.00 11759.00 12165.00
23432.00 23026.00 10048.00 8608.00 7343.00 3031.00 77157.00 3496.00 1628.00 1252.00 4137.00 35955.00 27647.00 27987.00
>MA0039.4 KLF4
12570.00 11487.00 2465.00 2105.00 7021.00 1173.00 45602.00 852.00 1617.00 1202.00 16264.00 9959.00
17520.00 14038.00 49209.00 47865.00 45405.00 52875.00 161.00 52366.00 51112.00 51045.00 18249.00 19217.00
14243.00 18473.00 1583.00 1214.00 1422.00 793.00 6598.00 1470.00 1870.00 1005.00 6292.00 14422.00
11484.00 11819.00 2560.00 4633.00 1969.00 976.00 3456.00 1129.00 1218.00 2565.00 15012.00 12219.00
>MA0741.1 KLF16
666.00 901.00  62.00 1150.00  66.00 497.00   8.00   2.00  16.00 437.00  32.00
535.00 1612.00 1612.00 461.00 1612.00 173.00 1612.00 1612.00 1612.00 1175.00 1612.00
1612.00  77.00   6.00  32.00  17.00 1612.00   0.00   8.00   3.00  19.00  23.00
240.00 116.00  45.00   0.00  19.00 403.00   0.00   0.00  97.00  40.00 370.00
>MA0700.2 LHX2
2374.00 2264.00 898.00  44.00 5790.00 6022.00 129.00  67.00 6275.00 2167.00 1934.00
988.00 949.00 3412.00 5612.00  71.00 101.00  58.00   5.00  13.00 976.00 1343.00
1261.00 1252.00 1045.00  37.00  52.00  77.00  64.00   5.00   6.00 1463.00 1035.00
1710.00 1868.00 978.00 640.00 420.00 133.00 6082.00 6256.00  39.00 1727.00 2021.00
>MA1107.2 KLF9
5359.00 8015.00 2862.00 4664.00 287.00 21899.00 221.00 19187.00 224.00 2428.00 146.00 18837.00 792.00 6948.00 4110.00 5875.00
10412.00 5108.00 4342.00 17839.00 24709.00 2559.00 24863.00 1070.00 24365.00 22117.00 24682.00 4339.00 20644.00 8797.00 10520.00 9519.00
5200.00 7779.00 16852.00 1660.00 291.00 708.00 353.00 4340.00 735.00 605.00 205.00 852.00 1778.00 3289.00 4423.00 5681.00
4608.00 4677.00 1523.00 1416.00 292.00 413.00 142.00 982.00 255.00 429.00 546.00 1551.00 2365.00 6545.00 6526.00 4504.00
>MA0659.2 MAFG
5651.00 12161.00 2200.00 273.00 696.00 20838.00 264.00 212.00 19623.00 4913.00 4021.00 3439.00 4248.00 4697.00 5905.00
2485.00 2067.00 3628.00 166.00 20232.00  71.00 270.00 20693.00 302.00 2566.00 1436.00 1448.00 5544.00 4852.00 4263.00
8586.00 2182.00 14148.00 198.00 130.00 174.00 19577.00 200.00 639.00 2848.00 1285.00 1051.00 1782.00 2712.00 3923.00
4679.00 4991.00 1425.00 20764.00 343.00 318.00 1290.00 296.00 837.00 11074.00 14659.00 15463.00 9827.00 9140.00 7310.00
>MA0495.3 MAFF
11979.00 17645.00 3943.00 575.00 1728.00 36490.00 638.00 406.00 34456.00 7639.00 7159.00 5786.00 6525.00 11672.00 9994.00 11387.00
5573.00 4126.00 4218.00 369.00 35020.00 152.00 400.00 36228.00 559.00 4360.00 2009.00 2423.00 4819.00 7092.00 7584.00 7342.00
11122.00 5074.00 27742.00 409.00 330.00 444.00 33923.00 418.00 1041.00 4442.00 1833.00 1498.00 2339.00 4731.00 6711.00 7213.00
9072.00 10901.00 1843.00 36393.00 668.00 660.00 2785.00 694.00 1690.00 21305.00 26745.00 28039.00 24063.00 14251.00 13457.00 11804.00
>MA0610.1 DMRT3
453.00 539.00 106.00   0.00   0.00 999.00 202.00   0.00 618.00 509.00 228.00
240.00 123.00  22.00   0.00   0.00   0.00   0.00 999.00 188.00 127.00 228.00
154.00 123.00  22.00 999.00   0.00   0.00 104.00   0.00  97.00 127.00 228.00
154.00 216.00 851.00   0.00 999.00   0.00 694.00   0.00  97.00 236.00 315.00
>MA0613.1 FOXG1
374.00   1.00 997.00 997.00 997.00   1.00 997.00 498.00
  1.00   1.00   1.00   1.00   1.00 997.00   1.00 167.00
623.00   1.00   1.00   1.00   1.00   1.00   1.00   2.00
  1.00 997.00   1.00   1.00   1.00   1.00   1.00 333.00
>MA0486.2 HSF1
 64.00  11.00   9.00   4.00 1455.00   0.00 1455.00 1455.00  70.00 490.00  25.00   6.00   3.00
 18.00   4.00 1455.00 361.00 424.00   0.00   8.00   4.00 713.00 190.00   5.00   2.00 1455.00
 25.00  17.00   9.00 238.00 384.00 1455.00   2.00   4.00 159.00 592.00   0.00   4.00   3.00
1455.00 1455.00   5.00 1455.00   3.00   0.00   7.00  27.00 515.00 183.00 1455.00 1455.00   4.00
>MA1470.1 BACH2(var.2)
178.00 202.00 250.00  50.00  15.00 324.00   4.00  96.00 323.00   0.00   0.00   0.00   0.00 322.00   0.00   2.00 106.00  65.00  79.00  76.00
 32.00  11.00  11.00  85.00 196.00   0.00   0.00   0.00   0.00 324.00   0.00   0.00 320.00  15.00  63.00 100.00  94.00  25.00   9.00  33.00
 50.00  26.00  27.00  93.00 114.00   0.00   0.00 326.00   1.00   0.00 327.00   0.00 116.00   0.00   0.00 189.00  68.00   1.00   3.00  46.00
 61.00  90.00  46.00  93.00   0.00   3.00 317.00   0.00   0.00   0.00   0.00 323.00   0.00   0.00 259.00  31.00  54.00 236.00 224.00 166.00
>NEUROG3.wells NEUROG3
0.569	0.595	0.001	0.997	0.004	0.74	0.009	0.002	0.002	0.089
0.075	0.187	0.997	0.001	0.004	0.21	0.003	0.001	0.046	0.471
0.325	0.214	0.001	0.001	0.894	0.045	0.003	0.987	0.763	0.154
0.031	0.004	0.001	0.001	0.098	0.005	0.985	0.01	0.189	0.286