280 3 362 613 11 138 38565 496 2 2 1 496 224 486 546 2001 12 433 787 10 771 15813 135 116957 144 193 27633 84721 129 293 0 3299 3493290 5235 61747 470 15 296 764 12 139 234 603 2 23 9434 108 0 173 88 39 349 3 4 4 3 6 477 208 159 7 644 272 1 110 10513 24 115262 24 733 3 698 61 14704 52 45082 44 1093 3 223 90 0 5 0 1 0 44 312 0 1 0 0 140 38 8243 9 10251 34 53 0 609 48 16 1 128 0 84 76 240 0 2 7 0 54 219 2 56 31 0 0 2 0 0 0 0 0 118 29 112 
0 3 0 0 7 499 0 0 2 0 1 0 0 0 0 0 18 0 0 5 0 0 534 0 845 320 0 0 897 0 0 53367 0 0 0 909 4 0 0 0 0 0 0 5 121 0 0 0 0 0 0 0 5 0 0 0 0 0 0 0 2 0 0 1 0 0 145 0 654 0 1 0 0 0 32 0 248 0 2 0 0 0 0 0 0 0 0 0 0 0 0 0 0 0 0 21 0 0 0 1 0 0 0 0 0 0 0 0 0 0 0 0 0 0 0 0 0 0 0 0 0 0 0 0 0 0 0 0 0 
0 5 0 0 10 525 0 0 4 0 7 0 0 0 0 0 30 0 0 16 0 0 381 0 1106 551 0 0 828 0 1 47411 0 0 0 717 6 0 0 0 0 0 0 3 13 0 0 0 0 0 0 0 3 0 0 0 0 0 0 0 2 0 0 3 0 0 1018 0 527 0 11 0 0 0 442 0 196 0 10 0 0 0 0 0 0 4 0 0 0 0 0 0 0 0 0 190 0 0 0 3 0 0 0 0 0 2 0 0 0 0 0 0 0 0 0 0 0 0 1 0 0 0 0 0 0 2 0 0 0 
0 5 0 0 15 447 0 0 8 0 2 0 0 0 0 0 36 0 0 35 0 0 972 0 781 978 0 0 921 0 5 41463 0 0 0 1012 14 0 0 0 0 0 0 8 96 0 0 2 0 0 0 0 4 0 0 0 0 0 0 0 4 0 0 4 0 0 521 0 522 0 5 0 0 0 33 0 299 0 4 0 0 0 0 0 0 1 0 0 0 0 0 0 0 0 0 31 0 0 0 2 0 0 0 1 0 0 0 0 0 0 0 0 0 0 0 1 0 0 0 0 0 0 0 0 0 0 0 0 0 
0 3 0 0 9 409 0 0 1 0 3 0 0 0 0 0 31 0 0 4 0 0 282 0 797 540 0 0 569 0 0 42789 0 0 0 908 6 0 0 0 0 0 0 2 18 0 0 1 0 0 0 0 6 0 0 0 0 0 0 0 6 0 0 0 0 0 344 0 493 0 5 0 0 0 156 0 267 0 4 0 0 0 0 0 0 0 0 0 0 0 0 1 0 0 0 63 0 0 0 2 0 0 0 1 0 1 0 0 0 0 0 0 0 0 0 3 0 0 0 0 0 0 0 0 0 0 0 0 0 
0 3 0 0 12 408 0 0 0 0 3 0 0 0 0 0 29 0 0 0 0 0 0 0 846 626 0 0 564 0 0 42540 0 0 0 1052 10 0 0 0 0 0 0 0 0 0 0 0 0 0 0 0 8 0 0 0 0 0 0 0 12 0 0 0 0 0 562 0 464 0 7 0 0 0 96 0 289 0 9 0 0 0 0 0 0 0 0 0 0 0 0 0 0 0 0 77 0 0 0 5 0 0 0 0 0 0 0 0 0 0 0 0 0 0 0 2 0 0 0 0 0 0 0 0 0 1 0 0 0 
0 3 0 0 10 394 0 0 1 0 2 0 0 0 0 0 29 0 0 7 0 0 111 0 764 660 0 0 566 0 0 42103 0 0 0 923 8 0 0 0 0 0 0 0 3 0 0 0 0 0 0 0 7 0 0 0 0 0 0 0 5 0 0 0 0 0 489 0 481 0 5 0 0 0 54 0 279 0 5 0 0 0 0 0 0 1 0 0 0 0 0 0 0 0 0 63 0 0 0 2 0 0 0 0 0 0 0 0 0 0 0 0 0 0 0 1 0 0 0 0 0 0 0 0 0 0 0 0 0 
0 8 0 0 23 794 0 0 19 0 11 0 0 0 0 0 41 0 0 89 0 0 2693 0 1320 1067 0 0 1463 0 19 62583 0 0 0 1718 27 0 0 0 0 0 0 18 228 0 0 6 0 0 0 0 12 0 0 0 0 0 0 0 8 0 0 26 0 0 1366 0 553 0 23 0 0 0 895 0 194 0 19 0 0 0 0 0 0 5 0 0 0 0 0 5 0 0 0 459 0 0 0 5 0 0 0 3 0 8 0 0 0 0 0 0 0 0 0 3 0 0 1 0 0 0 0 0 0 5 0 0 0 
0 4 0 0 16 555 0 0 5 0 2 0 0 0 0 0 39 0 0 31 0 0 978 0 1016 617 0 0 620 0 2 53684 0 0 0 1657 21 0 0 0 0 0 0 6 129 0 0 2 0 0 0 0 10 0 0 0 0 0 0 0 8 0 0 4 0 0 255 0 503 0 6 0 0 0 255 0 289 0 6 0 0 0 0 0 0 0 0 0 0 0 0 0 0 0 0 168 0 0 0 1 0 0 0 1 0 0 0 0 0 0 0 0 0 0 0 2 0 0 0 0 0 0 0 0 0 0 0 0 0 
0 12 0 0 34 931 0 0 45 0 24 0 0 0 0 0 50 0 0 223 0 0 4922 0 1480 1578 0 0 1247 0 76 64476 0 0 0 1989 39 0 0 0 0 0 0 32 328 0 0 11 0 0 0 0 12 0 0 0 0 0 0 0 11 0 0 94 0 0 3043 0 413 0 38 0 0 0 1351 0 227 0 38 0 0 0 0 0 0 30 0 0 0 0 0 10 0 0 0 587 0 0 0 21 0 0 0 4 0 28 0 0 0 0 0 0 0 0 0 10 0 0 1 0 0 0 0 0 0 13 0 0 0 
0 4 0 0 7 494 0 0 2 0 4 0 0 0 0 0 22 0 0 6 0 0 399 0 1017 309 0 0 1010 0 0 47415 0 0 0 729 1 0 0 0 0 0 0 2 28 0 0 0 0 0 0 0 2 0 0 0 0 0 0 0 3 0 0 1 0 0 434 0 570 0 6 0 0 0 302 0 184 0 5 0 0 0 0 0 0 0 0 0 0 0 0 0 0 0 0 145 0 0 0 1 0 0 0 1 0 2 0 0 0 0 0 0 0 0 0 0 0 0 0 0 0 0 0 0 0 1 0 0 0 
0 4 0 0 10 524 0 0 3 0 3 0 0 0 0 0 28 0 0 11 0 0 607 0 887 505 0 0 867 0 0 53302 0 0 0 975 7 0 0 0 0 0 0 5 123 0 0 0 0 0 0 0 5 0 0 0 0 0 0 0 2 0 0 2 0 0 562 0 626 0 5 0 0 0 62 0 259 0 6 0 0 0 0 0 0 1 0 0 0 0 0 1 0 0 0 45 0 0 0 3 0 0 0 0 0 0 0 0 0 0 0 0 0 0 0 0 0 0 0 0 0 0 0 0 0 0 0 0 0 
0 6 0 0 12 853 0 0 9 0 8 0 0 0 0 0 27 0 0 27 0 0 1846 0 1385 326 0 0 1141 0 3 74528 0 0 0 1330 13 0 0 0 0 0 0 7 278 0 0 1 0 0 0 0 8 0 0 0 0 0 0 0 4 0 0 14 0 0 784 0 675 0 12 0 0 0 990 0 105 0 15 0 0 0 0 0 0 0 0 0 0 0 0 3 0 0 0 439 0 0 0 2 0 0 0 2 0 5 0 0 0 0 0 0 0 0 0 3 0 0 1 0 0 0 0 0 0 3 0 0 0 
0 3 0 0 10 350 0 0 3 0 0 0 0 0 0 0 30 0 0 10 0 0 619 0 620 521 0 0 617 0 1 39891 0 0 0 804 11 0 0 0 0 0 0 6 38 0 0 2 0 0 0 0 4 0 0 0 0 0 0 0 1 0 0 0 0 0 0 0 537 0 0 0 0 0 0 0 256 0 0 0 0 0 0 0 0 0 0 0 0 0 0 0 0 0 0 0 0 0 0 0 0 0 0 0 0 0 0 0 0 0 0 0 0 0 0 0 0 0 0 0 0 0 0 0 0 0 0 0 0 
0 4 0 0 15 440 0 0 4 0 2 0 0 0 0 0 37 0 0 21 0 0 531 0 812 812 0 0 851 0 1 42365 0 0 0 1195 18 0 0 0 0 0 0 5 61 0 0 3 0 0 0 0 5 0 0 0 0 0 0 0 4 0 0 2 0 0 496 0 500 0 4 0 0 0 55 0 315 0 2 0 0 0 0 0 0 1 0 0 0 0 0 0 0 0 0 54 0 0 0 4 0 0 0 1 0 0 0 0 0 0 0 0 0 0 0 2 0 0 0 0 0 0 0 0 0 0 0 0 0 
0 5 0 0 13 541 0 0 9 0 1 0 0 0 0 0 39 0 0 36 0 0 1551 0 940 714 0 0 1052 0 7 54470 0 0 0 943 10 0 0 0 0 0 0 7 130 0 0 2 0 0 0 0 5 0 0 0 0 0 0 0 4 0 0 3 0 0 235 0 627 0 2 0 0 0 27 0 281 0 1 0 0 0 0 0 0 0 0 0 0 0 0 0 0 0 0 43 0 0 0 0 0 0 0 0 0 0 0 0 0 0 0 0 0 0 0 1 0 0 0 0 0 0 0 0 0 0 0 0 0 
0 4 0 0 15 533 0 0 3 0 5 0 0 0 0 0 35 0 0 17 0 0 527 0 1054 738 0 0 521 0 0 52960 0 0 0 1332 21 0 0 0 0 0 0 4 16 0 0 1 0 0 0 0 9 0 0 0 0 0 0 0 7 0 0 5 0 0 561 0 425 0 15 0 0 0 611 0 202 0 15 0 0 0 0 0 0 0 0 0 0 0 0 0 0 0 0 329 0 0 0 0 0 0 0 1 0 0 0 0 0 0 0 0 0 0 0 2 0 0 1 0 0 0 0 0 0 3 0 0 0 
0 6 0 0 16 696 0 0 11 0 5 0 0 0 0 0 35 0 0 43 0 0 2048 0 1158 730 0 0 1030 0 8 60313 0 0 0 1474 14 0 0 0 0 0 0 13 282 0 0 3 0 0 0 0 4 0 0 0 0 0 0 0 7 0 0 11 0 0 631 0 622 0 10 0 0 0 156 0 315 0 6 0 0 0 0 0 0 0 0 0 0 0 0 2 0 0 0 76 0 0 0 3 0 0 0 3 0 2 0 0 0 0 0 0 0 0 0 1 0 0 0 0 0 0 0 0 0 1 0 0 0 
73 6 96 359 15 448 2611 186 10 1 5 18 78 120 302 785 29 227 629 34 449 12502 891 11272 807 864 20935 6377 919 164 7 33891 61046 1594 11018 797 9 570 217 1 32 141 13 9 50 1008 149 5 0 13 37 60 4 1 2 3 0 72 128 169 4 44 147 7 55 11435 800 1156 387 132 9 60 11 518 231 3610 187 40 8 149 36 0 0 0 0 3 63 0 0 0 0 0 6 8 968 104 57 121 73 4 8 0 4 1 10 2 34 0 4 0 1 0 1 4 24 0 43 2 0 1 0 0 0 0 1 1 17 30 0 
0 6 0 0 23 625 0 0 12 0 4 0 0 0 0 0 52 0 0 78 0 0 1928 0 1136 1007 0 0 812 0 9 54698 0 0 0 1901 31 0 0 0 0 0 0 11 190 0 0 3 0 0 0 0 11 0 0 0 0 0 0 0 17 0 0 13 0 0 530 0 472 0 10 0 0 0 304 0 316 0 8 0 0 0 0 0 0 1 0 0 0 0 0 0 0 0 0 195 0 0 0 6 0 0 0 1 0 1 0 0 0 0 0 0 0 0 0 3 0 0 0 0 0 0 0 0 0 0 0 0 0 
17 5 0 63 13 718 136 35 8 0 3 0 22 0 0 145 23 0 76 28 97 2100 1599 508 1096 506 8170 0 1379 27 5 65592 680 0 383 1378 13 83 0 0 0 14 0 14 236 26 36 1 0 0 0 0 9 0 0 0 0 0 0 22 8 0 25 6 8 3975 292 0 725 54 6 0 0 0 448 242 197 0 6 44 0 0 0 0 0 0 25 0 0 0 0 1 0 9 55 230 0 6 0 1 0 0 0 2 0 1 8 0 0 0 0 0 0 0 0 2 11 0 0 0 0 0 0 0 0 0 0 12 0 
6 5 0 26 15 526 15 15 9 0 1 0 4 0 0 73 42 0 38 41 33 918 1511 65 897 700 2544 0 1317 14 7 52712 20 0 56 1055 15 41 0 0 0 5 0 11 133 5 21 0 0 0 0 0 5 0 0 0 0 0 0 4 6 0 8 3 6 586 246 0 640 9 3 0 0 0 15 18 265 0 2 12 0 0 0 0 0 0 5 0 0 0 0 0 0 1 1 28 0 2 0 3 0 0 0 0 0 0 3 0 0 0 0 0 0 0 0 0 0 0 0 0 0 0 0 0 0 0 0 0 0 
0 7 0 0 16 567 0 0 10 0 11 0 0 0 0 0 40 0 0 33 0 0 822 0 1144 999 0 0 787 0 7 47909 0 0 0 903 9 0 0 0 0 0 0 2 59 0 0 7 0 0 0 0 2 0 0 0 0 0 0 0 5 0 0 7 0 0 1543 0 524 0 15 0 0 0 521 0 203 0 23 0 0 0 0 0 0 10 0 0 0 0 0 0 0 0 0 194 0 0 0 7 0 0 0 2 0 5 0 0 0 0 0 0 0 0 0 0 0 0 0 0 0 0 0 0 0 6 0 0 0 
0 9 0 0 21 959 0 0 27 0 10 0 0 0 0 0 41 0 0 101 0 0 4355 0 1342 763 0 0 1566 0 34 75055 0 0 0 1640 18 0 0 0 0 0 0 24 462 0 0 2 0 0 0 0 9 0 0 0 0 0 0 0 5 0 0 40 0 0 1114 0 696 0 16 0 0 0 872 0 221 0 16 0 0 0 0 0 0 3 0 0 0 0 0 4 0 0 0 403 0 0 0 8 0 0 0 5 0 9 0 0 0 0 0 0 0 0 0 3 0 0 0 0 0 0 0 0 0 1 0 0 0 
0 7 0 0 14 695 0 0 16 0 7 0 0 0 0 0 29 0 0 49 0 0 2476 0 1198 775 0 0 1523 0 14 59031 0 0 0 1038 5 0 0 0 0 0 0 13 234 0 0 2 0 0 0 0 12 0 0 0 0 0 0 0 6 0 0 23 0 0 905 0 646 0 8 0 0 0 378 0 309 0 8 0 0 0 0 0 0 3 0 0 0 0 0 2 0 0 0 117 0 0 0 4 0 0 0 3 0 4 0 0 0 0 0 0 0 0 0 4 0 0 0 0 0 0 0 0 0 0 0 0 0 
0 4 0 0 14 537 0 0 5 0 2 0 0 0 0 0 36 0 0 26 0 0 962 0 1016 670 0 0 614 0 2 49303 0 0 0 1349 17 0 0 0 0 0 0 3 136 0 0 3 0 0 0 0 5 0 0 0 0 0 0 0 4 0 0 4 0 0 248 0 504 0 6 0 0 0 248 0 269 0 6 0 0 0 0 0 0 0 0 0 0 0 0 0 0 0 0 126 0 0 0 1 0 0 0 1 0 0 0 0 0 0 0 0 0 0 0 0 0 0 0 0 0 0 0 0 0 0 0 0 0 
0 3 0 0 10 463 0 0 1 0 3 0 0 0 0 0 21 0 0 3 0 0 138 0 927 518 0 0 648 0 0 46320 0 0 0 1054 10 0 0 0 0 0 0 4 22 0 0 1 0 0 0 0 7 0 0 0 0 0 0 0 6 0 0 0 0 0 476 0 473 0 7 0 0 0 290 0 245 0 8 0 0 0 0 0 0 1 0 0 0 0 0 0 0 0 0 173 0 0 0 2 0 0 0 1 0 1 0 0 0 0 0 0 0 0 0 1 0 0 0 0 0 0 0 0 0 0 0 0 0 
0 7 0 0 24 759 0 0 14 0 9 0 0 0 0 0 45 0 0 76 0 0 2130 0 1337 1141 0 0 879 0 11 61035 0 0 0 1974 31 0 0 0 0 0 0 15 166 0 0 6 0 0 0 0 11 0 0 0 0 0 0 0 8 0 0 19 0 0 1228 0 404 0 20 0 0 0 760 0 278 0 21 0 0 0 0 0 0 4 0 0 0 0 0 0 0 0 0 438 0 0 0 5 0 0 0 4 0 6 0 0 0 0 0 0 0 0 0 4 0 0 1 0 0 0 0 0 0 5 0 0 0 
0 6 0 0 16 701 0 0 13 0 2 0 0 0 0 0 33 0 0 49 0 0 2370 0 1121 760 0 0 1184 0 12 60833 0 0 0 1430 13 0 0 0 0 0 0 14 314 0 0 4 0 0 0 0 12 0 0 0 0 0 0 0 7 0 0 8 0 0 280 0 660 0 7 0 0 0 113 0 329 0 3 0 0 0 0 0 0 0 0 0 0 0 0 0 0 0 0 52 0 0 0 1 0 0 0 0 0 0 0 0 0 0 0 0 0 0 0 1 0 0 0 0 0 0 0 0 0 0 0 0 0 
0 8 0 0 29 765 0 0 22 0 7 0 0 0 0 0 61 0 0 140 0 0 3022 0 1271 1285 0 0 961 0 29 61277 0 0 0 2022 36 0 0 0 0 0 0 12 303 0 0 8 0 0 0 0 10 0 0 0 0 0 0 0 15 0 0 23 0 0 1011 0 558 0 11 0 0 0 523 0 273 0 15 0 0 0 0 0 0 4 0 0 0 0 0 1 0 0 0 298 0 0 0 11 0 0 0 2 0 3 0 0 0 0 0 0 0 0 0 3 0 0 0 0 0 0 0 0 0 2 0 0 0 
0 4 0 0 12 469 0 0 4 0 2 0 0 0 0 0 28 0 0 18 0 0 616 0 890 795 0 0 1030 0 1 44549 0 0 0 1101 9 0 0 0 0 0 0 4 55 0 0 1 0 0 0 0 9 0 0 0 0 0 0 0 4 0 0 2 0 0 482 0 523 0 5 0 0 0 55 0 299 0 3 0 0 0 0 0 0 1 0 0 0 0 0 0 0 0 0 69 0 0 0 3 0 0 0 0 0 0 0 0 0 0 0 0 0 0 0 1 0 0 0 0 0 0 0 0 0 0 0 0 0 
0 5 0 0 17 516 0 0 7 0 4 0 0 0 0 0 42 0 0 38 0 0 1061 0 957 933 0 0 989 0 3 45931 0 0 0 1232 20 0 0 0 0 0 0 4 98 0 0 3 0 0 0 0 8 0 0 0 0 0 0 0 4 0 0 7 0 0 551 0 497 0 11 0 0 0 295 0 269 0 11 0 0 0 0 0 0 1 0 0 0 0 0 1 0 0 0 164 0 0 0 4 0 0 0 1 0 1 0 0 0 0 0 0 0 0 0 0 0 0 0 0 0 0 0 0 0 0 0 0 0 
0 9 0 0 25 847 0 0 21 0 18 0 0 0 0 0 48 0 0 108 0 0 2723 0 1423 1088 0 0 1128 0 18 68229 0 0 0 1517 26 0 0 0 0 0 0 18 246 0 0 5 0 0 0 0 10 0 0 0 0 0 0 0 10 0 0 37 0 0 2320 0 479 0 29 0 0 0 1207 0 204 0 37 0 0 0 0 0 0 14 0 0 0 0 0 9 0 0 0 485 0 0 0 6 0 0 0 3 0 20 0 0 0 0 0 0 0 0 0 6 0 0 1 0 0 0 0 0 0 8 0 0 0 
0 4 0 0 17 466 0 0 4 0 2 0 0 0 0 0 47 0 0 29 0 0 606 0 965 720 0 0 466 0 1 45020 0 0 0 1379 22 0 0 0 0 0 0 2 71 0 0 2 0 0 0 0 4 0 0 0 0 0 0 0 7 0 0 2 0 0 496 0 460 0 5 0 0 0 43 0 297 0 2 0 0 0 0 0 0 1 0 0 0 0 0 0 0 0 0 51 0 0 0 7 0 0 0 0 0 0 0 0 0 0 0 0 0 0 0 1 0 0 0 0 0 0 0 0 0 0 0 0 0 
0 4 0 0 13 521 0 0 5 0 2 0 0 0 0 0 25 0 0 21 0 0 1084 0 882 787 0 0 1145 0 2 53472 0 0 0 959 14 0 0 0 0 0 0 10 141 0 0 3 0 0 0 0 10 0 0 0 0 0 0 0 12 0 0 4 0 0 178 0 673 0 3 0 0 0 178 0 263 0 3 0 0 0 0 0 0 0 0 0 0 0 0 0 0 0 0 14 0 0 0 1 0 0 0 1 0 0 0 0 0 0 0 0 0 0 0 0 0 0 0 0 0 0 0 0 0 0 0 0 0 
0 1 0 0 3 279 0 0 0 0 0 0 0 0 0 0 11 0 0 0 0 0 0 0 496 138 0 0 362 0 0 38286 0 0 0 610 2 0 0 0 0 0 0 0 0 0 0 0 0 0 0 0 2 0 0 0 0 0 0 0 1 0 0 0 0 0 0 0 496 0 0 0 0 0 0 0 224 0 0 0 0 0 0 0 0 0 0 0 0 0 0 0 0 0 0 0 0 0 0 0 0 0 0 0 0 0 0 0 0 0 0 0 0 0 0 0 0 0 0 0 0 0 0 0 0 0 0 0 0 
0 4 0 0 17 498 0 0 4 0 4 0 0 0 0 0 34 0 0 25 0 0 788 0 913 940 0 0 978 0 1 49938 0 0 0 1394 21 0 0 0 0 0 0 6 55 0 0 2 0 0 0 0 10 0 0 0 0 0 0 0 12 0 0 4 0 0 408 0 508 0 10 0 0 0 408 0 269 0 10 0 0 0 0 0 0 1 0 0 0 0 0 1 0 0 0 184 0 0 0 5 0 0 0 5 0 2 0 0 0 0 0 0 0 0 0 4 0 0 0 0 0 0 0 0 0 0 0 0 0 
0 7 0 0 15 792 0 0 10 0 15 0 0 0 0 0 28 0 0 30 0 0 1780 0 1367 621 0 0 926 0 4 68172 0 0 0 1083 9 0 0 0 0 0 0 11 219 0 0 3 0 0 0 0 5 0 0 0 0 0 0 0 4 0 0 17 0 0 1413 0 508 0 21 0 0 0 1362 0 144 0 27 0 0 0 0 0 0 6 0 0 0 0 0 8 0 0 0 448 0 0 0 6 0 0 0 6 0 13 0 0 0 0 0 0 0 0 0 3 0 0 2 0 0 0 0 0 0 8 0 0 0 
0 4 0 0 11 517 0 0 5 0 1 0 0 0 0 0 28 0 0 20 0 0 982 0 891 609 0 0 835 0 2 53293 0 0 0 1053 12 0 0 0 0 0 0 7 132 0 0 1 0 0 0 0 5 0 0 0 0 0 0 0 7 0 0 2 0 0 262 0 646 0 2 0 0 0 7 0 257 0 0 0 0 0 0 0 0 0 0 0 0 0 0 0 0 0 0 15 0 0 0 1 0 0 0 0 0 0 0 0 0 0 0 0 0 0 0 1 0 0 0 0 0 0 0 0 0 0 0 0 0 
0 4 0 0 13 513 0 0 4 0 2 0 0 0 0 0 33 0 0 16 0 0 921 0 899 753 0 0 1132 0 1 52987 0 0 0 994 16 0 0 0 0 0 0 6 116 0 0 2 0 0 0 0 5 0 0 0 0 0 0 0 5 0 0 2 0 0 295 0 664 0 4 0 0 0 47 0 283 0 5 0 0 0 0 0 0 0 0 0 0 0 0 0 0 0 0 19 0 0 0 3 0 0 0 1 0 1 0 0 0 0 0 0 0 0 0 2 0 0 0 0 0 0 0 0 0 0 0 0 0 
0 5 0 0 10 618 0 0 8 0 2 0 0 0 0 0 24 0 0 21 0 0 1607 0 1048 473 0 0 1323 0 5 57569 0 0 0 1101 4 0 0 0 0 0 0 8 187 0 0 1 0 0 0 0 8 0 0 0 0 0 0 0 4 0 0 4 0 0 316 0 671 0 4 0 0 0 71 0 273 0 3 0 0 0 0 0 0 0 0 0 0 0 0 0 0 0 0 49 0 0 0 2 0 0 0 0 0 1 0 0 0 0 0 0 0 0 0 2 0 0 0 0 0 0 0 0 0 0 0 0 0 
0 7 0 0 21 697 0 0 13 0 10 0 0 0 0 0 43 0 0 63 0 0 1570 0 1342 868 0 0 929 0 11 57530 0 0 0 1629 22 0 0 0 0 0 0 9 113 0 0 4 0 0 0 0 6 0 0 0 0 0 0 0 12 0 0 13 0 0 1565 0 387 0 23 0 0 0 748 0 215 0 21 0 0 0 0 0 0 8 0 0 0 0 0 0 0 0 0 422 0 0 0 7 0 0 0 5 0 6 0 0 0 0 0 0 0 0 0 4 0 0 1 0 0 0 0 0 0 7 0 0 0 
0 5 0 0 13 740 0 0 5 0 7 0 0 0 0 0 33 0 0 16 0 0 1117 0 1295 349 0 0 873 0 1 68058 0 0 0 1397 13 0 0 0 0 0 0 6 170 0 0 1 0 0 0 0 8 0 0 0 0 0 0 0 3 0 0 6 0 0 736 0 568 0 14 0 0 0 806 0 168 0 17 0 0 0 0 0 0 0 0 0 0 0 0 3 0 0 0 374 0 0 0 3 0 0 0 2 0 3 0 0 0 0 0 0 0 0 0 3 0 0 1 0 0 0 0 0 0 3 0 0 0 
0 7 0 0 20 741 0 0 17 0 5 0 0 0 0 0 51 0 0 66 0 0 2872 0 1226 682 0 0 1037 0 17 62776 0 0 0 1548 21 0 0 0 0 0 0 14 307 0 0 9 0 0 0 0 4 0 0 0 0 0 0 0 1 0 0 20 0 0 629 0 630 0 9 0 0 0 352 0 251 0 12 0 0 0 0 0 0 1 0 0 0 0 0 1 0 0 0 168 0 0 0 4 0 0 0 2 0 1 0 0 0 0 0 0 0 0 0 1 0 0 0 0 0 0 0 0 0 0 0 0 0 
0 6 0 0 17 705 0 0 10 0 5 0 0 0 0 0 34 0 0 38 0 0 2051 0 1133 905 0 0 1381 0 5 60468 0 0 0 1473 15 0 0 0 0 0 0 15 243 0 0 6 0 0 0 0 9 0 0 0 0 0 0 0 10 0 0 10 0 0 567 0 686 0 5 0 0 0 239 0 314 0 9 0 0 0 0 0 0 0 0 0 0 0 0 1 0 0 0 87 0 0 0 3 0 0 0 5 0 4 0 0 0 0 0 0 0 0 0 4 0 0 0 0 0 0 0 0 0 0 0 0 0 
0 4 0 0 11 594 0 0 5 0 1 0 0 0 0 0 28 0 0 17 0 0 1113 0 989 420 0 0 904 0 2 57827 0 0 0 1260 9 0 0 0 0 0 0 8 222 0 0 2 0 0 0 0 6 0 0 0 0 0 0 0 3 0 0 2 0 0 145 0 659 0 1 0 0 0 32 0 276 0 2 0 0 0 0 0 0 0 0 0 0 0 0 0 0 0 0 21 0 0 0 1 0 0 0 0 0 0 0 0 0 0 0 0 0 0 0 0 0 0 0 0 0 0 0 0 0 0 0 0 0 
0 3 0 0 10 407 0 0 1 0 3 0 0 0 0 0 23 0 0 5 0 0 113 0 819 588 0 0 723 0 0 42883 0 0 0 916 12 0 0 0 0 0 0 1 8 0 0 1 0 0 0 0 2 0 0 0 0 0 0 0 3 0 0 0 0 0 500 0 465 0 8 0 0 0 259 0 219 0 7 0 0 0 0 0 0 1 0 0 0 0 0 0 0 0 0 148 0 0 0 3 0 0 0 1 0 1 0 0 0 0 0 0 0 0 0 0 0 0 0 0 0 0 0 0 0 0 0 0 0 
0 2 0 0 8 424 0 0 0 0 2 0 0 0 0 0 22 0 0 0 0 0 0 0 799 285 0 0 525 0 0 48604 0 0 0 1181 11 0 0 0 0 0 0 0 0 0 0 0 0 0 0 0 9 0 0 0 0 0 0 0 6 0 0 0 0 0 255 0 488 0 6 0 0 0 255 0 242 0 6 0 0 0 0 0 0 0 0 0 0 0 0 0 0 0 0 168 0 0 0 1 0 0 0 1 0 0 0 0 0 0 0 0 0 0 0 2 0 0 0 0 0 0 0 0 0 0 0 0 0 
0 3 0 0 12 334 0 0 2 0 1 0 0 0 0 0 22 0 0 9 0 0 326 0 592 999 0 0 1012 0 0 38737 0 0 0 795 11 0 0 0 0 0 0 5 17 0 0 3 0 0 0 0 11 0 0 0 0 0 0 0 9 0 0 1 0 0 262 0 525 0 2 0 0 0 14 0 277 0 2 0 0 0 0 0 0 0 0 0 0 0 0 0 0 0 0 15 0 0 0 1 0 0 0 0 0 0 0 0 0 0 0 0 0 0 0 1 0 0 0 0 0 0 0 0 0 0 0 0 0 
0 4 0 0 14 551 0 0 2 0 6 0 0 0 0 0 29 0 0 11 0 0 276 0 1103 677 0 0 776 0 0 53145 0 0 0 1378 18 0 0 0 0 0 0 3 15 0 0 1 0 0 0 0 8 0 0 0 0 0 0 0 7 0 0 1 0 0 811 0 420 0 16 0 0 0 621 0 198 0 16 0 0 0 0 0 0 2 0 0 0 0 0 0 0 0 0 351 0 0 0 2 0 0 0 1 0 2 0 0 0 0 0 0 0 0 0 2 0 0 1 0 0 0 0 0 0 3 0 0 0 
0 4 0 0 17 567 0 0 3 0 5 0 0 0 0 0 36 0 0 22 0 0 574 0 1117 740 0 0 555 0 0 54021 0 0 0 1555 25 0 0 0 0 0 0 5 44 0 0 1 0 0 0 0 10 0 0 0 0 0 0 0 13 0 0 5 0 0 561 0 435 0 15 0 0 0 611 0 211 0 15 0 0 0 0 0 0 0 0 0 0 0 0 0 0 0 0 329 0 0 0 0 0 0 0 1 0 0 0 0 0 0 0 0 0 0 0 2 0 0 1 0 0 0 0 0 0 3 0 0 0 
0 3 0 0 12 403 0 0 2 0 1 0 0 0 0 0 30 0 0 10 0 0 360 0 737 656 0 0 636 0 0 41939 0 0 0 1102 15 0 0 0 0 0 0 4 47 0 0 1 0 0 0 0 5 0 0 0 0 0 0 0 4 0 0 1 0 0 236 0 500 0 2 0 0 0 33 0 299 0 1 0 0 0 0 0 0 0 0 0 0 0 0 0 0 0 0 39 0 0 0 3 0 0 0 0 0 0 0 0 0 0 0 0 0 0 0 1 0 0 0 0 0 0 0 0 0 0 0 0 0 
0 4 0 0 11 412 0 0 4 0 2 0 0 0 0 0 38 0 0 17 0 0 537 0 817 724 0 0 633 0 1 41305 0 0 0 911 8 0 0 0 0 0 0 4 25 0 0 2 0 0 0 0 4 0 0 0 0 0 0 0 7 0 0 2 0 0 495 0 471 0 4 0 0 0 34 0 290 0 1 0 0 0 0 0 0 1 0 0 0 0 0 0 0 0 0 58 0 0 0 1 0 0 0 0 0 0 0 0 0 0 0 0 0 0 0 2 0 0 0 0 0 0 0 0 0 0 0 0 0 
0 4 0 0 11 462 0 0 3 0 3 0 0 0 0 0 28 0 0 11 0 0 494 0 899 501 0 0 1006 0 0 43924 0 0 0 1045 7 0 0 0 0 0 0 6 38 0 0 0 0 0 0 0 11 0 0 0 0 0 0 0 4 0 0 3 0 0 573 0 541 0 8 0 0 0 101 0 290 0 5 0 0 0 0 0 0 0 0 0 0 0 0 0 0 0 0 68 0 0 0 2 0 0 0 0 0 0 0 0 0 0 0 0 0 0 0 1 0 0 0 0 0 0 0 0 0 1 0 0 0 
0 4 0 0 13 420 0 0 3 0 3 0 0 0 0 0 35 0 0 14 0 0 271 0 841 921 0 0 781 0 1 42290 0 0 0 980 12 0 0 0 0 0 0 3 7 0 0 2 0 0 0 0 7 0 0 0 0 0 0 0 4 0 0 0 0 0 756 0 490 0 5 0 0 0 74 0 287 0 5 0 0 0 0 0 0 3 0 0 0 0 0 0 0 0 0 69 0 0 0 3 0 0 0 1 0 0 0 0 0 0 0 0 0 0 0 4 0 0 0 0 0 0 0 0 0 0 0 0 0 
0 7 0 0 24 636 0 0 14 0 8 0 0 0 0 0 60 0 0 84 0 0 1577 0 1216 1201 0 0 785 0 13 53616 0 0 0 1439 31 0 0 0 0 0 0 4 157 0 0 11 0 0 0 0 3 0 0 0 0 0 0 0 9 0 0 12 0 0 1287 0 539 0 12 0 0 0 505 0 209 0 16 0 0 0 0 0 0 7 0 0 0 0 0 1 0 0 0 246 0 0 0 10 0 0 0 2 0 5 0 0 0 0 0 0 0 0 0 1 0 0 0 0 0 0 0 0 0 2 0 0 0 
0 6 0 0 24 569 0 0 9 0 8 0 0 0 0 0 49 0 0 62 0 0 1088 0 1075 1186 0 0 896 0 4 50597 0 0 0 1754 32 0 0 0 0 0 0 9 76 0 0 5 0 0 0 0 10 0 0 0 0 0 0 0 19 0 0 13 0 0 1229 0 441 0 20 0 0 0 386 0 308 0 15 0 0 0 0 0 0 5 0 0 0 0 0 1 0 0 0 238 0 0 0 11 0 0 0 4 0 3 0 0 0 0 0 0 0 0 0 4 0 0 0 0 0 0 0 0 0 2 0 0 0 
0 7 0 0 26 686 0 0 16 0 6 0 0 0 0 0 54 0 0 98 0 0 2218 0 1235 1400 0 0 983 0 17 53542 0 0 0 1805 30 0 0 0 0 0 0 13 214 0 0 7 0 0 0 0 12 0 0 0 0 0 0 0 11 0 0 13 0 0 1035 0 468 0 13 0 0 0 344 0 339 0 15 0 0 0 0 0 0 6 0 0 0 0 0 1 0 0 0 223 0 0 0 7 0 0 0 1 0 3 0 0 0 0 0 0 0 0 0 2 0 0 0 0 0 0 0 0 0 0 0 0 0 
0 3 0 0 8 491 0 0 1 0 3 0 0 0 0 0 20 0 0 7 0 0 173 0 997 367 0 0 768 0 0 49258 0 0 0 834 9 0 0 0 0 0 0 0 20 0 0 0 0 0 0 0 1 0 0 0 0 0 0 0 3 0 0 0 0 0 291 0 593 0 6 0 0 0 452 0 156 0 6 0 0 0 0 0 0 0 0 0 0 0 0 1 0 0 0 200 0 0 0 1 0 0 0 2 0 1 0 0 0 0 0 0 0 0 0 0 0 0 0 0 0 0 0 0 0 0 0 0 0 
0 9 0 0 31 664 0 0 29 0 9 0 0 0 0 0 64 0 0 153 0 0 3398 0 1154 1685 0 0 1030 0 45 53476 0 0 0 1681 30 0 0 0 0 0 0 22 194 0 0 14 0 0 0 0 12 0 0 0 0 0 0 0 20 0 0 37 0 0 1018 0 499 0 21 0 0 0 603 0 329 0 25 0 0 0 0 0 0 4 0 0 0 0 0 4 0 0 0 236 0 0 0 7 0 0 0 2 0 7 0 0 0 0 0 0 0 0 0 5 0 0 0 0 0 0 0 0 0 2 0 0 0 
0 6 0 0 11 748 0 0 11 0 4 0 0 0 0 0 33 0 0 36 0 0 1922 0 1233 450 0 0 1179 0 8 65328 0 0 0 1201 6 0 0 0 0 0 0 6 294 0 0 0 0 0 0 0 4 0 0 0 0 0 0 0 2 0 0 9 0 0 626 0 708 0 6 0 0 0 280 0 216 0 3 0 0 0 0 0 0 1 0 0 0 0 0 0 0 0 0 159 0 0 0 2 0 0 0 1 0 1 0 0 0 0 0 0 0 0 0 1 0 0 0 0 0 0 0 0 0 1 0 0 0 
0 7 0 0 22 575 0 0 16 0 5 0 0 0 0 0 54 0 0 74 0 0 1986 0 992 1510 0 0 1123 0 15 45399 0 0 0 1361 19 0 0 0 0 0 0 15 143 0 0 10 0 0 0 0 9 0 0 0 0 0 0 0 9 0 0 16 0 0 880 0 521 0 11 0 0 0 121 0 384 0 8 0 0 0 0 0 0 2 0 0 0 0 0 1 0 0 0 82 0 0 0 2 0 0 0 1 0 0 0 0 0 0 0 0 0 0 0 2 0 0 0 0 0 0 0 0 0 1 0 0 0 
0 2 0 0 6 310 0 0 1 0 0 0 0 0 0 0 18 0 0 3 0 0 272 0 552 330 0 0 638 0 0 38742 0 0 0 694 4 0 0 0 0 0 0 3 18 0 0 0 0 0 0 0 2 0 0 0 0 0 0 0 3 0 0 0 0 0 0 0 505 0 0 0 0 0 0 0 233 0 0 0 0 0 0 0 0 0 0 0 0 0 0 0 0 0 0 0 0 0 0 0 0 0 0 0 0 0 0 0 0 0 0 0 0 0 0 0 0 0 0 0 0 0 0 0 0 0 0 0 0 
0 3 0 0 11 476 0 0 1 0 3 0 0 0 0 0 27 0 0 3 0 0 252 0 871 557 0 0 607 0 0 49918 0 0 0 1224 12 0 0 0 0 0 0 3 38 0 0 0 0 0 0 0 7 0 0 0 0 0 0 0 6 0 0 0 0 0 291 0 500 0 7 0 0 0 384 0 263 0 8 0 0 0 0 0 0 0 0 0 0 0 0 1 0 0 0 183 0 0 0 2 0 0 0 3 0 1 0 0 0 0 0 0 0 0 0 3 0 0 0 0 0 0 0 0 0 0 0 0 0 
0 2 0 0 4 331 0 0 1 0 0 0 0 0 0 0 13 0 0 2 0 0 261 0 607 171 0 0 507 0 0 39597 0 0 0 661 2 0 0 0 0 0 0 2 34 0 0 0 0 0 0 0 2 0 0 0 0 0 0 0 1 0 0 0 0 0 0 0 511 0 0 0 0 0 0 0 225 0 0 0 0 0 0 0 0 0 0 0 0 0 0 0 0 0 0 0 0 0 0 0 0 0 0 0 0 0 0 0 0 0 0 0 0 0 0 0 0 0 0 0 0 0 0 0 0 0 0 0 0 
0 7 0 0 17 640 0 0 15 0 7 0 0 0 0 0 45 0 0 58 0 0 2272 0 1047 1015 0 0 1244 0 13 55702 0 0 0 1088 11 0 0 0 0 0 0 16 228 0 0 7 0 0 0 0 8 0 0 0 0 0 0 0 10 0 0 19 0 0 868 0 652 0 9 0 0 0 301 0 284 0 12 0 0 0 0 0 0 2 0 0 0 0 0 2 0 0 0 62 0 0 0 1 0 0 0 1 0 1 0 0 0 0 0 0 0 0 0 1 0 0 1 0 0 0 0 0 0 2 0 0 0 
0 6 0 0 9 703 0 0 8 0 8 0 0 0 0 0 24 0 0 18 0 0 1513 0 1198 414 0 0 1390 0 2 61651 0 0 0 857 3 0 0 0 0 0 0 6 206 0 0 0 0 0 0 0 4 0 0 0 0 0 0 0 1 0 0 11 0 0 913 0 757 0 10 0 0 0 527 0 194 0 9 0 0 0 0 0 0 1 0 0 0 0 0 2 0 0 0 149 0 0 0 2 0 0 0 2 0 5 0 0 0 0 0 0 0 0 0 0 0 0 1 0 0 0 0 0 0 2 0 0 0 
91 4 258 276 9 409 4044 227 3 5 5 52 84 940 483 535 20 470 539 10 463 13531 509 17286 640 403 22486 20980 453 213 1 34344 117159 4383 9842 760 4 152 538 5 162 79 202 2 31 1373 95 0 44 391 157 323 3 10 10 2 6 162 176 251 2 86 115 0 68 14127 458 4187 286 141 9 88 73 1818 369 4599 176 116 8 109 101 6 2 3 1 3 73 6 1 0 1 1 12 6 1411 161 187 89 64 2 34 44 34 2 72 4 48 13 30 1 0 1 4 10 40 3 77 6 0 3 0 3 3 2 3 0 13 29 1 
0 5 0 0 16 490 0 0 7 0 3 0 0 0 0 0 37 0 0 35 0 0 978 0 915 993 0 0 860 0 3 44411 0 0 0 1249 15 0 0 0 0 0 0 9 85 0 0 2 0 0 0 0 9 0 0 0 0 0 0 0 11 0 0 5 0 0 572 0 518 0 6 0 0 0 95 0 315 0 4 0 0 0 0 0 0 1 0 0 0 0 0 0 0 0 0 68 0 0 0 3 0 0 0 1 0 1 0 0 0 0 0 0 0 0 0 2 0 0 0 0 0 0 0 0 0 0 0 0 0 
0 3 0 0 6 514 0 0 2 0 1 0 0 0 0 0 20 0 0 7 0 0 550 0 889 243 0 0 841 0 0 54267 0 0 0 896 3 0 0 0 0 0 0 2 121 0 0 0 0 0 0 0 3 0 0 0 0 0 0 0 1 0 0 1 0 0 145 0 654 0 0 0 0 0 46 0 240 0 2 0 0 0 0 0 0 0 0 0 0 0 0 0 0 0 0 22 0 0 0 0 0 0 0 1 0 0 0 0 0 0 0 0 0 0 0 0 0 0 0 0 0 0 0 0 0 0 0 0 0 
0 6 0 0 23 580 0 0 12 0 4 0 0 0 0 0 40 0 0 67 0 0 1825 0 1089 1530 0 0 1348 0 10 50639 0 0 0 1126 30 0 0 0 0 0 0 20 87 0 0 11 0 0 0 0 7 0 0 0 0 0 0 0 14 0 0 10 0 0 308 0 631 0 8 0 0 0 540 0 222 0 8 0 0 0 0 0 0 0 0 0 0 0 0 2 0 0 0 208 0 0 0 2 0 0 0 3 0 2 0 0 0 0 0 0 0 0 0 1 0 0 0 0 0 0 0 0 0 0 0 0 0 
0 7 0 0 25 771 0 0 15 0 7 0 0 0 0 0 48 0 0 85 0 0 2522 0 1210 1012 0 0 1012 0 12 66292 0 0 0 2073 34 0 0 0 0 0 0 19 263 0 0 8 0 0 0 0 13 0 0 0 0 0 0 0 13 0 0 20 0 0 1121 0 585 0 16 0 0 0 359 0 317 0 14 0 0 0 0 0 0 3 0 0 0 0 0 2 0 0 0 250 0 0 0 6 0 0 0 1 0 2 0 0 0 0 0 0 0 0 0 3 0 0 0 0 0 0 0 0 0 1 0 0 0 
0 5 0 0 15 649 0 0 6 0 5 0 0 0 0 0 36 0 0 30 0 0 1199 0 1136 519 0 0 868 0 1 59632 0 0 0 1562 17 0 0 0 0 0 0 9 166 0 0 1 0 0 0 0 8 0 0 0 0 0 0 0 7 0 0 8 0 0 500 0 607 0 11 0 0 0 481 0 220 0 10 0 0 0 0 0 0 1 0 0 0 0 0 2 0 0 0 249 0 0 0 1 0 0 0 3 0 1 0 0 0 0 0 0 0 0 0 2 0 0 0 0 0 0 0 0 0 0 0 0 0 
0 4 0 0 12 477 0 0 3 0 4 0 0 0 0 0 37 0 0 15 0 0 684 0 960 571 0 0 450 0 0 47081 0 0 0 1013 10 0 0 0 0 0 0 2 82 0 0 0 0 0 0 0 3 0 0 0 0 0 0 0 5 0 0 3 0 0 262 0 476 0 10 0 0 0 437 0 234 0 11 0 0 0 0 0 0 1 0 0 0 0 0 1 0 0 0 128 0 0 0 1 0 0 0 1 0 1 0 0 0 0 0 0 0 0 0 1 0 0 0 0 0 0 0 0 0 0 0 0 0 
0 4 0 0 11 545 0 0 3 0 3 0 0 0 0 0 27 0 0 12 0 0 697 0 1030 488 0 0 990 0 0 50759 0 0 0 1066 7 0 0 0 0 0 0 4 110 0 0 1 0 0 0 0 9 0 0 0 0 0 0 0 6 0 0 2 0 0 194 0 645 0 7 0 0 0 337 0 219 0 8 0 0 0 0 0 0 1 0 0 0 0 0 0 0 0 0 92 0 0 0 1 0 0 0 1 0 1 0 0 0 0 0 0 0 0 0 0 0 0 0 0 0 0 0 0 0 0 0 0 0 
23 6 43 117 15 532 252 83 7 0 8 1 21 103 218 251 42 75 337 28 242 5440 795 1515 918 863 7848 899 813 116 1 48121 1750 890 1139 996 11 127 145 1 39 42 4 3 103 151 50 1 0 0 0 0 3 0 0 0 1 0 0 116 5 3 44 8 50 4270 1337 21 528 35 13 5 13 43 136 285 265 2 14 33 25 0 0 0 0 5 30 0 0 0 0 3 2 1 88 89 0 62 0 6 0 0 0 2 0 1 16 0 1 0 0 0 0 0 0 4 4 0 0 0 0 0 0 0 0 2 0 2 0 
0 7 0 0 19 753 0 0 11 0 14 0 0 0 0 0 38 0 0 48 0 0 1723 0 1418 786 0 0 781 0 5 60171 0 0 0 1457 16 0 0 0 0 0 0 10 136 0 0 2 0 0 0 0 6 0 0 0 0 0 0 0 10 0 0 17 0 0 1462 0 375 0 28 0 0 0 1125 0 234 0 29 0 0 0 0 0 0 7 0 0 0 0 0 7 0 0 0 488 0 0 0 3 0 0 0 6 0 14 0 0 0 0 0 0 0 0 0 6 0 0 1 0 0 0 0 0 0 7 0 0 0 
0 2 0 0 6 310 0 0 1 0 0 0 0 0 0 0 18 0 0 3 0 0 272 0 552 330 0 0 638 0 0 38742 0 0 0 694 4 0 0 0 0 0 0 3 18 0 0 0 0 0 0 0 2 0 0 0 0 0 0 0 3 0 0 0 0 0 0 0 505 0 0 0 0 0 0 0 233 0 0 0 0 0 0 0 0 0 0 0 0 0 0 0 0 0 0 0 0 0 0 0 0 0 0 0 0 0 0 0 0 0 0 0 0 0 0 0 0 0 0 0 0 0 0 0 0 0 0 0 0 
0 7 0 0 23 638 0 0 14 0 7 0 0 0 0 0 47 0 0 73 0 0 1860 0 1212 1175 0 0 1221 0 10 51226 0 0 0 1359 22 0 0 0 0 0 0 15 156 0 0 4 0 0 0 0 8 0 0 0 0 0 0 0 14 0 0 17 0 0 889 0 596 0 12 0 0 0 394 0 284 0 17 0 0 0 0 0 0 3 0 0 0 0 0 1 0 0 0 177 0 0 0 11 0 0 0 2 0 2 0 0 0 0 0 0 0 0 0 2 0 0 0 0 0 0 0 0 0 2 0 0 0 
0 3 0 0 10 301 0 0 2 0 1 0 0 0 0 0 30 0 0 8 0 0 294 0 545 767 0 0 418 0 0 38147 0 0 0 673 11 0 0 0 0 0 0 2 10 0 0 2 0 0 0 0 3 0 0 0 0 0 0 0 1 0 0 1 0 0 272 0 490 0 2 0 0 0 3 0 241 0 1 0 0 0 0 0 0 0 0 0 0 0 0 0 0 0 0 5 0 0 0 1 0 0 0 0 0 0 0 0 0 0 0 0 0 0 0 1 0 0 0 0 0 0 0 0 0 0 0 0 0 
0 4 0 0 15 410 0 0 4 0 2 0 0 0 0 0 40 0 0 20 0 0 693 0 755 1058 0 0 539 0 0 41488 0 0 0 1052 18 0 0 0 0 0 0 4 62 0 0 3 0 0 0 0 6 0 0 0 0 0 0 0 5 0 0 4 0 0 335 0 523 0 3 0 0 0 57 0 286 0 5 0 0 0 0 0 0 0 0 0 0 0 0 0 0 0 0 8 0 0 0 2 0 0 0 0 0 0 0 0 0 0 0 0 0 0 0 3 0 0 0 0 0 0 0 0 0 0 0 0 0 
0 5 0 0 17 634 0 0 4 0 8 0 0 0 0 0 38 0 0 26 0 0 712 0 1161 692 0 0 1049 0 0 57002 0 0 0 1424 20 0 0 0 0 0 0 3 81 0 0 1 0 0 0 0 8 0 0 0 0 0 0 0 10 0 0 4 0 0 923 0 568 0 13 0 0 0 723 0 214 0 16 0 0 0 0 0 0 4 0 0 0 0 0 3 0 0 0 312 0 0 0 12 0 0 0 6 0 5 0 0 0 0 0 0 0 0 0 5 0 0 0 0 0 0 0 0 0 1 0 0 0 
0 2 0 0 6 335 0 0 1 0 0 0 0 0 0 0 20 0 0 3 0 0 281 0 604 215 0 0 587 0 0 39786 0 0 0 758 5 0 0 0 0 0 0 3 26 0 0 0 0 0 0 0 3 0 0 0 0 0 0 0 1 0 0 0 0 0 0 0 537 0 0 0 0 0 0 0 243 0 0 0 0 0 0 0 0 0 0 0 0 0 0 0 0 0 0 0 0 0 0 0 0 0 0 0 0 0 0 0 0 0 0 0 0 0 0 0 0 0 0 0 0 0 0 0 0 0 0 0 0 
0 6 0 0 18 570 0 0 10 0 6 0 0 0 0 0 42 0 0 48 0 0 1575 0 1023 950 0 0 1116 0 5 47373 0 0 0 1277 20 0 0 0 0 0 0 7 141 0 0 3 0 0 0 0 9 0 0 0 0 0 0 0 4 0 0 13 0 0 611 0 522 0 18 0 0 0 391 0 272 0 13 0 0 0 0 0 0 1 0 0 0 0 0 2 0 0 0 178 0 0 0 4 0 0 0 1 0 3 0 0 0 0 0 0 0 0 0 0 0 0 0 0 0 0 0 0 0 0 0 0 0 
0 2 0 0 4 447 0 0 1 0 0 0 0 0 0 0 13 0 0 3 0 0 283 0 773 157 0 0 718 0 0 52162 0 0 0 768 2 0 0 0 0 0 0 1 82 0 0 0 0 0 0 0 3 0 0 0 0 0 0 0 1 0 0 0 0 0 0 0 648 0 0 0 0 0 0 0 232 0 0 0 0 0 0 0 0 0 0 0 0 0 0 0 0 0 0 0 0 0 0 0 0 0 0 0 0 0 0 0 0 0 0 0 0 0 0 0 0 0 0 0 0 0 0 0 0 0 0 0 0 
30 5 123 104 9 627 421 61 6 2 4 14 45 59 200 171 24 301 153 15 162 3497 1162 1546 1041 296 11477 2727 948 46 1 54274 3735 2812 1045 910 3 83 324 0 46 18 4 5 177 73 40 1 6 72 99 35 2 4 6 2 0 35 207 61 1 31 60 6 12 7075 469 259 560 65 5 23 9 777 278 835 183 40 7 83 23 0 0 0 0 0 33 0 0 0 0 1 1 12 208 120 65 24 102 1 0 11 2 2 9 2 14 0 5 2 0 0 2 6 17 0 19 2 0 2 0 1 0 0 0 0 13 14 1 
0 6 0 0 17 667 0 0 9 0 7 0 0 0 0 0 29 0 0 40 0 0 1313 0 1196 978 0 0 1592 0 5 54592 0 0 0 1301 15 0 0 0 0 0 0 13 128 0 0 4 0 0 0 0 7 0 0 0 0 0 0 0 8 0 0 7 0 0 951 0 608 0 9 0 0 0 591 0 215 0 13 0 0 0 0 0 0 4 0 0 0 0 0 2 0 0 0 291 0 0 0 5 0 0 0 5 0 6 0 0 0 0 0 0 0 0 0 3 0 0 0 0 0 0 0 0 0 0 0 0 0 
0 6 0 0 15 701 0 0 9 0 6 0 0 0 0 0 38 0 0 42 0 0 1499 0 1168 605 0 0 1012 0 4 62882 0 0 0 1243 10 0 0 0 0 0 0 6 246 0 0 0 0 0 0 0 3 0 0 0 0 0 0 0 4 0 0 9 0 0 991 0 717 0 9 0 0 0 269 0 223 0 12 0 0 0 0 0 0 2 0 0 0 0 0 3 0 0 0 122 0 0 0 5 0 0 0 1 0 1 0 0 0 0 0 0 0 0 0 0 0 0 0 0 0 0 0 0 0 1 0 0 0 
0 6 0 0 19 658 0 0 11 0 5 0 0 0 0 0 37 0 0 50 0 0 1717 0 1199 1066 0 0 1020 0 8 53294 0 0 0 1579 18 0 0 0 0 0 0 11 194 0 0 6 0 0 0 0 10 0 0 0 0 0 0 0 7 0 0 10 0 0 752 0 494 0 12 0 0 0 388 0 305 0 12 0 0 0 0 0 0 3 0 0 0 0 0 0 0 0 0 202 0 0 0 4 0 0 0 1 0 3 0 0 0 0 0 0 0 0 0 1 0 0 0 0 0 0 0 0 0 0 0 0 0 
0 5 0 0 12 610 0 0 4 0 6 0 0 0 0 0 34 0 0 17 0 0 862 0 1063 585 0 0 908 0 0 56470 0 0 0 1195 10 0 0 0 0 0 0 3 150 0 0 0 0 0 0 0 4 0 0 0 0 0 0 0 1 0 0 4 0 0 878 0 598 0 7 0 0 0 195 0 276 0 9 0 0 0 0 0 0 0 0 0 0 0 0 2 0 0 0 99 0 0 0 4 0 0 0 2 0 2 0 0 0 0 0 0 0 0 0 3 0 0 0 0 0 0 0 0 0 2 0 0 0 
0 8 0 0 19 832 0 0 16 0 13 0 0 0 0 0 45 0 0 62 0 0 2436 0 1440 676 0 0 1183 0 10 66318 0 0 0 1394 17 0 0 0 0 0 0 6 279 0 0 4 0 0 0 0 4 0 0 0 0 0 0 0 1 0 0 28 0 0 1645 0 605 0 18 0 0 0 835 0 169 0 23 0 0 0 0 0 0 4 0 0 0 0 0 5 0 0 0 352 0 0 0 14 0 0 0 2 0 8 0 0 0 0 0 0 0 0 0 3 0 0 0 0 0 0 0 0 0 7 0 0 0 
0 4 0 0 10 609 0 0 2 0 5 0 0 0 0 0 24 0 0 11 0 0 364 0 1170 330 0 0 922 0 0 57345 0 0 0 1248 11 0 0 0 0 0 0 4 57 0 0 1 0 0 0 0 9 0 0 0 0 0 0 0 6 0 0 1 0 0 619 0 555 0 9 0 0 0 527 0 195 0 7 0 0 0 0 0 0 1 0 0 0 0 0 1 0 0 0 312 0 0 0 2 0 0 0 2 0 2 0 0 0 0 0 0 0 0 0 2 0 0 0 0 0 0 0 0 0 1 0 0 0 
0 5 0 0 19 664 0 0 8 0 3 0 0 0 0 0 34 0 0 42 0 0 1525 0 1073 885 0 0 1170 0 5 63549 0 0 0 1677 26 0 0 0 0 0 0 15 189 0 0 2 0 0 0 0 11 0 0 0 0 0 0 0 16 0 0 6 0 0 501 0 619 0 7 0 0 0 270 0 295 0 7 0 0 0 0 0 0 1 0 0 0 0 0 0 0 0 0 194 0 0 0 6 0 0 0 1 0 1 0 0 0 0 0 0 0 0 0 3 0 0 0 0 0 0 0 0 0 0 0 0 0 
0 5 0 0 14 537 0 0 5 0 5 0 0 0 0 0 33 0 0 26 0 0 692 0 1156 686 0 0 990 0 1 48045 0 0 0 983 14 0 0 0 0 0 0 4 26 0 0 0 0 0 0 0 5 0 0 0 0 0 0 0 6 0 0 5 0 0 712 0 540 0 8 0 0 0 320 0 213 0 7 0 0 0 0 0 0 2 0 0 0 0 0 0 0 0 0 181 0 0 0 8 0 0 0 1 0 0 0 0 0 0 0 0 0 0 0 1 0 0 0 0 0 0 0 0 0 2 0 0 0 
0 4 0 0 8 538 0 0 2 0 4 0 0 0 0 0 28 0 0 7 0 0 550 0 938 363 0 0 786 0 0 54137 0 0 0 936 4 0 0 0 0 0 0 2 119 0 0 0 0 0 0 0 3 0 0 0 0 0 0 0 1 0 0 1 0 0 629 0 624 0 6 0 0 0 101 0 248 0 7 0 0 0 0 0 0 0 0 0 0 0 0 2 0 0 0 47 0 0 0 1 0 0 0 1 0 0 0 0 0 0 0 0 0 0 0 0 0 0 0 0 0 0 0 0 0 1 0 0 0 
0 3 0 0 9 401 0 0 1 0 2 0 0 0 0 0 24 0 0 6 0 0 108 0 792 566 0 0 864 0 0 42300 0 0 0 928 6 0 0 0 0 0 0 0 8 0 0 0 0 0 0 0 7 0 0 0 0 0 0 0 4 0 0 0 0 0 482 0 494 0 5 0 0 0 55 0 268 0 3 0 0 0 0 0 0 1 0 0 0 0 0 0 0 0 0 69 0 0 0 3 0 0 0 0 0 0 0 0 0 0 0 0 0 0 0 1 0 0 0 0 0 0 0 0 0 0 0 0 0 
0 5 0 0 16 620 0 0 3 0 9 0 0 0 0 0 32 0 0 11 0 0 342 0 1241 789 0 0 617 0 1 56175 0 0 0 1483 19 0 0 0 0 0 0 4 28 0 0 3 0 0 0 0 7 0 0 0 0 0 0 0 7 0 0 0 0 0 1315 0 389 0 23 0 0 0 736 0 207 0 22 0 0 0 0 0 0 4 0 0 0 0 0 0 0 0 0 407 0 0 0 2 0 0 0 4 0 4 0 0 0 0 0 0 0 0 0 4 0 0 1 0 0 0 0 0 0 7 0 0 0 
0 3 0 0 12 395 0 0 1 0 3 0 0 0 0 0 30 0 0 8 0 0 100 0 810 609 0 0 470 0 0 42564 0 0 0 925 15 0 0 0 0 0 0 0 9 0 0 1 0 0 0 0 2 0 0 0 0 0 0 0 7 0 0 0 0 0 508 0 454 0 8 0 0 0 257 0 218 0 7 0 0 0 0 0 0 1 0 0 0 0 0 0 0 0 0 138 0 0 0 5 0 0 0 1 0 1 0 0 0 0 0 0 0 0 0 0 0 0 0 0 0 0 0 0 0 0 0 0 0 
0 6 0 0 17 672 0 0 9 0 7 0 0 0 0 0 43 0 0 37 0 0 1556 0 1132 888 0 0 930 0 3 58842 0 0 0 1427 16 0 0 0 0 0 0 11 179 0 0 3 0 0 0 0 8 0 0 0 0 0 0 0 7 0 0 14 0 0 1059 0 585 0 16 0 0 0 239 0 315 0 10 0 0 0 0 0 0 2 0 0 0 0 0 3 0 0 0 132 0 0 0 6 0 0 0 1 0 1 0 0 0 0 0 0 0 0 0 4 0 0 0 0 0 0 0 0 0 1 0 0 0 
0 4 0 0 12 427 0 0 4 0 2 0 0 0 0 0 32 0 0 19 0 0 557 0 874 576 0 0 915 0 1 44959 0 0 0 747 9 0 0 0 0 0 0 6 12 0 0 0 0 0 0 0 1 0 0 0 0 0 0 0 7 0 0 2 0 0 305 0 608 0 3 0 0 0 214 0 179 0 3 0 0 0 0 0 0 0 0 0 0 0 0 0 0 0 0 86 0 0 0 4 0 0 0 1 0 1 0 0 0 0 0 0 0 0 0 0 0 0 0 0 0 0 0 0 0 0 0 0 0 
0 9 0 0 24 665 0 0 25 0 11 0 0 0 0 0 56 0 0 102 0 0 2637 0 1290 1472 0 0 993 0 34 48269 0 0 0 1525 18 0 0 0 0 0 0 14 144 0 0 8 0 0 0 0 8 0 0 0 0 0 0 0 7 0 0 28 0 0 1622 0 404 0 24 0 0 0 338 0 377 0 17 0 0 0 0 0 0 11 0 0 0 0 0 4 0 0 0 209 0 0 0 6 0 0 0 1 0 2 0 0 0 0 0 0 0 0 0 7 0 0 1 0 0 0 0 0 0 4 0 0 0 
0 7 0 0 18 845 0 0 14 0 9 0 0 0 0 0 36 0 0 46 0 0 2803 0 1218 671 0 0 1144 0 11 70811 0 0 0 1642 15 0 0 0 0 0 0 17 383 0 0 5 0 0 0 0 8 0 0 0 0 0 0 0 3 0 0 17 0 0 736 0 650 0 18 0 0 0 846 0 273 0 15 0 0 0 0 0 0 3 0 0 0 0 0 6 0 0 0 260 0 0 0 8 0 0 0 6 0 7 0 0 0 0 0 0 0 0 0 5 0 0 1 0 0 0 0 0 0 1 0 0 0 
0 9 0 0 25 869 0 0 24 0 14 0 0 0 0 0 43 0 0 125 0 0 3408 0 1399 1014 0 0 1347 0 28 65409 0 0 0 1816 24 0 0 0 0 0 0 18 319 0 0 2 0 0 0 0 7 0 0 0 0 0 0 0 8 0 0 35 0 0 1677 0 564 0 23 0 0 0 1026 0 242 0 18 0 0 0 0 0 0 8 0 0 0 0 0 7 0 0 0 398 0 0 0 13 0 0 0 9 0 16 0 0 0 0 0 0 0 0 0 6 0 0 1 0 0 0 0 0 0 4 0 0 0 
0 5 0 0 15 620 0 0 10 0 0 0 0 0 0 0 43 0 0 47 0 0 1966 0 1048 664 0 0 846 0 10 58105 0 0 0 1371 14 0 0 0 0 0 0 10 253 0 0 2 0 0 0 0 5 0 0 0 0 0 0 0 7 0 0 0 0 0 0 0 668 0 0 0 0 0 0 0 291 0 0 0 0 0 0 0 0 0 0 0 0 0 0 0 0 0 0 0 0 0 0 0 0 0 0 0 0 0 0 0 0 0 0 0 0 0 0 0 0 0 0 0 0 0 0 0 0 0 0 0 0 
0 7 0 0 19 865 0 0 13 0 10 0 0 0 0 0 42 0 0 49 0 0 2418 0 1383 565 0 0 810 0 8 72653 0 0 0 1754 17 0 0 0 0 0 0 13 353 0 0 7 0 0 0 0 8 0 0 0 0 0 0 0 5 0 0 22 0 0 1071 0 527 0 17 0 0 0 948 0 190 0 24 0 0 0 0 0 0 2 0 0 0 0 0 3 0 0 0 413 0 0 0 3 0 0 0 3 0 5 0 0 0 0 0 0 0 0 0 3 0 0 1 0 0 0 0 0 0 5 0 0 0 
0 6 0 0 21 519 0 0 10 0 5 0 0 0 0 0 49 0 0 53 0 0 1474 0 985 1077 0 0 1000 0 5 44843 0 0 0 1281 23 0 0 0 0 0 0 10 90 0 0 4 0 0 0 0 10 0 0 0 0 0 0 0 7 0 0 10 0 0 592 0 521 0 14 0 0 0 158 0 326 0 13 0 0 0 0 0 0 1 0 0 0 0 0 1 0 0 0 91 0 0 0 4 0 0 0 0 0 3 0 0 0 0 0 0 0 0 0 2 0 0 0 0 0 0 0 0 0 0 0 0 0 
0 4 0 0 13 400 0 0 5 0 1 0 0 0 0 0 40 0 0 24 0 0 763 0 708 849 0 0 601 0 2 40578 0 0 0 931 13 0 0 0 0 0 0 5 64 0 0 2 0 0 0 0 3 0 0 0 0 0 0 0 7 0 0 2 0 0 261 0 506 0 3 0 0 0 11 0 273 0 3 0 0 0 0 0 0 0 0 0 0 0 0 0 0 0 0 16 0 0 0 1 0 0 0 0 0 0 0 0 0 0 0 0 0 0 0 0 0 0 0 0 0 0 0 0 0 0 0 0 0 
0 6 0 0 20 533 0 0 11 0 6 0 0 0 0 0 42 0 0 61 0 0 1389 0 1050 1069 0 0 847 0 8 45469 0 0 0 1267 23 0 0 0 0 0 0 8 98 0 0 3 0 0 0 0 3 0 0 0 0 0 0 0 11 0 0 13 0 0 835 0 468 0 15 0 0 0 350 0 244 0 12 0 0 0 0 0 0 3 0 0 0 0 0 1 0 0 0 168 0 0 0 9 0 0 0 3 0 3 0 0 0 0 0 0 0 0 0 0 0 0 0 0 0 0 0 0 0 0 0 0 0 
0 5 0 0 14 496 0 0 7 0 3 0 0 0 0 0 38 0 0 29 0 0 1418 0 945 679 0 0 750 0 4 45298 0 0 0 1145 11 0 0 0 0 0 0 8 141 0 0 1 0 0 0 0 4 0 0 0 0 0 0 0 2 0 0 3 0 0 74 0 555 0 7 0 0 0 170 0 283 0 7 0 0 0 0 0 0 3 0 0 0 0 0 0 0 0 0 16 0 0 0 0 0 0 0 1 0 0 0 0 0 0 0 0 0 0 0 1 0 0 0 0 0 0 0 0 0 0 0 0 0 
0 4 0 0 14 483 0 0 6 0 0 0 0 0 0 0 38 0 0 28 0 0 1150 0 858 621 0 0 807 0 4 45595 0 0 0 1282 14 0 0 0 0 0 0 8 147 0 0 3 0 0 0 0 6 0 0 0 0 0 0 0 4 0 0 0 0 0 0 0 571 0 0 0 0 0 0 0 309 0 0 0 0 0 0 0 0 0 0 0 0 0 0 0 0 0 0 0 0 0 0 0 0 0 0 0 0 0 0 0 0 0 0 0 0 0 0 0 0 0 0 0 0 0 0 0 0 0 0 0 0 
0 3 0 0 10 369 0 0 2 0 1 0 0 0 0 0 25 0 0 10 0 0 332 0 665 606 0 0 789 0 0 40060 0 0 0 876 9 0 0 0 0 0 0 4 44 0 0 0 0 0 0 0 4 0 0 0 0 0 0 0 3 0 0 1 0 0 262 0 525 0 2 0 0 0 22 0 278 0 1 0 0 0 0 0 0 0 0 0 0 0 0 0 0 0 0 15 0 0 0 1 0 0 0 1 0 0 0 0 0 0 0 0 0 0 0 1 0 0 0 0 0 0 0 0 0 0 0 0 0 
0 3 0 0 9 405 0 0 1 0 2 0 0 0 0 0 25 0 0 5 0 0 119 0 818 477 0 0 792 0 0 42437 0 0 0 931 6 0 0 0 0 0 0 1 4 0 0 0 0 0 0 0 7 0 0 0 0 0 0 0 4 0 0 0 0 0 490 0 499 0 4 0 0 0 65 0 275 0 3 0 0 0 0 0 0 1 0 0 0 0 0 0 0 0 0 62 0 0 0 2 0 0 0 1 0 0 0 0 0 0 0 0 0 0 0 2 0 0 0 0 0 0 0 0 0 0 0 0 0 
0 6 0 0 17 644 0 0 8 0 8 0 0 0 0 0 34 0 0 40 0 0 1191 0 1149 856 0 0 1124 0 2 57063 0 0 0 1439 18 0 0 0 0 0 0 7 116 0 0 3 0 0 0 0 9 0 0 0 0 0 0 0 8 0 0 11 0 0 1132 0 593 0 17 0 0 0 516 0 231 0 12 0 0 0 0 0 0 2 0 0 0 0 0 3 0 0 0 279 0 0 0 6 0 0 0 3 0 3 0 0 0 0 0 0 0 0 0 3 0 0 0 0 0 0 0 0 0 3 0 0 0 
0 4 0 0 20 439 0 0 3 0 3 0 0 0 0 0 45 0 0 18 0 0 464 0 899 981 0 0 476 0 0 42305 0 0 0 1415 32 0 0 0 0 0 0 6 34 0 0 5 0 0 0 0 6 0 0 0 0 0 0 0 12 0 0 3 0 0 548 0 443 0 6 0 0 0 84 0 308 0 4 0 0 0 0 0 0 0 0 0 0 0 0 0 0 0 0 71 0 0 0 8 0 0 0 0 0 0 0 0 0 0 0 0 0 0 0 5 0 0 0 0 0 0 0 0 0 1 0 0 0 
9 4 28 25 10 595 35 30 4 0 2 1 11 200 56 62 26 71 56 14 78 1590 801 211 1012 391 3114 195 1160 39 1 57283 77 365 79 941 10 20 112 1 28 6 1 5 141 9 23 0 0 0 0 0 4 0 0 0 1 0 18 4 2 4 20 2 7 2166 283 7 720 19 3 2 13 27 216 36 201 3 4 16 25 0 0 0 0 0 17 0 0 0 0 0 2 0 25 99 0 8 10 3 0 0 0 1 0 1 3 1 1 0 0 0 0 0 1 0 3 0 0 0 0 0 0 0 0 0 0 3 0 
0 7 0 0 26 679 0 0 16 0 6 0 0 0 0 0 60 0 0 91 0 0 2608 0 1167 1272 0 0 1005 0 13 56535 0 0 0 1926 34 0 0 0 0 0 0 14 212 0 0 10 0 0 0 0 14 0 0 0 0 0 0 0 8 0 0 23 0 0 612 0 513 0 15 0 0 0 409 0 342 0 17 0 0 0 0 0 0 2 0 0 0 0 0 1 0 0 0 213 0 0 0 5 0 0 0 2 0 1 0 0 0 0 0 0 0 0 0 3 0 0 0 0 0 0 0 0 0 0 0 0 0 
0 3 0 0 13 376 0 0 2 0 1 0 0 0 0 0 33 0 0 11 0 0 371 0 727 606 0 0 610 0 0 40398 0 0 0 1011 18 0 0 0 0 0 0 4 29 0 0 1 0 0 0 0 4 0 0 0 0 0 0 0 9 0 0 1 0 0 248 0 507 0 2 0 0 0 16 0 279 0 1 0 0 0 0 0 0 0 0 0 0 0 0 0 0 0 0 26 0 0 0 5 0 0 0 0 0 0 0 0 0 0 0 0 0 0 0 1 0 0 0 0 0 0 0 0 0 0 0 0 0 
0 3 0 0 10 442 0 0 0 0 4 0 0 0 0 0 28 0 0 0 0 0 0 0 857 372 0 0 643 0 0 48388 0 0 0 1209 11 0 0 0 0 0 0 0 0 0 0 0 0 0 0 0 8 0 0 0 0 0 0 0 7 0 0 0 0 0 660 0 472 0 12 0 0 0 278 0 247 0 9 0 0 0 0 0 0 0 0 0 0 0 0 0 0 0 0 182 0 0 0 2 0 0 0 2 0 0 0 0 0 0 0 0 0 0 0 3 0 0 0 0 0 0 0 0 0 2 0 0 0 
0 3 0 0 9 476 0 0 2 0 2 0 0 0 0 0 24 0 0 8 0 0 442 0 892 318 0 0 670 0 0 49915 0 0 0 1232 11 0 0 0 0 0 0 2 42 0 0 0 0 0 0 0 9 0 0 0 0 0 0 0 6 0 0 2 0 0 255 0 503 0 6 0 0 0 255 0 243 0 6 0 0 0 0 0 0 0 0 0 0 0 0 0 0 0 0 168 0 0 0 1 0 0 0 1 0 0 0 0 0 0 0 0 0 0 0 2 0 0 0 0 0 0 0 0 0 0 0 0 0 
0 8 0 0 18 1015 0 0 18 0 12 0 0 0 0 0 35 0 0 61 0 0 3295 0 1417 535 0 0 1139 0 13 80925 0 0 0 1721 15 0 0 0 0 0 0 17 510 0 0 6 0 0 0 0 8 0 0 0 0 0 0 0 5 0 0 33 0 0 1284 0 599 0 17 0 0 0 1195 0 138 0 21 0 0 0 0 0 0 2 0 0 0 0 0 5 0 0 0 544 0 0 0 3 0 0 0 4 0 9 0 0 0 0 0 0 0 0 0 3 0 0 1 0 0 0 0 0 0 6 0 0 0 
0 2 0 0 6 318 0 0 0 0 1 0 0 0 0 0 18 0 0 0 0 0 0 0 596 330 0 0 605 0 0 38783 0 0 0 707 5 0 0 0 0 0 0 0 0 0 0 0 0 0 0 0 5 0 0 0 0 0 0 0 1 0 0 0 0 0 258 0 501 0 3 0 0 0 22 0 241 0 1 0 0 0 0 0 0 0 0 0 0 0 0 0 0 0 0 18 0 0 0 2 0 0 0 0 0 0 0 0 0 0 0 0 0 0 0 0 0 0 0 0 0 0 0 0 0 0 0 0 0 
0 5 0 0 11 616 0 0 4 0 8 0 0 0 0 0 21 0 0 9 0 0 871 0 1118 644 0 0 1090 0 1 57626 0 0 0 801 6 0 0 0 0 0 0 9 139 0 0 3 0 0 0 0 8 0 0 0 0 0 0 0 6 0 0 3 0 0 766 0 595 0 12 0 0 0 700 0 195 0 14 0 0 0 0 0 0 1 0 0 0 0 0 4 0 0 0 203 0 0 0 3 0 0 0 3 0 4 0 0 0 0 0 0 0 0 0 0 0 0 0 0 0 0 0 0 0 3 0 0 0 
0 5 0 0 14 457 0 0 6 0 4 0 0 0 0 0 35 0 0 21 0 0 826 0 841 822 0 0 742 0 2 42356 0 0 0 1052 11 0 0 0 0 0 0 6 73 0 0 1 0 0 0 0 3 0 0 0 0 0 0 0 5 0 0 5 0 0 591 0 469 0 12 0 0 0 135 0 282 0 10 0 0 0 0 0 0 0 0 0 0 0 0 1 0 0 0 61 0 0 0 3 0 0 0 0 0 1 0 0 0 0 0 0 0 0 0 1 0 0 0 0 0 0 0 0 0 1 0 0 0 
0 7 0 0 16 757 0 0 12 0 9 0 0 0 0 0 37 0 0 48 0 0 1908 0 1249 627 0 0 1448 0 6 63862 0 0 0 1304 13 0 0 0 0 0 0 11 282 0 0 0 0 0 0 0 3 0 0 0 0 0 0 0 3 0 0 15 0 0 1289 0 714 0 15 0 0 0 421 0 228 0 11 0 0 0 0 0 0 3 0 0 0 0 0 5 0 0 0 173 0 0 0 6 0 0 0 3 0 4 0 0 0 0 0 0 0 0 0 1 0 0 0 0 0 0 0 0 0 2 0 0 0 
0 4 0 0 11 629 0 0 2 0 5 0 0 0 0 0 26 0 0 10 0 0 347 0 1189 367 0 0 1002 0 0 58871 0 0 0 1350 12 0 0 0 0 0 0 2 61 0 0 0 0 0 0 0 7 0 0 0 0 0 0 0 6 0 0 1 0 0 651 0 590 0 10 0 0 0 568 0 200 0 8 0 0 0 0 0 0 0 0 0 0 0 0 1 0 0 0 309 0 0 0 3 0 0 0 5 0 2 0 0 0 0 0 0 0 0 0 3 0 0 0 0 0 0 0 0 0 2 0 0 0 
0 7 0 0 15 812 0 0 16 0 5 0 0 0 0 0 34 0 0 53 0 0 2752 0 1298 533 0 0 1617 0 14 66596 0 0 0 1312 8 0 0 0 0 0 0 14 308 0 0 3 0 0 0 0 9 0 0 0 0 0 0 0 4 0 0 18 0 0 747 0 754 0 7 0 0 0 339 0 244 0 7 0 0 0 0 0 0 1 0 0 0 0 0 0 0 0 0 204 0 0 0 3 0 0 0 1 0 1 0 0 0 0 0 0 0 0 0 1 0 0 0 0 0 0 0 0 0 1 0 0 0 
21 6 23 92 10 666 210 58 9 0 6 0 34 42 81 142 27 73 195 23 169 3131 1562 1006 1129 444 8242 460 1398 61 5 56000 1330 252 716 902 2 100 66 1 10 9 0 5 198 77 53 1 0 0 0 0 4 0 0 0 0 0 28 66 3 0 53 8 16 5623 718 0 631 48 8 0 1 0 350 408 194 0 8 83 3 0 0 0 0 1 40 0 0 0 0 0 0 6 136 151 0 37 18 2 0 0 0 2 0 4 10 0 0 0 0 0 0 0 0 0 8 0 0 0 0 0 0 0 0 2 0 15 0 
41 4 265 125 10 450 794 101 4 3 2 26 36 791 578 255 22 572 219 15 228 7219 589 3361 757 572 12177 9209 460 92 1 39327 9723 5167 1897 935 5 102 629 5 168 46 58 1 47 245 34 2 58 139 77 87 6 4 6 6 2 115 126 39 5 57 71 2 35 5842 430 860 339 77 4 59 58 1082 65 971 278 64 2 47 99 0 1 2 1 1 25 4 0 0 1 0 10 6 208 85 57 33 79 1 16 10 10 0 18 0 21 10 13 2 2 0 1 6 11 2 5 0 0 0 0 0 0 0 0 0 4 5 0 
0 5 0 0 17 556 0 0 6 0 5 0 0 0 0 0 32 0 0 29 0 0 1016 0 1053 988 0 0 976 0 1 48773 0 0 0 1321 20 0 0 0 0 0 0 8 121 0 0 5 0 0 0 0 10 0 0 0 0 0 0 0 8 0 0 8 0 0 571 0 493 0 16 0 0 0 432 0 270 0 10 0 0 0 0 0 0 1 0 0 0 0 0 1 0 0 0 164 0 0 0 4 0 0 0 1 0 2 0 0 0 0 0 0 0 0 0 0 0 0 0 0 0 0 0 0 0 0 0 0 0 
0 6 0 0 24 496 0 0 11 0 5 0 0 0 0 0 53 0 0 68 0 0 1419 0 949 1302 0 0 734 0 8 42526 0 0 0 1420 28 0 0 0 0 0 0 8 124 0 0 5 0 0 0 0 7 0 0 0 0 0 0 0 14 0 0 11 0 0 615 0 489 0 15 0 0 0 157 0 340 0 14 0 0 0 0 0 0 1 0 0 0 0 0 0 0 0 0 55 0 0 0 7 0 0 0 1 0 2 0 0 0 0 0 0 0 0 0 4 0 0 0 0 0 0 0 0 0 2 0 0 0 
0 3 0 0 12 358 0 0 3 0 0 0 0 0 0 0 34 0 0 17 0 0 625 0 655 707 0 0 555 0 1 39796 0 0 0 920 13 0 0 0 0 0 0 6 43 0 0 1 0 0 0 0 3 0 0 0 0 0 0 0 7 0 0 0 0 0 0 0 519 0 0 0 0 0 0 0 271 0 0 0 0 0 0 0 0 0 0 0 0 0 0 0 0 0 0 0 0 0 0 0 0 0 0 0 0 0 0 0 0 0 0 0 0 0 0 0 0 0 0 0 0 0 0 0 0 0 0 0 0 
0 4 0 0 13 548 0 0 5 0 1 0 0 0 0 0 28 0 0 23 0 0 1080 0 906 630 0 0 960 0 2 54533 0 0 0 1178 14 0 0 0 0 0 0 10 169 0 0 1 0 0 0 0 7 0 0 0 0 0 0 0 8 0 0 2 0 0 145 0 664 0 1 0 0 0 32 0 270 0 2 0 0 0 0 0 0 0 0 0 0 0 0 0 0 0 0 21 0 0 0 1 0 0 0 0 0 0 0 0 0 0 0 0 0 0 0 0 0 0 0 0 0 0 0 0 0 0 0 0 0 
0 3 0 0 9 337 0 0 1 0 2 0 0 0 0 0 28 0 0 6 0 0 56 0 649 554 0 0 735 0 0 38704 0 0 0 750 6 0 0 0 0 0 0 0 2 0 0 0 0 0 0 0 6 0 0 0 0 0 0 0 4 0 0 0 0 0 524 0 493 0 5 0 0 0 33 0 254 0 3 0 0 0 0 0 0 1 0 0 0 0 0 0 0 0 0 27 0 0 0 3 0 0 0 0 0 0 0 0 0 0 0 0 0 0 0 1 0 0 0 0 0 0 0 0 0 0 0 0 0 
0 5 0 0 16 639 0 0 4 0 8 0 0 0 0 0 30 0 0 19 0 0 521 0 1264 731 0 0 921 0 1 56750 0 0 0 1539 19 0 0 0 0 0 0 6 45 0 0 2 0 0 0 0 7 0 0 0 0 0 0 0 7 0 0 2 0 0 1160 0 399 0 19 0 0 0 729 0 210 0 18 0 0 0 0 0 0 4 0 0 0 0 0 0 0 0 0 418 0 0 0 4 0 0 0 4 0 4 0 0 0 0 0 0 0 0 0 3 0 0 1 0 0 0 0 0 0 5 0 0 0 
0 4 0 0 9 659 0 0 5 0 1 0 0 0 0 0 24 0 0 18 0 0 1097 0 1092 287 0 0 1055 0 2 63286 0 0 0 1127 6 0 0 0 0 0 0 5 240 0 0 0 0 0 0 0 3 0 0 0 0 0 0 0 2 0 0 2 0 0 43 0 776 0 1 0 0 0 205 0 206 0 2 0 0 0 0 0 0 0 0 0 0 0 0 0 0 0 0 74 0 0 0 0 0 0 0 1 0 0 0 0 0 0 0 0 0 0 0 0 0 0 0 0 0 0 0 0 0 0 0 0 0 
0 4 0 0 10 577 0 0 6 0 0 0 0 0 0 0 29 0 0 25 0 0 1291 0 1008 329 0 0 743 0 4 57215 0 0 0 1186 8 0 0 0 0 0 0 5 218 0 0 0 0 0 0 0 4 0 0 0 0 0 0 0 2 0 0 0 0 0 0 0 655 0 0 0 0 0 0 0 263 0 0 0 0 0 0 0 0 0 0 0 0 0 0 0 0 0 0 0 0 0 0 0 0 0 0 0 0 0 0 0 0 0 0 0 0 0 0 0 0 0 0 0 0 0 0 0 0 0 0 0 0 
0 6 0 0 25 705 0 0 12 0 4 0 0 0 0 0 56 0 0 85 0 0 2040 0 1229 1152 0 0 946 0 10 61768 0 0 0 1673 40 0 0 0 0 0 0 12 261 0 0 5 0 0 0 0 6 0 0 0 0 0 0 0 16 0 0 10 0 0 634 0 583 0 6 0 0 0 334 0 293 0 8 0 0 0 0 0 0 1 0 0 0 0 0 1 0 0 0 177 0 0 0 8 0 0 0 1 0 2 0 0 0 0 0 0 0 0 0 2 0 0 0 0 0 0 0 0 0 0 0 0 0 
0 5 0 0 17 545 0 0 5 0 5 0 0 0 0 0 39 0 0 23 0 0 893 0 989 995 0 0 1135 0 0 46958 0 0 0 1425 17 0 0 0 0 0 0 7 89 0 0 4 0 0 0 0 7 0 0 0 0 0 0 0 8 0 0 6 0 0 673 0 518 0 9 0 0 0 211 0 347 0 9 0 0 0 0 0 0 1 0 0 0 0 0 0 0 0 0 108 0 0 0 5 0 0 0 5 0 2 0 0 0 0 0 0 0 0 0 4 0 0 0 0 0 0 0 0 0 1 0 0 0 
0 5 0 0 16 582 0 0 6 0 6 0 0 0 0 0 32 0 0 29 0 0 1090 0 1122 995 0 0 1003 0 2 50979 0 0 0 1308 14 0 0 0 0 0 0 8 129 0 0 3 0 0 0 0 9 0 0 0 0 0 0 0 7 0 0 6 0 0 599 0 490 0 11 0 0 0 484 0 278 0 12 0 0 0 0 0 0 2 0 0 0 0 0 2 0 0 0 187 0 0 0 5 0 0 0 4 0 4 0 0 0 0 0 0 0 0 0 4 0 0 0 0 0 0 0 0 0 0 0 0 0 
0 5 0 0 17 574 0 0 6 0 5 0 0 0 0 0 40 0 0 34 0 0 950 0 1041 876 0 0 780 0 2 52336 0 0 0 1576 21 0 0 0 0 0 0 4 84 0 0 1 0 0 0 0 10 0 0 0 0 0 0 0 8 0 0 6 0 0 766 0 464 0 10 0 0 0 360 0 295 0 12 0 0 0 0 0 0 2 0 0 0 0 0 0 0 0 0 232 0 0 0 4 0 0 0 2 0 2 0 0 0 0 0 0 0 0 0 5 0 0 0 0 0 0 0 0 0 1 0 0 0 
0 3 0 0 7 464 0 0 2 0 1 0 0 0 0 0 18 0 0 6 0 0 431 0 883 393 0 0 860 0 0 47199 0 0 0 791 4 0 0 0 0 0 0 3 49 0 0 1 0 0 0 0 3 0 0 0 0 0 0 0 1 0 0 1 0 0 43 0 648 0 1 0 0 0 205 0 201 0 2 0 0 0 0 0 0 0 0 0 0 0 0 0 0 0 0 74 0 0 0 0 0 0 0 1 0 0 0 0 0 0 0 0 0 0 0 0 0 0 0 0 0 0 0 0 0 0 0 0 0 
0 7 0 0 19 844 0 0 11 0 13 0 0 0 0 0 32 0 0 37 0 0 2110 0 1400 625 0 0 1122 0 2 71428 0 0 0 1617 20 0 0 0 0 0 0 15 228 0 0 7 0 0 0 0 4 0 0 0 0 0 0 0 2 0 0 24 0 0 1508 0 516 0 23 0 0 0 1030 0 191 0 29 0 0 0 0 0 0 4 0 0 0 0 0 4 0 0 0 467 0 0 0 9 0 0 0 8 0 10 0 0 0 0 0 0 0 0 0 7 0 0 2 0 0 0 0 0 0 6 0 0 0 
0 6 0 0 20 697 0 0 12 0 5 0 0 0 0 0 34 0 0 61 0 0 2019 0 1152 986 0 0 1332 0 10 60516 0 0 0 1610 21 0 0 0 0 0 0 16 234 0 0 4 0 0 0 0 8 0 0 0 0 0 0 0 8 0 0 13 0 0 451 0 636 0 10 0 0 0 612 0 240 0 10 0 0 0 0 0 0 1 0 0 0 0 0 2 0 0 0 258 0 0 0 5 0 0 0 6 0 3 0 0 0 0 0 0 0 0 0 4 0 0 0 0 0 0 0 0 0 0 0 0 0 
0 5 0 0 14 804 0 0 8 0 3 0 0 0 0 0 28 0 0 33 0 0 1700 0 1179 430 0 0 1211 0 5 73604 0 0 0 1699 16 0 0 0 0 0 0 12 345 0 0 2 0 0 0 0 10 0 0 0 0 0 0 0 7 0 0 6 0 0 298 0 768 0 6 0 0 0 459 0 224 0 6 0 0 0 0 0 0 0 0 0 0 0 0 1 0 0 0 242 0 0 0 1 0 0 0 2 0 1 0 0 0 0 0 0 0 0 0 2 0 0 0 0 0 0 0 0 0 0 0 0 0 
0 5 0 0 10 563 0 0 5 0 5 0 0 0 0 0 27 0 0 17 0 0 848 0 1170 381 0 0 822 0 2 49358 0 0 0 849 6 0 0 0 0 0 0 7 72 0 0 0 0 0 0 0 4 0 0 0 0 0 0 0 5 0 0 2 0 0 511 0 567 0 4 0 0 0 420 0 179 0 8 0 0 0 0 0 0 2 0 0 0 0 0 0 0 0 0 162 0 0 0 2 0 0 0 1 0 3 0 0 0 0 0 0 0 0 0 1 0 0 0 0 0 0 0 0 0 1 0 0 0 
148 7 418 837 17 402 10718 309 15 9 8 163 190 652 1700 1846 26 664 1361 59 730 16676 1569 38531 620 796 37848 41576 493 233 11 22390 510168 22654 51258 600 10 1410 404 13 202 282 227 7 112 3081 143 4 76 277 459 978 3 18 8 24 3 356 427 795 8 236 279 24 87 20639 353 15489 224 292 13 639 241 19119 397 17927 128 152 18 717 87 7 1 2 11 2 79 33 3 1 1 3 47 55 4714 85 3999 128 106 2 109 161 63 1 131 5 62 85 102 8 1 1 4 89 134 2 171 39 0 1 2 4 3 1 3 0 62 72 36 
0 5 0 0 12 686 0 0 6 0 4 0 0 0 0 0 28 0 0 18 0 0 1191 0 1156 456 0 0 1231 0 0 62236 0 0 0 1178 9 0 0 0 0 0 0 8 198 0 0 1 0 0 0 0 5 0 0 0 0 0 0 0 2 0 0 9 0 0 524 0 735 0 6 0 0 0 327 0 216 0 8 0 0 0 0 0 0 0 0 0 0 0 0 0 0 0 0 148 0 0 0 5 0 0 0 1 0 0 0 0 0 0 0 0 0 0 0 0 0 0 0 0 0 0 0 0 0 1 0 0 0 
0 5 0 0 20 472 0 0 7 0 4 0 0 0 0 0 47 0 0 42 0 0 955 0 888 1299 0 0 587 0 3 44183 0 0 0 1094 28 0 0 0 0 0 0 4 53 0 0 7 0 0 0 0 4 0 0 0 0 0 0 0 7 0 0 6 0 0 547 0 471 0 10 0 0 0 342 0 277 0 11 0 0 0 0 0 0 1 0 0 0 0 0 1 0 0 0 154 0 0 0 2 0 0 0 1 0 2 0 0 0 0 0 0 0 0 0 1 0 0 0 0 0 0 0 0 0 0 0 0 0 
0 2 0 0 7 374 0 0 1 0 0 0 0 0 0 0 23 0 0 6 0 0 257 0 730 242 0 0 371 0 0 42746 0 0 0 961 7 0 0 0 0 0 0 1 58 0 0 0 0 0 0 0 3 0 0 0 0 0 0 0 2 0 0 0 0 0 0 0 501 0 0 0 0 0 0 0 252 0 0 0 0 0 0 0 0 0 0 0 0 0 0 0 0 0 0 0 0 0 0 0 0 0 0 0 0 0 0 0 0 0 0 0 0 0 0 0 0 0 0 0 0 0 0 0 0 0 0 0 0 
0 4 0 0 13 435 0 0 5 0 1 0 0 0 0 0 40 0 0 30 0 0 812 0 868 653 0 0 378 0 2 43430 0 0 0 1113 13 0 0 0 0 0 0 2 93 0 0 0 0 0 0 0 3 0 0 0 0 0 0 0 3 0 0 2 0 0 261 0 485 0 3 0 0 0 11 0 275 0 3 0 0 0 0 0 0 0 0 0 0 0 0 0 0 0 0 16 0 0 0 1 0 0 0 0 0 0 0 0 0 0 0 0 0 0 0 0 0 0 0 0 0 0 0 0 0 0 0 0 0 
0 1 0 0 3 279 0 0 0 0 0 0 0 0 0 0 11 0 0 0 0 0 0 0 496 138 0 0 362 0 0 38286 0 0 0 610 2 0 0 0 0 0 0 0 0 0 0 0 0 0 0 0 2 0 0 0 0 0 0 0 1 0 0 0 0 0 0 0 496 0 0 0 0 0 0 0 224 0 0 0 0 0 0 0 0 0 0 0 0 0 0 0 0 0 0 0 0 0 0 0 0 0 0 0 0 0 0 0 0 0 0 0 0 0 0 0 0 0 0 0 0 0 0 0 0 0 0 0 0 
0 3 0 0 11 368 0 0 2 0 1 0 0 0 0 0 26 0 0 11 0 0 361 0 642 758 0 0 1070 0 0 40073 0 0 0 934 12 0 0 0 0 0 0 3 31 0 0 2 0 0 0 0 9 0 0 0 0 0 0 0 6 0 0 1 0 0 254 0 533 0 3 0 0 0 12 0 274 0 1 0 0 0 0 0 0 0 0 0 0 0 0 0 0 0 0 22 0 0 0 2 0 0 0 0 0 0 0 0 0 0 0 0 0 0 0 0 0 0 0 0 0 0 0 0 0 0 0 0 0 
0 4 0 0 16 589 0 0 2 0 6 0 0 0 0 0 39 0 0 18 0 0 323 0 1167 640 0 0 555 0 0 55161 0 0 0 1607 24 0 0 0 0 0 0 0 31 0 0 1 0 0 0 0 9 0 0 0 0 0 0 0 8 0 0 1 0 0 793 0 400 0 15 0 0 0 642 0 226 0 16 0 0 0 0 0 0 2 0 0 0 0 0 0 0 0 0 368 0 0 0 3 0 0 0 1 0 2 0 0 0 0 0 0 0 0 0 3 0 0 1 0 0 0 0 0 0 3 0 0 0 
0 5 0 0 19 641 0 0 6 0 6 0 0 0 0 0 44 0 0 42 0 0 997 0 1221 893 0 0 609 0 2 57448 0 0 0 1723 24 0 0 0 0 0 0 2 113 0 0 3 0 0 0 0 11 0 0 0 0 0 0 0 10 0 0 7 0 0 819 0 427 0 15 0 0 0 623 0 245 0 17 0 0 0 0 0 0 2 0 0 0 0 0 0 0 0 0 344 0 0 0 1 0 0 0 1 0 2 0 0 0 0 0 0 0 0 0 3 0 0 1 0 0 0 0 0 0 3 0 0 0 
0 6 0 0 18 565 0 0 10 0 6 0 0 0 0 0 41 0 0 46 0 0 1764 0 1041 880 0 0 875 0 5 50933 0 0 0 1500 19 0 0 0 0 0 0 12 121 0 0 0 0 0 0 0 10 0 0 0 0 0 0 0 8 0 0 13 0 0 487 0 505 0 17 0 0 0 386 0 284 0 12 0 0 0 0 0 0 2 0 0 0 0 0 0 0 0 0 178 0 0 0 4 0 0 0 1 0 4 0 0 0 0 0 0 0 0 0 5 0 0 0 0 0 0 0 0 0 0 0 0 0 
0 1 0 0 3 279 0 0 0 0 0 0 0 0 0 0 11 0 0 0 0 0 0 0 496 138 0 0 362 0 0 38286 0 0 0 610 2 0 0 0 0 0 0 0 0 0 0 0 0 0 0 0 2 0 0 0 0 0 0 0 1 0 0 0 0 0 0 0 496 0 0 0 0 0 0 0 224 0 0 0 0 0 0 0 0 0 0 0 0 0 0 0 0 0 0 0 0 0 0 0 0 0 0 0 0 0 0 0 0 0 0 0 0 0 0 0 0 0 0 0 0 0 0 0 0 0 0 0 0 
0 6 0 0 19 810 0 0 13 0 3 0 0 0 0 0 40 0 0 58 0 0 2548 0 1216 643 0 0 1087 0 13 70556 0 0 0 2061 25 0 0 0 0 0 0 15 359 0 0 5 0 0 0 0 12 0 0 0 0 0 0 0 8 0 0 9 0 0 489 0 635 0 7 0 0 0 287 0 316 0 7 0 0 0 0 0 0 1 0 0 0 0 0 0 0 0 0 207 0 0 0 4 0 0 0 1 0 1 0 0 0 0 0 0 0 0 0 3 0 0 0 0 0 0 0 0 0 0 0 0 0 
0 6 0 0 17 753 0 0 10 0 6 0 0 0 0 0 35 0 0 43 0 0 1906 0 1200 543 0 0 1120 0 5 67515 0 0 0 1768 17 0 0 0 0 0 0 13 294 0 0 4 0 0 0 0 11 0 0 0 0 0 0 0 7 0 0 13 0 0 843 0 618 0 12 0 0 0 401 0 275 0 13 0 0 0 0 0 0 2 0 0 0 0 0 1 0 0 0 218 0 0 0 4 0 0 0 1 0 3 0 0 0 0 0 0 0 0 0 2 0 0 0 0 0 0 0 0 0 0 0 0 0 
0 5 0 0 12 594 0 0 5 0 6 0 0 0 0 0 24 0 0 21 0 0 665 0 1114 560 0 0 1173 0 2 55382 0 0 0 1275 14 0 0 0 0 0 0 6 59 0 0 0 0 0 0 0 8 0 0 0 0 0 0 0 6 0 0 2 0 0 952 0 591 0 14 0 0 0 494 0 197 0 7 0 0 0 0 0 0 2 0 0 0 0 0 1 0 0 0 280 0 0 0 3 0 0 0 2 0 4 0 0 0 0 0 0 0 0 0 2 0 0 0 0 0 0 0 0 0 2 0 0 0 
0 6 0 0 21 628 0 0 9 0 7 0 0 0 0 0 44 0 0 49 0 0 1170 0 1189 1100 0 0 955 0 7 53620 0 0 0 1720 24 0 0 0 0 0 0 10 69 0 0 7 0 0 0 0 11 0 0 0 0 0 0 0 9 0 0 3 0 0 1249 0 423 0 12 0 0 0 407 0 345 0 14 0 0 0 0 0 0 9 0 0 0 0 0 0 0 0 0 290 0 0 0 5 0 0 0 3 0 4 0 0 0 0 0 0 0 0 0 7 0 0 0 0 0 0 0 0 0 1 0 0 0 
0 3 0 0 8 414 0 0 0 0 3 0 0 0 0 0 19 0 0 0 0 0 0 0 840 459 0 0 696 0 0 44771 0 0 0 682 5 0 0 0 0 0 0 0 0 0 0 0 0 0 0 0 1 0 0 0 0 0 0 0 3 0 0 0 0 0 414 0 594 0 5 0 0 0 225 0 182 0 7 0 0 0 0 0 0 0 0 0 0 0 0 0 0 0 0 93 0 0 0 3 0 0 0 1 0 0 0 0 0 0 0 0 0 0 0 0 0 0 0 0 0 0 0 0 0 1 0 0 0 
0 5 0 0 16 452 0 0 5 0 5 0 0 0 0 0 42 0 0 25 0 0 617 0 918 988 0 0 794 0 1 41775 0 0 0 1039 14 0 0 0 0 0 0 2 36 0 0 2 0 0 0 0 3 0 0 0 0 0 0 0 5 0 0 4 0 0 807 0 452 0 12 0 0 0 115 0 318 0 10 0 0 0 0 0 0 2 0 0 0 0 0 1 0 0 0 96 0 0 0 3 0 0 0 2 0 1 0 0 0 0 0 0 0 0 0 3 0 0 0 0 0 0 0 0 0 1 0 0 0 
0 2 0 0 8 335 0 0 1 0 0 0 0 0 0 0 20 0 0 3 0 0 290 0 573 509 0 0 783 0 0 39785 0 0 0 844 9 0 0 0 0 0 0 3 22 0 0 2 0 0 0 0 9 0 0 0 0 0 0 0 6 0 0 0 0 0 0 0 538 0 0 0 0 0 0 0 265 0 0 0 0 0 0 0 0 0 0 0 0 0 0 0 0 0 0 0 0 0 0 0 0 0 0 0 0 0 0 0 0 0 0 0 0 0 0 0 0 0 0 0 0 0 0 0 0 0 0 0 0 
0 4 0 0 8 542 0 0 3 0 4 0 0 0 0 0 22 0 0 13 0 0 562 0 1087 360 0 0 807 0 0 50530 0 0 0 779 8 0 0 0 0 0 0 1 63 0 0 0 0 0 0 0 1 0 0 0 0 0 0 0 3 0 0 3 0 0 331 0 596 0 6 0 0 0 558 0 145 0 7 0 0 0 0 0 0 0 0 0 0 0 0 1 0 0 0 211 0 0 0 1 0 0 0 2 0 2 0 0 0 0 0 0 0 0 0 0 0 0 0 0 0 0 0 0 0 0 0 0 0 
28 5 0 103 14 604 378 54 8 0 2 0 37 0 0 268 35 0 152 33 156 3098 1480 1344 1011 514 10319 0 992 39 4 51360 3276 0 1094 1264 15 126 0 0 0 18 0 12 189 57 27 0 0 0 0 0 5 0 0 0 0 0 0 25 2 0 51 6 9 6545 361 0 612 99 2 0 0 0 74 593 289 0 3 85 0 0 0 0 0 0 21 0 0 0 0 0 0 13 203 55 0 20 0 3 0 0 0 1 0 0 7 0 0 0 0 0 0 0 0 1 5 0 0 0 0 0 0 0 0 0 0 6 0 
0 6 0 0 25 535 0 0 10 0 6 0 0 0 0 0 55 0 0 65 0 0 1111 0 1044 1415 0 0 877 0 7 45720 0 0 0 1456 38 0 0 0 0 0 0 10 64 0 0 11 0 0 0 0 4 0 0 0 0 0 0 0 12 0 0 8 0 0 1061 0 434 0 15 0 0 0 331 0 313 0 14 0 0 0 0 0 0 5 0 0 0 0 0 0 0 0 0 202 0 0 0 5 0 0 0 2 0 3 0 0 0 0 0 0 0 0 0 2 0 0 0 0 0 0 0 0 0 1 0 0 0 
0 5 0 0 13 696 0 0 8 0 3 0 0 0 0 0 28 0 0 30 0 0 1575 0 1155 477 0 0 1003 0 5 65237 0 0 0 1507 12 0 0 0 0 0 0 10 217 0 0 2 0 0 0 0 11 0 0 0 0 0 0 0 7 0 0 6 0 0 488 0 616 0 7 0 0 0 281 0 288 0 7 0 0 0 0 0 0 1 0 0 0 0 0 0 0 0 0 211 0 0 0 1 0 0 0 1 0 1 0 0 0 0 0 0 0 0 0 3 0 0 0 0 0 0 0 0 0 0 0 0 0 
0 2 0 0 8 424 0 0 0 0 2 0 0 0 0 0 22 0 0 0 0 0 0 0 799 285 0 0 525 0 0 48604 0 0 0 1181 11 0 0 0 0 0 0 0 0 0 0 0 0 0 0 0 9 0 0 0 0 0 0 0 6 0 0 0 0 0 255 0 488 0 6 0 0 0 255 0 242 0 6 0 0 0 0 0 0 0 0 0 0 0 0 0 0 0 0 168 0 0 0 1 0 0 0 1 0 0 0 0 0 0 0 0 0 0 0 2 0 0 0 0 0 0 0 0 0 0 0 0 0 
0 4 0 0 12 431 0 0 4 0 2 0 0 0 0 0 35 0 0 18 0 0 557 0 823 922 0 0 633 0 1 42550 0 0 0 932 11 0 0 0 0 0 0 2 47 0 0 2 0 0 0 0 5 0 0 0 0 0 0 0 2 0 0 2 0 0 503 0 490 0 3 0 0 0 36 0 302 0 3 0 0 0 0 0 0 1 0 0 0 0 0 0 0 0 0 50 0 0 0 1 0 0 0 0 0 0 0 0 0 0 0 0 0 0 0 3 0 0 0 0 0 0 0 0 0 0 0 0 0 
0 3 0 0 9 490 0 0 3 0 0 0 0 0 0 0 28 0 0 12 0 0 755 0 829 494 0 0 822 0 1 53052 0 0 0 953 8 0 0 0 0 0 0 5 111 0 0 1 0 0 0 0 4 0 0 0 0 0 0 0 6 0 0 0 0 0 0 0 661 0 0 0 0 0 0 0 260 0 0 0 0 0 0 0 0 0 0 0 0 0 0 0 0 0 0 0 0 0 0 0 0 0 0 0 0 0 0 0 0 0 0 0 0 0 0 0 0 0 0 0 0 0 0 0 0 0 0 0 0 
0 4 0 0 13 444 0 0 5 0 1 0 0 0 0 0 39 0 0 19 0 0 1009 0 833 533 0 0 616 0 2 44262 0 0 0 1143 13 0 0 0 0 0 0 7 104 0 0 3 0 0 0 0 3 0 0 0 0 0 0 0 2 0 0 2 0 0 90 0 537 0 3 0 0 0 10 0 279 0 3 0 0 0 0 0 0 0 0 0 0 0 0 0 0 0 0 4 0 0 0 0 0 0 0 1 0 0 0 0 0 0 0 0 0 0 0 0 0 0 0 0 0 0 0 0 0 0 0 0 0 
0 7 0 0 21 596 0 0 13 0 8 0 0 0 0 0 48 0 0 60 0 0 1587 0 1137 1156 0 0 1118 0 7 50322 0 0 0 1245 18 0 0 0 0 0 0 9 144 0 0 5 0 0 0 0 3 0 0 0 0 0 0 0 7 0 0 18 0 0 1001 0 566 0 17 0 0 0 396 0 228 0 17 0 0 0 0 0 0 3 0 0 0 0 0 2 0 0 0 143 0 0 0 11 0 0 0 1 0 3 0 0 0 0 0 0 0 0 0 1 0 0 0 0 0 0 0 0 0 2 0 0 0 
43 8 40 278 16 641 901 132 14 1 14 2 64 117 137 487 39 86 691 52 416 8616 1496 4467 1167 861 17979 1583 889 140 8 43501 12260 770 4930 1010 8 440 99 0 23 75 17 3 140 523 93 1 0 22 35 39 6 1 2 3 0 0 54 343 5 7 148 20 50 9320 1537 80 419 93 23 7 10 79 688 1718 218 6 23 150 21 0 0 0 0 7 55 0 0 0 0 3 0 5 480 239 1 162 26 5 0 2 5 1 1 10 28 1 1 0 1 0 1 0 2 2 60 0 1 1 0 0 0 1 0 7 2 31 0 
98 6 323 473 13 451 4651 258 13 2 3 103 114 389 1221 983 25 440 962 41 687 11706 1621 21631 685 587 25520 13282 750 238 13 33765 145061 28476 19493 413 7 812 443 9 170 146 77 10 144 1442 181 6 0 169 153 76 3 2 5 5 3 211 250 195 7 143 165 9 90 17940 270 4331 358 111 2 392 309 17755 171 5963 86 158 4 418 92 1 4 2 1 1 101 0 1 1 0 0 23 39 2417 25 2699 51 72 2 43 46 63 1 40 1 23 105 45 4 1 0 1 112 78 0 38 31 0 0 0 0 0 0 0 0 38 10 58 
0 2 0 0 6 289 0 0 1 0 0 0 0 0 0 0 22 0 0 4 0 0 274 0 517 280 0 0 555 0 0 38326 0 0 0 639 4 0 0 0 0 0 0 2 7 0 0 0 0 0 0 0 2 0 0 0 0 0 0 0 3 0 0 0 0 0 0 0 501 0 0 0 0 0 0 0 225 0 0 0 0 0 0 0 0 0 0 0 0 0 0 0 0 0 0 0 0 0 0 0 0 0 0 0 0 0 0 0 0 0 0 0 0 0 0 0 0 0 0 0 0 0 0 0 0 0 0 0 0 
0 9 0 0 34 625 0 0 24 0 15 0 0 0 0 0 53 0 0 135 0 0 2238 0 1123 2127 0 0 1156 0 25 50295 0 0 0 1732 39 0 0 0 0 0 0 24 112 0 0 17 0 0 0 0 11 0 0 0 0 0 0 0 19 0 0 48 0 0 1976 0 408 0 40 0 0 0 632 0 356 0 36 0 0 0 0 0 0 15 0 0 0 0 0 5 0 0 0 282 0 0 0 13 0 0 0 2 0 8 0 0 0 0 0 0 0 0 0 10 0 0 0 0 0 0 0 0 0 5 0 0 0 
0 3 0 0 11 387 0 0 1 0 2 0 0 0 0 0 31 0 0 4 0 0 91 0 768 506 0 0 640 0 0 41016 0 0 0 1022 14 0 0 0 0 0 0 1 9 0 0 2 0 0 0 0 3 0 0 0 0 0 0 0 2 0 0 0 0 0 496 0 471 0 4 0 0 0 55 0 277 0 2 0 0 0 0 0 0 1 0 0 0 0 0 0 0 0 0 54 0 0 0 4 0 0 0 1 0 0 0 0 0 0 0 0 0 0 0 2 0 0 0 0 0 0 0 0 0 0 0 0 0 
0 3 0 0 12 375 0 0 3 0 0 0 0 0 0 0 31 0 0 11 0 0 624 0 642 779 0 0 676 0 1 40525 0 0 0 968 12 0 0 0 0 0 0 9 60 0 0 3 0 0 0 0 5 0 0 0 0 0 0 0 8 0 0 0 0 0 0 0 538 0 0 0 0 0 0 0 290 0 0 0 0 0 0 0 0 0 0 0 0 0 0 0 0 0 0 0 0 0 0 0 0 0 0 0 0 0 0 0 0 0 0 0 0 0 0 0 0 0 0 0 0 0 0 0 0 0 0 0 0 
0 3 0 0 6 335 0 0 2 0 1 0 0 0 0 0 23 0 0 7 0 0 319 0 670 348 0 0 435 0 0 38844 0 0 0 693 3 0 0 0 0 0 0 1 25 0 0 0 0 0 0 0 2 0 0 0 0 0 0 0 1 0 0 1 0 0 262 0 486 0 2 0 0 0 7 0 230 0 0 0 0 0 0 0 0 0 0 0 0 0 0 0 0 0 0 15 0 0 0 1 0 0 0 0 0 0 0 0 0 0 0 0 0 0 0 1 0 0 0 0 0 0 0 0 0 0 0 0 0 
0 6 0 0 15 781 0 0 10 0 7 0 0 0 0 0 28 0 0 31 0 0 2045 0 1201 638 0 0 1290 0 4 68027 0 0 0 1559 13 0 0 0 0 0 0 13 265 0 0 5 0 0 0 0 8 0 0 0 0 0 0 0 6 0 0 16 0 0 855 0 627 0 14 0 0 0 563 0 301 0 13 0 0 0 0 0 0 3 0 0 0 0 0 2 0 0 0 261 0 0 0 5 0 0 0 7 0 4 0 0 0 0 0 0 0 0 0 5 0 0 0 0 0 0 0 0 0 0 0 0 0 
0 3 0 0 5 352 0 0 2 0 1 0 0 0 0 0 19 0 0 4 0 0 330 0 664 313 0 0 562 0 0 39562 0 0 0 677 2 0 0 0 0 0 0 2 36 0 0 0 0 0 0 0 2 0 0 0 0 0 0 0 1 0 0 1 0 0 262 0 499 0 2 0 0 0 7 0 228 0 0 0 0 0 0 0 0 0 0 0 0 0 0 0 0 0 0 15 0 0 0 1 0 0 0 0 0 0 0 0 0 0 0 0 0 0 0 1 0 0 0 0 0 0 0 0 0 0 0 0 0 
0 7 0 0 19 690 0 0 12 0 10 0 0 0 0 0 43 0 0 61 0 0 1728 0 1320 949 0 0 1062 0 7 55152 0 0 0 1353 18 0 0 0 0 0 0 12 183 0 0 3 0 0 0 0 7 0 0 0 0 0 0 0 8 0 0 18 0 0 1210 0 530 0 16 0 0 0 453 0 262 0 17 0 0 0 0 0 0 5 0 0 0 0 0 1 0 0 0 230 0 0 0 7 0 0 0 2 0 3 0 0 0 0 0 0 0 0 0 1 0 0 0 0 0 0 0 0 0 6 0 0 0 
0 4 0 0 12 429 0 0 3 0 3 0 0 0 0 0 29 0 0 8 0 0 421 0 804 729 0 0 617 0 0 42016 0 0 0 1003 12 0 0 0 0 0 0 4 54 0 0 1 0 0 0 0 3 0 0 0 0 0 0 0 3 0 0 3 0 0 515 0 472 0 6 0 0 0 107 0 277 0 6 0 0 0 0 0 0 0 0 0 0 0 0 0 0 0 0 64 0 0 0 3 0 0 0 1 0 0 0 0 0 0 0 0 0 0 0 3 0 0 0 0 0 0 0 0 0 1 0 0 0 
0 2 0 0 7 374 0 0 1 0 0 0 0 0 0 0 23 0 0 6 0 0 257 0 730 242 0 0 371 0 0 42746 0 0 0 961 7 0 0 0 0 0 0 1 58 0 0 0 0 0 0 0 3 0 0 0 0 0 0 0 2 0 0 0 0 0 0 0 501 0 0 0 0 0 0 0 252 0 0 0 0 0 0 0 0 0 0 0 0 0 0 0 0 0 0 0 0 0 0 0 0 0 0 0 0 0 0 0 0 0 0 0 0 0 0 0 0 0 0 0 0 0 0 0 0 0 0 0 0 
21 4 141 59 12 492 207 61 3 1 5 3 24 498 365 152 22 270 120 12 153 3936 704 974 766 739 5940 2600 953 70 0 46833 1276 2711 424 1093 10 32 280 4 109 22 23 4 58 104 35 1 19 116 32 9 5 3 2 1 1 0 12 54 3 5 47 3 20 4065 454 51 454 60 8 7 48 158 415 304 242 3 8 21 54 2 0 1 0 1 23 0 0 0 0 2 3 9 83 173 3 19 23 5 0 3 21 7 8 3 10 1 2 0 0 0 2 0 0 6 15 0 0 0 0 0 0 0 0 0 0 13 0 
0 3 0 0 10 404 0 0 2 0 1 0 0 0 0 0 26 0 0 8 0 0 403 0 757 616 0 0 895 0 0 41948 0 0 0 944 9 0 0 0 0 0 0 3 28 0 0 3 0 0 0 0 10 0 0 0 0 0 0 0 7 0 0 1 0 0 235 0 512 0 2 0 0 0 27 0 300 0 1 0 0 0 0 0 0 0 0 0 0 0 0 0 0 0 0 43 0 0 0 0 0 0 0 0 0 0 0 0 0 0 0 0 0 0 0 1 0 0 0 0 0 0 0 0 0 0 0 0 0 
0 5 0 0 14 579 0 0 9 0 1 0 0 0 0 0 35 0 0 40 0 0 1528 0 1054 640 0 0 929 0 7 51352 0 0 0 1209 11 0 0 0 0 0 0 8 193 0 0 2 0 0 0 0 4 0 0 0 0 0 0 0 4 0 0 3 0 0 43 0 655 0 1 0 0 0 205 0 239 0 2 0 0 0 0 0 0 0 0 0 0 0 0 0 0 0 0 74 0 0 0 0 0 0 0 1 0 0 0 0 0 0 0 0 0 0 0 0 0 0 0 0 0 0 0 0 0 0 0 0 0 
0 6 0 0 11 753 0 0 9 0 6 0 0 0 0 0 25 0 0 22 0 0 1823 0 1239 500 0 0 1548 0 2 64351 0 0 0 1081 4 0 0 0 0 0 0 9 242 0 0 3 0 0 0 0 8 0 0 0 0 0 0 0 6 0 0 13 0 0 666 0 748 0 10 0 0 0 430 0 219 0 9 0 0 0 0 0 0 2 0 0 0 0 0 1 0 0 0 179 0 0 0 1 0 0 0 3 0 1 0 0 0 0 0 0 0 0 0 0 0 0 0 0 0 0 0 0 0 1 0 0 0 
0 2 0 0 6 316 0 0 0 0 1 0 0 0 0 0 19 0 0 0 0 0 0 0 603 298 0 0 578 0 0 38711 0 0 0 703 5 0 0 0 0 0 0 0 0 0 0 0 0 0 0 0 2 0 0 0 0 0 0 0 1 0 0 0 0 0 262 0 496 0 2 0 0 0 22 0 240 0 1 0 0 0 0 0 0 0 0 0 0 0 0 0 0 0 0 15 0 0 0 1 0 0 0 1 0 0 0 0 0 0 0 0 0 0 0 1 0 0 0 0 0 0 0 0 0 0 0 0 0 
0 6 0 0 14 654 0 0 9 0 6 0 0 0 0 0 38 0 0 42 0 0 1265 0 1265 679 0 0 1004 0 5 54860 0 0 0 1267 8 0 0 0 0 0 0 5 153 0 0 0 0 0 0 0 8 0 0 0 0 0 0 0 5 0 0 8 0 0 972 0 560 0 10 0 0 0 323 0 240 0 8 0 0 0 0 0 0 4 0 0 0 0 0 0 0 0 0 199 0 0 0 3 0 0 0 1 0 1 0 0 0 0 0 0 0 0 0 1 0 0 0 0 0 0 0 0 0 2 0 0 0 
0 6 0 0 20 663 0 0 5 0 11 0 0 0 0 0 47 0 0 37 0 0 654 0 1263 843 0 0 785 0 0 57527 0 0 0 1659 26 0 0 0 0 0 0 3 76 0 0 1 0 0 0 0 10 0 0 0 0 0 0 0 8 0 0 6 0 0 1559 0 499 0 22 0 0 0 661 0 227 0 22 0 0 0 0 0 0 6 0 0 0 0 0 2 0 0 0 349 0 0 0 11 0 0 0 2 0 3 0 0 0 0 0 0 0 0 0 5 0 0 0 0 0 0 0 0 0 7 0 0 0 
0 8 0 0 23 570 0 0 21 0 7 0 0 0 0 0 49 0 0 90 0 0 2825 0 989 1453 0 0 1358 0 22 44381 0 0 0 1271 18 0 0 0 0 0 0 17 176 0 0 7 0 0 0 0 11 0 0 0 0 0 0 0 11 0 0 26 0 0 467 0 594 0 20 0 0 0 261 0 323 0 12 0 0 0 0 0 0 1 0 0 0 0 0 3 0 0 0 33 0 0 0 6 0 0 0 1 0 4 0 0 0 0 0 0 0 0 0 3 0 0 0 0 0 0 0 0 0 0 0 0 0 
0 6 0 0 19 619 0 0 8 0 10 0 0 0 0 0 43 0 0 35 0 0 1480 0 1159 846 0 0 710 0 3 53435 0 0 0 1429 18 0 0 0 0 0 0 8 111 0 0 5 0 0 0 0 10 0 0 0 0 0 0 0 12 0 0 8 0 0 856 0 465 0 22 0 0 0 689 0 292 0 20 0 0 0 0 0 0 3 0 0 0 0 0 8 0 0 0 262 0 0 0 3 0 0 0 3 0 10 0 0 0 0 0 0 0 0 0 7 0 0 0 0 0 0 0 0 0 2 0 0 0 
44 6 197 206 19 462 927 123 11 2 4 19 55 339 754 556 46 422 465 61 322 8468 1186 4383 801 1098 11741 7580 377 107 8 35652 12495 3575 3612 1188 20 319 496 3 107 98 25 4 69 391 17 2 38 99 35 72 4 6 2 4 3 60 165 83 4 38 97 9 52 8206 729 700 326 138 8 67 45 718 88 1355 298 38 4 138 76 0 0 0 0 2 40 1 0 0 0 0 8 18 481 80 45 78 68 5 3 9 11 0 2 0 30 8 13 2 2 0 0 2 11 5 3 2 0 2 0 0 1 0 0 1 9 7 0 
0 5 0 0 14 571 0 0 6 0 5 0 0 0 0 0 36 0 0 29 0 0 1057 0 1096 571 0 0 716 0 0 53369 0 0 0 1520 16 0 0 0 0 0 0 4 104 0 0 1 0 0 0 0 10 0 0 0 0 0 0 0 7 0 0 11 0 0 685 0 493 0 16 0 0 0 369 0 276 0 9 0 0 0 0 0 0 0 0 0 0 0 0 0 0 0 0 190 0 0 0 1 0 0 0 2 0 0 0 0 0 0 0 0 0 0 0 2 0 0 0 0 0 0 0 0 0 2 0 0 0 
0 5 0 0 14 617 0 0 6 0 5 0 0 0 0 0 40 0 0 28 0 0 1057 0 1131 404 0 0 961 0 2 57642 0 0 0 1143 14 0 0 0 0 0 0 4 143 0 0 1 0 0 0 0 4 0 0 0 0 0 0 0 2 0 0 5 0 0 807 0 612 0 8 0 0 0 346 0 213 0 9 0 0 0 0 0 0 2 0 0 0 0 0 2 0 0 0 167 0 0 0 9 0 0 0 1 0 2 0 0 0 0 0 0 0 0 0 1 0 0 0 0 0 0 0 0 0 0 0 0 0 
0 5 0 0 15 603 0 0 7 0 5 0 0 0 0 0 33 0 0 32 0 0 1222 0 1170 671 0 0 872 0 3 54672 0 0 0 1422 18 0 0 0 0 0 0 4 75 0 0 1 0 0 0 0 10 0 0 0 0 0 0 0 7 0 0 10 0 0 561 0 462 0 15 0 0 0 611 0 203 0 15 0 0 0 0 0 0 0 0 0 0 0 0 0 0 0 0 329 0 0 0 0 0 0 0 1 0 0 0 0 0 0 0 0 0 0 0 2 0 0 1 0 0 0 0 0 0 3 0 0 0 
0 4 0 0 10 609 0 0 2 0 5 0 0 0 0 0 24 0 0 11 0 0 364 0 1170 330 0 0 922 0 0 57345 0 0 0 1248 11 0 0 0 0 0 0 4 57 0 0 1 0 0 0 0 9 0 0 0 0 0 0 0 6 0 0 1 0 0 619 0 555 0 9 0 0 0 527 0 195 0 7 0 0 0 0 0 0 1 0 0 0 0 0 1 0 0 0 312 0 0 0 2 0 0 0 2 0 2 0 0 0 0 0 0 0 0 0 2 0 0 0 0 0 0 0 0 0 1 0 0 0 
0 5 0 0 20 610 0 0 4 0 8 0 0 0 0 0 42 0 0 31 0 0 592 0 1167 1051 0 0 513 0 0 54744 0 0 0 1498 26 0 0 0 0 0 0 3 75 0 0 2 0 0 0 0 7 0 0 0 0 0 0 0 15 0 0 4 0 0 881 0 395 0 18 0 0 0 838 0 233 0 20 0 0 0 0 0 0 2 0 0 0 0 0 2 0 0 0 381 0 0 0 5 0 0 0 3 0 4 0 0 0 0 0 0 0 0 0 4 0 0 1 0 0 0 0 0 0 4 0 0 0 
0 5 0 0 10 760 0 0 7 0 4 0 0 0 0 0 21 0 0 20 0 0 1549 0 1199 321 0 0 1244 0 3 70416 0 0 0 1293 10 0 0 0 0 0 0 9 250 0 0 1 0 0 0 0 9 0 0 0 0 0 0 0 6 0 0 7 0 0 338 0 766 0 6 0 0 0 565 0 185 0 7 0 0 0 0 0 0 0 0 0 0 0 0 1 0 0 0 253 0 0 0 1 0 0 0 2 0 2 0 0 0 0 0 0 0 0 0 2 0 0 0 0 0 0 0 0 0 0 0 0 0 
0 6 0 0 17 702 0 0 7 0 10 0 0 0 0 0 36 0 0 35 0 0 1158 0 1261 671 0 0 1233 0 1 59161 0 0 0 1492 16 0 0 0 0 0 0 7 103 0 0 1 0 0 0 0 11 0 0 0 0 0 0 0 5 0 0 10 0 0 1199 0 571 0 18 0 0 0 854 0 224 0 19 0 0 0 0 0 0 5 0 0 0 0 0 4 0 0 0 350 0 0 0 10 0 0 0 6 0 7 0 0 0 0 0 0 0 0 0 4 0 0 0 0 0 0 0 0 0 2 0 0 0 
0 5 0 0 15 455 0 0 6 0 4 0 0 0 0 0 38 0 0 27 0 0 1051 0 841 906 0 0 934 0 2 42186 0 0 0 1068 13 0 0 0 0 0 0 5 94 0 0 2 0 0 0 0 8 0 0 0 0 0 0 0 2 0 0 4 0 0 363 0 522 0 11 0 0 0 117 0 290 0 8 0 0 0 0 0 0 0 0 0 0 0 0 3 0 0 0 47 0 0 0 3 0 0 0 0 0 1 0 0 0 0 0 0 0 0 0 1 0 0 0 0 0 0 0 0 0 0 0 0 0 
0 5 0 0 18 561 0 0 7 0 4 0 0 0 0 0 36 0 0 36 0 0 1160 0 1074 925 0 0 991 0 2 48935 0 0 0 1414 22 0 0 0 0 0 0 10 120 0 0 5 0 0 0 0 10 0 0 0 0 0 0 0 8 0 0 9 0 0 553 0 506 0 12 0 0 0 355 0 285 0 9 0 0 0 0 0 0 1 0 0 0 0 0 0 0 0 0 150 0 0 0 3 0 0 0 2 0 1 0 0 0 0 0 0 0 0 0 1 0 0 0 0 0 0 0 0 0 0 0 0 0 
0 3 0 0 5 468 0 0 2 0 1 0 0 0 0 0 19 0 0 5 0 0 458 0 820 299 0 0 773 0 0 52127 0 0 0 784 2 0 0 0 0 0 0 1 89 0 0 0 0 0 0 0 3 0 0 0 0 0 0 0 1 0 0 1 0 0 262 0 636 0 2 0 0 0 7 0 235 0 0 0 0 0 0 0 0 0 0 0 0 0 0 0 0 0 0 15 0 0 0 1 0 0 0 0 0 0 0 0 0 0 0 0 0 0 0 1 0 0 0 0 0 0 0 0 0 0 0 0 0 
0 6 0 0 17 616 0 0 12 0 3 0 0 0 0 0 36 0 0 45 0 0 1724 0 1141 744 0 0 1110 0 11 49292 0 0 0 1456 15 0 0 0 0 0 0 17 141 0 0 2 0 0 0 0 10 0 0 0 0 0 0 0 6 0 0 6 0 0 695 0 504 0 6 0 0 0 103 0 351 0 4 0 0 0 0 0 0 3 0 0 0 0 0 0 0 0 0 129 0 0 0 4 0 0 0 0 0 0 0 0 0 0 0 0 0 0 0 3 0 0 0 0 0 0 0 0 0 0 0 0 0 
0 7 0 0 26 702 0 0 13 0 10 0 0 0 0 0 51 0 0 86 0 0 1582 0 1365 1123 0 0 670 0 10 57556 0 0 0 1832 30 0 0 0 0 0 0 9 127 0 0 5 0 0 0 0 8 0 0 0 0 0 0 0 19 0 0 15 0 0 1494 0 355 0 21 0 0 0 777 0 242 0 25 0 0 0 0 0 0 7 0 0 0 0 0 0 0 0 0 438 0 0 0 10 0 0 0 4 0 7 0 0 0 0 0 0 0 0 0 4 0 0 1 0 0 0 0 0 0 6 0 0 0 
0 5 0 0 17 556 0 0 5 0 6 0 0 0 0 0 39 0 0 30 0 0 717 0 1074 918 0 0 912 0 1 48188 0 0 0 1279 18 0 0 0 0 0 0 6 79 0 0 1 0 0 0 0 9 0 0 0 0 0 0 0 7 0 0 3 0 0 842 0 468 0 12 0 0 0 432 0 288 0 14 0 0 0 0 0 0 3 0 0 0 0 0 1 0 0 0 219 0 0 0 6 0 0 0 2 0 5 0 0 0 0 0 0 0 0 0 2 0 0 0 0 0 0 0 0 0 0 0 0 0 
0 8 0 0 17 776 0 0 19 0 10 0 0 0 0 0 30 0 0 60 0 0 2789 0 1243 869 0 0 1749 0 16 63047 0 0 0 1112 8 0 0 0 0 0 0 18 300 0 0 5 0 0 0 0 10 0 0 0 0 0 0 0 7 0 0 33 0 0 1170 0 733 0 14 0 0 0 658 0 221 0 17 0 0 0 0 0 0 3 0 0 0 0 0 2 0 0 0 195 0 0 0 6 0 0 0 2 0 5 0 0 0 0 0 0 0 0 0 0 0 0 0 0 0 0 0 0 0 3 0 0 0 
0 5 0 0 21 627 0 0 6 0 6 0 0 0 0 0 41 0 0 44 0 0 943 0 1157 1050 0 0 679 0 2 55718 0 0 0 1714 31 0 0 0 0 0 0 7 104 0 0 2 0 0 0 0 11 0 0 0 0 0 0 0 15 0 0 7 0 0 805 0 424 0 15 0 0 0 625 0 256 0 16 0 0 0 0 0 0 2 0 0 0 0 0 0 0 0 0 355 0 0 0 5 0 0 0 1 0 2 0 0 0 0 0 0 0 0 0 3 0 0 1 0 0 0 0 0 0 3 0 0 0 
0 3 0 0 10 479 0 0 1 0 3 0 0 0 0 0 30 0 0 3 0 0 281 0 904 327 0 0 625 0 0 50070 0 0 0 1203 10 0 0 0 0 0 0 2 25 0 0 0 0 0 0 0 8 0 0 0 0 0 0 0 5 0 0 0 0 0 290 0 507 0 7 0 0 0 380 0 240 0 9 0 0 0 0 0 0 0 0 0 0 0 0 1 0 0 0 188 0 0 0 2 0 0 0 2 0 1 0 0 0 0 0 0 0 0 0 2 0 0 0 0 0 0 0 0 0 0 0 0 0 
0 4 0 0 9 464 0 0 4 0 2 0 0 0 0 0 23 0 0 15 0 0 590 0 941 481 0 0 996 0 1 45831 0 0 0 776 5 0 0 0 0 0 0 3 46 0 0 0 0 0 0 0 1 0 0 0 0 0 0 0 1 0 0 2 0 0 297 0 616 0 3 0 0 0 216 0 182 0 3 0 0 0 0 0 0 0 0 0 0 0 0 0 0 0 0 96 0 0 0 2 0 0 0 1 0 1 0 0 0 0 0 0 0 0 0 0 0 0 0 0 0 0 0 0 0 0 0 0 0 
0 6 0 0 22 501 0 0 11 0 4 0 0 0 0 0 50 0 0 63 0 0 1287 0 945 1429 0 0 985 0 8 43773 0 0 0 1330 23 0 0 0 0 0 0 8 60 0 0 7 0 0 0 0 11 0 0 0 0 0 0 0 13 0 0 8 0 0 833 0 493 0 9 0 0 0 96 0 334 0 8 0 0 0 0 0 0 3 0 0 0 0 0 0 0 0 0 80 0 0 0 4 0 0 0 0 0 1 0 0 0 0 0 0 0 0 0 3 0 0 0 0 0 0 0 0 0 0 0 0 0 
0 5 0 0 15 620 0 0 6 0 5 0 0 0 0 0 41 0 0 33 0 0 969 0 1164 594 0 0 1116 0 2 57396 0 0 0 1191 19 0 0 0 0 0 0 4 120 0 0 0 0 0 0 0 5 0 0 0 0 0 0 0 1 0 0 4 0 0 892 0 581 0 8 0 0 0 354 0 233 0 10 0 0 0 0 0 0 3 0 0 0 0 0 1 0 0 0 194 0 0 0 7 0 0 0 2 0 3 0 0 0 0 0 0 0 0 0 2 0 0 0 0 0 0 0 0 0 0 0 0 0 
0 6 0 0 14 590 0 0 10 0 5 0 0 0 0 0 36 0 0 41 0 0 1565 0 1108 717 0 0 999 0 6 50931 0 0 0 1043 9 0 0 0 0 0 0 7 167 0 0 1 0 0 0 0 2 0 0 0 0 0 0 0 5 0 0 9 0 0 483 0 609 0 6 0 0 0 349 0 205 0 8 0 0 0 0 0 0 0 0 0 0 0 0 2 0 0 0 105 0 0 0 3 0 0 0 1 0 2 0 0 0 0 0 0 0 0 0 1 0 0 0 0 0 0 0 0 0 1 0 0 0 
71 3 139 131 8 344 2467 199 1 1 2 18 80 814 165 336 22 307 293 3 503 13388 231 11728 651 356 11205 9066 618 192 0 31121 55970 1954 3096 564 6 25 254 4 68 47 122 3 12 1010 72 1 16 19 33 58 1 3 1 0 2 51 67 56 2 27 137 0 64 12914 115 1128 413 146 3 7 52 445 197 2819 161 38 4 38 45 0 0 1 0 1 66 4 0 0 0 0 8 6 1359 59 38 33 59 2 15 4 2 1 7 0 28 6 15 1 1 0 1 4 6 0 27 0 0 0 0 0 0 0 0 0 14 24 0 
0 5 0 0 13 592 0 0 6 0 4 0 0 0 0 0 37 0 0 25 0 0 1120 0 1074 530 0 0 1040 0 1 55403 0 0 0 1114 10 0 0 0 0 0 0 4 149 0 0 0 0 0 0 0 6 0 0 0 0 0 0 0 3 0 0 6 0 0 663 0 597 0 9 0 0 0 101 0 291 0 8 0 0 0 0 0 0 1 0 0 0 0 0 1 0 0 0 90 0 0 0 4 0 0 0 0 0 1 0 0 0 0 0 0 0 0 0 1 0 0 0 0 0 0 0 0 0 0 0 0 0 
0 3 0 0 9 371 0 0 1 0 2 0 0 0 0 0 30 0 0 6 0 0 86 0 734 492 0 0 480 0 0 40556 0 0 0 945 11 0 0 0 0 0 0 0 4 0 0 0 0 0 0 0 3 0 0 0 0 0 0 0 2 0 0 0 0 0 496 0 459 0 4 0 0 0 40 0 264 0 1 0 0 0 0 0 0 1 0 0 0 0 0 0 0 0 0 54 0 0 0 4 0 0 0 0 0 0 0 0 0 0 0 0 0 0 0 2 0 0 0 0 0 0 0 0 0 0 0 0 0 
0 4 0 0 11 515 0 0 4 0 3 0 0 0 0 0 23 0 0 14 0 0 651 0 998 551 0 0 793 0 1 47631 0 0 0 1105 10 0 0 0 0 0 0 6 74 0 0 1 0 0 0 0 7 0 0 0 0 0 0 0 6 0 0 3 0 0 476 0 488 0 7 0 0 0 290 0 246 0 8 0 0 0 0 0 0 1 0 0 0 0 0 0 0 0 0 173 0 0 0 2 0 0 0 1 0 1 0 0 0 0 0 0 0 0 0 1 0 0 0 0 0 0 0 0 0 0 0 0 0 
0 6 0 0 13 816 0 0 11 0 4 0 0 0 0 0 31 0 0 41 0 0 2085 0 1287 485 0 0 1336 0 8 69088 0 0 0 1413 7 0 0 0 0 0 0 9 348 0 0 1 0 0 0 0 9 0 0 0 0 0 0 0 5 0 0 9 0 0 594 0 723 0 6 0 0 0 316 0 248 0 5 0 0 0 0 0 0 1 0 0 0 0 0 0 0 0 0 191 0 0 0 2 0 0 0 1 0 1 0 0 0 0 0 0 0 0 0 1 0 0 0 0 0 0 0 0 0 1 0 0 0 
35 4 299 108 9 503 575 90 4 0 2 20 32 397 788 197 22 567 198 12 240 5564 701 2435 671 453 10041 8611 724 70 1 46846 5940 9483 1527 859 3 95 718 5 246 35 31 3 104 237 45 1 62 0 0 0 5 0 0 0 5 68 80 24 5 45 38 2 37 7153 455 551 451 52 4 54 52 1307 38 494 254 48 3 40 77 0 0 0 0 1 42 4 0 0 0 0 12 5 279 52 42 46 79 1 7 0 0 0 0 0 26 6 15 0 0 0 0 10 1 2 0 0 0 0 0 0 0 0 0 0 10 0 1 
0 6 0 0 19 675 0 0 12 0 4 0 0 0 0 0 44 0 0 58 0 0 1944 0 1186 830 0 0 739 0 10 57135 0 0 0 1743 18 0 0 0 0 0 0 12 227 0 0 4 0 0 0 0 9 0 0 0 0 0 0 0 8 0 0 10 0 0 524 0 481 0 8 0 0 0 410 0 329 0 9 0 0 0 0 0 0 1 0 0 0 0 0 1 0 0 0 226 0 0 0 2 0 0 0 3 0 2 0 0 0 0 0 0 0 0 0 4 0 0 0 0 0 0 0 0 0 0 0 0 0 
0 5 0 0 10 557 0 0 5 0 5 0 0 0 0 0 31 0 0 18 0 0 694 0 1158 392 0 0 980 0 1 48936 0 0 0 805 9 0 0 0 0 0 0 5 59 0 0 0 0 0 0 0 4 0 0 0 0 0 0 0 2 0 0 4 0 0 652 0 553 0 6 0 0 0 393 0 192 0 6 0 0 0 0 0 0 1 0 0 0 0 0 0 0 0 0 183 0 0 0 4 0 0 0 1 0 3 0 0 0 0 0 0 0 0 0 0 0 0 0 0 0 0 0 0 0 1 0 0 0 
0 6 0 0 15 670 0 0 12 0 3 0 0 0 0 0 43 0 0 38 0 0 2221 0 1086 633 0 0 1126 0 9 59967 0 0 0 1323 10 0 0 0 0 0 0 12 282 0 0 6 0 0 0 0 6 0 0 0 0 0 0 0 4 0 0 10 0 0 295 0 667 0 3 0 0 0 171 0 281 0 6 0 0 0 0 0 0 1 0 0 0 0 0 0 0 0 0 45 0 0 0 1 0 0 0 1 0 0 0 0 0 0 0 0 0 0 0 1 0 0 0 0 0 0 0 0 0 0 0 0 0 
0 4 0 0 13 531 0 0 3 0 4 0 0 0 0 0 35 0 0 13 0 0 630 0 964 599 0 0 707 0 1 51384 0 0 0 1246 12 0 0 0 0 0 0 5 68 0 0 0 0 0 0 0 6 0 0 0 0 0 0 0 5 0 0 0 0 0 326 0 519 0 8 0 0 0 509 0 261 0 9 0 0 0 0 0 0 0 0 0 0 0 0 3 0 0 0 203 0 0 0 3 0 0 0 4 0 2 0 0 0 0 0 0 0 0 0 3 0 0 0 0 0 0 0 0 0 0 0 0 0 
0 6 0 0 20 672 0 0 10 0 7 0 0 0 0 0 37 0 0 57 0 0 1577 0 1198 998 0 0 1333 0 5 58262 0 0 0 1521 22 0 0 0 0 0 0 11 128 0 0 2 0 0 0 0 8 0 0 0 0 0 0 0 7 0 0 15 0 0 785 0 589 0 13 0 0 0 701 0 234 0 14 0 0 0 0 0 0 2 0 0 0 0 0 2 0 0 0 311 0 0 0 9 0 0 0 6 0 4 0 0 0 0 0 0 0 0 0 4 0 0 0 0 0 0 0 0 0 1 0 0 0 
0 4 0 0 17 382 0 0 4 0 2 0 0 0 0 0 35 0 0 23 0 0 702 0 664 1179 0 0 908 0 0 40052 0 0 0 1003 21 0 0 0 0 0 0 5 30 0 0 4 0 0 0 0 11 0 0 0 0 0 0 0 10 0 0 4 0 0 314 0 534 0 7 0 0 0 31 0 312 0 7 0 0 0 0 0 0 0 0 0 0 0 0 0 0 0 0 18 0 0 0 1 0 0 0 0 0 0 0 0 0 0 0 0 0 0 0 1 0 0 0 0 0 0 0 0 0 0 0 0 0 
0 2 0 0 8 424 0 0 0 0 2 0 0 0 0 0 22 0 0 0 0 0 0 0 799 285 0 0 525 0 0 48604 0 0 0 1181 11 0 0 0 0 0 0 0 0 0 0 0 0 0 0 0 9 0 0 0 0 0 0 0 6 0 0 0 0 0 255 0 488 0 6 0 0 0 255 0 242 0 6 0 0 0 0 0 0 0 0 0 0 0 0 0 0 0 0 168 0 0 0 1 0 0 0 1 0 0 0 0 0 0 0 0 0 0 0 2 0 0 0 0 0 0 0 0 0 0 0 0 0 
0 2 0 0 4 447 0 0 1 0 0 0 0 0 0 0 13 0 0 3 0 0 283 0 773 157 0 0 718 0 0 52162 0 0 0 768 2 0 0 0 0 0 0 1 82 0 0 0 0 0 0 0 3 0 0 0 0 0 0 0 1 0 0 0 0 0 0 0 648 0 0 0 0 0 0 0 232 0 0 0 0 0 0 0 0 0 0 0 0 0 0 0 0 0 0 0 0 0 0 0 0 0 0 0 0 0 0 0 0 0 0 0 0 0 0 0 0 0 0 0 0 0 0 0 0 0 0 0 0 
0 5 0 0 16 503 0 0 8 0 2 0 0 0 0 0 44 0 0 39 0 0 1328 0 982 688 0 0 749 0 5 45286 0 0 0 1280 17 0 0 0 0 0 0 6 140 0 0 2 0 0 0 0 5 0 0 0 0 0 0 0 4 0 0 4 0 0 277 0 506 0 7 0 0 0 52 0 291 0 5 0 0 0 0 0 0 0 0 0 0 0 0 1 0 0 0 34 0 0 0 3 0 0 0 0 0 0 0 0 0 0 0 0 0 0 0 0 0 0 0 0 0 0 0 0 0 0 0 0 0 
0 4 0 0 12 394 0 0 5 0 1 0 0 0 0 0 28 0 0 19 0 0 773 0 701 863 0 0 951 0 2 40852 0 0 0 912 12 0 0 0 0 0 0 7 59 0 0 3 0 0 0 0 9 0 0 0 0 0 0 0 6 0 0 2 0 0 272 0 547 0 2 0 0 0 3 0 270 0 1 0 0 0 0 0 0 0 0 0 0 0 0 0 0 0 0 5 0 0 0 1 0 0 0 0 0 0 0 0 0 0 0 0 0 0 0 1 0 0 0 0 0 0 0 0 0 0 0 0 0 
0 2 0 0 4 447 0 0 1 0 0 0 0 0 0 0 13 0 0 3 0 0 283 0 773 157 0 0 718 0 0 52162 0 0 0 768 2 0 0 0 0 0 0 1 82 0 0 0 0 0 0 0 3 0 0 0 0 0 0 0 1 0 0 0 0 0 0 0 648 0 0 0 0 0 0 0 232 0 0 0 0 0 0 0 0 0 0 0 0 0 0 0 0 0 0 0 0 0 0 0 0 0 0 0 0 0 0 0 0 0 0 0 0 0 0 0 0 0 0 0 0 0 0 0 0 0 0 0 0 
0 4 0 0 19 413 0 0 5 0 1 0 0 0 0 0 53 0 0 39 0 0 814 0 776 1044 0 0 563 0 2 41667 0 0 0 1210 30 0 0 0 0 0 0 5 36 0 0 3 0 0 0 0 4 0 0 0 0 0 0 0 9 0 0 2 0 0 236 0 487 0 2 0 0 0 33 0 312 0 1 0 0 0 0 0 0 0 0 0 0 0 0 0 0 0 0 39 0 0 0 3 0 0 0 0 0 0 0 0 0 0 0 0 0 0 0 1 0 0 0 0 0 0 0 0 0 0 0 0 0 
0 6 0 0 17 589 0 0 8 0 8 0 0 0 0 0 35 0 0 36 0 0 1317 0 1150 905 0 0 1063 0 3 49570 0 0 0 1097 16 0 0 0 0 0 0 15 112 0 0 1 0 0 0 0 5 0 0 0 0 0 0 0 8 0 0 10 0 0 703 0 578 0 15 0 0 0 442 0 238 0 15 0 0 0 0 0 0 3 0 0 0 0 0 2 0 0 0 171 0 0 0 4 0 0 0 2 0 2 0 0 0 0 0 0 0 0 0 2 0 0 0 0 0 0 0 0 0 4 0 0 0 
0 3 0 0 7 383 0 0 2 0 1 0 0 0 0 0 21 0 0 6 0 0 349 0 789 315 0 0 490 0 0 41042 0 0 0 777 3 0 0 0 0 0 0 3 33 0 0 0 0 0 0 0 3 0 0 0 0 0 0 0 2 0 0 1 0 0 235 0 472 0 2 0 0 0 27 0 262 0 1 0 0 0 0 0 0 0 0 0 0 0 0 0 0 0 0 43 0 0 0 0 0 0 0 0 0 0 0 0 0 0 0 0 0 0 0 1 0 0 0 0 0 0 0 0 0 0 0 0 0 
0 3 0 0 5 564 0 0 2 0 1 0 0 0 0 0 15 0 0 5 0 0 494 0 988 183 0 0 1049 0 0 58826 0 0 0 776 1 0 0 0 0 0 0 1 119 0 0 0 0 0 0 0 2 0 0 0 0 0 0 0 1 0 0 1 0 0 43 0 771 0 1 0 0 0 205 0 178 0 2 0 0 0 0 0 0 0 0 0 0 0 0 0 0 0 0 74 0 0 0 0 0 0 0 1 0 0 0 0 0 0 0 0 0 0 0 0 0 0 0 0 0 0 0 0 0 0 0 0 0 
0 3 0 0 10 493 0 0 1 0 3 0 0 0 0 0 26 0 0 6 0 0 180 0 959 392 0 0 635 0 0 50768 0 0 0 1282 11 0 0 0 0 0 0 2 18 0 0 1 0 0 0 0 10 0 0 0 0 0 0 0 7 0 0 0 0 0 488 0 462 0 7 0 0 0 281 0 277 0 7 0 0 0 0 0 0 1 0 0 0 0 0 0 0 0 0 211 0 0 0 1 0 0 0 1 0 1 0 0 0 0 0 0 0 0 0 3 0 0 0 0 0 0 0 0 0 0 0 0 0 
0 4 0 0 18 559 0 0 2 0 6 0 0 0 0 0 39 0 0 23 0 0 254 0 1105 823 0 0 515 0 0 53469 0 0 0 1541 28 0 0 0 0 0 0 1 35 0 0 0 0 0 0 0 9 0 0 0 0 0 0 0 15 0 0 1 0 0 805 0 395 0 15 0 0 0 625 0 225 0 16 0 0 0 0 0 0 2 0 0 0 0 0 0 0 0 0 355 0 0 0 5 0 0 0 1 0 2 0 0 0 0 0 0 0 0 0 3 0 0 1 0 0 0 0 0 0 3 0 0 0 
0 5 0 0 13 642 0 0 4 0 7 0 0 0 0 0 31 0 0 19 0 0 768 0 1197 477 0 0 1009 0 0 58779 0 0 0 1370 13 0 0 0 0 0 0 4 74 0 0 0 0 0 0 0 8 0 0 0 0 0 0 0 6 0 0 4 0 0 849 0 582 0 14 0 0 0 590 0 205 0 12 0 0 0 0 0 0 1 0 0 0 0 0 2 0 0 0 315 0 0 0 3 0 0 0 5 0 4 0 0 0 0 0 0 0 0 0 3 0 0 0 0 0 0 0 0 0 2 0 0 0 
0 5 0 0 14 504 0 0 9 0 1 0 0 0 0 0 33 0 0 38 0 0 1395 0 927 850 0 0 869 0 7 44640 0 0 0 1123 10 0 0 0 0 0 0 9 133 0 0 2 0 0 0 0 7 0 0 0 0 0 0 0 4 0 0 3 0 0 235 0 530 0 2 0 0 0 27 0 331 0 1 0 0 0 0 0 0 0 0 0 0 0 0 0 0 0 0 43 0 0 0 0 0 0 0 0 0 0 0 0 0 0 0 0 0 0 0 1 0 0 0 0 0 0 0 0 0 0 0 0 0 
0 3 0 0 10 442 0 0 3 0 0 0 0 0 0 0 30 0 0 16 0 0 674 0 832 471 0 0 540 0 1 44995 0 0 0 1134 10 0 0 0 0 0 0 2 104 0 0 1 0 0 0 0 5 0 0 0 0 0 0 0 2 0 0 0 0 0 0 0 530 0 0 0 0 0 0 0 283 0 0 0 0 0 0 0 0 0 0 0 0 0 0 0 0 0 0 0 0 0 0 0 0 0 0 0 0 0 0 0 0 0 0 0 0 0 0 0 0 0 0 0 0 0 0 0 0 0 0 0 0 
0 5 0 0 17 734 0 0 6 0 6 0 0 0 0 0 34 0 0 31 0 0 1266 0 1273 617 0 0 835 0 2 67758 0 0 0 1644 23 0 0 0 0 0 0 10 183 0 0 2 0 0 0 0 11 0 0 0 0 0 0 0 10 0 0 8 0 0 701 0 559 0 13 0 0 0 681 0 192 0 16 0 0 0 0 0 0 0 0 0 0 0 0 1 0 0 0 354 0 0 0 2 0 0 0 1 0 2 0 0 0 0 0 0 0 0 0 3 0 0 1 0 0 0 0 0 0 3 0 0 0 
0 6 0 0 15 633 0 0 9 0 7 0 0 0 0 0 45 0 0 40 0 0 1617 0 1187 688 0 0 904 0 4 53733 0 0 0 1276 10 0 0 0 0 0 0 7 154 0 0 2 0 0 0 0 5 0 0 0 0 0 0 0 7 0 0 10 0 0 673 0 608 0 12 0 0 0 392 0 241 0 9 0 0 0 0 0 0 2 0 0 0 0 0 4 0 0 0 147 0 0 0 2 0 0 0 3 0 4 0 0 0 0 0 0 0 0 0 3 0 0 0 0 0 0 0 0 0 0 0 0 0 
0 4 0 0 15 408 0 0 3 0 3 0 0 0 0 0 36 0 0 14 0 0 457 0 808 825 0 0 858 0 0 40659 0 0 0 1060 17 0 0 0 0 0 0 4 30 0 0 2 0 0 0 0 4 0 0 0 0 0 0 0 7 0 0 3 0 0 530 0 497 0 8 0 0 0 67 0 284 0 6 0 0 0 0 0 0 0 0 0 0 0 0 0 0 0 0 50 0 0 0 8 0 0 0 0 0 0 0 0 0 0 0 0 0 0 0 1 0 0 0 0 0 0 0 0 0 1 0 0 0 
0 6 0 0 18 544 0 0 11 0 5 0 0 0 0 0 44 0 0 57 0 0 1442 0 1038 1026 0 0 1107 0 8 45685 0 0 0 1218 19 0 0 0 0 0 0 10 96 0 0 2 0 0 0 0 4 0 0 0 0 0 0 0 8 0 0 11 0 0 799 0 499 0 11 0 0 0 324 0 267 0 10 0 0 0 0 0 0 2 0 0 0 0 0 0 0 0 0 162 0 0 0 3 0 0 0 3 0 2 0 0 0 0 0 0 0 0 0 1 0 0 0 0 0 0 0 0 0 1 0 0 0 
0 7 0 0 20 773 0 0 15 0 8 0 0 0 0 0 41 0 0 63 0 0 2580 0 1275 866 0 0 1053 0 11 63550 0 0 0 1610 19 0 0 0 0 0 0 15 320 0 0 6 0 0 0 0 7 0 0 0 0 0 0 0 6 0 0 25 0 0 902 0 592 0 15 0 0 0 528 0 247 0 16 0 0 0 0 0 0 1 0 0 0 0 0 3 0 0 0 213 0 0 0 7 0 0 0 3 0 4 0 0 0 0 0 0 0 0 0 1 0 0 0 0 0 0 0 0 0 1 0 0 0 
0 5 0 0 18 471 0 0 7 0 3 0 0 0 0 0 47 0 0 35 0 0 1161 0 832 988 0 0 998 0 3 42582 0 0 0 1209 19 0 0 0 0 0 0 12 100 0 0 3 0 0 0 0 8 0 0 0 0 0 0 0 8 0 0 5 0 0 330 0 549 0 10 0 0 0 98 0 319 0 7 0 0 0 0 0 0 0 0 0 0 0 0 0 0 0 0 42 0 0 0 4 0 0 0 0 0 2 0 0 0 0 0 0 0 0 0 0 0 0 0 0 0 0 0 0 0 0 0 0 0 
0 2 0 0 4 331 0 0 1 0 0 0 0 0 0 0 13 0 0 2 0 0 261 0 607 171 0 0 507 0 0 39597 0 0 0 661 2 0 0 0 0 0 0 2 34 0 0 0 0 0 0 0 2 0 0 0 0 0 0 0 1 0 0 0 0 0 0 0 511 0 0 0 0 0 0 0 225 0 0 0 0 0 0 0 0 0 0 0 0 0 0 0 0 0 0 0 0 0 0 0 0 0 0 0 0 0 0 0 0 0 0 0 0 0 0 0 0 0 0 0 0 0 0 0 0 0 0 0 0 
0 5 0 0 19 568 0 0 6 0 6 0 0 0 0 0 41 0 0 37 0 0 1021 0 1100 947 0 0 702 0 2 53469 0 0 0 1369 26 0 0 0 0 0 0 7 42 0 0 3 0 0 0 0 8 0 0 0 0 0 0 0 11 0 0 8 0 0 591 0 436 0 16 0 0 0 706 0 220 0 18 0 0 0 0 0 0 0 0 0 0 0 0 1 0 0 0 329 0 0 0 0 0 0 0 1 0 2 0 0 0 0 0 0 0 0 0 2 0 0 1 0 0 0 0 0 0 3 0 0 0 
0 4 0 0 14 591 0 0 6 0 0 0 0 0 0 0 32 0 0 28 0 0 1327 0 1004 569 0 0 787 0 4 57788 0 0 0 1388 17 0 0 0 0 0 0 10 219 0 0 2 0 0 0 0 6 0 0 0 0 0 0 0 8 0 0 0 0 0 0 0 663 0 0 0 0 0 0 0 282 0 0 0 0 0 0 0 0 0 0 0 0 0 0 0 0 0 0 0 0 0 0 0 0 0 0 0 0 0 0 0 0 0 0 0 0 0 0 0 0 0 0 0 0 0 0 0 0 0 0 0 0 
23 2 62 26 8 404 248 63 0 0 2 5 20 210 47 122 21 174 52 0 184 4336 0 1193 751 280 4506 1153 462 72 0 43801 1673 995 189 1132 11 0 197 1 14 5 7 0 0 74 12 0 0 0 0 0 9 0 0 0 2 21 24 12 6 16 32 0 16 4701 241 91 404 49 6 3 16 178 241 185 235 17 6 0 26 0 0 0 0 0 22 0 0 0 0 0 2 0 122 162 6 14 38 1 1 0 0 1 0 0 7 3 2 0 0 0 0 1 1 2 14 0 0 0 0 0 0 0 0 0 4 6 0 
0 4 0 0 12 470 0 0 5 0 1 0 0 0 0 0 31 0 0 21 0 0 857 0 852 612 0 0 737 0 2 44150 0 0 0 1153 14 0 0 0 0 0 0 5 99 0 0 1 0 0 0 0 5 0 0 0 0 0 0 0 2 0 0 2 0 0 236 0 515 0 2 0 0 0 33 0 293 0 1 0 0 0 0 0 0 0 0 0 0 0 0 0 0 0 0 39 0 0 0 3 0 0 0 0 0 0 0 0 0 0 0 0 0 0 0 1 0 0 0 0 0 0 0 0 0 0 0 0 0 
0 4 0 0 10 443 0 0 3 0 3 0 0 0 0 0 25 0 0 9 0 0 445 0 869 607 0 0 996 0 0 45231 0 0 0 742 7 0 0 0 0 0 0 5 21 0 0 1 0 0 0 0 2 0 0 0 0 0 0 0 1 0 0 2 0 0 409 0 610 0 5 0 0 0 228 0 188 0 6 0 0 0 0 0 0 1 0 0 0 0 0 0 0 0 0 99 0 0 0 2 0 0 0 1 0 1 0 0 0 0 0 0 0 0 0 0 0 0 0 0 0 0 0 0 0 0 0 0 0 
0 3 0 0 8 383 0 0 1 0 2 0 0 0 0 0 23 0 0 5 0 0 268 0 719 494 0 0 682 0 0 40926 0 0 0 808 6 0 0 0 0 0 0 0 39 0 0 0 0 0 0 0 4 0 0 0 0 0 0 0 1 0 0 0 0 0 297 0 522 0 5 0 0 0 87 0 268 0 3 0 0 0 0 0 0 0 0 0 0 0 0 0 0 0 0 17 0 0 0 1 0 0 0 1 0 1 0 0 0 0 0 0 0 0 0 1 0 0 0 0 0 0 0 0 0 0 0 0 0 
0 7 0 0 16 627 0 0 10 0 12 0 0 0 0 0 40 0 0 35 0 0 1216 0 1299 765 0 0 886 0 6 50447 0 0 0 983 17 0 0 0 0 0 0 9 88 0 0 6 0 0 0 0 2 0 0 0 0 0 0 0 4 0 0 11 0 0 1350 0 483 0 15 0 0 0 603 0 210 0 20 0 0 0 0 0 0 8 0 0 0 0 0 1 0 0 0 247 0 0 0 10 0 0 0 2 0 7 0 0 0 0 0 0 0 0 0 0 0 0 0 0 0 0 0 0 0 7 0 0 0 
0 5 0 0 18 583 0 0 7 0 5 0 0 0 0 0 35 0 0 38 0 0 1179 0 1070 922 0 0 1159 0 3 53730 0 0 0 1574 19 0 0 0 0 0 0 10 118 0 0 3 0 0 0 0 12 0 0 0 0 0 0 0 7 0 0 8 0 0 664 0 508 0 12 0 0 0 429 0 292 0 11 0 0 0 0 0 0 2 0 0 0 0 0 1 0 0 0 202 0 0 0 7 0 0 0 5 0 3 0 0 0 0 0 0 0 0 0 4 0 0 0 0 0 0 0 0 0 0 0 0 0 
0 7 0 0 27 764 0 0 13 0 10 0 0 0 0 0 46 0 0 86 0 0 1823 0 1397 1202 0 0 791 0 10 60323 0 0 0 2035 33 0 0 0 0 0 0 16 168 0 0 7 0 0 0 0 11 0 0 0 0 0 0 0 22 0 0 15 0 0 1467 0 353 0 20 0 0 0 794 0 288 0 25 0 0 0 0 0 0 7 0 0 0 0 0 0 0 0 0 469 0 0 0 6 0 0 0 4 0 7 0 0 0 0 0 0 0 0 0 5 0 0 1 0 0 0 0 0 0 6 0 0 0 
0 4 0 0 14 663 0 0 4 0 3 0 0 0 0 0 31 0 0 20 0 0 889 0 1095 514 0 0 938 0 1 64785 0 0 0 1659 20 0 0 0 0 0 0 7 162 0 0 1 0 0 0 0 11 0 0 0 0 0 0 0 7 0 0 3 0 0 489 0 615 0 7 0 0 0 287 0 287 0 7 0 0 0 0 0 0 1 0 0 0 0 0 0 0 0 0 207 0 0 0 4 0 0 0 1 0 1 0 0 0 0 0 0 0 0 0 3 0 0 0 0 0 0 0 0 0 0 0 0 0 
0 7 0 0 23 618 0 0 18 0 3 0 0 0 0 0 56 0 0 88 0 0 2489 0 1126 1154 0 0 924 0 21 49061 0 0 0 1599 25 0 0 0 0 0 0 10 217 0 0 9 0 0 0 0 6 0 0 0 0 0 0 0 7 0 0 13 0 0 522 0 519 0 7 0 0 0 131 0 335 0 5 0 0 0 0 0 0 1 0 0 0 0 0 0 0 0 0 57 0 0 0 7 0 0 0 1 0 0 0 0 0 0 0 0 0 0 0 1 0 0 0 0 0 0 0 0 0 0 0 0 0 
0 6 0 0 17 548 0 0 6 0 10 0 0 0 0 0 42 0 0 34 0 0 659 0 1156 882 0 0 1022 0 1 47604 0 0 0 957 21 0 0 0 0 0 0 9 43 0 0 2 0 0 0 0 3 0 0 0 0 0 0 0 5 0 0 8 0 0 1228 0 509 0 17 0 0 0 425 0 225 0 17 0 0 0 0 0 0 5 0 0 0 0 0 1 0 0 0 211 0 0 0 9 0 0 0 2 0 3 0 0 0 0 0 0 0 0 0 0 0 0 0 0 0 0 0 0 0 6 0 0 0 
0 3 0 0 13 445 0 0 1 0 3 0 0 0 0 0 33 0 0 10 0 0 155 0 867 555 0 0 557 0 0 48574 0 0 0 1281 17 0 0 0 0 0 0 1 6 0 0 0 0 0 0 0 9 0 0 0 0 0 0 0 10 0 0 0 0 0 515 0 472 0 8 0 0 0 264 0 250 0 7 0 0 0 0 0 0 1 0 0 0 0 0 0 0 0 0 180 0 0 0 5 0 0 0 1 0 1 0 0 0 0 0 0 0 0 0 2 0 0 0 0 0 0 0 0 0 0 0 0 0 
0 5 0 0 10 561 0 0 7 0 3 0 0 0 0 0 32 0 0 17 0 0 1259 0 988 528 0 0 1056 0 3 54058 0 0 0 978 7 0 0 0 0 0 0 7 149 0 0 0 0 0 0 0 5 0 0 0 0 0 0 0 2 0 0 6 0 0 528 0 635 0 6 0 0 0 62 0 258 0 6 0 0 0 0 0 0 0 0 0 0 0 0 0 0 0 0 45 0 0 0 3 0 0 0 0 0 0 0 0 0 0 0 0 0 0 0 1 0 0 0 0 0 0 0 0 0 1 0 0 0 
0 5 0 0 12 583 0 0 7 0 3 0 0 0 0 0 27 0 0 25 0 0 1230 0 1075 678 0 0 1320 0 3 51295 0 0 0 1074 6 0 0 0 0 0 0 8 107 0 0 1 0 0 0 0 8 0 0 0 0 0 0 0 4 0 0 5 0 0 359 0 656 0 4 0 0 0 275 0 241 0 5 0 0 0 0 0 0 0 0 0 0 0 0 0 0 0 0 123 0 0 0 2 0 0 0 1 0 2 0 0 0 0 0 0 0 0 0 2 0 0 0 0 0 0 0 0 0 0 0 0 0 
0 4 0 0 17 376 0 0 5 0 1 0 0 0 0 0 40 0 0 31 0 0 714 0 714 1054 0 0 935 0 2 39558 0 0 0 980 25 0 0 0 0 0 0 7 49 0 0 5 0 0 0 0 3 0 0 0 0 0 0 0 9 0 0 2 0 0 254 0 515 0 3 0 0 0 12 0 290 0 1 0 0 0 0 0 0 0 0 0 0 0 0 0 0 0 0 22 0 0 0 2 0 0 0 0 0 0 0 0 0 0 0 0 0 0 0 0 0 0 0 0 0 0 0 0 0 0 0 0 0 
0 7 0 0 23 712 0 0 15 0 7 0 0 0 0 0 46 0 0 75 0 0 2100 0 1330 1047 0 0 1174 0 14 56045 0 0 0 1528 29 0 0 0 0 0 0 17 176 0 0 9 0 0 0 0 8 0 0 0 0 0 0 0 10 0 0 15 0 0 953 0 557 0 11 0 0 0 601 0 244 0 15 0 0 0 0 0 0 5 0 0 0 0 0 1 0 0 0 309 0 0 0 9 0 0 0 2 0 4 0 0 0 0 0 0 0 0 0 1 0 0 0 0 0 0 0 0 0 1 0 0 0 
39 4 238 120 10 422 724 108 4 2 2 17 33 383 522 269 23 541 240 19 286 7715 555 3380 759 566 10510 7566 696 109 1 40153 8561 9013 1762 602 9 101 360 2 101 45 35 4 20 306 70 0 17 217 76 45 2 4 2 2 2 84 79 34 3 31 45 2 37 5345 280 527 549 57 3 31 128 1297 209 872 182 30 2 45 59 1 0 0 2 0 30 4 0 1 0 0 4 4 169 88 43 21 15 2 4 9 79 0 18 1 9 8 12 1 0 0 1 10 4 0 17 2 0 0 0 0 0 0 0 0 0 4 0 
0 7 0 0 13 804 0 0 11 0 11 0 0 0 0 0 36 0 0 35 0 0 1856 0 1371 429 0 0 1103 0 4 66326 0 0 0 1113 9 0 0 0 0 0 0 3 249 0 0 2 0 0 0 0 3 0 0 0 0 0 0 0 1 0 0 17 0 0 1346 0 646 0 11 0 0 0 830 0 147 0 19 0 0 0 0 0 0 3 0 0 0 0 0 4 0 0 0 328 0 0 0 7 0 0 0 3 0 8 0 0 0 0 0 0 0 0 0 1 0 0 0 0 0 0 0 0 0 4 0 0 0 
0 4 0 0 8 616 0 0 4 0 2 0 0 0 0 0 19 0 0 10 0 0 895 0 1040 346 0 0 1227 0 0 60031 0 0 0 917 3 0 0 0 0 0 0 6 167 0 0 0 0 0 0 0 4 0 0 0 0 0 0 0 2 0 0 4 0 0 188 0 777 0 2 0 0 0 237 0 194 0 4 0 0 0 0 0 0 0 0 0 0 0 0 0 0 0 0 95 0 0 0 1 0 0 0 1 0 0 0 0 0 0 0 0 0 0 0 0 0 0 0 0 0 0 0 0 0 0 0 0 0 
0 3 0 0 13 393 0 0 2 0 1 0 0 0 0 0 39 0 0 13 0 0 383 0 745 687 0 0 529 0 0 41480 0 0 0 1114 17 0 0 0 0 0 0 4 25 0 0 1 0 0 0 0 4 0 0 0 0 0 0 0 7 0 0 1 0 0 236 0 484 0 2 0 0 0 33 0 289 0 1 0 0 0 0 0 0 0 0 0 0 0 0 0 0 0 0 39 0 0 0 3 0 0 0 0 0 0 0 0 0 0 0 0 0 0 0 1 0 0 0 0 0 0 0 0 0 0 0 0 0 
0 1 0 0 3 279 0 0 0 0 0 0 0 0 0 0 11 0 0 0 0 0 0 0 496 138 0 0 362 0 0 38286 0 0 0 610 2 0 0 0 0 0 0 0 0 0 0 0 0 0 0 0 2 0 0 0 0 0 0 0 1 0 0 0 0 0 0 0 496 0 0 0 0 0 0 0 224 0 0 0 0 0 0 0 0 0 0 0 0 0 0 0 0 0 0 0 0 0 0 0 0 0 0 0 0 0 0 0 0 0 0 0 0 0 0 0 0 0 0 0 0 0 0 0 0 0 0 0 0 
0 6 0 0 17 844 0 0 11 0 5 0 0 0 0 0 33 0 0 45 0 0 2158 0 1309 565 0 0 1137 0 8 72708 0 0 0 1950 17 0 0 0 0 0 0 15 343 0 0 4 0 0 0 0 11 0 0 0 0 0 0 0 8 0 0 11 0 0 839 0 598 0 12 0 0 0 391 0 325 0 9 0 0 0 0 0 0 2 0 0 0 0 0 0 0 0 0 278 0 0 0 3 0 0 0 4 0 1 0 0 0 0 0 0 0 0 0 4 0 0 0 0 0 0 0 0 0 2 0 0 0 
0 7 0 0 23 498 0 0 15 0 6 0 0 0 0 0 49 0 0 73 0 0 1786 0 871 1553 0 0 1190 0 12 42605 0 0 0 1148 25 0 0 0 0 0 0 15 134 0 0 11 0 0 0 0 7 0 0 0 0 0 0 0 12 0 0 16 0 0 682 0 553 0 12 0 0 0 154 0 334 0 11 0 0 0 0 0 0 1 0 0 0 0 0 2 0 0 0 41 0 0 0 5 0 0 0 1 0 4 0 0 0 0 0 0 0 0 0 2 0 0 0 0 0 0 0 0 0 0 0 0 0 
0 6 0 0 13 779 0 0 9 0 7 0 0 0 0 0 24 0 0 24 0 0 1835 0 1280 540 0 0 1477 0 2 66444 0 0 0 1170 10 0 0 0 0 0 0 13 247 0 0 4 0 0 0 0 7 0 0 0 0 0 0 0 5 0 0 14 0 0 731 0 750 0 10 0 0 0 679 0 171 0 13 0 0 0 0 0 0 2 0 0 0 0 0 3 0 0 0 260 0 0 0 3 0 0 0 4 0 3 0 0 0 0 0 0 0 0 0 1 0 0 0 0 0 0 0 0 0 0 0 0 0 
0 3 0 0 9 592 0 0 2 0 2 0 0 0 0 0 20 0 0 5 0 0 514 0 994 302 0 0 877 0 0 62480 0 0 0 1339 11 0 0 0 0 0 0 5 122 0 0 1 0 0 0 0 10 0 0 0 0 0 0 0 6 0 0 2 0 0 255 0 640 0 6 0 0 0 255 0 250 0 6 0 0 0 0 0 0 0 0 0 0 0 0 0 0 0 0 168 0 0 0 1 0 0 0 1 0 0 0 0 0 0 0 0 0 0 0 2 0 0 0 0 0 0 0 0 0 0 0 0 0 
0 6 0 0 18 464 0 0 9 0 6 0 0 0 0 0 41 0 0 43 0 0 1169 0 828 1304 0 0 1525 0 4 41716 0 0 0 1097 16 0 0 0 0 0 0 10 99 0 0 3 0 0 0 0 12 0 0 0 0 0 0 0 6 0 0 9 0 0 719 0 537 0 15 0 0 0 118 0 309 0 8 0 0 0 0 0 0 3 0 0 0 0 0 3 0 0 0 52 0 0 0 5 0 0 0 2 0 0 0 0 0 0 0 0 0 0 0 4 0 0 0 0 0 0 0 0 0 1 0 0 0 
0 7 0 0 20 833 0 0 11 0 13 0 0 0 0 0 42 0 0 55 0 0 1759 0 1475 706 0 0 923 0 4 65972 0 0 0 1752 25 0 0 0 0 0 0 11 181 0 0 2 0 0 0 0 6 0 0 0 0 0 0 0 7 0 0 20 0 0 1536 0 472 0 24 0 0 0 1157 0 170 0 22 0 0 0 0 0 0 5 0 0 0 0 0 3 0 0 0 543 0 0 0 7 0 0 0 6 0 10 0 0 0 0 0 0 0 0 0 5 0 0 1 0 0 0 0 0 0 8 0 0 0 
0 5 0 0 15 622 0 0 3 0 10 0 0 0 0 0 29 0 0 9 0 0 675 0 1175 807 0 0 687 0 0 55407 0 0 0 1251 14 0 0 0 0 0 0 5 64 0 0 2 0 0 0 0 6 0 0 0 0 0 0 0 6 0 0 3 0 0 861 0 433 0 23 0 0 0 1044 0 205 0 23 0 0 0 0 0 0 1 0 0 0 0 0 4 0 0 0 382 0 0 0 3 0 0 0 5 0 6 0 0 0 0 0 0 0 0 0 5 0 0 2 0 0 0 0 0 0 5 0 0 0 
0 5 0 0 12 415 0 0 7 0 3 0 0 0 0 0 36 0 0 27 0 0 642 0 784 816 0 0 765 0 4 40081 0 0 0 855 10 0 0 0 0 0 0 4 50 0 0 0 0 0 0 0 2 0 0 0 0 0 0 0 2 0 0 3 0 0 779 0 481 0 7 0 0 0 40 0 264 0 4 0 0 0 0 0 0 3 0 0 0 0 0 0 0 0 0 46 0 0 0 3 0 0 0 1 0 0 0 0 0 0 0 0 0 0 0 2 0 0 0 0 0 0 0 0 0 0 0 0 0 
0 4 0 0 16 436 0 0 2 0 5 0 0 0 0 0 42 0 0 17 0 0 224 0 913 782 0 0 630 0 0 43162 0 0 0 1084 22 0 0 0 0 0 0 0 16 0 0 1 0 0 0 0 4 0 0 0 0 0 0 0 6 0 0 1 0 0 795 0 440 0 14 0 0 0 293 0 242 0 11 0 0 0 0 0 0 2 0 0 0 0 0 0 0 0 0 165 0 0 0 8 0 0 0 1 0 2 0 0 0 0 0 0 0 0 0 1 0 0 0 0 0 0 0 0 0 1 0 0 0 
0 6 0 0 18 673 0 0 12 0 3 0 0 0 0 0 40 0 0 50 0 0 2101 0 1150 825 0 0 1091 0 10 58996 0 0 0 1481 19 0 0 0 0 0 0 12 262 0 0 3 0 0 0 0 8 0 0 0 0 0 0 0 8 0 0 8 0 0 552 0 639 0 5 0 0 0 78 0 310 0 5 0 0 0 0 0 0 1 0 0 0 0 0 1 0 0 0 46 0 0 0 8 0 0 0 0 0 0 0 0 0 0 0 0 0 0 0 2 0 0 0 0 0 0 0 0 0 0 0 0 0 
0 5 0 0 11 721 0 0 4 0 7 0 0 0 0 0 23 0 0 13 0 0 910 0 1160 358 0 0 1159 0 1 68580 0 0 0 1353 11 0 0 0 0 0 0 7 194 0 0 1 0 0 0 0 9 0 0 0 0 0 0 0 6 0 0 3 0 0 986 0 742 0 16 0 0 0 506 0 197 0 10 0 0 0 0 0 0 0 0 0 0 0 0 5 0 0 0 256 0 0 0 1 0 0 0 2 0 1 0 0 0 0 0 0 0 0 0 2 0 0 0 0 0 0 0 0 0 3 0 0 0 
0 2 0 0 4 447 0 0 1 0 0 0 0 0 0 0 13 0 0 3 0 0 283 0 773 157 0 0 718 0 0 52162 0 0 0 768 2 0 0 0 0 0 0 1 82 0 0 0 0 0 0 0 3 0 0 0 0 0 0 0 1 0 0 0 0 0 0 0 648 0 0 0 0 0 0 0 232 0 0 0 0 0 0 0 0 0 0 0 0 0 0 0 0 0 0 0 0 0 0 0 0 0 0 0 0 0 0 0 0 0 0 0 0 0 0 0 0 0 0 0 0 0 0 0 0 0 0 0 0 
169 1 357 159 3 19 14044 443 0 1 0 152 8 1114 206 398 6 764 336 0 1029 34491 0 58753 33 201 2926 53693 217 329 0 159 766181 5829 12475 40 0 0 790 2 14 77 466 0 0 7277 81 0 129 16 44 138 4 2 1 0 11 278 65 0 4 290 19 0 234 143 0 22760 13 21 0 86 154 5172 0 1239 12 345 0 0 207 0 1 0 0 0 2 48 0 1 0 0 66 0 26 0 1121 0 7 0 116 21 2 0 7 0 2 58 9 0 1 2 0 26 24 0 0 1 0 0 0 0 0 0 0 0 2 0 18 
0 1 0 0 1 168 0 0 0 0 0 0 0 0 0 0 3 0 0 0 0 0 0 0 443 19 0 0 357 0 0 13876 0 0 0 158 0 0 0 0 0 0 0 0 0 0 0 0 0 0 0 0 1 0 0 0 0 0 0 0 0 0 0 0 0 0 0 0 152 0 0 0 0 0 0 0 8 0 0 0 0 0 0 0 0 0 0 0 0 0 0 0 0 0 0 0 0 0 0 0 0 0 0 0 0 0 0 0 0 0 0 0 0 0 0 0 0 0 0 0 0 0 0 0 0 0 0 0 0 
0 3 0 0 11 346 0 0 3 0 0 0 0 0 0 0 23 0 0 15 0 0 569 0 722 611 0 0 1047 0 1 24903 0 0 0 1072 17 0 0 0 0 0 0 7 59 0 0 1 0 0 0 0 10 0 0 0 0 0 0 0 10 0 0 0 0 0 0 0 324 0 0 0 0 0 0 0 207 0 0 0 0 0 0 0 0 0 0 0 0 0 0 0 0 0 0 0 0 0 0 0 0 0 0 0 0 0 0 0 0 0 0 0 0 0 0 0 0 0 0 0 0 0 0 0 0 0 0 0 0 
0 2 0 0 8 315 0 0 1 0 0 0 0 0 0 0 16 0 0 4 0 0 233 0 670 419 0 0 771 0 0 24447 0 0 0 988 15 0 0 0 0 0 0 4 40 0 0 1 0 0 0 0 10 0 0 0 0 0 0 0 8 0 0 0 0 0 0 0 315 0 0 0 0 0 0 0 198 0 0 0 0 0 0 0 0 0 0 0 0 0 0 0 0 0 0 0 0 0 0 0 0 0 0 0 0 0 0 0 0 0 0 0 0 0 0 0 0 0 0 0 0 0 0 0 0 0 0 0 0 
0 5 0 0 16 340 0 0 8 0 2 0 0 0 0 0 35 0 0 30 0 0 921 0 801 1395 0 0 748 0 5 17915 0 0 0 714 15 0 0 0 0 0 0 6 70 0 0 8 0 0 0 0 4 0 0 0 0 0 0 0 8 0 0 4 0 0 173 0 179 0 2 0 0 0 78 0 142 0 6 0 0 0 0 0 0 0 0 0 0 0 0 0 0 0 0 21 0 0 0 1 0 0 0 1 0 1 0 0 0 0 0 0 0 0 0 2 0 0 0 0 0 0 0 0 0 0 0 0 0 
0 6 0 0 22 520 0 0 14 0 1 0 0 0 0 0 44 0 0 74 0 0 2095 0 1117 1496 0 0 981 0 16 26963 0 0 0 1288 20 0 0 0 0 0 0 14 182 0 0 7 0 0 0 0 10 0 0 0 0 0 0 0 21 0 0 4 0 0 84 0 264 0 3 0 0 0 37 0 276 0 6 0 0 0 0 0 0 0 0 0 0 0 0 0 0 0 0 5 0 0 0 0 0 0 0 0 0 0 0 0 0 0 0 0 0 0 0 1 0 0 0 0 0 0 0 0 0 0 0 0 0 
0 8 0 0 24 735 0 0 21 0 8 0 0 0 0 0 38 0 0 86 0 0 3118 0 1219 1693 0 0 1905 0 21 41490 0 0 0 1749 27 0 0 0 0 0 0 24 290 0 0 12 0 0 0 0 9 0 0 0 0 0 0 0 6 0 0 33 0 0 755 0 585 0 10 0 0 0 548 0 363 0 16 0 0 0 0 0 0 2 0 0 0 0 0 2 0 0 0 137 0 0 0 10 0 0 0 7 0 4 0 0 0 0 0 0 0 0 0 6 0 0 0 0 0 0 0 0 0 0 0 0 0 
0 1 0 0 1 168 0 0 0 0 0 0 0 0 0 0 3 0 0 0 0 0 0 0 443 19 0 0 357 0 0 13876 0 0 0 158 0 0 0 0 0 0 0 0 0 0 0 0 0 0 0 0 1 0 0 0 0 0 0 0 0 0 0 0 0 0 0 0 152 0 0 0 0 0 0 0 8 0 0 0 0 0 0 0 0 0 0 0 0 0 0 0 0 0 0 0 0 0 0 0 0 0 0 0 0 0 0 0 0 0 0 0 0 0 0 0 0 0 0 0 0 0 0 0 0 0 0 0 0 
0 3 0 0 11 307 0 0 2 0 1 0 0 0 0 0 32 0 0 13 0 0 313 0 778 669 0 0 713 0 0 19181 0 0 0 739 16 0 0 0 0 0 0 3 17 0 0 0 0 0 0 0 4 0 0 0 0 0 0 0 5 0 0 1 0 0 140 0 240 0 0 0 0 0 72 0 123 0 3 0 0 0 0 0 0 0 0 0 0 0 0 0 0 0 0 25 0 0 0 2 0 0 0 0 0 0 0 0 0 0 0 0 0 0 0 1 0 0 0 0 0 0 0 0 0 0 0 0 0 
0 5 0 0 16 420 0 0 10 0 0 0 0 0 0 0 29 0 0 41 0 0 1420 0 873 1317 0 0 1084 0 10 22366 0 0 0 950 17 0 0 0 0 0 0 12 126 0 0 7 0 0 0 0 9 0 0 0 0 0 0 0 12 0 0 0 0 0 0 0 254 0 0 0 0 0 0 0 204 0 0 0 0 0 0 0 0 0 0 0 0 0 0 0 0 0 0 0 0 0 0 0 0 0 0 0 0 0 0 0 0 0 0 0 0 0 0 0 0 0 0 0 0 0 0 0 0 0 0 0 0 
0 4 0 0 11 363 0 0 4 0 2 0 0 0 0 0 26 0 0 17 0 0 672 0 843 600 0 0 1117 0 1 21906 0 0 0 634 10 0 0 0 0 0 0 4 67 0 0 0 0 0 0 0 4 0 0 0 0 0 0 0 4 0 0 2 0 0 182 0 357 0 4 0 0 0 59 0 82 0 7 0 0 0 0 0 0 0 0 0 0 0 0 0 0 0 0 19 0 0 0 1 0 0 0 0 0 1 0 0 0 0 0 0 0 0 0 0 0 0 0 0 0 0 0 0 0 0 0 0 0 
0 4 0 0 19 411 0 0 5 0 2 0 0 0 0 0 31 0 0 31 0 0 849 0 815 1252 0 0 1053 0 2 26632 0 0 0 1313 30 0 0 0 0 0 0 11 88 0 0 5 0 0 0 0 10 0 0 0 0 0 0 0 21 0 0 4 0 0 175 0 329 0 6 0 0 0 175 0 275 0 6 0 0 0 0 0 0 0 0 0 0 0 0 0 0 0 0 24 0 0 0 4 0 0 0 4 0 0 0 0 0 0 0 0 0 0 0 2 0 0 0 0 0 0 0 0 0 0 0 0 0 
0 4 0 0 14 394 0 0 3 0 3 0 0 0 0 0 31 0 0 19 0 0 476 0 860 1015 0 0 928 0 0 25855 0 0 0 1079 16 0 0 0 0 0 0 4 46 0 0 2 0 0 0 0 10 0 0 0 0 0 0 0 10 0 0 2 0 0 335 0 306 0 3 0 0 0 180 0 231 0 9 0 0 0 0 0 0 1 0 0 0 0 0 0 0 0 0 46 0 0 0 3 0 0 0 2 0 1 0 0 0 0 0 0 0 0 0 1 0 0 0 0 0 0 0 0 0 0 0 0 0 
0 5 0 0 12 487 0 0 7 0 4 0 0 0 0 0 26 0 0 25 0 0 1113 0 1053 934 0 0 1336 0 2 27859 0 0 0 831 13 0 0 0 0 0 0 6 114 0 0 3 0 0 0 0 5 0 0 0 0 0 0 0 1 0 0 9 0 0 363 0 410 0 4 0 0 0 250 0 182 0 6 0 0 0 0 0 0 1 0 0 0 0 0 0 0 0 0 69 0 0 0 5 0 0 0 1 0 1 0 0 0 0 0 0 0 0 0 1 0 0 0 0 0 0 0 0 0 0 0 0 0 
0 2 0 0 5 208 0 0 1 0 0 0 0 0 0 0 13 0 0 5 0 0 188 0 522 469 0 0 622 0 0 14630 0 0 0 279 4 0 0 0 0 0 0 0 10 0 0 0 0 0 0 0 4 0 0 0 0 0 0 0 2 0 0 0 0 0 0 0 178 0 0 0 0 0 0 0 44 0 0 0 0 0 0 0 0 0 0 0 0 0 0 0 0 0 0 0 0 0 0 0 0 0 0 0 0 0 0 0 0 0 0 0 0 0 0 0 0 0 0 0 0 0 0 0 0 0 0 0 0 
0 2 0 0 8 315 0 0 1 0 0 0 0 0 0 0 16 0 0 4 0 0 233 0 670 419 0 0 771 0 0 24447 0 0 0 988 15 0 0 0 0 0 0 4 40 0 0 1 0 0 0 0 10 0 0 0 0 0 0 0 8 0 0 0 0 0 0 0 315 0 0 0 0 0 0 0 198 0 0 0 0 0 0 0 0 0 0 0 0 0 0 0 0 0 0 0 0 0 0 0 0 0 0 0 0 0 0 0 0 0 0 0 0 0 0 0 0 0 0 0 0 0 0 0 0 0 0 0 0 
34 3 237 88 7 210 539 105 3 2 0 22 13 347 437 172 20 628 215 12 303 8698 394 2670 442 605 5554 6471 458 92 1 13290 5344 6783 1213 266 4 75 623 0 86 40 27 0 13 327 31 1 39 37 124 54 2 6 6 4 1 15 72 0 2 53 20 0 70 1421 0 576 130 20 0 46 49 1218 0 341 42 51 0 24 52 0 0 0 0 0 6 6 0 1 0 0 4 1 37 0 56 0 28 0 2 8 12 0 4 0 3 4 6 0 0 0 0 4 6 0 0 0 0 0 0 0 0 0 0 0 1 0 0 
21 6 35 102 15 361 207 59 13 0 2 3 23 212 153 222 36 76 220 55 175 5721 1379 985 868 925 5562 587 1276 43 13 16547 1276 583 816 652 11 176 75 1 21 37 8 6 76 87 44 5 0 0 0 0 13 0 0 0 2 0 0 27 7 3 42 6 32 1908 176 51 226 46 3 12 12 103 69 364 91 7 4 85 28 0 0 0 0 0 11 0 0 0 0 0 2 7 45 13 3 9 0 0 0 0 0 0 0 1 7 2 3 0 0 0 0 0 0 0 5 0 0 0 0 0 0 0 0 0 0 1 0 
0 1 0 0 1 168 0 0 0 0 0 0 0 0 0 0 3 0 0 0 0 0 0 0 443 19 0 0 357 0 0 13876 0 0 0 158 0 0 0 0 0 0 0 0 0 0 0 0 0 0 0 0 1 0 0 0 0 0 0 0 0 0 0 0 0 0 0 0 152 0 0 0 0 0 0 0 8 0 0 0 0 0 0 0 0 0 0 0 0 0 0 0 0 0 0 0 0 0 0 0 0 0 0 0 0 0 0 0 0 0 0 0 0 0 0 0 0 0 0 0 0 0 0 0 0 0 0 0 0 
0 6 0 0 19 567 0 0 12 0 3 0 0 0 0 0 40 0 0 61 0 0 1772 0 1184 1122 0 0 1264 0 9 31838 0 0 0 1296 21 0 0 0 0 0 0 12 207 0 0 4 0 0 0 0 6 0 0 0 0 0 0 0 7 0 0 10 0 0 387 0 411 0 3 0 0 0 132 0 211 0 6 0 0 0 0 0 0 1 0 0 0 0 0 0 0 0 0 57 0 0 0 6 0 0 0 0 0 0 0 0 0 0 0 0 0 0 0 1 0 0 0 0 0 0 0 0 0 0 0 0 0 
0 4 0 0 16 448 0 0 6 0 0 0 0 0 0 0 34 0 0 37 0 0 1090 0 952 941 0 0 1014 0 4 29593 0 0 0 1455 24 0 0 0 0 0 0 9 124 0 0 3 0 0 0 0 13 0 0 0 0 0 0 0 11 0 0 0 0 0 0 0 337 0 0 0 0 0 0 0 259 0 0 0 0 0 0 0 0 0 0 0 0 0 0 0 0 0 0 0 0 0 0 0 0 0 0 0 0 0 0 0 0 0 0 0 0 0 0 0 0 0 0 0 0 0 0 0 0 0 0 0 0 
0 4 0 0 8 294 0 0 2 0 4 0 0 0 0 0 23 0 0 9 0 0 138 0 770 564 0 0 771 0 0 16506 0 0 0 399 3 0 0 0 0 0 0 0 12 0 0 0 0 0 0 0 5 0 0 0 0 0 0 0 2 0 0 1 0 0 519 0 169 0 4 0 0 0 116 0 50 0 9 0 0 0 0 0 0 2 0 0 0 0 0 0 0 0 0 42 0 0 0 1 0 0 0 1 0 0 0 0 0 0 0 0 0 0 0 0 0 0 0 0 0 0 0 0 0 1 0 0 0 
69 3 170 176 8 231 2317 198 3 2 0 29 31 684 314 436 16 383 375 11 491 18507 400 10507 493 687 12101 10551 618 180 1 12173 50549 2575 5129 277 9 151 389 1 51 83 86 4 30 1357 92 1 13 188 37 105 4 2 2 2 4 81 117 0 3 63 48 0 134 3659 0 1749 137 20 0 67 54 797 0 1562 61 72 0 50 115 0 3 2 0 0 12 4 1 1 0 0 22 6 260 0 80 0 25 0 10 5 8 0 25 0 12 4 4 2 2 2 0 7 10 0 0 1 0 0 0 0 0 0 0 0 6 0 2 
0 6 0 0 20 374 0 0 11 0 4 0 0 0 0 0 48 0 0 56 0 0 1147 0 875 1242 0 0 1468 0 6 18012 0 0 0 796 20 0 0 0 0 0 0 9 72 0 0 8 0 0 0 0 10 0 0 0 0 0 0 0 13 0 0 12 0 0 391 0 243 0 8 0 0 0 123 0 123 0 14 0 0 0 0 0 0 1 0 0 0 0 0 0 0 0 0 30 0 0 0 2 0 0 0 0 0 1 0 0 0 0 0 0 0 0 0 0 0 0 0 0 0 0 0 0 0 0 0 0 0 
0 4 0 0 12 369 0 0 4 0 2 0 0 0 0 0 30 0 0 20 0 0 557 0 938 749 0 0 812 0 1 21157 0 0 0 784 14 0 0 0 0 0 0 3 41 0 0 2 0 0 0 0 4 0 0 0 0 0 0 0 2 0 0 2 0 0 291 0 240 0 1 0 0 0 95 0 180 0 5 0 0 0 0 0 0 1 0 0 0 0 0 0 0 0 0 38 0 0 0 3 0 0 0 0 0 0 0 0 0 0 0 0 0 0 0 1 0 0 0 0 0 0 0 0 0 0 0 0 0 
0 2 0 0 5 194 0 0 0 0 1 0 0 0 0 0 16 0 0 0 0 0 0 0 494 465 0 0 338 0 0 14070 0 0 0 237 5 0 0 0 0 0 0 0 0 0 0 0 0 0 0 0 1 0 0 0 0 0 0 0 1 0 0 0 0 0 158 0 142 0 1 0 0 0 19 0 36 0 3 0 0 0 0 0 0 0 0 0 0 0 0 0 0 0 0 8 0 0 0 1 0 0 0 0 0 0 0 0 0 0 0 0 0 0 0 0 0 0 0 0 0 0 0 0 0 0 0 0 0 
0 6 0 0 20 320 0 0 12 0 3 0 0 0 0 0 50 0 0 62 0 0 1053 0 876 941 0 0 539 0 10 16206 0 0 0 705 25 0 0 0 0 0 0 9 48 0 0 8 0 0 0 0 4 0 0 0 0 0 0 0 7 0 0 8 0 0 343 0 151 0 4 0 0 0 55 0 64 0 9 0 0 0 0 0 0 1 0 0 0 0 0 1 0 0 0 21 0 0 0 2 0 0 0 0 0 0 0 0 0 0 0 0 0 0 0 0 0 0 0 0 0 0 0 0 0 0 0 0 0 
0 3 0 0 5 355 0 0 2 0 1 0 0 0 0 0 12 0 0 6 0 0 403 0 811 344 0 0 990 0 0 22892 0 0 0 456 2 0 0 0 0 0 0 0 60 0 0 0 0 0 0 0 3 0 0 0 0 0 0 0 0 0 0 1 0 0 88 0 337 0 2 0 0 0 42 0 80 0 0 0 0 0 0 0 0 0 0 0 0 0 0 0 0 0 0 28 0 0 0 2 0 0 0 0 0 0 0 0 0 0 0 0 0 0 0 0 0 0 0 0 0 0 0 0 0 0 0 0 0 
0 5 0 0 12 369 0 0 6 0 5 0 0 0 0 0 32 0 0 24 0 0 842 0 870 1031 0 0 1015 0 1 19592 0 0 0 612 7 0 0 0 0 0 0 5 51 0 0 1 0 0 0 0 8 0 0 0 0 0 0 0 8 0 0 8 0 0 392 0 228 0 9 0 0 0 203 0 130 0 8 0 0 0 0 0 0 1 0 0 0 0 0 1 0 0 0 31 0 0 0 1 0 0 0 2 0 2 0 0 0 0 0 0 0 0 0 3 0 0 0 0 0 0 0 0 0 0 0 0 0 
0 3 0 0 14 387 0 0 3 0 0 0 0 0 0 0 28 0 0 20 0 0 609 0 772 865 0 0 864 0 1 26986 0 0 0 1341 25 0 0 0 0 0 0 7 80 0 0 2 0 0 0 0 11 0 0 0 0 0 0 0 13 0 0 0 0 0 0 0 333 0 0 0 0 0 0 0 276 0 0 0 0 0 0 0 0 0 0 0 0 0 0 0 0 0 0 0 0 0 0 0 0 0 0 0 0 0 0 0 0 0 0 0 0 0 0 0 0 0 0 0 0 0 0 0 0 0 0 0 0 
28 5 546 106 9 502 347 75 5 7 6 32 25 1183 1077 146 20 1071 203 14 155 7302 915 1403 985 689 9824 10317 972 66 0 28918 2603 30901 1023 702 7 72 936 4 225 36 69 2 96 205 55 0 118 478 596 117 0 11 12 8 0 449 364 107 1 57 48 7 20 2993 544 562 262 35 10 69 305 3584 377 461 192 59 9 48 268 4 4 4 5 1 21 5 1 4 2 1 20 3 69 83 101 25 94 3 25 31 120 3 22 2 10 24 8 3 3 5 3 127 18 1 15 4 1 1 1 1 1 3 3 1 4 2 5 
0 5 0 0 16 360 0 0 7 0 3 0 0 0 0 0 49 0 0 35 0 0 915 0 897 867 0 0 955 0 2 18643 0 0 0 713 17 0 0 0 0 0 0 7 52 0 0 2 0 0 0 0 4 0 0 0 0 0 0 0 10 0 0 7 0 0 238 0 208 0 6 0 0 0 103 0 85 0 10 0 0 0 0 0 0 1 0 0 0 0 0 0 0 0 0 36 0 0 0 2 0 0 0 1 0 0 0 0 0 0 0 0 0 0 0 0 0 0 0 0 0 0 0 0 0 0 0 0 0 
0 4 0 0 16 426 0 0 5 0 1 0 0 0 0 0 28 0 0 23 0 0 814 0 911 1175 0 0 950 0 2 24784 0 0 0 1179 23 0 0 0 0 0 0 12 95 0 0 6 0 0 0 0 9 0 0 0 0 0 0 0 10 0 0 2 0 0 140 0 297 0 0 0 0 0 72 0 257 0 3 0 0 0 0 0 0 0 0 0 0 0 0 0 0 0 0 25 0 0 0 2 0 0 0 0 0 0 0 0 0 0 0 0 0 0 0 1 0 0 0 0 0 0 0 0 0 0 0 0 0 
0 4 0 0 13 271 0 0 3 0 4 0 0 0 0 0 30 0 0 15 0 0 417 0 685 867 0 0 584 0 0 15675 0 0 0 522 14 0 0 0 0 0 0 2 34 0 0 1 0 0 0 0 3 0 0 0 0 0 0 0 5 0 0 2 0 0 243 0 163 0 9 0 0 0 110 0 68 0 12 0 0 0 0 0 0 1 0 0 0 0 0 1 0 0 0 12 0 0 0 3 0 0 0 1 0 2 0 0 0 0 0 0 0 0 0 2 0 0 0 0 0 0 0 0 0 0 0 0 0 
0 3 0 0 10 265 0 0 1 0 2 0 0 0 0 0 24 0 0 5 0 0 192 0 631 849 0 0 412 0 0 16546 0 0 0 566 13 0 0 0 0 0 0 2 22 0 0 0 0 0 0 0 2 0 0 0 0 0 0 0 5 0 0 0 0 0 222 0 152 0 6 0 0 0 39 0 105 0 4 0 0 0 0 0 0 0 0 0 0 0 0 1 0 0 0 15 0 0 0 1 0 0 0 0 0 0 0 0 0 0 0 0 0 0 0 1 0 0 0 0 0 0 0 0 0 0 0 0 0 
0 5 0 0 17 424 0 0 10 0 0 0 0 0 0 0 38 0 0 52 0 0 1459 0 998 1240 0 0 745 0 10 23682 0 0 0 1074 18 0 0 0 0 0 0 10 115 0 0 4 0 0 0 0 9 0 0 0 0 0 0 0 14 0 0 0 0 0 0 0 224 0 0 0 0 0 0 0 162 0 0 0 0 0 0 0 0 0 0 0 0 0 0 0 0 0 0 0 0 0 0 0 0 0 0 0 0 0 0 0 0 0 0 0 0 0 0 0 0 0 0 0 0 0 0 0 0 0 0 0 0 
0 5 0 0 17 450 0 0 8 0 2 0 0 0 0 0 38 0 0 42 0 0 1164 0 1039 762 0 0 945 0 4 26170 0 0 0 1042 16 0 0 0 0 0 0 9 136 0 0 2 0 0 0 0 5 0 0 0 0 0 0 0 11 0 0 6 0 0 270 0 350 0 2 0 0 0 60 0 86 0 7 0 0 0 0 0 0 0 0 0 0 0 0 0 0 0 0 11 0 0 0 3 0 0 0 0 0 0 0 0 0 0 0 0 0 0 0 1 0 0 0 0 0 0 0 0 0 0 0 0 0 
0 4 0 0 11 332 0 0 4 0 2 0 0 0 0 0 24 0 0 18 0 0 584 0 814 870 0 0 908 0 0 18968 0 0 0 615 8 0 0 0 0 0 0 4 39 0 0 1 0 0 0 0 9 0 0 0 0 0 0 0 6 0 0 4 0 0 238 0 220 0 4 0 0 0 59 0 127 0 4 0 0 0 0 0 0 0 0 0 0 0 0 0 0 0 0 17 0 0 0 1 0 0 0 0 0 0 0 0 0 0 0 0 0 0 0 1 0 0 0 0 0 0 0 0 0 0 0 0 0 
0 5 0 0 18 377 0 0 7 0 3 0 0 0 0 0 46 0 0 38 0 0 893 0 917 1566 0 0 490 0 3 21053 0 0 0 926 19 0 0 0 0 0 0 3 68 0 0 6 0 0 0 0 3 0 0 0 0 0 0 0 10 0 0 5 0 0 336 0 162 0 3 0 0 0 92 0 153 0 10 0 0 0 0 0 0 1 0 0 0 0 0 0 0 0 0 23 0 0 0 1 0 0 0 1 0 1 0 0 0 0 0 0 0 0 0 2 0 0 0 0 0 0 0 0 0 0 0 0 0 
0 3 0 0 5 322 0 0 2 0 2 0 0 0 0 0 12 0 0 5 0 0 388 0 735 373 0 0 993 0 0 21133 0 0 0 349 2 0 0 0 0 0 0 1 51 0 0 0 0 0 0 0 2 0 0 0 0 0 0 0 1 0 0 2 0 0 137 0 348 0 3 0 0 0 137 0 44 0 3 0 0 0 0 0 0 0 0 0 0 0 0 0 0 0 0 16 0 0 0 1 0 0 0 1 0 0 0 0 0 0 0 0 0 0 0 0 0 0 0 0 0 0 0 0 0 0 0 0 0 
0 5 0 0 18 381 0 0 10 0 0 0 0 0 0 0 37 0 0 47 0 0 1314 0 834 1513 0 0 710 0 10 20204 0 0 0 932 21 0 0 0 0 0 0 12 100 0 0 7 0 0 0 0 5 0 0 0 0 0 0 0 15 0 0 0 0 0 0 0 203 0 0 0 0 0 0 0 208 0 0 0 0 0 0 0 0 0 0 0 0 0 0 0 0 0 0 0 0 0 0 0 0 0 0 0 0 0 0 0 0 0 0 0 0 0 0 0 0 0 0 0 0 0 0 0 0 0 0 0 0 
0 5 0 0 13 356 0 0 7 0 3 0 0 0 0 0 27 0 0 28 0 0 855 0 812 798 0 0 1239 0 3 21116 0 0 0 548 11 0 0 0 0 0 0 9 63 0 0 2 0 0 0 0 5 0 0 0 0 0 0 0 5 0 0 6 0 0 349 0 359 0 4 0 0 0 58 0 71 0 9 0 0 0 0 0 0 0 0 0 0 0 0 0 0 0 0 14 0 0 0 1 0 0 0 0 0 0 0 0 0 0 0 0 0 0 0 0 0 0 0 0 0 0 0 0 0 1 0 0 0 
0 3 0 0 12 336 0 0 2 0 1 0 0 0 0 0 28 0 0 12 0 0 331 0 806 774 0 0 701 0 0 20830 0 0 0 907 20 0 0 0 0 0 0 3 37 0 0 2 0 0 0 0 4 0 0 0 0 0 0 0 5 0 0 1 0 0 140 0 245 0 0 0 0 0 72 0 173 0 3 0 0 0 0 0 0 0 0 0 0 0 0 0 0 0 0 25 0 0 0 2 0 0 0 0 0 0 0 0 0 0 0 0 0 0 0 1 0 0 0 0 0 0 0 0 0 0 0 0 0 
0 3 0 0 11 404 0 0 2 0 1 0 0 0 0 0 20 0 0 6 0 0 446 0 851 703 0 0 960 0 0 28279 0 0 0 1191 18 0 0 0 0 0 0 6 62 0 0 2 0 0 0 0 9 0 0 0 0 0 0 0 8 0 0 1 0 0 123 0 341 0 3 0 0 0 67 0 257 0 0 0 0 0 0 0 0 0 0 0 0 0 0 0 0 0 0 22 0 0 0 3 0 0 0 3 0 0 0 0 0 0 0 0 0 0 0 2 0 0 0 0 0 0 0 0 0 0 0 0 0 
0 8 0 0 26 507 0 0 20 0 8 0 0 0 0 0 56 0 0 115 0 0 2094 0 1165 1908 0 0 1247 0 18 23168 0 0 0 1109 25 0 0 0 0 0 0 11 146 0 0 8 0 0 0 0 11 0 0 0 0 0 0 0 17 0 0 29 0 0 643 0 206 0 19 0 0 0 395 0 155 0 13 0 0 0 0 0 0 4 0 0 0 0 0 3 0 0 0 56 0 0 0 5 0 0 0 2 0 1 0 0 0 0 0 0 0 0 0 3 0 0 0 0 0 0 0 0 0 1 0 0 0 
0 5 0 0 16 437 0 0 9 0 1 0 0 0 0 0 30 0 0 38 0 0 1357 0 902 1198 0 0 1228 0 7 23104 0 0 0 1026 18 0 0 0 0 0 0 12 119 0 0 5 0 0 0 0 8 0 0 0 0 0 0 0 12 0 0 3 0 0 76 0 264 0 1 0 0 0 42 0 196 0 2 0 0 0 0 0 0 0 0 0 0 0 0 0 0 0 0 13 0 0 0 1 0 0 0 3 0 0 0 0 0 0 0 0 0 0 0 2 0 0 0 0 0 0 0 0 0 0 0 0 0 
0 3 0 0 10 292 0 0 2 0 1 0 0 0 0 0 25 0 0 12 0 0 300 0 715 628 0 0 634 0 0 17620 0 0 0 652 12 0 0 0 0 0 0 2 31 0 0 1 0 0 0 0 4 0 0 0 0 0 0 0 6 0 0 1 0 0 145 0 176 0 1 0 0 0 32 0 102 0 2 0 0 0 0 0 0 0 0 0 0 0 0 0 0 0 0 21 0 0 0 1 0 0 0 0 0 0 0 0 0 0 0 0 0 0 0 0 0 0 0 0 0 0 0 0 0 0 0 0 0 
0 4 0 0 12 294 0 0 4 0 2 0 0 0 0 0 29 0 0 18 0 0 420 0 749 753 0 0 762 0 1 16765 0 0 0 490 14 0 0 0 0 0 0 6 19 0 0 2 0 0 0 0 4 0 0 0 0 0 0 0 3 0 0 2 0 0 302 0 178 0 1 0 0 0 59 0 67 0 6 0 0 0 0 0 0 1 0 0 0 0 0 0 0 0 0 29 0 0 0 1 0 0 0 1 0 0 0 0 0 0 0 0 0 0 0 0 0 0 0 0 0 0 0 0 0 0 0 0 0 
0 5 0 0 22 487 0 0 8 0 2 0 0 0 0 0 46 0 0 58 0 0 1252 0 963 1298 0 0 981 0 5 29322 0 0 0 1621 33 0 0 0 0 0 0 11 135 0 0 5 0 0 0 0 11 0 0 0 0 0 0 0 18 0 0 4 0 0 181 0 332 0 2 0 0 0 161 0 297 0 6 0 0 0 0 0 0 0 0 0 0 0 0 0 0 0 0 36 0 0 0 2 0 0 0 2 0 1 0 0 0 0 0 0 0 0 0 1 0 0 0 0 0 0 0 0 0 0 0 0 0 
0 5 0 0 12 438 0 0 7 0 4 0 0 0 0 0 21 0 0 26 0 0 982 0 986 832 0 0 1448 0 3 25545 0 0 0 633 6 0 0 0 0 0 0 8 122 0 0 1 0 0 0 0 8 0 0 0 0 0 0 0 8 0 0 7 0 0 361 0 373 0 6 0 0 0 290 0 81 0 9 0 0 0 0 0 0 1 0 0 0 0 0 0 0 0 0 29 0 0 0 1 0 0 0 1 0 2 0 0 0 0 0 0 0 0 0 0 0 0 0 0 0 0 0 0 0 0 0 0 0 
0 3 0 0 11 278 0 0 3 0 0 0 0 0 0 0 24 0 0 13 0 0 461 0 639 883 0 0 687 0 1 17101 0 0 0 627 14 0 0 0 0 0 0 4 46 0 0 3 0 0 0 0 4 0 0 0 0 0 0 0 7 0 0 0 0 0 0 0 187 0 0 0 0 0 0 0 119 0 0 0 0 0 0 0 0 0 0 0 0 0 0 0 0 0 0 0 0 0 0 0 0 0 0 0 0 0 0 0 0 0 0 0 0 0 0 0 0 0 0 0 0 0 0 0 0 0 0 0 0 
0 6 0 0 26 436 0 0 12 0 3 0 0 0 0 0 45 0 0 64 0 0 1386 0 972 2125 0 0 1016 0 9 23279 0 0 0 1205 28 0 0 0 0 0 0 19 98 0 0 17 0 0 0 0 10 0 0 0 0 0 0 0 29 0 0 10 0 0 383 0 272 0 4 0 0 0 127 0 276 0 12 0 0 0 0 0 0 1 0 0 0 0 0 0 0 0 0 34 0 0 0 4 0 0 0 0 0 0 0 0 0 0 0 0 0 0 0 2 0 0 0 0 0 0 0 0 0 0 0 0 0 
0 3 0 0 4 287 0 0 2 0 1 0 0 0 0 0 14 0 0 4 0 0 312 0 790 138 0 0 627 0 0 17292 0 0 0 337 1 0 0 0 0 0 0 1 13 0 0 0 0 0 0 0 1 0 0 0 0 0 0 0 0 0 0 1 0 0 145 0 173 0 0 0 0 0 46 0 17 0 2 0 0 0 0 0 0 0 0 0 0 0 0 0 0 0 0 22 0 0 0 0 0 0 0 1 0 0 0 0 0 0 0 0 0 0 0 0 0 0 0 0 0 0 0 0 0 0 0 0 0 
54 4 215 177 10 308 1402 154 4 2 2 29 38 453 438 360 14 426 345 13 348 14917 509 5845 588 703 12267 8014 811 134 0 15324 23510 11793 3878 535 7 142 692 5 73 106 66 5 53 1057 72 3 0 100 226 63 2 2 5 4 1 97 184 74 2 50 79 4 75 4091 210 1087 147 58 2 54 162 3129 64 1434 93 85 5 68 163 0 1 4 2 0 18 0 0 2 0 0 31 4 260 17 191 25 31 1 9 30 33 2 9 0 12 25 16 0 3 2 0 32 21 1 4 2 0 0 0 0 1 1 0 0 8 4 7 
0 4 0 0 13 350 0 0 3 0 3 0 0 0 0 0 31 0 0 19 0 0 322 0 895 916 0 0 738 0 1 20428 0 0 0 753 15 0 0 0 0 0 0 2 23 0 0 2 0 0 0 0 3 0 0 0 0 0 0 0 6 0 0 0 0 0 441 0 227 0 1 0 0 0 133 0 131 0 10 0 0 0 0 0 0 3 0 0 0 0 0 0 0 0 0 52 0 0 0 2 0 0 0 1 0 0 0 0 0 0 0 0 0 0 0 1 0 0 0 0 0 0 0 0 0 0 0 0 0 
0 4 0 0 19 285 0 0 5 0 1 0 0 0 0 0 35 0 0 36 0 0 597 0 673 1527 0 0 824 0 2 16263 0 0 0 733 25 0 0 0 0 0 0 5 34 0 0 6 0 0 0 0 9 0 0 0 0 0 0 0 25 0 0 2 0 0 162 0 190 0 1 0 0 0 15 0 141 0 5 0 0 0 0 0 0 0 0 0 0 0 0 0 0 0 0 5 0 0 0 0 0 0 0 0 0 0 0 0 0 0 0 0 0 0 0 0 0 0 0 0 0 0 0 0 0 0 0 0 0 
0 4 0 0 19 285 0 0 5 0 1 0 0 0 0 0 35 0 0 36 0 0 597 0 673 1527 0 0 824 0 2 16263 0 0 0 733 25 0 0 0 0 0 0 5 34 0 0 6 0 0 0 0 9 0 0 0 0 0 0 0 25 0 0 2 0 0 162 0 190 0 1 0 0 0 15 0 141 0 5 0 0 0 0 0 0 0 0 0 0 0 0 0 0 0 0 5 0 0 0 0 0 0 0 0 0 0 0 0 0 0 0 0 0 0 0 0 0 0 0 0 0 0 0 0 0 0 0 0 0 
0 2 0 0 4 199 0 0 1 0 0 0 0 0 0 0 13 0 0 4 0 0 179 0 515 211 0 0 636 0 0 14332 0 0 0 242 2 0 0 0 0 0 0 0 10 0 0 0 0 0 0 0 1 0 0 0 0 0 0 0 2 0 0 0 0 0 0 0 161 0 0 0 0 0 0 0 17 0 0 0 0 0 0 0 0 0 0 0 0 0 0 0 0 0 0 0 0 0 0 0 0 0 0 0 0 0 0 0 0 0 0 0 0 0 0 0 0 0 0 0 0 0 0 0 0 0 0 0 0 
0 5 0 0 17 380 0 0 8 0 2 0 0 0 0 0 50 0 0 50 0 0 1020 0 954 946 0 0 787 0 5 20432 0 0 0 865 20 0 0 0 0 0 0 8 83 0 0 1 0 0 0 0 5 0 0 0 0 0 0 0 10 0 0 4 0 0 186 0 196 0 2 0 0 0 113 0 117 0 5 0 0 0 0 0 0 0 0 0 0 0 0 0 0 0 0 13 0 0 0 0 0 0 0 1 0 1 0 0 0 0 0 0 0 0 0 0 0 0 0 0 0 0 0 0 0 0 0 0 0 
0 4 0 0 7 322 0 0 3 0 3 0 0 0 0 0 24 0 0 9 0 0 376 0 828 207 0 0 869 0 0 17805 0 0 0 443 3 0 0 0 0 0 0 2 34 0 0 0 0 0 0 0 4 0 0 0 0 0 0 0 0 0 0 2 0 0 328 0 205 0 3 0 0 0 120 0 32 0 6 0 0 0 0 0 0 1 0 0 0 0 0 0 0 0 0 36 0 0 0 0 0 0 0 1 0 1 0 0 0 0 0 0 0 0 0 0 0 0 0 0 0 0 0 0 0 0 0 0 0 
0 4 0 0 14 528 0 0 6 0 0 0 0 0 0 0 25 0 0 30 0 0 1166 0 973 590 0 0 1310 0 4 35613 0 0 0 1552 21 0 0 0 0 0 0 11 206 0 0 2 0 0 0 0 12 0 0 0 0 0 0 0 9 0 0 0 0 0 0 0 518 0 0 0 0 0 0 0 247 0 0 0 0 0 0 0 0 0 0 0 0 0 0 0 0 0 0 0 0 0 0 0 0 0 0 0 0 0 0 0 0 0 0 0 0 0 0 0 0 0 0 0 0 0 0 0 0 0 0 0 0 
0 3 0 0 10 277 0 0 2 0 1 0 0 0 0 0 23 0 0 11 0 0 314 0 669 628 0 0 634 0 0 17859 0 0 0 513 12 0 0 0 0 0 0 3 26 0 0 1 0 0 0 0 6 0 0 0 0 0 0 0 6 0 0 1 0 0 159 0 198 0 1 0 0 0 13 0 107 0 4 0 0 0 0 0 0 0 0 0 0 0 0 0 0 0 0 7 0 0 0 1 0 0 0 0 0 0 0 0 0 0 0 0 0 0 0 0 0 0 0 0 0 0 0 0 0 0 0 0 0 
0 3 0 0 10 265 0 0 1 0 2 0 0 0 0 0 24 0 0 5 0 0 192 0 631 849 0 0 412 0 0 16546 0 0 0 566 13 0 0 0 0 0 0 2 22 0 0 0 0 0 0 0 2 0 0 0 0 0 0 0 5 0 0 0 0 0 222 0 152 0 6 0 0 0 39 0 105 0 4 0 0 0 0 0 0 0 0 0 0 0 0 1 0 0 0 15 0 0 0 1 0 0 0 0 0 0 0 0 0 0 0 0 0 0 0 1 0 0 0 0 0 0 0 0 0 0 0 0 0 
0 5 0 0 17 360 0 0 8 0 2 0 0 0 0 0 36 0 0 43 0 0 1034 0 874 969 0 0 695 0 5 19586 0 0 0 829 19 0 0 0 0 0 0 10 79 0 0 4 0 0 0 0 8 0 0 0 0 0 0 0 12 0 0 4 0 0 192 0 208 0 3 0 0 0 32 0 130 0 7 0 0 0 0 0 0 0 0 0 0 0 0 1 0 0 0 8 0 0 0 1 0 0 0 0 0 0 0 0 0 0 0 0 0 0 0 0 0 0 0 0 0 0 0 0 0 0 0 0 0 
0 3 0 0 11 307 0 0 3 0 0 0 0 0 0 0 22 0 0 17 0 0 512 0 727 738 0 0 678 0 1 18996 0 0 0 699 13 0 0 0 0 0 0 5 50 0 0 1 0 0 0 0 8 0 0 0 0 0 0 0 11 0 0 0 0 0 0 0 214 0 0 0 0 0 0 0 114 0 0 0 0 0 0 0 0 0 0 0 0 0 0 0 0 0 0 0 0 0 0 0 0 0 0 0 0 0 0 0 0 0 0 0 0 0 0 0 0 0 0 0 0 0 0 0 0 0 0 0 0 
0 4 0 0 10 344 0 0 4 0 2 0 0 0 0 0 31 0 0 15 0 0 593 0 932 427 0 0 511 0 0 20457 0 0 0 671 9 0 0 0 0 0 0 3 46 0 0 1 0 0 0 0 1 0 0 0 0 0 0 0 1 0 0 4 0 0 235 0 158 0 3 0 0 0 56 0 52 0 5 0 0 0 0 0 0 0 0 0 0 0 0 0 0 0 0 26 0 0 0 0 0 0 0 2 0 0 0 0 0 0 0 0 0 0 0 0 0 0 0 0 0 0 0 0 0 0 0 0 0 
0 4 0 0 10 276 0 0 4 0 2 0 0 0 0 0 28 0 0 19 0 0 374 0 713 1011 0 0 551 0 1 16237 0 0 0 381 5 0 0 0 0 0 0 0 17 0 0 1 0 0 0 0 1 0 0 0 0 0 0 0 8 0 0 2 0 0 305 0 157 0 1 0 0 0 61 0 64 0 7 0 0 0 0 0 0 1 0 0 0 0 0 0 0 0 0 27 0 0 0 0 0 0 0 1 0 0 0 0 0 0 0 0 0 0 0 0 0 0 0 0 0 0 0 0 0 0 0 0 0 
0 3 0 0 10 370 0 0 2 0 1 0 0 0 0 0 25 0 0 6 0 0 425 0 795 461 0 0 872 0 0 25913 0 0 0 1009 13 0 0 0 0 0 0 5 55 0 0 1 0 0 0 0 9 0 0 0 0 0 0 0 7 0 0 1 0 0 35 0 334 0 2 0 0 0 126 0 196 0 5 0 0 0 0 0 0 0 0 0 0 0 0 0 0 0 0 20 0 0 0 1 0 0 0 1 0 0 0 0 0 0 0 0 0 0 0 0 0 0 0 0 0 0 0 0 0 0 0 0 0 
0 3 0 0 11 350 0 0 2 0 1 0 0 0 0 0 23 0 0 12 0 0 386 0 771 498 0 0 837 0 0 24915 0 0 0 1090 18 0 0 0 0 0 0 6 54 0 0 1 0 0 0 0 10 0 0 0 0 0 0 0 8 0 0 1 0 0 153 0 310 0 1 0 0 0 23 0 203 0 2 0 0 0 0 0 0 0 0 0 0 0 0 0 0 0 0 13 0 0 0 1 0 0 0 0 0 0 0 0 0 0 0 0 0 0 0 0 0 0 0 0 0 0 0 0 0 0 0 0 0 
0 4 0 0 15 279 0 0 5 0 1 0 0 0 0 0 37 0 0 26 0 0 669 0 773 795 0 0 616 0 2 15955 0 0 0 620 22 0 0 0 0 0 0 4 44 0 0 2 0 0 0 0 4 0 0 0 0 0 0 0 10 0 0 2 0 0 45 0 174 0 4 0 0 0 26 0 66 0 4 0 0 0 0 0 0 0 0 0 0 0 0 0 0 0 0 2 0 0 0 1 0 0 0 0 0 0 0 0 0 0 0 0 0 0 0 2 0 0 0 0 0 0 0 0 0 0 0 0 0 
0 3 0 0 10 251 0 0 2 0 1 0 0 0 0 0 30 0 0 9 0 0 375 0 658 493 0 0 764 0 0 15693 0 0 0 438 13 0 0 0 0 0 0 2 21 0 0 0 0 0 0 0 3 0 0 0 0 0 0 0 6 0 0 1 0 0 48 0 198 0 3 0 0 0 21 0 57 0 5 0 0 0 0 0 0 0 0 0 0 0 0 0 0 0 0 7 0 0 0 1 0 0 0 0 0 0 0 0 0 0 0 0 0 0 0 0 0 0 0 0 0 0 0 0 0 0 0 0 0 
0 3 0 0 11 385 0 0 3 0 0 0 0 0 0 0 21 0 0 14 0 0 605 0 783 759 0 0 907 0 1 26844 0 0 0 1116 16 0 0 0 0 0 0 7 81 0 0 3 0 0 0 0 11 0 0 0 0 0 0 0 10 0 0 0 0 0 0 0 333 0 0 0 0 0 0 0 278 0 0 0 0 0 0 0 0 0 0 0 0 0 0 0 0 0 0 0 0 0 0 0 0 0 0 0 0 0 0 0 0 0 0 0 0 0 0 0 0 0 0 0 0 0 0 0 0 0 0 0 0 
0 4 0 0 17 441 0 0 5 0 2 0 0 0 0 0 31 0 0 28 0 0 908 0 837 1061 0 0 1110 0 2 28312 0 0 0 1396 26 0 0 0 0 0 0 10 104 0 0 4 0 0 0 0 10 0 0 0 0 0 0 0 12 0 0 4 0 0 175 0 345 0 6 0 0 0 175 0 289 0 6 0 0 0 0 0 0 0 0 0 0 0 0 0 0 0 0 24 0 0 0 4 0 0 0 4 0 0 0 0 0 0 0 0 0 0 0 2 0 0 0 0 0 0 0 0 0 0 0 0 0 
0 2 0 0 5 206 0 0 1 0 0 0 0 0 0 0 12 0 0 4 0 0 178 0 521 441 0 0 594 0 0 14562 0 0 0 274 4 0 0 0 0 0 0 1 14 0 0 0 0 0 0 0 3 0 0 0 0 0 0 0 2 0 0 0 0 0 0 0 169 0 0 0 0 0 0 0 41 0 0 0 0 0 0 0 0 0 0 0 0 0 0 0 0 0 0 0 0 0 0 0 0 0 0 0 0 0 0 0 0 0 0 0 0 0 0 0 0 0 0 0 0 0 0 0 0 0 0 0 0 
0 3 0 0 5 276 0 0 3 0 0 0 0 0 0 0 17 0 0 8 0 0 494 0 724 129 0 0 730 0 1 16687 0 0 0 357 3 0 0 0 0 0 0 2 28 0 0 0 0 0 0 0 2 0 0 0 0 0 0 0 0 0 0 0 0 0 0 0 208 0 0 0 0 0 0 0 28 0 0 0 0 0 0 0 0 0 0 0 0 0 0 0 0 0 0 0 0 0 0 0 0 0 0 0 0 0 0 0 0 0 0 0 0 0 0 0 0 0 0 0 0 0 0 0 0 0 0 0 0 
0 3 0 0 8 241 0 0 2 0 1 0 0 0 0 0 27 0 0 8 0 0 368 0 610 512 0 0 715 0 0 15185 0 0 0 396 7 0 0 0 0 0 0 1 20 0 0 0 0 0 0 0 2 0 0 0 0 0 0 0 5 0 0 1 0 0 38 0 169 0 4 0 0 0 28 0 40 0 1 0 0 0 0 0 0 0 0 0 0 0 0 0 0 0 0 3 0 0 0 1 0 0 0 0 0 0 0 0 0 0 0 0 0 0 0 1 0 0 0 0 0 0 0 0 0 0 0 0 0 
0 3 0 0 6 262 0 0 0 0 3 0 0 0 0 0 17 0 0 0 0 0 0 0 695 514 0 0 560 0 0 16157 0 0 0 340 2 0 0 0 0 0 0 0 0 0 0 0 0 0 0 0 3 0 0 0 0 0 0 0 2 0 0 0 0 0 363 0 155 0 3 0 0 0 90 0 45 0 7 0 0 0 0 0 0 0 0 0 0 0 0 0 0 0 0 35 0 0 0 1 0 0 0 1 0 0 0 0 0 0 0 0 0 0 0 0 0 0 0 0 0 0 0 0 0 1 0 0 0 
0 3 0 0 10 366 0 0 1 0 2 0 0 0 0 0 24 0 0 4 0 0 233 0 818 546 0 0 825 0 0 25617 0 0 0 999 13 0 0 0 0 0 0 3 40 0 0 1 0 0 0 0 8 0 0 0 0 0 0 0 7 0 0 0 0 0 181 0 304 0 2 0 0 0 161 0 197 0 6 0 0 0 0 0 0 0 0 0 0 0 0 0 0 0 0 36 0 0 0 2 0 0 0 2 0 1 0 0 0 0 0 0 0 0 0 1 0 0 0 0 0 0 0 0 0 0 0 0 0 
0 1 0 0 1 168 0 0 0 0 0 0 0 0 0 0 3 0 0 0 0 0 0 0 443 19 0 0 357 0 0 13876 0 0 0 158 0 0 0 0 0 0 0 0 0 0 0 0 0 0 0 0 1 0 0 0 0 0 0 0 0 0 0 0 0 0 0 0 152 0 0 0 0 0 0 0 8 0 0 0 0 0 0 0 0 0 0 0 0 0 0 0 0 0 0 0 0 0 0 0 0 0 0 0 0 0 0 0 0 0 0 0 0 0 0 0 0 0 0 0 0 0 0 0 0 0 0 0 0 
0 4 0 0 8 390 0 0 4 0 2 0 0 0 0 0 20 0 0 15 0 0 631 0 910 423 0 0 1057 0 0 23360 0 0 0 558 5 0 0 0 0 0 0 1 74 0 0 0 0 0 0 0 3 0 0 0 0 0 0 0 0 0 0 4 0 0 241 0 332 0 3 0 0 0 65 0 85 0 2 0 0 0 0 0 0 0 0 0 0 0 0 0 0 0 0 41 0 0 0 3 0 0 0 0 0 0 0 0 0 0 0 0 0 0 0 0 0 0 0 0 0 0 0 0 0 0 0 0 0 
0 3 0 0 8 278 0 0 2 0 1 0 0 0 0 0 29 0 0 10 0 0 280 0 713 442 0 0 588 0 0 16871 0 0 0 471 7 0 0 0 0 0 0 1 20 0 0 1 0 0 0 0 2 0 0 0 0 0 0 0 5 0 0 1 0 0 145 0 171 0 0 0 0 0 46 0 44 0 2 0 0 0 0 0 0 0 0 0 0 0 0 0 0 0 0 22 0 0 0 0 0 0 0 1 0 0 0 0 0 0 0 0 0 0 0 0 0 0 0 0 0 0 0 0 0 0 0 0 0 
0 3 0 0 10 239 0 0 2 0 1 0 0 0 0 0 28 0 0 13 0 0 256 0 591 829 0 0 567 0 0 15003 0 0 0 423 9 0 0 0 0 0 0 2 12 0 0 0 0 0 0 0 4 0 0 0 0 0 0 0 8 0 0 1 0 0 156 0 167 0 1 0 0 0 19 0 70 0 3 0 0 0 0 0 0 0 0 0 0 0 0 0 0 0 0 10 0 0 0 1 0 0 0 0 0 0 0 0 0 0 0 0 0 0 0 0 0 0 0 0 0 0 0 0 0 0 0 0 0 
0 1 0 0 1 168 0 0 0 0 0 0 0 0 0 0 3 0 0 0 0 0 0 0 443 19 0 0 357 0 0 13876 0 0 0 158 0 0 0 0 0 0 0 0 0 0 0 0 0 0 0 0 1 0 0 0 0 0 0 0 0 0 0 0 0 0 0 0 152 0 0 0 0 0 0 0 8 0 0 0 0 0 0 0 0 0 0 0 0 0 0 0 0 0 0 0 0 0 0 0 0 0 0 0 0 0 0 0 0 0 0 0 0 0 0 0 0 0 0 0 0 0 0 0 0 0 0 0 0 
0 4 0 0 12 486 0 0 4 0 3 0 0 0 0 0 18 0 0 13 0 0 814 0 882 578 0 0 1504 0 1 32372 0 0 0 1209 14 0 0 0 0 0 0 9 134 0 0 2 0 0 0 0 10 0 0 0 0 0 0 0 7 0 0 3 0 0 283 0 515 0 7 0 0 0 221 0 222 0 8 0 0 0 0 0 0 0 0 0 0 0 0 1 0 0 0 33 0 0 0 4 0 0 0 4 0 1 0 0 0 0 0 0 0 0 0 2 0 0 0 0 0 0 0 0 0 0 0 0 0 
0 5 0 0 11 370 0 0 7 0 5 0 0 0 0 0 26 0 0 27 0 0 937 0 822 715 0 0 1240 0 3 21569 0 0 0 461 7 0 0 0 0 0 0 3 73 0 0 0 0 0 0 0 2 0 0 0 0 0 0 0 4 0 0 8 0 0 346 0 345 0 9 0 0 0 199 0 62 0 11 0 0 0 0 0 0 1 0 0 0 0 0 2 0 0 0 27 0 0 0 2 0 0 0 1 0 3 0 0 0 0 0 0 0 0 0 0 0 0 0 0 0 0 0 0 0 0 0 0 0 
0 1 0 0 1 168 0 0 0 0 0 0 0 0 0 0 3 0 0 0 0 0 0 0 443 19 0 0 357 0 0 13876 0 0 0 158 0 0 0 0 0 0 0 0 0 0 0 0 0 0 0 0 1 0 0 0 0 0 0 0 0 0 0 0 0 0 0 0 152 0 0 0 0 0 0 0 8 0 0 0 0 0 0 0 0 0 0 0 0 0 0 0 0 0 0 0 0 0 0 0 0 0 0 0 0 0 0 0 0 0 0 0 0 0 0 0 0 0 0 0 0 0 0 0 0 0 0 0 0 
37 4 91 129 10 232 656 133 5 0 1 10 19 570 312 277 23 171 348 23 337 13077 473 3600 554 685 6192 2807 799 145 2 12516 7444 2043 2042 334 6 146 319 5 48 66 46 3 19 538 57 1 1 0 0 0 4 0 0 0 9 0 0 19 7 20 46 2 96 2272 146 302 143 22 1 35 55 415 22 485 43 35 2 39 74 0 0 0 0 0 16 0 0 0 0 0 12 0 97 7 24 14 0 0 0 0 0 0 0 0 3 6 5 0 0 0 0 0 0 0 4 0 0 0 0 0 0 0 0 0 0 0 0 
0 5 0 0 17 295 0 0 5 0 6 0 0 0 0 0 25 0 0 18 0 0 477 0 692 1882 0 0 1254 0 1 10449 0 0 0 733 15 0 0 0 0 0 0 9 43 0 0 7 0 0 0 0 8 0 0 0 0 0 0 0 9 0 0 4 0 0 273 0 191 0 12 0 0 0 374 0 247 0 12 0 0 0 0 0 0 2 0 0 0 0 0 2 0 0 0 35 0 0 0 4 0 0 0 4 0 4 0 0 0 0 0 0 0 0 0 5 0 0 0 0 0 0 0 0 0 0 0 0 0 
0 1 0 0 4 90 0 0 0 0 0 0 0 0 0 0 9 0 0 0 0 0 0 0 227 409 0 0 258 0 0 3954 0 0 0 272 3 0 0 0 0 0 0 0 0 0 0 0 0 0 0 0 5 0 0 0 0 0 0 0 5 0 0 0 0 0 0 0 52 0 0 0 0 0 0 0 84 0 0 0 0 0 0 0 0 0 0 0 0 0 0 0 0 0 0 0 0 0 0 0 0 0 0 0 0 0 0 0 0 0 0 0 0 0 0 0 0 0 0 0 0 0 0 0 0 0 0 0 0 
0 5 0 0 18 338 0 0 9 0 1 0 0 0 0 0 41 0 0 46 0 0 1042 0 777 1664 0 0 924 0 7 15314 0 0 0 934 17 0 0 0 0 0 0 7 85 0 0 7 0 0 0 0 8 0 0 0 0 0 0 0 13 0 0 3 0 0 114 0 254 0 2 0 0 0 14 0 176 0 3 0 0 0 0 0 0 0 0 0 0 0 0 0 0 0 0 2 0 0 0 1 0 0 0 0 0 0 0 0 0 0 0 0 0 0 0 0 0 0 0 0 0 0 0 0 0 0 0 0 0 
0 3 0 0 8 183 0 0 2 0 2 0 0 0 0 0 28 0 0 9 0 0 209 0 492 667 0 0 399 0 0 6043 0 0 0 392 5 0 0 0 0 0 0 0 13 0 0 0 0 0 0 0 4 0 0 0 0 0 0 0 7 0 0 2 0 0 114 0 61 0 4 0 0 0 114 0 93 0 4 0 0 0 0 0 0 0 0 0 0 0 0 0 0 0 0 16 0 0 0 1 0 0 0 1 0 0 0 0 0 0 0 0 0 0 0 2 0 0 0 0 0 0 0 0 0 0 0 0 0 
0 6 0 0 19 476 0 0 10 0 7 0 0 0 0 0 33 0 0 46 0 0 1249 0 895 1551 0 0 1693 0 5 23346 0 0 0 1295 21 0 0 0 0 0 0 12 110 0 0 5 0 0 0 0 5 0 0 0 0 0 0 0 8 0 0 16 0 0 617 0 393 0 13 0 0 0 466 0 305 0 11 0 0 0 0 0 0 1 0 0 0 0 0 2 0 0 0 83 0 0 0 8 0 0 0 8 0 2 0 0 0 0 0 0 0 0 0 5 0 0 1 0 0 0 0 0 0 1 0 0 0 
0 3 0 0 10 145 0 0 1 0 3 0 0 0 0 0 33 0 0 7 0 0 55 0 378 858 0 0 273 0 0 4753 0 0 0 373 8 0 0 0 0 0 0 0 1 0 0 0 0 0 0 0 5 0 0 0 0 0 0 0 7 0 0 0 0 0 198 0 42 0 7 0 0 0 125 0 101 0 7 0 0 0 0 0 0 1 0 0 0 0 0 0 0 0 0 19 0 0 0 1 0 0 0 1 0 1 0 0 0 0 0 0 0 0 0 2 0 0 0 0 0 0 0 0 0 0 0 0 0 
0 6 0 0 19 357 0 0 12 0 3 0 0 0 0 0 35 0 0 56 0 0 1324 0 753 1630 0 0 1431 0 11 13663 0 0 0 813 21 0 0 0 0 0 0 15 94 0 0 6 0 0 0 0 10 0 0 0 0 0 0 0 14 0 0 6 0 0 77 0 316 0 12 0 0 0 151 0 197 0 0 0 0 0 0 0 0 0 0 0 0 0 0 3 0 0 0 16 0 0 0 0 0 0 0 1 0 0 0 0 0 0 0 0 0 0 0 0 0 0 0 0 0 0 0 0 0 0 0 0 0 
0 2 0 0 10 133 0 0 1 0 0 0 0 0 0 0 27 0 0 7 0 0 117 0 332 869 0 0 454 0 0 4838 0 0 0 472 14 0 0 0 0 0 0 1 8 0 0 1 0 0 0 0 7 0 0 0 0 0 0 0 9 0 0 0 0 0 0 0 71 0 0 0 0 0 0 0 139 0 0 0 0 0 0 0 0 0 0 0 0 0 0 0 0 0 0 0 0 0 0 0 0 0 0 0 0 0 0 0 0 0 0 0 0 0 0 0 0 0 0 0 0 0 0 0 0 0 0 0 0 
0 2 0 0 8 145 0 0 0 0 1 0 0 0 0 0 20 0 0 0 0 0 0 0 348 708 0 0 640 0 0 5378 0 0 0 464 8 0 0 0 0 0 0 0 0 0 0 0 0 0 0 0 6 0 0 0 0 0 0 0 7 0 0 0 0 0 76 0 79 0 1 0 0 0 42 0 109 0 2 0 0 0 0 0 0 0 0 0 0 0 0 0 0 0 0 13 0 0 0 1 0 0 0 3 0 0 0 0 0 0 0 0 0 0 0 2 0 0 0 0 0 0 0 0 0 0 0 0 0 
0 5 0 0 18 351 0 0 8 0 3 0 0 0 0 0 41 0 0 41 0 0 990 0 766 1338 0 0 924 0 5 12989 0 0 0 1092 22 0 0 0 0 0 0 13 87 0 0 4 0 0 0 0 9 0 0 0 0 0 0 0 9 0 0 6 0 0 161 0 210 0 6 0 0 0 149 0 248 0 5 0 0 0 0 0 0 0 0 0 0 0 0 1 0 0 0 23 0 0 0 2 0 0 0 1 0 1 0 0 0 0 0 0 0 0 0 2 0 0 0 0 0 0 0 0 0 0 0 0 0 
0 2 0 0 10 133 0 0 1 0 0 0 0 0 0 0 27 0 0 7 0 0 117 0 332 869 0 0 454 0 0 4838 0 0 0 472 14 0 0 0 0 0 0 1 8 0 0 1 0 0 0 0 7 0 0 0 0 0 0 0 9 0 0 0 0 0 0 0 71 0 0 0 0 0 0 0 139 0 0 0 0 0 0 0 0 0 0 0 0 0 0 0 0 0 0 0 0 0 0 0 0 0 0 0 0 0 0 0 0 0 0 0 0 0 0 0 0 0 0 0 0 0 0 0 0 0 0 0 0 
16 4 33 50 13 310 120 44 6 1 0 0 13 142 81 134 29 84 93 28 109 5586 776 479 725 1010 3584 488 871 32 4 14054 560 513 297 772 9 59 53 0 18 32 7 6 74 87 18 3 0 83 26 10 7 3 2 3 1 0 0 0 11 0 20 0 26 1244 0 0 239 32 0 0 15 0 0 146 143 0 0 29 13 0 0 0 0 0 6 0 0 0 0 0 0 5 22 0 0 0 0 0 0 0 7 0 5 0 7 0 0 0 0 0 0 0 0 0 0 0 0 0 0 0 0 0 0 0 0 0 0 
0 3 0 0 14 251 0 0 1 0 2 0 0 0 0 0 29 0 0 4 0 0 99 0 560 1265 0 0 598 0 0 14386 0 0 0 1076 23 0 0 0 0 0 0 1 3 0 0 1 0 0 0 0 8 0 0 0 0 0 0 0 9 0 0 0 0 0 260 0 181 0 9 0 0 0 77 0 263 0 3 0 0 0 0 0 0 1 0 0 0 0 0 0 0 0 0 28 0 0 0 4 0 0 0 3 0 0 0 0 0 0 0 0 0 0 0 3 0 0 0 0 0 0 0 0 0 0 0 0 0 
44 5 108 190 19 339 933 118 6 1 5 13 28 401 246 638 46 274 386 41 291 11274 574 4147 761 1249 12457 3756 682 90 2 15200 12744 3509 3508 1028 21 206 138 3 23 98 28 2 26 426 58 3 0 39 67 31 3 2 1 2 0 25 84 159 12 18 45 6 54 2213 380 454 168 75 10 32 29 824 384 1002 243 18 11 49 49 0 2 1 0 0 11 0 0 1 0 1 4 5 87 75 42 29 23 7 4 9 13 7 3 2 16 5 2 0 1 0 0 3 12 5 25 0 1 1 0 0 0 1 0 1 1 3 0 
57 5 424 239 12 375 1555 123 7 7 5 42 41 856 1189 481 15 818 360 28 259 12048 857 5459 595 908 16680 19803 1058 72 3 17914 27192 16716 5543 747 10 293 907 7 209 88 68 7 85 589 100 1 106 482 406 286 3 9 13 14 3 400 273 198 4 75 62 10 50 3939 353 1924 321 79 9 124 170 3326 297 1776 228 93 6 84 227 4 1 3 3 0 20 10 0 2 3 0 27 12 216 37 150 33 38 2 37 29 60 1 58 0 19 11 23 0 2 2 4 40 21 1 33 7 1 3 0 3 3 3 2 3 1 5 2 
0 2 0 0 7 142 0 0 0 0 1 0 0 0 0 0 16 0 0 0 0 0 0 0 379 635 0 0 427 0 0 5222 0 0 0 397 5 0 0 0 0 0 0 0 0 0 0 0 0 0 0 0 5 0 0 0 0 0 0 0 6 0 0 0 0 0 82 0 73 0 3 0 0 0 46 0 115 0 2 0 0 0 0 0 0 0 0 0 0 0 0 0 0 0 0 6 0 0 0 1 0 0 0 1 0 0 0 0 0 0 0 0 0 0 0 0 0 0 0 0 0 0 0 0 0 0 0 0 0 
0 5 0 0 25 285 0 0 8 0 2 0 0 0 0 0 53 0 0 64 0 0 819 0 639 1763 0 0 815 0 5 9219 0 0 0 1162 36 0 0 0 0 0 0 7 48 0 0 7 0 0 0 0 9 0 0 0 0 0 0 0 20 0 0 4 0 0 128 0 106 0 5 0 0 0 58 0 228 0 7 0 0 0 0 0 0 0 0 0 0 0 0 0 0 0 0 16 0 0 0 1 0 0 0 3 0 1 0 0 0 0 0 0 0 0 0 2 0 0 0 0 0 0 0 0 0 0 0 0 0 
0 2 0 0 7 142 0 0 0 0 1 0 0 0 0 0 16 0 0 0 0 0 0 0 379 635 0 0 427 0 0 5222 0 0 0 397 5 0 0 0 0 0 0 0 0 0 0 0 0 0 0 0 5 0 0 0 0 0 0 0 6 0 0 0 0 0 82 0 73 0 3 0 0 0 46 0 115 0 2 0 0 0 0 0 0 0 0 0 0 0 0 0 0 0 0 6 0 0 0 1 0 0 0 1 0 0 0 0 0 0 0 0 0 0 0 0 0 0 0 0 0 0 0 0 0 0 0 0 0 
0 3 0 0 11 214 0 0 3 0 0 0 0 0 0 0 25 0 0 15 0 0 349 0 512 886 0 0 498 0 1 7804 0 0 0 676 13 0 0 0 0 0 0 3 38 0 0 2 0 0 0 0 6 0 0 0 0 0 0 0 10 0 0 0 0 0 0 0 85 0 0 0 0 0 0 0 163 0 0 0 0 0 0 0 0 0 0 0 0 0 0 0 0 0 0 0 0 0 0 0 0 0 0 0 0 0 0 0 0 0 0 0 0 0 0 0 0 0 0 0 0 0 0 0 0 0 0 0 0 
0 3 0 0 14 194 0 0 2 0 1 0 0 0 0 0 33 0 0 16 0 0 214 0 479 1018 0 0 706 0 0 6544 0 0 0 733 18 0 0 0 0 0 0 2 14 0 0 1 0 0 0 0 8 0 0 0 0 0 0 0 13 0 0 1 0 0 76 0 89 0 1 0 0 0 42 0 131 0 2 0 0 0 0 0 0 0 0 0 0 0 0 0 0 0 0 13 0 0 0 1 0 0 0 3 0 0 0 0 0 0 0 0 0 0 0 2 0 0 0 0 0 0 0 0 0 0 0 0 0 
0 7 0 0 20 499 0 0 16 0 5 0 0 0 0 0 32 0 0 65 0 0 1976 0 1030 1612 0 0 1326 0 15 20119 0 0 0 1237 22 0 0 0 0 0 0 16 169 0 0 9 0 0 0 0 12 0 0 0 0 0 0 0 11 0 0 15 0 0 296 0 372 0 10 0 0 0 299 0 295 0 9 0 0 0 0 0 0 1 0 0 0 0 0 1 0 0 0 35 0 0 0 2 0 0 0 0 0 3 0 0 0 0 0 0 0 0 0 2 0 0 0 0 0 0 0 0 0 0 0 0 0 
0 3 0 0 9 262 0 0 1 0 2 0 0 0 0 0 20 0 0 5 0 0 163 0 593 669 0 0 1128 0 0 11977 0 0 0 629 6 0 0 0 0 0 0 1 21 0 0 0 0 0 0 0 7 0 0 0 0 0 0 0 7 0 0 0 0 0 184 0 267 0 3 0 0 0 89 0 120 0 4 0 0 0 0 0 0 0 0 0 0 0 0 1 0 0 0 22 0 0 0 1 0 0 0 3 0 0 0 0 0 0 0 0 0 0 0 2 0 0 0 0 0 0 0 0 0 0 0 0 0 
0 4 0 0 15 387 0 0 5 0 1 0 0 0 0 0 25 0 0 27 0 0 768 0 772 967 0 0 1374 0 2 21615 0 0 0 1331 22 0 0 0 0 0 0 8 76 0 0 0 0 0 0 0 11 0 0 0 0 0 0 0 8 0 0 2 0 0 123 0 409 0 3 0 0 0 67 0 283 0 0 0 0 0 0 0 0 0 0 0 0 0 0 0 0 0 0 22 0 0 0 3 0 0 0 3 0 0 0 0 0 0 0 0 0 0 0 2 0 0 0 0 0 0 0 0 0 0 0 0 0 
32 3 279 87 10 192 487 94 2 0 2 9 9 507 701 220 26 598 181 11 230 10624 230 2122 381 911 5469 8168 269 78 0 6587 4694 8576 1196 446 6 53 892 6 111 65 39 0 15 352 18 1 55 0 0 0 5 0 0 0 3 0 15 50 9 25 12 2 61 541 107 262 50 23 4 23 130 329 107 255 164 23 4 11 253 0 0 0 0 0 1 2 0 0 0 0 8 0 10 16 2 7 4 1 0 0 0 1 0 0 8 3 2 0 0 0 0 0 2 2 7 0 0 0 0 0 0 0 0 0 0 0 0 
0 4 0 0 21 327 0 0 4 0 2 0 0 0 0 0 46 0 0 33 0 0 569 0 728 1417 0 0 820 0 0 16413 0 0 0 1450 35 0 0 0 0 0 0 6 41 0 0 2 0 0 0 0 12 0 0 0 0 0 0 0 17 0 0 4 0 0 164 0 216 0 8 0 0 0 115 0 323 0 4 0 0 0 0 0 0 0 0 0 0 0 0 0 0 0 0 23 0 0 0 3 0 0 0 3 0 0 0 0 0 0 0 0 0 0 0 3 0 0 0 0 0 0 0 0 0 0 0 0 0 
0 3 0 0 14 188 0 0 2 0 1 0 0 0 0 0 31 0 0 12 0 0 242 0 426 1393 0 0 332 0 0 6781 0 0 0 699 18 0 0 0 0 0 0 2 17 0 0 2 0 0 0 0 6 0 0 0 0 0 0 0 11 0 0 1 0 0 64 0 62 0 5 0 0 0 20 0 190 0 3 0 0 0 0 0 0 0 0 0 0 0 0 0 0 0 0 7 0 0 0 0 0 0 0 0 0 0 0 0 0 0 0 0 0 0 0 1 0 0 0 0 0 0 0 0 0 0 0 0 0 
0 1 0 0 4 90 0 0 0 0 0 0 0 0 0 0 9 0 0 0 0 0 0 0 227 409 0 0 258 0 0 3954 0 0 0 272 3 0 0 0 0 0 0 0 0 0 0 0 0 0 0 0 5 0 0 0 0 0 0 0 5 0 0 0 0 0 0 0 52 0 0 0 0 0 0 0 84 0 0 0 0 0 0 0 0 0 0 0 0 0 0 0 0 0 0 0 0 0 0 0 0 0 0 0 0 0 0 0 0 0 0 0 0 0 0 0 0 0 0 0 0 0 0 0 0 0 0 0 0 
0 3 0 0 12 291 0 0 1 0 2 0 0 0 0 0 32 0 0 5 0 0 125 0 671 730 0 0 710 0 0 15869 0 0 0 1055 16 0 0 0 0 0 0 1 10 0 0 0 0 0 0 0 7 0 0 0 0 0 0 0 7 0 0 0 0 0 158 0 208 0 4 0 0 0 192 0 247 0 5 0 0 0 0 0 0 0 0 0 0 0 0 0 0 0 0 42 0 0 0 4 0 0 0 4 0 1 0 0 0 0 0 0 0 0 0 2 0 0 0 0 0 0 0 0 0 0 0 0 0 
0 2 0 0 6 75 0 0 1 0 0 0 0 0 0 0 17 0 0 5 0 0 72 0 213 712 0 0 276 0 0 1575 0 0 0 197 4 0 0 0 0 0 0 1 1 0 0 0 0 0 0 0 2 0 0 0 0 0 0 0 4 0 0 0 0 0 0 0 34 0 0 0 0 0 0 0 58 0 0 0 0 0 0 0 0 0 0 0 0 0 0 0 0 0 0 0 0 0 0 0 0 0 0 0 0 0 0 0 0 0 0 0 0 0 0 0 0 0 0 0 0 0 0 0 0 0 0 0 0 
0 4 0 0 22 181 0 0 6 0 0 0 0 0 0 0 42 0 0 46 0 0 483 0 443 2144 0 0 443 0 4 5829 0 0 0 847 36 0 0 0 0 0 0 5 28 0 0 9 0 0 0 0 3 0 0 0 0 0 0 0 25 0 0 0 0 0 0 0 110 0 0 0 0 0 0 0 232 0 0 0 0 0 0 0 0 0 0 0 0 0 0 0 0 0 0 0 0 0 0 0 0 0 0 0 0 0 0 0 0 0 0 0 0 0 0 0 0 0 0 0 0 0 0 0 0 0 0 0 0 
0 5 0 0 17 295 0 0 6 0 4 0 0 0 0 0 44 0 0 32 0 0 607 0 690 1305 0 0 943 0 2 13411 0 0 0 1045 20 0 0 0 0 0 0 7 19 0 0 1 0 0 0 0 10 0 0 0 0 0 0 0 12 0 0 4 0 0 230 0 198 0 11 0 0 0 230 0 254 0 11 0 0 0 0 0 0 0 0 0 0 0 0 0 0 0 0 33 0 0 0 2 0 0 0 1 0 4 0 0 0 0 0 0 0 0 0 2 0 0 0 0 0 0 0 0 0 0 0 0 0 
0 2 0 0 7 78 0 0 1 0 0 0 0 0 0 0 19 0 0 5 0 0 77 0 184 777 0 0 485 0 0 1725 0 0 0 258 7 0 0 0 0 0 0 1 0 0 0 1 0 0 0 0 7 0 0 0 0 0 0 0 7 0 0 0 0 0 0 0 47 0 0 0 0 0 0 0 61 0 0 0 0 0 0 0 0 0 0 0 0 0 0 0 0 0 0 0 0 0 0 0 0 0 0 0 0 0 0 0 0 0 0 0 0 0 0 0 0 0 0 0 0 0 0 0 0 0 0 0 0 
0 2 0 0 10 43 0 0 1 0 0 0 0 0 0 0 20 0 0 6 0 0 41 0 108 1216 0 0 544 0 0 440 0 0 0 159 13 0 0 0 0 0 0 2 0 0 0 2 0 0 0 0 7 0 0 0 0 0 0 0 9 0 0 0 0 0 0 0 32 0 0 0 0 0 0 0 47 0 0 0 0 0 0 0 0 0 0 0 0 0 0 0 0 0 0 0 0 0 0 0 0 0 0 0 0 0 0 0 0 0 0 0 0 0 0 0 0 0 0 0 0 0 0 0 0 0 0 0 0 
0 2 0 0 6 68 0 0 1 0 0 0 0 0 0 0 16 0 0 5 0 0 65 0 212 751 0 0 146 0 0 1431 0 0 0 109 8 0 0 0 0 0 0 1 1 0 0 0 0 0 0 0 0 0 0 0 0 0 0 0 3 0 0 0 0 0 0 0 15 0 0 0 0 0 0 0 23 0 0 0 0 0 0 0 0 0 0 0 0 0 0 0 0 0 0 0 0 0 0 0 0 0 0 0 0 0 0 0 0 0 0 0 0 0 0 0 0 0 0 0 0 0 0 0 0 0 0 0 0 
0 2 0 0 6 68 0 0 1 0 0 0 0 0 0 0 16 0 0 5 0 0 65 0 212 751 0 0 146 0 0 1431 0 0 0 109 8 0 0 0 0 0 0 1 1 0 0 0 0 0 0 0 0 0 0 0 0 0 0 0 3 0 0 0 0 0 0 0 15 0 0 0 0 0 0 0 23 0 0 0 0 0 0 0 0 0 0 0 0 0 0 0 0 0 0 0 0 0 0 0 0 0 0 0 0 0 0 0 0 0 0 0 0 0 0 0 0 0 0 0 0 0 0 0 0 0 0 0 0 
0 2 0 0 9 111 0 0 1 0 0 0 0 0 0 0 26 0 0 9 0 0 105 0 379 822 0 0 10 0 0 4580 0 0 0 409 13 0 0 0 0 0 0 0 3 0 0 0 0 0 0 0 1 0 0 0 0 0 0 0 4 0 0 0 0 0 0 0 5 0 0 0 0 0 0 0 50 0 0 0 0 0 0 0 0 0 0 0 0 0 0 0 0 0 0 0 0 0 0 0 0 0 0 0 0 0 0 0 0 0 0 0 0 0 0 0 0 0 0 0 0 0 0 0 0 0 0 0 0 
0 4 0 0 18 278 0 0 6 0 0 0 0 0 0 0 41 0 0 36 0 0 726 0 730 1603 0 0 466 0 4 11531 0 0 0 1004 27 0 0 0 0 0 0 6 51 0 0 7 0 0 0 0 4 0 0 0 0 0 0 0 9 0 0 0 0 0 0 0 126 0 0 0 0 0 0 0 244 0 0 0 0 0 0 0 0 0 0 0 0 0 0 0 0 0 0 0 0 0 0 0 0 0 0 0 0 0 0 0 0 0 0 0 0 0 0 0 0 0 0 0 0 0 0 0 0 0 0 0 0 
0 3 0 0 16 258 0 0 1 0 2 0 0 0 0 0 33 0 0 4 0 0 105 0 588 1368 0 0 622 0 0 15050 0 0 0 1231 30 0 0 0 0 0 0 1 3 0 0 3 0 0 0 0 7 0 0 0 0 0 0 0 8 0 0 0 0 0 197 0 218 0 8 0 0 0 117 0 276 0 6 0 0 0 0 0 0 0 0 0 0 0 0 0 0 0 0 44 0 0 0 2 0 0 0 2 0 1 0 0 0 0 0 0 0 0 0 4 0 0 0 0 0 0 0 0 0 0 0 0 0 
0 8 0 0 31 585 0 0 18 0 11 0 0 0 0 0 56 0 0 100 0 0 2211 0 1062 2641 0 0 1268 0 9 26979 0 0 0 1807 36 0 0 0 0 0 0 15 186 0 0 18 0 0 0 0 6 0 0 0 0 0 0 0 17 0 0 42 0 0 685 0 395 0 19 0 0 0 703 0 430 0 31 0 0 0 0 0 0 3 0 0 0 0 0 0 0 0 0 127 0 0 0 6 0 0 0 7 0 3 0 0 0 0 0 0 0 0 0 10 0 0 0 0 0 0 0 0 0 5 0 0 0 
0 2 0 0 9 124 0 0 1 0 0 0 0 0 0 0 22 0 0 9 0 0 118 0 405 731 0 0 133 0 0 4852 0 0 0 450 11 0 0 0 0 0 0 0 3 0 0 0 0 0 0 0 3 0 0 0 0 0 0 0 5 0 0 0 0 0 0 0 19 0 0 0 0 0 0 0 73 0 0 0 0 0 0 0 0 0 0 0 0 0 0 0 0 0 0 0 0 0 0 0 0 0 0 0 0 0 0 0 0 0 0 0 0 0 0 0 0 0 0 0 0 0 0 0 0 0 0 0 0 
0 2 0 0 10 50 0 0 0 0 1 0 0 0 0 0 22 0 0 0 0 0 0 0 142 1131 0 0 144 0 0 595 0 0 0 187 11 0 0 0 0 0 0 0 0 0 0 0 0 0 0 0 2 0 0 0 0 0 0 0 9 0 0 0 0 0 28 0 14 0 2 0 0 0 22 0 62 0 2 0 0 0 0 0 0 0 0 0 0 0 0 0 0 0 0 0 0 0 0 0 0 0 0 0 0 0 0 0 0 0 0 0 0 0 0 3 0 0 0 0 0 0 0 0 0 0 0 0 0 
0 3 0 0 14 138 0 0 2 0 1 0 0 0 0 0 29 0 0 7 0 0 147 0 322 1470 0 0 394 0 0 3601 0 0 0 507 17 0 0 0 0 0 0 3 13 0 0 5 0 0 0 0 3 0 0 0 0 0 0 0 9 0 0 1 0 0 17 0 37 0 2 0 0 0 60 0 142 0 3 0 0 0 0 0 0 0 0 0 0 0 0 0 0 0 0 11 0 0 0 0 0 0 0 1 0 0 0 0 0 0 0 0 0 0 0 2 0 0 0 0 0 0 0 0 0 0 0 0 0 
0 5 0 0 19 213 0 0 7 0 3 0 0 0 0 0 50 0 0 43 0 0 487 0 496 1707 0 0 749 0 3 4768 0 0 0 657 20 0 0 0 0 0 0 5 43 0 0 3 0 0 0 0 5 0 0 0 0 0 0 0 10 0 0 6 0 0 156 0 75 0 7 0 0 0 81 0 148 0 9 0 0 0 0 0 0 0 0 0 0 0 0 0 0 0 0 18 0 0 0 0 0 0 0 2 0 0 0 0 0 0 0 0 0 0 0 2 0 0 0 0 0 0 0 0 0 1 0 0 0 
0 4 0 0 13 191 0 0 5 0 1 0 0 0 0 0 36 0 0 28 0 0 427 0 498 1166 0 0 521 0 2 4781 0 0 0 482 13 0 0 0 0 0 0 2 24 0 0 1 0 0 0 0 5 0 0 0 0 0 0 0 7 0 0 2 0 0 62 0 65 0 2 0 0 0 25 0 99 0 2 0 0 0 0 0 0 0 0 0 0 0 0 0 0 0 0 4 0 0 0 1 0 0 0 0 0 0 0 0 0 0 0 0 0 0 0 1 0 0 0 0 0 0 0 0 0 0 0 0 0 
0 1 0 0 5 29 0 0 0 0 0 0 0 0 0 0 9 0 0 0 0 0 0 0 61 627 0 0 123 0 0 392 0 0 0 99 6 0 0 0 0 0 0 0 0 0 0 0 0 0 0 0 2 0 0 0 0 0 0 0 4 0 0 0 0 0 0 0 14 0 0 0 0 0 0 0 45 0 0 0 0 0 0 0 0 0 0 0 0 0 0 0 0 0 0 0 0 0 0 0 0 0 0 0 0 0 0 0 0 0 0 0 0 0 0 0 0 0 0 0 0 0 0 0 0 0 0 0 0 
0 5 0 0 24 373 0 0 7 0 3 0 0 0 0 0 48 0 0 55 0 0 814 0 752 1560 0 0 1110 0 2 19145 0 0 0 1550 35 0 0 0 0 0 0 9 92 0 0 4 0 0 0 0 12 0 0 0 0 0 0 0 23 0 0 7 0 0 346 0 341 0 6 0 0 0 84 0 288 0 8 0 0 0 0 0 0 1 0 0 0 0 0 0 0 0 0 26 0 0 0 6 0 0 0 1 0 0 0 0 0 0 0 0 0 0 0 4 0 0 0 0 0 0 0 0 0 0 0 0 0 
0 3 0 0 12 188 0 0 2 0 1 0 0 0 0 0 33 0 0 12 0 0 251 0 624 726 0 0 157 0 0 6583 0 0 0 633 14 0 0 0 0 0 0 0 16 0 0 2 0 0 0 0 2 0 0 0 0 0 0 0 13 0 0 1 0 0 48 0 18 0 0 0 0 0 40 0 89 0 5 0 0 0 0 0 0 0 0 0 0 0 0 0 0 0 0 2 0 0 0 1 0 0 0 0 0 0 0 0 0 0 0 0 0 0 0 1 0 0 0 0 0 0 0 0 0 0 0 0 0 
0 2 0 0 14 91 0 0 1 0 0 0 0 0 0 0 30 0 0 10 0 0 78 0 281 949 0 0 107 0 0 2025 0 0 0 539 24 0 0 0 0 0 0 1 6 0 0 2 0 0 0 0 3 0 0 0 0 0 0 0 20 0 0 0 0 0 0 0 12 0 0 0 0 0 0 0 86 0 0 0 0 0 0 0 0 0 0 0 0 0 0 0 0 0 0 0 0 0 0 0 0 0 0 0 0 0 0 0 0 0 0 0 0 0 0 0 0 0 0 0 0 0 0 0 0 0 0 0 0 
0 4 0 0 22 309 0 0 3 0 4 0 0 0 0 0 39 0 0 31 0 0 319 0 685 1760 0 0 971 0 0 16078 0 0 0 1308 34 0 0 0 0 0 0 4 35 0 0 3 0 0 0 0 8 0 0 0 0 0 0 0 20 0 0 4 0 0 230 0 229 0 12 0 0 0 352 0 322 0 13 0 0 0 0 0 0 0 0 0 0 0 0 0 0 0 0 61 0 0 0 5 0 0 0 4 0 0 0 0 0 0 0 0 0 0 0 5 0 0 1 0 0 0 0 0 0 1 0 0 0 
0 4 0 0 21 218 0 0 5 0 1 0 0 0 0 0 50 0 0 49 0 0 481 0 582 1518 0 0 669 0 2 7041 0 0 0 904 37 0 0 0 0 0 0 3 39 0 0 2 0 0 0 0 4 0 0 0 0 0 0 0 22 0 0 2 0 0 48 0 130 0 0 0 0 0 40 0 213 0 5 0 0 0 0 0 0 0 0 0 0 0 0 0 0 0 0 2 0 0 0 1 0 0 0 0 0 0 0 0 0 0 0 0 0 0 0 1 0 0 0 0 0 0 0 0 0 0 0 0 0 
0 5 0 0 27 286 0 0 9 0 1 0 0 0 0 0 61 0 0 79 0 0 918 0 673 2013 0 0 762 0 7 9285 0 0 0 1324 44 0 0 0 0 0 0 7 53 0 0 6 0 0 0 0 7 0 0 0 0 0 0 0 22 0 0 3 0 0 64 0 149 0 2 0 0 0 35 0 285 0 2 0 0 0 0 0 0 0 0 0 0 0 0 0 0 0 0 7 0 0 0 1 0 0 0 0 0 0 0 0 0 0 0 0 0 0 0 4 0 0 0 0 0 0 0 0 0 0 0 0 0 
0 4 0 0 20 342 0 0 5 0 1 0 0 0 0 0 37 0 0 42 0 0 698 0 688 1240 0 0 1047 0 2 18655 0 0 0 1408 32 0 0 0 0 0 0 8 83 0 0 1 0 0 0 0 11 0 0 0 0 0 0 0 19 0 0 2 0 0 102 0 357 0 1 0 0 0 30 0 280 0 3 0 0 0 0 0 0 0 0 0 0 0 0 0 0 0 0 12 0 0 0 3 0 0 0 0 0 0 0 0 0 0 0 0 0 0 0 1 0 0 0 0 0 0 0 0 0 0 0 0 0 
0 5 0 0 31 405 0 0 8 0 2 0 0 0 0 0 61 0 0 77 0 0 1055 0 827 2114 0 0 792 0 4 19569 0 0 0 2043 57 0 0 0 0 0 0 10 100 0 0 9 0 0 0 0 11 0 0 0 0 0 0 0 27 0 0 6 0 0 122 0 247 0 5 0 0 0 143 0 414 0 5 0 0 0 0 0 0 0 0 0 0 0 0 0 0 0 0 45 0 0 0 2 0 0 0 2 0 0 0 0 0 0 0 0 0 0 0 7 0 0 0 0 0 0 0 0 0 0 0 0 0 
0 5 0 0 21 420 0 0 8 0 2 0 0 0 0 0 43 0 0 56 0 0 1086 0 971 1409 0 0 969 0 5 18789 0 0 0 1356 31 0 0 0 0 0 0 7 122 0 0 5 0 0 0 0 6 0 0 0 0 0 0 0 14 0 0 4 0 0 188 0 279 0 3 0 0 0 72 0 264 0 3 0 0 0 0 0 0 1 0 0 0 0 0 0 0 0 0 40 0 0 0 5 0 0 0 0 0 0 0 0 0 0 0 0 0 0 0 1 0 0 0 0 0 0 0 0 0 0 0 0 0 
0 3 0 0 15 202 0 0 3 0 0 0 0 0 0 0 39 0 0 25 0 0 363 0 537 836 0 0 618 0 1 7220 0 0 0 884 26 0 0 0 0 0 0 1 20 0 0 2 0 0 0 0 5 0 0 0 0 0 0 0 9 0 0 0 0 0 0 0 154 0 0 0 0 0 0 0 155 0 0 0 0 0 0 0 0 0 0 0 0 0 0 0 0 0 0 0 0 0 0 0 0 0 0 0 0 0 0 0 0 0 0 0 0 0 0 0 0 0 0 0 0 0 0 0 0 0 0 0 0 
0 4 0 0 20 240 0 0 5 0 1 0 0 0 0 0 44 0 0 40 0 0 520 0 680 1562 0 0 830 0 2 9548 0 0 0 939 26 0 0 0 0 0 0 3 37 0 0 5 0 0 0 0 8 0 0 0 0 0 0 0 16 0 0 2 0 0 17 0 131 0 3 0 0 0 89 0 178 0 4 0 0 0 0 0 0 0 0 0 0 0 0 0 0 0 0 8 0 0 0 1 0 0 0 1 0 0 0 0 0 0 0 0 0 0 0 1 0 0 0 0 0 0 0 0 0 0 0 0 0 
0 2 0 0 11 153 0 0 1 0 0 0 0 0 0 0 21 0 0 6 0 0 136 0 365 824 0 0 743 0 0 6053 0 0 0 701 20 0 0 0 0 0 0 4 7 0 0 1 0 0 0 0 9 0 0 0 0 0 0 0 8 0 0 0 0 0 0 0 145 0 0 0 0 0 0 0 155 0 0 0 0 0 0 0 0 0 0 0 0 0 0 0 0 0 0 0 0 0 0 0 0 0 0 0 0 0 0 0 0 0 0 0 0 0 0 0 0 0 0 0 0 0 0 0 0 0 0 0 0 
0 3 0 0 14 298 0 0 1 0 2 0 0 0 0 0 37 0 0 9 0 0 133 0 701 837 0 0 735 0 0 16534 0 0 0 1208 24 0 0 0 0 0 0 0 9 0 0 0 0 0 0 0 6 0 0 0 0 0 0 0 6 0 0 0 0 0 93 0 245 0 5 0 0 0 234 0 260 0 6 0 0 0 0 0 0 0 0 0 0 0 0 1 0 0 0 58 0 0 0 2 0 0 0 3 0 0 0 0 0 0 0 0 0 0 0 3 0 0 0 0 0 0 0 0 0 0 0 0 0 
0 4 0 0 17 163 0 0 5 0 1 0 0 0 0 0 39 0 0 27 0 0 344 0 479 1516 0 0 797 0 2 5461 0 0 0 565 24 0 0 0 0 0 0 2 10 0 0 7 0 0 0 0 7 0 0 0 0 0 0 0 8 0 0 2 0 0 17 0 127 0 3 0 0 0 89 0 136 0 4 0 0 0 0 0 0 0 0 0 0 0 0 0 0 0 0 8 0 0 0 1 0 0 0 1 0 0 0 0 0 0 0 0 0 0 0 1 0 0 0 0 0 0 0 0 0 0 0 0 0 
0 5 0 0 16 414 0 0 9 0 1 0 0 0 0 0 35 0 0 48 0 0 1211 0 997 942 0 0 978 0 7 18623 0 0 0 1183 21 0 0 0 0 0 0 7 126 0 0 3 0 0 0 0 5 0 0 0 0 0 0 0 4 0 0 3 0 0 88 0 295 0 2 0 0 0 42 0 217 0 0 0 0 0 0 0 0 0 0 0 0 0 0 0 0 0 0 28 0 0 0 2 0 0 0 0 0 0 0 0 0 0 0 0 0 0 0 0 0 0 0 0 0 0 0 0 0 0 0 0 0 
0 4 0 0 16 263 0 0 5 0 1 0 0 0 0 0 44 0 0 32 0 0 588 0 625 1047 0 0 788 0 2 9147 0 0 0 935 22 0 0 0 0 0 0 5 49 0 0 2 0 0 0 0 6 0 0 0 0 0 0 0 7 0 0 2 0 0 47 0 177 0 3 0 0 0 36 0 184 0 3 0 0 0 0 0 0 0 0 0 0 0 0 0 0 0 0 7 0 0 0 1 0 0 0 0 0 0 0 0 0 0 0 0 0 0 0 0 0 0 0 0 0 0 0 0 0 0 0 0 0 
0 3 0 0 16 285 0 0 1 0 2 0 0 0 0 0 40 0 0 9 0 0 124 0 665 995 0 0 703 0 0 15820 0 0 0 1332 30 0 0 0 0 0 0 1 7 0 0 0 0 0 0 0 8 0 0 0 0 0 0 0 8 0 0 0 0 0 197 0 230 0 7 0 0 0 144 0 281 0 4 0 0 0 0 0 0 0 0 0 0 0 0 0 0 0 0 44 0 0 0 3 0 0 0 2 0 1 0 0 0 0 0 0 0 0 0 5 0 0 0 0 0 0 0 0 0 0 0 0 0 
0 3 0 0 15 185 0 0 3 0 0 0 0 0 0 0 29 0 0 19 0 0 322 0 462 1338 0 0 514 0 1 6993 0 0 0 726 25 0 0 0 0 0 0 2 23 0 0 5 0 0 0 0 4 0 0 0 0 0 0 0 9 0 0 0 0 0 0 0 132 0 0 0 0 0 0 0 179 0 0 0 0 0 0 0 0 0 0 0 0 0 0 0 0 0 0 0 0 0 0 0 0 0 0 0 0 0 0 0 0 0 0 0 0 0 0 0 0 0 0 0 0 0 0 0 0 0 0 0 0 
0 2 0 0 12 169 0 0 1 0 0 0 0 0 0 0 27 0 0 8 0 0 140 0 414 895 0 0 418 0 0 7093 0 0 0 820 23 0 0 0 0 0 0 1 14 0 0 2 0 0 0 0 3 0 0 0 0 0 0 0 8 0 0 0 0 0 0 0 121 0 0 0 0 0 0 0 192 0 0 0 0 0 0 0 0 0 0 0 0 0 0 0 0 0 0 0 0 0 0 0 0 0 0 0 0 0 0 0 0 0 0 0 0 0 0 0 0 0 0 0 0 0 0 0 0 0 0 0 0 
0 3 0 0 18 292 0 0 2 0 1 0 0 0 0 0 40 0 0 22 0 0 296 0 679 1107 0 0 699 0 0 16234 0 0 0 1456 35 0 0 0 0 0 0 2 22 0 0 0 0 0 0 0 9 0 0 0 0 0 0 0 13 0 0 1 0 0 58 0 236 0 3 0 0 0 108 0 284 0 3 0 0 0 0 0 0 0 0 0 0 0 0 0 0 0 0 38 0 0 0 1 0 0 0 2 0 0 0 0 0 0 0 0 0 0 0 3 0 0 0 0 0 0 0 0 0 0 0 0 0 
0 4 0 0 18 381 0 0 5 0 1 0 0 0 0 0 35 0 0 29 0 0 775 0 831 1360 0 0 934 0 2 19714 0 0 0 1488 29 0 0 0 0 0 0 8 60 0 0 5 0 0 0 0 10 0 0 0 0 0 0 0 9 0 0 2 0 0 58 0 273 0 3 0 0 0 108 0 373 0 3 0 0 0 0 0 0 0 0 0 0 0 0 0 0 0 0 38 0 0 0 1 0 0 0 2 0 0 0 0 0 0 0 0 0 0 0 3 0 0 0 0 0 0 0 0 0 0 0 0 0 
0 3 0 0 15 217 0 0 3 0 0 0 0 0 0 0 31 0 0 20 0 0 380 0 476 1131 0 0 803 0 1 11732 0 0 0 1059 24 0 0 0 0 0 0 5 25 0 0 3 0 0 0 0 9 0 0 0 0 0 0 0 11 0 0 0 0 0 0 0 193 0 0 0 0 0 0 0 241 0 0 0 0 0 0 0 0 0 0 0 0 0 0 0 0 0 0 0 0 0 0 0 0 0 0 0 0 0 0 0 0 0 0 0 0 0 0 0 0 0 0 0 0 0 0 0 0 0 0 0 0 
0 2 0 0 8 70 0 0 1 0 0 0 0 0 0 0 19 0 0 4 0 0 62 0 213 731 0 0 390 0 0 1161 0 0 0 229 9 0 0 0 0 0 0 0 4 0 0 2 0 0 0 0 0 0 0 0 0 0 0 0 3 0 0 0 0 0 0 0 30 0 0 0 0 0 0 0 51 0 0 0 0 0 0 0 0 0 0 0 0 0 0 0 0 0 0 0 0 0 0 0 0 0 0 0 0 0 0 0 0 0 0 0 0 0 0 0 0 0 0 0 0 0 0 0 0 0 0 0 0 
0 3 0 0 11 183 0 0 1 0 2 0 0 0 0 0 25 0 0 9 0 0 72 0 542 911 0 0 559 0 0 6431 0 0 0 508 12 0 0 0 0 0 0 0 8 0 0 0 0 0 0 0 8 0 0 0 0 0 0 0 7 0 0 0 0 0 71 0 48 0 9 0 0 0 174 0 83 0 3 0 0 0 0 0 0 0 0 0 0 0 0 1 0 0 0 16 0 0 0 1 0 0 0 0 0 0 0 0 0 0 0 0 0 0 0 0 0 0 0 0 0 0 0 0 0 0 0 0 0 
53 1 147 52 4 33 1363 181 0 0 0 15 1 485 94 154 7 390 98 0 516 17619 0 7160 75 451 1679 6141 182 166 0 514 22733 6294 1315 101 4 0 251 2 11 52 59 0 0 1061 26 0 0 0 0 0 0 0 0 0 2 27 36 0 2 23 3 0 131 28 0 621 14 3 0 11 158 1362 0 48 31 26 0 0 52 0 0 0 0 0 1 0 0 0 0 0 1 0 0 0 69 0 4 0 3 0 0 0 0 0 1 29 1 0 0 0 0 13 3 0 0 0 0 0 0 0 0 0 0 0 0 0 0 
0 2 0 0 9 90 0 0 1 0 0 0 0 0 0 0 21 0 0 9 0 0 72 0 193 878 0 0 723 0 0 2040 0 0 0 338 11 0 0 0 0 0 0 0 9 0 0 0 0 0 0 0 7 0 0 0 0 0 0 0 7 0 0 0 0 0 0 0 62 0 0 0 0 0 0 0 73 0 0 0 0 0 0 0 0 0 0 0 0 0 0 0 0 0 0 0 0 0 0 0 0 0 0 0 0 0 0 0 0 0 0 0 0 0 0 0 0 0 0 0 0 0 0 0 0 0 0 0 0 
96 4 10 355 13 104 4555 352 5 1 1 5 28 0 28 906 31 27 977 26 961 31703 242 25527 255 918 8967 900 660 374 2 1614 142420 45 15574 322 12 409 25 0 2 238 0 2 8 3941 128 2 0 26 10 83 8 2 3 3 0 0 0 83 9 13 64 2 250 849 45 450 48 84 5 15 0 50 7 2459 68 12 2 65 5 0 0 0 0 0 12 0 0 0 0 0 3 3 97 0 10 10 0 0 0 5 0 0 7 0 18 0 0 0 0 0 0 0 0 0 3 0 0 0 0 0 0 0 0 0 0 0 0 
0 1 0 0 5 56 0 0 0 0 0 0 0 0 0 0 12 0 0 0 0 0 0 0 123 375 0 0 424 0 0 1499 0 0 0 234 7 0 0 0 0 0 0 0 0 0 0 0 0 0 0 0 7 0 0 0 0 0 0 0 5 0 0 0 0 0 0 0 42 0 0 0 0 0 0 0 41 0 0 0 0 0 0 0 0 0 0 0 0 0 0 0 0 0 0 0 0 0 0 0 0 0 0 0 0 0 0 0 0 0 0 0 0 0 0 0 0 0 0 0 0 0 0 0 0 0 0 0 0 
0 2 0 0 8 126 0 0 1 0 0 0 0 0 0 0 20 0 0 6 0 0 114 0 308 717 0 0 563 0 0 3896 0 0 0 362 8 0 0 0 0 0 0 0 6 0 0 1 0 0 0 0 8 0 0 0 0 0 0 0 7 0 0 0 0 0 0 0 60 0 0 0 0 0 0 0 121 0 0 0 0 0 0 0 0 0 0 0 0 0 0 0 0 0 0 0 0 0 0 0 0 0 0 0 0 0 0 0 0 0 0 0 0 0 0 0 0 0 0 0 0 0 0 0 0 0 0 0 0 
0 3 0 0 14 167 0 0 2 0 1 0 0 0 0 0 34 0 0 15 0 0 203 0 382 1235 0 0 718 0 0 4759 0 0 0 639 17 0 0 0 0 0 0 0 10 0 0 2 0 0 0 0 11 0 0 0 0 0 0 0 11 0 0 1 0 0 34 0 80 0 3 0 0 0 67 0 148 0 4 0 0 0 0 0 0 0 0 0 0 0 0 0 0 0 0 5 0 0 0 0 0 0 0 0 0 0 0 0 0 0 0 0 0 0 0 1 0 0 0 0 0 0 0 0 0 0 0 0 0 
0 6 0 0 23 283 0 0 10 0 5 0 0 0 0 0 62 0 0 69 0 0 905 0 678 1714 0 0 968 0 6 7126 0 0 0 820 27 0 0 0 0 0 0 4 35 0 0 3 0 0 0 0 10 0 0 0 0 0 0 0 13 0 0 8 0 0 234 0 107 0 17 0 0 0 157 0 216 0 12 0 0 0 0 0 0 2 0 0 0 0 0 2 0 0 0 22 0 0 0 2 0 0 0 1 0 2 0 0 0 0 0 0 0 0 0 3 0 0 0 0 0 0 0 0 0 0 0 0 0 
0 1 0 0 5 56 0 0 0 0 0 0 0 0 0 0 12 0 0 0 0 0 0 0 123 375 0 0 424 0 0 1499 0 0 0 234 7 0 0 0 0 0 0 0 0 0 0 0 0 0 0 0 7 0 0 0 0 0 0 0 5 0 0 0 0 0 0 0 42 0 0 0 0 0 0 0 41 0 0 0 0 0 0 0 0 0 0 0 0 0 0 0 0 0 0 0 0 0 0 0 0 0 0 0 0 0 0 0 0 0 0 0 0 0 0 0 0 0 0 0 0 0 0 0 0 0 0 0 0 
11 3 195 32 13 142 50 37 2 0 2 5 1 322 456 116 28 534 80 13 87 4031 180 259 324 1039 1461 1516 554 48 0 3304 124 8838 143 542 15 20 559 2 35 21 9 1 8 41 11 2 22 0 0 0 8 0 0 0 3 0 83 22 11 10 2 2 19 45 73 37 51 5 6 12 107 380 73 7 85 14 6 2 130 0 0 0 0 0 0 1 0 0 0 0 1 0 0 12 3 0 10 2 0 0 0 2 0 0 0 1 0 0 0 0 0 0 3 0 0 0 0 0 0 0 0 0 0 0 0 0 0 
0 2 0 0 9 96 0 0 1 0 0 0 0 0 0 0 22 0 0 7 0 0 88 0 214 823 0 0 689 0 0 2253 0 0 0 355 11 0 0 0 0 0 0 0 4 0 0 1 0 0 0 0 10 0 0 0 0 0 0 0 7 0 0 0 0 0 0 0 68 0 0 0 0 0 0 0 77 0 0 0 0 0 0 0 0 0 0 0 0 0 0 0 0 0 0 0 0 0 0 0 0 0 0 0 0 0 0 0 0 0 0 0 0 0 0 0 0 0 0 0 0 0 0 0 0 0 0 0 0 
0 3 0 0 18 156 0 0 3 0 0 0 0 0 0 0 45 0 0 26 0 0 286 0 381 1258 0 0 720 0 1 4402 0 0 0 742 32 0 0 0 0 0 0 2 13 0 0 5 0 0 0 0 9 0 0 0 0 0 0 0 17 0 0 0 0 0 0 0 74 0 0 0 0 0 0 0 157 0 0 0 0 0 0 0 0 0 0 0 0 0 0 0 0 0 0 0 0 0 0 0 0 0 0 0 0 0 0 0 0 0 0 0 0 0 0 0 0 0 0 0 0 0 0 0 0 0 0 0 0 
0 3 0 0 15 178 0 0 2 0 1 0 0 0 0 0 38 0 0 18 0 0 194 0 561 875 0 0 548 0 0 6279 0 0 0 650 25 0 0 0 0 0 0 2 6 0 0 2 0 0 0 0 9 0 0 0 0 0 0 0 12 0 0 1 0 0 45 0 50 0 5 0 0 0 86 0 97 0 2 0 0 0 0 0 0 0 0 0 0 0 0 0 0 0 0 9 0 0 0 1 0 0 0 0 0 0 0 0 0 0 0 0 0 0 0 0 0 0 0 0 0 0 0 0 0 0 0 0 0 
0 3 0 0 12 192 0 0 1 0 2 0 0 0 0 0 36 0 0 7 0 0 130 0 579 721 0 0 416 0 0 6755 0 0 0 638 14 0 0 0 0 0 0 0 4 0 0 0 0 0 0 0 7 0 0 0 0 0 0 0 7 0 0 0 0 0 95 0 45 0 8 0 0 0 126 0 82 0 4 0 0 0 0 0 0 1 0 0 0 0 0 0 0 0 0 11 0 0 0 2 0 0 0 1 0 0 0 0 0 0 0 0 0 0 0 2 0 0 0 0 0 0 0 0 0 0 0 0 0 
0 3 0 0 13 153 0 0 3 0 0 0 0 0 0 0 33 0 0 21 0 0 289 0 354 1319 0 0 562 0 1 4247 0 0 0 460 16 0 0 0 0 0 0 1 8 0 0 2 0 0 0 0 8 0 0 0 0 0 0 0 9 0 0 0 0 0 0 0 60 0 0 0 0 0 0 0 158 0 0 0 0 0 0 0 0 0 0 0 0 0 0 0 0 0 0 0 0 0 0 0 0 0 0 0 0 0 0 0 0 0 0 0 0 0 0 0 0 0 0 0 0 0 0 0 0 0 0 0 0 
119 2 536 215 3 69 6824 293 1 1 0 198 21 915 685 297 7 887 508 3 707 18320 57 27626 130 63 7323 42704 72 232 0 1183 254607 26506 11196 92 1 96 1108 4 78 22 282 0 6 2945 11 0 160 15 190 36 0 1 2 1 10 347 66 0 0 324 37 0 105 733 0 15537 3 26 0 255 298 19293 0 2199 5 356 0 21 211 0 1 1 0 0 3 61 0 0 0 0 78 0 102 0 3524 0 5 0 122 72 14 0 7 0 4 110 36 0 0 4 0 130 21 0 0 2 0 0 0 0 0 0 0 0 0 0 85 
0 2 0 0 7 145 0 0 1 0 0 0 0 0 0 0 15 0 0 5 0 0 137 0 339 673 0 0 534 0 0 7057 0 0 0 311 9 0 0 0 0 0 0 2 3 0 0 0 0 0 0 0 1 0 0 0 0 0 0 0 2 0 0 0 0 0 0 0 198 0 0 0 0 0 0 0 58 0 0 0 0 0 0 0 0 0 0 0 0 0 0 0 0 0 0 0 0 0 0 0 0 0 0 0 0 0 0 0 0 0 0 0 0 0 0 0 0 0 0 0 0 0 0 0 0 0 0 0 0 
0 4 0 0 12 196 0 0 5 0 1 0 0 0 0 0 26 0 0 20 0 0 410 0 456 1188 0 0 1099 0 2 7832 0 0 0 434 9 0 0 0 0 0 0 5 25 0 0 3 0 0 0 0 4 0 0 0 0 0 0 0 5 0 0 2 0 0 112 0 228 0 2 0 0 0 4 0 72 0 2 0 0 0 0 0 0 0 0 0 0 0 0 0 0 0 0 4 0 0 0 1 0 0 0 0 0 0 0 0 0 0 0 0 0 0 0 0 0 0 0 0 0 0 0 0 0 0 0 0 0 
0 4 0 0 8 263 0 0 2 0 5 0 0 0 0 0 24 0 0 7 0 0 183 0 750 574 0 0 772 0 0 10466 0 0 0 293 8 0 0 0 0 0 0 1 7 0 0 0 0 0 0 0 1 0 0 0 0 0 0 0 3 0 0 2 0 0 317 0 176 0 8 0 0 0 249 0 75 0 9 0 0 0 0 0 0 0 0 0 0 0 0 0 0 0 0 58 0 0 0 4 0 0 0 1 0 2 0 0 0 0 0 0 0 0 0 0 0 0 0 0 0 0 0 0 0 2 0 0 0 
0 5 0 0 17 438 0 0 8 0 2 0 0 0 0 0 36 0 0 41 0 0 1184 0 904 958 0 0 1149 0 4 24081 0 0 0 1414 22 0 0 0 0 0 0 14 134 0 0 4 0 0 0 0 12 0 0 0 0 0 0 0 10 0 0 6 0 0 95 0 355 0 4 0 0 0 135 0 287 0 2 0 0 0 0 0 0 0 0 0 0 0 0 0 0 0 0 30 0 0 0 2 0 0 0 0 0 0 0 0 0 0 0 0 0 0 0 1 0 0 0 0 0 0 0 0 0 0 0 0 0 
0 2 0 0 6 158 0 0 1 0 0 0 0 0 0 0 9 0 0 2 0 0 134 0 370 519 0 0 797 0 0 7460 0 0 0 334 5 0 0 0 0 0 0 4 11 0 0 0 0 0 0 0 4 0 0 0 0 0 0 0 2 0 0 0 0 0 0 0 224 0 0 0 0 0 0 0 57 0 0 0 0 0 0 0 0 0 0 0 0 0 0 0 0 0 0 0 0 0 0 0 0 0 0 0 0 0 0 0 0 0 0 0 0 0 0 0 0 0 0 0 0 0 0 0 0 0 0 0 0 
0 3 0 0 9 235 0 0 1 0 2 0 0 0 0 0 21 0 0 5 0 0 101 0 631 528 0 0 657 0 0 10075 0 0 0 525 8 0 0 0 0 0 0 2 9 0 0 0 0 0 0 0 4 0 0 0 0 0 0 0 4 0 0 0 0 0 195 0 186 0 3 0 0 0 84 0 85 0 4 0 0 0 0 0 0 1 0 0 0 0 0 0 0 0 0 35 0 0 0 3 0 0 0 0 0 0 0 0 0 0 0 0 0 0 0 1 0 0 0 0 0 0 0 0 0 0 0 0 0 
0 3 0 0 12 298 0 0 3 0 0 0 0 0 0 0 22 0 0 19 0 0 492 0 599 681 0 0 1186 0 1 17783 0 0 0 1128 19 0 0 0 0 0 0 5 51 0 0 0 0 0 0 0 12 0 0 0 0 0 0 0 8 0 0 0 0 0 0 0 383 0 0 0 0 0 0 0 224 0 0 0 0 0 0 0 0 0 0 0 0 0 0 0 0 0 0 0 0 0 0 0 0 0 0 0 0 0 0 0 0 0 0 0 0 0 0 0 0 0 0 0 0 0 0 0 0 0 0 0 0 
0 1 0 0 2 118 0 0 0 0 0 0 0 0 0 0 3 0 0 0 0 0 0 0 293 69 0 0 536 0 0 6706 0 0 0 213 1 0 0 0 0 0 0 0 0 0 0 0 0 0 0 0 1 0 0 0 0 0 0 0 0 0 0 0 0 0 0 0 198 0 0 0 0 0 0 0 21 0 0 0 0 0 0 0 0 0 0 0 0 0 0 0 0 0 0 0 0 0 0 0 0 0 0 0 0 0 0 0 0 0 0 0 0 0 0 0 0 0 0 0 0 0 0 0 0 0 0 0 0 
0 5 0 0 20 416 0 0 8 0 3 0 0 0 0 0 42 0 0 51 0 0 1098 0 881 941 0 0 1256 0 5 22293 0 0 0 1445 26 0 0 0 0 0 0 9 121 0 0 2 0 0 0 0 12 0 0 0 0 0 0 0 13 0 0 6 0 0 267 0 362 0 11 0 0 0 179 0 260 0 11 0 0 0 0 0 0 0 0 0 0 0 0 1 0 0 0 21 0 0 0 3 0 0 0 0 0 1 0 0 0 0 0 0 0 0 0 2 0 0 0 0 0 0 0 0 0 0 0 0 0 
0 3 0 0 12 296 0 0 3 0 0 0 0 0 0 0 23 0 0 17 0 0 470 0 572 663 0 0 1226 0 1 17733 0 0 0 1127 18 0 0 0 0 0 0 7 59 0 0 0 0 0 0 0 10 0 0 0 0 0 0 0 10 0 0 0 0 0 0 0 370 0 0 0 0 0 0 0 220 0 0 0 0 0 0 0 0 0 0 0 0 0 0 0 0 0 0 0 0 0 0 0 0 0 0 0 0 0 0 0 0 0 0 0 0 0 0 0 0 0 0 0 0 0 0 0 0 0 0 0 0 
0 3 0 0 14 313 0 0 2 0 1 0 0 0 0 0 30 0 0 17 0 0 350 0 647 674 0 0 976 0 0 18335 0 0 0 1270 22 0 0 0 0 0 0 4 55 0 0 0 0 0 0 0 12 0 0 0 0 0 0 0 12 0 0 1 0 0 109 0 362 0 1 0 0 0 42 0 224 0 4 0 0 0 0 0 0 0 0 0 0 0 0 0 0 0 0 7 0 0 0 1 0 0 0 0 0 0 0 0 0 0 0 0 0 0 0 1 0 0 0 0 0 0 0 0 0 0 0 0 0 
0 5 0 0 20 385 0 0 8 0 2 0 0 0 0 0 48 0 0 50 0 0 1018 0 961 1020 0 0 821 0 5 16014 0 0 0 1259 23 0 0 0 0 0 0 5 82 0 0 6 0 0 0 0 7 0 0 0 0 0 0 0 10 0 0 4 0 0 207 0 233 0 3 0 0 0 99 0 162 0 7 0 0 0 0 0 0 1 0 0 0 0 0 0 0 0 0 22 0 0 0 3 0 0 0 0 0 0 0 0 0 0 0 0 0 0 0 1 0 0 0 0 0 0 0 0 0 0 0 0 0 
0 3 0 0 10 228 0 0 2 0 1 0 0 0 0 0 22 0 0 6 0 0 300 0 563 703 0 0 865 0 0 9783 0 0 0 551 10 0 0 0 0 0 0 5 21 0 0 1 0 0 0 0 5 0 0 0 0 0 0 0 4 0 0 1 0 0 57 0 235 0 3 0 0 0 33 0 96 0 5 0 0 0 0 0 0 0 0 0 0 0 0 0 0 0 0 10 0 0 0 0 0 0 0 0 0 0 0 0 0 0 0 0 0 0 0 0 0 0 0 0 0 0 0 0 0 0 0 0 0 
0 3 0 0 14 292 0 0 3 0 0 0 0 0 0 0 28 0 0 19 0 0 493 0 562 1071 0 0 948 0 1 17628 0 0 0 1141 24 0 0 0 0 0 0 6 44 0 0 2 0 0 0 0 10 0 0 0 0 0 0 0 10 0 0 0 0 0 0 0 361 0 0 0 0 0 0 0 248 0 0 0 0 0 0 0 0 0 0 0 0 0 0 0 0 0 0 0 0 0 0 0 0 0 0 0 0 0 0 0 0 0 0 0 0 0 0 0 0 0 0 0 0 0 0 0 0 0 0 0 0 
0 4 0 0 12 288 0 0 5 0 1 0 0 0 0 0 34 0 0 25 0 0 678 0 748 723 0 0 859 0 2 12837 0 0 0 712 10 0 0 0 0 0 0 3 54 0 0 1 0 0 0 0 2 0 0 0 0 0 0 0 6 0 0 2 0 0 17 0 244 0 3 0 0 0 53 0 89 0 2 0 0 0 0 0 0 0 0 0 0 0 0 0 0 0 0 2 0 0 0 0 0 0 0 1 0 0 0 0 0 0 0 0 0 0 0 0 0 0 0 0 0 0 0 0 0 0 0 0 0 
29 7 202 162 20 445 392 104 15 1 7 14 38 448 841 367 43 354 432 65 240 9586 1649 2208 887 1613 9417 4182 1117 118 11 19693 3320 11476 1779 1126 15 279 566 4 103 99 28 9 107 299 74 9 16 33 58 19 9 1 0 3 8 0 161 134 11 27 84 21 76 3002 439 290 301 81 11 50 148 1400 304 791 258 26 15 129 189 1 1 0 0 3 32 2 0 0 0 2 16 14 111 66 42 39 40 5 0 7 4 3 2 3 23 14 13 1 1 0 1 0 6 2 16 0 0 0 0 0 0 0 0 0 8 9 0 
50 6 68 275 15 312 1215 163 10 2 6 10 22 472 220 548 29 177 662 35 407 16027 942 6267 694 1353 13969 2951 903 134 5 10085 19147 822 6155 537 10 418 164 1 31 145 47 10 67 813 102 3 1 58 54 81 5 3 5 4 0 34 51 250 6 24 48 12 102 1380 267 426 223 37 11 32 23 290 278 958 127 23 12 73 42 2 1 0 0 2 11 0 1 0 0 1 10 1 51 36 24 28 11 1 3 14 8 1 3 4 12 3 1 0 1 1 1 2 5 1 17 0 0 0 0 0 0 0 0 0 1 0 0 
0 5 0 0 25 177 0 0 10 0 0 0 0 0 0 0 60 0 0 84 0 0 662 0 520 1927 0 0 784 0 10 3249 0 0 0 680 35 0 0 0 0 0 0 5 21 0 0 6 0 0 0 0 5 0 0 0 0 0 0 0 20 0 0 0 0 0 0 0 71 0 0 0 0 0 0 0 149 0 0 0 0 0 0 0 0 0 0 0 0 0 0 0 0 0 0 0 0 0 0 0 0 0 0 0 0 0 0 0 0 0 0 0 0 0 0 0 0 0 0 0 0 0 0 0 0 0 0 0 0 
0 5 0 0 19 338 0 0 8 0 3 0 0 0 0 0 43 0 0 48 0 0 969 0 788 1390 0 0 905 0 4 15045 0 0 0 1236 23 0 0 0 0 0 0 5 47 0 0 3 0 0 0 0 8 0 0 0 0 0 0 0 14 0 0 9 0 0 109 0 210 0 8 0 0 0 203 0 256 0 10 0 0 0 0 0 0 0 0 0 0 0 0 0 0 0 0 27 0 0 0 3 0 0 0 4 0 0 0 0 0 0 0 0 0 0 0 1 0 0 0 0 0 0 0 0 0 0 0 0 0 
0 2 0 0 7 109 0 0 1 0 0 0 0 0 0 0 22 0 0 7 0 0 97 0 302 385 0 0 443 0 0 2849 0 0 0 321 7 0 0 0 0 0 0 0 6 0 0 0 0 0 0 0 3 0 0 0 0 0 0 0 2 0 0 0 0 0 0 0 70 0 0 0 0 0 0 0 57 0 0 0 0 0 0 0 0 0 0 0 0 0 0 0 0 0 0 0 0 0 0 0 0 0 0 0 0 0 0 0 0 0 0 0 0 0 0 0 0 0 0 0 0 0 0 0 0 0 0 0 0 
0 3 0 0 14 94 0 0 3 0 0 0 0 0 0 0 30 0 0 19 0 0 179 0 218 1548 0 0 808 0 1 1425 0 0 0 320 17 0 0 0 0 0 0 3 3 0 0 4 0 0 0 0 10 0 0 0 0 0 0 0 10 0 0 0 0 0 0 0 58 0 0 0 0 0 0 0 98 0 0 0 0 0 0 0 0 0 0 0 0 0 0 0 0 0 0 0 0 0 0 0 0 0 0 0 0 0 0 0 0 0 0 0 0 0 0 0 0 0 0 0 0 0 0 0 0 0 0 0 0 
0 5 0 0 18 213 0 0 9 0 1 0 0 0 0 0 37 0 0 49 0 0 694 0 613 1394 0 0 954 0 7 4951 0 0 0 601 16 0 0 0 0 0 0 7 36 0 0 5 0 0 0 0 10 0 0 0 0 0 0 0 13 0 0 3 0 0 32 0 83 0 2 0 0 0 48 0 141 0 4 0 0 0 0 0 0 0 0 0 0 0 0 0 0 0 0 0 0 0 0 0 0 0 0 1 0 0 0 0 0 0 0 0 0 0 0 1 0 0 0 0 0 0 0 0 0 0 0 0 0 
0 2 0 0 6 72 0 0 0 0 1 0 0 0 0 0 14 0 0 0 0 0 0 0 204 625 0 0 473 0 0 1226 0 0 0 175 5 0 0 0 0 0 0 0 0 0 0 0 0 0 0 0 3 0 0 0 0 0 0 0 2 0 0 0 0 0 35 0 43 0 3 0 0 0 29 0 44 0 2 0 0 0 0 0 0 0 0 0 0 0 0 0 0 0 0 4 0 0 0 0 0 0 0 1 0 0 0 0 0 0 0 0 0 0 0 0 0 0 0 0 0 0 0 0 0 0 0 0 0 
0 4 0 0 15 209 0 0 4 0 2 0 0 0 0 0 40 0 0 28 0 0 378 0 620 1163 0 0 588 0 1 6545 0 0 0 638 18 0 0 0 0 0 0 4 24 0 0 1 0 0 0 0 4 0 0 0 0 0 0 0 7 0 0 2 0 0 61 0 60 0 4 0 0 0 116 0 120 0 5 0 0 0 0 0 0 0 0 0 0 0 0 0 0 0 0 10 0 0 0 0 0 0 0 2 0 1 0 0 0 0 0 0 0 0 0 0 0 0 0 0 0 0 0 0 0 0 0 0 0 
0 2 0 0 5 88 0 0 0 0 1 0 0 0 0 0 16 0 0 0 0 0 0 0 265 262 0 0 416 0 0 1982 0 0 0 182 4 0 0 0 0 0 0 0 0 0 0 0 0 0 0 0 3 0 0 0 0 0 0 0 0 0 0 0 0 0 25 0 55 0 3 0 0 0 49 0 24 0 2 0 0 0 0 0 0 0 0 0 0 0 0 0 0 0 0 7 0 0 0 0 0 0 0 0 0 0 0 0 0 0 0 0 0 0 0 0 0 0 0 0 0 0 0 0 0 0 0 0 0 
0 6 0 0 17 307 0 0 10 0 5 0 0 0 0 0 42 0 0 49 0 0 975 0 857 1568 0 0 754 0 6 9240 0 0 0 705 11 0 0 0 0 0 0 6 55 0 0 2 0 0 0 0 1 0 0 0 0 0 0 0 5 0 0 8 0 0 186 0 72 0 6 0 0 0 216 0 180 0 11 0 0 0 0 0 0 2 0 0 0 0 0 0 0 0 0 21 0 0 0 0 0 0 0 4 0 4 0 0 0 0 0 0 0 0 0 3 0 0 0 0 0 0 0 0 0 0 0 0 0 
57 3 228 151 12 77 1556 162 3 1 0 41 19 504 515 504 29 493 296 17 390 15517 121 7218 172 928 3773 9489 358 157 1 1011 27344 9088 3646 259 16 136 788 2 24 95 47 3 15 779 44 2 13 9 116 32 4 1 3 2 10 170 15 0 5 81 36 0 78 526 0 1668 20 70 0 86 143 3139 0 928 73 158 0 28 223 0 0 2 1 0 3 4 0 0 0 0 27 5 59 0 264 0 2 0 27 21 8 0 3 0 11 19 11 0 2 0 0 13 4 0 0 0 0 0 0 0 0 0 0 0 0 0 8 
0 1 0 0 7 147 0 0 0 0 0 0 0 0 0 0 17 0 0 0 0 0 0 0 309 402 0 0 418 0 0 10571 0 0 0 830 15 0 0 0 0 0 0 0 0 0 0 0 0 0 0 0 9 0 0 0 0 0 0 0 8 0 0 0 0 0 0 0 163 0 0 0 0 0 0 0 190 0 0 0 0 0 0 0 0 0 0 0 0 0 0 0 0 0 0 0 0 0 0 0 0 0 0 0 0 0 0 0 0 0 0 0 0 0 0 0 0 0 0 0 0 0 0 0 0 0 0 0 0 
0 4 0 0 17 331 0 0 5 0 1 0 0 0 0 0 40 0 0 31 0 0 693 0 780 1197 0 0 690 0 2 17479 0 0 0 1349 23 0 0 0 0 0 0 6 65 0 0 4 0 0 0 0 10 0 0 0 0 0 0 0 12 0 0 2 0 0 137 0 179 0 4 0 0 0 12 0 312 0 1 0 0 0 0 0 0 0 0 0 0 0 0 0 0 0 0 7 0 0 0 2 0 0 0 1 0 0 0 0 0 0 0 0 0 0 0 2 0 0 0 0 0 0 0 0 0 0 0 0 0 
0 3 0 0 14 221 0 0 1 0 2 0 0 0 0 0 39 0 0 9 0 0 158 0 511 751 0 0 537 0 0 12174 0 0 0 929 22 0 0 0 0 0 0 1 4 0 0 1 0 0 0 0 8 0 0 0 0 0 0 0 8 0 0 0 0 0 85 0 181 0 4 0 0 0 143 0 206 0 9 0 0 0 0 0 0 1 0 0 0 0 0 0 0 0 0 23 0 0 0 1 0 0 0 1 0 0 0 0 0 0 0 0 0 0 0 1 0 0 0 0 0 0 0 0 0 0 0 0 0 
0 1 0 0 7 147 0 0 0 0 0 0 0 0 0 0 17 0 0 0 0 0 0 0 309 402 0 0 418 0 0 10571 0 0 0 830 15 0 0 0 0 0 0 0 0 0 0 0 0 0 0 0 9 0 0 0 0 0 0 0 8 0 0 0 0 0 0 0 163 0 0 0 0 0 0 0 190 0 0 0 0 0 0 0 0 0 0 0 0 0 0 0 0 0 0 0 0 0 0 0 0 0 0 0 0 0 0 0 0 0 0 0 0 0 0 0 0 0 0 0 0 0 0 0 0 0 0 0 0 
0 4 0 0 16 265 0 0 6 0 0 0 0 0 0 0 40 0 0 42 0 0 729 0 642 1009 0 0 635 0 4 13518 0 0 0 1116 25 0 0 0 0 0 0 5 31 0 0 1 0 0 0 0 12 0 0 0 0 0 0 0 8 0 0 0 0 0 0 0 194 0 0 0 0 0 0 0 237 0 0 0 0 0 0 0 0 0 0 0 0 0 0 0 0 0 0 0 0 0 0 0 0 0 0 0 0 0 0 0 0 0 0 0 0 0 0 0 0 0 0 0 0 0 0 0 0 0 0 0 0 
0 2 0 0 11 242 0 0 1 0 0 0 0 0 0 0 29 0 0 9 0 0 189 0 607 504 0 0 427 0 0 15031 0 0 0 1181 20 0 0 0 0 0 0 1 26 0 0 1 0 0 0 0 10 0 0 0 0 0 0 0 9 0 0 0 0 0 0 0 168 0 0 0 0 0 0 0 218 0 0 0 0 0 0 0 0 0 0 0 0 0 0 0 0 0 0 0 0 0 0 0 0 0 0 0 0 0 0 0 0 0 0 0 0 0 0 0 0 0 0 0 0 0 0 0 0 0 0 0 0 
0 4 0 0 18 292 0 0 3 0 3 0 0 0 0 0 52 0 0 25 0 0 352 0 699 905 0 0 622 0 0 13909 0 0 0 1226 25 0 0 0 0 0 0 1 19 0 0 2 0 0 0 0 11 0 0 0 0 0 0 0 14 0 0 3 0 0 221 0 188 0 10 0 0 0 199 0 222 0 9 0 0 0 0 0 0 0 0 0 0 0 0 0 0 0 0 32 0 0 0 3 0 0 0 1 0 0 0 0 0 0 0 0 0 0 0 1 0 0 0 0 0 0 0 0 0 1 0 0 0 
0 2 0 0 11 242 0 0 1 0 0 0 0 0 0 0 29 0 0 9 0 0 189 0 607 504 0 0 427 0 0 15031 0 0 0 1181 20 0 0 0 0 0 0 1 26 0 0 1 0 0 0 0 10 0 0 0 0 0 0 0 9 0 0 0 0 0 0 0 168 0 0 0 0 0 0 0 218 0 0 0 0 0 0 0 0 0 0 0 0 0 0 0 0 0 0 0 0 0 0 0 0 0 0 0 0 0 0 0 0 0 0 0 0 0 0 0 0 0 0 0 0 0 0 0 0 0 0 0 0 
0 4 0 0 20 329 0 0 5 0 1 0 0 0 0 0 49 0 0 40 0 0 686 0 692 1275 0 0 750 0 2 16111 0 0 0 1500 33 0 0 0 0 0 0 5 54 0 0 3 0 0 0 0 13 0 0 0 0 0 0 0 14 0 0 2 0 0 139 0 214 0 5 0 0 0 37 0 318 0 1 0 0 0 0 0 0 0 0 0 0 0 0 0 0 0 0 6 0 0 0 2 0 0 0 0 0 0 0 0 0 0 0 0 0 0 0 2 0 0 0 0 0 0 0 0 0 0 0 0 0 
0 1 0 0 7 147 0 0 0 0 0 0 0 0 0 0 17 0 0 0 0 0 0 0 309 402 0 0 418 0 0 10571 0 0 0 830 15 0 0 0 0 0 0 0 0 0 0 0 0 0 0 0 9 0 0 0 0 0 0 0 8 0 0 0 0 0 0 0 163 0 0 0 0 0 0 0 190 0 0 0 0 0 0 0 0 0 0 0 0 0 0 0 0 0 0 0 0 0 0 0 0 0 0 0 0 0 0 0 0 0 0 0 0 0 0 0 0 0 0 0 0 0 0 0 0 0 0 0 0 
0 6 0 0 21 457 0 0 14 0 1 0 0 0 0 0 49 0 0 73 0 0 1825 0 1028 1331 0 0 1041 0 16 20891 0 0 0 1497 23 0 0 0 0 0 0 13 125 0 0 8 0 0 0 0 12 0 0 0 0 0 0 0 12 0 0 4 0 0 35 0 237 0 2 0 0 0 126 0 330 0 5 0 0 0 0 0 0 0 0 0 0 0 0 0 0 0 0 20 0 0 0 1 0 0 0 1 0 0 0 0 0 0 0 0 0 0 0 0 0 0 0 0 0 0 0 0 0 0 0 0 0 
0 1 0 0 7 147 0 0 0 0 0 0 0 0 0 0 17 0 0 0 0 0 0 0 309 402 0 0 418 0 0 10571 0 0 0 830 15 0 0 0 0 0 0 0 0 0 0 0 0 0 0 0 9 0 0 0 0 0 0 0 8 0 0 0 0 0 0 0 163 0 0 0 0 0 0 0 190 0 0 0 0 0 0 0 0 0 0 0 0 0 0 0 0 0 0 0 0 0 0 0 0 0 0 0 0 0 0 0 0 0 0 0 0 0 0 0 0 0 0 0 0 0 0 0 0 0 0 0 0 
0 5 0 0 21 380 0 0 6 0 4 0 0 0 0 0 60 0 0 44 0 0 822 0 929 1120 0 0 709 0 2 18053 0 0 0 1456 29 0 0 0 0 0 0 4 56 0 0 4 0 0 0 0 12 0 0 0 0 0 0 0 13 0 0 5 0 0 256 0 194 0 14 0 0 0 246 0 275 0 11 0 0 0 0 0 0 0 0 0 0 0 0 0 0 0 0 39 0 0 0 3 0 0 0 1 0 2 0 0 0 0 0 0 0 0 0 1 0 0 0 0 0 0 0 0 0 1 0 0 0 
0 6 0 0 25 318 0 0 11 0 5 0 0 0 0 0 54 0 0 74 0 0 1102 0 709 2054 0 0 987 0 7 13760 0 0 0 1186 29 0 0 0 0 0 0 11 36 0 0 8 0 0 0 0 11 0 0 0 0 0 0 0 19 0 0 12 0 0 172 0 214 0 12 0 0 0 227 0 284 0 15 0 0 0 0 0 0 1 0 0 0 0 0 2 0 0 0 31 0 0 0 1 0 0 0 2 0 2 0 0 0 0 0 0 0 0 0 2 0 0 0 0 0 0 0 0 0 0 0 0 0 
0 2 0 0 11 183 0 0 1 0 0 0 0 0 0 0 25 0 0 9 0 0 154 0 412 634 0 0 507 0 0 11191 0 0 0 955 20 0 0 0 0 0 0 2 14 0 0 0 0 0 0 0 9 0 0 0 0 0 0 0 9 0 0 0 0 0 0 0 173 0 0 0 0 0 0 0 209 0 0 0 0 0 0 0 0 0 0 0 0 0 0 0 0 0 0 0 0 0 0 0 0 0 0 0 0 0 0 0 0 0 0 0 0 0 0 0 0 0 0 0 0 0 0 0 0 0 0 0 0 
0 3 0 0 12 270 0 0 2 0 1 0 0 0 0 0 31 0 0 10 0 0 293 0 618 673 0 0 686 0 0 14286 0 0 0 1024 16 0 0 0 0 0 0 4 21 0 0 1 0 0 0 0 10 0 0 0 0 0 0 0 7 0 0 1 0 0 35 0 211 0 2 0 0 0 126 0 219 0 5 0 0 0 0 0 0 0 0 0 0 0 0 0 0 0 0 20 0 0 0 1 0 0 0 1 0 0 0 0 0 0 0 0 0 0 0 0 0 0 0 0 0 0 0 0 0 0 0 0 0 
0 2 0 0 13 190 0 0 1 0 0 0 0 0 0 0 33 0 0 9 0 0 171 0 414 862 0 0 612 0 0 11455 0 0 0 1030 26 0 0 0 0 0 0 3 8 0 0 1 0 0 0 0 11 0 0 0 0 0 0 0 12 0 0 0 0 0 0 0 182 0 0 0 0 0 0 0 245 0 0 0 0 0 0 0 0 0 0 0 0 0 0 0 0 0 0 0 0 0 0 0 0 0 0 0 0 0 0 0 0 0 0 0 0 0 0 0 0 0 0 0 0 0 0 0 0 0 0 0 0 
0 4 0 0 17 222 0 0 5 0 1 0 0 0 0 0 44 0 0 34 0 0 487 0 525 1430 0 0 567 0 2 6399 0 0 0 763 19 0 0 0 0 0 0 5 32 0 0 2 0 0 0 0 7 0 0 0 0 0 0 0 11 0 0 2 0 0 34 0 80 0 3 0 0 0 67 0 166 0 4 0 0 0 0 0 0 0 0 0 0 0 0 0 0 0 0 5 0 0 0 0 0 0 0 0 0 0 0 0 0 0 0 0 0 0 0 1 0 0 0 0 0 0 0 0 0 0 0 0 0 
0 3 0 0 10 141 0 0 2 0 1 0 0 0 0 0 33 0 0 11 0 0 187 0 383 722 0 0 529 0 0 3558 0 0 0 411 10 0 0 0 0 0 0 0 11 0 0 1 0 0 0 0 3 0 0 0 0 0 0 0 5 0 0 1 0 0 38 0 46 0 4 0 0 0 28 0 63 0 1 0 0 0 0 0 0 0 0 0 0 0 0 0 0 0 0 3 0 0 0 1 0 0 0 0 0 0 0 0 0 0 0 0 0 0 0 1 0 0 0 0 0 0 0 0 0 0 0 0 0 
0 3 0 0 13 122 0 0 2 0 1 0 0 0 0 0 40 0 0 19 0 0 167 0 366 805 0 0 427 0 0 2475 0 0 0 507 17 0 0 0 0 0 0 0 2 0 0 0 0 0 0 0 3 0 0 0 0 0 0 0 11 0 0 1 0 0 38 0 27 0 4 0 0 0 28 0 54 0 1 0 0 0 0 0 0 0 0 0 0 0 0 0 0 0 0 3 0 0 0 1 0 0 0 0 0 0 0 0 0 0 0 0 0 0 0 1 0 0 0 0 0 0 0 0 0 0 0 0 0 
0 1 0 0 6 72 0 0 0 0 0 0 0 0 0 0 15 0 0 0 0 0 0 0 186 448 0 0 96 0 0 2539 0 0 0 353 10 0 0 0 0 0 0 0 0 0 0 0 0 0 0 0 1 0 0 0 0 0 0 0 5 0 0 0 0 0 0 0 18 0 0 0 0 0 0 0 78 0 0 0 0 0 0 0 0 0 0 0 0 0 0 0 0 0 0 0 0 0 0 0 0 0 0 0 0 0 0 0 0 0 0 0 0 0 0 0 0 0 0 0 0 0 0 0 0 0 0 0 0 
0 1 0 0 6 72 0 0 0 0 0 0 0 0 0 0 15 0 0 0 0 0 0 0 186 448 0 0 96 0 0 2539 0 0 0 353 10 0 0 0 0 0 0 0 0 0 0 0 0 0 0 0 1 0 0 0 0 0 0 0 5 0 0 0 0 0 0 0 18 0 0 0 0 0 0 0 78 0 0 0 0 0 0 0 0 0 0 0 0 0 0 0 0 0 0 0 0 0 0 0 0 0 0 0 0 0 0 0 0 0 0 0 0 0 0 0 0 0 0 0 0 0 0 0 0 0 0 0 0 
0 2 0 0 9 111 0 0 0 0 1 0 0 0 0 0 22 0 0 0 0 0 0 0 283 864 0 0 294 0 0 3260 0 0 0 405 10 0 0 0 0 0 0 0 0 0 0 0 0 0 0 0 4 0 0 0 0 0 0 0 6 0 0 0 0 0 34 0 38 0 3 0 0 0 67 0 107 0 4 0 0 0 0 0 0 0 0 0 0 0 0 0 0 0 0 5 0 0 0 0 0 0 0 0 0 0 0 0 0 0 0 0 0 0 0 1 0 0 0 0 0 0 0 0 0 0 0 0 0 
0 5 0 0 19 283 0 0 9 0 1 0 0 0 0 0 47 0 0 49 0 0 915 0 744 1533 0 0 467 0 7 9284 0 0 0 945 24 0 0 0 0 0 0 4 58 0 0 7 0 0 0 0 4 0 0 0 0 0 0 0 9 0 0 3 0 0 64 0 47 0 5 0 0 0 20 0 168 0 3 0 0 0 0 0 0 0 0 0 0 0 0 0 0 0 0 7 0 0 0 0 0 0 0 0 0 0 0 0 0 0 0 0 0 0 0 1 0 0 0 0 0 0 0 0 0 0 0 0 0 
0 1 0 0 6 72 0 0 0 0 0 0 0 0 0 0 15 0 0 0 0 0 0 0 186 448 0 0 96 0 0 2539 0 0 0 353 10 0 0 0 0 0 0 0 0 0 0 0 0 0 0 0 1 0 0 0 0 0 0 0 5 0 0 0 0 0 0 0 18 0 0 0 0 0 0 0 78 0 0 0 0 0 0 0 0 0 0 0 0 0 0 0 0 0 0 0 0 0 0 0 0 0 0 0 0 0 0 0 0 0 0 0 0 0 0 0 0 0 0 0 0 0 0 0 0 0 0 0 0 
0 1 0 0 3 68 0 0 0 0 0 0 0 0 0 0 8 0 0 0 0 0 0 0 198 231 0 0 170 0 0 2249 0 0 0 173 3 0 0 0 0 0 0 0 0 0 0 0 0 0 0 0 2 0 0 0 0 0 0 0 0 0 0 0 0 0 0 0 29 0 0 0 0 0 0 0 31 0 0 0 0 0 0 0 0 0 0 0 0 0 0 0 0 0 0 0 0 0 0 0 0 0 0 0 0 0 0 0 0 0 0 0 0 0 0 0 0 0 0 0 0 0 0 0 0 0 0 0 0 
0 1 0 0 3 68 0 0 0 0 0 0 0 0 0 0 8 0 0 0 0 0 0 0 198 231 0 0 170 0 0 2249 0 0 0 173 3 0 0 0 0 0 0 0 0 0 0 0 0 0 0 0 2 0 0 0 0 0 0 0 0 0 0 0 0 0 0 0 29 0 0 0 0 0 0 0 31 0 0 0 0 0 0 0 0 0 0 0 0 0 0 0 0 0 0 0 0 0 0 0 0 0 0 0 0 0 0 0 0 0 0 0 0 0 0 0 0 0 0 0 0 0 0 0 0 0 0 0 0 
0 2 0 0 6 138 0 0 1 0 0 0 0 0 0 0 16 0 0 6 0 0 126 0 383 575 0 0 309 0 0 4646 0 0 0 301 4 0 0 0 0 0 0 0 6 0 0 0 0 0 0 0 3 0 0 0 0 0 0 0 2 0 0 0 0 0 0 0 47 0 0 0 0 0 0 0 111 0 0 0 0 0 0 0 0 0 0 0 0 0 0 0 0 0 0 0 0 0 0 0 0 0 0 0 0 0 0 0 0 0 0 0 0 0 0 0 0 0 0 0 0 0 0 0 0 0 0 0 0 
0 3 0 0 15 108 0 0 3 0 0 0 0 0 0 0 32 0 0 20 0 0 199 0 293 1248 0 0 227 0 1 2626 0 0 0 355 25 0 0 0 0 0 0 1 8 0 0 5 0 0 0 0 2 0 0 0 0 0 0 0 8 0 0 0 0 0 0 0 32 0 0 0 0 0 0 0 88 0 0 0 0 0 0 0 0 0 0 0 0 0 0 0 0 0 0 0 0 0 0 0 0 0 0 0 0 0 0 0 0 0 0 0 0 0 0 0 0 0 0 0 0 0 0 0 0 0 0 0 0 
0 1 0 0 3 68 0 0 0 0 0 0 0 0 0 0 8 0 0 0 0 0 0 0 198 231 0 0 170 0 0 2249 0 0 0 173 3 0 0 0 0 0 0 0 0 0 0 0 0 0 0 0 2 0 0 0 0 0 0 0 0 0 0 0 0 0 0 0 29 0 0 0 0 0 0 0 31 0 0 0 0 0 0 0 0 0 0 0 0 0 0 0 0 0 0 0 0 0 0 0 0 0 0 0 0 0 0 0 0 0 0 0 0 0 0 0 0 0 0 0 0 0 0 0 0 0 0 0 0 
36 2 19 69 7 68 628 165 1 0 0 2 3 34 33 177 20 49 219 3 493 16088 62 4352 173 573 2309 626 437 236 0 1117 7073 168 1152 197 6 33 75 0 5 65 1 0 3 703 38 2 0 0 0 0 3 0 0 0 0 0 0 0 4 5 9 0 136 95 0 66 30 8 0 4 3 38 0 103 43 8 0 3 19 0 0 0 0 0 2 0 0 0 0 0 2 0 1 0 1 0 0 0 0 0 0 0 0 0 2 0 0 0 0 0 0 0 0 0 0 0 0 0 0 0 0 0 0 0 0 0 0 
0 2 0 0 5 147 0 0 1 0 0 0 0 0 0 0 17 0 0 3 0 0 131 0 515 135 0 0 157 0 0 5771 0 0 0 402 5 0 0 0 0 0 0 0 8 0 0 1 0 0 0 0 1 0 0 0 0 0 0 0 1 0 0 0 0 0 0 0 20 0 0 0 0 0 0 0 29 0 0 0 0 0 0 0 0 0 0 0 0 0 0 0 0 0 0 0 0 0 0 0 0 0 0 0 0 0 0 0 0 0 0 0 0 0 0 0 0 0 0 0 0 0 0 0 0 0 0 0 0 
0 1 0 0 3 56 0 0 0 0 0 0 0 0 0 0 12 0 0 0 0 0 0 0 162 77 0 0 228 0 0 1500 0 0 0 148 3 0 0 0 0 0 0 0 0 0 0 0 0 0 0 0 1 0 0 0 0 0 0 0 0 0 0 0 0 0 0 0 41 0 0 0 0 0 0 0 19 0 0 0 0 0 0 0 0 0 0 0 0 0 0 0 0 0 0 0 0 0 0 0 0 0 0 0 0 0 0 0 0 0 0 0 0 0 0 0 0 0 0 0 0 0 0 0 0 0 0 0 0 
0 4 0 0 14 78 0 0 5 0 1 0 0 0 0 0 47 0 0 25 0 0 210 0 220 1321 0 0 446 0 2 1569 0 0 0 212 14 0 0 0 0 0 0 0 5 0 0 5 0 0 0 0 1 0 0 0 0 0 0 0 5 0 0 2 0 0 9 0 46 0 3 0 0 0 5 0 34 0 4 0 0 0 0 0 0 0 0 0 0 0 0 0 0 0 0 0 0 0 0 0 0 0 0 0 0 0 0 0 0 0 0 0 0 0 0 0 0 0 0 0 0 0 0 0 0 0 0 0 0 
0 2 0 0 11 49 0 0 1 0 0 0 0 0 0 0 29 0 0 7 0 0 49 0 135 1132 0 0 43 0 0 581 0 0 0 209 15 0 0 0 0 0 0 0 0 0 0 2 0 0 0 0 0 0 0 0 0 0 0 0 10 0 0 0 0 0 0 0 1 0 0 0 0 0 0 0 58 0 0 0 0 0 0 0 0 0 0 0 0 0 0 0 0 0 0 0 0 0 0 0 0 0 0 0 0 0 0 0 0 0 0 0 0 0 0 0 0 0 0 0 0 0 0 0 0 0 0 0 0 
0 1 0 0 5 27 0 0 0 0 0 0 0 0 0 0 14 0 0 0 0 0 0 0 54 604 0 0 0 0 0 351 0 0 0 98 8 0 0 0 0 0 0 0 0 0 0 0 0 0 0 0 0 0 0 0 0 0 0 0 2 0 0 0 0 0 0 0 0 0 0 0 0 0 0 0 37 0 0 0 0 0 0 0 0 0 0 0 0 0 0 0 0 0 0 0 0 0 0 0 0 0 0 0 0 0 0 0 0 0 0 0 0 0 0 0 0 0 0 0 0 0 0 0 0 0 0 0 0 
0 2 0 0 8 75 0 0 1 0 0 0 0 0 0 0 22 0 0 5 0 0 74 0 212 868 0 0 138 0 0 2407 0 0 0 149 10 0 0 0 0 0 0 1 0 0 0 1 0 0 0 0 1 0 0 0 0 0 0 0 3 0 0 0 0 0 0 0 18 0 0 0 0 0 0 0 84 0 0 0 0 0 0 0 0 0 0 0 0 0 0 0 0 0 0 0 0 0 0 0 0 0 0 0 0 0 0 0 0 0 0 0 0 0 0 0 0 0 0 0 0 0 0 0 0 0 0 0 0 
0 2 0 0 8 89 0 0 0 0 1 0 0 0 0 0 17 0 0 0 0 0 0 0 256 946 0 0 145 0 0 2524 0 0 0 197 9 0 0 0 0 0 0 0 0 0 0 0 0 0 0 0 1 0 0 0 0 0 0 0 4 0 0 0 0 0 64 0 12 0 1 0 0 0 17 0 108 0 1 0 0 0 0 0 0 0 0 0 0 0 0 0 0 0 0 3 0 0 0 2 0 0 0 0 0 0 0 0 0 0 0 0 0 0 0 2 0 0 0 0 0 0 0 0 0 0 0 0 0 
0 1 0 0 3 31 0 0 0 0 0 0 0 0 0 0 10 0 0 0 0 0 0 0 94 192 0 0 279 0 0 456 0 0 0 84 2 0 0 0 0 0 0 0 0 0 0 0 0 0 0 0 0 0 0 0 0 0 0 0 2 0 0 0 0 0 0 0 9 0 0 0 0 0 0 0 9 0 0 0 0 0 0 0 0 0 0 0 0 0 0 0 0 0 0 0 0 0 0 0 0 0 0 0 0 0 0 0 0 0 0 0 0 0 0 0 0 0 0 0 0 0 0 0 0 0 0 0 0 
0 1 0 0 4 95 0 0 0 0 0 0 0 0 0 0 13 0 0 0 0 0 0 0 352 104 0 0 10 0 0 4460 0 0 0 351 5 0 0 0 0 0 0 0 0 0 0 0 0 0 0 0 1 0 0 0 0 0 0 0 1 0 0 0 0 0 0 0 5 0 0 0 0 0 0 0 28 0 0 0 0 0 0 0 0 0 0 0 0 0 0 0 0 0 0 0 0 0 0 0 0 0 0 0 0 0 0 0 0 0 0 0 0 0 0 0 0 0 0 0 0 0 0 0 0 0 0 0 0 
0 1 0 0 4 20 0 0 0 0 0 0 0 0 0 0 12 0 0 0 0 0 0 0 61 492 0 0 141 0 0 187 0 0 0 55 3 0 0 0 0 0 0 0 0 0 0 0 0 0 0 0 1 0 0 0 0 0 0 0 5 0 0 0 0 0 0 0 3 0 0 0 0 0 0 0 24 0 0 0 0 0 0 0 0 0 0 0 0 0 0 0 0 0 0 0 0 0 0 0 0 0 0 0 0 0 0 0 0 0 0 0 0 0 0 0 0 0 0 0 0 0 0 0 0 0 0 0 0 
0 1 0 0 5 5 0 0 0 0 0 0 0 0 0 0 15 0 0 0 0 0 0 0 15 526 0 0 0 0 0 10 0 0 0 21 9 0 0 0 0 0 0 0 0 0 0 0 0 0 0 0 0 0 0 0 0 0 0 0 1 0 0 0 0 0 0 0 0 0 0 0 0 0 0 0 4 0 0 0 0 0 0 0 0 0 0 0 0 0 0 0 0 0 0 0 0 0 0 0 0 0 0 0 0 0 0 0 0 0 0 0 0 0 0 0 0 0 0 0 0 0 0 0 0 0 0 0 0 
0 1 0 0 2 35 0 0 0 0 0 0 0 0 0 0 7 0 0 0 0 0 0 0 165 68 0 0 19 0 0 593 0 0 0 67 1 0 0 0 0 0 0 0 0 0 0 0 0 0 0 0 0 0 0 0 0 0 0 0 0 0 0 0 0 0 0 0 2 0 0 0 0 0 0 0 3 0 0 0 0 0 0 0 0 0 0 0 0 0 0 0 0 0 0 0 0 0 0 0 0 0 0 0 0 0 0 0 0 0 0 0 0 0 0 0 0 0 0 0 0 0 0 0 0 0 0 0 0 
