41 4 119 140 12 324 808 110 4 0 2 12 24 365 376 360 40 302 296 19 364 8166 519 3743 906 629 10611 4285 929 97 1 15396 10224 2440 2389 859 12 128 352 0 58 44 30 1 34 273 28 0 7 0 0 0 15 0 0 0 4 21 31 49 9 25 56 2 39 2567 190 404 228 81 4 39 76 402 127 737 140 45 4 36 85 0 0 0 0 0 10 1 0 0 0 0 5 0 106 32 25 17 11 1 6 0 0 2 0 1 7 2 4 0 0 0 0 3 3 3 13 0 0 0 0 0 0 0 0 0 2 3 0 
0 3 0 0 13 229 0 0 3 0 0 0 0 0 0 0 39 0 0 22 0 0 398 0 588 954 0 0 784 0 1 12383 0 0 0 715 14 0 0 0 0 0 0 4 28 0 0 0 0 0 0 0 7 0 0 0 0 0 0 0 10 0 0 0 0 0 0 0 203 0 0 0 0 0 0 0 123 0 0 0 0 0 0 0 0 0 0 0 0 0 0 0 0 0 0 0 0 0 0 0 0 0 0 0 0 0 0 0 0 0 0 0 0 0 0 0 0 0 0 0 0 0 0 0 0 0 0 0 0 
0 3 0 0 14 225 0 0 2 0 1 0 0 0 0 0 40 0 0 18 0 0 219 0 566 907 0 0 738 0 0 11786 0 0 0 916 18 0 0 0 0 0 0 2 22 0 0 0 0 0 0 0 17 0 0 0 0 0 0 0 11 0 0 1 0 0 131 0 217 0 4 0 0 0 27 0 154 0 1 0 0 0 0 0 0 0 0 0 0 0 0 0 0 0 0 13 0 0 0 1 0 0 0 0 0 0 0 0 0 0 0 0 0 0 0 1 0 0 0 0 0 0 0 0 0 0 0 0 0 
0 5 0 0 24 477 0 0 7 0 3 0 0 0 0 0 48 0 0 51 0 0 1074 0 1041 1510 0 0 1513 0 3 26771 0 0 0 1798 40 0 0 0 0 0 0 12 101 0 0 3 0 0 0 0 19 0 0 0 0 0 0 0 16 0 0 5 0 0 304 0 443 0 8 0 0 0 195 0 333 0 8 0 0 0 0 0 0 0 0 0 0 0 0 0 0 0 0 57 0 0 0 4 0 0 0 5 0 2 0 0 0 0 0 0 0 0 0 3 0 0 0 0 0 0 0 0 0 0 0 0 0 
0 5 0 0 17 333 0 0 8 0 2 0 0 0 0 0 67 0 0 48 0 0 849 0 893 1160 0 0 1008 0 5 16962 0 0 0 953 16 0 0 0 0 0 0 5 47 0 0 2 0 0 0 0 11 0 0 0 0 0 0 0 9 0 0 4 0 0 218 0 250 0 4 0 0 0 114 0 147 0 2 0 0 0 0 0 0 0 0 0 0 0 0 0 0 0 0 24 0 0 0 4 0 0 0 0 0 1 0 0 0 0 0 0 0 0 0 2 0 0 0 0 0 0 0 0 0 0 0 0 0 
0 6 0 0 24 355 0 0 11 0 4 0 0 0 0 0 60 0 0 68 0 0 1159 0 892 1879 0 0 1440 0 7 15969 0 0 0 1100 23 0 0 0 0 0 0 11 62 0 0 7 0 0 0 0 13 0 0 0 0 0 0 0 21 0 0 10 0 0 343 0 284 0 13 0 0 0 104 0 248 0 11 0 0 0 0 0 0 1 0 0 0 0 0 1 0 0 0 16 0 0 0 5 0 0 0 0 0 1 0 0 0 0 0 0 0 0 0 1 0 0 0 0 0 0 0 0 0 0 0 0 0 
0 4 0 0 17 374 0 0 5 0 1 0 0 0 0 0 42 0 0 32 0 0 776 0 857 1095 0 0 1282 0 2 22629 0 0 0 1292 19 0 0 0 0 0 0 11 76 0 0 1 0 0 0 0 21 0 0 0 0 0 0 0 13 0 0 2 0 0 131 0 400 0 4 0 0 0 27 0 219 0 1 0 0 0 0 0 0 0 0 0 0 0 0 0 0 0 0 13 0 0 0 1 0 0 0 0 0 0 0 0 0 0 0 0 0 0 0 1 0 0 0 0 0 0 0 0 0 0 0 0 0 
0 4 0 0 15 290 0 0 6 0 0 0 0 0 0 0 44 0 0 35 0 0 780 0 797 1158 0 0 829 0 4 16466 0 0 0 894 13 0 0 0 0 0 0 6 42 0 0 2 0 0 0 0 8 0 0 0 0 0 0 0 10 0 0 0 0 0 0 0 180 0 0 0 0 0 0 0 187 0 0 0 0 0 0 0 0 0 0 0 0 0 0 0 0 0 0 0 0 0 0 0 0 0 0 0 0 0 0 0 0 0 0 0 0 0 0 0 0 0 0 0 0 0 0 0 0 0 0 0 0 
0 3 0 0 11 356 0 0 2 0 1 0 0 0 0 0 33 0 0 9 0 0 374 0 972 671 0 0 814 0 0 25311 0 0 0 1096 9 0 0 0 0 0 0 0 11 0 0 3 0 0 0 0 11 0 0 0 0 0 0 0 7 0 0 1 0 0 95 0 303 0 2 0 0 0 104 0 158 0 1 0 0 0 0 0 0 0 0 0 0 0 0 0 0 0 0 58 0 0 0 1 0 0 0 1 0 0 0 0 0 0 0 0 0 0 0 1 0 0 0 0 0 0 0 0 0 0 0 0 0 
0 8 0 0 31 367 0 0 22 0 6 0 0 0 0 0 81 0 0 138 0 0 1847 0 1035 2310 0 0 1182 0 26 11048 0 0 0 1308 38 0 0 0 0 0 0 16 74 0 0 8 0 0 0 0 12 0 0 0 0 0 0 0 17 0 0 24 0 0 375 0 193 0 23 0 0 0 157 0 289 0 16 0 0 0 0 0 0 2 0 0 0 0 0 2 0 0 0 12 0 0 0 4 0 0 0 0 0 2 0 0 0 0 0 0 0 0 0 3 0 0 0 0 0 0 0 0 0 0 0 0 0 
0 4 0 0 14 181 0 0 5 0 1 0 0 0 0 0 47 0 0 31 0 0 389 0 602 1021 0 0 489 0 2 4972 0 0 0 491 12 0 0 0 0 0 0 4 14 0 0 0 0 0 0 0 4 0 0 0 0 0 0 0 8 0 0 2 0 0 74 0 81 0 2 0 0 0 33 0 86 0 4 0 0 0 0 0 0 0 0 0 0 0 0 0 0 0 0 7 0 0 0 1 0 0 0 0 0 0 0 0 0 0 0 0 0 0 0 0 0 0 0 0 0 0 0 0 0 0 0 0 0 
0 6 0 0 22 617 0 0 10 0 5 0 0 0 0 0 66 0 0 47 0 0 1601 0 1534 1135 0 0 1437 0 6 39683 0 0 0 1798 28 0 0 0 0 0 0 14 99 0 0 9 0 0 0 0 14 0 0 0 0 0 0 0 8 0 0 9 0 0 573 0 470 0 13 0 0 0 386 0 241 0 8 0 0 0 0 0 0 3 0 0 0 0 0 0 0 0 0 156 0 0 0 7 0 0 0 7 0 1 0 0 0 0 0 0 0 0 0 2 0 0 0 0 0 0 0 0 0 1 0 0 0 
0 3 0 0 15 130 0 0 3 0 0 0 0 0 0 0 47 0 0 30 0 0 244 0 395 1087 0 0 488 0 1 3055 0 0 0 536 23 0 0 0 0 0 0 0 8 0 0 0 0 0 0 0 4 0 0 0 0 0 0 0 8 0 0 0 0 0 0 0 66 0 0 0 0 0 0 0 93 0 0 0 0 0 0 0 0 0 0 0 0 0 0 0 0 0 0 0 0 0 0 0 0 0 0 0 0 0 0 0 0 0 0 0 0 0 0 0 0 0 0 0 0 0 0 0 0 0 0 0 0 
0 3 0 0 8 251 0 0 2 0 1 0 0 0 0 0 26 0 0 11 0 0 254 0 721 574 0 0 734 0 0 13422 0 0 0 567 5 0 0 0 0 0 0 1 18 0 0 0 0 0 0 0 4 0 0 0 0 0 0 0 4 0 0 1 0 0 132 0 190 0 3 0 0 0 47 0 93 0 1 0 0 0 0 0 0 0 0 0 0 0 0 0 0 0 0 16 0 0 0 0 0 0 0 0 0 0 0 0 0 0 0 0 0 0 0 0 0 0 0 0 0 0 0 0 0 0 0 0 0 
0 5 0 0 18 263 0 0 9 0 1 0 0 0 0 0 59 0 0 49 0 0 785 0 717 1553 0 0 1116 0 7 8992 0 0 0 857 22 0 0 0 0 0 0 7 61 0 0 5 0 0 0 0 9 0 0 0 0 0 0 0 8 0 0 3 0 0 92 0 154 0 4 0 0 0 35 0 151 0 2 0 0 0 0 0 0 0 0 0 0 0 0 0 0 0 0 5 0 0 0 1 0 0 0 0 0 0 0 0 0 0 0 0 0 0 0 0 0 0 0 0 0 0 0 0 0 0 0 0 0 
0 5 0 0 17 511 0 0 8 0 2 0 0 0 0 0 46 0 0 32 0 0 1325 0 1204 1054 0 0 1468 0 5 30614 0 0 0 1526 17 0 0 0 0 0 0 16 110 0 0 5 0 0 0 0 19 0 0 0 0 0 0 0 6 0 0 4 0 0 235 0 410 0 6 0 0 0 151 0 276 0 1 0 0 0 0 0 0 1 0 0 0 0 0 0 0 0 0 51 0 0 0 4 0 0 0 3 0 0 0 0 0 0 0 0 0 0 0 2 0 0 0 0 0 0 0 0 0 0 0 0 0 
0 2 0 0 11 94 0 0 1 0 0 0 0 0 0 0 40 0 0 8 0 0 91 0 293 630 0 0 210 0 0 2183 0 0 0 448 21 0 0 0 0 0 0 1 1 0 0 1 0 0 0 0 1 0 0 0 0 0 0 0 6 0 0 0 0 0 0 0 28 0 0 0 0 0 0 0 88 0 0 0 0 0 0 0 0 0 0 0 0 0 0 0 0 0 0 0 0 0 0 0 0 0 0 0 0 0 0 0 0 0 0 0 0 0 0 0 0 0 0 0 0 0 0 0 0 0 0 0 0 
30 8 61 204 19 507 430 92 18 0 10 5 35 20 271 412 62 182 513 75 347 8117 1888 2195 1428 1326 12481 1675 1127 73 14 19637 3927 648 2488 958 11 391 135 0 31 71 0 7 124 224 42 2 1 0 0 0 9 0 0 0 0 22 132 217 6 13 86 24 59 2585 819 126 236 73 22 26 0 70 407 847 186 10 21 133 36 0 0 0 0 7 17 0 0 0 0 5 1 12 76 90 6 52 27 2 1 0 0 2 0 6 11 0 7 0 0 0 0 0 5 0 23 0 0 0 0 0 0 0 0 0 2 5 0 
0 4 0 0 15 332 0 0 5 0 1 0 0 0 0 0 38 0 0 33 0 0 663 0 870 1006 0 0 1199 0 2 16506 0 0 0 1003 19 0 0 0 0 0 0 5 54 0 0 1 0 0 0 0 8 0 0 0 0 0 0 0 6 0 0 2 0 0 136 0 266 0 2 0 0 0 60 0 165 0 2 0 0 0 0 0 0 0 0 0 0 0 0 0 0 0 0 12 0 0 0 0 0 0 0 1 0 0 0 0 0 0 0 0 0 0 0 0 0 0 0 0 0 0 0 0 0 0 0 0 0 
0 3 0 0 13 230 0 0 1 0 2 0 0 0 0 0 34 0 0 7 0 0 77 0 599 943 0 0 952 0 0 11900 0 0 0 897 18 0 0 0 0 0 0 1 4 0 0 0 0 0 0 0 17 0 0 0 0 0 0 0 6 0 0 0 0 0 254 0 213 0 9 0 0 0 53 0 156 0 5 0 0 0 0 0 0 1 0 0 0 0 0 0 0 0 0 33 0 0 0 2 0 0 0 0 0 0 0 0 0 0 0 0 0 0 0 1 0 0 0 0 0 0 0 0 0 0 0 0 0 
0 2 0 0 11 68 0 0 0 0 1 0 0 0 0 0 27 0 0 0 0 0 0 0 196 798 0 0 156 0 0 1137 0 0 0 305 16 0 0 0 0 0 0 0 0 0 0 0 0 0 0 0 0 0 0 0 0 0 0 0 11 0 0 0 0 0 33 0 10 0 4 0 0 0 24 0 53 0 6 0 0 0 0 0 0 0 0 0 0 0 0 0 0 0 0 5 0 0 0 1 0 0 0 0 0 0 0 0 0 0 0 0 0 0 0 0 0 0 0 0 0 0 0 0 0 0 0 0 0 
0 6 0 0 22 453 0 0 10 0 7 0 0 0 0 0 52 0 0 53 0 0 1224 0 1137 1670 0 0 1321 0 6 20244 0 0 0 1377 29 0 0 0 0 0 0 8 75 0 0 5 0 0 0 0 15 0 0 0 0 0 0 0 16 0 0 12 0 0 543 0 268 0 24 0 0 0 410 0 268 0 20 0 0 0 0 0 0 3 0 0 0 0 0 2 0 0 0 110 0 0 0 3 0 0 0 5 0 6 0 0 0 0 0 0 0 0 0 2 0 0 0 0 0 0 0 0 0 0 0 0 0 
0 5 0 0 20 341 0 0 7 0 3 0 0 0 0 0 46 0 0 43 0 0 793 0 840 1266 0 0 1481 0 3 14955 0 0 0 1275 25 0 0 0 0 0 0 11 52 0 0 3 0 0 0 0 25 0 0 0 0 0 0 0 11 0 0 6 0 0 298 0 345 0 12 0 0 0 103 0 215 0 5 0 0 0 0 0 0 0 0 0 0 0 0 0 0 0 0 28 0 0 0 1 0 0 0 0 0 0 0 0 0 0 0 0 0 0 0 1 0 0 0 0 0 0 0 0 0 1 0 0 0 
47 4 118 156 17 348 1057 145 5 1 1 24 32 263 262 580 49 326 348 29 433 11290 713 5555 761 984 13076 4199 914 136 2 17087 15265 2599 2925 1290 23 163 370 1 50 72 18 9 79 463 63 4 0 85 32 34 19 5 1 2 2 55 136 31 9 69 74 2 61 3123 120 824 278 127 4 58 46 1143 24 1176 285 86 1 66 77 0 0 0 1 0 21 0 0 1 0 0 7 6 127 11 117 11 23 1 5 4 9 0 6 0 19 4 9 1 1 2 0 4 25 1 3 1 0 0 0 0 0 0 0 0 4 2 4 
0 3 0 0 15 222 0 0 2 0 1 0 0 0 0 0 35 0 0 13 0 0 351 0 601 959 0 0 624 0 0 12692 0 0 0 842 20 0 0 0 0 0 0 2 12 0 0 2 0 0 0 0 7 0 0 0 0 0 0 0 13 0 0 1 0 0 33 0 239 0 4 0 0 0 24 0 128 0 6 0 0 0 0 0 0 0 0 0 0 0 0 0 0 0 0 5 0 0 0 1 0 0 0 0 0 0 0 0 0 0 0 0 0 0 0 0 0 0 0 0 0 0 0 0 0 0 0 0 0 
0 7 0 0 25 521 0 0 16 0 5 0 0 0 0 0 65 0 0 93 0 0 2132 0 1304 1828 0 0 1722 0 15 24577 0 0 0 1523 21 0 0 0 0 0 0 14 171 0 0 4 0 0 0 0 19 0 0 0 0 0 0 0 17 0 0 15 0 0 319 0 334 0 15 0 0 0 253 0 319 0 15 0 0 0 0 0 0 1 0 0 0 0 0 0 0 0 0 32 0 0 0 2 0 0 0 2 0 4 0 0 0 0 0 0 0 0 0 2 0 0 0 0 0 0 0 0 0 0 0 0 0 
0 6 0 0 17 590 0 0 11 0 4 0 0 0 0 0 52 0 0 44 0 0 1699 0 1462 1118 0 0 1384 0 8 33888 0 0 0 1539 12 0 0 0 0 0 0 7 188 0 0 4 0 0 0 0 17 0 0 0 0 0 0 0 9 0 0 9 0 0 395 0 407 0 11 0 0 0 300 0 268 0 5 0 0 0 0 0 0 1 0 0 0 0 0 0 0 0 0 85 0 0 0 4 0 0 0 4 0 1 0 0 0 0 0 0 0 0 0 3 0 0 0 0 0 0 0 0 0 1 0 0 0 
0 4 0 0 18 265 0 0 4 0 2 0 0 0 0 0 43 0 0 25 0 0 491 0 717 1205 0 0 938 0 0 13565 0 0 0 843 22 0 0 0 0 0 0 4 18 0 0 4 0 0 0 0 7 0 0 0 0 0 0 0 14 0 0 4 0 0 62 0 269 0 6 0 0 0 163 0 144 0 9 0 0 0 0 0 0 0 0 0 0 0 0 0 0 0 0 19 0 0 0 1 0 0 0 2 0 0 0 0 0 0 0 0 0 0 0 0 0 0 0 0 0 0 0 0 0 0 0 0 0 
0 2 0 0 7 189 0 0 1 0 0 0 0 0 0 0 22 0 0 6 0 0 162 0 487 514 0 0 671 0 0 11611 0 0 0 512 5 0 0 0 0 0 0 1 13 0 0 0 0 0 0 0 4 0 0 0 0 0 0 0 4 0 0 0 0 0 0 0 195 0 0 0 0 0 0 0 89 0 0 0 0 0 0 0 0 0 0 0 0 0 0 0 0 0 0 0 0 0 0 0 0 0 0 0 0 0 0 0 0 0 0 0 0 0 0 0 0 0 0 0 0 0 0 0 0 0 0 0 0 
0 3 0 0 11 266 0 0 3 0 0 0 0 0 0 0 27 0 0 16 0 0 488 0 695 771 0 0 883 0 1 14823 0 0 0 853 11 0 0 0 0 0 0 2 21 0 0 2 0 0 0 0 11 0 0 0 0 0 0 0 4 0 0 0 0 0 0 0 298 0 0 0 0 0 0 0 133 0 0 0 0 0 0 0 0 0 0 0 0 0 0 0 0 0 0 0 0 0 0 0 0 0 0 0 0 0 0 0 0 0 0 0 0 0 0 0 0 0 0 0 0 0 0 0 0 0 0 0 0 
0 7 0 0 28 568 0 0 16 0 5 0 0 0 0 0 85 0 0 110 0 0 2017 0 1383 1720 0 0 1200 0 15 31398 0 0 0 1730 32 0 0 0 0 0 0 11 155 0 0 7 0 0 0 0 19 0 0 0 0 0 0 0 26 0 0 16 0 0 551 0 342 0 14 0 0 0 333 0 282 0 10 0 0 0 0 0 0 1 0 0 0 0 0 0 0 0 0 91 0 0 0 4 0 0 0 4 0 2 0 0 0 0 0 0 0 0 0 3 0 0 0 0 0 0 0 0 0 1 0 0 0 
0 5 0 0 19 389 0 0 6 0 4 0 0 0 0 0 58 0 0 41 0 0 685 0 1050 1234 0 0 1359 0 2 18367 0 0 0 1279 22 0 0 0 0 0 0 4 58 0 0 1 0 0 0 0 22 0 0 0 0 0 0 0 10 0 0 5 0 0 414 0 294 0 14 0 0 0 202 0 220 0 9 0 0 0 0 0 0 1 0 0 0 0 0 0 0 0 0 67 0 0 0 2 0 0 0 1 0 1 0 0 0 0 0 0 0 0 0 2 0 0 0 0 0 0 0 0 0 1 0 0 0 
0 6 0 0 22 389 0 0 12 0 3 0 0 0 0 0 64 0 0 74 0 0 1396 0 1018 1575 0 0 1187 0 8 16849 0 0 0 1137 26 0 0 0 0 0 0 10 76 0 0 2 0 0 0 0 12 0 0 0 0 0 0 0 11 0 0 12 0 0 233 0 296 0 9 0 0 0 114 0 181 0 5 0 0 0 0 0 0 0 0 0 0 0 0 0 0 0 0 21 0 0 0 0 0 0 0 0 0 0 0 0 0 0 0 0 0 0 0 4 0 0 0 0 0 0 0 0 0 0 0 0 0 
0 4 0 0 9 306 0 0 4 0 2 0 0 0 0 0 35 0 0 16 0 0 610 0 824 756 0 0 854 0 1 15137 0 0 0 583 5 0 0 0 0 0 0 2 55 0 0 0 0 0 0 0 5 0 0 0 0 0 0 0 4 0 0 2 0 0 106 0 221 0 2 0 0 0 80 0 113 0 5 0 0 0 0 0 0 0 0 0 0 0 0 0 0 0 0 5 0 0 0 0 0 0 0 0 0 1 0 0 0 0 0 0 0 0 0 1 0 0 0 0 0 0 0 0 0 0 0 0 0 
0 5 0 0 23 356 0 0 9 0 1 0 0 0 0 0 69 0 0 68 0 0 1199 0 900 1474 0 0 1200 0 7 16197 0 0 0 1283 35 0 0 0 0 0 0 11 65 0 0 3 0 0 0 0 12 0 0 0 0 0 0 0 13 0 0 3 0 0 35 0 315 0 3 0 0 0 42 0 229 0 2 0 0 0 0 0 0 0 0 0 0 0 0 0 0 0 0 4 0 0 0 0 0 0 0 0 0 0 0 0 0 0 0 0 0 0 0 1 0 0 0 0 0 0 0 0 0 0 0 0 0 
54 5 243 217 18 383 1380 168 8 3 2 52 51 239 788 680 44 646 507 51 452 11495 1063 7371 743 1175 15922 10374 956 192 5 17027 22545 5730 4509 1170 23 285 567 2 148 98 25 7 73 593 104 3 32 153 140 98 11 7 5 8 2 175 130 64 10 143 83 4 67 4325 171 1893 224 151 3 179 29 2259 92 1998 242 125 4 125 99 1 0 0 1 0 38 7 0 2 0 0 29 17 312 27 350 17 27 0 50 20 19 1 32 1 37 10 43 0 0 0 3 26 10 0 20 8 0 0 1 1 0 0 0 0 2 4 10 
0 4 0 0 15 332 0 0 5 0 1 0 0 0 0 0 38 0 0 33 0 0 663 0 870 1006 0 0 1199 0 2 16506 0 0 0 1003 19 0 0 0 0 0 0 5 54 0 0 1 0 0 0 0 8 0 0 0 0 0 0 0 6 0 0 2 0 0 136 0 266 0 2 0 0 0 60 0 165 0 2 0 0 0 0 0 0 0 0 0 0 0 0 0 0 0 0 12 0 0 0 0 0 0 0 1 0 0 0 0 0 0 0 0 0 0 0 0 0 0 0 0 0 0 0 0 0 0 0 0 0 
0 7 0 0 28 418 0 0 15 0 7 0 0 0 0 0 74 0 0 99 0 0 1673 0 1094 1853 0 0 1144 0 11 17841 0 0 0 1435 34 0 0 0 0 0 0 10 96 0 0 5 0 0 0 0 18 0 0 0 0 0 0 0 16 0 0 22 0 0 444 0 293 0 20 0 0 0 223 0 277 0 19 0 0 0 0 0 0 1 0 0 0 0 0 2 0 0 0 34 0 0 0 7 0 0 0 2 0 4 0 0 0 0 0 0 0 0 0 5 0 0 0 0 0 0 0 0 0 0 0 0 0 
0 7 0 0 23 453 0 0 12 0 9 0 0 0 0 0 61 0 0 62 0 0 1283 0 1234 1804 0 0 1419 0 5 18703 0 0 0 1246 21 0 0 0 0 0 0 6 85 0 0 5 0 0 0 0 17 0 0 0 0 0 0 0 10 0 0 16 0 0 715 0 286 0 23 0 0 0 362 0 215 0 25 0 0 0 0 0 0 5 0 0 0 0 0 4 0 0 0 89 0 0 0 6 0 0 0 2 0 4 0 0 0 0 0 0 0 0 0 3 0 0 0 0 0 0 0 0 0 1 0 0 0 
0 3 0 0 14 275 0 0 3 0 0 0 0 0 0 0 39 0 0 24 0 0 487 0 713 933 0 0 694 0 1 16369 0 0 0 1026 19 0 0 0 0 0 0 2 31 0 0 1 0 0 0 0 10 0 0 0 0 0 0 0 9 0 0 0 0 0 0 0 172 0 0 0 0 0 0 0 208 0 0 0 0 0 0 0 0 0 0 0 0 0 0 0 0 0 0 0 0 0 0 0 0 0 0 0 0 0 0 0 0 0 0 0 0 0 0 0 0 0 0 0 0 0 0 0 0 0 0 0 0 
0 1 0 0 4 40 0 0 0 0 0 0 0 0 0 0 12 0 0 0 0 0 0 0 110 324 0 0 119 0 0 768 0 0 0 136 4 0 0 0 0 0 0 0 0 0 0 0 0 0 0 0 0 0 0 0 0 0 0 0 2 0 0 0 0 0 0 0 12 0 0 0 0 0 0 0 24 0 0 0 0 0 0 0 0 0 0 0 0 0 0 0 0 0 0 0 0 0 0 0 0 0 0 0 0 0 0 0 0 0 0 0 0 0 0 0 0 0 0 0 0 0 0 0 0 0 0 0 0 
0 7 0 0 26 326 0 0 16 0 5 0 0 0 0 0 77 0 0 101 0 0 1346 0 981 1932 0 0 1077 0 12 8022 0 0 0 864 34 0 0 0 0 0 0 10 65 0 0 3 0 0 0 0 7 0 0 0 0 0 0 0 17 0 0 22 0 0 220 0 116 0 17 0 0 0 196 0 179 0 13 0 0 0 0 0 0 0 0 0 0 0 0 0 0 0 0 26 0 0 0 1 0 0 0 4 0 0 0 0 0 0 0 0 0 0 0 3 0 0 0 0 0 0 0 0 0 1 0 0 0 
73 3 296 183 7 286 2572 200 3 4 0 57 34 1098 478 347 11 691 336 9 478 15573 463 12063 634 617 17029 18149 781 204 1 14363 58547 6597 5400 489 0 157 833 2 106 83 133 2 54 965 95 2 32 328 168 222 7 6 10 3 10 341 157 0 5 107 76 0 83 3437 0 3390 198 57 0 108 163 2598 0 2003 152 168 0 49 162 0 3 2 5 0 19 12 1 1 0 0 26 9 189 0 258 0 40 0 44 22 37 0 32 0 18 16 17 5 4 5 0 44 18 0 0 7 0 0 0 1 0 0 0 0 7 0 16 
0 1 0 0 3 72 0 0 0 0 0 0 0 0 0 0 7 0 0 0 0 0 0 0 200 286 0 0 296 0 0 2500 0 0 0 180 3 0 0 0 0 0 0 0 0 0 0 0 0 0 0 0 4 0 0 0 0 0 0 0 0 0 0 0 0 0 0 0 57 0 0 0 0 0 0 0 34 0 0 0 0 0 0 0 0 0 0 0 0 0 0 0 0 0 0 0 0 0 0 0 0 0 0 0 0 0 0 0 0 0 0 0 0 0 0 0 0 0 0 0 0 0 0 0 0 0 0 0 0 
0 3 0 0 6 226 0 0 1 0 3 0 0 0 0 0 17 0 0 2 0 0 129 0 767 600 0 0 628 0 0 8338 0 0 0 378 3 0 0 0 0 0 0 0 7 0 0 1 0 0 0 0 5 0 0 0 0 0 0 0 0 0 0 0 0 0 212 0 108 0 4 0 0 0 200 0 73 0 5 0 0 0 0 0 0 1 0 0 0 0 0 0 0 0 0 24 0 0 0 1 0 0 0 2 0 1 0 0 0 0 0 0 0 0 0 0 0 0 0 0 0 0 0 0 0 0 0 0 0 
27 6 40 144 22 413 347 89 10 1 5 4 17 298 180 459 45 109 357 53 265 7182 1261 1985 1016 1732 9232 867 1321 100 6 18031 2831 751 1662 1224 25 202 93 5 15 68 13 11 85 151 56 5 0 133 27 16 16 3 2 5 2 0 0 116 7 7 36 10 41 1689 276 88 369 49 15 19 29 159 267 363 221 10 16 60 25 0 0 0 0 1 13 0 0 1 0 1 2 3 35 39 6 8 0 2 0 2 13 3 6 0 12 1 1 0 0 0 0 0 0 1 11 2 0 0 0 0 0 0 0 2 0 0 0 
0 7 0 0 23 762 0 0 13 0 8 0 0 0 0 0 48 0 0 55 0 0 2212 0 1651 1271 0 0 1916 0 7 44808 0 0 0 2117 32 0 0 0 0 0 0 12 225 0 0 8 0 0 0 0 21 0 0 0 0 0 0 0 11 0 0 18 0 0 825 0 616 0 13 0 0 0 657 0 352 0 21 0 0 0 0 0 0 3 0 0 0 0 0 1 0 0 0 202 0 0 0 10 0 0 0 9 0 4 0 0 0 0 0 0 0 0 0 4 0 0 1 0 0 0 0 0 0 1 0 0 0 
0 5 0 0 20 365 0 0 9 0 1 0 0 0 0 0 62 0 0 53 0 0 1213 0 936 1567 0 0 826 0 7 18726 0 0 0 1098 23 0 0 0 0 0 0 8 87 0 0 4 0 0 0 0 11 0 0 0 0 0 0 0 15 0 0 3 0 0 41 0 210 0 3 0 0 0 19 0 222 0 5 0 0 0 0 0 0 0 0 0 0 0 0 0 0 0 0 3 0 0 0 1 0 0 0 0 0 0 0 0 0 0 0 0 0 0 0 1 0 0 0 0 0 0 0 0 0 0 0 0 0 
0 6 0 0 22 466 0 0 9 0 7 0 0 0 0 0 50 0 0 50 0 0 1179 0 1241 1777 0 0 1560 0 5 21487 0 0 0 1138 28 0 0 0 0 0 0 11 80 0 0 6 0 0 0 0 17 0 0 0 0 0 0 0 17 0 0 9 0 0 591 0 321 0 14 0 0 0 439 0 230 0 21 0 0 0 0 0 0 0 0 0 0 0 0 5 0 0 0 75 0 0 0 3 0 0 0 3 0 2 0 0 0 0 0 0 0 0 0 5 0 0 1 0 0 0 0 0 0 2 0 0 0 
0 2 0 0 8 143 0 0 0 0 1 0 0 0 0 0 20 0 0 0 0 0 0 0 410 559 0 0 488 0 0 4965 0 0 0 484 11 0 0 0 0 0 0 0 0 0 0 0 0 0 0 0 8 0 0 0 0 0 0 0 2 0 0 0 0 0 55 0 78 0 3 0 0 0 56 0 82 0 5 0 0 0 0 0 0 0 0 0 0 0 0 0 0 0 0 16 0 0 0 0 0 0 0 0 0 0 0 0 0 0 0 0 0 0 0 0 0 0 0 0 0 0 0 0 0 0 0 0 0 
0 6 0 0 17 619 0 0 8 0 7 0 0 0 0 0 38 0 0 32 0 0 1362 0 1509 1147 0 0 1748 0 2 35663 0 0 0 1561 14 0 0 0 0 0 0 8 169 0 0 2 0 0 0 0 17 0 0 0 0 0 0 0 9 0 0 10 0 0 587 0 461 0 18 0 0 0 468 0 242 0 7 0 0 0 0 0 0 1 0 0 0 0 0 2 0 0 0 165 0 0 0 7 0 0 0 6 0 3 0 0 0 0 0 0 0 0 0 4 0 0 1 0 0 0 0 0 0 1 0 0 0 
0 6 0 0 20 655 0 0 9 0 7 0 0 0 0 0 55 0 0 34 0 0 1537 0 1475 1241 0 0 1725 0 5 38131 0 0 0 1833 21 0 0 0 0 0 0 21 174 0 0 5 0 0 0 0 16 0 0 0 0 0 0 0 5 0 0 9 0 0 697 0 445 0 9 0 0 0 586 0 389 0 12 0 0 0 0 0 0 3 0 0 0 0 0 0 0 0 0 159 0 0 0 9 0 0 0 10 0 4 0 0 0 0 0 0 0 0 0 8 0 0 1 0 0 0 0 0 0 2 0 0 0 
0 3 0 0 10 197 0 0 2 0 1 0 0 0 0 0 35 0 0 10 0 0 267 0 594 744 0 0 675 0 0 7556 0 0 0 587 8 0 0 0 0 0 0 2 14 0 0 1 0 0 0 0 8 0 0 0 0 0 0 0 6 0 0 1 0 0 63 0 131 0 3 0 0 0 20 0 97 0 1 0 0 0 0 0 0 0 0 0 0 0 0 0 0 0 0 7 0 0 0 2 0 0 0 0 0 0 0 0 0 0 0 0 0 0 0 0 0 0 0 0 0 0 0 0 0 0 0 0 0 
0 8 0 0 34 726 0 0 21 0 7 0 0 0 0 0 64 0 0 132 0 0 3121 0 1517 1991 0 0 2080 0 21 38308 0 0 0 2465 43 0 0 0 0 0 0 33 289 0 0 9 0 0 0 0 26 0 0 0 0 0 0 0 21 0 0 28 0 0 518 0 610 0 14 0 0 0 494 0 381 0 20 0 0 0 0 0 0 1 0 0 0 0 0 2 0 0 0 166 0 0 0 8 0 0 0 9 0 4 0 0 0 0 0 0 0 0 0 4 0 0 0 0 0 0 0 0 0 0 0 0 0 
0 5 0 0 16 428 0 0 9 0 1 0 0 0 0 0 42 0 0 34 0 0 1275 0 1082 1366 0 0 1351 0 7 22953 0 0 0 1273 12 0 0 0 0 0 0 10 122 0 0 8 0 0 0 0 16 0 0 0 0 0 0 0 10 0 0 3 0 0 156 0 307 0 4 0 0 0 18 0 237 0 1 0 0 0 0 0 0 0 0 0 0 0 0 0 0 0 0 5 0 0 0 1 0 0 0 0 0 0 0 0 0 0 0 0 0 0 0 0 0 0 0 0 0 0 0 0 0 0 0 0 0 
0 2 0 0 3 145 0 0 1 0 0 0 0 0 0 0 7 0 0 3 0 0 123 0 463 286 0 0 443 0 0 5119 0 0 0 180 3 0 0 0 0 0 0 0 11 0 0 0 0 0 0 0 4 0 0 0 0 0 0 0 0 0 0 0 0 0 0 0 66 0 0 0 0 0 0 0 34 0 0 0 0 0 0 0 0 0 0 0 0 0 0 0 0 0 0 0 0 0 0 0 0 0 0 0 0 0 0 0 0 0 0 0 0 0 0 0 0 0 0 0 0 0 0 0 0 0 0 0 0 
0 2 0 0 8 136 0 0 1 0 0 0 0 0 0 0 20 0 0 8 0 0 122 0 402 636 0 0 625 0 0 4466 0 0 0 442 12 0 0 0 0 0 0 0 7 0 0 0 0 0 0 0 7 0 0 0 0 0 0 0 1 0 0 0 0 0 0 0 107 0 0 0 0 0 0 0 86 0 0 0 0 0 0 0 0 0 0 0 0 0 0 0 0 0 0 0 0 0 0 0 0 0 0 0 0 0 0 0 0 0 0 0 0 0 0 0 0 0 0 0 0 0 0 0 0 0 0 0 0 
0 6 0 0 18 484 0 0 13 0 2 0 0 0 0 0 47 0 0 55 0 0 1743 0 1179 1093 0 0 1847 0 13 22568 0 0 0 1156 20 0 0 0 0 0 0 18 153 0 0 4 0 0 0 0 12 0 0 0 0 0 0 0 7 0 0 6 0 0 193 0 384 0 3 0 0 0 114 0 190 0 4 0 0 0 0 0 0 0 0 0 0 0 0 0 0 0 0 24 0 0 0 3 0 0 0 2 0 1 0 0 0 0 0 0 0 0 0 0 0 0 0 0 0 0 0 0 0 0 0 0 0 
0 3 0 0 14 280 0 0 3 0 0 0 0 0 0 0 41 0 0 21 0 0 469 0 728 757 0 0 853 0 1 15470 0 0 0 1029 24 0 0 0 0 0 0 5 43 0 0 1 0 0 0 0 12 0 0 0 0 0 0 0 6 0 0 0 0 0 0 0 302 0 0 0 0 0 0 0 173 0 0 0 0 0 0 0 0 0 0 0 0 0 0 0 0 0 0 0 0 0 0 0 0 0 0 0 0 0 0 0 0 0 0 0 0 0 0 0 0 0 0 0 0 0 0 0 0 0 0 0 0 
0 4 0 0 13 372 0 0 5 0 1 0 0 0 0 0 46 0 0 20 0 0 817 0 935 959 0 0 1051 0 2 20630 0 0 0 1047 10 0 0 0 0 0 0 10 79 0 0 3 0 0 0 0 12 0 0 0 0 0 0 0 6 0 0 2 0 0 86 0 261 0 3 0 0 0 41 0 222 0 3 0 0 0 0 0 0 0 0 0 0 0 0 0 0 0 0 5 0 0 0 0 0 0 0 0 0 0 0 0 0 0 0 0 0 0 0 0 0 0 0 0 0 0 0 0 0 0 0 0 0 
0 7 0 0 24 572 0 0 16 0 5 0 0 0 0 0 63 0 0 92 0 0 2393 0 1340 1490 0 0 1730 0 16 31257 0 0 0 1641 22 0 0 0 0 0 0 16 171 0 0 5 0 0 0 0 16 0 0 0 0 0 0 0 12 0 0 14 0 0 368 0 402 0 12 0 0 0 212 0 318 0 11 0 0 0 0 0 0 0 0 0 0 0 0 1 0 0 0 52 0 0 0 3 0 0 0 3 0 3 0 0 0 0 0 0 0 0 0 0 0 0 0 0 0 0 0 0 0 1 0 0 0 
28 4 61 92 16 256 371 95 3 0 3 7 19 337 54 334 37 176 250 17 287 8820 342 2052 744 1054 5867 1207 939 98 0 7917 3115 1761 1024 859 23 62 151 1 7 45 13 3 19 225 32 4 0 0 0 0 15 0 0 0 5 0 111 53 3 19 43 3 81 1177 171 140 166 57 9 7 70 419 167 390 156 19 9 21 27 0 1 0 0 0 14 0 0 0 0 0 2 0 50 23 21 12 10 1 0 0 0 1 0 0 7 8 0 0 0 0 0 0 12 1 12 0 0 0 0 0 0 0 0 1 2 5 0 
0 7 0 0 30 483 0 0 17 0 4 0 0 0 0 0 90 0 0 112 0 0 2021 0 1204 1997 0 0 1401 0 17 21224 0 0 0 1627 38 0 0 0 0 0 0 20 130 0 0 8 0 0 0 0 25 0 0 0 0 0 0 0 20 0 0 16 0 0 295 0 360 0 8 0 0 0 199 0 272 0 10 0 0 0 0 0 0 0 0 0 0 0 0 0 0 0 0 52 0 0 0 3 0 0 0 2 0 2 0 0 0 0 0 0 0 0 0 6 0 0 0 0 0 0 0 0 0 0 0 0 0 
0 4 0 0 13 219 0 0 1 0 5 0 0 0 0 0 42 0 0 5 0 0 80 0 664 947 0 0 665 0 0 6391 0 0 0 649 15 0 0 0 0 0 0 0 0 0 0 0 0 0 0 0 5 0 0 0 0 0 0 0 2 0 0 0 0 0 302 0 100 0 15 0 0 0 183 0 116 0 12 0 0 0 0 0 0 2 0 0 0 0 0 0 0 0 0 45 0 0 0 2 0 0 0 3 0 0 0 0 0 0 0 0 0 0 0 1 0 0 0 0 0 0 0 0 0 2 0 0 0 
0 4 0 0 15 336 0 0 4 0 2 0 0 0 0 0 39 0 0 21 0 0 562 0 926 1007 0 0 900 0 0 17727 0 0 0 998 19 0 0 0 0 0 0 4 53 0 0 3 0 0 0 0 12 0 0 0 0 0 0 0 6 0 0 4 0 0 218 0 298 0 6 0 0 0 80 0 164 0 7 0 0 0 0 0 0 0 0 0 0 0 0 0 0 0 0 18 0 0 0 1 0 0 0 1 0 0 0 0 0 0 0 0 0 0 0 0 0 0 0 0 0 0 0 0 0 0 0 0 0 
47 6 355 220 18 601 1055 134 13 3 2 26 57 926 1076 532 35 777 419 50 358 8928 2001 5019 1232 1131 21460 13691 1408 122 13 32344 15125 17698 3942 1528 18 370 701 16 233 109 98 17 229 459 125 7 78 206 204 102 19 8 8 8 6 24 242 55 8 51 100 6 52 5822 212 1010 413 136 3 75 185 2346 190 1850 330 53 3 198 147 0 5 2 0 0 43 6 1 1 1 0 14 23 346 65 73 27 55 3 1 20 68 3 12 1 36 15 22 3 1 0 1 2 15 2 8 2 0 0 0 0 0 0 0 0 7 1 0 
0 5 0 0 15 456 0 0 4 0 6 0 0 0 0 0 41 0 0 25 0 0 672 0 1202 1041 0 0 1276 0 1 22841 0 0 0 1208 18 0 0 0 0 0 0 3 83 0 0 2 0 0 0 0 15 0 0 0 0 0 0 0 8 0 0 2 0 0 541 0 341 0 17 0 0 0 321 0 275 0 9 0 0 0 0 0 0 0 0 0 0 0 0 3 0 0 0 61 0 0 0 1 0 0 0 1 0 2 0 0 0 0 0 0 0 0 0 0 0 0 1 0 0 0 0 0 0 1 0 0 0 
0 5 0 0 14 545 0 0 9 0 1 0 0 0 0 0 38 0 0 28 0 0 1556 0 1292 861 0 0 1523 0 7 32594 0 0 0 1420 14 0 0 0 0 0 0 16 154 0 0 5 0 0 0 0 19 0 0 0 0 0 0 0 6 0 0 3 0 0 106 0 422 0 2 0 0 0 124 0 267 0 0 0 0 0 0 0 0 0 0 0 0 0 0 0 0 0 0 38 0 0 0 3 0 0 0 3 0 0 0 0 0 0 0 0 0 0 0 1 0 0 0 0 0 0 0 0 0 0 0 0 0 
0 9 0 0 26 740 0 0 22 0 18 0 0 0 0 0 49 0 0 90 0 0 3056 0 1573 2088 0 0 2360 0 17 35238 0 0 0 1648 26 0 0 0 0 0 0 24 244 0 0 9 0 0 0 0 18 0 0 0 0 0 0 0 9 0 0 51 0 0 1518 0 498 0 33 0 0 0 1127 0 340 0 41 0 0 0 0 0 0 13 0 0 0 0 0 8 0 0 0 227 0 0 0 11 0 0 0 10 0 17 0 0 0 0 0 0 0 0 0 10 0 0 4 0 0 0 0 0 0 8 0 0 0 
0 4 0 0 14 333 0 0 4 0 2 0 0 0 0 0 52 0 0 19 0 0 586 0 931 871 0 0 1118 0 1 13779 0 0 0 988 14 0 0 0 0 0 0 4 52 0 0 3 0 0 0 0 13 0 0 0 0 0 0 0 6 0 0 2 0 0 138 0 210 0 6 0 0 0 121 0 169 0 7 0 0 0 0 0 0 0 0 0 0 0 0 1 0 0 0 23 0 0 0 1 0 0 0 0 0 0 0 0 0 0 0 0 0 0 0 0 0 0 0 0 0 0 0 0 0 0 0 0 0 
0 3 0 0 16 197 0 0 2 0 1 0 0 0 0 0 40 0 0 18 0 0 247 0 505 1303 0 0 762 0 0 6330 0 0 0 865 33 0 0 0 0 0 0 1 11 0 0 3 0 0 0 0 12 0 0 0 0 0 0 0 12 0 0 1 0 0 64 0 163 0 1 0 0 0 46 0 208 0 2 0 0 0 0 0 0 0 0 0 0 0 0 0 0 0 0 6 0 0 0 1 0 0 0 1 0 0 0 0 0 0 0 0 0 0 0 1 0 0 0 0 0 0 0 0 0 0 0 0 0 
0 3 0 0 10 261 0 0 2 0 1 0 0 0 0 0 30 0 0 11 0 0 369 0 692 762 0 0 663 0 0 15864 0 0 0 774 7 0 0 0 0 0 0 3 27 0 0 0 0 0 0 0 10 0 0 0 0 0 0 0 6 0 0 1 0 0 63 0 176 0 3 0 0 0 20 0 164 0 1 0 0 0 0 0 0 0 0 0 0 0 0 0 0 0 0 7 0 0 0 2 0 0 0 0 0 0 0 0 0 0 0 0 0 0 0 0 0 0 0 0 0 0 0 0 0 0 0 0 0 
69 6 371 357 14 345 2262 203 10 6 5 85 50 1175 1380 707 21 708 870 36 420 17440 1055 10143 768 950 20087 19332 740 166 6 11082 47478 10983 10155 701 7 499 1088 14 199 128 158 3 67 1518 97 4 84 322 343 258 6 10 19 20 12 281 190 273 6 154 109 9 96 2987 286 4257 140 95 12 317 205 5288 183 2855 134 220 13 156 303 4 1 2 5 2 14 31 1 5 2 1 87 9 199 32 629 35 22 0 58 85 60 0 42 1 13 41 43 2 4 4 2 42 33 0 21 15 0 0 0 0 0 0 1 1 4 8 8 
0 4 0 0 16 328 0 0 2 0 4 0 0 0 0 0 34 0 0 8 0 0 335 0 798 1214 0 0 1365 0 0 15795 0 0 0 1161 18 0 0 0 0 0 0 6 45 0 0 2 0 0 0 0 21 0 0 0 0 0 0 0 8 0 0 1 0 0 288 0 331 0 12 0 0 0 182 0 206 0 13 0 0 0 0 0 0 0 0 0 0 0 0 1 0 0 0 41 0 0 0 3 0 0 0 3 0 1 0 0 0 0 0 0 0 0 0 0 0 0 0 0 0 0 0 0 0 1 0 0 0 
0 5 0 0 12 476 0 0 7 0 3 0 0 0 0 0 37 0 0 22 0 0 1076 0 1236 877 0 0 1626 0 3 23977 0 0 0 1008 7 0 0 0 0 0 0 7 101 0 0 3 0 0 0 0 14 0 0 0 0 0 0 0 11 0 0 5 0 0 336 0 362 0 6 0 0 0 202 0 213 0 2 0 0 0 0 0 0 1 0 0 0 0 0 1 0 0 0 40 0 0 0 3 0 0 0 3 0 0 0 0 0 0 0 0 0 0 0 2 0 0 0 0 0 0 0 0 0 0 0 0 0 
0 3 0 0 12 323 0 0 2 0 1 0 0 0 0 0 33 0 0 14 0 0 357 0 821 838 0 0 1112 0 0 18380 0 0 0 1062 18 0 0 0 0 0 0 1 34 0 0 2 0 0 0 0 12 0 0 0 0 0 0 0 7 0 0 1 0 0 133 0 309 0 2 0 0 0 57 0 234 0 2 0 0 0 0 0 0 0 0 0 0 0 0 0 0 0 0 15 0 0 0 0 0 0 0 1 0 0 0 0 0 0 0 0 0 0 0 0 0 0 0 0 0 0 0 0 0 0 0 0 0 
0 6 0 0 18 531 0 0 12 0 4 0 0 0 0 0 45 0 0 43 0 0 1785 0 1287 1577 0 0 1646 0 11 26891 0 0 0 1316 13 0 0 0 0 0 0 15 203 0 0 9 0 0 0 0 16 0 0 0 0 0 0 0 9 0 0 8 0 0 327 0 357 0 7 0 0 0 263 0 282 0 9 0 0 0 0 0 0 0 0 0 0 0 0 3 0 0 0 32 0 0 0 1 0 0 0 2 0 2 0 0 0 0 0 0 0 0 0 2 0 0 0 0 0 0 0 0 0 0 0 0 0 
0 5 0 0 11 380 0 0 8 0 3 0 0 0 0 0 42 0 0 28 0 0 1061 0 1149 734 0 0 1236 0 5 14272 0 0 0 697 10 0 0 0 0 0 0 5 79 0 0 0 0 0 0 0 6 0 0 0 0 0 0 0 0 0 0 6 0 0 198 0 201 0 4 0 0 0 169 0 136 0 5 0 0 0 0 0 0 0 0 0 0 0 0 1 0 0 0 35 0 0 0 2 0 0 0 3 0 1 0 0 0 0 0 0 0 0 0 2 0 0 0 0 0 0 0 0 0 0 0 0 0 
0 3 0 0 12 187 0 0 2 0 1 0 0 0 0 0 28 0 0 11 0 0 209 0 523 836 0 0 939 0 0 5866 0 0 0 625 16 0 0 0 0 0 0 4 9 0 0 1 0 0 0 0 12 0 0 0 0 0 0 0 3 0 0 1 0 0 55 0 123 0 3 0 0 0 56 0 113 0 5 0 0 0 0 0 0 0 0 0 0 0 0 0 0 0 0 16 0 0 0 0 0 0 0 0 0 0 0 0 0 0 0 0 0 0 0 0 0 0 0 0 0 0 0 0 0 0 0 0 0 
0 4 0 0 15 206 0 0 5 0 1 0 0 0 0 0 49 0 0 34 0 0 419 0 657 1386 0 0 522 0 2 6556 0 0 0 538 22 0 0 0 0 0 0 1 21 0 0 3 0 0 0 0 5 0 0 0 0 0 0 0 6 0 0 2 0 0 74 0 91 0 2 0 0 0 61 0 112 0 2 0 0 0 0 0 0 0 0 0 0 0 0 0 0 0 0 10 0 0 0 0 0 0 0 1 0 0 0 0 0 0 0 0 0 0 0 0 0 0 0 0 0 0 0 0 0 0 0 0 0 
0 4 0 0 14 360 0 0 5 0 1 0 0 0 0 0 34 0 0 29 0 0 822 0 968 914 0 0 1065 0 2 18462 0 0 0 1125 16 0 0 0 0 0 0 3 56 0 0 1 0 0 0 0 15 0 0 0 0 0 0 0 4 0 0 2 0 0 55 0 319 0 3 0 0 0 56 0 178 0 5 0 0 0 0 0 0 0 0 0 0 0 0 0 0 0 0 16 0 0 0 0 0 0 0 0 0 0 0 0 0 0 0 0 0 0 0 0 0 0 0 0 0 0 0 0 0 0 0 0 0 
0 4 0 0 17 212 0 0 5 0 1 0 0 0 0 0 56 0 0 33 0 0 499 0 628 1324 0 0 740 0 2 6111 0 0 0 763 25 0 0 0 0 0 0 3 29 0 0 4 0 0 0 0 8 0 0 0 0 0 0 0 6 0 0 2 0 0 12 0 124 0 3 0 0 0 44 0 153 0 6 0 0 0 0 0 0 0 0 0 0 0 0 0 0 0 0 10 0 0 0 0 0 0 0 0 0 0 0 0 0 0 0 0 0 0 0 0 0 0 0 0 0 0 0 0 0 0 0 0 0 
0 5 0 0 17 431 0 0 6 0 4 0 0 0 0 0 43 0 0 25 0 0 791 0 1109 1407 0 0 1551 0 2 20863 0 0 0 1217 15 0 0 0 0 0 0 7 80 0 0 6 0 0 0 0 23 0 0 0 0 0 0 0 9 0 0 4 0 0 311 0 339 0 10 0 0 0 307 0 198 0 11 0 0 0 0 0 0 0 0 0 0 0 0 2 0 0 0 74 0 0 0 1 0 0 0 2 0 2 0 0 0 0 0 0 0 0 0 2 0 0 0 0 0 0 0 0 0 0 0 0 0 
0 7 0 0 15 567 0 0 16 0 5 0 0 0 0 0 61 0 0 47 0 0 2054 0 1479 798 0 0 1795 0 17 26861 0 0 0 1076 11 0 0 0 0 0 0 11 169 0 0 5 0 0 0 0 11 0 0 0 0 0 0 0 2 0 0 11 0 0 612 0 372 0 10 0 0 0 276 0 176 0 5 0 0 0 0 0 0 6 0 0 0 0 0 1 0 0 0 54 0 0 0 5 0 0 0 2 0 0 0 0 0 0 0 0 0 0 0 3 0 0 0 0 0 0 0 0 0 0 0 0 0 
0 2 0 0 11 94 0 0 1 0 0 0 0 0 0 0 34 0 0 7 0 0 84 0 275 791 0 0 294 0 0 2731 0 0 0 335 20 0 0 0 0 0 0 2 4 0 0 1 0 0 0 0 4 0 0 0 0 0 0 0 11 0 0 0 0 0 0 0 57 0 0 0 0 0 0 0 55 0 0 0 0 0 0 0 0 0 0 0 0 0 0 0 0 0 0 0 0 0 0 0 0 0 0 0 0 0 0 0 0 0 0 0 0 0 0 0 0 0 0 0 0 0 0 0 0 0 0 0 0 
59 10 665 479 17 962 1638 111 30 11 17 74 98 1322 3486 730 23 1051 686 83 200 5588 4609 5408 1525 707 44092 28992 1799 78 32 51544 28892 37635 10936 1422 11 1168 772 19 689 70 139 21 522 337 185 3 227 791 973 410 8 10 10 44 5 497 708 680 1 83 117 71 25 10183 1413 3120 529 154 19 402 361 8342 1164 4353 176 93 8 477 98 12 5 4 9 7 51 29 5 5 2 7 15 55 515 369 464 143 258 10 51 112 234 11 79 12 13 46 77 8 2 2 10 157 69 4 116 19 3 2 1 1 3 6 4 4 12 22 9 
0 7 0 0 25 662 0 0 12 0 10 0 0 0 0 0 44 0 0 52 0 0 1982 0 1353 1500 0 0 1954 0 6 34386 0 0 0 1958 26 0 0 0 0 0 0 22 224 0 0 7 0 0 0 0 24 0 0 0 0 0 0 0 13 0 0 15 0 0 741 0 535 0 24 0 0 0 642 0 339 0 30 0 0 0 0 0 0 3 0 0 0 0 0 4 0 0 0 146 0 0 0 9 0 0 0 8 0 11 0 0 0 0 0 0 0 0 0 3 0 0 0 0 0 0 0 0 0 1 0 0 0 
0 6 0 0 22 441 0 0 11 0 5 0 0 0 0 0 57 0 0 68 0 0 1302 0 1099 1540 0 0 1712 0 8 19387 0 0 0 1340 24 0 0 0 0 0 0 10 75 0 0 2 0 0 0 0 15 0 0 0 0 0 0 0 9 0 0 9 0 0 523 0 359 0 11 0 0 0 303 0 283 0 9 0 0 0 0 0 0 4 0 0 0 0 0 0 0 0 0 69 0 0 0 7 0 0 0 8 0 3 0 0 0 0 0 0 0 0 0 3 0 0 0 0 0 0 0 0 0 0 0 0 0 
0 8 0 0 28 623 0 0 24 0 5 0 0 0 0 0 79 0 0 123 0 0 3181 0 1418 1914 0 0 1665 0 35 35165 0 0 0 1819 29 0 0 0 0 0 0 25 189 0 0 12 0 0 0 0 24 0 0 0 0 0 0 0 14 0 0 22 0 0 404 0 447 0 11 0 0 0 389 0 319 0 12 0 0 0 0 0 0 1 0 0 0 0 0 2 0 0 0 95 0 0 0 2 0 0 0 2 0 2 0 0 0 0 0 0 0 0 0 3 0 0 0 0 0 0 0 0 0 0 0 0 0 
0 10 0 0 30 711 0 0 32 0 14 0 0 0 0 0 77 0 0 156 0 0 3662 0 1576 1964 0 0 1844 0 41 33506 0 0 0 1577 34 0 0 0 0 0 0 30 290 0 0 13 0 0 0 0 13 0 0 0 0 0 0 0 10 0 0 60 0 0 1137 0 486 0 25 0 0 0 839 0 276 0 31 0 0 0 0 0 0 7 0 0 0 0 0 3 0 0 0 169 0 0 0 6 0 0 0 5 0 13 0 0 0 0 0 0 0 0 0 0 0 0 2 0 0 0 0 0 0 2 0 0 0 
0 4 0 0 14 300 0 0 6 0 0 0 0 0 0 0 46 0 0 36 0 0 804 0 744 1063 0 0 768 0 4 16760 0 0 0 915 12 0 0 0 0 0 0 4 47 0 0 1 0 0 0 0 11 0 0 0 0 0 0 0 7 0 0 0 0 0 0 0 207 0 0 0 0 0 0 0 187 0 0 0 0 0 0 0 0 0 0 0 0 0 0 0 0 0 0 0 0 0 0 0 0 0 0 0 0 0 0 0 0 0 0 0 0 0 0 0 0 0 0 0 0 0 0 0 0 0 0 0 0 
0 1 0 0 3 72 0 0 0 0 0 0 0 0 0 0 7 0 0 0 0 0 0 0 200 286 0 0 296 0 0 2500 0 0 0 180 3 0 0 0 0 0 0 0 0 0 0 0 0 0 0 0 4 0 0 0 0 0 0 0 0 0 0 0 0 0 0 0 57 0 0 0 0 0 0 0 34 0 0 0 0 0 0 0 0 0 0 0 0 0 0 0 0 0 0 0 0 0 0 0 0 0 0 0 0 0 0 0 0 0 0 0 0 0 0 0 0 0 0 0 0 0 0 0 0 0 0 0 0 
73 6 248 368 16 328 2591 215 13 4 2 38 65 570 813 836 54 683 906 63 670 18003 1308 12831 909 1051 20118 16236 539 210 12 9723 59750 4880 11053 732 11 668 531 6 79 137 80 5 65 1187 68 1 32 141 125 217 5 7 12 8 5 183 327 107 4 75 155 8 131 3388 121 2332 89 149 3 114 119 1325 59 3796 160 95 4 244 92 0 6 1 0 0 16 5 0 0 2 0 15 17 385 10 163 19 65 0 16 33 31 1 25 0 26 9 20 8 0 0 0 25 37 1 15 7 0 0 0 0 2 0 0 0 13 2 1 
0 8 0 0 30 581 0 0 17 0 12 0 0 0 0 0 85 0 0 99 0 0 2330 0 1346 2162 0 0 1315 0 10 26581 0 0 0 1789 30 0 0 0 0 0 0 16 155 0 0 10 0 0 0 0 18 0 0 0 0 0 0 0 21 0 0 33 0 0 787 0 269 0 29 0 0 0 523 0 344 0 41 0 0 0 0 0 0 2 0 0 0 0 0 4 0 0 0 131 0 0 0 3 0 0 0 4 0 9 0 0 0 0 0 0 0 0 0 5 0 0 0 0 0 0 0 0 0 4 0 0 0 
0 4 0 0 19 351 0 0 5 0 1 0 0 0 0 0 51 0 0 37 0 0 778 0 896 1026 0 0 1042 0 2 17935 0 0 0 1333 32 0 0 0 0 0 0 8 62 0 0 3 0 0 0 0 16 0 0 0 0 0 0 0 8 0 0 2 0 0 55 0 323 0 3 0 0 0 56 0 221 0 5 0 0 0 0 0 0 0 0 0 0 0 0 0 0 0 0 16 0 0 0 0 0 0 0 0 0 0 0 0 0 0 0 0 0 0 0 0 0 0 0 0 0 0 0 0 0 0 0 0 0 
0 8 0 0 18 823 0 0 17 0 12 0 0 0 0 0 42 0 0 45 0 0 2838 0 1903 1177 0 0 1815 0 12 48359 0 0 0 1614 9 0 0 0 0 0 0 21 278 0 0 6 0 0 0 0 15 0 0 0 0 0 0 0 6 0 0 27 0 0 883 0 550 0 13 0 0 0 1107 0 218 0 17 0 0 0 0 0 0 6 0 0 0 0 0 2 0 0 0 251 0 0 0 6 0 0 0 13 0 12 0 0 0 0 0 0 0 0 0 5 0 0 1 0 0 0 0 0 0 2 0 0 0 
0 3 0 0 8 291 0 0 3 0 0 0 0 0 0 0 18 0 0 12 0 0 494 0 765 558 0 0 972 0 1 15495 0 0 0 787 9 0 0 0 0 0 0 3 43 0 0 1 0 0 0 0 18 0 0 0 0 0 0 0 5 0 0 0 0 0 0 0 278 0 0 0 0 0 0 0 145 0 0 0 0 0 0 0 0 0 0 0 0 0 0 0 0 0 0 0 0 0 0 0 0 0 0 0 0 0 0 0 0 0 0 0 0 0 0 0 0 0 0 0 0 0 0 0 0 0 0 0 0 
0 6 0 0 17 565 0 0 11 0 4 0 0 0 0 0 49 0 0 39 0 0 1801 0 1338 1221 0 0 1652 0 8 32533 0 0 0 1334 13 0 0 0 0 0 0 10 151 0 0 9 0 0 0 0 13 0 0 0 0 0 0 0 14 0 0 8 0 0 411 0 397 0 6 0 0 0 199 0 283 0 5 0 0 0 0 0 0 0 0 0 0 0 0 1 0 0 0 52 0 0 0 4 0 0 0 5 0 3 0 0 0 0 0 0 0 0 0 3 0 0 0 0 0 0 0 0 0 0 0 0 0 
0 6 0 0 21 501 0 0 13 0 3 0 0 0 0 0 60 0 0 73 0 0 1892 0 1274 1335 0 0 1663 0 13 23980 0 0 0 1437 23 0 0 0 0 0 0 17 152 0 0 2 0 0 0 0 16 0 0 0 0 0 0 0 8 0 0 9 0 0 198 0 429 0 4 0 0 0 169 0 245 0 5 0 0 0 0 0 0 0 0 0 0 0 0 1 0 0 0 35 0 0 0 2 0 0 0 3 0 1 0 0 0 0 0 0 0 0 0 2 0 0 0 0 0 0 0 0 0 0 0 0 0 
0 5 0 0 22 311 0 0 9 0 1 0 0 0 0 0 50 0 0 57 0 0 1022 0 852 1714 0 0 1029 0 7 10359 0 0 0 1022 42 0 0 0 0 0 0 7 61 0 0 8 0 0 0 0 13 0 0 0 0 0 0 0 21 0 0 3 0 0 69 0 171 0 2 0 0 0 21 0 207 0 5 0 0 0 0 0 0 0 0 0 0 0 0 0 0 0 0 1 0 0 0 1 0 0 0 0 0 0 0 0 0 0 0 0 0 0 0 1 0 0 0 0 0 0 0 0 0 0 0 0 0 
0 4 0 0 16 269 0 0 4 0 2 0 0 0 0 0 67 0 0 26 0 0 522 0 792 1013 0 0 906 0 1 9270 0 0 0 850 25 0 0 0 0 0 0 3 27 0 0 1 0 0 0 0 7 0 0 0 0 0 0 0 2 0 0 2 0 0 96 0 159 0 5 0 0 0 80 0 164 0 6 0 0 0 0 0 0 0 0 0 0 0 0 0 0 0 0 25 0 0 0 3 0 0 0 1 0 1 0 0 0 0 0 0 0 0 0 1 0 0 0 0 0 0 0 0 0 0 0 0 0 
0 10 0 0 32 794 0 0 34 0 12 0 0 0 0 0 48 0 0 145 0 0 4573 0 1680 2346 0 0 2545 0 51 34363 0 0 0 1986 41 0 0 0 0 0 0 35 365 0 0 17 0 0 0 0 24 0 0 0 0 0 0 0 17 0 0 55 0 0 883 0 500 0 24 0 0 0 770 0 377 0 37 0 0 0 0 0 0 3 0 0 0 0 0 7 0 0 0 155 0 0 0 9 0 0 0 9 0 11 0 0 0 0 0 0 0 0 0 8 0 0 0 0 0 0 0 0 0 1 0 0 0 
0 7 0 0 23 495 0 0 10 0 14 0 0 0 0 0 50 0 0 42 0 0 1274 0 1121 1954 0 0 1871 0 4 21252 0 0 0 1365 28 0 0 0 0 0 0 12 115 0 0 5 0 0 0 0 13 0 0 0 0 0 0 0 10 0 0 14 0 0 880 0 373 0 32 0 0 0 742 0 262 0 33 0 0 0 0 0 0 7 0 0 0 0 0 7 0 0 0 124 0 0 0 10 0 0 0 13 0 14 0 0 0 0 0 0 0 0 0 8 0 0 0 0 0 0 0 0 0 4 0 0 0 
0 1 0 0 3 72 0 0 0 0 0 0 0 0 0 0 7 0 0 0 0 0 0 0 200 286 0 0 296 0 0 2500 0 0 0 180 3 0 0 0 0 0 0 0 0 0 0 0 0 0 0 0 4 0 0 0 0 0 0 0 0 0 0 0 0 0 0 0 57 0 0 0 0 0 0 0 34 0 0 0 0 0 0 0 0 0 0 0 0 0 0 0 0 0 0 0 0 0 0 0 0 0 0 0 0 0 0 0 0 0 0 0 0 0 0 0 0 0 0 0 0 0 0 0 0 0 0 0 0 
0 5 0 0 16 380 0 0 6 0 5 0 0 0 0 0 38 0 0 25 0 0 826 0 959 1197 0 0 1308 0 0 17672 0 0 0 1122 14 0 0 0 0 0 0 8 73 0 0 4 0 0 0 0 22 0 0 0 0 0 0 0 6 0 0 11 0 0 258 0 354 0 11 0 0 0 288 0 186 0 11 0 0 0 0 0 0 0 0 0 0 0 0 0 0 0 0 43 0 0 0 3 0 0 0 2 0 0 0 0 0 0 0 0 0 0 0 2 0 0 0 0 0 0 0 0 0 2 0 0 0 
0 4 0 0 13 385 0 0 4 0 2 0 0 0 0 0 35 0 0 23 0 0 617 0 1023 896 0 0 1173 0 1 20192 0 0 0 1117 18 0 0 0 0 0 0 3 54 0 0 3 0 0 0 0 12 0 0 0 0 0 0 0 7 0 0 2 0 0 263 0 304 0 5 0 0 0 104 0 238 0 3 0 0 0 0 0 0 1 0 0 0 0 0 0 0 0 0 31 0 0 0 0 0 0 0 1 0 0 0 0 0 0 0 0 0 0 0 0 0 0 0 0 0 0 0 0 0 0 0 0 0 
0 6 0 0 16 556 0 0 13 0 2 0 0 0 0 0 40 0 0 44 0 0 1909 0 1393 1246 0 0 1403 0 13 32409 0 0 0 1410 11 0 0 0 0 0 0 12 181 0 0 6 0 0 0 0 16 0 0 0 0 0 0 0 5 0 0 6 0 0 251 0 431 0 5 0 0 0 121 0 231 0 2 0 0 0 0 0 0 0 0 0 0 0 0 0 0 0 0 63 0 0 0 2 0 0 0 1 0 1 0 0 0 0 0 0 0 0 0 1 0 0 0 0 0 0 0 0 0 0 0 0 0 
0 3 0 0 10 206 0 0 2 0 1 0 0 0 0 0 33 0 0 10 0 0 249 0 644 765 0 0 772 0 0 7024 0 0 0 542 10 0 0 0 0 0 0 1 19 0 0 1 0 0 0 0 9 0 0 0 0 0 0 0 3 0 0 1 0 0 64 0 162 0 1 0 0 0 46 0 124 0 2 0 0 0 0 0 0 0 0 0 0 0 0 0 0 0 0 6 0 0 0 1 0 0 0 1 0 0 0 0 0 0 0 0 0 0 0 1 0 0 0 0 0 0 0 0 0 0 0 0 0 
0 7 0 0 23 686 0 0 14 0 7 0 0 0 0 0 51 0 0 63 0 0 2231 0 1518 1425 0 0 1666 0 8 40917 0 0 0 1924 25 0 0 0 0 0 0 16 188 0 0 7 0 0 0 0 18 0 0 0 0 0 0 0 13 0 0 20 0 0 740 0 497 0 16 0 0 0 467 0 348 0 14 0 0 0 0 0 0 3 0 0 0 0 0 1 0 0 0 141 0 0 0 10 0 0 0 7 0 2 0 0 0 0 0 0 0 0 0 4 0 0 1 0 0 0 0 0 0 0 0 0 0 
0 7 0 0 29 508 0 0 15 0 7 0 0 0 0 0 51 0 0 63 0 0 1825 0 1191 2663 0 0 1849 0 12 21981 0 0 0 1595 49 0 0 0 0 0 0 15 128 0 0 23 0 0 0 0 12 0 0 0 0 0 0 0 15 0 0 19 0 0 506 0 401 0 11 0 0 0 481 0 359 0 19 0 0 0 0 0 0 1 0 0 0 0 0 3 0 0 0 74 0 0 0 12 0 0 0 13 0 4 0 0 0 0 0 0 0 0 0 11 0 0 1 0 0 0 0 0 0 0 0 0 0 
0 5 0 0 18 316 0 0 5 0 5 0 0 0 0 0 59 0 0 30 0 0 582 0 958 1434 0 0 778 0 0 10309 0 0 0 902 21 0 0 0 0 0 0 1 31 0 0 2 0 0 0 0 8 0 0 0 0 0 0 0 5 0 0 6 0 0 268 0 130 0 9 0 0 0 256 0 174 0 15 0 0 0 0 0 0 0 0 0 0 0 0 1 0 0 0 46 0 0 0 0 0 0 0 4 0 2 0 0 0 0 0 0 0 0 0 5 0 0 0 0 0 0 0 0 0 1 0 0 0 
0 3 0 0 9 202 0 0 2 0 1 0 0 0 0 0 31 0 0 11 0 0 216 0 635 786 0 0 542 0 0 6975 0 0 0 480 8 0 0 0 0 0 0 0 16 0 0 1 0 0 0 0 6 0 0 0 0 0 0 0 2 0 0 1 0 0 74 0 103 0 2 0 0 0 61 0 97 0 2 0 0 0 0 0 0 0 0 0 0 0 0 0 0 0 0 10 0 0 0 0 0 0 0 1 0 0 0 0 0 0 0 0 0 0 0 0 0 0 0 0 0 0 0 0 0 0 0 0 0 
0 3 0 0 12 202 0 0 2 0 1 0 0 0 0 0 24 0 0 12 0 0 235 0 549 1183 0 0 1057 0 0 6635 0 0 0 599 28 0 0 0 0 0 0 0 20 0 0 0 0 0 0 0 11 0 0 0 0 0 0 0 13 0 0 1 0 0 65 0 133 0 0 0 0 0 51 0 123 0 5 0 0 0 0 0 0 0 0 0 0 0 0 0 0 0 0 5 0 0 0 1 0 0 0 2 0 0 0 0 0 0 0 0 0 0 0 3 0 0 0 0 0 0 0 0 0 0 0 0 0 
0 6 0 0 25 420 0 0 10 0 8 0 0 0 0 0 41 0 0 49 0 0 1153 0 992 2366 0 0 1765 0 6 14991 0 0 0 1219 49 0 0 0 0 0 0 17 97 0 0 11 0 0 0 0 18 0 0 0 0 0 0 0 25 0 0 13 0 0 485 0 215 0 24 0 0 0 506 0 327 0 20 0 0 0 0 0 0 3 0 0 0 0 0 4 0 0 0 90 0 0 0 4 0 0 0 6 0 7 0 0 0 0 0 0 0 0 0 11 0 0 0 0 0 0 0 0 0 0 0 0 0 
0 5 0 0 18 452 0 0 6 0 6 0 0 0 0 0 38 0 0 27 0 0 938 0 1115 1421 0 0 1678 0 2 25747 0 0 0 1279 19 0 0 0 0 0 0 7 76 0 0 3 0 0 0 0 19 0 0 0 0 0 0 0 14 0 0 5 0 0 557 0 458 0 15 0 0 0 410 0 255 0 18 0 0 0 0 0 0 2 0 0 0 0 0 3 0 0 0 69 0 0 0 9 0 0 0 7 0 5 0 0 0 0 0 0 0 0 0 5 0 0 0 0 0 0 0 0 0 0 0 0 0 
0 6 0 0 20 486 0 0 10 0 8 0 0 0 0 0 41 0 0 45 0 0 1326 0 1238 1816 0 0 1492 0 6 23614 0 0 0 1061 32 0 0 0 0 0 0 11 116 0 0 7 0 0 0 0 15 0 0 0 0 0 0 0 15 0 0 13 0 0 636 0 269 0 23 0 0 0 651 0 284 0 17 0 0 0 0 0 0 4 0 0 0 0 0 3 0 0 0 64 0 0 0 3 0 0 0 4 0 8 0 0 0 0 0 0 0 0 0 6 0 0 0 0 0 0 0 0 0 0 0 0 0 
0 5 0 0 22 356 0 0 7 0 4 0 0 0 0 0 41 0 0 38 0 0 812 0 987 2088 0 0 1605 0 3 13158 0 0 0 1144 39 0 0 0 0 0 0 14 76 0 0 7 0 0 0 0 15 0 0 0 0 0 0 0 20 0 0 7 0 0 256 0 214 0 10 0 0 0 272 0 232 0 12 0 0 0 0 0 0 1 0 0 0 0 0 0 0 0 0 35 0 0 0 3 0 0 0 4 0 2 0 0 0 0 0 0 0 0 0 2 0 0 0 0 0 0 0 0 0 0 0 0 0 
0 6 0 0 25 570 0 0 9 0 7 0 0 0 0 0 56 0 0 60 0 0 1402 0 1421 1481 0 0 1825 0 2 30770 0 0 0 1875 36 0 0 0 0 0 0 7 117 0 0 3 0 0 0 0 18 0 0 0 0 0 0 0 12 0 0 16 0 0 654 0 481 0 19 0 0 0 492 0 303 0 23 0 0 0 0 0 0 1 0 0 0 0 0 1 0 0 0 126 0 0 0 11 0 0 0 9 0 0 0 0 0 0 0 0 0 0 0 3 0 0 2 0 0 0 0 0 0 2 0 0 0 
0 4 0 0 17 376 0 0 4 0 3 0 0 0 0 0 38 0 0 16 0 0 637 0 981 1333 0 0 1563 0 1 19206 0 0 0 1177 31 0 0 0 0 0 0 7 69 0 0 3 0 0 0 0 13 0 0 0 0 0 0 0 14 0 0 3 0 0 212 0 365 0 15 0 0 0 247 0 239 0 9 0 0 0 0 0 0 1 0 0 0 0 0 0 0 0 0 42 0 0 0 6 0 0 0 7 0 1 0 0 0 0 0 0 0 0 0 2 0 0 0 0 0 0 0 0 0 0 0 0 0 
87 5 499 321 15 478 3661 232 3 8 9 82 107 1131 880 869 30 913 615 16 435 13630 421 16666 952 694 28639 35869 717 220 0 25477 99809 18250 10300 1063 17 149 1376 4 213 145 204 2 54 1322 133 2 154 651 520 437 6 11 17 5 8 404 604 452 4 134 216 3 74 11725 724 5706 194 230 21 119 277 6251 678 6166 141 229 17 78 275 3 7 9 3 0 38 27 0 5 2 3 47 27 1348 164 554 146 189 6 62 77 126 4 133 2 30 42 49 3 2 7 5 69 98 1 122 29 2 3 0 2 6 6 4 7 31 39 7 
0 6 0 0 24 451 0 0 9 0 6 0 0 0 0 0 44 0 0 45 0 0 1100 0 1233 1950 0 0 1641 0 5 17119 0 0 0 1445 35 0 0 0 0 0 0 10 123 0 0 10 0 0 0 0 15 0 0 0 0 0 0 0 21 0 0 8 0 0 367 0 284 0 18 0 0 0 356 0 304 0 24 0 0 0 0 0 0 3 0 0 0 0 0 0 0 0 0 87 0 0 0 5 0 0 0 5 0 2 0 0 0 0 0 0 0 0 0 3 0 0 1 0 0 0 0 0 0 1 0 0 0 
0 3 0 0 17 265 0 0 1 0 3 0 0 0 0 0 34 0 0 9 0 0 186 0 660 1360 0 0 1305 0 0 13699 0 0 0 1111 31 0 0 0 0 0 0 0 11 0 0 0 0 0 0 0 14 0 0 0 0 0 0 0 13 0 0 0 0 0 226 0 291 0 9 0 0 0 220 0 220 0 13 0 0 0 0 0 0 0 0 0 0 0 0 1 0 0 0 35 0 0 0 7 0 0 0 7 0 1 0 0 0 0 0 0 0 0 0 3 0 0 0 0 0 0 0 0 0 0 0 0 0 
0 4 0 0 17 259 0 0 5 0 1 0 0 0 0 0 35 0 0 31 0 0 555 0 777 1665 0 0 1388 0 2 8476 0 0 0 780 39 0 0 0 0 0 0 7 45 0 0 5 0 0 0 0 13 0 0 0 0 0 0 0 19 0 0 2 0 0 71 0 163 0 1 0 0 0 34 0 177 0 5 0 0 0 0 0 0 0 0 0 0 0 0 0 0 0 0 11 0 0 0 0 0 0 0 1 0 0 0 0 0 0 0 0 0 0 0 0 0 0 0 0 0 0 0 0 0 0 0 0 0 
0 6 0 0 32 334 0 0 13 0 2 0 0 0 0 0 71 0 0 104 0 0 1258 0 922 2573 0 0 1844 0 12 9567 0 0 0 1388 58 0 0 0 0 0 0 17 81 0 0 14 0 0 0 0 21 0 0 0 0 0 0 0 27 0 0 8 0 0 132 0 272 0 5 0 0 0 78 0 303 0 11 0 0 0 0 0 0 0 0 0 0 0 0 0 0 0 0 11 0 0 0 2 0 0 0 1 0 0 0 0 0 0 0 0 0 0 0 1 0 0 0 0 0 0 0 0 0 0 0 0 0 
0 4 0 0 15 450 0 0 3 0 5 0 0 0 0 0 31 0 0 10 0 0 601 0 1086 1221 0 0 1322 0 1 28610 0 0 0 1163 16 0 0 0 0 0 0 2 93 0 0 2 0 0 0 0 16 0 0 0 0 0 0 0 14 0 0 0 0 0 436 0 336 0 13 0 0 0 408 0 245 0 16 0 0 0 0 0 0 1 0 0 0 0 0 3 0 0 0 67 0 0 0 4 0 0 0 4 0 4 0 0 0 0 0 0 0 0 0 7 0 0 0 0 0 0 0 0 0 0 0 0 0 
0 4 0 0 14 277 0 0 6 0 0 0 0 0 0 0 29 0 0 32 0 0 716 0 871 1327 0 0 1181 0 4 9479 0 0 0 704 32 0 0 0 0 0 0 3 56 0 0 5 0 0 0 0 12 0 0 0 0 0 0 0 17 0 0 0 0 0 0 0 161 0 0 0 0 0 0 0 153 0 0 0 0 0 0 0 0 0 0 0 0 0 0 0 0 0 0 0 0 0 0 0 0 0 0 0 0 0 0 0 0 0 0 0 0 0 0 0 0 0 0 0 0 0 0 0 0 0 0 0 0 
0 5 0 0 24 315 0 0 8 0 2 0 0 0 0 0 62 0 0 54 0 0 851 0 929 1825 0 0 1269 0 5 11017 0 0 0 1013 43 0 0 0 0 0 0 12 57 0 0 6 0 0 0 0 14 0 0 0 0 0 0 0 28 0 0 4 0 0 120 0 191 0 10 0 0 0 132 0 211 0 9 0 0 0 0 0 0 0 0 0 0 0 0 0 0 0 0 16 0 0 0 2 0 0 0 1 0 1 0 0 0 0 0 0 0 0 0 1 0 0 0 0 0 0 0 0 0 0 0 0 0 
0 8 0 0 35 633 0 0 18 0 12 0 0 0 0 0 49 0 0 121 0 0 2284 0 1310 2552 0 0 2304 0 13 32157 0 0 0 2082 51 0 0 0 0 0 0 25 200 0 0 13 0 0 0 0 19 0 0 0 0 0 0 0 24 0 0 30 0 0 1099 0 530 0 25 0 0 0 721 0 394 0 34 0 0 0 0 0 0 9 0 0 0 0 0 5 0 0 0 142 0 0 0 16 0 0 0 14 0 11 0 0 0 0 0 0 0 0 0 7 0 0 0 0 0 0 0 0 0 1 0 0 0 
0 5 0 0 18 420 0 0 7 0 4 0 0 0 0 0 45 0 0 38 0 0 954 0 1124 1313 0 0 1601 0 3 19995 0 0 0 1061 29 0 0 0 0 0 0 8 80 0 0 1 0 0 0 0 15 0 0 0 0 0 0 0 17 0 0 6 0 0 345 0 309 0 18 0 0 0 296 0 211 0 11 0 0 0 0 0 0 2 0 0 0 0 0 0 0 0 0 60 0 0 0 1 0 0 0 2 0 2 0 0 0 0 0 0 0 0 0 2 0 0 0 0 0 0 0 0 0 0 0 0 0 
100 4 340 345 17 267 4873 332 3 4 5 77 52 1026 848 1218 24 682 781 20 685 21484 249 27047 515 1162 22085 27833 755 390 1 11048 154822 10658 14591 735 28 234 1039 3 133 249 232 6 14 2557 191 4 81 175 210 290 5 15 10 5 13 92 205 359 12 152 91 0 143 4066 385 6215 143 166 7 197 228 5230 316 4251 159 235 11 58 196 2 9 8 0 3 34 20 1 1 2 1 40 3 380 74 618 65 35 4 20 48 29 3 46 4 38 65 21 1 4 0 3 25 57 3 63 8 0 1 0 0 0 0 1 0 7 9 5 
93 3 359 233 22 134 4214 305 3 1 0 64 43 1260 834 1374 25 902 388 19 675 23645 225 22931 204 1744 10069 29253 890 321 1 2871 124364 9314 8870 783 46 196 1205 15 88 304 237 12 17 2202 164 10 88 40 48 70 20 8 3 2 17 122 0 0 29 136 66 0 169 1975 0 4983 86 281 0 127 180 3163 0 3184 195 278 0 68 267 0 0 1 0 0 33 14 0 0 0 0 63 9 352 0 383 0 0 0 19 9 5 0 12 0 55 35 25 0 1 3 0 21 0 0 0 1 0 0 0 0 0 0 0 0 0 0 3 
0 6 0 0 28 527 0 0 9 0 7 0 0 0 0 0 55 0 0 64 0 0 1257 0 1205 1886 0 0 2137 0 4 27935 0 0 0 1895 43 0 0 0 0 0 0 11 121 0 0 4 0 0 0 0 21 0 0 0 0 0 0 0 14 0 0 10 0 0 635 0 535 0 19 0 0 0 461 0 316 0 23 0 0 0 0 0 0 2 0 0 0 0 0 2 0 0 0 112 0 0 0 12 0 0 0 10 0 4 0 0 0 0 0 0 0 0 0 5 0 0 1 0 0 0 0 0 0 1 0 0 0 
0 6 0 0 17 595 0 0 11 0 6 0 0 0 0 0 34 0 0 36 0 0 1793 0 1392 1220 0 0 2019 0 8 32369 0 0 0 1309 24 0 0 0 0 0 0 11 198 0 0 2 0 0 0 0 15 0 0 0 0 0 0 0 13 0 0 11 0 0 511 0 506 0 22 0 0 0 483 0 252 0 16 0 0 0 0 0 0 4 0 0 0 0 0 1 0 0 0 89 0 0 0 7 0 0 0 8 0 5 0 0 0 0 0 0 0 0 0 4 0 0 0 0 0 0 0 0 0 0 0 0 0 
0 3 0 0 18 259 0 0 2 0 2 0 0 0 0 0 44 0 0 19 0 0 282 0 665 1286 0 0 1133 0 0 13668 0 0 0 979 40 0 0 0 0 0 0 5 13 0 0 1 0 0 0 0 14 0 0 0 0 0 0 0 20 0 0 2 0 0 172 0 238 0 8 0 0 0 172 0 191 0 8 0 0 0 0 0 0 0 0 0 0 0 0 0 0 0 0 32 0 0 0 1 0 0 0 1 0 0 0 0 0 0 0 0 0 0 0 2 0 0 0 0 0 0 0 0 0 0 0 0 0 
0 7 0 0 25 611 0 0 10 0 13 0 0 0 0 0 39 0 0 43 0 0 1507 0 1480 1860 0 0 1851 0 5 28672 0 0 0 1583 28 0 0 0 0 0 0 13 148 0 0 4 0 0 0 0 20 0 0 0 0 0 0 0 24 0 0 10 0 0 952 0 363 0 43 0 0 0 871 0 267 0 37 0 0 0 0 0 0 5 0 0 0 0 0 8 0 0 0 191 0 0 0 8 0 0 0 5 0 12 0 0 0 0 0 0 0 0 0 7 0 0 2 0 0 0 0 0 0 3 0 0 0 
164 4 329 532 13 283 13245 456 2 6 5 122 119 941 551 1578 20 707 1045 9 1091 23164 183 64483 620 617 35150 46604 596 445 0 11550 703555 7781 35749 655 15 239 1005 7 108 235 336 3 15 4426 221 1 68 435 234 667 7 13 15 3 13 295 305 519 6 247 271 1 172 10444 380 16944 129 258 12 190 169 6238 251 13994 118 344 15 79 198 5 2 3 1 2 50 21 0 4 1 0 69 4 2503 74 1276 160 122 4 121 112 56 2 174 1 38 52 34 1 1 3 2 33 126 0 105 18 1 4 0 3 2 5 4 1 57 25 9 
0 4 0 0 28 169 0 0 5 0 1 0 0 0 0 0 76 0 0 58 0 0 352 0 453 2163 0 0 980 0 2 4042 0 0 0 970 58 0 0 0 0 0 0 2 16 0 0 6 0 0 0 0 13 0 0 0 0 0 0 0 32 0 0 2 0 0 57 0 121 0 3 0 0 0 52 0 181 0 8 0 0 0 0 0 0 0 0 0 0 0 0 0 0 0 0 5 0 0 0 1 0 0 0 1 0 0 0 0 0 0 0 0 0 0 0 1 0 0 0 0 0 0 0 0 0 0 0 0 0 
0 5 0 0 22 405 0 0 6 0 5 0 0 0 0 0 51 0 0 34 0 0 854 0 1026 1850 0 0 1137 0 1 21341 0 0 0 1254 34 0 0 0 0 0 0 6 87 0 0 6 0 0 0 0 13 0 0 0 0 0 0 0 22 0 0 8 0 0 392 0 236 0 18 0 0 0 328 0 273 0 18 0 0 0 0 0 0 1 0 0 0 0 0 1 0 0 0 40 0 0 0 4 0 0 0 4 0 2 0 0 0 0 0 0 0 0 0 5 0 0 0 0 0 0 0 0 0 0 0 0 0 
0 6 0 0 28 393 0 0 8 0 7 0 0 0 0 0 58 0 0 51 0 0 833 0 1090 2410 0 0 1777 0 2 13467 0 0 0 1362 43 0 0 0 0 0 0 13 77 0 0 11 0 0 0 0 17 0 0 0 0 0 0 0 30 0 0 10 0 0 438 0 278 0 22 0 0 0 386 0 267 0 27 0 0 0 0 0 0 2 0 0 0 0 0 1 0 0 0 71 0 0 0 2 0 0 0 3 0 3 0 0 0 0 0 0 0 0 0 4 0 0 2 0 0 0 0 0 0 0 0 0 0 
0 5 0 0 22 335 0 0 6 0 4 0 0 0 0 0 58 0 0 34 0 0 715 0 950 1850 0 0 1282 0 1 12529 0 0 0 1067 40 0 0 0 0 0 0 6 52 0 0 6 0 0 0 0 10 0 0 0 0 0 0 0 23 0 0 6 0 0 243 0 193 0 21 0 0 0 214 0 214 0 13 0 0 0 0 0 0 1 0 0 0 0 0 1 0 0 0 28 0 0 0 2 0 0 0 3 0 1 0 0 0 0 0 0 0 0 0 1 0 0 0 0 0 0 0 0 0 0 0 0 0 
0 6 0 0 30 305 0 0 13 0 2 0 0 0 0 0 73 0 0 93 0 0 1197 0 843 2497 0 0 1306 0 13 8145 0 0 0 1223 62 0 0 0 0 0 0 18 65 0 0 14 0 0 0 0 19 0 0 0 0 0 0 0 29 0 0 6 0 0 44 0 160 0 8 0 0 0 79 0 254 0 8 0 0 0 0 0 0 0 0 0 0 0 0 1 0 0 0 29 0 0 0 2 0 0 0 0 0 0 0 0 0 0 0 0 0 0 0 0 0 0 0 0 0 0 0 0 0 0 0 0 0 
0 2 0 0 14 121 0 0 0 0 1 0 0 0 0 0 27 0 0 0 0 0 0 0 321 1255 0 0 942 0 0 3490 0 0 0 677 31 0 0 0 0 0 0 0 0 0 0 0 0 0 0 0 12 0 0 0 0 0 0 0 16 0 0 0 0 0 57 0 117 0 3 0 0 0 52 0 143 0 8 0 0 0 0 0 0 0 0 0 0 0 0 0 0 0 0 5 0 0 0 1 0 0 0 1 0 0 0 0 0 0 0 0 0 0 0 1 0 0 0 0 0 0 0 0 0 0 0 0 0 
8 2 0 16 17 161 28 23 1 0 0 0 0 0 0 125 31 0 28 6 81 1935 151 141 393 1440 1276 0 954 31 0 6749 56 0 56 1033 46 8 0 0 0 11 0 4 3 10 12 5 0 0 0 0 17 0 0 0 0 0 0 0 22 0 0 0 10 0 0 0 159 0 0 0 0 0 0 0 249 0 0 0 0 0 0 0 0 0 0 0 0 0 0 0 0 0 0 0 0 0 0 0 0 0 0 0 0 0 0 0 0 0 0 0 0 0 0 0 0 0 0 0 0 0 0 0 0 0 0 0 0 
0 2 0 0 13 202 0 0 0 0 2 0 0 0 0 0 24 0 0 0 0 0 0 0 474 1067 0 0 1028 0 0 11789 0 0 0 902 29 0 0 0 0 0 0 0 0 0 0 0 0 0 0 0 13 0 0 0 0 0 0 0 14 0 0 0 0 0 169 0 248 0 7 0 0 0 169 0 175 0 7 0 0 0 0 0 0 0 0 0 0 0 0 0 0 0 0 30 0 0 0 6 0 0 0 6 0 0 0 0 0 0 0 0 0 0 0 2 0 0 0 0 0 0 0 0 0 0 0 0 0 
0 5 0 0 25 268 0 0 7 0 3 0 0 0 0 0 60 0 0 56 0 0 710 0 735 1998 0 0 1074 0 3 7824 0 0 0 1034 51 0 0 0 0 0 0 8 40 0 0 4 0 0 0 0 16 0 0 0 0 0 0 0 27 0 0 6 0 0 139 0 121 0 11 0 0 0 96 0 191 0 14 0 0 0 0 0 0 0 0 0 0 0 0 0 0 0 0 19 0 0 0 1 0 0 0 0 0 0 0 0 0 0 0 0 0 0 0 2 0 0 0 0 0 0 0 0 0 1 0 0 0 
0 3 0 0 16 263 0 0 1 0 4 0 0 0 0 0 33 0 0 8 0 0 80 0 667 1456 0 0 960 0 0 15290 0 0 0 819 34 0 0 0 0 0 0 3 10 0 0 2 0 0 0 0 14 0 0 0 0 0 0 0 15 0 0 0 0 0 384 0 177 0 10 0 0 0 384 0 226 0 10 0 0 0 0 0 0 1 0 0 0 0 0 1 0 0 0 38 0 0 0 3 0 0 0 3 0 2 0 0 0 0 0 0 0 0 0 6 0 0 0 0 0 0 0 0 0 0 0 0 0 
0 6 0 0 22 677 0 0 8 0 10 0 0 0 0 0 45 0 0 44 0 0 1467 0 1497 1417 0 0 1716 0 3 42306 0 0 0 1724 31 0 0 0 0 0 0 9 175 0 0 3 0 0 0 0 19 0 0 0 0 0 0 0 12 0 0 12 0 0 875 0 503 0 27 0 0 0 935 0 309 0 22 0 0 0 0 0 0 3 0 0 0 0 0 2 0 0 0 177 0 0 0 10 0 0 0 9 0 7 0 0 0 0 0 0 0 0 0 8 0 0 2 0 0 0 0 0 0 6 0 0 0 
0 4 0 0 26 363 0 0 4 0 3 0 0 0 0 0 45 0 0 35 0 0 539 0 835 1930 0 0 1258 0 1 19418 0 0 0 1628 57 0 0 0 0 0 0 9 46 0 0 7 0 0 0 0 22 0 0 0 0 0 0 0 27 0 0 3 0 0 331 0 244 0 8 0 0 0 244 0 360 0 12 0 0 0 0 0 0 1 0 0 0 0 0 0 0 0 0 45 0 0 0 4 0 0 0 3 0 1 0 0 0 0 0 0 0 0 0 5 0 0 0 0 0 0 0 0 0 0 0 0 0 
0 1 0 0 10 58 0 0 0 0 0 0 0 0 0 0 17 0 0 0 0 0 0 0 111 962 0 0 665 0 0 1580 0 0 0 469 30 0 0 0 0 0 0 0 0 0 0 0 0 0 0 0 11 0 0 0 0 0 0 0 17 0 0 0 0 0 0 0 74 0 0 0 0 0 0 0 98 0 0 0 0 0 0 0 0 0 0 0 0 0 0 0 0 0 0 0 0 0 0 0 0 0 0 0 0 0 0 0 0 0 0 0 0 0 0 0 0 0 0 0 0 0 0 0 0 0 0 0 0 
0 3 0 0 12 287 0 0 1 0 3 0 0 0 0 0 25 0 0 8 0 0 118 0 833 1028 0 0 1240 0 0 15460 0 0 0 729 23 0 0 0 0 0 0 0 11 0 0 1 0 0 0 0 14 0 0 0 0 0 0 0 16 0 0 0 0 0 303 0 272 0 10 0 0 0 239 0 145 0 9 0 0 0 0 0 0 1 0 0 0 0 0 0 0 0 0 47 0 0 0 1 0 0 0 1 0 1 0 0 0 0 0 0 0 0 0 2 0 0 0 0 0 0 0 0 0 0 0 0 0 
0 4 0 0 16 325 0 0 3 0 4 0 0 0 0 0 38 0 0 17 0 0 361 0 901 1447 0 0 994 0 0 18023 0 0 0 997 22 0 0 0 0 0 0 1 35 0 0 2 0 0 0 0 14 0 0 0 0 0 0 0 15 0 0 2 0 0 420 0 193 0 11 0 0 0 256 0 224 0 13 0 0 0 0 0 0 1 0 0 0 0 0 1 0 0 0 40 0 0 0 4 0 0 0 3 0 2 0 0 0 0 0 0 0 0 0 5 0 0 0 0 0 0 0 0 0 0 0 0 0 
0 4 0 0 21 312 0 0 4 0 3 0 0 0 0 0 45 0 0 32 0 0 547 0 827 1644 0 0 1395 0 0 15076 0 0 0 1066 39 0 0 0 0 0 0 7 35 0 0 2 0 0 0 0 18 0 0 0 0 0 0 0 24 0 0 6 0 0 206 0 281 0 14 0 0 0 222 0 223 0 11 0 0 0 0 0 0 0 0 0 0 0 0 0 0 0 0 43 0 0 0 1 0 0 0 2 0 0 0 0 0 0 0 0 0 0 0 2 0 0 0 0 0 0 0 0 0 0 0 0 0 
0 5 0 0 22 521 0 0 5 0 7 0 0 0 0 0 39 0 0 24 0 0 826 0 1183 1657 0 0 1486 0 1 30918 0 0 0 1581 31 0 0 0 0 0 0 7 120 0 0 5 0 0 0 0 21 0 0 0 0 0 0 0 20 0 0 3 0 0 694 0 348 0 15 0 0 0 507 0 328 0 24 0 0 0 0 0 0 3 0 0 0 0 0 4 0 0 0 111 0 0 0 8 0 0 0 5 0 6 0 0 0 0 0 0 0 0 0 9 0 0 0 0 0 0 0 0 0 0 0 0 0 
0 7 0 0 31 502 0 0 13 0 9 0 0 0 0 0 78 0 0 93 0 0 1564 0 1307 2000 0 0 1678 0 7 23068 0 0 0 1431 52 0 0 0 0 0 0 15 106 0 0 2 0 0 0 0 15 0 0 0 0 0 0 0 25 0 0 19 0 0 737 0 335 0 34 0 0 0 501 0 259 0 24 0 0 0 0 0 0 6 0 0 0 0 0 1 0 0 0 86 0 0 0 11 0 0 0 4 0 4 0 0 0 0 0 0 0 0 0 7 0 0 0 0 0 0 0 0 0 3 0 0 0 
0 5 0 0 19 504 0 0 5 0 6 0 0 0 0 0 35 0 0 25 0 0 806 0 1225 1327 0 0 1766 0 2 28921 0 0 0 1411 23 0 0 0 0 0 0 7 116 0 0 1 0 0 0 0 16 0 0 0 0 0 0 0 12 0 0 2 0 0 566 0 469 0 16 0 0 0 431 0 233 0 18 0 0 0 0 0 0 0 0 0 0 0 0 5 0 0 0 87 0 0 0 5 0 0 0 6 0 2 0 0 0 0 0 0 0 0 0 4 0 0 0 0 0 0 0 0 0 2 0 0 0 
0 8 0 0 28 559 0 0 19 0 10 0 0 0 0 0 56 0 0 91 0 0 2322 0 1350 2092 0 0 2220 0 17 22844 0 0 0 1552 38 0 0 0 0 0 0 23 153 0 0 10 0 0 0 0 19 0 0 0 0 0 0 0 17 0 0 29 0 0 741 0 399 0 31 0 0 0 541 0 322 0 32 0 0 0 0 0 0 5 0 0 0 0 0 2 0 0 0 88 0 0 0 10 0 0 0 8 0 7 0 0 0 0 0 0 0 0 0 4 0 0 1 0 0 0 0 0 0 1 0 0 0 
0 8 0 0 28 769 0 0 15 0 14 0 0 0 0 0 42 0 0 62 0 0 2372 0 1675 1919 0 0 1916 0 9 41443 0 0 0 2103 31 0 0 0 0 0 0 18 309 0 0 8 0 0 0 0 19 0 0 0 0 0 0 0 18 0 0 22 0 0 1192 0 500 0 35 0 0 0 952 0 354 0 35 0 0 0 0 0 0 5 0 0 0 0 0 10 0 0 0 217 0 0 0 13 0 0 0 10 0 10 0 0 0 0 0 0 0 0 0 12 0 0 2 0 0 0 0 0 0 4 0 0 0 
0 5 0 0 24 274 0 0 8 0 2 0 0 0 0 0 60 0 0 60 0 0 830 0 799 1936 0 0 1245 0 4 7980 0 0 0 1090 47 0 0 0 0 0 0 7 29 0 0 4 0 0 0 0 16 0 0 0 0 0 0 0 24 0 0 6 0 0 71 0 175 0 6 0 0 0 93 0 204 0 12 0 0 0 0 0 0 0 0 0 0 0 0 0 0 0 0 18 0 0 0 1 0 0 0 1 0 0 0 0 0 0 0 0 0 0 0 2 0 0 0 0 0 0 0 0 0 0 0 0 0 
150 3 553 379 11 190 10992 405 1 4 2 183 65 1547 988 1198 15 1105 691 6 948 24319 64 50485 324 621 22657 72135 590 355 0 8290 525874 13502 23532 489 15 115 1062 13 171 205 511 1 2 4245 184 1 280 284 135 455 8 9 4 2 15 554 221 203 10 370 117 0 155 5025 133 23791 169 174 2 316 271 8395 144 7878 89 384 6 30 191 3 4 1 2 0 51 88 0 3 1 0 88 1 758 16 1316 40 36 2 208 37 24 2 88 1 38 95 62 0 3 6 2 75 77 1 43 10 0 0 1 0 0 0 0 0 11 7 22 
0 4 0 0 19 291 0 0 3 0 4 0 0 0 0 0 45 0 0 17 0 0 349 0 783 1741 0 0 1422 0 0 11275 0 0 0 945 39 0 0 0 0 0 0 6 41 0 0 4 0 0 0 0 13 0 0 0 0 0 0 0 22 0 0 3 0 0 213 0 202 0 22 0 0 0 290 0 211 0 9 0 0 0 0 0 0 1 0 0 0 0 0 1 0 0 0 34 0 0 0 1 0 0 0 3 0 1 0 0 0 0 0 0 0 0 0 1 0 0 0 0 0 0 0 0 0 0 0 0 0 
0 4 0 0 16 370 0 0 3 0 5 0 0 0 0 0 36 0 0 12 0 0 513 0 931 1407 0 0 1634 0 1 18883 0 0 0 992 19 0 0 0 0 0 0 3 56 0 0 2 0 0 0 0 17 0 0 0 0 0 0 0 13 0 0 0 0 0 379 0 346 0 10 0 0 0 356 0 259 0 13 0 0 0 0 0 0 1 0 0 0 0 0 3 0 0 0 42 0 0 0 7 0 0 0 5 0 4 0 0 0 0 0 0 0 0 0 11 0 0 0 0 0 0 0 0 0 0 0 0 0 
0 6 0 0 28 517 0 0 10 0 7 0 0 0 0 0 64 0 0 70 0 0 1333 0 1319 1995 0 0 1337 0 6 29248 0 0 0 1607 43 0 0 0 0 0 0 12 76 0 0 10 0 0 0 0 17 0 0 0 0 0 0 0 23 0 0 14 0 0 659 0 332 0 20 0 0 0 591 0 305 0 20 0 0 0 0 0 0 1 0 0 0 0 0 1 0 0 0 124 0 0 0 8 0 0 0 8 0 1 0 0 0 0 0 0 0 0 0 5 0 0 2 0 0 0 0 0 0 4 0 0 0 
0 2 0 0 13 211 0 0 0 0 1 0 0 0 0 0 24 0 0 0 0 0 0 0 539 983 0 0 1087 0 0 12992 0 0 0 956 29 0 0 0 0 0 0 0 0 0 0 0 0 0 0 0 16 0 0 0 0 0 0 0 15 0 0 0 0 0 144 0 290 0 3 0 0 0 48 0 162 0 5 0 0 0 0 0 0 0 0 0 0 0 0 0 0 0 0 9 0 0 0 3 0 0 0 1 0 0 0 0 0 0 0 0 0 0 0 1 0 0 0 0 0 0 0 0 0 0 0 0 0 
0 3 0 0 15 317 0 0 1 0 3 0 0 0 0 0 31 0 0 4 0 0 193 0 822 1272 0 0 1050 0 0 19200 0 0 0 1046 26 0 0 0 0 0 0 2 33 0 0 0 0 0 0 0 13 0 0 0 0 0 0 0 19 0 0 0 0 0 238 0 233 0 13 0 0 0 281 0 227 0 9 0 0 0 0 0 0 1 0 0 0 0 0 0 0 0 0 34 0 0 0 3 0 0 0 4 0 1 0 0 0 0 0 0 0 0 0 5 0 0 0 0 0 0 0 0 0 0 0 0 0 
0 8 0 0 36 743 0 0 18 0 11 0 0 0 0 0 60 0 0 110 0 0 2643 0 1636 2345 0 0 1863 0 13 39900 0 0 0 2604 55 0 0 0 0 0 0 25 214 0 0 18 0 0 0 0 27 0 0 0 0 0 0 0 22 0 0 31 0 0 1124 0 405 0 26 0 0 0 716 0 454 0 39 0 0 0 0 0 0 6 0 0 0 0 0 2 0 0 0 236 0 0 0 11 0 0 0 9 0 6 0 0 0 0 0 0 0 0 0 8 0 0 0 0 0 0 0 0 0 4 0 0 0 
147 5 532 612 14 274 10522 370 6 14 5 212 111 959 1202 1427 18 1056 1095 16 903 19441 546 45567 500 845 32951 61620 619 296 2 7496 491382 19804 36730 603 11 621 632 11 201 294 330 7 52 3651 204 6 136 581 932 1383 4 37 12 19 9 918 327 505 9 418 188 5 182 6221 217 24600 90 227 8 493 180 14518 250 13240 102 276 8 223 93 10 1 5 16 2 48 70 5 2 7 1 55 15 1232 35 2650 86 31 2 338 324 136 3 244 3 62 88 96 5 6 3 4 171 120 5 107 46 0 1 2 13 6 2 2 0 13 13 60 
83 3 280 199 10 162 3342 320 1 4 3 61 47 1080 493 534 16 683 582 6 750 23687 107 20461 438 678 10181 19777 534 349 0 4623 87340 6616 6523 453 8 50 1047 6 49 115 217 1 3 2584 104 0 33 221 137 196 4 13 11 2 14 178 114 152 4 165 124 0 226 2914 140 4144 58 128 10 90 150 2644 130 2851 104 207 10 30 194 2 1 1 2 1 13 10 1 2 3 0 41 1 446 32 345 46 25 0 39 43 43 0 71 1 39 34 13 1 1 4 2 22 29 0 38 14 0 0 0 0 0 0 0 0 11 8 3 
0 6 0 0 24 411 0 0 14 0 1 0 0 0 0 0 59 0 0 83 0 0 1660 0 1126 2079 0 0 1350 0 16 15053 0 0 0 1343 28 0 0 0 0 0 0 11 115 0 0 8 0 0 0 0 20 0 0 0 0 0 0 0 23 0 0 4 0 0 69 0 245 0 1 0 0 0 57 0 342 0 5 0 0 0 0 0 0 0 0 0 0 0 0 0 0 0 0 16 0 0 0 0 0 0 0 1 0 0 0 0 0 0 0 0 0 0 0 3 0 0 0 0 0 0 0 0 0 0 0 0 0 
0 6 0 0 20 712 0 0 8 0 7 0 0 0 0 0 46 0 0 36 0 0 1512 0 1658 998 0 0 1778 0 2 45474 0 0 0 2005 17 0 0 0 0 0 0 10 207 0 0 4 0 0 0 0 16 0 0 0 0 0 0 0 11 0 0 10 0 0 634 0 523 0 18 0 0 0 534 0 269 0 15 0 0 0 0 0 0 2 0 0 0 0 0 2 0 0 0 227 0 0 0 7 0 0 0 7 0 2 0 0 0 0 0 0 0 0 0 3 0 0 1 0 0 0 0 0 0 1 0 0 0 
0 5 0 0 16 581 0 0 3 0 7 0 0 0 0 0 45 0 0 11 0 0 474 0 1543 856 0 0 1411 0 0 35919 0 0 0 1648 12 0 0 0 0 0 0 3 84 0 0 1 0 0 0 0 15 0 0 0 0 0 0 0 9 0 0 3 0 0 729 0 330 0 15 0 0 0 482 0 249 0 14 0 0 0 0 0 0 0 0 0 0 0 0 0 0 0 0 233 0 0 0 5 0 0 0 8 0 3 0 0 0 0 0 0 0 0 0 6 0 0 0 0 0 0 0 0 0 4 0 0 0 
0 4 0 0 14 257 0 0 3 0 3 0 0 0 0 0 42 0 0 18 0 0 308 0 845 796 0 0 1002 0 0 8375 0 0 0 692 15 0 0 0 0 0 0 4 25 0 0 0 0 0 0 0 9 0 0 0 0 0 0 0 5 0 0 2 0 0 159 0 155 0 7 0 0 0 196 0 163 0 8 0 0 0 0 0 0 0 0 0 0 0 0 1 0 0 0 26 0 0 0 1 0 0 0 3 0 1 0 0 0 0 0 0 0 0 0 1 0 0 0 0 0 0 0 0 0 0 0 0 0 
0 5 0 0 19 436 0 0 7 0 4 0 0 0 0 0 40 0 0 39 0 0 1017 0 1206 1325 0 0 1540 0 2 20776 0 0 0 1314 28 0 0 0 0 0 0 10 69 0 0 4 0 0 0 0 14 0 0 0 0 0 0 0 11 0 0 10 0 0 373 0 333 0 7 0 0 0 226 0 251 0 10 0 0 0 0 0 0 1 0 0 0 0 0 0 0 0 0 61 0 0 0 4 0 0 0 3 0 0 0 0 0 0 0 0 0 0 0 3 0 0 0 0 0 0 0 0 0 0 0 0 0 
0 3 0 0 12 316 0 0 2 0 1 0 0 0 0 0 33 0 0 13 0 0 392 0 896 700 0 0 790 0 0 18789 0 0 0 1020 11 0 0 0 0 0 0 3 43 0 0 0 0 0 0 0 14 0 0 0 0 0 0 0 10 0 0 1 0 0 73 0 212 0 3 0 0 0 64 0 222 0 5 0 0 0 0 0 0 0 0 0 0 0 0 0 0 0 0 8 0 0 0 0 0 0 0 0 0 0 0 0 0 0 0 0 0 0 0 0 0 0 0 0 0 0 0 0 0 0 0 0 0 
0 5 0 0 15 408 0 0 6 0 5 0 0 0 0 0 57 0 0 25 0 0 901 0 1152 934 0 0 1519 0 1 19792 0 0 0 894 13 0 0 0 0 0 0 9 74 0 0 1 0 0 0 0 9 0 0 0 0 0 0 0 6 0 0 8 0 0 343 0 317 0 9 0 0 0 303 0 181 0 10 0 0 0 0 0 0 1 0 0 0 0 0 1 0 0 0 56 0 0 0 5 0 0 0 4 0 2 0 0 0 0 0 0 0 0 0 2 0 0 0 0 0 0 0 0 0 0 0 0 0 
0 7 0 0 23 695 0 0 13 0 8 0 0 0 0 0 62 0 0 62 0 0 1943 0 1637 1328 0 0 1827 0 7 38407 0 0 0 1929 19 0 0 0 0 0 0 15 255 0 0 2 0 0 0 0 22 0 0 0 0 0 0 0 13 0 0 20 0 0 827 0 453 0 12 0 0 0 488 0 350 0 18 0 0 0 0 0 0 1 0 0 0 0 0 3 0 0 0 192 0 0 0 6 0 0 0 7 0 0 0 0 0 0 0 0 0 0 0 9 0 0 0 0 0 0 0 0 0 4 0 0 0 
0 4 0 0 13 342 0 0 5 0 1 0 0 0 0 0 45 0 0 23 0 0 735 0 956 955 0 0 1384 0 2 18262 0 0 0 860 8 0 0 0 0 0 0 7 60 0 0 2 0 0 0 0 11 0 0 0 0 0 0 0 8 0 0 2 0 0 143 0 313 0 2 0 0 0 15 0 172 0 3 0 0 0 0 0 0 0 0 0 0 0 0 0 0 0 0 4 0 0 0 1 0 0 0 1 0 0 0 0 0 0 0 0 0 0 0 0 0 0 0 0 0 0 0 0 0 0 0 0 0 
0 7 0 0 24 737 0 0 13 0 9 0 0 0 0 0 54 0 0 58 0 0 2090 0 1632 1248 0 0 1993 0 10 44193 0 0 0 2047 24 0 0 0 0 0 0 23 232 0 0 6 0 0 0 0 17 0 0 0 0 0 0 0 11 0 0 15 0 0 909 0 590 0 17 0 0 0 673 0 313 0 17 0 0 0 0 0 0 6 0 0 0 0 0 0 0 0 0 243 0 0 0 12 0 0 0 12 0 6 0 0 0 0 0 0 0 0 0 6 0 0 1 0 0 0 0 0 0 2 0 0 0 
0 6 0 0 25 517 0 0 11 0 4 0 0 0 0 0 54 0 0 55 0 0 1484 0 1248 1639 0 0 1653 0 8 25699 0 0 0 1745 27 0 0 0 0 0 0 20 148 0 0 7 0 0 0 0 20 0 0 0 0 0 0 0 23 0 0 9 0 0 379 0 430 0 9 0 0 0 245 0 341 0 11 0 0 0 0 0 0 0 0 0 0 0 0 0 0 0 0 79 0 0 0 4 0 0 0 5 0 2 0 0 0 0 0 0 0 0 0 6 0 0 0 0 0 0 0 0 0 1 0 0 0 
0 2 0 0 6 144 0 0 0 0 2 0 0 0 0 0 20 0 0 0 0 0 0 0 535 396 0 0 493 0 0 5112 0 0 0 341 7 0 0 0 0 0 0 0 0 0 0 0 0 0 0 0 3 0 0 0 0 0 0 0 0 0 0 0 0 0 116 0 81 0 3 0 0 0 116 0 69 0 3 0 0 0 0 0 0 0 0 0 0 0 0 0 0 0 0 26 0 0 0 2 0 0 0 2 0 0 0 0 0 0 0 0 0 0 0 2 0 0 0 0 0 0 0 0 0 0 0 0 0 
0 6 0 0 22 460 0 0 12 0 3 0 0 0 0 0 67 0 0 65 0 0 1575 0 1281 1433 0 0 1318 0 10 21485 0 0 0 1411 17 0 0 0 0 0 0 11 103 0 0 7 0 0 0 0 22 0 0 0 0 0 0 0 19 0 0 8 0 0 218 0 339 0 8 0 0 0 180 0 246 0 10 0 0 0 0 0 0 1 0 0 0 0 0 1 0 0 0 56 0 0 0 1 0 0 0 2 0 0 0 0 0 0 0 0 0 0 0 3 0 0 0 0 0 0 0 0 0 0 0 0 0 
0 5 0 0 17 509 0 0 7 0 3 0 0 0 0 0 47 0 0 33 0 0 1008 0 1299 991 0 0 1416 0 3 31472 0 0 0 1450 10 0 0 0 0 0 0 11 110 0 0 3 0 0 0 0 17 0 0 0 0 0 0 0 14 0 0 6 0 0 347 0 375 0 6 0 0 0 212 0 240 0 3 0 0 0 0 0 0 0 0 0 0 0 0 0 0 0 0 119 0 0 0 3 0 0 0 4 0 0 0 0 0 0 0 0 0 0 0 4 0 0 0 0 0 0 0 0 0 1 0 0 0 
0 4 0 0 14 215 0 0 4 0 2 0 0 0 0 0 44 0 0 22 0 0 330 0 693 866 0 0 670 0 1 7025 0 0 0 683 15 0 0 0 0 0 0 1 19 0 0 1 0 0 0 0 7 0 0 0 0 0 0 0 6 0 0 2 0 0 128 0 125 0 5 0 0 0 99 0 140 0 8 0 0 0 0 0 0 0 0 0 0 0 0 0 0 0 0 24 0 0 0 0 0 0 0 2 0 1 0 0 0 0 0 0 0 0 0 1 0 0 0 0 0 0 0 0 0 0 0 0 0 
0 6 0 0 24 596 0 0 7 0 8 0 0 0 0 0 59 0 0 42 0 0 1055 0 1472 1471 0 0 1577 0 0 34219 0 0 0 1903 24 0 0 0 0 0 0 11 127 0 0 2 0 0 0 0 20 0 0 0 0 0 0 0 19 0 0 12 0 0 831 0 377 0 15 0 0 0 444 0 327 0 23 0 0 0 0 0 0 1 0 0 0 0 0 1 0 0 0 190 0 0 0 7 0 0 0 8 0 2 0 0 0 0 0 0 0 0 0 8 0 0 0 0 0 0 0 0 0 4 0 0 0 
0 8 0 0 33 700 0 0 22 0 7 0 0 0 0 0 76 0 0 139 0 0 3083 0 1564 1984 0 0 1647 0 26 37336 0 0 0 2151 47 0 0 0 0 0 0 25 297 0 0 11 0 0 0 0 20 0 0 0 0 0 0 0 16 0 0 32 0 0 533 0 441 0 14 0 0 0 540 0 408 0 18 0 0 0 0 0 0 0 0 0 0 0 0 1 0 0 0 131 0 0 0 7 0 0 0 6 0 1 0 0 0 0 0 0 0 0 0 6 0 0 0 0 0 0 0 0 0 2 0 0 0 
0 6 0 0 20 656 0 0 9 0 7 0 0 0 0 0 54 0 0 35 0 0 1472 0 1504 1050 0 0 1898 0 4 37411 0 0 0 1897 21 0 0 0 0 0 0 17 208 0 0 4 0 0 0 0 19 0 0 0 0 0 0 0 6 0 0 12 0 0 652 0 509 0 14 0 0 0 542 0 316 0 12 0 0 0 0 0 0 1 0 0 0 0 0 0 0 0 0 204 0 0 0 11 0 0 0 9 0 4 0 0 0 0 0 0 0 0 0 5 0 0 1 0 0 0 0 0 0 2 0 0 0 
0 9 0 0 22 698 0 0 27 0 13 0 0 0 0 0 63 0 0 90 0 0 3645 0 1682 1751 0 0 2000 0 33 31841 0 0 0 1362 11 0 0 0 0 0 0 28 303 0 0 9 0 0 0 0 13 0 0 0 0 0 0 0 10 0 0 56 0 0 941 0 364 0 18 0 0 0 737 0 366 0 23 0 0 0 0 0 0 6 0 0 0 0 0 6 0 0 0 116 0 0 0 4 0 0 0 7 0 12 0 0 0 0 0 0 0 0 0 8 0 0 0 0 0 0 0 0 0 1 0 0 0 
0 6 0 0 21 547 0 0 10 0 6 0 0 0 0 0 44 0 0 44 0 0 1505 0 1332 1311 0 0 1915 0 5 26883 0 0 0 1643 16 0 0 0 0 0 0 20 185 0 0 4 0 0 0 0 18 0 0 0 0 0 0 0 16 0 0 13 0 0 446 0 481 0 12 0 0 0 351 0 283 0 12 0 0 0 0 0 0 1 0 0 0 0 0 2 0 0 0 91 0 0 0 6 0 0 0 7 0 3 0 0 0 0 0 0 0 0 0 3 0 0 0 0 0 0 0 0 0 0 0 0 0 
0 8 0 0 28 596 0 0 17 0 11 0 0 0 0 0 72 0 0 86 0 0 2126 0 1407 1983 0 0 1603 0 14 28891 0 0 0 1780 30 0 0 0 0 0 0 17 264 0 0 9 0 0 0 0 15 0 0 0 0 0 0 0 15 0 0 21 0 0 872 0 417 0 30 0 0 0 404 0 346 0 24 0 0 0 0 0 0 2 0 0 0 0 0 8 0 0 0 108 0 0 0 8 0 0 0 6 0 8 0 0 0 0 0 0 0 0 0 5 0 0 0 0 0 0 0 0 0 3 0 0 0 
0 6 0 0 23 502 0 0 9 0 8 0 0 0 0 0 56 0 0 54 0 0 1185 0 1255 1315 0 0 1294 0 4 24156 0 0 0 1633 31 0 0 0 0 0 0 10 159 0 0 3 0 0 0 0 15 0 0 0 0 0 0 0 9 0 0 13 0 0 542 0 313 0 27 0 0 0 426 0 265 0 23 0 0 0 0 0 0 2 0 0 0 0 0 1 0 0 0 164 0 0 0 5 0 0 0 3 0 5 0 0 0 0 0 0 0 0 0 0 0 0 1 0 0 0 0 0 0 3 0 0 0 
0 3 0 0 11 264 0 0 2 0 1 0 0 0 0 0 30 0 0 12 0 0 289 0 772 903 0 0 806 0 0 16364 0 0 0 782 6 0 0 0 0 0 0 2 28 0 0 0 0 0 0 0 12 0 0 0 0 0 0 0 11 0 0 1 0 0 158 0 189 0 2 0 0 0 15 0 182 0 3 0 0 0 0 0 0 0 0 0 0 0 0 0 0 0 0 4 0 0 0 0 0 0 0 1 0 0 0 0 0 0 0 0 0 0 0 1 0 0 0 0 0 0 0 0 0 0 0 0 0 
0 5 0 0 21 415 0 0 6 0 4 0 0 0 0 0 55 0 0 38 0 0 770 0 1106 1339 0 0 1148 0 2 20653 0 0 0 1378 31 0 0 0 0 0 0 6 109 0 0 2 0 0 0 0 17 0 0 0 0 0 0 0 11 0 0 4 0 0 419 0 366 0 7 0 0 0 157 0 270 0 14 0 0 0 0 0 0 2 0 0 0 0 0 2 0 0 0 42 0 0 0 6 0 0 0 1 0 0 0 0 0 0 0 0 0 0 0 4 0 0 0 0 0 0 0 0 0 0 0 0 0 
0 9 0 0 26 770 0 0 28 0 9 0 0 0 0 0 66 0 0 120 0 0 3884 0 1691 1694 0 0 2069 0 39 40077 0 0 0 1980 17 0 0 0 0 0 0 28 402 0 0 6 0 0 0 0 22 0 0 0 0 0 0 0 13 0 0 39 0 0 759 0 492 0 19 0 0 0 462 0 350 0 17 0 0 0 0 0 0 1 0 0 0 0 0 4 0 0 0 168 0 0 0 5 0 0 0 5 0 7 0 0 0 0 0 0 0 0 0 6 0 0 0 0 0 0 0 0 0 1 0 0 0 
0 10 0 0 27 830 0 0 29 0 20 0 0 0 0 0 61 0 0 124 0 0 3964 0 1738 1508 0 0 1823 0 30 40340 0 0 0 1907 28 0 0 0 0 0 0 22 458 0 0 8 0 0 0 0 14 0 0 0 0 0 0 0 9 0 0 70 0 0 1400 0 463 0 46 0 0 0 1085 0 303 0 37 0 0 0 0 0 0 9 0 0 0 0 0 11 0 0 0 315 0 0 0 9 0 0 0 8 0 26 0 0 0 0 0 0 0 0 0 3 0 0 2 0 0 0 0 0 0 6 0 0 0 
0 5 0 0 19 491 0 0 6 0 5 0 0 0 0 0 51 0 0 26 0 0 944 0 1231 1297 0 0 1444 0 2 26152 0 0 0 1501 14 0 0 0 0 0 0 12 107 0 0 3 0 0 0 0 18 0 0 0 0 0 0 0 20 0 0 6 0 0 458 0 272 0 12 0 0 0 279 0 324 0 17 0 0 0 0 0 0 0 0 0 0 0 0 2 0 0 0 111 0 0 0 2 0 0 0 4 0 2 0 0 0 0 0 0 0 0 0 6 0 0 0 0 0 0 0 0 0 1 0 0 0 
20 3 29 58 13 148 186 49 2 0 1 4 2 251 83 237 50 103 124 13 181 3473 194 836 521 658 2819 432 340 41 0 4601 1074 393 521 520 19 37 98 0 4 13 3 1 17 32 4 1 0 0 0 0 5 0 0 0 1 0 0 19 10 7 7 1 22 132 49 60 70 10 7 11 13 114 12 37 127 13 3 3 17 0 0 0 0 0 1 0 0 0 0 0 3 0 0 3 6 1 0 0 0 0 0 0 0 0 0 2 1 0 0 0 0 0 0 0 0 0 0 0 0 0 0 0 0 0 0 0 0 
0 4 0 0 14 352 0 0 5 0 1 0 0 0 0 0 39 0 0 29 0 0 682 0 1089 994 0 0 995 0 2 15229 0 0 0 1043 19 0 0 0 0 0 0 2 94 0 0 1 0 0 0 0 8 0 0 0 0 0 0 0 7 0 0 2 0 0 76 0 217 0 4 0 0 0 55 0 246 0 1 0 0 0 0 0 0 0 0 0 0 0 0 0 0 0 0 26 0 0 0 1 0 0 0 3 0 0 0 0 0 0 0 0 0 0 0 1 0 0 0 0 0 0 0 0 0 0 0 0 0 
0 6 0 0 21 532 0 0 9 0 7 0 0 0 0 0 61 0 0 48 0 0 1401 0 1398 1177 0 0 1474 0 5 26487 0 0 0 1615 22 0 0 0 0 0 0 10 154 0 0 1 0 0 0 0 14 0 0 0 0 0 0 0 7 0 0 7 0 0 481 0 367 0 21 0 0 0 346 0 285 0 18 0 0 0 0 0 0 1 0 0 0 0 0 3 0 0 0 128 0 0 0 7 0 0 0 4 0 6 0 0 0 0 0 0 0 0 0 3 0 0 1 0 0 0 0 0 0 1 0 0 0 
0 7 0 0 25 426 0 0 14 0 7 0 0 0 0 0 74 0 0 74 0 0 1542 0 1170 1753 0 0 1612 0 11 15002 0 0 0 1215 22 0 0 0 0 0 0 16 110 0 0 6 0 0 0 0 22 0 0 0 0 0 0 0 19 0 0 13 0 0 359 0 273 0 26 0 0 0 320 0 314 0 15 0 0 0 0 0 0 3 0 0 0 0 0 4 0 0 0 48 0 0 0 5 0 0 0 1 0 4 0 0 0 0 0 0 0 0 0 3 0 0 0 0 0 0 0 0 0 0 0 0 0 
0 6 0 0 22 438 0 0 8 0 7 0 0 0 0 0 60 0 0 45 0 0 1046 0 1149 1511 0 0 1428 0 3 20896 0 0 0 1334 23 0 0 0 0 0 0 8 156 0 0 4 0 0 0 0 16 0 0 0 0 0 0 0 15 0 0 7 0 0 525 0 406 0 18 0 0 0 184 0 224 0 16 0 0 0 0 0 0 2 0 0 0 0 0 5 0 0 0 55 0 0 0 4 0 0 0 3 0 2 0 0 0 0 0 0 0 0 0 5 0 0 0 0 0 0 0 0 0 1 0 0 0 
0 4 0 0 11 327 0 0 6 0 0 0 0 0 0 0 36 0 0 19 0 0 787 0 1047 794 0 0 986 0 4 13314 0 0 0 772 6 0 0 0 0 0 0 6 95 0 0 5 0 0 0 0 9 0 0 0 0 0 0 0 8 0 0 0 0 0 0 0 216 0 0 0 0 0 0 0 154 0 0 0 0 0 0 0 0 0 0 0 0 0 0 0 0 0 0 0 0 0 0 0 0 0 0 0 0 0 0 0 0 0 0 0 0 0 0 0 0 0 0 0 0 0 0 0 0 0 0 0 0 
0 6 0 0 20 671 0 0 8 0 8 0 0 0 0 0 58 0 0 35 0 0 1327 0 1605 1189 0 0 1593 0 2 39477 0 0 0 1855 19 0 0 0 0 0 0 13 183 0 0 3 0 0 0 0 15 0 0 0 0 0 0 0 9 0 0 11 0 0 766 0 410 0 10 0 0 0 689 0 357 0 11 0 0 0 0 0 0 1 0 0 0 0 0 1 0 0 0 209 0 0 0 10 0 0 0 12 0 6 0 0 0 0 0 0 0 0 0 11 0 0 1 0 0 0 0 0 0 2 0 0 0 
0 4 0 0 15 422 0 0 4 0 2 0 0 0 0 0 37 0 0 21 0 0 629 0 1162 874 0 0 1151 0 1 23347 0 0 0 1395 18 0 0 0 0 0 0 2 98 0 0 2 0 0 0 0 14 0 0 0 0 0 0 0 7 0 0 2 0 0 176 0 326 0 7 0 0 0 106 0 235 0 5 0 0 0 0 0 0 0 0 0 0 0 0 0 0 0 0 77 0 0 0 3 0 0 0 3 0 1 0 0 0 0 0 0 0 0 0 1 0 0 0 0 0 0 0 0 0 0 0 0 0 
0 6 0 0 23 589 0 0 10 0 5 0 0 0 0 0 55 0 0 64 0 0 1525 0 1493 1339 0 0 1250 0 4 34951 0 0 0 1807 27 0 0 0 0 0 0 9 155 0 0 3 0 0 0 0 13 0 0 0 0 0 0 0 16 0 0 13 0 0 463 0 338 0 11 0 0 0 310 0 274 0 15 0 0 0 0 0 0 0 0 0 0 0 0 0 0 0 0 165 0 0 0 5 0 0 0 5 0 2 0 0 0 0 0 0 0 0 0 3 0 0 0 0 0 0 0 0 0 1 0 0 0 
0 6 0 0 23 586 0 0 9 0 7 0 0 0 0 0 55 0 0 52 0 0 1458 0 1418 1291 0 0 1575 0 3 32721 0 0 0 1919 26 0 0 0 0 0 0 9 178 0 0 4 0 0 0 0 21 0 0 0 0 0 0 0 12 0 0 12 0 0 501 0 481 0 21 0 0 0 420 0 319 0 19 0 0 0 0 0 0 1 0 0 0 0 0 1 0 0 0 162 0 0 0 7 0 0 0 7 0 5 0 0 0 0 0 0 0 0 0 3 0 0 1 0 0 0 0 0 0 1 0 0 0 
0 7 0 0 22 633 0 0 16 0 5 0 0 0 0 0 47 0 0 77 0 0 2266 0 1500 1425 0 0 1686 0 16 30662 0 0 0 1774 21 0 0 0 0 0 0 10 312 0 0 5 0 0 0 0 16 0 0 0 0 0 0 0 10 0 0 14 0 0 337 0 434 0 17 0 0 0 305 0 287 0 13 0 0 0 0 0 0 1 0 0 0 0 0 1 0 0 0 127 0 0 0 5 0 0 0 4 0 2 0 0 0 0 0 0 0 0 0 1 0 0 1 0 0 0 0 0 0 0 0 0 0 
0 5 0 0 15 504 0 0 6 0 4 0 0 0 0 0 42 0 0 22 0 0 823 0 1318 981 0 0 1409 0 2 31215 0 0 0 1397 8 0 0 0 0 0 0 9 102 0 0 2 0 0 0 0 17 0 0 0 0 0 0 0 11 0 0 5 0 0 501 0 373 0 9 0 0 0 229 0 229 0 4 0 0 0 0 0 0 1 0 0 0 0 0 0 0 0 0 124 0 0 0 4 0 0 0 4 0 1 0 0 0 0 0 0 0 0 0 4 0 0 0 0 0 0 0 0 0 1 0 0 0 
0 8 0 0 31 776 0 0 17 0 12 0 0 0 0 0 75 0 0 101 0 0 2640 0 1763 1597 0 0 1511 0 10 45616 0 0 0 2397 37 0 0 0 0 0 0 21 259 0 0 9 0 0 0 0 16 0 0 0 0 0 0 0 16 0 0 31 0 0 1028 0 448 0 28 0 0 0 782 0 348 0 29 0 0 0 0 0 0 2 0 0 0 0 0 3 0 0 0 289 0 0 0 11 0 0 0 13 0 12 0 0 0 0 0 0 0 0 0 7 0 0 1 0 0 0 0 0 0 3 0 0 0 
0 4 0 0 16 210 0 0 4 0 2 0 0 0 0 0 60 0 0 20 0 0 368 0 676 1201 0 0 604 0 1 6201 0 0 0 690 19 0 0 0 0 0 0 2 39 0 0 4 0 0 0 0 8 0 0 0 0 0 0 0 8 0 0 2 0 0 44 0 108 0 8 0 0 0 79 0 145 0 8 0 0 0 0 0 0 0 0 0 0 0 0 1 0 0 0 29 0 0 0 2 0 0 0 0 0 0 0 0 0 0 0 0 0 0 0 0 0 0 0 0 0 0 0 0 0 0 0 0 0 
0 7 0 0 26 590 0 0 13 0 9 0 0 0 0 0 62 0 0 74 0 0 1775 0 1410 1618 0 0 1399 0 7 32868 0 0 0 1718 25 0 0 0 0 0 0 10 160 0 0 6 0 0 0 0 19 0 0 0 0 0 0 0 15 0 0 21 0 0 622 0 426 0 19 0 0 0 622 0 310 0 21 0 0 0 0 0 0 1 0 0 0 0 0 5 0 0 0 136 0 0 0 8 0 0 0 6 0 4 0 0 0 0 0 0 0 0 0 8 0 0 0 0 0 0 0 0 0 2 0 0 0 
47 7 186 267 22 516 1051 159 14 4 7 30 58 363 699 713 61 451 687 64 426 12590 1808 5772 1213 1438 19449 6698 1293 156 10 19501 15009 5886 4913 1382 18 428 570 3 122 127 47 21 151 644 107 6 16 195 225 123 16 5 12 9 2 38 136 221 17 67 142 16 87 4266 466 1065 247 142 20 125 50 1716 370 2018 345 77 10 201 167 2 0 1 0 1 27 9 1 4 0 3 32 17 284 67 124 49 22 1 5 30 41 2 22 4 39 13 21 2 1 1 7 7 20 4 39 8 0 0 0 1 0 0 0 1 2 11 3 
0 8 0 0 23 667 0 0 19 0 11 0 0 0 0 0 55 0 0 91 0 0 2681 0 1620 1515 0 0 1730 0 15 30096 0 0 0 1719 23 0 0 0 0 0 0 11 299 0 0 4 0 0 0 0 20 0 0 0 0 0 0 0 12 0 0 36 0 0 736 0 426 0 33 0 0 0 628 0 365 0 21 0 0 0 0 0 0 3 0 0 0 0 0 4 0 0 0 158 0 0 0 2 0 0 0 7 0 7 0 0 0 0 0 0 0 0 0 1 0 0 1 0 0 0 0 0 0 3 0 0 0 
0 5 0 0 18 476 0 0 9 0 1 0 0 0 0 0 43 0 0 48 0 0 1339 0 1182 1224 0 0 1440 0 7 24010 0 0 0 1544 24 0 0 0 0 0 0 10 188 0 0 5 0 0 0 0 19 0 0 0 0 0 0 0 11 0 0 3 0 0 76 0 408 0 4 0 0 0 55 0 336 0 1 0 0 0 0 0 0 0 0 0 0 0 0 0 0 0 0 26 0 0 0 1 0 0 0 3 0 0 0 0 0 0 0 0 0 0 0 1 0 0 0 0 0 0 0 0 0 0 0 0 0 
0 7 0 0 26 307 0 0 16 0 5 0 0 0 0 0 79 0 0 88 0 0 1167 0 892 1952 0 0 1122 0 14 8002 0 0 0 988 33 0 0 0 0 0 0 12 85 0 0 11 0 0 0 0 12 0 0 0 0 0 0 0 13 0 0 17 0 0 197 0 156 0 17 0 0 0 189 0 210 0 14 0 0 0 0 0 0 0 0 0 0 0 0 1 0 0 0 52 0 0 0 3 0 0 0 2 0 3 0 0 0 0 0 0 0 0 0 2 0 0 0 0 0 0 0 0 0 0 0 0 0 
0 9 0 0 31 792 0 0 25 0 12 0 0 0 0 0 69 0 0 121 0 0 3450 0 1678 1944 0 0 1760 0 26 42756 0 0 0 2225 29 0 0 0 0 0 0 33 409 0 0 9 0 0 0 0 19 0 0 0 0 0 0 0 18 0 0 45 0 0 1029 0 449 0 29 0 0 0 694 0 375 0 30 0 0 0 0 0 0 4 0 0 0 0 0 5 0 0 0 226 0 0 0 8 0 0 0 6 0 7 0 0 0 0 0 0 0 0 0 7 0 0 2 0 0 0 0 0 0 2 0 0 0 
0 6 0 0 20 629 0 0 6 0 10 0 0 0 0 0 46 0 0 30 0 0 946 0 1464 1099 0 0 1715 0 0 35320 0 0 0 1806 19 0 0 0 0 0 0 6 174 0 0 2 0 0 0 0 19 0 0 0 0 0 0 0 9 0 0 9 0 0 818 0 478 0 23 0 0 0 746 0 274 0 18 0 0 0 0 0 0 1 0 0 0 0 0 3 0 0 0 250 0 0 0 13 0 0 0 10 0 6 0 0 0 0 0 0 0 0 0 4 0 0 2 0 0 0 0 0 0 3 0 0 0 
0 6 0 0 22 545 0 0 12 0 3 0 0 0 0 0 59 0 0 71 0 0 1789 0 1425 1462 0 0 1376 0 10 27358 0 0 0 1613 23 0 0 0 0 0 0 10 199 0 0 2 0 0 0 0 22 0 0 0 0 0 0 0 16 0 0 8 0 0 278 0 336 0 4 0 0 0 164 0 374 0 11 0 0 0 0 0 0 1 0 0 0 0 0 1 0 0 0 43 0 0 0 3 0 0 0 1 0 0 0 0 0 0 0 0 0 0 0 3 0 0 0 0 0 0 0 0 0 0 0 0 0 
0 5 0 0 17 460 0 0 10 0 0 0 0 0 0 0 45 0 0 45 0 0 1492 0 1215 962 0 0 1405 0 10 23382 0 0 0 1372 14 0 0 0 0 0 0 15 169 0 0 5 0 0 0 0 18 0 0 0 0 0 0 0 11 0 0 0 0 0 0 0 420 0 0 0 0 0 0 0 245 0 0 0 0 0 0 0 0 0 0 0 0 0 0 0 0 0 0 0 0 0 0 0 0 0 0 0 0 0 0 0 0 0 0 0 0 0 0 0 0 0 0 0 0 0 0 0 0 0 0 0 0 
0 7 0 0 20 787 0 0 11 0 11 0 0 0 0 0 49 0 0 37 0 0 1847 0 1773 946 0 0 1872 0 3 47812 0 0 0 1940 13 0 0 0 0 0 0 20 265 0 0 6 0 0 0 0 15 0 0 0 0 0 0 0 12 0 0 19 0 0 1014 0 537 0 18 0 0 0 923 0 236 0 11 0 0 0 0 0 0 1 0 0 0 0 0 5 0 0 0 304 0 0 0 12 0 0 0 14 0 6 0 0 0 0 0 0 0 0 0 6 0 0 2 0 0 0 0 0 0 4 0 0 0 
0 5 0 0 16 623 0 0 8 0 2 0 0 0 0 0 35 0 0 29 0 0 1553 0 1466 903 0 0 1683 0 5 40875 0 0 0 1731 11 0 0 0 0 0 0 17 198 0 0 4 0 0 0 0 21 0 0 0 0 0 0 0 11 0 0 4 0 0 224 0 543 0 5 0 0 0 183 0 317 0 1 0 0 0 0 0 0 1 0 0 0 0 0 0 0 0 0 63 0 0 0 3 0 0 0 5 0 0 0 0 0 0 0 0 0 0 0 2 0 0 0 0 0 0 0 0 0 0 0 0 0 
0 7 0 0 27 410 0 0 18 0 3 0 0 0 0 0 83 0 0 94 0 0 1831 0 1181 2117 0 0 1357 0 21 12993 0 0 0 1242 33 0 0 0 0 0 0 13 155 0 0 15 0 0 0 0 13 0 0 0 0 0 0 0 13 0 0 13 0 0 107 0 231 0 10 0 0 0 107 0 242 0 12 0 0 0 0 0 0 0 0 0 0 0 0 1 0 0 0 46 0 0 0 3 0 0 0 1 0 0 0 0 0 0 0 0 0 0 0 1 0 0 0 0 0 0 0 0 0 0 0 0 0 
0 5 0 0 16 379 0 0 6 0 6 0 0 0 0 0 40 0 0 26 0 0 693 0 1137 1159 0 0 1087 0 2 14654 0 0 0 1005 18 0 0 0 0 0 0 4 90 0 0 2 0 0 0 0 8 0 0 0 0 0 0 0 7 0 0 8 0 0 410 0 210 0 22 0 0 0 343 0 232 0 17 0 0 0 0 0 0 2 0 0 0 0 0 0 0 0 0 94 0 0 0 1 0 0 0 3 0 1 0 0 0 0 0 0 0 0 0 0 0 0 1 0 0 0 0 0 0 3 0 0 0 
0 4 0 0 18 273 0 0 4 0 2 0 0 0 0 0 55 0 0 25 0 0 464 0 785 1219 0 0 1025 0 1 9469 0 0 0 946 20 0 0 0 0 0 0 7 52 0 0 1 0 0 0 0 16 0 0 0 0 0 0 0 16 0 0 2 0 0 110 0 181 0 10 0 0 0 82 0 241 0 8 0 0 0 0 0 0 0 0 0 0 0 0 1 0 0 0 26 0 0 0 2 0 0 0 0 0 0 0 0 0 0 0 0 0 0 0 0 0 0 0 0 0 0 0 0 0 0 0 0 0 
0 10 0 0 27 908 0 0 26 0 21 0 0 0 0 0 57 0 0 89 0 0 3909 0 1835 1604 0 0 2125 0 25 45192 0 0 0 2051 14 0 0 0 0 0 0 27 455 0 0 10 0 0 0 0 16 0 0 0 0 0 0 0 17 0 0 50 0 0 1584 0 564 0 41 0 0 0 1393 0 311 0 38 0 0 0 0 0 0 10 0 0 0 0 0 17 0 0 0 361 0 0 0 16 0 0 0 14 0 24 0 0 0 0 0 0 0 0 0 9 0 0 4 0 0 0 0 0 0 6 0 0 0 
65 5 329 267 13 350 2030 218 9 3 1 50 52 1334 967 582 35 829 710 39 616 16660 1053 11237 961 765 18203 17296 826 250 7 12271 40856 9776 6937 753 16 406 913 10 162 94 136 6 95 1142 83 1 58 177 135 125 6 2 15 9 16 154 92 35 6 128 145 3 136 3819 63 2502 151 119 4 138 165 3258 45 2594 195 150 0 143 247 0 2 0 1 0 28 6 0 2 1 0 32 16 306 22 282 13 27 0 30 24 40 2 33 0 35 32 24 1 0 2 1 33 16 0 10 5 0 0 0 0 0 0 0 0 4 4 4 
0 5 0 0 17 333 0 0 7 0 3 0 0 0 0 0 50 0 0 43 0 0 743 0 929 1115 0 0 1144 0 3 16640 0 0 0 904 17 0 0 0 0 0 0 4 70 0 0 0 0 0 0 0 11 0 0 0 0 0 0 0 10 0 0 5 0 0 128 0 325 0 6 0 0 0 242 0 174 0 8 0 0 0 0 0 0 1 0 0 0 0 0 0 0 0 0 36 0 0 0 1 0 0 0 4 0 1 0 0 0 0 0 0 0 0 0 2 0 0 0 0 0 0 0 0 0 0 0 0 0 
0 4 0 0 14 402 0 0 5 0 1 0 0 0 0 0 35 0 0 26 0 0 781 0 1085 1094 0 0 1390 0 2 22298 0 0 0 1176 8 0 0 0 0 0 0 8 86 0 0 0 0 0 0 0 16 0 0 0 0 0 0 0 13 0 0 2 0 0 131 0 278 0 1 0 0 0 54 0 262 0 1 0 0 0 0 0 0 0 0 0 0 0 0 0 0 0 0 31 0 0 0 1 0 0 0 2 0 0 0 0 0 0 0 0 0 0 0 3 0 0 0 0 0 0 0 0 0 0 0 0 0 
0 6 0 0 22 395 0 0 9 0 7 0 0 0 0 0 65 0 0 48 0 0 997 0 1188 1533 0 0 1105 0 3 13204 0 0 0 1134 27 0 0 0 0 0 0 7 91 0 0 7 0 0 0 0 5 0 0 0 0 0 0 0 7 0 0 13 0 0 414 0 178 0 12 0 0 0 359 0 225 0 20 0 0 0 0 0 0 3 0 0 0 0 0 0 0 0 0 76 0 0 0 2 0 0 0 8 0 4 0 0 0 0 0 0 0 0 0 6 0 0 0 0 0 0 0 0 0 1 0 0 0 
0 10 0 0 35 882 0 0 33 0 12 0 0 0 0 0 68 0 0 178 0 0 4901 0 1728 1861 0 0 2143 0 46 48170 0 0 0 2731 42 0 0 0 0 0 0 43 453 0 0 11 0 0 0 0 22 0 0 0 0 0 0 0 18 0 0 52 0 0 1072 0 646 0 29 0 0 0 597 0 426 0 26 0 0 0 0 0 0 6 0 0 0 0 0 4 0 0 0 208 0 0 0 7 0 0 0 11 0 12 0 0 0 0 0 0 0 0 0 5 0 0 0 0 0 0 0 0 0 0 0 0 0 
0 6 0 0 27 415 0 0 11 0 4 0 0 0 0 0 65 0 0 87 0 0 1462 0 1050 1785 0 0 1528 0 7 20040 0 0 0 1577 46 0 0 0 0 0 0 10 98 0 0 6 0 0 0 0 20 0 0 0 0 0 0 0 21 0 0 10 0 0 175 0 364 0 17 0 0 0 154 0 349 0 2 0 0 0 0 0 0 1 0 0 0 0 0 2 0 0 0 38 0 0 0 2 0 0 0 4 0 0 0 0 0 0 0 0 0 0 0 4 0 0 0 0 0 0 0 0 0 0 0 0 0 
0 5 0 0 22 347 0 0 6 0 4 0 0 0 0 0 64 0 0 37 0 0 773 0 986 1249 0 0 991 0 2 16834 0 0 0 1095 27 0 0 0 0 0 0 8 50 0 0 3 0 0 0 0 13 0 0 0 0 0 0 0 15 0 0 4 0 0 343 0 256 0 14 0 0 0 120 0 189 0 14 0 0 0 0 0 0 1 0 0 0 0 0 1 0 0 0 20 0 0 0 6 0 0 0 0 0 2 0 0 0 0 0 0 0 0 0 2 0 0 0 0 0 0 0 0 0 0 0 0 0 
0 6 0 0 20 675 0 0 11 0 4 0 0 0 0 0 53 0 0 45 0 0 1891 0 1638 1057 0 0 1645 0 8 40325 0 0 0 1973 18 0 0 0 0 0 0 17 231 0 0 5 0 0 0 0 17 0 0 0 0 0 0 0 9 0 0 9 0 0 404 0 423 0 10 0 0 0 284 0 308 0 10 0 0 0 0 0 0 0 0 0 0 0 0 0 0 0 0 162 0 0 0 4 0 0 0 5 0 2 0 0 0 0 0 0 0 0 0 2 0 0 0 0 0 0 0 0 0 1 0 0 0 
0 8 0 0 21 878 0 0 17 0 12 0 0 0 0 0 50 0 0 53 0 0 2888 0 1893 979 0 0 2052 0 12 55105 0 0 0 1960 14 0 0 0 0 0 0 26 351 0 0 8 0 0 0 0 16 0 0 0 0 0 0 0 8 0 0 30 0 0 1282 0 622 0 22 0 0 0 870 0 265 0 19 0 0 0 0 0 0 5 0 0 0 0 0 2 0 0 0 304 0 0 0 12 0 0 0 11 0 6 0 0 0 0 0 0 0 0 0 5 0 0 2 0 0 0 0 0 0 5 0 0 0 
0 7 0 0 26 405 0 0 16 0 5 0 0 0 0 0 62 0 0 94 0 0 1477 0 1075 2008 0 0 1566 0 15 18157 0 0 0 1267 25 0 0 0 0 0 0 11 85 0 0 6 0 0 0 0 24 0 0 0 0 0 0 0 17 0 0 15 0 0 475 0 368 0 11 0 0 0 215 0 239 0 15 0 0 0 0 0 0 2 0 0 0 0 0 1 0 0 0 39 0 0 0 5 0 0 0 3 0 2 0 0 0 0 0 0 0 0 0 3 0 0 0 0 0 0 0 0 0 0 0 0 0 
0 8 0 0 29 425 0 0 23 0 6 0 0 0 0 0 89 0 0 127 0 0 2248 0 1332 1945 0 0 1118 0 29 12812 0 0 0 1121 41 0 0 0 0 0 0 12 104 0 0 11 0 0 0 0 8 0 0 0 0 0 0 0 16 0 0 28 0 0 310 0 144 0 21 0 0 0 208 0 237 0 19 0 0 0 0 0 0 1 0 0 0 0 0 1 0 0 0 50 0 0 0 3 0 0 0 3 0 3 0 0 0 0 0 0 0 0 0 3 0 0 0 0 0 0 0 0 0 0 0 0 0 
0 8 0 0 26 598 0 0 21 0 8 0 0 0 0 0 71 0 0 104 0 0 2739 0 1537 1682 0 0 1626 0 23 22578 0 0 0 1568 30 0 0 0 0 0 0 14 212 0 0 6 0 0 0 0 15 0 0 0 0 0 0 0 20 0 0 29 0 0 466 0 273 0 27 0 0 0 463 0 309 0 24 0 0 0 0 0 0 2 0 0 0 0 0 3 0 0 0 120 0 0 0 3 0 0 0 4 0 4 0 0 0 0 0 0 0 0 0 2 0 0 1 0 0 0 0 0 0 0 0 0 0 
0 7 0 0 24 734 0 0 16 0 5 0 0 0 0 0 67 0 0 72 0 0 2737 0 1630 1319 0 0 2066 0 13 44704 0 0 0 2006 22 0 0 0 0 0 0 27 286 0 0 9 0 0 0 0 21 0 0 0 0 0 0 0 12 0 0 19 0 0 494 0 604 0 11 0 0 0 326 0 324 0 10 0 0 0 0 0 0 1 0 0 0 0 0 1 0 0 0 126 0 0 0 6 0 0 0 4 0 1 0 0 0 0 0 0 0 0 0 3 0 0 0 0 0 0 0 0 0 0 0 0 0 
0 6 0 0 17 551 0 0 10 0 7 0 0 0 0 0 45 0 0 43 0 0 1526 0 1429 1016 0 0 1490 0 4 30029 0 0 0 1307 19 0 0 0 0 0 0 13 160 0 0 4 0 0 0 0 12 0 0 0 0 0 0 0 7 0 0 16 0 0 547 0 457 0 10 0 0 0 420 0 210 0 9 0 0 0 0 0 0 2 0 0 0 0 0 2 0 0 0 97 0 0 0 4 0 0 0 5 0 5 0 0 0 0 0 0 0 0 0 4 0 0 0 0 0 0 0 0 0 0 0 0 0 
13 7 53 63 24 677 76 38 14 0 8 2 28 89 244 196 55 101 146 61 91 2624 2128 363 1452 1405 5609 527 1702 45 9 35772 265 1363 260 2011 22 89 211 0 74 21 3 18 291 37 34 7 0 0 0 0 23 0 0 0 1 0 46 55 14 4 44 20 8 3063 603 20 502 85 21 4 15 105 505 219 314 8 20 73 52 0 0 0 0 1 16 0 0 0 0 3 2 20 53 179 1 21 7 7 0 0 0 7 0 5 10 1 8 0 0 0 0 0 1 5 17 0 1 0 0 0 0 0 0 1 1 11 0 
0 7 0 0 21 336 0 0 15 0 6 0 0 0 0 0 68 0 0 82 0 0 1299 0 1081 1554 0 0 1104 0 12 10078 0 0 0 793 16 0 0 0 0 0 0 7 71 0 0 3 0 0 0 0 8 0 0 0 0 0 0 0 10 0 0 16 0 0 378 0 168 0 15 0 0 0 147 0 156 0 14 0 0 0 0 0 0 2 0 0 0 0 0 4 0 0 0 21 0 0 0 4 0 0 0 0 0 1 0 0 0 0 0 0 0 0 0 0 0 0 0 0 0 0 0 0 0 0 0 0 0 
74 0 147 0 0 0 2692 287 0 0 0 9 0 386 0 0 0 407 0 0 1104 21331 0 17836 0 0 0 10080 0 395 0 0 64188 5535 0 0 0 0 552 0 0 0 54 0 0 1497 0 0 3 0 0 0 0 0 0 0 6 0 0 0 0 31 0 0 188 0 0 624 0 0 0 0 94 588 0 0 0 30 0 0 162 0 0 0 0 0 0 0 0 0 0 0 8 0 0 0 12 0 0 0 0 0 0 0 0 0 0 3 0 0 0 0 0 0 0 0 0 0 0 0 0 0 0 0 0 0 0 0 0 
0 6 0 0 19 480 0 0 11 0 4 0 0 0 0 0 55 0 0 52 0 0 1497 0 1345 1034 0 0 1353 0 8 21712 0 0 0 1206 30 0 0 0 0 0 0 13 117 0 0 2 0 0 0 0 9 0 0 0 0 0 0 0 6 0 0 8 0 0 352 0 294 0 12 0 0 0 177 0 211 0 9 0 0 0 0 0 0 1 0 0 0 0 0 1 0 0 0 63 0 0 0 3 0 0 0 2 0 2 0 0 0 0 0 0 0 0 0 1 0 0 0 0 0 0 0 0 0 0 0 0 0 
0 3 0 0 10 212 0 0 3 0 0 0 0 0 0 0 36 0 0 19 0 0 361 0 686 707 0 0 602 0 1 8165 0 0 0 544 12 0 0 0 0 0 0 1 31 0 0 0 0 0 0 0 7 0 0 0 0 0 0 0 11 0 0 0 0 0 0 0 94 0 0 0 0 0 0 0 86 0 0 0 0 0 0 0 0 0 0 0 0 0 0 0 0 0 0 0 0 0 0 0 0 0 0 0 0 0 0 0 0 0 0 0 0 0 0 0 0 0 0 0 0 0 0 0 0 0 0 0 0 
0 5 0 0 21 402 0 0 9 0 1 0 0 0 0 0 49 0 0 55 0 0 1202 0 1033 1548 0 0 1484 0 7 18766 0 0 0 1252 38 0 0 0 0 0 0 11 88 0 0 5 0 0 0 0 17 0 0 0 0 0 0 0 14 0 0 3 0 0 123 0 295 0 2 0 0 0 50 0 278 0 5 0 0 0 0 0 0 0 0 0 0 0 0 0 0 0 0 23 0 0 0 2 0 0 0 0 0 0 0 0 0 0 0 0 0 0 0 1 0 0 0 0 0 0 0 0 0 0 0 0 0 
0 6 0 0 18 478 0 0 11 0 5 0 0 0 0 0 47 0 0 39 0 0 1498 0 1224 1397 0 0 1716 0 7 23057 0 0 0 1069 18 0 0 0 0 0 0 15 124 0 0 5 0 0 0 0 18 0 0 0 0 0 0 0 10 0 0 13 0 0 308 0 364 0 15 0 0 0 350 0 243 0 12 0 0 0 0 0 0 1 0 0 0 0 0 0 0 0 0 54 0 0 0 2 0 0 0 1 0 3 0 0 0 0 0 0 0 0 0 4 0 0 0 0 0 0 0 0 0 0 0 0 0 
0 2 0 0 5 219 0 0 1 0 0 0 0 0 0 0 14 0 0 5 0 0 191 0 627 274 0 0 679 0 0 12995 0 0 0 607 6 0 0 0 0 0 0 0 14 0 0 0 0 0 0 0 14 0 0 0 0 0 0 0 5 0 0 0 0 0 0 0 221 0 0 0 0 0 0 0 111 0 0 0 0 0 0 0 0 0 0 0 0 0 0 0 0 0 0 0 0 0 0 0 0 0 0 0 0 0 0 0 0 0 0 0 0 0 0 0 0 0 0 0 0 0 0 0 0 0 0 0 0 
0 4 0 0 11 367 0 0 6 0 0 0 0 0 0 0 35 0 0 23 0 0 938 0 1044 853 0 0 779 0 4 20249 0 0 0 890 9 0 0 0 0 0 0 4 80 0 0 3 0 0 0 0 10 0 0 0 0 0 0 0 7 0 0 0 0 0 0 0 188 0 0 0 0 0 0 0 193 0 0 0 0 0 0 0 0 0 0 0 0 0 0 0 0 0 0 0 0 0 0 0 0 0 0 0 0 0 0 0 0 0 0 0 0 0 0 0 0 0 0 0 0 0 0 0 0 0 0 0 0 
0 3 0 0 11 291 0 0 3 0 0 0 0 0 0 0 29 0 0 21 0 0 501 0 786 602 0 0 926 0 1 15514 0 0 0 969 19 0 0 0 0 0 0 1 40 0 0 0 0 0 0 0 18 0 0 0 0 0 0 0 7 0 0 0 0 0 0 0 259 0 0 0 0 0 0 0 176 0 0 0 0 0 0 0 0 0 0 0 0 0 0 0 0 0 0 0 0 0 0 0 0 0 0 0 0 0 0 0 0 0 0 0 0 0 0 0 0 0 0 0 0 0 0 0 0 0 0 0 0 
0 3 0 0 12 181 0 0 3 0 0 0 0 0 0 0 32 0 0 21 0 0 336 0 595 783 0 0 632 0 1 5585 0 0 0 554 19 0 0 0 0 0 0 2 12 0 0 1 0 0 0 0 9 0 0 0 0 0 0 0 11 0 0 0 0 0 0 0 102 0 0 0 0 0 0 0 84 0 0 0 0 0 0 0 0 0 0 0 0 0 0 0 0 0 0 0 0 0 0 0 0 0 0 0 0 0 0 0 0 0 0 0 0 0 0 0 0 0 0 0 0 0 0 0 0 0 0 0 0 
0 6 0 0 20 447 0 0 14 0 1 0 0 0 0 0 60 0 0 75 0 0 1787 0 1147 1439 0 0 1526 0 16 21312 0 0 0 1135 18 0 0 0 0 0 0 12 139 0 0 5 0 0 0 0 18 0 0 0 0 0 0 0 18 0 0 4 0 0 140 0 306 0 2 0 0 0 9 0 260 0 1 0 0 0 0 0 0 0 0 0 0 0 0 0 0 0 0 6 0 0 0 2 0 0 0 0 0 0 0 0 0 0 0 0 0 0 0 1 0 0 0 0 0 0 0 0 0 0 0 0 0 
0 4 0 0 11 350 0 0 5 0 1 0 0 0 0 0 38 0 0 19 0 0 718 0 984 614 0 0 1080 0 2 18756 0 0 0 754 12 0 0 0 0 0 0 5 72 0 0 1 0 0 0 0 9 0 0 0 0 0 0 0 4 0 0 2 0 0 22 0 307 0 4 0 0 0 145 0 131 0 2 0 0 0 0 0 0 0 0 0 0 0 0 0 0 0 0 9 0 0 0 0 0 0 0 0 0 0 0 0 0 0 0 0 0 0 0 1 0 0 0 0 0 0 0 0 0 0 0 0 0 
0 2 0 0 4 236 0 0 1 0 0 0 0 0 0 0 13 0 0 4 0 0 208 0 713 283 0 0 476 0 0 15701 0 0 0 528 2 0 0 0 0 0 0 0 14 0 0 0 0 0 0 0 6 0 0 0 0 0 0 0 5 0 0 0 0 0 0 0 131 0 0 0 0 0 0 0 119 0 0 0 0 0 0 0 0 0 0 0 0 0 0 0 0 0 0 0 0 0 0 0 0 0 0 0 0 0 0 0 0 0 0 0 0 0 0 0 0 0 0 0 0 0 0 0 0 0 0 0 0 
0 6 0 0 20 447 0 0 14 0 1 0 0 0 0 0 60 0 0 75 0 0 1787 0 1147 1439 0 0 1526 0 16 21312 0 0 0 1135 18 0 0 0 0 0 0 12 139 0 0 5 0 0 0 0 18 0 0 0 0 0 0 0 18 0 0 4 0 0 140 0 306 0 2 0 0 0 9 0 260 0 1 0 0 0 0 0 0 0 0 0 0 0 0 0 0 0 0 6 0 0 0 2 0 0 0 0 0 0 0 0 0 0 0 0 0 0 0 1 0 0 0 0 0 0 0 0 0 0 0 0 0 
0 7 0 0 21 644 0 0 16 0 6 0 0 0 0 0 49 0 0 77 0 0 2397 0 1510 1254 0 0 1690 0 15 34909 0 0 0 1757 19 0 0 0 0 0 0 10 239 0 0 4 0 0 0 0 23 0 0 0 0 0 0 0 11 0 0 17 0 0 463 0 518 0 16 0 0 0 418 0 307 0 17 0 0 0 0 0 0 1 0 0 0 0 0 3 0 0 0 129 0 0 0 5 0 0 0 4 0 4 0 0 0 0 0 0 0 0 0 0 0 0 0 0 0 0 0 0 0 0 0 0 0 
0 6 0 0 22 484 0 0 14 0 1 0 0 0 0 0 61 0 0 79 0 0 1992 0 1220 1524 0 0 1364 0 16 24456 0 0 0 1458 26 0 0 0 0 0 0 14 149 0 0 5 0 0 0 0 16 0 0 0 0 0 0 0 15 0 0 4 0 0 31 0 270 0 3 0 0 0 58 0 276 0 4 0 0 0 0 0 0 0 0 0 0 0 0 0 0 0 0 14 0 0 0 0 0 0 0 0 0 0 0 0 0 0 0 0 0 0 0 1 0 0 0 0 0 0 0 0 0 0 0 0 0 
0 4 0 0 9 390 0 0 5 0 1 0 0 0 0 0 29 0 0 17 0 0 779 0 1103 712 0 0 1391 0 2 20243 0 0 0 753 4 0 0 0 0 0 0 2 80 0 0 3 0 0 0 0 13 0 0 0 0 0 0 0 11 0 0 2 0 0 133 0 324 0 3 0 0 0 68 0 190 0 1 0 0 0 0 0 0 0 0 0 0 0 0 0 0 0 0 15 0 0 0 0 0 0 0 0 0 0 0 0 0 0 0 0 0 0 0 0 0 0 0 0 0 0 0 0 0 0 0 0 0 
0 8 0 0 18 819 0 0 19 0 10 0 0 0 0 0 54 0 0 50 0 0 3018 0 1884 867 0 0 2004 0 18 48187 0 0 0 1649 13 0 0 0 0 0 0 21 306 0 0 8 0 0 0 0 12 0 0 0 0 0 0 0 3 0 0 30 0 0 969 0 514 0 18 0 0 0 823 0 234 0 12 0 0 0 0 0 0 2 0 0 0 0 0 1 0 0 0 259 0 0 0 11 0 0 0 10 0 4 0 0 0 0 0 0 0 0 0 5 0 0 2 0 0 0 0 0 0 5 0 0 0 
0 6 0 0 18 619 0 0 10 0 6 0 0 0 0 0 40 0 0 49 0 0 1604 0 1519 992 0 0 1528 0 5 34707 0 0 0 1717 19 0 0 0 0 0 0 6 183 0 0 1 0 0 0 0 21 0 0 0 0 0 0 0 8 0 0 12 0 0 520 0 453 0 15 0 0 0 451 0 270 0 15 0 0 0 0 0 0 1 0 0 0 0 0 3 0 0 0 154 0 0 0 5 0 0 0 6 0 3 0 0 0 0 0 0 0 0 0 1 0 0 0 0 0 0 0 0 0 0 0 0 0 
0 3 0 0 10 299 0 0 3 0 0 0 0 0 0 0 26 0 0 20 0 0 514 0 845 493 0 0 865 0 1 16693 0 0 0 899 17 0 0 0 0 0 0 0 42 0 0 0 0 0 0 0 11 0 0 0 0 0 0 0 4 0 0 0 0 0 0 0 276 0 0 0 0 0 0 0 140 0 0 0 0 0 0 0 0 0 0 0 0 0 0 0 0 0 0 0 0 0 0 0 0 0 0 0 0 0 0 0 0 0 0 0 0 0 0 0 0 0 0 0 0 0 0 0 0 0 0 0 0 
0 6 0 0 23 449 0 0 12 0 3 0 0 0 0 0 68 0 0 68 0 0 1661 0 1172 1404 0 0 1178 0 10 20331 0 0 0 1440 36 0 0 0 0 0 0 11 114 0 0 5 0 0 0 0 12 0 0 0 0 0 0 0 7 0 0 8 0 0 118 0 314 0 9 0 0 0 127 0 233 0 11 0 0 0 0 0 0 0 0 0 0 0 0 0 0 0 0 49 0 0 0 2 0 0 0 2 0 2 0 0 0 0 0 0 0 0 0 2 0 0 0 0 0 0 0 0 0 0 0 0 0 
0 4 0 0 14 381 0 0 4 0 3 0 0 0 0 0 36 0 0 16 0 0 624 0 969 941 0 0 1066 0 1 19518 0 0 0 1107 21 0 0 0 0 0 0 3 69 0 0 1 0 0 0 0 12 0 0 0 0 0 0 0 15 0 0 3 0 0 167 0 278 0 13 0 0 0 238 0 216 0 12 0 0 0 0 0 0 1 0 0 0 0 0 0 0 0 0 65 0 0 0 1 0 0 0 5 0 1 0 0 0 0 0 0 0 0 0 1 0 0 0 0 0 0 0 0 0 0 0 0 0 
0 5 0 0 17 454 0 0 8 0 2 0 0 0 0 0 52 0 0 46 0 0 1250 0 1228 1096 0 0 1327 0 4 23469 0 0 0 1288 18 0 0 0 0 0 0 5 91 0 0 0 0 0 0 0 13 0 0 0 0 0 0 0 12 0 0 6 0 0 179 0 244 0 3 0 0 0 111 0 292 0 5 0 0 0 0 0 0 0 0 0 0 0 0 0 0 0 0 44 0 0 0 2 0 0 0 4 0 0 0 0 0 0 0 0 0 0 0 3 0 0 0 0 0 0 0 0 0 0 0 0 0 
0 5 0 0 17 541 0 0 8 0 2 0 0 0 0 0 38 0 0 35 0 0 1365 0 1275 1137 0 0 1379 0 5 32387 0 0 0 1530 20 0 0 0 0 0 0 8 170 0 0 3 0 0 0 0 18 0 0 0 0 0 0 0 14 0 0 4 0 0 262 0 359 0 4 0 0 0 101 0 309 0 8 0 0 0 0 0 0 0 0 0 0 0 0 1 0 0 0 44 0 0 0 4 0 0 0 1 0 0 0 0 0 0 0 0 0 0 0 2 0 0 0 0 0 0 0 0 0 0 0 0 0 
0 6 0 0 19 637 0 0 9 0 7 0 0 0 0 0 54 0 0 37 0 0 1533 0 1523 1020 0 0 1625 0 3 36219 0 0 0 1726 23 0 0 0 0 0 0 5 158 0 0 4 0 0 0 0 19 0 0 0 0 0 0 0 10 0 0 13 0 0 660 0 447 0 17 0 0 0 488 0 284 0 22 0 0 0 0 0 0 2 0 0 0 0 0 3 0 0 0 170 0 0 0 7 0 0 0 3 0 2 0 0 0 0 0 0 0 0 0 3 0 0 0 0 0 0 0 0 0 1 0 0 0 
104 7 321 571 18 499 5272 290 16 6 5 85 151 770 1501 1164 35 643 1290 69 681 18885 1881 23996 995 953 38630 28914 1118 261 17 21000 174245 6072 23362 1054 12 1039 768 12 289 206 162 6 137 2643 171 3 84 287 241 425 16 13 9 22 6 190 142 300 10 175 283 12 132 12465 345 7226 204 409 10 357 100 3600 280 10733 161 174 4 535 151 3 0 3 2 0 68 26 4 2 2 2 35 60 2286 104 636 137 33 4 56 73 48 5 98 3 63 41 97 3 3 1 3 44 39 4 46 15 0 0 0 0 0 0 0 1 8 32 17 
0 2 0 0 6 113 0 0 1 0 0 0 0 0 0 0 20 0 0 6 0 0 99 0 406 440 0 0 263 0 0 3391 0 0 0 203 9 0 0 0 0 0 0 0 7 0 0 0 0 0 0 0 3 0 0 0 0 0 0 0 6 0 0 0 0 0 0 0 17 0 0 0 0 0 0 0 34 0 0 0 0 0 0 0 0 0 0 0 0 0 0 0 0 0 0 0 0 0 0 0 0 0 0 0 0 0 0 0 0 0 0 0 0 0 0 0 0 0 0 0 0 0 0 0 0 0 0 0 0 
0 6 0 0 17 577 0 0 12 0 3 0 0 0 0 0 50 0 0 46 0 0 1926 0 1506 959 0 0 1482 0 9 33884 0 0 0 1426 14 0 0 0 0 0 0 15 146 0 0 4 0 0 0 0 13 0 0 0 0 0 0 0 10 0 0 10 0 0 328 0 403 0 8 0 0 0 192 0 207 0 8 0 0 0 0 0 0 1 0 0 0 0 0 0 0 0 0 67 0 0 0 1 0 0 0 2 0 0 0 0 0 0 0 0 0 0 0 1 0 0 0 0 0 0 0 0 0 0 0 0 0 
0 5 0 0 18 408 0 0 8 0 3 0 0 0 0 0 49 0 0 42 0 0 1078 0 1024 1195 0 0 1124 0 5 19862 0 0 0 1195 24 0 0 0 0 0 0 6 85 0 0 2 0 0 0 0 12 0 0 0 0 0 0 0 18 0 0 6 0 0 167 0 285 0 13 0 0 0 238 0 235 0 12 0 0 0 0 0 0 1 0 0 0 0 0 0 0 0 0 65 0 0 0 1 0 0 0 5 0 1 0 0 0 0 0 0 0 0 0 1 0 0 0 0 0 0 0 0 0 0 0 0 0 
0 5 0 0 16 423 0 0 9 0 1 0 0 0 0 0 40 0 0 39 0 0 1301 0 1178 997 0 0 1311 0 7 21635 0 0 0 1186 15 0 0 0 0 0 0 12 100 0 0 2 0 0 0 0 12 0 0 0 0 0 0 0 12 0 0 3 0 0 146 0 357 0 3 0 0 0 18 0 160 0 5 0 0 0 0 0 0 0 0 0 0 0 0 0 0 0 0 7 0 0 0 0 0 0 0 1 0 0 0 0 0 0 0 0 0 0 0 0 0 0 0 0 0 0 0 0 0 0 0 0 0 
0 4 0 0 12 327 0 0 5 0 1 0 0 0 0 0 31 0 0 20 0 0 701 0 860 1133 0 0 1394 0 2 17074 0 0 0 750 7 0 0 0 0 0 0 4 55 0 0 4 0 0 0 0 14 0 0 0 0 0 0 0 14 0 0 2 0 0 143 0 279 0 2 0 0 0 15 0 189 0 3 0 0 0 0 0 0 0 0 0 0 0 0 0 0 0 0 4 0 0 0 1 0 0 0 1 0 0 0 0 0 0 0 0 0 0 0 0 0 0 0 0 0 0 0 0 0 0 0 0 0 
0 4 0 0 8 398 0 0 4 0 2 0 0 0 0 0 28 0 0 16 0 0 718 0 1132 405 0 0 833 0 0 27137 0 0 0 968 5 0 0 0 0 0 0 0 39 0 0 0 0 0 0 0 11 0 0 0 0 0 0 0 5 0 0 4 0 0 166 0 298 0 2 0 0 0 113 0 136 0 2 0 0 0 0 0 0 0 0 0 0 0 0 0 0 0 0 59 0 0 0 1 0 0 0 1 0 0 0 0 0 0 0 0 0 0 0 1 0 0 0 0 0 0 0 0 0 0 0 0 0 
0 5 0 0 27 253 0 0 9 0 1 0 0 0 0 0 70 0 0 79 0 0 862 0 713 1944 0 0 731 0 7 7186 0 0 0 1036 56 0 0 0 0 0 0 3 33 0 0 7 0 0 0 0 11 0 0 0 0 0 0 0 26 0 0 3 0 0 49 0 128 0 3 0 0 0 27 0 229 0 4 0 0 0 0 0 0 0 0 0 0 0 0 0 0 0 0 2 0 0 0 1 0 0 0 0 0 0 0 0 0 0 0 0 0 0 0 2 0 0 0 0 0 0 0 0 0 0 0 0 0 
0 6 0 0 16 535 0 0 10 0 5 0 0 0 0 0 42 0 0 36 0 0 1455 0 1413 1077 0 0 1536 0 6 29946 0 0 0 1250 11 0 0 0 0 0 0 7 143 0 0 1 0 0 0 0 16 0 0 0 0 0 0 0 10 0 0 9 0 0 522 0 486 0 11 0 0 0 263 0 196 0 15 0 0 0 0 0 0 0 0 0 0 0 0 2 0 0 0 69 0 0 0 3 0 0 0 4 0 2 0 0 0 0 0 0 0 0 0 1 0 0 0 0 0 0 0 0 0 1 0 0 0 
0 2 0 0 3 222 0 0 1 0 0 0 0 0 0 0 11 0 0 3 0 0 178 0 646 190 0 0 700 0 0 13462 0 0 0 376 1 0 0 0 0 0 0 0 22 0 0 0 0 0 0 0 4 0 0 0 0 0 0 0 2 0 0 0 0 0 0 0 192 0 0 0 0 0 0 0 65 0 0 0 0 0 0 0 0 0 0 0 0 0 0 0 0 0 0 0 0 0 0 0 0 0 0 0 0 0 0 0 0 0 0 0 0 0 0 0 0 0 0 0 0 0 0 0 0 0 0 0 0 
0 4 0 0 13 240 0 0 4 0 2 0 0 0 0 0 41 0 0 21 0 0 447 0 850 1026 0 0 643 0 1 7623 0 0 0 521 18 0 0 0 0 0 0 1 33 0 0 0 0 0 0 0 6 0 0 0 0 0 0 0 10 0 0 2 0 0 113 0 97 0 8 0 0 0 67 0 111 0 5 0 0 0 0 0 0 0 0 0 0 0 0 1 0 0 0 12 0 0 0 2 0 0 0 1 0 0 0 0 0 0 0 0 0 0 0 1 0 0 0 0 0 0 0 0 0 0 0 0 0 
0 5 0 0 16 506 0 0 9 0 1 0 0 0 0 0 42 0 0 48 0 0 1420 0 1296 976 0 0 1422 0 7 29439 0 0 0 1267 21 0 0 0 0 0 0 8 149 0 0 1 0 0 0 0 14 0 0 0 0 0 0 0 10 0 0 3 0 0 121 0 450 0 2 0 0 0 115 0 206 0 0 0 0 0 0 0 0 0 0 0 0 0 0 0 0 0 0 32 0 0 0 1 0 0 0 2 0 0 0 0 0 0 0 0 0 0 0 1 0 0 0 0 0 0 0 0 0 0 0 0 0 
0 9 0 0 26 740 0 0 29 0 8 0 0 0 0 0 74 0 0 130 0 0 3890 0 1730 1390 0 0 1956 0 44 37804 0 0 0 1558 32 0 0 0 0 0 0 30 312 0 0 7 0 0 0 0 14 0 0 0 0 0 0 0 12 0 0 36 0 0 734 0 526 0 14 0 0 0 570 0 244 0 11 0 0 0 0 0 0 3 0 0 0 0 0 2 0 0 0 97 0 0 0 8 0 0 0 3 0 6 0 0 0 0 0 0 0 0 0 4 0 0 0 0 0 0 0 0 0 0 0 0 0 
0 9 0 0 32 880 0 0 29 0 7 0 0 0 0 0 60 0 0 154 0 0 4652 0 1694 1883 0 0 2267 0 42 48726 0 0 0 2528 42 0 0 0 0 0 0 30 456 0 0 9 0 0 0 0 21 0 0 0 0 0 0 0 15 0 0 36 0 0 638 0 588 0 17 0 0 0 518 0 477 0 19 0 0 0 0 0 0 2 0 0 0 0 0 1 0 0 0 146 0 0 0 9 0 0 0 10 0 2 0 0 0 0 0 0 0 0 0 5 0 0 1 0 0 0 0 0 0 0 0 0 0 
0 2 0 0 3 222 0 0 1 0 0 0 0 0 0 0 11 0 0 3 0 0 178 0 646 190 0 0 700 0 0 13462 0 0 0 376 1 0 0 0 0 0 0 0 22 0 0 0 0 0 0 0 4 0 0 0 0 0 0 0 2 0 0 0 0 0 0 0 192 0 0 0 0 0 0 0 65 0 0 0 0 0 0 0 0 0 0 0 0 0 0 0 0 0 0 0 0 0 0 0 0 0 0 0 0 0 0 0 0 0 0 0 0 0 0 0 0 0 0 0 0 0 0 0 0 0 0 0 0 
0 2 0 0 3 222 0 0 1 0 0 0 0 0 0 0 11 0 0 3 0 0 178 0 646 190 0 0 700 0 0 13462 0 0 0 376 1 0 0 0 0 0 0 0 22 0 0 0 0 0 0 0 4 0 0 0 0 0 0 0 2 0 0 0 0 0 0 0 192 0 0 0 0 0 0 0 65 0 0 0 0 0 0 0 0 0 0 0 0 0 0 0 0 0 0 0 0 0 0 0 0 0 0 0 0 0 0 0 0 0 0 0 0 0 0 0 0 0 0 0 0 0 0 0 0 0 0 0 0 
0 2 0 0 3 158 0 0 1 0 0 0 0 0 0 0 9 0 0 3 0 0 140 0 595 228 0 0 336 0 0 6156 0 0 0 210 2 0 0 0 0 0 0 0 9 0 0 0 0 0 0 0 3 0 0 0 0 0 0 0 1 0 0 0 0 0 0 0 42 0 0 0 0 0 0 0 42 0 0 0 0 0 0 0 0 0 0 0 0 0 0 0 0 0 0 0 0 0 0 0 0 0 0 0 0 0 0 0 0 0 0 0 0 0 0 0 0 0 0 0 0 0 0 0 0 0 0 0 0 
0 11 0 0 27 887 0 0 48 0 8 0 0 0 0 0 62 0 0 173 0 0 6630 0 1819 1908 0 0 2082 0 108 44881 0 0 0 2029 19 0 0 0 0 0 0 34 553 0 0 14 0 0 0 0 21 0 0 0 0 0 0 0 15 0 0 59 0 0 628 0 547 0 17 0 0 0 432 0 351 0 11 0 0 0 0 0 0 1 0 0 0 0 0 4 0 0 0 95 0 0 0 4 0 0 0 4 0 2 0 0 0 0 0 0 0 0 0 2 0 0 0 0 0 0 0 0 0 0 0 0 0 
0 3 0 0 8 335 0 0 3 0 0 0 0 0 0 0 27 0 0 12 0 0 553 0 955 548 0 0 813 0 1 20475 0 0 0 869 5 0 0 0 0 0 0 3 57 0 0 1 0 0 0 0 10 0 0 0 0 0 0 0 10 0 0 0 0 0 0 0 208 0 0 0 0 0 0 0 171 0 0 0 0 0 0 0 0 0 0 0 0 0 0 0 0 0 0 0 0 0 0 0 0 0 0 0 0 0 0 0 0 0 0 0 0 0 0 0 0 0 0 0 0 0 0 0 0 0 0 0 0 
0 6 0 0 20 594 0 0 11 0 4 0 0 0 0 0 58 0 0 45 0 0 1838 0 1483 1182 0 0 1541 0 8 31632 0 0 0 1703 17 0 0 0 0 0 0 18 174 0 0 7 0 0 0 0 13 0 0 0 0 0 0 0 17 0 0 8 0 0 332 0 371 0 7 0 0 0 307 0 345 0 14 0 0 0 0 0 0 0 0 0 0 0 0 3 0 0 0 65 0 0 0 2 0 0 0 5 0 1 0 0 0 0 0 0 0 0 0 1 0 0 0 0 0 0 0 0 0 0 0 0 0 
0 2 0 0 3 145 0 0 1 0 0 0 0 0 0 0 6 0 0 3 0 0 131 0 531 302 0 0 491 0 0 5130 0 0 0 190 3 0 0 0 0 0 0 0 7 0 0 0 0 0 0 0 2 0 0 0 0 0 0 0 0 0 0 0 0 0 0 0 55 0 0 0 0 0 0 0 24 0 0 0 0 0 0 0 0 0 0 0 0 0 0 0 0 0 0 0 0 0 0 0 0 0 0 0 0 0 0 0 0 0 0 0 0 0 0 0 0 0 0 0 0 0 0 0 0 0 0 0 0 
0 2 0 0 3 222 0 0 1 0 0 0 0 0 0 0 11 0 0 3 0 0 178 0 646 190 0 0 700 0 0 13462 0 0 0 376 1 0 0 0 0 0 0 0 22 0 0 0 0 0 0 0 4 0 0 0 0 0 0 0 2 0 0 0 0 0 0 0 192 0 0 0 0 0 0 0 65 0 0 0 0 0 0 0 0 0 0 0 0 0 0 0 0 0 0 0 0 0 0 0 0 0 0 0 0 0 0 0 0 0 0 0 0 0 0 0 0 0 0 0 0 0 0 0 0 0 0 0 0 
0 2 0 0 9 146 0 0 1 0 0 0 0 0 0 0 17 0 0 9 0 0 122 0 426 704 0 0 417 0 0 5185 0 0 0 519 24 0 0 0 0 0 0 0 12 0 0 0 0 0 0 0 7 0 0 0 0 0 0 0 12 0 0 0 0 0 0 0 71 0 0 0 0 0 0 0 131 0 0 0 0 0 0 0 0 0 0 0 0 0 0 0 0 0 0 0 0 0 0 0 0 0 0 0 0 0 0 0 0 0 0 0 0 0 0 0 0 0 0 0 0 0 0 0 0 0 0 0 0 
11 2 0 18 7 123 55 44 1 0 0 0 4 0 0 54 29 0 59 7 164 3537 111 354 443 299 1107 0 221 68 0 3791 165 0 72 300 17 7 0 0 0 9 0 0 6 43 0 0 0 0 0 0 1 0 0 0 0 0 0 0 4 0 17 0 24 245 0 0 20 12 0 0 0 0 0 36 62 0 0 4 0 0 0 0 0 0 1 0 0 0 0 0 0 0 2 0 0 0 0 0 0 0 0 0 0 0 2 0 0 0 0 0 0 0 0 0 0 0 0 0 0 0 0 0 0 0 0 0 0 
0 6 0 0 27 360 0 0 13 0 2 0 0 0 0 0 73 0 0 84 0 0 1407 0 1024 1857 0 0 1330 0 13 10770 0 0 0 1286 53 0 0 0 0 0 0 13 76 0 0 13 0 0 0 0 10 0 0 0 0 0 0 0 8 0 0 6 0 0 87 0 152 0 7 0 0 0 70 0 251 0 7 0 0 0 0 0 0 0 0 0 0 0 0 0 0 0 0 35 0 0 0 2 0 0 0 2 0 1 0 0 0 0 0 0 0 0 0 1 0 0 0 0 0 0 0 0 0 0 0 0 0 
0 8 0 0 28 501 0 0 23 0 6 0 0 0 0 0 77 0 0 127 0 0 2473 0 1256 1728 0 0 1716 0 30 20199 0 0 0 1226 37 0 0 0 0 0 0 16 157 0 0 7 0 0 0 0 9 0 0 0 0 0 0 0 10 0 0 27 0 0 431 0 282 0 12 0 0 0 323 0 228 0 15 0 0 0 0 0 0 2 0 0 0 0 0 2 0 0 0 65 0 0 0 7 0 0 0 4 0 1 0 0 0 0 0 0 0 0 0 3 0 0 0 0 0 0 0 0 0 0 0 0 0 
0 6 0 0 27 535 0 0 11 0 5 0 0 0 0 0 78 0 0 85 0 0 1532 0 1372 1777 0 0 1416 0 8 30952 0 0 0 1643 39 0 0 0 0 0 0 12 95 0 0 7 0 0 0 0 20 0 0 0 0 0 0 0 21 0 0 12 0 0 491 0 377 0 12 0 0 0 455 0 302 0 11 0 0 0 0 0 0 0 0 0 0 0 0 0 0 0 0 100 0 0 0 3 0 0 0 5 0 2 0 0 0 0 0 0 0 0 0 3 0 0 0 0 0 0 0 0 0 2 0 0 0 
33 5 254 140 15 339 513 115 7 1 3 15 24 637 850 350 40 552 388 37 282 8304 743 2980 849 1134 9088 6265 937 149 3 15390 5043 13350 1847 832 12 172 661 6 92 70 41 1 53 283 53 2 7 114 47 23 9 1 3 1 6 55 189 72 5 41 64 5 55 1739 237 364 199 54 6 50 249 1710 180 641 143 34 10 48 121 1 2 1 0 0 12 0 0 3 0 1 8 9 49 44 46 13 65 1 0 3 22 2 5 1 12 13 7 1 1 0 1 15 12 0 8 0 0 0 0 0 0 0 1 0 2 4 3 
0 6 0 0 24 477 0 0 9 0 6 0 0 0 0 0 52 0 0 49 0 0 1199 0 1204 1856 0 0 1803 0 3 22267 0 0 0 1469 27 0 0 0 0 0 0 13 135 0 0 8 0 0 0 0 20 0 0 0 0 0 0 0 19 0 0 11 0 0 414 0 426 0 19 0 0 0 324 0 291 0 17 0 0 0 0 0 0 1 0 0 0 0 0 1 0 0 0 82 0 0 0 4 0 0 0 3 0 3 0 0 0 0 0 0 0 0 0 2 0 0 1 0 0 0 0 0 0 0 0 0 0 
0 9 0 0 28 608 0 0 26 0 10 0 0 0 0 0 67 0 0 129 0 0 2913 0 1460 2063 0 0 1924 0 33 25291 0 0 0 1745 30 0 0 0 0 0 0 16 231 0 0 14 0 0 0 0 16 0 0 0 0 0 0 0 13 0 0 35 0 0 897 0 398 0 33 0 0 0 414 0 379 0 18 0 0 0 0 0 0 3 0 0 0 0 0 7 0 0 0 80 0 0 0 2 0 0 0 6 0 3 0 0 0 0 0 0 0 0 0 1 0 0 0 0 0 0 0 0 0 3 0 0 0 
0 5 0 0 20 383 0 0 5 0 5 0 0 0 0 0 62 0 0 33 0 0 543 0 1111 1497 0 0 1250 0 2 19222 0 0 0 1200 23 0 0 0 0 0 0 2 33 0 0 2 0 0 0 0 18 0 0 0 0 0 0 0 14 0 0 2 0 0 540 0 260 0 16 0 0 0 215 0 200 0 15 0 0 0 0 0 0 3 0 0 0 0 0 0 0 0 0 81 0 0 0 3 0 0 0 3 0 2 0 0 0 0 0 0 0 0 0 3 0 0 0 0 0 0 0 0 0 1 0 0 0 
0 8 0 0 29 624 0 0 18 0 10 0 0 0 0 0 80 0 0 105 0 0 2267 0 1580 2110 0 0 1656 0 13 27480 0 0 0 1796 35 0 0 0 0 0 0 14 205 0 0 7 0 0 0 0 14 0 0 0 0 0 0 0 19 0 0 28 0 0 747 0 353 0 19 0 0 0 608 0 334 0 27 0 0 0 0 0 0 6 0 0 0 0 0 1 0 0 0 157 0 0 0 3 0 0 0 12 0 6 0 0 0 0 0 0 0 0 0 8 0 0 0 0 0 0 0 0 0 2 0 0 0 
0 6 0 0 25 450 0 0 10 0 5 0 0 0 0 0 55 0 0 65 0 0 1076 0 1146 1929 0 0 1388 0 7 21055 0 0 0 1444 39 0 0 0 0 0 0 11 65 0 0 7 0 0 0 0 12 0 0 0 0 0 0 0 20 0 0 7 0 0 353 0 317 0 16 0 0 0 468 0 265 0 10 0 0 0 0 0 0 0 0 0 0 0 0 2 0 0 0 103 0 0 0 1 0 0 0 9 0 3 0 0 0 0 0 0 0 0 0 3 0 0 0 0 0 0 0 0 0 1 0 0 0 
0 5 0 0 22 463 0 0 7 0 3 0 0 0 0 0 54 0 0 44 0 0 1144 0 1086 1452 0 0 1817 0 2 25763 0 0 0 1661 32 0 0 0 0 0 0 12 91 0 0 5 0 0 0 0 24 0 0 0 0 0 0 0 10 0 0 7 0 0 314 0 457 0 11 0 0 0 102 0 296 0 8 0 0 0 0 0 0 0 0 0 0 0 0 1 0 0 0 49 0 0 0 2 0 0 0 2 0 0 0 0 0 0 0 0 0 0 0 1 0 0 0 0 0 0 0 0 0 0 0 0 0 
0 7 0 0 21 544 0 0 14 0 7 0 0 0 0 0 72 0 0 74 0 0 1749 0 1487 1500 0 0 1818 0 10 24445 0 0 0 1289 19 0 0 0 0 0 0 13 163 0 0 2 0 0 0 0 14 0 0 0 0 0 0 0 7 0 0 16 0 0 655 0 354 0 8 0 0 0 356 0 223 0 16 0 0 0 0 0 0 5 0 0 0 0 0 0 0 0 0 81 0 0 0 4 0 0 0 3 0 3 0 0 0 0 0 0 0 0 0 4 0 0 0 0 0 0 0 0 0 1 0 0 0 
0 6 0 0 23 476 0 0 10 0 5 0 0 0 0 0 74 0 0 63 0 0 1347 0 1251 1546 0 0 1692 0 5 21930 0 0 0 1434 32 0 0 0 0 0 0 9 106 0 0 5 0 0 0 0 14 0 0 0 0 0 0 0 5 0 0 11 0 0 397 0 329 0 12 0 0 0 257 0 255 0 10 0 0 0 0 0 0 1 0 0 0 0 0 1 0 0 0 77 0 0 0 6 0 0 0 2 0 1 0 0 0 0 0 0 0 0 0 3 0 0 1 0 0 0 0 0 0 0 0 0 0 
0 6 0 0 25 533 0 0 9 0 7 0 0 0 0 0 56 0 0 58 0 0 1231 0 1265 1669 0 0 1824 0 4 28868 0 0 0 1713 31 0 0 0 0 0 0 14 104 0 0 6 0 0 0 0 20 0 0 0 0 0 0 0 15 0 0 10 0 0 618 0 468 0 17 0 0 0 501 0 267 0 12 0 0 0 0 0 0 2 0 0 0 0 0 2 0 0 0 156 0 0 0 10 0 0 0 9 0 4 0 0 0 0 0 0 0 0 0 3 0 0 1 0 0 0 0 0 0 1 0 0 0 
0 3 0 0 16 231 0 0 2 0 1 0 0 0 0 0 45 0 0 17 0 0 233 0 595 1186 0 0 975 0 0 12033 0 0 0 994 24 0 0 0 0 0 0 2 18 0 0 2 0 0 0 0 20 0 0 0 0 0 0 0 12 0 0 1 0 0 125 0 224 0 5 0 0 0 26 0 181 0 4 0 0 0 0 0 0 0 0 0 0 0 0 0 0 0 0 20 0 0 0 1 0 0 0 0 0 0 0 0 0 0 0 0 0 0 0 0 0 0 0 0 0 0 0 0 0 0 0 0 0 
0 3 0 0 12 348 0 0 2 0 1 0 0 0 0 0 32 0 0 11 0 0 362 0 940 833 0 0 1258 0 0 23287 0 0 0 1011 18 0 0 0 0 0 0 5 14 0 0 1 0 0 0 0 10 0 0 0 0 0 0 0 4 0 0 1 0 0 121 0 404 0 2 0 0 0 115 0 163 0 0 0 0 0 0 0 0 0 0 0 0 0 0 0 0 0 0 32 0 0 0 1 0 0 0 2 0 0 0 0 0 0 0 0 0 0 0 1 0 0 0 0 0 0 0 0 0 0 0 0 0 
0 1 0 0 6 46 0 0 0 0 0 0 0 0 0 0 18 0 0 0 0 0 0 0 134 601 0 0 355 0 0 1009 0 0 0 214 13 0 0 0 0 0 0 0 0 0 0 0 0 0 0 0 3 0 0 0 0 0 0 0 2 0 0 0 0 0 0 0 26 0 0 0 0 0 0 0 57 0 0 0 0 0 0 0 0 0 0 0 0 0 0 0 0 0 0 0 0 0 0 0 0 0 0 0 0 0 0 0 0 0 0 0 0 0 0 0 0 0 0 0 0 0 0 0 0 0 0 0 0 
0 4 0 0 18 314 0 0 3 0 3 0 0 0 0 0 56 0 0 24 0 0 391 0 866 1318 0 0 1097 0 0 16246 0 0 0 1126 23 0 0 0 0 0 0 3 22 0 0 0 0 0 0 0 20 0 0 0 0 0 0 0 12 0 0 2 0 0 237 0 264 0 10 0 0 0 165 0 181 0 9 0 0 0 0 0 0 0 0 0 0 0 0 0 0 0 0 50 0 0 0 2 0 0 0 1 0 2 0 0 0 0 0 0 0 0 0 3 0 0 0 0 0 0 0 0 0 0 0 0 0 
0 3 0 0 13 275 0 0 1 0 3 0 0 0 0 0 35 0 0 4 0 0 111 0 711 1045 0 0 1175 0 0 14658 0 0 0 926 15 0 0 0 0 0 0 4 8 0 0 1 0 0 0 0 15 0 0 0 0 0 0 0 8 0 0 0 0 0 304 0 245 0 7 0 0 0 206 0 204 0 7 0 0 0 0 0 0 1 0 0 0 0 0 0 0 0 0 66 0 0 0 6 0 0 0 5 0 1 0 0 0 0 0 0 0 0 0 2 0 0 0 0 0 0 0 0 0 0 0 0 0 
0 3 0 0 10 200 0 0 2 0 1 0 0 0 0 0 29 0 0 8 0 0 212 0 677 1011 0 0 925 0 0 6788 0 0 0 501 12 0 0 0 0 0 0 2 29 0 0 2 0 0 0 0 4 0 0 0 0 0 0 0 2 0 0 1 0 0 71 0 126 0 1 0 0 0 34 0 103 0 5 0 0 0 0 0 0 0 0 0 0 0 0 0 0 0 0 11 0 0 0 0 0 0 0 1 0 0 0 0 0 0 0 0 0 0 0 0 0 0 0 0 0 0 0 0 0 0 0 0 0 
0 5 0 0 17 516 0 0 6 0 5 0 0 0 0 0 37 0 0 25 0 0 899 0 1347 1284 0 0 1579 0 2 31199 0 0 0 1377 18 0 0 0 0 0 0 14 74 0 0 3 0 0 0 0 16 0 0 0 0 0 0 0 7 0 0 6 0 0 537 0 362 0 9 0 0 0 402 0 237 0 6 0 0 0 0 0 0 1 0 0 0 0 0 1 0 0 0 133 0 0 0 4 0 0 0 5 0 2 0 0 0 0 0 0 0 0 0 6 0 0 0 0 0 0 0 0 0 1 0 0 0 
0 2 0 0 11 132 0 0 1 0 0 0 0 0 0 0 28 0 0 4 0 0 111 0 348 1075 0 0 849 0 0 4584 0 0 0 530 16 0 0 0 0 0 0 5 8 0 0 2 0 0 0 0 11 0 0 0 0 0 0 0 11 0 0 0 0 0 0 0 108 0 0 0 0 0 0 0 164 0 0 0 0 0 0 0 0 0 0 0 0 0 0 0 0 0 0 0 0 0 0 0 0 0 0 0 0 0 0 0 0 0 0 0 0 0 0 0 0 0 0 0 0 0 0 0 0 0 0 0 0 
0 6 0 0 23 611 0 0 13 0 3 0 0 0 0 0 58 0 0 71 0 0 2113 0 1365 1565 0 0 1722 0 12 35449 0 0 0 1756 29 0 0 0 0 0 0 20 237 0 0 7 0 0 0 0 22 0 0 0 0 0 0 0 9 0 0 12 0 0 318 0 439 0 6 0 0 0 272 0 360 0 5 0 0 0 0 0 0 0 0 0 0 0 0 0 0 0 0 33 0 0 0 4 0 0 0 1 0 0 0 0 0 0 0 0 0 0 0 4 0 0 0 0 0 0 0 0 0 0 0 0 0 
24 3 70 58 13 400 264 97 2 0 1 12 14 127 163 213 37 181 143 10 302 6640 421 1788 924 795 7577 1094 1004 128 0 27049 1816 1253 504 1344 15 31 333 1 47 38 4 2 62 160 64 3 1 0 0 0 14 0 0 0 2 0 0 14 10 37 39 1 47 1900 127 152 334 48 2 29 18 508 71 261 293 60 4 16 58 0 0 0 0 0 12 1 0 0 0 0 11 1 27 28 55 6 0 1 0 0 0 1 0 0 12 2 7 0 0 0 0 0 0 1 4 0 0 0 0 0 0 0 0 0 0 0 0 
0 6 0 0 22 389 0 0 10 0 5 0 0 0 0 0 65 0 0 54 0 0 1114 0 1075 2003 0 0 1345 0 5 14794 0 0 0 1221 27 0 0 0 0 0 0 1 101 0 0 7 0 0 0 0 17 0 0 0 0 0 0 0 11 0 0 10 0 0 395 0 255 0 16 0 0 0 178 0 325 0 12 0 0 0 0 0 0 1 0 0 0 0 0 3 0 0 0 28 0 0 0 3 0 0 0 0 0 1 0 0 0 0 0 0 0 0 0 5 0 0 0 0 0 0 0 0 0 0 0 0 0 
0 7 0 0 17 664 0 0 13 0 10 0 0 0 0 0 57 0 0 47 0 0 1837 0 1692 1266 0 0 1473 0 9 37153 0 0 0 1424 9 0 0 0 0 0 0 10 171 0 0 5 0 0 0 0 13 0 0 0 0 0 0 0 8 0 0 19 0 0 950 0 359 0 13 0 0 0 813 0 246 0 9 0 0 0 0 0 0 3 0 0 0 0 0 3 0 0 0 204 0 0 0 9 0 0 0 9 0 7 0 0 0 0 0 0 0 0 0 7 0 0 2 0 0 0 0 0 0 2 0 0 0 
55 7 92 319 29 308 1469 187 17 1 4 16 64 176 440 1096 92 273 751 97 583 15210 1374 8139 817 2290 13899 4370 986 209 17 9345 25434 1577 7128 989 32 648 136 0 48 234 18 15 62 920 99 16 4 28 46 40 15 1 0 4 1 19 40 145 24 53 173 17 128 2781 183 754 159 209 12 71 22 548 107 2716 243 23 10 254 31 0 1 1 0 0 16 3 0 0 0 0 10 25 349 21 43 49 11 3 1 8 6 2 5 0 49 5 14 0 2 0 0 0 5 3 17 1 0 1 0 0 0 0 0 1 4 6 0 
0 5 0 0 21 366 0 0 8 0 2 0 0 0 0 0 79 0 0 48 0 0 1164 0 991 1443 0 0 1208 0 5 17439 0 0 0 1331 27 0 0 0 0 0 0 9 55 0 0 6 0 0 0 0 19 0 0 0 0 0 0 0 10 0 0 4 0 0 44 0 323 0 8 0 0 0 79 0 252 0 8 0 0 0 0 0 0 0 0 0 0 0 0 1 0 0 0 29 0 0 0 2 0 0 0 0 0 0 0 0 0 0 0 0 0 0 0 0 0 0 0 0 0 0 0 0 0 0 0 0 0 
0 5 0 0 23 279 0 0 6 0 5 0 0 0 0 0 66 0 0 41 0 0 585 0 825 1709 0 0 680 0 1 9293 0 0 0 1138 34 0 0 0 0 0 0 5 35 0 0 6 0 0 0 0 9 0 0 0 0 0 0 0 13 0 0 8 0 0 274 0 113 0 20 0 0 0 241 0 255 0 18 0 0 0 0 0 0 1 0 0 0 0 0 1 0 0 0 52 0 0 0 1 0 0 0 2 0 2 0 0 0 0 0 0 0 0 0 3 0 0 0 0 0 0 0 0 0 0 0 0 0 
0 2 0 0 13 49 0 0 1 0 0 0 0 0 0 0 30 0 0 11 0 0 45 0 145 1121 0 0 275 0 0 580 0 0 0 270 24 0 0 0 0 0 0 0 2 0 0 1 0 0 0 0 4 0 0 0 0 0 0 0 14 0 0 0 0 0 0 0 16 0 0 0 0 0 0 0 57 0 0 0 0 0 0 0 0 0 0 0 0 0 0 0 0 0 0 0 0 0 0 0 0 0 0 0 0 0 0 0 0 0 0 0 0 0 0 0 0 0 0 0 0 0 0 0 0 0 0 0 0 
0 4 0 0 17 353 0 0 5 0 1 0 0 0 0 0 50 0 0 32 0 0 796 0 944 1184 0 0 809 0 2 20141 0 0 0 1143 19 0 0 0 0 0 0 5 84 0 0 3 0 0 0 0 10 0 0 0 0 0 0 0 18 0 0 2 0 0 59 0 211 0 1 0 0 0 26 0 222 0 5 0 0 0 0 0 0 0 0 0 0 0 0 0 0 0 0 3 0 0 0 1 0 0 0 0 0 0 0 0 0 0 0 0 0 0 0 1 0 0 0 0 0 0 0 0 0 0 0 0 0 
23 8 0 163 29 507 253 85 17 0 11 0 21 0 0 511 75 0 482 105 270 6375 1847 1610 1260 1760 9792 0 1333 107 10 21125 1771 0 1597 1631 38 308 0 0 0 78 0 8 125 130 57 6 0 0 0 0 12 0 0 0 0 0 0 197 12 0 56 29 41 1802 912 0 290 67 35 0 0 0 352 392 322 0 26 79 0 0 0 0 0 4 10 0 0 0 0 4 0 4 35 88 0 40 0 6 0 0 0 4 0 6 11 0 0 0 0 0 0 0 0 4 12 0 0 0 0 0 0 0 0 3 0 4 0 
0 4 0 0 20 446 0 0 3 0 3 0 0 0 0 0 49 0 0 33 0 0 456 0 1210 1126 0 0 947 0 0 29882 0 0 0 1589 31 0 0 0 0 0 0 3 23 0 0 0 0 0 0 0 15 0 0 0 0 0 0 0 17 0 0 3 0 0 328 0 298 0 8 0 0 0 231 0 239 0 9 0 0 0 0 0 0 0 0 0 0 0 0 0 0 0 0 136 0 0 0 3 0 0 0 2 0 0 0 0 0 0 0 0 0 0 0 1 0 0 0 0 0 0 0 0 0 1 0 0 0 
0 5 0 0 21 587 0 0 6 0 4 0 0 0 0 0 54 0 0 40 0 0 1003 0 1493 1116 0 0 1265 0 2 39820 0 0 0 1751 29 0 0 0 0 0 0 11 87 0 0 4 0 0 0 0 15 0 0 0 0 0 0 0 18 0 0 5 0 0 372 0 470 0 6 0 0 0 454 0 219 0 4 0 0 0 0 0 0 0 0 0 0 0 0 0 0 0 0 165 0 0 0 5 0 0 0 8 0 2 0 0 0 0 0 0 0 0 0 3 0 0 0 0 0 0 0 0 0 1 0 0 0 
0 4 0 0 22 405 0 0 5 0 1 0 0 0 0 0 50 0 0 45 0 0 766 0 975 1297 0 0 1161 0 2 25948 0 0 0 1557 36 0 0 0 0 0 0 8 68 0 0 3 0 0 0 0 20 0 0 0 0 0 0 0 21 0 0 2 0 0 106 0 382 0 2 0 0 0 124 0 275 0 0 0 0 0 0 0 0 0 0 0 0 0 0 0 0 0 0 38 0 0 0 3 0 0 0 3 0 0 0 0 0 0 0 0 0 0 0 1 0 0 0 0 0 0 0 0 0 0 0 0 0 
0 3 0 0 12 183 0 0 2 0 1 0 0 0 0 0 45 0 0 13 0 0 248 0 609 774 0 0 502 0 0 6407 0 0 0 504 17 0 0 0 0 0 0 2 13 0 0 0 0 0 0 0 1 0 0 0 0 0 0 0 8 0 0 1 0 0 59 0 76 0 1 0 0 0 26 0 94 0 5 0 0 0 0 0 0 0 0 0 0 0 0 0 0 0 0 3 0 0 0 1 0 0 0 0 0 0 0 0 0 0 0 0 0 0 0 1 0 0 0 0 0 0 0 0 0 0 0 0 0 
0 6 0 0 30 515 0 0 10 0 5 0 0 0 0 0 60 0 0 88 0 0 1233 0 1138 2000 0 0 1558 0 5 29485 0 0 0 1921 48 0 0 0 0 0 0 11 138 0 0 6 0 0 0 0 21 0 0 0 0 0 0 0 23 0 0 11 0 0 394 0 488 0 13 0 0 0 398 0 310 0 11 0 0 0 0 0 0 0 0 0 0 0 0 1 0 0 0 127 0 0 0 6 0 0 0 8 0 2 0 0 0 0 0 0 0 0 0 1 0 0 0 0 0 0 0 0 0 1 0 0 0 
0 8 0 0 32 741 0 0 16 0 13 0 0 0 0 0 65 0 0 105 0 0 2399 0 1630 1862 0 0 2058 0 10 39296 0 0 0 2238 41 0 0 0 0 0 0 19 208 0 0 6 0 0 0 0 21 0 0 0 0 0 0 0 20 0 0 27 0 0 1136 0 489 0 37 0 0 0 822 0 359 0 29 0 0 0 0 0 0 6 0 0 0 0 0 9 0 0 0 274 0 0 0 14 0 0 0 9 0 5 0 0 0 0 0 0 0 0 0 6 0 0 0 0 0 0 0 0 0 5 0 0 0 
0 5 0 0 27 357 0 0 7 0 3 0 0 0 0 0 73 0 0 61 0 0 838 0 949 1796 0 0 1042 0 3 17136 0 0 0 1413 39 0 0 0 0 0 0 7 57 0 0 6 0 0 0 0 21 0 0 0 0 0 0 0 29 0 0 5 0 0 194 0 284 0 11 0 0 0 185 0 240 0 11 0 0 0 0 0 0 1 0 0 0 0 0 0 0 0 0 44 0 0 0 1 0 0 0 2 0 1 0 0 0 0 0 0 0 0 0 3 0 0 0 0 0 0 0 0 0 0 0 0 0 
0 3 0 0 16 277 0 0 2 0 1 0 0 0 0 0 45 0 0 23 0 0 284 0 753 1137 0 0 834 0 0 16928 0 0 0 986 22 0 0 0 0 0 0 1 11 0 0 0 0 0 0 0 10 0 0 0 0 0 0 0 20 0 0 1 0 0 131 0 176 0 1 0 0 0 54 0 226 0 1 0 0 0 0 0 0 0 0 0 0 0 0 0 0 0 0 31 0 0 0 1 0 0 0 2 0 0 0 0 0 0 0 0 0 0 0 3 0 0 0 0 0 0 0 0 0 0 0 0 0 
0 6 0 0 23 529 0 0 12 0 3 0 0 0 0 0 58 0 0 62 0 0 1777 0 1290 1731 0 0 1715 0 9 27409 0 0 0 1597 21 0 0 0 0 0 0 16 199 0 0 7 0 0 0 0 17 0 0 0 0 0 0 0 20 0 0 10 0 0 275 0 352 0 4 0 0 0 104 0 324 0 8 0 0 0 0 0 0 0 0 0 0 0 0 1 0 0 0 39 0 0 0 4 0 0 0 2 0 0 0 0 0 0 0 0 0 0 0 5 0 0 0 0 0 0 0 0 0 0 0 0 0 
0 5 0 0 23 200 0 0 5 0 5 0 0 0 0 0 69 0 0 39 0 0 330 0 663 1635 0 0 590 0 1 4492 0 0 0 728 34 0 0 0 0 0 0 3 19 0 0 4 0 0 0 0 6 0 0 0 0 0 0 0 17 0 0 4 0 0 202 0 87 0 19 0 0 0 157 0 170 0 14 0 0 0 0 0 0 0 0 0 0 0 0 1 0 0 0 34 0 0 0 1 0 0 0 2 0 3 0 0 0 0 0 0 0 0 0 4 0 0 0 0 0 0 0 0 0 1 0 0 0 
0 3 0 0 19 238 0 0 3 0 0 0 0 0 0 0 51 0 0 35 0 0 428 0 655 1306 0 0 573 0 1 14488 0 0 0 984 34 0 0 0 0 0 0 3 23 0 0 0 0 0 0 0 10 0 0 0 0 0 0 0 22 0 0 0 0 0 0 0 157 0 0 0 0 0 0 0 212 0 0 0 0 0 0 0 0 0 0 0 0 0 0 0 0 0 0 0 0 0 0 0 0 0 0 0 0 0 0 0 0 0 0 0 0 0 0 0 0 0 0 0 0 0 0 0 0 0 0 0 0 
0 8 0 0 35 745 0 0 19 0 9 0 0 0 0 0 72 0 0 134 0 0 2846 0 1559 2090 0 0 1938 0 18 39159 0 0 0 2464 58 0 0 0 0 0 0 26 299 0 0 11 0 0 0 0 24 0 0 0 0 0 0 0 22 0 0 26 0 0 832 0 564 0 18 0 0 0 619 0 483 0 24 0 0 0 0 0 0 4 0 0 0 0 0 0 0 0 0 142 0 0 0 9 0 0 0 8 0 4 0 0 0 0 0 0 0 0 0 6 0 0 0 0 0 0 0 0 0 4 0 0 0 
16 4 43 44 19 253 120 67 4 0 3 0 20 29 100 189 60 124 137 33 218 5045 381 853 705 950 2554 641 854 99 1 11797 560 439 223 772 35 31 121 0 6 30 0 5 15 76 18 3 2 0 0 0 5 0 0 0 0 0 57 20 11 0 56 3 31 1446 284 0 161 68 5 0 4 0 173 214 140 0 6 29 14 0 0 0 0 1 15 0 0 0 0 0 0 4 43 28 0 12 9 6 0 0 0 2 0 1 17 0 0 0 0 0 0 0 0 0 9 0 0 0 0 0 0 0 0 0 0 7 0 
28 7 29 162 23 552 378 86 17 0 4 0 33 33 68 462 50 70 367 70 252 6904 2293 2011 1330 1652 12216 782 1703 78 18 24834 3276 401 1813 1570 17 319 95 0 19 72 1 22 242 155 71 10 0 0 0 0 20 0 0 0 0 0 76 85 16 0 67 14 46 3090 305 0 416 88 7 0 5 0 127 721 283 0 9 139 21 0 0 0 0 0 20 0 0 0 0 3 0 15 85 40 0 19 11 3 0 0 0 1 0 0 18 0 0 0 0 0 0 0 0 4 3 0 0 0 0 0 0 0 0 0 0 2 0 
0 6 0 0 24 414 0 0 12 0 3 0 0 0 0 0 74 0 0 76 0 0 1614 0 1053 1309 0 0 948 0 9 25545 0 0 0 1384 35 0 0 0 0 0 0 11 72 0 0 4 0 0 0 0 11 0 0 0 0 0 0 0 18 0 0 10 0 0 240 0 310 0 17 0 0 0 44 0 265 0 5 0 0 0 0 0 0 1 0 0 0 0 0 0 0 0 0 7 0 0 0 5 0 0 0 0 0 0 0 0 0 0 0 0 0 0 0 0 0 0 0 0 0 0 0 0 0 0 0 0 0 
0 2 0 0 8 39 0 0 1 0 0 0 0 0 0 0 24 0 0 8 0 0 37 0 104 764 0 0 243 0 0 346 0 0 0 129 8 0 0 0 0 0 0 0 1 0 0 0 0 0 0 0 4 0 0 0 0 0 0 0 5 0 0 0 0 0 0 0 15 0 0 0 0 0 0 0 24 0 0 0 0 0 0 0 0 0 0 0 0 0 0 0 0 0 0 0 0 0 0 0 0 0 0 0 0 0 0 0 0 0 0 0 0 0 0 0 0 0 0 0 0 0 0 0 0 0 0 0 0 
0 5 0 0 13 435 0 0 8 0 3 0 0 0 0 0 43 0 0 34 0 0 1193 0 1130 793 0 0 1261 0 5 26646 0 0 0 994 7 0 0 0 0 0 0 7 71 0 0 3 0 0 0 0 10 0 0 0 0 0 0 0 7 0 0 6 0 0 291 0 317 0 5 0 0 0 207 0 191 0 4 0 0 0 0 0 0 1 0 0 0 0 0 0 0 0 0 44 0 0 0 2 0 0 0 2 0 1 0 0 0 0 0 0 0 0 0 0 0 0 0 0 0 0 0 0 0 0 0 0 0 
0 2 0 0 7 50 0 0 0 0 1 0 0 0 0 0 25 0 0 0 0 0 0 0 160 472 0 0 254 0 0 634 0 0 0 159 5 0 0 0 0 0 0 0 0 0 0 0 0 0 0 0 1 0 0 0 0 0 0 0 4 0 0 0 0 0 15 0 15 0 3 0 0 0 29 0 22 0 4 0 0 0 0 0 0 0 0 0 0 0 0 0 0 0 0 3 0 0 0 0 0 0 0 0 0 0 0 0 0 0 0 0 0 0 0 0 0 0 0 0 0 0 0 0 0 0 0 0 0 
0 1 0 0 3 19 0 0 0 0 0 0 0 0 0 0 13 0 0 0 0 0 0 0 49 148 0 0 29 0 0 167 0 0 0 55 2 0 0 0 0 0 0 0 0 0 0 0 0 0 0 0 0 0 0 0 0 0 0 0 1 0 0 0 0 0 0 0 4 0 0 0 0 0 0 0 2 0 0 0 0 0 0 0 0 0 0 0 0 0 0 0 0 0 0 0 0 0 0 0 0 0 0 0 0 0 0 0 0 0 0 0 0 0 0 0 0 0 0 0 0 0 0 0 0 0 0 0 0 
0 2 0 0 6 91 0 0 1 0 0 0 0 0 0 0 19 0 0 6 0 0 81 0 297 450 0 0 373 0 0 2678 0 0 0 245 5 0 0 0 0 0 0 0 5 0 0 0 0 0 0 0 2 0 0 0 0 0 0 0 1 0 0 0 0 0 0 0 50 0 0 0 0 0 0 0 26 0 0 0 0 0 0 0 0 0 0 0 0 0 0 0 0 0 0 0 0 0 0 0 0 0 0 0 0 0 0 0 0 0 0 0 0 0 0 0 0 0 0 0 0 0 0 0 0 0 0 0 0 
0 2 0 0 6 91 0 0 1 0 0 0 0 0 0 0 19 0 0 6 0 0 81 0 297 450 0 0 373 0 0 2678 0 0 0 245 5 0 0 0 0 0 0 0 5 0 0 0 0 0 0 0 2 0 0 0 0 0 0 0 1 0 0 0 0 0 0 0 50 0 0 0 0 0 0 0 26 0 0 0 0 0 0 0 0 0 0 0 0 0 0 0 0 0 0 0 0 0 0 0 0 0 0 0 0 0 0 0 0 0 0 0 0 0 0 0 0 0 0 0 0 0 0 0 0 0 0 0 0 
0 3 0 0 11 133 0 0 2 0 1 0 0 0 0 0 41 0 0 11 0 0 148 0 450 679 0 0 445 0 0 3310 0 0 0 413 13 0 0 0 0 0 0 2 1 0 0 1 0 0 0 0 4 0 0 0 0 0 0 0 3 0 0 1 0 0 36 0 79 0 4 0 0 0 45 0 86 0 2 0 0 0 0 0 0 0 0 0 0 0 0 0 0 0 0 16 0 0 0 1 0 0 0 1 0 0 0 0 0 0 0 0 0 0 0 0 0 0 0 0 0 0 0 0 0 0 0 0 0 
0 3 0 0 12 185 0 0 3 0 0 0 0 0 0 0 35 0 0 21 0 0 335 0 546 837 0 0 457 0 1 7278 0 0 0 723 19 0 0 0 0 0 0 3 17 0 0 1 0 0 0 0 6 0 0 0 0 0 0 0 6 0 0 0 0 0 0 0 101 0 0 0 0 0 0 0 174 0 0 0 0 0 0 0 0 0 0 0 0 0 0 0 0 0 0 0 0 0 0 0 0 0 0 0 0 0 0 0 0 0 0 0 0 0 0 0 0 0 0 0 0 0 0 0 0 0 0 0 0 
0 3 0 0 13 182 0 0 2 0 2 0 0 0 0 0 41 0 0 15 0 0 198 0 503 867 0 0 538 0 0 6738 0 0 0 677 19 0 0 0 0 0 0 1 1 0 0 0 0 0 0 0 8 0 0 0 0 0 0 0 13 0 0 2 0 0 119 0 84 0 10 0 0 0 119 0 130 0 10 0 0 0 0 0 0 0 0 0 0 0 0 0 0 0 0 44 0 0 0 0 0 0 0 0 0 0 0 0 0 0 0 0 0 0 0 0 0 0 0 0 0 0 0 0 0 0 0 0 0 
0 2 0 0 8 105 0 0 1 0 0 0 0 0 0 0 27 0 0 7 0 0 104 0 279 626 0 0 527 0 0 3742 0 0 0 371 5 0 0 0 0 0 0 1 0 0 0 0 0 0 0 0 8 0 0 0 0 0 0 0 10 0 0 0 0 0 0 0 86 0 0 0 0 0 0 0 109 0 0 0 0 0 0 0 0 0 0 0 0 0 0 0 0 0 0 0 0 0 0 0 0 0 0 0 0 0 0 0 0 0 0 0 0 0 0 0 0 0 0 0 0 0 0 0 0 0 0 0 0 
0 4 0 0 14 222 0 0 3 0 3 0 0 0 0 0 40 0 0 20 0 0 255 0 638 1218 0 0 649 0 0 12337 0 0 0 478 12 0 0 0 0 0 0 0 2 0 0 1 0 0 0 0 8 0 0 0 0 0 0 0 8 0 0 2 0 0 48 0 236 0 8 0 0 0 317 0 98 0 6 0 0 0 0 0 0 0 0 0 0 0 0 1 0 0 0 20 0 0 0 0 0 0 0 2 0 1 0 0 0 0 0 0 0 0 0 2 0 0 0 0 0 0 0 0 0 0 0 0 0 
0 3 0 0 10 150 0 0 3 0 0 0 0 0 0 0 39 0 0 18 0 0 282 0 498 722 0 0 336 0 1 4715 0 0 0 417 9 0 0 0 0 0 0 0 9 0 0 1 0 0 0 0 4 0 0 0 0 0 0 0 3 0 0 0 0 0 0 0 61 0 0 0 0 0 0 0 76 0 0 0 0 0 0 0 0 0 0 0 0 0 0 0 0 0 0 0 0 0 0 0 0 0 0 0 0 0 0 0 0 0 0 0 0 0 0 0 0 0 0 0 0 0 0 0 0 0 0 0 0 
0 3 0 0 14 92 0 0 3 0 0 0 0 0 0 0 53 0 0 28 0 0 174 0 264 1048 0 0 176 0 1 1529 0 0 0 362 24 0 0 0 0 0 0 0 5 0 0 0 0 0 0 0 1 0 0 0 0 0 0 0 6 0 0 0 0 0 0 0 28 0 0 0 0 0 0 0 67 0 0 0 0 0 0 0 0 0 0 0 0 0 0 0 0 0 0 0 0 0 0 0 0 0 0 0 0 0 0 0 0 0 0 0 0 0 0 0 0 0 0 0 0 0 0 0 0 0 0 0 0 
84 2 262 133 8 183 3421 350 1 1 0 66 34 930 282 438 16 648 348 5 957 25438 151 22183 411 407 12107 18867 522 448 0 9848 90282 5030 4283 551 7 51 905 3 56 89 150 3 15 3108 131 0 37 44 29 55 7 4 3 1 10 178 111 0 6 177 90 0 242 2955 0 4750 156 117 0 76 105 2471 0 2220 88 204 0 30 189 0 1 0 0 0 36 16 0 1 0 0 76 2 268 0 276 0 37 0 37 10 5 0 16 0 20 29 15 0 1 2 0 13 24 0 0 2 0 0 0 0 0 0 0 0 5 0 5 
0 8 0 0 27 747 0 0 18 0 11 0 0 0 0 0 71 0 0 83 0 0 2816 0 1713 1413 0 0 1546 0 11 41064 0 0 0 2222 25 0 0 0 0 0 0 30 319 0 0 7 0 0 0 0 24 0 0 0 0 0 0 0 14 0 0 36 0 0 902 0 432 0 25 0 0 0 569 0 366 0 27 0 0 0 0 0 0 1 0 0 0 0 0 5 0 0 0 193 0 0 0 5 0 0 0 2 0 5 0 0 0 0 0 0 0 0 0 6 0 0 1 0 0 0 0 0 0 3 0 0 0 
41 6 116 209 20 440 812 135 9 3 6 8 34 160 275 614 63 309 541 57 427 10415 1314 4444 1188 1389 15153 4193 866 138 5 20224 10364 3386 3524 1194 24 268 394 1 52 91 11 6 106 444 46 2 6 115 157 95 10 6 8 5 0 0 124 186 11 20 100 8 66 2579 288 280 196 84 16 23 21 423 254 1139 270 28 10 82 70 1 0 0 0 1 14 0 1 0 0 3 4 12 95 64 16 22 40 0 0 9 27 0 15 1 16 1 5 0 4 0 2 0 13 4 27 1 2 1 0 0 0 2 0 0 1 6 0 
0 8 0 0 24 736 0 0 18 0 12 0 0 0 0 0 64 0 0 87 0 0 2585 0 1629 1707 0 0 1760 0 14 39702 0 0 0 1816 21 0 0 0 0 0 0 10 282 0 0 4 0 0 0 0 14 0 0 0 0 0 0 0 8 0 0 32 0 0 893 0 445 0 22 0 0 0 941 0 354 0 19 0 0 0 0 0 0 6 0 0 0 0 0 4 0 0 0 235 0 0 0 10 0 0 0 13 0 8 0 0 0 0 0 0 0 0 0 11 0 0 1 0 0 0 0 0 0 3 0 0 0 
0 6 0 0 23 520 0 0 12 0 4 0 0 0 0 0 58 0 0 65 0 0 1660 0 1364 1500 0 0 1548 0 9 26026 0 0 0 1524 30 0 0 0 0 0 0 18 143 0 0 6 0 0 0 0 17 0 0 0 0 0 0 0 12 0 0 14 0 0 388 0 389 0 13 0 0 0 279 0 297 0 10 0 0 0 0 0 0 1 0 0 0 0 0 0 0 0 0 68 0 0 0 4 0 0 0 1 0 0 0 0 0 0 0 0 0 0 0 2 0 0 0 0 0 0 0 0 0 0 0 0 0 
0 5 0 0 15 511 0 0 7 0 3 0 0 0 0 0 43 0 0 32 0 0 1089 0 1372 843 0 0 1360 0 4 29468 0 0 0 1424 14 0 0 0 0 0 0 5 118 0 0 0 0 0 0 0 16 0 0 0 0 0 0 0 5 0 0 3 0 0 349 0 481 0 10 0 0 0 206 0 213 0 4 0 0 0 0 0 0 3 0 0 0 0 0 0 0 0 0 77 0 0 0 3 0 0 0 5 0 0 0 0 0 0 0 0 0 0 0 1 0 0 0 0 0 0 0 0 0 0 0 0 0 
0 5 0 0 19 467 0 0 6 0 5 0 0 0 0 0 35 0 0 36 0 0 860 0 1197 1216 0 0 1421 0 2 23904 0 0 0 1504 24 0 0 0 0 0 0 6 133 0 0 1 0 0 0 0 15 0 0 0 0 0 0 0 9 0 0 5 0 0 322 0 381 0 20 0 0 0 324 0 232 0 13 0 0 0 0 0 0 1 0 0 0 0 0 3 0 0 0 125 0 0 0 4 0 0 0 4 0 2 0 0 0 0 0 0 0 0 0 0 0 0 0 0 0 0 0 0 0 0 0 0 0 
0 5 0 0 16 529 0 0 8 0 2 0 0 0 0 0 39 0 0 41 0 0 1274 0 1299 1019 0 0 1367 0 4 31968 0 0 0 1477 16 0 0 0 0 0 0 6 186 0 0 2 0 0 0 0 16 0 0 0 0 0 0 0 10 0 0 6 0 0 145 0 436 0 7 0 0 0 169 0 221 0 2 0 0 0 0 0 0 0 0 0 0 0 0 0 0 0 0 75 0 0 0 1 0 0 0 2 0 0 0 0 0 0 0 0 0 0 0 1 0 0 0 0 0 0 0 0 0 0 0 0 0 
0 7 0 0 26 769 0 0 16 0 5 0 0 0 0 0 58 0 0 87 0 0 2573 0 1616 1256 0 0 1985 0 15 45663 0 0 0 2324 40 0 0 0 0 0 0 27 354 0 0 7 0 0 0 0 22 0 0 0 0 0 0 0 12 0 0 15 0 0 573 0 651 0 11 0 0 0 404 0 372 0 7 0 0 0 0 0 0 2 0 0 0 0 0 0 0 0 0 163 0 0 0 5 0 0 0 7 0 3 0 0 0 0 0 0 0 0 0 2 0 0 0 0 0 0 0 0 0 0 0 0 0 
0 7 0 0 26 740 0 0 14 0 7 0 0 0 0 0 52 0 0 58 0 0 2253 0 1676 1657 0 0 1836 0 11 42278 0 0 0 2323 31 0 0 0 0 0 0 20 279 0 0 10 0 0 0 0 21 0 0 0 0 0 0 0 13 0 0 15 0 0 722 0 470 0 14 0 0 0 477 0 371 0 20 0 0 0 0 0 0 2 0 0 0 0 0 2 0 0 0 200 0 0 0 8 0 0 0 6 0 3 0 0 0 0 0 0 0 0 0 6 0 0 0 0 0 0 0 0 0 2 0 0 0 
0 8 0 0 36 583 0 0 23 0 5 0 0 0 0 0 89 0 0 161 0 0 2730 0 1399 2490 0 0 1863 0 32 25851 0 0 0 1850 50 0 0 0 0 0 0 26 204 0 0 15 0 0 0 0 25 0 0 0 0 0 0 0 29 0 0 19 0 0 529 0 398 0 9 0 0 0 253 0 388 0 15 0 0 0 0 0 0 2 0 0 0 0 0 2 0 0 0 70 0 0 0 6 0 0 0 1 0 0 0 0 0 0 0 0 0 0 0 5 0 0 0 0 0 0 0 0 0 1 0 0 0 
0 4 0 0 14 500 0 0 3 0 3 0 0 0 0 0 38 0 0 13 0 0 482 0 1332 800 0 0 1148 0 0 32819 0 0 0 1524 14 0 0 0 0 0 0 3 91 0 0 1 0 0 0 0 16 0 0 0 0 0 0 0 7 0 0 3 0 0 328 0 359 0 8 0 0 0 231 0 238 0 9 0 0 0 0 0 0 0 0 0 0 0 0 0 0 0 0 136 0 0 0 3 0 0 0 2 0 0 0 0 0 0 0 0 0 0 0 1 0 0 0 0 0 0 0 0 0 1 0 0 0 
0 6 0 0 21 575 0 0 11 0 4 0 0 0 0 0 54 0 0 53 0 0 1679 0 1397 1443 0 0 1449 0 8 30190 0 0 0 1738 19 0 0 0 0 0 0 10 222 0 0 6 0 0 0 0 11 0 0 0 0 0 0 0 17 0 0 8 0 0 312 0 363 0 11 0 0 0 272 0 344 0 13 0 0 0 0 0 0 1 0 0 0 0 0 1 0 0 0 78 0 0 0 2 0 0 0 6 0 2 0 0 0 0 0 0 0 0 0 1 0 0 0 0 0 0 0 0 0 0 0 0 0 
0 3 0 0 12 339 0 0 2 0 1 0 0 0 0 0 30 0 0 10 0 0 290 0 935 745 0 0 999 0 0 19963 0 0 0 1177 17 0 0 0 0 0 0 2 65 0 0 1 0 0 0 0 14 0 0 0 0 0 0 0 5 0 0 1 0 0 100 0 326 0 4 0 0 0 52 0 208 0 4 0 0 0 0 0 0 0 0 0 0 0 0 0 0 0 0 51 0 0 0 2 0 0 0 0 0 0 0 0 0 0 0 0 0 0 0 0 0 0 0 0 0 0 0 0 0 0 0 0 0 
0 6 0 0 24 468 0 0 13 0 2 0 0 0 0 0 56 0 0 78 0 0 1805 0 1262 1728 0 0 1533 0 13 23279 0 0 0 1426 31 0 0 0 0 0 0 16 132 0 0 8 0 0 0 0 18 0 0 0 0 0 0 0 15 0 0 6 0 0 126 0 325 0 6 0 0 0 85 0 284 0 6 0 0 0 0 0 0 0 0 0 0 0 0 0 0 0 0 23 0 0 0 1 0 0 0 1 0 1 0 0 0 0 0 0 0 0 0 0 0 0 0 0 0 0 0 0 0 0 0 0 0 
0 8 0 0 22 867 0 0 19 0 10 0 0 0 0 0 43 0 0 78 0 0 3162 0 1822 1236 0 0 2063 0 14 51292 0 0 0 2116 22 0 0 0 0 0 0 19 422 0 0 4 0 0 0 0 17 0 0 0 0 0 0 0 11 0 0 36 0 0 943 0 583 0 24 0 0 0 754 0 298 0 13 0 0 0 0 0 0 4 0 0 0 0 0 4 0 0 0 249 0 0 0 6 0 0 0 9 0 3 0 0 0 0 0 0 0 0 0 2 0 0 0 0 0 0 0 0 0 1 0 0 0 
0 3 0 0 10 284 0 0 1 0 2 0 0 0 0 0 34 0 0 5 0 0 194 0 880 676 0 0 639 0 0 16964 0 0 0 791 4 0 0 0 0 0 0 1 25 0 0 0 0 0 0 0 10 0 0 0 0 0 0 0 10 0 0 0 0 0 230 0 180 0 6 0 0 0 67 0 172 0 7 0 0 0 0 0 0 0 0 0 0 0 0 1 0 0 0 13 0 0 0 1 0 0 0 0 0 0 0 0 0 0 0 0 0 0 0 0 0 0 0 0 0 0 0 0 0 0 0 0 0 
0 4 0 0 11 462 0 0 5 0 1 0 0 0 0 0 32 0 0 20 0 0 821 0 1229 726 0 0 1063 0 2 29823 0 0 0 1195 7 0 0 0 0 0 0 4 123 0 0 1 0 0 0 0 12 0 0 0 0 0 0 0 5 0 0 2 0 0 95 0 369 0 2 0 0 0 104 0 189 0 1 0 0 0 0 0 0 0 0 0 0 0 0 0 0 0 0 58 0 0 0 1 0 0 0 1 0 0 0 0 0 0 0 0 0 0 0 1 0 0 0 0 0 0 0 0 0 0 0 0 0 
0 5 0 0 21 430 0 0 5 0 5 0 0 0 0 0 51 0 0 35 0 0 657 0 1132 1327 0 0 1215 0 0 22201 0 0 0 1490 30 0 0 0 0 0 0 3 100 0 0 2 0 0 0 0 14 0 0 0 0 0 0 0 11 0 0 5 0 0 409 0 350 0 18 0 0 0 234 0 233 0 16 0 0 0 0 0 0 2 0 0 0 0 0 2 0 0 0 105 0 0 0 5 0 0 0 3 0 1 0 0 0 0 0 0 0 0 0 0 0 0 0 0 0 0 0 0 0 0 0 0 0 
0 8 0 0 26 739 0 0 19 0 9 0 0 0 0 0 56 0 0 90 0 0 2711 0 1575 1562 0 0 1965 0 16 39152 0 0 0 2083 25 0 0 0 0 0 0 19 351 0 0 7 0 0 0 0 19 0 0 0 0 0 0 0 15 0 0 27 0 0 684 0 575 0 20 0 0 0 668 0 315 0 21 0 0 0 0 0 0 2 0 0 0 0 0 2 0 0 0 190 0 0 0 6 0 0 0 10 0 8 0 0 0 0 0 0 0 0 0 3 0 0 0 0 0 0 0 0 0 1 0 0 0 
74 9 270 528 17 704 2639 165 24 7 12 62 131 586 1258 888 35 508 935 65 416 8721 2976 10384 1338 649 38542 13866 1528 124 24 34663 61016 12588 15193 1113 11 1116 481 9 254 117 63 23 278 677 163 11 29 348 650 304 8 8 9 24 3 95 165 560 5 98 221 39 45 12584 951 3158 372 209 21 287 138 5555 736 7039 117 113 7 552 55 4 1 5 4 5 63 14 5 4 0 5 11 73 1157 198 614 152 36 6 16 128 110 4 58 8 25 25 84 3 3 1 4 24 32 2 132 15 2 1 0 1 6 2 0 1 7 30 6 
0 4 0 0 16 484 0 0 4 0 2 0 0 0 0 0 39 0 0 23 0 0 637 0 1174 914 0 0 1415 0 1 30237 0 0 0 1671 22 0 0 0 0 0 0 5 128 0 0 2 0 0 0 0 22 0 0 0 0 0 0 0 8 0 0 2 0 0 203 0 495 0 5 0 0 0 164 0 278 0 5 0 0 0 0 0 0 0 0 0 0 0 0 0 0 0 0 91 0 0 0 4 0 0 0 3 0 1 0 0 0 0 0 0 0 0 0 0 0 0 0 0 0 0 0 0 0 0 0 0 0 
0 6 0 0 22 462 0 0 8 0 8 0 0 0 0 0 64 0 0 45 0 0 994 0 1213 1840 0 0 1440 0 2 21300 0 0 0 1283 24 0 0 0 0 0 0 3 82 0 0 3 0 0 0 0 15 0 0 0 0 0 0 0 11 0 0 12 0 0 591 0 345 0 12 0 0 0 552 0 325 0 18 0 0 0 0 0 0 2 0 0 0 0 0 3 0 0 0 111 0 0 0 9 0 0 0 8 0 2 0 0 0 0 0 0 0 0 0 10 0 0 2 0 0 0 0 0 0 1 0 0 0 
0 4 0 0 16 315 0 0 6 0 0 0 0 0 0 0 42 0 0 38 0 0 788 0 939 1181 0 0 1222 0 4 12945 0 0 0 1046 24 0 0 0 0 0 0 5 76 0 0 4 0 0 0 0 14 0 0 0 0 0 0 0 7 0 0 0 0 0 0 0 229 0 0 0 0 0 0 0 258 0 0 0 0 0 0 0 0 0 0 0 0 0 0 0 0 0 0 0 0 0 0 0 0 0 0 0 0 0 0 0 0 0 0 0 0 0 0 0 0 0 0 0 0 0 0 0 0 0 0 0 0 
0 6 0 0 23 496 0 0 11 0 4 0 0 0 0 0 44 0 0 62 0 0 1394 0 1229 1894 0 0 1635 0 7 24747 0 0 0 1498 29 0 0 0 0 0 0 8 166 0 0 6 0 0 0 0 16 0 0 0 0 0 0 0 12 0 0 10 0 0 202 0 416 0 14 0 0 0 338 0 252 0 10 0 0 0 0 0 0 1 0 0 0 0 0 1 0 0 0 99 0 0 0 3 0 0 0 5 0 1 0 0 0 0 0 0 0 0 0 1 0 0 0 0 0 0 0 0 0 0 0 0 0 
0 8 0 0 21 693 0 0 18 0 11 0 0 0 0 0 65 0 0 78 0 0 2587 0 1726 1126 0 0 1837 0 13 34906 0 0 0 1567 17 0 0 0 0 0 0 13 237 0 0 2 0 0 0 0 17 0 0 0 0 0 0 0 10 0 0 30 0 0 947 0 488 0 27 0 0 0 590 0 278 0 19 0 0 0 0 0 0 4 0 0 0 0 0 4 0 0 0 174 0 0 0 6 0 0 0 5 0 9 0 0 0 0 0 0 0 0 0 2 0 0 0 0 0 0 0 0 0 2 0 0 0 
63 4 220 198 16 186 1913 241 5 3 1 41 50 496 438 672 55 577 615 30 756 19341 412 12132 561 1026 9187 11554 349 255 2 4615 37464 5088 4761 548 22 203 673 4 51 117 62 3 31 1235 44 4 27 96 128 120 4 10 5 3 3 126 163 40 6 138 139 2 176 2227 21 2096 51 166 4 55 63 1902 30 2396 117 121 4 86 127 1 0 0 1 0 18 8 1 0 0 0 23 18 293 15 175 11 33 0 28 27 19 0 30 0 34 14 22 2 4 0 0 9 28 0 5 8 0 1 0 0 0 0 2 0 11 4 1 
0 5 0 0 17 426 0 0 8 0 2 0 0 0 0 0 61 0 0 43 0 0 1160 0 1081 1034 0 0 1211 0 4 25799 0 0 0 1265 20 0 0 0 0 0 0 5 60 0 0 3 0 0 0 0 12 0 0 0 0 0 0 0 4 0 0 6 0 0 152 0 425 0 5 0 0 0 173 0 187 0 4 0 0 0 0 0 0 0 0 0 0 0 0 0 0 0 0 46 0 0 0 1 0 0 0 2 0 0 0 0 0 0 0 0 0 0 0 2 0 0 0 0 0 0 0 0 0 0 0 0 0 
0 7 0 0 25 647 0 0 14 0 8 0 0 0 0 0 46 0 0 76 0 0 2056 0 1499 1540 0 0 1838 0 10 33208 0 0 0 1818 31 0 0 0 0 0 0 20 211 0 0 5 0 0 0 0 20 0 0 0 0 0 0 0 18 0 0 19 0 0 677 0 528 0 16 0 0 0 616 0 342 0 17 0 0 0 0 0 0 1 0 0 0 0 0 3 0 0 0 120 0 0 0 5 0 0 0 8 0 5 0 0 0 0 0 0 0 0 0 2 0 0 1 0 0 0 0 0 0 1 0 0 0 
0 4 0 0 16 462 0 0 1 0 5 0 0 0 0 0 40 0 0 2 0 0 225 0 1193 1010 0 0 1245 0 0 28141 0 0 0 1389 23 0 0 0 0 0 0 4 33 0 0 1 0 0 0 0 13 0 0 0 0 0 0 0 13 0 0 0 0 0 423 0 416 0 13 0 0 0 444 0 240 0 11 0 0 0 0 0 0 0 0 0 0 0 0 0 0 0 0 107 0 0 0 4 0 0 0 8 0 2 0 0 0 0 0 0 0 0 0 5 0 0 0 0 0 0 0 0 0 2 0 0 0 
0 8 0 0 28 718 0 0 18 0 11 0 0 0 0 0 68 0 0 102 0 0 2747 0 1659 1759 0 0 1763 0 14 38077 0 0 0 2043 28 0 0 0 0 0 0 14 261 0 0 4 0 0 0 0 20 0 0 0 0 0 0 0 12 0 0 26 0 0 911 0 508 0 30 0 0 0 628 0 343 0 25 0 0 0 0 0 0 5 0 0 0 0 0 4 0 0 0 167 0 0 0 11 0 0 0 7 0 13 0 0 0 0 0 0 0 0 0 7 0 0 0 0 0 0 0 0 0 0 0 0 0 
0 3 0 0 9 243 0 0 2 0 1 0 0 0 0 0 27 0 0 11 0 0 246 0 736 589 0 0 867 0 0 13135 0 0 0 566 8 0 0 0 0 0 0 3 13 0 0 0 0 0 0 0 5 0 0 0 0 0 0 0 5 0 0 1 0 0 132 0 193 0 3 0 0 0 47 0 93 0 1 0 0 0 0 0 0 0 0 0 0 0 0 0 0 0 0 16 0 0 0 0 0 0 0 0 0 0 0 0 0 0 0 0 0 0 0 0 0 0 0 0 0 0 0 0 0 0 0 0 0 
0 2 0 0 7 176 0 0 1 0 0 0 0 0 0 0 26 0 0 6 0 0 165 0 488 446 0 0 613 0 0 11187 0 0 0 464 4 0 0 0 0 0 0 1 5 0 0 0 0 0 0 0 4 0 0 0 0 0 0 0 5 0 0 0 0 0 0 0 190 0 0 0 0 0 0 0 84 0 0 0 0 0 0 0 0 0 0 0 0 0 0 0 0 0 0 0 0 0 0 0 0 0 0 0 0 0 0 0 0 0 0 0 0 0 0 0 0 0 0 0 0 0 0 0 0 0 0 0 0 
0 2 0 0 6 247 0 0 0 0 1 0 0 0 0 0 27 0 0 0 0 0 0 0 737 331 0 0 813 0 0 15492 0 0 0 637 4 0 0 0 0 0 0 0 0 0 0 0 0 0 0 0 8 0 0 0 0 0 0 0 2 0 0 0 0 0 126 0 237 0 1 0 0 0 80 0 95 0 0 0 0 0 0 0 0 0 0 0 0 0 0 0 0 0 0 19 0 0 0 3 0 0 0 0 0 0 0 0 0 0 0 0 0 0 0 2 0 0 0 0 0 0 0 0 0 0 0 0 0 
0 5 0 0 23 412 0 0 8 0 2 0 0 0 0 0 58 0 0 51 0 0 1168 0 1033 1516 0 0 1440 0 5 20502 0 0 0 1378 29 0 0 0 0 0 0 14 104 0 0 5 0 0 0 0 19 0 0 0 0 0 0 0 19 0 0 4 0 0 205 0 320 0 8 0 0 0 35 0 288 0 6 0 0 0 0 0 0 0 0 0 0 0 0 1 0 0 0 9 0 0 0 5 0 0 0 0 0 0 0 0 0 0 0 0 0 0 0 1 0 0 0 0 0 0 0 0 0 0 0 0 0 
45 4 455 145 12 279 945 135 5 4 1 45 31 1233 978 402 34 1130 349 27 418 9094 569 4963 707 706 9220 14528 847 125 2 12639 12529 25429 2517 531 12 151 704 8 110 48 88 4 33 335 54 1 95 219 429 103 3 10 6 8 11 188 145 24 5 94 72 2 80 2759 122 1396 178 65 1 85 407 4892 56 1010 67 72 2 59 128 1 0 1 1 0 20 9 1 2 0 0 11 7 139 11 232 14 38 0 15 41 58 0 21 0 8 33 19 0 1 1 0 51 12 0 4 9 0 0 0 0 0 0 0 0 3 1 9 
0 6 0 0 23 587 0 0 11 0 5 0 0 0 0 0 63 0 0 61 0 0 1868 0 1325 1657 0 0 1405 0 8 34257 0 0 0 1797 23 0 0 0 0 0 0 9 209 0 0 6 0 0 0 0 17 0 0 0 0 0 0 0 13 0 0 11 0 0 395 0 412 0 16 0 0 0 280 0 401 0 16 0 0 0 0 0 0 0 0 0 0 0 0 1 0 0 0 56 0 0 0 3 0 0 0 2 0 2 0 0 0 0 0 0 0 0 0 4 0 0 1 0 0 0 0 0 0 1 0 0 0 
0 6 0 0 23 625 0 0 10 0 5 0 0 0 0 0 68 0 0 59 0 0 1845 0 1446 1469 0 0 1533 0 3 39666 0 0 0 1850 28 0 0 0 0 0 0 11 168 0 0 3 0 0 0 0 14 0 0 0 0 0 0 0 9 0 0 15 0 0 353 0 508 0 10 0 0 0 360 0 291 0 11 0 0 0 0 0 0 1 0 0 0 0 0 0 0 0 0 110 0 0 0 2 0 0 0 6 0 0 0 0 0 0 0 0 0 0 0 7 0 0 0 0 0 0 0 0 0 1 0 0 0 
0 2 0 0 10 252 0 0 1 0 0 0 0 0 0 0 29 0 0 8 0 0 198 0 639 687 0 0 874 0 0 16012 0 0 0 940 17 0 0 0 0 0 0 0 27 0 0 1 0 0 0 0 10 0 0 0 0 0 0 0 7 0 0 0 0 0 0 0 268 0 0 0 0 0 0 0 216 0 0 0 0 0 0 0 0 0 0 0 0 0 0 0 0 0 0 0 0 0 0 0 0 0 0 0 0 0 0 0 0 0 0 0 0 0 0 0 0 0 0 0 0 0 0 0 0 0 0 0 0 
0 4 0 0 19 458 0 0 4 0 2 0 0 0 0 0 54 0 0 31 0 0 658 0 1151 939 0 0 1261 0 1 28764 0 0 0 1618 34 0 0 0 0 0 0 8 76 0 0 1 0 0 0 0 14 0 0 0 0 0 0 0 9 0 0 2 0 0 219 0 425 0 6 0 0 0 167 0 269 0 4 0 0 0 0 0 0 1 0 0 0 0 0 0 0 0 0 83 0 0 0 3 0 0 0 2 0 0 0 0 0 0 0 0 0 0 0 1 0 0 0 0 0 0 0 0 0 0 0 0 0 
0 5 0 0 13 588 0 0 6 0 5 0 0 0 0 0 34 0 0 25 0 0 1139 0 1478 711 0 0 1398 0 1 38927 0 0 0 1417 11 0 0 0 0 0 0 8 131 0 0 1 0 0 0 0 14 0 0 0 0 0 0 0 6 0 0 8 0 0 465 0 477 0 10 0 0 0 383 0 213 0 5 0 0 0 0 0 0 1 0 0 0 0 0 1 0 0 0 112 0 0 0 2 0 0 0 3 0 2 0 0 0 0 0 0 0 0 0 2 0 0 0 0 0 0 0 0 0 0 0 0 0 
0 4 0 0 10 505 0 0 2 0 5 0 0 0 0 0 35 0 0 8 0 0 430 0 1332 509 0 0 1286 0 0 35981 0 0 0 1060 5 0 0 0 0 0 0 2 43 0 0 1 0 0 0 0 10 0 0 0 0 0 0 0 5 0 0 2 0 0 404 0 439 0 8 0 0 0 518 0 152 0 7 0 0 0 0 0 0 1 0 0 0 0 0 0 0 0 0 131 0 0 0 3 0 0 0 4 0 1 0 0 0 0 0 0 0 0 0 1 0 0 1 0 0 0 0 0 0 1 0 0 0 
0 3 0 0 10 404 0 0 3 0 0 0 0 0 0 0 38 0 0 8 0 0 642 0 996 597 0 0 1233 0 1 28047 0 0 0 1134 6 0 0 0 0 0 0 8 82 0 0 5 0 0 0 0 11 0 0 0 0 0 0 0 7 0 0 0 0 0 0 0 369 0 0 0 0 0 0 0 227 0 0 0 0 0 0 0 0 0 0 0 0 0 0 0 0 0 0 0 0 0 0 0 0 0 0 0 0 0 0 0 0 0 0 0 0 0 0 0 0 0 0 0 0 0 0 0 0 0 0 0 0 
0 3 0 0 13 262 0 0 2 0 1 0 0 0 0 0 54 0 0 10 0 0 290 0 728 691 0 0 891 0 0 15059 0 0 0 743 18 0 0 0 0 0 0 5 30 0 0 1 0 0 0 0 5 0 0 0 0 0 0 0 9 0 0 1 0 0 138 0 236 0 3 0 0 0 16 0 122 0 3 0 0 0 0 0 0 0 0 0 0 0 0 0 0 0 0 6 0 0 0 4 0 0 0 0 0 0 0 0 0 0 0 0 0 0 0 0 0 0 0 0 0 0 0 0 0 0 0 0 0 
0 5 0 0 19 491 0 0 5 0 7 0 0 0 0 0 46 0 0 20 0 0 803 0 1135 1333 0 0 1730 0 0 27685 0 0 0 1386 22 0 0 0 0 0 0 10 72 0 0 4 0 0 0 0 14 0 0 0 0 0 0 0 13 0 0 10 0 0 582 0 434 0 11 0 0 0 567 0 298 0 16 0 0 0 0 0 0 1 0 0 0 0 0 1 0 0 0 133 0 0 0 9 0 0 0 10 0 2 0 0 0 0 0 0 0 0 0 6 0 0 1 0 0 0 0 0 0 1 0 0 0 
0 3 0 0 10 397 0 0 3 0 0 0 0 0 0 0 27 0 0 10 0 0 601 0 991 695 0 0 1065 0 1 27462 0 0 0 1114 5 0 0 0 0 0 0 6 96 0 0 3 0 0 0 0 13 0 0 0 0 0 0 0 8 0 0 0 0 0 0 0 338 0 0 0 0 0 0 0 226 0 0 0 0 0 0 0 0 0 0 0 0 0 0 0 0 0 0 0 0 0 0 0 0 0 0 0 0 0 0 0 0 0 0 0 0 0 0 0 0 0 0 0 0 0 0 0 0 0 0 0 0 
0 2 0 0 5 156 0 0 1 0 0 0 0 0 0 0 27 0 0 3 0 0 151 0 422 349 0 0 552 0 0 10864 0 0 0 390 2 0 0 0 0 0 0 1 2 0 0 1 0 0 0 0 4 0 0 0 0 0 0 0 2 0 0 0 0 0 0 0 183 0 0 0 0 0 0 0 65 0 0 0 0 0 0 0 0 0 0 0 0 0 0 0 0 0 0 0 0 0 0 0 0 0 0 0 0 0 0 0 0 0 0 0 0 0 0 0 0 0 0 0 0 0 0 0 0 0 0 0 0 
0 5 0 0 15 426 0 0 6 0 4 0 0 0 0 0 62 0 0 22 0 0 885 0 1205 915 0 0 1208 0 2 21625 0 0 0 1027 14 0 0 0 0 0 0 8 73 0 0 4 0 0 0 0 9 0 0 0 0 0 0 0 5 0 0 4 0 0 410 0 287 0 8 0 0 0 173 0 167 0 10 0 0 0 0 0 0 1 0 0 0 0 0 1 0 0 0 41 0 0 0 4 0 0 0 0 0 2 0 0 0 0 0 0 0 0 0 2 0 0 0 0 0 0 0 0 0 0 0 0 0 
0 2 0 0 7 176 0 0 1 0 0 0 0 0 0 0 26 0 0 6 0 0 165 0 488 446 0 0 613 0 0 11187 0 0 0 464 4 0 0 0 0 0 0 1 5 0 0 0 0 0 0 0 4 0 0 0 0 0 0 0 5 0 0 0 0 0 0 0 190 0 0 0 0 0 0 0 84 0 0 0 0 0 0 0 0 0 0 0 0 0 0 0 0 0 0 0 0 0 0 0 0 0 0 0 0 0 0 0 0 0 0 0 0 0 0 0 0 0 0 0 0 0 0 0 0 0 0 0 0 
0 10 0 0 29 750 0 0 28 0 20 0 0 0 0 0 70 0 0 141 0 0 3614 0 1655 1555 0 0 1873 0 24 36305 0 0 0 1894 32 0 0 0 0 0 0 22 295 0 0 5 0 0 0 0 13 0 0 0 0 0 0 0 7 0 0 72 0 0 1356 0 422 0 47 0 0 0 1056 0 316 0 42 0 0 0 0 0 0 10 0 0 0 0 0 8 0 0 0 282 0 0 0 10 0 0 0 8 0 23 0 0 0 0 0 0 0 0 0 1 0 0 2 0 0 0 0 0 0 5 0 0 0 
0 5 0 0 16 544 0 0 7 0 4 0 0 0 0 0 46 0 0 28 0 0 1239 0 1250 967 0 0 1657 0 2 35819 0 0 0 1479 14 0 0 0 0 0 0 11 121 0 0 4 0 0 0 0 19 0 0 0 0 0 0 0 7 0 0 10 0 0 397 0 498 0 10 0 0 0 319 0 275 0 5 0 0 0 0 0 0 1 0 0 0 0 0 0 0 0 0 78 0 0 0 6 0 0 0 5 0 0 0 0 0 0 0 0 0 0 0 1 0 0 0 0 0 0 0 0 0 0 0 0 0 
0 5 0 0 19 535 0 0 7 0 4 0 0 0 0 0 56 0 0 34 0 0 1256 0 1276 1104 0 0 1502 0 4 32087 0 0 0 1619 18 0 0 0 0 0 0 9 131 0 0 6 0 0 0 0 19 0 0 0 0 0 0 0 14 0 0 4 0 0 381 0 376 0 12 0 0 0 218 0 314 0 14 0 0 0 0 0 0 0 0 0 0 0 0 3 0 0 0 88 0 0 0 4 0 0 0 1 0 2 0 0 0 0 0 0 0 0 0 2 0 0 0 0 0 0 0 0 0 0 0 0 0 
0 3 0 0 11 273 0 0 3 0 0 0 0 0 0 0 40 0 0 12 0 0 450 0 729 659 0 0 1158 0 1 15446 0 0 0 741 11 0 0 0 0 0 0 8 45 0 0 2 0 0 0 0 6 0 0 0 0 0 0 0 5 0 0 0 0 0 0 0 262 0 0 0 0 0 0 0 132 0 0 0 0 0 0 0 0 0 0 0 0 0 0 0 0 0 0 0 0 0 0 0 0 0 0 0 0 0 0 0 0 0 0 0 0 0 0 0 0 0 0 0 0 0 0 0 0 0 0 0 0 
0 4 0 0 16 364 0 0 3 0 3 0 0 0 0 0 46 0 0 20 0 0 506 0 973 993 0 0 1207 0 1 18932 0 0 0 1210 22 0 0 0 0 0 0 3 58 0 0 2 0 0 0 0 14 0 0 0 0 0 0 0 8 0 0 0 0 0 261 0 316 0 12 0 0 0 125 0 274 0 7 0 0 0 0 0 0 0 0 0 0 0 0 1 0 0 0 40 0 0 0 2 0 0 0 1 0 2 0 0 0 0 0 0 0 0 0 0 0 0 0 0 0 0 0 0 0 0 0 0 0 
0 4 0 0 18 304 0 0 5 0 1 0 0 0 0 0 52 0 0 29 0 0 713 0 810 1354 0 0 1136 0 2 14786 0 0 0 1008 26 0 0 0 0 0 0 9 52 0 0 5 0 0 0 0 10 0 0 0 0 0 0 0 8 0 0 2 0 0 40 0 281 0 2 0 0 0 41 0 200 0 3 0 0 0 0 0 0 0 0 0 0 0 0 0 0 0 0 4 0 0 0 1 0 0 0 1 0 0 0 0 0 0 0 0 0 0 0 2 0 0 0 0 0 0 0 0 0 0 0 0 0 
73 3 344 193 6 302 2583 260 3 2 0 46 24 1000 573 343 24 797 540 6 694 16962 475 15617 708 295 18954 20850 714 318 1 15819 59236 12900 6047 515 3 170 935 8 164 44 153 5 63 1317 124 1 63 176 130 105 4 2 5 4 14 146 57 0 1 121 62 0 138 2601 0 2793 203 35 0 93 218 3448 0 1479 94 128 0 42 161 0 1 1 0 0 23 7 0 1 0 0 27 3 106 0 210 0 27 0 17 18 37 0 16 0 7 35 7 0 0 2 0 29 9 0 0 4 0 0 0 0 0 0 0 0 3 0 4 
0 2 0 0 8 235 0 0 1 0 0 0 0 0 0 0 24 0 0 4 0 0 193 0 593 664 0 0 1050 0 0 14418 0 0 0 692 4 0 0 0 0 0 0 2 21 0 0 2 0 0 0 0 12 0 0 0 0 0 0 0 11 0 0 0 0 0 0 0 265 0 0 0 0 0 0 0 172 0 0 0 0 0 0 0 0 0 0 0 0 0 0 0 0 0 0 0 0 0 0 0 0 0 0 0 0 0 0 0 0 0 0 0 0 0 0 0 0 0 0 0 0 0 0 0 0 0 0 0 0 
0 4 0 0 18 385 0 0 6 0 0 0 0 0 0 0 55 0 0 37 0 0 985 0 916 1363 0 0 1020 0 4 25287 0 0 0 1211 25 0 0 0 0 0 0 9 82 0 0 5 0 0 0 0 11 0 0 0 0 0 0 0 12 0 0 0 0 0 0 0 329 0 0 0 0 0 0 0 249 0 0 0 0 0 0 0 0 0 0 0 0 0 0 0 0 0 0 0 0 0 0 0 0 0 0 0 0 0 0 0 0 0 0 0 0 0 0 0 0 0 0 0 0 0 0 0 0 0 0 0 0 
0 7 0 0 21 596 0 0 11 0 12 0 0 0 0 0 57 0 0 53 0 0 1486 0 1461 1280 0 0 1734 0 3 31573 0 0 0 1243 20 0 0 0 0 0 0 10 127 0 0 3 0 0 0 0 10 0 0 0 0 0 0 0 9 0 0 20 0 0 871 0 446 0 23 0 0 0 936 0 222 0 27 0 0 0 0 0 0 2 0 0 0 0 0 6 0 0 0 181 0 0 0 6 0 0 0 7 0 10 0 0 0 0 0 0 0 0 0 3 0 0 1 0 0 0 0 0 0 3 0 0 0 
0 5 0 0 20 467 0 0 8 0 2 0 0 0 0 0 66 0 0 39 0 0 1283 0 1136 1528 0 0 1293 0 5 29557 0 0 0 1362 21 0 0 0 0 0 0 11 110 0 0 9 0 0 0 0 15 0 0 0 0 0 0 0 14 0 0 4 0 0 219 0 379 0 4 0 0 0 88 0 270 0 4 0 0 0 0 0 0 0 0 0 0 0 0 0 0 0 0 22 0 0 0 5 0 0 0 0 0 1 0 0 0 0 0 0 0 0 0 2 0 0 0 0 0 0 0 0 0 0 0 0 0 
0 4 0 0 11 471 0 0 3 0 3 0 0 0 0 0 31 0 0 8 0 0 526 0 1308 539 0 0 1444 0 1 29304 0 0 0 1189 9 0 0 0 0 0 0 8 57 0 0 1 0 0 0 0 11 0 0 0 0 0 0 0 2 0 0 0 0 0 381 0 465 0 3 0 0 0 253 0 147 0 2 0 0 0 0 0 0 1 0 0 0 0 0 0 0 0 0 63 0 0 0 4 0 0 0 3 0 2 0 0 0 0 0 0 0 0 0 3 0 0 0 0 0 0 0 0 0 0 0 0 0 
0 4 0 0 16 399 0 0 5 0 2 0 0 0 0 0 35 0 0 29 0 0 798 0 990 1134 0 0 1254 0 2 21386 0 0 0 1274 19 0 0 0 0 0 0 7 116 0 0 1 0 0 0 0 14 0 0 0 0 0 0 0 8 0 0 4 0 0 131 0 314 0 9 0 0 0 131 0 274 0 9 0 0 0 0 0 0 0 0 0 0 0 0 0 0 0 0 34 0 0 0 1 0 0 0 1 0 0 0 0 0 0 0 0 0 0 0 0 0 0 0 0 0 0 0 0 0 0 0 0 0 
0 3 0 0 14 306 0 0 2 0 1 0 0 0 0 0 30 0 0 12 0 0 288 0 789 999 0 0 957 0 0 16824 0 0 0 1054 22 0 0 0 0 0 0 5 50 0 0 0 0 0 0 0 14 0 0 0 0 0 0 0 12 0 0 1 0 0 123 0 252 0 2 0 0 0 50 0 213 0 5 0 0 0 0 0 0 0 0 0 0 0 0 0 0 0 0 23 0 0 0 2 0 0 0 0 0 0 0 0 0 0 0 0 0 0 0 1 0 0 0 0 0 0 0 0 0 0 0 0 0 
0 4 0 0 16 432 0 0 4 0 2 0 0 0 0 0 50 0 0 26 0 0 659 0 1092 975 0 0 1337 0 1 26573 0 0 0 1332 17 0 0 0 0 0 0 9 70 0 0 1 0 0 0 0 23 0 0 0 0 0 0 0 11 0 0 2 0 0 194 0 426 0 2 0 0 0 194 0 207 0 2 0 0 0 0 0 0 0 0 0 0 0 0 0 0 0 0 49 0 0 0 3 0 0 0 1 0 1 0 0 0 0 0 0 0 0 0 4 0 0 0 0 0 0 0 0 0 0 0 0 0 
0 3 0 0 11 358 0 0 3 0 0 0 0 0 0 0 38 0 0 15 0 0 583 0 868 815 0 0 997 0 1 24936 0 0 0 1056 8 0 0 0 0 0 0 3 66 0 0 3 0 0 0 0 11 0 0 0 0 0 0 0 8 0 0 0 0 0 0 0 329 0 0 0 0 0 0 0 216 0 0 0 0 0 0 0 0 0 0 0 0 0 0 0 0 0 0 0 0 0 0 0 0 0 0 0 0 0 0 0 0 0 0 0 0 0 0 0 0 0 0 0 0 0 0 0 0 0 0 0 0 
0 5 0 0 14 352 0 0 6 0 5 0 0 0 0 0 46 0 0 30 0 0 735 0 974 902 0 0 1344 0 2 16961 0 0 0 805 13 0 0 0 0 0 0 6 79 0 0 1 0 0 0 0 8 0 0 0 0 0 0 0 3 0 0 6 0 0 396 0 259 0 10 0 0 0 217 0 161 0 7 0 0 0 0 0 0 0 0 0 0 0 0 1 0 0 0 42 0 0 0 3 0 0 0 3 0 2 0 0 0 0 0 0 0 0 0 0 0 0 0 0 0 0 0 0 0 2 0 0 0 
0 9 0 0 24 796 0 0 25 0 12 0 0 0 0 0 63 0 0 118 0 0 3558 0 1775 1245 0 0 2150 0 31 44191 0 0 0 1874 23 0 0 0 0 0 0 23 300 0 0 7 0 0 0 0 22 0 0 0 0 0 0 0 9 0 0 35 0 0 1067 0 611 0 16 0 0 0 864 0 312 0 21 0 0 0 0 0 0 7 0 0 0 0 0 1 0 0 0 220 0 0 0 6 0 0 0 6 0 11 0 0 0 0 0 0 0 0 0 0 0 0 2 0 0 0 0 0 0 4 0 0 0 
0 3 0 0 11 457 0 0 2 0 1 0 0 0 0 0 28 0 0 4 0 0 464 0 1089 635 0 0 1282 0 0 34196 0 0 0 1386 9 0 0 0 0 0 0 8 69 0 0 3 0 0 0 0 18 0 0 0 0 0 0 0 8 0 0 1 0 0 106 0 475 0 2 0 0 0 124 0 255 0 0 0 0 0 0 0 0 0 0 0 0 0 0 0 0 0 0 38 0 0 0 3 0 0 0 3 0 0 0 0 0 0 0 0 0 0 0 1 0 0 0 0 0 0 0 0 0 0 0 0 0 
0 6 0 0 19 643 0 0 12 0 3 0 0 0 0 0 51 0 0 56 0 0 1987 0 1523 1049 0 0 1771 0 10 36819 0 0 0 1802 22 0 0 0 0 0 0 17 228 0 0 3 0 0 0 0 17 0 0 0 0 0 0 0 6 0 0 8 0 0 351 0 501 0 8 0 0 0 213 0 294 0 5 0 0 0 0 0 0 1 0 0 0 0 0 0 0 0 0 99 0 0 0 3 0 0 0 2 0 1 0 0 0 0 0 0 0 0 0 1 0 0 0 0 0 0 0 0 0 0 0 0 0 
0 4 0 0 15 441 0 0 5 0 2 0 0 0 0 0 41 0 0 23 0 0 894 0 1043 941 0 0 1611 0 2 26466 0 0 0 1311 12 0 0 0 0 0 0 12 96 0 0 3 0 0 0 0 19 0 0 0 0 0 0 0 10 0 0 4 0 0 181 0 465 0 3 0 0 0 181 0 283 0 3 0 0 0 0 0 0 0 0 0 0 0 0 0 0 0 0 46 0 0 0 5 0 0 0 5 0 0 0 0 0 0 0 0 0 0 0 2 0 0 0 0 0 0 0 0 0 0 0 0 0 
0 6 0 0 18 515 0 0 9 0 7 0 0 0 0 0 47 0 0 46 0 0 1248 0 1285 1085 0 0 1514 0 5 28595 0 0 0 1144 17 0 0 0 0 0 0 11 144 0 0 2 0 0 0 0 10 0 0 0 0 0 0 0 9 0 0 9 0 0 534 0 445 0 16 0 0 0 508 0 185 0 11 0 0 0 0 0 0 1 0 0 0 0 0 3 0 0 0 89 0 0 0 2 0 0 0 3 0 3 0 0 0 0 0 0 0 0 0 0 0 0 2 0 0 0 0 0 0 1 0 0 0 
0 5 0 0 20 437 0 0 8 0 3 0 0 0 0 0 53 0 0 46 0 0 1189 0 1072 1293 0 0 1616 0 5 22371 0 0 0 1375 24 0 0 0 0 0 0 15 116 0 0 3 0 0 0 0 11 0 0 0 0 0 0 0 10 0 0 6 0 0 213 0 350 0 10 0 0 0 184 0 289 0 11 0 0 0 0 0 0 0 0 0 0 0 0 1 0 0 0 43 0 0 0 1 0 0 0 2 0 1 0 0 0 0 0 0 0 0 0 0 0 0 0 0 0 0 0 0 0 0 0 0 0 
0 3 0 0 14 288 0 0 2 0 1 0 0 0 0 0 33 0 0 13 0 0 354 0 737 795 0 0 1103 0 0 15489 0 0 0 1021 22 0 0 0 0 0 0 4 40 0 0 0 0 0 0 0 14 0 0 0 0 0 0 0 6 0 0 1 0 0 68 0 301 0 4 0 0 0 65 0 174 0 2 0 0 0 0 0 0 0 0 0 0 0 0 0 0 0 0 3 0 0 0 1 0 0 0 0 0 0 0 0 0 0 0 0 0 0 0 2 0 0 0 0 0 0 0 0 0 0 0 0 0 
0 6 0 0 25 611 0 0 9 0 6 0 0 0 0 0 60 0 0 54 0 0 1424 0 1381 1523 0 0 1492 0 4 37952 0 0 0 1962 29 0 0 0 0 0 0 13 129 0 0 5 0 0 0 0 20 0 0 0 0 0 0 0 18 0 0 9 0 0 702 0 475 0 16 0 0 0 410 0 361 0 17 0 0 0 0 0 0 2 0 0 0 0 0 1 0 0 0 121 0 0 0 9 0 0 0 6 0 3 0 0 0 0 0 0 0 0 0 4 0 0 1 0 0 0 0 0 0 0 0 0 0 
64 2 110 106 7 192 2005 247 1 0 0 12 21 258 111 312 21 333 281 5 828 19282 158 12674 521 418 9623 6442 654 327 0 10230 41000 2322 2782 526 6 45 396 2 23 63 44 2 17 1389 98 0 2 0 0 0 7 0 0 0 3 50 18 0 3 32 52 0 161 2458 0 702 186 53 0 11 49 438 0 1027 99 45 0 15 89 0 0 0 0 0 18 0 0 0 0 0 11 3 142 0 18 0 8 0 6 0 0 0 0 0 14 2 5 0 0 0 0 0 4 0 0 0 0 0 0 0 0 0 0 0 0 0 0 
0 8 0 0 21 844 0 0 18 0 12 0 0 0 0 0 53 0 0 71 0 0 2927 0 1796 1047 0 0 1961 0 12 52802 0 0 0 1952 18 0 0 0 0 0 0 20 297 0 0 6 0 0 0 0 15 0 0 0 0 0 0 0 6 0 0 40 0 0 1118 0 590 0 23 0 0 0 940 0 228 0 9 0 0 0 0 0 0 3 0 0 0 0 0 3 0 0 0 314 0 0 0 12 0 0 0 12 0 4 0 0 0 0 0 0 0 0 0 9 0 0 2 0 0 0 0 0 0 4 0 0 0 
0 3 0 0 8 374 0 0 2 0 1 0 0 0 0 0 26 0 0 8 0 0 419 0 985 529 0 0 943 0 0 25736 0 0 0 959 3 0 0 0 0 0 0 2 59 0 0 2 0 0 0 0 10 0 0 0 0 0 0 0 7 0 0 1 0 0 132 0 300 0 3 0 0 0 47 0 188 0 1 0 0 0 0 0 0 0 0 0 0 0 0 0 0 0 0 16 0 0 0 0 0 0 0 0 0 0 0 0 0 0 0 0 0 0 0 0 0 0 0 0 0 0 0 0 0 0 0 0 0 
0 4 0 0 13 471 0 0 5 0 1 0 0 0 0 0 36 0 0 12 0 0 923 0 1147 698 0 0 1557 0 2 28759 0 0 0 1362 11 0 0 0 0 0 0 17 125 0 0 4 0 0 0 0 18 0 0 0 0 0 0 0 7 0 0 2 0 0 120 0 466 0 3 0 0 0 59 0 234 0 1 0 0 0 0 0 0 0 0 0 0 0 0 0 0 0 0 25 0 0 0 0 0 0 0 2 0 0 0 0 0 0 0 0 0 0 0 1 0 0 0 0 0 0 0 0 0 0 0 0 0 
0 3 0 0 13 380 0 0 3 0 0 0 0 0 0 0 31 0 0 16 0 0 611 0 912 812 0 0 1246 0 1 26119 0 0 0 1255 13 0 0 0 0 0 0 7 73 0 0 3 0 0 0 0 16 0 0 0 0 0 0 0 12 0 0 0 0 0 0 0 390 0 0 0 0 0 0 0 234 0 0 0 0 0 0 0 0 0 0 0 0 0 0 0 0 0 0 0 0 0 0 0 0 0 0 0 0 0 0 0 0 0 0 0 0 0 0 0 0 0 0 0 0 0 0 0 0 0 0 0 0 
0 3 0 0 12 376 0 0 3 0 0 0 0 0 0 0 30 0 0 15 0 0 622 0 943 819 0 0 1204 0 1 25891 0 0 0 1166 12 0 0 0 0 0 0 7 65 0 0 2 0 0 0 0 13 0 0 0 0 0 0 0 8 0 0 0 0 0 0 0 355 0 0 0 0 0 0 0 236 0 0 0 0 0 0 0 0 0 0 0 0 0 0 0 0 0 0 0 0 0 0 0 0 0 0 0 0 0 0 0 0 0 0 0 0 0 0 0 0 0 0 0 0 0 0 0 0 0 0 0 0 
0 5 0 0 21 527 0 0 6 0 5 0 0 0 0 0 49 0 0 33 0 0 1076 0 1163 1249 0 0 1596 0 2 30058 0 0 0 1730 27 0 0 0 0 0 0 12 132 0 0 3 0 0 0 0 20 0 0 0 0 0 0 0 15 0 0 4 0 0 371 0 455 0 15 0 0 0 350 0 313 0 19 0 0 0 0 0 0 2 0 0 0 0 0 1 0 0 0 95 0 0 0 4 0 0 0 5 0 4 0 0 0 0 0 0 0 0 0 2 0 0 0 0 0 0 0 0 0 0 0 0 0 
21 5 214 79 11 616 199 59 6 4 4 11 22 257 288 153 30 496 162 13 177 3436 1135 965 1403 477 9377 2767 1219 55 2 39361 1160 12579 580 1227 6 77 554 1 69 17 7 11 170 72 42 3 0 405 304 43 8 5 10 4 1 52 200 42 2 24 50 4 26 2814 398 131 381 42 3 15 133 1411 359 315 130 22 3 36 82 2 2 2 1 1 17 0 1 4 0 0 6 5 44 112 37 20 84 4 2 16 124 5 13 3 7 7 4 3 2 0 0 18 11 5 16 6 0 2 0 0 1 1 1 0 1 0 0 
0 5 0 0 19 406 0 0 7 0 4 0 0 0 0 0 43 0 0 36 0 0 995 0 916 1314 0 0 1608 0 2 23579 0 0 0 1382 19 0 0 0 0 0 0 14 97 0 0 3 0 0 0 0 24 0 0 0 0 0 0 0 11 0 0 10 0 0 361 0 469 0 9 0 0 0 109 0 236 0 6 0 0 0 0 0 0 0 0 0 0 0 0 1 0 0 0 22 0 0 0 3 0 0 0 2 0 0 0 0 0 0 0 0 0 0 0 5 0 0 0 0 0 0 0 0 0 0 0 0 0 
0 1 0 0 3 149 0 0 0 0 0 0 0 0 0 0 11 0 0 0 0 0 0 0 405 190 0 0 553 0 0 10843 0 0 0 376 1 0 0 0 0 0 0 0 0 0 0 0 0 0 0 0 4 0 0 0 0 0 0 0 2 0 0 0 0 0 0 0 183 0 0 0 0 0 0 0 65 0 0 0 0 0 0 0 0 0 0 0 0 0 0 0 0 0 0 0 0 0 0 0 0 0 0 0 0 0 0 0 0 0 0 0 0 0 0 0 0 0 0 0 0 0 0 0 0 0 0 0 0 
0 7 0 0 27 617 0 0 15 0 8 0 0 0 0 0 53 0 0 74 0 0 2198 0 1332 1650 0 0 2202 0 14 31698 0 0 0 1871 31 0 0 0 0 0 0 28 180 0 0 8 0 0 0 0 23 0 0 0 0 0 0 0 17 0 0 17 0 0 635 0 549 0 20 0 0 0 546 0 334 0 23 0 0 0 0 0 0 4 0 0 0 0 0 3 0 0 0 138 0 0 0 8 0 0 0 8 0 7 0 0 0 0 0 0 0 0 0 2 0 0 0 0 0 0 0 0 0 0 0 0 0 
0 11 0 0 35 919 0 0 35 0 23 0 0 0 0 0 75 0 0 179 0 0 4981 0 1886 2101 0 0 1666 0 39 49643 0 0 0 2426 39 0 0 0 0 0 0 21 430 0 0 13 0 0 0 0 16 0 0 0 0 0 0 0 12 0 0 89 0 0 1712 0 444 0 62 0 0 0 1249 0 378 0 44 0 0 0 0 0 0 15 0 0 0 0 0 14 0 0 0 384 0 0 0 13 0 0 0 17 0 28 0 0 0 0 0 0 0 0 0 8 0 0 0 0 0 0 0 0 0 8 0 0 0 
0 7 0 0 25 576 0 0 13 0 8 0 0 0 0 0 67 0 0 72 0 0 1944 0 1463 1711 0 0 1230 0 8 27972 0 0 0 1777 27 0 0 0 0 0 0 9 164 0 0 5 0 0 0 0 13 0 0 0 0 0 0 0 11 0 0 15 0 0 530 0 272 0 24 0 0 0 422 0 387 0 22 0 0 0 0 0 0 2 0 0 0 0 0 2 0 0 0 112 0 0 0 3 0 0 0 5 0 7 0 0 0 0 0 0 0 0 0 3 0 0 1 0 0 0 0 0 0 0 0 0 0 
0 2 0 0 10 107 0 0 0 0 1 0 0 0 0 0 32 0 0 0 0 0 0 0 397 668 0 0 356 0 0 2823 0 0 0 399 16 0 0 0 0 0 0 0 0 0 0 0 0 0 0 0 5 0 0 0 0 0 0 0 8 0 0 0 0 0 34 0 59 0 6 0 0 0 50 0 96 0 3 0 0 0 0 0 0 0 0 0 0 0 0 0 0 0 0 11 0 0 0 0 0 0 0 1 0 0 0 0 0 0 0 0 0 0 0 0 0 0 0 0 0 0 0 0 0 0 0 0 0 
0 4 0 0 17 201 0 0 3 0 3 0 0 0 0 0 52 0 0 22 0 0 268 0 628 1069 0 0 841 0 0 5458 0 0 0 708 23 0 0 0 0 0 0 2 18 0 0 0 0 0 0 0 6 0 0 0 0 0 0 0 6 0 0 2 0 0 137 0 104 0 10 0 0 0 118 0 140 0 10 0 0 0 0 0 0 0 0 0 0 0 0 0 0 0 0 19 0 0 0 2 0 0 0 3 0 2 0 0 0 0 0 0 0 0 0 1 0 0 0 0 0 0 0 0 0 0 0 0 0 
0 4 0 0 17 232 0 0 5 0 1 0 0 0 0 0 69 0 0 33 0 0 533 0 747 1074 0 0 812 0 2 7586 0 0 0 726 24 0 0 0 0 0 0 5 22 0 0 3 0 0 0 0 6 0 0 0 0 0 0 0 7 0 0 2 0 0 36 0 143 0 4 0 0 0 45 0 144 0 2 0 0 0 0 0 0 0 0 0 0 0 0 0 0 0 0 16 0 0 0 1 0 0 0 1 0 0 0 0 0 0 0 0 0 0 0 0 0 0 0 0 0 0 0 0 0 0 0 0 0 
0 5 0 0 19 356 0 0 8 0 2 0 0 0 0 0 61 0 0 48 0 0 987 0 1015 1151 0 0 1015 0 4 16816 0 0 0 1117 21 0 0 0 0 0 0 5 70 0 0 3 0 0 0 0 10 0 0 0 0 0 0 0 9 0 0 6 0 0 182 0 312 0 7 0 0 0 63 0 189 0 7 0 0 0 0 0 0 0 0 0 0 0 0 0 0 0 0 23 0 0 0 1 0 0 0 2 0 0 0 0 0 0 0 0 0 0 0 0 0 0 0 0 0 0 0 0 0 0 0 0 0 
0 6 0 0 23 596 0 0 8 0 9 0 0 0 0 0 67 0 0 50 0 0 1246 0 1438 1153 0 0 1489 0 2 33200 0 0 0 1884 29 0 0 0 0 0 0 10 138 0 0 2 0 0 0 0 22 0 0 0 0 0 0 0 7 0 0 14 0 0 747 0 442 0 20 0 0 0 630 0 340 0 21 0 0 0 0 0 0 3 0 0 0 0 0 1 0 0 0 201 0 0 0 11 0 0 0 7 0 5 0 0 0 0 0 0 0 0 0 6 0 0 1 0 0 0 0 0 0 2 0 0 0 
0 6 0 0 25 508 0 0 11 0 6 0 0 0 0 0 65 0 0 71 0 0 1568 0 1262 1427 0 0 1325 0 6 23917 0 0 0 1789 36 0 0 0 0 0 0 12 165 0 0 7 0 0 0 0 22 0 0 0 0 0 0 0 12 0 0 18 0 0 402 0 349 0 20 0 0 0 344 0 381 0 18 0 0 0 0 0 0 1 0 0 0 0 0 1 0 0 0 80 0 0 0 2 0 0 0 4 0 2 0 0 0 0 0 0 0 0 0 3 0 0 0 0 0 0 0 0 0 0 0 0 0 
0 6 0 0 25 496 0 0 11 0 4 0 0 0 0 0 62 0 0 72 0 0 1500 0 1236 1818 0 0 1905 0 6 24084 0 0 0 1685 29 0 0 0 0 0 0 11 109 0 0 4 0 0 0 0 20 0 0 0 0 0 0 0 18 0 0 13 0 0 406 0 320 0 6 0 0 0 201 0 379 0 13 0 0 0 0 0 0 0 0 0 0 0 0 0 0 0 0 71 0 0 0 2 0 0 0 5 0 0 0 0 0 0 0 0 0 0 0 7 0 0 0 0 0 0 0 0 0 1 0 0 0 
0 4 0 0 18 336 0 0 5 0 1 0 0 0 0 0 59 0 0 33 0 0 681 0 933 1221 0 0 1028 0 2 18699 0 0 0 1122 19 0 0 0 0 0 0 6 37 0 0 4 0 0 0 0 14 0 0 0 0 0 0 0 16 0 0 2 0 0 131 0 216 0 1 0 0 0 54 0 258 0 1 0 0 0 0 0 0 0 0 0 0 0 0 0 0 0 0 31 0 0 0 1 0 0 0 2 0 0 0 0 0 0 0 0 0 0 0 3 0 0 0 0 0 0 0 0 0 0 0 0 0 
0 4 0 0 15 396 0 0 6 0 0 0 0 0 0 0 45 0 0 35 0 0 958 0 1053 1034 0 0 1226 0 4 22218 0 0 0 1253 13 0 0 0 0 0 0 7 112 0 0 2 0 0 0 0 15 0 0 0 0 0 0 0 11 0 0 0 0 0 0 0 286 0 0 0 0 0 0 0 245 0 0 0 0 0 0 0 0 0 0 0 0 0 0 0 0 0 0 0 0 0 0 0 0 0 0 0 0 0 0 0 0 0 0 0 0 0 0 0 0 0 0 0 0 0 0 0 0 0 0 0 0 
0 2 0 0 7 154 0 0 1 0 0 0 0 0 0 0 37 0 0 6 0 0 137 0 528 320 0 0 578 0 0 5973 0 0 0 424 8 0 0 0 0 0 0 1 8 0 0 0 0 0 0 0 4 0 0 0 0 0 0 0 1 0 0 0 0 0 0 0 105 0 0 0 0 0 0 0 93 0 0 0 0 0 0 0 0 0 0 0 0 0 0 0 0 0 0 0 0 0 0 0 0 0 0 0 0 0 0 0 0 0 0 0 0 0 0 0 0 0 0 0 0 0 0 0 0 0 0 0 0 
0 3 0 0 16 288 0 0 2 0 1 0 0 0 0 0 42 0 0 18 0 0 296 0 778 920 0 0 905 0 0 15840 0 0 0 1195 30 0 0 0 0 0 0 0 27 0 0 1 0 0 0 0 15 0 0 0 0 0 0 0 10 0 0 1 0 0 133 0 311 0 1 0 0 0 55 0 236 0 3 0 0 0 0 0 0 0 0 0 0 0 0 0 0 0 0 17 0 0 0 3 0 0 0 1 0 0 0 0 0 0 0 0 0 0 0 2 0 0 0 0 0 0 0 0 0 0 0 0 0 
0 4 0 0 15 359 0 0 5 0 1 0 0 0 0 0 48 0 0 34 0 0 810 0 1011 941 0 0 848 0 2 19347 0 0 0 1130 17 0 0 0 0 0 0 2 67 0 0 0 0 0 0 0 9 0 0 0 0 0 0 0 7 0 0 2 0 0 48 0 198 0 2 0 0 0 57 0 241 0 4 0 0 0 0 0 0 0 0 0 0 0 0 0 0 0 0 13 0 0 0 1 0 0 0 2 0 0 0 0 0 0 0 0 0 0 0 0 0 0 0 0 0 0 0 0 0 0 0 0 0 
0 4 0 0 16 228 0 0 3 0 3 0 0 0 0 0 49 0 0 19 0 0 274 0 706 1035 0 0 1024 0 0 6462 0 0 0 765 22 0 0 0 0 0 0 4 19 0 0 1 0 0 0 0 7 0 0 0 0 0 0 0 3 0 0 3 0 0 139 0 126 0 9 0 0 0 138 0 148 0 9 0 0 0 0 0 0 0 0 0 0 0 0 0 0 0 0 45 0 0 0 2 0 0 0 2 0 0 0 0 0 0 0 0 0 0 0 1 0 0 1 0 0 0 0 0 0 0 0 0 0 
0 7 0 0 27 636 0 0 13 0 9 0 0 0 0 0 71 0 0 80 0 0 1987 0 1538 1647 0 0 1347 0 6 35036 0 0 0 2013 32 0 0 0 0 0 0 10 195 0 0 5 0 0 0 0 17 0 0 0 0 0 0 0 14 0 0 21 0 0 761 0 377 0 26 0 0 0 531 0 410 0 19 0 0 0 0 0 0 4 0 0 0 0 0 3 0 0 0 137 0 0 0 7 0 0 0 11 0 5 0 0 0 0 0 0 0 0 0 8 0 0 0 0 0 0 0 0 0 1 0 0 0 
0 4 0 0 18 296 0 0 5 0 1 0 0 0 0 0 48 0 0 33 0 0 616 0 873 1287 0 0 856 0 2 11078 0 0 0 1072 31 0 0 0 0 0 0 3 50 0 0 3 0 0 0 0 10 0 0 0 0 0 0 0 17 0 0 2 0 0 56 0 175 0 6 0 0 0 81 0 236 0 2 0 0 0 0 0 0 0 0 0 0 0 0 0 0 0 0 16 0 0 0 0 0 0 0 2 0 0 0 0 0 0 0 0 0 0 0 1 0 0 0 0 0 0 0 0 0 0 0 0 0 
0 5 0 0 22 480 0 0 8 0 2 0 0 0 0 0 68 0 0 53 0 0 1206 0 1259 1146 0 0 988 0 5 29672 0 0 0 1600 29 0 0 0 0 0 0 10 106 0 0 5 0 0 0 0 14 0 0 0 0 0 0 0 15 0 0 4 0 0 239 0 336 0 5 0 0 0 122 0 249 0 6 0 0 0 0 0 0 1 0 0 0 0 0 0 0 0 0 65 0 0 0 1 0 0 0 2 0 0 0 0 0 0 0 0 0 0 0 1 0 0 0 0 0 0 0 0 0 0 0 0 0 
0 4 0 0 21 405 0 0 4 0 2 0 0 0 0 0 50 0 0 33 0 0 656 0 1003 1383 0 0 1050 0 1 22748 0 0 0 1613 35 0 0 0 0 0 0 5 75 0 0 2 0 0 0 0 15 0 0 0 0 0 0 0 20 0 0 2 0 0 195 0 258 0 7 0 0 0 131 0 326 0 7 0 0 0 0 0 0 0 0 0 0 0 0 0 0 0 0 37 0 0 0 2 0 0 0 3 0 1 0 0 0 0 0 0 0 0 0 2 0 0 0 0 0 0 0 0 0 0 0 0 0 
0 5 0 0 15 587 0 0 5 0 5 0 0 0 0 0 43 0 0 22 0 0 839 0 1542 772 0 0 1432 0 1 39005 0 0 0 1479 14 0 0 0 0 0 0 4 82 0 0 2 0 0 0 0 12 0 0 0 0 0 0 0 6 0 0 4 0 0 449 0 456 0 10 0 0 0 538 0 196 0 4 0 0 0 0 0 0 2 0 0 0 0 0 1 0 0 0 174 0 0 0 5 0 0 0 11 0 1 0 0 0 0 0 0 0 0 0 2 0 0 0 0 0 0 0 0 0 1 0 0 0 
0 3 0 0 13 280 0 0 2 0 1 0 0 0 0 0 41 0 0 13 0 0 372 0 738 926 0 0 635 0 0 16582 0 0 0 982 16 0 0 0 0 0 0 2 35 0 0 1 0 0 0 0 11 0 0 0 0 0 0 0 7 0 0 1 0 0 31 0 169 0 3 0 0 0 58 0 200 0 4 0 0 0 0 0 0 0 0 0 0 0 0 0 0 0 0 14 0 0 0 0 0 0 0 0 0 0 0 0 0 0 0 0 0 0 0 1 0 0 0 0 0 0 0 0 0 0 0 0 0 
0 4 0 0 16 365 0 0 5 0 1 0 0 0 0 0 43 0 0 22 0 0 735 0 1014 1183 0 0 1209 0 2 20545 0 0 0 1135 13 0 0 0 0 0 0 8 53 0 0 7 0 0 0 0 14 0 0 0 0 0 0 0 14 0 0 2 0 0 131 0 219 0 1 0 0 0 54 0 257 0 1 0 0 0 0 0 0 0 0 0 0 0 0 0 0 0 0 31 0 0 0 1 0 0 0 2 0 0 0 0 0 0 0 0 0 0 0 3 0 0 0 0 0 0 0 0 0 0 0 0 0 
0 3 0 0 19 239 0 0 3 0 0 0 0 0 0 0 66 0 0 31 0 0 439 0 688 1096 0 0 416 0 1 14728 0 0 0 995 36 0 0 0 0 0 0 5 17 0 0 1 0 0 0 0 7 0 0 0 0 0 0 0 20 0 0 0 0 0 0 0 138 0 0 0 0 0 0 0 204 0 0 0 0 0 0 0 0 0 0 0 0 0 0 0 0 0 0 0 0 0 0 0 0 0 0 0 0 0 0 0 0 0 0 0 0 0 0 0 0 0 0 0 0 0 0 0 0 0 0 0 0 
0 4 0 0 14 427 0 0 3 0 3 0 0 0 0 0 46 0 0 19 0 0 437 0 1165 833 0 0 1145 0 0 28212 0 0 0 1254 9 0 0 0 0 0 0 2 21 0 0 1 0 0 0 0 13 0 0 0 0 0 0 0 11 0 0 3 0 0 347 0 314 0 6 0 0 0 212 0 193 0 3 0 0 0 0 0 0 0 0 0 0 0 0 0 0 0 0 119 0 0 0 3 0 0 0 4 0 0 0 0 0 0 0 0 0 0 0 4 0 0 0 0 0 0 0 0 0 1 0 0 0 
0 1 0 0 4 163 0 0 0 0 0 0 0 0 0 0 13 0 0 0 0 0 0 0 456 283 0 0 329 0 0 13082 0 0 0 528 2 0 0 0 0 0 0 0 0 0 0 0 0 0 0 0 6 0 0 0 0 0 0 0 5 0 0 0 0 0 0 0 122 0 0 0 0 0 0 0 119 0 0 0 0 0 0 0 0 0 0 0 0 0 0 0 0 0 0 0 0 0 0 0 0 0 0 0 0 0 0 0 0 0 0 0 0 0 0 0 0 0 0 0 0 0 0 0 0 0 0 0 0 
0 3 0 0 10 371 0 0 2 0 1 0 0 0 0 0 32 0 0 12 0 0 358 0 993 643 0 0 847 0 0 25295 0 0 0 1114 9 0 0 0 0 0 0 0 38 0 0 0 0 0 0 0 14 0 0 0 0 0 0 0 6 0 0 1 0 0 106 0 304 0 2 0 0 0 124 0 211 0 0 0 0 0 0 0 0 0 0 0 0 0 0 0 0 0 0 38 0 0 0 3 0 0 0 3 0 0 0 0 0 0 0 0 0 0 0 1 0 0 0 0 0 0 0 0 0 0 0 0 0 
0 6 0 0 23 552 0 0 7 0 8 0 0 0 0 0 69 0 0 49 0 0 902 0 1483 1349 0 0 1233 0 2 33209 0 0 0 1703 22 0 0 0 0 0 0 4 36 0 0 3 0 0 0 0 17 0 0 0 0 0 0 0 14 0 0 9 0 0 872 0 290 0 21 0 0 0 471 0 268 0 23 0 0 0 0 0 0 3 0 0 0 0 0 0 0 0 0 218 0 0 0 4 0 0 0 5 0 1 0 0 0 0 0 0 0 0 0 5 0 0 0 0 0 0 0 0 0 5 0 0 0 
0 2 0 0 7 316 0 0 0 0 1 0 0 0 0 0 21 0 0 0 0 0 0 0 888 353 0 0 695 0 0 24543 0 0 0 960 5 0 0 0 0 0 0 0 0 0 0 0 0 0 0 0 11 0 0 0 0 0 0 0 5 0 0 0 0 0 95 0 291 0 2 0 0 0 104 0 134 0 1 0 0 0 0 0 0 0 0 0 0 0 0 0 0 0 0 58 0 0 0 1 0 0 0 1 0 0 0 0 0 0 0 0 0 0 0 1 0 0 0 0 0 0 0 0 0 0 0 0 0 
0 3 0 0 15 236 0 0 3 0 0 0 0 0 0 0 51 0 0 24 0 0 416 0 627 1179 0 0 474 0 1 14444 0 0 0 835 24 0 0 0 0 0 0 2 27 0 0 2 0 0 0 0 7 0 0 0 0 0 0 0 10 0 0 0 0 0 0 0 146 0 0 0 0 0 0 0 184 0 0 0 0 0 0 0 0 0 0 0 0 0 0 0 0 0 0 0 0 0 0 0 0 0 0 0 0 0 0 0 0 0 0 0 0 0 0 0 0 0 0 0 0 0 0 0 0 0 0 0 0 
0 6 0 0 24 637 0 0 6 0 9 0 0 0 0 0 57 0 0 37 0 0 904 0 1506 1270 0 0 1499 0 1 41488 0 0 0 2059 29 0 0 0 0 0 0 8 123 0 0 5 0 0 0 0 19 0 0 0 0 0 0 0 13 0 0 6 0 0 959 0 465 0 24 0 0 0 565 0 271 0 20 0 0 0 0 0 0 2 0 0 0 0 0 3 0 0 0 247 0 0 0 10 0 0 0 10 0 4 0 0 0 0 0 0 0 0 0 3 0 0 0 0 0 0 0 0 0 4 0 0 0 
0 5 0 0 24 448 0 0 7 0 3 0 0 0 0 0 72 0 0 54 0 0 1043 0 1166 1416 0 0 995 0 2 27463 0 0 0 1578 38 0 0 0 0 0 0 10 70 0 0 2 0 0 0 0 15 0 0 0 0 0 0 0 12 0 0 7 0 0 269 0 327 0 11 0 0 0 158 0 253 0 10 0 0 0 0 0 0 1 0 0 0 0 0 0 0 0 0 85 0 0 0 4 0 0 0 1 0 0 0 0 0 0 0 0 0 0 0 1 0 0 0 0 0 0 0 0 0 0 0 0 0 
0 3 0 0 15 307 0 0 2 0 1 0 0 0 0 0 31 0 0 12 0 0 316 0 812 1146 0 0 889 0 0 18021 0 0 0 1185 24 0 0 0 0 0 0 3 30 0 0 2 0 0 0 0 13 0 0 0 0 0 0 0 14 0 0 1 0 0 139 0 206 0 2 0 0 0 51 0 251 0 5 0 0 0 0 0 0 0 0 0 0 0 0 0 0 0 0 21 0 0 0 2 0 0 0 1 0 0 0 0 0 0 0 0 0 0 0 1 0 0 0 0 0 0 0 0 0 0 0 0 0 
0 4 0 0 15 337 0 0 4 0 2 0 0 0 0 0 47 0 0 24 0 0 500 0 928 1006 0 0 741 0 1 24509 0 0 0 1025 16 0 0 0 0 0 0 2 15 0 0 1 0 0 0 0 11 0 0 0 0 0 0 0 11 0 0 2 0 0 238 0 284 0 5 0 0 0 109 0 157 0 5 0 0 0 0 0 0 1 0 0 0 0 0 0 0 0 0 65 0 0 0 2 0 0 0 1 0 0 0 0 0 0 0 0 0 0 0 2 0 0 0 0 0 0 0 0 0 0 0 0 0 
0 2 0 0 7 235 0 0 1 0 0 0 0 0 0 0 18 0 0 6 0 0 190 0 670 585 0 0 672 0 0 15593 0 0 0 718 5 0 0 0 0 0 0 1 22 0 0 0 0 0 0 0 8 0 0 0 0 0 0 0 5 0 0 0 0 0 0 0 168 0 0 0 0 0 0 0 143 0 0 0 0 0 0 0 0 0 0 0 0 0 0 0 0 0 0 0 0 0 0 0 0 0 0 0 0 0 0 0 0 0 0 0 0 0 0 0 0 0 0 0 0 0 0 0 0 0 0 0 0 
0 3 0 0 12 347 0 0 2 0 1 0 0 0 0 0 37 0 0 7 0 0 340 0 915 893 0 0 1107 0 0 21301 0 0 0 1131 7 0 0 0 0 0 0 7 50 0 0 2 0 0 0 0 14 0 0 0 0 0 0 0 15 0 0 1 0 0 131 0 248 0 1 0 0 0 54 0 243 0 1 0 0 0 0 0 0 0 0 0 0 0 0 0 0 0 0 31 0 0 0 1 0 0 0 2 0 0 0 0 0 0 0 0 0 0 0 3 0 0 0 0 0 0 0 0 0 0 0 0 0 
0 3 0 0 13 325 0 0 1 0 3 0 0 0 0 0 37 0 0 2 0 0 212 0 869 859 0 0 785 0 0 19515 0 0 0 1099 15 0 0 0 0 0 0 3 20 0 0 2 0 0 0 0 12 0 0 0 0 0 0 0 14 0 0 0 0 0 258 0 178 0 11 0 0 0 169 0 224 0 13 0 0 0 0 0 0 0 0 0 0 0 0 1 0 0 0 65 0 0 0 2 0 0 0 1 0 1 0 0 0 0 0 0 0 0 0 1 0 0 0 0 0 0 0 0 0 0 0 0 0 
0 4 0 0 17 327 0 0 5 0 1 0 0 0 0 0 62 0 0 31 0 0 746 0 907 1100 0 0 887 0 2 18471 0 0 0 1064 18 0 0 0 0 0 0 8 47 0 0 3 0 0 0 0 11 0 0 0 0 0 0 0 13 0 0 2 0 0 83 0 214 0 3 0 0 0 40 0 232 0 4 0 0 0 0 0 0 0 0 0 0 0 0 0 0 0 0 6 0 0 0 2 0 0 0 0 0 0 0 0 0 0 0 0 0 0 0 0 0 0 0 0 0 0 0 0 0 0 0 0 0 
0 3 0 0 9 379 0 0 2 0 1 0 0 0 0 0 27 0 0 10 0 0 353 0 1043 545 0 0 804 0 0 26485 0 0 0 1064 6 0 0 0 0 0 0 1 44 0 0 0 0 0 0 0 11 0 0 0 0 0 0 0 5 0 0 1 0 0 95 0 303 0 2 0 0 0 104 0 155 0 1 0 0 0 0 0 0 0 0 0 0 0 0 0 0 0 0 58 0 0 0 1 0 0 0 1 0 0 0 0 0 0 0 0 0 0 0 1 0 0 0 0 0 0 0 0 0 0 0 0 0 
0 6 0 0 24 602 0 0 9 0 7 0 0 0 0 0 51 0 0 59 0 0 1509 0 1515 1397 0 0 1490 0 4 35021 0 0 0 2010 30 0 0 0 0 0 0 10 111 0 0 3 0 0 0 0 19 0 0 0 0 0 0 0 10 0 0 10 0 0 603 0 367 0 22 0 0 0 435 0 306 0 19 0 0 0 0 0 0 1 0 0 0 0 0 3 0 0 0 197 0 0 0 4 0 0 0 5 0 5 0 0 0 0 0 0 0 0 0 2 0 0 0 0 0 0 0 0 0 1 0 0 0 
0 6 0 0 22 691 0 0 9 0 6 0 0 0 0 0 50 0 0 53 0 0 1442 0 1564 1170 0 0 1577 0 4 43744 0 0 0 2137 26 0 0 0 0 0 0 10 201 0 0 4 0 0 0 0 19 0 0 0 0 0 0 0 11 0 0 10 0 0 580 0 493 0 14 0 0 0 544 0 282 0 11 0 0 0 0 0 0 0 0 0 0 0 0 2 0 0 0 236 0 0 0 8 0 0 0 10 0 2 0 0 0 0 0 0 0 0 0 1 0 0 0 0 0 0 0 0 0 2 0 0 0 
0 4 0 0 17 325 0 0 3 0 3 0 0 0 0 0 50 0 0 21 0 0 435 0 895 1338 0 0 995 0 0 18702 0 0 0 1129 15 0 0 0 0 0 0 5 47 0 0 1 0 0 0 0 14 0 0 0 0 0 0 0 18 0 0 2 0 0 340 0 221 0 8 0 0 0 69 0 231 0 9 0 0 0 0 0 0 1 0 0 0 0 0 1 0 0 0 15 0 0 0 1 0 0 0 2 0 0 0 0 0 0 0 0 0 0 0 2 0 0 0 0 0 0 0 0 0 0 0 0 0 
0 1 0 0 4 163 0 0 0 0 0 0 0 0 0 0 13 0 0 0 0 0 0 0 456 283 0 0 329 0 0 13082 0 0 0 528 2 0 0 0 0 0 0 0 0 0 0 0 0 0 0 0 6 0 0 0 0 0 0 0 5 0 0 0 0 0 0 0 122 0 0 0 0 0 0 0 119 0 0 0 0 0 0 0 0 0 0 0 0 0 0 0 0 0 0 0 0 0 0 0 0 0 0 0 0 0 0 0 0 0 0 0 0 0 0 0 0 0 0 0 0 0 0 0 0 0 0 0 0 
0 3 0 0 14 282 0 0 3 0 0 0 0 0 0 0 52 0 0 19 0 0 493 0 773 963 0 0 711 0 1 17555 0 0 0 913 22 0 0 0 0 0 0 6 34 0 0 3 0 0 0 0 7 0 0 0 0 0 0 0 9 0 0 0 0 0 0 0 186 0 0 0 0 0 0 0 195 0 0 0 0 0 0 0 0 0 0 0 0 0 0 0 0 0 0 0 0 0 0 0 0 0 0 0 0 0 0 0 0 0 0 0 0 0 0 0 0 0 0 0 0 0 0 0 0 0 0 0 0 
0 3 0 0 15 332 0 0 1 0 2 0 0 0 0 0 37 0 0 7 0 0 190 0 900 949 0 0 866 0 0 20271 0 0 0 1286 20 0 0 0 0 0 0 2 19 0 0 1 0 0 0 0 12 0 0 0 0 0 0 0 12 0 0 0 0 0 176 0 237 0 6 0 0 0 153 0 266 0 7 0 0 0 0 0 0 0 0 0 0 0 0 1 0 0 0 51 0 0 0 2 0 0 0 3 0 0 0 0 0 0 0 0 0 0 0 1 0 0 0 0 0 0 0 0 0 0 0 0 0 
0 1 0 0 4 163 0 0 0 0 0 0 0 0 0 0 13 0 0 0 0 0 0 0 456 283 0 0 329 0 0 13082 0 0 0 528 2 0 0 0 0 0 0 0 0 0 0 0 0 0 0 0 6 0 0 0 0 0 0 0 5 0 0 0 0 0 0 0 122 0 0 0 0 0 0 0 119 0 0 0 0 0 0 0 0 0 0 0 0 0 0 0 0 0 0 0 0 0 0 0 0 0 0 0 0 0 0 0 0 0 0 0 0 0 0 0 0 0 0 0 0 0 0 0 0 0 0 0 0 
0 6 0 0 23 637 0 0 12 0 3 0 0 0 0 0 69 0 0 68 0 0 1937 0 1556 1239 0 0 1439 0 10 41007 0 0 0 1817 31 0 0 0 0 0 0 20 157 0 0 6 0 0 0 0 14 0 0 0 0 0 0 0 16 0 0 9 0 0 304 0 495 0 6 0 0 0 341 0 250 0 2 0 0 0 0 0 0 0 0 0 0 0 0 0 0 0 0 135 0 0 0 5 0 0 0 7 0 0 0 0 0 0 0 0 0 0 0 1 0 0 0 0 0 0 0 0 0 1 0 0 0 
0 2 0 0 12 235 0 0 0 0 1 0 0 0 0 0 28 0 0 0 0 0 0 0 616 848 0 0 548 0 0 15510 0 0 0 995 21 0 0 0 0 0 0 0 0 0 0 0 0 0 0 0 11 0 0 0 0 0 0 0 14 0 0 0 0 0 139 0 160 0 2 0 0 0 51 0 227 0 5 0 0 0 0 0 0 0 0 0 0 0 0 0 0 0 0 21 0 0 0 2 0 0 0 1 0 0 0 0 0 0 0 0 0 0 0 1 0 0 0 0 0 0 0 0 0 0 0 0 0 
0 1 0 0 4 163 0 0 0 0 0 0 0 0 0 0 13 0 0 0 0 0 0 0 456 283 0 0 329 0 0 13082 0 0 0 528 2 0 0 0 0 0 0 0 0 0 0 0 0 0 0 0 6 0 0 0 0 0 0 0 5 0 0 0 0 0 0 0 122 0 0 0 0 0 0 0 119 0 0 0 0 0 0 0 0 0 0 0 0 0 0 0 0 0 0 0 0 0 0 0 0 0 0 0 0 0 0 0 0 0 0 0 0 0 0 0 0 0 0 0 0 0 0 0 0 0 0 0 0 
0 3 0 0 10 379 0 0 1 0 2 0 0 0 0 0 29 0 0 6 0 0 190 0 1036 699 0 0 952 0 0 25811 0 0 0 1071 7 0 0 0 0 0 0 0 22 0 0 0 0 0 0 0 14 0 0 0 0 0 0 0 6 0 0 0 0 0 160 0 320 0 3 0 0 0 252 0 196 0 4 0 0 0 0 0 0 0 0 0 0 0 0 0 0 0 0 55 0 0 0 3 0 0 0 4 0 1 0 0 0 0 0 0 0 0 0 1 0 0 0 0 0 0 0 0 0 0 0 0 0 
0 3 0 0 15 335 0 0 2 0 1 0 0 0 0 0 45 0 0 12 0 0 333 0 882 995 0 0 763 0 0 23704 0 0 0 1165 25 0 0 0 0 0 0 3 13 0 0 4 0 0 0 0 14 0 0 0 0 0 0 0 10 0 0 1 0 0 106 0 292 0 2 0 0 0 124 0 223 0 0 0 0 0 0 0 0 0 0 0 0 0 0 0 0 0 0 38 0 0 0 3 0 0 0 3 0 0 0 0 0 0 0 0 0 0 0 1 0 0 0 0 0 0 0 0 0 0 0 0 0 
0 6 0 0 23 373 0 0 15 0 0 0 0 0 0 0 68 0 0 96 0 0 1669 0 993 1948 0 0 1072 0 20 18971 0 0 0 1106 29 0 0 0 0 0 0 7 95 0 0 6 0 0 0 0 11 0 0 0 0 0 0 0 15 0 0 0 0 0 0 0 234 0 0 0 0 0 0 0 247 0 0 0 0 0 0 0 0 0 0 0 0 0 0 0 0 0 0 0 0 0 0 0 0 0 0 0 0 0 0 0 0 0 0 0 0 0 0 0 0 0 0 0 0 0 0 0 0 0 0 0 0 
0 1 0 0 4 163 0 0 0 0 0 0 0 0 0 0 13 0 0 0 0 0 0 0 456 283 0 0 329 0 0 13082 0 0 0 528 2 0 0 0 0 0 0 0 0 0 0 0 0 0 0 0 6 0 0 0 0 0 0 0 5 0 0 0 0 0 0 0 122 0 0 0 0 0 0 0 119 0 0 0 0 0 0 0 0 0 0 0 0 0 0 0 0 0 0 0 0 0 0 0 0 0 0 0 0 0 0 0 0 0 0 0 0 0 0 0 0 0 0 0 0 0 0 0 0 0 0 0 0 
0 7 0 0 29 541 0 0 16 0 5 0 0 0 0 0 70 0 0 100 0 0 2034 0 1340 2270 0 0 1581 0 14 30779 0 0 0 1649 37 0 0 0 0 0 0 16 122 0 0 10 0 0 0 0 17 0 0 0 0 0 0 0 16 0 0 18 0 0 462 0 400 0 11 0 0 0 303 0 281 0 13 0 0 0 0 0 0 1 0 0 0 0 0 0 0 0 0 93 0 0 0 2 0 0 0 3 0 1 0 0 0 0 0 0 0 0 0 5 0 0 1 0 0 0 0 0 0 0 0 0 0 
0 3 0 0 14 364 0 0 2 0 1 0 0 0 0 0 41 0 0 12 0 0 359 0 970 914 0 0 910 0 0 22893 0 0 0 1357 17 0 0 0 0 0 0 5 50 0 0 1 0 0 0 0 14 0 0 0 0 0 0 0 13 0 0 1 0 0 133 0 254 0 2 0 0 0 75 0 292 0 4 0 0 0 0 0 0 0 0 0 0 0 0 0 0 0 0 28 0 0 0 1 0 0 0 1 0 0 0 0 0 0 0 0 0 0 0 1 0 0 0 0 0 0 0 0 0 0 0 0 0 
0 6 0 0 29 483 0 0 11 0 5 0 0 0 0 0 60 0 0 81 0 0 1442 0 1174 1796 0 0 1439 0 7 23086 0 0 0 1845 41 0 0 0 0 0 0 14 139 0 0 7 0 0 0 0 22 0 0 0 0 0 0 0 23 0 0 12 0 0 391 0 373 0 20 0 0 0 286 0 338 0 18 0 0 0 0 0 0 1 0 0 0 0 0 1 0 0 0 83 0 0 0 4 0 0 0 5 0 3 0 0 0 0 0 0 0 0 0 1 0 0 0 0 0 0 0 0 0 0 0 0 0 
0 3 0 0 13 181 0 0 2 0 1 0 0 0 0 0 53 0 0 16 0 0 189 0 588 813 0 0 672 0 0 6328 0 0 0 575 18 0 0 0 0 0 0 2 8 0 0 1 0 0 0 0 3 0 0 0 0 0 0 0 6 0 0 1 0 0 82 0 108 0 2 0 0 0 54 0 102 0 4 0 0 0 0 0 0 0 0 0 0 0 0 0 0 0 0 9 0 0 0 0 0 0 0 1 0 0 0 0 0 0 0 0 0 0 0 0 0 0 0 0 0 0 0 0 0 0 0 0 0 
0 4 0 0 20 229 0 0 5 0 1 0 0 0 0 0 63 0 0 42 0 0 539 0 732 1360 0 0 832 0 2 6631 0 0 0 916 34 0 0 0 0 0 0 1 27 0 0 3 0 0 0 0 7 0 0 0 0 0 0 0 9 0 0 2 0 0 34 0 114 0 4 0 0 0 48 0 166 0 4 0 0 0 0 0 0 0 0 0 0 0 0 0 0 0 0 5 0 0 0 0 0 0 0 1 0 0 0 0 0 0 0 0 0 0 0 2 0 0 0 0 0 0 0 0 0 0 0 0 0 
0 3 0 0 15 229 0 0 2 0 1 0 0 0 0 0 40 0 0 14 0 0 242 0 633 1043 0 0 843 0 0 13441 0 0 0 848 23 0 0 0 0 0 0 4 24 0 0 2 0 0 0 0 10 0 0 0 0 0 0 0 9 0 0 1 0 0 145 0 272 0 3 0 0 0 5 0 146 0 4 0 0 0 0 0 0 0 0 0 0 0 0 0 0 0 0 7 0 0 0 1 0 0 0 0 0 0 0 0 0 0 0 0 0 0 0 1 0 0 0 0 0 0 0 0 0 0 0 0 0 
0 2 0 0 9 218 0 0 1 0 0 0 0 0 0 0 21 0 0 7 0 0 171 0 603 515 0 0 797 0 0 13521 0 0 0 799 13 0 0 0 0 0 0 2 23 0 0 0 0 0 0 0 10 0 0 0 0 0 0 0 3 0 0 0 0 0 0 0 279 0 0 0 0 0 0 0 127 0 0 0 0 0 0 0 0 0 0 0 0 0 0 0 0 0 0 0 0 0 0 0 0 0 0 0 0 0 0 0 0 0 0 0 0 0 0 0 0 0 0 0 0 0 0 0 0 0 0 0 0 
0 3 0 0 10 240 0 0 2 0 1 0 0 0 0 0 40 0 0 11 0 0 272 0 791 630 0 0 821 0 0 9544 0 0 0 647 10 0 0 0 0 0 0 2 26 0 0 0 0 0 0 0 5 0 0 0 0 0 0 0 2 0 0 1 0 0 82 0 137 0 2 0 0 0 54 0 127 0 4 0 0 0 0 0 0 0 0 0 0 0 0 0 0 0 0 9 0 0 0 0 0 0 0 1 0 0 0 0 0 0 0 0 0 0 0 0 0 0 0 0 0 0 0 0 0 0 0 0 0 
0 1 0 0 5 64 0 0 0 0 0 0 0 0 0 0 13 0 0 0 0 0 0 0 218 350 0 0 329 0 0 1966 0 0 0 262 9 0 0 0 0 0 0 0 0 0 0 0 0 0 0 0 3 0 0 0 0 0 0 0 1 0 0 0 0 0 0 0 50 0 0 0 0 0 0 0 52 0 0 0 0 0 0 0 0 0 0 0 0 0 0 0 0 0 0 0 0 0 0 0 0 0 0 0 0 0 0 0 0 0 0 0 0 0 0 0 0 0 0 0 0 0 0 0 0 0 0 0 0 
0 1 0 0 5 64 0 0 0 0 0 0 0 0 0 0 13 0 0 0 0 0 0 0 218 350 0 0 329 0 0 1966 0 0 0 262 9 0 0 0 0 0 0 0 0 0 0 0 0 0 0 0 3 0 0 0 0 0 0 0 1 0 0 0 0 0 0 0 50 0 0 0 0 0 0 0 52 0 0 0 0 0 0 0 0 0 0 0 0 0 0 0 0 0 0 0 0 0 0 0 0 0 0 0 0 0 0 0 0 0 0 0 0 0 0 0 0 0 0 0 0 0 0 0 0 0 0 0 0 
0 3 0 0 15 286 0 0 3 0 0 0 0 0 0 0 32 0 0 24 0 0 444 0 722 858 0 0 1165 0 1 15715 0 0 0 1150 23 0 0 0 0 0 0 5 63 0 0 1 0 0 0 0 16 0 0 0 0 0 0 0 8 0 0 0 0 0 0 0 364 0 0 0 0 0 0 0 177 0 0 0 0 0 0 0 0 0 0 0 0 0 0 0 0 0 0 0 0 0 0 0 0 0 0 0 0 0 0 0 0 0 0 0 0 0 0 0 0 0 0 0 0 0 0 0 0 0 0 0 0 
0 4 0 0 24 249 0 0 6 0 0 0 0 0 0 0 56 0 0 57 0 0 639 0 683 1822 0 0 811 0 4 8420 0 0 0 1146 52 0 0 0 0 0 0 6 51 0 0 6 0 0 0 0 13 0 0 0 0 0 0 0 18 0 0 0 0 0 0 0 145 0 0 0 0 0 0 0 258 0 0 0 0 0 0 0 0 0 0 0 0 0 0 0 0 0 0 0 0 0 0 0 0 0 0 0 0 0 0 0 0 0 0 0 0 0 0 0 0 0 0 0 0 0 0 0 0 0 0 0 0 
0 6 0 0 24 621 0 0 10 0 6 0 0 0 0 0 48 0 0 53 0 0 1633 0 1358 1296 0 0 1932 0 5 34929 0 0 0 2112 29 0 0 0 0 0 0 22 209 0 0 6 0 0 0 0 23 0 0 0 0 0 0 0 12 0 0 11 0 0 459 0 556 0 17 0 0 0 424 0 319 0 15 0 0 0 0 0 0 0 0 0 0 0 0 4 0 0 0 157 0 0 0 6 0 0 0 7 0 4 0 0 0 0 0 0 0 0 0 0 0 0 0 0 0 0 0 0 0 0 0 0 0 
0 4 0 0 20 320 0 0 5 0 1 0 0 0 0 0 43 0 0 40 0 0 666 0 915 1491 0 0 1040 0 2 12788 0 0 0 1246 36 0 0 0 0 0 0 7 58 0 0 1 0 0 0 0 13 0 0 0 0 0 0 0 18 0 0 2 0 0 56 0 205 0 6 0 0 0 81 0 259 0 2 0 0 0 0 0 0 0 0 0 0 0 0 0 0 0 0 16 0 0 0 0 0 0 0 2 0 0 0 0 0 0 0 0 0 0 0 1 0 0 0 0 0 0 0 0 0 0 0 0 0 
0 5 0 0 24 314 0 0 8 0 2 0 0 0 0 0 69 0 0 63 0 0 928 0 912 1758 0 0 1280 0 5 10129 0 0 0 1181 32 0 0 0 0 0 0 5 47 0 0 4 0 0 0 0 15 0 0 0 0 0 0 0 18 0 0 4 0 0 112 0 188 0 9 0 0 0 95 0 265 0 8 0 0 0 0 0 0 0 0 0 0 0 0 1 0 0 0 12 0 0 0 0 0 0 0 1 0 0 0 0 0 0 0 0 0 0 0 2 0 0 0 0 0 0 0 0 0 0 0 0 0 
0 4 0 0 18 200 0 0 6 0 0 0 0 0 0 0 66 0 0 43 0 0 532 0 605 1304 0 0 610 0 4 6662 0 0 0 736 21 0 0 0 0 0 0 7 31 0 0 2 0 0 0 0 8 0 0 0 0 0 0 0 15 0 0 0 0 0 0 0 109 0 0 0 0 0 0 0 138 0 0 0 0 0 0 0 0 0 0 0 0 0 0 0 0 0 0 0 0 0 0 0 0 0 0 0 0 0 0 0 0 0 0 0 0 0 0 0 0 0 0 0 0 0 0 0 0 0 0 0 0 
0 2 0 0 11 158 0 0 1 0 0 0 0 0 0 0 29 0 0 9 0 0 144 0 433 806 0 0 745 0 0 6094 0 0 0 678 16 0 0 0 0 0 0 2 6 0 0 0 0 0 0 0 12 0 0 0 0 0 0 0 11 0 0 0 0 0 0 0 120 0 0 0 0 0 0 0 172 0 0 0 0 0 0 0 0 0 0 0 0 0 0 0 0 0 0 0 0 0 0 0 0 0 0 0 0 0 0 0 0 0 0 0 0 0 0 0 0 0 0 0 0 0 0 0 0 0 0 0 0 
0 3 0 0 17 184 0 0 2 0 1 0 0 0 0 0 48 0 0 21 0 0 242 0 512 1277 0 0 751 0 0 6365 0 0 0 807 28 0 0 0 0 0 0 2 6 0 0 0 0 0 0 0 12 0 0 0 0 0 0 0 14 0 0 1 0 0 81 0 115 0 4 0 0 0 23 0 199 0 5 0 0 0 0 0 0 0 0 0 0 0 0 0 0 0 0 4 0 0 0 0 0 0 0 0 0 0 0 0 0 0 0 0 0 0 0 1 0 0 0 0 0 0 0 0 0 0 0 0 0 
0 3 0 0 12 277 0 0 3 0 0 0 0 0 0 0 47 0 0 12 0 0 455 0 769 871 0 0 1191 0 1 12471 0 0 0 887 9 0 0 0 0 0 0 7 47 0 0 4 0 0 0 0 13 0 0 0 0 0 0 0 14 0 0 0 0 0 0 0 223 0 0 0 0 0 0 0 202 0 0 0 0 0 0 0 0 0 0 0 0 0 0 0 0 0 0 0 0 0 0 0 0 0 0 0 0 0 0 0 0 0 0 0 0 0 0 0 0 0 0 0 0 0 0 0 0 0 0 0 0 
0 6 0 0 32 395 0 0 8 0 7 0 0 0 0 0 88 0 0 79 0 0 838 0 1088 2109 0 0 1145 0 3 14274 0 0 0 1555 43 0 0 0 0 0 0 5 34 0 0 5 0 0 0 0 15 0 0 0 0 0 0 0 39 0 0 8 0 0 486 0 233 0 24 0 0 0 418 0 336 0 30 0 0 0 0 0 0 2 0 0 0 0 0 1 0 0 0 78 0 0 0 3 0 0 0 4 0 4 0 0 0 0 0 0 0 0 0 3 0 0 1 0 0 0 0 0 0 1 0 0 0 
0 2 0 0 8 158 0 0 1 0 0 0 0 0 0 0 20 0 0 7 0 0 136 0 468 780 0 0 842 0 0 6086 0 0 0 506 6 0 0 0 0 0 0 1 11 0 0 0 0 0 0 0 10 0 0 0 0 0 0 0 9 0 0 0 0 0 0 0 128 0 0 0 0 0 0 0 131 0 0 0 0 0 0 0 0 0 0 0 0 0 0 0 0 0 0 0 0 0 0 0 0 0 0 0 0 0 0 0 0 0 0 0 0 0 0 0 0 0 0 0 0 0 0 0 0 0 0 0 0 
0 3 0 0 10 249 0 0 2 0 1 0 0 0 0 0 28 0 0 11 0 0 250 0 696 645 0 0 914 0 0 15055 0 0 0 813 7 0 0 0 0 0 0 1 4 0 0 0 0 0 0 0 13 0 0 0 0 0 0 0 8 0 0 1 0 0 121 0 277 0 3 0 0 0 54 0 153 0 1 0 0 0 0 0 0 0 0 0 0 0 0 0 0 0 0 31 0 0 0 2 0 0 0 1 0 0 0 0 0 0 0 0 0 0 0 1 0 0 0 0 0 0 0 0 0 0 0 0 0 
0 4 0 0 17 377 0 0 4 0 2 0 0 0 0 0 51 0 0 24 0 0 611 0 1025 974 0 0 1145 0 1 19885 0 0 0 1269 19 0 0 0 0 0 0 4 70 0 0 3 0 0 0 0 17 0 0 0 0 0 0 0 13 0 0 2 0 0 199 0 318 0 7 0 0 0 100 0 247 0 7 0 0 0 0 0 0 0 0 0 0 0 0 0 0 0 0 38 0 0 0 2 0 0 0 1 0 1 0 0 0 0 0 0 0 0 0 1 0 0 0 0 0 0 0 0 0 0 0 0 0 
0 2 0 0 13 158 0 0 0 0 1 0 0 0 0 0 31 0 0 0 0 0 0 0 392 1113 0 0 712 0 0 6073 0 0 0 778 22 0 0 0 0 0 0 0 0 0 0 0 0 0 0 0 13 0 0 0 0 0 0 0 18 0 0 0 0 0 69 0 127 0 1 0 0 0 57 0 218 0 5 0 0 0 0 0 0 0 0 0 0 0 0 0 0 0 0 16 0 0 0 0 0 0 0 1 0 0 0 0 0 0 0 0 0 0 0 3 0 0 0 0 0 0 0 0 0 0 0 0 0 
0 7 0 0 25 597 0 0 12 0 11 0 0 0 0 0 66 0 0 53 0 0 1671 0 1484 1782 0 0 1425 0 7 28479 0 0 0 1583 25 0 0 0 0 0 0 14 137 0 0 8 0 0 0 0 8 0 0 0 0 0 0 0 21 0 0 16 0 0 827 0 310 0 27 0 0 0 769 0 294 0 30 0 0 0 0 0 0 6 0 0 0 0 0 3 0 0 0 203 0 0 0 4 0 0 0 13 0 10 0 0 0 0 0 0 0 0 0 9 0 0 1 0 0 0 0 0 0 2 0 0 0 
0 5 0 0 20 347 0 0 6 0 6 0 0 0 0 0 59 0 0 32 0 0 718 0 863 1377 0 0 1138 0 2 16438 0 0 0 1136 21 0 0 0 0 0 0 7 51 0 0 4 0 0 0 0 17 0 0 0 0 0 0 0 12 0 0 7 0 0 375 0 305 0 12 0 0 0 355 0 216 0 10 0 0 0 0 0 0 3 0 0 0 0 0 1 0 0 0 73 0 0 0 6 0 0 0 6 0 3 0 0 0 0 0 0 0 0 0 9 0 0 0 0 0 0 0 0 0 0 0 0 0 
0 3 0 0 13 210 0 0 3 0 0 0 0 0 0 0 45 0 0 16 0 0 349 0 580 945 0 0 1105 0 1 8178 0 0 0 681 13 0 0 0 0 0 0 7 33 0 0 3 0 0 0 0 10 0 0 0 0 0 0 0 12 0 0 0 0 0 0 0 161 0 0 0 0 0 0 0 174 0 0 0 0 0 0 0 0 0 0 0 0 0 0 0 0 0 0 0 0 0 0 0 0 0 0 0 0 0 0 0 0 0 0 0 0 0 0 0 0 0 0 0 0 0 0 0 0 0 0 0 0 
0 3 0 0 13 176 0 0 3 0 0 0 0 0 0 0 41 0 0 22 0 0 329 0 486 1103 0 0 1069 0 1 5487 0 0 0 609 13 0 0 0 0 0 0 3 10 0 0 1 0 0 0 0 13 0 0 0 0 0 0 0 11 0 0 0 0 0 0 0 151 0 0 0 0 0 0 0 170 0 0 0 0 0 0 0 0 0 0 0 0 0 0 0 0 0 0 0 0 0 0 0 0 0 0 0 0 0 0 0 0 0 0 0 0 0 0 0 0 0 0 0 0 0 0 0 0 0 0 0 0 
0 5 0 0 22 495 0 0 7 0 4 0 0 0 0 0 59 0 0 41 0 0 1135 0 1135 1370 0 0 1604 0 2 25429 0 0 0 1739 32 0 0 0 0 0 0 18 127 0 0 3 0 0 0 0 23 0 0 0 0 0 0 0 9 0 0 9 0 0 335 0 405 0 7 0 0 0 336 0 403 0 9 0 0 0 0 0 0 1 0 0 0 0 0 0 0 0 0 65 0 0 0 7 0 0 0 5 0 1 0 0 0 0 0 0 0 0 0 5 0 0 0 0 0 0 0 0 0 0 0 0 0 
0 4 0 0 17 346 0 0 3 0 4 0 0 0 0 0 50 0 0 12 0 0 455 0 919 1333 0 0 1207 0 1 14798 0 0 0 1139 17 0 0 0 0 0 0 4 46 0 0 3 0 0 0 0 14 0 0 0 0 0 0 0 22 0 0 0 0 0 242 0 205 0 14 0 0 0 254 0 249 0 15 0 0 0 0 0 0 1 0 0 0 0 0 1 0 0 0 76 0 0 0 0 0 0 0 3 0 3 0 0 0 0 0 0 0 0 0 4 0 0 0 0 0 0 0 0 0 0 0 0 0 
0 4 0 0 20 392 0 0 5 0 1 0 0 0 0 0 44 0 0 42 0 0 790 0 959 1345 0 0 1308 0 2 20522 0 0 0 1593 34 0 0 0 0 0 0 8 81 0 0 2 0 0 0 0 24 0 0 0 0 0 0 0 12 0 0 2 0 0 54 0 363 0 2 0 0 0 129 0 333 0 4 0 0 0 0 0 0 0 0 0 0 0 0 0 0 0 0 17 0 0 0 0 0 0 0 1 0 0 0 0 0 0 0 0 0 0 0 0 0 0 0 0 0 0 0 0 0 0 0 0 0 
0 2 0 0 7 209 0 0 1 0 0 0 0 0 0 0 21 0 0 7 0 0 179 0 585 466 0 0 642 0 0 12318 0 0 0 711 7 0 0 0 0 0 0 0 15 0 0 0 0 0 0 0 14 0 0 0 0 0 0 0 5 0 0 0 0 0 0 0 224 0 0 0 0 0 0 0 132 0 0 0 0 0 0 0 0 0 0 0 0 0 0 0 0 0 0 0 0 0 0 0 0 0 0 0 0 0 0 0 0 0 0 0 0 0 0 0 0 0 0 0 0 0 0 0 0 0 0 0 0 
0 1 0 0 5 146 0 0 0 0 0 0 0 0 0 0 14 0 0 0 0 0 0 0 370 274 0 0 532 0 0 10376 0 0 0 607 6 0 0 0 0 0 0 0 0 0 0 0 0 0 0 0 14 0 0 0 0 0 0 0 5 0 0 0 0 0 0 0 212 0 0 0 0 0 0 0 111 0 0 0 0 0 0 0 0 0 0 0 0 0 0 0 0 0 0 0 0 0 0 0 0 0 0 0 0 0 0 0 0 0 0 0 0 0 0 0 0 0 0 0 0 0 0 0 0 0 0 0 0 
0 4 0 0 15 333 0 0 3 0 3 0 0 0 0 0 43 0 0 19 0 0 426 0 924 1031 0 0 1021 0 0 16203 0 0 0 1085 17 0 0 0 0 0 0 0 25 0 0 2 0 0 0 0 19 0 0 0 0 0 0 0 6 0 0 2 0 0 217 0 273 0 8 0 0 0 219 0 185 0 10 0 0 0 0 0 0 0 0 0 0 0 0 0 0 0 0 43 0 0 0 1 0 0 0 1 0 2 0 0 0 0 0 0 0 0 0 1 0 0 0 0 0 0 0 0 0 0 0 0 0 
0 3 0 0 10 328 0 0 1 0 2 0 0 0 0 0 34 0 0 5 0 0 156 0 999 581 0 0 886 0 0 18501 0 0 0 982 8 0 0 0 0 0 0 1 13 0 0 0 0 0 0 0 15 0 0 0 0 0 0 0 8 0 0 0 0 0 188 0 265 0 4 0 0 0 173 0 145 0 3 0 0 0 0 0 0 0 0 0 0 0 0 0 0 0 0 55 0 0 0 0 0 0 0 3 0 1 0 0 0 0 0 0 0 0 0 3 0 0 0 0 0 0 0 0 0 0 0 0 0 
86 3 189 213 9 228 3622 328 2 3 1 33 42 920 275 517 25 478 584 10 964 24333 254 22315 606 601 15259 14057 622 396 0 9894 99734 4883 7512 548 8 121 530 3 37 121 167 1 9 2606 100 1 15 251 135 170 9 6 7 4 8 40 42 54 2 77 122 1 236 3930 49 2442 192 97 2 51 108 1739 106 2747 110 101 3 44 87 0 3 3 1 0 35 4 0 3 1 0 27 3 379 14 148 5 21 0 10 24 33 0 52 0 27 22 7 0 2 2 1 4 12 0 23 7 0 0 0 0 0 0 0 0 2 3 2 
0 6 0 0 24 547 0 0 10 0 5 0 0 0 0 0 72 0 0 55 0 0 1542 0 1409 1310 0 0 1436 0 5 30040 0 0 0 1806 30 0 0 0 0 0 0 15 96 0 0 5 0 0 0 0 22 0 0 0 0 0 0 0 11 0 0 10 0 0 421 0 491 0 16 0 0 0 342 0 270 0 12 0 0 0 0 0 0 2 0 0 0 0 0 1 0 0 0 108 0 0 0 6 0 0 0 4 0 2 0 0 0 0 0 0 0 0 0 2 0 0 0 0 0 0 0 0 0 0 0 0 0 
0 3 0 0 16 217 0 0 3 0 0 0 0 0 0 0 44 0 0 18 0 0 395 0 551 1095 0 0 1011 0 1 11628 0 0 0 903 28 0 0 0 0 0 0 5 17 0 0 5 0 0 0 0 18 0 0 0 0 0 0 0 10 0 0 0 0 0 0 0 257 0 0 0 0 0 0 0 175 0 0 0 0 0 0 0 0 0 0 0 0 0 0 0 0 0 0 0 0 0 0 0 0 0 0 0 0 0 0 0 0 0 0 0 0 0 0 0 0 0 0 0 0 0 0 0 0 0 0 0 0 
0 4 0 0 16 392 0 0 3 0 4 0 0 0 0 0 39 0 0 13 0 0 458 0 1043 1049 0 0 1046 0 0 20317 0 0 0 1257 22 0 0 0 0 0 0 6 53 0 0 1 0 0 0 0 11 0 0 0 0 0 0 0 15 0 0 3 0 0 287 0 276 0 15 0 0 0 296 0 231 0 13 0 0 0 0 0 0 1 0 0 0 0 0 0 0 0 0 90 0 0 0 1 0 0 0 7 0 2 0 0 0 0 0 0 0 0 0 2 0 0 0 0 0 0 0 0 0 0 0 0 0 
0 3 0 0 13 270 0 0 2 0 1 0 0 0 0 0 39 0 0 16 0 0 267 0 786 820 0 0 777 0 0 14566 0 0 0 959 16 0 0 0 0 0 0 1 21 0 0 1 0 0 0 0 16 0 0 0 0 0 0 0 11 0 0 1 0 0 120 0 227 0 3 0 0 0 59 0 160 0 1 0 0 0 0 0 0 0 0 0 0 0 0 0 0 0 0 25 0 0 0 0 0 0 0 2 0 0 0 0 0 0 0 0 0 0 0 1 0 0 0 0 0 0 0 0 0 0 0 0 0 
0 1 0 0 5 146 0 0 0 0 0 0 0 0 0 0 14 0 0 0 0 0 0 0 370 274 0 0 532 0 0 10376 0 0 0 607 6 0 0 0 0 0 0 0 0 0 0 0 0 0 0 0 14 0 0 0 0 0 0 0 5 0 0 0 0 0 0 0 212 0 0 0 0 0 0 0 111 0 0 0 0 0 0 0 0 0 0 0 0 0 0 0 0 0 0 0 0 0 0 0 0 0 0 0 0 0 0 0 0 0 0 0 0 0 0 0 0 0 0 0 0 0 0 0 0 0 0 0 0 
0 1 0 0 5 146 0 0 0 0 0 0 0 0 0 0 14 0 0 0 0 0 0 0 370 274 0 0 532 0 0 10376 0 0 0 607 6 0 0 0 0 0 0 0 0 0 0 0 0 0 0 0 14 0 0 0 0 0 0 0 5 0 0 0 0 0 0 0 212 0 0 0 0 0 0 0 111 0 0 0 0 0 0 0 0 0 0 0 0 0 0 0 0 0 0 0 0 0 0 0 0 0 0 0 0 0 0 0 0 0 0 0 0 0 0 0 0 0 0 0 0 0 0 0 0 0 0 0 0 
0 2 0 0 11 218 0 0 1 0 0 0 0 0 0 0 29 0 0 10 0 0 187 0 553 602 0 0 779 0 0 12895 0 0 0 969 19 0 0 0 0 0 0 1 15 0 0 0 0 0 0 0 18 0 0 0 0 0 0 0 7 0 0 0 0 0 0 0 250 0 0 0 0 0 0 0 176 0 0 0 0 0 0 0 0 0 0 0 0 0 0 0 0 0 0 0 0 0 0 0 0 0 0 0 0 0 0 0 0 0 0 0 0 0 0 0 0 0 0 0 0 0 0 0 0 0 0 0 0 
0 4 0 0 17 382 0 0 4 0 2 0 0 0 0 0 49 0 0 33 0 0 581 0 995 1024 0 0 1318 0 1 23474 0 0 0 1234 21 0 0 0 0 0 0 3 33 0 0 1 0 0 0 0 18 0 0 0 0 0 0 0 12 0 0 2 0 0 132 0 436 0 4 0 0 0 252 0 195 0 2 0 0 0 0 0 0 0 0 0 0 0 0 1 0 0 0 54 0 0 0 2 0 0 0 5 0 0 0 0 0 0 0 0 0 0 0 0 0 0 0 0 0 0 0 0 0 0 0 0 0 
0 6 0 0 25 522 0 0 11 0 4 0 0 0 0 0 70 0 0 69 0 0 1566 0 1235 1567 0 0 1535 0 8 25847 0 0 0 1857 35 0 0 0 0 0 0 22 155 0 0 7 0 0 0 0 25 0 0 0 0 0 0 0 19 0 0 8 0 0 381 0 411 0 15 0 0 0 228 0 363 0 4 0 0 0 0 0 0 0 0 0 0 0 0 3 0 0 0 54 0 0 0 1 0 0 0 2 0 1 0 0 0 0 0 0 0 0 0 2 0 0 0 0 0 0 0 0 0 0 0 0 0 
155 4 470 541 10 165 11709 433 4 7 2 229 75 1009 1048 1195 16 882 1239 14 942 19003 236 55912 310 449 20247 55274 265 411 1 5875 578724 17418 36105 318 8 497 849 8 96 171 365 2 9 4649 101 2 104 326 443 741 2 10 14 11 9 622 372 211 1 484 167 2 195 4898 196 25724 70 141 2 556 198 15941 25 9271 56 428 2 107 114 4 3 4 5 1 19 62 1 1 3 0 89 8 966 8 4282 78 61 2 284 163 62 0 136 0 26 108 61 1 0 3 1 140 134 2 14 29 0 1 1 3 0 2 6 0 42 3 70 
0 1 0 0 5 146 0 0 0 0 0 0 0 0 0 0 14 0 0 0 0 0 0 0 370 274 0 0 532 0 0 10376 0 0 0 607 6 0 0 0 0 0 0 0 0 0 0 0 0 0 0 0 14 0 0 0 0 0 0 0 5 0 0 0 0 0 0 0 212 0 0 0 0 0 0 0 111 0 0 0 0 0 0 0 0 0 0 0 0 0 0 0 0 0 0 0 0 0 0 0 0 0 0 0 0 0 0 0 0 0 0 0 0 0 0 0 0 0 0 0 0 0 0 0 0 0 0 0 0 
0 1 0 0 5 146 0 0 0 0 0 0 0 0 0 0 14 0 0 0 0 0 0 0 370 274 0 0 532 0 0 10376 0 0 0 607 6 0 0 0 0 0 0 0 0 0 0 0 0 0 0 0 14 0 0 0 0 0 0 0 5 0 0 0 0 0 0 0 212 0 0 0 0 0 0 0 111 0 0 0 0 0 0 0 0 0 0 0 0 0 0 0 0 0 0 0 0 0 0 0 0 0 0 0 0 0 0 0 0 0 0 0 0 0 0 0 0 0 0 0 0 0 0 0 0 0 0 0 0 
0 2 0 0 7 153 0 0 1 0 0 0 0 0 0 0 30 0 0 5 0 0 152 0 391 433 0 0 531 0 0 10397 0 0 0 621 7 0 0 0 0 0 0 1 0 0 0 1 0 0 0 0 14 0 0 0 0 0 0 0 5 0 0 0 0 0 0 0 212 0 0 0 0 0 0 0 111 0 0 0 0 0 0 0 0 0 0 0 0 0 0 0 0 0 0 0 0 0 0 0 0 0 0 0 0 0 0 0 0 0 0 0 0 0 0 0 0 0 0 0 0 0 0 0 0 0 0 0 0 
0 4 0 0 19 379 0 0 5 0 1 0 0 0 0 0 40 0 0 33 0 0 750 0 883 1261 0 0 1247 0 2 19639 0 0 0 1545 28 0 0 0 0 0 0 9 106 0 0 3 0 0 0 0 22 0 0 0 0 0 0 0 14 0 0 2 0 0 43 0 369 0 4 0 0 0 78 0 309 0 5 0 0 0 0 0 0 0 0 0 0 0 0 0 0 0 0 23 0 0 0 1 0 0 0 2 0 0 0 0 0 0 0 0 0 0 0 0 0 0 0 0 0 0 0 0 0 0 0 0 0 
0 5 0 0 27 280 0 0 8 0 3 0 0 0 0 0 66 0 0 70 0 0 835 0 763 1998 0 0 885 0 5 8520 0 0 0 1276 50 0 0 0 0 0 0 4 38 0 0 8 0 0 0 0 13 0 0 0 0 0 0 0 19 0 0 6 0 0 171 0 147 0 10 0 0 0 128 0 260 0 9 0 0 0 0 0 0 1 0 0 0 0 0 0 0 0 0 5 0 0 0 3 0 0 0 2 0 1 0 0 0 0 0 0 0 0 0 3 0 0 0 0 0 0 0 0 0 0 0 0 0 
0 2 0 0 10 171 0 0 1 0 0 0 0 0 0 0 33 0 0 10 0 0 147 0 521 595 0 0 588 0 0 7293 0 0 0 703 16 0 0 0 0 0 0 0 12 0 0 0 0 0 0 0 8 0 0 0 0 0 0 0 7 0 0 0 0 0 0 0 115 0 0 0 0 0 0 0 117 0 0 0 0 0 0 0 0 0 0 0 0 0 0 0 0 0 0 0 0 0 0 0 0 0 0 0 0 0 0 0 0 0 0 0 0 0 0 0 0 0 0 0 0 0 0 0 0 0 0 0 0 
0 3 0 0 17 274 0 0 3 0 0 0 0 0 0 0 45 0 0 28 0 0 464 0 751 1094 0 0 903 0 1 12462 0 0 0 1267 32 0 0 0 0 0 0 6 40 0 0 0 0 0 0 0 14 0 0 0 0 0 0 0 12 0 0 0 0 0 0 0 200 0 0 0 0 0 0 0 268 0 0 0 0 0 0 0 0 0 0 0 0 0 0 0 0 0 0 0 0 0 0 0 0 0 0 0 0 0 0 0 0 0 0 0 0 0 0 0 0 0 0 0 0 0 0 0 0 0 0 0 0 
0 1 0 0 3 92 0 0 0 0 0 0 0 0 0 0 22 0 0 0 0 0 0 0 305 134 0 0 359 0 0 4122 0 0 0 230 3 0 0 0 0 0 0 0 0 0 0 0 0 0 0 0 1 0 0 0 0 0 0 0 0 0 0 0 0 0 0 0 64 0 0 0 0 0 0 0 43 0 0 0 0 0 0 0 0 0 0 0 0 0 0 0 0 0 0 0 0 0 0 0 0 0 0 0 0 0 0 0 0 0 0 0 0 0 0 0 0 0 0 0 0 0 0 0 0 0 0 0 0 
0 2 0 0 9 160 0 0 1 0 0 0 0 0 0 0 32 0 0 4 0 0 137 0 486 477 0 0 726 0 0 6316 0 0 0 581 13 0 0 0 0 0 0 4 10 0 0 1 0 0 0 0 7 0 0 0 0 0 0 0 5 0 0 0 0 0 0 0 149 0 0 0 0 0 0 0 93 0 0 0 0 0 0 0 0 0 0 0 0 0 0 0 0 0 0 0 0 0 0 0 0 0 0 0 0 0 0 0 0 0 0 0 0 0 0 0 0 0 0 0 0 0 0 0 0 0 0 0 0 
0 2 0 0 10 163 0 0 0 0 2 0 0 0 0 0 29 0 0 0 0 0 0 0 460 719 0 0 510 0 0 6571 0 0 0 622 17 0 0 0 0 0 0 0 0 0 0 0 0 0 0 0 8 0 0 0 0 0 0 0 12 0 0 0 0 0 119 0 80 0 10 0 0 0 119 0 128 0 10 0 0 0 0 0 0 0 0 0 0 0 0 0 0 0 0 44 0 0 0 0 0 0 0 0 0 0 0 0 0 0 0 0 0 0 0 0 0 0 0 0 0 0 0 0 0 0 0 0 0 
0 2 0 0 6 177 0 0 1 0 0 0 0 0 0 0 29 0 0 4 0 0 158 0 613 362 0 0 546 0 0 7659 0 0 0 440 5 0 0 0 0 0 0 2 9 0 0 0 0 0 0 0 4 0 0 0 0 0 0 0 1 0 0 0 0 0 0 0 97 0 0 0 0 0 0 0 85 0 0 0 0 0 0 0 0 0 0 0 0 0 0 0 0 0 0 0 0 0 0 0 0 0 0 0 0 0 0 0 0 0 0 0 0 0 0 0 0 0 0 0 0 0 0 0 0 0 0 0 0 
0 2 0 0 10 146 0 0 1 0 0 0 0 0 0 0 51 0 0 10 0 0 142 0 486 442 0 0 451 0 0 5537 0 0 0 542 20 0 0 0 0 0 0 0 2 0 0 0 0 0 0 0 2 0 0 0 0 0 0 0 4 0 0 0 0 0 0 0 80 0 0 0 0 0 0 0 107 0 0 0 0 0 0 0 0 0 0 0 0 0 0 0 0 0 0 0 0 0 0 0 0 0 0 0 0 0 0 0 0 0 0 0 0 0 0 0 0 0 0 0 0 0 0 0 0 0 0 0 0 
0 3 0 0 13 348 0 0 2 0 1 0 0 0 0 0 41 0 0 11 0 0 367 0 948 698 0 0 1093 0 0 20747 0 0 0 1276 19 0 0 0 0 0 0 5 36 0 0 0 0 0 0 0 14 0 0 0 0 0 0 0 5 0 0 1 0 0 100 0 324 0 4 0 0 0 52 0 217 0 4 0 0 0 0 0 0 0 0 0 0 0 0 0 0 0 0 51 0 0 0 2 0 0 0 0 0 0 0 0 0 0 0 0 0 0 0 0 0 0 0 0 0 0 0 0 0 0 0 0 0 
0 1 0 0 3 92 0 0 0 0 0 0 0 0 0 0 22 0 0 0 0 0 0 0 305 134 0 0 359 0 0 4122 0 0 0 230 3 0 0 0 0 0 0 0 0 0 0 0 0 0 0 0 1 0 0 0 0 0 0 0 0 0 0 0 0 0 0 0 64 0 0 0 0 0 0 0 43 0 0 0 0 0 0 0 0 0 0 0 0 0 0 0 0 0 0 0 0 0 0 0 0 0 0 0 0 0 0 0 0 0 0 0 0 0 0 0 0 0 0 0 0 0 0 0 0 0 0 0 0 
0 1 0 0 3 92 0 0 0 0 0 0 0 0 0 0 22 0 0 0 0 0 0 0 305 134 0 0 359 0 0 4122 0 0 0 230 3 0 0 0 0 0 0 0 0 0 0 0 0 0 0 0 1 0 0 0 0 0 0 0 0 0 0 0 0 0 0 0 64 0 0 0 0 0 0 0 43 0 0 0 0 0 0 0 0 0 0 0 0 0 0 0 0 0 0 0 0 0 0 0 0 0 0 0 0 0 0 0 0 0 0 0 0 0 0 0 0 0 0 0 0 0 0 0 0 0 0 0 0 
0 4 0 0 18 213 0 0 5 0 1 0 0 0 0 0 61 0 0 35 0 0 444 0 648 1181 0 0 1207 0 2 6427 0 0 0 724 25 0 0 0 0 0 0 7 26 0 0 2 0 0 0 0 10 0 0 0 0 0 0 0 9 0 0 2 0 0 83 0 145 0 3 0 0 0 40 0 149 0 4 0 0 0 0 0 0 0 0 0 0 0 0 0 0 0 0 6 0 0 0 2 0 0 0 0 0 0 0 0 0 0 0 0 0 0 0 0 0 0 0 0 0 0 0 0 0 0 0 0 0 
0 3 0 0 15 61 0 0 3 0 0 0 0 0 0 0 61 0 0 26 0 0 118 0 213 1003 0 0 254 0 1 733 0 0 0 304 25 0 0 0 0 0 0 0 2 0 0 2 0 0 0 0 1 0 0 0 0 0 0 0 14 0 0 0 0 0 0 0 15 0 0 0 0 0 0 0 45 0 0 0 0 0 0 0 0 0 0 0 0 0 0 0 0 0 0 0 0 0 0 0 0 0 0 0 0 0 0 0 0 0 0 0 0 0 0 0 0 0 0 0 0 0 0 0 0 0 0 0 0 
0 5 0 0 30 373 0 0 7 0 3 0 0 0 0 0 76 0 0 65 0 0 803 0 908 1727 0 0 1088 0 3 17752 0 0 0 1730 59 0 0 0 0 0 0 7 69 0 0 7 0 0 0 0 17 0 0 0 0 0 0 0 19 0 0 5 0 0 331 0 349 0 10 0 0 0 137 0 314 0 12 0 0 0 0 0 0 1 0 0 0 0 0 1 0 0 0 34 0 0 0 6 0 0 0 2 0 0 0 0 0 0 0 0 0 0 0 2 0 0 0 0 0 0 0 0 0 0 0 0 0 
0 2 0 0 7 118 0 0 1 0 0 0 0 0 0 0 22 0 0 4 0 0 109 0 395 648 0 0 461 0 0 3522 0 0 0 342 8 0 0 0 0 0 0 1 4 0 0 1 0 0 0 0 3 0 0 0 0 0 0 0 1 0 0 0 0 0 0 0 70 0 0 0 0 0 0 0 56 0 0 0 0 0 0 0 0 0 0 0 0 0 0 0 0 0 0 0 0 0 0 0 0 0 0 0 0 0 0 0 0 0 0 0 0 0 0 0 0 0 0 0 0 0 0 0 0 0 0 0 0 
0 5 0 0 20 458 0 0 8 0 2 0 0 0 0 0 40 0 0 51 0 0 1165 0 1172 1356 0 0 1479 0 5 23230 0 0 0 1610 26 0 0 0 0 0 0 7 118 0 0 2 0 0 0 0 17 0 0 0 0 0 0 0 9 0 0 4 0 0 143 0 378 0 8 0 0 0 130 0 245 0 7 0 0 0 0 0 0 0 0 0 0 0 0 1 0 0 0 74 0 0 0 3 0 0 0 2 0 0 0 0 0 0 0 0 0 0 0 0 0 0 0 0 0 0 0 0 0 0 0 0 0 
0 5 0 0 20 305 0 0 6 0 4 0 0 0 0 0 70 0 0 46 0 0 621 0 926 1364 0 0 1116 0 1 10147 0 0 0 950 25 0 0 0 0 0 0 1 49 0 0 1 0 0 0 0 10 0 0 0 0 0 0 0 10 0 0 6 0 0 230 0 167 0 11 0 0 0 228 0 178 0 11 0 0 0 0 0 0 0 0 0 0 0 0 1 0 0 0 19 0 0 0 2 0 0 0 2 0 2 0 0 0 0 0 0 0 0 0 4 0 0 0 0 0 0 0 0 0 0 0 0 0 
0 4 0 0 11 327 0 0 3 0 4 0 0 0 0 0 24 0 0 7 0 0 451 0 970 1073 0 0 909 0 0 17553 0 0 0 707 7 0 0 0 0 0 0 5 48 0 0 2 0 0 0 0 10 0 0 0 0 0 0 0 4 0 0 3 0 0 232 0 291 0 5 0 0 0 301 0 134 0 8 0 0 0 0 0 0 1 0 0 0 0 0 0 0 0 0 23 0 0 0 1 0 0 0 3 0 2 0 0 0 0 0 0 0 0 0 2 0 0 0 0 0 0 0 0 0 0 0 0 0 
0 2 0 0 7 103 0 0 0 0 1 0 0 0 0 0 18 0 0 0 0 0 0 0 372 574 0 0 569 0 0 2926 0 0 0 294 7 0 0 0 0 0 0 0 0 0 0 0 0 0 0 0 3 0 0 0 0 0 0 0 2 0 0 0 0 0 67 0 56 0 3 0 0 0 29 0 44 0 3 0 0 0 0 0 0 0 0 0 0 0 0 0 0 0 0 3 0 0 0 1 0 0 0 0 0 0 0 0 0 0 0 0 0 0 0 0 0 0 0 0 0 0 0 0 0 0 0 0 0 
0 1 0 0 3 72 0 0 0 0 0 0 0 0 0 0 6 0 0 0 0 0 0 0 260 302 0 0 344 0 0 2511 0 0 0 190 3 0 0 0 0 0 0 0 0 0 0 0 0 0 0 0 2 0 0 0 0 0 0 0 0 0 0 0 0 0 0 0 46 0 0 0 0 0 0 0 24 0 0 0 0 0 0 0 0 0 0 0 0 0 0 0 0 0 0 0 0 0 0 0 0 0 0 0 0 0 0 0 0 0 0 0 0 0 0 0 0 0 0 0 0 0 0 0 0 0 0 0 0 
0 3 0 0 14 298 0 0 2 0 1 0 0 0 0 0 38 0 0 9 0 0 364 0 832 857 0 0 952 0 0 17246 0 0 0 1098 15 0 0 0 0 0 0 7 41 0 0 1 0 0 0 0 15 0 0 0 0 0 0 0 14 0 0 1 0 0 89 0 326 0 4 0 0 0 37 0 175 0 6 0 0 0 0 0 0 0 0 0 0 0 0 0 0 0 0 9 0 0 0 0 0 0 0 0 0 0 0 0 0 0 0 0 0 0 0 0 0 0 0 0 0 0 0 0 0 0 0 0 0 
0 2 0 0 9 166 0 0 1 0 0 0 0 0 0 0 23 0 0 7 0 0 136 0 505 689 0 0 429 0 0 7111 0 0 0 668 17 0 0 0 0 0 0 2 15 0 0 1 0 0 0 0 6 0 0 0 0 0 0 0 5 0 0 0 0 0 0 0 97 0 0 0 0 0 0 0 172 0 0 0 0 0 0 0 0 0 0 0 0 0 0 0 0 0 0 0 0 0 0 0 0 0 0 0 0 0 0 0 0 0 0 0 0 0 0 0 0 0 0 0 0 0 0 0 0 0 0 0 0 
0 2 0 0 8 131 0 0 1 0 0 0 0 0 0 0 21 0 0 8 0 0 111 0 428 537 0 0 481 0 0 4136 0 0 0 455 11 0 0 0 0 0 0 0 10 0 0 0 0 0 0 0 6 0 0 0 0 0 0 0 5 0 0 0 0 0 0 0 97 0 0 0 0 0 0 0 71 0 0 0 0 0 0 0 0 0 0 0 0 0 0 0 0 0 0 0 0 0 0 0 0 0 0 0 0 0 0 0 0 0 0 0 0 0 0 0 0 0 0 0 0 0 0 0 0 0 0 0 0 
0 2 0 0 4 73 0 0 1 0 0 0 0 0 0 0 14 0 0 4 0 0 69 0 285 315 0 0 110 0 0 1987 0 0 0 120 2 0 0 0 0 0 0 0 2 0 0 0 0 0 0 0 0 0 0 0 0 0 0 0 0 0 0 0 0 0 0 0 12 0 0 0 0 0 0 0 25 0 0 0 0 0 0 0 0 0 0 0 0 0 0 0 0 0 0 0 0 0 0 0 0 0 0 0 0 0 0 0 0 0 0 0 0 0 0 0 0 0 0 0 0 0 0 0 0 0 0 0 0 
0 1 0 0 2 63 0 0 0 0 0 0 0 0 0 0 7 0 0 0 0 0 0 0 247 192 0 0 110 0 0 1942 0 0 0 104 1 0 0 0 0 0 0 0 0 0 0 0 0 0 0 0 0 0 0 0 0 0 0 0 0 0 0 0 0 0 0 0 12 0 0 0 0 0 0 0 21 0 0 0 0 0 0 0 0 0 0 0 0 0 0 0 0 0 0 0 0 0 0 0 0 0 0 0 0 0 0 0 0 0 0 0 0 0 0 0 0 0 0 0 0 0 0 0 0 0 0 0 0 
0 3 0 0 17 255 0 0 2 0 1 0 0 0 0 0 55 0 0 17 0 0 292 0 738 982 0 0 701 0 0 11269 0 0 0 1167 31 0 0 0 0 0 0 5 31 0 0 1 0 0 0 0 11 0 0 0 0 0 0 0 13 0 0 1 0 0 90 0 169 0 4 0 0 0 47 0 259 0 5 0 0 0 0 0 0 0 0 0 0 0 0 0 0 0 0 7 0 0 0 1 0 0 0 0 0 0 0 0 0 0 0 0 0 0 0 0 0 0 0 0 0 0 0 0 0 0 0 0 0 
0 2 0 0 11 208 0 0 1 0 0 0 0 0 0 0 37 0 0 9 0 0 158 0 570 473 0 0 560 0 0 12970 0 0 0 849 21 0 0 0 0 0 0 2 24 0 0 0 0 0 0 0 8 0 0 0 0 0 0 0 6 0 0 0 0 0 0 0 245 0 0 0 0 0 0 0 139 0 0 0 0 0 0 0 0 0 0 0 0 0 0 0 0 0 0 0 0 0 0 0 0 0 0 0 0 0 0 0 0 0 0 0 0 0 0 0 0 0 0 0 0 0 0 0 0 0 0 0 0 
0 4 0 0 13 300 0 0 3 0 3 0 0 0 0 0 33 0 0 13 0 0 350 0 867 1159 0 0 1023 0 0 16052 0 0 0 658 10 0 0 0 0 0 0 3 37 0 0 3 0 0 0 0 10 0 0 0 0 0 0 0 6 0 0 2 0 0 123 0 292 0 5 0 0 0 301 0 142 0 6 0 0 0 0 0 0 0 0 0 0 0 0 1 0 0 0 23 0 0 0 0 0 0 0 4 0 1 0 0 0 0 0 0 0 0 0 2 0 0 0 0 0 0 0 0 0 0 0 0 0 
0 3 0 0 15 311 0 0 2 0 1 0 0 0 0 0 32 0 0 13 0 0 299 0 825 962 0 0 871 0 0 17526 0 0 0 1211 27 0 0 0 0 0 0 3 47 0 0 1 0 0 0 0 15 0 0 0 0 0 0 0 10 0 0 1 0 0 133 0 303 0 1 0 0 0 55 0 228 0 3 0 0 0 0 0 0 0 0 0 0 0 0 0 0 0 0 17 0 0 0 3 0 0 0 1 0 0 0 0 0 0 0 0 0 0 0 2 0 0 0 0 0 0 0 0 0 0 0 0 0 
0 2 0 0 10 148 0 0 0 0 1 0 0 0 0 0 29 0 0 0 0 0 0 0 432 752 0 0 400 0 0 6086 0 0 0 672 18 0 0 0 0 0 0 0 0 0 0 0 0 0 0 0 5 0 0 0 0 0 0 0 6 0 0 0 0 0 95 0 101 0 6 0 0 0 39 0 175 0 3 0 0 0 0 0 0 0 0 0 0 0 0 0 0 0 0 7 0 0 0 0 0 0 0 1 0 0 0 0 0 0 0 0 0 0 0 0 0 0 0 0 0 0 0 0 0 0 0 0 0 
0 2 0 0 12 170 0 0 0 0 1 0 0 0 0 0 28 0 0 0 0 0 0 0 488 801 0 0 614 0 0 7321 0 0 0 834 21 0 0 0 0 0 0 0 0 0 0 0 0 0 0 0 8 0 0 0 0 0 0 0 9 0 0 0 0 0 43 0 145 0 4 0 0 0 78 0 177 0 5 0 0 0 0 0 0 0 0 0 0 0 0 0 0 0 0 23 0 0 0 1 0 0 0 2 0 0 0 0 0 0 0 0 0 0 0 0 0 0 0 0 0 0 0 0 0 0 0 0 0 
0 3 0 0 11 221 0 0 0 0 3 0 0 0 0 0 34 0 0 0 0 0 0 0 646 660 0 0 768 0 0 12583 0 0 0 612 8 0 0 0 0 0 0 0 0 0 0 0 0 0 0 0 7 0 0 0 0 0 0 0 8 0 0 0 0 0 197 0 251 0 10 0 0 0 197 0 96 0 11 0 0 0 0 0 0 0 0 0 0 0 0 0 0 0 0 24 0 0 0 0 0 0 0 1 0 0 0 0 0 0 0 0 0 0 0 0 0 0 1 0 0 0 0 0 0 0 0 0 0 
0 1 0 0 6 26 0 0 0 0 0 0 0 0 0 0 22 0 0 0 0 0 0 0 89 413 0 0 40 0 0 321 0 0 0 138 10 0 0 0 0 0 0 0 0 0 0 0 0 0 0 0 1 0 0 0 0 0 0 0 5 0 0 0 0 0 0 0 4 0 0 0 0 0 0 0 17 0 0 0 0 0 0 0 0 0 0 0 0 0 0 0 0 0 0 0 0 0 0 0 0 0 0 0 0 0 0 0 0 0 0 0 0 0 0 0 0 0 0 0 0 0 0 0 0 0 0 0 0 
0 1 0 0 5 53 0 0 0 0 0 0 0 0 0 0 18 0 0 0 0 0 0 0 168 383 0 0 243 0 0 1327 0 0 0 212 8 0 0 0 0 0 0 0 0 0 0 0 0 0 0 0 3 0 0 0 0 0 0 0 2 0 0 0 0 0 0 0 52 0 0 0 0 0 0 0 51 0 0 0 0 0 0 0 0 0 0 0 0 0 0 0 0 0 0 0 0 0 0 0 0 0 0 0 0 0 0 0 0 0 0 0 0 0 0 0 0 0 0 0 0 0 0 0 0 0 0 0 0 
0 1 0 0 4 154 0 0 0 0 0 0 0 0 0 0 10 0 0 0 0 0 0 0 433 165 0 0 470 0 0 11555 0 0 0 537 4 0 0 0 0 0 0 0 0 0 0 0 0 0 0 0 7 0 0 0 0 0 0 0 2 0 0 0 0 0 0 0 229 0 0 0 0 0 0 0 75 0 0 0 0 0 0 0 0 0 0 0 0 0 0 0 0 0 0 0 0 0 0 0 0 0 0 0 0 0 0 0 0 0 0 0 0 0 0 0 0 0 0 0 0 0 0 0 0 0 0 0 0 
0 2 0 0 9 59 0 0 1 0 0 0 0 0 0 0 31 0 0 9 0 0 51 0 200 595 0 0 315 0 0 825 0 0 0 223 10 0 0 0 0 0 0 0 4 0 0 0 0 0 0 0 1 0 0 0 0 0 0 0 6 0 0 0 0 0 0 0 22 0 0 0 0 0 0 0 43 0 0 0 0 0 0 0 0 0 0 0 0 0 0 0 0 0 0 0 0 0 0 0 0 0 0 0 0 0 0 0 0 0 0 0 0 0 0 0 0 0 0 0 0 0 0 0 0 0 0 0 0 
0 1 0 0 6 40 0 0 0 0 0 0 0 0 0 0 20 0 0 0 0 0 0 0 135 440 0 0 116 0 0 772 0 0 0 203 9 0 0 0 0 0 0 0 0 0 0 0 0 0 0 0 3 0 0 0 0 0 0 0 6 0 0 0 0 0 0 0 8 0 0 0 0 0 0 0 34 0 0 0 0 0 0 0 0 0 0 0 0 0 0 0 0 0 0 0 0 0 0 0 0 0 0 0 0 0 0 0 0 0 0 0 0 0 0 0 0 0 0 0 0 0 0 0 0 0 0 0 0 
0 1 0 0 4 44 0 0 0 0 0 0 0 0 0 0 12 0 0 0 0 0 0 0 135 279 0 0 455 0 0 901 0 0 0 141 5 0 0 0 0 0 0 0 0 0 0 0 0 0 0 0 4 0 0 0 0 0 0 0 1 0 0 0 0 0 0 0 45 0 0 0 0 0 0 0 31 0 0 0 0 0 0 0 0 0 0 0 0 0 0 0 0 0 0 0 0 0 0 0 0 0 0 0 0 0 0 0 0 0 0 0 0 0 0 0 0 0 0 0 0 0 0 0 0 0 0 0 0 
0 1 0 0 2 7 0 0 0 0 0 0 0 0 0 0 17 0 0 0 0 0 0 0 23 161 0 0 0 0 0 21 0 0 0 14 1 0 0 0 0 0 0 0 0 0 0 0 0 0 0 0 0 0 0 0 0 0 0 0 0 0 0 0 0 0 0 0 0 0 0 0 0 0 0 0 0 0 0 0 0 0 0 0 0 0 0 0 0 0 0 0 0 0 0 0 0 0 0 0 0 0 0 0 0 0 0 0 0 0 0 0 0 0 0 0 0 0 0 0 0 0 0 0 0 0 0 0 0 
0 1 0 0 4 27 0 0 0 0 0 0 0 0 0 0 16 0 0 0 0 0 0 0 95 256 0 0 61 0 0 344 0 0 0 88 3 0 0 0 0 0 0 0 0 0 0 0 0 0 0 0 0 0 0 0 0 0 0 0 3 0 0 0 0 0 0 0 7 0 0 0 0 0 0 0 19 0 0 0 0 0 0 0 0 0 0 0 0 0 0 0 0 0 0 0 0 0 0 0 0 0 0 0 0 0 0 0 0 0 0 0 0 0 0 0 0 0 0 0 0 0 0 0 0 0 0 0 0 
0 1 0 0 4 27 0 0 0 0 0 0 0 0 0 0 16 0 0 0 0 0 0 0 95 256 0 0 61 0 0 344 0 0 0 88 3 0 0 0 0 0 0 0 0 0 0 0 0 0 0 0 0 0 0 0 0 0 0 0 3 0 0 0 0 0 0 0 7 0 0 0 0 0 0 0 19 0 0 0 0 0 0 0 0 0 0 0 0 0 0 0 0 0 0 0 0 0 0 0 0 0 0 0 0 0 0 0 0 0 0 0 0 0 0 0 0 0 0 0 0 0 0 0 0 0 0 0 0 
