136 8 846 891 52 1222 9080 838 23 4 7 100 192 5529 4531 5239 296 4084 4574 253 4997 93168 5825 99718 5960 4690 131906 99267 6258 1940 32 101525 397546 55036 49060 7013 125 2139 3771 31 670 530 598 33 485 5926 691 12 208 614 457 385 40 19 12 18 25 435 708 588 34 467 832 26 659 31846 1033 11593 1169 1106 33 492 900 13267 1031 20422 799 416 33 864 494 2 5 3 2 2 162 18 0 3 0 2 64 97 2574 222 824 166 108 8 54 48 88 6 88 3 139 90 98 2 3 3 2 70 90 5 136 15 1 1 0 0 2 2 1 3 30 53 5 
0 9 0 0 65 1463 0 0 30 0 7 0 0 0 0 0 354 0 0 359 0 0 8483 0 7586 7361 0 0 8089 0 47 133064 0 0 0 8769 169 0 0 0 0 0 0 47 596 0 0 21 0 0 0 0 66 0 0 0 0 0 0 0 50 0 0 37 0 0 1059 0 1569 0 38 0 0 0 915 0 1233 0 35 0 0 0 0 0 0 1 0 0 0 0 0 1 0 0 0 164 0 0 0 9 0 0 0 3 0 5 0 0 0 0 0 0 0 0 0 7 0 0 0 0 0 0 0 0 0 0 0 0 0 
0 9 0 0 57 1123 0 0 28 0 8 0 0 0 0 0 347 0 0 296 0 0 6106 0 6113 6783 0 0 6667 0 37 81288 0 0 0 6882 142 0 0 0 0 0 0 41 465 0 0 13 0 0 0 0 30 0 0 0 0 0 0 0 33 0 0 38 0 0 881 0 920 0 44 0 0 0 783 0 982 0 33 0 0 0 0 0 0 4 0 0 0 0 0 2 0 0 0 122 0 0 0 4 0 0 0 5 0 3 0 0 0 0 0 0 0 0 0 9 0 0 0 0 0 0 0 0 0 0 0 0 0 
0 12 0 0 95 1392 0 0 55 0 12 0 0 0 0 0 545 0 0 743 0 0 10771 0 7378 9637 0 0 7341 0 138 102997 0 0 0 9727 331 0 0 0 0 0 0 61 509 0 0 40 0 0 0 0 50 0 0 0 0 0 0 0 88 0 0 61 0 0 2451 0 1262 0 80 0 0 0 973 0 1299 0 67 0 0 0 0 0 0 20 0 0 0 0 0 1 0 0 0 219 0 0 0 12 0 0 0 14 0 6 0 0 0 0 0 0 0 0 0 7 0 0 1 0 0 0 0 0 0 3 0 0 0 
0 6 0 0 44 678 0 0 11 0 4 0 0 0 0 0 277 0 0 140 0 0 2080 0 3972 5716 0 0 4409 0 8 43410 0 0 0 4087 116 0 0 0 0 0 0 13 86 0 0 8 0 0 0 0 22 0 0 0 0 0 0 0 35 0 0 9 0 0 566 0 535 0 24 0 0 0 443 0 620 0 22 0 0 0 0 0 0 2 0 0 0 0 0 0 0 0 0 58 0 0 0 3 0 0 0 4 0 0 0 0 0 0 0 0 0 0 0 4 0 0 0 0 0 0 0 0 0 1 0 0 0 
0 10 0 0 78 1431 0 0 39 0 7 0 0 0 0 0 412 0 0 490 0 0 9458 0 7240 8946 0 0 9075 0 76 120926 0 0 0 10108 237 0 0 0 0 0 0 74 680 0 0 29 0 0 0 0 70 0 0 0 0 0 0 0 64 0 0 49 0 0 1110 0 1551 0 45 0 0 0 721 0 1265 0 39 0 0 0 0 0 0 0 0 0 0 0 0 0 0 0 0 203 0 0 0 9 0 0 0 4 0 2 0 0 0 0 0 0 0 0 0 8 0 0 0 0 0 0 0 0 0 1 0 0 0 
0 10 0 0 62 1343 0 0 34 0 13 0 0 0 0 0 369 0 0 347 0 0 7654 0 7176 7524 0 0 6954 0 53 98281 0 0 0 6833 143 0 0 0 0 0 0 43 539 0 0 22 0 0 0 0 33 0 0 0 0 0 0 0 47 0 0 53 0 0 1834 0 988 0 67 0 0 0 1663 0 934 0 72 0 0 0 0 0 0 10 0 0 0 0 0 6 0 0 0 262 0 0 0 3 0 0 0 3 0 13 0 0 0 0 0 0 0 0 0 3 0 0 0 0 0 0 0 0 0 2 0 0 0 
0 12 0 0 72 1815 0 0 48 0 19 0 0 0 0 0 389 0 0 471 0 0 12501 0 8659 7577 0 0 11103 0 81 169531 0 0 0 10023 178 0 0 0 0 0 0 70 949 0 0 20 0 0 0 0 60 0 0 0 0 0 0 0 52 0 0 106 0 0 2816 0 2351 0 100 0 0 0 2100 0 1094 0 71 0 0 0 0 0 0 10 0 0 0 0 0 15 0 0 0 460 0 0 0 25 0 0 0 9 0 16 0 0 0 0 0 0 0 0 0 13 0 0 1 0 0 0 0 0 0 1 0 0 0 
0 9 0 0 66 1261 0 0 31 0 5 0 0 0 0 0 381 0 0 374 0 0 7495 0 6525 7390 0 0 7307 0 53 107794 0 0 0 7902 185 0 0 0 0 0 0 43 506 0 0 24 0 0 0 0 50 0 0 0 0 0 0 0 50 0 0 27 0 0 890 0 1428 0 29 0 0 0 449 0 1052 0 30 0 0 0 0 0 0 1 0 0 0 0 0 1 0 0 0 99 0 0 0 7 0 0 0 3 0 2 0 0 0 0 0 0 0 0 0 2 0 0 0 0 0 0 0 0 0 0 0 0 0 
0 4 0 0 38 378 0 0 6 0 0 0 0 0 0 0 238 0 0 96 0 0 1074 0 2284 4135 0 0 2042 0 4 19771 0 0 0 2991 121 0 0 0 0 0 0 8 26 0 0 6 0 0 0 0 21 0 0 0 0 0 0 0 48 0 0 0 0 0 0 0 316 0 0 0 0 0 0 0 522 0 0 0 0 0 0 0 0 0 0 0 0 0 0 0 0 0 0 0 0 0 0 0 0 0 0 0 0 0 0 0 0 0 0 0 0 0 0 0 0 0 0 0 0 0 0 0 0 0 0 0 0 
0 5 0 0 34 758 0 0 5 0 5 0 0 0 0 0 220 0 0 53 0 0 1330 0 4200 4204 0 0 4865 0 1 61047 0 0 0 4605 82 0 0 0 0 0 0 5 93 0 0 6 0 0 0 0 27 0 0 0 0 0 0 0 27 0 0 4 0 0 733 0 663 0 32 0 0 0 543 0 739 0 26 0 0 0 0 0 0 2 0 0 0 0 0 1 0 0 0 116 0 0 0 1 0 0 0 4 0 1 0 0 0 0 0 0 0 0 0 3 0 0 0 0 0 0 0 0 0 1 0 0 0 
0 6 0 0 45 979 0 0 14 0 1 0 0 0 0 0 275 0 0 170 0 0 3971 0 5187 5321 0 0 5916 0 16 95068 0 0 0 6052 127 0 0 0 0 0 0 20 338 0 0 9 0 0 0 0 36 0 0 0 0 0 0 0 33 0 0 4 0 0 45 0 1326 0 8 0 0 0 171 0 761 0 8 0 0 0 0 0 0 0 0 0 0 0 0 0 0 0 0 7 0 0 0 0 0 0 0 1 0 0 0 0 0 0 0 0 0 0 0 1 0 0 0 0 0 0 0 0 0 0 0 0 0 
0 6 0 0 45 776 0 0 13 0 3 0 0 0 0 0 267 0 0 165 0 0 2842 0 4385 5667 0 0 4954 0 12 57638 0 0 0 5135 124 0 0 0 0 0 0 17 211 0 0 10 0 0 0 0 34 0 0 0 0 0 0 0 38 0 0 12 0 0 330 0 697 0 13 0 0 0 458 0 803 0 17 0 0 0 0 0 0 0 0 0 0 0 0 0 0 0 0 63 0 0 0 5 0 0 0 3 0 0 0 0 0 0 0 0 0 0 0 2 0 0 0 0 0 0 0 0 0 0 0 0 0 
0 8 0 0 56 1047 0 0 21 0 7 0 0 0 0 0 366 0 0 233 0 0 4782 0 5802 6247 0 0 7378 0 21 69367 0 0 0 6361 151 0 0 0 0 0 0 34 313 0 0 13 0 0 0 0 47 0 0 0 0 0 0 0 29 0 0 29 0 0 891 0 982 0 45 0 0 0 760 0 877 0 37 0 0 0 0 0 0 3 0 0 0 0 0 2 0 0 0 117 0 0 0 6 0 0 0 8 0 0 0 0 0 0 0 0 0 0 0 6 0 0 0 0 0 0 0 0 0 1 0 0 0 
0 9 0 0 59 1528 0 0 22 0 18 0 0 0 0 0 343 0 0 247 0 0 6020 0 8005 6039 0 0 8638 0 20 139647 0 0 0 8548 146 0 0 0 0 0 0 27 491 0 0 13 0 0 0 0 43 0 0 0 0 0 0 0 33 0 0 47 0 0 3099 0 1599 0 86 0 0 0 2655 0 1122 0 89 0 0 0 0 0 0 13 0 0 0 0 0 5 0 0 0 486 0 0 0 17 0 0 0 15 0 17 0 0 0 0 0 0 0 0 0 10 0 0 3 0 0 0 0 0 0 13 0 0 0 
0 9 0 0 46 1403 0 0 21 0 19 0 0 0 0 0 273 0 0 194 0 0 5212 0 7546 4623 0 0 7585 0 15 138468 0 0 0 6554 79 0 0 0 0 0 0 19 373 0 0 7 0 0 0 0 44 0 0 0 0 0 0 0 33 0 0 48 0 0 3325 0 1591 0 85 0 0 0 2464 0 791 0 73 0 0 0 0 0 0 13 0 0 0 0 0 7 0 0 0 497 0 0 0 18 0 0 0 9 0 22 0 0 0 0 0 0 0 0 0 5 0 0 2 0 0 0 0 0 0 7 0 0 0 
0 7 0 0 48 819 0 0 18 0 4 0 0 0 0 0 304 0 0 213 0 0 3677 0 4712 5836 0 0 4886 0 22 53617 0 0 0 4976 128 0 0 0 0 0 0 17 253 0 0 12 0 0 0 0 31 0 0 0 0 0 0 0 31 0 0 15 0 0 410 0 681 0 26 0 0 0 409 0 701 0 21 0 0 0 0 0 0 1 0 0 0 0 0 0 0 0 0 47 0 0 0 3 0 0 0 1 0 2 0 0 0 0 0 0 0 0 0 2 0 0 0 0 0 0 0 0 0 0 0 0 0 
0 10 0 0 67 1511 0 0 33 0 14 0 0 0 0 0 377 0 0 368 0 0 8455 0 7830 6975 0 0 9188 0 48 128699 0 0 0 9353 169 0 0 0 0 0 0 52 624 0 0 22 0 0 0 0 55 0 0 0 0 0 0 0 46 0 0 60 0 0 2162 0 1475 0 78 0 0 0 1570 0 1128 0 67 0 0 0 0 0 0 6 0 0 0 0 0 8 0 0 0 383 0 0 0 7 0 0 0 7 0 12 0 0 0 0 0 0 0 0 0 10 0 0 1 0 0 0 0 0 0 2 0 0 0 
0 13 0 0 71 1914 0 0 52 0 32 0 0 0 0 0 406 0 0 482 0 0 13180 0 9386 7146 0 0 11343 0 78 153910 0 0 0 9635 149 0 0 0 0 0 0 60 952 0 0 18 0 0 0 0 48 0 0 0 0 0 0 0 27 0 0 176 0 0 4337 0 1987 0 128 0 0 0 3964 0 1109 0 129 0 0 0 0 0 0 22 0 0 0 0 0 22 0 0 0 614 0 0 0 30 0 0 0 23 0 38 0 0 0 0 0 0 0 0 0 20 0 0 4 0 0 0 0 0 0 15 0 0 0 
0 8 0 0 51 1394 0 0 19 0 10 0 0 0 0 0 301 0 0 196 0 0 5657 0 7160 5213 0 0 7476 0 18 130617 0 0 0 8382 131 0 0 0 0 0 0 33 522 0 0 10 0 0 0 0 43 0 0 0 0 0 0 0 30 0 0 29 0 0 1592 0 1470 0 56 0 0 0 1213 0 973 0 41 0 0 0 0 0 0 2 0 0 0 0 0 4 0 0 0 314 0 0 0 8 0 0 0 4 0 6 0 0 0 0 0 0 0 0 0 10 0 0 0 0 0 0 0 0 0 3 0 0 0 
0 11 0 0 66 1881 0 0 38 0 20 0 0 0 0 0 376 0 0 355 0 0 11033 0 9270 6673 0 0 10143 0 56 184690 0 0 0 9758 141 0 0 0 0 0 0 73 887 0 0 19 0 0 0 0 61 0 0 0 0 0 0 0 45 0 0 86 0 0 3570 0 2260 0 92 0 0 0 2618 0 1140 0 105 0 0 0 0 0 0 13 0 0 0 0 0 10 0 0 0 478 0 0 0 17 0 0 0 13 0 13 0 0 0 0 0 0 0 0 0 9 0 0 3 0 0 0 0 0 0 13 0 0 0 
0 14 0 0 85 2093 0 0 65 0 29 0 0 0 0 0 461 0 0 654 0 0 17292 0 9795 8847 0 0 10451 0 132 192387 0 0 0 11719 193 0 0 0 0 0 0 78 1338 0 0 31 0 0 0 0 62 0 0 0 0 0 0 0 55 0 0 181 0 0 4005 0 2109 0 165 0 0 0 2692 0 1362 0 138 0 0 0 0 0 0 15 0 0 0 0 0 30 0 0 0 650 0 0 0 24 0 0 0 9 0 29 0 0 0 0 0 0 0 0 0 15 0 0 1 0 0 0 0 0 0 12 0 0 0 
0 7 0 0 43 853 0 0 15 0 8 0 0 0 0 0 255 0 0 160 0 0 3283 0 4939 4629 0 0 5400 0 13 59324 0 0 0 4579 105 0 0 0 0 0 0 21 207 0 0 9 0 0 0 0 30 0 0 0 0 0 0 0 29 0 0 19 0 0 894 0 801 0 39 0 0 0 735 0 664 0 38 0 0 0 0 0 0 2 0 0 0 0 0 5 0 0 0 121 0 0 0 3 0 0 0 3 0 6 0 0 0 0 0 0 0 0 0 2 0 0 0 0 0 0 0 0 0 0 0 0 0 
0 9 0 0 75 997 0 0 33 0 4 0 0 0 0 0 430 0 0 459 0 0 6572 0 5509 7951 0 0 6882 0 64 65805 0 0 0 7033 234 0 0 0 0 0 0 56 304 0 0 25 0 0 0 0 47 0 0 0 0 0 0 0 65 0 0 26 0 0 525 0 1012 0 23 0 0 0 446 0 924 0 23 0 0 0 0 0 0 0 0 0 0 0 0 0 0 0 0 55 0 0 0 4 0 0 0 2 0 1 0 0 0 0 0 0 0 0 0 2 0 0 0 0 0 0 0 0 0 0 0 0 0 
0 8 0 0 60 833 0 0 19 0 9 0 0 0 0 0 371 0 0 238 0 0 3570 0 4869 6332 0 0 4551 0 17 45339 0 0 0 5637 154 0 0 0 0 0 0 24 199 0 0 14 0 0 0 0 38 0 0 0 0 0 0 0 53 0 0 26 0 0 917 0 546 0 57 0 0 0 673 0 748 0 54 0 0 0 0 0 0 2 0 0 0 0 0 4 0 0 0 119 0 0 0 5 0 0 0 9 0 5 0 0 0 0 0 0 0 0 0 6 0 0 0 0 0 0 0 0 0 2 0 0 0 
0 8 0 0 60 1088 0 0 26 0 2 0 0 0 0 0 334 0 0 325 0 0 6283 0 5793 7148 0 0 6629 0 44 94646 0 0 0 7074 157 0 0 0 0 0 0 35 402 0 0 18 0 0 0 0 45 0 0 0 0 0 0 0 55 0 0 12 0 0 209 0 1298 0 14 0 0 0 217 0 1033 0 13 0 0 0 0 0 0 0 0 0 0 0 0 0 0 0 0 36 0 0 0 4 0 0 0 1 0 0 0 0 0 0 0 0 0 0 0 0 0 0 0 0 0 0 0 0 0 0 0 0 0 
0 7 0 0 48 679 0 0 15 0 6 0 0 0 0 0 300 0 0 174 0 0 2496 0 3977 5721 0 0 4895 0 12 38415 0 0 0 4256 120 0 0 0 0 0 0 14 102 0 0 8 0 0 0 0 29 0 0 0 0 0 0 0 32 0 0 16 0 0 706 0 588 0 34 0 0 0 484 0 588 0 32 0 0 0 0 0 0 2 0 0 0 0 0 1 0 0 0 81 0 0 0 9 0 0 0 5 0 4 0 0 0 0 0 0 0 0 0 5 0 0 0 0 0 0 0 0 0 0 0 0 0 
0 11 0 0 69 1501 0 0 41 0 18 0 0 0 0 0 378 0 0 399 0 0 10071 0 7631 8497 0 0 10019 0 69 120707 0 0 0 7877 164 0 0 0 0 0 0 76 672 0 0 30 0 0 0 0 58 0 0 0 0 0 0 0 44 0 0 87 0 0 1963 0 1771 0 76 0 0 0 1906 0 1157 0 79 0 0 0 0 0 0 11 0 0 0 0 0 9 0 0 0 291 0 0 0 18 0 0 0 21 0 24 0 0 0 0 0 0 0 0 0 16 0 0 0 0 0 0 0 0 0 1 0 0 0 
0 14 0 0 112 1612 0 0 72 0 22 0 0 0 0 0 580 0 0 952 0 0 14839 0 8359 12233 0 0 8944 0 178 101944 0 0 0 10725 351 0 0 0 0 0 0 86 679 0 0 60 0 0 0 0 73 0 0 0 0 0 0 0 92 0 0 171 0 0 2438 0 1189 0 127 0 0 0 2319 0 1475 0 152 0 0 0 0 0 0 8 0 0 0 0 0 12 0 0 0 378 0 0 0 22 0 0 0 16 0 27 0 0 0 0 0 0 0 0 0 19 0 0 1 0 0 0 0 0 0 3 0 0 0 
0 7 0 0 60 904 0 0 16 0 5 0 0 0 0 0 337 0 0 236 0 0 3560 0 5040 7584 0 0 6170 0 16 61955 0 0 0 6262 194 0 0 0 0 0 0 28 186 0 0 14 0 0 0 0 43 0 0 0 0 0 0 0 57 0 0 13 0 0 685 0 926 0 34 0 0 0 624 0 914 0 32 0 0 0 0 0 0 2 0 0 0 0 0 1 0 0 0 80 0 0 0 4 0 0 0 2 0 3 0 0 0 0 0 0 0 0 0 3 0 0 0 0 0 0 0 0 0 0 0 0 0 
0 6 0 0 54 918 0 0 12 0 4 0 0 0 0 0 281 0 0 179 0 0 3174 0 4881 6318 0 0 6408 0 9 84188 0 0 0 6750 183 0 0 0 0 0 0 28 174 0 0 14 0 0 0 0 43 0 0 0 0 0 0 0 61 0 0 13 0 0 710 0 1206 0 23 0 0 0 441 0 972 0 22 0 0 0 0 0 0 1 0 0 0 0 0 0 0 0 0 121 0 0 0 8 0 0 0 2 0 1 0 0 0 0 0 0 0 0 0 4 0 0 0 0 0 0 0 0 0 0 0 0 0 
0 12 0 0 69 1828 0 0 46 0 26 0 0 0 0 0 366 0 0 461 0 0 11786 0 9269 7197 0 0 9791 0 81 170654 0 0 0 8854 157 0 0 0 0 0 0 55 687 0 0 24 0 0 0 0 56 0 0 0 0 0 0 0 41 0 0 109 0 0 3847 0 1936 0 110 0 0 0 3849 0 1124 0 94 0 0 0 0 0 0 18 0 0 0 0 0 17 0 0 0 710 0 0 0 22 0 0 0 18 0 37 0 0 0 0 0 0 0 0 0 9 0 0 8 0 0 0 0 0 0 18 0 0 0 
0 7 0 0 48 991 0 0 17 0 5 0 0 0 0 0 275 0 0 171 0 0 4212 0 5355 5909 0 0 6668 0 17 75529 0 0 0 5466 121 0 0 0 0 0 0 34 290 0 0 19 0 0 0 0 34 0 0 0 0 0 0 0 35 0 0 21 0 0 567 0 1021 0 28 0 0 0 691 0 852 0 31 0 0 0 0 0 0 1 0 0 0 0 0 1 0 0 0 103 0 0 0 3 0 0 0 2 0 0 0 0 0 0 0 0 0 0 0 3 0 0 0 0 0 0 0 0 0 0 0 0 0 
0 7 0 0 52 1062 0 0 13 0 11 0 0 0 0 0 315 0 0 170 0 0 3205 0 5842 6262 0 0 5556 0 8 86523 0 0 0 6063 156 0 0 0 0 0 0 18 204 0 0 16 0 0 0 0 32 0 0 0 0 0 0 0 45 0 0 20 0 0 1682 0 908 0 50 0 0 0 1558 0 996 0 52 0 0 0 0 0 0 7 0 0 0 0 0 4 0 0 0 277 0 0 0 13 0 0 0 10 0 10 0 0 0 0 0 0 0 0 0 8 0 0 0 0 0 0 0 0 0 2 0 0 0 
0 13 0 0 103 1632 0 0 67 0 11 0 0 0 0 0 574 0 0 874 0 0 15044 0 8566 11095 0 0 9377 0 179 114044 0 0 0 11355 315 0 0 0 0 0 0 99 748 0 0 56 0 0 0 0 67 0 0 0 0 0 0 0 86 0 0 94 0 0 1322 0 1336 0 66 0 0 0 1137 0 1609 0 72 0 0 0 0 0 0 1 0 0 0 0 0 3 0 0 0 242 0 0 0 16 0 0 0 7 0 8 0 0 0 0 0 0 0 0 0 10 0 0 0 0 0 0 0 0 0 1 0 0 0 
0 9 0 0 67 1336 0 0 26 0 13 0 0 0 0 0 376 0 0 317 0 0 6684 0 7037 7472 0 0 8200 0 30 121715 0 0 0 8451 186 0 0 0 0 0 0 42 373 0 0 23 0 0 0 0 53 0 0 0 0 0 0 0 54 0 0 56 0 0 1724 0 1390 0 92 0 0 0 1528 0 1087 0 67 0 0 0 0 0 0 4 0 0 0 0 0 6 0 0 0 319 0 0 0 8 0 0 0 6 0 7 0 0 0 0 0 0 0 0 0 10 0 0 0 0 0 0 0 0 0 2 0 0 0 
0 9 0 0 69 1080 0 0 28 0 9 0 0 0 0 0 380 0 0 354 0 0 5920 0 5873 8532 0 0 7449 0 37 70817 0 0 0 7093 187 0 0 0 0 0 0 39 326 0 0 29 0 0 0 0 49 0 0 0 0 0 0 0 72 0 0 42 0 0 1015 0 865 0 54 0 0 0 1030 0 1144 0 53 0 0 0 0 0 0 1 0 0 0 0 0 3 0 0 0 128 0 0 0 5 0 0 0 10 0 8 0 0 0 0 0 0 0 0 0 11 0 0 0 0 0 0 0 0 0 0 0 0 0 
0 7 0 0 36 904 0 0 16 0 7 0 0 0 0 0 230 0 0 139 0 0 3523 0 5225 4335 0 0 5720 0 16 61755 0 0 0 4016 65 0 0 0 0 0 0 17 258 0 0 11 0 0 0 0 24 0 0 0 0 0 0 0 23 0 0 18 0 0 826 0 834 0 24 0 0 0 952 0 596 0 23 0 0 0 0 0 0 2 0 0 0 0 0 4 0 0 0 124 0 0 0 2 0 0 0 2 0 6 0 0 0 0 0 0 0 0 0 3 0 0 0 0 0 0 0 0 0 0 0 0 0 
0 11 0 0 70 1301 0 0 37 0 20 0 0 0 0 0 398 0 0 403 0 0 7718 0 6986 8145 0 0 8928 0 49 87286 0 0 0 7012 172 0 0 0 0 0 0 40 384 0 0 20 0 0 0 0 48 0 0 0 0 0 0 0 59 0 0 88 0 0 2151 0 1202 0 86 0 0 0 2079 0 914 0 113 0 0 0 0 0 0 4 0 0 0 0 0 15 0 0 0 349 0 0 0 18 0 0 0 13 0 17 0 0 0 0 0 0 0 0 0 9 0 0 1 0 0 0 0 0 0 9 0 0 0 
0 12 0 0 82 1395 0 0 53 0 16 0 0 0 0 0 488 0 0 631 0 0 11064 0 7764 9409 0 0 6977 0 113 90660 0 0 0 8626 216 0 0 0 0 0 0 49 550 0 0 34 0 0 0 0 58 0 0 0 0 0 0 0 59 0 0 105 0 0 1741 0 855 0 82 0 0 0 1597 0 1244 0 94 0 0 0 0 0 0 7 0 0 0 0 0 7 0 0 0 228 0 0 0 7 0 0 0 4 0 14 0 0 0 0 0 0 0 0 0 8 0 0 1 0 0 0 0 0 0 4 0 0 0 
0 9 0 0 61 1124 0 0 29 0 7 0 0 0 0 0 376 0 0 341 0 0 6632 0 6223 6861 0 0 6347 0 43 93565 0 0 0 6277 130 0 0 0 0 0 0 35 322 0 0 12 0 0 0 0 47 0 0 0 0 0 0 0 61 0 0 33 0 0 923 0 1192 0 40 0 0 0 530 0 957 0 40 0 0 0 0 0 0 1 0 0 0 0 0 3 0 0 0 113 0 0 0 7 0 0 0 5 0 4 0 0 0 0 0 0 0 0 0 3 0 0 0 0 0 0 0 0 0 0 0 0 0 
0 12 0 0 74 1502 0 0 50 0 18 0 0 0 0 0 432 0 0 512 0 0 10718 0 7787 8946 0 0 8330 0 96 108540 0 0 0 7794 181 0 0 0 0 0 0 59 627 0 0 35 0 0 0 0 47 0 0 0 0 0 0 0 68 0 0 99 0 0 2557 0 1216 0 95 0 0 0 2020 0 1101 0 81 0 0 0 0 0 0 13 0 0 0 0 0 8 0 0 0 301 0 0 0 9 0 0 0 7 0 22 0 0 0 0 0 0 0 0 0 6 0 0 0 0 0 0 0 0 0 3 0 0 0 
0 12 0 0 85 1290 0 0 57 0 11 0 0 0 0 0 506 0 0 689 0 0 10908 0 7262 10101 0 0 7716 0 143 81855 0 0 0 8032 219 0 0 0 0 0 0 57 535 0 0 37 0 0 0 0 42 0 0 0 0 0 0 0 70 0 0 81 0 0 1051 0 901 0 68 0 0 0 1181 0 1110 0 65 0 0 0 0 0 0 2 0 0 0 0 0 5 0 0 0 134 0 0 0 8 0 0 0 5 0 9 0 0 0 0 0 0 0 0 0 5 0 0 0 0 0 0 0 0 0 0 0 0 0 
0 4 0 0 30 614 0 0 5 0 1 0 0 0 0 0 184 0 0 64 0 0 1284 0 3693 3942 0 0 3851 0 2 46648 0 0 0 3825 87 0 0 0 0 0 0 7 112 0 0 5 0 0 0 0 28 0 0 0 0 0 0 0 23 0 0 2 0 0 137 0 528 0 9 0 0 0 151 0 681 0 4 0 0 0 0 0 0 0 0 0 0 0 0 0 0 0 0 20 0 0 0 0 0 0 0 1 0 0 0 0 0 0 0 0 0 0 0 0 0 0 0 0 0 0 0 0 0 0 0 0 0 
0 7 0 0 50 1232 0 0 13 0 11 0 0 0 0 0 298 0 0 163 0 0 3599 0 6599 5640 0 0 6033 0 11 115166 0 0 0 7810 131 0 0 0 0 0 0 19 332 0 0 11 0 0 0 0 39 0 0 0 0 0 0 0 31 0 0 13 0 0 1960 0 1063 0 63 0 0 0 1604 0 1059 0 51 0 0 0 0 0 0 8 0 0 0 0 0 7 0 0 0 399 0 0 0 12 0 0 0 13 0 11 0 0 0 0 0 0 0 0 0 10 0 0 0 0 0 0 0 0 0 3 0 0 0 
0 7 0 0 47 1318 0 0 14 0 9 0 0 0 0 0 262 0 0 161 0 0 4196 0 6828 4516 0 0 7986 0 10 143183 0 0 0 7906 119 0 0 0 0 0 0 24 377 0 0 7 0 0 0 0 52 0 0 0 0 0 0 0 32 0 0 21 0 0 1793 0 1856 0 49 0 0 0 1299 0 860 0 38 0 0 0 0 0 0 3 0 0 0 0 0 3 0 0 0 311 0 0 0 10 0 0 0 9 0 6 0 0 0 0 0 0 0 0 0 6 0 0 0 0 0 0 0 0 0 2 0 0 0 
0 12 0 0 82 1538 0 0 49 0 20 0 0 0 0 0 502 0 0 601 0 0 11058 0 8047 8633 0 0 8212 0 89 119798 0 0 0 8933 218 0 0 0 0 0 0 45 656 0 0 28 0 0 0 0 52 0 0 0 0 0 0 0 51 0 0 111 0 0 2525 0 1576 0 101 0 0 0 2169 0 1132 0 95 0 0 0 0 0 0 8 0 0 0 0 0 11 0 0 0 316 0 0 0 17 0 0 0 15 0 25 0 0 0 0 0 0 0 0 0 9 0 0 1 0 0 0 0 0 0 6 0 0 0 
0 7 0 0 41 932 0 0 18 0 3 0 0 0 0 0 270 0 0 189 0 0 4136 0 5171 4958 0 0 5168 0 22 79453 0 0 0 5020 93 0 0 0 0 0 0 17 264 0 0 9 0 0 0 0 22 0 0 0 0 0 0 0 25 0 0 11 0 0 594 0 1000 0 15 0 0 0 183 0 725 0 5 0 0 0 0 0 0 1 0 0 0 0 0 0 0 0 0 67 0 0 0 6 0 0 0 1 0 1 0 0 0 0 0 0 0 0 0 0 0 0 0 0 0 0 0 0 0 0 0 0 0 
209 6 1592 1092 35 779 21425 1255 13 3 2 311 156 8165 6650 5472 184 7639 5388 127 7368 132151 2779 229077 3768 3786 136442 294058 3037 2820 13 60127 1439027 81594 97924 4006 78 2089 8842 41 838 826 1542 12 186 13534 556 10 875 441 244 471 25 12 18 11 72 1349 1133 291 28 1397 687 6 923 23927 428 57162 594 829 9 1303 1027 31975 148 27189 581 1763 6 564 1300 2 3 2 3 1 91 163 0 3 0 0 266 38 2324 79 3153 83 280 2 254 59 37 0 80 0 127 153 162 0 1 6 1 163 217 1 26 9 0 1 0 0 0 0 0 0 51 14 25 
0 8 0 0 57 960 0 0 22 0 6 0 0 0 0 0 348 0 0 273 0 0 4706 0 5454 6122 0 0 6987 0 26 63172 0 0 0 5763 150 0 0 0 0 0 0 31 277 0 0 9 0 0 0 0 34 0 0 0 0 0 0 0 39 0 0 24 0 0 741 0 960 0 33 0 0 0 559 0 642 0 33 0 0 0 0 0 0 1 0 0 0 0 0 2 0 0 0 64 0 0 0 7 0 0 0 5 0 3 0 0 0 0 0 0 0 0 0 3 0 0 0 0 0 0 0 0 0 0 0 0 0 
0 10 0 0 67 1672 0 0 32 0 13 0 0 0 0 0 375 0 0 349 0 0 8700 0 8138 6931 0 0 8670 0 40 161214 0 0 0 10252 172 0 0 0 0 0 0 49 850 0 0 18 0 0 0 0 48 0 0 0 0 0 0 0 46 0 0 58 0 0 2150 0 1712 0 88 0 0 0 1458 0 1178 0 59 0 0 0 0 0 0 7 0 0 0 0 0 10 0 0 0 494 0 0 0 18 0 0 0 8 0 3 0 0 0 0 0 0 0 0 0 7 0 0 0 0 0 0 0 0 0 2 0 0 0 
0 6 0 0 35 955 0 0 9 0 9 0 0 0 0 0 214 0 0 90 0 0 2246 0 5177 4377 0 0 5578 0 5 91466 0 0 0 4799 72 0 0 0 0 0 0 8 115 0 0 5 0 0 0 0 20 0 0 0 0 0 0 0 16 0 0 10 0 0 1436 0 1142 0 36 0 0 0 1514 0 725 0 33 0 0 0 0 0 0 2 0 0 0 0 0 5 0 0 0 250 0 0 0 15 0 0 0 12 0 8 0 0 0 0 0 0 0 0 0 7 0 0 1 0 0 0 0 0 0 3 0 0 0 
0 11 0 0 80 1352 0 0 39 0 17 0 0 0 0 0 437 0 0 469 0 0 8993 0 6997 8476 0 0 9173 0 55 104531 0 0 0 8428 230 0 0 0 0 0 0 61 453 0 0 32 0 0 0 0 50 0 0 0 0 0 0 0 60 0 0 85 0 0 1784 0 1567 0 97 0 0 0 1613 0 1065 0 92 0 0 0 0 0 0 9 0 0 0 0 0 6 0 0 0 197 0 0 0 20 0 0 0 11 0 15 0 0 0 0 0 0 0 0 0 12 0 0 0 0 0 0 0 0 0 4 0 0 0 
0 7 0 0 55 886 0 0 16 0 7 0 0 0 0 0 323 0 0 205 0 0 3662 0 4981 6963 0 0 5625 0 13 60591 0 0 0 5508 162 0 0 0 0 0 0 24 150 0 0 19 0 0 0 0 34 0 0 0 0 0 0 0 62 0 0 26 0 0 889 0 824 0 35 0 0 0 846 0 855 0 43 0 0 0 0 0 0 2 0 0 0 0 0 2 0 0 0 145 0 0 0 4 0 0 0 2 0 3 0 0 0 0 0 0 0 0 0 5 0 0 0 0 0 0 0 0 0 0 0 0 0 
0 12 0 0 73 1652 0 0 49 0 21 0 0 0 0 0 375 0 0 496 0 0 11521 0 8413 8182 0 0 10373 0 89 126307 0 0 0 8792 159 0 0 0 0 0 0 76 734 0 0 26 0 0 0 0 55 0 0 0 0 0 0 0 49 0 0 120 0 0 2767 0 1622 0 98 0 0 0 2765 0 1111 0 100 0 0 0 0 0 0 13 0 0 0 0 0 8 0 0 0 464 0 0 0 20 0 0 0 17 0 23 0 0 0 0 0 0 0 0 0 15 0 0 3 0 0 0 0 0 0 7 0 0 0 
0 11 0 0 77 1517 0 0 40 0 17 0 0 0 0 0 431 0 0 446 0 0 9794 0 7870 8067 0 0 8595 0 58 129034 0 0 0 8534 197 0 0 0 0 0 0 69 635 0 0 26 0 0 0 0 49 0 0 0 0 0 0 0 56 0 0 90 0 0 1892 0 1585 0 102 0 0 0 2012 0 1140 0 102 0 0 0 0 0 0 8 0 0 0 0 0 7 0 0 0 258 0 0 0 8 0 0 0 10 0 21 0 0 0 0 0 0 0 0 0 14 0 0 0 0 0 0 0 0 0 0 0 0 0 
0 9 0 0 56 1358 0 0 26 0 14 0 0 0 0 0 334 0 0 281 0 0 6323 0 7039 6382 0 0 7610 0 32 119391 0 0 0 7550 126 0 0 0 0 0 0 34 533 0 0 12 0 0 0 0 41 0 0 0 0 0 0 0 37 0 0 49 0 0 2207 0 1357 0 68 0 0 0 2042 0 983 0 60 0 0 0 0 0 0 6 0 0 0 0 0 10 0 0 0 361 0 0 0 11 0 0 0 12 0 15 0 0 0 0 0 0 0 0 0 10 0 0 0 0 0 0 0 0 0 2 0 0 0 
0 10 0 0 81 1291 0 0 40 0 6 0 0 0 0 0 462 0 0 557 0 0 9298 0 7012 8857 0 0 7543 0 86 89347 0 0 0 9039 246 0 0 0 0 0 0 63 522 0 0 28 0 0 0 0 64 0 0 0 0 0 0 0 67 0 0 35 0 0 660 0 1113 0 25 0 0 0 663 0 1285 0 32 0 0 0 0 0 0 3 0 0 0 0 0 1 0 0 0 103 0 0 0 7 0 0 0 3 0 2 0 0 0 0 0 0 0 0 0 6 0 0 0 0 0 0 0 0 0 1 0 0 0 
0 10 0 0 65 1443 0 0 32 0 13 0 0 0 0 0 376 0 0 322 0 0 8043 0 7348 7283 0 0 9275 0 43 119534 0 0 0 8565 153 0 0 0 0 0 0 47 499 0 0 24 0 0 0 0 51 0 0 0 0 0 0 0 44 0 0 51 0 0 1955 0 1594 0 67 0 0 0 1373 0 1086 0 63 0 0 0 0 0 0 5 0 0 0 0 0 8 0 0 0 281 0 0 0 20 0 0 0 8 0 12 0 0 0 0 0 0 0 0 0 14 0 0 0 0 0 0 0 0 0 1 0 0 0 
0 12 0 0 90 1906 0 0 49 0 20 0 0 0 0 0 452 0 0 604 0 0 13328 0 9310 9723 0 0 9598 0 92 162461 0 0 0 12502 264 0 0 0 0 0 0 89 1076 0 0 43 0 0 0 0 55 0 0 0 0 0 0 0 60 0 0 107 0 0 3045 0 1687 0 107 0 0 0 2578 0 1520 0 107 0 0 0 0 0 0 14 0 0 0 0 0 13 0 0 0 487 0 0 0 20 0 0 0 17 0 19 0 0 0 0 0 0 0 0 0 20 0 0 0 0 0 0 0 0 0 6 0 0 0 
0 7 0 0 55 712 0 0 16 0 5 0 0 0 0 0 342 0 0 224 0 0 2924 0 4087 6702 0 0 4203 0 17 41664 0 0 0 5062 172 0 0 0 0 0 0 20 124 0 0 13 0 0 0 0 31 0 0 0 0 0 0 0 52 0 0 11 0 0 530 0 578 0 35 0 0 0 384 0 830 0 19 0 0 0 0 0 0 0 0 0 0 0 0 3 0 0 0 80 0 0 0 7 0 0 0 3 0 4 0 0 0 0 0 0 0 0 0 1 0 0 0 0 0 0 0 0 0 0 0 0 0 
0 7 0 0 52 1023 0 0 13 0 10 0 0 0 0 0 309 0 0 148 0 0 3143 0 5483 5973 0 0 6000 0 7 94893 0 0 0 6513 145 0 0 0 0 0 0 16 263 0 0 13 0 0 0 0 34 0 0 0 0 0 0 0 37 0 0 23 0 0 1830 0 1211 0 62 0 0 0 1048 0 830 0 56 0 0 0 0 0 0 5 0 0 0 0 0 3 0 0 0 170 0 0 0 16 0 0 0 8 0 4 0 0 0 0 0 0 0 0 0 7 0 0 1 0 0 0 0 0 0 3 0 0 0 
0 5 0 0 35 558 0 0 8 0 2 0 0 0 0 0 231 0 0 89 0 0 1569 0 3267 4089 0 0 3509 0 4 32104 0 0 0 3421 86 0 0 0 0 0 0 13 88 0 0 4 0 0 0 0 18 0 0 0 0 0 0 0 32 0 0 6 0 0 186 0 456 0 17 0 0 0 250 0 457 0 12 0 0 0 0 0 0 0 0 0 0 0 0 0 0 0 0 21 0 0 0 1 0 0 0 1 0 0 0 0 0 0 0 0 0 0 0 0 0 0 0 0 0 0 0 0 0 0 0 0 0 
0 7 0 0 58 983 0 0 13 0 10 0 0 0 0 0 332 0 0 166 0 0 2869 0 5244 6974 0 0 4921 0 8 84632 0 0 0 7042 179 0 0 0 0 0 0 29 242 0 0 16 0 0 0 0 33 0 0 0 0 0 0 0 56 0 0 21 0 0 1417 0 852 0 72 0 0 0 1020 0 920 0 64 0 0 0 0 0 0 2 0 0 0 0 0 3 0 0 0 255 0 0 0 9 0 0 0 7 0 5 0 0 0 0 0 0 0 0 0 7 0 0 1 0 0 0 0 0 0 6 0 0 0 
0 12 0 0 99 1516 0 0 49 0 19 0 0 0 0 0 554 0 0 681 0 0 10555 0 7941 10155 0 0 7429 0 96 113613 0 0 0 10491 313 0 0 0 0 0 0 62 516 0 0 42 0 0 0 0 58 0 0 0 0 0 0 0 94 0 0 87 0 0 2936 0 1243 0 88 0 0 0 1958 0 1525 0 130 0 0 0 0 0 0 23 0 0 0 0 0 15 0 0 0 400 0 0 0 29 0 0 0 21 0 17 0 0 0 0 0 0 0 0 0 22 0 0 1 0 0 0 0 0 0 1 0 0 0 
0 9 0 0 51 1006 0 0 28 0 9 0 0 0 0 0 337 0 0 267 0 0 5451 0 5766 6393 0 0 5800 0 37 65173 0 0 0 5363 98 0 0 0 0 0 0 21 290 0 0 13 0 0 0 0 27 0 0 0 0 0 0 0 34 0 0 43 0 0 1061 0 735 0 52 0 0 0 913 0 802 0 45 0 0 0 0 0 0 3 0 0 0 0 0 3 0 0 0 174 0 0 0 2 0 0 0 2 0 4 0 0 0 0 0 0 0 0 0 4 0 0 1 0 0 0 0 0 0 0 0 0 0 
0 10 0 0 67 1372 0 0 35 0 11 0 0 0 0 0 366 0 0 373 0 0 8283 0 7201 7991 0 0 9727 0 52 112655 0 0 0 7574 173 0 0 0 0 0 0 58 496 0 0 27 0 0 0 0 57 0 0 0 0 0 0 0 55 0 0 62 0 0 1746 0 1606 0 53 0 0 0 1116 0 1071 0 59 0 0 0 0 0 0 5 0 0 0 0 0 2 0 0 0 234 0 0 0 12 0 0 0 8 0 6 0 0 0 0 0 0 0 0 0 7 0 0 0 0 0 0 0 0 0 1 0 0 0 
0 8 0 0 51 876 0 0 23 0 5 0 0 0 0 0 330 0 0 232 0 0 4485 0 5049 6783 0 0 5653 0 29 54449 0 0 0 4741 129 0 0 0 0 0 0 24 228 0 0 18 0 0 0 0 29 0 0 0 0 0 0 0 33 0 0 24 0 0 532 0 563 0 30 0 0 0 500 0 728 0 24 0 0 0 0 0 0 0 0 0 0 0 0 0 0 0 0 67 0 0 0 3 0 0 0 4 0 3 0 0 0 0 0 0 0 0 0 3 0 0 0 0 0 0 0 0 0 0 0 0 0 
0 8 0 0 51 1002 0 0 25 0 4 0 0 0 0 0 329 0 0 252 0 0 5605 0 5520 6524 0 0 6600 0 39 70762 0 0 0 5637 119 0 0 0 0 0 0 43 339 0 0 18 0 0 0 0 31 0 0 0 0 0 0 0 33 0 0 21 0 0 393 0 920 0 22 0 0 0 432 0 803 0 18 0 0 0 0 0 0 0 0 0 0 0 0 1 0 0 0 50 0 0 0 1 0 0 0 2 0 1 0 0 0 0 0 0 0 0 0 4 0 0 0 0 0 0 0 0 0 0 0 0 0 
0 7 0 0 57 944 0 0 16 0 5 0 0 0 0 0 344 0 0 202 0 0 3799 0 5350 6327 0 0 5643 0 12 63406 0 0 0 6583 183 0 0 0 0 0 0 26 246 0 0 23 0 0 0 0 49 0 0 0 0 0 0 0 46 0 0 22 0 0 539 0 817 0 29 0 0 0 582 0 1072 0 37 0 0 0 0 0 0 0 0 0 0 0 0 0 0 0 0 113 0 0 0 5 0 0 0 1 0 0 0 0 0 0 0 0 0 0 0 3 0 0 0 0 0 0 0 0 0 1 0 0 0 
0 8 0 0 66 1053 0 0 25 0 3 0 0 0 0 0 391 0 0 339 0 0 5904 0 5892 7284 0 0 5789 0 39 74457 0 0 0 7355 199 0 0 0 0 0 0 35 350 0 0 21 0 0 0 0 44 0 0 0 0 0 0 0 62 0 0 16 0 0 275 0 873 0 24 0 0 0 393 0 995 0 26 0 0 0 0 0 0 1 0 0 0 0 0 0 0 0 0 35 0 0 0 1 0 0 0 1 0 0 0 0 0 0 0 0 0 0 0 1 0 0 0 0 0 0 0 0 0 0 0 0 0 
0 5 0 0 37 645 0 0 10 0 0 0 0 0 0 0 228 0 0 121 0 0 2331 0 3749 4622 0 0 4448 0 10 46498 0 0 0 3911 99 0 0 0 0 0 0 17 117 0 0 6 0 0 0 0 30 0 0 0 0 0 0 0 26 0 0 0 0 0 0 0 535 0 0 0 0 0 0 0 608 0 0 0 0 0 0 0 0 0 0 0 0 0 0 0 0 0 0 0 0 0 0 0 0 0 0 0 0 0 0 0 0 0 0 0 0 0 0 0 0 0 0 0 0 0 0 0 0 0 0 0 0 
115 9 375 899 54 1062 6503 670 25 3 12 52 133 2427 2590 4849 275 2054 4325 246 4223 81256 5019 67815 5210 5633 101988 36573 6808 1465 27 81418 241503 19332 44306 5768 112 2224 1913 14 284 527 199 29 345 3907 572 15 15 135 369 264 47 15 12 15 17 159 97 1006 38 246 543 43 477 19023 1142 4931 1217 732 65 346 256 5735 1504 12802 760 246 52 579 240 5 0 4 1 3 111 3 1 3 0 5 40 55 1138 208 450 140 4 14 15 54 17 5 17 12 73 24 55 1 0 0 1 16 6 5 188 6 0 0 0 0 0 0 0 1 0 40 3 
108 10 1026 973 65 1039 5662 587 39 8 7 118 99 6142 8005 5686 368 5364 4503 433 3479 71310 7250 55468 5336 7699 100201 97599 4739 1155 75 60885 192544 45693 46038 5542 160 3418 5101 46 738 559 460 25 331 2827 374 28 334 613 548 707 28 48 33 56 33 873 736 608 50 480 418 50 373 9972 698 11115 624 616 38 916 755 10193 722 9278 910 611 35 703 720 4 7 6 12 0 48 57 3 3 3 0 82 31 518 93 540 65 81 6 98 54 59 6 73 3 64 62 93 2 3 8 2 98 84 5 69 8 0 1 1 1 0 1 1 0 15 5 14 
0 9 0 0 71 1130 0 0 32 0 4 0 0 0 0 0 437 0 0 425 0 0 6960 0 6021 7917 0 0 6919 0 60 81271 0 0 0 7940 217 0 0 0 0 0 0 37 535 0 0 31 0 0 0 0 51 0 0 0 0 0 0 0 56 0 0 20 0 0 440 0 949 0 24 0 0 0 407 0 1053 0 25 0 0 0 0 0 0 2 0 0 0 0 0 0 0 0 0 64 0 0 0 4 0 0 0 1 0 2 0 0 0 0 0 0 0 0 0 1 0 0 0 0 0 0 0 0 0 0 0 0 0 
0 8 0 0 65 1175 0 0 20 0 8 0 0 0 0 0 361 0 0 250 0 0 4730 0 6001 7457 0 0 6236 0 18 99314 0 0 0 8462 195 0 0 0 0 0 0 40 421 0 0 20 0 0 0 0 39 0 0 0 0 0 0 0 56 0 0 29 0 0 1153 0 1018 0 60 0 0 0 840 0 1094 0 54 0 0 0 0 0 0 2 0 0 0 0 0 4 0 0 0 310 0 0 0 11 0 0 0 5 0 2 0 0 0 0 0 0 0 0 0 6 0 0 0 0 0 0 0 0 0 1 0 0 0 
0 8 0 0 57 800 0 0 27 0 1 0 0 0 0 0 354 0 0 326 0 0 4814 0 4546 7000 0 0 5209 0 50 45209 0 0 0 5020 151 0 0 0 0 0 0 31 245 0 0 17 0 0 0 0 28 0 0 0 0 0 0 0 38 0 0 6 0 0 111 0 568 0 8 0 0 0 112 0 711 0 6 0 0 0 0 0 0 0 0 0 0 0 0 0 0 0 0 24 0 0 0 1 0 0 0 1 0 0 0 0 0 0 0 0 0 0 0 0 0 0 0 0 0 0 0 0 0 0 0 0 0 
0 12 0 0 72 1884 0 0 42 0 25 0 0 0 0 0 396 0 0 420 0 0 11320 0 8879 7564 0 0 10144 0 53 177845 0 0 0 9961 172 0 0 0 0 0 0 63 991 0 0 23 0 0 0 0 54 0 0 0 0 0 0 0 51 0 0 110 0 0 3693 0 2125 0 129 0 0 0 2864 0 1105 0 92 0 0 0 0 0 0 9 0 0 0 0 0 27 0 0 0 568 0 0 0 21 0 0 0 15 0 20 0 0 0 0 0 0 0 0 0 16 0 0 1 0 0 0 0 0 0 10 0 0 0 
0 12 0 0 84 1312 0 0 54 0 13 0 0 0 0 0 498 0 0 666 0 0 10011 0 7028 9108 0 0 7986 0 125 96022 0 0 0 7253 224 0 0 0 0 0 0 64 500 0 0 29 0 0 0 0 57 0 0 0 0 0 0 0 62 0 0 77 0 0 1900 0 1222 0 67 0 0 0 1359 0 979 0 58 0 0 0 0 0 0 10 0 0 0 0 0 5 0 0 0 253 0 0 0 15 0 0 0 11 0 9 0 0 0 0 0 0 0 0 0 4 0 0 1 0 0 0 0 0 0 3 0 0 0 
0 10 0 0 71 1702 0 0 34 0 13 0 0 0 0 0 404 0 0 385 0 0 9730 0 8769 7414 0 0 9331 0 46 160006 0 0 0 10197 186 0 0 0 0 0 0 70 762 0 0 27 0 0 0 0 60 0 0 0 0 0 0 0 48 0 0 72 0 0 2231 0 1743 0 72 0 0 0 1877 0 1403 0 70 0 0 0 0 0 0 3 0 0 0 0 0 5 0 0 0 306 0 0 0 12 0 0 0 8 0 7 0 0 0 0 0 0 0 0 0 9 0 0 1 0 0 0 0 0 0 2 0 0 0 
0 9 0 0 61 1234 0 0 28 0 9 0 0 0 0 0 360 0 0 305 0 0 6504 0 6784 7421 0 0 6962 0 37 92705 0 0 0 7370 154 0 0 0 0 0 0 40 449 0 0 21 0 0 0 0 40 0 0 0 0 0 0 0 45 0 0 42 0 0 1136 0 996 0 52 0 0 0 1244 0 1048 0 51 0 0 0 0 0 0 3 0 0 0 0 0 3 0 0 0 212 0 0 0 6 0 0 0 5 0 6 0 0 0 0 0 0 0 0 0 5 0 0 0 0 0 0 0 0 0 0 0 0 0 
0 8 0 0 53 1109 0 0 19 0 9 0 0 0 0 0 324 0 0 211 0 0 4401 0 5797 5640 0 0 6968 0 17 90150 0 0 0 7019 126 0 0 0 0 0 0 27 283 0 0 10 0 0 0 0 45 0 0 0 0 0 0 0 36 0 0 27 0 0 1306 0 1230 0 51 0 0 0 987 0 836 0 37 0 0 0 0 0 0 3 0 0 0 0 0 5 0 0 0 236 0 0 0 8 0 0 0 4 0 1 0 0 0 0 0 0 0 0 0 10 0 0 0 0 0 0 0 0 0 3 0 0 0 
158 8 1377 1119 50 1051 12180 901 23 9 7 225 136 7260 7554 6323 261 6287 5197 220 4833 99285 5447 124321 4922 5054 144385 190573 4910 1893 30 74647 612516 69515 76542 5268 120 2824 8234 49 898 658 878 32 333 6831 668 19 612 967 930 1063 31 52 48 39 65 1675 1199 872 30 941 611 30 646 18707 816 30402 864 717 39 1223 964 21550 775 18587 787 1333 37 734 1228 2 5 7 9 2 96 87 4 5 3 2 214 22 1111 121 1960 110 214 4 242 195 154 3 116 5 97 121 109 9 2 13 4 210 217 4 104 21 0 0 0 1 2 1 0 0 43 14 61 
0 16 0 0 117 2116 0 0 99 0 23 0 0 0 0 0 589 0 0 1197 0 0 22333 0 9951 11907 0 0 11647 0 317 156948 0 0 0 13469 331 0 0 0 0 0 0 149 1474 0 0 79 0 0 0 0 72 0 0 0 0 0 0 0 89 0 0 214 0 0 3044 0 1824 0 142 0 0 0 2936 0 1591 0 117 0 0 0 0 0 0 12 0 0 0 0 0 17 0 0 0 574 0 0 0 20 0 0 0 26 0 26 0 0 0 0 0 0 0 0 0 18 0 0 0 0 0 0 0 0 0 3 0 0 0 
0 7 0 0 58 1073 0 0 19 0 2 0 0 0 0 0 331 0 0 244 0 0 4945 0 5711 6487 0 0 6692 0 25 85650 0 0 0 7889 178 0 0 0 0 0 0 41 404 0 0 17 0 0 0 0 36 0 0 0 0 0 0 0 56 0 0 10 0 0 336 0 1071 0 17 0 0 0 228 0 1025 0 14 0 0 0 0 0 0 0 0 0 0 0 0 0 0 0 0 44 0 0 0 2 0 0 0 1 0 0 0 0 0 0 0 0 0 0 0 3 0 0 0 0 0 0 0 0 0 0 0 0 0 
0 8 0 0 57 1111 0 0 20 0 10 0 0 0 0 0 348 0 0 235 0 0 4760 0 6097 5956 0 0 5890 0 20 90369 0 0 0 7338 149 0 0 0 0 0 0 28 292 0 0 12 0 0 0 0 35 0 0 0 0 0 0 0 35 0 0 32 0 0 1453 0 1056 0 61 0 0 0 1151 0 867 0 55 0 0 0 0 0 0 4 0 0 0 0 0 3 0 0 0 239 0 0 0 10 0 0 0 10 0 5 0 0 0 0 0 0 0 0 0 6 0 0 1 0 0 0 0 0 0 4 0 0 0 
0 13 0 0 97 1499 0 0 63 0 18 0 0 0 0 0 528 0 0 817 0 0 13171 0 7923 10437 0 0 7783 0 153 111214 0 0 0 9734 264 0 0 0 0 0 0 67 786 0 0 37 0 0 0 0 57 0 0 0 0 0 0 0 78 0 0 124 0 0 1724 0 1424 0 107 0 0 0 1645 0 1257 0 100 0 0 0 0 0 0 8 0 0 0 0 0 11 0 0 0 243 0 0 0 14 0 0 0 12 0 18 0 0 0 0 0 0 0 0 0 16 0 0 1 0 0 0 0 0 0 4 0 0 0 
0 9 0 0 64 1420 0 0 27 0 10 0 0 0 0 0 346 0 0 305 0 0 7497 0 7285 6788 0 0 8438 0 32 127581 0 0 0 8348 170 0 0 0 0 0 0 51 529 0 0 18 0 0 0 0 53 0 0 0 0 0 0 0 43 0 0 45 0 0 1514 0 1728 0 47 0 0 0 1162 0 1074 0 61 0 0 0 0 0 0 5 0 0 0 0 0 4 0 0 0 176 0 0 0 10 0 0 0 6 0 5 0 0 0 0 0 0 0 0 0 10 0 0 0 0 0 0 0 0 0 0 0 0 0 
0 10 0 0 65 1282 0 0 37 0 9 0 0 0 0 0 366 0 0 406 0 0 8584 0 7128 7745 0 0 7855 0 64 86231 0 0 0 7073 148 0 0 0 0 0 0 42 448 0 0 24 0 0 0 0 45 0 0 0 0 0 0 0 43 0 0 56 0 0 1094 0 1082 0 45 0 0 0 974 0 1094 0 43 0 0 0 0 0 0 2 0 0 0 0 0 2 0 0 0 132 0 0 0 7 0 0 0 5 0 3 0 0 0 0 0 0 0 0 0 8 0 0 1 0 0 0 0 0 0 0 0 0 0 
0 7 0 0 54 909 0 0 17 0 5 0 0 0 0 0 318 0 0 210 0 0 3723 0 5023 6387 0 0 5686 0 19 67070 0 0 0 5439 163 0 0 0 0 0 0 25 231 0 0 19 0 0 0 0 32 0 0 0 0 0 0 0 46 0 0 15 0 0 701 0 786 0 27 0 0 0 721 0 857 0 30 0 0 0 0 0 0 1 0 0 0 0 0 1 0 0 0 118 0 0 0 1 0 0 0 2 0 4 0 0 0 0 0 0 0 0 0 6 0 0 0 0 0 0 0 0 0 0 0 0 0 
0 6 0 0 45 815 0 0 12 0 4 0 0 0 0 0 256 0 0 145 0 0 2849 0 4681 5381 0 0 6129 0 9 56341 0 0 0 5185 130 0 0 0 0 0 0 27 188 0 0 9 0 0 0 0 39 0 0 0 0 0 0 0 36 0 0 13 0 0 503 0 774 0 25 0 0 0 439 0 854 0 20 0 0 0 0 0 0 1 0 0 0 0 0 0 0 0 0 64 0 0 0 4 0 0 0 7 0 1 0 0 0 0 0 0 0 0 0 4 0 0 0 0 0 0 0 0 0 0 0 0 0 
5 6 0 26 36 835 10 29 12 0 3 0 4 0 0 152 223 0 131 121 246 2927 2925 104 4948 3886 3402 0 5266 56 9 61697 10 0 46 4424 81 45 0 0 0 4 0 16 200 6 15 6 0 0 0 0 17 0 0 0 0 0 0 11 22 0 14 10 18 750 299 0 805 20 16 0 0 0 406 12 612 0 15 14 0 0 0 0 0 0 8 0 0 0 0 1 0 1 2 67 0 2 0 1 0 0 0 1 0 0 4 0 0 0 0 0 0 0 0 0 2 0 0 0 0 0 0 0 0 0 0 0 0 
0 10 0 0 70 1471 0 0 37 0 9 0 0 0 0 0 370 0 0 432 0 0 9247 0 7484 7826 0 0 9585 0 63 132974 0 0 0 8739 173 0 0 0 0 0 0 56 625 0 0 24 0 0 0 0 67 0 0 0 0 0 0 0 52 0 0 57 0 0 1632 0 1727 0 46 0 0 0 936 0 1249 0 44 0 0 0 0 0 0 4 0 0 0 0 0 2 0 0 0 221 0 0 0 15 0 0 0 6 0 2 0 0 0 0 0 0 0 0 0 5 0 0 0 0 0 0 0 0 0 0 0 0 0 
84 6 622 424 50 808 3408 537 11 4 5 80 78 3452 2738 3121 298 3361 2181 151 3319 65611 2541 38126 4205 5253 57525 43355 3331 1218 7 60407 89579 29537 14478 5642 160 646 3771 15 385 391 241 20 139 2650 240 11 96 400 338 240 24 21 17 15 20 597 276 310 44 414 337 12 418 9445 715 5124 464 554 33 355 396 7480 664 5322 983 453 35 249 475 2 2 2 3 2 53 15 0 4 0 1 56 21 518 108 624 55 39 3 90 41 43 3 43 2 107 41 71 0 7 3 4 45 13 2 45 7 0 0 1 1 0 0 0 0 3 8 16 
0 11 0 0 72 1491 0 0 39 0 18 0 0 0 0 0 406 0 0 422 0 0 9316 0 7881 7536 0 0 8419 0 57 111417 0 0 0 8710 190 0 0 0 0 0 0 66 693 0 0 18 0 0 0 0 42 0 0 0 0 0 0 0 48 0 0 86 0 0 2144 0 1350 0 94 0 0 0 1896 0 975 0 87 0 0 0 0 0 0 5 0 0 0 0 0 10 0 0 0 332 0 0 0 18 0 0 0 8 0 21 0 0 0 0 0 0 0 0 0 10 0 0 1 0 0 0 0 0 0 3 0 0 0 
0 9 0 0 75 1353 0 0 29 0 8 0 0 0 0 0 402 0 0 398 0 0 7492 0 7207 8067 0 0 7956 0 44 113214 0 0 0 9735 231 0 0 0 0 0 0 56 487 0 0 22 0 0 0 0 63 0 0 0 0 0 0 0 63 0 0 36 0 0 1261 0 1373 0 56 0 0 0 1031 0 1243 0 53 0 0 0 0 0 0 3 0 0 0 0 0 3 0 0 0 225 0 0 0 10 0 0 0 9 0 4 0 0 0 0 0 0 0 0 0 8 0 0 1 0 0 0 0 0 0 0 0 0 0 
0 10 0 0 73 1461 0 0 34 0 14 0 0 0 0 0 395 0 0 397 0 0 8502 0 7592 8344 0 0 8148 0 51 123618 0 0 0 9633 201 0 0 0 0 0 0 60 531 0 0 27 0 0 0 0 52 0 0 0 0 0 0 0 58 0 0 67 0 0 2247 0 1562 0 74 0 0 0 1796 0 1277 0 71 0 0 0 0 0 0 6 0 0 0 0 0 3 0 0 0 322 0 0 0 16 0 0 0 11 0 10 0 0 0 0 0 0 0 0 0 14 0 0 3 0 0 0 0 0 0 6 0 0 0 
0 7 0 0 44 1183 0 0 16 0 5 0 0 0 0 0 260 0 0 155 0 0 4320 0 6254 4752 0 0 6875 0 16 109874 0 0 0 7047 101 0 0 0 0 0 0 32 395 0 0 8 0 0 0 0 36 0 0 0 0 0 0 0 27 0 0 14 0 0 849 0 1232 0 31 0 0 0 667 0 833 0 25 0 0 0 0 0 0 0 0 0 0 0 0 2 0 0 0 223 0 0 0 6 0 0 0 2 0 2 0 0 0 0 0 0 0 0 0 4 0 0 0 0 0 0 0 0 0 1 0 0 0 
0 6 0 0 44 901 0 0 13 0 3 0 0 0 0 0 262 0 0 164 0 0 3372 0 4920 5059 0 0 6071 0 13 74476 0 0 0 5394 117 0 0 0 0 0 0 24 227 0 0 7 0 0 0 0 27 0 0 0 0 0 0 0 38 0 0 9 0 0 473 0 1042 0 15 0 0 0 384 0 774 0 17 0 0 0 0 0 0 1 0 0 0 0 0 0 0 0 0 72 0 0 0 1 0 0 0 1 0 1 0 0 0 0 0 0 0 0 0 1 0 0 0 0 0 0 0 0 0 0 0 0 0 
0 7 0 0 52 981 0 0 16 0 6 0 0 0 0 0 304 0 0 205 0 0 3817 0 5255 6531 0 0 6141 0 15 86575 0 0 0 6272 155 0 0 0 0 0 0 26 286 0 0 13 0 0 0 0 38 0 0 0 0 0 0 0 49 0 0 17 0 0 910 0 1216 0 30 0 0 0 656 0 892 0 28 0 0 0 0 0 0 2 0 0 0 0 0 1 0 0 0 123 0 0 0 3 0 0 0 4 0 5 0 0 0 0 0 0 0 0 0 5 0 0 0 0 0 0 0 0 0 0 0 0 0 
0 6 0 0 51 936 0 0 7 0 8 0 0 0 0 0 289 0 0 105 0 0 1728 0 4929 5730 0 0 5323 0 0 85957 0 0 0 7010 163 0 0 0 0 0 0 9 159 0 0 6 0 0 0 0 39 0 0 0 0 0 0 0 47 0 0 11 0 0 1466 0 1096 0 55 0 0 0 729 0 831 0 41 0 0 0 0 0 0 2 0 0 0 0 0 2 0 0 0 211 0 0 0 12 0 0 0 4 0 2 0 0 0 0 0 0 0 0 0 11 0 0 0 0 0 0 0 0 0 3 0 0 0 
0 10 0 0 67 1397 0 0 34 0 13 0 0 0 0 0 380 0 0 384 0 0 8353 0 7305 7306 0 0 8076 0 52 109787 0 0 0 8385 167 0 0 0 0 0 0 52 562 0 0 18 0 0 0 0 49 0 0 0 0 0 0 0 55 0 0 58 0 0 1741 0 1391 0 71 0 0 0 1477 0 1039 0 66 0 0 0 0 0 0 6 0 0 0 0 0 4 0 0 0 256 0 0 0 15 0 0 0 10 0 16 0 0 0 0 0 0 0 0 0 10 0 0 0 0 0 0 0 0 0 0 0 0 0 
0 7 0 0 44 913 0 0 17 0 4 0 0 0 0 0 294 0 0 182 0 0 3812 0 5309 5378 0 0 4946 0 18 65337 0 0 0 4972 96 0 0 0 0 0 0 18 287 0 0 9 0 0 0 0 32 0 0 0 0 0 0 0 34 0 0 14 0 0 410 0 628 0 27 0 0 0 505 0 791 0 22 0 0 0 0 0 0 0 0 0 0 0 0 1 0 0 0 80 0 0 0 1 0 0 0 0 0 2 0 0 0 0 0 0 0 0 0 1 0 0 0 0 0 0 0 0 0 0 0 0 0 
0 10 0 0 68 1200 0 0 36 0 9 0 0 0 0 0 391 0 0 411 0 0 7758 0 6838 7451 0 0 8589 0 58 74942 0 0 0 6963 172 0 0 0 0 0 0 53 407 0 0 21 0 0 0 0 55 0 0 0 0 0 0 0 40 0 0 53 0 0 867 0 1245 0 51 0 0 0 1025 0 956 0 42 0 0 0 0 0 0 1 0 0 0 0 0 3 0 0 0 140 0 0 0 8 0 0 0 9 0 4 0 0 0 0 0 0 0 0 0 6 0 0 0 0 0 0 0 0 0 1 0 0 0 
0 6 0 0 36 1090 0 0 10 0 7 0 0 0 0 0 211 0 0 95 0 0 3022 0 5816 4274 0 0 6572 0 5 108747 0 0 0 5539 71 0 0 0 0 0 0 14 254 0 0 11 0 0 0 0 34 0 0 0 0 0 0 0 30 0 0 15 0 0 1197 0 1417 0 34 0 0 0 1079 0 825 0 35 0 0 0 0 0 0 1 0 0 0 0 0 2 0 0 0 215 0 0 0 5 0 0 0 2 0 3 0 0 0 0 0 0 0 0 0 2 0 0 1 0 0 0 0 0 0 1 0 0 0 
84 6 790 453 40 689 3374 540 9 3 7 114 48 5816 3725 2743 204 4302 2387 93 3215 65292 1830 37989 3507 5028 50637 54700 4694 1262 4 43070 86972 36869 16410 3789 83 618 4472 25 371 265 370 15 114 2560 287 10 159 278 259 178 32 16 15 7 42 725 308 455 36 536 233 11 418 6238 616 7577 682 262 36 543 806 9570 908 3405 670 600 33 122 603 4 2 1 3 1 51 42 0 1 0 2 107 8 230 74 720 45 31 4 102 46 21 5 21 4 46 99 53 0 2 10 2 57 31 6 77 2 0 1 1 0 0 0 0 2 6 3 35 
0 7 0 0 50 1052 0 0 15 0 6 0 0 0 0 0 313 0 0 186 0 0 3704 0 5707 5807 0 0 5626 0 12 97224 0 0 0 6092 134 0 0 0 0 0 0 18 250 0 0 14 0 0 0 0 41 0 0 0 0 0 0 0 43 0 0 17 0 0 957 0 1131 0 36 0 0 0 846 0 929 0 31 0 0 0 0 0 0 1 0 0 0 0 0 1 0 0 0 143 0 0 0 4 0 0 0 3 0 3 0 0 0 0 0 0 0 0 0 2 0 0 0 0 0 0 0 0 0 1 0 0 0 
0 11 0 0 85 1553 0 0 38 0 19 0 0 0 0 0 457 0 0 498 0 0 9327 0 7988 9202 0 0 8092 0 51 123892 0 0 0 10534 246 0 0 0 0 0 0 49 580 0 0 29 0 0 0 0 66 0 0 0 0 0 0 0 54 0 0 89 0 0 2422 0 1348 0 119 0 0 0 2276 0 1387 0 97 0 0 0 0 0 0 8 0 0 0 0 0 12 0 0 0 441 0 0 0 18 0 0 0 19 0 17 0 0 0 0 0 0 0 0 0 27 0 0 1 0 0 0 0 0 0 5 0 0 0 
0 11 0 0 94 1326 0 0 44 0 12 0 0 0 0 0 466 0 0 612 0 0 9528 0 6971 10384 0 0 8739 0 82 86904 0 0 0 9286 318 0 0 0 0 0 0 86 467 0 0 40 0 0 0 0 68 0 0 0 0 0 0 0 91 0 0 74 0 0 1294 0 1210 0 70 0 0 0 1298 0 1436 0 84 0 0 0 0 0 0 2 0 0 0 0 0 8 0 0 0 182 0 0 0 17 0 0 0 9 0 7 0 0 0 0 0 0 0 0 0 13 0 0 0 0 0 0 0 0 0 1 0 0 0 
0 8 0 0 59 818 0 0 23 0 7 0 0 0 0 0 386 0 0 302 0 0 4408 0 4819 6716 0 0 4434 0 29 48205 0 0 0 5442 179 0 0 0 0 0 0 23 179 0 0 12 0 0 0 0 39 0 0 0 0 0 0 0 40 0 0 34 0 0 690 0 622 0 46 0 0 0 526 0 737 0 36 0 0 0 0 0 0 1 0 0 0 0 0 2 0 0 0 68 0 0 0 2 0 0 0 1 0 3 0 0 0 0 0 0 0 0 0 4 0 0 0 0 0 0 0 0 0 0 0 0 0 
0 16 0 0 111 1882 0 0 95 0 27 0 0 0 0 0 567 0 0 1115 0 0 19902 0 9390 12541 0 0 10401 0 278 139369 0 0 0 12323 275 0 0 0 0 0 0 115 994 0 0 59 0 0 0 0 59 0 0 0 0 0 0 0 88 0 0 237 0 0 3507 0 1574 0 155 0 0 0 2327 0 1650 0 132 0 0 0 0 0 0 19 0 0 0 0 0 17 0 0 0 395 0 0 0 27 0 0 0 15 0 34 0 0 0 0 0 0 0 0 0 25 0 0 0 0 0 0 0 0 0 3 0 0 0 
0 12 0 0 92 1728 0 0 55 0 12 0 0 0 0 0 490 0 0 710 0 0 13625 0 8855 9483 0 0 9725 0 130 145003 0 0 0 11453 250 0 0 0 0 0 0 88 952 0 0 31 0 0 0 0 66 0 0 0 0 0 0 0 75 0 0 77 0 0 1664 0 1765 0 74 0 0 0 1489 0 1353 0 81 0 0 0 0 0 0 5 0 0 0 0 0 7 0 0 0 240 0 0 0 13 0 0 0 8 0 10 0 0 0 0 0 0 0 0 0 4 0 0 0 0 0 0 0 0 0 1 0 0 0 
0 7 0 0 51 1013 0 0 18 0 3 0 0 0 0 0 317 0 0 231 0 0 4531 0 5877 5763 0 0 5733 0 22 74240 0 0 0 6318 136 0 0 0 0 0 0 23 342 0 0 7 0 0 0 0 29 0 0 0 0 0 0 0 36 0 0 11 0 0 357 0 761 0 17 0 0 0 350 0 834 0 16 0 0 0 0 0 0 0 0 0 0 0 0 0 0 0 0 66 0 0 0 1 0 0 0 3 0 2 0 0 0 0 0 0 0 0 0 3 0 0 0 0 0 0 0 0 0 0 0 0 0 
0 11 0 0 70 1712 0 0 38 0 19 0 0 0 0 0 384 0 0 390 0 0 10230 0 8748 7230 0 0 9202 0 53 145304 0 0 0 9908 169 0 0 0 0 0 0 57 624 0 0 24 0 0 0 0 46 0 0 0 0 0 0 0 43 0 0 78 0 0 3063 0 1695 0 97 0 0 0 2272 0 1201 0 87 0 0 0 0 0 0 17 0 0 0 0 0 10 0 0 0 503 0 0 0 26 0 0 0 11 0 21 0 0 0 0 0 0 0 0 0 10 0 0 1 0 0 0 0 0 0 4 0 0 0 
0 8 0 0 78 1094 0 0 22 0 7 0 0 0 0 0 403 0 0 346 0 0 5118 0 5773 8848 0 0 6583 0 28 87219 0 0 0 8800 293 0 0 0 0 0 0 38 256 0 0 30 0 0 0 0 55 0 0 0 0 0 0 0 93 0 0 23 0 0 1062 0 1093 0 50 0 0 0 986 0 1248 0 54 0 0 0 0 0 0 3 0 0 0 0 0 1 0 0 0 187 0 0 0 8 0 0 0 12 0 7 0 0 0 0 0 0 0 0 0 8 0 0 0 0 0 0 0 0 0 0 0 0 0 
0 11 0 0 71 1820 0 0 38 0 22 0 0 0 0 0 388 0 0 395 0 0 10677 0 9105 7830 0 0 9998 0 49 162594 0 0 0 10125 169 0 0 0 0 0 0 65 883 0 0 32 0 0 0 0 57 0 0 0 0 0 0 0 36 0 0 105 0 0 3445 0 1881 0 92 0 0 0 2929 0 1469 0 100 0 0 0 0 0 0 16 0 0 0 0 0 11 0 0 0 496 0 0 0 22 0 0 0 18 0 26 0 0 0 0 0 0 0 0 0 24 0 0 2 0 0 0 0 0 0 5 0 0 0 
0 7 0 0 54 1043 0 0 15 0 6 0 0 0 0 0 327 0 0 195 0 0 3663 0 5265 5679 0 0 6542 0 13 88495 0 0 0 7610 156 0 0 0 0 0 0 20 369 0 0 6 0 0 0 0 43 0 0 0 0 0 0 0 40 0 0 14 0 0 842 0 1211 0 47 0 0 0 569 0 916 0 33 0 0 0 0 0 0 1 0 0 0 0 0 7 0 0 0 209 0 0 0 15 0 0 0 1 0 0 0 0 0 0 0 0 0 0 0 2 0 0 0 0 0 0 0 0 0 0 0 0 0 
0 9 0 0 70 968 0 0 30 0 6 0 0 0 0 0 395 0 0 387 0 0 5931 0 5498 8900 0 0 6154 0 47 58460 0 0 0 6591 188 0 0 0 0 0 0 45 270 0 0 31 0 0 0 0 41 0 0 0 0 0 0 0 64 0 0 32 0 0 606 0 796 0 42 0 0 0 519 0 1046 0 33 0 0 0 0 0 0 1 0 0 0 0 0 3 0 0 0 55 0 0 0 4 0 0 0 1 0 1 0 0 0 0 0 0 0 0 0 4 0 0 0 0 0 0 0 0 0 0 0 0 0 
0 13 0 0 90 1794 0 0 57 0 26 0 0 0 0 0 514 0 0 649 0 0 13611 0 9132 10812 0 0 8279 0 107 144819 0 0 0 9671 243 0 0 0 0 0 0 71 845 0 0 52 0 0 0 0 51 0 0 0 0 0 0 0 63 0 0 160 0 0 3256 0 1471 0 151 0 0 0 3338 0 1418 0 128 0 0 0 0 0 0 18 0 0 0 0 0 16 0 0 0 544 0 0 0 20 0 0 0 25 0 35 0 0 0 0 0 0 0 0 0 16 0 0 1 0 0 0 0 0 0 7 0 0 0 
0 9 0 0 75 1082 0 0 29 0 8 0 0 0 0 0 447 0 0 400 0 0 6079 0 5970 8613 0 0 6072 0 42 84574 0 0 0 7673 216 0 0 0 0 0 0 36 243 0 0 30 0 0 0 0 45 0 0 0 0 0 0 0 71 0 0 39 0 0 1241 0 1011 0 63 0 0 0 899 0 1022 0 52 0 0 0 0 0 0 4 0 0 0 0 0 1 0 0 0 173 0 0 0 12 0 0 0 6 0 5 0 0 0 0 0 0 0 0 0 5 0 0 0 0 0 0 0 0 0 0 0 0 0 
0 9 0 0 58 1337 0 0 30 0 8 0 0 0 0 0 335 0 0 328 0 0 7595 0 7155 6606 0 0 7576 0 50 118268 0 0 0 7408 132 0 0 0 0 0 0 35 465 0 0 23 0 0 0 0 49 0 0 0 0 0 0 0 45 0 0 34 0 0 1383 0 1527 0 37 0 0 0 996 0 1010 0 37 0 0 0 0 0 0 3 0 0 0 0 0 3 0 0 0 226 0 0 0 4 0 0 0 2 0 7 0 0 0 0 0 0 0 0 0 1 0 0 0 0 0 0 0 0 0 2 0 0 0 
0 12 0 0 70 1721 0 0 48 0 20 0 0 0 0 0 422 0 0 473 0 0 11706 0 8754 7241 0 0 8976 0 82 139454 0 0 0 9606 146 0 0 0 0 0 0 58 820 0 0 21 0 0 0 0 50 0 0 0 0 0 0 0 39 0 0 116 0 0 2802 0 1438 0 108 0 0 0 2342 0 1144 0 90 0 0 0 0 0 0 7 0 0 0 0 0 9 0 0 0 527 0 0 0 11 0 0 0 11 0 16 0 0 0 0 0 0 0 0 0 11 0 0 1 0 0 0 0 0 0 9 0 0 0 
0 9 0 0 58 1478 0 0 22 0 15 0 0 0 0 0 324 0 0 230 0 0 6295 0 7866 5940 0 0 7489 0 15 134486 0 0 0 8637 139 0 0 0 0 0 0 38 448 0 0 9 0 0 0 0 42 0 0 0 0 0 0 0 42 0 0 46 0 0 2338 0 1437 0 76 0 0 0 1818 0 1011 0 78 0 0 0 0 0 0 7 0 0 0 0 0 10 0 0 0 387 0 0 0 16 0 0 0 5 0 9 0 0 0 0 0 0 0 0 0 12 0 0 0 0 0 0 0 0 0 4 0 0 0 
0 13 0 0 78 1839 0 0 58 0 21 0 0 0 0 0 463 0 0 610 0 0 14320 0 9139 7761 0 0 9402 0 115 141959 0 0 0 10154 179 0 0 0 0 0 0 77 1122 0 0 17 0 0 0 0 48 0 0 0 0 0 0 0 47 0 0 132 0 0 2491 0 1525 0 96 0 0 0 2483 0 1186 0 99 0 0 0 0 0 0 15 0 0 0 0 0 8 0 0 0 397 0 0 0 11 0 0 0 9 0 21 0 0 0 0 0 0 0 0 0 10 0 0 0 0 0 0 0 0 0 6 0 0 0 
188 7 1640 1117 35 1012 17297 1105 15 15 7 284 186 7995 7004 5079 168 7449 5369 137 5927 113546 3600 182347 4643 3334 157380 268637 4775 2464 12 83073 1040746 99096 87832 4035 66 2077 9389 41 910 592 1348 16 236 9853 809 5 786 2016 1596 2079 15 49 84 45 65 2663 1571 903 17 1268 823 18 802 28745 1038 46398 910 724 26 1211 1254 32348 919 28323 555 1671 23 644 1247 11 5 8 21 2 175 141 3 10 13 3 217 48 2788 202 2636 182 338 5 408 247 299 3 380 5 89 189 176 10 10 20 18 398 250 2 166 51 0 1 0 4 2 0 1 0 61 35 66 
0 7 0 0 59 971 0 0 20 0 1 0 0 0 0 0 328 0 0 274 0 0 4876 0 5310 6913 0 0 6104 0 30 81614 0 0 0 7481 192 0 0 0 0 0 0 31 254 0 0 23 0 0 0 0 44 0 0 0 0 0 0 0 45 0 0 5 0 0 233 0 1063 0 8 0 0 0 90 0 1026 0 4 0 0 0 0 0 0 0 0 0 0 0 0 0 0 0 0 45 0 0 0 3 0 0 0 1 0 0 0 0 0 0 0 0 0 0 0 2 0 0 0 0 0 0 0 0 0 0 0 0 0 
0 7 0 0 50 1105 0 0 15 0 7 0 0 0 0 0 288 0 0 174 0 0 4076 0 5989 5642 0 0 6749 0 12 90152 0 0 0 6895 132 0 0 0 0 0 0 24 327 0 0 10 0 0 0 0 32 0 0 0 0 0 0 0 31 0 0 21 0 0 963 0 1099 0 40 0 0 0 992 0 953 0 41 0 0 0 0 0 0 2 0 0 0 0 0 1 0 0 0 131 0 0 0 4 0 0 0 2 0 3 0 0 0 0 0 0 0 0 0 7 0 0 1 0 0 0 0 0 0 0 0 0 0 
0 11 0 0 74 1609 0 0 41 0 15 0 0 0 0 0 425 0 0 459 0 0 10343 0 8331 8542 0 0 9064 0 64 122741 0 0 0 9121 186 0 0 0 0 0 0 66 777 0 0 29 0 0 0 0 53 0 0 0 0 0 0 0 58 0 0 82 0 0 1922 0 1322 0 82 0 0 0 1944 0 1311 0 84 0 0 0 0 0 0 5 0 0 0 0 0 7 0 0 0 324 0 0 0 8 0 0 0 10 0 15 0 0 0 0 0 0 0 0 0 6 0 0 0 0 0 0 0 0 0 1 0 0 0 
0 9 0 0 68 1271 0 0 32 0 5 0 0 0 0 0 380 0 0 379 0 0 7823 0 6823 8848 0 0 7383 0 58 93083 0 0 0 8494 198 0 0 0 0 0 0 54 580 0 0 42 0 0 0 0 49 0 0 0 0 0 0 0 56 0 0 31 0 0 579 0 971 0 38 0 0 0 594 0 1337 0 24 0 0 0 0 0 0 1 0 0 0 0 0 1 0 0 0 84 0 0 0 1 0 0 0 4 0 0 0 0 0 0 0 0 0 0 0 2 0 0 0 0 0 0 0 0 0 0 0 0 0 
0 11 0 0 74 1238 0 0 45 0 11 0 0 0 0 0 441 0 0 516 0 0 9160 0 6889 8622 0 0 8650 0 86 88194 0 0 0 7351 174 0 0 0 0 0 0 52 433 0 0 24 0 0 0 0 52 0 0 0 0 0 0 0 56 0 0 76 0 0 1107 0 1125 0 58 0 0 0 1189 0 1054 0 63 0 0 0 0 0 0 4 0 0 0 0 0 3 0 0 0 174 0 0 0 4 0 0 0 11 0 4 0 0 0 0 0 0 0 0 0 8 0 0 0 0 0 0 0 0 0 1 0 0 0 
0 9 0 0 64 1315 0 0 28 0 9 0 0 0 0 0 389 0 0 343 0 0 6691 0 7068 6986 0 0 6737 0 41 113896 0 0 0 8749 162 0 0 0 0 0 0 32 434 0 0 16 0 0 0 0 46 0 0 0 0 0 0 0 43 0 0 36 0 0 1591 0 1154 0 59 0 0 0 1122 0 1096 0 48 0 0 0 0 0 0 4 0 0 0 0 0 2 0 0 0 323 0 0 0 11 0 0 0 7 0 6 0 0 0 0 0 0 0 0 0 9 0 0 0 0 0 0 0 0 0 2 0 0 0 
0 11 0 0 79 1520 0 0 45 0 12 0 0 0 0 0 441 0 0 524 0 0 11016 0 7836 9336 0 0 8591 0 89 122417 0 0 0 9316 212 0 0 0 0 0 0 64 637 0 0 37 0 0 0 0 52 0 0 0 0 0 0 0 63 0 0 73 0 0 1507 0 1622 0 67 0 0 0 1482 0 1256 0 67 0 0 0 0 0 0 4 0 0 0 0 0 4 0 0 0 168 0 0 0 8 0 0 0 13 0 14 0 0 0 0 0 0 0 0 0 12 0 0 0 0 0 0 0 0 0 0 0 0 0 
0 5 0 0 36 760 0 0 7 0 3 0 0 0 0 0 231 0 0 84 0 0 1803 0 4390 3982 0 0 4291 0 4 58185 0 0 0 4815 95 0 0 0 0 0 0 13 184 0 0 3 0 0 0 0 21 0 0 0 0 0 0 0 21 0 0 3 0 0 418 0 642 0 15 0 0 0 323 0 631 0 14 0 0 0 0 0 0 0 0 0 0 0 0 1 0 0 0 57 0 0 0 2 0 0 0 2 0 2 0 0 0 0 0 0 0 0 0 6 0 0 0 0 0 0 0 0 0 0 0 0 0 
0 9 0 0 65 1280 0 0 28 0 11 0 0 0 0 0 375 0 0 334 0 0 6746 0 6897 7272 0 0 7030 0 39 101572 0 0 0 7889 175 0 0 0 0 0 0 30 432 0 0 22 0 0 0 0 42 0 0 0 0 0 0 0 54 0 0 48 0 0 1462 0 1214 0 63 0 0 0 1717 0 1076 0 62 0 0 0 0 0 0 5 0 0 0 0 0 4 0 0 0 223 0 0 0 3 0 0 0 4 0 9 0 0 0 0 0 0 0 0 0 10 0 0 0 0 0 0 0 0 0 2 0 0 0 
0 11 0 0 68 1766 0 0 41 0 15 0 0 0 0 0 404 0 0 420 0 0 11489 0 8830 7858 0 0 9101 0 67 159923 0 0 0 9536 161 0 0 0 0 0 0 57 852 0 0 24 0 0 0 0 48 0 0 0 0 0 0 0 39 0 0 78 0 0 2055 0 1785 0 80 0 0 0 2071 0 1294 0 69 0 0 0 0 0 0 9 0 0 0 0 0 5 0 0 0 306 0 0 0 6 0 0 0 9 0 11 0 0 0 0 0 0 0 0 0 9 0 0 1 0 0 0 0 0 0 3 0 0 0 
0 9 0 0 70 1195 0 0 28 0 10 0 0 0 0 0 386 0 0 368 0 0 6636 0 6438 7851 0 0 7871 0 39 97019 0 0 0 7470 209 0 0 0 0 0 0 39 346 0 0 19 0 0 0 0 67 0 0 0 0 0 0 0 60 0 0 46 0 0 1314 0 1364 0 70 0 0 0 1203 0 1070 0 59 0 0 0 0 0 0 2 0 0 0 0 0 4 0 0 0 170 0 0 0 10 0 0 0 6 0 5 0 0 0 0 0 0 0 0 0 7 0 0 1 0 0 0 0 0 0 1 0 0 0 
0 12 0 0 80 1592 0 0 51 0 17 0 0 0 0 0 454 0 0 571 0 0 11888 0 8223 8854 0 0 8846 0 95 120461 0 0 0 8965 207 0 0 0 0 0 0 73 714 0 0 23 0 0 0 0 48 0 0 0 0 0 0 0 60 0 0 116 0 0 2183 0 1384 0 93 0 0 0 1913 0 1370 0 91 0 0 0 0 0 0 6 0 0 0 0 0 6 0 0 0 278 0 0 0 11 0 0 0 7 0 15 0 0 0 0 0 0 0 0 0 10 0 0 1 0 0 0 0 0 0 1 0 0 0 
26 10 107 222 73 958 318 184 38 0 8 7 38 814 801 1484 448 477 1335 475 1214 20849 6705 3921 5457 8012 20408 1915 6061 482 68 57153 2453 5601 2327 5740 197 714 1386 6 50 156 11 37 280 260 104 24 0 0 0 0 31 0 0 0 12 0 192 149 64 28 210 55 157 4294 796 126 857 218 37 48 70 745 529 784 755 92 51 258 208 0 2 0 0 1 32 0 0 0 0 2 13 16 69 81 21 35 20 9 0 0 0 5 0 2 33 4 8 0 0 0 0 0 8 8 19 0 0 0 0 0 0 0 0 0 6 5 0 
0 11 0 0 85 1262 0 0 38 0 19 0 0 0 0 0 470 0 0 471 0 0 7535 0 6710 8699 0 0 7291 0 52 100870 0 0 0 8142 257 0 0 0 0 0 0 60 324 0 0 29 0 0 0 0 47 0 0 0 0 0 0 0 79 0 0 89 0 0 2588 0 1264 0 101 0 0 0 1367 0 1166 0 128 0 0 0 0 0 0 15 0 0 0 0 0 11 0 0 0 360 0 0 0 26 0 0 0 8 0 9 0 0 0 0 0 0 0 0 0 19 0 0 0 0 0 0 0 0 0 7 0 0 0 
0 10 0 0 75 1179 0 0 34 0 12 0 0 0 0 0 423 0 0 439 0 0 7260 0 6493 8125 0 0 7228 0 53 81210 0 0 0 7624 221 0 0 0 0 0 0 41 393 0 0 19 0 0 0 0 54 0 0 0 0 0 0 0 72 0 0 52 0 0 1493 0 1075 0 63 0 0 0 1107 0 1148 0 85 0 0 0 0 0 0 4 0 0 0 0 0 9 0 0 0 137 0 0 0 11 0 0 0 4 0 8 0 0 0 0 0 0 0 0 0 10 0 0 0 0 0 0 0 0 0 2 0 0 0 
0 6 0 0 49 313 0 0 14 0 1 0 0 0 0 0 315 0 0 201 0 0 1296 0 1906 5651 0 0 1986 0 16 9815 0 0 0 2133 152 0 0 0 0 0 0 12 54 0 0 10 0 0 0 0 16 0 0 0 0 0 0 0 46 0 0 4 0 0 64 0 217 0 3 0 0 0 66 0 393 0 10 0 0 0 0 0 0 0 0 0 0 0 0 0 0 0 0 9 0 0 0 1 0 0 0 0 0 0 0 0 0 0 0 0 0 0 0 1 0 0 0 0 0 0 0 0 0 0 0 0 0 
0 9 0 0 66 1300 0 0 26 0 13 0 0 0 0 0 356 0 0 304 0 0 6064 0 6734 6837 0 0 6948 0 33 128081 0 0 0 7844 202 0 0 0 0 0 0 30 266 0 0 20 0 0 0 0 44 0 0 0 0 0 0 0 66 0 0 45 0 0 2254 0 1531 0 73 0 0 0 2011 0 1064 0 82 0 0 0 0 0 0 7 0 0 0 0 0 4 0 0 0 386 0 0 0 16 0 0 0 12 0 11 0 0 0 0 0 0 0 0 0 9 0 0 3 0 0 0 0 0 0 4 0 0 0 
0 9 0 0 67 763 0 0 23 0 14 0 0 0 0 0 402 0 0 286 0 0 3288 0 4361 6926 0 0 4066 0 24 60483 0 0 0 4589 184 0 0 0 0 0 0 22 165 0 0 22 0 0 0 0 37 0 0 0 0 0 0 0 62 0 0 36 0 0 1542 0 860 0 78 0 0 0 763 0 640 0 82 0 0 0 0 0 0 9 0 0 0 0 0 7 0 0 0 155 0 0 0 12 0 0 0 5 0 10 0 0 0 0 0 0 0 0 0 15 0 0 0 0 0 0 0 0 0 5 0 0 0 
0 9 0 0 78 960 0 0 34 0 2 0 0 0 0 0 444 0 0 479 0 0 6576 0 5228 8825 0 0 6934 0 70 61902 0 0 0 6840 241 0 0 0 0 0 0 57 341 0 0 32 0 0 0 0 60 0 0 0 0 0 0 0 70 0 0 14 0 0 208 0 995 0 17 0 0 0 125 0 1039 0 14 0 0 0 0 0 0 0 0 0 0 0 0 0 0 0 0 19 0 0 0 2 0 0 0 0 0 0 0 0 0 0 0 0 0 0 0 1 0 0 0 0 0 0 0 0 0 0 0 0 0 
0 9 0 0 64 1155 0 0 28 0 8 0 0 0 0 0 390 0 0 332 0 0 6598 0 6412 6916 0 0 8217 0 40 85971 0 0 0 6919 165 0 0 0 0 0 0 57 368 0 0 14 0 0 0 0 45 0 0 0 0 0 0 0 42 0 0 32 0 0 1148 0 1200 0 41 0 0 0 564 0 984 0 52 0 0 0 0 0 0 5 0 0 0 0 0 4 0 0 0 77 0 0 0 5 0 0 0 3 0 3 0 0 0 0 0 0 0 0 0 6 0 0 0 0 0 0 0 0 0 0 0 0 0 
0 6 0 0 39 450 0 0 13 0 2 0 0 0 0 0 284 0 0 141 0 0 1990 0 2883 4676 0 0 3418 0 13 25818 0 0 0 2044 89 0 0 0 0 0 0 7 52 0 0 8 0 0 0 0 16 0 0 0 0 0 0 0 33 0 0 6 0 0 110 0 349 0 14 0 0 0 32 0 320 0 17 0 0 0 0 0 0 1 0 0 0 0 0 0 0 0 0 3 0 0 0 1 0 0 0 0 0 0 0 0 0 0 0 0 0 0 0 0 0 0 0 0 0 0 0 0 0 0 0 0 0 
114 18 831 1785 89 1726 6367 563 120 14 36 74 254 4087 11753 8152 427 3733 7447 1043 2989 60120 20865 57032 7584 8453 162359 83516 10145 1050 389 113645 232577 63439 87459 7036 166 10382 4001 52 867 676 413 115 1140 2756 931 44 204 1542 1217 1205 40 58 48 153 22 291 1086 3137 52 306 906 364 305 30780 3612 7489 1559 1084 120 984 906 9158 2132 23380 907 309 128 2889 577 21 6 8 5 27 213 16 10 12 4 27 45 240 2428 382 358 511 123 23 21 114 207 23 232 43 128 48 95 22 7 2 18 35 107 13 319 16 2 3 0 1 1 4 0 14 21 91 3 
0 9 0 0 72 1011 0 0 29 0 7 0 0 0 0 0 424 0 0 406 0 0 5752 0 5542 8062 0 0 6057 0 42 82032 0 0 0 6901 214 0 0 0 0 0 0 38 323 0 0 18 0 0 0 0 41 0 0 0 0 0 0 0 62 0 0 35 0 0 972 0 1137 0 40 0 0 0 430 0 940 0 44 0 0 0 0 0 0 2 0 0 0 0 0 1 0 0 0 125 0 0 0 8 0 0 0 4 0 4 0 0 0 0 0 0 0 0 0 6 0 0 0 0 0 0 0 0 0 0 0 0 0 
0 11 0 0 87 1232 0 0 42 0 14 0 0 0 0 0 492 0 0 565 0 0 8152 0 6597 9444 0 0 7246 0 70 82730 0 0 0 8084 258 0 0 0 0 0 0 58 416 0 0 33 0 0 0 0 43 0 0 0 0 0 0 0 72 0 0 78 0 0 2035 0 948 0 81 0 0 0 1108 0 1254 0 84 0 0 0 0 0 0 15 0 0 0 0 0 5 0 0 0 240 0 0 0 16 0 0 0 6 0 6 0 0 0 0 0 0 0 0 0 12 0 0 0 0 0 0 0 0 0 0 0 0 0 
0 10 0 0 68 1325 0 0 36 0 10 0 0 0 0 0 393 0 0 399 0 0 8202 0 6840 7468 0 0 8950 0 60 107957 0 0 0 7981 176 0 0 0 0 0 0 63 472 0 0 21 0 0 0 0 48 0 0 0 0 0 0 0 44 0 0 55 0 0 1301 0 1729 0 41 0 0 0 1417 0 990 0 37 0 0 0 0 0 0 3 0 0 0 0 0 5 0 0 0 226 0 0 0 16 0 0 0 15 0 4 0 0 0 0 0 0 0 0 0 14 0 0 0 0 0 0 0 0 0 1 0 0 0 
0 14 0 0 94 1444 0 0 68 0 25 0 0 0 0 0 532 0 0 776 0 0 12192 0 7593 10115 0 0 7695 0 153 122423 0 0 0 8992 229 0 0 0 0 0 0 53 465 0 0 36 0 0 0 0 53 0 0 0 0 0 0 0 79 0 0 168 0 0 3187 0 1603 0 145 0 0 0 2101 0 1098 0 144 0 0 0 0 0 0 15 0 0 0 0 0 15 0 0 0 402 0 0 0 29 0 0 0 14 0 29 0 0 0 0 0 0 0 0 0 16 0 0 1 0 0 0 0 0 0 7 0 0 0 
0 11 0 0 80 1260 0 0 45 0 10 0 0 0 0 0 454 0 0 549 0 0 9203 0 7190 8284 0 0 7499 0 89 82398 0 0 0 8118 232 0 0 0 0 0 0 54 490 0 0 25 0 0 0 0 56 0 0 0 0 0 0 0 49 0 0 62 0 0 1105 0 957 0 67 0 0 0 964 0 1056 0 67 0 0 0 0 0 0 4 0 0 0 0 0 2 0 0 0 148 0 0 0 9 0 0 0 8 0 8 0 0 0 0 0 0 0 0 0 5 0 0 0 0 0 0 0 0 0 0 0 0 0 
0 10 0 0 78 896 0 0 39 0 6 0 0 0 0 0 511 0 0 521 0 0 6434 0 5377 8559 0 0 5632 0 77 49790 0 0 0 5785 234 0 0 0 0 0 0 45 236 0 0 22 0 0 0 0 51 0 0 0 0 0 0 0 62 0 0 38 0 0 470 0 683 0 42 0 0 0 508 0 790 0 39 0 0 0 0 0 0 0 0 0 0 0 0 1 0 0 0 66 0 0 0 7 0 0 0 5 0 4 0 0 0 0 0 0 0 0 0 4 0 0 0 0 0 0 0 0 0 0 0 0 0 
0 12 0 0 88 1674 0 0 55 0 12 0 0 0 0 0 473 0 0 668 0 0 13135 0 8522 9071 0 0 9437 0 126 156525 0 0 0 11149 241 0 0 0 0 0 0 90 769 0 0 32 0 0 0 0 61 0 0 0 0 0 0 0 67 0 0 87 0 0 2035 0 2019 0 91 0 0 0 1284 0 1291 0 73 0 0 0 0 0 0 4 0 0 0 0 0 3 0 0 0 274 0 0 0 11 0 0 0 6 0 9 0 0 0 0 0 0 0 0 0 1 0 0 0 0 0 0 0 0 0 1 0 0 0 
0 10 0 0 79 1023 0 0 30 0 16 0 0 0 0 0 439 0 0 404 0 0 5605 0 5705 8544 0 0 6852 0 29 63508 0 0 0 7441 252 0 0 0 0 0 0 44 238 0 0 23 0 0 0 0 39 0 0 0 0 0 0 0 73 0 0 73 0 0 1506 0 902 0 84 0 0 0 1343 0 893 0 108 0 0 0 0 0 0 3 0 0 0 0 0 1 0 0 0 200 0 0 0 16 0 0 0 10 0 12 0 0 0 0 0 0 0 0 0 11 0 0 1 0 0 0 0 0 0 9 0 0 0 
0 11 0 0 81 1377 0 0 46 0 11 0 0 0 0 0 463 0 0 555 0 0 9913 0 7221 8774 0 0 8322 0 95 112271 0 0 0 8975 210 0 0 0 0 0 0 70 548 0 0 32 0 0 0 0 59 0 0 0 0 0 0 0 63 0 0 71 0 0 1783 0 1451 0 66 0 0 0 1174 0 1235 0 65 0 0 0 0 0 0 6 0 0 0 0 0 3 0 0 0 238 0 0 0 13 0 0 0 8 0 8 0 0 0 0 0 0 0 0 0 6 0 0 0 0 0 0 0 0 0 0 0 0 0 
0 8 0 0 63 576 0 0 23 0 5 0 0 0 0 0 407 0 0 318 0 0 3057 0 3391 7713 0 0 2864 0 29 30612 0 0 0 3762 176 0 0 0 0 0 0 17 76 0 0 17 0 0 0 0 21 0 0 0 0 0 0 0 54 0 0 24 0 0 485 0 452 0 34 0 0 0 250 0 509 0 29 0 0 0 0 0 0 1 0 0 0 0 0 1 0 0 0 36 0 0 0 3 0 0 0 0 0 1 0 0 0 0 0 0 0 0 0 5 0 0 0 0 0 0 0 0 0 0 0 0 0 
0 7 0 0 52 1045 0 0 16 0 5 0 0 0 0 0 314 0 0 195 0 0 4176 0 5705 5273 0 0 5622 0 13 100280 0 0 0 6701 139 0 0 0 0 0 0 23 255 0 0 12 0 0 0 0 40 0 0 0 0 0 0 0 45 0 0 19 0 0 887 0 1185 0 32 0 0 0 451 0 863 0 28 0 0 0 0 0 0 1 0 0 0 0 0 0 0 0 0 110 0 0 0 8 0 0 0 0 0 2 0 0 0 0 0 0 0 0 0 3 0 0 0 0 0 0 0 0 0 0 0 0 0 
0 7 0 0 62 709 0 0 16 0 5 0 0 0 0 0 361 0 0 240 0 0 2857 0 3944 5955 0 0 4913 0 15 45759 0 0 0 5005 225 0 0 0 0 0 0 24 122 0 0 9 0 0 0 0 30 0 0 0 0 0 0 0 74 0 0 15 0 0 599 0 755 0 30 0 0 0 425 0 671 0 43 0 0 0 0 0 0 1 0 0 0 0 0 1 0 0 0 49 0 0 0 10 0 0 0 1 0 3 0 0 0 0 0 0 0 0 0 4 0 0 0 0 0 0 0 0 0 0 0 0 0 
0 11 0 0 94 1276 0 0 42 0 15 0 0 0 0 0 501 0 0 592 0 0 8999 0 6666 10118 0 0 7011 0 76 85217 0 0 0 9662 294 0 0 0 0 0 0 47 505 0 0 38 0 0 0 0 60 0 0 0 0 0 0 0 97 0 0 75 0 0 1407 0 1062 0 91 0 0 0 1355 0 1426 0 118 0 0 0 0 0 0 5 0 0 0 0 0 15 0 0 0 184 0 0 0 15 0 0 0 13 0 9 0 0 0 0 0 0 0 0 0 16 0 0 0 0 0 0 0 0 0 3 0 0 0 
0 9 0 0 64 926 0 0 27 0 11 0 0 0 0 0 442 0 0 337 0 0 4774 0 4997 6787 0 0 4731 0 34 75612 0 0 0 5337 183 0 0 0 0 0 0 24 269 0 0 14 0 0 0 0 27 0 0 0 0 0 0 0 34 0 0 44 0 0 1527 0 1043 0 60 0 0 0 792 0 645 0 67 0 0 0 0 0 0 9 0 0 0 0 0 3 0 0 0 108 0 0 0 9 0 0 0 5 0 8 0 0 0 0 0 0 0 0 0 8 0 0 0 0 0 0 0 0 0 1 0 0 0 
0 9 0 0 70 902 0 0 26 0 10 0 0 0 0 0 386 0 0 333 0 0 4889 0 4971 8350 0 0 6893 0 29 59086 0 0 0 5752 203 0 0 0 0 0 0 43 212 0 0 17 0 0 0 0 39 0 0 0 0 0 0 0 59 0 0 40 0 0 1157 0 854 0 63 0 0 0 560 0 731 0 64 0 0 0 0 0 0 3 0 0 0 0 0 5 0 0 0 71 0 0 0 7 0 0 0 4 0 7 0 0 0 0 0 0 0 0 0 11 0 0 0 0 0 0 0 0 0 0 0 0 0 
0 10 0 0 77 714 0 0 31 0 16 0 0 0 0 0 470 0 0 428 0 0 3836 0 4150 8991 0 0 3787 0 39 28483 0 0 0 4596 219 0 0 0 0 0 0 24 206 0 0 25 0 0 0 0 36 0 0 0 0 0 0 0 73 0 0 61 0 0 1210 0 452 0 94 0 0 0 995 0 733 0 78 0 0 0 0 0 0 4 0 0 0 0 0 9 0 0 0 159 0 0 0 10 0 0 0 6 0 14 0 0 0 0 0 0 0 0 0 18 0 0 2 0 0 0 0 0 0 8 0 0 0 
0 9 0 0 67 917 0 0 27 0 10 0 0 0 0 0 421 0 0 333 0 0 4807 0 4931 7395 0 0 6006 0 32 54524 0 0 0 5733 176 0 0 0 0 0 0 37 240 0 0 20 0 0 0 0 50 0 0 0 0 0 0 0 58 0 0 46 0 0 1143 0 787 0 56 0 0 0 836 0 807 0 63 0 0 0 0 0 0 3 0 0 0 0 0 2 0 0 0 141 0 0 0 8 0 0 0 4 0 7 0 0 0 0 0 0 0 0 0 8 0 0 0 0 0 0 0 0 0 1 0 0 0 
54 8 1056 369 38 902 1372 316 18 14 10 61 50 6339 5731 1539 210 5557 1789 142 1831 39729 3816 14080 4525 4160 38467 49591 5572 698 13 68834 21935 47251 8098 3748 61 712 5253 22 564 191 234 15 187 911 210 6 294 1157 951 583 26 55 54 46 30 1285 965 404 20 266 253 27 222 8226 1256 2761 936 198 49 334 685 4298 606 2031 480 259 35 190 690 17 6 9 8 7 50 22 4 5 9 7 49 21 237 121 117 58 210 10 64 60 145 2 67 1 28 33 33 5 10 10 17 112 42 3 29 2 0 3 1 1 3 0 1 1 11 10 9 
55 11 709 531 74 1000 1429 326 45 5 10 58 70 3838 5956 3248 362 3524 2619 519 1927 42447 7719 14645 5042 8553 46852 29481 7395 727 86 53357 23656 45293 12125 6090 188 1900 4098 34 441 300 131 54 312 1062 319 25 143 448 467 201 54 21 20 32 31 646 871 429 56 265 296 69 230 6802 879 2271 806 418 61 492 575 8000 603 3189 836 351 48 514 622 4 4 3 3 1 48 16 1 5 0 3 59 27 224 60 346 59 71 5 46 28 61 7 32 5 46 38 53 7 6 4 3 67 44 5 47 4 0 3 1 1 0 0 2 1 11 9 5 
0 12 0 0 86 1508 0 0 55 0 12 0 0 0 0 0 454 0 0 652 0 0 12360 0 7537 9132 0 0 10038 0 127 121187 0 0 0 9971 240 0 0 0 0 0 0 86 743 0 0 34 0 0 0 0 60 0 0 0 0 0 0 0 72 0 0 84 0 0 1464 0 1689 0 84 0 0 0 1044 0 1259 0 45 0 0 0 0 0 0 6 0 0 0 0 0 4 0 0 0 150 0 0 0 9 0 0 0 7 0 8 0 0 0 0 0 0 0 0 0 13 0 0 0 0 0 0 0 0 0 1 0 0 0 
55 5 471 241 35 529 1467 414 9 5 1 19 30 2323 1572 1492 184 2780 1507 100 2697 52070 1655 19232 3031 3640 25218 23563 3715 1137 7 35260 25324 21365 5639 2980 94 382 3074 5 134 192 127 11 55 1363 153 9 45 332 354 227 24 23 27 13 19 388 296 42 20 115 151 3 397 3277 170 922 502 161 4 56 296 1368 118 1419 412 120 4 90 450 0 3 5 3 0 26 2 1 5 1 0 28 7 78 27 27 8 41 1 10 13 43 0 23 0 41 14 7 5 9 3 1 56 15 1 5 2 0 0 1 0 0 0 1 0 0 0 2 
91 12 323 955 83 1306 4038 572 46 4 21 57 132 2677 2647 5952 412 1836 4956 552 3471 69171 9223 44860 6369 8265 99250 24493 8720 1335 68 99595 116851 11107 37285 7842 222 3203 1666 15 327 609 158 52 512 2878 653 23 33 180 169 308 56 17 16 21 17 96 523 1500 57 317 587 114 410 18134 2388 4201 1371 849 118 472 162 4214 1436 9870 1038 330 110 863 201 4 8 2 1 13 119 7 1 2 1 11 39 83 888 238 407 217 107 28 13 29 28 16 15 20 94 26 67 8 3 0 4 10 82 15 143 5 0 2 0 0 1 1 1 4 26 35 6 
110 5 892 505 33 349 5857 712 7 1 3 139 44 5176 3871 3019 194 4617 2757 78 4260 91286 911 63756 1970 3538 33791 82055 2974 1663 3 16778 202185 42578 24815 2002 69 662 5362 17 250 316 446 11 33 5891 245 3 237 61 55 76 27 4 1 2 42 783 235 267 26 625 225 5 611 3974 234 12479 268 251 21 592 645 13287 146 4067 216 709 15 100 719 0 2 2 0 1 38 51 0 1 0 1 174 6 308 15 1076 17 22 3 118 12 8 1 19 0 21 98 39 0 0 2 1 101 47 0 42 2 0 1 0 0 0 0 0 0 3 2 19 
0 10 0 0 72 1319 0 0 35 0 12 0 0 0 0 0 373 0 0 397 0 0 8064 0 6805 7940 0 0 8552 0 50 115145 0 0 0 7672 205 0 0 0 0 0 0 58 544 0 0 34 0 0 0 0 60 0 0 0 0 0 0 0 51 0 0 73 0 0 1858 0 1392 0 65 0 0 0 1114 0 1111 0 64 0 0 0 0 0 0 4 0 0 0 0 0 2 0 0 0 229 0 0 0 14 0 0 0 6 0 6 0 0 0 0 0 0 0 0 0 11 0 0 1 0 0 0 0 0 0 1 0 0 0 
0 7 0 0 47 854 0 0 15 0 7 0 0 0 0 0 278 0 0 170 0 0 3389 0 4564 5354 0 0 5652 0 12 74117 0 0 0 5617 116 0 0 0 0 0 0 17 168 0 0 6 0 0 0 0 35 0 0 0 0 0 0 0 46 0 0 18 0 0 933 0 1132 0 43 0 0 0 461 0 768 0 27 0 0 0 0 0 0 4 0 0 0 0 0 3 0 0 0 59 0 0 0 10 0 0 0 5 0 3 0 0 0 0 0 0 0 0 0 8 0 0 0 0 0 0 0 0 0 0 0 0 0 
35 4 284 110 31 624 587 248 5 2 1 8 29 1966 820 775 169 1553 639 56 1610 31520 1310 7306 3289 3325 16216 8717 4598 624 2 60040 6294 13616 1453 4453 79 111 1734 3 98 69 45 11 54 485 92 6 17 285 185 45 36 11 10 5 11 0 88 17 29 49 147 2 210 5331 218 238 879 210 7 22 200 854 126 756 550 54 4 55 268 1 0 4 0 0 33 1 0 4 0 0 6 6 109 49 12 10 24 2 0 7 27 1 15 0 21 6 2 0 1 0 0 0 3 1 6 1 0 0 0 0 0 0 0 0 1 2 0 
25 7 640 146 46 1151 288 167 17 5 4 12 25 4308 2816 838 233 3544 770 163 993 18990 4691 3421 5557 5339 23414 13535 7359 456 19 107752 2037 35369 1399 6624 105 296 3148 21 488 101 72 30 351 188 137 16 123 630 535 93 36 21 22 22 21 80 620 68 36 63 118 12 126 4126 627 250 1421 140 25 55 597 1395 673 497 904 48 23 105 457 1 6 2 0 1 27 1 1 3 1 1 14 7 33 95 10 11 69 3 2 9 66 1 14 2 23 11 7 2 7 0 1 13 10 3 15 3 0 0 0 0 0 0 1 0 3 2 0 
0 5 0 0 41 428 0 0 7 0 3 0 0 0 0 0 235 0 0 102 0 0 1163 0 2427 4717 0 0 3434 0 2 22919 0 0 0 3073 109 0 0 0 0 0 0 7 44 0 0 4 0 0 0 0 32 0 0 0 0 0 0 0 45 0 0 7 0 0 219 0 376 0 20 0 0 0 209 0 451 0 16 0 0 0 0 0 0 0 0 0 0 0 0 0 0 0 0 10 0 0 0 7 0 0 0 1 0 1 0 0 0 0 0 0 0 0 0 2 0 0 0 0 0 0 0 0 0 0 0 0 0 
0 10 0 0 73 1182 0 0 39 0 6 0 0 0 0 0 402 0 0 497 0 0 8538 0 6387 7845 0 0 7819 0 78 92901 0 0 0 8488 210 0 0 0 0 0 0 39 428 0 0 27 0 0 0 0 56 0 0 0 0 0 0 0 72 0 0 36 0 0 776 0 1226 0 43 0 0 0 272 0 1107 0 24 0 0 0 0 0 0 2 0 0 0 0 0 2 0 0 0 79 0 0 0 3 0 0 0 5 0 2 0 0 0 0 0 0 0 0 0 2 0 0 0 0 0 0 0 0 0 0 0 0 0 
0 12 0 0 96 1440 0 0 54 0 13 0 0 0 0 0 506 0 0 706 0 0 11759 0 7435 10837 0 0 9145 0 121 98973 0 0 0 9819 294 0 0 0 0 0 0 74 638 0 0 44 0 0 0 0 77 0 0 0 0 0 0 0 64 0 0 85 0 0 1227 0 1214 0 83 0 0 0 1313 0 1371 0 73 0 0 0 0 0 0 2 0 0 0 0 0 11 0 0 0 193 0 0 0 13 0 0 0 11 0 9 0 0 0 0 0 0 0 0 0 20 0 0 0 0 0 0 0 0 0 2 0 0 0 
22 7 238 122 56 801 228 165 13 5 8 3 28 1206 1162 874 305 1477 805 172 1061 19260 2362 3040 4149 5788 12950 4755 5015 492 8 67129 1481 8422 1002 5619 166 194 1127 7 120 84 15 19 160 187 74 8 19 449 282 77 40 32 19 12 7 0 135 102 52 22 131 16 154 4049 1155 58 930 210 35 14 134 189 622 463 760 14 61 70 127 1 1 3 0 3 32 0 0 5 3 6 1 13 54 160 1 32 20 7 0 4 28 15 18 0 20 1 2 1 12 0 11 0 1 8 19 0 0 2 0 0 2 0 0 2 0 9 0 
0 8 0 0 56 846 0 0 16 0 14 0 0 0 0 0 292 0 0 190 0 0 3174 0 4734 6031 0 0 7495 0 9 50619 0 0 0 5205 144 0 0 0 0 0 0 22 171 0 0 9 0 0 0 0 44 0 0 0 0 0 0 0 35 0 0 30 0 0 1548 0 940 0 78 0 0 0 1103 0 757 0 70 0 0 0 0 0 0 7 0 0 0 0 0 9 0 0 0 150 0 0 0 15 0 0 0 17 0 11 0 0 0 0 0 0 0 0 0 10 0 0 0 0 0 0 0 0 0 3 0 0 0 
0 10 0 0 75 1222 0 0 36 0 9 0 0 0 0 0 440 0 0 460 0 0 7859 0 6319 7792 0 0 7708 0 57 105290 0 0 0 8100 209 0 0 0 0 0 0 41 480 0 0 24 0 0 0 0 58 0 0 0 0 0 0 0 54 0 0 56 0 0 1332 0 1457 0 54 0 0 0 592 0 1055 0 46 0 0 0 0 0 0 1 0 0 0 0 0 3 0 0 0 104 0 0 0 13 0 0 0 10 0 1 0 0 0 0 0 0 0 0 0 8 0 0 0 0 0 0 0 0 0 2 0 0 0 
0 10 0 0 79 1116 0 0 32 0 14 0 0 0 0 0 422 0 0 431 0 0 6602 0 6081 8470 0 0 7350 0 40 77311 0 0 0 7586 217 0 0 0 0 0 0 39 361 0 0 26 0 0 0 0 65 0 0 0 0 0 0 0 65 0 0 63 0 0 1207 0 970 0 91 0 0 0 1548 0 1148 0 89 0 0 0 0 0 0 4 0 0 0 0 0 9 0 0 0 166 0 0 0 8 0 0 0 11 0 11 0 0 0 0 0 0 0 0 0 12 0 0 0 0 0 0 0 0 0 1 0 0 0 
0 9 0 0 60 1119 0 0 24 0 13 0 0 0 0 0 340 0 0 264 0 0 5160 0 6155 6782 0 0 6975 0 22 98597 0 0 0 5817 147 0 0 0 0 0 0 32 281 0 0 16 0 0 0 0 47 0 0 0 0 0 0 0 45 0 0 44 0 0 1665 0 1293 0 60 0 0 0 1461 0 829 0 64 0 0 0 0 0 0 5 0 0 0 0 0 5 0 0 0 258 0 0 0 9 0 0 0 16 0 12 0 0 0 0 0 0 0 0 0 11 0 0 2 0 0 0 0 0 0 1 0 0 0 
0 8 0 0 63 1326 0 0 21 0 7 0 0 0 0 0 360 0 0 282 0 0 5672 0 6839 6023 0 0 8082 0 23 143487 0 0 0 8841 187 0 0 0 0 0 0 29 387 0 0 18 0 0 0 0 58 0 0 0 0 0 0 0 51 0 0 24 0 0 1307 0 1817 0 32 0 0 0 1041 0 971 0 39 0 0 0 0 0 0 2 0 0 0 0 0 0 0 0 0 227 0 0 0 11 0 0 0 7 0 7 0 0 0 0 0 0 0 0 0 6 0 0 0 0 0 0 0 0 0 0 0 0 0 
0 8 0 0 47 921 0 0 18 0 11 0 0 0 0 0 255 0 0 160 0 0 3911 0 4912 4595 0 0 6547 0 14 81512 0 0 0 4833 100 0 0 0 0 0 0 27 286 0 0 12 0 0 0 0 46 0 0 0 0 0 0 0 34 0 0 29 0 0 1413 0 1334 0 63 0 0 0 494 0 689 0 43 0 0 0 0 0 0 6 0 0 0 0 0 6 0 0 0 97 0 0 0 12 0 0 0 7 0 5 0 0 0 0 0 0 0 0 0 4 0 0 0 0 0 0 0 0 0 2 0 0 0 
0 9 0 0 64 1084 0 0 28 0 9 0 0 0 0 0 338 0 0 319 0 0 6306 0 5752 7628 0 0 8465 0 39 78287 0 0 0 6680 166 0 0 0 0 0 0 41 353 0 0 24 0 0 0 0 58 0 0 0 0 0 0 0 53 0 0 40 0 0 864 0 1243 0 60 0 0 0 767 0 968 0 51 0 0 0 0 0 0 2 0 0 0 0 0 3 0 0 0 86 0 0 0 9 0 0 0 4 0 5 0 0 0 0 0 0 0 0 0 4 0 0 1 0 0 0 0 0 0 1 0 0 0 
0 10 0 0 65 1454 0 0 29 0 17 0 0 0 0 0 348 0 0 303 0 0 7681 0 7556 6492 0 0 8945 0 32 132189 0 0 0 8278 156 0 0 0 0 0 0 45 533 0 0 16 0 0 0 0 48 0 0 0 0 0 0 0 47 0 0 54 0 0 2440 0 1662 0 96 0 0 0 1396 0 1071 0 83 0 0 0 0 0 0 10 0 0 0 0 0 13 0 0 0 293 0 0 0 17 0 0 0 12 0 13 0 0 0 0 0 0 0 0 0 10 0 0 0 0 0 0 0 0 0 6 0 0 0 
0 10 0 0 58 1022 0 0 39 0 6 0 0 0 0 0 337 0 0 382 0 0 7426 0 5710 6433 0 0 8152 0 76 66670 0 0 0 5004 128 0 0 0 0 0 0 46 309 0 0 16 0 0 0 0 42 0 0 0 0 0 0 0 35 0 0 40 0 0 399 0 1047 0 31 0 0 0 585 0 666 0 27 0 0 0 0 0 0 2 0 0 0 0 0 1 0 0 0 61 0 0 0 7 0 0 0 3 0 1 0 0 0 0 0 0 0 0 0 1 0 0 0 0 0 0 0 0 0 0 0 0 0 
0 12 0 0 85 1654 0 0 53 0 13 0 0 0 0 0 481 0 0 597 0 0 12899 0 8299 8867 0 0 10228 0 110 141145 0 0 0 10167 232 0 0 0 0 0 0 80 809 0 0 42 0 0 0 0 72 0 0 0 0 0 0 0 59 0 0 91 0 0 1692 0 1806 0 78 0 0 0 1419 0 1273 0 65 0 0 0 0 0 0 8 0 0 0 0 0 3 0 0 0 238 0 0 0 18 0 0 0 12 0 7 0 0 0 0 0 0 0 0 0 7 0 0 0 0 0 0 0 0 0 1 0 0 0 
0 8 0 0 52 1113 0 0 16 0 13 0 0 0 0 0 291 0 0 176 0 0 3911 0 6250 6496 0 0 6515 0 10 85040 0 0 0 6022 116 0 0 0 0 0 0 25 280 0 0 14 0 0 0 0 40 0 0 0 0 0 0 0 46 0 0 24 0 0 1578 0 926 0 75 0 0 0 1607 0 886 0 61 0 0 0 0 0 0 5 0 0 0 0 0 9 0 0 0 229 0 0 0 9 0 0 0 6 0 11 0 0 0 0 0 0 0 0 0 4 0 0 2 0 0 0 0 0 0 1 0 0 0 
0 7 0 0 45 880 0 0 18 0 3 0 0 0 0 0 282 0 0 207 0 0 4119 0 5039 4776 0 0 7360 0 21 62640 0 0 0 5205 107 0 0 0 0 0 0 20 245 0 0 6 0 0 0 0 45 0 0 0 0 0 0 0 32 0 0 13 0 0 390 0 949 0 15 0 0 0 186 0 643 0 11 0 0 0 0 0 0 0 0 0 0 0 0 0 0 0 0 38 0 0 0 3 0 0 0 4 0 1 0 0 0 0 0 0 0 0 0 1 0 0 0 0 0 0 0 0 0 0 0 0 0 
0 9 0 0 67 1189 0 0 30 0 6 0 0 0 0 0 372 0 0 371 0 0 7072 0 6297 6802 0 0 8722 0 48 105744 0 0 0 7463 185 0 0 0 0 0 0 48 390 0 0 12 0 0 0 0 67 0 0 0 0 0 0 0 60 0 0 30 0 0 1203 0 1556 0 34 0 0 0 231 0 785 0 42 0 0 0 0 0 0 3 0 0 0 0 0 3 0 0 0 88 0 0 0 11 0 0 0 5 0 0 0 0 0 0 0 0 0 0 0 3 0 0 0 0 0 0 0 0 0 0 0 0 0 
129 7 1143 791 37 655 8068 837 16 8 5 189 103 7124 5470 3730 181 5789 4139 139 4739 101759 2764 92127 3344 4441 70095 124088 5547 2026 16 39517 327743 57045 43727 2891 78 1585 5861 32 440 530 778 23 128 6002 611 11 313 589 710 774 29 26 29 25 33 1387 1098 499 25 895 514 13 641 12445 495 19779 589 402 15 899 934 19236 336 10772 355 1012 23 421 1000 7 6 2 8 1 97 76 2 9 2 2 206 25 1000 29 1782 86 87 0 206 121 60 2 90 3 53 125 95 5 5 10 2 139 129 0 35 22 0 2 1 2 0 1 1 0 30 8 44 
83 10 649 755 68 961 3354 502 32 8 13 49 65 3590 4828 4718 375 3488 3806 361 3023 66565 5788 35428 5338 6778 71042 48397 5998 1091 45 51822 88083 28154 27853 5626 167 2237 3845 27 370 412 229 30 266 2467 352 28 130 882 433 527 50 47 51 31 20 140 562 881 50 219 336 49 429 6879 1028 3629 684 376 77 343 402 4144 1029 4704 722 295 71 344 614 9 3 4 4 3 56 7 6 5 3 8 37 20 234 120 147 68 70 5 13 49 78 9 63 12 47 33 24 8 5 1 7 8 51 7 89 5 0 3 0 1 1 0 0 3 5 13 2 
0 12 0 0 89 1655 0 0 49 0 19 0 0 0 0 0 457 0 0 567 0 0 12500 0 8347 9516 0 0 10279 0 90 140939 0 0 0 10287 252 0 0 0 0 0 0 90 729 0 0 34 0 0 0 0 70 0 0 0 0 0 0 0 86 0 0 107 0 0 2143 0 1728 0 114 0 0 0 1932 0 1388 0 130 0 0 0 0 0 0 13 0 0 0 0 0 7 0 0 0 252 0 0 0 17 0 0 0 14 0 17 0 0 0 0 0 0 0 0 0 12 0 0 1 0 0 0 0 0 0 5 0 0 0 
0 6 0 0 45 524 0 0 15 0 0 0 0 0 0 0 287 0 0 180 0 0 2371 0 3018 5806 0 0 4785 0 20 32051 0 0 0 2940 136 0 0 0 0 0 0 22 115 0 0 13 0 0 0 0 34 0 0 0 0 0 0 0 33 0 0 0 0 0 0 0 456 0 0 0 0 0 0 0 372 0 0 0 0 0 0 0 0 0 0 0 0 0 0 0 0 0 0 0 0 0 0 0 0 0 0 0 0 0 0 0 0 0 0 0 0 0 0 0 0 0 0 0 0 0 0 0 0 0 0 0 0 
0 9 0 0 62 1225 0 0 26 0 11 0 0 0 0 0 317 0 0 301 0 0 6342 0 6592 6568 0 0 7928 0 32 103624 0 0 0 7925 155 0 0 0 0 0 0 35 358 0 0 11 0 0 0 0 57 0 0 0 0 0 0 0 42 0 0 41 0 0 1346 0 1367 0 62 0 0 0 1440 0 1026 0 55 0 0 0 0 0 0 7 0 0 0 0 0 2 0 0 0 189 0 0 0 13 0 0 0 11 0 6 0 0 0 0 0 0 0 0 0 10 0 0 1 0 0 0 0 0 0 2 0 0 0 
0 8 0 0 54 912 0 0 26 0 2 0 0 0 0 0 337 0 0 305 0 0 5308 0 5166 5464 0 0 6497 0 44 66400 0 0 0 5370 131 0 0 0 0 0 0 35 277 0 0 10 0 0 0 0 42 0 0 0 0 0 0 0 37 0 0 12 0 0 215 0 907 0 14 0 0 0 191 0 625 0 7 0 0 0 0 0 0 0 0 0 0 0 0 0 0 0 0 44 0 0 0 2 0 0 0 1 0 0 0 0 0 0 0 0 0 0 0 0 0 0 0 0 0 0 0 0 0 0 0 0 0 
0 7 0 0 45 745 0 0 15 0 6 0 0 0 0 0 263 0 0 163 0 0 2917 0 4431 4611 0 0 6177 0 11 46814 0 0 0 4156 103 0 0 0 0 0 0 22 131 0 0 6 0 0 0 0 37 0 0 0 0 0 0 0 28 0 0 20 0 0 678 0 704 0 32 0 0 0 480 0 443 0 29 0 0 0 0 0 0 0 0 0 0 0 0 2 0 0 0 54 0 0 0 6 0 0 0 6 0 0 0 0 0 0 0 0 0 0 0 1 0 0 0 0 0 0 0 0 0 2 0 0 0 
0 6 0 0 40 597 0 0 10 0 5 0 0 0 0 0 227 0 0 117 0 0 1807 0 3488 5097 0 0 4100 0 7 34849 0 0 0 3299 91 0 0 0 0 0 0 13 69 0 0 6 0 0 0 0 32 0 0 0 0 0 0 0 34 0 0 7 0 0 428 0 389 0 29 0 0 0 497 0 530 0 22 0 0 0 0 0 0 0 0 0 0 0 0 3 0 0 0 49 0 0 0 4 0 0 0 2 0 2 0 0 0 0 0 0 0 0 0 1 0 0 1 0 0 0 0 0 0 0 0 0 0 
0 4 0 0 30 513 0 0 5 0 1 0 0 0 0 0 187 0 0 70 0 0 1117 0 2977 3261 0 0 4393 0 2 36022 0 0 0 3378 77 0 0 0 0 0 0 5 48 0 0 0 0 0 0 0 32 0 0 0 0 0 0 0 24 0 0 2 0 0 150 0 622 0 6 0 0 0 141 0 397 0 6 0 0 0 0 0 0 0 0 0 0 0 0 0 0 0 0 15 0 0 0 1 0 0 0 2 0 0 0 0 0 0 0 0 0 0 0 0 0 0 0 0 0 0 0 0 0 0 0 0 0 
0 11 0 0 62 1372 0 0 41 0 14 0 0 0 0 0 358 0 0 385 0 0 9268 0 7460 6886 0 0 8488 0 68 110850 0 0 0 6416 116 0 0 0 0 0 0 54 476 0 0 15 0 0 0 0 48 0 0 0 0 0 0 0 40 0 0 69 0 0 1592 0 1578 0 65 0 0 0 1422 0 831 0 69 0 0 0 0 0 0 6 0 0 0 0 0 7 0 0 0 216 0 0 0 11 0 0 0 10 0 14 0 0 0 0 0 0 0 0 0 2 0 0 0 0 0 0 0 0 0 1 0 0 0 
120 9 792 947 57 942 7032 796 27 9 9 108 123 3994 4511 5378 353 3901 5270 304 5040 88973 4714 82724 4832 5660 92622 75401 4947 1957 32 66891 269379 64061 49198 5167 150 2536 4445 22 472 545 432 24 293 5150 571 14 203 639 1182 828 40 43 46 43 25 93 517 793 38 523 655 43 615 18237 1319 10179 906 742 47 618 875 17778 648 11857 736 600 40 610 652 4 5 8 0 3 113 34 5 8 3 2 72 36 1253 120 1227 185 69 5 20 153 110 7 67 2 89 118 67 6 9 0 4 12 65 4 69 15 1 1 0 1 0 1 0 1 16 19 1 
0 7 0 0 47 871 0 0 19 0 2 0 0 0 0 0 259 0 0 212 0 0 4342 0 5029 5769 0 0 6798 0 25 67162 0 0 0 5336 115 0 0 0 0 0 0 28 246 0 0 14 0 0 0 0 43 0 0 0 0 0 0 0 32 0 0 10 0 0 238 0 939 0 13 0 0 0 96 0 773 0 9 0 0 0 0 0 0 0 0 0 0 0 0 0 0 0 0 21 0 0 0 0 0 0 0 1 0 0 0 0 0 0 0 0 0 0 0 0 0 0 0 0 0 0 0 0 0 0 0 0 0 
0 16 0 0 93 2157 0 0 91 0 30 0 0 0 0 0 473 0 0 885 0 0 21071 0 10353 9014 0 0 12746 0 246 176724 0 0 0 11119 209 0 0 0 0 0 0 115 1331 0 0 45 0 0 0 0 63 0 0 0 0 0 0 0 53 0 0 237 0 0 4513 0 2091 0 142 0 0 0 3108 0 1292 0 135 0 0 0 0 0 0 27 0 0 0 0 0 13 0 0 0 558 0 0 0 26 0 0 0 21 0 42 0 0 0 0 0 0 0 0 0 12 0 0 0 0 0 0 0 0 0 9 0 0 0 
0 7 0 0 59 564 0 0 15 0 6 0 0 0 0 0 323 0 0 213 0 0 2109 0 3174 6439 0 0 4904 0 13 26978 0 0 0 4419 197 0 0 0 0 0 0 17 71 0 0 9 0 0 0 0 54 0 0 0 0 0 0 0 55 0 0 14 0 0 394 0 551 0 32 0 0 0 568 0 583 0 44 0 0 0 0 0 0 1 0 0 0 0 0 4 0 0 0 73 0 0 0 11 0 0 0 2 0 3 0 0 0 0 0 0 0 0 0 11 0 0 0 0 0 0 0 0 0 0 0 0 0 
0 12 0 0 82 1464 0 0 52 0 16 0 0 0 0 0 436 0 0 597 0 0 11507 0 7698 8999 0 0 9314 0 102 119109 0 0 0 9808 204 0 0 0 0 0 0 70 607 0 0 27 0 0 0 0 58 0 0 0 0 0 0 0 67 0 0 111 0 0 1856 0 1502 0 88 0 0 0 1531 0 1241 0 87 0 0 0 0 0 0 7 0 0 0 0 0 6 0 0 0 238 0 0 0 10 0 0 0 14 0 14 0 0 0 0 0 0 0 0 0 10 0 0 0 0 0 0 0 0 0 0 0 0 0 
0 7 0 0 44 777 0 0 15 0 6 0 0 0 0 0 247 0 0 143 0 0 2745 0 4260 5425 0 0 7512 0 11 58799 0 0 0 3789 92 0 0 0 0 0 0 29 133 0 0 12 0 0 0 0 40 0 0 0 0 0 0 0 36 0 0 20 0 0 916 0 1020 0 24 0 0 0 490 0 517 0 32 0 0 0 0 0 0 0 0 0 0 0 0 0 0 0 0 106 0 0 0 6 0 0 0 7 0 2 0 0 0 0 0 0 0 0 0 3 0 0 0 0 0 0 0 0 0 2 0 0 0 
0 9 0 0 62 1268 0 0 32 0 4 0 0 0 0 0 323 0 0 347 0 0 7997 0 6527 6559 0 0 10152 0 57 112023 0 0 0 7182 150 0 0 0 0 0 0 65 473 0 0 26 0 0 0 0 69 0 0 0 0 0 0 0 62 0 0 26 0 0 651 0 1823 0 17 0 0 0 380 0 963 0 22 0 0 0 0 0 0 0 0 0 0 0 0 1 0 0 0 59 0 0 0 4 0 0 0 4 0 0 0 0 0 0 0 0 0 0 0 0 0 0 0 0 0 0 0 0 0 0 0 0 0 
0 10 0 0 93 1105 0 0 39 0 6 0 0 0 0 0 521 0 0 562 0 0 7900 0 5930 11148 0 0 7682 0 76 79256 0 0 0 9031 316 0 0 0 0 0 0 66 392 0 0 56 0 0 0 0 60 0 0 0 0 0 0 0 88 0 0 40 0 0 766 0 1057 0 46 0 0 0 336 0 1203 0 43 0 0 0 0 0 0 1 0 0 0 0 0 1 0 0 0 45 0 0 0 7 0 0 0 8 0 2 0 0 0 0 0 0 0 0 0 8 0 0 0 0 0 0 0 0 0 0 0 0 0 
92 9 923 746 57 893 4080 564 27 9 10 108 73 5145 5983 4291 304 4479 3788 300 3181 73571 5065 42619 4458 5514 72002 70905 5456 1284 37 55197 116950 51728 29932 5105 157 2008 5179 38 547 460 354 33 306 3551 420 12 206 663 867 641 40 34 53 45 28 858 714 776 39 455 330 36 462 8298 733 7877 632 384 54 682 684 11693 684 5783 632 556 41 396 838 5 5 3 9 2 48 38 2 5 4 8 137 28 302 71 796 61 52 6 86 93 105 4 58 4 33 54 71 5 3 1 9 125 97 4 54 14 0 4 1 0 0 1 1 4 5 8 13 
113 9 719 858 51 953 6180 661 27 10 9 149 148 3877 3841 4448 295 3771 4307 257 3806 75827 5301 63307 5004 5129 90078 67029 4916 1496 32 57659 219367 29594 39805 4670 95 2205 4420 10 397 405 349 27 266 4246 438 12 196 786 728 803 22 40 63 49 38 865 1184 717 39 567 637 43 488 15627 978 13220 681 772 51 792 414 11796 579 13529 649 993 45 714 632 2 5 4 8 2 89 64 2 8 7 3 201 64 1242 103 1390 127 206 2 166 148 56 5 121 2 75 85 117 10 7 7 12 74 200 3 111 21 0 4 3 0 0 0 2 2 54 43 37 
0 7 0 0 67 998 0 0 14 0 7 0 0 0 0 0 369 0 0 222 0 0 3317 0 5319 7024 0 0 5823 0 11 85727 0 0 0 7610 252 0 0 0 0 0 0 22 217 0 0 15 0 0 0 0 55 0 0 0 0 0 0 0 73 0 0 13 0 0 1157 0 1078 0 38 0 0 0 680 0 1047 0 60 0 0 0 0 0 0 4 0 0 0 0 0 7 0 0 0 184 0 0 0 10 0 0 0 13 0 0 0 0 0 0 0 0 0 0 0 7 0 0 0 0 0 0 0 0 0 0 0 0 0 
0 6 0 0 48 722 0 0 12 0 3 0 0 0 0 0 271 0 0 156 0 0 2515 0 3959 5369 0 0 5748 0 10 46777 0 0 0 4888 143 0 0 0 0 0 0 23 135 0 0 12 0 0 0 0 43 0 0 0 0 0 0 0 41 0 0 8 0 0 312 0 848 0 15 0 0 0 330 0 644 0 13 0 0 0 0 0 0 1 0 0 0 0 0 1 0 0 0 78 0 0 0 4 0 0 0 5 0 0 0 0 0 0 0 0 0 0 0 3 0 0 0 0 0 0 0 0 0 0 0 0 0 
0 15 0 0 95 1815 0 0 80 0 26 0 0 0 0 0 514 0 0 857 0 0 17511 0 8925 10356 0 0 11081 0 202 142249 0 0 0 9615 227 0 0 0 0 0 0 95 987 0 0 50 0 0 0 0 64 0 0 0 0 0 0 0 58 0 0 194 0 0 3026 0 1992 0 120 0 0 0 2166 0 1346 0 116 0 0 0 0 0 0 18 0 0 0 0 0 16 0 0 0 410 0 0 0 25 0 0 0 16 0 29 0 0 0 0 0 0 0 0 0 22 0 0 0 0 0 0 0 0 0 9 0 0 0 
0 8 0 0 67 844 0 0 20 0 9 0 0 0 0 0 372 0 0 286 0 0 3766 0 4694 7429 0 0 5642 0 18 48040 0 0 0 6204 214 0 0 0 0 0 0 27 187 0 0 15 0 0 0 0 51 0 0 0 0 0 0 0 50 0 0 34 0 0 977 0 768 0 58 0 0 0 747 0 769 0 59 0 0 0 0 0 0 2 0 0 0 0 0 1 0 0 0 148 0 0 0 8 0 0 0 5 0 4 0 0 0 0 0 0 0 0 0 9 0 0 1 0 0 0 0 0 0 2 0 0 0 
0 10 0 0 72 1225 0 0 28 0 18 0 0 0 0 0 418 0 0 333 0 0 5919 0 6375 7278 0 0 6770 0 27 96931 0 0 0 7885 211 0 0 0 0 0 0 27 429 0 0 21 0 0 0 0 50 0 0 0 0 0 0 0 60 0 0 57 0 0 2435 0 1236 0 98 0 0 0 1307 0 1077 0 105 0 0 0 0 0 0 11 0 0 0 0 0 17 0 0 0 317 0 0 0 23 0 0 0 20 0 10 0 0 0 0 0 0 0 0 0 15 0 0 0 0 0 0 0 0 0 6 0 0 0 
0 7 0 0 56 719 0 0 16 0 5 0 0 0 0 0 352 0 0 221 0 0 2885 0 4037 6518 0 0 4149 0 15 40567 0 0 0 5160 157 0 0 0 0 0 0 17 119 0 0 10 0 0 0 0 36 0 0 0 0 0 0 0 52 0 0 16 0 0 588 0 608 0 33 0 0 0 427 0 676 0 27 0 0 0 0 0 0 2 0 0 0 0 0 1 0 0 0 80 0 0 0 7 0 0 0 1 0 0 0 0 0 0 0 0 0 0 0 7 0 0 0 0 0 0 0 0 0 1 0 0 0 
0 7 0 0 71 548 0 0 16 0 5 0 0 0 0 0 407 0 0 254 0 0 2108 0 3011 7996 0 0 3397 0 14 28216 0 0 0 5352 275 0 0 0 0 0 0 19 88 0 0 23 0 0 0 0 46 0 0 0 0 0 0 0 81 0 0 17 0 0 443 0 426 0 33 0 0 0 354 0 702 0 45 0 0 0 0 0 0 2 0 0 0 0 0 1 0 0 0 89 0 0 0 8 0 0 0 7 0 1 0 0 0 0 0 0 0 0 0 11 0 0 0 0 0 0 0 0 0 0 0 0 0 
0 10 0 0 65 1177 0 0 33 0 13 0 0 0 0 0 379 0 0 341 0 0 7140 0 6132 7138 0 0 7202 0 46 92600 0 0 0 6566 151 0 0 0 0 0 0 48 456 0 0 21 0 0 0 0 53 0 0 0 0 0 0 0 47 0 0 58 0 0 1120 0 1510 0 71 0 0 0 1278 0 833 0 73 0 0 0 0 0 0 5 0 0 0 0 0 7 0 0 0 172 0 0 0 9 0 0 0 13 0 11 0 0 0 0 0 0 0 0 0 6 0 0 0 0 0 0 0 0 0 1 0 0 0 
0 9 0 0 69 1171 0 0 25 0 13 0 0 0 0 0 381 0 0 303 0 0 5541 0 6142 7974 0 0 7074 0 28 96066 0 0 0 7011 202 0 0 0 0 0 0 48 340 0 0 28 0 0 0 0 50 0 0 0 0 0 0 0 50 0 0 44 0 0 1667 0 1332 0 68 0 0 0 1541 0 972 0 61 0 0 0 0 0 0 3 0 0 0 0 0 8 0 0 0 260 0 0 0 10 0 0 0 14 0 9 0 0 0 0 0 0 0 0 0 17 0 0 1 0 0 0 0 0 0 5 0 0 0 
0 12 0 0 84 1618 0 0 47 0 21 0 0 0 0 0 473 0 0 564 0 0 11013 0 8383 8955 0 0 8231 0 74 129402 0 0 0 9294 214 0 0 0 0 0 0 50 682 0 0 26 0 0 0 0 53 0 0 0 0 0 0 0 58 0 0 121 0 0 2886 0 1512 0 125 0 0 0 2469 0 1158 0 118 0 0 0 0 0 0 9 0 0 0 0 0 9 0 0 0 441 0 0 0 12 0 0 0 16 0 18 0 0 0 0 0 0 0 0 0 13 0 0 4 0 0 0 0 0 0 6 0 0 0 
0 9 0 0 59 1467 0 0 22 0 15 0 0 0 0 0 328 0 0 218 0 0 6249 0 7430 5922 0 0 9088 0 18 135709 0 0 0 7667 153 0 0 0 0 0 0 36 452 0 0 13 0 0 0 0 48 0 0 0 0 0 0 0 50 0 0 47 0 0 2299 0 1727 0 67 0 0 0 1910 0 989 0 96 0 0 0 0 0 0 3 0 0 0 0 0 8 0 0 0 374 0 0 0 16 0 0 0 17 0 7 0 0 0 0 0 0 0 0 0 9 0 0 1 0 0 0 0 0 0 7 0 0 0 
0 8 0 0 59 1174 0 0 22 0 6 0 0 0 0 0 371 0 0 267 0 0 5712 0 6270 6245 0 0 6713 0 26 105207 0 0 0 7639 161 0 0 0 0 0 0 37 375 0 0 14 0 0 0 0 53 0 0 0 0 0 0 0 47 0 0 24 0 0 865 0 1412 0 29 0 0 0 570 0 1059 0 37 0 0 0 0 0 0 2 0 0 0 0 0 2 0 0 0 142 0 0 0 7 0 0 0 10 0 2 0 0 0 0 0 0 0 0 0 4 0 0 0 0 0 0 0 0 0 0 0 0 0 
68 6 420 319 48 754 2224 438 8 4 8 55 86 2594 1500 2339 266 2397 1711 88 2994 49493 1842 25395 3902 4931 37587 23537 3605 1055 2 60937 46900 17401 8282 4783 137 335 2952 11 210 232 131 12 141 1532 161 14 54 515 280 165 26 30 20 9 20 301 433 340 51 270 370 10 356 12824 980 2914 698 576 37 178 249 4095 538 4221 663 398 58 182 330 3 5 2 1 2 69 9 0 6 1 5 51 21 684 131 307 88 126 7 49 32 50 7 59 3 66 35 44 0 4 2 7 20 44 11 74 8 0 1 0 0 1 0 0 2 22 33 3 
0 10 0 0 69 1394 0 0 33 0 13 0 0 0 0 0 367 0 0 366 0 0 8012 0 7054 8058 0 0 8837 0 46 114916 0 0 0 8073 163 0 0 0 0 0 0 58 537 0 0 26 0 0 0 0 59 0 0 0 0 0 0 0 57 0 0 59 0 0 1762 0 1608 0 66 0 0 0 1352 0 1210 0 67 0 0 0 0 0 0 4 0 0 0 0 0 8 0 0 0 235 0 0 0 10 0 0 0 12 0 7 0 0 0 0 0 0 0 0 0 13 0 0 0 0 0 0 0 0 0 4 0 0 0 
0 7 0 0 51 887 0 0 16 0 5 0 0 0 0 0 296 0 0 190 0 0 3770 0 4886 5447 0 0 5517 0 14 77282 0 0 0 5538 129 0 0 0 0 0 0 28 231 0 0 7 0 0 0 0 51 0 0 0 0 0 0 0 44 0 0 18 0 0 584 0 1247 0 38 0 0 0 369 0 738 0 29 0 0 0 0 0 0 2 0 0 0 0 0 0 0 0 0 55 0 0 0 4 0 0 0 0 0 0 0 0 0 0 0 0 0 0 0 3 0 0 0 0 0 0 0 0 0 1 0 0 0 
29 8 294 196 53 966 392 184 15 0 14 15 36 1620 1903 1143 296 1619 1038 174 1172 21739 2944 4451 5108 5943 23418 7065 6409 451 8 65286 3305 14841 2233 5117 123 325 1532 7 152 143 30 19 187 249 98 12 13 0 0 0 35 0 0 0 10 107 261 290 50 65 181 29 102 4306 1749 340 956 209 68 103 232 1104 1302 815 696 86 81 91 205 0 4 0 0 5 17 1 0 0 0 2 16 19 88 272 26 51 25 5 7 0 0 10 0 7 31 6 6 0 0 2 0 2 10 5 49 0 0 0 0 0 0 0 0 11 1 16 2 
0 7 0 0 48 800 0 0 16 0 6 0 0 0 0 0 300 0 0 190 0 0 3068 0 4645 5212 0 0 4883 0 14 68440 0 0 0 4487 122 0 0 0 0 0 0 17 148 0 0 9 0 0 0 0 40 0 0 0 0 0 0 0 35 0 0 20 0 0 1058 0 922 0 29 0 0 0 514 0 631 0 21 0 0 0 0 0 0 3 0 0 0 0 0 1 0 0 0 129 0 0 0 11 0 0 0 5 0 2 0 0 0 0 0 0 0 0 0 5 0 0 0 0 0 0 0 0 0 0 0 0 0 
0 10 0 0 72 1076 0 0 33 0 13 0 0 0 0 0 410 0 0 413 0 0 6251 0 5958 7260 0 0 7318 0 43 62504 0 0 0 6873 195 0 0 0 0 0 0 24 357 0 0 19 0 0 0 0 58 0 0 0 0 0 0 0 50 0 0 65 0 0 1325 0 1022 0 80 0 0 0 1223 0 835 0 83 0 0 0 0 0 0 4 0 0 0 0 0 6 0 0 0 211 0 0 0 12 0 0 0 9 0 8 0 0 0 0 0 0 0 0 0 6 0 0 1 0 0 0 0 0 0 1 0 0 0 
0 6 0 0 43 674 0 0 13 0 2 0 0 0 0 0 239 0 0 156 0 0 2337 0 3696 4877 0 0 5527 0 13 44235 0 0 0 4210 105 0 0 0 0 0 0 14 209 0 0 10 0 0 0 0 41 0 0 0 0 0 0 0 36 0 0 6 0 0 248 0 882 0 9 0 0 0 235 0 606 0 9 0 0 0 0 0 0 1 0 0 0 0 0 0 0 0 0 61 0 0 0 2 0 0 0 5 0 0 0 0 0 0 0 0 0 0 0 3 0 0 0 0 0 0 0 0 0 0 0 0 0 
0 7 0 0 57 851 0 0 15 0 6 0 0 0 0 0 365 0 0 211 0 0 3301 0 4744 6472 0 0 4295 0 11 54192 0 0 0 5888 167 0 0 0 0 0 0 14 134 0 0 13 0 0 0 0 33 0 0 0 0 0 0 0 54 0 0 18 0 0 804 0 744 0 36 0 0 0 548 0 995 0 37 0 0 0 0 0 0 3 0 0 0 0 0 1 0 0 0 86 0 0 0 4 0 0 0 2 0 2 0 0 0 0 0 0 0 0 0 8 0 0 0 0 0 0 0 0 0 0 0 0 0 
0 13 0 0 85 1479 0 0 60 0 21 0 0 0 0 0 454 0 0 645 0 0 12091 0 8007 9651 0 0 9018 0 127 102786 0 0 0 8528 212 0 0 0 0 0 0 63 595 0 0 38 0 0 0 0 65 0 0 0 0 0 0 0 57 0 0 141 0 0 2342 0 1276 0 100 0 0 0 2183 0 1227 0 117 0 0 0 0 0 0 13 0 0 0 0 0 14 0 0 0 308 0 0 0 12 0 0 0 19 0 21 0 0 0 0 0 0 0 0 0 18 0 0 2 0 0 0 0 0 0 3 0 0 0 
0 13 0 0 93 1519 0 0 62 0 17 0 0 0 0 0 488 0 0 741 0 0 13046 0 7962 9899 0 0 10362 0 145 104664 0 0 0 9093 255 0 0 0 0 0 0 95 754 0 0 36 0 0 0 0 62 0 0 0 0 0 0 0 72 0 0 121 0 0 1852 0 1590 0 101 0 0 0 1411 0 1258 0 94 0 0 0 0 0 0 7 0 0 0 0 0 5 0 0 0 248 0 0 0 13 0 0 0 17 0 12 0 0 0 0 0 0 0 0 0 8 0 0 1 0 0 0 0 0 0 6 0 0 0 
0 9 0 0 59 815 0 0 22 0 15 0 0 0 0 0 359 0 0 252 0 0 3349 0 4638 7521 0 0 6030 0 18 45757 0 0 0 4634 160 0 0 0 0 0 0 22 141 0 0 12 0 0 0 0 32 0 0 0 0 0 0 0 44 0 0 42 0 0 1459 0 754 0 75 0 0 0 1254 0 721 0 61 0 0 0 0 0 0 6 0 0 0 0 0 8 0 0 0 191 0 0 0 11 0 0 0 20 0 11 0 0 0 0 0 0 0 0 0 12 0 0 1 0 0 0 0 0 0 5 0 0 0 
0 14 0 0 85 1722 0 0 73 0 21 0 0 0 0 0 463 0 0 766 0 0 15948 0 8851 9306 0 0 11610 0 184 119949 0 0 0 8730 189 0 0 0 0 0 0 81 833 0 0 39 0 0 0 0 66 0 0 0 0 0 0 0 59 0 0 171 0 0 2669 0 1801 0 107 0 0 0 2162 0 1172 0 98 0 0 0 0 0 0 13 0 0 0 0 0 8 0 0 0 334 0 0 0 10 0 0 0 5 0 21 0 0 0 0 0 0 0 0 0 8 0 0 2 0 0 0 0 0 0 1 0 0 0 
0 8 0 0 69 1105 0 0 16 0 14 0 0 0 0 0 374 0 0 218 0 0 3706 0 5820 7250 0 0 5889 0 10 91515 0 0 0 7689 236 0 0 0 0 0 0 35 266 0 0 18 0 0 0 0 49 0 0 0 0 0 0 0 72 0 0 28 0 0 1959 0 1115 0 73 0 0 0 1538 0 941 0 103 0 0 0 0 0 0 7 0 0 0 0 0 7 0 0 0 325 0 0 0 14 0 0 0 16 0 10 0 0 0 0 0 0 0 0 0 12 0 0 2 0 0 0 0 0 0 4 0 0 0 
0 8 0 0 68 1039 0 0 22 0 7 0 0 0 0 0 374 0 0 316 0 0 5045 0 5237 7596 0 0 7431 0 25 89794 0 0 0 6716 216 0 0 0 0 0 0 38 351 0 0 17 0 0 0 0 53 0 0 0 0 0 0 0 66 0 0 31 0 0 968 0 1399 0 38 0 0 0 466 0 953 0 42 0 0 0 0 0 0 0 0 0 0 0 0 2 0 0 0 117 0 0 0 12 0 0 0 5 0 2 0 0 0 0 0 0 0 0 0 9 0 0 0 0 0 0 0 0 0 2 0 0 0 
0 9 0 0 79 1329 0 0 27 0 10 0 0 0 0 0 422 0 0 393 0 0 7039 0 7084 8417 0 0 7442 0 31 102036 0 0 0 9681 286 0 0 0 0 0 0 39 440 0 0 23 0 0 0 0 58 0 0 0 0 0 0 0 74 0 0 49 0 0 1338 0 1151 0 71 0 0 0 1236 0 1345 0 71 0 0 0 0 0 0 3 0 0 0 0 0 3 0 0 0 226 0 0 0 11 0 0 0 8 0 4 0 0 0 0 0 0 0 0 0 9 0 0 0 0 0 0 0 0 0 1 0 0 0 
0 12 0 0 69 1690 0 0 46 0 22 0 0 0 0 0 396 0 0 443 0 0 11530 0 8989 6920 0 0 9254 0 71 125335 0 0 0 8049 142 0 0 0 0 0 0 65 707 0 0 18 0 0 0 0 60 0 0 0 0 0 0 0 49 0 0 113 0 0 2861 0 1351 0 97 0 0 0 2627 0 1107 0 112 0 0 0 0 0 0 10 0 0 0 0 0 19 0 0 0 397 0 0 0 7 0 0 0 13 0 23 0 0 0 0 0 0 0 0 0 9 0 0 0 0 0 0 0 0 0 5 0 0 0 
0 4 0 0 37 421 0 0 4 0 2 0 0 0 0 0 210 0 0 64 0 0 718 0 2461 4042 0 0 2815 0 1 26980 0 0 0 3328 155 0 0 0 0 0 0 3 18 0 0 3 0 0 0 0 27 0 0 0 0 0 0 0 43 0 0 2 0 0 246 0 314 0 8 0 0 0 188 0 489 0 20 0 0 0 0 0 0 0 0 0 0 0 0 0 0 0 0 34 0 0 0 3 0 0 0 2 0 1 0 0 0 0 0 0 0 0 0 3 0 0 0 0 0 0 0 0 0 0 0 0 0 
0 11 0 0 71 1108 0 0 40 0 18 0 0 0 0 0 429 0 0 434 0 0 7245 0 6190 7514 0 0 7718 0 63 58571 0 0 0 6463 174 0 0 0 0 0 0 52 402 0 0 18 0 0 0 0 52 0 0 0 0 0 0 0 47 0 0 91 0 0 1475 0 955 0 98 0 0 0 1492 0 803 0 92 0 0 0 0 0 0 7 0 0 0 0 0 11 0 0 0 260 0 0 0 10 0 0 0 17 0 11 0 0 0 0 0 0 0 0 0 4 0 0 2 0 0 0 0 0 0 9 0 0 0 
0 10 0 0 64 1082 0 0 33 0 14 0 0 0 0 0 384 0 0 355 0 0 6081 0 5900 7711 0 0 5761 0 50 70221 0 0 0 6161 147 0 0 0 0 0 0 33 322 0 0 17 0 0 0 0 35 0 0 0 0 0 0 0 51 0 0 55 0 0 1627 0 921 0 79 0 0 0 1359 0 863 0 65 0 0 0 0 0 0 7 0 0 0 0 0 8 0 0 0 198 0 0 0 14 0 0 0 6 0 16 0 0 0 0 0 0 0 0 0 14 0 0 0 0 0 0 0 0 0 0 0 0 0 
93 9 482 754 57 612 4202 648 26 8 11 77 75 3134 2705 4258 369 2576 4527 299 4279 80663 3063 51486 3394 6368 50221 38848 3338 1728 31 23437 123260 17477 30838 3445 129 1996 3293 17 187 543 225 5 162 3435 270 14 51 321 675 611 31 43 44 28 30 426 586 829 49 408 379 39 536 5604 799 6181 355 370 58 462 281 4706 627 5989 511 471 59 358 474 1 2 2 4 7 57 18 7 3 1 3 72 21 353 95 341 95 103 4 43 80 66 2 24 11 60 33 53 13 7 3 3 51 57 6 59 12 0 2 0 2 0 0 0 0 25 27 14 
0 10 0 0 81 1304 0 0 36 0 9 0 0 0 0 0 470 0 0 471 0 0 8511 0 6952 9928 0 0 7769 0 62 87823 0 0 0 8985 250 0 0 0 0 0 0 51 402 0 0 44 0 0 0 0 54 0 0 0 0 0 0 0 72 0 0 45 0 0 1073 0 1116 0 59 0 0 0 998 0 1450 0 53 0 0 0 0 0 0 3 0 0 0 0 0 2 0 0 0 149 0 0 0 9 0 0 0 8 0 7 0 0 0 0 0 0 0 0 0 4 0 0 0 0 0 0 0 0 0 1 0 0 0 
0 12 0 0 86 1368 0 0 55 0 12 0 0 0 0 0 489 0 0 668 0 0 10677 0 7195 8760 0 0 8690 0 125 99336 0 0 0 8110 228 0 0 0 0 0 0 78 700 0 0 31 0 0 0 0 67 0 0 0 0 0 0 0 67 0 0 86 0 0 1586 0 1490 0 66 0 0 0 1259 0 985 0 65 0 0 0 0 0 0 5 0 0 0 0 0 3 0 0 0 234 0 0 0 14 0 0 0 12 0 11 0 0 0 0 0 0 0 0 0 5 0 0 0 0 0 0 0 0 0 0 0 0 0 
0 11 0 0 78 1110 0 0 37 0 20 0 0 0 0 0 485 0 0 454 0 0 6783 0 6168 7939 0 0 5120 0 50 84166 0 0 0 6360 203 0 0 0 0 0 0 42 337 0 0 24 0 0 0 0 43 0 0 0 0 0 0 0 62 0 0 81 0 0 2209 0 1067 0 106 0 0 0 1274 0 857 0 106 0 0 0 0 0 0 9 0 0 0 0 0 11 0 0 0 243 0 0 0 15 0 0 0 9 0 23 0 0 0 0 0 0 0 0 0 22 0 0 2 0 0 0 0 0 0 8 0 0 0 
0 11 0 0 84 1532 0 0 38 0 19 0 0 0 0 0 472 0 0 480 0 0 8916 0 7958 8952 0 0 7282 0 55 126442 0 0 0 9546 249 0 0 0 0 0 0 51 587 0 0 29 0 0 0 0 61 0 0 0 0 0 0 0 73 0 0 77 0 0 2596 0 1259 0 101 0 0 0 2465 0 1266 0 128 0 0 0 0 0 0 15 0 0 0 0 0 15 0 0 0 484 0 0 0 18 0 0 0 19 0 16 0 0 0 0 0 0 0 0 0 15 0 0 3 0 0 0 0 0 0 3 0 0 0 
0 6 0 0 44 716 0 0 6 0 10 0 0 0 0 0 260 0 0 64 0 0 1169 0 4115 5036 0 0 4907 0 0 47450 0 0 0 4361 117 0 0 0 0 0 0 9 67 0 0 8 0 0 0 0 40 0 0 0 0 0 0 0 35 0 0 10 0 0 1082 0 757 0 63 0 0 0 1119 0 612 0 65 0 0 0 0 0 0 1 0 0 0 0 0 3 0 0 0 172 0 0 0 9 0 0 0 6 0 2 0 0 0 0 0 0 0 0 0 4 0 0 3 0 0 0 0 0 0 5 0 0 0 
0 10 0 0 81 1164 0 0 27 0 21 0 0 0 0 0 434 0 0 391 0 0 5718 0 6150 8726 0 0 6100 0 30 91494 0 0 0 8131 264 0 0 0 0 0 0 30 318 0 0 25 0 0 0 0 42 0 0 0 0 0 0 0 76 0 0 54 0 0 2478 0 1114 0 106 0 0 0 1510 0 1055 0 125 0 0 0 0 0 0 10 0 0 0 0 0 17 0 0 0 318 0 0 0 17 0 0 0 13 0 15 0 0 0 0 0 0 0 0 0 25 0 0 3 0 0 0 0 0 0 16 0 0 0 
0 9 0 0 63 1420 0 0 26 0 12 0 0 0 0 0 341 0 0 311 0 0 6976 0 7351 6507 0 0 8529 0 30 124286 0 0 0 8468 165 0 0 0 0 0 0 40 562 0 0 16 0 0 0 0 61 0 0 0 0 0 0 0 40 0 0 45 0 0 1872 0 1708 0 62 0 0 0 1558 0 1075 0 51 0 0 0 0 0 0 6 0 0 0 0 0 7 0 0 0 289 0 0 0 15 0 0 0 11 0 8 0 0 0 0 0 0 0 0 0 9 0 0 1 0 0 0 0 0 0 2 0 0 0 
0 8 0 0 64 956 0 0 18 0 11 0 0 0 0 0 341 0 0 229 0 0 3898 0 5198 6073 0 0 7177 0 14 58906 0 0 0 6602 197 0 0 0 0 0 0 31 251 0 0 10 0 0 0 0 61 0 0 0 0 0 0 0 55 0 0 30 0 0 1125 0 1029 0 59 0 0 0 1059 0 882 0 82 0 0 0 0 0 0 1 0 0 0 0 0 10 0 0 0 130 0 0 0 16 0 0 0 11 0 4 0 0 0 0 0 0 0 0 0 13 0 0 0 0 0 0 0 0 0 3 0 0 0 
0 11 0 0 75 1543 0 0 39 0 18 0 0 0 0 0 433 0 0 440 0 0 9466 0 7952 8190 0 0 7938 0 57 134107 0 0 0 8993 178 0 0 0 0 0 0 47 588 0 0 23 0 0 0 0 57 0 0 0 0 0 0 0 58 0 0 86 0 0 2688 0 1634 0 99 0 0 0 1892 0 1114 0 104 0 0 0 0 0 0 10 0 0 0 0 0 9 0 0 0 356 0 0 0 15 0 0 0 5 0 17 0 0 0 0 0 0 0 0 0 16 0 0 0 0 0 0 0 0 0 4 0 0 0 
86 11 619 829 61 1244 3601 528 41 9 14 54 107 3852 4531 4078 353 3205 4405 382 3178 65667 8198 39117 6400 6332 92328 46674 5840 1219 66 73277 98062 34619 30548 5962 125 2699 3875 22 482 434 241 33 482 2423 393 31 113 991 812 590 29 39 57 60 28 207 633 948 41 239 491 74 414 12390 1461 4024 833 589 78 420 513 5179 1356 7731 837 340 40 697 477 7 7 4 1 5 67 9 2 7 2 13 53 59 582 214 224 144 98 7 17 68 81 7 88 5 69 44 33 1 0 2 9 23 36 5 71 11 0 5 0 1 1 0 0 2 9 17 4 
0 9 0 0 58 1291 0 0 26 0 10 0 0 0 0 0 339 0 0 286 0 0 6507 0 6890 6993 0 0 8115 0 28 101585 0 0 0 7252 123 0 0 0 0 0 0 39 362 0 0 11 0 0 0 0 43 0 0 0 0 0 0 0 41 0 0 44 0 0 1562 0 1307 0 52 0 0 0 1071 0 1062 0 55 0 0 0 0 0 0 4 0 0 0 0 0 3 0 0 0 215 0 0 0 9 0 0 0 6 0 3 0 0 0 0 0 0 0 0 0 4 0 0 0 0 0 0 0 0 0 2 0 0 0 
0 9 0 0 58 1403 0 0 26 0 11 0 0 0 0 0 313 0 0 271 0 0 7000 0 7266 6457 0 0 9522 0 28 122936 0 0 0 8387 146 0 0 0 0 0 0 48 485 0 0 14 0 0 0 0 61 0 0 0 0 0 0 0 39 0 0 46 0 0 1355 0 1711 0 56 0 0 0 1557 0 1080 0 48 0 0 0 0 0 0 4 0 0 0 0 0 3 0 0 0 261 0 0 0 15 0 0 0 5 0 9 0 0 0 0 0 0 0 0 0 9 0 0 0 0 0 0 0 0 0 1 0 0 0 
0 11 0 0 85 1370 0 0 43 0 13 0 0 0 0 0 438 0 0 542 0 0 9672 0 7187 8663 0 0 7542 0 78 110105 0 0 0 8677 236 0 0 0 0 0 0 64 501 0 0 45 0 0 0 0 61 0 0 0 0 0 0 0 79 0 0 74 0 0 1632 0 1549 0 72 0 0 0 1109 0 1225 0 72 0 0 0 0 0 0 5 0 0 0 0 0 6 0 0 0 208 0 0 0 17 0 0 0 7 0 7 0 0 0 0 0 0 0 0 0 7 0 0 0 0 0 0 0 0 0 4 0 0 0 
0 8 0 0 60 785 0 0 18 0 13 0 0 0 0 0 339 0 0 218 0 0 2916 0 4528 6930 0 0 4868 0 13 41277 0 0 0 5190 167 0 0 0 0 0 0 25 195 0 0 10 0 0 0 0 40 0 0 0 0 0 0 0 46 0 0 37 0 0 1232 0 675 0 77 0 0 0 1181 0 812 0 76 0 0 0 0 0 0 5 0 0 0 0 0 4 0 0 0 184 0 0 0 6 0 0 0 11 0 10 0 0 0 0 0 0 0 0 0 23 0 0 1 0 0 0 0 0 0 4 0 0 0 
0 3 0 0 27 324 0 0 1 0 2 0 0 0 0 0 172 0 0 13 0 0 177 0 1864 2935 0 0 2361 0 0 17677 0 0 0 2652 94 0 0 0 0 0 0 2 7 0 0 0 0 0 0 0 28 0 0 0 0 0 0 0 25 0 0 0 0 0 200 0 318 0 15 0 0 0 166 0 391 0 16 0 0 0 0 0 0 0 0 0 0 0 0 0 0 0 0 43 0 0 0 0 0 0 0 5 0 1 0 0 0 0 0 0 0 0 0 2 0 0 0 0 0 0 0 0 0 0 0 0 0 
0 9 0 0 72 847 0 0 26 0 11 0 0 0 0 0 407 0 0 360 0 0 4560 0 4887 7710 0 0 6165 0 28 48303 0 0 0 5656 206 0 0 0 0 0 0 26 194 0 0 18 0 0 0 0 54 0 0 0 0 0 0 0 62 0 0 46 0 0 1065 0 784 0 73 0 0 0 738 0 866 0 67 0 0 0 0 0 0 4 0 0 0 0 0 5 0 0 0 98 0 0 0 12 0 0 0 6 0 8 0 0 0 0 0 0 0 0 0 9 0 0 0 0 0 0 0 0 0 0 0 0 0 
0 9 0 0 75 867 0 0 26 0 11 0 0 0 0 0 420 0 0 372 0 0 4502 0 4876 7696 0 0 5560 0 30 43721 0 0 0 6259 264 0 0 0 0 0 0 22 164 0 0 23 0 0 0 0 48 0 0 0 0 0 0 0 73 0 0 42 0 0 1023 0 705 0 71 0 0 0 938 0 856 0 69 0 0 0 0 0 0 5 0 0 0 0 0 3 0 0 0 147 0 0 0 10 0 0 0 7 0 10 0 0 0 0 0 0 0 0 0 12 0 0 1 0 0 0 0 0 0 0 0 0 0 
0 8 0 0 55 751 0 0 24 0 4 0 0 0 0 0 357 0 0 281 0 0 4235 0 4298 6365 0 0 5154 0 34 40033 0 0 0 4686 133 0 0 0 0 0 0 27 217 0 0 15 0 0 0 0 33 0 0 0 0 0 0 0 43 0 0 20 0 0 296 0 748 0 21 0 0 0 201 0 692 0 16 0 0 0 0 0 0 0 0 0 0 0 0 1 0 0 0 32 0 0 0 6 0 0 0 2 0 1 0 0 0 0 0 0 0 0 0 5 0 0 0 0 0 0 0 0 0 0 0 0 0 
67 10 247 578 62 962 2181 444 40 6 7 30 88 1489 1663 3206 351 1463 3236 407 2805 50996 7115 24831 5486 5980 55170 14351 6305 1062 85 50908 46116 7861 16335 5254 138 1995 1218 8 186 315 55 52 312 2011 329 21 22 473 343 286 42 31 26 35 11 108 359 354 43 171 424 41 348 8394 597 1629 940 507 42 174 134 1727 535 4834 615 150 40 618 167 2 2 6 2 2 81 2 3 8 0 4 36 40 421 46 137 38 43 3 20 43 48 1 50 5 90 10 26 9 8 1 4 3 52 5 45 13 0 1 0 1 2 0 0 0 5 22 1 
0 12 0 0 92 1259 0 0 54 0 12 0 0 0 0 0 522 0 0 688 0 0 10152 0 6701 10367 0 0 7328 0 122 75973 0 0 0 8515 273 0 0 0 0 0 0 64 554 0 0 32 0 0 0 0 61 0 0 0 0 0 0 0 73 0 0 77 0 0 1219 0 1038 0 87 0 0 0 958 0 1178 0 75 0 0 0 0 0 0 5 0 0 0 0 0 3 0 0 0 173 0 0 0 11 0 0 0 8 0 12 0 0 0 0 0 0 0 0 0 15 0 0 1 0 0 0 0 0 0 0 0 0 0 
0 9 0 0 62 1619 0 0 30 0 9 0 0 0 0 0 345 0 0 348 0 0 8854 0 8213 5911 0 0 9127 0 49 154047 0 0 0 9810 164 0 0 0 0 0 0 56 782 0 0 8 0 0 0 0 55 0 0 0 0 0 0 0 36 0 0 43 0 0 1511 0 1818 0 44 0 0 0 1584 0 1115 0 44 0 0 0 0 0 0 2 0 0 0 0 0 4 0 0 0 302 0 0 0 6 0 0 0 4 0 8 0 0 0 0 0 0 0 0 0 10 0 0 0 0 0 0 0 0 0 0 0 0 0 
0 11 0 0 86 1366 0 0 41 0 15 0 0 0 0 0 495 0 0 536 0 0 8959 0 6871 9219 0 0 7448 0 68 113016 0 0 0 9592 253 0 0 0 0 0 0 54 564 0 0 24 0 0 0 0 62 0 0 0 0 0 0 0 79 0 0 77 0 0 2033 0 1372 0 89 0 0 0 1197 0 1264 0 108 0 0 0 0 0 0 6 0 0 0 0 0 13 0 0 0 282 0 0 0 17 0 0 0 15 0 5 0 0 0 0 0 0 0 0 0 11 0 0 1 0 0 0 0 0 0 4 0 0 0 
0 9 0 0 77 938 0 0 28 0 8 0 0 0 0 0 445 0 0 402 0 0 5253 0 5430 8549 0 0 5283 0 37 56642 0 0 0 7228 231 0 0 0 0 0 0 35 227 0 0 30 0 0 0 0 50 0 0 0 0 0 0 0 80 0 0 38 0 0 835 0 822 0 65 0 0 0 726 0 958 0 46 0 0 0 0 0 0 2 0 0 0 0 0 2 0 0 0 96 0 0 0 11 0 0 0 5 0 5 0 0 0 0 0 0 0 0 0 3 0 0 0 0 0 0 0 0 0 0 0 0 0 
0 11 0 0 80 1154 0 0 38 0 21 0 0 0 0 0 427 0 0 449 0 0 7445 0 6259 8933 0 0 7620 0 56 70225 0 0 0 7250 227 0 0 0 0 0 0 53 365 0 0 31 0 0 0 0 50 0 0 0 0 0 0 0 58 0 0 88 0 0 1736 0 980 0 94 0 0 0 1874 0 980 0 125 0 0 0 0 0 0 15 0 0 0 0 0 15 0 0 0 267 0 0 0 23 0 0 0 18 0 16 0 0 0 0 0 0 0 0 0 19 0 0 1 0 0 0 0 0 0 12 0 0 0 
0 4 0 0 26 680 0 0 2 0 4 0 0 0 0 0 149 0 0 21 0 0 629 0 3851 3120 0 0 4725 0 0 59660 0 0 0 3638 56 0 0 0 0 0 0 4 49 0 0 1 0 0 0 0 23 0 0 0 0 0 0 0 19 0 0 1 0 0 625 0 878 0 21 0 0 0 484 0 587 0 24 0 0 0 0 0 0 0 0 0 0 0 0 2 0 0 0 99 0 0 0 4 0 0 0 3 0 0 0 0 0 0 0 0 0 0 0 1 0 0 0 0 0 0 0 0 0 1 0 0 0 
0 6 0 0 47 574 0 0 12 0 3 0 0 0 0 0 266 0 0 160 0 0 1959 0 3163 5471 0 0 5058 0 10 31040 0 0 0 4010 131 0 0 0 0 0 0 18 114 0 0 6 0 0 0 0 41 0 0 0 0 0 0 0 39 0 0 8 0 0 359 0 675 0 18 0 0 0 216 0 545 0 23 0 0 0 0 0 0 1 0 0 0 0 0 1 0 0 0 46 0 0 0 3 0 0 0 2 0 0 0 0 0 0 0 0 0 0 0 2 0 0 0 0 0 0 0 0 0 0 0 0 0 
0 5 0 0 43 627 0 0 9 0 1 0 0 0 0 0 267 0 0 136 0 0 1979 0 3747 4537 0 0 4555 0 7 42098 0 0 0 4531 130 0 0 0 0 0 0 11 125 0 0 5 0 0 0 0 33 0 0 0 0 0 0 0 39 0 0 3 0 0 91 0 638 0 6 0 0 0 138 0 624 0 7 0 0 0 0 0 0 0 0 0 0 0 0 0 0 0 0 19 0 0 0 1 0 0 0 2 0 0 0 0 0 0 0 0 0 0 0 1 0 0 0 0 0 0 0 0 0 0 0 0 0 
0 6 0 0 49 683 0 0 11 0 4 0 0 0 0 0 325 0 0 157 0 0 2245 0 4112 5177 0 0 4497 0 7 41937 0 0 0 4731 152 0 0 0 0 0 0 13 106 0 0 6 0 0 0 0 36 0 0 0 0 0 0 0 42 0 0 10 0 0 435 0 539 0 22 0 0 0 387 0 669 0 30 0 0 0 0 0 0 0 0 0 0 0 0 0 0 0 0 58 0 0 0 2 0 0 0 8 0 3 0 0 0 0 0 0 0 0 0 2 0 0 0 0 0 0 0 0 0 0 0 0 0 
0 12 0 0 95 1457 0 0 51 0 17 0 0 0 0 0 508 0 0 657 0 0 11223 0 7522 10269 0 0 8497 0 98 99361 0 0 0 9859 300 0 0 0 0 0 0 84 561 0 0 35 0 0 0 0 56 0 0 0 0 0 0 0 88 0 0 113 0 0 1874 0 1176 0 107 0 0 0 1587 0 1406 0 109 0 0 0 0 0 0 5 0 0 0 0 0 8 0 0 0 255 0 0 0 15 0 0 0 15 0 11 0 0 0 0 0 0 0 0 0 16 0 0 1 0 0 0 0 0 0 4 0 0 0 
0 9 0 0 57 1156 0 0 30 0 6 0 0 0 0 0 360 0 0 333 0 0 6778 0 6265 6497 0 0 7072 0 47 84132 0 0 0 6364 128 0 0 0 0 0 0 40 379 0 0 13 0 0 0 0 39 0 0 0 0 0 0 0 31 0 0 32 0 0 987 0 1115 0 30 0 0 0 432 0 902 0 26 0 0 0 0 0 0 3 0 0 0 0 0 2 0 0 0 126 0 0 0 8 0 0 0 2 0 0 0 0 0 0 0 0 0 0 0 2 0 0 0 0 0 0 0 0 0 0 0 0 0 
0 10 0 0 82 1415 0 0 33 0 12 0 0 0 0 0 435 0 0 430 0 0 8218 0 7245 8585 0 0 8358 0 45 121480 0 0 0 10040 250 0 0 0 0 0 0 57 551 0 0 22 0 0 0 0 62 0 0 0 0 0 0 0 76 0 0 55 0 0 1596 0 1598 0 72 0 0 0 1317 0 1246 0 99 0 0 0 0 0 0 2 0 0 0 0 0 10 0 0 0 220 0 0 0 15 0 0 0 11 0 7 0 0 0 0 0 0 0 0 0 11 0 0 0 0 0 0 0 0 0 1 0 0 0 
0 9 0 0 65 1076 0 0 28 0 10 0 0 0 0 0 378 0 0 336 0 0 5623 0 5847 6519 0 0 6542 0 38 83577 0 0 0 6719 182 0 0 0 0 0 0 28 348 0 0 17 0 0 0 0 47 0 0 0 0 0 0 0 45 0 0 46 0 0 1391 0 1200 0 48 0 0 0 1001 0 836 0 62 0 0 0 0 0 0 3 0 0 0 0 0 4 0 0 0 228 0 0 0 10 0 0 0 11 0 5 0 0 0 0 0 0 0 0 0 13 0 0 1 0 0 0 0 0 0 1 0 0 0 
0 8 0 0 74 1150 0 0 20 0 8 0 0 0 0 0 405 0 0 302 0 0 5173 0 6218 8084 0 0 6125 0 21 86419 0 0 0 9146 273 0 0 0 0 0 0 30 326 0 0 21 0 0 0 0 61 0 0 0 0 0 0 0 72 0 0 22 0 0 999 0 948 0 51 0 0 0 876 0 1278 0 61 0 0 0 0 0 0 4 0 0 0 0 0 4 0 0 0 156 0 0 0 13 0 0 0 7 0 5 0 0 0 0 0 0 0 0 0 12 0 0 0 0 0 0 0 0 0 0 0 0 0 
76 12 564 761 69 1399 2785 426 49 4 20 65 146 2973 4793 4052 365 2886 3613 458 2706 42523 9959 27962 6678 7300 84959 35655 7710 885 87 103902 65888 33210 23559 6550 139 2637 2997 17 511 351 222 50 557 1561 404 34 69 305 425 227 50 18 19 27 24 209 705 1016 42 259 603 118 277 19718 2437 4019 1377 723 83 475 558 6000 1936 8485 987 272 84 951 279 3 3 5 1 9 121 16 1 2 0 14 52 98 1071 331 349 247 151 16 23 46 69 15 20 18 72 54 77 4 2 1 6 12 113 16 197 6 0 2 0 0 0 0 0 6 45 44 5 
0 10 0 0 78 1457 0 0 36 0 9 0 0 0 0 0 417 0 0 447 0 0 8987 0 7328 8062 0 0 8527 0 60 137109 0 0 0 9402 230 0 0 0 0 0 0 62 510 0 0 32 0 0 0 0 64 0 0 0 0 0 0 0 68 0 0 48 0 0 1194 0 1875 0 63 0 0 0 1358 0 1222 0 46 0 0 0 0 0 0 5 0 0 0 0 0 2 0 0 0 247 0 0 0 11 0 0 0 10 0 5 0 0 0 0 0 0 0 0 0 8 0 0 0 0 0 0 0 0 0 0 0 0 0 
0 13 0 0 90 1648 0 0 55 0 25 0 0 0 0 0 490 0 0 622 0 0 12470 0 8492 10104 0 0 9794 0 100 111769 0 0 0 9998 233 0 0 0 0 0 0 81 711 0 0 39 0 0 0 0 55 0 0 0 0 0 0 0 64 0 0 136 0 0 2795 0 1555 0 137 0 0 0 2761 0 1254 0 128 0 0 0 0 0 0 12 0 0 0 0 0 24 0 0 0 379 0 0 0 14 0 0 0 22 0 28 0 0 0 0 0 0 0 0 0 24 0 0 4 0 0 0 0 0 0 4 0 0 0 
0 9 0 0 51 1229 0 0 25 0 11 0 0 0 0 0 317 0 0 232 0 0 6104 0 6634 5865 0 0 7034 0 25 108571 0 0 0 5843 100 0 0 0 0 0 0 36 386 0 0 8 0 0 0 0 33 0 0 0 0 0 0 0 27 0 0 44 0 0 1367 0 1452 0 51 0 0 0 1136 0 813 0 50 0 0 0 0 0 0 2 0 0 0 0 0 3 0 0 0 208 0 0 0 11 0 0 0 7 0 7 0 0 0 0 0 0 0 0 0 6 0 0 1 0 0 0 0 0 0 2 0 0 0 
0 7 0 0 50 756 0 0 12 0 9 0 0 0 0 0 305 0 0 156 0 0 2308 0 4335 5435 0 0 5096 0 8 42437 0 0 0 4870 136 0 0 0 0 0 0 19 122 0 0 5 0 0 0 0 41 0 0 0 0 0 0 0 35 0 0 13 0 0 967 0 741 0 57 0 0 0 721 0 650 0 37 0 0 0 0 0 0 1 0 0 0 0 0 4 0 0 0 135 0 0 0 7 0 0 0 7 0 5 0 0 0 0 0 0 0 0 0 6 0 0 0 0 0 0 0 0 0 4 0 0 0 
0 7 0 0 63 841 0 0 16 0 5 0 0 0 0 0 374 0 0 235 0 0 3396 0 4669 7130 0 0 5135 0 15 51851 0 0 0 6432 211 0 0 0 0 0 0 24 177 0 0 21 0 0 0 0 58 0 0 0 0 0 0 0 57 0 0 15 0 0 528 0 694 0 34 0 0 0 552 0 881 0 36 0 0 0 0 0 0 1 0 0 0 0 0 2 0 0 0 96 0 0 0 2 0 0 0 5 0 2 0 0 0 0 0 0 0 0 0 4 0 0 0 0 0 0 0 0 0 0 0 0 0 
0 9 0 0 59 1180 0 0 19 0 19 0 0 0 0 0 331 0 0 195 0 0 4022 0 6380 6489 0 0 7153 0 13 86011 0 0 0 6704 145 0 0 0 0 0 0 18 262 0 0 12 0 0 0 0 43 0 0 0 0 0 0 0 51 0 0 35 0 0 2559 0 1037 0 90 0 0 0 2070 0 916 0 123 0 0 0 0 0 0 11 0 0 0 0 0 15 0 0 0 407 0 0 0 18 0 0 0 20 0 15 0 0 0 0 0 0 0 0 0 9 0 0 0 0 0 0 0 0 0 10 0 0 0 
0 10 0 0 73 1405 0 0 38 0 8 0 0 0 0 0 410 0 0 451 0 0 9467 0 7651 7379 0 0 9230 0 69 100140 0 0 0 9277 198 0 0 0 0 0 0 57 563 0 0 29 0 0 0 0 59 0 0 0 0 0 0 0 56 0 0 53 0 0 923 0 1313 0 43 0 0 0 927 0 1101 0 45 0 0 0 0 0 0 3 0 0 0 0 0 2 0 0 0 197 0 0 0 10 0 0 0 8 0 1 0 0 0 0 0 0 0 0 0 2 0 0 0 0 0 0 0 0 0 0 0 0 0 
0 6 0 0 56 636 0 0 11 0 4 0 0 0 0 0 313 0 0 174 0 0 2155 0 3537 6245 0 0 4432 0 7 37326 0 0 0 5116 182 0 0 0 0 0 0 16 64 0 0 8 0 0 0 0 40 0 0 0 0 0 0 0 59 0 0 10 0 0 371 0 675 0 32 0 0 0 420 0 658 0 29 0 0 0 0 0 0 0 0 0 0 0 0 1 0 0 0 42 0 0 0 5 0 0 0 4 0 2 0 0 0 0 0 0 0 0 0 3 0 0 0 0 0 0 0 0 0 0 0 0 0 
0 9 0 0 69 755 0 0 25 0 14 0 0 0 0 0 406 0 0 316 0 0 3602 0 4150 7829 0 0 5186 0 27 32175 0 0 0 5225 218 0 0 0 0 0 0 29 231 0 0 16 0 0 0 0 44 0 0 0 0 0 0 0 64 0 0 51 0 0 1052 0 565 0 70 0 0 0 1010 0 793 0 88 0 0 0 0 0 0 4 0 0 0 0 0 8 0 0 0 198 0 0 0 15 0 0 0 8 0 9 0 0 0 0 0 0 0 0 0 23 0 0 0 0 0 0 0 0 0 6 0 0 0 
0 10 0 0 74 1320 0 0 30 0 16 0 0 0 0 0 395 0 0 367 0 0 6664 0 6900 7154 0 0 7878 0 40 117914 0 0 0 8757 219 0 0 0 0 0 0 47 390 0 0 17 0 0 0 0 57 0 0 0 0 0 0 0 61 0 0 46 0 0 2391 0 1631 0 88 0 0 0 1500 0 1082 0 94 0 0 0 0 0 0 7 0 0 0 0 0 14 0 0 0 332 0 0 0 26 0 0 0 15 0 14 0 0 0 0 0 0 0 0 0 14 0 0 1 0 0 0 0 0 0 6 0 0 0 
0 9 0 0 61 1325 0 0 28 0 8 0 0 0 0 0 345 0 0 296 0 0 7149 0 6965 5994 0 0 9258 0 42 118894 0 0 0 7525 152 0 0 0 0 0 0 51 470 0 0 17 0 0 0 0 57 0 0 0 0 0 0 0 45 0 0 30 0 0 1388 0 1759 0 48 0 0 0 725 0 973 0 50 0 0 0 0 0 0 2 0 0 0 0 0 5 0 0 0 176 0 0 0 9 0 0 0 12 0 3 0 0 0 0 0 0 0 0 0 2 0 0 0 0 0 0 0 0 0 2 0 0 0 
0 5 0 0 46 729 0 0 8 0 2 0 0 0 0 0 234 0 0 111 0 0 2112 0 4012 5077 0 0 4735 0 5 64351 0 0 0 5874 147 0 0 0 0 0 0 18 91 0 0 10 0 0 0 0 46 0 0 0 0 0 0 0 50 0 0 4 0 0 392 0 1073 0 13 0 0 0 134 0 781 0 17 0 0 0 0 0 0 0 0 0 0 0 0 1 0 0 0 40 0 0 0 4 0 0 0 1 0 0 0 0 0 0 0 0 0 0 0 3 0 0 0 0 0 0 0 0 0 0 0 0 0 
0 9 0 0 65 1315 0 0 24 0 12 0 0 0 0 0 378 0 0 269 0 0 6315 0 6870 7262 0 0 7228 0 24 110894 0 0 0 8014 174 0 0 0 0 0 0 47 414 0 0 27 0 0 0 0 54 0 0 0 0 0 0 0 47 0 0 40 0 0 1488 0 1500 0 74 0 0 0 1344 0 1056 0 52 0 0 0 0 0 0 2 0 0 0 0 0 6 0 0 0 245 0 0 0 11 0 0 0 11 0 8 0 0 0 0 0 0 0 0 0 9 0 0 0 0 0 0 0 0 0 4 0 0 0 
0 11 0 0 94 1666 0 0 41 0 17 0 0 0 0 0 474 0 0 572 0 0 10597 0 8525 9363 0 0 8293 0 65 152155 0 0 0 11623 309 0 0 0 0 0 0 59 719 0 0 37 0 0 0 0 60 0 0 0 0 0 0 0 93 0 0 96 0 0 2501 0 1758 0 110 0 0 0 2187 0 1443 0 116 0 0 0 0 0 0 6 0 0 0 0 0 7 0 0 0 407 0 0 0 20 0 0 0 15 0 16 0 0 0 0 0 0 0 0 0 17 0 0 2 0 0 0 0 0 0 1 0 0 0 
0 8 0 0 62 919 0 0 14 0 15 0 0 0 0 0 356 0 0 169 0 0 2904 0 5170 6749 0 0 5006 0 4 56766 0 0 0 6510 192 0 0 0 0 0 0 17 158 0 0 14 0 0 0 0 40 0 0 0 0 0 0 0 54 0 0 29 0 0 1592 0 738 0 89 0 0 0 1379 0 841 0 99 0 0 0 0 0 0 5 0 0 0 0 0 9 0 0 0 194 0 0 0 10 0 0 0 11 0 7 0 0 0 0 0 0 0 0 0 17 0 0 1 0 0 0 0 0 0 7 0 0 0 
0 7 0 0 44 960 0 0 17 0 4 0 0 0 0 0 279 0 0 194 0 0 3898 0 5309 4619 0 0 5376 0 18 89213 0 0 0 5300 99 0 0 0 0 0 0 21 246 0 0 2 0 0 0 0 33 0 0 0 0 0 0 0 33 0 0 14 0 0 849 0 1134 0 19 0 0 0 335 0 712 0 14 0 0 0 0 0 0 1 0 0 0 0 0 0 0 0 0 82 0 0 0 5 0 0 0 3 0 2 0 0 0 0 0 0 0 0 0 2 0 0 0 0 0 0 0 0 0 0 0 0 0 
27 11 229 248 56 1251 341 190 44 5 14 10 45 2004 1226 1109 319 1082 1433 385 1130 22623 8787 4122 6657 6112 27619 5005 8593 492 83 82464 2694 9432 2666 5645 110 842 1683 4 127 133 37 43 370 320 198 16 13 279 294 101 39 14 20 23 15 108 775 269 25 41 252 88 166 5444 1747 212 1132 208 56 58 156 771 1419 873 759 59 55 290 268 2 6 1 0 6 50 2 3 5 0 3 22 25 118 254 14 57 127 8 3 10 32 7 14 9 38 5 7 13 6 0 4 2 25 4 36 3 1 3 0 1 0 1 0 3 11 8 0 
0 13 0 0 75 1631 0 0 62 0 19 0 0 0 0 0 407 0 0 618 0 0 14000 0 8734 7379 0 0 10412 0 144 110872 0 0 0 8040 160 0 0 0 0 0 0 78 773 0 0 28 0 0 0 0 67 0 0 0 0 0 0 0 51 0 0 132 0 0 1860 0 1529 0 80 0 0 0 2124 0 1050 0 82 0 0 0 0 0 0 10 0 0 0 0 0 7 0 0 0 334 0 0 0 15 0 0 0 12 0 22 0 0 0 0 0 0 0 0 0 3 0 0 0 0 0 0 0 0 0 5 0 0 0 
159 10 1242 1325 58 1442 12375 928 34 14 12 187 251 6705 7529 6968 285 5900 6226 329 5444 97098 8354 129092 6701 4966 183177 161525 7879 2023 49 125517 630727 105222 86417 7047 119 3761 5559 48 1044 724 908 53 607 7357 1072 12 418 1640 1927 1561 45 68 45 71 39 976 1156 1309 32 815 1051 58 610 41357 1812 24176 1820 1246 44 1115 1420 31848 1358 32101 863 827 58 1425 650 11 10 15 10 6 293 62 7 13 6 4 101 130 3403 293 2387 292 255 12 143 293 284 14 284 11 145 208 184 13 6 7 11 169 153 5 224 53 0 2 0 0 1 0 0 0 36 53 21 
0 13 0 0 97 1552 0 0 58 0 23 0 0 0 0 0 534 0 0 715 0 0 12136 0 7854 11270 0 0 9054 0 115 116599 0 0 0 9991 278 0 0 0 0 0 0 78 556 0 0 44 0 0 0 0 68 0 0 0 0 0 0 0 80 0 0 144 0 0 3201 0 1574 0 135 0 0 0 2254 0 1327 0 132 0 0 0 0 0 0 21 0 0 0 0 0 8 0 0 0 387 0 0 0 20 0 0 0 16 0 24 0 0 0 0 0 0 0 0 0 18 0 0 3 0 0 0 0 0 0 5 0 0 0 
0 7 0 0 43 1146 0 0 16 0 5 0 0 0 0 0 258 0 0 161 0 0 4456 0 6245 4430 0 0 7494 0 13 103201 0 0 0 6220 107 0 0 0 0 0 0 27 322 0 0 6 0 0 0 0 29 0 0 0 0 0 0 0 19 0 0 19 0 0 837 0 1257 0 26 0 0 0 624 0 792 0 21 0 0 0 0 0 0 1 0 0 0 0 0 0 0 0 0 146 0 0 0 8 0 0 0 2 0 2 0 0 0 0 0 0 0 0 0 4 0 0 0 0 0 0 0 0 0 0 0 0 0 
0 9 0 0 63 1195 0 0 33 0 3 0 0 0 0 0 381 0 0 405 0 0 7780 0 6420 6449 0 0 8298 0 64 87622 0 0 0 7372 158 0 0 0 0 0 0 43 469 0 0 13 0 0 0 0 53 0 0 0 0 0 0 0 43 0 0 19 0 0 489 0 1369 0 15 0 0 0 212 0 927 0 11 0 0 0 0 0 0 0 0 0 0 0 0 1 0 0 0 52 0 0 0 4 0 0 0 3 0 0 0 0 0 0 0 0 0 0 0 2 0 0 0 0 0 0 0 0 0 0 0 0 0 
0 7 0 0 44 1033 0 0 17 0 5 0 0 0 0 0 292 0 0 191 0 0 4430 0 5930 4314 0 0 5742 0 17 84056 0 0 0 5643 103 0 0 0 0 0 0 23 276 0 0 4 0 0 0 0 32 0 0 0 0 0 0 0 30 0 0 21 0 0 684 0 974 0 29 0 0 0 718 0 774 0 23 0 0 0 0 0 0 1 0 0 0 0 0 1 0 0 0 86 0 0 0 2 0 0 0 1 0 0 0 0 0 0 0 0 0 0 0 0 0 0 0 0 0 0 0 0 0 0 0 0 0 
134 13 802 1511 84 1431 8789 799 66 19 13 123 215 4426 7002 8936 416 3889 7457 700 4645 87119 13123 93666 6745 9058 161371 95275 7523 1841 172 102147 376892 35149 86437 7095 206 6614 3945 37 674 828 529 75 678 5370 889 45 235 2149 1478 1940 45 87 76 158 28 330 1122 1357 56 595 943 108 569 26705 1572 14389 1319 1211 68 1077 461 10074 1013 23836 974 596 70 1931 514 7 7 8 5 8 174 40 16 19 11 0 74 138 2065 157 827 180 171 9 61 222 271 4 311 5 144 58 127 22 23 0 10 21 154 12 155 36 1 1 0 1 3 2 0 3 36 30 7 
0 8 0 0 69 1045 0 0 25 0 3 0 0 0 0 0 394 0 0 372 0 0 5876 0 5737 7489 0 0 6833 0 39 72790 0 0 0 7931 224 0 0 0 0 0 0 37 391 0 0 15 0 0 0 0 52 0 0 0 0 0 0 0 57 0 0 16 0 0 349 0 972 0 10 0 0 0 236 0 1074 0 20 0 0 0 0 0 0 0 0 0 0 0 0 1 0 0 0 19 0 0 0 2 0 0 0 4 0 0 0 0 0 0 0 0 0 0 0 8 0 0 0 0 0 0 0 0 0 0 0 0 0 
0 9 0 0 58 1240 0 0 26 0 11 0 0 0 0 0 360 0 0 270 0 0 6277 0 6845 6508 0 0 6247 0 32 101480 0 0 0 6469 138 0 0 0 0 0 0 36 438 0 0 17 0 0 0 0 43 0 0 0 0 0 0 0 34 0 0 40 0 0 1356 0 1203 0 58 0 0 0 1310 0 858 0 56 0 0 0 0 0 0 7 0 0 0 0 0 1 0 0 0 237 0 0 0 10 0 0 0 13 0 8 0 0 0 0 0 0 0 0 0 4 0 0 0 0 0 0 0 0 0 3 0 0 0 
0 9 0 0 72 1048 0 0 26 0 10 0 0 0 0 0 385 0 0 337 0 0 5363 0 5874 8023 0 0 5685 0 29 64614 0 0 0 7385 257 0 0 0 0 0 0 39 262 0 0 31 0 0 0 0 51 0 0 0 0 0 0 0 82 0 0 42 0 0 1021 0 743 0 66 0 0 0 1077 0 1121 0 62 0 0 0 0 0 0 4 0 0 0 0 0 1 0 0 0 177 0 0 0 5 0 0 0 11 0 6 0 0 0 0 0 0 0 0 0 8 0 0 1 0 0 0 0 0 0 1 0 0 0 
0 9 0 0 67 913 0 0 30 0 7 0 0 0 0 0 388 0 0 396 0 0 5513 0 5133 7859 0 0 5831 0 48 54735 0 0 0 5777 185 0 0 0 0 0 0 25 242 0 0 21 0 0 0 0 37 0 0 0 0 0 0 0 63 0 0 36 0 0 816 0 789 0 35 0 0 0 498 0 829 0 32 0 0 0 0 0 0 2 0 0 0 0 0 4 0 0 0 75 0 0 0 9 0 0 0 4 0 1 0 0 0 0 0 0 0 0 0 9 0 0 0 0 0 0 0 0 0 0 0 0 0 
0 8 0 0 64 808 0 0 22 0 6 0 0 0 0 0 383 0 0 304 0 0 4055 0 4550 7360 0 0 4817 0 26 44063 0 0 0 5600 192 0 0 0 0 0 0 24 192 0 0 16 0 0 0 0 44 0 0 0 0 0 0 0 61 0 0 24 0 0 493 0 623 0 51 0 0 0 588 0 741 0 28 0 0 0 0 0 0 2 0 0 0 0 0 2 0 0 0 54 0 0 0 4 0 0 0 4 0 2 0 0 0 0 0 0 0 0 0 2 0 0 0 0 0 0 0 0 0 0 0 0 0 
153 10 1093 1313 67 1500 11454 878 35 6 10 174 209 7198 7497 7870 318 5091 5846 379 4511 91147 8830 116173 6565 5896 188901 144113 7920 1905 54 130738 560759 64130 85052 9095 178 3945 4851 58 1088 915 841 62 747 7359 1091 27 371 440 595 763 49 35 24 38 33 652 1045 1129 49 749 849 53 558 37205 1489 22772 1825 1220 58 1223 1090 19521 1124 25575 981 766 34 1256 619 6 6 3 2 2 235 74 0 4 2 4 107 100 2845 253 1536 208 211 10 123 85 45 9 50 6 145 134 191 4 6 3 3 71 150 6 147 7 0 1 0 0 0 0 0 1 31 30 12 
0 8 0 0 61 1157 0 0 22 0 7 0 0 0 0 0 370 0 0 282 0 0 5317 0 6203 7272 0 0 5724 0 26 98828 0 0 0 7208 165 0 0 0 0 0 0 24 323 0 0 23 0 0 0 0 49 0 0 0 0 0 0 0 50 0 0 27 0 0 1266 0 1120 0 40 0 0 0 879 0 1053 0 38 0 0 0 0 0 0 4 0 0 0 0 0 0 0 0 0 207 0 0 0 9 0 0 0 5 0 5 0 0 0 0 0 0 0 0 0 6 0 0 0 0 0 0 0 0 0 0 0 0 0 
0 12 0 0 74 2005 0 0 51 0 19 0 0 0 0 0 401 0 0 532 0 0 14203 0 9438 7188 0 0 11098 0 100 179836 0 0 0 10633 170 0 0 0 0 0 0 78 1190 0 0 18 0 0 0 0 57 0 0 0 0 0 0 0 43 0 0 113 0 0 3149 0 2043 0 91 0 0 0 2775 0 1253 0 87 0 0 0 0 0 0 13 0 0 0 0 0 13 0 0 0 542 0 0 0 21 0 0 0 9 0 22 0 0 0 0 0 0 0 0 0 13 0 0 0 0 0 0 0 0 0 0 0 0 0 
0 8 0 0 66 959 0 0 26 0 3 0 0 0 0 0 403 0 0 353 0 0 5664 0 5201 7806 0 0 6439 0 45 64166 0 0 0 6725 206 0 0 0 0 0 0 43 300 0 0 21 0 0 0 0 40 0 0 0 0 0 0 0 61 0 0 15 0 0 288 0 901 0 22 0 0 0 275 0 992 0 20 0 0 0 0 0 0 1 0 0 0 0 0 0 0 0 0 36 0 0 0 4 0 0 0 0 0 1 0 0 0 0 0 0 0 0 0 3 0 0 0 0 0 0 0 0 0 0 0 0 0 
0 10 0 0 71 1239 0 0 35 0 10 0 0 0 0 0 398 0 0 392 0 0 7671 0 6827 8396 0 0 6797 0 59 79287 0 0 0 8002 182 0 0 0 0 0 0 54 377 0 0 30 0 0 0 0 37 0 0 0 0 0 0 0 54 0 0 44 0 0 1234 0 993 0 69 0 0 0 1034 0 1143 0 61 0 0 0 0 0 0 3 0 0 0 0 0 7 0 0 0 203 0 0 0 8 0 0 0 2 0 5 0 0 0 0 0 0 0 0 0 7 0 0 0 0 0 0 0 0 0 2 0 0 0 
0 8 0 0 51 1250 0 0 19 0 9 0 0 0 0 0 297 0 0 200 0 0 5134 0 6719 6254 0 0 8127 0 15 101522 0 0 0 6650 123 0 0 0 0 0 0 29 363 0 0 13 0 0 0 0 36 0 0 0 0 0 0 0 34 0 0 29 0 0 1369 0 1279 0 44 0 0 0 1078 0 930 0 45 0 0 0 0 0 0 4 0 0 0 0 0 6 0 0 0 208 0 0 0 7 0 0 0 6 0 1 0 0 0 0 0 0 0 0 0 7 0 0 0 0 0 0 0 0 0 1 0 0 0 
90 12 423 951 69 1405 3939 518 54 3 13 67 126 2761 3942 4907 360 2008 4469 487 3084 62353 11348 40214 6757 7349 107080 27781 9236 1132 115 100999 112488 28345 36803 7092 157 3770 2437 19 432 512 199 87 632 2455 617 32 36 192 380 170 52 16 21 24 17 246 350 906 48 281 551 99 348 17962 1517 4230 1410 673 65 614 331 9486 1014 9459 861 390 50 1002 371 2 3 4 1 4 113 7 0 1 0 4 70 64 796 230 796 141 33 11 37 71 26 7 16 7 79 50 68 0 1 4 3 23 55 6 100 9 1 0 0 0 1 2 1 0 7 15 10 
0 6 0 0 45 872 0 0 14 0 1 0 0 0 0 0 244 0 0 161 0 0 3607 0 4775 5547 0 0 6533 0 16 65705 0 0 0 5623 123 0 0 0 0 0 0 38 262 0 0 13 0 0 0 0 40 0 0 0 0 0 0 0 37 0 0 4 0 0 88 0 993 0 6 0 0 0 97 0 861 0 7 0 0 0 0 0 0 0 0 0 0 0 0 0 0 0 0 9 0 0 0 0 0 0 0 0 0 0 0 0 0 0 0 0 0 0 0 0 0 0 0 0 0 0 0 0 0 0 0 0 0 
0 11 0 0 67 1582 0 0 41 0 16 0 0 0 0 0 378 0 0 409 0 0 10136 0 8151 7431 0 0 10824 0 65 124272 0 0 0 8380 166 0 0 0 0 0 0 66 771 0 0 27 0 0 0 0 49 0 0 0 0 0 0 0 46 0 0 87 0 0 1961 0 1493 0 68 0 0 0 1996 0 1086 0 75 0 0 0 0 0 0 8 0 0 0 0 0 5 0 0 0 363 0 0 0 12 0 0 0 10 0 15 0 0 0 0 0 0 0 0 0 6 0 0 1 0 0 0 0 0 0 2 0 0 0 
0 9 0 0 67 1163 0 0 32 0 4 0 0 0 0 0 381 0 0 391 0 0 7259 0 6149 7386 0 0 7612 0 59 87059 0 0 0 7596 206 0 0 0 0 0 0 56 430 0 0 20 0 0 0 0 40 0 0 0 0 0 0 0 49 0 0 22 0 0 475 0 1094 0 24 0 0 0 485 0 948 0 26 0 0 0 0 0 0 1 0 0 0 0 0 0 0 0 0 88 0 0 0 4 0 0 0 2 0 2 0 0 0 0 0 0 0 0 0 2 0 0 0 0 0 0 0 0 0 0 0 0 0 
0 9 0 0 57 1287 0 0 31 0 6 0 0 0 0 0 371 0 0 329 0 0 7859 0 7146 6774 0 0 7371 0 53 98546 0 0 0 7112 125 0 0 0 0 0 0 41 470 0 0 15 0 0 0 0 35 0 0 0 0 0 0 0 39 0 0 32 0 0 783 0 1152 0 37 0 0 0 802 0 955 0 33 0 0 0 0 0 0 1 0 0 0 0 0 1 0 0 0 118 0 0 0 2 0 0 0 3 0 4 0 0 0 0 0 0 0 0 0 2 0 0 0 0 0 0 0 0 0 0 0 0 0 
0 14 0 0 90 2022 0 0 69 0 26 0 0 0 0 0 474 0 0 728 0 0 17586 0 9744 9906 0 0 11259 0 159 153359 0 0 0 10914 220 0 0 0 0 0 0 109 1138 0 0 42 0 0 0 0 54 0 0 0 0 0 0 0 49 0 0 188 0 0 3445 0 1761 0 127 0 0 0 3054 0 1460 0 122 0 0 0 0 0 0 12 0 0 0 0 0 18 0 0 0 491 0 0 0 19 0 0 0 18 0 25 0 0 0 0 0 0 0 0 0 26 0 0 1 0 0 0 0 0 0 9 0 0 0 
0 9 0 0 53 1421 0 0 25 0 14 0 0 0 0 0 316 0 0 249 0 0 6633 0 7875 5794 0 0 6884 0 25 120251 0 0 0 7407 123 0 0 0 0 0 0 31 510 0 0 12 0 0 0 0 33 0 0 0 0 0 0 0 35 0 0 51 0 0 2097 0 1013 0 74 0 0 0 1933 0 963 0 65 0 0 0 0 0 0 9 0 0 0 0 0 6 0 0 0 353 0 0 0 4 0 0 0 6 0 15 0 0 0 0 0 0 0 0 0 7 0 0 0 0 0 0 0 0 0 0 0 0 0 
0 6 0 0 50 737 0 0 12 0 3 0 0 0 0 0 299 0 0 151 0 0 2673 0 3980 6743 0 0 4118 0 10 50991 0 0 0 4946 154 0 0 0 0 0 0 19 186 0 0 18 0 0 0 0 25 0 0 0 0 0 0 0 54 0 0 8 0 0 281 0 560 0 22 0 0 0 249 0 808 0 17 0 0 0 0 0 0 0 0 0 0 0 0 0 0 0 0 45 0 0 0 1 0 0 0 2 0 2 0 0 0 0 0 0 0 0 0 4 0 0 0 0 0 0 0 0 0 0 0 0 0 
0 12 0 0 91 1658 0 0 55 0 11 0 0 0 0 0 499 0 0 710 0 0 13005 0 8476 9579 0 0 8575 0 131 134702 0 0 0 10746 256 0 0 0 0 0 0 71 826 0 0 42 0 0 0 0 63 0 0 0 0 0 0 0 73 0 0 70 0 0 1780 0 1518 0 64 0 0 0 1135 0 1437 0 71 0 0 0 0 0 0 5 0 0 0 0 0 7 0 0 0 300 0 0 0 13 0 0 0 4 0 5 0 0 0 0 0 0 0 0 0 7 0 0 0 0 0 0 0 0 0 2 0 0 0 
0 3 0 0 27 388 0 0 3 0 0 0 0 0 0 0 164 0 0 43 0 0 624 0 2080 3419 0 0 2608 0 1 32111 0 0 0 2529 96 0 0 0 0 0 0 6 73 0 0 3 0 0 0 0 11 0 0 0 0 0 0 0 27 0 0 0 0 0 0 0 397 0 0 0 0 0 0 0 388 0 0 0 0 0 0 0 0 0 0 0 0 0 0 0 0 0 0 0 0 0 0 0 0 0 0 0 0 0 0 0 0 0 0 0 0 0 0 0 0 0 0 0 0 0 0 0 0 0 0 0 0 
0 6 0 0 45 797 0 0 10 0 5 0 0 0 0 0 266 0 0 128 0 0 2388 0 4443 5189 0 0 5744 0 5 58100 0 0 0 5110 123 0 0 0 0 0 0 13 121 0 0 5 0 0 0 0 35 0 0 0 0 0 0 0 35 0 0 10 0 0 708 0 912 0 36 0 0 0 462 0 688 0 28 0 0 0 0 0 0 1 0 0 0 0 0 2 0 0 0 82 0 0 0 7 0 0 0 3 0 2 0 0 0 0 0 0 0 0 0 2 0 0 0 0 0 0 0 0 0 0 0 0 0 
105 8 422 722 53 1016 5395 654 20 2 9 66 116 2176 2419 4297 288 2259 3704 232 4047 77304 4485 60305 5376 5693 90651 38436 5708 1523 20 70239 181206 16621 31919 5905 127 1570 2152 11 289 460 181 20 249 3412 461 14 31 306 125 157 35 12 14 6 13 335 432 680 33 289 558 28 537 14789 1074 5902 916 709 52 389 275 4878 1026 10207 698 322 48 484 343 2 3 0 2 2 84 4 0 1 1 3 58 38 846 165 381 111 83 5 54 16 17 3 30 7 77 36 51 2 0 4 2 57 51 3 125 2 0 2 0 0 0 0 0 2 17 23 16 
0 7 0 0 55 945 0 0 13 0 9 0 0 0 0 0 318 0 0 174 0 0 2768 0 5018 5823 0 0 5669 0 6 87849 0 0 0 6326 187 0 0 0 0 0 0 18 166 0 0 7 0 0 0 0 34 0 0 0 0 0 0 0 59 0 0 24 0 0 1729 0 1036 0 51 0 0 0 602 0 817 0 66 0 0 0 0 0 0 5 0 0 0 0 0 2 0 0 0 193 0 0 0 10 0 0 0 6 0 0 0 0 0 0 0 0 0 0 0 6 0 0 0 0 0 0 0 0 0 3 0 0 0 
0 7 0 0 57 1070 0 0 19 0 2 0 0 0 0 0 336 0 0 248 0 0 5020 0 5830 6815 0 0 6190 0 25 85510 0 0 0 7355 167 0 0 0 0 0 0 40 374 0 0 16 0 0 0 0 50 0 0 0 0 0 0 0 50 0 0 10 0 0 230 0 931 0 18 0 0 0 299 0 1140 0 15 0 0 0 0 0 0 0 0 0 0 0 0 0 0 0 0 45 0 0 0 0 0 0 0 1 0 0 0 0 0 0 0 0 0 0 0 0 0 0 0 0 0 0 0 0 0 0 0 0 0 
0 8 0 0 50 1282 0 0 23 0 6 0 0 0 0 0 300 0 0 233 0 0 6148 0 6782 5882 0 0 7176 0 32 116871 0 0 0 7222 122 0 0 0 0 0 0 38 446 0 0 15 0 0 0 0 46 0 0 0 0 0 0 0 28 0 0 22 0 0 1003 0 1371 0 29 0 0 0 835 0 924 0 23 0 0 0 0 0 0 2 0 0 0 0 0 1 0 0 0 176 0 0 0 9 0 0 0 2 0 5 0 0 0 0 0 0 0 0 0 3 0 0 0 0 0 0 0 0 0 0 0 0 0 
0 11 0 0 65 1382 0 0 45 0 13 0 0 0 0 0 383 0 0 455 0 0 9822 0 7346 7047 0 0 8458 0 89 112801 0 0 0 7931 142 0 0 0 0 0 0 51 473 0 0 9 0 0 0 0 48 0 0 0 0 0 0 0 47 0 0 82 0 0 1825 0 1567 0 74 0 0 0 1409 0 1065 0 54 0 0 0 0 0 0 7 0 0 0 0 0 4 0 0 0 287 0 0 0 11 0 0 0 5 0 10 0 0 0 0 0 0 0 0 0 11 0 0 0 0 0 0 0 0 0 0 0 0 0 
0 8 0 0 61 1217 0 0 20 0 8 0 0 0 0 0 350 0 0 262 0 0 5326 0 6429 6865 0 0 7532 0 23 108982 0 0 0 7748 175 0 0 0 0 0 0 32 361 0 0 11 0 0 0 0 57 0 0 0 0 0 0 0 55 0 0 20 0 0 1239 0 1457 0 56 0 0 0 819 0 904 0 40 0 0 0 0 0 0 4 0 0 0 0 0 2 0 0 0 189 0 0 0 9 0 0 0 5 0 5 0 0 0 0 0 0 0 0 0 6 0 0 0 0 0 0 0 0 0 2 0 0 0 
0 11 0 0 80 1287 0 0 40 0 17 0 0 0 0 0 461 0 0 475 0 0 8657 0 6934 9278 0 0 7439 0 65 87935 0 0 0 8122 220 0 0 0 0 0 0 61 494 0 0 34 0 0 0 0 47 0 0 0 0 0 0 0 65 0 0 78 0 0 1861 0 1041 0 109 0 0 0 1460 0 1232 0 87 0 0 0 0 0 0 10 0 0 0 0 0 10 0 0 0 171 0 0 0 14 0 0 0 9 0 16 0 0 0 0 0 0 0 0 0 12 0 0 2 0 0 0 0 0 0 2 0 0 0 
0 7 0 0 61 908 0 0 17 0 5 0 0 0 0 0 345 0 0 215 0 0 3889 0 5020 7399 0 0 5878 0 18 62991 0 0 0 6716 202 0 0 0 0 0 0 39 207 0 0 28 0 0 0 0 33 0 0 0 0 0 0 0 46 0 0 17 0 0 703 0 832 0 22 0 0 0 581 0 1143 0 28 0 0 0 0 0 0 3 0 0 0 0 0 0 0 0 0 79 0 0 0 8 0 0 0 2 0 2 0 0 0 0 0 0 0 0 0 12 0 0 0 0 0 0 0 0 0 0 0 0 0 
0 12 0 0 93 1716 0 0 48 0 20 0 0 0 0 0 519 0 0 619 0 0 12440 0 8691 9257 0 0 9833 0 80 135462 0 0 0 11724 266 0 0 0 0 0 0 78 767 0 0 30 0 0 0 0 78 0 0 0 0 0 0 0 63 0 0 117 0 0 2530 0 1771 0 134 0 0 0 2318 0 1347 0 129 0 0 0 0 0 0 14 0 0 0 0 0 11 0 0 0 369 0 0 0 18 0 0 0 16 0 14 0 0 0 0 0 0 0 0 0 11 0 0 0 0 0 0 0 0 0 4 0 0 0 
184 8 1432 1265 50 1035 16583 975 20 6 9 256 203 7325 7814 7049 273 6485 5557 205 5068 106866 4249 156585 4567 4494 158454 234168 4892 1995 19 76674 977884 69334 98520 6016 116 2751 7249 39 942 742 1109 29 331 9095 723 11 702 721 393 848 37 33 22 24 38 1274 1901 1238 35 1087 758 30 610 29387 1063 41446 753 1238 44 1425 979 24184 1023 30512 741 1297 38 822 1009 4 14 2 7 4 126 139 0 4 1 3 184 86 2956 207 2200 198 419 11 227 70 82 9 158 6 107 145 164 6 2 14 6 162 324 3 166 12 0 2 0 0 0 0 0 0 79 47 34 
0 12 0 0 73 1913 0 0 49 0 19 0 0 0 0 0 397 0 0 475 0 0 13225 0 9289 7464 0 0 10744 0 92 167270 0 0 0 10183 171 0 0 0 0 0 0 80 1047 0 0 23 0 0 0 0 53 0 0 0 0 0 0 0 42 0 0 101 0 0 3003 0 1977 0 104 0 0 0 2316 0 1187 0 84 0 0 0 0 0 0 12 0 0 0 0 0 16 0 0 0 502 0 0 0 20 0 0 0 8 0 14 0 0 0 0 0 0 0 0 0 8 0 0 0 0 0 0 0 0 0 6 0 0 0 
0 13 0 0 84 1602 0 0 59 0 21 0 0 0 0 0 483 0 0 638 0 0 12991 0 8261 9209 0 0 9585 0 118 126520 0 0 0 8754 197 0 0 0 0 0 0 74 763 0 0 35 0 0 0 0 68 0 0 0 0 0 0 0 65 0 0 143 0 0 2687 0 1611 0 111 0 0 0 1632 0 1143 0 106 0 0 0 0 0 0 10 0 0 0 0 0 11 0 0 0 318 0 0 0 17 0 0 0 4 0 21 0 0 0 0 0 0 0 0 0 13 0 0 2 0 0 0 0 0 0 4 0 0 0 
0 9 0 0 67 976 0 0 27 0 9 0 0 0 0 0 393 0 0 335 0 0 5142 0 5349 8311 0 0 6339 0 34 60944 0 0 0 6067 202 0 0 0 0 0 0 41 296 0 0 27 0 0 0 0 46 0 0 0 0 0 0 0 49 0 0 38 0 0 1055 0 795 0 64 0 0 0 761 0 890 0 34 0 0 0 0 0 0 2 0 0 0 0 0 5 0 0 0 108 0 0 0 7 0 0 0 1 0 4 0 0 0 0 0 0 0 0 0 8 0 0 0 0 0 0 0 0 0 1 0 0 0 
0 8 0 0 52 1264 0 0 17 0 11 0 0 0 0 0 312 0 0 185 0 0 4594 0 6690 5227 0 0 7084 0 11 110159 0 0 0 7426 130 0 0 0 0 0 0 26 376 0 0 9 0 0 0 0 43 0 0 0 0 0 0 0 37 0 0 25 0 0 1593 0 1358 0 60 0 0 0 1420 0 868 0 53 0 0 0 0 0 0 3 0 0 0 0 0 5 0 0 0 228 0 0 0 8 0 0 0 5 0 11 0 0 0 0 0 0 0 0 0 7 0 0 0 0 0 0 0 0 0 1 0 0 0 
0 8 0 0 54 1273 0 0 22 0 8 0 0 0 0 0 305 0 0 249 0 0 5892 0 6640 6265 0 0 8036 0 26 108287 0 0 0 7606 135 0 0 0 0 0 0 36 449 0 0 11 0 0 0 0 35 0 0 0 0 0 0 0 37 0 0 31 0 0 1286 0 1355 0 36 0 0 0 1106 0 1140 0 44 0 0 0 0 0 0 5 0 0 0 0 0 2 0 0 0 193 0 0 0 5 0 0 0 3 0 5 0 0 0 0 0 0 0 0 0 12 0 0 0 0 0 0 0 0 0 0 0 0 0 
13 6 0 71 39 960 78 65 12 0 4 0 7 0 0 434 231 0 279 126 433 7826 3196 722 5291 4901 11101 0 6249 117 9 80581 286 0 390 5260 93 130 0 0 0 33 0 24 278 29 46 7 0 0 0 0 35 0 0 0 0 0 0 42 23 0 29 13 44 1327 670 0 1018 35 21 0 0 0 537 72 784 0 22 25 0 0 0 0 0 1 6 0 0 0 0 0 0 1 6 87 0 7 0 2 0 0 0 1 0 1 5 0 0 0 0 0 0 0 0 2 3 0 0 0 0 0 0 0 0 0 0 0 0 
0 9 0 0 66 1100 0 0 32 0 6 0 0 0 0 0 404 0 0 385 0 0 6938 0 6018 7915 0 0 7678 0 59 78245 0 0 0 6717 177 0 0 0 0 0 0 46 394 0 0 24 0 0 0 0 48 0 0 0 0 0 0 0 47 0 0 34 0 0 755 0 1008 0 39 0 0 0 651 0 994 0 32 0 0 0 0 0 0 3 0 0 0 0 0 0 0 0 0 81 0 0 0 2 0 0 0 4 0 2 0 0 0 0 0 0 0 0 0 8 0 0 0 0 0 0 0 0 0 0 0 0 0 
0 12 0 0 81 1469 0 0 46 0 22 0 0 0 0 0 476 0 0 524 0 0 10276 0 7621 9222 0 0 9056 0 74 109621 0 0 0 8998 196 0 0 0 0 0 0 64 572 0 0 32 0 0 0 0 65 0 0 0 0 0 0 0 62 0 0 102 0 0 2678 0 1598 0 121 0 0 0 1900 0 1174 0 103 0 0 0 0 0 0 9 0 0 0 0 0 24 0 0 0 234 0 0 0 15 0 0 0 13 0 25 0 0 0 0 0 0 0 0 0 16 0 0 0 0 0 0 0 0 0 6 0 0 0 
0 7 0 0 63 948 0 0 16 0 5 0 0 0 0 0 362 0 0 239 0 0 3749 0 5097 6906 0 0 5860 0 15 70797 0 0 0 7234 219 0 0 0 0 0 0 27 280 0 0 18 0 0 0 0 38 0 0 0 0 0 0 0 53 0 0 15 0 0 680 0 804 0 36 0 0 0 476 0 960 0 31 0 0 0 0 0 0 0 0 0 0 0 0 3 0 0 0 95 0 0 0 5 0 0 0 4 0 2 0 0 0 0 0 0 0 0 0 5 0 0 0 0 0 0 0 0 0 0 0 0 0 
0 9 0 0 68 955 0 0 27 0 12 0 0 0 0 0 374 0 0 326 0 0 5076 0 5557 7155 0 0 5952 0 37 59658 0 0 0 6300 208 0 0 0 0 0 0 38 225 0 0 19 0 0 0 0 41 0 0 0 0 0 0 0 67 0 0 44 0 0 1165 0 793 0 83 0 0 0 1252 0 907 0 73 0 0 0 0 0 0 6 0 0 0 0 0 4 0 0 0 177 0 0 0 10 0 0 0 8 0 14 0 0 0 0 0 0 0 0 0 12 0 0 0 0 0 0 0 0 0 1 0 0 0 
0 8 0 0 53 941 0 0 24 0 4 0 0 0 0 0 316 0 0 261 0 0 5110 0 5403 6028 0 0 6374 0 35 59096 0 0 0 5642 124 0 0 0 0 0 0 33 252 0 0 20 0 0 0 0 34 0 0 0 0 0 0 0 40 0 0 18 0 0 419 0 874 0 19 0 0 0 406 0 710 0 17 0 0 0 0 0 0 1 0 0 0 0 0 1 0 0 0 57 0 0 0 5 0 0 0 1 0 1 0 0 0 0 0 0 0 0 0 2 0 0 0 0 0 0 0 0 0 0 0 0 0 
0 7 0 0 44 1058 0 0 16 0 6 0 0 0 0 0 266 0 0 164 0 0 4220 0 5756 5206 0 0 6232 0 15 96853 0 0 0 6092 102 0 0 0 0 0 0 27 287 0 0 8 0 0 0 0 38 0 0 0 0 0 0 0 27 0 0 17 0 0 902 0 1213 0 30 0 0 0 538 0 831 0 22 0 0 0 0 0 0 3 0 0 0 0 0 1 0 0 0 158 0 0 0 10 0 0 0 2 0 4 0 0 0 0 0 0 0 0 0 7 0 0 0 0 0 0 0 0 0 0 0 0 0 
0 4 0 0 26 641 0 0 4 0 2 0 0 0 0 0 167 0 0 38 0 0 997 0 3682 3640 0 0 3758 0 1 52483 0 0 0 3370 66 0 0 0 0 0 0 8 111 0 0 7 0 0 0 0 20 0 0 0 0 0 0 0 21 0 0 2 0 0 305 0 521 0 14 0 0 0 295 0 571 0 6 0 0 0 0 0 0 0 0 0 0 0 0 1 0 0 0 48 0 0 0 0 0 0 0 1 0 0 0 0 0 0 0 0 0 0 0 0 0 0 0 0 0 0 0 0 0 0 0 0 0 
0 8 0 0 63 1147 0 0 23 0 5 0 0 0 0 0 358 0 0 275 0 0 5703 0 6126 7205 0 0 7389 0 29 88746 0 0 0 7726 194 0 0 0 0 0 0 42 424 0 0 24 0 0 0 0 42 0 0 0 0 0 0 0 44 0 0 25 0 0 657 0 1094 0 47 0 0 0 587 0 1045 0 28 0 0 0 0 0 0 1 0 0 0 0 0 0 0 0 0 97 0 0 0 5 0 0 0 3 0 0 0 0 0 0 0 0 0 0 0 2 0 0 0 0 0 0 0 0 0 1 0 0 0 
96 9 770 750 52 856 4428 656 28 9 9 133 104 5509 4988 3759 277 3792 4303 281 3616 77510 4850 52218 4465 6526 69602 61860 6460 1691 35 45710 131531 30571 30147 4367 127 2024 5214 34 402 498 438 29 223 3930 515 14 212 804 567 666 29 41 59 43 41 677 660 664 34 641 533 48 532 10491 758 10387 756 565 42 837 576 9686 762 8233 715 847 30 569 759 8 7 5 6 1 83 63 3 7 2 1 200 36 635 117 834 88 68 3 133 83 70 8 95 4 87 71 97 6 4 9 5 54 128 7 76 4 1 2 0 0 1 3 0 1 21 16 26 
0 11 0 0 79 1351 0 0 45 0 10 0 0 0 0 0 473 0 0 552 0 0 9610 0 7103 8875 0 0 7626 0 86 111428 0 0 0 8097 226 0 0 0 0 0 0 57 524 0 0 28 0 0 0 0 49 0 0 0 0 0 0 0 55 0 0 69 0 0 1561 0 1303 0 62 0 0 0 834 0 1193 0 55 0 0 0 0 0 0 3 0 0 0 0 0 1 0 0 0 198 0 0 0 11 0 0 0 8 0 5 0 0 0 0 0 0 0 0 0 5 0 0 0 0 0 0 0 0 0 1 0 0 0 
0 6 0 0 40 1103 0 0 11 0 5 0 0 0 0 0 216 0 0 120 0 0 3189 0 5917 4735 0 0 6574 0 8 112735 0 0 0 5796 102 0 0 0 0 0 0 25 263 0 0 8 0 0 0 0 37 0 0 0 0 0 0 0 31 0 0 12 0 0 932 0 1377 0 26 0 0 0 835 0 741 0 24 0 0 0 0 0 0 0 0 0 0 0 0 0 0 0 0 182 0 0 0 4 0 0 0 2 0 2 0 0 0 0 0 0 0 0 0 1 0 0 0 0 0 0 0 0 0 2 0 0 0 
0 8 0 0 57 1078 0 0 21 0 7 0 0 0 0 0 331 0 0 251 0 0 4969 0 6028 6392 0 0 6912 0 24 76480 0 0 0 6742 145 0 0 0 0 0 0 33 303 0 0 12 0 0 0 0 44 0 0 0 0 0 0 0 48 0 0 23 0 0 849 0 1129 0 53 0 0 0 866 0 831 0 35 0 0 0 0 0 0 2 0 0 0 0 0 2 0 0 0 112 0 0 0 7 0 0 0 3 0 4 0 0 0 0 0 0 0 0 0 1 0 0 0 0 0 0 0 0 0 1 0 0 0 
0 6 0 0 43 864 0 0 13 0 2 0 0 0 0 0 278 0 0 153 0 0 3065 0 4813 4644 0 0 5389 0 13 78714 0 0 0 5687 107 0 0 0 0 0 0 16 163 0 0 8 0 0 0 0 37 0 0 0 0 0 0 0 41 0 0 6 0 0 414 0 1106 0 13 0 0 0 365 0 728 0 14 0 0 0 0 0 0 0 0 0 0 0 0 0 0 0 0 67 0 0 0 3 0 0 0 0 0 1 0 0 0 0 0 0 0 0 0 1 0 0 0 0 0 0 0 0 0 0 0 0 0 
0 9 0 0 69 1051 0 0 32 0 5 0 0 0 0 0 411 0 0 383 0 0 6546 0 5719 8085 0 0 7657 0 59 66144 0 0 0 7009 202 0 0 0 0 0 0 42 348 0 0 34 0 0 0 0 60 0 0 0 0 0 0 0 52 0 0 27 0 0 615 0 987 0 35 0 0 0 617 0 941 0 33 0 0 0 0 0 0 0 0 0 0 0 0 2 0 0 0 90 0 0 0 6 0 0 0 5 0 3 0 0 0 0 0 0 0 0 0 3 0 0 0 0 0 0 0 0 0 0 0 0 0 
0 4 0 0 24 628 0 0 4 0 2 0 0 0 0 0 144 0 0 49 0 0 1089 0 3642 3104 0 0 4569 0 1 52483 0 0 0 3285 56 0 0 0 0 0 0 4 55 0 0 1 0 0 0 0 23 0 0 0 0 0 0 0 17 0 0 2 0 0 222 0 785 0 7 0 0 0 326 0 486 0 8 0 0 0 0 0 0 0 0 0 0 0 0 0 0 0 0 66 0 0 0 2 0 0 0 1 0 1 0 0 0 0 0 0 0 0 0 0 0 0 0 0 0 0 0 0 0 0 0 0 0 
173 5 948 751 39 669 14761 1143 10 5 0 118 108 5388 3571 5147 196 4870 3977 112 6803 126737 2297 173597 3300 4788 99899 151201 3454 2825 10 46112 828707 42196 55675 4342 107 1309 6227 26 424 704 851 24 180 10340 558 17 282 527 314 704 25 30 32 18 53 624 198 0 35 584 500 0 939 14048 0 18819 537 710 0 445 698 9818 0 15959 754 809 0 364 967 0 1 6 1 0 73 30 1 3 1 0 106 34 1206 0 585 0 20 0 71 40 47 0 99 0 115 90 52 0 5 3 0 54 24 0 0 13 0 0 0 0 0 0 0 0 4 0 5 
0 12 0 0 82 1488 0 0 52 0 16 0 0 0 0 0 458 0 0 587 0 0 11117 0 7815 8539 0 0 9861 0 106 114880 0 0 0 8718 240 0 0 0 0 0 0 70 581 0 0 36 0 0 0 0 56 0 0 0 0 0 0 0 63 0 0 101 0 0 2186 0 1569 0 71 0 0 0 1799 0 1071 0 85 0 0 0 0 0 0 10 0 0 0 0 0 8 0 0 0 361 0 0 0 23 0 0 0 15 0 12 0 0 0 0 0 0 0 0 0 9 0 0 2 0 0 0 0 0 0 1 0 0 0 
0 5 0 0 36 714 0 0 5 0 6 0 0 0 0 0 237 0 0 60 0 0 1125 0 4050 3963 0 0 5192 0 1 53277 0 0 0 4425 97 0 0 0 0 0 0 9 50 0 0 6 0 0 0 0 33 0 0 0 0 0 0 0 29 0 0 6 0 0 819 0 803 0 31 0 0 0 915 0 563 0 31 0 0 0 0 0 0 0 0 0 0 0 0 1 0 0 0 108 0 0 0 5 0 0 0 3 0 2 0 0 0 0 0 0 0 0 0 5 0 0 0 0 0 0 0 0 0 3 0 0 0 
0 9 0 0 62 1159 0 0 31 0 5 0 0 0 0 0 350 0 0 359 0 0 7066 0 6070 6483 0 0 8396 0 52 88803 0 0 0 7811 159 0 0 0 0 0 0 49 452 0 0 13 0 0 0 0 46 0 0 0 0 0 0 0 44 0 0 29 0 0 584 0 1563 0 26 0 0 0 530 0 935 0 27 0 0 0 0 0 0 0 0 0 0 0 0 1 0 0 0 70 0 0 0 7 0 0 0 5 0 2 0 0 0 0 0 0 0 0 0 1 0 0 0 0 0 0 0 0 0 0 0 0 0 
0 10 0 0 64 1695 0 0 33 0 15 0 0 0 0 0 359 0 0 342 0 0 9585 0 8702 6922 0 0 8849 0 42 152511 0 0 0 9642 148 0 0 0 0 0 0 57 754 0 0 21 0 0 0 0 48 0 0 0 0 0 0 0 44 0 0 76 0 0 2295 0 1668 0 80 0 0 0 2067 0 1149 0 85 0 0 0 0 0 0 7 0 0 0 0 0 4 0 0 0 403 0 0 0 8 0 0 0 2 0 14 0 0 0 0 0 0 0 0 0 4 0 0 0 0 0 0 0 0 0 2 0 0 0 
0 8 0 0 61 935 0 0 25 0 4 0 0 0 0 0 365 0 0 300 0 0 5303 0 4979 7197 0 0 6587 0 40 69409 0 0 0 5905 177 0 0 0 0 0 0 35 270 0 0 27 0 0 0 0 33 0 0 0 0 0 0 0 53 0 0 19 0 0 555 0 1004 0 23 0 0 0 231 0 852 0 24 0 0 0 0 0 0 1 0 0 0 0 0 1 0 0 0 31 0 0 0 6 0 0 0 2 0 1 0 0 0 0 0 0 0 0 0 5 0 0 0 0 0 0 0 0 0 0 0 0 0 
0 6 0 0 42 933 0 0 10 0 6 0 0 0 0 0 245 0 0 117 0 0 2566 0 5312 4969 0 0 6050 0 6 74265 0 0 0 5542 108 0 0 0 0 0 0 21 186 0 0 6 0 0 0 0 31 0 0 0 0 0 0 0 28 0 0 11 0 0 939 0 981 0 33 0 0 0 863 0 758 0 33 0 0 0 0 0 0 2 0 0 0 0 0 0 0 0 0 128 0 0 0 4 0 0 0 3 0 3 0 0 0 0 0 0 0 0 0 4 0 0 0 0 0 0 0 0 0 2 0 0 0 
0 10 0 0 86 1150 0 0 33 0 13 0 0 0 0 0 514 0 0 434 0 0 7110 0 6229 10267 0 0 5815 0 43 70540 0 0 0 8603 279 0 0 0 0 0 0 43 303 0 0 56 0 0 0 0 56 0 0 0 0 0 0 0 85 0 0 65 0 0 1428 0 876 0 80 0 0 0 1129 0 1438 0 73 0 0 0 0 0 0 6 0 0 0 0 0 3 0 0 0 180 0 0 0 12 0 0 0 4 0 9 0 0 0 0 0 0 0 0 0 23 0 0 0 0 0 0 0 0 0 2 0 0 0 
0 12 0 0 74 1722 0 0 44 0 24 0 0 0 0 0 429 0 0 449 0 0 10664 0 8674 8120 0 0 8978 0 66 155194 0 0 0 9364 171 0 0 0 0 0 0 54 706 0 0 24 0 0 0 0 51 0 0 0 0 0 0 0 49 0 0 101 0 0 3490 0 1870 0 123 0 0 0 2730 0 1124 0 103 0 0 0 0 0 0 14 0 0 0 0 0 16 0 0 0 478 0 0 0 23 0 0 0 15 0 36 0 0 0 0 0 0 0 0 0 20 0 0 2 0 0 0 0 0 0 5 0 0 0 
0 10 0 0 66 1550 0 0 35 0 14 0 0 0 0 0 371 0 0 361 0 0 8997 0 7935 7831 0 0 7554 0 58 139348 0 0 0 8743 156 0 0 0 0 0 0 48 584 0 0 32 0 0 0 0 43 0 0 0 0 0 0 0 47 0 0 63 0 0 2225 0 1433 0 70 0 0 0 2207 0 1196 0 69 0 0 0 0 0 0 8 0 0 0 0 0 7 0 0 0 416 0 0 0 12 0 0 0 8 0 16 0 0 0 0 0 0 0 0 0 13 0 0 0 0 0 0 0 0 0 2 0 0 0 
0 13 0 0 91 1567 0 0 57 0 23 0 0 0 0 0 477 0 0 623 0 0 12137 0 8039 10892 0 0 9283 0 112 106533 0 0 0 9161 249 0 0 0 0 0 0 72 678 0 0 59 0 0 0 0 57 0 0 0 0 0 0 0 88 0 0 133 0 0 2585 0 1284 0 130 0 0 0 2324 0 1284 0 134 0 0 0 0 0 0 13 0 0 0 0 0 16 0 0 0 343 0 0 0 19 0 0 0 18 0 27 0 0 0 0 0 0 0 0 0 17 0 0 3 0 0 0 0 0 0 4 0 0 0 
0 6 0 0 37 725 0 0 10 0 7 0 0 0 0 0 237 0 0 102 0 0 2203 0 4136 4209 0 0 4620 0 5 48271 0 0 0 3963 81 0 0 0 0 0 0 16 194 0 0 3 0 0 0 0 19 0 0 0 0 0 0 0 24 0 0 15 0 0 617 0 677 0 33 0 0 0 601 0 534 0 30 0 0 0 0 0 0 3 0 0 0 0 0 0 0 0 0 104 0 0 0 8 0 0 0 5 0 3 0 0 0 0 0 0 0 0 0 8 0 0 0 0 0 0 0 0 0 2 0 0 0 
0 6 0 0 61 792 0 0 12 0 3 0 0 0 0 0 335 0 0 198 0 0 2710 0 4444 7159 0 0 4579 0 11 54095 0 0 0 6973 259 0 0 0 0 0 0 28 154 0 0 19 0 0 0 0 36 0 0 0 0 0 0 0 66 0 0 6 0 0 354 0 680 0 25 0 0 0 452 0 966 0 23 0 0 0 0 0 0 0 0 0 0 0 0 1 0 0 0 55 0 0 0 2 0 0 0 1 0 2 0 0 0 0 0 0 0 0 0 0 0 0 0 0 0 0 0 0 0 0 0 0 0 
0 11 0 0 98 1478 0 0 42 0 14 0 0 0 0 0 523 0 0 600 0 0 9802 0 7643 10076 0 0 8140 0 71 110754 0 0 0 11121 372 0 0 0 0 0 0 69 602 0 0 54 0 0 0 0 73 0 0 0 0 0 0 0 92 0 0 75 0 0 1803 0 1172 0 96 0 0 0 1717 0 1430 0 89 0 0 0 0 0 0 5 0 0 0 0 0 5 0 0 0 276 0 0 0 13 0 0 0 9 0 18 0 0 0 0 0 0 0 0 0 11 0 0 0 0 0 0 0 0 0 0 0 0 0 
0 11 0 0 63 1428 0 0 41 0 16 0 0 0 0 0 374 0 0 395 0 0 9164 0 7739 7437 0 0 8339 0 66 108522 0 0 0 6882 132 0 0 0 0 0 0 43 559 0 0 19 0 0 0 0 36 0 0 0 0 0 0 0 44 0 0 83 0 0 2327 0 1153 0 77 0 0 0 1752 0 961 0 81 0 0 0 0 0 0 9 0 0 0 0 0 7 0 0 0 300 0 0 0 7 0 0 0 11 0 17 0 0 0 0 0 0 0 0 0 7 0 0 0 0 0 0 0 0 0 1 0 0 0 
0 11 0 0 72 1621 0 0 41 0 16 0 0 0 0 0 410 0 0 423 0 0 10401 0 8275 8217 0 0 9492 0 67 126222 0 0 0 9085 173 0 0 0 0 0 0 60 737 0 0 31 0 0 0 0 44 0 0 0 0 0 0 0 45 0 0 84 0 0 2206 0 1592 0 89 0 0 0 2030 0 1297 0 78 0 0 0 0 0 0 9 0 0 0 0 0 7 0 0 0 308 0 0 0 11 0 0 0 13 0 13 0 0 0 0 0 0 0 0 0 15 0 0 0 0 0 0 0 0 0 3 0 0 0 
0 11 0 0 70 1569 0 0 37 0 20 0 0 0 0 0 409 0 0 401 0 0 9399 0 8157 7835 0 0 8267 0 45 126465 0 0 0 8514 171 0 0 0 0 0 0 51 592 0 0 18 0 0 0 0 54 0 0 0 0 0 0 0 36 0 0 90 0 0 2454 0 1607 0 109 0 0 0 2400 0 1012 0 90 0 0 0 0 0 0 11 0 0 0 0 0 11 0 0 0 362 0 0 0 14 0 0 0 10 0 22 0 0 0 0 0 0 0 0 0 12 0 0 1 0 0 0 0 0 0 3 0 0 0 
0 7 0 0 51 1063 0 0 16 0 7 0 0 0 0 0 304 0 0 187 0 0 4129 0 5700 5549 0 0 6460 0 15 99511 0 0 0 6034 138 0 0 0 0 0 0 26 279 0 0 14 0 0 0 0 39 0 0 0 0 0 0 0 38 0 0 22 0 0 984 0 1233 0 37 0 0 0 884 0 741 0 36 0 0 0 0 0 0 1 0 0 0 0 0 2 0 0 0 171 0 0 0 9 0 0 0 6 0 5 0 0 0 0 0 0 0 0 0 7 0 0 0 0 0 0 0 0 0 0 0 0 0 
0 10 0 0 79 1234 0 0 39 0 6 0 0 0 0 0 455 0 0 509 0 0 8403 0 6174 8718 0 0 8071 0 78 102517 0 0 0 7778 234 0 0 0 0 0 0 73 519 0 0 25 0 0 0 0 55 0 0 0 0 0 0 0 69 0 0 36 0 0 825 0 1462 0 31 0 0 0 528 0 1084 0 33 0 0 0 0 0 0 2 0 0 0 0 0 1 0 0 0 119 0 0 0 7 0 0 0 4 0 3 0 0 0 0 0 0 0 0 0 8 0 0 0 0 0 0 0 0 0 0 0 0 0 
0 9 0 0 63 1358 0 0 26 0 11 0 0 0 0 0 364 0 0 289 0 0 7049 0 7362 7604 0 0 8076 0 32 104474 0 0 0 8315 167 0 0 0 0 0 0 49 443 0 0 23 0 0 0 0 51 0 0 0 0 0 0 0 43 0 0 39 0 0 1569 0 1273 0 56 0 0 0 1210 0 1120 0 57 0 0 0 0 0 0 3 0 0 0 0 0 10 0 0 0 217 0 0 0 15 0 0 0 12 0 6 0 0 0 0 0 0 0 0 0 11 0 0 0 0 0 0 0 0 0 1 0 0 0 
0 9 0 0 55 1520 0 0 20 0 18 0 0 0 0 0 313 0 0 191 0 0 5494 0 7867 5562 0 0 7975 0 13 152414 0 0 0 8172 132 0 0 0 0 0 0 31 384 0 0 16 0 0 0 0 43 0 0 0 0 0 0 0 33 0 0 41 0 0 3498 0 1770 0 96 0 0 0 2183 0 944 0 84 0 0 0 0 0 0 13 0 0 0 0 0 10 0 0 0 461 0 0 0 16 0 0 0 9 0 13 0 0 0 0 0 0 0 0 0 7 0 0 1 0 0 0 0 0 0 7 0 0 0 
0 8 0 0 51 1126 0 0 16 0 12 0 0 0 0 0 311 0 0 166 0 0 4020 0 6075 5707 0 0 6873 0 8 99246 0 0 0 6371 133 0 0 0 0 0 0 22 317 0 0 8 0 0 0 0 40 0 0 0 0 0 0 0 40 0 0 26 0 0 1747 0 1326 0 65 0 0 0 985 0 679 0 58 0 0 0 0 0 0 6 0 0 0 0 0 8 0 0 0 232 0 0 0 14 0 0 0 4 0 6 0 0 0 0 0 0 0 0 0 8 0 0 2 0 0 0 0 0 0 0 0 0 0 
0 10 0 0 73 1316 0 0 34 0 12 0 0 0 0 0 411 0 0 402 0 0 7678 0 7167 9067 0 0 8029 0 50 106936 0 0 0 7588 205 0 0 0 0 0 0 54 375 0 0 35 0 0 0 0 52 0 0 0 0 0 0 0 69 0 0 55 0 0 1924 0 1302 0 58 0 0 0 1298 0 1117 0 68 0 0 0 0 0 0 7 0 0 0 0 0 3 0 0 0 296 0 0 0 14 0 0 0 12 0 13 0 0 0 0 0 0 0 0 0 7 0 0 0 0 0 0 0 0 0 0 0 0 0 
0 8 0 0 57 876 0 0 25 0 3 0 0 0 0 0 349 0 0 291 0 0 5053 0 4802 7284 0 0 6211 0 39 55786 0 0 0 5228 159 0 0 0 0 0 0 40 262 0 0 17 0 0 0 0 34 0 0 0 0 0 0 0 50 0 0 16 0 0 238 0 944 0 15 0 0 0 178 0 761 0 18 0 0 0 0 0 0 0 0 0 0 0 0 0 0 0 0 51 0 0 0 6 0 0 0 0 0 1 0 0 0 0 0 0 0 0 0 1 0 0 0 0 0 0 0 0 0 0 0 0 0 
0 12 0 0 96 1528 0 0 55 0 11 0 0 0 0 0 535 0 0 720 0 0 12107 0 7871 10540 0 0 9662 0 123 119493 0 0 0 10421 286 0 0 0 0 0 0 85 742 0 0 50 0 0 0 0 75 0 0 0 0 0 0 0 78 0 0 85 0 0 1794 0 1600 0 57 0 0 0 925 0 1435 0 73 0 0 0 0 0 0 7 0 0 0 0 0 3 0 0 0 216 0 0 0 12 0 0 0 10 0 1 0 0 0 0 0 0 0 0 0 11 0 0 0 0 0 0 0 0 0 1 0 0 0 
0 8 0 0 61 853 0 0 23 0 5 0 0 0 0 0 356 0 0 275 0 0 4347 0 4598 7455 0 0 6999 0 31 56942 0 0 0 5091 191 0 0 0 0 0 0 40 212 0 0 24 0 0 0 0 47 0 0 0 0 0 0 0 60 0 0 20 0 0 337 0 909 0 35 0 0 0 683 0 744 0 27 0 0 0 0 0 0 1 0 0 0 0 0 2 0 0 0 69 0 0 0 2 0 0 0 3 0 2 0 0 0 0 0 0 0 0 0 3 0 0 0 0 0 0 0 0 0 0 0 0 0 
17 11 160 177 101 1369 129 104 50 1 6 7 9 1003 1451 1520 510 841 888 687 595 11240 11110 1415 6832 11405 21766 1434 8296 252 122 88266 596 12560 1270 11032 384 762 965 14 139 108 6 98 660 78 118 81 0 135 145 9 74 6 4 10 8 0 0 90 92 30 44 49 78 1096 601 63 1186 62 38 69 161 1113 564 137 1799 45 44 76 147 0 0 2 0 0 8 0 0 1 0 1 4 2 3 90 21 7 0 11 0 7 14 5 0 2 6 7 1 0 2 0 0 0 0 12 5 0 0 0 0 0 0 0 0 0 0 0 0 
0 4 0 0 27 668 0 0 2 0 5 0 0 0 0 0 165 0 0 22 0 0 489 0 3730 3335 0 0 4495 0 0 63289 0 0 0 4128 63 0 0 0 0 0 0 3 25 0 0 2 0 0 0 0 30 0 0 0 0 0 0 0 23 0 0 1 0 0 810 0 909 0 25 0 0 0 835 0 620 0 28 0 0 0 0 0 0 1 0 0 0 0 0 0 0 0 0 101 0 0 0 7 0 0 0 4 0 2 0 0 0 0 0 0 0 0 0 2 0 0 0 0 0 0 0 0 0 2 0 0 0 
0 10 0 0 76 1234 0 0 37 0 8 0 0 0 0 0 433 0 0 458 0 0 7925 0 6829 9347 0 0 7967 0 68 90481 0 0 0 8161 208 0 0 0 0 0 0 61 397 0 0 38 0 0 0 0 49 0 0 0 0 0 0 0 71 0 0 40 0 0 861 0 1158 0 40 0 0 0 1135 0 1117 0 48 0 0 0 0 0 0 3 0 0 0 0 0 6 0 0 0 165 0 0 0 5 0 0 0 7 0 3 0 0 0 0 0 0 0 0 0 6 0 0 0 0 0 0 0 0 0 0 0 0 0 
0 6 0 0 43 906 0 0 11 0 4 0 0 0 0 0 264 0 0 127 0 0 2759 0 5107 4983 0 0 5395 0 8 83953 0 0 0 5673 110 0 0 0 0 0 0 13 145 0 0 9 0 0 0 0 40 0 0 0 0 0 0 0 31 0 0 9 0 0 760 0 1076 0 23 0 0 0 467 0 721 0 22 0 0 0 0 0 0 0 0 0 0 0 0 0 0 0 0 120 0 0 0 6 0 0 0 1 0 2 0 0 0 0 0 0 0 0 0 4 0 0 0 0 0 0 0 0 0 1 0 0 0 
0 9 0 0 64 952 0 0 30 0 7 0 0 0 0 0 403 0 0 355 0 0 5946 0 5373 7055 0 0 6669 0 44 61645 0 0 0 5678 167 0 0 0 0 0 0 44 248 0 0 18 0 0 0 0 30 0 0 0 0 0 0 0 45 0 0 46 0 0 592 0 953 0 41 0 0 0 608 0 709 0 38 0 0 0 0 0 0 0 0 0 0 0 0 0 0 0 0 82 0 0 0 7 0 0 0 2 0 0 0 0 0 0 0 0 0 0 0 8 0 0 0 0 0 0 0 0 0 1 0 0 0 
0 5 0 0 32 748 0 0 6 0 4 0 0 0 0 0 187 0 0 54 0 0 1529 0 4144 3818 0 0 4482 0 2 75346 0 0 0 4670 79 0 0 0 0 0 0 10 101 0 0 3 0 0 0 0 32 0 0 0 0 0 0 0 25 0 0 4 0 0 729 0 1075 0 34 0 0 0 322 0 518 0 17 0 0 0 0 0 0 3 0 0 0 0 0 1 0 0 0 99 0 0 0 5 0 0 0 0 0 0 0 0 0 0 0 0 0 0 0 2 0 0 0 0 0 0 0 0 0 0 0 0 0 
0 10 0 0 73 1561 0 0 31 0 16 0 0 0 0 0 385 0 0 372 0 0 8049 0 7632 7741 0 0 9198 0 40 148883 0 0 0 10060 222 0 0 0 0 0 0 48 590 0 0 18 0 0 0 0 55 0 0 0 0 0 0 0 53 0 0 62 0 0 2869 0 1964 0 104 0 0 0 1677 0 1181 0 79 0 0 0 0 0 0 11 0 0 0 0 0 8 0 0 0 426 0 0 0 20 0 0 0 13 0 8 0 0 0 0 0 0 0 0 0 17 0 0 0 0 0 0 0 0 0 7 0 0 0 
0 5 0 0 40 690 0 0 8 0 2 0 0 0 0 0 268 0 0 116 0 0 1956 0 3957 4602 0 0 4399 0 4 53131 0 0 0 4660 128 0 0 0 0 0 0 9 93 0 0 3 0 0 0 0 36 0 0 0 0 0 0 0 32 0 0 6 0 0 305 0 548 0 18 0 0 0 199 0 718 0 10 0 0 0 0 0 0 0 0 0 0 0 0 0 0 0 0 53 0 0 0 0 0 0 0 1 0 0 0 0 0 0 0 0 0 0 0 0 0 0 0 0 0 0 0 0 0 0 0 0 0 
0 8 0 0 54 1276 0 0 23 0 5 0 0 0 0 0 312 0 0 249 0 0 6352 0 6758 6494 0 0 7411 0 28 120701 0 0 0 7339 136 0 0 0 0 0 0 41 451 0 0 19 0 0 0 0 40 0 0 0 0 0 0 0 32 0 0 26 0 0 699 0 1460 0 25 0 0 0 682 0 1001 0 28 0 0 0 0 0 0 0 0 0 0 0 0 0 0 0 0 129 0 0 0 5 0 0 0 3 0 2 0 0 0 0 0 0 0 0 0 3 0 0 0 0 0 0 0 0 0 0 0 0 0 
0 7 0 0 50 1072 0 0 14 0 8 0 0 0 0 0 277 0 0 165 0 0 3548 0 5846 5887 0 0 6983 0 10 102052 0 0 0 6132 128 0 0 0 0 0 0 30 204 0 0 10 0 0 0 0 52 0 0 0 0 0 0 0 48 0 0 20 0 0 1518 0 1382 0 45 0 0 0 878 0 830 0 45 0 0 0 0 0 0 2 0 0 0 0 0 2 0 0 0 205 0 0 0 7 0 0 0 3 0 2 0 0 0 0 0 0 0 0 0 2 0 0 1 0 0 0 0 0 0 3 0 0 0 
0 8 0 0 55 916 0 0 20 0 8 0 0 0 0 0 347 0 0 219 0 0 4029 0 5270 6437 0 0 5734 0 18 53900 0 0 0 5765 139 0 0 0 0 0 0 18 224 0 0 18 0 0 0 0 39 0 0 0 0 0 0 0 34 0 0 28 0 0 824 0 740 0 51 0 0 0 858 0 750 0 44 0 0 0 0 0 0 3 0 0 0 0 0 3 0 0 0 115 0 0 0 4 0 0 0 3 0 4 0 0 0 0 0 0 0 0 0 8 0 0 0 0 0 0 0 0 0 0 0 0 0 
0 7 0 0 51 1144 0 0 17 0 5 0 0 0 0 0 310 0 0 206 0 0 4664 0 6101 5319 0 0 7233 0 17 107716 0 0 0 6895 138 0 0 0 0 0 0 36 302 0 0 9 0 0 0 0 37 0 0 0 0 0 0 0 38 0 0 21 0 0 967 0 1413 0 25 0 0 0 636 0 740 0 27 0 0 0 0 0 0 0 0 0 0 0 0 0 0 0 0 160 0 0 0 5 0 0 0 4 0 0 0 0 0 0 0 0 0 0 0 1 0 0 0 0 0 0 0 0 0 2 0 0 0 
0 10 0 0 65 1463 0 0 33 0 13 0 0 0 0 0 369 0 0 336 0 0 8638 0 7712 7248 0 0 9624 0 48 117072 0 0 0 7776 168 0 0 0 0 0 0 63 571 0 0 21 0 0 0 0 53 0 0 0 0 0 0 0 44 0 0 55 0 0 1575 0 1511 0 82 0 0 0 1545 0 1024 0 67 0 0 0 0 0 0 5 0 0 0 0 0 6 0 0 0 219 0 0 0 14 0 0 0 3 0 10 0 0 0 0 0 0 0 0 0 4 0 0 2 0 0 0 0 0 0 2 0 0 0 
0 9 0 0 52 1432 0 0 30 0 6 0 0 0 0 0 310 0 0 281 0 0 8199 0 7306 6161 0 0 8107 0 49 138211 0 0 0 7553 118 0 0 0 0 0 0 42 622 0 0 17 0 0 0 0 50 0 0 0 0 0 0 0 30 0 0 28 0 0 1022 0 1620 0 37 0 0 0 686 0 1008 0 22 0 0 0 0 0 0 2 0 0 0 0 0 2 0 0 0 134 0 0 0 5 0 0 0 1 0 3 0 0 0 0 0 0 0 0 0 2 0 0 0 0 0 0 0 0 0 0 0 0 0 
0 10 0 0 75 1507 0 0 36 0 11 0 0 0 0 0 420 0 0 417 0 0 9248 0 7732 8628 0 0 7779 0 60 125157 0 0 0 10331 199 0 0 0 0 0 0 48 611 0 0 45 0 0 0 0 54 0 0 0 0 0 0 0 61 0 0 55 0 0 1800 0 1373 0 65 0 0 0 1524 0 1448 0 61 0 0 0 0 0 0 8 0 0 0 0 0 3 0 0 0 268 0 0 0 14 0 0 0 10 0 11 0 0 0 0 0 0 0 0 0 11 0 0 0 0 0 0 0 0 0 0 0 0 0 
0 9 0 0 74 1278 0 0 25 0 13 0 0 0 0 0 408 0 0 332 0 0 5953 0 6712 8646 0 0 6011 0 25 102768 0 0 0 8361 238 0 0 0 0 0 0 36 461 0 0 29 0 0 0 0 38 0 0 0 0 0 0 0 71 0 0 48 0 0 1803 0 865 0 92 0 0 0 1721 0 1259 0 79 0 0 0 0 0 0 6 0 0 0 0 0 6 0 0 0 284 0 0 0 6 0 0 0 8 0 13 0 0 0 0 0 0 0 0 0 9 0 0 0 0 0 0 0 0 0 0 0 0 0 
0 6 0 0 49 920 0 0 12 0 4 0 0 0 0 0 309 0 0 175 0 0 3251 0 5216 5220 0 0 5101 0 10 73014 0 0 0 6681 149 0 0 0 0 0 0 14 202 0 0 6 0 0 0 0 42 0 0 0 0 0 0 0 39 0 0 11 0 0 572 0 873 0 26 0 0 0 505 0 859 0 21 0 0 0 0 0 0 1 0 0 0 0 0 1 0 0 0 71 0 0 0 3 0 0 0 3 0 1 0 0 0 0 0 0 0 0 0 3 0 0 0 0 0 0 0 0 0 0 0 0 0 
0 7 0 0 47 1059 0 0 16 0 5 0 0 0 0 0 285 0 0 161 0 0 4250 0 5607 5613 0 0 6931 0 14 86264 0 0 0 5896 127 0 0 0 0 0 0 30 338 0 0 12 0 0 0 0 29 0 0 0 0 0 0 0 28 0 0 17 0 0 580 0 1129 0 31 0 0 0 611 0 766 0 29 0 0 0 0 0 0 0 0 0 0 0 0 1 0 0 0 104 0 0 0 4 0 0 0 2 0 3 0 0 0 0 0 0 0 0 0 3 0 0 0 0 0 0 0 0 0 0 0 0 0 
0 11 0 0 70 1983 0 0 41 0 18 0 0 0 0 0 354 0 0 412 0 0 12295 0 9524 7055 0 0 10894 0 64 186858 0 0 0 11258 172 0 0 0 0 0 0 79 1134 0 0 25 0 0 0 0 50 0 0 0 0 0 0 0 41 0 0 97 0 0 2932 0 2020 0 88 0 0 0 2629 0 1347 0 87 0 0 0 0 0 0 9 0 0 0 0 0 8 0 0 0 515 0 0 0 13 0 0 0 7 0 22 0 0 0 0 0 0 0 0 0 13 0 0 0 0 0 0 0 0 0 4 0 0 0 
0 8 0 0 54 974 0 0 20 0 9 0 0 0 0 0 329 0 0 230 0 0 4404 0 5441 5801 0 0 5980 0 19 65091 0 0 0 5918 140 0 0 0 0 0 0 22 251 0 0 11 0 0 0 0 35 0 0 0 0 0 0 0 37 0 0 32 0 0 1040 0 954 0 57 0 0 0 896 0 666 0 51 0 0 0 0 0 0 2 0 0 0 0 0 3 0 0 0 101 0 0 0 7 0 0 0 2 0 5 0 0 0 0 0 0 0 0 0 4 0 0 0 0 0 0 0 0 0 1 0 0 0 
0 7 0 0 48 877 0 0 15 0 7 0 0 0 0 0 296 0 0 164 0 0 3381 0 4973 5703 0 0 5844 0 10 66606 0 0 0 5049 120 0 0 0 0 0 0 22 225 0 0 11 0 0 0 0 36 0 0 0 0 0 0 0 36 0 0 25 0 0 866 0 915 0 47 0 0 0 669 0 731 0 36 0 0 0 0 0 0 1 0 0 0 0 0 2 0 0 0 114 0 0 0 5 0 0 0 5 0 1 0 0 0 0 0 0 0 0 0 4 0 0 0 0 0 0 0 0 0 1 0 0 0 
0 8 0 0 59 1182 0 0 22 0 6 0 0 0 0 0 323 0 0 241 0 0 5786 0 6245 6857 0 0 8649 0 26 106391 0 0 0 7173 158 0 0 0 0 0 0 46 336 0 0 18 0 0 0 0 62 0 0 0 0 0 0 0 52 0 0 24 0 0 1035 0 1595 0 36 0 0 0 497 0 992 0 43 0 0 0 0 0 0 1 0 0 0 0 0 1 0 0 0 119 0 0 0 7 0 0 0 7 0 4 0 0 0 0 0 0 0 0 0 5 0 0 0 0 0 0 0 0 0 0 0 0 0 
0 7 0 0 50 1111 0 0 17 0 5 0 0 0 0 0 317 0 0 194 0 0 4549 0 6125 5162 0 0 6088 0 19 88975 0 0 0 6921 126 0 0 0 0 0 0 33 338 0 0 11 0 0 0 0 39 0 0 0 0 0 0 0 42 0 0 15 0 0 811 0 1132 0 29 0 0 0 738 0 795 0 33 0 0 0 0 0 0 2 0 0 0 0 0 1 0 0 0 120 0 0 0 2 0 0 0 1 0 3 0 0 0 0 0 0 0 0 0 1 0 0 0 0 0 0 0 0 0 0 0 0 0 
0 8 0 0 61 881 0 0 22 0 6 0 0 0 0 0 394 0 0 282 0 0 4463 0 5027 7006 0 0 5437 0 25 55521 0 0 0 5703 180 0 0 0 0 0 0 31 222 0 0 13 0 0 0 0 31 0 0 0 0 0 0 0 39 0 0 27 0 0 694 0 758 0 39 0 0 0 407 0 717 0 35 0 0 0 0 0 0 0 0 0 0 0 0 1 0 0 0 62 0 0 0 7 0 0 0 3 0 2 0 0 0 0 0 0 0 0 0 6 0 0 0 0 0 0 0 0 0 1 0 0 0 
0 13 0 0 88 2233 0 0 62 0 19 0 0 0 0 0 448 0 0 656 0 0 17584 0 10564 8141 0 0 11521 0 145 215723 0 0 0 14070 223 0 0 0 0 0 0 120 1436 0 0 42 0 0 0 0 82 0 0 0 0 0 0 0 54 0 0 131 0 0 3493 0 2374 0 124 0 0 0 2668 0 1550 0 97 0 0 0 0 0 0 14 0 0 0 0 0 13 0 0 0 624 0 0 0 20 0 0 0 13 0 14 0 0 0 0 0 0 0 0 0 9 0 0 0 0 0 0 0 0 0 2 0 0 0 
0 12 0 0 81 1583 0 0 49 0 21 0 0 0 0 0 457 0 0 557 0 0 11423 0 8030 8518 0 0 8873 0 87 128658 0 0 0 9279 191 0 0 0 0 0 0 63 685 0 0 24 0 0 0 0 61 0 0 0 0 0 0 0 65 0 0 127 0 0 2869 0 1719 0 117 0 0 0 2166 0 1236 0 102 0 0 0 0 0 0 13 0 0 0 0 0 8 0 0 0 372 0 0 0 19 0 0 0 13 0 15 0 0 0 0 0 0 0 0 0 17 0 0 1 0 0 0 0 0 0 10 0 0 0 
0 10 0 0 70 1536 0 0 30 0 15 0 0 0 0 0 385 0 0 336 0 0 8083 0 7803 7844 0 0 7999 0 37 131622 0 0 0 9779 187 0 0 0 0 0 0 50 660 0 0 23 0 0 0 0 48 0 0 0 0 0 0 0 51 0 0 49 0 0 1948 0 1457 0 95 0 0 0 1718 0 1160 0 75 0 0 0 0 0 0 9 0 0 0 0 0 8 0 0 0 349 0 0 0 16 0 0 0 6 0 14 0 0 0 0 0 0 0 0 0 10 0 0 2 0 0 0 0 0 0 1 0 0 0 
0 8 0 0 56 1144 0 0 26 0 3 0 0 0 0 0 331 0 0 299 0 0 6494 0 5975 6355 0 0 7642 0 45 92255 0 0 0 6419 142 0 0 0 0 0 0 37 445 0 0 18 0 0 0 0 24 0 0 0 0 0 0 0 39 0 0 15 0 0 387 0 1287 0 17 0 0 0 446 0 859 0 16 0 0 0 0 0 0 0 0 0 0 0 0 1 0 0 0 60 0 0 0 3 0 0 0 3 0 1 0 0 0 0 0 0 0 0 0 2 0 0 0 0 0 0 0 0 0 0 0 0 0 
0 9 0 0 66 1284 0 0 27 0 9 0 0 0 0 0 398 0 0 317 0 0 6743 0 7017 7949 0 0 6485 0 35 111275 0 0 0 8083 177 0 0 0 0 0 0 37 373 0 0 28 0 0 0 0 45 0 0 0 0 0 0 0 45 0 0 35 0 0 1258 0 1278 0 58 0 0 0 1078 0 1046 0 50 0 0 0 0 0 0 2 0 0 0 0 0 5 0 0 0 204 0 0 0 9 0 0 0 2 0 7 0 0 0 0 0 0 0 0 0 6 0 0 0 0 0 0 0 0 0 0 0 0 0 
0 9 0 0 70 1356 0 0 28 0 10 0 0 0 0 0 423 0 0 382 0 0 7024 0 7323 7020 0 0 6308 0 39 115958 0 0 0 8709 202 0 0 0 0 0 0 28 477 0 0 20 0 0 0 0 43 0 0 0 0 0 0 0 55 0 0 44 0 0 1818 0 1262 0 53 0 0 0 1169 0 1127 0 65 0 0 0 0 0 0 6 0 0 0 0 0 2 0 0 0 296 0 0 0 11 0 0 0 4 0 6 0 0 0 0 0 0 0 0 0 5 0 0 0 0 0 0 0 0 0 1 0 0 0 
0 9 0 0 61 1324 0 0 30 0 7 0 0 0 0 0 372 0 0 350 0 0 7710 0 7178 6479 0 0 8039 0 45 101857 0 0 0 7623 151 0 0 0 0 0 0 42 572 0 0 17 0 0 0 0 50 0 0 0 0 0 0 0 45 0 0 42 0 0 909 0 1194 0 47 0 0 0 762 0 984 0 38 0 0 0 0 0 0 0 0 0 0 0 0 2 0 0 0 121 0 0 0 5 0 0 0 3 0 2 0 0 0 0 0 0 0 0 0 0 0 0 0 0 0 0 0 0 0 0 0 0 0 
0 5 0 0 45 691 0 0 8 0 2 0 0 0 0 0 281 0 0 120 0 0 1915 0 4056 5059 0 0 4067 0 5 48174 0 0 0 5503 140 0 0 0 0 0 0 10 115 0 0 10 0 0 0 0 32 0 0 0 0 0 0 0 43 0 0 4 0 0 268 0 647 0 16 0 0 0 266 0 704 0 13 0 0 0 0 0 0 0 0 0 0 0 0 1 0 0 0 38 0 0 0 1 0 0 0 1 0 0 0 0 0 0 0 0 0 0 0 2 0 0 0 0 0 0 0 0 0 0 0 0 0 
0 4 0 0 23 405 0 0 5 0 1 0 0 0 0 0 171 0 0 48 0 0 804 0 2449 3163 0 0 2660 0 2 28769 0 0 0 2184 52 0 0 0 0 0 0 5 42 0 0 1 0 0 0 0 11 0 0 0 0 0 0 0 15 0 0 2 0 0 125 0 347 0 9 0 0 0 145 0 331 0 4 0 0 0 0 0 0 0 0 0 0 0 0 0 0 0 0 26 0 0 0 0 0 0 0 1 0 0 0 0 0 0 0 0 0 0 0 0 0 0 0 0 0 0 0 0 0 0 0 0 0 
0 10 0 0 73 1501 0 0 33 0 14 0 0 0 0 0 384 0 0 386 0 0 8522 0 7931 8106 0 0 8484 0 45 133454 0 0 0 8954 223 0 0 0 0 0 0 57 464 0 0 28 0 0 0 0 60 0 0 0 0 0 0 0 68 0 0 67 0 0 2358 0 1535 0 73 0 0 0 1640 0 1145 0 80 0 0 0 0 0 0 6 0 0 0 0 0 6 0 0 0 338 0 0 0 13 0 0 0 7 0 9 0 0 0 0 0 0 0 0 0 10 0 0 0 0 0 0 0 0 0 4 0 0 0 
0 7 0 0 47 981 0 0 13 0 9 0 0 0 0 0 283 0 0 136 0 0 3120 0 5371 5774 0 0 5149 0 5 79446 0 0 0 6116 125 0 0 0 0 0 0 21 233 0 0 9 0 0 0 0 22 0 0 0 0 0 0 0 32 0 0 24 0 0 1431 0 815 0 63 0 0 0 903 0 909 0 36 0 0 0 0 0 0 4 0 0 0 0 0 3 0 0 0 136 0 0 0 5 0 0 0 3 0 3 0 0 0 0 0 0 0 0 0 11 0 0 0 0 0 0 0 0 0 1 0 0 0 
0 9 0 0 82 1270 0 0 28 0 9 0 0 0 0 0 456 0 0 406 0 0 6613 0 6412 8720 0 0 7625 0 42 109454 0 0 0 9604 311 0 0 0 0 0 0 51 472 0 0 38 0 0 0 0 53 0 0 0 0 0 0 0 93 0 0 35 0 0 1659 0 1287 0 49 0 0 0 640 0 1289 0 62 0 0 0 0 0 0 8 0 0 0 0 0 1 0 0 0 212 0 0 0 10 0 0 0 13 0 2 0 0 0 0 0 0 0 0 0 12 0 0 0 0 0 0 0 0 0 3 0 0 0 
0 9 0 0 63 1350 0 0 30 0 7 0 0 0 0 0 368 0 0 320 0 0 7788 0 7089 7721 0 0 7861 0 47 107802 0 0 0 7772 178 0 0 0 0 0 0 61 544 0 0 33 0 0 0 0 49 0 0 0 0 0 0 0 46 0 0 39 0 0 916 0 1172 0 40 0 0 0 957 0 1167 0 27 0 0 0 0 0 0 1 0 0 0 0 0 3 0 0 0 133 0 0 0 7 0 0 0 7 0 1 0 0 0 0 0 0 0 0 0 6 0 0 0 0 0 0 0 0 0 0 0 0 0 
0 5 0 0 41 593 0 0 8 0 2 0 0 0 0 0 254 0 0 111 0 0 1752 0 3359 4428 0 0 3621 0 4 55685 0 0 0 4742 120 0 0 0 0 0 0 10 40 0 0 5 0 0 0 0 31 0 0 0 0 0 0 0 37 0 0 6 0 0 346 0 870 0 19 0 0 0 136 0 584 0 15 0 0 0 0 0 0 0 0 0 0 0 0 0 0 0 0 24 0 0 0 2 0 0 0 0 0 0 0 0 0 0 0 0 0 0 0 0 0 0 0 0 0 0 0 0 0 0 0 0 0 
0 11 0 0 80 1676 0 0 39 0 17 0 0 0 0 0 462 0 0 454 0 0 10095 0 8452 8258 0 0 8751 0 56 151447 0 0 0 10798 217 0 0 0 0 0 0 66 696 0 0 30 0 0 0 0 73 0 0 0 0 0 0 0 62 0 0 82 0 0 2972 0 1739 0 108 0 0 0 1960 0 1460 0 103 0 0 0 0 0 0 16 0 0 0 0 0 9 0 0 0 337 0 0 0 19 0 0 0 12 0 9 0 0 0 0 0 0 0 0 0 5 0 0 0 0 0 0 0 0 0 2 0 0 0 
0 13 0 0 82 1770 0 0 62 0 19 0 0 0 0 0 498 0 0 662 0 0 14468 0 9080 8175 0 0 10220 0 141 142673 0 0 0 10124 203 0 0 0 0 0 0 74 855 0 0 32 0 0 0 0 59 0 0 0 0 0 0 0 53 0 0 138 0 0 2805 0 1711 0 78 0 0 0 2184 0 1166 0 94 0 0 0 0 0 0 14 0 0 0 0 0 6 0 0 0 397 0 0 0 18 0 0 0 18 0 17 0 0 0 0 0 0 0 0 0 9 0 0 1 0 0 0 0 0 0 4 0 0 0 
0 4 0 0 27 672 0 0 4 0 2 0 0 0 0 0 172 0 0 38 0 0 1110 0 3866 3474 0 0 3992 0 1 71910 0 0 0 3716 69 0 0 0 0 0 0 9 61 0 0 4 0 0 0 0 27 0 0 0 0 0 0 0 17 0 0 2 0 0 376 0 917 0 13 0 0 0 245 0 488 0 10 0 0 0 0 0 0 0 0 0 0 0 0 0 0 0 0 77 0 0 0 2 0 0 0 1 0 1 0 0 0 0 0 0 0 0 0 1 0 0 0 0 0 0 0 0 0 0 0 0 0 
0 10 0 0 64 1323 0 0 35 0 14 0 0 0 0 0 405 0 0 352 0 0 8052 0 7055 7965 0 0 7747 0 55 100145 0 0 0 6930 154 0 0 0 0 0 0 49 480 0 0 29 0 0 0 0 39 0 0 0 0 0 0 0 46 0 0 72 0 0 1994 0 1268 0 67 0 0 0 1629 0 946 0 75 0 0 0 0 0 0 6 0 0 0 0 0 6 0 0 0 235 0 0 0 10 0 0 0 4 0 12 0 0 0 0 0 0 0 0 0 10 0 0 0 0 0 0 0 0 0 2 0 0 0 
0 9 0 0 62 1301 0 0 29 0 8 0 0 0 0 0 375 0 0 349 0 0 7167 0 7017 6893 0 0 6923 0 43 110940 0 0 0 7556 156 0 0 0 0 0 0 21 460 0 0 17 0 0 0 0 43 0 0 0 0 0 0 0 50 0 0 37 0 0 1160 0 1399 0 43 0 0 0 1052 0 903 0 50 0 0 0 0 0 0 4 0 0 0 0 0 2 0 0 0 206 0 0 0 7 0 0 0 3 0 5 0 0 0 0 0 0 0 0 0 4 0 0 0 0 0 0 0 0 0 0 0 0 0 
66 7 427 377 50 925 2109 443 16 5 5 37 80 2539 1733 2442 283 2399 2150 169 2803 50644 3892 25331 4725 5891 49495 24083 5403 1136 17 67140 43623 18280 9864 5416 137 712 2139 13 205 272 127 30 276 1471 240 17 52 658 281 253 28 29 35 12 9 252 538 227 38 209 403 11 366 10315 492 2028 746 491 33 138 288 3272 482 4171 797 182 29 286 252 4 3 1 1 2 53 8 3 3 0 1 21 35 440 51 144 40 94 4 20 18 71 4 45 4 51 22 29 8 3 0 2 24 44 6 39 7 0 0 0 2 0 0 2 0 9 18 1 
76 4 719 258 27 329 2763 521 4 1 2 89 44 4293 2167 1548 185 4044 1477 47 3276 65853 682 33403 2011 2666 20603 44799 2069 1309 1 14285 64464 35608 7977 2001 62 205 4604 10 124 180 267 2 11 2081 136 3 126 58 108 52 18 6 6 1 24 623 304 117 19 418 260 2 437 3889 99 5370 248 274 10 250 556 8058 127 2721 242 598 14 95 698 1 2 1 1 0 33 18 0 1 0 0 120 1 232 26 508 12 69 1 59 14 13 3 7 1 26 62 20 0 1 7 1 63 38 0 18 1 0 0 2 0 0 0 0 0 20 2 27 
0 11 0 0 77 1401 0 0 34 0 23 0 0 0 0 0 455 0 0 397 0 0 8289 0 7240 8332 0 0 6918 0 43 114822 0 0 0 8643 205 0 0 0 0 0 0 40 545 0 0 23 0 0 0 0 44 0 0 0 0 0 0 0 47 0 0 73 0 0 2434 0 1371 0 125 0 0 0 1865 0 1018 0 138 0 0 0 0 0 0 15 0 0 0 0 0 12 0 0 0 352 0 0 0 16 0 0 0 9 0 24 0 0 0 0 0 0 0 0 0 19 0 0 1 0 0 0 0 0 0 15 0 0 0 
0 10 0 0 67 1409 0 0 29 0 18 0 0 0 0 0 358 0 0 319 0 0 7422 0 7255 6899 0 0 7500 0 30 133109 0 0 0 8284 160 0 0 0 0 0 0 43 476 0 0 14 0 0 0 0 44 0 0 0 0 0 0 0 48 0 0 66 0 0 2412 0 1688 0 94 0 0 0 1693 0 1022 0 99 0 0 0 0 0 0 5 0 0 0 0 0 12 0 0 0 396 0 0 0 19 0 0 0 13 0 13 0 0 0 0 0 0 0 0 0 17 0 0 0 0 0 0 0 0 0 10 0 0 0 
0 7 0 0 56 971 0 0 11 0 10 0 0 0 0 0 317 0 0 137 0 0 2614 0 5039 6068 0 0 5784 0 7 100279 0 0 0 6708 166 0 0 0 0 0 0 25 189 0 0 14 0 0 0 0 44 0 0 0 0 0 0 0 56 0 0 11 0 0 1666 0 1370 0 68 0 0 0 731 0 860 0 60 0 0 0 0 0 0 0 0 0 0 0 0 11 0 0 0 203 0 0 0 11 0 0 0 4 0 1 0 0 0 0 0 0 0 0 0 7 0 0 0 0 0 0 0 0 0 5 0 0 0 
0 5 0 0 35 634 0 0 6 0 4 0 0 0 0 0 217 0 0 64 0 0 1405 0 3602 3946 0 0 4253 0 2 44651 0 0 0 3903 91 0 0 0 0 0 0 9 117 0 0 4 0 0 0 0 16 0 0 0 0 0 0 0 30 0 0 5 0 0 336 0 633 0 25 0 0 0 357 0 567 0 29 0 0 0 0 0 0 0 0 0 0 0 0 2 0 0 0 97 0 0 0 4 0 0 0 1 0 0 0 0 0 0 0 0 0 0 0 0 0 0 0 0 0 0 0 0 0 1 0 0 0 
0 10 0 0 64 1454 0 0 34 0 12 0 0 0 0 0 370 0 0 361 0 0 8430 0 7448 5954 0 0 8183 0 50 118413 0 0 0 8802 147 0 0 0 0 0 0 45 728 0 0 20 0 0 0 0 46 0 0 0 0 0 0 0 45 0 0 59 0 0 1501 0 1476 0 68 0 0 0 1437 0 981 0 69 0 0 0 0 0 0 5 0 0 0 0 0 6 0 0 0 333 0 0 0 12 0 0 0 2 0 7 0 0 0 0 0 0 0 0 0 2 0 0 0 0 0 0 0 0 0 1 0 0 0 
0 13 0 0 95 1809 0 0 61 0 18 0 0 0 0 0 496 0 0 745 0 0 14570 0 8861 9569 0 0 10300 0 134 161471 0 0 0 11244 254 0 0 0 0 0 0 83 806 0 0 44 0 0 0 0 69 0 0 0 0 0 0 0 80 0 0 124 0 0 2868 0 2031 0 99 0 0 0 2130 0 1334 0 101 0 0 0 0 0 0 10 0 0 0 0 0 6 0 0 0 449 0 0 0 28 0 0 0 19 0 23 0 0 0 0 0 0 0 0 0 11 0 0 0 0 0 0 0 0 0 0 0 0 0 
0 6 0 0 39 1027 0 0 9 0 6 0 0 0 0 0 231 0 0 93 0 0 2554 0 5391 3678 0 0 5795 0 4 108691 0 0 0 6377 94 0 0 0 0 0 0 12 240 0 0 2 0 0 0 0 30 0 0 0 0 0 0 0 32 0 0 10 0 0 985 0 1488 0 38 0 0 0 666 0 743 0 35 0 0 0 0 0 0 0 0 0 0 0 0 4 0 0 0 218 0 0 0 8 0 0 0 3 0 0 0 0 0 0 0 0 0 0 0 2 0 0 0 0 0 0 0 0 0 2 0 0 0 
0 12 0 0 85 1660 0 0 54 0 15 0 0 0 0 0 495 0 0 630 0 0 13185 0 8717 8620 0 0 8566 0 118 132911 0 0 0 10106 220 0 0 0 0 0 0 74 773 0 0 40 0 0 0 0 62 0 0 0 0 0 0 0 56 0 0 108 0 0 2068 0 1451 0 77 0 0 0 1572 0 1424 0 86 0 0 0 0 0 0 7 0 0 0 0 0 6 0 0 0 313 0 0 0 9 0 0 0 4 0 9 0 0 0 0 0 0 0 0 0 18 0 0 0 0 0 0 0 0 0 2 0 0 0 
42 9 162 325 60 666 851 277 25 3 11 10 50 564 697 1966 374 1003 1866 311 1791 35642 3292 9664 3992 6380 23598 5768 4125 678 34 27426 11109 6484 5690 3583 142 776 776 2 60 200 16 21 112 781 83 8 6 223 210 94 23 16 11 7 3 0 415 355 61 57 273 28 217 3947 703 342 474 291 55 54 34 846 876 1702 456 46 57 247 107 1 0 0 0 1 28 0 1 1 0 10 6 15 150 104 29 44 59 4 0 11 27 4 17 6 38 0 6 5 5 0 3 0 19 8 41 1 2 2 0 0 0 2 0 3 5 13 0 
0 12 0 0 80 1760 0 0 53 0 14 0 0 0 0 0 430 0 0 604 0 0 13330 0 8812 7523 0 0 9678 0 113 159503 0 0 0 10820 199 0 0 0 0 0 0 69 842 0 0 23 0 0 0 0 69 0 0 0 0 0 0 0 56 0 0 93 0 0 2031 0 2046 0 82 0 0 0 1715 0 1245 0 69 0 0 0 0 0 0 5 0 0 0 0 0 10 0 0 0 407 0 0 0 19 0 0 0 8 0 8 0 0 0 0 0 0 0 0 0 7 0 0 0 0 0 0 0 0 0 1 0 0 0 
80 11 549 761 68 963 3119 474 44 8 11 43 111 4258 4356 4248 386 2896 3913 479 2825 60947 7194 32925 5090 6436 64163 39769 5809 1058 87 50709 79158 20304 25752 5626 151 2619 2444 31 360 362 259 47 353 1924 315 21 82 630 497 504 37 34 38 40 19 476 651 688 54 192 490 58 379 11334 812 2949 844 688 61 325 395 2894 693 7365 579 187 45 793 297 4 5 7 2 2 93 4 2 5 3 7 32 58 614 90 177 84 127 4 24 41 96 4 72 10 68 22 45 12 3 3 11 38 41 3 67 7 0 3 1 0 3 1 0 1 11 15 4 
0 11 0 0 74 1315 0 0 39 0 16 0 0 0 0 0 451 0 0 417 0 0 8681 0 6965 8471 0 0 7795 0 60 90040 0 0 0 7658 186 0 0 0 0 0 0 50 401 0 0 26 0 0 0 0 45 0 0 0 0 0 0 0 57 0 0 70 0 0 1549 0 1266 0 95 0 0 0 1584 0 1197 0 83 0 0 0 0 0 0 8 0 0 0 0 0 9 0 0 0 237 0 0 0 18 0 0 0 6 0 14 0 0 0 0 0 0 0 0 0 14 0 0 1 0 0 0 0 0 0 3 0 0 0 
0 13 0 0 80 1558 0 0 63 0 16 0 0 0 0 0 468 0 0 666 0 0 13541 0 8560 8414 0 0 9045 0 146 108356 0 0 0 8525 183 0 0 0 0 0 0 65 716 0 0 25 0 0 0 0 44 0 0 0 0 0 0 0 41 0 0 127 0 0 1786 0 1307 0 73 0 0 0 1594 0 1108 0 85 0 0 0 0 0 0 4 0 0 0 0 0 8 0 0 0 222 0 0 0 14 0 0 0 12 0 9 0 0 0 0 0 0 0 0 0 14 0 0 0 0 0 0 0 0 0 3 0 0 0 
170 6 1321 955 41 423 14168 1096 14 4 1 201 59 8217 6781 5822 216 6637 5092 152 6499 124845 1790 160624 2100 4237 66028 196755 3366 2627 16 18239 773461 74328 74605 2613 103 2078 6739 39 424 667 1266 16 71 10562 491 15 580 256 460 557 24 26 19 16 51 1416 52 156 36 1011 279 4 841 4497 139 29382 409 348 6 1022 1095 23093 20 9149 343 988 4 267 851 1 1 1 7 0 41 88 1 4 0 0 158 8 342 5 1937 11 9 1 221 76 37 0 37 0 54 171 73 0 0 10 1 218 4 1 1 3 0 0 1 0 0 0 0 0 1 0 23 
0 8 0 0 61 656 0 0 21 0 8 0 0 0 0 0 421 0 0 274 0 0 3000 0 3821 7114 0 0 4804 0 22 31113 0 0 0 4224 192 0 0 0 0 0 0 26 118 0 0 17 0 0 0 0 33 0 0 0 0 0 0 0 32 0 0 31 0 0 722 0 521 0 51 0 0 0 650 0 514 0 49 0 0 0 0 0 0 2 0 0 0 0 0 2 0 0 0 88 0 0 0 4 0 0 0 2 0 4 0 0 0 0 0 0 0 0 0 6 0 0 1 0 0 0 0 0 0 0 0 0 0 
0 11 0 0 67 1273 0 0 40 0 15 0 0 0 0 0 420 0 0 404 0 0 7877 0 7030 7493 0 0 7368 0 68 83076 0 0 0 7041 142 0 0 0 0 0 0 38 402 0 0 20 0 0 0 0 50 0 0 0 0 0 0 0 43 0 0 61 0 0 1842 0 1042 0 87 0 0 0 1678 0 957 0 80 0 0 0 0 0 0 6 0 0 0 0 0 7 0 0 0 246 0 0 0 10 0 0 0 7 0 21 0 0 0 0 0 0 0 0 0 9 0 0 1 0 0 0 0 0 0 1 0 0 0 
0 11 0 0 75 1091 0 0 43 0 14 0 0 0 0 0 435 0 0 493 0 0 7568 0 5737 9111 0 0 7325 0 74 62732 0 0 0 6414 195 0 0 0 0 0 0 53 493 0 0 27 0 0 0 0 34 0 0 0 0 0 0 0 63 0 0 89 0 0 1366 0 898 0 71 0 0 0 1043 0 969 0 77 0 0 0 0 0 0 4 0 0 0 0 0 4 0 0 0 186 0 0 0 14 0 0 0 6 0 10 0 0 0 0 0 0 0 0 0 12 0 0 0 0 0 0 0 0 0 2 0 0 0 
53 14 411 624 77 1969 1336 270 67 8 24 42 110 2213 3237 3100 442 1919 2590 602 1376 34342 16879 11679 9216 7676 84826 17262 9187 478 143 162377 21493 18009 13523 9870 163 2554 2241 21 439 282 99 81 1024 914 354 28 43 773 586 313 47 32 41 61 11 190 1099 890 38 141 447 159 181 17567 3052 1730 1661 579 123 332 196 3681 2632 4221 1326 227 107 838 328 5 2 3 2 12 70 14 1 7 2 18 37 86 622 451 167 186 206 13 16 61 85 12 27 27 59 21 54 14 4 2 12 18 94 11 128 7 0 3 0 2 3 0 0 5 32 42 6 
128 13 437 1331 82 1665 8066 686 60 2 18 62 329 3029 4101 7563 392 2225 5908 613 3757 74019 13683 77449 7421 7841 164136 50566 10609 1453 134 132475 333958 14784 68071 9314 198 4916 1960 31 506 648 326 111 856 4365 898 33 66 94 102 210 71 10 5 16 19 173 655 1500 57 245 1243 111 414 46940 2086 7026 2090 2082 102 519 261 4247 1818 31210 1132 282 62 2401 240 1 3 3 0 7 265 20 0 1 0 24 44 331 5109 286 350 448 119 15 20 9 13 13 33 5 145 43 112 1 1 0 6 6 91 9 253 1 0 0 0 0 0 0 0 5 45 87 2 
0 6 0 0 40 698 0 0 14 0 2 0 0 0 0 0 227 0 0 158 0 0 2921 0 4107 4762 0 0 5362 0 16 47369 0 0 0 3941 106 0 0 0 0 0 0 14 102 0 0 10 0 0 0 0 22 0 0 0 0 0 0 0 26 0 0 8 0 0 295 0 718 0 11 0 0 0 295 0 558 0 11 0 0 0 0 0 0 0 0 0 0 0 0 0 0 0 0 58 0 0 0 1 0 0 0 1 0 0 0 0 0 0 0 0 0 0 0 2 0 0 0 0 0 0 0 0 0 0 0 0 0 
0 8 0 0 55 702 0 0 21 0 9 0 0 0 0 0 355 0 0 260 0 0 3333 0 4018 6195 0 0 3708 0 20 35730 0 0 0 4269 158 0 0 0 0 0 0 16 125 0 0 6 0 0 0 0 19 0 0 0 0 0 0 0 39 0 0 39 0 0 798 0 425 0 51 0 0 0 730 0 613 0 59 0 0 0 0 0 0 3 0 0 0 0 0 1 0 0 0 130 0 0 0 3 0 0 0 0 0 5 0 0 0 0 0 0 0 0 0 6 0 0 0 0 0 0 0 0 0 1 0 0 0 
0 8 0 0 51 1235 0 0 21 0 8 0 0 0 0 0 306 0 0 224 0 0 5406 0 6532 5657 0 0 6649 0 22 120958 0 0 0 7419 124 0 0 0 0 0 0 28 394 0 0 14 0 0 0 0 36 0 0 0 0 0 0 0 37 0 0 31 0 0 1387 0 1613 0 40 0 0 0 1033 0 968 0 37 0 0 0 0 0 0 2 0 0 0 0 0 0 0 0 0 193 0 0 0 9 0 0 0 7 0 5 0 0 0 0 0 0 0 0 0 4 0 0 1 0 0 0 0 0 0 1 0 0 0 
0 8 0 0 45 1284 0 0 13 0 16 0 0 0 0 0 284 0 0 119 0 0 3493 0 6966 4478 0 0 7533 0 6 115020 0 0 0 6728 94 0 0 0 0 0 0 19 232 0 0 3 0 0 0 0 38 0 0 0 0 0 0 0 29 0 0 19 0 0 2093 0 1390 0 68 0 0 0 2274 0 832 0 80 0 0 0 0 0 0 7 0 0 0 0 0 10 0 0 0 439 0 0 0 16 0 0 0 9 0 11 0 0 0 0 0 0 0 0 0 5 0 0 0 0 0 0 0 0 0 9 0 0 0 
0 6 0 0 34 656 0 0 9 0 6 0 0 0 0 0 228 0 0 84 0 0 1825 0 3955 3183 0 0 5259 0 3 38816 0 0 0 3186 78 0 0 0 0 0 0 10 94 0 0 3 0 0 0 0 24 0 0 0 0 0 0 0 16 0 0 11 0 0 449 0 680 0 27 0 0 0 692 0 377 0 30 0 0 0 0 0 0 2 0 0 0 0 0 1 0 0 0 56 0 0 0 4 0 0 0 6 0 2 0 0 0 0 0 0 0 0 0 3 0 0 0 0 0 0 0 0 0 1 0 0 0 
0 10 0 0 66 1057 0 0 34 0 12 0 0 0 0 0 400 0 0 362 0 0 6263 0 5387 7999 0 0 6037 0 51 78820 0 0 0 6408 153 0 0 0 0 0 0 36 426 0 0 20 0 0 0 0 39 0 0 0 0 0 0 0 54 0 0 56 0 0 1180 0 1023 0 58 0 0 0 1042 0 948 0 80 0 0 0 0 0 0 3 0 0 0 0 0 8 0 0 0 154 0 0 0 11 0 0 0 4 0 6 0 0 0 0 0 0 0 0 0 12 0 0 0 0 0 0 0 0 0 4 0 0 0 
0 10 0 0 77 1013 0 0 40 0 6 0 0 0 0 0 456 0 0 509 0 0 7500 0 5801 8900 0 0 6451 0 81 58549 0 0 0 6696 222 0 0 0 0 0 0 52 301 0 0 37 0 0 0 0 58 0 0 0 0 0 0 0 60 0 0 46 0 0 578 0 883 0 41 0 0 0 561 0 1039 0 24 0 0 0 0 0 0 1 0 0 0 0 0 0 0 0 0 87 0 0 0 9 0 0 0 5 0 0 0 0 0 0 0 0 0 0 0 9 0 0 0 0 0 0 0 0 0 0 0 0 0 
0 9 0 0 64 1305 0 0 24 0 12 0 0 0 0 0 359 0 0 287 0 0 6046 0 6892 6610 0 0 7744 0 24 129183 0 0 0 7776 178 0 0 0 0 0 0 44 378 0 0 13 0 0 0 0 50 0 0 0 0 0 0 0 54 0 0 38 0 0 1956 0 1706 0 71 0 0 0 1198 0 888 0 61 0 0 0 0 0 0 4 0 0 0 0 0 8 0 0 0 219 0 0 0 16 0 0 0 5 0 8 0 0 0 0 0 0 0 0 0 6 0 0 1 0 0 0 0 0 0 1 0 0 0 
0 9 0 0 59 1450 0 0 29 0 7 0 0 0 0 0 341 0 0 301 0 0 8258 0 7391 6268 0 0 9324 0 44 134704 0 0 0 7995 144 0 0 0 0 0 0 56 539 0 0 15 0 0 0 0 45 0 0 0 0 0 0 0 39 0 0 31 0 0 1147 0 1802 0 31 0 0 0 746 0 1135 0 46 0 0 0 0 0 0 2 0 0 0 0 0 6 0 0 0 164 0 0 0 8 0 0 0 4 0 1 0 0 0 0 0 0 0 0 0 4 0 0 0 0 0 0 0 0 0 0 0 0 0 
0 7 0 0 57 1026 0 0 18 0 3 0 0 0 0 0 318 0 0 243 0 0 4711 0 5506 5488 0 0 6045 0 21 90219 0 0 0 7034 204 0 0 0 0 0 0 36 272 0 0 12 0 0 0 0 37 0 0 0 0 0 0 0 60 0 0 13 0 0 386 0 1243 0 10 0 0 0 355 0 858 0 26 0 0 0 0 0 0 1 0 0 0 0 0 0 0 0 0 60 0 0 0 4 0 0 0 4 0 0 0 0 0 0 0 0 0 0 0 0 0 0 0 0 0 0 0 0 0 0 0 0 0 
0 8 0 0 61 1011 0 0 25 0 3 0 0 0 0 0 375 0 0 330 0 0 5635 0 5600 6115 0 0 6539 0 40 83387 0 0 0 7435 170 0 0 0 0 0 0 35 298 0 0 9 0 0 0 0 41 0 0 0 0 0 0 0 56 0 0 14 0 0 266 0 1182 0 15 0 0 0 388 0 846 0 19 0 0 0 0 0 0 1 0 0 0 0 0 1 0 0 0 78 0 0 0 7 0 0 0 3 0 0 0 0 0 0 0 0 0 0 0 2 0 0 0 0 0 0 0 0 0 0 0 0 0 
0 11 0 0 73 1401 0 0 46 0 10 0 0 0 0 0 418 0 0 519 0 0 10383 0 7655 8063 0 0 9367 0 95 96345 0 0 0 8680 186 0 0 0 0 0 0 51 596 0 0 30 0 0 0 0 56 0 0 0 0 0 0 0 45 0 0 66 0 0 1211 0 1381 0 47 0 0 0 1028 0 1123 0 46 0 0 0 0 0 0 2 0 0 0 0 0 2 0 0 0 158 0 0 0 5 0 0 0 8 0 9 0 0 0 0 0 0 0 0 0 9 0 0 0 0 0 0 0 0 0 0 0 0 0 
0 7 0 0 43 821 0 0 17 0 6 0 0 0 0 0 259 0 0 178 0 0 3434 0 4796 4607 0 0 5328 0 17 54875 0 0 0 4418 102 0 0 0 0 0 0 21 215 0 0 10 0 0 0 0 29 0 0 0 0 0 0 0 27 0 0 25 0 0 771 0 827 0 30 0 0 0 584 0 607 0 29 0 0 0 0 0 0 1 0 0 0 0 0 1 0 0 0 104 0 0 0 2 0 0 0 1 0 1 0 0 0 0 0 0 0 0 0 4 0 0 0 0 0 0 0 0 0 0 0 0 0 
0 15 0 0 84 1797 0 0 82 0 25 0 0 0 0 0 494 0 0 749 0 0 17591 0 9214 9329 0 0 10370 0 214 125142 0 0 0 8552 178 0 0 0 0 0 0 93 983 0 0 41 0 0 0 0 51 0 0 0 0 0 0 0 55 0 0 205 0 0 2534 0 1322 0 121 0 0 0 2690 0 1243 0 132 0 0 0 0 0 0 14 0 0 0 0 0 13 0 0 0 392 0 0 0 13 0 0 0 12 0 27 0 0 0 0 0 0 0 0 0 8 0 0 0 0 0 0 0 0 0 8 0 0 0 
0 10 0 0 68 1125 0 0 29 0 19 0 0 0 0 0 405 0 0 346 0 0 5888 0 6070 7585 0 0 6688 0 31 84512 0 0 0 6136 177 0 0 0 0 0 0 30 350 0 0 15 0 0 0 0 45 0 0 0 0 0 0 0 60 0 0 66 0 0 2008 0 1237 0 96 0 0 0 1816 0 782 0 105 0 0 0 0 0 0 8 0 0 0 0 0 8 0 0 0 254 0 0 0 10 0 0 0 13 0 23 0 0 0 0 0 0 0 0 0 12 0 0 2 0 0 0 0 0 0 6 0 0 0 
0 6 0 0 40 630 0 0 13 0 2 0 0 0 0 0 242 0 0 150 0 0 2478 0 3656 4741 0 0 4358 0 13 42534 0 0 0 3355 100 0 0 0 0 0 0 15 115 0 0 4 0 0 0 0 25 0 0 0 0 0 0 0 38 0 0 6 0 0 229 0 630 0 13 0 0 0 142 0 526 0 8 0 0 0 0 0 0 0 0 0 0 0 0 0 0 0 0 28 0 0 0 2 0 0 0 0 0 1 0 0 0 0 0 0 0 0 0 2 0 0 0 0 0 0 0 0 0 0 0 0 0 
0 7 0 0 49 682 0 0 18 0 3 0 0 0 0 0 330 0 0 231 0 0 3280 0 4017 5334 0 0 4185 0 22 35689 0 0 0 4592 145 0 0 0 0 0 0 18 162 0 0 10 0 0 0 0 37 0 0 0 0 0 0 0 37 0 0 11 0 0 172 0 573 0 11 0 0 0 244 0 663 0 11 0 0 0 0 0 0 0 0 0 0 0 0 0 0 0 0 27 0 0 0 3 0 0 0 1 0 2 0 0 0 0 0 0 0 0 0 1 0 0 0 0 0 0 0 0 0 0 0 0 0 
0 8 0 0 59 1000 0 0 18 0 12 0 0 0 0 0 359 0 0 204 0 0 4336 0 5452 7137 0 0 5428 0 14 86633 0 0 0 6173 161 0 0 0 0 0 0 22 264 0 0 17 0 0 0 0 43 0 0 0 0 0 0 0 49 0 0 36 0 0 1331 0 1040 0 67 0 0 0 915 0 921 0 89 0 0 0 0 0 0 1 0 0 0 0 0 4 0 0 0 186 0 0 0 4 0 0 0 1 0 6 0 0 0 0 0 0 0 0 0 16 0 0 1 0 0 0 0 0 0 6 0 0 0 
0 10 0 0 71 1273 0 0 38 0 9 0 0 0 0 0 382 0 0 464 0 0 8445 0 6980 7528 0 0 7845 0 72 106496 0 0 0 7572 191 0 0 0 0 0 0 49 419 0 0 24 0 0 0 0 61 0 0 0 0 0 0 0 59 0 0 49 0 0 1489 0 1443 0 42 0 0 0 1055 0 1051 0 43 0 0 0 0 0 0 7 0 0 0 0 0 1 0 0 0 182 0 0 0 13 0 0 0 10 0 8 0 0 0 0 0 0 0 0 0 8 0 0 0 0 0 0 0 0 0 0 0 0 0 
0 5 0 0 43 597 0 0 8 0 2 0 0 0 0 0 246 0 0 114 0 0 1645 0 3206 4770 0 0 3737 0 5 52895 0 0 0 4681 139 0 0 0 0 0 0 11 63 0 0 6 0 0 0 0 23 0 0 0 0 0 0 0 51 0 0 4 0 0 281 0 806 0 13 0 0 0 183 0 678 0 18 0 0 0 0 0 0 0 0 0 0 0 0 1 0 0 0 71 0 0 0 3 0 0 0 0 0 0 0 0 0 0 0 0 0 0 0 1 0 0 0 0 0 0 0 0 0 0 0 0 0 
0 8 0 0 54 1090 0 0 16 0 12 0 0 0 0 0 338 0 0 190 0 0 3771 0 5702 5822 0 0 6477 0 13 88559 0 0 0 6938 131 0 0 0 0 0 0 19 238 0 0 7 0 0 0 0 39 0 0 0 0 0 0 0 46 0 0 18 0 0 1425 0 1140 0 74 0 0 0 1339 0 872 0 55 0 0 0 0 0 0 1 0 0 0 0 0 14 0 0 0 297 0 0 0 13 0 0 0 5 0 6 0 0 0 0 0 0 0 0 0 5 0 0 0 0 0 0 0 0 0 4 0 0 0 
0 6 0 0 53 806 0 0 13 0 2 0 0 0 0 0 285 0 0 172 0 0 3045 0 4405 5430 0 0 5216 0 13 66847 0 0 0 6506 194 0 0 0 0 0 0 28 165 0 0 8 0 0 0 0 35 0 0 0 0 0 0 0 69 0 0 6 0 0 215 0 1026 0 20 0 0 0 365 0 854 0 22 0 0 0 0 0 0 0 0 0 0 0 0 0 0 0 0 24 0 0 0 1 0 0 0 4 0 1 0 0 0 0 0 0 0 0 0 3 0 0 0 0 0 0 0 0 0 0 0 0 0 
0 12 0 0 74 1450 0 0 51 0 16 0 0 0 0 0 421 0 0 548 0 0 10975 0 7613 8049 0 0 9754 0 102 106904 0 0 0 7458 175 0 0 0 0 0 0 69 629 0 0 23 0 0 0 0 49 0 0 0 0 0 0 0 59 0 0 96 0 0 2103 0 1387 0 73 0 0 0 1468 0 1167 0 60 0 0 0 0 0 0 5 0 0 0 0 0 11 0 0 0 241 0 0 0 18 0 0 0 5 0 12 0 0 0 0 0 0 0 0 0 9 0 0 0 0 0 0 0 0 0 4 0 0 0 
0 11 0 0 58 1961 0 0 39 0 19 0 0 0 0 0 283 0 0 327 0 0 11847 0 9528 5508 0 0 11772 0 56 195793 0 0 0 9450 112 0 0 0 0 0 0 55 936 0 0 16 0 0 0 0 45 0 0 0 0 0 0 0 26 0 0 90 0 0 3015 0 2537 0 88 0 0 0 2914 0 1059 0 78 0 0 0 0 0 0 8 0 0 0 0 0 11 0 0 0 541 0 0 0 24 0 0 0 12 0 22 0 0 0 0 0 0 0 0 0 6 0 0 2 0 0 0 0 0 0 4 0 0 0 
0 8 0 0 57 931 0 0 25 0 3 0 0 0 0 0 351 0 0 307 0 0 5198 0 5187 6579 0 0 5563 0 39 58695 0 0 0 6056 158 0 0 0 0 0 0 28 254 0 0 15 0 0 0 0 44 0 0 0 0 0 0 0 46 0 0 16 0 0 380 0 804 0 21 0 0 0 295 0 900 0 17 0 0 0 0 0 0 0 0 0 0 0 0 1 0 0 0 54 0 0 0 2 0 0 0 1 0 0 0 0 0 0 0 0 0 0 0 0 0 0 0 0 0 0 0 0 0 0 0 0 0 
138 9 1045 1123 59 616 9277 850 30 10 6 177 108 5561 7149 6624 329 5673 5908 338 5014 100764 3845 102022 3171 6656 75980 124506 3531 1881 46 21859 406290 47742 68452 3511 153 3405 5980 29 429 727 560 22 145 5901 392 17 295 516 762 1086 23 59 53 52 39 1162 778 683 46 831 503 34 674 7391 289 20707 338 603 29 1185 675 16113 381 13004 456 968 39 623 796 7 5 7 12 1 56 62 3 4 1 1 159 45 712 51 1379 63 87 2 199 147 79 3 104 2 86 98 93 7 8 7 5 116 115 5 53 14 0 2 3 2 0 1 2 0 20 11 32 
0 9 0 0 68 1262 0 0 29 0 8 0 0 0 0 0 393 0 0 347 0 0 6863 0 6714 6558 0 0 6755 0 45 104853 0 0 0 8720 189 0 0 0 0 0 0 43 410 0 0 20 0 0 0 0 51 0 0 0 0 0 0 0 51 0 0 34 0 0 1394 0 1195 0 49 0 0 0 862 0 981 0 47 0 0 0 0 0 0 5 0 0 0 0 0 3 0 0 0 272 0 0 0 14 0 0 0 6 0 2 0 0 0 0 0 0 0 0 0 11 0 0 0 0 0 0 0 0 0 2 0 0 0 
0 10 0 0 70 1497 0 0 38 0 9 0 0 0 0 0 411 0 0 435 0 0 9795 0 7845 7396 0 0 8536 0 72 129689 0 0 0 9157 190 0 0 0 0 0 0 62 620 0 0 23 0 0 0 0 54 0 0 0 0 0 0 0 53 0 0 52 0 0 1301 0 1476 0 51 0 0 0 1136 0 1193 0 53 0 0 0 0 0 0 2 0 0 0 0 0 3 0 0 0 212 0 0 0 11 0 0 0 8 0 6 0 0 0 0 0 0 0 0 0 6 0 0 0 0 0 0 0 0 0 2 0 0 0 
27 12 120 272 82 1703 349 140 50 0 17 2 52 411 1100 1691 419 658 1189 545 849 14965 12237 3332 7969 8592 36140 2927 9570 273 100 155625 2876 4667 2972 10478 216 967 643 3 191 138 5 74 934 143 159 30 0 0 0 0 62 0 0 0 1 0 127 337 59 4 173 88 75 9439 2660 48 1993 361 100 12 29 187 1357 1093 1261 10 97 332 101 0 0 0 0 9 37 0 0 0 0 15 2 51 123 353 1 69 19 17 0 0 0 8 0 11 22 1 10 0 0 0 0 0 1 17 31 0 0 0 0 0 0 0 0 7 1 22 0 
0 11 0 0 65 1357 0 0 43 0 13 0 0 0 0 0 388 0 0 440 0 0 9467 0 7279 7357 0 0 8315 0 75 96450 0 0 0 7434 140 0 0 0 0 0 0 51 570 0 0 18 0 0 0 0 45 0 0 0 0 0 0 0 46 0 0 78 0 0 1673 0 1214 0 66 0 0 0 1183 0 981 0 55 0 0 0 0 0 0 5 0 0 0 0 0 7 0 0 0 204 0 0 0 9 0 0 0 6 0 8 0 0 0 0 0 0 0 0 0 4 0 0 0 0 0 0 0 0 0 1 0 0 0 
0 9 0 0 50 1181 0 0 29 0 8 0 0 0 0 0 322 0 0 275 0 0 6452 0 6581 5531 0 0 8109 0 45 88470 0 0 0 5700 103 0 0 0 0 0 0 41 303 0 0 9 0 0 0 0 35 0 0 0 0 0 0 0 32 0 0 34 0 0 1193 0 1166 0 34 0 0 0 1195 0 845 0 40 0 0 0 0 0 0 3 0 0 0 0 0 0 0 0 0 187 0 0 0 3 0 0 0 5 0 7 0 0 0 0 0 0 0 0 0 1 0 0 0 0 0 0 0 0 0 2 0 0 0 
0 10 0 0 72 1104 0 0 33 0 14 0 0 0 0 0 414 0 0 392 0 0 7007 0 6197 8014 0 0 6662 0 49 67227 0 0 0 6882 193 0 0 0 0 0 0 46 341 0 0 23 0 0 0 0 55 0 0 0 0 0 0 0 54 0 0 59 0 0 1185 0 958 0 80 0 0 0 1104 0 911 0 87 0 0 0 0 0 0 7 0 0 0 0 0 4 0 0 0 149 0 0 0 8 0 0 0 2 0 12 0 0 0 0 0 0 0 0 0 14 0 0 0 0 0 0 0 0 0 5 0 0 0 
0 10 0 0 63 1272 0 0 33 0 15 0 0 0 0 0 393 0 0 370 0 0 7503 0 6968 6721 0 0 8049 0 46 89849 0 0 0 6763 162 0 0 0 0 0 0 36 407 0 0 12 0 0 0 0 48 0 0 0 0 0 0 0 36 0 0 66 0 0 1717 0 1111 0 81 0 0 0 1722 0 861 0 76 0 0 0 0 0 0 8 0 0 0 0 0 8 0 0 0 187 0 0 0 12 0 0 0 11 0 17 0 0 0 0 0 0 0 0 0 8 0 0 0 0 0 0 0 0 0 0 0 0 0 
0 7 0 0 47 785 0 0 15 0 6 0 0 0 0 0 277 0 0 170 0 0 2963 0 4434 5305 0 0 6181 0 11 55133 0 0 0 4432 120 0 0 0 0 0 0 17 115 0 0 7 0 0 0 0 39 0 0 0 0 0 0 0 41 0 0 18 0 0 702 0 915 0 29 0 0 0 577 0 633 0 41 0 0 0 0 0 0 2 0 0 0 0 0 2 0 0 0 108 0 0 0 8 0 0 0 3 0 2 0 0 0 0 0 0 0 0 0 3 0 0 0 0 0 0 0 0 0 0 0 0 0 
0 9 0 0 57 1294 0 0 30 0 6 0 0 0 0 0 349 0 0 330 0 0 7654 0 6654 5768 0 0 8413 0 47 112635 0 0 0 8328 140 0 0 0 0 0 0 36 607 0 0 11 0 0 0 0 39 0 0 0 0 0 0 0 34 0 0 33 0 0 758 0 1722 0 35 0 0 0 526 0 929 0 29 0 0 0 0 0 0 2 0 0 0 0 0 0 0 0 0 86 0 0 0 3 0 0 0 1 0 1 0 0 0 0 0 0 0 0 0 2 0 0 0 0 0 0 0 0 0 1 0 0 0 
99 6 1104 510 35 444 4701 638 12 6 3 150 76 7900 5038 2697 197 5666 2885 129 3671 75988 1727 52790 2569 3660 37758 92652 2448 1459 10 21429 143506 55238 20884 2166 69 897 6669 33 361 279 626 10 59 3626 224 4 368 383 422 449 15 23 43 19 69 1233 593 208 25 735 387 8 516 5019 140 12167 251 378 16 619 911 12635 196 6152 233 934 11 244 961 2 3 6 2 1 40 74 0 1 3 1 134 19 483 15 894 37 50 1 177 47 21 0 74 0 43 116 98 2 4 11 6 102 65 1 25 7 0 0 0 0 0 0 0 0 27 16 31 
0 13 0 0 95 1477 0 0 61 0 19 0 0 0 0 0 506 0 0 728 0 0 12628 0 7728 10191 0 0 8736 0 131 114720 0 0 0 8919 261 0 0 0 0 0 0 92 641 0 0 44 0 0 0 0 59 0 0 0 0 0 0 0 87 0 0 142 0 0 2254 0 1533 0 114 0 0 0 1345 0 1243 0 111 0 0 0 0 0 0 8 0 0 0 0 0 10 0 0 0 231 0 0 0 15 0 0 0 13 0 13 0 0 0 0 0 0 0 0 0 13 0 0 0 0 0 0 0 0 0 4 0 0 0 
0 8 0 0 56 1202 0 0 23 0 6 0 0 0 0 0 307 0 0 253 0 0 6280 0 6211 6091 0 0 7934 0 31 108213 0 0 0 7419 151 0 0 0 0 0 0 50 371 0 0 15 0 0 0 0 47 0 0 0 0 0 0 0 34 0 0 25 0 0 774 0 1556 0 35 0 0 0 601 0 1008 0 29 0 0 0 0 0 0 1 0 0 0 0 0 1 0 0 0 97 0 0 0 4 0 0 0 3 0 4 0 0 0 0 0 0 0 0 0 6 0 0 0 0 0 0 0 0 0 0 0 0 0 
0 7 0 0 57 863 0 0 17 0 7 0 0 0 0 0 319 0 0 223 0 0 3686 0 4894 5676 0 0 6014 0 17 54338 0 0 0 6219 180 0 0 0 0 0 0 33 226 0 0 12 0 0 0 0 53 0 0 0 0 0 0 0 42 0 0 29 0 0 750 0 958 0 41 0 0 0 773 0 848 0 38 0 0 0 0 0 0 1 0 0 0 0 0 1 0 0 0 99 0 0 0 8 0 0 0 11 0 2 0 0 0 0 0 0 0 0 0 11 0 0 0 0 0 0 0 0 0 0 0 0 0 
0 8 0 0 49 900 0 0 18 0 11 0 0 0 0 0 293 0 0 198 0 0 3473 0 5097 5841 0 0 6903 0 14 61771 0 0 0 4553 112 0 0 0 0 0 0 19 165 0 0 8 0 0 0 0 36 0 0 0 0 0 0 0 39 0 0 29 0 0 1207 0 976 0 47 0 0 0 1028 0 611 0 61 0 0 0 0 0 0 6 0 0 0 0 0 3 0 0 0 179 0 0 0 4 0 0 0 10 0 9 0 0 0 0 0 0 0 0 0 3 0 0 0 0 0 0 0 0 0 1 0 0 0 
47 8 542 325 55 1021 1028 310 23 5 5 54 47 3952 3016 2074 322 2712 1758 269 1822 37293 5050 11699 5484 5258 41938 19115 5654 777 33 69449 14190 26504 6240 6345 136 783 3501 21 349 181 128 25 259 846 190 14 63 574 373 173 36 28 24 25 31 480 584 199 39 269 288 17 268 4844 770 1705 886 247 32 302 414 5091 569 1639 784 333 25 258 522 5 2 3 3 3 31 13 1 3 0 0 77 19 189 107 291 12 80 4 43 18 65 2 29 2 38 42 30 2 4 6 1 56 54 3 16 5 0 0 0 0 0 0 1 1 17 2 18 
0 10 0 0 68 1483 0 0 36 0 9 0 0 0 0 0 361 0 0 417 0 0 9454 0 7693 6724 0 0 8880 0 61 141251 0 0 0 9090 177 0 0 0 0 0 0 57 571 0 0 17 0 0 0 0 52 0 0 0 0 0 0 0 47 0 0 46 0 0 1460 0 1990 0 46 0 0 0 886 0 1047 0 47 0 0 0 0 0 0 1 0 0 0 0 0 4 0 0 0 178 0 0 0 8 0 0 0 9 0 8 0 0 0 0 0 0 0 0 0 5 0 0 0 0 0 0 0 0 0 0 0 0 0 
0 7 0 0 46 605 0 0 14 0 9 0 0 0 0 0 286 0 0 182 0 0 2211 0 3646 5316 0 0 5102 0 11 29024 0 0 0 3528 115 0 0 0 0 0 0 13 146 0 0 7 0 0 0 0 28 0 0 0 0 0 0 0 40 0 0 20 0 0 563 0 612 0 43 0 0 0 651 0 398 0 35 0 0 0 0 0 0 1 0 0 0 0 0 4 0 0 0 113 0 0 0 3 0 0 0 4 0 3 0 0 0 0 0 0 0 0 0 1 0 0 1 0 0 0 0 0 0 6 0 0 0 
0 8 0 0 53 890 0 0 23 0 5 0 0 0 0 0 309 0 0 268 0 0 4547 0 4996 6149 0 0 7942 0 31 59561 0 0 0 5113 133 0 0 0 0 0 0 36 259 0 0 7 0 0 0 0 45 0 0 0 0 0 0 0 42 0 0 20 0 0 690 0 950 0 23 0 0 0 339 0 775 0 27 0 0 0 0 0 0 1 0 0 0 0 0 2 0 0 0 54 0 0 0 4 0 0 0 1 0 2 0 0 0 0 0 0 0 0 0 2 0 0 0 0 0 0 0 0 0 0 0 0 0 
54 10 515 480 61 1309 1405 318 35 3 11 26 56 2916 3761 2646 338 2562 2297 354 1916 36465 8286 14994 6431 6271 62072 23163 8785 734 53 107287 23541 41178 11130 7320 148 1506 4268 27 490 248 93 58 491 701 335 10 70 141 384 124 50 12 27 17 31 0 292 472 34 101 279 60 216 7412 938 1174 1600 317 57 182 521 3886 1293 2583 925 227 48 328 564 2 1 3 0 5 42 3 1 1 0 3 20 30 160 177 86 54 48 11 0 23 29 8 9 6 32 14 22 2 2 0 2 0 20 7 51 3 1 0 0 0 0 1 0 0 1 9 0 
0 7 0 0 52 638 0 0 19 0 2 0 0 0 0 0 296 0 0 247 0 0 3202 0 3659 6208 0 0 5210 0 25 33246 0 0 0 4237 133 0 0 0 0 0 0 24 136 0 0 8 0 0 0 0 37 0 0 0 0 0 0 0 45 0 0 10 0 0 149 0 685 0 10 0 0 0 160 0 587 0 13 0 0 0 0 0 0 0 0 0 0 0 0 0 0 0 0 11 0 0 0 3 0 0 0 1 0 0 0 0 0 0 0 0 0 0 0 2 0 0 0 0 0 0 0 0 0 0 0 0 0 
0 11 0 0 60 1606 0 0 39 0 17 0 0 0 0 0 346 0 0 353 0 0 10325 0 8031 6582 0 0 9869 0 57 145265 0 0 0 7548 111 0 0 0 0 0 0 53 709 0 0 12 0 0 0 0 61 0 0 0 0 0 0 0 46 0 0 81 0 0 2367 0 1893 0 85 0 0 0 1732 0 1143 0 68 0 0 0 0 0 0 5 0 0 0 0 0 10 0 0 0 289 0 0 0 14 0 0 0 9 0 17 0 0 0 0 0 0 0 0 0 9 0 0 0 0 0 0 0 0 0 4 0 0 0 
0 10 0 0 82 868 0 0 37 0 8 0 0 0 0 0 466 0 0 503 0 0 5627 0 4822 9241 0 0 7171 0 66 46690 0 0 0 5789 252 0 0 0 0 0 0 51 233 0 0 29 0 0 0 0 44 0 0 0 0 0 0 0 71 0 0 44 0 0 993 0 862 0 51 0 0 0 495 0 830 0 64 0 0 0 0 0 0 4 0 0 0 0 0 1 0 0 0 90 0 0 0 8 0 0 0 4 0 5 0 0 0 0 0 0 0 0 0 5 0 0 0 0 0 0 0 0 0 0 0 0 0 
0 6 0 0 38 654 0 0 9 0 7 0 0 0 0 0 210 0 0 103 0 0 1680 0 3937 4295 0 0 4664 0 4 42807 0 0 0 3540 99 0 0 0 0 0 0 13 93 0 0 5 0 0 0 0 23 0 0 0 0 0 0 0 30 0 0 10 0 0 792 0 617 0 34 0 0 0 735 0 483 0 30 0 0 0 0 0 0 2 0 0 0 0 0 2 0 0 0 106 0 0 0 2 0 0 0 4 0 6 0 0 0 0 0 0 0 0 0 5 0 0 0 0 0 0 0 0 0 0 0 0 0 
0 6 0 0 43 685 0 0 11 0 5 0 0 0 0 0 248 0 0 134 0 0 2261 0 3816 4994 0 0 6062 0 6 44196 0 0 0 4338 112 0 0 0 0 0 0 13 165 0 0 7 0 0 0 0 40 0 0 0 0 0 0 0 34 0 0 15 0 0 415 0 875 0 29 0 0 0 382 0 557 0 27 0 0 0 0 0 0 0 0 0 0 0 0 1 0 0 0 83 0 0 0 1 0 0 0 6 0 2 0 0 0 0 0 0 0 0 0 3 0 0 0 0 0 0 0 0 0 0 0 0 0 
0 5 0 0 43 450 0 0 8 0 2 0 0 0 0 0 270 0 0 115 0 0 1301 0 2704 4911 0 0 4118 0 4 22323 0 0 0 3472 140 0 0 0 0 0 0 11 60 0 0 8 0 0 0 0 42 0 0 0 0 0 0 0 42 0 0 6 0 0 237 0 473 0 15 0 0 0 117 0 570 0 13 0 0 0 0 0 0 0 0 0 0 0 0 0 0 0 0 7 0 0 0 2 0 0 0 0 0 0 0 0 0 0 0 0 0 0 0 2 0 0 0 0 0 0 0 0 0 0 0 0 0 
0 5 0 0 33 677 0 0 8 0 3 0 0 0 0 0 219 0 0 91 0 0 1895 0 3800 3437 0 0 4576 0 4 65200 0 0 0 3551 81 0 0 0 0 0 0 12 139 0 0 1 0 0 0 0 35 0 0 0 0 0 0 0 21 0 0 9 0 0 162 0 1068 0 17 0 0 0 384 0 433 0 14 0 0 0 0 0 0 0 0 0 0 0 0 0 0 0 0 59 0 0 0 2 0 0 0 4 0 0 0 0 0 0 0 0 0 0 0 1 0 0 0 0 0 0 0 0 0 0 0 0 0 
0 8 0 0 61 1008 0 0 20 0 9 0 0 0 0 0 355 0 0 255 0 0 4527 0 5817 5472 0 0 6063 0 17 70173 0 0 0 7187 179 0 0 0 0 0 0 38 265 0 0 7 0 0 0 0 39 0 0 0 0 0 0 0 36 0 0 36 0 0 892 0 928 0 51 0 0 0 940 0 811 0 50 0 0 0 0 0 0 3 0 0 0 0 0 3 0 0 0 155 0 0 0 9 0 0 0 11 0 2 0 0 0 0 0 0 0 0 0 10 0 0 0 0 0 0 0 0 0 1 0 0 0 
0 6 0 0 58 806 0 0 13 0 2 0 0 0 0 0 335 0 0 192 0 0 3093 0 4251 6044 0 0 5280 0 13 80163 0 0 0 6177 237 0 0 0 0 0 0 23 146 0 0 19 0 0 0 0 48 0 0 0 0 0 0 0 55 0 0 6 0 0 338 0 1063 0 7 0 0 0 169 0 848 0 23 0 0 0 0 0 0 0 0 0 0 0 0 1 0 0 0 54 0 0 0 9 0 0 0 3 0 0 0 0 0 0 0 0 0 0 0 2 0 0 0 0 0 0 0 0 0 0 0 0 0 
0 8 0 0 51 973 0 0 22 0 7 0 0 0 0 0 339 0 0 258 0 0 4504 0 5605 4986 0 0 5379 0 29 79008 0 0 0 4915 116 0 0 0 0 0 0 22 236 0 0 6 0 0 0 0 42 0 0 0 0 0 0 0 36 0 0 23 0 0 932 0 1126 0 36 0 0 0 978 0 654 0 25 0 0 0 0 0 0 0 0 0 0 0 0 4 0 0 0 159 0 0 0 6 0 0 0 6 0 2 0 0 0 0 0 0 0 0 0 2 0 0 1 0 0 0 0 0 0 3 0 0 0 
0 11 0 0 69 1371 0 0 44 0 12 0 0 0 0 0 390 0 0 447 0 0 9756 0 7609 7919 0 0 9187 0 81 94513 0 0 0 7649 151 0 0 0 0 0 0 55 545 0 0 29 0 0 0 0 55 0 0 0 0 0 0 0 44 0 0 78 0 0 1338 0 1279 0 64 0 0 0 1362 0 1003 0 66 0 0 0 0 0 0 4 0 0 0 0 0 5 0 0 0 176 0 0 0 7 0 0 0 5 0 6 0 0 0 0 0 0 0 0 0 7 0 0 0 0 0 0 0 0 0 0 0 0 0 
0 10 0 0 75 870 0 0 27 0 18 0 0 0 0 0 418 0 0 345 0 0 3669 0 4696 8388 0 0 5681 0 27 54267 0 0 0 5486 216 0 0 0 0 0 0 19 174 0 0 19 0 0 0 0 39 0 0 0 0 0 0 0 66 0 0 50 0 0 2095 0 799 0 94 0 0 0 1251 0 773 0 119 0 0 0 0 0 0 15 0 0 0 0 0 14 0 0 0 213 0 0 0 24 0 0 0 6 0 6 0 0 0 0 0 0 0 0 0 19 0 0 0 0 0 0 0 0 0 8 0 0 0 
76 12 1049 768 65 1377 2739 412 48 14 20 112 128 5053 8334 3705 375 5582 3543 445 2414 50361 9800 26396 7042 6123 84462 63507 6313 836 80 94407 62978 65683 23542 7207 132 2626 4606 37 845 356 244 50 452 1593 349 15 216 1342 1496 729 30 66 59 86 19 1403 1223 1043 28 475 563 117 256 16957 2501 6522 966 705 103 885 615 12747 1810 7534 987 517 86 836 635 19 7 6 19 11 71 44 8 2 3 8 57 68 800 281 639 209 199 10 149 128 181 7 132 21 51 54 120 12 10 5 14 215 114 8 183 26 0 3 1 4 1 1 1 3 25 35 41 
0 5 0 0 28 674 0 0 8 0 2 0 0 0 0 0 172 0 0 76 0 0 2054 0 3861 2810 0 0 4753 0 5 63729 0 0 0 3458 50 0 0 0 0 0 0 11 118 0 0 1 0 0 0 0 28 0 0 0 0 0 0 0 17 0 0 4 0 0 140 0 1079 0 11 0 0 0 213 0 402 0 9 0 0 0 0 0 0 1 0 0 0 0 0 0 0 0 0 21 0 0 0 2 0 0 0 1 0 0 0 0 0 0 0 0 0 0 0 0 0 0 0 0 0 0 0 0 0 0 0 0 0 
0 11 0 0 79 1287 0 0 39 0 17 0 0 0 0 0 469 0 0 489 0 0 8067 0 7143 7883 0 0 7548 0 55 78228 0 0 0 8180 215 0 0 0 0 0 0 52 533 0 0 18 0 0 0 0 56 0 0 0 0 0 0 0 56 0 0 85 0 0 1717 0 1056 0 102 0 0 0 1719 0 957 0 96 0 0 0 0 0 0 8 0 0 0 0 0 5 0 0 0 229 0 0 0 13 0 0 0 8 0 15 0 0 0 0 0 0 0 0 0 10 0 0 2 0 0 0 0 0 0 4 0 0 0 
0 7 0 0 57 815 0 0 17 0 5 0 0 0 0 0 338 0 0 228 0 0 3594 0 4742 5989 0 0 6475 0 19 49263 0 0 0 5534 184 0 0 0 0 0 0 23 206 0 0 10 0 0 0 0 49 0 0 0 0 0 0 0 57 0 0 15 0 0 418 0 802 0 43 0 0 0 570 0 719 0 38 0 0 0 0 0 0 3 0 0 0 0 0 1 0 0 0 59 0 0 0 2 0 0 0 5 0 2 0 0 0 0 0 0 0 0 0 2 0 0 0 0 0 0 0 0 0 0 0 0 0 
207 5 1660 894 30 573 20985 1137 8 2 2 339 137 9493 6138 4941 162 7790 4177 83 6320 123035 1537 207428 2872 2245 100690 300508 2700 2402 5 36789 1392638 88477 78357 3147 67 1247 9771 32 753 390 1567 9 91 10856 446 3 954 228 247 277 21 10 11 5 69 1953 711 288 15 1467 650 4 804 16012 223 60249 370 738 9 1224 1126 35834 261 24007 425 1904 15 377 1596 2 5 3 2 1 73 196 0 0 0 0 247 21 1865 41 3965 66 94 0 428 66 24 1 63 0 85 189 189 0 0 20 1 301 132 0 49 4 0 0 2 0 0 0 0 0 22 6 72 
0 10 0 0 64 1248 0 0 31 0 15 0 0 0 0 0 368 0 0 348 0 0 7164 0 6788 6761 0 0 8224 0 37 85116 0 0 0 7139 144 0 0 0 0 0 0 41 388 0 0 14 0 0 0 0 43 0 0 0 0 0 0 0 46 0 0 62 0 0 1615 0 1233 0 73 0 0 0 1355 0 952 0 70 0 0 0 0 0 0 5 0 0 0 0 0 9 0 0 0 227 0 0 0 13 0 0 0 12 0 11 0 0 0 0 0 0 0 0 0 7 0 0 0 0 0 0 0 0 0 4 0 0 0 
0 8 0 0 60 1002 0 0 23 0 5 0 0 0 0 0 347 0 0 297 0 0 5232 0 5607 6623 0 0 8233 0 30 67149 0 0 0 6473 180 0 0 0 0 0 0 34 298 0 0 10 0 0 0 0 48 0 0 0 0 0 0 0 43 0 0 22 0 0 408 0 1045 0 33 0 0 0 585 0 877 0 26 0 0 0 0 0 0 1 0 0 0 0 0 1 0 0 0 79 0 0 0 4 0 0 0 7 0 2 0 0 0 0 0 0 0 0 0 2 0 0 0 0 0 0 0 0 0 0 0 0 0 
0 10 0 0 65 1267 0 0 37 0 8 0 0 0 0 0 366 0 0 405 0 0 8359 0 6848 7416 0 0 9551 0 63 90230 0 0 0 6911 149 0 0 0 0 0 0 60 398 0 0 17 0 0 0 0 55 0 0 0 0 0 0 0 58 0 0 51 0 0 912 0 1452 0 34 0 0 0 991 0 972 0 43 0 0 0 0 0 0 3 0 0 0 0 0 0 0 0 0 147 0 0 0 6 0 0 0 9 0 2 0 0 0 0 0 0 0 0 0 3 0 0 0 0 0 0 0 0 0 1 0 0 0 
0 9 0 0 62 1320 0 0 29 0 9 0 0 0 0 0 342 0 0 326 0 0 7462 0 6996 6363 0 0 7378 0 41 121101 0 0 0 7833 167 0 0 0 0 0 0 42 512 0 0 21 0 0 0 0 49 0 0 0 0 0 0 0 44 0 0 48 0 0 1225 0 1500 0 55 0 0 0 919 0 1026 0 56 0 0 0 0 0 0 1 0 0 0 0 0 4 0 0 0 186 0 0 0 6 0 0 0 5 0 4 0 0 0 0 0 0 0 0 0 1 0 0 0 0 0 0 0 0 0 0 0 0 0 
0 11 0 0 68 1421 0 0 40 0 16 0 0 0 0 0 394 0 0 416 0 0 9165 0 7845 6326 0 0 8258 0 57 98439 0 0 0 7900 156 0 0 0 0 0 0 62 519 0 0 13 0 0 0 0 45 0 0 0 0 0 0 0 38 0 0 92 0 0 1827 0 1347 0 90 0 0 0 1748 0 909 0 73 0 0 0 0 0 0 6 0 0 0 0 0 5 0 0 0 278 0 0 0 12 0 0 0 11 0 9 0 0 0 0 0 0 0 0 0 6 0 0 0 0 0 0 0 0 0 5 0 0 0 
0 9 0 0 60 1048 0 0 27 0 10 0 0 0 0 0 401 0 0 304 0 0 5518 0 5697 6262 0 0 6441 0 33 90267 0 0 0 5682 151 0 0 0 0 0 0 33 301 0 0 8 0 0 0 0 36 0 0 0 0 0 0 0 41 0 0 42 0 0 1555 0 1256 0 61 0 0 0 594 0 690 0 65 0 0 0 0 0 0 5 0 0 0 0 0 5 0 0 0 117 0 0 0 12 0 0 0 5 0 6 0 0 0 0 0 0 0 0 0 3 0 0 0 0 0 0 0 0 0 0 0 0 0 
0 10 0 0 79 1132 0 0 37 0 9 0 0 0 0 0 438 0 0 500 0 0 7541 0 6309 8004 0 0 8038 0 62 73702 0 0 0 8135 236 0 0 0 0 0 0 49 391 0 0 23 0 0 0 0 47 0 0 0 0 0 0 0 57 0 0 59 0 0 797 0 1010 0 49 0 0 0 902 0 935 0 54 0 0 0 0 0 0 2 0 0 0 0 0 3 0 0 0 130 0 0 0 8 0 0 0 9 0 2 0 0 0 0 0 0 0 0 0 7 0 0 0 0 0 0 0 0 0 0 0 0 0 
0 9 0 0 49 1193 0 0 28 0 9 0 0 0 0 0 308 0 0 273 0 0 6546 0 6623 4802 0 0 7231 0 38 100202 0 0 0 5585 94 0 0 0 0 0 0 34 402 0 0 5 0 0 0 0 38 0 0 0 0 0 0 0 26 0 0 42 0 0 974 0 1509 0 36 0 0 0 1075 0 715 0 37 0 0 0 0 0 0 3 0 0 0 0 0 3 0 0 0 149 0 0 0 5 0 0 0 6 0 4 0 0 0 0 0 0 0 0 0 5 0 0 0 0 0 0 0 0 0 1 0 0 0 
0 5 0 0 40 395 0 0 6 0 4 0 0 0 0 0 246 0 0 84 0 0 816 0 2326 4873 0 0 4044 0 1 17207 0 0 0 2763 117 0 0 0 0 0 0 5 45 0 0 2 0 0 0 0 29 0 0 0 0 0 0 0 33 0 0 6 0 0 262 0 436 0 26 0 0 0 331 0 377 0 30 0 0 0 0 0 0 0 0 0 0 0 0 1 0 0 0 37 0 0 0 2 0 0 0 5 0 2 0 0 0 0 0 0 0 0 0 2 0 0 0 0 0 0 0 0 0 0 0 0 0 
0 8 0 0 64 1025 0 0 23 0 6 0 0 0 0 0 369 0 0 294 0 0 5345 0 5576 7244 0 0 7011 0 33 75623 0 0 0 7486 198 0 0 0 0 0 0 42 352 0 0 20 0 0 0 0 56 0 0 0 0 0 0 0 48 0 0 18 0 0 571 0 1006 0 41 0 0 0 589 0 1069 0 41 0 0 0 0 0 0 2 0 0 0 0 0 3 0 0 0 52 0 0 0 6 0 0 0 5 0 6 0 0 0 0 0 0 0 0 0 6 0 0 0 0 0 0 0 0 0 0 0 0 0 
76 12 842 783 81 1649 2785 412 52 11 14 66 116 3642 6692 4813 399 4234 3448 559 2325 44884 12427 27398 7695 8315 104586 54125 9312 860 105 131975 65871 54398 24729 10280 208 2917 4545 27 755 407 189 81 730 1273 462 36 159 993 1229 621 54 53 66 78 25 646 739 787 52 294 488 93 286 17785 2041 4113 1786 757 81 517 584 7920 1475 7287 1263 395 71 875 490 8 2 10 9 4 86 15 5 3 3 5 40 57 589 329 320 134 176 18 42 104 170 7 68 10 69 34 54 7 4 1 8 77 49 11 89 17 1 1 0 0 1 2 1 2 14 25 13 
179 8 929 1272 54 865 15766 1167 24 4 4 167 153 5518 5506 7856 282 4771 6843 253 7290 133442 4748 179895 4382 4616 134836 143464 5168 2744 35 50162 912685 54820 99782 5022 177 3360 4982 36 584 772 854 33 239 12508 781 16 302 252 376 591 41 14 19 19 43 550 418 594 47 828 783 18 956 17756 382 25590 711 879 27 986 721 20012 321 23608 683 957 21 849 751 1 1 1 5 0 116 72 0 1 1 1 130 45 1650 45 1839 55 47 7 87 67 40 2 42 2 95 118 125 4 4 2 3 48 53 5 50 7 0 0 0 0 0 0 1 0 12 11 11 
0 9 0 0 74 1127 0 0 26 0 11 0 0 0 0 0 425 0 0 367 0 0 5787 0 5996 7550 0 0 6670 0 29 95950 0 0 0 7015 243 0 0 0 0 0 0 36 277 0 0 16 0 0 0 0 44 0 0 0 0 0 0 0 76 0 0 47 0 0 1509 0 1281 0 55 0 0 0 1164 0 914 0 78 0 0 0 0 0 0 6 0 0 0 0 0 2 0 0 0 183 0 0 0 20 0 0 0 6 0 5 0 0 0 0 0 0 0 0 0 9 0 0 1 0 0 0 0 0 0 1 0 0 0 
0 8 0 0 67 1276 0 0 24 0 4 0 0 0 0 0 341 0 0 325 0 0 6587 0 6781 6879 0 0 8024 0 36 113046 0 0 0 9860 203 0 0 0 0 0 0 52 488 0 0 19 0 0 0 0 54 0 0 0 0 0 0 0 58 0 0 16 0 0 670 0 1460 0 29 0 0 0 426 0 1282 0 24 0 0 0 0 0 0 1 0 0 0 0 0 0 0 0 0 116 0 0 0 6 0 0 0 3 0 3 0 0 0 0 0 0 0 0 0 2 0 0 0 0 0 0 0 0 0 0 0 0 0 
0 9 0 0 56 1573 0 0 25 0 13 0 0 0 0 0 328 0 0 254 0 0 7769 0 8187 5956 0 0 8392 0 24 158675 0 0 0 8491 135 0 0 0 0 0 0 40 576 0 0 16 0 0 0 0 48 0 0 0 0 0 0 0 36 0 0 52 0 0 1890 0 2023 0 68 0 0 0 1875 0 1126 0 66 0 0 0 0 0 0 6 0 0 0 0 0 4 0 0 0 263 0 0 0 7 0 0 0 9 0 12 0 0 0 0 0 0 0 0 0 4 0 0 0 0 0 0 0 0 0 1 0 0 0 
0 11 0 0 86 1291 0 0 39 0 16 0 0 0 0 0 469 0 0 509 0 0 7946 0 6755 8643 0 0 7782 0 59 95448 0 0 0 8527 272 0 0 0 0 0 0 46 364 0 0 28 0 0 0 0 55 0 0 0 0 0 0 0 80 0 0 71 0 0 2177 0 1316 0 106 0 0 0 1419 0 1196 0 110 0 0 0 0 0 0 12 0 0 0 0 0 10 0 0 0 288 0 0 0 27 0 0 0 5 0 10 0 0 0 0 0 0 0 0 0 8 0 0 1 0 0 0 0 0 0 2 0 0 0 
107 8 761 771 56 783 5560 737 23 4 5 113 80 3812 3963 4884 316 3975 4515 278 4828 85838 3911 66661 4018 5704 71259 62236 4651 1826 32 55011 188089 65509 36374 4902 139 2041 4401 24 327 498 389 26 139 4875 412 12 114 186 717 300 29 26 21 17 29 478 667 390 40 627 435 18 638 11137 437 9310 821 505 26 631 834 17384 727 7143 670 613 33 380 545 3 1 0 2 1 73 24 1 2 0 1 89 15 563 53 1172 57 110 2 78 96 26 3 19 4 57 93 42 3 2 1 1 94 81 4 73 7 0 0 1 0 0 1 1 0 19 7 21 
0 10 0 0 58 1141 0 0 38 0 8 0 0 0 0 0 349 0 0 371 0 0 7881 0 6417 5557 0 0 8866 0 69 71966 0 0 0 6055 124 0 0 0 0 0 0 54 416 0 0 11 0 0 0 0 52 0 0 0 0 0 0 0 31 0 0 52 0 0 744 0 1274 0 37 0 0 0 766 0 721 0 36 0 0 0 0 0 0 1 0 0 0 0 0 2 0 0 0 70 0 0 0 8 0 0 0 2 0 4 0 0 0 0 0 0 0 0 0 3 0 0 0 0 0 0 0 0 0 0 0 0 0 
0 10 0 0 75 1277 0 0 40 0 6 0 0 0 0 0 405 0 0 479 0 0 9158 0 6641 8413 0 0 9333 0 82 94963 0 0 0 7956 204 0 0 0 0 0 0 72 572 0 0 26 0 0 0 0 54 0 0 0 0 0 0 0 62 0 0 44 0 0 840 0 1490 0 31 0 0 0 347 0 1124 0 39 0 0 0 0 0 0 0 0 0 0 0 0 2 0 0 0 64 0 0 0 9 0 0 0 3 0 0 0 0 0 0 0 0 0 0 0 9 0 0 0 0 0 0 0 0 0 0 0 0 0 
0 10 0 0 64 920 0 0 34 0 12 0 0 0 0 0 388 0 0 385 0 0 5811 0 5283 7627 0 0 6809 0 50 50954 0 0 0 5071 142 0 0 0 0 0 0 27 280 0 0 19 0 0 0 0 38 0 0 0 0 0 0 0 54 0 0 59 0 0 968 0 862 0 60 0 0 0 775 0 706 0 67 0 0 0 0 0 0 4 0 0 0 0 0 4 0 0 0 141 0 0 0 4 0 0 0 7 0 8 0 0 0 0 0 0 0 0 0 3 0 0 0 0 0 0 0 0 0 3 0 0 0 
0 13 0 0 91 1502 0 0 59 0 22 0 0 0 0 0 481 0 0 684 0 0 12540 0 8237 9382 0 0 9660 0 119 95801 0 0 0 9203 255 0 0 0 0 0 0 79 613 0 0 34 0 0 0 0 67 0 0 0 0 0 0 0 72 0 0 149 0 0 2344 0 1226 0 118 0 0 0 2063 0 1179 0 147 0 0 0 0 0 0 12 0 0 0 0 0 13 0 0 0 231 0 0 0 18 0 0 0 12 0 20 0 0 0 0 0 0 0 0 0 8 0 0 0 0 0 0 0 0 0 6 0 0 0 
153 6 888 853 45 360 11446 981 12 6 3 183 57 4888 4187 5818 257 4794 4754 160 6225 117136 1357 128909 1832 4928 49981 117578 2373 2273 8 12684 559638 41561 59480 2555 132 1588 5589 24 259 566 537 8 38 8696 240 7 259 327 544 737 16 31 38 24 31 851 143 402 46 898 285 12 782 4070 194 23935 249 388 22 874 545 15389 122 7746 370 1122 12 204 783 3 3 3 7 0 35 74 0 1 1 0 164 12 376 21 1574 31 24 1 184 105 29 3 50 0 43 89 63 0 6 7 2 92 15 4 13 9 0 1 1 0 0 0 0 0 7 5 21 
0 6 0 0 44 909 0 0 11 0 5 0 0 0 0 0 263 0 0 145 0 0 3002 0 5028 4683 0 0 5042 0 7 84273 0 0 0 5739 116 0 0 0 0 0 0 14 220 0 0 5 0 0 0 0 39 0 0 0 0 0 0 0 32 0 0 13 0 0 720 0 1107 0 27 0 0 0 406 0 729 0 25 0 0 0 0 0 0 1 0 0 0 0 0 2 0 0 0 81 0 0 0 5 0 0 0 3 0 1 0 0 0 0 0 0 0 0 0 6 0 0 0 0 0 0 0 0 0 0 0 0 0 
0 6 0 0 49 745 0 0 14 0 1 0 0 0 0 0 288 0 0 196 0 0 3121 0 4094 5390 0 0 4509 0 16 50743 0 0 0 4797 152 0 0 0 0 0 0 18 160 0 0 10 0 0 0 0 26 0 0 0 0 0 0 0 45 0 0 4 0 0 120 0 728 0 5 0 0 0 86 0 690 0 5 0 0 0 0 0 0 0 0 0 0 0 0 0 0 0 0 29 0 0 0 2 0 0 0 1 0 0 0 0 0 0 0 0 0 0 0 0 0 0 0 0 0 0 0 0 0 0 0 0 0 
0 7 0 0 46 1115 0 0 15 0 8 0 0 0 0 0 282 0 0 157 0 0 4069 0 6126 4672 0 0 5490 0 11 92380 0 0 0 6182 120 0 0 0 0 0 0 25 354 0 0 12 0 0 0 0 30 0 0 0 0 0 0 0 29 0 0 24 0 0 1076 0 940 0 44 0 0 0 1144 0 727 0 44 0 0 0 0 0 0 2 0 0 0 0 0 2 0 0 0 189 0 0 0 3 0 0 0 3 0 5 0 0 0 0 0 0 0 0 0 2 0 0 0 0 0 0 0 0 0 2 0 0 0 
0 10 0 0 76 1386 0 0 37 0 8 0 0 0 0 0 430 0 0 456 0 0 9039 0 7283 7646 0 0 8612 0 69 106601 0 0 0 8976 215 0 0 0 0 0 0 73 602 0 0 24 0 0 0 0 49 0 0 0 0 0 0 0 59 0 0 40 0 0 1080 0 1334 0 48 0 0 0 837 0 1129 0 49 0 0 0 0 0 0 3 0 0 0 0 0 2 0 0 0 127 0 0 0 5 0 0 0 6 0 4 0 0 0 0 0 0 0 0 0 7 0 0 0 0 0 0 0 0 0 2 0 0 0 
0 6 0 0 39 914 0 0 10 0 6 0 0 0 0 0 236 0 0 112 0 0 2612 0 5191 4631 0 0 5515 0 6 70552 0 0 0 5170 84 0 0 0 0 0 0 9 236 0 0 5 0 0 0 0 29 0 0 0 0 0 0 0 31 0 0 10 0 0 822 0 879 0 31 0 0 0 729 0 673 0 36 0 0 0 0 0 0 1 0 0 0 0 0 2 0 0 0 139 0 0 0 3 0 0 0 4 0 5 0 0 0 0 0 0 0 0 0 2 0 0 0 0 0 0 0 0 0 0 0 0 0 
28 6 166 143 39 831 372 188 9 2 6 6 22 854 363 844 269 1037 822 96 1338 22812 2166 4401 4930 3940 19396 3716 4473 440 3 64353 3130 10511 1627 4744 95 183 649 3 51 90 18 10 153 292 74 5 1 226 259 42 20 14 8 2 8 0 125 126 25 37 129 11 199 3312 678 136 707 122 33 13 140 739 708 503 518 20 33 60 49 1 1 2 0 1 16 0 1 0 0 1 6 3 36 142 10 20 19 5 0 9 29 4 2 3 12 7 3 1 0 0 1 0 2 4 11 1 0 1 0 0 0 0 0 1 3 5 0 
0 13 0 0 75 1614 0 0 56 0 22 0 0 0 0 0 465 0 0 550 0 0 12209 0 8239 8264 0 0 8733 0 99 124705 0 0 0 8132 148 0 0 0 0 0 0 61 715 0 0 24 0 0 0 0 54 0 0 0 0 0 0 0 50 0 0 140 0 0 2788 0 1604 0 114 0 0 0 2181 0 1034 0 98 0 0 0 0 0 0 9 0 0 0 0 0 9 0 0 0 347 0 0 0 15 0 0 0 9 0 21 0 0 0 0 0 0 0 0 0 8 0 0 2 0 0 0 0 0 0 6 0 0 0 
0 11 0 0 73 1423 0 0 41 0 15 0 0 0 0 0 401 0 0 459 0 0 9105 0 7276 7451 0 0 7631 0 69 118677 0 0 0 7959 182 0 0 0 0 0 0 52 679 0 0 23 0 0 0 0 54 0 0 0 0 0 0 0 50 0 0 72 0 0 2039 0 1639 0 86 0 0 0 1558 0 1044 0 80 0 0 0 0 0 0 8 0 0 0 0 0 11 0 0 0 232 0 0 0 16 0 0 0 5 0 14 0 0 0 0 0 0 0 0 0 8 0 0 0 0 0 0 0 0 0 0 0 0 0 
0 10 0 0 67 1483 0 0 35 0 11 0 0 0 0 0 416 0 0 401 0 0 8660 0 7697 6357 0 0 8367 0 62 131112 0 0 0 9115 154 0 0 0 0 0 0 40 574 0 0 23 0 0 0 0 58 0 0 0 0 0 0 0 48 0 0 45 0 0 1683 0 1492 0 63 0 0 0 1513 0 1024 0 55 0 0 0 0 0 0 3 0 0 0 0 0 4 0 0 0 373 0 0 0 5 0 0 0 7 0 10 0 0 0 0 0 0 0 0 0 8 0 0 1 0 0 0 0 0 0 3 0 0 0 
0 12 0 0 81 1645 0 0 50 0 18 0 0 0 0 0 478 0 0 577 0 0 12216 0 8556 9059 0 0 8147 0 97 132650 0 0 0 9182 194 0 0 0 0 0 0 53 721 0 0 29 0 0 0 0 40 0 0 0 0 0 0 0 65 0 0 99 0 0 2183 0 1534 0 87 0 0 0 2133 0 1145 0 90 0 0 0 0 0 0 9 0 0 0 0 0 13 0 0 0 336 0 0 0 11 0 0 0 18 0 19 0 0 0 0 0 0 0 0 0 17 0 0 1 0 0 0 0 0 0 2 0 0 0 
0 7 0 0 49 1099 0 0 14 0 9 0 0 0 0 0 298 0 0 170 0 0 3530 0 6048 4577 0 0 5851 0 9 102004 0 0 0 6467 125 0 0 0 0 0 0 13 293 0 0 9 0 0 0 0 45 0 0 0 0 0 0 0 34 0 0 23 0 0 1336 0 1219 0 42 0 0 0 1297 0 687 0 42 0 0 0 0 0 0 2 0 0 0 0 0 4 0 0 0 205 0 0 0 11 0 0 0 7 0 7 0 0 0 0 0 0 0 0 0 11 0 0 0 0 0 0 0 0 0 0 0 0 0 
0 12 0 0 81 1621 0 0 56 0 11 0 0 0 0 0 442 0 0 651 0 0 13540 0 8235 8860 0 0 9539 0 138 129427 0 0 0 10257 205 0 0 0 0 0 0 73 896 0 0 33 0 0 0 0 55 0 0 0 0 0 0 0 54 0 0 72 0 0 1458 0 1770 0 64 0 0 0 1004 0 1265 0 57 0 0 0 0 0 0 6 0 0 0 0 0 8 0 0 0 169 0 0 0 5 0 0 0 4 0 6 0 0 0 0 0 0 0 0 0 4 0 0 0 0 0 0 0 0 0 0 0 0 0 
0 3 0 0 27 332 0 0 3 0 0 0 0 0 0 0 165 0 0 43 0 0 590 0 1989 2650 0 0 2228 0 1 19133 0 0 0 2523 93 0 0 0 0 0 0 6 34 0 0 4 0 0 0 0 18 0 0 0 0 0 0 0 26 0 0 0 0 0 0 0 358 0 0 0 0 0 0 0 256 0 0 0 0 0 0 0 0 0 0 0 0 0 0 0 0 0 0 0 0 0 0 0 0 0 0 0 0 0 0 0 0 0 0 0 0 0 0 0 0 0 0 0 0 0 0 0 0 0 0 0 0 
0 10 0 0 63 1262 0 0 35 0 11 0 0 0 0 0 370 0 0 376 0 0 7778 0 6967 6168 0 0 8220 0 52 98473 0 0 0 7060 169 0 0 0 0 0 0 41 420 0 0 16 0 0 0 0 48 0 0 0 0 0 0 0 39 0 0 64 0 0 1684 0 1365 0 60 0 0 0 831 0 826 0 49 0 0 0 0 0 0 5 0 0 0 0 0 3 0 0 0 214 0 0 0 11 0 0 0 12 0 3 0 0 0 0 0 0 0 0 0 1 0 0 0 0 0 0 0 0 0 1 0 0 0 
0 7 0 0 57 771 0 0 17 0 4 0 0 0 0 0 332 0 0 247 0 0 3362 0 4519 6407 0 0 4500 0 17 45594 0 0 0 5570 179 0 0 0 0 0 0 15 198 0 0 13 0 0 0 0 32 0 0 0 0 0 0 0 49 0 0 16 0 0 420 0 601 0 26 0 0 0 288 0 835 0 29 0 0 0 0 0 0 1 0 0 0 0 0 1 0 0 0 73 0 0 0 2 0 0 0 0 0 0 0 0 0 0 0 0 0 0 0 0 0 0 0 0 0 0 0 0 0 0 0 0 0 
0 7 0 0 56 675 0 0 14 0 9 0 0 0 0 0 338 0 0 192 0 0 2388 0 3871 6386 0 0 3729 0 11 34878 0 0 0 4501 172 0 0 0 0 0 0 12 116 0 0 8 0 0 0 0 24 0 0 0 0 0 0 0 47 0 0 19 0 0 791 0 498 0 68 0 0 0 858 0 534 0 63 0 0 0 0 0 0 6 0 0 0 0 0 0 0 0 0 88 0 0 0 4 0 0 0 6 0 5 0 0 0 0 0 0 0 0 0 4 0 0 1 0 0 0 0 0 0 3 0 0 0 
0 11 0 0 75 1435 0 0 44 0 13 0 0 0 0 0 428 0 0 516 0 0 9882 0 7384 8320 0 0 7199 0 84 112844 0 0 0 8264 198 0 0 0 0 0 0 53 716 0 0 29 0 0 0 0 41 0 0 0 0 0 0 0 46 0 0 75 0 0 1663 0 1351 0 67 0 0 0 1471 0 1058 0 61 0 0 0 0 0 0 7 0 0 0 0 0 7 0 0 0 231 0 0 0 9 0 0 0 11 0 9 0 0 0 0 0 0 0 0 0 4 0 0 0 0 0 0 0 0 0 2 0 0 0 
0 7 0 0 47 1019 0 0 12 0 10 0 0 0 0 0 275 0 0 126 0 0 3176 0 5746 5570 0 0 5584 0 7 76335 0 0 0 5807 109 0 0 0 0 0 0 15 251 0 0 6 0 0 0 0 27 0 0 0 0 0 0 0 40 0 0 16 0 0 1304 0 797 0 60 0 0 0 1068 0 786 0 63 0 0 0 0 0 0 1 0 0 0 0 0 7 0 0 0 179 0 0 0 7 0 0 0 6 0 5 0 0 0 0 0 0 0 0 0 4 0 0 1 0 0 0 0 0 0 3 0 0 0 
88 13 466 972 72 1733 3764 492 60 7 21 64 167 2272 3870 4891 355 2222 4528 570 2796 56532 14256 37359 8119 7005 125256 33773 8441 1070 135 129894 104780 22608 35608 8538 136 3833 2864 16 388 500 158 64 880 2268 569 23 72 932 668 419 38 30 42 54 24 0 1155 1289 43 298 717 125 300 25513 2861 4408 1455 814 91 538 251 6442 2128 11681 1027 385 89 1277 461 8 8 3 0 11 113 18 3 5 1 20 58 119 1271 372 530 287 183 22 0 101 81 12 72 20 88 25 71 15 5 0 5 0 132 10 223 15 4 0 0 0 0 1 0 6 29 40 0 
85 7 524 509 45 902 3524 574 20 1 1 46 84 2824 2779 2955 259 2910 2856 220 3753 67446 4598 42465 4864 4399 64531 38106 5555 1413 30 64631 95221 27816 18080 4930 99 1244 3010 17 298 317 183 29 273 2500 430 8 43 109 48 72 28 5 2 4 23 420 355 62 30 232 426 5 462 11045 121 3284 978 476 5 246 454 5141 92 5902 614 261 6 413 372 0 1 0 0 0 83 3 0 0 0 0 35 33 531 17 221 11 65 0 37 1 0 1 10 0 48 29 25 1 1 2 0 25 31 0 9 0 0 1 1 0 0 0 0 0 8 1 3 
50 6 373 250 55 780 1208 320 12 2 4 17 50 2606 1523 2121 288 2097 1326 197 1970 40605 2698 13702 4173 5867 31450 16767 3910 778 10 53206 18838 14938 5075 5919 234 423 2475 13 164 205 91 18 179 827 118 15 27 181 148 85 28 10 10 7 25 231 470 131 64 85 238 11 235 7171 587 712 553 372 26 78 255 1084 423 1922 951 134 23 157 355 0 3 0 1 1 30 0 0 0 0 1 20 20 251 76 35 45 68 0 11 3 19 0 8 1 40 6 15 1 6 3 1 21 7 0 20 1 0 1 1 0 0 0 0 0 2 4 3 
0 7 0 0 51 1220 0 0 16 0 6 0 0 0 0 0 311 0 0 201 0 0 4560 0 6524 4585 0 0 6852 0 15 115955 0 0 0 7914 137 0 0 0 0 0 0 27 359 0 0 3 0 0 0 0 45 0 0 0 0 0 0 0 40 0 0 19 0 0 991 0 1375 0 37 0 0 0 1055 0 811 0 35 0 0 0 0 0 0 1 0 0 0 0 0 1 0 0 0 208 0 0 0 6 0 0 0 5 0 4 0 0 0 0 0 0 0 0 0 4 0 0 0 0 0 0 0 0 0 0 0 0 0 
0 6 0 0 39 950 0 0 10 0 6 0 0 0 0 0 232 0 0 115 0 0 2629 0 5271 3991 0 0 5105 0 5 87045 0 0 0 5108 95 0 0 0 0 0 0 16 221 0 0 3 0 0 0 0 27 0 0 0 0 0 0 0 20 0 0 12 0 0 876 0 1141 0 27 0 0 0 905 0 568 0 27 0 0 0 0 0 0 2 0 0 0 0 0 3 0 0 0 148 0 0 0 6 0 0 0 7 0 2 0 0 0 0 0 0 0 0 0 3 0 0 0 0 0 0 0 0 0 0 0 0 0 
117 8 671 756 46 1213 6724 683 19 7 9 62 173 3371 3098 3892 250 3389 3580 171 4312 75514 4642 70826 6267 4151 109994 66739 6687 1539 16 115510 253533 53491 35449 6375 99 1470 3971 17 399 379 305 27 292 3698 568 7 125 769 1028 567 41 35 39 21 22 0 453 648 32 254 767 27 456 29697 1579 6064 1448 938 42 277 749 10481 1183 15505 736 380 45 673 505 5 1 9 0 4 193 11 4 3 1 3 46 51 2148 235 522 205 90 13 0 83 140 6 142 5 110 63 61 6 4 0 6 0 27 6 148 18 0 1 0 0 0 0 0 1 10 38 0 
0 8 0 0 56 1172 0 0 22 0 7 0 0 0 0 0 332 0 0 249 0 0 5536 0 6127 5645 0 0 7059 0 27 103540 0 0 0 7036 144 0 0 0 0 0 0 38 377 0 0 13 0 0 0 0 40 0 0 0 0 0 0 0 39 0 0 26 0 0 1273 0 1409 0 40 0 0 0 591 0 841 0 37 0 0 0 0 0 0 5 0 0 0 0 0 2 0 0 0 129 0 0 0 11 0 0 0 4 0 2 0 0 0 0 0 0 0 0 0 4 0 0 0 0 0 0 0 0 0 0 0 0 0 
0 10 0 0 55 1735 0 0 35 0 11 0 0 0 0 0 309 0 0 320 0 0 10305 0 9064 5187 0 0 9704 0 54 163766 0 0 0 8563 117 0 0 0 0 0 0 50 767 0 0 13 0 0 0 0 48 0 0 0 0 0 0 0 25 0 0 58 0 0 1800 0 1843 0 49 0 0 0 1695 0 995 0 49 0 0 0 0 0 0 4 0 0 0 0 0 3 0 0 0 347 0 0 0 15 0 0 0 7 0 8 0 0 0 0 0 0 0 0 0 3 0 0 0 0 0 0 0 0 0 1 0 0 0 
0 7 0 0 51 1100 0 0 17 0 6 0 0 0 0 0 299 0 0 203 0 0 4793 0 5955 5332 0 0 6835 0 19 99241 0 0 0 6759 139 0 0 0 0 0 0 34 394 0 0 6 0 0 0 0 39 0 0 0 0 0 0 0 36 0 0 20 0 0 637 0 1482 0 30 0 0 0 639 0 831 0 35 0 0 0 0 0 0 1 0 0 0 0 0 0 0 0 0 71 0 0 0 7 0 0 0 8 0 2 0 0 0 0 0 0 0 0 0 6 0 0 1 0 0 0 0 0 0 3 0 0 0 
0 4 0 0 30 448 0 0 3 0 3 0 0 0 0 0 228 0 0 41 0 0 650 0 2678 3497 0 0 2614 0 0 31421 0 0 0 2650 84 0 0 0 0 0 0 3 40 0 0 1 0 0 0 0 20 0 0 0 0 0 0 0 20 0 0 2 0 0 275 0 393 0 20 0 0 0 259 0 359 0 21 0 0 0 0 0 0 1 0 0 0 0 0 0 0 0 0 37 0 0 0 3 0 0 0 2 0 1 0 0 0 0 0 0 0 0 0 0 0 0 0 0 0 0 0 0 0 0 0 0 0 
0 7 0 0 59 664 0 0 17 0 4 0 0 0 0 0 357 0 0 257 0 0 2812 0 3755 6369 0 0 4350 0 18 37422 0 0 0 4848 208 0 0 0 0 0 0 14 107 0 0 12 0 0 0 0 40 0 0 0 0 0 0 0 80 0 0 14 0 0 351 0 545 0 34 0 0 0 487 0 645 0 18 0 0 0 0 0 0 0 0 0 0 0 0 1 0 0 0 52 0 0 0 2 0 0 0 3 0 2 0 0 0 0 0 0 0 0 0 2 0 0 0 0 0 0 0 0 0 0 0 0 0 
0 9 0 0 61 1010 0 0 30 0 6 0 0 0 0 0 380 0 0 343 0 0 6219 0 5583 6762 0 0 6477 0 49 61737 0 0 0 6250 146 0 0 0 0 0 0 35 355 0 0 22 0 0 0 0 44 0 0 0 0 0 0 0 44 0 0 28 0 0 579 0 962 0 38 0 0 0 383 0 803 0 29 0 0 0 0 0 0 0 0 0 0 0 0 6 0 0 0 78 0 0 0 4 0 0 0 4 0 1 0 0 0 0 0 0 0 0 0 1 0 0 0 0 0 0 0 0 0 0 0 0 0 
0 8 0 0 54 1061 0 0 22 0 7 0 0 0 0 0 338 0 0 262 0 0 5096 0 5980 5882 0 0 6598 0 26 75209 0 0 0 5697 143 0 0 0 0 0 0 32 284 0 0 8 0 0 0 0 34 0 0 0 0 0 0 0 51 0 0 27 0 0 805 0 894 0 32 0 0 0 1037 0 778 0 33 0 0 0 0 0 0 1 0 0 0 0 0 4 0 0 0 132 0 0 0 3 0 0 0 7 0 4 0 0 0 0 0 0 0 0 0 2 0 0 0 0 0 0 0 0 0 0 0 0 0 
0 10 0 0 68 1422 0 0 37 0 9 0 0 0 0 0 377 0 0 412 0 0 9474 0 7321 6876 0 0 9280 0 65 120193 0 0 0 8532 161 0 0 0 0 0 0 59 564 0 0 21 0 0 0 0 57 0 0 0 0 0 0 0 51 0 0 51 0 0 1263 0 1780 0 48 0 0 0 917 0 1105 0 50 0 0 0 0 0 0 2 0 0 0 0 0 5 0 0 0 177 0 0 0 9 0 0 0 8 0 5 0 0 0 0 0 0 0 0 0 5 0 0 0 0 0 0 0 0 0 0 0 0 0 
0 10 0 0 62 1644 0 0 32 0 14 0 0 0 0 0 345 0 0 323 0 0 9004 0 8250 5461 0 0 9945 0 41 151104 0 0 0 9114 131 0 0 0 0 0 0 52 800 0 0 11 0 0 0 0 54 0 0 0 0 0 0 0 35 0 0 61 0 0 2103 0 2005 0 72 0 0 0 1684 0 961 0 71 0 0 0 0 0 0 4 0 0 0 0 0 6 0 0 0 264 0 0 0 13 0 0 0 7 0 12 0 0 0 0 0 0 0 0 0 10 0 0 0 0 0 0 0 0 0 4 0 0 0 
109 9 1084 878 46 916 5756 640 32 7 5 131 98 5778 7135 4094 246 5218 4442 289 3821 72048 5921 60078 4567 4597 86795 97696 4934 1365 57 53661 197110 80468 41659 4130 81 2799 5528 31 598 371 517 27 282 3575 464 10 357 818 875 565 26 25 26 42 34 789 1226 451 23 583 424 32 467 11133 498 11824 810 432 23 858 1029 17399 383 9102 458 660 20 612 670 5 7 7 4 1 72 51 1 6 2 0 82 43 587 44 960 42 164 1 80 102 108 1 69 1 60 90 64 5 6 2 4 112 148 1 40 15 0 0 0 0 0 0 0 0 25 5 16 
0 5 0 0 42 749 0 0 8 0 2 0 0 0 0 0 226 0 0 118 0 0 1852 0 4018 4222 0 0 4657 0 5 74818 0 0 0 4991 160 0 0 0 0 0 0 10 131 0 0 4 0 0 0 0 35 0 0 0 0 0 0 0 49 0 0 4 0 0 385 0 1007 0 9 0 0 0 343 0 585 0 18 0 0 0 0 0 0 0 0 0 0 0 0 0 0 0 0 70 0 0 0 4 0 0 0 3 0 1 0 0 0 0 0 0 0 0 0 0 0 0 0 0 0 0 0 0 0 0 0 0 0 
0 12 0 0 74 1524 0 0 49 0 20 0 0 0 0 0 436 0 0 510 0 0 11154 0 7909 7839 0 0 9326 0 93 106012 0 0 0 8650 179 0 0 0 0 0 0 50 693 0 0 33 0 0 0 0 46 0 0 0 0 0 0 0 46 0 0 106 0 0 2207 0 1319 0 79 0 0 0 2056 0 1162 0 89 0 0 0 0 0 0 18 0 0 0 0 0 5 0 0 0 294 0 0 0 13 0 0 0 11 0 17 0 0 0 0 0 0 0 0 0 20 0 0 1 0 0 0 0 0 0 11 0 0 0 
0 9 0 0 57 1211 0 0 30 0 8 0 0 0 0 0 319 0 0 344 0 0 7163 0 6323 5686 0 0 7282 0 50 111601 0 0 0 7653 140 0 0 0 0 0 0 31 451 0 0 13 0 0 0 0 48 0 0 0 0 0 0 0 41 0 0 35 0 0 1301 0 1514 0 39 0 0 0 683 0 873 0 33 0 0 0 0 0 0 6 0 0 0 0 0 3 0 0 0 134 0 0 0 4 0 0 0 1 0 5 0 0 0 0 0 0 0 0 0 5 0 0 0 0 0 0 0 0 0 0 0 0 0 
0 6 0 0 39 1112 0 0 13 0 2 0 0 0 0 0 230 0 0 141 0 0 4213 0 5964 3744 0 0 7093 0 13 110386 0 0 0 6434 86 0 0 0 0 0 0 19 365 0 0 7 0 0 0 0 41 0 0 0 0 0 0 0 24 0 0 6 0 0 248 0 1598 0 11 0 0 0 264 0 730 0 11 0 0 0 0 0 0 0 0 0 0 0 0 0 0 0 0 46 0 0 0 2 0 0 0 0 0 1 0 0 0 0 0 0 0 0 0 1 0 0 0 0 0 0 0 0 0 0 0 0 0 
0 7 0 0 43 1235 0 0 16 0 5 0 0 0 0 0 253 0 0 165 0 0 4624 0 6710 4256 0 0 6848 0 15 123728 0 0 0 6728 99 0 0 0 0 0 0 22 363 0 0 4 0 0 0 0 48 0 0 0 0 0 0 0 25 0 0 15 0 0 815 0 1430 0 31 0 0 0 908 0 808 0 27 0 0 0 0 0 0 0 0 0 0 0 0 1 0 0 0 158 0 0 0 6 0 0 0 2 0 4 0 0 0 0 0 0 0 0 0 1 0 0 0 0 0 0 0 0 0 0 0 0 0 
0 8 0 0 58 1115 0 0 22 0 7 0 0 0 0 0 327 0 0 266 0 0 5454 0 5880 6052 0 0 7168 0 27 79006 0 0 0 7127 143 0 0 0 0 0 0 35 380 0 0 11 0 0 0 0 51 0 0 0 0 0 0 0 51 0 0 26 0 0 948 0 1188 0 47 0 0 0 691 0 850 0 38 0 0 0 0 0 0 2 0 0 0 0 0 4 0 0 0 103 0 0 0 8 0 0 0 3 0 3 0 0 0 0 0 0 0 0 0 3 0 0 0 0 0 0 0 0 0 0 0 0 0 
0 8 0 0 52 1206 0 0 22 0 6 0 0 0 0 0 299 0 0 232 0 0 5966 0 6340 6025 0 0 7745 0 26 98387 0 0 0 6839 129 0 0 0 0 0 0 41 389 0 0 12 0 0 0 0 35 0 0 0 0 0 0 0 40 0 0 24 0 0 967 0 1320 0 36 0 0 0 481 0 1042 0 26 0 0 0 0 0 0 1 0 0 0 0 0 3 0 0 0 105 0 0 0 7 0 0 0 2 0 2 0 0 0 0 0 0 0 0 0 2 0 0 0 0 0 0 0 0 0 0 0 0 0 
0 8 0 0 58 906 0 0 20 0 9 0 0 0 0 0 365 0 0 253 0 0 4050 0 5296 7550 0 0 4350 0 20 62665 0 0 0 5424 160 0 0 0 0 0 0 13 215 0 0 15 0 0 0 0 23 0 0 0 0 0 0 0 55 0 0 30 0 0 1036 0 582 0 50 0 0 0 886 0 819 0 61 0 0 0 0 0 0 3 0 0 0 0 0 3 0 0 0 119 0 0 0 4 0 0 0 6 0 3 0 0 0 0 0 0 0 0 0 5 0 0 1 0 0 0 0 0 0 2 0 0 0 
0 13 0 0 103 1780 0 0 67 0 12 0 0 0 0 0 562 0 0 885 0 0 15929 0 8904 10890 0 0 9658 0 184 129515 0 0 0 11975 311 0 0 0 0 0 0 112 968 0 0 50 0 0 0 0 66 0 0 0 0 0 0 0 91 0 0 92 0 0 1726 0 1467 0 65 0 0 0 1495 0 1696 0 76 0 0 0 0 0 0 11 0 0 0 0 0 4 0 0 0 263 0 0 0 10 0 0 0 6 0 5 0 0 0 0 0 0 0 0 0 11 0 0 0 0 0 0 0 0 0 1 0 0 0 
0 9 0 0 71 1369 0 0 30 0 6 0 0 0 0 0 388 0 0 392 0 0 7843 0 6991 6436 0 0 8366 0 47 125490 0 0 0 9472 243 0 0 0 0 0 0 46 513 0 0 20 0 0 0 0 54 0 0 0 0 0 0 0 71 0 0 32 0 0 1141 0 1625 0 35 0 0 0 635 0 1114 0 45 0 0 0 0 0 0 1 0 0 0 0 0 1 0 0 0 129 0 0 0 8 0 0 0 5 0 3 0 0 0 0 0 0 0 0 0 1 0 0 0 0 0 0 0 0 0 0 0 0 0 
0 10 0 0 54 1516 0 0 30 0 16 0 0 0 0 0 340 0 0 268 0 0 7589 0 7752 5507 0 0 7797 0 36 148229 0 0 0 7739 106 0 0 0 0 0 0 35 521 0 0 9 0 0 0 0 45 0 0 0 0 0 0 0 32 0 0 55 0 0 2712 0 1767 0 85 0 0 0 1889 0 943 0 65 0 0 0 0 0 0 8 0 0 0 0 0 8 0 0 0 383 0 0 0 13 0 0 0 7 0 14 0 0 0 0 0 0 0 0 0 6 0 0 3 0 0 0 0 0 0 4 0 0 0 
0 9 0 0 73 1046 0 0 30 0 6 0 0 0 0 0 439 0 0 409 0 0 6234 0 5882 7755 0 0 5579 0 46 72319 0 0 0 7378 210 0 0 0 0 0 0 37 280 0 0 26 0 0 0 0 45 0 0 0 0 0 0 0 71 0 0 34 0 0 539 0 894 0 47 0 0 0 799 0 863 0 37 0 0 0 0 0 0 0 0 0 0 0 0 1 0 0 0 100 0 0 0 6 0 0 0 3 0 3 0 0 0 0 0 0 0 0 0 3 0 0 0 0 0 0 0 0 0 0 0 0 0 
0 10 0 0 70 1159 0 0 37 0 9 0 0 0 0 0 379 0 0 418 0 0 7745 0 6420 8320 0 0 7707 0 69 72233 0 0 0 7215 182 0 0 0 0 0 0 57 431 0 0 31 0 0 0 0 56 0 0 0 0 0 0 0 57 0 0 42 0 0 1058 0 1010 0 53 0 0 0 799 0 915 0 57 0 0 0 0 0 0 7 0 0 0 0 0 2 0 0 0 101 0 0 0 7 0 0 0 4 0 8 0 0 0 0 0 0 0 0 0 2 0 0 0 0 0 0 0 0 0 0 0 0 0 
0 10 0 0 58 1282 0 0 34 0 12 0 0 0 0 0 359 0 0 343 0 0 7690 0 6979 6331 0 0 7155 0 48 107317 0 0 0 6982 127 0 0 0 0 0 0 39 530 0 0 10 0 0 0 0 42 0 0 0 0 0 0 0 34 0 0 62 0 0 1492 0 1435 0 66 0 0 0 1109 0 860 0 45 0 0 0 0 0 0 4 0 0 0 0 0 4 0 0 0 161 0 0 0 12 0 0 0 7 0 8 0 0 0 0 0 0 0 0 0 4 0 0 0 0 0 0 0 0 0 2 0 0 0 
0 9 0 0 63 1281 0 0 31 0 5 0 0 0 0 0 384 0 0 361 0 0 7943 0 6693 6275 0 0 6816 0 52 114137 0 0 0 7340 154 0 0 0 0 0 0 42 486 0 0 15 0 0 0 0 45 0 0 0 0 0 0 0 53 0 0 29 0 0 765 0 1465 0 31 0 0 0 369 0 1067 0 34 0 0 0 0 0 0 1 0 0 0 0 0 1 0 0 0 81 0 0 0 7 0 0 0 1 0 1 0 0 0 0 0 0 0 0 0 3 0 0 0 0 0 0 0 0 0 0 0 0 0 
0 11 0 0 81 1684 0 0 42 0 13 0 0 0 0 0 459 0 0 502 0 0 10957 0 8537 7949 0 0 9420 0 72 146048 0 0 0 10881 216 0 0 0 0 0 0 69 643 0 0 26 0 0 0 0 50 0 0 0 0 0 0 0 64 0 0 72 0 0 2283 0 1606 0 71 0 0 0 1433 0 1234 0 86 0 0 0 0 0 0 6 0 0 0 0 0 5 0 0 0 407 0 0 0 18 0 0 0 9 0 7 0 0 0 0 0 0 0 0 0 10 0 0 0 0 0 0 0 0 0 3 0 0 0 
0 10 0 0 68 1345 0 0 30 0 17 0 0 0 0 0 401 0 0 350 0 0 6868 0 7026 7071 0 0 7896 0 35 109055 0 0 0 8224 171 0 0 0 0 0 0 34 431 0 0 14 0 0 0 0 47 0 0 0 0 0 0 0 46 0 0 62 0 0 2538 0 1357 0 90 0 0 0 1865 0 942 0 90 0 0 0 0 0 0 8 0 0 0 0 0 12 0 0 0 412 0 0 0 21 0 0 0 12 0 10 0 0 0 0 0 0 0 0 0 11 0 0 1 0 0 0 0 0 0 9 0 0 0 
0 11 0 0 68 1398 0 0 44 0 11 0 0 0 0 0 439 0 0 457 0 0 10065 0 7411 7732 0 0 9280 0 81 98443 0 0 0 7388 157 0 0 0 0 0 0 61 607 0 0 17 0 0 0 0 55 0 0 0 0 0 0 0 41 0 0 69 0 0 1371 0 1281 0 56 0 0 0 934 0 996 0 49 0 0 0 0 0 0 3 0 0 0 0 0 7 0 0 0 167 0 0 0 9 0 0 0 7 0 5 0 0 0 0 0 0 0 0 0 7 0 0 0 0 0 0 0 0 0 0 0 0 0 
0 8 0 0 63 1190 0 0 24 0 4 0 0 0 0 0 346 0 0 313 0 0 6066 0 6219 6406 0 0 6823 0 34 106202 0 0 0 7877 217 0 0 0 0 0 0 44 471 0 0 13 0 0 0 0 41 0 0 0 0 0 0 0 67 0 0 20 0 0 709 0 1343 0 23 0 0 0 373 0 995 0 29 0 0 0 0 0 0 2 0 0 0 0 0 0 0 0 0 99 0 0 0 7 0 0 0 5 0 0 0 0 0 0 0 0 0 0 0 0 0 0 0 0 0 0 0 0 0 0 0 0 0 
0 9 0 0 66 1210 0 0 31 0 5 0 0 0 0 0 353 0 0 369 0 0 7308 0 6295 7564 0 0 7856 0 52 102719 0 0 0 6998 178 0 0 0 0 0 0 47 477 0 0 19 0 0 0 0 63 0 0 0 0 0 0 0 62 0 0 29 0 0 680 0 1536 0 32 0 0 0 508 0 886 0 35 0 0 0 0 0 0 0 0 0 0 0 0 1 0 0 0 94 0 0 0 5 0 0 0 1 0 2 0 0 0 0 0 0 0 0 0 5 0 0 0 0 0 0 0 0 0 0 0 0 0 
0 12 0 0 73 1501 0 0 54 0 12 0 0 0 0 0 447 0 0 563 0 0 12030 0 7902 7666 0 0 9455 0 119 102884 0 0 0 8135 158 0 0 0 0 0 0 73 661 0 0 22 0 0 0 0 48 0 0 0 0 0 0 0 44 0 0 83 0 0 1348 0 1515 0 59 0 0 0 1313 0 990 0 65 0 0 0 0 0 0 4 0 0 0 0 0 6 0 0 0 217 0 0 0 4 0 0 0 8 0 7 0 0 0 0 0 0 0 0 0 2 0 0 0 0 0 0 0 0 0 1 0 0 0 
0 7 0 0 44 1227 0 0 16 0 7 0 0 0 0 0 239 0 0 165 0 0 4766 0 6328 4571 0 0 7873 0 15 119731 0 0 0 7314 102 0 0 0 0 0 0 27 412 0 0 7 0 0 0 0 39 0 0 0 0 0 0 0 31 0 0 20 0 0 1174 0 1624 0 40 0 0 0 896 0 878 0 34 0 0 0 0 0 0 2 0 0 0 0 0 3 0 0 0 193 0 0 0 7 0 0 0 3 0 6 0 0 0 0 0 0 0 0 0 3 0 0 0 0 0 0 0 0 0 0 0 0 0 
0 8 0 0 63 961 0 0 22 0 6 0 0 0 0 0 368 0 0 286 0 0 4709 0 5243 7064 0 0 6390 0 29 61773 0 0 0 6454 186 0 0 0 0 0 0 26 240 0 0 20 0 0 0 0 33 0 0 0 0 0 0 0 60 0 0 18 0 0 858 0 939 0 31 0 0 0 464 0 972 0 37 0 0 0 0 0 0 3 0 0 0 0 0 6 0 0 0 93 0 0 0 7 0 0 0 2 0 0 0 0 0 0 0 0 0 0 0 10 0 0 0 0 0 0 0 0 0 0 0 0 0 
0 9 0 0 69 1205 0 0 30 0 6 0 0 0 0 0 406 0 0 395 0 0 6941 0 6484 7439 0 0 7551 0 49 90694 0 0 0 7933 192 0 0 0 0 0 0 47 478 0 0 20 0 0 0 0 44 0 0 0 0 0 0 0 55 0 0 29 0 0 845 0 1104 0 30 0 0 0 637 0 974 0 35 0 0 0 0 0 0 2 0 0 0 0 0 0 0 0 0 111 0 0 0 7 0 0 0 5 0 3 0 0 0 0 0 0 0 0 0 3 0 0 0 0 0 0 0 0 0 1 0 0 0 
0 8 0 0 56 1202 0 0 20 0 8 0 0 0 0 0 320 0 0 224 0 0 5515 0 6441 5562 0 0 7512 0 19 106235 0 0 0 7037 137 0 0 0 0 0 0 31 387 0 0 16 0 0 0 0 52 0 0 0 0 0 0 0 41 0 0 27 0 0 992 0 1623 0 48 0 0 0 833 0 908 0 43 0 0 0 0 0 0 2 0 0 0 0 0 3 0 0 0 132 0 0 0 11 0 0 0 4 0 4 0 0 0 0 0 0 0 0 0 8 0 0 0 0 0 0 0 0 0 1 0 0 0 
0 5 0 0 35 738 0 0 9 0 2 0 0 0 0 0 218 0 0 112 0 0 2304 0 4314 3440 0 0 4450 0 7 56435 0 0 0 4413 93 0 0 0 0 0 0 9 144 0 0 3 0 0 0 0 17 0 0 0 0 0 0 0 22 0 0 6 0 0 295 0 765 0 11 0 0 0 295 0 501 0 11 0 0 0 0 0 0 0 0 0 0 0 0 0 0 0 0 58 0 0 0 1 0 0 0 1 0 0 0 0 0 0 0 0 0 0 0 2 0 0 0 0 0 0 0 0 0 0 0 0 0 
0 10 0 0 84 1487 0 0 36 0 9 0 0 0 0 0 488 0 0 505 0 0 9364 0 7710 9135 0 0 7709 0 61 125115 0 0 0 11228 269 0 0 0 0 0 0 51 705 0 0 30 0 0 0 0 60 0 0 0 0 0 0 0 65 0 0 46 0 0 1193 0 1380 0 54 0 0 0 915 0 1420 0 62 0 0 0 0 0 0 3 0 0 0 0 0 2 0 0 0 223 0 0 0 13 0 0 0 10 0 8 0 0 0 0 0 0 0 0 0 11 0 0 0 0 0 0 0 0 0 0 0 0 0 
0 11 0 0 60 1522 0 0 39 0 18 0 0 0 0 0 358 0 0 356 0 0 9585 0 8253 7104 0 0 9507 0 56 111506 0 0 0 7042 111 0 0 0 0 0 0 51 492 0 0 18 0 0 0 0 44 0 0 0 0 0 0 0 37 0 0 86 0 0 2483 0 1288 0 74 0 0 0 1932 0 959 0 83 0 0 0 0 0 0 13 0 0 0 0 0 6 0 0 0 385 0 0 0 15 0 0 0 11 0 16 0 0 0 0 0 0 0 0 0 5 0 0 2 0 0 0 0 0 0 4 0 0 0 
0 7 0 0 51 1061 0 0 17 0 4 0 0 0 0 0 313 0 0 201 0 0 4744 0 5462 5591 0 0 6394 0 19 97816 0 0 0 6250 132 0 0 0 0 0 0 32 365 0 0 7 0 0 0 0 35 0 0 0 0 0 0 0 43 0 0 13 0 0 439 0 1395 0 26 0 0 0 340 0 749 0 29 0 0 0 0 0 0 0 0 0 0 0 0 1 0 0 0 42 0 0 0 1 0 0 0 4 0 1 0 0 0 0 0 0 0 0 0 2 0 0 0 0 0 0 0 0 0 1 0 0 0 
0 7 0 0 48 954 0 0 16 0 5 0 0 0 0 0 318 0 0 183 0 0 3795 0 5216 5190 0 0 5862 0 14 84566 0 0 0 5438 119 0 0 0 0 0 0 28 236 0 0 8 0 0 0 0 46 0 0 0 0 0 0 0 36 0 0 17 0 0 646 0 1180 0 29 0 0 0 560 0 714 0 22 0 0 0 0 0 0 2 0 0 0 0 0 1 0 0 0 108 0 0 0 6 0 0 0 7 0 1 0 0 0 0 0 0 0 0 0 2 0 0 0 0 0 0 0 0 0 0 0 0 0 
0 12 0 0 76 1639 0 0 49 0 18 0 0 0 0 0 411 0 0 531 0 0 12037 0 8261 8230 0 0 9713 0 101 123269 0 0 0 8930 164 0 0 0 0 0 0 67 777 0 0 18 0 0 0 0 47 0 0 0 0 0 0 0 52 0 0 79 0 0 2425 0 1522 0 98 0 0 0 1661 0 1136 0 91 0 0 0 0 0 0 9 0 0 0 0 0 20 0 0 0 265 0 0 0 17 0 0 0 7 0 12 0 0 0 0 0 0 0 0 0 9 0 0 1 0 0 0 0 0 0 8 0 0 0 
0 9 0 0 64 1091 0 0 26 0 12 0 0 0 0 0 385 0 0 324 0 0 5460 0 6099 7527 0 0 5879 0 29 80079 0 0 0 6962 182 0 0 0 0 0 0 30 334 0 0 13 0 0 0 0 35 0 0 0 0 0 0 0 42 0 0 51 0 0 1506 0 826 0 59 0 0 0 1223 0 880 0 63 0 0 0 0 0 0 6 0 0 0 0 0 3 0 0 0 169 0 0 0 11 0 0 0 6 0 6 0 0 0 0 0 0 0 0 0 11 0 0 1 0 0 0 0 0 0 2 0 0 0 
0 6 0 0 45 903 0 0 13 0 2 0 0 0 0 0 301 0 0 156 0 0 3449 0 5028 4193 0 0 5853 0 12 74663 0 0 0 5965 127 0 0 0 0 0 0 25 188 0 0 9 0 0 0 0 45 0 0 0 0 0 0 0 35 0 0 8 0 0 360 0 935 0 12 0 0 0 211 0 690 0 13 0 0 0 0 0 0 0 0 0 0 0 0 0 0 0 0 48 0 0 0 1 0 0 0 1 0 0 0 0 0 0 0 0 0 0 0 1 0 0 0 0 0 0 0 0 0 0 0 0 0 
0 5 0 0 36 613 0 0 9 0 1 0 0 0 0 0 214 0 0 111 0 0 1988 0 3451 4115 0 0 4246 0 7 43173 0 0 0 3877 87 0 0 0 0 0 0 11 124 0 0 5 0 0 0 0 20 0 0 0 0 0 0 0 30 0 0 3 0 0 144 0 663 0 4 0 0 0 49 0 476 0 6 0 0 0 0 0 0 0 0 0 0 0 0 0 0 0 0 6 0 0 0 1 0 0 0 1 0 0 0 0 0 0 0 0 0 0 0 1 0 0 0 0 0 0 0 0 0 0 0 0 0 
0 6 0 0 37 1037 0 0 10 0 6 0 0 0 0 0 236 0 0 109 0 0 2764 0 5692 3707 0 0 5533 0 5 100353 0 0 0 5512 94 0 0 0 0 0 0 14 238 0 0 2 0 0 0 0 25 0 0 0 0 0 0 0 22 0 0 14 0 0 1164 0 1221 0 28 0 0 0 702 0 689 0 25 0 0 0 0 0 0 2 0 0 0 0 0 1 0 0 0 193 0 0 0 9 0 0 0 2 0 0 0 0 0 0 0 0 0 0 0 2 0 0 0 0 0 0 0 0 0 2 0 0 0 
0 10 0 0 65 1170 0 0 34 0 11 0 0 0 0 0 386 0 0 379 0 0 7043 0 6331 7236 0 0 6883 0 54 75850 0 0 0 7032 169 0 0 0 0 0 0 41 418 0 0 26 0 0 0 0 28 0 0 0 0 0 0 0 59 0 0 47 0 0 1173 0 893 0 58 0 0 0 1135 0 982 0 50 0 0 0 0 0 0 3 0 0 0 0 0 8 0 0 0 152 0 0 0 2 0 0 0 8 0 5 0 0 0 0 0 0 0 0 0 4 0 0 0 0 0 0 0 0 0 3 0 0 0 
0 7 0 0 57 953 0 0 19 0 2 0 0 0 0 0 308 0 0 247 0 0 4549 0 5291 6098 0 0 6810 0 26 65986 0 0 0 6803 170 0 0 0 0 0 0 40 309 0 0 19 0 0 0 0 44 0 0 0 0 0 0 0 47 0 0 8 0 0 278 0 976 0 9 0 0 0 186 0 815 0 13 0 0 0 0 0 0 0 0 0 0 0 0 1 0 0 0 28 0 0 0 0 0 0 0 3 0 0 0 0 0 0 0 0 0 0 0 1 0 0 0 0 0 0 0 0 0 0 0 0 0 
0 6 0 0 52 837 0 0 15 0 0 0 0 0 0 0 331 0 0 219 0 0 3657 0 4769 5328 0 0 3813 0 20 63013 0 0 0 6206 161 0 0 0 0 0 0 22 254 0 0 12 0 0 0 0 28 0 0 0 0 0 0 0 52 0 0 0 0 0 0 0 659 0 0 0 0 0 0 0 832 0 0 0 0 0 0 0 0 0 0 0 0 0 0 0 0 0 0 0 0 0 0 0 0 0 0 0 0 0 0 0 0 0 0 0 0 0 0 0 0 0 0 0 0 0 0 0 0 0 0 0 0 
0 5 0 0 37 930 0 0 10 0 0 0 0 0 0 0 219 0 0 114 0 0 3141 0 5002 3395 0 0 6015 0 10 93989 0 0 0 6042 101 0 0 0 0 0 0 24 279 0 0 7 0 0 0 0 47 0 0 0 0 0 0 0 26 0 0 0 0 0 0 0 1477 0 0 0 0 0 0 0 667 0 0 0 0 0 0 0 0 0 0 0 0 0 0 0 0 0 0 0 0 0 0 0 0 0 0 0 0 0 0 0 0 0 0 0 0 0 0 0 0 0 0 0 0 0 0 0 0 0 0 0 0 
0 8 0 0 51 1031 0 0 23 0 5 0 0 0 0 0 298 0 0 241 0 0 5586 0 5537 5715 0 0 6674 0 30 80655 0 0 0 5311 110 0 0 0 0 0 0 31 334 0 0 10 0 0 0 0 29 0 0 0 0 0 0 0 44 0 0 22 0 0 482 0 1054 0 29 0 0 0 389 0 708 0 29 0 0 0 0 0 0 1 0 0 0 0 0 3 0 0 0 34 0 0 0 3 0 0 0 0 0 0 0 0 0 0 0 0 0 0 0 4 0 0 0 0 0 0 0 0 0 0 0 0 0 
0 9 0 0 59 1187 0 0 26 0 10 0 0 0 0 0 346 0 0 287 0 0 6106 0 6626 6670 0 0 7590 0 30 84583 0 0 0 6357 137 0 0 0 0 0 0 35 276 0 0 15 0 0 0 0 34 0 0 0 0 0 0 0 52 0 0 40 0 0 1288 0 1155 0 59 0 0 0 1110 0 790 0 55 0 0 0 0 0 0 5 0 0 0 0 0 2 0 0 0 202 0 0 0 8 0 0 0 8 0 5 0 0 0 0 0 0 0 0 0 1 0 0 0 0 0 0 0 0 0 2 0 0 0 
0 13 0 0 96 1968 0 0 63 0 15 0 0 0 0 0 524 0 0 751 0 0 16792 0 9606 10273 0 0 10181 0 151 164735 0 0 0 12382 269 0 0 0 0 0 0 106 1193 0 0 49 0 0 0 0 61 0 0 0 0 0 0 0 61 0 0 107 0 0 1939 0 1888 0 84 0 0 0 1735 0 1572 0 86 0 0 0 0 0 0 8 0 0 0 0 0 12 0 0 0 329 0 0 0 16 0 0 0 19 0 6 0 0 0 0 0 0 0 0 0 16 0 0 0 0 0 0 0 0 0 2 0 0 0 
0 7 0 0 60 807 0 0 17 0 4 0 0 0 0 0 323 0 0 247 0 0 3625 0 4358 6696 0 0 6000 0 18 55966 0 0 0 5969 234 0 0 0 0 0 0 25 223 0 0 17 0 0 0 0 42 0 0 0 0 0 0 0 70 0 0 14 0 0 509 0 778 0 38 0 0 0 152 0 742 0 15 0 0 0 0 0 0 0 0 0 0 0 0 3 0 0 0 42 0 0 0 3 0 0 0 2 0 0 0 0 0 0 0 0 0 0 0 1 0 0 0 0 0 0 0 0 0 0 0 0 0 
0 8 0 0 52 1352 0 0 21 0 9 0 0 0 0 0 298 0 0 242 0 0 5862 0 7146 5468 0 0 7267 0 22 126543 0 0 0 7230 118 0 0 0 0 0 0 25 471 0 0 7 0 0 0 0 47 0 0 0 0 0 0 0 37 0 0 36 0 0 1498 0 1560 0 45 0 0 0 1436 0 892 0 43 0 0 0 0 0 0 2 0 0 0 0 0 2 0 0 0 243 0 0 0 9 0 0 0 4 0 4 0 0 0 0 0 0 0 0 0 6 0 0 1 0 0 0 0 0 0 1 0 0 0 
0 6 0 0 39 824 0 0 13 0 2 0 0 0 0 0 250 0 0 150 0 0 3113 0 4752 4003 0 0 5017 0 13 63370 0 0 0 4446 88 0 0 0 0 0 0 16 203 0 0 4 0 0 0 0 23 0 0 0 0 0 0 0 24 0 0 6 0 0 300 0 793 0 9 0 0 0 176 0 553 0 8 0 0 0 0 0 0 0 0 0 0 0 0 1 0 0 0 55 0 0 0 3 0 0 0 2 0 0 0 0 0 0 0 0 0 0 0 1 0 0 0 0 0 0 0 0 0 0 0 0 0 
0 10 0 0 72 1540 0 0 39 0 8 0 0 0 0 0 432 0 0 485 0 0 10051 0 7860 7816 0 0 8324 0 81 136557 0 0 0 8749 211 0 0 0 0 0 0 61 680 0 0 22 0 0 0 0 51 0 0 0 0 0 0 0 62 0 0 43 0 0 1424 0 1565 0 36 0 0 0 1188 0 1220 0 32 0 0 0 0 0 0 3 0 0 0 0 0 2 0 0 0 231 0 0 0 7 0 0 0 5 0 6 0 0 0 0 0 0 0 0 0 3 0 0 0 0 0 0 0 0 0 2 0 0 0 
0 7 0 0 62 683 0 0 20 0 1 0 0 0 0 0 370 0 0 293 0 0 3600 0 3839 6971 0 0 4560 0 30 39778 0 0 0 4826 200 0 0 0 0 0 0 28 151 0 0 17 0 0 0 0 35 0 0 0 0 0 0 0 63 0 0 5 0 0 72 0 596 0 11 0 0 0 86 0 583 0 6 0 0 0 0 0 0 0 0 0 0 0 0 0 0 0 0 5 0 0 0 2 0 0 0 0 0 0 0 0 0 0 0 0 0 0 0 0 0 0 0 0 0 0 0 0 0 0 0 0 0 
0 8 0 0 59 1075 0 0 22 0 6 0 0 0 0 0 358 0 0 282 0 0 5084 0 6003 6343 0 0 6090 0 26 85188 0 0 0 7060 174 0 0 0 0 0 0 32 352 0 0 11 0 0 0 0 38 0 0 0 0 0 0 0 40 0 0 24 0 0 832 0 936 0 30 0 0 0 602 0 871 0 34 0 0 0 0 0 0 1 0 0 0 0 0 1 0 0 0 136 0 0 0 9 0 0 0 4 0 4 0 0 0 0 0 0 0 0 0 6 0 0 0 0 0 0 0 0 0 0 0 0 0 
0 14 0 0 91 1716 0 0 77 0 15 0 0 0 0 0 531 0 0 842 0 0 16940 0 8675 9101 0 0 10898 0 223 136186 0 0 0 9927 218 0 0 0 0 0 0 102 866 0 0 44 0 0 0 0 72 0 0 0 0 0 0 0 64 0 0 124 0 0 2287 0 2013 0 83 0 0 0 1038 0 1206 0 74 0 0 0 0 0 0 5 0 0 0 0 0 10 0 0 0 200 0 0 0 10 0 0 0 10 0 10 0 0 0 0 0 0 0 0 0 5 0 0 1 0 0 0 0 0 0 3 0 0 0 
0 10 0 0 71 1414 0 0 35 0 10 0 0 0 0 0 425 0 0 409 0 0 8648 0 7550 7180 0 0 8276 0 56 123601 0 0 0 8423 187 0 0 0 0 0 0 61 529 0 0 19 0 0 0 0 52 0 0 0 0 0 0 0 57 0 0 49 0 0 1856 0 1571 0 55 0 0 0 708 0 966 0 57 0 0 0 0 0 0 6 0 0 0 0 0 4 0 0 0 199 0 0 0 17 0 0 0 3 0 4 0 0 0 0 0 0 0 0 0 6 0 0 0 0 0 0 0 0 0 1 0 0 0 
0 7 0 0 51 657 0 0 16 0 5 0 0 0 0 0 321 0 0 203 0 0 2470 0 3959 5731 0 0 3416 0 15 41992 0 0 0 4342 135 0 0 0 0 0 0 13 91 0 0 10 0 0 0 0 26 0 0 0 0 0 0 0 41 0 0 15 0 0 447 0 479 0 28 0 0 0 676 0 491 0 33 0 0 0 0 0 0 1 0 0 0 0 0 3 0 0 0 76 0 0 0 2 0 0 0 4 0 1 0 0 0 0 0 0 0 0 0 3 0 0 0 0 0 0 0 0 0 0 0 0 0 
0 6 0 0 46 1134 0 0 12 0 4 0 0 0 0 0 265 0 0 151 0 0 3719 0 6003 4521 0 0 6643 0 10 114212 0 0 0 7357 126 0 0 0 0 0 0 24 306 0 0 8 0 0 0 0 49 0 0 0 0 0 0 0 38 0 0 11 0 0 778 0 1499 0 20 0 0 0 736 0 955 0 25 0 0 0 0 0 0 1 0 0 0 0 0 1 0 0 0 128 0 0 0 6 0 0 0 4 0 1 0 0 0 0 0 0 0 0 0 2 0 0 0 0 0 0 0 0 0 0 0 0 0 
0 10 0 0 70 1262 0 0 36 0 13 0 0 0 0 0 404 0 0 422 0 0 8102 0 6678 8142 0 0 7399 0 58 91971 0 0 0 7447 191 0 0 0 0 0 0 42 532 0 0 26 0 0 0 0 44 0 0 0 0 0 0 0 53 0 0 76 0 0 1425 0 1219 0 81 0 0 0 1327 0 943 0 67 0 0 0 0 0 0 3 0 0 0 0 0 5 0 0 0 153 0 0 0 12 0 0 0 9 0 10 0 0 0 0 0 0 0 0 0 7 0 0 0 0 0 0 0 0 0 0 0 0 0 
205 11 1133 1981 64 1196 20729 1257 45 8 11 182 266 5797 9324 10356 329 5096 10067 453 7339 128205 8807 224412 5400 5832 209234 208187 5514 2851 91 89049 1380235 61610 176463 6070 139 7128 5766 57 970 1242 1103 52 449 14539 1120 21 444 577 681 1307 38 37 33 55 45 869 980 1702 44 839 1287 66 930 32781 1258 32790 1109 1263 51 1456 837 19985 865 46487 806 880 42 1930 779 6 10 6 6 2 205 62 1 4 2 7 134 105 3592 118 1854 268 233 6 163 119 48 5 183 7 157 130 180 8 5 5 8 103 181 6 231 12 0 1 0 0 0 1 1 1 32 34 9 
0 5 0 0 37 782 0 0 10 0 0 0 0 0 0 0 198 0 0 123 0 0 2721 0 4340 4021 0 0 5768 0 10 64590 0 0 0 4753 101 0 0 0 0 0 0 20 196 0 0 4 0 0 0 0 38 0 0 0 0 0 0 0 28 0 0 0 0 0 0 0 983 0 0 0 0 0 0 0 634 0 0 0 0 0 0 0 0 0 0 0 0 0 0 0 0 0 0 0 0 0 0 0 0 0 0 0 0 0 0 0 0 0 0 0 0 0 0 0 0 0 0 0 0 0 0 0 0 0 0 0 0 
0 10 0 0 72 1645 0 0 35 0 11 0 0 0 0 0 405 0 0 407 0 0 9802 0 8447 7237 0 0 8924 0 56 148040 0 0 0 10180 183 0 0 0 0 0 0 64 725 0 0 22 0 0 0 0 49 0 0 0 0 0 0 0 61 0 0 54 0 0 1624 0 1732 0 63 0 0 0 1660 0 1234 0 67 0 0 0 0 0 0 2 0 0 0 0 0 5 0 0 0 324 0 0 0 14 0 0 0 10 0 11 0 0 0 0 0 0 0 0 0 8 0 0 0 0 0 0 0 0 0 0 0 0 0 
0 9 0 0 68 1233 0 0 29 0 8 0 0 0 0 0 416 0 0 352 0 0 7149 0 6815 6302 0 0 6403 0 43 103860 0 0 0 8356 182 0 0 0 0 0 0 41 332 0 0 26 0 0 0 0 52 0 0 0 0 0 0 0 54 0 0 39 0 0 1098 0 1193 0 57 0 0 0 908 0 966 0 47 0 0 0 0 0 0 2 0 0 0 0 0 2 0 0 0 220 0 0 0 9 0 0 0 6 0 5 0 0 0 0 0 0 0 0 0 4 0 0 0 0 0 0 0 0 0 0 0 0 0 
0 10 0 0 83 1089 0 0 36 0 11 0 0 0 0 0 521 0 0 521 0 0 7203 0 6069 9413 0 0 5577 0 56 63482 0 0 0 8143 270 0 0 0 0 0 0 31 370 0 0 29 0 0 0 0 44 0 0 0 0 0 0 0 72 0 0 69 0 0 941 0 771 0 72 0 0 0 934 0 1130 0 68 0 0 0 0 0 0 4 0 0 0 0 0 1 0 0 0 141 0 0 0 7 0 0 0 7 0 4 0 0 0 0 0 0 0 0 0 10 0 0 0 0 0 0 0 0 0 2 0 0 0 
0 10 0 0 76 1490 0 0 34 0 13 0 0 0 0 0 461 0 0 421 0 0 8693 0 7855 7515 0 0 7458 0 49 131759 0 0 0 10062 225 0 0 0 0 0 0 60 590 0 0 26 0 0 0 0 60 0 0 0 0 0 0 0 54 0 0 64 0 0 1645 0 1456 0 82 0 0 0 1932 0 1172 0 75 0 0 0 0 0 0 4 0 0 0 0 0 9 0 0 0 345 0 0 0 12 0 0 0 11 0 8 0 0 0 0 0 0 0 0 0 7 0 0 0 0 0 0 0 0 0 2 0 0 0 
0 9 0 0 57 1459 0 0 29 0 9 0 0 0 0 0 341 0 0 313 0 0 8142 0 7798 5598 0 0 7898 0 42 130925 0 0 0 7903 128 0 0 0 0 0 0 42 596 0 0 14 0 0 0 0 46 0 0 0 0 0 0 0 31 0 0 46 0 0 1387 0 1577 0 43 0 0 0 1126 0 918 0 40 0 0 0 0 0 0 2 0 0 0 0 0 3 0 0 0 263 0 0 0 11 0 0 0 7 0 5 0 0 0 0 0 0 0 0 0 4 0 0 0 0 0 0 0 0 0 0 0 0 0 
56 9 249 437 59 1103 1528 351 27 2 9 12 64 1189 1396 2636 377 1509 2323 314 2252 44958 5858 16954 6392 5911 53052 12220 5990 844 34 69074 27105 13453 10371 6534 148 1144 1262 6 200 223 52 21 412 1086 256 13 14 266 82 97 37 10 5 12 6 0 298 375 34 62 325 39 235 7815 898 582 826 381 46 60 132 1390 970 2993 828 59 50 325 191 2 2 1 0 1 38 2 0 1 0 2 12 24 240 127 31 57 40 4 0 4 23 4 8 6 39 6 17 0 0 0 0 0 13 6 56 1 1 1 0 0 0 0 0 1 1 12 0 
0 4 0 0 35 585 0 0 4 0 2 0 0 0 0 0 198 0 0 62 0 0 1027 0 3200 3561 0 0 3861 0 0 44630 0 0 0 4060 143 0 0 0 0 0 0 4 70 0 0 2 0 0 0 0 27 0 0 0 0 0 0 0 42 0 0 4 0 0 307 0 607 0 8 0 0 0 185 0 574 0 16 0 0 0 0 0 0 0 0 0 0 0 0 0 0 0 0 43 0 0 0 6 0 0 0 1 0 0 0 0 0 0 0 0 0 0 0 2 0 0 0 0 0 0 0 0 0 0 0 0 0 
0 6 0 0 40 784 0 0 11 0 4 0 0 0 0 0 248 0 0 121 0 0 2784 0 4537 3928 0 0 5180 0 8 59761 0 0 0 4558 93 0 0 0 0 0 0 17 172 0 0 3 0 0 0 0 24 0 0 0 0 0 0 0 26 0 0 9 0 0 463 0 784 0 24 0 0 0 239 0 557 0 21 0 0 0 0 0 0 0 0 0 0 0 0 0 0 0 0 36 0 0 0 3 0 0 0 2 0 2 0 0 0 0 0 0 0 0 0 4 0 0 0 0 0 0 0 0 0 1 0 0 0 
0 4 0 0 26 533 0 0 6 0 0 0 0 0 0 0 165 0 0 63 0 0 1439 0 2976 3239 0 0 3390 0 4 54683 0 0 0 2912 58 0 0 0 0 0 0 7 77 0 0 4 0 0 0 0 22 0 0 0 0 0 0 0 21 0 0 0 0 0 0 0 854 0 0 0 0 0 0 0 407 0 0 0 0 0 0 0 0 0 0 0 0 0 0 0 0 0 0 0 0 0 0 0 0 0 0 0 0 0 0 0 0 0 0 0 0 0 0 0 0 0 0 0 0 0 0 0 0 0 0 0 0 
0 14 0 0 104 1736 0 0 67 0 27 0 0 0 0 0 530 0 0 818 0 0 14529 0 8783 10987 0 0 10831 0 138 128396 0 0 0 10988 318 0 0 0 0 0 0 110 866 0 0 51 0 0 0 0 73 0 0 0 0 0 0 0 88 0 0 191 0 0 3350 0 1431 0 151 0 0 0 2733 0 1497 0 167 0 0 0 0 0 0 21 0 0 0 0 0 16 0 0 0 352 0 0 0 25 0 0 0 16 0 29 0 0 0 0 0 0 0 0 0 17 0 0 2 0 0 0 0 0 0 3 0 0 0 
0 13 0 0 106 1545 0 0 66 0 13 0 0 0 0 0 594 0 0 901 0 0 14028 0 7771 11933 0 0 8522 0 175 106049 0 0 0 11044 347 0 0 0 0 0 0 77 832 0 0 54 0 0 0 0 61 0 0 0 0 0 0 0 91 0 0 99 0 0 1595 0 1206 0 91 0 0 0 1058 0 1698 0 71 0 0 0 0 0 0 7 0 0 0 0 0 5 0 0 0 191 0 0 0 7 0 0 0 6 0 10 0 0 0 0 0 0 0 0 0 21 0 0 0 0 0 0 0 0 0 1 0 0 0 
0 5 0 0 36 392 0 0 9 0 1 0 0 0 0 0 223 0 0 112 0 0 1280 0 2399 5037 0 0 2971 0 7 19405 0 0 0 2532 86 0 0 0 0 0 0 6 40 0 0 5 0 0 0 0 24 0 0 0 0 0 0 0 34 0 0 3 0 0 37 0 376 0 7 0 0 0 149 0 429 0 8 0 0 0 0 0 0 0 0 0 0 0 0 0 0 0 0 8 0 0 0 0 0 0 0 1 0 0 0 0 0 0 0 0 0 0 0 1 0 0 0 0 0 0 0 0 0 0 0 0 0 
0 9 0 0 63 1137 0 0 27 0 10 0 0 0 0 0 349 0 0 325 0 0 5981 0 6248 7066 0 0 8252 0 38 80834 0 0 0 6799 155 0 0 0 0 0 0 38 372 0 0 17 0 0 0 0 49 0 0 0 0 0 0 0 46 0 0 35 0 0 1252 0 1169 0 50 0 0 0 1085 0 948 0 53 0 0 0 0 0 0 3 0 0 0 0 0 4 0 0 0 168 0 0 0 9 0 0 0 8 0 9 0 0 0 0 0 0 0 0 0 7 0 0 1 0 0 0 0 0 0 1 0 0 0 
0 8 0 0 56 884 0 0 23 0 5 0 0 0 0 0 337 0 0 272 0 0 4634 0 5098 6471 0 0 5253 0 32 59102 0 0 0 5251 151 0 0 0 0 0 0 31 246 0 0 19 0 0 0 0 28 0 0 0 0 0 0 0 31 0 0 19 0 0 543 0 791 0 26 0 0 0 388 0 717 0 23 0 0 0 0 0 0 0 0 0 0 0 0 1 0 0 0 51 0 0 0 4 0 0 0 1 0 3 0 0 0 0 0 0 0 0 0 3 0 0 0 0 0 0 0 0 0 1 0 0 0 
0 5 0 0 45 405 0 0 6 0 5 0 0 0 0 0 275 0 0 86 0 0 848 0 2348 5245 0 0 2605 0 2 17385 0 0 0 3375 173 0 0 0 0 0 0 7 36 0 0 3 0 0 0 0 28 0 0 0 0 0 0 0 49 0 0 4 0 0 372 0 273 0 38 0 0 0 373 0 545 0 33 0 0 0 0 0 0 1 0 0 0 0 0 2 0 0 0 56 0 0 0 8 0 0 0 5 0 4 0 0 0 0 0 0 0 0 0 9 0 0 0 0 0 0 0 0 0 0 0 0 0 
0 5 0 0 28 649 0 0 8 0 2 0 0 0 0 0 188 0 0 84 0 0 1804 0 3739 3091 0 0 4841 0 4 56064 0 0 0 2973 57 0 0 0 0 0 0 5 93 0 0 2 0 0 0 0 15 0 0 0 0 0 0 0 13 0 0 6 0 0 330 0 773 0 9 0 0 0 192 0 353 0 6 0 0 0 0 0 0 0 0 0 0 0 0 0 0 0 0 40 0 0 0 2 0 0 0 1 0 0 0 0 0 0 0 0 0 0 0 1 0 0 0 0 0 0 0 0 0 0 0 0 0 
0 4 0 0 31 613 0 0 4 0 2 0 0 0 0 0 206 0 0 54 0 0 1067 0 3524 3592 0 0 3707 0 1 53969 0 0 0 4221 91 0 0 0 0 0 0 6 75 0 0 2 0 0 0 0 21 0 0 0 0 0 0 0 18 0 0 2 0 0 355 0 618 0 12 0 0 0 197 0 639 0 8 0 0 0 0 0 0 0 0 0 0 0 0 0 0 0 0 30 0 0 0 4 0 0 0 2 0 1 0 0 0 0 0 0 0 0 0 2 0 0 0 0 0 0 0 0 0 0 0 0 0 
82 7 1009 492 55 751 3232 436 17 9 5 91 75 4998 4439 3488 314 5065 2175 222 2731 52485 3286 30436 3798 5571 50211 65790 3004 863 19 47963 82200 83297 16876 5425 173 1003 5134 22 400 325 229 8 154 1811 173 17 197 689 1358 522 38 65 36 31 25 768 822 330 52 391 302 15 295 10109 488 5736 385 548 25 392 927 14506 517 4715 748 451 41 331 819 2 4 7 3 3 28 23 3 6 3 1 103 28 586 81 669 26 93 5 71 123 138 3 67 2 65 60 46 8 6 1 7 190 67 4 44 8 0 0 0 2 1 0 0 0 13 3 22 
0 7 0 0 59 638 0 0 16 0 5 0 0 0 0 0 356 0 0 211 0 0 2518 0 3542 6804 0 0 4774 0 17 34741 0 0 0 4970 190 0 0 0 0 0 0 15 135 0 0 13 0 0 0 0 44 0 0 0 0 0 0 0 62 0 0 11 0 0 453 0 574 0 36 0 0 0 421 0 655 0 50 0 0 0 0 0 0 0 0 0 0 0 0 4 0 0 0 71 0 0 0 8 0 0 0 5 0 3 0 0 0 0 0 0 0 0 0 4 0 0 0 0 0 0 0 0 0 0 0 0 0 
0 11 0 0 78 1276 0 0 42 0 14 0 0 0 0 0 403 0 0 497 0 0 8470 0 6947 8739 0 0 9328 0 74 85894 0 0 0 7719 194 0 0 0 0 0 0 56 450 0 0 27 0 0 0 0 60 0 0 0 0 0 0 0 58 0 0 73 0 0 1821 0 1302 0 73 0 0 0 1382 0 1018 0 86 0 0 0 0 0 0 10 0 0 0 0 0 4 0 0 0 241 0 0 0 14 0 0 0 10 0 12 0 0 0 0 0 0 0 0 0 12 0 0 0 0 0 0 0 0 0 1 0 0 0 
0 8 0 0 68 945 0 0 24 0 5 0 0 0 0 0 400 0 0 338 0 0 5090 0 5321 7215 0 0 7198 0 36 63147 0 0 0 6990 217 0 0 0 0 0 0 40 283 0 0 24 0 0 0 0 59 0 0 0 0 0 0 0 54 0 0 21 0 0 501 0 988 0 29 0 0 0 514 0 1045 0 27 0 0 0 0 0 0 0 0 0 0 0 0 2 0 0 0 77 0 0 0 5 0 0 0 7 0 1 0 0 0 0 0 0 0 0 0 3 0 0 0 0 0 0 0 0 0 2 0 0 0 
0 6 0 0 43 734 0 0 13 0 2 0 0 0 0 0 293 0 0 158 0 0 2871 0 4299 4919 0 0 4624 0 13 56121 0 0 0 4790 123 0 0 0 0 0 0 15 187 0 0 8 0 0 0 0 26 0 0 0 0 0 0 0 28 0 0 6 0 0 115 0 583 0 8 0 0 0 222 0 649 0 17 0 0 0 0 0 0 1 0 0 0 0 0 0 0 0 0 36 0 0 0 3 0 0 0 0 0 0 0 0 0 0 0 0 0 0 0 0 0 0 0 0 0 0 0 0 0 0 0 0 0 
0 6 0 0 39 853 0 0 9 0 7 0 0 0 0 0 252 0 0 103 0 0 2238 0 4892 4331 0 0 5995 0 2 68619 0 0 0 4339 96 0 0 0 0 0 0 15 101 0 0 1 0 0 0 0 33 0 0 0 0 0 0 0 27 0 0 15 0 0 921 0 900 0 35 0 0 0 1000 0 607 0 35 0 0 0 0 0 0 1 0 0 0 0 0 2 0 0 0 132 0 0 0 3 0 0 0 5 0 3 0 0 0 0 0 0 0 0 0 5 0 0 1 0 0 0 0 0 0 0 0 0 0 
0 7 0 0 40 858 0 0 16 0 6 0 0 0 0 0 248 0 0 145 0 0 3490 0 4929 3847 0 0 7239 0 14 62859 0 0 0 3866 96 0 0 0 0 0 0 25 185 0 0 11 0 0 0 0 28 0 0 0 0 0 0 0 21 0 0 21 0 0 723 0 1025 0 18 0 0 0 595 0 537 0 23 0 0 0 0 0 0 2 0 0 0 0 0 0 0 0 0 93 0 0 0 6 0 0 0 7 0 1 0 0 0 0 0 0 0 0 0 2 0 0 0 0 0 0 0 0 0 2 0 0 0 
0 8 0 0 58 1123 0 0 20 0 11 0 0 0 0 0 342 0 0 251 0 0 4683 0 6278 6366 0 0 6358 0 21 91846 0 0 0 6301 170 0 0 0 0 0 0 22 246 0 0 22 0 0 0 0 44 0 0 0 0 0 0 0 43 0 0 29 0 0 1713 0 982 0 57 0 0 0 1537 0 991 0 61 0 0 0 0 0 0 10 0 0 0 0 0 5 0 0 0 264 0 0 0 3 0 0 0 2 0 11 0 0 0 0 0 0 0 0 0 5 0 0 0 0 0 0 0 0 0 0 0 0 0 
0 9 0 0 71 1139 0 0 32 0 4 0 0 0 0 0 448 0 0 419 0 0 7228 0 6226 7688 0 0 6792 0 59 82969 0 0 0 8022 212 0 0 0 0 0 0 42 467 0 0 21 0 0 0 0 37 0 0 0 0 0 0 0 53 0 0 22 0 0 531 0 940 0 32 0 0 0 312 0 1042 0 29 0 0 0 0 0 0 1 0 0 0 0 0 1 0 0 0 37 0 0 0 4 0 0 0 1 0 1 0 0 0 0 0 0 0 0 0 5 0 0 0 0 0 0 0 0 0 0 0 0 0 
0 9 0 0 73 1175 0 0 28 0 8 0 0 0 0 0 441 0 0 391 0 0 6617 0 6378 7632 0 0 7363 0 35 99523 0 0 0 8025 233 0 0 0 0 0 0 41 372 0 0 16 0 0 0 0 57 0 0 0 0 0 0 0 52 0 0 42 0 0 1048 0 1387 0 49 0 0 0 698 0 983 0 49 0 0 0 0 0 0 2 0 0 0 0 0 2 0 0 0 125 0 0 0 10 0 0 0 7 0 3 0 0 0 0 0 0 0 0 0 8 0 0 0 0 0 0 0 0 0 0 0 0 0 
0 7 0 0 52 860 0 0 11 0 11 0 0 0 0 0 318 0 0 142 0 0 2522 0 4926 5828 0 0 5087 0 4 59360 0 0 0 5772 152 0 0 0 0 0 0 13 164 0 0 8 0 0 0 0 42 0 0 0 0 0 0 0 36 0 0 18 0 0 1003 0 644 0 53 0 0 0 1242 0 739 0 78 0 0 0 0 0 0 5 0 0 0 0 0 2 0 0 0 168 0 0 0 4 0 0 0 5 0 7 0 0 0 0 0 0 0 0 0 8 0 0 1 0 0 0 0 0 0 3 0 0 0 
0 8 0 0 62 921 0 0 20 0 10 0 0 0 0 0 388 0 0 257 0 0 4002 0 5186 7011 0 0 5229 0 18 65863 0 0 0 6089 174 0 0 0 0 0 0 21 245 0 0 20 0 0 0 0 46 0 0 0 0 0 0 0 54 0 0 34 0 0 908 0 620 0 66 0 0 0 1290 0 841 0 65 0 0 0 0 0 0 2 0 0 0 0 0 6 0 0 0 136 0 0 0 8 0 0 0 5 0 8 0 0 0 0 0 0 0 0 0 4 0 0 0 0 0 0 0 0 0 0 0 0 0 
0 14 0 0 101 1788 0 0 71 0 24 0 0 0 0 0 564 0 0 842 0 0 16005 0 9045 10712 0 0 9831 0 167 134882 0 0 0 10952 272 0 0 0 0 0 0 101 895 0 0 42 0 0 0 0 72 0 0 0 0 0 0 0 66 0 0 190 0 0 2842 0 1531 0 134 0 0 0 2822 0 1382 0 140 0 0 0 0 0 0 11 0 0 0 0 0 16 0 0 0 470 0 0 0 27 0 0 0 18 0 22 0 0 0 0 0 0 0 0 0 24 0 0 1 0 0 0 0 0 0 7 0 0 0 
0 8 0 0 74 1001 0 0 25 0 3 0 0 0 0 0 418 0 0 364 0 0 5612 0 5273 8643 0 0 7210 0 39 71818 0 0 0 8091 261 0 0 0 0 0 0 45 320 0 0 33 0 0 0 0 59 0 0 0 0 0 0 0 68 0 0 16 0 0 258 0 1083 0 21 0 0 0 390 0 1156 0 21 0 0 0 0 0 0 0 0 0 0 0 0 0 0 0 0 31 0 0 0 5 0 0 0 2 0 1 0 0 0 0 0 0 0 0 0 2 0 0 0 0 0 0 0 0 0 0 0 0 0 
0 7 0 0 57 1057 0 0 15 0 7 0 0 0 0 0 339 0 0 207 0 0 3879 0 5713 5751 0 0 6419 0 13 96351 0 0 0 7494 166 0 0 0 0 0 0 25 194 0 0 10 0 0 0 0 47 0 0 0 0 0 0 0 50 0 0 19 0 0 851 0 1200 0 53 0 0 0 904 0 853 0 38 0 0 0 0 0 0 1 0 0 0 0 0 3 0 0 0 214 0 0 0 6 0 0 0 5 0 3 0 0 0 0 0 0 0 0 0 6 0 0 0 0 0 0 0 0 0 1 0 0 0 
0 10 0 0 70 1287 0 0 35 0 10 0 0 0 0 0 424 0 0 391 0 0 7928 0 6813 8002 0 0 9390 0 52 94813 0 0 0 7982 191 0 0 0 0 0 0 55 498 0 0 24 0 0 0 0 51 0 0 0 0 0 0 0 48 0 0 56 0 0 1080 0 1334 0 56 0 0 0 1180 0 1002 0 61 0 0 0 0 0 0 3 0 0 0 0 0 3 0 0 0 169 0 0 0 11 0 0 0 11 0 6 0 0 0 0 0 0 0 0 0 4 0 0 0 0 0 0 0 0 0 0 0 0 0 
0 4 0 0 34 345 0 0 4 0 2 0 0 0 0 0 228 0 0 57 0 0 600 0 2032 3240 0 0 2974 0 1 17039 0 0 0 2651 111 0 0 0 0 0 0 6 14 0 0 1 0 0 0 0 23 0 0 0 0 0 0 0 24 0 0 2 0 0 191 0 349 0 19 0 0 0 173 0 307 0 15 0 0 0 0 0 0 1 0 0 0 0 0 0 0 0 0 17 0 0 0 2 0 0 0 1 0 0 0 0 0 0 0 0 0 0 0 1 0 0 0 0 0 0 0 0 0 0 0 0 0 
0 10 0 0 69 1292 0 0 33 0 15 0 0 0 0 0 382 0 0 372 0 0 7537 0 6761 8053 0 0 10017 0 44 93946 0 0 0 7448 179 0 0 0 0 0 0 50 484 0 0 20 0 0 0 0 50 0 0 0 0 0 0 0 52 0 0 71 0 0 1722 0 1338 0 77 0 0 0 1635 0 1073 0 83 0 0 0 0 0 0 5 0 0 0 0 0 5 0 0 0 233 0 0 0 19 0 0 0 13 0 14 0 0 0 0 0 0 0 0 0 11 0 0 2 0 0 0 0 0 0 5 0 0 0 
0 10 0 0 82 1364 0 0 33 0 14 0 0 0 0 0 441 0 0 432 0 0 7587 0 7038 8856 0 0 6845 0 46 112578 0 0 0 9489 273 0 0 0 0 0 0 57 551 0 0 28 0 0 0 0 50 0 0 0 0 0 0 0 60 0 0 66 0 0 1653 0 1304 0 102 0 0 0 1889 0 1166 0 83 0 0 0 0 0 0 4 0 0 0 0 0 10 0 0 0 325 0 0 0 15 0 0 0 13 0 4 0 0 0 0 0 0 0 0 0 12 0 0 1 0 0 0 0 0 0 5 0 0 0 
0 11 0 0 86 1087 0 0 43 0 12 0 0 0 0 0 522 0 0 574 0 0 7794 0 6068 9914 0 0 7034 0 76 63980 0 0 0 7274 248 0 0 0 0 0 0 48 351 0 0 38 0 0 0 0 46 0 0 0 0 0 0 0 75 0 0 71 0 0 1054 0 780 0 65 0 0 0 1014 0 1118 0 76 0 0 0 0 0 0 4 0 0 0 0 0 5 0 0 0 128 0 0 0 11 0 0 0 7 0 8 0 0 0 0 0 0 0 0 0 10 0 0 1 0 0 0 0 0 0 0 0 0 0 
209 9 1008 1600 66 1030 21560 1238 32 10 6 177 270 6474 6619 10611 329 4733 7653 373 7009 128944 6377 227617 4826 5970 176814 187431 5689 2775 58 73398 1465299 60863 142000 6149 191 4882 4994 53 777 1027 1260 54 422 13416 1021 28 314 918 522 1700 38 59 44 61 34 742 591 822 49 746 1230 36 859 35149 650 32728 1016 1859 37 1187 937 19491 548 44221 833 886 32 1613 734 5 6 6 8 1 200 41 1 3 4 1 119 121 5666 80 1790 217 153 4 119 74 55 3 271 2 177 141 143 4 6 8 5 110 94 2 153 14 0 1 0 1 4 0 0 0 40 43 14 
0 11 0 0 96 1325 0 0 39 0 16 0 0 0 0 0 521 0 0 569 0 0 8593 0 7045 9805 0 0 7449 0 56 85741 0 0 0 9889 337 0 0 0 0 0 0 54 461 0 0 33 0 0 0 0 74 0 0 0 0 0 0 0 96 0 0 76 0 0 1548 0 1031 0 132 0 0 0 1675 0 1343 0 109 0 0 0 0 0 0 6 0 0 0 0 0 8 0 0 0 224 0 0 0 9 0 0 0 16 0 17 0 0 0 0 0 0 0 0 0 9 0 0 0 0 0 0 0 0 0 2 0 0 0 
0 5 0 0 41 577 0 0 6 0 4 0 0 0 0 0 255 0 0 84 0 0 1353 0 3345 4075 0 0 4277 0 1 39290 0 0 0 4423 132 0 0 0 0 0 0 10 67 0 0 4 0 0 0 0 31 0 0 0 0 0 0 0 30 0 0 6 0 0 306 0 555 0 27 0 0 0 395 0 525 0 30 0 0 0 0 0 0 2 0 0 0 0 0 1 0 0 0 53 0 0 0 5 0 0 0 1 0 0 0 0 0 0 0 0 0 0 0 1 0 0 0 0 0 0 0 0 0 0 0 0 0 
0 7 0 0 49 1128 0 0 18 0 3 0 0 0 0 0 288 0 0 193 0 0 4976 0 6092 5175 0 0 7382 0 23 97724 0 0 0 6485 133 0 0 0 0 0 0 44 370 0 0 12 0 0 0 0 32 0 0 0 0 0 0 0 28 0 0 9 0 0 361 0 1219 0 21 0 0 0 530 0 863 0 18 0 0 0 0 0 0 0 0 0 0 0 0 1 0 0 0 66 0 0 0 2 0 0 0 2 0 2 0 0 0 0 0 0 0 0 0 1 0 0 0 0 0 0 0 0 0 0 0 0 0 
0 8 0 0 59 1113 0 0 21 0 7 0 0 0 0 0 342 0 0 267 0 0 4929 0 5900 6527 0 0 7672 0 22 103086 0 0 0 7208 179 0 0 0 0 0 0 25 284 0 0 20 0 0 0 0 52 0 0 0 0 0 0 0 49 0 0 27 0 0 897 0 1352 0 36 0 0 0 1057 0 896 0 32 0 0 0 0 0 0 1 0 0 0 0 0 1 0 0 0 156 0 0 0 8 0 0 0 4 0 4 0 0 0 0 0 0 0 0 0 5 0 0 0 0 0 0 0 0 0 1 0 0 0 
0 6 0 0 57 464 0 0 12 0 3 0 0 0 0 0 334 0 0 192 0 0 1614 0 2631 6757 0 0 3149 0 11 30991 0 0 0 4172 205 0 0 0 0 0 0 6 59 0 0 16 0 0 0 0 25 0 0 0 0 0 0 0 57 0 0 6 0 0 285 0 402 0 19 0 0 0 237 0 578 0 22 0 0 0 0 0 0 3 0 0 0 0 0 0 0 0 0 30 0 0 0 0 0 0 0 1 0 0 0 0 0 0 0 0 0 0 0 7 0 0 0 0 0 0 0 0 0 0 0 0 0 
0 6 0 0 47 549 0 0 13 0 3 0 0 0 0 0 288 0 0 178 0 0 1967 0 3238 4870 0 0 2543 0 13 44375 0 0 0 4034 137 0 0 0 0 0 0 8 50 0 0 8 0 0 0 0 25 0 0 0 0 0 0 0 46 0 0 9 0 0 408 0 374 0 27 0 0 0 562 0 629 0 23 0 0 0 0 0 0 0 0 0 0 0 0 1 0 0 0 55 0 0 0 1 0 0 0 1 0 1 0 0 0 0 0 0 0 0 0 0 0 0 0 0 0 0 0 0 0 0 0 0 0 
0 14 0 0 101 1499 0 0 75 0 17 0 0 0 0 0 525 0 0 900 0 0 14016 0 7605 11339 0 0 10511 0 200 111511 0 0 0 9575 284 0 0 0 0 0 0 94 646 0 0 49 0 0 0 0 58 0 0 0 0 0 0 0 79 0 0 145 0 0 1736 0 1706 0 102 0 0 0 2166 0 1249 0 94 0 0 0 0 0 0 6 0 0 0 0 0 8 0 0 0 222 0 0 0 23 0 0 0 15 0 14 0 0 0 0 0 0 0 0 0 16 0 0 2 0 0 0 0 0 0 1 0 0 0 
0 13 0 0 109 1638 0 0 61 0 17 0 0 0 0 0 576 0 0 844 0 0 13542 0 8396 11594 0 0 9286 0 133 113398 0 0 0 11957 346 0 0 0 0 0 0 90 820 0 0 57 0 0 0 0 67 0 0 0 0 0 0 0 103 0 0 119 0 0 2123 0 1243 0 104 0 0 0 1712 0 1671 0 116 0 0 0 0 0 0 15 0 0 0 0 0 10 0 0 0 270 0 0 0 18 0 0 0 11 0 9 0 0 0 0 0 0 0 0 0 20 0 0 0 0 0 0 0 0 0 0 0 0 0 
4 5 0 19 49 579 6 23 7 0 3 0 1 0 0 177 285 0 92 114 145 2516 1557 61 3339 5048 2154 0 3585 49 3 40356 4 0 27 4902 173 24 0 0 0 12 0 11 91 4 7 5 0 0 0 0 29 0 0 0 0 0 0 12 50 0 6 5 13 155 310 0 473 6 27 0 0 0 210 3 672 0 23 4 0 0 0 0 0 0 0 0 0 0 0 1 0 0 0 22 0 0 0 3 0 0 0 1 0 1 1 0 0 0 0 0 0 0 0 5 0 0 0 0 0 0 0 0 0 0 0 0 0 
0 8 0 0 64 1066 0 0 23 0 6 0 0 0 0 0 375 0 0 312 0 0 5343 0 6118 6931 0 0 6171 0 29 78937 0 0 0 7150 184 0 0 0 0 0 0 30 380 0 0 18 0 0 0 0 32 0 0 0 0 0 0 0 57 0 0 29 0 0 848 0 866 0 43 0 0 0 633 0 880 0 41 0 0 0 0 0 0 1 0 0 0 0 0 2 0 0 0 107 0 0 0 3 0 0 0 0 0 1 0 0 0 0 0 0 0 0 0 3 0 0 0 0 0 0 0 0 0 0 0 0 0 
0 13 0 0 85 1458 0 0 57 0 24 0 0 0 0 0 469 0 0 621 0 0 11881 0 7794 9981 0 0 8374 0 113 107882 0 0 0 8342 211 0 0 0 0 0 0 56 629 0 0 35 0 0 0 0 59 0 0 0 0 0 0 0 57 0 0 143 0 0 2528 0 1369 0 149 0 0 0 1991 0 1175 0 122 0 0 0 0 0 0 13 0 0 0 0 0 12 0 0 0 279 0 0 0 20 0 0 0 15 0 26 0 0 0 0 0 0 0 0 0 17 0 0 0 0 0 0 0 0 0 12 0 0 0 
0 9 0 0 66 1163 0 0 29 0 7 0 0 0 0 0 398 0 0 342 0 0 6800 0 6403 6932 0 0 7492 0 43 85284 0 0 0 7202 196 0 0 0 0 0 0 49 416 0 0 20 0 0 0 0 35 0 0 0 0 0 0 0 50 0 0 33 0 0 778 0 1123 0 52 0 0 0 636 0 939 0 31 0 0 0 0 0 0 2 0 0 0 0 0 2 0 0 0 108 0 0 0 9 0 0 0 7 0 4 0 0 0 0 0 0 0 0 0 5 0 0 0 0 0 0 0 0 0 0 0 0 0 
0 7 0 0 60 898 0 0 16 0 6 0 0 0 0 0 359 0 0 231 0 0 3439 0 4770 6269 0 0 5662 0 17 70374 0 0 0 6780 177 0 0 0 0 0 0 23 231 0 0 14 0 0 0 0 48 0 0 0 0 0 0 0 64 0 0 15 0 0 786 0 1049 0 42 0 0 0 723 0 898 0 39 0 0 0 0 0 0 1 0 0 0 0 0 6 0 0 0 167 0 0 0 9 0 0 0 2 0 1 0 0 0 0 0 0 0 0 0 4 0 0 0 0 0 0 0 0 0 0 0 0 0 
0 7 0 0 60 1167 0 0 17 0 5 0 0 0 0 0 366 0 0 246 0 0 4648 0 6254 6221 0 0 6115 0 17 107674 0 0 0 8616 182 0 0 0 0 0 0 30 427 0 0 11 0 0 0 0 53 0 0 0 0 0 0 0 57 0 0 20 0 0 715 0 1167 0 40 0 0 0 774 0 1037 0 32 0 0 0 0 0 0 1 0 0 0 0 0 1 0 0 0 213 0 0 0 4 0 0 0 3 0 1 0 0 0 0 0 0 0 0 0 4 0 0 0 0 0 0 0 0 0 0 0 0 0 
0 8 0 0 62 959 0 0 18 0 12 0 0 0 0 0 381 0 0 233 0 0 3719 0 5660 6739 0 0 5612 0 15 61074 0 0 0 6524 176 0 0 0 0 0 0 27 222 0 0 14 0 0 0 0 31 0 0 0 0 0 0 0 54 0 0 28 0 0 1343 0 882 0 71 0 0 0 1250 0 829 0 73 0 0 0 0 0 0 5 0 0 0 0 0 2 0 0 0 170 0 0 0 15 0 0 0 12 0 13 0 0 0 0 0 0 0 0 0 6 0 0 1 0 0 0 0 0 0 5 0 0 0 
0 8 0 0 60 1179 0 0 25 0 4 0 0 0 0 0 364 0 0 300 0 0 6361 0 6410 6417 0 0 6538 0 39 100214 0 0 0 8217 170 0 0 0 0 0 0 45 454 0 0 18 0 0 0 0 54 0 0 0 0 0 0 0 56 0 0 21 0 0 492 0 1207 0 28 0 0 0 459 0 1009 0 21 0 0 0 0 0 0 0 0 0 0 0 0 1 0 0 0 118 0 0 0 2 0 0 0 1 0 1 0 0 0 0 0 0 0 0 0 4 0 0 0 0 0 0 0 0 0 0 0 0 0 
0 10 0 0 75 1175 0 0 34 0 13 0 0 0 0 0 460 0 0 426 0 0 7458 0 6515 8311 0 0 7064 0 50 77029 0 0 0 7531 216 0 0 0 0 0 0 35 387 0 0 27 0 0 0 0 62 0 0 0 0 0 0 0 56 0 0 63 0 0 1383 0 964 0 81 0 0 0 1034 0 1034 0 81 0 0 0 0 0 0 2 0 0 0 0 0 6 0 0 0 136 0 0 0 12 0 0 0 6 0 10 0 0 0 0 0 0 0 0 0 9 0 0 0 0 0 0 0 0 0 6 0 0 0 
0 12 0 0 104 1674 0 0 45 0 22 0 0 0 0 0 500 0 0 637 0 0 11510 0 8221 10634 0 0 9396 0 71 149471 0 0 0 12346 343 0 0 0 0 0 0 86 641 0 0 44 0 0 0 0 73 0 0 0 0 0 0 0 97 0 0 99 0 0 2875 0 1911 0 146 0 0 0 2154 0 1477 0 144 0 0 0 0 0 0 11 0 0 0 0 0 19 0 0 0 380 0 0 0 30 0 0 0 18 0 22 0 0 0 0 0 0 0 0 0 25 0 0 2 0 0 0 0 0 0 6 0 0 0 
0 11 0 0 86 1391 0 0 42 0 16 0 0 0 0 0 487 0 0 553 0 0 9236 0 7214 9587 0 0 7863 0 71 108439 0 0 0 9324 243 0 0 0 0 0 0 62 617 0 0 27 0 0 0 0 62 0 0 0 0 0 0 0 75 0 0 89 0 0 2231 0 1421 0 92 0 0 0 1369 0 1292 0 102 0 0 0 0 0 0 7 0 0 0 0 0 11 0 0 0 207 0 0 0 13 0 0 0 8 0 11 0 0 0 0 0 0 0 0 0 19 0 0 0 0 0 0 0 0 0 4 0 0 0 
0 6 0 0 57 934 0 0 11 0 4 0 0 0 0 0 321 0 0 171 0 0 2703 0 5111 6314 0 0 5196 0 8 91061 0 0 0 7404 197 0 0 0 0 0 0 21 141 0 0 20 0 0 0 0 40 0 0 0 0 0 0 0 64 0 0 9 0 0 755 0 1024 0 28 0 0 0 532 0 954 0 22 0 0 0 0 0 0 0 0 0 0 0 0 0 0 0 0 187 0 0 0 7 0 0 0 4 0 2 0 0 0 0 0 0 0 0 0 2 0 0 0 0 0 0 0 0 0 1 0 0 0 
0 11 0 0 82 1413 0 0 49 0 7 0 0 0 0 0 430 0 0 591 0 0 11332 0 7337 9401 0 0 9191 0 114 116910 0 0 0 9196 226 0 0 0 0 0 0 75 693 0 0 46 0 0 0 0 68 0 0 0 0 0 0 0 72 0 0 56 0 0 783 0 1619 0 46 0 0 0 530 0 1268 0 44 0 0 0 0 0 0 0 0 0 0 0 0 1 0 0 0 98 0 0 0 7 0 0 0 2 0 3 0 0 0 0 0 0 0 0 0 6 0 0 0 0 0 0 0 0 0 0 0 0 0 
0 6 0 0 45 764 0 0 11 0 4 0 0 0 0 0 291 0 0 141 0 0 2423 0 4294 4602 0 0 3802 0 7 67363 0 0 0 4799 124 0 0 0 0 0 0 12 151 0 0 7 0 0 0 0 26 0 0 0 0 0 0 0 42 0 0 10 0 0 712 0 939 0 26 0 0 0 209 0 608 0 18 0 0 0 0 0 0 1 0 0 0 0 0 1 0 0 0 78 0 0 0 8 0 0 0 3 0 1 0 0 0 0 0 0 0 0 0 3 0 0 0 0 0 0 0 0 0 0 0 0 0 
0 8 0 0 63 1260 0 0 20 0 8 0 0 0 0 0 370 0 0 249 0 0 5452 0 6603 6596 0 0 7560 0 16 111899 0 0 0 8998 179 0 0 0 0 0 0 45 385 0 0 15 0 0 0 0 55 0 0 0 0 0 0 0 57 0 0 33 0 0 1201 0 1423 0 56 0 0 0 908 0 1105 0 44 0 0 0 0 0 0 1 0 0 0 0 0 1 0 0 0 227 0 0 0 9 0 0 0 5 0 4 0 0 0 0 0 0 0 0 0 7 0 0 0 0 0 0 0 0 0 1 0 0 0 
0 10 0 0 78 1155 0 0 35 0 11 0 0 0 0 0 440 0 0 453 0 0 6861 0 6221 8265 0 0 6338 0 61 89397 0 0 0 8129 250 0 0 0 0 0 0 47 398 0 0 29 0 0 0 0 42 0 0 0 0 0 0 0 81 0 0 46 0 0 1840 0 1028 0 73 0 0 0 609 0 1074 0 63 0 0 0 0 0 0 11 0 0 0 0 0 4 0 0 0 205 0 0 0 18 0 0 0 10 0 2 0 0 0 0 0 0 0 0 0 8 0 0 0 0 0 0 0 0 0 4 0 0 0 
130 9 897 1023 62 951 8300 903 29 6 7 85 138 5690 5653 6275 342 4250 5965 320 5337 103783 5080 100511 4633 6117 102445 104229 4772 2411 44 67357 347430 49324 57569 5499 166 2958 5546 43 490 685 666 39 243 7142 564 24 298 278 698 653 39 30 39 38 37 218 708 622 51 453 766 32 726 19265 940 9784 789 898 37 514 590 9906 717 14600 749 540 41 703 818 5 4 4 0 3 115 22 1 4 2 2 78 48 1473 171 504 142 217 10 16 63 28 2 46 2 110 63 51 2 4 0 0 21 77 3 116 4 0 0 0 1 0 1 0 1 25 20 4 
0 9 0 0 66 935 0 0 30 0 8 0 0 0 0 0 406 0 0 347 0 0 5605 0 5292 7873 0 0 6687 0 48 49416 0 0 0 5782 189 0 0 0 0 0 0 39 254 0 0 26 0 0 0 0 39 0 0 0 0 0 0 0 63 0 0 40 0 0 765 0 746 0 49 0 0 0 753 0 890 0 47 0 0 0 0 0 0 2 0 0 0 0 0 2 0 0 0 155 0 0 0 6 0 0 0 5 0 6 0 0 0 0 0 0 0 0 0 8 0 0 0 0 0 0 0 0 0 0 0 0 0 
0 10 0 0 74 1706 0 0 33 0 15 0 0 0 0 0 391 0 0 386 0 0 9231 0 8501 7866 0 0 9031 0 46 154895 0 0 0 10803 204 0 0 0 0 0 0 66 773 0 0 29 0 0 0 0 51 0 0 0 0 0 0 0 59 0 0 64 0 0 2571 0 1571 0 83 0 0 0 2275 0 1378 0 75 0 0 0 0 0 0 9 0 0 0 0 0 9 0 0 0 463 0 0 0 18 0 0 0 13 0 16 0 0 0 0 0 0 0 0 0 15 0 0 1 0 0 0 0 0 0 2 0 0 0 
0 12 0 0 93 1776 0 0 50 0 17 0 0 0 0 0 490 0 0 619 0 0 12662 0 9075 9401 0 0 9904 0 99 156313 0 0 0 11667 262 0 0 0 0 0 0 105 823 0 0 42 0 0 0 0 76 0 0 0 0 0 0 0 72 0 0 95 0 0 3047 0 1906 0 108 0 0 0 1549 0 1450 0 103 0 0 0 0 0 0 11 0 0 0 0 0 10 0 0 0 395 0 0 0 21 0 0 0 3 0 7 0 0 0 0 0 0 0 0 0 15 0 0 0 0 0 0 0 0 0 8 0 0 0 
0 7 0 0 50 1014 0 0 15 0 6 0 0 0 0 0 298 0 0 156 0 0 3816 0 5377 5552 0 0 6125 0 11 94446 0 0 0 6444 142 0 0 0 0 0 0 37 260 0 0 14 0 0 0 0 45 0 0 0 0 0 0 0 38 0 0 18 0 0 1068 0 1186 0 43 0 0 0 434 0 830 0 23 0 0 0 0 0 0 2 0 0 0 0 0 4 0 0 0 103 0 0 0 11 0 0 0 2 0 0 0 0 0 0 0 0 0 0 0 4 0 0 0 0 0 0 0 0 0 0 0 0 0 
60 7 265 359 62 811 1753 451 14 1 7 17 60 1877 1522 2869 386 1513 2229 221 2963 52039 2947 23302 4291 6238 38863 14588 4202 1265 8 63461 33273 9914 9106 5829 194 617 1536 8 118 309 74 9 168 1501 196 9 13 105 40 35 40 10 6 4 7 20 109 309 63 94 346 20 409 9326 907 908 847 471 40 105 203 917 453 2692 754 107 49 198 162 1 3 0 0 1 61 2 0 1 0 2 14 20 415 100 33 66 15 8 4 4 6 11 17 3 55 6 5 0 1 0 1 2 4 14 33 3 1 0 0 0 0 0 0 0 4 11 0 
0 13 0 0 93 1974 0 0 65 0 16 0 0 0 0 0 509 0 0 774 0 0 17017 0 9557 8978 0 0 10867 0 159 167615 0 0 0 12104 240 0 0 0 0 0 0 104 1230 0 0 43 0 0 0 0 73 0 0 0 0 0 0 0 78 0 0 139 0 0 2376 0 2005 0 96 0 0 0 1936 0 1401 0 84 0 0 0 0 0 0 6 0 0 0 0 0 5 0 0 0 393 0 0 0 15 0 0 0 6 0 10 0 0 0 0 0 0 0 0 0 9 0 0 0 0 0 0 0 0 0 1 0 0 0 
0 11 0 0 92 990 0 0 44 0 13 0 0 0 0 0 529 0 0 629 0 0 7305 0 5760 10906 0 0 5443 0 86 48393 0 0 0 7416 282 0 0 0 0 0 0 41 308 0 0 44 0 0 0 0 42 0 0 0 0 0 0 0 87 0 0 70 0 0 981 0 619 0 85 0 0 0 954 0 1189 0 83 0 0 0 0 0 0 5 0 0 0 0 0 5 0 0 0 138 0 0 0 6 0 0 0 7 0 15 0 0 0 0 0 0 0 0 0 14 0 0 0 0 0 0 0 0 0 3 0 0 0 
0 11 0 0 100 1349 0 0 41 0 15 0 0 0 0 0 502 0 0 590 0 0 9064 0 7042 11247 0 0 8743 0 64 97510 0 0 0 10239 334 0 0 0 0 0 0 70 510 0 0 46 0 0 0 0 70 0 0 0 0 0 0 0 110 0 0 81 0 0 1540 0 1329 0 101 0 0 0 1532 0 1401 0 122 0 0 0 0 0 0 7 0 0 0 0 0 11 0 0 0 208 0 0 0 11 0 0 0 8 0 10 0 0 0 0 0 0 0 0 0 23 0 0 0 0 0 0 0 0 0 1 0 0 0 
0 6 0 0 49 743 0 0 12 0 3 0 0 0 0 0 296 0 0 162 0 0 2770 0 4251 4898 0 0 4553 0 11 51351 0 0 0 4863 149 0 0 0 0 0 0 20 150 0 0 11 0 0 0 0 30 0 0 0 0 0 0 0 50 0 0 6 0 0 304 0 641 0 22 0 0 0 265 0 607 0 15 0 0 0 0 0 0 0 0 0 0 0 0 1 0 0 0 28 0 0 0 6 0 0 0 1 0 2 0 0 0 0 0 0 0 0 0 1 0 0 0 0 0 0 0 0 0 0 0 0 0 
0 13 0 0 94 1461 0 0 55 0 26 0 0 0 0 0 526 0 0 701 0 0 11009 0 7716 10145 0 0 7556 0 98 109535 0 0 0 9161 233 0 0 0 0 0 0 51 657 0 0 29 0 0 0 0 45 0 0 0 0 0 0 0 80 0 0 146 0 0 2771 0 1240 0 153 0 0 0 2222 0 1185 0 161 0 0 0 0 0 0 21 0 0 0 0 0 16 0 0 0 389 0 0 0 20 0 0 0 16 0 24 0 0 0 0 0 0 0 0 0 18 0 0 4 0 0 0 0 0 0 11 0 0 0 
0 9 0 0 71 1318 0 0 27 0 10 0 0 0 0 0 435 0 0 368 0 0 6714 0 6709 7748 0 0 6977 0 36 117618 0 0 0 9116 205 0 0 0 0 0 0 35 547 0 0 23 0 0 0 0 43 0 0 0 0 0 0 0 69 0 0 41 0 0 1330 0 1354 0 62 0 0 0 1248 0 1227 0 63 0 0 0 0 0 0 2 0 0 0 0 0 2 0 0 0 255 0 0 0 6 0 0 0 3 0 4 0 0 0 0 0 0 0 0 0 3 0 0 2 0 0 0 0 0 0 4 0 0 0 
0 9 0 0 76 1268 0 0 30 0 7 0 0 0 0 0 403 0 0 396 0 0 7033 0 6593 8340 0 0 6655 0 47 104504 0 0 0 9207 243 0 0 0 0 0 0 63 502 0 0 30 0 0 0 0 47 0 0 0 0 0 0 0 69 0 0 37 0 0 855 0 1191 0 55 0 0 0 1136 0 1176 0 42 0 0 0 0 0 0 2 0 0 0 0 0 2 0 0 0 246 0 0 0 9 0 0 0 9 0 3 0 0 0 0 0 0 0 0 0 7 0 0 0 0 0 0 0 0 0 0 0 0 0 
0 7 0 0 64 802 0 0 17 0 4 0 0 0 0 0 371 0 0 249 0 0 3354 0 4212 7303 0 0 4599 0 17 63195 0 0 0 6480 218 0 0 0 0 0 0 24 209 0 0 23 0 0 0 0 38 0 0 0 0 0 0 0 78 0 0 16 0 0 675 0 827 0 28 0 0 0 191 0 927 0 36 0 0 0 0 0 0 1 0 0 0 0 0 1 0 0 0 77 0 0 0 6 0 0 0 0 0 0 0 0 0 0 0 0 0 0 0 1 0 0 0 0 0 0 0 0 0 0 0 0 0 
0 9 0 0 74 1167 0 0 33 0 4 0 0 0 0 0 448 0 0 447 0 0 7542 0 6319 7945 0 0 6392 0 64 82977 0 0 0 8302 238 0 0 0 0 0 0 52 508 0 0 29 0 0 0 0 45 0 0 0 0 0 0 0 66 0 0 26 0 0 368 0 932 0 27 0 0 0 398 0 1263 0 28 0 0 0 0 0 0 0 0 0 0 0 0 0 0 0 0 63 0 0 0 2 0 0 0 1 0 1 0 0 0 0 0 0 0 0 0 5 0 0 0 0 0 0 0 0 0 0 0 0 0 
0 11 0 0 88 1602 0 0 45 0 11 0 0 0 0 0 484 0 0 603 0 0 11071 0 7946 8799 0 0 8427 0 86 132703 0 0 0 11440 259 0 0 0 0 0 0 75 889 0 0 30 0 0 0 0 65 0 0 0 0 0 0 0 74 0 0 76 0 0 1427 0 1490 0 79 0 0 0 1401 0 1348 0 60 0 0 0 0 0 0 2 0 0 0 0 0 3 0 0 0 296 0 0 0 9 0 0 0 6 0 6 0 0 0 0 0 0 0 0 0 7 0 0 0 0 0 0 0 0 0 1 0 0 0 
0 8 0 0 65 858 0 0 24 0 4 0 0 0 0 0 411 0 0 319 0 0 4716 0 4839 7777 0 0 5377 0 35 56291 0 0 0 6052 207 0 0 0 0 0 0 29 189 0 0 25 0 0 0 0 40 0 0 0 0 0 0 0 55 0 0 18 0 0 554 0 642 0 26 0 0 0 264 0 860 0 23 0 0 0 0 0 0 1 0 0 0 0 0 0 0 0 0 32 0 0 0 5 0 0 0 3 0 2 0 0 0 0 0 0 0 0 0 3 0 0 0 0 0 0 0 0 0 0 0 0 0 
0 11 0 0 85 1625 0 0 44 0 13 0 0 0 0 0 495 0 0 552 0 0 11293 0 8131 9411 0 0 9136 0 80 142277 0 0 0 11124 251 0 0 0 0 0 0 65 715 0 0 37 0 0 0 0 65 0 0 0 0 0 0 0 71 0 0 89 0 0 2120 0 1663 0 90 0 0 0 1341 0 1463 0 70 0 0 0 0 0 0 1 0 0 0 0 0 4 0 0 0 306 0 0 0 15 0 0 0 8 0 3 0 0 0 0 0 0 0 0 0 11 0 0 1 0 0 0 0 0 0 5 0 0 0 
0 4 0 0 37 329 0 0 5 0 1 0 0 0 0 0 247 0 0 78 0 0 738 0 1947 4768 0 0 1707 0 2 15212 0 0 0 2686 123 0 0 0 0 0 0 2 23 0 0 6 0 0 0 0 17 0 0 0 0 0 0 0 48 0 0 2 0 0 66 0 200 0 9 0 0 0 118 0 380 0 5 0 0 0 0 0 0 0 0 0 0 0 0 0 0 0 0 8 0 0 0 0 0 0 0 1 0 0 0 0 0 0 0 0 0 0 0 2 0 0 0 0 0 0 0 0 0 0 0 0 0 
0 10 0 0 75 1401 0 0 39 0 6 0 0 0 0 0 405 0 0 474 0 0 9716 0 7086 8438 0 0 9149 0 75 118526 0 0 0 9311 208 0 0 0 0 0 0 72 553 0 0 28 0 0 0 0 55 0 0 0 0 0 0 0 69 0 0 42 0 0 755 0 1647 0 27 0 0 0 781 0 1229 0 37 0 0 0 0 0 0 1 0 0 0 0 0 1 0 0 0 92 0 0 0 11 0 0 0 3 0 1 0 0 0 0 0 0 0 0 0 7 0 0 0 0 0 0 0 0 0 0 0 0 0 
0 8 0 0 59 1302 0 0 19 0 12 0 0 0 0 0 342 0 0 226 0 0 5125 0 6750 6501 0 0 6500 0 16 119208 0 0 0 7975 163 0 0 0 0 0 0 32 394 0 0 16 0 0 0 0 43 0 0 0 0 0 0 0 51 0 0 34 0 0 1858 0 1255 0 67 0 0 0 1803 0 1020 0 68 0 0 0 0 0 0 7 0 0 0 0 0 6 0 0 0 395 0 0 0 14 0 0 0 9 0 12 0 0 0 0 0 0 0 0 0 11 0 0 0 0 0 0 0 0 0 0 0 0 0 
0 7 0 0 60 1050 0 0 18 0 3 0 0 0 0 0 363 0 0 262 0 0 4583 0 5722 6468 0 0 6213 0 22 83099 0 0 0 7527 186 0 0 0 0 0 0 30 314 0 0 14 0 0 0 0 46 0 0 0 0 0 0 0 56 0 0 11 0 0 432 0 1002 0 21 0 0 0 481 0 1060 0 19 0 0 0 0 0 0 0 0 0 0 0 0 0 0 0 0 74 0 0 0 1 0 0 0 2 0 2 0 0 0 0 0 0 0 0 0 2 0 0 0 0 0 0 0 0 0 0 0 0 0 
0 8 0 0 58 1214 0 0 23 0 6 0 0 0 0 0 364 0 0 270 0 0 6060 0 6494 5883 0 0 6372 0 28 107237 0 0 0 7512 161 0 0 0 0 0 0 37 448 0 0 18 0 0 0 0 42 0 0 0 0 0 0 0 37 0 0 31 0 0 834 0 1434 0 35 0 0 0 709 0 851 0 36 0 0 0 0 0 0 0 0 0 0 0 0 2 0 0 0 106 0 0 0 7 0 0 0 2 0 1 0 0 0 0 0 0 0 0 0 2 0 0 0 0 0 0 0 0 0 0 0 0 0 
71 11 856 666 68 1222 2420 493 44 6 11 65 109 4517 6914 3582 363 4287 3879 456 2896 58457 9150 28954 5962 7137 72645 51697 6663 1297 83 90344 53035 50931 19459 6689 158 2270 5441 35 692 471 244 43 399 2229 380 17 206 667 579 311 51 28 43 41 29 258 1027 573 52 338 564 68 416 12164 888 3763 1207 599 75 461 752 7234 1049 6258 817 385 49 745 579 7 3 4 2 7 78 28 1 4 2 2 54 61 543 144 294 96 129 9 27 30 90 3 63 2 99 40 88 4 11 1 5 17 84 9 82 10 0 0 0 0 0 2 1 3 23 18 8 
0 8 0 0 60 875 0 0 24 0 4 0 0 0 0 0 369 0 0 304 0 0 4761 0 5007 6164 0 0 5686 0 33 55901 0 0 0 5859 167 0 0 0 0 0 0 30 274 0 0 13 0 0 0 0 34 0 0 0 0 0 0 0 52 0 0 22 0 0 337 0 735 0 32 0 0 0 339 0 703 0 22 0 0 0 0 0 0 0 0 0 0 0 0 0 0 0 0 58 0 0 0 4 0 0 0 1 0 1 0 0 0 0 0 0 0 0 0 3 0 0 0 0 0 0 0 0 0 0 0 0 0 
0 7 0 0 56 1121 0 0 17 0 5 0 0 0 0 0 339 0 0 220 0 0 4596 0 5972 5715 0 0 6096 0 19 101655 0 0 0 7445 168 0 0 0 0 0 0 35 317 0 0 13 0 0 0 0 40 0 0 0 0 0 0 0 54 0 0 15 0 0 768 0 1243 0 29 0 0 0 813 0 832 0 31 0 0 0 0 0 0 1 0 0 0 0 0 2 0 0 0 165 0 0 0 4 0 0 0 2 0 3 0 0 0 0 0 0 0 0 0 5 0 0 0 0 0 0 0 0 0 0 0 0 0 
0 5 0 0 57 517 0 0 9 0 1 0 0 0 0 0 331 0 0 171 0 0 1744 0 3035 6683 0 0 3017 0 7 29248 0 0 0 4899 235 0 0 0 0 0 0 9 65 0 0 15 0 0 0 0 26 0 0 0 0 0 0 0 73 0 0 3 0 0 38 0 441 0 10 0 0 0 122 0 677 0 6 0 0 0 0 0 0 0 0 0 0 0 0 0 0 0 0 12 0 0 0 1 0 0 0 3 0 0 0 0 0 0 0 0 0 0 0 1 0 0 0 0 0 0 0 0 0 0 0 0 0 
0 8 0 0 60 1082 0 0 24 0 4 0 0 0 0 0 337 0 0 282 0 0 5536 0 5605 6186 0 0 6771 0 33 88890 0 0 0 7626 178 0 0 0 0 0 0 45 448 0 0 17 0 0 0 0 48 0 0 0 0 0 0 0 54 0 0 22 0 0 453 0 1188 0 33 0 0 0 396 0 870 0 18 0 0 0 0 0 0 1 0 0 0 0 0 0 0 0 0 124 0 0 0 6 0 0 0 2 0 0 0 0 0 0 0 0 0 0 0 4 0 0 0 0 0 0 0 0 0 0 0 0 0 
0 10 0 0 79 1310 0 0 39 0 6 0 0 0 0 0 466 0 0 517 0 0 9318 0 7087 8268 0 0 7289 0 77 96362 0 0 0 9060 269 0 0 0 0 0 0 56 503 0 0 26 0 0 0 0 54 0 0 0 0 0 0 0 74 0 0 38 0 0 762 0 1054 0 43 0 0 0 493 0 1247 0 47 0 0 0 0 0 0 0 0 0 0 0 0 2 0 0 0 80 0 0 0 6 0 0 0 2 0 3 0 0 0 0 0 0 0 0 0 2 0 0 0 0 0 0 0 0 0 0 0 0 0 
0 10 0 0 75 1009 0 0 33 0 14 0 0 0 0 0 444 0 0 406 0 0 6110 0 5562 8868 0 0 5895 0 45 60290 0 0 0 6620 205 0 0 0 0 0 0 45 364 0 0 27 0 0 0 0 42 0 0 0 0 0 0 0 68 0 0 64 0 0 1291 0 789 0 88 0 0 0 1027 0 986 0 85 0 0 0 0 0 0 6 0 0 0 0 0 6 0 0 0 163 0 0 0 6 0 0 0 6 0 12 0 0 0 0 0 0 0 0 0 16 0 0 0 0 0 0 0 0 0 3 0 0 0 
0 6 0 0 51 1143 0 0 8 0 7 0 0 0 0 0 268 0 0 109 0 0 2501 0 5936 4840 0 0 6297 0 3 125702 0 0 0 7542 183 0 0 0 0 0 0 13 180 0 0 9 0 0 0 0 40 0 0 0 0 0 0 0 61 0 0 7 0 0 1358 0 1684 0 41 0 0 0 1096 0 934 0 49 0 0 0 0 0 0 2 0 0 0 0 0 3 0 0 0 188 0 0 0 16 0 0 0 6 0 4 0 0 0 0 0 0 0 0 0 5 0 0 1 0 0 0 0 0 0 0 0 0 0 
0 9 0 0 74 1296 0 0 27 0 11 0 0 0 0 0 424 0 0 361 0 0 6592 0 6833 8443 0 0 6549 0 34 110889 0 0 0 9043 240 0 0 0 0 0 0 47 394 0 0 26 0 0 0 0 51 0 0 0 0 0 0 0 68 0 0 46 0 0 1705 0 1255 0 65 0 0 0 1405 0 1204 0 62 0 0 0 0 0 0 6 0 0 0 0 0 3 0 0 0 301 0 0 0 8 0 0 0 10 0 6 0 0 0 0 0 0 0 0 0 13 0 0 1 0 0 0 0 0 0 3 0 0 0 
0 13 0 0 92 1680 0 0 56 0 24 0 0 0 0 0 520 0 0 674 0 0 13404 0 8634 10013 0 0 9413 0 116 123456 0 0 0 10166 244 0 0 0 0 0 0 71 746 0 0 40 0 0 0 0 65 0 0 0 0 0 0 0 61 0 0 121 0 0 2635 0 1480 0 136 0 0 0 2357 0 1418 0 122 0 0 0 0 0 0 10 0 0 0 0 0 17 0 0 0 341 0 0 0 26 0 0 0 13 0 32 0 0 0 0 0 0 0 0 0 24 0 0 4 0 0 0 0 0 0 8 0 0 0 
0 5 0 0 41 691 0 0 7 0 3 0 0 0 0 0 263 0 0 94 0 0 1666 0 3887 4592 0 0 3911 0 3 65504 0 0 0 4485 117 0 0 0 0 0 0 12 80 0 0 7 0 0 0 0 32 0 0 0 0 0 0 0 46 0 0 5 0 0 606 0 935 0 19 0 0 0 235 0 562 0 19 0 0 0 0 0 0 1 0 0 0 0 0 0 0 0 0 39 0 0 0 7 0 0 0 1 0 1 0 0 0 0 0 0 0 0 0 1 0 0 0 0 0 0 0 0 0 0 0 0 0 
0 9 0 0 74 1507 0 0 29 0 9 0 0 0 0 0 429 0 0 393 0 0 8006 0 7512 7590 0 0 7878 0 43 137736 0 0 0 10499 236 0 0 0 0 0 0 50 702 0 0 29 0 0 0 0 50 0 0 0 0 0 0 0 60 0 0 43 0 0 1346 0 1633 0 57 0 0 0 1497 0 1171 0 45 0 0 0 0 0 0 3 0 0 0 0 0 3 0 0 0 330 0 0 0 10 0 0 0 11 0 3 0 0 0 0 0 0 0 0 0 7 0 0 1 0 0 0 0 0 0 3 0 0 0 
0 11 0 0 85 1392 0 0 40 0 18 0 0 0 0 0 462 0 0 506 0 0 8839 0 7011 9026 0 0 7262 0 70 104491 0 0 0 9668 250 0 0 0 0 0 0 58 691 0 0 38 0 0 0 0 55 0 0 0 0 0 0 0 76 0 0 67 0 0 1856 0 1351 0 109 0 0 0 1734 0 1164 0 92 0 0 0 0 0 0 7 0 0 0 0 0 17 0 0 0 347 0 0 0 14 0 0 0 6 0 27 0 0 0 0 0 0 0 0 0 22 0 0 1 0 0 0 0 0 0 4 0 0 0 
0 6 0 0 43 791 0 0 12 0 3 0 0 0 0 0 274 0 0 147 0 0 2724 0 4697 4384 0 0 4687 0 10 57130 0 0 0 4798 117 0 0 0 0 0 0 15 212 0 0 6 0 0 0 0 22 0 0 0 0 0 0 0 35 0 0 8 0 0 325 0 763 0 18 0 0 0 373 0 608 0 19 0 0 0 0 0 0 0 0 0 0 0 0 0 0 0 0 50 0 0 0 3 0 0 0 0 0 2 0 0 0 0 0 0 0 0 0 1 0 0 0 0 0 0 0 0 0 0 0 0 0 
0 11 0 0 84 1371 0 0 41 0 16 0 0 0 0 0 489 0 0 518 0 0 8839 0 7584 8743 0 0 6682 0 68 99478 0 0 0 8986 243 0 0 0 0 0 0 56 463 0 0 31 0 0 0 0 49 0 0 0 0 0 0 0 74 0 0 79 0 0 2065 0 888 0 108 0 0 0 1847 0 1235 0 94 0 0 0 0 0 0 9 0 0 0 0 0 7 0 0 0 302 0 0 0 11 0 0 0 8 0 18 0 0 0 0 0 0 0 0 0 10 0 0 0 0 0 0 0 0 0 2 0 0 0 
0 9 0 0 72 1108 0 0 32 0 4 0 0 0 0 0 481 0 0 422 0 0 7074 0 6123 7901 0 0 6863 0 58 79543 0 0 0 7867 225 0 0 0 0 0 0 43 384 0 0 28 0 0 0 0 62 0 0 0 0 0 0 0 54 0 0 24 0 0 458 0 952 0 29 0 0 0 422 0 1098 0 24 0 0 0 0 0 0 1 0 0 0 0 0 0 0 0 0 49 0 0 0 1 0 0 0 6 0 1 0 0 0 0 0 0 0 0 0 3 0 0 0 0 0 0 0 0 0 0 0 0 0 
0 10 0 0 66 1210 0 0 37 0 9 0 0 0 0 0 454 0 0 421 0 0 8208 0 6685 7478 0 0 6834 0 66 85576 0 0 0 7331 170 0 0 0 0 0 0 40 399 0 0 20 0 0 0 0 45 0 0 0 0 0 0 0 38 0 0 50 0 0 1098 0 919 0 52 0 0 0 739 0 982 0 34 0 0 0 0 0 0 1 0 0 0 0 0 5 0 0 0 103 0 0 0 5 0 0 0 8 0 4 0 0 0 0 0 0 0 0 0 4 0 0 0 0 0 0 0 0 0 2 0 0 0 
0 11 0 0 80 1127 0 0 48 0 8 0 0 0 0 0 447 0 0 582 0 0 8676 0 5959 9308 0 0 8532 0 109 71986 0 0 0 6637 216 0 0 0 0 0 0 66 415 0 0 29 0 0 0 0 46 0 0 0 0 0 0 0 67 0 0 57 0 0 887 0 1083 0 44 0 0 0 863 0 959 0 42 0 0 0 0 0 0 1 0 0 0 0 0 2 0 0 0 146 0 0 0 13 0 0 0 7 0 5 0 0 0 0 0 0 0 0 0 8 0 0 0 0 0 0 0 0 0 0 0 0 0 
40 6 478 214 48 775 758 222 12 3 3 23 23 2024 2112 1594 293 2496 982 155 1500 25060 2738 7666 4220 5351 26245 13649 3713 465 9 60074 9165 45861 3642 5231 164 373 3116 13 268 137 41 15 191 340 106 8 2 433 345 78 35 15 19 13 16 403 0 100 33 95 100 10 152 3804 326 617 554 154 26 104 536 4741 291 759 687 154 18 91 378 0 0 1 1 0 11 0 0 2 0 0 17 3 54 60 115 10 0 4 19 16 133 3 15 1 8 23 10 0 0 1 2 74 0 4 8 5 0 0 0 2 0 0 0 0 0 0 2 
86 4 507 319 24 243 3597 648 6 2 0 58 22 3251 1534 1722 159 2782 2067 64 4446 76588 689 47890 1459 2705 18833 34903 2050 1879 4 9427 97941 32543 12400 1118 45 447 3259 9 63 194 255 4 18 3104 156 2 31 61 231 136 17 8 15 5 21 253 130 0 18 321 145 0 614 1704 0 3934 183 105 0 174 465 7494 0 1701 208 346 0 55 500 0 0 1 2 0 19 2 0 2 0 0 43 5 66 0 432 0 5 0 23 24 6 0 6 0 17 53 13 1 4 0 0 40 12 0 0 1 0 0 0 0 0 0 0 0 0 0 8 
138 7 948 893 50 624 9287 855 18 3 3 169 67 5064 5440 5675 285 5064 4633 213 5161 102546 2866 101011 3362 5381 77950 111778 3150 2002 21 36051 407865 48055 55580 4218 132 2143 5237 33 434 681 601 23 143 6758 338 14 285 328 213 353 21 20 10 10 31 963 261 342 38 813 302 13 653 6771 318 19074 399 421 18 1033 577 16275 183 8310 592 939 17 298 781 2 1 0 4 0 34 58 1 0 0 0 166 14 356 35 1736 35 41 1 169 22 41 1 30 1 52 83 53 3 7 7 0 117 34 3 28 2 0 0 0 0 0 0 0 0 4 4 43 
0 13 0 0 87 1192 0 0 69 0 11 0 0 0 0 0 540 0 0 803 0 0 11519 0 6777 8921 0 0 7650 0 196 67180 0 0 0 6891 215 0 0 0 0 0 0 79 520 0 0 28 0 0 0 0 53 0 0 0 0 0 0 0 56 0 0 100 0 0 984 0 935 0 58 0 0 0 853 0 794 0 50 0 0 0 0 0 0 1 0 0 0 0 0 4 0 0 0 121 0 0 0 11 0 0 0 4 0 5 0 0 0 0 0 0 0 0 0 9 0 0 1 0 0 0 0 0 0 1 0 0 0 
0 7 0 0 49 765 0 0 16 0 5 0 0 0 0 0 321 0 0 206 0 0 3260 0 4552 5685 0 0 4259 0 15 48136 0 0 0 4745 119 0 0 0 0 0 0 17 157 0 0 4 0 0 0 0 27 0 0 0 0 0 0 0 37 0 0 16 0 0 342 0 614 0 30 0 0 0 510 0 661 0 27 0 0 0 0 0 0 2 0 0 0 0 0 1 0 0 0 73 0 0 0 3 0 0 0 3 0 0 0 0 0 0 0 0 0 0 0 2 0 0 0 0 0 0 0 0 0 1 0 0 0 
0 6 0 0 51 962 0 0 12 0 3 0 0 0 0 0 302 0 0 157 0 0 3368 0 5078 5782 0 0 5767 0 11 90460 0 0 0 6561 164 0 0 0 0 0 0 32 207 0 0 10 0 0 0 0 43 0 0 0 0 0 0 0 41 0 0 6 0 0 519 0 1196 0 14 0 0 0 280 0 908 0 17 0 0 0 0 0 0 0 0 0 0 0 0 3 0 0 0 101 0 0 0 6 0 0 0 0 0 0 0 0 0 0 0 0 0 0 0 7 0 0 0 0 0 0 0 0 0 0 0 0 0 
0 10 0 0 68 1197 0 0 29 0 17 0 0 0 0 0 428 0 0 336 0 0 6356 0 6663 7145 0 0 6084 0 36 77928 0 0 0 7544 169 0 0 0 0 0 0 30 344 0 0 16 0 0 0 0 32 0 0 0 0 0 0 0 46 0 0 47 0 0 1747 0 898 0 105 0 0 0 1580 0 930 0 96 0 0 0 0 0 0 10 0 0 0 0 0 14 0 0 0 308 0 0 0 14 0 0 0 8 0 19 0 0 0 0 0 0 0 0 0 5 0 0 1 0 0 0 0 0 0 1 0 0 0 
0 7 0 0 64 1182 0 0 16 0 5 0 0 0 0 0 374 0 0 237 0 0 4429 0 6014 6772 0 0 6621 0 15 110514 0 0 0 9449 219 0 0 0 0 0 0 32 432 0 0 18 0 0 0 0 54 0 0 0 0 0 0 0 55 0 0 15 0 0 768 0 1282 0 42 0 0 0 533 0 1106 0 35 0 0 0 0 0 0 2 0 0 0 0 0 3 0 0 0 233 0 0 0 10 0 0 0 1 0 0 0 0 0 0 0 0 0 0 0 1 0 0 0 0 0 0 0 0 0 0 0 0 0 
0 7 0 0 50 674 0 0 18 0 3 0 0 0 0 0 316 0 0 218 0 0 3082 0 3952 5244 0 0 3958 0 21 35394 0 0 0 4408 132 0 0 0 0 0 0 15 175 0 0 9 0 0 0 0 26 0 0 0 0 0 0 0 44 0 0 13 0 0 245 0 452 0 24 0 0 0 213 0 603 0 23 0 0 0 0 0 0 0 0 0 0 0 0 1 0 0 0 70 0 0 0 4 0 0 0 1 0 0 0 0 0 0 0 0 0 0 0 0 0 0 0 0 0 0 0 0 0 0 0 0 0 
0 10 0 0 63 1161 0 0 32 0 15 0 0 0 0 0 395 0 0 339 0 0 6950 0 6515 6852 0 0 7537 0 39 75680 0 0 0 6494 146 0 0 0 0 0 0 38 359 0 0 14 0 0 0 0 39 0 0 0 0 0 0 0 33 0 0 69 0 0 1524 0 1121 0 75 0 0 0 1297 0 839 0 82 0 0 0 0 0 0 5 0 0 0 0 0 9 0 0 0 159 0 0 0 12 0 0 0 10 0 10 0 0 0 0 0 0 0 0 0 9 0 0 1 0 0 0 0 0 0 3 0 0 0 
0 8 0 0 55 1110 0 0 25 0 3 0 0 0 0 0 312 0 0 261 0 0 6090 0 5937 6190 0 0 7252 0 41 78480 0 0 0 6624 134 0 0 0 0 0 0 46 424 0 0 17 0 0 0 0 37 0 0 0 0 0 0 0 42 0 0 12 0 0 337 0 1060 0 21 0 0 0 301 0 921 0 25 0 0 0 0 0 0 0 0 0 0 0 0 3 0 0 0 80 0 0 0 4 0 0 0 0 0 0 0 0 0 0 0 0 0 0 0 1 0 0 0 0 0 0 0 0 0 0 0 0 0 
0 12 0 0 86 1793 0 0 49 0 22 0 0 0 0 0 471 0 0 575 0 0 12264 0 8889 8254 0 0 9499 0 91 150537 0 0 0 11076 228 0 0 0 0 0 0 72 802 0 0 35 0 0 0 0 62 0 0 0 0 0 0 0 59 0 0 125 0 0 3517 0 1743 0 119 0 0 0 2894 0 1277 0 119 0 0 0 0 0 0 17 0 0 0 0 0 8 0 0 0 631 0 0 0 21 0 0 0 13 0 19 0 0 0 0 0 0 0 0 0 15 0 0 4 0 0 0 0 0 0 12 0 0 0 
0 7 0 0 48 875 0 0 18 0 4 0 0 0 0 0 321 0 0 200 0 0 4031 0 4869 5324 0 0 5254 0 21 61768 0 0 0 5200 116 0 0 0 0 0 0 26 257 0 0 14 0 0 0 0 33 0 0 0 0 0 0 0 37 0 0 17 0 0 516 0 811 0 20 0 0 0 267 0 672 0 19 0 0 0 0 0 0 0 0 0 0 0 0 1 0 0 0 51 0 0 0 2 0 0 0 1 0 1 0 0 0 0 0 0 0 0 0 3 0 0 0 0 0 0 0 0 0 0 0 0 0 
0 7 0 0 53 960 0 0 20 0 1 0 0 0 0 0 305 0 0 256 0 0 5033 0 5096 5426 0 0 6922 0 30 87451 0 0 0 6590 130 0 0 0 0 0 0 35 318 0 0 8 0 0 0 0 41 0 0 0 0 0 0 0 53 0 0 5 0 0 23 0 1496 0 8 0 0 0 37 0 785 0 7 0 0 0 0 0 0 0 0 0 0 0 0 0 0 0 0 4 0 0 0 1 0 0 0 0 0 0 0 0 0 0 0 0 0 0 0 0 0 0 0 0 0 0 0 0 0 0 0 0 0 
0 6 0 0 58 779 0 0 8 0 7 0 0 0 0 0 315 0 0 132 0 0 1968 0 4125 5961 0 0 4287 0 2 65474 0 0 0 6759 236 0 0 0 0 0 0 10 93 0 0 9 0 0 0 0 37 0 0 0 0 0 0 0 76 0 0 8 0 0 807 0 828 0 69 0 0 0 649 0 951 0 48 0 0 0 0 0 0 2 0 0 0 0 0 3 0 0 0 134 0 0 0 7 0 0 0 4 0 5 0 0 0 0 0 0 0 0 0 2 0 0 0 0 0 0 0 0 0 0 0 0 0 
0 11 0 0 73 1731 0 0 43 0 17 0 0 0 0 0 408 0 0 483 0 0 11518 0 8843 7468 0 0 9211 0 76 147154 0 0 0 10045 181 0 0 0 0 0 0 55 848 0 0 25 0 0 0 0 56 0 0 0 0 0 0 0 38 0 0 97 0 0 2446 0 1610 0 85 0 0 0 2446 0 1210 0 82 0 0 0 0 0 0 10 0 0 0 0 0 9 0 0 0 461 0 0 0 18 0 0 0 18 0 20 0 0 0 0 0 0 0 0 0 14 0 0 0 0 0 0 0 0 0 2 0 0 0 
0 10 0 0 78 1170 0 0 38 0 8 0 0 0 0 0 464 0 0 493 0 0 7848 0 6390 8261 0 0 7565 0 73 78850 0 0 0 7971 236 0 0 0 0 0 0 55 422 0 0 31 0 0 0 0 47 0 0 0 0 0 0 0 58 0 0 46 0 0 928 0 1067 0 46 0 0 0 904 0 1070 0 48 0 0 0 0 0 0 0 0 0 0 0 0 6 0 0 0 100 0 0 0 9 0 0 0 8 0 3 0 0 0 0 0 0 0 0 0 7 0 0 0 0 0 0 0 0 0 0 0 0 0 
0 11 0 0 76 1320 0 0 48 0 8 0 0 0 0 0 463 0 0 557 0 0 10292 0 7235 7951 0 0 8332 0 107 89242 0 0 0 8003 185 0 0 0 0 0 0 71 548 0 0 28 0 0 0 0 59 0 0 0 0 0 0 0 60 0 0 61 0 0 919 0 1237 0 43 0 0 0 750 0 1036 0 36 0 0 0 0 0 0 0 0 0 0 0 0 2 0 0 0 139 0 0 0 8 0 0 0 6 0 4 0 0 0 0 0 0 0 0 0 5 0 0 0 0 0 0 0 0 0 0 0 0 0 
0 10 0 0 64 1145 0 0 33 0 15 0 0 0 0 0 367 0 0 347 0 0 6862 0 6251 7045 0 0 7841 0 46 70846 0 0 0 6045 166 0 0 0 0 0 0 49 344 0 0 18 0 0 0 0 56 0 0 0 0 0 0 0 49 0 0 66 0 0 1456 0 1029 0 91 0 0 0 1522 0 762 0 61 0 0 0 0 0 0 6 0 0 0 0 0 10 0 0 0 196 0 0 0 4 0 0 0 4 0 16 0 0 0 0 0 0 0 0 0 11 0 0 0 0 0 0 0 0 0 2 0 0 0 
0 7 0 0 52 967 0 0 14 0 8 0 0 0 0 0 311 0 0 167 0 0 3437 0 5598 5169 0 0 5261 0 10 72908 0 0 0 6080 147 0 0 0 0 0 0 18 193 0 0 10 0 0 0 0 30 0 0 0 0 0 0 0 43 0 0 18 0 0 978 0 774 0 60 0 0 0 972 0 743 0 41 0 0 0 0 0 0 5 0 0 0 0 0 2 0 0 0 138 0 0 0 7 0 0 0 9 0 3 0 0 0 0 0 0 0 0 0 8 0 0 0 0 0 0 0 0 0 2 0 0 0 
0 7 0 0 53 1267 0 0 12 0 10 0 0 0 0 0 311 0 0 147 0 0 3562 0 6610 5167 0 0 6511 0 7 133078 0 0 0 8452 146 0 0 0 0 0 0 25 349 0 0 8 0 0 0 0 49 0 0 0 0 0 0 0 40 0 0 15 0 0 1676 0 1468 0 67 0 0 0 1151 0 973 0 56 0 0 0 0 0 0 2 0 0 0 0 0 8 0 0 0 370 0 0 0 11 0 0 0 5 0 3 0 0 0 0 0 0 0 0 0 6 0 0 0 0 0 0 0 0 0 5 0 0 0 
0 6 0 0 40 859 0 0 11 0 6 0 0 0 0 0 249 0 0 118 0 0 2783 0 4952 4482 0 0 4982 0 7 62766 0 0 0 4932 101 0 0 0 0 0 0 17 155 0 0 9 0 0 0 0 19 0 0 0 0 0 0 0 25 0 0 15 0 0 815 0 827 0 31 0 0 0 736 0 628 0 30 0 0 0 0 0 0 1 0 0 0 0 0 2 0 0 0 119 0 0 0 2 0 0 0 2 0 3 0 0 0 0 0 0 0 0 0 4 0 0 0 0 0 0 0 0 0 0 0 0 0 
0 8 0 0 56 919 0 0 25 0 3 0 0 0 0 0 364 0 0 308 0 0 5104 0 5409 5496 0 0 5194 0 39 59621 0 0 0 5941 142 0 0 0 0 0 0 26 307 0 0 9 0 0 0 0 37 0 0 0 0 0 0 0 39 0 0 16 0 0 316 0 757 0 23 0 0 0 292 0 714 0 18 0 0 0 0 0 0 1 0 0 0 0 0 0 0 0 0 45 0 0 0 2 0 0 0 0 0 0 0 0 0 0 0 0 0 0 0 0 0 0 0 0 0 0 0 0 0 0 0 0 0 
0 10 0 0 72 1489 0 0 38 0 9 0 0 0 0 0 403 0 0 471 0 0 9884 0 7853 7305 0 0 8422 0 69 115569 0 0 0 9233 185 0 0 0 0 0 0 56 685 0 0 18 0 0 0 0 60 0 0 0 0 0 0 0 53 0 0 59 0 0 1139 0 1362 0 56 0 0 0 1223 0 1147 0 49 0 0 0 0 0 0 1 0 0 0 0 0 3 0 0 0 198 0 0 0 4 0 0 0 2 0 3 0 0 0 0 0 0 0 0 0 2 0 0 0 0 0 0 0 0 0 2 0 0 0 
0 4 0 0 32 556 0 0 4 0 2 0 0 0 0 0 199 0 0 39 0 0 1026 0 3139 3589 0 0 3454 0 1 41205 0 0 0 3617 95 0 0 0 0 0 0 12 77 0 0 4 0 0 0 0 16 0 0 0 0 0 0 0 29 0 0 2 0 0 162 0 488 0 15 0 0 0 191 0 536 0 18 0 0 0 0 0 0 0 0 0 0 0 0 1 0 0 0 62 0 0 0 4 0 0 0 1 0 0 0 0 0 0 0 0 0 0 0 0 0 0 0 0 0 0 0 0 0 0 0 0 0 
0 5 0 0 30 636 0 0 6 0 5 0 0 0 0 0 210 0 0 65 0 0 1395 0 3565 3615 0 0 3241 0 0 63864 0 0 0 3434 60 0 0 0 0 0 0 6 91 0 0 1 0 0 0 0 18 0 0 0 0 0 0 0 20 0 0 11 0 0 696 0 874 0 28 0 0 0 352 0 414 0 21 0 0 0 0 0 0 0 0 0 0 0 0 0 0 0 0 53 0 0 0 4 0 0 0 3 0 0 0 0 0 0 0 0 0 0 0 1 0 0 0 0 0 0 0 0 0 2 0 0 0 
0 8 0 0 50 1083 0 0 22 0 6 0 0 0 0 0 301 0 0 236 0 0 5275 0 6024 5466 0 0 7416 0 29 76846 0 0 0 5660 112 0 0 0 0 0 0 33 310 0 0 12 0 0 0 0 45 0 0 0 0 0 0 0 36 0 0 18 0 0 689 0 999 0 29 0 0 0 789 0 781 0 25 0 0 0 0 0 0 6 0 0 0 0 0 3 0 0 0 92 0 0 0 5 0 0 0 2 0 0 0 0 0 0 0 0 0 0 0 1 0 0 0 0 0 0 0 0 0 0 0 0 0 
27 7 509 168 43 946 339 158 18 2 4 12 18 3460 2569 955 287 2856 841 179 1042 17828 4519 3562 5052 4626 21893 11430 5335 333 22 73784 2653 32999 1885 5218 96 378 2564 11 308 63 65 27 285 173 104 11 54 365 224 45 27 12 8 11 8 183 253 85 26 53 83 15 105 2669 471 245 920 100 25 65 528 1393 308 387 715 62 18 89 246 0 3 2 1 1 12 0 0 1 1 1 11 1 31 32 20 12 15 3 6 2 48 2 2 1 10 9 5 1 1 3 0 22 6 0 7 0 0 0 0 0 0 0 0 0 1 4 1 
0 9 0 0 69 1199 0 0 28 0 8 0 0 0 0 0 398 0 0 366 0 0 6737 0 6545 6918 0 0 7745 0 40 85661 0 0 0 7681 192 0 0 0 0 0 0 42 397 0 0 13 0 0 0 0 43 0 0 0 0 0 0 0 52 0 0 32 0 0 971 0 1204 0 51 0 0 0 845 0 973 0 51 0 0 0 0 0 0 6 0 0 0 0 0 2 0 0 0 105 0 0 0 5 0 0 0 4 0 4 0 0 0 0 0 0 0 0 0 6 0 0 0 0 0 0 0 0 0 0 0 0 0 
0 9 0 0 58 1308 0 0 33 0 3 0 0 0 0 0 336 0 0 334 0 0 8428 0 6821 6449 0 0 7671 0 64 114556 0 0 0 7342 134 0 0 0 0 0 0 58 523 0 0 19 0 0 0 0 45 0 0 0 0 0 0 0 41 0 0 19 0 0 561 0 1435 0 20 0 0 0 236 0 919 0 13 0 0 0 0 0 0 1 0 0 0 0 0 0 0 0 0 71 0 0 0 5 0 0 0 1 0 0 0 0 0 0 0 0 0 0 0 1 0 0 0 0 0 0 0 0 0 0 0 0 0 
0 7 0 0 55 793 0 0 19 0 2 0 0 0 0 0 356 0 0 253 0 0 3744 0 4343 6339 0 0 5443 0 25 56404 0 0 0 5327 164 0 0 0 0 0 0 27 227 0 0 13 0 0 0 0 35 0 0 0 0 0 0 0 48 0 0 10 0 0 318 0 810 0 13 0 0 0 168 0 676 0 9 0 0 0 0 0 0 0 0 0 0 0 0 0 0 0 0 25 0 0 0 1 0 0 0 2 0 0 0 0 0 0 0 0 0 0 0 1 0 0 0 0 0 0 0 0 0 0 0 0 0 
0 7 0 0 49 1060 0 0 17 0 5 0 0 0 0 0 290 0 0 202 0 0 4343 0 5656 5207 0 0 7068 0 18 97045 0 0 0 6783 122 0 0 0 0 0 0 26 270 0 0 5 0 0 0 0 37 0 0 0 0 0 0 0 34 0 0 17 0 0 968 0 1430 0 30 0 0 0 686 0 767 0 30 0 0 0 0 0 0 2 0 0 0 0 0 1 0 0 0 122 0 0 0 5 0 0 0 4 0 2 0 0 0 0 0 0 0 0 0 5 0 0 0 0 0 0 0 0 0 0 0 0 0 
0 7 0 0 49 1062 0 0 19 0 2 0 0 0 0 0 333 0 0 218 0 0 4880 0 5868 4991 0 0 6455 0 25 84927 0 0 0 6684 124 0 0 0 0 0 0 32 390 0 0 12 0 0 0 0 41 0 0 0 0 0 0 0 31 0 0 10 0 0 258 0 1100 0 12 0 0 0 339 0 842 0 13 0 0 0 0 0 0 0 0 0 0 0 0 0 0 0 0 46 0 0 0 2 0 0 0 1 0 0 0 0 0 0 0 0 0 0 0 0 0 0 0 0 0 0 0 0 0 0 0 0 0 
0 13 0 0 82 2001 0 0 60 0 19 0 0 0 0 0 442 0 0 607 0 0 16234 0 9713 8291 0 0 11137 0 131 170410 0 0 0 11363 188 0 0 0 0 0 0 101 1203 0 0 33 0 0 0 0 67 0 0 0 0 0 0 0 50 0 0 121 0 0 2613 0 2185 0 111 0 0 0 2060 0 1356 0 92 0 0 0 0 0 0 9 0 0 0 0 0 13 0 0 0 429 0 0 0 20 0 0 0 7 0 18 0 0 0 0 0 0 0 0 0 8 0 0 0 0 0 0 0 0 0 5 0 0 0 
0 8 0 0 58 987 0 0 19 0 10 0 0 0 0 0 355 0 0 244 0 0 4208 0 5621 5788 0 0 5734 0 15 64566 0 0 0 6171 150 0 0 0 0 0 0 16 283 0 0 10 0 0 0 0 36 0 0 0 0 0 0 0 42 0 0 31 0 0 1000 0 840 0 60 0 0 0 1064 0 720 0 59 0 0 0 0 0 0 4 0 0 0 0 0 4 0 0 0 146 0 0 0 11 0 0 0 5 0 8 0 0 0 0 0 0 0 0 0 5 0 0 0 0 0 0 0 0 0 0 0 0 0 
0 9 0 0 56 739 0 0 31 0 6 0 0 0 0 0 396 0 0 346 0 0 4771 0 4301 6143 0 0 4421 0 54 42471 0 0 0 4308 136 0 0 0 0 0 0 27 185 0 0 13 0 0 0 0 32 0 0 0 0 0 0 0 33 0 0 30 0 0 521 0 508 0 30 0 0 0 334 0 549 0 23 0 0 0 0 0 0 1 0 0 0 0 0 2 0 0 0 46 0 0 0 2 0 0 0 2 0 4 0 0 0 0 0 0 0 0 0 4 0 0 0 0 0 0 0 0 0 0 0 0 0 
0 6 0 0 52 800 0 0 12 0 3 0 0 0 0 0 313 0 0 168 0 0 2825 0 4350 6074 0 0 5334 0 9 56071 0 0 0 5682 178 0 0 0 0 0 0 33 151 0 0 7 0 0 0 0 35 0 0 0 0 0 0 0 40 0 0 10 0 0 416 0 718 0 14 0 0 0 289 0 825 0 20 0 0 0 0 0 0 0 0 0 0 0 0 1 0 0 0 72 0 0 0 5 0 0 0 0 0 0 0 0 0 0 0 0 0 0 0 6 0 0 0 0 0 0 0 0 0 0 0 0 0 
118 8 481 823 60 1076 6839 737 26 0 2 65 119 3845 2873 5641 331 2581 4167 328 4493 82868 6198 75834 5435 5979 108462 50261 6409 1751 44 77492 259890 20955 41640 6982 167 2327 2991 28 322 548 352 44 371 4627 545 15 72 0 0 0 36 0 0 0 33 150 363 175 51 292 545 12 555 17259 317 6723 1011 755 14 390 469 5410 193 11935 915 404 12 686 329 0 5 0 0 0 115 11 0 0 0 0 53 43 929 24 380 33 48 0 24 0 0 1 0 0 94 67 57 0 0 3 0 12 45 1 26 0 0 0 0 0 0 0 0 0 2 0 4 
0 9 0 0 63 1437 0 0 28 0 9 0 0 0 0 0 337 0 0 290 0 0 7506 0 7187 6915 0 0 8291 0 40 126627 0 0 0 9000 159 0 0 0 0 0 0 56 635 0 0 26 0 0 0 0 52 0 0 0 0 0 0 0 47 0 0 37 0 0 1201 0 1409 0 54 0 0 0 1109 0 1126 0 52 0 0 0 0 0 0 3 0 0 0 0 0 7 0 0 0 318 0 0 0 13 0 0 0 4 0 4 0 0 0 0 0 0 0 0 0 6 0 0 0 0 0 0 0 0 0 0 0 0 0 
0 10 0 0 73 1124 0 0 36 0 11 0 0 0 0 0 411 0 0 441 0 0 7338 0 6286 8334 0 0 6321 0 56 74267 0 0 0 6695 222 0 0 0 0 0 0 32 311 0 0 27 0 0 0 0 34 0 0 0 0 0 0 0 59 0 0 68 0 0 1152 0 963 0 63 0 0 0 1223 0 879 0 60 0 0 0 0 0 0 2 0 0 0 0 0 3 0 0 0 165 0 0 0 8 0 0 0 7 0 7 0 0 0 0 0 0 0 0 0 13 0 0 0 0 0 0 0 0 0 0 0 0 0 
0 7 0 0 51 684 0 0 15 0 8 0 0 0 0 0 322 0 0 200 0 0 2806 0 4011 5383 0 0 3482 0 11 40258 0 0 0 4238 124 0 0 0 0 0 0 10 103 0 0 6 0 0 0 0 23 0 0 0 0 0 0 0 44 0 0 26 0 0 656 0 457 0 44 0 0 0 686 0 548 0 40 0 0 0 0 0 0 1 0 0 0 0 0 3 0 0 0 70 0 0 0 6 0 0 0 4 0 2 0 0 0 0 0 0 0 0 0 9 0 0 0 0 0 0 0 0 0 2 0 0 0 
0 11 0 0 87 1596 0 0 42 0 15 0 0 0 0 0 446 0 0 570 0 0 10584 0 8189 9256 0 0 8504 0 69 123133 0 0 0 10629 305 0 0 0 0 0 0 60 744 0 0 40 0 0 0 0 76 0 0 0 0 0 0 0 91 0 0 90 0 0 2064 0 1213 0 112 0 0 0 2004 0 1522 0 73 0 0 0 0 0 0 2 0 0 0 0 0 7 0 0 0 252 0 0 0 5 0 0 0 6 0 10 0 0 0 0 0 0 0 0 0 5 0 0 1 0 0 0 0 0 0 4 0 0 0 
0 6 0 0 51 706 0 0 12 0 3 0 0 0 0 0 299 0 0 160 0 0 2522 0 4333 5595 0 0 4380 0 9 45039 0 0 0 4985 162 0 0 0 0 0 0 18 116 0 0 16 0 0 0 0 27 0 0 0 0 0 0 0 44 0 0 10 0 0 356 0 601 0 20 0 0 0 301 0 563 0 25 0 0 0 0 0 0 0 0 0 0 0 0 1 0 0 0 51 0 0 0 5 0 0 0 0 0 0 0 0 0 0 0 0 0 0 0 1 0 0 0 0 0 0 0 0 0 0 0 0 0 
0 10 0 0 68 1452 0 0 36 0 9 0 0 0 0 0 392 0 0 408 0 0 8872 0 7439 6965 0 0 8301 0 65 128894 0 0 0 8559 171 0 0 0 0 0 0 54 616 0 0 20 0 0 0 0 48 0 0 0 0 0 0 0 46 0 0 39 0 0 1600 0 1560 0 54 0 0 0 764 0 1094 0 44 0 0 0 0 0 0 3 0 0 0 0 0 7 0 0 0 275 0 0 0 14 0 0 0 4 0 5 0 0 0 0 0 0 0 0 0 4 0 0 0 0 0 0 0 0 0 1 0 0 0 
0 8 0 0 50 835 0 0 23 0 6 0 0 0 0 0 310 0 0 248 0 0 4296 0 4794 5227 0 0 5860 0 31 49772 0 0 0 4505 120 0 0 0 0 0 0 19 226 0 0 13 0 0 0 0 24 0 0 0 0 0 0 0 29 0 0 24 0 0 712 0 826 0 25 0 0 0 507 0 545 0 28 0 0 0 0 0 0 2 0 0 0 0 0 2 0 0 0 70 0 0 0 6 0 0 0 3 0 3 0 0 0 0 0 0 0 0 0 6 0 0 0 0 0 0 0 0 0 0 0 0 0 
0 11 0 0 71 1124 0 0 47 0 10 0 0 0 0 0 451 0 0 529 0 0 8708 0 6304 7944 0 0 7822 0 101 74133 0 0 0 5915 181 0 0 0 0 0 0 44 358 0 0 22 0 0 0 0 45 0 0 0 0 0 0 0 46 0 0 70 0 0 930 0 1056 0 64 0 0 0 1032 0 766 0 46 0 0 0 0 0 0 3 0 0 0 0 0 4 0 0 0 125 0 0 0 7 0 0 0 8 0 5 0 0 0 0 0 0 0 0 0 3 0 0 0 0 0 0 0 0 0 0 0 0 0 
157 7 1119 967 35 915 12085 937 17 6 5 162 124 6519 5616 4405 221 5611 4788 145 5662 101994 3852 128892 4780 2952 125002 150822 5421 2070 16 59959 609363 76992 65548 4274 74 2071 5318 26 702 400 761 17 298 7380 691 6 413 660 344 773 26 16 29 21 45 971 695 623 11 711 608 22 659 16042 536 21888 786 569 21 808 1227 21054 504 16858 435 785 13 522 723 2 6 2 2 0 107 53 2 3 2 1 123 40 1056 100 1413 64 112 3 133 50 59 4 88 1 62 129 93 4 2 5 6 50 105 1 68 16 0 0 0 0 0 0 0 0 18 17 15 
0 6 0 0 44 637 0 0 13 0 3 0 0 0 0 0 302 0 0 163 0 0 2510 0 3754 4135 0 0 3999 0 12 38799 0 0 0 4127 110 0 0 0 0 0 0 15 166 0 0 7 0 0 0 0 35 0 0 0 0 0 0 0 37 0 0 12 0 0 255 0 634 0 18 0 0 0 205 0 487 0 16 0 0 0 0 0 0 0 0 0 0 0 0 0 0 0 0 35 0 0 0 2 0 0 0 1 0 0 0 0 0 0 0 0 0 0 0 2 0 0 0 0 0 0 0 0 0 0 0 0 0 
0 6 0 0 44 510 0 0 10 0 6 0 0 0 0 0 269 0 0 129 0 0 1528 0 3026 5050 0 0 4189 0 5 26025 0 0 0 3359 113 0 0 0 0 0 0 9 59 0 0 5 0 0 0 0 27 0 0 0 0 0 0 0 39 0 0 13 0 0 492 0 495 0 38 0 0 0 465 0 337 0 38 0 0 0 0 0 0 1 0 0 0 0 0 2 0 0 0 46 0 0 0 5 0 0 0 3 0 3 0 0 0 0 0 0 0 0 0 0 0 0 0 0 0 0 0 0 0 0 0 0 0 
0 7 0 0 52 1215 0 0 16 0 6 0 0 0 0 0 295 0 0 183 0 0 4650 0 6379 5740 0 0 6282 0 13 114432 0 0 0 7985 155 0 0 0 0 0 0 31 448 0 0 17 0 0 0 0 39 0 0 0 0 0 0 0 36 0 0 24 0 0 766 0 1257 0 42 0 0 0 875 0 919 0 32 0 0 0 0 0 0 0 0 0 0 0 0 1 0 0 0 202 0 0 0 4 0 0 0 4 0 0 0 0 0 0 0 0 0 0 0 2 0 0 0 0 0 0 0 0 0 2 0 0 0 
0 5 0 0 48 557 0 0 8 0 3 0 0 0 0 0 298 0 0 143 0 0 1542 0 3174 4963 0 0 2710 0 5 31825 0 0 0 4569 210 0 0 0 0 0 0 6 83 0 0 9 0 0 0 0 24 0 0 0 0 0 0 0 53 0 0 6 0 0 341 0 377 0 17 0 0 0 350 0 602 0 14 0 0 0 0 0 0 0 0 0 0 0 0 1 0 0 0 37 0 0 0 1 0 0 0 1 0 1 0 0 0 0 0 0 0 0 0 2 0 0 0 0 0 0 0 0 0 0 0 0 0 
0 5 0 0 33 559 0 0 6 0 5 0 0 0 0 0 229 0 0 70 0 0 1208 0 3436 3304 0 0 3089 0 0 34677 0 0 0 3241 84 0 0 0 0 0 0 7 69 0 0 3 0 0 0 0 15 0 0 0 0 0 0 0 17 0 0 11 0 0 558 0 450 0 28 0 0 0 407 0 346 0 25 0 0 0 0 0 0 0 0 0 0 0 0 0 0 0 0 56 0 0 0 4 0 0 0 3 0 0 0 0 0 0 0 0 0 0 0 1 0 0 0 0 0 0 0 0 0 2 0 0 0 
0 6 0 0 44 539 0 0 11 0 6 0 0 0 0 0 292 0 0 144 0 0 1623 0 3211 5142 0 0 3142 0 8 25593 0 0 0 3273 130 0 0 0 0 0 0 12 102 0 0 9 0 0 0 0 26 0 0 0 0 0 0 0 30 0 0 11 0 0 584 0 421 0 27 0 0 0 599 0 429 0 28 0 0 0 0 0 0 2 0 0 0 0 0 3 0 0 0 61 0 0 0 2 0 0 0 1 0 5 0 0 0 0 0 0 0 0 0 6 0 0 0 0 0 0 0 0 0 0 0 0 0 
0 12 0 0 80 1970 0 0 51 0 16 0 0 0 0 0 425 0 0 555 0 0 14105 0 9488 7540 0 0 10100 0 101 187380 0 0 0 12233 208 0 0 0 0 0 0 86 1181 0 0 22 0 0 0 0 63 0 0 0 0 0 0 0 45 0 0 96 0 0 2581 0 2079 0 104 0 0 0 1761 0 1379 0 79 0 0 0 0 0 0 6 0 0 0 0 0 10 0 0 0 521 0 0 0 20 0 0 0 7 0 12 0 0 0 0 0 0 0 0 0 7 0 0 0 0 0 0 0 0 0 5 0 0 0 
0 8 0 0 53 1183 0 0 22 0 6 0 0 0 0 0 303 0 0 250 0 0 5684 0 6056 5227 0 0 8192 0 27 106554 0 0 0 7263 127 0 0 0 0 0 0 41 440 0 0 8 0 0 0 0 40 0 0 0 0 0 0 0 42 0 0 23 0 0 749 0 1629 0 31 0 0 0 724 0 818 0 26 0 0 0 0 0 0 1 0 0 0 0 0 1 0 0 0 105 0 0 0 7 0 0 0 3 0 3 0 0 0 0 0 0 0 0 0 1 0 0 0 0 0 0 0 0 0 1 0 0 0 
0 12 0 0 78 1818 0 0 53 0 14 0 0 0 0 0 407 0 0 542 0 0 13711 0 8667 8343 0 0 11450 0 112 155762 0 0 0 10218 190 0 0 0 0 0 0 92 1105 0 0 34 0 0 0 0 66 0 0 0 0 0 0 0 57 0 0 95 0 0 2217 0 2034 0 78 0 0 0 1388 0 1231 0 72 0 0 0 0 0 0 5 0 0 0 0 0 11 0 0 0 356 0 0 0 15 0 0 0 8 0 5 0 0 0 0 0 0 0 0 0 5 0 0 0 0 0 0 0 0 0 2 0 0 0 
0 11 0 0 72 1513 0 0 43 0 14 0 0 0 0 0 412 0 0 464 0 0 10478 0 7828 8606 0 0 8305 0 73 118455 0 0 0 8523 168 0 0 0 0 0 0 65 610 0 0 31 0 0 0 0 51 0 0 0 0 0 0 0 61 0 0 90 0 0 1590 0 1481 0 68 0 0 0 1980 0 1196 0 70 0 0 0 0 0 0 4 0 0 0 0 0 6 0 0 0 220 0 0 0 9 0 0 0 6 0 7 0 0 0 0 0 0 0 0 0 7 0 0 0 0 0 0 0 0 0 3 0 0 0 
0 5 0 0 33 640 0 0 8 0 2 0 0 0 0 0 192 0 0 73 0 0 1824 0 3822 3194 0 0 4209 0 5 44447 0 0 0 3650 86 0 0 0 0 0 0 15 109 0 0 8 0 0 0 0 20 0 0 0 0 0 0 0 18 0 0 4 0 0 294 0 663 0 10 0 0 0 146 0 413 0 16 0 0 0 0 0 0 0 0 0 0 0 0 1 0 0 0 32 0 0 0 3 0 0 0 0 0 0 0 0 0 0 0 0 0 0 0 2 0 0 0 0 0 0 0 0 0 0 0 0 0 
0 8 0 0 59 722 0 0 24 0 5 0 0 0 0 0 361 0 0 327 0 0 3876 0 4289 6056 0 0 4443 0 36 38854 0 0 0 4589 146 0 0 0 0 0 0 15 138 0 0 9 0 0 0 0 32 0 0 0 0 0 0 0 55 0 0 20 0 0 555 0 628 0 29 0 0 0 439 0 550 0 32 0 0 0 0 0 0 2 0 0 0 0 0 1 0 0 0 68 0 0 0 6 0 0 0 3 0 3 0 0 0 0 0 0 0 0 0 0 0 0 0 0 0 0 0 0 0 0 0 0 0 
0 9 0 0 70 1337 0 0 26 0 11 0 0 0 0 0 390 0 0 334 0 0 6808 0 6969 7550 0 0 7096 0 29 109508 0 0 0 9377 200 0 0 0 0 0 0 34 432 0 0 20 0 0 0 0 50 0 0 0 0 0 0 0 59 0 0 46 0 0 1701 0 1428 0 75 0 0 0 1232 0 1127 0 58 0 0 0 0 0 0 3 0 0 0 0 0 3 0 0 0 220 0 0 0 15 0 0 0 6 0 7 0 0 0 0 0 0 0 0 0 9 0 0 1 0 0 0 0 0 0 2 0 0 0 
0 8 0 0 70 1221 0 0 22 0 6 0 0 0 0 0 407 0 0 325 0 0 5623 0 6252 7477 0 0 6289 0 26 111557 0 0 0 9314 231 0 0 0 0 0 0 29 433 0 0 20 0 0 0 0 45 0 0 0 0 0 0 0 56 0 0 24 0 0 837 0 1244 0 48 0 0 0 698 0 1124 0 43 0 0 0 0 0 0 2 0 0 0 0 0 3 0 0 0 246 0 0 0 11 0 0 0 1 0 1 0 0 0 0 0 0 0 0 0 1 0 0 0 0 0 0 0 0 0 0 0 0 0 
0 8 0 0 49 976 0 0 23 0 5 0 0 0 0 0 305 0 0 248 0 0 5043 0 5502 4595 0 0 6436 0 30 64871 0 0 0 5425 110 0 0 0 0 0 0 28 363 0 0 4 0 0 0 0 33 0 0 0 0 0 0 0 27 0 0 23 0 0 530 0 933 0 24 0 0 0 392 0 622 0 25 0 0 0 0 0 0 2 0 0 0 0 0 0 0 0 0 60 0 0 0 2 0 0 0 2 0 0 0 0 0 0 0 0 0 0 0 4 0 0 0 0 0 0 0 0 0 1 0 0 0 
0 7 0 0 48 1021 0 0 14 0 7 0 0 0 0 0 292 0 0 154 0 0 3443 0 5603 5409 0 0 5716 0 9 87703 0 0 0 5954 120 0 0 0 0 0 0 25 221 0 0 8 0 0 0 0 34 0 0 0 0 0 0 0 40 0 0 18 0 0 1158 0 1091 0 41 0 0 0 663 0 813 0 35 0 0 0 0 0 0 3 0 0 0 0 0 3 0 0 0 195 0 0 0 10 0 0 0 5 0 1 0 0 0 0 0 0 0 0 0 4 0 0 0 0 0 0 0 0 0 1 0 0 0 
0 8 0 0 66 1087 0 0 20 0 8 0 0 0 0 0 393 0 0 277 0 0 4837 0 5520 7299 0 0 6917 0 19 92615 0 0 0 7070 210 0 0 0 0 0 0 41 262 0 0 13 0 0 0 0 48 0 0 0 0 0 0 0 50 0 0 28 0 0 888 0 1272 0 44 0 0 0 972 0 996 0 46 0 0 0 0 0 0 2 0 0 0 0 0 5 0 0 0 173 0 0 0 11 0 0 0 6 0 0 0 0 0 0 0 0 0 0 0 9 0 0 0 0 0 0 0 0 0 2 0 0 0 
0 10 0 0 75 1240 0 0 39 0 7 0 0 0 0 0 481 0 0 483 0 0 8490 0 6320 7625 0 0 7864 0 75 102992 0 0 0 8397 228 0 0 0 0 0 0 55 495 0 0 26 0 0 0 0 57 0 0 0 0 0 0 0 48 0 0 49 0 0 972 0 1444 0 51 0 0 0 806 0 894 0 43 0 0 0 0 0 0 1 0 0 0 0 0 2 0 0 0 146 0 0 0 5 0 0 0 4 0 1 0 0 0 0 0 0 0 0 0 4 0 0 0 0 0 0 0 0 0 0 0 0 0 
0 4 0 0 29 598 0 0 6 0 0 0 0 0 0 0 189 0 0 66 0 0 1511 0 3368 2922 0 0 4363 0 4 47105 0 0 0 3669 78 0 0 0 0 0 0 15 136 0 0 3 0 0 0 0 26 0 0 0 0 0 0 0 20 0 0 0 0 0 0 0 678 0 0 0 0 0 0 0 431 0 0 0 0 0 0 0 0 0 0 0 0 0 0 0 0 0 0 0 0 0 0 0 0 0 0 0 0 0 0 0 0 0 0 0 0 0 0 0 0 0 0 0 0 0 0 0 0 0 0 0 0 
0 7 0 0 39 752 0 0 13 0 10 0 0 0 0 0 254 0 0 133 0 0 2581 0 4182 4661 0 0 4404 0 4 67853 0 0 0 3963 80 0 0 0 0 0 0 11 137 0 0 2 0 0 0 0 20 0 0 0 0 0 0 0 16 0 0 29 0 0 1281 0 988 0 50 0 0 0 646 0 479 0 44 0 0 0 0 0 0 3 0 0 0 0 0 3 0 0 0 59 0 0 0 5 0 0 0 3 0 4 0 0 0 0 0 0 0 0 0 4 0 0 0 0 0 0 0 0 0 3 0 0 0 
0 5 0 0 39 706 0 0 6 0 4 0 0 0 0 0 251 0 0 79 0 0 1408 0 3893 4367 0 0 4495 0 1 66341 0 0 0 5108 113 0 0 0 0 0 0 7 104 0 0 7 0 0 0 0 35 0 0 0 0 0 0 0 31 0 0 6 0 0 564 0 962 0 27 0 0 0 505 0 574 0 26 0 0 0 0 0 0 0 0 0 0 0 0 0 0 0 0 64 0 0 0 6 0 0 0 1 0 3 0 0 0 0 0 0 0 0 0 0 0 0 0 0 0 0 0 0 0 0 0 0 0 
0 10 0 0 73 1134 0 0 38 0 7 0 0 0 0 0 424 0 0 471 0 0 7848 0 6171 7772 0 0 6228 0 70 70772 0 0 0 6869 208 0 0 0 0 0 0 41 405 0 0 27 0 0 0 0 32 0 0 0 0 0 0 0 60 0 0 44 0 0 729 0 780 0 35 0 0 0 548 0 970 0 46 0 0 0 0 0 0 2 0 0 0 0 0 1 0 0 0 114 0 0 0 9 0 0 0 2 0 3 0 0 0 0 0 0 0 0 0 3 0 0 0 0 0 0 0 0 0 0 0 0 0 
0 11 0 0 67 1546 0 0 41 0 14 0 0 0 0 0 377 0 0 419 0 0 10287 0 8133 7024 0 0 9655 0 64 120751 0 0 0 8459 155 0 0 0 0 0 0 67 670 0 0 16 0 0 0 0 45 0 0 0 0 0 0 0 42 0 0 78 0 0 1820 0 1521 0 79 0 0 0 1396 0 1102 0 62 0 0 0 0 0 0 6 0 0 0 0 0 9 0 0 0 281 0 0 0 10 0 0 0 8 0 6 0 0 0 0 0 0 0 0 0 5 0 0 0 0 0 0 0 0 0 2 0 0 0 
0 6 0 0 47 768 0 0 10 0 5 0 0 0 0 0 265 0 0 136 0 0 2416 0 4404 5037 0 0 5422 0 3 59613 0 0 0 4594 146 0 0 0 0 0 0 13 107 0 0 3 0 0 0 0 33 0 0 0 0 0 0 0 41 0 0 15 0 0 547 0 890 0 34 0 0 0 456 0 634 0 23 0 0 0 0 0 0 1 0 0 0 0 0 0 0 0 0 95 0 0 0 5 0 0 0 6 0 0 0 0 0 0 0 0 0 0 0 7 0 0 0 0 0 0 0 0 0 1 0 0 0 
0 5 0 0 23 466 0 0 7 0 3 0 0 0 0 0 157 0 0 56 0 0 1052 0 2814 2676 0 0 4439 0 3 32061 0 0 0 1623 35 0 0 0 0 0 0 10 39 0 0 1 0 0 0 0 20 0 0 0 0 0 0 0 10 0 0 5 0 0 382 0 554 0 11 0 0 0 283 0 247 0 13 0 0 0 0 0 0 0 0 0 0 0 0 0 0 0 0 30 0 0 0 0 0 0 0 0 0 2 0 0 0 0 0 0 0 0 0 0 0 0 0 0 0 0 0 0 0 0 0 0 0 
0 6 0 0 37 922 0 0 13 0 2 0 0 0 0 0 227 0 0 129 0 0 3496 0 4896 3689 0 0 5912 0 12 90178 0 0 0 5326 80 0 0 0 0 0 0 20 246 0 0 5 0 0 0 0 26 0 0 0 0 0 0 0 26 0 0 8 0 0 248 0 1279 0 12 0 0 0 263 0 662 0 12 0 0 0 0 0 0 0 0 0 0 0 0 0 0 0 0 48 0 0 0 1 0 0 0 0 0 0 0 0 0 0 0 0 0 0 0 1 0 0 0 0 0 0 0 0 0 0 0 0 0 
0 7 0 0 51 824 0 0 17 0 5 0 0 0 0 0 306 0 0 202 0 0 3413 0 4589 5976 0 0 5823 0 18 61448 0 0 0 4855 134 0 0 0 0 0 0 35 174 0 0 13 0 0 0 0 32 0 0 0 0 0 0 0 46 0 0 17 0 0 787 0 844 0 20 0 0 0 594 0 726 0 33 0 0 0 0 0 0 3 0 0 0 0 0 0 0 0 0 95 0 0 0 1 0 0 0 2 0 2 0 0 0 0 0 0 0 0 0 4 0 0 0 0 0 0 0 0 0 0 0 0 0 
0 9 0 0 59 1231 0 0 28 0 8 0 0 0 0 0 346 0 0 319 0 0 6630 0 6883 6396 0 0 7654 0 39 95764 0 0 0 7202 158 0 0 0 0 0 0 34 359 0 0 15 0 0 0 0 43 0 0 0 0 0 0 0 36 0 0 35 0 0 1280 0 1164 0 46 0 0 0 903 0 911 0 38 0 0 0 0 0 0 3 0 0 0 0 0 4 0 0 0 144 0 0 0 9 0 0 0 1 0 2 0 0 0 0 0 0 0 0 0 2 0 0 1 0 0 0 0 0 0 0 0 0 0 
0 6 0 0 39 840 0 0 9 0 6 0 0 0 0 0 234 0 0 99 0 0 2143 0 4767 4883 0 0 5435 0 4 68679 0 0 0 4746 93 0 0 0 0 0 0 9 115 0 0 4 0 0 0 0 28 0 0 0 0 0 0 0 28 0 0 8 0 0 811 0 839 0 34 0 0 0 751 0 668 0 38 0 0 0 0 0 0 3 0 0 0 0 0 2 0 0 0 128 0 0 0 5 0 0 0 1 0 3 0 0 0 0 0 0 0 0 0 2 0 0 0 0 0 0 0 0 0 0 0 0 0 
8 4 0 28 27 445 28 40 5 0 2 0 4 0 0 184 180 0 125 60 307 5382 889 236 2628 3330 3053 0 2867 65 2 33534 56 0 85 2509 70 31 0 0 0 11 0 4 45 22 8 2 0 0 0 0 14 0 0 0 0 0 0 12 17 0 17 4 27 496 293 0 421 19 11 0 0 0 293 26 399 0 11 8 0 0 0 0 0 0 3 0 0 0 0 0 0 1 1 58 0 2 0 1 0 0 0 1 0 0 2 0 0 0 0 0 0 0 0 2 2 0 0 0 0 0 0 0 0 0 0 0 0 
0 4 0 0 28 581 0 0 4 0 2 0 0 0 0 0 166 0 0 46 0 0 974 0 3325 3392 0 0 4351 0 1 48114 0 0 0 3250 70 0 0 0 0 0 0 11 56 0 0 2 0 0 0 0 26 0 0 0 0 0 0 0 21 0 0 2 0 0 353 0 683 0 7 0 0 0 186 0 437 0 11 0 0 0 0 0 0 1 0 0 0 0 0 0 0 0 0 54 0 0 0 2 0 0 0 1 0 0 0 0 0 0 0 0 0 0 0 2 0 0 0 0 0 0 0 0 0 0 0 0 0 
0 4 0 0 26 753 0 0 5 0 1 0 0 0 0 0 173 0 0 57 0 0 1646 0 4019 3068 0 0 4265 0 2 80654 0 0 0 4112 59 0 0 0 0 0 0 7 143 0 0 1 0 0 0 0 18 0 0 0 0 0 0 0 17 0 0 2 0 0 181 0 1111 0 5 0 0 0 93 0 551 0 7 0 0 0 0 0 0 0 0 0 0 0 0 0 0 0 0 24 0 0 0 0 0 0 0 0 0 0 0 0 0 0 0 0 0 0 0 0 0 0 0 0 0 0 0 0 0 0 0 0 0 
0 4 0 0 29 510 0 0 5 0 1 0 0 0 0 0 171 0 0 59 0 0 1200 0 2815 3701 0 0 3660 0 2 45671 0 0 0 2950 85 0 0 0 0 0 0 7 57 0 0 7 0 0 0 0 8 0 0 0 0 0 0 0 22 0 0 2 0 0 204 0 715 0 5 0 0 0 8 0 426 0 5 0 0 0 0 0 0 0 0 0 0 0 0 0 0 0 0 0 0 0 0 1 0 0 0 0 0 0 0 0 0 0 0 0 0 0 0 0 0 0 0 0 0 0 0 0 0 0 0 0 0 
0 12 0 0 89 1746 0 0 53 0 14 0 0 0 0 0 473 0 0 670 0 0 13330 0 8801 8342 0 0 9998 0 112 155628 0 0 0 10725 249 0 0 0 0 0 0 85 870 0 0 31 0 0 0 0 69 0 0 0 0 0 0 0 64 0 0 94 0 0 2204 0 1944 0 74 0 0 0 1636 0 1244 0 77 0 0 0 0 0 0 7 0 0 0 0 0 6 0 0 0 334 0 0 0 21 0 0 0 10 0 11 0 0 0 0 0 0 0 0 0 9 0 0 0 0 0 0 0 0 0 0 0 0 0 
0 11 0 0 77 1421 0 0 44 0 11 0 0 0 0 0 428 0 0 525 0 0 10341 0 7251 8232 0 0 8743 0 83 116200 0 0 0 9125 189 0 0 0 0 0 0 64 641 0 0 27 0 0 0 0 48 0 0 0 0 0 0 0 66 0 0 65 0 0 1541 0 1445 0 69 0 0 0 704 0 1315 0 48 0 0 0 0 0 0 5 0 0 0 0 0 6 0 0 0 141 0 0 0 14 0 0 0 2 0 6 0 0 0 0 0 0 0 0 0 7 0 0 0 0 0 0 0 0 0 0 0 0 0 
0 11 0 0 81 1220 0 0 47 0 9 0 0 0 0 0 469 0 0 571 0 0 9474 0 6502 9580 0 0 8154 0 99 75699 0 0 0 7597 219 0 0 0 0 0 0 65 442 0 0 36 0 0 0 0 47 0 0 0 0 0 0 0 63 0 0 67 0 0 1059 0 1160 0 51 0 0 0 713 0 1063 0 52 0 0 0 0 0 0 2 0 0 0 0 0 2 0 0 0 117 0 0 0 5 0 0 0 3 0 4 0 0 0 0 0 0 0 0 0 13 0 0 0 0 0 0 0 0 0 0 0 0 0 
0 7 0 0 53 814 0 0 15 0 6 0 0 0 0 0 308 0 0 191 0 0 3277 0 4631 6059 0 0 5982 0 13 60065 0 0 0 4992 151 0 0 0 0 0 0 27 181 0 0 12 0 0 0 0 21 0 0 0 0 0 0 0 44 0 0 16 0 0 823 0 866 0 33 0 0 0 274 0 765 0 25 0 0 0 0 0 0 0 0 0 0 0 0 2 0 0 0 59 0 0 0 13 0 0 0 1 0 2 0 0 0 0 0 0 0 0 0 6 0 0 0 0 0 0 0 0 0 2 0 0 0 
0 10 0 0 66 1188 0 0 40 0 5 0 0 0 0 0 394 0 0 416 0 0 8584 0 6528 7583 0 0 7391 0 82 82519 0 0 0 6920 169 0 0 0 0 0 0 62 402 0 0 26 0 0 0 0 45 0 0 0 0 0 0 0 46 0 0 36 0 0 639 0 1191 0 34 0 0 0 474 0 843 0 25 0 0 0 0 0 0 2 0 0 0 0 0 0 0 0 0 65 0 0 0 7 0 0 0 2 0 0 0 0 0 0 0 0 0 0 0 2 0 0 0 0 0 0 0 0 0 0 0 0 0 
0 7 0 0 46 696 0 0 17 0 4 0 0 0 0 0 285 0 0 201 0 0 2858 0 4011 5340 0 0 5233 0 19 47544 0 0 0 3552 121 0 0 0 0 0 0 22 109 0 0 8 0 0 0 0 38 0 0 0 0 0 0 0 32 0 0 12 0 0 480 0 706 0 16 0 0 0 449 0 529 0 18 0 0 0 0 0 0 1 0 0 0 0 0 0 0 0 0 74 0 0 0 4 0 0 0 1 0 3 0 0 0 0 0 0 0 0 0 1 0 0 0 0 0 0 0 0 0 0 0 0 0 
0 8 0 0 57 1630 0 0 22 0 7 0 0 0 0 0 302 0 0 250 0 0 7292 0 7996 5411 0 0 9218 0 26 175895 0 0 0 10432 161 0 0 0 0 0 0 48 748 0 0 15 0 0 0 0 49 0 0 0 0 0 0 0 37 0 0 30 0 0 1421 0 2244 0 39 0 0 0 1109 0 1183 0 30 0 0 0 0 0 0 0 0 0 0 0 0 1 0 0 0 221 0 0 0 9 0 0 0 6 0 2 0 0 0 0 0 0 0 0 0 5 0 0 1 0 0 0 0 0 0 2 0 0 0 
0 6 0 0 46 673 0 0 12 0 3 0 0 0 0 0 263 0 0 147 0 0 2482 0 3761 5515 0 0 4532 0 10 46534 0 0 0 4197 132 0 0 0 0 0 0 18 90 0 0 13 0 0 0 0 21 0 0 0 0 0 0 0 38 0 0 8 0 0 333 0 659 0 24 0 0 0 291 0 553 0 22 0 0 0 0 0 0 1 0 0 0 0 0 1 0 0 0 32 0 0 0 0 0 0 0 0 0 0 0 0 0 0 0 0 0 0 0 1 0 0 0 0 0 0 0 0 0 0 0 0 0 
0 10 0 0 74 1591 0 0 33 0 16 0 0 0 0 0 391 0 0 420 0 0 8797 0 8179 7800 0 0 8085 0 48 142179 0 0 0 9968 219 0 0 0 0 0 0 44 622 0 0 28 0 0 0 0 55 0 0 0 0 0 0 0 49 0 0 63 0 0 2318 0 1530 0 88 0 0 0 2505 0 1328 0 76 0 0 0 0 0 0 10 0 0 0 0 0 14 0 0 0 432 0 0 0 14 0 0 0 11 0 18 0 0 0 0 0 0 0 0 0 13 0 0 0 0 0 0 0 0 0 0 0 0 0 
0 6 0 0 36 886 0 0 8 0 9 0 0 0 0 0 232 0 0 68 0 0 2245 0 4944 3970 0 0 5557 0 3 75146 0 0 0 4343 88 0 0 0 0 0 0 15 165 0 0 2 0 0 0 0 27 0 0 0 0 0 0 0 22 0 0 11 0 0 1243 0 934 0 53 0 0 0 957 0 695 0 40 0 0 0 0 0 0 4 0 0 0 0 0 2 0 0 0 126 0 0 0 8 0 0 0 8 0 6 0 0 0 0 0 0 0 0 0 9 0 0 0 0 0 0 0 0 0 2 0 0 0 
0 4 0 0 29 516 0 0 2 0 5 0 0 0 0 0 188 0 0 27 0 0 372 0 3035 3713 0 0 3364 0 0 38851 0 0 0 3063 82 0 0 0 0 0 0 2 28 0 0 2 0 0 0 0 9 0 0 0 0 0 0 0 19 0 0 1 0 0 818 0 447 0 27 0 0 0 475 0 417 0 33 0 0 0 0 0 0 2 0 0 0 0 0 0 0 0 0 86 0 0 0 2 0 0 0 3 0 1 0 0 0 0 0 0 0 0 0 2 0 0 0 0 0 0 0 0 0 2 0 0 0 
151 11 946 1435 62 1455 11213 979 44 7 11 112 215 5326 7748 7256 310 4487 7704 390 5896 101819 10276 129040 6911 6304 185830 123871 8506 2386 84 104207 546903 65459 92270 6790 127 4942 4670 44 984 812 732 75 702 7969 1094 24 324 778 597 854 44 34 43 42 27 180 294 1268 33 536 1011 65 769 30071 1452 14458 1384 1076 49 909 892 16337 953 27278 914 530 47 1492 570 9 1 5 3 3 208 29 1 3 2 6 65 129 2300 199 1062 204 73 13 21 68 107 5 112 5 121 97 118 3 4 1 12 20 44 10 136 9 0 0 0 0 0 0 0 2 8 27 2 
0 9 0 0 58 1340 0 0 27 0 10 0 0 0 0 0 330 0 0 289 0 0 6836 0 7256 6453 0 0 9113 0 36 102302 0 0 0 7378 140 0 0 0 0 0 0 42 465 0 0 19 0 0 0 0 43 0 0 0 0 0 0 0 38 0 0 36 0 0 1392 0 1312 0 47 0 0 0 1351 0 1003 0 46 0 0 0 0 0 0 3 0 0 0 0 0 5 0 0 0 259 0 0 0 12 0 0 0 6 0 9 0 0 0 0 0 0 0 0 0 3 0 0 0 0 0 0 0 0 0 2 0 0 0 
0 12 0 0 76 1314 0 0 52 0 17 0 0 0 0 0 467 0 0 560 0 0 10237 0 7079 8366 0 0 8094 0 106 86388 0 0 0 6928 181 0 0 0 0 0 0 56 500 0 0 22 0 0 0 0 43 0 0 0 0 0 0 0 54 0 0 110 0 0 1978 0 1084 0 86 0 0 0 1632 0 1067 0 84 0 0 0 0 0 0 10 0 0 0 0 0 7 0 0 0 254 0 0 0 15 0 0 0 13 0 15 0 0 0 0 0 0 0 0 0 15 0 0 1 0 0 0 0 0 0 2 0 0 0 
0 9 0 0 67 1113 0 0 29 0 7 0 0 0 0 0 380 0 0 369 0 0 6702 0 5843 7092 0 0 7164 0 43 90326 0 0 0 7754 177 0 0 0 0 0 0 45 417 0 0 20 0 0 0 0 45 0 0 0 0 0 0 0 66 0 0 33 0 0 906 0 1155 0 52 0 0 0 292 0 1129 0 29 0 0 0 0 0 0 2 0 0 0 0 0 4 0 0 0 64 0 0 0 8 0 0 0 1 0 2 0 0 0 0 0 0 0 0 0 2 0 0 0 0 0 0 0 0 0 0 0 0 0 
0 12 0 0 87 1782 0 0 53 0 17 0 0 0 0 0 449 0 0 633 0 0 13480 0 8813 8677 0 0 10576 0 113 149385 0 0 0 11181 235 0 0 0 0 0 0 89 914 0 0 34 0 0 0 0 50 0 0 0 0 0 0 0 69 0 0 109 0 0 2766 0 1799 0 86 0 0 0 2079 0 1527 0 90 0 0 0 0 0 0 14 0 0 0 0 0 8 0 0 0 352 0 0 0 19 0 0 0 17 0 17 0 0 0 0 0 0 0 0 0 16 0 0 0 0 0 0 0 0 0 0 0 0 0 
0 7 0 0 53 1102 0 0 15 0 6 0 0 0 0 0 287 0 0 186 0 0 3979 0 5885 6066 0 0 7234 0 11 103585 0 0 0 6532 151 0 0 0 0 0 0 27 260 0 0 12 0 0 0 0 49 0 0 0 0 0 0 0 44 0 0 18 0 0 1198 0 1383 0 34 0 0 0 557 0 890 0 36 0 0 0 0 0 0 3 0 0 0 0 0 1 0 0 0 165 0 0 0 10 0 0 0 4 0 2 0 0 0 0 0 0 0 0 0 3 0 0 0 0 0 0 0 0 0 0 0 0 0 
0 4 0 0 31 497 0 0 6 0 0 0 0 0 0 0 211 0 0 83 0 0 1372 0 2784 3109 0 0 3657 0 4 40150 0 0 0 3421 91 0 0 0 0 0 0 7 56 0 0 2 0 0 0 0 22 0 0 0 0 0 0 0 25 0 0 0 0 0 0 0 658 0 0 0 0 0 0 0 376 0 0 0 0 0 0 0 0 0 0 0 0 0 0 0 0 0 0 0 0 0 0 0 0 0 0 0 0 0 0 0 0 0 0 0 0 0 0 0 0 0 0 0 0 0 0 0 0 0 0 0 0 
0 5 0 0 37 837 0 0 9 0 1 0 0 0 0 0 216 0 0 106 0 0 2470 0 4660 3901 0 0 5518 0 7 73801 0 0 0 5274 109 0 0 0 0 0 0 19 231 0 0 6 0 0 0 0 25 0 0 0 0 0 0 0 27 0 0 3 0 0 158 0 913 0 9 0 0 0 158 0 691 0 3 0 0 0 0 0 0 0 0 0 0 0 0 0 0 0 0 44 0 0 0 1 0 0 0 1 0 0 0 0 0 0 0 0 0 0 0 1 0 0 0 0 0 0 0 0 0 0 0 0 0 
0 10 0 0 75 1296 0 0 32 0 15 0 0 0 0 0 400 0 0 406 0 0 7248 0 7005 7653 0 0 7952 0 44 102666 0 0 0 7898 230 0 0 0 0 0 0 45 417 0 0 19 0 0 0 0 53 0 0 0 0 0 0 0 68 0 0 62 0 0 1871 0 1179 0 78 0 0 0 1522 0 1114 0 93 0 0 0 0 0 0 4 0 0 0 0 0 11 0 0 0 260 0 0 0 17 0 0 0 9 0 11 0 0 0 0 0 0 0 0 0 16 0 0 0 0 0 0 0 0 0 4 0 0 0 
0 8 0 0 49 1118 0 0 21 0 8 0 0 0 0 0 275 0 0 216 0 0 4947 0 6172 5438 0 0 8208 0 24 85010 0 0 0 5655 108 0 0 0 0 0 0 21 289 0 0 19 0 0 0 0 41 0 0 0 0 0 0 0 36 0 0 28 0 0 1053 0 1285 0 35 0 0 0 1139 0 827 0 41 0 0 0 0 0 0 1 0 0 0 0 0 1 0 0 0 214 0 0 0 7 0 0 0 5 0 4 0 0 0 0 0 0 0 0 0 3 0 0 1 0 0 0 0 0 0 3 0 0 0 
0 8 0 0 54 1135 0 0 23 0 6 0 0 0 0 0 315 0 0 254 0 0 5749 0 6171 6235 0 0 6935 0 30 89037 0 0 0 6230 142 0 0 0 0 0 0 37 323 0 0 16 0 0 0 0 25 0 0 0 0 0 0 0 39 0 0 27 0 0 854 0 1148 0 35 0 0 0 758 0 956 0 30 0 0 0 0 0 0 1 0 0 0 0 0 1 0 0 0 99 0 0 0 6 0 0 0 3 0 3 0 0 0 0 0 0 0 0 0 2 0 0 0 0 0 0 0 0 0 0 0 0 0 
0 6 0 0 53 831 0 0 12 0 3 0 0 0 0 0 305 0 0 171 0 0 3029 0 4465 6125 0 0 5346 0 10 62825 0 0 0 5868 190 0 0 0 0 0 0 22 205 0 0 9 0 0 0 0 32 0 0 0 0 0 0 0 39 0 0 8 0 0 306 0 882 0 21 0 0 0 292 0 784 0 19 0 0 0 0 0 0 0 0 0 0 0 0 0 0 0 0 48 0 0 0 6 0 0 0 1 0 2 0 0 0 0 0 0 0 0 0 7 0 0 0 0 0 0 0 0 0 0 0 0 0 
49 10 755 443 66 1435 1150 275 37 6 10 26 41 4453 5433 2606 327 3896 2000 410 1579 29980 9080 11701 7023 6877 62716 31968 7986 588 65 124487 17276 49242 9449 7504 161 1462 3661 36 733 256 152 55 563 544 300 22 158 470 805 218 47 44 26 39 25 230 419 419 53 120 174 60 203 5863 1767 1076 1446 262 46 195 706 3490 1044 1692 1007 131 47 302 523 2 4 4 1 4 24 4 4 3 1 1 13 4 107 219 56 35 76 9 10 29 63 3 31 4 28 26 13 3 6 2 6 32 15 6 23 3 0 0 0 2 0 0 1 2 3 4 2 
0 10 0 0 77 1423 0 0 41 0 5 0 0 0 0 0 443 0 0 543 0 0 10207 0 7534 8008 0 0 7941 0 91 108304 0 0 0 9620 217 0 0 0 0 0 0 59 702 0 0 26 0 0 0 0 51 0 0 0 0 0 0 0 61 0 0 33 0 0 705 0 1224 0 26 0 0 0 551 0 1294 0 27 0 0 0 0 0 0 1 0 0 0 0 0 1 0 0 0 111 0 0 0 2 0 0 0 0 0 2 0 0 0 0 0 0 0 0 0 3 0 0 0 0 0 0 0 0 0 0 0 0 0 
0 12 0 0 94 1581 0 0 51 0 17 0 0 0 0 0 469 0 0 661 0 0 12225 0 7821 9932 0 0 9742 0 97 127366 0 0 0 10757 314 0 0 0 0 0 0 92 727 0 0 35 0 0 0 0 63 0 0 0 0 0 0 0 87 0 0 112 0 0 2096 0 1654 0 106 0 0 0 1710 0 1432 0 105 0 0 0 0 0 0 7 0 0 0 0 0 3 0 0 0 258 0 0 0 14 0 0 0 10 0 18 0 0 0 0 0 0 0 0 0 10 0 0 0 0 0 0 0 0 0 4 0 0 0 
0 5 0 0 27 893 0 0 6 0 4 0 0 0 0 0 152 0 0 60 0 0 1822 0 4944 3388 0 0 5297 0 2 90473 0 0 0 4144 50 0 0 0 0 0 0 2 114 0 0 2 0 0 0 0 24 0 0 0 0 0 0 0 17 0 0 5 0 0 760 0 1148 0 21 0 0 0 533 0 599 0 11 0 0 0 0 0 0 0 0 0 0 0 0 0 0 0 0 111 0 0 0 5 0 0 0 3 0 2 0 0 0 0 0 0 0 0 0 2 0 0 0 0 0 0 0 0 0 1 0 0 0 
0 4 0 0 30 579 0 0 6 0 0 0 0 0 0 0 180 0 0 72 0 0 1560 0 3209 3347 0 0 3903 0 4 50813 0 0 0 3087 92 0 0 0 0 0 0 11 83 0 0 4 0 0 0 0 15 0 0 0 0 0 0 0 24 0 0 0 0 0 0 0 654 0 0 0 0 0 0 0 432 0 0 0 0 0 0 0 0 0 0 0 0 0 0 0 0 0 0 0 0 0 0 0 0 0 0 0 0 0 0 0 0 0 0 0 0 0 0 0 0 0 0 0 0 0 0 0 0 0 0 0 0 
0 3 0 0 25 666 0 0 3 0 0 0 0 0 0 0 142 0 0 35 0 0 1059 0 3418 2491 0 0 4649 0 1 75178 0 0 0 5037 79 0 0 0 0 0 0 10 133 0 0 3 0 0 0 0 28 0 0 0 0 0 0 0 23 0 0 0 0 0 0 0 1219 0 0 0 0 0 0 0 563 0 0 0 0 0 0 0 0 0 0 0 0 0 0 0 0 0 0 0 0 0 0 0 0 0 0 0 0 0 0 0 0 0 0 0 0 0 0 0 0 0 0 0 0 0 0 0 0 0 0 0 0 
0 5 0 0 42 775 0 0 9 0 2 0 0 0 0 0 257 0 0 128 0 0 2389 0 4211 4927 0 0 4139 0 7 63422 0 0 0 5244 140 0 0 0 0 0 0 13 144 0 0 9 0 0 0 0 41 0 0 0 0 0 0 0 40 0 0 6 0 0 364 0 703 0 10 0 0 0 364 0 876 0 10 0 0 0 0 0 0 0 0 0 0 0 0 0 0 0 0 48 0 0 0 0 0 0 0 0 0 0 0 0 0 0 0 0 0 0 0 2 0 0 0 0 0 0 0 0 0 0 0 0 0 
0 9 0 0 75 1234 0 0 28 0 11 0 0 0 0 0 430 0 0 401 0 0 6533 0 6496 8225 0 0 6727 0 42 93650 0 0 0 8322 261 0 0 0 0 0 0 51 351 0 0 27 0 0 0 0 56 0 0 0 0 0 0 0 61 0 0 39 0 0 1705 0 1025 0 55 0 0 0 1376 0 1234 0 58 0 0 0 0 0 0 8 0 0 0 0 0 5 0 0 0 240 0 0 0 9 0 0 0 3 0 12 0 0 0 0 0 0 0 0 0 7 0 0 0 0 0 0 0 0 0 0 0 0 0 
0 6 0 0 46 873 0 0 13 0 2 0 0 0 0 0 250 0 0 154 0 0 3371 0 4831 4478 0 0 6582 0 12 67922 0 0 0 5522 132 0 0 0 0 0 0 30 188 0 0 11 0 0 0 0 36 0 0 0 0 0 0 0 36 0 0 8 0 0 247 0 1099 0 13 0 0 0 235 0 662 0 9 0 0 0 0 0 0 0 0 0 0 0 0 0 0 0 0 54 0 0 0 5 0 0 0 2 0 0 0 0 0 0 0 0 0 0 0 0 0 0 0 0 0 0 0 0 0 0 0 0 0 
0 7 0 0 44 863 0 0 17 0 4 0 0 0 0 0 272 0 0 195 0 0 3733 0 5131 4700 0 0 5365 0 17 57281 0 0 0 4572 99 0 0 0 0 0 0 14 178 0 0 6 0 0 0 0 25 0 0 0 0 0 0 0 32 0 0 17 0 0 381 0 782 0 18 0 0 0 540 0 591 0 20 0 0 0 0 0 0 0 0 0 0 0 0 0 0 0 0 78 0 0 0 3 0 0 0 2 0 0 0 0 0 0 0 0 0 0 0 1 0 0 0 0 0 0 0 0 0 1 0 0 0 
0 5 0 0 38 790 0 0 8 0 2 0 0 0 0 0 215 0 0 98 0 0 2264 0 4241 3910 0 0 6102 0 4 66190 0 0 0 4907 107 0 0 0 0 0 0 18 137 0 0 4 0 0 0 0 35 0 0 0 0 0 0 0 29 0 0 6 0 0 281 0 1035 0 9 0 0 0 206 0 683 0 10 0 0 0 0 0 0 0 0 0 0 0 0 0 0 0 0 58 0 0 0 4 0 0 0 3 0 0 0 0 0 0 0 0 0 0 0 2 0 0 0 0 0 0 0 0 0 0 0 0 0 
0 9 0 0 67 1424 0 0 30 0 6 0 0 0 0 0 350 0 0 349 0 0 7984 0 7262 7433 0 0 9185 0 47 118310 0 0 0 9353 190 0 0 0 0 0 0 68 630 0 0 27 0 0 0 0 57 0 0 0 0 0 0 0 49 0 0 32 0 0 964 0 1496 0 37 0 0 0 790 0 1284 0 27 0 0 0 0 0 0 2 0 0 0 0 0 1 0 0 0 168 0 0 0 7 0 0 0 3 0 2 0 0 0 0 0 0 0 0 0 5 0 0 0 0 0 0 0 0 0 0 0 0 0 
0 7 0 0 54 1045 0 0 19 0 3 0 0 0 0 0 301 0 0 230 0 0 5108 0 5499 6117 0 0 6250 0 25 102671 0 0 0 6337 162 0 0 0 0 0 0 34 275 0 0 16 0 0 0 0 51 0 0 0 0 0 0 0 49 0 0 15 0 0 441 0 1418 0 18 0 0 0 445 0 957 0 19 0 0 0 0 0 0 0 0 0 0 0 0 0 0 0 0 54 0 0 0 1 0 0 0 0 0 0 0 0 0 0 0 0 0 0 0 5 0 0 0 0 0 0 0 0 0 0 0 0 0 
0 6 0 0 43 832 0 0 12 0 3 0 0 0 0 0 264 0 0 143 0 0 2841 0 4622 5006 0 0 5569 0 10 65492 0 0 0 4871 99 0 0 0 0 0 0 14 131 0 0 11 0 0 0 0 32 0 0 0 0 0 0 0 44 0 0 8 0 0 541 0 913 0 15 0 0 0 355 0 749 0 20 0 0 0 0 0 0 1 0 0 0 0 0 1 0 0 0 74 0 0 0 3 0 0 0 1 0 0 0 0 0 0 0 0 0 0 0 2 0 0 0 0 0 0 0 0 0 0 0 0 0 
0 4 0 0 23 497 0 0 5 0 1 0 0 0 0 0 150 0 0 52 0 0 1041 0 3002 2606 0 0 3442 0 2 35342 0 0 0 2439 52 0 0 0 0 0 0 7 78 0 0 1 0 0 0 0 14 0 0 0 0 0 0 0 11 0 0 2 0 0 64 0 521 0 4 0 0 0 186 0 332 0 4 0 0 0 0 0 0 0 0 0 0 0 0 0 0 0 0 20 0 0 0 0 0 0 0 0 0 0 0 0 0 0 0 0 0 0 0 0 0 0 0 0 0 0 0 0 0 0 0 0 0 
0 9 0 0 61 1334 0 0 30 0 7 0 0 0 0 0 347 0 0 334 0 0 7588 0 7064 6652 0 0 7967 0 47 109276 0 0 0 8020 174 0 0 0 0 0 0 50 552 0 0 17 0 0 0 0 39 0 0 0 0 0 0 0 38 0 0 37 0 0 890 0 1328 0 42 0 0 0 1049 0 972 0 31 0 0 0 0 0 0 1 0 0 0 0 0 3 0 0 0 166 0 0 0 6 0 0 0 4 0 3 0 0 0 0 0 0 0 0 0 4 0 0 0 0 0 0 0 0 0 0 0 0 0 
0 5 0 0 28 819 0 0 6 0 4 0 0 0 0 0 171 0 0 59 0 0 1713 0 4485 3418 0 0 6088 0 2 70711 0 0 0 4075 54 0 0 0 0 0 0 9 142 0 0 3 0 0 0 0 25 0 0 0 0 0 0 0 17 0 0 4 0 0 524 0 1021 0 17 0 0 0 523 0 526 0 16 0 0 0 0 0 0 0 0 0 0 0 0 0 0 0 0 111 0 0 0 4 0 0 0 3 0 4 0 0 0 0 0 0 0 0 0 0 0 0 0 0 0 0 0 0 0 0 0 0 0 
0 4 0 0 27 660 0 0 4 0 3 0 0 0 0 0 172 0 0 44 0 0 1093 0 3998 2697 0 0 4065 0 1 55132 0 0 0 3806 67 0 0 0 0 0 0 7 102 0 0 3 0 0 0 0 19 0 0 0 0 0 0 0 15 0 0 3 0 0 442 0 642 0 17 0 0 0 386 0 486 0 17 0 0 0 0 0 0 0 0 0 0 0 0 1 0 0 0 89 0 0 0 1 0 0 0 0 0 1 0 0 0 0 0 0 0 0 0 1 0 0 0 0 0 0 0 0 0 0 0 0 0 
0 6 0 0 44 915 0 0 12 0 3 0 0 0 0 0 249 0 0 142 0 0 3158 0 4868 5277 0 0 6648 0 10 78207 0 0 0 5992 116 0 0 0 0 0 0 22 222 0 0 11 0 0 0 0 37 0 0 0 0 0 0 0 36 0 0 8 0 0 375 0 1089 0 16 0 0 0 418 0 898 0 18 0 0 0 0 0 0 1 0 0 0 0 0 1 0 0 0 80 0 0 0 4 0 0 0 2 0 0 0 0 0 0 0 0 0 0 0 2 0 0 0 0 0 0 0 0 0 0 0 0 0 
0 5 0 0 53 664 0 0 9 0 1 0 0 0 0 0 305 0 0 161 0 0 2063 0 3600 5122 0 0 4684 0 7 52377 0 0 0 5817 227 0 0 0 0 0 0 15 132 0 0 8 0 0 0 0 35 0 0 0 0 0 0 0 68 0 0 3 0 0 187 0 662 0 3 0 0 0 99 0 754 0 11 0 0 0 0 0 0 0 0 0 0 0 0 0 0 0 0 14 0 0 0 4 0 0 0 0 0 0 0 0 0 0 0 0 0 0 0 2 0 0 0 0 0 0 0 0 0 0 0 0 0 
0 8 0 0 48 1068 0 0 19 0 10 0 0 0 0 0 296 0 0 180 0 0 4537 0 5999 5471 0 0 7813 0 14 74635 0 0 0 5597 112 0 0 0 0 0 0 29 225 0 0 11 0 0 0 0 33 0 0 0 0 0 0 0 25 0 0 37 0 0 1213 0 1073 0 45 0 0 0 1087 0 759 0 45 0 0 0 0 0 0 2 0 0 0 0 0 2 0 0 0 201 0 0 0 9 0 0 0 8 0 4 0 0 0 0 0 0 0 0 0 7 0 0 2 0 0 0 0 0 0 1 0 0 0 
0 9 0 0 61 1356 0 0 30 0 7 0 0 0 0 0 356 0 0 353 0 0 8004 0 7203 6561 0 0 8739 0 48 107532 0 0 0 8042 159 0 0 0 0 0 0 47 508 0 0 10 0 0 0 0 49 0 0 0 0 0 0 0 34 0 0 35 0 0 882 0 1455 0 38 0 0 0 850 0 1052 0 43 0 0 0 0 0 0 2 0 0 0 0 0 2 0 0 0 142 0 0 0 2 0 0 0 2 0 4 0 0 0 0 0 0 0 0 0 4 0 0 0 0 0 0 0 0 0 0 0 0 0 
0 4 0 0 24 531 0 0 5 0 1 0 0 0 0 0 136 0 0 55 0 0 1259 0 2779 2800 0 0 3564 0 2 60029 0 0 0 3614 53 0 0 0 0 0 0 5 60 0 0 2 0 0 0 0 19 0 0 0 0 0 0 0 22 0 0 2 0 0 203 0 953 0 4 0 0 0 6 0 448 0 2 0 0 0 0 0 0 0 0 0 0 0 0 0 0 0 0 1 0 0 0 1 0 0 0 0 0 0 0 0 0 0 0 0 0 0 0 1 0 0 0 0 0 0 0 0 0 0 0 0 0 
0 10 0 0 81 1215 0 0 35 0 10 0 0 0 0 0 435 0 0 462 0 0 7632 0 6265 9105 0 0 7772 0 56 86934 0 0 0 7662 253 0 0 0 0 0 0 43 353 0 0 36 0 0 0 0 53 0 0 0 0 0 0 0 88 0 0 49 0 0 1389 0 1122 0 47 0 0 0 836 0 1208 0 76 0 0 0 0 0 0 4 0 0 0 0 0 7 0 0 0 161 0 0 0 18 0 0 0 5 0 3 0 0 0 0 0 0 0 0 0 10 0 0 0 0 0 0 0 0 0 1 0 0 0 
0 8 0 0 52 1296 0 0 20 0 10 0 0 0 0 0 290 0 0 205 0 0 5542 0 6706 5751 0 0 7914 0 20 122057 0 0 0 7034 116 0 0 0 0 0 0 36 376 0 0 10 0 0 0 0 41 0 0 0 0 0 0 0 41 0 0 27 0 0 1644 0 1527 0 53 0 0 0 1392 0 876 0 60 0 0 0 0 0 0 5 0 0 0 0 0 6 0 0 0 291 0 0 0 13 0 0 0 6 0 11 0 0 0 0 0 0 0 0 0 5 0 0 0 0 0 0 0 0 0 0 0 0 0 
0 9 0 0 71 1515 0 0 29 0 10 0 0 0 0 0 386 0 0 389 0 0 7946 0 7691 7437 0 0 9219 0 46 151186 0 0 0 9406 216 0 0 0 0 0 0 51 555 0 0 23 0 0 0 0 66 0 0 0 0 0 0 0 61 0 0 39 0 0 2006 0 1942 0 50 0 0 0 1609 0 1160 0 46 0 0 0 0 0 0 5 0 0 0 0 0 4 0 0 0 355 0 0 0 17 0 0 0 10 0 9 0 0 0 0 0 0 0 0 0 5 0 0 1 0 0 0 0 0 0 3 0 0 0 
0 9 0 0 64 1525 0 0 28 0 9 0 0 0 0 0 353 0 0 302 0 0 8256 0 7719 7313 0 0 8969 0 36 134287 0 0 0 8956 174 0 0 0 0 0 0 63 614 0 0 26 0 0 0 0 53 0 0 0 0 0 0 0 45 0 0 45 0 0 1372 0 1571 0 48 0 0 0 1253 0 1303 0 55 0 0 0 0 0 0 4 0 0 0 0 0 2 0 0 0 227 0 0 0 6 0 0 0 5 0 4 0 0 0 0 0 0 0 0 0 8 0 0 0 0 0 0 0 0 0 0 0 0 0 
0 8 0 0 51 912 0 0 23 0 5 0 0 0 0 0 302 0 0 247 0 0 4758 0 5100 5528 0 0 7297 0 31 61788 0 0 0 4453 134 0 0 0 0 0 0 36 232 0 0 8 0 0 0 0 33 0 0 0 0 0 0 0 44 0 0 20 0 0 488 0 1076 0 30 0 0 0 481 0 530 0 20 0 0 0 0 0 0 1 0 0 0 0 0 1 0 0 0 79 0 0 0 5 0 0 0 3 0 3 0 0 0 0 0 0 0 0 0 2 0 0 0 0 0 0 0 0 0 0 0 0 0 
0 12 0 0 81 1830 0 0 57 0 12 0 0 0 0 0 456 0 0 637 0 0 14931 0 9071 8460 0 0 10856 0 142 159478 0 0 0 10743 211 0 0 0 0 0 0 100 1005 0 0 25 0 0 0 0 64 0 0 0 0 0 0 0 50 0 0 91 0 0 1767 0 1978 0 59 0 0 0 1823 0 1311 0 52 0 0 0 0 0 0 2 0 0 0 0 0 4 0 0 0 312 0 0 0 16 0 0 0 9 0 9 0 0 0 0 0 0 0 0 0 10 0 0 1 0 0 0 0 0 0 1 0 0 0 
0 8 0 0 49 1377 0 0 22 0 6 0 0 0 0 0 271 0 0 206 0 0 6520 0 7104 6127 0 0 8821 0 28 120346 0 0 0 7105 103 0 0 0 0 0 0 45 525 0 0 17 0 0 0 0 41 0 0 0 0 0 0 0 36 0 0 20 0 0 980 0 1424 0 33 0 0 0 757 0 1118 0 31 0 0 0 0 0 0 2 0 0 0 0 0 2 0 0 0 149 0 0 0 3 0 0 0 4 0 4 0 0 0 0 0 0 0 0 0 2 0 0 0 0 0 0 0 0 0 0 0 0 0 
0 13 0 0 85 1814 0 0 64 0 15 0 0 0 0 0 469 0 0 689 0 0 16112 0 9000 8984 0 0 10256 0 158 151353 0 0 0 11029 211 0 0 0 0 0 0 100 992 0 0 30 0 0 0 0 63 0 0 0 0 0 0 0 56 0 0 110 0 0 1800 0 2013 0 88 0 0 0 1556 0 1333 0 88 0 0 0 0 0 0 2 0 0 0 0 0 10 0 0 0 206 0 0 0 6 0 0 0 7 0 14 0 0 0 0 0 0 0 0 0 8 0 0 1 0 0 0 0 0 0 2 0 0 0 
0 8 0 0 55 1223 0 0 20 0 8 0 0 0 0 0 313 0 0 206 0 0 5432 0 6504 5892 0 0 8335 0 19 96735 0 0 0 6943 155 0 0 0 0 0 0 28 356 0 0 15 0 0 0 0 45 0 0 0 0 0 0 0 47 0 0 27 0 0 1199 0 1229 0 39 0 0 0 909 0 954 0 65 0 0 0 0 0 0 1 0 0 0 0 0 6 0 0 0 137 0 0 0 13 0 0 0 4 0 2 0 0 0 0 0 0 0 0 0 5 0 0 0 0 0 0 0 0 0 1 0 0 0 
0 4 0 0 25 450 0 0 5 0 1 0 0 0 0 0 163 0 0 53 0 0 996 0 2638 2778 0 0 3524 0 2 30297 0 0 0 2333 58 0 0 0 0 0 0 5 31 0 0 3 0 0 0 0 13 0 0 0 0 0 0 0 18 0 0 2 0 0 194 0 504 0 5 0 0 0 73 0 314 0 6 0 0 0 0 0 0 0 0 0 0 0 0 0 0 0 0 11 0 0 0 0 0 0 0 0 0 0 0 0 0 0 0 0 0 0 0 0 0 0 0 0 0 0 0 0 0 0 0 0 0 
0 4 0 0 33 628 0 0 4 0 2 0 0 0 0 0 177 0 0 58 0 0 1123 0 3473 3785 0 0 4428 0 1 58600 0 0 0 4141 108 0 0 0 0 0 0 9 72 0 0 3 0 0 0 0 22 0 0 0 0 0 0 0 30 0 0 2 0 0 338 0 754 0 8 0 0 0 167 0 583 0 12 0 0 0 0 0 0 0 0 0 0 0 0 0 0 0 0 51 0 0 0 4 0 0 0 2 0 1 0 0 0 0 0 0 0 0 0 1 0 0 0 0 0 0 0 0 0 0 0 0 0 
151 8 973 1048 51 756 11183 1022 24 7 4 144 151 5691 5556 5975 291 5184 5968 255 6277 119292 4083 133583 3925 4871 94928 129848 4340 2525 34 44933 542628 43925 67632 4342 125 2702 5695 34 472 688 780 26 187 8586 559 17 259 380 560 885 25 30 33 33 49 1029 860 471 36 791 826 20 950 17374 421 18804 639 863 20 824 671 13842 313 18902 486 884 21 823 696 4 8 8 8 0 116 50 1 1 3 0 94 45 1702 36 1140 70 109 2 130 63 54 3 78 2 80 82 82 6 3 6 2 110 105 1 45 8 0 2 0 1 0 0 0 0 21 10 21 
9 7 0 55 49 1162 36 34 15 0 6 0 8 0 0 383 283 0 180 173 265 3115 4249 256 6111 5188 9169 0 6991 44 11 122151 84 0 193 7188 136 105 0 0 0 14 0 31 312 8 26 5 0 0 0 0 37 0 0 0 0 0 0 40 33 0 18 18 21 1262 1111 0 1681 42 34 0 0 0 646 54 852 0 29 27 0 0 0 0 0 1 1 0 0 0 0 1 0 3 5 157 0 7 0 9 0 0 0 6 0 4 2 0 0 0 0 0 0 0 0 4 6 0 0 0 0 0 0 0 0 0 0 1 0 
0 3 0 0 19 689 0 0 2 0 1 0 0 0 0 0 114 0 0 20 0 0 734 0 3665 2024 0 0 4581 0 0 79643 0 0 0 4039 43 0 0 0 0 0 0 4 80 0 0 0 0 0 0 0 22 0 0 0 0 0 0 0 15 0 0 1 0 0 158 0 1121 0 4 0 0 0 237 0 505 0 7 0 0 0 0 0 0 0 0 0 0 0 0 0 0 0 0 44 0 0 0 1 0 0 0 0 0 0 0 0 0 0 0 0 0 0 0 1 0 0 0 0 0 0 0 0 0 0 0 0 0 
0 5 0 0 39 817 0 0 8 0 2 0 0 0 0 0 240 0 0 96 0 0 2548 0 4223 4728 0 0 5530 0 5 82255 0 0 0 4903 118 0 0 0 0 0 0 13 166 0 0 5 0 0 0 0 29 0 0 0 0 0 0 0 33 0 0 4 0 0 123 0 1229 0 18 0 0 0 209 0 645 0 13 0 0 0 0 0 0 1 0 0 0 0 0 0 0 0 0 23 0 0 0 1 0 0 0 4 0 0 0 0 0 0 0 0 0 0 0 2 0 0 0 0 0 0 0 0 0 0 0 0 0 
0 10 0 0 77 1500 0 0 36 0 11 0 0 0 0 0 407 0 0 458 0 0 9156 0 7318 8631 0 0 8752 0 58 132945 0 0 0 9490 238 0 0 0 0 0 0 56 683 0 0 25 0 0 0 0 50 0 0 0 0 0 0 0 65 0 0 63 0 0 1604 0 1690 0 54 0 0 0 1556 0 1142 0 58 0 0 0 0 0 0 2 0 0 0 0 0 5 0 0 0 319 0 0 0 16 0 0 0 13 0 8 0 0 0 0 0 0 0 0 0 13 0 0 0 0 0 0 0 0 0 0 0 0 0 
0 8 0 0 55 811 0 0 20 0 9 0 0 0 0 0 334 0 0 233 0 0 3514 0 4613 6333 0 0 5697 0 22 51609 0 0 0 4496 142 0 0 0 0 0 0 24 156 0 0 13 0 0 0 0 25 0 0 0 0 0 0 0 45 0 0 24 0 0 1156 0 770 0 51 0 0 0 673 0 589 0 44 0 0 0 0 0 0 4 0 0 0 0 0 3 0 0 0 119 0 0 0 12 0 0 0 2 0 8 0 0 0 0 0 0 0 0 0 7 0 0 0 0 0 0 0 0 0 1 0 0 0 
0 11 0 0 84 1455 0 0 40 0 17 0 0 0 0 0 462 0 0 481 0 0 9477 0 7420 9176 0 0 7848 0 63 115072 0 0 0 9700 237 0 0 0 0 0 0 66 567 0 0 28 0 0 0 0 58 0 0 0 0 0 0 0 68 0 0 83 0 0 2172 0 1566 0 103 0 0 0 1936 0 1268 0 108 0 0 0 0 0 0 11 0 0 0 0 0 10 0 0 0 264 0 0 0 8 0 0 0 16 0 14 0 0 0 0 0 0 0 0 0 24 0 0 2 0 0 0 0 0 0 1 0 0 0 
0 8 0 0 57 1110 0 0 20 0 12 0 0 0 0 0 340 0 0 227 0 0 4929 0 6145 5871 0 0 6340 0 18 87605 0 0 0 6629 160 0 0 0 0 0 0 33 304 0 0 17 0 0 0 0 43 0 0 0 0 0 0 0 35 0 0 44 0 0 1730 0 1025 0 58 0 0 0 1320 0 907 0 68 0 0 0 0 0 0 6 0 0 0 0 0 3 0 0 0 173 0 0 0 8 0 0 0 6 0 8 0 0 0 0 0 0 0 0 0 13 0 0 0 0 0 0 0 0 0 2 0 0 0 
0 11 0 0 64 1675 0 0 48 0 8 0 0 0 0 0 353 0 0 467 0 0 12729 0 8294 7098 0 0 9458 0 109 162981 0 0 0 8753 126 0 0 0 0 0 0 57 827 0 0 23 0 0 0 0 45 0 0 0 0 0 0 0 46 0 0 56 0 0 1137 0 2126 0 41 0 0 0 1112 0 1080 0 32 0 0 0 0 0 0 2 0 0 0 0 0 3 0 0 0 195 0 0 0 9 0 0 0 6 0 4 0 0 0 0 0 0 0 0 0 4 0 0 0 0 0 0 0 0 0 0 0 0 0 
0 11 0 0 73 1326 0 0 43 0 13 0 0 0 0 0 404 0 0 488 0 0 9470 0 7043 8495 0 0 8600 0 77 95687 0 0 0 7637 166 0 0 0 0 0 0 55 476 0 0 26 0 0 0 0 57 0 0 0 0 0 0 0 68 0 0 77 0 0 1764 0 1306 0 72 0 0 0 1083 0 1077 0 62 0 0 0 0 0 0 4 0 0 0 0 0 6 0 0 0 173 0 0 0 9 0 0 0 3 0 8 0 0 0 0 0 0 0 0 0 8 0 0 0 0 0 0 0 0 0 2 0 0 0 
0 5 0 0 31 876 0 0 8 0 2 0 0 0 0 0 193 0 0 83 0 0 2395 0 4961 3397 0 0 5704 0 5 77994 0 0 0 4734 76 0 0 0 0 0 0 17 203 0 0 3 0 0 0 0 11 0 0 0 0 0 0 0 9 0 0 4 0 0 313 0 1019 0 9 0 0 0 261 0 562 0 9 0 0 0 0 0 0 0 0 0 0 0 0 0 0 0 0 60 0 0 0 2 0 0 0 1 0 1 0 0 0 0 0 0 0 0 0 0 0 0 0 0 0 0 0 0 0 0 0 0 0 
0 7 0 0 54 1122 0 0 15 0 7 0 0 0 0 0 283 0 0 181 0 0 4232 0 5897 5762 0 0 7661 0 11 96565 0 0 0 7533 154 0 0 0 0 0 0 31 332 0 0 12 0 0 0 0 40 0 0 0 0 0 0 0 43 0 0 22 0 0 1026 0 1281 0 45 0 0 0 717 0 971 0 40 0 0 0 0 0 0 1 0 0 0 0 0 2 0 0 0 164 0 0 0 12 0 0 0 8 0 3 0 0 0 0 0 0 0 0 0 7 0 0 0 0 0 0 0 0 0 1 0 0 0 
0 3 0 0 21 502 0 0 2 0 1 0 0 0 0 0 126 0 0 23 0 0 629 0 2694 2503 0 0 3368 0 0 43404 0 0 0 2934 47 0 0 0 0 0 0 2 39 0 0 1 0 0 0 0 11 0 0 0 0 0 0 0 21 0 0 1 0 0 165 0 629 0 6 0 0 0 97 0 453 0 6 0 0 0 0 0 0 0 0 0 0 0 0 0 0 0 0 17 0 0 0 0 0 0 0 0 0 0 0 0 0 0 0 0 0 0 0 2 0 0 0 0 0 0 0 0 0 0 0 0 0 
0 8 0 0 44 1380 0 0 16 0 15 0 0 0 0 0 263 0 0 151 0 0 4723 0 7653 4041 0 0 7657 0 8 127655 0 0 0 7020 94 0 0 0 0 0 0 24 361 0 0 7 0 0 0 0 33 0 0 0 0 0 0 0 17 0 0 37 0 0 2265 0 1470 0 61 0 0 0 2327 0 758 0 68 0 0 0 0 0 0 4 0 0 0 0 0 6 0 0 0 427 0 0 0 13 0 0 0 12 0 10 0 0 0 0 0 0 0 0 0 5 0 0 2 0 0 0 0 0 0 8 0 0 0 
0 13 0 0 73 1983 0 0 61 0 20 0 0 0 0 0 433 0 0 584 0 0 16384 0 9912 7295 0 0 9499 0 133 180021 0 0 0 9640 143 0 0 0 0 0 0 69 1041 0 0 22 0 0 0 0 58 0 0 0 0 0 0 0 54 0 0 142 0 0 3025 0 1888 0 106 0 0 0 2617 0 1309 0 90 0 0 0 0 0 0 9 0 0 0 0 0 10 0 0 0 428 0 0 0 13 0 0 0 10 0 23 0 0 0 0 0 0 0 0 0 7 0 0 1 0 0 0 0 0 0 2 0 0 0 
0 14 0 0 98 1425 0 0 65 0 28 0 0 0 0 0 550 0 0 784 0 0 12005 0 7467 11576 0 0 7696 0 126 86051 0 0 0 8771 283 0 0 0 0 0 0 63 666 0 0 42 0 0 0 0 55 0 0 0 0 0 0 0 77 0 0 189 0 0 2551 0 1053 0 178 0 0 0 2363 0 1294 0 129 0 0 0 0 0 0 13 0 0 0 0 0 18 0 0 0 334 0 0 0 24 0 0 0 15 0 31 0 0 0 0 0 0 0 0 0 22 0 0 2 0 0 0 0 0 0 9 0 0 0 
0 8 0 0 48 1124 0 0 20 0 10 0 0 0 0 0 276 0 0 177 0 0 4926 0 6143 5580 0 0 7914 0 22 88412 0 0 0 5535 116 0 0 0 0 0 0 40 331 0 0 9 0 0 0 0 29 0 0 0 0 0 0 0 29 0 0 29 0 0 956 0 1177 0 62 0 0 0 1365 0 737 0 48 0 0 0 0 0 0 3 0 0 0 0 0 3 0 0 0 197 0 0 0 7 0 0 0 9 0 4 0 0 0 0 0 0 0 0 0 8 0 0 2 0 0 0 0 0 0 6 0 0 0 
80 4 769 278 30 542 3078 503 4 2 2 82 40 5147 2278 1943 172 4128 1422 49 3096 60446 930 34123 2845 2737 37223 48780 2853 1175 0 37480 76534 48367 9349 3750 94 246 4762 15 296 153 275 6 74 2148 184 3 134 177 116 120 15 12 9 1 33 513 303 120 25 401 198 4 344 5371 275 4871 501 263 16 238 691 10709 174 2584 468 523 12 63 658 0 0 1 4 0 47 21 1 0 0 0 59 8 245 46 646 22 27 2 73 18 43 0 14 0 13 74 40 1 1 3 1 68 22 0 15 2 0 1 0 0 0 0 0 0 4 1 15 
0 11 0 0 77 1238 0 0 40 0 17 0 0 0 0 0 416 0 0 463 0 0 8196 0 6808 8167 0 0 7764 0 59 78458 0 0 0 7182 206 0 0 0 0 0 0 43 379 0 0 37 0 0 0 0 41 0 0 0 0 0 0 0 52 0 0 87 0 0 1864 0 1163 0 76 0 0 0 1649 0 884 0 96 0 0 0 0 0 0 14 0 0 0 0 0 8 0 0 0 211 0 0 0 11 0 0 0 11 0 13 0 0 0 0 0 0 0 0 0 16 0 0 1 0 0 0 0 0 0 2 0 0 0 
0 12 0 0 85 1621 0 0 53 0 14 0 0 0 0 0 471 0 0 615 0 0 12447 0 8275 9412 0 0 10129 0 111 122349 0 0 0 9953 234 0 0 0 0 0 0 77 769 0 0 34 0 0 0 0 73 0 0 0 0 0 0 0 81 0 0 97 0 0 1765 0 1452 0 74 0 0 0 1769 0 1276 0 102 0 0 0 0 0 0 4 0 0 0 0 0 5 0 0 0 267 0 0 0 9 0 0 0 8 0 9 0 0 0 0 0 0 0 0 0 8 0 0 1 0 0 0 0 0 0 3 0 0 0 
0 7 0 0 43 1033 0 0 15 0 6 0 0 0 0 0 271 0 0 160 0 0 3709 0 5710 4924 0 0 6060 0 13 93724 0 0 0 5427 92 0 0 0 0 0 0 18 232 0 0 10 0 0 0 0 34 0 0 0 0 0 0 0 29 0 0 15 0 0 1020 0 1214 0 21 0 0 0 693 0 725 0 24 0 0 0 0 0 0 2 0 0 0 0 0 1 0 0 0 143 0 0 0 9 0 0 0 5 0 3 0 0 0 0 0 0 0 0 0 3 0 0 0 0 0 0 0 0 0 1 0 0 0 
0 10 0 0 61 1367 0 0 35 0 12 0 0 0 0 0 363 0 0 364 0 0 8152 0 7467 7279 0 0 7912 0 54 102407 0 0 0 7203 147 0 0 0 0 0 0 30 540 0 0 20 0 0 0 0 42 0 0 0 0 0 0 0 39 0 0 62 0 0 1550 0 1007 0 66 0 0 0 1591 0 1029 0 62 0 0 0 0 0 0 6 0 0 0 0 0 4 0 0 0 208 0 0 0 8 0 0 0 5 0 11 0 0 0 0 0 0 0 0 0 6 0 0 0 0 0 0 0 0 0 0 0 0 0 
0 8 0 0 58 868 0 0 25 0 4 0 0 0 0 0 351 0 0 306 0 0 4725 0 4900 7034 0 0 4964 0 39 55119 0 0 0 5399 165 0 0 0 0 0 0 28 241 0 0 16 0 0 0 0 37 0 0 0 0 0 0 0 46 0 0 21 0 0 457 0 568 0 22 0 0 0 511 0 733 0 25 0 0 0 0 0 0 1 0 0 0 0 0 0 0 0 0 79 0 0 0 2 0 0 0 5 0 1 0 0 0 0 0 0 0 0 0 2 0 0 0 0 0 0 0 0 0 0 0 0 0 
0 11 0 0 69 1400 0 0 40 0 15 0 0 0 0 0 397 0 0 440 0 0 8966 0 7643 7928 0 0 9253 0 64 99193 0 0 0 7704 181 0 0 0 0 0 0 44 535 0 0 27 0 0 0 0 41 0 0 0 0 0 0 0 46 0 0 70 0 0 1624 0 1166 0 63 0 0 0 1806 0 1025 0 73 0 0 0 0 0 0 5 0 0 0 0 0 8 0 0 0 244 0 0 0 6 0 0 0 8 0 15 0 0 0 0 0 0 0 0 0 8 0 0 1 0 0 0 0 0 0 2 0 0 0 
0 6 0 0 47 527 0 0 13 0 2 0 0 0 0 0 295 0 0 172 0 0 2077 0 3128 5842 0 0 3356 0 13 25179 0 0 0 3641 128 0 0 0 0 0 0 13 94 0 0 9 0 0 0 0 21 0 0 0 0 0 0 0 45 0 0 6 0 0 247 0 314 0 16 0 0 0 98 0 523 0 14 0 0 0 0 0 0 1 0 0 0 0 0 0 0 0 0 5 0 0 0 2 0 0 0 0 0 0 0 0 0 0 0 0 0 0 0 2 0 0 0 0 0 0 0 0 0 0 0 0 0 
0 8 0 0 53 759 0 0 23 0 5 0 0 0 0 0 335 0 0 244 0 0 3981 0 4547 6840 0 0 5619 0 30 45506 0 0 0 4367 126 0 0 0 0 0 0 25 164 0 0 23 0 0 0 0 25 0 0 0 0 0 0 0 36 0 0 22 0 0 541 0 589 0 22 0 0 0 357 0 547 0 29 0 0 0 0 0 0 0 0 0 0 0 0 1 0 0 0 37 0 0 0 6 0 0 0 5 0 3 0 0 0 0 0 0 0 0 0 3 0 0 0 0 0 0 0 0 0 0 0 0 0 
0 6 0 0 35 858 0 0 11 0 4 0 0 0 0 0 224 0 0 107 0 0 2769 0 4873 3702 0 0 5649 0 7 64127 0 0 0 4854 86 0 0 0 0 0 0 14 236 0 0 6 0 0 0 0 32 0 0 0 0 0 0 0 19 0 0 10 0 0 485 0 876 0 25 0 0 0 408 0 543 0 13 0 0 0 0 0 0 1 0 0 0 0 0 1 0 0 0 71 0 0 0 3 0 0 0 1 0 1 0 0 0 0 0 0 0 0 0 1 0 0 0 0 0 0 0 0 0 0 0 0 0 
0 10 0 0 67 1168 0 0 32 0 13 0 0 0 0 0 408 0 0 362 0 0 6712 0 6486 7350 0 0 6465 0 42 80059 0 0 0 7348 168 0 0 0 0 0 0 29 367 0 0 13 0 0 0 0 37 0 0 0 0 0 0 0 49 0 0 55 0 0 1495 0 868 0 80 0 0 0 1133 0 955 0 65 0 0 0 0 0 0 5 0 0 0 0 0 3 0 0 0 198 0 0 0 13 0 0 0 8 0 12 0 0 0 0 0 0 0 0 0 11 0 0 1 0 0 0 0 0 0 2 0 0 0 
0 11 0 0 83 1452 0 0 40 0 16 0 0 0 0 0 475 0 0 500 0 0 9380 0 7478 8309 0 0 9170 0 60 116483 0 0 0 10339 243 0 0 0 0 0 0 62 590 0 0 26 0 0 0 0 76 0 0 0 0 0 0 0 65 0 0 83 0 0 2290 0 1558 0 115 0 0 0 1500 0 1234 0 87 0 0 0 0 0 0 11 0 0 0 0 0 9 0 0 0 272 0 0 0 15 0 0 0 11 0 10 0 0 0 0 0 0 0 0 0 10 0 0 0 0 0 0 0 0 0 1 0 0 0 
0 8 0 0 60 1183 0 0 24 0 4 0 0 0 0 0 347 0 0 277 0 0 6110 0 6427 6428 0 0 6806 0 35 102195 0 0 0 8138 169 0 0 0 0 0 0 37 382 0 0 25 0 0 0 0 51 0 0 0 0 0 0 0 48 0 0 18 0 0 765 0 1218 0 24 0 0 0 349 0 1040 0 30 0 0 0 0 0 0 2 0 0 0 0 0 1 0 0 0 127 0 0 0 7 0 0 0 3 0 0 0 0 0 0 0 0 0 0 0 3 0 0 0 0 0 0 0 0 0 0 0 0 0 
0 8 0 0 59 1293 0 0 20 0 9 0 0 0 0 0 337 0 0 246 0 0 5338 0 6818 6477 0 0 7307 0 20 119222 0 0 0 8663 156 0 0 0 0 0 0 39 424 0 0 9 0 0 0 0 53 0 0 0 0 0 0 0 46 0 0 28 0 0 1519 0 1431 0 48 0 0 0 1276 0 1141 0 57 0 0 0 0 0 0 6 0 0 0 0 0 2 0 0 0 235 0 0 0 9 0 0 0 5 0 5 0 0 0 0 0 0 0 0 0 8 0 0 0 0 0 0 0 0 0 1 0 0 0 
0 5 0 0 33 611 0 0 8 0 2 0 0 0 0 0 204 0 0 88 0 0 1722 0 3528 4438 0 0 3834 0 5 39665 0 0 0 3511 68 0 0 0 0 0 0 7 81 0 0 6 0 0 0 0 29 0 0 0 0 0 0 0 33 0 0 4 0 0 267 0 538 0 14 0 0 0 221 0 595 0 10 0 0 0 0 0 0 0 0 0 0 0 0 1 0 0 0 33 0 0 0 1 0 0 0 0 0 0 0 0 0 0 0 0 0 0 0 1 0 0 0 0 0 0 0 0 0 0 0 0 0 
0 9 0 0 62 1219 0 0 29 0 8 0 0 0 0 0 342 0 0 329 0 0 6956 0 6401 7428 0 0 9081 0 41 90664 0 0 0 7231 154 0 0 0 0 0 0 48 400 0 0 17 0 0 0 0 55 0 0 0 0 0 0 0 48 0 0 44 0 0 1102 0 1427 0 40 0 0 0 909 0 1076 0 44 0 0 0 0 0 0 2 0 0 0 0 0 1 0 0 0 144 0 0 0 8 0 0 0 6 0 2 0 0 0 0 0 0 0 0 0 10 0 0 0 0 0 0 0 0 0 1 0 0 0 
0 8 0 0 57 1121 0 0 21 0 8 0 0 0 0 0 327 0 0 252 0 0 5028 0 6165 6493 0 0 7429 0 22 84387 0 0 0 7132 159 0 0 0 0 0 0 31 387 0 0 17 0 0 0 0 51 0 0 0 0 0 0 0 47 0 0 30 0 0 896 0 964 0 48 0 0 0 1219 0 1084 0 44 0 0 0 0 0 0 1 0 0 0 0 0 4 0 0 0 154 0 0 0 2 0 0 0 7 0 4 0 0 0 0 0 0 0 0 0 4 0 0 0 0 0 0 0 0 0 1 0 0 0 
0 10 0 0 61 945 0 0 37 0 8 0 0 0 0 0 393 0 0 391 0 0 6495 0 5324 7437 0 0 6577 0 64 52290 0 0 0 5210 130 0 0 0 0 0 0 36 206 0 0 13 0 0 0 0 37 0 0 0 0 0 0 0 45 0 0 48 0 0 675 0 834 0 38 0 0 0 721 0 775 0 45 0 0 0 0 0 0 5 0 0 0 0 0 0 0 0 0 80 0 0 0 3 0 0 0 7 0 3 0 0 0 0 0 0 0 0 0 4 0 0 0 0 0 0 0 0 0 0 0 0 0 
0 11 0 0 59 1358 0 0 43 0 13 0 0 0 0 0 367 0 0 395 0 0 9466 0 7319 6383 0 0 9540 0 72 90627 0 0 0 6755 119 0 0 0 0 0 0 46 569 0 0 12 0 0 0 0 43 0 0 0 0 0 0 0 34 0 0 88 0 0 1351 0 1190 0 56 0 0 0 1456 0 982 0 59 0 0 0 0 0 0 2 0 0 0 0 0 3 0 0 0 183 0 0 0 6 0 0 0 9 0 7 0 0 0 0 0 0 0 0 0 5 0 0 0 0 0 0 0 0 0 2 0 0 0 
0 5 0 0 28 568 0 0 9 0 1 0 0 0 0 0 154 0 0 80 0 0 1848 0 3258 3664 0 0 4448 0 7 38389 0 0 0 2977 50 0 0 0 0 0 0 9 115 0 0 8 0 0 0 0 23 0 0 0 0 0 0 0 23 0 0 3 0 0 95 0 659 0 3 0 0 0 65 0 406 0 2 0 0 0 0 0 0 0 0 0 0 0 0 0 0 0 0 13 0 0 0 0 0 0 0 1 0 0 0 0 0 0 0 0 0 0 0 1 0 0 0 0 0 0 0 0 0 0 0 0 0 
0 10 0 0 77 1228 0 0 33 0 12 0 0 0 0 0 405 0 0 433 0 0 7097 0 6628 8550 0 0 8170 0 45 79534 0 0 0 8484 237 0 0 0 0 0 0 43 389 0 0 20 0 0 0 0 56 0 0 0 0 0 0 0 75 0 0 55 0 0 1445 0 1060 0 68 0 0 0 1246 0 1064 0 84 0 0 0 0 0 0 6 0 0 0 0 0 7 0 0 0 219 0 0 0 9 0 0 0 10 0 6 0 0 0 0 0 0 0 0 0 9 0 0 0 0 0 0 0 0 0 1 0 0 0 
0 11 0 0 93 1297 0 0 47 0 8 0 0 0 0 0 502 0 0 666 0 0 10082 0 6930 10844 0 0 8422 0 103 81751 0 0 0 9726 305 0 0 0 0 0 0 64 524 0 0 47 0 0 0 0 66 0 0 0 0 0 0 0 92 0 0 53 0 0 672 0 1005 0 43 0 0 0 880 0 1412 0 53 0 0 0 0 0 0 4 0 0 0 0 0 1 0 0 0 110 0 0 0 5 0 0 0 5 0 3 0 0 0 0 0 0 0 0 0 8 0 0 0 0 0 0 0 0 0 1 0 0 0 
0 9 0 0 66 1577 0 0 27 0 11 0 0 0 0 0 354 0 0 304 0 0 7905 0 8011 6991 0 0 8654 0 35 148407 0 0 0 10214 180 0 0 0 0 0 0 56 576 0 0 27 0 0 0 0 48 0 0 0 0 0 0 0 53 0 0 45 0 0 1993 0 1567 0 62 0 0 0 1656 0 1264 0 53 0 0 0 0 0 0 5 0 0 0 0 0 2 0 0 0 362 0 0 0 12 0 0 0 16 0 9 0 0 0 0 0 0 0 0 0 11 0 0 0 0 0 0 0 0 0 2 0 0 0 
0 9 0 0 63 1402 0 0 30 0 6 0 0 0 0 0 362 0 0 352 0 0 8232 0 7571 6416 0 0 8246 0 48 121884 0 0 0 8314 161 0 0 0 0 0 0 43 550 0 0 15 0 0 0 0 51 0 0 0 0 0 0 0 42 0 0 30 0 0 951 0 1590 0 34 0 0 0 645 0 1123 0 39 0 0 0 0 0 0 1 0 0 0 0 0 3 0 0 0 125 0 0 0 6 0 0 0 1 0 2 0 0 0 0 0 0 0 0 0 3 0 0 0 0 0 0 0 0 0 0 0 0 0 
0 8 0 0 57 1214 0 0 18 0 11 0 0 0 0 0 329 0 0 198 0 0 4734 0 6301 5890 0 0 7231 0 15 106440 0 0 0 8082 154 0 0 0 0 0 0 34 329 0 0 20 0 0 0 0 48 0 0 0 0 0 0 0 43 0 0 29 0 0 1473 0 1312 0 66 0 0 0 1200 0 896 0 40 0 0 0 0 0 0 5 0 0 0 0 0 5 0 0 0 280 0 0 0 10 0 0 0 7 0 4 0 0 0 0 0 0 0 0 0 16 0 0 0 0 0 0 0 0 0 4 0 0 0 
0 6 0 0 38 719 0 0 10 0 5 0 0 0 0 0 229 0 0 99 0 0 2175 0 4302 4904 0 0 5212 0 4 48220 0 0 0 4109 87 0 0 0 0 0 0 9 109 0 0 12 0 0 0 0 26 0 0 0 0 0 0 0 21 0 0 12 0 0 554 0 730 0 24 0 0 0 478 0 560 0 25 0 0 0 0 0 0 0 0 0 0 0 0 0 0 0 0 80 0 0 0 2 0 0 0 6 0 4 0 0 0 0 0 0 0 0 0 4 0 0 0 0 0 0 0 0 0 0 0 0 0 
0 6 0 0 47 687 0 0 13 0 2 0 0 0 0 0 265 0 0 168 0 0 2745 0 4190 5398 0 0 4967 0 13 41365 0 0 0 4970 138 0 0 0 0 0 0 21 134 0 0 11 0 0 0 0 34 0 0 0 0 0 0 0 41 0 0 6 0 0 213 0 621 0 13 0 0 0 148 0 642 0 13 0 0 0 0 0 0 0 0 0 0 0 0 1 0 0 0 21 0 0 0 4 0 0 0 1 0 0 0 0 0 0 0 0 0 0 0 1 0 0 0 0 0 0 0 0 0 0 0 0 0 
0 10 0 0 79 1394 0 0 32 0 13 0 0 0 0 0 428 0 0 418 0 0 7868 0 7254 7615 0 0 7670 0 43 110801 0 0 0 10094 230 0 0 0 0 0 0 53 511 0 0 19 0 0 0 0 54 0 0 0 0 0 0 0 64 0 0 53 0 0 1729 0 1424 0 88 0 0 0 1334 0 1217 0 85 0 0 0 0 0 0 7 0 0 0 0 0 5 0 0 0 267 0 0 0 16 0 0 0 11 0 9 0 0 0 0 0 0 0 0 0 6 0 0 0 0 0 0 0 0 0 3 0 0 0 
0 7 0 0 62 957 0 0 11 0 11 0 0 0 0 0 314 0 0 146 0 0 2575 0 5316 7138 0 0 6521 0 5 67784 0 0 0 7026 221 0 0 0 0 0 0 28 159 0 0 25 0 0 0 0 44 0 0 0 0 0 0 0 67 0 0 13 0 0 1536 0 896 0 51 0 0 0 1187 0 1051 0 77 0 0 0 0 0 0 8 0 0 0 0 0 3 0 0 0 212 0 0 0 14 0 0 0 12 0 7 0 0 0 0 0 0 0 0 0 14 0 0 1 0 0 0 0 0 0 3 0 0 0 
0 7 0 0 50 1035 0 0 17 0 4 0 0 0 0 0 275 0 0 198 0 0 4606 0 5425 5814 0 0 7939 0 17 99750 0 0 0 5922 142 0 0 0 0 0 0 31 288 0 0 7 0 0 0 0 51 0 0 0 0 0 0 0 39 0 0 16 0 0 456 0 1485 0 31 0 0 0 455 0 731 0 19 0 0 0 0 0 0 1 0 0 0 0 0 0 0 0 0 44 0 0 0 4 0 0 0 3 0 1 0 0 0 0 0 0 0 0 0 3 0 0 0 0 0 0 0 0 0 0 0 0 0 
0 8 0 0 64 1057 0 0 25 0 3 0 0 0 0 0 373 0 0 326 0 0 5866 0 5672 7235 0 0 7671 0 39 77037 0 0 0 7774 191 0 0 0 0 0 0 44 339 0 0 24 0 0 0 0 54 0 0 0 0 0 0 0 54 0 0 16 0 0 345 0 1116 0 17 0 0 0 382 0 1053 0 20 0 0 0 0 0 0 0 0 0 0 0 0 0 0 0 0 45 0 0 0 2 0 0 0 4 0 1 0 0 0 0 0 0 0 0 0 1 0 0 0 0 0 0 0 0 0 0 0 0 0 
0 10 0 0 61 1774 0 0 32 0 16 0 0 0 0 0 316 0 0 305 0 0 9528 0 8944 6144 0 0 11012 0 39 176321 0 0 0 9461 141 0 0 0 0 0 0 65 753 0 0 15 0 0 0 0 50 0 0 0 0 0 0 0 37 0 0 72 0 0 2476 0 2348 0 69 0 0 0 2629 0 1126 0 75 0 0 0 0 0 0 9 0 0 0 0 0 7 0 0 0 373 0 0 0 19 0 0 0 22 0 17 0 0 0 0 0 0 0 0 0 12 0 0 0 0 0 0 0 0 0 0 0 0 0 
0 10 0 0 70 1545 0 0 34 0 13 0 0 0 0 0 399 0 0 384 0 0 8989 0 7986 7782 0 0 7710 0 49 141606 0 0 0 8917 184 0 0 0 0 0 0 46 643 0 0 26 0 0 0 0 46 0 0 0 0 0 0 0 54 0 0 62 0 0 2016 0 1461 0 72 0 0 0 1753 0 1186 0 72 0 0 0 0 0 0 8 0 0 0 0 0 7 0 0 0 313 0 0 0 17 0 0 0 11 0 10 0 0 0 0 0 0 0 0 0 8 0 0 0 0 0 0 0 0 0 0 0 0 0 
0 3 0 0 28 409 0 0 1 0 2 0 0 0 0 0 179 0 0 15 0 0 287 0 2319 3276 0 0 3269 0 0 30084 0 0 0 3373 96 0 0 0 0 0 0 3 22 0 0 0 0 0 0 0 28 0 0 0 0 0 0 0 25 0 0 0 0 0 316 0 540 0 16 0 0 0 133 0 375 0 16 0 0 0 0 0 0 0 0 0 0 0 0 1 0 0 0 16 0 0 0 2 0 0 0 1 0 0 0 0 0 0 0 0 0 0 0 2 0 0 0 0 0 0 0 0 0 0 0 0 0 
0 2 0 0 19 189 0 0 0 0 1 0 0 0 0 0 109 0 0 0 0 0 0 0 1032 2248 0 0 1518 0 0 12395 0 0 0 1420 68 0 0 0 0 0 0 0 0 0 0 0 0 0 0 0 10 0 0 0 0 0 0 0 17 0 0 0 0 0 151 0 224 0 7 0 0 0 31 0 180 0 7 0 0 0 0 0 0 0 0 0 0 0 0 0 0 0 0 2 0 0 0 4 0 0 0 0 0 0 0 0 0 0 0 0 0 0 0 1 0 0 0 0 0 0 0 0 0 0 0 0 0 
0 9 0 0 63 841 0 0 25 0 12 0 0 0 0 0 364 0 0 291 0 0 4153 0 4692 7471 0 0 5302 0 29 46353 0 0 0 5107 155 0 0 0 0 0 0 23 201 0 0 21 0 0 0 0 39 0 0 0 0 0 0 0 54 0 0 38 0 0 1400 0 676 0 73 0 0 0 795 0 676 0 74 0 0 0 0 0 0 9 0 0 0 0 0 5 0 0 0 116 0 0 0 11 0 0 0 4 0 6 0 0 0 0 0 0 0 0 0 2 0 0 0 0 0 0 0 0 0 4 0 0 0 
0 8 0 0 62 1432 0 0 23 0 6 0 0 0 0 0 348 0 0 294 0 0 6762 0 7301 6137 0 0 8854 0 31 134768 0 0 0 9919 180 0 0 0 0 0 0 44 597 0 0 18 0 0 0 0 62 0 0 0 0 0 0 0 49 0 0 24 0 0 1002 0 1765 0 31 0 0 0 1049 0 1126 0 34 0 0 0 0 0 0 2 0 0 0 0 0 1 0 0 0 208 0 0 0 6 0 0 0 6 0 4 0 0 0 0 0 0 0 0 0 5 0 0 0 0 0 0 0 0 0 0 0 0 0 
0 7 0 0 51 1076 0 0 18 0 3 0 0 0 0 0 285 0 0 205 0 0 4587 0 5662 5478 0 0 6152 0 22 94658 0 0 0 7441 135 0 0 0 0 0 0 37 367 0 0 11 0 0 0 0 40 0 0 0 0 0 0 0 40 0 0 11 0 0 534 0 1145 0 19 0 0 0 308 0 897 0 12 0 0 0 0 0 0 1 0 0 0 0 0 1 0 0 0 127 0 0 0 6 0 0 0 1 0 0 0 0 0 0 0 0 0 0 0 5 0 0 0 0 0 0 0 0 0 0 0 0 0 
0 3 0 0 22 389 0 0 3 0 0 0 0 0 0 0 148 0 0 34 0 0 730 0 2148 2862 0 0 3175 0 1 29582 0 0 0 2612 55 0 0 0 0 0 0 7 21 0 0 2 0 0 0 0 17 0 0 0 0 0 0 0 20 0 0 0 0 0 0 0 498 0 0 0 0 0 0 0 389 0 0 0 0 0 0 0 0 0 0 0 0 0 0 0 0 0 0 0 0 0 0 0 0 0 0 0 0 0 0 0 0 0 0 0 0 0 0 0 0 0 0 0 0 0 0 0 0 0 0 0 0 
0 9 0 0 66 1276 0 0 30 0 6 0 0 0 0 0 375 0 0 357 0 0 7484 0 6788 7599 0 0 8150 0 46 95541 0 0 0 7922 188 0 0 0 0 0 0 56 482 0 0 23 0 0 0 0 43 0 0 0 0 0 0 0 51 0 0 34 0 0 723 0 1228 0 34 0 0 0 785 0 1089 0 29 0 0 0 0 0 0 1 0 0 0 0 0 1 0 0 0 99 0 0 0 2 0 0 0 6 0 2 0 0 0 0 0 0 0 0 0 4 0 0 0 0 0 0 0 0 0 0 0 0 0 
0 8 0 0 56 922 0 0 20 0 9 0 0 0 0 0 338 0 0 232 0 0 4216 0 4927 6873 0 0 6325 0 17 77004 0 0 0 5496 153 0 0 0 0 0 0 30 239 0 0 13 0 0 0 0 43 0 0 0 0 0 0 0 31 0 0 35 0 0 896 0 1166 0 51 0 0 0 774 0 706 0 51 0 0 0 0 0 0 1 0 0 0 0 0 2 0 0 0 104 0 0 0 8 0 0 0 5 0 4 0 0 0 0 0 0 0 0 0 7 0 0 1 0 0 0 0 0 0 2 0 0 0 
0 3 0 0 23 567 0 0 1 0 2 0 0 0 0 0 140 0 0 15 0 0 324 0 3363 2665 0 0 3792 0 0 53409 0 0 0 3852 69 0 0 0 0 0 0 1 18 0 0 1 0 0 0 0 20 0 0 0 0 0 0 0 13 0 0 0 0 0 357 0 661 0 8 0 0 0 309 0 500 0 12 0 0 0 0 0 0 1 0 0 0 0 0 0 0 0 0 52 0 0 0 3 0 0 0 0 0 0 0 0 0 0 0 0 0 0 0 4 0 0 0 0 0 0 0 0 0 0 0 0 0 
0 7 0 0 49 1110 0 0 14 0 7 0 0 0 0 0 260 0 0 147 0 0 3866 0 5999 5891 0 0 8281 0 9 90069 0 0 0 6833 135 0 0 0 0 0 0 37 271 0 0 14 0 0 0 0 43 0 0 0 0 0 0 0 32 0 0 17 0 0 984 0 1194 0 33 0 0 0 921 0 1010 0 33 0 0 0 0 0 0 1 0 0 0 0 0 2 0 0 0 151 0 0 0 10 0 0 0 10 0 6 0 0 0 0 0 0 0 0 0 5 0 0 0 0 0 0 0 0 0 0 0 0 0 
0 8 0 0 48 1044 0 0 22 0 7 0 0 0 0 0 298 0 0 216 0 0 5001 0 5645 5585 0 0 8335 0 25 76985 0 0 0 5668 117 0 0 0 0 0 0 36 335 0 0 15 0 0 0 0 50 0 0 0 0 0 0 0 26 0 0 32 0 0 900 0 1220 0 31 0 0 0 720 0 794 0 23 0 0 0 0 0 0 0 0 0 0 0 0 1 0 0 0 114 0 0 0 8 0 0 0 4 0 2 0 0 0 0 0 0 0 0 0 3 0 0 0 0 0 0 0 0 0 2 0 0 0 
139 7 1042 871 58 743 9396 888 17 8 6 197 95 6797 5377 6504 268 5253 4400 230 4976 103112 3302 106207 3396 6245 90676 123350 4646 2184 17 44389 413336 48198 52777 5237 201 1885 6572 45 575 731 815 22 152 6563 530 18 354 609 706 849 37 48 41 32 43 1004 499 668 65 927 424 23 632 10777 617 22834 586 651 29 1028 713 17970 480 11527 851 1227 33 434 915 7 6 6 9 1 78 103 1 6 3 2 161 11 627 44 1742 76 77 7 208 138 75 3 85 3 77 121 107 3 9 13 10 94 99 7 66 17 0 0 1 1 0 0 1 0 21 12 39 
0 8 0 0 53 876 0 0 25 0 4 0 0 0 0 0 380 0 0 285 0 0 4761 0 5075 5731 0 0 5300 0 40 61071 0 0 0 5013 123 0 0 0 0 0 0 20 220 0 0 14 0 0 0 0 40 0 0 0 0 0 0 0 38 0 0 19 0 0 563 0 798 0 23 0 0 0 526 0 683 0 21 0 0 0 0 0 0 1 0 0 0 0 0 1 0 0 0 58 0 0 0 3 0 0 0 4 0 1 0 0 0 0 0 0 0 0 0 1 0 0 0 0 0 0 0 0 0 0 0 0 0 
0 8 0 0 50 1100 0 0 18 0 11 0 0 0 0 0 291 0 0 186 0 0 4298 0 6015 5916 0 0 6543 0 11 94220 0 0 0 6039 110 0 0 0 0 0 0 25 238 0 0 9 0 0 0 0 41 0 0 0 0 0 0 0 41 0 0 35 0 0 1780 0 1223 0 62 0 0 0 991 0 911 0 56 0 0 0 0 0 0 5 0 0 0 0 0 4 0 0 0 207 0 0 0 9 0 0 0 5 0 4 0 0 0 0 0 0 0 0 0 5 0 0 0 0 0 0 0 0 0 3 0 0 0 
11 10 0 97 67 1400 55 51 33 0 14 0 13 0 0 610 366 0 356 362 344 4560 8074 460 7586 7580 13635 0 9001 83 47 106972 165 0 425 8073 156 280 0 0 0 39 0 53 514 25 68 27 0 0 0 0 52 0 0 0 0 0 0 119 44 0 37 58 26 1682 1795 0 1420 79 65 0 0 0 1661 120 1162 0 70 81 0 0 0 0 0 6 15 0 0 0 0 8 0 2 5 285 0 14 0 10 0 0 0 15 0 14 9 0 0 0 0 0 0 0 0 12 19 0 1 0 0 0 0 0 0 3 0 2 0 
0 8 0 0 63 1158 0 0 22 0 6 0 0 0 0 0 324 0 0 254 0 0 5614 0 6064 7260 0 0 8519 0 26 88824 0 0 0 7496 209 0 0 0 0 0 0 45 334 0 0 26 0 0 0 0 54 0 0 0 0 0 0 0 64 0 0 24 0 0 876 0 1215 0 36 0 0 0 648 0 1136 0 41 0 0 0 0 0 0 3 0 0 0 0 0 1 0 0 0 129 0 0 0 6 0 0 0 7 0 2 0 0 0 0 0 0 0 0 0 8 0 0 0 0 0 0 0 0 0 0 0 0 0 
0 6 0 0 39 724 0 0 11 0 4 0 0 0 0 0 255 0 0 131 0 0 2304 0 4292 4580 0 0 4830 0 8 49740 0 0 0 4273 92 0 0 0 0 0 0 7 106 0 0 7 0 0 0 0 29 0 0 0 0 0 0 0 28 0 0 8 0 0 518 0 731 0 21 0 0 0 481 0 511 0 17 0 0 0 0 0 0 0 0 0 0 0 0 1 0 0 0 46 0 0 0 3 0 0 0 4 0 3 0 0 0 0 0 0 0 0 0 0 0 0 0 0 0 0 0 0 0 0 0 0 0 
0 10 0 0 73 1184 0 0 38 0 7 0 0 0 0 0 409 0 0 455 0 0 7938 0 6124 8302 0 0 8399 0 74 96296 0 0 0 7071 195 0 0 0 0 0 0 55 496 0 0 30 0 0 0 0 52 0 0 0 0 0 0 0 60 0 0 37 0 0 1065 0 1456 0 36 0 0 0 371 0 964 0 37 0 0 0 0 0 0 0 0 0 0 0 0 4 0 0 0 123 0 0 0 11 0 0 0 2 0 4 0 0 0 0 0 0 0 0 0 9 0 0 0 0 0 0 0 0 0 1 0 0 0 
0 9 0 0 72 1259 0 0 28 0 8 0 0 0 0 0 375 0 0 351 0 0 6926 0 6482 8573 0 0 8947 0 39 106781 0 0 0 8259 214 0 0 0 0 0 0 54 450 0 0 32 0 0 0 0 58 0 0 0 0 0 0 0 59 0 0 34 0 0 1185 0 1596 0 45 0 0 0 721 0 1132 0 52 0 0 0 0 0 0 4 0 0 0 0 0 3 0 0 0 142 0 0 0 11 0 0 0 9 0 4 0 0 0 0 0 0 0 0 0 7 0 0 0 0 0 0 0 0 0 0 0 0 0 
0 10 0 0 61 1579 0 0 33 0 13 0 0 0 0 0 353 0 0 334 0 0 9317 0 8322 6069 0 0 9251 0 45 133556 0 0 0 8915 147 0 0 0 0 0 0 50 627 0 0 16 0 0 0 0 47 0 0 0 0 0 0 0 30 0 0 60 0 0 1986 0 1624 0 68 0 0 0 1521 0 1063 0 54 0 0 0 0 0 0 5 0 0 0 0 0 7 0 0 0 187 0 0 0 12 0 0 0 9 0 10 0 0 0 0 0 0 0 0 0 6 0 0 0 0 0 0 0 0 0 1 0 0 0 
0 7 0 0 66 514 0 0 16 0 7 0 0 0 0 0 395 0 0 248 0 0 1886 0 2876 8008 0 0 3304 0 17 27488 0 0 0 4202 229 0 0 0 0 0 0 12 45 0 0 25 0 0 0 0 32 0 0 0 0 0 0 0 64 0 0 16 0 0 842 0 401 0 47 0 0 0 556 0 586 0 51 0 0 0 0 0 0 7 0 0 0 0 0 1 0 0 0 75 0 0 0 10 0 0 0 6 0 5 0 0 0 0 0 0 0 0 0 7 0 0 0 0 0 0 0 0 0 0 0 0 0 
34 12 172 358 66 1348 555 138 52 1 15 6 48 875 1193 1846 381 986 1181 488 897 18717 10350 4094 7140 7520 39457 5335 9379 206 104 83001 5799 5626 5148 6558 115 1363 844 3 90 123 11 55 594 201 138 11 9 171 50 25 50 5 5 5 7 59 559 402 51 19 178 100 82 5783 1815 178 1314 235 68 48 91 252 1325 1347 896 26 73 359 156 2 4 0 1 8 26 0 0 0 0 10 2 32 102 183 6 51 73 14 1 1 9 10 6 6 22 1 9 3 0 0 1 0 7 8 41 0 0 0 0 0 0 0 0 2 5 8 0 
0 9 0 0 65 1173 0 0 24 0 12 0 0 0 0 0 381 0 0 280 0 0 5544 0 5963 7112 0 0 6655 0 27 98473 0 0 0 8020 167 0 0 0 0 0 0 36 463 0 0 15 0 0 0 0 43 0 0 0 0 0 0 0 57 0 0 33 0 0 1719 0 1302 0 82 0 0 0 864 0 1042 0 77 0 0 0 0 0 0 2 0 0 0 0 0 11 0 0 0 144 0 0 0 11 0 0 0 2 0 8 0 0 0 0 0 0 0 0 0 4 0 0 0 0 0 0 0 0 0 3 0 0 0 
0 9 0 0 65 1369 0 0 23 0 14 0 0 0 0 0 364 0 0 265 0 0 5966 0 7043 6838 0 0 7868 0 23 117707 0 0 0 9171 187 0 0 0 0 0 0 40 408 0 0 19 0 0 0 0 59 0 0 0 0 0 0 0 50 0 0 41 0 0 2011 0 1369 0 92 0 0 0 1613 0 1216 0 74 0 0 0 0 0 0 3 0 0 0 0 0 12 0 0 0 392 0 0 0 12 0 0 0 11 0 7 0 0 0 0 0 0 0 0 0 9 0 0 0 0 0 0 0 0 0 5 0 0 0 
0 9 0 0 57 1250 0 0 27 0 10 0 0 0 0 0 312 0 0 271 0 0 6407 0 6968 6300 0 0 8814 0 34 96644 0 0 0 7251 144 0 0 0 0 0 0 37 398 0 0 14 0 0 0 0 43 0 0 0 0 0 0 0 29 0 0 40 0 0 1293 0 1232 0 56 0 0 0 1398 0 876 0 55 0 0 0 0 0 0 6 0 0 0 0 0 4 0 0 0 210 0 0 0 8 0 0 0 5 0 7 0 0 0 0 0 0 0 0 0 8 0 0 0 0 0 0 0 0 0 0 0 0 0 
0 8 0 0 61 745 0 0 19 0 9 0 0 0 0 0 365 0 0 244 0 0 3189 0 4267 7028 0 0 4903 0 17 37868 0 0 0 5011 172 0 0 0 0 0 0 24 164 0 0 13 0 0 0 0 39 0 0 0 0 0 0 0 51 0 0 26 0 0 869 0 605 0 57 0 0 0 567 0 706 0 53 0 0 0 0 0 0 1 0 0 0 0 0 2 0 0 0 119 0 0 0 8 0 0 0 3 0 8 0 0 0 0 0 0 0 0 0 9 0 0 0 0 0 0 0 0 0 2 0 0 0 
0 6 0 0 51 807 0 0 11 0 4 0 0 0 0 0 295 0 0 144 0 0 2505 0 4288 5630 0 0 5941 0 8 72993 0 0 0 6600 158 0 0 0 0 0 0 20 186 0 0 12 0 0 0 0 50 0 0 0 0 0 0 0 43 0 0 8 0 0 848 0 1157 0 35 0 0 0 209 0 744 0 24 0 0 0 0 0 0 1 0 0 0 0 0 3 0 0 0 39 0 0 0 6 0 0 0 1 0 0 0 0 0 0 0 0 0 0 0 3 0 0 0 0 0 0 0 0 0 0 0 0 0 
0 11 0 0 78 1648 0 0 42 0 16 0 0 0 0 0 412 0 0 469 0 0 10766 0 8388 7741 0 0 9065 0 73 134406 0 0 0 10458 213 0 0 0 0 0 0 71 701 0 0 31 0 0 0 0 55 0 0 0 0 0 0 0 52 0 0 82 0 0 2392 0 1685 0 100 0 0 0 2293 0 1248 0 85 0 0 0 0 0 0 10 0 0 0 0 0 10 0 0 0 400 0 0 0 17 0 0 0 13 0 17 0 0 0 0 0 0 0 0 0 10 0 0 0 0 0 0 0 0 0 3 0 0 0 
0 6 0 0 43 1059 0 0 14 0 1 0 0 0 0 0 269 0 0 162 0 0 4202 0 5855 5048 0 0 6421 0 16 93810 0 0 0 6630 120 0 0 0 0 0 0 29 356 0 0 9 0 0 0 0 39 0 0 0 0 0 0 0 20 0 0 4 0 0 185 0 1067 0 4 0 0 0 137 0 916 0 5 0 0 0 0 0 0 0 0 0 0 0 0 0 0 0 0 20 0 0 0 2 0 0 0 0 0 0 0 0 0 0 0 0 0 0 0 2 0 0 0 0 0 0 0 0 0 0 0 0 0 
0 10 0 0 69 1196 0 0 30 0 17 0 0 0 0 0 412 0 0 354 0 0 6398 0 6543 7221 0 0 7325 0 31 78765 0 0 0 7333 184 0 0 0 0 0 0 38 351 0 0 22 0 0 0 0 46 0 0 0 0 0 0 0 50 0 0 69 0 0 2131 0 1040 0 100 0 0 0 1653 0 1002 0 84 0 0 0 0 0 0 8 0 0 0 0 0 9 0 0 0 204 0 0 0 13 0 0 0 8 0 13 0 0 0 0 0 0 0 0 0 5 0 0 1 0 0 0 0 0 0 5 0 0 0 
0 5 0 0 40 632 0 0 9 0 1 0 0 0 0 0 227 0 0 113 0 0 2110 0 3753 4755 0 0 3976 0 7 42257 0 0 0 4668 119 0 0 0 0 0 0 18 115 0 0 11 0 0 0 0 27 0 0 0 0 0 0 0 37 0 0 3 0 0 107 0 562 0 9 0 0 0 56 0 669 0 4 0 0 0 0 0 0 0 0 0 0 0 0 0 0 0 0 6 0 0 0 0 0 0 0 0 0 0 0 0 0 0 0 0 0 0 0 0 0 0 0 0 0 0 0 0 0 0 0 0 0 
0 9 0 0 72 1568 0 0 28 0 8 0 0 0 0 0 369 0 0 346 0 0 8233 0 7674 7170 0 0 9420 0 37 158887 0 0 0 10492 245 0 0 0 0 0 0 63 656 0 0 19 0 0 0 0 57 0 0 0 0 0 0 0 68 0 0 39 0 0 1378 0 2134 0 50 0 0 0 1094 0 1227 0 57 0 0 0 0 0 0 1 0 0 0 0 0 1 0 0 0 230 0 0 0 11 0 0 0 11 0 5 0 0 0 0 0 0 0 0 0 8 0 0 1 0 0 0 0 0 0 0 0 0 0 
0 6 0 0 49 1137 0 0 13 0 2 0 0 0 0 0 269 0 0 156 0 0 4120 0 5912 5395 0 0 7440 0 12 114090 0 0 0 8254 153 0 0 0 0 0 0 44 341 0 0 10 0 0 0 0 48 0 0 0 0 0 0 0 32 0 0 8 0 0 381 0 1500 0 12 0 0 0 261 0 989 0 11 0 0 0 0 0 0 0 0 0 0 0 0 0 0 0 0 103 0 0 0 4 0 0 0 1 0 0 0 0 0 0 0 0 0 0 0 3 0 0 0 0 0 0 0 0 0 0 0 0 0 
0 10 0 0 66 929 0 0 37 0 9 0 0 0 0 0 415 0 0 417 0 0 6195 0 5392 7507 0 0 6522 0 66 60184 0 0 0 4568 175 0 0 0 0 0 0 44 264 0 0 24 0 0 0 0 47 0 0 0 0 0 0 0 50 0 0 49 0 0 919 0 808 0 47 0 0 0 667 0 703 0 40 0 0 0 0 0 0 2 0 0 0 0 0 6 0 0 0 74 0 0 0 6 0 0 0 5 0 5 0 0 0 0 0 0 0 0 0 3 0 0 0 0 0 0 0 0 0 0 0 0 0 
0 10 0 0 72 1314 0 0 43 0 2 0 0 0 0 0 433 0 0 507 0 0 9875 0 7107 7349 0 0 9339 0 105 90778 0 0 0 8218 180 0 0 0 0 0 0 71 619 0 0 26 0 0 0 0 64 0 0 0 0 0 0 0 59 0 0 14 0 0 310 0 1320 0 9 0 0 0 260 0 1041 0 11 0 0 0 0 0 0 0 0 0 0 0 0 0 0 0 0 42 0 0 0 2 0 0 0 4 0 1 0 0 0 0 0 0 0 0 0 2 0 0 0 0 0 0 0 0 0 0 0 0 0 
0 5 0 0 34 906 0 0 8 0 2 0 0 0 0 0 184 0 0 90 0 0 2452 0 5026 3789 0 0 5308 0 5 94124 0 0 0 5097 76 0 0 0 0 0 0 15 166 0 0 7 0 0 0 0 33 0 0 0 0 0 0 0 28 0 0 4 0 0 447 0 1255 0 9 0 0 0 259 0 701 0 10 0 0 0 0 0 0 0 0 0 0 0 0 0 0 0 0 62 0 0 0 3 0 0 0 1 0 1 0 0 0 0 0 0 0 0 0 1 0 0 0 0 0 0 0 0 0 0 0 0 0 
0 5 0 0 40 780 0 0 9 0 1 0 0 0 0 0 247 0 0 117 0 0 2424 0 4552 4577 0 0 5174 0 7 62712 0 0 0 5326 112 0 0 0 0 0 0 22 176 0 0 4 0 0 0 0 48 0 0 0 0 0 0 0 35 0 0 3 0 0 93 0 825 0 9 0 0 0 183 0 786 0 8 0 0 0 0 0 0 0 0 0 0 0 0 0 0 0 0 25 0 0 0 0 0 0 0 0 0 0 0 0 0 0 0 0 0 0 0 0 0 0 0 0 0 0 0 0 0 0 0 0 0 
0 9 0 0 60 1343 0 0 27 0 9 0 0 0 0 0 354 0 0 293 0 0 6995 0 7257 6175 0 0 8701 0 34 101864 0 0 0 7688 143 0 0 0 0 0 0 44 483 0 0 16 0 0 0 0 51 0 0 0 0 0 0 0 42 0 0 38 0 0 1287 0 1345 0 47 0 0 0 1141 0 984 0 50 0 0 0 0 0 0 2 0 0 0 0 0 1 0 0 0 158 0 0 0 4 0 0 0 9 0 8 0 0 0 0 0 0 0 0 0 4 0 0 0 0 0 0 0 0 0 1 0 0 0 
78 12 865 824 74 1472 2928 452 52 11 14 75 100 5003 7352 4537 377 4177 3882 526 2494 55131 11299 29668 7038 7828 99093 57419 8254 932 105 107134 70791 49656 27289 7693 167 3137 5283 49 886 502 299 69 661 1953 480 25 193 925 1138 642 44 49 63 81 29 483 655 862 48 321 444 91 327 13102 1845 4876 1266 536 72 624 654 7833 1236 6665 998 428 78 768 695 10 4 9 9 5 76 35 4 10 8 5 88 48 393 212 320 97 100 14 48 96 115 6 71 13 86 66 82 9 8 6 11 60 56 8 91 10 0 1 0 0 0 0 1 1 13 18 6 
0 12 0 0 92 1315 0 0 55 0 11 0 0 0 0 0 518 0 0 701 0 0 10912 0 6871 11268 0 0 8153 0 124 78800 0 0 0 8597 268 0 0 0 0 0 0 63 536 0 0 52 0 0 0 0 51 0 0 0 0 0 0 0 79 0 0 83 0 0 1234 0 1062 0 73 0 0 0 907 0 1312 0 67 0 0 0 0 0 0 3 0 0 0 0 0 2 0 0 0 138 0 0 0 5 0 0 0 8 0 7 0 0 0 0 0 0 0 0 0 3 0 0 0 0 0 0 0 0 0 1 0 0 0 
0 6 0 0 37 843 0 0 12 0 4 0 0 0 0 0 214 0 0 127 0 0 2974 0 4743 3966 0 0 6285 0 9 63250 0 0 0 4520 82 0 0 0 0 0 0 20 233 0 0 3 0 0 0 0 36 0 0 0 0 0 0 0 27 0 0 14 0 0 460 0 1010 0 16 0 0 0 506 0 580 0 16 0 0 0 0 0 0 0 0 0 0 0 0 0 0 0 0 58 0 0 0 1 0 0 0 2 0 1 0 0 0 0 0 0 0 0 0 4 0 0 0 0 0 0 0 0 0 0 0 0 0 
0 8 0 0 62 1196 0 0 21 0 8 0 0 0 0 0 340 0 0 256 0 0 5357 0 6441 6837 0 0 7076 0 21 104889 0 0 0 7437 208 0 0 0 0 0 0 42 345 0 0 18 0 0 0 0 55 0 0 0 0 0 0 0 58 0 0 32 0 0 1467 0 1206 0 35 0 0 0 820 0 954 0 57 0 0 0 0 0 0 4 0 0 0 0 0 2 0 0 0 204 0 0 0 12 0 0 0 7 0 3 0 0 0 0 0 0 0 0 0 7 0 0 0 0 0 0 0 0 0 0 0 0 0 
79 6 571 416 45 905 3021 484 13 4 2 60 56 3818 2037 2843 218 3110 2047 162 2918 53696 3409 33427 4439 4621 61873 34815 5843 1143 12 86091 74967 41694 14005 5344 118 787 3031 16 303 267 203 30 222 1716 329 6 113 267 560 216 47 28 19 15 12 162 677 125 40 289 254 8 345 8652 298 3605 1223 370 15 213 538 9042 236 3768 691 309 11 218 333 1 6 7 1 0 61 12 0 2 1 0 37 13 232 61 476 14 110 2 18 64 36 1 25 0 38 47 33 2 3 1 0 22 72 0 15 6 0 1 0 0 1 0 0 0 7 3 1 
0 6 0 0 40 819 0 0 13 0 2 0 0 0 0 0 208 0 0 138 0 0 3311 0 4521 4835 0 0 5856 0 13 75685 0 0 0 4709 88 0 0 0 0 0 0 25 235 0 0 13 0 0 0 0 43 0 0 0 0 0 0 0 35 0 0 6 0 0 122 0 1258 0 12 0 0 0 124 0 633 0 12 0 0 0 0 0 0 0 0 0 0 0 0 0 0 0 0 27 0 0 0 0 0 0 0 0 0 1 0 0 0 0 0 0 0 0 0 0 0 0 0 0 0 0 0 0 0 0 0 0 0 
0 3 0 0 29 426 0 0 2 0 1 0 0 0 0 0 176 0 0 33 0 0 480 0 2429 3306 0 0 3344 0 0 31150 0 0 0 3446 112 0 0 0 0 0 0 3 25 0 0 2 0 0 0 0 38 0 0 0 0 0 0 0 23 0 0 1 0 0 172 0 510 0 5 0 0 0 121 0 487 0 8 0 0 0 0 0 0 0 0 0 0 0 0 0 0 0 0 11 0 0 0 3 0 0 0 2 0 0 0 0 0 0 0 0 0 0 0 1 0 0 0 0 0 0 0 0 0 0 0 0 0 
0 8 0 0 55 1098 0 0 19 0 10 0 0 0 0 0 308 0 0 222 0 0 4524 0 5955 6440 0 0 7821 0 17 79154 0 0 0 6419 136 0 0 0 0 0 0 35 256 0 0 16 0 0 0 0 55 0 0 0 0 0 0 0 51 0 0 28 0 0 1265 0 1151 0 40 0 0 0 1207 0 899 0 51 0 0 0 0 0 0 5 0 0 0 0 0 2 0 0 0 191 0 0 0 9 0 0 0 7 0 7 0 0 0 0 0 0 0 0 0 3 0 0 0 0 0 0 0 0 0 3 0 0 0 
282 10 1813 2520 55 1032 39015 1483 33 16 13 611 283 8768 12559 12784 241 7720 11159 317 7481 132356 5932 366227 4397 4170 254564 433785 4294 3012 51 58733 3542378 107170 312453 4790 141 7418 8414 83 1424 1115 2316 31 329 21025 1153 15 1151 1379 1871 3494 33 80 64 77 64 2935 1729 2944 43 2466 1171 45 886 31858 1308 142660 608 1294 44 4382 1317 68116 1248 69201 685 2937 58 1680 1171 14 12 12 21 11 131 404 11 8 9 4 472 93 4351 183 12699 330 234 9 1021 538 257 8 359 17 139 341 449 15 8 16 16 496 567 6 322 70 0 0 2 0 0 2 4 0 77 39 198 
0 9 0 0 65 1260 0 0 31 0 6 0 0 0 0 0 380 0 0 367 0 0 7750 0 6782 7425 0 0 7739 0 53 99326 0 0 0 8278 179 0 0 0 0 0 0 57 445 0 0 20 0 0 0 0 60 0 0 0 0 0 0 0 46 0 0 33 0 0 846 0 1084 0 44 0 0 0 772 0 1197 0 33 0 0 0 0 0 0 1 0 0 0 0 0 1 0 0 0 88 0 0 0 4 0 0 0 3 0 3 0 0 0 0 0 0 0 0 0 3 0 0 0 0 0 0 0 0 0 0 0 0 0 
168 8 1158 1174 60 834 13846 1017 24 10 5 184 160 5946 5936 7960 317 5751 5802 291 5947 112856 4355 148388 3890 6056 115539 166306 4143 2379 33 61902 748267 76404 85130 5164 168 3112 6399 47 552 861 822 30 197 9356 582 23 387 757 1220 1330 22 54 54 49 35 1103 1192 592 50 835 723 27 665 22217 676 25990 800 1040 26 893 981 24353 560 22207 613 1003 27 806 849 2 5 6 7 1 123 63 3 7 5 0 139 56 1969 108 1999 124 206 7 194 172 156 4 124 1 103 122 119 7 8 8 3 171 210 5 90 24 0 1 0 2 0 2 4 0 45 24 35 
0 9 0 0 67 1178 0 0 25 0 11 0 0 0 0 0 353 0 0 303 0 0 5819 0 6451 7010 0 0 8321 0 30 86199 0 0 0 7667 178 0 0 0 0 0 0 43 394 0 0 21 0 0 0 0 49 0 0 0 0 0 0 0 53 0 0 32 0 0 1427 0 1242 0 62 0 0 0 1047 0 971 0 60 0 0 0 0 0 0 2 0 0 0 0 0 13 0 0 0 149 0 0 0 9 0 0 0 11 0 6 0 0 0 0 0 0 0 0 0 10 0 0 0 0 0 0 0 0 0 1 0 0 0 
0 7 0 0 43 541 0 0 17 0 4 0 0 0 0 0 289 0 0 192 0 0 2168 0 3202 4807 0 0 4020 0 18 37204 0 0 0 2985 86 0 0 0 0 0 0 10 49 0 0 4 0 0 0 0 25 0 0 0 0 0 0 0 32 0 0 14 0 0 527 0 567 0 20 0 0 0 331 0 405 0 21 0 0 0 0 0 0 2 0 0 0 0 0 1 0 0 0 55 0 0 0 3 0 0 0 3 0 0 0 0 0 0 0 0 0 0 0 2 0 0 0 0 0 0 0 0 0 0 0 0 0 
0 5 0 0 35 538 0 0 10 0 0 0 0 0 0 0 217 0 0 120 0 0 1936 0 3155 4389 0 0 3743 0 10 35262 0 0 0 3380 76 0 0 0 0 0 0 8 104 0 0 8 0 0 0 0 30 0 0 0 0 0 0 0 34 0 0 0 0 0 0 0 562 0 0 0 0 0 0 0 488 0 0 0 0 0 0 0 0 0 0 0 0 0 0 0 0 0 0 0 0 0 0 0 0 0 0 0 0 0 0 0 0 0 0 0 0 0 0 0 0 0 0 0 0 0 0 0 0 0 0 0 0 
0 5 0 0 38 543 0 0 9 0 1 0 0 0 0 0 227 0 0 124 0 0 1715 0 3134 4812 0 0 3448 0 7 38938 0 0 0 3470 103 0 0 0 0 0 0 9 68 0 0 3 0 0 0 0 30 0 0 0 0 0 0 0 31 0 0 3 0 0 167 0 536 0 6 0 0 0 109 0 502 0 5 0 0 0 0 0 0 0 0 0 0 0 0 0 0 0 0 18 0 0 0 1 0 0 0 0 0 0 0 0 0 0 0 0 0 0 0 1 0 0 0 0 0 0 0 0 0 0 0 0 0 
0 9 0 0 71 1282 0 0 28 0 10 0 0 0 0 0 403 0 0 381 0 0 6607 0 6893 7619 0 0 7411 0 41 112975 0 0 0 8563 216 0 0 0 0 0 0 35 393 0 0 25 0 0 0 0 44 0 0 0 0 0 0 0 55 0 0 44 0 0 1712 0 1343 0 46 0 0 0 1328 0 1125 0 58 0 0 0 0 0 0 5 0 0 0 0 0 0 0 0 0 226 0 0 0 10 0 0 0 10 0 5 0 0 0 0 0 0 0 0 0 8 0 0 0 0 0 0 0 0 0 3 0 0 0 
0 8 0 0 60 1302 0 0 22 0 7 0 0 0 0 0 332 0 0 270 0 0 6144 0 6909 6778 0 0 7818 0 27 107182 0 0 0 8624 172 0 0 0 0 0 0 42 519 0 0 21 0 0 0 0 50 0 0 0 0 0 0 0 49 0 0 26 0 0 936 0 1285 0 37 0 0 0 962 0 1170 0 34 0 0 0 0 0 0 3 0 0 0 0 0 1 0 0 0 167 0 0 0 5 0 0 0 10 0 3 0 0 0 0 0 0 0 0 0 5 0 0 1 0 0 0 0 0 0 1 0 0 0 
0 5 0 0 47 616 0 0 7 0 3 0 0 0 0 0 245 0 0 103 0 0 1595 0 3458 5880 0 0 4401 0 2 42794 0 0 0 4467 166 0 0 0 0 0 0 12 79 0 0 8 0 0 0 0 40 0 0 0 0 0 0 0 54 0 0 7 0 0 349 0 681 0 21 0 0 0 268 0 648 0 22 0 0 0 0 0 0 0 0 0 0 0 0 1 0 0 0 40 0 0 0 5 0 0 0 3 0 0 0 0 0 0 0 0 0 0 0 4 0 0 0 0 0 0 0 0 0 0 0 0 0 
0 8 0 0 62 1265 0 0 24 0 4 0 0 0 0 0 344 0 0 312 0 0 6554 0 6899 6251 0 0 8520 0 35 106388 0 0 0 8428 175 0 0 0 0 0 0 49 475 0 0 13 0 0 0 0 51 0 0 0 0 0 0 0 47 0 0 18 0 0 547 0 1437 0 21 0 0 0 594 0 1086 0 25 0 0 0 0 0 0 1 0 0 0 0 0 0 0 0 0 88 0 0 0 2 0 0 0 5 0 2 0 0 0 0 0 0 0 0 0 3 0 0 0 0 0 0 0 0 0 0 0 0 0 
0 7 0 0 62 976 0 0 17 0 4 0 0 0 0 0 335 0 0 231 0 0 4265 0 5426 7142 0 0 7018 0 18 74206 0 0 0 7238 212 0 0 0 0 0 0 30 267 0 0 21 0 0 0 0 53 0 0 0 0 0 0 0 51 0 0 14 0 0 499 0 1003 0 23 0 0 0 409 0 970 0 30 0 0 0 0 0 0 1 0 0 0 0 0 0 0 0 0 61 0 0 0 4 0 0 0 3 0 2 0 0 0 0 0 0 0 0 0 8 0 0 0 0 0 0 0 0 0 0 0 0 0 
0 5 0 0 36 714 0 0 8 0 2 0 0 0 0 0 190 0 0 83 0 0 2040 0 4033 4643 0 0 4884 0 4 59688 0 0 0 3912 96 0 0 0 0 0 0 22 131 0 0 9 0 0 0 0 27 0 0 0 0 0 0 0 28 0 0 6 0 0 360 0 745 0 9 0 0 0 117 0 636 0 13 0 0 0 0 0 0 0 0 0 0 0 0 0 0 0 0 31 0 0 0 3 0 0 0 2 0 0 0 0 0 0 0 0 0 0 0 2 0 0 0 0 0 0 0 0 0 0 0 0 0 
0 6 0 0 45 810 0 0 9 0 6 0 0 0 0 0 263 0 0 106 0 0 2098 0 4460 4915 0 0 5967 0 3 61670 0 0 0 5038 121 0 0 0 0 0 0 16 122 0 0 8 0 0 0 0 35 0 0 0 0 0 0 0 36 0 0 10 0 0 949 0 947 0 35 0 0 0 544 0 682 0 37 0 0 0 0 0 0 4 0 0 0 0 0 2 0 0 0 98 0 0 0 7 0 0 0 6 0 1 0 0 0 0 0 0 0 0 0 4 0 0 0 0 0 0 0 0 0 0 0 0 0 
0 9 0 0 66 1087 0 0 26 0 10 0 0 0 0 0 359 0 0 321 0 0 5598 0 5917 7590 0 0 7519 0 33 76349 0 0 0 7127 177 0 0 0 0 0 0 42 323 0 0 18 0 0 0 0 50 0 0 0 0 0 0 0 53 0 0 32 0 0 1137 0 1047 0 48 0 0 0 968 0 892 0 56 0 0 0 0 0 0 4 0 0 0 0 0 10 0 0 0 151 0 0 0 12 0 0 0 6 0 5 0 0 0 0 0 0 0 0 0 10 0 0 0 0 0 0 0 0 0 0 0 0 0 
0 7 0 0 49 1045 0 0 17 0 5 0 0 0 0 0 257 0 0 192 0 0 4382 0 5837 5983 0 0 6910 0 19 84224 0 0 0 6484 120 0 0 0 0 0 0 23 268 0 0 12 0 0 0 0 47 0 0 0 0 0 0 0 38 0 0 14 0 0 784 0 1104 0 31 0 0 0 688 0 913 0 34 0 0 0 0 0 0 2 0 0 0 0 0 1 0 0 0 107 0 0 0 3 0 0 0 3 0 4 0 0 0 0 0 0 0 0 0 2 0 0 0 0 0 0 0 0 0 0 0 0 0 
0 4 0 0 33 681 0 0 5 0 1 0 0 0 0 0 181 0 0 58 0 0 1544 0 3688 4240 0 0 4110 0 2 71319 0 0 0 4312 98 0 0 0 0 0 0 8 110 0 0 9 0 0 0 0 37 0 0 0 0 0 0 0 37 0 0 2 0 0 171 0 1049 0 5 0 0 0 74 0 657 0 8 0 0 0 0 0 0 0 0 0 0 0 0 0 0 0 0 13 0 0 0 3 0 0 0 0 0 0 0 0 0 0 0 0 0 0 0 2 0 0 0 0 0 0 0 0 0 0 0 0 0 
0 7 0 0 60 879 0 0 16 0 5 0 0 0 0 0 370 0 0 226 0 0 3496 0 4957 7187 0 0 4813 0 14 62636 0 0 0 6429 193 0 0 0 0 0 0 22 225 0 0 13 0 0 0 0 44 0 0 0 0 0 0 0 54 0 0 18 0 0 603 0 746 0 34 0 0 0 527 0 997 0 37 0 0 0 0 0 0 0 0 0 0 0 0 0 0 0 0 85 0 0 0 7 0 0 0 7 0 2 0 0 0 0 0 0 0 0 0 6 0 0 0 0 0 0 0 0 0 1 0 0 0 
0 8 0 0 63 1031 0 0 23 0 6 0 0 0 0 0 348 0 0 292 0 0 5131 0 5634 7561 0 0 6604 0 30 74719 0 0 0 6418 189 0 0 0 0 0 0 41 295 0 0 25 0 0 0 0 48 0 0 0 0 0 0 0 55 0 0 26 0 0 916 0 932 0 33 0 0 0 708 0 925 0 35 0 0 0 0 0 0 2 0 0 0 0 0 0 0 0 0 108 0 0 0 5 0 0 0 2 0 4 0 0 0 0 0 0 0 0 0 6 0 0 0 0 0 0 0 0 0 0 0 0 0 
0 3 0 0 25 377 0 0 3 0 0 0 0 0 0 0 146 0 0 38 0 0 672 0 2237 3172 0 0 2880 0 1 27687 0 0 0 2552 73 0 0 0 0 0 0 8 38 0 0 3 0 0 0 0 26 0 0 0 0 0 0 0 23 0 0 0 0 0 0 0 402 0 0 0 0 0 0 0 358 0 0 0 0 0 0 0 0 0 0 0 0 0 0 0 0 0 0 0 0 0 0 0 0 0 0 0 0 0 0 0 0 0 0 0 0 0 0 0 0 0 0 0 0 0 0 0 0 0 0 0 0 
0 7 0 0 54 603 0 0 19 0 2 0 0 0 0 0 323 0 0 255 0 0 3069 0 3483 6710 0 0 4039 0 25 35344 0 0 0 4275 155 0 0 0 0 0 0 18 93 0 0 9 0 0 0 0 35 0 0 0 0 0 0 0 48 0 0 10 0 0 209 0 510 0 16 0 0 0 107 0 598 0 12 0 0 0 0 0 0 0 0 0 0 0 0 0 0 0 0 14 0 0 0 1 0 0 0 3 0 0 0 0 0 0 0 0 0 0 0 2 0 0 0 0 0 0 0 0 0 0 0 0 0 
0 8 0 0 60 697 0 0 17 0 11 0 0 0 0 0 366 0 0 218 0 0 2804 0 3893 7609 0 0 5198 0 12 41207 0 0 0 4344 178 0 0 0 0 0 0 18 133 0 0 14 0 0 0 0 36 0 0 0 0 0 0 0 55 0 0 25 0 0 977 0 705 0 71 0 0 0 631 0 592 0 59 0 0 0 0 0 0 2 0 0 0 0 0 5 0 0 0 84 0 0 0 10 0 0 0 9 0 9 0 0 0 0 0 0 0 0 0 7 0 0 0 0 0 0 0 0 0 3 0 0 0 
0 4 0 0 28 728 0 0 3 0 4 0 0 0 0 0 172 0 0 35 0 0 868 0 3854 3143 0 0 5200 0 0 74715 0 0 0 4658 69 0 0 0 0 0 0 4 61 0 0 1 0 0 0 0 28 0 0 0 0 0 0 0 20 0 0 3 0 0 683 0 1092 0 18 0 0 0 689 0 599 0 15 0 0 0 0 0 0 1 0 0 0 0 0 1 0 0 0 138 0 0 0 8 0 0 0 9 0 1 0 0 0 0 0 0 0 0 0 6 0 0 0 0 0 0 0 0 0 0 0 0 0 
0 11 0 0 81 1107 0 0 49 0 9 0 0 0 0 0 464 0 0 605 0 0 8649 0 6393 9870 0 0 6916 0 119 76075 0 0 0 6531 215 0 0 0 0 0 0 54 304 0 0 46 0 0 0 0 49 0 0 0 0 0 0 0 63 0 0 57 0 0 1135 0 850 0 51 0 0 0 1238 0 1059 0 43 0 0 0 0 0 0 3 0 0 0 0 0 5 0 0 0 122 0 0 0 7 0 0 0 8 0 9 0 0 0 0 0 0 0 0 0 9 0 0 0 0 0 0 0 0 0 0 0 0 0 
0 5 0 0 39 600 0 0 8 0 2 0 0 0 0 0 256 0 0 101 0 0 1649 0 3530 4887 0 0 4255 0 4 43523 0 0 0 3677 114 0 0 0 0 0 0 13 83 0 0 9 0 0 0 0 28 0 0 0 0 0 0 0 34 0 0 6 0 0 289 0 676 0 11 0 0 0 216 0 540 0 12 0 0 0 0 0 0 0 0 0 0 0 0 0 0 0 0 34 0 0 0 1 0 0 0 3 0 0 0 0 0 0 0 0 0 0 0 1 0 0 0 0 0 0 0 0 0 0 0 0 0 
0 9 0 0 67 1399 0 0 26 0 14 0 0 0 0 0 348 0 0 321 0 0 6824 0 7188 7358 0 0 8687 0 29 121673 0 0 0 8918 183 0 0 0 0 0 0 37 484 0 0 15 0 0 0 0 51 0 0 0 0 0 0 0 54 0 0 64 0 0 2179 0 1587 0 82 0 0 0 1943 0 1157 0 74 0 0 0 0 0 0 3 0 0 0 0 0 2 0 0 0 342 0 0 0 19 0 0 0 18 0 7 0 0 0 0 0 0 0 0 0 9 0 0 2 0 0 0 0 0 0 9 0 0 0 
128 8 560 906 61 934 8049 773 21 3 8 80 116 3573 3376 6319 316 3188 4426 260 4857 90677 4333 87262 4743 6427 103677 64375 5505 1710 21 60480 331907 21698 50443 6015 163 2106 2762 25 365 592 399 30 224 4865 516 17 89 273 214 299 38 16 11 15 22 357 475 806 52 375 571 33 583 14681 918 9093 811 759 58 476 455 5833 753 12885 858 388 49 536 324 1 8 4 3 3 100 17 0 5 0 1 57 35 841 117 418 108 64 4 55 43 16 6 37 3 99 54 47 1 2 2 4 49 72 4 92 1 0 1 0 0 0 0 0 1 12 15 12 
0 8 0 0 51 874 0 0 26 0 2 0 0 0 0 0 316 0 0 280 0 0 5069 0 4965 6100 0 0 6401 0 44 56776 0 0 0 5059 118 0 0 0 0 0 0 25 227 0 0 14 0 0 0 0 43 0 0 0 0 0 0 0 37 0 0 12 0 0 258 0 887 0 14 0 0 0 247 0 654 0 10 0 0 0 0 0 0 0 0 0 0 0 0 0 0 0 0 34 0 0 0 1 0 0 0 3 0 0 0 0 0 0 0 0 0 0 0 1 0 0 0 0 0 0 0 0 0 0 0 0 0 
0 9 0 0 66 1315 0 0 25 0 15 0 0 0 0 0 370 0 0 298 0 0 6321 0 6994 7747 0 0 6785 0 26 111324 0 0 0 8323 181 0 0 0 0 0 0 46 426 0 0 15 0 0 0 0 46 0 0 0 0 0 0 0 48 0 0 57 0 0 1949 0 1184 0 91 0 0 0 1853 0 1089 0 81 0 0 0 0 0 0 6 0 0 0 0 0 7 0 0 0 314 0 0 0 14 0 0 0 13 0 11 0 0 0 0 0 0 0 0 0 14 0 0 1 0 0 0 0 0 0 5 0 0 0 
0 7 0 0 55 1039 0 0 15 0 9 0 0 0 0 0 324 0 0 185 0 0 3689 0 5544 6349 0 0 5653 0 13 98486 0 0 0 7134 167 0 0 0 0 0 0 24 245 0 0 14 0 0 0 0 34 0 0 0 0 0 0 0 34 0 0 25 0 0 1299 0 1107 0 62 0 0 0 1144 0 905 0 54 0 0 0 0 0 0 2 0 0 0 0 0 2 0 0 0 239 0 0 0 13 0 0 0 12 0 3 0 0 0 0 0 0 0 0 0 7 0 0 1 0 0 0 0 0 0 5 0 0 0 
0 10 0 0 72 1199 0 0 34 0 14 0 0 0 0 0 426 0 0 399 0 0 7294 0 6456 7647 0 0 6430 0 51 92712 0 0 0 7921 197 0 0 0 0 0 0 45 378 0 0 27 0 0 0 0 48 0 0 0 0 0 0 0 49 0 0 68 0 0 1675 0 1106 0 81 0 0 0 1423 0 1131 0 73 0 0 0 0 0 0 6 0 0 0 0 0 3 0 0 0 268 0 0 0 13 0 0 0 9 0 13 0 0 0 0 0 0 0 0 0 16 0 0 1 0 0 0 0 0 0 2 0 0 0 
9 9 0 79 67 1080 36 28 34 0 2 0 2 0 0 566 369 0 196 433 217 3160 7394 218 6152 7241 9502 0 7243 30 70 72561 84 0 309 6942 171 290 0 0 0 19 0 53 408 3 38 17 0 0 0 0 57 0 0 0 0 0 0 18 56 0 4 14 12 180 157 0 1118 17 13 0 0 0 148 14 916 0 11 16 0 0 0 0 0 0 0 0 0 0 0 0 0 0 1 41 0 0 0 3 0 0 0 1 0 0 1 0 0 0 0 0 0 0 0 1 0 0 0 0 0 0 0 0 0 0 0 0 0 
0 7 0 0 59 1000 0 0 18 0 3 0 0 0 0 0 321 0 0 239 0 0 4529 0 5190 6327 0 0 7856 0 23 88081 0 0 0 6824 203 0 0 0 0 0 0 29 248 0 0 16 0 0 0 0 64 0 0 0 0 0 0 0 66 0 0 9 0 0 544 0 1367 0 11 0 0 0 275 0 927 0 35 0 0 0 0 0 0 0 0 0 0 0 0 3 0 0 0 61 0 0 0 8 0 0 0 4 0 0 0 0 0 0 0 0 0 0 0 2 0 0 0 0 0 0 0 0 0 0 0 0 0 
0 10 0 0 68 1541 0 0 39 0 7 0 0 0 0 0 389 0 0 443 0 0 10525 0 8117 7399 0 0 8472 0 78 140769 0 0 0 8926 163 0 0 0 0 0 0 60 687 0 0 25 0 0 0 0 65 0 0 0 0 0 0 0 51 0 0 43 0 0 1126 0 1622 0 35 0 0 0 819 0 1244 0 36 0 0 0 0 0 0 2 0 0 0 0 0 0 0 0 0 153 0 0 0 7 0 0 0 4 0 5 0 0 0 0 0 0 0 0 0 4 0 0 0 0 0 0 0 0 0 0 0 0 0 
0 8 0 0 50 1143 0 0 23 0 7 0 0 0 0 0 300 0 0 248 0 0 5693 0 6260 5471 0 0 7474 0 32 102998 0 0 0 6192 115 0 0 0 0 0 0 30 299 0 0 10 0 0 0 0 48 0 0 0 0 0 0 0 29 0 0 26 0 0 1205 0 1469 0 31 0 0 0 964 0 785 0 29 0 0 0 0 0 0 3 0 0 0 0 0 2 0 0 0 152 0 0 0 8 0 0 0 8 0 6 0 0 0 0 0 0 0 0 0 6 0 0 0 0 0 0 0 0 0 0 0 0 0 
0 10 0 0 74 1010 0 0 39 0 6 0 0 0 0 0 437 0 0 485 0 0 7168 0 5521 8828 0 0 8448 0 79 59984 0 0 0 6109 221 0 0 0 0 0 0 55 290 0 0 30 0 0 0 0 62 0 0 0 0 0 0 0 55 0 0 34 0 0 578 0 1042 0 34 0 0 0 602 0 850 0 29 0 0 0 0 0 0 0 0 0 0 0 0 2 0 0 0 56 0 0 0 3 0 0 0 6 0 5 0 0 0 0 0 0 0 0 0 3 0 0 0 0 0 0 0 0 0 0 0 0 0 
0 4 0 0 30 356 0 0 6 0 0 0 0 0 0 0 199 0 0 74 0 0 1018 0 1956 3441 0 0 3001 0 4 24679 0 0 0 1919 90 0 0 0 0 0 0 7 22 0 0 5 0 0 0 0 17 0 0 0 0 0 0 0 25 0 0 0 0 0 0 0 337 0 0 0 0 0 0 0 277 0 0 0 0 0 0 0 0 0 0 0 0 0 0 0 0 0 0 0 0 0 0 0 0 0 0 0 0 0 0 0 0 0 0 0 0 0 0 0 0 0 0 0 0 0 0 0 0 0 0 0 0 
0 5 0 0 45 471 0 0 5 0 6 0 0 0 0 0 231 0 0 72 0 0 886 0 2642 5895 0 0 2653 0 2 25713 0 0 0 3410 145 0 0 0 0 0 0 6 40 0 0 6 0 0 0 0 26 0 0 0 0 0 0 0 46 0 0 2 0 0 544 0 290 0 39 0 0 0 384 0 547 0 42 0 0 0 0 0 0 1 0 0 0 0 0 2 0 0 0 49 0 0 0 1 0 0 0 2 0 4 0 0 0 0 0 0 0 0 0 15 0 0 0 0 0 0 0 0 0 2 0 0 0 
0 8 0 0 54 1253 0 0 20 0 12 0 0 0 0 0 314 0 0 223 0 0 5411 0 6775 6367 0 0 6375 0 19 121405 0 0 0 6534 154 0 0 0 0 0 0 33 359 0 0 18 0 0 0 0 38 0 0 0 0 0 0 0 40 0 0 41 0 0 1968 0 1254 0 57 0 0 0 1473 0 961 0 62 0 0 0 0 0 0 5 0 0 0 0 0 4 0 0 0 217 0 0 0 11 0 0 0 7 0 11 0 0 0 0 0 0 0 0 0 4 0 0 0 0 0 0 0 0 0 2 0 0 0 
0 3 0 0 23 509 0 0 3 0 0 0 0 0 0 0 135 0 0 39 0 0 921 0 2856 2681 0 0 2780 0 1 60522 0 0 0 2699 73 0 0 0 0 0 0 4 47 0 0 2 0 0 0 0 19 0 0 0 0 0 0 0 20 0 0 0 0 0 0 0 776 0 0 0 0 0 0 0 360 0 0 0 0 0 0 0 0 0 0 0 0 0 0 0 0 0 0 0 0 0 0 0 0 0 0 0 0 0 0 0 0 0 0 0 0 0 0 0 0 0 0 0 0 0 0 0 0 0 0 0 0 
0 2 0 0 18 45 0 0 1 0 0 0 0 0 0 0 105 0 0 16 0 0 45 0 201 2306 0 0 172 0 0 588 0 0 0 411 64 0 0 0 0 0 0 0 0 0 0 1 0 0 0 0 1 0 0 0 0 0 0 0 19 0 0 0 0 0 0 0 6 0 0 0 0 0 0 0 55 0 0 0 0 0 0 0 0 0 0 0 0 0 0 0 0 0 0 0 0 0 0 0 0 0 0 0 0 0 0 0 0 0 0 0 0 0 0 0 0 0 0 0 0 0 0 0 0 0 0 0 0 
61 10 525 557 72 869 1793 434 33 3 12 37 49 3538 4251 3559 410 2859 3381 410 2806 53335 5260 22526 4444 7918 46281 25918 4507 1168 49 45032 34008 35579 15069 5629 203 1672 2614 33 315 405 217 29 289 1424 243 29 58 211 379 138 34 17 13 18 25 209 106 622 63 216 298 49 372 5760 1129 1784 529 338 81 298 535 4939 607 2453 932 202 60 297 430 5 1 4 0 4 31 10 0 1 0 5 21 18 213 109 174 78 15 9 11 25 23 5 12 10 31 39 20 0 5 1 3 33 5 4 16 5 0 0 0 0 0 0 0 3 2 7 3 
0 3 0 0 26 516 0 0 2 0 1 0 0 0 0 0 151 0 0 30 0 0 519 0 2798 2793 0 0 3094 0 0 59386 0 0 0 3496 87 0 0 0 0 0 0 3 14 0 0 3 0 0 0 0 21 0 0 0 0 0 0 0 28 0 0 1 0 0 158 0 788 0 4 0 0 0 237 0 416 0 7 0 0 0 0 0 0 0 0 0 0 0 0 0 0 0 0 44 0 0 0 1 0 0 0 0 0 0 0 0 0 0 0 0 0 0 0 1 0 0 0 0 0 0 0 0 0 0 0 0 0 
0 9 0 0 62 669 0 0 24 0 13 0 0 0 0 0 390 0 0 280 0 0 3388 0 4022 6108 0 0 4240 0 23 29044 0 0 0 4131 165 0 0 0 0 0 0 21 120 0 0 17 0 0 0 0 36 0 0 0 0 0 0 0 51 0 0 44 0 0 1108 0 494 0 82 0 0 0 549 0 490 0 68 0 0 0 0 0 0 5 0 0 0 0 0 9 0 0 0 77 0 0 0 10 0 0 0 4 0 7 0 0 0 0 0 0 0 0 0 9 0 0 0 0 0 0 0 0 0 3 0 0 0 
0 7 0 0 51 929 0 0 16 0 5 0 0 0 0 0 300 0 0 196 0 0 3643 0 5135 5342 0 0 5748 0 13 83704 0 0 0 5652 148 0 0 0 0 0 0 22 165 0 0 11 0 0 0 0 39 0 0 0 0 0 0 0 42 0 0 19 0 0 851 0 1061 0 23 0 0 0 558 0 652 0 36 0 0 0 0 0 0 1 0 0 0 0 0 0 0 0 0 86 0 0 0 2 0 0 0 0 0 2 0 0 0 0 0 0 0 0 0 4 0 0 0 0 0 0 0 0 0 0 0 0 0 
0 3 0 0 27 309 0 0 2 0 1 0 0 0 0 0 170 0 0 32 0 0 334 0 1918 2902 0 0 1591 0 0 19346 0 0 0 2169 92 0 0 0 0 0 0 3 3 0 0 2 0 0 0 0 9 0 0 0 0 0 0 0 24 0 0 1 0 0 132 0 212 0 5 0 0 0 111 0 296 0 5 0 0 0 0 0 0 0 0 0 0 0 0 0 0 0 0 16 0 0 0 1 0 0 0 1 0 0 0 0 0 0 0 0 0 0 0 2 0 0 0 0 0 0 0 0 0 0 0 0 0 
0 6 0 0 47 973 0 0 12 0 4 0 0 0 0 0 277 0 0 146 0 0 3445 0 5247 4851 0 0 6219 0 9 93828 0 0 0 6486 137 0 0 0 0 0 0 24 253 0 0 11 0 0 0 0 37 0 0 0 0 0 0 0 34 0 0 14 0 0 619 0 1335 0 23 0 0 0 506 0 776 0 26 0 0 0 0 0 0 0 0 0 0 0 0 0 0 0 0 108 0 0 0 6 0 0 0 4 0 1 0 0 0 0 0 0 0 0 0 5 0 0 0 0 0 0 0 0 0 0 0 0 0 
0 4 0 0 43 241 0 0 4 0 2 0 0 0 0 0 252 0 0 75 0 0 446 0 1257 5417 0 0 2337 0 1 7693 0 0 0 2124 171 0 0 0 0 0 0 4 7 0 0 3 0 0 0 0 27 0 0 0 0 0 0 0 51 0 0 2 0 0 117 0 197 0 15 0 0 0 115 0 315 0 17 0 0 0 0 0 0 0 0 0 0 0 0 0 0 0 0 12 0 0 0 3 0 0 0 1 0 1 0 0 0 0 0 0 0 0 0 4 0 0 0 0 0 0 0 0 0 0 0 0 0 
0 9 0 0 75 1303 0 0 28 0 8 0 0 0 0 0 424 0 0 383 0 0 7101 0 6633 7678 0 0 7543 0 37 114116 0 0 0 9666 231 0 0 0 0 0 0 47 480 0 0 20 0 0 0 0 52 0 0 0 0 0 0 0 68 0 0 38 0 0 1110 0 1386 0 57 0 0 0 729 0 1161 0 57 0 0 0 0 0 0 3 0 0 0 0 0 3 0 0 0 237 0 0 0 11 0 0 0 7 0 3 0 0 0 0 0 0 0 0 0 4 0 0 0 0 0 0 0 0 0 0 0 0 0 
31 6 169 155 53 687 464 199 13 2 2 1 31 1735 631 1271 310 954 841 204 1295 24845 2653 5239 3972 5605 17842 5013 3680 461 13 47537 4466 4775 1934 5176 167 281 1063 4 57 105 36 15 140 348 71 9 8 298 117 51 28 11 14 7 10 0 273 45 51 6 163 6 153 3266 214 29 527 232 10 6 129 7 186 770 713 2 18 111 146 1 4 2 0 1 15 0 0 2 0 0 1 11 80 42 0 9 47 2 0 0 29 1 9 0 29 0 0 0 3 0 0 0 0 1 3 0 0 1 0 0 1 1 0 0 0 5 0 
0 10 0 0 77 1243 0 0 35 0 11 0 0 0 0 0 434 0 0 432 0 0 7921 0 6631 8547 0 0 7893 0 56 92218 0 0 0 8099 258 0 0 0 0 0 0 58 400 0 0 25 0 0 0 0 46 0 0 0 0 0 0 0 62 0 0 55 0 0 1451 0 1185 0 83 0 0 0 994 0 1093 0 60 0 0 0 0 0 0 6 0 0 0 0 0 5 0 0 0 127 0 0 0 12 0 0 0 6 0 6 0 0 0 0 0 0 0 0 0 11 0 0 0 0 0 0 0 0 0 0 0 0 0 
0 14 0 0 111 1757 0 0 75 0 18 0 0 0 0 0 571 0 0 950 0 0 16968 0 8758 12217 0 0 9688 0 201 135350 0 0 0 12729 330 0 0 0 0 0 0 135 984 0 0 76 0 0 0 0 76 0 0 0 0 0 0 0 85 0 0 152 0 0 2178 0 1614 0 106 0 0 0 1764 0 1584 0 103 0 0 0 0 0 0 10 0 0 0 0 0 10 0 0 0 269 0 0 0 23 0 0 0 12 0 15 0 0 0 0 0 0 0 0 0 20 0 0 0 0 0 0 0 0 0 0 0 0 0 
0 5 0 0 37 307 0 0 8 0 2 0 0 0 0 0 220 0 0 104 0 0 873 0 1811 4866 0 0 2574 0 5 12397 0 0 0 2108 103 0 0 0 0 0 0 3 17 0 0 7 0 0 0 0 22 0 0 0 0 0 0 0 26 0 0 4 0 0 91 0 244 0 11 0 0 0 206 0 272 0 12 0 0 0 0 0 0 0 0 0 0 0 0 1 0 0 0 10 0 0 0 1 0 0 0 0 0 0 0 0 0 0 0 0 0 0 0 2 0 0 0 0 0 0 0 0 0 0 0 0 0 
0 8 0 0 56 842 0 0 26 0 2 0 0 0 0 0 380 0 0 302 0 0 4935 0 4949 6837 0 0 6269 0 45 56569 0 0 0 4963 152 0 0 0 0 0 0 29 204 0 0 16 0 0 0 0 55 0 0 0 0 0 0 0 41 0 0 10 0 0 156 0 680 0 17 0 0 0 285 0 764 0 14 0 0 0 0 0 0 0 0 0 0 0 0 0 0 0 0 41 0 0 0 1 0 0 0 0 0 1 0 0 0 0 0 0 0 0 0 1 0 0 0 0 0 0 0 0 0 0 0 0 0 
0 6 0 0 43 918 0 0 10 0 6 0 0 0 0 0 259 0 0 127 0 0 2443 0 5200 4785 0 0 5885 0 7 86180 0 0 0 5392 114 0 0 0 0 0 0 15 155 0 0 4 0 0 0 0 42 0 0 0 0 0 0 0 26 0 0 8 0 0 1329 0 1048 0 30 0 0 0 647 0 708 0 30 0 0 0 0 0 0 5 0 0 0 0 0 0 0 0 0 146 0 0 0 12 0 0 0 4 0 3 0 0 0 0 0 0 0 0 0 5 0 0 0 0 0 0 0 0 0 1 0 0 0 
0 5 0 0 38 539 0 0 7 0 4 0 0 0 0 0 220 0 0 92 0 0 1495 0 3301 4869 0 0 3867 0 3 37849 0 0 0 3098 122 0 0 0 0 0 0 6 64 0 0 5 0 0 0 0 20 0 0 0 0 0 0 0 35 0 0 6 0 0 303 0 549 0 25 0 0 0 363 0 445 0 23 0 0 0 0 0 0 0 0 0 0 0 0 2 0 0 0 27 0 0 0 1 0 0 0 3 0 2 0 0 0 0 0 0 0 0 0 4 0 0 0 0 0 0 0 0 0 0 0 0 0 
0 9 0 0 61 1087 0 0 28 0 9 0 0 0 0 0 375 0 0 321 0 0 5896 0 6208 7425 0 0 6385 0 39 77748 0 0 0 6439 153 0 0 0 0 0 0 37 333 0 0 15 0 0 0 0 34 0 0 0 0 0 0 0 43 0 0 42 0 0 1107 0 845 0 59 0 0 0 940 0 875 0 48 0 0 0 0 0 0 1 0 0 0 0 0 1 0 0 0 126 0 0 0 6 0 0 0 5 0 5 0 0 0 0 0 0 0 0 0 5 0 0 0 0 0 0 0 0 0 3 0 0 0 
0 9 0 0 57 1078 0 0 29 0 8 0 0 0 0 0 332 0 0 302 0 0 6206 0 5934 6478 0 0 7388 0 43 77849 0 0 0 5843 136 0 0 0 0 0 0 43 402 0 0 9 0 0 0 0 33 0 0 0 0 0 0 0 36 0 0 39 0 0 803 0 1093 0 54 0 0 0 847 0 700 0 45 0 0 0 0 0 0 2 0 0 0 0 0 1 0 0 0 85 0 0 0 7 0 0 0 7 0 4 0 0 0 0 0 0 0 0 0 1 0 0 1 0 0 0 0 0 0 1 0 0 0 
0 5 0 0 40 439 0 0 9 0 1 0 0 0 0 0 265 0 0 117 0 0 1484 0 2713 4749 0 0 3362 0 7 23566 0 0 0 2803 120 0 0 0 0 0 0 16 51 0 0 8 0 0 0 0 24 0 0 0 0 0 0 0 37 0 0 3 0 0 74 0 282 0 9 0 0 0 70 0 311 0 5 0 0 0 0 0 0 0 0 0 0 0 0 0 0 0 0 7 0 0 0 0 0 0 0 1 0 0 0 0 0 0 0 0 0 0 0 0 0 0 0 0 0 0 0 0 0 0 0 0 0 
0 6 0 0 57 433 0 0 12 0 3 0 0 0 0 0 315 0 0 179 0 0 1485 0 2480 6872 0 0 2921 0 9 26148 0 0 0 4113 231 0 0 0 0 0 0 6 37 0 0 23 0 0 0 0 29 0 0 0 0 0 0 0 70 0 0 10 0 0 349 0 294 0 33 0 0 0 206 0 541 0 18 0 0 0 0 0 0 0 0 0 0 0 0 0 0 0 0 22 0 0 0 2 0 0 0 2 0 1 0 0 0 0 0 0 0 0 0 1 0 0 0 0 0 0 0 0 0 0 0 0 0 
0 5 0 0 45 721 0 0 6 0 4 0 0 0 0 0 242 0 0 97 0 0 1241 0 3905 4922 0 0 4295 0 2 69165 0 0 0 4980 174 0 0 0 0 0 0 12 78 0 0 5 0 0 0 0 35 0 0 0 0 0 0 0 58 0 0 4 0 0 824 0 887 0 21 0 0 0 482 0 653 0 31 0 0 0 0 0 0 2 0 0 0 0 0 0 0 0 0 82 0 0 0 7 0 0 0 3 0 2 0 0 0 0 0 0 0 0 0 0 0 0 0 0 0 0 0 0 0 0 0 0 0 
0 6 0 0 50 662 0 0 11 0 4 0 0 0 0 0 299 0 0 145 0 0 2332 0 3753 5963 0 0 4442 0 8 42800 0 0 0 4711 156 0 0 0 0 0 0 15 110 0 0 15 0 0 0 0 40 0 0 0 0 0 0 0 53 0 0 8 0 0 445 0 546 0 26 0 0 0 231 0 638 0 29 0 0 0 0 0 0 0 0 0 0 0 0 2 0 0 0 32 0 0 0 4 0 0 0 2 0 2 0 0 0 0 0 0 0 0 0 1 0 0 0 0 0 0 0 0 0 0 0 0 0 
0 5 0 0 55 395 0 0 9 0 1 0 0 0 0 0 316 0 0 159 0 0 1276 0 2193 6344 0 0 3381 0 7 16211 0 0 0 3927 249 0 0 0 0 0 0 11 49 0 0 15 0 0 0 0 35 0 0 0 0 0 0 0 78 0 0 3 0 0 78 0 282 0 2 0 0 0 107 0 572 0 15 0 0 0 0 0 0 0 0 0 0 0 0 0 0 0 0 5 0 0 0 1 0 0 0 1 0 0 0 0 0 0 0 0 0 0 0 1 0 0 0 0 0 0 0 0 0 0 0 0 0 
0 11 0 0 73 1207 0 0 42 0 14 0 0 0 0 0 387 0 0 451 0 0 8407 0 6478 8217 0 0 9485 0 72 79060 0 0 0 6457 175 0 0 0 0 0 0 64 458 0 0 22 0 0 0 0 43 0 0 0 0 0 0 0 64 0 0 74 0 0 1424 0 1246 0 84 0 0 0 1241 0 790 0 81 0 0 0 0 0 0 5 0 0 0 0 0 5 0 0 0 127 0 0 0 11 0 0 0 11 0 16 0 0 0 0 0 0 0 0 0 5 0 0 0 0 0 0 0 0 0 2 0 0 0 
0 5 0 0 56 507 0 0 7 0 3 0 0 0 0 0 297 0 0 133 0 0 1366 0 2847 6572 0 0 3363 0 3 28007 0 0 0 5156 242 0 0 0 0 0 0 9 64 0 0 15 0 0 0 0 31 0 0 0 0 0 0 0 80 0 0 5 0 0 320 0 289 0 25 0 0 0 153 0 722 0 24 0 0 0 0 0 0 0 0 0 0 0 0 1 0 0 0 24 0 0 0 2 0 0 0 4 0 1 0 0 0 0 0 0 0 0 0 1 0 0 0 0 0 0 0 0 0 0 0 0 0 
0 13 0 0 81 1660 0 0 56 0 24 0 0 0 0 0 456 0 0 595 0 0 12507 0 8263 8983 0 0 9967 0 105 132211 0 0 0 9581 199 0 0 0 0 0 0 62 829 0 0 37 0 0 0 0 61 0 0 0 0 0 0 0 53 0 0 136 0 0 2967 0 1513 0 131 0 0 0 2461 0 1190 0 105 0 0 0 0 0 0 21 0 0 0 0 0 17 0 0 0 433 0 0 0 16 0 0 0 7 0 23 0 0 0 0 0 0 0 0 0 11 0 0 2 0 0 0 0 0 0 5 0 0 0 
138 8 733 980 58 857 9362 896 23 8 5 92 116 4284 4272 6381 288 3634 5222 270 4985 101648 4408 108361 4429 6348 102011 90458 5723 2144 30 53996 416854 31502 59225 5486 153 2507 5188 25 352 683 468 39 209 6303 647 21 160 687 626 910 37 52 53 34 38 437 372 551 42 418 538 22 708 14331 517 11109 789 781 27 526 420 8694 505 13681 715 738 31 587 710 1 2 1 2 1 95 21 4 7 1 0 106 36 996 59 646 69 84 1 35 80 70 4 87 3 75 53 62 7 8 11 0 72 39 1 53 15 0 1 0 0 1 3 0 0 8 10 7 
0 3 0 0 29 181 0 0 3 0 0 0 0 0 0 0 226 0 0 52 0 0 331 0 1080 3874 0 0 1395 0 1 7937 0 0 0 1414 113 0 0 0 0 0 0 1 15 0 0 3 0 0 0 0 7 0 0 0 0 0 0 0 18 0 0 0 0 0 0 0 98 0 0 0 0 0 0 0 169 0 0 0 0 0 0 0 0 0 0 0 0 0 0 0 0 0 0 0 0 0 0 0 0 0 0 0 0 0 0 0 0 0 0 0 0 0 0 0 0 0 0 0 0 0 0 0 0 0 0 0 0 
63 5 379 272 37 560 1917 433 7 1 3 36 41 2837 1341 1841 227 2203 1526 94 2994 49214 1325 22880 3029 4198 27390 20198 3344 1113 3 49471 37697 21081 7240 3194 95 337 2418 12 169 207 126 6 58 1663 142 5 21 257 41 31 24 3 6 2 22 220 215 128 38 190 226 5 381 7166 574 1834 699 224 13 133 438 2849 126 1996 458 207 18 96 285 2 2 1 0 1 37 2 0 2 0 0 52 3 246 45 165 44 30 5 11 11 23 2 15 1 31 21 13 0 1 2 0 21 10 0 11 5 0 0 0 0 0 0 0 0 3 3 2 
0 5 0 0 41 518 0 0 3 0 8 0 0 0 0 0 253 0 0 52 0 0 495 0 3142 5046 0 0 2798 0 0 30657 0 0 0 3391 127 0 0 0 0 0 0 2 16 0 0 3 0 0 0 0 17 0 0 0 0 0 0 0 40 0 0 3 0 0 723 0 322 0 57 0 0 0 886 0 449 0 50 0 0 0 0 0 0 0 0 0 0 0 0 2 0 0 0 88 0 0 0 2 0 0 0 5 0 2 0 0 0 0 0 0 0 0 0 2 0 0 3 0 0 0 0 0 0 3 0 0 0 
0 6 0 0 53 516 0 0 12 0 3 0 0 0 0 0 334 0 0 170 0 0 1926 0 2893 6472 0 0 4198 0 10 23403 0 0 0 4035 177 0 0 0 0 0 0 22 69 0 0 14 0 0 0 0 28 0 0 0 0 0 0 0 51 0 0 8 0 0 244 0 383 0 23 0 0 0 206 0 451 0 16 0 0 0 0 0 0 1 0 0 0 0 0 1 0 0 0 21 0 0 0 1 0 0 0 6 0 0 0 0 0 0 0 0 0 0 0 2 0 0 0 0 0 0 0 0 0 0 0 0 0 
0 4 0 0 39 271 0 0 6 0 0 0 0 0 0 0 266 0 0 91 0 0 790 0 1626 4970 0 0 1768 0 4 18371 0 0 0 2192 143 0 0 0 0 0 0 3 10 0 0 12 0 0 0 0 15 0 0 0 0 0 0 0 34 0 0 0 0 0 0 0 233 0 0 0 0 0 0 0 284 0 0 0 0 0 0 0 0 0 0 0 0 0 0 0 0 0 0 0 0 0 0 0 0 0 0 0 0 0 0 0 0 0 0 0 0 0 0 0 0 0 0 0 0 0 0 0 0 0 0 0 0 
0 3 0 0 26 336 0 0 2 0 1 0 0 0 0 0 173 0 0 33 0 0 342 0 2110 2578 0 0 2035 0 0 26577 0 0 0 2617 90 0 0 0 0 0 0 2 0 0 0 0 0 0 0 0 17 0 0 0 0 0 0 0 13 0 0 1 0 0 150 0 383 0 10 0 0 0 122 0 267 0 6 0 0 0 0 0 0 0 0 0 0 0 0 0 0 0 0 28 0 0 0 1 0 0 0 0 0 0 0 0 0 0 0 0 0 0 0 0 0 0 0 0 0 0 0 0 0 0 0 0 0 
0 2 0 0 17 112 0 0 1 0 0 0 0 0 0 0 120 0 0 13 0 0 112 0 680 2092 0 0 422 0 0 5319 0 0 0 784 54 0 0 0 0 0 0 0 0 0 0 2 0 0 0 0 2 0 0 0 0 0 0 0 11 0 0 0 0 0 0 0 66 0 0 0 0 0 0 0 118 0 0 0 0 0 0 0 0 0 0 0 0 0 0 0 0 0 0 0 0 0 0 0 0 0 0 0 0 0 0 0 0 0 0 0 0 0 0 0 0 0 0 0 0 0 0 0 0 0 0 0 0 
0 3 0 0 24 122 0 0 3 0 0 0 0 0 0 0 171 0 0 40 0 0 241 0 870 2472 0 0 993 0 1 3174 0 0 0 853 76 0 0 0 0 0 0 3 0 0 0 3 0 0 0 0 8 0 0 0 0 0 0 0 15 0 0 0 0 0 0 0 56 0 0 0 0 0 0 0 81 0 0 0 0 0 0 0 0 0 0 0 0 0 0 0 0 0 0 0 0 0 0 0 0 0 0 0 0 0 0 0 0 0 0 0 0 0 0 0 0 0 0 0 0 0 0 0 0 0 0 0 0 
0 4 0 0 37 358 0 0 4 0 2 0 0 0 0 0 248 0 0 62 0 0 699 0 2172 3838 0 0 1750 0 1 20513 0 0 0 3109 133 0 0 0 0 0 0 5 27 0 0 7 0 0 0 0 30 0 0 0 0 0 0 0 32 0 0 2 0 0 205 0 266 0 15 0 0 0 88 0 394 0 14 0 0 0 0 0 0 0 0 0 0 0 0 0 0 0 0 11 0 0 0 1 0 0 0 0 0 1 0 0 0 0 0 0 0 0 0 1 0 0 0 0 0 0 0 0 0 0 0 0 0 
0 5 0 0 43 327 0 0 9 0 1 0 0 0 0 0 280 0 0 139 0 0 1028 0 1892 4997 0 0 2092 0 7 13335 0 0 0 2414 147 0 0 0 0 0 0 6 68 0 0 4 0 0 0 0 15 0 0 0 0 0 0 0 30 0 0 3 0 0 50 0 227 0 5 0 0 0 58 0 360 0 8 0 0 0 0 0 0 0 0 0 0 0 0 0 0 0 0 14 0 0 0 1 0 0 0 3 0 0 0 0 0 0 0 0 0 0 0 3 0 0 0 0 0 0 0 0 0 0 0 0 0 
0 10 0 0 77 1123 0 0 37 0 9 0 0 0 0 0 437 0 0 486 0 0 7378 0 5878 8182 0 0 5998 0 67 85414 0 0 0 7798 224 0 0 0 0 0 0 52 438 0 0 29 0 0 0 0 47 0 0 0 0 0 0 0 72 0 0 48 0 0 1018 0 1094 0 51 0 0 0 770 0 1056 0 46 0 0 0 0 0 0 0 0 0 0 0 0 5 0 0 0 124 0 0 0 4 0 0 0 1 0 5 0 0 0 0 0 0 0 0 0 9 0 0 1 0 0 0 0 0 0 2 0 0 0 
0 10 0 0 75 1322 0 0 30 0 15 0 0 0 0 0 407 0 0 373 0 0 6642 0 6499 7957 0 0 8509 0 36 132269 0 0 0 8813 222 0 0 0 0 0 0 48 492 0 0 18 0 0 0 0 57 0 0 0 0 0 0 0 60 0 0 52 0 0 2885 0 1931 0 100 0 0 0 881 0 935 0 73 0 0 0 0 0 0 8 0 0 0 0 0 15 0 0 0 224 0 0 0 26 0 0 0 7 0 5 0 0 0 0 0 0 0 0 0 10 0 0 0 0 0 0 0 0 0 4 0 0 0 
0 11 0 0 80 1412 0 0 45 0 11 0 0 0 0 0 432 0 0 506 0 0 10031 0 7198 8579 0 0 8047 0 91 109942 0 0 0 9635 216 0 0 0 0 0 0 65 679 0 0 40 0 0 0 0 56 0 0 0 0 0 0 0 63 0 0 64 0 0 1254 0 1379 0 73 0 0 0 1069 0 1189 0 66 0 0 0 0 0 0 5 0 0 0 0 0 8 0 0 0 297 0 0 0 12 0 0 0 5 0 6 0 0 0 0 0 0 0 0 0 13 0 0 0 0 0 0 0 0 0 0 0 0 0 
0 4 0 0 23 523 0 0 6 0 0 0 0 0 0 0 159 0 0 61 0 0 1393 0 3209 2733 0 0 3114 0 4 34761 0 0 0 2636 44 0 0 0 0 0 0 6 85 0 0 1 0 0 0 0 11 0 0 0 0 0 0 0 15 0 0 0 0 0 0 0 391 0 0 0 0 0 0 0 347 0 0 0 0 0 0 0 0 0 0 0 0 0 0 0 0 0 0 0 0 0 0 0 0 0 0 0 0 0 0 0 0 0 0 0 0 0 0 0 0 0 0 0 0 0 0 0 0 0 0 0 0 
0 11 0 0 81 1440 0 0 46 0 10 0 0 0 0 0 441 0 0 538 0 0 10194 0 7254 9102 0 0 7620 0 98 115503 0 0 0 9571 229 0 0 0 0 0 0 51 649 0 0 43 0 0 0 0 52 0 0 0 0 0 0 0 67 0 0 63 0 0 1617 0 1217 0 67 0 0 0 987 0 1283 0 62 0 0 0 0 0 0 5 0 0 0 0 0 1 0 0 0 260 0 0 0 15 0 0 0 7 0 4 0 0 0 0 0 0 0 0 0 7 0 0 0 0 0 0 0 0 0 3 0 0 0 
0 5 0 0 39 671 0 0 8 0 2 0 0 0 0 0 229 0 0 110 0 0 1951 0 3828 4442 0 0 4624 0 5 50052 0 0 0 4371 119 0 0 0 0 0 0 11 167 0 0 4 0 0 0 0 22 0 0 0 0 0 0 0 36 0 0 4 0 0 169 0 757 0 10 0 0 0 166 0 561 0 12 0 0 0 0 0 0 0 0 0 0 0 0 0 0 0 0 28 0 0 0 2 0 0 0 1 0 1 0 0 0 0 0 0 0 0 0 2 0 0 0 0 0 0 0 0 0 0 0 0 0 
0 4 0 0 27 405 0 0 4 0 2 0 0 0 0 0 208 0 0 50 0 0 671 0 2491 3241 0 0 2622 0 1 25950 0 0 0 2006 75 0 0 0 0 0 0 3 42 0 0 0 0 0 0 0 12 0 0 0 0 0 0 0 17 0 0 2 0 0 94 0 353 0 15 0 0 0 305 0 262 0 11 0 0 0 0 0 0 0 0 0 0 0 0 1 0 0 0 28 0 0 0 1 0 0 0 1 0 0 0 0 0 0 0 0 0 0 0 0 0 0 0 0 0 0 0 0 0 0 0 0 0 
0 10 0 0 72 1461 0 0 35 0 10 0 0 0 0 0 407 0 0 414 0 0 8612 0 7063 7653 0 0 8880 0 56 122038 0 0 0 9741 194 0 0 0 0 0 0 51 764 0 0 18 0 0 0 0 59 0 0 0 0 0 0 0 54 0 0 48 0 0 1287 0 1445 0 66 0 0 0 1081 0 1197 0 62 0 0 0 0 0 0 2 0 0 0 0 0 6 0 0 0 291 0 0 0 14 0 0 0 6 0 8 0 0 0 0 0 0 0 0 0 4 0 0 0 0 0 0 0 0 0 0 0 0 0 
0 6 0 0 42 1051 0 0 8 0 9 0 0 0 0 0 254 0 0 92 0 0 2030 0 5521 4305 0 0 5492 0 3 111621 0 0 0 6133 108 0 0 0 0 0 0 7 163 0 0 6 0 0 0 0 34 0 0 0 0 0 0 0 36 0 0 12 0 0 1586 0 1400 0 53 0 0 0 1555 0 853 0 51 0 0 0 0 0 0 2 0 0 0 0 0 3 0 0 0 316 0 0 0 12 0 0 0 9 0 3 0 0 0 0 0 0 0 0 0 3 0 0 1 0 0 0 0 0 0 5 0 0 0 
0 7 0 0 47 686 0 0 16 0 5 0 0 0 0 0 316 0 0 196 0 0 2704 0 3760 5105 0 0 4927 0 15 41478 0 0 0 4040 98 0 0 0 0 0 0 13 113 0 0 5 0 0 0 0 26 0 0 0 0 0 0 0 44 0 0 15 0 0 437 0 671 0 22 0 0 0 584 0 538 0 25 0 0 0 0 0 0 1 0 0 0 0 0 3 0 0 0 74 0 0 0 3 0 0 0 3 0 1 0 0 0 0 0 0 0 0 0 5 0 0 0 0 0 0 0 0 0 0 0 0 0 
0 6 0 0 44 854 0 0 13 0 3 0 0 0 0 0 279 0 0 167 0 0 3140 0 4867 4562 0 0 4337 0 13 64847 0 0 0 5620 134 0 0 0 0 0 0 14 280 0 0 9 0 0 0 0 24 0 0 0 0 0 0 0 34 0 0 9 0 0 328 0 662 0 16 0 0 0 394 0 885 0 18 0 0 0 0 0 0 0 0 0 0 0 0 1 0 0 0 81 0 0 0 1 0 0 0 1 0 1 0 0 0 0 0 0 0 0 0 0 0 0 0 0 0 0 0 0 0 0 0 0 0 
0 8 0 0 57 1130 0 0 20 0 9 0 0 0 0 0 329 0 0 213 0 0 4684 0 5780 6141 0 0 6750 0 17 97231 0 0 0 7526 148 0 0 0 0 0 0 27 400 0 0 21 0 0 0 0 42 0 0 0 0 0 0 0 46 0 0 36 0 0 1125 0 1197 0 55 0 0 0 1034 0 976 0 53 0 0 0 0 0 0 3 0 0 0 0 0 3 0 0 0 256 0 0 0 9 0 0 0 5 0 2 0 0 0 0 0 0 0 0 0 8 0 0 1 0 0 0 0 0 0 0 0 0 0 
180 10 1186 1648 67 892 15844 1070 38 10 8 269 143 6212 9650 9798 305 5330 8063 446 5674 126558 6115 163072 4123 6767 143616 184448 4785 2427 71 47006 911872 56837 132955 4845 179 5765 6350 61 823 1217 931 39 303 12182 785 25 428 853 658 1476 34 51 56 67 34 1464 560 1204 48 1186 639 48 813 14335 723 41066 555 821 36 2237 776 24708 536 22913 754 1481 42 955 981 7 2 13 14 2 93 123 1 4 2 4 297 54 1124 59 2913 125 75 4 354 144 96 1 138 3 108 160 155 5 8 13 5 153 112 4 82 17 0 3 1 0 1 0 2 0 20 15 65 
0 9 0 0 76 1209 0 0 29 0 7 0 0 0 0 0 433 0 0 399 0 0 6739 0 6203 8197 0 0 6859 0 44 102713 0 0 0 9437 237 0 0 0 0 0 0 49 367 0 0 20 0 0 0 0 55 0 0 0 0 0 0 0 64 0 0 31 0 0 918 0 1275 0 58 0 0 0 715 0 1204 0 51 0 0 0 0 0 0 2 0 0 0 0 0 5 0 0 0 255 0 0 0 12 0 0 0 4 0 2 0 0 0 0 0 0 0 0 0 4 0 0 0 0 0 0 0 0 0 0 0 0 0 
0 9 0 0 78 1284 0 0 29 0 7 0 0 0 0 0 415 0 0 407 0 0 7266 0 6888 8091 0 0 8232 0 43 103802 0 0 0 9663 257 0 0 0 0 0 0 69 430 0 0 27 0 0 0 0 74 0 0 0 0 0 0 0 82 0 0 33 0 0 763 0 1611 0 50 0 0 0 1082 0 1235 0 43 0 0 0 0 0 0 2 0 0 0 0 0 4 0 0 0 114 0 0 0 7 0 0 0 8 0 2 0 0 0 0 0 0 0 0 0 4 0 0 0 0 0 0 0 0 0 0 0 0 0 
0 8 0 0 63 986 0 0 21 0 7 0 0 0 0 0 369 0 0 268 0 0 4502 0 5152 6835 0 0 6257 0 22 83798 0 0 0 7161 178 0 0 0 0 0 0 29 319 0 0 15 0 0 0 0 46 0 0 0 0 0 0 0 56 0 0 27 0 0 975 0 1226 0 56 0 0 0 572 0 862 0 49 0 0 0 0 0 0 2 0 0 0 0 0 2 0 0 0 93 0 0 0 7 0 0 0 4 0 2 0 0 0 0 0 0 0 0 0 2 0 0 0 0 0 0 0 0 0 1 0 0 0 
0 7 0 0 56 792 0 0 15 0 7 0 0 0 0 0 329 0 0 195 0 0 2947 0 4838 5085 0 0 4408 0 13 49025 0 0 0 5585 159 0 0 0 0 0 0 35 178 0 0 10 0 0 0 0 35 0 0 0 0 0 0 0 49 0 0 17 0 0 738 0 693 0 49 0 0 0 692 0 602 0 39 0 0 0 0 0 0 1 0 0 0 0 0 3 0 0 0 93 0 0 0 7 0 0 0 4 0 4 0 0 0 0 0 0 0 0 0 4 0 0 1 0 0 0 0 0 0 1 0 0 0 
0 7 0 0 55 1101 0 0 15 0 6 0 0 0 0 0 329 0 0 209 0 0 4340 0 5957 5345 0 0 6188 0 11 103790 0 0 0 7390 165 0 0 0 0 0 0 17 287 0 0 4 0 0 0 0 46 0 0 0 0 0 0 0 41 0 0 20 0 0 841 0 1289 0 40 0 0 0 585 0 890 0 37 0 0 0 0 0 0 1 0 0 0 0 0 0 0 0 0 121 0 0 0 8 0 0 0 8 0 1 0 0 0 0 0 0 0 0 0 3 0 0 0 0 0 0 0 0 0 2 0 0 0 
0 3 0 0 33 511 0 0 2 0 1 0 0 0 0 0 185 0 0 30 0 0 617 0 2641 3731 0 0 3374 0 0 55530 0 0 0 4721 130 0 0 0 0 0 0 6 85 0 0 4 0 0 0 0 32 0 0 0 0 0 0 0 40 0 0 1 0 0 154 0 896 0 8 0 0 0 30 0 513 0 8 0 0 0 0 0 0 0 0 0 0 0 0 0 0 0 0 21 0 0 0 4 0 0 0 1 0 0 0 0 0 0 0 0 0 0 0 1 0 0 0 0 0 0 0 0 0 0 0 0 0 
0 12 0 0 90 1485 0 0 41 0 29 0 0 0 0 0 486 0 0 507 0 0 9374 0 7518 10271 0 0 7051 0 53 115425 0 0 0 9983 263 0 0 0 0 0 0 41 729 0 0 35 0 0 0 0 54 0 0 0 0 0 0 0 68 0 0 112 0 0 3081 0 1248 0 197 0 0 0 2478 0 1228 0 153 0 0 0 0 0 0 18 0 0 0 0 0 24 0 0 0 432 0 0 0 15 0 0 0 11 0 40 0 0 0 0 0 0 0 0 0 30 0 0 1 0 0 0 0 0 0 13 0 0 0 
0 7 0 0 59 872 0 0 14 0 8 0 0 0 0 0 358 0 0 194 0 0 3028 0 4774 6392 0 0 5268 0 8 76325 0 0 0 5928 184 0 0 0 0 0 0 20 174 0 0 14 0 0 0 0 44 0 0 0 0 0 0 0 61 0 0 23 0 0 1234 0 1075 0 44 0 0 0 696 0 659 0 49 0 0 0 0 0 0 2 0 0 0 0 0 2 0 0 0 155 0 0 0 11 0 0 0 8 0 3 0 0 0 0 0 0 0 0 0 8 0 0 1 0 0 0 0 0 0 1 0 0 0 
0 6 0 0 47 979 0 0 11 0 5 0 0 0 0 0 302 0 0 151 0 0 2948 0 5470 4052 0 0 5410 0 8 95261 0 0 0 6916 136 0 0 0 0 0 0 14 189 0 0 8 0 0 0 0 37 0 0 0 0 0 0 0 35 0 0 12 0 0 758 0 1196 0 29 0 0 0 827 0 699 0 27 0 0 0 0 0 0 0 0 0 0 0 0 2 0 0 0 175 0 0 0 3 0 0 0 5 0 0 0 0 0 0 0 0 0 0 0 4 0 0 0 0 0 0 0 0 0 2 0 0 0 
0 3 0 0 25 298 0 0 2 0 1 0 0 0 0 0 157 0 0 29 0 0 354 0 1792 2634 0 0 1902 0 0 19463 0 0 0 2542 76 0 0 0 0 0 0 2 12 0 0 2 0 0 0 0 19 0 0 0 0 0 0 0 26 0 0 1 0 0 172 0 317 0 9 0 0 0 33 0 228 0 3 0 0 0 0 0 0 0 0 0 0 0 0 0 0 0 0 5 0 0 0 1 0 0 0 0 0 0 0 0 0 0 0 0 0 0 0 1 0 0 0 0 0 0 0 0 0 0 0 0 0 
0 4 0 0 29 430 0 0 4 0 2 0 0 0 0 0 176 0 0 40 0 0 683 0 2610 3048 0 0 3640 0 1 27071 0 0 0 2704 85 0 0 0 0 0 0 8 22 0 0 4 0 0 0 0 24 0 0 0 0 0 0 0 29 0 0 2 0 0 170 0 501 0 14 0 0 0 331 0 357 0 14 0 0 0 0 0 0 0 0 0 0 0 0 1 0 0 0 25 0 0 0 2 0 0 0 2 0 0 0 0 0 0 0 0 0 0 0 0 0 0 0 0 0 0 0 0 0 0 0 0 0 
0 10 0 0 65 1175 0 0 33 0 13 0 0 0 0 0 380 0 0 369 0 0 6841 0 6704 7532 0 0 7419 0 48 77699 0 0 0 6571 157 0 0 0 0 0 0 37 375 0 0 19 0 0 0 0 40 0 0 0 0 0 0 0 46 0 0 54 0 0 1405 0 1007 0 77 0 0 0 1506 0 883 0 67 0 0 0 0 0 0 4 0 0 0 0 0 10 0 0 0 190 0 0 0 11 0 0 0 3 0 12 0 0 0 0 0 0 0 0 0 3 0 0 0 0 0 0 0 0 0 0 0 0 0 
0 7 0 0 59 780 0 0 15 0 6 0 0 0 0 0 363 0 0 207 0 0 3067 0 4544 6213 0 0 4334 0 12 49314 0 0 0 5611 181 0 0 0 0 0 0 23 164 0 0 10 0 0 0 0 33 0 0 0 0 0 0 0 57 0 0 16 0 0 540 0 576 0 39 0 0 0 517 0 848 0 48 0 0 0 0 0 0 2 0 0 0 0 0 1 0 0 0 102 0 0 0 5 0 0 0 5 0 4 0 0 0 0 0 0 0 0 0 5 0 0 0 0 0 0 0 0 0 0 0 0 0 
0 11 0 0 81 1271 0 0 45 0 11 0 0 0 0 0 467 0 0 547 0 0 9195 0 6782 8821 0 0 8429 0 87 89065 0 0 0 8653 222 0 0 0 0 0 0 63 484 0 0 27 0 0 0 0 56 0 0 0 0 0 0 0 59 0 0 72 0 0 1385 0 1170 0 75 0 0 0 1121 0 1062 0 56 0 0 0 0 0 0 4 0 0 0 0 0 6 0 0 0 120 0 0 0 14 0 0 0 11 0 5 0 0 0 0 0 0 0 0 0 11 0 0 0 0 0 0 0 0 0 0 0 0 0 
0 9 0 0 75 1259 0 0 27 0 10 0 0 0 0 0 423 0 0 365 0 0 6660 0 6514 8471 0 0 7054 0 34 106831 0 0 0 9148 246 0 0 0 0 0 0 47 396 0 0 31 0 0 0 0 50 0 0 0 0 0 0 0 60 0 0 43 0 0 1320 0 1311 0 63 0 0 0 1103 0 1047 0 56 0 0 0 0 0 0 0 0 0 0 0 0 5 0 0 0 263 0 0 0 11 0 0 0 8 0 7 0 0 0 0 0 0 0 0 0 8 0 0 0 0 0 0 0 0 0 2 0 0 0 
0 5 0 0 45 572 0 0 7 0 3 0 0 0 0 0 266 0 0 112 0 0 1347 0 3395 4621 0 0 3236 0 4 37128 0 0 0 4414 143 0 0 0 0 0 0 9 61 0 0 3 0 0 0 0 27 0 0 0 0 0 0 0 43 0 0 3 0 0 353 0 477 0 24 0 0 0 351 0 536 0 23 0 0 0 0 0 0 1 0 0 0 0 0 0 0 0 0 53 0 0 0 1 0 0 0 2 0 2 0 0 0 0 0 0 0 0 0 2 0 0 0 0 0 0 0 0 0 0 0 0 0 
0 4 0 0 36 623 0 0 4 0 2 0 0 0 0 0 210 0 0 55 0 0 1095 0 3410 3938 0 0 3541 0 0 65954 0 0 0 4402 121 0 0 0 0 0 0 7 73 0 0 5 0 0 0 0 27 0 0 0 0 0 0 0 34 0 0 4 0 0 326 0 983 0 14 0 0 0 240 0 499 0 17 0 0 0 0 0 0 0 0 0 0 0 0 0 0 0 0 27 0 0 0 2 0 0 0 1 0 0 0 0 0 0 0 0 0 0 0 1 0 0 0 0 0 0 0 0 0 0 0 0 0 
0 9 0 0 72 1396 0 0 24 0 13 0 0 0 0 0 398 0 0 315 0 0 6360 0 7090 7225 0 0 7656 0 23 134237 0 0 0 9711 224 0 0 0 0 0 0 38 539 0 0 16 0 0 0 0 57 0 0 0 0 0 0 0 59 0 0 42 0 0 1940 0 1644 0 97 0 0 0 1302 0 1161 0 70 0 0 0 0 0 0 5 0 0 0 0 0 8 0 0 0 349 0 0 0 12 0 0 0 10 0 10 0 0 0 0 0 0 0 0 0 11 0 0 0 0 0 0 0 0 0 3 0 0 0 
0 11 0 0 77 1350 0 0 39 0 17 0 0 0 0 0 455 0 0 472 0 0 8383 0 7209 8431 0 0 8245 0 63 89506 0 0 0 8512 197 0 0 0 0 0 0 43 486 0 0 21 0 0 0 0 44 0 0 0 0 0 0 0 53 0 0 69 0 0 2071 0 1248 0 95 0 0 0 1656 0 1032 0 96 0 0 0 0 0 0 12 0 0 0 0 0 7 0 0 0 285 0 0 0 18 0 0 0 12 0 15 0 0 0 0 0 0 0 0 0 9 0 0 2 0 0 0 0 0 0 6 0 0 0 
0 13 0 0 91 1976 0 0 60 0 22 0 0 0 0 0 543 0 0 719 0 0 15389 0 9866 8708 0 0 9235 0 133 181737 0 0 0 11916 240 0 0 0 0 0 0 72 1081 0 0 38 0 0 0 0 65 0 0 0 0 0 0 0 63 0 0 135 0 0 3521 0 2014 0 117 0 0 0 3104 0 1383 0 115 0 0 0 0 0 0 15 0 0 0 0 0 10 0 0 0 503 0 0 0 19 0 0 0 17 0 35 0 0 0 0 0 0 0 0 0 11 0 0 0 0 0 0 0 0 0 3 0 0 0 
0 5 0 0 50 918 0 0 8 0 2 0 0 0 0 0 259 0 0 118 0 0 2484 0 4857 4722 0 0 5633 0 5 90045 0 0 0 7668 217 0 0 0 0 0 0 16 247 0 0 9 0 0 0 0 42 0 0 0 0 0 0 0 58 0 0 4 0 0 196 0 1294 0 31 0 0 0 431 0 862 0 12 0 0 0 0 0 0 1 0 0 0 0 0 0 0 0 0 25 0 0 0 1 0 0 0 3 0 0 0 0 0 0 0 0 0 0 0 3 0 0 0 0 0 0 0 0 0 0 0 0 0 
0 8 0 0 66 848 0 0 19 0 9 0 0 0 0 0 396 0 0 279 0 0 3457 0 4999 7084 0 0 5055 0 19 48824 0 0 0 5895 204 0 0 0 0 0 0 16 132 0 0 12 0 0 0 0 34 0 0 0 0 0 0 0 58 0 0 22 0 0 883 0 755 0 68 0 0 0 1085 0 737 0 50 0 0 0 0 0 0 2 0 0 0 0 0 5 0 0 0 110 0 0 0 7 0 0 0 8 0 6 0 0 0 0 0 0 0 0 0 7 0 0 0 0 0 0 0 0 0 2 0 0 0 
0 10 0 0 91 1253 0 0 35 0 10 0 0 0 0 0 475 0 0 540 0 0 7817 0 6764 9355 0 0 7516 0 59 87229 0 0 0 10191 329 0 0 0 0 0 0 63 466 0 0 30 0 0 0 0 62 0 0 0 0 0 0 0 99 0 0 43 0 0 1199 0 1053 0 76 0 0 0 963 0 1294 0 69 0 0 0 0 0 0 6 0 0 0 0 0 3 0 0 0 149 0 0 0 8 0 0 0 8 0 8 0 0 0 0 0 0 0 0 0 6 0 0 0 0 0 0 0 0 0 1 0 0 0 
0 10 0 0 79 1474 0 0 34 0 11 0 0 0 0 0 423 0 0 440 0 0 8728 0 7470 8322 0 0 8605 0 56 124557 0 0 0 10893 254 0 0 0 0 0 0 61 574 0 0 32 0 0 0 0 67 0 0 0 0 0 0 0 62 0 0 44 0 0 1416 0 1563 0 75 0 0 0 1316 0 1404 0 55 0 0 0 0 0 0 0 0 0 0 0 0 12 0 0 0 298 0 0 0 11 0 0 0 7 0 4 0 0 0 0 0 0 0 0 0 6 0 0 0 0 0 0 0 0 0 4 0 0 0 
0 8 0 0 66 1071 0 0 18 0 10 0 0 0 0 0 386 0 0 220 0 0 4512 0 5774 7307 0 0 6355 0 13 94113 0 0 0 7319 208 0 0 0 0 0 0 29 333 0 0 23 0 0 0 0 41 0 0 0 0 0 0 0 53 0 0 28 0 0 1229 0 1232 0 65 0 0 0 733 0 854 0 64 0 0 0 0 0 0 3 0 0 0 0 0 4 0 0 0 159 0 0 0 11 0 0 0 10 0 6 0 0 0 0 0 0 0 0 0 13 0 0 1 0 0 0 0 0 0 1 0 0 0 
0 9 0 0 66 1333 0 0 30 0 8 0 0 0 0 0 371 0 0 333 0 0 7695 0 6834 7213 0 0 7629 0 50 113736 0 0 0 8941 189 0 0 0 0 0 0 46 632 0 0 28 0 0 0 0 53 0 0 0 0 0 0 0 45 0 0 34 0 0 1099 0 1419 0 57 0 0 0 844 0 1015 0 53 0 0 0 0 0 0 2 0 0 0 0 0 5 0 0 0 159 0 0 0 8 0 0 0 5 0 7 0 0 0 0 0 0 0 0 0 8 0 0 0 0 0 0 0 0 0 0 0 0 0 
0 7 0 0 51 828 0 0 15 0 6 0 0 0 0 0 320 0 0 188 0 0 3151 0 4741 5189 0 0 5254 0 10 54161 0 0 0 5612 129 0 0 0 0 0 0 21 156 0 0 5 0 0 0 0 39 0 0 0 0 0 0 0 45 0 0 20 0 0 750 0 822 0 40 0 0 0 564 0 611 0 32 0 0 0 0 0 0 1 0 0 0 0 0 0 0 0 0 84 0 0 0 5 0 0 0 4 0 4 0 0 0 0 0 0 0 0 0 5 0 0 0 0 0 0 0 0 0 0 0 0 0 
39 6 102 206 33 957 735 251 9 1 7 6 27 947 423 1041 200 476 1053 84 1549 30347 2550 8503 5297 3240 32487 3401 6995 625 4 77530 8932 3061 3412 4882 72 274 586 3 57 83 21 19 230 472 225 3 2 155 52 29 26 3 4 2 7 0 42 218 14 26 114 11 220 4324 780 192 1153 133 28 23 67 448 920 917 519 30 25 67 102 0 0 0 0 1 39 0 0 1 0 2 6 8 49 145 15 22 12 9 0 5 23 6 3 3 23 2 7 0 1 0 3 0 0 0 22 1 0 0 0 0 0 0 0 3 0 8 0 
0 3 0 0 24 443 0 0 3 0 0 0 0 0 0 0 155 0 0 37 0 0 750 0 2725 2169 0 0 2608 0 1 34364 0 0 0 3129 74 0 0 0 0 0 0 8 65 0 0 2 0 0 0 0 23 0 0 0 0 0 0 0 19 0 0 0 0 0 0 0 464 0 0 0 0 0 0 0 326 0 0 0 0 0 0 0 0 0 0 0 0 0 0 0 0 0 0 0 0 0 0 0 0 0 0 0 0 0 0 0 0 0 0 0 0 0 0 0 0 0 0 0 0 0 0 0 0 0 0 0 0 
0 4 0 0 34 507 0 0 4 0 2 0 0 0 0 0 206 0 0 55 0 0 927 0 3020 3749 0 0 3952 0 0 33490 0 0 0 3710 111 0 0 0 0 0 0 8 40 0 0 3 0 0 0 0 29 0 0 0 0 0 0 0 37 0 0 4 0 0 218 0 593 0 9 0 0 0 242 0 474 0 18 0 0 0 0 0 0 0 0 0 0 0 0 0 0 0 0 21 0 0 0 2 0 0 0 3 0 0 0 0 0 0 0 0 0 0 0 1 0 0 0 0 0 0 0 0 0 0 0 0 0 
0 14 0 0 89 2177 0 0 70 0 26 0 0 0 0 0 473 0 0 761 0 0 18495 0 10468 8660 0 0 11274 0 173 196572 0 0 0 11362 212 0 0 0 0 0 0 106 1251 0 0 33 0 0 0 0 66 0 0 0 0 0 0 0 73 0 0 176 0 0 4082 0 2355 0 115 0 0 0 3788 0 1372 0 131 0 0 0 0 0 0 18 0 0 0 0 0 10 0 0 0 602 0 0 0 17 0 0 0 17 0 33 0 0 0 0 0 0 0 0 0 12 0 0 4 0 0 0 0 0 0 12 0 0 0 
69 7 618 444 40 856 2288 479 17 2 6 58 36 3463 3244 2268 238 3343 2660 155 3190 55148 3584 28142 4885 4285 53428 34961 4252 1212 19 60745 48880 36825 13572 4248 84 995 4253 14 324 242 189 21 143 1736 239 7 122 316 223 100 36 6 13 7 35 85 287 343 27 314 198 19 411 4502 844 3144 586 194 31 331 453 6475 786 2160 567 347 39 162 617 4 2 2 0 2 27 11 0 0 0 1 59 4 111 149 349 29 54 1 8 25 51 1 10 3 23 53 23 1 1 0 3 10 15 0 29 1 0 0 0 0 0 0 0 2 6 4 2 
0 4 0 0 27 553 0 0 6 0 0 0 0 0 0 0 178 0 0 64 0 0 1455 0 3303 3088 0 0 3583 0 4 41333 0 0 0 3182 68 0 0 0 0 0 0 10 100 0 0 5 0 0 0 0 14 0 0 0 0 0 0 0 15 0 0 0 0 0 0 0 540 0 0 0 0 0 0 0 449 0 0 0 0 0 0 0 0 0 0 0 0 0 0 0 0 0 0 0 0 0 0 0 0 0 0 0 0 0 0 0 0 0 0 0 0 0 0 0 0 0 0 0 0 0 0 0 0 0 0 0 0 
81 10 774 684 79 1108 3149 504 37 13 8 93 112 4305 4773 4872 402 3752 3527 481 2846 56093 7406 34919 5173 7679 74541 47692 6025 1136 66 76382 78939 57632 22598 8185 245 2142 3368 30 455 549 261 50 412 2080 373 29 235 1103 1425 724 54 96 54 67 28 570 670 493 75 458 500 44 367 12826 687 5688 1141 737 62 563 875 13178 861 7312 973 407 52 675 393 10 3 13 9 2 68 35 9 7 10 2 47 88 667 75 733 66 103 4 62 168 210 5 106 6 85 76 73 11 12 4 6 101 70 7 57 17 0 2 0 0 0 1 1 0 22 9 21 
0 10 0 0 72 813 0 0 34 0 11 0 0 0 0 0 406 0 0 434 0 0 4865 0 4726 8938 0 0 5987 0 53 42942 0 0 0 5007 189 0 0 0 0 0 0 37 194 0 0 22 0 0 0 0 30 0 0 0 0 0 0 0 72 0 0 49 0 0 1146 0 686 0 64 0 0 0 658 0 719 0 55 0 0 0 0 0 0 2 0 0 0 0 0 4 0 0 0 113 0 0 0 8 0 0 0 2 0 9 0 0 0 0 0 0 0 0 0 7 0 0 0 0 0 0 0 0 0 3 0 0 0 
0 4 0 0 26 459 0 0 4 0 2 0 0 0 0 0 177 0 0 42 0 0 725 0 2633 3365 0 0 3097 0 1 29023 0 0 0 2746 59 0 0 0 0 0 0 5 43 0 0 2 0 0 0 0 11 0 0 0 0 0 0 0 16 0 0 2 0 0 334 0 464 0 13 0 0 0 172 0 393 0 9 0 0 0 0 0 0 1 0 0 0 0 0 0 0 0 0 28 0 0 0 1 0 0 0 1 0 0 0 0 0 0 0 0 0 0 0 3 0 0 0 0 0 0 0 0 0 0 0 0 0 
0 10 0 0 80 1406 0 0 32 0 13 0 0 0 0 0 451 0 0 425 0 0 8068 0 7158 8760 0 0 8054 0 47 120652 0 0 0 9525 237 0 0 0 0 0 0 54 557 0 0 27 0 0 0 0 58 0 0 0 0 0 0 0 67 0 0 45 0 0 1853 0 1444 0 70 0 0 0 1106 0 1436 0 73 0 0 0 0 0 0 10 0 0 0 0 0 5 0 0 0 228 0 0 0 19 0 0 0 7 0 10 0 0 0 0 0 0 0 0 0 17 0 0 0 0 0 0 0 0 0 3 0 0 0 
0 10 0 0 77 975 0 0 40 0 5 0 0 0 0 0 463 0 0 513 0 0 7232 0 5384 8792 0 0 7860 0 83 62766 0 0 0 6378 208 0 0 0 0 0 0 56 294 0 0 28 0 0 0 0 50 0 0 0 0 0 0 0 67 0 0 35 0 0 571 0 1083 0 32 0 0 0 270 0 869 0 34 0 0 0 0 0 0 0 0 0 0 0 0 1 0 0 0 32 0 0 0 5 0 0 0 1 0 0 0 0 0 0 0 0 0 0 0 3 0 0 1 0 0 0 0 0 0 0 0 0 0 
0 11 0 0 80 1223 0 0 45 0 11 0 0 0 0 0 466 0 0 563 0 0 8794 0 6737 9110 0 0 7670 0 92 97780 0 0 0 7826 227 0 0 0 0 0 0 48 374 0 0 32 0 0 0 0 68 0 0 0 0 0 0 0 76 0 0 63 0 0 1526 0 1298 0 68 0 0 0 1128 0 1083 0 54 0 0 0 0 0 0 7 0 0 0 0 0 2 0 0 0 181 0 0 0 7 0 0 0 3 0 9 0 0 0 0 0 0 0 0 0 8 0 0 0 0 0 0 0 0 0 1 0 0 0 
0 8 0 0 53 1147 0 0 20 0 9 0 0 0 0 0 328 0 0 216 0 0 4760 0 6358 5709 0 0 6850 0 19 103030 0 0 0 7212 130 0 0 0 0 0 0 27 288 0 0 11 0 0 0 0 38 0 0 0 0 0 0 0 35 0 0 30 0 0 1512 0 1288 0 53 0 0 0 1124 0 822 0 47 0 0 0 0 0 0 2 0 0 0 0 0 2 0 0 0 207 0 0 0 6 0 0 0 5 0 8 0 0 0 0 0 0 0 0 0 8 0 0 0 0 0 0 0 0 0 1 0 0 0 
0 8 0 0 54 880 0 0 22 0 6 0 0 0 0 0 364 0 0 256 0 0 4412 0 4932 5720 0 0 5687 0 31 55151 0 0 0 5211 137 0 0 0 0 0 0 32 294 0 0 9 0 0 0 0 35 0 0 0 0 0 0 0 35 0 0 14 0 0 591 0 845 0 36 0 0 0 388 0 660 0 28 0 0 0 0 0 0 1 0 0 0 0 0 10 0 0 0 74 0 0 0 4 0 0 0 5 0 0 0 0 0 0 0 0 0 0 0 2 0 0 0 0 0 0 0 0 0 0 0 0 0 
0 11 0 0 86 1734 0 0 40 0 18 0 0 0 0 0 426 0 0 509 0 0 11157 0 8873 9686 0 0 9248 0 59 153013 0 0 0 11424 251 0 0 0 0 0 0 70 666 0 0 32 0 0 0 0 58 0 0 0 0 0 0 0 69 0 0 93 0 0 2632 0 1664 0 104 0 0 0 2196 0 1573 0 110 0 0 0 0 0 0 10 0 0 0 0 0 10 0 0 0 453 0 0 0 20 0 0 0 12 0 19 0 0 0 0 0 0 0 0 0 23 0 0 0 0 0 0 0 0 0 1 0 0 0 
0 7 0 0 52 850 0 0 16 0 6 0 0 0 0 0 292 0 0 199 0 0 3505 0 5045 6091 0 0 4733 0 14 56047 0 0 0 5198 151 0 0 0 0 0 0 14 180 0 0 12 0 0 0 0 32 0 0 0 0 0 0 0 50 0 0 21 0 0 766 0 664 0 40 0 0 0 648 0 733 0 42 0 0 0 0 0 0 1 0 0 0 0 0 1 0 0 0 62 0 0 0 3 0 0 0 4 0 3 0 0 0 0 0 0 0 0 0 2 0 0 0 0 0 0 0 0 0 0 0 0 0 
96 8 312 679 51 729 4537 679 22 1 6 23 87 2469 1791 3812 340 1790 3955 226 4576 87054 3704 55665 4104 5212 59982 27465 4927 1763 24 43111 140794 12435 28643 3673 118 1661 1601 10 143 518 165 25 153 4202 370 16 30 27 119 77 33 3 3 4 16 27 281 444 37 123 472 29 591 9245 527 2010 614 454 25 117 252 1905 454 6776 534 109 34 417 212 0 3 1 0 0 71 2 0 0 0 1 24 25 709 41 74 63 18 6 0 10 6 3 7 1 86 18 19 1 3 0 0 0 19 5 55 1 0 1 0 0 0 0 0 1 7 10 0 
0 3 0 0 28 404 0 0 3 0 0 0 0 0 0 0 175 0 0 45 0 0 690 0 2448 3139 0 0 2466 0 1 26925 0 0 0 3353 100 0 0 0 0 0 0 6 56 0 0 4 0 0 0 0 17 0 0 0 0 0 0 0 19 0 0 0 0 0 0 0 354 0 0 0 0 0 0 0 442 0 0 0 0 0 0 0 0 0 0 0 0 0 0 0 0 0 0 0 0 0 0 0 0 0 0 0 0 0 0 0 0 0 0 0 0 0 0 0 0 0 0 0 0 0 0 0 0 0 0 0 0 
0 7 0 0 48 957 0 0 16 0 5 0 0 0 0 0 295 0 0 186 0 0 3957 0 5072 5424 0 0 6148 0 17 81890 0 0 0 6425 114 0 0 0 0 0 0 22 202 0 0 11 0 0 0 0 40 0 0 0 0 0 0 0 43 0 0 12 0 0 660 0 1170 0 25 0 0 0 508 0 783 0 21 0 0 0 0 0 0 1 0 0 0 0 0 1 0 0 0 97 0 0 0 3 0 0 0 2 0 3 0 0 0 0 0 0 0 0 0 6 0 0 1 0 0 0 0 0 0 0 0 0 0 
0 7 0 0 57 1088 0 0 18 0 3 0 0 0 0 0 353 0 0 239 0 0 4914 0 5812 5911 0 0 6495 0 21 99898 0 0 0 7232 181 0 0 0 0 0 0 37 334 0 0 10 0 0 0 0 47 0 0 0 0 0 0 0 42 0 0 13 0 0 593 0 1328 0 13 0 0 0 225 0 950 0 25 0 0 0 0 0 0 0 0 0 0 0 0 1 0 0 0 46 0 0 0 2 0 0 0 4 0 0 0 0 0 0 0 0 0 0 0 3 0 0 0 0 0 0 0 0 0 0 0 0 0 
0 6 0 0 47 836 0 0 9 0 7 0 0 0 0 0 272 0 0 120 0 0 1987 0 4454 5319 0 0 4928 0 5 74209 0 0 0 5793 128 0 0 0 0 0 0 10 93 0 0 4 0 0 0 0 36 0 0 0 0 0 0 0 45 0 0 9 0 0 1075 0 1002 0 43 0 0 0 962 0 768 0 45 0 0 0 0 0 0 1 0 0 0 0 0 1 0 0 0 174 0 0 0 8 0 0 0 5 0 5 0 0 0 0 0 0 0 0 0 6 0 0 1 0 0 0 0 0 0 2 0 0 0 
0 10 0 0 80 1532 0 0 42 0 3 0 0 0 0 0 428 0 0 543 0 0 11047 0 7871 7585 0 0 10816 0 98 136613 0 0 0 9991 245 0 0 0 0 0 0 82 740 0 0 36 0 0 0 0 72 0 0 0 0 0 0 0 60 0 0 20 0 0 639 0 1949 0 18 0 0 0 366 0 1148 0 12 0 0 0 0 0 0 1 0 0 0 0 0 1 0 0 0 100 0 0 0 5 0 0 0 1 0 0 0 0 0 0 0 0 0 0 0 2 0 0 0 0 0 0 0 0 0 0 0 0 0 
0 7 0 0 53 812 0 0 17 0 5 0 0 0 0 0 332 0 0 231 0 0 3442 0 4681 5868 0 0 5034 0 18 52648 0 0 0 5044 153 0 0 0 0 0 0 14 169 0 0 10 0 0 0 0 34 0 0 0 0 0 0 0 35 0 0 18 0 0 620 0 615 0 27 0 0 0 584 0 585 0 27 0 0 0 0 0 0 0 0 0 0 0 0 1 0 0 0 81 0 0 0 4 0 0 0 4 0 3 0 0 0 0 0 0 0 0 0 4 0 0 0 0 0 0 0 0 0 0 0 0 0 
0 7 0 0 52 957 0 0 14 0 7 0 0 0 0 0 309 0 0 177 0 0 3405 0 5304 5473 0 0 5195 0 8 76946 0 0 0 6555 135 0 0 0 0 0 0 12 179 0 0 9 0 0 0 0 42 0 0 0 0 0 0 0 42 0 0 20 0 0 810 0 1061 0 52 0 0 0 885 0 788 0 38 0 0 0 0 0 0 3 0 0 0 0 0 1 0 0 0 132 0 0 0 8 0 0 0 4 0 2 0 0 0 0 0 0 0 0 0 4 0 0 0 0 0 0 0 0 0 1 0 0 0 
0 9 0 0 72 1318 0 0 28 0 10 0 0 0 0 0 411 0 0 387 0 0 7020 0 7076 7135 0 0 6821 0 36 113630 0 0 0 8857 218 0 0 0 0 0 0 37 459 0 0 18 0 0 0 0 52 0 0 0 0 0 0 0 53 0 0 50 0 0 1587 0 1364 0 65 0 0 0 1211 0 1066 0 61 0 0 0 0 0 0 3 0 0 0 0 0 2 0 0 0 214 0 0 0 14 0 0 0 7 0 7 0 0 0 0 0 0 0 0 0 3 0 0 0 0 0 0 0 0 0 0 0 0 0 
0 9 0 0 81 1106 0 0 28 0 8 0 0 0 0 0 431 0 0 428 0 0 6262 0 5786 8513 0 0 6914 0 39 74206 0 0 0 8794 288 0 0 0 0 0 0 45 348 0 0 26 0 0 0 0 59 0 0 0 0 0 0 0 89 0 0 35 0 0 704 0 996 0 46 0 0 0 926 0 1162 0 55 0 0 0 0 0 0 2 0 0 0 0 0 2 0 0 0 106 0 0 0 3 0 0 0 5 0 5 0 0 0 0 0 0 0 0 0 10 0 0 0 0 0 0 0 0 0 1 0 0 0 
0 11 0 0 78 1482 0 0 45 0 10 0 0 0 0 0 463 0 0 538 0 0 10790 0 7789 8706 0 0 8230 0 88 106420 0 0 0 8926 202 0 0 0 0 0 0 64 706 0 0 28 0 0 0 0 51 0 0 0 0 0 0 0 61 0 0 64 0 0 1168 0 1283 0 48 0 0 0 1027 0 1202 0 55 0 0 0 0 0 0 2 0 0 0 0 0 2 0 0 0 185 0 0 0 11 0 0 0 9 0 9 0 0 0 0 0 0 0 0 0 9 0 0 0 0 0 0 0 0 0 0 0 0 0 
0 8 0 0 51 1226 0 0 23 0 5 0 0 0 0 0 296 0 0 241 0 0 6215 0 6719 5577 0 0 6642 0 28 107091 0 0 0 6739 118 0 0 0 0 0 0 30 376 0 0 15 0 0 0 0 36 0 0 0 0 0 0 0 38 0 0 27 0 0 843 0 1249 0 32 0 0 0 494 0 850 0 17 0 0 0 0 0 0 0 0 0 0 0 0 0 0 0 0 122 0 0 0 5 0 0 0 5 0 0 0 0 0 0 0 0 0 0 0 2 0 0 0 0 0 0 0 0 0 1 0 0 0 
0 10 0 0 79 941 0 0 38 0 9 0 0 0 0 0 448 0 0 492 0 0 6576 0 5296 9497 0 0 5671 0 72 45518 0 0 0 6383 231 0 0 0 0 0 0 39 250 0 0 38 0 0 0 0 41 0 0 0 0 0 0 0 60 0 0 53 0 0 766 0 677 0 61 0 0 0 755 0 958 0 60 0 0 0 0 0 0 2 0 0 0 0 0 3 0 0 0 93 0 0 0 8 0 0 0 6 0 4 0 0 0 0 0 0 0 0 0 8 0 0 1 0 0 0 0 0 0 1 0 0 0 
0 10 0 0 82 1161 0 0 38 0 7 0 0 0 0 0 506 0 0 547 0 0 7736 0 6137 9402 0 0 7330 0 70 94106 0 0 0 7476 259 0 0 0 0 0 0 46 430 0 0 25 0 0 0 0 57 0 0 0 0 0 0 0 76 0 0 44 0 0 991 0 1288 0 38 0 0 0 622 0 1117 0 39 0 0 0 0 0 0 2 0 0 0 0 0 1 0 0 0 95 0 0 0 7 0 0 0 8 0 3 0 0 0 0 0 0 0 0 0 6 0 0 0 0 0 0 0 0 0 0 0 0 0 
0 6 0 0 47 407 0 0 14 0 1 0 0 0 0 0 283 0 0 184 0 0 1777 0 2490 5251 0 0 2300 0 16 16903 0 0 0 2827 137 0 0 0 0 0 0 17 71 0 0 9 0 0 0 0 17 0 0 0 0 0 0 0 50 0 0 4 0 0 66 0 245 0 8 0 0 0 21 0 418 0 3 0 0 0 0 0 0 0 0 0 0 0 0 0 0 0 0 7 0 0 0 1 0 0 0 0 0 0 0 0 0 0 0 0 0 0 0 4 0 0 0 0 0 0 0 0 0 0 0 0 0 
0 6 0 0 44 645 0 0 12 0 3 0 0 0 0 0 294 0 0 154 0 0 2312 0 3845 4960 0 0 3228 0 8 37732 0 0 0 4080 119 0 0 0 0 0 0 13 130 0 0 6 0 0 0 0 18 0 0 0 0 0 0 0 27 0 0 12 0 0 364 0 442 0 20 0 0 0 217 0 544 0 18 0 0 0 0 0 0 0 0 0 0 0 0 0 0 0 0 30 0 0 0 4 0 0 0 1 0 0 0 0 0 0 0 0 0 0 0 1 0 0 0 0 0 0 0 0 0 0 0 0 0 
0 8 0 0 66 1145 0 0 24 0 5 0 0 0 0 0 389 0 0 333 0 0 6088 0 6138 7483 0 0 6037 0 36 102856 0 0 0 8104 212 0 0 0 0 0 0 32 427 0 0 23 0 0 0 0 56 0 0 0 0 0 0 0 50 0 0 19 0 0 630 0 1212 0 27 0 0 0 470 0 1146 0 38 0 0 0 0 0 0 1 0 0 0 0 0 3 0 0 0 73 0 0 0 0 0 0 0 5 0 3 0 0 0 0 0 0 0 0 0 4 0 0 0 0 0 0 0 0 0 0 0 0 0 
0 8 0 0 63 1187 0 0 22 0 6 0 0 0 0 0 355 0 0 289 0 0 5660 0 6484 7124 0 0 6726 0 26 91527 0 0 0 7992 190 0 0 0 0 0 0 37 425 0 0 18 0 0 0 0 40 0 0 0 0 0 0 0 50 0 0 24 0 0 668 0 945 0 40 0 0 0 849 0 1146 0 27 0 0 0 0 0 0 3 0 0 0 0 0 2 0 0 0 124 0 0 0 3 0 0 0 6 0 1 0 0 0 0 0 0 0 0 0 8 0 0 0 0 0 0 0 0 0 0 0 0 0 
0 7 0 0 61 969 0 0 18 0 3 0 0 0 0 0 363 0 0 271 0 0 4317 0 5396 6632 0 0 6039 0 21 72811 0 0 0 6967 217 0 0 0 0 0 0 30 307 0 0 12 0 0 0 0 49 0 0 0 0 0 0 0 47 0 0 13 0 0 276 0 832 0 18 0 0 0 450 0 972 0 15 0 0 0 0 0 0 0 0 0 0 0 0 0 0 0 0 62 0 0 0 3 0 0 0 5 0 1 0 0 0 0 0 0 0 0 0 2 0 0 0 0 0 0 0 0 0 0 0 0 0 
0 7 0 0 52 696 0 0 16 0 5 0 0 0 0 0 322 0 0 207 0 0 2742 0 4176 5852 0 0 4561 0 15 42103 0 0 0 4370 150 0 0 0 0 0 0 15 94 0 0 12 0 0 0 0 20 0 0 0 0 0 0 0 39 0 0 15 0 0 708 0 527 0 29 0 0 0 415 0 584 0 29 0 0 0 0 0 0 2 0 0 0 0 0 1 0 0 0 51 0 0 0 4 0 0 0 3 0 2 0 0 0 0 0 0 0 0 0 3 0 0 0 0 0 0 0 0 0 0 0 0 0 
0 10 0 0 69 1390 0 0 35 0 12 0 0 0 0 0 385 0 0 409 0 0 8423 0 7463 7874 0 0 8785 0 54 117364 0 0 0 8600 187 0 0 0 0 0 0 55 499 0 0 16 0 0 0 0 54 0 0 0 0 0 0 0 53 0 0 64 0 0 1633 0 1480 0 70 0 0 0 1521 0 1124 0 59 0 0 0 0 0 0 5 0 0 0 0 0 3 0 0 0 261 0 0 0 13 0 0 0 13 0 9 0 0 0 0 0 0 0 0 0 11 0 0 0 0 0 0 0 0 0 1 0 0 0 
0 7 0 0 56 721 0 0 20 0 1 0 0 0 0 0 341 0 0 274 0 0 3737 0 4219 6092 0 0 4611 0 30 41037 0 0 0 4960 159 0 0 0 0 0 0 24 216 0 0 14 0 0 0 0 35 0 0 0 0 0 0 0 49 0 0 5 0 0 33 0 583 0 7 0 0 0 87 0 647 0 5 0 0 0 0 0 0 0 0 0 0 0 0 0 0 0 0 7 0 0 0 0 0 0 0 1 0 0 0 0 0 0 0 0 0 0 0 2 0 0 0 0 0 0 0 0 0 0 0 0 0 
0 9 0 0 71 1030 0 0 28 0 9 0 0 0 0 0 416 0 0 346 0 0 5775 0 5721 7971 0 0 6442 0 39 77815 0 0 0 7655 221 0 0 0 0 0 0 47 248 0 0 28 0 0 0 0 56 0 0 0 0 0 0 0 61 0 0 38 0 0 1173 0 1101 0 57 0 0 0 866 0 1121 0 47 0 0 0 0 0 0 3 0 0 0 0 0 4 0 0 0 156 0 0 0 8 0 0 0 13 0 7 0 0 0 0 0 0 0 0 0 16 0 0 0 0 0 0 0 0 0 0 0 0 0 
0 7 0 0 57 1191 0 0 15 0 6 0 0 0 0 0 338 0 0 198 0 0 4355 0 6361 6101 0 0 7009 0 12 110980 0 0 0 8540 179 0 0 0 0 0 0 34 337 0 0 11 0 0 0 0 57 0 0 0 0 0 0 0 49 0 0 17 0 0 916 0 1270 0 39 0 0 0 778 0 1084 0 36 0 0 0 0 0 0 1 0 0 0 0 0 2 0 0 0 196 0 0 0 5 0 0 0 7 0 2 0 0 0 0 0 0 0 0 0 3 0 0 0 0 0 0 0 0 0 1 0 0 0 
0 5 0 0 37 726 0 0 9 0 1 0 0 0 0 0 225 0 0 109 0 0 2195 0 4305 4374 0 0 4989 0 7 58429 0 0 0 4783 101 0 0 0 0 0 0 14 168 0 0 7 0 0 0 0 30 0 0 0 0 0 0 0 25 0 0 3 0 0 178 0 739 0 5 0 0 0 128 0 697 0 8 0 0 0 0 0 0 0 0 0 0 0 0 0 0 0 0 29 0 0 0 0 0 0 0 1 0 0 0 0 0 0 0 0 0 0 0 1 0 0 0 0 0 0 0 0 0 0 0 0 0 
0 7 0 0 44 1023 0 0 14 0 8 0 0 0 0 0 263 0 0 145 0 0 3443 0 5817 4228 0 0 6622 0 10 85435 0 0 0 5927 114 0 0 0 0 0 0 21 235 0 0 7 0 0 0 0 42 0 0 0 0 0 0 0 23 0 0 18 0 0 989 0 1146 0 44 0 0 0 1303 0 691 0 34 0 0 0 0 0 0 4 0 0 0 0 0 3 0 0 0 176 0 0 0 7 0 0 0 8 0 4 0 0 0 0 0 0 0 0 0 6 0 0 0 0 0 0 0 0 0 1 0 0 0 
0 9 0 0 68 1092 0 0 28 0 8 0 0 0 0 0 445 0 0 353 0 0 5870 0 6000 8227 0 0 6082 0 37 88057 0 0 0 6551 193 0 0 0 0 0 0 35 312 0 0 26 0 0 0 0 39 0 0 0 0 0 0 0 62 0 0 39 0 0 965 0 1154 0 42 0 0 0 998 0 973 0 43 0 0 0 0 0 0 4 0 0 0 0 0 2 0 0 0 118 0 0 0 7 0 0 0 9 0 1 0 0 0 0 0 0 0 0 0 7 0 0 0 0 0 0 0 0 0 1 0 0 0 
204 5 1349 885 37 577 20490 1216 9 4 2 217 131 8701 4813 5925 171 6368 4264 106 6577 126275 1815 217428 2902 3504 99497 241025 3150 2689 7 36054 1353166 88402 77366 3660 98 1394 7615 43 616 568 1672 13 134 12715 595 6 690 390 266 675 21 29 22 11 58 961 769 284 32 977 596 6 929 16369 183 38602 360 884 13 765 1370 28699 183 22468 536 1230 13 397 911 2 5 4 4 0 98 89 0 2 1 0 157 31 1868 28 2380 58 70 4 151 31 41 4 93 0 102 229 114 3 0 15 2 154 116 4 58 7 0 0 0 0 0 0 1 0 26 4 18 
0 10 0 0 88 1341 0 0 38 0 8 0 0 0 0 0 462 0 0 547 0 0 8795 0 7057 9150 0 0 8892 0 72 95743 0 0 0 10258 295 0 0 0 0 0 0 71 628 0 0 36 0 0 0 0 69 0 0 0 0 0 0 0 69 0 0 46 0 0 953 0 1209 0 51 0 0 0 941 0 1298 0 47 0 0 0 0 0 0 2 0 0 0 0 0 5 0 0 0 161 0 0 0 14 0 0 0 7 0 3 0 0 0 0 0 0 0 0 0 10 0 0 0 0 0 0 0 0 0 0 0 0 0 
116 5 720 497 32 783 6617 763 6 2 4 54 79 5477 2050 2844 191 3963 2705 71 4768 91981 1469 76097 4364 3063 73488 76118 4181 1822 2 69570 247638 37853 24743 4145 81 548 4311 13 232 346 605 9 72 5203 380 4 159 171 222 198 24 7 13 4 36 196 571 301 18 282 380 5 635 15974 836 5707 845 447 19 162 597 5603 401 6873 531 348 14 135 560 0 6 1 1 2 80 7 0 1 1 0 45 4 1052 135 209 126 145 5 13 20 50 2 9 0 39 51 8 0 2 1 2 14 45 2 18 1 0 1 0 0 0 0 0 1 12 13 0 
0 8 0 0 68 1032 0 0 26 0 2 0 0 0 0 0 391 0 0 358 0 0 5940 0 5565 7969 0 0 7014 0 45 70664 0 0 0 7573 210 0 0 0 0 0 0 43 366 0 0 26 0 0 0 0 54 0 0 0 0 0 0 0 54 0 0 10 0 0 260 0 986 0 14 0 0 0 200 0 1139 0 10 0 0 0 0 0 0 0 0 0 0 0 0 1 0 0 0 28 0 0 0 1 0 0 0 0 0 0 0 0 0 0 0 0 0 0 0 3 0 0 0 0 0 0 0 0 0 0 0 0 0 
0 10 0 0 78 1183 0 0 40 0 5 0 0 0 0 0 425 0 0 520 0 0 8587 0 6564 7967 0 0 6959 0 82 81906 0 0 0 8209 216 0 0 0 0 0 0 54 493 0 0 31 0 0 0 0 46 0 0 0 0 0 0 0 70 0 0 36 0 0 383 0 951 0 35 0 0 0 518 0 1099 0 32 0 0 0 0 0 0 0 0 0 0 0 0 1 0 0 0 65 0 0 0 2 0 0 0 2 0 1 0 0 0 0 0 0 0 0 0 3 0 0 0 0 0 0 0 0 0 0 0 0 0 
0 10 0 0 67 1376 0 0 37 0 10 0 0 0 0 0 369 0 0 429 0 0 8875 0 7505 7385 0 0 9805 0 65 99298 0 0 0 7982 172 0 0 0 0 0 0 46 562 0 0 21 0 0 0 0 47 0 0 0 0 0 0 0 44 0 0 59 0 0 1392 0 1291 0 49 0 0 0 1184 0 1062 0 49 0 0 0 0 0 0 3 0 0 0 0 0 3 0 0 0 215 0 0 0 2 0 0 0 8 0 6 0 0 0 0 0 0 0 0 0 6 0 0 1 0 0 0 0 0 0 0 0 0 0 
0 8 0 0 76 850 0 0 20 0 10 0 0 0 0 0 411 0 0 325 0 0 3875 0 4760 8623 0 0 4880 0 19 47583 0 0 0 7341 309 0 0 0 0 0 0 19 246 0 0 25 0 0 0 0 50 0 0 0 0 0 0 0 84 0 0 30 0 0 877 0 574 0 60 0 0 0 875 0 1080 0 67 0 0 0 0 0 0 4 0 0 0 0 0 8 0 0 0 70 0 0 0 5 0 0 0 7 0 8 0 0 0 0 0 0 0 0 0 13 0 0 0 0 0 0 0 0 0 0 0 0 0 
0 6 0 0 49 971 0 0 9 0 7 0 0 0 0 0 287 0 0 124 0 0 2370 0 5501 4988 0 0 5130 0 2 91977 0 0 0 6677 156 0 0 0 0 0 0 16 167 0 0 5 0 0 0 0 36 0 0 0 0 0 0 0 31 0 0 16 0 0 1175 0 1019 0 41 0 0 0 830 0 905 0 43 0 0 0 0 0 0 3 0 0 0 0 0 1 0 0 0 190 0 0 0 7 0 0 0 2 0 0 0 0 0 0 0 0 0 0 0 11 0 0 0 0 0 0 0 0 0 2 0 0 0 
0 7 0 0 63 1078 0 0 18 0 4 0 0 0 0 0 316 0 0 249 0 0 4902 0 5748 7026 0 0 6408 0 22 95117 0 0 0 8596 238 0 0 0 0 0 0 35 332 0 0 18 0 0 0 0 45 0 0 0 0 0 0 0 71 0 0 15 0 0 441 0 1171 0 29 0 0 0 592 0 1181 0 32 0 0 0 0 0 0 1 0 0 0 0 0 0 0 0 0 38 0 0 0 1 0 0 0 4 0 2 0 0 0 0 0 0 0 0 0 5 0 0 0 0 0 0 0 0 0 0 0 0 0 
0 9 0 0 70 1162 0 0 33 0 4 0 0 0 0 0 427 0 0 437 0 0 7555 0 6336 7311 0 0 6304 0 63 86249 0 0 0 7731 208 0 0 0 0 0 0 43 506 0 0 19 0 0 0 0 35 0 0 0 0 0 0 0 50 0 0 28 0 0 331 0 951 0 26 0 0 0 487 0 1212 0 26 0 0 0 0 0 0 0 0 0 0 0 0 0 0 0 0 67 0 0 0 1 0 0 0 3 0 0 0 0 0 0 0 0 0 0 0 9 0 0 0 0 0 0 0 0 0 0 0 0 0 
0 6 0 0 55 569 0 0 12 0 4 0 0 0 0 0 335 0 0 178 0 0 2028 0 3353 6043 0 0 3070 0 10 29557 0 0 0 4914 213 0 0 0 0 0 0 6 57 0 0 11 0 0 0 0 30 0 0 0 0 0 0 0 60 0 0 11 0 0 416 0 307 0 24 0 0 0 425 0 815 0 39 0 0 0 0 0 0 1 0 0 0 0 0 1 0 0 0 51 0 0 0 4 0 0 0 3 0 1 0 0 0 0 0 0 0 0 0 11 0 0 0 0 0 0 0 0 0 0 0 0 0 
0 6 0 0 50 570 0 0 13 0 2 0 0 0 0 0 288 0 0 184 0 0 2176 0 3217 6077 0 0 4013 0 12 34014 0 0 0 3575 156 0 0 0 0 0 0 18 102 0 0 7 0 0 0 0 24 0 0 0 0 0 0 0 61 0 0 8 0 0 147 0 489 0 16 0 0 0 247 0 585 0 12 0 0 0 0 0 0 0 0 0 0 0 0 0 0 0 0 29 0 0 0 2 0 0 0 2 0 0 0 0 0 0 0 0 0 0 0 2 0 0 0 0 0 0 0 0 0 0 0 0 0 
0 6 0 0 52 871 0 0 11 0 4 0 0 0 0 0 286 0 0 147 0 0 2849 0 4817 5288 0 0 5227 0 8 75186 0 0 0 6613 161 0 0 0 0 0 0 19 167 0 0 16 0 0 0 0 35 0 0 0 0 0 0 0 56 0 0 8 0 0 581 0 1027 0 28 0 0 0 342 0 890 0 32 0 0 0 0 0 0 1 0 0 0 0 0 1 0 0 0 113 0 0 0 7 0 0 0 0 0 2 0 0 0 0 0 0 0 0 0 0 0 0 0 0 0 0 0 0 0 0 0 0 0 
0 4 0 0 32 338 0 0 6 0 0 0 0 0 0 0 183 0 0 81 0 0 957 0 2004 3935 0 0 2770 0 4 17578 0 0 0 2354 95 0 0 0 0 0 0 9 24 0 0 5 0 0 0 0 15 0 0 0 0 0 0 0 34 0 0 0 0 0 0 0 308 0 0 0 0 0 0 0 329 0 0 0 0 0 0 0 0 0 0 0 0 0 0 0 0 0 0 0 0 0 0 0 0 0 0 0 0 0 0 0 0 0 0 0 0 0 0 0 0 0 0 0 0 0 0 0 0 0 0 0 0 
0 5 0 0 33 664 0 0 8 0 2 0 0 0 0 0 209 0 0 98 0 0 1799 0 4025 3372 0 0 4759 0 5 48868 0 0 0 3207 90 0 0 0 0 0 0 11 76 0 0 5 0 0 0 0 30 0 0 0 0 0 0 0 35 0 0 4 0 0 281 0 608 0 8 0 0 0 330 0 479 0 8 0 0 0 0 0 0 0 0 0 0 0 0 0 0 0 0 44 0 0 0 0 0 0 0 0 0 1 0 0 0 0 0 0 0 0 0 0 0 0 0 0 0 0 0 0 0 0 0 0 0 
0 6 0 0 56 812 0 0 10 0 6 0 0 0 0 0 337 0 0 154 0 0 2354 0 4457 6323 0 0 4862 0 6 61200 0 0 0 6093 197 0 0 0 0 0 0 10 122 0 0 17 0 0 0 0 31 0 0 0 0 0 0 0 56 0 0 11 0 0 903 0 711 0 33 0 0 0 588 0 1122 0 34 0 0 0 0 0 0 1 0 0 0 0 0 2 0 0 0 88 0 0 0 10 0 0 0 6 0 3 0 0 0 0 0 0 0 0 0 10 0 0 0 0 0 0 0 0 0 1 0 0 0 
0 5 0 0 49 510 0 0 9 0 1 0 0 0 0 0 291 0 0 141 0 0 1615 0 2765 5834 0 0 3660 0 7 29870 0 0 0 4201 172 0 0 0 0 0 0 20 69 0 0 8 0 0 0 0 26 0 0 0 0 0 0 0 62 0 0 3 0 0 167 0 504 0 7 0 0 0 73 0 659 0 10 0 0 0 0 0 0 0 0 0 0 0 0 0 0 0 0 14 0 0 0 1 0 0 0 0 0 0 0 0 0 0 0 0 0 0 0 1 0 0 0 0 0 0 0 0 0 0 0 0 0 
0 9 0 0 70 1044 0 0 26 0 12 0 0 0 0 0 378 0 0 323 0 0 5292 0 6001 8508 0 0 5586 0 33 66437 0 0 0 6650 213 0 0 0 0 0 0 37 221 0 0 21 0 0 0 0 43 0 0 0 0 0 0 0 64 0 0 41 0 0 1436 0 704 0 73 0 0 0 1261 0 1007 0 82 0 0 0 0 0 0 6 0 0 0 0 0 5 0 0 0 171 0 0 0 8 0 0 0 11 0 12 0 0 0 0 0 0 0 0 0 15 0 0 1 0 0 0 0 0 0 0 0 0 0 
0 9 0 0 88 1250 0 0 30 0 6 0 0 0 0 0 444 0 0 450 0 0 7319 0 6425 9930 0 0 7948 0 50 93366 0 0 0 10090 351 0 0 0 0 0 0 77 421 0 0 47 0 0 0 0 71 0 0 0 0 0 0 0 103 0 0 27 0 0 984 0 1036 0 45 0 0 0 583 0 1621 0 39 0 0 0 0 0 0 5 0 0 0 0 0 0 0 0 0 102 0 0 0 6 0 0 0 4 0 1 0 0 0 0 0 0 0 0 0 7 0 0 0 0 0 0 0 0 0 1 0 0 0 
0 6 0 0 58 770 0 0 11 0 4 0 0 0 0 0 312 0 0 169 0 0 2506 0 4359 5892 0 0 5664 0 6 50557 0 0 0 6509 255 0 0 0 0 0 0 21 153 0 0 19 0 0 0 0 51 0 0 0 0 0 0 0 66 0 0 12 0 0 509 0 715 0 35 0 0 0 367 0 845 0 21 0 0 0 0 0 0 1 0 0 0 0 0 1 0 0 0 69 0 0 0 2 0 0 0 5 0 0 0 0 0 0 0 0 0 0 0 3 0 0 0 0 0 0 0 0 0 0 0 0 0 
0 7 0 0 60 774 0 0 16 0 5 0 0 0 0 0 333 0 0 229 0 0 2887 0 4246 6711 0 0 4338 0 15 69485 0 0 0 5616 222 0 0 0 0 0 0 19 79 0 0 18 0 0 0 0 36 0 0 0 0 0 0 0 78 0 0 15 0 0 856 0 874 0 25 0 0 0 500 0 753 0 40 0 0 0 0 0 0 2 0 0 0 0 0 0 0 0 0 109 0 0 0 7 0 0 0 4 0 3 0 0 0 0 0 0 0 0 0 2 0 0 0 0 0 0 0 0 0 0 0 0 0 
0 13 0 0 100 1768 0 0 61 0 19 0 0 0 0 0 526 0 0 789 0 0 13568 0 8924 10059 0 0 9318 0 140 161320 0 0 0 11689 333 0 0 0 0 0 0 77 737 0 0 45 0 0 0 0 63 0 0 0 0 0 0 0 93 0 0 122 0 0 3302 0 1879 0 116 0 0 0 2611 0 1464 0 115 0 0 0 0 0 0 16 0 0 0 0 0 5 0 0 0 455 0 0 0 18 0 0 0 16 0 20 0 0 0 0 0 0 0 0 0 14 0 0 2 0 0 0 0 0 0 3 0 0 0 
0 6 0 0 55 685 0 0 12 0 4 0 0 0 0 0 317 0 0 176 0 0 2512 0 3875 6841 0 0 4328 0 9 42845 0 0 0 5243 224 0 0 0 0 0 0 20 109 0 0 19 0 0 0 0 44 0 0 0 0 0 0 0 69 0 0 13 0 0 377 0 501 0 30 0 0 0 356 0 864 0 19 0 0 0 0 0 0 0 0 0 0 0 0 1 0 0 0 57 0 0 0 4 0 0 0 3 0 1 0 0 0 0 0 0 0 0 0 6 0 0 0 0 0 0 0 0 0 0 0 0 0 
0 7 0 0 65 1016 0 0 13 0 9 0 0 0 0 0 357 0 0 222 0 0 2761 0 5551 6775 0 0 5022 0 11 91744 0 0 0 7468 251 0 0 0 0 0 0 15 170 0 0 11 0 0 0 0 43 0 0 0 0 0 0 0 75 0 0 11 0 0 1971 0 926 0 50 0 0 0 941 0 997 0 64 0 0 0 0 0 0 11 0 0 0 0 0 0 0 0 0 235 0 0 0 13 0 0 0 8 0 5 0 0 0 0 0 0 0 0 0 6 0 0 0 0 0 0 0 0 0 2 0 0 0 
0 10 0 0 81 1191 0 0 34 0 12 0 0 0 0 0 473 0 0 452 0 0 7469 0 6536 8482 0 0 5787 0 50 76614 0 0 0 8578 265 0 0 0 0 0 0 40 375 0 0 31 0 0 0 0 45 0 0 0 0 0 0 0 75 0 0 58 0 0 1271 0 848 0 67 0 0 0 1084 0 1264 0 80 0 0 0 0 0 0 4 0 0 0 0 0 5 0 0 0 118 0 0 0 12 0 0 0 4 0 10 0 0 0 0 0 0 0 0 0 17 0 0 0 0 0 0 0 0 0 1 0 0 0 
0 7 0 0 61 1131 0 0 17 0 4 0 0 0 0 0 332 0 0 223 0 0 4851 0 6045 6720 0 0 6884 0 18 93309 0 0 0 8095 239 0 0 0 0 0 0 41 367 0 0 21 0 0 0 0 51 0 0 0 0 0 0 0 64 0 0 14 0 0 516 0 1054 0 33 0 0 0 527 0 1179 0 23 0 0 0 0 0 0 1 0 0 0 0 0 1 0 0 0 62 0 0 0 3 0 0 0 4 0 1 0 0 0 0 0 0 0 0 0 4 0 0 0 0 0 0 0 0 0 0 0 0 0 
0 4 0 0 41 513 0 0 6 0 0 0 0 0 0 0 232 0 0 100 0 0 1364 0 2834 4639 0 0 2978 0 4 32827 0 0 0 4440 184 0 0 0 0 0 0 13 82 0 0 6 0 0 0 0 23 0 0 0 0 0 0 0 51 0 0 0 0 0 0 0 381 0 0 0 0 0 0 0 613 0 0 0 0 0 0 0 0 0 0 0 0 0 0 0 0 0 0 0 0 0 0 0 0 0 0 0 0 0 0 0 0 0 0 0 0 0 0 0 0 0 0 0 0 0 0 0 0 0 0 0 0 
0 8 0 0 66 1189 0 0 22 0 7 0 0 0 0 0 336 0 0 284 0 0 5541 0 6112 7451 0 0 7293 0 28 102512 0 0 0 8631 241 0 0 0 0 0 0 35 362 0 0 27 0 0 0 0 50 0 0 0 0 0 0 0 67 0 0 24 0 0 1072 0 1164 0 60 0 0 0 934 0 1181 0 34 0 0 0 0 0 0 2 0 0 0 0 0 4 0 0 0 224 0 0 0 7 0 0 0 11 0 4 0 0 0 0 0 0 0 0 0 8 0 0 0 0 0 0 0 0 0 0 0 0 0 
0 1 0 0 18 113 0 0 0 0 0 0 0 0 0 0 89 0 0 0 0 0 0 0 563 1726 0 0 831 0 0 6254 0 0 0 1767 120 0 0 0 0 0 0 0 0 0 0 0 0 0 0 0 14 0 0 0 0 0 0 0 36 0 0 0 0 0 0 0 74 0 0 0 0 0 0 0 254 0 0 0 0 0 0 0 0 0 0 0 0 0 0 0 0 0 0 0 0 0 0 0 0 0 0 0 0 0 0 0 0 0 0 0 0 0 0 0 0 0 0 0 0 0 0 0 0 0 0 0 0 
0 7 0 0 50 990 0 0 17 0 5 0 0 0 0 0 288 0 0 198 0 0 4271 0 5525 5364 0 0 5206 0 19 92037 0 0 0 5978 122 0 0 0 0 0 0 23 237 0 0 13 0 0 0 0 44 0 0 0 0 0 0 0 41 0 0 15 0 0 648 0 1181 0 26 0 0 0 687 0 824 0 25 0 0 0 0 0 0 3 0 0 0 0 0 1 0 0 0 125 0 0 0 6 0 0 0 5 0 2 0 0 0 0 0 0 0 0 0 5 0 0 0 0 0 0 0 0 0 0 0 0 0 
0 12 0 0 96 1664 0 0 55 0 13 0 0 0 0 0 475 0 0 727 0 0 13524 0 8479 10045 0 0 9404 0 128 134802 0 0 0 11031 277 0 0 0 0 0 0 89 809 0 0 50 0 0 0 0 75 0 0 0 0 0 0 0 77 0 0 88 0 0 1806 0 1687 0 73 0 0 0 1453 0 1600 0 83 0 0 0 0 0 0 10 0 0 0 0 0 4 0 0 0 258 0 0 0 14 0 0 0 13 0 9 0 0 0 0 0 0 0 0 0 8 0 0 0 0 0 0 0 0 0 2 0 0 0 
0 4 0 0 25 512 0 0 4 0 3 0 0 0 0 0 166 0 0 44 0 0 897 0 3198 2571 0 0 3157 0 1 40431 0 0 0 2715 58 0 0 0 0 0 0 6 20 0 0 1 0 0 0 0 20 0 0 0 0 0 0 0 17 0 0 3 0 0 498 0 481 0 18 0 0 0 362 0 353 0 15 0 0 0 0 0 0 1 0 0 0 0 0 0 0 0 0 55 0 0 0 1 0 0 0 0 0 1 0 0 0 0 0 0 0 0 0 0 0 0 0 0 0 0 0 0 0 0 0 0 0 
0 5 0 0 28 472 0 0 8 0 2 0 0 0 0 0 199 0 0 75 0 0 1351 0 2836 3720 0 0 3035 0 4 33320 0 0 0 2343 51 0 0 0 0 0 0 6 49 0 0 5 0 0 0 0 17 0 0 0 0 0 0 0 21 0 0 6 0 0 315 0 474 0 12 0 0 0 74 0 315 0 7 0 0 0 0 0 0 0 0 0 0 0 0 0 0 0 0 21 0 0 0 3 0 0 0 0 0 0 0 0 0 0 0 0 0 0 0 0 0 0 0 0 0 0 0 0 0 0 0 0 0 
0 8 0 0 59 1080 0 0 22 0 8 0 0 0 0 0 365 0 0 278 0 0 4893 0 5987 6482 0 0 5524 0 27 91150 0 0 0 7029 146 0 0 0 0 0 0 23 249 0 0 15 0 0 0 0 47 0 0 0 0 0 0 0 55 0 0 30 0 0 1143 0 1067 0 47 0 0 0 1287 0 859 0 43 0 0 0 0 0 0 3 0 0 0 0 0 3 0 0 0 241 0 0 0 5 0 0 0 8 0 4 0 0 0 0 0 0 0 0 0 6 0 0 0 0 0 0 0 0 0 2 0 0 0 
0 7 0 0 49 875 0 0 16 0 5 0 0 0 0 0 329 0 0 189 0 0 3722 0 4842 5168 0 0 5170 0 14 73740 0 0 0 5251 119 0 0 0 0 0 0 22 194 0 0 6 0 0 0 0 40 0 0 0 0 0 0 0 48 0 0 18 0 0 649 0 1067 0 35 0 0 0 313 0 671 0 25 0 0 0 0 0 0 1 0 0 0 0 0 0 0 0 0 77 0 0 0 6 0 0 0 4 0 1 0 0 0 0 0 0 0 0 0 1 0 0 0 0 0 0 0 0 0 1 0 0 0 
0 4 0 0 30 716 0 0 3 0 3 0 0 0 0 0 196 0 0 40 0 0 936 0 3929 3322 0 0 4410 0 1 70558 0 0 0 5072 80 0 0 0 0 0 0 3 66 0 0 2 0 0 0 0 28 0 0 0 0 0 0 0 26 0 0 0 0 0 558 0 1040 0 22 0 0 0 353 0 613 0 16 0 0 0 0 0 0 1 0 0 0 0 0 0 0 0 0 83 0 0 0 3 0 0 0 1 0 2 0 0 0 0 0 0 0 0 0 1 0 0 0 0 0 0 0 0 0 0 0 0 0 
0 5 0 0 41 586 0 0 10 0 0 0 0 0 0 0 253 0 0 138 0 0 2068 0 3317 5108 0 0 4381 0 10 38079 0 0 0 4201 121 0 0 0 0 0 0 14 132 0 0 8 0 0 0 0 39 0 0 0 0 0 0 0 41 0 0 0 0 0 0 0 617 0 0 0 0 0 0 0 627 0 0 0 0 0 0 0 0 0 0 0 0 0 0 0 0 0 0 0 0 0 0 0 0 0 0 0 0 0 0 0 0 0 0 0 0 0 0 0 0 0 0 0 0 0 0 0 0 0 0 0 0 
0 6 0 0 47 740 0 0 12 0 3 0 0 0 0 0 304 0 0 155 0 0 2665 0 4353 4891 0 0 4536 0 10 50510 0 0 0 5267 124 0 0 0 0 0 0 14 131 0 0 9 0 0 0 0 33 0 0 0 0 0 0 0 46 0 0 8 0 0 334 0 677 0 18 0 0 0 297 0 709 0 26 0 0 0 0 0 0 1 0 0 0 0 0 1 0 0 0 64 0 0 0 2 0 0 0 3 0 0 0 0 0 0 0 0 0 0 0 1 0 0 0 0 0 0 0 0 0 0 0 0 0 
0 7 0 0 58 801 0 0 12 0 10 0 0 0 0 0 372 0 0 161 0 0 2638 0 4681 6575 0 0 4801 0 6 48837 0 0 0 5791 171 0 0 0 0 0 0 17 129 0 0 12 0 0 0 0 43 0 0 0 0 0 0 0 49 0 0 18 0 0 971 0 706 0 66 0 0 0 887 0 773 0 73 0 0 0 0 0 0 2 0 0 0 0 0 4 0 0 0 88 0 0 0 8 0 0 0 9 0 5 0 0 0 0 0 0 0 0 0 7 0 0 2 0 0 0 0 0 0 3 0 0 0 
0 7 0 0 51 1040 0 0 14 0 8 0 0 0 0 0 322 0 0 164 0 0 3527 0 5536 5789 0 0 6050 0 8 95081 0 0 0 6220 146 0 0 0 0 0 0 22 244 0 0 11 0 0 0 0 44 0 0 0 0 0 0 0 42 0 0 24 0 0 1202 0 1145 0 44 0 0 0 853 0 987 0 44 0 0 0 0 0 0 2 0 0 0 0 0 1 0 0 0 177 0 0 0 14 0 0 0 7 0 4 0 0 0 0 0 0 0 0 0 7 0 0 0 0 0 0 0 0 0 1 0 0 0 
0 9 0 0 70 1166 0 0 27 0 11 0 0 0 0 0 381 0 0 360 0 0 6110 0 6361 7747 0 0 7733 0 38 81435 0 0 0 7512 198 0 0 0 0 0 0 44 333 0 0 15 0 0 0 0 48 0 0 0 0 0 0 0 58 0 0 39 0 0 1493 0 1115 0 68 0 0 0 1182 0 1034 0 71 0 0 0 0 0 0 8 0 0 0 0 0 2 0 0 0 196 0 0 0 10 0 0 0 7 0 8 0 0 0 0 0 0 0 0 0 4 0 0 0 0 0 0 0 0 0 3 0 0 0 
0 8 0 0 62 784 0 0 24 0 4 0 0 0 0 0 411 0 0 301 0 0 4086 0 4421 7469 0 0 5838 0 35 49431 0 0 0 5072 183 0 0 0 0 0 0 34 156 0 0 25 0 0 0 0 41 0 0 0 0 0 0 0 53 0 0 18 0 0 526 0 802 0 25 0 0 0 432 0 700 0 24 0 0 0 0 0 0 3 0 0 0 0 0 0 0 0 0 51 0 0 0 3 0 0 0 3 0 0 0 0 0 0 0 0 0 0 0 4 0 0 0 0 0 0 0 0 0 0 0 0 0 
0 7 0 0 48 950 0 0 12 0 11 0 0 0 0 0 291 0 0 131 0 0 2967 0 5242 5839 0 0 5693 0 7 70402 0 0 0 5869 117 0 0 0 0 0 0 18 196 0 0 7 0 0 0 0 27 0 0 0 0 0 0 0 34 0 0 17 0 0 1248 0 845 0 62 0 0 0 1188 0 782 0 60 0 0 0 0 0 0 2 0 0 0 0 0 4 0 0 0 177 0 0 0 9 0 0 0 8 0 7 0 0 0 0 0 0 0 0 0 11 0 0 2 0 0 0 0 0 0 7 0 0 0 
0 7 0 0 65 911 0 0 18 0 3 0 0 0 0 0 364 0 0 253 0 0 4063 0 5149 7363 0 0 6336 0 21 65836 0 0 0 7113 236 0 0 0 0 0 0 40 232 0 0 23 0 0 0 0 59 0 0 0 0 0 0 0 65 0 0 13 0 0 445 0 864 0 20 0 0 0 317 0 936 0 28 0 0 0 0 0 0 0 0 0 0 0 0 0 0 0 0 69 0 0 0 6 0 0 0 3 0 1 0 0 0 0 0 0 0 0 0 3 0 0 0 0 0 0 0 0 0 0 0 0 0 
0 7 0 0 50 943 0 0 16 0 5 0 0 0 0 0 319 0 0 179 0 0 3837 0 5380 5535 0 0 5586 0 14 73236 0 0 0 5515 145 0 0 0 0 0 0 32 242 0 0 14 0 0 0 0 35 0 0 0 0 0 0 0 39 0 0 17 0 0 716 0 850 0 26 0 0 0 444 0 750 0 26 0 0 0 0 0 0 0 0 0 0 0 0 1 0 0 0 73 0 0 0 9 0 0 0 2 0 3 0 0 0 0 0 0 0 0 0 2 0 0 0 0 0 0 0 0 0 0 0 0 0 
0 4 0 0 34 549 0 0 5 0 1 0 0 0 0 0 231 0 0 71 0 0 1128 0 3246 3334 0 0 3326 0 2 44176 0 0 0 4149 102 0 0 0 0 0 0 6 87 0 0 4 0 0 0 0 25 0 0 0 0 0 0 0 31 0 0 2 0 0 97 0 531 0 5 0 0 0 163 0 529 0 9 0 0 0 0 0 0 0 0 0 0 0 0 0 0 0 0 40 0 0 0 1 0 0 0 2 0 0 0 0 0 0 0 0 0 0 0 1 0 0 0 0 0 0 0 0 0 0 0 0 0 
0 8 0 0 61 1081 0 0 24 0 5 0 0 0 0 0 364 0 0 304 0 0 5531 0 5761 6688 0 0 6634 0 34 94772 0 0 0 6613 164 0 0 0 0 0 0 33 278 0 0 21 0 0 0 0 51 0 0 0 0 0 0 0 59 0 0 25 0 0 1009 0 1359 0 29 0 0 0 676 0 982 0 25 0 0 0 0 0 0 2 0 0 0 0 0 0 0 0 0 110 0 0 0 5 0 0 0 3 0 1 0 0 0 0 0 0 0 0 0 4 0 0 0 0 0 0 0 0 0 0 0 0 0 
0 9 0 0 59 1058 0 0 30 0 7 0 0 0 0 0 365 0 0 325 0 0 6121 0 6030 6972 0 0 7166 0 49 66942 0 0 0 6083 134 0 0 0 0 0 0 37 316 0 0 23 0 0 0 0 41 0 0 0 0 0 0 0 43 0 0 34 0 0 753 0 893 0 30 0 0 0 882 0 906 0 35 0 0 0 0 0 0 2 0 0 0 0 0 1 0 0 0 141 0 0 0 11 0 0 0 5 0 3 0 0 0 0 0 0 0 0 0 0 0 0 0 0 0 0 0 0 0 2 0 0 0 
0 5 0 0 27 520 0 0 5 0 5 0 0 0 0 0 186 0 0 45 0 0 923 0 3251 3404 0 0 2970 0 0 33362 0 0 0 2497 49 0 0 0 0 0 0 3 37 0 0 2 0 0 0 0 11 0 0 0 0 0 0 0 13 0 0 6 0 0 603 0 446 0 26 0 0 0 361 0 418 0 19 0 0 0 0 0 0 0 0 0 0 0 0 0 0 0 0 56 0 0 0 6 0 0 0 0 0 3 0 0 0 0 0 0 0 0 0 3 0 0 0 0 0 0 0 0 0 1 0 0 0 
0 3 0 0 18 185 0 0 1 0 2 0 0 0 0 0 135 0 0 13 0 0 131 0 1147 2625 0 0 847 0 0 8434 0 0 0 1108 40 0 0 0 0 0 0 0 23 0 0 0 0 0 0 0 1 0 0 0 0 0 0 0 8 0 0 0 0 0 173 0 95 0 11 0 0 0 13 0 161 0 7 0 0 0 0 0 0 0 0 0 0 0 0 1 0 0 0 3 0 0 0 1 0 0 0 0 0 0 0 0 0 0 0 0 0 0 0 2 0 0 0 0 0 0 0 0 0 0 0 0 0 
0 6 0 0 50 665 0 0 14 0 1 0 0 0 0 0 320 0 0 185 0 0 2780 0 3792 6354 0 0 3337 0 16 38715 0 0 0 5059 164 0 0 0 0 0 0 19 160 0 0 16 0 0 0 0 17 0 0 0 0 0 0 0 47 0 0 4 0 0 112 0 420 0 13 0 0 0 69 0 883 0 5 0 0 0 0 0 0 0 0 0 0 0 0 0 0 0 0 14 0 0 0 0 0 0 0 0 0 0 0 0 0 0 0 0 0 0 0 0 0 0 0 0 0 0 0 0 0 0 0 0 0 
0 6 0 0 41 719 0 0 14 0 1 0 0 0 0 0 265 0 0 160 0 0 3026 0 4040 5032 0 0 4070 0 16 50070 0 0 0 4194 102 0 0 0 0 0 0 18 187 0 0 7 0 0 0 0 16 0 0 0 0 0 0 0 26 0 0 4 0 0 119 0 564 0 6 0 0 0 49 0 586 0 5 0 0 0 0 0 0 0 0 0 0 0 0 0 0 0 0 6 0 0 0 1 0 0 0 0 0 0 0 0 0 0 0 0 0 0 0 2 0 0 0 0 0 0 0 0 0 0 0 0 0 
0 5 0 0 36 642 0 0 8 0 3 0 0 0 0 0 226 0 0 93 0 0 1953 0 3490 4308 0 0 3989 0 5 55517 0 0 0 4680 100 0 0 0 0 0 0 14 100 0 0 4 0 0 0 0 27 0 0 0 0 0 0 0 24 0 0 6 0 0 294 0 855 0 21 0 0 0 266 0 560 0 18 0 0 0 0 0 0 1 0 0 0 0 0 0 0 0 0 32 0 0 0 0 0 0 0 1 0 1 0 0 0 0 0 0 0 0 0 3 0 0 0 0 0 0 0 0 0 0 0 0 0 
0 9 0 0 58 881 0 0 31 0 6 0 0 0 0 0 400 0 0 354 0 0 5196 0 4775 7256 0 0 5508 0 54 72671 0 0 0 5100 145 0 0 0 0 0 0 23 183 0 0 18 0 0 0 0 28 0 0 0 0 0 0 0 36 0 0 32 0 0 814 0 1012 0 25 0 0 0 849 0 717 0 30 0 0 0 0 0 0 2 0 0 0 0 0 0 0 0 0 94 0 0 0 6 0 0 0 6 0 1 0 0 0 0 0 0 0 0 0 3 0 0 0 0 0 0 0 0 0 2 0 0 0 
0 4 0 0 36 391 0 0 5 0 1 0 0 0 0 0 221 0 0 85 0 0 936 0 2296 4252 0 0 3481 0 2 22396 0 0 0 3256 134 0 0 0 0 0 0 6 40 0 0 2 0 0 0 0 38 0 0 0 0 0 0 0 27 0 0 2 0 0 20 0 438 0 5 0 0 0 124 0 436 0 4 0 0 0 0 0 0 0 0 0 0 0 0 0 0 0 0 3 0 0 0 0 0 0 0 1 0 0 0 0 0 0 0 0 0 0 0 2 0 0 0 0 0 0 0 0 0 0 0 0 0 
0 11 0 0 75 1438 0 0 42 0 13 0 0 0 0 0 426 0 0 502 0 0 9501 0 7762 7492 0 0 8331 0 76 104232 0 0 0 8593 177 0 0 0 0 0 0 54 612 0 0 19 0 0 0 0 48 0 0 0 0 0 0 0 63 0 0 63 0 0 1681 0 1170 0 71 0 0 0 1489 0 1040 0 71 0 0 0 0 0 0 5 0 0 0 0 0 5 0 0 0 217 0 0 0 7 0 0 0 4 0 14 0 0 0 0 0 0 0 0 0 6 0 0 1 0 0 0 0 0 0 1 0 0 0 
125 4 1758 428 27 406 7575 768 4 9 2 177 65 8842 4676 2666 129 8318 2197 51 4388 82947 729 83786 1946 2505 42265 188324 2060 1771 1 21081 297870 119776 22413 2347 65 381 8771 25 446 258 903 1 38 4362 229 3 842 810 987 832 15 52 40 10 48 2811 1024 175 20 871 320 2 600 6988 171 18459 272 331 7 422 1512 23992 182 6524 330 774 15 97 1182 4 5 5 11 1 30 84 3 3 5 0 110 9 626 29 1294 45 120 0 235 119 137 1 129 0 49 121 58 4 5 19 2 379 72 1 18 18 0 1 2 1 0 0 2 0 24 7 52 
0 10 0 0 69 1553 0 0 38 0 8 0 0 0 0 0 374 0 0 430 0 0 10086 0 8087 7667 0 0 9123 0 73 138575 0 0 0 9146 173 0 0 0 0 0 0 62 670 0 0 25 0 0 0 0 64 0 0 0 0 0 0 0 51 0 0 42 0 0 1359 0 1626 0 42 0 0 0 1141 0 1273 0 40 0 0 0 0 0 0 7 0 0 0 0 0 1 0 0 0 223 0 0 0 11 0 0 0 6 0 5 0 0 0 0 0 0 0 0 0 6 0 0 0 0 0 0 0 0 0 0 0 0 0 
0 9 0 0 70 1253 0 0 26 0 10 0 0 0 0 0 407 0 0 323 0 0 6276 0 6883 7940 0 0 7025 0 31 91196 0 0 0 8324 217 0 0 0 0 0 0 44 474 0 0 23 0 0 0 0 51 0 0 0 0 0 0 0 46 0 0 37 0 0 1131 0 1011 0 56 0 0 0 1253 0 1140 0 61 0 0 0 0 0 0 5 0 0 0 0 0 7 0 0 0 184 0 0 0 11 0 0 0 10 0 3 0 0 0 0 0 0 0 0 0 13 0 0 0 0 0 0 0 0 0 1 0 0 0 
0 4 0 0 26 473 0 0 4 0 3 0 0 0 0 0 164 0 0 44 0 0 877 0 2907 3063 0 0 2943 0 0 29476 0 0 0 2700 59 0 0 0 0 0 0 5 32 0 0 2 0 0 0 0 16 0 0 0 0 0 0 0 15 0 0 6 0 0 362 0 418 0 14 0 0 0 301 0 373 0 11 0 0 0 0 0 0 0 0 0 0 0 0 0 0 0 0 43 0 0 0 4 0 0 0 3 0 0 0 0 0 0 0 0 0 0 0 4 0 0 0 0 0 0 0 0 0 0 0 0 0 
0 9 0 0 52 984 0 0 24 0 15 0 0 0 0 0 341 0 0 246 0 0 4721 0 5706 5997 0 0 6647 0 23 57605 0 0 0 5216 129 0 0 0 0 0 0 20 218 0 0 11 0 0 0 0 40 0 0 0 0 0 0 0 31 0 0 53 0 0 1691 0 798 0 65 0 0 0 1403 0 701 0 55 0 0 0 0 0 0 6 0 0 0 0 0 6 0 0 0 196 0 0 0 11 0 0 0 15 0 10 0 0 0 0 0 0 0 0 0 6 0 0 1 0 0 0 0 0 0 8 0 0 0 
0 7 0 0 41 1020 0 0 15 0 6 0 0 0 0 0 249 0 0 139 0 0 3837 0 5633 4324 0 0 7053 0 12 82155 0 0 0 5704 89 0 0 0 0 0 0 23 317 0 0 9 0 0 0 0 37 0 0 0 0 0 0 0 21 0 0 16 0 0 863 0 1137 0 35 0 0 0 582 0 721 0 25 0 0 0 0 0 0 1 0 0 0 0 0 1 0 0 0 95 0 0 0 3 0 0 0 2 0 5 0 0 0 0 0 0 0 0 0 4 0 0 0 0 0 0 0 0 0 0 0 0 0 
0 8 0 0 55 1318 0 0 24 0 6 0 0 0 0 0 301 0 0 272 0 0 7008 0 7108 5321 0 0 8186 0 34 122459 0 0 0 7481 141 0 0 0 0 0 0 42 467 0 0 14 0 0 0 0 55 0 0 0 0 0 0 0 39 0 0 29 0 0 874 0 1591 0 34 0 0 0 793 0 857 0 36 0 0 0 0 0 0 2 0 0 0 0 0 1 0 0 0 143 0 0 0 2 0 0 0 1 0 3 0 0 0 0 0 0 0 0 0 1 0 0 0 0 0 0 0 0 0 0 0 0 0 
0 8 0 0 73 995 0 0 24 0 4 0 0 0 0 0 408 0 0 365 0 0 5235 0 5397 8219 0 0 6016 0 35 67124 0 0 0 7958 242 0 0 0 0 0 0 44 374 0 0 20 0 0 0 0 41 0 0 0 0 0 0 0 72 0 0 18 0 0 471 0 807 0 29 0 0 0 366 0 1063 0 26 0 0 0 0 0 0 1 0 0 0 0 0 1 0 0 0 52 0 0 0 0 0 0 0 7 0 1 0 0 0 0 0 0 0 0 0 7 0 0 0 0 0 0 0 0 0 0 0 0 0 
0 6 0 0 45 762 0 0 12 0 3 0 0 0 0 0 283 0 0 145 0 0 2582 0 4436 5177 0 0 4451 0 9 57289 0 0 0 4988 131 0 0 0 0 0 0 17 184 0 0 10 0 0 0 0 27 0 0 0 0 0 0 0 28 0 0 10 0 0 309 0 612 0 17 0 0 0 386 0 638 0 13 0 0 0 0 0 0 0 0 0 0 0 0 0 0 0 0 73 0 0 0 4 0 0 0 2 0 1 0 0 0 0 0 0 0 0 0 6 0 0 0 0 0 0 0 0 0 0 0 0 0 
0 7 0 0 58 826 0 0 17 0 4 0 0 0 0 0 356 0 0 234 0 0 3533 0 4723 6691 0 0 5896 0 19 55386 0 0 0 5914 186 0 0 0 0 0 0 21 177 0 0 12 0 0 0 0 43 0 0 0 0 0 0 0 51 0 0 12 0 0 520 0 814 0 34 0 0 0 373 0 857 0 21 0 0 0 0 0 0 3 0 0 0 0 0 1 0 0 0 77 0 0 0 1 0 0 0 8 0 0 0 0 0 0 0 0 0 0 0 6 0 0 0 0 0 0 0 0 0 0 0 0 0 
0 7 0 0 63 741 0 0 19 0 2 0 0 0 0 0 378 0 0 287 0 0 3585 0 4173 7158 0 0 4511 0 26 55051 0 0 0 6316 217 0 0 0 0 0 0 26 231 0 0 17 0 0 0 0 46 0 0 0 0 0 0 0 56 0 0 8 0 0 229 0 687 0 19 0 0 0 108 0 840 0 13 0 0 0 0 0 0 0 0 0 0 0 0 0 0 0 0 18 0 0 0 3 0 0 0 2 0 1 0 0 0 0 0 0 0 0 0 1 0 0 0 0 0 0 0 0 0 0 0 0 0 
0 8 0 0 64 1085 0 0 23 0 5 0 0 0 0 0 364 0 0 301 0 0 5324 0 6114 7008 0 0 6163 0 32 79680 0 0 0 7444 208 0 0 0 0 0 0 44 373 0 0 18 0 0 0 0 36 0 0 0 0 0 0 0 46 0 0 18 0 0 523 0 897 0 32 0 0 0 757 0 951 0 30 0 0 0 0 0 0 2 0 0 0 0 0 4 0 0 0 104 0 0 0 4 0 0 0 5 0 0 0 0 0 0 0 0 0 0 0 5 0 0 0 0 0 0 0 0 0 0 0 0 0 
0 5 0 0 42 660 0 0 9 0 2 0 0 0 0 0 257 0 0 113 0 0 2138 0 3752 4752 0 0 4395 0 7 49264 0 0 0 4596 140 0 0 0 0 0 0 24 150 0 0 8 0 0 0 0 36 0 0 0 0 0 0 0 32 0 0 6 0 0 166 0 643 0 17 0 0 0 166 0 622 0 17 0 0 0 0 0 0 0 0 0 0 0 0 0 0 0 0 16 0 0 0 2 0 0 0 2 0 0 0 0 0 0 0 0 0 0 0 2 0 0 0 0 0 0 0 0 0 0 0 0 0 
0 6 0 0 53 629 0 0 13 0 2 0 0 0 0 0 324 0 0 189 0 0 2383 0 3712 5932 0 0 3717 0 13 35392 0 0 0 4688 171 0 0 0 0 0 0 20 147 0 0 13 0 0 0 0 28 0 0 0 0 0 0 0 47 0 0 6 0 0 203 0 432 0 12 0 0 0 155 0 662 0 10 0 0 0 0 0 0 0 0 0 0 0 0 0 0 0 0 45 0 0 0 4 0 0 0 2 0 1 0 0 0 0 0 0 0 0 0 7 0 0 0 0 0 0 0 0 0 0 0 0 0 
0 5 0 0 39 726 0 0 9 0 1 0 0 0 0 0 253 0 0 116 0 0 2300 0 4165 4280 0 0 4928 0 7 53154 0 0 0 4987 110 0 0 0 0 0 0 16 181 0 0 9 0 0 0 0 35 0 0 0 0 0 0 0 30 0 0 3 0 0 118 0 756 0 7 0 0 0 98 0 656 0 6 0 0 0 0 0 0 0 0 0 0 0 0 0 0 0 0 8 0 0 0 0 0 0 0 0 0 0 0 0 0 0 0 0 0 0 0 1 0 0 0 0 0 0 0 0 0 0 0 0 0 
0 10 0 0 77 1418 0 0 36 0 12 0 0 0 0 0 422 0 0 460 0 0 8512 0 7238 7959 0 0 8678 0 61 120811 0 0 0 8748 222 0 0 0 0 0 0 55 563 0 0 32 0 0 0 0 60 0 0 0 0 0 0 0 59 0 0 61 0 0 1689 0 1577 0 54 0 0 0 1904 0 1172 0 54 0 0 0 0 0 0 5 0 0 0 0 0 7 0 0 0 303 0 0 0 17 0 0 0 16 0 11 0 0 0 0 0 0 0 0 0 16 0 0 0 0 0 0 0 0 0 0 0 0 0 
0 7 0 0 59 1020 0 0 15 0 7 0 0 0 0 0 342 0 0 204 0 0 3532 0 5671 6033 0 0 5103 0 13 90779 0 0 0 7377 188 0 0 0 0 0 0 26 284 0 0 17 0 0 0 0 29 0 0 0 0 0 0 0 47 0 0 19 0 0 997 0 1009 0 50 0 0 0 972 0 890 0 42 0 0 0 0 0 0 1 0 0 0 0 0 2 0 0 0 202 0 0 0 2 0 0 0 6 0 1 0 0 0 0 0 0 0 0 0 6 0 0 1 0 0 0 0 0 0 3 0 0 0 
0 8 0 0 60 1165 0 0 23 0 7 0 0 0 0 0 352 0 0 284 0 0 5861 0 6378 6385 0 0 6466 0 30 102601 0 0 0 7953 163 0 0 0 0 0 0 34 397 0 0 17 0 0 0 0 48 0 0 0 0 0 0 0 44 0 0 30 0 0 990 0 1204 0 40 0 0 0 968 0 936 0 41 0 0 0 0 0 0 3 0 0 0 0 0 2 0 0 0 169 0 0 0 6 0 0 0 4 0 4 0 0 0 0 0 0 0 0 0 8 0 0 0 0 0 0 0 0 0 0 0 0 0 
0 8 0 0 63 1475 0 0 18 0 12 0 0 0 0 0 378 0 0 227 0 0 5350 0 7669 6051 0 0 6714 0 10 152037 0 0 0 9889 185 0 0 0 0 0 0 30 506 0 0 16 0 0 0 0 51 0 0 0 0 0 0 0 47 0 0 43 0 0 2137 0 1594 0 71 0 0 0 1640 0 1234 0 86 0 0 0 0 0 0 5 0 0 0 0 0 2 0 0 0 428 0 0 0 10 0 0 0 12 0 3 0 0 0 0 0 0 0 0 0 6 0 0 0 0 0 0 0 0 0 5 0 0 0 
0 9 0 0 80 1107 0 0 27 0 10 0 0 0 0 0 457 0 0 410 0 0 5847 0 6115 8522 0 0 5501 0 33 71378 0 0 0 8310 268 0 0 0 0 0 0 36 337 0 0 22 0 0 0 0 57 0 0 0 0 0 0 0 66 0 0 45 0 0 1167 0 796 0 67 0 0 0 1091 0 1079 0 71 0 0 0 0 0 0 2 0 0 0 0 0 3 0 0 0 177 0 0 0 11 0 0 0 6 0 6 0 0 0 0 0 0 0 0 0 11 0 0 0 0 0 0 0 0 0 2 0 0 0 
0 8 0 0 53 1111 0 0 22 0 8 0 0 0 0 0 325 0 0 244 0 0 5361 0 6186 6133 0 0 6240 0 25 93453 0 0 0 7041 122 0 0 0 0 0 0 29 325 0 0 13 0 0 0 0 44 0 0 0 0 0 0 0 38 0 0 34 0 0 1031 0 1156 0 47 0 0 0 1080 0 914 0 47 0 0 0 0 0 0 2 0 0 0 0 0 2 0 0 0 192 0 0 0 4 0 0 0 9 0 5 0 0 0 0 0 0 0 0 0 4 0 0 0 0 0 0 0 0 0 0 0 0 0 
0 8 0 0 45 1047 0 0 22 0 7 0 0 0 0 0 289 0 0 214 0 0 5000 0 6207 5070 0 0 6256 0 25 79758 0 0 0 5456 95 0 0 0 0 0 0 20 304 0 0 7 0 0 0 0 34 0 0 0 0 0 0 0 21 0 0 30 0 0 975 0 863 0 38 0 0 0 755 0 763 0 36 0 0 0 0 0 0 2 0 0 0 0 0 1 0 0 0 148 0 0 0 3 0 0 0 4 0 4 0 0 0 0 0 0 0 0 0 3 0 0 0 0 0 0 0 0 0 0 0 0 0 
0 2 0 0 20 225 0 0 1 0 0 0 0 0 0 0 132 0 0 18 0 0 211 0 1418 2403 0 0 1815 0 0 13743 0 0 0 1811 76 0 0 0 0 0 0 0 7 0 0 1 0 0 0 0 18 0 0 0 0 0 0 0 18 0 0 0 0 0 0 0 210 0 0 0 0 0 0 0 267 0 0 0 0 0 0 0 0 0 0 0 0 0 0 0 0 0 0 0 0 0 0 0 0 0 0 0 0 0 0 0 0 0 0 0 0 0 0 0 0 0 0 0 0 0 0 0 0 0 0 0 0 
0 5 0 0 40 661 0 0 8 0 2 0 0 0 0 0 258 0 0 104 0 0 1890 0 4045 4172 0 0 3942 0 5 44791 0 0 0 4651 130 0 0 0 0 0 0 12 94 0 0 6 0 0 0 0 32 0 0 0 0 0 0 0 21 0 0 4 0 0 260 0 555 0 12 0 0 0 226 0 586 0 15 0 0 0 0 0 0 1 0 0 0 0 0 0 0 0 0 34 0 0 0 3 0 0 0 1 0 0 0 0 0 0 0 0 0 0 0 3 0 0 0 0 0 0 0 0 0 0 0 0 0 
0 6 0 0 50 560 0 0 11 0 4 0 0 0 0 0 303 0 0 153 0 0 1801 0 3305 5469 0 0 4341 0 6 27618 0 0 0 4100 165 0 0 0 0 0 0 16 101 0 0 7 0 0 0 0 30 0 0 0 0 0 0 0 37 0 0 12 0 0 409 0 472 0 28 0 0 0 295 0 529 0 22 0 0 0 0 0 0 1 0 0 0 0 0 0 0 0 0 37 0 0 0 5 0 0 0 5 0 1 0 0 0 0 0 0 0 0 0 5 0 0 0 0 0 0 0 0 0 0 0 0 0 
0 4 0 0 33 411 0 0 4 0 2 0 0 0 0 0 203 0 0 58 0 0 744 0 2501 3905 0 0 3253 0 1 22344 0 0 0 2888 108 0 0 0 0 0 0 4 38 0 0 5 0 0 0 0 25 0 0 0 0 0 0 0 23 0 0 2 0 0 132 0 388 0 9 0 0 0 236 0 381 0 13 0 0 0 0 0 0 1 0 0 0 0 0 0 0 0 0 20 0 0 0 0 0 0 0 2 0 0 0 0 0 0 0 0 0 0 0 2 0 0 0 0 0 0 0 0 0 0 0 0 0 
0 9 0 0 64 1296 0 0 27 0 10 0 0 0 0 0 371 0 0 325 0 0 6695 0 6857 7408 0 0 6929 0 31 111793 0 0 0 8325 175 0 0 0 0 0 0 38 454 0 0 13 0 0 0 0 40 0 0 0 0 0 0 0 45 0 0 48 0 0 1545 0 1251 0 57 0 0 0 1056 0 1142 0 50 0 0 0 0 0 0 3 0 0 0 0 0 2 0 0 0 258 0 0 0 12 0 0 0 8 0 5 0 0 0 0 0 0 0 0 0 10 0 0 1 0 0 0 0 0 0 1 0 0 0 
0 6 0 0 44 844 0 0 12 0 4 0 0 0 0 0 275 0 0 143 0 0 2824 0 4701 5135 0 0 5104 0 10 74739 0 0 0 5701 109 0 0 0 0 0 0 17 167 0 0 8 0 0 0 0 40 0 0 0 0 0 0 0 35 0 0 10 0 0 517 0 1016 0 26 0 0 0 738 0 784 0 27 0 0 0 0 0 0 1 0 0 0 0 0 1 0 0 0 112 0 0 0 5 0 0 0 6 0 2 0 0 0 0 0 0 0 0 0 2 0 0 0 0 0 0 0 0 0 0 0 0 0 
0 5 0 0 44 684 0 0 10 0 0 0 0 0 0 0 248 0 0 154 0 0 2343 0 3868 4803 0 0 4553 0 10 65154 0 0 0 4868 142 0 0 0 0 0 0 13 193 0 0 5 0 0 0 0 36 0 0 0 0 0 0 0 44 0 0 0 0 0 0 0 964 0 0 0 0 0 0 0 639 0 0 0 0 0 0 0 0 0 0 0 0 0 0 0 0 0 0 0 0 0 0 0 0 0 0 0 0 0 0 0 0 0 0 0 0 0 0 0 0 0 0 0 0 0 0 0 0 0 0 0 0 
0 8 0 0 55 1059 0 0 20 0 9 0 0 0 0 0 319 0 0 230 0 0 4660 0 5723 6432 0 0 6510 0 17 86842 0 0 0 6585 138 0 0 0 0 0 0 29 213 0 0 11 0 0 0 0 40 0 0 0 0 0 0 0 45 0 0 35 0 0 1142 0 1131 0 54 0 0 0 1154 0 806 0 50 0 0 0 0 0 0 1 0 0 0 0 0 3 0 0 0 223 0 0 0 3 0 0 0 3 0 4 0 0 0 0 0 0 0 0 0 7 0 0 1 0 0 0 0 0 0 1 0 0 0 
0 6 0 0 51 489 0 0 13 0 2 0 0 0 0 0 315 0 0 191 0 0 1970 0 2764 6327 0 0 4276 0 13 24314 0 0 0 3450 164 0 0 0 0 0 0 13 48 0 0 14 0 0 0 0 24 0 0 0 0 0 0 0 46 0 0 6 0 0 218 0 438 0 9 0 0 0 117 0 422 0 11 0 0 0 0 0 0 0 0 0 0 0 0 0 0 0 0 15 0 0 0 2 0 0 0 2 0 1 0 0 0 0 0 0 0 0 0 3 0 0 0 0 0 0 0 0 0 0 0 0 0 
0 7 0 0 48 1140 0 0 14 0 8 0 0 0 0 0 271 0 0 176 0 0 3648 0 6246 5406 0 0 6142 0 11 106862 0 0 0 6101 119 0 0 0 0 0 0 22 205 0 0 8 0 0 0 0 43 0 0 0 0 0 0 0 40 0 0 17 0 0 1488 0 1231 0 38 0 0 0 1227 0 873 0 39 0 0 0 0 0 0 2 0 0 0 0 0 1 0 0 0 249 0 0 0 7 0 0 0 4 0 6 0 0 0 0 0 0 0 0 0 3 0 0 1 0 0 0 0 0 0 2 0 0 0 
0 4 0 0 32 525 0 0 4 0 2 0 0 0 0 0 219 0 0 53 0 0 1076 0 3141 3714 0 0 3121 0 1 39258 0 0 0 3723 106 0 0 0 0 0 0 4 60 0 0 4 0 0 0 0 24 0 0 0 0 0 0 0 27 0 0 2 0 0 233 0 503 0 19 0 0 0 94 0 520 0 7 0 0 0 0 0 0 0 0 0 0 0 0 1 0 0 0 24 0 0 0 2 0 0 0 1 0 0 0 0 0 0 0 0 0 0 0 1 0 0 0 0 0 0 0 0 0 0 0 0 0 
0 7 0 0 50 1063 0 0 17 0 5 0 0 0 0 0 305 0 0 198 0 0 4667 0 5774 5410 0 0 6312 0 17 99182 0 0 0 6360 132 0 0 0 0 0 0 27 275 0 0 12 0 0 0 0 47 0 0 0 0 0 0 0 42 0 0 20 0 0 757 0 1249 0 29 0 0 0 623 0 931 0 23 0 0 0 0 0 0 2 0 0 0 0 0 0 0 0 0 103 0 0 0 5 0 0 0 6 0 1 0 0 0 0 0 0 0 0 0 6 0 0 0 0 0 0 0 0 0 0 0 0 0 
0 4 0 0 28 418 0 0 6 0 0 0 0 0 0 0 186 0 0 72 0 0 1111 0 2605 2794 0 0 3394 0 4 22830 0 0 0 2511 69 0 0 0 0 0 0 6 69 0 0 3 0 0 0 0 30 0 0 0 0 0 0 0 23 0 0 0 0 0 0 0 383 0 0 0 0 0 0 0 336 0 0 0 0 0 0 0 0 0 0 0 0 0 0 0 0 0 0 0 0 0 0 0 0 0 0 0 0 0 0 0 0 0 0 0 0 0 0 0 0 0 0 0 0 0 0 0 0 0 0 0 0 
0 8 0 0 59 940 0 0 24 0 5 0 0 0 0 0 375 0 0 302 0 0 5130 0 5318 6687 0 0 5843 0 36 67533 0 0 0 6081 159 0 0 0 0 0 0 32 249 0 0 15 0 0 0 0 41 0 0 0 0 0 0 0 42 0 0 19 0 0 514 0 777 0 31 0 0 0 522 0 915 0 31 0 0 0 0 0 0 1 0 0 0 0 0 3 0 0 0 59 0 0 0 5 0 0 0 2 0 3 0 0 0 0 0 0 0 0 0 1 0 0 0 0 0 0 0 0 0 0 0 0 0 
0 7 0 0 45 712 0 0 14 0 7 0 0 0 0 0 323 0 0 152 0 0 2549 0 4111 5538 0 0 4770 0 11 44286 0 0 0 3921 105 0 0 0 0 0 0 16 99 0 0 8 0 0 0 0 30 0 0 0 0 0 0 0 30 0 0 13 0 0 770 0 527 0 35 0 0 0 543 0 589 0 36 0 0 0 0 0 0 2 0 0 0 0 0 4 0 0 0 96 0 0 0 5 0 0 0 4 0 5 0 0 0 0 0 0 0 0 0 6 0 0 0 0 0 0 0 0 0 0 0 0 0 
0 7 0 0 51 978 0 0 16 0 5 0 0 0 0 0 291 0 0 172 0 0 3893 0 5354 5508 0 0 6124 0 15 74689 0 0 0 5938 152 0 0 0 0 0 0 30 270 0 0 11 0 0 0 0 34 0 0 0 0 0 0 0 37 0 0 16 0 0 720 0 943 0 30 0 0 0 500 0 761 0 34 0 0 0 0 0 0 0 0 0 0 0 0 1 0 0 0 93 0 0 0 5 0 0 0 1 0 2 0 0 0 0 0 0 0 0 0 8 0 0 0 0 0 0 0 0 0 1 0 0 0 
0 8 0 0 54 1239 0 0 20 0 10 0 0 0 0 0 326 0 0 219 0 0 5160 0 6283 5872 0 0 7870 0 18 113262 0 0 0 7613 137 0 0 0 0 0 0 33 423 0 0 13 0 0 0 0 47 0 0 0 0 0 0 0 41 0 0 41 0 0 1364 0 1376 0 57 0 0 0 1241 0 918 0 39 0 0 0 0 0 0 1 0 0 0 0 0 4 0 0 0 262 0 0 0 7 0 0 0 8 0 2 0 0 0 0 0 0 0 0 0 12 0 0 0 0 0 0 0 0 0 2 0 0 0 
0 6 0 0 46 1008 0 0 11 0 4 0 0 0 0 0 249 0 0 117 0 0 3172 0 5259 5198 0 0 7096 0 6 97130 0 0 0 6687 129 0 0 0 0 0 0 36 282 0 0 14 0 0 0 0 42 0 0 0 0 0 0 0 42 0 0 12 0 0 654 0 1379 0 24 0 0 0 440 0 827 0 25 0 0 0 0 0 0 0 0 0 0 0 0 1 0 0 0 91 0 0 0 5 0 0 0 4 0 1 0 0 0 0 0 0 0 0 0 1 0 0 0 0 0 0 0 0 0 0 0 0 0 
0 6 0 0 34 821 0 0 10 0 7 0 0 0 0 0 216 0 0 92 0 0 2338 0 4693 4314 0 0 5287 0 6 65991 0 0 0 4157 69 0 0 0 0 0 0 10 140 0 0 4 0 0 0 0 24 0 0 0 0 0 0 0 22 0 0 12 0 0 987 0 760 0 40 0 0 0 908 0 652 0 37 0 0 0 0 0 0 2 0 0 0 0 0 3 0 0 0 125 0 0 0 4 0 0 0 4 0 6 0 0 0 0 0 0 0 0 0 2 0 0 0 0 0 0 0 0 0 0 0 0 0 
0 8 0 0 64 1274 0 0 25 0 3 0 0 0 0 0 354 0 0 323 0 0 6884 0 6515 6480 0 0 7446 0 39 117148 0 0 0 8716 179 0 0 0 0 0 0 45 488 0 0 18 0 0 0 0 50 0 0 0 0 0 0 0 59 0 0 16 0 0 535 0 1538 0 18 0 0 0 363 0 1089 0 21 0 0 0 0 0 0 0 0 0 0 0 0 0 0 0 0 60 0 0 0 3 0 0 0 1 0 1 0 0 0 0 0 0 0 0 0 3 0 0 0 0 0 0 0 0 0 0 0 0 0 
0 5 0 0 34 892 0 0 8 0 2 0 0 0 0 0 201 0 0 87 0 0 2523 0 4905 3974 0 0 4939 0 4 89867 0 0 0 5330 79 0 0 0 0 0 0 11 161 0 0 7 0 0 0 0 28 0 0 0 0 0 0 0 29 0 0 6 0 0 425 0 1117 0 12 0 0 0 170 0 709 0 7 0 0 0 0 0 0 0 0 0 0 0 0 0 0 0 0 59 0 0 0 3 0 0 0 0 0 0 0 0 0 0 0 0 0 0 0 2 0 0 0 0 0 0 0 0 0 0 0 0 0 
0 4 0 0 39 613 0 0 3 0 3 0 0 0 0 0 230 0 0 51 0 0 707 0 3241 4522 0 0 4691 0 0 60038 0 0 0 5076 138 0 0 0 0 0 0 7 28 0 0 3 0 0 0 0 40 0 0 0 0 0 0 0 41 0 0 3 0 0 660 0 922 0 23 0 0 0 254 0 618 0 19 0 0 0 0 0 0 0 0 0 0 0 0 0 0 0 0 77 0 0 0 5 0 0 0 2 0 0 0 0 0 0 0 0 0 0 0 3 0 0 0 0 0 0 0 0 0 1 0 0 0 
0 8 0 0 49 877 0 0 23 0 6 0 0 0 0 0 309 0 0 234 0 0 4697 0 5064 6162 0 0 5240 0 31 57785 0 0 0 4808 103 0 0 0 0 0 0 23 186 0 0 12 0 0 0 0 26 0 0 0 0 0 0 0 32 0 0 25 0 0 667 0 717 0 33 0 0 0 438 0 707 0 26 0 0 0 0 0 0 1 0 0 0 0 0 2 0 0 0 70 0 0 0 3 0 0 0 2 0 3 0 0 0 0 0 0 0 0 0 6 0 0 0 0 0 0 0 0 0 0 0 0 0 
0 7 0 0 53 1143 0 0 17 0 4 0 0 0 0 0 307 0 0 211 0 0 4785 0 6033 5654 0 0 6743 0 17 105770 0 0 0 8183 149 0 0 0 0 0 0 34 391 0 0 10 0 0 0 0 41 0 0 0 0 0 0 0 39 0 0 16 0 0 501 0 1307 0 22 0 0 0 537 0 950 0 21 0 0 0 0 0 0 1 0 0 0 0 0 0 0 0 0 111 0 0 0 3 0 0 0 3 0 1 0 0 0 0 0 0 0 0 0 5 0 0 0 0 0 0 0 0 0 0 0 0 0 
0 9 0 0 73 1262 0 0 22 0 16 0 0 0 0 0 371 0 0 282 0 0 5611 0 6530 7654 0 0 8383 0 19 107002 0 0 0 9208 220 0 0 0 0 0 0 46 351 0 0 16 0 0 0 0 48 0 0 0 0 0 0 0 58 0 0 43 0 0 2331 0 1372 0 111 0 0 0 1403 0 1112 0 91 0 0 0 0 0 0 9 0 0 0 0 0 9 0 0 0 250 0 0 0 22 0 0 0 14 0 15 0 0 0 0 0 0 0 0 0 15 0 0 0 0 0 0 0 0 0 3 0 0 0 
0 8 0 0 60 1009 0 0 19 0 11 0 0 0 0 0 357 0 0 229 0 0 4239 0 5474 7452 0 0 5222 0 18 72344 0 0 0 6443 172 0 0 0 0 0 0 16 307 0 0 16 0 0 0 0 27 0 0 0 0 0 0 0 48 0 0 30 0 0 1257 0 743 0 67 0 0 0 1081 0 964 0 77 0 0 0 0 0 0 1 0 0 0 0 0 5 0 0 0 144 0 0 0 6 0 0 0 6 0 8 0 0 0 0 0 0 0 0 0 12 0 0 2 0 0 0 0 0 0 5 0 0 0 
0 5 0 0 40 385 0 0 7 0 3 0 0 0 0 0 274 0 0 92 0 0 913 0 2324 4668 0 0 3320 0 2 22753 0 0 0 2178 127 0 0 0 0 0 0 8 35 0 0 7 0 0 0 0 25 0 0 0 0 0 0 0 32 0 0 7 0 0 281 0 363 0 20 0 0 0 225 0 318 0 22 0 0 0 0 0 0 0 0 0 0 0 0 0 0 0 0 21 0 0 0 3 0 0 0 1 0 1 0 0 0 0 0 0 0 0 0 1 0 0 0 0 0 0 0 0 0 0 0 0 0 
0 6 0 0 55 658 0 0 11 0 5 0 0 0 0 0 303 0 0 177 0 0 2230 0 3820 5921 0 0 4468 0 8 46134 0 0 0 4940 192 0 0 0 0 0 0 15 91 0 0 7 0 0 0 0 40 0 0 0 0 0 0 0 49 0 0 11 0 0 558 0 509 0 36 0 0 0 448 0 683 0 37 0 0 0 0 0 0 1 0 0 0 0 0 1 0 0 0 62 0 0 0 7 0 0 0 4 0 3 0 0 0 0 0 0 0 0 0 7 0 0 0 0 0 0 0 0 0 0 0 0 0 
305 6 1664 1613 34 668 45715 1675 11 13 5 652 204 7426 7121 8220 141 7433 7360 106 8863 150178 2134 451346 2728 2776 174704 443608 2893 3450 6 46313 4499189 75341 213546 3559 59 2615 9057 44 910 841 2272 11 126 24305 898 4 1008 1281 948 3090 26 59 90 32 58 3106 661 1160 26 2796 887 15 1117 25738 649 172667 620 1072 28 2809 852 54943 447 53589 475 3422 23 664 1193 8 4 3 20 1 149 469 7 17 11 0 516 35 3647 98 10733 176 149 4 1250 368 157 4 410 2 127 296 307 0 10 24 10 384 304 3 145 47 0 0 1 0 2 0 1 0 54 25 176 
0 6 0 0 38 758 0 0 11 0 4 0 0 0 0 0 246 0 0 127 0 0 2047 0 4340 4802 0 0 4373 0 10 69470 0 0 0 3695 92 0 0 0 0 0 0 8 79 0 0 5 0 0 0 0 29 0 0 0 0 0 0 0 29 0 0 4 0 0 964 0 910 0 21 0 0 0 432 0 500 0 16 0 0 0 0 0 0 3 0 0 0 0 0 0 0 0 0 88 0 0 0 8 0 0 0 0 0 3 0 0 0 0 0 0 0 0 0 1 0 0 0 0 0 0 0 0 0 0 0 0 0 
0 8 0 0 70 1302 0 0 23 0 6 0 0 0 0 0 397 0 0 323 0 0 6208 0 6689 7040 0 0 6848 0 30 130552 0 0 0 9224 230 0 0 0 0 0 0 39 429 0 0 24 0 0 0 0 51 0 0 0 0 0 0 0 60 0 0 27 0 0 1136 0 1564 0 40 0 0 0 838 0 1177 0 40 0 0 0 0 0 0 2 0 0 0 0 0 0 0 0 0 237 0 0 0 9 0 0 0 7 0 2 0 0 0 0 0 0 0 0 0 6 0 0 0 0 0 0 0 0 0 1 0 0 0 
0 4 0 0 24 993 0 0 3 0 3 0 0 0 0 0 138 0 0 27 0 0 1166 0 5376 2418 0 0 5765 0 0 125014 0 0 0 5426 53 0 0 0 0 0 0 7 117 0 0 0 0 0 0 0 28 0 0 0 0 0 0 0 15 0 0 2 0 0 638 0 1637 0 14 0 0 0 644 0 623 0 13 0 0 0 0 0 0 0 0 0 0 0 0 0 0 0 0 146 0 0 0 5 0 0 0 4 0 2 0 0 0 0 0 0 0 0 0 2 0 0 0 0 0 0 0 0 0 0 0 0 0 
0 6 0 0 50 796 0 0 12 0 3 0 0 0 0 0 278 0 0 152 0 0 3072 0 4169 5951 0 0 6409 0 11 69959 0 0 0 5103 159 0 0 0 0 0 0 21 154 0 0 13 0 0 0 0 50 0 0 0 0 0 0 0 55 0 0 6 0 0 224 0 1136 0 27 0 0 0 284 0 705 0 17 0 0 0 0 0 0 0 0 0 0 0 0 3 0 0 0 35 0 0 0 3 0 0 0 4 0 0 0 0 0 0 0 0 0 0 0 2 0 0 0 0 0 0 0 0 0 0 0 0 0 
0 4 0 0 29 614 0 0 5 0 1 0 0 0 0 0 168 0 0 56 0 0 1294 0 3481 3204 0 0 3321 0 2 61315 0 0 0 3656 73 0 0 0 0 0 0 14 59 0 0 5 0 0 0 0 26 0 0 0 0 0 0 0 31 0 0 2 0 0 260 0 761 0 6 0 0 0 73 0 438 0 1 0 0 0 0 0 0 0 0 0 0 0 0 0 0 0 0 42 0 0 0 3 0 0 0 0 0 0 0 0 0 0 0 0 0 0 0 0 0 0 0 0 0 0 0 0 0 0 0 0 0 
0 3 0 0 23 283 0 0 2 0 1 0 0 0 0 0 150 0 0 25 0 0 393 0 1674 2614 0 0 1967 0 0 16089 0 0 0 1877 64 0 0 0 0 0 0 2 22 0 0 2 0 0 0 0 16 0 0 0 0 0 0 0 19 0 0 1 0 0 40 0 213 0 6 0 0 0 72 0 277 0 9 0 0 0 0 0 0 0 0 0 0 0 0 0 0 0 0 7 0 0 0 1 0 0 0 0 0 0 0 0 0 0 0 0 0 0 0 0 0 0 0 0 0 0 0 0 0 0 0 0 0 
0 4 0 0 36 536 0 0 6 0 0 0 0 0 0 0 219 0 0 92 0 0 1406 0 2868 3467 0 0 3673 0 4 49367 0 0 0 4416 116 0 0 0 0 0 0 10 96 0 0 4 0 0 0 0 34 0 0 0 0 0 0 0 35 0 0 0 0 0 0 0 768 0 0 0 0 0 0 0 556 0 0 0 0 0 0 0 0 0 0 0 0 0 0 0 0 0 0 0 0 0 0 0 0 0 0 0 0 0 0 0 0 0 0 0 0 0 0 0 0 0 0 0 0 0 0 0 0 0 0 0 0 
0 8 0 0 65 806 0 0 22 0 7 0 0 0 0 0 379 0 0 280 0 0 3933 0 4529 8127 0 0 4786 0 28 48869 0 0 0 5680 197 0 0 0 0 0 0 32 145 0 0 28 0 0 0 0 30 0 0 0 0 0 0 0 59 0 0 23 0 0 748 0 529 0 44 0 0 0 657 0 894 0 47 0 0 0 0 0 0 6 0 0 0 0 0 0 0 0 0 87 0 0 0 1 0 0 0 9 0 5 0 0 0 0 0 0 0 0 0 7 0 0 0 0 0 0 0 0 0 0 0 0 0 
0 3 0 0 26 470 0 0 2 0 1 0 0 0 0 0 152 0 0 23 0 0 488 0 2554 3201 0 0 3313 0 0 47688 0 0 0 3708 83 0 0 0 0 0 0 6 46 0 0 2 0 0 0 0 29 0 0 0 0 0 0 0 28 0 0 1 0 0 259 0 708 0 10 0 0 0 56 0 458 0 8 0 0 0 0 0 0 0 0 0 0 0 0 0 0 0 0 19 0 0 0 3 0 0 0 0 0 0 0 0 0 0 0 0 0 0 0 0 0 0 0 0 0 0 0 0 0 0 0 0 0 
0 4 0 0 31 516 0 0 3 0 4 0 0 0 0 0 209 0 0 45 0 0 667 0 2918 3770 0 0 3602 0 0 38574 0 0 0 3412 96 0 0 0 0 0 0 2 38 0 0 1 0 0 0 0 26 0 0 0 0 0 0 0 20 0 0 3 0 0 571 0 422 0 25 0 0 0 373 0 511 0 21 0 0 0 0 0 0 1 0 0 0 0 0 1 0 0 0 65 0 0 0 5 0 0 0 5 0 1 0 0 0 0 0 0 0 0 0 5 0 0 0 0 0 0 0 0 0 0 0 0 0 
0 8 0 0 68 833 0 0 23 0 5 0 0 0 0 0 399 0 0 316 0 0 4258 0 4635 8220 0 0 5660 0 32 49321 0 0 0 5851 212 0 0 0 0 0 0 32 203 0 0 24 0 0 0 0 33 0 0 0 0 0 0 0 67 0 0 18 0 0 574 0 681 0 36 0 0 0 403 0 840 0 32 0 0 0 0 0 0 2 0 0 0 0 0 2 0 0 0 80 0 0 0 3 0 0 0 7 0 2 0 0 0 0 0 0 0 0 0 6 0 0 0 0 0 0 0 0 0 0 0 0 0 
0 3 0 0 32 217 0 0 3 0 0 0 0 0 0 0 206 0 0 45 0 0 413 0 1211 4547 0 0 1630 0 1 9641 0 0 0 1779 121 0 0 0 0 0 0 3 9 0 0 9 0 0 0 0 18 0 0 0 0 0 0 0 40 0 0 0 0 0 0 0 130 0 0 0 0 0 0 0 341 0 0 0 0 0 0 0 0 0 0 0 0 0 0 0 0 0 0 0 0 0 0 0 0 0 0 0 0 0 0 0 0 0 0 0 0 0 0 0 0 0 0 0 0 0 0 0 0 0 0 0 0 
0 8 0 0 57 915 0 0 21 0 8 0 0 0 0 0 338 0 0 250 0 0 4294 0 5069 6901 0 0 6971 0 23 63141 0 0 0 5015 166 0 0 0 0 0 0 32 188 0 0 11 0 0 0 0 43 0 0 0 0 0 0 0 51 0 0 27 0 0 946 0 885 0 51 0 0 0 865 0 716 0 38 0 0 0 0 0 0 4 0 0 0 0 0 2 0 0 0 103 0 0 0 7 0 0 0 5 0 6 0 0 0 0 0 0 0 0 0 5 0 0 0 0 0 0 0 0 0 0 0 0 0 
0 5 0 0 39 782 0 0 10 0 0 0 0 0 0 0 238 0 0 130 0 0 2727 0 4182 4359 0 0 5189 0 10 74266 0 0 0 5567 111 0 0 0 0 0 0 18 194 0 0 4 0 0 0 0 29 0 0 0 0 0 0 0 28 0 0 0 0 0 0 0 1101 0 0 0 0 0 0 0 720 0 0 0 0 0 0 0 0 0 0 0 0 0 0 0 0 0 0 0 0 0 0 0 0 0 0 0 0 0 0 0 0 0 0 0 0 0 0 0 0 0 0 0 0 0 0 0 0 0 0 0 0 
0 7 0 0 61 953 0 0 17 0 4 0 0 0 0 0 337 0 0 229 0 0 4011 0 5371 7095 0 0 6521 0 18 72105 0 0 0 6894 219 0 0 0 0 0 0 31 224 0 0 18 0 0 0 0 52 0 0 0 0 0 0 0 54 0 0 14 0 0 666 0 926 0 34 0 0 0 415 0 973 0 29 0 0 0 0 0 0 1 0 0 0 0 0 0 0 0 0 73 0 0 0 5 0 0 0 2 0 2 0 0 0 0 0 0 0 0 0 4 0 0 0 0 0 0 0 0 0 0 0 0 0 
0 4 0 0 32 584 0 0 5 0 1 0 0 0 0 0 203 0 0 61 0 0 1349 0 3294 3966 0 0 3729 0 2 46049 0 0 0 3907 103 0 0 0 0 0 0 11 93 0 0 4 0 0 0 0 19 0 0 0 0 0 0 0 30 0 0 2 0 0 112 0 622 0 13 0 0 0 69 0 708 0 5 0 0 0 0 0 0 0 0 0 0 0 0 0 0 0 0 14 0 0 0 0 0 0 0 0 0 0 0 0 0 0 0 0 0 0 0 0 0 0 0 0 0 0 0 0 0 0 0 0 0 
0 4 0 0 32 450 0 0 5 0 1 0 0 0 0 0 215 0 0 69 0 0 979 0 2739 3071 0 0 3201 0 2 30731 0 0 0 3040 91 0 0 0 0 0 0 9 71 0 0 2 0 0 0 0 19 0 0 0 0 0 0 0 26 0 0 2 0 0 154 0 420 0 8 0 0 0 43 0 319 0 7 0 0 0 0 0 0 0 0 0 0 0 0 0 0 0 0 12 0 0 0 1 0 0 0 0 0 0 0 0 0 0 0 0 0 0 0 0 0 0 0 0 0 0 0 0 0 0 0 0 0 
0 7 0 0 49 1271 0 0 18 0 4 0 0 0 0 0 278 0 0 195 0 0 5423 0 6741 5200 0 0 8363 0 21 122478 0 0 0 8035 133 0 0 0 0 0 0 40 459 0 0 12 0 0 0 0 54 0 0 0 0 0 0 0 30 0 0 17 0 0 634 0 1544 0 18 0 0 0 790 0 1014 0 22 0 0 0 0 0 0 0 0 0 0 0 0 1 0 0 0 137 0 0 0 6 0 0 0 3 0 1 0 0 0 0 0 0 0 0 0 6 0 0 0 0 0 0 0 0 0 0 0 0 0 
0 10 0 0 74 994 0 0 37 0 8 0 0 0 0 0 503 0 0 463 0 0 6460 0 5661 9303 0 0 6693 0 68 62059 0 0 0 5417 214 0 0 0 0 0 0 44 260 0 0 26 0 0 0 0 44 0 0 0 0 0 0 0 59 0 0 41 0 0 974 0 762 0 39 0 0 0 748 0 823 0 52 0 0 0 0 0 0 1 0 0 0 0 0 6 0 0 0 98 0 0 0 9 0 0 0 5 0 3 0 0 0 0 0 0 0 0 0 6 0 0 0 0 0 0 0 0 0 1 0 0 0 
0 5 0 0 34 779 0 0 10 0 0 0 0 0 0 0 207 0 0 112 0 0 2645 0 4423 3634 0 0 6073 0 10 62156 0 0 0 5001 93 0 0 0 0 0 0 17 229 0 0 4 0 0 0 0 33 0 0 0 0 0 0 0 23 0 0 0 0 0 0 0 798 0 0 0 0 0 0 0 629 0 0 0 0 0 0 0 0 0 0 0 0 0 0 0 0 0 0 0 0 0 0 0 0 0 0 0 0 0 0 0 0 0 0 0 0 0 0 0 0 0 0 0 0 0 0 0 0 0 0 0 0 
0 7 0 0 51 853 0 0 18 0 3 0 0 0 0 0 349 0 0 222 0 0 3901 0 4847 5817 0 0 4749 0 20 61909 0 0 0 5396 132 0 0 0 0 0 0 22 203 0 0 11 0 0 0 0 36 0 0 0 0 0 0 0 43 0 0 15 0 0 421 0 582 0 24 0 0 0 241 0 802 0 17 0 0 0 0 0 0 0 0 0 0 0 0 0 0 0 0 65 0 0 0 1 0 0 0 2 0 0 0 0 0 0 0 0 0 0 0 0 0 0 0 0 0 0 0 0 0 0 0 0 0 
0 5 0 0 41 464 0 0 8 0 2 0 0 0 0 0 260 0 0 109 0 0 1321 0 2653 5089 0 0 3242 0 4 25962 0 0 0 3491 136 0 0 0 0 0 0 10 45 0 0 7 0 0 0 0 29 0 0 0 0 0 0 0 31 0 0 6 0 0 239 0 397 0 11 0 0 0 135 0 467 0 9 0 0 0 0 0 0 0 0 0 0 0 0 0 0 0 0 29 0 0 0 4 0 0 0 1 0 0 0 0 0 0 0 0 0 0 0 6 0 0 0 0 0 0 0 0 0 0 0 0 0 
0 7 0 0 49 906 0 0 14 0 8 0 0 0 0 0 317 0 0 180 0 0 3129 0 5314 5128 0 0 5819 0 10 66828 0 0 0 5367 126 0 0 0 0 0 0 18 187 0 0 5 0 0 0 0 30 0 0 0 0 0 0 0 38 0 0 18 0 0 1084 0 808 0 43 0 0 0 920 0 616 0 43 0 0 0 0 0 0 2 0 0 0 0 0 4 0 0 0 133 0 0 0 5 0 0 0 3 0 5 0 0 0 0 0 0 0 0 0 3 0 0 1 0 0 0 0 0 0 0 0 0 0 
0 7 0 0 57 984 0 0 17 0 4 0 0 0 0 0 334 0 0 228 0 0 4265 0 5506 7008 0 0 5956 0 18 75278 0 0 0 7357 174 0 0 0 0 0 0 24 265 0 0 20 0 0 0 0 45 0 0 0 0 0 0 0 50 0 0 14 0 0 588 0 858 0 27 0 0 0 411 0 1131 0 22 0 0 0 0 0 0 1 0 0 0 0 0 0 0 0 0 44 0 0 0 4 0 0 0 2 0 2 0 0 0 0 0 0 0 0 0 3 0 0 0 0 0 0 0 0 0 0 0 0 0 
0 7 0 0 50 625 0 0 15 0 6 0 0 0 0 0 321 0 0 188 0 0 2451 0 3665 6026 0 0 4988 0 10 30066 0 0 0 4015 148 0 0 0 0 0 0 17 96 0 0 7 0 0 0 0 42 0 0 0 0 0 0 0 43 0 0 20 0 0 512 0 509 0 34 0 0 0 463 0 584 0 31 0 0 0 0 0 0 1 0 0 0 0 0 2 0 0 0 54 0 0 0 6 0 0 0 6 0 2 0 0 0 0 0 0 0 0 0 3 0 0 0 0 0 0 0 0 0 0 0 0 0 
0 2 0 0 10 136 0 0 1 0 0 0 0 0 0 0 65 0 0 9 0 0 131 0 827 1366 0 0 1757 0 0 7517 0 0 0 489 16 0 0 0 0 0 0 1 2 0 0 0 0 0 0 0 9 0 0 0 0 0 0 0 6 0 0 0 0 0 0 0 177 0 0 0 0 0 0 0 72 0 0 0 0 0 0 0 0 0 0 0 0 0 0 0 0 0 0 0 0 0 0 0 0 0 0 0 0 0 0 0 0 0 0 0 0 0 0 0 0 0 0 0 0 0 0 0 0 0 0 0 0 
0 5 0 0 34 790 0 0 6 0 5 0 0 0 0 0 208 0 0 68 0 0 1544 0 4556 3683 0 0 5405 0 2 74000 0 0 0 4646 90 0 0 0 0 0 0 11 82 0 0 2 0 0 0 0 32 0 0 0 0 0 0 0 28 0 0 6 0 0 727 0 979 0 31 0 0 0 869 0 607 0 24 0 0 0 0 0 0 2 0 0 0 0 0 0 0 0 0 139 0 0 0 6 0 0 0 6 0 1 0 0 0 0 0 0 0 0 0 4 0 0 1 0 0 0 0 0 0 1 0 0 0 
0 2 0 0 13 179 0 0 1 0 0 0 0 0 0 0 85 0 0 10 0 0 163 0 1101 1507 0 0 2006 0 0 8924 0 0 0 852 31 0 0 0 0 0 0 1 8 0 0 1 0 0 0 0 11 0 0 0 0 0 0 0 11 0 0 0 0 0 0 0 189 0 0 0 0 0 0 0 129 0 0 0 0 0 0 0 0 0 0 0 0 0 0 0 0 0 0 0 0 0 0 0 0 0 0 0 0 0 0 0 0 0 0 0 0 0 0 0 0 0 0 0 0 0 0 0 0 0 0 0 0 
0 2 0 0 20 240 0 0 1 0 0 0 0 0 0 0 125 0 0 15 0 0 223 0 1412 2399 0 0 1890 0 0 15489 0 0 0 2060 66 0 0 0 0 0 0 1 8 0 0 2 0 0 0 0 22 0 0 0 0 0 0 0 25 0 0 0 0 0 0 0 236 0 0 0 0 0 0 0 316 0 0 0 0 0 0 0 0 0 0 0 0 0 0 0 0 0 0 0 0 0 0 0 0 0 0 0 0 0 0 0 0 0 0 0 0 0 0 0 0 0 0 0 0 0 0 0 0 0 0 0 0 
0 5 0 0 38 851 0 0 8 0 3 0 0 0 0 0 224 0 0 95 0 0 2191 0 4828 4334 0 0 4848 0 5 74076 0 0 0 5738 108 0 0 0 0 0 0 15 207 0 0 9 0 0 0 0 34 0 0 0 0 0 0 0 32 0 0 6 0 0 522 0 740 0 21 0 0 0 560 0 866 0 22 0 0 0 0 0 0 0 0 0 0 0 0 1 0 0 0 56 0 0 0 2 0 0 0 2 0 1 0 0 0 0 0 0 0 0 0 0 0 0 0 0 0 0 0 0 0 0 0 0 0 
0 4 0 0 35 656 0 0 3 0 3 0 0 0 0 0 212 0 0 44 0 0 762 0 3518 3782 0 0 3896 0 1 66660 0 0 0 5152 118 0 0 0 0 0 0 6 66 0 0 3 0 0 0 0 32 0 0 0 0 0 0 0 32 0 0 0 0 0 430 0 796 0 25 0 0 0 349 0 605 0 17 0 0 0 0 0 0 0 0 0 0 0 0 1 0 0 0 144 0 0 0 3 0 0 0 3 0 2 0 0 0 0 0 0 0 0 0 2 0 0 0 0 0 0 0 0 0 0 0 0 0 
0 8 0 0 65 720 0 0 23 0 5 0 0 0 0 0 368 0 0 314 0 0 3305 0 3942 7424 0 0 4566 0 33 54548 0 0 0 5594 210 0 0 0 0 0 0 23 104 0 0 22 0 0 0 0 35 0 0 0 0 0 0 0 63 0 0 16 0 0 715 0 864 0 36 0 0 0 645 0 719 0 27 0 0 0 0 0 0 1 0 0 0 0 0 1 0 0 0 70 0 0 0 8 0 0 0 4 0 5 0 0 0 0 0 0 0 0 0 3 0 0 0 0 0 0 0 0 0 0 0 0 0 
0 7 0 0 55 1067 0 0 18 0 3 0 0 0 0 0 327 0 0 245 0 0 4731 0 5991 5226 0 0 6487 0 21 87480 0 0 0 7400 156 0 0 0 0 0 0 34 386 0 0 4 0 0 0 0 39 0 0 0 0 0 0 0 41 0 0 13 0 0 459 0 1023 0 16 0 0 0 318 0 836 0 20 0 0 0 0 0 0 0 0 0 0 0 0 1 0 0 0 49 0 0 0 4 0 0 0 2 0 0 0 0 0 0 0 0 0 0 0 2 0 0 0 0 0 0 0 0 0 0 0 0 0 
0 7 0 0 50 893 0 0 15 0 7 0 0 0 0 0 296 0 0 181 0 0 3476 0 4920 5799 0 0 6195 0 10 74218 0 0 0 6066 136 0 0 0 0 0 0 26 175 0 0 9 0 0 0 0 51 0 0 0 0 0 0 0 39 0 0 25 0 0 1066 0 1069 0 47 0 0 0 603 0 763 0 35 0 0 0 0 0 0 1 0 0 0 0 0 1 0 0 0 63 0 0 0 2 0 0 0 2 0 1 0 0 0 0 0 0 0 0 0 4 0 0 1 0 0 0 0 0 0 1 0 0 0 
0 6 0 0 49 800 0 0 9 0 6 0 0 0 0 0 267 0 0 124 0 0 1999 0 4603 5740 0 0 5519 0 4 62697 0 0 0 5361 151 0 0 0 0 0 0 11 96 0 0 8 0 0 0 0 30 0 0 0 0 0 0 0 35 0 0 9 0 0 831 0 782 0 34 0 0 0 775 0 693 0 40 0 0 0 0 0 0 0 0 0 0 0 0 3 0 0 0 93 0 0 0 5 0 0 0 4 0 3 0 0 0 0 0 0 0 0 0 7 0 0 0 0 0 0 0 0 0 1 0 0 0 
0 6 0 0 38 863 0 0 10 0 6 0 0 0 0 0 241 0 0 108 0 0 2359 0 4681 4169 0 0 4596 0 5 87469 0 0 0 5784 92 0 0 0 0 0 0 7 177 0 0 6 0 0 0 0 32 0 0 0 0 0 0 0 24 0 0 14 0 0 879 0 979 0 35 0 0 0 742 0 697 0 30 0 0 0 0 0 0 1 0 0 0 0 0 1 0 0 0 150 0 0 0 5 0 0 0 2 0 2 0 0 0 0 0 0 0 0 0 4 0 0 1 0 0 0 0 0 0 0 0 0 0 
0 2 0 0 19 172 0 0 1 0 0 0 0 0 0 0 117 0 0 17 0 0 163 0 1104 2249 0 0 1306 0 0 8265 0 0 0 1408 62 0 0 0 0 0 0 1 4 0 0 1 0 0 0 0 12 0 0 0 0 0 0 0 20 0 0 0 0 0 0 0 134 0 0 0 0 0 0 0 179 0 0 0 0 0 0 0 0 0 0 0 0 0 0 0 0 0 0 0 0 0 0 0 0 0 0 0 0 0 0 0 0 0 0 0 0 0 0 0 0 0 0 0 0 0 0 0 0 0 0 0 0 
0 6 0 0 43 740 0 0 11 0 5 0 0 0 0 0 264 0 0 139 0 0 2338 0 4309 5606 0 0 4438 0 6 52727 0 0 0 3874 122 0 0 0 0 0 0 14 130 0 0 9 0 0 0 0 28 0 0 0 0 0 0 0 45 0 0 16 0 0 750 0 568 0 19 0 0 0 539 0 619 0 25 0 0 0 0 0 0 0 0 0 0 0 0 0 0 0 0 61 0 0 0 1 0 0 0 1 0 0 0 0 0 0 0 0 0 0 0 5 0 0 1 0 0 0 0 0 0 1 0 0 0 
0 4 0 0 31 439 0 0 4 0 2 0 0 0 0 0 188 0 0 50 0 0 842 0 2535 3814 0 0 2785 0 1 33236 0 0 0 3007 89 0 0 0 0 0 0 8 67 0 0 1 0 0 0 0 19 0 0 0 0 0 0 0 26 0 0 2 0 0 313 0 359 0 15 0 0 0 19 0 454 0 13 0 0 0 0 0 0 0 0 0 0 0 0 1 0 0 0 1 0 0 0 0 0 0 0 0 0 0 0 0 0 0 0 0 0 0 0 3 0 0 0 0 0 0 0 0 0 0 0 0 0 
0 4 0 0 40 595 0 0 4 0 2 0 0 0 0 0 244 0 0 64 0 0 1091 0 3541 4172 0 0 3324 0 1 47768 0 0 0 5287 153 0 0 0 0 0 0 11 81 0 0 3 0 0 0 0 31 0 0 0 0 0 0 0 33 0 0 2 0 0 275 0 482 0 14 0 0 0 177 0 660 0 14 0 0 0 0 0 0 0 0 0 0 0 0 0 0 0 0 33 0 0 0 4 0 0 0 4 0 1 0 0 0 0 0 0 0 0 0 4 0 0 0 0 0 0 0 0 0 0 0 0 0 
0 6 0 0 43 726 0 0 11 0 4 0 0 0 0 0 243 0 0 128 0 0 2024 0 3982 4805 0 0 3692 0 8 71585 0 0 0 5346 117 0 0 0 0 0 0 12 55 0 0 5 0 0 0 0 32 0 0 0 0 0 0 0 31 0 0 9 0 0 628 0 822 0 31 0 0 0 575 0 648 0 22 0 0 0 0 0 0 1 0 0 0 0 0 0 0 0 0 138 0 0 0 6 0 0 0 2 0 1 0 0 0 0 0 0 0 0 0 4 0 0 0 0 0 0 0 0 0 1 0 0 0 
0 5 0 0 39 600 0 0 7 0 3 0 0 0 0 0 253 0 0 93 0 0 1236 0 3222 4310 0 0 3750 0 3 62940 0 0 0 4652 116 0 0 0 0 0 0 5 40 0 0 3 0 0 0 0 33 0 0 0 0 0 0 0 38 0 0 5 0 0 643 0 755 0 26 0 0 0 194 0 561 0 21 0 0 0 0 0 0 1 0 0 0 0 0 0 0 0 0 119 0 0 0 4 0 0 0 1 0 1 0 0 0 0 0 0 0 0 0 1 0 0 0 0 0 0 0 0 0 0 0 0 0 
0 5 0 0 39 535 0 0 7 0 4 0 0 0 0 0 267 0 0 81 0 0 1254 0 3150 4128 0 0 3475 0 2 35800 0 0 0 3832 110 0 0 0 0 0 0 6 69 0 0 12 0 0 0 0 31 0 0 0 0 0 0 0 30 0 0 10 0 0 449 0 414 0 22 0 0 0 368 0 496 0 20 0 0 0 0 0 0 0 0 0 0 0 0 0 0 0 0 45 0 0 0 2 0 0 0 4 0 1 0 0 0 0 0 0 0 0 0 9 0 0 0 0 0 0 0 0 0 0 0 0 0 
0 4 0 0 33 446 0 0 4 0 2 0 0 0 0 0 215 0 0 53 0 0 817 0 2545 3692 0 0 3977 0 1 30226 0 0 0 2987 97 0 0 0 0 0 0 6 37 0 0 2 0 0 0 0 21 0 0 0 0 0 0 0 30 0 0 2 0 0 267 0 503 0 11 0 0 0 132 0 375 0 16 0 0 0 0 0 0 0 0 0 0 0 0 1 0 0 0 18 0 0 0 3 0 0 0 5 0 0 0 0 0 0 0 0 0 0 0 1 0 0 0 0 0 0 0 0 0 0 0 0 0 
0 5 0 0 38 542 0 0 6 0 4 0 0 0 0 0 216 0 0 81 0 0 1293 0 3125 4465 0 0 4261 0 2 34550 0 0 0 3202 116 0 0 0 0 0 0 11 49 0 0 1 0 0 0 0 29 0 0 0 0 0 0 0 38 0 0 4 0 0 267 0 528 0 32 0 0 0 428 0 437 0 17 0 0 0 0 0 0 1 0 0 0 0 0 1 0 0 0 35 0 0 0 2 0 0 0 4 0 2 0 0 0 0 0 0 0 0 0 2 0 0 0 0 0 0 0 0 0 0 0 0 0 
0 1 0 0 5 203 0 0 0 0 0 0 0 0 0 0 37 0 0 0 0 0 0 0 1216 577 0 0 1349 0 0 20287 0 0 0 880 9 0 0 0 0 0 0 0 0 0 0 0 0 0 0 0 4 0 0 0 0 0 0 0 2 0 0 0 0 0 0 0 217 0 0 0 0 0 0 0 131 0 0 0 0 0 0 0 0 0 0 0 0 0 0 0 0 0 0 0 0 0 0 0 0 0 0 0 0 0 0 0 0 0 0 0 0 0 0 0 0 0 0 0 0 0 0 0 0 0 0 0 0 
0 2 0 0 13 319 0 0 1 0 0 0 0 0 0 0 82 0 0 8 0 0 279 0 1857 1786 0 0 2019 0 0 26895 0 0 0 1628 28 0 0 0 0 0 0 1 20 0 0 2 0 0 0 0 11 0 0 0 0 0 0 0 11 0 0 0 0 0 0 0 279 0 0 0 0 0 0 0 304 0 0 0 0 0 0 0 0 0 0 0 0 0 0 0 0 0 0 0 0 0 0 0 0 0 0 0 0 0 0 0 0 0 0 0 0 0 0 0 0 0 0 0 0 0 0 0 0 0 0 0 0 
0 3 0 0 24 154 0 0 3 0 0 0 0 0 0 0 153 0 0 43 0 0 290 0 903 3200 0 0 1443 0 1 4267 0 0 0 1220 73 0 0 0 0 0 0 2 8 0 0 2 0 0 0 0 15 0 0 0 0 0 0 0 24 0 0 0 0 0 0 0 104 0 0 0 0 0 0 0 150 0 0 0 0 0 0 0 0 0 0 0 0 0 0 0 0 0 0 0 0 0 0 0 0 0 0 0 0 0 0 0 0 0 0 0 0 0 0 0 0 0 0 0 0 0 0 0 0 0 0 0 0 
