33 0 52 0 0 0 517 67 0 0 0 11 0 233 0 0 0 108 0 0 176 2939 0 1853 0 0 0 1420 0 53 0 0 5137 478 0 0 0 0 97 0 0 0 16 0 0 111 0 0 3 0 0 0 0 0 0 0 1 0 0 0 0 17 0 0 13 0 0 297 0 0 0 0 21 221 0 0 0 21 0 0 26 0 0 0 0 0 0 1 0 0 0 0 7 0 0 0 21 0 0 0 0 0 0 0 0 0 0 1 0 0 0 0 0 0 0 0 0 0 0 0 0 0 0 0 0 0 0 0 0 
0 2 0 0 4 65 0 0 1 0 0 0 0 0 0 0 14 0 0 4 0 0 57 0 153 158 0 0 151 0 0 1005 0 0 0 108 2 0 0 0 0 0 0 0 4 0 0 0 0 0 0 0 2 0 0 0 0 0 0 0 4 0 0 0 0 0 0 0 19 0 0 0 0 0 0 0 22 0 0 0 0 0 0 0 0 0 0 0 0 0 0 0 0 0 0 0 0 0 0 0 0 0 0 0 0 0 0 0 0 0 0 0 0 0 0 0 0 0 0 0 0 0 0 0 0 0 0 0 0 
0 2 0 0 6 75 0 0 1 0 0 0 0 0 0 0 11 0 0 5 0 0 68 0 149 207 0 0 129 0 0 1384 0 0 0 218 12 0 0 0 0 0 0 1 3 0 0 0 0 0 0 0 3 0 0 0 0 0 0 0 3 0 0 0 0 0 0 0 15 0 0 0 0 0 0 0 36 0 0 0 0 0 0 0 0 0 0 0 0 0 0 0 0 0 0 0 0 0 0 0 0 0 0 0 0 0 0 0 0 0 0 0 0 0 0 0 0 0 0 0 0 0 0 0 0 0 0 0 0 
0 3 0 0 7 97 0 0 3 0 0 0 0 0 0 0 20 0 0 13 0 0 165 0 232 236 0 0 169 0 1 1495 0 0 0 192 5 0 0 0 0 0 0 1 14 0 0 0 0 0 0 0 2 0 0 0 0 0 0 0 4 0 0 0 0 0 0 0 25 0 0 0 0 0 0 0 34 0 0 0 0 0 0 0 0 0 0 0 0 0 0 0 0 0 0 0 0 0 0 0 0 0 0 0 0 0 0 0 0 0 0 0 0 0 0 0 0 0 0 0 0 0 0 0 0 0 0 0 0 
0 2 0 0 5 61 0 0 1 0 0 0 0 0 0 0 9 0 0 5 0 0 57 0 130 353 0 0 187 0 0 882 0 0 0 113 7 0 0 0 0 0 0 0 2 0 0 0 0 0 0 0 2 0 0 0 0 0 0 0 3 0 0 0 0 0 0 0 20 0 0 0 0 0 0 0 28 0 0 0 0 0 0 0 0 0 0 0 0 0 0 0 0 0 0 0 0 0 0 0 0 0 0 0 0 0 0 0 0 0 0 0 0 0 0 0 0 0 0 0 0 0 0 0 0 0 0 0 0 
0 4 0 0 10 169 0 0 5 0 1 0 0 0 0 0 19 0 0 24 0 0 428 0 302 456 0 0 426 0 2 4536 0 0 0 423 10 0 0 0 0 0 0 2 11 0 0 1 0 0 0 0 1 0 0 0 0 0 0 0 2 0 0 2 0 0 26 0 74 0 0 0 0 0 19 0 72 0 3 0 0 0 0 0 0 0 0 0 0 0 0 0 0 0 0 5 0 0 0 0 0 0 0 0 0 0 0 0 0 0 0 0 0 0 0 0 0 0 0 0 0 0 0 0 0 0 0 0 0 
0 5 0 0 8 202 0 0 10 0 0 0 0 0 0 0 25 0 0 29 0 0 724 0 440 280 0 0 504 0 10 5104 0 0 0 252 3 0 0 0 0 0 0 3 41 0 0 0 0 0 0 0 2 0 0 0 0 0 0 0 4 0 0 0 0 0 0 0 88 0 0 0 0 0 0 0 38 0 0 0 0 0 0 0 0 0 0 0 0 0 0 0 0 0 0 0 0 0 0 0 0 0 0 0 0 0 0 0 0 0 0 0 0 0 0 0 0 0 0 0 0 0 0 0 0 0 0 0 0 
0 4 0 0 6 172 0 0 6 0 0 0 0 0 0 0 16 0 0 14 0 0 450 0 387 182 0 0 259 0 4 4691 0 0 0 199 4 0 0 0 0 0 0 4 31 0 0 0 0 0 0 0 0 0 0 0 0 0 0 0 0 0 0 0 0 0 0 0 63 0 0 0 0 0 0 0 28 0 0 0 0 0 0 0 0 0 0 0 0 0 0 0 0 0 0 0 0 0 0 0 0 0 0 0 0 0 0 0 0 0 0 0 0 0 0 0 0 0 0 0 0 0 0 0 0 0 0 0 0 
0 4 0 0 2 224 0 0 4 0 2 0 0 0 0 0 8 0 0 3 0 0 478 0 475 67 0 0 425 0 1 8907 0 0 0 83 0 0 0 0 0 0 0 0 32 0 0 0 0 0 0 0 0 0 0 0 0 0 0 0 0 0 0 2 0 0 113 0 141 0 1 0 0 0 15 0 7 0 2 0 0 0 0 0 0 0 0 0 0 0 0 1 0 0 0 1 0 0 0 0 0 0 0 0 0 0 0 0 0 0 0 0 0 0 0 0 0 0 0 0 0 0 0 0 0 0 0 0 0 
0 4 0 0 11 131 0 0 6 0 0 0 0 0 0 0 25 0 0 26 0 0 336 0 279 363 0 0 160 0 4 2148 0 0 0 341 16 0 0 0 0 0 0 5 26 0 0 1 0 0 0 0 3 0 0 0 0 0 0 0 3 0 0 0 0 0 0 0 23 0 0 0 0 0 0 0 57 0 0 0 0 0 0 0 0 0 0 0 0 0 0 0 0 0 0 0 0 0 0 0 0 0 0 0 0 0 0 0 0 0 0 0 0 0 0 0 0 0 0 0 0 0 0 0 0 0 0 0 0 
0 4 0 0 13 175 0 0 5 0 1 0 0 0 0 0 21 0 0 30 0 0 400 0 364 538 0 0 522 0 2 3934 0 0 0 548 22 0 0 0 0 0 0 2 18 0 0 1 0 0 0 0 5 0 0 0 0 0 0 0 6 0 0 2 0 0 55 0 109 0 4 0 0 0 29 0 117 0 2 0 0 0 0 0 0 0 0 0 0 0 0 0 0 0 0 2 0 0 0 0 0 0 0 0 0 0 0 0 0 0 0 0 0 0 0 0 0 0 0 0 0 0 0 0 0 0 0 0 0 
0 3 0 0 5 121 0 0 3 0 0 0 0 0 0 0 11 0 0 7 0 0 228 0 246 162 0 0 239 0 1 2607 0 0 0 194 3 0 0 0 0 0 0 2 6 0 0 1 0 0 0 0 2 0 0 0 0 0 0 0 1 0 0 0 0 0 0 0 35 0 0 0 0 0 0 0 40 0 0 0 0 0 0 0 0 0 0 0 0 0 0 0 0 0 0 0 0 0 0 0 0 0 0 0 0 0 0 0 0 0 0 0 0 0 0 0 0 0 0 0 0 0 0 0 0 0 0 0 0 
0 2 0 0 3 91 0 0 1 0 0 0 0 0 0 0 4 0 0 3 0 0 87 0 168 128 0 0 190 0 0 2176 0 0 0 140 2 0 0 0 0 0 0 0 2 0 0 0 0 0 0 0 1 0 0 0 0 0 0 0 1 0 0 0 0 0 0 0 31 0 0 0 0 0 0 0 34 0 0 0 0 0 0 0 0 0 0 0 0 0 0 0 0 0 0 0 0 0 0 0 0 0 0 0 0 0 0 0 0 0 0 0 0 0 0 0 0 0 0 0 0 0 0 0 0 0 0 0 0 
0 1 0 0 0 32 0 0 0 0 0 0 0 0 0 0 0 0 0 0 0 0 0 0 67 0 0 0 52 0 0 485 0 0 0 0 0 0 0 0 0 0 0 0 0 0 0 0 0 0 0 0 0 0 0 0 0 0 0 0 0 0 0 0 0 0 0 0 11 0 0 0 0 0 0 0 0 0 0 0 0 0 0 0 0 0 0 0 0 0 0 0 0 0 0 0 0 0 0 0 0 0 0 0 0 0 0 0 0 0 0 0 0 0 0 0 0 0 0 0 0 0 0 0 0 0 0 0 0 
25 4 21 79 11 141 296 59 5 0 1 4 21 16 71 196 24 52 154 24 145 2917 303 1229 324 331 2781 420 198 50 2 2578 2214 208 731 401 16 77 16 0 13 23 0 1 15 85 13 0 0 0 0 0 3 0 0 0 0 0 0 16 3 13 41 2 15 715 31 80 39 50 2 11 2 84 42 407 50 4 6 42 5 0 0 0 0 0 3 0 0 0 0 0 0 6 46 8 6 4 0 0 0 0 0 0 0 0 6 0 5 0 0 0 0 0 0 0 5 0 0 0 0 0 0 0 0 0 0 0 0 
0 4 0 0 5 104 0 0 6 0 0 0 0 0 0 0 18 0 0 13 0 0 278 0 240 216 0 0 192 0 4 1343 0 0 0 109 2 0 0 0 0 0 0 2 16 0 0 0 0 0 0 0 1 0 0 0 0 0 0 0 0 0 0 0 0 0 0 0 17 0 0 0 0 0 0 0 17 0 0 0 0 0 0 0 0 0 0 0 0 0 0 0 0 0 0 0 0 0 0 0 0 0 0 0 0 0 0 0 0 0 0 0 0 0 0 0 0 0 0 0 0 0 0 0 0 0 0 0 0 
0 2 0 0 3 55 0 0 0 0 1 0 0 0 0 0 11 0 0 0 0 0 0 0 123 115 0 0 54 0 0 732 0 0 0 57 2 0 0 0 0 0 0 0 0 0 0 0 0 0 0 0 0 0 0 0 0 0 0 0 1 0 0 0 0 0 26 0 9 0 0 0 0 0 19 0 15 0 3 0 0 0 0 0 0 0 0 0 0 0 0 0 0 0 0 5 0 0 0 0 0 0 0 0 0 0 0 0 0 0 0 0 0 0 0 0 0 0 0 0 0 0 0 0 0 0 0 0 0 
0 1 0 0 0 32 0 0 0 0 0 0 0 0 0 0 0 0 0 0 0 0 0 0 67 0 0 0 52 0 0 485 0 0 0 0 0 0 0 0 0 0 0 0 0 0 0 0 0 0 0 0 0 0 0 0 0 0 0 0 0 0 0 0 0 0 0 0 11 0 0 0 0 0 0 0 0 0 0 0 0 0 0 0 0 0 0 0 0 0 0 0 0 0 0 0 0 0 0 0 0 0 0 0 0 0 0 0 0 0 0 0 0 0 0 0 0 0 0 0 0 0 0 0 0 0 0 0 0 
29 3 192 67 4 154 389 51 3 1 0 17 20 265 443 82 4 361 105 7 102 2089 272 1242 269 181 3234 4408 247 37 1 4350 3238 5239 691 177 1 52 266 0 61 6 16 1 18 55 7 0 18 44 31 20 0 2 0 2 1 92 60 0 2 26 26 0 9 1147 0 376 55 24 0 33 49 787 0 413 52 28 0 30 41 0 0 0 1 0 5 1 0 1 0 0 4 5 63 0 28 0 12 0 8 2 7 0 4 0 4 2 11 0 1 2 0 17 4 0 0 1 0 0 1 0 0 0 0 0 3 0 2 
0 4 0 0 12 188 0 0 6 0 0 0 0 0 0 0 20 0 0 32 0 0 518 0 356 428 0 0 363 0 4 4489 0 0 0 546 21 0 0 0 0 0 0 2 23 0 0 2 0 0 0 0 4 0 0 0 0 0 0 0 4 0 0 0 0 0 0 0 65 0 0 0 0 0 0 0 92 0 0 0 0 0 0 0 0 0 0 0 0 0 0 0 0 0 0 0 0 0 0 0 0 0 0 0 0 0 0 0 0 0 0 0 0 0 0 0 0 0 0 0 0 0 0 0 0 0 0 0 0 
0 4 0 0 14 159 0 0 5 0 1 0 0 0 0 0 27 0 0 27 0 0 346 0 341 506 0 0 344 0 2 3184 0 0 0 544 21 0 0 0 0 0 0 2 17 0 0 1 0 0 0 0 6 0 0 0 0 0 0 0 7 0 0 2 0 0 26 0 74 0 4 0 0 0 41 0 74 0 5 0 0 0 0 0 0 0 0 0 0 0 0 0 0 0 0 13 0 0 0 1 0 0 0 1 0 0 0 0 0 0 0 0 0 0 0 0 0 0 0 0 0 0 0 0 0 0 0 0 0 
0 3 0 0 5 71 0 0 2 0 1 0 0 0 0 0 19 0 0 7 0 0 85 0 165 262 0 0 54 0 0 852 0 0 0 87 3 0 0 0 0 0 0 0 1 0 0 0 0 0 0 0 0 0 0 0 0 0 0 0 1 0 0 1 0 0 26 0 9 0 0 0 0 0 19 0 17 0 3 0 0 0 0 0 0 0 0 0 0 0 0 0 0 0 0 5 0 0 0 0 0 0 0 0 0 0 0 0 0 0 0 0 0 0 0 0 0 0 0 0 0 0 0 0 0 0 0 0 0 
0 4 0 0 4 241 0 0 5 0 1 0 0 0 0 0 13 0 0 9 0 0 598 0 504 139 0 0 406 0 2 9238 0 0 0 133 2 0 0 0 0 0 0 0 35 0 0 0 0 0 0 0 0 0 0 0 0 0 0 0 1 0 0 2 0 0 26 0 141 0 0 0 0 0 19 0 22 0 3 0 0 0 0 0 0 0 0 0 0 0 0 0 0 0 0 5 0 0 0 0 0 0 0 0 0 0 0 0 0 0 0 0 0 0 0 0 0 0 0 0 0 0 0 0 0 0 0 0 0 
0 3 0 0 1 218 0 0 3 0 0 0 0 0 0 0 2 0 0 2 0 0 374 0 460 24 0 0 404 0 1 8991 0 0 0 76 0 0 0 0 0 0 0 0 31 0 0 0 0 0 0 0 0 0 0 0 0 0 0 0 0 0 0 0 0 0 0 0 143 0 0 0 0 0 0 0 7 0 0 0 0 0 0 0 0 0 0 0 0 0 0 0 0 0 0 0 0 0 0 0 0 0 0 0 0 0 0 0 0 0 0 0 0 0 0 0 0 0 0 0 0 0 0 0 0 0 0 0 0 
0 6 0 0 11 211 0 0 10 0 5 0 0 0 0 0 20 0 0 33 0 0 632 0 431 563 0 0 508 0 4 4981 0 0 0 236 11 0 0 0 0 0 0 2 21 0 0 2 0 0 0 0 2 0 0 0 0 0 0 0 5 0 0 12 0 0 215 0 62 0 10 0 0 0 124 0 42 0 6 0 0 0 0 0 0 1 0 0 0 0 0 2 0 0 0 20 0 0 0 0 0 0 0 1 0 1 0 0 0 0 0 0 0 0 0 0 0 0 0 0 0 0 0 0 0 0 0 0 0 
0 4 0 0 3 183 0 0 3 0 3 0 0 0 0 0 5 0 0 4 0 0 230 0 403 89 0 0 355 0 0 4975 0 0 0 134 0 0 0 0 0 0 0 0 13 0 0 0 0 0 0 0 1 0 0 0 0 0 0 0 0 0 0 2 0 0 175 0 50 0 2 0 0 0 78 0 17 0 3 0 0 0 0 0 0 1 0 0 0 0 0 1 0 0 0 20 0 0 0 0 0 0 0 0 0 0 0 0 0 0 0 0 0 0 0 0 0 0 0 0 0 0 0 0 0 0 0 0 0 
0 4 0 0 9 207 0 0 4 0 2 0 0 0 0 0 25 0 0 20 0 0 397 0 415 337 0 0 533 0 1 6248 0 0 0 498 18 0 0 0 0 0 0 3 26 0 0 1 0 0 0 0 3 0 0 0 0 0 0 0 3 0 0 2 0 0 102 0 78 0 1 0 0 0 44 0 63 0 2 0 0 0 0 0 0 0 0 0 0 0 0 1 0 0 0 12 0 0 0 0 0 0 0 0 0 0 0 0 0 0 0 0 0 0 0 0 0 0 0 0 0 0 0 0 0 0 0 0 0 
9 3 36 24 7 156 35 23 3 0 0 1 3 18 91 56 11 93 53 11 49 1027 273 162 299 226 1188 284 275 24 1 4635 77 525 82 292 12 22 57 0 17 5 1 3 18 9 4 0 0 0 0 0 3 0 0 0 0 0 0 0 3 1 5 0 7 193 0 7 54 2 0 3 6 3 0 22 43 2 0 4 15 0 0 0 0 0 2 0 0 0 0 0 0 1 1 0 0 0 0 0 0 0 0 0 0 0 0 0 0 0 0 0 0 0 0 0 0 0 0 0 0 0 0 0 0 0 0 0 0 
0 1 0 0 0 32 0 0 0 0 0 0 0 0 0 0 0 0 0 0 0 0 0 0 67 0 0 0 52 0 0 485 0 0 0 0 0 0 0 0 0 0 0 0 0 0 0 0 0 0 0 0 0 0 0 0 0 0 0 0 0 0 0 0 0 0 0 0 11 0 0 0 0 0 0 0 0 0 0 0 0 0 0 0 0 0 0 0 0 0 0 0 0 0 0 0 0 0 0 0 0 0 0 0 0 0 0 0 0 0 0 0 0 0 0 0 0 0 0 0 0 0 0 0 0 0 0 0 0 
0 2 0 0 2 74 0 0 1 0 0 0 0 0 0 0 1 0 0 2 0 0 70 0 175 88 0 0 65 0 0 1345 0 0 0 71 1 0 0 0 0 0 0 0 2 0 0 0 0 0 0 0 0 0 0 0 0 0 0 0 0 0 0 0 0 0 0 0 12 0 0 0 0 0 0 0 13 0 0 0 0 0 0 0 0 0 0 0 0 0 0 0 0 0 0 0 0 0 0 0 0 0 0 0 0 0 0 0 0 0 0 0 0 0 0 0 0 0 0 0 0 0 0 0 0 0 0 0 0 
0 8 0 0 19 254 0 0 22 0 7 0 0 0 0 0 42 0 0 94 0 0 1270 0 520 881 0 0 337 0 28 4050 0 0 0 533 19 0 0 0 0 0 0 9 66 0 0 6 0 0 0 0 5 0 0 0 0 0 0 0 6 0 0 25 0 0 217 0 33 0 12 0 0 0 175 0 104 0 8 0 0 0 0 0 0 1 0 0 0 0 0 4 0 0 0 23 0 0 0 3 0 0 0 1 0 4 0 0 0 0 0 0 0 0 0 2 0 0 0 0 0 0 0 0 0 0 0 0 0 
0 5 0 0 7 154 0 0 7 0 3 0 0 0 0 0 15 0 0 16 0 0 407 0 361 313 0 0 467 0 3 2336 0 0 0 184 3 0 0 0 0 0 0 2 14 0 0 1 0 0 0 0 1 0 0 0 0 0 0 0 0 0 0 5 0 0 91 0 62 0 2 0 0 0 65 0 35 0 5 0 0 0 0 0 0 1 0 0 0 0 0 1 0 0 0 11 0 0 0 1 0 0 0 0 0 0 0 0 0 0 0 0 0 0 0 0 0 0 0 0 0 0 0 0 0 0 0 0 0 
0 1 0 0 0 32 0 0 0 0 0 0 0 0 0 0 0 0 0 0 0 0 0 0 67 0 0 0 52 0 0 485 0 0 0 0 0 0 0 0 0 0 0 0 0 0 0 0 0 0 0 0 0 0 0 0 0 0 0 0 0 0 0 0 0 0 0 0 11 0 0 0 0 0 0 0 0 0 0 0 0 0 0 0 0 0 0 0 0 0 0 0 0 0 0 0 0 0 0 0 0 0 0 0 0 0 0 0 0 0 0 0 0 0 0 0 0 0 0 0 0 0 0 0 0 0 0 0 0 
0 5 0 0 16 177 0 0 7 0 3 0 0 0 0 0 33 0 0 31 0 0 412 0 385 654 0 0 399 0 3 3301 0 0 0 562 21 0 0 0 0 0 0 2 21 0 0 3 0 0 0 0 4 0 0 0 0 0 0 0 8 0 0 6 0 0 107 0 66 0 12 0 0 0 94 0 72 0 6 0 0 0 0 0 0 0 0 0 0 0 0 0 0 0 0 24 0 0 0 2 0 0 0 3 0 0 0 0 0 0 0 0 0 0 0 2 0 0 0 0 0 0 0 0 0 1 0 0 0 
64 1 102 46 3 40 1984 193 0 1 0 32 18 180 55 118 3 197 93 0 399 8563 0 9859 84 143 1818 5467 58 186 0 772 39838 1323 1026 93 1 0 295 0 10 20 37 0 0 1036 12 0 7 35 23 35 0 2 0 0 1 33 31 0 2 76 43 0 64 711 0 1670 8 32 0 9 31 860 0 810 27 76 0 0 46 0 0 0 1 0 3 1 0 1 0 0 15 0 148 0 139 0 6 0 14 10 4 0 13 0 22 9 7 0 1 3 0 2 11 0 0 4 0 0 0 0 0 0 0 0 5 0 2 
0 4 0 0 8 224 0 0 6 0 0 0 0 0 0 0 10 0 0 18 0 0 581 0 463 379 0 0 473 0 4 6806 0 0 0 411 8 0 0 0 0 0 0 3 44 0 0 2 0 0 0 0 2 0 0 0 0 0 0 0 1 0 0 0 0 0 0 0 97 0 0 0 0 0 0 0 75 0 0 0 0 0 0 0 0 0 0 0 0 0 0 0 0 0 0 0 0 0 0 0 0 0 0 0 0 0 0 0 0 0 0 0 0 0 0 0 0 0 0 0 0 0 0 0 0 0 0 0 0 
0 5 0 0 5 291 0 0 7 0 3 0 0 0 0 0 4 0 0 12 0 0 680 0 654 214 0 0 489 0 4 9716 0 0 0 195 1 0 0 0 0 0 0 1 60 0 0 0 0 0 0 0 1 0 0 0 0 0 0 0 1 0 0 3 0 0 128 0 123 0 2 0 0 0 121 0 29 0 2 0 0 0 0 0 0 0 0 0 0 0 0 1 0 0 0 56 0 0 0 2 0 0 0 1 0 2 0 0 0 0 0 0 0 0 0 0 0 0 0 0 0 0 0 0 0 0 0 0 0 
0 6 0 0 6 360 0 0 8 0 7 0 0 0 0 0 8 0 0 13 0 0 777 0 754 129 0 0 467 0 2 12482 0 0 0 284 2 0 0 0 0 0 0 3 68 0 0 0 0 0 0 0 2 0 0 0 0 0 0 0 0 0 0 10 0 0 363 0 124 0 4 0 0 0 338 0 26 0 7 0 0 0 0 0 0 0 0 0 0 0 0 2 0 0 0 91 0 0 0 2 0 0 0 1 0 4 0 0 0 0 0 0 0 0 0 0 0 0 0 0 0 0 0 0 0 2 0 0 0 
0 3 0 0 12 159 0 0 1 0 2 0 0 0 0 0 25 0 0 7 0 0 103 0 387 363 0 0 272 0 0 4175 0 0 0 525 23 0 0 0 0 0 0 1 6 0 0 0 0 0 0 0 5 0 0 0 0 0 0 0 4 0 0 0 0 0 100 0 50 0 6 0 0 0 69 0 80 0 6 0 0 0 0 0 0 0 0 0 0 0 0 1 0 0 0 16 0 0 0 1 0 0 0 1 0 0 0 0 0 0 0 0 0 0 0 1 0 0 0 0 0 0 0 0 0 0 0 0 0 
0 3 0 0 4 169 0 0 3 0 0 0 0 0 0 0 7 0 0 8 0 0 288 0 403 168 0 0 240 0 1 4693 0 0 0 185 2 0 0 0 0 0 0 0 25 0 0 0 0 0 0 0 2 0 0 0 0 0 0 0 1 0 0 0 0 0 0 0 52 0 0 0 0 0 0 0 52 0 0 0 0 0 0 0 0 0 0 0 0 0 0 0 0 0 0 0 0 0 0 0 0 0 0 0 0 0 0 0 0 0 0 0 0 0 0 0 0 0 0 0 0 0 0 0 0 0 0 0 0 
0 5 0 0 11 279 0 0 9 0 1 0 0 0 0 0 27 0 0 34 0 0 849 0 569 570 0 0 519 0 7 9400 0 0 0 420 6 0 0 0 0 0 0 1 77 0 0 2 0 0 0 0 4 0 0 0 0 0 0 0 4 0 0 3 0 0 79 0 103 0 1 0 0 0 25 0 62 0 4 0 0 0 0 0 0 0 0 0 0 0 0 0 0 0 0 4 0 0 0 0 0 0 0 0 0 0 0 0 0 0 0 0 0 0 0 0 0 0 0 0 0 0 0 0 0 0 0 0 0 
0 3 0 0 6 179 0 0 3 0 0 0 0 0 0 0 16 0 0 9 0 0 294 0 409 304 0 0 386 0 1 5910 0 0 0 276 4 0 0 0 0 0 0 1 32 0 0 1 0 0 0 0 2 0 0 0 0 0 0 0 0 0 0 0 0 0 0 0 78 0 0 0 0 0 0 0 46 0 0 0 0 0 0 0 0 0 0 0 0 0 0 0 0 0 0 0 0 0 0 0 0 0 0 0 0 0 0 0 0 0 0 0 0 0 0 0 0 0 0 0 0 0 0 0 0 0 0 0 0 
0 3 0 0 6 185 0 0 3 0 0 0 0 0 0 0 16 0 0 9 0 0 301 0 434 252 0 0 299 0 1 6122 0 0 0 293 2 0 0 0 0 0 0 1 34 0 0 1 0 0 0 0 3 0 0 0 0 0 0 0 2 0 0 0 0 0 0 0 67 0 0 0 0 0 0 0 48 0 0 0 0 0 0 0 0 0 0 0 0 0 0 0 0 0 0 0 0 0 0 0 0 0 0 0 0 0 0 0 0 0 0 0 0 0 0 0 0 0 0 0 0 0 0 0 0 0 0 0 0 
0 2 0 0 6 105 0 0 0 0 1 0 0 0 0 0 14 0 0 0 0 0 0 0 278 192 0 0 144 0 0 2766 0 0 0 227 7 0 0 0 0 0 0 0 0 0 0 0 0 0 0 0 4 0 0 0 0 0 0 0 3 0 0 0 0 0 55 0 28 0 1 0 0 0 36 0 46 0 5 0 0 0 0 0 0 0 0 0 0 0 0 0 0 0 0 7 0 0 0 0 0 0 0 0 0 0 0 0 0 0 0 0 0 0 0 0 0 0 0 0 0 0 0 0 0 0 0 0 0 
0 4 0 0 8 272 0 0 5 0 1 0 0 0 0 0 20 0 0 15 0 0 593 0 576 337 0 0 507 0 2 9649 0 0 0 422 4 0 0 0 0 0 0 2 59 0 0 1 0 0 0 0 5 0 0 0 0 0 0 0 3 0 0 2 0 0 48 0 118 0 0 0 0 0 27 0 51 0 2 0 0 0 0 0 0 0 0 0 0 0 0 0 0 0 0 13 0 0 0 1 0 0 0 1 0 0 0 0 0 0 0 0 0 0 0 1 0 0 0 0 0 0 0 0 0 0 0 0 0 
0 5 0 0 12 187 0 0 8 0 2 0 0 0 0 0 34 0 0 32 0 0 516 0 455 476 0 0 252 0 5 3939 0 0 0 366 8 0 0 0 0 0 0 2 23 0 0 1 0 0 0 0 4 0 0 0 0 0 0 0 3 0 0 4 0 0 83 0 40 0 2 0 0 0 71 0 65 0 6 0 0 0 0 0 0 0 0 0 0 0 0 1 0 0 0 14 0 0 0 1 0 0 0 1 0 0 0 0 0 0 0 0 0 0 0 1 0 0 0 0 0 0 0 0 0 0 0 0 0 
0 4 0 0 7 240 0 0 6 0 0 0 0 0 0 0 15 0 0 18 0 0 624 0 550 286 0 0 387 0 4 8365 0 0 0 224 3 0 0 0 0 0 0 3 47 0 0 0 0 0 0 0 3 0 0 0 0 0 0 0 4 0 0 0 0 0 0 0 129 0 0 0 0 0 0 0 53 0 0 0 0 0 0 0 0 0 0 0 0 0 0 0 0 0 0 0 0 0 0 0 0 0 0 0 0 0 0 0 0 0 0 0 0 0 0 0 0 0 0 0 0 0 0 0 0 0 0 0 0 
0 6 0 0 10 380 0 0 11 0 4 0 0 0 0 0 15 0 0 29 0 0 1190 0 672 409 0 0 596 0 8 14516 0 0 0 477 4 0 0 0 0 0 0 4 104 0 0 1 0 0 0 0 6 0 0 0 0 0 0 0 2 0 0 8 0 0 213 0 173 0 4 0 0 0 206 0 54 0 6 0 0 0 0 0 0 0 0 0 0 0 0 2 0 0 0 39 0 0 0 3 0 0 0 1 0 2 0 0 0 0 0 0 0 0 0 1 0 0 0 0 0 0 0 0 0 0 0 0 0 
0 6 0 0 12 377 0 0 14 0 1 0 0 0 0 0 25 0 0 49 0 0 1431 0 662 436 0 0 546 0 16 12599 0 0 0 621 20 0 0 0 0 0 0 6 144 0 0 2 0 0 0 0 4 0 0 0 0 0 0 0 3 0 0 4 0 0 79 0 137 0 0 0 0 0 37 0 92 0 1 0 0 0 0 0 0 0 0 0 0 0 0 0 0 0 0 22 0 0 0 1 0 0 0 0 0 0 0 0 0 0 0 0 0 0 0 0 0 0 0 0 0 0 0 0 0 0 0 0 0 
0 3 0 0 5 190 0 0 3 0 0 0 0 0 0 0 12 0 0 10 0 0 314 0 446 211 0 0 219 0 1 6333 0 0 0 274 2 0 0 0 0 0 0 0 33 0 0 0 0 0 0 0 2 0 0 0 0 0 0 0 0 0 0 0 0 0 0 0 51 0 0 0 0 0 0 0 41 0 0 0 0 0 0 0 0 0 0 0 0 0 0 0 0 0 0 0 0 0 0 0 0 0 0 0 0 0 0 0 0 0 0 0 0 0 0 0 0 0 0 0 0 0 0 0 0 0 0 0 0 
0 6 0 0 6 414 0 0 9 0 6 0 0 0 0 0 10 0 0 15 0 0 1045 0 766 190 0 0 578 0 5 15599 0 0 0 383 2 0 0 0 0 0 0 3 116 0 0 0 0 0 0 0 3 0 0 0 0 0 0 0 0 0 0 8 0 0 307 0 143 0 4 0 0 0 313 0 31 0 5 0 0 0 0 0 0 0 0 0 0 0 0 2 0 0 0 85 0 0 0 2 0 0 0 1 0 3 0 0 0 0 0 0 0 0 0 0 0 0 0 0 0 0 0 0 0 2 0 0 0 
0 6 0 0 15 336 0 0 8 0 7 0 0 0 0 0 23 0 0 29 0 0 773 0 605 698 0 0 582 0 5 11269 0 0 0 584 19 0 0 0 0 0 0 6 126 0 0 2 0 0 0 0 2 0 0 0 0 0 0 0 6 0 0 4 0 0 372 0 141 0 8 0 0 0 170 0 95 0 20 0 0 0 0 0 0 0 0 0 0 0 0 4 0 0 0 52 0 0 0 3 0 0 0 2 0 5 0 0 0 0 0 0 0 0 0 3 0 0 0 0 0 0 0 0 0 2 0 0 0 
0 4 0 0 6 173 0 0 4 0 2 0 0 0 0 0 24 0 0 11 0 0 379 0 435 208 0 0 216 0 1 5668 0 0 0 241 2 0 0 0 0 0 0 1 24 0 0 1 0 0 0 0 2 0 0 0 0 0 0 0 0 0 0 2 0 0 84 0 49 0 3 0 0 0 5 0 38 0 2 0 0 0 0 0 0 0 0 0 0 0 0 1 0 0 0 1 0 0 0 0 0 0 0 0 0 0 0 0 0 0 0 0 0 0 0 0 0 0 0 0 0 0 0 0 0 0 0 0 0 
4 3 0 8 6 91 6 8 3 0 0 0 4 0 0 16 20 0 18 11 15 411 167 22 271 276 251 0 145 5 1 2112 4 0 7 97 4 5 0 0 0 0 0 1 7 1 0 0 0 0 0 0 1 0 0 0 0 0 0 0 0 0 6 0 1 113 0 0 31 8 0 0 0 0 0 10 30 0 0 6 0 0 0 0 0 0 0 0 0 0 0 0 0 1 1 0 0 0 0 0 0 0 0 0 0 0 0 0 0 0 0 0 0 0 0 0 0 0 0 0 0 0 0 0 0 0 0 0 0 
0 7 0 0 15 459 0 0 17 0 4 0 0 0 0 0 22 0 0 59 0 0 1841 0 750 471 0 0 770 0 18 16036 0 0 0 778 21 0 0 0 0 0 0 17 186 0 0 4 0 0 0 0 4 0 0 0 0 0 0 0 5 0 0 14 0 0 248 0 174 0 2 0 0 0 140 0 104 0 5 0 0 0 0 0 0 1 0 0 0 0 0 0 0 0 0 70 0 0 0 2 0 0 0 1 0 2 0 0 0 0 0 0 0 0 0 0 0 0 0 0 0 0 0 0 0 0 0 0 0 
0 3 0 0 11 165 0 0 3 0 0 0 0 0 0 0 28 0 0 18 0 0 253 0 370 434 0 0 352 0 1 4630 0 0 0 536 19 0 0 0 0 0 0 4 37 0 0 0 0 0 0 0 4 0 0 0 0 0 0 0 5 0 0 0 0 0 0 0 69 0 0 0 0 0 0 0 88 0 0 0 0 0 0 0 0 0 0 0 0 0 0 0 0 0 0 0 0 0 0 0 0 0 0 0 0 0 0 0 0 0 0 0 0 0 0 0 0 0 0 0 0 0 0 0 0 0 0 0 0 
0 4 0 0 4 293 0 0 6 0 0 0 0 0 0 0 6 0 0 10 0 0 693 0 603 159 0 0 557 0 4 11351 0 0 0 201 1 0 0 0 0 0 0 2 92 0 0 0 0 0 0 0 1 0 0 0 0 0 0 0 0 0 0 0 0 0 0 0 186 0 0 0 0 0 0 0 33 0 0 0 0 0 0 0 0 0 0 0 0 0 0 0 0 0 0 0 0 0 0 0 0 0 0 0 0 0 0 0 0 0 0 0 0 0 0 0 0 0 0 0 0 0 0 0 0 0 0 0 0 
0 9 0 0 16 529 0 0 26 0 13 0 0 0 0 0 21 0 0 63 0 0 2506 0 743 508 0 0 672 0 29 17132 0 0 0 788 17 0 0 0 0 0 0 17 288 0 0 4 0 0 0 0 3 0 0 0 0 0 0 0 2 0 0 53 0 0 629 0 160 0 18 0 0 0 584 0 67 0 22 0 0 0 0 0 0 3 0 0 0 0 0 7 0 0 0 134 0 0 0 7 0 0 0 4 0 12 0 0 0 0 0 0 0 0 0 4 0 0 1 0 0 0 0 0 0 1 0 0 0 
0 4 0 0 12 210 0 0 5 0 1 0 0 0 0 0 31 0 0 24 0 0 461 0 447 449 0 0 393 0 2 5887 0 0 0 599 20 0 0 0 0 0 0 3 39 0 0 1 0 0 0 0 4 0 0 0 0 0 0 0 4 0 0 2 0 0 60 0 69 0 7 0 0 0 20 0 106 0 1 0 0 0 0 0 0 0 0 0 0 0 0 0 0 0 0 4 0 0 0 0 0 0 0 0 0 0 0 0 0 0 0 0 0 0 0 0 0 0 0 0 0 0 0 0 0 0 0 0 0 
0 6 0 0 11 301 0 0 13 0 2 0 0 0 0 0 14 0 0 44 0 0 1068 0 601 439 0 0 447 0 13 7626 0 0 0 448 7 0 0 0 0 0 0 3 111 0 0 1 0 0 0 0 2 0 0 0 0 0 0 0 4 0 0 6 0 0 96 0 95 0 3 0 0 0 71 0 104 0 2 0 0 0 0 0 0 0 0 0 0 0 0 0 0 0 0 23 0 0 0 0 0 0 0 1 0 1 0 0 0 0 0 0 0 0 0 0 0 0 0 0 0 0 0 0 0 0 0 0 0 
0 5 0 0 16 261 0 0 7 0 3 0 0 0 0 0 33 0 0 35 0 0 605 0 517 687 0 0 506 0 3 7816 0 0 0 786 22 0 0 0 0 0 0 4 47 0 0 1 0 0 0 0 4 0 0 0 0 0 0 0 5 0 0 5 0 0 205 0 76 0 12 0 0 0 95 0 118 0 9 0 0 0 0 0 0 1 0 0 0 0 0 0 0 0 0 21 0 0 0 0 0 0 0 1 0 1 0 0 0 0 0 0 0 0 0 2 0 0 0 0 0 0 0 0 0 0 0 0 0 
0 7 0 0 14 366 0 0 13 0 8 0 0 0 0 0 22 0 0 40 0 0 1218 0 662 700 0 0 788 0 9 12061 0 0 0 432 9 0 0 0 0 0 0 7 126 0 0 1 0 0 0 0 7 0 0 0 0 0 0 0 4 0 0 13 0 0 526 0 184 0 6 0 0 0 115 0 68 0 15 0 0 0 0 0 0 2 0 0 0 0 0 10 0 0 0 37 0 0 0 7 0 0 0 1 0 0 0 0 0 0 0 0 0 0 0 4 0 0 0 0 0 0 0 0 0 1 0 0 0 
0 2 0 0 3 107 0 0 1 0 0 0 0 0 0 0 6 0 0 3 0 0 81 0 310 135 0 0 207 0 0 2845 0 0 0 125 1 0 0 0 0 0 0 0 13 0 0 0 0 0 0 0 1 0 0 0 0 0 0 0 0 0 0 0 0 0 0 0 54 0 0 0 0 0 0 0 26 0 0 0 0 0 0 0 0 0 0 0 0 0 0 0 0 0 0 0 0 0 0 0 0 0 0 0 0 0 0 0 0 0 0 0 0 0 0 0 0 0 0 0 0 0 0 0 0 0 0 0 0 
0 5 0 0 12 269 0 0 8 0 2 0 0 0 0 0 15 0 0 31 0 0 721 0 561 446 0 0 495 0 5 7868 0 0 0 555 10 0 0 0 0 0 0 6 45 0 0 1 0 0 0 0 4 0 0 0 0 0 0 0 3 0 0 4 0 0 115 0 103 0 4 0 0 0 96 0 112 0 0 0 0 0 0 0 0 0 0 0 0 0 0 0 0 0 0 24 0 0 0 1 0 0 0 1 0 1 0 0 0 0 0 0 0 0 0 2 0 0 0 0 0 0 0 0 0 0 0 0 0 
0 8 0 0 15 405 0 0 21 0 7 0 0 0 0 0 32 0 0 73 0 0 1877 0 762 681 0 0 550 0 23 13127 0 0 0 511 10 0 0 0 0 0 0 4 140 0 0 3 0 0 0 0 4 0 0 0 0 0 0 0 4 0 0 24 0 0 353 0 124 0 7 0 0 0 183 0 74 0 10 0 0 0 0 0 0 2 0 0 0 0 0 1 0 0 0 68 0 0 0 3 0 0 0 1 0 6 0 0 0 0 0 0 0 0 0 1 0 0 0 0 0 0 0 0 0 0 0 0 0 
0 2 0 0 5 87 0 0 1 0 0 0 0 0 0 0 13 0 0 4 0 0 80 0 244 181 0 0 122 0 0 2193 0 0 0 120 5 0 0 0 0 0 0 1 3 0 0 0 0 0 0 0 1 0 0 0 0 0 0 0 1 0 0 0 0 0 0 0 36 0 0 0 0 0 0 0 39 0 0 0 0 0 0 0 0 0 0 0 0 0 0 0 0 0 0 0 0 0 0 0 0 0 0 0 0 0 0 0 0 0 0 0 0 0 0 0 0 0 0 0 0 0 0 0 0 0 0 0 0 
0 6 0 0 13 342 0 0 12 0 3 0 0 0 0 0 13 0 0 33 0 0 1099 0 620 608 0 0 763 0 10 11591 0 0 0 510 10 0 0 0 0 0 0 13 90 0 0 6 0 0 0 0 3 0 0 0 0 0 0 0 2 0 0 9 0 0 247 0 171 0 2 0 0 0 105 0 84 0 6 0 0 0 0 0 0 0 0 0 0 0 0 0 0 0 0 34 0 0 0 2 0 0 0 1 0 0 0 0 0 0 0 0 0 0 0 1 0 0 0 0 0 0 0 0 0 1 0 0 0 
0 7 0 0 14 383 0 0 14 0 8 0 0 0 0 0 26 0 0 40 0 0 1294 0 708 593 0 0 682 0 10 12033 0 0 0 608 16 0 0 0 0 0 0 14 135 0 0 2 0 0 0 0 3 0 0 0 0 0 0 0 5 0 0 17 0 0 316 0 144 0 7 0 0 0 310 0 73 0 9 0 0 0 0 0 0 1 0 0 0 0 0 3 0 0 0 92 0 0 0 5 0 0 0 3 0 7 0 0 0 0 0 0 0 0 0 4 0 0 1 0 0 0 0 0 0 1 0 0 0 
0 4 0 0 11 212 0 0 5 0 1 0 0 0 0 0 28 0 0 23 0 0 454 0 469 454 0 0 351 0 2 6479 0 0 0 421 9 0 0 0 0 0 0 3 38 0 0 1 0 0 0 0 5 0 0 0 0 0 0 0 4 0 0 2 0 0 48 0 78 0 0 0 0 0 27 0 65 0 2 0 0 0 0 0 0 0 0 0 0 0 0 0 0 0 0 13 0 0 0 1 0 0 0 1 0 0 0 0 0 0 0 0 0 0 0 1 0 0 0 0 0 0 0 0 0 0 0 0 0 
0 4 0 0 9 240 0 0 4 0 3 0 0 0 0 0 27 0 0 13 0 0 422 0 523 389 0 0 463 0 1 7745 0 0 0 440 13 0 0 0 0 0 0 2 45 0 0 1 0 0 0 0 3 0 0 0 0 0 0 0 3 0 0 3 0 0 117 0 97 0 4 0 0 0 153 0 66 0 8 0 0 0 0 0 0 1 0 0 0 0 0 0 0 0 0 24 0 0 0 0 0 0 0 0 0 1 0 0 0 0 0 0 0 0 0 0 0 0 0 0 0 0 0 0 0 0 0 0 0 
0 4 0 0 10 235 0 0 4 0 2 0 0 0 0 0 21 0 0 17 0 0 386 0 508 453 0 0 434 0 0 8138 0 0 0 322 12 0 0 0 0 0 0 2 41 0 0 1 0 0 0 0 6 0 0 0 0 0 0 0 4 0 0 4 0 0 145 0 112 0 1 0 0 0 55 0 63 0 7 0 0 0 0 0 0 0 0 0 0 0 0 0 0 0 0 17 0 0 0 2 0 0 0 0 0 0 0 0 0 0 0 0 0 0 0 0 0 0 0 0 0 0 0 0 0 0 0 0 0 
0 4 0 0 13 195 0 0 5 0 1 0 0 0 0 0 30 0 0 22 0 0 390 0 413 595 0 0 479 0 2 5050 0 0 0 554 16 0 0 0 0 0 0 5 48 0 0 2 0 0 0 0 4 0 0 0 0 0 0 0 5 0 0 2 0 0 18 0 84 0 3 0 0 0 53 0 93 0 6 0 0 0 0 0 0 0 0 0 0 0 0 0 0 0 0 12 0 0 0 0 0 0 0 0 0 0 0 0 0 0 0 0 0 0 0 0 0 0 0 0 0 0 0 0 0 0 0 0 0 
42 5 154 174 9 240 822 94 5 5 5 39 31 240 369 296 7 277 306 16 117 4460 471 3102 412 338 8253 4762 235 80 1 6392 10128 2700 2884 420 7 147 319 0 65 36 31 0 20 262 36 2 21 160 157 142 1 5 11 6 2 77 109 143 1 69 64 3 19 1511 212 1151 41 25 8 104 22 1374 167 943 81 87 4 54 74 2 0 0 0 1 1 13 1 0 1 1 21 1 126 35 164 29 14 0 17 37 35 0 15 4 15 7 17 2 0 1 5 11 24 2 23 7 0 1 0 2 0 0 0 0 3 6 7 
0 7 0 0 14 433 0 0 18 0 3 0 0 0 0 0 21 0 0 60 0 0 1864 0 759 498 0 0 668 0 21 13837 0 0 0 733 16 0 0 0 0 0 0 9 192 0 0 2 0 0 0 0 5 0 0 0 0 0 0 0 6 0 0 13 0 0 152 0 154 0 6 0 0 0 129 0 110 0 7 0 0 0 0 0 0 0 0 0 0 0 0 0 0 0 0 32 0 0 0 0 0 0 0 1 0 1 0 0 0 0 0 0 0 0 0 0 0 0 0 0 0 0 0 0 0 0 0 0 0 
0 4 0 0 6 192 0 0 4 0 2 0 0 0 0 0 7 0 0 9 0 0 287 0 476 294 0 0 439 0 1 4790 0 0 0 235 2 0 0 0 0 0 0 0 42 0 0 1 0 0 0 0 1 0 0 0 0 0 0 0 2 0 0 2 0 0 53 0 83 0 3 0 0 0 89 0 50 0 2 0 0 0 0 0 0 0 0 0 0 0 0 0 0 0 0 31 0 0 0 1 0 0 0 1 0 1 0 0 0 0 0 0 0 0 0 0 0 0 0 0 0 0 0 0 0 0 0 0 0 
0 4 0 0 9 193 0 0 5 0 2 0 0 0 0 0 15 0 0 20 0 0 409 0 417 535 0 0 398 0 2 4854 0 0 0 296 7 0 0 0 0 0 0 1 42 0 0 0 0 0 0 0 2 0 0 0 0 0 0 0 1 0 0 4 0 0 81 0 76 0 3 0 0 0 81 0 80 0 3 0 0 0 0 0 0 0 0 0 0 0 0 0 0 0 0 4 0 0 0 1 0 0 0 1 0 0 0 0 0 0 0 0 0 0 0 2 0 0 0 0 0 0 0 0 0 0 0 0 0 
0 6 0 0 16 270 0 0 11 0 5 0 0 0 0 0 31 0 0 42 0 0 864 0 519 789 0 0 557 0 6 6812 0 0 0 681 16 0 0 0 0 0 0 8 58 0 0 4 0 0 0 0 7 0 0 0 0 0 0 0 7 0 0 15 0 0 202 0 94 0 12 0 0 0 168 0 108 0 13 0 0 0 0 0 0 1 0 0 0 0 0 0 0 0 0 39 0 0 0 1 0 0 0 1 0 2 0 0 0 0 0 0 0 0 0 1 0 0 0 0 0 0 0 0 0 0 0 0 0 
0 6 0 0 14 368 0 0 11 0 5 0 0 0 0 0 22 0 0 39 0 0 1039 0 637 584 0 0 654 0 8 12124 0 0 0 681 21 0 0 0 0 0 0 14 158 0 0 3 0 0 0 0 5 0 0 0 0 0 0 0 5 0 0 11 0 0 244 0 164 0 4 0 0 0 185 0 88 0 5 0 0 0 0 0 0 0 0 0 0 0 0 1 0 0 0 68 0 0 0 3 0 0 0 1 0 2 0 0 0 0 0 0 0 0 0 2 0 0 1 0 0 0 0 0 0 1 0 0 0 
0 4 0 0 9 208 0 0 5 0 1 0 0 0 0 0 20 0 0 18 0 0 435 0 517 316 0 0 321 0 2 5345 0 0 0 412 13 0 0 0 0 0 0 1 45 0 0 0 0 0 0 0 4 0 0 0 0 0 0 0 3 0 0 2 0 0 35 0 78 0 2 0 0 0 47 0 62 0 6 0 0 0 0 0 0 0 0 0 0 0 0 0 0 0 0 8 0 0 0 0 0 0 0 0 0 0 0 0 0 0 0 0 0 0 0 0 0 0 0 0 0 0 0 0 0 0 0 0 0 
0 5 0 0 10 302 0 0 6 0 6 0 0 0 0 0 19 0 0 24 0 0 637 0 603 408 0 0 495 0 2 10204 0 0 0 414 14 0 0 0 0 0 0 2 59 0 0 0 0 0 0 0 3 0 0 0 0 0 0 0 2 0 0 7 0 0 327 0 135 0 9 0 0 0 213 0 81 0 11 0 0 0 0 0 0 1 0 0 0 0 0 2 0 0 0 36 0 0 0 3 0 0 0 2 0 3 0 0 0 0 0 0 0 0 0 0 0 0 0 0 0 0 0 0 0 2 0 0 0 
0 3 0 0 3 250 0 0 3 0 0 0 0 0 0 0 10 0 0 5 0 0 383 0 535 123 0 0 381 0 1 10537 0 0 0 203 1 0 0 0 0 0 0 1 58 0 0 0 0 0 0 0 2 0 0 0 0 0 0 0 0 0 0 0 0 0 0 0 138 0 0 0 0 0 0 0 28 0 0 0 0 0 0 0 0 0 0 0 0 0 0 0 0 0 0 0 0 0 0 0 0 0 0 0 0 0 0 0 0 0 0 0 0 0 0 0 0 0 0 0 0 0 0 0 0 0 0 0 0 
0 2 0 0 5 96 0 0 1 0 0 0 0 0 0 0 15 0 0 3 0 0 89 0 281 198 0 0 199 0 0 2441 0 0 0 153 2 0 0 0 0 0 0 2 3 0 0 0 0 0 0 0 3 0 0 0 0 0 0 0 4 0 0 0 0 0 0 0 40 0 0 0 0 0 0 0 40 0 0 0 0 0 0 0 0 0 0 0 0 0 0 0 0 0 0 0 0 0 0 0 0 0 0 0 0 0 0 0 0 0 0 0 0 0 0 0 0 0 0 0 0 0 0 0 0 0 0 0 0 
0 4 0 0 6 171 0 0 6 0 0 0 0 0 0 0 11 0 0 14 0 0 463 0 468 277 0 0 143 0 4 4028 0 0 0 169 3 0 0 0 0 0 0 0 25 0 0 2 0 0 0 0 1 0 0 0 0 0 0 0 1 0 0 0 0 0 0 0 38 0 0 0 0 0 0 0 35 0 0 0 0 0 0 0 0 0 0 0 0 0 0 0 0 0 0 0 0 0 0 0 0 0 0 0 0 0 0 0 0 0 0 0 0 0 0 0 0 0 0 0 0 0 0 0 0 0 0 0 0 
0 6 0 0 18 278 0 0 12 0 3 0 0 0 0 0 32 0 0 51 0 0 923 0 547 844 0 0 676 0 9 6677 0 0 0 748 19 0 0 0 0 0 0 12 92 0 0 5 0 0 0 0 5 0 0 0 0 0 0 0 7 0 0 10 0 0 98 0 121 0 5 0 0 0 107 0 107 0 9 0 0 0 0 0 0 0 0 0 0 0 0 0 0 0 0 33 0 0 0 1 0 0 0 2 0 1 0 0 0 0 0 0 0 0 0 2 0 0 0 0 0 0 0 0 0 0 0 0 0 
0 3 0 0 4 247 0 0 2 0 1 0 0 0 0 0 5 0 0 3 0 0 244 0 512 119 0 0 405 0 0 10272 0 0 0 275 3 0 0 0 0 0 0 2 32 0 0 0 0 0 0 0 2 0 0 0 0 0 0 0 0 0 0 1 0 0 81 0 136 0 0 0 0 0 64 0 37 0 2 0 0 0 0 0 0 0 0 0 0 0 0 0 0 0 0 19 0 0 0 1 0 0 0 0 0 0 0 0 0 0 0 0 0 0 0 0 0 0 0 0 0 0 0 0 0 0 0 0 0 
0 6 0 0 12 305 0 0 12 0 3 0 0 0 0 0 19 0 0 41 0 0 994 0 627 649 0 0 638 0 9 8663 0 0 0 468 9 0 0 0 0 0 0 3 98 0 0 3 0 0 0 0 4 0 0 0 0 0 0 0 5 0 0 10 0 0 130 0 102 0 5 0 0 0 126 0 80 0 3 0 0 0 0 0 0 0 0 0 0 0 0 0 0 0 0 38 0 0 0 1 0 0 0 1 0 1 0 0 0 0 0 0 0 0 0 0 0 0 0 0 0 0 0 0 0 0 0 0 0 
0 4 0 0 11 293 0 0 4 0 3 0 0 0 0 0 26 0 0 16 0 0 471 0 561 338 0 0 366 0 1 10695 0 0 0 700 13 0 0 0 0 0 0 2 56 0 0 0 0 0 0 0 3 0 0 0 0 0 0 0 3 0 0 3 0 0 208 0 82 0 9 0 0 0 190 0 93 0 10 0 0 0 0 0 0 0 0 0 0 0 0 1 0 0 0 21 0 0 0 1 0 0 0 1 0 1 0 0 0 0 0 0 0 0 0 0 0 0 0 0 0 0 0 0 0 0 0 0 0 
44 6 78 224 12 207 942 90 12 3 3 4 36 135 193 386 20 169 383 40 144 4317 753 3449 455 436 7559 3163 376 81 10 3825 13080 1187 4087 363 11 396 104 0 23 46 18 2 41 198 36 1 2 78 88 105 1 7 6 3 0 25 83 88 2 7 60 8 23 1329 81 160 54 75 6 10 17 132 91 1285 63 5 5 107 20 0 3 0 0 0 5 0 1 0 0 0 1 12 117 13 2 20 22 0 2 3 26 1 18 2 12 0 0 5 0 0 0 6 5 2 18 2 0 1 0 0 2 0 0 0 1 2 0 
0 4 0 0 7 221 0 0 5 0 1 0 0 0 0 0 17 0 0 13 0 0 472 0 490 379 0 0 402 0 2 7839 0 0 0 218 4 0 0 0 0 0 0 3 43 0 0 0 0 0 0 0 4 0 0 0 0 0 0 0 3 0 0 2 0 0 48 0 144 0 0 0 0 0 27 0 36 0 2 0 0 0 0 0 0 0 0 0 0 0 0 0 0 0 0 13 0 0 0 1 0 0 0 1 0 0 0 0 0 0 0 0 0 0 0 1 0 0 0 0 0 0 0 0 0 0 0 0 0 
0 5 0 0 10 226 0 0 5 0 5 0 0 0 0 0 24 0 0 13 0 0 404 0 557 414 0 0 264 0 1 5132 0 0 0 358 6 0 0 0 0 0 0 0 30 0 0 0 0 0 0 0 1 0 0 0 0 0 0 0 4 0 0 5 0 0 204 0 50 0 5 0 0 0 163 0 60 0 11 0 0 0 0 0 0 0 0 0 0 0 0 1 0 0 0 35 0 0 0 1 0 0 0 3 0 1 0 0 0 0 0 0 0 0 0 4 0 0 1 0 0 0 0 0 0 1 0 0 0 
0 8 0 0 18 440 0 0 22 0 6 0 0 0 0 0 27 0 0 73 0 0 2030 0 711 737 0 0 702 0 26 13460 0 0 0 765 20 0 0 0 0 0 0 15 199 0 0 6 0 0 0 0 5 0 0 0 0 0 0 0 8 0 0 24 0 0 269 0 151 0 8 0 0 0 228 0 122 0 16 0 0 0 0 0 0 1 0 0 0 0 0 1 0 0 0 70 0 0 0 2 0 0 0 2 0 4 0 0 0 0 0 0 0 0 0 1 0 0 0 0 0 0 0 0 0 0 0 0 0 
0 7 0 0 14 312 0 0 17 0 4 0 0 0 0 0 36 0 0 62 0 0 1379 0 669 510 0 0 353 0 18 8415 0 0 0 511 8 0 0 0 0 0 0 6 87 0 0 1 0 0 0 0 3 0 0 0 0 0 0 0 4 0 0 14 0 0 142 0 71 0 8 0 0 0 109 0 98 0 6 0 0 0 0 0 0 0 0 0 0 0 0 0 0 0 0 31 0 0 0 0 0 0 0 1 0 3 0 0 0 0 0 0 0 0 0 0 0 0 0 0 0 0 0 0 0 0 0 0 0 
0 4 0 0 6 136 0 0 5 0 1 0 0 0 0 0 19 0 0 14 0 0 283 0 381 242 0 0 185 0 2 2783 0 0 0 158 2 0 0 0 0 0 0 1 15 0 0 0 0 0 0 0 1 0 0 0 0 0 0 0 0 0 0 2 0 0 56 0 33 0 1 0 0 0 26 0 34 0 2 0 0 0 0 0 0 0 0 0 0 0 0 0 0 0 0 6 0 0 0 0 0 0 0 0 0 0 0 0 0 0 0 0 0 0 0 0 0 0 0 0 0 0 0 0 0 0 0 0 0 
33 3 19 87 7 78 522 103 3 0 0 6 12 16 53 175 16 34 222 11 247 4862 145 2810 216 313 2101 489 71 116 1 1634 5285 169 1217 104 5 76 46 0 4 34 5 1 5 220 7 1 0 0 0 0 1 0 0 0 0 0 0 0 1 17 38 0 43 461 0 156 25 15 0 14 2 112 0 318 18 14 0 22 11 0 0 0 0 0 1 0 0 0 0 0 4 1 31 0 15 0 0 0 0 0 0 0 0 0 7 2 4 0 0 0 0 0 0 0 0 0 0 0 0 0 0 0 0 0 0 0 0 
0 6 0 0 19 274 0 0 10 0 6 0 0 0 0 0 44 0 0 53 0 0 761 0 601 622 0 0 391 0 4 6694 0 0 0 844 27 0 0 0 0 0 0 5 56 0 0 1 0 0 0 0 5 0 0 0 0 0 0 0 5 0 0 14 0 0 289 0 73 0 18 0 0 0 214 0 106 0 17 0 0 0 0 0 0 2 0 0 0 0 0 1 0 0 0 50 0 0 0 3 0 0 0 3 0 3 0 0 0 0 0 0 0 0 0 3 0 0 0 0 0 0 0 0 0 0 0 0 0 
0 5 0 0 15 236 0 0 6 0 4 0 0 0 0 0 28 0 0 26 0 0 505 0 531 519 0 0 293 0 2 5627 0 0 0 600 18 0 0 0 0 0 0 2 34 0 0 2 0 0 0 0 4 0 0 0 0 0 0 0 4 0 0 5 0 0 159 0 54 0 9 0 0 0 154 0 98 0 12 0 0 0 0 0 0 0 0 0 0 0 0 2 0 0 0 27 0 0 0 1 0 0 0 2 0 0 0 0 0 0 0 0 0 0 0 2 0 0 0 0 0 0 0 0 0 1 0 0 0 
0 4 0 0 11 259 0 0 5 0 1 0 0 0 0 0 20 0 0 23 0 0 549 0 481 560 0 0 510 0 2 9162 0 0 0 586 11 0 0 0 0 0 0 2 58 0 0 0 0 0 0 0 3 0 0 0 0 0 0 0 2 0 0 2 0 0 76 0 89 0 2 0 0 0 22 0 86 0 2 0 0 0 0 0 0 0 0 0 0 0 0 0 0 0 0 6 0 0 0 0 0 0 0 1 0 0 0 0 0 0 0 0 0 0 0 2 0 0 0 0 0 0 0 0 0 0 0 0 0 
0 6 0 0 11 393 0 0 14 0 1 0 0 0 0 0 21 0 0 35 0 0 1551 0 689 484 0 0 705 0 16 14879 0 0 0 475 6 0 0 0 0 0 0 8 152 0 0 4 0 0 0 0 5 0 0 0 0 0 0 0 4 0 0 4 0 0 48 0 211 0 0 0 0 0 27 0 55 0 2 0 0 0 0 0 0 0 0 0 0 0 0 0 0 0 0 13 0 0 0 1 0 0 0 1 0 0 0 0 0 0 0 0 0 0 0 1 0 0 0 0 0 0 0 0 0 0 0 0 0 
12 8 62 70 9 480 63 13 21 1 8 3 26 81 342 76 11 51 61 32 22 548 2136 119 666 310 3950 495 637 10 21 15819 193 1878 264 406 2 136 268 0 92 7 1 7 232 3 13 2 0 74 56 5 2 1 5 6 1 0 56 58 2 1 20 32 2 1698 410 24 162 25 7 13 13 185 266 205 44 14 6 91 40 1 0 0 0 1 4 0 0 0 0 2 1 25 35 81 3 17 6 4 0 3 6 2 3 4 0 1 8 0 0 0 0 0 3 3 13 0 1 0 0 0 0 0 0 1 0 8 0 
32 3 181 76 6 183 468 75 3 0 0 28 18 394 353 140 4 317 133 8 122 3672 315 1854 324 280 4521 3896 360 69 1 5603 4256 5515 880 237 3 59 358 2 61 20 32 2 25 149 35 1 24 0 0 0 3 0 0 0 3 0 0 0 4 46 33 0 16 1109 0 568 83 25 0 55 64 1631 0 425 80 87 0 30 56 0 0 0 0 0 3 9 0 0 0 0 7 3 52 0 127 0 0 0 0 0 0 0 0 0 3 5 14 0 0 0 0 0 0 0 0 0 0 0 0 0 0 0 0 0 0 0 0 
0 6 0 0 11 342 0 0 12 0 4 0 0 0 0 0 22 0 0 35 0 0 1167 0 628 487 0 0 499 0 10 11027 0 0 0 520 14 0 0 0 0 0 0 5 99 0 0 2 0 0 0 0 3 0 0 0 0 0 0 0 3 0 0 10 0 0 169 0 104 0 5 0 0 0 162 0 63 0 9 0 0 0 0 0 0 1 0 0 0 0 0 1 0 0 0 48 0 0 0 1 0 0 0 0 0 2 0 0 0 0 0 0 0 0 0 0 0 0 0 0 0 0 0 0 0 0 0 0 0 
66 7 160 408 23 263 2125 153 18 2 3 20 50 115 750 1124 33 301 695 90 180 6836 1234 8113 395 803 14920 9392 431 147 21 7105 44537 4326 11648 679 33 919 307 2 74 204 16 11 57 854 68 9 20 26 114 108 4 6 4 9 2 0 46 165 11 47 80 13 62 2125 129 1166 56 139 4 86 22 949 72 2790 97 44 11 234 34 0 0 2 0 0 13 4 0 0 0 0 8 16 205 9 53 13 0 2 0 13 9 0 8 1 33 3 18 1 2 0 0 0 7 2 15 1 0 0 0 0 0 0 0 0 1 2 0 
0 5 0 0 11 306 0 0 7 0 4 0 0 0 0 0 22 0 0 21 0 0 725 0 561 438 0 0 498 0 3 10202 0 0 0 631 13 0 0 0 0 0 0 4 71 0 0 1 0 0 0 0 3 0 0 0 0 0 0 0 4 0 0 7 0 0 188 0 90 0 8 0 0 0 207 0 75 0 12 0 0 0 0 0 0 1 0 0 0 0 0 1 0 0 0 35 0 0 0 0 0 0 0 0 0 1 0 0 0 0 0 0 0 0 0 0 0 0 0 0 0 0 0 0 0 0 0 0 0 
0 4 0 0 6 174 0 0 5 0 1 0 0 0 0 0 12 0 0 13 0 0 419 0 384 339 0 0 458 0 2 4966 0 0 0 264 4 0 0 0 0 0 0 3 22 0 0 1 0 0 0 0 1 0 0 0 0 0 0 0 0 0 0 2 0 0 13 0 51 0 0 0 0 0 39 0 37 0 1 0 0 0 0 0 0 0 0 0 0 0 0 0 0 0 0 3 0 0 0 0 0 0 0 0 0 0 0 0 0 0 0 0 0 0 0 0 0 0 0 0 0 0 0 0 0 0 0 0 0 
0 3 0 0 14 136 0 0 2 0 1 0 0 0 0 0 31 0 0 12 0 0 154 0 292 664 0 0 438 0 0 3261 0 0 0 588 20 0 0 0 0 0 0 4 10 0 0 2 0 0 0 0 7 0 0 0 0 0 0 0 8 0 0 1 0 0 18 0 74 0 3 0 0 0 53 0 86 0 6 0 0 0 0 0 0 0 0 0 0 0 0 0 0 0 0 12 0 0 0 0 0 0 0 0 0 0 0 0 0 0 0 0 0 0 0 0 0 0 0 0 0 0 0 0 0 0 0 0 0 
85 1 176 77 2 24 3526 208 0 0 0 44 7 553 139 136 5 365 159 0 394 9414 0 14793 50 88 1819 13497 87 185 0 261 95273 1955 2890 38 1 0 282 1 13 18 119 0 0 1188 17 0 34 0 0 0 0 0 0 0 5 35 0 0 0 73 11 0 58 162 0 3344 15 12 0 36 50 1041 0 538 9 72 0 0 58 0 0 0 0 0 6 8 0 0 0 0 21 0 21 0 135 0 0 0 8 0 0 0 0 0 2 17 1 0 0 0 0 5 0 0 0 0 0 0 0 0 0 0 0 0 0 0 2 
0 6 0 0 16 291 0 0 11 0 5 0 0 0 0 0 21 0 0 56 0 0 951 0 496 577 0 0 506 0 7 8791 0 0 0 632 21 0 0 0 0 0 0 6 57 0 0 3 0 0 0 0 4 0 0 0 0 0 0 0 4 0 0 13 0 0 294 0 88 0 5 0 0 0 156 0 89 0 7 0 0 0 0 0 0 1 0 0 0 0 0 1 0 0 0 23 0 0 0 0 0 0 0 0 0 2 0 0 0 0 0 0 0 0 0 2 0 0 0 0 0 0 0 0 0 0 0 0 0 
0 3 0 0 10 146 0 0 3 0 0 0 0 0 0 0 14 0 0 16 0 0 263 0 282 419 0 0 390 0 1 4294 0 0 0 450 11 0 0 0 0 0 0 3 13 0 0 1 0 0 0 0 1 0 0 0 0 0 0 0 1 0 0 0 0 0 0 0 71 0 0 0 0 0 0 0 69 0 0 0 0 0 0 0 0 0 0 0 0 0 0 0 0 0 0 0 0 0 0 0 0 0 0 0 0 0 0 0 0 0 0 0 0 0 0 0 0 0 0 0 0 0 0 0 0 0 0 0 0 
0 3 0 0 12 171 0 0 3 0 0 0 0 0 0 0 26 0 0 19 0 0 299 0 364 480 0 0 442 0 1 5442 0 0 0 566 22 0 0 0 0 0 0 5 21 0 0 1 0 0 0 0 4 0 0 0 0 0 0 0 3 0 0 0 0 0 0 0 79 0 0 0 0 0 0 0 73 0 0 0 0 0 0 0 0 0 0 0 0 0 0 0 0 0 0 0 0 0 0 0 0 0 0 0 0 0 0 0 0 0 0 0 0 0 0 0 0 0 0 0 0 0 0 0 0 0 0 0 0 
0 5 0 0 9 259 0 0 8 0 3 0 0 0 0 0 8 0 0 24 0 0 697 0 459 432 0 0 373 0 5 7315 0 0 0 426 5 0 0 0 0 0 0 2 55 0 0 1 0 0 0 0 0 0 0 0 0 0 0 0 1 0 0 6 0 0 123 0 62 0 4 0 0 0 149 0 79 0 6 0 0 0 0 0 0 1 0 0 0 0 0 0 0 0 0 21 0 0 0 0 0 0 0 1 0 1 0 0 0 0 0 0 0 0 0 1 0 0 0 0 0 0 0 0 0 0 0 0 0 
0 4 0 0 12 260 0 0 3 0 4 0 0 0 0 0 26 0 0 13 0 0 338 0 499 461 0 0 392 0 1 9194 0 0 0 674 12 0 0 0 0 0 0 2 26 0 0 1 0 0 0 0 2 0 0 0 0 0 0 0 3 0 0 0 0 0 226 0 65 0 11 0 0 0 242 0 80 0 12 0 0 0 0 0 0 0 0 0 0 0 0 3 0 0 0 33 0 0 0 1 0 0 0 1 0 2 0 0 0 0 0 0 0 0 0 0 0 0 0 0 0 0 0 0 0 0 0 0 0 
0 5 0 0 11 169 0 0 10 0 0 0 0 0 0 0 25 0 0 36 0 0 619 0 368 660 0 0 384 0 10 4428 0 0 0 330 7 0 0 0 0 0 0 4 27 0 0 3 0 0 0 0 1 0 0 0 0 0 0 0 1 0 0 0 0 0 0 0 51 0 0 0 0 0 0 0 36 0 0 0 0 0 0 0 0 0 0 0 0 0 0 0 0 0 0 0 0 0 0 0 0 0 0 0 0 0 0 0 0 0 0 0 0 0 0 0 0 0 0 0 0 0 0 0 0 0 0 0 0 
60 3 138 143 4 128 1750 107 2 1 1 20 34 356 167 189 7 231 206 3 191 4544 143 5573 306 242 5486 7150 244 84 0 3609 33124 3459 3399 81 2 76 260 2 18 22 44 2 3 313 22 1 13 19 69 48 1 2 2 1 1 28 76 36 0 30 62 1 21 2043 71 1032 50 19 0 27 48 866 18 1414 14 38 2 38 26 0 0 0 0 0 10 1 0 0 0 0 3 2 280 8 59 19 26 0 4 7 7 0 3 0 3 6 3 0 0 0 0 11 7 0 1 0 0 1 0 0 0 0 0 0 4 2 0 
0 4 0 0 5 233 0 0 4 0 3 0 0 0 0 0 7 0 0 9 0 0 386 0 503 253 0 0 487 0 1 7966 0 0 0 182 2 0 0 0 0 0 0 2 32 0 0 0 0 0 0 0 1 0 0 0 0 0 0 0 0 0 0 3 0 0 153 0 118 0 3 0 0 0 110 0 21 0 3 0 0 0 0 0 0 0 0 0 0 0 0 1 0 0 0 36 0 0 0 1 0 0 0 0 0 1 0 0 0 0 0 0 0 0 0 0 0 0 0 0 0 0 0 0 0 0 0 0 0 
0 2 0 0 4 88 0 0 0 0 2 0 0 0 0 0 6 0 0 0 0 0 0 0 178 237 0 0 245 0 0 2056 0 0 0 137 1 0 0 0 0 0 0 0 0 0 0 0 0 0 0 0 1 0 0 0 0 0 0 0 1 0 0 0 0 0 74 0 32 0 4 0 0 0 74 0 36 0 4 0 0 0 0 0 0 0 0 0 0 0 0 0 0 0 0 14 0 0 0 0 0 0 0 0 0 0 0 0 0 0 0 0 0 0 0 0 0 0 0 0 0 0 0 0 0 0 0 0 0 
0 3 0 0 8 177 0 0 1 0 3 0 0 0 0 0 25 0 0 5 0 0 117 0 396 351 0 0 362 0 0 5824 0 0 0 395 13 0 0 0 0 0 0 1 15 0 0 0 0 0 0 0 2 0 0 0 0 0 0 0 3 0 0 0 0 0 117 0 65 0 4 0 0 0 153 0 48 0 8 0 0 0 0 0 0 1 0 0 0 0 0 0 0 0 0 24 0 0 0 0 0 0 0 0 0 1 0 0 0 0 0 0 0 0 0 0 0 0 0 0 0 0 0 0 0 0 0 0 0 
0 3 0 0 6 173 0 0 2 0 2 0 0 0 0 0 13 0 0 7 0 0 236 0 363 320 0 0 348 0 0 5608 0 0 0 295 2 0 0 0 0 0 0 1 11 0 0 0 0 0 0 0 2 0 0 0 0 0 0 0 1 0 0 2 0 0 74 0 50 0 4 0 0 0 74 0 46 0 4 0 0 0 0 0 0 0 0 0 0 0 0 0 0 0 0 14 0 0 0 0 0 0 0 0 0 0 0 0 0 0 0 0 0 0 0 0 0 0 0 0 0 0 0 0 0 0 0 0 0 
0 3 0 0 12 132 0 0 2 0 1 0 0 0 0 0 29 0 0 11 0 0 137 0 292 557 0 0 379 0 0 3129 0 0 0 509 16 0 0 0 0 0 0 3 15 0 0 1 0 0 0 0 3 0 0 0 0 0 0 0 5 0 0 1 0 0 18 0 52 0 3 0 0 0 53 0 75 0 6 0 0 0 0 0 0 0 0 0 0 0 0 0 0 0 0 12 0 0 0 0 0 0 0 0 0 0 0 0 0 0 0 0 0 0 0 0 0 0 0 0 0 0 0 0 0 0 0 0 0 
0 4 0 0 9 215 0 0 5 0 2 0 0 0 0 0 20 0 0 22 0 0 463 0 488 322 0 0 415 0 2 6314 0 0 0 383 19 0 0 0 0 0 0 3 34 0 0 0 0 0 0 0 3 0 0 0 0 0 0 0 3 0 0 4 0 0 101 0 91 0 2 0 0 0 101 0 56 0 2 0 0 0 0 0 0 0 0 0 0 0 0 0 0 0 0 12 0 0 0 0 0 0 0 0 0 0 0 0 0 0 0 0 0 0 0 0 0 0 0 0 0 0 0 0 0 0 0 0 0 
0 3 0 0 8 177 0 0 1 0 3 0 0 0 0 0 25 0 0 5 0 0 117 0 396 351 0 0 362 0 0 5824 0 0 0 395 13 0 0 0 0 0 0 1 15 0 0 0 0 0 0 0 2 0 0 0 0 0 0 0 3 0 0 0 0 0 117 0 65 0 4 0 0 0 153 0 48 0 8 0 0 0 0 0 0 1 0 0 0 0 0 0 0 0 0 24 0 0 0 0 0 0 0 0 0 1 0 0 0 0 0 0 0 0 0 0 0 0 0 0 0 0 0 0 0 0 0 0 0 
0 8 0 0 18 438 0 0 22 0 9 0 0 0 0 0 34 0 0 86 0 0 2137 0 728 695 0 0 570 0 29 13405 0 0 0 755 13 0 0 0 0 0 0 12 150 0 0 3 0 0 0 0 4 0 0 0 0 0 0 0 9 0 0 28 0 0 406 0 119 0 13 0 0 0 444 0 145 0 13 0 0 0 0 0 0 3 0 0 0 0 0 6 0 0 0 55 0 0 0 1 0 0 0 2 0 9 0 0 0 0 0 0 0 0 0 1 0 0 0 0 0 0 0 0 0 0 0 0 0 
0 4 0 0 5 164 0 0 5 0 2 0 0 0 0 0 6 0 0 10 0 0 359 0 371 255 0 0 408 0 2 3520 0 0 0 166 1 0 0 0 0 0 0 1 22 0 0 0 0 0 0 0 1 0 0 0 0 0 0 0 1 0 0 4 0 0 74 0 55 0 4 0 0 0 74 0 36 0 4 0 0 0 0 0 0 0 0 0 0 0 0 0 0 0 0 14 0 0 0 0 0 0 0 0 0 0 0 0 0 0 0 0 0 0 0 0 0 0 0 0 0 0 0 0 0 0 0 0 0 
0 7 0 0 22 268 0 0 17 0 4 0 0 0 0 0 44 0 0 86 0 0 1191 0 523 926 0 0 373 0 18 6722 0 0 0 786 24 0 0 0 0 0 0 7 68 0 0 8 0 0 0 0 7 0 0 0 0 0 0 0 8 0 0 14 0 0 116 0 74 0 14 0 0 0 106 0 94 0 10 0 0 0 0 0 0 0 0 0 0 0 0 1 0 0 0 26 0 0 0 1 0 0 0 1 0 2 0 0 0 0 0 0 0 0 0 1 0 0 0 0 0 0 0 0 0 0 0 0 0 
0 3 0 0 10 167 0 0 3 0 0 0 0 0 0 0 21 0 0 18 0 0 286 0 362 420 0 0 281 0 1 5437 0 0 0 405 9 0 0 0 0 0 0 2 23 0 0 0 0 0 0 0 3 0 0 0 0 0 0 0 4 0 0 0 0 0 0 0 62 0 0 0 0 0 0 0 88 0 0 0 0 0 0 0 0 0 0 0 0 0 0 0 0 0 0 0 0 0 0 0 0 0 0 0 0 0 0 0 0 0 0 0 0 0 0 0 0 0 0 0 0 0 0 0 0 0 0 0 0 
0 6 0 0 18 216 0 0 12 0 3 0 0 0 0 0 31 0 0 62 0 0 796 0 428 765 0 0 394 0 9 4189 0 0 0 551 18 0 0 0 0 0 0 2 41 0 0 4 0 0 0 0 4 0 0 0 0 0 0 0 6 0 0 10 0 0 93 0 51 0 9 0 0 0 81 0 140 0 7 0 0 0 0 0 0 0 0 0 0 0 0 0 0 0 0 13 0 0 0 1 0 0 0 1 0 1 0 0 0 0 0 0 0 0 0 0 0 0 0 0 0 0 0 0 0 0 0 0 0 
0 4 0 0 8 187 0 0 5 0 1 0 0 0 0 0 22 0 0 16 0 0 468 0 456 229 0 0 246 0 2 6232 0 0 0 192 6 0 0 0 0 0 0 2 18 0 0 0 0 0 0 0 1 0 0 0 0 0 0 0 1 0 0 2 0 0 26 0 96 0 3 0 0 0 19 0 33 0 3 0 0 0 0 0 0 0 0 0 0 0 0 0 0 0 0 5 0 0 0 0 0 0 0 0 0 0 0 0 0 0 0 0 0 0 0 0 0 0 0 0 0 0 0 0 0 0 0 0 0 
0 3 0 0 7 183 0 0 2 0 1 0 0 0 0 0 15 0 0 11 0 0 191 0 434 262 0 0 322 0 0 6875 0 0 0 215 6 0 0 0 0 0 0 0 8 0 0 0 0 0 0 0 2 0 0 0 0 0 0 0 3 0 0 1 0 0 75 0 105 0 0 0 0 0 33 0 52 0 2 0 0 0 0 0 0 0 0 0 0 0 0 0 0 0 0 25 0 0 0 1 0 0 0 0 0 0 0 0 0 0 0 0 0 0 0 0 0 0 0 0 0 0 0 0 0 0 0 0 0 
0 3 0 0 9 191 0 0 3 0 0 0 0 0 0 0 16 0 0 17 0 0 335 0 351 325 0 0 389 0 1 7081 0 0 0 444 10 0 0 0 0 0 0 1 23 0 0 0 0 0 0 0 1 0 0 0 0 0 0 0 2 0 0 0 0 0 0 0 85 0 0 0 0 0 0 0 67 0 0 0 0 0 0 0 0 0 0 0 0 0 0 0 0 0 0 0 0 0 0 0 0 0 0 0 0 0 0 0 0 0 0 0 0 0 0 0 0 0 0 0 0 0 0 0 0 0 0 0 0 
0 5 0 0 17 152 0 0 8 0 2 0 0 0 0 0 34 0 0 40 0 0 415 0 359 749 0 0 335 0 5 2325 0 0 0 435 13 0 0 0 0 0 0 6 20 0 0 4 0 0 0 0 4 0 0 0 0 0 0 0 10 0 0 4 0 0 64 0 57 0 7 0 0 0 55 0 81 0 2 0 0 0 0 0 0 1 0 0 0 0 0 0 0 0 0 13 0 0 0 1 0 0 0 2 0 0 0 0 0 0 0 0 0 0 0 2 0 0 0 0 0 0 0 0 0 0 0 0 0 
0 2 0 0 10 78 0 0 0 0 1 0 0 0 0 0 22 0 0 0 0 0 0 0 183 307 0 0 163 0 0 1676 0 0 0 385 21 0 0 0 0 0 0 0 0 0 0 0 0 0 0 0 3 0 0 0 0 0 0 0 3 0 0 0 0 0 50 0 32 0 6 0 0 0 20 0 60 0 2 0 0 0 0 0 0 0 0 0 0 0 0 0 0 0 0 4 0 0 0 0 0 0 0 0 0 0 0 0 0 0 0 0 0 0 0 1 0 0 0 0 0 0 0 0 0 0 0 0 0 
0 4 0 0 13 181 0 0 5 0 1 0 0 0 0 0 24 0 0 23 0 0 411 0 378 488 0 0 336 0 2 5381 0 0 0 559 22 0 0 0 0 0 0 6 25 0 0 1 0 0 0 0 4 0 0 0 0 0 0 0 3 0 0 2 0 0 50 0 50 0 6 0 0 0 20 0 72 0 2 0 0 0 0 0 0 0 0 0 0 0 0 0 0 0 0 4 0 0 0 0 0 0 0 0 0 0 0 0 0 0 0 0 0 0 0 1 0 0 0 0 0 0 0 0 0 0 0 0 0 
0 3 0 0 9 150 0 0 2 0 1 0 0 0 0 0 16 0 0 13 0 0 223 0 324 357 0 0 298 0 0 4525 0 0 0 426 9 0 0 0 0 0 0 0 5 0 0 0 0 0 0 0 1 0 0 0 0 0 0 0 1 0 0 1 0 0 39 0 58 0 2 0 0 0 21 0 64 0 2 0 0 0 0 0 0 0 0 0 0 0 0 0 0 0 0 3 0 0 0 1 0 0 0 0 0 0 0 0 0 0 0 0 0 0 0 0 0 0 0 0 0 0 0 0 0 0 0 0 0 
0 5 0 0 18 231 0 0 6 0 4 0 0 0 0 0 29 0 0 32 0 0 509 0 457 657 0 0 378 0 1 6403 0 0 0 664 30 0 0 0 0 0 0 6 29 0 0 2 0 0 0 0 6 0 0 0 0 0 0 0 3 0 0 6 0 0 136 0 49 0 17 0 0 0 173 0 105 0 8 0 0 0 0 0 0 2 0 0 0 0 0 1 0 0 0 21 0 0 0 2 0 0 0 1 0 0 0 0 0 0 0 0 0 0 0 2 0 0 0 0 0 0 0 0 0 0 0 0 0 
0 5 0 0 18 149 0 0 7 0 3 0 0 0 0 0 38 0 0 40 0 0 355 0 343 731 0 0 304 0 3 2714 0 0 0 548 24 0 0 0 0 0 0 3 10 0 0 3 0 0 0 0 6 0 0 0 0 0 0 0 7 0 0 5 0 0 96 0 55 0 12 0 0 0 80 0 85 0 8 0 0 0 0 0 0 0 0 0 0 0 0 0 0 0 0 20 0 0 0 1 0 0 0 1 0 2 0 0 0 0 0 0 0 0 0 1 0 0 0 0 0 0 0 0 0 0 0 0 0 
0 5 0 0 17 199 0 0 8 0 2 0 0 0 0 0 24 0 0 45 0 0 568 0 420 646 0 0 333 0 5 4135 0 0 0 586 20 0 0 0 0 0 0 8 50 0 0 3 0 0 0 0 5 0 0 0 0 0 0 0 6 0 0 4 0 0 65 0 65 0 5 0 0 0 40 0 124 0 3 0 0 0 0 0 0 0 0 0 0 0 0 1 0 0 0 8 0 0 0 1 0 0 0 0 0 0 0 0 0 0 0 0 0 0 0 0 0 0 0 0 0 0 0 0 0 0 0 0 0 
25 2 16 41 11 80 298 83 1 0 0 2 9 24 32 198 33 22 106 9 190 3623 79 1714 184 376 1616 375 135 93 0 1947 2255 90 396 433 23 16 53 0 0 26 5 1 0 132 4 1 0 0 0 0 2 0 0 0 0 0 0 0 4 4 26 0 20 378 0 44 13 43 0 4 2 4 0 184 63 3 0 9 7 0 0 0 0 0 2 0 0 0 0 0 1 0 16 0 1 0 0 0 0 0 0 0 0 0 8 0 0 0 0 0 0 0 0 0 0 0 0 0 0 0 0 0 0 0 0 0 0 
0 5 0 0 16 217 0 0 10 0 0 0 0 0 0 0 31 0 0 51 0 0 785 0 457 786 0 0 363 0 10 5730 0 0 0 507 15 0 0 0 0 0 0 4 40 0 0 5 0 0 0 0 4 0 0 0 0 0 0 0 6 0 0 0 0 0 0 0 49 0 0 0 0 0 0 0 92 0 0 0 0 0 0 0 0 0 0 0 0 0 0 0 0 0 0 0 0 0 0 0 0 0 0 0 0 0 0 0 0 0 0 0 0 0 0 0 0 0 0 0 0 0 0 0 0 0 0 0 0 
45 2 105 82 3 95 968 145 1 0 0 22 8 262 173 88 6 212 223 3 237 6873 87 4802 187 153 3617 3828 74 152 0 3075 13315 1678 1618 162 1 37 373 2 28 30 34 0 4 700 15 0 4 0 0 0 0 0 0 0 3 39 5 0 0 41 27 0 65 610 0 807 4 12 0 38 27 685 0 290 9 71 0 8 55 0 1 0 0 0 2 1 0 0 0 0 20 0 28 0 57 0 4 0 7 0 0 0 0 0 3 8 3 0 0 1 0 10 3 0 0 0 0 0 0 0 0 0 0 0 0 0 3 
0 4 0 0 16 236 0 0 6 0 0 0 0 0 0 0 28 0 0 32 0 0 602 0 488 581 0 0 507 0 4 7325 0 0 0 775 31 0 0 0 0 0 0 12 48 0 0 4 0 0 0 0 5 0 0 0 0 0 0 0 6 0 0 0 0 0 0 0 90 0 0 0 0 0 0 0 101 0 0 0 0 0 0 0 0 0 0 0 0 0 0 0 0 0 0 0 0 0 0 0 0 0 0 0 0 0 0 0 0 0 0 0 0 0 0 0 0 0 0 0 0 0 0 0 0 0 0 0 0 
0 5 0 0 10 352 0 0 8 0 2 0 0 0 0 0 10 0 0 26 0 0 897 0 613 359 0 0 698 0 5 13420 0 0 0 515 6 0 0 0 0 0 0 4 101 0 0 0 0 0 0 0 6 0 0 0 0 0 0 0 4 0 0 4 0 0 160 0 204 0 3 0 0 0 101 0 61 0 5 0 0 0 0 0 0 0 0 0 0 0 0 0 0 0 0 22 0 0 0 2 0 0 0 0 0 1 0 0 0 0 0 0 0 0 0 0 0 0 0 0 0 0 0 0 0 0 0 0 0 
0 7 0 0 19 386 0 0 14 0 8 0 0 0 0 0 31 0 0 50 0 0 1295 0 670 692 0 0 594 0 9 11936 0 0 0 830 17 0 0 0 0 0 0 14 147 0 0 6 0 0 0 0 7 0 0 0 0 0 0 0 7 0 0 21 0 0 355 0 149 0 18 0 0 0 342 0 121 0 23 0 0 0 0 0 0 0 0 0 0 0 0 3 0 0 0 67 0 0 0 2 0 0 0 0 0 4 0 0 0 0 0 0 0 0 0 4 0 0 1 0 0 0 0 0 0 2 0 0 0 
0 4 0 0 4 251 0 0 5 0 1 0 0 0 0 0 6 0 0 9 0 0 474 0 535 144 0 0 381 0 2 8682 0 0 0 184 2 0 0 0 0 0 0 1 59 0 0 0 0 0 0 0 1 0 0 0 0 0 0 0 0 0 0 2 0 0 79 0 106 0 0 0 0 0 37 0 19 0 1 0 0 0 0 0 0 0 0 0 0 0 0 0 0 0 0 22 0 0 0 1 0 0 0 0 0 0 0 0 0 0 0 0 0 0 0 0 0 0 0 0 0 0 0 0 0 0 0 0 0 
34 4 99 112 14 158 553 96 2 2 4 8 22 114 193 349 23 183 266 12 150 4357 132 2694 347 480 4380 2813 158 104 0 3062 5744 2481 1502 488 14 48 400 1 23 43 8 0 8 203 13 0 6 72 91 46 3 5 5 1 1 0 83 94 5 20 48 1 25 860 131 224 26 68 10 17 10 432 141 590 65 34 12 16 53 1 0 0 0 0 6 0 0 1 0 1 4 2 58 26 16 16 16 1 0 7 8 1 12 1 8 2 3 0 3 0 2 0 7 3 18 1 1 0 0 0 0 1 0 0 1 5 0 
0 6 0 0 5 387 0 0 12 0 3 0 0 0 0 0 9 0 0 15 0 0 1324 0 739 181 0 0 613 0 10 14252 0 0 0 239 1 0 0 0 0 0 0 2 130 0 0 0 0 0 0 0 2 0 0 0 0 0 0 0 0 0 0 8 0 0 175 0 167 0 4 0 0 0 136 0 23 0 4 0 0 0 0 0 0 0 0 0 0 0 0 0 0 0 0 19 0 0 0 0 0 0 0 0 0 2 0 0 0 0 0 0 0 0 0 0 0 0 0 0 0 0 0 0 0 0 0 0 0 
0 6 0 0 10 321 0 0 12 0 3 0 0 0 0 0 12 0 0 35 0 0 1001 0 615 346 0 0 640 0 10 10002 0 0 0 393 5 0 0 0 0 0 0 6 98 0 0 1 0 0 0 0 3 0 0 0 0 0 0 0 1 0 0 8 0 0 165 0 132 0 1 0 0 0 114 0 47 0 3 0 0 0 0 0 0 1 0 0 0 0 0 1 0 0 0 61 0 0 0 3 0 0 0 0 0 0 0 0 0 0 0 0 0 0 0 0 0 0 0 0 0 0 0 0 0 0 0 0 0 
0 6 0 0 12 343 0 0 13 0 2 0 0 0 0 0 19 0 0 39 0 0 1172 0 624 478 0 0 675 0 13 11039 0 0 0 606 19 0 0 0 0 0 0 11 144 0 0 3 0 0 0 0 4 0 0 0 0 0 0 0 4 0 0 6 0 0 88 0 150 0 1 0 0 0 77 0 74 0 2 0 0 0 0 0 0 0 0 0 0 0 0 1 0 0 0 39 0 0 0 2 0 0 0 0 0 0 0 0 0 0 0 0 0 0 0 0 0 0 0 0 0 0 0 0 0 0 0 0 0 
0 3 0 0 5 203 0 0 2 0 1 0 0 0 0 0 6 0 0 6 0 0 174 0 464 216 0 0 405 0 0 7527 0 0 0 220 2 0 0 0 0 0 0 1 36 0 0 0 0 0 0 0 2 0 0 0 0 0 0 0 2 0 0 1 0 0 75 0 123 0 0 0 0 0 33 0 39 0 2 0 0 0 0 0 0 0 0 0 0 0 0 0 0 0 0 25 0 0 0 1 0 0 0 0 0 0 0 0 0 0 0 0 0 0 0 0 0 0 0 0 0 0 0 0 0 0 0 0 0 
0 3 0 0 5 203 0 0 2 0 1 0 0 0 0 0 6 0 0 6 0 0 174 0 464 216 0 0 405 0 0 7527 0 0 0 220 2 0 0 0 0 0 0 1 36 0 0 0 0 0 0 0 2 0 0 0 0 0 0 0 2 0 0 1 0 0 75 0 123 0 0 0 0 0 33 0 39 0 2 0 0 0 0 0 0 0 0 0 0 0 0 0 0 0 0 25 0 0 0 1 0 0 0 0 0 0 0 0 0 0 0 0 0 0 0 0 0 0 0 0 0 0 0 0 0 0 0 0 0 
0 6 0 0 14 279 0 0 12 0 3 0 0 0 0 0 33 0 0 46 0 0 996 0 626 525 0 0 467 0 10 7470 0 0 0 546 15 0 0 0 0 0 0 2 70 0 0 1 0 0 0 0 3 0 0 0 0 0 0 0 5 0 0 9 0 0 119 0 88 0 8 0 0 0 101 0 62 0 8 0 0 0 0 0 0 0 0 0 0 0 0 0 0 0 0 19 0 0 0 1 0 0 0 1 0 0 0 0 0 0 0 0 0 0 0 1 0 0 0 0 0 0 0 0 0 1 0 0 0 
0 3 0 0 3 175 0 0 3 0 0 0 0 0 0 0 5 0 0 6 0 0 292 0 448 119 0 0 281 0 1 5447 0 0 0 156 1 0 0 0 0 0 0 0 29 0 0 0 0 0 0 0 0 0 0 0 0 0 0 0 0 0 0 0 0 0 0 0 66 0 0 0 0 0 0 0 15 0 0 0 0 0 0 0 0 0 0 0 0 0 0 0 0 0 0 0 0 0 0 0 0 0 0 0 0 0 0 0 0 0 0 0 0 0 0 0 0 0 0 0 0 0 0 0 0 0 0 0 0 
0 3 0 0 5 158 0 0 2 0 1 0 0 0 0 0 18 0 0 7 0 0 176 0 429 137 0 0 223 0 0 4831 0 0 0 254 2 0 0 0 0 0 0 0 6 0 0 0 0 0 0 0 2 0 0 0 0 0 0 0 0 0 0 1 0 0 77 0 36 0 2 0 0 0 37 0 16 0 1 0 0 0 0 0 0 0 0 0 0 0 0 0 0 0 0 7 0 0 0 0 0 0 0 0 0 0 0 0 0 0 0 0 0 0 0 0 0 0 0 0 0 0 0 0 0 0 0 0 0 
0 3 0 0 8 155 0 0 1 0 2 0 0 0 0 0 10 0 0 1 0 0 105 0 359 439 0 0 327 0 0 5906 0 0 0 128 11 0 0 0 0 0 0 1 19 0 0 0 0 0 0 0 1 0 0 0 0 0 0 0 6 0 0 0 0 0 136 0 103 0 1 0 0 0 15 0 24 0 10 0 0 0 0 0 0 0 0 0 0 0 0 1 0 0 0 7 0 0 0 1 0 0 0 0 0 0 0 0 0 0 0 0 0 0 0 1 0 0 0 0 0 0 0 0 0 0 0 0 0 
0 4 0 0 7 261 0 0 4 0 2 0 0 0 0 0 8 0 0 13 0 0 360 0 534 265 0 0 504 0 1 9141 0 0 0 324 3 0 0 0 0 0 0 3 52 0 0 0 0 0 0 0 3 0 0 0 0 0 0 0 2 0 0 2 0 0 152 0 119 0 0 0 0 0 70 0 50 0 3 0 0 0 0 0 0 1 0 0 0 0 0 0 0 0 0 47 0 0 0 2 0 0 0 0 0 0 0 0 0 0 0 0 0 0 0 0 0 0 0 0 0 0 0 0 0 0 0 0 0 
0 3 0 0 9 116 0 0 1 0 2 0 0 0 0 0 20 0 0 7 0 0 69 0 316 422 0 0 303 0 0 2156 0 0 0 298 6 0 0 0 0 0 0 0 7 0 0 0 0 0 0 0 5 0 0 0 0 0 0 0 6 0 0 0 0 0 71 0 55 0 6 0 0 0 55 0 48 0 1 0 0 0 0 0 0 0 0 0 0 0 0 1 0 0 0 10 0 0 0 2 0 0 0 1 0 0 0 0 0 0 0 0 0 0 0 1 0 0 0 0 0 0 0 0 0 0 0 0 0 
0 5 0 0 12 240 0 0 10 0 0 0 0 0 0 0 14 0 0 42 0 0 791 0 472 495 0 0 416 0 10 5799 0 0 0 476 9 0 0 0 0 0 0 4 83 0 0 1 0 0 0 0 3 0 0 0 0 0 0 0 4 0 0 0 0 0 0 0 88 0 0 0 0 0 0 0 111 0 0 0 0 0 0 0 0 0 0 0 0 0 0 0 0 0 0 0 0 0 0 0 0 0 0 0 0 0 0 0 0 0 0 0 0 0 0 0 0 0 0 0 0 0 0 0 0 0 0 0 0 
0 5 0 0 7 289 0 0 7 0 3 0 0 0 0 0 7 0 0 15 0 0 602 0 570 268 0 0 623 0 3 9512 0 0 0 309 2 0 0 0 0 0 0 4 74 0 0 1 0 0 0 0 3 0 0 0 0 0 0 0 1 0 0 5 0 0 165 0 126 0 1 0 0 0 114 0 35 0 3 0 0 0 0 0 0 1 0 0 0 0 0 1 0 0 0 61 0 0 0 3 0 0 0 0 0 0 0 0 0 0 0 0 0 0 0 0 0 0 0 0 0 0 0 0 0 0 0 0 0 
0 5 0 0 7 241 0 0 9 0 1 0 0 0 0 0 21 0 0 21 0 0 776 0 571 363 0 0 350 0 7 7673 0 0 0 189 2 0 0 0 0 0 0 2 55 0 0 0 0 0 0 0 2 0 0 0 0 0 0 0 3 0 0 3 0 0 37 0 111 0 2 0 0 0 28 0 26 0 2 0 0 0 0 0 0 0 0 0 0 0 0 0 0 0 0 5 0 0 0 1 0 0 0 0 0 0 0 0 0 0 0 0 0 0 0 0 0 0 0 0 0 0 0 0 0 0 0 0 0 
0 3 0 0 10 129 0 0 0 0 3 0 0 0 0 0 26 0 0 0 0 0 0 0 359 350 0 0 265 0 0 2781 0 0 0 417 13 0 0 0 0 0 0 0 0 0 0 0 0 0 0 0 3 0 0 0 0 0 0 0 4 0 0 0 0 0 119 0 39 0 8 0 0 0 101 0 51 0 8 0 0 0 0 0 0 0 0 0 0 0 0 0 0 0 0 19 0 0 0 1 0 0 0 1 0 0 0 0 0 0 0 0 0 0 0 1 0 0 0 0 0 0 0 0 0 1 0 0 0 
0 7 0 0 15 483 0 0 13 0 10 0 0 0 0 0 25 0 0 43 0 0 1507 0 798 307 0 0 473 0 5 17489 0 0 0 847 16 0 0 0 0 0 0 10 137 0 0 2 0 0 0 0 2 0 0 0 0 0 0 0 2 0 0 25 0 0 630 0 127 0 15 0 0 0 546 0 76 0 25 0 0 0 0 0 0 2 0 0 0 0 0 4 0 0 0 97 0 0 0 3 0 0 0 3 0 9 0 0 0 0 0 0 0 0 0 2 0 0 0 0 0 0 0 0 0 1 0 0 0 
0 3 0 0 7 211 0 0 3 0 0 0 0 0 0 0 8 0 0 13 0 0 357 0 419 279 0 0 473 0 1 7733 0 0 0 449 6 0 0 0 0 0 0 1 32 0 0 0 0 0 0 0 1 0 0 0 0 0 0 0 1 0 0 0 0 0 0 0 103 0 0 0 0 0 0 0 54 0 0 0 0 0 0 0 0 0 0 0 0 0 0 0 0 0 0 0 0 0 0 0 0 0 0 0 0 0 0 0 0 0 0 0 0 0 0 0 0 0 0 0 0 0 0 0 0 0 0 0 0 
0 3 0 0 8 157 0 0 2 0 1 0 0 0 0 0 17 0 0 12 0 0 162 0 396 454 0 0 306 0 0 4797 0 0 0 313 8 0 0 0 0 0 0 1 12 0 0 0 0 0 0 0 3 0 0 0 0 0 0 0 3 0 0 1 0 0 77 0 41 0 2 0 0 0 37 0 38 0 1 0 0 0 0 0 0 0 0 0 0 0 0 0 0 0 0 7 0 0 0 0 0 0 0 0 0 0 0 0 0 0 0 0 0 0 0 0 0 0 0 0 0 0 0 0 0 0 0 0 0 
0 4 0 0 10 234 0 0 5 0 1 0 0 0 0 0 22 0 0 13 0 0 497 0 513 376 0 0 429 0 2 8263 0 0 0 494 19 0 0 0 0 0 0 8 55 0 0 1 0 0 0 0 2 0 0 0 0 0 0 0 3 0 0 2 0 0 60 0 127 0 7 0 0 0 20 0 62 0 1 0 0 0 0 0 0 0 0 0 0 0 0 0 0 0 0 4 0 0 0 0 0 0 0 0 0 0 0 0 0 0 0 0 0 0 0 0 0 0 0 0 0 0 0 0 0 0 0 0 0 
56 7 162 342 17 216 1508 126 18 3 3 33 45 178 738 716 33 281 642 73 156 5828 1016 5958 409 786 10290 7647 285 99 20 3711 26115 2951 8104 496 12 763 394 1 65 89 20 5 47 403 42 5 20 100 76 121 4 7 5 13 2 107 144 134 8 64 90 15 33 1479 59 1521 25 112 7 144 13 1131 106 2037 91 67 6 208 73 0 0 0 1 0 10 3 0 0 0 0 13 12 171 8 111 13 18 0 23 17 9 0 24 0 18 6 17 2 2 0 1 9 31 1 13 2 0 0 0 0 0 1 1 0 7 4 1 
20 3 28 56 7 153 185 64 2 0 1 5 4 18 71 116 5 71 152 6 135 2879 157 993 282 271 2748 391 418 78 0 4766 1060 374 483 400 8 36 50 0 13 10 1 1 6 96 27 0 0 0 0 0 3 0 0 0 0 0 0 17 1 17 6 1 20 271 74 70 71 13 2 13 4 138 50 70 85 9 0 4 6 0 0 0 0 0 1 0 0 0 0 0 1 0 2 6 10 1 0 1 0 0 0 0 0 0 1 2 2 0 0 0 0 0 0 2 1 0 0 0 0 0 0 0 0 0 0 1 0 
0 7 0 0 22 342 0 0 17 0 5 0 0 0 0 0 35 0 0 86 0 0 1519 0 631 887 0 0 528 0 17 10188 0 0 0 861 26 0 0 0 0 0 0 9 94 0 0 5 0 0 0 0 5 0 0 0 0 0 0 0 7 0 0 19 0 0 215 0 93 0 16 0 0 0 163 0 117 0 16 0 0 0 0 0 0 1 0 0 0 0 0 1 0 0 0 19 0 0 0 2 0 0 0 2 0 2 0 0 0 0 0 0 0 0 0 1 0 0 0 0 0 0 0 0 0 0 0 0 0 
0 6 0 0 19 169 0 0 13 0 2 0 0 0 0 0 41 0 0 68 0 0 617 0 359 841 0 0 411 0 13 2961 0 0 0 553 20 0 0 0 0 0 0 3 23 0 0 4 0 0 0 0 5 0 0 0 0 0 0 0 7 0 0 6 0 0 52 0 63 0 5 0 0 0 92 0 72 0 8 0 0 0 0 0 0 0 0 0 0 0 0 1 0 0 0 16 0 0 0 1 0 0 0 2 0 0 0 0 0 0 0 0 0 0 0 1 0 0 0 0 0 0 0 0 0 0 0 0 0 
0 2 0 0 6 78 0 0 1 0 0 0 0 0 0 0 10 0 0 5 0 0 77 0 169 281 0 0 165 0 0 1857 0 0 0 193 4 0 0 0 0 0 0 1 0 0 0 0 0 0 0 0 1 0 0 0 0 0 0 0 2 0 0 0 0 0 0 0 25 0 0 0 0 0 0 0 38 0 0 0 0 0 0 0 0 0 0 0 0 0 0 0 0 0 0 0 0 0 0 0 0 0 0 0 0 0 0 0 0 0 0 0 0 0 0 0 0 0 0 0 0 0 0 0 0 0 0 0 0 
0 3 0 0 7 74 0 0 3 0 0 0 0 0 0 0 13 0 0 14 0 0 136 0 194 384 0 0 197 0 1 968 0 0 0 159 3 0 0 0 0 0 0 0 6 0 0 0 0 0 0 0 1 0 0 0 0 0 0 0 3 0 0 0 0 0 0 0 22 0 0 0 0 0 0 0 26 0 0 0 0 0 0 0 0 0 0 0 0 0 0 0 0 0 0 0 0 0 0 0 0 0 0 0 0 0 0 0 0 0 0 0 0 0 0 0 0 0 0 0 0 0 0 0 0 0 0 0 0 
0 4 0 0 9 241 0 0 3 0 3 0 0 0 0 0 6 0 0 9 0 0 332 0 468 322 0 0 466 0 0 8380 0 0 0 501 8 0 0 0 0 0 0 2 38 0 0 0 0 0 0 0 3 0 0 0 0 0 0 0 1 0 0 3 0 0 211 0 113 0 9 0 0 0 87 0 93 0 2 0 0 0 0 0 0 0 0 0 0 0 0 0 0 0 0 8 0 0 0 1 0 0 0 0 0 0 0 0 0 0 0 0 0 0 0 2 0 0 0 0 0 0 0 0 0 1 0 0 0 
0 3 0 0 7 45 0 0 3 0 0 0 0 0 0 0 15 0 0 9 0 0 85 0 127 397 0 0 106 0 1 326 0 0 0 103 4 0 0 0 0 0 0 1 2 0 0 2 0 0 0 0 0 0 0 0 0 0 0 0 1 0 0 0 0 0 0 0 10 0 0 0 0 0 0 0 6 0 0 0 0 0 0 0 0 0 0 0 0 0 0 0 0 0 0 0 0 0 0 0 0 0 0 0 0 0 0 0 0 0 0 0 0 0 0 0 0 0 0 0 0 0 0 0 0 0 0 0 0 
0 1 0 0 3 19 0 0 0 0 0 0 0 0 0 0 7 0 0 0 0 0 0 0 64 153 0 0 28 0 0 166 0 0 0 53 2 0 0 0 0 0 0 0 0 0 0 0 0 0 0 0 0 0 0 0 0 0 0 0 1 0 0 0 0 0 0 0 5 0 0 0 0 0 0 0 4 0 0 0 0 0 0 0 0 0 0 0 0 0 0 0 0 0 0 0 0 0 0 0 0 0 0 0 0 0 0 0 0 0 0 0 0 0 0 0 0 0 0 0 0 0 0 0 0 0 0 0 0 
0 3 0 0 11 147 0 0 3 0 0 0 0 0 0 0 27 0 0 20 0 0 272 0 337 441 0 0 210 0 1 4617 0 0 0 429 15 0 0 0 0 0 0 0 11 0 0 1 0 0 0 0 4 0 0 0 0 0 0 0 4 0 0 0 0 0 0 0 27 0 0 0 0 0 0 0 50 0 0 0 0 0 0 0 0 0 0 0 0 0 0 0 0 0 0 0 0 0 0 0 0 0 0 0 0 0 0 0 0 0 0 0 0 0 0 0 0 0 0 0 0 0 0 0 0 0 0 0 0 
0 4 0 0 9 216 0 0 4 0 2 0 0 0 0 0 11 0 0 15 0 0 428 0 432 321 0 0 368 0 1 7373 0 0 0 456 7 0 0 0 0 0 0 2 34 0 0 0 0 0 0 0 1 0 0 0 0 0 0 0 1 0 0 2 0 0 94 0 84 0 6 0 0 0 45 0 55 0 3 0 0 0 0 0 0 0 0 0 0 0 0 0 0 0 0 5 0 0 0 1 0 0 0 0 0 1 0 0 0 0 0 0 0 0 0 0 0 0 0 0 0 0 0 0 0 0 0 0 0 
0 6 0 0 19 183 0 0 13 0 2 0 0 0 0 0 36 0 0 70 0 0 711 0 394 794 0 0 515 0 12 3084 0 0 0 601 26 0 0 0 0 0 0 6 31 0 0 2 0 0 0 0 4 0 0 0 0 0 0 0 5 0 0 8 0 0 61 0 55 0 7 0 0 0 54 0 90 0 2 0 0 0 0 0 0 0 0 0 0 0 0 0 0 0 0 11 0 0 0 1 0 0 0 1 0 0 0 0 0 0 0 0 0 0 0 2 0 0 0 0 0 0 0 0 0 0 0 0 0 
0 8 0 0 21 403 0 0 17 0 13 0 0 0 0 0 28 0 0 65 0 0 1561 0 669 945 0 0 528 0 13 12195 0 0 0 786 24 0 0 0 0 0 0 6 147 0 0 3 0 0 0 0 2 0 0 0 0 0 0 0 6 0 0 29 0 0 567 0 131 0 24 0 0 0 422 0 117 0 35 0 0 0 0 0 0 4 0 0 0 0 0 7 0 0 0 86 0 0 0 5 0 0 0 6 0 10 0 0 0 0 0 0 0 0 0 8 0 0 0 0 0 0 0 0 0 5 0 0 0 
30 5 135 118 9 353 426 69 7 2 3 9 28 158 376 210 13 234 239 24 118 2733 825 1710 592 223 8079 3460 514 69 3 12666 3821 3176 1329 481 9 133 296 1 54 15 13 6 71 122 34 1 5 118 71 42 2 7 2 6 2 49 36 51 2 17 46 6 26 2161 192 226 135 32 1 23 39 374 164 610 65 15 5 60 47 0 0 0 0 0 8 1 0 0 0 0 2 5 88 43 10 19 19 0 2 6 11 0 9 0 0 1 7 0 0 0 0 4 1 0 13 0 0 1 0 0 0 0 0 1 2 4 0 
0 6 0 0 16 255 0 0 10 0 5 0 0 0 0 0 20 0 0 46 0 0 764 0 520 631 0 0 569 0 6 5638 0 0 0 632 23 0 0 0 0 0 0 5 51 0 0 1 0 0 0 0 5 0 0 0 0 0 0 0 5 0 0 8 0 0 156 0 75 0 11 0 0 0 178 0 118 0 10 0 0 0 0 0 0 1 0 0 0 0 0 3 0 0 0 34 0 0 0 3 0 0 0 2 0 2 0 0 0 0 0 0 0 0 0 1 0 0 0 0 0 0 0 0 0 0 0 0 0 
0 4 0 0 12 213 0 0 2 0 4 0 0 0 0 0 22 0 0 10 0 0 233 0 490 446 0 0 434 0 0 6164 0 0 0 515 13 0 0 0 0 0 0 2 13 0 0 0 0 0 0 0 5 0 0 0 0 0 0 0 7 0 0 1 0 0 165 0 96 0 9 0 0 0 149 0 66 0 10 0 0 0 0 0 0 0 0 0 0 0 0 1 0 0 0 31 0 0 0 1 0 0 0 2 0 1 0 0 0 0 0 0 0 0 0 1 0 0 0 0 0 0 0 0 0 1 0 0 0 
0 2 0 0 11 95 0 0 0 0 1 0 0 0 0 0 22 0 0 0 0 0 0 0 215 430 0 0 275 0 0 2209 0 0 0 460 18 0 0 0 0 0 0 0 0 0 0 0 0 0 0 0 6 0 0 0 0 0 0 0 7 0 0 0 0 0 26 0 57 0 4 0 0 0 41 0 62 0 5 0 0 0 0 0 0 0 0 0 0 0 0 0 0 0 0 13 0 0 0 1 0 0 0 1 0 0 0 0 0 0 0 0 0 0 0 0 0 0 0 0 0 0 0 0 0 0 0 0 0 
0 3 0 0 14 182 0 0 2 0 1 0 0 0 0 0 29 0 0 11 0 0 236 0 390 457 0 0 308 0 0 5860 0 0 0 674 28 0 0 0 0 0 0 3 15 0 0 2 0 0 0 0 5 0 0 0 0 0 0 0 4 0 0 1 0 0 45 0 44 0 5 0 0 0 33 0 80 0 3 0 0 0 0 0 0 0 0 0 0 0 0 0 0 0 0 9 0 0 0 1 0 0 0 1 0 0 0 0 0 0 0 0 0 0 0 1 0 0 0 0 0 0 0 0 0 0 0 0 0 
0 1 0 0 7 55 0 0 0 0 0 0 0 0 0 0 17 0 0 0 0 0 0 0 126 216 0 0 162 0 0 1453 0 0 0 335 18 0 0 0 0 0 0 0 0 0 0 0 0 0 0 0 3 0 0 0 0 0 0 0 3 0 0 0 0 0 0 0 33 0 0 0 0 0 0 0 45 0 0 0 0 0 0 0 0 0 0 0 0 0 0 0 0 0 0 0 0 0 0 0 0 0 0 0 0 0 0 0 0 0 0 0 0 0 0 0 0 0 0 0 0 0 0 0 0 0 0 0 0 
0 5 0 0 12 277 0 0 7 0 3 0 0 0 0 0 21 0 0 25 0 0 668 0 530 399 0 0 460 0 2 10246 0 0 0 508 16 0 0 0 0 0 0 7 38 0 0 1 0 0 0 0 3 0 0 0 0 0 0 0 2 0 0 7 0 0 112 0 137 0 3 0 0 0 194 0 60 0 8 0 0 0 0 0 0 0 0 0 0 0 0 1 0 0 0 26 0 0 0 1 0 0 0 1 0 0 0 0 0 0 0 0 0 0 0 1 0 0 0 0 0 0 0 0 0 0 0 0 0 
0 3 0 0 8 186 0 0 3 0 0 0 0 0 0 0 16 0 0 14 0 0 311 0 401 234 0 0 500 0 1 6900 0 0 0 364 18 0 0 0 0 0 0 2 30 0 0 0 0 0 0 0 3 0 0 0 0 0 0 0 3 0 0 0 0 0 0 0 144 0 0 0 0 0 0 0 45 0 0 0 0 0 0 0 0 0 0 0 0 0 0 0 0 0 0 0 0 0 0 0 0 0 0 0 0 0 0 0 0 0 0 0 0 0 0 0 0 0 0 0 0 0 0 0 0 0 0 0 0 
0 5 0 0 11 355 0 0 9 0 1 0 0 0 0 0 26 0 0 27 0 0 1127 0 661 331 0 0 609 0 7 13917 0 0 0 572 15 0 0 0 0 0 0 9 102 0 0 1 0 0 0 0 3 0 0 0 0 0 0 0 2 0 0 3 0 0 26 0 183 0 1 0 0 0 51 0 63 0 5 0 0 0 0 0 0 0 0 0 0 0 0 0 0 0 0 3 0 0 0 0 0 0 0 1 0 0 0 0 0 0 0 0 0 0 0 1 0 0 0 0 0 0 0 0 0 0 0 0 0 
0 7 0 0 23 384 0 0 17 0 5 0 0 0 0 0 36 0 0 84 0 0 1597 0 674 755 0 0 563 0 17 11947 0 0 0 1033 38 0 0 0 0 0 0 11 120 0 0 6 0 0 0 0 6 0 0 0 0 0 0 0 6 0 0 19 0 0 279 0 128 0 19 0 0 0 187 0 150 0 15 0 0 0 0 0 0 2 0 0 0 0 0 0 0 0 0 52 0 0 0 3 0 0 0 2 0 2 0 0 0 0 0 0 0 0 0 3 0 0 0 0 0 0 0 0 0 0 0 0 0 
0 3 0 0 10 239 0 0 2 0 1 0 0 0 0 0 17 0 0 13 0 0 253 0 469 295 0 0 463 0 0 9804 0 0 0 565 21 0 0 0 0 0 0 4 20 0 0 0 0 0 0 0 4 0 0 0 0 0 0 0 3 0 0 1 0 0 81 0 137 0 0 0 0 0 64 0 64 0 2 0 0 0 0 0 0 0 0 0 0 0 0 0 0 0 0 19 0 0 0 1 0 0 0 0 0 0 0 0 0 0 0 0 0 0 0 0 0 0 0 0 0 0 0 0 0 0 0 0 0 
0 2 0 0 12 68 0 0 1 0 0 0 0 0 0 0 25 0 0 9 0 0 67 0 142 431 0 0 190 0 0 1529 0 0 0 394 26 0 0 0 0 0 0 1 0 0 0 1 0 0 0 0 3 0 0 0 0 0 0 0 5 0 0 0 0 0 0 0 35 0 0 0 0 0 0 0 51 0 0 0 0 0 0 0 0 0 0 0 0 0 0 0 0 0 0 0 0 0 0 0 0 0 0 0 0 0 0 0 0 0 0 0 0 0 0 0 0 0 0 0 0 0 0 0 0 0 0 0 0 
0 3 0 0 9 242 0 0 3 0 0 0 0 0 0 0 21 0 0 14 0 0 399 0 500 297 0 0 438 0 1 10069 0 0 0 493 19 0 0 0 0 0 0 4 42 0 0 1 0 0 0 0 4 0 0 0 0 0 0 0 3 0 0 0 0 0 0 0 139 0 0 0 0 0 0 0 55 0 0 0 0 0 0 0 0 0 0 0 0 0 0 0 0 0 0 0 0 0 0 0 0 0 0 0 0 0 0 0 0 0 0 0 0 0 0 0 0 0 0 0 0 0 0 0 0 0 0 0 0 
0 4 0 0 16 223 0 0 5 0 2 0 0 0 0 0 32 0 0 30 0 0 452 0 467 568 0 0 374 0 2 6106 0 0 0 798 30 0 0 0 0 0 0 3 48 0 0 2 0 0 0 0 5 0 0 0 0 0 0 0 6 0 0 4 0 0 103 0 76 0 9 0 0 0 103 0 134 0 9 0 0 0 0 0 0 0 0 0 0 0 0 0 0 0 0 14 0 0 0 1 0 0 0 1 0 0 0 0 0 0 0 0 0 0 0 2 0 0 0 0 0 0 0 0 0 0 0 0 0 
0 3 0 0 13 180 0 0 3 0 0 0 0 0 0 0 19 0 0 21 0 0 317 0 328 462 0 0 365 0 1 5680 0 0 0 699 24 0 0 0 0 0 0 3 21 0 0 1 0 0 0 0 4 0 0 0 0 0 0 0 4 0 0 0 0 0 0 0 71 0 0 0 0 0 0 0 97 0 0 0 0 0 0 0 0 0 0 0 0 0 0 0 0 0 0 0 0 0 0 0 0 0 0 0 0 0 0 0 0 0 0 0 0 0 0 0 0 0 0 0 0 0 0 0 0 0 0 0 0 
0 4 0 0 16 193 0 0 4 0 2 0 0 0 0 0 26 0 0 25 0 0 328 0 356 656 0 0 426 0 1 5618 0 0 0 743 21 0 0 0 0 0 0 4 16 0 0 1 0 0 0 0 7 0 0 0 0 0 0 0 7 0 0 2 0 0 105 0 89 0 7 0 0 0 78 0 99 0 8 0 0 0 0 0 0 0 0 0 0 0 0 0 0 0 0 16 0 0 0 2 0 0 0 1 0 1 0 0 0 0 0 0 0 0 0 0 0 0 0 0 0 0 0 0 0 0 0 0 0 
0 2 0 0 11 95 0 0 0 0 1 0 0 0 0 0 22 0 0 0 0 0 0 0 215 430 0 0 275 0 0 2209 0 0 0 460 18 0 0 0 0 0 0 0 0 0 0 0 0 0 0 0 6 0 0 0 0 0 0 0 7 0 0 0 0 0 26 0 57 0 4 0 0 0 41 0 62 0 5 0 0 0 0 0 0 0 0 0 0 0 0 0 0 0 0 13 0 0 0 1 0 0 0 1 0 0 0 0 0 0 0 0 0 0 0 0 0 0 0 0 0 0 0 0 0 0 0 0 0 
0 2 0 0 7 157 0 0 1 0 0 0 0 0 0 0 16 0 0 6 0 0 131 0 351 216 0 0 337 0 0 6517 0 0 0 335 18 0 0 0 0 0 0 1 13 0 0 0 0 0 0 0 3 0 0 0 0 0 0 0 3 0 0 0 0 0 0 0 121 0 0 0 0 0 0 0 45 0 0 0 0 0 0 0 0 0 0 0 0 0 0 0 0 0 0 0 0 0 0 0 0 0 0 0 0 0 0 0 0 0 0 0 0 0 0 0 0 0 0 0 0 0 0 0 0 0 0 0 0 
0 3 0 0 10 126 0 0 2 0 1 0 0 0 0 0 25 0 0 9 0 0 151 0 305 312 0 0 174 0 0 2719 0 0 0 409 15 0 0 0 0 0 0 1 8 0 0 1 0 0 0 0 2 0 0 0 0 0 0 0 2 0 0 1 0 0 26 0 34 0 1 0 0 0 51 0 59 0 5 0 0 0 0 0 0 0 0 0 0 0 0 0 0 0 0 3 0 0 0 0 0 0 0 1 0 0 0 0 0 0 0 0 0 0 0 1 0 0 0 0 0 0 0 0 0 0 0 0 0 
0 2 0 0 12 97 0 0 0 0 1 0 0 0 0 0 24 0 0 0 0 0 0 0 213 378 0 0 207 0 0 2308 0 0 0 516 27 0 0 0 0 0 0 0 0 0 0 0 0 0 0 0 4 0 0 0 0 0 0 0 4 0 0 0 0 0 45 0 26 0 5 0 0 0 33 0 70 0 3 0 0 0 0 0 0 0 0 0 0 0 0 0 0 0 0 9 0 0 0 1 0 0 0 1 0 0 0 0 0 0 0 0 0 0 0 1 0 0 0 0 0 0 0 0 0 0 0 0 0 
0 5 0 0 12 266 0 0 8 0 2 0 0 0 0 0 27 0 0 36 0 0 719 0 578 418 0 0 594 0 5 8701 0 0 0 499 19 0 0 0 0 0 0 5 48 0 0 2 0 0 0 0 5 0 0 0 0 0 0 0 4 0 0 4 0 0 88 0 143 0 1 0 0 0 77 0 70 0 2 0 0 0 0 0 0 0 0 0 0 0 0 1 0 0 0 39 0 0 0 2 0 0 0 0 0 0 0 0 0 0 0 0 0 0 0 0 0 0 0 0 0 0 0 0 0 0 0 0 0 
0 3 0 0 12 144 0 0 2 0 1 0 0 0 0 0 24 0 0 12 0 0 167 0 344 378 0 0 207 0 0 3389 0 0 0 516 27 0 0 0 0 0 0 0 12 0 0 0 0 0 0 0 4 0 0 0 0 0 0 0 4 0 0 1 0 0 45 0 26 0 5 0 0 0 33 0 70 0 3 0 0 0 0 0 0 0 0 0 0 0 0 0 0 0 0 9 0 0 0 1 0 0 0 1 0 0 0 0 0 0 0 0 0 0 0 1 0 0 0 0 0 0 0 0 0 0 0 0 0 
0 4 0 0 14 189 0 0 5 0 1 0 0 0 0 0 18 0 0 26 0 0 426 0 340 552 0 0 365 0 2 5716 0 0 0 639 22 0 0 0 0 0 0 3 24 0 0 4 0 0 0 0 4 0 0 0 0 0 0 0 4 0 0 2 0 0 5 0 71 0 2 0 0 0 79 0 92 0 3 0 0 0 0 0 0 0 0 0 0 0 0 0 0 0 0 4 0 0 0 0 0 0 0 0 0 0 0 0 0 0 0 0 0 0 0 0 0 0 0 0 0 0 0 0 0 0 0 0 0 
0 6 0 0 16 264 0 0 9 0 7 0 0 0 0 0 28 0 0 36 0 0 694 0 570 690 0 0 412 0 5 5857 0 0 0 612 14 0 0 0 0 0 0 2 60 0 0 0 0 0 0 0 1 0 0 0 0 0 0 0 7 0 0 9 0 0 243 0 75 0 16 0 0 0 249 0 111 0 15 0 0 0 0 0 0 4 0 0 0 0 0 0 0 0 0 50 0 0 0 3 0 0 0 6 0 4 0 0 0 0 0 0 0 0 0 5 0 0 0 0 0 0 0 0 0 2 0 0 0 
0 3 0 0 10 83 0 0 3 0 0 0 0 0 0 0 17 0 0 17 0 0 155 0 179 415 0 0 315 0 1 1646 0 0 0 371 19 0 0 0 0 0 0 1 5 0 0 1 0 0 0 0 3 0 0 0 0 0 0 0 3 0 0 0 0 0 0 0 38 0 0 0 0 0 0 0 47 0 0 0 0 0 0 0 0 0 0 0 0 0 0 0 0 0 0 0 0 0 0 0 0 0 0 0 0 0 0 0 0 0 0 0 0 0 0 0 0 0 0 0 0 0 0 0 0 0 0 0 0 
0 3 0 0 10 133 0 0 0 0 4 0 0 0 0 0 31 0 0 0 0 0 0 0 299 346 0 0 303 0 0 3513 0 0 0 510 17 0 0 0 0 0 0 0 0 0 0 0 0 0 0 0 3 0 0 0 0 0 0 0 3 0 0 0 0 0 133 0 40 0 9 0 0 0 221 0 75 0 19 0 0 0 0 0 0 0 0 0 0 0 0 0 0 0 0 14 0 0 0 1 0 0 0 1 0 0 0 0 0 0 0 0 0 0 0 0 0 0 0 0 0 0 0 0 0 2 0 0 0 
30 1 164 30 1 18 412 88 0 0 0 23 0 359 162 16 0 306 67 0 144 4545 0 1987 42 86 531 3460 38 90 0 153 3553 4750 412 16 0 0 443 0 2 14 19 0 0 212 7 0 11 0 0 0 0 0 0 0 6 38 0 0 0 38 0 0 28 0 0 372 0 0 0 23 60 1194 0 0 2 39 0 0 82 0 0 0 0 0 0 1 0 0 0 0 19 0 0 0 119 0 0 0 13 0 0 0 0 0 0 13 0 0 0 0 0 6 0 0 0 0 0 0 0 0 0 0 0 0 0 0 2 
0 5 0 0 15 255 0 0 7 0 3 0 0 0 0 0 33 0 0 35 0 0 648 0 524 506 0 0 556 0 3 7305 0 0 0 707 23 0 0 0 0 0 0 8 48 0 0 3 0 0 0 0 4 0 0 0 0 0 0 0 5 0 0 5 0 0 131 0 89 0 2 0 0 0 107 0 95 0 7 0 0 0 0 0 0 0 0 0 0 0 0 1 0 0 0 14 0 0 0 2 0 0 0 1 0 1 0 0 0 0 0 0 0 0 0 1 0 0 0 0 0 0 0 0 0 0 0 0 0 
0 1 0 0 1 29 0 0 0 0 0 0 0 0 0 0 1 0 0 0 0 0 0 0 88 18 0 0 164 0 0 383 0 0 0 29 0 0 0 0 0 0 0 0 0 0 0 0 0 0 0 0 0 0 0 0 0 0 0 0 0 0 0 0 0 0 0 0 23 0 0 0 0 0 0 0 0 0 0 0 0 0 0 0 0 0 0 0 0 0 0 0 0 0 0 0 0 0 0 0 0 0 0 0 0 0 0 0 0 0 0 0 0 0 0 0 0 0 0 0 0 0 0 0 0 0 0 0 0 
59 4 158 176 4 196 1671 144 3 2 3 40 57 484 401 178 2 269 380 2 241 5895 222 6752 311 99 8354 7553 252 126 1 6086 30457 2346 3801 179 1 91 151 1 59 16 101 2 9 681 44 0 23 54 55 79 4 0 2 4 4 70 61 106 0 80 115 0 43 2983 139 1831 71 39 3 76 65 1336 160 2263 15 32 4 62 36 0 0 2 0 0 18 3 0 0 1 1 8 18 481 23 196 44 8 1 15 17 12 0 11 2 0 30 36 0 0 0 2 14 11 0 20 5 0 0 0 0 0 0 0 0 5 4 7 
0 3 0 0 5 195 0 0 2 0 1 0 0 0 0 0 5 0 0 5 0 0 230 0 377 179 0 0 454 0 0 7170 0 0 0 320 2 0 0 0 0 0 0 1 24 0 0 0 0 0 0 0 1 0 0 0 0 0 0 0 1 0 0 1 0 0 23 0 98 0 1 0 0 0 78 0 40 0 3 0 0 0 0 0 0 0 0 0 0 0 0 0 0 0 0 5 0 0 0 0 0 0 0 0 0 0 0 0 0 0 0 0 0 0 0 0 0 0 0 0 0 0 0 0 0 0 0 0 0 
0 3 0 0 5 130 0 0 3 0 0 0 0 0 0 0 16 0 0 8 0 0 241 0 323 246 0 0 267 0 1 4055 0 0 0 217 2 0 0 0 0 0 0 1 9 0 0 1 0 0 0 0 1 0 0 0 0 0 0 0 0 0 0 0 0 0 0 0 41 0 0 0 0 0 0 0 12 0 0 0 0 0 0 0 0 0 0 0 0 0 0 0 0 0 0 0 0 0 0 0 0 0 0 0 0 0 0 0 0 0 0 0 0 0 0 0 0 0 0 0 0 0 0 0 0 0 0 0 0 
0 3 0 0 10 175 0 0 1 0 2 0 0 0 0 0 23 0 0 7 0 0 83 0 356 347 0 0 385 0 0 5718 0 0 0 589 14 0 0 0 0 0 0 0 5 0 0 0 0 0 0 0 3 0 0 0 0 0 0 0 4 0 0 0 0 0 94 0 62 0 4 0 0 0 131 0 71 0 9 0 0 0 0 0 0 0 0 0 0 0 0 0 0 0 0 16 0 0 0 0 0 0 0 0 0 1 0 0 0 0 0 0 0 0 0 0 0 0 0 0 0 0 0 0 0 0 0 0 0 
0 3 0 0 5 120 0 0 1 0 2 0 0 0 0 0 3 0 0 3 0 0 35 0 239 251 0 0 279 0 0 3764 0 0 0 184 1 0 0 0 0 0 0 0 1 0 0 0 0 0 0 0 1 0 0 0 0 0 0 0 1 0 0 0 0 0 28 0 54 0 3 0 0 0 157 0 28 0 4 0 0 0 0 0 0 0 0 0 0 0 0 1 0 0 0 9 0 0 0 0 0 0 0 0 0 0 0 0 0 0 0 0 0 0 0 0 0 0 0 0 0 0 0 0 0 0 0 0 0 
0 6 0 0 11 313 0 0 11 0 4 0 0 0 0 0 18 0 0 35 0 0 1017 0 615 468 0 0 718 0 8 9712 0 0 0 438 3 0 0 0 0 0 0 7 77 0 0 1 0 0 0 0 4 0 0 0 0 0 0 0 6 0 0 8 0 0 163 0 114 0 5 0 0 0 165 0 81 0 5 0 0 0 0 0 0 0 0 0 0 0 0 1 0 0 0 31 0 0 0 1 0 0 0 1 0 3 0 0 0 0 0 0 0 0 0 0 0 0 0 0 0 0 0 0 0 0 0 0 0 
84 4 193 297 4 160 3450 136 5 1 1 37 39 424 550 275 2 345 441 10 176 5382 313 9870 280 106 11168 14404 72 79 2 4761 92465 3760 10849 76 1 337 468 1 66 36 85 1 17 595 15 0 39 48 19 69 0 1 2 2 6 88 107 58 0 35 59 2 28 2141 61 2759 17 23 0 103 78 1405 31 2714 7 99 1 77 54 0 0 0 0 0 1 3 0 0 0 0 11 6 237 20 127 18 49 0 11 7 3 0 7 0 1 16 11 0 0 2 0 17 28 0 6 0 0 1 0 0 0 0 0 0 6 2 1 
0 4 0 0 5 245 0 0 3 0 3 0 0 0 0 0 5 0 0 5 0 0 282 0 533 175 0 0 519 0 0 8588 0 0 0 229 1 0 0 0 0 0 0 3 24 0 0 0 0 0 0 0 3 0 0 0 0 0 0 0 1 0 0 2 0 0 165 0 104 0 1 0 0 0 114 0 27 0 3 0 0 0 0 0 0 1 0 0 0 0 0 1 0 0 0 61 0 0 0 3 0 0 0 0 0 0 0 0 0 0 0 0 0 0 0 0 0 0 0 0 0 0 0 0 0 0 0 0 0 
0 3 0 0 11 151 0 0 2 0 1 0 0 0 0 0 24 0 0 13 0 0 177 0 343 462 0 0 435 0 0 4044 0 0 0 558 19 0 0 0 0 0 0 3 18 0 0 1 0 0 0 0 4 0 0 0 0 0 0 0 5 0 0 1 0 0 13 0 67 0 1 0 0 0 44 0 92 0 2 0 0 0 0 0 0 0 0 0 0 0 0 0 0 0 0 14 0 0 0 1 0 0 0 0 0 0 0 0 0 0 0 0 0 0 0 0 0 0 0 0 0 0 0 0 0 0 0 0 0 
0 4 0 0 8 161 0 0 6 0 0 0 0 0 0 0 16 0 0 20 0 0 453 0 386 329 0 0 441 0 4 4624 0 0 0 297 3 0 0 0 0 0 0 0 15 0 0 2 0 0 0 0 2 0 0 0 0 0 0 0 2 0 0 0 0 0 0 0 63 0 0 0 0 0 0 0 30 0 0 0 0 0 0 0 0 0 0 0 0 0 0 0 0 0 0 0 0 0 0 0 0 0 0 0 0 0 0 0 0 0 0 0 0 0 0 0 0 0 0 0 0 0 0 0 0 0 0 0 0 
0 4 0 0 6 248 0 0 6 0 0 0 0 0 0 0 15 0 0 16 0 0 633 0 523 200 0 0 613 0 4 9409 0 0 0 213 2 0 0 0 0 0 0 2 55 0 0 0 0 0 0 0 2 0 0 0 0 0 0 0 4 0 0 0 0 0 0 0 163 0 0 0 0 0 0 0 29 0 0 0 0 0 0 0 0 0 0 0 0 0 0 0 0 0 0 0 0 0 0 0 0 0 0 0 0 0 0 0 0 0 0 0 0 0 0 0 0 0 0 0 0 0 0 0 0 0 0 0 0 
0 2 0 0 5 83 0 0 1 0 0 0 0 0 0 0 15 0 0 5 0 0 79 0 184 208 0 0 154 0 0 1965 0 0 0 179 3 0 0 0 0 0 0 0 2 0 0 0 0 0 0 0 1 0 0 0 0 0 0 0 1 0 0 0 0 0 0 0 22 0 0 0 0 0 0 0 43 0 0 0 0 0 0 0 0 0 0 0 0 0 0 0 0 0 0 0 0 0 0 0 0 0 0 0 0 0 0 0 0 0 0 0 0 0 0 0 0 0 0 0 0 0 0 0 0 0 0 0 0 
0 3 0 0 5 103 0 0 3 0 0 0 0 0 0 0 17 0 0 9 0 0 183 0 317 158 0 0 34 0 1 1845 0 0 0 123 4 0 0 0 0 0 0 1 11 0 0 0 0 0 0 0 0 0 0 0 0 0 0 0 0 0 0 0 0 0 0 0 8 0 0 0 0 0 0 0 21 0 0 0 0 0 0 0 0 0 0 0 0 0 0 0 0 0 0 0 0 0 0 0 0 0 0 0 0 0 0 0 0 0 0 0 0 0 0 0 0 0 0 0 0 0 0 0 0 0 0 0 0 
0 5 0 0 12 137 0 0 9 0 1 0 0 0 0 0 29 0 0 36 0 0 443 0 325 671 0 0 342 0 7 1880 0 0 0 282 9 0 0 0 0 0 0 2 23 0 0 2 0 0 0 0 2 0 0 0 0 0 0 0 5 0 0 3 0 0 25 0 28 0 4 0 0 0 27 0 61 0 1 0 0 0 0 0 0 0 0 0 0 0 0 0 0 0 0 3 0 0 0 0 0 0 0 1 0 0 0 0 0 0 0 0 0 0 0 0 0 0 0 0 0 0 0 0 0 0 0 0 0 
0 5 0 0 13 117 0 0 9 0 1 0 0 0 0 0 37 0 0 43 0 0 404 0 274 497 0 0 351 0 7 1568 0 0 0 267 8 0 0 0 0 0 0 5 17 0 0 0 0 0 0 0 4 0 0 0 0 0 0 0 4 0 0 3 0 0 22 0 29 0 2 0 0 0 2 0 59 0 2 0 0 0 0 0 0 0 0 0 0 0 0 0 0 0 0 1 0 0 0 0 0 0 0 0 0 0 0 0 0 0 0 0 0 0 0 0 0 0 0 0 0 0 0 0 0 0 0 0 0 
14 5 29 64 9 217 89 18 8 0 2 2 6 50 127 102 16 67 68 26 38 938 610 215 370 384 2598 318 372 8 4 5846 341 402 374 415 6 95 27 0 18 8 1 3 31 5 8 0 0 0 0 0 0 0 0 0 1 0 0 22 1 4 7 6 6 413 63 22 49 14 1 9 4 58 110 65 80 0 3 16 2 0 0 0 0 0 1 0 0 0 0 0 2 1 6 10 1 1 0 0 0 0 0 1 0 0 2 0 1 0 0 0 0 0 0 1 5 0 0 0 0 0 0 0 0 0 0 0 0 
0 5 0 0 12 241 0 0 10 0 0 0 0 0 0 0 29 0 0 44 0 0 858 0 508 411 0 0 330 0 10 7528 0 0 0 382 15 0 0 0 0 0 0 4 51 0 0 0 0 0 0 0 4 0 0 0 0 0 0 0 3 0 0 0 0 0 0 0 99 0 0 0 0 0 0 0 64 0 0 0 0 0 0 0 0 0 0 0 0 0 0 0 0 0 0 0 0 0 0 0 0 0 0 0 0 0 0 0 0 0 0 0 0 0 0 0 0 0 0 0 0 0 0 0 0 0 0 0 0 
0 5 0 0 11 271 0 0 10 0 0 0 0 0 0 0 27 0 0 40 0 0 946 0 528 422 0 0 480 0 10 8684 0 0 0 516 8 0 0 0 0 0 0 4 67 0 0 0 0 0 0 0 3 0 0 0 0 0 0 0 5 0 0 0 0 0 0 0 91 0 0 0 0 0 0 0 77 0 0 0 0 0 0 0 0 0 0 0 0 0 0 0 0 0 0 0 0 0 0 0 0 0 0 0 0 0 0 0 0 0 0 0 0 0 0 0 0 0 0 0 0 0 0 0 0 0 0 0 0 
0 4 0 0 10 187 0 0 6 0 0 0 0 0 0 0 26 0 0 27 0 0 506 0 410 398 0 0 305 0 4 5242 0 0 0 440 8 0 0 0 0 0 0 3 26 0 0 0 0 0 0 0 3 0 0 0 0 0 0 0 5 0 0 0 0 0 0 0 47 0 0 0 0 0 0 0 70 0 0 0 0 0 0 0 0 0 0 0 0 0 0 0 0 0 0 0 0 0 0 0 0 0 0 0 0 0 0 0 0 0 0 0 0 0 0 0 0 0 0 0 0 0 0 0 0 0 0 0 0 
0 3 0 0 9 248 0 0 1 0 2 0 0 0 0 0 22 0 0 5 0 0 121 0 488 271 0 0 410 0 0 10341 0 0 0 575 15 0 0 0 0 0 0 1 22 0 0 0 0 0 0 0 3 0 0 0 0 0 0 0 3 0 0 0 0 0 152 0 112 0 3 0 0 0 117 0 57 0 8 0 0 0 0 0 0 0 0 0 0 0 0 0 0 0 0 30 0 0 0 1 0 0 0 0 0 1 0 0 0 0 0 0 0 0 0 0 0 0 0 0 0 0 0 0 0 0 0 0 0 
0 1 0 0 4 83 0 0 0 0 0 0 0 0 0 0 4 0 0 0 0 0 0 0 136 160 0 0 193 0 0 3367 0 0 0 293 5 0 0 0 0 0 0 0 0 0 0 0 0 0 0 0 1 0 0 0 0 0 0 0 1 0 0 0 0 0 0 0 37 0 0 0 0 0 0 0 39 0 0 0 0 0 0 0 0 0 0 0 0 0 0 0 0 0 0 0 0 0 0 0 0 0 0 0 0 0 0 0 0 0 0 0 0 0 0 0 0 0 0 0 0 0 0 0 0 0 0 0 0 
0 3 0 0 8 155 0 0 3 0 0 0 0 0 0 0 11 0 0 13 0 0 273 0 300 284 0 0 254 0 1 4658 0 0 0 418 7 0 0 0 0 0 0 3 17 0 0 0 0 0 0 0 2 0 0 0 0 0 0 0 1 0 0 0 0 0 0 0 42 0 0 0 0 0 0 0 58 0 0 0 0 0 0 0 0 0 0 0 0 0 0 0 0 0 0 0 0 0 0 0 0 0 0 0 0 0 0 0 0 0 0 0 0 0 0 0 0 0 0 0 0 0 0 0 0 0 0 0 0 
0 2 0 0 8 116 0 0 1 0 0 0 0 0 0 0 17 0 0 7 0 0 101 0 216 318 0 0 291 0 0 3887 0 0 0 401 7 0 0 0 0 0 0 1 7 0 0 0 0 0 0 0 3 0 0 0 0 0 0 0 5 0 0 0 0 0 0 0 45 0 0 0 0 0 0 0 61 0 0 0 0 0 0 0 0 0 0 0 0 0 0 0 0 0 0 0 0 0 0 0 0 0 0 0 0 0 0 0 0 0 0 0 0 0 0 0 0 0 0 0 0 0 0 0 0 0 0 0 0 
0 3 0 0 7 225 0 0 2 0 1 0 0 0 0 0 5 0 0 4 0 0 254 0 391 259 0 0 427 0 0 8450 0 0 0 433 5 0 0 0 0 0 0 4 27 0 0 1 0 0 0 0 0 0 0 0 0 0 0 0 1 0 0 1 0 0 51 0 93 0 1 0 0 0 76 0 71 0 2 0 0 0 0 0 0 0 0 0 0 0 0 0 0 0 0 7 0 0 0 0 0 0 0 1 0 0 0 0 0 0 0 0 0 0 0 1 0 0 0 0 0 0 0 0 0 0 0 0 0 
0 3 0 0 7 132 0 0 3 0 0 0 0 0 0 0 8 0 0 11 0 0 241 0 252 238 0 0 411 0 1 3986 0 0 0 377 8 0 0 0 0 0 0 3 10 0 0 0 0 0 0 0 1 0 0 0 0 0 0 0 1 0 0 0 0 0 0 0 51 0 0 0 0 0 0 0 51 0 0 0 0 0 0 0 0 0 0 0 0 0 0 0 0 0 0 0 0 0 0 0 0 0 0 0 0 0 0 0 0 0 0 0 0 0 0 0 0 0 0 0 0 0 0 0 0 0 0 0 0 
0 5 0 0 7 394 0 0 8 0 2 0 0 0 0 0 11 0 0 20 0 0 1027 0 665 199 0 0 561 0 4 16131 0 0 0 501 4 0 0 0 0 0 0 3 119 0 0 0 0 0 0 0 2 0 0 0 0 0 0 0 0 0 0 6 0 0 156 0 158 0 1 0 0 0 98 0 40 0 3 0 0 0 0 0 0 0 0 0 0 0 0 0 0 0 0 27 0 0 0 1 0 0 0 0 0 0 0 0 0 0 0 0 0 0 0 0 0 0 0 0 0 0 0 0 0 0 0 0 0 
0 1 0 0 4 83 0 0 0 0 0 0 0 0 0 0 4 0 0 0 0 0 0 0 136 160 0 0 193 0 0 3367 0 0 0 293 5 0 0 0 0 0 0 0 0 0 0 0 0 0 0 0 1 0 0 0 0 0 0 0 1 0 0 0 0 0 0 0 37 0 0 0 0 0 0 0 39 0 0 0 0 0 0 0 0 0 0 0 0 0 0 0 0 0 0 0 0 0 0 0 0 0 0 0 0 0 0 0 0 0 0 0 0 0 0 0 0 0 0 0 0 0 0 0 0 0 0 0 0 
0 3 0 0 13 204 0 0 1 0 2 0 0 0 0 0 23 0 0 7 0 0 95 0 399 473 0 0 404 0 0 6897 0 0 0 757 20 0 0 0 0 0 0 2 13 0 0 0 0 0 0 0 5 0 0 0 0 0 0 0 4 0 0 0 0 0 144 0 76 0 6 0 0 0 105 0 124 0 6 0 0 0 0 0 0 1 0 0 0 0 0 0 0 0 0 18 0 0 0 1 0 0 0 0 0 0 0 0 0 0 0 0 0 0 0 2 0 0 0 0 0 0 0 0 0 0 0 0 0 
0 4 0 0 10 332 0 0 4 0 2 0 0 0 0 0 21 0 0 13 0 0 508 0 580 293 0 0 583 0 1 13783 0 0 0 651 15 0 0 0 0 0 0 4 77 0 0 1 0 0 0 0 3 0 0 0 0 0 0 0 3 0 0 2 0 0 152 0 156 0 3 0 0 0 117 0 64 0 8 0 0 0 0 0 0 0 0 0 0 0 0 0 0 0 0 30 0 0 0 1 0 0 0 0 0 1 0 0 0 0 0 0 0 0 0 0 0 0 0 0 0 0 0 0 0 0 0 0 0 
0 2 0 0 6 168 0 0 1 0 0 0 0 0 0 0 11 0 0 5 0 0 140 0 317 243 0 0 296 0 0 6919 0 0 0 451 6 0 0 0 0 0 0 1 14 0 0 0 0 0 0 0 2 0 0 0 0 0 0 0 1 0 0 0 0 0 0 0 55 0 0 0 0 0 0 0 49 0 0 0 0 0 0 0 0 0 0 0 0 0 0 0 0 0 0 0 0 0 0 0 0 0 0 0 0 0 0 0 0 0 0 0 0 0 0 0 0 0 0 0 0 0 0 0 0 0 0 0 0 
0 1 0 0 4 83 0 0 0 0 0 0 0 0 0 0 4 0 0 0 0 0 0 0 136 160 0 0 193 0 0 3367 0 0 0 293 5 0 0 0 0 0 0 0 0 0 0 0 0 0 0 0 1 0 0 0 0 0 0 0 1 0 0 0 0 0 0 0 37 0 0 0 0 0 0 0 39 0 0 0 0 0 0 0 0 0 0 0 0 0 0 0 0 0 0 0 0 0 0 0 0 0 0 0 0 0 0 0 0 0 0 0 0 0 0 0 0 0 0 0 0 0 0 0 0 0 0 0 0 
0 2 0 0 6 168 0 0 1 0 0 0 0 0 0 0 11 0 0 5 0 0 140 0 317 243 0 0 296 0 0 6919 0 0 0 451 6 0 0 0 0 0 0 1 14 0 0 0 0 0 0 0 2 0 0 0 0 0 0 0 1 0 0 0 0 0 0 0 55 0 0 0 0 0 0 0 49 0 0 0 0 0 0 0 0 0 0 0 0 0 0 0 0 0 0 0 0 0 0 0 0 0 0 0 0 0 0 0 0 0 0 0 0 0 0 0 0 0 0 0 0 0 0 0 0 0 0 0 0 
0 2 0 0 3 184 0 0 0 0 1 0 0 0 0 0 4 0 0 0 0 0 0 0 387 79 0 0 305 0 0 8351 0 0 0 230 3 0 0 0 0 0 0 0 0 0 0 0 0 0 0 0 1 0 0 0 0 0 0 0 0 0 0 0 0 0 81 0 104 0 0 0 0 0 64 0 19 0 2 0 0 0 0 0 0 0 0 0 0 0 0 0 0 0 0 19 0 0 0 1 0 0 0 0 0 0 0 0 0 0 0 0 0 0 0 0 0 0 0 0 0 0 0 0 0 0 0 0 0 
0 1 0 0 4 83 0 0 0 0 0 0 0 0 0 0 4 0 0 0 0 0 0 0 136 160 0 0 193 0 0 3367 0 0 0 293 5 0 0 0 0 0 0 0 0 0 0 0 0 0 0 0 1 0 0 0 0 0 0 0 1 0 0 0 0 0 0 0 37 0 0 0 0 0 0 0 39 0 0 0 0 0 0 0 0 0 0 0 0 0 0 0 0 0 0 0 0 0 0 0 0 0 0 0 0 0 0 0 0 0 0 0 0 0 0 0 0 0 0 0 0 0 0 0 0 0 0 0 0 
0 2 0 0 6 168 0 0 1 0 0 0 0 0 0 0 11 0 0 5 0 0 140 0 317 243 0 0 296 0 0 6919 0 0 0 451 6 0 0 0 0 0 0 1 14 0 0 0 0 0 0 0 2 0 0 0 0 0 0 0 1 0 0 0 0 0 0 0 55 0 0 0 0 0 0 0 49 0 0 0 0 0 0 0 0 0 0 0 0 0 0 0 0 0 0 0 0 0 0 0 0 0 0 0 0 0 0 0 0 0 0 0 0 0 0 0 0 0 0 0 0 0 0 0 0 0 0 0 0 
0 3 0 0 8 194 0 0 1 0 2 0 0 0 0 0 11 0 0 4 0 0 126 0 367 382 0 0 456 0 0 7053 0 0 0 434 7 0 0 0 0 0 0 1 19 0 0 0 0 0 0 0 1 0 0 0 0 0 0 0 2 0 0 0 0 0 155 0 78 0 3 0 0 0 47 0 60 0 4 0 0 0 0 0 0 0 0 0 0 0 0 1 0 0 0 10 0 0 0 0 0 0 0 1 0 0 0 0 0 0 0 0 0 0 0 2 0 0 0 0 0 0 0 0 0 0 0 0 0 
0 4 0 0 13 261 0 0 4 0 2 0 0 0 0 0 16 0 0 17 0 0 484 0 442 585 0 0 513 0 1 10255 0 0 0 572 16 0 0 0 0 0 0 5 53 0 0 1 0 0 0 0 1 0 0 0 0 0 0 0 7 0 0 2 0 0 160 0 93 0 2 0 0 0 17 0 75 0 10 0 0 0 0 0 0 0 0 0 0 0 0 1 0 0 0 5 0 0 0 2 0 0 0 1 0 0 0 0 0 0 0 0 0 0 0 0 0 0 0 0 0 0 0 0 0 0 0 0 0 
0 3 0 0 8 210 0 0 3 0 0 0 0 0 0 0 12 0 0 15 0 0 354 0 389 331 0 0 309 0 1 7779 0 0 0 522 7 0 0 0 0 0 0 1 33 0 0 0 0 0 0 0 2 0 0 0 0 0 0 0 1 0 0 0 0 0 0 0 56 0 0 0 0 0 0 0 62 0 0 0 0 0 0 0 0 0 0 0 0 0 0 0 0 0 0 0 0 0 0 0 0 0 0 0 0 0 0 0 0 0 0 0 0 0 0 0 0 0 0 0 0 0 0 0 0 0 0 0 0 
0 2 0 0 10 126 0 0 1 0 0 0 0 0 0 0 16 0 0 8 0 0 120 0 218 365 0 0 271 0 0 4266 0 0 0 511 17 0 0 0 0 0 0 0 3 0 0 1 0 0 0 0 4 0 0 0 0 0 0 0 4 0 0 0 0 0 0 0 41 0 0 0 0 0 0 0 75 0 0 0 0 0 0 0 0 0 0 0 0 0 0 0 0 0 0 0 0 0 0 0 0 0 0 0 0 0 0 0 0 0 0 0 0 0 0 0 0 0 0 0 0 0 0 0 0 0 0 0 0 
0 2 0 0 10 147 0 0 0 0 1 0 0 0 0 0 23 0 0 0 0 0 0 0 283 352 0 0 299 0 0 5357 0 0 0 637 17 0 0 0 0 0 0 0 0 0 0 0 0 0 0 0 3 0 0 0 0 0 0 0 4 0 0 0 0 0 71 0 45 0 4 0 0 0 54 0 77 0 6 0 0 0 0 0 0 0 0 0 0 0 0 0 0 0 0 11 0 0 0 0 0 0 0 0 0 0 0 0 0 0 0 0 0 0 0 0 0 0 0 0 0 0 0 0 0 0 0 0 0 
0 3 0 0 3 201 0 0 2 0 1 0 0 0 0 0 3 0 0 2 0 0 199 0 404 79 0 0 506 0 0 8480 0 0 0 230 3 0 0 0 0 0 0 1 9 0 0 0 0 0 0 0 1 0 0 0 0 0 0 0 0 0 0 1 0 0 81 0 112 0 0 0 0 0 64 0 19 0 2 0 0 0 0 0 0 0 0 0 0 0 0 0 0 0 0 19 0 0 0 1 0 0 0 0 0 0 0 0 0 0 0 0 0 0 0 0 0 0 0 0 0 0 0 0 0 0 0 0 0 
0 3 0 0 12 144 0 0 2 0 1 0 0 0 0 0 23 0 0 13 0 0 159 0 279 593 0 0 403 0 0 4209 0 0 0 491 12 0 0 0 0 0 0 2 8 0 0 1 0 0 0 0 3 0 0 0 0 0 0 0 6 0 0 1 0 0 76 0 47 0 2 0 0 0 22 0 80 0 2 0 0 0 0 0 0 0 0 0 0 0 0 0 0 0 0 6 0 0 0 0 0 0 0 1 0 0 0 0 0 0 0 0 0 0 0 2 0 0 0 0 0 0 0 0 0 0 0 0 0 
0 2 0 0 6 141 0 0 0 0 1 0 0 0 0 0 7 0 0 0 0 0 0 0 241 237 0 0 255 0 0 5008 0 0 0 357 5 0 0 0 0 0 0 0 0 0 0 0 0 0 0 0 0 0 0 0 0 0 0 0 1 0 0 0 0 0 51 0 49 0 1 0 0 0 76 0 64 0 2 0 0 0 0 0 0 0 0 0 0 0 0 0 0 0 0 7 0 0 0 0 0 0 0 1 0 0 0 0 0 0 0 0 0 0 0 1 0 0 0 0 0 0 0 0 0 0 0 0 0 
0 3 0 0 8 171 0 0 2 0 1 0 0 0 0 0 12 0 0 5 0 0 183 0 313 271 0 0 302 0 0 5439 0 0 0 411 6 0 0 0 0 0 0 4 7 0 0 1 0 0 0 0 1 0 0 0 0 0 0 0 1 0 0 1 0 0 51 0 53 0 1 0 0 0 76 0 70 0 2 0 0 0 0 0 0 0 0 0 0 0 0 0 0 0 0 7 0 0 0 0 0 0 0 1 0 0 0 0 0 0 0 0 0 0 0 1 0 0 0 0 0 0 0 0 0 0 0 0 0 
0 4 0 0 14 213 0 0 5 0 1 0 0 0 0 0 28 0 0 30 0 0 490 0 396 539 0 0 411 0 2 7437 0 0 0 606 13 0 0 0 0 0 0 4 26 0 0 0 0 0 0 0 4 0 0 0 0 0 0 0 6 0 0 2 0 0 79 0 61 0 3 0 0 0 10 0 72 0 3 0 0 0 0 0 0 0 0 0 0 0 0 0 0 0 0 3 0 0 0 0 0 0 0 0 0 0 0 0 0 0 0 0 0 0 0 1 0 0 0 0 0 0 0 0 0 0 0 0 0 
0 3 0 0 6 208 0 0 2 0 1 0 0 0 0 0 5 0 0 9 0 0 232 0 395 197 0 0 347 0 0 7595 0 0 0 406 5 0 0 0 0 0 0 1 29 0 0 0 0 0 0 0 1 0 0 0 0 0 0 0 1 0 0 1 0 0 75 0 73 0 1 0 0 0 34 0 50 0 1 0 0 0 0 0 0 0 0 0 0 0 0 0 0 0 0 8 0 0 0 0 0 0 0 0 0 0 0 0 0 0 0 0 0 0 0 0 0 0 0 0 0 0 0 0 0 0 0 0 0 
0 5 0 0 10 251 0 0 4 0 6 0 0 0 0 0 15 0 0 11 0 0 361 0 517 402 0 0 411 0 0 8980 0 0 0 344 11 0 0 0 0 0 0 2 15 0 0 1 0 0 0 0 0 0 0 0 0 0 0 0 1 0 0 3 0 0 360 0 90 0 10 0 0 0 167 0 29 0 9 0 0 0 0 0 0 1 0 0 0 0 0 1 0 0 0 41 0 0 0 2 0 0 0 2 0 4 0 0 0 0 0 0 0 0 0 2 0 0 0 0 0 0 0 0 0 1 0 0 0 
0 5 0 0 16 294 0 0 7 0 4 0 0 0 0 0 40 0 0 40 0 0 703 0 588 507 0 0 322 0 4 9758 0 0 0 787 15 0 0 0 0 0 0 3 40 0 0 0 0 0 0 0 2 0 0 0 0 0 0 0 6 0 0 4 0 0 235 0 58 0 11 0 0 0 248 0 102 0 11 0 0 0 0 0 0 0 0 0 0 0 0 3 0 0 0 26 0 0 0 1 0 0 0 2 0 2 0 0 0 0 0 0 0 0 0 1 0 0 0 0 0 0 0 0 0 0 0 0 0 
0 2 0 0 8 95 0 0 0 0 1 0 0 0 0 0 10 0 0 0 0 0 0 0 151 298 0 0 212 0 0 3365 0 0 0 340 10 0 0 0 0 0 0 0 0 0 0 0 0 0 0 0 1 0 0 0 0 0 0 0 2 0 0 0 0 0 79 0 35 0 3 0 0 0 10 0 40 0 3 0 0 0 0 0 0 0 0 0 0 0 0 0 0 0 0 3 0 0 0 0 0 0 0 0 0 0 0 0 0 0 0 0 0 0 0 1 0 0 0 0 0 0 0 0 0 0 0 0 0 
0 3 0 0 14 110 0 0 3 0 0 0 0 0 0 0 17 0 0 20 0 0 204 0 179 783 0 0 251 0 1 3539 0 0 0 385 27 0 0 0 0 0 0 4 6 0 0 2 0 0 0 0 2 0 0 0 0 0 0 0 9 0 0 0 0 0 0 0 40 0 0 0 0 0 0 0 67 0 0 0 0 0 0 0 0 0 0 0 0 0 0 0 0 0 0 0 0 0 0 0 0 0 0 0 0 0 0 0 0 0 0 0 0 0 0 0 0 0 0 0 0 0 0 0 0 0 0 0 0 
0 2 0 0 10 147 0 0 0 0 1 0 0 0 0 0 23 0 0 0 0 0 0 0 283 352 0 0 299 0 0 5357 0 0 0 637 17 0 0 0 0 0 0 0 0 0 0 0 0 0 0 0 3 0 0 0 0 0 0 0 4 0 0 0 0 0 71 0 45 0 4 0 0 0 54 0 77 0 6 0 0 0 0 0 0 0 0 0 0 0 0 0 0 0 0 11 0 0 0 0 0 0 0 0 0 0 0 0 0 0 0 0 0 0 0 0 0 0 0 0 0 0 0 0 0 0 0 0 0 
0 3 0 0 6 188 0 0 2 0 1 0 0 0 0 0 7 0 0 6 0 0 205 0 366 237 0 0 255 0 0 6089 0 0 0 357 5 0 0 0 0 0 0 0 15 0 0 0 0 0 0 0 0 0 0 0 0 0 0 0 1 0 0 1 0 0 51 0 49 0 1 0 0 0 76 0 64 0 2 0 0 0 0 0 0 0 0 0 0 0 0 0 0 0 0 7 0 0 0 0 0 0 0 1 0 0 0 0 0 0 0 0 0 0 0 1 0 0 0 0 0 0 0 0 0 0 0 0 0 
0 3 0 0 5 184 0 0 3 0 0 0 0 0 0 0 4 0 0 8 0 0 304 0 315 184 0 0 569 0 1 6938 0 0 0 369 5 0 0 0 0 0 0 2 31 0 0 0 0 0 0 0 1 0 0 0 0 0 0 0 1 0 0 0 0 0 0 0 89 0 0 0 0 0 0 0 46 0 0 0 0 0 0 0 0 0 0 0 0 0 0 0 0 0 0 0 0 0 0 0 0 0 0 0 0 0 0 0 0 0 0 0 0 0 0 0 0 0 0 0 0 0 0 0 0 0 0 0 0 
0 7 0 0 7 347 0 0 16 0 5 0 0 0 0 0 15 0 0 29 0 0 1367 0 622 241 0 0 632 0 14 12683 0 0 0 333 4 0 0 0 0 0 0 4 80 0 0 0 0 0 0 0 1 0 0 0 0 0 0 0 0 0 0 17 0 0 328 0 142 0 3 0 0 0 160 0 28 0 5 0 0 0 0 0 0 3 0 0 0 0 0 1 0 0 0 31 0 0 0 1 0 0 0 0 0 0 0 0 0 0 0 0 0 0 0 0 0 0 0 0 0 0 0 0 0 0 0 0 0 
0 2 0 0 6 99 0 0 1 0 0 0 0 0 0 0 11 0 0 5 0 0 90 0 174 307 0 0 192 0 0 3487 0 0 0 323 6 0 0 0 0 0 0 1 4 0 0 0 0 0 0 0 1 0 0 0 0 0 0 0 1 0 0 0 0 0 0 0 37 0 0 0 0 0 0 0 41 0 0 0 0 0 0 0 0 0 0 0 0 0 0 0 0 0 0 0 0 0 0 0 0 0 0 0 0 0 0 0 0 0 0 0 0 0 0 0 0 0 0 0 0 0 0 0 0 0 0 0 0 
0 1 0 0 4 83 0 0 0 0 0 0 0 0 0 0 4 0 0 0 0 0 0 0 136 160 0 0 193 0 0 3367 0 0 0 293 5 0 0 0 0 0 0 0 0 0 0 0 0 0 0 0 1 0 0 0 0 0 0 0 1 0 0 0 0 0 0 0 37 0 0 0 0 0 0 0 39 0 0 0 0 0 0 0 0 0 0 0 0 0 0 0 0 0 0 0 0 0 0 0 0 0 0 0 0 0 0 0 0 0 0 0 0 0 0 0 0 0 0 0 0 0 0 0 0 0 0 0 0 
0 1 0 0 4 83 0 0 0 0 0 0 0 0 0 0 4 0 0 0 0 0 0 0 136 160 0 0 193 0 0 3367 0 0 0 293 5 0 0 0 0 0 0 0 0 0 0 0 0 0 0 0 1 0 0 0 0 0 0 0 1 0 0 0 0 0 0 0 37 0 0 0 0 0 0 0 39 0 0 0 0 0 0 0 0 0 0 0 0 0 0 0 0 0 0 0 0 0 0 0 0 0 0 0 0 0 0 0 0 0 0 0 0 0 0 0 0 0 0 0 0 0 0 0 0 0 0 0 0 
0 5 0 0 10 285 0 0 5 0 5 0 0 0 0 0 7 0 0 18 0 0 534 0 540 363 0 0 651 0 0 9137 0 0 0 535 8 0 0 0 0 0 0 4 44 0 0 1 0 0 0 0 3 0 0 0 0 0 0 0 1 0 0 6 0 0 300 0 118 0 7 0 0 0 156 0 106 0 3 0 0 0 0 0 0 0 0 0 0 0 0 1 0 0 0 29 0 0 0 2 0 0 0 1 0 2 0 0 0 0 0 0 0 0 0 2 0 0 0 0 0 0 0 0 0 1 0 0 0 
0 3 0 0 9 227 0 0 2 0 1 0 0 0 0 0 16 0 0 13 0 0 248 0 451 284 0 0 383 0 0 9250 0 0 0 448 15 0 0 0 0 0 0 0 11 0 0 1 0 0 0 0 4 0 0 0 0 0 0 0 3 0 0 1 0 0 81 0 108 0 0 0 0 0 64 0 55 0 2 0 0 0 0 0 0 0 0 0 0 0 0 0 0 0 0 19 0 0 0 1 0 0 0 0 0 0 0 0 0 0 0 0 0 0 0 0 0 0 0 0 0 0 0 0 0 0 0 0 0 
0 2 0 0 6 99 0 0 1 0 0 0 0 0 0 0 11 0 0 5 0 0 90 0 174 307 0 0 192 0 0 3487 0 0 0 323 6 0 0 0 0 0 0 1 4 0 0 0 0 0 0 0 1 0 0 0 0 0 0 0 1 0 0 0 0 0 0 0 37 0 0 0 0 0 0 0 41 0 0 0 0 0 0 0 0 0 0 0 0 0 0 0 0 0 0 0 0 0 0 0 0 0 0 0 0 0 0 0 0 0 0 0 0 0 0 0 0 0 0 0 0 0 0 0 0 0 0 0 0 
0 3 0 0 7 122 0 0 2 0 1 0 0 0 0 0 10 0 0 7 0 0 138 0 232 292 0 0 242 0 0 3834 0 0 0 287 4 0 0 0 0 0 0 2 6 0 0 0 0 0 0 0 2 0 0 0 0 0 0 0 1 0 0 1 0 0 5 0 41 0 2 0 0 0 79 0 40 0 3 0 0 0 0 0 0 0 0 0 0 0 0 0 0 0 0 4 0 0 0 0 0 0 0 0 0 0 0 0 0 0 0 0 0 0 0 0 0 0 0 0 0 0 0 0 0 0 0 0 0 
0 4 0 0 8 301 0 0 5 0 1 0 0 0 0 0 18 0 0 19 0 0 595 0 559 261 0 0 578 0 2 12313 0 0 0 414 5 0 0 0 0 0 0 2 61 0 0 0 0 0 0 0 3 0 0 0 0 0 0 0 4 0 0 2 0 0 81 0 156 0 0 0 0 0 64 0 48 0 2 0 0 0 0 0 0 0 0 0 0 0 0 0 0 0 0 19 0 0 0 1 0 0 0 0 0 0 0 0 0 0 0 0 0 0 0 0 0 0 0 0 0 0 0 0 0 0 0 0 0 
0 2 0 0 8 111 0 0 0 0 1 0 0 0 0 0 11 0 0 0 0 0 0 0 203 437 0 0 306 0 0 3689 0 0 0 383 10 0 0 0 0 0 0 0 0 0 0 0 0 0 0 0 1 0 0 0 0 0 0 0 2 0 0 0 0 0 76 0 39 0 2 0 0 0 22 0 58 0 2 0 0 0 0 0 0 0 0 0 0 0 0 0 0 0 0 6 0 0 0 0 0 0 0 1 0 0 0 0 0 0 0 0 0 0 0 2 0 0 0 0 0 0 0 0 0 0 0 0 0 
0 2 0 0 5 167 0 0 1 0 0 0 0 0 0 0 5 0 0 4 0 0 126 0 302 184 0 0 368 0 0 6809 0 0 0 369 5 0 0 0 0 0 0 1 20 0 0 0 0 0 0 0 1 0 0 0 0 0 0 0 1 0 0 0 0 0 0 0 81 0 0 0 0 0 0 0 46 0 0 0 0 0 0 0 0 0 0 0 0 0 0 0 0 0 0 0 0 0 0 0 0 0 0 0 0 0 0 0 0 0 0 0 0 0 0 0 0 0 0 0 0 0 0 0 0 0 0 0 0 
0 1 0 0 6 43 0 0 0 0 0 0 0 0 0 0 12 0 0 0 0 0 0 0 90 207 0 0 78 0 0 899 0 0 0 218 12 0 0 0 0 0 0 0 0 0 0 0 0 0 0 0 3 0 0 0 0 0 0 0 3 0 0 0 0 0 0 0 4 0 0 0 0 0 0 0 36 0 0 0 0 0 0 0 0 0 0 0 0 0 0 0 0 0 0 0 0 0 0 0 0 0 0 0 0 0 0 0 0 0 0 0 0 0 0 0 0 0 0 0 0 0 0 0 0 0 0 0 0 
0 1 0 0 6 43 0 0 0 0 0 0 0 0 0 0 12 0 0 0 0 0 0 0 90 207 0 0 78 0 0 899 0 0 0 218 12 0 0 0 0 0 0 0 0 0 0 0 0 0 0 0 3 0 0 0 0 0 0 0 3 0 0 0 0 0 0 0 4 0 0 0 0 0 0 0 36 0 0 0 0 0 0 0 0 0 0 0 0 0 0 0 0 0 0 0 0 0 0 0 0 0 0 0 0 0 0 0 0 0 0 0 0 0 0 0 0 0 0 0 0 0 0 0 0 0 0 0 0 
0 4 0 0 11 238 0 0 4 0 2 0 0 0 0 0 16 0 0 14 0 0 406 0 512 427 0 0 433 0 0 8124 0 0 0 413 11 0 0 0 0 0 0 5 33 0 0 2 0 0 0 0 4 0 0 0 0 0 0 0 5 0 0 4 0 0 103 0 113 0 1 0 0 0 68 0 78 0 5 0 0 0 0 0 0 0 0 0 0 0 0 0 0 0 0 32 0 0 0 2 0 0 0 1 0 0 0 0 0 0 0 0 0 0 0 1 0 0 0 0 0 0 0 0 0 0 0 0 0 
0 1 0 0 6 43 0 0 0 0 0 0 0 0 0 0 12 0 0 0 0 0 0 0 90 207 0 0 78 0 0 899 0 0 0 218 12 0 0 0 0 0 0 0 0 0 0 0 0 0 0 0 3 0 0 0 0 0 0 0 3 0 0 0 0 0 0 0 4 0 0 0 0 0 0 0 36 0 0 0 0 0 0 0 0 0 0 0 0 0 0 0 0 0 0 0 0 0 0 0 0 0 0 0 0 0 0 0 0 0 0 0 0 0 0 0 0 0 0 0 0 0 0 0 0 0 0 0 0 
0 1 0 0 6 43 0 0 0 0 0 0 0 0 0 0 12 0 0 0 0 0 0 0 90 207 0 0 78 0 0 899 0 0 0 218 12 0 0 0 0 0 0 0 0 0 0 0 0 0 0 0 3 0 0 0 0 0 0 0 3 0 0 0 0 0 0 0 4 0 0 0 0 0 0 0 36 0 0 0 0 0 0 0 0 0 0 0 0 0 0 0 0 0 0 0 0 0 0 0 0 0 0 0 0 0 0 0 0 0 0 0 0 0 0 0 0 0 0 0 0 0 0 0 0 0 0 0 0 
0 4 0 0 11 127 0 0 5 0 1 0 0 0 0 0 24 0 0 23 0 0 270 0 285 446 0 0 261 0 2 2105 0 0 0 343 11 0 0 0 0 0 0 2 15 0 0 0 0 0 0 0 3 0 0 0 0 0 0 0 3 0 0 2 0 0 28 0 16 0 1 0 0 0 35 0 55 0 3 0 0 0 0 0 0 0 0 0 0 0 0 0 0 0 0 7 0 0 0 1 0 0 0 1 0 0 0 0 0 0 0 0 0 0 0 1 0 0 0 0 0 0 0 0 0 0 0 0 0 
0 2 0 0 9 102 0 0 1 0 0 0 0 0 0 0 16 0 0 9 0 0 102 0 195 335 0 0 216 0 0 2590 0 0 0 358 14 0 0 0 0 0 0 0 0 0 0 0 0 0 0 0 4 0 0 0 0 0 0 0 4 0 0 0 0 0 0 0 24 0 0 0 0 0 0 0 70 0 0 0 0 0 0 0 0 0 0 0 0 0 0 0 0 0 0 0 0 0 0 0 0 0 0 0 0 0 0 0 0 0 0 0 0 0 0 0 0 0 0 0 0 0 0 0 0 0 0 0 0 
0 3 0 0 9 212 0 0 3 0 0 0 0 0 0 0 19 0 0 13 0 0 363 0 445 312 0 0 355 0 1 7893 0 0 0 452 13 0 0 0 0 0 0 3 29 0 0 1 0 0 0 0 4 0 0 0 0 0 0 0 3 0 0 0 0 0 0 0 66 0 0 0 0 0 0 0 53 0 0 0 0 0 0 0 0 0 0 0 0 0 0 0 0 0 0 0 0 0 0 0 0 0 0 0 0 0 0 0 0 0 0 0 0 0 0 0 0 0 0 0 0 0 0 0 0 0 0 0 0 
0 7 0 0 17 384 0 0 16 0 5 0 0 0 0 0 34 0 0 66 0 0 1601 0 651 587 0 0 756 0 16 12689 0 0 0 745 25 0 0 0 0 0 0 14 128 0 0 3 0 0 0 0 6 0 0 0 0 0 0 0 4 0 0 15 0 0 222 0 157 0 6 0 0 0 155 0 104 0 10 0 0 0 0 0 0 0 0 0 0 0 0 0 0 0 0 28 0 0 0 2 0 0 0 1 0 2 0 0 0 0 0 0 0 0 0 0 0 0 0 0 0 0 0 0 0 2 0 0 0 
0 2 0 0 8 74 0 0 0 0 2 0 0 0 0 0 21 0 0 0 0 0 0 0 181 294 0 0 106 0 0 1350 0 0 0 252 9 0 0 0 0 0 0 0 0 0 0 0 0 0 0 0 3 0 0 0 0 0 0 0 4 0 0 0 0 0 71 0 7 0 5 0 0 0 71 0 52 0 5 0 0 0 0 0 0 0 0 0 0 0 0 0 0 0 0 2 0 0 0 1 0 0 0 1 0 0 0 0 0 0 0 0 0 0 0 2 0 0 0 0 0 0 0 0 0 0 0 0 0 
0 3 0 0 15 114 0 0 3 0 0 0 0 0 0 0 22 0 0 23 0 0 210 0 230 616 0 0 262 0 1 2588 0 0 0 449 23 0 0 0 0 0 0 3 8 0 0 2 0 0 0 0 5 0 0 0 0 0 0 0 8 0 0 0 0 0 0 0 46 0 0 0 0 0 0 0 99 0 0 0 0 0 0 0 0 0 0 0 0 0 0 0 0 0 0 0 0 0 0 0 0 0 0 0 0 0 0 0 0 0 0 0 0 0 0 0 0 0 0 0 0 0 0 0 0 0 0 0 0 
0 3 0 0 8 145 0 0 3 0 0 0 0 0 0 0 11 0 0 13 0 0 271 0 320 331 0 0 326 0 1 4494 0 0 0 310 12 0 0 0 0 0 0 3 8 0 0 0 0 0 0 0 3 0 0 0 0 0 0 0 3 0 0 0 0 0 0 0 48 0 0 0 0 0 0 0 45 0 0 0 0 0 0 0 0 0 0 0 0 0 0 0 0 0 0 0 0 0 0 0 0 0 0 0 0 0 0 0 0 0 0 0 0 0 0 0 0 0 0 0 0 0 0 0 0 0 0 0 0 
0 3 0 0 8 172 0 0 2 0 1 0 0 0 0 0 12 0 0 7 0 0 251 0 364 340 0 0 407 0 0 6304 0 0 0 242 11 0 0 0 0 0 0 1 11 0 0 0 0 0 0 0 4 0 0 0 0 0 0 0 2 0 0 1 0 0 21 0 102 0 3 0 0 0 38 0 50 0 4 0 0 0 0 0 0 0 0 0 0 0 0 0 0 0 0 5 0 0 0 1 0 0 0 0 0 0 0 0 0 0 0 0 0 0 0 0 0 0 0 0 0 0 0 0 0 0 0 0 0 
0 4 0 0 11 164 0 0 6 0 0 0 0 0 0 0 19 0 0 30 0 0 443 0 406 371 0 0 109 0 4 3330 0 0 0 373 16 0 0 0 0 0 0 1 24 0 0 1 0 0 0 0 3 0 0 0 0 0 0 0 3 0 0 0 0 0 0 0 11 0 0 0 0 0 0 0 61 0 0 0 0 0 0 0 0 0 0 0 0 0 0 0 0 0 0 0 0 0 0 0 0 0 0 0 0 0 0 0 0 0 0 0 0 0 0 0 0 0 0 0 0 0 0 0 0 0 0 0 0 
0 3 0 0 13 210 0 0 3 0 0 0 0 0 0 0 31 0 0 20 0 0 346 0 420 466 0 0 410 0 1 8023 0 0 0 619 30 0 0 0 0 0 0 4 35 0 0 2 0 0 0 0 5 0 0 0 0 0 0 0 6 0 0 0 0 0 0 0 112 0 0 0 0 0 0 0 86 0 0 0 0 0 0 0 0 0 0 0 0 0 0 0 0 0 0 0 0 0 0 0 0 0 0 0 0 0 0 0 0 0 0 0 0 0 0 0 0 0 0 0 0 0 0 0 0 0 0 0 0 
0 3 0 0 6 215 0 0 2 0 1 0 0 0 0 0 17 0 0 8 0 0 250 0 477 346 0 0 396 0 0 8924 0 0 0 253 6 0 0 0 0 0 0 0 25 0 0 0 0 0 0 0 3 0 0 0 0 0 0 0 1 0 0 1 0 0 90 0 102 0 0 0 0 0 19 0 27 0 2 0 0 0 0 0 0 0 0 0 0 0 0 0 0 0 0 10 0 0 0 2 0 0 0 0 0 0 0 0 0 0 0 0 0 0 0 0 0 0 0 0 0 0 0 0 0 0 0 0 0 
0 4 0 0 11 212 0 0 4 0 2 0 0 0 0 0 28 0 0 23 0 0 337 0 459 522 0 0 506 0 1 7487 0 0 0 496 23 0 0 0 0 0 0 4 25 0 0 2 0 0 0 0 4 0 0 0 0 0 0 0 4 0 0 2 0 0 188 0 102 0 0 0 0 0 36 0 67 0 2 0 0 0 0 0 0 1 0 0 0 0 0 0 0 0 0 11 0 0 0 2 0 0 0 0 0 0 0 0 0 0 0 0 0 0 0 0 0 0 0 0 0 0 0 0 0 0 0 0 0 
31 2 51 56 9 36 461 90 1 1 0 4 6 127 50 216 12 111 125 5 179 4067 35 2362 66 476 990 1317 51 87 0 352 4385 1245 753 125 11 27 214 0 1 37 9 1 0 150 3 2 0 23 49 23 1 4 5 1 2 0 49 0 5 10 14 0 30 120 0 104 3 22 0 4 31 204 0 162 28 19 0 2 38 0 0 0 0 0 0 0 0 0 0 0 1 2 7 0 6 0 2 0 0 4 2 0 3 0 4 0 0 0 0 0 0 0 4 0 0 0 0 0 0 0 0 0 0 0 0 0 0 
0 3 0 0 4 186 0 0 0 0 4 0 0 0 0 0 10 0 0 0 0 0 0 0 423 231 0 0 312 0 0 6906 0 0 0 117 3 0 0 0 0 0 0 0 0 0 0 0 0 0 0 0 1 0 0 0 0 0 0 0 0 0 0 0 0 0 250 0 75 0 3 0 0 0 137 0 22 0 6 0 0 0 0 0 0 0 0 0 0 0 0 0 0 0 0 34 0 0 0 2 0 0 0 1 0 0 0 0 0 0 0 0 0 0 0 0 0 0 0 0 0 0 0 0 0 2 0 0 0 
0 1 0 0 5 29 0 0 0 0 0 0 0 0 0 0 9 0 0 0 0 0 0 0 69 353 0 0 135 0 0 397 0 0 0 113 7 0 0 0 0 0 0 0 0 0 0 0 0 0 0 0 2 0 0 0 0 0 0 0 3 0 0 0 0 0 0 0 9 0 0 0 0 0 0 0 28 0 0 0 0 0 0 0 0 0 0 0 0 0 0 0 0 0 0 0 0 0 0 0 0 0 0 0 0 0 0 0 0 0 0 0 0 0 0 0 0 0 0 0 0 0 0 0 0 0 0 0 0 
0 2 0 0 7 71 0 0 1 0 0 0 0 0 0 0 10 0 0 5 0 0 69 0 179 439 0 0 148 0 0 1257 0 0 0 184 8 0 0 0 0 0 0 0 1 0 0 1 0 0 0 0 2 0 0 0 0 0 0 0 3 0 0 0 0 0 0 0 10 0 0 0 0 0 0 0 41 0 0 0 0 0 0 0 0 0 0 0 0 0 0 0 0 0 0 0 0 0 0 0 0 0 0 0 0 0 0 0 0 0 0 0 0 0 0 0 0 0 0 0 0 0 0 0 0 0 0 0 0 
0 3 0 0 4 177 0 0 2 0 1 0 0 0 0 0 9 0 0 4 0 0 200 0 451 263 0 0 292 0 0 6453 0 0 0 95 5 0 0 0 0 0 0 0 12 0 0 0 0 0 0 0 2 0 0 0 0 0 0 0 1 0 0 1 0 0 90 0 84 0 0 0 0 0 19 0 17 0 2 0 0 0 0 0 0 0 0 0 0 0 0 0 0 0 0 10 0 0 0 2 0 0 0 0 0 0 0 0 0 0 0 0 0 0 0 0 0 0 0 0 0 0 0 0 0 0 0 0 0 
0 4 0 0 4 234 0 0 5 0 1 0 0 0 0 0 16 0 0 11 0 0 504 0 510 119 0 0 388 0 2 9101 0 0 0 212 2 0 0 0 0 0 0 1 39 0 0 0 0 0 0 0 2 0 0 0 0 0 0 0 0 0 0 2 0 0 100 0 108 0 0 0 0 0 17 0 16 0 0 0 0 0 0 0 0 0 0 0 0 0 0 0 0 0 0 1 0 0 0 0 0 0 0 0 0 0 0 0 0 0 0 0 0 0 0 0 0 0 0 0 0 0 0 0 0 0 0 0 0 
0 4 0 0 6 178 0 0 6 0 0 0 0 0 0 0 24 0 0 16 0 0 497 0 460 264 0 0 154 0 4 5184 0 0 0 242 3 0 0 0 0 0 0 1 18 0 0 1 0 0 0 0 2 0 0 0 0 0 0 0 0 0 0 0 0 0 0 0 22 0 0 0 0 0 0 0 18 0 0 0 0 0 0 0 0 0 0 0 0 0 0 0 0 0 0 0 0 0 0 0 0 0 0 0 0 0 0 0 0 0 0 0 0 0 0 0 0 0 0 0 0 0 0 0 0 0 0 0 0 
0 4 0 0 12 225 0 0 6 0 0 0 0 0 0 0 30 0 0 30 0 0 587 0 451 453 0 0 573 0 4 7916 0 0 0 519 22 0 0 0 0 0 0 6 42 0 0 0 0 0 0 0 4 0 0 0 0 0 0 0 3 0 0 0 0 0 0 0 129 0 0 0 0 0 0 0 76 0 0 0 0 0 0 0 0 0 0 0 0 0 0 0 0 0 0 0 0 0 0 0 0 0 0 0 0 0 0 0 0 0 0 0 0 0 0 0 0 0 0 0 0 0 0 0 0 0 0 0 0 
0 2 0 0 10 41 0 0 1 0 0 0 0 0 0 0 18 0 0 10 0 0 41 0 101 516 0 0 113 0 0 483 0 0 0 116 22 0 0 0 0 0 0 0 0 0 0 0 0 0 0 0 2 0 0 0 0 0 0 0 8 0 0 0 0 0 0 0 7 0 0 0 0 0 0 0 32 0 0 0 0 0 0 0 0 0 0 0 0 0 0 0 0 0 0 0 0 0 0 0 0 0 0 0 0 0 0 0 0 0 0 0 0 0 0 0 0 0 0 0 0 0 0 0 0 0 0 0 0 
0 6 0 0 6 362 0 0 13 0 2 0 0 0 0 0 7 0 0 17 0 0 1318 0 701 118 0 0 475 0 12 12417 0 0 0 271 2 0 0 0 0 0 0 8 101 0 0 2 0 0 0 0 2 0 0 0 0 0 0 0 0 0 0 8 0 0 154 0 124 0 1 0 0 0 71 0 28 0 2 0 0 0 0 0 0 0 0 0 0 0 0 0 0 0 0 30 0 0 0 1 0 0 0 0 0 0 0 0 0 0 0 0 0 0 0 0 0 0 0 0 0 0 0 0 0 0 0 0 0 
0 1 0 0 2 30 0 0 0 0 0 0 0 0 0 0 9 0 0 0 0 0 0 0 90 36 0 0 51 0 0 431 0 0 0 54 1 0 0 0 0 0 0 0 0 0 0 0 0 0 0 0 1 0 0 0 0 0 0 0 0 0 0 0 0 0 0 0 4 0 0 0 0 0 0 0 6 0 0 0 0 0 0 0 0 0 0 0 0 0 0 0 0 0 0 0 0 0 0 0 0 0 0 0 0 0 0 0 0 0 0 0 0 0 0 0 0 0 0 0 0 0 0 0 0 0 0 0 0 
0 2 0 0 5 58 0 0 1 0 0 0 0 0 0 0 13 0 0 5 0 0 50 0 131 190 0 0 243 0 0 792 0 0 0 118 4 0 0 0 0 0 0 0 4 0 0 0 0 0 0 0 2 0 0 0 0 0 0 0 0 0 0 0 0 0 0 0 21 0 0 0 0 0 0 0 26 0 0 0 0 0 0 0 0 0 0 0 0 0 0 0 0 0 0 0 0 0 0 0 0 0 0 0 0 0 0 0 0 0 0 0 0 0 0 0 0 0 0 0 0 0 0 0 0 0 0 0 0 
0 2 0 0 4 115 0 0 1 0 0 0 0 0 0 0 17 0 0 4 0 0 105 0 289 119 0 0 155 0 0 3983 0 0 0 212 2 0 0 0 0 0 0 0 5 0 0 0 0 0 0 0 2 0 0 0 0 0 0 0 0 0 0 0 0 0 0 0 22 0 0 0 0 0 0 0 16 0 0 0 0 0 0 0 0 0 0 0 0 0 0 0 0 0 0 0 0 0 0 0 0 0 0 0 0 0 0 0 0 0 0 0 0 0 0 0 0 0 0 0 0 0 0 0 0 0 0 0 0 
0 3 0 0 7 40 0 0 2 0 1 0 0 0 0 0 19 0 0 9 0 0 66 0 111 276 0 0 84 0 0 455 0 0 0 75 5 0 0 0 0 0 0 0 2 0 0 0 0 0 0 0 1 0 0 0 0 0 0 0 0 0 0 1 0 0 7 0 4 0 3 0 0 0 3 0 12 0 2 0 0 0 0 0 0 0 0 0 0 0 0 0 0 0 0 0 0 0 0 0 0 0 0 0 0 0 0 0 0 0 0 0 0 0 0 0 0 0 0 0 0 0 0 0 0 0 0 0 0 
0 2 0 0 5 143 0 0 1 0 0 0 0 0 0 0 7 0 0 3 0 0 116 0 319 240 0 0 328 0 0 5845 0 0 0 169 5 0 0 0 0 0 0 2 13 0 0 0 0 0 0 0 5 0 0 0 0 0 0 0 5 0 0 0 0 0 0 0 127 0 0 0 0 0 0 0 31 0 0 0 0 0 0 0 0 0 0 0 0 0 0 0 0 0 0 0 0 0 0 0 0 0 0 0 0 0 0 0 0 0 0 0 0 0 0 0 0 0 0 0 0 0 0 0 0 0 0 0 0 
0 1 0 0 5 41 0 0 0 0 0 0 0 0 0 0 9 0 0 0 0 0 0 0 94 240 0 0 154 0 0 781 0 0 0 169 5 0 0 0 0 0 0 0 0 0 0 0 0 0 0 0 5 0 0 0 0 0 0 0 5 0 0 0 0 0 0 0 39 0 0 0 0 0 0 0 31 0 0 0 0 0 0 0 0 0 0 0 0 0 0 0 0 0 0 0 0 0 0 0 0 0 0 0 0 0 0 0 0 0 0 0 0 0 0 0 0 0 0 0 0 0 0 0 0 0 0 0 0 
0 3 0 0 7 151 0 0 1 0 2 0 0 0 0 0 12 0 0 5 0 0 108 0 331 320 0 0 465 0 0 4488 0 0 0 252 4 0 0 0 0 0 0 0 8 0 0 0 0 0 0 0 4 0 0 0 0 0 0 0 3 0 0 0 0 0 98 0 86 0 2 0 0 0 56 0 44 0 4 0 0 0 0 0 0 0 0 0 0 0 0 0 0 0 0 11 0 0 0 1 0 0 0 1 0 1 0 0 0 0 0 0 0 0 0 1 0 0 0 0 0 0 0 0 0 0 0 0 0 
0 6 0 0 10 361 0 0 12 0 4 0 0 0 0 0 19 0 0 32 0 0 1247 0 694 428 0 0 619 0 10 12316 0 0 0 383 5 0 0 0 0 0 0 3 115 0 0 0 0 0 0 0 3 0 0 0 0 0 0 0 5 0 0 10 0 0 188 0 167 0 5 0 0 0 139 0 66 0 4 0 0 0 0 0 0 1 0 0 0 0 0 1 0 0 0 44 0 0 0 4 0 0 0 3 0 2 0 0 0 0 0 0 0 0 0 3 0 0 0 0 0 0 0 0 0 0 0 0 0 
0 2 0 0 8 100 0 0 1 0 0 0 0 0 0 0 12 0 0 7 0 0 93 0 193 368 0 0 291 0 0 2472 0 0 0 309 7 0 0 0 0 0 0 1 3 0 0 0 0 0 0 0 6 0 0 0 0 0 0 0 6 0 0 0 0 0 0 0 59 0 0 0 0 0 0 0 65 0 0 0 0 0 0 0 0 0 0 0 0 0 0 0 0 0 0 0 0 0 0 0 0 0 0 0 0 0 0 0 0 0 0 0 0 0 0 0 0 0 0 0 0 0 0 0 0 0 0 0 0 
0 2 0 0 8 100 0 0 1 0 0 0 0 0 0 0 12 0 0 7 0 0 93 0 193 368 0 0 291 0 0 2472 0 0 0 309 7 0 0 0 0 0 0 1 3 0 0 0 0 0 0 0 6 0 0 0 0 0 0 0 6 0 0 0 0 0 0 0 59 0 0 0 0 0 0 0 65 0 0 0 0 0 0 0 0 0 0 0 0 0 0 0 0 0 0 0 0 0 0 0 0 0 0 0 0 0 0 0 0 0 0 0 0 0 0 0 0 0 0 0 0 0 0 0 0 0 0 0 0 
0 5 0 0 9 205 0 0 5 0 6 0 0 0 0 0 10 0 0 13 0 0 377 0 472 509 0 0 394 0 1 4280 0 0 0 286 4 0 0 0 0 0 0 0 31 0 0 0 0 0 0 0 2 0 0 0 0 0 0 0 3 0 0 6 0 0 210 0 73 0 11 0 0 0 202 0 87 0 8 0 0 0 0 0 0 1 0 0 0 0 0 0 0 0 0 30 0 0 0 2 0 0 0 2 0 2 0 0 0 0 0 0 0 0 0 3 0 0 1 0 0 0 0 0 0 2 0 0 0 
38 3 94 93 6 131 686 104 1 1 2 17 20 197 129 153 11 174 206 4 173 4779 96 3110 270 249 3989 2801 243 104 0 3563 7879 1834 1385 182 2 23 355 0 15 30 34 0 6 302 31 0 1 31 34 21 1 2 1 1 3 26 84 55 2 30 42 0 26 887 91 503 36 33 2 19 22 593 46 587 33 55 4 12 40 0 0 0 0 0 6 1 0 1 0 0 14 2 58 8 45 7 19 0 7 7 1 1 7 1 9 6 4 0 1 0 0 9 14 1 10 1 0 1 0 0 0 0 1 0 5 3 1 
0 3 0 0 7 201 0 0 2 0 1 0 0 0 0 0 10 0 0 9 0 0 208 0 417 289 0 0 428 0 0 7458 0 0 0 273 6 0 0 0 0 0 0 3 16 0 0 0 0 0 0 0 6 0 0 0 0 0 0 0 5 0 0 1 0 0 79 0 123 0 0 0 0 0 37 0 42 0 1 0 0 0 0 0 0 0 0 0 0 0 0 0 0 0 0 22 0 0 0 1 0 0 0 0 0 0 0 0 0 0 0 0 0 0 0 0 0 0 0 0 0 0 0 0 0 0 0 0 0 
0 3 0 0 9 142 0 0 3 0 0 0 0 0 0 0 24 0 0 14 0 0 253 0 317 466 0 0 257 0 1 4453 0 0 0 357 7 0 0 0 0 0 0 1 15 0 0 2 0 0 0 0 6 0 0 0 0 0 0 0 5 0 0 0 0 0 0 0 57 0 0 0 0 0 0 0 43 0 0 0 0 0 0 0 0 0 0 0 0 0 0 0 0 0 0 0 0 0 0 0 0 0 0 0 0 0 0 0 0 0 0 0 0 0 0 0 0 0 0 0 0 0 0 0 0 0 0 0 0 
0 2 0 0 2 160 0 0 0 0 1 0 0 0 0 0 4 0 0 0 0 0 0 0 359 49 0 0 277 0 0 6677 0 0 0 104 1 0 0 0 0 0 0 0 0 0 0 0 0 0 0 0 1 0 0 0 0 0 0 0 0 0 0 0 0 0 79 0 84 0 0 0 0 0 37 0 11 0 1 0 0 0 0 0 0 0 0 0 0 0 0 0 0 0 0 22 0 0 0 1 0 0 0 0 0 0 0 0 0 0 0 0 0 0 0 0 0 0 0 0 0 0 0 0 0 0 0 0 0 
0 1 0 0 3 59 0 0 0 0 0 0 0 0 0 0 4 0 0 0 0 0 0 0 107 128 0 0 138 0 0 1691 0 0 0 140 2 0 0 0 0 0 0 0 0 0 0 0 0 0 0 0 1 0 0 0 0 0 0 0 1 0 0 0 0 0 0 0 20 0 0 0 0 0 0 0 34 0 0 0 0 0 0 0 0 0 0 0 0 0 0 0 0 0 0 0 0 0 0 0 0 0 0 0 0 0 0 0 0 0 0 0 0 0 0 0 0 0 0 0 0 0 0 0 0 0 0 0 0 
0 2 0 0 10 124 0 0 1 0 0 0 0 0 0 0 25 0 0 7 0 0 104 0 240 389 0 0 296 0 0 3751 0 0 0 541 20 0 0 0 0 0 0 2 9 0 0 1 0 0 0 0 3 0 0 0 0 0 0 0 4 0 0 0 0 0 0 0 40 0 0 0 0 0 0 0 84 0 0 0 0 0 0 0 0 0 0 0 0 0 0 0 0 0 0 0 0 0 0 0 0 0 0 0 0 0 0 0 0 0 0 0 0 0 0 0 0 0 0 0 0 0 0 0 0 0 0 0 0 
0 3 0 0 9 225 0 0 2 0 1 0 0 0 0 0 23 0 0 11 0 0 224 0 446 310 0 0 433 0 0 8737 0 0 0 505 19 0 0 0 0 0 0 4 31 0 0 1 0 0 0 0 3 0 0 0 0 0 0 0 3 0 0 1 0 0 79 0 104 0 0 0 0 0 37 0 61 0 1 0 0 0 0 0 0 0 0 0 0 0 0 0 0 0 0 22 0 0 0 1 0 0 0 0 0 0 0 0 0 0 0 0 0 0 0 0 0 0 0 0 0 0 0 0 0 0 0 0 0 
0 2 0 0 7 71 0 0 0 0 1 0 0 0 0 0 10 0 0 0 0 0 0 0 122 288 0 0 154 0 0 1711 0 0 0 184 7 0 0 0 0 0 0 0 0 0 0 0 0 0 0 0 1 0 0 0 0 0 0 0 2 0 0 0 0 0 57 0 20 0 3 0 0 0 13 0 39 0 3 0 0 0 0 0 0 0 0 0 0 0 0 0 0 0 0 0 0 0 0 1 0 0 0 0 0 0 0 0 0 0 0 0 0 0 0 0 0 0 0 0 0 0 0 0 0 0 0 0 0 
0 1 0 0 3 59 0 0 0 0 0 0 0 0 0 0 4 0 0 0 0 0 0 0 107 128 0 0 138 0 0 1691 0 0 0 140 2 0 0 0 0 0 0 0 0 0 0 0 0 0 0 0 1 0 0 0 0 0 0 0 1 0 0 0 0 0 0 0 20 0 0 0 0 0 0 0 34 0 0 0 0 0 0 0 0 0 0 0 0 0 0 0 0 0 0 0 0 0 0 0 0 0 0 0 0 0 0 0 0 0 0 0 0 0 0 0 0 0 0 0 0 0 0 0 0 0 0 0 0 
0 2 0 0 5 144 0 0 1 0 0 0 0 0 0 0 12 0 0 5 0 0 136 0 308 211 0 0 242 0 0 5243 0 0 0 298 3 0 0 0 0 0 0 0 4 0 0 0 0 0 0 0 2 0 0 0 0 0 0 0 1 0 0 0 0 0 0 0 38 0 0 0 0 0 0 0 44 0 0 0 0 0 0 0 0 0 0 0 0 0 0 0 0 0 0 0 0 0 0 0 0 0 0 0 0 0 0 0 0 0 0 0 0 0 0 0 0 0 0 0 0 0 0 0 0 0 0 0 0 
0 2 0 0 3 76 0 0 1 0 0 0 0 0 0 0 4 0 0 3 0 0 72 0 140 128 0 0 340 0 0 1820 0 0 0 140 2 0 0 0 0 0 0 0 2 0 0 0 0 0 0 0 1 0 0 0 0 0 0 0 1 0 0 0 0 0 0 0 28 0 0 0 0 0 0 0 34 0 0 0 0 0 0 0 0 0 0 0 0 0 0 0 0 0 0 0 0 0 0 0 0 0 0 0 0 0 0 0 0 0 0 0 0 0 0 0 0 0 0 0 0 0 0 0 0 0 0 0 0 
0 3 0 0 5 192 0 0 2 0 1 0 0 0 0 0 11 0 0 8 0 0 204 0 438 127 0 0 296 0 0 7167 0 0 0 188 4 0 0 0 0 0 0 0 10 0 0 0 0 0 0 0 1 0 0 0 0 0 0 0 0 0 0 1 0 0 79 0 90 0 0 0 0 0 37 0 23 0 1 0 0 0 0 0 0 0 0 0 0 0 0 0 0 0 0 22 0 0 0 1 0 0 0 0 0 0 0 0 0 0 0 0 0 0 0 0 0 0 0 0 0 0 0 0 0 0 0 0 0 
0 4 0 0 10 309 0 0 5 0 1 0 0 0 0 0 20 0 0 17 0 0 615 0 564 330 0 0 604 0 2 12179 0 0 0 581 19 0 0 0 0 0 0 9 73 0 0 3 0 0 0 0 3 0 0 0 0 0 0 0 3 0 0 2 0 0 79 0 148 0 0 0 0 0 37 0 68 0 1 0 0 0 0 0 0 0 0 0 0 0 0 0 0 0 0 22 0 0 0 1 0 0 0 0 0 0 0 0 0 0 0 0 0 0 0 0 0 0 0 0 0 0 0 0 0 0 0 0 0 
0 3 0 0 7 186 0 0 3 0 0 0 0 0 0 0 13 0 0 14 0 0 330 0 384 299 0 0 255 0 1 6103 0 0 0 369 4 0 0 0 0 0 0 0 21 0 0 0 0 0 0 0 2 0 0 0 0 0 0 0 1 0 0 0 0 0 0 0 39 0 0 0 0 0 0 0 57 0 0 0 0 0 0 0 0 0 0 0 0 0 0 0 0 0 0 0 0 0 0 0 0 0 0 0 0 0 0 0 0 0 0 0 0 0 0 0 0 0 0 0 0 0 0 0 0 0 0 0 0 
0 2 0 0 4 143 0 0 1 0 0 0 0 0 0 0 3 0 0 1 0 0 129 0 299 150 0 0 311 0 0 5133 0 0 0 216 2 0 0 0 0 0 0 3 7 0 0 1 0 0 0 0 1 0 0 0 0 0 0 0 1 0 0 0 0 0 0 0 64 0 0 0 0 0 0 0 41 0 0 0 0 0 0 0 0 0 0 0 0 0 0 0 0 0 0 0 0 0 0 0 0 0 0 0 0 0 0 0 0 0 0 0 0 0 0 0 0 0 0 0 0 0 0 0 0 0 0 0 0 
0 3 0 0 2 177 0 0 2 0 1 0 0 0 0 0 4 0 0 2 0 0 184 0 384 49 0 0 479 0 0 6806 0 0 0 104 1 0 0 0 0 0 0 0 5 0 0 0 0 0 0 0 1 0 0 0 0 0 0 0 0 0 0 1 0 0 79 0 92 0 0 0 0 0 37 0 11 0 1 0 0 0 0 0 0 0 0 0 0 0 0 0 0 0 0 22 0 0 0 1 0 0 0 0 0 0 0 0 0 0 0 0 0 0 0 0 0 0 0 0 0 0 0 0 0 0 0 0 0 
0 1 0 0 3 59 0 0 0 0 0 0 0 0 0 0 4 0 0 0 0 0 0 0 107 128 0 0 138 0 0 1691 0 0 0 140 2 0 0 0 0 0 0 0 0 0 0 0 0 0 0 0 1 0 0 0 0 0 0 0 1 0 0 0 0 0 0 0 20 0 0 0 0 0 0 0 34 0 0 0 0 0 0 0 0 0 0 0 0 0 0 0 0 0 0 0 0 0 0 0 0 0 0 0 0 0 0 0 0 0 0 0 0 0 0 0 0 0 0 0 0 0 0 0 0 0 0 0 0 
0 1 0 0 3 59 0 0 0 0 0 0 0 0 0 0 4 0 0 0 0 0 0 0 107 128 0 0 138 0 0 1691 0 0 0 140 2 0 0 0 0 0 0 0 0 0 0 0 0 0 0 0 1 0 0 0 0 0 0 0 1 0 0 0 0 0 0 0 20 0 0 0 0 0 0 0 34 0 0 0 0 0 0 0 0 0 0 0 0 0 0 0 0 0 0 0 0 0 0 0 0 0 0 0 0 0 0 0 0 0 0 0 0 0 0 0 0 0 0 0 0 0 0 0 0 0 0 0 0 
0 4 0 0 5 210 0 0 5 0 1 0 0 0 0 0 10 0 0 13 0 0 426 0 472 140 0 0 277 0 2 7761 0 0 0 109 4 0 0 0 0 0 0 0 22 0 0 0 0 0 0 0 1 0 0 0 0 0 0 0 0 0 0 2 0 0 79 0 84 0 0 0 0 0 37 0 15 0 1 0 0 0 0 0 0 0 0 0 0 0 0 0 0 0 0 22 0 0 0 1 0 0 0 0 0 0 0 0 0 0 0 0 0 0 0 0 0 0 0 0 0 0 0 0 0 0 0 0 0 
0 2 0 0 6 96 0 0 1 0 0 0 0 0 0 0 10 0 0 6 0 0 96 0 209 259 0 0 232 0 0 2340 0 0 0 230 3 0 0 0 0 0 0 0 0 0 0 0 0 0 0 0 2 0 0 0 0 0 0 0 3 0 0 0 0 0 0 0 37 0 0 0 0 0 0 0 54 0 0 0 0 0 0 0 0 0 0 0 0 0 0 0 0 0 0 0 0 0 0 0 0 0 0 0 0 0 0 0 0 0 0 0 0 0 0 0 0 0 0 0 0 0 0 0 0 0 0 0 0 
0 4 0 0 6 212 0 0 5 0 1 0 0 0 0 0 6 0 0 12 0 0 432 0 444 234 0 0 369 0 2 7577 0 0 0 195 3 0 0 0 0 0 0 0 22 0 0 2 0 0 0 0 1 0 0 0 0 0 0 0 0 0 0 2 0 0 79 0 90 0 0 0 0 0 37 0 24 0 1 0 0 0 0 0 0 0 0 0 0 0 0 0 0 0 0 22 0 0 0 1 0 0 0 0 0 0 0 0 0 0 0 0 0 0 0 0 0 0 0 0 0 0 0 0 0 0 0 0 0 
0 1 0 0 3 59 0 0 0 0 0 0 0 0 0 0 4 0 0 0 0 0 0 0 107 128 0 0 138 0 0 1691 0 0 0 140 2 0 0 0 0 0 0 0 0 0 0 0 0 0 0 0 1 0 0 0 0 0 0 0 1 0 0 0 0 0 0 0 20 0 0 0 0 0 0 0 34 0 0 0 0 0 0 0 0 0 0 0 0 0 0 0 0 0 0 0 0 0 0 0 0 0 0 0 0 0 0 0 0 0 0 0 0 0 0 0 0 0 0 0 0 0 0 0 0 0 0 0 0 
0 4 0 0 13 212 0 0 6 0 0 0 0 0 0 0 31 0 0 32 0 0 544 0 433 548 0 0 461 0 4 7800 0 0 0 512 22 0 0 0 0 0 0 5 44 0 0 1 0 0 0 0 3 0 0 0 0 0 0 0 5 0 0 0 0 0 0 0 126 0 0 0 0 0 0 0 73 0 0 0 0 0 0 0 0 0 0 0 0 0 0 0 0 0 0 0 0 0 0 0 0 0 0 0 0 0 0 0 0 0 0 0 0 0 0 0 0 0 0 0 0 0 0 0 0 0 0 0 0 
0 1 0 0 7 65 0 0 0 0 0 0 0 0 0 0 23 0 0 0 0 0 0 0 153 263 0 0 160 0 0 2060 0 0 0 401 18 0 0 0 0 0 0 0 0 0 0 0 0 0 0 0 2 0 0 0 0 0 0 0 3 0 0 0 0 0 0 0 20 0 0 0 0 0 0 0 50 0 0 0 0 0 0 0 0 0 0 0 0 0 0 0 0 0 0 0 0 0 0 0 0 0 0 0 0 0 0 0 0 0 0 0 0 0 0 0 0 0 0 0 0 0 0 0 0 0 0 0 0 
17 2 0 32 8 147 136 48 1 0 0 0 2 0 0 110 23 0 66 5 107 2263 115 680 323 267 2340 0 290 48 0 5359 680 0 240 470 18 15 0 0 0 18 0 2 15 44 12 1 0 0 0 0 2 0 0 0 0 0 0 0 3 0 6 0 16 145 0 0 60 7 0 0 0 0 0 32 56 0 0 2 0 0 0 0 0 0 2 0 0 0 0 0 0 0 0 0 0 0 0 0 0 0 0 0 0 0 1 0 0 0 0 0 0 0 0 0 0 0 0 0 0 0 0 0 0 0 0 0 0 
0 3 0 0 9 190 0 0 2 0 1 0 0 0 0 0 23 0 0 11 0 0 217 0 434 296 0 0 313 0 0 6288 0 0 0 514 18 0 0 0 0 0 0 2 18 0 0 2 0 0 0 0 2 0 0 0 0 0 0 0 3 0 0 1 0 0 75 0 56 0 1 0 0 0 34 0 61 0 1 0 0 0 0 0 0 0 0 0 0 0 0 0 0 0 0 8 0 0 0 0 0 0 0 0 0 0 0 0 0 0 0 0 0 0 0 0 0 0 0 0 0 0 0 0 0 0 0 0 0 
0 1 0 0 7 65 0 0 0 0 0 0 0 0 0 0 23 0 0 0 0 0 0 0 153 263 0 0 160 0 0 2060 0 0 0 401 18 0 0 0 0 0 0 0 0 0 0 0 0 0 0 0 2 0 0 0 0 0 0 0 3 0 0 0 0 0 0 0 20 0 0 0 0 0 0 0 50 0 0 0 0 0 0 0 0 0 0 0 0 0 0 0 0 0 0 0 0 0 0 0 0 0 0 0 0 0 0 0 0 0 0 0 0 0 0 0 0 0 0 0 0 0 0 0 0 0 0 0 0 
0 1 0 0 7 65 0 0 0 0 0 0 0 0 0 0 23 0 0 0 0 0 0 0 153 263 0 0 160 0 0 2060 0 0 0 401 18 0 0 0 0 0 0 0 0 0 0 0 0 0 0 0 2 0 0 0 0 0 0 0 3 0 0 0 0 0 0 0 20 0 0 0 0 0 0 0 50 0 0 0 0 0 0 0 0 0 0 0 0 0 0 0 0 0 0 0 0 0 0 0 0 0 0 0 0 0 0 0 0 0 0 0 0 0 0 0 0 0 0 0 0 0 0 0 0 0 0 0 0 
0 2 0 0 10 97 0 0 0 0 1 0 0 0 0 0 34 0 0 0 0 0 0 0 244 394 0 0 200 0 0 2554 0 0 0 448 15 0 0 0 0 0 0 0 0 0 0 0 0 0 0 0 2 0 0 0 0 0 0 0 6 0 0 0 0 0 27 0 22 0 3 0 0 0 59 0 65 0 5 0 0 0 0 0 0 0 0 0 0 0 0 0 0 0 0 5 0 0 0 0 0 0 0 1 0 0 0 0 0 0 0 0 0 0 0 1 0 0 0 0 0 0 0 0 0 0 0 0 0 
0 2 0 0 14 75 0 0 0 0 1 0 0 0 0 0 25 0 0 0 0 0 0 0 161 735 0 0 160 0 0 2105 0 0 0 395 34 0 0 0 0 0 0 0 0 0 0 0 0 0 0 0 1 0 0 0 0 0 0 0 10 0 0 0 0 0 8 0 20 0 7 0 0 0 62 0 72 0 5 0 0 0 0 0 0 0 0 0 0 0 0 0 0 0 0 2 0 0 0 0 0 0 0 1 0 0 0 0 0 0 0 0 0 0 0 1 0 0 0 0 0 0 0 0 0 0 0 0 0 
0 5 0 0 16 249 0 0 8 0 2 0 0 0 0 0 41 0 0 41 0 0 668 0 536 547 0 0 451 0 4 7060 0 0 0 667 18 0 0 0 0 0 0 7 53 0 0 2 0 0 0 0 3 0 0 0 0 0 0 0 7 0 0 6 0 0 103 0 81 0 4 0 0 0 90 0 97 0 6 0 0 0 0 0 0 0 0 0 0 0 0 0 0 0 0 11 0 0 0 1 0 0 0 1 0 0 0 0 0 0 0 0 0 0 0 1 0 0 0 0 0 0 0 0 0 0 0 0 0 
0 1 0 0 7 65 0 0 0 0 0 0 0 0 0 0 23 0 0 0 0 0 0 0 153 263 0 0 160 0 0 2060 0 0 0 401 18 0 0 0 0 0 0 0 0 0 0 0 0 0 0 0 2 0 0 0 0 0 0 0 3 0 0 0 0 0 0 0 20 0 0 0 0 0 0 0 50 0 0 0 0 0 0 0 0 0 0 0 0 0 0 0 0 0 0 0 0 0 0 0 0 0 0 0 0 0 0 0 0 0 0 0 0 0 0 0 0 0 0 0 0 0 0 0 0 0 0 0 0 
86 2 104 160 8 83 3637 211 1 1 0 18 10 140 128 579 17 238 297 8 422 8700 77 15663 164 276 6524 8038 158 204 0 1963 100889 2377 6302 317 11 74 333 2 12 55 38 0 3 1058 34 0 8 56 5 74 2 5 6 1 1 61 0 0 2 47 20 0 79 447 0 1390 24 29 0 22 28 671 0 793 48 47 0 10 45 0 0 0 1 0 3 2 0 0 0 0 15 0 21 0 49 0 0 0 10 3 3 0 6 0 13 5 3 0 0 0 0 6 0 0 0 0 0 0 0 0 0 0 0 0 0 0 0 
0 2 0 0 7 112 0 0 1 0 0 0 0 0 0 0 23 0 0 7 0 0 98 0 296 263 0 0 160 0 0 3141 0 0 0 401 18 0 0 0 0 0 0 0 7 0 0 0 0 0 0 0 2 0 0 0 0 0 0 0 3 0 0 0 0 0 0 0 20 0 0 0 0 0 0 0 50 0 0 0 0 0 0 0 0 0 0 0 0 0 0 0 0 0 0 0 0 0 0 0 0 0 0 0 0 0 0 0 0 0 0 0 0 0 0 0 0 0 0 0 0 0 0 0 0 0 0 0 0 
0 2 0 0 8 149 0 0 1 0 0 0 0 0 0 0 23 0 0 5 0 0 117 0 329 285 0 0 334 0 0 5502 0 0 0 477 18 0 0 0 0 0 0 2 15 0 0 1 0 0 0 0 2 0 0 0 0 0 0 0 3 0 0 0 0 0 0 0 64 0 0 0 0 0 0 0 57 0 0 0 0 0 0 0 0 0 0 0 0 0 0 0 0 0 0 0 0 0 0 0 0 0 0 0 0 0 0 0 0 0 0 0 0 0 0 0 0 0 0 0 0 0 0 0 0 0 0 0 0 
0 1 0 0 7 65 0 0 0 0 0 0 0 0 0 0 23 0 0 0 0 0 0 0 153 263 0 0 160 0 0 2060 0 0 0 401 18 0 0 0 0 0 0 0 0 0 0 0 0 0 0 0 2 0 0 0 0 0 0 0 3 0 0 0 0 0 0 0 20 0 0 0 0 0 0 0 50 0 0 0 0 0 0 0 0 0 0 0 0 0 0 0 0 0 0 0 0 0 0 0 0 0 0 0 0 0 0 0 0 0 0 0 0 0 0 0 0 0 0 0 0 0 0 0 0 0 0 0 0 
48 0 0 0 0 0 1128 159 0 0 0 0 0 0 0 0 0 0 0 0 385 7557 0 6345 0 0 0 0 0 168 0 0 17296 0 0 0 0 0 0 0 0 0 0 0 0 564 0 0 0 0 0 0 0 0 0 0 0 0 0 0 0 0 0 0 88 0 0 0 0 0 0 0 0 0 0 0 0 0 0 0 0 0 0 0 0 0 0 0 0 0 0 0 0 0 0 0 0 0 0 0 0 0 0 0 0 0 0 0 0 0 0 0 0 0 0 0 0 0 0 0 0 0 0 0 0 0 0 0 0 
0 3 0 0 1 148 0 0 3 0 0 0 0 0 0 0 2 0 0 2 0 0 260 0 364 24 0 0 378 0 1 4652 0 0 0 76 0 0 0 0 0 0 0 0 18 0 0 0 0 0 0 0 0 0 0 0 0 0 0 0 0 0 0 0 0 0 0 0 52 0 0 0 0 0 0 0 7 0 0 0 0 0 0 0 0 0 0 0 0 0 0 0 0 0 0 0 0 0 0 0 0 0 0 0 0 0 0 0 0 0 0 0 0 0 0 0 0 0 0 0 0 0 0 0 0 0 0 0 0 
0 2 0 0 3 75 0 0 1 0 0 0 0 0 0 0 4 0 0 3 0 0 69 0 202 154 0 0 192 0 0 1442 0 0 0 64 3 0 0 0 0 0 0 0 3 0 0 0 0 0 0 0 1 0 0 0 0 0 0 0 0 0 0 0 0 0 0 0 17 0 0 0 0 0 0 0 20 0 0 0 0 0 0 0 0 0 0 0 0 0 0 0 0 0 0 0 0 0 0 0 0 0 0 0 0 0 0 0 0 0 0 0 0 0 0 0 0 0 0 0 0 0 0 0 0 0 0 0 0 
0 2 0 0 2 132 0 0 1 0 0 0 0 0 0 0 8 0 0 2 0 0 120 0 356 83 0 0 104 0 0 4633 0 0 0 158 1 0 0 0 0 0 0 0 6 0 0 0 0 0 0 0 1 0 0 0 0 0 0 0 0 0 0 0 0 0 0 0 18 0 0 0 0 0 0 0 10 0 0 0 0 0 0 0 0 0 0 0 0 0 0 0 0 0 0 0 0 0 0 0 0 0 0 0 0 0 0 0 0 0 0 0 0 0 0 0 0 0 0 0 0 0 0 0 0 0 0 0 0 
0 3 0 0 6 147 0 0 3 0 0 0 0 0 0 0 5 0 0 12 0 0 250 0 367 284 0 0 171 0 1 3554 0 0 0 243 4 0 0 0 0 0 0 0 22 0 0 0 0 0 0 0 2 0 0 0 0 0 0 0 3 0 0 0 0 0 0 0 41 0 0 0 0 0 0 0 70 0 0 0 0 0 0 0 0 0 0 0 0 0 0 0 0 0 0 0 0 0 0 0 0 0 0 0 0 0 0 0 0 0 0 0 0 0 0 0 0 0 0 0 0 0 0 0 0 0 0 0 0 
0 4 0 0 1 188 0 0 4 0 2 0 0 0 0 0 2 0 0 2 0 0 333 0 462 24 0 0 318 0 1 5426 0 0 0 75 0 0 0 0 0 0 0 0 24 0 0 0 0 0 0 0 0 0 0 0 0 0 0 0 0 0 0 2 0 0 88 0 40 0 1 0 0 0 73 0 7 0 0 0 0 0 0 0 0 0 0 0 0 0 0 1 0 0 0 11 0 0 0 0 0 0 0 0 0 0 0 0 0 0 0 0 0 0 0 0 0 0 0 0 0 0 0 0 0 0 0 0 0 
0 2 0 0 2 132 0 0 1 0 0 0 0 0 0 0 8 0 0 2 0 0 120 0 356 83 0 0 104 0 0 4633 0 0 0 158 1 0 0 0 0 0 0 0 6 0 0 0 0 0 0 0 1 0 0 0 0 0 0 0 0 0 0 0 0 0 0 0 18 0 0 0 0 0 0 0 10 0 0 0 0 0 0 0 0 0 0 0 0 0 0 0 0 0 0 0 0 0 0 0 0 0 0 0 0 0 0 0 0 0 0 0 0 0 0 0 0 0 0 0 0 0 0 0 0 0 0 0 0 
0 2 0 0 2 132 0 0 1 0 0 0 0 0 0 0 8 0 0 2 0 0 120 0 356 83 0 0 104 0 0 4633 0 0 0 158 1 0 0 0 0 0 0 0 6 0 0 0 0 0 0 0 1 0 0 0 0 0 0 0 0 0 0 0 0 0 0 0 18 0 0 0 0 0 0 0 10 0 0 0 0 0 0 0 0 0 0 0 0 0 0 0 0 0 0 0 0 0 0 0 0 0 0 0 0 0 0 0 0 0 0 0 0 0 0 0 0 0 0 0 0 0 0 0 0 0 0 0 0 
0 3 0 0 0 166 0 0 3 0 0 0 0 0 0 0 0 0 0 0 0 0 298 0 411 0 0 0 378 0 1 6274 0 0 0 0 0 0 0 0 0 0 0 0 17 0 0 0 0 0 0 0 0 0 0 0 0 0 0 0 0 0 0 0 0 0 0 0 96 0 0 0 0 0 0 0 0 0 0 0 0 0 0 0 0 0 0 0 0 0 0 0 0 0 0 0 0 0 0 0 0 0 0 0 0 0 0 0 0 0 0 0 0 0 0 0 0 0 0 0 0 0 0 0 0 0 0 0 0 
0 1 0 0 0 47 0 0 0 0 0 0 0 0 0 0 0 0 0 0 0 0 0 0 159 0 0 0 0 0 0 1081 0 0 0 0 0 0 0 0 0 0 0 0 0 0 0 0 0 0 0 0 0 0 0 0 0 0 0 0 0 0 0 0 0 0 0 0 0 0 0 0 0 0 0 0 0 0 0 0 0 0 0 0 0 0 0 0 0 0 0 0 0 0 0 0 0 0 0 0 0 0 0 0 0 0 0 0 0 0 0 0 0 0 0 0 0 0 0 0 0 0 0 0 0 0 0 0 0 
0 3 0 0 3 216 0 0 3 0 0 0 0 0 0 0 9 0 0 5 0 0 361 0 502 107 0 0 279 0 1 8075 0 0 0 234 1 0 0 0 0 0 0 1 35 0 0 0 0 0 0 0 1 0 0 0 0 0 0 0 0 0 0 0 0 0 0 0 62 0 0 0 0 0 0 0 17 0 0 0 0 0 0 0 0 0 0 0 0 0 0 0 0 0 0 0 0 0 0 0 0 0 0 0 0 0 0 0 0 0 0 0 0 0 0 0 0 0 0 0 0 0 0 0 0 0 0 0 0 
0 6 0 0 14 330 0 0 10 0 5 0 0 0 0 0 21 0 0 33 0 0 1021 0 648 633 0 0 539 0 7 11458 0 0 0 489 9 0 0 0 0 0 0 3 74 0 0 4 0 0 0 0 3 0 0 0 0 0 0 0 5 0 0 7 0 0 337 0 121 0 4 0 0 0 65 0 81 0 13 0 0 0 0 0 0 0 0 0 0 0 0 5 0 0 0 36 0 0 0 4 0 0 0 1 0 0 0 0 0 0 0 0 0 0 0 3 0 0 0 0 0 0 0 0 0 1 0 0 0 
0 3 0 0 7 227 0 0 3 0 0 0 0 0 0 0 11 0 0 11 0 0 368 0 473 303 0 0 435 0 1 8607 0 0 0 406 4 0 0 0 0 0 0 3 42 0 0 0 0 0 0 0 3 0 0 0 0 0 0 0 3 0 0 0 0 0 0 0 102 0 0 0 0 0 0 0 74 0 0 0 0 0 0 0 0 0 0 0 0 0 0 0 0 0 0 0 0 0 0 0 0 0 0 0 0 0 0 0 0 0 0 0 0 0 0 0 0 0 0 0 0 0 0 0 0 0 0 0 0 
0 2 0 0 5 142 0 0 1 0 0 0 0 0 0 0 5 0 0 4 0 0 116 0 324 220 0 0 333 0 0 5055 0 0 0 248 3 0 0 0 0 0 0 1 13 0 0 0 0 0 0 0 2 0 0 0 0 0 0 0 3 0 0 0 0 0 0 0 84 0 0 0 0 0 0 0 64 0 0 0 0 0 0 0 0 0 0 0 0 0 0 0 0 0 0 0 0 0 0 0 0 0 0 0 0 0 0 0 0 0 0 0 0 0 0 0 0 0 0 0 0 0 0 0 0 0 0 0 0 
0 2 0 0 5 142 0 0 1 0 0 0 0 0 0 0 5 0 0 4 0 0 116 0 324 220 0 0 333 0 0 5055 0 0 0 248 3 0 0 0 0 0 0 1 13 0 0 0 0 0 0 0 2 0 0 0 0 0 0 0 3 0 0 0 0 0 0 0 84 0 0 0 0 0 0 0 64 0 0 0 0 0 0 0 0 0 0 0 0 0 0 0 0 0 0 0 0 0 0 0 0 0 0 0 0 0 0 0 0 0 0 0 0 0 0 0 0 0 0 0 0 0 0 0 0 0 0 0 0 
0 1 0 0 4 58 0 0 0 0 0 0 0 0 0 0 4 0 0 0 0 0 0 0 144 196 0 0 158 0 0 1613 0 0 0 172 3 0 0 0 0 0 0 0 0 0 0 0 0 0 0 0 2 0 0 0 0 0 0 0 3 0 0 0 0 0 0 0 40 0 0 0 0 0 0 0 57 0 0 0 0 0 0 0 0 0 0 0 0 0 0 0 0 0 0 0 0 0 0 0 0 0 0 0 0 0 0 0 0 0 0 0 0 0 0 0 0 0 0 0 0 0 0 0 0 0 0 0 0 
0 2 0 0 5 142 0 0 1 0 0 0 0 0 0 0 5 0 0 4 0 0 116 0 324 220 0 0 333 0 0 5055 0 0 0 248 3 0 0 0 0 0 0 1 13 0 0 0 0 0 0 0 2 0 0 0 0 0 0 0 3 0 0 0 0 0 0 0 84 0 0 0 0 0 0 0 64 0 0 0 0 0 0 0 0 0 0 0 0 0 0 0 0 0 0 0 0 0 0 0 0 0 0 0 0 0 0 0 0 0 0 0 0 0 0 0 0 0 0 0 0 0 0 0 0 0 0 0 0 
0 2 0 0 3 169 0 0 1 0 0 0 0 0 0 0 9 0 0 2 0 0 132 0 381 107 0 0 279 0 0 6994 0 0 0 234 1 0 0 0 0 0 0 1 18 0 0 0 0 0 0 0 1 0 0 0 0 0 0 0 0 0 0 0 0 0 0 0 62 0 0 0 0 0 0 0 17 0 0 0 0 0 0 0 0 0 0 0 0 0 0 0 0 0 0 0 0 0 0 0 0 0 0 0 0 0 0 0 0 0 0 0 0 0 0 0 0 0 0 0 0 0 0 0 0 0 0 0 0 
0 3 0 0 5 145 0 0 3 0 0 0 0 0 0 0 9 0 0 10 0 0 262 0 335 271 0 0 192 0 1 4565 0 0 0 245 2 0 0 0 0 0 0 0 14 0 0 0 0 0 0 0 1 0 0 0 0 0 0 0 0 0 0 0 0 0 0 0 19 0 0 0 0 0 0 0 25 0 0 0 0 0 0 0 0 0 0 0 0 0 0 0 0 0 0 0 0 0 0 0 0 0 0 0 0 0 0 0 0 0 0 0 0 0 0 0 0 0 0 0 0 0 0 0 0 0 0 0 0 
0 1 0 0 2 85 0 0 0 0 0 0 0 0 0 0 8 0 0 0 0 0 0 0 211 83 0 0 104 0 0 3552 0 0 0 158 1 0 0 0 0 0 0 0 0 0 0 0 0 0 0 0 1 0 0 0 0 0 0 0 0 0 0 0 0 0 0 0 18 0 0 0 0 0 0 0 10 0 0 0 0 0 0 0 0 0 0 0 0 0 0 0 0 0 0 0 0 0 0 0 0 0 0 0 0 0 0 0 0 0 0 0 0 0 0 0 0 0 0 0 0 0 0 0 0 0 0 0 0 
0 1 0 0 2 85 0 0 0 0 0 0 0 0 0 0 8 0 0 0 0 0 0 0 211 83 0 0 104 0 0 3552 0 0 0 158 1 0 0 0 0 0 0 0 0 0 0 0 0 0 0 0 1 0 0 0 0 0 0 0 0 0 0 0 0 0 0 0 18 0 0 0 0 0 0 0 10 0 0 0 0 0 0 0 0 0 0 0 0 0 0 0 0 0 0 0 0 0 0 0 0 0 0 0 0 0 0 0 0 0 0 0 0 0 0 0 0 0 0 0 0 0 0 0 0 0 0 0 0 
0 2 0 0 2 187 0 0 1 0 0 0 0 0 0 0 8 0 0 2 0 0 151 0 426 83 0 0 280 0 0 8616 0 0 0 158 1 0 0 0 0 0 0 0 18 0 0 0 0 0 0 0 1 0 0 0 0 0 0 0 0 0 0 0 0 0 0 0 106 0 0 0 0 0 0 0 10 0 0 0 0 0 0 0 0 0 0 0 0 0 0 0 0 0 0 0 0 0 0 0 0 0 0 0 0 0 0 0 0 0 0 0 0 0 0 0 0 0 0 0 0 0 0 0 0 0 0 0 0 
0 2 0 0 2 187 0 0 1 0 0 0 0 0 0 0 8 0 0 2 0 0 151 0 426 83 0 0 280 0 0 8616 0 0 0 158 1 0 0 0 0 0 0 0 18 0 0 0 0 0 0 0 1 0 0 0 0 0 0 0 0 0 0 0 0 0 0 0 106 0 0 0 0 0 0 0 10 0 0 0 0 0 0 0 0 0 0 0 0 0 0 0 0 0 0 0 0 0 0 0 0 0 0 0 0 0 0 0 0 0 0 0 0 0 0 0 0 0 0 0 0 0 0 0 0 0 0 0 0 
0 3 0 0 6 154 0 0 2 0 1 0 0 0 0 0 10 0 0 6 0 0 170 0 345 299 0 0 227 0 0 4750 0 0 0 209 4 0 0 0 0 0 0 0 13 0 0 1 0 0 0 0 2 0 0 0 0 0 0 0 0 0 0 1 0 0 24 0 32 0 3 0 0 0 82 0 39 0 1 0 0 0 0 0 0 0 0 0 0 0 0 0 0 0 0 3 0 0 0 0 0 0 0 0 0 0 0 0 0 0 0 0 0 0 0 0 0 0 0 0 0 0 0 0 0 0 0 0 0 
0 2 0 0 4 127 0 0 1 0 0 0 0 0 0 0 9 0 0 4 0 0 107 0 303 171 0 0 117 0 0 4412 0 0 0 229 2 0 0 0 0 0 0 0 10 0 0 0 0 0 0 0 1 0 0 0 0 0 0 0 0 0 0 0 0 0 0 0 19 0 0 0 0 0 0 0 23 0 0 0 0 0 0 0 0 0 0 0 0 0 0 0 0 0 0 0 0 0 0 0 0 0 0 0 0 0 0 0 0 0 0 0 0 0 0 0 0 0 0 0 0 0 0 0 0 0 0 0 0 
0 1 0 0 2 85 0 0 0 0 0 0 0 0 0 0 8 0 0 0 0 0 0 0 211 83 0 0 104 0 0 3552 0 0 0 158 1 0 0 0 0 0 0 0 0 0 0 0 0 0 0 0 1 0 0 0 0 0 0 0 0 0 0 0 0 0 0 0 18 0 0 0 0 0 0 0 10 0 0 0 0 0 0 0 0 0 0 0 0 0 0 0 0 0 0 0 0 0 0 0 0 0 0 0 0 0 0 0 0 0 0 0 0 0 0 0 0 0 0 0 0 0 0 0 0 0 0 0 0 
0 1 0 0 2 85 0 0 0 0 0 0 0 0 0 0 8 0 0 0 0 0 0 0 211 83 0 0 104 0 0 3552 0 0 0 158 1 0 0 0 0 0 0 0 0 0 0 0 0 0 0 0 1 0 0 0 0 0 0 0 0 0 0 0 0 0 0 0 18 0 0 0 0 0 0 0 10 0 0 0 0 0 0 0 0 0 0 0 0 0 0 0 0 0 0 0 0 0 0 0 0 0 0 0 0 0 0 0 0 0 0 0 0 0 0 0 0 0 0 0 0 0 0 0 0 0 0 0 0 
0 1 0 0 2 85 0 0 0 0 0 0 0 0 0 0 8 0 0 0 0 0 0 0 211 83 0 0 104 0 0 3552 0 0 0 158 1 0 0 0 0 0 0 0 0 0 0 0 0 0 0 0 1 0 0 0 0 0 0 0 0 0 0 0 0 0 0 0 18 0 0 0 0 0 0 0 10 0 0 0 0 0 0 0 0 0 0 0 0 0 0 0 0 0 0 0 0 0 0 0 0 0 0 0 0 0 0 0 0 0 0 0 0 0 0 0 0 0 0 0 0 0 0 0 0 0 0 0 0 
0 2 0 0 4 127 0 0 1 0 0 0 0 0 0 0 9 0 0 4 0 0 107 0 303 171 0 0 117 0 0 4412 0 0 0 229 2 0 0 0 0 0 0 0 10 0 0 0 0 0 0 0 1 0 0 0 0 0 0 0 0 0 0 0 0 0 0 0 19 0 0 0 0 0 0 0 23 0 0 0 0 0 0 0 0 0 0 0 0 0 0 0 0 0 0 0 0 0 0 0 0 0 0 0 0 0 0 0 0 0 0 0 0 0 0 0 0 0 0 0 0 0 0 0 0 0 0 0 0 
0 3 0 0 7 200 0 0 3 0 0 0 0 0 0 0 15 0 0 12 0 0 358 0 436 300 0 0 307 0 1 8692 0 0 0 217 9 0 0 0 0 0 0 2 20 0 0 0 0 0 0 0 1 0 0 0 0 0 0 0 2 0 0 0 0 0 0 0 108 0 0 0 0 0 0 0 16 0 0 0 0 0 0 0 0 0 0 0 0 0 0 0 0 0 0 0 0 0 0 0 0 0 0 0 0 0 0 0 0 0 0 0 0 0 0 0 0 0 0 0 0 0 0 0 0 0 0 0 0 
0 2 0 0 3 169 0 0 1 0 0 0 0 0 0 0 9 0 0 2 0 0 132 0 381 107 0 0 279 0 0 6994 0 0 0 234 1 0 0 0 0 0 0 1 18 0 0 0 0 0 0 0 1 0 0 0 0 0 0 0 0 0 0 0 0 0 0 0 62 0 0 0 0 0 0 0 17 0 0 0 0 0 0 0 0 0 0 0 0 0 0 0 0 0 0 0 0 0 0 0 0 0 0 0 0 0 0 0 0 0 0 0 0 0 0 0 0 0 0 0 0 0 0 0 0 0 0 0 0 
0 2 0 0 5 122 0 0 1 0 0 0 0 0 0 0 14 0 0 3 0 0 112 0 303 212 0 0 198 0 0 4201 0 0 0 248 2 0 0 0 0 0 0 0 5 0 0 1 0 0 0 0 2 0 0 0 0 0 0 0 2 0 0 0 0 0 0 0 35 0 0 0 0 0 0 0 30 0 0 0 0 0 0 0 0 0 0 0 0 0 0 0 0 0 0 0 0 0 0 0 0 0 0 0 0 0 0 0 0 0 0 0 0 0 0 0 0 0 0 0 0 0 0 0 0 0 0 0 0 
0 3 0 0 9 178 0 0 1 0 2 0 0 0 0 0 16 0 0 2 0 0 132 0 384 427 0 0 324 0 0 6888 0 0 0 279 11 0 0 0 0 0 0 1 17 0 0 0 0 0 0 0 0 0 0 0 0 0 0 0 6 0 0 0 0 0 160 0 56 0 2 0 0 0 17 0 36 0 10 0 0 0 0 0 0 0 0 0 0 0 0 1 0 0 0 5 0 0 0 2 0 0 0 1 0 0 0 0 0 0 0 0 0 0 0 0 0 0 0 0 0 0 0 0 0 0 0 0 0 
0 2 0 0 2 187 0 0 1 0 0 0 0 0 0 0 8 0 0 2 0 0 151 0 426 83 0 0 280 0 0 8616 0 0 0 158 1 0 0 0 0 0 0 0 18 0 0 0 0 0 0 0 1 0 0 0 0 0 0 0 0 0 0 0 0 0 0 0 106 0 0 0 0 0 0 0 10 0 0 0 0 0 0 0 0 0 0 0 0 0 0 0 0 0 0 0 0 0 0 0 0 0 0 0 0 0 0 0 0 0 0 0 0 0 0 0 0 0 0 0 0 0 0 0 0 0 0 0 0 
0 2 0 0 3 169 0 0 1 0 0 0 0 0 0 0 9 0 0 2 0 0 132 0 381 107 0 0 279 0 0 6994 0 0 0 234 1 0 0 0 0 0 0 1 18 0 0 0 0 0 0 0 1 0 0 0 0 0 0 0 0 0 0 0 0 0 0 0 62 0 0 0 0 0 0 0 17 0 0 0 0 0 0 0 0 0 0 0 0 0 0 0 0 0 0 0 0 0 0 0 0 0 0 0 0 0 0 0 0 0 0 0 0 0 0 0 0 0 0 0 0 0 0 0 0 0 0 0 0 
0 1 0 0 2 85 0 0 0 0 0 0 0 0 0 0 8 0 0 0 0 0 0 0 211 83 0 0 104 0 0 3552 0 0 0 158 1 0 0 0 0 0 0 0 0 0 0 0 0 0 0 0 1 0 0 0 0 0 0 0 0 0 0 0 0 0 0 0 18 0 0 0 0 0 0 0 10 0 0 0 0 0 0 0 0 0 0 0 0 0 0 0 0 0 0 0 0 0 0 0 0 0 0 0 0 0 0 0 0 0 0 0 0 0 0 0 0 0 0 0 0 0 0 0 0 0 0 0 0 
0 1 0 0 2 85 0 0 0 0 0 0 0 0 0 0 8 0 0 0 0 0 0 0 211 83 0 0 104 0 0 3552 0 0 0 158 1 0 0 0 0 0 0 0 0 0 0 0 0 0 0 0 1 0 0 0 0 0 0 0 0 0 0 0 0 0 0 0 18 0 0 0 0 0 0 0 10 0 0 0 0 0 0 0 0 0 0 0 0 0 0 0 0 0 0 0 0 0 0 0 0 0 0 0 0 0 0 0 0 0 0 0 0 0 0 0 0 0 0 0 0 0 0 0 0 0 0 0 0 
0 1 0 0 3 8 0 0 0 0 0 0 0 0 0 0 7 0 0 0 0 0 0 0 23 156 0 0 36 0 0 27 0 0 0 21 3 0 0 0 0 0 0 0 0 0 0 0 0 0 0 0 0 0 0 0 0 0 0 0 0 0 0 0 0 0 0 0 1 0 0 0 0 0 0 0 3 0 0 0 0 0 0 0 0 0 0 0 0 0 0 0 0 0 0 0 0 0 0 0 0 0 0 0 0 0 0 0 0 0 0 0 0 0 0 0 0 0 0 0 0 0 0 0 0 0 0 0 0 
18 0 202 0 0 0 146 39 0 0 0 8 0 343 0 0 0 433 0 0 70 2205 0 520 0 0 0 2968 0 32 0 0 712 4477 0 0 0 0 626 0 0 0 12 0 0 48 0 0 24 0 0 0 0 0 0 0 3 116 0 0 0 19 0 0 10 0 0 112 0 0 0 0 48 376 0 0 0 21 0 0 91 0 0 0 0 0 0 0 0 0 0 0 2 0 0 0 6 0 0 0 0 0 0 0 0 0 0 1 0 0 0 1 0 15 0 0 0 0 0 0 0 0 0 0 0 0 0 0 2 
43 2 13 73 1 88 902 114 1 0 0 1 13 25 12 31 2 14 171 1 251 5639 82 4160 208 21 3029 529 264 102 0 2820 12300 76 1302 68 0 32 35 0 1 3 4 0 3 309 27 0 0 0 0 0 0 0 0 0 0 0 13 0 0 2 25 0 37 722 0 41 34 8 0 0 2 13 0 460 6 2 0 9 4 0 0 0 0 0 5 0 0 0 0 0 1 2 42 0 0 0 0 0 0 0 0 0 0 0 1 0 1 0 0 0 0 0 1 0 0 0 0 0 0 0 0 0 0 0 0 0 0 
0 1 0 0 0 17 0 0 0 0 0 0 0 0 0 0 0 0 0 0 0 0 0 0 39 0 0 0 202 0 0 129 0 0 0 0 0 0 0 0 0 0 0 0 0 0 0 0 0 0 0 0 0 0 0 0 0 0 0 0 0 0 0 0 0 0 0 0 8 0 0 0 0 0 0 0 0 0 0 0 0 0 0 0 0 0 0 0 0 0 0 0 0 0 0 0 0 0 0 0 0 0 0 0 0 0 0 0 0 0 0 0 0 0 0 0 0 0 0 0 0 0 0 0 0 0 0 0 0 
11 2 79 22 1 101 50 25 1 0 0 5 0 192 130 11 2 101 39 1 42 1247 91 197 207 24 1072 394 345 17 0 3571 130 3046 100 76 0 11 206 0 28 0 1 0 5 13 11 0 0 0 0 0 0 0 0 0 1 0 0 0 0 7 0 0 4 0 0 25 52 0 0 10 36 394 0 0 7 12 0 0 31 0 0 0 0 0 0 0 0 0 0 0 3 0 0 0 10 0 0 0 0 0 0 0 0 0 0 1 0 0 0 0 0 0 0 0 0 0 0 0 0 0 0 0 0 0 0 0 0 
103 0 176 0 0 0 5166 253 0 0 0 88 0 380 0 0 0 314 0 0 471 8801 0 21950 0 0 0 14403 0 240 0 0 168973 3487 0 0 0 0 270 0 0 0 142 0 0 1670 0 0 9 0 0 0 0 0 0 0 4 159 0 0 0 165 0 0 78 0 0 7051 0 0 0 0 45 3218 0 0 0 136 0 0 29 0 0 0 0 0 0 8 0 0 0 0 37 0 0 0 826 0 0 0 80 0 0 0 0 0 0 32 0 0 0 0 0 19 0 0 0 0 0 0 1 0 0 0 0 0 0 0 13 
0 1 0 0 0 102 0 0 0 0 0 0 0 0 0 0 0 0 0 0 0 0 0 0 253 0 0 0 176 0 0 5064 0 0 0 0 0 0 0 0 0 0 0 0 0 0 0 0 0 0 0 0 0 0 0 0 0 0 0 0 0 0 0 0 0 0 0 0 88 0 0 0 0 0 0 0 0 0 0 0 0 0 0 0 0 0 0 0 0 0 0 0 0 0 0 0 0 0 0 0 0 0 0 0 0 0 0 0 0 0 0 0 0 0 0 0 0 0 0 0 0 0 0 0 0 0 0 0 0 
19 1 75 17 0 100 171 44 0 0 0 0 2 261 40 0 0 184 39 0 127 1654 0 702 215 0 1664 1328 158 42 0 4866 969 1380 136 0 0 0 37 0 35 0 8 0 0 41 1 0 7 0 0 0 0 0 0 0 0 0 0 0 0 0 3 0 8 199 0 0 85 0 0 0 45 0 0 34 0 0 0 0 8 0 0 0 0 0 1 0 0 0 0 0 0 0 1 0 0 0 0 0 0 0 0 0 0 0 0 0 0 0 0 0 0 0 0 0 0 0 0 0 0 0 0 0 0 0 0 0 0 
0 3 0 0 9 148 0 0 1 0 2 0 0 0 0 0 14 0 0 3 0 0 121 0 341 482 0 0 317 0 0 5638 0 0 0 138 12 0 0 0 0 0 0 0 8 0 0 0 0 0 0 0 2 0 0 0 0 0 0 0 7 0 0 0 0 0 129 0 98 0 1 0 0 0 15 0 35 0 9 0 0 0 0 0 0 0 0 0 0 0 0 1 0 0 0 7 0 0 0 1 0 0 0 0 0 0 0 0 0 0 0 0 0 0 0 2 0 0 0 0 0 0 0 0 0 0 0 0 0 
0 1 0 0 0 102 0 0 0 0 0 0 0 0 0 0 0 0 0 0 0 0 0 0 253 0 0 0 176 0 0 5064 0 0 0 0 0 0 0 0 0 0 0 0 0 0 0 0 0 0 0 0 0 0 0 0 0 0 0 0 0 0 0 0 0 0 0 0 88 0 0 0 0 0 0 0 0 0 0 0 0 0 0 0 0 0 0 0 0 0 0 0 0 0 0 0 0 0 0 0 0 0 0 0 0 0 0 0 0 0 0 0 0 0 0 0 0 0 0 0 0 0 0 0 0 0 0 0 0 
0 1 0 0 0 102 0 0 0 0 0 0 0 0 0 0 0 0 0 0 0 0 0 0 253 0 0 0 176 0 0 5064 0 0 0 0 0 0 0 0 0 0 0 0 0 0 0 0 0 0 0 0 0 0 0 0 0 0 0 0 0 0 0 0 0 0 0 0 88 0 0 0 0 0 0 0 0 0 0 0 0 0 0 0 0 0 0 0 0 0 0 0 0 0 0 0 0 0 0 0 0 0 0 0 0 0 0 0 0 0 0 0 0 0 0 0 0 0 0 0 0 0 0 0 0 0 0 0 0 
0 1 0 0 0 102 0 0 0 0 0 0 0 0 0 0 0 0 0 0 0 0 0 0 253 0 0 0 176 0 0 5064 0 0 0 0 0 0 0 0 0 0 0 0 0 0 0 0 0 0 0 0 0 0 0 0 0 0 0 0 0 0 0 0 0 0 0 0 88 0 0 0 0 0 0 0 0 0 0 0 0 0 0 0 0 0 0 0 0 0 0 0 0 0 0 0 0 0 0 0 0 0 0 0 0 0 0 0 0 0 0 0 0 0 0 0 0 0 0 0 0 0 0 0 0 0 0 0 0 
0 3 0 0 4 152 0 0 1 0 2 0 0 0 0 0 5 0 0 3 0 0 64 0 362 117 0 0 328 0 0 4517 0 0 0 158 1 0 0 0 0 0 0 0 3 0 0 0 0 0 0 0 1 0 0 0 0 0 0 0 0 0 0 0 0 0 147 0 43 0 2 0 0 0 53 0 21 0 3 0 0 0 0 0 0 1 0 0 0 0 0 0 0 0 0 17 0 0 0 0 0 0 0 0 0 0 0 0 0 0 0 0 0 0 0 0 0 0 0 0 0 0 0 0 0 0 0 0 0 
0 1 0 0 1 84 0 0 0 0 0 0 0 0 0 0 2 0 0 0 0 0 0 0 208 24 0 0 176 0 0 3442 0 0 0 76 0 0 0 0 0 0 0 0 0 0 0 0 0 0 0 0 0 0 0 0 0 0 0 0 0 0 0 0 0 0 0 0 44 0 0 0 0 0 0 0 7 0 0 0 0 0 0 0 0 0 0 0 0 0 0 0 0 0 0 0 0 0 0 0 0 0 0 0 0 0 0 0 0 0 0 0 0 0 0 0 0 0 0 0 0 0 0 0 0 0 0 0 0 
0 1 0 0 1 84 0 0 0 0 0 0 0 0 0 0 2 0 0 0 0 0 0 0 208 24 0 0 176 0 0 3442 0 0 0 76 0 0 0 0 0 0 0 0 0 0 0 0 0 0 0 0 0 0 0 0 0 0 0 0 0 0 0 0 0 0 0 0 44 0 0 0 0 0 0 0 7 0 0 0 0 0 0 0 0 0 0 0 0 0 0 0 0 0 0 0 0 0 0 0 0 0 0 0 0 0 0 0 0 0 0 0 0 0 0 0 0 0 0 0 0 0 0 0 0 0 0 0 0 
0 2 0 0 3 120 0 0 0 0 1 0 0 0 0 0 7 0 0 0 0 0 0 0 311 79 0 0 239 0 0 4016 0 0 0 135 0 0 0 0 0 0 0 0 0 0 0 0 0 0 0 0 1 0 0 0 0 0 0 0 1 0 0 0 0 0 76 0 53 0 1 0 0 0 31 0 20 0 1 0 0 0 0 0 0 0 0 0 0 0 0 0 0 0 0 6 0 0 0 1 0 0 0 0 0 0 0 0 0 0 0 0 0 0 0 0 0 0 0 0 0 0 0 0 0 0 0 0 0 
0 3 0 0 9 112 0 0 3 0 0 0 0 0 0 0 19 0 0 12 0 0 205 0 290 373 0 0 204 0 1 2029 0 0 0 269 4 0 0 0 0 0 0 2 9 0 0 2 0 0 0 0 3 0 0 0 0 0 0 0 6 0 0 0 0 0 0 0 26 0 0 0 0 0 0 0 55 0 0 0 0 0 0 0 0 0 0 0 0 0 0 0 0 0 0 0 0 0 0 0 0 0 0 0 0 0 0 0 0 0 0 0 0 0 0 0 0 0 0 0 0 0 0 0 0 0 0 0 0 
0 1 0 0 3 37 0 0 0 0 0 0 0 0 0 0 6 0 0 0 0 0 0 0 104 131 0 0 94 0 0 649 0 0 0 90 1 0 0 0 0 0 0 0 0 0 0 0 0 0 0 0 1 0 0 0 0 0 0 0 2 0 0 0 0 0 0 0 17 0 0 0 0 0 0 0 20 0 0 0 0 0 0 0 0 0 0 0 0 0 0 0 0 0 0 0 0 0 0 0 0 0 0 0 0 0 0 0 0 0 0 0 0 0 0 0 0 0 0 0 0 0 0 0 0 0 0 0 0 
0 2 0 0 6 31 0 0 1 0 0 0 0 0 0 0 9 0 0 6 0 0 31 0 60 317 0 0 104 0 0 229 0 0 0 75 8 0 0 0 0 0 0 0 0 0 0 0 0 0 0 0 0 0 0 0 0 0 0 0 2 0 0 0 0 0 0 0 2 0 0 0 0 0 0 0 8 0 0 0 0 0 0 0 0 0 0 0 0 0 0 0 0 0 0 0 0 0 0 0 0 0 0 0 0 0 0 0 0 0 0 0 0 0 0 0 0 0 0 0 0 0 0 0 0 0 0 0 0 
0 1 0 0 1 18 0 0 0 0 0 0 0 0 0 0 0 0 0 0 0 0 0 0 44 100 0 0 75 0 0 153 0 0 0 16 0 0 0 0 0 0 0 0 0 0 0 0 0 0 0 0 0 0 0 0 0 0 0 0 0 0 0 0 0 0 0 0 0 0 0 0 0 0 0 0 2 0 0 0 0 0 0 0 0 0 0 0 0 0 0 0 0 0 0 0 0 0 0 0 0 0 0 0 0 0 0 0 0 0 0 0 0 0 0 0 0 0 0 0 0 0 0 0 0 0 0 0 0 
0 1 0 0 1 18 0 0 0 0 0 0 0 0 0 0 0 0 0 0 0 0 0 0 44 100 0 0 75 0 0 153 0 0 0 16 0 0 0 0 0 0 0 0 0 0 0 0 0 0 0 0 0 0 0 0 0 0 0 0 0 0 0 0 0 0 0 0 0 0 0 0 0 0 0 0 2 0 0 0 0 0 0 0 0 0 0 0 0 0 0 0 0 0 0 0 0 0 0 0 0 0 0 0 0 0 0 0 0 0 0 0 0 0 0 0 0 0 0 0 0 0 0 0 0 0 0 0 0 
0 1 0 0 2 16 0 0 0 0 0 0 0 0 0 0 8 0 0 0 0 0 0 0 48 147 0 0 0 0 0 120 0 0 0 30 1 0 0 0 0 0 0 0 0 0 0 0 0 0 0 0 0 0 0 0 0 0 0 0 0 0 0 0 0 0 0 0 0 0 0 0 0 0 0 0 2 0 0 0 0 0 0 0 0 0 0 0 0 0 0 0 0 0 0 0 0 0 0 0 0 0 0 0 0 0 0 0 0 0 0 0 0 0 0 0 0 0 0 0 0 0 0 0 0 0 0 0 0 
0 2 0 0 5 38 0 0 1 0 0 0 0 0 0 0 5 0 0 3 0 0 38 0 74 253 0 0 271 0 0 401 0 0 0 84 4 0 0 0 0 0 0 0 0 0 0 1 0 0 0 0 1 0 0 0 0 0 0 0 0 0 0 0 0 0 0 0 22 0 0 0 0 0 0 0 20 0 0 0 0 0 0 0 0 0 0 0 0 0 0 0 0 0 0 0 0 0 0 0 0 0 0 0 0 0 0 0 0 0 0 0 0 0 0 0 0 0 0 0 0 0 0 0 0 0 0 0 0 
0 1 0 0 3 28 0 0 0 0 0 0 0 0 0 0 4 0 0 0 0 0 0 0 51 154 0 0 192 0 0 361 0 0 0 64 3 0 0 0 0 0 0 0 0 0 0 0 0 0 0 0 1 0 0 0 0 0 0 0 0 0 0 0 0 0 0 0 17 0 0 0 0 0 0 0 20 0 0 0 0 0 0 0 0 0 0 0 0 0 0 0 0 0 0 0 0 0 0 0 0 0 0 0 0 0 0 0 0 0 0 0 0 0 0 0 0 0 0 0 0 0 0 0 0 0 0 0 0 
0 1 0 0 3 28 0 0 0 0 0 0 0 0 0 0 4 0 0 0 0 0 0 0 51 154 0 0 192 0 0 361 0 0 0 64 3 0 0 0 0 0 0 0 0 0 0 0 0 0 0 0 1 0 0 0 0 0 0 0 0 0 0 0 0 0 0 0 17 0 0 0 0 0 0 0 20 0 0 0 0 0 0 0 0 0 0 0 0 0 0 0 0 0 0 0 0 0 0 0 0 0 0 0 0 0 0 0 0 0 0 0 0 0 0 0 0 0 0 0 0 0 0 0 0 0 0 0 0 
0 1 0 0 3 28 0 0 0 0 0 0 0 0 0 0 4 0 0 0 0 0 0 0 51 154 0 0 192 0 0 361 0 0 0 64 3 0 0 0 0 0 0 0 0 0 0 0 0 0 0 0 1 0 0 0 0 0 0 0 0 0 0 0 0 0 0 0 17 0 0 0 0 0 0 0 20 0 0 0 0 0 0 0 0 0 0 0 0 0 0 0 0 0 0 0 0 0 0 0 0 0 0 0 0 0 0 0 0 0 0 0 0 0 0 0 0 0 0 0 0 0 0 0 0 0 0 0 0 
0 1 0 0 3 32 0 0 0 0 0 0 0 0 0 0 7 0 0 0 0 0 0 0 103 78 0 0 19 0 0 490 0 0 0 84 3 0 0 0 0 0 0 0 0 0 0 0 0 0 0 0 0 0 0 0 0 0 0 0 0 0 0 0 0 0 0 0 6 0 0 0 0 0 0 0 12 0 0 0 0 0 0 0 0 0 0 0 0 0 0 0 0 0 0 0 0 0 0 0 0 0 0 0 0 0 0 0 0 0 0 0 0 0 0 0 0 0 0 0 0 0 0 0 0 0 0 0 0 
0 2 0 0 5 74 0 0 1 0 0 0 0 0 0 0 8 0 0 5 0 0 72 0 213 166 0 0 32 0 0 1350 0 0 0 155 4 0 0 0 0 0 0 0 1 0 0 0 0 0 0 0 0 0 0 0 0 0 0 0 0 0 0 0 0 0 0 0 7 0 0 0 0 0 0 0 25 0 0 0 0 0 0 0 0 0 0 0 0 0 0 0 0 0 0 0 0 0 0 0 0 0 0 0 0 0 0 0 0 0 0 0 0 0 0 0 0 0 0 0 0 0 0 0 0 0 0 0 0 
0 1 0 0 3 32 0 0 0 0 0 0 0 0 0 0 7 0 0 0 0 0 0 0 103 78 0 0 19 0 0 490 0 0 0 84 3 0 0 0 0 0 0 0 0 0 0 0 0 0 0 0 0 0 0 0 0 0 0 0 0 0 0 0 0 0 0 0 6 0 0 0 0 0 0 0 12 0 0 0 0 0 0 0 0 0 0 0 0 0 0 0 0 0 0 0 0 0 0 0 0 0 0 0 0 0 0 0 0 0 0 0 0 0 0 0 0 0 0 0 0 0 0 0 0 0 0 0 0 
0 1 0 0 3 32 0 0 0 0 0 0 0 0 0 0 7 0 0 0 0 0 0 0 103 78 0 0 19 0 0 490 0 0 0 84 3 0 0 0 0 0 0 0 0 0 0 0 0 0 0 0 0 0 0 0 0 0 0 0 0 0 0 0 0 0 0 0 6 0 0 0 0 0 0 0 12 0 0 0 0 0 0 0 0 0 0 0 0 0 0 0 0 0 0 0 0 0 0 0 0 0 0 0 0 0 0 0 0 0 0 0 0 0 0 0 0 0 0 0 0 0 0 0 0 0 0 0 0 
0 1 0 0 2 42 0 0 0 0 0 0 0 0 0 0 1 0 0 0 0 0 0 0 114 88 0 0 13 0 0 860 0 0 0 71 1 0 0 0 0 0 0 0 0 0 0 0 0 0 0 0 0 0 0 0 0 0 0 0 0 0 0 0 0 0 0 0 1 0 0 0 0 0 0 0 13 0 0 0 0 0 0 0 0 0 0 0 0 0 0 0 0 0 0 0 0 0 0 0 0 0 0 0 0 0 0 0 0 0 0 0 0 0 0 0 0 0 0 0 0 0 0 0 0 0 0 0 0 
0 1 0 0 5 13 0 0 0 0 0 0 0 0 0 0 9 0 0 0 0 0 0 0 18 217 0 0 29 0 0 76 0 0 0 59 8 0 0 0 0 0 0 0 0 0 0 0 0 0 0 0 0 0 0 0 0 0 0 0 2 0 0 0 0 0 0 0 2 0 0 0 0 0 0 0 6 0 0 0 0 0 0 0 0 0 0 0 0 0 0 0 0 0 0 0 0 0 0 0 0 0 0 0 0 0 0 0 0 0 0 0 0 0 0 0 0 0 0 0 0 0 0 0 0 0 0 0 0 
0 1 0 0 5 13 0 0 0 0 0 0 0 0 0 0 9 0 0 0 0 0 0 0 18 217 0 0 29 0 0 76 0 0 0 59 8 0 0 0 0 0 0 0 0 0 0 0 0 0 0 0 0 0 0 0 0 0 0 0 2 0 0 0 0 0 0 0 2 0 0 0 0 0 0 0 6 0 0 0 0 0 0 0 0 0 0 0 0 0 0 0 0 0 0 0 0 0 0 0 0 0 0 0 0 0 0 0 0 0 0 0 0 0 0 0 0 0 0 0 0 0 0 0 0 0 0 0 0 
0 1 0 0 5 13 0 0 0 0 0 0 0 0 0 0 9 0 0 0 0 0 0 0 18 217 0 0 29 0 0 76 0 0 0 59 8 0 0 0 0 0 0 0 0 0 0 0 0 0 0 0 0 0 0 0 0 0 0 0 2 0 0 0 0 0 0 0 2 0 0 0 0 0 0 0 6 0 0 0 0 0 0 0 0 0 0 0 0 0 0 0 0 0 0 0 0 0 0 0 0 0 0 0 0 0 0 0 0 0 0 0 0 0 0 0 0 0 0 0 0 0 0 0 0 0 0 0 0 
