{"FLVCR2": [66.65086910401789, 412.7836141293444], "SYNPO": [0.7245463813129618, 479.8536308757496], "NRCAM": [328.8189356826035, 391.21530859648715], "EPB41L4B": [982.4242328728376, 542.6469439709067], "SCG2": [54.575473464529296, 397.51651973897265], "CD36": [384.40531910636287, 386.02491851642986], "RAPGEF4": [426.2298016547675, 484.1721786626588], "B2M": [941.8516529400977, 609.260185409701], "INSRR": [375.462642933628, 398.48186849749936], "ATP2C2": [437.90241387481365, 498.21659609284046], "TMOD1": [298.31905668448303, 521.3541703783958], "ZNF702P": [76.15568847290086, 533.8088117504029], "CR627206": [302.7573619280556, 428.0068723264434], "ADAMTS5": [302.65496514312053, 507.200377797269], "BCRP3": [928.7031042576816, 603.7504015716455], "LINGO3": [958.7074127639514, 470.3206361063503], "NTNG2": [323.7469657738354, 426.7147786378234], "NALCN": [882.5246720824958, 472.23364648720934], "FSTL4": [288.79931013743067, 449.36893155387816], "CCSER1": [401.87972356707917, 396.95037860152615], "ADRA2B": [957.4186529895092, 546.938605512358], "PTGER3": [933.1542572760975, 520.2325510759675], "DLGAP3": [334.0777325158863, 494.0446798674384], "TPPP3": [880.5228912959187, 626.1918129506627], "DCX": [92.95296977423965, 389.9283549434646], "ARHGAP24": [958.83207682472, 591.1323916008041], "EDN3": [849.9189186064949, 570.4090578717861], "LRRC73": [11.639156921428707, 471.7721311631259], "WDR66": [228.48295230008398, 462.52047297073693], "PRX": [914.2467941074093, 512.5460281016683], "GRIN2D": [940.9967251626706, 499.1587566573173], "SLITRK6": [13.995836675931514, 413.55083327629677], "FAM19A3": [75.45636175244869, 399.2684879946663], "SCG3": [60.83792158365543, 383.68426970423957], "CTSE": [854.1040179744161, 583.9037585386479], "LEFTY1": [946.7074173075583, 464.11963953038526], "NEGR1": [870.1431184919707, 482.72208972520457], "HTR7": [894.4309019406874, 468.5702820610471], "MEG3": [430.94401372087736, 403.5677180395848], "OCA2": [857.4906752896087, 523.4893488900393], "SULT1E1": [925.0567101636362, 632.4593840795878], "NEAT1": [382.35642516655946, 370.57221071857384], "TSPAN8": [865.9485414738549, 615.6576037202157], "SLC15A1": [46.048371598233985, 385.1820786940532], "MUC13": [907.3770808863621, 472.1767610829389], "DKFZp586G0322": [660.1239791520611, 511.40016016854327], "NKX6-1": [26.773647245789448, 498.7002910322659], "AK097288": [367.0885377324314, 540.2522758282303], "CXCL6": [859.3204051782382, 559.6180455174499], "ROBO2": [425.8572707765319, 503.2050331088913], "TFPI2": [895.7313710975593, 630.83340546868], "DQ575504": [778.8771436733721, 538.6036555832172], "CYP26A1": [847.2266306991233, 541.8821236055095], "GOLGA8A": [289.7565899560552, 420.0970718152728], "NTS": [335.5839093591436, 438.08399882333026], "SLC30A8": [384.84285256423755, 497.51801443821216], "ENOX1": [978.8143486447998, 559.7369056384568], "IGF2": [903.8417250203818, 457.18433736646824], "HCN2": [905.2237668660487, 485.9498163929512], "IL10RA": [358.27270319919285, 396.7676603013082], "ELAVL2": [909.2337830043705, 589.7881251229173], "GRIA2": [15.642387006593594, 439.4018920492705], "GABRG2": [35.36659068042388, 435.3603473550412], "RASSF4": [411.9888692561205, 493.15262612664117], "SOD3": [327.6354416681876, 531.7460144407881], "GMNN": [286.06246853872466, 435.19380634366246], "TTC6": [872.9371195822876, 597.0420456456136], "CNTN5": [101.19424009558259, 403.1467063910933], "CHL1": [94.93429054567156, 418.31082665705776], "EDNRB": [878.0555934913712, 576.6553100784824], "PNMA2": [399.18354409457305, 461.72768595608176], "ARNTL": [954.3226190309013, 603.5733875367704], "ADAMTSL1": [315.57508857957964, 523.0923734990538], "CCNE2": [894.3562656621698, 612.7163369551432], "PLAC8": [783.2434934400911, 511.1550184941855], "PAMR1": [831.5669798771619, 527.2599641243784], "PCDHB6": [380.27689057682636, 422.0017703243489], "IGSF10": [16.747855919399967, 453.0723125008045], "PALMD": [363.9375131646227, 417.5644249584179], "RUNX1": [429.0298837429417, 518.296371422859], "PIK3AP1": [393.64381065554414, 432.55836740694], "PPP1R14C": [411.73811276792554, 470.9249131594979], "DSEL": [310.6126578305516, 492.2747715768793], "DCHS2": [318.61568073522653, 460.5886207733609], "GFOD1": [22.393611365702554, 426.6508752826921], "PALM2": [65.52687505320972, 518.0736520512645], "HOXB3": [305.8334961254484, 413.0749294759431], "PRICKLE2-AS1": [425.4619479192396, 460.1732450393454], "KCNK10": [413.486464473497, 407.5541042691452], "LMX1B": [23.71490023737715, 479.47218917935726], "RHOJ": [40.84758211152388, 423.2583380524193], "SAMD15": [395.5821522903393, 545.396787926597], "GOLGA6C": [956.8927995414584, 506.65043891718614], "MMD2": [408.8199029972868, 382.22003164917055], "PPP1R3C": [857.0172727532536, 496.3169092040347], "WNT1": [906.9933657613902, 574.6680080801076], "DCDC2": [308.6847405136996, 445.338971946373], "AK096314": [952.7926831291579, 575.0745115794913], "KCNH1": [392.5771517952559, 405.6411058081427], "ETV4": [303.3346048798466, 476.853378389312], "TNP1": [21.10683614667937, 513.9358393691556], "SLC19A2": [998.0881435256431, 563.0699338281648], "ST8SIA5": [962.9043578863668, 617.5079993281818], "NOG": [368.385324847084, 367.0145894982677], "ST8SIA3": [971.9939642990728, 607.8219462737408], "TNFAIP3": [9.586726227146642, 500.65711195350656], "TNFAIP2": [287.9717802067198, 502.35837546182205], "SNCG": [979.3758013886577, 586.9158644662336], "SHISA7": [353.9609136289266, 534.9763439733546], "ELOVL2": [965.7373669676294, 576.7113590045482], "DEPTOR": [785.2968521606103, 530.9707599279155], "OLIG3": [349.9601551018645, 427.30914149504804], "KRT81": [427.29138920977164, 421.377999568482], "SCTR": [367.83371671123064, 554.8270688510764], "SLC26A4": [383.61981402211717, 513.6091803073845], "AGTR1": [963.2298205918291, 560.4510267705775], "RXFP3": [418.2208373814255, 529.1022918168458], "FOXC1": [94.96725072440756, 459.2184159062651], "IL20RA": [29.129625156885368, 461.5229923837424], "CLDN10": [877.8673483863199, 609.8145340424705], "FJX1": [295.0471100765046, 463.23234016431945], "EPHA8": [986.5790084218448, 517.8960665728633], "CCDC50": [74.56473190130941, 460.4217602778177], "PXDNL": [51.66010298843565, 469.794594457455], "SMN1": [339.14926881275596, 522.2610965442263], "ME3": [957.3612192473145, 488.05933904517303], "LHFPL4": [36.41615466508779, 478.07682306810585], "IL1A": [919.5492789165949, 457.7939914915973], "ITIH4": [933.8055133477749, 459.8533160595766], "SH3GL3": [1000.0000000000001, 537.9647933595026], "MLF1": [926.2281596538471, 474.987372427214], "STAT4": [938.2265799037947, 628.4167736083541], "FZD4": [55.66185502298447, 427.40632819688705], "STAT1": [950.945220555805, 624.1364347216921], "PSD2": [434.9050295942519, 470.9877323869608], "MECOM": [942.5330917988681, 480.53058645747666], "UNC79": [46.347889848338184, 531.4606728319943], "CHRNB2": [364.1964315282586, 380.96681627758903], "BC021061": [441.36570329109844, 447.82356599899515], "ELL2": [937.2903635202784, 585.8318124955345], "CITED1": [322.7859528593942, 377.42773876492504], "CHST6": [341.13601178720796, 370.8986898102702], "CADM2": [95.4759356547853, 501.8040549280894], "SUCNR1": [310.6646447095136, 535.1258852713935], "NLGN3": [39.01809406329153, 505.76346013996323], "RPS6KL1": [967.2908683193241, 529.5646984907448], "PLA2R1": [67.1220680390648, 503.8759528095018], "COL9A2": [856.6563620035132, 600.5349350093253], "COL9A3": [297.98217339202256, 403.8816285662825], "MAST1": [971.860066511076, 496.4170259952539], "NLRP3": [868.2619879723051, 507.70553698297886], "SATB2": [382.218459387336, 550.3941874944043], "ADAM28": [290.05018268936783, 486.51706051216615], "SLC6A12": [366.07842956585637, 500.4479198435192], "LRIG3": [981.5643546998372, 487.7433136080092], "CCL2": [922.6205702485566, 616.1730222747988], "SLC8A3": [351.18752850617113, 511.1947143541847], "DUSP6": [828.0631725360947, 555.7561444218197], "SLC17A8": [33.39681002810272, 393.47607206092823], "ARID5A": [414.61849808037556, 510.61120430238867],