{"NGF": [834.5455452581407, 811.2489257835163], "IFFO2": [746.7456966144591, 591.206994493423], "ADAMTS17": [587.7379490921553, 951.5081993217962], "RASD1": [370.5923441785345, 150.97457734114215], "ONECUT3": [659.1367209470808, 623.250689282901], "PLAUR": [202.11426017015845, 15.192944097353347], "CLPS": [205.90823999829058, 99.89855946036306], "NMRK2": [790.9411839686743, 699.2870465913634], "KIAA2022": [191.2825681129961, 310.4450455595747], "SOX9": [454.56431785841085, 133.77640498151504], "SOHLH2": [707.1414789693117, 767.7127541578556], "NPTX1": [81.32116826439915, 118.64701088175337], "RASAL1": [498.36554913830525, 531.9730462509484], "MNX1": [765.3037053445006, 891.0110573714308], "LINC00936": [128.46796933409928, 343.800336024718], "LOC100130476": [603.3357904394679, 718.0073841955839], "FSTL3": [870.5564681304741, 646.8600076660834], "COTL1": [899.5173715140131, 908.2097901543049], "LOC340508": [656.2344840322851, 856.3598611938044], "CDKN1A": [836.1194124486146, 969.4696201166989], "DCHS2": [935.7750295882977, 825.246674245823], "ANXA6": [367.8742692597441, 0.0], "ARHGAP24": [666.8080235109627, 994.4268378644597], "BCAT1": [753.2454379232913, 1000.0], "RASSF4": [516.5724798827599, 724.2792007520276], "POU5F1": [300.6126634089163, 71.68824944111924], "LOC390660": [79.00350264952618, 278.2226974951045], "ATCAY": [277.7133431453774, 0.7997120468550065], "LMO2": [566.0360744763036, 545.6514908071492], "LRRN4": [64.2249704117022, 197.61820428256618], "FOXC2": [928.6804894977178, 732.2370103317949], "CCDC169-SOHLH2": [293.593912802572, 218.43041191265104], "CMTM8": [173.68314282286406, 206.85323726544163], "PDE4A": [123.87742809894058, 48.41152873073281], "TMEM151B": [435.27046655988954, 53.48211663644349], "WNT1": [535.6839022619507, 861.108546375026]}