{"SLC6A2": [296.30957820843275, 683.3417666716389], "TGM2": [293.7076880545238, 736.2459729930017], "IFFO2": [220.96371212109983, 47.57295009446858], "MPC2": [373.2452652141419, 254.78929192244541], "CKB": [344.6495746346958, 752.7943392716056], "B2M": [715.4179336500633, 170.93207705534684], "LRFN5": [301.31384982660063, 716.8115083288351], "APCDD1": [354.8620708081048, 942.7362109268465], "BDNF": [333.7422366528091, 304.4579647438477], "PFKP": [729.9140580441147, 220.2258864975024], "LHX1": [330.2343976618828, 705.3708040018214], "C11orf87": [334.60309911569345, 295.07793323666493], "PTGER4": [355.6464278236241, 528.7134215814692], "ARHGEF4": [239.483722785331, 0.2257636042112381], "GPR183": [318.61504960028896, 756.016949690826], "ADAMTS9": [360.5773125251304, 715.2229523024666], "PLEKHH2": [250.39977494380872, 26.47504152519724], "COTL1": [744.8800695228454, 163.81774450309666], "MICALCL": [719.7201973863145, 231.0332975438807], "MICAL2": [731.663576455284, 238.85907912275064], "NAALAD2": [300.8716542728755, 703.9789695181865], "NEXN": [248.2254385495201, 10.667871219362212], "PLXND1": [343.68264120721307, 659.994441077871], "BANK1": [371.89533020773786, 711.4834575765402], "CDKN2B": [356.4033930916487, 747.6616835482632], "HLA-DPB1": [339.7587142069141, 726.6183779276502], "ENTPD3": [366.6653743565692, 344.78259609700837], "LIPG": [411.1597066572636, 295.7585970273743], "DAAM2": [332.470515709684, 321.4010777675878], "CTSC": [279.9639642645209, 30.373275607236224], "CRTAC1": [366.5343552911205, 356.93141767268713], "RELN": [221.31583061316672, 57.16557125636649], "TNFRSF21": [740.8441332867619, 154.80393258920583], "SERPINI1": [423.64862321318105, 286.3980973862353], "SULT1E1": [437.8047704972719, 304.46991419434147], "NKX6-2": [383.74894174002713, 278.5795783484872], "SNAP25": [778.8035474359751, 181.811741410132], "CNN1": [390.3466864452016, 336.19445383532803], "KCTD16": [345.27239369645093, 738.5317829604423], "CSPG5": [357.40986296948097, 352.46760081156026], "CXCL6": [327.2800303064678, 749.4393529901953], "MYL4": [313.0701602191551, 169.15912308590617], "AHR": [218.14641633386606, 9.826087806087173], "RUNX1": [416.2083081396853, 276.81410462169], "CYP27C1": [337.23882895701274, 330.82532448567764], "PRSS23": [407.08909788166335, 269.1309683620558], "CSRP1": [755.7040185951494, 166.2779503422214], "GPR115": [787.342666611867, 203.39972958614496], "STK38L": [285.7734083729256, 732.171079056409], "ACTA2": [392.245564679749, 345.7847785297091], "NGF": [359.91424325074615, 259.5315013426505], "ACTA1": [407.8122986442547, 353.5270687648811], "MGC45800": [742.0973228479068, 244.24922561417188], "PDLIM5": [258.69604228960196, 14.29032217770731], "ITGA1": [426.7672904474906, 340.8603034768078], "COL8A1": [387.085445089763, 361.9152130786884], "SLC7A1": [792.9902862887334, 184.42904820994582], "SPON1": [282.3365504762463, 715.3684417901458], "C9orf3": [358.05934136260646, 300.84236981899437], "STAC": [434.0395423454852, 295.86059965225843], "CXCR4": [349.56156162787283, 346.61604939761514], "ACADL": [729.3662669478323, 180.03000269164835], "TMEM185A": [429.5826410815754, 315.9326641918541], "PEG10": [368.52873582142615, 697.2483696537823], "CYP11A1": [342.99847988353866, 339.1426021530047], "EGR2": [388.0916097814192, 309.3655212246938], "EGR3": [761.0205091391363, 185.18946100233566], "EGR1": [355.42239464367543, 336.6146096633557], "AFF3": [362.56457580667336, 327.36138046436145], "MEIS2": [764.1470462512059, 245.85214619004682], "SAMD5": [328.44411186410696, 657.7213141104486], "ISG15": [220.76171950269912, 23.722462887471863], "PIK3IP1": [746.0667065202219, 226.75113595714566], "ZIC1": [735.4859567167, 169.24475613151935], "NKAIN4": [317.827847474227, 996.6029636797924], "NPPB": [353.5983756758031, 283.6264881802107], "PANX2": [343.0204391905934, 689.2474151753233], "IGF2": [216.527187747725, 34.50130536599545], "H19": [268.78163176085366, 52.71253557251856], "C1QL3": [339.9145870614176, 287.5288051044104], "CXXC5": [313.5262090085353, 745.0378927588271], "PDLIM3": [356.65688204759726, 697.0828731010776], "C8orf47": [347.9145036587504, 294.6439840601614], "KCNQ5": [778.2431360159873, 230.24450418907406], "AL832007": [228.0810905393712, 3.5828603520115507], "SHB": [317.73132986772885, 672.1634924947242], "COL4A4": [358.98727456824986, 992.8356416498854], "GALNT18": [402.2722249504649, 347.8565906050471], "CHST1": [378.25566278705605, 323.8940788688699], "RHOB": [792.3169579600874, 217.09369530058757], "THBD": [760.8247902875006, 154.56684160853303], "AFP": [719.3029195341508, 187.5780231143695], "CPN1": [376.19338823468905, 360.0909637094409], "FGF1": [382.0262646560565, 349.42669466948416], "PMP22": [345.58348769639156, 620.3771107473085], "NLRP3": [376.1172171571293, 286.3105615354151], "DNAH5": [338.61831080778836, 316.6872752612306], "CDHR1": [366.0140897862834, 983.4302967837691], "TMEFF2": [322.1450953711318, 722.209058229288], "ST8SIA3": [343.2474676621565, 913.5235486508852], "ST8SIA1": [205.52586275631563, 28.09294420255776], "MEF2C": [740.0224492314278, 203.26699341212029], "MECOM": [340.26583944850563, 980.1121957197157], "KRT15": [418.5808072940662, 314.66258579134166], "GPR126": [778.5567987024724, 207.53324292491084], "NPTXR": [346.3909628705057, 276.8051751268632], "FILIP1": [771.5616309719196, 190.77459776901082], "MSLN": [319.4864006621547, 978.6682922438048], "HIVEP3": [253.14660526211043, 63.70346136288288], "C8orf34": [369.7671415521279, 730.5792296734322], "MYH11": [352.05031363187345, 233.1439670255751], "CCSER1": [262.92639155391475, 3.7291143473518673], "FJX1": [300.9859496935607, 745.1984796730314], "HSPB1": [234.4141577891411, 61.856201026061115], "RCAN1": [781.5748939096122, 219.55681076730653], "ACTC1": [375.57153151675107, 337.8598388975001], "NEB": [309.0786951288591, 987.0029047665689], "ITPR2": [757.5889886209247, 229.73254426333938], "KRT7": [326.87509588464536, 736.6388913117441], "MMP24": [701.7902887332559, 224.78845176635488], "PLP2": [237.87228864645618, 29.025763668334264], "NES": [345.19513093948115, 236.22735765352743], "PIK3AP1": [318.9016812390895, 987.8828873472836], "MLF1": [330.2769709734455, 985.5298612499435], "STAT4": [286.2234045850652, 723.0431779372279], "SIK1": [335.00441869322503, 859.8640013711018], "INS-IGF2": [353.87278418219955, 731.557711829571], "SNCAIP": [282.5779744248972, 706.6448067167986], "S1PR3": [425.9271281808078, 276.2974609863291], "ZNF385B": [210.47667776636513, 18.252225280755113], "RRAD": [328.9765694996827, 913.7537383622825], "NR2F1": [310.2361268733481, 693.2950312361659], "PTPLA": [416.7495959028313, 266.9177782757438], "HBEGF": [332.25106537179806, 756.4430481004922], "SMTNL2": [772.1854550295359, 174.16383557328476], "BC021061": [251.58236884531232, 0.0], "VGLL3": [344.4907742472084, 716.8575416823609], "NFKB2": [697.779539005724, 210.3186417181118], "DUSP6": [755.0832227830194, 176.22918270379915], "PKIA": [766.1602664651623, 222.57920160973381], "BEND7": [368.2446230418908, 972.6114616447322], "HLA-DQB1": [766.9366035146143, 206.8934482633863], "SLFN12": [784.0498056916131, 177.4929407914379], "NMRK2": [715.6236648172176, 210.41153667259002], "MFAP3L": [752.8576823264515, 246.04411690393243], "NUAK1": [355.91796569296423, 272.3698599712145], "ANKS1A": [352.9095353640651, 316.08462819879855], "SYCP2": [784.6836186917332, 169.44626561874378], "HEY1": [337.61381355188934, 744.0604807060874], "ACOX3": [413.0715558814586, 340.5144630882404], "SLC25A47": [204.23312643065856, 49.22194613022555], "LRRN3": [776.575954744588, 241.2402476905193], "IRS2": [418.31013683989136, 349.0995456333907], "ID1": [336.7500334908691, 998.8708890639562], "ARHGEF28": [343.70629153776315, 307.21846566759376], "PRR5L": [404.2934808847924, 260.4533053517755], "NMB": [364.4830234369816, 285.68717986056265], "KIAA1199": [425.13771801627286, 329.76217555441394], "TUB": [421.15391501327986, 305.5994724483634], "LMOD1": [401.3474640195306, 282.3831183182357],