{"HIF3A": [639.1064772654191, 513.9022381028087], "PCSK2": [629.5004988081432, 545.6082032576129], "SCG3": [382.46873553100244, 980.4473910472341], "MFAP4": [630.8714840492786, 492.892960592824], "JPH4": [199.05980043326707, 239.09029922834205], "SYNPR": [678.8292277705359, 558.3898372161107], "HPSE2": [223.2893475937864, 488.66289074573564], "LHX6": [171.6914986895457, 487.15245185002806], "LHX8": [343.7123556584252, 971.7727591623384], "AL953854.2-002": [699.1522635071866, 514.7336443733612], "SV2C": [149.4915243259535, 523.5853158207634], "IRX1": [201.589893950036, 313.1568073542983], "IRX2": [393.6825309973908, 951.759173771285], "SLITRK6": [725.767557182133, 550.3715757149009], "B3GALT2": [412.23649999503976, 914.360919934722], "CAMKV": [359.01597846441564, 914.3938708185076], "GIF": [402.75641742033037, 994.2939450679437], "ABLIM2": [424.73944757811324, 904.3109840663267], "MUC16": [336.33244953722703, 948.6875653874674], "GATA2": [429.14666517713624, 986.8727855308534], "C5orf38": [345.261963707419, 849.7120450241807], "KCNJ5": [783.6811781538039, 7.6501910781615265], "ANGPTL4": [674.0256249668116, 491.6525002631741], "ANGPTL2": [434.0209226313344, 929.3448961681304], "GPR119": [419.3710664633216, 982.495282152302], "NYAP1": [214.43047778718415, 121.95947826892558], "AFAP1L2": [803.9448345670198, 25.632152140065728], "ELAVL4": [658.8531317428942, 585.7991185177366], "KCNJ8": [197.6372786540528, 176.61974316740026], "ELAVL3": [823.2224937933098, 71.56455164740822], "NOVA2": [193.5677258430959, 122.93540417213944], "CELF4": [724.7449050542423, 505.05856713453534], "CELF3": [208.78814482447015, 589.9094590826008], "COL3A1": [241.29127498894752, 171.97947101445942], "GABBR2": [247.63261214269943, 525.8973084794447], "TMEM132B": [772.3047255755238, 74.80247651573853], "GAP43": [823.0300397047607, 42.64411378213623], "PAMR1": [613.1644813600226, 530.2374465010287], "GRAP2": [761.0943871559257, 44.08607524254154], "BX538226": [649.1590625666413, 478.68552550108075], "ZIC1": [201.281376072748, 146.76220615869477], "KCNIP1": [699.801835769764, 486.3945655619853], "SDK1": [173.85761553814206, 128.92603551300851], "ALPK2": [798.9023436738512, 17.138483342155837], "KCNK16": [199.44721985293938, 489.4448216805422], "NFASC": [140.25357767337158, 548.3894870447906], "SLC39A5": [381.581112093323, 999.9445453470721], "KCNH6": [776.8759938391134, 13.07241617639437], "NOTUM": [613.9281366008299, 509.5796373400665], "NTNG2": [200.0803619495524, 118.57247198978598], "GLYATL2": [409.91532077964195, 987.4690961755687], "NOG": [843.3792637745703, 13.423024887187808], "INS": [191.29483574183166, 238.77684017653792], "LOC285484": [669.1457309107699, 502.2450936724815], "TMEM198": [436.52322944730514, 892.5564153179234], "SLC18A1": [173.49673718027793, 578.204983642715], "FOXC1": [842.154391543035, 47.98333578547039], "CRIP2": [439.77876880837323, 940.7761352028897], "GHRL": [798.8114292204241, 45.24701804678568], "KLHL29": [180.43459189433491, 483.5454861463677], "SLC4A4": [391.17293544633446, 999.9999999999999], "NPHP1": [186.62438571449985, 121.6939109583904], "ZNF835": [186.72486282938877, 530.8379788297467], "NEURL1B": [225.15941295230195, 120.2811823960431], "HIC1": [427.1093358683432, 974.1175322347394], "GDAP1": [810.6755922874863, 39.7825490935727], "PTX3": [179.07731553774482, 136.37174801215133], "ETV1": [647.9312825158794, 582.7122865474049], "C6orf185": [172.31820818846387, 534.3126352734589], "ILDR2": [675.2543254146793, 477.97270907323684], "RXRG": [378.1864215783077, 969.8656903587946], "AMPH": [681.2902649592675, 506.1629122164262], "MCAM": [623.8695103171071, 501.9141276454875], "SPIB": [790.7861217339741, 86.90476567502577], "WDR63": [784.2113206073918, 33.035277151614764], "F5": [636.2381360522512, 576.2531311168848], "NTN1": [156.75102840338963, 542.0836737068008], "AK5": [216.60355943150304, 562.8766689309731], "ATP1A3": [218.74386546748062, 525.8502475685709], "OXTR": [164.61855800197247, 544.3092500727023], "MME": [812.0643958164799, 12.358960222955261], "RUNX1T1": [156.99150270030287, 581.8808280182604], "TMEM151B": [766.2589654554181, 64.74316425058322], "KCNC1": [192.83957526667223, 203.8061053325044], "KCNC2": [206.73408304653387, 493.9041916989714], "ANKH": [233.42597254268756, 549.5599411862818], "SPNS2": [158.3004284075659, 149.37782148769668], "DIRAS2": [707.6566832227884, 540.3337855075483], "SIM1": [365.65728844551563, 991.9453948344494], "SLC38A3": [164.86723005094848, 578.4205994441326], "DPYD": [669.5604571079837, 587.9650868288479], "GRIN3A": [238.76055915907864, 503.3467734044889], "RAI2": [658.267967110673, 576.5074650179624], "SLIT1": [163.3295495883866, 142.41553591632527], "CXCR4": [449.8046865311311, 945.4168944343403], "PRSS12": [860.8995135029804, 62.14010556759064], "DQ583756": [232.36063778540202, 579.7467556250348], "KLF10": [363.4746227682548, 982.7269864214741], "WNK4": [515.4614990482135, 752.1620862804251], "FAM84A": [222.09064803986445, 189.91303103901788], "ST6GALNAC2": [404.256027214524, 978.9383496939139], "RAB26": [360.40443659428274, 906.3989219518082], "DKK1": [448.6424971966349, 954.0201069690294], "ANK2": [667.9396155596695, 476.09829495444745], "MGAT4C": [150.3672486777433, 532.1628443796161], "AVPR1B": [693.8237149115091, 418.824359692144], "INSRR": [409.78382137671144, 972.4388850053201], "BC033961": [661.9889269801178, 466.7537948855072], "ZNF702P": [453.6538360958349, 845.4869145349251], "SLC25A14": [823.4739366987944, 93.859428818661], "ROS1": [360.2546388395211, 957.8293472004272], "MUC13": [626.0533689882002, 484.5429368044055], "ARHGEF4": [699.5092520619352, 420.3859083741844], "CCSER1": [715.5950374989081, 490.93707285522635], "PLEKHH2": [206.05377239364537, 128.92069292363658], "RELN": [166.9467802657457, 588.0294502215359], "TYRP1": [191.2927955555967, 497.69905036977303], "JAKMIP1": [391.9596884848154, 968.8692713180839], "LIPH": [340.1995580913746, 964.5391777876112], "BC018887": [391.0878056988402, 894.1841779421912], "HPSE": [769.9083670142563, 21.527720361872127], "UCA1": [661.4445876132513, 562.0280140452473], "SYT4": [655.448190176232, 540.5865332968997], "SYT5": [644.142576851342, 546.6705933809468], "NRXN1": [850.8671250101004, 20.96174261359323], "UBTD1": [651.8025732350723, 565.2468955183408], "GNG3": [790.2352418601961, 56.82057763388991], "SYNPO2": [693.0099041973293, 562.4063412318399], "MIR7-3HG": [637.6112278064106, 484.5280962102683], "CNTN6": [218.4315986162279, 589.2916105455971], "MDGA2": [145.1586710310761, 512.3966029857568], "ADAMTSL1": [216.41324129634518, 133.90839357632848], "HSPB1": [657.040445483977, 482.11788604749717], "SYP": [664.5631560687418, 551.9049507869851], "AB074188": [702.1283651768738, 528.3262650571997], "PPP1R14C": [376.69055195522986, 921.9055094468466], "RASGEF1B": [175.8335653186786, 590.1815138391725], "GCG": [422.76178863928385, 992.0093591981398], "GCK": [415.21647925300215, 995.4615153341466], "DNAH8": [683.6417645048633, 566.6391554864136], "FLJ42875": [436.78809755447753, 974.4031354148883], "SHISA3": [833.7261817045471, 92.86481880842967], "GAS1": [435.6465527279758, 982.1908390317475], "LUM": [655.696937171441, 502.33319740527804], "AREG": [421.7460946645304, 925.4073163100045], "TTBK1": [458.28808021941654, 848.9211316316935], "MECOM": [157.78501865571224, 526.862976046795], "FAM167A": [246.78647547555016, 554.6837716114431], "RSPH1": [371.28594948535186, 956.5043837052042], "CDCP1": [359.19367564985475, 947.8715394528988], "C3orf67": [231.3537449227424, 146.72039064801322], "SH3RF2": [376.6300697088981, 991.4699553191933], "SH3RF3": [156.1642951916644, 563.0307398534302], "ASCL2": [238.06487430611128, 135.04061222380386], "COL5A3": [234.8594630899448, 179.3562766944582], "TMEM145": [164.20915975255514, 163.73498838353265], "PTCHD2": [646.3622423414538, 573.9541068539762], "SYCP2": [423.52729469931546, 938.4940784384814], "IRS2": [211.99697224720902, 485.50313133136217], "AMIGO2": [227.76112635627595, 559.3605978746219],