{"FAM222A": [484.1581934104033, 284.3517848047465], "MFAP4": [557.2209859689581, 333.24650995630884], "AGT": [139.8265610365129, 538.007128485845], "LHX6": [958.3043752179223, 329.5257434646575], "LHX8": [499.923078161172, 315.4401486391282], "PTGER3": [78.16580172973238, 77.44787224584246], "FAM114A1": [464.45112789033504, 272.9284095691611], "IRX1": [504.0169326073399, 367.3650852654677], "TMEM51": [30.621990674810604, 146.2924505510313], "SLC38A5": [36.56571395883611, 108.09825952900133], "SLC38A3": [540.2777163283708, 291.9422442532693], "CYP2B7P1": [980.8013937382566, 259.4532266297277], "KCNF1": [130.37627247900383, 124.04235398667743], "PAPPA": [516.977750808297, 353.0079165282304], "GIF": [130.62514275253739, 107.06844075520411], "OCA2": [52.745731464227845, 124.3655317852037], "GATA2": [144.21913123697507, 509.68719907211425], "GATA3": [42.16498046199382, 923.474220850003], "CR627203": [990.1585419843639, 275.9354008507263], "KAZALD1": [929.0207707678002, 317.55751598994334], "SGK1": [38.966017493831714, 100.92949392613434], "PTER": [83.45038576875709, 91.89832979425825], "SLC46A3": [542.3076385873076, 299.83592982070627], "ANGPTL4": [928.6460146068517, 266.53714098523415], "NPY": [50.13879082203607, 144.27644257472824], "FAM135B": [472.40465519591055, 267.07716080607105], "RASGRP1": [982.9924978310524, 248.8997821337957], "ATP2A3": [95.70265620258073, 225.27546658889497], "NRSN1": [50.016079470787645, 134.5696580057874], "ITGA4": [430.2844504757577, 527.1773919938164], "MYO18B": [992.9418925999391, 307.28975933415234], "COL3A1": [979.5723958394868, 295.9717981081087], "PHLDA1": [515.9512572852917, 336.7745188737542], "PEG10": [55.71676933768833, 897.1081225963347], "PPP1R1A": [84.36267791736174, 104.90569973593273], "LINC00526": [485.1096721787063, 535.1805859927781], "HRH2": [143.11050073910755, 160.57683524089998], "HRH1": [949.8822726889663, 316.0812458523563], "GRM4": [13.348905880255245, 912.3440974752762], "DSEL": [69.31346742588642, 887.3735502021511], "FOXJ1": [483.3011910060323, 294.90781386364347], "ALPK2": [86.76697413275878, 117.92147847397783], "KCNK12": [133.04578804050533, 556.2675797112902], "NFASC": [548.6831458136713, 323.3578442503293], "PPP1R17": [106.46917670491564, 495.0909069710726], "CHST6": [437.5488031701729, 515.7502760263769], "KCNH3": [33.95304244280743, 910.7835352419836], "GLYATL2": [31.405812296390877, 921.5348661514373], "PTF1A": [990.7518137022497, 256.69551942541034], "KRT15": [459.2310734316808, 536.9705792927531], "LOC100507584": [976.2632763146935, 327.05906027535036], "C8orf34": [65.13507637685956, 142.40274080575503], "RCAN1": [96.00946257882106, 507.4359477594276], "MKRN3": [125.60987917077654, 495.66025636380687], "DLK1": [452.86872156811194, 325.7128192591349], "GLS": [136.60692814786398, 115.80072473200116], "LHFPL3": [950.8626423111551, 333.13420552026395], "NEDD9": [36.015765398993835, 161.4451658265513], "DL490846": [965.9776992450554, 280.060899454187], "ATOH7": [112.94202754830138, 307.20463077255874], "TFPI": [510.6732176717815, 268.1380166894709], "SEZ6": [97.47763843923491, 527.1492595944571], "ELL2": [125.81092471940599, 93.16575112878323], "ATOH8": [497.0294679584114, 255.40888441585844], "EDA": [69.28998156207342, 907.5853540328054], "SLC17A8": [545.3815210578965, 273.7269008421871], "TPCN1": [37.816354860416766, 140.25663590229706], "ARID5B": [99.45421639559709, 190.48751950169708], "AK308944": [73.57051941181174, 104.50479825768932], "LMO1": [527.9748615380742, 362.72488640846456], "SSTR3": [510.0755684732471, 293.43313610401043], "SSTR2": [30.72481075174528, 122.14570115524967], "SPP1": [520.420747556058, 297.6715854910433], "OXTR": [997.9582681061459, 299.911267267609], "IFIH1": [939.4154033339698, 313.59066323170106], "MT2A": [54.81920388940898, 157.20580205236942], "BAALC": [86.81867150206324, 193.45863495964244], "ANKH": [100.05357687041993, 174.76202904539525], "CPEB2": [475.5965013081587, 348.1188494304828], "PLCG2": [429.8829156515997, 514.3502225528381], "C15orf59": [88.8885195530288, 710.854083125931], "PDE1C": [1000.0000000000001, 289.8081779124383], "ST7": [104.4016101543071, 542.4931063738497], "NHS": [541.5167224358585, 329.44628802516104], "CLRN3": [63.39138896282219, 839.3412661213098], "SPOCK2": [893.9449862869809, 281.30167524778545], "SLC24A5": [932.553519901403, 245.26604226503315], "IGFBPL1": [489.0697287946853, 364.03228161975494], "P2RY2": [475.35894400911025, 510.52332192051847], "ZNF503": [492.97706164674946, 271.5669785215846], "CA8": [469.5952572977183, 287.2640835191438], "NIPAL4": [490.34642397688344, 512.4333752189686], "MUSTN1": [49.01530092934388, 164.3202524209765], "DKK1": [220.63702356462773, 474.88396370349375], "ANK1": [11.915461652392423, 859.7951567305167], "GAS7": [185.30479033474907, 502.26627515872815], "SLC1A3": [943.0410247142097, 240.86082046838595], "LINC00890": [106.78321100876815, 169.06527770724625], "RSPH4A": [973.9135979699223, 244.40859606481686], "AMBP": [98.11444933950344, 133.4523538931583], "SLC25A19": [99.9664565503706, 534.9670592554502], "TMEM171": [120.60397705159323, 555.1394708912458], "COTL1": [179.54128330420372, 490.93923068858055], "CDH9": [75.65860585348435, 85.80291678260542], "SLC12A2": [412.32048822458523, 500.8060709640215], "SLC47A1": [912.8259398784778, 267.6957472792529], "KNDC1": [49.10439015195112, 900.1364513488525], "PRX": [550.0768073288867, 305.29522212201636], "GLT8D2": [139.3958011648083, 130.65455004781606], "NAAA": [74.00223987798762, 879.9724833056387], "LIPH": [114.12860880048362, 535.6280370075434], "ARRDC4": [102.20478247833199, 224.07749540448887], "Em:AC008101.5": [459.70672836708525, 281.00945653863175], "CXCL5": [217.73736348058932, 469.2057702026848], "STK17B": [515.8206399846854, 284.8003246585706], "HPSE": [181.5551990935301, 177.4455200087243], "OR6T1": [526.0729524127999, 350.86292031189475], "SLC2A3": [423.537982535098, 485.2893756119431], "SLC2A1": [418.3726698802334, 493.69576254817764], "SYT7": [517.469270373903, 275.49457239224495], "WNT7A": [923.9322627431363, 295.37513766896666], "ELMO1": [118.43383018693851, 87.89851386575458], "FOXP2": [108.77353408421408, 92.88088388811556], "STARD13": [28.870743686232117, 129.99993538794865], "MYRIP": [561.8910655457178, 316.48784602363065], "KHDRBS2": [122.52811583299098, 118.07480691543338], "TRIB3": [894.4149423776598, 296.27818300060403], "LAMB3": [474.04934222869997, 541.6126082965718], "LTBP2": [540.4664963825415, 353.8778915202741], "MT1X": [55.68529491404229, 882.9989883061453], "CCNE2": [463.5641799645439, 318.5106502465555], "MFSD2A": [117.92525513479785, 504.7408268264969], "LUM": [114.62500077246153, 515.2165689394969], "ANGPT2": [99.7017071968495, 155.32894321121424], "MT1E": [495.9011828480875, 519.5999152424392], "CLDN5": [967.7449480552918, 261.94203309908283], "BC070093": [473.7056691922008, 276.8553226328141], "SMIM6": [446.914825909075, 480.0465139065607], "DNAH9": [451.0613954018567, 316.11090425593136], "CYP27A1": [987.3307949276573, 266.6699638392436], "MSLN": [982.8640250568798, 307.08903866013685], "SEZ6L": [44.65229589467981, 95.67546357684776], "CDKAL1": [467.1254222039315, 328.9421719773356], "STXBP1": [28.19637834862914, 138.37375794205295], "RCOR2": [61.893915070513515, 82.20790524239925], "CBX7": [954.2245370876348, 237.29860336845735], "KIF19": [118.06642835885754, 128.63411112102077], "PTGDR2": [87.30264351634048, 84.12871566736618], "GAS2L3": [53.3120599333202, 921.5035119547206], "FAM167A": [482.0942684589563, 273.44856429348476], "RSPH1": [529.5073173582618, 274.20892004765597], "ST6GALNAC2": [1.3328953898110854, 894.897342692001], "VGLL3": [127.4843045226254, 534.9303414095045], "CDCP1": [67.92293431684436, 91.45620879515604], "SH3RF3": [538.7441314033553, 267.46473026001706], "ASCL2": [46.91409811068024, 832.9989498785502], "GNB3": [172.6364510014799, 523.3562715999611], "COL5A3": [95.8568540523068, 79.26129422978568], "DLL4": [101.90297981775359, 118.65248405735414],