{"PCSK6": [559.843185460253, 494.6999542211961], "P4HA2": [811.6847411423233, 328.41366899639434], "B2M": [77.03957520047476, 311.7429534387037], "MFAP4": [389.4258521143079, 168.45104678593876], "L1CAM": [78.06540960646379, 217.25706090056738], "LEMD1": [976.045840530536, 695.5733519572374], "HKDC1": [999.8688855073099, 729.1449452169406], "SLC28A3": [576.7269849366388, 487.13689730880185], "BANK1": [513.0361930282899, 843.5957758436875], "IRX2": [99.49694803657678, 245.38815288335192], "IL18": [82.29837957095026, 235.82600425084036], "SLITRK2": [532.3382190853948, 484.5787880689593], "SLITRK1": [545.8218967283012, 481.3198705117098], "ARHGEF19": [945.5787776762921, 701.6418013773675], "CAMKV": [784.3553606569808, 386.8296215347319], "EHF": [560.2110020013022, 459.63906652027924], "GC": [1.9658136701571607, 285.97502474846647], "ABLIM2": [596.410490109511, 431.4873536825978], "GATA2": [3.8479991377509464, 294.39754851863046], "SNAP25": [428.5899334360993, 161.76738833485575], "CCND1": [955.8543739047614, 745.6202064462836], "HCN2": [559.8819814173127, 521.989435876583], "STARD9": [27.087513391061577, 226.3041019010667], "GPR119": [547.7972101411547, 544.5770731049626], "LMO1": [536.6746256904848, 460.2084084587094], "NYAP1": [544.9624412126765, 819.7048077473459], "STK38L": [479.2676023672258, 821.565470592599], "RASGRP1": [40.22687152811187, 301.8660154870117], "ANO9": [514.1461925668779, 831.0115869426226], "TNFSF15": [557.1794579362005, 418.08489014570193], "DIRAS2": [959.7753534181616, 715.1854525426095], "ALDH3A2": [502.1382622220104, 822.0847009645205], "GABRG2": [970.8648166518369, 758.8913745588756], "CDKN1A": [788.5904287927004, 365.9935548719151], "CELF3": [130.13038865677368, 301.1786950070493], "PHLDA1": [13.273768974415475, 315.603194110459], "SERPINE1": [733.161006297915, 577.7733358588903], "PHLDA2": [18.364326349458395, 321.38867779818185], "GAP43": [979.5813214698844, 753.5285319757708], "ZIC2": [379.6216454490099, 191.84223240352966], "TNFRSF9": [6.917041950463215, 255.05499720260235], "CCDC50": [91.89853570739336, 275.8788371786205], "SDK1": [649.9218110880732, 517.883951429692], "HOXB2": [1000.0, 718.8493547738415], "KCNQ5": [118.56218891409918, 250.80324590485438], "CNTFR": [434.8486635024479, 201.71002903567637], "DCDC2": [782.8110272922363, 353.5743283093336], "CCDC162P": [550.8464146857201, 408.1430312129625], "PTGER4": [40.78394624835255, 326.5112712205679], "HS3ST3B1": [56.03265340709322, 242.47469069871067], "DLK1": [68.01044248146849, 338.33110560328316], "ADCYAP1": [3.9449663677714852, 278.99752844771393], "LHFPL4": [48.94015324570927, 225.65248540137338], "PLP2": [37.6017389892458, 335.935714634366], "NEURL1B": [779.2796278130874, 343.00214229153676], "TLL1": [21.872201834731015, 239.3820092844319], "HIC1": [800.0914415322484, 314.75920750005065], "PSD2": [956.4023897208426, 774.6169293505195], "SEZ6": [646.4190089252211, 522.8937251027388], "GGN": [554.9580511646017, 545.080280149079], "S100A3": [522.2660998770756, 825.9397376508418], "LAMA3": [570.7372882354115, 450.59343747408786], "CCBE1": [941.90111576141, 745.7934386920854], "RXRG": [947.0135826616859, 765.3397207148756], "CALB1": [426.58405662963946, 180.21305409050197], "SPIB": [507.04976412924594, 476.04124235554804], "ETV5": [57.83654232577135, 322.1129997306871], "THY1": [407.70994836286354, 169.64722768415908], "RAB33A": [958.9937432284387, 765.8000570470354], "F5": [756.9297961851144, 320.1039355601539], "ARID5A": [535.1479453493978, 837.0801996700229], "NTN1": [798.5633905209145, 326.8062247781596], "LMO2": [47.94131106324653, 216.26058278438984], "SSTR2": [35.759338429138324, 226.64214544046962], "SPP1": [35.68577605400935, 248.7066215533564], "MME": [60.57757288501705, 256.902803240025], "TMEM151B": [921.8738293754989, 702.4683280899499], "SPHK1": [486.6130775718333, 830.4663408555494], "KCNC2": [589.6694336799985, 468.4843160884939], "NGFR": [781.1963663839969, 329.2349508767886], "SH2D3C": [433.9848475217868, 168.4088011943734], "PPFIA3": [974.3949173341402, 768.6095626720185], "ATP13A3": [597.3599346706415, 418.4222518144237], "TM4SF1": [535.9407021582658, 424.7395223284395], "JAG1": [149.20054394724622, 261.84456423848275], "FBN2": [767.0314643303617, 319.15512024199506], "KLHDC7A": [91.54230375198483, 226.2726862204679], "TBL1X": [914.6440296526417, 716.2426192060443], "RAB26": [40.27916276237124, 314.57993026044625], "IER5": [990.2617548755238, 711.2215148586968], "CYB5A": [71.84392107131521, 329.02238003363806], "IER3": [370.60511834975654, 211.89356602440688], "CAMK2N2": [85.76339529907318, 252.4750588292521], "SLC1A1": [594.7425567754517, 496.30593399313807], "FUT9": [607.5050909923046, 478.83667070598403], "SPRED3": [42.55109635866063, 240.70640575237394], "MARCH3": [65.9436541881771, 226.99299749166357], "TMEM185A": [932.8404306366781, 691.7479201617862], "UBXN10": [578.386754413939, 420.1942936642865], "POPDC3": [443.5559862864352, 225.58920004923192], "SIX2": [12.245530224464233, 239.38086109722326], "NAALAD2": [995.343381074824, 747.6378062223641], "RELN": [444.69288607526926, 181.93314748054857], "RELB": [446.4142372549736, 192.12065907013036], "CDH5": [434.15810612700216, 188.34855361201076], "CDKN2B": [110.41833007787858, 295.41735046527793], "JAKMIP1": [804.9216879264502, 334.7460507126395], "LEFTY1": [802.5000420884123, 344.51596137208963], "TNFRSF21": [17.62170571609704, 248.32875807564648], "HRK": [806.4177302243369, 321.56615149397004], "GDAP1L1": [587.9094972363249, 510.96266939878154], "STK17B": [510.4065764015137, 457.44965946810225], "SLC41A2": [561.8060252250417, 482.3966761588227], "SLC2A6": [29.257337835443536, 234.29540943278158], "GNG5": [985.3307295569775, 745.3519630180028], "PKHD1": [30.233713764612958, 331.27647055236736], "ELMO1": [758.9981042826007, 330.3581972409259], "CCL2": [540.7355859584886, 411.5476440128707], "IL10RA": [993.0418863123716, 699.2810871130127], "KHDRBS2": [106.97499891678024, 239.82791193167105], "CPB1": [980.3064703427422, 729.5741735684285], "TRIB3": [477.4095706388827, 810.8683205540278], "ARL4A": [68.14361698483589, 314.42598484351987], "ITIH4": [372.3755557962022, 176.57845474282655], "C6orf141": [411.8898386862428, 182.82229741598596], "CEACAM6": [531.1396440566186, 417.80457770042955], "C10orf32-AS3MT": [100.39051625998064, 295.5751063985603], "IGF2": [590.3956246680881, 503.19133669097437], "RASGEF1B": [599.1009403338784, 473.2392198357984], "G0S2": [32.391171052851575, 319.3394943654483], "JAM2": [596.2579721283191, 485.5767075755215], "PALM2": [423.1816188529169, 208.92428268338978], "NPFFR2": [541.1169380948431, 809.8603160419241], "IGFBP3": [367.61635329350315, 202.9276468983937], "SHB": [819.2099564122884, 360.31638326039956], "CNGA3": [527.9783688665939, 432.0739521687397], "MTHFD2": [523.6263542396989, 503.83211997916817], "SST": [912.1707785846916, 729.1157620914033], "GPR112": [776.4180972062741, 309.2310976004828], "CYP27A1": [971.6755441661221, 709.4839433704399], "MYBPC1": [530.0017423587394, 509.5856264924552], "ZNF503": [965.3682322116039, 684.7141937620254], "HDAC9": [518.8603160741966, 812.598742697447], "FABP7": [964.4663575218592, 738.2254775589499], "SPRY4": [810.6505266189631, 355.23210345790113], "GMNN": [767.6582359823961, 310.32725937547264], "LUM": [996.9834184488457, 710.073034324095], "GABRA2": [504.47635398378486, 813.005017718674], "AREG": [613.6917352887064, 443.9827489493114], "INS-IGF2": [986.4361893128805, 690.938710088652], "SNCAIP": [517.193416494049, 486.73903294139325], "ELAVL3": [769.2977226813796, 338.91231424280204], "ADAP1": [604.4487713066982, 439.15346801738474], "ITGA1": [120.88564897682971, 264.129532439271], "MYT1L": [51.037934353388266, 264.44593806249173], "ENTPD3-AS1": [966.2917448214992, 725.9828120375544], "NTF3": [5.5671626546071025, 301.67757077451944], "SH3RF2": [611.9995283391638, 503.2508116503026], "NLGN3": [413.62562402284937, 160.86134452529066], "RPS6KL1": [618.6090110669093, 461.29898222384907],