{"STX1A": [643.2798032177639, 581.9058495208928], "UBE2QL1": [62.025266325515645, 180.55973553395864], "FAM222A": [45.5309969611626, 258.46878785292097], "PCSK1": [33.342895002546015, 326.8287862135578], "GSTA1": [956.6405239798369, 800.9631817597731], "B2M": [3.4107770043210053, 298.97720384097386], "HPCA": [537.8054805475862, 457.34696018329794], "JPH4": [586.1968951095809, 433.10632759642255], "GDAP1L1": [508.2120252263475, 469.77357186315436], "PPP1R3C": [18.360626329889385, 279.69820328970115], "PPP1R3B": [979.5038817321968, 745.1099931770674], "NTNG2": [124.40962982925117, 236.70526419313526], "NALCN": [562.0624835577206, 484.2003637704624], "GADD45A": [923.2551864148165, 806.5156480804142], "DLGAP3": [493.84994297773585, 445.2614157870241], "SUSD2": [649.2196044194405, 571.6222767285658], "MAPK8IP2": [527.8116024284112, 438.18281456610185], "AK130759": [481.20299095532096, 533.4567153957488], "EDN3": [482.4122615794427, 458.446750495367], "SV2B": [611.4233587602648, 550.4717868701421], "GP2": [940.9821766476223, 807.599675452233], "TMEM51": [69.28964801110709, 238.92397948039974], "NPR1": [165.34521093357822, 291.81972635943515], "CEACAM6": [149.58881474341752, 336.5020197644124], "PTH2R": [21.63096005302657, 250.4961460640511], "CORIN": [580.5186864159905, 448.40429681258894], "BDKRB2": [511.7422206269928, 563.8222017455687], "MSX1": [989.3198478643465, 716.8469819177865], "CACNA2D3": [531.2311818239478, 557.0400072180244], "ATP2B2": [0.5752486513770236, 283.31014820930795], "GATA3": [918.0857420097047, 747.9401430207225], "ADCY1": [475.68127330089163, 549.0157544471799], "LINC00634": [157.79314998720602, 206.85353077572546], "OR6T1": [38.08838640264236, 297.8513662179935], "SLC2A3": [139.47449859096469, 257.0617088284708], "PTER": [982.7523966586966, 764.0604935663939], "CPB1": [569.4097358695635, 425.1132228428985], "SYT7": [543.6054139300826, 529.6209137616049], "LRTM1": [171.44717919274035, 233.2578868932082], "LRTM2": [174.2552379507215, 250.78478774556095], "NTS": [98.49747087657096, 240.55951040302153], "PTPRN2": [32.983930643763756, 222.60245495570356], "STAR": [603.1995892305722, 568.7589430867592], "ELAVL3": [471.52389085124184, 472.2830525678356], "GABRG2": [79.79916466399612, 191.170464399819], "CELF4": [597.8536766027387, 492.55067895065235], "CNTN5": [296.91208930132126, 380.7067545288417], "UNC93B1": [460.5867522988278, 520.1499128358593], "CRYBA2": [527.3898941483691, 422.41825521094097], "PRRT2": [18.912793965816945, 264.85148988166884], "RSAD2": [565.3447885248908, 567.5268150852509], "ESRRB": [534.2402629651922, 504.49559351999136], "NR4A2": [150.983266338865, 245.46605698917315], "DCST2": [507.7809330107064, 432.5746754578814], "HRH1": [564.7598198781429, 459.0126871132473], "ATP1A3": [493.35390849106716, 575.6456611249256], "ANKRD18A": [4.783430556605708, 240.67076925866982], "CLDN5": [587.5127371900778, 473.8590894220841], "LZTS1": [996.6229492465939, 733.9049704156337], "DSEL": [939.1309673242963, 779.7736922186582], "C1QL1": [910.1048477796317, 720.6378374565265], "G0S2": [489.7068972954495, 482.54209098605423], "GCG": [116.53430822814033, 178.81830271127558], "AREG": [0.0, 268.50766839285234], "VGF": [461.69282424506844, 538.9134383578892], "NPFFR2": [192.26918126753807, 317.67951110477634], "IGFBP3": [608.164959801542, 475.6908700584316], "CCDC162P": [124.01985765564609, 347.0511153879896], "SLC26A4": [136.33188152479448, 213.99464555441494], "DDX60": [159.65560002604406, 316.17061455781084], "SBK2": [58.58815416463125, 199.96386039716018], "C19orf77": [20.498114603759916, 331.8694200857822], "DNER": [82.51780150352431, 309.96473549805773], "CNNM1": [196.32015544908415, 341.11766447768196], "DEPTOR": [955.819913661577, 739.8194882232874], "DNAH7": [953.4403479831076, 762.7123392679267], "KCNH3": [998.4271552687144, 769.2914772023839], "SST": [67.27417738956444, 340.1112375186875], "C2CD4B": [66.22804543422598, 357.3158210520512], "IRF8": [611.74605155788, 456.9223868300489], "ST8SIA3": [582.2696967934647, 577.0134546044258], "INS": [620.6174449724931, 471.9647814328987], "SNCG": [533.2729102935956, 580.3018003893817], "SHISA7": [506.90968017268233, 590.0384191905418], "ITGAM": [601.0016956312608, 443.17438598027877], "ANXA13": [495.22395657076663, 544.366878628973], "SCTR": [79.27209276120067, 204.72520794603145], "LRRC10B": [166.02657726553582, 218.7289960349731], "WNT3A": [25.677557415101717, 204.18885925497608], "C2CD4A": [50.746581855005104, 350.15807089386004], "TMEM130": [513.1373508557525, 526.0017153504557], "TAGLN3": [907.3168529700501, 819.2399058094276], "TMEM179": [61.44248067840476, 271.863799440979], "ODF3B": [42.80646337543328, 276.09599072397975], "KLHL29": [135.7336283249607, 193.8708944310369], "MSX2": [100.96566905746346, 272.6231721232812], "SVOP": [60.46827040573845, 326.3088754536636], "ADAMTS15": [886.7486090292404, 791.3411822492177], "GAD2": [102.84520440646082, 180.88505697648083], "LHFPL3": [149.6619422403702, 194.91392421334012], "TBC1D8": [59.12068982598851, 304.80970339398795], "PODN": [620.7394306459619, 516.0602820599456], "FZD4": [920.4328311993665, 789.9576830750391], "BHMT": [892.6271274188097, 745.8813420070284], "NLRP3": [974.9785702473832, 706.6411370366523], "UNC79": [470.0327655882419, 507.6124340278128], "CASR": [571.2564922771361, 528.8899244501031], "MYT1L": [537.590666853418, 473.1361486295811], "ELL2": [63.51807174788513, 288.85373239262924], "FUT8-AS1": [62.55871907086572, 214.68683327959158], "SUCNR1": [743.7828786838929, 637.6505141787263], "DES": [133.53168690654644, 320.11748144341345], "NCCRP1": [272.0403924988874, 361.46792907053646], "REEP1": [990.3844054353845, 789.0809444071599], "SMIM6": [116.37893387919445, 328.8198706673378], "UNC13A": [490.2643579072755, 512.7688857916951], "PDK4": [975.1101476007545, 725.5770767138225], "SV2C": [577.8689671669283, 542.9845936101793], "SLC43A1": [137.59128507008643, 282.15874065536957], "RGS16": [597.2459945988173, 541.3108446142516], "XKR7": [469.852329156508, 560.4534108456022], "LRP1": [546.7112471623977, 435.9558788709659], "ATCAY": [492.8853200589238, 561.2550128304505], "KCNJ5": [129.57800195319385, 182.0036597033557], "CAPSL": [103.98652156227013, 356.11967385873584], "CADPS2": [553.1012524823922, 549.1620992963686], "PAPPA2": [582.0114958498798, 497.382097256237], "HHLA1": [967.4938512329161, 788.8489529935789], "SGPP2": [528.3270635165636, 593.0473656186158], "SOWAHA": [946.1829532048071, 824.526934821499], "SSTR2": [549.2658335021026, 591.7420670879687], "SSTR5": [566.2449441499007, 586.3431206692252], "C5orf54": [929.4185903620025, 704.9648117693334], "FER1L6": [470.70565756883786, 488.12541946580563], "IFIH1": [980.8558383390678, 778.826216273025], "DNAH9": [104.89713109174915, 316.1609957265815], "MT2A": [200.1625190139551, 305.8486826308385], "C2CD2L": [36.82949655741345, 343.1878170019693], "TYRP1": [75.78816504536218, 174.49329659850355], "CDC42P3": [948.7988245099411, 699.3149577835159], "BAALC": [886.436962299723, 771.2632355452217], "KREMEN2": [1000.0, 751.3559437461869], "SMOC1": [99.54626863328173, 339.3470056794184], "SPTBN4": [83.02329337488612, 340.90434942939004], "PAPSS2": [43.097096059428736, 317.7911672981651], "PPFIA3": [19.03038720475979, 295.22687423854455], "LHFPL3-AS2": [565.1288159857395, 437.42718293007556], "CCNA1": [590.3048416671174, 516.2759189757312], "SCRT1": [547.9926829315328, 576.3087301470441], "SERPINE1": [104.2831599262422, 208.5583990685343], "RGS7": [43.83577751406358, 210.59325747269787], "RMST": [583.8556892443066, 558.5743133881799], "USH1C": [894.2177853733806, 807.2754153124797], "TTC40": [96.22624120277408, 195.48013645935507], "Hfb1": [591.8454092977136, 461.0326397828831], "NPTXR": [159.13034325521338, 267.613353707349], "COL8A1": [953.7536387460002, 717.24781644963], "SEZ6L": [979.6112785733183, 805.1529062652838], "ST3GAL6": [926.0265035728353, 825.5067034014965], "TNR": [85.82170052643977, 219.43956243939945], "MLXIPL": [178.221534688174, 274.0424058640298],