{"AVPR1B": [904.909291650119, 839.218575752164], "TGM2": [142.7153201945522, 763.8466815117067], "TIMP3": [578.3126292958088, 159.8727367928247], "ACTG2": [885.9438821384132, 221.3112035879323], "PCSK1": [498.36454774318577, 295.4574994636521], "SCG3": [182.05856991832587, 854.1423244089603], "CD36": [60.89836644439572, 889.4414576789405], "MFAP4": [112.53070373827381, 914.1991147855986], "L1CAM": [29.273470438794675, 899.146969805406], "RASAL1": [177.5354907504493, 882.6408314833784], "APLP1": [964.8719790416931, 809.9960571884222], "TMEM171": [123.0152240959157, 747.5857571725116], "SLC35G2": [506.81510208669056, 157.60944142239134], "NCAN": [961.8996450148629, 86.89455267125192], "NTNG2": [451.77170833823124, 251.61718581511815], "RYR1": [159.6003911090736, 866.6117374498076], "FSTL5": [941.5371155536945, 151.1489303196015], "DCC": [1000.0, 163.8275267084084], "NAALAD2": [947.9764187996557, 73.34600500185553], "TTYH1": [94.27469314582487, 771.4468656725842], "ZIC2": [915.3914129047614, 865.7327334474527], "SV2B": [962.9850535239152, 766.055454427977], "IRX1": [883.944970742122, 178.52541937249572], "NECAB2": [977.0334096634663, 98.24677704490603], "IRX2": [2.1691959027192524, 851.6556664402071], "SLITRK6": [877.7635405568632, 829.5738413373257], "CDK5R2": [893.5005223026274, 119.22431178365889], "KCNF1": [887.8668038474477, 63.80249431032394], "CAMKV": [839.1938042507146, 105.20425858749707], "HTR7": [0.0, 832.8305541084575], "SHOX2": [495.79105870232115, 172.1606792409255], "KCNN3": [864.6137641019359, 65.21557377456134], "BC033961": [886.8825031789686, 859.915960522571], "MAN1A1": [513.9221046273899, 216.76921969161145], "LRRC73": [111.12048199176343, 936.1975056896761], "KCTD12": [853.3817240158455, 81.8752881613446], "BMP5": [528.504469194247, 434.20604022653384], "C22orf42": [521.2267651870052, 331.26288178473624], "KIF5A": [572.6652478710356, 188.0662268695009], "OR6T1": [462.77571480686566, 294.995840837073], "SYT5": [963.6213671489095, 743.4066177278931], "NRXN1": [979.3077094000378, 137.48246929750235], "SYT7": [558.5979572375576, 151.7083169981119], "GALR1": [29.15219540712485, 760.6360060433542], "GNG2": [942.1747927036681, 117.26357917655594], "ANGPTL2": [858.9236543930779, 194.04428892556825], "LRTM2": [543.5904332053279, 192.393694423978], "CLVS1": [854.8228498924502, 890.2855039585043], "SCN3A": [771.5705299545491, 786.2885859404224], "ELAVL4": [946.2786693009496, 178.4645614741654], "ANKRD50": [949.8616724429552, 849.4637491530273], "ASPHD1": [931.3031329996165, 819.4081917973035], "ACVR1C": [80.48181211552776, 858.8222754958872], "ELAVL3": [802.7673727099497, 817.2107229924718], "NOVA2": [477.55284275230326, 225.69589867314784], "FSBP": [46.3012297564602, 745.5417547386894], "DOCK5": [68.58143363326724, 742.2079886818254], "BCHE": [497.47604054837757, 599.2725591370432], "CHL1": [35.78185704167208, 807.806370490518], "CRYBA2": [796.0782701727994, 845.3525283323002], "CRH": [47.39375818569124, 787.3799667899716], "PNMA2": [479.8808904687035, 255.96214365004806], "SERPINE1": [770.2776399953117, 810.4020569331615], "TMEM132B": [593.1196487160778, 178.74987872708687], "PPM1E": [782.3129240283033, 764.5116724446459], "LOC728392": [91.11245881213245, 932.739569009945], "LIMCH1": [39.30001799182503, 915.6229293238988], "GNG4": [604.7099405414891, 234.82234414262422], "CEACAM1": [35.13365690588682, 852.0035262219676], "MIAT": [132.72022455983853, 923.4320245586271], "MYPN": [929.1652720127297, 64.7721776739076], "FBXL16": [526.0120185053154, 200.5221787676985], "CRMP1": [798.291428910361, 866.6521046587806], "MT1E": [137.2011106739197, 899.0453854453979], "MT1F": [853.6366512109537, 690.5313882071919], "KCNIP1": [716.0618513209736, 208.21430447155353], "PTPRN2": [975.4071488123088, 220.57058361874357], "H19": [2.078709902378705, 813.6962862094049], "KCNK16": [644.5393449293485, 208.91807664157437], "KCNK17": [9.346913764830674, 868.9369309223026], "VGF": [90.00952020735326, 803.3862338290581], "LMX1A": [72.02389534786437, 931.3658172521375], "HIST1H2BD": [908.3483519597272, 743.6635652214802], "PAX6": [995.8787638058953, 186.17084063298785], "IGFBP7": [908.0230323809685, 86.57682786574077], "ETV1": [117.8715629311726, 823.0441929691236], "ABCG1": [907.3170468623493, 881.92535651506], "TNP1": [99.38694289591217, 744.5301741494567], "SST": [173.78311702640895, 806.517615221021], "PSD": [453.4732864071064, 211.3422470932797], "INS": [901.1741323869657, 711.4234102732385], "GPR179": [864.2128617827237, 799.1337015106723], "KLHL41": [883.3058712710215, 634.5679719165119], "TMEM196": [599.8884452146048, 214.89931453609802], "KRT81": [14.814496279431296, 886.9400059598415], "KIAA1377": [610.6847867297832, 192.08914772067203], "SOGA3": [182.3617180410838, 830.4628222055023], "TMEM130": [946.5789629762264, 730.2956705271534], "STX1B": [542.220551991829, 160.80875368625072], "GHRL": [16.393803829767762, 777.2688788948105], "HDAC9": [649.2067322660886, 240.559335802538], "SLC32A1": [819.2083432271033, 844.4760099407598], "GNG11": [6.992643474135662, 794.8535099557314], "OLFM3": [448.89340043324194, 275.0984395000606], "SPRY4": [931.5495880416898, 780.6257447964847], "TXNIP": [960.0624517531826, 784.0978364350788], "BTBD17": [522.5013829770562, 363.4441982769297], "HTRA1": [921.9534423156679, 720.4570557692766], "SSTR5-AS1": [160.7156150679059, 783.2633348386693], "SH3GL2": [781.2987275125035, 833.3579170103858], "NPY": [831.5200197104148, 714.838043833923], "ELAVL2": [496.6704947255884, 206.59341000800015], "UNC79": [945.5001940227876, 805.4998803248739], "CHRNB2": [861.7084480527808, 871.6792182268202], "CASR": [865.8800610238306, 111.73023950070728], "DUSP4": [970.956188262396, 183.00395001526857], "CITED1": [922.0866900506705, 127.41236157713485], "SLC8A2": [932.7371069395974, 241.1680189516747], "LYSMD2": [907.4989587111933, 64.5019837288641], "ILDR2": [719.8120627027848, 224.60825562646295], "NLGN3": [988.0666520923794, 114.87287633014455], "ATP8A1": [835.5292254148085, 128.78409679945196], "FRMPD4": [562.8624677701387, 219.33708596727575], "C15orf48": [83.85068200529298, 897.6244205550227], "NUAK1": [980.1706090009329, 162.35354961677405], "GC": [830.2197803577566, 811.171709339634], "KCNB1": [891.1769229143639, 687.9865524041414], "OLIG3": [170.86906371728008, 902.7843513853488], "NEUROD1": [154.5117220918919, 915.5470817716596], "TPCN1": [943.1572507008974, 755.9692967548967], "CADPS2": [496.7804850898611, 326.56835490683267], "UNC80": [929.9177224702673, 838.9102365206268], "ATP1A3": [845.1747394420836, 157.1066168765973], "LPAR3": [875.0992564756134, 502.8549843792585], "CFC1": [477.51568118235207, 312.10444144741064], "RAB39A": [960.627639779517, 234.88208185061563], "SLC7A7": [848.994975714347, 844.6324691216074], "CHGA": [481.53531225669246, 278.31327689363826], "CHGB": [30.779226679710177, 830.0372575674171], "GPRIN1": [930.5213474368006, 95.62685901287858], "CKMT1A": [960.565309180391, 128.6566024014695], "CDC42P3": [44.54771911931118, 872.5595510822288], "RUNDC3A": [478.7422756903788, 179.5245028418792], "UNC93B1": [909.336348381207, 237.3903330869166], "SOX3": [905.7626908955035, 804.2557215070548], "SPTBN4": [524.5578863686312, 159.57814798353525], "KLF11": [880.999525976636, 83.97651506823422], "AP3B2": [961.742753162273, 829.998380901248], "PPFIA3": [811.539311887256, 758.8957886304661], "CCNA1": [880.3577594078479, 882.6820501299335], "ANK2": [608.2047074862696, 313.6803382155921], "ABCB1": [612.2259025260955, 258.1643888370202], "AL355711": [932.7206195139186, 866.0930451681246], "LINC00242": [58.284119849555054, 918.5058617062791], "ANXA1": [99.86702465755104, 879.2699828166399], "ASCL1": [561.8294902048137, 336.0468643662673], "GRIN2D": [892.0347030856497, 769.8044896276984], "OSR2": [560.7953935065548, 268.26503023588947], "CPLX2": [496.9187214318846, 242.51207488814367], "CPLX1": [836.231822369234, 881.2694468533147], "POU5F1": [989.8254150070616, 206.60527949726526], "P2RY2": [806.1916467540739, 731.2195595774334],