{"C3orf80": [465.6971955366815, 6.104075896769814], "TBX20": [641.5909957679986, 921.433126810535], "SCG3": [470.3698529412685, 133.54582341875698], "SCG2": [443.4003824720755, 200.55915428149223], "RAPGEF4": [624.0806589634356, 998.328938962399], "MARCH4": [321.6659400691939, 102.70672276218005], "MFAP4": [540.6998100189842, 59.140921074343396], "HPCA": [596.548418097803, 819.6054444514637], "APOC3": [469.585107772953, 489.3497360087407], "TMEM179": [586.6803493549364, 973.062087495711], "ROS1": [395.4057089496007, 451.48995170919216], "CPEB2": [674.3190742205348, 977.7691956304161], "FAM182B": [529.0369890128168, 465.64350372079747], "FNDC5": [525.9374739646254, 479.0489367707738], "CACNA1B": [477.26768187333, 0.0], "CACNA1C": [321.70510316749534, 81.72980704737947], "PTGER3": [408.8251683413225, 482.77841913353996], "THY1": [386.8917113222051, 93.1043162447971], "NECAB2": [546.5409948087777, 70.43204412118075], "CAPN9": [657.5090161692035, 999.414342629866], "IRX2": [500.565559007412, 1.4993131204773817], "JAKMIP1": [482.13957580553114, 507.29252191827106], "SPEF2": [451.5618471668633, 396.87706375400404], "ENPP1": [546.3063552830624, 42.51463239699632], "GC": [337.4029252078636, 44.74517781762606], "MT1E": [437.0685473589142, 515.9616470345641], "U50535": [384.38476918457354, 76.40786689128896], "KCTD12": [303.9647550663944, 151.99212147486367], "GPR1": [655.8074041424427, 928.7497169496912], "ADCY1": [452.9648413055214, 487.0166045277973], "C22orf42": [356.7094032348863, 76.95031245117985], "KIF5A": [650.9221498505568, 886.1653089711745], "SLC2A1": [373.91541438672874, 156.6446089079351], "SYP": [387.66772238785984, 112.4191706237064], "CYP26A1": [694.3836300253113, 978.6581561162686], "GPR119": [505.47058372466273, 490.60485937589056], "MANEAL": [596.3128744688477, 911.4173973617865], "SCN3B": [367.951539068593, 196.74487835182447], "INSRR": [516.5205482255352, 4.13760049592355], "IL10RA": [606.473264175862, 815.6243775585076], "STMN3": [466.12172524594723, 398.9065815006594], "GRIA2": [601.7608967736593, 925.4898107079084], "GNAO1": [308.8247925946757, 70.74157558789773], "ITGA4": [626.9855590680904, 857.4785489829449], "KLHL35": [511.60251701700196, 37.286623659454676], "FAXDC2": [715.8935639244626, 924.7894735943082], "CRYBA2": [518.7042656932555, 421.80217968363445], "CRH": [332.67926543905594, 60.69179404161497], "RSAD2": [481.94769366761074, 138.0362710970432], "TMEM132B": [471.6968227501187, 28.458803899827245], "ADAMTSL1": [676.9319518496501, 945.0219002721617], "AMER3": [699.9472688989199, 926.9006754048994], "MIAT": [578.4525215263781, 940.5102182564176], "TMEM189-UBE2V1": [579.140645894802, 957.1258576867729], "ZIC2": [480.52652194836537, 72.20922706967386], "HRH3": [561.7419495008726, 710.9684290220431], "CDK5R2": [646.678444512517, 986.6366125786385], "CRMP1": [510.70055125093654, 410.9758975271084], "SCT": [610.5464782072636, 992.5643920815694], "MT1G": [591.4594770479567, 958.3467172995793], "GCK": [679.6047575134405, 878.3793221457624], "DRC1": [365.327042795473, 53.2145239797276], "PTPRN2": [527.7713572635637, 93.43905943198334], "FOXJ1": [513.8711308386108, 480.981161239143], "G0S2": [540.9583890365124, 26.953277299577962], "TTC6": [416.3777216016348, 457.26745158353003], "KCNK16": [461.9554408415563, 511.5452480741223], "KCNK17": [497.12177769116533, 21.94609934219892], "THSD4": [486.09428155401207, 38.98529935445552], "UNC5A": [438.00784614492596, 478.1321675826014], "CHST8": [520.9097758803367, 24.820094783936725], "NFASC": [336.8108505165213, 109.20524697811175], "CNGA3": [299.65727055581084, 61.411252863778856], "GOLGA6C": [672.8925372088516, 911.019087687926], "DDC": [349.829984046615, 59.0425005866326], "ITPR1": [494.85005940051394, 508.8247557060711], "HMP19": [605.8055166777699, 866.566865246803], "PRDM14": [538.2206937997915, 81.5545392491112], "KCNH6": [285.41725774352005, 126.65632014987784], "ETV5": [521.3452411065244, 455.0419744900029], "DNAH7": [530.0913161245724, 445.0263446455434], "LHX8": [612.9956706230346, 898.8078386134366], "ELOVL2": [711.7063923739054, 954.709064255582], "TMEM196": [452.58508567122675, 431.8700578691421], "CACNA1A": [498.5529928514127, 433.0713400129012], "GAS1": [692.9259549068928, 881.7175800060911], "CD82": [643.6116974604244, 1000.0], "EFCAB6": [704.9945207703065, 968.0155505383723], "SOGA3": [509.17602033434486, 77.5333314333827], "A1CF": [646.754529166403, 964.8807708761506], "FOXC1": [712.3458634762258, 910.948312009861], "C2CD4B": [501.8560367630737, 449.7581186087092], "FSTL5": [700.5880566669423, 904.9773768383322], "GHRL": [322.4783978164228, 50.60763113879523], "VSTM2A": [456.22221920746017, 29.030732203524877], "MAPK11": [579.9635965258017, 924.7419059594145], "SMPD3": [438.07397234172396, 403.07106012017823], "BTBD11": [685.2755638640658, 969.0219765085794], "HTRA1": [284.6629096490549, 99.02276857098735], "SSTR5-AS1": [503.0159830395664, 55.10022825121507], "SLC25A53": [414.38033338223124, 417.17936796444917], "GDAP1": [529.9617668236142, 14.029098634120714], "KRT81": [633.6817123648881, 897.3206941647306], "CBLN4": [506.56301973435876, 13.970448325881307], "CHRNB2": [499.23271406506717, 401.8661790379226], "SCPEP1": [401.8303121071905, 268.4293918659667], "BSN": [692.9468679819574, 956.3408591292546], "TNFSF8": [433.8629359867828, 432.11570965146166], "SLC8A1": [425.4704913853442, 409.17824291854924], "GPR83": [625.1815170144334, 932.953796042947], "SUCNR1": [598.1208627366045, 984.1831591646628], "C10orf10": [683.2156456268756, 987.8713820115115], "RPS6KL1": [399.61301252630136, 439.0828802780262], "CAMKV": [487.87434820116243, 7.228871825220779], "BC133018": [496.71196359704555, 466.78546248703736], "KCNIP1": [643.4103984900457, 869.6782463821471], "FEV": [356.7808946862667, 117.22160967535785], "SEZ6": [380.2933340152536, 192.1653225387971], "TMEM145": [461.26483056712146, 414.88392740350264], "UNC13A": [371.64271222287243, 70.2565744613851], "KCNH1": [284.10643607553743, 112.19465773035492], "GABRB2": [702.2625030412449, 892.11612975243], "C11orf87": [670.8474184642232, 995.4247227964092], "MAPK8IP2": [526.1334268107579, 52.78017850256941], "CNNM1": [659.6752768245126, 980.6656953815991], "RGS17": [510.0726973530355, 109.43524322760436], "XKR7": [629.5336153720459, 962.8377383578079], "KCNJ6": [660.3539100467054, 872.5513034447001], "GRIK3": [585.6682423227503, 907.0157886473319], "IGFALS": [507.1125635754999, 502.9202438360907], "SLC35D3": [492.77724430814453, 100.91883462268518], "GPD1": [289.9419536813727, 86.3293479689182], "KCNC2": [473.8229318559844, 517.7137236405047], "ANKH": [699.4934303866808, 942.7035510907324], "CHGA": [485.23218455848064, 402.44048941622384], "CHGB": [294.80785272571194, 75.43254077760125], "CKMT1A": [532.7347493878458, 37.62018137586111], "RUNDC3A": [348.2615759542683, 167.79055519845028], "MAP6": [450.8790288256043, 518.3340345236318], "GDAP1L1": [679.0821962237906, 894.5295921755871], "UCN3": [612.297332361771, 954.0926075086675], "SPTBN4": [381.655372414014, 133.86420561011894], "FBLL1": [353.2661017365373, 45.00942148603352], "RIMBP2": [330.89140290969976, 160.03202735996197], "ASCL1": [485.31573026554054, 481.27531949292626], "PLCXD3": [417.4021014577662, 505.73360335572465], "GRIN3A": [596.5845121543379, 889.1187362797052], "RGS5": [396.650104972833, 464.272108571294], "RGS2": [397.39159015552485, 477.1074856196316], "TUBA3FP": [423.5204748345319, 470.6711753900624], "ACOT12": [663.6278267460671, 958.2106728622314], "DISP2": [524.4947000329146, 433.24470843709355], "TTLL6": [594.712835285552, 946.1369246301415], "NR4A3": [464.2249953926884, 451.44188403149656], "RUNX1T1": [405.36167008878, 427.1542844859624], "FAM150B": [715.645776616587, 939.8832442400262], "BAIAP2L2": [455.33467263980276, 14.838971311545833], "CPLX2": [314.40643095590616, 57.947785373598435], "POU5F1": [325.4479801550624, 146.82237941474585], "RAB3A": [629.8715139415933, 987.0728363187291], "CALCA": [305.020256221212, 88.29681649223022],