{"TAP1": [329.98360579379136, 85.51140362568339], "AVPR1A": [633.7894243760462, 956.8514518665891], "SH3RF3-AS1": [584.1041688298856, 550.4181391768159], "AMBP": [402.5656905188071, 945.0874929124816], "PCBP3": [562.5311388749443, 542.2217618756465], "EPB41L4B": [429.4780434318746, 80.87266995237115], "GPAT2": [572.0573955114586, 976.1487538774194], "CDRT4": [436.8847619555699, 954.7603457394478], "HEPACAM2": [658.2387672114287, 561.3197173794786], "ZFAND4": [563.8202251108406, 424.58320698734565], "APOC3": [643.3178683821804, 950.8325126868749], "APCDD1": [413.28450700119527, 17.974679943514616], "AGT": [401.1016184753124, 935.5143373088181], "TMEM171": [429.07797955376566, 899.8091915527452], "LHX1": [392.06804083977767, 10.758670083055335], "PGBD5": [443.3079739173921, 940.1885199484276], "SAMD15": [413.75504106765305, 892.0913285883736], "LINC00305": [466.5023254472753, 884.8709653006802], "RGS5": [388.91448592251584, 927.7763854360754], "FAM182B": [668.6137411735046, 559.9378472530924], "GADD45A": [580.0764964189228, 962.873403405315], "CACNA1B": [424.4915549500014, 49.51731584610798], "POPDC3": [568.222097891044, 509.9773668440961], "ADRA2A": [398.53743803271027, 926.7038919144269], "LYZ": [360.72155484873343, 16.004700166356542], "GADD45G": [427.8354456046722, 98.53312015108997], "DLGAP1": [646.8273706775271, 517.7310827295909], "NAALAD2": [380.72291702374, 24.505295851293567], "RELN": [618.8387365129491, 495.48319171878336], "ATP6V0D2": [428.02283826568885, 23.47478455096791], "THY1": [441.46101898103365, 895.7962264874668], "SV2B": [559.3230773590326, 507.2809122132243], "WDR66": [413.4971757121042, 921.8941243076151], "MYT1": [585.630562097132, 653.1518265022553], "CALCRL": [433.2119272553644, 52.27705862616608], "HLA-DPB1": [343.04561847675916, 52.67617951455941], "SLITRK2": [357.2632697993539, 60.294073979726704], "SLC38A3": [400.80251959325614, 46.958904651091075], "SLITRK1": [456.59161971514794, 875.1655517581623], "HOXD4": [422.2748850117782, 874.1139107607472], "PCSK6": [562.4818562479434, 530.1618347442433], "LRRC6": [607.7433857633531, 997.3708922159099], "NR4A2": [451.0443186277382, 913.4053841050759], "FLI1": [611.8792609051111, 530.6372414969621], "SP5": [555.0882149774635, 521.5801246552659], "BCAT1": [438.7537453034809, 40.88354946563129], "GSTA1": [348.88754238252943, 89.3181129849749], "EHF": [418.8024169289795, 946.7305230594291], "POSTN": [577.4375810425402, 506.79441391019117], "CALCA": [659.3883864108428, 508.8595079604002], "OCA2": [633.8378474365541, 967.4717855552171], "ADAMTS20": [575.773733095691, 489.35447586684603], "CACNA2D3": [660.1524703596477, 519.7054432892], "TSPAN8": [326.05663853674565, 34.7467298859558], "ATP2B2": [410.77662400550844, 962.8297089864315], "GATA3": [668.6685251792384, 515.2981437032497], "C5orf38": [647.8908265461324, 526.7001132909191], "GPR3": [377.1605211070578, 118.85409953426375], "NME5": [580.3688856299467, 651.6644891176265], "SOCS1": [563.8173127269781, 942.0259238343793], "PLD1": [421.69437793393905, 938.8854124532363], "MPV17L": [615.3577062299322, 973.4459340332864], "CCND1": [439.9023541294592, 963.6149145890712], "ROBO2": [391.5807454331989, 909.5310296901587], "MAGED4": [610.16493095155, 557.696911440136], "SGCD": [594.5449192905065, 539.967303221716], "MAMLD1": [599.6208815545174, 560.5692810761818], "ANGPTL4": [393.2079134604898, 33.53822441178556], "NPY": [400.8386576849471, 10.326976573706816], "DRC1": [420.146875361063, 956.5112320929135], "HGFAC": [649.5626376288853, 576.717913990709], "PTAFR": [349.29587287602754, 112.75023300960936], "SLC19A2": [444.06570819730615, 870.1083269178517], "SCN3A": [573.7132656019431, 531.5596166313387], "HHIPL1": [641.3097499354968, 582.3114479207406], "ANKRD50": [596.3390763147621, 481.9980266091706], "KCNJ8": [622.8497171559983, 572.4657611944413], "MYRIP": [368.74792861078504, 25.802282309770135], "ELAVL3": [422.8152730037433, 90.76755998287734], "SLC7A7": [370.6187569295647, 52.90437406496994], "KCNG2": [613.216892153034, 571.5371725627522], "C9orf50": [456.5572875346973, 969.7956806592181], "ITGA4": [612.1614270716397, 583.4422371186423], "ITGB3": [361.79327262687383, 7.752365556130485], "RRAS": [590.2076617942159, 517.5903306452929], "C1QL3": [635.0071358631133, 519.448430630603], "CNTN5": [640.3614744985605, 472.08508440227956], "CRH": [647.8072722033494, 496.4712362675585], "PRRT2": [342.90744345451384, 106.28498661122097], "C11orf96": [632.8611398174074, 507.6046675226564], "HPSE2": [435.4563849781789, 880.817726922532], "TSGA10IP": [321.75230022203857, 43.59147994098282], "PRLR": [601.6097333237917, 494.6814493439114], "AMER2": [379.1916029056672, 35.835758921423235], "AMER3": [580.82398181691, 496.0262895992314], "APOH": [642.4012644121899, 960.3797083250648], "BICC1": [427.1744556787225, 971.1507873685844], "MIAT": [477.86780454756564, 906.0064702553618], "C6orf141": [448.8993483724759, 964.8406135406094], "GNG5": [677.2120680703897, 521.1016093803892], "GRM8": [356.3947352115781, 103.13725817706165], "RNF135": [389.0910600425533, 917.9231251879228], "SYT14": [321.63790716048317, 72.78134836922538], "HOXB3": [353.73279641417463, 21.428075396521194], "GRM4": [412.5677155969533, 877.529769481841], "DLX5": [642.1277429369679, 535.0280813688636], "ANKRD18A": [590.1248117323219, 489.88821235647595], "KCTD12": [449.79910564754323, 881.4842988133074], "NRTN": [580.7043138132128, 576.872059037776], "SH2D3C": [564.19680361316, 985.2793126708261], "SEZ6L": [581.1556002978579, 538.6120189597882], "FOXJ1": [406.3715190385432, 903.8860789697376], "G0S2": [678.3417793004623, 530.6436937532729], "KLHL35": [398.94393197745137, 2.7793655015939294], "GFOD2": [570.1033821124013, 966.0987151523514], "AREG": [612.9795624249145, 469.8769811522834], "HOXB2": [585.9945155557646, 937.9485588648125], "KCNK17": [375.7170691823483, 1.8002661595794507], "VGF": [609.2086562436534, 906.3863081756622], "UNC5A": [341.27886052766524, 43.405497540709575], "LMX1A": [630.6562155627637, 547.3850268323718], "TFCP2L1": [359.09552349098436, 90.6182975835411], "C1orf53": [422.8571696946136, 32.99632221479146], "BCRP3": [633.3728580899284, 496.7941417461438], "SLC26A4": [574.2798945514093, 554.5340269115139], "ACO1": [584.601048470246, 464.5489522503804], "CORO2B": [643.2656801841615, 488.11368215312706], "RAB26": [375.448513997564, 99.41881841240388], "CHST5": [647.7585282900625, 477.1319978588244], "GALNT3": [417.87875487038957, 106.50428191193646], "BCAN": [625.903794441454, 951.7397496008556], "OLFML2B": [563.7927449918329, 557.1553925561118], "PRDM14": [590.2130618211876, 502.4975881049915], "SCUBE1": [422.70716436783914, 884.2445820199894], "MTHFD2": [589.6622167700366, 562.8766341176316], "LRIG1": [381.5826735786526, 14.4721915318421], "TNP1": [598.9641954243389, 906.817971645334], "GLYATL2": [673.3581344832171, 506.1868798716093], "CD274": [441.6624205555989, 53.87624630892469], "NPAS3": [588.0979962724613, 598.3262819346039], "TCN1": [342.056407579714, 93.17686161062204], "TNFAIP3": [566.6118085024189, 493.8120332959211], "INSM1": [621.9024769653686, 585.2462854034487], "GPR179": [387.4801846040325, 118.4697918184014], "RRAD": [602.7161680219823, 511.2489584113132], "KLHL41": [632.0945479421862, 574.5335133150107], "MYBPC3": [357.0331428378924, 29.844161875863392], "ITGAM": [572.6456311849352, 995.6244165619021], "HECW2": [663.5736844843725, 546.6917518983215], "SLC28A3": [556.8835308762998, 965.9224693085451], "LDB2": [647.4788635911689, 559.5032538642129], "CHRNB2": [655.0712824790301, 481.16242343687577], "RXFP3": [608.623295634582, 986.200383093948], "RTN4RL2": [393.32182306006, 901.4617943074129], "WNT3A": [619.3997127139284, 909.334497401587], "ACTA2": [584.1297933223022, 480.70684537774923], "C2CD4B": [436.6305208869109, 972.1985231777551], "RSPH1": [401.3900696802807, 98.9743944243088], "NPFFR2": [471.6658547548066, 936.1392751921566], "MYC": [596.1246077997426, 582.3065558510439], "EPHA8": [412.5496232705152, 931.8439592687711],