{"HIF3A": [107.72076850396616, 991.5018915847197], "FLVCR2": [909.3985031535088, 121.73973336232126], "LINC00176": [475.7809938556412, 539.2178986277431], "MPC2": [607.4355522225865, 519.2269853883266], "CKB": [51.29454883902969, 869.9601751660693], "FAM222A": [597.4217820136644, 586.4569864582644], "MYL4": [116.29823493640549, 872.7008199230856], "L1CAM": [361.3792975807692, 711.174338871926], "MAFB": [940.4865728478837, 32.6909944638719], "RARB": [534.81072250377, 561.0340518185128], "GADD45G": [940.4093148080254, 124.814101972949], "FAM114A1": [919.6608371242405, 138.99822798027873], "MARVELD1": [587.3333369166478, 504.70663333576954], "FAM95A": [607.7190135720391, 609.129640552513], "ISG15": [83.09276440205011, 975.7289798882609], "MYC": [906.6670474023128, 8.353937031953592], "FGG": [115.53938163179146, 834.7985184873701], "FGB": [598.6766074371121, 624.7779523320102], "RNF135": [219.9537909569911, 852.8107356116664], "HLA-DPB1": [508.98938395684536, 624.5878447961], "ENTPD3": [76.4262680457295, 842.5077584898215], "LIPG": [488.92903655384964, 499.2532663847467], "ARHGEF19": [131.79741741573844, 953.220522502297], "GLB1L2": [582.4134969663602, 632.8372701866829], "LEFTY1": [462.99896241361205, 582.2620264831056], "EHF": [62.0140486560893, 847.6437325522375], "HRK": [924.987760652206, 44.34540407813847], "CXCL5": [563.3657344095309, 539.4275244546614], "NKX6-2": [98.57957532663264, 816.3581964651748], "GPR3": [138.59742694960124, 936.32959033624], "NME5": [116.11852497551635, 811.8576946164294], "KAZALD1": [449.4622357686576, 643.2387315411058], "SOCS1": [874.8703352303377, 19.66700615433973], "RFX4": [463.16647195606345, 526.0394086556045], "HCN2": [115.26660483291602, 971.7820769100374], "PKIA": [523.6165555327873, 585.3820359339192], "PPFIBP2": [490.9452445094183, 513.1826708535561], "AHR": [160.8931332070064, 945.4988309100556], "SPEG": [614.456354825797, 595.3743051721414], "SLC19A2": [215.301743378411, 901.9249890596166], "GRIK2": [154.2795122461266, 981.0913134003056], "HHIPL1": [528.374072719774, 634.820227089225], "TNFSF15": [858.0970761498074, 57.433502565159074], "MYO18B": [888.9001969627255, 3.147709718439387], "SCHIP1": [205.04619749964743, 868.9445695432294], "CHL1": [45.3867769600468, 890.1264074557236], "TMEM185A": [621.0286448792895, 540.1909403084197], "AHNAK": [844.1229845369025, 81.03026798146021], "FOS": [926.0874870029475, 114.65997941660709], "SOHLH2": [587.5092992894754, 608.7609617304346], "THBS1": [207.50552725373342, 952.948541010426], "PNPLA3": [498.9368973097893, 531.2331909450337], "SAMD5": [464.20184333576907, 551.5453811037288], "IGF2-AS": [98.35524507271123, 978.5182069757502], "GUCY1A2": [136.57980465669473, 977.0335046831851], "HRH2": [127.54310399432293, 1000.0], "TNFRSF9": [871.4208394559562, 38.77971908647913], "CEACAM6": [52.800356698203586, 926.4566284637217], "NPPB": [841.4053086767242, 5.679986160898977], "CCDC50": [821.6673536715382, 94.25133569064747], "PDLIM3": [801.9221061933417, 52.84992366431942], "UNC5C": [169.67038682371123, 995.0601094637959], "LMX1B": [528.7318412678052, 480.22296197214246], "VEGFC": [174.6474780479838, 977.9030539254422], "PTPN3": [238.48429565230003, 809.8843563209824], "AFP": [181.58737454894384, 946.0316851484395], "CMSS1": [540.2734441148614, 509.12037275083156], "GALNT3": [948.5932664401445, 109.06544108742867], "EGLN3": [904.9494371695179, 148.43991986348], "PMP22": [503.583095836114, 558.2485342653531], "KCNH1": [908.0936641746727, 74.84534391336683], "LRIG1": [937.6428223711499, 76.51662138638642], "MYBPC3": [606.0337193391533, 547.666981165321], "SHISA3": [231.527370956171, 895.5770189613993], "GAS1": [120.14497248333066, 919.4583264944001], "FOXC2": [151.65545737947676, 894.8397248475421], "NXPH4": [824.2747187981611, 18.587749018697423], "TMEM88": [200.1609406863521, 979.8954617510763], "RCAN1": [855.6383937171122, 14.137073069123801], "ONECUT2": [810.9516903163144, 34.069835810493544], "JAZF1": [85.86615868860176, 960.0582346507454], "TBX3": [867.5833742943628, 91.21488711257655], "NPHP1": [133.95122781906065, 810.4269299673473], "PTAFR": [203.1015864407949, 833.3511581981741], "GRASP": [565.4824847701622, 639.0192003972961], "IL1A": [485.5563360078488, 619.2466848382098], "FLT1": [133.9971051572905, 833.2051240943487], "NEURL1B": [95.61961575420776, 854.7895757516734], "AREG": [589.5758573530553, 484.877094728323], "CATSPERG": [564.357123577824, 476.02913606441825], "GDAP1": [953.6478684663066, 92.8286342922982], "ZNF385B": [599.4075060524399, 532.0556875224229], "SMTNL2": [561.4591633021439, 617.5415829162246], "FOSL2": [148.70483894577046, 845.5380021338248], "TCF24": [231.74209957978482, 937.1959939761849], "DNHD1": [870.1795205287558, 144.05238928091137], "ANKRD29": [581.0378644615112, 521.3740921239757], "LAMA3": [439.79321486076935, 629.2159462098075], "ESRRB": [580.5767976768916, 561.3073260571356], "CCBE1": [95.58773304334608, 937.8166383899149], "COMP": [66.58657115324218, 862.5079560734495], "MCAM": [60.94447778420016, 884.5869341785167], "KIAA1045": [59.64514041200266, 948.872305801365], "MFAP3L": [65.17784356606552, 903.0419409561471], "GRAMD1C": [151.55902587392254, 961.5447186113281], "LRIG3": [556.1150149418754, 492.1446640769938], "ANKS1A": [571.7285511518537, 501.47621106465226], "HEY1": [936.0022521081025, 59.57768074364782], "GALNT14": [123.41581263910786, 893.9307305382769], "RAB33A": [326.00333097183, 743.2323328831321], "ID4": [143.36293138253959, 997.5778998785917], "LMO3": [505.8525067946157, 483.6460624428881], "NRARP": [167.22806668773885, 820.6100697584635], "ID1": [913.4374094042015, 29.832360255141168], "NTM": [187.3279618075022, 848.5881586511618], "RAB17": [831.4189430380455, 44.14562349606899], "IER5": [121.86486510192495, 986.6458966106914], "LPAR3": [921.9837675002184, 88.89927600697081], "CPN1": [540.638253031922, 523.2536251435553], "HAPLN1": [546.9808205084743, 638.8340247148562], "CFC1": [834.3165236121713, 127.68630862327183], "NKD1": [867.7378730363538, 0.0], "TGFB3": [223.88836369298858, 951.7494588973875], "GPRIN1": [954.6132230399531, 73.97140537972098], "PRSS1": [472.1152889547966, 507.72133492705086], "MOXD1": [89.14370787691786, 899.1223065573405], "SOX9": [195.72178251216494, 900.7063478763916], "BAALC": [686.4350507750502, 346.01135625228153], "MYBL1": [94.22829439823659, 877.9406531632948], "FBLL1": [97.15146485308864, 837.8674802195095], "PARM1": [575.3980003150098, 587.3693051867673], "RAB3IL1": [844.4570146206233, 28.98994313211938], "CEBPA": [46.86260887268884, 909.8760647328793], "KLF10": [64.67927347122804, 932.6004830436459], "PLEKHF1": [803.0541083548194, 73.28590052443502], "ATP13A3": [109.66343074401351, 949.3478047725604], "NPAS4": [598.9250809909868, 568.5195158088779], "TLN2": [624.773779065487, 560.2526105391504], "FUT5": [138.9796265224163, 865.7432695850995], "DNASE1": [852.3178380785454, 137.51886734710922], "SLIT3": [529.1330667201901, 611.2865579718778], "LIPH": [74.89138877436253, 889.989884583068], "LRRIQ1": [949.6886993440145, 52.330952897197676], "JAG1": [900.8242726843928, 54.61542567929706], "SPINK1": [194.93080666370034, 920.9774571584256], "TTLL7": [186.7062860684709, 990.4764826919794], "TMEM51-AS1": [211.7165499403165, 968.9022558210423], "CALCRL": [606.7824477948111, 443.5635764159074], "NR4A3": [151.3381530934029, 813.7735436236898], "ATP10D": [618.8838895342496, 450.0163662941004], "NIPAL4": [84.76524225903017, 828.5318490561706], "SERPINA3": [220.2421100535392, 880.3866625128848], "EBF2": [887.8648781408218, 143.74172129750463], "SSBP2": [212.69086065415877, 927.7749369790693], "NRP2": [174.33951076619272, 836.6401649161882], "TAP1": [231.0310744887583, 920.7887129596941], "SLC20A1": [499.20347846382066, 594.9494196226472], "TBL1X": [623.428736947988, 578.7247347789461], "PLEKHG4": [819.5296398867197, 62.064205638661804], "LACC1": [76.9325978054689, 915.8705289710938], "MPPED1": [925.401342547842, 17.110756093495013], "CD163": [818.3759330767036, 113.54553499430216],