{"CDH11": [879.3031371030763, 849.7237735003837], "NGF": [818.5749372354196, 932.4123307491627], "AVPR1A": [1000.0000000000001, 762.3327337346719], "FJX1": [715.5582198875759, 730.5756324421645], "NUAK1": [755.8518349015739, 924.2772211156373], "MYBL1": [309.9889448399681, 169.84708560395507], "IFFO2": [846.1071128523715, 628.4693221182506], "KIAA1653": [936.2744808075101, 721.7596305060204], "UNC93B1": [28.755200878812843, 325.9814043339502], "BDNF": [0.0, 197.8196951312126], "NAALADL2": [267.9849894605075, 93.27017960991105], "CARNS1": [22.543051622275016, 135.67573906041395], "KLF11": [187.45367582044997, 237.358482534766], "PGBD5": [80.34985317003031, 281.64572086854713], "NR2F1": [121.19334741963587, 125.97076217631792], "PDZD8": [701.836528480104, 897.406824579458], "CLIP3": [806.8161505241926, 856.2648255383629], "NEXN": [882.3455910847747, 916.8761944837122], "CASR": [65.52747958341746, 84.2108782435073], "DUSP4": [134.20143152074104, 68.2882914632159], "IRX3": [792.6174616019438, 727.5817995687433], "KIAA1683": [293.63084737622233, 333.9219399477453], "GFOD2": [765.7568343866689, 651.5274416074867], "LIPH": [931.5185053122177, 787.9851046159363], "SCN8A": [636.4814256510894, 716.5619836653876], "TFCP2L1": [905.3948789470292, 574.090054357233], "C1QTNF1": [969.6365160770812, 828.6381678461844], "TNFRSF21": [996.1542495018767, 689.1805984036005], "SHOX2": [677.2365434109184, 638.1554743511999], "MERTK": [339.0360734143181, 281.7914008920883], "SLC25A25": [828.414124874697, 556.3487750442878], "PTPN3": [634.1679123823291, 793.3235290620146], "SLC15A1": [747.063227214507, 578.1719747569872], "FOXN3": [200.97156495879278, 135.8603079902827], "KCNJ6": [253.71080515023635, 230.3667039616881], "LRRC32": [424.3940654910907, 421.99709007097755], "NOG": [196.63944768406787, 67.58766925083722], "TFPI2": [85.66558037048088, 350.64889009326635], "KCNK12": [909.8889827826763, 659.782541225807], "NECAB1": [925.308974920241, 860.537236502932], "PTGES3L-AARSD1": [658.9502048232227, 854.2921386285019], "PANX2": [78.98924236559719, 199.78768975267678], "CPN1": [754.5445883649595, 801.5174071726759], "AX747167": [1.7438369570618306, 263.662514373206], "TMEM151A": [964.3592640781187, 622.0362813089034]}