{"AVPR1B": [363.196828061773, 517.4261555419199], "TGM2": [399.1227150717255, 559.7114727672665], "MPC2": [531.4381456137626, 468.0959788936116], "PCSK2": [877.4266938610931, 169.45521844363014], "PCSK6": [911.2261551493541, 183.15889167521362], "GSTA1": [503.6458155356453, 422.5001240350241], "CD36": [367.4026458501198, 424.09219423666696], "SYNPR": [423.26540174971194, 574.3512527757866], "HPSE2": [197.2719344721682, 756.2066709044666], "CACNA2D1": [849.7207547028928, 127.57956070729654], "LHX6": [448.8578137318143, 486.6169652507963], "AK092048": [878.1234770173241, 104.315109050047], "PTGER4": [2.5056626239490924, 821.3727384896866], "ADAMTS9": [900.883137893746, 106.75314903650593], "NAV3": [462.40621627022534, 442.5550547613192], "GUCY1A2": [922.9369969954505, 279.0835504223724], "NAALAD2": [482.8245523721083, 472.3308790717949], "MFAP3L": [773.2214282085483, 269.07374749964805], "MYT1": [6.175001161303044, 771.1888982808689], "RMST": [409.1968081859377, 521.8352092936277], "LIPG": [860.2807495344493, 278.02819027478836], "CRTAM": [72.54398019141411, 890.3183752309062], "SERP2": [500.8491038471234, 565.3661016437882], "MEG3": [20.824734930053637, 748.5574786874366], "SLC15A1": [83.76357821763384, 728.910672985396], "NME5": [431.4760472835477, 429.8445576899931], "KCTD16": [878.7987863325884, 296.2923488159544], "CCND1": [878.5939131314599, 134.10169896299158], "ROBO2": [960.8069376489431, 228.19816914233263], "NRXN1": [807.4979553055884, 156.1401171308363], "SCGN": [993.5388978414219, 224.6333972184059], "GNG5": [966.4718595166424, 278.8786918512739], "GNG2": [475.82055507400764, 407.6953876139202], "ACOX3": [922.6484604256092, 108.63924509894923], "GRIK2": [911.4125939858568, 250.32297459108355], "IL20RA": [900.058109099147, 308.0186774931433], "NGF": [808.7892172487559, 180.58495230209292], "C3orf67": [354.0335693227921, 492.8635481384361], "LPPR5": [560.5170418064957, 432.32872538141663], "CNTN6": [935.6604430464611, 156.45576807781316], "SLC25A30": [523.9563901039957, 549.2092463546844], "ACADL": [937.0829460425426, 124.13619767145786], "CPA2": [451.69789043541675, 395.347627063347], "MEIS2": [685.5285818181451, 338.7570679757427], "PNPLA3": [936.8896503039393, 207.13457710660117], "PALMD": [824.6716126747266, 141.37972848145995], "GRAP2": [944.8667842349992, 260.83440707629853], "MYPN": [512.5962162116157, 488.05503033836663], "DCHS2": [30.005381688802686, 871.0218750735986], "VGF": [378.3864208774675, 540.3078791836845], "UNC5A": [969.2871995873336, 144.61804736144433], "CCDC3": [113.82919803654863, 882.190775235875], "SHB": [51.44340095412258, 763.5935856317005], "IGFBP7": [924.8787872456711, 310.2563733958308], "HOXA-AS4": [547.6570858161127, 410.99671326466387], "ST8SIA5": [992.1555335737253, 180.21332982403646], "CDHR3": [908.0845011606015, 141.70146255591897], "SCN3A": [467.6295166604418, 551.0496051264377], "HECW2": [944.7243098254105, 297.9906333803259], "NXPH4": [403.0585247382712, 437.839837333016], "FJX1": [984.8270128510271, 266.5026420589623], "TENM2": [148.69331073753415, 705.3881680248361], "TXNIP": [250.03949264779948, 651.7125428845133], "BTBD11": [853.7654250908674, 107.6686157587273], "MECOM": [106.45298361075811, 790.4996270377433], "DUSP4": [69.62621050046562, 852.5647380618947], "DLC1": [18.421918971663217, 850.5977528297354], "RXRG": [436.8549112096863, 541.5102740491818], "CALB1": [351.7523179601137, 468.22994251890793], "LINC00907": [261.2806879974082, 662.970244863186], "RGS17": [35.97007678308353, 791.8666506626971], "COMMD3-BMI1": [972.4610163499935, 206.0666319469915], "F5": [97.770982587508, 840.5851417505188], "CAPSL": [356.2936847533697, 444.659974782915], "CADM2": [150.8016532482631, 797.532757528327], "PAPPA2": [0.0, 796.1255937735671], "UNC80": [180.27518050715412, 738.1772200010565], "CXXC5": [983.513961542123, 243.0070940838164], "COL21A1": [957.0312112249655, 178.09651075212815], "MYO16": [807.1625542935028, 233.3630799272904], "CDH11": [383.2304819780214, 406.960013372733], "HS3ST5": [645.6717282989686, 364.0432442292749], "CDH12": [403.9171784985834, 396.21400939535744], "CAMK1D": [131.51008808571964, 844.0130854794052], "SYNPO2": [983.5803404639339, 160.08965466975587], "PCOLCE2": [846.5236246050397, 160.25341702126326], "MAP2": [51.72636957923385, 736.0594720116559], "FOXO1": [173.68976447901457, 818.5758592796427], "LOC100996634": [167.17803872101774, 719.4603130407726], "DSCAM": [43.95549321774524, 845.1359188532382], "SMOC2": [496.80233747359097, 540.736242771619], "FBLL1": [129.8194770717962, 869.8555611481778], "RAP1GAP": [391.71509832687786, 493.4993039070305], "LYPD1": [785.9620901828508, 289.8302392116383], "NEFM": [816.7028840653014, 205.21376901301028], "PLCXD3": [388.6067387220358, 462.9831765280156], "SLIT1": [522.7998625625657, 525.0902620514966], "SPINK1": [477.418758494552, 574.8001821496379], "SPON1": [450.10800883816194, 581.9202639565086], "POU3F4": [880.2575906679499, 218.16350051280347], "SLCO2A1": [1000.0, 202.3175118988026], "CES1": [94.92924227447645, 895.6848909499529], "MAN1C1": [104.01938334605802, 736.8429451584068], "RAB3C": [25.627603903930435, 816.286197409981], "FFAR4": [157.9265897046795, 858.8805825629411], "LOC283731": [831.3129083190752, 273.15249112714497], "CYB5A": [50.69874976195456, 883.112983744099], "ZFR2": [957.7630345020932, 126.91173132377571], "COL6A3": [427.12980920148846, 391.3427071626858]}