{"TAP1": [967.6137342862372, 221.36671473466814], "SLC6A2": [499.9920592758171, 574.3975552377649], "HSF4": [50.77295689728908, 878.570794495745], "DL492557": [559.3009374314012, 674.9495396702102], "FAM222A": [885.8710920862345, 253.90417707858467], "TBX20": [995.9260615865704, 228.0084291584309], "CDRT4": [961.9338941914998, 152.94154616343195], "NKX2-8": [511.64879585325855, 606.6548885989127], "JPH4": [556.7570825261637, 648.1553919091627], "TMEM179": [435.7987408588521, 584.8239154350407], "NKX2-2": [77.2776405522452, 808.8632367344283], "FBLN2": [871.4743004558111, 241.54090230259968], "AGT": [478.2076265249946, 560.8724519169522], "BCL6": [920.2952293681356, 163.02367040431398], "LIX1": [529.6652644303178, 672.999223598664], "ADRA2A": [993.9794713946301, 173.95129621234088], "CA8": [16.714938710971296, 813.1239071198224], "CGREF1": [962.8672139467535, 134.52753895665984], "C5orf46": [445.6027395243475, 606.6818819465745], "CDH5": [40.55830730483001, 833.5788958098874], "NECAB2": [490.81441229798884, 634.2609924444574], "GLT8D2": [584.4756017220143, 605.2419957090253], "SLITRK6": [969.9118204144168, 266.707066972885], "SLCO3A1": [49.320620528728455, 752.7685228839516], "CDH20": [947.932552477057, 148.36458522914205], "HOXD1": [83.20741517653659, 877.1284076809704], "WNK4": [998.1452217686949, 187.50040656273893], "CXCL14": [56.78520117679591, 858.7412467087731], "CXCL1": [934.6908739180587, 122.43896966819275], "CXCL5": [918.3075306168402, 119.92842933213183], "RFX4": [911.4589548298363, 275.02512589783714], "FAM155B": [88.61585767418728, 846.762589968164], "MEGF10": [468.109204796761, 672.9196627481726], "SLC2A1": [951.4974037760043, 263.02293747010617], "GNG3": [110.84785314864263, 856.7016689428287], "WNT7A": [468.09843772961887, 545.4301755927563], "ID4": [549.1779351376966, 622.3533611322017], "AK308605": [68.27062493213123, 775.6866655163689], "MARCH3": [481.4292024306537, 681.6198607923488], "ACVR1C": [492.43655721799206, 531.8346110108945], "ATP2A3": [450.2360869320088, 589.8922241199408], "MAGED4": [0.0, 819.7541058267261], "CELF4": [974.0473825589299, 144.50090158888315], "LPPR4": [513.002921210581, 688.9302811198586], "SLC25A30": [958.4437787475088, 248.80305461669502], "MAFA": [911.6218624328826, 209.1065497005582], "HSD17B2": [67.11809671330639, 880.0715706678681], "CYP11A1": [545.8175937224388, 683.4548093725753], "AK097012": [91.5805687392612, 777.2440522455174], "PKDREJ": [731.8486992451781, 388.2462015884891], "PAMR1": [543.7449803777381, 640.3240251796872], "MFSD2A": [851.2188161467506, 155.85791250271078], "EGR4": [585.1687314018093, 637.554780100257], "HSBP1L1": [859.9933187019133, 186.0593709253244], "KCNK16": [864.845971711523, 170.56860000509894], "ZIC5": [510.1417558262943, 530.9940707893006], "ZIC2": [518.5194706887438, 541.4745056326323], "RNF135": [546.6281923067042, 545.0619660612057], "ANGPT2": [975.5273069059668, 178.80074786012995], "ANXA13": [951.3615030350886, 190.80027580895916], "CLDN5": [514.0557240761473, 674.7143578611715], "DRC1": [73.38273054128581, 856.4625186968013], "FOXJ1": [589.0954671659428, 621.8289557938672], "DCHS2": [895.466460114735, 133.51298825010622], "PODN": [558.0546577889269, 554.829451588146], "HOXB2": [538.9885318397136, 601.9745264649787], "MN1": [840.4625378388903, 189.0320782639297], "C1orf53": [920.1203855589845, 135.69965281459403], "MMD2": [843.9595867805913, 171.52188361808422], "DCDC2": [902.674481384093, 121.74655228587693], "BCAN": [935.4919042396126, 169.1110013320315], "ANG": [975.434832317649, 164.26203685876305], "DEPTOR": [894.6252602759594, 152.22346890608492], "NLRP3": [847.8787992687439, 254.70054864516726], "LRIG1": [875.58056254865, 129.91677458982664], "IRF4": [34.659491162289896, 873.3917508786187], "GPR179": [560.0010931549701, 595.7312342569987], "MAOB": [496.19423334579494, 687.7387419742571], "MYBPC3": [841.4078303376929, 208.10683089974572], "HOXA9": [859.6087280862914, 203.6849767058221], "SPOCK2": [980.4509412110654, 255.54297193562638], "SLC18A1": [948.317548534772, 235.2814753652731], "C8orf31": [456.01909052442886, 625.664035720547], "BAAT": [951.3172642176546, 173.7915050812163], "C8orf34": [934.7926529640567, 141.06830450831472], "RTN4RL2": [533.2928383258798, 552.4909824497637], "ANKRD37": [977.497412872923, 193.9051836090884], "KIF19": [10.173230816053774, 849.4681390288852], "SH3GL2": [929.2721128850408, 231.01513985996436], "TBC1D8": [976.5292976698598, 234.62126665306647], "TP63": [994.8301953423802, 200.59974862178368], "AJ420422": [86.11593621790496, 761.0553658073864], "AFAP1L2": [988.3550256052174, 159.98459701621405], "SMIM5": [478.82019216369974, 588.8508019880428], "FAM21B": [101.72342393382996, 830.3793627258533], "CCDC74B": [484.0282164791238, 660.8271595813828], "NMNAT2": [525.8520678959809, 647.7320882150382], "RAB17": [868.4412974523432, 274.37076958232933], "FGD5": [116.95377966210543, 818.1495042171464], "CCBE1": [52.98163548519392, 817.4389563375332], "ASCL2": [47.62933264495666, 777.4442187135415], "SSX2IP": [400.7074475331144, 647.8475828847265], "AK054990": [463.25576995383904, 563.1318058111284], "FRMPD1": [119.48577267449372, 838.53041130426], "KCNB2": [545.0347804881558, 663.4228167514541], "BDKRB2": [912.921533379848, 148.20382957133225], "RAB33A": [894.2302480380571, 272.7238803770466], "F5": [897.1866889074086, 241.30969308086512], "AX748395": [30.763861249903016, 783.5596570401696], "CAPSL": [33.13932990584294, 813.2969156119838], "PAPPA2": [565.597186094592, 631.5649283624044], "SSTR1": [988.8514073265637, 242.43720182601012], "SOWAHA": [437.4284816267972, 633.0145447491084], "SUCNR1": [983.1025313141906, 221.03268829869822], "SLC35D3": [955.6679150021826, 276.15662525007644], "LPAR3": [879.1362804014507, 142.48087398431787], "HAPLN1": [98.17111935969945, 869.5989938788316], "STEAP4": [428.07119476897054, 614.3089237620867], "CPED1": [529.7636731731099, 687.7864554701541], "SMN1": [461.04057438037137, 608.04240302667], "KCNC2": [20.55330765888675, 863.0367332895685], "CD55": [498.81848780457585, 668.3131904793474], "TMEM257": [447.65218214327217, 560.3700270024776], "PLAUR": [6.434894089614886, 783.1683775662885], "MAP2": [0.1350369836717391, 801.5452363856666], "SOX9": [311.45146580703755, 698.9461146572988], "DSCAM": [570.0779753366778, 664.1257703350568], "SOX3": [405.5321477531795, 659.0026105414195], "PLEKHN1": [552.2015675306737, 569.4534579815993], "GRID2": [863.8814974474734, 222.73336628268817], "SERTAD4": [520.0470832353155, 564.9388324954086], "CRABP2": [40.27828481670167, 855.7817327964967], "CEBPD": [27.73658337075142, 843.8582645964541], "NEFM": [507.5183790857596, 645.1622340976384], "MMRN1": [454.1094642644912, 644.9061887869357], "TM4SF1": [67.77722013223467, 753.3760705889924], "PLCXD3": [568.7216875206246, 569.8853051206657], "ZAP70": [498.18676535399334, 547.654714667568], "SLC16A12": [32.45106587599901, 758.0249910170619], "MSX2": [472.1180243313715, 631.4335972634182], "CLRN3": [949.36765107981, 127.83696767558575], "MID1IP1": [456.6370451599238, 661.4288140577806], "DLX2": [892.1722142214026, 171.56485263995435], "ANXA1": [963.6827012167396, 201.15268809131766], "BEX1": [18.99978117584658, 796.2389230836241], "PDIA2": [571.8613443631416, 613.8658606627879], "EBF3": [578.7499411176816, 651.6379250786695], "RRN3P1": [933.1730315983307, 269.28868584526134], "RTEL1": [927.8936331689947, 252.85043888806644], "PGA4": [580.6859931627471, 579.4034257273493], "PGA3": [577.6692104476076, 593.3878495068078], "NEBL": [846.9937585994865, 228.9364137859137], "LACC1": [872.3060136915067, 156.80459901099007], "SEC11C": [17.780359219308707, 768.2494154242722], "EFCAB6": [887.9477074791348, 218.38835660207556], "LHFPL3-AS2": [5.349355540600641, 834.6722427694963], "RNF165": [926.5755480457707, 281.3838541853213], "PHGR1": [817.4734493272432, 295.2194848998901], "AK316321": [454.1871636179038, 575.4014218314323], "DRD2": [886.8282367485936, 192.43240184542856], "TFAP2A": [1000.0, 213.01986946675027],