{"IL13RA2": [469.09242966655796, 935.1029021034146], "AFAP1L2": [561.9262897261688, 15.362053225426052], "IL23A": [740.3003608867316, 297.0794422952545], "MARCH4": [336.05521268410314, 852.236041113094], "SCG3": [484.9175341830147, 181.37533375751633], "CPLX2": [353.34924946061784, 1000.0], "SCGN": [214.6980988470681, 937.5614324924038], "CNGA3": [814.0223437116283, 129.68424362319496], "MYT1L": [632.3562798563602, 195.66064555602645], "LPAR3": [541.1953188357436, 397.3879903741222], "C11orf87": [720.8512514192183, 5.684341886080802e-14], "NYAP1": [185.9776562883717, 807.8403058840127], "ST18": [379.8976755776966, 755.449725090419]}